{
"type": "FeatureCollection",
"name": "ITC-15 strings",
"bbox": [ 73.1443720, 28.1606296, 0.0000000, 73.1512343, 28.1649731, 0.0000000 ],                                                  
"features": [
{ "type": "Feature", "properties": { "id": "kml_1", "Name": "EDGE TRACKERS", "description": null, "timestamp": null, "begin": null, "end": null, "altitudeMode": null, "tessellate": -1, "extrude": 0, "visibility": -1, "drawOrder": null, "icon": null }, "bbox": [ 73.1475611, 28.1606296, 0.0, 73.1493412, 28.1630965, 0.0 ], "geometry": { "type": "MultiLineString", "coordinates": [ [ [ 73.1482782, 28.1624812, 0.0 ], [ 73.1483014, 28.1624815, 0.0 ], [ 73.1482961, 28.1627848, 0.0 ], [ 73.148273, 28.1627845, 0.0 ], [ 73.1482782, 28.1624812, 0.0 ] ], [ [ 73.1482222, 28.1624805, 0.0 ], [ 73.1482454, 28.1624808, 0.0 ], [ 73.1482402, 28.1627841, 0.0 ], [ 73.148217, 28.1627837, 0.0 ], [ 73.1482222, 28.1624805, 0.0 ] ], [ [ 73.1482729, 28.1627929, 0.0 ], [ 73.148296, 28.1627932, 0.0 ], [ 73.1482908, 28.1630965, 0.0 ], [ 73.1482676, 28.1630962, 0.0 ], [ 73.1482729, 28.1627929, 0.0 ] ], [ [ 73.1482169, 28.1627922, 0.0 ], [ 73.14824, 28.1627925, 0.0 ], [ 73.1482348, 28.1630957, 0.0 ], [ 73.1482117, 28.1630954, 0.0 ], [ 73.1482169, 28.1627922, 0.0 ] ], [ [ 73.1493181, 28.1606365, 0.0 ], [ 73.1493412, 28.1606368, 0.0 ], [ 73.149336, 28.16094, 0.0 ], [ 73.1493129, 28.1609397, 0.0 ], [ 73.1493181, 28.1606365, 0.0 ] ], [ [ 73.1492621, 28.1606357, 0.0 ], [ 73.1492852, 28.160636, 0.0 ], [ 73.14928, 28.1609393, 0.0 ], [ 73.1492569, 28.160939, 0.0 ], [ 73.1492621, 28.1606357, 0.0 ] ], [ [ 73.1493127, 28.1609481, 0.0 ], [ 73.1493359, 28.1609485, 0.0 ], [ 73.1493306, 28.1612517, 0.0 ], [ 73.1493075, 28.1612514, 0.0 ], [ 73.1493127, 28.1609481, 0.0 ] ], [ [ 73.1492567, 28.1609474, 0.0 ], [ 73.1492799, 28.1609477, 0.0 ], [ 73.1492747, 28.161251, 0.0 ], [ 73.1492515, 28.1612507, 0.0 ], [ 73.1492567, 28.1609474, 0.0 ] ], [ [ 73.1488702, 28.1606304, 0.0 ], [ 73.1488933, 28.1606307, 0.0 ], [ 73.1488881, 28.160934, 0.0 ], [ 73.1488649, 28.1609337, 0.0 ], [ 73.1488702, 28.1606304, 0.0 ] ], [ [ 73.1488142, 28.1606296, 0.0 ], [ 73.1488373, 28.16063, 0.0 ], [ 73.1488321, 28.1609332, 0.0 ], [ 73.1488089, 28.1609329, 0.0 ], [ 73.1488142, 28.1606296, 0.0 ] ], [ [ 73.1488648, 28.1609421, 0.0 ], [ 73.1488879, 28.1609424, 0.0 ], [ 73.1488827, 28.1612457, 0.0 ], [ 73.1488596, 28.1612454, 0.0 ], [ 73.1488648, 28.1609421, 0.0 ] ], [ [ 73.1488088, 28.1609413, 0.0 ], [ 73.1488319, 28.1609416, 0.0 ], [ 73.1488267, 28.1612449, 0.0 ], [ 73.1488036, 28.1612446, 0.0 ], [ 73.1488088, 28.1609413, 0.0 ] ], [ [ 73.1484116, 28.1612438, 0.0 ], [ 73.1484347, 28.1612441, 0.0 ], [ 73.1484295, 28.1615474, 0.0 ], [ 73.1484063, 28.1615471, 0.0 ], [ 73.1484116, 28.1612438, 0.0 ] ], [ [ 73.1483556, 28.1612431, 0.0 ], [ 73.1483787, 28.1612434, 0.0 ], [ 73.1483735, 28.1615466, 0.0 ], [ 73.1483503, 28.1615463, 0.0 ], [ 73.1483556, 28.1612431, 0.0 ] ], [ [ 73.1484062, 28.1615555, 0.0 ], [ 73.1484293, 28.1615558, 0.0 ], [ 73.1484241, 28.1618591, 0.0 ], [ 73.148401, 28.1618588, 0.0 ], [ 73.1484062, 28.1615555, 0.0 ] ], [ [ 73.1483502, 28.1615547, 0.0 ], [ 73.1483733, 28.1615551, 0.0 ], [ 73.1483681, 28.1618583, 0.0 ], [ 73.148345, 28.161858, 0.0 ], [ 73.1483502, 28.1615547, 0.0 ] ], [ [ 73.1477183, 28.1624737, 0.0 ], [ 73.1477414, 28.162474, 0.0 ], [ 73.1477362, 28.1627772, 0.0 ], [ 73.1477131, 28.1627769, 0.0 ], [ 73.1477183, 28.1624737, 0.0 ] ], [ [ 73.1476623, 28.1624729, 0.0 ], [ 73.1476854, 28.1624732, 0.0 ], [ 73.1476802, 28.1627765, 0.0 ], [ 73.1476571, 28.1627762, 0.0 ], [ 73.1476623, 28.1624729, 0.0 ] ], [ [ 73.1477129, 28.1627853, 0.0 ], [ 73.1477361, 28.1627857, 0.0 ], [ 73.1477308, 28.1630889, 0.0 ], [ 73.1477077, 28.1630886, 0.0 ], [ 73.1477129, 28.1627853, 0.0 ] ], [ [ 73.1476569, 28.1627846, 0.0 ], [ 73.1476801, 28.1627849, 0.0 ], [ 73.1476749, 28.1630882, 0.0 ], [ 73.1476517, 28.1630879, 0.0 ], [ 73.1476569, 28.1627846, 0.0 ] ], [ [ 73.1476277, 28.1612332, 0.0 ], [ 73.1476508, 28.1612335, 0.0 ], [ 73.1476456, 28.1615368, 0.0 ], [ 73.1476224, 28.1615365, 0.0 ], [ 73.1476277, 28.1612332, 0.0 ] ], [ [ 73.1475717, 28.1612325, 0.0 ], [ 73.1475948, 28.1612328, 0.0 ], [ 73.1475896, 28.161536, 0.0 ], [ 73.1475664, 28.1615357, 0.0 ], [ 73.1475717, 28.1612325, 0.0 ] ], [ [ 73.1476223, 28.1615449, 0.0 ], [ 73.1476454, 28.1615452, 0.0 ], [ 73.1476402, 28.1618485, 0.0 ], [ 73.1476171, 28.1618482, 0.0 ], [ 73.1476223, 28.1615449, 0.0 ] ], [ [ 73.1475663, 28.1615441, 0.0 ], [ 73.1475894, 28.1615445, 0.0 ], [ 73.1475842, 28.1618477, 0.0 ], [ 73.1475611, 28.1618474, 0.0 ], [ 73.1475663, 28.1615441, 0.0 ] ] ] } },
{ "type": "Feature", "properties": { "id": "kml_25", "Name": "TRACKERS", "description": null, "timestamp": null, "begin": null, "end": null, "altitudeMode": null, "tessellate": -1, "extrude": 0, "visibility": -1, "drawOrder": null, "icon": null }, "bbox": [ 73.144372, 28.1606312, 0.0, 73.1512343, 28.1649731, 0.0 ], "geometry": { "type": "MultiLineString", "coordinates": [ [ [ 73.1480649, 28.1618587, 0.0 ], [ 73.1480881, 28.161859, 0.0 ], [ 73.1480828, 28.1621623, 0.0 ], [ 73.1480597, 28.162162, 0.0 ], [ 73.1480649, 28.1618587, 0.0 ] ], [ [ 73.1480089, 28.161858, 0.0 ], [ 73.1480321, 28.1618583, 0.0 ], [ 73.1480268, 28.1621616, 0.0 ], [ 73.1480037, 28.1621612, 0.0 ], [ 73.1480089, 28.161858, 0.0 ] ], [ [ 73.1480596, 28.1621704, 0.0 ], [ 73.1480827, 28.1621707, 0.0 ], [ 73.1480775, 28.162474, 0.0 ], [ 73.1480543, 28.1624737, 0.0 ], [ 73.1480596, 28.1621704, 0.0 ] ], [ [ 73.1480036, 28.1621697, 0.0 ], [ 73.1480267, 28.16217, 0.0 ], [ 73.1480215, 28.1624732, 0.0 ], [ 73.1479983, 28.1624729, 0.0 ], [ 73.1480036, 28.1621697, 0.0 ] ], [ [ 73.1475157, 28.1612317, 0.0 ], [ 73.1475388, 28.161232, 0.0 ], [ 73.1475336, 28.1615353, 0.0 ], [ 73.1475104, 28.161535, 0.0 ], [ 73.1475157, 28.1612317, 0.0 ] ], [ [ 73.1474597, 28.1612309, 0.0 ], [ 73.1474828, 28.1612312, 0.0 ], [ 73.1474776, 28.1615345, 0.0 ], [ 73.1474545, 28.1615342, 0.0 ], [ 73.1474597, 28.1612309, 0.0 ] ], [ [ 73.1475103, 28.1615434, 0.0 ], [ 73.1475334, 28.1615437, 0.0 ], [ 73.1475282, 28.161847, 0.0 ], [ 73.1475051, 28.1618466, 0.0 ], [ 73.1475103, 28.1615434, 0.0 ] ], [ [ 73.1474543, 28.1615426, 0.0 ], [ 73.1474774, 28.1615429, 0.0 ], [ 73.1474722, 28.1618462, 0.0 ], [ 73.1474491, 28.1618459, 0.0 ], [ 73.1474543, 28.1615426, 0.0 ] ], [ [ 73.1482889, 28.1618618, 0.0 ], [ 73.148312, 28.1618621, 0.0 ], [ 73.1483068, 28.1621653, 0.0 ], [ 73.1482837, 28.162165, 0.0 ], [ 73.1482889, 28.1618618, 0.0 ] ], [ [ 73.1482329, 28.161861, 0.0 ], [ 73.148256, 28.1618613, 0.0 ], [ 73.1482508, 28.1621646, 0.0 ], [ 73.1482277, 28.1621643, 0.0 ], [ 73.1482329, 28.161861, 0.0 ] ], [ [ 73.1482835, 28.1621734, 0.0 ], [ 73.1483067, 28.1621738, 0.0 ], [ 73.1483014, 28.162477, 0.0 ], [ 73.1482783, 28.1624767, 0.0 ], [ 73.1482835, 28.1621734, 0.0 ] ], [ [ 73.1482275, 28.1621727, 0.0 ], [ 73.1482507, 28.162173, 0.0 ], [ 73.1482455, 28.1624763, 0.0 ], [ 73.1482223, 28.162476, 0.0 ], [ 73.1482275, 28.1621727, 0.0 ] ], [ [ 73.1483902, 28.1624827, 0.0 ], [ 73.1484134, 28.1624831, 0.0 ], [ 73.1484081, 28.1627863, 0.0 ], [ 73.148385, 28.162786, 0.0 ], [ 73.1483902, 28.1624827, 0.0 ] ], [ [ 73.1483342, 28.162482, 0.0 ], [ 73.1483574, 28.1624823, 0.0 ], [ 73.1483521, 28.1627856, 0.0 ], [ 73.148329, 28.1627853, 0.0 ], [ 73.1483342, 28.162482, 0.0 ] ], [ [ 73.1483849, 28.1627944, 0.0 ], [ 73.148408, 28.1627947, 0.0 ], [ 73.1484028, 28.163098, 0.0 ], [ 73.1483796, 28.1630977, 0.0 ], [ 73.1483849, 28.1627944, 0.0 ] ], [ [ 73.1483289, 28.1627937, 0.0 ], [ 73.148352, 28.162794, 0.0 ], [ 73.1483468, 28.1630973, 0.0 ], [ 73.1483236, 28.1630969, 0.0 ], [ 73.1483289, 28.1627937, 0.0 ] ], [ [ 73.1485022, 28.1624843, 0.0 ], [ 73.1485253, 28.1624846, 0.0 ], [ 73.1485201, 28.1627878, 0.0 ], [ 73.148497, 28.1627875, 0.0 ], [ 73.1485022, 28.1624843, 0.0 ] ], [ [ 73.1484462, 28.1624835, 0.0 ], [ 73.1484693, 28.1624838, 0.0 ], [ 73.1484641, 28.1627871, 0.0 ], [ 73.148441, 28.1627868, 0.0 ], [ 73.1484462, 28.1624835, 0.0 ] ], [ [ 73.1484968, 28.1627959, 0.0 ], [ 73.14852, 28.1627963, 0.0 ], [ 73.1485148, 28.1630995, 0.0 ], [ 73.1484916, 28.1630992, 0.0 ], [ 73.1484968, 28.1627959, 0.0 ] ], [ [ 73.1484409, 28.1627952, 0.0 ], [ 73.148464, 28.1627955, 0.0 ], [ 73.1484588, 28.1630988, 0.0 ], [ 73.1484356, 28.1630985, 0.0 ], [ 73.1484409, 28.1627952, 0.0 ] ], [ [ 73.1486142, 28.1624858, 0.0 ], [ 73.1486373, 28.1624861, 0.0 ], [ 73.1486321, 28.1627894, 0.0 ], [ 73.148609, 28.162789, 0.0 ], [ 73.1486142, 28.1624858, 0.0 ] ], [ [ 73.1485582, 28.162485, 0.0 ], [ 73.1485813, 28.1624853, 0.0 ], [ 73.1485761, 28.1627886, 0.0 ], [ 73.148553, 28.1627883, 0.0 ], [ 73.1485582, 28.162485, 0.0 ] ], [ [ 73.1486088, 28.1627975, 0.0 ], [ 73.148632, 28.1627978, 0.0 ], [ 73.1486267, 28.163101, 0.0 ], [ 73.1486036, 28.1631007, 0.0 ], [ 73.1486088, 28.1627975, 0.0 ] ], [ [ 73.1485528, 28.1627967, 0.0 ], [ 73.148576, 28.162797, 0.0 ], [ 73.1485707, 28.1631003, 0.0 ], [ 73.1485476, 28.1631, 0.0 ], [ 73.1485528, 28.1627967, 0.0 ] ], [ [ 73.1487475, 28.1612484, 0.0 ], [ 73.1487706, 28.1612487, 0.0 ], [ 73.1487654, 28.1615519, 0.0 ], [ 73.1487423, 28.1615516, 0.0 ], [ 73.1487475, 28.1612484, 0.0 ] ], [ [ 73.1486915, 28.1612476, 0.0 ], [ 73.1487146, 28.1612479, 0.0 ], [ 73.1487094, 28.1615512, 0.0 ], [ 73.1486863, 28.1615509, 0.0 ], [ 73.1486915, 28.1612476, 0.0 ] ], [ [ 73.1487421, 28.16156, 0.0 ], [ 73.1487653, 28.1615604, 0.0 ], [ 73.1487601, 28.1618636, 0.0 ], [ 73.1487369, 28.1618633, 0.0 ], [ 73.1487421, 28.16156, 0.0 ] ], [ [ 73.1486862, 28.1615593, 0.0 ], [ 73.1487093, 28.1615596, 0.0 ], [ 73.1487041, 28.1618629, 0.0 ], [ 73.1486809, 28.1618626, 0.0 ], [ 73.1486862, 28.1615593, 0.0 ] ], [ [ 73.1487368, 28.1618678, 0.0 ], [ 73.14876, 28.1618681, 0.0 ], [ 73.1487548, 28.1621714, 0.0 ], [ 73.1487316, 28.1621711, 0.0 ], [ 73.1487368, 28.1618678, 0.0 ] ], [ [ 73.1486809, 28.1618671, 0.0 ], [ 73.148704, 28.1618674, 0.0 ], [ 73.1486988, 28.1621706, 0.0 ], [ 73.1486756, 28.1621703, 0.0 ], [ 73.1486809, 28.1618671, 0.0 ] ], [ [ 73.1487315, 28.1621795, 0.0 ], [ 73.1487546, 28.1621798, 0.0 ], [ 73.1487494, 28.1624831, 0.0 ], [ 73.1487263, 28.1624828, 0.0 ], [ 73.1487315, 28.1621795, 0.0 ] ], [ [ 73.1486755, 28.1621787, 0.0 ], [ 73.1486986, 28.1621791, 0.0 ], [ 73.1486934, 28.1624823, 0.0 ], [ 73.1486703, 28.162482, 0.0 ], [ 73.1486755, 28.1621787, 0.0 ] ], [ [ 73.1487262, 28.1624873, 0.0 ], [ 73.1487493, 28.1624876, 0.0 ], [ 73.1487441, 28.1627909, 0.0 ], [ 73.148721, 28.1627906, 0.0 ], [ 73.1487262, 28.1624873, 0.0 ] ], [ [ 73.1486702, 28.1624865, 0.0 ], [ 73.1486933, 28.1624868, 0.0 ], [ 73.1486881, 28.1627901, 0.0 ], [ 73.148665, 28.1627898, 0.0 ], [ 73.1486702, 28.1624865, 0.0 ] ], [ [ 73.1487208, 28.162799, 0.0 ], [ 73.1487439, 28.1627993, 0.0 ], [ 73.1487387, 28.1631026, 0.0 ], [ 73.1487156, 28.1631022, 0.0 ], [ 73.1487208, 28.162799, 0.0 ] ], [ [ 73.1486648, 28.1627982, 0.0 ], [ 73.148688, 28.1627985, 0.0 ], [ 73.1486827, 28.1631018, 0.0 ], [ 73.1486596, 28.1631015, 0.0 ], [ 73.1486648, 28.1627982, 0.0 ] ], [ [ 73.1486942, 28.1643457, 0.0 ], [ 73.1487173, 28.164346, 0.0 ], [ 73.1487121, 28.1646493, 0.0 ], [ 73.148689, 28.1646489, 0.0 ], [ 73.1486942, 28.1643457, 0.0 ] ], [ [ 73.1486382, 28.1643449, 0.0 ], [ 73.1486613, 28.1643452, 0.0 ], [ 73.1486561, 28.1646485, 0.0 ], [ 73.148633, 28.1646482, 0.0 ], [ 73.1486382, 28.1643449, 0.0 ] ], [ [ 73.1486888, 28.1646574, 0.0 ], [ 73.148712, 28.1646577, 0.0 ], [ 73.1487067, 28.1649609, 0.0 ], [ 73.1486836, 28.1649606, 0.0 ], [ 73.1486888, 28.1646574, 0.0 ] ], [ [ 73.1486328, 28.1646566, 0.0 ], [ 73.148656, 28.1646569, 0.0 ], [ 73.1486507, 28.1649602, 0.0 ], [ 73.1486276, 28.1649599, 0.0 ], [ 73.1486328, 28.1646566, 0.0 ] ], [ [ 73.1487049, 28.1637262, 0.0 ], [ 73.148728, 28.1637265, 0.0 ], [ 73.1487228, 28.1640298, 0.0 ], [ 73.1486996, 28.1640295, 0.0 ], [ 73.1487049, 28.1637262, 0.0 ] ], [ [ 73.1486489, 28.1637255, 0.0 ], [ 73.148672, 28.1637258, 0.0 ], [ 73.1486668, 28.164029, 0.0 ], [ 73.1486436, 28.1640287, 0.0 ], [ 73.1486489, 28.1637255, 0.0 ] ], [ [ 73.1486995, 28.1640379, 0.0 ], [ 73.1487226, 28.1640382, 0.0 ], [ 73.1487174, 28.1643415, 0.0 ], [ 73.1486943, 28.1643412, 0.0 ], [ 73.1486995, 28.1640379, 0.0 ] ], [ [ 73.1486435, 28.1640371, 0.0 ], [ 73.1486666, 28.1640375, 0.0 ], [ 73.1486614, 28.1643407, 0.0 ], [ 73.1486383, 28.1643404, 0.0 ], [ 73.1486435, 28.1640371, 0.0 ] ], [ [ 73.1487155, 28.1631067, 0.0 ], [ 73.1487387, 28.1631071, 0.0 ], [ 73.1487334, 28.1634103, 0.0 ], [ 73.1487103, 28.16341, 0.0 ], [ 73.1487155, 28.1631067, 0.0 ] ], [ [ 73.1486595, 28.163106, 0.0 ], [ 73.1486827, 28.1631063, 0.0 ], [ 73.1486774, 28.1634096, 0.0 ], [ 73.1486543, 28.1634093, 0.0 ], [ 73.1486595, 28.163106, 0.0 ] ], [ [ 73.1487102, 28.1634184, 0.0 ], [ 73.1487333, 28.1634187, 0.0 ], [ 73.1487281, 28.163722, 0.0 ], [ 73.1487049, 28.1637217, 0.0 ], [ 73.1487102, 28.1634184, 0.0 ] ], [ [ 73.1486542, 28.1634177, 0.0 ], [ 73.1486773, 28.163418, 0.0 ], [ 73.1486721, 28.1637213, 0.0 ], [ 73.1486489, 28.1637209, 0.0 ], [ 73.1486542, 28.1634177, 0.0 ] ], [ [ 73.1512005, 28.1619011, 0.0 ], [ 73.1512237, 28.1619014, 0.0 ], [ 73.1512185, 28.1622047, 0.0 ], [ 73.1511953, 28.1622044, 0.0 ], [ 73.1512005, 28.1619011, 0.0 ] ], [ [ 73.1511445, 28.1619003, 0.0 ], [ 73.1511677, 28.1619007, 0.0 ], [ 73.1511625, 28.1622039, 0.0 ], [ 73.1511393, 28.1622036, 0.0 ], [ 73.1511445, 28.1619003, 0.0 ] ], [ [ 73.1511952, 28.1622128, 0.0 ], [ 73.1512183, 28.1622131, 0.0 ], [ 73.1512131, 28.1625164, 0.0 ], [ 73.15119, 28.1625161, 0.0 ], [ 73.1511952, 28.1622128, 0.0 ] ], [ [ 73.1511392, 28.162212, 0.0 ], [ 73.1511623, 28.1622123, 0.0 ], [ 73.1511571, 28.1625156, 0.0 ], [ 73.151134, 28.1625153, 0.0 ], [ 73.1511392, 28.162212, 0.0 ] ], [ [ 73.1512112, 28.1612816, 0.0 ], [ 73.1512343, 28.1612819, 0.0 ], [ 73.1512291, 28.1615852, 0.0 ], [ 73.151206, 28.1615849, 0.0 ], [ 73.1512112, 28.1612816, 0.0 ] ], [ [ 73.1511552, 28.1612809, 0.0 ], [ 73.1511783, 28.1612812, 0.0 ], [ 73.1511731, 28.1615845, 0.0 ], [ 73.15115, 28.1615842, 0.0 ], [ 73.1511552, 28.1612809, 0.0 ] ], [ [ 73.1512058, 28.1615933, 0.0 ], [ 73.151229, 28.1615936, 0.0 ], [ 73.1512237, 28.1618969, 0.0 ], [ 73.1512006, 28.1618966, 0.0 ], [ 73.1512058, 28.1615933, 0.0 ] ], [ [ 73.1511498, 28.1615926, 0.0 ], [ 73.151173, 28.1615929, 0.0 ], [ 73.1511678, 28.1618961, 0.0 ], [ 73.1511446, 28.1618958, 0.0 ], [ 73.1511498, 28.1615926, 0.0 ] ], [ [ 73.1510886, 28.1618996, 0.0 ], [ 73.1511117, 28.1618999, 0.0 ], [ 73.1511065, 28.1622032, 0.0 ], [ 73.1510833, 28.1622029, 0.0 ], [ 73.1510886, 28.1618996, 0.0 ] ], [ [ 73.1510326, 28.1618988, 0.0 ], [ 73.1510557, 28.1618991, 0.0 ], [ 73.1510505, 28.1622024, 0.0 ], [ 73.1510273, 28.1622021, 0.0 ], [ 73.1510326, 28.1618988, 0.0 ] ], [ [ 73.1510832, 28.1622113, 0.0 ], [ 73.1511063, 28.1622116, 0.0 ], [ 73.1511011, 28.1625149, 0.0 ], [ 73.151078, 28.1625145, 0.0 ], [ 73.1510832, 28.1622113, 0.0 ] ], [ [ 73.1510272, 28.1622105, 0.0 ], [ 73.1510503, 28.1622108, 0.0 ], [ 73.1510451, 28.1625141, 0.0 ], [ 73.151022, 28.1625138, 0.0 ], [ 73.1510272, 28.1622105, 0.0 ] ], [ [ 73.1510992, 28.1612801, 0.0 ], [ 73.1511223, 28.1612804, 0.0 ], [ 73.1511171, 28.1615837, 0.0 ], [ 73.151094, 28.1615834, 0.0 ], [ 73.1510992, 28.1612801, 0.0 ] ], [ [ 73.1510432, 28.1612794, 0.0 ], [ 73.1510663, 28.1612797, 0.0 ], [ 73.1510611, 28.161583, 0.0 ], [ 73.151038, 28.1615826, 0.0 ], [ 73.1510432, 28.1612794, 0.0 ] ], [ [ 73.1510938, 28.1615918, 0.0 ], [ 73.151117, 28.1615921, 0.0 ], [ 73.1511118, 28.1618954, 0.0 ], [ 73.1510886, 28.1618951, 0.0 ], [ 73.1510938, 28.1615918, 0.0 ] ], [ [ 73.1510379, 28.1615911, 0.0 ], [ 73.151061, 28.1615914, 0.0 ], [ 73.1510558, 28.1618946, 0.0 ], [ 73.1510326, 28.1618943, 0.0 ], [ 73.1510379, 28.1615911, 0.0 ] ], [ [ 73.1509766, 28.1618981, 0.0 ], [ 73.1509997, 28.1618984, 0.0 ], [ 73.1509945, 28.1622017, 0.0 ], [ 73.1509714, 28.1622013, 0.0 ], [ 73.1509766, 28.1618981, 0.0 ] ], [ [ 73.1509206, 28.1618973, 0.0 ], [ 73.1509437, 28.1618976, 0.0 ], [ 73.1509385, 28.1622009, 0.0 ], [ 73.1509154, 28.1622006, 0.0 ], [ 73.1509206, 28.1618973, 0.0 ] ], [ [ 73.1509712, 28.1622098, 0.0 ], [ 73.1509943, 28.1622101, 0.0 ], [ 73.1509891, 28.1625133, 0.0 ], [ 73.150966, 28.162513, 0.0 ], [ 73.1509712, 28.1622098, 0.0 ] ], [ [ 73.1509152, 28.162209, 0.0 ], [ 73.1509383, 28.1622093, 0.0 ], [ 73.1509331, 28.1625126, 0.0 ], [ 73.15091, 28.1625123, 0.0 ], [ 73.1509152, 28.162209, 0.0 ] ], [ [ 73.1509872, 28.1612786, 0.0 ], [ 73.1510103, 28.1612789, 0.0 ], [ 73.1510051, 28.1615822, 0.0 ], [ 73.150982, 28.1615819, 0.0 ], [ 73.1509872, 28.1612786, 0.0 ] ], [ [ 73.1509312, 28.1612779, 0.0 ], [ 73.1509544, 28.1612782, 0.0 ], [ 73.1509491, 28.1615814, 0.0 ], [ 73.150926, 28.1615811, 0.0 ], [ 73.1509312, 28.1612779, 0.0 ] ], [ [ 73.1509819, 28.1615903, 0.0 ], [ 73.151005, 28.1615906, 0.0 ], [ 73.1509998, 28.1618939, 0.0 ], [ 73.1509766, 28.1618936, 0.0 ], [ 73.1509819, 28.1615903, 0.0 ] ], [ [ 73.1509259, 28.1615895, 0.0 ], [ 73.150949, 28.1615899, 0.0 ], [ 73.1509438, 28.1618931, 0.0 ], [ 73.1509207, 28.1618928, 0.0 ], [ 73.1509259, 28.1615895, 0.0 ] ], [ [ 73.1508433, 28.1631355, 0.0 ], [ 73.1508664, 28.1631358, 0.0 ], [ 73.1508612, 28.1634391, 0.0 ], [ 73.1508381, 28.1634388, 0.0 ], [ 73.1508433, 28.1631355, 0.0 ] ], [ [ 73.1507873, 28.1631347, 0.0 ], [ 73.1508104, 28.1631351, 0.0 ], [ 73.1508052, 28.1634383, 0.0 ], [ 73.1507821, 28.163438, 0.0 ], [ 73.1507873, 28.1631347, 0.0 ] ], [ [ 73.1508379, 28.1634472, 0.0 ], [ 73.150861, 28.1634475, 0.0 ], [ 73.1508558, 28.1637508, 0.0 ], [ 73.1508327, 28.1637505, 0.0 ], [ 73.1508379, 28.1634472, 0.0 ] ], [ [ 73.1507819, 28.1634464, 0.0 ], [ 73.1508051, 28.1634467, 0.0 ], [ 73.1507998, 28.16375, 0.0 ], [ 73.1507767, 28.1637497, 0.0 ], [ 73.1507819, 28.1634464, 0.0 ] ], [ [ 73.1508646, 28.1618966, 0.0 ], [ 73.1508877, 28.1618969, 0.0 ], [ 73.1508825, 28.1622001, 0.0 ], [ 73.1508594, 28.1621998, 0.0 ], [ 73.1508646, 28.1618966, 0.0 ] ], [ [ 73.1508086, 28.1618958, 0.0 ], [ 73.1508317, 28.1618961, 0.0 ], [ 73.1508265, 28.1621994, 0.0 ], [ 73.1508034, 28.1621991, 0.0 ], [ 73.1508086, 28.1618958, 0.0 ] ], [ [ 73.1508592, 28.1622083, 0.0 ], [ 73.1508824, 28.1622086, 0.0 ], [ 73.1508771, 28.1625118, 0.0 ], [ 73.150854, 28.1625115, 0.0 ], [ 73.1508592, 28.1622083, 0.0 ] ], [ [ 73.1508032, 28.1622075, 0.0 ], [ 73.1508264, 28.1622078, 0.0 ], [ 73.1508211, 28.1625111, 0.0 ], [ 73.150798, 28.1625108, 0.0 ], [ 73.1508032, 28.1622075, 0.0 ] ], [ [ 73.1508752, 28.1612771, 0.0 ], [ 73.1508984, 28.1612774, 0.0 ], [ 73.1508931, 28.1615807, 0.0 ], [ 73.15087, 28.1615804, 0.0 ], [ 73.1508752, 28.1612771, 0.0 ] ], [ [ 73.1508192, 28.1612763, 0.0 ], [ 73.1508424, 28.1612767, 0.0 ], [ 73.1508372, 28.1615799, 0.0 ], [ 73.150814, 28.1615796, 0.0 ], [ 73.1508192, 28.1612763, 0.0 ] ], [ [ 73.1508699, 28.1615888, 0.0 ], [ 73.150893, 28.1615891, 0.0 ], [ 73.1508878, 28.1618924, 0.0 ], [ 73.1508647, 28.1618921, 0.0 ], [ 73.1508699, 28.1615888, 0.0 ] ], [ [ 73.1508139, 28.161588, 0.0 ], [ 73.150837, 28.1615883, 0.0 ], [ 73.1508318, 28.1618916, 0.0 ], [ 73.1508087, 28.1618913, 0.0 ], [ 73.1508139, 28.161588, 0.0 ] ], [ [ 73.1507313, 28.163134, 0.0 ], [ 73.1507544, 28.1631343, 0.0 ], [ 73.1507492, 28.1634376, 0.0 ], [ 73.1507261, 28.1634373, 0.0 ], [ 73.1507313, 28.163134, 0.0 ] ], [ [ 73.1506753, 28.1631332, 0.0 ], [ 73.1506984, 28.1631335, 0.0 ], [ 73.1506932, 28.1634368, 0.0 ], [ 73.1506701, 28.1634365, 0.0 ], [ 73.1506753, 28.1631332, 0.0 ] ], [ [ 73.1507259, 28.1634457, 0.0 ], [ 73.1507491, 28.163446, 0.0 ], [ 73.1507438, 28.1637493, 0.0 ], [ 73.1507207, 28.1637489, 0.0 ], [ 73.1507259, 28.1634457, 0.0 ] ], [ [ 73.1506699, 28.1634449, 0.0 ], [ 73.1506931, 28.1634452, 0.0 ], [ 73.1506879, 28.1637485, 0.0 ], [ 73.1506647, 28.1637482, 0.0 ], [ 73.1506699, 28.1634449, 0.0 ] ], [ [ 73.1507419, 28.1625145, 0.0 ], [ 73.1507651, 28.1625148, 0.0 ], [ 73.1507599, 28.1628181, 0.0 ], [ 73.1507367, 28.1628178, 0.0 ], [ 73.1507419, 28.1625145, 0.0 ] ], [ [ 73.1506859, 28.1625138, 0.0 ], [ 73.1507091, 28.1625141, 0.0 ], [ 73.1507039, 28.1628173, 0.0 ], [ 73.1506807, 28.162817, 0.0 ], [ 73.1506859, 28.1625138, 0.0 ] ], [ [ 73.1507366, 28.1628262, 0.0 ], [ 73.1507597, 28.1628265, 0.0 ], [ 73.1507545, 28.1631298, 0.0 ], [ 73.1507314, 28.1631295, 0.0 ], [ 73.1507366, 28.1628262, 0.0 ] ], [ [ 73.1506806, 28.1628255, 0.0 ], [ 73.1507037, 28.1628258, 0.0 ], [ 73.1506985, 28.163129, 0.0 ], [ 73.1506754, 28.1631287, 0.0 ], [ 73.1506806, 28.1628255, 0.0 ] ], [ [ 73.1507526, 28.1618951, 0.0 ], [ 73.1507757, 28.1618954, 0.0 ], [ 73.1507705, 28.1621986, 0.0 ], [ 73.1507474, 28.1621983, 0.0 ], [ 73.1507526, 28.1618951, 0.0 ] ], [ [ 73.1506966, 28.1618943, 0.0 ], [ 73.1507197, 28.1618946, 0.0 ], [ 73.1507145, 28.1621979, 0.0 ], [ 73.1506914, 28.1621976, 0.0 ], [ 73.1506966, 28.1618943, 0.0 ] ], [ [ 73.1507472, 28.1622067, 0.0 ], [ 73.1507704, 28.1622071, 0.0 ], [ 73.1507652, 28.1625103, 0.0 ], [ 73.150742, 28.16251, 0.0 ], [ 73.1507472, 28.1622067, 0.0 ] ], [ [ 73.1506912, 28.162206, 0.0 ], [ 73.1507144, 28.1622063, 0.0 ], [ 73.1507092, 28.1625096, 0.0 ], [ 73.150686, 28.1625093, 0.0 ], [ 73.1506912, 28.162206, 0.0 ] ], [ [ 73.1507632, 28.1612756, 0.0 ], [ 73.1507864, 28.1612759, 0.0 ], [ 73.1507812, 28.1615792, 0.0 ], [ 73.150758, 28.1615789, 0.0 ], [ 73.1507632, 28.1612756, 0.0 ] ], [ [ 73.1507073, 28.1612748, 0.0 ], [ 73.1507304, 28.1612751, 0.0 ], [ 73.1507252, 28.1615784, 0.0 ], [ 73.150702, 28.1615781, 0.0 ], [ 73.1507073, 28.1612748, 0.0 ] ], [ [ 73.1507579, 28.1615873, 0.0 ], [ 73.150781, 28.1615876, 0.0 ], [ 73.1507758, 28.1618909, 0.0 ], [ 73.1507527, 28.1618905, 0.0 ], [ 73.1507579, 28.1615873, 0.0 ] ], [ [ 73.1507019, 28.1615865, 0.0 ], [ 73.150725, 28.1615868, 0.0 ], [ 73.1507198, 28.1618901, 0.0 ], [ 73.1506967, 28.1618898, 0.0 ], [ 73.1507019, 28.1615865, 0.0 ] ], [ [ 73.1506193, 28.1631325, 0.0 ], [ 73.1506424, 28.1631328, 0.0 ], [ 73.1506372, 28.1634361, 0.0 ], [ 73.1506141, 28.1634357, 0.0 ], [ 73.1506193, 28.1631325, 0.0 ] ], [ [ 73.1505633, 28.1631317, 0.0 ], [ 73.1505864, 28.163132, 0.0 ], [ 73.1505812, 28.1634353, 0.0 ], [ 73.1505581, 28.163435, 0.0 ], [ 73.1505633, 28.1631317, 0.0 ] ], [ [ 73.1506139, 28.1634442, 0.0 ], [ 73.1506371, 28.1634445, 0.0 ], [ 73.1506319, 28.1637477, 0.0 ], [ 73.1506087, 28.1637474, 0.0 ], [ 73.1506139, 28.1634442, 0.0 ] ], [ [ 73.1505579, 28.1634434, 0.0 ], [ 73.1505811, 28.1634437, 0.0 ], [ 73.1505759, 28.163747, 0.0 ], [ 73.1505527, 28.1637467, 0.0 ], [ 73.1505579, 28.1634434, 0.0 ] ], [ [ 73.15063, 28.162513, 0.0 ], [ 73.1506531, 28.1625133, 0.0 ], [ 73.1506479, 28.1628166, 0.0 ], [ 73.1506247, 28.1628163, 0.0 ], [ 73.15063, 28.162513, 0.0 ] ], [ [ 73.150574, 28.1625123, 0.0 ], [ 73.1505971, 28.1625126, 0.0 ], [ 73.1505919, 28.1628158, 0.0 ], [ 73.1505687, 28.1628155, 0.0 ], [ 73.150574, 28.1625123, 0.0 ] ], [ [ 73.1506246, 28.1628247, 0.0 ], [ 73.1506477, 28.162825, 0.0 ], [ 73.1506425, 28.1631283, 0.0 ], [ 73.1506194, 28.163128, 0.0 ], [ 73.1506246, 28.1628247, 0.0 ] ], [ [ 73.1505686, 28.1628239, 0.0 ], [ 73.1505917, 28.1628243, 0.0 ], [ 73.1505865, 28.1631275, 0.0 ], [ 73.1505634, 28.1631272, 0.0 ], [ 73.1505686, 28.1628239, 0.0 ] ], [ [ 73.1506406, 28.1618935, 0.0 ], [ 73.1506637, 28.1618939, 0.0 ], [ 73.1506585, 28.1621971, 0.0 ], [ 73.1506354, 28.1621968, 0.0 ], [ 73.1506406, 28.1618935, 0.0 ] ], [ [ 73.1505846, 28.1618928, 0.0 ], [ 73.1506077, 28.1618931, 0.0 ], [ 73.1506025, 28.1621964, 0.0 ], [ 73.1505794, 28.1621961, 0.0 ], [ 73.1505846, 28.1618928, 0.0 ] ], [ [ 73.1506352, 28.1622052, 0.0 ], [ 73.1506584, 28.1622055, 0.0 ], [ 73.1506532, 28.1625088, 0.0 ], [ 73.15063, 28.1625085, 0.0 ], [ 73.1506352, 28.1622052, 0.0 ] ], [ [ 73.1505793, 28.1622045, 0.0 ], [ 73.1506024, 28.1622048, 0.0 ], [ 73.1505972, 28.1625081, 0.0 ], [ 73.150574, 28.1625077, 0.0 ], [ 73.1505793, 28.1622045, 0.0 ] ], [ [ 73.1506513, 28.1612741, 0.0 ], [ 73.1506744, 28.1612744, 0.0 ], [ 73.1506692, 28.1615777, 0.0 ], [ 73.150646, 28.1615773, 0.0 ], [ 73.1506513, 28.1612741, 0.0 ] ], [ [ 73.1505953, 28.1612733, 0.0 ], [ 73.1506184, 28.1612736, 0.0 ], [ 73.1506132, 28.1615769, 0.0 ], [ 73.1505901, 28.1615766, 0.0 ], [ 73.1505953, 28.1612733, 0.0 ] ], [ [ 73.1506459, 28.1615858, 0.0 ], [ 73.150669, 28.1615861, 0.0 ], [ 73.1506638, 28.1618893, 0.0 ], [ 73.1506407, 28.161889, 0.0 ], [ 73.1506459, 28.1615858, 0.0 ] ], [ [ 73.1505899, 28.161585, 0.0 ], [ 73.150613, 28.1615853, 0.0 ], [ 73.1506078, 28.1618886, 0.0 ], [ 73.1505847, 28.1618883, 0.0 ], [ 73.1505899, 28.161585, 0.0 ] ], [ [ 73.1504967, 28.1637504, 0.0 ], [ 73.1505198, 28.1637507, 0.0 ], [ 73.1505146, 28.164054, 0.0 ], [ 73.1504914, 28.1640537, 0.0 ], [ 73.1504967, 28.1637504, 0.0 ] ], [ [ 73.1504407, 28.1637497, 0.0 ], [ 73.1504638, 28.16375, 0.0 ], [ 73.1504586, 28.1640533, 0.0 ], [ 73.1504355, 28.1640529, 0.0 ], [ 73.1504407, 28.1637497, 0.0 ] ], [ [ 73.1504913, 28.1640621, 0.0 ], [ 73.1505144, 28.1640624, 0.0 ], [ 73.1505092, 28.1643657, 0.0 ], [ 73.1504861, 28.1643654, 0.0 ], [ 73.1504913, 28.1640621, 0.0 ] ], [ [ 73.1504353, 28.1640614, 0.0 ], [ 73.1504584, 28.1640617, 0.0 ], [ 73.1504532, 28.1643649, 0.0 ], [ 73.1504301, 28.1643646, 0.0 ], [ 73.1504353, 28.1640614, 0.0 ] ], [ [ 73.1505073, 28.163131, 0.0 ], [ 73.1505304, 28.1631313, 0.0 ], [ 73.1505252, 28.1634345, 0.0 ], [ 73.1505021, 28.1634342, 0.0 ], [ 73.1505073, 28.163131, 0.0 ] ], [ [ 73.1504513, 28.1631302, 0.0 ], [ 73.1504745, 28.1631305, 0.0 ], [ 73.1504692, 28.1634338, 0.0 ], [ 73.1504461, 28.1634335, 0.0 ], [ 73.1504513, 28.1631302, 0.0 ] ], [ [ 73.150502, 28.1634426, 0.0 ], [ 73.1505251, 28.163443, 0.0 ], [ 73.1505199, 28.1637462, 0.0 ], [ 73.1504967, 28.1637459, 0.0 ], [ 73.150502, 28.1634426, 0.0 ] ], [ [ 73.150446, 28.1634419, 0.0 ], [ 73.1504691, 28.1634422, 0.0 ], [ 73.1504639, 28.1637455, 0.0 ], [ 73.1504407, 28.1637452, 0.0 ], [ 73.150446, 28.1634419, 0.0 ] ], [ [ 73.150518, 28.1625115, 0.0 ], [ 73.1505411, 28.1625118, 0.0 ], [ 73.1505359, 28.1628151, 0.0 ], [ 73.1505128, 28.1628148, 0.0 ], [ 73.150518, 28.1625115, 0.0 ] ], [ [ 73.150462, 28.1625107, 0.0 ], [ 73.1504851, 28.1625111, 0.0 ], [ 73.1504799, 28.1628143, 0.0 ], [ 73.1504568, 28.162814, 0.0 ], [ 73.150462, 28.1625107, 0.0 ] ], [ [ 73.1505126, 28.1628232, 0.0 ], [ 73.1505357, 28.1628235, 0.0 ], [ 73.1505305, 28.1631268, 0.0 ], [ 73.1505074, 28.1631265, 0.0 ], [ 73.1505126, 28.1628232, 0.0 ] ], [ [ 73.1504566, 28.1628224, 0.0 ], [ 73.1504797, 28.1628227, 0.0 ], [ 73.1504745, 28.163126, 0.0 ], [ 73.1504514, 28.1631257, 0.0 ], [ 73.1504566, 28.1628224, 0.0 ] ], [ [ 73.1505286, 28.161892, 0.0 ], [ 73.1505518, 28.1618923, 0.0 ], [ 73.1505465, 28.1621956, 0.0 ], [ 73.1505234, 28.1621953, 0.0 ], [ 73.1505286, 28.161892, 0.0 ] ], [ [ 73.1504726, 28.1618913, 0.0 ], [ 73.1504958, 28.1618916, 0.0 ], [ 73.1504905, 28.1621949, 0.0 ], [ 73.1504674, 28.1621945, 0.0 ], [ 73.1504726, 28.1618913, 0.0 ] ], [ [ 73.1505233, 28.1622037, 0.0 ], [ 73.1505464, 28.162204, 0.0 ], [ 73.1505412, 28.1625073, 0.0 ], [ 73.150518, 28.162507, 0.0 ], [ 73.1505233, 28.1622037, 0.0 ] ], [ [ 73.1504673, 28.162203, 0.0 ], [ 73.1504904, 28.1622033, 0.0 ], [ 73.1504852, 28.1625065, 0.0 ], [ 73.1504621, 28.1625062, 0.0 ], [ 73.1504673, 28.162203, 0.0 ] ], [ [ 73.1505393, 28.1612726, 0.0 ], [ 73.1505624, 28.1612729, 0.0 ], [ 73.1505572, 28.1615761, 0.0 ], [ 73.1505341, 28.1615758, 0.0 ], [ 73.1505393, 28.1612726, 0.0 ] ], [ [ 73.1504833, 28.1612718, 0.0 ], [ 73.1505064, 28.1612721, 0.0 ], [ 73.1505012, 28.1615754, 0.0 ], [ 73.1504781, 28.1615751, 0.0 ], [ 73.1504833, 28.1612718, 0.0 ] ], [ [ 73.1505339, 28.1615843, 0.0 ], [ 73.150557, 28.1615846, 0.0 ], [ 73.1505518, 28.1618878, 0.0 ], [ 73.1505287, 28.1618875, 0.0 ], [ 73.1505339, 28.1615843, 0.0 ] ], [ [ 73.1504779, 28.1615835, 0.0 ], [ 73.1505011, 28.1615838, 0.0 ], [ 73.1504958, 28.1618871, 0.0 ], [ 73.1504727, 28.1618868, 0.0 ], [ 73.1504779, 28.1615835, 0.0 ] ], [ [ 73.1503847, 28.1637489, 0.0 ], [ 73.1504078, 28.1637492, 0.0 ], [ 73.1504026, 28.1640525, 0.0 ], [ 73.1503795, 28.1640522, 0.0 ], [ 73.1503847, 28.1637489, 0.0 ] ], [ [ 73.1503287, 28.1637482, 0.0 ], [ 73.1503518, 28.1637485, 0.0 ], [ 73.1503466, 28.1640517, 0.0 ], [ 73.1503235, 28.1640514, 0.0 ], [ 73.1503287, 28.1637482, 0.0 ] ], [ [ 73.1503793, 28.1640606, 0.0 ], [ 73.1504024, 28.1640609, 0.0 ], [ 73.1503972, 28.1643642, 0.0 ], [ 73.1503741, 28.1643639, 0.0 ], [ 73.1503793, 28.1640606, 0.0 ] ], [ [ 73.1503233, 28.1640598, 0.0 ], [ 73.1503465, 28.1640602, 0.0 ], [ 73.1503412, 28.1643634, 0.0 ], [ 73.1503181, 28.1643631, 0.0 ], [ 73.1503233, 28.1640598, 0.0 ] ], [ [ 73.1503953, 28.1631295, 0.0 ], [ 73.1504185, 28.1631298, 0.0 ], [ 73.1504132, 28.163433, 0.0 ], [ 73.1503901, 28.1634327, 0.0 ], [ 73.1503953, 28.1631295, 0.0 ] ], [ [ 73.1503393, 28.1631287, 0.0 ], [ 73.1503625, 28.163129, 0.0 ], [ 73.1503572, 28.1634323, 0.0 ], [ 73.1503341, 28.163432, 0.0 ], [ 73.1503393, 28.1631287, 0.0 ] ], [ [ 73.15039, 28.1634411, 0.0 ], [ 73.1504131, 28.1634414, 0.0 ], [ 73.1504079, 28.1637447, 0.0 ], [ 73.1503848, 28.1637444, 0.0 ], [ 73.15039, 28.1634411, 0.0 ] ], [ [ 73.150334, 28.1634404, 0.0 ], [ 73.1503571, 28.1634407, 0.0 ], [ 73.1503519, 28.163744, 0.0 ], [ 73.1503288, 28.1637436, 0.0 ], [ 73.150334, 28.1634404, 0.0 ] ], [ [ 73.150406, 28.16251, 0.0 ], [ 73.1504291, 28.1625103, 0.0 ], [ 73.1504239, 28.1628136, 0.0 ], [ 73.1504008, 28.1628133, 0.0 ], [ 73.150406, 28.16251, 0.0 ] ], [ [ 73.15035, 28.1625092, 0.0 ], [ 73.1503731, 28.1625095, 0.0 ], [ 73.1503679, 28.1628128, 0.0 ], [ 73.1503448, 28.1628125, 0.0 ], [ 73.15035, 28.1625092, 0.0 ] ], [ [ 73.1504006, 28.1628217, 0.0 ], [ 73.1504238, 28.162822, 0.0 ], [ 73.1504185, 28.1631253, 0.0 ], [ 73.1503954, 28.1631249, 0.0 ], [ 73.1504006, 28.1628217, 0.0 ] ], [ [ 73.1503446, 28.1628209, 0.0 ], [ 73.1503678, 28.1628212, 0.0 ], [ 73.1503625, 28.1631245, 0.0 ], [ 73.1503394, 28.1631242, 0.0 ], [ 73.1503446, 28.1628209, 0.0 ] ], [ [ 73.1504166, 28.1618905, 0.0 ], [ 73.1504398, 28.1618908, 0.0 ], [ 73.1504346, 28.1621941, 0.0 ], [ 73.1504114, 28.1621938, 0.0 ], [ 73.1504166, 28.1618905, 0.0 ] ], [ [ 73.1503606, 28.1618898, 0.0 ], [ 73.1503838, 28.1618901, 0.0 ], [ 73.1503786, 28.1621933, 0.0 ], [ 73.1503554, 28.162193, 0.0 ], [ 73.1503606, 28.1618898, 0.0 ] ], [ [ 73.1504113, 28.1622022, 0.0 ], [ 73.1504344, 28.1622025, 0.0 ], [ 73.1504292, 28.1625058, 0.0 ], [ 73.1504061, 28.1625055, 0.0 ], [ 73.1504113, 28.1622022, 0.0 ] ], [ [ 73.1503553, 28.1622014, 0.0 ], [ 73.1503784, 28.1622018, 0.0 ], [ 73.1503732, 28.162505, 0.0 ], [ 73.1503501, 28.1625047, 0.0 ], [ 73.1503553, 28.1622014, 0.0 ] ], [ [ 73.1504273, 28.1612711, 0.0 ], [ 73.1504504, 28.1612714, 0.0 ], [ 73.1504452, 28.1615746, 0.0 ], [ 73.1504221, 28.1615743, 0.0 ], [ 73.1504273, 28.1612711, 0.0 ] ], [ [ 73.1503713, 28.1612703, 0.0 ], [ 73.1503944, 28.1612706, 0.0 ], [ 73.1503892, 28.1615739, 0.0 ], [ 73.1503661, 28.1615736, 0.0 ], [ 73.1503713, 28.1612703, 0.0 ] ], [ [ 73.1504219, 28.1615827, 0.0 ], [ 73.1504451, 28.1615831, 0.0 ], [ 73.1504398, 28.1618863, 0.0 ], [ 73.1504167, 28.161886, 0.0 ], [ 73.1504219, 28.1615827, 0.0 ] ], [ [ 73.1503659, 28.161582, 0.0 ], [ 73.1503891, 28.1615823, 0.0 ], [ 73.1503839, 28.1618856, 0.0 ], [ 73.1503607, 28.1618853, 0.0 ], [ 73.1503659, 28.161582, 0.0 ] ], [ [ 73.1502727, 28.1637474, 0.0 ], [ 73.1502958, 28.1637477, 0.0 ], [ 73.1502906, 28.164051, 0.0 ], [ 73.1502675, 28.1640507, 0.0 ], [ 73.1502727, 28.1637474, 0.0 ] ], [ [ 73.1502167, 28.1637466, 0.0 ], [ 73.1502398, 28.163747, 0.0 ], [ 73.1502346, 28.1640502, 0.0 ], [ 73.1502115, 28.1640499, 0.0 ], [ 73.1502167, 28.1637466, 0.0 ] ], [ [ 73.1502673, 28.1640591, 0.0 ], [ 73.1502905, 28.1640594, 0.0 ], [ 73.1502852, 28.1643627, 0.0 ], [ 73.1502621, 28.1643624, 0.0 ], [ 73.1502673, 28.1640591, 0.0 ] ], [ [ 73.1502113, 28.1640583, 0.0 ], [ 73.1502345, 28.1640586, 0.0 ], [ 73.1502292, 28.1643619, 0.0 ], [ 73.1502061, 28.1643616, 0.0 ], [ 73.1502113, 28.1640583, 0.0 ] ], [ [ 73.1502833, 28.1631279, 0.0 ], [ 73.1503065, 28.1631283, 0.0 ], [ 73.1503013, 28.1634315, 0.0 ], [ 73.1502781, 28.1634312, 0.0 ], [ 73.1502833, 28.1631279, 0.0 ] ], [ [ 73.1502273, 28.1631272, 0.0 ], [ 73.1502505, 28.1631275, 0.0 ], [ 73.1502453, 28.1634308, 0.0 ], [ 73.1502221, 28.1634305, 0.0 ], [ 73.1502273, 28.1631272, 0.0 ] ], [ [ 73.150278, 28.1634396, 0.0 ], [ 73.1503011, 28.1634399, 0.0 ], [ 73.1502959, 28.1637432, 0.0 ], [ 73.1502728, 28.1637429, 0.0 ], [ 73.150278, 28.1634396, 0.0 ] ], [ [ 73.150222, 28.1634389, 0.0 ], [ 73.1502451, 28.1634392, 0.0 ], [ 73.1502399, 28.1637424, 0.0 ], [ 73.1502168, 28.1637421, 0.0 ], [ 73.150222, 28.1634389, 0.0 ] ], [ [ 73.150294, 28.1625085, 0.0 ], [ 73.1503171, 28.1625088, 0.0 ], [ 73.1503119, 28.1628121, 0.0 ], [ 73.1502888, 28.1628117, 0.0 ], [ 73.150294, 28.1625085, 0.0 ] ], [ [ 73.150238, 28.1625077, 0.0 ], [ 73.1502611, 28.162508, 0.0 ], [ 73.1502559, 28.1628113, 0.0 ], [ 73.1502328, 28.162811, 0.0 ], [ 73.150238, 28.1625077, 0.0 ] ], [ [ 73.1502886, 28.1628202, 0.0 ], [ 73.1503118, 28.1628205, 0.0 ], [ 73.1503065, 28.1631237, 0.0 ], [ 73.1502834, 28.1631234, 0.0 ], [ 73.1502886, 28.1628202, 0.0 ] ], [ [ 73.1502326, 28.1628194, 0.0 ], [ 73.1502558, 28.1628197, 0.0 ], [ 73.1502506, 28.163123, 0.0 ], [ 73.1502274, 28.1631227, 0.0 ], [ 73.1502326, 28.1628194, 0.0 ] ], [ [ 73.1503046, 28.161889, 0.0 ], [ 73.1503278, 28.1618893, 0.0 ], [ 73.1503226, 28.1621926, 0.0 ], [ 73.1502994, 28.1621923, 0.0 ], [ 73.1503046, 28.161889, 0.0 ] ], [ [ 73.1502487, 28.1618882, 0.0 ], [ 73.1502718, 28.1618886, 0.0 ], [ 73.1502666, 28.1621918, 0.0 ], [ 73.1502434, 28.1621915, 0.0 ], [ 73.1502487, 28.1618882, 0.0 ] ], [ [ 73.1502993, 28.1622007, 0.0 ], [ 73.1503224, 28.162201, 0.0 ], [ 73.1503172, 28.1625043, 0.0 ], [ 73.1502941, 28.162504, 0.0 ], [ 73.1502993, 28.1622007, 0.0 ] ], [ [ 73.1502433, 28.1621999, 0.0 ], [ 73.1502664, 28.1622002, 0.0 ], [ 73.1502612, 28.1625035, 0.0 ], [ 73.1502381, 28.1625032, 0.0 ], [ 73.1502433, 28.1621999, 0.0 ] ], [ [ 73.1503153, 28.1612695, 0.0 ], [ 73.1503384, 28.1612699, 0.0 ], [ 73.1503332, 28.1615731, 0.0 ], [ 73.1503101, 28.1615728, 0.0 ], [ 73.1503153, 28.1612695, 0.0 ] ], [ [ 73.1502593, 28.1612688, 0.0 ], [ 73.1502824, 28.1612691, 0.0 ], [ 73.1502772, 28.1615724, 0.0 ], [ 73.1502541, 28.1615721, 0.0 ], [ 73.1502593, 28.1612688, 0.0 ] ], [ [ 73.1503099, 28.1615812, 0.0 ], [ 73.1503331, 28.1615815, 0.0 ], [ 73.1503279, 28.1618848, 0.0 ], [ 73.1503047, 28.1618845, 0.0 ], [ 73.1503099, 28.1615812, 0.0 ] ], [ [ 73.150254, 28.1615805, 0.0 ], [ 73.1502771, 28.1615808, 0.0 ], [ 73.1502719, 28.1618841, 0.0 ], [ 73.1502487, 28.1618837, 0.0 ], [ 73.150254, 28.1615805, 0.0 ] ], [ [ 73.1501607, 28.1637459, 0.0 ], [ 73.1501838, 28.1637462, 0.0 ], [ 73.1501786, 28.1640495, 0.0 ], [ 73.1501555, 28.1640492, 0.0 ], [ 73.1501607, 28.1637459, 0.0 ] ], [ [ 73.1501047, 28.1637451, 0.0 ], [ 73.1501278, 28.1637454, 0.0 ], [ 73.1501226, 28.1640487, 0.0 ], [ 73.1500995, 28.1640484, 0.0 ], [ 73.1501047, 28.1637451, 0.0 ] ], [ [ 73.1501553, 28.1640576, 0.0 ], [ 73.1501785, 28.1640579, 0.0 ], [ 73.1501733, 28.1643612, 0.0 ], [ 73.1501501, 28.1643608, 0.0 ], [ 73.1501553, 28.1640576, 0.0 ] ], [ [ 73.1500993, 28.1640568, 0.0 ], [ 73.1501225, 28.1640571, 0.0 ], [ 73.1501173, 28.1643604, 0.0 ], [ 73.1500941, 28.1643601, 0.0 ], [ 73.1500993, 28.1640568, 0.0 ] ], [ [ 73.1501714, 28.1631264, 0.0 ], [ 73.1501945, 28.1631267, 0.0 ], [ 73.1501893, 28.16343, 0.0 ], [ 73.1501661, 28.1634297, 0.0 ], [ 73.1501714, 28.1631264, 0.0 ] ], [ [ 73.1501154, 28.1631257, 0.0 ], [ 73.1501385, 28.163126, 0.0 ], [ 73.1501333, 28.1634292, 0.0 ], [ 73.1501101, 28.1634289, 0.0 ], [ 73.1501154, 28.1631257, 0.0 ] ], [ [ 73.150166, 28.1634381, 0.0 ], [ 73.1501891, 28.1634384, 0.0 ], [ 73.1501839, 28.1637417, 0.0 ], [ 73.1501608, 28.1637414, 0.0 ], [ 73.150166, 28.1634381, 0.0 ] ], [ [ 73.15011, 28.1634374, 0.0 ], [ 73.1501331, 28.1634377, 0.0 ], [ 73.1501279, 28.1637409, 0.0 ], [ 73.1501048, 28.1637406, 0.0 ], [ 73.15011, 28.1634374, 0.0 ] ], [ [ 73.150182, 28.162507, 0.0 ], [ 73.1502051, 28.1625073, 0.0 ], [ 73.1501999, 28.1628105, 0.0 ], [ 73.1501768, 28.1628102, 0.0 ], [ 73.150182, 28.162507, 0.0 ] ], [ [ 73.150126, 28.1625062, 0.0 ], [ 73.1501491, 28.1625065, 0.0 ], [ 73.1501439, 28.1628098, 0.0 ], [ 73.1501208, 28.1628095, 0.0 ], [ 73.150126, 28.1625062, 0.0 ] ], [ [ 73.1501766, 28.1628186, 0.0 ], [ 73.1501998, 28.162819, 0.0 ], [ 73.1501946, 28.1631222, 0.0 ], [ 73.1501714, 28.1631219, 0.0 ], [ 73.1501766, 28.1628186, 0.0 ] ], [ [ 73.1501207, 28.1628179, 0.0 ], [ 73.1501438, 28.1628182, 0.0 ], [ 73.1501386, 28.1631215, 0.0 ], [ 73.1501154, 28.1631212, 0.0 ], [ 73.1501207, 28.1628179, 0.0 ] ], [ [ 73.1501927, 28.1618875, 0.0 ], [ 73.1502158, 28.1618878, 0.0 ], [ 73.1502106, 28.1621911, 0.0 ], [ 73.1501874, 28.1621908, 0.0 ], [ 73.1501927, 28.1618875, 0.0 ] ], [ [ 73.1501367, 28.1618867, 0.0 ], [ 73.1501598, 28.161887, 0.0 ], [ 73.1501546, 28.1621903, 0.0 ], [ 73.1501315, 28.16219, 0.0 ], [ 73.1501367, 28.1618867, 0.0 ] ], [ [ 73.1501873, 28.1621992, 0.0 ], [ 73.1502104, 28.1621995, 0.0 ], [ 73.1502052, 28.1625028, 0.0 ], [ 73.1501821, 28.1625024, 0.0 ], [ 73.1501873, 28.1621992, 0.0 ] ], [ [ 73.1501313, 28.1621984, 0.0 ], [ 73.1501544, 28.1621987, 0.0 ], [ 73.1501492, 28.162502, 0.0 ], [ 73.1501261, 28.1625017, 0.0 ], [ 73.1501313, 28.1621984, 0.0 ] ], [ [ 73.1502033, 28.161268, 0.0 ], [ 73.1502264, 28.1612683, 0.0 ], [ 73.1502212, 28.1615716, 0.0 ], [ 73.1501981, 28.1615713, 0.0 ], [ 73.1502033, 28.161268, 0.0 ] ], [ [ 73.1501473, 28.1612673, 0.0 ], [ 73.1501705, 28.1612676, 0.0 ], [ 73.1501652, 28.1615709, 0.0 ], [ 73.1501421, 28.1615705, 0.0 ], [ 73.1501473, 28.1612673, 0.0 ] ], [ [ 73.150198, 28.1615797, 0.0 ], [ 73.1502211, 28.16158, 0.0 ], [ 73.1502159, 28.1618833, 0.0 ], [ 73.1501927, 28.161883, 0.0 ], [ 73.150198, 28.1615797, 0.0 ] ], [ [ 73.150142, 28.161579, 0.0 ], [ 73.1501651, 28.1615793, 0.0 ], [ 73.1501599, 28.1618825, 0.0 ], [ 73.1501367, 28.1618822, 0.0 ], [ 73.150142, 28.161579, 0.0 ] ], [ [ 73.1500487, 28.1637444, 0.0 ], [ 73.1500718, 28.1637447, 0.0 ], [ 73.1500666, 28.164048, 0.0 ], [ 73.1500435, 28.1640476, 0.0 ], [ 73.1500487, 28.1637444, 0.0 ] ], [ [ 73.1499927, 28.1637436, 0.0 ], [ 73.1500158, 28.1637439, 0.0 ], [ 73.1500106, 28.1640472, 0.0 ], [ 73.1499875, 28.1640469, 0.0 ], [ 73.1499927, 28.1637436, 0.0 ] ], [ [ 73.1500433, 28.1640561, 0.0 ], [ 73.1500665, 28.1640564, 0.0 ], [ 73.1500613, 28.1643596, 0.0 ], [ 73.1500381, 28.1643593, 0.0 ], [ 73.1500433, 28.1640561, 0.0 ] ], [ [ 73.1499874, 28.1640553, 0.0 ], [ 73.1500105, 28.1640556, 0.0 ], [ 73.1500053, 28.1643589, 0.0 ], [ 73.1499821, 28.1643586, 0.0 ], [ 73.1499874, 28.1640553, 0.0 ] ], [ [ 73.1500594, 28.1631249, 0.0 ], [ 73.1500825, 28.1631252, 0.0 ], [ 73.1500773, 28.1634285, 0.0 ], [ 73.1500542, 28.1634282, 0.0 ], [ 73.1500594, 28.1631249, 0.0 ] ], [ [ 73.1500034, 28.1631242, 0.0 ], [ 73.1500265, 28.1631245, 0.0 ], [ 73.1500213, 28.1634277, 0.0 ], [ 73.1499982, 28.1634274, 0.0 ], [ 73.1500034, 28.1631242, 0.0 ] ], [ [ 73.150054, 28.1634366, 0.0 ], [ 73.1500771, 28.1634369, 0.0 ], [ 73.1500719, 28.1637402, 0.0 ], [ 73.1500488, 28.1637399, 0.0 ], [ 73.150054, 28.1634366, 0.0 ] ], [ [ 73.149998, 28.1634358, 0.0 ], [ 73.1500211, 28.1634362, 0.0 ], [ 73.1500159, 28.1637394, 0.0 ], [ 73.1499928, 28.1637391, 0.0 ], [ 73.149998, 28.1634358, 0.0 ] ], [ [ 73.15007, 28.1625054, 0.0 ], [ 73.1500932, 28.1625058, 0.0 ], [ 73.1500879, 28.162809, 0.0 ], [ 73.1500648, 28.1628087, 0.0 ], [ 73.15007, 28.1625054, 0.0 ] ], [ [ 73.150014, 28.1625047, 0.0 ], [ 73.1500372, 28.162505, 0.0 ], [ 73.1500319, 28.1628083, 0.0 ], [ 73.1500088, 28.162808, 0.0 ], [ 73.150014, 28.1625047, 0.0 ] ], [ [ 73.1500647, 28.1628171, 0.0 ], [ 73.1500878, 28.1628174, 0.0 ], [ 73.1500826, 28.1631207, 0.0 ], [ 73.1500594, 28.1631204, 0.0 ], [ 73.1500647, 28.1628171, 0.0 ] ], [ [ 73.1500087, 28.1628164, 0.0 ], [ 73.1500318, 28.1628167, 0.0 ], [ 73.1500266, 28.16312, 0.0 ], [ 73.1500035, 28.1631196, 0.0 ], [ 73.1500087, 28.1628164, 0.0 ] ], [ [ 73.1500807, 28.161886, 0.0 ], [ 73.1501038, 28.1618863, 0.0 ], [ 73.1500986, 28.1621896, 0.0 ], [ 73.1500755, 28.1621892, 0.0 ], [ 73.1500807, 28.161886, 0.0 ] ], [ [ 73.1500247, 28.1618852, 0.0 ], [ 73.1500478, 28.1618855, 0.0 ], [ 73.1500426, 28.1621888, 0.0 ], [ 73.1500195, 28.1621885, 0.0 ], [ 73.1500247, 28.1618852, 0.0 ] ], [ [ 73.1500753, 28.1621977, 0.0 ], [ 73.1500984, 28.162198, 0.0 ], [ 73.1500932, 28.1625012, 0.0 ], [ 73.1500701, 28.1625009, 0.0 ], [ 73.1500753, 28.1621977, 0.0 ] ], [ [ 73.1500193, 28.1621969, 0.0 ], [ 73.1500425, 28.1621972, 0.0 ], [ 73.1500372, 28.1625005, 0.0 ], [ 73.1500141, 28.1625002, 0.0 ], [ 73.1500193, 28.1621969, 0.0 ] ], [ [ 73.1500913, 28.1612665, 0.0 ], [ 73.1501145, 28.1612668, 0.0 ], [ 73.1501092, 28.1615701, 0.0 ], [ 73.1500861, 28.1615698, 0.0 ], [ 73.1500913, 28.1612665, 0.0 ] ], [ [ 73.1500353, 28.1612658, 0.0 ], [ 73.1500585, 28.1612661, 0.0 ], [ 73.1500533, 28.1615693, 0.0 ], [ 73.1500301, 28.161569, 0.0 ], [ 73.1500353, 28.1612658, 0.0 ] ], [ [ 73.150086, 28.1615782, 0.0 ], [ 73.1501091, 28.1615785, 0.0 ], [ 73.1501039, 28.1618818, 0.0 ], [ 73.1500808, 28.1618815, 0.0 ], [ 73.150086, 28.1615782, 0.0 ] ], [ [ 73.15003, 28.1615774, 0.0 ], [ 73.1500531, 28.1615778, 0.0 ], [ 73.1500479, 28.161881, 0.0 ], [ 73.1500248, 28.1618807, 0.0 ], [ 73.15003, 28.1615774, 0.0 ] ], [ [ 73.1499367, 28.1637429, 0.0 ], [ 73.1499599, 28.1637432, 0.0 ], [ 73.1499546, 28.1640464, 0.0 ], [ 73.1499315, 28.1640461, 0.0 ], [ 73.1499367, 28.1637429, 0.0 ] ], [ [ 73.1498807, 28.1637421, 0.0 ], [ 73.1499039, 28.1637424, 0.0 ], [ 73.1498986, 28.1640457, 0.0 ], [ 73.1498755, 28.1640454, 0.0 ], [ 73.1498807, 28.1637421, 0.0 ] ], [ [ 73.1499314, 28.1640546, 0.0 ], [ 73.1499545, 28.1640549, 0.0 ], [ 73.1499493, 28.1643581, 0.0 ], [ 73.1499261, 28.1643578, 0.0 ], [ 73.1499314, 28.1640546, 0.0 ] ], [ [ 73.1498754, 28.1640538, 0.0 ], [ 73.1498985, 28.1640541, 0.0 ], [ 73.1498933, 28.1643574, 0.0 ], [ 73.1498701, 28.1643571, 0.0 ], [ 73.1498754, 28.1640538, 0.0 ] ], [ [ 73.1499474, 28.1631234, 0.0 ], [ 73.1499705, 28.1631237, 0.0 ], [ 73.1499653, 28.163427, 0.0 ], [ 73.1499422, 28.1634267, 0.0 ], [ 73.1499474, 28.1631234, 0.0 ] ], [ [ 73.1498914, 28.1631226, 0.0 ], [ 73.1499145, 28.163123, 0.0 ], [ 73.1499093, 28.1634262, 0.0 ], [ 73.1498862, 28.1634259, 0.0 ], [ 73.1498914, 28.1631226, 0.0 ] ], [ [ 73.149942, 28.1634351, 0.0 ], [ 73.1499651, 28.1634354, 0.0 ], [ 73.1499599, 28.1637387, 0.0 ], [ 73.1499368, 28.1637384, 0.0 ], [ 73.149942, 28.1634351, 0.0 ] ], [ [ 73.149886, 28.1634343, 0.0 ], [ 73.1499092, 28.1634346, 0.0 ], [ 73.1499039, 28.1637379, 0.0 ], [ 73.1498808, 28.1637376, 0.0 ], [ 73.149886, 28.1634343, 0.0 ] ], [ [ 73.149958, 28.1625039, 0.0 ], [ 73.1499812, 28.1625042, 0.0 ], [ 73.1499759, 28.1628075, 0.0 ], [ 73.1499528, 28.1628072, 0.0 ], [ 73.149958, 28.1625039, 0.0 ] ], [ [ 73.149902, 28.1625032, 0.0 ], [ 73.1499252, 28.1625035, 0.0 ], [ 73.14992, 28.1628068, 0.0 ], [ 73.1498968, 28.1628064, 0.0 ], [ 73.149902, 28.1625032, 0.0 ] ], [ [ 73.1499527, 28.1628156, 0.0 ], [ 73.1499758, 28.1628159, 0.0 ], [ 73.1499706, 28.1631192, 0.0 ], [ 73.1499475, 28.1631189, 0.0 ], [ 73.1499527, 28.1628156, 0.0 ] ], [ [ 73.1498967, 28.1628149, 0.0 ], [ 73.1499198, 28.1628152, 0.0 ], [ 73.1499146, 28.1631184, 0.0 ], [ 73.1498915, 28.1631181, 0.0 ], [ 73.1498967, 28.1628149, 0.0 ] ], [ [ 73.1499687, 28.1618845, 0.0 ], [ 73.1499918, 28.1618848, 0.0 ], [ 73.1499866, 28.162188, 0.0 ], [ 73.1499635, 28.1621877, 0.0 ], [ 73.1499687, 28.1618845, 0.0 ] ], [ [ 73.1499127, 28.1618837, 0.0 ], [ 73.1499358, 28.161884, 0.0 ], [ 73.1499306, 28.1621873, 0.0 ], [ 73.1499075, 28.162187, 0.0 ], [ 73.1499127, 28.1618837, 0.0 ] ], [ [ 73.1499633, 28.1621962, 0.0 ], [ 73.1499865, 28.1621965, 0.0 ], [ 73.1499812, 28.1624997, 0.0 ], [ 73.1499581, 28.1624994, 0.0 ], [ 73.1499633, 28.1621962, 0.0 ] ], [ [ 73.1499073, 28.1621954, 0.0 ], [ 73.1499305, 28.1621957, 0.0 ], [ 73.1499253, 28.162499, 0.0 ], [ 73.1499021, 28.1624987, 0.0 ], [ 73.1499073, 28.1621954, 0.0 ] ], [ [ 73.1499793, 28.161265, 0.0 ], [ 73.1500025, 28.1612653, 0.0 ], [ 73.1499973, 28.1615686, 0.0 ], [ 73.1499741, 28.1615683, 0.0 ], [ 73.1499793, 28.161265, 0.0 ] ], [ [ 73.1499234, 28.1612642, 0.0 ], [ 73.1499465, 28.1612646, 0.0 ], [ 73.1499413, 28.1615678, 0.0 ], [ 73.1499181, 28.1615675, 0.0 ], [ 73.1499234, 28.1612642, 0.0 ] ], [ [ 73.149974, 28.1615767, 0.0 ], [ 73.1499971, 28.161577, 0.0 ], [ 73.1499919, 28.1618803, 0.0 ], [ 73.1499688, 28.16188, 0.0 ], [ 73.149974, 28.1615767, 0.0 ] ], [ [ 73.149918, 28.1615759, 0.0 ], [ 73.1499411, 28.1615762, 0.0 ], [ 73.1499359, 28.1618795, 0.0 ], [ 73.1499128, 28.1618792, 0.0 ], [ 73.149918, 28.1615759, 0.0 ] ], [ [ 73.1498247, 28.1637414, 0.0 ], [ 73.1498479, 28.1637417, 0.0 ], [ 73.1498426, 28.1640449, 0.0 ], [ 73.1498195, 28.1640446, 0.0 ], [ 73.1498247, 28.1637414, 0.0 ] ], [ [ 73.1497687, 28.1637406, 0.0 ], [ 73.1497919, 28.1637409, 0.0 ], [ 73.1497867, 28.1640442, 0.0 ], [ 73.1497635, 28.1640439, 0.0 ], [ 73.1497687, 28.1637406, 0.0 ] ], [ [ 73.1498194, 28.164053, 0.0 ], [ 73.1498425, 28.1640534, 0.0 ], [ 73.1498373, 28.1643566, 0.0 ], [ 73.1498142, 28.1643563, 0.0 ], [ 73.1498194, 28.164053, 0.0 ] ], [ [ 73.1497634, 28.1640523, 0.0 ], [ 73.1497865, 28.1640526, 0.0 ], [ 73.1497813, 28.1643559, 0.0 ], [ 73.1497582, 28.1643556, 0.0 ], [ 73.1497634, 28.1640523, 0.0 ] ], [ [ 73.1498354, 28.1631219, 0.0 ], [ 73.1498585, 28.1631222, 0.0 ], [ 73.1498533, 28.1634255, 0.0 ], [ 73.1498302, 28.1634252, 0.0 ], [ 73.1498354, 28.1631219, 0.0 ] ], [ [ 73.1497794, 28.1631211, 0.0 ], [ 73.1498025, 28.1631214, 0.0 ], [ 73.1497973, 28.1634247, 0.0 ], [ 73.1497742, 28.1634244, 0.0 ], [ 73.1497794, 28.1631211, 0.0 ] ], [ [ 73.14983, 28.1634336, 0.0 ], [ 73.1498532, 28.1634339, 0.0 ], [ 73.1498479, 28.1637372, 0.0 ], [ 73.1498248, 28.1637368, 0.0 ], [ 73.14983, 28.1634336, 0.0 ] ], [ [ 73.149774, 28.1634328, 0.0 ], [ 73.1497972, 28.1634331, 0.0 ], [ 73.1497919, 28.1637364, 0.0 ], [ 73.1497688, 28.1637361, 0.0 ], [ 73.149774, 28.1634328, 0.0 ] ], [ [ 73.149846, 28.1625024, 0.0 ], [ 73.1498692, 28.1625027, 0.0 ], [ 73.149864, 28.162806, 0.0 ], [ 73.1498408, 28.1628057, 0.0 ], [ 73.149846, 28.1625024, 0.0 ] ], [ [ 73.1497901, 28.1625017, 0.0 ], [ 73.1498132, 28.162502, 0.0 ], [ 73.149808, 28.1628052, 0.0 ], [ 73.1497848, 28.1628049, 0.0 ], [ 73.1497901, 28.1625017, 0.0 ] ], [ [ 73.1498407, 28.1628141, 0.0 ], [ 73.1498638, 28.1628144, 0.0 ], [ 73.1498586, 28.1631177, 0.0 ], [ 73.1498355, 28.1631174, 0.0 ], [ 73.1498407, 28.1628141, 0.0 ] ], [ [ 73.1497847, 28.1628133, 0.0 ], [ 73.1498078, 28.1628137, 0.0 ], [ 73.1498026, 28.1631169, 0.0 ], [ 73.1497795, 28.1631166, 0.0 ], [ 73.1497847, 28.1628133, 0.0 ] ], [ [ 73.1498567, 28.161883, 0.0 ], [ 73.1498798, 28.1618833, 0.0 ], [ 73.1498746, 28.1621865, 0.0 ], [ 73.1498515, 28.1621862, 0.0 ], [ 73.1498567, 28.161883, 0.0 ] ], [ [ 73.1498007, 28.1618822, 0.0 ], [ 73.1498238, 28.1618825, 0.0 ], [ 73.1498186, 28.1621858, 0.0 ], [ 73.1497955, 28.1621855, 0.0 ], [ 73.1498007, 28.1618822, 0.0 ] ], [ [ 73.1498513, 28.1621946, 0.0 ], [ 73.1498745, 28.162195, 0.0 ], [ 73.1498693, 28.1624982, 0.0 ], [ 73.1498461, 28.1624979, 0.0 ], [ 73.1498513, 28.1621946, 0.0 ] ], [ [ 73.1497954, 28.1621939, 0.0 ], [ 73.1498185, 28.1621942, 0.0 ], [ 73.1498133, 28.1624975, 0.0 ], [ 73.1497901, 28.1624972, 0.0 ], [ 73.1497954, 28.1621939, 0.0 ] ], [ [ 73.1498674, 28.1612635, 0.0 ], [ 73.1498905, 28.1612638, 0.0 ], [ 73.1498853, 28.1615671, 0.0 ], [ 73.1498621, 28.1615668, 0.0 ], [ 73.1498674, 28.1612635, 0.0 ] ], [ [ 73.1498114, 28.1612627, 0.0 ], [ 73.1498345, 28.161263, 0.0 ], [ 73.1498293, 28.1615663, 0.0 ], [ 73.1498062, 28.161566, 0.0 ], [ 73.1498114, 28.1612627, 0.0 ] ], [ [ 73.149862, 28.1615752, 0.0 ], [ 73.1498851, 28.1615755, 0.0 ], [ 73.1498799, 28.1618788, 0.0 ], [ 73.1498568, 28.1618784, 0.0 ], [ 73.149862, 28.1615752, 0.0 ] ], [ [ 73.149806, 28.1615744, 0.0 ], [ 73.1498291, 28.1615747, 0.0 ], [ 73.1498239, 28.161878, 0.0 ], [ 73.1498008, 28.1618777, 0.0 ], [ 73.149806, 28.1615744, 0.0 ] ], [ [ 73.1497127, 28.1637398, 0.0 ], [ 73.1497359, 28.1637402, 0.0 ], [ 73.1497307, 28.1640434, 0.0 ], [ 73.1497075, 28.1640431, 0.0 ], [ 73.1497127, 28.1637398, 0.0 ] ], [ [ 73.1496568, 28.1637391, 0.0 ], [ 73.1496799, 28.1637394, 0.0 ], [ 73.1496747, 28.1640427, 0.0 ], [ 73.1496515, 28.1640424, 0.0 ], [ 73.1496568, 28.1637391, 0.0 ] ], [ [ 73.1497074, 28.1640515, 0.0 ], [ 73.1497305, 28.1640518, 0.0 ], [ 73.1497253, 28.1643551, 0.0 ], [ 73.1497022, 28.1643548, 0.0 ], [ 73.1497074, 28.1640515, 0.0 ] ], [ [ 73.1496514, 28.1640508, 0.0 ], [ 73.1496745, 28.1640511, 0.0 ], [ 73.1496693, 28.1643543, 0.0 ], [ 73.1496462, 28.164354, 0.0 ], [ 73.1496514, 28.1640508, 0.0 ] ], [ [ 73.1497234, 28.1631204, 0.0 ], [ 73.1497465, 28.1631207, 0.0 ], [ 73.1497413, 28.163424, 0.0 ], [ 73.1497182, 28.1634236, 0.0 ], [ 73.1497234, 28.1631204, 0.0 ] ], [ [ 73.1496674, 28.1631196, 0.0 ], [ 73.1496905, 28.1631199, 0.0 ], [ 73.1496853, 28.1634232, 0.0 ], [ 73.1496622, 28.1634229, 0.0 ], [ 73.1496674, 28.1631196, 0.0 ] ], [ [ 73.149718, 28.1634321, 0.0 ], [ 73.1497412, 28.1634324, 0.0 ], [ 73.149736, 28.1637356, 0.0 ], [ 73.1497128, 28.1637353, 0.0 ], [ 73.149718, 28.1634321, 0.0 ] ], [ [ 73.149662, 28.1634313, 0.0 ], [ 73.1496852, 28.1634316, 0.0 ], [ 73.14968, 28.1637349, 0.0 ], [ 73.1496568, 28.1637346, 0.0 ], [ 73.149662, 28.1634313, 0.0 ] ], [ [ 73.1497341, 28.1625009, 0.0 ], [ 73.1497572, 28.1625012, 0.0 ], [ 73.149752, 28.1628045, 0.0 ], [ 73.1497288, 28.1628042, 0.0 ], [ 73.1497341, 28.1625009, 0.0 ] ], [ [ 73.1496781, 28.1625002, 0.0 ], [ 73.1497012, 28.1625005, 0.0 ], [ 73.149696, 28.1628037, 0.0 ], [ 73.1496729, 28.1628034, 0.0 ], [ 73.1496781, 28.1625002, 0.0 ] ], [ [ 73.1497287, 28.1628126, 0.0 ], [ 73.1497518, 28.1628129, 0.0 ], [ 73.1497466, 28.1631162, 0.0 ], [ 73.1497235, 28.1631159, 0.0 ], [ 73.1497287, 28.1628126, 0.0 ] ], [ [ 73.1496727, 28.1628118, 0.0 ], [ 73.1496958, 28.1628121, 0.0 ], [ 73.1496906, 28.1631154, 0.0 ], [ 73.1496675, 28.1631151, 0.0 ], [ 73.1496727, 28.1628118, 0.0 ] ], [ [ 73.1497447, 28.1618814, 0.0 ], [ 73.1497679, 28.1618818, 0.0 ], [ 73.1497626, 28.162185, 0.0 ], [ 73.1497395, 28.1621847, 0.0 ], [ 73.1497447, 28.1618814, 0.0 ] ], [ [ 73.1496887, 28.1618807, 0.0 ], [ 73.1497119, 28.161881, 0.0 ], [ 73.1497066, 28.1621843, 0.0 ], [ 73.1496835, 28.162184, 0.0 ], [ 73.1496887, 28.1618807, 0.0 ] ], [ [ 73.1497394, 28.1621931, 0.0 ], [ 73.1497625, 28.1621934, 0.0 ], [ 73.1497573, 28.1624967, 0.0 ], [ 73.1497341, 28.1624964, 0.0 ], [ 73.1497394, 28.1621931, 0.0 ] ], [ [ 73.1496834, 28.1621924, 0.0 ], [ 73.1497065, 28.1621927, 0.0 ], [ 73.1497013, 28.162496, 0.0 ], [ 73.1496781, 28.1624956, 0.0 ], [ 73.1496834, 28.1621924, 0.0 ] ], [ [ 73.1497554, 28.161262, 0.0 ], [ 73.1497785, 28.1612623, 0.0 ], [ 73.1497733, 28.1615656, 0.0 ], [ 73.1497502, 28.1615652, 0.0 ], [ 73.1497554, 28.161262, 0.0 ] ], [ [ 73.1496994, 28.1612612, 0.0 ], [ 73.1497225, 28.1612615, 0.0 ], [ 73.1497173, 28.1615648, 0.0 ], [ 73.1496942, 28.1615645, 0.0 ], [ 73.1496994, 28.1612612, 0.0 ] ], [ [ 73.14975, 28.1615737, 0.0 ], [ 73.1497731, 28.161574, 0.0 ], [ 73.1497679, 28.1618772, 0.0 ], [ 73.1497448, 28.1618769, 0.0 ], [ 73.14975, 28.1615737, 0.0 ] ], [ [ 73.149694, 28.1615729, 0.0 ], [ 73.1497172, 28.1615732, 0.0 ], [ 73.1497119, 28.1618765, 0.0 ], [ 73.1496888, 28.1618762, 0.0 ], [ 73.149694, 28.1615729, 0.0 ] ], [ [ 73.1495901, 28.1643578, 0.0 ], [ 73.1496132, 28.1643581, 0.0 ], [ 73.149608, 28.1646614, 0.0 ], [ 73.1495849, 28.1646611, 0.0 ], [ 73.1495901, 28.1643578, 0.0 ] ], [ [ 73.1495341, 28.164357, 0.0 ], [ 73.1495572, 28.1643573, 0.0 ], [ 73.149552, 28.1646606, 0.0 ], [ 73.1495289, 28.1646603, 0.0 ], [ 73.1495341, 28.164357, 0.0 ] ], [ [ 73.1495847, 28.1646695, 0.0 ], [ 73.1496079, 28.1646698, 0.0 ], [ 73.1496026, 28.1649731, 0.0 ], [ 73.1495795, 28.1649727, 0.0 ], [ 73.1495847, 28.1646695, 0.0 ] ], [ [ 73.1495287, 28.1646687, 0.0 ], [ 73.1495519, 28.164669, 0.0 ], [ 73.1495467, 28.1649723, 0.0 ], [ 73.1495235, 28.164972, 0.0 ], [ 73.1495287, 28.1646687, 0.0 ] ], [ [ 73.1496008, 28.1637383, 0.0 ], [ 73.1496239, 28.1637386, 0.0 ], [ 73.1496187, 28.1640419, 0.0 ], [ 73.1495955, 28.1640416, 0.0 ], [ 73.1496008, 28.1637383, 0.0 ] ], [ [ 73.1495448, 28.1637376, 0.0 ], [ 73.1495679, 28.1637379, 0.0 ], [ 73.1495627, 28.1640411, 0.0 ], [ 73.1495395, 28.1640408, 0.0 ], [ 73.1495448, 28.1637376, 0.0 ] ], [ [ 73.1495954, 28.16405, 0.0 ], [ 73.1496185, 28.1640503, 0.0 ], [ 73.1496133, 28.1643536, 0.0 ], [ 73.1495902, 28.1643533, 0.0 ], [ 73.1495954, 28.16405, 0.0 ] ], [ [ 73.1495394, 28.1640493, 0.0 ], [ 73.1495625, 28.1640496, 0.0 ], [ 73.1495573, 28.1643528, 0.0 ], [ 73.1495342, 28.1643525, 0.0 ], [ 73.1495394, 28.1640493, 0.0 ] ], [ [ 73.1496114, 28.1631189, 0.0 ], [ 73.1496345, 28.1631192, 0.0 ], [ 73.1496293, 28.1634224, 0.0 ], [ 73.1496062, 28.1634221, 0.0 ], [ 73.1496114, 28.1631189, 0.0 ] ], [ [ 73.1495554, 28.1631181, 0.0 ], [ 73.1495786, 28.1631184, 0.0 ], [ 73.1495733, 28.1634217, 0.0 ], [ 73.1495502, 28.1634214, 0.0 ], [ 73.1495554, 28.1631181, 0.0 ] ], [ [ 73.1496061, 28.1634305, 0.0 ], [ 73.1496292, 28.1634309, 0.0 ], [ 73.149624, 28.1637341, 0.0 ], [ 73.1496008, 28.1637338, 0.0 ], [ 73.1496061, 28.1634305, 0.0 ] ], [ [ 73.1495501, 28.1634298, 0.0 ], [ 73.1495732, 28.1634301, 0.0 ], [ 73.149568, 28.1637334, 0.0 ], [ 73.1495448, 28.1637331, 0.0 ], [ 73.1495501, 28.1634298, 0.0 ] ], [ [ 73.1496221, 28.1624994, 0.0 ], [ 73.1496452, 28.1624997, 0.0 ], [ 73.14964, 28.162803, 0.0 ], [ 73.1496169, 28.1628027, 0.0 ], [ 73.1496221, 28.1624994, 0.0 ] ], [ [ 73.1495661, 28.1624986, 0.0 ], [ 73.1495892, 28.1624989, 0.0 ], [ 73.149584, 28.1628022, 0.0 ], [ 73.1495609, 28.1628019, 0.0 ], [ 73.1495661, 28.1624986, 0.0 ] ], [ [ 73.1496167, 28.1628111, 0.0 ], [ 73.1496398, 28.1628114, 0.0 ], [ 73.1496346, 28.1631147, 0.0 ], [ 73.1496115, 28.1631143, 0.0 ], [ 73.1496167, 28.1628111, 0.0 ] ], [ [ 73.1495607, 28.1628103, 0.0 ], [ 73.1495839, 28.1628106, 0.0 ], [ 73.1495786, 28.1631139, 0.0 ], [ 73.1495555, 28.1631136, 0.0 ], [ 73.1495607, 28.1628103, 0.0 ] ], [ [ 73.1496327, 28.1618799, 0.0 ], [ 73.1496559, 28.1618802, 0.0 ], [ 73.1496506, 28.1621835, 0.0 ], [ 73.1496275, 28.1621832, 0.0 ], [ 73.1496327, 28.1618799, 0.0 ] ], [ [ 73.1495767, 28.1618792, 0.0 ], [ 73.1495999, 28.1618795, 0.0 ], [ 73.1495947, 28.1621828, 0.0 ], [ 73.1495715, 28.1621824, 0.0 ], [ 73.1495767, 28.1618792, 0.0 ] ], [ [ 73.1496274, 28.1621916, 0.0 ], [ 73.1496505, 28.1621919, 0.0 ], [ 73.1496453, 28.1624952, 0.0 ], [ 73.1496222, 28.1624949, 0.0 ], [ 73.1496274, 28.1621916, 0.0 ] ], [ [ 73.1495714, 28.1621909, 0.0 ], [ 73.1495945, 28.1621912, 0.0 ], [ 73.1495893, 28.1624944, 0.0 ], [ 73.1495662, 28.1624941, 0.0 ], [ 73.1495714, 28.1621909, 0.0 ] ], [ [ 73.1496434, 28.1612605, 0.0 ], [ 73.1496665, 28.1612608, 0.0 ], [ 73.1496613, 28.161564, 0.0 ], [ 73.1496382, 28.1615637, 0.0 ], [ 73.1496434, 28.1612605, 0.0 ] ], [ [ 73.1495874, 28.1612597, 0.0 ], [ 73.1496105, 28.16126, 0.0 ], [ 73.1496053, 28.1615633, 0.0 ], [ 73.1495822, 28.161563, 0.0 ], [ 73.1495874, 28.1612597, 0.0 ] ], [ [ 73.149638, 28.1615721, 0.0 ], [ 73.1496612, 28.1615725, 0.0 ], [ 73.1496559, 28.1618757, 0.0 ], [ 73.1496328, 28.1618754, 0.0 ], [ 73.149638, 28.1615721, 0.0 ] ], [ [ 73.149582, 28.1615714, 0.0 ], [ 73.1496052, 28.1615717, 0.0 ], [ 73.1495999, 28.161875, 0.0 ], [ 73.1495768, 28.1618747, 0.0 ], [ 73.149582, 28.1615714, 0.0 ] ], [ [ 73.1494781, 28.1643563, 0.0 ], [ 73.1495012, 28.1643566, 0.0 ], [ 73.149496, 28.1646599, 0.0 ], [ 73.1494729, 28.1646595, 0.0 ], [ 73.1494781, 28.1643563, 0.0 ] ], [ [ 73.1494221, 28.1643555, 0.0 ], [ 73.1494452, 28.1643558, 0.0 ], [ 73.14944, 28.1646591, 0.0 ], [ 73.1494169, 28.1646588, 0.0 ], [ 73.1494221, 28.1643555, 0.0 ] ], [ [ 73.1494727, 28.164668, 0.0 ], [ 73.1494959, 28.1646683, 0.0 ], [ 73.1494907, 28.1649715, 0.0 ], [ 73.1494675, 28.1649712, 0.0 ], [ 73.1494727, 28.164668, 0.0 ] ], [ [ 73.1494168, 28.1646672, 0.0 ], [ 73.1494399, 28.1646675, 0.0 ], [ 73.1494347, 28.1649708, 0.0 ], [ 73.1494115, 28.1649705, 0.0 ], [ 73.1494168, 28.1646672, 0.0 ] ], [ [ 73.1494888, 28.1637368, 0.0 ], [ 73.1495119, 28.1637371, 0.0 ], [ 73.1495067, 28.1640404, 0.0 ], [ 73.1494836, 28.1640401, 0.0 ], [ 73.1494888, 28.1637368, 0.0 ] ], [ [ 73.1494328, 28.1637361, 0.0 ], [ 73.1494559, 28.1637364, 0.0 ], [ 73.1494507, 28.1640396, 0.0 ], [ 73.1494276, 28.1640393, 0.0 ], [ 73.1494328, 28.1637361, 0.0 ] ], [ [ 73.1494834, 28.1640485, 0.0 ], [ 73.1495065, 28.1640488, 0.0 ], [ 73.1495013, 28.1643521, 0.0 ], [ 73.1494782, 28.1643518, 0.0 ], [ 73.1494834, 28.1640485, 0.0 ] ], [ [ 73.1494274, 28.1640477, 0.0 ], [ 73.1494505, 28.1640481, 0.0 ], [ 73.1494453, 28.1643513, 0.0 ], [ 73.1494222, 28.164351, 0.0 ], [ 73.1494274, 28.1640477, 0.0 ] ], [ [ 73.1494994, 28.1631173, 0.0 ], [ 73.1495226, 28.1631177, 0.0 ], [ 73.1495173, 28.1634209, 0.0 ], [ 73.1494942, 28.1634206, 0.0 ], [ 73.1494994, 28.1631173, 0.0 ] ], [ [ 73.1494434, 28.1631166, 0.0 ], [ 73.1494666, 28.1631169, 0.0 ], [ 73.1494613, 28.1634202, 0.0 ], [ 73.1494382, 28.1634199, 0.0 ], [ 73.1494434, 28.1631166, 0.0 ] ], [ [ 73.1494941, 28.163429, 0.0 ], [ 73.1495172, 28.1634293, 0.0 ], [ 73.149512, 28.1637326, 0.0 ], [ 73.1494888, 28.1637323, 0.0 ], [ 73.1494941, 28.163429, 0.0 ] ], [ [ 73.1494381, 28.1634283, 0.0 ], [ 73.1494612, 28.1634286, 0.0 ], [ 73.149456, 28.1637319, 0.0 ], [ 73.1494329, 28.1637315, 0.0 ], [ 73.1494381, 28.1634283, 0.0 ] ], [ [ 73.1495101, 28.1624979, 0.0 ], [ 73.1495332, 28.1624982, 0.0 ], [ 73.149528, 28.1628015, 0.0 ], [ 73.1495049, 28.1628011, 0.0 ], [ 73.1495101, 28.1624979, 0.0 ] ], [ [ 73.1494541, 28.1624971, 0.0 ], [ 73.1494772, 28.1624974, 0.0 ], [ 73.149472, 28.1628007, 0.0 ], [ 73.1494489, 28.1628004, 0.0 ], [ 73.1494541, 28.1624971, 0.0 ] ], [ [ 73.1495047, 28.1628096, 0.0 ], [ 73.1495279, 28.1628099, 0.0 ], [ 73.1495226, 28.1631131, 0.0 ], [ 73.1494995, 28.1631128, 0.0 ], [ 73.1495047, 28.1628096, 0.0 ] ], [ [ 73.1494487, 28.1628088, 0.0 ], [ 73.1494719, 28.1628091, 0.0 ], [ 73.1494666, 28.1631124, 0.0 ], [ 73.1494435, 28.1631121, 0.0 ], [ 73.1494487, 28.1628088, 0.0 ] ], [ [ 73.1495207, 28.1618784, 0.0 ], [ 73.1495439, 28.1618787, 0.0 ], [ 73.1495387, 28.162182, 0.0 ], [ 73.1495155, 28.1621817, 0.0 ], [ 73.1495207, 28.1618784, 0.0 ] ], [ [ 73.1494648, 28.1618777, 0.0 ], [ 73.1494879, 28.161878, 0.0 ], [ 73.1494827, 28.1621812, 0.0 ], [ 73.1494595, 28.1621809, 0.0 ], [ 73.1494648, 28.1618777, 0.0 ] ], [ [ 73.1495154, 28.1621901, 0.0 ], [ 73.1495385, 28.1621904, 0.0 ], [ 73.1495333, 28.1624937, 0.0 ], [ 73.1495102, 28.1624934, 0.0 ], [ 73.1495154, 28.1621901, 0.0 ] ], [ [ 73.1494594, 28.1621893, 0.0 ], [ 73.1494825, 28.1621897, 0.0 ], [ 73.1494773, 28.1624929, 0.0 ], [ 73.1494542, 28.1624926, 0.0 ], [ 73.1494594, 28.1621893, 0.0 ] ], [ [ 73.1495314, 28.1612589, 0.0 ], [ 73.1495545, 28.1612593, 0.0 ], [ 73.1495493, 28.1615625, 0.0 ], [ 73.1495262, 28.1615622, 0.0 ], [ 73.1495314, 28.1612589, 0.0 ] ], [ [ 73.1494754, 28.1612582, 0.0 ], [ 73.1494985, 28.1612585, 0.0 ], [ 73.1494933, 28.1615618, 0.0 ], [ 73.1494702, 28.1615615, 0.0 ], [ 73.1494754, 28.1612582, 0.0 ] ], [ [ 73.149526, 28.1615706, 0.0 ], [ 73.1495492, 28.1615709, 0.0 ], [ 73.149544, 28.1618742, 0.0 ], [ 73.1495208, 28.1618739, 0.0 ], [ 73.149526, 28.1615706, 0.0 ] ], [ [ 73.1494701, 28.1615699, 0.0 ], [ 73.1494932, 28.1615702, 0.0 ], [ 73.149488, 28.1618735, 0.0 ], [ 73.1494648, 28.1618731, 0.0 ], [ 73.1494701, 28.1615699, 0.0 ] ], [ [ 73.1493661, 28.1643548, 0.0 ], [ 73.1493893, 28.1643551, 0.0 ], [ 73.149384, 28.1646583, 0.0 ], [ 73.1493609, 28.164658, 0.0 ], [ 73.1493661, 28.1643548, 0.0 ] ], [ [ 73.1493101, 28.164354, 0.0 ], [ 73.1493333, 28.1643543, 0.0 ], [ 73.149328, 28.1646576, 0.0 ], [ 73.1493049, 28.1646573, 0.0 ], [ 73.1493101, 28.164354, 0.0 ] ], [ [ 73.1493608, 28.1646665, 0.0 ], [ 73.1493839, 28.1646668, 0.0 ], [ 73.1493787, 28.16497, 0.0 ], [ 73.1493555, 28.1649697, 0.0 ], [ 73.1493608, 28.1646665, 0.0 ] ], [ [ 73.1493048, 28.1646657, 0.0 ], [ 73.1493279, 28.164666, 0.0 ], [ 73.1493227, 28.1649693, 0.0 ], [ 73.1492995, 28.164969, 0.0 ], [ 73.1493048, 28.1646657, 0.0 ] ], [ [ 73.1493768, 28.1637353, 0.0 ], [ 73.1493999, 28.1637356, 0.0 ], [ 73.1493947, 28.1640389, 0.0 ], [ 73.1493716, 28.1640386, 0.0 ], [ 73.1493768, 28.1637353, 0.0 ] ], [ [ 73.1493208, 28.1637345, 0.0 ], [ 73.1493439, 28.1637349, 0.0 ], [ 73.1493387, 28.1640381, 0.0 ], [ 73.1493156, 28.1640378, 0.0 ], [ 73.1493208, 28.1637345, 0.0 ] ], [ [ 73.1493714, 28.164047, 0.0 ], [ 73.1493946, 28.1640473, 0.0 ], [ 73.1493893, 28.1643506, 0.0 ], [ 73.1493662, 28.1643503, 0.0 ], [ 73.1493714, 28.164047, 0.0 ] ], [ [ 73.1493154, 28.1640462, 0.0 ], [ 73.1493386, 28.1640465, 0.0 ], [ 73.1493333, 28.1643498, 0.0 ], [ 73.1493102, 28.1643495, 0.0 ], [ 73.1493154, 28.1640462, 0.0 ] ], [ [ 73.1493874, 28.1631158, 0.0 ], [ 73.1494106, 28.1631161, 0.0 ], [ 73.1494054, 28.1634194, 0.0 ], [ 73.1493822, 28.1634191, 0.0 ], [ 73.1493874, 28.1631158, 0.0 ] ], [ [ 73.1493315, 28.1631151, 0.0 ], [ 73.1493546, 28.1631154, 0.0 ], [ 73.1493494, 28.1634187, 0.0 ], [ 73.1493262, 28.1634183, 0.0 ], [ 73.1493315, 28.1631151, 0.0 ] ], [ [ 73.1493821, 28.1634275, 0.0 ], [ 73.1494052, 28.1634278, 0.0 ], [ 73.1494, 28.1637311, 0.0 ], [ 73.1493769, 28.1637308, 0.0 ], [ 73.1493821, 28.1634275, 0.0 ] ], [ [ 73.1493261, 28.1634268, 0.0 ], [ 73.1493492, 28.1634271, 0.0 ], [ 73.149344, 28.1637303, 0.0 ], [ 73.1493209, 28.16373, 0.0 ], [ 73.1493261, 28.1634268, 0.0 ] ], [ [ 73.1493981, 28.1624964, 0.0 ], [ 73.1494212, 28.1624967, 0.0 ], [ 73.149416, 28.1627999, 0.0 ], [ 73.1493929, 28.1627996, 0.0 ], [ 73.1493981, 28.1624964, 0.0 ] ], [ [ 73.1493421, 28.1624956, 0.0 ], [ 73.1493652, 28.1624959, 0.0 ], [ 73.14936, 28.1627992, 0.0 ], [ 73.1493369, 28.1627989, 0.0 ], [ 73.1493421, 28.1624956, 0.0 ] ], [ [ 73.1493927, 28.1628081, 0.0 ], [ 73.1494159, 28.1628084, 0.0 ], [ 73.1494107, 28.1631116, 0.0 ], [ 73.1493875, 28.1631113, 0.0 ], [ 73.1493927, 28.1628081, 0.0 ] ], [ [ 73.1493367, 28.1628073, 0.0 ], [ 73.1493599, 28.1628076, 0.0 ], [ 73.1493547, 28.1631109, 0.0 ], [ 73.1493315, 28.1631106, 0.0 ], [ 73.1493367, 28.1628073, 0.0 ] ], [ [ 73.1494088, 28.1618769, 0.0 ], [ 73.1494319, 28.1618772, 0.0 ], [ 73.1494267, 28.1621805, 0.0 ], [ 73.1494035, 28.1621802, 0.0 ], [ 73.1494088, 28.1618769, 0.0 ] ], [ [ 73.1493528, 28.1618761, 0.0 ], [ 73.1493759, 28.1618765, 0.0 ], [ 73.1493707, 28.1621797, 0.0 ], [ 73.1493476, 28.1621794, 0.0 ], [ 73.1493528, 28.1618761, 0.0 ] ], [ [ 73.1494034, 28.1621886, 0.0 ], [ 73.1494265, 28.1621889, 0.0 ], [ 73.1494213, 28.1624922, 0.0 ], [ 73.1493982, 28.1624919, 0.0 ], [ 73.1494034, 28.1621886, 0.0 ] ], [ [ 73.1493474, 28.1621878, 0.0 ], [ 73.1493705, 28.1621881, 0.0 ], [ 73.1493653, 28.1624914, 0.0 ], [ 73.1493422, 28.1624911, 0.0 ], [ 73.1493474, 28.1621878, 0.0 ] ], [ [ 73.1494194, 28.1612574, 0.0 ], [ 73.1494426, 28.1612577, 0.0 ], [ 73.1494373, 28.161561, 0.0 ], [ 73.1494142, 28.1615607, 0.0 ], [ 73.1494194, 28.1612574, 0.0 ] ], [ [ 73.1493634, 28.1612567, 0.0 ], [ 73.1493866, 28.161257, 0.0 ], [ 73.1493813, 28.1615603, 0.0 ], [ 73.1493582, 28.1615599, 0.0 ], [ 73.1493634, 28.1612567, 0.0 ] ], [ [ 73.1494141, 28.1615691, 0.0 ], [ 73.1494372, 28.1615694, 0.0 ], [ 73.149432, 28.1618727, 0.0 ], [ 73.1494088, 28.1618724, 0.0 ], [ 73.1494141, 28.1615691, 0.0 ] ], [ [ 73.1493581, 28.1615684, 0.0 ], [ 73.1493812, 28.1615687, 0.0 ], [ 73.149376, 28.1618719, 0.0 ], [ 73.1493528, 28.1618716, 0.0 ], [ 73.1493581, 28.1615684, 0.0 ] ], [ [ 73.1492541, 28.1643533, 0.0 ], [ 73.1492773, 28.1643536, 0.0 ], [ 73.149272, 28.1646568, 0.0 ], [ 73.1492489, 28.1646565, 0.0 ], [ 73.1492541, 28.1643533, 0.0 ] ], [ [ 73.1491981, 28.1643525, 0.0 ], [ 73.1492213, 28.1643528, 0.0 ], [ 73.1492161, 28.1646561, 0.0 ], [ 73.1491929, 28.1646558, 0.0 ], [ 73.1491981, 28.1643525, 0.0 ] ], [ [ 73.1492488, 28.1646649, 0.0 ], [ 73.1492719, 28.1646652, 0.0 ], [ 73.1492667, 28.1649685, 0.0 ], [ 73.1492436, 28.1649682, 0.0 ], [ 73.1492488, 28.1646649, 0.0 ] ], [ [ 73.1491928, 28.1646642, 0.0 ], [ 73.1492159, 28.1646645, 0.0 ], [ 73.1492107, 28.1649678, 0.0 ], [ 73.1491876, 28.1649674, 0.0 ], [ 73.1491928, 28.1646642, 0.0 ] ], [ [ 73.1492648, 28.1637338, 0.0 ], [ 73.1492879, 28.1637341, 0.0 ], [ 73.1492827, 28.1640374, 0.0 ], [ 73.1492596, 28.1640371, 0.0 ], [ 73.1492648, 28.1637338, 0.0 ] ], [ [ 73.1492088, 28.163733, 0.0 ], [ 73.1492319, 28.1637333, 0.0 ], [ 73.1492267, 28.1640366, 0.0 ], [ 73.1492036, 28.1640363, 0.0 ], [ 73.1492088, 28.163733, 0.0 ] ], [ [ 73.1492594, 28.1640455, 0.0 ], [ 73.1492826, 28.1640458, 0.0 ], [ 73.1492773, 28.1643491, 0.0 ], [ 73.1492542, 28.1643487, 0.0 ], [ 73.1492594, 28.1640455, 0.0 ] ], [ [ 73.1492034, 28.1640447, 0.0 ], [ 73.1492266, 28.164045, 0.0 ], [ 73.1492213, 28.1643483, 0.0 ], [ 73.1491982, 28.164348, 0.0 ], [ 73.1492034, 28.1640447, 0.0 ] ], [ [ 73.1492755, 28.1631143, 0.0 ], [ 73.1492986, 28.1631146, 0.0 ], [ 73.1492934, 28.1634179, 0.0 ], [ 73.1492702, 28.1634176, 0.0 ], [ 73.1492755, 28.1631143, 0.0 ] ], [ [ 73.1492195, 28.1631136, 0.0 ], [ 73.1492426, 28.1631139, 0.0 ], [ 73.1492374, 28.1634171, 0.0 ], [ 73.1492142, 28.1634168, 0.0 ], [ 73.1492195, 28.1631136, 0.0 ] ], [ [ 73.1492701, 28.163426, 0.0 ], [ 73.1492932, 28.1634263, 0.0 ], [ 73.149288, 28.1637296, 0.0 ], [ 73.1492649, 28.1637293, 0.0 ], [ 73.1492701, 28.163426, 0.0 ] ], [ [ 73.1492141, 28.1634252, 0.0 ], [ 73.1492372, 28.1634256, 0.0 ], [ 73.149232, 28.1637288, 0.0 ], [ 73.1492089, 28.1637285, 0.0 ], [ 73.1492141, 28.1634252, 0.0 ] ], [ [ 73.1492861, 28.1624949, 0.0 ], [ 73.1493092, 28.1624952, 0.0 ], [ 73.149304, 28.1627984, 0.0 ], [ 73.1492809, 28.1627981, 0.0 ], [ 73.1492861, 28.1624949, 0.0 ] ], [ [ 73.1492301, 28.1624941, 0.0 ], [ 73.1492533, 28.1624944, 0.0 ], [ 73.149248, 28.1627977, 0.0 ], [ 73.1492249, 28.1627974, 0.0 ], [ 73.1492301, 28.1624941, 0.0 ] ], [ [ 73.1492808, 28.1628065, 0.0 ], [ 73.1493039, 28.1628069, 0.0 ], [ 73.1492987, 28.1631101, 0.0 ], [ 73.1492755, 28.1631098, 0.0 ], [ 73.1492808, 28.1628065, 0.0 ] ], [ [ 73.1492248, 28.1628058, 0.0 ], [ 73.1492479, 28.1628061, 0.0 ], [ 73.1492427, 28.1631094, 0.0 ], [ 73.1492195, 28.1631091, 0.0 ], [ 73.1492248, 28.1628058, 0.0 ] ], [ [ 73.1492968, 28.1618754, 0.0 ], [ 73.1493199, 28.1618757, 0.0 ], [ 73.1493147, 28.162179, 0.0 ], [ 73.1492916, 28.1621787, 0.0 ], [ 73.1492968, 28.1618754, 0.0 ] ], [ [ 73.1492408, 28.1618746, 0.0 ], [ 73.1492639, 28.1618749, 0.0 ], [ 73.1492587, 28.1621782, 0.0 ], [ 73.1492356, 28.1621779, 0.0 ], [ 73.1492408, 28.1618746, 0.0 ] ], [ [ 73.1492914, 28.1621871, 0.0 ], [ 73.1493145, 28.1621874, 0.0 ], [ 73.1493093, 28.1624907, 0.0 ], [ 73.1492862, 28.1624903, 0.0 ], [ 73.1492914, 28.1621871, 0.0 ] ], [ [ 73.1492354, 28.1621863, 0.0 ], [ 73.1492586, 28.1621866, 0.0 ], [ 73.1492533, 28.1624899, 0.0 ], [ 73.1492302, 28.1624896, 0.0 ], [ 73.1492354, 28.1621863, 0.0 ] ], [ [ 73.1493074, 28.1612559, 0.0 ], [ 73.1493306, 28.1612562, 0.0 ], [ 73.1493253, 28.1615595, 0.0 ], [ 73.1493022, 28.1615592, 0.0 ], [ 73.1493074, 28.1612559, 0.0 ] ], [ [ 73.1492514, 28.1612552, 0.0 ], [ 73.1492746, 28.1612555, 0.0 ], [ 73.1492694, 28.1615587, 0.0 ], [ 73.1492462, 28.1615584, 0.0 ], [ 73.1492514, 28.1612552, 0.0 ] ], [ [ 73.1493021, 28.1615676, 0.0 ], [ 73.1493252, 28.1615679, 0.0 ], [ 73.14932, 28.1618712, 0.0 ], [ 73.1492969, 28.1618709, 0.0 ], [ 73.1493021, 28.1615676, 0.0 ] ], [ [ 73.1492461, 28.1615669, 0.0 ], [ 73.1492692, 28.1615672, 0.0 ], [ 73.149264, 28.1618704, 0.0 ], [ 73.1492409, 28.1618701, 0.0 ], [ 73.1492461, 28.1615669, 0.0 ] ], [ [ 73.1491421, 28.1643517, 0.0 ], [ 73.1491653, 28.164352, 0.0 ], [ 73.1491601, 28.1646553, 0.0 ], [ 73.1491369, 28.164655, 0.0 ], [ 73.1491421, 28.1643517, 0.0 ] ], [ [ 73.1490862, 28.164351, 0.0 ], [ 73.1491093, 28.1643513, 0.0 ], [ 73.1491041, 28.1646546, 0.0 ], [ 73.1490809, 28.1646542, 0.0 ], [ 73.1490862, 28.164351, 0.0 ] ], [ [ 73.1491368, 28.1646634, 0.0 ], [ 73.1491599, 28.1646637, 0.0 ], [ 73.1491547, 28.164967, 0.0 ], [ 73.1491316, 28.1649667, 0.0 ], [ 73.1491368, 28.1646634, 0.0 ] ], [ [ 73.1490808, 28.1646627, 0.0 ], [ 73.1491039, 28.164663, 0.0 ], [ 73.1490987, 28.1649662, 0.0 ], [ 73.1490756, 28.1649659, 0.0 ], [ 73.1490808, 28.1646627, 0.0 ] ], [ [ 73.1491528, 28.1637323, 0.0 ], [ 73.1491759, 28.1637326, 0.0 ], [ 73.1491707, 28.1640359, 0.0 ], [ 73.1491476, 28.1640355, 0.0 ], [ 73.1491528, 28.1637323, 0.0 ] ], [ [ 73.1490968, 28.1637315, 0.0 ], [ 73.1491199, 28.1637318, 0.0 ], [ 73.1491147, 28.1640351, 0.0 ], [ 73.1490916, 28.1640348, 0.0 ], [ 73.1490968, 28.1637315, 0.0 ] ], [ [ 73.1491474, 28.164044, 0.0 ], [ 73.1491706, 28.1640443, 0.0 ], [ 73.1491654, 28.1643475, 0.0 ], [ 73.1491422, 28.1643472, 0.0 ], [ 73.1491474, 28.164044, 0.0 ] ], [ [ 73.1490914, 28.1640432, 0.0 ], [ 73.1491146, 28.1640435, 0.0 ], [ 73.1491094, 28.1643468, 0.0 ], [ 73.1490862, 28.1643465, 0.0 ], [ 73.1490914, 28.1640432, 0.0 ] ], [ [ 73.1491635, 28.1631128, 0.0 ], [ 73.1491866, 28.1631131, 0.0 ], [ 73.1491814, 28.1634164, 0.0 ], [ 73.1491582, 28.1634161, 0.0 ], [ 73.1491635, 28.1631128, 0.0 ] ], [ [ 73.1491075, 28.163112, 0.0 ], [ 73.1491306, 28.1631124, 0.0 ], [ 73.1491254, 28.1634156, 0.0 ], [ 73.1491023, 28.1634153, 0.0 ], [ 73.1491075, 28.163112, 0.0 ] ], [ [ 73.1491581, 28.1634245, 0.0 ], [ 73.1491812, 28.1634248, 0.0 ], [ 73.149176, 28.1637281, 0.0 ], [ 73.1491529, 28.1637278, 0.0 ], [ 73.1491581, 28.1634245, 0.0 ] ], [ [ 73.1491021, 28.1634237, 0.0 ], [ 73.1491252, 28.163424, 0.0 ], [ 73.14912, 28.1637273, 0.0 ], [ 73.1490969, 28.163727, 0.0 ], [ 73.1491021, 28.1634237, 0.0 ] ], [ [ 73.1491741, 28.1624933, 0.0 ], [ 73.1491973, 28.1624937, 0.0 ], [ 73.149192, 28.1627969, 0.0 ], [ 73.1491689, 28.1627966, 0.0 ], [ 73.1491741, 28.1624933, 0.0 ] ], [ [ 73.1491181, 28.1624926, 0.0 ], [ 73.1491413, 28.1624929, 0.0 ], [ 73.149136, 28.1627962, 0.0 ], [ 73.1491129, 28.1627959, 0.0 ], [ 73.1491181, 28.1624926, 0.0 ] ], [ [ 73.1491688, 28.162805, 0.0 ], [ 73.1491919, 28.1628053, 0.0 ], [ 73.1491867, 28.1631086, 0.0 ], [ 73.1491635, 28.1631083, 0.0 ], [ 73.1491688, 28.162805, 0.0 ] ], [ [ 73.1491128, 28.1628043, 0.0 ], [ 73.1491359, 28.1628046, 0.0 ], [ 73.1491307, 28.1631079, 0.0 ], [ 73.1491076, 28.1631075, 0.0 ], [ 73.1491128, 28.1628043, 0.0 ] ], [ [ 73.1491848, 28.1618739, 0.0 ], [ 73.1492079, 28.1618742, 0.0 ], [ 73.1492027, 28.1621775, 0.0 ], [ 73.1491796, 28.1621771, 0.0 ], [ 73.1491848, 28.1618739, 0.0 ] ], [ [ 73.1491288, 28.1618731, 0.0 ], [ 73.1491519, 28.1618734, 0.0 ], [ 73.1491467, 28.1621767, 0.0 ], [ 73.1491236, 28.1621764, 0.0 ], [ 73.1491288, 28.1618731, 0.0 ] ], [ [ 73.1491794, 28.1621856, 0.0 ], [ 73.1492026, 28.1621859, 0.0 ], [ 73.1491973, 28.1624891, 0.0 ], [ 73.1491742, 28.1624888, 0.0 ], [ 73.1491794, 28.1621856, 0.0 ] ], [ [ 73.1491234, 28.1621848, 0.0 ], [ 73.1491466, 28.1621851, 0.0 ], [ 73.1491413, 28.1624884, 0.0 ], [ 73.1491182, 28.1624881, 0.0 ], [ 73.1491234, 28.1621848, 0.0 ] ], [ [ 73.1491955, 28.1612544, 0.0 ], [ 73.1492186, 28.1612547, 0.0 ], [ 73.1492134, 28.161558, 0.0 ], [ 73.1491902, 28.1615577, 0.0 ], [ 73.1491955, 28.1612544, 0.0 ] ], [ [ 73.1491395, 28.1612537, 0.0 ], [ 73.1491626, 28.161254, 0.0 ], [ 73.1491574, 28.1615572, 0.0 ], [ 73.1491342, 28.1615569, 0.0 ], [ 73.1491395, 28.1612537, 0.0 ] ], [ [ 73.1491901, 28.1615661, 0.0 ], [ 73.1492132, 28.1615664, 0.0 ], [ 73.149208, 28.1618697, 0.0 ], [ 73.1491849, 28.1618694, 0.0 ], [ 73.1491901, 28.1615661, 0.0 ] ], [ [ 73.1491341, 28.1615653, 0.0 ], [ 73.1491572, 28.1615656, 0.0 ], [ 73.149152, 28.1618689, 0.0 ], [ 73.1491289, 28.1618686, 0.0 ], [ 73.1491341, 28.1615653, 0.0 ] ], [ [ 73.1492061, 28.1606349, 0.0 ], [ 73.1492292, 28.1606353, 0.0 ], [ 73.149224, 28.1609385, 0.0 ], [ 73.1492009, 28.1609382, 0.0 ], [ 73.1492061, 28.1606349, 0.0 ] ], [ [ 73.1491501, 28.1606342, 0.0 ], [ 73.1491732, 28.1606345, 0.0 ], [ 73.149168, 28.1609378, 0.0 ], [ 73.1491449, 28.1609375, 0.0 ], [ 73.1491501, 28.1606342, 0.0 ] ], [ [ 73.1492007, 28.1609466, 0.0 ], [ 73.1492239, 28.1609469, 0.0 ], [ 73.1492187, 28.1612502, 0.0 ], [ 73.1491955, 28.1612499, 0.0 ], [ 73.1492007, 28.1609466, 0.0 ] ], [ [ 73.1491448, 28.1609459, 0.0 ], [ 73.1491679, 28.1609462, 0.0 ], [ 73.1491627, 28.1612495, 0.0 ], [ 73.1491395, 28.1612491, 0.0 ], [ 73.1491448, 28.1609459, 0.0 ] ], [ [ 73.1490302, 28.1643502, 0.0 ], [ 73.1490533, 28.1643505, 0.0 ], [ 73.1490481, 28.1646538, 0.0 ], [ 73.1490249, 28.1646535, 0.0 ], [ 73.1490302, 28.1643502, 0.0 ] ], [ [ 73.1489742, 28.1643495, 0.0 ], [ 73.1489973, 28.1643498, 0.0 ], [ 73.1489921, 28.164653, 0.0 ], [ 73.1489689, 28.1646527, 0.0 ], [ 73.1489742, 28.1643495, 0.0 ] ], [ [ 73.1490248, 28.1646619, 0.0 ], [ 73.1490479, 28.1646622, 0.0 ], [ 73.1490427, 28.1649655, 0.0 ], [ 73.1490196, 28.1649652, 0.0 ], [ 73.1490248, 28.1646619, 0.0 ] ], [ [ 73.1489688, 28.1646612, 0.0 ], [ 73.1489919, 28.1646615, 0.0 ], [ 73.1489867, 28.1649647, 0.0 ], [ 73.1489636, 28.1649644, 0.0 ], [ 73.1489688, 28.1646612, 0.0 ] ], [ [ 73.1490408, 28.1637308, 0.0 ], [ 73.149064, 28.1637311, 0.0 ], [ 73.1490587, 28.1640343, 0.0 ], [ 73.1490356, 28.164034, 0.0 ], [ 73.1490408, 28.1637308, 0.0 ] ], [ [ 73.1489848, 28.16373, 0.0 ], [ 73.149008, 28.1637303, 0.0 ], [ 73.1490027, 28.1640336, 0.0 ], [ 73.1489796, 28.1640333, 0.0 ], [ 73.1489848, 28.16373, 0.0 ] ], [ [ 73.1490355, 28.1640424, 0.0 ], [ 73.1490586, 28.1640428, 0.0 ], [ 73.1490534, 28.164346, 0.0 ], [ 73.1490302, 28.1643457, 0.0 ], [ 73.1490355, 28.1640424, 0.0 ] ], [ [ 73.1489795, 28.1640417, 0.0 ], [ 73.1490026, 28.164042, 0.0 ], [ 73.1489974, 28.1643453, 0.0 ], [ 73.1489742, 28.164345, 0.0 ], [ 73.1489795, 28.1640417, 0.0 ] ], [ [ 73.1490515, 28.1631113, 0.0 ], [ 73.1490746, 28.1631116, 0.0 ], [ 73.1490694, 28.1634149, 0.0 ], [ 73.1490463, 28.1634146, 0.0 ], [ 73.1490515, 28.1631113, 0.0 ] ], [ [ 73.1489955, 28.1631105, 0.0 ], [ 73.1490186, 28.1631108, 0.0 ], [ 73.1490134, 28.1634141, 0.0 ], [ 73.1489903, 28.1634138, 0.0 ], [ 73.1489955, 28.1631105, 0.0 ] ], [ [ 73.1490461, 28.163423, 0.0 ], [ 73.1490692, 28.1634233, 0.0 ], [ 73.149064, 28.1637266, 0.0 ], [ 73.1490409, 28.1637262, 0.0 ], [ 73.1490461, 28.163423, 0.0 ] ], [ [ 73.1489901, 28.1634222, 0.0 ], [ 73.1490133, 28.1634225, 0.0 ], [ 73.149008, 28.1637258, 0.0 ], [ 73.1489849, 28.1637255, 0.0 ], [ 73.1489901, 28.1634222, 0.0 ] ], [ [ 73.1490621, 28.1624918, 0.0 ], [ 73.1490853, 28.1624921, 0.0 ], [ 73.1490801, 28.1627954, 0.0 ], [ 73.1490569, 28.1627951, 0.0 ], [ 73.1490621, 28.1624918, 0.0 ] ], [ [ 73.1490062, 28.1624911, 0.0 ], [ 73.1490293, 28.1624914, 0.0 ], [ 73.1490241, 28.1627947, 0.0 ], [ 73.1490009, 28.1627943, 0.0 ], [ 73.1490062, 28.1624911, 0.0 ] ], [ [ 73.1490568, 28.1628035, 0.0 ], [ 73.1490799, 28.1628038, 0.0 ], [ 73.1490747, 28.1631071, 0.0 ], [ 73.1490516, 28.1631068, 0.0 ], [ 73.1490568, 28.1628035, 0.0 ] ], [ [ 73.1490008, 28.1628028, 0.0 ], [ 73.1490239, 28.1628031, 0.0 ], [ 73.1490187, 28.1631063, 0.0 ], [ 73.1489956, 28.163106, 0.0 ], [ 73.1490008, 28.1628028, 0.0 ] ], [ [ 73.1490728, 28.1618724, 0.0 ], [ 73.1490959, 28.1618727, 0.0 ], [ 73.1490907, 28.1621759, 0.0 ], [ 73.1490676, 28.1621756, 0.0 ], [ 73.1490728, 28.1618724, 0.0 ] ], [ [ 73.1490168, 28.1618716, 0.0 ], [ 73.1490399, 28.1618719, 0.0 ], [ 73.1490347, 28.1621752, 0.0 ], [ 73.1490116, 28.1621749, 0.0 ], [ 73.1490168, 28.1618716, 0.0 ] ], [ [ 73.1490674, 28.162184, 0.0 ], [ 73.1490906, 28.1621844, 0.0 ], [ 73.1490854, 28.1624876, 0.0 ], [ 73.1490622, 28.1624873, 0.0 ], [ 73.1490674, 28.162184, 0.0 ] ], [ [ 73.1490114, 28.1621833, 0.0 ], [ 73.1490346, 28.1621836, 0.0 ], [ 73.1490294, 28.1624869, 0.0 ], [ 73.1490062, 28.1624866, 0.0 ], [ 73.1490114, 28.1621833, 0.0 ] ], [ [ 73.1490835, 28.1612529, 0.0 ], [ 73.1491066, 28.1612532, 0.0 ], [ 73.1491014, 28.1615565, 0.0 ], [ 73.1490782, 28.1615562, 0.0 ], [ 73.1490835, 28.1612529, 0.0 ] ], [ [ 73.1490275, 28.1612521, 0.0 ], [ 73.1490506, 28.1612524, 0.0 ], [ 73.1490454, 28.1615557, 0.0 ], [ 73.1490223, 28.1615554, 0.0 ], [ 73.1490275, 28.1612521, 0.0 ] ], [ [ 73.1490781, 28.1615646, 0.0 ], [ 73.1491012, 28.1615649, 0.0 ], [ 73.149096, 28.1618682, 0.0 ], [ 73.1490729, 28.1618678, 0.0 ], [ 73.1490781, 28.1615646, 0.0 ] ], [ [ 73.1490221, 28.1615638, 0.0 ], [ 73.1490452, 28.1615641, 0.0 ], [ 73.14904, 28.1618674, 0.0 ], [ 73.1490169, 28.1618671, 0.0 ], [ 73.1490221, 28.1615638, 0.0 ] ], [ [ 73.1490941, 28.1606334, 0.0 ], [ 73.1491173, 28.1606337, 0.0 ], [ 73.149112, 28.160937, 0.0 ], [ 73.1490889, 28.1609367, 0.0 ], [ 73.1490941, 28.1606334, 0.0 ] ], [ [ 73.1490381, 28.1606327, 0.0 ], [ 73.1490613, 28.160633, 0.0 ], [ 73.149056, 28.1609363, 0.0 ], [ 73.1490329, 28.1609359, 0.0 ], [ 73.1490381, 28.1606327, 0.0 ] ], [ [ 73.1490888, 28.1609451, 0.0 ], [ 73.1491119, 28.1609454, 0.0 ], [ 73.1491067, 28.1612487, 0.0 ], [ 73.1490835, 28.1612484, 0.0 ], [ 73.1490888, 28.1609451, 0.0 ] ], [ [ 73.1490328, 28.1609444, 0.0 ], [ 73.1490559, 28.1609447, 0.0 ], [ 73.1490507, 28.1612479, 0.0 ], [ 73.1490276, 28.1612476, 0.0 ], [ 73.1490328, 28.1609444, 0.0 ] ], [ [ 73.1489182, 28.1643487, 0.0 ], [ 73.1489413, 28.164349, 0.0 ], [ 73.1489361, 28.1646523, 0.0 ], [ 73.1489129, 28.164652, 0.0 ], [ 73.1489182, 28.1643487, 0.0 ] ], [ [ 73.1488622, 28.164348, 0.0 ], [ 73.1488853, 28.1643483, 0.0 ], [ 73.1488801, 28.1646515, 0.0 ], [ 73.148857, 28.1646512, 0.0 ], [ 73.1488622, 28.164348, 0.0 ] ], [ [ 73.1489128, 28.1646604, 0.0 ], [ 73.1489359, 28.1646607, 0.0 ], [ 73.1489307, 28.164964, 0.0 ], [ 73.1489076, 28.1649637, 0.0 ], [ 73.1489128, 28.1646604, 0.0 ] ], [ [ 73.1488568, 28.1646596, 0.0 ], [ 73.1488799, 28.16466, 0.0 ], [ 73.1488747, 28.1649632, 0.0 ], [ 73.1488516, 28.1649629, 0.0 ], [ 73.1488568, 28.1646596, 0.0 ] ], [ [ 73.1489288, 28.1637292, 0.0 ], [ 73.148952, 28.1637296, 0.0 ], [ 73.1489467, 28.1640328, 0.0 ], [ 73.1489236, 28.1640325, 0.0 ], [ 73.1489288, 28.1637292, 0.0 ] ], [ [ 73.1488728, 28.1637285, 0.0 ], [ 73.148896, 28.1637288, 0.0 ], [ 73.1488907, 28.1640321, 0.0 ], [ 73.1488676, 28.1640318, 0.0 ], [ 73.1488728, 28.1637285, 0.0 ] ], [ [ 73.1489235, 28.1640409, 0.0 ], [ 73.1489466, 28.1640412, 0.0 ], [ 73.1489414, 28.1643445, 0.0 ], [ 73.1489182, 28.1643442, 0.0 ], [ 73.1489235, 28.1640409, 0.0 ] ], [ [ 73.1488675, 28.1640402, 0.0 ], [ 73.1488906, 28.1640405, 0.0 ], [ 73.1488854, 28.1643438, 0.0 ], [ 73.1488623, 28.1643434, 0.0 ], [ 73.1488675, 28.1640402, 0.0 ] ], [ [ 73.1489395, 28.1631098, 0.0 ], [ 73.1489626, 28.1631101, 0.0 ], [ 73.1489574, 28.1634134, 0.0 ], [ 73.1489343, 28.163413, 0.0 ], [ 73.1489395, 28.1631098, 0.0 ] ], [ [ 73.1488835, 28.163109, 0.0 ], [ 73.1489066, 28.1631093, 0.0 ], [ 73.1489014, 28.1634126, 0.0 ], [ 73.1488783, 28.1634123, 0.0 ], [ 73.1488835, 28.163109, 0.0 ] ], [ [ 73.1489341, 28.1634215, 0.0 ], [ 73.1489573, 28.1634218, 0.0 ], [ 73.148952, 28.163725, 0.0 ], [ 73.1489289, 28.1637247, 0.0 ], [ 73.1489341, 28.1634215, 0.0 ] ], [ [ 73.1488781, 28.1634207, 0.0 ], [ 73.1489013, 28.163421, 0.0 ], [ 73.148896, 28.1637243, 0.0 ], [ 73.1488729, 28.163724, 0.0 ], [ 73.1488781, 28.1634207, 0.0 ] ], [ [ 73.1489502, 28.1624903, 0.0 ], [ 73.1489733, 28.1624906, 0.0 ], [ 73.1489681, 28.1627939, 0.0 ], [ 73.1489449, 28.1627936, 0.0 ], [ 73.1489502, 28.1624903, 0.0 ] ], [ [ 73.1488942, 28.1624896, 0.0 ], [ 73.1489173, 28.1624899, 0.0 ], [ 73.1489121, 28.1627931, 0.0 ], [ 73.1488889, 28.1627928, 0.0 ], [ 73.1488942, 28.1624896, 0.0 ] ], [ [ 73.1489448, 28.162802, 0.0 ], [ 73.1489679, 28.1628023, 0.0 ], [ 73.1489627, 28.1631056, 0.0 ], [ 73.1489396, 28.1631053, 0.0 ], [ 73.1489448, 28.162802, 0.0 ] ], [ [ 73.1488888, 28.1628012, 0.0 ], [ 73.1489119, 28.1628016, 0.0 ], [ 73.1489067, 28.1631048, 0.0 ], [ 73.1488836, 28.1631045, 0.0 ], [ 73.1488888, 28.1628012, 0.0 ] ], [ [ 73.1489608, 28.1618708, 0.0 ], [ 73.1489839, 28.1618712, 0.0 ], [ 73.1489787, 28.1621744, 0.0 ], [ 73.1489556, 28.1621741, 0.0 ], [ 73.1489608, 28.1618708, 0.0 ] ], [ [ 73.1489048, 28.1618701, 0.0 ], [ 73.148928, 28.1618704, 0.0 ], [ 73.1489227, 28.1621737, 0.0 ], [ 73.1488996, 28.1621734, 0.0 ], [ 73.1489048, 28.1618701, 0.0 ] ], [ [ 73.1489555, 28.1621825, 0.0 ], [ 73.1489786, 28.1621828, 0.0 ], [ 73.1489734, 28.1624861, 0.0 ], [ 73.1489502, 28.1624858, 0.0 ], [ 73.1489555, 28.1621825, 0.0 ] ], [ [ 73.1488995, 28.1621818, 0.0 ], [ 73.1489226, 28.1621821, 0.0 ], [ 73.1489174, 28.1624854, 0.0 ], [ 73.1488942, 28.162485, 0.0 ], [ 73.1488995, 28.1621818, 0.0 ] ], [ [ 73.1489715, 28.1612514, 0.0 ], [ 73.1489946, 28.1612517, 0.0 ], [ 73.1489894, 28.161555, 0.0 ], [ 73.1489663, 28.1615546, 0.0 ], [ 73.1489715, 28.1612514, 0.0 ] ], [ [ 73.1489155, 28.1612506, 0.0 ], [ 73.1489386, 28.1612509, 0.0 ], [ 73.1489334, 28.1615542, 0.0 ], [ 73.1489103, 28.1615539, 0.0 ], [ 73.1489155, 28.1612506, 0.0 ] ], [ [ 73.1489661, 28.1615631, 0.0 ], [ 73.1489892, 28.1615634, 0.0 ], [ 73.148984, 28.1618666, 0.0 ], [ 73.1489609, 28.1618663, 0.0 ], [ 73.1489661, 28.1615631, 0.0 ] ], [ [ 73.1489101, 28.1615623, 0.0 ], [ 73.1489333, 28.1615626, 0.0 ], [ 73.148928, 28.1618659, 0.0 ], [ 73.1489049, 28.1618656, 0.0 ], [ 73.1489101, 28.1615623, 0.0 ] ], [ [ 73.1489821, 28.1606319, 0.0 ], [ 73.1490053, 28.1606322, 0.0 ], [ 73.1490001, 28.1609355, 0.0 ], [ 73.1489769, 28.1609352, 0.0 ], [ 73.1489821, 28.1606319, 0.0 ] ], [ [ 73.1489261, 28.1606312, 0.0 ], [ 73.1489493, 28.1606315, 0.0 ], [ 73.1489441, 28.1609347, 0.0 ], [ 73.1489209, 28.1609344, 0.0 ], [ 73.1489261, 28.1606312, 0.0 ] ], [ [ 73.1489768, 28.1609436, 0.0 ], [ 73.1489999, 28.1609439, 0.0 ], [ 73.1489947, 28.1612472, 0.0 ], [ 73.1489716, 28.1612469, 0.0 ], [ 73.1489768, 28.1609436, 0.0 ] ], [ [ 73.1489208, 28.1609428, 0.0 ], [ 73.1489439, 28.1609432, 0.0 ], [ 73.1489387, 28.1612464, 0.0 ], [ 73.1489156, 28.1612461, 0.0 ], [ 73.1489208, 28.1609428, 0.0 ] ], [ [ 73.1488062, 28.1643472, 0.0 ], [ 73.1488293, 28.1643475, 0.0 ], [ 73.1488241, 28.1646508, 0.0 ], [ 73.148801, 28.1646505, 0.0 ], [ 73.1488062, 28.1643472, 0.0 ] ], [ [ 73.1487502, 28.1643464, 0.0 ], [ 73.1487733, 28.1643468, 0.0 ], [ 73.1487681, 28.16465, 0.0 ], [ 73.148745, 28.1646497, 0.0 ], [ 73.1487502, 28.1643464, 0.0 ] ], [ [ 73.1488008, 28.1646589, 0.0 ], [ 73.1488239, 28.1646592, 0.0 ], [ 73.1488187, 28.1649625, 0.0 ], [ 73.1487956, 28.1649621, 0.0 ], [ 73.1488008, 28.1646589, 0.0 ] ], [ [ 73.1487448, 28.1646581, 0.0 ], [ 73.148768, 28.1646584, 0.0 ], [ 73.1487627, 28.1649617, 0.0 ], [ 73.1487396, 28.1649614, 0.0 ], [ 73.1487448, 28.1646581, 0.0 ] ], [ [ 73.1488168, 28.1637277, 0.0 ], [ 73.14884, 28.163728, 0.0 ], [ 73.1488348, 28.1640313, 0.0 ], [ 73.1488116, 28.164031, 0.0 ], [ 73.1488168, 28.1637277, 0.0 ] ], [ [ 73.1487609, 28.163727, 0.0 ], [ 73.148784, 28.1637273, 0.0 ], [ 73.1487788, 28.1640306, 0.0 ], [ 73.1487556, 28.1640302, 0.0 ], [ 73.1487609, 28.163727, 0.0 ] ], [ [ 73.1488115, 28.1640394, 0.0 ], [ 73.1488346, 28.1640397, 0.0 ], [ 73.1488294, 28.164343, 0.0 ], [ 73.1488063, 28.1643427, 0.0 ], [ 73.1488115, 28.1640394, 0.0 ] ], [ [ 73.1487555, 28.1640387, 0.0 ], [ 73.1487786, 28.164039, 0.0 ], [ 73.1487734, 28.1643422, 0.0 ], [ 73.1487503, 28.1643419, 0.0 ], [ 73.1487555, 28.1640387, 0.0 ] ], [ [ 73.1488275, 28.1631083, 0.0 ], [ 73.1488506, 28.1631086, 0.0 ], [ 73.1488454, 28.1634118, 0.0 ], [ 73.1488223, 28.1634115, 0.0 ], [ 73.1488275, 28.1631083, 0.0 ] ], [ [ 73.1487715, 28.1631075, 0.0 ], [ 73.1487946, 28.1631078, 0.0 ], [ 73.1487894, 28.1634111, 0.0 ], [ 73.1487663, 28.1634108, 0.0 ], [ 73.1487715, 28.1631075, 0.0 ] ], [ [ 73.1488221, 28.16342, 0.0 ], [ 73.1488453, 28.1634203, 0.0 ], [ 73.1488401, 28.1637235, 0.0 ], [ 73.1488169, 28.1637232, 0.0 ], [ 73.1488221, 28.16342, 0.0 ] ], [ [ 73.1487661, 28.1634192, 0.0 ], [ 73.1487893, 28.1634195, 0.0 ], [ 73.1487841, 28.1637228, 0.0 ], [ 73.1487609, 28.1637225, 0.0 ], [ 73.1487661, 28.1634192, 0.0 ] ], [ [ 73.1488382, 28.1624888, 0.0 ], [ 73.1488613, 28.1624891, 0.0 ], [ 73.1488561, 28.1627924, 0.0 ], [ 73.148833, 28.1627921, 0.0 ], [ 73.1488382, 28.1624888, 0.0 ] ], [ [ 73.1487822, 28.162488, 0.0 ], [ 73.1488053, 28.1624884, 0.0 ], [ 73.1488001, 28.1627916, 0.0 ], [ 73.148777, 28.1627913, 0.0 ], [ 73.1487822, 28.162488, 0.0 ] ], [ [ 73.1488328, 28.1628005, 0.0 ], [ 73.1488559, 28.1628008, 0.0 ], [ 73.1488507, 28.1631041, 0.0 ], [ 73.1488276, 28.1631038, 0.0 ], [ 73.1488328, 28.1628005, 0.0 ] ], [ [ 73.1487768, 28.1627997, 0.0 ], [ 73.1487999, 28.1628, 0.0 ], [ 73.1487947, 28.1631033, 0.0 ], [ 73.1487716, 28.163103, 0.0 ], [ 73.1487768, 28.1627997, 0.0 ] ], [ [ 73.1488488, 28.1618693, 0.0 ], [ 73.148872, 28.1618696, 0.0 ], [ 73.1488667, 28.1621729, 0.0 ], [ 73.1488436, 28.1621726, 0.0 ], [ 73.1488488, 28.1618693, 0.0 ] ], [ [ 73.1487928, 28.1618686, 0.0 ], [ 73.148816, 28.1618689, 0.0 ], [ 73.1488108, 28.1621722, 0.0 ], [ 73.1487876, 28.1621718, 0.0 ], [ 73.1487928, 28.1618686, 0.0 ] ], [ [ 73.1488435, 28.162181, 0.0 ], [ 73.1488666, 28.1621813, 0.0 ], [ 73.1488614, 28.1624846, 0.0 ], [ 73.1488382, 28.1624843, 0.0 ], [ 73.1488435, 28.162181, 0.0 ] ], [ [ 73.1487875, 28.1621803, 0.0 ], [ 73.1488106, 28.1621806, 0.0 ], [ 73.1488054, 28.1624838, 0.0 ], [ 73.1487823, 28.1624835, 0.0 ], [ 73.1487875, 28.1621803, 0.0 ] ], [ [ 73.1488595, 28.1612499, 0.0 ], [ 73.1488826, 28.1612502, 0.0 ], [ 73.1488774, 28.1615534, 0.0 ], [ 73.1488543, 28.1615531, 0.0 ], [ 73.1488595, 28.1612499, 0.0 ] ], [ [ 73.1488035, 28.1612491, 0.0 ], [ 73.1488266, 28.1612494, 0.0 ], [ 73.1488214, 28.1615527, 0.0 ], [ 73.1487983, 28.1615524, 0.0 ], [ 73.1488035, 28.1612491, 0.0 ] ], [ [ 73.1488541, 28.1615616, 0.0 ], [ 73.1488773, 28.1615619, 0.0 ], [ 73.148872, 28.1618651, 0.0 ], [ 73.1488489, 28.1618648, 0.0 ], [ 73.1488541, 28.1615616, 0.0 ] ], [ [ 73.1487981, 28.1615608, 0.0 ], [ 73.1488213, 28.1615611, 0.0 ], [ 73.148816, 28.1618644, 0.0 ], [ 73.1487929, 28.1618641, 0.0 ], [ 73.1487981, 28.1615608, 0.0 ] ], [ [ 73.1485822, 28.1643442, 0.0 ], [ 73.1486053, 28.1643445, 0.0 ], [ 73.1486001, 28.1646477, 0.0 ], [ 73.148577, 28.1646474, 0.0 ], [ 73.1485822, 28.1643442, 0.0 ] ], [ [ 73.1485262, 28.1643434, 0.0 ], [ 73.1485493, 28.1643437, 0.0 ], [ 73.1485441, 28.164647, 0.0 ], [ 73.148521, 28.1646467, 0.0 ], [ 73.1485262, 28.1643434, 0.0 ] ], [ [ 73.1485768, 28.1646559, 0.0 ], [ 73.1486, 28.1646562, 0.0 ], [ 73.1485947, 28.1649594, 0.0 ], [ 73.1485716, 28.1649591, 0.0 ], [ 73.1485768, 28.1646559, 0.0 ] ], [ [ 73.1485208, 28.1646551, 0.0 ], [ 73.148544, 28.1646554, 0.0 ], [ 73.1485388, 28.1649587, 0.0 ], [ 73.1485156, 28.1649584, 0.0 ], [ 73.1485208, 28.1646551, 0.0 ] ], [ [ 73.1485929, 28.1637247, 0.0 ], [ 73.148616, 28.163725, 0.0 ], [ 73.1486108, 28.1640283, 0.0 ], [ 73.1485876, 28.164028, 0.0 ], [ 73.1485929, 28.1637247, 0.0 ] ], [ [ 73.1485369, 28.1637239, 0.0 ], [ 73.14856, 28.1637243, 0.0 ], [ 73.1485548, 28.1640275, 0.0 ], [ 73.1485317, 28.1640272, 0.0 ], [ 73.1485369, 28.1637239, 0.0 ] ], [ [ 73.1485875, 28.1640364, 0.0 ], [ 73.1486106, 28.1640367, 0.0 ], [ 73.1486054, 28.16434, 0.0 ], [ 73.1485823, 28.1643397, 0.0 ], [ 73.1485875, 28.1640364, 0.0 ] ], [ [ 73.1485315, 28.1640356, 0.0 ], [ 73.1485546, 28.1640359, 0.0 ], [ 73.1485494, 28.1643392, 0.0 ], [ 73.1485263, 28.1643389, 0.0 ], [ 73.1485315, 28.1640356, 0.0 ] ], [ [ 73.1486035, 28.1631052, 0.0 ], [ 73.1486267, 28.1631055, 0.0 ], [ 73.1486214, 28.1634088, 0.0 ], [ 73.1485983, 28.1634085, 0.0 ], [ 73.1486035, 28.1631052, 0.0 ] ], [ [ 73.1485475, 28.1631045, 0.0 ], [ 73.1485707, 28.1631048, 0.0 ], [ 73.1485654, 28.1634081, 0.0 ], [ 73.1485423, 28.1634077, 0.0 ], [ 73.1485475, 28.1631045, 0.0 ] ], [ [ 73.1485982, 28.1634169, 0.0 ], [ 73.1486213, 28.1634172, 0.0 ], [ 73.1486161, 28.1637205, 0.0 ], [ 73.1485929, 28.1637202, 0.0 ], [ 73.1485982, 28.1634169, 0.0 ] ], [ [ 73.1485422, 28.1634162, 0.0 ], [ 73.1485653, 28.1634165, 0.0 ], [ 73.1485601, 28.1637197, 0.0 ], [ 73.148537, 28.1637194, 0.0 ], [ 73.1485422, 28.1634162, 0.0 ] ], [ [ 73.1486249, 28.1618663, 0.0 ], [ 73.148648, 28.1618666, 0.0 ], [ 73.1486428, 28.1621699, 0.0 ], [ 73.1486196, 28.1621696, 0.0 ], [ 73.1486249, 28.1618663, 0.0 ] ], [ [ 73.1485689, 28.1618655, 0.0 ], [ 73.148592, 28.1618659, 0.0 ], [ 73.1485868, 28.1621691, 0.0 ], [ 73.1485636, 28.1621688, 0.0 ], [ 73.1485689, 28.1618655, 0.0 ] ], [ [ 73.1486195, 28.162178, 0.0 ], [ 73.1486426, 28.1621783, 0.0 ], [ 73.1486374, 28.1624816, 0.0 ], [ 73.1486143, 28.1624813, 0.0 ], [ 73.1486195, 28.162178, 0.0 ] ], [ [ 73.1485635, 28.1621772, 0.0 ], [ 73.1485866, 28.1621775, 0.0 ], [ 73.1485814, 28.1624808, 0.0 ], [ 73.1485583, 28.1624805, 0.0 ], [ 73.1485635, 28.1621772, 0.0 ] ], [ [ 73.1486355, 28.1612468, 0.0 ], [ 73.1486587, 28.1612472, 0.0 ], [ 73.1486534, 28.1615504, 0.0 ], [ 73.1486303, 28.1615501, 0.0 ], [ 73.1486355, 28.1612468, 0.0 ] ], [ [ 73.1485795, 28.1612461, 0.0 ], [ 73.1486027, 28.1612464, 0.0 ], [ 73.1485974, 28.1615497, 0.0 ], [ 73.1485743, 28.1615494, 0.0 ], [ 73.1485795, 28.1612461, 0.0 ] ], [ [ 73.1486302, 28.1615585, 0.0 ], [ 73.1486533, 28.1615588, 0.0 ], [ 73.1486481, 28.1618621, 0.0 ], [ 73.1486249, 28.1618618, 0.0 ], [ 73.1486302, 28.1615585, 0.0 ] ], [ [ 73.1485742, 28.1615578, 0.0 ], [ 73.1485973, 28.1615581, 0.0 ], [ 73.1485921, 28.1618613, 0.0 ], [ 73.1485689, 28.161861, 0.0 ], [ 73.1485742, 28.1615578, 0.0 ] ], [ [ 73.1484702, 28.1643427, 0.0 ], [ 73.1484933, 28.164343, 0.0 ], [ 73.1484881, 28.1646462, 0.0 ], [ 73.148465, 28.1646459, 0.0 ], [ 73.1484702, 28.1643427, 0.0 ] ], [ [ 73.1484142, 28.1643419, 0.0 ], [ 73.1484374, 28.1643422, 0.0 ], [ 73.1484321, 28.1646455, 0.0 ], [ 73.148409, 28.1646452, 0.0 ], [ 73.1484142, 28.1643419, 0.0 ] ], [ [ 73.1484648, 28.1646543, 0.0 ], [ 73.148488, 28.1646547, 0.0 ], [ 73.1484828, 28.1649579, 0.0 ], [ 73.1484596, 28.1649576, 0.0 ], [ 73.1484648, 28.1646543, 0.0 ] ], [ [ 73.1484089, 28.1646536, 0.0 ], [ 73.148432, 28.1646539, 0.0 ], [ 73.1484268, 28.1649572, 0.0 ], [ 73.1484036, 28.1649568, 0.0 ], [ 73.1484089, 28.1646536, 0.0 ] ], [ [ 73.1484809, 28.1637232, 0.0 ], [ 73.148504, 28.1637235, 0.0 ], [ 73.1484988, 28.1640268, 0.0 ], [ 73.1484757, 28.1640265, 0.0 ], [ 73.1484809, 28.1637232, 0.0 ] ], [ [ 73.1484249, 28.1637224, 0.0 ], [ 73.148448, 28.1637227, 0.0 ], [ 73.1484428, 28.164026, 0.0 ], [ 73.1484197, 28.1640257, 0.0 ], [ 73.1484249, 28.1637224, 0.0 ] ], [ [ 73.1484755, 28.1640349, 0.0 ], [ 73.1484986, 28.1640352, 0.0 ], [ 73.1484934, 28.1643385, 0.0 ], [ 73.1484703, 28.1643381, 0.0 ], [ 73.1484755, 28.1640349, 0.0 ] ], [ [ 73.1484195, 28.1640341, 0.0 ], [ 73.1484427, 28.1640344, 0.0 ], [ 73.1484374, 28.1643377, 0.0 ], [ 73.1484143, 28.1643374, 0.0 ], [ 73.1484195, 28.1640341, 0.0 ] ], [ [ 73.1484915, 28.1631037, 0.0 ], [ 73.1485147, 28.163104, 0.0 ], [ 73.1485095, 28.1634073, 0.0 ], [ 73.1484863, 28.163407, 0.0 ], [ 73.1484915, 28.1631037, 0.0 ] ], [ [ 73.1484356, 28.163103, 0.0 ], [ 73.1484587, 28.1631033, 0.0 ], [ 73.1484535, 28.1634065, 0.0 ], [ 73.1484303, 28.1634062, 0.0 ], [ 73.1484356, 28.163103, 0.0 ] ], [ [ 73.1484862, 28.1634154, 0.0 ], [ 73.1485093, 28.1634157, 0.0 ], [ 73.1485041, 28.163719, 0.0 ], [ 73.148481, 28.1637187, 0.0 ], [ 73.1484862, 28.1634154, 0.0 ] ], [ [ 73.1484302, 28.1634147, 0.0 ], [ 73.1484533, 28.163415, 0.0 ], [ 73.1484481, 28.1637182, 0.0 ], [ 73.148425, 28.1637179, 0.0 ], [ 73.1484302, 28.1634147, 0.0 ] ], [ [ 73.1485129, 28.1618648, 0.0 ], [ 73.148536, 28.1618651, 0.0 ], [ 73.1485308, 28.1621684, 0.0 ], [ 73.1485077, 28.1621681, 0.0 ], [ 73.1485129, 28.1618648, 0.0 ] ], [ [ 73.1484569, 28.161864, 0.0 ], [ 73.14848, 28.1618643, 0.0 ], [ 73.1484748, 28.1621676, 0.0 ], [ 73.1484517, 28.1621673, 0.0 ], [ 73.1484569, 28.161864, 0.0 ] ], [ [ 73.1485075, 28.1621765, 0.0 ], [ 73.1485306, 28.1621768, 0.0 ], [ 73.1485254, 28.1624801, 0.0 ], [ 73.1485023, 28.1624797, 0.0 ], [ 73.1485075, 28.1621765, 0.0 ] ], [ [ 73.1484515, 28.1621757, 0.0 ], [ 73.1484746, 28.162176, 0.0 ], [ 73.1484694, 28.1624793, 0.0 ], [ 73.1484463, 28.162479, 0.0 ], [ 73.1484515, 28.1621757, 0.0 ] ], [ [ 73.1485235, 28.1612453, 0.0 ], [ 73.1485467, 28.1612456, 0.0 ], [ 73.1485414, 28.1615489, 0.0 ], [ 73.1485183, 28.1615486, 0.0 ], [ 73.1485235, 28.1612453, 0.0 ] ], [ [ 73.1484675, 28.1612446, 0.0 ], [ 73.1484907, 28.1612449, 0.0 ], [ 73.1484855, 28.1615481, 0.0 ], [ 73.1484623, 28.1615478, 0.0 ], [ 73.1484675, 28.1612446, 0.0 ] ], [ [ 73.1485182, 28.161557, 0.0 ], [ 73.1485413, 28.1615573, 0.0 ], [ 73.1485361, 28.1618606, 0.0 ], [ 73.148513, 28.1618603, 0.0 ], [ 73.1485182, 28.161557, 0.0 ] ], [ [ 73.1484622, 28.1615563, 0.0 ], [ 73.1484853, 28.1615566, 0.0 ], [ 73.1484801, 28.1618598, 0.0 ], [ 73.148457, 28.1618595, 0.0 ], [ 73.1484622, 28.1615563, 0.0 ] ], [ [ 73.1483582, 28.1643411, 0.0 ], [ 73.1483814, 28.1643415, 0.0 ], [ 73.1483761, 28.1646447, 0.0 ], [ 73.148353, 28.1646444, 0.0 ], [ 73.1483582, 28.1643411, 0.0 ] ], [ [ 73.1483022, 28.1643404, 0.0 ], [ 73.1483254, 28.1643407, 0.0 ], [ 73.1483201, 28.164644, 0.0 ], [ 73.148297, 28.1646436, 0.0 ], [ 73.1483022, 28.1643404, 0.0 ] ], [ [ 73.1483529, 28.1646528, 0.0 ], [ 73.148376, 28.1646531, 0.0 ], [ 73.1483708, 28.1649564, 0.0 ], [ 73.1483476, 28.1649561, 0.0 ], [ 73.1483529, 28.1646528, 0.0 ] ], [ [ 73.1482969, 28.1646521, 0.0 ], [ 73.14832, 28.1646524, 0.0 ], [ 73.1483148, 28.1649556, 0.0 ], [ 73.1482916, 28.1649553, 0.0 ], [ 73.1482969, 28.1646521, 0.0 ] ], [ [ 73.1483689, 28.1637217, 0.0 ], [ 73.148392, 28.163722, 0.0 ], [ 73.1483868, 28.1640253, 0.0 ], [ 73.1483637, 28.1640249, 0.0 ], [ 73.1483689, 28.1637217, 0.0 ] ], [ [ 73.1483129, 28.1637209, 0.0 ], [ 73.148336, 28.1637212, 0.0 ], [ 73.1483308, 28.1640245, 0.0 ], [ 73.1483077, 28.1640242, 0.0 ], [ 73.1483129, 28.1637209, 0.0 ] ], [ [ 73.1483635, 28.1640334, 0.0 ], [ 73.1483867, 28.1640337, 0.0 ], [ 73.1483814, 28.1643369, 0.0 ], [ 73.1483583, 28.1643366, 0.0 ], [ 73.1483635, 28.1640334, 0.0 ] ], [ [ 73.1483075, 28.1640326, 0.0 ], [ 73.1483307, 28.1640329, 0.0 ], [ 73.1483254, 28.1643362, 0.0 ], [ 73.1483023, 28.1643359, 0.0 ], [ 73.1483075, 28.1640326, 0.0 ] ], [ [ 73.1483796, 28.1631022, 0.0 ], [ 73.1484027, 28.1631025, 0.0 ], [ 73.1483975, 28.1634058, 0.0 ], [ 73.1483743, 28.1634055, 0.0 ], [ 73.1483796, 28.1631022, 0.0 ] ], [ [ 73.1483236, 28.1631015, 0.0 ], [ 73.1483467, 28.1631018, 0.0 ], [ 73.1483415, 28.163405, 0.0 ], [ 73.1483183, 28.1634047, 0.0 ], [ 73.1483236, 28.1631015, 0.0 ] ], [ [ 73.1483742, 28.1634139, 0.0 ], [ 73.1483973, 28.1634142, 0.0 ], [ 73.1483921, 28.1637175, 0.0 ], [ 73.148369, 28.1637172, 0.0 ], [ 73.1483742, 28.1634139, 0.0 ] ], [ [ 73.1483182, 28.1634131, 0.0 ], [ 73.1483413, 28.1634134, 0.0 ], [ 73.1483361, 28.1637167, 0.0 ], [ 73.148313, 28.1637164, 0.0 ], [ 73.1483182, 28.1634131, 0.0 ] ], [ [ 73.1484009, 28.1618633, 0.0 ], [ 73.148424, 28.1618636, 0.0 ], [ 73.1484188, 28.1621669, 0.0 ], [ 73.1483957, 28.1621665, 0.0 ], [ 73.1484009, 28.1618633, 0.0 ] ], [ [ 73.1483449, 28.1618625, 0.0 ], [ 73.148368, 28.1618628, 0.0 ], [ 73.1483628, 28.1621661, 0.0 ], [ 73.1483397, 28.1621658, 0.0 ], [ 73.1483449, 28.1618625, 0.0 ] ], [ [ 73.1483955, 28.162175, 0.0 ], [ 73.1484187, 28.1621753, 0.0 ], [ 73.1484134, 28.1624785, 0.0 ], [ 73.1483903, 28.1624782, 0.0 ], [ 73.1483955, 28.162175, 0.0 ] ], [ [ 73.1483395, 28.1621742, 0.0 ], [ 73.1483627, 28.1621745, 0.0 ], [ 73.1483574, 28.1624778, 0.0 ], [ 73.1483343, 28.1624775, 0.0 ], [ 73.1483395, 28.1621742, 0.0 ] ], [ [ 73.1482462, 28.1643396, 0.0 ], [ 73.1482694, 28.1643399, 0.0 ], [ 73.1482641, 28.1646432, 0.0 ], [ 73.148241, 28.1646429, 0.0 ], [ 73.1482462, 28.1643396, 0.0 ] ], [ [ 73.1481902, 28.1643389, 0.0 ], [ 73.1482134, 28.1643392, 0.0 ], [ 73.1482082, 28.1646424, 0.0 ], [ 73.148185, 28.1646421, 0.0 ], [ 73.1481902, 28.1643389, 0.0 ] ], [ [ 73.1482409, 28.1646513, 0.0 ], [ 73.148264, 28.1646516, 0.0 ], [ 73.1482588, 28.1649549, 0.0 ], [ 73.1482356, 28.1649546, 0.0 ], [ 73.1482409, 28.1646513, 0.0 ] ], [ [ 73.1481849, 28.1646506, 0.0 ], [ 73.148208, 28.1646509, 0.0 ], [ 73.1482028, 28.1649541, 0.0 ], [ 73.1481797, 28.1649538, 0.0 ], [ 73.1481849, 28.1646506, 0.0 ] ], [ [ 73.1482569, 28.1637202, 0.0 ], [ 73.14828, 28.1637205, 0.0 ], [ 73.1482748, 28.1640237, 0.0 ], [ 73.1482517, 28.1640234, 0.0 ], [ 73.1482569, 28.1637202, 0.0 ] ], [ [ 73.1482009, 28.1637194, 0.0 ], [ 73.148224, 28.1637197, 0.0 ], [ 73.1482188, 28.164023, 0.0 ], [ 73.1481957, 28.1640227, 0.0 ], [ 73.1482009, 28.1637194, 0.0 ] ], [ [ 73.1482515, 28.1640318, 0.0 ], [ 73.1482747, 28.1640322, 0.0 ], [ 73.1482694, 28.1643354, 0.0 ], [ 73.1482463, 28.1643351, 0.0 ], [ 73.1482515, 28.1640318, 0.0 ] ], [ [ 73.1481955, 28.1640311, 0.0 ], [ 73.1482187, 28.1640314, 0.0 ], [ 73.1482135, 28.1643347, 0.0 ], [ 73.1481903, 28.1643344, 0.0 ], [ 73.1481955, 28.1640311, 0.0 ] ], [ [ 73.1482676, 28.1631007, 0.0 ], [ 73.1482907, 28.163101, 0.0 ], [ 73.1482855, 28.1634043, 0.0 ], [ 73.1482624, 28.163404, 0.0 ], [ 73.1482676, 28.1631007, 0.0 ] ], [ [ 73.1482116, 28.1630999, 0.0 ], [ 73.1482347, 28.1631002, 0.0 ], [ 73.1482295, 28.1634035, 0.0 ], [ 73.1482064, 28.1634032, 0.0 ], [ 73.1482116, 28.1630999, 0.0 ] ], [ [ 73.1482622, 28.1634124, 0.0 ], [ 73.1482853, 28.1634127, 0.0 ], [ 73.1482801, 28.163716, 0.0 ], [ 73.148257, 28.1637156, 0.0 ], [ 73.1482622, 28.1634124, 0.0 ] ], [ [ 73.1482062, 28.1634116, 0.0 ], [ 73.1482293, 28.1634119, 0.0 ], [ 73.1482241, 28.1637152, 0.0 ], [ 73.148201, 28.1637149, 0.0 ], [ 73.1482062, 28.1634116, 0.0 ] ], [ [ 73.1481343, 28.1643381, 0.0 ], [ 73.1481574, 28.1643384, 0.0 ], [ 73.1481522, 28.1646417, 0.0 ], [ 73.148129, 28.1646414, 0.0 ], [ 73.1481343, 28.1643381, 0.0 ] ], [ [ 73.1480783, 28.1643374, 0.0 ], [ 73.1481014, 28.1643377, 0.0 ], [ 73.1480962, 28.1646409, 0.0 ], [ 73.148073, 28.1646406, 0.0 ], [ 73.1480783, 28.1643374, 0.0 ] ], [ [ 73.1481289, 28.1646498, 0.0 ], [ 73.148152, 28.1646501, 0.0 ], [ 73.1481468, 28.1649534, 0.0 ], [ 73.1481237, 28.1649531, 0.0 ], [ 73.1481289, 28.1646498, 0.0 ] ], [ [ 73.1480729, 28.164649, 0.0 ], [ 73.148096, 28.1646494, 0.0 ], [ 73.1480908, 28.1649526, 0.0 ], [ 73.1480677, 28.1649523, 0.0 ], [ 73.1480729, 28.164649, 0.0 ] ], [ [ 73.1481449, 28.1637186, 0.0 ], [ 73.148168, 28.163719, 0.0 ], [ 73.1481628, 28.1640222, 0.0 ], [ 73.1481397, 28.1640219, 0.0 ], [ 73.1481449, 28.1637186, 0.0 ] ], [ [ 73.1480889, 28.1637179, 0.0 ], [ 73.1481121, 28.1637182, 0.0 ], [ 73.1481068, 28.1640215, 0.0 ], [ 73.1480837, 28.1640212, 0.0 ], [ 73.1480889, 28.1637179, 0.0 ] ], [ [ 73.1481396, 28.1640303, 0.0 ], [ 73.1481627, 28.1640306, 0.0 ], [ 73.1481575, 28.1643339, 0.0 ], [ 73.1481343, 28.1643336, 0.0 ], [ 73.1481396, 28.1640303, 0.0 ] ], [ [ 73.1480836, 28.1640296, 0.0 ], [ 73.1481067, 28.1640299, 0.0 ], [ 73.1481015, 28.1643332, 0.0 ], [ 73.1480783, 28.1643328, 0.0 ], [ 73.1480836, 28.1640296, 0.0 ] ], [ [ 73.1481556, 28.1630992, 0.0 ], [ 73.1481787, 28.1630995, 0.0 ], [ 73.1481735, 28.1634028, 0.0 ], [ 73.1481504, 28.1634024, 0.0 ], [ 73.1481556, 28.1630992, 0.0 ] ], [ [ 73.1480996, 28.1630984, 0.0 ], [ 73.1481227, 28.1630987, 0.0 ], [ 73.1481175, 28.163402, 0.0 ], [ 73.1480944, 28.1634017, 0.0 ], [ 73.1480996, 28.1630984, 0.0 ] ], [ [ 73.1481502, 28.1634109, 0.0 ], [ 73.1481733, 28.1634112, 0.0 ], [ 73.1481681, 28.1637144, 0.0 ], [ 73.148145, 28.1637141, 0.0 ], [ 73.1481502, 28.1634109, 0.0 ] ], [ [ 73.1480942, 28.1634101, 0.0 ], [ 73.1481174, 28.1634104, 0.0 ], [ 73.1481121, 28.1637137, 0.0 ], [ 73.148089, 28.1637134, 0.0 ], [ 73.1480942, 28.1634101, 0.0 ] ], [ [ 73.1480223, 28.1643366, 0.0 ], [ 73.1480454, 28.1643369, 0.0 ], [ 73.1480402, 28.1646402, 0.0 ], [ 73.148017, 28.1646399, 0.0 ], [ 73.1480223, 28.1643366, 0.0 ] ], [ [ 73.1479663, 28.1643358, 0.0 ], [ 73.1479894, 28.1643362, 0.0 ], [ 73.1479842, 28.1646394, 0.0 ], [ 73.147961, 28.1646391, 0.0 ], [ 73.1479663, 28.1643358, 0.0 ] ], [ [ 73.1480169, 28.1646483, 0.0 ], [ 73.14804, 28.1646486, 0.0 ], [ 73.1480348, 28.1649519, 0.0 ], [ 73.1480117, 28.1649515, 0.0 ], [ 73.1480169, 28.1646483, 0.0 ] ], [ [ 73.1479609, 28.1646475, 0.0 ], [ 73.147984, 28.1646478, 0.0 ], [ 73.1479788, 28.1649511, 0.0 ], [ 73.1479557, 28.1649508, 0.0 ], [ 73.1479609, 28.1646475, 0.0 ] ], [ [ 73.1480329, 28.1637171, 0.0 ], [ 73.1480561, 28.1637174, 0.0 ], [ 73.1480508, 28.1640207, 0.0 ], [ 73.1480277, 28.1640204, 0.0 ], [ 73.1480329, 28.1637171, 0.0 ] ], [ [ 73.1479769, 28.1637164, 0.0 ], [ 73.1480001, 28.1637167, 0.0 ], [ 73.1479948, 28.16402, 0.0 ], [ 73.1479717, 28.1640196, 0.0 ], [ 73.1479769, 28.1637164, 0.0 ] ], [ [ 73.1480276, 28.1640288, 0.0 ], [ 73.1480507, 28.1640291, 0.0 ], [ 73.1480455, 28.1643324, 0.0 ], [ 73.1480223, 28.1643321, 0.0 ], [ 73.1480276, 28.1640288, 0.0 ] ], [ [ 73.1479716, 28.1640281, 0.0 ], [ 73.1479947, 28.1640284, 0.0 ], [ 73.1479895, 28.1643316, 0.0 ], [ 73.1479663, 28.1643313, 0.0 ], [ 73.1479716, 28.1640281, 0.0 ] ], [ [ 73.1480436, 28.1630977, 0.0 ], [ 73.1480667, 28.163098, 0.0 ], [ 73.1480615, 28.1634012, 0.0 ], [ 73.1480384, 28.1634009, 0.0 ], [ 73.1480436, 28.1630977, 0.0 ] ], [ [ 73.1479876, 28.1630969, 0.0 ], [ 73.1480107, 28.1630972, 0.0 ], [ 73.1480055, 28.1634005, 0.0 ], [ 73.1479824, 28.1634002, 0.0 ], [ 73.1479876, 28.1630969, 0.0 ] ], [ [ 73.1480382, 28.1634094, 0.0 ], [ 73.1480614, 28.1634097, 0.0 ], [ 73.1480561, 28.1637129, 0.0 ], [ 73.148033, 28.1637126, 0.0 ], [ 73.1480382, 28.1634094, 0.0 ] ], [ [ 73.1479822, 28.1634086, 0.0 ], [ 73.1480054, 28.1634089, 0.0 ], [ 73.1480001, 28.1637122, 0.0 ], [ 73.147977, 28.1637119, 0.0 ], [ 73.1479822, 28.1634086, 0.0 ] ], [ [ 73.1479103, 28.1643351, 0.0 ], [ 73.1479334, 28.1643354, 0.0 ], [ 73.1479282, 28.1646387, 0.0 ], [ 73.1479051, 28.1646383, 0.0 ], [ 73.1479103, 28.1643351, 0.0 ] ], [ [ 73.1478543, 28.1643343, 0.0 ], [ 73.1478774, 28.1643346, 0.0 ], [ 73.1478722, 28.1646379, 0.0 ], [ 73.1478491, 28.1646376, 0.0 ], [ 73.1478543, 28.1643343, 0.0 ] ], [ [ 73.1479049, 28.1646468, 0.0 ], [ 73.147928, 28.1646471, 0.0 ], [ 73.1479228, 28.1649503, 0.0 ], [ 73.1478997, 28.16495, 0.0 ], [ 73.1479049, 28.1646468, 0.0 ] ], [ [ 73.1478489, 28.164646, 0.0 ], [ 73.147872, 28.1646463, 0.0 ], [ 73.1478668, 28.1649496, 0.0 ], [ 73.1478437, 28.1649493, 0.0 ], [ 73.1478489, 28.164646, 0.0 ] ], [ [ 73.1479209, 28.1637156, 0.0 ], [ 73.1479441, 28.1637159, 0.0 ], [ 73.1479389, 28.1640192, 0.0 ], [ 73.1479157, 28.1640189, 0.0 ], [ 73.1479209, 28.1637156, 0.0 ] ], [ [ 73.1478649, 28.1637149, 0.0 ], [ 73.1478881, 28.1637152, 0.0 ], [ 73.1478829, 28.1640184, 0.0 ], [ 73.1478597, 28.1640181, 0.0 ], [ 73.1478649, 28.1637149, 0.0 ] ], [ [ 73.1479156, 28.1640273, 0.0 ], [ 73.1479387, 28.1640276, 0.0 ], [ 73.1479335, 28.1643309, 0.0 ], [ 73.1479104, 28.1643306, 0.0 ], [ 73.1479156, 28.1640273, 0.0 ] ], [ [ 73.1478596, 28.1640265, 0.0 ], [ 73.1478827, 28.1640269, 0.0 ], [ 73.1478775, 28.1643301, 0.0 ], [ 73.1478544, 28.1643298, 0.0 ], [ 73.1478596, 28.1640265, 0.0 ] ], [ [ 73.1479316, 28.1630961, 0.0 ], [ 73.1479547, 28.1630965, 0.0 ], [ 73.1479495, 28.1633997, 0.0 ], [ 73.1479264, 28.1633994, 0.0 ], [ 73.1479316, 28.1630961, 0.0 ] ], [ [ 73.1478756, 28.1630954, 0.0 ], [ 73.1478987, 28.1630957, 0.0 ], [ 73.1478935, 28.163399, 0.0 ], [ 73.1478704, 28.1633987, 0.0 ], [ 73.1478756, 28.1630954, 0.0 ] ], [ [ 73.1479262, 28.1634078, 0.0 ], [ 73.1479494, 28.1634081, 0.0 ], [ 73.1479442, 28.1637114, 0.0 ], [ 73.147921, 28.1637111, 0.0 ], [ 73.1479262, 28.1634078, 0.0 ] ], [ [ 73.1478702, 28.1634071, 0.0 ], [ 73.1478934, 28.1634074, 0.0 ], [ 73.1478882, 28.1637107, 0.0 ], [ 73.147865, 28.1637103, 0.0 ], [ 73.1478702, 28.1634071, 0.0 ] ], [ [ 73.1479529, 28.1618572, 0.0 ], [ 73.1479761, 28.1618575, 0.0 ], [ 73.1479709, 28.1621608, 0.0 ], [ 73.1479477, 28.1621605, 0.0 ], [ 73.1479529, 28.1618572, 0.0 ] ], [ [ 73.147897, 28.1618565, 0.0 ], [ 73.1479201, 28.1618568, 0.0 ], [ 73.1479149, 28.16216, 0.0 ], [ 73.1478917, 28.1621597, 0.0 ], [ 73.147897, 28.1618565, 0.0 ] ], [ [ 73.1479476, 28.1621689, 0.0 ], [ 73.1479707, 28.1621692, 0.0 ], [ 73.1479655, 28.1624725, 0.0 ], [ 73.1479424, 28.1624722, 0.0 ], [ 73.1479476, 28.1621689, 0.0 ] ], [ [ 73.1478916, 28.1621681, 0.0 ], [ 73.1479147, 28.1621685, 0.0 ], [ 73.1479095, 28.1624717, 0.0 ], [ 73.1478864, 28.1624714, 0.0 ], [ 73.1478916, 28.1621681, 0.0 ] ], [ [ 73.1477983, 28.1643336, 0.0 ], [ 73.1478214, 28.1643339, 0.0 ], [ 73.1478162, 28.1646371, 0.0 ], [ 73.1477931, 28.1646368, 0.0 ], [ 73.1477983, 28.1643336, 0.0 ] ], [ [ 73.1477423, 28.1643328, 0.0 ], [ 73.1477654, 28.1643331, 0.0 ], [ 73.1477602, 28.1646364, 0.0 ], [ 73.1477371, 28.1646361, 0.0 ], [ 73.1477423, 28.1643328, 0.0 ] ], [ [ 73.1477929, 28.1646453, 0.0 ], [ 73.147816, 28.1646456, 0.0 ], [ 73.1478108, 28.1649488, 0.0 ], [ 73.1477877, 28.1649485, 0.0 ], [ 73.1477929, 28.1646453, 0.0 ] ], [ [ 73.1477369, 28.1646445, 0.0 ], [ 73.1477601, 28.1646448, 0.0 ], [ 73.1477548, 28.1649481, 0.0 ], [ 73.1477317, 28.1649478, 0.0 ], [ 73.1477369, 28.1646445, 0.0 ] ], [ [ 73.147809, 28.1637141, 0.0 ], [ 73.1478321, 28.1637144, 0.0 ], [ 73.1478269, 28.1640177, 0.0 ], [ 73.1478037, 28.1640174, 0.0 ], [ 73.147809, 28.1637141, 0.0 ] ], [ [ 73.147753, 28.1637133, 0.0 ], [ 73.1477761, 28.1637137, 0.0 ], [ 73.1477709, 28.1640169, 0.0 ], [ 73.1477477, 28.1640166, 0.0 ], [ 73.147753, 28.1637133, 0.0 ] ], [ [ 73.1478036, 28.1640258, 0.0 ], [ 73.1478267, 28.1640261, 0.0 ], [ 73.1478215, 28.1643294, 0.0 ], [ 73.1477984, 28.1643291, 0.0 ], [ 73.1478036, 28.1640258, 0.0 ] ], [ [ 73.1477476, 28.164025, 0.0 ], [ 73.1477707, 28.1640253, 0.0 ], [ 73.1477655, 28.1643286, 0.0 ], [ 73.1477424, 28.1643283, 0.0 ], [ 73.1477476, 28.164025, 0.0 ] ], [ [ 73.147841, 28.1618557, 0.0 ], [ 73.1478641, 28.161856, 0.0 ], [ 73.1478589, 28.1621593, 0.0 ], [ 73.1478357, 28.162159, 0.0 ], [ 73.147841, 28.1618557, 0.0 ] ], [ [ 73.147785, 28.1618549, 0.0 ], [ 73.1478081, 28.1618553, 0.0 ], [ 73.1478029, 28.1621585, 0.0 ], [ 73.1477797, 28.1621582, 0.0 ], [ 73.147785, 28.1618549, 0.0 ] ], [ [ 73.1478356, 28.1621674, 0.0 ], [ 73.1478587, 28.1621677, 0.0 ], [ 73.1478535, 28.162471, 0.0 ], [ 73.1478304, 28.1624707, 0.0 ], [ 73.1478356, 28.1621674, 0.0 ] ], [ [ 73.1477796, 28.1621666, 0.0 ], [ 73.1478027, 28.1621669, 0.0 ], [ 73.1477975, 28.1624702, 0.0 ], [ 73.1477744, 28.1624699, 0.0 ], [ 73.1477796, 28.1621666, 0.0 ] ], [ [ 73.1476863, 28.1643321, 0.0 ], [ 73.1477094, 28.1643324, 0.0 ], [ 73.1477042, 28.1646356, 0.0 ], [ 73.1476811, 28.1646353, 0.0 ], [ 73.1476863, 28.1643321, 0.0 ] ], [ [ 73.1476303, 28.1643313, 0.0 ], [ 73.1476534, 28.1643316, 0.0 ], [ 73.1476482, 28.1646349, 0.0 ], [ 73.1476251, 28.1646346, 0.0 ], [ 73.1476303, 28.1643313, 0.0 ] ], [ [ 73.1476809, 28.1646437, 0.0 ], [ 73.1477041, 28.164644, 0.0 ], [ 73.1476988, 28.1649473, 0.0 ], [ 73.1476757, 28.164947, 0.0 ], [ 73.1476809, 28.1646437, 0.0 ] ], [ [ 73.1476249, 28.164643, 0.0 ], [ 73.1476481, 28.1646433, 0.0 ], [ 73.1476428, 28.1649466, 0.0 ], [ 73.1476197, 28.1649462, 0.0 ], [ 73.1476249, 28.164643, 0.0 ] ], [ [ 73.147697, 28.1637126, 0.0 ], [ 73.1477201, 28.1637129, 0.0 ], [ 73.1477149, 28.1640162, 0.0 ], [ 73.1476917, 28.1640159, 0.0 ], [ 73.147697, 28.1637126, 0.0 ] ], [ [ 73.147641, 28.1637118, 0.0 ], [ 73.1476641, 28.1637121, 0.0 ], [ 73.1476589, 28.1640154, 0.0 ], [ 73.1476357, 28.1640151, 0.0 ], [ 73.147641, 28.1637118, 0.0 ] ], [ [ 73.1476916, 28.1640243, 0.0 ], [ 73.1477147, 28.1640246, 0.0 ], [ 73.1477095, 28.1643279, 0.0 ], [ 73.1476864, 28.1643275, 0.0 ], [ 73.1476916, 28.1640243, 0.0 ] ], [ [ 73.1476356, 28.1640235, 0.0 ], [ 73.1476587, 28.1640238, 0.0 ], [ 73.1476535, 28.1643271, 0.0 ], [ 73.1476304, 28.1643268, 0.0 ], [ 73.1476356, 28.1640235, 0.0 ] ], [ [ 73.1477076, 28.1630931, 0.0 ], [ 73.1477308, 28.1630934, 0.0 ], [ 73.1477255, 28.1633967, 0.0 ], [ 73.1477024, 28.1633964, 0.0 ], [ 73.1477076, 28.1630931, 0.0 ] ], [ [ 73.1476516, 28.1630924, 0.0 ], [ 73.1476748, 28.1630927, 0.0 ], [ 73.1476695, 28.1633959, 0.0 ], [ 73.1476464, 28.1633956, 0.0 ], [ 73.1476516, 28.1630924, 0.0 ] ], [ [ 73.1477023, 28.1634048, 0.0 ], [ 73.1477254, 28.1634051, 0.0 ], [ 73.1477202, 28.1637084, 0.0 ], [ 73.147697, 28.1637081, 0.0 ], [ 73.1477023, 28.1634048, 0.0 ] ], [ [ 73.1476463, 28.163404, 0.0 ], [ 73.1476694, 28.1634044, 0.0 ], [ 73.1476642, 28.1637076, 0.0 ], [ 73.1476411, 28.1637073, 0.0 ], [ 73.1476463, 28.163404, 0.0 ] ], [ [ 73.147729, 28.1618542, 0.0 ], [ 73.1477521, 28.1618545, 0.0 ], [ 73.1477469, 28.1621578, 0.0 ], [ 73.1477238, 28.1621575, 0.0 ], [ 73.147729, 28.1618542, 0.0 ] ], [ [ 73.147673, 28.1618534, 0.0 ], [ 73.1476961, 28.1618537, 0.0 ], [ 73.1476909, 28.162157, 0.0 ], [ 73.1476678, 28.1621567, 0.0 ], [ 73.147673, 28.1618534, 0.0 ] ], [ [ 73.1477236, 28.1621659, 0.0 ], [ 73.1477467, 28.1621662, 0.0 ], [ 73.1477415, 28.1624695, 0.0 ], [ 73.1477184, 28.1624691, 0.0 ], [ 73.1477236, 28.1621659, 0.0 ] ], [ [ 73.1476676, 28.1621651, 0.0 ], [ 73.1476907, 28.1621654, 0.0 ], [ 73.1476855, 28.1624687, 0.0 ], [ 73.1476624, 28.1624684, 0.0 ], [ 73.1476676, 28.1621651, 0.0 ] ], [ [ 73.1475743, 28.1643305, 0.0 ], [ 73.1475974, 28.1643308, 0.0 ], [ 73.1475922, 28.1646341, 0.0 ], [ 73.1475691, 28.1646338, 0.0 ], [ 73.1475743, 28.1643305, 0.0 ] ], [ [ 73.1475183, 28.1643298, 0.0 ], [ 73.1475414, 28.1643301, 0.0 ], [ 73.1475362, 28.1646334, 0.0 ], [ 73.1475131, 28.164633, 0.0 ], [ 73.1475183, 28.1643298, 0.0 ] ], [ [ 73.1475689, 28.1646422, 0.0 ], [ 73.1475921, 28.1646425, 0.0 ], [ 73.1475868, 28.1649458, 0.0 ], [ 73.1475637, 28.1649455, 0.0 ], [ 73.1475689, 28.1646422, 0.0 ] ], [ [ 73.1475129, 28.1646415, 0.0 ], [ 73.1475361, 28.1646418, 0.0 ], [ 73.1475309, 28.164945, 0.0 ], [ 73.1475077, 28.1649447, 0.0 ], [ 73.1475129, 28.1646415, 0.0 ] ], [ [ 73.147585, 28.1637111, 0.0 ], [ 73.1476081, 28.1637114, 0.0 ], [ 73.1476029, 28.1640147, 0.0 ], [ 73.1475798, 28.1640143, 0.0 ], [ 73.147585, 28.1637111, 0.0 ] ], [ [ 73.147529, 28.1637103, 0.0 ], [ 73.1475521, 28.1637106, 0.0 ], [ 73.1475469, 28.1640139, 0.0 ], [ 73.1475238, 28.1640136, 0.0 ], [ 73.147529, 28.1637103, 0.0 ] ], [ [ 73.1475796, 28.1640228, 0.0 ], [ 73.1476027, 28.1640231, 0.0 ], [ 73.1475975, 28.1643263, 0.0 ], [ 73.1475744, 28.164326, 0.0 ], [ 73.1475796, 28.1640228, 0.0 ] ], [ [ 73.1475236, 28.164022, 0.0 ], [ 73.1475467, 28.1640223, 0.0 ], [ 73.1475415, 28.1643256, 0.0 ], [ 73.1475184, 28.1643253, 0.0 ], [ 73.1475236, 28.164022, 0.0 ] ], [ [ 73.1475956, 28.1630916, 0.0 ], [ 73.1476188, 28.1630919, 0.0 ], [ 73.1476136, 28.1633952, 0.0 ], [ 73.1475904, 28.1633949, 0.0 ], [ 73.1475956, 28.1630916, 0.0 ] ], [ [ 73.1475397, 28.1630908, 0.0 ], [ 73.1475628, 28.1630912, 0.0 ], [ 73.1475576, 28.1633944, 0.0 ], [ 73.1475344, 28.1633941, 0.0 ], [ 73.1475397, 28.1630908, 0.0 ] ], [ [ 73.1475903, 28.1634033, 0.0 ], [ 73.1476134, 28.1634036, 0.0 ], [ 73.1476082, 28.1637069, 0.0 ], [ 73.1475851, 28.1637066, 0.0 ], [ 73.1475903, 28.1634033, 0.0 ] ], [ [ 73.1475343, 28.1634025, 0.0 ], [ 73.1475574, 28.1634028, 0.0 ], [ 73.1475522, 28.1637061, 0.0 ], [ 73.1475291, 28.1637058, 0.0 ], [ 73.1475343, 28.1634025, 0.0 ] ], [ [ 73.1476063, 28.1624721, 0.0 ], [ 73.1476294, 28.1624725, 0.0 ], [ 73.1476242, 28.1627757, 0.0 ], [ 73.1476011, 28.1627754, 0.0 ], [ 73.1476063, 28.1624721, 0.0 ] ], [ [ 73.1475503, 28.1624714, 0.0 ], [ 73.1475735, 28.1624717, 0.0 ], [ 73.1475682, 28.162775, 0.0 ], [ 73.1475451, 28.1627747, 0.0 ], [ 73.1475503, 28.1624714, 0.0 ] ], [ [ 73.147601, 28.1627838, 0.0 ], [ 73.1476241, 28.1627841, 0.0 ], [ 73.1476189, 28.1630874, 0.0 ], [ 73.1475957, 28.1630871, 0.0 ], [ 73.147601, 28.1627838, 0.0 ] ], [ [ 73.147545, 28.1627831, 0.0 ], [ 73.1475681, 28.1627834, 0.0 ], [ 73.1475629, 28.1630866, 0.0 ], [ 73.1475397, 28.1630863, 0.0 ], [ 73.147545, 28.1627831, 0.0 ] ], [ [ 73.147617, 28.1618527, 0.0 ], [ 73.1476401, 28.161853, 0.0 ], [ 73.1476349, 28.1621563, 0.0 ], [ 73.1476118, 28.1621559, 0.0 ], [ 73.147617, 28.1618527, 0.0 ] ], [ [ 73.147561, 28.1618519, 0.0 ], [ 73.1475841, 28.1618522, 0.0 ], [ 73.1475789, 28.1621555, 0.0 ], [ 73.1475558, 28.1621552, 0.0 ], [ 73.147561, 28.1618519, 0.0 ] ], [ [ 73.1476116, 28.1621644, 0.0 ], [ 73.1476348, 28.1621647, 0.0 ], [ 73.1476295, 28.1624679, 0.0 ], [ 73.1476064, 28.1624676, 0.0 ], [ 73.1476116, 28.1621644, 0.0 ] ], [ [ 73.1475556, 28.1621636, 0.0 ], [ 73.1475788, 28.1621639, 0.0 ], [ 73.1475735, 28.1624672, 0.0 ], [ 73.1475504, 28.1624669, 0.0 ], [ 73.1475556, 28.1621636, 0.0 ] ], [ [ 73.1474623, 28.164329, 0.0 ], [ 73.1474855, 28.1643293, 0.0 ], [ 73.1474802, 28.1646326, 0.0 ], [ 73.1474571, 28.1646323, 0.0 ], [ 73.1474623, 28.164329, 0.0 ] ], [ [ 73.1474063, 28.1643283, 0.0 ], [ 73.1474295, 28.1643286, 0.0 ], [ 73.1474242, 28.1646318, 0.0 ], [ 73.1474011, 28.1646315, 0.0 ], [ 73.1474063, 28.1643283, 0.0 ] ], [ [ 73.147457, 28.1646407, 0.0 ], [ 73.1474801, 28.164641, 0.0 ], [ 73.1474749, 28.1649443, 0.0 ], [ 73.1474517, 28.164944, 0.0 ], [ 73.147457, 28.1646407, 0.0 ] ], [ [ 73.147401, 28.1646399, 0.0 ], [ 73.1474241, 28.1646403, 0.0 ], [ 73.1474189, 28.1649435, 0.0 ], [ 73.1473957, 28.1649432, 0.0 ], [ 73.147401, 28.1646399, 0.0 ] ], [ [ 73.147473, 28.1637096, 0.0 ], [ 73.1474961, 28.1637099, 0.0 ], [ 73.1474909, 28.1640131, 0.0 ], [ 73.1474678, 28.1640128, 0.0 ], [ 73.147473, 28.1637096, 0.0 ] ], [ [ 73.147417, 28.1637088, 0.0 ], [ 73.1474401, 28.1637091, 0.0 ], [ 73.1474349, 28.1640124, 0.0 ], [ 73.1474118, 28.1640121, 0.0 ], [ 73.147417, 28.1637088, 0.0 ] ], [ [ 73.1474676, 28.1640212, 0.0 ], [ 73.1474908, 28.1640216, 0.0 ], [ 73.1474855, 28.1643248, 0.0 ], [ 73.1474624, 28.1643245, 0.0 ], [ 73.1474676, 28.1640212, 0.0 ] ], [ [ 73.1474116, 28.1640205, 0.0 ], [ 73.1474348, 28.1640208, 0.0 ], [ 73.1474295, 28.1643241, 0.0 ], [ 73.1474064, 28.1643238, 0.0 ], [ 73.1474116, 28.1640205, 0.0 ] ], [ [ 73.1474837, 28.1630901, 0.0 ], [ 73.1475068, 28.1630904, 0.0 ], [ 73.1475016, 28.1633937, 0.0 ], [ 73.1474784, 28.1633934, 0.0 ], [ 73.1474837, 28.1630901, 0.0 ] ], [ [ 73.1474277, 28.1630893, 0.0 ], [ 73.1474508, 28.1630896, 0.0 ], [ 73.1474456, 28.1633929, 0.0 ], [ 73.1474224, 28.1633926, 0.0 ], [ 73.1474277, 28.1630893, 0.0 ] ], [ [ 73.1474783, 28.1634018, 0.0 ], [ 73.1475014, 28.1634021, 0.0 ], [ 73.1474962, 28.1637054, 0.0 ], [ 73.1474731, 28.163705, 0.0 ], [ 73.1474783, 28.1634018, 0.0 ] ], [ [ 73.1474223, 28.163401, 0.0 ], [ 73.1474454, 28.1634013, 0.0 ], [ 73.1474402, 28.1637046, 0.0 ], [ 73.1474171, 28.1637043, 0.0 ], [ 73.1474223, 28.163401, 0.0 ] ], [ [ 73.1474943, 28.1624706, 0.0 ], [ 73.1475175, 28.1624709, 0.0 ], [ 73.1475122, 28.1627742, 0.0 ], [ 73.1474891, 28.1627739, 0.0 ], [ 73.1474943, 28.1624706, 0.0 ] ], [ [ 73.1474383, 28.1624699, 0.0 ], [ 73.1474615, 28.1624702, 0.0 ], [ 73.1474562, 28.1627734, 0.0 ], [ 73.1474331, 28.1627731, 0.0 ], [ 73.1474383, 28.1624699, 0.0 ] ], [ [ 73.147489, 28.1627823, 0.0 ], [ 73.1475121, 28.1627826, 0.0 ], [ 73.1475069, 28.1630859, 0.0 ], [ 73.1474837, 28.1630856, 0.0 ], [ 73.147489, 28.1627823, 0.0 ] ], [ [ 73.147433, 28.1627816, 0.0 ], [ 73.1474561, 28.1627819, 0.0 ], [ 73.1474509, 28.1630851, 0.0 ], [ 73.1474277, 28.1630848, 0.0 ], [ 73.147433, 28.1627816, 0.0 ] ], [ [ 73.147505, 28.1618512, 0.0 ], [ 73.1475281, 28.1618515, 0.0 ], [ 73.1475229, 28.1621547, 0.0 ], [ 73.1474998, 28.1621544, 0.0 ], [ 73.147505, 28.1618512, 0.0 ] ], [ [ 73.147449, 28.1618504, 0.0 ], [ 73.1474721, 28.1618507, 0.0 ], [ 73.1474669, 28.162154, 0.0 ], [ 73.1474438, 28.1621537, 0.0 ], [ 73.147449, 28.1618504, 0.0 ] ], [ [ 73.1474996, 28.1621628, 0.0 ], [ 73.1475228, 28.1621632, 0.0 ], [ 73.1475175, 28.1624664, 0.0 ], [ 73.1474944, 28.1624661, 0.0 ], [ 73.1474996, 28.1621628, 0.0 ] ], [ [ 73.1474436, 28.1621621, 0.0 ], [ 73.1474668, 28.1621624, 0.0 ], [ 73.1474615, 28.1624657, 0.0 ], [ 73.1474384, 28.1624654, 0.0 ], [ 73.1474436, 28.1621621, 0.0 ] ], [ [ 73.1473503, 28.1643275, 0.0 ], [ 73.1473735, 28.1643278, 0.0 ], [ 73.1473682, 28.1646311, 0.0 ], [ 73.1473451, 28.1646308, 0.0 ], [ 73.1473503, 28.1643275, 0.0 ] ], [ [ 73.1472943, 28.1643267, 0.0 ], [ 73.1473175, 28.1643271, 0.0 ], [ 73.1473122, 28.1646303, 0.0 ], [ 73.1472891, 28.16463, 0.0 ], [ 73.1472943, 28.1643267, 0.0 ] ], [ [ 73.147345, 28.1646392, 0.0 ], [ 73.1473681, 28.1646395, 0.0 ], [ 73.1473629, 28.1649428, 0.0 ], [ 73.1473397, 28.1649425, 0.0 ], [ 73.147345, 28.1646392, 0.0 ] ], [ [ 73.147289, 28.1646384, 0.0 ], [ 73.1473121, 28.1646387, 0.0 ], [ 73.1473069, 28.164942, 0.0 ], [ 73.1472837, 28.1649417, 0.0 ], [ 73.147289, 28.1646384, 0.0 ] ], [ [ 73.147361, 28.163708, 0.0 ], [ 73.1473841, 28.1637084, 0.0 ], [ 73.1473789, 28.1640116, 0.0 ], [ 73.1473558, 28.1640113, 0.0 ], [ 73.147361, 28.163708, 0.0 ] ], [ [ 73.147305, 28.1637073, 0.0 ], [ 73.1473281, 28.1637076, 0.0 ], [ 73.1473229, 28.1640109, 0.0 ], [ 73.1472998, 28.1640106, 0.0 ], [ 73.147305, 28.1637073, 0.0 ] ], [ [ 73.1473556, 28.1640197, 0.0 ], [ 73.1473788, 28.16402, 0.0 ], [ 73.1473735, 28.1643233, 0.0 ], [ 73.1473504, 28.164323, 0.0 ], [ 73.1473556, 28.1640197, 0.0 ] ], [ [ 73.1472996, 28.164019, 0.0 ], [ 73.1473228, 28.1640193, 0.0 ], [ 73.1473175, 28.1643225, 0.0 ], [ 73.1472944, 28.1643222, 0.0 ], [ 73.1472996, 28.164019, 0.0 ] ], [ [ 73.1473717, 28.1630886, 0.0 ], [ 73.1473948, 28.1630889, 0.0 ], [ 73.1473896, 28.1633922, 0.0 ], [ 73.1473665, 28.1633918, 0.0 ], [ 73.1473717, 28.1630886, 0.0 ] ], [ [ 73.1473157, 28.1630878, 0.0 ], [ 73.1473388, 28.1630881, 0.0 ], [ 73.1473336, 28.1633914, 0.0 ], [ 73.1473105, 28.1633911, 0.0 ], [ 73.1473157, 28.1630878, 0.0 ] ], [ [ 73.1473663, 28.1634003, 0.0 ], [ 73.1473894, 28.1634006, 0.0 ], [ 73.1473842, 28.1637038, 0.0 ], [ 73.1473611, 28.1637035, 0.0 ], [ 73.1473663, 28.1634003, 0.0 ] ], [ [ 73.1473103, 28.1633995, 0.0 ], [ 73.1473334, 28.1633998, 0.0 ], [ 73.1473282, 28.1637031, 0.0 ], [ 73.1473051, 28.1637028, 0.0 ], [ 73.1473103, 28.1633995, 0.0 ] ], [ [ 73.1473823, 28.1624691, 0.0 ], [ 73.1474055, 28.1624694, 0.0 ], [ 73.1474003, 28.1627727, 0.0 ], [ 73.1473771, 28.1627724, 0.0 ], [ 73.1473823, 28.1624691, 0.0 ] ], [ [ 73.1473264, 28.1624684, 0.0 ], [ 73.1473495, 28.1624687, 0.0 ], [ 73.1473443, 28.1627719, 0.0 ], [ 73.1473211, 28.1627716, 0.0 ], [ 73.1473264, 28.1624684, 0.0 ] ], [ [ 73.147377, 28.1627808, 0.0 ], [ 73.1474001, 28.1627811, 0.0 ], [ 73.1473949, 28.1630844, 0.0 ], [ 73.1473718, 28.1630841, 0.0 ], [ 73.147377, 28.1627808, 0.0 ] ], [ [ 73.147321, 28.16278, 0.0 ], [ 73.1473441, 28.1627804, 0.0 ], [ 73.1473389, 28.1630836, 0.0 ], [ 73.1473158, 28.1630833, 0.0 ], [ 73.147321, 28.16278, 0.0 ] ], [ [ 73.147393, 28.1618496, 0.0 ], [ 73.1474161, 28.16185, 0.0 ], [ 73.1474109, 28.1621532, 0.0 ], [ 73.1473878, 28.1621529, 0.0 ], [ 73.147393, 28.1618496, 0.0 ] ], [ [ 73.147337, 28.1618489, 0.0 ], [ 73.1473602, 28.1618492, 0.0 ], [ 73.1473549, 28.1621525, 0.0 ], [ 73.1473318, 28.1621522, 0.0 ], [ 73.147337, 28.1618489, 0.0 ] ], [ [ 73.1473876, 28.1621613, 0.0 ], [ 73.1474108, 28.1621616, 0.0 ], [ 73.1474056, 28.1624649, 0.0 ], [ 73.1473824, 28.1624646, 0.0 ], [ 73.1473876, 28.1621613, 0.0 ] ], [ [ 73.1473317, 28.1621606, 0.0 ], [ 73.1473548, 28.1621609, 0.0 ], [ 73.1473496, 28.1624642, 0.0 ], [ 73.1473264, 28.1624638, 0.0 ], [ 73.1473317, 28.1621606, 0.0 ] ], [ [ 73.1474037, 28.1612302, 0.0 ], [ 73.1474268, 28.1612305, 0.0 ], [ 73.1474216, 28.1615338, 0.0 ], [ 73.1473985, 28.1615334, 0.0 ], [ 73.1474037, 28.1612302, 0.0 ] ], [ [ 73.1473477, 28.1612294, 0.0 ], [ 73.1473708, 28.1612297, 0.0 ], [ 73.1473656, 28.161533, 0.0 ], [ 73.1473425, 28.1615327, 0.0 ], [ 73.1473477, 28.1612294, 0.0 ] ], [ [ 73.1473983, 28.1615419, 0.0 ], [ 73.1474214, 28.1615422, 0.0 ], [ 73.1474162, 28.1618454, 0.0 ], [ 73.1473931, 28.1618451, 0.0 ], [ 73.1473983, 28.1615419, 0.0 ] ], [ [ 73.1473423, 28.1615411, 0.0 ], [ 73.1473655, 28.1615414, 0.0 ], [ 73.1473602, 28.1618447, 0.0 ], [ 73.1473371, 28.1618444, 0.0 ], [ 73.1473423, 28.1615411, 0.0 ] ], [ [ 73.1472383, 28.164326, 0.0 ], [ 73.1472615, 28.1643263, 0.0 ], [ 73.1472562, 28.1646296, 0.0 ], [ 73.1472331, 28.1646293, 0.0 ], [ 73.1472383, 28.164326, 0.0 ] ], [ [ 73.1471823, 28.1643252, 0.0 ], [ 73.1472055, 28.1643255, 0.0 ], [ 73.1472003, 28.1646288, 0.0 ], [ 73.1471771, 28.1646285, 0.0 ], [ 73.1471823, 28.1643252, 0.0 ] ], [ [ 73.147233, 28.1646377, 0.0 ], [ 73.1472561, 28.164638, 0.0 ], [ 73.1472509, 28.1649413, 0.0 ], [ 73.1472277, 28.1649409, 0.0 ], [ 73.147233, 28.1646377, 0.0 ] ], [ [ 73.147177, 28.1646369, 0.0 ], [ 73.1472001, 28.1646372, 0.0 ], [ 73.1471949, 28.1649405, 0.0 ], [ 73.1471718, 28.1649402, 0.0 ], [ 73.147177, 28.1646369, 0.0 ] ], [ [ 73.147249, 28.1637065, 0.0 ], [ 73.1472721, 28.1637068, 0.0 ], [ 73.1472669, 28.1640101, 0.0 ], [ 73.1472438, 28.1640098, 0.0 ], [ 73.147249, 28.1637065, 0.0 ] ], [ [ 73.147193, 28.1637058, 0.0 ], [ 73.1472162, 28.1637061, 0.0 ], [ 73.1472109, 28.1640093, 0.0 ], [ 73.1471878, 28.164009, 0.0 ], [ 73.147193, 28.1637058, 0.0 ] ], [ [ 73.1472436, 28.1640182, 0.0 ], [ 73.1472668, 28.1640185, 0.0 ], [ 73.1472616, 28.1643218, 0.0 ], [ 73.1472384, 28.1643215, 0.0 ], [ 73.1472436, 28.1640182, 0.0 ] ], [ [ 73.1471877, 28.1640175, 0.0 ], [ 73.1472108, 28.1640178, 0.0 ], [ 73.1472056, 28.164321, 0.0 ], [ 73.1471824, 28.1643207, 0.0 ], [ 73.1471877, 28.1640175, 0.0 ] ], [ [ 73.1472597, 28.1630871, 0.0 ], [ 73.1472828, 28.1630874, 0.0 ], [ 73.1472776, 28.1633906, 0.0 ], [ 73.1472545, 28.1633903, 0.0 ], [ 73.1472597, 28.1630871, 0.0 ] ], [ [ 73.1472037, 28.1630863, 0.0 ], [ 73.1472268, 28.1630866, 0.0 ], [ 73.1472216, 28.1633899, 0.0 ], [ 73.1471985, 28.1633896, 0.0 ], [ 73.1472037, 28.1630863, 0.0 ] ], [ [ 73.1472543, 28.1633987, 0.0 ], [ 73.1472774, 28.1633991, 0.0 ], [ 73.1472722, 28.1637023, 0.0 ], [ 73.1472491, 28.163702, 0.0 ], [ 73.1472543, 28.1633987, 0.0 ] ], [ [ 73.1471983, 28.163398, 0.0 ], [ 73.1472215, 28.1633983, 0.0 ], [ 73.1472162, 28.1637016, 0.0 ], [ 73.1471931, 28.1637013, 0.0 ], [ 73.1471983, 28.163398, 0.0 ] ], [ [ 73.1472704, 28.1624676, 0.0 ], [ 73.1472935, 28.1624679, 0.0 ], [ 73.1472883, 28.1627712, 0.0 ], [ 73.1472651, 28.1627709, 0.0 ], [ 73.1472704, 28.1624676, 0.0 ] ], [ [ 73.1472144, 28.1624668, 0.0 ], [ 73.1472375, 28.1624671, 0.0 ], [ 73.1472323, 28.1627704, 0.0 ], [ 73.1472091, 28.1627701, 0.0 ], [ 73.1472144, 28.1624668, 0.0 ] ], [ [ 73.147265, 28.1627793, 0.0 ], [ 73.1472881, 28.1627796, 0.0 ], [ 73.1472829, 28.1630829, 0.0 ], [ 73.1472598, 28.1630825, 0.0 ], [ 73.147265, 28.1627793, 0.0 ] ], [ [ 73.147209, 28.1627785, 0.0 ], [ 73.1472321, 28.1627788, 0.0 ], [ 73.1472269, 28.1630821, 0.0 ], [ 73.1472038, 28.1630818, 0.0 ], [ 73.147209, 28.1627785, 0.0 ] ], [ [ 73.147281, 28.1618481, 0.0 ], [ 73.1473042, 28.1618484, 0.0 ], [ 73.1472989, 28.1621517, 0.0 ], [ 73.1472758, 28.1621514, 0.0 ], [ 73.147281, 28.1618481, 0.0 ] ], [ [ 73.147225, 28.1618474, 0.0 ], [ 73.1472482, 28.1618477, 0.0 ], [ 73.1472429, 28.162151, 0.0 ], [ 73.1472198, 28.1621506, 0.0 ], [ 73.147225, 28.1618474, 0.0 ] ], [ [ 73.1472757, 28.1621598, 0.0 ], [ 73.1472988, 28.1621601, 0.0 ], [ 73.1472936, 28.1624634, 0.0 ], [ 73.1472704, 28.1624631, 0.0 ], [ 73.1472757, 28.1621598, 0.0 ] ], [ [ 73.1472197, 28.1621591, 0.0 ], [ 73.1472428, 28.1621594, 0.0 ], [ 73.1472376, 28.1624626, 0.0 ], [ 73.1472144, 28.1624623, 0.0 ], [ 73.1472197, 28.1621591, 0.0 ] ], [ [ 73.1472917, 28.1612287, 0.0 ], [ 73.1473148, 28.161229, 0.0 ], [ 73.1473096, 28.1615322, 0.0 ], [ 73.1472865, 28.1615319, 0.0 ], [ 73.1472917, 28.1612287, 0.0 ] ], [ [ 73.1472357, 28.1612279, 0.0 ], [ 73.1472588, 28.1612282, 0.0 ], [ 73.1472536, 28.1615315, 0.0 ], [ 73.1472305, 28.1615312, 0.0 ], [ 73.1472357, 28.1612279, 0.0 ] ], [ [ 73.1472863, 28.1615403, 0.0 ], [ 73.1473095, 28.1615407, 0.0 ], [ 73.1473042, 28.1618439, 0.0 ], [ 73.1472811, 28.1618436, 0.0 ], [ 73.1472863, 28.1615403, 0.0 ] ], [ [ 73.1472303, 28.1615396, 0.0 ], [ 73.1472535, 28.1615399, 0.0 ], [ 73.1472482, 28.1618432, 0.0 ], [ 73.1472251, 28.1618429, 0.0 ], [ 73.1472303, 28.1615396, 0.0 ] ], [ [ 73.1471264, 28.1643245, 0.0 ], [ 73.1471495, 28.1643248, 0.0 ], [ 73.1471443, 28.1646281, 0.0 ], [ 73.1471211, 28.1646277, 0.0 ], [ 73.1471264, 28.1643245, 0.0 ] ], [ [ 73.1470704, 28.1643237, 0.0 ], [ 73.1470935, 28.164324, 0.0 ], [ 73.1470883, 28.1646273, 0.0 ], [ 73.1470651, 28.164627, 0.0 ], [ 73.1470704, 28.1643237, 0.0 ] ], [ [ 73.147121, 28.1646362, 0.0 ], [ 73.1471441, 28.1646365, 0.0 ], [ 73.1471389, 28.1649397, 0.0 ], [ 73.1471158, 28.1649394, 0.0 ], [ 73.147121, 28.1646362, 0.0 ] ], [ [ 73.147065, 28.1646354, 0.0 ], [ 73.1470881, 28.1646357, 0.0 ], [ 73.1470829, 28.164939, 0.0 ], [ 73.1470598, 28.1649387, 0.0 ], [ 73.147065, 28.1646354, 0.0 ] ], [ [ 73.147137, 28.163705, 0.0 ], [ 73.1471602, 28.1637053, 0.0 ], [ 73.1471549, 28.1640086, 0.0 ], [ 73.1471318, 28.1640083, 0.0 ], [ 73.147137, 28.163705, 0.0 ] ], [ [ 73.147081, 28.1637043, 0.0 ], [ 73.1471042, 28.1637046, 0.0 ], [ 73.1470989, 28.1640078, 0.0 ], [ 73.1470758, 28.1640075, 0.0 ], [ 73.147081, 28.1637043, 0.0 ] ], [ [ 73.1471317, 28.1640167, 0.0 ], [ 73.1471548, 28.164017, 0.0 ], [ 73.1471496, 28.1643203, 0.0 ], [ 73.1471264, 28.16432, 0.0 ], [ 73.1471317, 28.1640167, 0.0 ] ], [ [ 73.1470757, 28.1640159, 0.0 ], [ 73.1470988, 28.1640163, 0.0 ], [ 73.1470936, 28.1643195, 0.0 ], [ 73.1470704, 28.1643192, 0.0 ], [ 73.1470757, 28.1640159, 0.0 ] ], [ [ 73.1471477, 28.1630855, 0.0 ], [ 73.1471708, 28.1630859, 0.0 ], [ 73.1471656, 28.1633891, 0.0 ], [ 73.1471425, 28.1633888, 0.0 ], [ 73.1471477, 28.1630855, 0.0 ] ], [ [ 73.1470917, 28.1630848, 0.0 ], [ 73.1471148, 28.1630851, 0.0 ], [ 73.1471096, 28.1633884, 0.0 ], [ 73.1470865, 28.1633881, 0.0 ], [ 73.1470917, 28.1630848, 0.0 ] ], [ [ 73.1471423, 28.1633972, 0.0 ], [ 73.1471655, 28.1633975, 0.0 ], [ 73.1471602, 28.1637008, 0.0 ], [ 73.1471371, 28.1637005, 0.0 ], [ 73.1471423, 28.1633972, 0.0 ] ], [ [ 73.1470863, 28.1633965, 0.0 ], [ 73.1471095, 28.1633968, 0.0 ], [ 73.1471042, 28.1637001, 0.0 ], [ 73.1470811, 28.1636997, 0.0 ], [ 73.1470863, 28.1633965, 0.0 ] ], [ [ 73.1471584, 28.1624661, 0.0 ], [ 73.1471815, 28.1624664, 0.0 ], [ 73.1471763, 28.1627697, 0.0 ], [ 73.1471531, 28.1627693, 0.0 ], [ 73.1471584, 28.1624661, 0.0 ] ], [ [ 73.1471024, 28.1624653, 0.0 ], [ 73.1471255, 28.1624656, 0.0 ], [ 73.1471203, 28.1627689, 0.0 ], [ 73.1470972, 28.1627686, 0.0 ], [ 73.1471024, 28.1624653, 0.0 ] ], [ [ 73.147153, 28.1627778, 0.0 ], [ 73.1471761, 28.1627781, 0.0 ], [ 73.1471709, 28.1630813, 0.0 ], [ 73.1471478, 28.163081, 0.0 ], [ 73.147153, 28.1627778, 0.0 ] ], [ [ 73.147097, 28.162777, 0.0 ], [ 73.1471201, 28.1627773, 0.0 ], [ 73.1471149, 28.1630806, 0.0 ], [ 73.1470918, 28.1630803, 0.0 ], [ 73.147097, 28.162777, 0.0 ] ], [ [ 73.147169, 28.1618466, 0.0 ], [ 73.1471922, 28.1618469, 0.0 ], [ 73.147187, 28.1621502, 0.0 ], [ 73.1471638, 28.1621499, 0.0 ], [ 73.147169, 28.1618466, 0.0 ] ], [ [ 73.1471131, 28.1618459, 0.0 ], [ 73.1471362, 28.1618462, 0.0 ], [ 73.147131, 28.1621494, 0.0 ], [ 73.1471078, 28.1621491, 0.0 ], [ 73.1471131, 28.1618459, 0.0 ] ], [ [ 73.1471637, 28.1621583, 0.0 ], [ 73.1471868, 28.1621586, 0.0 ], [ 73.1471816, 28.1624619, 0.0 ], [ 73.1471585, 28.1624616, 0.0 ], [ 73.1471637, 28.1621583, 0.0 ] ], [ [ 73.1471077, 28.1621575, 0.0 ], [ 73.1471308, 28.1621579, 0.0 ], [ 73.1471256, 28.1624611, 0.0 ], [ 73.1471025, 28.1624608, 0.0 ], [ 73.1471077, 28.1621575, 0.0 ] ], [ [ 73.1471797, 28.1612271, 0.0 ], [ 73.1472028, 28.1612275, 0.0 ], [ 73.1471976, 28.1615307, 0.0 ], [ 73.1471745, 28.1615304, 0.0 ], [ 73.1471797, 28.1612271, 0.0 ] ], [ [ 73.1471237, 28.1612264, 0.0 ], [ 73.1471469, 28.1612267, 0.0 ], [ 73.1471416, 28.16153, 0.0 ], [ 73.1471185, 28.1615297, 0.0 ], [ 73.1471237, 28.1612264, 0.0 ] ], [ [ 73.1471743, 28.1615388, 0.0 ], [ 73.1471975, 28.1615391, 0.0 ], [ 73.1471923, 28.1618424, 0.0 ], [ 73.1471691, 28.1618421, 0.0 ], [ 73.1471743, 28.1615388, 0.0 ] ], [ [ 73.1471184, 28.1615381, 0.0 ], [ 73.1471415, 28.1615384, 0.0 ], [ 73.1471363, 28.1618417, 0.0 ], [ 73.1471131, 28.1618413, 0.0 ], [ 73.1471184, 28.1615381, 0.0 ] ], [ [ 73.1470144, 28.164323, 0.0 ], [ 73.1470375, 28.1643233, 0.0 ], [ 73.1470323, 28.1646265, 0.0 ], [ 73.1470091, 28.1646262, 0.0 ], [ 73.1470144, 28.164323, 0.0 ] ], [ [ 73.1469584, 28.1643222, 0.0 ], [ 73.1469815, 28.1643225, 0.0 ], [ 73.1469763, 28.1646258, 0.0 ], [ 73.1469531, 28.1646255, 0.0 ], [ 73.1469584, 28.1643222, 0.0 ] ], [ [ 73.147009, 28.1646346, 0.0 ], [ 73.1470321, 28.164635, 0.0 ], [ 73.1470269, 28.1649382, 0.0 ], [ 73.1470038, 28.1649379, 0.0 ], [ 73.147009, 28.1646346, 0.0 ] ], [ [ 73.146953, 28.1646339, 0.0 ], [ 73.1469761, 28.1646342, 0.0 ], [ 73.1469709, 28.1649375, 0.0 ], [ 73.1469478, 28.1649372, 0.0 ], [ 73.146953, 28.1646339, 0.0 ] ], [ [ 73.147025, 28.1637035, 0.0 ], [ 73.1470482, 28.1637038, 0.0 ], [ 73.1470429, 28.1640071, 0.0 ], [ 73.1470198, 28.1640068, 0.0 ], [ 73.147025, 28.1637035, 0.0 ] ], [ [ 73.146969, 28.1637027, 0.0 ], [ 73.1469922, 28.163703, 0.0 ], [ 73.146987, 28.1640063, 0.0 ], [ 73.1469638, 28.164006, 0.0 ], [ 73.146969, 28.1637027, 0.0 ] ], [ [ 73.1470197, 28.1640152, 0.0 ], [ 73.1470428, 28.1640155, 0.0 ], [ 73.1470376, 28.1643188, 0.0 ], [ 73.1470144, 28.1643184, 0.0 ], [ 73.1470197, 28.1640152, 0.0 ] ], [ [ 73.1469637, 28.1640144, 0.0 ], [ 73.1469868, 28.1640147, 0.0 ], [ 73.1469816, 28.164318, 0.0 ], [ 73.1469585, 28.1643177, 0.0 ], [ 73.1469637, 28.1640144, 0.0 ] ], [ [ 73.1470357, 28.163084, 0.0 ], [ 73.1470588, 28.1630843, 0.0 ], [ 73.1470536, 28.1633876, 0.0 ], [ 73.1470305, 28.1633873, 0.0 ], [ 73.1470357, 28.163084, 0.0 ] ], [ [ 73.1469797, 28.1630833, 0.0 ], [ 73.1470029, 28.1630836, 0.0 ], [ 73.1469976, 28.1633869, 0.0 ], [ 73.1469745, 28.1633865, 0.0 ], [ 73.1469797, 28.1630833, 0.0 ] ], [ [ 73.1470303, 28.1633957, 0.0 ], [ 73.1470535, 28.163396, 0.0 ], [ 73.1470482, 28.1636993, 0.0 ], [ 73.1470251, 28.163699, 0.0 ], [ 73.1470303, 28.1633957, 0.0 ] ], [ [ 73.1469744, 28.163395, 0.0 ], [ 73.1469975, 28.1633953, 0.0 ], [ 73.1469923, 28.1636985, 0.0 ], [ 73.1469691, 28.1636982, 0.0 ], [ 73.1469744, 28.163395, 0.0 ] ], [ [ 73.1470464, 28.1624646, 0.0 ], [ 73.1470695, 28.1624649, 0.0 ], [ 73.1470643, 28.1627681, 0.0 ], [ 73.1470412, 28.1627678, 0.0 ], [ 73.1470464, 28.1624646, 0.0 ] ], [ [ 73.1469904, 28.1624638, 0.0 ], [ 73.1470135, 28.1624641, 0.0 ], [ 73.1470083, 28.1627674, 0.0 ], [ 73.1469852, 28.1627671, 0.0 ], [ 73.1469904, 28.1624638, 0.0 ] ], [ [ 73.147041, 28.1627762, 0.0 ], [ 73.1470641, 28.1627766, 0.0 ], [ 73.1470589, 28.1630798, 0.0 ], [ 73.1470358, 28.1630795, 0.0 ], [ 73.147041, 28.1627762, 0.0 ] ], [ [ 73.146985, 28.1627755, 0.0 ], [ 73.1470082, 28.1627758, 0.0 ], [ 73.1470029, 28.1630791, 0.0 ], [ 73.1469798, 28.1630788, 0.0 ], [ 73.146985, 28.1627755, 0.0 ] ], [ [ 73.1470571, 28.1618451, 0.0 ], [ 73.1470802, 28.1618454, 0.0 ], [ 73.147075, 28.1621487, 0.0 ], [ 73.1470518, 28.1621484, 0.0 ], [ 73.1470571, 28.1618451, 0.0 ] ], [ [ 73.1470011, 28.1618443, 0.0 ], [ 73.1470242, 28.1618447, 0.0 ], [ 73.147019, 28.1621479, 0.0 ], [ 73.1469958, 28.1621476, 0.0 ], [ 73.1470011, 28.1618443, 0.0 ] ], [ [ 73.1470517, 28.1621568, 0.0 ], [ 73.1470748, 28.1621571, 0.0 ], [ 73.1470696, 28.1624604, 0.0 ], [ 73.1470465, 28.1624601, 0.0 ], [ 73.1470517, 28.1621568, 0.0 ] ], [ [ 73.1469957, 28.162156, 0.0 ], [ 73.1470188, 28.1621563, 0.0 ], [ 73.1470136, 28.1624596, 0.0 ], [ 73.1469905, 28.1624593, 0.0 ], [ 73.1469957, 28.162156, 0.0 ] ], [ [ 73.1470677, 28.1612256, 0.0 ], [ 73.1470909, 28.1612259, 0.0 ], [ 73.1470856, 28.1615292, 0.0 ], [ 73.1470625, 28.1615289, 0.0 ], [ 73.1470677, 28.1612256, 0.0 ] ], [ [ 73.1470117, 28.1612249, 0.0 ], [ 73.1470349, 28.1612252, 0.0 ], [ 73.1470296, 28.1615285, 0.0 ], [ 73.1470065, 28.1615281, 0.0 ], [ 73.1470117, 28.1612249, 0.0 ] ], [ [ 73.1470624, 28.1615373, 0.0 ], [ 73.1470855, 28.1615376, 0.0 ], [ 73.1470803, 28.1618409, 0.0 ], [ 73.1470571, 28.1618406, 0.0 ], [ 73.1470624, 28.1615373, 0.0 ] ], [ [ 73.1470064, 28.1615366, 0.0 ], [ 73.1470295, 28.1615369, 0.0 ], [ 73.1470243, 28.1618401, 0.0 ], [ 73.1470011, 28.1618398, 0.0 ], [ 73.1470064, 28.1615366, 0.0 ] ], [ [ 73.1469024, 28.1643214, 0.0 ], [ 73.1469255, 28.1643218, 0.0 ], [ 73.1469203, 28.164625, 0.0 ], [ 73.1468972, 28.1646247, 0.0 ], [ 73.1469024, 28.1643214, 0.0 ] ], [ [ 73.1468464, 28.1643207, 0.0 ], [ 73.1468695, 28.164321, 0.0 ], [ 73.1468643, 28.1646243, 0.0 ], [ 73.1468412, 28.164624, 0.0 ], [ 73.1468464, 28.1643207, 0.0 ] ], [ [ 73.146897, 28.1646331, 0.0 ], [ 73.1469201, 28.1646334, 0.0 ], [ 73.1469149, 28.1649367, 0.0 ], [ 73.1468918, 28.1649364, 0.0 ], [ 73.146897, 28.1646331, 0.0 ] ], [ [ 73.146841, 28.1646324, 0.0 ], [ 73.1468641, 28.1646327, 0.0 ], [ 73.1468589, 28.164936, 0.0 ], [ 73.1468358, 28.1649356, 0.0 ], [ 73.146841, 28.1646324, 0.0 ] ], [ [ 73.1469131, 28.163702, 0.0 ], [ 73.1469362, 28.1637023, 0.0 ], [ 73.146931, 28.1640056, 0.0 ], [ 73.1469078, 28.1640052, 0.0 ], [ 73.1469131, 28.163702, 0.0 ] ], [ [ 73.1468571, 28.1637012, 0.0 ], [ 73.1468802, 28.1637015, 0.0 ], [ 73.146875, 28.1640048, 0.0 ], [ 73.1468518, 28.1640045, 0.0 ], [ 73.1468571, 28.1637012, 0.0 ] ], [ [ 73.1469077, 28.1640137, 0.0 ], [ 73.1469308, 28.164014, 0.0 ], [ 73.1469256, 28.1643172, 0.0 ], [ 73.1469025, 28.1643169, 0.0 ], [ 73.1469077, 28.1640137, 0.0 ] ], [ [ 73.1468517, 28.1640129, 0.0 ], [ 73.1468748, 28.1640132, 0.0 ], [ 73.1468696, 28.1643165, 0.0 ], [ 73.1468465, 28.1643162, 0.0 ], [ 73.1468517, 28.1640129, 0.0 ] ], [ [ 73.1469237, 28.1630825, 0.0 ], [ 73.1469469, 28.1630828, 0.0 ], [ 73.1469416, 28.1633861, 0.0 ], [ 73.1469185, 28.1633858, 0.0 ], [ 73.1469237, 28.1630825, 0.0 ] ], [ [ 73.1468677, 28.1630818, 0.0 ], [ 73.1468909, 28.1630821, 0.0 ], [ 73.1468856, 28.1633853, 0.0 ], [ 73.1468625, 28.163385, 0.0 ], [ 73.1468677, 28.1630818, 0.0 ] ], [ [ 73.1469184, 28.1633942, 0.0 ], [ 73.1469415, 28.1633945, 0.0 ], [ 73.1469363, 28.1636978, 0.0 ], [ 73.1469131, 28.1636975, 0.0 ], [ 73.1469184, 28.1633942, 0.0 ] ], [ [ 73.1468624, 28.1633934, 0.0 ], [ 73.1468855, 28.1633938, 0.0 ], [ 73.1468803, 28.163697, 0.0 ], [ 73.1468571, 28.1636967, 0.0 ], [ 73.1468624, 28.1633934, 0.0 ] ], [ [ 73.1469344, 28.162463, 0.0 ], [ 73.1469575, 28.1624634, 0.0 ], [ 73.1469523, 28.1627666, 0.0 ], [ 73.1469292, 28.1627663, 0.0 ], [ 73.1469344, 28.162463, 0.0 ] ], [ [ 73.1468784, 28.1624623, 0.0 ], [ 73.1469015, 28.1624626, 0.0 ], [ 73.1468963, 28.1627659, 0.0 ], [ 73.1468732, 28.1627656, 0.0 ], [ 73.1468784, 28.1624623, 0.0 ] ], [ [ 73.146929, 28.1627747, 0.0 ], [ 73.1469522, 28.162775, 0.0 ], [ 73.1469469, 28.1630783, 0.0 ], [ 73.1469238, 28.163078, 0.0 ], [ 73.146929, 28.1627747, 0.0 ] ], [ [ 73.146873, 28.162774, 0.0 ], [ 73.1468962, 28.1627743, 0.0 ], [ 73.1468909, 28.1630776, 0.0 ], [ 73.1468678, 28.1630772, 0.0 ], [ 73.146873, 28.162774, 0.0 ] ], [ [ 73.1469451, 28.1618436, 0.0 ], [ 73.1469682, 28.1618439, 0.0 ], [ 73.146963, 28.1621472, 0.0 ], [ 73.1469398, 28.1621469, 0.0 ], [ 73.1469451, 28.1618436, 0.0 ] ], [ [ 73.1468891, 28.1618428, 0.0 ], [ 73.1469122, 28.1618431, 0.0 ], [ 73.146907, 28.1621464, 0.0 ], [ 73.1468839, 28.1621461, 0.0 ], [ 73.1468891, 28.1618428, 0.0 ] ], [ [ 73.1469397, 28.1621553, 0.0 ], [ 73.1469628, 28.1621556, 0.0 ], [ 73.1469576, 28.1624589, 0.0 ], [ 73.1469345, 28.1624585, 0.0 ], [ 73.1469397, 28.1621553, 0.0 ] ], [ [ 73.1468837, 28.1621545, 0.0 ], [ 73.1469068, 28.1621548, 0.0 ], [ 73.1469016, 28.1624581, 0.0 ], [ 73.1468785, 28.1624578, 0.0 ], [ 73.1468837, 28.1621545, 0.0 ] ], [ [ 73.1469557, 28.1612241, 0.0 ], [ 73.1469789, 28.1612244, 0.0 ], [ 73.1469737, 28.1615277, 0.0 ], [ 73.1469505, 28.1615274, 0.0 ], [ 73.1469557, 28.1612241, 0.0 ] ], [ [ 73.1468998, 28.1612234, 0.0 ], [ 73.1469229, 28.1612237, 0.0 ], [ 73.1469177, 28.1615269, 0.0 ], [ 73.1468945, 28.1615266, 0.0 ], [ 73.1468998, 28.1612234, 0.0 ] ], [ [ 73.1469504, 28.1615358, 0.0 ], [ 73.1469735, 28.1615361, 0.0 ], [ 73.1469683, 28.1618394, 0.0 ], [ 73.1469452, 28.1618391, 0.0 ], [ 73.1469504, 28.1615358, 0.0 ] ], [ [ 73.1468944, 28.161535, 0.0 ], [ 73.1469175, 28.1615354, 0.0 ], [ 73.1469123, 28.1618386, 0.0 ], [ 73.1468892, 28.1618383, 0.0 ], [ 73.1468944, 28.161535, 0.0 ] ], [ [ 73.1467904, 28.1643199, 0.0 ], [ 73.1468135, 28.1643202, 0.0 ], [ 73.1468083, 28.1646235, 0.0 ], [ 73.1467852, 28.1646232, 0.0 ], [ 73.1467904, 28.1643199, 0.0 ] ], [ [ 73.1467344, 28.1643192, 0.0 ], [ 73.1467575, 28.1643195, 0.0 ], [ 73.1467523, 28.1646228, 0.0 ], [ 73.1467292, 28.1646224, 0.0 ], [ 73.1467344, 28.1643192, 0.0 ] ], [ [ 73.146785, 28.1646316, 0.0 ], [ 73.1468081, 28.1646319, 0.0 ], [ 73.1468029, 28.1649352, 0.0 ], [ 73.1467798, 28.1649349, 0.0 ], [ 73.146785, 28.1646316, 0.0 ] ], [ [ 73.146729, 28.1646309, 0.0 ], [ 73.1467522, 28.1646312, 0.0 ], [ 73.1467469, 28.1649344, 0.0 ], [ 73.1467238, 28.1649341, 0.0 ], [ 73.146729, 28.1646309, 0.0 ] ], [ [ 73.1468011, 28.1637005, 0.0 ], [ 73.1468242, 28.1637008, 0.0 ], [ 73.146819, 28.164004, 0.0 ], [ 73.1467958, 28.1640037, 0.0 ], [ 73.1468011, 28.1637005, 0.0 ] ], [ [ 73.1467451, 28.1636997, 0.0 ], [ 73.1467682, 28.1637, 0.0 ], [ 73.146763, 28.1640033, 0.0 ], [ 73.1467398, 28.164003, 0.0 ], [ 73.1467451, 28.1636997, 0.0 ] ], [ [ 73.1467957, 28.1640121, 0.0 ], [ 73.1468188, 28.1640125, 0.0 ], [ 73.1468136, 28.1643157, 0.0 ], [ 73.1467905, 28.1643154, 0.0 ], [ 73.1467957, 28.1640121, 0.0 ] ], [ [ 73.1467397, 28.1640114, 0.0 ], [ 73.1467628, 28.1640117, 0.0 ], [ 73.1467576, 28.164315, 0.0 ], [ 73.1467345, 28.1643147, 0.0 ], [ 73.1467397, 28.1640114, 0.0 ] ], [ [ 73.1468117, 28.163081, 0.0 ], [ 73.1468349, 28.1630813, 0.0 ], [ 73.1468296, 28.1633846, 0.0 ], [ 73.1468065, 28.1633843, 0.0 ], [ 73.1468117, 28.163081, 0.0 ] ], [ [ 73.1467557, 28.1630802, 0.0 ], [ 73.1467789, 28.1630806, 0.0 ], [ 73.1467737, 28.1633838, 0.0 ], [ 73.1467505, 28.1633835, 0.0 ], [ 73.1467557, 28.1630802, 0.0 ] ], [ [ 73.1468064, 28.1633927, 0.0 ], [ 73.1468295, 28.163393, 0.0 ], [ 73.1468243, 28.1636963, 0.0 ], [ 73.1468011, 28.163696, 0.0 ], [ 73.1468064, 28.1633927, 0.0 ] ], [ [ 73.1467504, 28.1633919, 0.0 ], [ 73.1467735, 28.1633922, 0.0 ], [ 73.1467683, 28.1636955, 0.0 ], [ 73.1467451, 28.1636952, 0.0 ], [ 73.1467504, 28.1633919, 0.0 ] ], [ [ 73.1468224, 28.1624615, 0.0 ], [ 73.1468455, 28.1624618, 0.0 ], [ 73.1468403, 28.1627651, 0.0 ], [ 73.1468172, 28.1627648, 0.0 ], [ 73.1468224, 28.1624615, 0.0 ] ], [ [ 73.1467664, 28.1624608, 0.0 ], [ 73.1467896, 28.1624611, 0.0 ], [ 73.1467843, 28.1627644, 0.0 ], [ 73.1467612, 28.162764, 0.0 ], [ 73.1467664, 28.1624608, 0.0 ] ], [ [ 73.146817, 28.1627732, 0.0 ], [ 73.1468402, 28.1627735, 0.0 ], [ 73.1468349, 28.1630768, 0.0 ], [ 73.1468118, 28.1630765, 0.0 ], [ 73.146817, 28.1627732, 0.0 ] ], [ [ 73.1467611, 28.1627725, 0.0 ], [ 73.1467842, 28.1627728, 0.0 ], [ 73.146779, 28.163076, 0.0 ], [ 73.1467558, 28.1630757, 0.0 ], [ 73.1467611, 28.1627725, 0.0 ] ], [ [ 73.1468331, 28.1618421, 0.0 ], [ 73.1468562, 28.1618424, 0.0 ], [ 73.146851, 28.1621456, 0.0 ], [ 73.1468279, 28.1621453, 0.0 ], [ 73.1468331, 28.1618421, 0.0 ] ], [ [ 73.1467771, 28.1618413, 0.0 ], [ 73.1468002, 28.1618416, 0.0 ], [ 73.146795, 28.1621449, 0.0 ], [ 73.1467719, 28.1621446, 0.0 ], [ 73.1467771, 28.1618413, 0.0 ] ], [ [ 73.1468277, 28.1621538, 0.0 ], [ 73.1468508, 28.1621541, 0.0 ], [ 73.1468456, 28.1624573, 0.0 ], [ 73.1468225, 28.162457, 0.0 ], [ 73.1468277, 28.1621538, 0.0 ] ], [ [ 73.1467717, 28.162153, 0.0 ], [ 73.1467949, 28.1621533, 0.0 ], [ 73.1467896, 28.1624566, 0.0 ], [ 73.1467665, 28.1624563, 0.0 ], [ 73.1467717, 28.162153, 0.0 ] ], [ [ 73.1468438, 28.1612226, 0.0 ], [ 73.1468669, 28.1612229, 0.0 ], [ 73.1468617, 28.1615262, 0.0 ], [ 73.1468385, 28.1615259, 0.0 ], [ 73.1468438, 28.1612226, 0.0 ] ], [ [ 73.1467878, 28.1612218, 0.0 ], [ 73.1468109, 28.1612222, 0.0 ], [ 73.1468057, 28.1615254, 0.0 ], [ 73.1467825, 28.1615251, 0.0 ], [ 73.1467878, 28.1612218, 0.0 ] ], [ [ 73.1468384, 28.1615343, 0.0 ], [ 73.1468615, 28.1615346, 0.0 ], [ 73.1468563, 28.1618379, 0.0 ], [ 73.1468332, 28.1618376, 0.0 ], [ 73.1468384, 28.1615343, 0.0 ] ], [ [ 73.1467824, 28.1615335, 0.0 ], [ 73.1468055, 28.1615338, 0.0 ], [ 73.1468003, 28.1618371, 0.0 ], [ 73.1467772, 28.1618368, 0.0 ], [ 73.1467824, 28.1615335, 0.0 ] ], [ [ 73.1466784, 28.1643184, 0.0 ], [ 73.1467015, 28.1643187, 0.0 ], [ 73.1466963, 28.164622, 0.0 ], [ 73.1466732, 28.1646217, 0.0 ], [ 73.1466784, 28.1643184, 0.0 ] ], [ [ 73.1466224, 28.1643177, 0.0 ], [ 73.1466455, 28.164318, 0.0 ], [ 73.1466403, 28.1646212, 0.0 ], [ 73.1466172, 28.1646209, 0.0 ], [ 73.1466224, 28.1643177, 0.0 ] ], [ [ 73.146673, 28.1646301, 0.0 ], [ 73.1466962, 28.1646304, 0.0 ], [ 73.1466909, 28.1649337, 0.0 ], [ 73.1466678, 28.1649334, 0.0 ], [ 73.146673, 28.1646301, 0.0 ] ], [ [ 73.146617, 28.1646293, 0.0 ], [ 73.1466402, 28.1646297, 0.0 ], [ 73.1466349, 28.1649329, 0.0 ], [ 73.1466118, 28.1649326, 0.0 ], [ 73.146617, 28.1646293, 0.0 ] ], [ [ 73.1466891, 28.1636989, 0.0 ], [ 73.1467122, 28.1636993, 0.0 ], [ 73.146707, 28.1640025, 0.0 ], [ 73.1466839, 28.1640022, 0.0 ], [ 73.1466891, 28.1636989, 0.0 ] ], [ [ 73.1466331, 28.1636982, 0.0 ], [ 73.1466562, 28.1636985, 0.0 ], [ 73.146651, 28.1640018, 0.0 ], [ 73.1466279, 28.1640015, 0.0 ], [ 73.1466331, 28.1636982, 0.0 ] ], [ [ 73.1466837, 28.1640106, 0.0 ], [ 73.1467068, 28.1640109, 0.0 ], [ 73.1467016, 28.1643142, 0.0 ], [ 73.1466785, 28.1643139, 0.0 ], [ 73.1466837, 28.1640106, 0.0 ] ], [ [ 73.1466277, 28.1640099, 0.0 ], [ 73.1466508, 28.1640102, 0.0 ], [ 73.1466456, 28.1643135, 0.0 ], [ 73.1466225, 28.1643131, 0.0 ], [ 73.1466277, 28.1640099, 0.0 ] ], [ [ 73.1466998, 28.1630795, 0.0 ], [ 73.1467229, 28.1630798, 0.0 ], [ 73.1467177, 28.1633831, 0.0 ], [ 73.1466945, 28.1633828, 0.0 ], [ 73.1466998, 28.1630795, 0.0 ] ], [ [ 73.1466438, 28.1630787, 0.0 ], [ 73.1466669, 28.163079, 0.0 ], [ 73.1466617, 28.1633823, 0.0 ], [ 73.1466385, 28.163382, 0.0 ], [ 73.1466438, 28.1630787, 0.0 ] ], [ [ 73.1466944, 28.1633912, 0.0 ], [ 73.1467175, 28.1633915, 0.0 ], [ 73.1467123, 28.1636947, 0.0 ], [ 73.1466892, 28.1636944, 0.0 ], [ 73.1466944, 28.1633912, 0.0 ] ], [ [ 73.1466384, 28.1633904, 0.0 ], [ 73.1466615, 28.1633907, 0.0 ], [ 73.1466563, 28.163694, 0.0 ], [ 73.1466332, 28.1636937, 0.0 ], [ 73.1466384, 28.1633904, 0.0 ] ], [ [ 73.1467104, 28.16246, 0.0 ], [ 73.1467336, 28.1624603, 0.0 ], [ 73.1467283, 28.1627636, 0.0 ], [ 73.1467052, 28.1627633, 0.0 ], [ 73.1467104, 28.16246, 0.0 ] ], [ [ 73.1466544, 28.1624593, 0.0 ], [ 73.1466776, 28.1624596, 0.0 ], [ 73.1466723, 28.1627628, 0.0 ], [ 73.1466492, 28.1627625, 0.0 ], [ 73.1466544, 28.1624593, 0.0 ] ], [ [ 73.1467051, 28.1627717, 0.0 ], [ 73.1467282, 28.162772, 0.0 ], [ 73.146723, 28.1630753, 0.0 ], [ 73.1466998, 28.163075, 0.0 ], [ 73.1467051, 28.1627717, 0.0 ] ], [ [ 73.1466491, 28.1627709, 0.0 ], [ 73.1466722, 28.1627713, 0.0 ], [ 73.146667, 28.1630745, 0.0 ], [ 73.1466438, 28.1630742, 0.0 ], [ 73.1466491, 28.1627709, 0.0 ] ], [ [ 73.1467211, 28.1618406, 0.0 ], [ 73.1467442, 28.1618409, 0.0 ], [ 73.146739, 28.1621441, 0.0 ], [ 73.1467159, 28.1621438, 0.0 ], [ 73.1467211, 28.1618406, 0.0 ] ], [ [ 73.1466651, 28.1618398, 0.0 ], [ 73.1466882, 28.1618401, 0.0 ], [ 73.146683, 28.1621434, 0.0 ], [ 73.1466599, 28.1621431, 0.0 ], [ 73.1466651, 28.1618398, 0.0 ] ], [ [ 73.1467157, 28.1621522, 0.0 ], [ 73.1467389, 28.1621526, 0.0 ], [ 73.1467336, 28.1624558, 0.0 ], [ 73.1467105, 28.1624555, 0.0 ], [ 73.1467157, 28.1621522, 0.0 ] ], [ [ 73.1466597, 28.1621515, 0.0 ], [ 73.1466829, 28.1621518, 0.0 ], [ 73.1466776, 28.1624551, 0.0 ], [ 73.1466545, 28.1624547, 0.0 ], [ 73.1466597, 28.1621515, 0.0 ] ], [ [ 73.1467318, 28.1612211, 0.0 ], [ 73.1467549, 28.1612214, 0.0 ], [ 73.1467497, 28.1615247, 0.0 ], [ 73.1467266, 28.1615244, 0.0 ], [ 73.1467318, 28.1612211, 0.0 ] ], [ [ 73.1466758, 28.1612203, 0.0 ], [ 73.1466989, 28.1612206, 0.0 ], [ 73.1466937, 28.1615239, 0.0 ], [ 73.1466706, 28.1615236, 0.0 ], [ 73.1466758, 28.1612203, 0.0 ] ], [ [ 73.1467264, 28.1615328, 0.0 ], [ 73.1467495, 28.1615331, 0.0 ], [ 73.1467443, 28.1618364, 0.0 ], [ 73.1467212, 28.161836, 0.0 ], [ 73.1467264, 28.1615328, 0.0 ] ], [ [ 73.1466704, 28.161532, 0.0 ], [ 73.1466935, 28.1615323, 0.0 ], [ 73.1466883, 28.1618356, 0.0 ], [ 73.1466652, 28.1618353, 0.0 ], [ 73.1466704, 28.161532, 0.0 ] ], [ [ 73.1465664, 28.1643169, 0.0 ], [ 73.1465895, 28.1643172, 0.0 ], [ 73.1465843, 28.1646205, 0.0 ], [ 73.1465612, 28.1646202, 0.0 ], [ 73.1465664, 28.1643169, 0.0 ] ], [ [ 73.1465104, 28.1643161, 0.0 ], [ 73.1465336, 28.1643165, 0.0 ], [ 73.1465283, 28.1646197, 0.0 ], [ 73.1465052, 28.1646194, 0.0 ], [ 73.1465104, 28.1643161, 0.0 ] ], [ [ 73.146561, 28.1646286, 0.0 ], [ 73.1465842, 28.1646289, 0.0 ], [ 73.1465789, 28.1649322, 0.0 ], [ 73.1465558, 28.1649318, 0.0 ], [ 73.146561, 28.1646286, 0.0 ] ], [ [ 73.146505, 28.1646278, 0.0 ], [ 73.1465282, 28.1646281, 0.0 ], [ 73.146523, 28.1649314, 0.0 ], [ 73.1464998, 28.1649311, 0.0 ], [ 73.146505, 28.1646278, 0.0 ] ], [ [ 73.1465771, 28.1636974, 0.0 ], [ 73.1466002, 28.1636977, 0.0 ], [ 73.146595, 28.164001, 0.0 ], [ 73.1465719, 28.1640007, 0.0 ], [ 73.1465771, 28.1636974, 0.0 ] ], [ [ 73.1465211, 28.1636967, 0.0 ], [ 73.1465442, 28.163697, 0.0 ], [ 73.146539, 28.1640003, 0.0 ], [ 73.1465159, 28.1639999, 0.0 ], [ 73.1465211, 28.1636967, 0.0 ] ], [ [ 73.1465717, 28.1640091, 0.0 ], [ 73.1465948, 28.1640094, 0.0 ], [ 73.1465896, 28.1643127, 0.0 ], [ 73.1465665, 28.1643124, 0.0 ], [ 73.1465717, 28.1640091, 0.0 ] ], [ [ 73.1465157, 28.1640084, 0.0 ], [ 73.1465389, 28.1640087, 0.0 ], [ 73.1465336, 28.1643119, 0.0 ], [ 73.1465105, 28.1643116, 0.0 ], [ 73.1465157, 28.1640084, 0.0 ] ], [ [ 73.1465878, 28.163078, 0.0 ], [ 73.1466109, 28.1630783, 0.0 ], [ 73.1466057, 28.1633815, 0.0 ], [ 73.1465825, 28.1633812, 0.0 ], [ 73.1465878, 28.163078, 0.0 ] ], [ [ 73.1465318, 28.1630772, 0.0 ], [ 73.1465549, 28.1630775, 0.0 ], [ 73.1465497, 28.1633808, 0.0 ], [ 73.1465265, 28.1633805, 0.0 ], [ 73.1465318, 28.1630772, 0.0 ] ], [ [ 73.1465824, 28.1633897, 0.0 ], [ 73.1466055, 28.16339, 0.0 ], [ 73.1466003, 28.1636932, 0.0 ], [ 73.1465772, 28.1636929, 0.0 ], [ 73.1465824, 28.1633897, 0.0 ] ], [ [ 73.1465264, 28.1633889, 0.0 ], [ 73.1465495, 28.1633892, 0.0 ], [ 73.1465443, 28.1636925, 0.0 ], [ 73.1465212, 28.1636922, 0.0 ], [ 73.1465264, 28.1633889, 0.0 ] ], [ [ 73.1465984, 28.1624585, 0.0 ], [ 73.1466216, 28.1624588, 0.0 ], [ 73.1466163, 28.1627621, 0.0 ], [ 73.1465932, 28.1627618, 0.0 ], [ 73.1465984, 28.1624585, 0.0 ] ], [ [ 73.1465424, 28.1624577, 0.0 ], [ 73.1465656, 28.1624581, 0.0 ], [ 73.1465604, 28.1627613, 0.0 ], [ 73.1465372, 28.162761, 0.0 ], [ 73.1465424, 28.1624577, 0.0 ] ], [ [ 73.1465931, 28.1627702, 0.0 ], [ 73.1466162, 28.1627705, 0.0 ], [ 73.146611, 28.1630738, 0.0 ], [ 73.1465878, 28.1630735, 0.0 ], [ 73.1465931, 28.1627702, 0.0 ] ], [ [ 73.1465371, 28.1627694, 0.0 ], [ 73.1465602, 28.1627697, 0.0 ], [ 73.146555, 28.163073, 0.0 ], [ 73.1465319, 28.1630727, 0.0 ], [ 73.1465371, 28.1627694, 0.0 ] ], [ [ 73.1466091, 28.161839, 0.0 ], [ 73.1466322, 28.1618393, 0.0 ], [ 73.146627, 28.1621426, 0.0 ], [ 73.1466039, 28.1621423, 0.0 ], [ 73.1466091, 28.161839, 0.0 ] ], [ [ 73.1465531, 28.1618383, 0.0 ], [ 73.1465763, 28.1618386, 0.0 ], [ 73.146571, 28.1621419, 0.0 ], [ 73.1465479, 28.1621415, 0.0 ], [ 73.1465531, 28.1618383, 0.0 ] ], [ [ 73.1466037, 28.1621507, 0.0 ], [ 73.1466269, 28.162151, 0.0 ], [ 73.1466216, 28.1624543, 0.0 ], [ 73.1465985, 28.162454, 0.0 ], [ 73.1466037, 28.1621507, 0.0 ] ], [ [ 73.1465478, 28.16215, 0.0 ], [ 73.1465709, 28.1621503, 0.0 ], [ 73.1465657, 28.1624535, 0.0 ], [ 73.1465425, 28.1624532, 0.0 ], [ 73.1465478, 28.16215, 0.0 ] ], [ [ 73.1466198, 28.1612196, 0.0 ], [ 73.1466429, 28.1612199, 0.0 ], [ 73.1466377, 28.1615232, 0.0 ], [ 73.1466146, 28.1615228, 0.0 ], [ 73.1466198, 28.1612196, 0.0 ] ], [ [ 73.1465638, 28.1612188, 0.0 ], [ 73.1465869, 28.1612191, 0.0 ], [ 73.1465817, 28.1615224, 0.0 ], [ 73.1465586, 28.1615221, 0.0 ], [ 73.1465638, 28.1612188, 0.0 ] ], [ [ 73.1466144, 28.1615313, 0.0 ], [ 73.1466376, 28.1615316, 0.0 ], [ 73.1466323, 28.1618348, 0.0 ], [ 73.1466092, 28.1618345, 0.0 ], [ 73.1466144, 28.1615313, 0.0 ] ], [ [ 73.1465584, 28.1615305, 0.0 ], [ 73.1465816, 28.1615308, 0.0 ], [ 73.1465763, 28.1618341, 0.0 ], [ 73.1465532, 28.1618338, 0.0 ], [ 73.1465584, 28.1615305, 0.0 ] ], [ [ 73.1464544, 28.1643154, 0.0 ], [ 73.1464776, 28.1643157, 0.0 ], [ 73.1464723, 28.164619, 0.0 ], [ 73.1464492, 28.1646186, 0.0 ], [ 73.1464544, 28.1643154, 0.0 ] ], [ [ 73.1463984, 28.1643146, 0.0 ], [ 73.1464216, 28.1643149, 0.0 ], [ 73.1464163, 28.1646182, 0.0 ], [ 73.1463932, 28.1646179, 0.0 ], [ 73.1463984, 28.1643146, 0.0 ] ], [ [ 73.1464491, 28.1646271, 0.0 ], [ 73.1464722, 28.1646274, 0.0 ], [ 73.146467, 28.1649306, 0.0 ], [ 73.1464438, 28.1649303, 0.0 ], [ 73.1464491, 28.1646271, 0.0 ] ], [ [ 73.1463931, 28.1646263, 0.0 ], [ 73.1464162, 28.1646266, 0.0 ], [ 73.146411, 28.1649299, 0.0 ], [ 73.1463878, 28.1649296, 0.0 ], [ 73.1463931, 28.1646263, 0.0 ] ], [ [ 73.1464651, 28.1636959, 0.0 ], [ 73.1464882, 28.1636962, 0.0 ], [ 73.146483, 28.1639995, 0.0 ], [ 73.1464599, 28.1639992, 0.0 ], [ 73.1464651, 28.1636959, 0.0 ] ], [ [ 73.1464091, 28.1636952, 0.0 ], [ 73.1464322, 28.1636955, 0.0 ], [ 73.146427, 28.1639987, 0.0 ], [ 73.1464039, 28.1639984, 0.0 ], [ 73.1464091, 28.1636952, 0.0 ] ], [ [ 73.1464597, 28.1640076, 0.0 ], [ 73.1464829, 28.1640079, 0.0 ], [ 73.1464776, 28.1643112, 0.0 ], [ 73.1464545, 28.1643109, 0.0 ], [ 73.1464597, 28.1640076, 0.0 ] ], [ [ 73.1464037, 28.1640068, 0.0 ], [ 73.1464269, 28.1640072, 0.0 ], [ 73.1464216, 28.1643104, 0.0 ], [ 73.1463985, 28.1643101, 0.0 ], [ 73.1464037, 28.1640068, 0.0 ] ], [ [ 73.1464758, 28.1630765, 0.0 ], [ 73.1464989, 28.1630768, 0.0 ], [ 73.1464937, 28.16338, 0.0 ], [ 73.1464706, 28.1633797, 0.0 ], [ 73.1464758, 28.1630765, 0.0 ] ], [ [ 73.1464198, 28.1630757, 0.0 ], [ 73.1464429, 28.163076, 0.0 ], [ 73.1464377, 28.1633793, 0.0 ], [ 73.1464146, 28.163379, 0.0 ], [ 73.1464198, 28.1630757, 0.0 ] ], [ [ 73.1464704, 28.1633881, 0.0 ], [ 73.1464935, 28.1633884, 0.0 ], [ 73.1464883, 28.1636917, 0.0 ], [ 73.1464652, 28.1636914, 0.0 ], [ 73.1464704, 28.1633881, 0.0 ] ], [ [ 73.1464144, 28.1633874, 0.0 ], [ 73.1464375, 28.1633877, 0.0 ], [ 73.1464323, 28.163691, 0.0 ], [ 73.1464092, 28.1636906, 0.0 ], [ 73.1464144, 28.1633874, 0.0 ] ], [ [ 73.1464865, 28.162457, 0.0 ], [ 73.1465096, 28.1624573, 0.0 ], [ 73.1465044, 28.1627606, 0.0 ], [ 73.1464812, 28.1627603, 0.0 ], [ 73.1464865, 28.162457, 0.0 ] ], [ [ 73.1464305, 28.1624562, 0.0 ], [ 73.1464536, 28.1624565, 0.0 ], [ 73.1464484, 28.1627598, 0.0 ], [ 73.1464252, 28.1627595, 0.0 ], [ 73.1464305, 28.1624562, 0.0 ] ], [ [ 73.1464811, 28.1627687, 0.0 ], [ 73.1465042, 28.162769, 0.0 ], [ 73.146499, 28.1630723, 0.0 ], [ 73.1464759, 28.1630719, 0.0 ], [ 73.1464811, 28.1627687, 0.0 ] ], [ [ 73.1464251, 28.1627679, 0.0 ], [ 73.1464482, 28.1627682, 0.0 ], [ 73.146443, 28.1630715, 0.0 ], [ 73.1464199, 28.1630712, 0.0 ], [ 73.1464251, 28.1627679, 0.0 ] ], [ [ 73.1464971, 28.1618375, 0.0 ], [ 73.1465203, 28.1618378, 0.0 ], [ 73.146515, 28.1621411, 0.0 ], [ 73.1464919, 28.1621408, 0.0 ], [ 73.1464971, 28.1618375, 0.0 ] ], [ [ 73.1464411, 28.1618368, 0.0 ], [ 73.1464643, 28.1618371, 0.0 ], [ 73.146459, 28.1621403, 0.0 ], [ 73.1464359, 28.16214, 0.0 ], [ 73.1464411, 28.1618368, 0.0 ] ], [ [ 73.1464918, 28.1621492, 0.0 ], [ 73.1465149, 28.1621495, 0.0 ], [ 73.1465097, 28.1624528, 0.0 ], [ 73.1464865, 28.1624525, 0.0 ], [ 73.1464918, 28.1621492, 0.0 ] ], [ [ 73.1464358, 28.1621484, 0.0 ], [ 73.1464589, 28.1621488, 0.0 ], [ 73.1464537, 28.162452, 0.0 ], [ 73.1464305, 28.1624517, 0.0 ], [ 73.1464358, 28.1621484, 0.0 ] ], [ [ 73.1465078, 28.1612181, 0.0 ], [ 73.1465309, 28.1612184, 0.0 ], [ 73.1465257, 28.1615216, 0.0 ], [ 73.1465026, 28.1615213, 0.0 ], [ 73.1465078, 28.1612181, 0.0 ] ], [ [ 73.1464518, 28.1612173, 0.0 ], [ 73.1464749, 28.1612176, 0.0 ], [ 73.1464697, 28.1615209, 0.0 ], [ 73.1464466, 28.1615206, 0.0 ], [ 73.1464518, 28.1612173, 0.0 ] ], [ [ 73.1465024, 28.1615297, 0.0 ], [ 73.1465256, 28.1615301, 0.0 ], [ 73.1465203, 28.1618333, 0.0 ], [ 73.1464972, 28.161833, 0.0 ], [ 73.1465024, 28.1615297, 0.0 ] ], [ [ 73.1464464, 28.161529, 0.0 ], [ 73.1464696, 28.1615293, 0.0 ], [ 73.1464643, 28.1618326, 0.0 ], [ 73.1464412, 28.1618323, 0.0 ], [ 73.1464464, 28.161529, 0.0 ] ], [ [ 73.1463424, 28.1643139, 0.0 ], [ 73.1463656, 28.1643142, 0.0 ], [ 73.1463603, 28.1646174, 0.0 ], [ 73.1463372, 28.1646171, 0.0 ], [ 73.1463424, 28.1643139, 0.0 ] ], [ [ 73.1462864, 28.1643131, 0.0 ], [ 73.1463096, 28.1643134, 0.0 ], [ 73.1463043, 28.1646167, 0.0 ], [ 73.1462812, 28.1646164, 0.0 ], [ 73.1462864, 28.1643131, 0.0 ] ], [ [ 73.1463371, 28.1646255, 0.0 ], [ 73.1463602, 28.1646259, 0.0 ], [ 73.146355, 28.1649291, 0.0 ], [ 73.1463318, 28.1649288, 0.0 ], [ 73.1463371, 28.1646255, 0.0 ] ], [ [ 73.1462811, 28.1646248, 0.0 ], [ 73.1463042, 28.1646251, 0.0 ], [ 73.146299, 28.1649284, 0.0 ], [ 73.1462758, 28.1649281, 0.0 ], [ 73.1462811, 28.1646248, 0.0 ] ], [ [ 73.1463531, 28.1636944, 0.0 ], [ 73.1463762, 28.1636947, 0.0 ], [ 73.146371, 28.163998, 0.0 ], [ 73.1463479, 28.1639977, 0.0 ], [ 73.1463531, 28.1636944, 0.0 ] ], [ [ 73.1462971, 28.1636936, 0.0 ], [ 73.1463203, 28.163694, 0.0 ], [ 73.146315, 28.1639972, 0.0 ], [ 73.1462919, 28.1639969, 0.0 ], [ 73.1462971, 28.1636936, 0.0 ] ], [ [ 73.1463477, 28.1640061, 0.0 ], [ 73.1463709, 28.1640064, 0.0 ], [ 73.1463656, 28.1643097, 0.0 ], [ 73.1463425, 28.1643094, 0.0 ], [ 73.1463477, 28.1640061, 0.0 ] ], [ [ 73.1462917, 28.1640053, 0.0 ], [ 73.1463149, 28.1640056, 0.0 ], [ 73.1463097, 28.1643089, 0.0 ], [ 73.1462865, 28.1643086, 0.0 ], [ 73.1462917, 28.1640053, 0.0 ] ], [ [ 73.1463638, 28.1630749, 0.0 ], [ 73.1463869, 28.1630752, 0.0 ], [ 73.1463817, 28.1633785, 0.0 ], [ 73.1463586, 28.1633782, 0.0 ], [ 73.1463638, 28.1630749, 0.0 ] ], [ [ 73.1463078, 28.1630742, 0.0 ], [ 73.1463309, 28.1630745, 0.0 ], [ 73.1463257, 28.1633778, 0.0 ], [ 73.1463026, 28.1633774, 0.0 ], [ 73.1463078, 28.1630742, 0.0 ] ], [ [ 73.1463584, 28.1633866, 0.0 ], [ 73.1463816, 28.1633869, 0.0 ], [ 73.1463763, 28.1636902, 0.0 ], [ 73.1463532, 28.1636899, 0.0 ], [ 73.1463584, 28.1633866, 0.0 ] ], [ [ 73.1463024, 28.1633859, 0.0 ], [ 73.1463256, 28.1633862, 0.0 ], [ 73.1463203, 28.1636894, 0.0 ], [ 73.1462972, 28.1636891, 0.0 ], [ 73.1463024, 28.1633859, 0.0 ] ], [ [ 73.1463745, 28.1624555, 0.0 ], [ 73.1463976, 28.1624558, 0.0 ], [ 73.1463924, 28.1627591, 0.0 ], [ 73.1463692, 28.1627587, 0.0 ], [ 73.1463745, 28.1624555, 0.0 ] ], [ [ 73.1463185, 28.1624547, 0.0 ], [ 73.1463416, 28.162455, 0.0 ], [ 73.1463364, 28.1627583, 0.0 ], [ 73.1463132, 28.162758, 0.0 ], [ 73.1463185, 28.1624547, 0.0 ] ], [ [ 73.1463691, 28.1627672, 0.0 ], [ 73.1463922, 28.1627675, 0.0 ], [ 73.146387, 28.1630707, 0.0 ], [ 73.1463639, 28.1630704, 0.0 ], [ 73.1463691, 28.1627672, 0.0 ] ], [ [ 73.1463131, 28.1627664, 0.0 ], [ 73.1463362, 28.1627667, 0.0 ], [ 73.146331, 28.16307, 0.0 ], [ 73.1463079, 28.1630697, 0.0 ], [ 73.1463131, 28.1627664, 0.0 ] ], [ [ 73.1463851, 28.161836, 0.0 ], [ 73.1464083, 28.1618363, 0.0 ], [ 73.146403, 28.1621396, 0.0 ], [ 73.1463799, 28.1621393, 0.0 ], [ 73.1463851, 28.161836, 0.0 ] ], [ [ 73.1463292, 28.1618352, 0.0 ], [ 73.1463523, 28.1618356, 0.0 ], [ 73.1463471, 28.1621388, 0.0 ], [ 73.1463239, 28.1621385, 0.0 ], [ 73.1463292, 28.1618352, 0.0 ] ], [ [ 73.1463798, 28.1621477, 0.0 ], [ 73.1464029, 28.162148, 0.0 ], [ 73.1463977, 28.1624513, 0.0 ], [ 73.1463745, 28.162451, 0.0 ], [ 73.1463798, 28.1621477, 0.0 ] ], [ [ 73.1463238, 28.1621469, 0.0 ], [ 73.1463469, 28.1621472, 0.0 ], [ 73.1463417, 28.1624505, 0.0 ], [ 73.1463186, 28.1624502, 0.0 ], [ 73.1463238, 28.1621469, 0.0 ] ], [ [ 73.1463958, 28.1612165, 0.0 ], [ 73.146419, 28.1612169, 0.0 ], [ 73.1464137, 28.1615201, 0.0 ], [ 73.1463906, 28.1615198, 0.0 ], [ 73.1463958, 28.1612165, 0.0 ] ], [ [ 73.1463398, 28.1612158, 0.0 ], [ 73.146363, 28.1612161, 0.0 ], [ 73.1463577, 28.1615194, 0.0 ], [ 73.1463346, 28.161519, 0.0 ], [ 73.1463398, 28.1612158, 0.0 ] ], [ [ 73.1463905, 28.1615282, 0.0 ], [ 73.1464136, 28.1615285, 0.0 ], [ 73.1464084, 28.1618318, 0.0 ], [ 73.1463852, 28.1618315, 0.0 ], [ 73.1463905, 28.1615282, 0.0 ] ], [ [ 73.1463345, 28.1615275, 0.0 ], [ 73.1463576, 28.1615278, 0.0 ], [ 73.1463524, 28.161831, 0.0 ], [ 73.1463292, 28.1618307, 0.0 ], [ 73.1463345, 28.1615275, 0.0 ] ], [ [ 73.1462304, 28.1643123, 0.0 ], [ 73.1462536, 28.1643127, 0.0 ], [ 73.1462484, 28.1646159, 0.0 ], [ 73.1462252, 28.1646156, 0.0 ], [ 73.1462304, 28.1643123, 0.0 ] ], [ [ 73.1461745, 28.1643116, 0.0 ], [ 73.1461976, 28.1643119, 0.0 ], [ 73.1461924, 28.1646152, 0.0 ], [ 73.1461692, 28.1646149, 0.0 ], [ 73.1461745, 28.1643116, 0.0 ] ], [ [ 73.1462251, 28.164624, 0.0 ], [ 73.1462482, 28.1646243, 0.0 ], [ 73.146243, 28.1649276, 0.0 ], [ 73.1462198, 28.1649273, 0.0 ], [ 73.1462251, 28.164624, 0.0 ] ], [ [ 73.1461691, 28.1646233, 0.0 ], [ 73.1461922, 28.1646236, 0.0 ], [ 73.146187, 28.1649269, 0.0 ], [ 73.1461639, 28.1649265, 0.0 ], [ 73.1461691, 28.1646233, 0.0 ] ], [ [ 73.1462411, 28.1636929, 0.0 ], [ 73.1462643, 28.1636932, 0.0 ], [ 73.146259, 28.1639965, 0.0 ], [ 73.1462359, 28.1639962, 0.0 ], [ 73.1462411, 28.1636929, 0.0 ] ], [ [ 73.1461851, 28.1636921, 0.0 ], [ 73.1462083, 28.1636924, 0.0 ], [ 73.146203, 28.1639957, 0.0 ], [ 73.1461799, 28.1639954, 0.0 ], [ 73.1461851, 28.1636921, 0.0 ] ], [ [ 73.1462358, 28.1640046, 0.0 ], [ 73.1462589, 28.1640049, 0.0 ], [ 73.1462537, 28.1643082, 0.0 ], [ 73.1462305, 28.1643078, 0.0 ], [ 73.1462358, 28.1640046, 0.0 ] ], [ [ 73.1461798, 28.1640038, 0.0 ], [ 73.1462029, 28.1640041, 0.0 ], [ 73.1461977, 28.1643074, 0.0 ], [ 73.1461745, 28.1643071, 0.0 ], [ 73.1461798, 28.1640038, 0.0 ] ], [ [ 73.1462518, 28.1630734, 0.0 ], [ 73.1462749, 28.1630737, 0.0 ], [ 73.1462697, 28.163377, 0.0 ], [ 73.1462466, 28.1633767, 0.0 ], [ 73.1462518, 28.1630734, 0.0 ] ], [ [ 73.1461958, 28.1630727, 0.0 ], [ 73.1462189, 28.163073, 0.0 ], [ 73.1462137, 28.1633762, 0.0 ], [ 73.1461906, 28.1633759, 0.0 ], [ 73.1461958, 28.1630727, 0.0 ] ], [ [ 73.1462464, 28.1633851, 0.0 ], [ 73.1462696, 28.1633854, 0.0 ], [ 73.1462643, 28.1636887, 0.0 ], [ 73.1462412, 28.1636884, 0.0 ], [ 73.1462464, 28.1633851, 0.0 ] ], [ [ 73.1461904, 28.1633843, 0.0 ], [ 73.1462136, 28.1633847, 0.0 ], [ 73.1462083, 28.1636879, 0.0 ], [ 73.1461852, 28.1636876, 0.0 ], [ 73.1461904, 28.1633843, 0.0 ] ], [ [ 73.1462625, 28.162454, 0.0 ], [ 73.1462856, 28.1624543, 0.0 ], [ 73.1462804, 28.1627575, 0.0 ], [ 73.1462573, 28.1627572, 0.0 ], [ 73.1462625, 28.162454, 0.0 ] ], [ [ 73.1462065, 28.1624532, 0.0 ], [ 73.1462296, 28.1624535, 0.0 ], [ 73.1462244, 28.1627568, 0.0 ], [ 73.1462013, 28.1627565, 0.0 ], [ 73.1462065, 28.1624532, 0.0 ] ], [ [ 73.1462571, 28.1627656, 0.0 ], [ 73.1462802, 28.162766, 0.0 ], [ 73.146275, 28.1630692, 0.0 ], [ 73.1462519, 28.1630689, 0.0 ], [ 73.1462571, 28.1627656, 0.0 ] ], [ [ 73.1462011, 28.1627649, 0.0 ], [ 73.1462242, 28.1627652, 0.0 ], [ 73.146219, 28.1630685, 0.0 ], [ 73.1461959, 28.1630681, 0.0 ], [ 73.1462011, 28.1627649, 0.0 ] ], [ [ 73.1462732, 28.1618345, 0.0 ], [ 73.1462963, 28.1618348, 0.0 ], [ 73.1462911, 28.1621381, 0.0 ], [ 73.1462679, 28.1621378, 0.0 ], [ 73.1462732, 28.1618345, 0.0 ] ], [ [ 73.1462172, 28.1618337, 0.0 ], [ 73.1462403, 28.161834, 0.0 ], [ 73.1462351, 28.1621373, 0.0 ], [ 73.1462119, 28.162137, 0.0 ], [ 73.1462172, 28.1618337, 0.0 ] ], [ [ 73.1462678, 28.1621462, 0.0 ], [ 73.1462909, 28.1621465, 0.0 ], [ 73.1462857, 28.1624498, 0.0 ], [ 73.1462626, 28.1624494, 0.0 ], [ 73.1462678, 28.1621462, 0.0 ] ], [ [ 73.1462118, 28.1621454, 0.0 ], [ 73.1462349, 28.1621457, 0.0 ], [ 73.1462297, 28.162449, 0.0 ], [ 73.1462066, 28.1624487, 0.0 ], [ 73.1462118, 28.1621454, 0.0 ] ], [ [ 73.1462838, 28.161215, 0.0 ], [ 73.146307, 28.1612153, 0.0 ], [ 73.1463017, 28.1615186, 0.0 ], [ 73.1462786, 28.1615183, 0.0 ], [ 73.1462838, 28.161215, 0.0 ] ], [ [ 73.1462278, 28.1612143, 0.0 ], [ 73.146251, 28.1612146, 0.0 ], [ 73.1462457, 28.1615178, 0.0 ], [ 73.1462226, 28.1615175, 0.0 ], [ 73.1462278, 28.1612143, 0.0 ] ], [ [ 73.1462785, 28.1615267, 0.0 ], [ 73.1463016, 28.161527, 0.0 ], [ 73.1462964, 28.1618303, 0.0 ], [ 73.1462732, 28.16183, 0.0 ], [ 73.1462785, 28.1615267, 0.0 ] ], [ [ 73.1462225, 28.161526, 0.0 ], [ 73.1462456, 28.1615263, 0.0 ], [ 73.1462404, 28.1618295, 0.0 ], [ 73.1462172, 28.1618292, 0.0 ], [ 73.1462225, 28.161526, 0.0 ] ], [ [ 73.1461185, 28.1643108, 0.0 ], [ 73.1461416, 28.1643111, 0.0 ], [ 73.1461364, 28.1646144, 0.0 ], [ 73.1461132, 28.1646141, 0.0 ], [ 73.1461185, 28.1643108, 0.0 ] ], [ [ 73.1460625, 28.1643101, 0.0 ], [ 73.1460856, 28.1643104, 0.0 ], [ 73.1460804, 28.1646137, 0.0 ], [ 73.1460572, 28.1646133, 0.0 ], [ 73.1460625, 28.1643101, 0.0 ] ], [ [ 73.1461131, 28.1646225, 0.0 ], [ 73.1461362, 28.1646228, 0.0 ], [ 73.146131, 28.1649261, 0.0 ], [ 73.1461079, 28.1649258, 0.0 ], [ 73.1461131, 28.1646225, 0.0 ] ], [ [ 73.1460571, 28.1646218, 0.0 ], [ 73.1460802, 28.1646221, 0.0 ], [ 73.146075, 28.1649253, 0.0 ], [ 73.1460519, 28.164925, 0.0 ], [ 73.1460571, 28.1646218, 0.0 ] ], [ [ 73.1461291, 28.1636914, 0.0 ], [ 73.1461523, 28.1636917, 0.0 ], [ 73.146147, 28.1639949, 0.0 ], [ 73.1461239, 28.1639946, 0.0 ], [ 73.1461291, 28.1636914, 0.0 ] ], [ [ 73.1460731, 28.1636906, 0.0 ], [ 73.1460963, 28.1636909, 0.0 ], [ 73.146091, 28.1639942, 0.0 ], [ 73.1460679, 28.1639939, 0.0 ], [ 73.1460731, 28.1636906, 0.0 ] ], [ [ 73.1461238, 28.1640031, 0.0 ], [ 73.1461469, 28.1640034, 0.0 ], [ 73.1461417, 28.1643066, 0.0 ], [ 73.1461185, 28.1643063, 0.0 ], [ 73.1461238, 28.1640031, 0.0 ] ], [ [ 73.1460678, 28.1640023, 0.0 ], [ 73.1460909, 28.1640026, 0.0 ], [ 73.1460857, 28.1643059, 0.0 ], [ 73.1460625, 28.1643056, 0.0 ], [ 73.1460678, 28.1640023, 0.0 ] ], [ [ 73.1461398, 28.1630719, 0.0 ], [ 73.1461629, 28.1630722, 0.0 ], [ 73.1461577, 28.1633755, 0.0 ], [ 73.1461346, 28.1633752, 0.0 ], [ 73.1461398, 28.1630719, 0.0 ] ], [ [ 73.1460838, 28.1630711, 0.0 ], [ 73.146107, 28.1630715, 0.0 ], [ 73.1461017, 28.1633747, 0.0 ], [ 73.1460786, 28.1633744, 0.0 ], [ 73.1460838, 28.1630711, 0.0 ] ], [ [ 73.1461344, 28.1633836, 0.0 ], [ 73.1461576, 28.1633839, 0.0 ], [ 73.1461523, 28.1636872, 0.0 ], [ 73.1461292, 28.1636869, 0.0 ], [ 73.1461344, 28.1633836, 0.0 ] ], [ [ 73.1460785, 28.1633828, 0.0 ], [ 73.1461016, 28.1633831, 0.0 ], [ 73.1460964, 28.1636864, 0.0 ], [ 73.1460732, 28.1636861, 0.0 ], [ 73.1460785, 28.1633828, 0.0 ] ], [ [ 73.1461505, 28.1624524, 0.0 ], [ 73.1461736, 28.1624528, 0.0 ], [ 73.1461684, 28.162756, 0.0 ], [ 73.1461453, 28.1627557, 0.0 ], [ 73.1461505, 28.1624524, 0.0 ] ], [ [ 73.1460945, 28.1624517, 0.0 ], [ 73.1461176, 28.162452, 0.0 ], [ 73.1461124, 28.1627553, 0.0 ], [ 73.1460893, 28.1627549, 0.0 ], [ 73.1460945, 28.1624517, 0.0 ] ], [ [ 73.1461451, 28.1627641, 0.0 ], [ 73.1461683, 28.1627644, 0.0 ], [ 73.146163, 28.1630677, 0.0 ], [ 73.1461399, 28.1630674, 0.0 ], [ 73.1461451, 28.1627641, 0.0 ] ], [ [ 73.1460891, 28.1627634, 0.0 ], [ 73.1461123, 28.1627637, 0.0 ], [ 73.146107, 28.1630669, 0.0 ], [ 73.1460839, 28.1630666, 0.0 ], [ 73.1460891, 28.1627634, 0.0 ] ], [ [ 73.1461612, 28.161833, 0.0 ], [ 73.1461843, 28.1618333, 0.0 ], [ 73.1461791, 28.1621366, 0.0 ], [ 73.1461559, 28.1621362, 0.0 ], [ 73.1461612, 28.161833, 0.0 ] ], [ [ 73.1461052, 28.1618322, 0.0 ], [ 73.1461283, 28.1618325, 0.0 ], [ 73.1461231, 28.1621358, 0.0 ], [ 73.1461, 28.1621355, 0.0 ], [ 73.1461052, 28.1618322, 0.0 ] ], [ [ 73.1461558, 28.1621447, 0.0 ], [ 73.1461789, 28.162145, 0.0 ], [ 73.1461737, 28.1624482, 0.0 ], [ 73.1461506, 28.1624479, 0.0 ], [ 73.1461558, 28.1621447, 0.0 ] ], [ [ 73.1460998, 28.1621439, 0.0 ], [ 73.1461229, 28.1621442, 0.0 ], [ 73.1461177, 28.1624475, 0.0 ], [ 73.1460946, 28.1624472, 0.0 ], [ 73.1460998, 28.1621439, 0.0 ] ], [ [ 73.1461719, 28.1612135, 0.0 ], [ 73.146195, 28.1612138, 0.0 ], [ 73.1461898, 28.1615171, 0.0 ], [ 73.1461666, 28.1615168, 0.0 ], [ 73.1461719, 28.1612135, 0.0 ] ], [ [ 73.1461159, 28.1612127, 0.0 ], [ 73.146139, 28.1612131, 0.0 ], [ 73.1461338, 28.1615163, 0.0 ], [ 73.1461106, 28.161516, 0.0 ], [ 73.1461159, 28.1612127, 0.0 ] ], [ [ 73.1461665, 28.1615252, 0.0 ], [ 73.1461896, 28.1615255, 0.0 ], [ 73.1461844, 28.1618288, 0.0 ], [ 73.1461613, 28.1618285, 0.0 ], [ 73.1461665, 28.1615252, 0.0 ] ], [ [ 73.1461105, 28.1615244, 0.0 ], [ 73.1461336, 28.1615247, 0.0 ], [ 73.1461284, 28.161828, 0.0 ], [ 73.1461053, 28.1618277, 0.0 ], [ 73.1461105, 28.1615244, 0.0 ] ], [ [ 73.1460065, 28.1643093, 0.0 ], [ 73.1460296, 28.1643096, 0.0 ], [ 73.1460244, 28.1646129, 0.0 ], [ 73.1460012, 28.1646126, 0.0 ], [ 73.1460065, 28.1643093, 0.0 ] ], [ [ 73.1459505, 28.1643086, 0.0 ], [ 73.1459736, 28.1643089, 0.0 ], [ 73.1459684, 28.1646121, 0.0 ], [ 73.1459453, 28.1646118, 0.0 ], [ 73.1459505, 28.1643086, 0.0 ] ], [ [ 73.1460011, 28.164621, 0.0 ], [ 73.1460242, 28.1646213, 0.0 ], [ 73.146019, 28.1649246, 0.0 ], [ 73.1459959, 28.1649243, 0.0 ], [ 73.1460011, 28.164621, 0.0 ] ], [ [ 73.1459451, 28.1646202, 0.0 ], [ 73.1459682, 28.1646206, 0.0 ], [ 73.145963, 28.1649238, 0.0 ], [ 73.1459399, 28.1649235, 0.0 ], [ 73.1459451, 28.1646202, 0.0 ] ], [ [ 73.1460172, 28.1636899, 0.0 ], [ 73.1460403, 28.1636902, 0.0 ], [ 73.1460351, 28.1639934, 0.0 ], [ 73.1460119, 28.1639931, 0.0 ], [ 73.1460172, 28.1636899, 0.0 ] ], [ [ 73.1459612, 28.1636891, 0.0 ], [ 73.1459843, 28.1636894, 0.0 ], [ 73.1459791, 28.1639927, 0.0 ], [ 73.1459559, 28.1639924, 0.0 ], [ 73.1459612, 28.1636891, 0.0 ] ], [ [ 73.1460118, 28.1640015, 0.0 ], [ 73.1460349, 28.1640018, 0.0 ], [ 73.1460297, 28.1643051, 0.0 ], [ 73.1460066, 28.1643048, 0.0 ], [ 73.1460118, 28.1640015, 0.0 ] ], [ [ 73.1459558, 28.1640008, 0.0 ], [ 73.1459789, 28.1640011, 0.0 ], [ 73.1459737, 28.1643044, 0.0 ], [ 73.1459506, 28.164304, 0.0 ], [ 73.1459558, 28.1640008, 0.0 ] ], [ [ 73.1460278, 28.1630704, 0.0 ], [ 73.146051, 28.1630707, 0.0 ], [ 73.1460457, 28.163374, 0.0 ], [ 73.1460226, 28.1633737, 0.0 ], [ 73.1460278, 28.1630704, 0.0 ] ], [ [ 73.1459718, 28.1630696, 0.0 ], [ 73.145995, 28.1630699, 0.0 ], [ 73.1459897, 28.1633732, 0.0 ], [ 73.1459666, 28.1633729, 0.0 ], [ 73.1459718, 28.1630696, 0.0 ] ], [ [ 73.1460225, 28.1633821, 0.0 ], [ 73.1460456, 28.1633824, 0.0 ], [ 73.1460404, 28.1636857, 0.0 ], [ 73.1460172, 28.1636853, 0.0 ], [ 73.1460225, 28.1633821, 0.0 ] ], [ [ 73.1459665, 28.1633813, 0.0 ], [ 73.1459896, 28.1633816, 0.0 ], [ 73.1459844, 28.1636849, 0.0 ], [ 73.1459612, 28.1636846, 0.0 ], [ 73.1459665, 28.1633813, 0.0 ] ], [ [ 73.1460385, 28.1624509, 0.0 ], [ 73.1460616, 28.1624512, 0.0 ], [ 73.1460564, 28.1627545, 0.0 ], [ 73.1460333, 28.1627542, 0.0 ], [ 73.1460385, 28.1624509, 0.0 ] ], [ [ 73.1459825, 28.1624502, 0.0 ], [ 73.1460056, 28.1624505, 0.0 ], [ 73.1460004, 28.1627537, 0.0 ], [ 73.1459773, 28.1627534, 0.0 ], [ 73.1459825, 28.1624502, 0.0 ] ], [ [ 73.1460331, 28.1627626, 0.0 ], [ 73.1460563, 28.1627629, 0.0 ], [ 73.146051, 28.1630662, 0.0 ], [ 73.1460279, 28.1630659, 0.0 ], [ 73.1460331, 28.1627626, 0.0 ] ], [ [ 73.1459771, 28.1627618, 0.0 ], [ 73.1460003, 28.1627622, 0.0 ], [ 73.145995, 28.1630654, 0.0 ], [ 73.1459719, 28.1630651, 0.0 ], [ 73.1459771, 28.1627618, 0.0 ] ], [ [ 73.1460492, 28.1618315, 0.0 ], [ 73.1460723, 28.1618318, 0.0 ], [ 73.1460671, 28.162135, 0.0 ], [ 73.146044, 28.1621347, 0.0 ], [ 73.1460492, 28.1618315, 0.0 ] ], [ [ 73.1459932, 28.1618307, 0.0 ], [ 73.1460163, 28.161831, 0.0 ], [ 73.1460111, 28.1621343, 0.0 ], [ 73.145988, 28.162134, 0.0 ], [ 73.1459932, 28.1618307, 0.0 ] ], [ [ 73.1460438, 28.1621431, 0.0 ], [ 73.1460669, 28.1621435, 0.0 ], [ 73.1460617, 28.1624467, 0.0 ], [ 73.1460386, 28.1624464, 0.0 ], [ 73.1460438, 28.1621431, 0.0 ] ], [ [ 73.1459878, 28.1621424, 0.0 ], [ 73.146011, 28.1621427, 0.0 ], [ 73.1460057, 28.162446, 0.0 ], [ 73.1459826, 28.1624457, 0.0 ], [ 73.1459878, 28.1621424, 0.0 ] ], [ [ 73.1460599, 28.161212, 0.0 ], [ 73.146083, 28.1612123, 0.0 ], [ 73.1460778, 28.1615156, 0.0 ], [ 73.1460546, 28.1615153, 0.0 ], [ 73.1460599, 28.161212, 0.0 ] ], [ [ 73.1460039, 28.1612112, 0.0 ], [ 73.146027, 28.1612115, 0.0 ], [ 73.1460218, 28.1615148, 0.0 ], [ 73.1459986, 28.1615145, 0.0 ], [ 73.1460039, 28.1612112, 0.0 ] ], [ [ 73.1460545, 28.1615237, 0.0 ], [ 73.1460776, 28.161524, 0.0 ], [ 73.1460724, 28.1618273, 0.0 ], [ 73.1460493, 28.1618269, 0.0 ], [ 73.1460545, 28.1615237, 0.0 ] ], [ [ 73.1459985, 28.1615229, 0.0 ], [ 73.1460216, 28.1615232, 0.0 ], [ 73.1460164, 28.1618265, 0.0 ], [ 73.1459933, 28.1618262, 0.0 ], [ 73.1459985, 28.1615229, 0.0 ] ], [ [ 73.1458945, 28.1643078, 0.0 ], [ 73.1459176, 28.1643081, 0.0 ], [ 73.1459124, 28.1646114, 0.0 ], [ 73.1458893, 28.1646111, 0.0 ], [ 73.1458945, 28.1643078, 0.0 ] ], [ [ 73.1458385, 28.164307, 0.0 ], [ 73.1458616, 28.1643074, 0.0 ], [ 73.1458564, 28.1646106, 0.0 ], [ 73.1458333, 28.1646103, 0.0 ], [ 73.1458385, 28.164307, 0.0 ] ], [ [ 73.1458891, 28.1646195, 0.0 ], [ 73.1459122, 28.1646198, 0.0 ], [ 73.145907, 28.1649231, 0.0 ], [ 73.1458839, 28.1649228, 0.0 ], [ 73.1458891, 28.1646195, 0.0 ] ], [ [ 73.1458331, 28.1646187, 0.0 ], [ 73.1458562, 28.164619, 0.0 ], [ 73.145851, 28.1649223, 0.0 ], [ 73.1458279, 28.164922, 0.0 ], [ 73.1458331, 28.1646187, 0.0 ] ], [ [ 73.1459052, 28.1636883, 0.0 ], [ 73.1459283, 28.1636886, 0.0 ], [ 73.1459231, 28.1639919, 0.0 ], [ 73.1458999, 28.1639916, 0.0 ], [ 73.1459052, 28.1636883, 0.0 ] ], [ [ 73.1458492, 28.1636876, 0.0 ], [ 73.1458723, 28.1636879, 0.0 ], [ 73.1458671, 28.1639912, 0.0 ], [ 73.1458439, 28.1639908, 0.0 ], [ 73.1458492, 28.1636876, 0.0 ] ], [ [ 73.1458998, 28.164, 0.0 ], [ 73.1459229, 28.1640003, 0.0 ], [ 73.1459177, 28.1643036, 0.0 ], [ 73.1458946, 28.1643033, 0.0 ], [ 73.1458998, 28.164, 0.0 ] ], [ [ 73.1458438, 28.1639993, 0.0 ], [ 73.1458669, 28.1639996, 0.0 ], [ 73.1458617, 28.1643028, 0.0 ], [ 73.1458386, 28.1643025, 0.0 ], [ 73.1458438, 28.1639993, 0.0 ] ], [ [ 73.1459158, 28.1630689, 0.0 ], [ 73.145939, 28.1630692, 0.0 ], [ 73.1459337, 28.1633725, 0.0 ], [ 73.1459106, 28.1633721, 0.0 ], [ 73.1459158, 28.1630689, 0.0 ] ], [ [ 73.1458599, 28.1630681, 0.0 ], [ 73.145883, 28.1630684, 0.0 ], [ 73.1458778, 28.1633717, 0.0 ], [ 73.1458546, 28.1633714, 0.0 ], [ 73.1458599, 28.1630681, 0.0 ] ], [ [ 73.1459105, 28.1633806, 0.0 ], [ 73.1459336, 28.1633809, 0.0 ], [ 73.1459284, 28.1636841, 0.0 ], [ 73.1459052, 28.1636838, 0.0 ], [ 73.1459105, 28.1633806, 0.0 ] ], [ [ 73.1458545, 28.1633798, 0.0 ], [ 73.1458776, 28.1633801, 0.0 ], [ 73.1458724, 28.1636834, 0.0 ], [ 73.1458492, 28.1636831, 0.0 ], [ 73.1458545, 28.1633798, 0.0 ] ], [ [ 73.1459265, 28.1624494, 0.0 ], [ 73.1459497, 28.1624497, 0.0 ], [ 73.1459444, 28.162753, 0.0 ], [ 73.1459213, 28.1627527, 0.0 ], [ 73.1459265, 28.1624494, 0.0 ] ], [ [ 73.1458705, 28.1624486, 0.0 ], [ 73.1458937, 28.162449, 0.0 ], [ 73.1458884, 28.1627522, 0.0 ], [ 73.1458653, 28.1627519, 0.0 ], [ 73.1458705, 28.1624486, 0.0 ] ], [ [ 73.1459212, 28.1627611, 0.0 ], [ 73.1459443, 28.1627614, 0.0 ], [ 73.1459391, 28.1630647, 0.0 ], [ 73.1459159, 28.1630644, 0.0 ], [ 73.1459212, 28.1627611, 0.0 ] ], [ [ 73.1458652, 28.1627603, 0.0 ], [ 73.1458883, 28.1627606, 0.0 ], [ 73.1458831, 28.1630639, 0.0 ], [ 73.1458599, 28.1630636, 0.0 ], [ 73.1458652, 28.1627603, 0.0 ] ], [ [ 73.1459372, 28.1618299, 0.0 ], [ 73.1459603, 28.1618303, 0.0 ], [ 73.1459551, 28.1621335, 0.0 ], [ 73.145932, 28.1621332, 0.0 ], [ 73.1459372, 28.1618299, 0.0 ] ], [ [ 73.1458812, 28.1618292, 0.0 ], [ 73.1459043, 28.1618295, 0.0 ], [ 73.1458991, 28.1621328, 0.0 ], [ 73.145876, 28.1621325, 0.0 ], [ 73.1458812, 28.1618292, 0.0 ] ], [ [ 73.1459318, 28.1621416, 0.0 ], [ 73.145955, 28.1621419, 0.0 ], [ 73.1459497, 28.1624452, 0.0 ], [ 73.1459266, 28.1624449, 0.0 ], [ 73.1459318, 28.1621416, 0.0 ] ], [ [ 73.1458758, 28.1621409, 0.0 ], [ 73.145899, 28.1621412, 0.0 ], [ 73.1458937, 28.1624444, 0.0 ], [ 73.1458706, 28.1624441, 0.0 ], [ 73.1458758, 28.1621409, 0.0 ] ], [ [ 73.1459479, 28.1612105, 0.0 ], [ 73.145971, 28.1612108, 0.0 ], [ 73.1459658, 28.1615141, 0.0 ], [ 73.1459427, 28.1615137, 0.0 ], [ 73.1459479, 28.1612105, 0.0 ] ], [ [ 73.1458919, 28.1612097, 0.0 ], [ 73.145915, 28.16121, 0.0 ], [ 73.1459098, 28.1615133, 0.0 ], [ 73.1458867, 28.161513, 0.0 ], [ 73.1458919, 28.1612097, 0.0 ] ], [ [ 73.1459425, 28.1615222, 0.0 ], [ 73.1459656, 28.1615225, 0.0 ], [ 73.1459604, 28.1618257, 0.0 ], [ 73.1459373, 28.1618254, 0.0 ], [ 73.1459425, 28.1615222, 0.0 ] ], [ [ 73.1458865, 28.1615214, 0.0 ], [ 73.1459096, 28.1615217, 0.0 ], [ 73.1459044, 28.161825, 0.0 ], [ 73.1458813, 28.1618247, 0.0 ], [ 73.1458865, 28.1615214, 0.0 ] ], [ [ 73.1457825, 28.1643063, 0.0 ], [ 73.1458056, 28.1643066, 0.0 ], [ 73.1458004, 28.1646099, 0.0 ], [ 73.1457773, 28.1646096, 0.0 ], [ 73.1457825, 28.1643063, 0.0 ] ], [ [ 73.1457265, 28.1643055, 0.0 ], [ 73.1457496, 28.1643058, 0.0 ], [ 73.1457444, 28.1646091, 0.0 ], [ 73.1457213, 28.1646088, 0.0 ], [ 73.1457265, 28.1643055, 0.0 ] ], [ [ 73.1457771, 28.164618, 0.0 ], [ 73.1458003, 28.1646183, 0.0 ], [ 73.145795, 28.1649215, 0.0 ], [ 73.1457719, 28.1649212, 0.0 ], [ 73.1457771, 28.164618, 0.0 ] ], [ [ 73.1457211, 28.1646172, 0.0 ], [ 73.1457443, 28.1646175, 0.0 ], [ 73.145739, 28.1649208, 0.0 ], [ 73.1457159, 28.1649205, 0.0 ], [ 73.1457211, 28.1646172, 0.0 ] ], [ [ 73.1457932, 28.1636868, 0.0 ], [ 73.1458163, 28.1636871, 0.0 ], [ 73.1458111, 28.1639904, 0.0 ], [ 73.1457879, 28.1639901, 0.0 ], [ 73.1457932, 28.1636868, 0.0 ] ], [ [ 73.1457372, 28.1636861, 0.0 ], [ 73.1457603, 28.1636864, 0.0 ], [ 73.1457551, 28.1639896, 0.0 ], [ 73.145732, 28.1639893, 0.0 ], [ 73.1457372, 28.1636861, 0.0 ] ], [ [ 73.1457878, 28.1639985, 0.0 ], [ 73.1458109, 28.1639988, 0.0 ], [ 73.1458057, 28.1643021, 0.0 ], [ 73.1457826, 28.1643018, 0.0 ], [ 73.1457878, 28.1639985, 0.0 ] ], [ [ 73.1457318, 28.1639977, 0.0 ], [ 73.1457549, 28.1639981, 0.0 ], [ 73.1457497, 28.1643013, 0.0 ], [ 73.1457266, 28.164301, 0.0 ], [ 73.1457318, 28.1639977, 0.0 ] ], [ [ 73.1458039, 28.1630674, 0.0 ], [ 73.145827, 28.1630677, 0.0 ], [ 73.1458218, 28.1633709, 0.0 ], [ 73.1457986, 28.1633706, 0.0 ], [ 73.1458039, 28.1630674, 0.0 ] ], [ [ 73.1457479, 28.1630666, 0.0 ], [ 73.145771, 28.1630669, 0.0 ], [ 73.1457658, 28.1633702, 0.0 ], [ 73.1457426, 28.1633699, 0.0 ], [ 73.1457479, 28.1630666, 0.0 ] ], [ [ 73.1457985, 28.163379, 0.0 ], [ 73.1458216, 28.1633794, 0.0 ], [ 73.1458164, 28.1636826, 0.0 ], [ 73.1457933, 28.1636823, 0.0 ], [ 73.1457985, 28.163379, 0.0 ] ], [ [ 73.1457425, 28.1633783, 0.0 ], [ 73.1457656, 28.1633786, 0.0 ], [ 73.1457604, 28.1636819, 0.0 ], [ 73.1457373, 28.1636815, 0.0 ], [ 73.1457425, 28.1633783, 0.0 ] ], [ [ 73.1458145, 28.1624479, 0.0 ], [ 73.1458377, 28.1624482, 0.0 ], [ 73.1458324, 28.1627515, 0.0 ], [ 73.1458093, 28.1627512, 0.0 ], [ 73.1458145, 28.1624479, 0.0 ] ], [ [ 73.1457585, 28.1624471, 0.0 ], [ 73.1457817, 28.1624474, 0.0 ], [ 73.1457764, 28.1627507, 0.0 ], [ 73.1457533, 28.1627504, 0.0 ], [ 73.1457585, 28.1624471, 0.0 ] ], [ [ 73.1458092, 28.1627596, 0.0 ], [ 73.1458323, 28.1627599, 0.0 ], [ 73.1458271, 28.1630632, 0.0 ], [ 73.1458039, 28.1630628, 0.0 ], [ 73.1458092, 28.1627596, 0.0 ] ], [ [ 73.1457532, 28.1627588, 0.0 ], [ 73.1457763, 28.1627591, 0.0 ], [ 73.1457711, 28.1630624, 0.0 ], [ 73.1457479, 28.1630621, 0.0 ], [ 73.1457532, 28.1627588, 0.0 ] ], [ [ 73.1458252, 28.1618284, 0.0 ], [ 73.1458483, 28.1618287, 0.0 ], [ 73.1458431, 28.162132, 0.0 ], [ 73.14582, 28.1621317, 0.0 ], [ 73.1458252, 28.1618284, 0.0 ] ], [ [ 73.1457692, 28.1618277, 0.0 ], [ 73.1457924, 28.161828, 0.0 ], [ 73.1457871, 28.1621312, 0.0 ], [ 73.145764, 28.1621309, 0.0 ], [ 73.1457692, 28.1618277, 0.0 ] ], [ [ 73.1458198, 28.1621401, 0.0 ], [ 73.145843, 28.1621404, 0.0 ], [ 73.1458377, 28.1624437, 0.0 ], [ 73.1458146, 28.1624434, 0.0 ], [ 73.1458198, 28.1621401, 0.0 ] ], [ [ 73.1457639, 28.1621394, 0.0 ], [ 73.145787, 28.1621397, 0.0 ], [ 73.1457818, 28.1624429, 0.0 ], [ 73.1457586, 28.1624426, 0.0 ], [ 73.1457639, 28.1621394, 0.0 ] ], [ [ 73.1458359, 28.161209, 0.0 ], [ 73.145859, 28.1612093, 0.0 ], [ 73.1458538, 28.1615125, 0.0 ], [ 73.1458307, 28.1615122, 0.0 ], [ 73.1458359, 28.161209, 0.0 ] ], [ [ 73.1457799, 28.1612082, 0.0 ], [ 73.145803, 28.1612085, 0.0 ], [ 73.1457978, 28.1615118, 0.0 ], [ 73.1457747, 28.1615115, 0.0 ], [ 73.1457799, 28.1612082, 0.0 ] ], [ [ 73.1458305, 28.1615206, 0.0 ], [ 73.1458537, 28.161521, 0.0 ], [ 73.1458484, 28.1618242, 0.0 ], [ 73.1458253, 28.1618239, 0.0 ], [ 73.1458305, 28.1615206, 0.0 ] ], [ [ 73.1457745, 28.1615199, 0.0 ], [ 73.1457977, 28.1615202, 0.0 ], [ 73.1457924, 28.1618235, 0.0 ], [ 73.1457693, 28.1618232, 0.0 ], [ 73.1457745, 28.1615199, 0.0 ] ], [ [ 73.1456705, 28.1643048, 0.0 ], [ 73.1456936, 28.1643051, 0.0 ], [ 73.1456884, 28.1646083, 0.0 ], [ 73.1456653, 28.164608, 0.0 ], [ 73.1456705, 28.1643048, 0.0 ] ], [ [ 73.1456145, 28.164304, 0.0 ], [ 73.1456376, 28.1643043, 0.0 ], [ 73.1456324, 28.1646076, 0.0 ], [ 73.1456093, 28.1646073, 0.0 ], [ 73.1456145, 28.164304, 0.0 ] ], [ [ 73.1456651, 28.1646165, 0.0 ], [ 73.1456883, 28.1646168, 0.0 ], [ 73.145683, 28.16492, 0.0 ], [ 73.1456599, 28.1649197, 0.0 ], [ 73.1456651, 28.1646165, 0.0 ] ], [ [ 73.1456091, 28.1646157, 0.0 ], [ 73.1456323, 28.164616, 0.0 ], [ 73.145627, 28.1649193, 0.0 ], [ 73.1456039, 28.164919, 0.0 ], [ 73.1456091, 28.1646157, 0.0 ] ], [ [ 73.1456812, 28.1636853, 0.0 ], [ 73.1457043, 28.1636856, 0.0 ], [ 73.1456991, 28.1639889, 0.0 ], [ 73.145676, 28.1639886, 0.0 ], [ 73.1456812, 28.1636853, 0.0 ] ], [ [ 73.1456252, 28.1636845, 0.0 ], [ 73.1456483, 28.1636849, 0.0 ], [ 73.1456431, 28.1639881, 0.0 ], [ 73.14562, 28.1639878, 0.0 ], [ 73.1456252, 28.1636845, 0.0 ] ], [ [ 73.1456758, 28.163997, 0.0 ], [ 73.1456989, 28.1639973, 0.0 ], [ 73.1456937, 28.1643006, 0.0 ], [ 73.1456706, 28.1643003, 0.0 ], [ 73.1456758, 28.163997, 0.0 ] ], [ [ 73.1456198, 28.1639962, 0.0 ], [ 73.145643, 28.1639965, 0.0 ], [ 73.1456377, 28.1642998, 0.0 ], [ 73.1456146, 28.1642995, 0.0 ], [ 73.1456198, 28.1639962, 0.0 ] ], [ [ 73.1456919, 28.1630658, 0.0 ], [ 73.145715, 28.1630662, 0.0 ], [ 73.1457098, 28.1633694, 0.0 ], [ 73.1456866, 28.1633691, 0.0 ], [ 73.1456919, 28.1630658, 0.0 ] ], [ [ 73.1456359, 28.1630651, 0.0 ], [ 73.145659, 28.1630654, 0.0 ], [ 73.1456538, 28.1633687, 0.0 ], [ 73.1456306, 28.1633683, 0.0 ], [ 73.1456359, 28.1630651, 0.0 ] ], [ [ 73.1456865, 28.1633775, 0.0 ], [ 73.1457096, 28.1633778, 0.0 ], [ 73.1457044, 28.1636811, 0.0 ], [ 73.1456813, 28.1636808, 0.0 ], [ 73.1456865, 28.1633775, 0.0 ] ], [ [ 73.1456305, 28.1633768, 0.0 ], [ 73.1456536, 28.1633771, 0.0 ], [ 73.1456484, 28.1636803, 0.0 ], [ 73.1456253, 28.16368, 0.0 ], [ 73.1456305, 28.1633768, 0.0 ] ], [ [ 73.1457026, 28.1624464, 0.0 ], [ 73.1457257, 28.1624467, 0.0 ], [ 73.1457205, 28.16275, 0.0 ], [ 73.1456973, 28.1627496, 0.0 ], [ 73.1457026, 28.1624464, 0.0 ] ], [ [ 73.1456466, 28.1624456, 0.0 ], [ 73.1456697, 28.1624459, 0.0 ], [ 73.1456645, 28.1627492, 0.0 ], [ 73.1456413, 28.1627489, 0.0 ], [ 73.1456466, 28.1624456, 0.0 ] ], [ [ 73.1456972, 28.1627581, 0.0 ], [ 73.1457203, 28.1627584, 0.0 ], [ 73.1457151, 28.1630616, 0.0 ], [ 73.1456919, 28.1630613, 0.0 ], [ 73.1456972, 28.1627581, 0.0 ] ], [ [ 73.1456412, 28.1627573, 0.0 ], [ 73.1456643, 28.1627576, 0.0 ], [ 73.1456591, 28.1630609, 0.0 ], [ 73.145636, 28.1630606, 0.0 ], [ 73.1456412, 28.1627573, 0.0 ] ], [ [ 73.1457132, 28.1618269, 0.0 ], [ 73.1457364, 28.1618272, 0.0 ], [ 73.1457311, 28.1621305, 0.0 ], [ 73.145708, 28.1621302, 0.0 ], [ 73.1457132, 28.1618269, 0.0 ] ], [ [ 73.1456572, 28.1618261, 0.0 ], [ 73.1456804, 28.1618265, 0.0 ], [ 73.1456751, 28.1621297, 0.0 ], [ 73.145652, 28.1621294, 0.0 ], [ 73.1456572, 28.1618261, 0.0 ] ], [ [ 73.1457079, 28.1621386, 0.0 ], [ 73.145731, 28.1621389, 0.0 ], [ 73.1457258, 28.1624422, 0.0 ], [ 73.1457026, 28.1624419, 0.0 ], [ 73.1457079, 28.1621386, 0.0 ] ], [ [ 73.1456519, 28.1621378, 0.0 ], [ 73.145675, 28.1621381, 0.0 ], [ 73.1456698, 28.1624414, 0.0 ], [ 73.1456466, 28.1624411, 0.0 ], [ 73.1456519, 28.1621378, 0.0 ] ], [ [ 73.1457239, 28.1612074, 0.0 ], [ 73.145747, 28.1612078, 0.0 ], [ 73.1457418, 28.161511, 0.0 ], [ 73.1457187, 28.1615107, 0.0 ], [ 73.1457239, 28.1612074, 0.0 ] ], [ [ 73.1456679, 28.1612067, 0.0 ], [ 73.145691, 28.161207, 0.0 ], [ 73.1456858, 28.1615103, 0.0 ], [ 73.1456627, 28.16151, 0.0 ], [ 73.1456679, 28.1612067, 0.0 ] ], [ [ 73.1457185, 28.1615191, 0.0 ], [ 73.1457417, 28.1615194, 0.0 ], [ 73.1457364, 28.1618227, 0.0 ], [ 73.1457133, 28.1618224, 0.0 ], [ 73.1457185, 28.1615191, 0.0 ] ], [ [ 73.1456625, 28.1615184, 0.0 ], [ 73.1456857, 28.1615187, 0.0 ], [ 73.1456804, 28.161822, 0.0 ], [ 73.1456573, 28.1618216, 0.0 ], [ 73.1456625, 28.1615184, 0.0 ] ], [ [ 73.1455585, 28.1643032, 0.0 ], [ 73.1455817, 28.1643036, 0.0 ], [ 73.1455764, 28.1646068, 0.0 ], [ 73.1455533, 28.1646065, 0.0 ], [ 73.1455585, 28.1643032, 0.0 ] ], [ [ 73.1455025, 28.1643025, 0.0 ], [ 73.1455257, 28.1643028, 0.0 ], [ 73.1455204, 28.1646061, 0.0 ], [ 73.1454973, 28.1646058, 0.0 ], [ 73.1455025, 28.1643025, 0.0 ] ], [ [ 73.1455531, 28.1646149, 0.0 ], [ 73.1455763, 28.1646152, 0.0 ], [ 73.145571, 28.1649185, 0.0 ], [ 73.1455479, 28.1649182, 0.0 ], [ 73.1455531, 28.1646149, 0.0 ] ], [ [ 73.1454972, 28.1646142, 0.0 ], [ 73.1455203, 28.1646145, 0.0 ], [ 73.1455151, 28.1649178, 0.0 ], [ 73.1454919, 28.1649174, 0.0 ], [ 73.1454972, 28.1646142, 0.0 ] ], [ [ 73.1455692, 28.1636838, 0.0 ], [ 73.1455923, 28.1636841, 0.0 ], [ 73.1455871, 28.1639874, 0.0 ], [ 73.145564, 28.1639871, 0.0 ], [ 73.1455692, 28.1636838, 0.0 ] ], [ [ 73.1455132, 28.163683, 0.0 ], [ 73.1455363, 28.1636833, 0.0 ], [ 73.1455311, 28.1639866, 0.0 ], [ 73.145508, 28.1639863, 0.0 ], [ 73.1455132, 28.163683, 0.0 ] ], [ [ 73.1455638, 28.1639955, 0.0 ], [ 73.145587, 28.1639958, 0.0 ], [ 73.1455817, 28.1642991, 0.0 ], [ 73.1455586, 28.1642987, 0.0 ], [ 73.1455638, 28.1639955, 0.0 ] ], [ [ 73.1455078, 28.1639947, 0.0 ], [ 73.145531, 28.163995, 0.0 ], [ 73.1455257, 28.1642983, 0.0 ], [ 73.1455026, 28.164298, 0.0 ], [ 73.1455078, 28.1639947, 0.0 ] ], [ [ 73.1455799, 28.1630643, 0.0 ], [ 73.145603, 28.1630646, 0.0 ], [ 73.1455978, 28.1633679, 0.0 ], [ 73.1455747, 28.1633676, 0.0 ], [ 73.1455799, 28.1630643, 0.0 ] ], [ [ 73.1455239, 28.1630636, 0.0 ], [ 73.145547, 28.1630639, 0.0 ], [ 73.1455418, 28.1633671, 0.0 ], [ 73.1455187, 28.1633668, 0.0 ], [ 73.1455239, 28.1630636, 0.0 ] ], [ [ 73.1455745, 28.163376, 0.0 ], [ 73.1455976, 28.1633763, 0.0 ], [ 73.1455924, 28.1636796, 0.0 ], [ 73.1455693, 28.1636793, 0.0 ], [ 73.1455745, 28.163376, 0.0 ] ], [ [ 73.1455185, 28.1633752, 0.0 ], [ 73.1455416, 28.1633756, 0.0 ], [ 73.1455364, 28.1636788, 0.0 ], [ 73.1455133, 28.1636785, 0.0 ], [ 73.1455185, 28.1633752, 0.0 ] ], [ [ 73.1455906, 28.1624449, 0.0 ], [ 73.1456137, 28.1624452, 0.0 ], [ 73.1456085, 28.1627484, 0.0 ], [ 73.1455853, 28.1627481, 0.0 ], [ 73.1455906, 28.1624449, 0.0 ] ], [ [ 73.1455346, 28.1624441, 0.0 ], [ 73.1455577, 28.1624444, 0.0 ], [ 73.1455525, 28.1627477, 0.0 ], [ 73.1455293, 28.1627474, 0.0 ], [ 73.1455346, 28.1624441, 0.0 ] ], [ [ 73.1455852, 28.1627565, 0.0 ], [ 73.1456083, 28.1627569, 0.0 ], [ 73.1456031, 28.1630601, 0.0 ], [ 73.14558, 28.1630598, 0.0 ], [ 73.1455852, 28.1627565, 0.0 ] ], [ [ 73.1455292, 28.1627558, 0.0 ], [ 73.1455523, 28.1627561, 0.0 ], [ 73.1455471, 28.1630594, 0.0 ], [ 73.145524, 28.1630591, 0.0 ], [ 73.1455292, 28.1627558, 0.0 ] ], [ [ 73.1456012, 28.1618254, 0.0 ], [ 73.1456244, 28.1618257, 0.0 ], [ 73.1456191, 28.162129, 0.0 ], [ 73.145596, 28.1621287, 0.0 ], [ 73.1456012, 28.1618254, 0.0 ] ], [ [ 73.1455453, 28.1618246, 0.0 ], [ 73.1455684, 28.1618249, 0.0 ], [ 73.1455632, 28.1621282, 0.0 ], [ 73.14554, 28.1621279, 0.0 ], [ 73.1455453, 28.1618246, 0.0 ] ], [ [ 73.1455959, 28.1621371, 0.0 ], [ 73.145619, 28.1621374, 0.0 ], [ 73.1456138, 28.1624407, 0.0 ], [ 73.1455906, 28.1624403, 0.0 ], [ 73.1455959, 28.1621371, 0.0 ] ], [ [ 73.1455399, 28.1621363, 0.0 ], [ 73.145563, 28.1621366, 0.0 ], [ 73.1455578, 28.1624399, 0.0 ], [ 73.1455346, 28.1624396, 0.0 ], [ 73.1455399, 28.1621363, 0.0 ] ], [ [ 73.1456119, 28.1612059, 0.0 ], [ 73.1456351, 28.1612062, 0.0 ], [ 73.1456298, 28.1615095, 0.0 ], [ 73.1456067, 28.1615092, 0.0 ], [ 73.1456119, 28.1612059, 0.0 ] ], [ [ 73.1455559, 28.1612052, 0.0 ], [ 73.1455791, 28.1612055, 0.0 ], [ 73.1455738, 28.1615087, 0.0 ], [ 73.1455507, 28.1615084, 0.0 ], [ 73.1455559, 28.1612052, 0.0 ] ], [ [ 73.1456066, 28.1615176, 0.0 ], [ 73.1456297, 28.1615179, 0.0 ], [ 73.1456245, 28.1618212, 0.0 ], [ 73.1456013, 28.1618209, 0.0 ], [ 73.1456066, 28.1615176, 0.0 ] ], [ [ 73.1455506, 28.1615169, 0.0 ], [ 73.1455737, 28.1615172, 0.0 ], [ 73.1455685, 28.1618204, 0.0 ], [ 73.1455453, 28.1618201, 0.0 ], [ 73.1455506, 28.1615169, 0.0 ] ], [ [ 73.1454465, 28.1643017, 0.0 ], [ 73.1454697, 28.164302, 0.0 ], [ 73.1454644, 28.1646053, 0.0 ], [ 73.1454413, 28.164605, 0.0 ], [ 73.1454465, 28.1643017, 0.0 ] ], [ [ 73.1453905, 28.164301, 0.0 ], [ 73.1454137, 28.1643013, 0.0 ], [ 73.1454084, 28.1646046, 0.0 ], [ 73.1453853, 28.1646042, 0.0 ], [ 73.1453905, 28.164301, 0.0 ] ], [ [ 73.1454412, 28.1646134, 0.0 ], [ 73.1454643, 28.1646137, 0.0 ], [ 73.1454591, 28.164917, 0.0 ], [ 73.1454359, 28.1649167, 0.0 ], [ 73.1454412, 28.1646134, 0.0 ] ], [ [ 73.1453852, 28.1646127, 0.0 ], [ 73.1454083, 28.164613, 0.0 ], [ 73.1454031, 28.1649162, 0.0 ], [ 73.1453799, 28.1649159, 0.0 ], [ 73.1453852, 28.1646127, 0.0 ] ], [ [ 73.1454572, 28.1636823, 0.0 ], [ 73.1454803, 28.1636826, 0.0 ], [ 73.1454751, 28.1639858, 0.0 ], [ 73.145452, 28.1639855, 0.0 ], [ 73.1454572, 28.1636823, 0.0 ] ], [ [ 73.1454012, 28.1636815, 0.0 ], [ 73.1454244, 28.1636818, 0.0 ], [ 73.1454191, 28.1639851, 0.0 ], [ 73.145396, 28.1639848, 0.0 ], [ 73.1454012, 28.1636815, 0.0 ] ], [ [ 73.1454518, 28.163994, 0.0 ], [ 73.145475, 28.1639943, 0.0 ], [ 73.1454697, 28.1642975, 0.0 ], [ 73.1454466, 28.1642972, 0.0 ], [ 73.1454518, 28.163994, 0.0 ] ], [ [ 73.1453958, 28.1639932, 0.0 ], [ 73.145419, 28.1639935, 0.0 ], [ 73.1454137, 28.1642968, 0.0 ], [ 73.1453906, 28.1642965, 0.0 ], [ 73.1453958, 28.1639932, 0.0 ] ], [ [ 73.1454679, 28.1630628, 0.0 ], [ 73.145491, 28.1630631, 0.0 ], [ 73.1454858, 28.1633664, 0.0 ], [ 73.1454627, 28.1633661, 0.0 ], [ 73.1454679, 28.1630628, 0.0 ] ], [ [ 73.1454119, 28.163062, 0.0 ], [ 73.145435, 28.1630624, 0.0 ], [ 73.1454298, 28.1633656, 0.0 ], [ 73.1454067, 28.1633653, 0.0 ], [ 73.1454119, 28.163062, 0.0 ] ], [ [ 73.1454625, 28.1633745, 0.0 ], [ 73.1454857, 28.1633748, 0.0 ], [ 73.1454804, 28.1636781, 0.0 ], [ 73.1454573, 28.1636778, 0.0 ], [ 73.1454625, 28.1633745, 0.0 ] ], [ [ 73.1454065, 28.1633737, 0.0 ], [ 73.1454297, 28.163374, 0.0 ], [ 73.1454244, 28.1636773, 0.0 ], [ 73.1454013, 28.163677, 0.0 ], [ 73.1454065, 28.1633737, 0.0 ] ], [ [ 73.1454786, 28.1624433, 0.0 ], [ 73.1455017, 28.1624437, 0.0 ], [ 73.1454965, 28.1627469, 0.0 ], [ 73.1454733, 28.1627466, 0.0 ], [ 73.1454786, 28.1624433, 0.0 ] ], [ [ 73.1454226, 28.1624426, 0.0 ], [ 73.1454457, 28.1624429, 0.0 ], [ 73.1454405, 28.1627462, 0.0 ], [ 73.1454174, 28.1627458, 0.0 ], [ 73.1454226, 28.1624426, 0.0 ] ], [ [ 73.1454732, 28.162755, 0.0 ], [ 73.1454963, 28.1627553, 0.0 ], [ 73.1454911, 28.1630586, 0.0 ], [ 73.145468, 28.1630583, 0.0 ], [ 73.1454732, 28.162755, 0.0 ] ], [ [ 73.1454172, 28.1627543, 0.0 ], [ 73.1454403, 28.1627546, 0.0 ], [ 73.1454351, 28.1630578, 0.0 ], [ 73.145412, 28.1630575, 0.0 ], [ 73.1454172, 28.1627543, 0.0 ] ], [ [ 73.1454893, 28.1618239, 0.0 ], [ 73.1455124, 28.1618242, 0.0 ], [ 73.1455072, 28.1621275, 0.0 ], [ 73.145484, 28.1621271, 0.0 ], [ 73.1454893, 28.1618239, 0.0 ] ], [ [ 73.1454333, 28.1618231, 0.0 ], [ 73.1454564, 28.1618234, 0.0 ], [ 73.1454512, 28.1621267, 0.0 ], [ 73.145428, 28.1621264, 0.0 ], [ 73.1454333, 28.1618231, 0.0 ] ], [ [ 73.1454839, 28.1621356, 0.0 ], [ 73.145507, 28.1621359, 0.0 ], [ 73.1455018, 28.1624391, 0.0 ], [ 73.1454787, 28.1624388, 0.0 ], [ 73.1454839, 28.1621356, 0.0 ] ], [ [ 73.1454279, 28.1621348, 0.0 ], [ 73.145451, 28.1621351, 0.0 ], [ 73.1454458, 28.1624384, 0.0 ], [ 73.1454227, 28.1624381, 0.0 ], [ 73.1454279, 28.1621348, 0.0 ] ], [ [ 73.1454999, 28.1612044, 0.0 ], [ 73.1455231, 28.1612047, 0.0 ], [ 73.1455178, 28.161508, 0.0 ], [ 73.1454947, 28.1615077, 0.0 ], [ 73.1454999, 28.1612044, 0.0 ] ], [ [ 73.1454439, 28.1612037, 0.0 ], [ 73.1454671, 28.161204, 0.0 ], [ 73.1454619, 28.1615072, 0.0 ], [ 73.1454387, 28.1615069, 0.0 ], [ 73.1454439, 28.1612037, 0.0 ] ], [ [ 73.1454946, 28.1615161, 0.0 ], [ 73.1455177, 28.1615164, 0.0 ], [ 73.1455125, 28.1618197, 0.0 ], [ 73.1454893, 28.1618194, 0.0 ], [ 73.1454946, 28.1615161, 0.0 ] ], [ [ 73.1454386, 28.1615153, 0.0 ], [ 73.1454617, 28.1615157, 0.0 ], [ 73.1454565, 28.1618189, 0.0 ], [ 73.1454333, 28.1618186, 0.0 ], [ 73.1454386, 28.1615153, 0.0 ] ], [ [ 73.1453345, 28.1643002, 0.0 ], [ 73.1453577, 28.1643005, 0.0 ], [ 73.1453524, 28.1646038, 0.0 ], [ 73.1453293, 28.1646035, 0.0 ], [ 73.1453345, 28.1643002, 0.0 ] ], [ [ 73.1452785, 28.1642995, 0.0 ], [ 73.1453017, 28.1642998, 0.0 ], [ 73.1452964, 28.164603, 0.0 ], [ 73.1452733, 28.1646027, 0.0 ], [ 73.1452785, 28.1642995, 0.0 ] ], [ [ 73.1453292, 28.1646119, 0.0 ], [ 73.1453523, 28.1646122, 0.0 ], [ 73.1453471, 28.1649155, 0.0 ], [ 73.1453239, 28.1649152, 0.0 ], [ 73.1453292, 28.1646119, 0.0 ] ], [ [ 73.1452732, 28.1646111, 0.0 ], [ 73.1452963, 28.1646115, 0.0 ], [ 73.1452911, 28.1649147, 0.0 ], [ 73.1452679, 28.1649144, 0.0 ], [ 73.1452732, 28.1646111, 0.0 ] ], [ [ 73.1453452, 28.1636808, 0.0 ], [ 73.1453684, 28.1636811, 0.0 ], [ 73.1453631, 28.1639843, 0.0 ], [ 73.14534, 28.163984, 0.0 ], [ 73.1453452, 28.1636808, 0.0 ] ], [ [ 73.1452892, 28.16368, 0.0 ], [ 73.1453124, 28.1636803, 0.0 ], [ 73.1453071, 28.1639836, 0.0 ], [ 73.145284, 28.1639833, 0.0 ], [ 73.1452892, 28.16368, 0.0 ] ], [ [ 73.1453399, 28.1639924, 0.0 ], [ 73.145363, 28.1639928, 0.0 ], [ 73.1453578, 28.164296, 0.0 ], [ 73.1453346, 28.1642957, 0.0 ], [ 73.1453399, 28.1639924, 0.0 ] ], [ [ 73.1452839, 28.1639917, 0.0 ], [ 73.145307, 28.163992, 0.0 ], [ 73.1453018, 28.1642953, 0.0 ], [ 73.1452786, 28.1642949, 0.0 ], [ 73.1452839, 28.1639917, 0.0 ] ], [ [ 73.1453559, 28.1630613, 0.0 ], [ 73.145379, 28.1630616, 0.0 ], [ 73.1453738, 28.1633649, 0.0 ], [ 73.1453507, 28.1633646, 0.0 ], [ 73.1453559, 28.1630613, 0.0 ] ], [ [ 73.1452999, 28.1630605, 0.0 ], [ 73.145323, 28.1630608, 0.0 ], [ 73.1453178, 28.1633641, 0.0 ], [ 73.1452947, 28.1633638, 0.0 ], [ 73.1452999, 28.1630605, 0.0 ] ], [ [ 73.1453505, 28.163373, 0.0 ], [ 73.1453737, 28.1633733, 0.0 ], [ 73.1453684, 28.1636766, 0.0 ], [ 73.1453453, 28.1636762, 0.0 ], [ 73.1453505, 28.163373, 0.0 ] ], [ [ 73.1452945, 28.1633722, 0.0 ], [ 73.1453177, 28.1633725, 0.0 ], [ 73.1453124, 28.1636758, 0.0 ], [ 73.1452893, 28.1636755, 0.0 ], [ 73.1452945, 28.1633722, 0.0 ] ], [ [ 73.1453666, 28.1624418, 0.0 ], [ 73.1453897, 28.1624421, 0.0 ], [ 73.1453845, 28.1627454, 0.0 ], [ 73.1453614, 28.1627451, 0.0 ], [ 73.1453666, 28.1624418, 0.0 ] ], [ [ 73.1453106, 28.1624411, 0.0 ], [ 73.1453337, 28.1624414, 0.0 ], [ 73.1453285, 28.1627446, 0.0 ], [ 73.1453054, 28.1627443, 0.0 ], [ 73.1453106, 28.1624411, 0.0 ] ], [ [ 73.1453612, 28.1627535, 0.0 ], [ 73.1453843, 28.1627538, 0.0 ], [ 73.1453791, 28.1630571, 0.0 ], [ 73.145356, 28.1630568, 0.0 ], [ 73.1453612, 28.1627535, 0.0 ] ], [ [ 73.1453052, 28.1627527, 0.0 ], [ 73.1453284, 28.1627531, 0.0 ], [ 73.1453231, 28.1630563, 0.0 ], [ 73.1453, 28.163056, 0.0 ], [ 73.1453052, 28.1627527, 0.0 ] ], [ [ 73.1453773, 28.1618224, 0.0 ], [ 73.1454004, 28.1618227, 0.0 ], [ 73.1453952, 28.1621259, 0.0 ], [ 73.145372, 28.1621256, 0.0 ], [ 73.1453773, 28.1618224, 0.0 ] ], [ [ 73.1453213, 28.1618216, 0.0 ], [ 73.1453444, 28.1618219, 0.0 ], [ 73.1453392, 28.1621252, 0.0 ], [ 73.1453161, 28.1621249, 0.0 ], [ 73.1453213, 28.1618216, 0.0 ] ], [ [ 73.1453719, 28.162134, 0.0 ], [ 73.145395, 28.1621344, 0.0 ], [ 73.1453898, 28.1624376, 0.0 ], [ 73.1453667, 28.1624373, 0.0 ], [ 73.1453719, 28.162134, 0.0 ] ], [ [ 73.1453159, 28.1621333, 0.0 ], [ 73.145339, 28.1621336, 0.0 ], [ 73.1453338, 28.1624369, 0.0 ], [ 73.1453107, 28.1624366, 0.0 ], [ 73.1453159, 28.1621333, 0.0 ] ], [ [ 73.145388, 28.1612029, 0.0 ], [ 73.1454111, 28.1612032, 0.0 ], [ 73.1454059, 28.1615065, 0.0 ], [ 73.1453827, 28.1615062, 0.0 ], [ 73.145388, 28.1612029, 0.0 ] ], [ [ 73.145332, 28.1612021, 0.0 ], [ 73.1453551, 28.1612024, 0.0 ], [ 73.1453499, 28.1615057, 0.0 ], [ 73.1453267, 28.1615054, 0.0 ], [ 73.145332, 28.1612021, 0.0 ] ], [ [ 73.1453826, 28.1615146, 0.0 ], [ 73.1454057, 28.1615149, 0.0 ], [ 73.1454005, 28.1618182, 0.0 ], [ 73.1453774, 28.1618178, 0.0 ], [ 73.1453826, 28.1615146, 0.0 ] ], [ [ 73.1453266, 28.1615138, 0.0 ], [ 73.1453497, 28.1615141, 0.0 ], [ 73.1453445, 28.1618174, 0.0 ], [ 73.1453214, 28.1618171, 0.0 ], [ 73.1453266, 28.1615138, 0.0 ] ], [ [ 73.1452226, 28.1642987, 0.0 ], [ 73.1452457, 28.164299, 0.0 ], [ 73.1452405, 28.1646023, 0.0 ], [ 73.1452173, 28.164602, 0.0 ], [ 73.1452226, 28.1642987, 0.0 ] ], [ [ 73.1451666, 28.1642979, 0.0 ], [ 73.1451897, 28.1642983, 0.0 ], [ 73.1451845, 28.1646015, 0.0 ], [ 73.1451613, 28.1646012, 0.0 ], [ 73.1451666, 28.1642979, 0.0 ] ], [ [ 73.1452172, 28.1646104, 0.0 ], [ 73.1452403, 28.1646107, 0.0 ], [ 73.1452351, 28.164914, 0.0 ], [ 73.1452119, 28.1649137, 0.0 ], [ 73.1452172, 28.1646104, 0.0 ] ], [ [ 73.1451612, 28.1646096, 0.0 ], [ 73.1451843, 28.1646099, 0.0 ], [ 73.1451791, 28.1649132, 0.0 ], [ 73.145156, 28.1649129, 0.0 ], [ 73.1451612, 28.1646096, 0.0 ] ], [ [ 73.1452332, 28.1636792, 0.0 ], [ 73.1452564, 28.1636795, 0.0 ], [ 73.1452511, 28.1639828, 0.0 ], [ 73.145228, 28.1639825, 0.0 ], [ 73.1452332, 28.1636792, 0.0 ] ], [ [ 73.1451772, 28.1636785, 0.0 ], [ 73.1452004, 28.1636788, 0.0 ], [ 73.1451951, 28.1639821, 0.0 ], [ 73.145172, 28.1639817, 0.0 ], [ 73.1451772, 28.1636785, 0.0 ] ], [ [ 73.1452279, 28.1639909, 0.0 ], [ 73.145251, 28.1639912, 0.0 ], [ 73.1452458, 28.1642945, 0.0 ], [ 73.1452226, 28.1642942, 0.0 ], [ 73.1452279, 28.1639909, 0.0 ] ], [ [ 73.1451719, 28.1639902, 0.0 ], [ 73.145195, 28.1639905, 0.0 ], [ 73.1451898, 28.1642937, 0.0 ], [ 73.1451666, 28.1642934, 0.0 ], [ 73.1451719, 28.1639902, 0.0 ] ], [ [ 73.1452439, 28.1630598, 0.0 ], [ 73.1452671, 28.1630601, 0.0 ], [ 73.1452618, 28.1633634, 0.0 ], [ 73.1452387, 28.163363, 0.0 ], [ 73.1452439, 28.1630598, 0.0 ] ], [ [ 73.1451879, 28.163059, 0.0 ], [ 73.1452111, 28.1630593, 0.0 ], [ 73.1452058, 28.1633626, 0.0 ], [ 73.1451827, 28.1633623, 0.0 ], [ 73.1451879, 28.163059, 0.0 ] ], [ [ 73.1452385, 28.1633715, 0.0 ], [ 73.1452617, 28.1633718, 0.0 ], [ 73.1452564, 28.163675, 0.0 ], [ 73.1452333, 28.1636747, 0.0 ], [ 73.1452385, 28.1633715, 0.0 ] ], [ [ 73.1451826, 28.1633707, 0.0 ], [ 73.1452057, 28.163371, 0.0 ], [ 73.1452005, 28.1636743, 0.0 ], [ 73.1451773, 28.163674, 0.0 ], [ 73.1451826, 28.1633707, 0.0 ] ], [ [ 73.1452546, 28.1624403, 0.0 ], [ 73.1452777, 28.1624406, 0.0 ], [ 73.1452725, 28.1627439, 0.0 ], [ 73.1452494, 28.1627436, 0.0 ], [ 73.1452546, 28.1624403, 0.0 ] ], [ [ 73.1451986, 28.1624395, 0.0 ], [ 73.1452217, 28.1624399, 0.0 ], [ 73.1452165, 28.1627431, 0.0 ], [ 73.1451934, 28.1627428, 0.0 ], [ 73.1451986, 28.1624395, 0.0 ] ], [ [ 73.1452492, 28.162752, 0.0 ], [ 73.1452724, 28.1627523, 0.0 ], [ 73.1452671, 28.1630556, 0.0 ], [ 73.145244, 28.1630553, 0.0 ], [ 73.1452492, 28.162752, 0.0 ] ], [ [ 73.1451932, 28.1627512, 0.0 ], [ 73.1452164, 28.1627515, 0.0 ], [ 73.1452111, 28.1630548, 0.0 ], [ 73.145188, 28.1630545, 0.0 ], [ 73.1451932, 28.1627512, 0.0 ] ], [ [ 73.1452653, 28.1618208, 0.0 ], [ 73.1452884, 28.1618212, 0.0 ], [ 73.1452832, 28.1621244, 0.0 ], [ 73.1452601, 28.1621241, 0.0 ], [ 73.1452653, 28.1618208, 0.0 ] ], [ [ 73.1452093, 28.1618201, 0.0 ], [ 73.1452324, 28.1618204, 0.0 ], [ 73.1452272, 28.1621237, 0.0 ], [ 73.1452041, 28.1621234, 0.0 ], [ 73.1452093, 28.1618201, 0.0 ] ], [ [ 73.1452599, 28.1621325, 0.0 ], [ 73.145283, 28.1621328, 0.0 ], [ 73.1452778, 28.1624361, 0.0 ], [ 73.1452547, 28.1624358, 0.0 ], [ 73.1452599, 28.1621325, 0.0 ] ], [ [ 73.1452039, 28.1621318, 0.0 ], [ 73.1452271, 28.1621321, 0.0 ], [ 73.1452218, 28.1624353, 0.0 ], [ 73.1451987, 28.162435, 0.0 ], [ 73.1452039, 28.1621318, 0.0 ] ], [ [ 73.145276, 28.1612014, 0.0 ], [ 73.1452991, 28.1612017, 0.0 ], [ 73.1452939, 28.161505, 0.0 ], [ 73.1452707, 28.1615046, 0.0 ], [ 73.145276, 28.1612014, 0.0 ] ], [ [ 73.14522, 28.1612006, 0.0 ], [ 73.1452431, 28.1612009, 0.0 ], [ 73.1452379, 28.1615042, 0.0 ], [ 73.1452147, 28.1615039, 0.0 ], [ 73.14522, 28.1612006, 0.0 ] ], [ [ 73.1452706, 28.1615131, 0.0 ], [ 73.1452937, 28.1615134, 0.0 ], [ 73.1452885, 28.1618166, 0.0 ], [ 73.1452654, 28.1618163, 0.0 ], [ 73.1452706, 28.1615131, 0.0 ] ], [ [ 73.1452146, 28.1615123, 0.0 ], [ 73.1452377, 28.1615126, 0.0 ], [ 73.1452325, 28.1618159, 0.0 ], [ 73.1452094, 28.1618156, 0.0 ], [ 73.1452146, 28.1615123, 0.0 ] ], [ [ 73.1451106, 28.1642972, 0.0 ], [ 73.1451337, 28.1642975, 0.0 ], [ 73.1451285, 28.1646008, 0.0 ], [ 73.1451053, 28.1646004, 0.0 ], [ 73.1451106, 28.1642972, 0.0 ] ], [ [ 73.1450546, 28.1642964, 0.0 ], [ 73.1450777, 28.1642967, 0.0 ], [ 73.1450725, 28.1646, 0.0 ], [ 73.1450493, 28.1645997, 0.0 ], [ 73.1450546, 28.1642964, 0.0 ] ], [ [ 73.1451052, 28.1646089, 0.0 ], [ 73.1451283, 28.1646092, 0.0 ], [ 73.1451231, 28.1649124, 0.0 ], [ 73.1451, 28.1649121, 0.0 ], [ 73.1451052, 28.1646089, 0.0 ] ], [ [ 73.1450492, 28.1646081, 0.0 ], [ 73.1450723, 28.1646084, 0.0 ], [ 73.1450671, 28.1649117, 0.0 ], [ 73.145044, 28.1649114, 0.0 ], [ 73.1450492, 28.1646081, 0.0 ] ], [ [ 73.1451213, 28.1636777, 0.0 ], [ 73.1451444, 28.163678, 0.0 ], [ 73.1451392, 28.1639813, 0.0 ], [ 73.145116, 28.163981, 0.0 ], [ 73.1451213, 28.1636777, 0.0 ] ], [ [ 73.1450653, 28.163677, 0.0 ], [ 73.1450884, 28.1636773, 0.0 ], [ 73.1450832, 28.1639805, 0.0 ], [ 73.14506, 28.1639802, 0.0 ], [ 73.1450653, 28.163677, 0.0 ] ], [ [ 73.1451159, 28.1639894, 0.0 ], [ 73.145139, 28.1639897, 0.0 ], [ 73.1451338, 28.164293, 0.0 ], [ 73.1451106, 28.1642927, 0.0 ], [ 73.1451159, 28.1639894, 0.0 ] ], [ [ 73.1450599, 28.1639886, 0.0 ], [ 73.145083, 28.163989, 0.0 ], [ 73.1450778, 28.1642922, 0.0 ], [ 73.1450547, 28.1642919, 0.0 ], [ 73.1450599, 28.1639886, 0.0 ] ], [ [ 73.1451319, 28.1630583, 0.0 ], [ 73.1451551, 28.1630586, 0.0 ], [ 73.1451498, 28.1633618, 0.0 ], [ 73.1451267, 28.1633615, 0.0 ], [ 73.1451319, 28.1630583, 0.0 ] ], [ [ 73.1450759, 28.1630575, 0.0 ], [ 73.1450991, 28.1630578, 0.0 ], [ 73.1450938, 28.1633611, 0.0 ], [ 73.1450707, 28.1633608, 0.0 ], [ 73.1450759, 28.1630575, 0.0 ] ], [ [ 73.1451266, 28.1633699, 0.0 ], [ 73.1451497, 28.1633703, 0.0 ], [ 73.1451445, 28.1636735, 0.0 ], [ 73.1451213, 28.1636732, 0.0 ], [ 73.1451266, 28.1633699, 0.0 ] ], [ [ 73.1450706, 28.1633692, 0.0 ], [ 73.1450937, 28.1633695, 0.0 ], [ 73.1450885, 28.1636728, 0.0 ], [ 73.1450653, 28.1636724, 0.0 ], [ 73.1450706, 28.1633692, 0.0 ] ], [ [ 73.1451426, 28.1624388, 0.0 ], [ 73.1451658, 28.1624391, 0.0 ], [ 73.1451605, 28.1627424, 0.0 ], [ 73.1451374, 28.1627421, 0.0 ], [ 73.1451426, 28.1624388, 0.0 ] ], [ [ 73.1450866, 28.162438, 0.0 ], [ 73.1451098, 28.1624383, 0.0 ], [ 73.1451045, 28.1627416, 0.0 ], [ 73.1450814, 28.1627413, 0.0 ], [ 73.1450866, 28.162438, 0.0 ] ], [ [ 73.1451372, 28.1627505, 0.0 ], [ 73.1451604, 28.1627508, 0.0 ], [ 73.1451551, 28.1630541, 0.0 ], [ 73.145132, 28.1630537, 0.0 ], [ 73.1451372, 28.1627505, 0.0 ] ], [ [ 73.1450813, 28.1627497, 0.0 ], [ 73.1451044, 28.16275, 0.0 ], [ 73.1450992, 28.1630533, 0.0 ], [ 73.145076, 28.163053, 0.0 ], [ 73.1450813, 28.1627497, 0.0 ] ], [ [ 73.1451533, 28.1618193, 0.0 ], [ 73.1451764, 28.1618196, 0.0 ], [ 73.1451712, 28.1621229, 0.0 ], [ 73.1451481, 28.1621226, 0.0 ], [ 73.1451533, 28.1618193, 0.0 ] ], [ [ 73.1450973, 28.1618186, 0.0 ], [ 73.1451204, 28.1618189, 0.0 ], [ 73.1451152, 28.1621221, 0.0 ], [ 73.1450921, 28.1621218, 0.0 ], [ 73.1450973, 28.1618186, 0.0 ] ], [ [ 73.1451479, 28.162131, 0.0 ], [ 73.1451711, 28.1621313, 0.0 ], [ 73.1451658, 28.1624346, 0.0 ], [ 73.1451427, 28.1624343, 0.0 ], [ 73.1451479, 28.162131, 0.0 ] ], [ [ 73.1450919, 28.1621303, 0.0 ], [ 73.1451151, 28.1621306, 0.0 ], [ 73.1451098, 28.1624338, 0.0 ], [ 73.1450867, 28.1624335, 0.0 ], [ 73.1450919, 28.1621303, 0.0 ] ], [ [ 73.145164, 28.1611999, 0.0 ], [ 73.1451871, 28.1612002, 0.0 ], [ 73.1451819, 28.1615034, 0.0 ], [ 73.1451588, 28.1615031, 0.0 ], [ 73.145164, 28.1611999, 0.0 ] ], [ [ 73.145108, 28.1611991, 0.0 ], [ 73.1451311, 28.1611994, 0.0 ], [ 73.1451259, 28.1615027, 0.0 ], [ 73.1451028, 28.1615024, 0.0 ], [ 73.145108, 28.1611991, 0.0 ] ], [ [ 73.1451586, 28.1615115, 0.0 ], [ 73.1451817, 28.1615119, 0.0 ], [ 73.1451765, 28.1618151, 0.0 ], [ 73.1451534, 28.1618148, 0.0 ], [ 73.1451586, 28.1615115, 0.0 ] ], [ [ 73.1451026, 28.1615108, 0.0 ], [ 73.1451257, 28.1615111, 0.0 ], [ 73.1451205, 28.1618144, 0.0 ], [ 73.1450974, 28.1618141, 0.0 ], [ 73.1451026, 28.1615108, 0.0 ] ], [ [ 73.1449986, 28.1642957, 0.0 ], [ 73.1450217, 28.164296, 0.0 ], [ 73.1450165, 28.1645992, 0.0 ], [ 73.1449933, 28.1645989, 0.0 ], [ 73.1449986, 28.1642957, 0.0 ] ], [ [ 73.1449426, 28.1642949, 0.0 ], [ 73.1449657, 28.1642952, 0.0 ], [ 73.1449605, 28.1645985, 0.0 ], [ 73.1449374, 28.1645982, 0.0 ], [ 73.1449426, 28.1642949, 0.0 ] ], [ [ 73.1449932, 28.1646074, 0.0 ], [ 73.1450163, 28.1646077, 0.0 ], [ 73.1450111, 28.1649109, 0.0 ], [ 73.144988, 28.1649106, 0.0 ], [ 73.1449932, 28.1646074, 0.0 ] ], [ [ 73.1449372, 28.1646066, 0.0 ], [ 73.1449603, 28.1646069, 0.0 ], [ 73.1449551, 28.1649102, 0.0 ], [ 73.144932, 28.1649099, 0.0 ], [ 73.1449372, 28.1646066, 0.0 ] ], [ [ 73.1450093, 28.1636762, 0.0 ], [ 73.1450324, 28.1636765, 0.0 ], [ 73.1450272, 28.1639798, 0.0 ], [ 73.145004, 28.1639795, 0.0 ], [ 73.1450093, 28.1636762, 0.0 ] ], [ [ 73.1449533, 28.1636754, 0.0 ], [ 73.1449764, 28.1636758, 0.0 ], [ 73.1449712, 28.163979, 0.0 ], [ 73.144948, 28.1639787, 0.0 ], [ 73.1449533, 28.1636754, 0.0 ] ], [ [ 73.1450039, 28.1639879, 0.0 ], [ 73.145027, 28.1639882, 0.0 ], [ 73.1450218, 28.1642915, 0.0 ], [ 73.1449987, 28.1642912, 0.0 ], [ 73.1450039, 28.1639879, 0.0 ] ], [ [ 73.1449479, 28.1639871, 0.0 ], [ 73.144971, 28.1639874, 0.0 ], [ 73.1449658, 28.1642907, 0.0 ], [ 73.1449427, 28.1642904, 0.0 ], [ 73.1449479, 28.1639871, 0.0 ] ], [ [ 73.1450199, 28.1630567, 0.0 ], [ 73.1450431, 28.163057, 0.0 ], [ 73.1450378, 28.1633603, 0.0 ], [ 73.1450147, 28.16336, 0.0 ], [ 73.1450199, 28.1630567, 0.0 ] ], [ [ 73.144964, 28.163056, 0.0 ], [ 73.1449871, 28.1630563, 0.0 ], [ 73.1449819, 28.1633596, 0.0 ], [ 73.1449587, 28.1633592, 0.0 ], [ 73.144964, 28.163056, 0.0 ] ], [ [ 73.1450146, 28.1633684, 0.0 ], [ 73.1450377, 28.1633687, 0.0 ], [ 73.1450325, 28.163672, 0.0 ], [ 73.1450093, 28.1636717, 0.0 ], [ 73.1450146, 28.1633684, 0.0 ] ], [ [ 73.1449586, 28.1633677, 0.0 ], [ 73.1449817, 28.163368, 0.0 ], [ 73.1449765, 28.1636712, 0.0 ], [ 73.1449533, 28.1636709, 0.0 ], [ 73.1449586, 28.1633677, 0.0 ] ], [ [ 73.1450306, 28.1624373, 0.0 ], [ 73.1450538, 28.1624376, 0.0 ], [ 73.1450485, 28.1627409, 0.0 ], [ 73.1450254, 28.1627405, 0.0 ], [ 73.1450306, 28.1624373, 0.0 ] ], [ [ 73.1449746, 28.1624365, 0.0 ], [ 73.1449978, 28.1624368, 0.0 ], [ 73.1449925, 28.1627401, 0.0 ], [ 73.1449694, 28.1627398, 0.0 ], [ 73.1449746, 28.1624365, 0.0 ] ], [ [ 73.1450253, 28.162749, 0.0 ], [ 73.1450484, 28.1627493, 0.0 ], [ 73.1450432, 28.1630525, 0.0 ], [ 73.14502, 28.1630522, 0.0 ], [ 73.1450253, 28.162749, 0.0 ] ], [ [ 73.1449693, 28.1627482, 0.0 ], [ 73.1449924, 28.1627485, 0.0 ], [ 73.1449872, 28.1630518, 0.0 ], [ 73.144964, 28.1630515, 0.0 ], [ 73.1449693, 28.1627482, 0.0 ] ], [ [ 73.1450413, 28.1618178, 0.0 ], [ 73.1450644, 28.1618181, 0.0 ], [ 73.1450592, 28.1621214, 0.0 ], [ 73.1450361, 28.1621211, 0.0 ], [ 73.1450413, 28.1618178, 0.0 ] ], [ [ 73.1449853, 28.161817, 0.0 ], [ 73.1450085, 28.1618174, 0.0 ], [ 73.1450032, 28.1621206, 0.0 ], [ 73.1449801, 28.1621203, 0.0 ], [ 73.1449853, 28.161817, 0.0 ] ], [ [ 73.1450359, 28.1621295, 0.0 ], [ 73.1450591, 28.1621298, 0.0 ], [ 73.1450538, 28.1624331, 0.0 ], [ 73.1450307, 28.1624328, 0.0 ], [ 73.1450359, 28.1621295, 0.0 ] ], [ [ 73.1449799, 28.1621287, 0.0 ], [ 73.1450031, 28.162129, 0.0 ], [ 73.1449978, 28.1624323, 0.0 ], [ 73.1449747, 28.162432, 0.0 ], [ 73.1449799, 28.1621287, 0.0 ] ], [ [ 73.145052, 28.1611983, 0.0 ], [ 73.1450751, 28.1611987, 0.0 ], [ 73.1450699, 28.1615019, 0.0 ], [ 73.1450468, 28.1615016, 0.0 ], [ 73.145052, 28.1611983, 0.0 ] ], [ [ 73.144996, 28.1611976, 0.0 ], [ 73.1450191, 28.1611979, 0.0 ], [ 73.1450139, 28.1615012, 0.0 ], [ 73.1449908, 28.1615009, 0.0 ], [ 73.144996, 28.1611976, 0.0 ] ], [ [ 73.1450466, 28.16151, 0.0 ], [ 73.1450698, 28.1615103, 0.0 ], [ 73.1450645, 28.1618136, 0.0 ], [ 73.1450414, 28.1618133, 0.0 ], [ 73.1450466, 28.16151, 0.0 ] ], [ [ 73.1449906, 28.1615093, 0.0 ], [ 73.1450138, 28.1615096, 0.0 ], [ 73.1450085, 28.1618129, 0.0 ], [ 73.1449854, 28.1618125, 0.0 ], [ 73.1449906, 28.1615093, 0.0 ] ], [ [ 73.1448866, 28.1642941, 0.0 ], [ 73.1449097, 28.1642945, 0.0 ], [ 73.1449045, 28.1645977, 0.0 ], [ 73.1448814, 28.1645974, 0.0 ], [ 73.1448866, 28.1642941, 0.0 ] ], [ [ 73.1448306, 28.1642934, 0.0 ], [ 73.1448537, 28.1642937, 0.0 ], [ 73.1448485, 28.164597, 0.0 ], [ 73.1448254, 28.1645967, 0.0 ], [ 73.1448306, 28.1642934, 0.0 ] ], [ [ 73.1448812, 28.1646058, 0.0 ], [ 73.1449043, 28.1646061, 0.0 ], [ 73.1448991, 28.1649094, 0.0 ], [ 73.144876, 28.1649091, 0.0 ], [ 73.1448812, 28.1646058, 0.0 ] ], [ [ 73.1448252, 28.1646051, 0.0 ], [ 73.1448484, 28.1646054, 0.0 ], [ 73.1448431, 28.1649087, 0.0 ], [ 73.14482, 28.1649083, 0.0 ], [ 73.1448252, 28.1646051, 0.0 ] ], [ [ 73.1448973, 28.1636747, 0.0 ], [ 73.1449204, 28.163675, 0.0 ], [ 73.1449152, 28.1639783, 0.0 ], [ 73.144892, 28.163978, 0.0 ], [ 73.1448973, 28.1636747, 0.0 ] ], [ [ 73.1448413, 28.1636739, 0.0 ], [ 73.1448644, 28.1636742, 0.0 ], [ 73.1448592, 28.1639775, 0.0 ], [ 73.1448361, 28.1639772, 0.0 ], [ 73.1448413, 28.1636739, 0.0 ] ], [ [ 73.1448919, 28.1639864, 0.0 ], [ 73.144915, 28.1639867, 0.0 ], [ 73.1449098, 28.1642899, 0.0 ], [ 73.1448867, 28.1642896, 0.0 ], [ 73.1448919, 28.1639864, 0.0 ] ], [ [ 73.1448359, 28.1639856, 0.0 ], [ 73.144859, 28.1639859, 0.0 ], [ 73.1448538, 28.1642892, 0.0 ], [ 73.1448307, 28.1642889, 0.0 ], [ 73.1448359, 28.1639856, 0.0 ] ], [ [ 73.144908, 28.1630552, 0.0 ], [ 73.1449311, 28.1630555, 0.0 ], [ 73.1449259, 28.1633588, 0.0 ], [ 73.1449027, 28.1633585, 0.0 ], [ 73.144908, 28.1630552, 0.0 ] ], [ [ 73.144852, 28.1630545, 0.0 ], [ 73.1448751, 28.1630548, 0.0 ], [ 73.1448699, 28.163358, 0.0 ], [ 73.1448467, 28.1633577, 0.0 ], [ 73.144852, 28.1630545, 0.0 ] ], [ [ 73.1449026, 28.1633669, 0.0 ], [ 73.1449257, 28.1633672, 0.0 ], [ 73.1449205, 28.1636705, 0.0 ], [ 73.1448974, 28.1636702, 0.0 ], [ 73.1449026, 28.1633669, 0.0 ] ], [ [ 73.1448466, 28.1633661, 0.0 ], [ 73.1448697, 28.1633665, 0.0 ], [ 73.1448645, 28.1636697, 0.0 ], [ 73.1448414, 28.1636694, 0.0 ], [ 73.1448466, 28.1633661, 0.0 ] ], [ [ 73.1449186, 28.1624358, 0.0 ], [ 73.1449418, 28.1624361, 0.0 ], [ 73.1449365, 28.1627393, 0.0 ], [ 73.1449134, 28.162739, 0.0 ], [ 73.1449186, 28.1624358, 0.0 ] ], [ [ 73.1448627, 28.162435, 0.0 ], [ 73.1448858, 28.1624353, 0.0 ], [ 73.1448806, 28.1627386, 0.0 ], [ 73.1448574, 28.1627383, 0.0 ], [ 73.1448627, 28.162435, 0.0 ] ], [ [ 73.1449133, 28.1627474, 0.0 ], [ 73.1449364, 28.1627478, 0.0 ], [ 73.1449312, 28.163051, 0.0 ], [ 73.144908, 28.1630507, 0.0 ], [ 73.1449133, 28.1627474, 0.0 ] ], [ [ 73.1448573, 28.1627467, 0.0 ], [ 73.1448804, 28.162747, 0.0 ], [ 73.1448752, 28.1630503, 0.0 ], [ 73.144852, 28.1630499, 0.0 ], [ 73.1448573, 28.1627467, 0.0 ] ], [ [ 73.1449293, 28.1618163, 0.0 ], [ 73.1449525, 28.1618166, 0.0 ], [ 73.1449472, 28.1621199, 0.0 ], [ 73.1449241, 28.1621196, 0.0 ], [ 73.1449293, 28.1618163, 0.0 ] ], [ [ 73.1448733, 28.1618155, 0.0 ], [ 73.1448965, 28.1618158, 0.0 ], [ 73.1448912, 28.1621191, 0.0 ], [ 73.1448681, 28.1621188, 0.0 ], [ 73.1448733, 28.1618155, 0.0 ] ], [ [ 73.144924, 28.162128, 0.0 ], [ 73.1449471, 28.1621283, 0.0 ], [ 73.1449419, 28.1624316, 0.0 ], [ 73.1449187, 28.1624312, 0.0 ], [ 73.144924, 28.162128, 0.0 ] ], [ [ 73.144868, 28.1621272, 0.0 ], [ 73.1448911, 28.1621275, 0.0 ], [ 73.1448859, 28.1624308, 0.0 ], [ 73.1448627, 28.1624305, 0.0 ], [ 73.144868, 28.1621272, 0.0 ] ], [ [ 73.14494, 28.1611968, 0.0 ], [ 73.1449631, 28.1611971, 0.0 ], [ 73.1449579, 28.1615004, 0.0 ], [ 73.1449348, 28.1615001, 0.0 ], [ 73.14494, 28.1611968, 0.0 ] ], [ [ 73.144884, 28.1611961, 0.0 ], [ 73.1449072, 28.1611964, 0.0 ], [ 73.1449019, 28.1614996, 0.0 ], [ 73.1448788, 28.1614993, 0.0 ], [ 73.144884, 28.1611961, 0.0 ] ], [ [ 73.1449346, 28.1615085, 0.0 ], [ 73.1449578, 28.1615088, 0.0 ], [ 73.1449525, 28.1618121, 0.0 ], [ 73.1449294, 28.1618118, 0.0 ], [ 73.1449346, 28.1615085, 0.0 ] ], [ [ 73.1448786, 28.1615078, 0.0 ], [ 73.1449018, 28.1615081, 0.0 ], [ 73.1448965, 28.1618113, 0.0 ], [ 73.1448734, 28.161811, 0.0 ], [ 73.1448786, 28.1615078, 0.0 ] ], [ [ 73.1447746, 28.1642926, 0.0 ], [ 73.1447977, 28.1642929, 0.0 ], [ 73.1447925, 28.1645962, 0.0 ], [ 73.1447694, 28.1645959, 0.0 ], [ 73.1447746, 28.1642926, 0.0 ] ], [ [ 73.1447186, 28.1642919, 0.0 ], [ 73.1447417, 28.1642922, 0.0 ], [ 73.1447365, 28.1645955, 0.0 ], [ 73.1447134, 28.1645951, 0.0 ], [ 73.1447186, 28.1642919, 0.0 ] ], [ [ 73.1447692, 28.1646043, 0.0 ], [ 73.1447924, 28.1646046, 0.0 ], [ 73.1447871, 28.1649079, 0.0 ], [ 73.144764, 28.1649076, 0.0 ], [ 73.1447692, 28.1646043, 0.0 ] ], [ [ 73.1447132, 28.1646036, 0.0 ], [ 73.1447364, 28.1646039, 0.0 ], [ 73.1447311, 28.1649071, 0.0 ], [ 73.144708, 28.1649068, 0.0 ], [ 73.1447132, 28.1646036, 0.0 ] ], [ [ 73.1447853, 28.1636732, 0.0 ], [ 73.1448084, 28.1636735, 0.0 ], [ 73.1448032, 28.1639767, 0.0 ], [ 73.1447801, 28.1639764, 0.0 ], [ 73.1447853, 28.1636732, 0.0 ] ], [ [ 73.1447293, 28.1636724, 0.0 ], [ 73.1447524, 28.1636727, 0.0 ], [ 73.1447472, 28.163976, 0.0 ], [ 73.1447241, 28.1639757, 0.0 ], [ 73.1447293, 28.1636724, 0.0 ] ], [ [ 73.1447799, 28.1639849, 0.0 ], [ 73.144803, 28.1639852, 0.0 ], [ 73.1447978, 28.1642884, 0.0 ], [ 73.1447747, 28.1642881, 0.0 ], [ 73.1447799, 28.1639849, 0.0 ] ], [ [ 73.1447239, 28.1639841, 0.0 ], [ 73.144747, 28.1639844, 0.0 ], [ 73.1447418, 28.1642877, 0.0 ], [ 73.1447187, 28.1642874, 0.0 ], [ 73.1447239, 28.1639841, 0.0 ] ], [ [ 73.1448067, 28.1624342, 0.0 ], [ 73.1448298, 28.1624346, 0.0 ], [ 73.1448246, 28.1627378, 0.0 ], [ 73.1448014, 28.1627375, 0.0 ], [ 73.1448067, 28.1624342, 0.0 ] ], [ [ 73.1447507, 28.1624335, 0.0 ], [ 73.1447738, 28.1624338, 0.0 ], [ 73.1447686, 28.1627371, 0.0 ], [ 73.1447454, 28.1627367, 0.0 ], [ 73.1447507, 28.1624335, 0.0 ] ], [ [ 73.1448013, 28.1627459, 0.0 ], [ 73.1448244, 28.1627462, 0.0 ], [ 73.1448192, 28.1630495, 0.0 ], [ 73.1447961, 28.1630492, 0.0 ], [ 73.1448013, 28.1627459, 0.0 ] ], [ [ 73.1447453, 28.1627452, 0.0 ], [ 73.1447684, 28.1627455, 0.0 ], [ 73.1447632, 28.1630487, 0.0 ], [ 73.1447401, 28.1630484, 0.0 ], [ 73.1447453, 28.1627452, 0.0 ] ], [ [ 73.1448173, 28.1618148, 0.0 ], [ 73.1448405, 28.1618151, 0.0 ], [ 73.1448352, 28.1621184, 0.0 ], [ 73.1448121, 28.162118, 0.0 ], [ 73.1448173, 28.1618148, 0.0 ] ], [ [ 73.1447614, 28.161814, 0.0 ], [ 73.1447845, 28.1618143, 0.0 ], [ 73.1447793, 28.1621176, 0.0 ], [ 73.1447561, 28.1621173, 0.0 ], [ 73.1447614, 28.161814, 0.0 ] ], [ [ 73.144812, 28.1621265, 0.0 ], [ 73.1448351, 28.1621268, 0.0 ], [ 73.1448299, 28.16243, 0.0 ], [ 73.1448067, 28.1624297, 0.0 ], [ 73.144812, 28.1621265, 0.0 ] ], [ [ 73.144756, 28.1621257, 0.0 ], [ 73.1447791, 28.162126, 0.0 ], [ 73.1447739, 28.1624293, 0.0 ], [ 73.1447507, 28.162429, 0.0 ], [ 73.144756, 28.1621257, 0.0 ] ], [ [ 73.144828, 28.1611953, 0.0 ], [ 73.1448512, 28.1611956, 0.0 ], [ 73.1448459, 28.1614989, 0.0 ], [ 73.1448228, 28.1614986, 0.0 ], [ 73.144828, 28.1611953, 0.0 ] ], [ [ 73.144772, 28.1611946, 0.0 ], [ 73.1447952, 28.1611949, 0.0 ], [ 73.1447899, 28.1614981, 0.0 ], [ 73.1447668, 28.1614978, 0.0 ], [ 73.144772, 28.1611946, 0.0 ] ], [ [ 73.1448227, 28.161507, 0.0 ], [ 73.1448458, 28.1615073, 0.0 ], [ 73.1448406, 28.1618106, 0.0 ], [ 73.1448174, 28.1618103, 0.0 ], [ 73.1448227, 28.161507, 0.0 ] ], [ [ 73.1447667, 28.1615062, 0.0 ], [ 73.1447898, 28.1615065, 0.0 ], [ 73.1447846, 28.1618098, 0.0 ], [ 73.1447614, 28.1618095, 0.0 ], [ 73.1447667, 28.1615062, 0.0 ] ], [ [ 73.1446626, 28.1642911, 0.0 ], [ 73.1446857, 28.1642914, 0.0 ], [ 73.1446805, 28.1645947, 0.0 ], [ 73.1446574, 28.1645944, 0.0 ], [ 73.1446626, 28.1642911, 0.0 ] ], [ [ 73.1446066, 28.1642904, 0.0 ], [ 73.1446298, 28.1642907, 0.0 ], [ 73.1446245, 28.1645939, 0.0 ], [ 73.1446014, 28.1645936, 0.0 ], [ 73.1446066, 28.1642904, 0.0 ] ], [ [ 73.1446572, 28.1646028, 0.0 ], [ 73.1446804, 28.1646031, 0.0 ], [ 73.1446751, 28.1649064, 0.0 ], [ 73.144652, 28.1649061, 0.0 ], [ 73.1446572, 28.1646028, 0.0 ] ], [ [ 73.1446012, 28.164602, 0.0 ], [ 73.1446244, 28.1646024, 0.0 ], [ 73.1446191, 28.1649056, 0.0 ], [ 73.144596, 28.1649053, 0.0 ], [ 73.1446012, 28.164602, 0.0 ] ], [ [ 73.1446733, 28.1636716, 0.0 ], [ 73.1446964, 28.163672, 0.0 ], [ 73.1446912, 28.1639752, 0.0 ], [ 73.1446681, 28.1639749, 0.0 ], [ 73.1446733, 28.1636716, 0.0 ] ], [ [ 73.1446173, 28.1636709, 0.0 ], [ 73.1446404, 28.1636712, 0.0 ], [ 73.1446352, 28.1639745, 0.0 ], [ 73.1446121, 28.1639742, 0.0 ], [ 73.1446173, 28.1636709, 0.0 ] ], [ [ 73.1446679, 28.1639833, 0.0 ], [ 73.1446911, 28.1639836, 0.0 ], [ 73.1446858, 28.1642869, 0.0 ], [ 73.1446627, 28.1642866, 0.0 ], [ 73.1446679, 28.1639833, 0.0 ] ], [ [ 73.1446119, 28.1639826, 0.0 ], [ 73.1446351, 28.1639829, 0.0 ], [ 73.1446298, 28.1642862, 0.0 ], [ 73.1446067, 28.1642858, 0.0 ], [ 73.1446119, 28.1639826, 0.0 ] ], [ [ 73.1447054, 28.1618133, 0.0 ], [ 73.1447285, 28.1618136, 0.0 ], [ 73.1447233, 28.1621168, 0.0 ], [ 73.1447001, 28.1621165, 0.0 ], [ 73.1447054, 28.1618133, 0.0 ] ], [ [ 73.1446494, 28.1618125, 0.0 ], [ 73.1446725, 28.1618128, 0.0 ], [ 73.1446673, 28.1621161, 0.0 ], [ 73.1446441, 28.1621158, 0.0 ], [ 73.1446494, 28.1618125, 0.0 ] ], [ [ 73.1447, 28.1621249, 0.0 ], [ 73.1447231, 28.1621253, 0.0 ], [ 73.1447179, 28.1624285, 0.0 ], [ 73.1446948, 28.1624282, 0.0 ], [ 73.1447, 28.1621249, 0.0 ] ], [ [ 73.144644, 28.1621242, 0.0 ], [ 73.1446671, 28.1621245, 0.0 ], [ 73.1446619, 28.1624278, 0.0 ], [ 73.1446388, 28.1624275, 0.0 ], [ 73.144644, 28.1621242, 0.0 ] ], [ [ 73.144716, 28.1611938, 0.0 ], [ 73.1447392, 28.1611941, 0.0 ], [ 73.1447339, 28.1614974, 0.0 ], [ 73.1447108, 28.1614971, 0.0 ], [ 73.144716, 28.1611938, 0.0 ] ], [ [ 73.1446601, 28.161193, 0.0 ], [ 73.1446832, 28.1611933, 0.0 ], [ 73.144678, 28.1614966, 0.0 ], [ 73.1446548, 28.1614963, 0.0 ], [ 73.1446601, 28.161193, 0.0 ] ], [ [ 73.1447107, 28.1615055, 0.0 ], [ 73.1447338, 28.1615058, 0.0 ], [ 73.1447286, 28.1618091, 0.0 ], [ 73.1447054, 28.1618087, 0.0 ], [ 73.1447107, 28.1615055, 0.0 ] ], [ [ 73.1446547, 28.1615047, 0.0 ], [ 73.1446778, 28.161505, 0.0 ], [ 73.1446726, 28.1618083, 0.0 ], [ 73.1446494, 28.161808, 0.0 ], [ 73.1446547, 28.1615047, 0.0 ] ], [ [ 73.1445506, 28.1642896, 0.0 ], [ 73.1445738, 28.1642899, 0.0 ], [ 73.1445685, 28.1645932, 0.0 ], [ 73.1445454, 28.1645929, 0.0 ], [ 73.1445506, 28.1642896, 0.0 ] ], [ [ 73.1444946, 28.1642888, 0.0 ], [ 73.1445178, 28.1642892, 0.0 ], [ 73.1445125, 28.1645924, 0.0 ], [ 73.1444894, 28.1645921, 0.0 ], [ 73.1444946, 28.1642888, 0.0 ] ], [ [ 73.1445452, 28.1646013, 0.0 ], [ 73.1445684, 28.1646016, 0.0 ], [ 73.1445631, 28.1649049, 0.0 ], [ 73.14454, 28.1649045, 0.0 ], [ 73.1445452, 28.1646013, 0.0 ] ], [ [ 73.1444893, 28.1646005, 0.0 ], [ 73.1445124, 28.1646008, 0.0 ], [ 73.1445072, 28.1649041, 0.0 ], [ 73.144484, 28.1649038, 0.0 ], [ 73.1444893, 28.1646005, 0.0 ] ], [ [ 73.1445613, 28.1636701, 0.0 ], [ 73.1445844, 28.1636704, 0.0 ], [ 73.1445792, 28.1639737, 0.0 ], [ 73.1445561, 28.1639734, 0.0 ], [ 73.1445613, 28.1636701, 0.0 ] ], [ [ 73.1445053, 28.1636694, 0.0 ], [ 73.1445285, 28.1636697, 0.0 ], [ 73.1445232, 28.163973, 0.0 ], [ 73.1445001, 28.1639726, 0.0 ], [ 73.1445053, 28.1636694, 0.0 ] ], [ [ 73.1445559, 28.1639818, 0.0 ], [ 73.1445791, 28.1639821, 0.0 ], [ 73.1445738, 28.1642854, 0.0 ], [ 73.1445507, 28.1642851, 0.0 ], [ 73.1445559, 28.1639818, 0.0 ] ], [ [ 73.1444999, 28.1639811, 0.0 ], [ 73.1445231, 28.1639814, 0.0 ], [ 73.1445178, 28.1642846, 0.0 ], [ 73.1444947, 28.1642843, 0.0 ], [ 73.1444999, 28.1639811, 0.0 ] ], [ [ 73.1444386, 28.1642881, 0.0 ], [ 73.1444618, 28.1642884, 0.0 ], [ 73.1444565, 28.1645917, 0.0 ], [ 73.1444334, 28.1645913, 0.0 ], [ 73.1444386, 28.1642881, 0.0 ] ], [ [ 73.1443826, 28.1642873, 0.0 ], [ 73.1444058, 28.1642876, 0.0 ], [ 73.1444005, 28.1645909, 0.0 ], [ 73.1443774, 28.1645906, 0.0 ], [ 73.1443826, 28.1642873, 0.0 ] ], [ [ 73.1444333, 28.1645998, 0.0 ], [ 73.1444564, 28.1646001, 0.0 ], [ 73.1444512, 28.1649033, 0.0 ], [ 73.144428, 28.164903, 0.0 ], [ 73.1444333, 28.1645998, 0.0 ] ], [ [ 73.1443773, 28.164599, 0.0 ], [ 73.1444004, 28.1645993, 0.0 ], [ 73.1443952, 28.1649026, 0.0 ], [ 73.144372, 28.1649023, 0.0 ], [ 73.1443773, 28.164599, 0.0 ] ], [ [ 73.1444493, 28.1636686, 0.0 ], [ 73.1444725, 28.1636689, 0.0 ], [ 73.1444672, 28.1639722, 0.0 ], [ 73.1444441, 28.1639719, 0.0 ], [ 73.1444493, 28.1636686, 0.0 ] ], [ [ 73.1443933, 28.1636679, 0.0 ], [ 73.1444165, 28.1636682, 0.0 ], [ 73.1444112, 28.1639714, 0.0 ], [ 73.1443881, 28.1639711, 0.0 ], [ 73.1443933, 28.1636679, 0.0 ] ], [ [ 73.1444439, 28.1639803, 0.0 ], [ 73.1444671, 28.1639806, 0.0 ], [ 73.1444618, 28.1642839, 0.0 ], [ 73.1444387, 28.1642836, 0.0 ], [ 73.1444439, 28.1639803, 0.0 ] ], [ [ 73.144388, 28.1639795, 0.0 ], [ 73.1444111, 28.1639799, 0.0 ], [ 73.1444059, 28.1642831, 0.0 ], [ 73.1443827, 28.1642828, 0.0 ], [ 73.144388, 28.1639795, 0.0 ] ] ] } }
]
}
