{
"type": "FeatureCollection",
"name": "ITC-11 strings",
"bbox": [ 73.1401437, 28.1530838, 0.0000000, 73.1466483, 28.1580816, 0.0000000 ],                                                  
"features": [
{ "type": "Feature", "properties": { "id": "kml_1", "Name": "EDGE TRACKERS", "description": null, "timestamp": null, "begin": null, "end": null, "altitudeMode": null, "tessellate": -1, "extrude": 0, "visibility": -1, "drawOrder": null, "icon": null }, "bbox": [ 73.1432899, 28.1555981, 0.0, 73.1439395, 28.1562217, 0.0 ], "geometry": { "type": "MultiLineString", "coordinates": [ [ [ 73.1439164, 28.1556065, 0.0 ], [ 73.1439395, 28.1556068, 0.0 ], [ 73.1439343, 28.1559101, 0.0 ], [ 73.1439111, 28.1559097, 0.0 ], [ 73.1439164, 28.1556065, 0.0 ] ], [ [ 73.1438604, 28.1556057, 0.0 ], [ 73.1438835, 28.155606, 0.0 ], [ 73.1438783, 28.1559093, 0.0 ], [ 73.1438552, 28.155909, 0.0 ], [ 73.1438604, 28.1556057, 0.0 ] ], [ [ 73.143911, 28.1559182, 0.0 ], [ 73.1439341, 28.1559185, 0.0 ], [ 73.1439289, 28.1562217, 0.0 ], [ 73.1439058, 28.1562214, 0.0 ], [ 73.143911, 28.1559182, 0.0 ] ], [ [ 73.143855, 28.1559174, 0.0 ], [ 73.1438781, 28.1559177, 0.0 ], [ 73.1438729, 28.156221, 0.0 ], [ 73.1438498, 28.1562207, 0.0 ], [ 73.143855, 28.1559174, 0.0 ] ], [ [ 73.1433565, 28.1555989, 0.0 ], [ 73.1433796, 28.1555992, 0.0 ], [ 73.1433744, 28.1559025, 0.0 ], [ 73.1433512, 28.1559021, 0.0 ], [ 73.1433565, 28.1555989, 0.0 ] ], [ [ 73.1433005, 28.1555981, 0.0 ], [ 73.1433236, 28.1555984, 0.0 ], [ 73.1433184, 28.1559017, 0.0 ], [ 73.1432953, 28.1559014, 0.0 ], [ 73.1433005, 28.1555981, 0.0 ] ], [ [ 73.1433511, 28.1559106, 0.0 ], [ 73.1433742, 28.1559109, 0.0 ], [ 73.143369, 28.1562141, 0.0 ], [ 73.1433459, 28.1562138, 0.0 ], [ 73.1433511, 28.1559106, 0.0 ] ], [ [ 73.1432951, 28.1559098, 0.0 ], [ 73.1433182, 28.1559101, 0.0 ], [ 73.143313, 28.1562134, 0.0 ], [ 73.1432899, 28.1562131, 0.0 ], [ 73.1432951, 28.1559098, 0.0 ] ] ] } },
{ "type": "Feature", "properties": { "id": "kml_9", "Name": "TRACKERS", "description": null, "timestamp": null, "begin": null, "end": null, "altitudeMode": null, "tessellate": -1, "extrude": 0, "visibility": -1, "drawOrder": null, "icon": null }, "bbox": [ 73.1401437, 28.1530838, 0.0, 73.1466483, 28.1580816, 0.0 ], "geometry": { "type": "MultiLineString", "coordinates": [ [ [ 73.1435697, 28.1562214, 0.0 ], [ 73.1435929, 28.1562217, 0.0 ], [ 73.1435876, 28.156525, 0.0 ], [ 73.1435645, 28.1565247, 0.0 ], [ 73.1435697, 28.1562214, 0.0 ] ], [ [ 73.1435138, 28.1562206, 0.0 ], [ 73.1435369, 28.1562209, 0.0 ], [ 73.1435317, 28.1565242, 0.0 ], [ 73.1435085, 28.1565239, 0.0 ], [ 73.1435138, 28.1562206, 0.0 ] ], [ [ 73.1435644, 28.1565331, 0.0 ], [ 73.1435875, 28.1565334, 0.0 ], [ 73.1435823, 28.1568366, 0.0 ], [ 73.1435591, 28.1568363, 0.0 ], [ 73.1435644, 28.1565331, 0.0 ] ], [ [ 73.1435084, 28.1565323, 0.0 ], [ 73.1435315, 28.1565326, 0.0 ], [ 73.1435263, 28.1568359, 0.0 ], [ 73.1435031, 28.1568356, 0.0 ], [ 73.1435084, 28.1565323, 0.0 ] ], [ [ 73.144007, 28.1568469, 0.0 ], [ 73.1440301, 28.1568472, 0.0 ], [ 73.1440249, 28.1571505, 0.0 ], [ 73.1440017, 28.1571502, 0.0 ], [ 73.144007, 28.1568469, 0.0 ] ], [ [ 73.143951, 28.1568462, 0.0 ], [ 73.1439741, 28.1568465, 0.0 ], [ 73.1439689, 28.1571497, 0.0 ], [ 73.1439458, 28.1571494, 0.0 ], [ 73.143951, 28.1568462, 0.0 ] ], [ [ 73.1440016, 28.1571586, 0.0 ], [ 73.1440247, 28.1571589, 0.0 ], [ 73.1440195, 28.1574622, 0.0 ], [ 73.1439964, 28.1574619, 0.0 ], [ 73.1440016, 28.1571586, 0.0 ] ], [ [ 73.1439456, 28.1571578, 0.0 ], [ 73.1439687, 28.1571582, 0.0 ], [ 73.1439635, 28.1574614, 0.0 ], [ 73.1439404, 28.1574611, 0.0 ], [ 73.1439456, 28.1571578, 0.0 ] ], [ [ 73.1440177, 28.1562275, 0.0 ], [ 73.1440408, 28.1562278, 0.0 ], [ 73.1440356, 28.156531, 0.0 ], [ 73.1440124, 28.1565307, 0.0 ], [ 73.1440177, 28.1562275, 0.0 ] ], [ [ 73.1439617, 28.1562267, 0.0 ], [ 73.1439848, 28.156227, 0.0 ], [ 73.1439796, 28.1565303, 0.0 ], [ 73.1439564, 28.15653, 0.0 ], [ 73.1439617, 28.1562267, 0.0 ] ], [ [ 73.1440123, 28.1565391, 0.0 ], [ 73.1440354, 28.1565395, 0.0 ], [ 73.1440302, 28.1568427, 0.0 ], [ 73.1440071, 28.1568424, 0.0 ], [ 73.1440123, 28.1565391, 0.0 ] ], [ [ 73.1439563, 28.1565384, 0.0 ], [ 73.1439794, 28.1565387, 0.0 ], [ 73.1439742, 28.156842, 0.0 ], [ 73.1439511, 28.1568416, 0.0 ], [ 73.1439563, 28.1565384, 0.0 ] ], [ [ 73.144039, 28.1549885, 0.0 ], [ 73.1440622, 28.1549888, 0.0 ], [ 73.1440569, 28.1552921, 0.0 ], [ 73.1440338, 28.1552918, 0.0 ], [ 73.144039, 28.1549885, 0.0 ] ], [ [ 73.143983, 28.1549878, 0.0 ], [ 73.1440062, 28.1549881, 0.0 ], [ 73.1440009, 28.1552913, 0.0 ], [ 73.1439778, 28.155291, 0.0 ], [ 73.143983, 28.1549878, 0.0 ] ], [ [ 73.1440337, 28.1553002, 0.0 ], [ 73.1440568, 28.1553005, 0.0 ], [ 73.1440516, 28.1556038, 0.0 ], [ 73.1440284, 28.1556035, 0.0 ], [ 73.1440337, 28.1553002, 0.0 ] ], [ [ 73.1439777, 28.1552995, 0.0 ], [ 73.1440008, 28.1552998, 0.0 ], [ 73.1439956, 28.155603, 0.0 ], [ 73.1439724, 28.1556027, 0.0 ], [ 73.1439777, 28.1552995, 0.0 ] ], [ [ 73.1440497, 28.1543691, 0.0 ], [ 73.1440729, 28.1543694, 0.0 ], [ 73.1440676, 28.1546726, 0.0 ], [ 73.1440445, 28.1546723, 0.0 ], [ 73.1440497, 28.1543691, 0.0 ] ], [ [ 73.1439937, 28.1543683, 0.0 ], [ 73.1440169, 28.1543686, 0.0 ], [ 73.1440116, 28.1546719, 0.0 ], [ 73.1439885, 28.1546716, 0.0 ], [ 73.1439937, 28.1543683, 0.0 ] ], [ [ 73.1440443, 28.1546807, 0.0 ], [ 73.1440675, 28.1546811, 0.0 ], [ 73.1440622, 28.1549843, 0.0 ], [ 73.1440391, 28.154984, 0.0 ], [ 73.1440443, 28.1546807, 0.0 ] ], [ [ 73.1439884, 28.15468, 0.0 ], [ 73.1440115, 28.1546803, 0.0 ], [ 73.1440063, 28.1549836, 0.0 ], [ 73.1439831, 28.1549833, 0.0 ], [ 73.1439884, 28.15468, 0.0 ] ], [ [ 73.1440604, 28.1537496, 0.0 ], [ 73.1440835, 28.1537499, 0.0 ], [ 73.1440783, 28.1540532, 0.0 ], [ 73.1440552, 28.1540529, 0.0 ], [ 73.1440604, 28.1537496, 0.0 ] ], [ [ 73.1440044, 28.1537488, 0.0 ], [ 73.1440276, 28.1537491, 0.0 ], [ 73.1440223, 28.1540524, 0.0 ], [ 73.1439992, 28.1540521, 0.0 ], [ 73.1440044, 28.1537488, 0.0 ] ], [ [ 73.144055, 28.1540613, 0.0 ], [ 73.1440782, 28.1540616, 0.0 ], [ 73.1440729, 28.1543649, 0.0 ], [ 73.1440498, 28.1543645, 0.0 ], [ 73.144055, 28.1540613, 0.0 ] ], [ [ 73.143999, 28.1540605, 0.0 ], [ 73.1440222, 28.1540608, 0.0 ], [ 73.1440169, 28.1543641, 0.0 ], [ 73.1439938, 28.1543638, 0.0 ], [ 73.143999, 28.1540605, 0.0 ] ], [ [ 73.1465825, 28.1568818, 0.0 ], [ 73.1466057, 28.1568821, 0.0 ], [ 73.1466004, 28.1571854, 0.0 ], [ 73.1465773, 28.1571851, 0.0 ], [ 73.1465825, 28.1568818, 0.0 ] ], [ [ 73.1465265, 28.156881, 0.0 ], [ 73.1465497, 28.1568814, 0.0 ], [ 73.1465444, 28.1571846, 0.0 ], [ 73.1465213, 28.1571843, 0.0 ], [ 73.1465265, 28.156881, 0.0 ] ], [ [ 73.1465772, 28.1571935, 0.0 ], [ 73.1466003, 28.1571938, 0.0 ], [ 73.1465951, 28.1574971, 0.0 ], [ 73.1465719, 28.1574968, 0.0 ], [ 73.1465772, 28.1571935, 0.0 ] ], [ [ 73.1465212, 28.1571927, 0.0 ], [ 73.1465443, 28.157193, 0.0 ], [ 73.1465391, 28.1574963, 0.0 ], [ 73.1465159, 28.157496, 0.0 ], [ 73.1465212, 28.1571927, 0.0 ] ], [ [ 73.1465932, 28.1562623, 0.0 ], [ 73.1466163, 28.1562626, 0.0 ], [ 73.1466111, 28.1565659, 0.0 ], [ 73.146588, 28.1565656, 0.0 ], [ 73.1465932, 28.1562623, 0.0 ] ], [ [ 73.1465372, 28.1562616, 0.0 ], [ 73.1465603, 28.1562619, 0.0 ], [ 73.1465551, 28.1565652, 0.0 ], [ 73.146532, 28.1565648, 0.0 ], [ 73.1465372, 28.1562616, 0.0 ] ], [ [ 73.1465878, 28.156574, 0.0 ], [ 73.146611, 28.1565743, 0.0 ], [ 73.1466057, 28.1568776, 0.0 ], [ 73.1465826, 28.1568773, 0.0 ], [ 73.1465878, 28.156574, 0.0 ] ], [ [ 73.1465318, 28.1565733, 0.0 ], [ 73.146555, 28.1565736, 0.0 ], [ 73.1465497, 28.1568768, 0.0 ], [ 73.1465266, 28.1568765, 0.0 ], [ 73.1465318, 28.1565733, 0.0 ] ], [ [ 73.1466252, 28.1544039, 0.0 ], [ 73.1466483, 28.1544042, 0.0 ], [ 73.1466431, 28.1547075, 0.0 ], [ 73.14662, 28.1547072, 0.0 ], [ 73.1466252, 28.1544039, 0.0 ] ], [ [ 73.1465692, 28.1544032, 0.0 ], [ 73.1465924, 28.1544035, 0.0 ], [ 73.1465871, 28.1547068, 0.0 ], [ 73.146564, 28.1547064, 0.0 ], [ 73.1465692, 28.1544032, 0.0 ] ], [ [ 73.1466198, 28.1547156, 0.0 ], [ 73.146643, 28.1547159, 0.0 ], [ 73.1466378, 28.1550192, 0.0 ], [ 73.1466146, 28.1550189, 0.0 ], [ 73.1466198, 28.1547156, 0.0 ] ], [ [ 73.1465639, 28.1547149, 0.0 ], [ 73.146587, 28.1547152, 0.0 ], [ 73.1465818, 28.1550184, 0.0 ], [ 73.1465586, 28.1550181, 0.0 ], [ 73.1465639, 28.1547149, 0.0 ] ], [ [ 73.1464705, 28.1568803, 0.0 ], [ 73.1464937, 28.1568806, 0.0 ], [ 73.1464885, 28.1571839, 0.0 ], [ 73.1464653, 28.1571836, 0.0 ], [ 73.1464705, 28.1568803, 0.0 ] ], [ [ 73.1464146, 28.1568795, 0.0 ], [ 73.1464377, 28.1568798, 0.0 ], [ 73.1464325, 28.1571831, 0.0 ], [ 73.1464093, 28.1571828, 0.0 ], [ 73.1464146, 28.1568795, 0.0 ] ], [ [ 73.1464652, 28.157192, 0.0 ], [ 73.1464883, 28.1571923, 0.0 ], [ 73.1464831, 28.1574956, 0.0 ], [ 73.14646, 28.1574952, 0.0 ], [ 73.1464652, 28.157192, 0.0 ] ], [ [ 73.1464092, 28.1571912, 0.0 ], [ 73.1464323, 28.1571915, 0.0 ], [ 73.1464271, 28.1574948, 0.0 ], [ 73.146404, 28.1574945, 0.0 ], [ 73.1464092, 28.1571912, 0.0 ] ], [ [ 73.1464812, 28.1562608, 0.0 ], [ 73.1465043, 28.1562611, 0.0 ], [ 73.1464991, 28.1565644, 0.0 ], [ 73.146476, 28.1565641, 0.0 ], [ 73.1464812, 28.1562608, 0.0 ] ], [ [ 73.1464252, 28.1562601, 0.0 ], [ 73.1464484, 28.1562604, 0.0 ], [ 73.1464431, 28.1565636, 0.0 ], [ 73.14642, 28.1565633, 0.0 ], [ 73.1464252, 28.1562601, 0.0 ] ], [ [ 73.1464758, 28.1565725, 0.0 ], [ 73.146499, 28.1565728, 0.0 ], [ 73.1464938, 28.1568761, 0.0 ], [ 73.1464706, 28.1568758, 0.0 ], [ 73.1464758, 28.1565725, 0.0 ] ], [ [ 73.1464199, 28.1565717, 0.0 ], [ 73.146443, 28.1565721, 0.0 ], [ 73.1464378, 28.1568753, 0.0 ], [ 73.1464146, 28.156875, 0.0 ], [ 73.1464199, 28.1565717, 0.0 ] ], [ [ 73.1464919, 28.1556414, 0.0 ], [ 73.146515, 28.1556417, 0.0 ], [ 73.1465098, 28.1559449, 0.0 ], [ 73.1464867, 28.1559446, 0.0 ], [ 73.1464919, 28.1556414, 0.0 ] ], [ [ 73.1464359, 28.1556406, 0.0 ], [ 73.146459, 28.1556409, 0.0 ], [ 73.1464538, 28.1559442, 0.0 ], [ 73.1464307, 28.1559439, 0.0 ], [ 73.1464359, 28.1556406, 0.0 ] ], [ [ 73.1464865, 28.155953, 0.0 ], [ 73.1465097, 28.1559534, 0.0 ], [ 73.1465044, 28.1562566, 0.0 ], [ 73.1464813, 28.1562563, 0.0 ], [ 73.1464865, 28.155953, 0.0 ] ], [ [ 73.1464305, 28.1559523, 0.0 ], [ 73.1464537, 28.1559526, 0.0 ], [ 73.1464484, 28.1562559, 0.0 ], [ 73.1464253, 28.1562555, 0.0 ], [ 73.1464305, 28.1559523, 0.0 ] ], [ [ 73.1465132, 28.1544024, 0.0 ], [ 73.1465364, 28.1544027, 0.0 ], [ 73.1465311, 28.154706, 0.0 ], [ 73.146508, 28.1547057, 0.0 ], [ 73.1465132, 28.1544024, 0.0 ] ], [ [ 73.1464572, 28.1544017, 0.0 ], [ 73.1464804, 28.154402, 0.0 ], [ 73.1464752, 28.1547052, 0.0 ], [ 73.146452, 28.1547049, 0.0 ], [ 73.1464572, 28.1544017, 0.0 ] ], [ [ 73.1465079, 28.1547141, 0.0 ], [ 73.146531, 28.1547144, 0.0 ], [ 73.1465258, 28.1550177, 0.0 ], [ 73.1465026, 28.1550174, 0.0 ], [ 73.1465079, 28.1547141, 0.0 ] ], [ [ 73.1464519, 28.1547133, 0.0 ], [ 73.146475, 28.1547137, 0.0 ], [ 73.1464698, 28.1550169, 0.0 ], [ 73.1464467, 28.1550166, 0.0 ], [ 73.1464519, 28.1547133, 0.0 ] ], [ [ 73.1463586, 28.1568788, 0.0 ], [ 73.1463817, 28.1568791, 0.0 ], [ 73.1463765, 28.1571823, 0.0 ], [ 73.1463533, 28.157182, 0.0 ], [ 73.1463586, 28.1568788, 0.0 ] ], [ [ 73.1463026, 28.156878, 0.0 ], [ 73.1463257, 28.1568783, 0.0 ], [ 73.1463205, 28.1571816, 0.0 ], [ 73.1462973, 28.1571813, 0.0 ], [ 73.1463026, 28.156878, 0.0 ] ], [ [ 73.1463532, 28.1571905, 0.0 ], [ 73.1463763, 28.1571908, 0.0 ], [ 73.1463711, 28.157494, 0.0 ], [ 73.146348, 28.1574937, 0.0 ], [ 73.1463532, 28.1571905, 0.0 ] ], [ [ 73.1462972, 28.1571897, 0.0 ], [ 73.1463203, 28.15719, 0.0 ], [ 73.1463151, 28.1574933, 0.0 ], [ 73.146292, 28.157493, 0.0 ], [ 73.1462972, 28.1571897, 0.0 ] ], [ [ 73.1463692, 28.1562593, 0.0 ], [ 73.1463924, 28.1562596, 0.0 ], [ 73.1463871, 28.1565629, 0.0 ], [ 73.146364, 28.1565626, 0.0 ], [ 73.1463692, 28.1562593, 0.0 ] ], [ [ 73.1463133, 28.1562585, 0.0 ], [ 73.1463364, 28.1562589, 0.0 ], [ 73.1463312, 28.1565621, 0.0 ], [ 73.146308, 28.1565618, 0.0 ], [ 73.1463133, 28.1562585, 0.0 ] ], [ [ 73.1463639, 28.156571, 0.0 ], [ 73.146387, 28.1565713, 0.0 ], [ 73.1463818, 28.1568746, 0.0 ], [ 73.1463586, 28.1568743, 0.0 ], [ 73.1463639, 28.156571, 0.0 ] ], [ [ 73.1463079, 28.1565702, 0.0 ], [ 73.146331, 28.1565705, 0.0 ], [ 73.1463258, 28.1568738, 0.0 ], [ 73.1463027, 28.1568735, 0.0 ], [ 73.1463079, 28.1565702, 0.0 ] ], [ [ 73.1463799, 28.1556398, 0.0 ], [ 73.146403, 28.1556401, 0.0 ], [ 73.1463978, 28.1559434, 0.0 ], [ 73.1463747, 28.1559431, 0.0 ], [ 73.1463799, 28.1556398, 0.0 ] ], [ [ 73.1463239, 28.1556391, 0.0 ], [ 73.1463471, 28.1556394, 0.0 ], [ 73.1463418, 28.1559427, 0.0 ], [ 73.1463187, 28.1559423, 0.0 ], [ 73.1463239, 28.1556391, 0.0 ] ], [ [ 73.1463745, 28.1559515, 0.0 ], [ 73.1463977, 28.1559518, 0.0 ], [ 73.1463924, 28.1562551, 0.0 ], [ 73.1463693, 28.1562548, 0.0 ], [ 73.1463745, 28.1559515, 0.0 ] ], [ [ 73.1463186, 28.1559508, 0.0 ], [ 73.1463417, 28.1559511, 0.0 ], [ 73.1463365, 28.1562543, 0.0 ], [ 73.1463133, 28.156254, 0.0 ], [ 73.1463186, 28.1559508, 0.0 ] ], [ [ 73.1463906, 28.1550204, 0.0 ], [ 73.1464137, 28.1550207, 0.0 ], [ 73.1464085, 28.155324, 0.0 ], [ 73.1463854, 28.1553236, 0.0 ], [ 73.1463906, 28.1550204, 0.0 ] ], [ [ 73.1463346, 28.1550196, 0.0 ], [ 73.1463577, 28.1550199, 0.0 ], [ 73.1463525, 28.1553232, 0.0 ], [ 73.1463294, 28.1553229, 0.0 ], [ 73.1463346, 28.1550196, 0.0 ] ], [ [ 73.1463852, 28.1553321, 0.0 ], [ 73.1464083, 28.1553324, 0.0 ], [ 73.1464031, 28.1556356, 0.0 ], [ 73.14638, 28.1556353, 0.0 ], [ 73.1463852, 28.1553321, 0.0 ] ], [ [ 73.1463292, 28.1553313, 0.0 ], [ 73.1463524, 28.1553316, 0.0 ], [ 73.1463471, 28.1556349, 0.0 ], [ 73.146324, 28.1556346, 0.0 ], [ 73.1463292, 28.1553313, 0.0 ] ], [ [ 73.1464013, 28.1544009, 0.0 ], [ 73.1464244, 28.1544012, 0.0 ], [ 73.1464192, 28.1547045, 0.0 ], [ 73.146396, 28.1547042, 0.0 ], [ 73.1464013, 28.1544009, 0.0 ] ], [ [ 73.1463453, 28.1544001, 0.0 ], [ 73.1463684, 28.1544005, 0.0 ], [ 73.1463632, 28.1547037, 0.0 ], [ 73.14634, 28.1547034, 0.0 ], [ 73.1463453, 28.1544001, 0.0 ] ], [ [ 73.1463959, 28.1547126, 0.0 ], [ 73.146419, 28.1547129, 0.0 ], [ 73.1464138, 28.1550162, 0.0 ], [ 73.1463907, 28.1550159, 0.0 ], [ 73.1463959, 28.1547126, 0.0 ] ], [ [ 73.1463399, 28.1547118, 0.0 ], [ 73.146363, 28.1547121, 0.0 ], [ 73.1463578, 28.1550154, 0.0 ], [ 73.1463347, 28.1550151, 0.0 ], [ 73.1463399, 28.1547118, 0.0 ] ], [ [ 73.1462466, 28.1568773, 0.0 ], [ 73.1462697, 28.1568776, 0.0 ], [ 73.1462645, 28.1571808, 0.0 ], [ 73.1462414, 28.1571805, 0.0 ], [ 73.1462466, 28.1568773, 0.0 ] ], [ [ 73.1461906, 28.1568765, 0.0 ], [ 73.1462137, 28.1568768, 0.0 ], [ 73.1462085, 28.1571801, 0.0 ], [ 73.1461854, 28.1571798, 0.0 ], [ 73.1461906, 28.1568765, 0.0 ] ], [ [ 73.1462412, 28.1571889, 0.0 ], [ 73.1462643, 28.1571893, 0.0 ], [ 73.1462591, 28.1574925, 0.0 ], [ 73.146236, 28.1574922, 0.0 ], [ 73.1462412, 28.1571889, 0.0 ] ], [ [ 73.1461852, 28.1571882, 0.0 ], [ 73.1462084, 28.1571885, 0.0 ], [ 73.1462031, 28.1574918, 0.0 ], [ 73.14618, 28.1574914, 0.0 ], [ 73.1461852, 28.1571882, 0.0 ] ], [ [ 73.1462573, 28.1562578, 0.0 ], [ 73.1462804, 28.1562581, 0.0 ], [ 73.1462752, 28.1565614, 0.0 ], [ 73.146252, 28.1565611, 0.0 ], [ 73.1462573, 28.1562578, 0.0 ] ], [ [ 73.1462013, 28.156257, 0.0 ], [ 73.1462244, 28.1562573, 0.0 ], [ 73.1462192, 28.1565606, 0.0 ], [ 73.146196, 28.1565603, 0.0 ], [ 73.1462013, 28.156257, 0.0 ] ], [ [ 73.1462519, 28.1565695, 0.0 ], [ 73.146275, 28.1565698, 0.0 ], [ 73.1462698, 28.1568731, 0.0 ], [ 73.1462467, 28.1568727, 0.0 ], [ 73.1462519, 28.1565695, 0.0 ] ], [ [ 73.1461959, 28.1565687, 0.0 ], [ 73.146219, 28.156569, 0.0 ], [ 73.1462138, 28.1568723, 0.0 ], [ 73.1461907, 28.156872, 0.0 ], [ 73.1461959, 28.1565687, 0.0 ] ], [ [ 73.1462679, 28.1556383, 0.0 ], [ 73.1462911, 28.1556386, 0.0 ], [ 73.1462858, 28.1559419, 0.0 ], [ 73.1462627, 28.1559416, 0.0 ], [ 73.1462679, 28.1556383, 0.0 ] ], [ [ 73.1462119, 28.1556376, 0.0 ], [ 73.1462351, 28.1556379, 0.0 ], [ 73.1462298, 28.1559411, 0.0 ], [ 73.1462067, 28.1559408, 0.0 ], [ 73.1462119, 28.1556376, 0.0 ] ], [ [ 73.1462626, 28.15595, 0.0 ], [ 73.1462857, 28.1559503, 0.0 ], [ 73.1462805, 28.1562536, 0.0 ], [ 73.1462573, 28.1562533, 0.0 ], [ 73.1462626, 28.15595, 0.0 ] ], [ [ 73.1462066, 28.1559492, 0.0 ], [ 73.1462297, 28.1559496, 0.0 ], [ 73.1462245, 28.1562528, 0.0 ], [ 73.1462013, 28.1562525, 0.0 ], [ 73.1462066, 28.1559492, 0.0 ] ], [ [ 73.1462786, 28.1550189, 0.0 ], [ 73.1463017, 28.1550192, 0.0 ], [ 73.1462965, 28.1553224, 0.0 ], [ 73.1462734, 28.1553221, 0.0 ], [ 73.1462786, 28.1550189, 0.0 ] ], [ [ 73.1462226, 28.1550181, 0.0 ], [ 73.1462457, 28.1550184, 0.0 ], [ 73.1462405, 28.1553217, 0.0 ], [ 73.1462174, 28.1553214, 0.0 ], [ 73.1462226, 28.1550181, 0.0 ] ], [ [ 73.1462732, 28.1553305, 0.0 ], [ 73.1462964, 28.1553309, 0.0 ], [ 73.1462911, 28.1556341, 0.0 ], [ 73.146268, 28.1556338, 0.0 ], [ 73.1462732, 28.1553305, 0.0 ] ], [ [ 73.1462172, 28.1553298, 0.0 ], [ 73.1462404, 28.1553301, 0.0 ], [ 73.1462352, 28.1556334, 0.0 ], [ 73.146212, 28.1556331, 0.0 ], [ 73.1462172, 28.1553298, 0.0 ] ], [ [ 73.1462893, 28.1543994, 0.0 ], [ 73.1463124, 28.1543997, 0.0 ], [ 73.1463072, 28.154703, 0.0 ], [ 73.1462841, 28.1547027, 0.0 ], [ 73.1462893, 28.1543994, 0.0 ] ], [ [ 73.1462333, 28.1543986, 0.0 ], [ 73.1462564, 28.1543989, 0.0 ], [ 73.1462512, 28.1547022, 0.0 ], [ 73.1462281, 28.1547019, 0.0 ], [ 73.1462333, 28.1543986, 0.0 ] ], [ [ 73.1462839, 28.1547111, 0.0 ], [ 73.146307, 28.1547114, 0.0 ], [ 73.1463018, 28.1550147, 0.0 ], [ 73.1462787, 28.1550143, 0.0 ], [ 73.1462839, 28.1547111, 0.0 ] ], [ [ 73.1462279, 28.1547103, 0.0 ], [ 73.1462511, 28.1547106, 0.0 ], [ 73.1462458, 28.1550139, 0.0 ], [ 73.1462227, 28.1550136, 0.0 ], [ 73.1462279, 28.1547103, 0.0 ] ], [ [ 73.1461346, 28.1568757, 0.0 ], [ 73.1461577, 28.156876, 0.0 ], [ 73.1461525, 28.1571793, 0.0 ], [ 73.1461294, 28.157179, 0.0 ], [ 73.1461346, 28.1568757, 0.0 ] ], [ [ 73.1460786, 28.156875, 0.0 ], [ 73.1461017, 28.1568753, 0.0 ], [ 73.1460965, 28.1571786, 0.0 ], [ 73.1460734, 28.1571782, 0.0 ], [ 73.1460786, 28.156875, 0.0 ] ], [ [ 73.1461292, 28.1571874, 0.0 ], [ 73.1461524, 28.1571877, 0.0 ], [ 73.1461471, 28.157491, 0.0 ], [ 73.146124, 28.1574907, 0.0 ], [ 73.1461292, 28.1571874, 0.0 ] ], [ [ 73.1460732, 28.1571867, 0.0 ], [ 73.1460964, 28.157187, 0.0 ], [ 73.1460911, 28.1574902, 0.0 ], [ 73.146068, 28.1574899, 0.0 ], [ 73.1460732, 28.1571867, 0.0 ] ], [ [ 73.1461453, 28.1562563, 0.0 ], [ 73.1461684, 28.1562566, 0.0 ], [ 73.1461632, 28.1565599, 0.0 ], [ 73.1461401, 28.1565595, 0.0 ], [ 73.1461453, 28.1562563, 0.0 ] ], [ [ 73.1460893, 28.1562555, 0.0 ], [ 73.1461124, 28.1562558, 0.0 ], [ 73.1461072, 28.1565591, 0.0 ], [ 73.1460841, 28.1565588, 0.0 ], [ 73.1460893, 28.1562555, 0.0 ] ], [ [ 73.1461399, 28.156568, 0.0 ], [ 73.146163, 28.1565683, 0.0 ], [ 73.1461578, 28.1568715, 0.0 ], [ 73.1461347, 28.1568712, 0.0 ], [ 73.1461399, 28.156568, 0.0 ] ], [ [ 73.1460839, 28.1565672, 0.0 ], [ 73.146107, 28.1565675, 0.0 ], [ 73.1461018, 28.1568708, 0.0 ], [ 73.1460787, 28.1568705, 0.0 ], [ 73.1460839, 28.1565672, 0.0 ] ], [ [ 73.146156, 28.1556368, 0.0 ], [ 73.1461791, 28.1556371, 0.0 ], [ 73.1461739, 28.1559404, 0.0 ], [ 73.1461507, 28.1559401, 0.0 ], [ 73.146156, 28.1556368, 0.0 ] ], [ [ 73.1461, 28.155636, 0.0 ], [ 73.1461231, 28.1556364, 0.0 ], [ 73.1461179, 28.1559396, 0.0 ], [ 73.1460947, 28.1559393, 0.0 ], [ 73.1461, 28.155636, 0.0 ] ], [ [ 73.1461506, 28.1559485, 0.0 ], [ 73.1461737, 28.1559488, 0.0 ], [ 73.1461685, 28.1562521, 0.0 ], [ 73.1461454, 28.1562518, 0.0 ], [ 73.1461506, 28.1559485, 0.0 ] ], [ [ 73.1460946, 28.1559477, 0.0 ], [ 73.1461177, 28.155948, 0.0 ], [ 73.1461125, 28.1562513, 0.0 ], [ 73.1460894, 28.156251, 0.0 ], [ 73.1460946, 28.1559477, 0.0 ] ], [ [ 73.1461666, 28.1550173, 0.0 ], [ 73.1461898, 28.1550177, 0.0 ], [ 73.1461845, 28.1553209, 0.0 ], [ 73.1461614, 28.1553206, 0.0 ], [ 73.1461666, 28.1550173, 0.0 ] ], [ [ 73.1461106, 28.1550166, 0.0 ], [ 73.1461338, 28.1550169, 0.0 ], [ 73.1461285, 28.1553202, 0.0 ], [ 73.1461054, 28.1553199, 0.0 ], [ 73.1461106, 28.1550166, 0.0 ] ], [ [ 73.1461613, 28.155329, 0.0 ], [ 73.1461844, 28.1553293, 0.0 ], [ 73.1461792, 28.1556326, 0.0 ], [ 73.146156, 28.1556323, 0.0 ], [ 73.1461613, 28.155329, 0.0 ] ], [ [ 73.1461053, 28.1553283, 0.0 ], [ 73.1461284, 28.1553286, 0.0 ], [ 73.1461232, 28.1556318, 0.0 ], [ 73.1461, 28.1556315, 0.0 ], [ 73.1461053, 28.1553283, 0.0 ] ], [ [ 73.1461773, 28.1543979, 0.0 ], [ 73.1462004, 28.1543982, 0.0 ], [ 73.1461952, 28.1547015, 0.0 ], [ 73.1461721, 28.1547011, 0.0 ], [ 73.1461773, 28.1543979, 0.0 ] ], [ [ 73.1461213, 28.1543971, 0.0 ], [ 73.1461444, 28.1543974, 0.0 ], [ 73.1461392, 28.1547007, 0.0 ], [ 73.1461161, 28.1547004, 0.0 ], [ 73.1461213, 28.1543971, 0.0 ] ], [ [ 73.1461719, 28.1547096, 0.0 ], [ 73.1461951, 28.1547099, 0.0 ], [ 73.1461898, 28.1550131, 0.0 ], [ 73.1461667, 28.1550128, 0.0 ], [ 73.1461719, 28.1547096, 0.0 ] ], [ [ 73.1461159, 28.1547088, 0.0 ], [ 73.1461391, 28.1547091, 0.0 ], [ 73.1461338, 28.1550124, 0.0 ], [ 73.1461107, 28.1550121, 0.0 ], [ 73.1461159, 28.1547088, 0.0 ] ], [ [ 73.146188, 28.1537784, 0.0 ], [ 73.1462111, 28.1537787, 0.0 ], [ 73.1462059, 28.154082, 0.0 ], [ 73.1461828, 28.1540817, 0.0 ], [ 73.146188, 28.1537784, 0.0 ] ], [ [ 73.146132, 28.1537777, 0.0 ], [ 73.1461551, 28.153778, 0.0 ], [ 73.1461499, 28.1540812, 0.0 ], [ 73.1461268, 28.1540809, 0.0 ], [ 73.146132, 28.1537777, 0.0 ] ], [ [ 73.1461826, 28.1540901, 0.0 ], [ 73.1462057, 28.1540904, 0.0 ], [ 73.1462005, 28.1543937, 0.0 ], [ 73.1461774, 28.1543934, 0.0 ], [ 73.1461826, 28.1540901, 0.0 ] ], [ [ 73.1461266, 28.1540893, 0.0 ], [ 73.1461497, 28.1540896, 0.0 ], [ 73.1461445, 28.1543929, 0.0 ], [ 73.1461214, 28.1543926, 0.0 ], [ 73.1461266, 28.1540893, 0.0 ] ], [ [ 73.1460226, 28.1568742, 0.0 ], [ 73.1460458, 28.1568745, 0.0 ], [ 73.1460405, 28.1571778, 0.0 ], [ 73.1460174, 28.1571775, 0.0 ], [ 73.1460226, 28.1568742, 0.0 ] ], [ [ 73.1459666, 28.1568735, 0.0 ], [ 73.1459898, 28.1568738, 0.0 ], [ 73.1459845, 28.157177, 0.0 ], [ 73.1459614, 28.1571767, 0.0 ], [ 73.1459666, 28.1568735, 0.0 ] ], [ [ 73.1460173, 28.1571859, 0.0 ], [ 73.1460404, 28.1571862, 0.0 ], [ 73.1460352, 28.1574895, 0.0 ], [ 73.146012, 28.1574892, 0.0 ], [ 73.1460173, 28.1571859, 0.0 ] ], [ [ 73.1459613, 28.1571851, 0.0 ], [ 73.1459844, 28.1571855, 0.0 ], [ 73.1459792, 28.1574887, 0.0 ], [ 73.145956, 28.1574884, 0.0 ], [ 73.1459613, 28.1571851, 0.0 ] ], [ [ 73.1460333, 28.1562548, 0.0 ], [ 73.1460564, 28.1562551, 0.0 ], [ 73.1460512, 28.1565583, 0.0 ], [ 73.1460281, 28.156558, 0.0 ], [ 73.1460333, 28.1562548, 0.0 ] ], [ [ 73.1459773, 28.156254, 0.0 ], [ 73.1460004, 28.1562543, 0.0 ], [ 73.1459952, 28.1565576, 0.0 ], [ 73.1459721, 28.1565573, 0.0 ], [ 73.1459773, 28.156254, 0.0 ] ], [ [ 73.1460279, 28.1565664, 0.0 ], [ 73.1460511, 28.1565668, 0.0 ], [ 73.1460458, 28.15687, 0.0 ], [ 73.1460227, 28.1568697, 0.0 ], [ 73.1460279, 28.1565664, 0.0 ] ], [ [ 73.1459719, 28.1565657, 0.0 ], [ 73.1459951, 28.156566, 0.0 ], [ 73.1459898, 28.1568693, 0.0 ], [ 73.1459667, 28.156869, 0.0 ], [ 73.1459719, 28.1565657, 0.0 ] ], [ [ 73.146044, 28.1556353, 0.0 ], [ 73.1460671, 28.1556356, 0.0 ], [ 73.1460619, 28.1559389, 0.0 ], [ 73.1460387, 28.1559386, 0.0 ], [ 73.146044, 28.1556353, 0.0 ] ], [ [ 73.145988, 28.1556345, 0.0 ], [ 73.1460111, 28.1556348, 0.0 ], [ 73.1460059, 28.1559381, 0.0 ], [ 73.1459828, 28.1559378, 0.0 ], [ 73.145988, 28.1556345, 0.0 ] ], [ [ 73.1460386, 28.155947, 0.0 ], [ 73.1460617, 28.1559473, 0.0 ], [ 73.1460565, 28.1562506, 0.0 ], [ 73.1460334, 28.1562502, 0.0 ], [ 73.1460386, 28.155947, 0.0 ] ], [ [ 73.1459826, 28.1559462, 0.0 ], [ 73.1460057, 28.1559465, 0.0 ], [ 73.1460005, 28.1562498, 0.0 ], [ 73.1459774, 28.1562495, 0.0 ], [ 73.1459826, 28.1559462, 0.0 ] ], [ [ 73.1460547, 28.1550158, 0.0 ], [ 73.1460778, 28.1550161, 0.0 ], [ 73.1460726, 28.1553194, 0.0 ], [ 73.1460494, 28.1553191, 0.0 ], [ 73.1460547, 28.1550158, 0.0 ] ], [ [ 73.1459987, 28.1550151, 0.0 ], [ 73.1460218, 28.1550154, 0.0 ], [ 73.1460166, 28.1553186, 0.0 ], [ 73.1459934, 28.1553183, 0.0 ], [ 73.1459987, 28.1550151, 0.0 ] ], [ [ 73.1460493, 28.1553275, 0.0 ], [ 73.1460724, 28.1553278, 0.0 ], [ 73.1460672, 28.1556311, 0.0 ], [ 73.1460441, 28.1556308, 0.0 ], [ 73.1460493, 28.1553275, 0.0 ] ], [ [ 73.1459933, 28.1553268, 0.0 ], [ 73.1460164, 28.1553271, 0.0 ], [ 73.1460112, 28.1556303, 0.0 ], [ 73.1459881, 28.15563, 0.0 ], [ 73.1459933, 28.1553268, 0.0 ] ], [ [ 73.1460653, 28.1543964, 0.0 ], [ 73.1460885, 28.1543967, 0.0 ], [ 73.1460832, 28.1546999, 0.0 ], [ 73.1460601, 28.1546996, 0.0 ], [ 73.1460653, 28.1543964, 0.0 ] ], [ [ 73.1460093, 28.1543956, 0.0 ], [ 73.1460325, 28.1543959, 0.0 ], [ 73.1460272, 28.1546992, 0.0 ], [ 73.1460041, 28.1546989, 0.0 ], [ 73.1460093, 28.1543956, 0.0 ] ], [ [ 73.14606, 28.154708, 0.0 ], [ 73.1460831, 28.1547084, 0.0 ], [ 73.1460779, 28.1550116, 0.0 ], [ 73.1460547, 28.1550113, 0.0 ], [ 73.14606, 28.154708, 0.0 ] ], [ [ 73.146004, 28.1547073, 0.0 ], [ 73.1460271, 28.1547076, 0.0 ], [ 73.1460219, 28.1550109, 0.0 ], [ 73.1459987, 28.1550106, 0.0 ], [ 73.146004, 28.1547073, 0.0 ] ], [ [ 73.146076, 28.1537769, 0.0 ], [ 73.1460991, 28.1537772, 0.0 ], [ 73.1460939, 28.1540805, 0.0 ], [ 73.1460708, 28.1540802, 0.0 ], [ 73.146076, 28.1537769, 0.0 ] ], [ [ 73.14602, 28.1537761, 0.0 ], [ 73.1460431, 28.1537764, 0.0 ], [ 73.1460379, 28.1540797, 0.0 ], [ 73.1460148, 28.1540794, 0.0 ], [ 73.14602, 28.1537761, 0.0 ] ], [ [ 73.1460706, 28.1540886, 0.0 ], [ 73.1460938, 28.1540889, 0.0 ], [ 73.1460885, 28.1543922, 0.0 ], [ 73.1460654, 28.1543918, 0.0 ], [ 73.1460706, 28.1540886, 0.0 ] ], [ [ 73.1460146, 28.1540878, 0.0 ], [ 73.1460378, 28.1540881, 0.0 ], [ 73.1460325, 28.1543914, 0.0 ], [ 73.1460094, 28.1543911, 0.0 ], [ 73.1460146, 28.1540878, 0.0 ] ], [ [ 73.1459106, 28.1568727, 0.0 ], [ 73.1459338, 28.156873, 0.0 ], [ 73.1459285, 28.1571763, 0.0 ], [ 73.1459054, 28.157176, 0.0 ], [ 73.1459106, 28.1568727, 0.0 ] ], [ [ 73.1458547, 28.1568719, 0.0 ], [ 73.1458778, 28.1568723, 0.0 ], [ 73.1458726, 28.1571755, 0.0 ], [ 73.1458494, 28.1571752, 0.0 ], [ 73.1458547, 28.1568719, 0.0 ] ], [ [ 73.1459053, 28.1571844, 0.0 ], [ 73.1459284, 28.1571847, 0.0 ], [ 73.1459232, 28.157488, 0.0 ], [ 73.1459, 28.1574877, 0.0 ], [ 73.1459053, 28.1571844, 0.0 ] ], [ [ 73.1458493, 28.1571836, 0.0 ], [ 73.1458724, 28.1571839, 0.0 ], [ 73.1458672, 28.1574872, 0.0 ], [ 73.1458441, 28.1574869, 0.0 ], [ 73.1458493, 28.1571836, 0.0 ] ], [ [ 73.1459213, 28.1562532, 0.0 ], [ 73.1459444, 28.1562536, 0.0 ], [ 73.1459392, 28.1565568, 0.0 ], [ 73.1459161, 28.1565565, 0.0 ], [ 73.1459213, 28.1562532, 0.0 ] ], [ [ 73.1458653, 28.1562525, 0.0 ], [ 73.1458885, 28.1562528, 0.0 ], [ 73.1458832, 28.1565561, 0.0 ], [ 73.1458601, 28.1565557, 0.0 ], [ 73.1458653, 28.1562525, 0.0 ] ], [ [ 73.1459159, 28.1565649, 0.0 ], [ 73.1459391, 28.1565652, 0.0 ], [ 73.1459339, 28.1568685, 0.0 ], [ 73.1459107, 28.1568682, 0.0 ], [ 73.1459159, 28.1565649, 0.0 ] ], [ [ 73.14586, 28.1565642, 0.0 ], [ 73.1458831, 28.1565645, 0.0 ], [ 73.1458779, 28.1568677, 0.0 ], [ 73.1458547, 28.1568674, 0.0 ], [ 73.14586, 28.1565642, 0.0 ] ], [ [ 73.145932, 28.1556338, 0.0 ], [ 73.1459551, 28.1556341, 0.0 ], [ 73.1459499, 28.1559374, 0.0 ], [ 73.1459268, 28.155937, 0.0 ], [ 73.145932, 28.1556338, 0.0 ] ], [ [ 73.145876, 28.155633, 0.0 ], [ 73.1458991, 28.1556333, 0.0 ], [ 73.1458939, 28.1559366, 0.0 ], [ 73.1458708, 28.1559363, 0.0 ], [ 73.145876, 28.155633, 0.0 ] ], [ [ 73.1459266, 28.1559455, 0.0 ], [ 73.1459498, 28.1559458, 0.0 ], [ 73.1459445, 28.156249, 0.0 ], [ 73.1459214, 28.1562487, 0.0 ], [ 73.1459266, 28.1559455, 0.0 ] ], [ [ 73.1458706, 28.1559447, 0.0 ], [ 73.1458938, 28.155945, 0.0 ], [ 73.1458885, 28.1562483, 0.0 ], [ 73.1458654, 28.156248, 0.0 ], [ 73.1458706, 28.1559447, 0.0 ] ], [ [ 73.1459427, 28.1550143, 0.0 ], [ 73.1459658, 28.1550146, 0.0 ], [ 73.1459606, 28.1553179, 0.0 ], [ 73.1459374, 28.1553176, 0.0 ], [ 73.1459427, 28.1550143, 0.0 ] ], [ [ 73.1458867, 28.1550136, 0.0 ], [ 73.1459098, 28.1550139, 0.0 ], [ 73.1459046, 28.1553171, 0.0 ], [ 73.1458815, 28.1553168, 0.0 ], [ 73.1458867, 28.1550136, 0.0 ] ], [ [ 73.1459373, 28.155326, 0.0 ], [ 73.1459604, 28.1553263, 0.0 ], [ 73.1459552, 28.1556296, 0.0 ], [ 73.1459321, 28.1556293, 0.0 ], [ 73.1459373, 28.155326, 0.0 ] ], [ [ 73.1458813, 28.1553252, 0.0 ], [ 73.1459044, 28.1553255, 0.0 ], [ 73.1458992, 28.1556288, 0.0 ], [ 73.1458761, 28.1556285, 0.0 ], [ 73.1458813, 28.1553252, 0.0 ] ], [ [ 73.1459533, 28.1543948, 0.0 ], [ 73.1459765, 28.1543952, 0.0 ], [ 73.1459713, 28.1546984, 0.0 ], [ 73.1459481, 28.1546981, 0.0 ], [ 73.1459533, 28.1543948, 0.0 ] ], [ [ 73.1458974, 28.1543941, 0.0 ], [ 73.1459205, 28.1543944, 0.0 ], [ 73.1459153, 28.1546977, 0.0 ], [ 73.1458921, 28.1546974, 0.0 ], [ 73.1458974, 28.1543941, 0.0 ] ], [ [ 73.145948, 28.1547065, 0.0 ], [ 73.1459711, 28.1547068, 0.0 ], [ 73.1459659, 28.1550101, 0.0 ], [ 73.1459428, 28.1550098, 0.0 ], [ 73.145948, 28.1547065, 0.0 ] ], [ [ 73.145892, 28.1547058, 0.0 ], [ 73.1459151, 28.1547061, 0.0 ], [ 73.1459099, 28.1550094, 0.0 ], [ 73.1458868, 28.155009, 0.0 ], [ 73.145892, 28.1547058, 0.0 ] ], [ [ 73.145964, 28.1537754, 0.0 ], [ 73.1459872, 28.1537757, 0.0 ], [ 73.1459819, 28.154079, 0.0 ], [ 73.1459588, 28.1540786, 0.0 ], [ 73.145964, 28.1537754, 0.0 ] ], [ [ 73.145908, 28.1537746, 0.0 ], [ 73.1459312, 28.1537749, 0.0 ], [ 73.1459259, 28.1540782, 0.0 ], [ 73.1459028, 28.1540779, 0.0 ], [ 73.145908, 28.1537746, 0.0 ] ], [ [ 73.1459587, 28.1540871, 0.0 ], [ 73.1459818, 28.1540874, 0.0 ], [ 73.1459766, 28.1543906, 0.0 ], [ 73.1459534, 28.1543903, 0.0 ], [ 73.1459587, 28.1540871, 0.0 ] ], [ [ 73.1459027, 28.1540863, 0.0 ], [ 73.1459258, 28.1540866, 0.0 ], [ 73.1459206, 28.1543899, 0.0 ], [ 73.1458974, 28.1543896, 0.0 ], [ 73.1459027, 28.1540863, 0.0 ] ], [ [ 73.1457987, 28.1568712, 0.0 ], [ 73.1458218, 28.1568715, 0.0 ], [ 73.1458166, 28.1571748, 0.0 ], [ 73.1457934, 28.1571745, 0.0 ], [ 73.1457987, 28.1568712, 0.0 ] ], [ [ 73.1457427, 28.1568704, 0.0 ], [ 73.1457658, 28.1568707, 0.0 ], [ 73.1457606, 28.157174, 0.0 ], [ 73.1457374, 28.1571737, 0.0 ], [ 73.1457427, 28.1568704, 0.0 ] ], [ [ 73.1457933, 28.1571829, 0.0 ], [ 73.1458164, 28.1571832, 0.0 ], [ 73.1458112, 28.1574865, 0.0 ], [ 73.1457881, 28.1574861, 0.0 ], [ 73.1457933, 28.1571829, 0.0 ] ], [ [ 73.1457373, 28.1571821, 0.0 ], [ 73.1457604, 28.1571824, 0.0 ], [ 73.1457552, 28.1574857, 0.0 ], [ 73.1457321, 28.1574854, 0.0 ], [ 73.1457373, 28.1571821, 0.0 ] ], [ [ 73.1458093, 28.1562517, 0.0 ], [ 73.1458325, 28.156252, 0.0 ], [ 73.1458272, 28.1565553, 0.0 ], [ 73.1458041, 28.156555, 0.0 ], [ 73.1458093, 28.1562517, 0.0 ] ], [ [ 73.1457534, 28.156251, 0.0 ], [ 73.1457765, 28.1562513, 0.0 ], [ 73.1457713, 28.1565545, 0.0 ], [ 73.1457481, 28.1565542, 0.0 ], [ 73.1457534, 28.156251, 0.0 ] ], [ [ 73.145804, 28.1565634, 0.0 ], [ 73.1458271, 28.1565637, 0.0 ], [ 73.1458219, 28.156867, 0.0 ], [ 73.1457987, 28.1568667, 0.0 ], [ 73.145804, 28.1565634, 0.0 ] ], [ [ 73.145748, 28.1565627, 0.0 ], [ 73.1457711, 28.156563, 0.0 ], [ 73.1457659, 28.1568662, 0.0 ], [ 73.1457428, 28.1568659, 0.0 ], [ 73.145748, 28.1565627, 0.0 ] ], [ [ 73.14582, 28.1556323, 0.0 ], [ 73.1458431, 28.1556326, 0.0 ], [ 73.1458379, 28.1559358, 0.0 ], [ 73.1458148, 28.1559355, 0.0 ], [ 73.14582, 28.1556323, 0.0 ] ], [ [ 73.145764, 28.1556315, 0.0 ], [ 73.1457872, 28.1556318, 0.0 ], [ 73.1457819, 28.1559351, 0.0 ], [ 73.1457588, 28.1559348, 0.0 ], [ 73.145764, 28.1556315, 0.0 ] ], [ [ 73.1458146, 28.1559439, 0.0 ], [ 73.1458378, 28.1559443, 0.0 ], [ 73.1458325, 28.1562475, 0.0 ], [ 73.1458094, 28.1562472, 0.0 ], [ 73.1458146, 28.1559439, 0.0 ] ], [ [ 73.1457587, 28.1559432, 0.0 ], [ 73.1457818, 28.1559435, 0.0 ], [ 73.1457766, 28.1562468, 0.0 ], [ 73.1457534, 28.1562465, 0.0 ], [ 73.1457587, 28.1559432, 0.0 ] ], [ [ 73.1458307, 28.1550128, 0.0 ], [ 73.1458538, 28.1550131, 0.0 ], [ 73.1458486, 28.1553164, 0.0 ], [ 73.1458255, 28.1553161, 0.0 ], [ 73.1458307, 28.1550128, 0.0 ] ], [ [ 73.1457747, 28.155012, 0.0 ], [ 73.1457978, 28.1550123, 0.0 ], [ 73.1457926, 28.1553156, 0.0 ], [ 73.1457695, 28.1553153, 0.0 ], [ 73.1457747, 28.155012, 0.0 ] ], [ [ 73.1458253, 28.1553245, 0.0 ], [ 73.1458485, 28.1553248, 0.0 ], [ 73.1458432, 28.1556281, 0.0 ], [ 73.1458201, 28.1556277, 0.0 ], [ 73.1458253, 28.1553245, 0.0 ] ], [ [ 73.1457693, 28.1553237, 0.0 ], [ 73.1457925, 28.155324, 0.0 ], [ 73.1457872, 28.1556273, 0.0 ], [ 73.1457641, 28.155627, 0.0 ], [ 73.1457693, 28.1553237, 0.0 ] ], [ [ 73.1458414, 28.1543933, 0.0 ], [ 73.1458645, 28.1543936, 0.0 ], [ 73.1458593, 28.1546969, 0.0 ], [ 73.1458361, 28.1546966, 0.0 ], [ 73.1458414, 28.1543933, 0.0 ] ], [ [ 73.1457854, 28.1543926, 0.0 ], [ 73.1458085, 28.1543929, 0.0 ], [ 73.1458033, 28.1546962, 0.0 ], [ 73.1457802, 28.1546958, 0.0 ], [ 73.1457854, 28.1543926, 0.0 ] ], [ [ 73.145836, 28.154705, 0.0 ], [ 73.1458591, 28.1547053, 0.0 ], [ 73.1458539, 28.1550086, 0.0 ], [ 73.1458308, 28.1550083, 0.0 ], [ 73.145836, 28.154705, 0.0 ] ], [ [ 73.14578, 28.1547043, 0.0 ], [ 73.1458031, 28.1547046, 0.0 ], [ 73.1457979, 28.1550078, 0.0 ], [ 73.1457748, 28.1550075, 0.0 ], [ 73.14578, 28.1547043, 0.0 ] ], [ [ 73.145852, 28.1537739, 0.0 ], [ 73.1458752, 28.1537742, 0.0 ], [ 73.1458699, 28.1540774, 0.0 ], [ 73.1458468, 28.1540771, 0.0 ], [ 73.145852, 28.1537739, 0.0 ] ], [ [ 73.1457961, 28.1537731, 0.0 ], [ 73.1458192, 28.1537734, 0.0 ], [ 73.145814, 28.1540767, 0.0 ], [ 73.1457908, 28.1540764, 0.0 ], [ 73.1457961, 28.1537731, 0.0 ] ], [ [ 73.1458467, 28.1540855, 0.0 ], [ 73.1458698, 28.1540859, 0.0 ], [ 73.1458646, 28.1543891, 0.0 ], [ 73.1458414, 28.1543888, 0.0 ], [ 73.1458467, 28.1540855, 0.0 ] ], [ [ 73.1457907, 28.1540848, 0.0 ], [ 73.1458138, 28.1540851, 0.0 ], [ 73.1458086, 28.1543884, 0.0 ], [ 73.1457855, 28.1543881, 0.0 ], [ 73.1457907, 28.1540848, 0.0 ] ], [ [ 73.1456867, 28.1568697, 0.0 ], [ 73.1457098, 28.15687, 0.0 ], [ 73.1457046, 28.1571733, 0.0 ], [ 73.1456815, 28.1571729, 0.0 ], [ 73.1456867, 28.1568697, 0.0 ] ], [ [ 73.1456307, 28.1568689, 0.0 ], [ 73.1456538, 28.1568692, 0.0 ], [ 73.1456486, 28.1571725, 0.0 ], [ 73.1456255, 28.1571722, 0.0 ], [ 73.1456307, 28.1568689, 0.0 ] ], [ [ 73.1456813, 28.1571814, 0.0 ], [ 73.1457044, 28.1571817, 0.0 ], [ 73.1456992, 28.1574849, 0.0 ], [ 73.1456761, 28.1574846, 0.0 ], [ 73.1456813, 28.1571814, 0.0 ] ], [ [ 73.1456253, 28.1571806, 0.0 ], [ 73.1456484, 28.1571809, 0.0 ], [ 73.1456432, 28.1574842, 0.0 ], [ 73.1456201, 28.1574839, 0.0 ], [ 73.1456253, 28.1571806, 0.0 ] ], [ [ 73.1456974, 28.1562502, 0.0 ], [ 73.1457205, 28.1562505, 0.0 ], [ 73.1457153, 28.1565538, 0.0 ], [ 73.1456921, 28.1565535, 0.0 ], [ 73.1456974, 28.1562502, 0.0 ] ], [ [ 73.1456414, 28.1562494, 0.0 ], [ 73.1456645, 28.1562498, 0.0 ], [ 73.1456593, 28.156553, 0.0 ], [ 73.1456361, 28.1565527, 0.0 ], [ 73.1456414, 28.1562494, 0.0 ] ], [ [ 73.145692, 28.1565619, 0.0 ], [ 73.1457151, 28.1565622, 0.0 ], [ 73.1457099, 28.1568655, 0.0 ], [ 73.1456868, 28.1568652, 0.0 ], [ 73.145692, 28.1565619, 0.0 ] ], [ [ 73.145636, 28.1565611, 0.0 ], [ 73.1456591, 28.1565614, 0.0 ], [ 73.1456539, 28.1568647, 0.0 ], [ 73.1456308, 28.1568644, 0.0 ], [ 73.145636, 28.1565611, 0.0 ] ], [ [ 73.145708, 28.1556307, 0.0 ], [ 73.1457312, 28.1556311, 0.0 ], [ 73.1457259, 28.1559343, 0.0 ], [ 73.1457028, 28.155934, 0.0 ], [ 73.145708, 28.1556307, 0.0 ] ], [ [ 73.145652, 28.15563, 0.0 ], [ 73.1456752, 28.1556303, 0.0 ], [ 73.14567, 28.1559336, 0.0 ], [ 73.1456468, 28.1559333, 0.0 ], [ 73.145652, 28.15563, 0.0 ] ], [ [ 73.1457027, 28.1559424, 0.0 ], [ 73.1457258, 28.1559427, 0.0 ], [ 73.1457206, 28.156246, 0.0 ], [ 73.1456974, 28.1562457, 0.0 ], [ 73.1457027, 28.1559424, 0.0 ] ], [ [ 73.1456467, 28.1559417, 0.0 ], [ 73.1456698, 28.155942, 0.0 ], [ 73.1456646, 28.1562453, 0.0 ], [ 73.1456414, 28.1562449, 0.0 ], [ 73.1456467, 28.1559417, 0.0 ] ], [ [ 73.1457187, 28.1550113, 0.0 ], [ 73.1457418, 28.1550116, 0.0 ], [ 73.1457366, 28.1553149, 0.0 ], [ 73.1457135, 28.1553145, 0.0 ], [ 73.1457187, 28.1550113, 0.0 ] ], [ [ 73.1456627, 28.1550105, 0.0 ], [ 73.1456859, 28.1550108, 0.0 ], [ 73.1456806, 28.1553141, 0.0 ], [ 73.1456575, 28.1553138, 0.0 ], [ 73.1456627, 28.1550105, 0.0 ] ], [ [ 73.1457133, 28.155323, 0.0 ], [ 73.1457365, 28.1553233, 0.0 ], [ 73.1457312, 28.1556265, 0.0 ], [ 73.1457081, 28.1556262, 0.0 ], [ 73.1457133, 28.155323, 0.0 ] ], [ [ 73.1456574, 28.1553222, 0.0 ], [ 73.1456805, 28.1553225, 0.0 ], [ 73.1456753, 28.1556258, 0.0 ], [ 73.1456521, 28.1556255, 0.0 ], [ 73.1456574, 28.1553222, 0.0 ] ], [ [ 73.1457294, 28.1543918, 0.0 ], [ 73.1457525, 28.1543921, 0.0 ], [ 73.1457473, 28.1546954, 0.0 ], [ 73.1457242, 28.1546951, 0.0 ], [ 73.1457294, 28.1543918, 0.0 ] ], [ [ 73.1456734, 28.1543911, 0.0 ], [ 73.1456965, 28.1543914, 0.0 ], [ 73.1456913, 28.1546946, 0.0 ], [ 73.1456682, 28.1546943, 0.0 ], [ 73.1456734, 28.1543911, 0.0 ] ], [ [ 73.145724, 28.1547035, 0.0 ], [ 73.1457471, 28.1547038, 0.0 ], [ 73.1457419, 28.1550071, 0.0 ], [ 73.1457188, 28.1550068, 0.0 ], [ 73.145724, 28.1547035, 0.0 ] ], [ [ 73.145668, 28.1547027, 0.0 ], [ 73.1456912, 28.1547031, 0.0 ], [ 73.1456859, 28.1550063, 0.0 ], [ 73.1456628, 28.155006, 0.0 ], [ 73.145668, 28.1547027, 0.0 ] ], [ [ 73.1457401, 28.1537723, 0.0 ], [ 73.1457632, 28.1537727, 0.0 ], [ 73.145758, 28.1540759, 0.0 ], [ 73.1457348, 28.1540756, 0.0 ], [ 73.1457401, 28.1537723, 0.0 ] ], [ [ 73.1456841, 28.1537716, 0.0 ], [ 73.1457072, 28.1537719, 0.0 ], [ 73.145702, 28.1540752, 0.0 ], [ 73.1456789, 28.1540749, 0.0 ], [ 73.1456841, 28.1537716, 0.0 ] ], [ [ 73.1457347, 28.154084, 0.0 ], [ 73.1457578, 28.1540843, 0.0 ], [ 73.1457526, 28.1543876, 0.0 ], [ 73.1457295, 28.1543873, 0.0 ], [ 73.1457347, 28.154084, 0.0 ] ], [ [ 73.1456787, 28.1540833, 0.0 ], [ 73.1457018, 28.1540836, 0.0 ], [ 73.1456966, 28.1543869, 0.0 ], [ 73.1456735, 28.1543865, 0.0 ], [ 73.1456787, 28.1540833, 0.0 ] ], [ [ 73.1455747, 28.1568682, 0.0 ], [ 73.1455978, 28.1568685, 0.0 ], [ 73.1455926, 28.1571717, 0.0 ], [ 73.1455695, 28.1571714, 0.0 ], [ 73.1455747, 28.1568682, 0.0 ] ], [ [ 73.1455187, 28.1568674, 0.0 ], [ 73.1455418, 28.1568677, 0.0 ], [ 73.1455366, 28.157171, 0.0 ], [ 73.1455135, 28.1571707, 0.0 ], [ 73.1455187, 28.1568674, 0.0 ] ], [ [ 73.1455693, 28.1571798, 0.0 ], [ 73.1455925, 28.1571802, 0.0 ], [ 73.1455872, 28.1574834, 0.0 ], [ 73.1455641, 28.1574831, 0.0 ], [ 73.1455693, 28.1571798, 0.0 ] ], [ [ 73.1455133, 28.1571791, 0.0 ], [ 73.1455365, 28.1571794, 0.0 ], [ 73.1455312, 28.1574827, 0.0 ], [ 73.1455081, 28.1574824, 0.0 ], [ 73.1455133, 28.1571791, 0.0 ] ], [ [ 73.1455854, 28.1562487, 0.0 ], [ 73.1456085, 28.156249, 0.0 ], [ 73.1456033, 28.1565523, 0.0 ], [ 73.1455802, 28.156552, 0.0 ], [ 73.1455854, 28.1562487, 0.0 ] ], [ [ 73.1455294, 28.1562479, 0.0 ], [ 73.1455525, 28.1562482, 0.0 ], [ 73.1455473, 28.1565515, 0.0 ], [ 73.1455242, 28.1565512, 0.0 ], [ 73.1455294, 28.1562479, 0.0 ] ], [ [ 73.14558, 28.1565604, 0.0 ], [ 73.1456031, 28.1565607, 0.0 ], [ 73.1455979, 28.156864, 0.0 ], [ 73.1455748, 28.1568636, 0.0 ], [ 73.14558, 28.1565604, 0.0 ] ], [ [ 73.145524, 28.1565596, 0.0 ], [ 73.1455471, 28.1565599, 0.0 ], [ 73.1455419, 28.1568632, 0.0 ], [ 73.1455188, 28.1568629, 0.0 ], [ 73.145524, 28.1565596, 0.0 ] ], [ [ 73.1455961, 28.1556292, 0.0 ], [ 73.1456192, 28.1556295, 0.0 ], [ 73.145614, 28.1559328, 0.0 ], [ 73.1455908, 28.1559325, 0.0 ], [ 73.1455961, 28.1556292, 0.0 ] ], [ [ 73.1455401, 28.1556285, 0.0 ], [ 73.1455632, 28.1556288, 0.0 ], [ 73.145558, 28.155932, 0.0 ], [ 73.1455348, 28.1559317, 0.0 ], [ 73.1455401, 28.1556285, 0.0 ] ], [ [ 73.1455907, 28.1559409, 0.0 ], [ 73.1456138, 28.1559412, 0.0 ], [ 73.1456086, 28.1562445, 0.0 ], [ 73.1455855, 28.1562442, 0.0 ], [ 73.1455907, 28.1559409, 0.0 ] ], [ [ 73.1455347, 28.1559402, 0.0 ], [ 73.1455578, 28.1559405, 0.0 ], [ 73.1455526, 28.1562437, 0.0 ], [ 73.1455295, 28.1562434, 0.0 ], [ 73.1455347, 28.1559402, 0.0 ] ], [ [ 73.1456067, 28.1550098, 0.0 ], [ 73.1456299, 28.1550101, 0.0 ], [ 73.1456246, 28.1553133, 0.0 ], [ 73.1456015, 28.155313, 0.0 ], [ 73.1456067, 28.1550098, 0.0 ] ], [ [ 73.1455507, 28.155009, 0.0 ], [ 73.1455739, 28.1550093, 0.0 ], [ 73.1455686, 28.1553126, 0.0 ], [ 73.1455455, 28.1553123, 0.0 ], [ 73.1455507, 28.155009, 0.0 ] ], [ [ 73.1456014, 28.1553214, 0.0 ], [ 73.1456245, 28.1553218, 0.0 ], [ 73.1456193, 28.155625, 0.0 ], [ 73.1455961, 28.1556247, 0.0 ], [ 73.1456014, 28.1553214, 0.0 ] ], [ [ 73.1455454, 28.1553207, 0.0 ], [ 73.1455685, 28.155321, 0.0 ], [ 73.1455633, 28.1556243, 0.0 ], [ 73.1455401, 28.155624, 0.0 ], [ 73.1455454, 28.1553207, 0.0 ] ], [ [ 73.1456174, 28.1543903, 0.0 ], [ 73.1456405, 28.1543906, 0.0 ], [ 73.1456353, 28.1546939, 0.0 ], [ 73.1456122, 28.1546936, 0.0 ], [ 73.1456174, 28.1543903, 0.0 ] ], [ [ 73.1455614, 28.1543895, 0.0 ], [ 73.1455846, 28.1543898, 0.0 ], [ 73.1455793, 28.1546931, 0.0 ], [ 73.1455562, 28.1546928, 0.0 ], [ 73.1455614, 28.1543895, 0.0 ] ], [ [ 73.145612, 28.154702, 0.0 ], [ 73.1456352, 28.1547023, 0.0 ], [ 73.1456299, 28.1550056, 0.0 ], [ 73.1456068, 28.1550052, 0.0 ], [ 73.145612, 28.154702, 0.0 ] ], [ [ 73.1455561, 28.1547012, 0.0 ], [ 73.1455792, 28.1547015, 0.0 ], [ 73.145574, 28.1550048, 0.0 ], [ 73.1455508, 28.1550045, 0.0 ], [ 73.1455561, 28.1547012, 0.0 ] ], [ [ 73.1456281, 28.1537708, 0.0 ], [ 73.1456512, 28.1537711, 0.0 ], [ 73.145646, 28.1540744, 0.0 ], [ 73.1456229, 28.1540741, 0.0 ], [ 73.1456281, 28.1537708, 0.0 ] ], [ [ 73.1455721, 28.1537701, 0.0 ], [ 73.1455952, 28.1537704, 0.0 ], [ 73.14559, 28.1540737, 0.0 ], [ 73.1455669, 28.1540733, 0.0 ], [ 73.1455721, 28.1537701, 0.0 ] ], [ [ 73.1456227, 28.1540825, 0.0 ], [ 73.1456458, 28.1540828, 0.0 ], [ 73.1456406, 28.1543861, 0.0 ], [ 73.1456175, 28.1543858, 0.0 ], [ 73.1456227, 28.1540825, 0.0 ] ], [ [ 73.1455667, 28.1540818, 0.0 ], [ 73.1455899, 28.1540821, 0.0 ], [ 73.1455846, 28.1543853, 0.0 ], [ 73.1455615, 28.154385, 0.0 ], [ 73.1455667, 28.1540818, 0.0 ] ], [ [ 73.1454627, 28.1568666, 0.0 ], [ 73.1454859, 28.156867, 0.0 ], [ 73.1454806, 28.1571702, 0.0 ], [ 73.1454575, 28.1571699, 0.0 ], [ 73.1454627, 28.1568666, 0.0 ] ], [ [ 73.1454067, 28.1568659, 0.0 ], [ 73.1454299, 28.1568662, 0.0 ], [ 73.1454246, 28.1571695, 0.0 ], [ 73.1454015, 28.1571691, 0.0 ], [ 73.1454067, 28.1568659, 0.0 ] ], [ [ 73.1454573, 28.1571783, 0.0 ], [ 73.1454805, 28.1571786, 0.0 ], [ 73.1454752, 28.1574819, 0.0 ], [ 73.1454521, 28.1574816, 0.0 ], [ 73.1454573, 28.1571783, 0.0 ] ], [ [ 73.1454014, 28.1571776, 0.0 ], [ 73.1454245, 28.1571779, 0.0 ], [ 73.1454193, 28.1574811, 0.0 ], [ 73.1453961, 28.1574808, 0.0 ], [ 73.1454014, 28.1571776, 0.0 ] ], [ [ 73.1454734, 28.1562472, 0.0 ], [ 73.1454965, 28.1562475, 0.0 ], [ 73.1454913, 28.1565508, 0.0 ], [ 73.1454682, 28.1565504, 0.0 ], [ 73.1454734, 28.1562472, 0.0 ] ], [ [ 73.1454174, 28.1562464, 0.0 ], [ 73.1454405, 28.1562467, 0.0 ], [ 73.1454353, 28.15655, 0.0 ], [ 73.1454122, 28.1565497, 0.0 ], [ 73.1454174, 28.1562464, 0.0 ] ], [ [ 73.145468, 28.1565589, 0.0 ], [ 73.1454912, 28.1565592, 0.0 ], [ 73.1454859, 28.1568624, 0.0 ], [ 73.1454628, 28.1568621, 0.0 ], [ 73.145468, 28.1565589, 0.0 ] ], [ [ 73.145412, 28.1565581, 0.0 ], [ 73.1454352, 28.1565584, 0.0 ], [ 73.1454299, 28.1568617, 0.0 ], [ 73.1454068, 28.1568614, 0.0 ], [ 73.145412, 28.1565581, 0.0 ] ], [ [ 73.1454841, 28.1556277, 0.0 ], [ 73.1455072, 28.155628, 0.0 ], [ 73.145502, 28.1559313, 0.0 ], [ 73.1454789, 28.155931, 0.0 ], [ 73.1454841, 28.1556277, 0.0 ] ], [ [ 73.1454281, 28.155627, 0.0 ], [ 73.1454512, 28.1556273, 0.0 ], [ 73.145446, 28.1559305, 0.0 ], [ 73.1454229, 28.1559302, 0.0 ], [ 73.1454281, 28.155627, 0.0 ] ], [ [ 73.1454787, 28.1559394, 0.0 ], [ 73.1455018, 28.1559397, 0.0 ], [ 73.1454966, 28.156243, 0.0 ], [ 73.1454735, 28.1562427, 0.0 ], [ 73.1454787, 28.1559394, 0.0 ] ], [ [ 73.1454227, 28.1559386, 0.0 ], [ 73.1454458, 28.1559389, 0.0 ], [ 73.1454406, 28.1562422, 0.0 ], [ 73.1454175, 28.1562419, 0.0 ], [ 73.1454227, 28.1559386, 0.0 ] ], [ [ 73.1454948, 28.1550082, 0.0 ], [ 73.1455179, 28.1550086, 0.0 ], [ 73.1455127, 28.1553118, 0.0 ], [ 73.1454895, 28.1553115, 0.0 ], [ 73.1454948, 28.1550082, 0.0 ] ], [ [ 73.1454388, 28.1550075, 0.0 ], [ 73.1454619, 28.1550078, 0.0 ], [ 73.1454567, 28.1553111, 0.0 ], [ 73.1454335, 28.1553108, 0.0 ], [ 73.1454388, 28.1550075, 0.0 ] ], [ [ 73.1454894, 28.1553199, 0.0 ], [ 73.1455125, 28.1553202, 0.0 ], [ 73.1455073, 28.1556235, 0.0 ], [ 73.1454842, 28.1556232, 0.0 ], [ 73.1454894, 28.1553199, 0.0 ] ], [ [ 73.1454334, 28.1553192, 0.0 ], [ 73.1454565, 28.1553195, 0.0 ], [ 73.1454513, 28.1556228, 0.0 ], [ 73.1454282, 28.1556224, 0.0 ], [ 73.1454334, 28.1553192, 0.0 ] ], [ [ 73.1455054, 28.1543888, 0.0 ], [ 73.1455286, 28.1543891, 0.0 ], [ 73.1455233, 28.1546924, 0.0 ], [ 73.1455002, 28.154692, 0.0 ], [ 73.1455054, 28.1543888, 0.0 ] ], [ [ 73.1454494, 28.154388, 0.0 ], [ 73.1454726, 28.1543883, 0.0 ], [ 73.1454673, 28.1546916, 0.0 ], [ 73.1454442, 28.1546913, 0.0 ], [ 73.1454494, 28.154388, 0.0 ] ], [ [ 73.1455001, 28.1547005, 0.0 ], [ 73.1455232, 28.1547008, 0.0 ], [ 73.145518, 28.155004, 0.0 ], [ 73.1454948, 28.1550037, 0.0 ], [ 73.1455001, 28.1547005, 0.0 ] ], [ [ 73.1454441, 28.1546997, 0.0 ], [ 73.1454672, 28.1547, 0.0 ], [ 73.145462, 28.1550033, 0.0 ], [ 73.1454388, 28.155003, 0.0 ], [ 73.1454441, 28.1546997, 0.0 ] ], [ [ 73.1455161, 28.1537693, 0.0 ], [ 73.1455392, 28.1537696, 0.0 ], [ 73.145534, 28.1540729, 0.0 ], [ 73.1455109, 28.1540726, 0.0 ], [ 73.1455161, 28.1537693, 0.0 ] ], [ [ 73.1454601, 28.1537686, 0.0 ], [ 73.1454833, 28.1537689, 0.0 ], [ 73.145478, 28.1540721, 0.0 ], [ 73.1454549, 28.1540718, 0.0 ], [ 73.1454601, 28.1537686, 0.0 ] ], [ [ 73.1455107, 28.154081, 0.0 ], [ 73.1455339, 28.1540813, 0.0 ], [ 73.1455286, 28.1543846, 0.0 ], [ 73.1455055, 28.1543843, 0.0 ], [ 73.1455107, 28.154081, 0.0 ] ], [ [ 73.1454548, 28.1540802, 0.0 ], [ 73.1454779, 28.1540806, 0.0 ], [ 73.1454727, 28.1543838, 0.0 ], [ 73.1454495, 28.1543835, 0.0 ], [ 73.1454548, 28.1540802, 0.0 ] ], [ [ 73.1453507, 28.1568651, 0.0 ], [ 73.1453739, 28.1568654, 0.0 ], [ 73.1453686, 28.1571687, 0.0 ], [ 73.1453455, 28.1571684, 0.0 ], [ 73.1453507, 28.1568651, 0.0 ] ], [ [ 73.1452948, 28.1568644, 0.0 ], [ 73.1453179, 28.1568647, 0.0 ], [ 73.1453127, 28.1571679, 0.0 ], [ 73.1452895, 28.1571676, 0.0 ], [ 73.1452948, 28.1568644, 0.0 ] ], [ [ 73.1453454, 28.1571768, 0.0 ], [ 73.1453685, 28.1571771, 0.0 ], [ 73.1453633, 28.1574804, 0.0 ], [ 73.1453401, 28.1574801, 0.0 ], [ 73.1453454, 28.1571768, 0.0 ] ], [ [ 73.1452894, 28.1571761, 0.0 ], [ 73.1453125, 28.1571764, 0.0 ], [ 73.1453073, 28.1574796, 0.0 ], [ 73.1452841, 28.1574793, 0.0 ], [ 73.1452894, 28.1571761, 0.0 ] ], [ [ 73.1453614, 28.1562457, 0.0 ], [ 73.1453846, 28.156246, 0.0 ], [ 73.1453793, 28.1565492, 0.0 ], [ 73.1453562, 28.1565489, 0.0 ], [ 73.1453614, 28.1562457, 0.0 ] ], [ [ 73.1453054, 28.1562449, 0.0 ], [ 73.1453286, 28.1562452, 0.0 ], [ 73.1453233, 28.1565485, 0.0 ], [ 73.1453002, 28.1565482, 0.0 ], [ 73.1453054, 28.1562449, 0.0 ] ], [ [ 73.145356, 28.1565573, 0.0 ], [ 73.1453792, 28.1565577, 0.0 ], [ 73.1453739, 28.1568609, 0.0 ], [ 73.1453508, 28.1568606, 0.0 ], [ 73.145356, 28.1565573, 0.0 ] ], [ [ 73.1453001, 28.1565566, 0.0 ], [ 73.1453232, 28.1565569, 0.0 ], [ 73.145318, 28.1568602, 0.0 ], [ 73.1452948, 28.1568599, 0.0 ], [ 73.1453001, 28.1565566, 0.0 ] ], [ [ 73.1453721, 28.1556262, 0.0 ], [ 73.1453952, 28.1556265, 0.0 ], [ 73.14539, 28.1559298, 0.0 ], [ 73.1453669, 28.1559295, 0.0 ], [ 73.1453721, 28.1556262, 0.0 ] ], [ [ 73.1453161, 28.1556254, 0.0 ], [ 73.1453392, 28.1556257, 0.0 ], [ 73.145334, 28.155929, 0.0 ], [ 73.1453109, 28.1559287, 0.0 ], [ 73.1453161, 28.1556254, 0.0 ] ], [ [ 73.1453667, 28.1559379, 0.0 ], [ 73.1453899, 28.1559382, 0.0 ], [ 73.1453846, 28.1562415, 0.0 ], [ 73.1453615, 28.1562411, 0.0 ], [ 73.1453667, 28.1559379, 0.0 ] ], [ [ 73.1453107, 28.1559371, 0.0 ], [ 73.1453339, 28.1559374, 0.0 ], [ 73.1453286, 28.1562407, 0.0 ], [ 73.1453055, 28.1562404, 0.0 ], [ 73.1453107, 28.1559371, 0.0 ] ], [ [ 73.1453828, 28.1550067, 0.0 ], [ 73.1454059, 28.155007, 0.0 ], [ 73.1454007, 28.1553103, 0.0 ], [ 73.1453776, 28.15531, 0.0 ], [ 73.1453828, 28.1550067, 0.0 ] ], [ [ 73.1453268, 28.155006, 0.0 ], [ 73.1453499, 28.1550063, 0.0 ], [ 73.1453447, 28.1553096, 0.0 ], [ 73.1453216, 28.1553092, 0.0 ], [ 73.1453268, 28.155006, 0.0 ] ], [ [ 73.1453774, 28.1553184, 0.0 ], [ 73.1454005, 28.1553187, 0.0 ], [ 73.1453953, 28.155622, 0.0 ], [ 73.1453722, 28.1556217, 0.0 ], [ 73.1453774, 28.1553184, 0.0 ] ], [ [ 73.1453214, 28.1553177, 0.0 ], [ 73.1453445, 28.155318, 0.0 ], [ 73.1453393, 28.1556212, 0.0 ], [ 73.1453162, 28.1556209, 0.0 ], [ 73.1453214, 28.1553177, 0.0 ] ], [ [ 73.1453935, 28.1543873, 0.0 ], [ 73.1454166, 28.1543876, 0.0 ], [ 73.1454114, 28.1546908, 0.0 ], [ 73.1453882, 28.1546905, 0.0 ], [ 73.1453935, 28.1543873, 0.0 ] ], [ [ 73.1453375, 28.1543865, 0.0 ], [ 73.1453606, 28.1543868, 0.0 ], [ 73.1453554, 28.1546901, 0.0 ], [ 73.1453322, 28.1546898, 0.0 ], [ 73.1453375, 28.1543865, 0.0 ] ], [ [ 73.1453881, 28.1546989, 0.0 ], [ 73.1454112, 28.1546993, 0.0 ], [ 73.145406, 28.1550025, 0.0 ], [ 73.1453829, 28.1550022, 0.0 ], [ 73.1453881, 28.1546989, 0.0 ] ], [ [ 73.1453321, 28.1546982, 0.0 ], [ 73.1453552, 28.1546985, 0.0 ], [ 73.14535, 28.1550018, 0.0 ], [ 73.1453269, 28.1550015, 0.0 ], [ 73.1453321, 28.1546982, 0.0 ] ], [ [ 73.1454041, 28.1537678, 0.0 ], [ 73.1454273, 28.1537681, 0.0 ], [ 73.145422, 28.1540714, 0.0 ], [ 73.1453989, 28.1540711, 0.0 ], [ 73.1454041, 28.1537678, 0.0 ] ], [ [ 73.1453481, 28.153767, 0.0 ], [ 73.1453713, 28.1537674, 0.0 ], [ 73.1453661, 28.1540706, 0.0 ], [ 73.1453429, 28.1540703, 0.0 ], [ 73.1453481, 28.153767, 0.0 ] ], [ [ 73.1453988, 28.1540795, 0.0 ], [ 73.1454219, 28.1540798, 0.0 ], [ 73.1454167, 28.1543831, 0.0 ], [ 73.1453935, 28.1543828, 0.0 ], [ 73.1453988, 28.1540795, 0.0 ] ], [ [ 73.1453428, 28.1540787, 0.0 ], [ 73.1453659, 28.154079, 0.0 ], [ 73.1453607, 28.1543823, 0.0 ], [ 73.1453375, 28.154382, 0.0 ], [ 73.1453428, 28.1540787, 0.0 ] ], [ [ 73.1452388, 28.1568636, 0.0 ], [ 73.1452619, 28.1568639, 0.0 ], [ 73.1452567, 28.1571672, 0.0 ], [ 73.1452335, 28.1571669, 0.0 ], [ 73.1452388, 28.1568636, 0.0 ] ], [ [ 73.1451828, 28.1568628, 0.0 ], [ 73.1452059, 28.1568632, 0.0 ], [ 73.1452007, 28.1571664, 0.0 ], [ 73.1451775, 28.1571661, 0.0 ], [ 73.1451828, 28.1568628, 0.0 ] ], [ [ 73.1452334, 28.1571753, 0.0 ], [ 73.1452565, 28.1571756, 0.0 ], [ 73.1452513, 28.1574789, 0.0 ], [ 73.1452282, 28.1574786, 0.0 ], [ 73.1452334, 28.1571753, 0.0 ] ], [ [ 73.1451774, 28.1571745, 0.0 ], [ 73.1452005, 28.1571748, 0.0 ], [ 73.1451953, 28.1574781, 0.0 ], [ 73.1451722, 28.1574778, 0.0 ], [ 73.1451774, 28.1571745, 0.0 ] ], [ [ 73.1452494, 28.1562441, 0.0 ], [ 73.1452726, 28.1562445, 0.0 ], [ 73.1452673, 28.1565477, 0.0 ], [ 73.1452442, 28.1565474, 0.0 ], [ 73.1452494, 28.1562441, 0.0 ] ], [ [ 73.1451935, 28.1562434, 0.0 ], [ 73.1452166, 28.1562437, 0.0 ], [ 73.1452114, 28.156547, 0.0 ], [ 73.1451882, 28.1565467, 0.0 ], [ 73.1451935, 28.1562434, 0.0 ] ], [ [ 73.1452441, 28.1565558, 0.0 ], [ 73.1452672, 28.1565561, 0.0 ], [ 73.145262, 28.1568594, 0.0 ], [ 73.1452388, 28.1568591, 0.0 ], [ 73.1452441, 28.1565558, 0.0 ] ], [ [ 73.1451881, 28.1565551, 0.0 ], [ 73.1452112, 28.1565554, 0.0 ], [ 73.145206, 28.1568586, 0.0 ], [ 73.1451828, 28.1568583, 0.0 ], [ 73.1451881, 28.1565551, 0.0 ] ], [ [ 73.1452601, 28.1556247, 0.0 ], [ 73.1452833, 28.155625, 0.0 ], [ 73.145278, 28.1559283, 0.0 ], [ 73.1452549, 28.1559279, 0.0 ], [ 73.1452601, 28.1556247, 0.0 ] ], [ [ 73.1452041, 28.1556239, 0.0 ], [ 73.1452273, 28.1556242, 0.0 ], [ 73.145222, 28.1559275, 0.0 ], [ 73.1451989, 28.1559272, 0.0 ], [ 73.1452041, 28.1556239, 0.0 ] ], [ [ 73.1452547, 28.1559364, 0.0 ], [ 73.1452779, 28.1559367, 0.0 ], [ 73.1452726, 28.1562399, 0.0 ], [ 73.1452495, 28.1562396, 0.0 ], [ 73.1452547, 28.1559364, 0.0 ] ], [ [ 73.1451988, 28.1559356, 0.0 ], [ 73.1452219, 28.1559359, 0.0 ], [ 73.1452167, 28.1562392, 0.0 ], [ 73.1451935, 28.1562389, 0.0 ], [ 73.1451988, 28.1559356, 0.0 ] ], [ [ 73.1452708, 28.1550052, 0.0 ], [ 73.1452939, 28.1550055, 0.0 ], [ 73.1452887, 28.1553088, 0.0 ], [ 73.1452656, 28.1553085, 0.0 ], [ 73.1452708, 28.1550052, 0.0 ] ], [ [ 73.1452148, 28.1550045, 0.0 ], [ 73.1452379, 28.1550048, 0.0 ], [ 73.1452327, 28.155308, 0.0 ], [ 73.1452096, 28.1553077, 0.0 ], [ 73.1452148, 28.1550045, 0.0 ] ], [ [ 73.1452654, 28.1553169, 0.0 ], [ 73.1452886, 28.1553172, 0.0 ], [ 73.1452833, 28.1556205, 0.0 ], [ 73.1452602, 28.1556202, 0.0 ], [ 73.1452654, 28.1553169, 0.0 ] ], [ [ 73.1452094, 28.1553161, 0.0 ], [ 73.1452326, 28.1553165, 0.0 ], [ 73.1452273, 28.1556197, 0.0 ], [ 73.1452042, 28.1556194, 0.0 ], [ 73.1452094, 28.1553161, 0.0 ] ], [ [ 73.1452815, 28.1543857, 0.0 ], [ 73.1453046, 28.1543861, 0.0 ], [ 73.1452994, 28.1546893, 0.0 ], [ 73.1452763, 28.154689, 0.0 ], [ 73.1452815, 28.1543857, 0.0 ] ], [ [ 73.1452255, 28.154385, 0.0 ], [ 73.1452486, 28.1543853, 0.0 ], [ 73.1452434, 28.1546886, 0.0 ], [ 73.1452203, 28.1546883, 0.0 ], [ 73.1452255, 28.154385, 0.0 ] ], [ [ 73.1452761, 28.1546974, 0.0 ], [ 73.1452992, 28.1546977, 0.0 ], [ 73.145294, 28.155001, 0.0 ], [ 73.1452709, 28.1550007, 0.0 ], [ 73.1452761, 28.1546974, 0.0 ] ], [ [ 73.1452201, 28.1546967, 0.0 ], [ 73.1452432, 28.154697, 0.0 ], [ 73.145238, 28.1550003, 0.0 ], [ 73.1452149, 28.1549999, 0.0 ], [ 73.1452201, 28.1546967, 0.0 ] ], [ [ 73.1452922, 28.1537663, 0.0 ], [ 73.1453153, 28.1537666, 0.0 ], [ 73.1453101, 28.1540699, 0.0 ], [ 73.1452869, 28.1540695, 0.0 ], [ 73.1452922, 28.1537663, 0.0 ] ], [ [ 73.1452362, 28.1537655, 0.0 ], [ 73.1452593, 28.1537658, 0.0 ], [ 73.1452541, 28.1540691, 0.0 ], [ 73.1452309, 28.1540688, 0.0 ], [ 73.1452362, 28.1537655, 0.0 ] ], [ [ 73.1452868, 28.154078, 0.0 ], [ 73.1453099, 28.1540783, 0.0 ], [ 73.1453047, 28.1543815, 0.0 ], [ 73.1452816, 28.1543812, 0.0 ], [ 73.1452868, 28.154078, 0.0 ] ], [ [ 73.1452308, 28.1540772, 0.0 ], [ 73.1452539, 28.1540775, 0.0 ], [ 73.1452487, 28.1543808, 0.0 ], [ 73.1452256, 28.1543805, 0.0 ], [ 73.1452308, 28.1540772, 0.0 ] ], [ [ 73.1451268, 28.1568621, 0.0 ], [ 73.1451499, 28.1568624, 0.0 ], [ 73.1451447, 28.1571657, 0.0 ], [ 73.1451216, 28.1571654, 0.0 ], [ 73.1451268, 28.1568621, 0.0 ] ], [ [ 73.1450708, 28.1568613, 0.0 ], [ 73.1450939, 28.1568616, 0.0 ], [ 73.1450887, 28.1571649, 0.0 ], [ 73.1450656, 28.1571646, 0.0 ], [ 73.1450708, 28.1568613, 0.0 ] ], [ [ 73.1451214, 28.1571738, 0.0 ], [ 73.1451445, 28.1571741, 0.0 ], [ 73.1451393, 28.1574774, 0.0 ], [ 73.1451162, 28.157477, 0.0 ], [ 73.1451214, 28.1571738, 0.0 ] ], [ [ 73.1450654, 28.157173, 0.0 ], [ 73.1450885, 28.1571733, 0.0 ], [ 73.1450833, 28.1574766, 0.0 ], [ 73.1450602, 28.1574763, 0.0 ], [ 73.1450654, 28.157173, 0.0 ] ], [ [ 73.1451375, 28.1562426, 0.0 ], [ 73.1451606, 28.1562429, 0.0 ], [ 73.1451554, 28.1565462, 0.0 ], [ 73.1451322, 28.1565459, 0.0 ], [ 73.1451375, 28.1562426, 0.0 ] ], [ [ 73.1450815, 28.1562419, 0.0 ], [ 73.1451046, 28.1562422, 0.0 ], [ 73.1450994, 28.1565454, 0.0 ], [ 73.1450762, 28.1565451, 0.0 ], [ 73.1450815, 28.1562419, 0.0 ] ], [ [ 73.1451321, 28.1565543, 0.0 ], [ 73.1451552, 28.1565546, 0.0 ], [ 73.14515, 28.1568579, 0.0 ], [ 73.1451269, 28.1568576, 0.0 ], [ 73.1451321, 28.1565543, 0.0 ] ], [ [ 73.1450761, 28.1565536, 0.0 ], [ 73.1450992, 28.1565539, 0.0 ], [ 73.145094, 28.1568571, 0.0 ], [ 73.1450709, 28.1568568, 0.0 ], [ 73.1450761, 28.1565536, 0.0 ] ], [ [ 73.1451481, 28.1556232, 0.0 ], [ 73.1451713, 28.1556235, 0.0 ], [ 73.145166, 28.1559267, 0.0 ], [ 73.1451429, 28.1559264, 0.0 ], [ 73.1451481, 28.1556232, 0.0 ] ], [ [ 73.1450922, 28.1556224, 0.0 ], [ 73.1451153, 28.1556227, 0.0 ], [ 73.1451101, 28.155926, 0.0 ], [ 73.1450869, 28.1559257, 0.0 ], [ 73.1450922, 28.1556224, 0.0 ] ], [ [ 73.1451428, 28.1559348, 0.0 ], [ 73.1451659, 28.1559352, 0.0 ], [ 73.1451607, 28.1562384, 0.0 ], [ 73.1451375, 28.1562381, 0.0 ], [ 73.1451428, 28.1559348, 0.0 ] ], [ [ 73.1450868, 28.1559341, 0.0 ], [ 73.1451099, 28.1559344, 0.0 ], [ 73.1451047, 28.1562377, 0.0 ], [ 73.1450815, 28.1562374, 0.0 ], [ 73.1450868, 28.1559341, 0.0 ] ], [ [ 73.1451588, 28.1550037, 0.0 ], [ 73.145182, 28.155004, 0.0 ], [ 73.1451767, 28.1553073, 0.0 ], [ 73.1451536, 28.155307, 0.0 ], [ 73.1451588, 28.1550037, 0.0 ] ], [ [ 73.1451028, 28.1550029, 0.0 ], [ 73.145126, 28.1550032, 0.0 ], [ 73.1451207, 28.1553065, 0.0 ], [ 73.1450976, 28.1553062, 0.0 ], [ 73.1451028, 28.1550029, 0.0 ] ], [ [ 73.1451534, 28.1553154, 0.0 ], [ 73.1451766, 28.1553157, 0.0 ], [ 73.1451713, 28.155619, 0.0 ], [ 73.1451482, 28.1556186, 0.0 ], [ 73.1451534, 28.1553154, 0.0 ] ], [ [ 73.1450975, 28.1553146, 0.0 ], [ 73.1451206, 28.1553149, 0.0 ], [ 73.1451154, 28.1556182, 0.0 ], [ 73.1450922, 28.1556179, 0.0 ], [ 73.1450975, 28.1553146, 0.0 ] ], [ [ 73.1451695, 28.1543842, 0.0 ], [ 73.1451926, 28.1543845, 0.0 ], [ 73.1451874, 28.1546878, 0.0 ], [ 73.1451643, 28.1546875, 0.0 ], [ 73.1451695, 28.1543842, 0.0 ] ], [ [ 73.1451135, 28.1543835, 0.0 ], [ 73.1451366, 28.1543838, 0.0 ], [ 73.1451314, 28.1546871, 0.0 ], [ 73.1451083, 28.1546867, 0.0 ], [ 73.1451135, 28.1543835, 0.0 ] ], [ [ 73.1451641, 28.1546959, 0.0 ], [ 73.1451873, 28.1546962, 0.0 ], [ 73.145182, 28.1549995, 0.0 ], [ 73.1451589, 28.1549992, 0.0 ], [ 73.1451641, 28.1546959, 0.0 ] ], [ [ 73.1451081, 28.1546952, 0.0 ], [ 73.1451313, 28.1546955, 0.0 ], [ 73.145126, 28.1549987, 0.0 ], [ 73.1451029, 28.1549984, 0.0 ], [ 73.1451081, 28.1546952, 0.0 ] ], [ [ 73.1451802, 28.1537648, 0.0 ], [ 73.1452033, 28.1537651, 0.0 ], [ 73.1451981, 28.1540683, 0.0 ], [ 73.145175, 28.154068, 0.0 ], [ 73.1451802, 28.1537648, 0.0 ] ], [ [ 73.1451242, 28.153764, 0.0 ], [ 73.1451473, 28.1537643, 0.0 ], [ 73.1451421, 28.1540676, 0.0 ], [ 73.145119, 28.1540673, 0.0 ], [ 73.1451242, 28.153764, 0.0 ] ], [ [ 73.1451748, 28.1540764, 0.0 ], [ 73.1451979, 28.1540768, 0.0 ], [ 73.1451927, 28.15438, 0.0 ], [ 73.1451696, 28.1543797, 0.0 ], [ 73.1451748, 28.1540764, 0.0 ] ], [ [ 73.1451188, 28.1540757, 0.0 ], [ 73.1451419, 28.154076, 0.0 ], [ 73.1451367, 28.1543793, 0.0 ], [ 73.1451136, 28.154379, 0.0 ], [ 73.1451188, 28.1540757, 0.0 ] ], [ [ 73.1450148, 28.1568606, 0.0 ], [ 73.1450379, 28.1568609, 0.0 ], [ 73.1450327, 28.1571642, 0.0 ], [ 73.1450096, 28.1571638, 0.0 ], [ 73.1450148, 28.1568606, 0.0 ] ], [ [ 73.1449588, 28.1568598, 0.0 ], [ 73.1449819, 28.1568601, 0.0 ], [ 73.1449767, 28.1571634, 0.0 ], [ 73.1449536, 28.1571631, 0.0 ], [ 73.1449588, 28.1568598, 0.0 ] ], [ [ 73.1450094, 28.1571723, 0.0 ], [ 73.1450326, 28.1571726, 0.0 ], [ 73.1450273, 28.1574758, 0.0 ], [ 73.1450042, 28.1574755, 0.0 ], [ 73.1450094, 28.1571723, 0.0 ] ], [ [ 73.1449534, 28.1571715, 0.0 ], [ 73.1449766, 28.1571718, 0.0 ], [ 73.1449713, 28.1574751, 0.0 ], [ 73.1449482, 28.1574748, 0.0 ], [ 73.1449534, 28.1571715, 0.0 ] ], [ [ 73.1450255, 28.1562411, 0.0 ], [ 73.1450486, 28.1562414, 0.0 ], [ 73.1450434, 28.1565447, 0.0 ], [ 73.1450203, 28.1565444, 0.0 ], [ 73.1450255, 28.1562411, 0.0 ] ], [ [ 73.1449695, 28.1562403, 0.0 ], [ 73.1449926, 28.1562407, 0.0 ], [ 73.1449874, 28.1565439, 0.0 ], [ 73.1449643, 28.1565436, 0.0 ], [ 73.1449695, 28.1562403, 0.0 ] ], [ [ 73.1450201, 28.1565528, 0.0 ], [ 73.1450432, 28.1565531, 0.0 ], [ 73.145038, 28.1568564, 0.0 ], [ 73.1450149, 28.1568561, 0.0 ], [ 73.1450201, 28.1565528, 0.0 ] ], [ [ 73.1449641, 28.156552, 0.0 ], [ 73.1449872, 28.1565523, 0.0 ], [ 73.144982, 28.1568556, 0.0 ], [ 73.1449589, 28.1568553, 0.0 ], [ 73.1449641, 28.156552, 0.0 ] ], [ [ 73.1450362, 28.1556216, 0.0 ], [ 73.1450593, 28.155622, 0.0 ], [ 73.1450541, 28.1559252, 0.0 ], [ 73.1450309, 28.1559249, 0.0 ], [ 73.1450362, 28.1556216, 0.0 ] ], [ [ 73.1449802, 28.1556209, 0.0 ], [ 73.1450033, 28.1556212, 0.0 ], [ 73.1449981, 28.1559245, 0.0 ], [ 73.1449749, 28.1559242, 0.0 ], [ 73.1449802, 28.1556209, 0.0 ] ], [ [ 73.1450308, 28.1559333, 0.0 ], [ 73.1450539, 28.1559336, 0.0 ], [ 73.1450487, 28.1562369, 0.0 ], [ 73.1450256, 28.1562366, 0.0 ], [ 73.1450308, 28.1559333, 0.0 ] ], [ [ 73.1449748, 28.1559326, 0.0 ], [ 73.1449979, 28.1559329, 0.0 ], [ 73.1449927, 28.1562362, 0.0 ], [ 73.1449696, 28.1562358, 0.0 ], [ 73.1449748, 28.1559326, 0.0 ] ], [ [ 73.1450468, 28.1550022, 0.0 ], [ 73.14507, 28.1550025, 0.0 ], [ 73.1450647, 28.1553058, 0.0 ], [ 73.1450416, 28.1553054, 0.0 ], [ 73.1450468, 28.1550022, 0.0 ] ], [ [ 73.1449909, 28.1550014, 0.0 ], [ 73.145014, 28.1550017, 0.0 ], [ 73.1450088, 28.155305, 0.0 ], [ 73.1449856, 28.1553047, 0.0 ], [ 73.1449909, 28.1550014, 0.0 ] ], [ [ 73.1450415, 28.1553139, 0.0 ], [ 73.1450646, 28.1553142, 0.0 ], [ 73.1450594, 28.1556174, 0.0 ], [ 73.1450362, 28.1556171, 0.0 ], [ 73.1450415, 28.1553139, 0.0 ] ], [ [ 73.1449855, 28.1553131, 0.0 ], [ 73.1450086, 28.1553134, 0.0 ], [ 73.1450034, 28.1556167, 0.0 ], [ 73.1449803, 28.1556164, 0.0 ], [ 73.1449855, 28.1553131, 0.0 ] ], [ [ 73.1450575, 28.1543827, 0.0 ], [ 73.1450807, 28.154383, 0.0 ], [ 73.1450754, 28.1546863, 0.0 ], [ 73.1450523, 28.154686, 0.0 ], [ 73.1450575, 28.1543827, 0.0 ] ], [ [ 73.1450015, 28.154382, 0.0 ], [ 73.1450247, 28.1543823, 0.0 ], [ 73.1450194, 28.1546855, 0.0 ], [ 73.1449963, 28.1546852, 0.0 ], [ 73.1450015, 28.154382, 0.0 ] ], [ [ 73.1450522, 28.1546944, 0.0 ], [ 73.1450753, 28.1546947, 0.0 ], [ 73.1450701, 28.154998, 0.0 ], [ 73.1450469, 28.1549977, 0.0 ], [ 73.1450522, 28.1546944, 0.0 ] ], [ [ 73.1449962, 28.1546936, 0.0 ], [ 73.1450193, 28.154694, 0.0 ], [ 73.1450141, 28.1549972, 0.0 ], [ 73.1449909, 28.1549969, 0.0 ], [ 73.1449962, 28.1546936, 0.0 ] ], [ [ 73.1450682, 28.1537632, 0.0 ], [ 73.1450913, 28.1537636, 0.0 ], [ 73.1450861, 28.1540668, 0.0 ], [ 73.145063, 28.1540665, 0.0 ], [ 73.1450682, 28.1537632, 0.0 ] ], [ [ 73.1450122, 28.1537625, 0.0 ], [ 73.1450353, 28.1537628, 0.0 ], [ 73.1450301, 28.1540661, 0.0 ], [ 73.145007, 28.1540658, 0.0 ], [ 73.1450122, 28.1537625, 0.0 ] ], [ [ 73.1450628, 28.1540749, 0.0 ], [ 73.145086, 28.1540752, 0.0 ], [ 73.1450807, 28.1543785, 0.0 ], [ 73.1450576, 28.1543782, 0.0 ], [ 73.1450628, 28.1540749, 0.0 ] ], [ [ 73.1450068, 28.1540742, 0.0 ], [ 73.14503, 28.1540745, 0.0 ], [ 73.1450247, 28.1543778, 0.0 ], [ 73.1450016, 28.1543774, 0.0 ], [ 73.1450068, 28.1540742, 0.0 ] ], [ [ 73.1449028, 28.1568591, 0.0 ], [ 73.1449259, 28.1568594, 0.0 ], [ 73.1449207, 28.1571626, 0.0 ], [ 73.1448976, 28.1571623, 0.0 ], [ 73.1449028, 28.1568591, 0.0 ] ], [ [ 73.1448468, 28.1568583, 0.0 ], [ 73.14487, 28.1568586, 0.0 ], [ 73.1448647, 28.1571619, 0.0 ], [ 73.1448416, 28.1571616, 0.0 ], [ 73.1448468, 28.1568583, 0.0 ] ], [ [ 73.1448974, 28.1571707, 0.0 ], [ 73.1449206, 28.1571711, 0.0 ], [ 73.1449153, 28.1574743, 0.0 ], [ 73.1448922, 28.157474, 0.0 ], [ 73.1448974, 28.1571707, 0.0 ] ], [ [ 73.1448415, 28.15717, 0.0 ], [ 73.1448646, 28.1571703, 0.0 ], [ 73.1448594, 28.1574736, 0.0 ], [ 73.1448362, 28.1574733, 0.0 ], [ 73.1448415, 28.15717, 0.0 ] ], [ [ 73.1449135, 28.1562396, 0.0 ], [ 73.1449366, 28.1562399, 0.0 ], [ 73.1449314, 28.1565432, 0.0 ], [ 73.1449083, 28.1565429, 0.0 ], [ 73.1449135, 28.1562396, 0.0 ] ], [ [ 73.1448575, 28.1562388, 0.0 ], [ 73.1448806, 28.1562391, 0.0 ], [ 73.1448754, 28.1565424, 0.0 ], [ 73.1448523, 28.1565421, 0.0 ], [ 73.1448575, 28.1562388, 0.0 ] ], [ [ 73.1449081, 28.1565513, 0.0 ], [ 73.1449313, 28.1565516, 0.0 ], [ 73.144926, 28.1568549, 0.0 ], [ 73.1449029, 28.1568545, 0.0 ], [ 73.1449081, 28.1565513, 0.0 ] ], [ [ 73.1448521, 28.1565505, 0.0 ], [ 73.1448753, 28.1565508, 0.0 ], [ 73.14487, 28.1568541, 0.0 ], [ 73.1448469, 28.1568538, 0.0 ], [ 73.1448521, 28.1565505, 0.0 ] ], [ [ 73.1449242, 28.1556201, 0.0 ], [ 73.1449473, 28.1556204, 0.0 ], [ 73.1449421, 28.1559237, 0.0 ], [ 73.144919, 28.1559234, 0.0 ], [ 73.1449242, 28.1556201, 0.0 ] ], [ [ 73.1448682, 28.1556194, 0.0 ], [ 73.1448913, 28.1556197, 0.0 ], [ 73.1448861, 28.1559229, 0.0 ], [ 73.144863, 28.1559226, 0.0 ], [ 73.1448682, 28.1556194, 0.0 ] ], [ [ 73.1449188, 28.1559318, 0.0 ], [ 73.1449419, 28.1559321, 0.0 ], [ 73.1449367, 28.1562354, 0.0 ], [ 73.1449136, 28.1562351, 0.0 ], [ 73.1449188, 28.1559318, 0.0 ] ], [ [ 73.1448628, 28.1559311, 0.0 ], [ 73.1448859, 28.1559314, 0.0 ], [ 73.1448807, 28.1562346, 0.0 ], [ 73.1448576, 28.1562343, 0.0 ], [ 73.1448628, 28.1559311, 0.0 ] ], [ [ 73.1449349, 28.1550007, 0.0 ], [ 73.144958, 28.155001, 0.0 ], [ 73.1449528, 28.1553042, 0.0 ], [ 73.1449296, 28.1553039, 0.0 ], [ 73.1449349, 28.1550007, 0.0 ] ], [ [ 73.1448789, 28.1549999, 0.0 ], [ 73.144902, 28.1550002, 0.0 ], [ 73.1448968, 28.1553035, 0.0 ], [ 73.1448736, 28.1553032, 0.0 ], [ 73.1448789, 28.1549999, 0.0 ] ], [ [ 73.1449295, 28.1553123, 0.0 ], [ 73.1449526, 28.1553127, 0.0 ], [ 73.1449474, 28.1556159, 0.0 ], [ 73.1449243, 28.1556156, 0.0 ], [ 73.1449295, 28.1553123, 0.0 ] ], [ [ 73.1448735, 28.1553116, 0.0 ], [ 73.1448966, 28.1553119, 0.0 ], [ 73.1448914, 28.1556152, 0.0 ], [ 73.1448683, 28.1556149, 0.0 ], [ 73.1448735, 28.1553116, 0.0 ] ], [ [ 73.1449455, 28.1543812, 0.0 ], [ 73.1449687, 28.1543815, 0.0 ], [ 73.1449634, 28.1546848, 0.0 ], [ 73.1449403, 28.1546845, 0.0 ], [ 73.1449455, 28.1543812, 0.0 ] ], [ [ 73.1448896, 28.1543804, 0.0 ], [ 73.1449127, 28.1543808, 0.0 ], [ 73.1449075, 28.154684, 0.0 ], [ 73.1448843, 28.1546837, 0.0 ], [ 73.1448896, 28.1543804, 0.0 ] ], [ [ 73.1449402, 28.1546929, 0.0 ], [ 73.1449633, 28.1546932, 0.0 ], [ 73.1449581, 28.1549965, 0.0 ], [ 73.1449349, 28.1549961, 0.0 ], [ 73.1449402, 28.1546929, 0.0 ] ], [ [ 73.1448842, 28.1546921, 0.0 ], [ 73.1449073, 28.1546924, 0.0 ], [ 73.1449021, 28.1549957, 0.0 ], [ 73.144879, 28.1549954, 0.0 ], [ 73.1448842, 28.1546921, 0.0 ] ], [ [ 73.1449562, 28.1537617, 0.0 ], [ 73.1449794, 28.153762, 0.0 ], [ 73.1449741, 28.1540653, 0.0 ], [ 73.144951, 28.154065, 0.0 ], [ 73.1449562, 28.1537617, 0.0 ] ], [ [ 73.1449002, 28.153761, 0.0 ], [ 73.1449234, 28.1537613, 0.0 ], [ 73.1449181, 28.1540646, 0.0 ], [ 73.144895, 28.1540642, 0.0 ], [ 73.1449002, 28.153761, 0.0 ] ], [ [ 73.1449509, 28.1540734, 0.0 ], [ 73.144974, 28.1540737, 0.0 ], [ 73.1449688, 28.154377, 0.0 ], [ 73.1449456, 28.1543767, 0.0 ], [ 73.1449509, 28.1540734, 0.0 ] ], [ [ 73.1448949, 28.1540727, 0.0 ], [ 73.144918, 28.154073, 0.0 ], [ 73.1449128, 28.1543762, 0.0 ], [ 73.1448896, 28.1543759, 0.0 ], [ 73.1448949, 28.1540727, 0.0 ] ], [ [ 73.1447908, 28.1568575, 0.0 ], [ 73.144814, 28.1568579, 0.0 ], [ 73.1448087, 28.1571611, 0.0 ], [ 73.1447856, 28.1571608, 0.0 ], [ 73.1447908, 28.1568575, 0.0 ] ], [ [ 73.1447348, 28.1568568, 0.0 ], [ 73.144758, 28.1568571, 0.0 ], [ 73.1447527, 28.1571604, 0.0 ], [ 73.1447296, 28.15716, 0.0 ], [ 73.1447348, 28.1568568, 0.0 ] ], [ [ 73.1447855, 28.1571692, 0.0 ], [ 73.1448086, 28.1571695, 0.0 ], [ 73.1448034, 28.1574728, 0.0 ], [ 73.1447802, 28.1574725, 0.0 ], [ 73.1447855, 28.1571692, 0.0 ] ], [ [ 73.1447295, 28.1571685, 0.0 ], [ 73.1447526, 28.1571688, 0.0 ], [ 73.1447474, 28.157472, 0.0 ], [ 73.1447242, 28.1574717, 0.0 ], [ 73.1447295, 28.1571685, 0.0 ] ], [ [ 73.1448015, 28.1562381, 0.0 ], [ 73.1448247, 28.1562384, 0.0 ], [ 73.1448194, 28.1565417, 0.0 ], [ 73.1447963, 28.1565413, 0.0 ], [ 73.1448015, 28.1562381, 0.0 ] ], [ [ 73.1447455, 28.1562373, 0.0 ], [ 73.1447687, 28.1562376, 0.0 ], [ 73.1447634, 28.1565409, 0.0 ], [ 73.1447403, 28.1565406, 0.0 ], [ 73.1447455, 28.1562373, 0.0 ] ], [ [ 73.1447961, 28.1565498, 0.0 ], [ 73.1448193, 28.1565501, 0.0 ], [ 73.144814, 28.1568533, 0.0 ], [ 73.1447909, 28.156853, 0.0 ], [ 73.1447961, 28.1565498, 0.0 ] ], [ [ 73.1447402, 28.156549, 0.0 ], [ 73.1447633, 28.1565493, 0.0 ], [ 73.1447581, 28.1568526, 0.0 ], [ 73.1447349, 28.1568523, 0.0 ], [ 73.1447402, 28.156549, 0.0 ] ], [ [ 73.1448122, 28.1556186, 0.0 ], [ 73.1448353, 28.1556189, 0.0 ], [ 73.1448301, 28.1559222, 0.0 ], [ 73.144807, 28.1559219, 0.0 ], [ 73.1448122, 28.1556186, 0.0 ] ], [ [ 73.1447562, 28.1556179, 0.0 ], [ 73.1447793, 28.1556182, 0.0 ], [ 73.1447741, 28.1559214, 0.0 ], [ 73.144751, 28.1559211, 0.0 ], [ 73.1447562, 28.1556179, 0.0 ] ], [ [ 73.1448068, 28.1559303, 0.0 ], [ 73.14483, 28.1559306, 0.0 ], [ 73.1448247, 28.1562339, 0.0 ], [ 73.1448016, 28.1562336, 0.0 ], [ 73.1448068, 28.1559303, 0.0 ] ], [ [ 73.1447508, 28.1559295, 0.0 ], [ 73.144774, 28.1559298, 0.0 ], [ 73.1447687, 28.1562331, 0.0 ], [ 73.1447456, 28.1562328, 0.0 ], [ 73.1447508, 28.1559295, 0.0 ] ], [ [ 73.1448229, 28.1549991, 0.0 ], [ 73.144846, 28.1549995, 0.0 ], [ 73.1448408, 28.1553027, 0.0 ], [ 73.1448177, 28.1553024, 0.0 ], [ 73.1448229, 28.1549991, 0.0 ] ], [ [ 73.1447669, 28.1549984, 0.0 ], [ 73.14479, 28.1549987, 0.0 ], [ 73.1447848, 28.155302, 0.0 ], [ 73.1447617, 28.1553017, 0.0 ], [ 73.1447669, 28.1549984, 0.0 ] ], [ [ 73.1448175, 28.1553108, 0.0 ], [ 73.1448406, 28.1553111, 0.0 ], [ 73.1448354, 28.1556144, 0.0 ], [ 73.1448123, 28.1556141, 0.0 ], [ 73.1448175, 28.1553108, 0.0 ] ], [ [ 73.1447615, 28.1553101, 0.0 ], [ 73.1447847, 28.1553104, 0.0 ], [ 73.1447794, 28.1556137, 0.0 ], [ 73.1447563, 28.1556133, 0.0 ], [ 73.1447615, 28.1553101, 0.0 ] ], [ [ 73.1448336, 28.1543797, 0.0 ], [ 73.1448567, 28.15438, 0.0 ], [ 73.1448515, 28.1546833, 0.0 ], [ 73.1448283, 28.1546829, 0.0 ], [ 73.1448336, 28.1543797, 0.0 ] ], [ [ 73.1447776, 28.1543789, 0.0 ], [ 73.1448007, 28.1543792, 0.0 ], [ 73.1447955, 28.1546825, 0.0 ], [ 73.1447724, 28.1546822, 0.0 ], [ 73.1447776, 28.1543789, 0.0 ] ], [ [ 73.1448282, 28.1546914, 0.0 ], [ 73.1448513, 28.1546917, 0.0 ], [ 73.1448461, 28.1549949, 0.0 ], [ 73.144823, 28.1549946, 0.0 ], [ 73.1448282, 28.1546914, 0.0 ] ], [ [ 73.1447722, 28.1546906, 0.0 ], [ 73.1447953, 28.1546909, 0.0 ], [ 73.1447901, 28.1549942, 0.0 ], [ 73.144767, 28.1549939, 0.0 ], [ 73.1447722, 28.1546906, 0.0 ] ], [ [ 73.1448443, 28.1537602, 0.0 ], [ 73.1448674, 28.1537605, 0.0 ], [ 73.1448622, 28.1540638, 0.0 ], [ 73.144839, 28.1540635, 0.0 ], [ 73.1448443, 28.1537602, 0.0 ] ], [ [ 73.1447883, 28.1537595, 0.0 ], [ 73.1448114, 28.1537598, 0.0 ], [ 73.1448062, 28.154063, 0.0 ], [ 73.144783, 28.1540627, 0.0 ], [ 73.1447883, 28.1537595, 0.0 ] ], [ [ 73.1448389, 28.1540719, 0.0 ], [ 73.144862, 28.1540722, 0.0 ], [ 73.1448568, 28.1543755, 0.0 ], [ 73.1448336, 28.1543752, 0.0 ], [ 73.1448389, 28.1540719, 0.0 ] ], [ [ 73.1447829, 28.1540711, 0.0 ], [ 73.144806, 28.1540715, 0.0 ], [ 73.1448008, 28.1543747, 0.0 ], [ 73.1447777, 28.1543744, 0.0 ], [ 73.1447829, 28.1540711, 0.0 ] ], [ [ 73.1446789, 28.156856, 0.0 ], [ 73.144702, 28.1568563, 0.0 ], [ 73.1446968, 28.1571596, 0.0 ], [ 73.1446736, 28.1571593, 0.0 ], [ 73.1446789, 28.156856, 0.0 ] ], [ [ 73.1446229, 28.1568553, 0.0 ], [ 73.144646, 28.1568556, 0.0 ], [ 73.1446408, 28.1571588, 0.0 ], [ 73.1446176, 28.1571585, 0.0 ], [ 73.1446229, 28.1568553, 0.0 ] ], [ [ 73.1446735, 28.1571677, 0.0 ], [ 73.1446966, 28.157168, 0.0 ], [ 73.1446914, 28.1574713, 0.0 ], [ 73.1446683, 28.157471, 0.0 ], [ 73.1446735, 28.1571677, 0.0 ] ], [ [ 73.1446175, 28.1571669, 0.0 ], [ 73.1446406, 28.1571673, 0.0 ], [ 73.1446354, 28.1574705, 0.0 ], [ 73.1446123, 28.1574702, 0.0 ], [ 73.1446175, 28.1571669, 0.0 ] ], [ [ 73.1446895, 28.1562366, 0.0 ], [ 73.1447127, 28.1562369, 0.0 ], [ 73.1447074, 28.1565401, 0.0 ], [ 73.1446843, 28.1565398, 0.0 ], [ 73.1446895, 28.1562366, 0.0 ] ], [ [ 73.1446336, 28.1562358, 0.0 ], [ 73.1446567, 28.1562361, 0.0 ], [ 73.1446515, 28.1565394, 0.0 ], [ 73.1446283, 28.1565391, 0.0 ], [ 73.1446336, 28.1562358, 0.0 ] ], [ [ 73.1446842, 28.1565482, 0.0 ], [ 73.1447073, 28.1565486, 0.0 ], [ 73.1447021, 28.1568518, 0.0 ], [ 73.1446789, 28.1568515, 0.0 ], [ 73.1446842, 28.1565482, 0.0 ] ], [ [ 73.1446282, 28.1565475, 0.0 ], [ 73.1446513, 28.1565478, 0.0 ], [ 73.1446461, 28.1568511, 0.0 ], [ 73.1446229, 28.1568508, 0.0 ], [ 73.1446282, 28.1565475, 0.0 ] ], [ [ 73.1447002, 28.1556171, 0.0 ], [ 73.1447234, 28.1556174, 0.0 ], [ 73.1447181, 28.1559207, 0.0 ], [ 73.144695, 28.1559204, 0.0 ], [ 73.1447002, 28.1556171, 0.0 ] ], [ [ 73.1446442, 28.1556163, 0.0 ], [ 73.1446674, 28.1556166, 0.0 ], [ 73.1446621, 28.1559199, 0.0 ], [ 73.144639, 28.1559196, 0.0 ], [ 73.1446442, 28.1556163, 0.0 ] ], [ [ 73.1446949, 28.1559288, 0.0 ], [ 73.144718, 28.1559291, 0.0 ], [ 73.1447127, 28.1562324, 0.0 ], [ 73.1446896, 28.156232, 0.0 ], [ 73.1446949, 28.1559288, 0.0 ] ], [ [ 73.1446389, 28.155928, 0.0 ], [ 73.144662, 28.1559283, 0.0 ], [ 73.1446568, 28.1562316, 0.0 ], [ 73.1446336, 28.1562313, 0.0 ], [ 73.1446389, 28.155928, 0.0 ] ], [ [ 73.1447109, 28.1549976, 0.0 ], [ 73.144734, 28.1549979, 0.0 ], [ 73.1447288, 28.1553012, 0.0 ], [ 73.1447057, 28.1553009, 0.0 ], [ 73.1447109, 28.1549976, 0.0 ] ], [ [ 73.1446549, 28.1549969, 0.0 ], [ 73.144678, 28.1549972, 0.0 ], [ 73.1446728, 28.1553005, 0.0 ], [ 73.1446497, 28.1553001, 0.0 ], [ 73.1446549, 28.1549969, 0.0 ] ], [ [ 73.1447055, 28.1553093, 0.0 ], [ 73.1447287, 28.1553096, 0.0 ], [ 73.1447234, 28.1556129, 0.0 ], [ 73.1447003, 28.1556126, 0.0 ], [ 73.1447055, 28.1553093, 0.0 ] ], [ [ 73.1446495, 28.1553086, 0.0 ], [ 73.1446727, 28.1553089, 0.0 ], [ 73.1446674, 28.1556121, 0.0 ], [ 73.1446443, 28.1556118, 0.0 ], [ 73.1446495, 28.1553086, 0.0 ] ], [ [ 73.1447216, 28.1543782, 0.0 ], [ 73.1447447, 28.1543785, 0.0 ], [ 73.1447395, 28.1546817, 0.0 ], [ 73.1447164, 28.1546814, 0.0 ], [ 73.1447216, 28.1543782, 0.0 ] ], [ [ 73.1446656, 28.1543774, 0.0 ], [ 73.1446887, 28.1543777, 0.0 ], [ 73.1446835, 28.154681, 0.0 ], [ 73.1446604, 28.1546807, 0.0 ], [ 73.1446656, 28.1543774, 0.0 ] ], [ [ 73.1447162, 28.1546898, 0.0 ], [ 73.1447393, 28.1546902, 0.0 ], [ 73.1447341, 28.1549934, 0.0 ], [ 73.144711, 28.1549931, 0.0 ], [ 73.1447162, 28.1546898, 0.0 ] ], [ [ 73.1446602, 28.1546891, 0.0 ], [ 73.1446834, 28.1546894, 0.0 ], [ 73.1446781, 28.1549927, 0.0 ], [ 73.144655, 28.1549924, 0.0 ], [ 73.1446602, 28.1546891, 0.0 ] ], [ [ 73.1447323, 28.1537587, 0.0 ], [ 73.1447554, 28.153759, 0.0 ], [ 73.1447502, 28.1540623, 0.0 ], [ 73.144727, 28.154062, 0.0 ], [ 73.1447323, 28.1537587, 0.0 ] ], [ [ 73.1446763, 28.1537579, 0.0 ], [ 73.1446994, 28.1537583, 0.0 ], [ 73.1446942, 28.1540615, 0.0 ], [ 73.1446711, 28.1540612, 0.0 ], [ 73.1446763, 28.1537579, 0.0 ] ], [ [ 73.1447269, 28.1540704, 0.0 ], [ 73.14475, 28.1540707, 0.0 ], [ 73.1447448, 28.154374, 0.0 ], [ 73.1447217, 28.1543737, 0.0 ], [ 73.1447269, 28.1540704, 0.0 ] ], [ [ 73.1446709, 28.1540696, 0.0 ], [ 73.144694, 28.1540699, 0.0 ], [ 73.1446888, 28.1543732, 0.0 ], [ 73.1446657, 28.1543729, 0.0 ], [ 73.1446709, 28.1540696, 0.0 ] ], [ [ 73.1438843, 28.1574649, 0.0 ], [ 73.1439074, 28.1574652, 0.0 ], [ 73.1439022, 28.1577684, 0.0 ], [ 73.1438791, 28.1577681, 0.0 ], [ 73.1438843, 28.1574649, 0.0 ] ], [ [ 73.1438283, 28.1574641, 0.0 ], [ 73.1438514, 28.1574644, 0.0 ], [ 73.1438462, 28.1577677, 0.0 ], [ 73.1438231, 28.1577674, 0.0 ], [ 73.1438283, 28.1574641, 0.0 ] ], [ [ 73.1438789, 28.1577766, 0.0 ], [ 73.1439021, 28.1577769, 0.0 ], [ 73.1438968, 28.1580801, 0.0 ], [ 73.1438737, 28.1580798, 0.0 ], [ 73.1438789, 28.1577766, 0.0 ] ], [ [ 73.1438229, 28.1577758, 0.0 ], [ 73.1438461, 28.1577761, 0.0 ], [ 73.1438408, 28.1580794, 0.0 ], [ 73.1438177, 28.1580791, 0.0 ], [ 73.1438229, 28.1577758, 0.0 ] ], [ [ 73.1437723, 28.1574633, 0.0 ], [ 73.1437955, 28.1574637, 0.0 ], [ 73.1437902, 28.1577669, 0.0 ], [ 73.1437671, 28.1577666, 0.0 ], [ 73.1437723, 28.1574633, 0.0 ] ], [ [ 73.1437163, 28.1574626, 0.0 ], [ 73.1437395, 28.1574629, 0.0 ], [ 73.1437342, 28.1577662, 0.0 ], [ 73.1437111, 28.1577659, 0.0 ], [ 73.1437163, 28.1574626, 0.0 ] ], [ [ 73.1437669, 28.157775, 0.0 ], [ 73.1437901, 28.1577753, 0.0 ], [ 73.1437848, 28.1580786, 0.0 ], [ 73.1437617, 28.1580783, 0.0 ], [ 73.1437669, 28.157775, 0.0 ] ], [ [ 73.143711, 28.1577743, 0.0 ], [ 73.1437341, 28.1577746, 0.0 ], [ 73.1437289, 28.1580779, 0.0 ], [ 73.1437057, 28.1580775, 0.0 ], [ 73.143711, 28.1577743, 0.0 ] ], [ [ 73.1436603, 28.1574618, 0.0 ], [ 73.1436835, 28.1574621, 0.0 ], [ 73.1436782, 28.1577654, 0.0 ], [ 73.1436551, 28.1577651, 0.0 ], [ 73.1436603, 28.1574618, 0.0 ] ], [ [ 73.1436044, 28.1574611, 0.0 ], [ 73.1436275, 28.1574614, 0.0 ], [ 73.1436223, 28.1577647, 0.0 ], [ 73.1435991, 28.1577643, 0.0 ], [ 73.1436044, 28.1574611, 0.0 ] ], [ [ 73.143655, 28.1577735, 0.0 ], [ 73.1436781, 28.1577738, 0.0 ], [ 73.1436729, 28.1580771, 0.0 ], [ 73.1436497, 28.1580768, 0.0 ], [ 73.143655, 28.1577735, 0.0 ] ], [ [ 73.143599, 28.1577728, 0.0 ], [ 73.1436221, 28.1577731, 0.0 ], [ 73.1436169, 28.1580763, 0.0 ], [ 73.1435937, 28.158076, 0.0 ], [ 73.143599, 28.1577728, 0.0 ] ], [ [ 73.1435484, 28.1574603, 0.0 ], [ 73.1435715, 28.1574606, 0.0 ], [ 73.1435663, 28.1577639, 0.0 ], [ 73.1435431, 28.1577636, 0.0 ], [ 73.1435484, 28.1574603, 0.0 ] ], [ [ 73.1434924, 28.1574596, 0.0 ], [ 73.1435155, 28.1574599, 0.0 ], [ 73.1435103, 28.1577631, 0.0 ], [ 73.1434871, 28.1577628, 0.0 ], [ 73.1434924, 28.1574596, 0.0 ] ], [ [ 73.143543, 28.157772, 0.0 ], [ 73.1435661, 28.1577723, 0.0 ], [ 73.1435609, 28.1580756, 0.0 ], [ 73.1435378, 28.1580753, 0.0 ], [ 73.143543, 28.157772, 0.0 ] ], [ [ 73.143487, 28.1577712, 0.0 ], [ 73.1435101, 28.1577716, 0.0 ], [ 73.1435049, 28.1580748, 0.0 ], [ 73.1434818, 28.1580745, 0.0 ], [ 73.143487, 28.1577712, 0.0 ] ], [ [ 73.1439963, 28.1574664, 0.0 ], [ 73.1440194, 28.1574667, 0.0 ], [ 73.1440142, 28.15777, 0.0 ], [ 73.1439911, 28.1577697, 0.0 ], [ 73.1439963, 28.1574664, 0.0 ] ], [ [ 73.1439403, 28.1574656, 0.0 ], [ 73.1439634, 28.1574659, 0.0 ], [ 73.1439582, 28.1577692, 0.0 ], [ 73.1439351, 28.1577689, 0.0 ], [ 73.1439403, 28.1574656, 0.0 ] ], [ [ 73.1439909, 28.1577781, 0.0 ], [ 73.144014, 28.1577784, 0.0 ], [ 73.1440088, 28.1580816, 0.0 ], [ 73.1439857, 28.1580813, 0.0 ], [ 73.1439909, 28.1577781, 0.0 ] ], [ [ 73.1439349, 28.1577773, 0.0 ], [ 73.143958, 28.1577776, 0.0 ], [ 73.1439528, 28.1580809, 0.0 ], [ 73.1439297, 28.1580806, 0.0 ], [ 73.1439349, 28.1577773, 0.0 ] ], [ [ 73.1445669, 28.1568545, 0.0 ], [ 73.14459, 28.1568548, 0.0 ], [ 73.1445848, 28.1571581, 0.0 ], [ 73.1445616, 28.1571578, 0.0 ], [ 73.1445669, 28.1568545, 0.0 ] ], [ [ 73.1445109, 28.1568537, 0.0 ], [ 73.144534, 28.1568541, 0.0 ], [ 73.1445288, 28.1571573, 0.0 ], [ 73.1445057, 28.157157, 0.0 ], [ 73.1445109, 28.1568537, 0.0 ] ], [ [ 73.1445615, 28.1571662, 0.0 ], [ 73.1445846, 28.1571665, 0.0 ], [ 73.1445794, 28.1574698, 0.0 ], [ 73.1445563, 28.1574695, 0.0 ], [ 73.1445615, 28.1571662, 0.0 ] ], [ [ 73.1445055, 28.1571654, 0.0 ], [ 73.1445286, 28.1571657, 0.0 ], [ 73.1445234, 28.157469, 0.0 ], [ 73.1445003, 28.1574687, 0.0 ], [ 73.1445055, 28.1571654, 0.0 ] ], [ [ 73.1444549, 28.156853, 0.0 ], [ 73.144478, 28.1568533, 0.0 ], [ 73.1444728, 28.1571566, 0.0 ], [ 73.1444497, 28.1571563, 0.0 ], [ 73.1444549, 28.156853, 0.0 ] ], [ [ 73.1443989, 28.1568522, 0.0 ], [ 73.144422, 28.1568525, 0.0 ], [ 73.1444168, 28.1571558, 0.0 ], [ 73.1443937, 28.1571555, 0.0 ], [ 73.1443989, 28.1568522, 0.0 ] ], [ [ 73.1444495, 28.1571647, 0.0 ], [ 73.1444727, 28.157165, 0.0 ], [ 73.1444674, 28.1574683, 0.0 ], [ 73.1444443, 28.1574679, 0.0 ], [ 73.1444495, 28.1571647, 0.0 ] ], [ [ 73.1443935, 28.1571639, 0.0 ], [ 73.1444167, 28.1571642, 0.0 ], [ 73.1444114, 28.1574675, 0.0 ], [ 73.1443883, 28.1574672, 0.0 ], [ 73.1443935, 28.1571639, 0.0 ] ], [ [ 73.1443429, 28.1568515, 0.0 ], [ 73.144366, 28.1568518, 0.0 ], [ 73.1443608, 28.1571551, 0.0 ], [ 73.1443377, 28.1571547, 0.0 ], [ 73.1443429, 28.1568515, 0.0 ] ], [ [ 73.1442869, 28.1568507, 0.0 ], [ 73.1443101, 28.156851, 0.0 ], [ 73.1443048, 28.1571543, 0.0 ], [ 73.1442817, 28.157154, 0.0 ], [ 73.1442869, 28.1568507, 0.0 ] ], [ [ 73.1443375, 28.1571632, 0.0 ], [ 73.1443607, 28.1571635, 0.0 ], [ 73.1443554, 28.1574667, 0.0 ], [ 73.1443323, 28.1574664, 0.0 ], [ 73.1443375, 28.1571632, 0.0 ] ], [ [ 73.1442816, 28.1571624, 0.0 ], [ 73.1443047, 28.1571627, 0.0 ], [ 73.1442994, 28.157466, 0.0 ], [ 73.1442763, 28.1574657, 0.0 ], [ 73.1442816, 28.1571624, 0.0 ] ], [ [ 73.1442309, 28.15685, 0.0 ], [ 73.1442541, 28.1568503, 0.0 ], [ 73.1442488, 28.1571535, 0.0 ], [ 73.1442257, 28.1571532, 0.0 ], [ 73.1442309, 28.15685, 0.0 ] ], [ [ 73.1441749, 28.1568492, 0.0 ], [ 73.1441981, 28.1568495, 0.0 ], [ 73.1441928, 28.1571528, 0.0 ], [ 73.1441697, 28.1571525, 0.0 ], [ 73.1441749, 28.1568492, 0.0 ] ], [ [ 73.1442256, 28.1571616, 0.0 ], [ 73.1442487, 28.157162, 0.0 ], [ 73.1442435, 28.1574652, 0.0 ], [ 73.1442203, 28.1574649, 0.0 ], [ 73.1442256, 28.1571616, 0.0 ] ], [ [ 73.1441696, 28.1571609, 0.0 ], [ 73.1441927, 28.1571612, 0.0 ], [ 73.1441875, 28.1574645, 0.0 ], [ 73.1441643, 28.1574641, 0.0 ], [ 73.1441696, 28.1571609, 0.0 ] ], [ [ 73.144119, 28.1568484, 0.0 ], [ 73.1441421, 28.1568487, 0.0 ], [ 73.1441369, 28.157152, 0.0 ], [ 73.1441137, 28.1571517, 0.0 ], [ 73.144119, 28.1568484, 0.0 ] ], [ [ 73.144063, 28.1568477, 0.0 ], [ 73.1440861, 28.156848, 0.0 ], [ 73.1440809, 28.1571513, 0.0 ], [ 73.1440577, 28.1571509, 0.0 ], [ 73.144063, 28.1568477, 0.0 ] ], [ [ 73.1441136, 28.1571601, 0.0 ], [ 73.1441367, 28.1571604, 0.0 ], [ 73.1441315, 28.1574637, 0.0 ], [ 73.1441083, 28.1574634, 0.0 ], [ 73.1441136, 28.1571601, 0.0 ] ], [ [ 73.1440576, 28.1571594, 0.0 ], [ 73.1440807, 28.1571597, 0.0 ], [ 73.1440755, 28.1574629, 0.0 ], [ 73.1440524, 28.1574626, 0.0 ], [ 73.1440576, 28.1571594, 0.0 ] ], [ [ 73.143895, 28.1568454, 0.0 ], [ 73.1439181, 28.1568457, 0.0 ], [ 73.1439129, 28.157149, 0.0 ], [ 73.1438898, 28.1571487, 0.0 ], [ 73.143895, 28.1568454, 0.0 ] ], [ [ 73.143839, 28.1568446, 0.0 ], [ 73.1438621, 28.156845, 0.0 ], [ 73.1438569, 28.1571482, 0.0 ], [ 73.1438338, 28.1571479, 0.0 ], [ 73.143839, 28.1568446, 0.0 ] ], [ [ 73.1438896, 28.1571571, 0.0 ], [ 73.1439127, 28.1571574, 0.0 ], [ 73.1439075, 28.1574607, 0.0 ], [ 73.1438844, 28.1574604, 0.0 ], [ 73.1438896, 28.1571571, 0.0 ] ], [ [ 73.1438336, 28.1571563, 0.0 ], [ 73.1438568, 28.1571566, 0.0 ], [ 73.1438515, 28.1574599, 0.0 ], [ 73.1438284, 28.1574596, 0.0 ], [ 73.1438336, 28.1571563, 0.0 ] ], [ [ 73.143783, 28.1568439, 0.0 ], [ 73.1438061, 28.1568442, 0.0 ], [ 73.1438009, 28.1571475, 0.0 ], [ 73.1437778, 28.1571472, 0.0 ], [ 73.143783, 28.1568439, 0.0 ] ], [ [ 73.143727, 28.1568431, 0.0 ], [ 73.1437502, 28.1568434, 0.0 ], [ 73.1437449, 28.1571467, 0.0 ], [ 73.1437218, 28.1571464, 0.0 ], [ 73.143727, 28.1568431, 0.0 ] ], [ [ 73.1437776, 28.1571556, 0.0 ], [ 73.1438008, 28.1571559, 0.0 ], [ 73.1437955, 28.1574591, 0.0 ], [ 73.1437724, 28.1574588, 0.0 ], [ 73.1437776, 28.1571556, 0.0 ] ], [ [ 73.1437216, 28.1571548, 0.0 ], [ 73.1437448, 28.1571551, 0.0 ], [ 73.1437395, 28.1574584, 0.0 ], [ 73.1437164, 28.1574581, 0.0 ], [ 73.1437216, 28.1571548, 0.0 ] ], [ [ 73.143671, 28.1568424, 0.0 ], [ 73.1436942, 28.1568427, 0.0 ], [ 73.1436889, 28.1571459, 0.0 ], [ 73.1436658, 28.1571456, 0.0 ], [ 73.143671, 28.1568424, 0.0 ] ], [ [ 73.143615, 28.1568416, 0.0 ], [ 73.1436382, 28.1568419, 0.0 ], [ 73.1436329, 28.1571452, 0.0 ], [ 73.1436098, 28.1571449, 0.0 ], [ 73.143615, 28.1568416, 0.0 ] ], [ [ 73.1436657, 28.1571541, 0.0 ], [ 73.1436888, 28.1571544, 0.0 ], [ 73.1436836, 28.1574576, 0.0 ], [ 73.1436604, 28.1574573, 0.0 ], [ 73.1436657, 28.1571541, 0.0 ] ], [ [ 73.1436097, 28.1571533, 0.0 ], [ 73.1436328, 28.1571536, 0.0 ], [ 73.1436276, 28.1574569, 0.0 ], [ 73.1436044, 28.1574566, 0.0 ], [ 73.1436097, 28.1571533, 0.0 ] ], [ [ 73.1435591, 28.1568408, 0.0 ], [ 73.1435822, 28.1568412, 0.0 ], [ 73.143577, 28.1571444, 0.0 ], [ 73.1435538, 28.1571441, 0.0 ], [ 73.1435591, 28.1568408, 0.0 ] ], [ [ 73.1435031, 28.1568401, 0.0 ], [ 73.1435262, 28.1568404, 0.0 ], [ 73.143521, 28.1571437, 0.0 ], [ 73.1434978, 28.1571434, 0.0 ], [ 73.1435031, 28.1568401, 0.0 ] ], [ [ 73.1435537, 28.1571525, 0.0 ], [ 73.1435768, 28.1571528, 0.0 ], [ 73.1435716, 28.1574561, 0.0 ], [ 73.1435484, 28.1574558, 0.0 ], [ 73.1435537, 28.1571525, 0.0 ] ], [ [ 73.1434977, 28.1571518, 0.0 ], [ 73.1435208, 28.1571521, 0.0 ], [ 73.1435156, 28.1574554, 0.0 ], [ 73.1434925, 28.157455, 0.0 ], [ 73.1434977, 28.1571518, 0.0 ] ], [ [ 73.1433351, 28.1568378, 0.0 ], [ 73.1433582, 28.1568381, 0.0 ], [ 73.143353, 28.1571414, 0.0 ], [ 73.1433299, 28.1571411, 0.0 ], [ 73.1433351, 28.1568378, 0.0 ] ], [ [ 73.1432791, 28.1568371, 0.0 ], [ 73.1433022, 28.1568374, 0.0 ], [ 73.143297, 28.1571406, 0.0 ], [ 73.1432739, 28.1571403, 0.0 ], [ 73.1432791, 28.1568371, 0.0 ] ], [ [ 73.1433297, 28.1571495, 0.0 ], [ 73.1433528, 28.1571498, 0.0 ], [ 73.1433476, 28.1574531, 0.0 ], [ 73.1433245, 28.1574528, 0.0 ], [ 73.1433297, 28.1571495, 0.0 ] ], [ [ 73.1432737, 28.1571487, 0.0 ], [ 73.1432969, 28.1571491, 0.0 ], [ 73.1432916, 28.1574523, 0.0 ], [ 73.1432685, 28.157452, 0.0 ], [ 73.1432737, 28.1571487, 0.0 ] ], [ [ 73.1432231, 28.1568363, 0.0 ], [ 73.1432462, 28.1568366, 0.0 ], [ 73.143241, 28.1571399, 0.0 ], [ 73.1432179, 28.1571396, 0.0 ], [ 73.1432231, 28.1568363, 0.0 ] ], [ [ 73.1431671, 28.1568355, 0.0 ], [ 73.1431903, 28.1568358, 0.0 ], [ 73.143185, 28.1571391, 0.0 ], [ 73.1431619, 28.1571388, 0.0 ], [ 73.1431671, 28.1568355, 0.0 ] ], [ [ 73.1432177, 28.157148, 0.0 ], [ 73.1432409, 28.1571483, 0.0 ], [ 73.1432356, 28.1574516, 0.0 ], [ 73.1432125, 28.1574512, 0.0 ], [ 73.1432177, 28.157148, 0.0 ] ], [ [ 73.1431617, 28.1571472, 0.0 ], [ 73.1431849, 28.1571475, 0.0 ], [ 73.1431796, 28.1574508, 0.0 ], [ 73.1431565, 28.1574505, 0.0 ], [ 73.1431617, 28.1571472, 0.0 ] ], [ [ 73.1431111, 28.1568348, 0.0 ], [ 73.1431343, 28.1568351, 0.0 ], [ 73.143129, 28.1571384, 0.0 ], [ 73.1431059, 28.157138, 0.0 ], [ 73.1431111, 28.1568348, 0.0 ] ], [ [ 73.1430551, 28.156834, 0.0 ], [ 73.1430783, 28.1568343, 0.0 ], [ 73.143073, 28.1571376, 0.0 ], [ 73.1430499, 28.1571373, 0.0 ], [ 73.1430551, 28.156834, 0.0 ] ], [ [ 73.1431058, 28.1571465, 0.0 ], [ 73.1431289, 28.1571468, 0.0 ], [ 73.1431236, 28.15745, 0.0 ], [ 73.1431005, 28.1574497, 0.0 ], [ 73.1431058, 28.1571465, 0.0 ] ], [ [ 73.1430498, 28.1571457, 0.0 ], [ 73.1430729, 28.157146, 0.0 ], [ 73.1430677, 28.1574493, 0.0 ], [ 73.1430445, 28.157449, 0.0 ], [ 73.1430498, 28.1571457, 0.0 ] ], [ [ 73.1429992, 28.1568333, 0.0 ], [ 73.1430223, 28.1568336, 0.0 ], [ 73.143017, 28.1571368, 0.0 ], [ 73.1429939, 28.1571365, 0.0 ], [ 73.1429992, 28.1568333, 0.0 ] ], [ [ 73.1429432, 28.1568325, 0.0 ], [ 73.1429663, 28.1568328, 0.0 ], [ 73.1429611, 28.1571361, 0.0 ], [ 73.1429379, 28.1571358, 0.0 ], [ 73.1429432, 28.1568325, 0.0 ] ], [ [ 73.1429938, 28.1571449, 0.0 ], [ 73.1430169, 28.1571453, 0.0 ], [ 73.1430117, 28.1574485, 0.0 ], [ 73.1429885, 28.1574482, 0.0 ], [ 73.1429938, 28.1571449, 0.0 ] ], [ [ 73.1429378, 28.1571442, 0.0 ], [ 73.1429609, 28.1571445, 0.0 ], [ 73.1429557, 28.1574478, 0.0 ], [ 73.1429325, 28.1574474, 0.0 ], [ 73.1429378, 28.1571442, 0.0 ] ], [ [ 73.1428872, 28.1568317, 0.0 ], [ 73.1429103, 28.1568321, 0.0 ], [ 73.1429051, 28.1571353, 0.0 ], [ 73.1428819, 28.157135, 0.0 ], [ 73.1428872, 28.1568317, 0.0 ] ], [ [ 73.1428312, 28.156831, 0.0 ], [ 73.1428543, 28.1568313, 0.0 ], [ 73.1428491, 28.1571346, 0.0 ], [ 73.1428259, 28.1571342, 0.0 ], [ 73.1428312, 28.156831, 0.0 ] ], [ [ 73.1428818, 28.1571434, 0.0 ], [ 73.1429049, 28.1571437, 0.0 ], [ 73.1428997, 28.157447, 0.0 ], [ 73.1428766, 28.1574467, 0.0 ], [ 73.1428818, 28.1571434, 0.0 ] ], [ [ 73.1428258, 28.1571427, 0.0 ], [ 73.1428489, 28.157143, 0.0 ], [ 73.1428437, 28.1574462, 0.0 ], [ 73.1428206, 28.1574459, 0.0 ], [ 73.1428258, 28.1571427, 0.0 ] ], [ [ 73.1427752, 28.1568302, 0.0 ], [ 73.1427983, 28.1568305, 0.0 ], [ 73.1427931, 28.1571338, 0.0 ], [ 73.14277, 28.1571335, 0.0 ], [ 73.1427752, 28.1568302, 0.0 ] ], [ [ 73.1427192, 28.1568295, 0.0 ], [ 73.1427423, 28.1568298, 0.0 ], [ 73.1427371, 28.157133, 0.0 ], [ 73.142714, 28.1571327, 0.0 ], [ 73.1427192, 28.1568295, 0.0 ] ], [ [ 73.1427698, 28.1571419, 0.0 ], [ 73.1427929, 28.1571422, 0.0 ], [ 73.1427877, 28.1574455, 0.0 ], [ 73.1427646, 28.1574452, 0.0 ], [ 73.1427698, 28.1571419, 0.0 ] ], [ [ 73.1427138, 28.1571411, 0.0 ], [ 73.142737, 28.1571415, 0.0 ], [ 73.1427317, 28.1574447, 0.0 ], [ 73.1427086, 28.1574444, 0.0 ], [ 73.1427138, 28.1571411, 0.0 ] ], [ [ 73.1426632, 28.1568287, 0.0 ], [ 73.1426863, 28.156829, 0.0 ], [ 73.1426811, 28.1571323, 0.0 ], [ 73.142658, 28.157132, 0.0 ], [ 73.1426632, 28.1568287, 0.0 ] ], [ [ 73.1426072, 28.1568279, 0.0 ], [ 73.1426304, 28.1568283, 0.0 ], [ 73.1426251, 28.1571315, 0.0 ], [ 73.142602, 28.1571312, 0.0 ], [ 73.1426072, 28.1568279, 0.0 ] ], [ [ 73.1426578, 28.1571404, 0.0 ], [ 73.142681, 28.1571407, 0.0 ], [ 73.1426757, 28.157444, 0.0 ], [ 73.1426526, 28.1574437, 0.0 ], [ 73.1426578, 28.1571404, 0.0 ] ], [ [ 73.1426018, 28.1571396, 0.0 ], [ 73.142625, 28.1571399, 0.0 ], [ 73.1426197, 28.1574432, 0.0 ], [ 73.1425966, 28.1574429, 0.0 ], [ 73.1426018, 28.1571396, 0.0 ] ], [ [ 73.1425512, 28.1568272, 0.0 ], [ 73.1425744, 28.1568275, 0.0 ], [ 73.1425691, 28.1571308, 0.0 ], [ 73.142546, 28.1571304, 0.0 ], [ 73.1425512, 28.1568272, 0.0 ] ], [ [ 73.1424952, 28.1568264, 0.0 ], [ 73.1425184, 28.1568267, 0.0 ], [ 73.1425131, 28.15713, 0.0 ], [ 73.14249, 28.1571297, 0.0 ], [ 73.1424952, 28.1568264, 0.0 ] ], [ [ 73.1425459, 28.1571389, 0.0 ], [ 73.142569, 28.1571392, 0.0 ], [ 73.1425637, 28.1574424, 0.0 ], [ 73.1425406, 28.1574421, 0.0 ], [ 73.1425459, 28.1571389, 0.0 ] ], [ [ 73.1424899, 28.1571381, 0.0 ], [ 73.142513, 28.1571384, 0.0 ], [ 73.1425078, 28.1574417, 0.0 ], [ 73.1424846, 28.1574414, 0.0 ], [ 73.1424899, 28.1571381, 0.0 ] ], [ [ 73.1424393, 28.1568257, 0.0 ], [ 73.1424624, 28.156826, 0.0 ], [ 73.1424571, 28.1571292, 0.0 ], [ 73.142434, 28.1571289, 0.0 ], [ 73.1424393, 28.1568257, 0.0 ] ], [ [ 73.1423833, 28.1568249, 0.0 ], [ 73.1424064, 28.1568252, 0.0 ], [ 73.1424012, 28.1571285, 0.0 ], [ 73.142378, 28.1571282, 0.0 ], [ 73.1423833, 28.1568249, 0.0 ] ], [ [ 73.1424339, 28.1571373, 0.0 ], [ 73.142457, 28.1571377, 0.0 ], [ 73.1424518, 28.1574409, 0.0 ], [ 73.1424286, 28.1574406, 0.0 ], [ 73.1424339, 28.1571373, 0.0 ] ], [ [ 73.1423779, 28.1571366, 0.0 ], [ 73.142401, 28.1571369, 0.0 ], [ 73.1423958, 28.1574402, 0.0 ], [ 73.1423726, 28.1574399, 0.0 ], [ 73.1423779, 28.1571366, 0.0 ] ], [ [ 73.1423273, 28.1568241, 0.0 ], [ 73.1423504, 28.1568245, 0.0 ], [ 73.1423452, 28.1571277, 0.0 ], [ 73.142322, 28.1571274, 0.0 ], [ 73.1423273, 28.1568241, 0.0 ] ], [ [ 73.1422713, 28.1568234, 0.0 ], [ 73.1422944, 28.1568237, 0.0 ], [ 73.1422892, 28.157127, 0.0 ], [ 73.142266, 28.1571267, 0.0 ], [ 73.1422713, 28.1568234, 0.0 ] ], [ [ 73.1423219, 28.1571358, 0.0 ], [ 73.142345, 28.1571361, 0.0 ], [ 73.1423398, 28.1574394, 0.0 ], [ 73.1423167, 28.1574391, 0.0 ], [ 73.1423219, 28.1571358, 0.0 ] ], [ [ 73.1422659, 28.1571351, 0.0 ], [ 73.142289, 28.1571354, 0.0 ], [ 73.1422838, 28.1574387, 0.0 ], [ 73.1422607, 28.1574383, 0.0 ], [ 73.1422659, 28.1571351, 0.0 ] ], [ [ 73.1422153, 28.1568226, 0.0 ], [ 73.1422384, 28.1568229, 0.0 ], [ 73.1422332, 28.1571262, 0.0 ], [ 73.1422101, 28.1571259, 0.0 ], [ 73.1422153, 28.1568226, 0.0 ] ], [ [ 73.1421593, 28.1568219, 0.0 ], [ 73.1421824, 28.1568222, 0.0 ], [ 73.1421772, 28.1571254, 0.0 ], [ 73.1421541, 28.1571251, 0.0 ], [ 73.1421593, 28.1568219, 0.0 ] ], [ [ 73.1422099, 28.1571343, 0.0 ], [ 73.142233, 28.1571346, 0.0 ], [ 73.1422278, 28.1574379, 0.0 ], [ 73.1422047, 28.1574376, 0.0 ], [ 73.1422099, 28.1571343, 0.0 ] ], [ [ 73.1421539, 28.1571336, 0.0 ], [ 73.142177, 28.1571339, 0.0 ], [ 73.1421718, 28.1574371, 0.0 ], [ 73.1421487, 28.1574368, 0.0 ], [ 73.1421539, 28.1571336, 0.0 ] ], [ [ 73.1421033, 28.1568211, 0.0 ], [ 73.1421264, 28.1568214, 0.0 ], [ 73.1421212, 28.1571247, 0.0 ], [ 73.1420981, 28.1571244, 0.0 ], [ 73.1421033, 28.1568211, 0.0 ] ], [ [ 73.1420473, 28.1568203, 0.0 ], [ 73.1420705, 28.1568207, 0.0 ], [ 73.1420652, 28.1571239, 0.0 ], [ 73.1420421, 28.1571236, 0.0 ], [ 73.1420473, 28.1568203, 0.0 ] ], [ [ 73.1420979, 28.1571328, 0.0 ], [ 73.1421211, 28.1571331, 0.0 ], [ 73.1421158, 28.1574364, 0.0 ], [ 73.1420927, 28.1574361, 0.0 ], [ 73.1420979, 28.1571328, 0.0 ] ], [ [ 73.1420419, 28.157132, 0.0 ], [ 73.1420651, 28.1571323, 0.0 ], [ 73.1420598, 28.1574356, 0.0 ], [ 73.1420367, 28.1574353, 0.0 ], [ 73.1420419, 28.157132, 0.0 ] ], [ [ 73.1419913, 28.1568196, 0.0 ], [ 73.1420145, 28.1568199, 0.0 ], [ 73.1420092, 28.1571232, 0.0 ], [ 73.1419861, 28.1571229, 0.0 ], [ 73.1419913, 28.1568196, 0.0 ] ], [ [ 73.1419353, 28.1568188, 0.0 ], [ 73.1419585, 28.1568191, 0.0 ], [ 73.1419532, 28.1571224, 0.0 ], [ 73.1419301, 28.1571221, 0.0 ], [ 73.1419353, 28.1568188, 0.0 ] ], [ [ 73.1419859, 28.1571313, 0.0 ], [ 73.1420091, 28.1571316, 0.0 ], [ 73.1420038, 28.1574349, 0.0 ], [ 73.1419807, 28.1574345, 0.0 ], [ 73.1419859, 28.1571313, 0.0 ] ], [ [ 73.14193, 28.1571305, 0.0 ], [ 73.1419531, 28.1571308, 0.0 ], [ 73.1419478, 28.1574341, 0.0 ], [ 73.1419247, 28.1574338, 0.0 ], [ 73.14193, 28.1571305, 0.0 ] ], [ [ 73.1418794, 28.1568181, 0.0 ], [ 73.1419025, 28.1568184, 0.0 ], [ 73.1418972, 28.1571216, 0.0 ], [ 73.1418741, 28.1571213, 0.0 ], [ 73.1418794, 28.1568181, 0.0 ] ], [ [ 73.1418234, 28.1568173, 0.0 ], [ 73.1418465, 28.1568176, 0.0 ], [ 73.1418413, 28.1571209, 0.0 ], [ 73.1418181, 28.1571206, 0.0 ], [ 73.1418234, 28.1568173, 0.0 ] ], [ [ 73.141874, 28.1571298, 0.0 ], [ 73.1418971, 28.1571301, 0.0 ], [ 73.1418919, 28.1574333, 0.0 ], [ 73.1418687, 28.157433, 0.0 ], [ 73.141874, 28.1571298, 0.0 ] ], [ [ 73.141818, 28.157129, 0.0 ], [ 73.1418411, 28.1571293, 0.0 ], [ 73.1418359, 28.1574326, 0.0 ], [ 73.1418127, 28.1574323, 0.0 ], [ 73.141818, 28.157129, 0.0 ] ], [ [ 73.1417674, 28.1568165, 0.0 ], [ 73.1417905, 28.1568169, 0.0 ], [ 73.1417853, 28.1571201, 0.0 ], [ 73.1417621, 28.1571198, 0.0 ], [ 73.1417674, 28.1568165, 0.0 ] ], [ [ 73.1417114, 28.1568158, 0.0 ], [ 73.1417345, 28.1568161, 0.0 ], [ 73.1417293, 28.1571194, 0.0 ], [ 73.1417061, 28.1571191, 0.0 ], [ 73.1417114, 28.1568158, 0.0 ] ], [ [ 73.141762, 28.1571282, 0.0 ], [ 73.1417851, 28.1571285, 0.0 ], [ 73.1417799, 28.1574318, 0.0 ], [ 73.1417567, 28.1574315, 0.0 ], [ 73.141762, 28.1571282, 0.0 ] ], [ [ 73.141706, 28.1571275, 0.0 ], [ 73.1417291, 28.1571278, 0.0 ], [ 73.1417239, 28.1574311, 0.0 ], [ 73.1417008, 28.1574307, 0.0 ], [ 73.141706, 28.1571275, 0.0 ] ], [ [ 73.1416554, 28.156815, 0.0 ], [ 73.1416785, 28.1568153, 0.0 ], [ 73.1416733, 28.1571186, 0.0 ], [ 73.1416502, 28.1571183, 0.0 ], [ 73.1416554, 28.156815, 0.0 ] ], [ [ 73.1415994, 28.1568143, 0.0 ], [ 73.1416225, 28.1568146, 0.0 ], [ 73.1416173, 28.1571178, 0.0 ], [ 73.1415942, 28.1571175, 0.0 ], [ 73.1415994, 28.1568143, 0.0 ] ], [ [ 73.14165, 28.1571267, 0.0 ], [ 73.1416731, 28.157127, 0.0 ], [ 73.1416679, 28.1574303, 0.0 ], [ 73.1416448, 28.15743, 0.0 ], [ 73.14165, 28.1571267, 0.0 ] ], [ [ 73.141594, 28.157126, 0.0 ], [ 73.1416171, 28.1571263, 0.0 ], [ 73.1416119, 28.1574295, 0.0 ], [ 73.1415888, 28.1574292, 0.0 ], [ 73.141594, 28.157126, 0.0 ] ], [ [ 73.1445776, 28.156235, 0.0 ], [ 73.1446007, 28.1562354, 0.0 ], [ 73.1445955, 28.1565386, 0.0 ], [ 73.1445723, 28.1565383, 0.0 ], [ 73.1445776, 28.156235, 0.0 ] ], [ [ 73.1445216, 28.1562343, 0.0 ], [ 73.1445447, 28.1562346, 0.0 ], [ 73.1445395, 28.1565379, 0.0 ], [ 73.1445163, 28.1565375, 0.0 ], [ 73.1445216, 28.1562343, 0.0 ] ], [ [ 73.1445722, 28.1565467, 0.0 ], [ 73.1445953, 28.156547, 0.0 ], [ 73.1445901, 28.1568503, 0.0 ], [ 73.144567, 28.15685, 0.0 ], [ 73.1445722, 28.1565467, 0.0 ] ], [ [ 73.1445162, 28.156546, 0.0 ], [ 73.1445393, 28.1565463, 0.0 ], [ 73.1445341, 28.1568495, 0.0 ], [ 73.144511, 28.1568492, 0.0 ], [ 73.1445162, 28.156546, 0.0 ] ], [ [ 73.1444656, 28.1562335, 0.0 ], [ 73.1444887, 28.1562338, 0.0 ], [ 73.1444835, 28.1565371, 0.0 ], [ 73.1444604, 28.1565368, 0.0 ], [ 73.1444656, 28.1562335, 0.0 ] ], [ [ 73.1444096, 28.1562328, 0.0 ], [ 73.1444327, 28.1562331, 0.0 ], [ 73.1444275, 28.1565363, 0.0 ], [ 73.1444044, 28.156536, 0.0 ], [ 73.1444096, 28.1562328, 0.0 ] ], [ [ 73.1444602, 28.1565452, 0.0 ], [ 73.1444833, 28.1565455, 0.0 ], [ 73.1444781, 28.1568488, 0.0 ], [ 73.144455, 28.1568485, 0.0 ], [ 73.1444602, 28.1565452, 0.0 ] ], [ [ 73.1444042, 28.1565445, 0.0 ], [ 73.1444273, 28.1565448, 0.0 ], [ 73.1444221, 28.156848, 0.0 ], [ 73.144399, 28.1568477, 0.0 ], [ 73.1444042, 28.1565445, 0.0 ] ], [ [ 73.1443536, 28.156232, 0.0 ], [ 73.1443767, 28.1562323, 0.0 ], [ 73.1443715, 28.1565356, 0.0 ], [ 73.1443484, 28.1565353, 0.0 ], [ 73.1443536, 28.156232, 0.0 ] ], [ [ 73.1442976, 28.1562312, 0.0 ], [ 73.1443207, 28.1562316, 0.0 ], [ 73.1443155, 28.1565348, 0.0 ], [ 73.1442924, 28.1565345, 0.0 ], [ 73.1442976, 28.1562312, 0.0 ] ], [ [ 73.1443482, 28.1565437, 0.0 ], [ 73.1443714, 28.156544, 0.0 ], [ 73.1443661, 28.1568473, 0.0 ], [ 73.144343, 28.156847, 0.0 ], [ 73.1443482, 28.1565437, 0.0 ] ], [ [ 73.1442922, 28.1565429, 0.0 ], [ 73.1443154, 28.1565432, 0.0 ], [ 73.1443101, 28.1568465, 0.0 ], [ 73.144287, 28.1568462, 0.0 ], [ 73.1442922, 28.1565429, 0.0 ] ], [ [ 73.1442416, 28.1562305, 0.0 ], [ 73.1442648, 28.1562308, 0.0 ], [ 73.1442595, 28.1565341, 0.0 ], [ 73.1442364, 28.1565338, 0.0 ], [ 73.1442416, 28.1562305, 0.0 ] ], [ [ 73.1441856, 28.1562297, 0.0 ], [ 73.1442088, 28.15623, 0.0 ], [ 73.1442035, 28.1565333, 0.0 ], [ 73.1441804, 28.156533, 0.0 ], [ 73.1441856, 28.1562297, 0.0 ] ], [ [ 73.1442362, 28.1565422, 0.0 ], [ 73.1442594, 28.1565425, 0.0 ], [ 73.1442541, 28.1568458, 0.0 ], [ 73.144231, 28.1568454, 0.0 ], [ 73.1442362, 28.1565422, 0.0 ] ], [ [ 73.1441803, 28.1565414, 0.0 ], [ 73.1442034, 28.1565417, 0.0 ], [ 73.1441982, 28.156845, 0.0 ], [ 73.144175, 28.1568447, 0.0 ], [ 73.1441803, 28.1565414, 0.0 ] ], [ [ 73.1441296, 28.156229, 0.0 ], [ 73.1441528, 28.1562293, 0.0 ], [ 73.1441475, 28.1565326, 0.0 ], [ 73.1441244, 28.1565322, 0.0 ], [ 73.1441296, 28.156229, 0.0 ] ], [ [ 73.1440737, 28.1562282, 0.0 ], [ 73.1440968, 28.1562285, 0.0 ], [ 73.1440916, 28.1565318, 0.0 ], [ 73.1440684, 28.1565315, 0.0 ], [ 73.1440737, 28.1562282, 0.0 ] ], [ [ 73.1441243, 28.1565407, 0.0 ], [ 73.1441474, 28.156541, 0.0 ], [ 73.1441422, 28.1568442, 0.0 ], [ 73.144119, 28.1568439, 0.0 ], [ 73.1441243, 28.1565407, 0.0 ] ], [ [ 73.1440683, 28.1565399, 0.0 ], [ 73.1440914, 28.1565402, 0.0 ], [ 73.1440862, 28.1568435, 0.0 ], [ 73.144063, 28.1568432, 0.0 ], [ 73.1440683, 28.1565399, 0.0 ] ], [ [ 73.1439057, 28.1562259, 0.0 ], [ 73.1439288, 28.1562262, 0.0 ], [ 73.1439236, 28.1565295, 0.0 ], [ 73.1439005, 28.1565292, 0.0 ], [ 73.1439057, 28.1562259, 0.0 ] ], [ [ 73.1438497, 28.1562252, 0.0 ], [ 73.1438728, 28.1562255, 0.0 ], [ 73.1438676, 28.1565288, 0.0 ], [ 73.1438445, 28.1565284, 0.0 ], [ 73.1438497, 28.1562252, 0.0 ] ], [ [ 73.1439003, 28.1565376, 0.0 ], [ 73.1439234, 28.1565379, 0.0 ], [ 73.1439182, 28.1568412, 0.0 ], [ 73.1438951, 28.1568409, 0.0 ], [ 73.1439003, 28.1565376, 0.0 ] ], [ [ 73.1438443, 28.1565369, 0.0 ], [ 73.1438674, 28.1565372, 0.0 ], [ 73.1438622, 28.1568404, 0.0 ], [ 73.1438391, 28.1568401, 0.0 ], [ 73.1438443, 28.1565369, 0.0 ] ], [ [ 73.1436817, 28.1562229, 0.0 ], [ 73.1437049, 28.1562232, 0.0 ], [ 73.1436996, 28.1565265, 0.0 ], [ 73.1436765, 28.1565262, 0.0 ], [ 73.1436817, 28.1562229, 0.0 ] ], [ [ 73.1436257, 28.1562221, 0.0 ], [ 73.1436489, 28.1562225, 0.0 ], [ 73.1436436, 28.1565257, 0.0 ], [ 73.1436205, 28.1565254, 0.0 ], [ 73.1436257, 28.1562221, 0.0 ] ], [ [ 73.1436763, 28.1565346, 0.0 ], [ 73.1436995, 28.1565349, 0.0 ], [ 73.1436942, 28.1568382, 0.0 ], [ 73.1436711, 28.1568379, 0.0 ], [ 73.1436763, 28.1565346, 0.0 ] ], [ [ 73.1436204, 28.1565338, 0.0 ], [ 73.1436435, 28.1565341, 0.0 ], [ 73.1436383, 28.1568374, 0.0 ], [ 73.1436151, 28.1568371, 0.0 ], [ 73.1436204, 28.1565338, 0.0 ] ], [ [ 73.1433458, 28.1562183, 0.0 ], [ 73.1433689, 28.1562187, 0.0 ], [ 73.1433637, 28.1565219, 0.0 ], [ 73.1433406, 28.1565216, 0.0 ], [ 73.1433458, 28.1562183, 0.0 ] ], [ [ 73.1432898, 28.1562176, 0.0 ], [ 73.1433129, 28.1562179, 0.0 ], [ 73.1433077, 28.1565212, 0.0 ], [ 73.1432846, 28.1565209, 0.0 ], [ 73.1432898, 28.1562176, 0.0 ] ], [ [ 73.1433404, 28.15653, 0.0 ], [ 73.1433635, 28.1565303, 0.0 ], [ 73.1433583, 28.1568336, 0.0 ], [ 73.1433352, 28.1568333, 0.0 ], [ 73.1433404, 28.15653, 0.0 ] ], [ [ 73.1432844, 28.1565293, 0.0 ], [ 73.1433075, 28.1565296, 0.0 ], [ 73.1433023, 28.1568329, 0.0 ], [ 73.1432792, 28.1568325, 0.0 ], [ 73.1432844, 28.1565293, 0.0 ] ], [ [ 73.1432338, 28.1562168, 0.0 ], [ 73.1432569, 28.1562171, 0.0 ], [ 73.1432517, 28.1565204, 0.0 ], [ 73.1432286, 28.1565201, 0.0 ], [ 73.1432338, 28.1562168, 0.0 ] ], [ [ 73.1431778, 28.1562161, 0.0 ], [ 73.1432009, 28.1562164, 0.0 ], [ 73.1431957, 28.1565197, 0.0 ], [ 73.1431726, 28.1565193, 0.0 ], [ 73.1431778, 28.1562161, 0.0 ] ], [ [ 73.1432284, 28.1565285, 0.0 ], [ 73.1432516, 28.1565288, 0.0 ], [ 73.1432463, 28.1568321, 0.0 ], [ 73.1432232, 28.1568318, 0.0 ], [ 73.1432284, 28.1565285, 0.0 ] ], [ [ 73.1431724, 28.1565278, 0.0 ], [ 73.1431956, 28.1565281, 0.0 ], [ 73.1431903, 28.1568313, 0.0 ], [ 73.1431672, 28.156831, 0.0 ], [ 73.1431724, 28.1565278, 0.0 ] ], [ [ 73.1431218, 28.1562153, 0.0 ], [ 73.143145, 28.1562156, 0.0 ], [ 73.1431397, 28.1565189, 0.0 ], [ 73.1431166, 28.1565186, 0.0 ], [ 73.1431218, 28.1562153, 0.0 ] ], [ [ 73.1430658, 28.1562146, 0.0 ], [ 73.143089, 28.1562149, 0.0 ], [ 73.1430837, 28.1565181, 0.0 ], [ 73.1430606, 28.1565178, 0.0 ], [ 73.1430658, 28.1562146, 0.0 ] ], [ [ 73.1431164, 28.156527, 0.0 ], [ 73.1431396, 28.1565273, 0.0 ], [ 73.1431343, 28.1568306, 0.0 ], [ 73.1431112, 28.1568303, 0.0 ], [ 73.1431164, 28.156527, 0.0 ] ], [ [ 73.1430605, 28.1565262, 0.0 ], [ 73.1430836, 28.1565266, 0.0 ], [ 73.1430784, 28.1568298, 0.0 ], [ 73.1430552, 28.1568295, 0.0 ], [ 73.1430605, 28.1565262, 0.0 ] ], [ [ 73.1430098, 28.1562138, 0.0 ], [ 73.143033, 28.1562141, 0.0 ], [ 73.1430277, 28.1565174, 0.0 ], [ 73.1430046, 28.1565171, 0.0 ], [ 73.1430098, 28.1562138, 0.0 ] ], [ [ 73.1429539, 28.156213, 0.0 ], [ 73.142977, 28.1562133, 0.0 ], [ 73.1429718, 28.1565166, 0.0 ], [ 73.1429486, 28.1565163, 0.0 ], [ 73.1429539, 28.156213, 0.0 ] ], [ [ 73.1430045, 28.1565255, 0.0 ], [ 73.1430276, 28.1565258, 0.0 ], [ 73.1430224, 28.1568291, 0.0 ], [ 73.1429992, 28.1568287, 0.0 ], [ 73.1430045, 28.1565255, 0.0 ] ], [ [ 73.1429485, 28.1565247, 0.0 ], [ 73.1429716, 28.156525, 0.0 ], [ 73.1429664, 28.1568283, 0.0 ], [ 73.1429432, 28.156828, 0.0 ], [ 73.1429485, 28.1565247, 0.0 ] ], [ [ 73.1428979, 28.1562123, 0.0 ], [ 73.142921, 28.1562126, 0.0 ], [ 73.1429158, 28.1565159, 0.0 ], [ 73.1428926, 28.1565155, 0.0 ], [ 73.1428979, 28.1562123, 0.0 ] ], [ [ 73.1428419, 28.1562115, 0.0 ], [ 73.142865, 28.1562118, 0.0 ], [ 73.1428598, 28.1565151, 0.0 ], [ 73.1428366, 28.1565148, 0.0 ], [ 73.1428419, 28.1562115, 0.0 ] ], [ [ 73.1428925, 28.156524, 0.0 ], [ 73.1429156, 28.1565243, 0.0 ], [ 73.1429104, 28.1568275, 0.0 ], [ 73.1428873, 28.1568272, 0.0 ], [ 73.1428925, 28.156524, 0.0 ] ], [ [ 73.1428365, 28.1565232, 0.0 ], [ 73.1428596, 28.1565235, 0.0 ], [ 73.1428544, 28.1568268, 0.0 ], [ 73.1428313, 28.1568265, 0.0 ], [ 73.1428365, 28.1565232, 0.0 ] ], [ [ 73.1427859, 28.1562108, 0.0 ], [ 73.142809, 28.1562111, 0.0 ], [ 73.1428038, 28.1565143, 0.0 ], [ 73.1427807, 28.156514, 0.0 ], [ 73.1427859, 28.1562108, 0.0 ] ], [ [ 73.1427299, 28.15621, 0.0 ], [ 73.142753, 28.1562103, 0.0 ], [ 73.1427478, 28.1565136, 0.0 ], [ 73.1427247, 28.1565133, 0.0 ], [ 73.1427299, 28.15621, 0.0 ] ], [ [ 73.1427805, 28.1565224, 0.0 ], [ 73.1428036, 28.1565228, 0.0 ], [ 73.1427984, 28.156826, 0.0 ], [ 73.1427753, 28.1568257, 0.0 ], [ 73.1427805, 28.1565224, 0.0 ] ], [ [ 73.1427245, 28.1565217, 0.0 ], [ 73.1427476, 28.156522, 0.0 ], [ 73.1427424, 28.1568253, 0.0 ], [ 73.1427193, 28.1568249, 0.0 ], [ 73.1427245, 28.1565217, 0.0 ] ], [ [ 73.1426739, 28.1562092, 0.0 ], [ 73.142697, 28.1562095, 0.0 ], [ 73.1426918, 28.1565128, 0.0 ], [ 73.1426687, 28.1565125, 0.0 ], [ 73.1426739, 28.1562092, 0.0 ] ], [ [ 73.1426179, 28.1562085, 0.0 ], [ 73.142641, 28.1562088, 0.0 ], [ 73.1426358, 28.1565121, 0.0 ], [ 73.1426127, 28.1565117, 0.0 ], [ 73.1426179, 28.1562085, 0.0 ] ], [ [ 73.1426685, 28.1565209, 0.0 ], [ 73.1426917, 28.1565212, 0.0 ], [ 73.1426864, 28.1568245, 0.0 ], [ 73.1426633, 28.1568242, 0.0 ], [ 73.1426685, 28.1565209, 0.0 ] ], [ [ 73.1426125, 28.1565202, 0.0 ], [ 73.1426357, 28.1565205, 0.0 ], [ 73.1426304, 28.1568237, 0.0 ], [ 73.1426073, 28.1568234, 0.0 ], [ 73.1426125, 28.1565202, 0.0 ] ], [ [ 73.1425619, 28.1562077, 0.0 ], [ 73.1425851, 28.156208, 0.0 ], [ 73.1425798, 28.1565113, 0.0 ], [ 73.1425567, 28.156511, 0.0 ], [ 73.1425619, 28.1562077, 0.0 ] ], [ [ 73.1425059, 28.156207, 0.0 ], [ 73.1425291, 28.1562073, 0.0 ], [ 73.1425238, 28.1565105, 0.0 ], [ 73.1425007, 28.1565102, 0.0 ], [ 73.1425059, 28.156207, 0.0 ] ], [ [ 73.1425565, 28.1565194, 0.0 ], [ 73.1425797, 28.1565197, 0.0 ], [ 73.1425744, 28.156823, 0.0 ], [ 73.1425513, 28.1568227, 0.0 ], [ 73.1425565, 28.1565194, 0.0 ] ], [ [ 73.1425006, 28.1565186, 0.0 ], [ 73.1425237, 28.156519, 0.0 ], [ 73.1425185, 28.1568222, 0.0 ], [ 73.1424953, 28.1568219, 0.0 ], [ 73.1425006, 28.1565186, 0.0 ] ], [ [ 73.1424499, 28.1562062, 0.0 ], [ 73.1424731, 28.1562065, 0.0 ], [ 73.1424678, 28.1565098, 0.0 ], [ 73.1424447, 28.1565095, 0.0 ], [ 73.1424499, 28.1562062, 0.0 ] ], [ [ 73.142394, 28.1562054, 0.0 ], [ 73.1424171, 28.1562058, 0.0 ], [ 73.1424119, 28.156509, 0.0 ], [ 73.1423887, 28.1565087, 0.0 ], [ 73.142394, 28.1562054, 0.0 ] ], [ [ 73.1424446, 28.1565179, 0.0 ], [ 73.1424677, 28.1565182, 0.0 ], [ 73.1424625, 28.1568215, 0.0 ], [ 73.1424393, 28.1568212, 0.0 ], [ 73.1424446, 28.1565179, 0.0 ] ], [ [ 73.1423886, 28.1565171, 0.0 ], [ 73.1424117, 28.1565174, 0.0 ], [ 73.1424065, 28.1568207, 0.0 ], [ 73.1423833, 28.1568204, 0.0 ], [ 73.1423886, 28.1565171, 0.0 ] ], [ [ 73.142338, 28.1562047, 0.0 ], [ 73.1423611, 28.156205, 0.0 ], [ 73.1423559, 28.1565083, 0.0 ], [ 73.1423327, 28.1565079, 0.0 ], [ 73.142338, 28.1562047, 0.0 ] ], [ [ 73.142282, 28.1562039, 0.0 ], [ 73.1423051, 28.1562042, 0.0 ], [ 73.1422999, 28.1565075, 0.0 ], [ 73.1422767, 28.1565072, 0.0 ], [ 73.142282, 28.1562039, 0.0 ] ], [ [ 73.1423326, 28.1565164, 0.0 ], [ 73.1423557, 28.1565167, 0.0 ], [ 73.1423505, 28.1568199, 0.0 ], [ 73.1423274, 28.1568196, 0.0 ], [ 73.1423326, 28.1565164, 0.0 ] ], [ [ 73.1422766, 28.1565156, 0.0 ], [ 73.1422997, 28.1565159, 0.0 ], [ 73.1422945, 28.1568192, 0.0 ], [ 73.1422714, 28.1568189, 0.0 ], [ 73.1422766, 28.1565156, 0.0 ] ], [ [ 73.142226, 28.1562032, 0.0 ], [ 73.1422491, 28.1562035, 0.0 ], [ 73.1422439, 28.1565067, 0.0 ], [ 73.1422208, 28.1565064, 0.0 ], [ 73.142226, 28.1562032, 0.0 ] ], [ [ 73.14217, 28.1562024, 0.0 ], [ 73.1421931, 28.1562027, 0.0 ], [ 73.1421879, 28.156506, 0.0 ], [ 73.1421648, 28.1565057, 0.0 ], [ 73.14217, 28.1562024, 0.0 ] ], [ [ 73.1422206, 28.1565148, 0.0 ], [ 73.1422437, 28.1565152, 0.0 ], [ 73.1422385, 28.1568184, 0.0 ], [ 73.1422154, 28.1568181, 0.0 ], [ 73.1422206, 28.1565148, 0.0 ] ], [ [ 73.1421646, 28.1565141, 0.0 ], [ 73.1421877, 28.1565144, 0.0 ], [ 73.1421825, 28.1568177, 0.0 ], [ 73.1421594, 28.1568174, 0.0 ], [ 73.1421646, 28.1565141, 0.0 ] ], [ [ 73.142114, 28.1562016, 0.0 ], [ 73.1421371, 28.156202, 0.0 ], [ 73.1421319, 28.1565052, 0.0 ], [ 73.1421088, 28.1565049, 0.0 ], [ 73.142114, 28.1562016, 0.0 ] ], [ [ 73.142058, 28.1562009, 0.0 ], [ 73.1420812, 28.1562012, 0.0 ], [ 73.1420759, 28.1565045, 0.0 ], [ 73.1420528, 28.1565041, 0.0 ], [ 73.142058, 28.1562009, 0.0 ] ], [ [ 73.1421086, 28.1565133, 0.0 ], [ 73.1421318, 28.1565136, 0.0 ], [ 73.1421265, 28.1568169, 0.0 ], [ 73.1421034, 28.1568166, 0.0 ], [ 73.1421086, 28.1565133, 0.0 ] ], [ [ 73.1420526, 28.1565126, 0.0 ], [ 73.1420758, 28.1565129, 0.0 ], [ 73.1420705, 28.1568161, 0.0 ], [ 73.1420474, 28.1568158, 0.0 ], [ 73.1420526, 28.1565126, 0.0 ] ], [ [ 73.142002, 28.1562001, 0.0 ], [ 73.1420252, 28.1562004, 0.0 ], [ 73.1420199, 28.1565037, 0.0 ], [ 73.1419968, 28.1565034, 0.0 ], [ 73.142002, 28.1562001, 0.0 ] ], [ [ 73.141946, 28.1561994, 0.0 ], [ 73.1419692, 28.1561997, 0.0 ], [ 73.1419639, 28.1565029, 0.0 ], [ 73.1419408, 28.1565026, 0.0 ], [ 73.141946, 28.1561994, 0.0 ] ], [ [ 73.1419966, 28.1565118, 0.0 ], [ 73.1420198, 28.1565121, 0.0 ], [ 73.1420145, 28.1568154, 0.0 ], [ 73.1419914, 28.1568151, 0.0 ], [ 73.1419966, 28.1565118, 0.0 ] ], [ [ 73.1419407, 28.156511, 0.0 ], [ 73.1419638, 28.1565114, 0.0 ], [ 73.1419585, 28.1568146, 0.0 ], [ 73.1419354, 28.1568143, 0.0 ], [ 73.1419407, 28.156511, 0.0 ] ], [ [ 73.1418901, 28.1561986, 0.0 ], [ 73.1419132, 28.1561989, 0.0 ], [ 73.1419079, 28.1565022, 0.0 ], [ 73.1418848, 28.1565019, 0.0 ], [ 73.1418901, 28.1561986, 0.0 ] ], [ [ 73.1418341, 28.1561978, 0.0 ], [ 73.1418572, 28.1561982, 0.0 ], [ 73.141852, 28.1565014, 0.0 ], [ 73.1418288, 28.1565011, 0.0 ], [ 73.1418341, 28.1561978, 0.0 ] ], [ [ 73.1418847, 28.1565103, 0.0 ], [ 73.1419078, 28.1565106, 0.0 ], [ 73.1419026, 28.1568139, 0.0 ], [ 73.1418794, 28.1568136, 0.0 ], [ 73.1418847, 28.1565103, 0.0 ] ], [ [ 73.1418287, 28.1565095, 0.0 ], [ 73.1418518, 28.1565098, 0.0 ], [ 73.1418466, 28.1568131, 0.0 ], [ 73.1418234, 28.1568128, 0.0 ], [ 73.1418287, 28.1565095, 0.0 ] ], [ [ 73.1417781, 28.1561971, 0.0 ], [ 73.1418012, 28.1561974, 0.0 ], [ 73.141796, 28.1565007, 0.0 ], [ 73.1417728, 28.1565004, 0.0 ], [ 73.1417781, 28.1561971, 0.0 ] ], [ [ 73.1417221, 28.1561963, 0.0 ], [ 73.1417452, 28.1561966, 0.0 ], [ 73.14174, 28.1564999, 0.0 ], [ 73.1417168, 28.1564996, 0.0 ], [ 73.1417221, 28.1561963, 0.0 ] ], [ [ 73.1417727, 28.1565088, 0.0 ], [ 73.1417958, 28.1565091, 0.0 ], [ 73.1417906, 28.1568124, 0.0 ], [ 73.1417674, 28.156812, 0.0 ], [ 73.1417727, 28.1565088, 0.0 ] ], [ [ 73.1417167, 28.156508, 0.0 ], [ 73.1417398, 28.1565083, 0.0 ], [ 73.1417346, 28.1568116, 0.0 ], [ 73.1417115, 28.1568113, 0.0 ], [ 73.1417167, 28.156508, 0.0 ] ], [ [ 73.1416661, 28.1561956, 0.0 ], [ 73.1416892, 28.1561959, 0.0 ], [ 73.141684, 28.1564991, 0.0 ], [ 73.1416609, 28.1564988, 0.0 ], [ 73.1416661, 28.1561956, 0.0 ] ], [ [ 73.1416101, 28.1561948, 0.0 ], [ 73.1416332, 28.1561951, 0.0 ], [ 73.141628, 28.1564984, 0.0 ], [ 73.1416049, 28.1564981, 0.0 ], [ 73.1416101, 28.1561948, 0.0 ] ], [ [ 73.1416607, 28.1565072, 0.0 ], [ 73.1416838, 28.1565076, 0.0 ], [ 73.1416786, 28.1568108, 0.0 ], [ 73.1416555, 28.1568105, 0.0 ], [ 73.1416607, 28.1565072, 0.0 ] ], [ [ 73.1416047, 28.1565065, 0.0 ], [ 73.1416278, 28.1565068, 0.0 ], [ 73.1416226, 28.1568101, 0.0 ], [ 73.1415995, 28.1568098, 0.0 ], [ 73.1416047, 28.1565065, 0.0 ] ], [ [ 73.1415541, 28.156194, 0.0 ], [ 73.1415772, 28.1561944, 0.0 ], [ 73.141572, 28.1564976, 0.0 ], [ 73.1415489, 28.1564973, 0.0 ], [ 73.1415541, 28.156194, 0.0 ] ], [ [ 73.1414981, 28.1561933, 0.0 ], [ 73.1415213, 28.1561936, 0.0 ], [ 73.141516, 28.1564969, 0.0 ], [ 73.1414929, 28.1564966, 0.0 ], [ 73.1414981, 28.1561933, 0.0 ] ], [ [ 73.1415487, 28.1565057, 0.0 ], [ 73.1415719, 28.156506, 0.0 ], [ 73.1415666, 28.1568093, 0.0 ], [ 73.1415435, 28.156809, 0.0 ], [ 73.1415487, 28.1565057, 0.0 ] ], [ [ 73.1414927, 28.156505, 0.0 ], [ 73.1415159, 28.1565053, 0.0 ], [ 73.1415106, 28.1568086, 0.0 ], [ 73.1414875, 28.1568082, 0.0 ], [ 73.1414927, 28.156505, 0.0 ] ], [ [ 73.1414421, 28.1561925, 0.0 ], [ 73.1414653, 28.1561928, 0.0 ], [ 73.14146, 28.1564961, 0.0 ], [ 73.1414369, 28.1564958, 0.0 ], [ 73.1414421, 28.1561925, 0.0 ] ], [ [ 73.1413861, 28.1561918, 0.0 ], [ 73.1414093, 28.1561921, 0.0 ], [ 73.141404, 28.1564953, 0.0 ], [ 73.1413809, 28.156495, 0.0 ], [ 73.1413861, 28.1561918, 0.0 ] ], [ [ 73.1414367, 28.1565042, 0.0 ], [ 73.1414599, 28.1565045, 0.0 ], [ 73.1414546, 28.1568078, 0.0 ], [ 73.1414315, 28.1568075, 0.0 ], [ 73.1414367, 28.1565042, 0.0 ] ], [ [ 73.1413808, 28.1565035, 0.0 ], [ 73.1414039, 28.1565038, 0.0 ], [ 73.1413986, 28.156807, 0.0 ], [ 73.1413755, 28.1568067, 0.0 ], [ 73.1413808, 28.1565035, 0.0 ] ], [ [ 73.1413302, 28.156191, 0.0 ], [ 73.1413533, 28.1561913, 0.0 ], [ 73.141348, 28.1564946, 0.0 ], [ 73.1413249, 28.1564943, 0.0 ], [ 73.1413302, 28.156191, 0.0 ] ], [ [ 73.1412742, 28.1561902, 0.0 ], [ 73.1412973, 28.1561906, 0.0 ], [ 73.1412921, 28.1564938, 0.0 ], [ 73.1412689, 28.1564935, 0.0 ], [ 73.1412742, 28.1561902, 0.0 ] ], [ [ 73.1413248, 28.1565027, 0.0 ], [ 73.1413479, 28.156503, 0.0 ], [ 73.1413427, 28.1568063, 0.0 ], [ 73.1413195, 28.156806, 0.0 ], [ 73.1413248, 28.1565027, 0.0 ] ], [ [ 73.1412688, 28.1565019, 0.0 ], [ 73.1412919, 28.1565022, 0.0 ], [ 73.1412867, 28.1568055, 0.0 ], [ 73.1412635, 28.1568052, 0.0 ], [ 73.1412688, 28.1565019, 0.0 ] ], [ [ 73.1412182, 28.1561895, 0.0 ], [ 73.1412413, 28.1561898, 0.0 ], [ 73.1412361, 28.1564931, 0.0 ], [ 73.1412129, 28.1564928, 0.0 ], [ 73.1412182, 28.1561895, 0.0 ] ], [ [ 73.1411622, 28.1561887, 0.0 ], [ 73.1411853, 28.156189, 0.0 ], [ 73.1411801, 28.1564923, 0.0 ], [ 73.1411569, 28.156492, 0.0 ], [ 73.1411622, 28.1561887, 0.0 ] ], [ [ 73.1412128, 28.1565012, 0.0 ], [ 73.1412359, 28.1565015, 0.0 ], [ 73.1412307, 28.1568048, 0.0 ], [ 73.1412075, 28.1568044, 0.0 ], [ 73.1412128, 28.1565012, 0.0 ] ], [ [ 73.1411568, 28.1565004, 0.0 ], [ 73.1411799, 28.1565007, 0.0 ], [ 73.1411747, 28.156804, 0.0 ], [ 73.1411516, 28.1568037, 0.0 ], [ 73.1411568, 28.1565004, 0.0 ] ], [ [ 73.1411062, 28.156188, 0.0 ], [ 73.1411293, 28.1561883, 0.0 ], [ 73.1411241, 28.1564915, 0.0 ], [ 73.141101, 28.1564912, 0.0 ], [ 73.1411062, 28.156188, 0.0 ] ], [ [ 73.1410502, 28.1561872, 0.0 ], [ 73.1410733, 28.1561875, 0.0 ], [ 73.1410681, 28.1564908, 0.0 ], [ 73.141045, 28.1564905, 0.0 ], [ 73.1410502, 28.1561872, 0.0 ] ], [ [ 73.1411008, 28.1564997, 0.0 ], [ 73.1411239, 28.1565, 0.0 ], [ 73.1411187, 28.1568032, 0.0 ], [ 73.1410956, 28.1568029, 0.0 ], [ 73.1411008, 28.1564997, 0.0 ] ], [ [ 73.1410448, 28.1564989, 0.0 ], [ 73.1410679, 28.1564992, 0.0 ], [ 73.1410627, 28.1568025, 0.0 ], [ 73.1410396, 28.1568022, 0.0 ], [ 73.1410448, 28.1564989, 0.0 ] ], [ [ 73.1409942, 28.1561864, 0.0 ], [ 73.1410173, 28.1561868, 0.0 ], [ 73.1410121, 28.15649, 0.0 ], [ 73.140989, 28.1564897, 0.0 ], [ 73.1409942, 28.1561864, 0.0 ] ], [ [ 73.1409382, 28.1561857, 0.0 ], [ 73.1409614, 28.156186, 0.0 ], [ 73.1409561, 28.1564893, 0.0 ], [ 73.140933, 28.156489, 0.0 ], [ 73.1409382, 28.1561857, 0.0 ] ], [ [ 73.1409888, 28.1564981, 0.0 ], [ 73.141012, 28.1564984, 0.0 ], [ 73.1410067, 28.1568017, 0.0 ], [ 73.1409836, 28.1568014, 0.0 ], [ 73.1409888, 28.1564981, 0.0 ] ], [ [ 73.1409328, 28.1564974, 0.0 ], [ 73.140956, 28.1564977, 0.0 ], [ 73.1409507, 28.156801, 0.0 ], [ 73.1409276, 28.1568006, 0.0 ], [ 73.1409328, 28.1564974, 0.0 ] ], [ [ 73.1408822, 28.1561849, 0.0 ], [ 73.1409054, 28.1561852, 0.0 ], [ 73.1409001, 28.1564885, 0.0 ], [ 73.140877, 28.1564882, 0.0 ], [ 73.1408822, 28.1561849, 0.0 ] ], [ [ 73.1408262, 28.1561842, 0.0 ], [ 73.1408494, 28.1561845, 0.0 ], [ 73.1408441, 28.1564877, 0.0 ], [ 73.140821, 28.1564874, 0.0 ], [ 73.1408262, 28.1561842, 0.0 ] ], [ [ 73.1408769, 28.1564966, 0.0 ], [ 73.1409, 28.1564969, 0.0 ], [ 73.1408947, 28.1568002, 0.0 ], [ 73.1408716, 28.1567999, 0.0 ], [ 73.1408769, 28.1564966, 0.0 ] ], [ [ 73.1408209, 28.1564959, 0.0 ], [ 73.140844, 28.1564962, 0.0 ], [ 73.1408387, 28.1567994, 0.0 ], [ 73.1408156, 28.1567991, 0.0 ], [ 73.1408209, 28.1564959, 0.0 ] ], [ [ 73.1407703, 28.1561834, 0.0 ], [ 73.1407934, 28.1561837, 0.0 ], [ 73.1407881, 28.156487, 0.0 ], [ 73.140765, 28.1564867, 0.0 ], [ 73.1407703, 28.1561834, 0.0 ] ], [ [ 73.1407143, 28.1561826, 0.0 ], [ 73.1407374, 28.156183, 0.0 ], [ 73.1407322, 28.1564862, 0.0 ], [ 73.140709, 28.1564859, 0.0 ], [ 73.1407143, 28.1561826, 0.0 ] ], [ [ 73.1407649, 28.1564951, 0.0 ], [ 73.140788, 28.1564954, 0.0 ], [ 73.1407828, 28.1567987, 0.0 ], [ 73.1407596, 28.1567984, 0.0 ], [ 73.1407649, 28.1564951, 0.0 ] ], [ [ 73.1407089, 28.1564943, 0.0 ], [ 73.140732, 28.1564946, 0.0 ], [ 73.1407268, 28.1567979, 0.0 ], [ 73.1407036, 28.1567976, 0.0 ], [ 73.1407089, 28.1564943, 0.0 ] ], [ [ 73.1406583, 28.1561819, 0.0 ], [ 73.1406814, 28.1561822, 0.0 ], [ 73.1406762, 28.1564855, 0.0 ], [ 73.140653, 28.1564852, 0.0 ], [ 73.1406583, 28.1561819, 0.0 ] ], [ [ 73.1406023, 28.1561811, 0.0 ], [ 73.1406254, 28.1561814, 0.0 ], [ 73.1406202, 28.1564847, 0.0 ], [ 73.140597, 28.1564844, 0.0 ], [ 73.1406023, 28.1561811, 0.0 ] ], [ [ 73.1406529, 28.1564936, 0.0 ], [ 73.140676, 28.1564939, 0.0 ], [ 73.1406708, 28.1567972, 0.0 ], [ 73.1406476, 28.1567968, 0.0 ], [ 73.1406529, 28.1564936, 0.0 ] ], [ [ 73.1405969, 28.1564928, 0.0 ], [ 73.14062, 28.1564931, 0.0 ], [ 73.1406148, 28.1567964, 0.0 ], [ 73.1405917, 28.1567961, 0.0 ], [ 73.1405969, 28.1564928, 0.0 ] ], [ [ 73.1405463, 28.1561804, 0.0 ], [ 73.1405694, 28.1561807, 0.0 ], [ 73.1405642, 28.1564839, 0.0 ], [ 73.1405411, 28.1564836, 0.0 ], [ 73.1405463, 28.1561804, 0.0 ] ], [ [ 73.1404903, 28.1561796, 0.0 ], [ 73.1405134, 28.1561799, 0.0 ], [ 73.1405082, 28.1564832, 0.0 ], [ 73.1404851, 28.1564829, 0.0 ], [ 73.1404903, 28.1561796, 0.0 ] ], [ [ 73.1405409, 28.1564921, 0.0 ], [ 73.140564, 28.1564924, 0.0 ], [ 73.1405588, 28.1567956, 0.0 ], [ 73.1405357, 28.1567953, 0.0 ], [ 73.1405409, 28.1564921, 0.0 ] ], [ [ 73.1404849, 28.1564913, 0.0 ], [ 73.140508, 28.1564916, 0.0 ], [ 73.1405028, 28.1567949, 0.0 ], [ 73.1404797, 28.1567946, 0.0 ], [ 73.1404849, 28.1564913, 0.0 ] ], [ [ 73.1404343, 28.1561788, 0.0 ], [ 73.1404574, 28.1561792, 0.0 ], [ 73.1404522, 28.1564824, 0.0 ], [ 73.1404291, 28.1564821, 0.0 ], [ 73.1404343, 28.1561788, 0.0 ] ], [ [ 73.1403783, 28.1561781, 0.0 ], [ 73.1404015, 28.1561784, 0.0 ], [ 73.1403962, 28.1564817, 0.0 ], [ 73.1403731, 28.1564814, 0.0 ], [ 73.1403783, 28.1561781, 0.0 ] ], [ [ 73.1404289, 28.1564905, 0.0 ], [ 73.1404521, 28.1564908, 0.0 ], [ 73.1404468, 28.1567941, 0.0 ], [ 73.1404237, 28.1567938, 0.0 ], [ 73.1404289, 28.1564905, 0.0 ] ], [ [ 73.1403729, 28.1564898, 0.0 ], [ 73.1403961, 28.1564901, 0.0 ], [ 73.1403908, 28.1567934, 0.0 ], [ 73.1403677, 28.156793, 0.0 ], [ 73.1403729, 28.1564898, 0.0 ] ], [ [ 73.1403223, 28.1561773, 0.0 ], [ 73.1403455, 28.1561776, 0.0 ], [ 73.1403402, 28.1564809, 0.0 ], [ 73.1403171, 28.1564806, 0.0 ], [ 73.1403223, 28.1561773, 0.0 ] ], [ [ 73.1402663, 28.1561766, 0.0 ], [ 73.1402895, 28.1561769, 0.0 ], [ 73.1402842, 28.1564801, 0.0 ], [ 73.1402611, 28.1564798, 0.0 ], [ 73.1402663, 28.1561766, 0.0 ] ], [ [ 73.140317, 28.156489, 0.0 ], [ 73.1403401, 28.1564893, 0.0 ], [ 73.1403348, 28.1567926, 0.0 ], [ 73.1403117, 28.1567923, 0.0 ], [ 73.140317, 28.156489, 0.0 ] ], [ [ 73.140261, 28.1564882, 0.0 ], [ 73.1402841, 28.1564886, 0.0 ], [ 73.1402788, 28.1567918, 0.0 ], [ 73.1402557, 28.1567915, 0.0 ], [ 73.140261, 28.1564882, 0.0 ] ], [ [ 73.1402104, 28.1561758, 0.0 ], [ 73.1402335, 28.1561761, 0.0 ], [ 73.1402282, 28.1564794, 0.0 ], [ 73.1402051, 28.1564791, 0.0 ], [ 73.1402104, 28.1561758, 0.0 ] ], [ [ 73.1401544, 28.156175, 0.0 ], [ 73.1401775, 28.1561754, 0.0 ], [ 73.1401723, 28.1564786, 0.0 ], [ 73.1401491, 28.1564783, 0.0 ], [ 73.1401544, 28.156175, 0.0 ] ], [ [ 73.140205, 28.1564875, 0.0 ], [ 73.1402281, 28.1564878, 0.0 ], [ 73.1402229, 28.1567911, 0.0 ], [ 73.1401997, 28.1567908, 0.0 ], [ 73.140205, 28.1564875, 0.0 ] ], [ [ 73.140149, 28.1564867, 0.0 ], [ 73.1401721, 28.156487, 0.0 ], [ 73.1401669, 28.1567903, 0.0 ], [ 73.1401437, 28.15679, 0.0 ], [ 73.140149, 28.1564867, 0.0 ] ], [ [ 73.1445882, 28.1556156, 0.0 ], [ 73.1446114, 28.1556159, 0.0 ], [ 73.1446061, 28.1559192, 0.0 ], [ 73.144583, 28.1559188, 0.0 ], [ 73.1445882, 28.1556156, 0.0 ] ], [ [ 73.1445323, 28.1556148, 0.0 ], [ 73.1445554, 28.1556151, 0.0 ], [ 73.1445502, 28.1559184, 0.0 ], [ 73.144527, 28.1559181, 0.0 ], [ 73.1445323, 28.1556148, 0.0 ] ], [ [ 73.1445829, 28.1559273, 0.0 ], [ 73.144606, 28.1559276, 0.0 ], [ 73.1446008, 28.1562308, 0.0 ], [ 73.1445776, 28.1562305, 0.0 ], [ 73.1445829, 28.1559273, 0.0 ] ], [ [ 73.1445269, 28.1559265, 0.0 ], [ 73.14455, 28.1559268, 0.0 ], [ 73.1445448, 28.1562301, 0.0 ], [ 73.1445217, 28.1562298, 0.0 ], [ 73.1445269, 28.1559265, 0.0 ] ], [ [ 73.1444763, 28.1556141, 0.0 ], [ 73.1444994, 28.1556144, 0.0 ], [ 73.1444942, 28.1559176, 0.0 ], [ 73.144471, 28.1559173, 0.0 ], [ 73.1444763, 28.1556141, 0.0 ] ], [ [ 73.1444203, 28.1556133, 0.0 ], [ 73.1444434, 28.1556136, 0.0 ], [ 73.1444382, 28.1559169, 0.0 ], [ 73.144415, 28.1559166, 0.0 ], [ 73.1444203, 28.1556133, 0.0 ] ], [ [ 73.1444709, 28.1559257, 0.0 ], [ 73.144494, 28.1559261, 0.0 ], [ 73.1444888, 28.1562293, 0.0 ], [ 73.1444657, 28.156229, 0.0 ], [ 73.1444709, 28.1559257, 0.0 ] ], [ [ 73.1444149, 28.155925, 0.0 ], [ 73.144438, 28.1559253, 0.0 ], [ 73.1444328, 28.1562286, 0.0 ], [ 73.1444097, 28.1562283, 0.0 ], [ 73.1444149, 28.155925, 0.0 ] ], [ [ 73.1443643, 28.1556125, 0.0 ], [ 73.1443874, 28.1556129, 0.0 ], [ 73.1443822, 28.1559161, 0.0 ], [ 73.1443591, 28.1559158, 0.0 ], [ 73.1443643, 28.1556125, 0.0 ] ], [ [ 73.1443083, 28.1556118, 0.0 ], [ 73.1443314, 28.1556121, 0.0 ], [ 73.1443262, 28.1559154, 0.0 ], [ 73.1443031, 28.1559151, 0.0 ], [ 73.1443083, 28.1556118, 0.0 ] ], [ [ 73.1443589, 28.1559242, 0.0 ], [ 73.144382, 28.1559245, 0.0 ], [ 73.1443768, 28.1562278, 0.0 ], [ 73.1443537, 28.1562275, 0.0 ], [ 73.1443589, 28.1559242, 0.0 ] ], [ [ 73.1443029, 28.1559235, 0.0 ], [ 73.1443261, 28.1559238, 0.0 ], [ 73.1443208, 28.156227, 0.0 ], [ 73.1442977, 28.1562267, 0.0 ], [ 73.1443029, 28.1559235, 0.0 ] ], [ [ 73.1442523, 28.155611, 0.0 ], [ 73.1442754, 28.1556113, 0.0 ], [ 73.1442702, 28.1559146, 0.0 ], [ 73.1442471, 28.1559143, 0.0 ], [ 73.1442523, 28.155611, 0.0 ] ], [ [ 73.1441963, 28.1556103, 0.0 ], [ 73.1442194, 28.1556106, 0.0 ], [ 73.1442142, 28.1559138, 0.0 ], [ 73.1441911, 28.1559135, 0.0 ], [ 73.1441963, 28.1556103, 0.0 ] ], [ [ 73.1442469, 28.1559227, 0.0 ], [ 73.1442701, 28.155923, 0.0 ], [ 73.1442648, 28.1562263, 0.0 ], [ 73.1442417, 28.156226, 0.0 ], [ 73.1442469, 28.1559227, 0.0 ] ], [ [ 73.1441909, 28.155922, 0.0 ], [ 73.1442141, 28.1559223, 0.0 ], [ 73.1442088, 28.1562255, 0.0 ], [ 73.1441857, 28.1562252, 0.0 ], [ 73.1441909, 28.155922, 0.0 ] ], [ [ 73.1441403, 28.1556095, 0.0 ], [ 73.1441635, 28.1556098, 0.0 ], [ 73.1441582, 28.1559131, 0.0 ], [ 73.1441351, 28.1559128, 0.0 ], [ 73.1441403, 28.1556095, 0.0 ] ], [ [ 73.1440843, 28.1556087, 0.0 ], [ 73.1441075, 28.1556091, 0.0 ], [ 73.1441022, 28.1559123, 0.0 ], [ 73.1440791, 28.155912, 0.0 ], [ 73.1440843, 28.1556087, 0.0 ] ], [ [ 73.144135, 28.1559212, 0.0 ], [ 73.1441581, 28.1559215, 0.0 ], [ 73.1441529, 28.1562248, 0.0 ], [ 73.1441297, 28.1562245, 0.0 ], [ 73.144135, 28.1559212, 0.0 ] ], [ [ 73.144079, 28.1559204, 0.0 ], [ 73.1441021, 28.1559207, 0.0 ], [ 73.1440969, 28.156224, 0.0 ], [ 73.1440737, 28.1562237, 0.0 ], [ 73.144079, 28.1559204, 0.0 ] ], [ [ 73.1440284, 28.155608, 0.0 ], [ 73.1440515, 28.1556083, 0.0 ], [ 73.1440462, 28.1559116, 0.0 ], [ 73.1440231, 28.1559113, 0.0 ], [ 73.1440284, 28.155608, 0.0 ] ], [ [ 73.1439724, 28.1556072, 0.0 ], [ 73.1439955, 28.1556075, 0.0 ], [ 73.1439903, 28.1559108, 0.0 ], [ 73.1439671, 28.1559105, 0.0 ], [ 73.1439724, 28.1556072, 0.0 ] ], [ [ 73.144023, 28.1559197, 0.0 ], [ 73.1440461, 28.15592, 0.0 ], [ 73.1440409, 28.1562233, 0.0 ], [ 73.1440177, 28.1562229, 0.0 ], [ 73.144023, 28.1559197, 0.0 ] ], [ [ 73.143967, 28.1559189, 0.0 ], [ 73.1439901, 28.1559192, 0.0 ], [ 73.1439849, 28.1562225, 0.0 ], [ 73.1439618, 28.1562222, 0.0 ], [ 73.143967, 28.1559189, 0.0 ] ], [ [ 73.1432445, 28.1555974, 0.0 ], [ 73.1432676, 28.1555977, 0.0 ], [ 73.1432624, 28.1559009, 0.0 ], [ 73.1432393, 28.1559006, 0.0 ], [ 73.1432445, 28.1555974, 0.0 ] ], [ [ 73.1431885, 28.1555966, 0.0 ], [ 73.1432116, 28.1555969, 0.0 ], [ 73.1432064, 28.1559002, 0.0 ], [ 73.1431833, 28.1558999, 0.0 ], [ 73.1431885, 28.1555966, 0.0 ] ], [ [ 73.1432391, 28.155909, 0.0 ], [ 73.1432622, 28.1559094, 0.0 ], [ 73.143257, 28.1562126, 0.0 ], [ 73.1432339, 28.1562123, 0.0 ], [ 73.1432391, 28.155909, 0.0 ] ], [ [ 73.1431831, 28.1559083, 0.0 ], [ 73.1432063, 28.1559086, 0.0 ], [ 73.143201, 28.1562119, 0.0 ], [ 73.1431779, 28.1562116, 0.0 ], [ 73.1431831, 28.1559083, 0.0 ] ], [ [ 73.1431325, 28.1555958, 0.0 ], [ 73.1431556, 28.1555962, 0.0 ], [ 73.1431504, 28.1558994, 0.0 ], [ 73.1431273, 28.1558991, 0.0 ], [ 73.1431325, 28.1555958, 0.0 ] ], [ [ 73.1430765, 28.1555951, 0.0 ], [ 73.1430997, 28.1555954, 0.0 ], [ 73.1430944, 28.1558987, 0.0 ], [ 73.1430713, 28.1558984, 0.0 ], [ 73.1430765, 28.1555951, 0.0 ] ], [ [ 73.1431271, 28.1559075, 0.0 ], [ 73.1431503, 28.1559078, 0.0 ], [ 73.143145, 28.1562111, 0.0 ], [ 73.1431219, 28.1562108, 0.0 ], [ 73.1431271, 28.1559075, 0.0 ] ], [ [ 73.1430712, 28.1559068, 0.0 ], [ 73.1430943, 28.1559071, 0.0 ], [ 73.143089, 28.1562104, 0.0 ], [ 73.1430659, 28.15621, 0.0 ], [ 73.1430712, 28.1559068, 0.0 ] ], [ [ 73.1430205, 28.1555943, 0.0 ], [ 73.1430437, 28.1555946, 0.0 ], [ 73.1430384, 28.1558979, 0.0 ], [ 73.1430153, 28.1558976, 0.0 ], [ 73.1430205, 28.1555943, 0.0 ] ], [ [ 73.1429646, 28.1555936, 0.0 ], [ 73.1429877, 28.1555939, 0.0 ], [ 73.1429824, 28.1558971, 0.0 ], [ 73.1429593, 28.1558968, 0.0 ], [ 73.1429646, 28.1555936, 0.0 ] ], [ [ 73.1430152, 28.155906, 0.0 ], [ 73.1430383, 28.1559063, 0.0 ], [ 73.1430331, 28.1562096, 0.0 ], [ 73.1430099, 28.1562093, 0.0 ], [ 73.1430152, 28.155906, 0.0 ] ], [ [ 73.1429592, 28.1559053, 0.0 ], [ 73.1429823, 28.1559056, 0.0 ], [ 73.1429771, 28.1562088, 0.0 ], [ 73.1429539, 28.1562085, 0.0 ], [ 73.1429592, 28.1559053, 0.0 ] ], [ [ 73.1429086, 28.1555928, 0.0 ], [ 73.1429317, 28.1555931, 0.0 ], [ 73.1429265, 28.1558964, 0.0 ], [ 73.1429033, 28.1558961, 0.0 ], [ 73.1429086, 28.1555928, 0.0 ] ], [ [ 73.1428526, 28.155592, 0.0 ], [ 73.1428757, 28.1555924, 0.0 ], [ 73.1428705, 28.1558956, 0.0 ], [ 73.1428473, 28.1558953, 0.0 ], [ 73.1428526, 28.155592, 0.0 ] ], [ [ 73.1429032, 28.1559045, 0.0 ], [ 73.1429263, 28.1559048, 0.0 ], [ 73.1429211, 28.1562081, 0.0 ], [ 73.1428979, 28.1562078, 0.0 ], [ 73.1429032, 28.1559045, 0.0 ] ], [ [ 73.1428472, 28.1559037, 0.0 ], [ 73.1428703, 28.155904, 0.0 ], [ 73.1428651, 28.1562073, 0.0 ], [ 73.142842, 28.156207, 0.0 ], [ 73.1428472, 28.1559037, 0.0 ] ], [ [ 73.1427966, 28.1555913, 0.0 ], [ 73.1428197, 28.1555916, 0.0 ], [ 73.1428145, 28.1558949, 0.0 ], [ 73.1427913, 28.1558946, 0.0 ], [ 73.1427966, 28.1555913, 0.0 ] ], [ [ 73.1427406, 28.1555905, 0.0 ], [ 73.1427637, 28.1555908, 0.0 ], [ 73.1427585, 28.1558941, 0.0 ], [ 73.1427354, 28.1558938, 0.0 ], [ 73.1427406, 28.1555905, 0.0 ] ], [ [ 73.1427912, 28.155903, 0.0 ], [ 73.1428143, 28.1559033, 0.0 ], [ 73.1428091, 28.1562066, 0.0 ], [ 73.142786, 28.1562062, 0.0 ], [ 73.1427912, 28.155903, 0.0 ] ], [ [ 73.1427352, 28.1559022, 0.0 ], [ 73.1427583, 28.1559025, 0.0 ], [ 73.1427531, 28.1562058, 0.0 ], [ 73.14273, 28.1562055, 0.0 ], [ 73.1427352, 28.1559022, 0.0 ] ], [ [ 73.1426846, 28.1555898, 0.0 ], [ 73.1427077, 28.1555901, 0.0 ], [ 73.1427025, 28.1558934, 0.0 ], [ 73.1426794, 28.155893, 0.0 ], [ 73.1426846, 28.1555898, 0.0 ] ], [ [ 73.1426286, 28.155589, 0.0 ], [ 73.1426517, 28.1555893, 0.0 ], [ 73.1426465, 28.1558926, 0.0 ], [ 73.1426234, 28.1558923, 0.0 ], [ 73.1426286, 28.155589, 0.0 ] ], [ [ 73.1426792, 28.1559015, 0.0 ], [ 73.1427024, 28.1559018, 0.0 ], [ 73.1426971, 28.156205, 0.0 ], [ 73.142674, 28.1562047, 0.0 ], [ 73.1426792, 28.1559015, 0.0 ] ], [ [ 73.1426232, 28.1559007, 0.0 ], [ 73.1426464, 28.155901, 0.0 ], [ 73.1426411, 28.1562043, 0.0 ], [ 73.142618, 28.156204, 0.0 ], [ 73.1426232, 28.1559007, 0.0 ] ], [ [ 73.1425726, 28.1555883, 0.0 ], [ 73.1425958, 28.1555886, 0.0 ], [ 73.1425905, 28.1558918, 0.0 ], [ 73.1425674, 28.1558915, 0.0 ], [ 73.1425726, 28.1555883, 0.0 ] ], [ [ 73.1425166, 28.1555875, 0.0 ], [ 73.1425398, 28.1555878, 0.0 ], [ 73.1425345, 28.1558911, 0.0 ], [ 73.1425114, 28.1558908, 0.0 ], [ 73.1425166, 28.1555875, 0.0 ] ], [ [ 73.1425672, 28.1558999, 0.0 ], [ 73.1425904, 28.1559003, 0.0 ], [ 73.1425851, 28.1562035, 0.0 ], [ 73.142562, 28.1562032, 0.0 ], [ 73.1425672, 28.1558999, 0.0 ] ], [ [ 73.1425113, 28.1558992, 0.0 ], [ 73.1425344, 28.1558995, 0.0 ], [ 73.1425291, 28.1562028, 0.0 ], [ 73.142506, 28.1562024, 0.0 ], [ 73.1425113, 28.1558992, 0.0 ] ], [ [ 73.1424606, 28.1555867, 0.0 ], [ 73.1424838, 28.155587, 0.0 ], [ 73.1424785, 28.1558903, 0.0 ], [ 73.1424554, 28.15589, 0.0 ], [ 73.1424606, 28.1555867, 0.0 ] ], [ [ 73.1424047, 28.155586, 0.0 ], [ 73.1424278, 28.1555863, 0.0 ], [ 73.1424225, 28.1558896, 0.0 ], [ 73.1423994, 28.1558892, 0.0 ], [ 73.1424047, 28.155586, 0.0 ] ], [ [ 73.1424553, 28.1558984, 0.0 ], [ 73.1424784, 28.1558987, 0.0 ], [ 73.1424732, 28.156202, 0.0 ], [ 73.14245, 28.1562017, 0.0 ], [ 73.1424553, 28.1558984, 0.0 ] ], [ [ 73.1423993, 28.1558977, 0.0 ], [ 73.1424224, 28.155898, 0.0 ], [ 73.1424172, 28.1562012, 0.0 ], [ 73.142394, 28.1562009, 0.0 ], [ 73.1423993, 28.1558977, 0.0 ] ], [ [ 73.1423487, 28.1555852, 0.0 ], [ 73.1423718, 28.1555855, 0.0 ], [ 73.1423666, 28.1558888, 0.0 ], [ 73.1423434, 28.1558885, 0.0 ], [ 73.1423487, 28.1555852, 0.0 ] ], [ [ 73.1422927, 28.1555845, 0.0 ], [ 73.1423158, 28.1555848, 0.0 ], [ 73.1423106, 28.155888, 0.0 ], [ 73.1422874, 28.1558877, 0.0 ], [ 73.1422927, 28.1555845, 0.0 ] ], [ [ 73.1423433, 28.1558969, 0.0 ], [ 73.1423664, 28.1558972, 0.0 ], [ 73.1423612, 28.1562005, 0.0 ], [ 73.142338, 28.1562002, 0.0 ], [ 73.1423433, 28.1558969, 0.0 ] ], [ [ 73.1422873, 28.1558961, 0.0 ], [ 73.1423104, 28.1558965, 0.0 ], [ 73.1423052, 28.1561997, 0.0 ], [ 73.1422821, 28.1561994, 0.0 ], [ 73.1422873, 28.1558961, 0.0 ] ], [ [ 73.1422367, 28.1555837, 0.0 ], [ 73.1422598, 28.155584, 0.0 ], [ 73.1422546, 28.1558873, 0.0 ], [ 73.1422315, 28.155887, 0.0 ], [ 73.1422367, 28.1555837, 0.0 ] ], [ [ 73.1421807, 28.1555829, 0.0 ], [ 73.1422038, 28.1555833, 0.0 ], [ 73.1421986, 28.1558865, 0.0 ], [ 73.1421755, 28.1558862, 0.0 ], [ 73.1421807, 28.1555829, 0.0 ] ], [ [ 73.1422313, 28.1558954, 0.0 ], [ 73.1422544, 28.1558957, 0.0 ], [ 73.1422492, 28.156199, 0.0 ], [ 73.1422261, 28.1561986, 0.0 ], [ 73.1422313, 28.1558954, 0.0 ] ], [ [ 73.1421753, 28.1558946, 0.0 ], [ 73.1421984, 28.1558949, 0.0 ], [ 73.1421932, 28.1561982, 0.0 ], [ 73.1421701, 28.1561979, 0.0 ], [ 73.1421753, 28.1558946, 0.0 ] ], [ [ 73.1421247, 28.1555822, 0.0 ], [ 73.1421478, 28.1555825, 0.0 ], [ 73.1421426, 28.1558858, 0.0 ], [ 73.1421195, 28.1558854, 0.0 ], [ 73.1421247, 28.1555822, 0.0 ] ], [ [ 73.1420687, 28.1555814, 0.0 ], [ 73.1420918, 28.1555817, 0.0 ], [ 73.1420866, 28.155885, 0.0 ], [ 73.1420635, 28.1558847, 0.0 ], [ 73.1420687, 28.1555814, 0.0 ] ], [ [ 73.1421193, 28.1558939, 0.0 ], [ 73.1421425, 28.1558942, 0.0 ], [ 73.1421372, 28.1561974, 0.0 ], [ 73.1421141, 28.1561971, 0.0 ], [ 73.1421193, 28.1558939, 0.0 ] ], [ [ 73.1420633, 28.1558931, 0.0 ], [ 73.1420865, 28.1558934, 0.0 ], [ 73.1420812, 28.1561967, 0.0 ], [ 73.1420581, 28.1561964, 0.0 ], [ 73.1420633, 28.1558931, 0.0 ] ], [ [ 73.1420127, 28.1555807, 0.0 ], [ 73.1420359, 28.155581, 0.0 ], [ 73.1420306, 28.1558842, 0.0 ], [ 73.1420075, 28.1558839, 0.0 ], [ 73.1420127, 28.1555807, 0.0 ] ], [ [ 73.1419567, 28.1555799, 0.0 ], [ 73.1419799, 28.1555802, 0.0 ], [ 73.1419746, 28.1558835, 0.0 ], [ 73.1419515, 28.1558832, 0.0 ], [ 73.1419567, 28.1555799, 0.0 ] ], [ [ 73.1420073, 28.1558923, 0.0 ], [ 73.1420305, 28.1558927, 0.0 ], [ 73.1420252, 28.1561959, 0.0 ], [ 73.1420021, 28.1561956, 0.0 ], [ 73.1420073, 28.1558923, 0.0 ] ], [ [ 73.1419514, 28.1558916, 0.0 ], [ 73.1419745, 28.1558919, 0.0 ], [ 73.1419692, 28.1561952, 0.0 ], [ 73.1419461, 28.1561949, 0.0 ], [ 73.1419514, 28.1558916, 0.0 ] ], [ [ 73.1419008, 28.1555791, 0.0 ], [ 73.1419239, 28.1555795, 0.0 ], [ 73.1419186, 28.1558827, 0.0 ], [ 73.1418955, 28.1558824, 0.0 ], [ 73.1419008, 28.1555791, 0.0 ] ], [ [ 73.1418448, 28.1555784, 0.0 ], [ 73.1418679, 28.1555787, 0.0 ], [ 73.1418627, 28.155882, 0.0 ], [ 73.1418395, 28.1558816, 0.0 ], [ 73.1418448, 28.1555784, 0.0 ] ], [ [ 73.1418954, 28.1558908, 0.0 ], [ 73.1419185, 28.1558911, 0.0 ], [ 73.1419133, 28.1561944, 0.0 ], [ 73.1418901, 28.1561941, 0.0 ], [ 73.1418954, 28.1558908, 0.0 ] ], [ [ 73.1418394, 28.1558901, 0.0 ], [ 73.1418625, 28.1558904, 0.0 ], [ 73.1418573, 28.1561936, 0.0 ], [ 73.1418341, 28.1561933, 0.0 ], [ 73.1418394, 28.1558901, 0.0 ] ], [ [ 73.1417888, 28.1555776, 0.0 ], [ 73.1418119, 28.1555779, 0.0 ], [ 73.1418067, 28.1558812, 0.0 ], [ 73.1417835, 28.1558809, 0.0 ], [ 73.1417888, 28.1555776, 0.0 ] ], [ [ 73.1417328, 28.1555769, 0.0 ], [ 73.1417559, 28.1555772, 0.0 ], [ 73.1417507, 28.1558804, 0.0 ], [ 73.1417275, 28.1558801, 0.0 ], [ 73.1417328, 28.1555769, 0.0 ] ], [ [ 73.1417834, 28.1558893, 0.0 ], [ 73.1418065, 28.1558896, 0.0 ], [ 73.1418013, 28.1561929, 0.0 ], [ 73.1417782, 28.1561926, 0.0 ], [ 73.1417834, 28.1558893, 0.0 ] ], [ [ 73.1417274, 28.1558885, 0.0 ], [ 73.1417505, 28.1558889, 0.0 ], [ 73.1417453, 28.1561921, 0.0 ], [ 73.1417222, 28.1561918, 0.0 ], [ 73.1417274, 28.1558885, 0.0 ] ], [ [ 73.1416768, 28.1555761, 0.0 ], [ 73.1416999, 28.1555764, 0.0 ], [ 73.1416947, 28.1558797, 0.0 ], [ 73.1416716, 28.1558794, 0.0 ], [ 73.1416768, 28.1555761, 0.0 ] ], [ [ 73.1416208, 28.1555753, 0.0 ], [ 73.1416439, 28.1555757, 0.0 ], [ 73.1416387, 28.1558789, 0.0 ], [ 73.1416156, 28.1558786, 0.0 ], [ 73.1416208, 28.1555753, 0.0 ] ], [ [ 73.1416714, 28.1558878, 0.0 ], [ 73.1416945, 28.1558881, 0.0 ], [ 73.1416893, 28.1561914, 0.0 ], [ 73.1416662, 28.1561911, 0.0 ], [ 73.1416714, 28.1558878, 0.0 ] ], [ [ 73.1416154, 28.155887, 0.0 ], [ 73.1416385, 28.1558873, 0.0 ], [ 73.1416333, 28.1561906, 0.0 ], [ 73.1416102, 28.1561903, 0.0 ], [ 73.1416154, 28.155887, 0.0 ] ], [ [ 73.1415648, 28.1555746, 0.0 ], [ 73.1415879, 28.1555749, 0.0 ], [ 73.1415827, 28.1558782, 0.0 ], [ 73.1415596, 28.1558778, 0.0 ], [ 73.1415648, 28.1555746, 0.0 ] ], [ [ 73.1415088, 28.1555738, 0.0 ], [ 73.141532, 28.1555741, 0.0 ], [ 73.1415267, 28.1558774, 0.0 ], [ 73.1415036, 28.1558771, 0.0 ], [ 73.1415088, 28.1555738, 0.0 ] ], [ [ 73.1415594, 28.1558863, 0.0 ], [ 73.1415826, 28.1558866, 0.0 ], [ 73.1415773, 28.1561898, 0.0 ], [ 73.1415542, 28.1561895, 0.0 ], [ 73.1415594, 28.1558863, 0.0 ] ], [ [ 73.1415034, 28.1558855, 0.0 ], [ 73.1415266, 28.1558858, 0.0 ], [ 73.1415213, 28.1561891, 0.0 ], [ 73.1414982, 28.1561888, 0.0 ], [ 73.1415034, 28.1558855, 0.0 ] ], [ [ 73.1414528, 28.1555731, 0.0 ], [ 73.141476, 28.1555734, 0.0 ], [ 73.1414707, 28.1558766, 0.0 ], [ 73.1414476, 28.1558763, 0.0 ], [ 73.1414528, 28.1555731, 0.0 ] ], [ [ 73.1413968, 28.1555723, 0.0 ], [ 73.14142, 28.1555726, 0.0 ], [ 73.1414147, 28.1558759, 0.0 ], [ 73.1413916, 28.1558756, 0.0 ], [ 73.1413968, 28.1555723, 0.0 ] ], [ [ 73.1414475, 28.1558847, 0.0 ], [ 73.1414706, 28.1558851, 0.0 ], [ 73.1414653, 28.1561883, 0.0 ], [ 73.1414422, 28.156188, 0.0 ], [ 73.1414475, 28.1558847, 0.0 ] ], [ [ 73.1413915, 28.155884, 0.0 ], [ 73.1414146, 28.1558843, 0.0 ], [ 73.1414094, 28.1561876, 0.0 ], [ 73.1413862, 28.1561873, 0.0 ], [ 73.1413915, 28.155884, 0.0 ] ], [ [ 73.1413409, 28.1555715, 0.0 ], [ 73.141364, 28.1555719, 0.0 ], [ 73.1413587, 28.1558751, 0.0 ], [ 73.1413356, 28.1558748, 0.0 ], [ 73.1413409, 28.1555715, 0.0 ] ], [ [ 73.1412849, 28.1555708, 0.0 ], [ 73.141308, 28.1555711, 0.0 ], [ 73.1413028, 28.1558744, 0.0 ], [ 73.1412796, 28.155874, 0.0 ], [ 73.1412849, 28.1555708, 0.0 ] ], [ [ 73.1413355, 28.1558832, 0.0 ], [ 73.1413586, 28.1558835, 0.0 ], [ 73.1413534, 28.1561868, 0.0 ], [ 73.1413302, 28.1561865, 0.0 ], [ 73.1413355, 28.1558832, 0.0 ] ], [ [ 73.1412795, 28.1558825, 0.0 ], [ 73.1413026, 28.1558828, 0.0 ], [ 73.1412974, 28.156186, 0.0 ], [ 73.1412742, 28.1561857, 0.0 ], [ 73.1412795, 28.1558825, 0.0 ] ], [ [ 73.1412289, 28.15557, 0.0 ], [ 73.141252, 28.1555703, 0.0 ], [ 73.1412468, 28.1558736, 0.0 ], [ 73.1412236, 28.1558733, 0.0 ], [ 73.1412289, 28.15557, 0.0 ] ], [ [ 73.1411729, 28.1555693, 0.0 ], [ 73.141196, 28.1555696, 0.0 ], [ 73.1411908, 28.1558728, 0.0 ], [ 73.1411676, 28.1558725, 0.0 ], [ 73.1411729, 28.1555693, 0.0 ] ], [ [ 73.1412235, 28.1558817, 0.0 ], [ 73.1412466, 28.155882, 0.0 ], [ 73.1412414, 28.1561853, 0.0 ], [ 73.1412183, 28.156185, 0.0 ], [ 73.1412235, 28.1558817, 0.0 ] ], [ [ 73.1411675, 28.1558809, 0.0 ], [ 73.1411906, 28.1558813, 0.0 ], [ 73.1411854, 28.1561845, 0.0 ], [ 73.1411623, 28.1561842, 0.0 ], [ 73.1411675, 28.1558809, 0.0 ] ], [ [ 73.1411169, 28.1555685, 0.0 ], [ 73.14114, 28.1555688, 0.0 ], [ 73.1411348, 28.1558721, 0.0 ], [ 73.1411117, 28.1558718, 0.0 ], [ 73.1411169, 28.1555685, 0.0 ] ], [ [ 73.1410609, 28.1555677, 0.0 ], [ 73.141084, 28.1555681, 0.0 ], [ 73.1410788, 28.1558713, 0.0 ], [ 73.1410557, 28.155871, 0.0 ], [ 73.1410609, 28.1555677, 0.0 ] ], [ [ 73.1411115, 28.1558802, 0.0 ], [ 73.1411346, 28.1558805, 0.0 ], [ 73.1411294, 28.1561838, 0.0 ], [ 73.1411063, 28.1561835, 0.0 ], [ 73.1411115, 28.1558802, 0.0 ] ], [ [ 73.1410555, 28.1558794, 0.0 ], [ 73.1410787, 28.1558797, 0.0 ], [ 73.1410734, 28.156183, 0.0 ], [ 73.1410503, 28.1561827, 0.0 ], [ 73.1410555, 28.1558794, 0.0 ] ], [ [ 73.1410049, 28.155567, 0.0 ], [ 73.141028, 28.1555673, 0.0 ], [ 73.1410228, 28.1558706, 0.0 ], [ 73.1409997, 28.1558702, 0.0 ], [ 73.1410049, 28.155567, 0.0 ] ], [ [ 73.1409489, 28.1555662, 0.0 ], [ 73.1409721, 28.1555665, 0.0 ], [ 73.1409668, 28.1558698, 0.0 ], [ 73.1409437, 28.1558695, 0.0 ], [ 73.1409489, 28.1555662, 0.0 ] ], [ [ 73.1409995, 28.1558787, 0.0 ], [ 73.1410227, 28.155879, 0.0 ], [ 73.1410174, 28.1561822, 0.0 ], [ 73.1409943, 28.1561819, 0.0 ], [ 73.1409995, 28.1558787, 0.0 ] ], [ [ 73.1409435, 28.1558779, 0.0 ], [ 73.1409667, 28.1558782, 0.0 ], [ 73.1409614, 28.1561815, 0.0 ], [ 73.1409383, 28.1561812, 0.0 ], [ 73.1409435, 28.1558779, 0.0 ] ], [ [ 73.1408929, 28.1555655, 0.0 ], [ 73.1409161, 28.1555658, 0.0 ], [ 73.1409108, 28.155869, 0.0 ], [ 73.1408877, 28.1558687, 0.0 ], [ 73.1408929, 28.1555655, 0.0 ] ], [ [ 73.140837, 28.1555647, 0.0 ], [ 73.1408601, 28.155565, 0.0 ], [ 73.1408548, 28.1558683, 0.0 ], [ 73.1408317, 28.155868, 0.0 ], [ 73.140837, 28.1555647, 0.0 ] ], [ [ 73.1408876, 28.1558771, 0.0 ], [ 73.1409107, 28.1558775, 0.0 ], [ 73.1409054, 28.1561807, 0.0 ], [ 73.1408823, 28.1561804, 0.0 ], [ 73.1408876, 28.1558771, 0.0 ] ], [ [ 73.1408316, 28.1558764, 0.0 ], [ 73.1408547, 28.1558767, 0.0 ], [ 73.1408495, 28.15618, 0.0 ], [ 73.1408263, 28.1561797, 0.0 ], [ 73.1408316, 28.1558764, 0.0 ] ], [ [ 73.140781, 28.1555639, 0.0 ], [ 73.1408041, 28.1555643, 0.0 ], [ 73.1407989, 28.1558675, 0.0 ], [ 73.1407757, 28.1558672, 0.0 ], [ 73.140781, 28.1555639, 0.0 ] ], [ [ 73.140725, 28.1555632, 0.0 ], [ 73.1407481, 28.1555635, 0.0 ], [ 73.1407429, 28.1558668, 0.0 ], [ 73.1407197, 28.1558664, 0.0 ], [ 73.140725, 28.1555632, 0.0 ] ], [ [ 73.1407756, 28.1558756, 0.0 ], [ 73.1407987, 28.1558759, 0.0 ], [ 73.1407935, 28.1561792, 0.0 ], [ 73.1407703, 28.1561789, 0.0 ], [ 73.1407756, 28.1558756, 0.0 ] ], [ [ 73.1407196, 28.1558749, 0.0 ], [ 73.1407427, 28.1558752, 0.0 ], [ 73.1407375, 28.1561784, 0.0 ], [ 73.1407143, 28.1561781, 0.0 ], [ 73.1407196, 28.1558749, 0.0 ] ], [ [ 73.140669, 28.1555624, 0.0 ], [ 73.1406921, 28.1555627, 0.0 ], [ 73.1406869, 28.155866, 0.0 ], [ 73.1406637, 28.1558657, 0.0 ], [ 73.140669, 28.1555624, 0.0 ] ], [ [ 73.140613, 28.1555617, 0.0 ], [ 73.1406361, 28.155562, 0.0 ], [ 73.1406309, 28.1558652, 0.0 ], [ 73.1406078, 28.1558649, 0.0 ], [ 73.140613, 28.1555617, 0.0 ] ], [ [ 73.1406636, 28.1558741, 0.0 ], [ 73.1406867, 28.1558744, 0.0 ], [ 73.1406815, 28.1561777, 0.0 ], [ 73.1406584, 28.1561774, 0.0 ], [ 73.1406636, 28.1558741, 0.0 ] ], [ [ 73.1406076, 28.1558733, 0.0 ], [ 73.1406307, 28.1558737, 0.0 ], [ 73.1406255, 28.1561769, 0.0 ], [ 73.1406024, 28.1561766, 0.0 ], [ 73.1406076, 28.1558733, 0.0 ] ], [ [ 73.140557, 28.1555609, 0.0 ], [ 73.1405801, 28.1555612, 0.0 ], [ 73.1405749, 28.1558645, 0.0 ], [ 73.1405518, 28.1558642, 0.0 ], [ 73.140557, 28.1555609, 0.0 ] ], [ [ 73.140501, 28.1555601, 0.0 ], [ 73.1405241, 28.1555605, 0.0 ], [ 73.1405189, 28.1558637, 0.0 ], [ 73.1404958, 28.1558634, 0.0 ], [ 73.140501, 28.1555601, 0.0 ] ], [ [ 73.1405516, 28.1558726, 0.0 ], [ 73.1405747, 28.1558729, 0.0 ], [ 73.1405695, 28.1561762, 0.0 ], [ 73.1405464, 28.1561759, 0.0 ], [ 73.1405516, 28.1558726, 0.0 ] ], [ [ 73.1404956, 28.1558718, 0.0 ], [ 73.1405188, 28.1558721, 0.0 ], [ 73.1405135, 28.1561754, 0.0 ], [ 73.1404904, 28.1561751, 0.0 ], [ 73.1404956, 28.1558718, 0.0 ] ], [ [ 73.140445, 28.1555594, 0.0 ], [ 73.1404682, 28.1555597, 0.0 ], [ 73.1404629, 28.155863, 0.0 ], [ 73.1404398, 28.1558626, 0.0 ], [ 73.140445, 28.1555594, 0.0 ] ], [ [ 73.140389, 28.1555586, 0.0 ], [ 73.1404122, 28.1555589, 0.0 ], [ 73.1404069, 28.1558622, 0.0 ], [ 73.1403838, 28.1558619, 0.0 ], [ 73.140389, 28.1555586, 0.0 ] ], [ [ 73.1404396, 28.1558711, 0.0 ], [ 73.1404628, 28.1558714, 0.0 ], [ 73.1404575, 28.1561746, 0.0 ], [ 73.1404344, 28.1561743, 0.0 ], [ 73.1404396, 28.1558711, 0.0 ] ], [ [ 73.1403836, 28.1558703, 0.0 ], [ 73.1404068, 28.1558706, 0.0 ], [ 73.1404015, 28.1561739, 0.0 ], [ 73.1403784, 28.1561736, 0.0 ], [ 73.1403836, 28.1558703, 0.0 ] ], [ [ 73.140333, 28.1555579, 0.0 ], [ 73.1403562, 28.1555582, 0.0 ], [ 73.1403509, 28.1558614, 0.0 ], [ 73.1403278, 28.1558611, 0.0 ], [ 73.140333, 28.1555579, 0.0 ] ], [ [ 73.1402771, 28.1555571, 0.0 ], [ 73.1403002, 28.1555574, 0.0 ], [ 73.1402949, 28.1558607, 0.0 ], [ 73.1402718, 28.1558604, 0.0 ], [ 73.1402771, 28.1555571, 0.0 ] ], [ [ 73.1403277, 28.1558695, 0.0 ], [ 73.1403508, 28.1558699, 0.0 ], [ 73.1403455, 28.1561731, 0.0 ], [ 73.1403224, 28.1561728, 0.0 ], [ 73.1403277, 28.1558695, 0.0 ] ], [ [ 73.1402717, 28.1558688, 0.0 ], [ 73.1402948, 28.1558691, 0.0 ], [ 73.1402896, 28.1561724, 0.0 ], [ 73.1402664, 28.1561721, 0.0 ], [ 73.1402717, 28.1558688, 0.0 ] ], [ [ 73.1445989, 28.1549961, 0.0 ], [ 73.1446221, 28.1549964, 0.0 ], [ 73.1446168, 28.1552997, 0.0 ], [ 73.1445937, 28.1552994, 0.0 ], [ 73.1445989, 28.1549961, 0.0 ] ], [ [ 73.1445429, 28.1549954, 0.0 ], [ 73.1445661, 28.1549957, 0.0 ], [ 73.1445608, 28.1552989, 0.0 ], [ 73.1445377, 28.1552986, 0.0 ], [ 73.1445429, 28.1549954, 0.0 ] ], [ [ 73.1445936, 28.1553078, 0.0 ], [ 73.1446167, 28.1553081, 0.0 ], [ 73.1446115, 28.1556114, 0.0 ], [ 73.1445883, 28.1556111, 0.0 ], [ 73.1445936, 28.1553078, 0.0 ] ], [ [ 73.1445376, 28.155307, 0.0 ], [ 73.1445607, 28.1553074, 0.0 ], [ 73.1445555, 28.1556106, 0.0 ], [ 73.1445323, 28.1556103, 0.0 ], [ 73.1445376, 28.155307, 0.0 ] ], [ [ 73.144487, 28.1549946, 0.0 ], [ 73.1445101, 28.1549949, 0.0 ], [ 73.1445049, 28.1552982, 0.0 ], [ 73.1444817, 28.1552979, 0.0 ], [ 73.144487, 28.1549946, 0.0 ] ], [ [ 73.144431, 28.1549938, 0.0 ], [ 73.1444541, 28.1549941, 0.0 ], [ 73.1444489, 28.1552974, 0.0 ], [ 73.1444257, 28.1552971, 0.0 ], [ 73.144431, 28.1549938, 0.0 ] ], [ [ 73.1444816, 28.1553063, 0.0 ], [ 73.1445047, 28.1553066, 0.0 ], [ 73.1444995, 28.1556099, 0.0 ], [ 73.1444763, 28.1556095, 0.0 ], [ 73.1444816, 28.1553063, 0.0 ] ], [ [ 73.1444256, 28.1553055, 0.0 ], [ 73.1444487, 28.1553058, 0.0 ], [ 73.1444435, 28.1556091, 0.0 ], [ 73.1444204, 28.1556088, 0.0 ], [ 73.1444256, 28.1553055, 0.0 ] ], [ [ 73.144375, 28.1549931, 0.0 ], [ 73.1443981, 28.1549934, 0.0 ], [ 73.1443929, 28.1552967, 0.0 ], [ 73.1443697, 28.1552963, 0.0 ], [ 73.144375, 28.1549931, 0.0 ] ], [ [ 73.144319, 28.1549923, 0.0 ], [ 73.1443421, 28.1549926, 0.0 ], [ 73.1443369, 28.1552959, 0.0 ], [ 73.1443138, 28.1552956, 0.0 ], [ 73.144319, 28.1549923, 0.0 ] ], [ [ 73.1443696, 28.1553048, 0.0 ], [ 73.1443927, 28.1553051, 0.0 ], [ 73.1443875, 28.1556083, 0.0 ], [ 73.1443644, 28.155608, 0.0 ], [ 73.1443696, 28.1553048, 0.0 ] ], [ [ 73.1443136, 28.155304, 0.0 ], [ 73.1443367, 28.1553043, 0.0 ], [ 73.1443315, 28.1556076, 0.0 ], [ 73.1443084, 28.1556073, 0.0 ], [ 73.1443136, 28.155304, 0.0 ] ], [ [ 73.144263, 28.1549916, 0.0 ], [ 73.1442861, 28.1549919, 0.0 ], [ 73.1442809, 28.1552951, 0.0 ], [ 73.1442578, 28.1552948, 0.0 ], [ 73.144263, 28.1549916, 0.0 ] ], [ [ 73.144207, 28.1549908, 0.0 ], [ 73.1442301, 28.1549911, 0.0 ], [ 73.1442249, 28.1552944, 0.0 ], [ 73.1442018, 28.1552941, 0.0 ], [ 73.144207, 28.1549908, 0.0 ] ], [ [ 73.1442576, 28.1553032, 0.0 ], [ 73.1442807, 28.1553036, 0.0 ], [ 73.1442755, 28.1556068, 0.0 ], [ 73.1442524, 28.1556065, 0.0 ], [ 73.1442576, 28.1553032, 0.0 ] ], [ [ 73.1442016, 28.1553025, 0.0 ], [ 73.1442248, 28.1553028, 0.0 ], [ 73.1442195, 28.1556061, 0.0 ], [ 73.1441964, 28.1556058, 0.0 ], [ 73.1442016, 28.1553025, 0.0 ] ], [ [ 73.144151, 28.15499, 0.0 ], [ 73.1441741, 28.1549904, 0.0 ], [ 73.1441689, 28.1552936, 0.0 ], [ 73.1441458, 28.1552933, 0.0 ], [ 73.144151, 28.15499, 0.0 ] ], [ [ 73.144095, 28.1549893, 0.0 ], [ 73.1441182, 28.1549896, 0.0 ], [ 73.1441129, 28.1552929, 0.0 ], [ 73.1440898, 28.1552926, 0.0 ], [ 73.144095, 28.1549893, 0.0 ] ], [ [ 73.1441456, 28.1553017, 0.0 ], [ 73.1441688, 28.155302, 0.0 ], [ 73.1441635, 28.1556053, 0.0 ], [ 73.1441404, 28.155605, 0.0 ], [ 73.1441456, 28.1553017, 0.0 ] ], [ [ 73.1440897, 28.155301, 0.0 ], [ 73.1441128, 28.1553013, 0.0 ], [ 73.1441075, 28.1556045, 0.0 ], [ 73.1440844, 28.1556042, 0.0 ], [ 73.1440897, 28.155301, 0.0 ] ], [ [ 73.1439271, 28.154987, 0.0 ], [ 73.1439502, 28.1549873, 0.0 ], [ 73.143945, 28.1552906, 0.0 ], [ 73.1439218, 28.1552903, 0.0 ], [ 73.1439271, 28.154987, 0.0 ] ], [ [ 73.1438711, 28.1549862, 0.0 ], [ 73.1438942, 28.1549866, 0.0 ], [ 73.143889, 28.1552898, 0.0 ], [ 73.1438658, 28.1552895, 0.0 ], [ 73.1438711, 28.1549862, 0.0 ] ], [ [ 73.1439217, 28.1552987, 0.0 ], [ 73.1439448, 28.155299, 0.0 ], [ 73.1439396, 28.1556023, 0.0 ], [ 73.1439165, 28.155602, 0.0 ], [ 73.1439217, 28.1552987, 0.0 ] ], [ [ 73.1438657, 28.1552979, 0.0 ], [ 73.1438888, 28.1552982, 0.0 ], [ 73.1438836, 28.1556015, 0.0 ], [ 73.1438605, 28.1556012, 0.0 ], [ 73.1438657, 28.1552979, 0.0 ] ], [ [ 73.1438151, 28.1549855, 0.0 ], [ 73.1438382, 28.1549858, 0.0 ], [ 73.143833, 28.1552891, 0.0 ], [ 73.1438098, 28.1552888, 0.0 ], [ 73.1438151, 28.1549855, 0.0 ] ], [ [ 73.1437591, 28.1549847, 0.0 ], [ 73.1437822, 28.154985, 0.0 ], [ 73.143777, 28.1552883, 0.0 ], [ 73.1437539, 28.155288, 0.0 ], [ 73.1437591, 28.1549847, 0.0 ] ], [ [ 73.1438097, 28.1552972, 0.0 ], [ 73.1438328, 28.1552975, 0.0 ], [ 73.1438276, 28.1556008, 0.0 ], [ 73.1438045, 28.1556004, 0.0 ], [ 73.1438097, 28.1552972, 0.0 ] ], [ [ 73.1437537, 28.1552964, 0.0 ], [ 73.1437768, 28.1552967, 0.0 ], [ 73.1437716, 28.1556, 0.0 ], [ 73.1437485, 28.1555997, 0.0 ], [ 73.1437537, 28.1552964, 0.0 ] ], [ [ 73.1437031, 28.154984, 0.0 ], [ 73.1437262, 28.1549843, 0.0 ], [ 73.143721, 28.1552876, 0.0 ], [ 73.1436979, 28.1552872, 0.0 ], [ 73.1437031, 28.154984, 0.0 ] ], [ [ 73.1436471, 28.1549832, 0.0 ], [ 73.1436702, 28.1549835, 0.0 ], [ 73.143665, 28.1552868, 0.0 ], [ 73.1436419, 28.1552865, 0.0 ], [ 73.1436471, 28.1549832, 0.0 ] ], [ [ 73.1436977, 28.1552957, 0.0 ], [ 73.1437209, 28.155296, 0.0 ], [ 73.1437156, 28.1555992, 0.0 ], [ 73.1436925, 28.1555989, 0.0 ], [ 73.1436977, 28.1552957, 0.0 ] ], [ [ 73.1436417, 28.1552949, 0.0 ], [ 73.1436649, 28.1552952, 0.0 ], [ 73.1436596, 28.1555985, 0.0 ], [ 73.1436365, 28.1555982, 0.0 ], [ 73.1436417, 28.1552949, 0.0 ] ], [ [ 73.1435911, 28.1549825, 0.0 ], [ 73.1436143, 28.1549828, 0.0 ], [ 73.143609, 28.155286, 0.0 ], [ 73.1435859, 28.1552857, 0.0 ], [ 73.1435911, 28.1549825, 0.0 ] ], [ [ 73.1435351, 28.1549817, 0.0 ], [ 73.1435583, 28.154982, 0.0 ], [ 73.143553, 28.1552853, 0.0 ], [ 73.1435299, 28.155285, 0.0 ], [ 73.1435351, 28.1549817, 0.0 ] ], [ [ 73.1435857, 28.1552941, 0.0 ], [ 73.1436089, 28.1552945, 0.0 ], [ 73.1436036, 28.1555977, 0.0 ], [ 73.1435805, 28.1555974, 0.0 ], [ 73.1435857, 28.1552941, 0.0 ] ], [ [ 73.1435298, 28.1552934, 0.0 ], [ 73.1435529, 28.1552937, 0.0 ], [ 73.1435477, 28.155597, 0.0 ], [ 73.1435245, 28.1555966, 0.0 ], [ 73.1435298, 28.1552934, 0.0 ] ], [ [ 73.1433672, 28.1549794, 0.0 ], [ 73.1433903, 28.1549797, 0.0 ], [ 73.1433851, 28.155283, 0.0 ], [ 73.1433619, 28.1552827, 0.0 ], [ 73.1433672, 28.1549794, 0.0 ] ], [ [ 73.1433112, 28.1549787, 0.0 ], [ 73.1433343, 28.154979, 0.0 ], [ 73.1433291, 28.1552822, 0.0 ], [ 73.1433059, 28.1552819, 0.0 ], [ 73.1433112, 28.1549787, 0.0 ] ], [ [ 73.1433618, 28.1552911, 0.0 ], [ 73.1433849, 28.1552914, 0.0 ], [ 73.1433797, 28.1555947, 0.0 ], [ 73.1433566, 28.1555944, 0.0 ], [ 73.1433618, 28.1552911, 0.0 ] ], [ [ 73.1433058, 28.1552903, 0.0 ], [ 73.1433289, 28.1552907, 0.0 ], [ 73.1433237, 28.1555939, 0.0 ], [ 73.1433006, 28.1555936, 0.0 ], [ 73.1433058, 28.1552903, 0.0 ] ], [ [ 73.1432552, 28.1549779, 0.0 ], [ 73.1432783, 28.1549782, 0.0 ], [ 73.1432731, 28.1552815, 0.0 ], [ 73.14325, 28.1552812, 0.0 ], [ 73.1432552, 28.1549779, 0.0 ] ], [ [ 73.1431992, 28.1549771, 0.0 ], [ 73.1432223, 28.1549775, 0.0 ], [ 73.1432171, 28.1552807, 0.0 ], [ 73.143194, 28.1552804, 0.0 ], [ 73.1431992, 28.1549771, 0.0 ] ], [ [ 73.1432498, 28.1552896, 0.0 ], [ 73.1432729, 28.1552899, 0.0 ], [ 73.1432677, 28.1555932, 0.0 ], [ 73.1432446, 28.1555929, 0.0 ], [ 73.1432498, 28.1552896, 0.0 ] ], [ [ 73.1431938, 28.1552888, 0.0 ], [ 73.143217, 28.1552891, 0.0 ], [ 73.1432117, 28.1555924, 0.0 ], [ 73.1431886, 28.1555921, 0.0 ], [ 73.1431938, 28.1552888, 0.0 ] ], [ [ 73.1431432, 28.1549764, 0.0 ], [ 73.1431663, 28.1549767, 0.0 ], [ 73.1431611, 28.15528, 0.0 ], [ 73.143138, 28.1552796, 0.0 ], [ 73.1431432, 28.1549764, 0.0 ] ], [ [ 73.1430872, 28.1549756, 0.0 ], [ 73.1431104, 28.1549759, 0.0 ], [ 73.1431051, 28.1552792, 0.0 ], [ 73.143082, 28.1552789, 0.0 ], [ 73.1430872, 28.1549756, 0.0 ] ], [ [ 73.1431378, 28.1552881, 0.0 ], [ 73.143161, 28.1552884, 0.0 ], [ 73.1431557, 28.1555916, 0.0 ], [ 73.1431326, 28.1555913, 0.0 ], [ 73.1431378, 28.1552881, 0.0 ] ], [ [ 73.1430818, 28.1552873, 0.0 ], [ 73.143105, 28.1552876, 0.0 ], [ 73.1430997, 28.1555909, 0.0 ], [ 73.1430766, 28.1555906, 0.0 ], [ 73.1430818, 28.1552873, 0.0 ] ], [ [ 73.1430312, 28.1549749, 0.0 ], [ 73.1430544, 28.1549752, 0.0 ], [ 73.1430491, 28.1552784, 0.0 ], [ 73.143026, 28.1552781, 0.0 ], [ 73.1430312, 28.1549749, 0.0 ] ], [ [ 73.1429752, 28.1549741, 0.0 ], [ 73.1429984, 28.1549744, 0.0 ], [ 73.1429931, 28.1552777, 0.0 ], [ 73.14297, 28.1552774, 0.0 ], [ 73.1429752, 28.1549741, 0.0 ] ], [ [ 73.1430259, 28.1552865, 0.0 ], [ 73.143049, 28.1552869, 0.0 ], [ 73.1430437, 28.1555901, 0.0 ], [ 73.1430206, 28.1555898, 0.0 ], [ 73.1430259, 28.1552865, 0.0 ] ], [ [ 73.1429699, 28.1552858, 0.0 ], [ 73.142993, 28.1552861, 0.0 ], [ 73.1429878, 28.1555894, 0.0 ], [ 73.1429646, 28.1555891, 0.0 ], [ 73.1429699, 28.1552858, 0.0 ] ], [ [ 73.1429193, 28.1549733, 0.0 ], [ 73.1429424, 28.1549737, 0.0 ], [ 73.1429371, 28.1552769, 0.0 ], [ 73.142914, 28.1552766, 0.0 ], [ 73.1429193, 28.1549733, 0.0 ] ], [ [ 73.1428633, 28.1549726, 0.0 ], [ 73.1428864, 28.1549729, 0.0 ], [ 73.1428812, 28.1552762, 0.0 ], [ 73.142858, 28.1552759, 0.0 ], [ 73.1428633, 28.1549726, 0.0 ] ], [ [ 73.1429139, 28.155285, 0.0 ], [ 73.142937, 28.1552853, 0.0 ], [ 73.1429318, 28.1555886, 0.0 ], [ 73.1429086, 28.1555883, 0.0 ], [ 73.1429139, 28.155285, 0.0 ] ], [ [ 73.1428579, 28.1552843, 0.0 ], [ 73.142881, 28.1552846, 0.0 ], [ 73.1428758, 28.1555879, 0.0 ], [ 73.1428527, 28.1555875, 0.0 ], [ 73.1428579, 28.1552843, 0.0 ] ], [ [ 73.1428073, 28.1549718, 0.0 ], [ 73.1428304, 28.1549721, 0.0 ], [ 73.1428252, 28.1552754, 0.0 ], [ 73.142802, 28.1552751, 0.0 ], [ 73.1428073, 28.1549718, 0.0 ] ], [ [ 73.1427513, 28.1549711, 0.0 ], [ 73.1427744, 28.1549714, 0.0 ], [ 73.1427692, 28.1552746, 0.0 ], [ 73.1427461, 28.1552743, 0.0 ], [ 73.1427513, 28.1549711, 0.0 ] ], [ [ 73.1428019, 28.1552835, 0.0 ], [ 73.142825, 28.1552838, 0.0 ], [ 73.1428198, 28.1555871, 0.0 ], [ 73.1427967, 28.1555868, 0.0 ], [ 73.1428019, 28.1552835, 0.0 ] ], [ [ 73.1427459, 28.1552828, 0.0 ], [ 73.142769, 28.1552831, 0.0 ], [ 73.1427638, 28.1555863, 0.0 ], [ 73.1427407, 28.155586, 0.0 ], [ 73.1427459, 28.1552828, 0.0 ] ], [ [ 73.1426953, 28.1549703, 0.0 ], [ 73.1427184, 28.1549706, 0.0 ], [ 73.1427132, 28.1552739, 0.0 ], [ 73.1426901, 28.1552736, 0.0 ], [ 73.1426953, 28.1549703, 0.0 ] ], [ [ 73.1426393, 28.1549695, 0.0 ], [ 73.1426624, 28.1549699, 0.0 ], [ 73.1426572, 28.1552731, 0.0 ], [ 73.1426341, 28.1552728, 0.0 ], [ 73.1426393, 28.1549695, 0.0 ] ], [ [ 73.1426899, 28.155282, 0.0 ], [ 73.142713, 28.1552823, 0.0 ], [ 73.1427078, 28.1555856, 0.0 ], [ 73.1426847, 28.1555853, 0.0 ], [ 73.1426899, 28.155282, 0.0 ] ], [ [ 73.1426339, 28.1552812, 0.0 ], [ 73.1426571, 28.1552815, 0.0 ], [ 73.1426518, 28.1555848, 0.0 ], [ 73.1426287, 28.1555845, 0.0 ], [ 73.1426339, 28.1552812, 0.0 ] ], [ [ 73.1425833, 28.1549688, 0.0 ], [ 73.1426064, 28.1549691, 0.0 ], [ 73.1426012, 28.1552724, 0.0 ], [ 73.1425781, 28.1552721, 0.0 ], [ 73.1425833, 28.1549688, 0.0 ] ], [ [ 73.1425273, 28.154968, 0.0 ], [ 73.1425505, 28.1549683, 0.0 ], [ 73.1425452, 28.1552716, 0.0 ], [ 73.1425221, 28.1552713, 0.0 ], [ 73.1425273, 28.154968, 0.0 ] ], [ [ 73.1425779, 28.1552805, 0.0 ], [ 73.1426011, 28.1552808, 0.0 ], [ 73.1425958, 28.1555841, 0.0 ], [ 73.1425727, 28.1555837, 0.0 ], [ 73.1425779, 28.1552805, 0.0 ] ], [ [ 73.1425219, 28.1552797, 0.0 ], [ 73.1425451, 28.15528, 0.0 ], [ 73.1425398, 28.1555833, 0.0 ], [ 73.1425167, 28.155583, 0.0 ], [ 73.1425219, 28.1552797, 0.0 ] ], [ [ 73.1424713, 28.1549673, 0.0 ], [ 73.1424945, 28.1549676, 0.0 ], [ 73.1424892, 28.1552709, 0.0 ], [ 73.1424661, 28.1552705, 0.0 ], [ 73.1424713, 28.1549673, 0.0 ] ], [ [ 73.1424154, 28.1549665, 0.0 ], [ 73.1424385, 28.1549668, 0.0 ], [ 73.1424332, 28.1552701, 0.0 ], [ 73.1424101, 28.1552698, 0.0 ], [ 73.1424154, 28.1549665, 0.0 ] ], [ [ 73.142466, 28.155279, 0.0 ], [ 73.1424891, 28.1552793, 0.0 ], [ 73.1424839, 28.1555825, 0.0 ], [ 73.1424607, 28.1555822, 0.0 ], [ 73.142466, 28.155279, 0.0 ] ], [ [ 73.14241, 28.1552782, 0.0 ], [ 73.1424331, 28.1552785, 0.0 ], [ 73.1424279, 28.1555818, 0.0 ], [ 73.1424047, 28.1555815, 0.0 ], [ 73.14241, 28.1552782, 0.0 ] ], [ [ 73.1423594, 28.1549658, 0.0 ], [ 73.1423825, 28.1549661, 0.0 ], [ 73.1423773, 28.1552693, 0.0 ], [ 73.1423541, 28.155269, 0.0 ], [ 73.1423594, 28.1549658, 0.0 ] ], [ [ 73.1423034, 28.154965, 0.0 ], [ 73.1423265, 28.1549653, 0.0 ], [ 73.1423213, 28.1552686, 0.0 ], [ 73.1422981, 28.1552683, 0.0 ], [ 73.1423034, 28.154965, 0.0 ] ], [ [ 73.142354, 28.1552774, 0.0 ], [ 73.1423771, 28.1552778, 0.0 ], [ 73.1423719, 28.155581, 0.0 ], [ 73.1423487, 28.1555807, 0.0 ], [ 73.142354, 28.1552774, 0.0 ] ], [ [ 73.142298, 28.1552767, 0.0 ], [ 73.1423211, 28.155277, 0.0 ], [ 73.1423159, 28.1555803, 0.0 ], [ 73.1422928, 28.1555799, 0.0 ], [ 73.142298, 28.1552767, 0.0 ] ], [ [ 73.1422474, 28.1549642, 0.0 ], [ 73.1422705, 28.1549645, 0.0 ], [ 73.1422653, 28.1552678, 0.0 ], [ 73.1422421, 28.1552675, 0.0 ], [ 73.1422474, 28.1549642, 0.0 ] ], [ [ 73.1421914, 28.1549635, 0.0 ], [ 73.1422145, 28.1549638, 0.0 ], [ 73.1422093, 28.1552671, 0.0 ], [ 73.1421862, 28.1552667, 0.0 ], [ 73.1421914, 28.1549635, 0.0 ] ], [ [ 73.142242, 28.1552759, 0.0 ], [ 73.1422651, 28.1552762, 0.0 ], [ 73.1422599, 28.1555795, 0.0 ], [ 73.1422368, 28.1555792, 0.0 ], [ 73.142242, 28.1552759, 0.0 ] ], [ [ 73.142186, 28.1552752, 0.0 ], [ 73.1422091, 28.1552755, 0.0 ], [ 73.1422039, 28.1555787, 0.0 ], [ 73.1421808, 28.1555784, 0.0 ], [ 73.142186, 28.1552752, 0.0 ] ], [ [ 73.1421354, 28.1549627, 0.0 ], [ 73.1421585, 28.154963, 0.0 ], [ 73.1421533, 28.1552663, 0.0 ], [ 73.1421302, 28.155266, 0.0 ], [ 73.1421354, 28.1549627, 0.0 ] ], [ [ 73.1420794, 28.154962, 0.0 ], [ 73.1421025, 28.1549623, 0.0 ], [ 73.1420973, 28.1552655, 0.0 ], [ 73.1420742, 28.1552652, 0.0 ], [ 73.1420794, 28.154962, 0.0 ] ], [ [ 73.14213, 28.1552744, 0.0 ], [ 73.1421532, 28.1552747, 0.0 ], [ 73.1421479, 28.155578, 0.0 ], [ 73.1421248, 28.1555777, 0.0 ], [ 73.14213, 28.1552744, 0.0 ] ], [ [ 73.142074, 28.1552736, 0.0 ], [ 73.1420972, 28.155274, 0.0 ], [ 73.1420919, 28.1555772, 0.0 ], [ 73.1420688, 28.1555769, 0.0 ], [ 73.142074, 28.1552736, 0.0 ] ], [ [ 73.1420234, 28.1549612, 0.0 ], [ 73.1420466, 28.1549615, 0.0 ], [ 73.1420413, 28.1552648, 0.0 ], [ 73.1420182, 28.1552645, 0.0 ], [ 73.1420234, 28.1549612, 0.0 ] ], [ [ 73.1419674, 28.1549604, 0.0 ], [ 73.1419906, 28.1549607, 0.0 ], [ 73.1419853, 28.155264, 0.0 ], [ 73.1419622, 28.1552637, 0.0 ], [ 73.1419674, 28.1549604, 0.0 ] ], [ [ 73.142018, 28.1552729, 0.0 ], [ 73.1420412, 28.1552732, 0.0 ], [ 73.1420359, 28.1555765, 0.0 ], [ 73.1420128, 28.1555761, 0.0 ], [ 73.142018, 28.1552729, 0.0 ] ], [ [ 73.1419621, 28.1552721, 0.0 ], [ 73.1419852, 28.1552724, 0.0 ], [ 73.1419799, 28.1555757, 0.0 ], [ 73.1419568, 28.1555754, 0.0 ], [ 73.1419621, 28.1552721, 0.0 ] ], [ [ 73.1419115, 28.1549597, 0.0 ], [ 73.1419346, 28.15496, 0.0 ], [ 73.1419293, 28.1552633, 0.0 ], [ 73.1419062, 28.1552629, 0.0 ], [ 73.1419115, 28.1549597, 0.0 ] ], [ [ 73.1418555, 28.1549589, 0.0 ], [ 73.1418786, 28.1549592, 0.0 ], [ 73.1418734, 28.1552625, 0.0 ], [ 73.1418502, 28.1552622, 0.0 ], [ 73.1418555, 28.1549589, 0.0 ] ], [ [ 73.1419061, 28.1552714, 0.0 ], [ 73.1419292, 28.1552717, 0.0 ], [ 73.141924, 28.1555749, 0.0 ], [ 73.1419008, 28.1555746, 0.0 ], [ 73.1419061, 28.1552714, 0.0 ] ], [ [ 73.1418501, 28.1552706, 0.0 ], [ 73.1418732, 28.1552709, 0.0 ], [ 73.141868, 28.1555742, 0.0 ], [ 73.1418448, 28.1555739, 0.0 ], [ 73.1418501, 28.1552706, 0.0 ] ], [ [ 73.1417995, 28.1549582, 0.0 ], [ 73.1418226, 28.1549585, 0.0 ], [ 73.1418174, 28.1552617, 0.0 ], [ 73.1417942, 28.1552614, 0.0 ], [ 73.1417995, 28.1549582, 0.0 ] ], [ [ 73.1417435, 28.1549574, 0.0 ], [ 73.1417666, 28.1549577, 0.0 ], [ 73.1417614, 28.155261, 0.0 ], [ 73.1417382, 28.1552607, 0.0 ], [ 73.1417435, 28.1549574, 0.0 ] ], [ [ 73.1417941, 28.1552698, 0.0 ], [ 73.1418172, 28.1552702, 0.0 ], [ 73.141812, 28.1555734, 0.0 ], [ 73.1417889, 28.1555731, 0.0 ], [ 73.1417941, 28.1552698, 0.0 ] ], [ [ 73.1417381, 28.1552691, 0.0 ], [ 73.1417612, 28.1552694, 0.0 ], [ 73.141756, 28.1555727, 0.0 ], [ 73.1417329, 28.1555723, 0.0 ], [ 73.1417381, 28.1552691, 0.0 ] ], [ [ 73.1416875, 28.1549566, 0.0 ], [ 73.1417106, 28.154957, 0.0 ], [ 73.1417054, 28.1552602, 0.0 ], [ 73.1416823, 28.1552599, 0.0 ], [ 73.1416875, 28.1549566, 0.0 ] ], [ [ 73.1416315, 28.1549559, 0.0 ], [ 73.1416546, 28.1549562, 0.0 ], [ 73.1416494, 28.1552595, 0.0 ], [ 73.1416263, 28.1552591, 0.0 ], [ 73.1416315, 28.1549559, 0.0 ] ], [ [ 73.1416821, 28.1552683, 0.0 ], [ 73.1417052, 28.1552686, 0.0 ], [ 73.1417, 28.1555719, 0.0 ], [ 73.1416769, 28.1555716, 0.0 ], [ 73.1416821, 28.1552683, 0.0 ] ], [ [ 73.1416261, 28.1552676, 0.0 ], [ 73.1416493, 28.1552679, 0.0 ], [ 73.141644, 28.1555711, 0.0 ], [ 73.1416209, 28.1555708, 0.0 ], [ 73.1416261, 28.1552676, 0.0 ] ], [ [ 73.1415755, 28.1549551, 0.0 ], [ 73.1415986, 28.1549554, 0.0 ], [ 73.1415934, 28.1552587, 0.0 ], [ 73.1415703, 28.1552584, 0.0 ], [ 73.1415755, 28.1549551, 0.0 ] ], [ [ 73.1415195, 28.1549544, 0.0 ], [ 73.1415427, 28.1549547, 0.0 ], [ 73.1415374, 28.1552579, 0.0 ], [ 73.1415143, 28.1552576, 0.0 ], [ 73.1415195, 28.1549544, 0.0 ] ], [ [ 73.1415701, 28.1552668, 0.0 ], [ 73.1415933, 28.1552671, 0.0 ], [ 73.141588, 28.1555704, 0.0 ], [ 73.1415649, 28.1555701, 0.0 ], [ 73.1415701, 28.1552668, 0.0 ] ], [ [ 73.1415141, 28.155266, 0.0 ], [ 73.1415373, 28.1552664, 0.0 ], [ 73.141532, 28.1555696, 0.0 ], [ 73.1415089, 28.1555693, 0.0 ], [ 73.1415141, 28.155266, 0.0 ] ], [ [ 73.1414635, 28.1549536, 0.0 ], [ 73.1414867, 28.1549539, 0.0 ], [ 73.1414814, 28.1552572, 0.0 ], [ 73.1414583, 28.1552569, 0.0 ], [ 73.1414635, 28.1549536, 0.0 ] ], [ [ 73.1414075, 28.1549528, 0.0 ], [ 73.1414307, 28.1549532, 0.0 ], [ 73.1414254, 28.1552564, 0.0 ], [ 73.1414023, 28.1552561, 0.0 ], [ 73.1414075, 28.1549528, 0.0 ] ], [ [ 73.1414582, 28.1552653, 0.0 ], [ 73.1414813, 28.1552656, 0.0 ], [ 73.141476, 28.1555689, 0.0 ], [ 73.1414529, 28.1555686, 0.0 ], [ 73.1414582, 28.1552653, 0.0 ] ], [ [ 73.1414022, 28.1552645, 0.0 ], [ 73.1414253, 28.1552648, 0.0 ], [ 73.1414201, 28.1555681, 0.0 ], [ 73.1413969, 28.1555678, 0.0 ], [ 73.1414022, 28.1552645, 0.0 ] ], [ [ 73.1413516, 28.1549521, 0.0 ], [ 73.1413747, 28.1549524, 0.0 ], [ 73.1413694, 28.1552557, 0.0 ], [ 73.1413463, 28.1552553, 0.0 ], [ 73.1413516, 28.1549521, 0.0 ] ], [ [ 73.1412956, 28.1549513, 0.0 ], [ 73.1413187, 28.1549516, 0.0 ], [ 73.1413135, 28.1552549, 0.0 ], [ 73.1412903, 28.1552546, 0.0 ], [ 73.1412956, 28.1549513, 0.0 ] ], [ [ 73.1413462, 28.1552638, 0.0 ], [ 73.1413693, 28.1552641, 0.0 ], [ 73.1413641, 28.1555673, 0.0 ], [ 73.1413409, 28.155567, 0.0 ], [ 73.1413462, 28.1552638, 0.0 ] ], [ [ 73.1412902, 28.155263, 0.0 ], [ 73.1413133, 28.1552633, 0.0 ], [ 73.1413081, 28.1555666, 0.0 ], [ 73.1412849, 28.1555663, 0.0 ], [ 73.1412902, 28.155263, 0.0 ] ], [ [ 73.1412396, 28.1549506, 0.0 ], [ 73.1412627, 28.1549509, 0.0 ], [ 73.1412575, 28.1552541, 0.0 ], [ 73.1412343, 28.1552538, 0.0 ], [ 73.1412396, 28.1549506, 0.0 ] ], [ [ 73.1411836, 28.1549498, 0.0 ], [ 73.1412067, 28.1549501, 0.0 ], [ 73.1412015, 28.1552534, 0.0 ], [ 73.1411784, 28.1552531, 0.0 ], [ 73.1411836, 28.1549498, 0.0 ] ], [ [ 73.1412342, 28.1552622, 0.0 ], [ 73.1412573, 28.1552626, 0.0 ], [ 73.1412521, 28.1555658, 0.0 ], [ 73.141229, 28.1555655, 0.0 ], [ 73.1412342, 28.1552622, 0.0 ] ], [ [ 73.1411782, 28.1552615, 0.0 ], [ 73.1412013, 28.1552618, 0.0 ], [ 73.1411961, 28.1555651, 0.0 ], [ 73.141173, 28.1555648, 0.0 ], [ 73.1411782, 28.1552615, 0.0 ] ], [ [ 73.1411276, 28.154949, 0.0 ], [ 73.1411507, 28.1549494, 0.0 ], [ 73.1411455, 28.1552526, 0.0 ], [ 73.1411224, 28.1552523, 0.0 ], [ 73.1411276, 28.154949, 0.0 ] ], [ [ 73.1410716, 28.1549483, 0.0 ], [ 73.1410947, 28.1549486, 0.0 ], [ 73.1410895, 28.1552519, 0.0 ], [ 73.1410664, 28.1552515, 0.0 ], [ 73.1410716, 28.1549483, 0.0 ] ], [ [ 73.1411222, 28.1552607, 0.0 ], [ 73.1411453, 28.155261, 0.0 ], [ 73.1411401, 28.1555643, 0.0 ], [ 73.141117, 28.155564, 0.0 ], [ 73.1411222, 28.1552607, 0.0 ] ], [ [ 73.1410662, 28.15526, 0.0 ], [ 73.1410894, 28.1552603, 0.0 ], [ 73.1410841, 28.1555635, 0.0 ], [ 73.141061, 28.1555632, 0.0 ], [ 73.1410662, 28.15526, 0.0 ] ], [ [ 73.1410156, 28.1549475, 0.0 ], [ 73.1410388, 28.1549478, 0.0 ], [ 73.1410335, 28.1552511, 0.0 ], [ 73.1410104, 28.1552508, 0.0 ], [ 73.1410156, 28.1549475, 0.0 ] ], [ [ 73.1409596, 28.1549468, 0.0 ], [ 73.1409828, 28.1549471, 0.0 ], [ 73.1409775, 28.1552503, 0.0 ], [ 73.1409544, 28.15525, 0.0 ], [ 73.1409596, 28.1549468, 0.0 ] ], [ [ 73.1410102, 28.1552592, 0.0 ], [ 73.1410334, 28.1552595, 0.0 ], [ 73.1410281, 28.1555628, 0.0 ], [ 73.141005, 28.1555625, 0.0 ], [ 73.1410102, 28.1552592, 0.0 ] ], [ [ 73.1409543, 28.1552584, 0.0 ], [ 73.1409774, 28.1552588, 0.0 ], [ 73.1409721, 28.155562, 0.0 ], [ 73.140949, 28.1555617, 0.0 ], [ 73.1409543, 28.1552584, 0.0 ] ], [ [ 73.1409036, 28.154946, 0.0 ], [ 73.1409268, 28.1549463, 0.0 ], [ 73.1409215, 28.1552496, 0.0 ], [ 73.1408984, 28.1552493, 0.0 ], [ 73.1409036, 28.154946, 0.0 ] ], [ [ 73.1408477, 28.1549452, 0.0 ], [ 73.1408708, 28.1549456, 0.0 ], [ 73.1408655, 28.1552488, 0.0 ], [ 73.1408424, 28.1552485, 0.0 ], [ 73.1408477, 28.1549452, 0.0 ] ], [ [ 73.1408983, 28.1552577, 0.0 ], [ 73.1409214, 28.155258, 0.0 ], [ 73.1409161, 28.1555613, 0.0 ], [ 73.140893, 28.155561, 0.0 ], [ 73.1408983, 28.1552577, 0.0 ] ], [ [ 73.1408423, 28.1552569, 0.0 ], [ 73.1408654, 28.1552572, 0.0 ], [ 73.1408602, 28.1555605, 0.0 ], [ 73.140837, 28.1555602, 0.0 ], [ 73.1408423, 28.1552569, 0.0 ] ], [ [ 73.1407917, 28.1549445, 0.0 ], [ 73.1408148, 28.1549448, 0.0 ], [ 73.1408096, 28.1552481, 0.0 ], [ 73.1407864, 28.1552477, 0.0 ], [ 73.1407917, 28.1549445, 0.0 ] ], [ [ 73.1407357, 28.1549437, 0.0 ], [ 73.1407588, 28.154944, 0.0 ], [ 73.1407536, 28.1552473, 0.0 ], [ 73.1407304, 28.155247, 0.0 ], [ 73.1407357, 28.1549437, 0.0 ] ], [ [ 73.1407863, 28.1552562, 0.0 ], [ 73.1408094, 28.1552565, 0.0 ], [ 73.1408042, 28.1555597, 0.0 ], [ 73.140781, 28.1555594, 0.0 ], [ 73.1407863, 28.1552562, 0.0 ] ], [ [ 73.1407303, 28.1552554, 0.0 ], [ 73.1407534, 28.1552557, 0.0 ], [ 73.1407482, 28.155559, 0.0 ], [ 73.1407251, 28.1555587, 0.0 ], [ 73.1407303, 28.1552554, 0.0 ] ], [ [ 73.1406797, 28.154943, 0.0 ], [ 73.1407028, 28.1549433, 0.0 ], [ 73.1406976, 28.1552465, 0.0 ], [ 73.1406744, 28.1552462, 0.0 ], [ 73.1406797, 28.154943, 0.0 ] ], [ [ 73.1406237, 28.1549422, 0.0 ], [ 73.1406468, 28.1549425, 0.0 ], [ 73.1406416, 28.1552458, 0.0 ], [ 73.1406185, 28.1552455, 0.0 ], [ 73.1406237, 28.1549422, 0.0 ] ], [ [ 73.1406743, 28.1552546, 0.0 ], [ 73.1406974, 28.155255, 0.0 ], [ 73.1406922, 28.1555582, 0.0 ], [ 73.1406691, 28.1555579, 0.0 ], [ 73.1406743, 28.1552546, 0.0 ] ], [ [ 73.1406183, 28.1552539, 0.0 ], [ 73.1406414, 28.1552542, 0.0 ], [ 73.1406362, 28.1555575, 0.0 ], [ 73.1406131, 28.1555572, 0.0 ], [ 73.1406183, 28.1552539, 0.0 ] ], [ [ 73.1405677, 28.1549414, 0.0 ], [ 73.1405908, 28.1549418, 0.0 ], [ 73.1405856, 28.155245, 0.0 ], [ 73.1405625, 28.1552447, 0.0 ], [ 73.1405677, 28.1549414, 0.0 ] ], [ [ 73.1405117, 28.1549407, 0.0 ], [ 73.1405349, 28.154941, 0.0 ], [ 73.1405296, 28.1552443, 0.0 ], [ 73.1405065, 28.1552439, 0.0 ], [ 73.1405117, 28.1549407, 0.0 ] ], [ [ 73.1405623, 28.1552531, 0.0 ], [ 73.1405855, 28.1552534, 0.0 ], [ 73.1405802, 28.1555567, 0.0 ], [ 73.1405571, 28.1555564, 0.0 ], [ 73.1405623, 28.1552531, 0.0 ] ], [ [ 73.1405063, 28.1552524, 0.0 ], [ 73.1405295, 28.1552527, 0.0 ], [ 73.1405242, 28.1555559, 0.0 ], [ 73.1405011, 28.1555556, 0.0 ], [ 73.1405063, 28.1552524, 0.0 ] ], [ [ 73.1404557, 28.1549399, 0.0 ], [ 73.1404789, 28.1549402, 0.0 ], [ 73.1404736, 28.1552435, 0.0 ], [ 73.1404505, 28.1552432, 0.0 ], [ 73.1404557, 28.1549399, 0.0 ] ], [ [ 73.1403997, 28.1549392, 0.0 ], [ 73.1404229, 28.1549395, 0.0 ], [ 73.1404176, 28.1552427, 0.0 ], [ 73.1403945, 28.1552424, 0.0 ], [ 73.1403997, 28.1549392, 0.0 ] ], [ [ 73.1404503, 28.1552516, 0.0 ], [ 73.1404735, 28.1552519, 0.0 ], [ 73.1404682, 28.1555552, 0.0 ], [ 73.1404451, 28.1555549, 0.0 ], [ 73.1404503, 28.1552516, 0.0 ] ], [ [ 73.1403944, 28.1552508, 0.0 ], [ 73.1404175, 28.1552512, 0.0 ], [ 73.1404122, 28.1555544, 0.0 ], [ 73.1403891, 28.1555541, 0.0 ], [ 73.1403944, 28.1552508, 0.0 ] ], [ [ 73.1403438, 28.1549384, 0.0 ], [ 73.1403669, 28.1549387, 0.0 ], [ 73.1403616, 28.155242, 0.0 ], [ 73.1403385, 28.1552417, 0.0 ], [ 73.1403438, 28.1549384, 0.0 ] ], [ [ 73.1402878, 28.1549376, 0.0 ], [ 73.1403109, 28.154938, 0.0 ], [ 73.1403057, 28.1552412, 0.0 ], [ 73.1402825, 28.1552409, 0.0 ], [ 73.1402878, 28.1549376, 0.0 ] ], [ [ 73.1403384, 28.1552501, 0.0 ], [ 73.1403615, 28.1552504, 0.0 ], [ 73.1403563, 28.1555537, 0.0 ], [ 73.1403331, 28.1555533, 0.0 ], [ 73.1403384, 28.1552501, 0.0 ] ], [ [ 73.1402824, 28.1552493, 0.0 ], [ 73.1403055, 28.1552496, 0.0 ], [ 73.1403003, 28.1555529, 0.0 ], [ 73.1402771, 28.1555526, 0.0 ], [ 73.1402824, 28.1552493, 0.0 ] ], [ [ 73.1402318, 28.1549369, 0.0 ], [ 73.1402549, 28.1549372, 0.0 ], [ 73.1402497, 28.1552405, 0.0 ], [ 73.1402265, 28.1552401, 0.0 ], [ 73.1402318, 28.1549369, 0.0 ] ], [ [ 73.1401758, 28.1549361, 0.0 ], [ 73.1401989, 28.1549364, 0.0 ], [ 73.1401937, 28.1552397, 0.0 ], [ 73.1401705, 28.1552394, 0.0 ], [ 73.1401758, 28.1549361, 0.0 ] ], [ [ 73.1402264, 28.1552486, 0.0 ], [ 73.1402495, 28.1552489, 0.0 ], [ 73.1402443, 28.1555521, 0.0 ], [ 73.1402211, 28.1555518, 0.0 ], [ 73.1402264, 28.1552486, 0.0 ] ], [ [ 73.1401704, 28.1552478, 0.0 ], [ 73.1401935, 28.1552481, 0.0 ], [ 73.1401883, 28.1555514, 0.0 ], [ 73.1401652, 28.1555511, 0.0 ], [ 73.1401704, 28.1552478, 0.0 ] ], [ [ 73.1446096, 28.1543766, 0.0 ], [ 73.1446327, 28.154377, 0.0 ], [ 73.1446275, 28.1546802, 0.0 ], [ 73.1446044, 28.1546799, 0.0 ], [ 73.1446096, 28.1543766, 0.0 ] ], [ [ 73.1445536, 28.1543759, 0.0 ], [ 73.1445768, 28.1543762, 0.0 ], [ 73.1445715, 28.1546795, 0.0 ], [ 73.1445484, 28.1546792, 0.0 ], [ 73.1445536, 28.1543759, 0.0 ] ], [ [ 73.1446042, 28.1546883, 0.0 ], [ 73.1446274, 28.1546886, 0.0 ], [ 73.1446221, 28.1549919, 0.0 ], [ 73.144599, 28.1549916, 0.0 ], [ 73.1446042, 28.1546883, 0.0 ] ], [ [ 73.1445483, 28.1546876, 0.0 ], [ 73.1445714, 28.1546879, 0.0 ], [ 73.1445661, 28.1549912, 0.0 ], [ 73.144543, 28.1549908, 0.0 ], [ 73.1445483, 28.1546876, 0.0 ] ], [ [ 73.1444976, 28.1543751, 0.0 ], [ 73.1445208, 28.1543754, 0.0 ], [ 73.1445155, 28.1546787, 0.0 ], [ 73.1444924, 28.1546784, 0.0 ], [ 73.1444976, 28.1543751, 0.0 ] ], [ [ 73.1444416, 28.1543744, 0.0 ], [ 73.1444648, 28.1543747, 0.0 ], [ 73.1444595, 28.154678, 0.0 ], [ 73.1444364, 28.1546776, 0.0 ], [ 73.1444416, 28.1543744, 0.0 ] ], [ [ 73.1444923, 28.1546868, 0.0 ], [ 73.1445154, 28.1546871, 0.0 ], [ 73.1445102, 28.1549904, 0.0 ], [ 73.144487, 28.1549901, 0.0 ], [ 73.1444923, 28.1546868, 0.0 ] ], [ [ 73.1444363, 28.1546861, 0.0 ], [ 73.1444594, 28.1546864, 0.0 ], [ 73.1444542, 28.1549896, 0.0 ], [ 73.144431, 28.1549893, 0.0 ], [ 73.1444363, 28.1546861, 0.0 ] ], [ [ 73.1443857, 28.1543736, 0.0 ], [ 73.1444088, 28.1543739, 0.0 ], [ 73.1444036, 28.1546772, 0.0 ], [ 73.1443804, 28.1546769, 0.0 ], [ 73.1443857, 28.1543736, 0.0 ] ], [ [ 73.1443297, 28.1543729, 0.0 ], [ 73.1443528, 28.1543732, 0.0 ], [ 73.1443476, 28.1546764, 0.0 ], [ 73.1443244, 28.1546761, 0.0 ], [ 73.1443297, 28.1543729, 0.0 ] ], [ [ 73.1443803, 28.1546853, 0.0 ], [ 73.1444034, 28.1546856, 0.0 ], [ 73.1443982, 28.1549889, 0.0 ], [ 73.1443751, 28.1549886, 0.0 ], [ 73.1443803, 28.1546853, 0.0 ] ], [ [ 73.1443243, 28.1546845, 0.0 ], [ 73.1443474, 28.1546849, 0.0 ], [ 73.1443422, 28.1549881, 0.0 ], [ 73.1443191, 28.1549878, 0.0 ], [ 73.1443243, 28.1546845, 0.0 ] ], [ [ 73.1442737, 28.1543721, 0.0 ], [ 73.1442968, 28.1543724, 0.0 ], [ 73.1442916, 28.1546757, 0.0 ], [ 73.1442685, 28.1546754, 0.0 ], [ 73.1442737, 28.1543721, 0.0 ] ], [ [ 73.1442177, 28.1543713, 0.0 ], [ 73.1442408, 28.1543716, 0.0 ], [ 73.1442356, 28.1546749, 0.0 ], [ 73.1442125, 28.1546746, 0.0 ], [ 73.1442177, 28.1543713, 0.0 ] ], [ [ 73.1442683, 28.1546838, 0.0 ], [ 73.1442914, 28.1546841, 0.0 ], [ 73.1442862, 28.1549874, 0.0 ], [ 73.1442631, 28.154987, 0.0 ], [ 73.1442683, 28.1546838, 0.0 ] ], [ [ 73.1442123, 28.154683, 0.0 ], [ 73.1442354, 28.1546833, 0.0 ], [ 73.1442302, 28.1549866, 0.0 ], [ 73.1442071, 28.1549863, 0.0 ], [ 73.1442123, 28.154683, 0.0 ] ], [ [ 73.1441617, 28.1543706, 0.0 ], [ 73.1441848, 28.1543709, 0.0 ], [ 73.1441796, 28.1546742, 0.0 ], [ 73.1441565, 28.1546738, 0.0 ], [ 73.1441617, 28.1543706, 0.0 ] ], [ [ 73.1441057, 28.1543698, 0.0 ], [ 73.1441288, 28.1543701, 0.0 ], [ 73.1441236, 28.1546734, 0.0 ], [ 73.1441005, 28.1546731, 0.0 ], [ 73.1441057, 28.1543698, 0.0 ] ], [ [ 73.1441563, 28.1546823, 0.0 ], [ 73.1441795, 28.1546826, 0.0 ], [ 73.1441742, 28.1549858, 0.0 ], [ 73.1441511, 28.1549855, 0.0 ], [ 73.1441563, 28.1546823, 0.0 ] ], [ [ 73.1441003, 28.1546815, 0.0 ], [ 73.1441235, 28.1546818, 0.0 ], [ 73.1441182, 28.1549851, 0.0 ], [ 73.1440951, 28.1549848, 0.0 ], [ 73.1441003, 28.1546815, 0.0 ] ], [ [ 73.1439377, 28.1543675, 0.0 ], [ 73.1439609, 28.1543679, 0.0 ], [ 73.1439556, 28.1546711, 0.0 ], [ 73.1439325, 28.1546708, 0.0 ], [ 73.1439377, 28.1543675, 0.0 ] ], [ [ 73.1438818, 28.1543668, 0.0 ], [ 73.1439049, 28.1543671, 0.0 ], [ 73.1438997, 28.1546704, 0.0 ], [ 73.1438765, 28.1546701, 0.0 ], [ 73.1438818, 28.1543668, 0.0 ] ], [ [ 73.1439324, 28.1546792, 0.0 ], [ 73.1439555, 28.1546795, 0.0 ], [ 73.1439503, 28.1549828, 0.0 ], [ 73.1439271, 28.1549825, 0.0 ], [ 73.1439324, 28.1546792, 0.0 ] ], [ [ 73.1438764, 28.1546785, 0.0 ], [ 73.1438995, 28.1546788, 0.0 ], [ 73.1438943, 28.1549821, 0.0 ], [ 73.1438711, 28.1549817, 0.0 ], [ 73.1438764, 28.1546785, 0.0 ] ], [ [ 73.1438258, 28.154366, 0.0 ], [ 73.1438489, 28.1543663, 0.0 ], [ 73.1438437, 28.1546696, 0.0 ], [ 73.1438205, 28.1546693, 0.0 ], [ 73.1438258, 28.154366, 0.0 ] ], [ [ 73.1437698, 28.1543653, 0.0 ], [ 73.1437929, 28.1543656, 0.0 ], [ 73.1437877, 28.1546688, 0.0 ], [ 73.1437645, 28.1546685, 0.0 ], [ 73.1437698, 28.1543653, 0.0 ] ], [ [ 73.1438204, 28.1546777, 0.0 ], [ 73.1438435, 28.154678, 0.0 ], [ 73.1438383, 28.1549813, 0.0 ], [ 73.1438152, 28.154981, 0.0 ], [ 73.1438204, 28.1546777, 0.0 ] ], [ [ 73.1437644, 28.154677, 0.0 ], [ 73.1437875, 28.1546773, 0.0 ], [ 73.1437823, 28.1549805, 0.0 ], [ 73.1437592, 28.1549802, 0.0 ], [ 73.1437644, 28.154677, 0.0 ] ], [ [ 73.1437138, 28.1543645, 0.0 ], [ 73.1437369, 28.1543648, 0.0 ], [ 73.1437317, 28.1546681, 0.0 ], [ 73.1437086, 28.1546678, 0.0 ], [ 73.1437138, 28.1543645, 0.0 ] ], [ [ 73.1436578, 28.1543637, 0.0 ], [ 73.1436809, 28.1543641, 0.0 ], [ 73.1436757, 28.1546673, 0.0 ], [ 73.1436526, 28.154667, 0.0 ], [ 73.1436578, 28.1543637, 0.0 ] ], [ [ 73.1437084, 28.1546762, 0.0 ], [ 73.1437315, 28.1546765, 0.0 ], [ 73.1437263, 28.1549798, 0.0 ], [ 73.1437032, 28.1549795, 0.0 ], [ 73.1437084, 28.1546762, 0.0 ] ], [ [ 73.1436524, 28.1546754, 0.0 ], [ 73.1436756, 28.1546757, 0.0 ], [ 73.1436703, 28.154979, 0.0 ], [ 73.1436472, 28.1549787, 0.0 ], [ 73.1436524, 28.1546754, 0.0 ] ], [ [ 73.1436018, 28.154363, 0.0 ], [ 73.1436249, 28.1543633, 0.0 ], [ 73.1436197, 28.1546666, 0.0 ], [ 73.1435966, 28.1546663, 0.0 ], [ 73.1436018, 28.154363, 0.0 ] ], [ [ 73.1435458, 28.1543622, 0.0 ], [ 73.143569, 28.1543625, 0.0 ], [ 73.1435637, 28.1546658, 0.0 ], [ 73.1435406, 28.1546655, 0.0 ], [ 73.1435458, 28.1543622, 0.0 ] ], [ [ 73.1435964, 28.1546747, 0.0 ], [ 73.1436196, 28.154675, 0.0 ], [ 73.1436143, 28.1549783, 0.0 ], [ 73.1435912, 28.1549779, 0.0 ], [ 73.1435964, 28.1546747, 0.0 ] ], [ [ 73.1435404, 28.1546739, 0.0 ], [ 73.1435636, 28.1546742, 0.0 ], [ 73.1435583, 28.1549775, 0.0 ], [ 73.1435352, 28.1549772, 0.0 ], [ 73.1435404, 28.1546739, 0.0 ] ], [ [ 73.1433779, 28.15436, 0.0 ], [ 73.143401, 28.1543603, 0.0 ], [ 73.1433958, 28.1546635, 0.0 ], [ 73.1433726, 28.1546632, 0.0 ], [ 73.1433779, 28.15436, 0.0 ] ], [ [ 73.1433219, 28.1543592, 0.0 ], [ 73.143345, 28.1543595, 0.0 ], [ 73.1433398, 28.1546628, 0.0 ], [ 73.1433166, 28.1546625, 0.0 ], [ 73.1433219, 28.1543592, 0.0 ] ], [ [ 73.1433725, 28.1546716, 0.0 ], [ 73.1433956, 28.154672, 0.0 ], [ 73.1433904, 28.1549752, 0.0 ], [ 73.1433672, 28.1549749, 0.0 ], [ 73.1433725, 28.1546716, 0.0 ] ], [ [ 73.1433165, 28.1546709, 0.0 ], [ 73.1433396, 28.1546712, 0.0 ], [ 73.1433344, 28.1549745, 0.0 ], [ 73.1433113, 28.1549741, 0.0 ], [ 73.1433165, 28.1546709, 0.0 ] ], [ [ 73.1432659, 28.1543584, 0.0 ], [ 73.143289, 28.1543587, 0.0 ], [ 73.1432838, 28.154662, 0.0 ], [ 73.1432606, 28.1546617, 0.0 ], [ 73.1432659, 28.1543584, 0.0 ] ], [ [ 73.1432099, 28.1543577, 0.0 ], [ 73.143233, 28.154358, 0.0 ], [ 73.1432278, 28.1546613, 0.0 ], [ 73.1432047, 28.1546609, 0.0 ], [ 73.1432099, 28.1543577, 0.0 ] ], [ [ 73.1432605, 28.1546701, 0.0 ], [ 73.1432836, 28.1546704, 0.0 ], [ 73.1432784, 28.1549737, 0.0 ], [ 73.1432553, 28.1549734, 0.0 ], [ 73.1432605, 28.1546701, 0.0 ] ], [ [ 73.1432045, 28.1546694, 0.0 ], [ 73.1432276, 28.1546697, 0.0 ], [ 73.1432224, 28.1549729, 0.0 ], [ 73.1431993, 28.1549726, 0.0 ], [ 73.1432045, 28.1546694, 0.0 ] ], [ [ 73.1431539, 28.1543569, 0.0 ], [ 73.143177, 28.1543572, 0.0 ], [ 73.1431718, 28.1546605, 0.0 ], [ 73.1431487, 28.1546602, 0.0 ], [ 73.1431539, 28.1543569, 0.0 ] ], [ [ 73.1430979, 28.1543562, 0.0 ], [ 73.143121, 28.1543565, 0.0 ], [ 73.1431158, 28.1546597, 0.0 ], [ 73.1430927, 28.1546594, 0.0 ], [ 73.1430979, 28.1543562, 0.0 ] ], [ [ 73.1431485, 28.1546686, 0.0 ], [ 73.1431717, 28.1546689, 0.0 ], [ 73.1431664, 28.1549722, 0.0 ], [ 73.1431433, 28.1549719, 0.0 ], [ 73.1431485, 28.1546686, 0.0 ] ], [ [ 73.1430925, 28.1546678, 0.0 ], [ 73.1431157, 28.1546682, 0.0 ], [ 73.1431104, 28.1549714, 0.0 ], [ 73.1430873, 28.1549711, 0.0 ], [ 73.1430925, 28.1546678, 0.0 ] ], [ [ 73.1430419, 28.1543554, 0.0 ], [ 73.1430651, 28.1543557, 0.0 ], [ 73.1430598, 28.154659, 0.0 ], [ 73.1430367, 28.1546587, 0.0 ], [ 73.1430419, 28.1543554, 0.0 ] ], [ [ 73.1429859, 28.1543546, 0.0 ], [ 73.1430091, 28.154355, 0.0 ], [ 73.1430038, 28.1546582, 0.0 ], [ 73.1429807, 28.1546579, 0.0 ], [ 73.1429859, 28.1543546, 0.0 ] ], [ [ 73.1430365, 28.1546671, 0.0 ], [ 73.1430597, 28.1546674, 0.0 ], [ 73.1430544, 28.1549707, 0.0 ], [ 73.1430313, 28.1549704, 0.0 ], [ 73.1430365, 28.1546671, 0.0 ] ], [ [ 73.1429806, 28.1546663, 0.0 ], [ 73.1430037, 28.1546666, 0.0 ], [ 73.1429985, 28.1549699, 0.0 ], [ 73.1429753, 28.1549696, 0.0 ], [ 73.1429806, 28.1546663, 0.0 ] ], [ [ 73.1429299, 28.1543539, 0.0 ], [ 73.1429531, 28.1543542, 0.0 ], [ 73.1429478, 28.1546575, 0.0 ], [ 73.1429247, 28.1546571, 0.0 ], [ 73.1429299, 28.1543539, 0.0 ] ], [ [ 73.142874, 28.1543531, 0.0 ], [ 73.1428971, 28.1543534, 0.0 ], [ 73.1428919, 28.1546567, 0.0 ], [ 73.1428687, 28.1546564, 0.0 ], [ 73.142874, 28.1543531, 0.0 ] ], [ [ 73.1429246, 28.1546656, 0.0 ], [ 73.1429477, 28.1546659, 0.0 ], [ 73.1429425, 28.1549691, 0.0 ], [ 73.1429193, 28.1549688, 0.0 ], [ 73.1429246, 28.1546656, 0.0 ] ], [ [ 73.1428686, 28.1546648, 0.0 ], [ 73.1428917, 28.1546651, 0.0 ], [ 73.1428865, 28.1549684, 0.0 ], [ 73.1428633, 28.1549681, 0.0 ], [ 73.1428686, 28.1546648, 0.0 ] ], [ [ 73.142818, 28.1543524, 0.0 ], [ 73.1428411, 28.1543527, 0.0 ], [ 73.1428359, 28.1546559, 0.0 ], [ 73.1428127, 28.1546556, 0.0 ], [ 73.142818, 28.1543524, 0.0 ] ], [ [ 73.142762, 28.1543516, 0.0 ], [ 73.1427851, 28.1543519, 0.0 ], [ 73.1427799, 28.1546552, 0.0 ], [ 73.1427567, 28.1546549, 0.0 ], [ 73.142762, 28.1543516, 0.0 ] ], [ [ 73.1428126, 28.154664, 0.0 ], [ 73.1428357, 28.1546644, 0.0 ], [ 73.1428305, 28.1549676, 0.0 ], [ 73.1428074, 28.1549673, 0.0 ], [ 73.1428126, 28.154664, 0.0 ] ], [ [ 73.1427566, 28.1546633, 0.0 ], [ 73.1427797, 28.1546636, 0.0 ], [ 73.1427745, 28.1549669, 0.0 ], [ 73.1427514, 28.1549666, 0.0 ], [ 73.1427566, 28.1546633, 0.0 ] ], [ [ 73.142706, 28.1543508, 0.0 ], [ 73.1427291, 28.1543512, 0.0 ], [ 73.1427239, 28.1546544, 0.0 ], [ 73.1427008, 28.1546541, 0.0 ], [ 73.142706, 28.1543508, 0.0 ] ], [ [ 73.14265, 28.1543501, 0.0 ], [ 73.1426731, 28.1543504, 0.0 ], [ 73.1426679, 28.1546537, 0.0 ], [ 73.1426448, 28.1546534, 0.0 ], [ 73.14265, 28.1543501, 0.0 ] ], [ [ 73.1427006, 28.1546625, 0.0 ], [ 73.1427237, 28.1546628, 0.0 ], [ 73.1427185, 28.1549661, 0.0 ], [ 73.1426954, 28.1549658, 0.0 ], [ 73.1427006, 28.1546625, 0.0 ] ], [ [ 73.1426446, 28.1546618, 0.0 ], [ 73.1426678, 28.1546621, 0.0 ], [ 73.1426625, 28.1549654, 0.0 ], [ 73.1426394, 28.154965, 0.0 ], [ 73.1426446, 28.1546618, 0.0 ] ], [ [ 73.142594, 28.1543493, 0.0 ], [ 73.1426171, 28.1543496, 0.0 ], [ 73.1426119, 28.1546529, 0.0 ], [ 73.1425888, 28.1546526, 0.0 ], [ 73.142594, 28.1543493, 0.0 ] ], [ [ 73.142538, 28.1543486, 0.0 ], [ 73.1425612, 28.1543489, 0.0 ], [ 73.1425559, 28.1546521, 0.0 ], [ 73.1425328, 28.1546518, 0.0 ], [ 73.142538, 28.1543486, 0.0 ] ], [ [ 73.1425886, 28.154661, 0.0 ], [ 73.1426118, 28.1546613, 0.0 ], [ 73.1426065, 28.1549646, 0.0 ], [ 73.1425834, 28.1549643, 0.0 ], [ 73.1425886, 28.154661, 0.0 ] ], [ [ 73.1425326, 28.1546603, 0.0 ], [ 73.1425558, 28.1546606, 0.0 ], [ 73.1425505, 28.1549638, 0.0 ], [ 73.1425274, 28.1549635, 0.0 ], [ 73.1425326, 28.1546603, 0.0 ] ], [ [ 73.142482, 28.1543478, 0.0 ], [ 73.1425052, 28.1543481, 0.0 ], [ 73.1424999, 28.1546514, 0.0 ], [ 73.1424768, 28.1546511, 0.0 ], [ 73.142482, 28.1543478, 0.0 ] ], [ [ 73.142426, 28.154347, 0.0 ], [ 73.1424492, 28.1543474, 0.0 ], [ 73.1424439, 28.1546506, 0.0 ], [ 73.1424208, 28.1546503, 0.0 ], [ 73.142426, 28.154347, 0.0 ] ], [ [ 73.1424767, 28.1546595, 0.0 ], [ 73.1424998, 28.1546598, 0.0 ], [ 73.1424945, 28.1549631, 0.0 ], [ 73.1424714, 28.1549628, 0.0 ], [ 73.1424767, 28.1546595, 0.0 ] ], [ [ 73.1424207, 28.1546587, 0.0 ], [ 73.1424438, 28.154659, 0.0 ], [ 73.1424386, 28.1549623, 0.0 ], [ 73.1424154, 28.154962, 0.0 ], [ 73.1424207, 28.1546587, 0.0 ] ], [ [ 73.1423701, 28.1543463, 0.0 ], [ 73.1423932, 28.1543466, 0.0 ], [ 73.142388, 28.1546499, 0.0 ], [ 73.1423648, 28.1546496, 0.0 ], [ 73.1423701, 28.1543463, 0.0 ] ], [ [ 73.1423141, 28.1543455, 0.0 ], [ 73.1423372, 28.1543458, 0.0 ], [ 73.142332, 28.1546491, 0.0 ], [ 73.1423088, 28.1546488, 0.0 ], [ 73.1423141, 28.1543455, 0.0 ] ], [ [ 73.1423647, 28.154658, 0.0 ], [ 73.1423878, 28.1546583, 0.0 ], [ 73.1423826, 28.1549616, 0.0 ], [ 73.1423594, 28.1549612, 0.0 ], [ 73.1423647, 28.154658, 0.0 ] ], [ [ 73.1423087, 28.1546572, 0.0 ], [ 73.1423318, 28.1546575, 0.0 ], [ 73.1423266, 28.1549608, 0.0 ], [ 73.1423035, 28.1549605, 0.0 ], [ 73.1423087, 28.1546572, 0.0 ] ], [ [ 73.1422581, 28.1543448, 0.0 ], [ 73.1422812, 28.1543451, 0.0 ], [ 73.142276, 28.1546483, 0.0 ], [ 73.1422528, 28.154648, 0.0 ], [ 73.1422581, 28.1543448, 0.0 ] ], [ [ 73.1422021, 28.154344, 0.0 ], [ 73.1422252, 28.1543443, 0.0 ], [ 73.14222, 28.1546476, 0.0 ], [ 73.1421969, 28.1546473, 0.0 ], [ 73.1422021, 28.154344, 0.0 ] ], [ [ 73.1422527, 28.1546565, 0.0 ], [ 73.1422758, 28.1546568, 0.0 ], [ 73.1422706, 28.15496, 0.0 ], [ 73.1422475, 28.1549597, 0.0 ], [ 73.1422527, 28.1546565, 0.0 ] ], [ [ 73.1421967, 28.1546557, 0.0 ], [ 73.1422198, 28.154656, 0.0 ], [ 73.1422146, 28.1549593, 0.0 ], [ 73.1421915, 28.154959, 0.0 ], [ 73.1421967, 28.1546557, 0.0 ] ], [ [ 73.1421461, 28.1543432, 0.0 ], [ 73.1421692, 28.1543436, 0.0 ], [ 73.142164, 28.1546468, 0.0 ], [ 73.1421409, 28.1546465, 0.0 ], [ 73.1421461, 28.1543432, 0.0 ] ], [ [ 73.1420901, 28.1543425, 0.0 ], [ 73.1421132, 28.1543428, 0.0 ], [ 73.142108, 28.1546461, 0.0 ], [ 73.1420849, 28.1546458, 0.0 ], [ 73.1420901, 28.1543425, 0.0 ] ], [ [ 73.1421407, 28.1546549, 0.0 ], [ 73.1421639, 28.1546552, 0.0 ], [ 73.1421586, 28.1549585, 0.0 ], [ 73.1421355, 28.1549582, 0.0 ], [ 73.1421407, 28.1546549, 0.0 ] ], [ [ 73.1420847, 28.1546542, 0.0 ], [ 73.1421079, 28.1546545, 0.0 ], [ 73.1421026, 28.1549578, 0.0 ], [ 73.1420795, 28.1549574, 0.0 ], [ 73.1420847, 28.1546542, 0.0 ] ], [ [ 73.1420341, 28.1543417, 0.0 ], [ 73.1420573, 28.154342, 0.0 ], [ 73.142052, 28.1546453, 0.0 ], [ 73.1420289, 28.154645, 0.0 ], [ 73.1420341, 28.1543417, 0.0 ] ], [ [ 73.1419781, 28.154341, 0.0 ], [ 73.1420013, 28.1543413, 0.0 ], [ 73.141996, 28.1546446, 0.0 ], [ 73.1419729, 28.1546442, 0.0 ], [ 73.1419781, 28.154341, 0.0 ] ], [ [ 73.1420287, 28.1546534, 0.0 ], [ 73.1420519, 28.1546537, 0.0 ], [ 73.1420466, 28.154957, 0.0 ], [ 73.1420235, 28.1549567, 0.0 ], [ 73.1420287, 28.1546534, 0.0 ] ], [ [ 73.1419728, 28.1546527, 0.0 ], [ 73.1419959, 28.154653, 0.0 ], [ 73.1419906, 28.1549562, 0.0 ], [ 73.1419675, 28.1549559, 0.0 ], [ 73.1419728, 28.1546527, 0.0 ] ], [ [ 73.1419222, 28.1543402, 0.0 ], [ 73.1419453, 28.1543405, 0.0 ], [ 73.14194, 28.1546438, 0.0 ], [ 73.1419169, 28.1546435, 0.0 ], [ 73.1419222, 28.1543402, 0.0 ] ], [ [ 73.1418662, 28.1543395, 0.0 ], [ 73.1418893, 28.1543398, 0.0 ], [ 73.1418841, 28.154643, 0.0 ], [ 73.1418609, 28.1546427, 0.0 ], [ 73.1418662, 28.1543395, 0.0 ] ], [ [ 73.1419168, 28.1546519, 0.0 ], [ 73.1419399, 28.1546522, 0.0 ], [ 73.1419347, 28.1549555, 0.0 ], [ 73.1419115, 28.1549552, 0.0 ], [ 73.1419168, 28.1546519, 0.0 ] ], [ [ 73.1418608, 28.1546511, 0.0 ], [ 73.1418839, 28.1546515, 0.0 ], [ 73.1418787, 28.1549547, 0.0 ], [ 73.1418555, 28.1549544, 0.0 ], [ 73.1418608, 28.1546511, 0.0 ] ], [ [ 73.1418102, 28.1543387, 0.0 ], [ 73.1418333, 28.154339, 0.0 ], [ 73.1418281, 28.1546423, 0.0 ], [ 73.1418049, 28.154642, 0.0 ], [ 73.1418102, 28.1543387, 0.0 ] ], [ [ 73.1417542, 28.1543379, 0.0 ], [ 73.1417773, 28.1543382, 0.0 ], [ 73.1417721, 28.1546415, 0.0 ], [ 73.1417489, 28.1546412, 0.0 ], [ 73.1417542, 28.1543379, 0.0 ] ], [ [ 73.1418048, 28.1546504, 0.0 ], [ 73.1418279, 28.1546507, 0.0 ], [ 73.1418227, 28.154954, 0.0 ], [ 73.1417996, 28.1549536, 0.0 ], [ 73.1418048, 28.1546504, 0.0 ] ], [ [ 73.1417488, 28.1546496, 0.0 ], [ 73.1417719, 28.1546499, 0.0 ], [ 73.1417667, 28.1549532, 0.0 ], [ 73.1417436, 28.1549529, 0.0 ], [ 73.1417488, 28.1546496, 0.0 ] ], [ [ 73.1416982, 28.1543372, 0.0 ], [ 73.1417213, 28.1543375, 0.0 ], [ 73.1417161, 28.1546408, 0.0 ], [ 73.141693, 28.1546404, 0.0 ], [ 73.1416982, 28.1543372, 0.0 ] ], [ [ 73.1416422, 28.1543364, 0.0 ], [ 73.1416653, 28.1543367, 0.0 ], [ 73.1416601, 28.15464, 0.0 ], [ 73.141637, 28.1546397, 0.0 ], [ 73.1416422, 28.1543364, 0.0 ] ], [ [ 73.1416928, 28.1546489, 0.0 ], [ 73.1417159, 28.1546492, 0.0 ], [ 73.1417107, 28.1549524, 0.0 ], [ 73.1416876, 28.1549521, 0.0 ], [ 73.1416928, 28.1546489, 0.0 ] ], [ [ 73.1416368, 28.1546481, 0.0 ], [ 73.14166, 28.1546484, 0.0 ], [ 73.1416547, 28.1549517, 0.0 ], [ 73.1416316, 28.1549514, 0.0 ], [ 73.1416368, 28.1546481, 0.0 ] ], [ [ 73.1415862, 28.1543357, 0.0 ], [ 73.1416093, 28.154336, 0.0 ], [ 73.1416041, 28.1546392, 0.0 ], [ 73.141581, 28.1546389, 0.0 ], [ 73.1415862, 28.1543357, 0.0 ] ], [ [ 73.1415302, 28.1543349, 0.0 ], [ 73.1415534, 28.1543352, 0.0 ], [ 73.1415481, 28.1546385, 0.0 ], [ 73.141525, 28.1546382, 0.0 ], [ 73.1415302, 28.1543349, 0.0 ] ], [ [ 73.1415808, 28.1546473, 0.0 ], [ 73.141604, 28.1546477, 0.0 ], [ 73.1415987, 28.1549509, 0.0 ], [ 73.1415756, 28.1549506, 0.0 ], [ 73.1415808, 28.1546473, 0.0 ] ], [ [ 73.1415248, 28.1546466, 0.0 ], [ 73.141548, 28.1546469, 0.0 ], [ 73.1415427, 28.1549502, 0.0 ], [ 73.1415196, 28.1549498, 0.0 ], [ 73.1415248, 28.1546466, 0.0 ] ], [ [ 73.1414742, 28.1543341, 0.0 ], [ 73.1414974, 28.1543344, 0.0 ], [ 73.1414921, 28.1546377, 0.0 ], [ 73.141469, 28.1546374, 0.0 ], [ 73.1414742, 28.1543341, 0.0 ] ], [ [ 73.1414183, 28.1543334, 0.0 ], [ 73.1414414, 28.1543337, 0.0 ], [ 73.1414361, 28.154637, 0.0 ], [ 73.141413, 28.1546366, 0.0 ], [ 73.1414183, 28.1543334, 0.0 ] ], [ [ 73.1414689, 28.1546458, 0.0 ], [ 73.141492, 28.1546461, 0.0 ], [ 73.1414867, 28.1549494, 0.0 ], [ 73.1414636, 28.1549491, 0.0 ], [ 73.1414689, 28.1546458, 0.0 ] ], [ [ 73.1414129, 28.1546451, 0.0 ], [ 73.141436, 28.1546454, 0.0 ], [ 73.1414308, 28.1549486, 0.0 ], [ 73.1414076, 28.1549483, 0.0 ], [ 73.1414129, 28.1546451, 0.0 ] ], [ [ 73.1413623, 28.1543326, 0.0 ], [ 73.1413854, 28.1543329, 0.0 ], [ 73.1413802, 28.1546362, 0.0 ], [ 73.141357, 28.1546359, 0.0 ], [ 73.1413623, 28.1543326, 0.0 ] ], [ [ 73.1413063, 28.1543319, 0.0 ], [ 73.1413294, 28.1543322, 0.0 ], [ 73.1413242, 28.1546354, 0.0 ], [ 73.141301, 28.1546351, 0.0 ], [ 73.1413063, 28.1543319, 0.0 ] ], [ [ 73.1413569, 28.1546443, 0.0 ], [ 73.14138, 28.1546446, 0.0 ], [ 73.1413748, 28.1549479, 0.0 ], [ 73.1413516, 28.1549476, 0.0 ], [ 73.1413569, 28.1546443, 0.0 ] ], [ [ 73.1413009, 28.1546435, 0.0 ], [ 73.141324, 28.1546439, 0.0 ], [ 73.1413188, 28.1549471, 0.0 ], [ 73.1412956, 28.1549468, 0.0 ], [ 73.1413009, 28.1546435, 0.0 ] ], [ [ 73.1412503, 28.1543311, 0.0 ], [ 73.1412734, 28.1543314, 0.0 ], [ 73.1412682, 28.1546347, 0.0 ], [ 73.141245, 28.1546344, 0.0 ], [ 73.1412503, 28.1543311, 0.0 ] ], [ [ 73.1411943, 28.1543303, 0.0 ], [ 73.1412174, 28.1543306, 0.0 ], [ 73.1412122, 28.1546339, 0.0 ], [ 73.1411891, 28.1546336, 0.0 ], [ 73.1411943, 28.1543303, 0.0 ] ], [ [ 73.1412449, 28.1546428, 0.0 ], [ 73.141268, 28.1546431, 0.0 ], [ 73.1412628, 28.1549464, 0.0 ], [ 73.1412397, 28.154946, 0.0 ], [ 73.1412449, 28.1546428, 0.0 ] ], [ [ 73.1411889, 28.154642, 0.0 ], [ 73.141212, 28.1546423, 0.0 ], [ 73.1412068, 28.1549456, 0.0 ], [ 73.1411837, 28.1549453, 0.0 ], [ 73.1411889, 28.154642, 0.0 ] ], [ [ 73.1411383, 28.1543296, 0.0 ], [ 73.1411614, 28.1543299, 0.0 ], [ 73.1411562, 28.1546332, 0.0 ], [ 73.1411331, 28.1546328, 0.0 ], [ 73.1411383, 28.1543296, 0.0 ] ], [ [ 73.1410823, 28.1543288, 0.0 ], [ 73.1411054, 28.1543291, 0.0 ], [ 73.1411002, 28.1546324, 0.0 ], [ 73.1410771, 28.1546321, 0.0 ], [ 73.1410823, 28.1543288, 0.0 ] ], [ [ 73.1411329, 28.1546413, 0.0 ], [ 73.1411561, 28.1546416, 0.0 ], [ 73.1411508, 28.1549448, 0.0 ], [ 73.1411277, 28.1549445, 0.0 ], [ 73.1411329, 28.1546413, 0.0 ] ], [ [ 73.1410769, 28.1546405, 0.0 ], [ 73.1411001, 28.1546408, 0.0 ], [ 73.1410948, 28.1549441, 0.0 ], [ 73.1410717, 28.1549438, 0.0 ], [ 73.1410769, 28.1546405, 0.0 ] ], [ [ 73.1410263, 28.1543281, 0.0 ], [ 73.1410495, 28.1543284, 0.0 ], [ 73.1410442, 28.1546316, 0.0 ], [ 73.1410211, 28.1546313, 0.0 ], [ 73.1410263, 28.1543281, 0.0 ] ], [ [ 73.1409703, 28.1543273, 0.0 ], [ 73.1409935, 28.1543276, 0.0 ], [ 73.1409882, 28.1546309, 0.0 ], [ 73.1409651, 28.1546306, 0.0 ], [ 73.1409703, 28.1543273, 0.0 ] ], [ [ 73.1410209, 28.1546397, 0.0 ], [ 73.1410441, 28.1546401, 0.0 ], [ 73.1410388, 28.1549433, 0.0 ], [ 73.1410157, 28.154943, 0.0 ], [ 73.1410209, 28.1546397, 0.0 ] ], [ [ 73.140965, 28.154639, 0.0 ], [ 73.1409881, 28.1546393, 0.0 ], [ 73.1409828, 28.1549426, 0.0 ], [ 73.1409597, 28.1549422, 0.0 ], [ 73.140965, 28.154639, 0.0 ] ], [ [ 73.1409144, 28.1543265, 0.0 ], [ 73.1409375, 28.1543268, 0.0 ], [ 73.1409322, 28.1546301, 0.0 ], [ 73.1409091, 28.1546298, 0.0 ], [ 73.1409144, 28.1543265, 0.0 ] ], [ [ 73.1408584, 28.1543258, 0.0 ], [ 73.1408815, 28.1543261, 0.0 ], [ 73.1408763, 28.1546294, 0.0 ], [ 73.1408531, 28.154629, 0.0 ], [ 73.1408584, 28.1543258, 0.0 ] ], [ [ 73.140909, 28.1546382, 0.0 ], [ 73.1409321, 28.1546385, 0.0 ], [ 73.1409269, 28.1549418, 0.0 ], [ 73.1409037, 28.1549415, 0.0 ], [ 73.140909, 28.1546382, 0.0 ] ], [ [ 73.140853, 28.1546375, 0.0 ], [ 73.1408761, 28.1546378, 0.0 ], [ 73.1408709, 28.154941, 0.0 ], [ 73.1408477, 28.1549407, 0.0 ], [ 73.140853, 28.1546375, 0.0 ] ], [ [ 73.1408024, 28.154325, 0.0 ], [ 73.1408255, 28.1543253, 0.0 ], [ 73.1408203, 28.1546286, 0.0 ], [ 73.1407971, 28.1546283, 0.0 ], [ 73.1408024, 28.154325, 0.0 ] ], [ [ 73.1407464, 28.1543243, 0.0 ], [ 73.1407695, 28.1543246, 0.0 ], [ 73.1407643, 28.1546278, 0.0 ], [ 73.1407411, 28.1546275, 0.0 ], [ 73.1407464, 28.1543243, 0.0 ] ], [ [ 73.140797, 28.1546367, 0.0 ], [ 73.1408201, 28.154637, 0.0 ], [ 73.1408149, 28.1549403, 0.0 ], [ 73.1407917, 28.15494, 0.0 ], [ 73.140797, 28.1546367, 0.0 ] ], [ [ 73.140741, 28.1546359, 0.0 ], [ 73.1407641, 28.1546363, 0.0 ], [ 73.1407589, 28.1549395, 0.0 ], [ 73.1407358, 28.1549392, 0.0 ], [ 73.140741, 28.1546359, 0.0 ] ], [ [ 73.1406904, 28.1543235, 0.0 ], [ 73.1407135, 28.1543238, 0.0 ], [ 73.1407083, 28.1546271, 0.0 ], [ 73.1406852, 28.1546268, 0.0 ], [ 73.1406904, 28.1543235, 0.0 ] ], [ [ 73.1406344, 28.1543227, 0.0 ], [ 73.1406575, 28.154323, 0.0 ], [ 73.1406523, 28.1546263, 0.0 ], [ 73.1406292, 28.154626, 0.0 ], [ 73.1406344, 28.1543227, 0.0 ] ], [ [ 73.140685, 28.1546352, 0.0 ], [ 73.1407081, 28.1546355, 0.0 ], [ 73.1407029, 28.1549388, 0.0 ], [ 73.1406798, 28.1549384, 0.0 ], [ 73.140685, 28.1546352, 0.0 ] ], [ [ 73.140629, 28.1546344, 0.0 ], [ 73.1406521, 28.1546347, 0.0 ], [ 73.1406469, 28.154938, 0.0 ], [ 73.1406238, 28.1549377, 0.0 ], [ 73.140629, 28.1546344, 0.0 ] ], [ [ 73.1405784, 28.154322, 0.0 ], [ 73.1406015, 28.1543223, 0.0 ], [ 73.1405963, 28.1546256, 0.0 ], [ 73.1405732, 28.1546252, 0.0 ], [ 73.1405784, 28.154322, 0.0 ] ], [ [ 73.1405224, 28.1543212, 0.0 ], [ 73.1405456, 28.1543215, 0.0 ], [ 73.1405403, 28.1546248, 0.0 ], [ 73.1405172, 28.1546245, 0.0 ], [ 73.1405224, 28.1543212, 0.0 ] ], [ [ 73.140573, 28.1546337, 0.0 ], [ 73.1405962, 28.154634, 0.0 ], [ 73.1405909, 28.1549372, 0.0 ], [ 73.1405678, 28.1549369, 0.0 ], [ 73.140573, 28.1546337, 0.0 ] ], [ [ 73.140517, 28.1546329, 0.0 ], [ 73.1405402, 28.1546332, 0.0 ], [ 73.1405349, 28.1549365, 0.0 ], [ 73.1405118, 28.1549362, 0.0 ], [ 73.140517, 28.1546329, 0.0 ] ], [ [ 73.1404664, 28.1543205, 0.0 ], [ 73.1404896, 28.1543208, 0.0 ], [ 73.1404843, 28.154624, 0.0 ], [ 73.1404612, 28.1546237, 0.0 ], [ 73.1404664, 28.1543205, 0.0 ] ], [ [ 73.1404105, 28.1543197, 0.0 ], [ 73.1404336, 28.15432, 0.0 ], [ 73.1404283, 28.1546233, 0.0 ], [ 73.1404052, 28.154623, 0.0 ], [ 73.1404105, 28.1543197, 0.0 ] ], [ [ 73.1404611, 28.1546321, 0.0 ], [ 73.1404842, 28.1546325, 0.0 ], [ 73.1404789, 28.1549357, 0.0 ], [ 73.1404558, 28.1549354, 0.0 ], [ 73.1404611, 28.1546321, 0.0 ] ], [ [ 73.1404051, 28.1546314, 0.0 ], [ 73.1404282, 28.1546317, 0.0 ], [ 73.140423, 28.154935, 0.0 ], [ 73.1403998, 28.1549346, 0.0 ], [ 73.1404051, 28.1546314, 0.0 ] ], [ [ 73.1446203, 28.1537572, 0.0 ], [ 73.1446434, 28.1537575, 0.0 ], [ 73.1446382, 28.1540608, 0.0 ], [ 73.1446151, 28.1540604, 0.0 ], [ 73.1446203, 28.1537572, 0.0 ] ], [ [ 73.1445643, 28.1537564, 0.0 ], [ 73.1445874, 28.1537567, 0.0 ], [ 73.1445822, 28.15406, 0.0 ], [ 73.1445591, 28.1540597, 0.0 ], [ 73.1445643, 28.1537564, 0.0 ] ], [ [ 73.1446149, 28.1540689, 0.0 ], [ 73.1446381, 28.1540692, 0.0 ], [ 73.1446328, 28.1543724, 0.0 ], [ 73.1446097, 28.1543721, 0.0 ], [ 73.1446149, 28.1540689, 0.0 ] ], [ [ 73.1445589, 28.1540681, 0.0 ], [ 73.1445821, 28.1540684, 0.0 ], [ 73.1445768, 28.1543717, 0.0 ], [ 73.1445537, 28.1543714, 0.0 ], [ 73.1445589, 28.1540681, 0.0 ] ], [ [ 73.1445083, 28.1537557, 0.0 ], [ 73.1445314, 28.153756, 0.0 ], [ 73.1445262, 28.1540592, 0.0 ], [ 73.1445031, 28.1540589, 0.0 ], [ 73.1445083, 28.1537557, 0.0 ] ], [ [ 73.1444523, 28.1537549, 0.0 ], [ 73.1444755, 28.1537552, 0.0 ], [ 73.1444702, 28.1540585, 0.0 ], [ 73.1444471, 28.1540582, 0.0 ], [ 73.1444523, 28.1537549, 0.0 ] ], [ [ 73.1445029, 28.1540673, 0.0 ], [ 73.1445261, 28.1540677, 0.0 ], [ 73.1445208, 28.1543709, 0.0 ], [ 73.1444977, 28.1543706, 0.0 ], [ 73.1445029, 28.1540673, 0.0 ] ], [ [ 73.144447, 28.1540666, 0.0 ], [ 73.1444701, 28.1540669, 0.0 ], [ 73.1444649, 28.1543702, 0.0 ], [ 73.1444417, 28.1543699, 0.0 ], [ 73.144447, 28.1540666, 0.0 ] ], [ [ 73.1443963, 28.1537541, 0.0 ], [ 73.1444195, 28.1537545, 0.0 ], [ 73.1444142, 28.1540577, 0.0 ], [ 73.1443911, 28.1540574, 0.0 ], [ 73.1443963, 28.1537541, 0.0 ] ], [ [ 73.1443404, 28.1537534, 0.0 ], [ 73.1443635, 28.1537537, 0.0 ], [ 73.1443583, 28.154057, 0.0 ], [ 73.1443351, 28.1540567, 0.0 ], [ 73.1443404, 28.1537534, 0.0 ] ], [ [ 73.144391, 28.1540658, 0.0 ], [ 73.1444141, 28.1540661, 0.0 ], [ 73.1444089, 28.1543694, 0.0 ], [ 73.1443857, 28.1543691, 0.0 ], [ 73.144391, 28.1540658, 0.0 ] ], [ [ 73.144335, 28.1540651, 0.0 ], [ 73.1443581, 28.1540654, 0.0 ], [ 73.1443529, 28.1543687, 0.0 ], [ 73.1443297, 28.1543683, 0.0 ], [ 73.144335, 28.1540651, 0.0 ] ], [ [ 73.1442844, 28.1537526, 0.0 ], [ 73.1443075, 28.1537529, 0.0 ], [ 73.1443023, 28.1540562, 0.0 ], [ 73.1442791, 28.1540559, 0.0 ], [ 73.1442844, 28.1537526, 0.0 ] ], [ [ 73.1442284, 28.1537519, 0.0 ], [ 73.1442515, 28.1537522, 0.0 ], [ 73.1442463, 28.1540555, 0.0 ], [ 73.1442231, 28.1540551, 0.0 ], [ 73.1442284, 28.1537519, 0.0 ] ], [ [ 73.144279, 28.1540643, 0.0 ], [ 73.1443021, 28.1540646, 0.0 ], [ 73.1442969, 28.1543679, 0.0 ], [ 73.1442738, 28.1543676, 0.0 ], [ 73.144279, 28.1540643, 0.0 ] ], [ [ 73.144223, 28.1540636, 0.0 ], [ 73.1442461, 28.1540639, 0.0 ], [ 73.1442409, 28.1543671, 0.0 ], [ 73.1442178, 28.1543668, 0.0 ], [ 73.144223, 28.1540636, 0.0 ] ], [ [ 73.1441724, 28.1537511, 0.0 ], [ 73.1441955, 28.1537514, 0.0 ], [ 73.1441903, 28.1540547, 0.0 ], [ 73.1441672, 28.1540544, 0.0 ], [ 73.1441724, 28.1537511, 0.0 ] ], [ [ 73.1441164, 28.1537504, 0.0 ], [ 73.1441395, 28.1537507, 0.0 ], [ 73.1441343, 28.1540539, 0.0 ], [ 73.1441112, 28.1540536, 0.0 ], [ 73.1441164, 28.1537504, 0.0 ] ], [ [ 73.144167, 28.1540628, 0.0 ], [ 73.1441901, 28.1540631, 0.0 ], [ 73.1441849, 28.1543664, 0.0 ], [ 73.1441618, 28.1543661, 0.0 ], [ 73.144167, 28.1540628, 0.0 ] ], [ [ 73.144111, 28.154062, 0.0 ], [ 73.1441342, 28.1540624, 0.0 ], [ 73.1441289, 28.1543656, 0.0 ], [ 73.1441058, 28.1543653, 0.0 ], [ 73.144111, 28.154062, 0.0 ] ], [ [ 73.1439484, 28.1537481, 0.0 ], [ 73.1439716, 28.1537484, 0.0 ], [ 73.1439663, 28.1540517, 0.0 ], [ 73.1439432, 28.1540513, 0.0 ], [ 73.1439484, 28.1537481, 0.0 ] ], [ [ 73.1438924, 28.1537473, 0.0 ], [ 73.1439156, 28.1537476, 0.0 ], [ 73.1439103, 28.1540509, 0.0 ], [ 73.1438872, 28.1540506, 0.0 ], [ 73.1438924, 28.1537473, 0.0 ] ], [ [ 73.1439431, 28.1540598, 0.0 ], [ 73.1439662, 28.1540601, 0.0 ], [ 73.143961, 28.1543633, 0.0 ], [ 73.1439378, 28.154363, 0.0 ], [ 73.1439431, 28.1540598, 0.0 ] ], [ [ 73.1438871, 28.154059, 0.0 ], [ 73.1439102, 28.1540593, 0.0 ], [ 73.143905, 28.1543626, 0.0 ], [ 73.1438818, 28.1543623, 0.0 ], [ 73.1438871, 28.154059, 0.0 ] ], [ [ 73.1438365, 28.1537466, 0.0 ], [ 73.1438596, 28.1537469, 0.0 ], [ 73.1438544, 28.1540501, 0.0 ], [ 73.1438312, 28.1540498, 0.0 ], [ 73.1438365, 28.1537466, 0.0 ] ], [ [ 73.1437805, 28.1537458, 0.0 ], [ 73.1438036, 28.1537461, 0.0 ], [ 73.1437984, 28.1540494, 0.0 ], [ 73.1437752, 28.1540491, 0.0 ], [ 73.1437805, 28.1537458, 0.0 ] ], [ [ 73.1438311, 28.1540582, 0.0 ], [ 73.1438542, 28.1540586, 0.0 ], [ 73.143849, 28.1543618, 0.0 ], [ 73.1438258, 28.1543615, 0.0 ], [ 73.1438311, 28.1540582, 0.0 ] ], [ [ 73.1437751, 28.1540575, 0.0 ], [ 73.1437982, 28.1540578, 0.0 ], [ 73.143793, 28.1543611, 0.0 ], [ 73.1437699, 28.1543608, 0.0 ], [ 73.1437751, 28.1540575, 0.0 ] ], [ [ 73.1437245, 28.153745, 0.0 ], [ 73.1437476, 28.1537454, 0.0 ], [ 73.1437424, 28.1540486, 0.0 ], [ 73.1437192, 28.1540483, 0.0 ], [ 73.1437245, 28.153745, 0.0 ] ], [ [ 73.1436685, 28.1537443, 0.0 ], [ 73.1436916, 28.1537446, 0.0 ], [ 73.1436864, 28.1540479, 0.0 ], [ 73.1436633, 28.1540476, 0.0 ], [ 73.1436685, 28.1537443, 0.0 ] ], [ [ 73.1437191, 28.1540567, 0.0 ], [ 73.1437422, 28.154057, 0.0 ], [ 73.143737, 28.1543603, 0.0 ], [ 73.1437139, 28.15436, 0.0 ], [ 73.1437191, 28.1540567, 0.0 ] ], [ [ 73.1436631, 28.154056, 0.0 ], [ 73.1436862, 28.1540563, 0.0 ], [ 73.143681, 28.1543596, 0.0 ], [ 73.1436579, 28.1543592, 0.0 ], [ 73.1436631, 28.154056, 0.0 ] ], [ [ 73.1430526, 28.1537359, 0.0 ], [ 73.1430757, 28.1537362, 0.0 ], [ 73.1430705, 28.1540395, 0.0 ], [ 73.1430474, 28.1540392, 0.0 ], [ 73.1430526, 28.1537359, 0.0 ] ], [ [ 73.1429966, 28.1537352, 0.0 ], [ 73.1430198, 28.1537355, 0.0 ], [ 73.1430145, 28.1540388, 0.0 ], [ 73.1429914, 28.1540384, 0.0 ], [ 73.1429966, 28.1537352, 0.0 ] ], [ [ 73.1430472, 28.1540476, 0.0 ], [ 73.1430704, 28.1540479, 0.0 ], [ 73.1430651, 28.1543512, 0.0 ], [ 73.143042, 28.1543509, 0.0 ], [ 73.1430472, 28.1540476, 0.0 ] ], [ [ 73.1429913, 28.1540469, 0.0 ], [ 73.1430144, 28.1540472, 0.0 ], [ 73.1430091, 28.1543504, 0.0 ], [ 73.142986, 28.1543501, 0.0 ], [ 73.1429913, 28.1540469, 0.0 ] ], [ [ 73.1429406, 28.1537344, 0.0 ], [ 73.1429638, 28.1537347, 0.0 ], [ 73.1429585, 28.154038, 0.0 ], [ 73.1429354, 28.1540377, 0.0 ], [ 73.1429406, 28.1537344, 0.0 ] ], [ [ 73.1428847, 28.1537337, 0.0 ], [ 73.1429078, 28.153734, 0.0 ], [ 73.1429025, 28.1540372, 0.0 ], [ 73.1428794, 28.1540369, 0.0 ], [ 73.1428847, 28.1537337, 0.0 ] ], [ [ 73.1429353, 28.1540461, 0.0 ], [ 73.1429584, 28.1540464, 0.0 ], [ 73.1429532, 28.1543497, 0.0 ], [ 73.14293, 28.1543494, 0.0 ], [ 73.1429353, 28.1540461, 0.0 ] ], [ [ 73.1428793, 28.1540453, 0.0 ], [ 73.1429024, 28.1540457, 0.0 ], [ 73.1428972, 28.1543489, 0.0 ], [ 73.142874, 28.1543486, 0.0 ], [ 73.1428793, 28.1540453, 0.0 ] ], [ [ 73.1428287, 28.1537329, 0.0 ], [ 73.1428518, 28.1537332, 0.0 ], [ 73.1428466, 28.1540365, 0.0 ], [ 73.1428234, 28.1540362, 0.0 ], [ 73.1428287, 28.1537329, 0.0 ] ], [ [ 73.1427727, 28.1537321, 0.0 ], [ 73.1427958, 28.1537325, 0.0 ], [ 73.1427906, 28.1540357, 0.0 ], [ 73.1427674, 28.1540354, 0.0 ], [ 73.1427727, 28.1537321, 0.0 ] ], [ [ 73.1428233, 28.1540446, 0.0 ], [ 73.1428464, 28.1540449, 0.0 ], [ 73.1428412, 28.1543482, 0.0 ], [ 73.142818, 28.1543479, 0.0 ], [ 73.1428233, 28.1540446, 0.0 ] ], [ [ 73.1427673, 28.1540438, 0.0 ], [ 73.1427904, 28.1540441, 0.0 ], [ 73.1427852, 28.1543474, 0.0 ], [ 73.1427621, 28.1543471, 0.0 ], [ 73.1427673, 28.1540438, 0.0 ] ], [ [ 73.1427167, 28.1537314, 0.0 ], [ 73.1427398, 28.1537317, 0.0 ], [ 73.1427346, 28.154035, 0.0 ], [ 73.1427115, 28.1540346, 0.0 ], [ 73.1427167, 28.1537314, 0.0 ] ], [ [ 73.1426607, 28.1537306, 0.0 ], [ 73.1426838, 28.1537309, 0.0 ], [ 73.1426786, 28.1540342, 0.0 ], [ 73.1426555, 28.1540339, 0.0 ], [ 73.1426607, 28.1537306, 0.0 ] ], [ [ 73.1427113, 28.1540431, 0.0 ], [ 73.1427344, 28.1540434, 0.0 ], [ 73.1427292, 28.1543466, 0.0 ], [ 73.1427061, 28.1543463, 0.0 ], [ 73.1427113, 28.1540431, 0.0 ] ], [ [ 73.1426553, 28.1540423, 0.0 ], [ 73.1426784, 28.1540426, 0.0 ], [ 73.1426732, 28.1543459, 0.0 ], [ 73.1426501, 28.1543456, 0.0 ], [ 73.1426553, 28.1540423, 0.0 ] ], [ [ 73.1426047, 28.1537299, 0.0 ], [ 73.1426278, 28.1537302, 0.0 ], [ 73.1426226, 28.1540334, 0.0 ], [ 73.1425995, 28.1540331, 0.0 ], [ 73.1426047, 28.1537299, 0.0 ] ], [ [ 73.1425487, 28.1537291, 0.0 ], [ 73.1425719, 28.1537294, 0.0 ], [ 73.1425666, 28.1540327, 0.0 ], [ 73.1425435, 28.1540324, 0.0 ], [ 73.1425487, 28.1537291, 0.0 ] ], [ [ 73.1425993, 28.1540415, 0.0 ], [ 73.1426225, 28.1540419, 0.0 ], [ 73.1426172, 28.1543451, 0.0 ], [ 73.1425941, 28.1543448, 0.0 ], [ 73.1425993, 28.1540415, 0.0 ] ], [ [ 73.1425433, 28.1540408, 0.0 ], [ 73.1425665, 28.1540411, 0.0 ], [ 73.1425612, 28.1543444, 0.0 ], [ 73.1425381, 28.1543441, 0.0 ], [ 73.1425433, 28.1540408, 0.0 ] ], [ [ 73.1424927, 28.1537283, 0.0 ], [ 73.1425159, 28.1537287, 0.0 ], [ 73.1425106, 28.1540319, 0.0 ], [ 73.1424875, 28.1540316, 0.0 ], [ 73.1424927, 28.1537283, 0.0 ] ], [ [ 73.1424367, 28.1537276, 0.0 ], [ 73.1424599, 28.1537279, 0.0 ], [ 73.1424546, 28.1540312, 0.0 ], [ 73.1424315, 28.1540309, 0.0 ], [ 73.1424367, 28.1537276, 0.0 ] ], [ [ 73.1424874, 28.15404, 0.0 ], [ 73.1425105, 28.1540403, 0.0 ], [ 73.1425052, 28.1543436, 0.0 ], [ 73.1424821, 28.1543433, 0.0 ], [ 73.1424874, 28.15404, 0.0 ] ], [ [ 73.1424314, 28.1540393, 0.0 ], [ 73.1424545, 28.1540396, 0.0 ], [ 73.1424493, 28.1543428, 0.0 ], [ 73.1424261, 28.1543425, 0.0 ], [ 73.1424314, 28.1540393, 0.0 ] ], [ [ 73.1423808, 28.1537268, 0.0 ], [ 73.1424039, 28.1537271, 0.0 ], [ 73.1423986, 28.1540304, 0.0 ], [ 73.1423755, 28.1540301, 0.0 ], [ 73.1423808, 28.1537268, 0.0 ] ], [ [ 73.1423248, 28.1537261, 0.0 ], [ 73.1423479, 28.1537264, 0.0 ], [ 73.1423427, 28.1540296, 0.0 ], [ 73.1423195, 28.1540293, 0.0 ], [ 73.1423248, 28.1537261, 0.0 ] ], [ [ 73.1423754, 28.1540385, 0.0 ], [ 73.1423985, 28.1540388, 0.0 ], [ 73.1423933, 28.1543421, 0.0 ], [ 73.1423701, 28.1543418, 0.0 ], [ 73.1423754, 28.1540385, 0.0 ] ], [ [ 73.1423194, 28.1540377, 0.0 ], [ 73.1423425, 28.1540381, 0.0 ], [ 73.1423373, 28.1543413, 0.0 ], [ 73.1423141, 28.154341, 0.0 ], [ 73.1423194, 28.1540377, 0.0 ] ], [ [ 73.1422688, 28.1537253, 0.0 ], [ 73.1422919, 28.1537256, 0.0 ], [ 73.1422867, 28.1540289, 0.0 ], [ 73.1422635, 28.1540286, 0.0 ], [ 73.1422688, 28.1537253, 0.0 ] ], [ [ 73.1422128, 28.1537245, 0.0 ], [ 73.1422359, 28.1537249, 0.0 ], [ 73.1422307, 28.1540281, 0.0 ], [ 73.1422076, 28.1540278, 0.0 ], [ 73.1422128, 28.1537245, 0.0 ] ], [ [ 73.1422634, 28.154037, 0.0 ], [ 73.1422865, 28.1540373, 0.0 ], [ 73.1422813, 28.1543406, 0.0 ], [ 73.1422582, 28.1543403, 0.0 ], [ 73.1422634, 28.154037, 0.0 ] ], [ [ 73.1422074, 28.1540362, 0.0 ], [ 73.1422305, 28.1540365, 0.0 ], [ 73.1422253, 28.1543398, 0.0 ], [ 73.1422022, 28.1543395, 0.0 ], [ 73.1422074, 28.1540362, 0.0 ] ], [ [ 73.1421568, 28.1537238, 0.0 ], [ 73.1421799, 28.1537241, 0.0 ], [ 73.1421747, 28.1540274, 0.0 ], [ 73.1421516, 28.1540271, 0.0 ], [ 73.1421568, 28.1537238, 0.0 ] ], [ [ 73.1421008, 28.153723, 0.0 ], [ 73.1421239, 28.1537233, 0.0 ], [ 73.1421187, 28.1540266, 0.0 ], [ 73.1420956, 28.1540263, 0.0 ], [ 73.1421008, 28.153723, 0.0 ] ], [ [ 73.1421514, 28.1540355, 0.0 ], [ 73.1421745, 28.1540358, 0.0 ], [ 73.1421693, 28.1543391, 0.0 ], [ 73.1421462, 28.1543387, 0.0 ], [ 73.1421514, 28.1540355, 0.0 ] ], [ [ 73.1420954, 28.1540347, 0.0 ], [ 73.1421186, 28.154035, 0.0 ], [ 73.1421133, 28.1543383, 0.0 ], [ 73.1420902, 28.154338, 0.0 ], [ 73.1420954, 28.1540347, 0.0 ] ], [ [ 73.1420448, 28.1537223, 0.0 ], [ 73.142068, 28.1537226, 0.0 ], [ 73.1420627, 28.1540258, 0.0 ], [ 73.1420396, 28.1540255, 0.0 ], [ 73.1420448, 28.1537223, 0.0 ] ], [ [ 73.1419888, 28.1537215, 0.0 ], [ 73.142012, 28.1537218, 0.0 ], [ 73.1420067, 28.1540251, 0.0 ], [ 73.1419836, 28.1540248, 0.0 ], [ 73.1419888, 28.1537215, 0.0 ] ], [ [ 73.1420394, 28.154034, 0.0 ], [ 73.1420626, 28.1540343, 0.0 ], [ 73.1420573, 28.1543375, 0.0 ], [ 73.1420342, 28.1543372, 0.0 ], [ 73.1420394, 28.154034, 0.0 ] ], [ [ 73.1419835, 28.1540332, 0.0 ], [ 73.1420066, 28.1540335, 0.0 ], [ 73.1420013, 28.1543368, 0.0 ], [ 73.1419782, 28.1543365, 0.0 ], [ 73.1419835, 28.1540332, 0.0 ] ], [ [ 73.1419328, 28.1537207, 0.0 ], [ 73.141956, 28.1537211, 0.0 ], [ 73.1419507, 28.1540243, 0.0 ], [ 73.1419276, 28.154024, 0.0 ], [ 73.1419328, 28.1537207, 0.0 ] ], [ [ 73.1418769, 28.15372, 0.0 ], [ 73.1419, 28.1537203, 0.0 ], [ 73.1418948, 28.1540236, 0.0 ], [ 73.1418716, 28.1540233, 0.0 ], [ 73.1418769, 28.15372, 0.0 ] ], [ [ 73.1419275, 28.1540324, 0.0 ], [ 73.1419506, 28.1540327, 0.0 ], [ 73.1419454, 28.154336, 0.0 ], [ 73.1419222, 28.1543357, 0.0 ], [ 73.1419275, 28.1540324, 0.0 ] ], [ [ 73.1418715, 28.1540317, 0.0 ], [ 73.1418946, 28.154032, 0.0 ], [ 73.1418894, 28.1543353, 0.0 ], [ 73.1418662, 28.1543349, 0.0 ], [ 73.1418715, 28.1540317, 0.0 ] ], [ [ 73.1418209, 28.1537192, 0.0 ], [ 73.141844, 28.1537195, 0.0 ], [ 73.1418388, 28.1540228, 0.0 ], [ 73.1418156, 28.1540225, 0.0 ], [ 73.1418209, 28.1537192, 0.0 ] ], [ [ 73.1417649, 28.1537185, 0.0 ], [ 73.141788, 28.1537188, 0.0 ], [ 73.1417828, 28.154022, 0.0 ], [ 73.1417596, 28.1540217, 0.0 ], [ 73.1417649, 28.1537185, 0.0 ] ], [ [ 73.1418155, 28.1540309, 0.0 ], [ 73.1418386, 28.1540312, 0.0 ], [ 73.1418334, 28.1543345, 0.0 ], [ 73.1418103, 28.1543342, 0.0 ], [ 73.1418155, 28.1540309, 0.0 ] ], [ [ 73.1417595, 28.1540302, 0.0 ], [ 73.1417826, 28.1540305, 0.0 ], [ 73.1417774, 28.1543337, 0.0 ], [ 73.1417543, 28.1543334, 0.0 ], [ 73.1417595, 28.1540302, 0.0 ] ], [ [ 73.1417089, 28.1537177, 0.0 ], [ 73.141732, 28.153718, 0.0 ], [ 73.1417268, 28.1540213, 0.0 ], [ 73.1417037, 28.154021, 0.0 ], [ 73.1417089, 28.1537177, 0.0 ] ], [ [ 73.1416529, 28.1537169, 0.0 ], [ 73.141676, 28.1537173, 0.0 ], [ 73.1416708, 28.1540205, 0.0 ], [ 73.1416477, 28.1540202, 0.0 ], [ 73.1416529, 28.1537169, 0.0 ] ], [ [ 73.1417035, 28.1540294, 0.0 ], [ 73.1417266, 28.1540297, 0.0 ], [ 73.1417214, 28.154333, 0.0 ], [ 73.1416983, 28.1543327, 0.0 ], [ 73.1417035, 28.1540294, 0.0 ] ], [ [ 73.1416475, 28.1540286, 0.0 ], [ 73.1416707, 28.1540289, 0.0 ], [ 73.1416654, 28.1543322, 0.0 ], [ 73.1416423, 28.1543319, 0.0 ], [ 73.1416475, 28.1540286, 0.0 ] ], [ [ 73.1415969, 28.1537162, 0.0 ], [ 73.14162, 28.1537165, 0.0 ], [ 73.1416148, 28.1540198, 0.0 ], [ 73.1415917, 28.1540195, 0.0 ], [ 73.1415969, 28.1537162, 0.0 ] ], [ [ 73.1415409, 28.1537154, 0.0 ], [ 73.1415641, 28.1537157, 0.0 ], [ 73.1415588, 28.154019, 0.0 ], [ 73.1415357, 28.1540187, 0.0 ], [ 73.1415409, 28.1537154, 0.0 ] ], [ [ 73.1415915, 28.1540279, 0.0 ], [ 73.1416147, 28.1540282, 0.0 ], [ 73.1416094, 28.1543315, 0.0 ], [ 73.1415863, 28.1543311, 0.0 ], [ 73.1415915, 28.1540279, 0.0 ] ], [ [ 73.1415355, 28.1540271, 0.0 ], [ 73.1415587, 28.1540274, 0.0 ], [ 73.1415534, 28.1543307, 0.0 ], [ 73.1415303, 28.1543304, 0.0 ], [ 73.1415355, 28.1540271, 0.0 ] ], [ [ 73.1414849, 28.1537147, 0.0 ], [ 73.1415081, 28.153715, 0.0 ], [ 73.1415028, 28.1540183, 0.0 ], [ 73.1414797, 28.1540179, 0.0 ], [ 73.1414849, 28.1537147, 0.0 ] ], [ [ 73.141429, 28.1537139, 0.0 ], [ 73.1414521, 28.1537142, 0.0 ], [ 73.1414468, 28.1540175, 0.0 ], [ 73.1414237, 28.1540172, 0.0 ], [ 73.141429, 28.1537139, 0.0 ] ], [ [ 73.1414796, 28.1540264, 0.0 ], [ 73.1415027, 28.1540267, 0.0 ], [ 73.1414974, 28.1543299, 0.0 ], [ 73.1414743, 28.1543296, 0.0 ], [ 73.1414796, 28.1540264, 0.0 ] ], [ [ 73.1414236, 28.1540256, 0.0 ], [ 73.1414467, 28.1540259, 0.0 ], [ 73.1414415, 28.1543292, 0.0 ], [ 73.1414183, 28.1543289, 0.0 ], [ 73.1414236, 28.1540256, 0.0 ] ], [ [ 73.141373, 28.1537132, 0.0 ], [ 73.1413961, 28.1537135, 0.0 ], [ 73.1413909, 28.1540167, 0.0 ], [ 73.1413677, 28.1540164, 0.0 ], [ 73.141373, 28.1537132, 0.0 ] ], [ [ 73.141317, 28.1537124, 0.0 ], [ 73.1413401, 28.1537127, 0.0 ], [ 73.1413349, 28.154016, 0.0 ], [ 73.1413117, 28.1540157, 0.0 ], [ 73.141317, 28.1537124, 0.0 ] ], [ [ 73.1413676, 28.1540248, 0.0 ], [ 73.1413907, 28.1540251, 0.0 ], [ 73.1413855, 28.1543284, 0.0 ], [ 73.1413623, 28.1543281, 0.0 ], [ 73.1413676, 28.1540248, 0.0 ] ], [ [ 73.1413116, 28.1540241, 0.0 ], [ 73.1413347, 28.1540244, 0.0 ], [ 73.1413295, 28.1543277, 0.0 ], [ 73.1413064, 28.1543273, 0.0 ], [ 73.1413116, 28.1540241, 0.0 ] ], [ [ 73.141261, 28.1537116, 0.0 ], [ 73.1412841, 28.1537119, 0.0 ], [ 73.1412789, 28.1540152, 0.0 ], [ 73.1412557, 28.1540149, 0.0 ], [ 73.141261, 28.1537116, 0.0 ] ], [ [ 73.141205, 28.1537109, 0.0 ], [ 73.1412281, 28.1537112, 0.0 ], [ 73.1412229, 28.1540145, 0.0 ], [ 73.1411998, 28.1540141, 0.0 ], [ 73.141205, 28.1537109, 0.0 ] ], [ [ 73.1412556, 28.1540233, 0.0 ], [ 73.1412787, 28.1540236, 0.0 ], [ 73.1412735, 28.1543269, 0.0 ], [ 73.1412504, 28.1543266, 0.0 ], [ 73.1412556, 28.1540233, 0.0 ] ], [ [ 73.1411996, 28.1540226, 0.0 ], [ 73.1412227, 28.1540229, 0.0 ], [ 73.1412175, 28.1543261, 0.0 ], [ 73.1411944, 28.1543258, 0.0 ], [ 73.1411996, 28.1540226, 0.0 ] ], [ [ 73.141149, 28.1537101, 0.0 ], [ 73.1411721, 28.1537104, 0.0 ], [ 73.1411669, 28.1540137, 0.0 ], [ 73.1411438, 28.1540134, 0.0 ], [ 73.141149, 28.1537101, 0.0 ] ], [ [ 73.141093, 28.1537094, 0.0 ], [ 73.1411162, 28.1537097, 0.0 ], [ 73.1411109, 28.1540129, 0.0 ], [ 73.1410878, 28.1540126, 0.0 ], [ 73.141093, 28.1537094, 0.0 ] ], [ [ 73.1411436, 28.1540218, 0.0 ], [ 73.1411668, 28.1540221, 0.0 ], [ 73.1411615, 28.1543254, 0.0 ], [ 73.1411384, 28.1543251, 0.0 ], [ 73.1411436, 28.1540218, 0.0 ] ], [ [ 73.1410876, 28.154021, 0.0 ], [ 73.1411108, 28.1540214, 0.0 ], [ 73.1411055, 28.1543246, 0.0 ], [ 73.1410824, 28.1543243, 0.0 ], [ 73.1410876, 28.154021, 0.0 ] ], [ [ 73.141037, 28.1537086, 0.0 ], [ 73.1410602, 28.1537089, 0.0 ], [ 73.1410549, 28.1540122, 0.0 ], [ 73.1410318, 28.1540119, 0.0 ], [ 73.141037, 28.1537086, 0.0 ] ], [ [ 73.140981, 28.1537078, 0.0 ], [ 73.1410042, 28.1537081, 0.0 ], [ 73.1409989, 28.1540114, 0.0 ], [ 73.1409758, 28.1540111, 0.0 ], [ 73.140981, 28.1537078, 0.0 ] ], [ [ 73.1410316, 28.1540203, 0.0 ], [ 73.1410548, 28.1540206, 0.0 ], [ 73.1410495, 28.1543239, 0.0 ], [ 73.1410264, 28.1543235, 0.0 ], [ 73.1410316, 28.1540203, 0.0 ] ], [ [ 73.1409757, 28.1540195, 0.0 ], [ 73.1409988, 28.1540198, 0.0 ], [ 73.1409935, 28.1543231, 0.0 ], [ 73.1409704, 28.1543228, 0.0 ], [ 73.1409757, 28.1540195, 0.0 ] ], [ [ 73.1409251, 28.1537071, 0.0 ], [ 73.1409482, 28.1537074, 0.0 ], [ 73.1409429, 28.1540107, 0.0 ], [ 73.1409198, 28.1540103, 0.0 ], [ 73.1409251, 28.1537071, 0.0 ] ], [ [ 73.1408691, 28.1537063, 0.0 ], [ 73.1408922, 28.1537066, 0.0 ], [ 73.140887, 28.1540099, 0.0 ], [ 73.1408638, 28.1540096, 0.0 ], [ 73.1408691, 28.1537063, 0.0 ] ], [ [ 73.1409197, 28.1540188, 0.0 ], [ 73.1409428, 28.1540191, 0.0 ], [ 73.1409376, 28.1543223, 0.0 ], [ 73.1409144, 28.154322, 0.0 ], [ 73.1409197, 28.1540188, 0.0 ] ], [ [ 73.1408637, 28.154018, 0.0 ], [ 73.1408868, 28.1540183, 0.0 ], [ 73.1408816, 28.1543216, 0.0 ], [ 73.1408584, 28.1543213, 0.0 ], [ 73.1408637, 28.154018, 0.0 ] ], [ [ 73.1408131, 28.1537056, 0.0 ], [ 73.1408362, 28.1537059, 0.0 ], [ 73.140831, 28.1540091, 0.0 ], [ 73.1408078, 28.1540088, 0.0 ], [ 73.1408131, 28.1537056, 0.0 ] ], [ [ 73.1407571, 28.1537048, 0.0 ], [ 73.1407802, 28.1537051, 0.0 ], [ 73.140775, 28.1540084, 0.0 ], [ 73.1407519, 28.1540081, 0.0 ], [ 73.1407571, 28.1537048, 0.0 ] ], [ [ 73.1408077, 28.1540172, 0.0 ], [ 73.1408308, 28.1540176, 0.0 ], [ 73.1408256, 28.1543208, 0.0 ], [ 73.1408025, 28.1543205, 0.0 ], [ 73.1408077, 28.1540172, 0.0 ] ], [ [ 73.1407517, 28.1540165, 0.0 ], [ 73.1407748, 28.1540168, 0.0 ], [ 73.1407696, 28.1543201, 0.0 ], [ 73.1407465, 28.1543197, 0.0 ], [ 73.1407517, 28.1540165, 0.0 ] ], [ [ 73.1407011, 28.153704, 0.0 ], [ 73.1407242, 28.1537043, 0.0 ], [ 73.140719, 28.1540076, 0.0 ], [ 73.1406959, 28.1540073, 0.0 ], [ 73.1407011, 28.153704, 0.0 ] ], [ [ 73.1406451, 28.1537033, 0.0 ], [ 73.1406682, 28.1537036, 0.0 ], [ 73.140663, 28.1540069, 0.0 ], [ 73.1406399, 28.1540065, 0.0 ], [ 73.1406451, 28.1537033, 0.0 ] ], [ [ 73.1406957, 28.1540157, 0.0 ], [ 73.1407188, 28.154016, 0.0 ], [ 73.1407136, 28.1543193, 0.0 ], [ 73.1406905, 28.154319, 0.0 ], [ 73.1406957, 28.1540157, 0.0 ] ], [ [ 73.1406397, 28.154015, 0.0 ], [ 73.1406629, 28.1540153, 0.0 ], [ 73.1406576, 28.1543185, 0.0 ], [ 73.1406345, 28.1543182, 0.0 ], [ 73.1406397, 28.154015, 0.0 ] ], [ [ 73.1405891, 28.1537025, 0.0 ], [ 73.1406123, 28.1537028, 0.0 ], [ 73.140607, 28.1540061, 0.0 ], [ 73.1405839, 28.1540058, 0.0 ], [ 73.1405891, 28.1537025, 0.0 ] ], [ [ 73.1405331, 28.1537018, 0.0 ], [ 73.1405563, 28.1537021, 0.0 ], [ 73.140551, 28.1540053, 0.0 ], [ 73.1405279, 28.154005, 0.0 ], [ 73.1405331, 28.1537018, 0.0 ] ], [ [ 73.1405837, 28.1540142, 0.0 ], [ 73.1406069, 28.1540145, 0.0 ], [ 73.1406016, 28.1543178, 0.0 ], [ 73.1405785, 28.1543175, 0.0 ], [ 73.1405837, 28.1540142, 0.0 ] ], [ [ 73.1405278, 28.1540134, 0.0 ], [ 73.1405509, 28.1540138, 0.0 ], [ 73.1405456, 28.154317, 0.0 ], [ 73.1405225, 28.1543167, 0.0 ], [ 73.1405278, 28.1540134, 0.0 ] ], [ [ 73.1419435, 28.1531013, 0.0 ], [ 73.1419667, 28.1531016, 0.0 ], [ 73.1419614, 28.1534049, 0.0 ], [ 73.1419383, 28.1534046, 0.0 ], [ 73.1419435, 28.1531013, 0.0 ] ], [ [ 73.1418876, 28.1531005, 0.0 ], [ 73.1419107, 28.1531008, 0.0 ], [ 73.1419054, 28.1534041, 0.0 ], [ 73.1418823, 28.1534038, 0.0 ], [ 73.1418876, 28.1531005, 0.0 ] ], [ [ 73.1419382, 28.153413, 0.0 ], [ 73.1419613, 28.1534133, 0.0 ], [ 73.1419561, 28.1537165, 0.0 ], [ 73.1419329, 28.1537162, 0.0 ], [ 73.1419382, 28.153413, 0.0 ] ], [ [ 73.1418822, 28.1534122, 0.0 ], [ 73.1419053, 28.1534125, 0.0 ], [ 73.1419001, 28.1537158, 0.0 ], [ 73.1418769, 28.1537155, 0.0 ], [ 73.1418822, 28.1534122, 0.0 ] ], [ [ 73.1418316, 28.1530998, 0.0 ], [ 73.1418547, 28.1531001, 0.0 ], [ 73.1418495, 28.1534033, 0.0 ], [ 73.1418263, 28.153403, 0.0 ], [ 73.1418316, 28.1530998, 0.0 ] ], [ [ 73.1417756, 28.153099, 0.0 ], [ 73.1417987, 28.1530993, 0.0 ], [ 73.1417935, 28.1534026, 0.0 ], [ 73.1417703, 28.1534023, 0.0 ], [ 73.1417756, 28.153099, 0.0 ] ], [ [ 73.1418262, 28.1534114, 0.0 ], [ 73.1418493, 28.1534118, 0.0 ], [ 73.1418441, 28.153715, 0.0 ], [ 73.1418209, 28.1537147, 0.0 ], [ 73.1418262, 28.1534114, 0.0 ] ], [ [ 73.1417702, 28.1534107, 0.0 ], [ 73.1417933, 28.153411, 0.0 ], [ 73.1417881, 28.1537143, 0.0 ], [ 73.141765, 28.153714, 0.0 ], [ 73.1417702, 28.1534107, 0.0 ] ], [ [ 73.1417196, 28.1530982, 0.0 ], [ 73.1417427, 28.1530986, 0.0 ], [ 73.1417375, 28.1534018, 0.0 ], [ 73.1417144, 28.1534015, 0.0 ], [ 73.1417196, 28.1530982, 0.0 ] ], [ [ 73.1416636, 28.1530975, 0.0 ], [ 73.1416867, 28.1530978, 0.0 ], [ 73.1416815, 28.1534011, 0.0 ], [ 73.1416584, 28.1534008, 0.0 ], [ 73.1416636, 28.1530975, 0.0 ] ], [ [ 73.1417142, 28.1534099, 0.0 ], [ 73.1417373, 28.1534102, 0.0 ], [ 73.1417321, 28.1537135, 0.0 ], [ 73.141709, 28.1537132, 0.0 ], [ 73.1417142, 28.1534099, 0.0 ] ], [ [ 73.1416582, 28.1534092, 0.0 ], [ 73.1416814, 28.1534095, 0.0 ], [ 73.1416761, 28.1537128, 0.0 ], [ 73.141653, 28.1537124, 0.0 ], [ 73.1416582, 28.1534092, 0.0 ] ], [ [ 73.1416076, 28.1530967, 0.0 ], [ 73.1416307, 28.153097, 0.0 ], [ 73.1416255, 28.1534003, 0.0 ], [ 73.1416024, 28.1534, 0.0 ], [ 73.1416076, 28.1530967, 0.0 ] ], [ [ 73.1415516, 28.153096, 0.0 ], [ 73.1415748, 28.1530963, 0.0 ], [ 73.1415695, 28.1533995, 0.0 ], [ 73.1415464, 28.1533992, 0.0 ], [ 73.1415516, 28.153096, 0.0 ] ], [ [ 73.1416022, 28.1534084, 0.0 ], [ 73.1416254, 28.1534087, 0.0 ], [ 73.1416201, 28.153712, 0.0 ], [ 73.141597, 28.1537117, 0.0 ], [ 73.1416022, 28.1534084, 0.0 ] ], [ [ 73.1415462, 28.1534077, 0.0 ], [ 73.1415694, 28.153408, 0.0 ], [ 73.1415641, 28.1537112, 0.0 ], [ 73.141541, 28.1537109, 0.0 ], [ 73.1415462, 28.1534077, 0.0 ] ], [ [ 73.1414956, 28.1530952, 0.0 ], [ 73.1415188, 28.1530955, 0.0 ], [ 73.1415135, 28.1533988, 0.0 ], [ 73.1414904, 28.1533985, 0.0 ], [ 73.1414956, 28.1530952, 0.0 ] ], [ [ 73.1414397, 28.1530944, 0.0 ], [ 73.1414628, 28.1530948, 0.0 ], [ 73.1414575, 28.153398, 0.0 ], [ 73.1414344, 28.1533977, 0.0 ], [ 73.1414397, 28.1530944, 0.0 ] ], [ [ 73.1414903, 28.1534069, 0.0 ], [ 73.1415134, 28.1534072, 0.0 ], [ 73.1415081, 28.1537105, 0.0 ], [ 73.141485, 28.1537102, 0.0 ], [ 73.1414903, 28.1534069, 0.0 ] ], [ [ 73.1414343, 28.1534061, 0.0 ], [ 73.1414574, 28.1534064, 0.0 ], [ 73.1414522, 28.1537097, 0.0 ], [ 73.141429, 28.1537094, 0.0 ], [ 73.1414343, 28.1534061, 0.0 ] ], [ [ 73.1413837, 28.1530937, 0.0 ], [ 73.1414068, 28.153094, 0.0 ], [ 73.1414016, 28.1533973, 0.0 ], [ 73.1413784, 28.153397, 0.0 ], [ 73.1413837, 28.1530937, 0.0 ] ], [ [ 73.1413277, 28.1530929, 0.0 ], [ 73.1413508, 28.1530932, 0.0 ], [ 73.1413456, 28.1533965, 0.0 ], [ 73.1413224, 28.1533962, 0.0 ], [ 73.1413277, 28.1530929, 0.0 ] ], [ [ 73.1413783, 28.1534054, 0.0 ], [ 73.1414014, 28.1534057, 0.0 ], [ 73.1413962, 28.153709, 0.0 ], [ 73.141373, 28.1537086, 0.0 ], [ 73.1413783, 28.1534054, 0.0 ] ], [ [ 73.1413223, 28.1534046, 0.0 ], [ 73.1413454, 28.1534049, 0.0 ], [ 73.1413402, 28.1537082, 0.0 ], [ 73.1413171, 28.1537079, 0.0 ], [ 73.1413223, 28.1534046, 0.0 ] ], [ [ 73.1412717, 28.1530922, 0.0 ], [ 73.1412948, 28.1530925, 0.0 ], [ 73.1412896, 28.1533957, 0.0 ], [ 73.1412664, 28.1533954, 0.0 ], [ 73.1412717, 28.1530922, 0.0 ] ], [ [ 73.1412157, 28.1530914, 0.0 ], [ 73.1412388, 28.1530917, 0.0 ], [ 73.1412336, 28.153395, 0.0 ], [ 73.1412105, 28.1533947, 0.0 ], [ 73.1412157, 28.1530914, 0.0 ] ], [ [ 73.1412663, 28.1534039, 0.0 ], [ 73.1412894, 28.1534042, 0.0 ], [ 73.1412842, 28.1537074, 0.0 ], [ 73.1412611, 28.1537071, 0.0 ], [ 73.1412663, 28.1534039, 0.0 ] ], [ [ 73.1412103, 28.1534031, 0.0 ], [ 73.1412334, 28.1534034, 0.0 ], [ 73.1412282, 28.1537067, 0.0 ], [ 73.1412051, 28.1537064, 0.0 ], [ 73.1412103, 28.1534031, 0.0 ] ], [ [ 73.1411597, 28.1530906, 0.0 ], [ 73.1411828, 28.153091, 0.0 ], [ 73.1411776, 28.1533942, 0.0 ], [ 73.1411545, 28.1533939, 0.0 ], [ 73.1411597, 28.1530906, 0.0 ] ], [ [ 73.1411037, 28.1530899, 0.0 ], [ 73.1411269, 28.1530902, 0.0 ], [ 73.1411216, 28.1533935, 0.0 ], [ 73.1410985, 28.1533932, 0.0 ], [ 73.1411037, 28.1530899, 0.0 ] ], [ [ 73.1411543, 28.1534023, 0.0 ], [ 73.1411775, 28.1534026, 0.0 ], [ 73.1411722, 28.1537059, 0.0 ], [ 73.1411491, 28.1537056, 0.0 ], [ 73.1411543, 28.1534023, 0.0 ] ], [ [ 73.1410983, 28.1534016, 0.0 ], [ 73.1411215, 28.1534019, 0.0 ], [ 73.1411162, 28.1537052, 0.0 ], [ 73.1410931, 28.1537048, 0.0 ], [ 73.1410983, 28.1534016, 0.0 ] ], [ [ 73.1410477, 28.1530891, 0.0 ], [ 73.1410709, 28.1530894, 0.0 ], [ 73.1410656, 28.1533927, 0.0 ], [ 73.1410425, 28.1533924, 0.0 ], [ 73.1410477, 28.1530891, 0.0 ] ], [ [ 73.1409917, 28.1530884, 0.0 ], [ 73.1410149, 28.1530887, 0.0 ], [ 73.1410096, 28.1533919, 0.0 ], [ 73.1409865, 28.1533916, 0.0 ], [ 73.1409917, 28.1530884, 0.0 ] ], [ [ 73.1410424, 28.1534008, 0.0 ], [ 73.1410655, 28.1534011, 0.0 ], [ 73.1410602, 28.1537044, 0.0 ], [ 73.1410371, 28.1537041, 0.0 ], [ 73.1410424, 28.1534008, 0.0 ] ], [ [ 73.1409864, 28.1534001, 0.0 ], [ 73.1410095, 28.1534004, 0.0 ], [ 73.1410043, 28.1537036, 0.0 ], [ 73.1409811, 28.1537033, 0.0 ], [ 73.1409864, 28.1534001, 0.0 ] ], [ [ 73.1409358, 28.1530876, 0.0 ], [ 73.1409589, 28.1530879, 0.0 ], [ 73.1409536, 28.1533912, 0.0 ], [ 73.1409305, 28.1533909, 0.0 ], [ 73.1409358, 28.1530876, 0.0 ] ], [ [ 73.1408798, 28.1530868, 0.0 ], [ 73.1409029, 28.1530872, 0.0 ], [ 73.1408977, 28.1533904, 0.0 ], [ 73.1408745, 28.1533901, 0.0 ], [ 73.1408798, 28.1530868, 0.0 ] ], [ [ 73.1409304, 28.1533993, 0.0 ], [ 73.1409535, 28.1533996, 0.0 ], [ 73.1409483, 28.1537029, 0.0 ], [ 73.1409251, 28.1537026, 0.0 ], [ 73.1409304, 28.1533993, 0.0 ] ], [ [ 73.1408744, 28.1533985, 0.0 ], [ 73.1408975, 28.1533988, 0.0 ], [ 73.1408923, 28.1537021, 0.0 ], [ 73.1408691, 28.1537018, 0.0 ], [ 73.1408744, 28.1533985, 0.0 ] ], [ [ 73.1408238, 28.1530861, 0.0 ], [ 73.1408469, 28.1530864, 0.0 ], [ 73.1408417, 28.1533897, 0.0 ], [ 73.1408185, 28.1533894, 0.0 ], [ 73.1408238, 28.1530861, 0.0 ] ], [ [ 73.1407678, 28.1530853, 0.0 ], [ 73.1407909, 28.1530856, 0.0 ], [ 73.1407857, 28.1533889, 0.0 ], [ 73.1407626, 28.1533886, 0.0 ], [ 73.1407678, 28.1530853, 0.0 ] ], [ [ 73.1408184, 28.1533978, 0.0 ], [ 73.1408415, 28.1533981, 0.0 ], [ 73.1408363, 28.1537014, 0.0 ], [ 73.1408132, 28.153701, 0.0 ], [ 73.1408184, 28.1533978, 0.0 ] ], [ [ 73.1407624, 28.153397, 0.0 ], [ 73.1407855, 28.1533973, 0.0 ], [ 73.1407803, 28.1537006, 0.0 ], [ 73.1407572, 28.1537003, 0.0 ], [ 73.1407624, 28.153397, 0.0 ] ], [ [ 73.1407118, 28.1530846, 0.0 ], [ 73.1407349, 28.1530849, 0.0 ], [ 73.1407297, 28.1533881, 0.0 ], [ 73.1407066, 28.1533878, 0.0 ], [ 73.1407118, 28.1530846, 0.0 ] ], [ [ 73.1406558, 28.1530838, 0.0 ], [ 73.1406789, 28.1530841, 0.0 ], [ 73.1406737, 28.1533874, 0.0 ], [ 73.1406506, 28.1533871, 0.0 ], [ 73.1406558, 28.1530838, 0.0 ] ], [ [ 73.1407064, 28.1533963, 0.0 ], [ 73.1407295, 28.1533966, 0.0 ], [ 73.1407243, 28.1536998, 0.0 ], [ 73.1407012, 28.1536995, 0.0 ], [ 73.1407064, 28.1533963, 0.0 ] ], [ [ 73.1406504, 28.1533955, 0.0 ], [ 73.1406736, 28.1533958, 0.0 ], [ 73.1406683, 28.1536991, 0.0 ], [ 73.1406452, 28.1536988, 0.0 ], [ 73.1406504, 28.1533955, 0.0 ] ] ] } }
]
}
