{
"type": "FeatureCollection",
"name": "ITC-17 strings",
"bbox": [ 73.1445377, 28.1643585, 0.0000000, 73.1513518, 28.1692896, 0.0000000 ],                                                  
"features": [
{ "type": "Feature", "properties": { "id": "kml_1", "Name": "EDGE TRACKERS", "description": null, "timestamp": null, "begin": null, "end": null, "altitudeMode": null, "tessellate": -1, "extrude": 0, "visibility": -1, "drawOrder": null, "icon": null }, "bbox": [ 73.1445377, 28.1649235, 0.0, 73.1495493, 28.1692896, 0.0 ], "geometry": { "type": "MultiLineString", "coordinates": [ [ [ 73.1456598, 28.1649242, 0.0 ], [ 73.145683, 28.1649245, 0.0 ], [ 73.1456777, 28.1652278, 0.0 ], [ 73.1456546, 28.1652275, 0.0 ], [ 73.1456598, 28.1649242, 0.0 ] ], [ [ 73.1456038, 28.1649235, 0.0 ], [ 73.145627, 28.1649238, 0.0 ], [ 73.1456217, 28.1652271, 0.0 ], [ 73.1455986, 28.1652267, 0.0 ], [ 73.1456038, 28.1649235, 0.0 ] ], [ [ 73.1456545, 28.1652359, 0.0 ], [ 73.1456776, 28.1652362, 0.0 ], [ 73.1456724, 28.1655395, 0.0 ], [ 73.1456492, 28.1655392, 0.0 ], [ 73.1456545, 28.1652359, 0.0 ] ], [ [ 73.1455985, 28.1652352, 0.0 ], [ 73.1456216, 28.1652355, 0.0 ], [ 73.1456164, 28.1655387, 0.0 ], [ 73.1455932, 28.1655384, 0.0 ], [ 73.1455985, 28.1652352, 0.0 ] ], [ [ 73.1495261, 28.1680746, 0.0 ], [ 73.1495493, 28.1680749, 0.0 ], [ 73.1495441, 28.1683782, 0.0 ], [ 73.1495209, 28.1683779, 0.0 ], [ 73.1495261, 28.1680746, 0.0 ] ], [ [ 73.1494701, 28.1680738, 0.0 ], [ 73.1494933, 28.1680741, 0.0 ], [ 73.1494881, 28.1683774, 0.0 ], [ 73.1494649, 28.1683771, 0.0 ], [ 73.1494701, 28.1680738, 0.0 ] ], [ [ 73.1495208, 28.1683863, 0.0 ], [ 73.1495439, 28.1683866, 0.0 ], [ 73.1495387, 28.1686899, 0.0 ], [ 73.1495156, 28.1686895, 0.0 ], [ 73.1495208, 28.1683863, 0.0 ] ], [ [ 73.1494648, 28.1683855, 0.0 ], [ 73.1494879, 28.1683858, 0.0 ], [ 73.1494827, 28.1686891, 0.0 ], [ 73.1494596, 28.1686888, 0.0 ], [ 73.1494648, 28.1683855, 0.0 ] ], [ [ 73.1446043, 28.1676719, 0.0 ], [ 73.1446274, 28.1676722, 0.0 ], [ 73.1446222, 28.1679755, 0.0 ], [ 73.144599, 28.1679751, 0.0 ], [ 73.1446043, 28.1676719, 0.0 ] ], [ [ 73.1445483, 28.1676711, 0.0 ], [ 73.1445714, 28.1676714, 0.0 ], [ 73.1445662, 28.1679747, 0.0 ], [ 73.1445431, 28.1679744, 0.0 ], [ 73.1445483, 28.1676711, 0.0 ] ], [ [ 73.1445989, 28.1679836, 0.0 ], [ 73.144622, 28.1679839, 0.0 ], [ 73.1446168, 28.1682871, 0.0 ], [ 73.1445937, 28.1682868, 0.0 ], [ 73.1445989, 28.1679836, 0.0 ] ], [ [ 73.1445429, 28.1679828, 0.0 ], [ 73.144566, 28.1679831, 0.0 ], [ 73.1445608, 28.1682864, 0.0 ], [ 73.1445377, 28.1682861, 0.0 ], [ 73.1445429, 28.1679828, 0.0 ] ], [ [ 73.1480596, 28.1686744, 0.0 ], [ 73.1480827, 28.1686747, 0.0 ], [ 73.1480775, 28.1689779, 0.0 ], [ 73.1480543, 28.1689776, 0.0 ], [ 73.1480596, 28.1686744, 0.0 ] ], [ [ 73.1480036, 28.1686736, 0.0 ], [ 73.1480267, 28.1686739, 0.0 ], [ 73.1480215, 28.1689772, 0.0 ], [ 73.1479983, 28.1689769, 0.0 ], [ 73.1480036, 28.1686736, 0.0 ] ], [ [ 73.1480542, 28.1689861, 0.0 ], [ 73.1480773, 28.1689864, 0.0 ], [ 73.1480721, 28.1692896, 0.0 ], [ 73.148049, 28.1692893, 0.0 ], [ 73.1480542, 28.1689861, 0.0 ] ], [ [ 73.1479982, 28.1689853, 0.0 ], [ 73.1480213, 28.1689856, 0.0 ], [ 73.1480161, 28.1692889, 0.0 ], [ 73.147993, 28.1692886, 0.0 ], [ 73.1479982, 28.1689853, 0.0 ] ], [ [ 73.1458197, 28.168644, 0.0 ], [ 73.1458428, 28.1686444, 0.0 ], [ 73.1458376, 28.1689476, 0.0 ], [ 73.1458145, 28.1689473, 0.0 ], [ 73.1458197, 28.168644, 0.0 ] ], [ [ 73.1457637, 28.1686433, 0.0 ], [ 73.1457868, 28.1686436, 0.0 ], [ 73.1457816, 28.1689469, 0.0 ], [ 73.1457585, 28.1689466, 0.0 ], [ 73.1457637, 28.1686433, 0.0 ] ], [ [ 73.1458143, 28.1689557, 0.0 ], [ 73.1458375, 28.168956, 0.0 ], [ 73.1458322, 28.1692593, 0.0 ], [ 73.1458091, 28.169259, 0.0 ], [ 73.1458143, 28.1689557, 0.0 ] ], [ [ 73.1457583, 28.168955, 0.0 ], [ 73.1457815, 28.1689553, 0.0 ], [ 73.1457762, 28.1692586, 0.0 ], [ 73.1457531, 28.1692582, 0.0 ], [ 73.1457583, 28.168955, 0.0 ] ], [ [ 73.1485182, 28.168061, 0.0 ], [ 73.1485413, 28.1680613, 0.0 ], [ 73.1485361, 28.1683645, 0.0 ], [ 73.148513, 28.1683642, 0.0 ], [ 73.1485182, 28.168061, 0.0 ] ], [ [ 73.1484622, 28.1680602, 0.0 ], [ 73.1484853, 28.1680605, 0.0 ], [ 73.1484801, 28.1683638, 0.0 ], [ 73.148457, 28.1683635, 0.0 ], [ 73.1484622, 28.1680602, 0.0 ] ], [ [ 73.1485128, 28.1683726, 0.0 ], [ 73.148536, 28.168373, 0.0 ], [ 73.1485308, 28.1686762, 0.0 ], [ 73.1485076, 28.1686759, 0.0 ], [ 73.1485128, 28.1683726, 0.0 ] ], [ [ 73.1484568, 28.1683719, 0.0 ], [ 73.14848, 28.1683722, 0.0 ], [ 73.1484748, 28.1686755, 0.0 ], [ 73.1484516, 28.1686752, 0.0 ], [ 73.1484568, 28.1683719, 0.0 ] ], [ [ 73.1450465, 28.168014, 0.0 ], [ 73.1450696, 28.1680143, 0.0 ], [ 73.1450644, 28.1683175, 0.0 ], [ 73.1450412, 28.1683172, 0.0 ], [ 73.1450465, 28.168014, 0.0 ] ], [ [ 73.1449905, 28.1680132, 0.0 ], [ 73.1450136, 28.1680135, 0.0 ], [ 73.1450084, 28.1683168, 0.0 ], [ 73.1449852, 28.1683165, 0.0 ], [ 73.1449905, 28.1680132, 0.0 ] ], [ [ 73.1450411, 28.1683257, 0.0 ], [ 73.1450642, 28.168326, 0.0 ], [ 73.145059, 28.1686292, 0.0 ], [ 73.1450358, 28.1686289, 0.0 ], [ 73.1450411, 28.1683257, 0.0 ] ], [ [ 73.1449851, 28.1683249, 0.0 ], [ 73.1450082, 28.1683252, 0.0 ], [ 73.145003, 28.1686285, 0.0 ], [ 73.1449798, 28.1686282, 0.0 ], [ 73.1449851, 28.1683249, 0.0 ] ], [ [ 73.1450571, 28.1673945, 0.0 ], [ 73.1450803, 28.1673948, 0.0 ], [ 73.145075, 28.1676981, 0.0 ], [ 73.1450519, 28.1676978, 0.0 ], [ 73.1450571, 28.1673945, 0.0 ] ], [ [ 73.1450011, 28.1673937, 0.0 ], [ 73.1450243, 28.1673941, 0.0 ], [ 73.145019, 28.1676973, 0.0 ], [ 73.1449959, 28.167697, 0.0 ], [ 73.1450011, 28.1673937, 0.0 ] ], [ [ 73.1450518, 28.1677062, 0.0 ], [ 73.1450749, 28.1677065, 0.0 ], [ 73.1450697, 28.1680098, 0.0 ], [ 73.1450465, 28.1680095, 0.0 ], [ 73.1450518, 28.1677062, 0.0 ] ], [ [ 73.1449958, 28.1677054, 0.0 ], [ 73.1450189, 28.1677057, 0.0 ], [ 73.1450137, 28.168009, 0.0 ], [ 73.1449905, 28.1680087, 0.0 ], [ 73.1449958, 28.1677054, 0.0 ] ], [ [ 73.1487635, 28.1668251, 0.0 ], [ 73.1487867, 28.1668254, 0.0 ], [ 73.1487814, 28.1671286, 0.0 ], [ 73.1487583, 28.1671283, 0.0 ], [ 73.1487635, 28.1668251, 0.0 ] ], [ [ 73.1487075, 28.1668243, 0.0 ], [ 73.1487307, 28.1668246, 0.0 ], [ 73.1487254, 28.1671279, 0.0 ], [ 73.1487023, 28.1671276, 0.0 ], [ 73.1487075, 28.1668243, 0.0 ] ], [ [ 73.1487582, 28.1671367, 0.0 ], [ 73.1487813, 28.1671371, 0.0 ], [ 73.1487761, 28.1674403, 0.0 ], [ 73.1487529, 28.16744, 0.0 ], [ 73.1487582, 28.1671367, 0.0 ] ], [ [ 73.1487022, 28.167136, 0.0 ], [ 73.1487253, 28.1671363, 0.0 ], [ 73.1487201, 28.1674396, 0.0 ], [ 73.1486969, 28.1674393, 0.0 ], [ 73.1487022, 28.167136, 0.0 ] ], [ [ 73.1482036, 28.1668175, 0.0 ], [ 73.1482267, 28.1668178, 0.0 ], [ 73.1482215, 28.1671211, 0.0 ], [ 73.1481983, 28.1671208, 0.0 ], [ 73.1482036, 28.1668175, 0.0 ] ], [ [ 73.1481476, 28.1668167, 0.0 ], [ 73.1481707, 28.166817, 0.0 ], [ 73.1481655, 28.1671203, 0.0 ], [ 73.1481424, 28.16712, 0.0 ], [ 73.1481476, 28.1668167, 0.0 ] ], [ [ 73.1481982, 28.1671292, 0.0 ], [ 73.1482213, 28.1671295, 0.0 ], [ 73.1482161, 28.1674328, 0.0 ], [ 73.148193, 28.1674324, 0.0 ], [ 73.1481982, 28.1671292, 0.0 ] ], [ [ 73.1481422, 28.1671284, 0.0 ], [ 73.1481653, 28.1671287, 0.0 ], [ 73.1481601, 28.167432, 0.0 ], [ 73.148137, 28.1674317, 0.0 ], [ 73.1481422, 28.1671284, 0.0 ] ], [ [ 73.1454038, 28.1667796, 0.0 ], [ 73.1454269, 28.1667799, 0.0 ], [ 73.1454217, 28.1670832, 0.0 ], [ 73.1453986, 28.1670829, 0.0 ], [ 73.1454038, 28.1667796, 0.0 ] ], [ [ 73.1453478, 28.1667788, 0.0 ], [ 73.1453709, 28.1667791, 0.0 ], [ 73.1453657, 28.1670824, 0.0 ], [ 73.1453426, 28.1670821, 0.0 ], [ 73.1453478, 28.1667788, 0.0 ] ], [ [ 73.1453984, 28.1670913, 0.0 ], [ 73.1454216, 28.1670916, 0.0 ], [ 73.1454163, 28.1673949, 0.0 ], [ 73.1453932, 28.1673945, 0.0 ], [ 73.1453984, 28.1670913, 0.0 ] ], [ [ 73.1453424, 28.1670905, 0.0 ], [ 73.1453656, 28.1670908, 0.0 ], [ 73.1453603, 28.1673941, 0.0 ], [ 73.1453372, 28.1673938, 0.0 ], [ 73.1453424, 28.1670905, 0.0 ] ], [ [ 73.1458624, 28.1661662, 0.0 ], [ 73.1458856, 28.1661665, 0.0 ], [ 73.1458803, 28.1664698, 0.0 ], [ 73.1458572, 28.1664695, 0.0 ], [ 73.1458624, 28.1661662, 0.0 ] ], [ [ 73.1458064, 28.1661654, 0.0 ], [ 73.1458296, 28.1661657, 0.0 ], [ 73.1458243, 28.166469, 0.0 ], [ 73.1458012, 28.1664687, 0.0 ], [ 73.1458064, 28.1661654, 0.0 ] ], [ [ 73.1458571, 28.1664779, 0.0 ], [ 73.1458802, 28.1664782, 0.0 ], [ 73.145875, 28.1667815, 0.0 ], [ 73.1458518, 28.1667811, 0.0 ], [ 73.1458571, 28.1664779, 0.0 ] ], [ [ 73.1458011, 28.1664771, 0.0 ], [ 73.1458242, 28.1664774, 0.0 ], [ 73.145819, 28.1667807, 0.0 ], [ 73.1457958, 28.1667804, 0.0 ], [ 73.1458011, 28.1664771, 0.0 ] ], [ [ 73.1460971, 28.1655498, 0.0 ], [ 73.1461202, 28.1655501, 0.0 ], [ 73.146115, 28.1658533, 0.0 ], [ 73.1460919, 28.165853, 0.0 ], [ 73.1460971, 28.1655498, 0.0 ] ], [ [ 73.1460411, 28.165549, 0.0 ], [ 73.1460642, 28.1655493, 0.0 ], [ 73.146059, 28.1658526, 0.0 ], [ 73.1460359, 28.1658523, 0.0 ], [ 73.1460411, 28.165549, 0.0 ] ], [ [ 73.1460917, 28.1658614, 0.0 ], [ 73.1461149, 28.1658618, 0.0 ], [ 73.1461096, 28.166165, 0.0 ], [ 73.1460865, 28.1661647, 0.0 ], [ 73.1460917, 28.1658614, 0.0 ] ], [ [ 73.1460357, 28.1658607, 0.0 ], [ 73.1460589, 28.165861, 0.0 ], [ 73.1460536, 28.1661643, 0.0 ], [ 73.1460305, 28.166164, 0.0 ], [ 73.1460357, 28.1658607, 0.0 ] ] ] } },
{ "type": "Feature", "properties": { "id": "kml_53", "Name": "TRACKERS", "description": null, "timestamp": null, "begin": null, "end": null, "altitudeMode": null, "tessellate": -1, "extrude": 0, "visibility": -1, "drawOrder": null, "icon": null }, "bbox": [ 73.1446497, 28.1643585, 0.0, 73.1513518, 28.1692881, 0.0 ], "geometry": { "type": "MultiLineString", "coordinates": [ [ [ 73.1497501, 28.1680776, 0.0 ], [ 73.1497733, 28.1680779, 0.0 ], [ 73.149768, 28.1683812, 0.0 ], [ 73.1497449, 28.1683809, 0.0 ], [ 73.1497501, 28.1680776, 0.0 ] ], [ [ 73.1496941, 28.1680769, 0.0 ], [ 73.1497173, 28.1680772, 0.0 ], [ 73.149712, 28.1683804, 0.0 ], [ 73.1496889, 28.1683801, 0.0 ], [ 73.1496941, 28.1680769, 0.0 ] ], [ [ 73.1497448, 28.1683893, 0.0 ], [ 73.1497679, 28.1683896, 0.0 ], [ 73.1497627, 28.1686929, 0.0 ], [ 73.1497395, 28.1686926, 0.0 ], [ 73.1497448, 28.1683893, 0.0 ] ], [ [ 73.1496888, 28.1683885, 0.0 ], [ 73.1497119, 28.1683889, 0.0 ], [ 73.1497067, 28.1686921, 0.0 ], [ 73.1496835, 28.1686918, 0.0 ], [ 73.1496888, 28.1683885, 0.0 ] ], [ [ 73.1484062, 28.1680594, 0.0 ], [ 73.1484293, 28.1680598, 0.0 ], [ 73.1484241, 28.168363, 0.0 ], [ 73.148401, 28.1683627, 0.0 ], [ 73.1484062, 28.1680594, 0.0 ] ], [ [ 73.1483502, 28.1680587, 0.0 ], [ 73.1483734, 28.168059, 0.0 ], [ 73.1483681, 28.1683623, 0.0 ], [ 73.148345, 28.168362, 0.0 ], [ 73.1483502, 28.1680587, 0.0 ] ], [ [ 73.1484008, 28.1683711, 0.0 ], [ 73.148424, 28.1683714, 0.0 ], [ 73.1484188, 28.1686747, 0.0 ], [ 73.1483956, 28.1686744, 0.0 ], [ 73.1484008, 28.1683711, 0.0 ] ], [ [ 73.1483449, 28.1683704, 0.0 ], [ 73.148368, 28.1683707, 0.0 ], [ 73.1483628, 28.168674, 0.0 ], [ 73.1483396, 28.1686736, 0.0 ], [ 73.1483449, 28.1683704, 0.0 ] ], [ [ 73.147105, 28.1655634, 0.0 ], [ 73.1471281, 28.1655637, 0.0 ], [ 73.1471229, 28.165867, 0.0 ], [ 73.1470998, 28.1658667, 0.0 ], [ 73.147105, 28.1655634, 0.0 ] ], [ [ 73.147049, 28.1655626, 0.0 ], [ 73.1470721, 28.165563, 0.0 ], [ 73.1470669, 28.1658662, 0.0 ], [ 73.1470438, 28.1658659, 0.0 ], [ 73.147049, 28.1655626, 0.0 ] ], [ [ 73.1470996, 28.1658751, 0.0 ], [ 73.1471228, 28.1658754, 0.0 ], [ 73.1471175, 28.1661787, 0.0 ], [ 73.1470944, 28.1661784, 0.0 ], [ 73.1470996, 28.1658751, 0.0 ] ], [ [ 73.1470436, 28.1658743, 0.0 ], [ 73.1470668, 28.1658746, 0.0 ], [ 73.1470615, 28.1661779, 0.0 ], [ 73.1470384, 28.1661776, 0.0 ], [ 73.1470436, 28.1658743, 0.0 ] ], [ [ 73.1486622, 28.1662041, 0.0 ], [ 73.1486853, 28.1662044, 0.0 ], [ 73.1486801, 28.1665077, 0.0 ], [ 73.148657, 28.1665073, 0.0 ], [ 73.1486622, 28.1662041, 0.0 ] ], [ [ 73.1486062, 28.1662033, 0.0 ], [ 73.1486293, 28.1662036, 0.0 ], [ 73.1486241, 28.1665069, 0.0 ], [ 73.148601, 28.1665066, 0.0 ], [ 73.1486062, 28.1662033, 0.0 ] ], [ [ 73.1486568, 28.1665158, 0.0 ], [ 73.14868, 28.1665161, 0.0 ], [ 73.1486747, 28.1668193, 0.0 ], [ 73.1486516, 28.166819, 0.0 ], [ 73.1486568, 28.1665158, 0.0 ] ], [ [ 73.1486008, 28.166515, 0.0 ], [ 73.148624, 28.1665153, 0.0 ], [ 73.1486187, 28.1668186, 0.0 ], [ 73.1485956, 28.1668183, 0.0 ], [ 73.1486008, 28.166515, 0.0 ] ], [ [ 73.1486729, 28.1655846, 0.0 ], [ 73.148696, 28.1655849, 0.0 ], [ 73.1486908, 28.1658882, 0.0 ], [ 73.1486676, 28.1658879, 0.0 ], [ 73.1486729, 28.1655846, 0.0 ] ], [ [ 73.1486169, 28.1655839, 0.0 ], [ 73.14864, 28.1655842, 0.0 ], [ 73.1486348, 28.1658874, 0.0 ], [ 73.1486116, 28.1658871, 0.0 ], [ 73.1486169, 28.1655839, 0.0 ] ], [ [ 73.1486675, 28.1658963, 0.0 ], [ 73.1486906, 28.1658966, 0.0 ], [ 73.1486854, 28.1661999, 0.0 ], [ 73.1486623, 28.1661996, 0.0 ], [ 73.1486675, 28.1658963, 0.0 ] ], [ [ 73.1486115, 28.1658955, 0.0 ], [ 73.1486346, 28.1658959, 0.0 ], [ 73.1486294, 28.1661991, 0.0 ], [ 73.1486063, 28.1661988, 0.0 ], [ 73.1486115, 28.1658955, 0.0 ] ], [ [ 73.1486835, 28.1649651, 0.0 ], [ 73.1487067, 28.1649655, 0.0 ], [ 73.1487014, 28.1652687, 0.0 ], [ 73.1486783, 28.1652684, 0.0 ], [ 73.1486835, 28.1649651, 0.0 ] ], [ [ 73.1486275, 28.1649644, 0.0 ], [ 73.1486507, 28.1649647, 0.0 ], [ 73.1486454, 28.165268, 0.0 ], [ 73.1486223, 28.1652677, 0.0 ], [ 73.1486275, 28.1649644, 0.0 ] ], [ [ 73.1486782, 28.1652768, 0.0 ], [ 73.1487013, 28.1652771, 0.0 ], [ 73.1486961, 28.1655804, 0.0 ], [ 73.1486729, 28.1655801, 0.0 ], [ 73.1486782, 28.1652768, 0.0 ] ], [ [ 73.1486222, 28.1652761, 0.0 ], [ 73.1486453, 28.1652764, 0.0 ], [ 73.1486401, 28.1655797, 0.0 ], [ 73.1486169, 28.1655793, 0.0 ], [ 73.1486222, 28.1652761, 0.0 ] ], [ [ 73.1447163, 28.1676734, 0.0 ], [ 73.1447394, 28.1676737, 0.0 ], [ 73.1447342, 28.167977, 0.0 ], [ 73.144711, 28.1679767, 0.0 ], [ 73.1447163, 28.1676734, 0.0 ] ], [ [ 73.1446603, 28.1676726, 0.0 ], [ 73.1446834, 28.167673, 0.0 ], [ 73.1446782, 28.1679762, 0.0 ], [ 73.144655, 28.1679759, 0.0 ], [ 73.1446603, 28.1676726, 0.0 ] ], [ [ 73.1447109, 28.1679851, 0.0 ], [ 73.144734, 28.1679854, 0.0 ], [ 73.1447288, 28.1682887, 0.0 ], [ 73.1447057, 28.1682884, 0.0 ], [ 73.1447109, 28.1679851, 0.0 ] ], [ [ 73.1446549, 28.1679843, 0.0 ], [ 73.144678, 28.1679846, 0.0 ], [ 73.1446728, 28.1682879, 0.0 ], [ 73.1446497, 28.1682876, 0.0 ], [ 73.1446549, 28.1679843, 0.0 ] ], [ [ 73.1448283, 28.1676749, 0.0 ], [ 73.1448514, 28.1676752, 0.0 ], [ 73.1448462, 28.1679785, 0.0 ], [ 73.144823, 28.1679782, 0.0 ], [ 73.1448283, 28.1676749, 0.0 ] ], [ [ 73.1447723, 28.1676742, 0.0 ], [ 73.1447954, 28.1676745, 0.0 ], [ 73.1447902, 28.1679777, 0.0 ], [ 73.144767, 28.1679774, 0.0 ], [ 73.1447723, 28.1676742, 0.0 ] ], [ [ 73.1448229, 28.1679866, 0.0 ], [ 73.144846, 28.1679869, 0.0 ], [ 73.1448408, 28.1682902, 0.0 ], [ 73.1448177, 28.1682899, 0.0 ], [ 73.1448229, 28.1679866, 0.0 ] ], [ [ 73.1447669, 28.1679858, 0.0 ], [ 73.14479, 28.1679862, 0.0 ], [ 73.1447848, 28.1682894, 0.0 ], [ 73.1447617, 28.1682891, 0.0 ], [ 73.1447669, 28.1679858, 0.0 ] ], [ [ 73.1479476, 28.1686729, 0.0 ], [ 73.1479707, 28.1686732, 0.0 ], [ 73.1479655, 28.1689764, 0.0 ], [ 73.1479424, 28.1689761, 0.0 ], [ 73.1479476, 28.1686729, 0.0 ] ], [ [ 73.1478916, 28.1686721, 0.0 ], [ 73.1479147, 28.1686724, 0.0 ], [ 73.1479095, 28.1689757, 0.0 ], [ 73.1478864, 28.1689754, 0.0 ], [ 73.1478916, 28.1686721, 0.0 ] ], [ [ 73.1479422, 28.1689845, 0.0 ], [ 73.1479653, 28.1689848, 0.0 ], [ 73.1479601, 28.1692881, 0.0 ], [ 73.147937, 28.1692878, 0.0 ], [ 73.1479422, 28.1689845, 0.0 ] ], [ [ 73.1478862, 28.1689838, 0.0 ], [ 73.1479093, 28.1689841, 0.0 ], [ 73.1479041, 28.1692874, 0.0 ], [ 73.147881, 28.169287, 0.0 ], [ 73.1478862, 28.1689838, 0.0 ] ], [ [ 73.1478356, 28.1686713, 0.0 ], [ 73.1478587, 28.1686716, 0.0 ], [ 73.1478535, 28.1689749, 0.0 ], [ 73.1478304, 28.1689746, 0.0 ], [ 73.1478356, 28.1686713, 0.0 ] ], [ [ 73.1477796, 28.1686706, 0.0 ], [ 73.1478027, 28.1686709, 0.0 ], [ 73.1477975, 28.1689742, 0.0 ], [ 73.1477744, 28.1689738, 0.0 ], [ 73.1477796, 28.1686706, 0.0 ] ], [ [ 73.1478302, 28.168983, 0.0 ], [ 73.1478533, 28.1689833, 0.0 ], [ 73.1478481, 28.1692866, 0.0 ], [ 73.147825, 28.1692863, 0.0 ], [ 73.1478302, 28.168983, 0.0 ] ], [ [ 73.1477742, 28.1689823, 0.0 ], [ 73.1477974, 28.1689826, 0.0 ], [ 73.1477921, 28.1692858, 0.0 ], [ 73.147769, 28.1692855, 0.0 ], [ 73.1477742, 28.1689823, 0.0 ] ], [ [ 73.1477236, 28.1686698, 0.0 ], [ 73.1477467, 28.1686701, 0.0 ], [ 73.1477415, 28.1689734, 0.0 ], [ 73.1477184, 28.1689731, 0.0 ], [ 73.1477236, 28.1686698, 0.0 ] ], [ [ 73.1476676, 28.1686691, 0.0 ], [ 73.1476907, 28.1686694, 0.0 ], [ 73.1476855, 28.1689726, 0.0 ], [ 73.1476624, 28.1689723, 0.0 ], [ 73.1476676, 28.1686691, 0.0 ] ], [ [ 73.1477182, 28.1689815, 0.0 ], [ 73.1477414, 28.1689818, 0.0 ], [ 73.1477361, 28.1692851, 0.0 ], [ 73.147713, 28.1692848, 0.0 ], [ 73.1477182, 28.1689815, 0.0 ] ], [ [ 73.1476622, 28.1689807, 0.0 ], [ 73.1476854, 28.1689811, 0.0 ], [ 73.1476801, 28.1692843, 0.0 ], [ 73.147657, 28.169284, 0.0 ], [ 73.1476622, 28.1689807, 0.0 ] ], [ [ 73.1476116, 28.1686683, 0.0 ], [ 73.1476347, 28.1686686, 0.0 ], [ 73.1476295, 28.1689719, 0.0 ], [ 73.1476064, 28.1689716, 0.0 ], [ 73.1476116, 28.1686683, 0.0 ] ], [ [ 73.1475556, 28.1686675, 0.0 ], [ 73.1475787, 28.1686679, 0.0 ], [ 73.1475735, 28.1689711, 0.0 ], [ 73.1475504, 28.1689708, 0.0 ], [ 73.1475556, 28.1686675, 0.0 ] ], [ [ 73.1476062, 28.16898, 0.0 ], [ 73.1476294, 28.1689803, 0.0 ], [ 73.1476241, 28.1692836, 0.0 ], [ 73.147601, 28.1692833, 0.0 ], [ 73.1476062, 28.16898, 0.0 ] ], [ [ 73.1475502, 28.1689792, 0.0 ], [ 73.1475734, 28.1689795, 0.0 ], [ 73.1475681, 28.1692828, 0.0 ], [ 73.147545, 28.1692825, 0.0 ], [ 73.1475502, 28.1689792, 0.0 ] ], [ [ 73.1474996, 28.1686668, 0.0 ], [ 73.1475227, 28.1686671, 0.0 ], [ 73.1475175, 28.1689704, 0.0 ], [ 73.1474944, 28.1689701, 0.0 ], [ 73.1474996, 28.1686668, 0.0 ] ], [ [ 73.1474436, 28.168666, 0.0 ], [ 73.1474667, 28.1686663, 0.0 ], [ 73.1474615, 28.1689696, 0.0 ], [ 73.1474384, 28.1689693, 0.0 ], [ 73.1474436, 28.168666, 0.0 ] ], [ [ 73.1474942, 28.1689785, 0.0 ], [ 73.1475174, 28.1689788, 0.0 ], [ 73.1475121, 28.1692821, 0.0 ], [ 73.147489, 28.1692817, 0.0 ], [ 73.1474942, 28.1689785, 0.0 ] ], [ [ 73.1474382, 28.1689777, 0.0 ], [ 73.1474614, 28.168978, 0.0 ], [ 73.1474561, 28.1692813, 0.0 ], [ 73.147433, 28.169281, 0.0 ], [ 73.1474382, 28.1689777, 0.0 ] ], [ [ 73.1473876, 28.1686653, 0.0 ], [ 73.1474107, 28.1686656, 0.0 ], [ 73.1474055, 28.1689689, 0.0 ], [ 73.1473824, 28.1689685, 0.0 ], [ 73.1473876, 28.1686653, 0.0 ] ], [ [ 73.1473316, 28.1686645, 0.0 ], [ 73.1473547, 28.1686648, 0.0 ], [ 73.1473495, 28.1689681, 0.0 ], [ 73.1473264, 28.1689678, 0.0 ], [ 73.1473316, 28.1686645, 0.0 ] ], [ [ 73.1473822, 28.168977, 0.0 ], [ 73.1474054, 28.1689773, 0.0 ], [ 73.1474001, 28.1692805, 0.0 ], [ 73.147377, 28.1692802, 0.0 ], [ 73.1473822, 28.168977, 0.0 ] ], [ [ 73.1473262, 28.1689762, 0.0 ], [ 73.1473494, 28.1689765, 0.0 ], [ 73.1473442, 28.1692798, 0.0 ], [ 73.147321, 28.1692795, 0.0 ], [ 73.1473262, 28.1689762, 0.0 ] ], [ [ 73.1472756, 28.1686638, 0.0 ], [ 73.1472988, 28.1686641, 0.0 ], [ 73.1472935, 28.1689673, 0.0 ], [ 73.1472704, 28.168967, 0.0 ], [ 73.1472756, 28.1686638, 0.0 ] ], [ [ 73.1472196, 28.168663, 0.0 ], [ 73.1472428, 28.1686633, 0.0 ], [ 73.1472375, 28.1689666, 0.0 ], [ 73.1472144, 28.1689663, 0.0 ], [ 73.1472196, 28.168663, 0.0 ] ], [ [ 73.1472702, 28.1689754, 0.0 ], [ 73.1472934, 28.1689758, 0.0 ], [ 73.1472882, 28.169279, 0.0 ], [ 73.147265, 28.1692787, 0.0 ], [ 73.1472702, 28.1689754, 0.0 ] ], [ [ 73.1472143, 28.1689747, 0.0 ], [ 73.1472374, 28.168975, 0.0 ], [ 73.1472322, 28.1692783, 0.0 ], [ 73.147209, 28.169278, 0.0 ], [ 73.1472143, 28.1689747, 0.0 ] ], [ [ 73.1471636, 28.1686622, 0.0 ], [ 73.1471868, 28.1686626, 0.0 ], [ 73.1471815, 28.1689658, 0.0 ], [ 73.1471584, 28.1689655, 0.0 ], [ 73.1471636, 28.1686622, 0.0 ] ], [ [ 73.1471076, 28.1686615, 0.0 ], [ 73.1471308, 28.1686618, 0.0 ], [ 73.1471255, 28.1689651, 0.0 ], [ 73.1471024, 28.1689648, 0.0 ], [ 73.1471076, 28.1686615, 0.0 ] ], [ [ 73.1471583, 28.1689739, 0.0 ], [ 73.1471814, 28.1689742, 0.0 ], [ 73.1471762, 28.1692775, 0.0 ], [ 73.147153, 28.1692772, 0.0 ], [ 73.1471583, 28.1689739, 0.0 ] ], [ [ 73.1471023, 28.1689732, 0.0 ], [ 73.1471254, 28.1689735, 0.0 ], [ 73.1471202, 28.1692768, 0.0 ], [ 73.147097, 28.1692764, 0.0 ], [ 73.1471023, 28.1689732, 0.0 ] ], [ [ 73.1470516, 28.1686607, 0.0 ], [ 73.1470748, 28.168661, 0.0 ], [ 73.1470695, 28.1689643, 0.0 ], [ 73.1470464, 28.168964, 0.0 ], [ 73.1470516, 28.1686607, 0.0 ] ], [ [ 73.1469956, 28.16866, 0.0 ], [ 73.1470188, 28.1686603, 0.0 ], [ 73.1470135, 28.1689636, 0.0 ], [ 73.1469904, 28.1689632, 0.0 ], [ 73.1469956, 28.16866, 0.0 ] ], [ [ 73.1470463, 28.1689724, 0.0 ], [ 73.1470694, 28.1689727, 0.0 ], [ 73.1470642, 28.169276, 0.0 ], [ 73.147041, 28.1692757, 0.0 ], [ 73.1470463, 28.1689724, 0.0 ] ], [ [ 73.1469903, 28.1689717, 0.0 ], [ 73.1470134, 28.168972, 0.0 ], [ 73.1470082, 28.1692752, 0.0 ], [ 73.146985, 28.1692749, 0.0 ], [ 73.1469903, 28.1689717, 0.0 ] ], [ [ 73.1469396, 28.1686592, 0.0 ], [ 73.1469628, 28.1686595, 0.0 ], [ 73.1469575, 28.1689628, 0.0 ], [ 73.1469344, 28.1689625, 0.0 ], [ 73.1469396, 28.1686592, 0.0 ] ], [ [ 73.1468836, 28.1686585, 0.0 ], [ 73.1469068, 28.1686588, 0.0 ], [ 73.1469015, 28.168962, 0.0 ], [ 73.1468784, 28.1689617, 0.0 ], [ 73.1468836, 28.1686585, 0.0 ] ], [ [ 73.1469343, 28.1689709, 0.0 ], [ 73.1469574, 28.1689712, 0.0 ], [ 73.1469522, 28.1692745, 0.0 ], [ 73.146929, 28.1692742, 0.0 ], [ 73.1469343, 28.1689709, 0.0 ] ], [ [ 73.1468783, 28.1689701, 0.0 ], [ 73.1469014, 28.1689705, 0.0 ], [ 73.1468962, 28.1692737, 0.0 ], [ 73.146873, 28.1692734, 0.0 ], [ 73.1468783, 28.1689701, 0.0 ] ], [ [ 73.1468276, 28.1686577, 0.0 ], [ 73.1468508, 28.168658, 0.0 ], [ 73.1468456, 28.1689613, 0.0 ], [ 73.1468224, 28.168961, 0.0 ], [ 73.1468276, 28.1686577, 0.0 ] ], [ [ 73.1467717, 28.1686569, 0.0 ], [ 73.1467948, 28.1686573, 0.0 ], [ 73.1467896, 28.1689605, 0.0 ], [ 73.1467664, 28.1689602, 0.0 ], [ 73.1467717, 28.1686569, 0.0 ] ], [ [ 73.1468223, 28.1689694, 0.0 ], [ 73.1468454, 28.1689697, 0.0 ], [ 73.1468402, 28.169273, 0.0 ], [ 73.146817, 28.1692726, 0.0 ], [ 73.1468223, 28.1689694, 0.0 ] ], [ [ 73.1467663, 28.1689686, 0.0 ], [ 73.1467894, 28.1689689, 0.0 ], [ 73.1467842, 28.1692722, 0.0 ], [ 73.1467611, 28.1692719, 0.0 ], [ 73.1467663, 28.1689686, 0.0 ] ], [ [ 73.1467157, 28.1686562, 0.0 ], [ 73.1467388, 28.1686565, 0.0 ], [ 73.1467336, 28.1689598, 0.0 ], [ 73.1467104, 28.1689594, 0.0 ], [ 73.1467157, 28.1686562, 0.0 ] ], [ [ 73.1466597, 28.1686554, 0.0 ], [ 73.1466828, 28.1686557, 0.0 ], [ 73.1466776, 28.168959, 0.0 ], [ 73.1466544, 28.1689587, 0.0 ], [ 73.1466597, 28.1686554, 0.0 ] ], [ [ 73.1467103, 28.1689679, 0.0 ], [ 73.1467334, 28.1689682, 0.0 ], [ 73.1467282, 28.1692714, 0.0 ], [ 73.1467051, 28.1692711, 0.0 ], [ 73.1467103, 28.1689679, 0.0 ] ], [ [ 73.1466543, 28.1689671, 0.0 ], [ 73.1466774, 28.1689674, 0.0 ], [ 73.1466722, 28.1692707, 0.0 ], [ 73.1466491, 28.1692704, 0.0 ], [ 73.1466543, 28.1689671, 0.0 ] ], [ [ 73.1466037, 28.1686547, 0.0 ], [ 73.1466268, 28.168655, 0.0 ], [ 73.1466216, 28.1689582, 0.0 ], [ 73.1465984, 28.1689579, 0.0 ], [ 73.1466037, 28.1686547, 0.0 ] ], [ [ 73.1465477, 28.1686539, 0.0 ], [ 73.1465708, 28.1686542, 0.0 ], [ 73.1465656, 28.1689575, 0.0 ], [ 73.1465424, 28.1689572, 0.0 ], [ 73.1465477, 28.1686539, 0.0 ] ], [ [ 73.1465983, 28.1689663, 0.0 ], [ 73.1466214, 28.1689667, 0.0 ], [ 73.1466162, 28.1692699, 0.0 ], [ 73.1465931, 28.1692696, 0.0 ], [ 73.1465983, 28.1689663, 0.0 ] ], [ [ 73.1465423, 28.1689656, 0.0 ], [ 73.1465654, 28.1689659, 0.0 ], [ 73.1465602, 28.1692692, 0.0 ], [ 73.1465371, 28.1692689, 0.0 ], [ 73.1465423, 28.1689656, 0.0 ] ], [ [ 73.1464917, 28.1686531, 0.0 ], [ 73.1465148, 28.1686535, 0.0 ], [ 73.1465096, 28.1689567, 0.0 ], [ 73.1464864, 28.1689564, 0.0 ], [ 73.1464917, 28.1686531, 0.0 ] ], [ [ 73.1464357, 28.1686524, 0.0 ], [ 73.1464588, 28.1686527, 0.0 ], [ 73.1464536, 28.168956, 0.0 ], [ 73.1464304, 28.1689557, 0.0 ], [ 73.1464357, 28.1686524, 0.0 ] ], [ [ 73.1464863, 28.1689648, 0.0 ], [ 73.1465094, 28.1689651, 0.0 ], [ 73.1465042, 28.1692684, 0.0 ], [ 73.1464811, 28.1692681, 0.0 ], [ 73.1464863, 28.1689648, 0.0 ] ], [ [ 73.1464303, 28.1689641, 0.0 ], [ 73.1464534, 28.1689644, 0.0 ], [ 73.1464482, 28.1692677, 0.0 ], [ 73.1464251, 28.1692673, 0.0 ], [ 73.1464303, 28.1689641, 0.0 ] ], [ [ 73.1463797, 28.1686516, 0.0 ], [ 73.1464028, 28.1686519, 0.0 ], [ 73.1463976, 28.1689552, 0.0 ], [ 73.1463744, 28.1689549, 0.0 ], [ 73.1463797, 28.1686516, 0.0 ] ], [ [ 73.1463237, 28.1686509, 0.0 ], [ 73.1463468, 28.1686512, 0.0 ], [ 73.1463416, 28.1689545, 0.0 ], [ 73.1463185, 28.1689541, 0.0 ], [ 73.1463237, 28.1686509, 0.0 ] ], [ [ 73.1463743, 28.1689633, 0.0 ], [ 73.1463974, 28.1689636, 0.0 ], [ 73.1463922, 28.1692669, 0.0 ], [ 73.1463691, 28.1692666, 0.0 ], [ 73.1463743, 28.1689633, 0.0 ] ], [ [ 73.1463183, 28.1689626, 0.0 ], [ 73.1463414, 28.1689629, 0.0 ], [ 73.1463362, 28.1692661, 0.0 ], [ 73.1463131, 28.1692658, 0.0 ], [ 73.1463183, 28.1689626, 0.0 ] ], [ [ 73.1462677, 28.1686501, 0.0 ], [ 73.1462908, 28.1686504, 0.0 ], [ 73.1462856, 28.1689537, 0.0 ], [ 73.1462625, 28.1689534, 0.0 ], [ 73.1462677, 28.1686501, 0.0 ] ], [ [ 73.1462117, 28.1686494, 0.0 ], [ 73.1462348, 28.1686497, 0.0 ], [ 73.1462296, 28.1689529, 0.0 ], [ 73.1462065, 28.1689526, 0.0 ], [ 73.1462117, 28.1686494, 0.0 ] ], [ [ 73.1462623, 28.1689618, 0.0 ], [ 73.1462854, 28.1689621, 0.0 ], [ 73.1462802, 28.1692654, 0.0 ], [ 73.1462571, 28.1692651, 0.0 ], [ 73.1462623, 28.1689618, 0.0 ] ], [ [ 73.1462063, 28.168961, 0.0 ], [ 73.1462294, 28.1689614, 0.0 ], [ 73.1462242, 28.1692646, 0.0 ], [ 73.1462011, 28.1692643, 0.0 ], [ 73.1462063, 28.168961, 0.0 ] ], [ [ 73.1461557, 28.1686486, 0.0 ], [ 73.1461788, 28.1686489, 0.0 ], [ 73.1461736, 28.1689522, 0.0 ], [ 73.1461505, 28.1689519, 0.0 ], [ 73.1461557, 28.1686486, 0.0 ] ], [ [ 73.1460997, 28.1686478, 0.0 ], [ 73.1461228, 28.1686482, 0.0 ], [ 73.1461176, 28.1689514, 0.0 ], [ 73.1460945, 28.1689511, 0.0 ], [ 73.1460997, 28.1686478, 0.0 ] ], [ [ 73.1461503, 28.1689603, 0.0 ], [ 73.1461734, 28.1689606, 0.0 ], [ 73.1461682, 28.1692639, 0.0 ], [ 73.1461451, 28.1692636, 0.0 ], [ 73.1461503, 28.1689603, 0.0 ] ], [ [ 73.1460943, 28.1689595, 0.0 ], [ 73.1461175, 28.1689598, 0.0 ], [ 73.1461122, 28.1692631, 0.0 ], [ 73.1460891, 28.1692628, 0.0 ], [ 73.1460943, 28.1689595, 0.0 ] ], [ [ 73.1460437, 28.1686471, 0.0 ], [ 73.1460668, 28.1686474, 0.0 ], [ 73.1460616, 28.1689507, 0.0 ], [ 73.1460385, 28.1689504, 0.0 ], [ 73.1460437, 28.1686471, 0.0 ] ], [ [ 73.1459877, 28.1686463, 0.0 ], [ 73.1460108, 28.1686466, 0.0 ], [ 73.1460056, 28.1689499, 0.0 ], [ 73.1459825, 28.1689496, 0.0 ], [ 73.1459877, 28.1686463, 0.0 ] ], [ [ 73.1460383, 28.1689588, 0.0 ], [ 73.1460615, 28.1689591, 0.0 ], [ 73.1460562, 28.1692623, 0.0 ], [ 73.1460331, 28.169262, 0.0 ], [ 73.1460383, 28.1689588, 0.0 ] ], [ [ 73.1459823, 28.168958, 0.0 ], [ 73.1460055, 28.1689583, 0.0 ], [ 73.1460002, 28.1692616, 0.0 ], [ 73.1459771, 28.1692613, 0.0 ], [ 73.1459823, 28.168958, 0.0 ] ], [ [ 73.1459317, 28.1686456, 0.0 ], [ 73.1459548, 28.1686459, 0.0 ], [ 73.1459496, 28.1689491, 0.0 ], [ 73.1459265, 28.1689488, 0.0 ], [ 73.1459317, 28.1686456, 0.0 ] ], [ [ 73.1458757, 28.1686448, 0.0 ], [ 73.1458988, 28.1686451, 0.0 ], [ 73.1458936, 28.1689484, 0.0 ], [ 73.1458705, 28.1689481, 0.0 ], [ 73.1458757, 28.1686448, 0.0 ] ], [ [ 73.1459263, 28.1689573, 0.0 ], [ 73.1459495, 28.1689576, 0.0 ], [ 73.1459442, 28.1692608, 0.0 ], [ 73.1459211, 28.1692605, 0.0 ], [ 73.1459263, 28.1689573, 0.0 ] ], [ [ 73.1458703, 28.1689565, 0.0 ], [ 73.1458935, 28.1689568, 0.0 ], [ 73.1458882, 28.1692601, 0.0 ], [ 73.1458651, 28.1692598, 0.0 ], [ 73.1458703, 28.1689565, 0.0 ] ], [ [ 73.15087, 28.1680927, 0.0 ], [ 73.1508932, 28.1680931, 0.0 ], [ 73.150888, 28.1683963, 0.0 ], [ 73.1508648, 28.168396, 0.0 ], [ 73.15087, 28.1680927, 0.0 ] ], [ [ 73.1508141, 28.168092, 0.0 ], [ 73.1508372, 28.1680923, 0.0 ], [ 73.150832, 28.1683956, 0.0 ], [ 73.1508088, 28.1683953, 0.0 ], [ 73.1508141, 28.168092, 0.0 ] ], [ [ 73.1508647, 28.1684044, 0.0 ], [ 73.1508878, 28.1684047, 0.0 ], [ 73.1508826, 28.168708, 0.0 ], [ 73.1508595, 28.1687077, 0.0 ], [ 73.1508647, 28.1684044, 0.0 ] ], [ [ 73.1508087, 28.1684037, 0.0 ], [ 73.1508318, 28.168404, 0.0 ], [ 73.1508266, 28.1687073, 0.0 ], [ 73.1508035, 28.1687069, 0.0 ], [ 73.1508087, 28.1684037, 0.0 ] ], [ [ 73.1507581, 28.1680912, 0.0 ], [ 73.1507812, 28.1680915, 0.0 ], [ 73.150776, 28.1683948, 0.0 ], [ 73.1507528, 28.1683945, 0.0 ], [ 73.1507581, 28.1680912, 0.0 ] ], [ [ 73.1507021, 28.1680905, 0.0 ], [ 73.1507252, 28.1680908, 0.0 ], [ 73.15072, 28.1683941, 0.0 ], [ 73.1506968, 28.1683937, 0.0 ], [ 73.1507021, 28.1680905, 0.0 ] ], [ [ 73.1507527, 28.1684029, 0.0 ], [ 73.1507758, 28.1684032, 0.0 ], [ 73.1507706, 28.1687065, 0.0 ], [ 73.1507475, 28.1687062, 0.0 ], [ 73.1507527, 28.1684029, 0.0 ] ], [ [ 73.1506967, 28.1684022, 0.0 ], [ 73.1507198, 28.1684025, 0.0 ], [ 73.1507146, 28.1687057, 0.0 ], [ 73.1506915, 28.1687054, 0.0 ], [ 73.1506967, 28.1684022, 0.0 ] ], [ [ 73.1506461, 28.1680897, 0.0 ], [ 73.1506692, 28.16809, 0.0 ], [ 73.150664, 28.1683933, 0.0 ], [ 73.1506408, 28.168393, 0.0 ], [ 73.1506461, 28.1680897, 0.0 ] ], [ [ 73.1505901, 28.168089, 0.0 ], [ 73.1506132, 28.1680893, 0.0 ], [ 73.150608, 28.1683925, 0.0 ], [ 73.1505849, 28.1683922, 0.0 ], [ 73.1505901, 28.168089, 0.0 ] ], [ [ 73.1506407, 28.1684014, 0.0 ], [ 73.1506638, 28.1684017, 0.0 ], [ 73.1506586, 28.168705, 0.0 ], [ 73.1506355, 28.1687047, 0.0 ], [ 73.1506407, 28.1684014, 0.0 ] ], [ [ 73.1505847, 28.1684006, 0.0 ], [ 73.1506078, 28.168401, 0.0 ], [ 73.1506026, 28.1687042, 0.0 ], [ 73.1505795, 28.1687039, 0.0 ], [ 73.1505847, 28.1684006, 0.0 ] ], [ [ 73.1505341, 28.1680882, 0.0 ], [ 73.1505572, 28.1680885, 0.0 ], [ 73.150552, 28.1683918, 0.0 ], [ 73.1505289, 28.1683915, 0.0 ], [ 73.1505341, 28.1680882, 0.0 ] ], [ [ 73.1504781, 28.1680874, 0.0 ], [ 73.1505012, 28.1680878, 0.0 ], [ 73.150496, 28.168391, 0.0 ], [ 73.1504729, 28.1683907, 0.0 ], [ 73.1504781, 28.1680874, 0.0 ] ], [ [ 73.1505287, 28.1683999, 0.0 ], [ 73.1505518, 28.1684002, 0.0 ], [ 73.1505466, 28.1687035, 0.0 ], [ 73.1505235, 28.1687032, 0.0 ], [ 73.1505287, 28.1683999, 0.0 ] ], [ [ 73.1504727, 28.1683991, 0.0 ], [ 73.1504958, 28.1683994, 0.0 ], [ 73.1504906, 28.1687027, 0.0 ], [ 73.1504675, 28.1687024, 0.0 ], [ 73.1504727, 28.1683991, 0.0 ] ], [ [ 73.1504221, 28.1680867, 0.0 ], [ 73.1504452, 28.168087, 0.0 ], [ 73.15044, 28.1683903, 0.0 ], [ 73.1504169, 28.16839, 0.0 ], [ 73.1504221, 28.1680867, 0.0 ] ], [ [ 73.1503661, 28.1680859, 0.0 ], [ 73.1503892, 28.1680862, 0.0 ], [ 73.150384, 28.1683895, 0.0 ], [ 73.1503609, 28.1683892, 0.0 ], [ 73.1503661, 28.1680859, 0.0 ] ], [ [ 73.1504167, 28.1683984, 0.0 ], [ 73.1504398, 28.1683987, 0.0 ], [ 73.1504346, 28.168702, 0.0 ], [ 73.1504115, 28.1687016, 0.0 ], [ 73.1504167, 28.1683984, 0.0 ] ], [ [ 73.1503607, 28.1683976, 0.0 ], [ 73.1503839, 28.1683979, 0.0 ], [ 73.1503786, 28.1687012, 0.0 ], [ 73.1503555, 28.1687009, 0.0 ], [ 73.1503607, 28.1683976, 0.0 ] ], [ [ 73.1503101, 28.1680852, 0.0 ], [ 73.1503332, 28.1680855, 0.0 ], [ 73.150328, 28.1683888, 0.0 ], [ 73.1503049, 28.1683884, 0.0 ], [ 73.1503101, 28.1680852, 0.0 ] ], [ [ 73.1502541, 28.1680844, 0.0 ], [ 73.1502772, 28.1680847, 0.0 ], [ 73.150272, 28.168388, 0.0 ], [ 73.1502489, 28.1683877, 0.0 ], [ 73.1502541, 28.1680844, 0.0 ] ], [ [ 73.1503047, 28.1683969, 0.0 ], [ 73.1503279, 28.1683972, 0.0 ], [ 73.1503226, 28.1687004, 0.0 ], [ 73.1502995, 28.1687001, 0.0 ], [ 73.1503047, 28.1683969, 0.0 ] ], [ [ 73.1502487, 28.1683961, 0.0 ], [ 73.1502719, 28.1683964, 0.0 ], [ 73.1502666, 28.1686997, 0.0 ], [ 73.1502435, 28.1686994, 0.0 ], [ 73.1502487, 28.1683961, 0.0 ] ], [ [ 73.1501981, 28.1680837, 0.0 ], [ 73.1502212, 28.168084, 0.0 ], [ 73.150216, 28.1683872, 0.0 ], [ 73.1501929, 28.1683869, 0.0 ], [ 73.1501981, 28.1680837, 0.0 ] ], [ [ 73.1501421, 28.1680829, 0.0 ], [ 73.1501652, 28.1680832, 0.0 ], [ 73.15016, 28.1683865, 0.0 ], [ 73.1501369, 28.1683862, 0.0 ], [ 73.1501421, 28.1680829, 0.0 ] ], [ [ 73.1501927, 28.1683954, 0.0 ], [ 73.1502159, 28.1683957, 0.0 ], [ 73.1502106, 28.1686989, 0.0 ], [ 73.1501875, 28.1686986, 0.0 ], [ 73.1501927, 28.1683954, 0.0 ] ], [ [ 73.1501367, 28.1683946, 0.0 ], [ 73.1501599, 28.1683949, 0.0 ], [ 73.1501546, 28.1686982, 0.0 ], [ 73.1501315, 28.1686979, 0.0 ], [ 73.1501367, 28.1683946, 0.0 ] ], [ [ 73.1500861, 28.1680822, 0.0 ], [ 73.1501092, 28.1680825, 0.0 ], [ 73.150104, 28.1683857, 0.0 ], [ 73.1500809, 28.1683854, 0.0 ], [ 73.1500861, 28.1680822, 0.0 ] ], [ [ 73.1500301, 28.1680814, 0.0 ], [ 73.1500532, 28.1680817, 0.0 ], [ 73.150048, 28.168385, 0.0 ], [ 73.1500249, 28.1683847, 0.0 ], [ 73.1500301, 28.1680814, 0.0 ] ], [ [ 73.1500807, 28.1683938, 0.0 ], [ 73.1501039, 28.1683942, 0.0 ], [ 73.1500987, 28.1686974, 0.0 ], [ 73.1500755, 28.1686971, 0.0 ], [ 73.1500807, 28.1683938, 0.0 ] ], [ [ 73.1500247, 28.1683931, 0.0 ], [ 73.1500479, 28.1683934, 0.0 ], [ 73.1500427, 28.1686967, 0.0 ], [ 73.1500195, 28.1686964, 0.0 ], [ 73.1500247, 28.1683931, 0.0 ] ], [ [ 73.1499741, 28.1680806, 0.0 ], [ 73.1499972, 28.168081, 0.0 ], [ 73.149992, 28.1683842, 0.0 ], [ 73.1499689, 28.1683839, 0.0 ], [ 73.1499741, 28.1680806, 0.0 ] ], [ [ 73.1499181, 28.1680799, 0.0 ], [ 73.1499412, 28.1680802, 0.0 ], [ 73.149936, 28.1683835, 0.0 ], [ 73.1499129, 28.1683832, 0.0 ], [ 73.1499181, 28.1680799, 0.0 ] ], [ [ 73.1499687, 28.1683923, 0.0 ], [ 73.1499919, 28.1683926, 0.0 ], [ 73.1499867, 28.1686959, 0.0 ], [ 73.1499635, 28.1686956, 0.0 ], [ 73.1499687, 28.1683923, 0.0 ] ], [ [ 73.1499128, 28.1683916, 0.0 ], [ 73.1499359, 28.1683919, 0.0 ], [ 73.1499307, 28.1686951, 0.0 ], [ 73.1499075, 28.1686948, 0.0 ], [ 73.1499128, 28.1683916, 0.0 ] ], [ [ 73.1498621, 28.1680791, 0.0 ], [ 73.1498852, 28.1680794, 0.0 ], [ 73.14988, 28.1683827, 0.0 ], [ 73.1498569, 28.1683824, 0.0 ], [ 73.1498621, 28.1680791, 0.0 ] ], [ [ 73.1498061, 28.1680784, 0.0 ], [ 73.1498293, 28.1680787, 0.0 ], [ 73.149824, 28.168382, 0.0 ], [ 73.1498009, 28.1683816, 0.0 ], [ 73.1498061, 28.1680784, 0.0 ] ], [ [ 73.1498568, 28.1683908, 0.0 ], [ 73.1498799, 28.1683911, 0.0 ], [ 73.1498747, 28.1686944, 0.0 ], [ 73.1498515, 28.1686941, 0.0 ], [ 73.1498568, 28.1683908, 0.0 ] ], [ [ 73.1498008, 28.1683901, 0.0 ], [ 73.1498239, 28.1683904, 0.0 ], [ 73.1498187, 28.1686936, 0.0 ], [ 73.1497955, 28.1686933, 0.0 ], [ 73.1498008, 28.1683901, 0.0 ] ], [ [ 73.1496381, 28.1680761, 0.0 ], [ 73.1496613, 28.1680764, 0.0 ], [ 73.149656, 28.1683797, 0.0 ], [ 73.1496329, 28.1683794, 0.0 ], [ 73.1496381, 28.1680761, 0.0 ] ], [ [ 73.1495821, 28.1680753, 0.0 ], [ 73.1496053, 28.1680757, 0.0 ], [ 73.1496, 28.1683789, 0.0 ], [ 73.1495769, 28.1683786, 0.0 ], [ 73.1495821, 28.1680753, 0.0 ] ], [ [ 73.1496328, 28.1683878, 0.0 ], [ 73.1496559, 28.1683881, 0.0 ], [ 73.1496507, 28.1686914, 0.0 ], [ 73.1496275, 28.1686911, 0.0 ], [ 73.1496328, 28.1683878, 0.0 ] ], [ [ 73.1495768, 28.168387, 0.0 ], [ 73.1495999, 28.1683873, 0.0 ], [ 73.1495947, 28.1686906, 0.0 ], [ 73.1495716, 28.1686903, 0.0 ], [ 73.1495768, 28.168387, 0.0 ] ], [ [ 73.1482942, 28.1680579, 0.0 ], [ 73.1483174, 28.1680582, 0.0 ], [ 73.1483121, 28.1683615, 0.0 ], [ 73.148289, 28.1683612, 0.0 ], [ 73.1482942, 28.1680579, 0.0 ] ], [ [ 73.1482382, 28.1680572, 0.0 ], [ 73.1482614, 28.1680575, 0.0 ], [ 73.1482561, 28.1683608, 0.0 ], [ 73.148233, 28.1683604, 0.0 ], [ 73.1482382, 28.1680572, 0.0 ] ], [ [ 73.1482889, 28.1683696, 0.0 ], [ 73.148312, 28.1683699, 0.0 ], [ 73.1483068, 28.1686732, 0.0 ], [ 73.1482836, 28.1686729, 0.0 ], [ 73.1482889, 28.1683696, 0.0 ] ], [ [ 73.1482329, 28.1683689, 0.0 ], [ 73.148256, 28.1683692, 0.0 ], [ 73.1482508, 28.1686724, 0.0 ], [ 73.1482276, 28.1686721, 0.0 ], [ 73.1482329, 28.1683689, 0.0 ] ], [ [ 73.1481822, 28.1680564, 0.0 ], [ 73.1482054, 28.1680567, 0.0 ], [ 73.1482001, 28.16836, 0.0 ], [ 73.148177, 28.1683597, 0.0 ], [ 73.1481822, 28.1680564, 0.0 ] ], [ [ 73.1481262, 28.1680557, 0.0 ], [ 73.1481494, 28.168056, 0.0 ], [ 73.1481441, 28.1683592, 0.0 ], [ 73.148121, 28.1683589, 0.0 ], [ 73.1481262, 28.1680557, 0.0 ] ], [ [ 73.1481769, 28.1683681, 0.0 ], [ 73.1482, 28.1683684, 0.0 ], [ 73.1481948, 28.1686717, 0.0 ], [ 73.1481716, 28.1686714, 0.0 ], [ 73.1481769, 28.1683681, 0.0 ] ], [ [ 73.1481209, 28.1683673, 0.0 ], [ 73.148144, 28.1683677, 0.0 ], [ 73.1481388, 28.1686709, 0.0 ], [ 73.1481156, 28.1686706, 0.0 ], [ 73.1481209, 28.1683673, 0.0 ] ], [ [ 73.1480702, 28.1680549, 0.0 ], [ 73.1480934, 28.1680552, 0.0 ], [ 73.1480881, 28.1683585, 0.0 ], [ 73.148065, 28.1683582, 0.0 ], [ 73.1480702, 28.1680549, 0.0 ] ], [ [ 73.1480142, 28.1680541, 0.0 ], [ 73.1480374, 28.1680545, 0.0 ], [ 73.1480322, 28.1683577, 0.0 ], [ 73.148009, 28.1683574, 0.0 ], [ 73.1480142, 28.1680541, 0.0 ] ], [ [ 73.1480649, 28.1683666, 0.0 ], [ 73.148088, 28.1683669, 0.0 ], [ 73.1480828, 28.1686702, 0.0 ], [ 73.1480596, 28.1686699, 0.0 ], [ 73.1480649, 28.1683666, 0.0 ] ], [ [ 73.1480089, 28.1683658, 0.0 ], [ 73.148032, 28.1683661, 0.0 ], [ 73.1480268, 28.1686694, 0.0 ], [ 73.1480037, 28.1686691, 0.0 ], [ 73.1480089, 28.1683658, 0.0 ] ], [ [ 73.1479582, 28.1680534, 0.0 ], [ 73.1479814, 28.1680537, 0.0 ], [ 73.1479762, 28.168357, 0.0 ], [ 73.147953, 28.1683567, 0.0 ], [ 73.1479582, 28.1680534, 0.0 ] ], [ [ 73.1479023, 28.1680526, 0.0 ], [ 73.1479254, 28.1680529, 0.0 ], [ 73.1479202, 28.1683562, 0.0 ], [ 73.147897, 28.1683559, 0.0 ], [ 73.1479023, 28.1680526, 0.0 ] ], [ [ 73.1479529, 28.1683651, 0.0 ], [ 73.147976, 28.1683654, 0.0 ], [ 73.1479708, 28.1686687, 0.0 ], [ 73.1479477, 28.1686683, 0.0 ], [ 73.1479529, 28.1683651, 0.0 ] ], [ [ 73.1478969, 28.1683643, 0.0 ], [ 73.14792, 28.1683646, 0.0 ], [ 73.1479148, 28.1686679, 0.0 ], [ 73.1478917, 28.1686676, 0.0 ], [ 73.1478969, 28.1683643, 0.0 ] ], [ [ 73.1478463, 28.1680519, 0.0 ], [ 73.1478694, 28.1680522, 0.0 ], [ 73.1478642, 28.1683555, 0.0 ], [ 73.147841, 28.1683551, 0.0 ], [ 73.1478463, 28.1680519, 0.0 ] ], [ [ 73.1477903, 28.1680511, 0.0 ], [ 73.1478134, 28.1680514, 0.0 ], [ 73.1478082, 28.1683547, 0.0 ], [ 73.147785, 28.1683544, 0.0 ], [ 73.1477903, 28.1680511, 0.0 ] ], [ [ 73.1478409, 28.1683636, 0.0 ], [ 73.147864, 28.1683639, 0.0 ], [ 73.1478588, 28.1686671, 0.0 ], [ 73.1478357, 28.1686668, 0.0 ], [ 73.1478409, 28.1683636, 0.0 ] ], [ [ 73.1477849, 28.1683628, 0.0 ], [ 73.147808, 28.1683631, 0.0 ], [ 73.1478028, 28.1686664, 0.0 ], [ 73.1477797, 28.1686661, 0.0 ], [ 73.1477849, 28.1683628, 0.0 ] ], [ [ 73.1477343, 28.1680504, 0.0 ], [ 73.1477574, 28.1680507, 0.0 ], [ 73.1477522, 28.1683539, 0.0 ], [ 73.147729, 28.1683536, 0.0 ], [ 73.1477343, 28.1680504, 0.0 ] ], [ [ 73.1476783, 28.1680496, 0.0 ], [ 73.1477014, 28.1680499, 0.0 ], [ 73.1476962, 28.1683532, 0.0 ], [ 73.147673, 28.1683529, 0.0 ], [ 73.1476783, 28.1680496, 0.0 ] ], [ [ 73.1477289, 28.168362, 0.0 ], [ 73.147752, 28.1683624, 0.0 ], [ 73.1477468, 28.1686656, 0.0 ], [ 73.1477237, 28.1686653, 0.0 ], [ 73.1477289, 28.168362, 0.0 ] ], [ [ 73.1476729, 28.1683613, 0.0 ], [ 73.147696, 28.1683616, 0.0 ], [ 73.1476908, 28.1686649, 0.0 ], [ 73.1476677, 28.1686646, 0.0 ], [ 73.1476729, 28.1683613, 0.0 ] ], [ [ 73.1476223, 28.1680488, 0.0 ], [ 73.1476454, 28.1680492, 0.0 ], [ 73.1476402, 28.1683524, 0.0 ], [ 73.147617, 28.1683521, 0.0 ], [ 73.1476223, 28.1680488, 0.0 ] ], [ [ 73.1475663, 28.1680481, 0.0 ], [ 73.1475894, 28.1680484, 0.0 ], [ 73.1475842, 28.1683517, 0.0 ], [ 73.147561, 28.1683514, 0.0 ], [ 73.1475663, 28.1680481, 0.0 ] ], [ [ 73.1476169, 28.1683605, 0.0 ], [ 73.14764, 28.1683608, 0.0 ], [ 73.1476348, 28.1686641, 0.0 ], [ 73.1476117, 28.1686638, 0.0 ], [ 73.1476169, 28.1683605, 0.0 ] ], [ [ 73.1475609, 28.1683598, 0.0 ], [ 73.147584, 28.1683601, 0.0 ], [ 73.1475788, 28.1686633, 0.0 ], [ 73.1475557, 28.168663, 0.0 ], [ 73.1475609, 28.1683598, 0.0 ] ], [ [ 73.1475103, 28.1680473, 0.0 ], [ 73.1475334, 28.1680476, 0.0 ], [ 73.1475282, 28.1683509, 0.0 ], [ 73.1475051, 28.1683506, 0.0 ], [ 73.1475103, 28.1680473, 0.0 ] ], [ [ 73.1474543, 28.1680466, 0.0 ], [ 73.1474774, 28.1680469, 0.0 ], [ 73.1474722, 28.1683501, 0.0 ], [ 73.1474491, 28.1683498, 0.0 ], [ 73.1474543, 28.1680466, 0.0 ] ], [ [ 73.1475049, 28.168359, 0.0 ], [ 73.147528, 28.1683593, 0.0 ], [ 73.1475228, 28.1686626, 0.0 ], [ 73.1474997, 28.1686623, 0.0 ], [ 73.1475049, 28.168359, 0.0 ] ], [ [ 73.1474489, 28.1683583, 0.0 ], [ 73.147472, 28.1683586, 0.0 ], [ 73.1474668, 28.1686618, 0.0 ], [ 73.1474437, 28.1686615, 0.0 ], [ 73.1474489, 28.1683583, 0.0 ] ], [ [ 73.1473983, 28.1680458, 0.0 ], [ 73.1474214, 28.1680461, 0.0 ], [ 73.1474162, 28.1683494, 0.0 ], [ 73.1473931, 28.1683491, 0.0 ], [ 73.1473983, 28.1680458, 0.0 ] ], [ [ 73.1473423, 28.1680451, 0.0 ], [ 73.1473654, 28.1680454, 0.0 ], [ 73.1473602, 28.1683486, 0.0 ], [ 73.1473371, 28.1683483, 0.0 ], [ 73.1473423, 28.1680451, 0.0 ] ], [ [ 73.1473929, 28.1683575, 0.0 ], [ 73.147416, 28.1683578, 0.0 ], [ 73.1474108, 28.1686611, 0.0 ], [ 73.1473877, 28.1686608, 0.0 ], [ 73.1473929, 28.1683575, 0.0 ] ], [ [ 73.1473369, 28.1683567, 0.0 ], [ 73.1473601, 28.1683571, 0.0 ], [ 73.1473548, 28.1686603, 0.0 ], [ 73.1473317, 28.16866, 0.0 ], [ 73.1473369, 28.1683567, 0.0 ] ], [ [ 73.1472863, 28.1680443, 0.0 ], [ 73.1473094, 28.1680446, 0.0 ], [ 73.1473042, 28.1683479, 0.0 ], [ 73.1472811, 28.1683476, 0.0 ], [ 73.1472863, 28.1680443, 0.0 ] ], [ [ 73.1472303, 28.1680435, 0.0 ], [ 73.1472534, 28.1680438, 0.0 ], [ 73.1472482, 28.1683471, 0.0 ], [ 73.1472251, 28.1683468, 0.0 ], [ 73.1472303, 28.1680435, 0.0 ] ], [ [ 73.1472809, 28.168356, 0.0 ], [ 73.1473041, 28.1683563, 0.0 ], [ 73.1472988, 28.1686596, 0.0 ], [ 73.1472757, 28.1686592, 0.0 ], [ 73.1472809, 28.168356, 0.0 ] ], [ [ 73.1472249, 28.1683552, 0.0 ], [ 73.1472481, 28.1683555, 0.0 ], [ 73.1472428, 28.1686588, 0.0 ], [ 73.1472197, 28.1686585, 0.0 ], [ 73.1472249, 28.1683552, 0.0 ] ], [ [ 73.1471743, 28.1680428, 0.0 ], [ 73.1471974, 28.1680431, 0.0 ], [ 73.1471922, 28.1683464, 0.0 ], [ 73.1471691, 28.168346, 0.0 ], [ 73.1471743, 28.1680428, 0.0 ] ], [ [ 73.1471183, 28.168042, 0.0 ], [ 73.1471414, 28.1680423, 0.0 ], [ 73.1471362, 28.1683456, 0.0 ], [ 73.1471131, 28.1683453, 0.0 ], [ 73.1471183, 28.168042, 0.0 ] ], [ [ 73.1471689, 28.1683545, 0.0 ], [ 73.1471921, 28.1683548, 0.0 ], [ 73.1471868, 28.168658, 0.0 ], [ 73.1471637, 28.1686577, 0.0 ], [ 73.1471689, 28.1683545, 0.0 ] ], [ [ 73.1471129, 28.1683537, 0.0 ], [ 73.1471361, 28.168354, 0.0 ], [ 73.1471308, 28.1686573, 0.0 ], [ 73.1471077, 28.168657, 0.0 ], [ 73.1471129, 28.1683537, 0.0 ] ], [ [ 73.1470623, 28.1680413, 0.0 ], [ 73.1470854, 28.1680416, 0.0 ], [ 73.1470802, 28.1683448, 0.0 ], [ 73.1470571, 28.1683445, 0.0 ], [ 73.1470623, 28.1680413, 0.0 ] ], [ [ 73.1470063, 28.1680405, 0.0 ], [ 73.1470294, 28.1680408, 0.0 ], [ 73.1470242, 28.1683441, 0.0 ], [ 73.1470011, 28.1683438, 0.0 ], [ 73.1470063, 28.1680405, 0.0 ] ], [ [ 73.1470569, 28.1683529, 0.0 ], [ 73.1470801, 28.1683533, 0.0 ], [ 73.1470748, 28.1686565, 0.0 ], [ 73.1470517, 28.1686562, 0.0 ], [ 73.1470569, 28.1683529, 0.0 ] ], [ [ 73.1470009, 28.1683522, 0.0 ], [ 73.1470241, 28.1683525, 0.0 ], [ 73.1470188, 28.1686558, 0.0 ], [ 73.1469957, 28.1686555, 0.0 ], [ 73.1470009, 28.1683522, 0.0 ] ], [ [ 73.1469503, 28.1680397, 0.0 ], [ 73.1469734, 28.1680401, 0.0 ], [ 73.1469682, 28.1683433, 0.0 ], [ 73.1469451, 28.168343, 0.0 ], [ 73.1469503, 28.1680397, 0.0 ] ], [ [ 73.1468943, 28.168039, 0.0 ], [ 73.1469175, 28.1680393, 0.0 ], [ 73.1469122, 28.1683426, 0.0 ], [ 73.1468891, 28.1683423, 0.0 ], [ 73.1468943, 28.168039, 0.0 ] ], [ [ 73.1469449, 28.1683514, 0.0 ], [ 73.1469681, 28.1683517, 0.0 ], [ 73.1469629, 28.168655, 0.0 ], [ 73.1469397, 28.1686547, 0.0 ], [ 73.1469449, 28.1683514, 0.0 ] ], [ [ 73.1468889, 28.1683507, 0.0 ], [ 73.1469121, 28.168351, 0.0 ], [ 73.1469069, 28.1686543, 0.0 ], [ 73.1468837, 28.1686539, 0.0 ], [ 73.1468889, 28.1683507, 0.0 ] ], [ [ 73.1468383, 28.1680382, 0.0 ], [ 73.1468615, 28.1680385, 0.0 ], [ 73.1468562, 28.1683418, 0.0 ], [ 73.1468331, 28.1683415, 0.0 ], [ 73.1468383, 28.1680382, 0.0 ] ], [ [ 73.1467823, 28.1680375, 0.0 ], [ 73.1468055, 28.1680378, 0.0 ], [ 73.1468002, 28.1683411, 0.0 ], [ 73.1467771, 28.1683407, 0.0 ], [ 73.1467823, 28.1680375, 0.0 ] ], [ [ 73.146833, 28.1683499, 0.0 ], [ 73.1468561, 28.1683502, 0.0 ], [ 73.1468509, 28.1686535, 0.0 ], [ 73.1468277, 28.1686532, 0.0 ], [ 73.146833, 28.1683499, 0.0 ] ], [ [ 73.146777, 28.1683492, 0.0 ], [ 73.1468001, 28.1683495, 0.0 ], [ 73.1467949, 28.1686527, 0.0 ], [ 73.1467717, 28.1686524, 0.0 ], [ 73.146777, 28.1683492, 0.0 ] ], [ [ 73.1467263, 28.1680367, 0.0 ], [ 73.1467495, 28.168037, 0.0 ], [ 73.1467442, 28.1683403, 0.0 ], [ 73.1467211, 28.16834, 0.0 ], [ 73.1467263, 28.1680367, 0.0 ] ], [ [ 73.1466703, 28.168036, 0.0 ], [ 73.1466935, 28.1680363, 0.0 ], [ 73.1466882, 28.1683395, 0.0 ], [ 73.1466651, 28.1683392, 0.0 ], [ 73.1466703, 28.168036, 0.0 ] ], [ [ 73.146721, 28.1683484, 0.0 ], [ 73.1467441, 28.1683487, 0.0 ], [ 73.1467389, 28.168652, 0.0 ], [ 73.1467157, 28.1686517, 0.0 ], [ 73.146721, 28.1683484, 0.0 ] ], [ [ 73.146665, 28.1683476, 0.0 ], [ 73.1466881, 28.168348, 0.0 ], [ 73.1466829, 28.1686512, 0.0 ], [ 73.1466597, 28.1686509, 0.0 ], [ 73.146665, 28.1683476, 0.0 ] ], [ [ 73.1466143, 28.1680352, 0.0 ], [ 73.1466375, 28.1680355, 0.0 ], [ 73.1466322, 28.1683388, 0.0 ], [ 73.1466091, 28.1683385, 0.0 ], [ 73.1466143, 28.1680352, 0.0 ] ], [ [ 73.1465583, 28.1680344, 0.0 ], [ 73.1465815, 28.1680348, 0.0 ], [ 73.1465762, 28.168338, 0.0 ], [ 73.1465531, 28.1683377, 0.0 ], [ 73.1465583, 28.1680344, 0.0 ] ], [ [ 73.146609, 28.1683469, 0.0 ], [ 73.1466321, 28.1683472, 0.0 ], [ 73.1466269, 28.1686505, 0.0 ], [ 73.1466037, 28.1686502, 0.0 ], [ 73.146609, 28.1683469, 0.0 ] ], [ [ 73.146553, 28.1683461, 0.0 ], [ 73.1465761, 28.1683464, 0.0 ], [ 73.1465709, 28.1686497, 0.0 ], [ 73.1465477, 28.1686494, 0.0 ], [ 73.146553, 28.1683461, 0.0 ] ], [ [ 73.1465023, 28.1680337, 0.0 ], [ 73.1465255, 28.168034, 0.0 ], [ 73.1465203, 28.1683373, 0.0 ], [ 73.1464971, 28.168337, 0.0 ], [ 73.1465023, 28.1680337, 0.0 ] ], [ [ 73.1464464, 28.1680329, 0.0 ], [ 73.1464695, 28.1680332, 0.0 ], [ 73.1464643, 28.1683365, 0.0 ], [ 73.1464411, 28.1683362, 0.0 ], [ 73.1464464, 28.1680329, 0.0 ] ], [ [ 73.146497, 28.1683454, 0.0 ], [ 73.1465201, 28.1683457, 0.0 ], [ 73.1465149, 28.168649, 0.0 ], [ 73.1464917, 28.1686486, 0.0 ], [ 73.146497, 28.1683454, 0.0 ] ], [ [ 73.146441, 28.1683446, 0.0 ], [ 73.1464641, 28.1683449, 0.0 ], [ 73.1464589, 28.1686482, 0.0 ], [ 73.1464358, 28.1686479, 0.0 ], [ 73.146441, 28.1683446, 0.0 ] ], [ [ 73.1463904, 28.1680322, 0.0 ], [ 73.1464135, 28.1680325, 0.0 ], [ 73.1464083, 28.1683357, 0.0 ], [ 73.1463851, 28.1683354, 0.0 ], [ 73.1463904, 28.1680322, 0.0 ] ], [ [ 73.1463344, 28.1680314, 0.0 ], [ 73.1463575, 28.1680317, 0.0 ], [ 73.1463523, 28.168335, 0.0 ], [ 73.1463291, 28.1683347, 0.0 ], [ 73.1463344, 28.1680314, 0.0 ] ], [ [ 73.146385, 28.1683439, 0.0 ], [ 73.1464081, 28.1683442, 0.0 ], [ 73.1464029, 28.1686474, 0.0 ], [ 73.1463798, 28.1686471, 0.0 ], [ 73.146385, 28.1683439, 0.0 ] ], [ [ 73.146329, 28.1683431, 0.0 ], [ 73.1463521, 28.1683434, 0.0 ], [ 73.1463469, 28.1686467, 0.0 ], [ 73.1463238, 28.1686464, 0.0 ], [ 73.146329, 28.1683431, 0.0 ] ], [ [ 73.1462784, 28.1680307, 0.0 ], [ 73.1463015, 28.168031, 0.0 ], [ 73.1462963, 28.1683342, 0.0 ], [ 73.1462731, 28.1683339, 0.0 ], [ 73.1462784, 28.1680307, 0.0 ] ], [ [ 73.1462224, 28.1680299, 0.0 ], [ 73.1462455, 28.1680302, 0.0 ], [ 73.1462403, 28.1683335, 0.0 ], [ 73.1462171, 28.1683332, 0.0 ], [ 73.1462224, 28.1680299, 0.0 ] ], [ [ 73.146273, 28.1683423, 0.0 ], [ 73.1462961, 28.1683427, 0.0 ], [ 73.1462909, 28.1686459, 0.0 ], [ 73.1462678, 28.1686456, 0.0 ], [ 73.146273, 28.1683423, 0.0 ] ], [ [ 73.146217, 28.1683416, 0.0 ], [ 73.1462401, 28.1683419, 0.0 ], [ 73.1462349, 28.1686452, 0.0 ], [ 73.1462118, 28.1686448, 0.0 ], [ 73.146217, 28.1683416, 0.0 ] ], [ [ 73.1461664, 28.1680291, 0.0 ], [ 73.1461895, 28.1680294, 0.0 ], [ 73.1461843, 28.1683327, 0.0 ], [ 73.1461611, 28.1683324, 0.0 ], [ 73.1461664, 28.1680291, 0.0 ] ], [ [ 73.1461104, 28.1680284, 0.0 ], [ 73.1461335, 28.1680287, 0.0 ], [ 73.1461283, 28.168332, 0.0 ], [ 73.1461051, 28.1683316, 0.0 ], [ 73.1461104, 28.1680284, 0.0 ] ], [ [ 73.146161, 28.1683408, 0.0 ], [ 73.1461841, 28.1683411, 0.0 ], [ 73.1461789, 28.1686444, 0.0 ], [ 73.1461558, 28.1686441, 0.0 ], [ 73.146161, 28.1683408, 0.0 ] ], [ [ 73.146105, 28.1683401, 0.0 ], [ 73.1461281, 28.1683404, 0.0 ], [ 73.1461229, 28.1686436, 0.0 ], [ 73.1460998, 28.1686433, 0.0 ], [ 73.146105, 28.1683401, 0.0 ] ], [ [ 73.1460544, 28.1680276, 0.0 ], [ 73.1460775, 28.1680279, 0.0 ], [ 73.1460723, 28.1683312, 0.0 ], [ 73.1460492, 28.1683309, 0.0 ], [ 73.1460544, 28.1680276, 0.0 ] ], [ [ 73.1459984, 28.1680269, 0.0 ], [ 73.1460215, 28.1680272, 0.0 ], [ 73.1460163, 28.1683304, 0.0 ], [ 73.1459932, 28.1683301, 0.0 ], [ 73.1459984, 28.1680269, 0.0 ] ], [ [ 73.146049, 28.1683393, 0.0 ], [ 73.1460721, 28.1683396, 0.0 ], [ 73.1460669, 28.1686429, 0.0 ], [ 73.1460438, 28.1686426, 0.0 ], [ 73.146049, 28.1683393, 0.0 ] ], [ [ 73.145993, 28.1683385, 0.0 ], [ 73.1460161, 28.1683389, 0.0 ], [ 73.1460109, 28.1686421, 0.0 ], [ 73.1459878, 28.1686418, 0.0 ], [ 73.145993, 28.1683385, 0.0 ] ], [ [ 73.1459424, 28.1680261, 0.0 ], [ 73.1459655, 28.1680264, 0.0 ], [ 73.1459603, 28.1683297, 0.0 ], [ 73.1459372, 28.1683294, 0.0 ], [ 73.1459424, 28.1680261, 0.0 ] ], [ [ 73.1458864, 28.1680253, 0.0 ], [ 73.1459095, 28.1680257, 0.0 ], [ 73.1459043, 28.1683289, 0.0 ], [ 73.1458812, 28.1683286, 0.0 ], [ 73.1458864, 28.1680253, 0.0 ] ], [ [ 73.145937, 28.1683378, 0.0 ], [ 73.1459601, 28.1683381, 0.0 ], [ 73.1459549, 28.1686414, 0.0 ], [ 73.1459318, 28.1686411, 0.0 ], [ 73.145937, 28.1683378, 0.0 ] ], [ [ 73.145881, 28.168337, 0.0 ], [ 73.1459041, 28.1683373, 0.0 ], [ 73.1458989, 28.1686406, 0.0 ], [ 73.1458758, 28.1686403, 0.0 ], [ 73.145881, 28.168337, 0.0 ] ], [ [ 73.1458304, 28.1680246, 0.0 ], [ 73.1458535, 28.1680249, 0.0 ], [ 73.1458483, 28.1683282, 0.0 ], [ 73.1458252, 28.1683279, 0.0 ], [ 73.1458304, 28.1680246, 0.0 ] ], [ [ 73.1457744, 28.1680238, 0.0 ], [ 73.1457975, 28.1680241, 0.0 ], [ 73.1457923, 28.1683274, 0.0 ], [ 73.1457692, 28.1683271, 0.0 ], [ 73.1457744, 28.1680238, 0.0 ] ], [ [ 73.145825, 28.1683363, 0.0 ], [ 73.1458482, 28.1683366, 0.0 ], [ 73.1458429, 28.1686399, 0.0 ], [ 73.1458198, 28.1686395, 0.0 ], [ 73.145825, 28.1683363, 0.0 ] ], [ [ 73.145769, 28.1683355, 0.0 ], [ 73.1457922, 28.1683358, 0.0 ], [ 73.1457869, 28.1686391, 0.0 ], [ 73.1457638, 28.1686388, 0.0 ], [ 73.145769, 28.1683355, 0.0 ] ], [ [ 73.1457184, 28.1680231, 0.0 ], [ 73.1457415, 28.1680234, 0.0 ], [ 73.1457363, 28.1683266, 0.0 ], [ 73.1457132, 28.1683263, 0.0 ], [ 73.1457184, 28.1680231, 0.0 ] ], [ [ 73.1456624, 28.1680223, 0.0 ], [ 73.1456855, 28.1680226, 0.0 ], [ 73.1456803, 28.1683259, 0.0 ], [ 73.1456572, 28.1683256, 0.0 ], [ 73.1456624, 28.1680223, 0.0 ] ], [ [ 73.145713, 28.1683348, 0.0 ], [ 73.1457362, 28.1683351, 0.0 ], [ 73.1457309, 28.1686383, 0.0 ], [ 73.1457078, 28.168638, 0.0 ], [ 73.145713, 28.1683348, 0.0 ] ], [ [ 73.145657, 28.168334, 0.0 ], [ 73.1456802, 28.1683343, 0.0 ], [ 73.1456749, 28.1686376, 0.0 ], [ 73.1456518, 28.1686373, 0.0 ], [ 73.145657, 28.168334, 0.0 ] ], [ [ 73.1456064, 28.1680216, 0.0 ], [ 73.1456295, 28.1680219, 0.0 ], [ 73.1456243, 28.1683251, 0.0 ], [ 73.1456012, 28.1683248, 0.0 ], [ 73.1456064, 28.1680216, 0.0 ] ], [ [ 73.1455504, 28.1680208, 0.0 ], [ 73.1455735, 28.1680211, 0.0 ], [ 73.1455683, 28.1683244, 0.0 ], [ 73.1455452, 28.1683241, 0.0 ], [ 73.1455504, 28.1680208, 0.0 ] ], [ [ 73.145601, 28.1683332, 0.0 ], [ 73.1456242, 28.1683336, 0.0 ], [ 73.1456189, 28.1686368, 0.0 ], [ 73.1455958, 28.1686365, 0.0 ], [ 73.145601, 28.1683332, 0.0 ] ], [ [ 73.145545, 28.1683325, 0.0 ], [ 73.1455682, 28.1683328, 0.0 ], [ 73.1455629, 28.1686361, 0.0 ], [ 73.1455398, 28.1686357, 0.0 ], [ 73.145545, 28.1683325, 0.0 ] ], [ [ 73.1454944, 28.16802, 0.0 ], [ 73.1455176, 28.1680203, 0.0 ], [ 73.1455123, 28.1683236, 0.0 ], [ 73.1454892, 28.1683233, 0.0 ], [ 73.1454944, 28.16802, 0.0 ] ], [ [ 73.1454384, 28.1680193, 0.0 ], [ 73.1454616, 28.1680196, 0.0 ], [ 73.1454563, 28.1683229, 0.0 ], [ 73.1454332, 28.1683225, 0.0 ], [ 73.1454384, 28.1680193, 0.0 ] ], [ [ 73.145489, 28.1683317, 0.0 ], [ 73.1455122, 28.168332, 0.0 ], [ 73.1455069, 28.1686353, 0.0 ], [ 73.1454838, 28.168635, 0.0 ], [ 73.145489, 28.1683317, 0.0 ] ], [ [ 73.145433, 28.168331, 0.0 ], [ 73.1454562, 28.1683313, 0.0 ], [ 73.1454509, 28.1686345, 0.0 ], [ 73.1454278, 28.1686342, 0.0 ], [ 73.145433, 28.168331, 0.0 ] ], [ [ 73.1453824, 28.1680185, 0.0 ], [ 73.1454056, 28.1680188, 0.0 ], [ 73.1454003, 28.1683221, 0.0 ], [ 73.1453772, 28.1683218, 0.0 ], [ 73.1453824, 28.1680185, 0.0 ] ], [ [ 73.1453264, 28.1680178, 0.0 ], [ 73.1453496, 28.1680181, 0.0 ], [ 73.1453443, 28.1683213, 0.0 ], [ 73.1453212, 28.168321, 0.0 ], [ 73.1453264, 28.1680178, 0.0 ] ], [ [ 73.1453771, 28.1683302, 0.0 ], [ 73.1454002, 28.1683305, 0.0 ], [ 73.145395, 28.1686338, 0.0 ], [ 73.1453718, 28.1686335, 0.0 ], [ 73.1453771, 28.1683302, 0.0 ] ], [ [ 73.1453211, 28.1683294, 0.0 ], [ 73.1453442, 28.1683298, 0.0 ], [ 73.145339, 28.168633, 0.0 ], [ 73.1453158, 28.1686327, 0.0 ], [ 73.1453211, 28.1683294, 0.0 ] ], [ [ 73.1452704, 28.168017, 0.0 ], [ 73.1452936, 28.1680173, 0.0 ], [ 73.1452883, 28.1683206, 0.0 ], [ 73.1452652, 28.1683203, 0.0 ], [ 73.1452704, 28.168017, 0.0 ] ], [ [ 73.1452144, 28.1680162, 0.0 ], [ 73.1452376, 28.1680166, 0.0 ], [ 73.1452323, 28.1683198, 0.0 ], [ 73.1452092, 28.1683195, 0.0 ], [ 73.1452144, 28.1680162, 0.0 ] ], [ [ 73.1452651, 28.1683287, 0.0 ], [ 73.1452882, 28.168329, 0.0 ], [ 73.145283, 28.1686323, 0.0 ], [ 73.1452598, 28.168632, 0.0 ], [ 73.1452651, 28.1683287, 0.0 ] ], [ [ 73.1452091, 28.1683279, 0.0 ], [ 73.1452322, 28.1683282, 0.0 ], [ 73.145227, 28.1686315, 0.0 ], [ 73.1452038, 28.1686312, 0.0 ], [ 73.1452091, 28.1683279, 0.0 ] ], [ [ 73.1451584, 28.1680155, 0.0 ], [ 73.1451816, 28.1680158, 0.0 ], [ 73.1451763, 28.1683191, 0.0 ], [ 73.1451532, 28.1683188, 0.0 ], [ 73.1451584, 28.1680155, 0.0 ] ], [ [ 73.1451024, 28.1680147, 0.0 ], [ 73.1451256, 28.168015, 0.0 ], [ 73.1451203, 28.1683183, 0.0 ], [ 73.1450972, 28.168318, 0.0 ], [ 73.1451024, 28.1680147, 0.0 ] ], [ [ 73.1451531, 28.1683272, 0.0 ], [ 73.1451762, 28.1683275, 0.0 ], [ 73.145171, 28.1686308, 0.0 ], [ 73.1451478, 28.1686304, 0.0 ], [ 73.1451531, 28.1683272, 0.0 ] ], [ [ 73.1450971, 28.1683264, 0.0 ], [ 73.1451202, 28.1683267, 0.0 ], [ 73.145115, 28.16863, 0.0 ], [ 73.1450918, 28.1686297, 0.0 ], [ 73.1450971, 28.1683264, 0.0 ] ], [ [ 73.1513287, 28.1674793, 0.0 ], [ 73.1513518, 28.1674796, 0.0 ], [ 73.1513466, 28.1677829, 0.0 ], [ 73.1513235, 28.1677826, 0.0 ], [ 73.1513287, 28.1674793, 0.0 ] ], [ [ 73.1512727, 28.1674786, 0.0 ], [ 73.1512958, 28.1674789, 0.0 ], [ 73.1512906, 28.1677822, 0.0 ], [ 73.1512675, 28.1677818, 0.0 ], [ 73.1512727, 28.1674786, 0.0 ] ], [ [ 73.1513233, 28.167791, 0.0 ], [ 73.1513464, 28.1677913, 0.0 ], [ 73.1513412, 28.1680946, 0.0 ], [ 73.1513181, 28.1680943, 0.0 ], [ 73.1513233, 28.167791, 0.0 ] ], [ [ 73.1512673, 28.1677903, 0.0 ], [ 73.1512904, 28.1677906, 0.0 ], [ 73.1512852, 28.1680938, 0.0 ], [ 73.1512621, 28.1680935, 0.0 ], [ 73.1512673, 28.1677903, 0.0 ] ], [ [ 73.1512167, 28.1674778, 0.0 ], [ 73.1512398, 28.1674781, 0.0 ], [ 73.1512346, 28.1677814, 0.0 ], [ 73.1512115, 28.1677811, 0.0 ], [ 73.1512167, 28.1674778, 0.0 ] ], [ [ 73.1511607, 28.1674771, 0.0 ], [ 73.1511838, 28.1674774, 0.0 ], [ 73.1511786, 28.1677806, 0.0 ], [ 73.1511555, 28.1677803, 0.0 ], [ 73.1511607, 28.1674771, 0.0 ] ], [ [ 73.1512113, 28.1677895, 0.0 ], [ 73.1512344, 28.1677898, 0.0 ], [ 73.1512292, 28.1680931, 0.0 ], [ 73.1512061, 28.1680928, 0.0 ], [ 73.1512113, 28.1677895, 0.0 ] ], [ [ 73.1511553, 28.1677887, 0.0 ], [ 73.1511785, 28.1677891, 0.0 ], [ 73.1511732, 28.1680923, 0.0 ], [ 73.1511501, 28.168092, 0.0 ], [ 73.1511553, 28.1677887, 0.0 ] ], [ [ 73.1511047, 28.1674763, 0.0 ], [ 73.1511278, 28.1674766, 0.0 ], [ 73.1511226, 28.1677799, 0.0 ], [ 73.1510995, 28.1677796, 0.0 ], [ 73.1511047, 28.1674763, 0.0 ] ], [ [ 73.1510487, 28.1674755, 0.0 ], [ 73.1510718, 28.1674759, 0.0 ], [ 73.1510666, 28.1677791, 0.0 ], [ 73.1510435, 28.1677788, 0.0 ], [ 73.1510487, 28.1674755, 0.0 ] ], [ [ 73.1510993, 28.167788, 0.0 ], [ 73.1511225, 28.1677883, 0.0 ], [ 73.1511172, 28.1680916, 0.0 ], [ 73.1510941, 28.1680913, 0.0 ], [ 73.1510993, 28.167788, 0.0 ] ], [ [ 73.1510433, 28.1677872, 0.0 ], [ 73.1510665, 28.1677875, 0.0 ], [ 73.1510612, 28.1680908, 0.0 ], [ 73.1510381, 28.1680905, 0.0 ], [ 73.1510433, 28.1677872, 0.0 ] ], [ [ 73.1509927, 28.1674748, 0.0 ], [ 73.1510158, 28.1674751, 0.0 ], [ 73.1510106, 28.1677784, 0.0 ], [ 73.1509875, 28.1677781, 0.0 ], [ 73.1509927, 28.1674748, 0.0 ] ], [ [ 73.1509367, 28.167474, 0.0 ], [ 73.1509598, 28.1674743, 0.0 ], [ 73.1509546, 28.1677776, 0.0 ], [ 73.1509315, 28.1677773, 0.0 ], [ 73.1509367, 28.167474, 0.0 ] ], [ [ 73.1509873, 28.1677865, 0.0 ], [ 73.1510105, 28.1677868, 0.0 ], [ 73.1510053, 28.1680901, 0.0 ], [ 73.1509821, 28.1680897, 0.0 ], [ 73.1509873, 28.1677865, 0.0 ] ], [ [ 73.1509313, 28.1677857, 0.0 ], [ 73.1509545, 28.167786, 0.0 ], [ 73.1509493, 28.1680893, 0.0 ], [ 73.1509261, 28.168089, 0.0 ], [ 73.1509313, 28.1677857, 0.0 ] ], [ [ 73.1508807, 28.1674733, 0.0 ], [ 73.1509038, 28.1674736, 0.0 ], [ 73.1508986, 28.1677769, 0.0 ], [ 73.1508755, 28.1677765, 0.0 ], [ 73.1508807, 28.1674733, 0.0 ] ], [ [ 73.1508247, 28.1674725, 0.0 ], [ 73.1508478, 28.1674728, 0.0 ], [ 73.1508426, 28.1677761, 0.0 ], [ 73.1508195, 28.1677758, 0.0 ], [ 73.1508247, 28.1674725, 0.0 ] ], [ [ 73.1508753, 28.167785, 0.0 ], [ 73.1508985, 28.1677853, 0.0 ], [ 73.1508933, 28.1680885, 0.0 ], [ 73.1508701, 28.1680882, 0.0 ], [ 73.1508753, 28.167785, 0.0 ] ], [ [ 73.1508193, 28.1677842, 0.0 ], [ 73.1508425, 28.1677845, 0.0 ], [ 73.1508373, 28.1680878, 0.0 ], [ 73.1508141, 28.1680875, 0.0 ], [ 73.1508193, 28.1677842, 0.0 ] ], [ [ 73.1507687, 28.1674718, 0.0 ], [ 73.1507918, 28.1674721, 0.0 ], [ 73.1507866, 28.1677753, 0.0 ], [ 73.1507635, 28.167775, 0.0 ], [ 73.1507687, 28.1674718, 0.0 ] ], [ [ 73.1507127, 28.167471, 0.0 ], [ 73.1507358, 28.1674713, 0.0 ], [ 73.1507306, 28.1677746, 0.0 ], [ 73.1507075, 28.1677743, 0.0 ], [ 73.1507127, 28.167471, 0.0 ] ], [ [ 73.1507633, 28.1677835, 0.0 ], [ 73.1507865, 28.1677838, 0.0 ], [ 73.1507813, 28.168087, 0.0 ], [ 73.1507581, 28.1680867, 0.0 ], [ 73.1507633, 28.1677835, 0.0 ] ], [ [ 73.1507074, 28.1677827, 0.0 ], [ 73.1507305, 28.167783, 0.0 ], [ 73.1507253, 28.1680863, 0.0 ], [ 73.1507021, 28.168086, 0.0 ], [ 73.1507074, 28.1677827, 0.0 ] ], [ [ 73.1506567, 28.1674703, 0.0 ], [ 73.1506798, 28.1674706, 0.0 ], [ 73.1506746, 28.1677738, 0.0 ], [ 73.1506515, 28.1677735, 0.0 ], [ 73.1506567, 28.1674703, 0.0 ] ], [ [ 73.1506007, 28.1674695, 0.0 ], [ 73.1506239, 28.1674698, 0.0 ], [ 73.1506186, 28.1677731, 0.0 ], [ 73.1505955, 28.1677728, 0.0 ], [ 73.1506007, 28.1674695, 0.0 ] ], [ [ 73.1506514, 28.1677819, 0.0 ], [ 73.1506745, 28.1677823, 0.0 ], [ 73.1506693, 28.1680855, 0.0 ], [ 73.1506461, 28.1680852, 0.0 ], [ 73.1506514, 28.1677819, 0.0 ] ], [ [ 73.1505954, 28.1677812, 0.0 ], [ 73.1506185, 28.1677815, 0.0 ], [ 73.1506133, 28.1680848, 0.0 ], [ 73.1505901, 28.1680844, 0.0 ], [ 73.1505954, 28.1677812, 0.0 ] ], [ [ 73.1505447, 28.1674687, 0.0 ], [ 73.1505679, 28.1674691, 0.0 ], [ 73.1505626, 28.1677723, 0.0 ], [ 73.1505395, 28.167772, 0.0 ], [ 73.1505447, 28.1674687, 0.0 ] ], [ [ 73.1504887, 28.167468, 0.0 ], [ 73.1505119, 28.1674683, 0.0 ], [ 73.1505066, 28.1677716, 0.0 ], [ 73.1504835, 28.1677713, 0.0 ], [ 73.1504887, 28.167468, 0.0 ] ], [ [ 73.1505394, 28.1677804, 0.0 ], [ 73.1505625, 28.1677807, 0.0 ], [ 73.1505573, 28.168084, 0.0 ], [ 73.1505341, 28.1680837, 0.0 ], [ 73.1505394, 28.1677804, 0.0 ] ], [ [ 73.1504834, 28.1677797, 0.0 ], [ 73.1505065, 28.16778, 0.0 ], [ 73.1505013, 28.1680832, 0.0 ], [ 73.1504782, 28.1680829, 0.0 ], [ 73.1504834, 28.1677797, 0.0 ] ], [ [ 73.1504327, 28.1674672, 0.0 ], [ 73.1504559, 28.1674675, 0.0 ], [ 73.1504506, 28.1677708, 0.0 ], [ 73.1504275, 28.1677705, 0.0 ], [ 73.1504327, 28.1674672, 0.0 ] ], [ [ 73.1503767, 28.1674665, 0.0 ], [ 73.1503999, 28.1674668, 0.0 ], [ 73.1503947, 28.1677701, 0.0 ], [ 73.1503715, 28.1677697, 0.0 ], [ 73.1503767, 28.1674665, 0.0 ] ], [ [ 73.1504274, 28.1677789, 0.0 ], [ 73.1504505, 28.1677792, 0.0 ], [ 73.1504453, 28.1680825, 0.0 ], [ 73.1504222, 28.1680822, 0.0 ], [ 73.1504274, 28.1677789, 0.0 ] ], [ [ 73.1503714, 28.1677782, 0.0 ], [ 73.1503945, 28.1677785, 0.0 ], [ 73.1503893, 28.1680817, 0.0 ], [ 73.1503662, 28.1680814, 0.0 ], [ 73.1503714, 28.1677782, 0.0 ] ], [ [ 73.1503207, 28.1674657, 0.0 ], [ 73.1503439, 28.167466, 0.0 ], [ 73.1503387, 28.1677693, 0.0 ], [ 73.1503155, 28.167769, 0.0 ], [ 73.1503207, 28.1674657, 0.0 ] ], [ [ 73.1502647, 28.167465, 0.0 ], [ 73.1502879, 28.1674653, 0.0 ], [ 73.1502827, 28.1677685, 0.0 ], [ 73.1502595, 28.1677682, 0.0 ], [ 73.1502647, 28.167465, 0.0 ] ], [ [ 73.1503154, 28.1677774, 0.0 ], [ 73.1503385, 28.1677777, 0.0 ], [ 73.1503333, 28.168081, 0.0 ], [ 73.1503102, 28.1680807, 0.0 ], [ 73.1503154, 28.1677774, 0.0 ] ], [ [ 73.1502594, 28.1677766, 0.0 ], [ 73.1502825, 28.167777, 0.0 ], [ 73.1502773, 28.1680802, 0.0 ], [ 73.1502542, 28.1680799, 0.0 ], [ 73.1502594, 28.1677766, 0.0 ] ], [ [ 73.1502088, 28.1674642, 0.0 ], [ 73.1502319, 28.1674645, 0.0 ], [ 73.1502267, 28.1677678, 0.0 ], [ 73.1502035, 28.1677675, 0.0 ], [ 73.1502088, 28.1674642, 0.0 ] ], [ [ 73.1501528, 28.1674634, 0.0 ], [ 73.1501759, 28.1674638, 0.0 ], [ 73.1501707, 28.167767, 0.0 ], [ 73.1501475, 28.1677667, 0.0 ], [ 73.1501528, 28.1674634, 0.0 ] ], [ [ 73.1502034, 28.1677759, 0.0 ], [ 73.1502265, 28.1677762, 0.0 ], [ 73.1502213, 28.1680795, 0.0 ], [ 73.1501982, 28.1680792, 0.0 ], [ 73.1502034, 28.1677759, 0.0 ] ], [ [ 73.1501474, 28.1677751, 0.0 ], [ 73.1501705, 28.1677754, 0.0 ], [ 73.1501653, 28.1680787, 0.0 ], [ 73.1501422, 28.1680784, 0.0 ], [ 73.1501474, 28.1677751, 0.0 ] ], [ [ 73.1500968, 28.1674627, 0.0 ], [ 73.1501199, 28.167463, 0.0 ], [ 73.1501147, 28.1677663, 0.0 ], [ 73.1500915, 28.167766, 0.0 ], [ 73.1500968, 28.1674627, 0.0 ] ], [ [ 73.1500408, 28.1674619, 0.0 ], [ 73.1500639, 28.1674622, 0.0 ], [ 73.1500587, 28.1677655, 0.0 ], [ 73.1500355, 28.1677652, 0.0 ], [ 73.1500408, 28.1674619, 0.0 ] ], [ [ 73.1500914, 28.1677744, 0.0 ], [ 73.1501145, 28.1677747, 0.0 ], [ 73.1501093, 28.168078, 0.0 ], [ 73.1500862, 28.1680776, 0.0 ], [ 73.1500914, 28.1677744, 0.0 ] ], [ [ 73.1500354, 28.1677736, 0.0 ], [ 73.1500585, 28.1677739, 0.0 ], [ 73.1500533, 28.1680772, 0.0 ], [ 73.1500302, 28.1680769, 0.0 ], [ 73.1500354, 28.1677736, 0.0 ] ], [ [ 73.1499848, 28.1674612, 0.0 ], [ 73.1500079, 28.1674615, 0.0 ], [ 73.1500027, 28.1677648, 0.0 ], [ 73.1499795, 28.1677644, 0.0 ], [ 73.1499848, 28.1674612, 0.0 ] ], [ [ 73.1499288, 28.1674604, 0.0 ], [ 73.1499519, 28.1674607, 0.0 ], [ 73.1499467, 28.167764, 0.0 ], [ 73.1499236, 28.1677637, 0.0 ], [ 73.1499288, 28.1674604, 0.0 ] ], [ [ 73.1499794, 28.1677729, 0.0 ], [ 73.1500025, 28.1677732, 0.0 ], [ 73.1499973, 28.1680764, 0.0 ], [ 73.1499742, 28.1680761, 0.0 ], [ 73.1499794, 28.1677729, 0.0 ] ], [ [ 73.1499234, 28.1677721, 0.0 ], [ 73.1499465, 28.1677724, 0.0 ], [ 73.1499413, 28.1680757, 0.0 ], [ 73.1499182, 28.1680754, 0.0 ], [ 73.1499234, 28.1677721, 0.0 ] ], [ [ 73.1498728, 28.1674597, 0.0 ], [ 73.1498959, 28.16746, 0.0 ], [ 73.1498907, 28.1677632, 0.0 ], [ 73.1498676, 28.1677629, 0.0 ], [ 73.1498728, 28.1674597, 0.0 ] ], [ [ 73.1498168, 28.1674589, 0.0 ], [ 73.1498399, 28.1674592, 0.0 ], [ 73.1498347, 28.1677625, 0.0 ], [ 73.1498116, 28.1677622, 0.0 ], [ 73.1498168, 28.1674589, 0.0 ] ], [ [ 73.1498674, 28.1677713, 0.0 ], [ 73.1498905, 28.1677717, 0.0 ], [ 73.1498853, 28.1680749, 0.0 ], [ 73.1498622, 28.1680746, 0.0 ], [ 73.1498674, 28.1677713, 0.0 ] ], [ [ 73.1498114, 28.1677706, 0.0 ], [ 73.1498345, 28.1677709, 0.0 ], [ 73.1498293, 28.1680742, 0.0 ], [ 73.1498062, 28.1680739, 0.0 ], [ 73.1498114, 28.1677706, 0.0 ] ], [ [ 73.1497608, 28.1674581, 0.0 ], [ 73.1497839, 28.1674585, 0.0 ], [ 73.1497787, 28.1677617, 0.0 ], [ 73.1497556, 28.1677614, 0.0 ], [ 73.1497608, 28.1674581, 0.0 ] ], [ [ 73.1497048, 28.1674574, 0.0 ], [ 73.1497279, 28.1674577, 0.0 ], [ 73.1497227, 28.167761, 0.0 ], [ 73.1496996, 28.1677607, 0.0 ], [ 73.1497048, 28.1674574, 0.0 ] ], [ [ 73.1497554, 28.1677698, 0.0 ], [ 73.1497786, 28.1677701, 0.0 ], [ 73.1497733, 28.1680734, 0.0 ], [ 73.1497502, 28.1680731, 0.0 ], [ 73.1497554, 28.1677698, 0.0 ] ], [ [ 73.1496994, 28.1677691, 0.0 ], [ 73.1497226, 28.1677694, 0.0 ], [ 73.1497173, 28.1680727, 0.0 ], [ 73.1496942, 28.1680723, 0.0 ], [ 73.1496994, 28.1677691, 0.0 ] ], [ [ 73.1496488, 28.1674566, 0.0 ], [ 73.1496719, 28.1674569, 0.0 ], [ 73.1496667, 28.1677602, 0.0 ], [ 73.1496436, 28.1677599, 0.0 ], [ 73.1496488, 28.1674566, 0.0 ] ], [ [ 73.1495928, 28.1674559, 0.0 ], [ 73.1496159, 28.1674562, 0.0 ], [ 73.1496107, 28.1677595, 0.0 ], [ 73.1495876, 28.1677591, 0.0 ], [ 73.1495928, 28.1674559, 0.0 ] ], [ [ 73.1496434, 28.1677683, 0.0 ], [ 73.1496666, 28.1677686, 0.0 ], [ 73.1496613, 28.1680719, 0.0 ], [ 73.1496382, 28.1680716, 0.0 ], [ 73.1496434, 28.1677683, 0.0 ] ], [ [ 73.1495874, 28.1677676, 0.0 ], [ 73.1496106, 28.1677679, 0.0 ], [ 73.1496053, 28.1680711, 0.0 ], [ 73.1495822, 28.1680708, 0.0 ], [ 73.1495874, 28.1677676, 0.0 ] ], [ [ 73.1495368, 28.1674551, 0.0 ], [ 73.1495599, 28.1674554, 0.0 ], [ 73.1495547, 28.1677587, 0.0 ], [ 73.1495316, 28.1677584, 0.0 ], [ 73.1495368, 28.1674551, 0.0 ] ], [ [ 73.1494808, 28.1674544, 0.0 ], [ 73.1495039, 28.1674547, 0.0 ], [ 73.1494987, 28.1677579, 0.0 ], [ 73.1494756, 28.1677576, 0.0 ], [ 73.1494808, 28.1674544, 0.0 ] ], [ [ 73.1495314, 28.1677668, 0.0 ], [ 73.1495546, 28.1677671, 0.0 ], [ 73.1495493, 28.1680704, 0.0 ], [ 73.1495262, 28.1680701, 0.0 ], [ 73.1495314, 28.1677668, 0.0 ] ], [ [ 73.1494754, 28.167766, 0.0 ], [ 73.1494986, 28.1677664, 0.0 ], [ 73.1494934, 28.1680696, 0.0 ], [ 73.1494702, 28.1680693, 0.0 ], [ 73.1494754, 28.167766, 0.0 ] ], [ [ 73.1494248, 28.1674536, 0.0 ], [ 73.1494479, 28.1674539, 0.0 ], [ 73.1494427, 28.1677572, 0.0 ], [ 73.1494196, 28.1677569, 0.0 ], [ 73.1494248, 28.1674536, 0.0 ] ], [ [ 73.1493688, 28.1674528, 0.0 ], [ 73.1493919, 28.1674532, 0.0 ], [ 73.1493867, 28.1677564, 0.0 ], [ 73.1493636, 28.1677561, 0.0 ], [ 73.1493688, 28.1674528, 0.0 ] ], [ [ 73.1494194, 28.1677653, 0.0 ], [ 73.1494426, 28.1677656, 0.0 ], [ 73.1494374, 28.1680689, 0.0 ], [ 73.1494142, 28.1680686, 0.0 ], [ 73.1494194, 28.1677653, 0.0 ] ], [ [ 73.1493634, 28.1677645, 0.0 ], [ 73.1493866, 28.1677648, 0.0 ], [ 73.1493814, 28.1680681, 0.0 ], [ 73.1493582, 28.1680678, 0.0 ], [ 73.1493634, 28.1677645, 0.0 ] ], [ [ 73.1493128, 28.1674521, 0.0 ], [ 73.1493359, 28.1674524, 0.0 ], [ 73.1493307, 28.1677557, 0.0 ], [ 73.1493076, 28.1677554, 0.0 ], [ 73.1493128, 28.1674521, 0.0 ] ], [ [ 73.1492568, 28.1674513, 0.0 ], [ 73.14928, 28.1674516, 0.0 ], [ 73.1492747, 28.1677549, 0.0 ], [ 73.1492516, 28.1677546, 0.0 ], [ 73.1492568, 28.1674513, 0.0 ] ], [ [ 73.1493075, 28.1677638, 0.0 ], [ 73.1493306, 28.1677641, 0.0 ], [ 73.1493254, 28.1680674, 0.0 ], [ 73.1493022, 28.168067, 0.0 ], [ 73.1493075, 28.1677638, 0.0 ] ], [ [ 73.1492515, 28.167763, 0.0 ], [ 73.1492746, 28.1677633, 0.0 ], [ 73.1492694, 28.1680666, 0.0 ], [ 73.1492462, 28.1680663, 0.0 ], [ 73.1492515, 28.167763, 0.0 ] ], [ [ 73.1492008, 28.1674506, 0.0 ], [ 73.149224, 28.1674509, 0.0 ], [ 73.1492187, 28.1677542, 0.0 ], [ 73.1491956, 28.1677538, 0.0 ], [ 73.1492008, 28.1674506, 0.0 ] ], [ [ 73.1491448, 28.1674498, 0.0 ], [ 73.149168, 28.1674501, 0.0 ], [ 73.1491627, 28.1677534, 0.0 ], [ 73.1491396, 28.1677531, 0.0 ], [ 73.1491448, 28.1674498, 0.0 ] ], [ [ 73.1491955, 28.1677623, 0.0 ], [ 73.1492186, 28.1677626, 0.0 ], [ 73.1492134, 28.1680658, 0.0 ], [ 73.1491902, 28.1680655, 0.0 ], [ 73.1491955, 28.1677623, 0.0 ] ], [ [ 73.1491395, 28.1677615, 0.0 ], [ 73.1491626, 28.1677618, 0.0 ], [ 73.1491574, 28.1680651, 0.0 ], [ 73.1491342, 28.1680648, 0.0 ], [ 73.1491395, 28.1677615, 0.0 ] ], [ [ 73.1490888, 28.1674491, 0.0 ], [ 73.149112, 28.1674494, 0.0 ], [ 73.1491067, 28.1677526, 0.0 ], [ 73.1490836, 28.1677523, 0.0 ], [ 73.1490888, 28.1674491, 0.0 ] ], [ [ 73.1490328, 28.1674483, 0.0 ], [ 73.149056, 28.1674486, 0.0 ], [ 73.1490507, 28.1677519, 0.0 ], [ 73.1490276, 28.1677516, 0.0 ], [ 73.1490328, 28.1674483, 0.0 ] ], [ [ 73.1490835, 28.1677608, 0.0 ], [ 73.1491066, 28.1677611, 0.0 ], [ 73.1491014, 28.1680643, 0.0 ], [ 73.1490782, 28.168064, 0.0 ], [ 73.1490835, 28.1677608, 0.0 ] ], [ [ 73.1490275, 28.16776, 0.0 ], [ 73.1490506, 28.1677603, 0.0 ], [ 73.1490454, 28.1680636, 0.0 ], [ 73.1490223, 28.1680633, 0.0 ], [ 73.1490275, 28.16776, 0.0 ] ], [ [ 73.1489768, 28.1674476, 0.0 ], [ 73.149, 28.1674479, 0.0 ], [ 73.1489948, 28.1677511, 0.0 ], [ 73.1489716, 28.1677508, 0.0 ], [ 73.1489768, 28.1674476, 0.0 ] ], [ [ 73.1489208, 28.1674468, 0.0 ], [ 73.148944, 28.1674471, 0.0 ], [ 73.1489388, 28.1677504, 0.0 ], [ 73.1489156, 28.1677501, 0.0 ], [ 73.1489208, 28.1674468, 0.0 ] ], [ [ 73.1489715, 28.1677592, 0.0 ], [ 73.1489946, 28.1677595, 0.0 ], [ 73.1489894, 28.1680628, 0.0 ], [ 73.1489663, 28.1680625, 0.0 ], [ 73.1489715, 28.1677592, 0.0 ] ], [ [ 73.1489155, 28.1677585, 0.0 ], [ 73.1489386, 28.1677588, 0.0 ], [ 73.1489334, 28.1680621, 0.0 ], [ 73.1489103, 28.1680617, 0.0 ], [ 73.1489155, 28.1677585, 0.0 ] ], [ [ 73.1488649, 28.167446, 0.0 ], [ 73.148888, 28.1674463, 0.0 ], [ 73.1488828, 28.1677496, 0.0 ], [ 73.1488596, 28.1677493, 0.0 ], [ 73.1488649, 28.167446, 0.0 ] ], [ [ 73.1488089, 28.1674453, 0.0 ], [ 73.148832, 28.1674456, 0.0 ], [ 73.1488268, 28.1677489, 0.0 ], [ 73.1488036, 28.1677485, 0.0 ], [ 73.1488089, 28.1674453, 0.0 ] ], [ [ 73.1488595, 28.1677577, 0.0 ], [ 73.1488826, 28.167758, 0.0 ], [ 73.1488774, 28.1680613, 0.0 ], [ 73.1488543, 28.168061, 0.0 ], [ 73.1488595, 28.1677577, 0.0 ] ], [ [ 73.1488035, 28.167757, 0.0 ], [ 73.1488266, 28.1677573, 0.0 ], [ 73.1488214, 28.1680605, 0.0 ], [ 73.1487983, 28.1680602, 0.0 ], [ 73.1488035, 28.167757, 0.0 ] ], [ [ 73.1487529, 28.1674445, 0.0 ], [ 73.148776, 28.1674448, 0.0 ], [ 73.1487708, 28.1677481, 0.0 ], [ 73.1487476, 28.1677478, 0.0 ], [ 73.1487529, 28.1674445, 0.0 ] ], [ [ 73.1486969, 28.1674438, 0.0 ], [ 73.14872, 28.1674441, 0.0 ], [ 73.1487148, 28.1677473, 0.0 ], [ 73.1486916, 28.167747, 0.0 ], [ 73.1486969, 28.1674438, 0.0 ] ], [ [ 73.1487475, 28.1677562, 0.0 ], [ 73.1487706, 28.1677565, 0.0 ], [ 73.1487654, 28.1680598, 0.0 ], [ 73.1487423, 28.1680595, 0.0 ], [ 73.1487475, 28.1677562, 0.0 ] ], [ [ 73.1486915, 28.1677555, 0.0 ], [ 73.1487146, 28.1677558, 0.0 ], [ 73.1487094, 28.168059, 0.0 ], [ 73.1486863, 28.1680587, 0.0 ], [ 73.1486915, 28.1677555, 0.0 ] ], [ [ 73.1484169, 28.16744, 0.0 ], [ 73.14844, 28.1674403, 0.0 ], [ 73.1484348, 28.1677436, 0.0 ], [ 73.1484117, 28.1677432, 0.0 ], [ 73.1484169, 28.16744, 0.0 ] ], [ [ 73.1483609, 28.1674392, 0.0 ], [ 73.148384, 28.1674395, 0.0 ], [ 73.1483788, 28.1677428, 0.0 ], [ 73.1483557, 28.1677425, 0.0 ], [ 73.1483609, 28.1674392, 0.0 ] ], [ [ 73.1484115, 28.1677517, 0.0 ], [ 73.1484346, 28.167752, 0.0 ], [ 73.1484294, 28.1680552, 0.0 ], [ 73.1484063, 28.1680549, 0.0 ], [ 73.1484115, 28.1677517, 0.0 ] ], [ [ 73.1483555, 28.1677509, 0.0 ], [ 73.1483787, 28.1677512, 0.0 ], [ 73.1483734, 28.1680545, 0.0 ], [ 73.1483503, 28.1680542, 0.0 ], [ 73.1483555, 28.1677509, 0.0 ] ], [ [ 73.1483049, 28.1674385, 0.0 ], [ 73.148328, 28.1674388, 0.0 ], [ 73.1483228, 28.167742, 0.0 ], [ 73.1482997, 28.1677417, 0.0 ], [ 73.1483049, 28.1674385, 0.0 ] ], [ [ 73.1482489, 28.1674377, 0.0 ], [ 73.148272, 28.167438, 0.0 ], [ 73.1482668, 28.1677413, 0.0 ], [ 73.1482437, 28.167741, 0.0 ], [ 73.1482489, 28.1674377, 0.0 ] ], [ [ 73.1482995, 28.1677502, 0.0 ], [ 73.1483227, 28.1677505, 0.0 ], [ 73.1483174, 28.1680537, 0.0 ], [ 73.1482943, 28.1680534, 0.0 ], [ 73.1482995, 28.1677502, 0.0 ] ], [ [ 73.1482435, 28.1677494, 0.0 ], [ 73.1482667, 28.1677497, 0.0 ], [ 73.1482614, 28.168053, 0.0 ], [ 73.1482383, 28.1680527, 0.0 ], [ 73.1482435, 28.1677494, 0.0 ] ], [ [ 73.1481929, 28.167437, 0.0 ], [ 73.148216, 28.1674373, 0.0 ], [ 73.1482108, 28.1677405, 0.0 ], [ 73.1481877, 28.1677402, 0.0 ], [ 73.1481929, 28.167437, 0.0 ] ], [ [ 73.1481369, 28.1674362, 0.0 ], [ 73.14816, 28.1674365, 0.0 ], [ 73.1481548, 28.1677398, 0.0 ], [ 73.1481317, 28.1677395, 0.0 ], [ 73.1481369, 28.1674362, 0.0 ] ], [ [ 73.1481875, 28.1677486, 0.0 ], [ 73.1482107, 28.1677489, 0.0 ], [ 73.1482054, 28.1680522, 0.0 ], [ 73.1481823, 28.1680519, 0.0 ], [ 73.1481875, 28.1677486, 0.0 ] ], [ [ 73.1481315, 28.1677479, 0.0 ], [ 73.1481547, 28.1677482, 0.0 ], [ 73.1481494, 28.1680515, 0.0 ], [ 73.1481263, 28.1680511, 0.0 ], [ 73.1481315, 28.1677479, 0.0 ] ], [ [ 73.1480809, 28.1674354, 0.0 ], [ 73.148104, 28.1674357, 0.0 ], [ 73.1480988, 28.167739, 0.0 ], [ 73.1480757, 28.1677387, 0.0 ], [ 73.1480809, 28.1674354, 0.0 ] ], [ [ 73.1480249, 28.1674347, 0.0 ], [ 73.148048, 28.167435, 0.0 ], [ 73.1480428, 28.1677383, 0.0 ], [ 73.1480197, 28.1677379, 0.0 ], [ 73.1480249, 28.1674347, 0.0 ] ], [ [ 73.1480755, 28.1677471, 0.0 ], [ 73.1480987, 28.1677474, 0.0 ], [ 73.1480934, 28.1680507, 0.0 ], [ 73.1480703, 28.1680504, 0.0 ], [ 73.1480755, 28.1677471, 0.0 ] ], [ [ 73.1480195, 28.1677464, 0.0 ], [ 73.1480427, 28.1677467, 0.0 ], [ 73.1480375, 28.1680499, 0.0 ], [ 73.1480143, 28.1680496, 0.0 ], [ 73.1480195, 28.1677464, 0.0 ] ], [ [ 73.1479689, 28.1674339, 0.0 ], [ 73.147992, 28.1674342, 0.0 ], [ 73.1479868, 28.1677375, 0.0 ], [ 73.1479637, 28.1677372, 0.0 ], [ 73.1479689, 28.1674339, 0.0 ] ], [ [ 73.1479129, 28.1674332, 0.0 ], [ 73.1479361, 28.1674335, 0.0 ], [ 73.1479308, 28.1677367, 0.0 ], [ 73.1479077, 28.1677364, 0.0 ], [ 73.1479129, 28.1674332, 0.0 ] ], [ [ 73.1479635, 28.1677456, 0.0 ], [ 73.1479867, 28.1677459, 0.0 ], [ 73.1479815, 28.1680492, 0.0 ], [ 73.1479583, 28.1680489, 0.0 ], [ 73.1479635, 28.1677456, 0.0 ] ], [ [ 73.1479076, 28.1677448, 0.0 ], [ 73.1479307, 28.1677452, 0.0 ], [ 73.1479255, 28.1680484, 0.0 ], [ 73.1479023, 28.1680481, 0.0 ], [ 73.1479076, 28.1677448, 0.0 ] ], [ [ 73.1478569, 28.1674324, 0.0 ], [ 73.1478801, 28.1674327, 0.0 ], [ 73.1478748, 28.167736, 0.0 ], [ 73.1478517, 28.1677357, 0.0 ], [ 73.1478569, 28.1674324, 0.0 ] ], [ [ 73.1478009, 28.1674316, 0.0 ], [ 73.1478241, 28.167432, 0.0 ], [ 73.1478188, 28.1677352, 0.0 ], [ 73.1477957, 28.1677349, 0.0 ], [ 73.1478009, 28.1674316, 0.0 ] ], [ [ 73.1478516, 28.1677441, 0.0 ], [ 73.1478747, 28.1677444, 0.0 ], [ 73.1478695, 28.1680477, 0.0 ], [ 73.1478463, 28.1680474, 0.0 ], [ 73.1478516, 28.1677441, 0.0 ] ], [ [ 73.1477956, 28.1677433, 0.0 ], [ 73.1478187, 28.1677436, 0.0 ], [ 73.1478135, 28.1680469, 0.0 ], [ 73.1477903, 28.1680466, 0.0 ], [ 73.1477956, 28.1677433, 0.0 ] ], [ [ 73.1477449, 28.1674309, 0.0 ], [ 73.1477681, 28.1674312, 0.0 ], [ 73.1477628, 28.1677345, 0.0 ], [ 73.1477397, 28.1677342, 0.0 ], [ 73.1477449, 28.1674309, 0.0 ] ], [ [ 73.1476889, 28.1674301, 0.0 ], [ 73.1477121, 28.1674304, 0.0 ], [ 73.1477068, 28.1677337, 0.0 ], [ 73.1476837, 28.1677334, 0.0 ], [ 73.1476889, 28.1674301, 0.0 ] ], [ [ 73.1477396, 28.1677426, 0.0 ], [ 73.1477627, 28.1677429, 0.0 ], [ 73.1477575, 28.1680462, 0.0 ], [ 73.1477343, 28.1680458, 0.0 ], [ 73.1477396, 28.1677426, 0.0 ] ], [ [ 73.1476836, 28.1677418, 0.0 ], [ 73.1477067, 28.1677421, 0.0 ], [ 73.1477015, 28.1680454, 0.0 ], [ 73.1476783, 28.1680451, 0.0 ], [ 73.1476836, 28.1677418, 0.0 ] ], [ [ 73.1476329, 28.1674294, 0.0 ], [ 73.1476561, 28.1674297, 0.0 ], [ 73.1476508, 28.167733, 0.0 ], [ 73.1476277, 28.1677326, 0.0 ], [ 73.1476329, 28.1674294, 0.0 ] ], [ [ 73.1475769, 28.1674286, 0.0 ], [ 73.1476001, 28.1674289, 0.0 ], [ 73.1475949, 28.1677322, 0.0 ], [ 73.1475717, 28.1677319, 0.0 ], [ 73.1475769, 28.1674286, 0.0 ] ], [ [ 73.1476276, 28.1677411, 0.0 ], [ 73.1476507, 28.1677414, 0.0 ], [ 73.1476455, 28.1680446, 0.0 ], [ 73.1476223, 28.1680443, 0.0 ], [ 73.1476276, 28.1677411, 0.0 ] ], [ [ 73.1475716, 28.1677403, 0.0 ], [ 73.1475947, 28.1677406, 0.0 ], [ 73.1475895, 28.1680439, 0.0 ], [ 73.1475664, 28.1680436, 0.0 ], [ 73.1475716, 28.1677403, 0.0 ] ], [ [ 73.147521, 28.1674279, 0.0 ], [ 73.1475441, 28.1674282, 0.0 ], [ 73.1475389, 28.1677314, 0.0 ], [ 73.1475157, 28.1677311, 0.0 ], [ 73.147521, 28.1674279, 0.0 ] ], [ [ 73.147465, 28.1674271, 0.0 ], [ 73.1474881, 28.1674274, 0.0 ], [ 73.1474829, 28.1677307, 0.0 ], [ 73.1474597, 28.1677304, 0.0 ], [ 73.147465, 28.1674271, 0.0 ] ], [ [ 73.1475156, 28.1677395, 0.0 ], [ 73.1475387, 28.1677399, 0.0 ], [ 73.1475335, 28.1680431, 0.0 ], [ 73.1475104, 28.1680428, 0.0 ], [ 73.1475156, 28.1677395, 0.0 ] ], [ [ 73.1474596, 28.1677388, 0.0 ], [ 73.1474827, 28.1677391, 0.0 ], [ 73.1474775, 28.1680424, 0.0 ], [ 73.1474544, 28.1680421, 0.0 ], [ 73.1474596, 28.1677388, 0.0 ] ], [ [ 73.147409, 28.1674263, 0.0 ], [ 73.1474321, 28.1674267, 0.0 ], [ 73.1474269, 28.1677299, 0.0 ], [ 73.1474037, 28.1677296, 0.0 ], [ 73.147409, 28.1674263, 0.0 ] ], [ [ 73.147353, 28.1674256, 0.0 ], [ 73.1473761, 28.1674259, 0.0 ], [ 73.1473709, 28.1677292, 0.0 ], [ 73.1473477, 28.1677289, 0.0 ], [ 73.147353, 28.1674256, 0.0 ] ], [ [ 73.1474036, 28.167738, 0.0 ], [ 73.1474267, 28.1677383, 0.0 ], [ 73.1474215, 28.1680416, 0.0 ], [ 73.1473984, 28.1680413, 0.0 ], [ 73.1474036, 28.167738, 0.0 ] ], [ [ 73.1473476, 28.1677373, 0.0 ], [ 73.1473707, 28.1677376, 0.0 ], [ 73.1473655, 28.1680409, 0.0 ], [ 73.1473424, 28.1680405, 0.0 ], [ 73.1473476, 28.1677373, 0.0 ] ], [ [ 73.147297, 28.1674248, 0.0 ], [ 73.1473201, 28.1674251, 0.0 ], [ 73.1473149, 28.1677284, 0.0 ], [ 73.1472917, 28.1677281, 0.0 ], [ 73.147297, 28.1674248, 0.0 ] ], [ [ 73.147241, 28.1674241, 0.0 ], [ 73.1472641, 28.1674244, 0.0 ], [ 73.1472589, 28.1677277, 0.0 ], [ 73.1472357, 28.1677273, 0.0 ], [ 73.147241, 28.1674241, 0.0 ] ], [ [ 73.1472916, 28.1677365, 0.0 ], [ 73.1473147, 28.1677368, 0.0 ], [ 73.1473095, 28.1680401, 0.0 ], [ 73.1472864, 28.1680398, 0.0 ], [ 73.1472916, 28.1677365, 0.0 ] ], [ [ 73.1472356, 28.1677358, 0.0 ], [ 73.1472587, 28.1677361, 0.0 ], [ 73.1472535, 28.1680393, 0.0 ], [ 73.1472304, 28.168039, 0.0 ], [ 73.1472356, 28.1677358, 0.0 ] ], [ [ 73.147185, 28.1674233, 0.0 ], [ 73.1472081, 28.1674236, 0.0 ], [ 73.1472029, 28.1677269, 0.0 ], [ 73.1471798, 28.1677266, 0.0 ], [ 73.147185, 28.1674233, 0.0 ] ], [ [ 73.147129, 28.1674226, 0.0 ], [ 73.1471521, 28.1674229, 0.0 ], [ 73.1471469, 28.1677261, 0.0 ], [ 73.1471238, 28.1677258, 0.0 ], [ 73.147129, 28.1674226, 0.0 ] ], [ [ 73.1471796, 28.167735, 0.0 ], [ 73.1472027, 28.1677353, 0.0 ], [ 73.1471975, 28.1680386, 0.0 ], [ 73.1471744, 28.1680383, 0.0 ], [ 73.1471796, 28.167735, 0.0 ] ], [ [ 73.1471236, 28.1677342, 0.0 ], [ 73.1471467, 28.1677346, 0.0 ], [ 73.1471415, 28.1680378, 0.0 ], [ 73.1471184, 28.1680375, 0.0 ], [ 73.1471236, 28.1677342, 0.0 ] ], [ [ 73.147073, 28.1674218, 0.0 ], [ 73.1470961, 28.1674221, 0.0 ], [ 73.1470909, 28.1677254, 0.0 ], [ 73.1470678, 28.1677251, 0.0 ], [ 73.147073, 28.1674218, 0.0 ] ], [ [ 73.147017, 28.167421, 0.0 ], [ 73.1470401, 28.1674214, 0.0 ], [ 73.1470349, 28.1677246, 0.0 ], [ 73.1470118, 28.1677243, 0.0 ], [ 73.147017, 28.167421, 0.0 ] ], [ [ 73.1470676, 28.1677335, 0.0 ], [ 73.1470907, 28.1677338, 0.0 ], [ 73.1470855, 28.1680371, 0.0 ], [ 73.1470624, 28.1680368, 0.0 ], [ 73.1470676, 28.1677335, 0.0 ] ], [ [ 73.1470116, 28.1677327, 0.0 ], [ 73.1470347, 28.167733, 0.0 ], [ 73.1470295, 28.1680363, 0.0 ], [ 73.1470064, 28.168036, 0.0 ], [ 73.1470116, 28.1677327, 0.0 ] ], [ [ 73.146961, 28.1674203, 0.0 ], [ 73.1469841, 28.1674206, 0.0 ], [ 73.1469789, 28.1677239, 0.0 ], [ 73.1469558, 28.1677236, 0.0 ], [ 73.146961, 28.1674203, 0.0 ] ], [ [ 73.146905, 28.1674195, 0.0 ], [ 73.1469281, 28.1674198, 0.0 ], [ 73.1469229, 28.1677231, 0.0 ], [ 73.1468998, 28.1677228, 0.0 ], [ 73.146905, 28.1674195, 0.0 ] ], [ [ 73.1469556, 28.167732, 0.0 ], [ 73.1469788, 28.1677323, 0.0 ], [ 73.1469735, 28.1680355, 0.0 ], [ 73.1469504, 28.1680352, 0.0 ], [ 73.1469556, 28.167732, 0.0 ] ], [ [ 73.1468996, 28.1677312, 0.0 ], [ 73.1469228, 28.1677315, 0.0 ], [ 73.1469175, 28.1680348, 0.0 ], [ 73.1468944, 28.1680345, 0.0 ], [ 73.1468996, 28.1677312, 0.0 ] ], [ [ 73.146849, 28.1674188, 0.0 ], [ 73.1468721, 28.1674191, 0.0 ], [ 73.1468669, 28.1677223, 0.0 ], [ 73.1468438, 28.167722, 0.0 ], [ 73.146849, 28.1674188, 0.0 ] ], [ [ 73.146793, 28.167418, 0.0 ], [ 73.1468161, 28.1674183, 0.0 ], [ 73.1468109, 28.1677216, 0.0 ], [ 73.1467878, 28.1677213, 0.0 ], [ 73.146793, 28.167418, 0.0 ] ], [ [ 73.1468436, 28.1677305, 0.0 ], [ 73.1468668, 28.1677308, 0.0 ], [ 73.1468615, 28.168034, 0.0 ], [ 73.1468384, 28.1680337, 0.0 ], [ 73.1468436, 28.1677305, 0.0 ] ], [ [ 73.1467876, 28.1677297, 0.0 ], [ 73.1468108, 28.16773, 0.0 ], [ 73.1468055, 28.1680333, 0.0 ], [ 73.1467824, 28.168033, 0.0 ], [ 73.1467876, 28.1677297, 0.0 ] ], [ [ 73.146737, 28.1674173, 0.0 ], [ 73.1467601, 28.1674176, 0.0 ], [ 73.1467549, 28.1677208, 0.0 ], [ 73.1467318, 28.1677205, 0.0 ], [ 73.146737, 28.1674173, 0.0 ] ], [ [ 73.146681, 28.1674165, 0.0 ], [ 73.1467041, 28.1674168, 0.0 ], [ 73.1466989, 28.1677201, 0.0 ], [ 73.1466758, 28.1677198, 0.0 ], [ 73.146681, 28.1674165, 0.0 ] ], [ [ 73.1467316, 28.1677289, 0.0 ], [ 73.1467548, 28.1677293, 0.0 ], [ 73.1467495, 28.1680325, 0.0 ], [ 73.1467264, 28.1680322, 0.0 ], [ 73.1467316, 28.1677289, 0.0 ] ], [ [ 73.1466756, 28.1677282, 0.0 ], [ 73.1466988, 28.1677285, 0.0 ], [ 73.1466935, 28.1680318, 0.0 ], [ 73.1466704, 28.1680314, 0.0 ], [ 73.1466756, 28.1677282, 0.0 ] ], [ [ 73.146625, 28.1674157, 0.0 ], [ 73.1466482, 28.167416, 0.0 ], [ 73.1466429, 28.1677193, 0.0 ], [ 73.1466198, 28.167719, 0.0 ], [ 73.146625, 28.1674157, 0.0 ] ], [ [ 73.146569, 28.167415, 0.0 ], [ 73.1465922, 28.1674153, 0.0 ], [ 73.1465869, 28.1677186, 0.0 ], [ 73.1465638, 28.1677182, 0.0 ], [ 73.146569, 28.167415, 0.0 ] ], [ [ 73.1466196, 28.1677274, 0.0 ], [ 73.1466428, 28.1677277, 0.0 ], [ 73.1466376, 28.168031, 0.0 ], [ 73.1466144, 28.1680307, 0.0 ], [ 73.1466196, 28.1677274, 0.0 ] ], [ [ 73.1465637, 28.1677267, 0.0 ], [ 73.1465868, 28.167727, 0.0 ], [ 73.1465816, 28.1680302, 0.0 ], [ 73.1465584, 28.1680299, 0.0 ], [ 73.1465637, 28.1677267, 0.0 ] ], [ [ 73.146513, 28.1674142, 0.0 ], [ 73.1465362, 28.1674145, 0.0 ], [ 73.1465309, 28.1677178, 0.0 ], [ 73.1465078, 28.1677175, 0.0 ], [ 73.146513, 28.1674142, 0.0 ] ], [ [ 73.146457, 28.1674135, 0.0 ], [ 73.1464802, 28.1674138, 0.0 ], [ 73.1464749, 28.167717, 0.0 ], [ 73.1464518, 28.1677167, 0.0 ], [ 73.146457, 28.1674135, 0.0 ] ], [ [ 73.1465077, 28.1677259, 0.0 ], [ 73.1465308, 28.1677262, 0.0 ], [ 73.1465256, 28.1680295, 0.0 ], [ 73.1465024, 28.1680292, 0.0 ], [ 73.1465077, 28.1677259, 0.0 ] ], [ [ 73.1464517, 28.1677251, 0.0 ], [ 73.1464748, 28.1677255, 0.0 ], [ 73.1464696, 28.1680287, 0.0 ], [ 73.1464464, 28.1680284, 0.0 ], [ 73.1464517, 28.1677251, 0.0 ] ], [ [ 73.146401, 28.1674127, 0.0 ], [ 73.1464242, 28.167413, 0.0 ], [ 73.1464189, 28.1677163, 0.0 ], [ 73.1463958, 28.167716, 0.0 ], [ 73.146401, 28.1674127, 0.0 ] ], [ [ 73.146345, 28.1674119, 0.0 ], [ 73.1463682, 28.1674123, 0.0 ], [ 73.1463629, 28.1677155, 0.0 ], [ 73.1463398, 28.1677152, 0.0 ], [ 73.146345, 28.1674119, 0.0 ] ], [ [ 73.1463957, 28.1677244, 0.0 ], [ 73.1464188, 28.1677247, 0.0 ], [ 73.1464136, 28.168028, 0.0 ], [ 73.1463904, 28.1680277, 0.0 ], [ 73.1463957, 28.1677244, 0.0 ] ], [ [ 73.1463397, 28.1677236, 0.0 ], [ 73.1463628, 28.1677239, 0.0 ], [ 73.1463576, 28.1680272, 0.0 ], [ 73.1463344, 28.1680269, 0.0 ], [ 73.1463397, 28.1677236, 0.0 ] ], [ [ 73.146289, 28.1674112, 0.0 ], [ 73.1463122, 28.1674115, 0.0 ], [ 73.1463069, 28.1677148, 0.0 ], [ 73.1462838, 28.1677145, 0.0 ], [ 73.146289, 28.1674112, 0.0 ] ], [ [ 73.146233, 28.1674104, 0.0 ], [ 73.1462562, 28.1674107, 0.0 ], [ 73.146251, 28.167714, 0.0 ], [ 73.1462278, 28.1677137, 0.0 ], [ 73.146233, 28.1674104, 0.0 ] ], [ [ 73.1462837, 28.1677229, 0.0 ], [ 73.1463068, 28.1677232, 0.0 ], [ 73.1463016, 28.1680265, 0.0 ], [ 73.1462784, 28.1680261, 0.0 ], [ 73.1462837, 28.1677229, 0.0 ] ], [ [ 73.1462277, 28.1677221, 0.0 ], [ 73.1462508, 28.1677224, 0.0 ], [ 73.1462456, 28.1680257, 0.0 ], [ 73.1462224, 28.1680254, 0.0 ], [ 73.1462277, 28.1677221, 0.0 ] ], [ [ 73.1461771, 28.1674097, 0.0 ], [ 73.1462002, 28.16741, 0.0 ], [ 73.146195, 28.1677133, 0.0 ], [ 73.1461718, 28.1677129, 0.0 ], [ 73.1461771, 28.1674097, 0.0 ] ], [ [ 73.1461211, 28.1674089, 0.0 ], [ 73.1461442, 28.1674092, 0.0 ], [ 73.146139, 28.1677125, 0.0 ], [ 73.1461158, 28.1677122, 0.0 ], [ 73.1461211, 28.1674089, 0.0 ] ], [ [ 73.1461717, 28.1677214, 0.0 ], [ 73.1461948, 28.1677217, 0.0 ], [ 73.1461896, 28.1680249, 0.0 ], [ 73.1461665, 28.1680246, 0.0 ], [ 73.1461717, 28.1677214, 0.0 ] ], [ [ 73.1461157, 28.1677206, 0.0 ], [ 73.1461388, 28.1677209, 0.0 ], [ 73.1461336, 28.1680242, 0.0 ], [ 73.1461105, 28.1680239, 0.0 ], [ 73.1461157, 28.1677206, 0.0 ] ], [ [ 73.1460651, 28.1674082, 0.0 ], [ 73.1460882, 28.1674085, 0.0 ], [ 73.146083, 28.1677117, 0.0 ], [ 73.1460598, 28.1677114, 0.0 ], [ 73.1460651, 28.1674082, 0.0 ] ], [ [ 73.1460091, 28.1674074, 0.0 ], [ 73.1460322, 28.1674077, 0.0 ], [ 73.146027, 28.167711, 0.0 ], [ 73.1460038, 28.1677107, 0.0 ], [ 73.1460091, 28.1674074, 0.0 ] ], [ [ 73.1460597, 28.1677198, 0.0 ], [ 73.1460828, 28.1677202, 0.0 ], [ 73.1460776, 28.1680234, 0.0 ], [ 73.1460545, 28.1680231, 0.0 ], [ 73.1460597, 28.1677198, 0.0 ] ], [ [ 73.1460037, 28.1677191, 0.0 ], [ 73.1460268, 28.1677194, 0.0 ], [ 73.1460216, 28.1680227, 0.0 ], [ 73.1459985, 28.1680223, 0.0 ], [ 73.1460037, 28.1677191, 0.0 ] ], [ [ 73.1459531, 28.1674066, 0.0 ], [ 73.1459762, 28.167407, 0.0 ], [ 73.145971, 28.1677102, 0.0 ], [ 73.1459478, 28.1677099, 0.0 ], [ 73.1459531, 28.1674066, 0.0 ] ], [ [ 73.1458971, 28.1674059, 0.0 ], [ 73.1459202, 28.1674062, 0.0 ], [ 73.145915, 28.1677095, 0.0 ], [ 73.1458918, 28.1677091, 0.0 ], [ 73.1458971, 28.1674059, 0.0 ] ], [ [ 73.1459477, 28.1677183, 0.0 ], [ 73.1459708, 28.1677186, 0.0 ], [ 73.1459656, 28.1680219, 0.0 ], [ 73.1459425, 28.1680216, 0.0 ], [ 73.1459477, 28.1677183, 0.0 ] ], [ [ 73.1458917, 28.1677176, 0.0 ], [ 73.1459148, 28.1677179, 0.0 ], [ 73.1459096, 28.1680211, 0.0 ], [ 73.1458865, 28.1680208, 0.0 ], [ 73.1458917, 28.1677176, 0.0 ] ], [ [ 73.1458411, 28.1674051, 0.0 ], [ 73.1458642, 28.1674054, 0.0 ], [ 73.145859, 28.1677087, 0.0 ], [ 73.1458358, 28.1677084, 0.0 ], [ 73.1458411, 28.1674051, 0.0 ] ], [ [ 73.1457851, 28.1674044, 0.0 ], [ 73.1458082, 28.1674047, 0.0 ], [ 73.145803, 28.1677079, 0.0 ], [ 73.1457799, 28.1677076, 0.0 ], [ 73.1457851, 28.1674044, 0.0 ] ], [ [ 73.1458357, 28.1677168, 0.0 ], [ 73.1458588, 28.1677171, 0.0 ], [ 73.1458536, 28.1680204, 0.0 ], [ 73.1458305, 28.1680201, 0.0 ], [ 73.1458357, 28.1677168, 0.0 ] ], [ [ 73.1457797, 28.167716, 0.0 ], [ 73.1458028, 28.1677164, 0.0 ], [ 73.1457976, 28.1680196, 0.0 ], [ 73.1457745, 28.1680193, 0.0 ], [ 73.1457797, 28.167716, 0.0 ] ], [ [ 73.1457291, 28.1674036, 0.0 ], [ 73.1457522, 28.1674039, 0.0 ], [ 73.145747, 28.1677072, 0.0 ], [ 73.1457239, 28.1677069, 0.0 ], [ 73.1457291, 28.1674036, 0.0 ] ], [ [ 73.1456731, 28.1674028, 0.0 ], [ 73.1456962, 28.1674032, 0.0 ], [ 73.145691, 28.1677064, 0.0 ], [ 73.1456679, 28.1677061, 0.0 ], [ 73.1456731, 28.1674028, 0.0 ] ], [ [ 73.1457237, 28.1677153, 0.0 ], [ 73.1457468, 28.1677156, 0.0 ], [ 73.1457416, 28.1680189, 0.0 ], [ 73.1457185, 28.1680186, 0.0 ], [ 73.1457237, 28.1677153, 0.0 ] ], [ [ 73.1456677, 28.1677145, 0.0 ], [ 73.1456908, 28.1677148, 0.0 ], [ 73.1456856, 28.1680181, 0.0 ], [ 73.1456625, 28.1680178, 0.0 ], [ 73.1456677, 28.1677145, 0.0 ] ], [ [ 73.1456171, 28.1674021, 0.0 ], [ 73.1456402, 28.1674024, 0.0 ], [ 73.145635, 28.1677057, 0.0 ], [ 73.1456119, 28.1677054, 0.0 ], [ 73.1456171, 28.1674021, 0.0 ] ], [ [ 73.1455611, 28.1674013, 0.0 ], [ 73.1455842, 28.1674016, 0.0 ], [ 73.145579, 28.1677049, 0.0 ], [ 73.1455559, 28.1677046, 0.0 ], [ 73.1455611, 28.1674013, 0.0 ] ], [ [ 73.1456117, 28.1677138, 0.0 ], [ 73.1456349, 28.1677141, 0.0 ], [ 73.1456296, 28.1680174, 0.0 ], [ 73.1456065, 28.168017, 0.0 ], [ 73.1456117, 28.1677138, 0.0 ] ], [ [ 73.1455557, 28.167713, 0.0 ], [ 73.1455789, 28.1677133, 0.0 ], [ 73.1455736, 28.1680166, 0.0 ], [ 73.1455505, 28.1680163, 0.0 ], [ 73.1455557, 28.167713, 0.0 ] ], [ [ 73.1455051, 28.1674006, 0.0 ], [ 73.1455282, 28.1674009, 0.0 ], [ 73.145523, 28.1677042, 0.0 ], [ 73.1454999, 28.1677038, 0.0 ], [ 73.1455051, 28.1674006, 0.0 ] ], [ [ 73.1454491, 28.1673998, 0.0 ], [ 73.1454722, 28.1674001, 0.0 ], [ 73.145467, 28.1677034, 0.0 ], [ 73.1454439, 28.1677031, 0.0 ], [ 73.1454491, 28.1673998, 0.0 ] ], [ [ 73.1454997, 28.1677123, 0.0 ], [ 73.1455229, 28.1677126, 0.0 ], [ 73.1455176, 28.1680158, 0.0 ], [ 73.1454945, 28.1680155, 0.0 ], [ 73.1454997, 28.1677123, 0.0 ] ], [ [ 73.1454437, 28.1677115, 0.0 ], [ 73.1454669, 28.1677118, 0.0 ], [ 73.1454616, 28.1680151, 0.0 ], [ 73.1454385, 28.1680148, 0.0 ], [ 73.1454437, 28.1677115, 0.0 ] ], [ [ 73.1453931, 28.1673991, 0.0 ], [ 73.1454162, 28.1673994, 0.0 ], [ 73.145411, 28.1677026, 0.0 ], [ 73.1453879, 28.1677023, 0.0 ], [ 73.1453931, 28.1673991, 0.0 ] ], [ [ 73.1453371, 28.1673983, 0.0 ], [ 73.1453602, 28.1673986, 0.0 ], [ 73.145355, 28.1677019, 0.0 ], [ 73.1453319, 28.1677016, 0.0 ], [ 73.1453371, 28.1673983, 0.0 ] ], [ [ 73.1453877, 28.1677107, 0.0 ], [ 73.1454109, 28.1677111, 0.0 ], [ 73.1454056, 28.1680143, 0.0 ], [ 73.1453825, 28.168014, 0.0 ], [ 73.1453877, 28.1677107, 0.0 ] ], [ [ 73.1453317, 28.16771, 0.0 ], [ 73.1453549, 28.1677103, 0.0 ], [ 73.1453496, 28.1680136, 0.0 ], [ 73.1453265, 28.1680132, 0.0 ], [ 73.1453317, 28.16771, 0.0 ] ], [ [ 73.1452811, 28.1673975, 0.0 ], [ 73.1453043, 28.1673979, 0.0 ], [ 73.145299, 28.1677011, 0.0 ], [ 73.1452759, 28.1677008, 0.0 ], [ 73.1452811, 28.1673975, 0.0 ] ], [ [ 73.1452251, 28.1673968, 0.0 ], [ 73.1452483, 28.1673971, 0.0 ], [ 73.145243, 28.1677004, 0.0 ], [ 73.1452199, 28.1677, 0.0 ], [ 73.1452251, 28.1673968, 0.0 ] ], [ [ 73.1452757, 28.1677092, 0.0 ], [ 73.1452989, 28.1677095, 0.0 ], [ 73.1452936, 28.1680128, 0.0 ], [ 73.1452705, 28.1680125, 0.0 ], [ 73.1452757, 28.1677092, 0.0 ] ], [ [ 73.1452197, 28.1677085, 0.0 ], [ 73.1452429, 28.1677088, 0.0 ], [ 73.1452376, 28.168012, 0.0 ], [ 73.1452145, 28.1680117, 0.0 ], [ 73.1452197, 28.1677085, 0.0 ] ], [ [ 73.1451691, 28.167396, 0.0 ], [ 73.1451923, 28.1673963, 0.0 ], [ 73.145187, 28.1676996, 0.0 ], [ 73.1451639, 28.1676993, 0.0 ], [ 73.1451691, 28.167396, 0.0 ] ], [ [ 73.1451131, 28.1673953, 0.0 ], [ 73.1451363, 28.1673956, 0.0 ], [ 73.145131, 28.1676988, 0.0 ], [ 73.1451079, 28.1676985, 0.0 ], [ 73.1451131, 28.1673953, 0.0 ] ], [ [ 73.1451638, 28.1677077, 0.0 ], [ 73.1451869, 28.167708, 0.0 ], [ 73.1451817, 28.1680113, 0.0 ], [ 73.1451585, 28.168011, 0.0 ], [ 73.1451638, 28.1677077, 0.0 ] ], [ [ 73.1451078, 28.1677069, 0.0 ], [ 73.1451309, 28.1677073, 0.0 ], [ 73.1451257, 28.1680105, 0.0 ], [ 73.1451025, 28.1680102, 0.0 ], [ 73.1451078, 28.1677069, 0.0 ] ], [ [ 73.1449403, 28.1676764, 0.0 ], [ 73.1449634, 28.1676767, 0.0 ], [ 73.1449582, 28.16798, 0.0 ], [ 73.144935, 28.1679797, 0.0 ], [ 73.1449403, 28.1676764, 0.0 ] ], [ [ 73.1448843, 28.1676757, 0.0 ], [ 73.1449074, 28.167676, 0.0 ], [ 73.1449022, 28.1679793, 0.0 ], [ 73.144879, 28.1679789, 0.0 ], [ 73.1448843, 28.1676757, 0.0 ] ], [ [ 73.1449349, 28.1679881, 0.0 ], [ 73.144958, 28.1679884, 0.0 ], [ 73.1449528, 28.1682917, 0.0 ], [ 73.1449296, 28.1682914, 0.0 ], [ 73.1449349, 28.1679881, 0.0 ] ], [ [ 73.1448789, 28.1679874, 0.0 ], [ 73.144902, 28.1679877, 0.0 ], [ 73.1448968, 28.1682909, 0.0 ], [ 73.1448737, 28.1682906, 0.0 ], [ 73.1448789, 28.1679874, 0.0 ] ], [ [ 73.1510033, 28.1668553, 0.0 ], [ 73.1510265, 28.1668556, 0.0 ], [ 73.1510213, 28.1671589, 0.0 ], [ 73.1509981, 28.1671586, 0.0 ], [ 73.1510033, 28.1668553, 0.0 ] ], [ [ 73.1509474, 28.1668546, 0.0 ], [ 73.1509705, 28.1668549, 0.0 ], [ 73.1509653, 28.1671581, 0.0 ], [ 73.1509421, 28.1671578, 0.0 ], [ 73.1509474, 28.1668546, 0.0 ] ], [ [ 73.150998, 28.167167, 0.0 ], [ 73.1510211, 28.1671673, 0.0 ], [ 73.1510159, 28.1674706, 0.0 ], [ 73.1509928, 28.1674703, 0.0 ], [ 73.150998, 28.167167, 0.0 ] ], [ [ 73.150942, 28.1671663, 0.0 ], [ 73.1509651, 28.1671666, 0.0 ], [ 73.1509599, 28.1674698, 0.0 ], [ 73.1509368, 28.1674695, 0.0 ], [ 73.150942, 28.1671663, 0.0 ] ], [ [ 73.1508914, 28.1668538, 0.0 ], [ 73.1509145, 28.1668541, 0.0 ], [ 73.1509093, 28.1671574, 0.0 ], [ 73.1508861, 28.1671571, 0.0 ], [ 73.1508914, 28.1668538, 0.0 ] ], [ [ 73.1508354, 28.1668531, 0.0 ], [ 73.1508585, 28.1668534, 0.0 ], [ 73.1508533, 28.1671566, 0.0 ], [ 73.1508301, 28.1671563, 0.0 ], [ 73.1508354, 28.1668531, 0.0 ] ], [ [ 73.150886, 28.1671655, 0.0 ], [ 73.1509091, 28.1671658, 0.0 ], [ 73.1509039, 28.1674691, 0.0 ], [ 73.1508808, 28.1674688, 0.0 ], [ 73.150886, 28.1671655, 0.0 ] ], [ [ 73.15083, 28.1671647, 0.0 ], [ 73.1508531, 28.1671651, 0.0 ], [ 73.1508479, 28.1674683, 0.0 ], [ 73.1508248, 28.167468, 0.0 ], [ 73.15083, 28.1671647, 0.0 ] ], [ [ 73.1507794, 28.1668523, 0.0 ], [ 73.1508025, 28.1668526, 0.0 ], [ 73.1507973, 28.1671559, 0.0 ], [ 73.1507741, 28.1671556, 0.0 ], [ 73.1507794, 28.1668523, 0.0 ] ], [ [ 73.1507234, 28.1668515, 0.0 ], [ 73.1507465, 28.1668519, 0.0 ], [ 73.1507413, 28.1671551, 0.0 ], [ 73.1507182, 28.1671548, 0.0 ], [ 73.1507234, 28.1668515, 0.0 ] ], [ [ 73.150774, 28.167164, 0.0 ], [ 73.1507971, 28.1671643, 0.0 ], [ 73.1507919, 28.1674676, 0.0 ], [ 73.1507688, 28.1674673, 0.0 ], [ 73.150774, 28.167164, 0.0 ] ], [ [ 73.150718, 28.1671632, 0.0 ], [ 73.1507411, 28.1671635, 0.0 ], [ 73.1507359, 28.1674668, 0.0 ], [ 73.1507128, 28.1674665, 0.0 ], [ 73.150718, 28.1671632, 0.0 ] ], [ [ 73.1506674, 28.1668508, 0.0 ], [ 73.1506905, 28.1668511, 0.0 ], [ 73.1506853, 28.1671544, 0.0 ], [ 73.1506622, 28.1671541, 0.0 ], [ 73.1506674, 28.1668508, 0.0 ] ], [ [ 73.1506114, 28.16685, 0.0 ], [ 73.1506345, 28.1668503, 0.0 ], [ 73.1506293, 28.1671536, 0.0 ], [ 73.1506062, 28.1671533, 0.0 ], [ 73.1506114, 28.16685, 0.0 ] ], [ [ 73.150662, 28.1671625, 0.0 ], [ 73.1506851, 28.1671628, 0.0 ], [ 73.1506799, 28.1674661, 0.0 ], [ 73.1506568, 28.1674657, 0.0 ], [ 73.150662, 28.1671625, 0.0 ] ], [ [ 73.150606, 28.1671617, 0.0 ], [ 73.1506291, 28.167162, 0.0 ], [ 73.1506239, 28.1674653, 0.0 ], [ 73.1506008, 28.167465, 0.0 ], [ 73.150606, 28.1671617, 0.0 ] ], [ [ 73.1505554, 28.1668493, 0.0 ], [ 73.1505785, 28.1668496, 0.0 ], [ 73.1505733, 28.1671529, 0.0 ], [ 73.1505502, 28.1671525, 0.0 ], [ 73.1505554, 28.1668493, 0.0 ] ], [ [ 73.1504994, 28.1668485, 0.0 ], [ 73.1505225, 28.1668488, 0.0 ], [ 73.1505173, 28.1671521, 0.0 ], [ 73.1504942, 28.1671518, 0.0 ], [ 73.1504994, 28.1668485, 0.0 ] ], [ [ 73.15055, 28.167161, 0.0 ], [ 73.1505732, 28.1671613, 0.0 ], [ 73.1505679, 28.1674645, 0.0 ], [ 73.1505448, 28.1674642, 0.0 ], [ 73.15055, 28.167161, 0.0 ] ], [ [ 73.150494, 28.1671602, 0.0 ], [ 73.1505172, 28.1671605, 0.0 ], [ 73.1505119, 28.1674638, 0.0 ], [ 73.1504888, 28.1674635, 0.0 ], [ 73.150494, 28.1671602, 0.0 ] ], [ [ 73.1504434, 28.1668478, 0.0 ], [ 73.1504665, 28.1668481, 0.0 ], [ 73.1504613, 28.1671513, 0.0 ], [ 73.1504382, 28.167151, 0.0 ], [ 73.1504434, 28.1668478, 0.0 ] ], [ [ 73.1503874, 28.166847, 0.0 ], [ 73.1504105, 28.1668473, 0.0 ], [ 73.1504053, 28.1671506, 0.0 ], [ 73.1503822, 28.1671503, 0.0 ], [ 73.1503874, 28.166847, 0.0 ] ], [ [ 73.150438, 28.1671594, 0.0 ], [ 73.1504612, 28.1671598, 0.0 ], [ 73.1504559, 28.167463, 0.0 ], [ 73.1504328, 28.1674627, 0.0 ], [ 73.150438, 28.1671594, 0.0 ] ], [ [ 73.150382, 28.1671587, 0.0 ], [ 73.1504052, 28.167159, 0.0 ], [ 73.1503999, 28.1674623, 0.0 ], [ 73.1503768, 28.167462, 0.0 ], [ 73.150382, 28.1671587, 0.0 ] ], [ [ 73.1503314, 28.1668462, 0.0 ], [ 73.1503545, 28.1668466, 0.0 ], [ 73.1503493, 28.1671498, 0.0 ], [ 73.1503262, 28.1671495, 0.0 ], [ 73.1503314, 28.1668462, 0.0 ] ], [ [ 73.1502754, 28.1668455, 0.0 ], [ 73.1502985, 28.1668458, 0.0 ], [ 73.1502933, 28.1671491, 0.0 ], [ 73.1502702, 28.1671488, 0.0 ], [ 73.1502754, 28.1668455, 0.0 ] ], [ [ 73.150326, 28.1671579, 0.0 ], [ 73.1503492, 28.1671582, 0.0 ], [ 73.150344, 28.1674615, 0.0 ], [ 73.1503208, 28.1674612, 0.0 ], [ 73.150326, 28.1671579, 0.0 ] ], [ [ 73.15027, 28.1671572, 0.0 ], [ 73.1502932, 28.1671575, 0.0 ], [ 73.150288, 28.1674608, 0.0 ], [ 73.1502648, 28.1674604, 0.0 ], [ 73.15027, 28.1671572, 0.0 ] ], [ [ 73.1502194, 28.1668447, 0.0 ], [ 73.1502425, 28.166845, 0.0 ], [ 73.1502373, 28.1671483, 0.0 ], [ 73.1502142, 28.167148, 0.0 ], [ 73.1502194, 28.1668447, 0.0 ] ], [ [ 73.1501634, 28.166844, 0.0 ], [ 73.1501865, 28.1668443, 0.0 ], [ 73.1501813, 28.1671476, 0.0 ], [ 73.1501582, 28.1671472, 0.0 ], [ 73.1501634, 28.166844, 0.0 ] ], [ [ 73.150214, 28.1671564, 0.0 ], [ 73.1502372, 28.1671567, 0.0 ], [ 73.150232, 28.16746, 0.0 ], [ 73.1502088, 28.1674597, 0.0 ], [ 73.150214, 28.1671564, 0.0 ] ], [ [ 73.1501581, 28.1671557, 0.0 ], [ 73.1501812, 28.167156, 0.0 ], [ 73.150176, 28.1674592, 0.0 ], [ 73.1501528, 28.1674589, 0.0 ], [ 73.1501581, 28.1671557, 0.0 ] ], [ [ 73.1501074, 28.1668432, 0.0 ], [ 73.1501305, 28.1668435, 0.0 ], [ 73.1501253, 28.1671468, 0.0 ], [ 73.1501022, 28.1671465, 0.0 ], [ 73.1501074, 28.1668432, 0.0 ] ], [ [ 73.1500514, 28.1668425, 0.0 ], [ 73.1500746, 28.1668428, 0.0 ], [ 73.1500693, 28.167146, 0.0 ], [ 73.1500462, 28.1671457, 0.0 ], [ 73.1500514, 28.1668425, 0.0 ] ], [ [ 73.1501021, 28.1671549, 0.0 ], [ 73.1501252, 28.1671552, 0.0 ], [ 73.15012, 28.1674585, 0.0 ], [ 73.1500968, 28.1674582, 0.0 ], [ 73.1501021, 28.1671549, 0.0 ] ], [ [ 73.1500461, 28.1671542, 0.0 ], [ 73.1500692, 28.1671545, 0.0 ], [ 73.150064, 28.1674577, 0.0 ], [ 73.1500408, 28.1674574, 0.0 ], [ 73.1500461, 28.1671542, 0.0 ] ], [ [ 73.1499954, 28.1668417, 0.0 ], [ 73.1500186, 28.166842, 0.0 ], [ 73.1500133, 28.1671453, 0.0 ], [ 73.1499902, 28.167145, 0.0 ], [ 73.1499954, 28.1668417, 0.0 ] ], [ [ 73.1499394, 28.166841, 0.0 ], [ 73.1499626, 28.1668413, 0.0 ], [ 73.1499573, 28.1671445, 0.0 ], [ 73.1499342, 28.1671442, 0.0 ], [ 73.1499394, 28.166841, 0.0 ] ], [ [ 73.1499901, 28.1671534, 0.0 ], [ 73.1500132, 28.1671537, 0.0 ], [ 73.150008, 28.167457, 0.0 ], [ 73.1499848, 28.1674567, 0.0 ], [ 73.1499901, 28.1671534, 0.0 ] ], [ [ 73.1499341, 28.1671526, 0.0 ], [ 73.1499572, 28.167153, 0.0 ], [ 73.149952, 28.1674562, 0.0 ], [ 73.1499288, 28.1674559, 0.0 ], [ 73.1499341, 28.1671526, 0.0 ] ], [ [ 73.1498834, 28.1668402, 0.0 ], [ 73.1499066, 28.1668405, 0.0 ], [ 73.1499013, 28.1671438, 0.0 ], [ 73.1498782, 28.1671435, 0.0 ], [ 73.1498834, 28.1668402, 0.0 ] ], [ [ 73.1498274, 28.1668394, 0.0 ], [ 73.1498506, 28.1668398, 0.0 ], [ 73.1498454, 28.167143, 0.0 ], [ 73.1498222, 28.1671427, 0.0 ], [ 73.1498274, 28.1668394, 0.0 ] ], [ [ 73.1498781, 28.1671519, 0.0 ], [ 73.1499012, 28.1671522, 0.0 ], [ 73.149896, 28.1674555, 0.0 ], [ 73.1498729, 28.1674551, 0.0 ], [ 73.1498781, 28.1671519, 0.0 ] ], [ [ 73.1498221, 28.1671511, 0.0 ], [ 73.1498452, 28.1671514, 0.0 ], [ 73.14984, 28.1674547, 0.0 ], [ 73.1498169, 28.1674544, 0.0 ], [ 73.1498221, 28.1671511, 0.0 ] ], [ [ 73.1497714, 28.1668387, 0.0 ], [ 73.1497946, 28.166839, 0.0 ], [ 73.1497894, 28.1671423, 0.0 ], [ 73.1497662, 28.1671419, 0.0 ], [ 73.1497714, 28.1668387, 0.0 ] ], [ [ 73.1497154, 28.1668379, 0.0 ], [ 73.1497386, 28.1668382, 0.0 ], [ 73.1497334, 28.1671415, 0.0 ], [ 73.1497102, 28.1671412, 0.0 ], [ 73.1497154, 28.1668379, 0.0 ] ], [ [ 73.1497661, 28.1671504, 0.0 ], [ 73.1497892, 28.1671507, 0.0 ], [ 73.149784, 28.1674539, 0.0 ], [ 73.1497609, 28.1674536, 0.0 ], [ 73.1497661, 28.1671504, 0.0 ] ], [ [ 73.1497101, 28.1671496, 0.0 ], [ 73.1497332, 28.1671499, 0.0 ], [ 73.149728, 28.1674532, 0.0 ], [ 73.1497049, 28.1674529, 0.0 ], [ 73.1497101, 28.1671496, 0.0 ] ], [ [ 73.1496595, 28.1668372, 0.0 ], [ 73.1496826, 28.1668375, 0.0 ], [ 73.1496774, 28.1671407, 0.0 ], [ 73.1496542, 28.1671404, 0.0 ], [ 73.1496595, 28.1668372, 0.0 ] ], [ [ 73.1496035, 28.1668364, 0.0 ], [ 73.1496266, 28.1668367, 0.0 ], [ 73.1496214, 28.16714, 0.0 ], [ 73.1495982, 28.1671397, 0.0 ], [ 73.1496035, 28.1668364, 0.0 ] ], [ [ 73.1496541, 28.1671489, 0.0 ], [ 73.1496772, 28.1671492, 0.0 ], [ 73.149672, 28.1674524, 0.0 ], [ 73.1496489, 28.1674521, 0.0 ], [ 73.1496541, 28.1671489, 0.0 ] ], [ [ 73.1495981, 28.1671481, 0.0 ], [ 73.1496212, 28.1671484, 0.0 ], [ 73.149616, 28.1674517, 0.0 ], [ 73.1495929, 28.1674514, 0.0 ], [ 73.1495981, 28.1671481, 0.0 ] ], [ [ 73.1495475, 28.1668357, 0.0 ], [ 73.1495706, 28.166836, 0.0 ], [ 73.1495654, 28.1671392, 0.0 ], [ 73.1495422, 28.1671389, 0.0 ], [ 73.1495475, 28.1668357, 0.0 ] ], [ [ 73.1494915, 28.1668349, 0.0 ], [ 73.1495146, 28.1668352, 0.0 ], [ 73.1495094, 28.1671385, 0.0 ], [ 73.1494862, 28.1671382, 0.0 ], [ 73.1494915, 28.1668349, 0.0 ] ], [ [ 73.1495421, 28.1671473, 0.0 ], [ 73.1495652, 28.1671477, 0.0 ], [ 73.14956, 28.1674509, 0.0 ], [ 73.1495369, 28.1674506, 0.0 ], [ 73.1495421, 28.1671473, 0.0 ] ], [ [ 73.1494861, 28.1671466, 0.0 ], [ 73.1495092, 28.1671469, 0.0 ], [ 73.149504, 28.1674502, 0.0 ], [ 73.1494809, 28.1674499, 0.0 ], [ 73.1494861, 28.1671466, 0.0 ] ], [ [ 73.1494355, 28.1668341, 0.0 ], [ 73.1494586, 28.1668345, 0.0 ], [ 73.1494534, 28.1671377, 0.0 ], [ 73.1494303, 28.1671374, 0.0 ], [ 73.1494355, 28.1668341, 0.0 ] ], [ [ 73.1493795, 28.1668334, 0.0 ], [ 73.1494026, 28.1668337, 0.0 ], [ 73.1493974, 28.167137, 0.0 ], [ 73.1493743, 28.1671367, 0.0 ], [ 73.1493795, 28.1668334, 0.0 ] ], [ [ 73.1494301, 28.1671458, 0.0 ], [ 73.1494532, 28.1671461, 0.0 ], [ 73.149448, 28.1674494, 0.0 ], [ 73.1494249, 28.1674491, 0.0 ], [ 73.1494301, 28.1671458, 0.0 ] ], [ [ 73.1493741, 28.1671451, 0.0 ], [ 73.1493972, 28.1671454, 0.0 ], [ 73.149392, 28.1674487, 0.0 ], [ 73.1493689, 28.1674483, 0.0 ], [ 73.1493741, 28.1671451, 0.0 ] ], [ [ 73.1493235, 28.1668326, 0.0 ], [ 73.1493466, 28.1668329, 0.0 ], [ 73.1493414, 28.1671362, 0.0 ], [ 73.1493183, 28.1671359, 0.0 ], [ 73.1493235, 28.1668326, 0.0 ] ], [ [ 73.1492675, 28.1668319, 0.0 ], [ 73.1492906, 28.1668322, 0.0 ], [ 73.1492854, 28.1671355, 0.0 ], [ 73.1492623, 28.1671351, 0.0 ], [ 73.1492675, 28.1668319, 0.0 ] ], [ [ 73.1493181, 28.1671443, 0.0 ], [ 73.1493412, 28.1671446, 0.0 ], [ 73.149336, 28.1674479, 0.0 ], [ 73.1493129, 28.1674476, 0.0 ], [ 73.1493181, 28.1671443, 0.0 ] ], [ [ 73.1492621, 28.1671436, 0.0 ], [ 73.1492853, 28.1671439, 0.0 ], [ 73.14928, 28.1674471, 0.0 ], [ 73.1492569, 28.1674468, 0.0 ], [ 73.1492621, 28.1671436, 0.0 ] ], [ [ 73.1492115, 28.1668311, 0.0 ], [ 73.1492346, 28.1668314, 0.0 ], [ 73.1492294, 28.1671347, 0.0 ], [ 73.1492063, 28.1671344, 0.0 ], [ 73.1492115, 28.1668311, 0.0 ] ], [ [ 73.1491555, 28.1668304, 0.0 ], [ 73.1491786, 28.1668307, 0.0 ], [ 73.1491734, 28.1671339, 0.0 ], [ 73.1491503, 28.1671336, 0.0 ], [ 73.1491555, 28.1668304, 0.0 ] ], [ [ 73.1492061, 28.1671428, 0.0 ], [ 73.1492293, 28.1671431, 0.0 ], [ 73.149224, 28.1674464, 0.0 ], [ 73.1492009, 28.1674461, 0.0 ], [ 73.1492061, 28.1671428, 0.0 ] ], [ [ 73.1491501, 28.167142, 0.0 ], [ 73.1491733, 28.1671424, 0.0 ], [ 73.149168, 28.1674456, 0.0 ], [ 73.1491449, 28.1674453, 0.0 ], [ 73.1491501, 28.167142, 0.0 ] ], [ [ 73.1490995, 28.1668296, 0.0 ], [ 73.1491226, 28.1668299, 0.0 ], [ 73.1491174, 28.1671332, 0.0 ], [ 73.1490943, 28.1671329, 0.0 ], [ 73.1490995, 28.1668296, 0.0 ] ], [ [ 73.1490435, 28.1668288, 0.0 ], [ 73.1490666, 28.1668292, 0.0 ], [ 73.1490614, 28.1671324, 0.0 ], [ 73.1490383, 28.1671321, 0.0 ], [ 73.1490435, 28.1668288, 0.0 ] ], [ [ 73.1490941, 28.1671413, 0.0 ], [ 73.1491173, 28.1671416, 0.0 ], [ 73.149112, 28.1674449, 0.0 ], [ 73.1490889, 28.1674446, 0.0 ], [ 73.1490941, 28.1671413, 0.0 ] ], [ [ 73.1490381, 28.1671405, 0.0 ], [ 73.1490613, 28.1671408, 0.0 ], [ 73.149056, 28.1674441, 0.0 ], [ 73.1490329, 28.1674438, 0.0 ], [ 73.1490381, 28.1671405, 0.0 ] ], [ [ 73.1489875, 28.1668281, 0.0 ], [ 73.1490106, 28.1668284, 0.0 ], [ 73.1490054, 28.1671317, 0.0 ], [ 73.1489823, 28.1671314, 0.0 ], [ 73.1489875, 28.1668281, 0.0 ] ], [ [ 73.1489315, 28.1668273, 0.0 ], [ 73.1489546, 28.1668276, 0.0 ], [ 73.1489494, 28.1671309, 0.0 ], [ 73.1489263, 28.1671306, 0.0 ], [ 73.1489315, 28.1668273, 0.0 ] ], [ [ 73.1489821, 28.1671398, 0.0 ], [ 73.1490053, 28.1671401, 0.0 ], [ 73.1490001, 28.1674434, 0.0 ], [ 73.1489769, 28.167443, 0.0 ], [ 73.1489821, 28.1671398, 0.0 ] ], [ [ 73.1489261, 28.167139, 0.0 ], [ 73.1489493, 28.1671393, 0.0 ], [ 73.1489441, 28.1674426, 0.0 ], [ 73.1489209, 28.1674423, 0.0 ], [ 73.1489261, 28.167139, 0.0 ] ], [ [ 73.1488755, 28.1668266, 0.0 ], [ 73.1488986, 28.1668269, 0.0 ], [ 73.1488934, 28.1671302, 0.0 ], [ 73.1488703, 28.1671298, 0.0 ], [ 73.1488755, 28.1668266, 0.0 ] ], [ [ 73.1488195, 28.1668258, 0.0 ], [ 73.1488427, 28.1668261, 0.0 ], [ 73.1488374, 28.1671294, 0.0 ], [ 73.1488143, 28.1671291, 0.0 ], [ 73.1488195, 28.1668258, 0.0 ] ], [ [ 73.1488701, 28.1671383, 0.0 ], [ 73.1488933, 28.1671386, 0.0 ], [ 73.1488881, 28.1674418, 0.0 ], [ 73.1488649, 28.1674415, 0.0 ], [ 73.1488701, 28.1671383, 0.0 ] ], [ [ 73.1488142, 28.1671375, 0.0 ], [ 73.1488373, 28.1671378, 0.0 ], [ 73.1488321, 28.1674411, 0.0 ], [ 73.1488089, 28.1674408, 0.0 ], [ 73.1488142, 28.1671375, 0.0 ] ], [ [ 73.1480916, 28.166816, 0.0 ], [ 73.1481147, 28.1668163, 0.0 ], [ 73.1481095, 28.1671196, 0.0 ], [ 73.1480864, 28.1671192, 0.0 ], [ 73.1480916, 28.166816, 0.0 ] ], [ [ 73.1480356, 28.1668152, 0.0 ], [ 73.1480587, 28.1668155, 0.0 ], [ 73.1480535, 28.1671188, 0.0 ], [ 73.1480304, 28.1671185, 0.0 ], [ 73.1480356, 28.1668152, 0.0 ] ], [ [ 73.1480862, 28.1671277, 0.0 ], [ 73.1481093, 28.167128, 0.0 ], [ 73.1481041, 28.1674312, 0.0 ], [ 73.148081, 28.1674309, 0.0 ], [ 73.1480862, 28.1671277, 0.0 ] ], [ [ 73.1480302, 28.1671269, 0.0 ], [ 73.1480533, 28.1671272, 0.0 ], [ 73.1480481, 28.1674305, 0.0 ], [ 73.148025, 28.1674302, 0.0 ], [ 73.1480302, 28.1671269, 0.0 ] ], [ [ 73.1479796, 28.1668145, 0.0 ], [ 73.1480027, 28.1668148, 0.0 ], [ 73.1479975, 28.167118, 0.0 ], [ 73.1479744, 28.1671177, 0.0 ], [ 73.1479796, 28.1668145, 0.0 ] ], [ [ 73.1479236, 28.1668137, 0.0 ], [ 73.1479467, 28.166814, 0.0 ], [ 73.1479415, 28.1671173, 0.0 ], [ 73.1479184, 28.167117, 0.0 ], [ 73.1479236, 28.1668137, 0.0 ] ], [ [ 73.1479742, 28.1671261, 0.0 ], [ 73.1479973, 28.1671265, 0.0 ], [ 73.1479921, 28.1674297, 0.0 ], [ 73.147969, 28.1674294, 0.0 ], [ 73.1479742, 28.1671261, 0.0 ] ], [ [ 73.1479182, 28.1671254, 0.0 ], [ 73.1479414, 28.1671257, 0.0 ], [ 73.1479361, 28.167429, 0.0 ], [ 73.147913, 28.1674287, 0.0 ], [ 73.1479182, 28.1671254, 0.0 ] ], [ [ 73.1478676, 28.1668129, 0.0 ], [ 73.1478907, 28.1668133, 0.0 ], [ 73.1478855, 28.1671165, 0.0 ], [ 73.1478624, 28.1671162, 0.0 ], [ 73.1478676, 28.1668129, 0.0 ] ], [ [ 73.1478116, 28.1668122, 0.0 ], [ 73.1478347, 28.1668125, 0.0 ], [ 73.1478295, 28.1671158, 0.0 ], [ 73.1478064, 28.1671155, 0.0 ], [ 73.1478116, 28.1668122, 0.0 ] ], [ [ 73.1478622, 28.1671246, 0.0 ], [ 73.1478854, 28.1671249, 0.0 ], [ 73.1478801, 28.1674282, 0.0 ], [ 73.147857, 28.1674279, 0.0 ], [ 73.1478622, 28.1671246, 0.0 ] ], [ [ 73.1478062, 28.1671239, 0.0 ], [ 73.1478294, 28.1671242, 0.0 ], [ 73.1478241, 28.1674274, 0.0 ], [ 73.147801, 28.1674271, 0.0 ], [ 73.1478062, 28.1671239, 0.0 ] ], [ [ 73.1477556, 28.1668114, 0.0 ], [ 73.1477787, 28.1668117, 0.0 ], [ 73.1477735, 28.167115, 0.0 ], [ 73.1477504, 28.1671147, 0.0 ], [ 73.1477556, 28.1668114, 0.0 ] ], [ [ 73.1476996, 28.1668107, 0.0 ], [ 73.1477227, 28.166811, 0.0 ], [ 73.1477175, 28.1671142, 0.0 ], [ 73.1476944, 28.1671139, 0.0 ], [ 73.1476996, 28.1668107, 0.0 ] ], [ [ 73.1477502, 28.1671231, 0.0 ], [ 73.1477734, 28.1671234, 0.0 ], [ 73.1477681, 28.1674267, 0.0 ], [ 73.147745, 28.1674264, 0.0 ], [ 73.1477502, 28.1671231, 0.0 ] ], [ [ 73.1476942, 28.1671224, 0.0 ], [ 73.1477174, 28.1671227, 0.0 ], [ 73.1477121, 28.1674259, 0.0 ], [ 73.147689, 28.1674256, 0.0 ], [ 73.1476942, 28.1671224, 0.0 ] ], [ [ 73.1476436, 28.1668099, 0.0 ], [ 73.1476667, 28.1668102, 0.0 ], [ 73.1476615, 28.1671135, 0.0 ], [ 73.1476384, 28.1671132, 0.0 ], [ 73.1476436, 28.1668099, 0.0 ] ], [ [ 73.1475876, 28.1668092, 0.0 ], [ 73.1476107, 28.1668095, 0.0 ], [ 73.1476055, 28.1671127, 0.0 ], [ 73.1475824, 28.1671124, 0.0 ], [ 73.1475876, 28.1668092, 0.0 ] ], [ [ 73.1476382, 28.1671216, 0.0 ], [ 73.1476614, 28.1671219, 0.0 ], [ 73.1476562, 28.1674252, 0.0 ], [ 73.147633, 28.1674249, 0.0 ], [ 73.1476382, 28.1671216, 0.0 ] ], [ [ 73.1475822, 28.1671208, 0.0 ], [ 73.1476054, 28.1671212, 0.0 ], [ 73.1476002, 28.1674244, 0.0 ], [ 73.147577, 28.1674241, 0.0 ], [ 73.1475822, 28.1671208, 0.0 ] ], [ [ 73.1475316, 28.1668084, 0.0 ], [ 73.1475548, 28.1668087, 0.0 ], [ 73.1475495, 28.167112, 0.0 ], [ 73.1475264, 28.1671117, 0.0 ], [ 73.1475316, 28.1668084, 0.0 ] ], [ [ 73.1474756, 28.1668076, 0.0 ], [ 73.1474988, 28.166808, 0.0 ], [ 73.1474935, 28.1671112, 0.0 ], [ 73.1474704, 28.1671109, 0.0 ], [ 73.1474756, 28.1668076, 0.0 ] ], [ [ 73.1475263, 28.1671201, 0.0 ], [ 73.1475494, 28.1671204, 0.0 ], [ 73.1475442, 28.1674237, 0.0 ], [ 73.147521, 28.1674233, 0.0 ], [ 73.1475263, 28.1671201, 0.0 ] ], [ [ 73.1474703, 28.1671193, 0.0 ], [ 73.1474934, 28.1671196, 0.0 ], [ 73.1474882, 28.1674229, 0.0 ], [ 73.147465, 28.1674226, 0.0 ], [ 73.1474703, 28.1671193, 0.0 ] ], [ [ 73.1474196, 28.1668069, 0.0 ], [ 73.1474428, 28.1668072, 0.0 ], [ 73.1474375, 28.1671105, 0.0 ], [ 73.1474144, 28.1671101, 0.0 ], [ 73.1474196, 28.1668069, 0.0 ] ], [ [ 73.1473636, 28.1668061, 0.0 ], [ 73.1473868, 28.1668064, 0.0 ], [ 73.1473815, 28.1671097, 0.0 ], [ 73.1473584, 28.1671094, 0.0 ], [ 73.1473636, 28.1668061, 0.0 ] ], [ [ 73.1474143, 28.1671186, 0.0 ], [ 73.1474374, 28.1671189, 0.0 ], [ 73.1474322, 28.1674221, 0.0 ], [ 73.147409, 28.1674218, 0.0 ], [ 73.1474143, 28.1671186, 0.0 ] ], [ [ 73.1473583, 28.1671178, 0.0 ], [ 73.1473814, 28.1671181, 0.0 ], [ 73.1473762, 28.1674214, 0.0 ], [ 73.147353, 28.1674211, 0.0 ], [ 73.1473583, 28.1671178, 0.0 ] ], [ [ 73.1473076, 28.1668054, 0.0 ], [ 73.1473308, 28.1668057, 0.0 ], [ 73.1473255, 28.1671089, 0.0 ], [ 73.1473024, 28.1671086, 0.0 ], [ 73.1473076, 28.1668054, 0.0 ] ], [ [ 73.1472516, 28.1668046, 0.0 ], [ 73.1472748, 28.1668049, 0.0 ], [ 73.1472696, 28.1671082, 0.0 ], [ 73.1472464, 28.1671079, 0.0 ], [ 73.1472516, 28.1668046, 0.0 ] ], [ [ 73.1473023, 28.1671171, 0.0 ], [ 73.1473254, 28.1671174, 0.0 ], [ 73.1473202, 28.1674206, 0.0 ], [ 73.147297, 28.1674203, 0.0 ], [ 73.1473023, 28.1671171, 0.0 ] ], [ [ 73.1472463, 28.1671163, 0.0 ], [ 73.1472694, 28.1671166, 0.0 ], [ 73.1472642, 28.1674199, 0.0 ], [ 73.147241, 28.1674196, 0.0 ], [ 73.1472463, 28.1671163, 0.0 ] ], [ [ 73.1471957, 28.1668038, 0.0 ], [ 73.1472188, 28.1668042, 0.0 ], [ 73.1472136, 28.1671074, 0.0 ], [ 73.1471904, 28.1671071, 0.0 ], [ 73.1471957, 28.1668038, 0.0 ] ], [ [ 73.1471397, 28.1668031, 0.0 ], [ 73.1471628, 28.1668034, 0.0 ], [ 73.1471576, 28.1671067, 0.0 ], [ 73.1471344, 28.1671064, 0.0 ], [ 73.1471397, 28.1668031, 0.0 ] ], [ [ 73.1471903, 28.1671155, 0.0 ], [ 73.1472134, 28.1671158, 0.0 ], [ 73.1472082, 28.1674191, 0.0 ], [ 73.1471851, 28.1674188, 0.0 ], [ 73.1471903, 28.1671155, 0.0 ] ], [ [ 73.1471343, 28.1671148, 0.0 ], [ 73.1471574, 28.1671151, 0.0 ], [ 73.1471522, 28.1674184, 0.0 ], [ 73.1471291, 28.167418, 0.0 ], [ 73.1471343, 28.1671148, 0.0 ] ], [ [ 73.1470837, 28.1668023, 0.0 ], [ 73.1471068, 28.1668026, 0.0 ], [ 73.1471016, 28.1671059, 0.0 ], [ 73.1470784, 28.1671056, 0.0 ], [ 73.1470837, 28.1668023, 0.0 ] ], [ [ 73.1470277, 28.1668016, 0.0 ], [ 73.1470508, 28.1668019, 0.0 ], [ 73.1470456, 28.1671052, 0.0 ], [ 73.1470224, 28.1671048, 0.0 ], [ 73.1470277, 28.1668016, 0.0 ] ], [ [ 73.1470783, 28.167114, 0.0 ], [ 73.1471014, 28.1671143, 0.0 ], [ 73.1470962, 28.1674176, 0.0 ], [ 73.1470731, 28.1674173, 0.0 ], [ 73.1470783, 28.167114, 0.0 ] ], [ [ 73.1470223, 28.1671133, 0.0 ], [ 73.1470454, 28.1671136, 0.0 ], [ 73.1470402, 28.1674168, 0.0 ], [ 73.1470171, 28.1674165, 0.0 ], [ 73.1470223, 28.1671133, 0.0 ] ], [ [ 73.1469717, 28.1668008, 0.0 ], [ 73.1469948, 28.1668011, 0.0 ], [ 73.1469896, 28.1671044, 0.0 ], [ 73.1469664, 28.1671041, 0.0 ], [ 73.1469717, 28.1668008, 0.0 ] ], [ [ 73.1469157, 28.1668001, 0.0 ], [ 73.1469388, 28.1668004, 0.0 ], [ 73.1469336, 28.1671036, 0.0 ], [ 73.1469104, 28.1671033, 0.0 ], [ 73.1469157, 28.1668001, 0.0 ] ], [ [ 73.1469663, 28.1671125, 0.0 ], [ 73.1469894, 28.1671128, 0.0 ], [ 73.1469842, 28.1674161, 0.0 ], [ 73.1469611, 28.1674158, 0.0 ], [ 73.1469663, 28.1671125, 0.0 ] ], [ [ 73.1469103, 28.1671117, 0.0 ], [ 73.1469334, 28.1671121, 0.0 ], [ 73.1469282, 28.1674153, 0.0 ], [ 73.1469051, 28.167415, 0.0 ], [ 73.1469103, 28.1671117, 0.0 ] ], [ [ 73.1468597, 28.1667993, 0.0 ], [ 73.1468828, 28.1667996, 0.0 ], [ 73.1468776, 28.1671029, 0.0 ], [ 73.1468545, 28.1671026, 0.0 ], [ 73.1468597, 28.1667993, 0.0 ] ], [ [ 73.1468037, 28.1667985, 0.0 ], [ 73.1468268, 28.1667989, 0.0 ], [ 73.1468216, 28.1671021, 0.0 ], [ 73.1467985, 28.1671018, 0.0 ], [ 73.1468037, 28.1667985, 0.0 ] ], [ [ 73.1468543, 28.167111, 0.0 ], [ 73.1468774, 28.1671113, 0.0 ], [ 73.1468722, 28.1674146, 0.0 ], [ 73.1468491, 28.1674143, 0.0 ], [ 73.1468543, 28.167111, 0.0 ] ], [ [ 73.1467983, 28.1671102, 0.0 ], [ 73.1468214, 28.1671105, 0.0 ], [ 73.1468162, 28.1674138, 0.0 ], [ 73.1467931, 28.1674135, 0.0 ], [ 73.1467983, 28.1671102, 0.0 ] ], [ [ 73.1467477, 28.1667978, 0.0 ], [ 73.1467708, 28.1667981, 0.0 ], [ 73.1467656, 28.1671014, 0.0 ], [ 73.1467425, 28.1671011, 0.0 ], [ 73.1467477, 28.1667978, 0.0 ] ], [ [ 73.1466917, 28.166797, 0.0 ], [ 73.1467148, 28.1667973, 0.0 ], [ 73.1467096, 28.1671006, 0.0 ], [ 73.1466865, 28.1671003, 0.0 ], [ 73.1466917, 28.166797, 0.0 ] ], [ [ 73.1467423, 28.1671095, 0.0 ], [ 73.1467654, 28.1671098, 0.0 ], [ 73.1467602, 28.1674131, 0.0 ], [ 73.1467371, 28.1674127, 0.0 ], [ 73.1467423, 28.1671095, 0.0 ] ], [ [ 73.1466863, 28.1671087, 0.0 ], [ 73.1467095, 28.167109, 0.0 ], [ 73.1467042, 28.1674123, 0.0 ], [ 73.1466811, 28.167412, 0.0 ], [ 73.1466863, 28.1671087, 0.0 ] ], [ [ 73.1466357, 28.1667963, 0.0 ], [ 73.1466588, 28.1667966, 0.0 ], [ 73.1466536, 28.1670999, 0.0 ], [ 73.1466305, 28.1670995, 0.0 ], [ 73.1466357, 28.1667963, 0.0 ] ], [ [ 73.1465797, 28.1667955, 0.0 ], [ 73.1466028, 28.1667958, 0.0 ], [ 73.1465976, 28.1670991, 0.0 ], [ 73.1465745, 28.1670988, 0.0 ], [ 73.1465797, 28.1667955, 0.0 ] ], [ [ 73.1466303, 28.167108, 0.0 ], [ 73.1466535, 28.1671083, 0.0 ], [ 73.1466482, 28.1674115, 0.0 ], [ 73.1466251, 28.1674112, 0.0 ], [ 73.1466303, 28.167108, 0.0 ] ], [ [ 73.1465743, 28.1671072, 0.0 ], [ 73.1465975, 28.1671075, 0.0 ], [ 73.1465922, 28.1674108, 0.0 ], [ 73.1465691, 28.1674105, 0.0 ], [ 73.1465743, 28.1671072, 0.0 ] ], [ [ 73.1465237, 28.1667948, 0.0 ], [ 73.1465468, 28.1667951, 0.0 ], [ 73.1465416, 28.1670983, 0.0 ], [ 73.1465185, 28.167098, 0.0 ], [ 73.1465237, 28.1667948, 0.0 ] ], [ [ 73.1464677, 28.166794, 0.0 ], [ 73.1464908, 28.1667943, 0.0 ], [ 73.1464856, 28.1670976, 0.0 ], [ 73.1464625, 28.1670973, 0.0 ], [ 73.1464677, 28.166794, 0.0 ] ], [ [ 73.1465183, 28.1671064, 0.0 ], [ 73.1465415, 28.1671068, 0.0 ], [ 73.1465362, 28.16741, 0.0 ], [ 73.1465131, 28.1674097, 0.0 ], [ 73.1465183, 28.1671064, 0.0 ] ], [ [ 73.1464623, 28.1671057, 0.0 ], [ 73.1464855, 28.167106, 0.0 ], [ 73.1464802, 28.1674093, 0.0 ], [ 73.1464571, 28.167409, 0.0 ], [ 73.1464623, 28.1671057, 0.0 ] ], [ [ 73.1464117, 28.1667932, 0.0 ], [ 73.1464348, 28.1667936, 0.0 ], [ 73.1464296, 28.1670968, 0.0 ], [ 73.1464065, 28.1670965, 0.0 ], [ 73.1464117, 28.1667932, 0.0 ] ], [ [ 73.1463557, 28.1667925, 0.0 ], [ 73.1463789, 28.1667928, 0.0 ], [ 73.1463736, 28.1670961, 0.0 ], [ 73.1463505, 28.1670957, 0.0 ], [ 73.1463557, 28.1667925, 0.0 ] ], [ [ 73.1464063, 28.1671049, 0.0 ], [ 73.1464295, 28.1671052, 0.0 ], [ 73.1464242, 28.1674085, 0.0 ], [ 73.1464011, 28.1674082, 0.0 ], [ 73.1464063, 28.1671049, 0.0 ] ], [ [ 73.1463503, 28.1671042, 0.0 ], [ 73.1463735, 28.1671045, 0.0 ], [ 73.1463682, 28.1674077, 0.0 ], [ 73.1463451, 28.1674074, 0.0 ], [ 73.1463503, 28.1671042, 0.0 ] ], [ [ 73.1462997, 28.1667917, 0.0 ], [ 73.1463229, 28.166792, 0.0 ], [ 73.1463176, 28.1670953, 0.0 ], [ 73.1462945, 28.167095, 0.0 ], [ 73.1462997, 28.1667917, 0.0 ] ], [ [ 73.1462437, 28.166791, 0.0 ], [ 73.1462669, 28.1667913, 0.0 ], [ 73.1462616, 28.1670945, 0.0 ], [ 73.1462385, 28.1670942, 0.0 ], [ 73.1462437, 28.166791, 0.0 ] ], [ [ 73.1462944, 28.1671034, 0.0 ], [ 73.1463175, 28.1671037, 0.0 ], [ 73.1463123, 28.167407, 0.0 ], [ 73.1462891, 28.1674067, 0.0 ], [ 73.1462944, 28.1671034, 0.0 ] ], [ [ 73.1462384, 28.1671027, 0.0 ], [ 73.1462615, 28.167103, 0.0 ], [ 73.1462563, 28.1674062, 0.0 ], [ 73.1462331, 28.1674059, 0.0 ], [ 73.1462384, 28.1671027, 0.0 ] ], [ [ 73.1461877, 28.1667902, 0.0 ], [ 73.1462109, 28.1667905, 0.0 ], [ 73.1462056, 28.1670938, 0.0 ], [ 73.1461825, 28.1670935, 0.0 ], [ 73.1461877, 28.1667902, 0.0 ] ], [ [ 73.1461317, 28.1667894, 0.0 ], [ 73.1461549, 28.1667898, 0.0 ], [ 73.1461496, 28.167093, 0.0 ], [ 73.1461265, 28.1670927, 0.0 ], [ 73.1461317, 28.1667894, 0.0 ] ], [ [ 73.1461824, 28.1671019, 0.0 ], [ 73.1462055, 28.1671022, 0.0 ], [ 73.1462003, 28.1674055, 0.0 ], [ 73.1461771, 28.1674052, 0.0 ], [ 73.1461824, 28.1671019, 0.0 ] ], [ [ 73.1461264, 28.1671011, 0.0 ], [ 73.1461495, 28.1671014, 0.0 ], [ 73.1461443, 28.1674047, 0.0 ], [ 73.1461211, 28.1674044, 0.0 ], [ 73.1461264, 28.1671011, 0.0 ] ], [ [ 73.1460757, 28.1667887, 0.0 ], [ 73.1460989, 28.166789, 0.0 ], [ 73.1460936, 28.1670923, 0.0 ], [ 73.1460705, 28.167092, 0.0 ], [ 73.1460757, 28.1667887, 0.0 ] ], [ [ 73.1460197, 28.1667879, 0.0 ], [ 73.1460429, 28.1667882, 0.0 ], [ 73.1460376, 28.1670915, 0.0 ], [ 73.1460145, 28.1670912, 0.0 ], [ 73.1460197, 28.1667879, 0.0 ] ], [ [ 73.1460704, 28.1671004, 0.0 ], [ 73.1460935, 28.1671007, 0.0 ], [ 73.1460883, 28.167404, 0.0 ], [ 73.1460651, 28.1674036, 0.0 ], [ 73.1460704, 28.1671004, 0.0 ] ], [ [ 73.1460144, 28.1670996, 0.0 ], [ 73.1460375, 28.1670999, 0.0 ], [ 73.1460323, 28.1674032, 0.0 ], [ 73.1460091, 28.1674029, 0.0 ], [ 73.1460144, 28.1670996, 0.0 ] ], [ [ 73.1459638, 28.1667872, 0.0 ], [ 73.1459869, 28.1667875, 0.0 ], [ 73.1459817, 28.1670908, 0.0 ], [ 73.1459585, 28.1670904, 0.0 ], [ 73.1459638, 28.1667872, 0.0 ] ], [ [ 73.1459078, 28.1667864, 0.0 ], [ 73.1459309, 28.1667867, 0.0 ], [ 73.1459257, 28.16709, 0.0 ], [ 73.1459025, 28.1670897, 0.0 ], [ 73.1459078, 28.1667864, 0.0 ] ], [ [ 73.1459584, 28.1670989, 0.0 ], [ 73.1459815, 28.1670992, 0.0 ], [ 73.1459763, 28.1674024, 0.0 ], [ 73.1459531, 28.1674021, 0.0 ], [ 73.1459584, 28.1670989, 0.0 ] ], [ [ 73.1459024, 28.1670981, 0.0 ], [ 73.1459255, 28.1670984, 0.0 ], [ 73.1459203, 28.1674017, 0.0 ], [ 73.1458972, 28.1674014, 0.0 ], [ 73.1459024, 28.1670981, 0.0 ] ], [ [ 73.1458518, 28.1667857, 0.0 ], [ 73.1458749, 28.166786, 0.0 ], [ 73.1458697, 28.1670892, 0.0 ], [ 73.1458465, 28.1670889, 0.0 ], [ 73.1458518, 28.1667857, 0.0 ] ], [ [ 73.1457958, 28.1667849, 0.0 ], [ 73.1458189, 28.1667852, 0.0 ], [ 73.1458137, 28.1670885, 0.0 ], [ 73.1457905, 28.1670882, 0.0 ], [ 73.1457958, 28.1667849, 0.0 ] ], [ [ 73.1458464, 28.1670973, 0.0 ], [ 73.1458695, 28.1670977, 0.0 ], [ 73.1458643, 28.1674009, 0.0 ], [ 73.1458412, 28.1674006, 0.0 ], [ 73.1458464, 28.1670973, 0.0 ] ], [ [ 73.1457904, 28.1670966, 0.0 ], [ 73.1458135, 28.1670969, 0.0 ], [ 73.1458083, 28.1674002, 0.0 ], [ 73.1457852, 28.1673999, 0.0 ], [ 73.1457904, 28.1670966, 0.0 ] ], [ [ 73.1457398, 28.1667841, 0.0 ], [ 73.1457629, 28.1667845, 0.0 ], [ 73.1457577, 28.1670877, 0.0 ], [ 73.1457345, 28.1670874, 0.0 ], [ 73.1457398, 28.1667841, 0.0 ] ], [ [ 73.1456838, 28.1667834, 0.0 ], [ 73.1457069, 28.1667837, 0.0 ], [ 73.1457017, 28.167087, 0.0 ], [ 73.1456785, 28.1670866, 0.0 ], [ 73.1456838, 28.1667834, 0.0 ] ], [ [ 73.1457344, 28.1670958, 0.0 ], [ 73.1457575, 28.1670961, 0.0 ], [ 73.1457523, 28.1673994, 0.0 ], [ 73.1457292, 28.1673991, 0.0 ], [ 73.1457344, 28.1670958, 0.0 ] ], [ [ 73.1456784, 28.1670951, 0.0 ], [ 73.1457015, 28.1670954, 0.0 ], [ 73.1456963, 28.1673986, 0.0 ], [ 73.1456732, 28.1673983, 0.0 ], [ 73.1456784, 28.1670951, 0.0 ] ], [ [ 73.1456278, 28.1667826, 0.0 ], [ 73.1456509, 28.1667829, 0.0 ], [ 73.1456457, 28.1670862, 0.0 ], [ 73.1456225, 28.1670859, 0.0 ], [ 73.1456278, 28.1667826, 0.0 ] ], [ [ 73.1455718, 28.1667819, 0.0 ], [ 73.1455949, 28.1667822, 0.0 ], [ 73.1455897, 28.1670854, 0.0 ], [ 73.1455666, 28.1670851, 0.0 ], [ 73.1455718, 28.1667819, 0.0 ] ], [ [ 73.1456224, 28.1670943, 0.0 ], [ 73.1456455, 28.1670946, 0.0 ], [ 73.1456403, 28.1673979, 0.0 ], [ 73.1456172, 28.1673976, 0.0 ], [ 73.1456224, 28.1670943, 0.0 ] ], [ [ 73.1455664, 28.1670936, 0.0 ], [ 73.1455895, 28.1670939, 0.0 ], [ 73.1455843, 28.1673971, 0.0 ], [ 73.1455612, 28.1673968, 0.0 ], [ 73.1455664, 28.1670936, 0.0 ] ], [ [ 73.1455158, 28.1667811, 0.0 ], [ 73.1455389, 28.1667814, 0.0 ], [ 73.1455337, 28.1670847, 0.0 ], [ 73.1455106, 28.1670844, 0.0 ], [ 73.1455158, 28.1667811, 0.0 ] ], [ [ 73.1454598, 28.1667803, 0.0 ], [ 73.1454829, 28.1667807, 0.0 ], [ 73.1454777, 28.1670839, 0.0 ], [ 73.1454546, 28.1670836, 0.0 ], [ 73.1454598, 28.1667803, 0.0 ] ], [ [ 73.1455104, 28.1670928, 0.0 ], [ 73.1455335, 28.1670931, 0.0 ], [ 73.1455283, 28.1673964, 0.0 ], [ 73.1455052, 28.1673961, 0.0 ], [ 73.1455104, 28.1670928, 0.0 ] ], [ [ 73.1454544, 28.167092, 0.0 ], [ 73.1454775, 28.1670923, 0.0 ], [ 73.1454723, 28.1673956, 0.0 ], [ 73.1454492, 28.1673953, 0.0 ], [ 73.1454544, 28.167092, 0.0 ] ], [ [ 73.151126, 28.1662374, 0.0 ], [ 73.1511491, 28.1662377, 0.0 ], [ 73.1511439, 28.1665409, 0.0 ], [ 73.1511208, 28.1665406, 0.0 ], [ 73.151126, 28.1662374, 0.0 ] ], [ [ 73.15107, 28.1662366, 0.0 ], [ 73.1510931, 28.1662369, 0.0 ], [ 73.1510879, 28.1665402, 0.0 ], [ 73.1510648, 28.1665399, 0.0 ], [ 73.15107, 28.1662366, 0.0 ] ], [ [ 73.1511206, 28.1665491, 0.0 ], [ 73.1511438, 28.1665494, 0.0 ], [ 73.1511385, 28.1668526, 0.0 ], [ 73.1511154, 28.1668523, 0.0 ], [ 73.1511206, 28.1665491, 0.0 ] ], [ [ 73.1510646, 28.1665483, 0.0 ], [ 73.1510878, 28.1665486, 0.0 ], [ 73.1510826, 28.1668519, 0.0 ], [ 73.1510594, 28.1668516, 0.0 ], [ 73.1510646, 28.1665483, 0.0 ] ], [ [ 73.151014, 28.1662359, 0.0 ], [ 73.1510371, 28.1662362, 0.0 ], [ 73.1510319, 28.1665394, 0.0 ], [ 73.1510088, 28.1665391, 0.0 ], [ 73.151014, 28.1662359, 0.0 ] ], [ [ 73.150958, 28.1662351, 0.0 ], [ 73.1509811, 28.1662354, 0.0 ], [ 73.1509759, 28.1665387, 0.0 ], [ 73.1509528, 28.1665384, 0.0 ], [ 73.150958, 28.1662351, 0.0 ] ], [ [ 73.1510086, 28.1665475, 0.0 ], [ 73.1510318, 28.1665479, 0.0 ], [ 73.1510266, 28.1668511, 0.0 ], [ 73.1510034, 28.1668508, 0.0 ], [ 73.1510086, 28.1665475, 0.0 ] ], [ [ 73.1509526, 28.1665468, 0.0 ], [ 73.1509758, 28.1665471, 0.0 ], [ 73.1509706, 28.1668504, 0.0 ], [ 73.1509474, 28.1668501, 0.0 ], [ 73.1509526, 28.1665468, 0.0 ] ], [ [ 73.150902, 28.1662343, 0.0 ], [ 73.1509251, 28.1662347, 0.0 ], [ 73.1509199, 28.1665379, 0.0 ], [ 73.1508968, 28.1665376, 0.0 ], [ 73.150902, 28.1662343, 0.0 ] ], [ [ 73.150846, 28.1662336, 0.0 ], [ 73.1508691, 28.1662339, 0.0 ], [ 73.1508639, 28.1665372, 0.0 ], [ 73.1508408, 28.1665369, 0.0 ], [ 73.150846, 28.1662336, 0.0 ] ], [ [ 73.1508966, 28.166546, 0.0 ], [ 73.1509198, 28.1665463, 0.0 ], [ 73.1509146, 28.1668496, 0.0 ], [ 73.1508914, 28.1668493, 0.0 ], [ 73.1508966, 28.166546, 0.0 ] ], [ [ 73.1508407, 28.1665453, 0.0 ], [ 73.1508638, 28.1665456, 0.0 ], [ 73.1508586, 28.1668489, 0.0 ], [ 73.1508354, 28.1668485, 0.0 ], [ 73.1508407, 28.1665453, 0.0 ] ], [ [ 73.15079, 28.1662328, 0.0 ], [ 73.1508131, 28.1662331, 0.0 ], [ 73.1508079, 28.1665364, 0.0 ], [ 73.1507848, 28.1665361, 0.0 ], [ 73.15079, 28.1662328, 0.0 ] ], [ [ 73.150734, 28.1662321, 0.0 ], [ 73.1507572, 28.1662324, 0.0 ], [ 73.1507519, 28.1665357, 0.0 ], [ 73.1507288, 28.1665353, 0.0 ], [ 73.150734, 28.1662321, 0.0 ] ], [ [ 73.1507847, 28.1665445, 0.0 ], [ 73.1508078, 28.1665448, 0.0 ], [ 73.1508026, 28.1668481, 0.0 ], [ 73.1507794, 28.1668478, 0.0 ], [ 73.1507847, 28.1665445, 0.0 ] ], [ [ 73.1507287, 28.1665438, 0.0 ], [ 73.1507518, 28.1665441, 0.0 ], [ 73.1507466, 28.1668473, 0.0 ], [ 73.1507234, 28.166847, 0.0 ], [ 73.1507287, 28.1665438, 0.0 ] ], [ [ 73.150678, 28.1662313, 0.0 ], [ 73.1507012, 28.1662316, 0.0 ], [ 73.1506959, 28.1665349, 0.0 ], [ 73.1506728, 28.1665346, 0.0 ], [ 73.150678, 28.1662313, 0.0 ] ], [ [ 73.150622, 28.1662306, 0.0 ], [ 73.1506452, 28.1662309, 0.0 ], [ 73.1506399, 28.1665341, 0.0 ], [ 73.1506168, 28.1665338, 0.0 ], [ 73.150622, 28.1662306, 0.0 ] ], [ [ 73.1506727, 28.166543, 0.0 ], [ 73.1506958, 28.1665433, 0.0 ], [ 73.1506906, 28.1668466, 0.0 ], [ 73.1506675, 28.1668463, 0.0 ], [ 73.1506727, 28.166543, 0.0 ] ], [ [ 73.1506167, 28.1665422, 0.0 ], [ 73.1506398, 28.1665426, 0.0 ], [ 73.1506346, 28.1668458, 0.0 ], [ 73.1506115, 28.1668455, 0.0 ], [ 73.1506167, 28.1665422, 0.0 ] ], [ [ 73.150566, 28.1662298, 0.0 ], [ 73.1505892, 28.1662301, 0.0 ], [ 73.150584, 28.1665334, 0.0 ], [ 73.1505608, 28.1665331, 0.0 ], [ 73.150566, 28.1662298, 0.0 ] ], [ [ 73.15051, 28.1662291, 0.0 ], [ 73.1505332, 28.1662294, 0.0 ], [ 73.150528, 28.1665326, 0.0 ], [ 73.1505048, 28.1665323, 0.0 ], [ 73.15051, 28.1662291, 0.0 ] ], [ [ 73.1505607, 28.1665415, 0.0 ], [ 73.1505838, 28.1665418, 0.0 ], [ 73.1505786, 28.1668451, 0.0 ], [ 73.1505555, 28.1668448, 0.0 ], [ 73.1505607, 28.1665415, 0.0 ] ], [ [ 73.1505047, 28.1665407, 0.0 ], [ 73.1505278, 28.166541, 0.0 ], [ 73.1505226, 28.1668443, 0.0 ], [ 73.1504995, 28.166844, 0.0 ], [ 73.1505047, 28.1665407, 0.0 ] ], [ [ 73.150454, 28.1662283, 0.0 ], [ 73.1504772, 28.1662286, 0.0 ], [ 73.150472, 28.1665319, 0.0 ], [ 73.1504488, 28.1665316, 0.0 ], [ 73.150454, 28.1662283, 0.0 ] ], [ [ 73.1503981, 28.1662275, 0.0 ], [ 73.1504212, 28.1662278, 0.0 ], [ 73.150416, 28.1665311, 0.0 ], [ 73.1503928, 28.1665308, 0.0 ], [ 73.1503981, 28.1662275, 0.0 ] ], [ [ 73.1504487, 28.16654, 0.0 ], [ 73.1504718, 28.1665403, 0.0 ], [ 73.1504666, 28.1668436, 0.0 ], [ 73.1504435, 28.1668432, 0.0 ], [ 73.1504487, 28.16654, 0.0 ] ], [ [ 73.1503927, 28.1665392, 0.0 ], [ 73.1504158, 28.1665395, 0.0 ], [ 73.1504106, 28.1668428, 0.0 ], [ 73.1503875, 28.1668425, 0.0 ], [ 73.1503927, 28.1665392, 0.0 ] ], [ [ 73.1503421, 28.1662268, 0.0 ], [ 73.1503652, 28.1662271, 0.0 ], [ 73.15036, 28.1665304, 0.0 ], [ 73.1503368, 28.16653, 0.0 ], [ 73.1503421, 28.1662268, 0.0 ] ], [ [ 73.1502861, 28.166226, 0.0 ], [ 73.1503092, 28.1662263, 0.0 ], [ 73.150304, 28.1665296, 0.0 ], [ 73.1502808, 28.1665293, 0.0 ], [ 73.1502861, 28.166226, 0.0 ] ], [ [ 73.1503367, 28.1665385, 0.0 ], [ 73.1503598, 28.1665388, 0.0 ], [ 73.1503546, 28.166842, 0.0 ], [ 73.1503315, 28.1668417, 0.0 ], [ 73.1503367, 28.1665385, 0.0 ] ], [ [ 73.1502807, 28.1665377, 0.0 ], [ 73.1503038, 28.166538, 0.0 ], [ 73.1502986, 28.1668413, 0.0 ], [ 73.1502755, 28.166841, 0.0 ], [ 73.1502807, 28.1665377, 0.0 ] ], [ [ 73.1502301, 28.1662253, 0.0 ], [ 73.1502532, 28.1662256, 0.0 ], [ 73.150248, 28.1665288, 0.0 ], [ 73.1502248, 28.1665285, 0.0 ], [ 73.1502301, 28.1662253, 0.0 ] ], [ [ 73.1501741, 28.1662245, 0.0 ], [ 73.1501972, 28.1662248, 0.0 ], [ 73.150192, 28.1665281, 0.0 ], [ 73.1501689, 28.1665278, 0.0 ], [ 73.1501741, 28.1662245, 0.0 ] ], [ [ 73.1502247, 28.166537, 0.0 ], [ 73.1502478, 28.1665373, 0.0 ], [ 73.1502426, 28.1668405, 0.0 ], [ 73.1502195, 28.1668402, 0.0 ], [ 73.1502247, 28.166537, 0.0 ] ], [ [ 73.1501687, 28.1665362, 0.0 ], [ 73.1501918, 28.1665365, 0.0 ], [ 73.1501866, 28.1668398, 0.0 ], [ 73.1501635, 28.1668395, 0.0 ], [ 73.1501687, 28.1665362, 0.0 ] ], [ [ 73.1501181, 28.1662238, 0.0 ], [ 73.1501412, 28.1662241, 0.0 ], [ 73.150136, 28.1665273, 0.0 ], [ 73.1501129, 28.166527, 0.0 ], [ 73.1501181, 28.1662238, 0.0 ] ], [ [ 73.1500621, 28.166223, 0.0 ], [ 73.1500852, 28.1662233, 0.0 ], [ 73.15008, 28.1665266, 0.0 ], [ 73.1500569, 28.1665263, 0.0 ], [ 73.1500621, 28.166223, 0.0 ] ], [ [ 73.1501127, 28.1665354, 0.0 ], [ 73.1501358, 28.1665358, 0.0 ], [ 73.1501306, 28.166839, 0.0 ], [ 73.1501075, 28.1668387, 0.0 ], [ 73.1501127, 28.1665354, 0.0 ] ], [ [ 73.1500567, 28.1665347, 0.0 ], [ 73.1500798, 28.166535, 0.0 ], [ 73.1500746, 28.1668383, 0.0 ], [ 73.1500515, 28.166838, 0.0 ], [ 73.1500567, 28.1665347, 0.0 ] ], [ [ 73.1500061, 28.1662222, 0.0 ], [ 73.1500292, 28.1662226, 0.0 ], [ 73.150024, 28.1665258, 0.0 ], [ 73.1500009, 28.1665255, 0.0 ], [ 73.1500061, 28.1662222, 0.0 ] ], [ [ 73.1499501, 28.1662215, 0.0 ], [ 73.1499732, 28.1662218, 0.0 ], [ 73.149968, 28.1665251, 0.0 ], [ 73.1499449, 28.1665248, 0.0 ], [ 73.1499501, 28.1662215, 0.0 ] ], [ [ 73.1500007, 28.1665339, 0.0 ], [ 73.1500239, 28.1665342, 0.0 ], [ 73.1500186, 28.1668375, 0.0 ], [ 73.1499955, 28.1668372, 0.0 ], [ 73.1500007, 28.1665339, 0.0 ] ], [ [ 73.1499447, 28.1665332, 0.0 ], [ 73.1499679, 28.1665335, 0.0 ], [ 73.1499626, 28.1668368, 0.0 ], [ 73.1499395, 28.1668364, 0.0 ], [ 73.1499447, 28.1665332, 0.0 ] ], [ [ 73.1498941, 28.1662207, 0.0 ], [ 73.1499172, 28.166221, 0.0 ], [ 73.149912, 28.1665243, 0.0 ], [ 73.1498889, 28.166524, 0.0 ], [ 73.1498941, 28.1662207, 0.0 ] ], [ [ 73.1498381, 28.16622, 0.0 ], [ 73.1498612, 28.1662203, 0.0 ], [ 73.149856, 28.1665236, 0.0 ], [ 73.1498329, 28.1665232, 0.0 ], [ 73.1498381, 28.16622, 0.0 ] ], [ [ 73.1498887, 28.1665324, 0.0 ], [ 73.1499119, 28.1665327, 0.0 ], [ 73.1499066, 28.166836, 0.0 ], [ 73.1498835, 28.1668357, 0.0 ], [ 73.1498887, 28.1665324, 0.0 ] ], [ [ 73.1498327, 28.1665317, 0.0 ], [ 73.1498559, 28.166532, 0.0 ], [ 73.1498506, 28.1668352, 0.0 ], [ 73.1498275, 28.1668349, 0.0 ], [ 73.1498327, 28.1665317, 0.0 ] ], [ [ 73.1497821, 28.1662192, 0.0 ], [ 73.1498052, 28.1662195, 0.0 ], [ 73.1498, 28.1665228, 0.0 ], [ 73.1497769, 28.1665225, 0.0 ], [ 73.1497821, 28.1662192, 0.0 ] ], [ [ 73.1497261, 28.1662185, 0.0 ], [ 73.1497492, 28.1662188, 0.0 ], [ 73.149744, 28.166522, 0.0 ], [ 73.1497209, 28.1665217, 0.0 ], [ 73.1497261, 28.1662185, 0.0 ] ], [ [ 73.1497767, 28.1665309, 0.0 ], [ 73.1497999, 28.1665312, 0.0 ], [ 73.1497947, 28.1668345, 0.0 ], [ 73.1497715, 28.1668342, 0.0 ], [ 73.1497767, 28.1665309, 0.0 ] ], [ [ 73.1497207, 28.1665301, 0.0 ], [ 73.1497439, 28.1665305, 0.0 ], [ 73.1497387, 28.1668337, 0.0 ], [ 73.1497155, 28.1668334, 0.0 ], [ 73.1497207, 28.1665301, 0.0 ] ], [ [ 73.1496701, 28.1662177, 0.0 ], [ 73.1496932, 28.166218, 0.0 ], [ 73.149688, 28.1665213, 0.0 ], [ 73.1496649, 28.166521, 0.0 ], [ 73.1496701, 28.1662177, 0.0 ] ], [ [ 73.1496141, 28.1662169, 0.0 ], [ 73.1496372, 28.1662173, 0.0 ], [ 73.149632, 28.1665205, 0.0 ], [ 73.1496089, 28.1665202, 0.0 ], [ 73.1496141, 28.1662169, 0.0 ] ], [ [ 73.1496647, 28.1665294, 0.0 ], [ 73.1496879, 28.1665297, 0.0 ], [ 73.1496827, 28.166833, 0.0 ], [ 73.1496595, 28.1668327, 0.0 ], [ 73.1496647, 28.1665294, 0.0 ] ], [ [ 73.1496088, 28.1665286, 0.0 ], [ 73.1496319, 28.1665289, 0.0 ], [ 73.1496267, 28.1668322, 0.0 ], [ 73.1496035, 28.1668319, 0.0 ], [ 73.1496088, 28.1665286, 0.0 ] ], [ [ 73.1495581, 28.1662162, 0.0 ], [ 73.1495813, 28.1662165, 0.0 ], [ 73.149576, 28.1665198, 0.0 ], [ 73.1495529, 28.1665195, 0.0 ], [ 73.1495581, 28.1662162, 0.0 ] ], [ [ 73.1495021, 28.1662154, 0.0 ], [ 73.1495253, 28.1662157, 0.0 ], [ 73.14952, 28.166519, 0.0 ], [ 73.1494969, 28.1665187, 0.0 ], [ 73.1495021, 28.1662154, 0.0 ] ], [ [ 73.1495528, 28.1665279, 0.0 ], [ 73.1495759, 28.1665282, 0.0 ], [ 73.1495707, 28.1668315, 0.0 ], [ 73.1495475, 28.1668311, 0.0 ], [ 73.1495528, 28.1665279, 0.0 ] ], [ [ 73.1494968, 28.1665271, 0.0 ], [ 73.1495199, 28.1665274, 0.0 ], [ 73.1495147, 28.1668307, 0.0 ], [ 73.1494915, 28.1668304, 0.0 ], [ 73.1494968, 28.1665271, 0.0 ] ], [ [ 73.1494461, 28.1662147, 0.0 ], [ 73.1494693, 28.166215, 0.0 ], [ 73.149464, 28.1665183, 0.0 ], [ 73.1494409, 28.1665179, 0.0 ], [ 73.1494461, 28.1662147, 0.0 ] ], [ [ 73.1493901, 28.1662139, 0.0 ], [ 73.1494133, 28.1662142, 0.0 ], [ 73.149408, 28.1665175, 0.0 ], [ 73.1493849, 28.1665172, 0.0 ], [ 73.1493901, 28.1662139, 0.0 ] ], [ [ 73.1494408, 28.1665264, 0.0 ], [ 73.1494639, 28.1665267, 0.0 ], [ 73.1494587, 28.1668299, 0.0 ], [ 73.1494355, 28.1668296, 0.0 ], [ 73.1494408, 28.1665264, 0.0 ] ], [ [ 73.1493848, 28.1665256, 0.0 ], [ 73.1494079, 28.1665259, 0.0 ], [ 73.1494027, 28.1668292, 0.0 ], [ 73.1493796, 28.1668289, 0.0 ], [ 73.1493848, 28.1665256, 0.0 ] ], [ [ 73.1493341, 28.1662132, 0.0 ], [ 73.1493573, 28.1662135, 0.0 ], [ 73.1493521, 28.1665167, 0.0 ], [ 73.1493289, 28.1665164, 0.0 ], [ 73.1493341, 28.1662132, 0.0 ] ], [ [ 73.1492781, 28.1662124, 0.0 ], [ 73.1493013, 28.1662127, 0.0 ], [ 73.1492961, 28.166516, 0.0 ], [ 73.1492729, 28.1665157, 0.0 ], [ 73.1492781, 28.1662124, 0.0 ] ], [ [ 73.1493288, 28.1665248, 0.0 ], [ 73.1493519, 28.1665252, 0.0 ], [ 73.1493467, 28.1668284, 0.0 ], [ 73.1493236, 28.1668281, 0.0 ], [ 73.1493288, 28.1665248, 0.0 ] ], [ [ 73.1492728, 28.1665241, 0.0 ], [ 73.1492959, 28.1665244, 0.0 ], [ 73.1492907, 28.1668277, 0.0 ], [ 73.1492676, 28.1668274, 0.0 ], [ 73.1492728, 28.1665241, 0.0 ] ], [ [ 73.1492222, 28.1662116, 0.0 ], [ 73.1492453, 28.166212, 0.0 ], [ 73.1492401, 28.1665152, 0.0 ], [ 73.1492169, 28.1665149, 0.0 ], [ 73.1492222, 28.1662116, 0.0 ] ], [ [ 73.1491662, 28.1662109, 0.0 ], [ 73.1491893, 28.1662112, 0.0 ], [ 73.1491841, 28.1665145, 0.0 ], [ 73.1491609, 28.1665142, 0.0 ], [ 73.1491662, 28.1662109, 0.0 ] ], [ [ 73.1492168, 28.1665233, 0.0 ], [ 73.1492399, 28.1665236, 0.0 ], [ 73.1492347, 28.1668269, 0.0 ], [ 73.1492116, 28.1668266, 0.0 ], [ 73.1492168, 28.1665233, 0.0 ] ], [ [ 73.1491608, 28.1665226, 0.0 ], [ 73.1491839, 28.1665229, 0.0 ], [ 73.1491787, 28.1668262, 0.0 ], [ 73.1491556, 28.1668258, 0.0 ], [ 73.1491608, 28.1665226, 0.0 ] ], [ [ 73.1491102, 28.1662101, 0.0 ], [ 73.1491333, 28.1662104, 0.0 ], [ 73.1491281, 28.1665137, 0.0 ], [ 73.1491049, 28.1665134, 0.0 ], [ 73.1491102, 28.1662101, 0.0 ] ], [ [ 73.1490542, 28.1662094, 0.0 ], [ 73.1490773, 28.1662097, 0.0 ], [ 73.1490721, 28.166513, 0.0 ], [ 73.1490489, 28.1665126, 0.0 ], [ 73.1490542, 28.1662094, 0.0 ] ], [ [ 73.1491048, 28.1665218, 0.0 ], [ 73.1491279, 28.1665221, 0.0 ], [ 73.1491227, 28.1668254, 0.0 ], [ 73.1490996, 28.1668251, 0.0 ], [ 73.1491048, 28.1665218, 0.0 ] ], [ [ 73.1490488, 28.1665211, 0.0 ], [ 73.1490719, 28.1665214, 0.0 ], [ 73.1490667, 28.1668246, 0.0 ], [ 73.1490436, 28.1668243, 0.0 ], [ 73.1490488, 28.1665211, 0.0 ] ], [ [ 73.1489982, 28.1662086, 0.0 ], [ 73.1490213, 28.1662089, 0.0 ], [ 73.1490161, 28.1665122, 0.0 ], [ 73.1489929, 28.1665119, 0.0 ], [ 73.1489982, 28.1662086, 0.0 ] ], [ [ 73.1489422, 28.1662079, 0.0 ], [ 73.1489653, 28.1662082, 0.0 ], [ 73.1489601, 28.1665114, 0.0 ], [ 73.148937, 28.1665111, 0.0 ], [ 73.1489422, 28.1662079, 0.0 ] ], [ [ 73.1489928, 28.1665203, 0.0 ], [ 73.1490159, 28.1665206, 0.0 ], [ 73.1490107, 28.1668239, 0.0 ], [ 73.1489876, 28.1668236, 0.0 ], [ 73.1489928, 28.1665203, 0.0 ] ], [ [ 73.1489368, 28.1665195, 0.0 ], [ 73.1489599, 28.1665199, 0.0 ], [ 73.1489547, 28.1668231, 0.0 ], [ 73.1489316, 28.1668228, 0.0 ], [ 73.1489368, 28.1665195, 0.0 ] ], [ [ 73.1488862, 28.1662071, 0.0 ], [ 73.1489093, 28.1662074, 0.0 ], [ 73.1489041, 28.1665107, 0.0 ], [ 73.148881, 28.1665104, 0.0 ], [ 73.1488862, 28.1662071, 0.0 ] ], [ [ 73.1488302, 28.1662063, 0.0 ], [ 73.1488533, 28.1662067, 0.0 ], [ 73.1488481, 28.1665099, 0.0 ], [ 73.148825, 28.1665096, 0.0 ], [ 73.1488302, 28.1662063, 0.0 ] ], [ [ 73.1488808, 28.1665188, 0.0 ], [ 73.1489039, 28.1665191, 0.0 ], [ 73.1488987, 28.1668224, 0.0 ], [ 73.1488756, 28.1668221, 0.0 ], [ 73.1488808, 28.1665188, 0.0 ] ], [ [ 73.1488248, 28.166518, 0.0 ], [ 73.1488479, 28.1665183, 0.0 ], [ 73.1488427, 28.1668216, 0.0 ], [ 73.1488196, 28.1668213, 0.0 ], [ 73.1488248, 28.166518, 0.0 ] ], [ [ 73.1487742, 28.1662056, 0.0 ], [ 73.1487973, 28.1662059, 0.0 ], [ 73.1487921, 28.1665092, 0.0 ], [ 73.148769, 28.1665089, 0.0 ], [ 73.1487742, 28.1662056, 0.0 ] ], [ [ 73.1487182, 28.1662048, 0.0 ], [ 73.1487413, 28.1662051, 0.0 ], [ 73.1487361, 28.1665084, 0.0 ], [ 73.148713, 28.1665081, 0.0 ], [ 73.1487182, 28.1662048, 0.0 ] ], [ [ 73.1487688, 28.1665173, 0.0 ], [ 73.148792, 28.1665176, 0.0 ], [ 73.1487867, 28.1668209, 0.0 ], [ 73.1487636, 28.1668205, 0.0 ], [ 73.1487688, 28.1665173, 0.0 ] ], [ [ 73.1487128, 28.1665165, 0.0 ], [ 73.148736, 28.1665168, 0.0 ], [ 73.1487307, 28.1668201, 0.0 ], [ 73.1487076, 28.1668198, 0.0 ], [ 73.1487128, 28.1665165, 0.0 ] ], [ [ 73.1485502, 28.1662026, 0.0 ], [ 73.1485733, 28.1662029, 0.0 ], [ 73.1485681, 28.1665061, 0.0 ], [ 73.148545, 28.1665058, 0.0 ], [ 73.1485502, 28.1662026, 0.0 ] ], [ [ 73.1484942, 28.1662018, 0.0 ], [ 73.1485173, 28.1662021, 0.0 ], [ 73.1485121, 28.1665054, 0.0 ], [ 73.148489, 28.1665051, 0.0 ], [ 73.1484942, 28.1662018, 0.0 ] ], [ [ 73.1485448, 28.1665142, 0.0 ], [ 73.148568, 28.1665146, 0.0 ], [ 73.1485628, 28.1668178, 0.0 ], [ 73.1485396, 28.1668175, 0.0 ], [ 73.1485448, 28.1665142, 0.0 ] ], [ [ 73.1484888, 28.1665135, 0.0 ], [ 73.148512, 28.1665138, 0.0 ], [ 73.1485068, 28.1668171, 0.0 ], [ 73.1484836, 28.1668168, 0.0 ], [ 73.1484888, 28.1665135, 0.0 ] ], [ [ 73.1484382, 28.166201, 0.0 ], [ 73.1484613, 28.1662014, 0.0 ], [ 73.1484561, 28.1665046, 0.0 ], [ 73.148433, 28.1665043, 0.0 ], [ 73.1484382, 28.166201, 0.0 ] ], [ [ 73.1483822, 28.1662003, 0.0 ], [ 73.1484054, 28.1662006, 0.0 ], [ 73.1484001, 28.1665039, 0.0 ], [ 73.148377, 28.1665036, 0.0 ], [ 73.1483822, 28.1662003, 0.0 ] ], [ [ 73.1484329, 28.1665127, 0.0 ], [ 73.148456, 28.166513, 0.0 ], [ 73.1484508, 28.1668163, 0.0 ], [ 73.1484276, 28.166816, 0.0 ], [ 73.1484329, 28.1665127, 0.0 ] ], [ [ 73.1483769, 28.166512, 0.0 ], [ 73.1484, 28.1665123, 0.0 ], [ 73.1483948, 28.1668156, 0.0 ], [ 73.1483716, 28.1668152, 0.0 ], [ 73.1483769, 28.166512, 0.0 ] ], [ [ 73.1483262, 28.1661995, 0.0 ], [ 73.1483494, 28.1661998, 0.0 ], [ 73.1483441, 28.1665031, 0.0 ], [ 73.148321, 28.1665028, 0.0 ], [ 73.1483262, 28.1661995, 0.0 ] ], [ [ 73.1482702, 28.1661988, 0.0 ], [ 73.1482934, 28.1661991, 0.0 ], [ 73.1482881, 28.1665024, 0.0 ], [ 73.148265, 28.166502, 0.0 ], [ 73.1482702, 28.1661988, 0.0 ] ], [ [ 73.1483209, 28.1665112, 0.0 ], [ 73.148344, 28.1665115, 0.0 ], [ 73.1483388, 28.1668148, 0.0 ], [ 73.1483156, 28.1668145, 0.0 ], [ 73.1483209, 28.1665112, 0.0 ] ], [ [ 73.1482649, 28.1665105, 0.0 ], [ 73.148288, 28.1665108, 0.0 ], [ 73.1482828, 28.166814, 0.0 ], [ 73.1482596, 28.1668137, 0.0 ], [ 73.1482649, 28.1665105, 0.0 ] ], [ [ 73.1482142, 28.166198, 0.0 ], [ 73.1482374, 28.1661983, 0.0 ], [ 73.1482321, 28.1665016, 0.0 ], [ 73.148209, 28.1665013, 0.0 ], [ 73.1482142, 28.166198, 0.0 ] ], [ [ 73.1481582, 28.1661973, 0.0 ], [ 73.1481814, 28.1661976, 0.0 ], [ 73.1481762, 28.1665008, 0.0 ], [ 73.148153, 28.1665005, 0.0 ], [ 73.1481582, 28.1661973, 0.0 ] ], [ [ 73.1482089, 28.1665097, 0.0 ], [ 73.148232, 28.16651, 0.0 ], [ 73.1482268, 28.1668133, 0.0 ], [ 73.1482036, 28.166813, 0.0 ], [ 73.1482089, 28.1665097, 0.0 ] ], [ [ 73.1481529, 28.1665089, 0.0 ], [ 73.148176, 28.1665093, 0.0 ], [ 73.1481708, 28.1668125, 0.0 ], [ 73.1481477, 28.1668122, 0.0 ], [ 73.1481529, 28.1665089, 0.0 ] ], [ [ 73.1481022, 28.1661965, 0.0 ], [ 73.1481254, 28.1661968, 0.0 ], [ 73.1481202, 28.1665001, 0.0 ], [ 73.148097, 28.1664998, 0.0 ], [ 73.1481022, 28.1661965, 0.0 ] ], [ [ 73.1480463, 28.1661957, 0.0 ], [ 73.1480694, 28.1661961, 0.0 ], [ 73.1480642, 28.1664993, 0.0 ], [ 73.148041, 28.166499, 0.0 ], [ 73.1480463, 28.1661957, 0.0 ] ], [ [ 73.1480969, 28.1665082, 0.0 ], [ 73.14812, 28.1665085, 0.0 ], [ 73.1481148, 28.1668118, 0.0 ], [ 73.1480917, 28.1668115, 0.0 ], [ 73.1480969, 28.1665082, 0.0 ] ], [ [ 73.1480409, 28.1665074, 0.0 ], [ 73.148064, 28.1665077, 0.0 ], [ 73.1480588, 28.166811, 0.0 ], [ 73.1480357, 28.1668107, 0.0 ], [ 73.1480409, 28.1665074, 0.0 ] ], [ [ 73.1479903, 28.166195, 0.0 ], [ 73.1480134, 28.1661953, 0.0 ], [ 73.1480082, 28.1664986, 0.0 ], [ 73.147985, 28.1664983, 0.0 ], [ 73.1479903, 28.166195, 0.0 ] ], [ [ 73.1479343, 28.1661942, 0.0 ], [ 73.1479574, 28.1661945, 0.0 ], [ 73.1479522, 28.1664978, 0.0 ], [ 73.147929, 28.1664975, 0.0 ], [ 73.1479343, 28.1661942, 0.0 ] ], [ [ 73.1479849, 28.1665067, 0.0 ], [ 73.148008, 28.166507, 0.0 ], [ 73.1480028, 28.1668103, 0.0 ], [ 73.1479797, 28.1668099, 0.0 ], [ 73.1479849, 28.1665067, 0.0 ] ], [ [ 73.1479289, 28.1665059, 0.0 ], [ 73.147952, 28.1665062, 0.0 ], [ 73.1479468, 28.1668095, 0.0 ], [ 73.1479237, 28.1668092, 0.0 ], [ 73.1479289, 28.1665059, 0.0 ] ], [ [ 73.1478783, 28.1661935, 0.0 ], [ 73.1479014, 28.1661938, 0.0 ], [ 73.1478962, 28.1664971, 0.0 ], [ 73.147873, 28.1664967, 0.0 ], [ 73.1478783, 28.1661935, 0.0 ] ], [ [ 73.1478223, 28.1661927, 0.0 ], [ 73.1478454, 28.166193, 0.0 ], [ 73.1478402, 28.1664963, 0.0 ], [ 73.147817, 28.166496, 0.0 ], [ 73.1478223, 28.1661927, 0.0 ] ], [ [ 73.1478729, 28.1665052, 0.0 ], [ 73.147896, 28.1665055, 0.0 ], [ 73.1478908, 28.1668087, 0.0 ], [ 73.1478677, 28.1668084, 0.0 ], [ 73.1478729, 28.1665052, 0.0 ] ], [ [ 73.1478169, 28.1665044, 0.0 ], [ 73.14784, 28.1665047, 0.0 ], [ 73.1478348, 28.166808, 0.0 ], [ 73.1478117, 28.1668077, 0.0 ], [ 73.1478169, 28.1665044, 0.0 ] ], [ [ 73.1477663, 28.166192, 0.0 ], [ 73.1477894, 28.1661923, 0.0 ], [ 73.1477842, 28.1664955, 0.0 ], [ 73.1477611, 28.1664952, 0.0 ], [ 73.1477663, 28.166192, 0.0 ] ], [ [ 73.1477103, 28.1661912, 0.0 ], [ 73.1477334, 28.1661915, 0.0 ], [ 73.1477282, 28.1664948, 0.0 ], [ 73.1477051, 28.1664945, 0.0 ], [ 73.1477103, 28.1661912, 0.0 ] ], [ [ 73.1477609, 28.1665036, 0.0 ], [ 73.147784, 28.166504, 0.0 ], [ 73.1477788, 28.1668072, 0.0 ], [ 73.1477557, 28.1668069, 0.0 ], [ 73.1477609, 28.1665036, 0.0 ] ], [ [ 73.1477049, 28.1665029, 0.0 ], [ 73.147728, 28.1665032, 0.0 ], [ 73.1477228, 28.1668065, 0.0 ], [ 73.1476997, 28.1668062, 0.0 ], [ 73.1477049, 28.1665029, 0.0 ] ], [ [ 73.1476543, 28.1661904, 0.0 ], [ 73.1476774, 28.1661908, 0.0 ], [ 73.1476722, 28.166494, 0.0 ], [ 73.1476491, 28.1664937, 0.0 ], [ 73.1476543, 28.1661904, 0.0 ] ], [ [ 73.1475983, 28.1661897, 0.0 ], [ 73.1476214, 28.16619, 0.0 ], [ 73.1476162, 28.1664933, 0.0 ], [ 73.1475931, 28.166493, 0.0 ], [ 73.1475983, 28.1661897, 0.0 ] ], [ [ 73.1476489, 28.1665021, 0.0 ], [ 73.147672, 28.1665024, 0.0 ], [ 73.1476668, 28.1668057, 0.0 ], [ 73.1476437, 28.1668054, 0.0 ], [ 73.1476489, 28.1665021, 0.0 ] ], [ [ 73.1475929, 28.1665014, 0.0 ], [ 73.1476161, 28.1665017, 0.0 ], [ 73.1476108, 28.166805, 0.0 ], [ 73.1475877, 28.1668046, 0.0 ], [ 73.1475929, 28.1665014, 0.0 ] ], [ [ 73.1475423, 28.1661889, 0.0 ], [ 73.1475654, 28.1661892, 0.0 ], [ 73.1475602, 28.1664925, 0.0 ], [ 73.1475371, 28.1664922, 0.0 ], [ 73.1475423, 28.1661889, 0.0 ] ], [ [ 73.1474863, 28.1661882, 0.0 ], [ 73.1475094, 28.1661885, 0.0 ], [ 73.1475042, 28.1664918, 0.0 ], [ 73.1474811, 28.1664914, 0.0 ], [ 73.1474863, 28.1661882, 0.0 ] ], [ [ 73.1475369, 28.1665006, 0.0 ], [ 73.1475601, 28.1665009, 0.0 ], [ 73.1475548, 28.1668042, 0.0 ], [ 73.1475317, 28.1668039, 0.0 ], [ 73.1475369, 28.1665006, 0.0 ] ], [ [ 73.1474809, 28.1664999, 0.0 ], [ 73.1475041, 28.1665002, 0.0 ], [ 73.1474988, 28.1668034, 0.0 ], [ 73.1474757, 28.1668031, 0.0 ], [ 73.1474809, 28.1664999, 0.0 ] ], [ [ 73.1474303, 28.1661874, 0.0 ], [ 73.1474534, 28.1661877, 0.0 ], [ 73.1474482, 28.166491, 0.0 ], [ 73.1474251, 28.1664907, 0.0 ], [ 73.1474303, 28.1661874, 0.0 ] ], [ [ 73.1473743, 28.1661867, 0.0 ], [ 73.1473974, 28.166187, 0.0 ], [ 73.1473922, 28.1664902, 0.0 ], [ 73.1473691, 28.1664899, 0.0 ], [ 73.1473743, 28.1661867, 0.0 ] ], [ [ 73.1474249, 28.1664991, 0.0 ], [ 73.1474481, 28.1664994, 0.0 ], [ 73.1474428, 28.1668027, 0.0 ], [ 73.1474197, 28.1668024, 0.0 ], [ 73.1474249, 28.1664991, 0.0 ] ], [ [ 73.1473689, 28.1664983, 0.0 ], [ 73.1473921, 28.1664987, 0.0 ], [ 73.1473868, 28.1668019, 0.0 ], [ 73.1473637, 28.1668016, 0.0 ], [ 73.1473689, 28.1664983, 0.0 ] ], [ [ 73.1473183, 28.1661859, 0.0 ], [ 73.1473414, 28.1661862, 0.0 ], [ 73.1473362, 28.1664895, 0.0 ], [ 73.1473131, 28.1664892, 0.0 ], [ 73.1473183, 28.1661859, 0.0 ] ], [ [ 73.1472623, 28.1661851, 0.0 ], [ 73.1472855, 28.1661855, 0.0 ], [ 73.1472802, 28.1664887, 0.0 ], [ 73.1472571, 28.1664884, 0.0 ], [ 73.1472623, 28.1661851, 0.0 ] ], [ [ 73.1473129, 28.1664976, 0.0 ], [ 73.1473361, 28.1664979, 0.0 ], [ 73.1473309, 28.1668012, 0.0 ], [ 73.1473077, 28.1668009, 0.0 ], [ 73.1473129, 28.1664976, 0.0 ] ], [ [ 73.1472569, 28.1664968, 0.0 ], [ 73.1472801, 28.1664971, 0.0 ], [ 73.1472749, 28.1668004, 0.0 ], [ 73.1472517, 28.1668001, 0.0 ], [ 73.1472569, 28.1664968, 0.0 ] ], [ [ 73.1472063, 28.1661844, 0.0 ], [ 73.1472295, 28.1661847, 0.0 ], [ 73.1472242, 28.166488, 0.0 ], [ 73.1472011, 28.1664877, 0.0 ], [ 73.1472063, 28.1661844, 0.0 ] ], [ [ 73.1471503, 28.1661836, 0.0 ], [ 73.1471735, 28.1661839, 0.0 ], [ 73.1471682, 28.1664872, 0.0 ], [ 73.1471451, 28.1664869, 0.0 ], [ 73.1471503, 28.1661836, 0.0 ] ], [ [ 73.147201, 28.1664961, 0.0 ], [ 73.1472241, 28.1664964, 0.0 ], [ 73.1472189, 28.1667997, 0.0 ], [ 73.1471957, 28.1667993, 0.0 ], [ 73.147201, 28.1664961, 0.0 ] ], [ [ 73.147145, 28.1664953, 0.0 ], [ 73.1471681, 28.1664956, 0.0 ], [ 73.1471629, 28.1667989, 0.0 ], [ 73.1471397, 28.1667986, 0.0 ], [ 73.147145, 28.1664953, 0.0 ] ], [ [ 73.1470943, 28.1661829, 0.0 ], [ 73.1471175, 28.1661832, 0.0 ], [ 73.1471122, 28.1664864, 0.0 ], [ 73.1470891, 28.1664861, 0.0 ], [ 73.1470943, 28.1661829, 0.0 ] ], [ [ 73.1470383, 28.1661821, 0.0 ], [ 73.1470615, 28.1661824, 0.0 ], [ 73.1470562, 28.1664857, 0.0 ], [ 73.1470331, 28.1664854, 0.0 ], [ 73.1470383, 28.1661821, 0.0 ] ], [ [ 73.147089, 28.1664946, 0.0 ], [ 73.1471121, 28.1664949, 0.0 ], [ 73.1471069, 28.1667981, 0.0 ], [ 73.1470837, 28.1667978, 0.0 ], [ 73.147089, 28.1664946, 0.0 ] ], [ [ 73.147033, 28.1664938, 0.0 ], [ 73.1470561, 28.1664941, 0.0 ], [ 73.1470509, 28.1667974, 0.0 ], [ 73.1470277, 28.1667971, 0.0 ], [ 73.147033, 28.1664938, 0.0 ] ], [ [ 73.1469823, 28.1661814, 0.0 ], [ 73.1470055, 28.1661817, 0.0 ], [ 73.1470002, 28.1664849, 0.0 ], [ 73.1469771, 28.1664846, 0.0 ], [ 73.1469823, 28.1661814, 0.0 ] ], [ [ 73.1469263, 28.1661806, 0.0 ], [ 73.1469495, 28.1661809, 0.0 ], [ 73.1469443, 28.1664842, 0.0 ], [ 73.1469211, 28.1664839, 0.0 ], [ 73.1469263, 28.1661806, 0.0 ] ], [ [ 73.146977, 28.166493, 0.0 ], [ 73.1470001, 28.1664934, 0.0 ], [ 73.1469949, 28.1667966, 0.0 ], [ 73.1469717, 28.1667963, 0.0 ], [ 73.146977, 28.166493, 0.0 ] ], [ [ 73.146921, 28.1664923, 0.0 ], [ 73.1469441, 28.1664926, 0.0 ], [ 73.1469389, 28.1667959, 0.0 ], [ 73.1469158, 28.1667955, 0.0 ], [ 73.146921, 28.1664923, 0.0 ] ], [ [ 73.1468704, 28.1661798, 0.0 ], [ 73.1468935, 28.1661802, 0.0 ], [ 73.1468883, 28.1664834, 0.0 ], [ 73.1468651, 28.1664831, 0.0 ], [ 73.1468704, 28.1661798, 0.0 ] ], [ [ 73.1468144, 28.1661791, 0.0 ], [ 73.1468375, 28.1661794, 0.0 ], [ 73.1468323, 28.1664827, 0.0 ], [ 73.1468091, 28.1664823, 0.0 ], [ 73.1468144, 28.1661791, 0.0 ] ], [ [ 73.146865, 28.1664915, 0.0 ], [ 73.1468881, 28.1664918, 0.0 ], [ 73.1468829, 28.1667951, 0.0 ], [ 73.1468598, 28.1667948, 0.0 ], [ 73.146865, 28.1664915, 0.0 ] ], [ [ 73.146809, 28.1664908, 0.0 ], [ 73.1468321, 28.1664911, 0.0 ], [ 73.1468269, 28.1667943, 0.0 ], [ 73.1468038, 28.166794, 0.0 ], [ 73.146809, 28.1664908, 0.0 ] ], [ [ 73.1467584, 28.1661783, 0.0 ], [ 73.1467815, 28.1661786, 0.0 ], [ 73.1467763, 28.1664819, 0.0 ], [ 73.1467531, 28.1664816, 0.0 ], [ 73.1467584, 28.1661783, 0.0 ] ], [ [ 73.1467024, 28.1661776, 0.0 ], [ 73.1467255, 28.1661779, 0.0 ], [ 73.1467203, 28.1664811, 0.0 ], [ 73.1466971, 28.1664808, 0.0 ], [ 73.1467024, 28.1661776, 0.0 ] ], [ [ 73.146753, 28.16649, 0.0 ], [ 73.1467761, 28.1664903, 0.0 ], [ 73.1467709, 28.1667936, 0.0 ], [ 73.1467478, 28.1667933, 0.0 ], [ 73.146753, 28.16649, 0.0 ] ], [ [ 73.146697, 28.1664892, 0.0 ], [ 73.1467201, 28.1664896, 0.0 ], [ 73.1467149, 28.1667928, 0.0 ], [ 73.1466918, 28.1667925, 0.0 ], [ 73.146697, 28.1664892, 0.0 ] ], [ [ 73.1466464, 28.1661768, 0.0 ], [ 73.1466695, 28.1661771, 0.0 ], [ 73.1466643, 28.1664804, 0.0 ], [ 73.1466411, 28.1664801, 0.0 ], [ 73.1466464, 28.1661768, 0.0 ] ], [ [ 73.1465904, 28.166176, 0.0 ], [ 73.1466135, 28.1661764, 0.0 ], [ 73.1466083, 28.1664796, 0.0 ], [ 73.1465852, 28.1664793, 0.0 ], [ 73.1465904, 28.166176, 0.0 ] ], [ [ 73.146641, 28.1664885, 0.0 ], [ 73.1466641, 28.1664888, 0.0 ], [ 73.1466589, 28.1667921, 0.0 ], [ 73.1466358, 28.1667918, 0.0 ], [ 73.146641, 28.1664885, 0.0 ] ], [ [ 73.146585, 28.1664877, 0.0 ], [ 73.1466081, 28.166488, 0.0 ], [ 73.1466029, 28.1667913, 0.0 ], [ 73.1465798, 28.166791, 0.0 ], [ 73.146585, 28.1664877, 0.0 ] ], [ [ 73.1465344, 28.1661753, 0.0 ], [ 73.1465575, 28.1661756, 0.0 ], [ 73.1465523, 28.1664789, 0.0 ], [ 73.1465292, 28.1664786, 0.0 ], [ 73.1465344, 28.1661753, 0.0 ] ], [ [ 73.1464784, 28.1661745, 0.0 ], [ 73.1465015, 28.1661748, 0.0 ], [ 73.1464963, 28.1664781, 0.0 ], [ 73.1464732, 28.1664778, 0.0 ], [ 73.1464784, 28.1661745, 0.0 ] ], [ [ 73.146529, 28.166487, 0.0 ], [ 73.1465521, 28.1664873, 0.0 ], [ 73.1465469, 28.1667906, 0.0 ], [ 73.1465238, 28.1667902, 0.0 ], [ 73.146529, 28.166487, 0.0 ] ], [ [ 73.146473, 28.1664862, 0.0 ], [ 73.1464961, 28.1664865, 0.0 ], [ 73.1464909, 28.1667898, 0.0 ], [ 73.1464678, 28.1667895, 0.0 ], [ 73.146473, 28.1664862, 0.0 ] ], [ [ 73.1464224, 28.1661738, 0.0 ], [ 73.1464455, 28.1661741, 0.0 ], [ 73.1464403, 28.1664774, 0.0 ], [ 73.1464172, 28.166477, 0.0 ], [ 73.1464224, 28.1661738, 0.0 ] ], [ [ 73.1463664, 28.166173, 0.0 ], [ 73.1463895, 28.1661733, 0.0 ], [ 73.1463843, 28.1664766, 0.0 ], [ 73.1463612, 28.1664763, 0.0 ], [ 73.1463664, 28.166173, 0.0 ] ], [ [ 73.146417, 28.1664855, 0.0 ], [ 73.1464402, 28.1664858, 0.0 ], [ 73.1464349, 28.166789, 0.0 ], [ 73.1464118, 28.1667887, 0.0 ], [ 73.146417, 28.1664855, 0.0 ] ], [ [ 73.146361, 28.1664847, 0.0 ], [ 73.1463842, 28.166485, 0.0 ], [ 73.1463789, 28.1667883, 0.0 ], [ 73.1463558, 28.166788, 0.0 ], [ 73.146361, 28.1664847, 0.0 ] ], [ [ 73.1463104, 28.1661723, 0.0 ], [ 73.1463335, 28.1661726, 0.0 ], [ 73.1463283, 28.1664758, 0.0 ], [ 73.1463052, 28.1664755, 0.0 ], [ 73.1463104, 28.1661723, 0.0 ] ], [ [ 73.1462544, 28.1661715, 0.0 ], [ 73.1462775, 28.1661718, 0.0 ], [ 73.1462723, 28.1664751, 0.0 ], [ 73.1462492, 28.1664748, 0.0 ], [ 73.1462544, 28.1661715, 0.0 ] ], [ [ 73.146305, 28.1664839, 0.0 ], [ 73.1463282, 28.1664843, 0.0 ], [ 73.1463229, 28.1667875, 0.0 ], [ 73.1462998, 28.1667872, 0.0 ], [ 73.146305, 28.1664839, 0.0 ] ], [ [ 73.146249, 28.1664832, 0.0 ], [ 73.1462722, 28.1664835, 0.0 ], [ 73.1462669, 28.1667868, 0.0 ], [ 73.1462438, 28.1667865, 0.0 ], [ 73.146249, 28.1664832, 0.0 ] ], [ [ 73.1461984, 28.1661707, 0.0 ], [ 73.1462215, 28.1661711, 0.0 ], [ 73.1462163, 28.1664743, 0.0 ], [ 73.1461932, 28.166474, 0.0 ], [ 73.1461984, 28.1661707, 0.0 ] ], [ [ 73.1461424, 28.16617, 0.0 ], [ 73.1461655, 28.1661703, 0.0 ], [ 73.1461603, 28.1664736, 0.0 ], [ 73.1461372, 28.1664733, 0.0 ], [ 73.1461424, 28.16617, 0.0 ] ], [ [ 73.146193, 28.1664824, 0.0 ], [ 73.1462162, 28.1664827, 0.0 ], [ 73.1462109, 28.166786, 0.0 ], [ 73.1461878, 28.1667857, 0.0 ], [ 73.146193, 28.1664824, 0.0 ] ], [ [ 73.146137, 28.1664817, 0.0 ], [ 73.1461602, 28.166482, 0.0 ], [ 73.1461549, 28.1667853, 0.0 ], [ 73.1461318, 28.1667849, 0.0 ], [ 73.146137, 28.1664817, 0.0 ] ], [ [ 73.1460864, 28.1661692, 0.0 ], [ 73.1461096, 28.1661695, 0.0 ], [ 73.1461043, 28.1664728, 0.0 ], [ 73.1460812, 28.1664725, 0.0 ], [ 73.1460864, 28.1661692, 0.0 ] ], [ [ 73.1460304, 28.1661685, 0.0 ], [ 73.1460536, 28.1661688, 0.0 ], [ 73.1460483, 28.166472, 0.0 ], [ 73.1460252, 28.1664717, 0.0 ], [ 73.1460304, 28.1661685, 0.0 ] ], [ [ 73.146081, 28.1664809, 0.0 ], [ 73.1461042, 28.1664812, 0.0 ], [ 73.146099, 28.1667845, 0.0 ], [ 73.1460758, 28.1667842, 0.0 ], [ 73.146081, 28.1664809, 0.0 ] ], [ [ 73.1460251, 28.1664802, 0.0 ], [ 73.1460482, 28.1664805, 0.0 ], [ 73.146043, 28.1667837, 0.0 ], [ 73.1460198, 28.1667834, 0.0 ], [ 73.1460251, 28.1664802, 0.0 ] ], [ [ 73.1459744, 28.1661677, 0.0 ], [ 73.1459976, 28.166168, 0.0 ], [ 73.1459923, 28.1664713, 0.0 ], [ 73.1459692, 28.166471, 0.0 ], [ 73.1459744, 28.1661677, 0.0 ] ], [ [ 73.1459184, 28.166167, 0.0 ], [ 73.1459416, 28.1661673, 0.0 ], [ 73.1459363, 28.1664705, 0.0 ], [ 73.1459132, 28.1664702, 0.0 ], [ 73.1459184, 28.166167, 0.0 ] ], [ [ 73.1459691, 28.1664794, 0.0 ], [ 73.1459922, 28.1664797, 0.0 ], [ 73.145987, 28.166783, 0.0 ], [ 73.1459638, 28.1667827, 0.0 ], [ 73.1459691, 28.1664794, 0.0 ] ], [ [ 73.1459131, 28.1664786, 0.0 ], [ 73.1459362, 28.1664789, 0.0 ], [ 73.145931, 28.1667822, 0.0 ], [ 73.1459078, 28.1667819, 0.0 ], [ 73.1459131, 28.1664786, 0.0 ] ], [ [ 73.1510246, 28.1656164, 0.0 ], [ 73.1510478, 28.1656167, 0.0 ], [ 73.1510426, 28.16592, 0.0 ], [ 73.1510194, 28.1659197, 0.0 ], [ 73.1510246, 28.1656164, 0.0 ] ], [ [ 73.1509687, 28.1656156, 0.0 ], [ 73.1509918, 28.1656159, 0.0 ], [ 73.1509866, 28.1659192, 0.0 ], [ 73.1509634, 28.1659189, 0.0 ], [ 73.1509687, 28.1656156, 0.0 ] ], [ [ 73.1510193, 28.1659281, 0.0 ], [ 73.1510424, 28.1659284, 0.0 ], [ 73.1510372, 28.1662317, 0.0 ], [ 73.1510141, 28.1662313, 0.0 ], [ 73.1510193, 28.1659281, 0.0 ] ], [ [ 73.1509633, 28.1659273, 0.0 ], [ 73.1509864, 28.1659276, 0.0 ], [ 73.1509812, 28.1662309, 0.0 ], [ 73.1509581, 28.1662306, 0.0 ], [ 73.1509633, 28.1659273, 0.0 ] ], [ [ 73.1509127, 28.1656149, 0.0 ], [ 73.1509358, 28.1656152, 0.0 ], [ 73.1509306, 28.1659185, 0.0 ], [ 73.1509074, 28.1659181, 0.0 ], [ 73.1509127, 28.1656149, 0.0 ] ], [ [ 73.1508567, 28.1656141, 0.0 ], [ 73.1508798, 28.1656144, 0.0 ], [ 73.1508746, 28.1659177, 0.0 ], [ 73.1508514, 28.1659174, 0.0 ], [ 73.1508567, 28.1656141, 0.0 ] ], [ [ 73.1509073, 28.1659266, 0.0 ], [ 73.1509304, 28.1659269, 0.0 ], [ 73.1509252, 28.1662301, 0.0 ], [ 73.1509021, 28.1662298, 0.0 ], [ 73.1509073, 28.1659266, 0.0 ] ], [ [ 73.1508513, 28.1659258, 0.0 ], [ 73.1508744, 28.1659261, 0.0 ], [ 73.1508692, 28.1662294, 0.0 ], [ 73.1508461, 28.1662291, 0.0 ], [ 73.1508513, 28.1659258, 0.0 ] ], [ [ 73.1509233, 28.1649954, 0.0 ], [ 73.1509464, 28.1649957, 0.0 ], [ 73.1509412, 28.165299, 0.0 ], [ 73.1509181, 28.1652987, 0.0 ], [ 73.1509233, 28.1649954, 0.0 ] ], [ [ 73.1508673, 28.1649947, 0.0 ], [ 73.1508904, 28.164995, 0.0 ], [ 73.1508852, 28.1652982, 0.0 ], [ 73.1508621, 28.1652979, 0.0 ], [ 73.1508673, 28.1649947, 0.0 ] ], [ [ 73.150918, 28.1653071, 0.0 ], [ 73.1509411, 28.1653074, 0.0 ], [ 73.1509359, 28.1656107, 0.0 ], [ 73.1509127, 28.1656104, 0.0 ], [ 73.150918, 28.1653071, 0.0 ] ], [ [ 73.150862, 28.1653063, 0.0 ], [ 73.1508851, 28.1653067, 0.0 ], [ 73.1508799, 28.1656099, 0.0 ], [ 73.1508567, 28.1656096, 0.0 ], [ 73.150862, 28.1653063, 0.0 ] ], [ [ 73.150934, 28.1643759, 0.0 ], [ 73.1509571, 28.1643763, 0.0 ], [ 73.1509519, 28.1646795, 0.0 ], [ 73.1509287, 28.1646792, 0.0 ], [ 73.150934, 28.1643759, 0.0 ] ], [ [ 73.150878, 28.1643752, 0.0 ], [ 73.1509011, 28.1643755, 0.0 ], [ 73.1508959, 28.1646788, 0.0 ], [ 73.1508728, 28.1646785, 0.0 ], [ 73.150878, 28.1643752, 0.0 ] ], [ [ 73.1509286, 28.1646876, 0.0 ], [ 73.1509517, 28.1646879, 0.0 ], [ 73.1509465, 28.1649912, 0.0 ], [ 73.1509234, 28.1649909, 0.0 ], [ 73.1509286, 28.1646876, 0.0 ] ], [ [ 73.1508726, 28.1646869, 0.0 ], [ 73.1508957, 28.1646872, 0.0 ], [ 73.1508905, 28.1649905, 0.0 ], [ 73.1508674, 28.1649901, 0.0 ], [ 73.1508726, 28.1646869, 0.0 ] ], [ [ 73.1508007, 28.1656134, 0.0 ], [ 73.1508238, 28.1656137, 0.0 ], [ 73.1508186, 28.1659169, 0.0 ], [ 73.1507955, 28.1659166, 0.0 ], [ 73.1508007, 28.1656134, 0.0 ] ], [ [ 73.1507447, 28.1656126, 0.0 ], [ 73.1507678, 28.1656129, 0.0 ], [ 73.1507626, 28.1659162, 0.0 ], [ 73.1507395, 28.1659159, 0.0 ], [ 73.1507447, 28.1656126, 0.0 ] ], [ [ 73.1507953, 28.1659251, 0.0 ], [ 73.1508184, 28.1659254, 0.0 ], [ 73.1508132, 28.1662286, 0.0 ], [ 73.1507901, 28.1662283, 0.0 ], [ 73.1507953, 28.1659251, 0.0 ] ], [ [ 73.1507393, 28.1659243, 0.0 ], [ 73.1507624, 28.1659246, 0.0 ], [ 73.1507572, 28.1662279, 0.0 ], [ 73.1507341, 28.1662276, 0.0 ], [ 73.1507393, 28.1659243, 0.0 ] ], [ [ 73.1508113, 28.1649939, 0.0 ], [ 73.1508345, 28.1649942, 0.0 ], [ 73.1508292, 28.1652975, 0.0 ], [ 73.1508061, 28.1652972, 0.0 ], [ 73.1508113, 28.1649939, 0.0 ] ], [ [ 73.1507553, 28.1649931, 0.0 ], [ 73.1507785, 28.1649935, 0.0 ], [ 73.1507732, 28.1652967, 0.0 ], [ 73.1507501, 28.1652964, 0.0 ], [ 73.1507553, 28.1649931, 0.0 ] ], [ [ 73.150806, 28.1653056, 0.0 ], [ 73.1508291, 28.1653059, 0.0 ], [ 73.1508239, 28.1656092, 0.0 ], [ 73.1508007, 28.1656089, 0.0 ], [ 73.150806, 28.1653056, 0.0 ] ], [ [ 73.15075, 28.1653048, 0.0 ], [ 73.1507731, 28.1653051, 0.0 ], [ 73.1507679, 28.1656084, 0.0 ], [ 73.1507448, 28.1656081, 0.0 ], [ 73.15075, 28.1653048, 0.0 ] ], [ [ 73.150822, 28.1643744, 0.0 ], [ 73.1508451, 28.1643747, 0.0 ], [ 73.1508399, 28.164678, 0.0 ], [ 73.1508168, 28.1646777, 0.0 ], [ 73.150822, 28.1643744, 0.0 ] ], [ [ 73.150766, 28.1643737, 0.0 ], [ 73.1507891, 28.164374, 0.0 ], [ 73.1507839, 28.1646773, 0.0 ], [ 73.1507608, 28.1646769, 0.0 ], [ 73.150766, 28.1643737, 0.0 ] ], [ [ 73.1508166, 28.1646861, 0.0 ], [ 73.1508397, 28.1646864, 0.0 ], [ 73.1508345, 28.1649897, 0.0 ], [ 73.1508114, 28.1649894, 0.0 ], [ 73.1508166, 28.1646861, 0.0 ] ], [ [ 73.1507606, 28.1646854, 0.0 ], [ 73.1507838, 28.1646857, 0.0 ], [ 73.1507785, 28.1649889, 0.0 ], [ 73.1507554, 28.1649886, 0.0 ], [ 73.1507606, 28.1646854, 0.0 ] ], [ [ 73.1506887, 28.1656119, 0.0 ], [ 73.1507118, 28.1656122, 0.0 ], [ 73.1507066, 28.1659154, 0.0 ], [ 73.1506835, 28.1659151, 0.0 ], [ 73.1506887, 28.1656119, 0.0 ] ], [ [ 73.1506327, 28.1656111, 0.0 ], [ 73.1506558, 28.1656114, 0.0 ], [ 73.1506506, 28.1659147, 0.0 ], [ 73.1506275, 28.1659144, 0.0 ], [ 73.1506327, 28.1656111, 0.0 ] ], [ [ 73.1506833, 28.1659235, 0.0 ], [ 73.1507065, 28.1659239, 0.0 ], [ 73.1507012, 28.1662271, 0.0 ], [ 73.1506781, 28.1662268, 0.0 ], [ 73.1506833, 28.1659235, 0.0 ] ], [ [ 73.1506273, 28.1659228, 0.0 ], [ 73.1506505, 28.1659231, 0.0 ], [ 73.1506452, 28.1662264, 0.0 ], [ 73.1506221, 28.1662261, 0.0 ], [ 73.1506273, 28.1659228, 0.0 ] ], [ [ 73.1506993, 28.1649924, 0.0 ], [ 73.1507225, 28.1649927, 0.0 ], [ 73.1507172, 28.165296, 0.0 ], [ 73.1506941, 28.1652957, 0.0 ], [ 73.1506993, 28.1649924, 0.0 ] ], [ [ 73.1506433, 28.1649916, 0.0 ], [ 73.1506665, 28.1649919, 0.0 ], [ 73.1506613, 28.1652952, 0.0 ], [ 73.1506381, 28.1652949, 0.0 ], [ 73.1506433, 28.1649916, 0.0 ] ], [ [ 73.150694, 28.1653041, 0.0 ], [ 73.1507171, 28.1653044, 0.0 ], [ 73.1507119, 28.1656077, 0.0 ], [ 73.1506888, 28.1656073, 0.0 ], [ 73.150694, 28.1653041, 0.0 ] ], [ [ 73.150638, 28.1653033, 0.0 ], [ 73.1506611, 28.1653036, 0.0 ], [ 73.1506559, 28.1656069, 0.0 ], [ 73.1506328, 28.1656066, 0.0 ], [ 73.150638, 28.1653033, 0.0 ] ], [ [ 73.15071, 28.1643729, 0.0 ], [ 73.1507331, 28.1643732, 0.0 ], [ 73.1507279, 28.1646765, 0.0 ], [ 73.1507048, 28.1646762, 0.0 ], [ 73.15071, 28.1643729, 0.0 ] ], [ [ 73.150654, 28.1643722, 0.0 ], [ 73.1506771, 28.1643725, 0.0 ], [ 73.1506719, 28.1646757, 0.0 ], [ 73.1506488, 28.1646754, 0.0 ], [ 73.150654, 28.1643722, 0.0 ] ], [ [ 73.1507046, 28.1646846, 0.0 ], [ 73.1507278, 28.1646849, 0.0 ], [ 73.1507225, 28.1649882, 0.0 ], [ 73.1506994, 28.1649879, 0.0 ], [ 73.1507046, 28.1646846, 0.0 ] ], [ [ 73.1506486, 28.1646839, 0.0 ], [ 73.1506718, 28.1646842, 0.0 ], [ 73.1506665, 28.1649874, 0.0 ], [ 73.1506434, 28.1649871, 0.0 ], [ 73.1506486, 28.1646839, 0.0 ] ], [ [ 73.1505767, 28.1656103, 0.0 ], [ 73.1505998, 28.1656107, 0.0 ], [ 73.1505946, 28.1659139, 0.0 ], [ 73.1505715, 28.1659136, 0.0 ], [ 73.1505767, 28.1656103, 0.0 ] ], [ [ 73.1505207, 28.1656096, 0.0 ], [ 73.1505438, 28.1656099, 0.0 ], [ 73.1505386, 28.1659132, 0.0 ], [ 73.1505155, 28.1659129, 0.0 ], [ 73.1505207, 28.1656096, 0.0 ] ], [ [ 73.1505713, 28.165922, 0.0 ], [ 73.1505945, 28.1659223, 0.0 ], [ 73.1505892, 28.1662256, 0.0 ], [ 73.1505661, 28.1662253, 0.0 ], [ 73.1505713, 28.165922, 0.0 ] ], [ [ 73.1505153, 28.1659213, 0.0 ], [ 73.1505385, 28.1659216, 0.0 ], [ 73.1505332, 28.1662249, 0.0 ], [ 73.1505101, 28.1662245, 0.0 ], [ 73.1505153, 28.1659213, 0.0 ] ], [ [ 73.1505873, 28.1649909, 0.0 ], [ 73.1506105, 28.1649912, 0.0 ], [ 73.1506053, 28.1652945, 0.0 ], [ 73.1505821, 28.1652941, 0.0 ], [ 73.1505873, 28.1649909, 0.0 ] ], [ [ 73.1505313, 28.1649901, 0.0 ], [ 73.1505545, 28.1649904, 0.0 ], [ 73.1505493, 28.1652937, 0.0 ], [ 73.1505261, 28.1652934, 0.0 ], [ 73.1505313, 28.1649901, 0.0 ] ], [ [ 73.150582, 28.1653026, 0.0 ], [ 73.1506051, 28.1653029, 0.0 ], [ 73.1505999, 28.1656061, 0.0 ], [ 73.1505768, 28.1656058, 0.0 ], [ 73.150582, 28.1653026, 0.0 ] ], [ [ 73.150526, 28.1653018, 0.0 ], [ 73.1505491, 28.1653021, 0.0 ], [ 73.1505439, 28.1656054, 0.0 ], [ 73.1505208, 28.1656051, 0.0 ], [ 73.150526, 28.1653018, 0.0 ] ], [ [ 73.150598, 28.1643714, 0.0 ], [ 73.1506211, 28.1643717, 0.0 ], [ 73.1506159, 28.164675, 0.0 ], [ 73.1505928, 28.1646747, 0.0 ], [ 73.150598, 28.1643714, 0.0 ] ], [ [ 73.150542, 28.1643707, 0.0 ], [ 73.1505651, 28.164371, 0.0 ], [ 73.1505599, 28.1646742, 0.0 ], [ 73.1505368, 28.1646739, 0.0 ], [ 73.150542, 28.1643707, 0.0 ] ], [ [ 73.1505926, 28.1646831, 0.0 ], [ 73.1506158, 28.1646834, 0.0 ], [ 73.1506106, 28.1649867, 0.0 ], [ 73.1505874, 28.1649864, 0.0 ], [ 73.1505926, 28.1646831, 0.0 ] ], [ [ 73.1505366, 28.1646823, 0.0 ], [ 73.1505598, 28.1646827, 0.0 ], [ 73.1505546, 28.1649859, 0.0 ], [ 73.1505314, 28.1649856, 0.0 ], [ 73.1505366, 28.1646823, 0.0 ] ], [ [ 73.1504647, 28.1656088, 0.0 ], [ 73.1504878, 28.1656091, 0.0 ], [ 73.1504826, 28.1659124, 0.0 ], [ 73.1504595, 28.1659121, 0.0 ], [ 73.1504647, 28.1656088, 0.0 ] ], [ [ 73.1504087, 28.1656081, 0.0 ], [ 73.1504318, 28.1656084, 0.0 ], [ 73.1504266, 28.1659117, 0.0 ], [ 73.1504035, 28.1659113, 0.0 ], [ 73.1504087, 28.1656081, 0.0 ] ], [ [ 73.1504593, 28.1659205, 0.0 ], [ 73.1504825, 28.1659208, 0.0 ], [ 73.1504773, 28.1662241, 0.0 ], [ 73.1504541, 28.1662238, 0.0 ], [ 73.1504593, 28.1659205, 0.0 ] ], [ [ 73.1504033, 28.1659198, 0.0 ], [ 73.1504265, 28.1659201, 0.0 ], [ 73.1504213, 28.1662233, 0.0 ], [ 73.1503981, 28.166223, 0.0 ], [ 73.1504033, 28.1659198, 0.0 ] ], [ [ 73.1504754, 28.1649894, 0.0 ], [ 73.1504985, 28.1649897, 0.0 ], [ 73.1504933, 28.1652929, 0.0 ], [ 73.1504701, 28.1652926, 0.0 ], [ 73.1504754, 28.1649894, 0.0 ] ], [ [ 73.1504194, 28.1649886, 0.0 ], [ 73.1504425, 28.1649889, 0.0 ], [ 73.1504373, 28.1652922, 0.0 ], [ 73.1504141, 28.1652919, 0.0 ], [ 73.1504194, 28.1649886, 0.0 ] ], [ [ 73.15047, 28.165301, 0.0 ], [ 73.1504931, 28.1653014, 0.0 ], [ 73.1504879, 28.1656046, 0.0 ], [ 73.1504648, 28.1656043, 0.0 ], [ 73.15047, 28.165301, 0.0 ] ], [ [ 73.150414, 28.1653003, 0.0 ], [ 73.1504371, 28.1653006, 0.0 ], [ 73.1504319, 28.1656039, 0.0 ], [ 73.1504088, 28.1656036, 0.0 ], [ 73.150414, 28.1653003, 0.0 ] ], [ [ 73.150486, 28.1643699, 0.0 ], [ 73.1505091, 28.1643702, 0.0 ], [ 73.1505039, 28.1646735, 0.0 ], [ 73.1504808, 28.1646732, 0.0 ], [ 73.150486, 28.1643699, 0.0 ] ], [ [ 73.15043, 28.1643691, 0.0 ], [ 73.1504531, 28.1643695, 0.0 ], [ 73.1504479, 28.1646727, 0.0 ], [ 73.1504248, 28.1646724, 0.0 ], [ 73.15043, 28.1643691, 0.0 ] ], [ [ 73.1504806, 28.1646816, 0.0 ], [ 73.1505038, 28.1646819, 0.0 ], [ 73.1504986, 28.1649852, 0.0 ], [ 73.1504754, 28.1649849, 0.0 ], [ 73.1504806, 28.1646816, 0.0 ] ], [ [ 73.1504247, 28.1646808, 0.0 ], [ 73.1504478, 28.1646811, 0.0 ], [ 73.1504426, 28.1649844, 0.0 ], [ 73.1504194, 28.1649841, 0.0 ], [ 73.1504247, 28.1646808, 0.0 ] ], [ [ 73.1503527, 28.1656073, 0.0 ], [ 73.1503758, 28.1656076, 0.0 ], [ 73.1503706, 28.1659109, 0.0 ], [ 73.1503475, 28.1659106, 0.0 ], [ 73.1503527, 28.1656073, 0.0 ] ], [ [ 73.1502967, 28.1656066, 0.0 ], [ 73.1503198, 28.1656069, 0.0 ], [ 73.1503146, 28.1659101, 0.0 ], [ 73.1502915, 28.1659098, 0.0 ], [ 73.1502967, 28.1656066, 0.0 ] ], [ [ 73.1503473, 28.165919, 0.0 ], [ 73.1503705, 28.1659193, 0.0 ], [ 73.1503653, 28.1662226, 0.0 ], [ 73.1503421, 28.1662223, 0.0 ], [ 73.1503473, 28.165919, 0.0 ] ], [ [ 73.1502914, 28.1659182, 0.0 ], [ 73.1503145, 28.1659186, 0.0 ], [ 73.1503093, 28.1662218, 0.0 ], [ 73.1502861, 28.1662215, 0.0 ], [ 73.1502914, 28.1659182, 0.0 ] ], [ [ 73.1503634, 28.1649878, 0.0 ], [ 73.1503865, 28.1649882, 0.0 ], [ 73.1503813, 28.1652914, 0.0 ], [ 73.1503581, 28.1652911, 0.0 ], [ 73.1503634, 28.1649878, 0.0 ] ], [ [ 73.1503074, 28.1649871, 0.0 ], [ 73.1503305, 28.1649874, 0.0 ], [ 73.1503253, 28.1652907, 0.0 ], [ 73.1503022, 28.1652904, 0.0 ], [ 73.1503074, 28.1649871, 0.0 ] ], [ [ 73.150358, 28.1652995, 0.0 ], [ 73.1503811, 28.1652998, 0.0 ], [ 73.1503759, 28.1656031, 0.0 ], [ 73.1503528, 28.1656028, 0.0 ], [ 73.150358, 28.1652995, 0.0 ] ], [ [ 73.150302, 28.1652988, 0.0 ], [ 73.1503251, 28.1652991, 0.0 ], [ 73.1503199, 28.1656024, 0.0 ], [ 73.1502968, 28.165602, 0.0 ], [ 73.150302, 28.1652988, 0.0 ] ], [ [ 73.150374, 28.1643684, 0.0 ], [ 73.1503972, 28.1643687, 0.0 ], [ 73.1503919, 28.164672, 0.0 ], [ 73.1503688, 28.1646717, 0.0 ], [ 73.150374, 28.1643684, 0.0 ] ], [ [ 73.150318, 28.1643676, 0.0 ], [ 73.1503412, 28.1643679, 0.0 ], [ 73.1503359, 28.1646712, 0.0 ], [ 73.1503128, 28.1646709, 0.0 ], [ 73.150318, 28.1643676, 0.0 ] ], [ [ 73.1503687, 28.1646801, 0.0 ], [ 73.1503918, 28.1646804, 0.0 ], [ 73.1503866, 28.1649837, 0.0 ], [ 73.1503634, 28.1649833, 0.0 ], [ 73.1503687, 28.1646801, 0.0 ] ], [ [ 73.1503127, 28.1646793, 0.0 ], [ 73.1503358, 28.1646796, 0.0 ], [ 73.1503306, 28.1649829, 0.0 ], [ 73.1503074, 28.1649826, 0.0 ], [ 73.1503127, 28.1646793, 0.0 ] ], [ [ 73.1502407, 28.1656058, 0.0 ], [ 73.1502639, 28.1656061, 0.0 ], [ 73.1502586, 28.1659094, 0.0 ], [ 73.1502355, 28.1659091, 0.0 ], [ 73.1502407, 28.1656058, 0.0 ] ], [ [ 73.1501847, 28.165605, 0.0 ], [ 73.1502079, 28.1656054, 0.0 ], [ 73.1502026, 28.1659086, 0.0 ], [ 73.1501795, 28.1659083, 0.0 ], [ 73.1501847, 28.165605, 0.0 ] ], [ [ 73.1502354, 28.1659175, 0.0 ], [ 73.1502585, 28.1659178, 0.0 ], [ 73.1502533, 28.1662211, 0.0 ], [ 73.1502301, 28.1662208, 0.0 ], [ 73.1502354, 28.1659175, 0.0 ] ], [ [ 73.1501794, 28.1659167, 0.0 ], [ 73.1502025, 28.165917, 0.0 ], [ 73.1501973, 28.1662203, 0.0 ], [ 73.1501741, 28.16622, 0.0 ], [ 73.1501794, 28.1659167, 0.0 ] ], [ [ 73.1502514, 28.1649863, 0.0 ], [ 73.1502745, 28.1649866, 0.0 ], [ 73.1502693, 28.1652899, 0.0 ], [ 73.1502462, 28.1652896, 0.0 ], [ 73.1502514, 28.1649863, 0.0 ] ], [ [ 73.1501954, 28.1649856, 0.0 ], [ 73.1502185, 28.1649859, 0.0 ], [ 73.1502133, 28.1652892, 0.0 ], [ 73.1501902, 28.1652888, 0.0 ], [ 73.1501954, 28.1649856, 0.0 ] ], [ [ 73.150246, 28.165298, 0.0 ], [ 73.1502691, 28.1652983, 0.0 ], [ 73.1502639, 28.1656016, 0.0 ], [ 73.1502408, 28.1656013, 0.0 ], [ 73.150246, 28.165298, 0.0 ] ], [ [ 73.15019, 28.1652973, 0.0 ], [ 73.1502132, 28.1652976, 0.0 ], [ 73.1502079, 28.1656008, 0.0 ], [ 73.1501848, 28.1656005, 0.0 ], [ 73.15019, 28.1652973, 0.0 ] ], [ [ 73.150262, 28.1643669, 0.0 ], [ 73.1502852, 28.1643672, 0.0 ], [ 73.1502799, 28.1646705, 0.0 ], [ 73.1502568, 28.1646701, 0.0 ], [ 73.150262, 28.1643669, 0.0 ] ], [ [ 73.150206, 28.1643661, 0.0 ], [ 73.1502292, 28.1643664, 0.0 ], [ 73.150224, 28.1646697, 0.0 ], [ 73.1502008, 28.1646694, 0.0 ], [ 73.150206, 28.1643661, 0.0 ] ], [ [ 73.1502567, 28.1646786, 0.0 ], [ 73.1502798, 28.1646789, 0.0 ], [ 73.1502746, 28.1649821, 0.0 ], [ 73.1502515, 28.1649818, 0.0 ], [ 73.1502567, 28.1646786, 0.0 ] ], [ [ 73.1502007, 28.1646778, 0.0 ], [ 73.1502238, 28.1646781, 0.0 ], [ 73.1502186, 28.1649814, 0.0 ], [ 73.1501955, 28.1649811, 0.0 ], [ 73.1502007, 28.1646778, 0.0 ] ], [ [ 73.1501287, 28.1656043, 0.0 ], [ 73.1501519, 28.1656046, 0.0 ], [ 73.1501466, 28.1659079, 0.0 ], [ 73.1501235, 28.1659076, 0.0 ], [ 73.1501287, 28.1656043, 0.0 ] ], [ [ 73.1500727, 28.1656035, 0.0 ], [ 73.1500959, 28.1656038, 0.0 ], [ 73.1500906, 28.1659071, 0.0 ], [ 73.1500675, 28.1659068, 0.0 ], [ 73.1500727, 28.1656035, 0.0 ] ], [ [ 73.1501234, 28.165916, 0.0 ], [ 73.1501465, 28.1659163, 0.0 ], [ 73.1501413, 28.1662196, 0.0 ], [ 73.1501182, 28.1662192, 0.0 ], [ 73.1501234, 28.165916, 0.0 ] ], [ [ 73.1500674, 28.1659152, 0.0 ], [ 73.1500905, 28.1659155, 0.0 ], [ 73.1500853, 28.1662188, 0.0 ], [ 73.1500622, 28.1662185, 0.0 ], [ 73.1500674, 28.1659152, 0.0 ] ], [ [ 73.1501394, 28.1649848, 0.0 ], [ 73.1501625, 28.1649851, 0.0 ], [ 73.1501573, 28.1652884, 0.0 ], [ 73.1501342, 28.1652881, 0.0 ], [ 73.1501394, 28.1649848, 0.0 ] ], [ [ 73.1500834, 28.1649841, 0.0 ], [ 73.1501065, 28.1649844, 0.0 ], [ 73.1501013, 28.1652876, 0.0 ], [ 73.1500782, 28.1652873, 0.0 ], [ 73.1500834, 28.1649841, 0.0 ] ], [ [ 73.150134, 28.1652965, 0.0 ], [ 73.1501572, 28.1652968, 0.0 ], [ 73.1501519, 28.1656001, 0.0 ], [ 73.1501288, 28.1655998, 0.0 ], [ 73.150134, 28.1652965, 0.0 ] ], [ [ 73.150078, 28.1652958, 0.0 ], [ 73.1501012, 28.1652961, 0.0 ], [ 73.1500959, 28.1655993, 0.0 ], [ 73.1500728, 28.165599, 0.0 ], [ 73.150078, 28.1652958, 0.0 ] ], [ [ 73.15015, 28.1643654, 0.0 ], [ 73.1501732, 28.1643657, 0.0 ], [ 73.150168, 28.1646689, 0.0 ], [ 73.1501448, 28.1646686, 0.0 ], [ 73.15015, 28.1643654, 0.0 ] ], [ [ 73.150094, 28.1643646, 0.0 ], [ 73.1501172, 28.1643649, 0.0 ], [ 73.150112, 28.1646682, 0.0 ], [ 73.1500888, 28.1646679, 0.0 ], [ 73.150094, 28.1643646, 0.0 ] ], [ [ 73.1501447, 28.164677, 0.0 ], [ 73.1501678, 28.1646774, 0.0 ], [ 73.1501626, 28.1649806, 0.0 ], [ 73.1501395, 28.1649803, 0.0 ], [ 73.1501447, 28.164677, 0.0 ] ], [ [ 73.1500887, 28.1646763, 0.0 ], [ 73.1501118, 28.1646766, 0.0 ], [ 73.1501066, 28.1649799, 0.0 ], [ 73.1500835, 28.1649796, 0.0 ], [ 73.1500887, 28.1646763, 0.0 ] ], [ [ 73.1500167, 28.1656028, 0.0 ], [ 73.1500399, 28.1656031, 0.0 ], [ 73.1500347, 28.1659064, 0.0 ], [ 73.1500115, 28.165906, 0.0 ], [ 73.1500167, 28.1656028, 0.0 ] ], [ [ 73.1499607, 28.165602, 0.0 ], [ 73.1499839, 28.1656023, 0.0 ], [ 73.1499787, 28.1659056, 0.0 ], [ 73.1499555, 28.1659053, 0.0 ], [ 73.1499607, 28.165602, 0.0 ] ], [ [ 73.1500114, 28.1659145, 0.0 ], [ 73.1500345, 28.1659148, 0.0 ], [ 73.1500293, 28.166218, 0.0 ], [ 73.1500062, 28.1662177, 0.0 ], [ 73.1500114, 28.1659145, 0.0 ] ], [ [ 73.1499554, 28.1659137, 0.0 ], [ 73.1499785, 28.165914, 0.0 ], [ 73.1499733, 28.1662173, 0.0 ], [ 73.1499502, 28.166217, 0.0 ], [ 73.1499554, 28.1659137, 0.0 ] ], [ [ 73.1500274, 28.1649833, 0.0 ], [ 73.1500505, 28.1649836, 0.0 ], [ 73.1500453, 28.1652869, 0.0 ], [ 73.1500222, 28.1652866, 0.0 ], [ 73.1500274, 28.1649833, 0.0 ] ], [ [ 73.1499714, 28.1649826, 0.0 ], [ 73.1499945, 28.1649829, 0.0 ], [ 73.1499893, 28.1652861, 0.0 ], [ 73.1499662, 28.1652858, 0.0 ], [ 73.1499714, 28.1649826, 0.0 ] ], [ [ 73.150022, 28.165295, 0.0 ], [ 73.1500452, 28.1652953, 0.0 ], [ 73.1500399, 28.1655986, 0.0 ], [ 73.1500168, 28.1655983, 0.0 ], [ 73.150022, 28.165295, 0.0 ] ], [ [ 73.149966, 28.1652942, 0.0 ], [ 73.1499892, 28.1652946, 0.0 ], [ 73.149984, 28.1655978, 0.0 ], [ 73.1499608, 28.1655975, 0.0 ], [ 73.149966, 28.1652942, 0.0 ] ], [ [ 73.1500381, 28.1643638, 0.0 ], [ 73.1500612, 28.1643642, 0.0 ], [ 73.150056, 28.1646674, 0.0 ], [ 73.1500328, 28.1646671, 0.0 ], [ 73.1500381, 28.1643638, 0.0 ] ], [ [ 73.1499821, 28.1643631, 0.0 ], [ 73.1500052, 28.1643634, 0.0 ], [ 73.15, 28.1646667, 0.0 ], [ 73.1499768, 28.1646664, 0.0 ], [ 73.1499821, 28.1643631, 0.0 ] ], [ [ 73.1500327, 28.1646755, 0.0 ], [ 73.1500558, 28.1646758, 0.0 ], [ 73.1500506, 28.1649791, 0.0 ], [ 73.1500275, 28.1649788, 0.0 ], [ 73.1500327, 28.1646755, 0.0 ] ], [ [ 73.1499767, 28.1646748, 0.0 ], [ 73.1499998, 28.1646751, 0.0 ], [ 73.1499946, 28.1649784, 0.0 ], [ 73.1499715, 28.164978, 0.0 ], [ 73.1499767, 28.1646748, 0.0 ] ], [ [ 73.1499048, 28.1656013, 0.0 ], [ 73.1499279, 28.1656016, 0.0 ], [ 73.1499227, 28.1659048, 0.0 ], [ 73.1498995, 28.1659045, 0.0 ], [ 73.1499048, 28.1656013, 0.0 ] ], [ [ 73.1498488, 28.1656005, 0.0 ], [ 73.1498719, 28.1656008, 0.0 ], [ 73.1498667, 28.1659041, 0.0 ], [ 73.1498435, 28.1659038, 0.0 ], [ 73.1498488, 28.1656005, 0.0 ] ], [ [ 73.1498994, 28.1659129, 0.0 ], [ 73.1499225, 28.1659133, 0.0 ], [ 73.1499173, 28.1662165, 0.0 ], [ 73.1498942, 28.1662162, 0.0 ], [ 73.1498994, 28.1659129, 0.0 ] ], [ [ 73.1498434, 28.1659122, 0.0 ], [ 73.1498665, 28.1659125, 0.0 ], [ 73.1498613, 28.1662158, 0.0 ], [ 73.1498382, 28.1662155, 0.0 ], [ 73.1498434, 28.1659122, 0.0 ] ], [ [ 73.1499154, 28.1649818, 0.0 ], [ 73.1499385, 28.1649821, 0.0 ], [ 73.1499333, 28.1652854, 0.0 ], [ 73.1499102, 28.1652851, 0.0 ], [ 73.1499154, 28.1649818, 0.0 ] ], [ [ 73.1498594, 28.164981, 0.0 ], [ 73.1498825, 28.1649814, 0.0 ], [ 73.1498773, 28.1652846, 0.0 ], [ 73.1498542, 28.1652843, 0.0 ], [ 73.1498594, 28.164981, 0.0 ] ], [ [ 73.14991, 28.1652935, 0.0 ], [ 73.1499332, 28.1652938, 0.0 ], [ 73.149928, 28.1655971, 0.0 ], [ 73.1499048, 28.1655968, 0.0 ], [ 73.14991, 28.1652935, 0.0 ] ], [ [ 73.1498541, 28.1652927, 0.0 ], [ 73.1498772, 28.165293, 0.0 ], [ 73.149872, 28.1655963, 0.0 ], [ 73.1498488, 28.165596, 0.0 ], [ 73.1498541, 28.1652927, 0.0 ] ], [ [ 73.1499261, 28.1643623, 0.0 ], [ 73.1499492, 28.1643626, 0.0 ], [ 73.149944, 28.1646659, 0.0 ], [ 73.1499208, 28.1646656, 0.0 ], [ 73.1499261, 28.1643623, 0.0 ] ], [ [ 73.1498701, 28.1643616, 0.0 ], [ 73.1498932, 28.1643619, 0.0 ], [ 73.149888, 28.1646652, 0.0 ], [ 73.1498649, 28.1646648, 0.0 ], [ 73.1498701, 28.1643616, 0.0 ] ], [ [ 73.1499207, 28.164674, 0.0 ], [ 73.1499438, 28.1646743, 0.0 ], [ 73.1499386, 28.1649776, 0.0 ], [ 73.1499155, 28.1649773, 0.0 ], [ 73.1499207, 28.164674, 0.0 ] ], [ [ 73.1498647, 28.1646733, 0.0 ], [ 73.1498878, 28.1646736, 0.0 ], [ 73.1498826, 28.1649768, 0.0 ], [ 73.1498595, 28.1649765, 0.0 ], [ 73.1498647, 28.1646733, 0.0 ] ], [ [ 73.1497928, 28.1655997, 0.0 ], [ 73.1498159, 28.1656001, 0.0 ], [ 73.1498107, 28.1659033, 0.0 ], [ 73.1497875, 28.165903, 0.0 ], [ 73.1497928, 28.1655997, 0.0 ] ], [ [ 73.1497368, 28.165599, 0.0 ], [ 73.1497599, 28.1655993, 0.0 ], [ 73.1497547, 28.1659026, 0.0 ], [ 73.1497315, 28.1659023, 0.0 ], [ 73.1497368, 28.165599, 0.0 ] ], [ [ 73.1497874, 28.1659114, 0.0 ], [ 73.1498105, 28.1659117, 0.0 ], [ 73.1498053, 28.166215, 0.0 ], [ 73.1497822, 28.1662147, 0.0 ], [ 73.1497874, 28.1659114, 0.0 ] ], [ [ 73.1497314, 28.1659107, 0.0 ], [ 73.1497545, 28.165911, 0.0 ], [ 73.1497493, 28.1662143, 0.0 ], [ 73.1497262, 28.1662139, 0.0 ], [ 73.1497314, 28.1659107, 0.0 ] ], [ [ 73.1498034, 28.1649803, 0.0 ], [ 73.1498266, 28.1649806, 0.0 ], [ 73.1498213, 28.1652839, 0.0 ], [ 73.1497982, 28.1652836, 0.0 ], [ 73.1498034, 28.1649803, 0.0 ] ], [ [ 73.1497474, 28.1649795, 0.0 ], [ 73.1497706, 28.1649798, 0.0 ], [ 73.1497653, 28.1652831, 0.0 ], [ 73.1497422, 28.1652828, 0.0 ], [ 73.1497474, 28.1649795, 0.0 ] ], [ [ 73.1497981, 28.165292, 0.0 ], [ 73.1498212, 28.1652923, 0.0 ], [ 73.149816, 28.1655956, 0.0 ], [ 73.1497928, 28.1655952, 0.0 ], [ 73.1497981, 28.165292, 0.0 ] ], [ [ 73.1497421, 28.1652912, 0.0 ], [ 73.1497652, 28.1652915, 0.0 ], [ 73.14976, 28.1655948, 0.0 ], [ 73.1497368, 28.1655945, 0.0 ], [ 73.1497421, 28.1652912, 0.0 ] ], [ [ 73.1498141, 28.1643608, 0.0 ], [ 73.1498372, 28.1643611, 0.0 ], [ 73.149832, 28.1646644, 0.0 ], [ 73.1498089, 28.1646641, 0.0 ], [ 73.1498141, 28.1643608, 0.0 ] ], [ [ 73.1497581, 28.1643601, 0.0 ], [ 73.1497812, 28.1643604, 0.0 ], [ 73.149776, 28.1646636, 0.0 ], [ 73.1497529, 28.1646633, 0.0 ], [ 73.1497581, 28.1643601, 0.0 ] ], [ [ 73.1498087, 28.1646725, 0.0 ], [ 73.1498318, 28.1646728, 0.0 ], [ 73.1498266, 28.1649761, 0.0 ], [ 73.1498035, 28.1649758, 0.0 ], [ 73.1498087, 28.1646725, 0.0 ] ], [ [ 73.1497527, 28.1646717, 0.0 ], [ 73.1497759, 28.1646721, 0.0 ], [ 73.1497706, 28.1649753, 0.0 ], [ 73.1497475, 28.164975, 0.0 ], [ 73.1497527, 28.1646717, 0.0 ] ], [ [ 73.1496808, 28.1655982, 0.0 ], [ 73.1497039, 28.1655985, 0.0 ], [ 73.1496987, 28.1659018, 0.0 ], [ 73.1496756, 28.1659015, 0.0 ], [ 73.1496808, 28.1655982, 0.0 ] ], [ [ 73.1496248, 28.1655975, 0.0 ], [ 73.1496479, 28.1655978, 0.0 ], [ 73.1496427, 28.1659011, 0.0 ], [ 73.1496196, 28.1659007, 0.0 ], [ 73.1496248, 28.1655975, 0.0 ] ], [ [ 73.1496754, 28.1659099, 0.0 ], [ 73.1496985, 28.1659102, 0.0 ], [ 73.1496933, 28.1662135, 0.0 ], [ 73.1496702, 28.1662132, 0.0 ], [ 73.1496754, 28.1659099, 0.0 ] ], [ [ 73.1496194, 28.1659092, 0.0 ], [ 73.1496425, 28.1659095, 0.0 ], [ 73.1496373, 28.1662127, 0.0 ], [ 73.1496142, 28.1662124, 0.0 ], [ 73.1496194, 28.1659092, 0.0 ] ], [ [ 73.1496914, 28.1649788, 0.0 ], [ 73.1497146, 28.1649791, 0.0 ], [ 73.1497093, 28.1652824, 0.0 ], [ 73.1496862, 28.165282, 0.0 ], [ 73.1496914, 28.1649788, 0.0 ] ], [ [ 73.1496354, 28.164978, 0.0 ], [ 73.1496586, 28.1649783, 0.0 ], [ 73.1496533, 28.1652816, 0.0 ], [ 73.1496302, 28.1652813, 0.0 ], [ 73.1496354, 28.164978, 0.0 ] ], [ [ 73.1496861, 28.1652905, 0.0 ], [ 73.1497092, 28.1652908, 0.0 ], [ 73.149704, 28.165594, 0.0 ], [ 73.1496808, 28.1655937, 0.0 ], [ 73.1496861, 28.1652905, 0.0 ] ], [ [ 73.1496301, 28.1652897, 0.0 ], [ 73.1496532, 28.16529, 0.0 ], [ 73.149648, 28.1655933, 0.0 ], [ 73.1496249, 28.165593, 0.0 ], [ 73.1496301, 28.1652897, 0.0 ] ], [ [ 73.1497021, 28.1643593, 0.0 ], [ 73.1497252, 28.1643596, 0.0 ], [ 73.14972, 28.1646629, 0.0 ], [ 73.1496969, 28.1646626, 0.0 ], [ 73.1497021, 28.1643593, 0.0 ] ], [ [ 73.1496461, 28.1643585, 0.0 ], [ 73.1496692, 28.1643589, 0.0 ], [ 73.149664, 28.1646621, 0.0 ], [ 73.1496409, 28.1646618, 0.0 ], [ 73.1496461, 28.1643585, 0.0 ] ], [ [ 73.1496967, 28.164671, 0.0 ], [ 73.1497199, 28.1646713, 0.0 ], [ 73.1497146, 28.1649746, 0.0 ], [ 73.1496915, 28.1649743, 0.0 ], [ 73.1496967, 28.164671, 0.0 ] ], [ [ 73.1496407, 28.1646702, 0.0 ], [ 73.1496639, 28.1646705, 0.0 ], [ 73.1496586, 28.1649738, 0.0 ], [ 73.1496355, 28.1649735, 0.0 ], [ 73.1496407, 28.1646702, 0.0 ] ], [ [ 73.1495688, 28.1655967, 0.0 ], [ 73.1495919, 28.165597, 0.0 ], [ 73.1495867, 28.1659003, 0.0 ], [ 73.1495636, 28.1659, 0.0 ], [ 73.1495688, 28.1655967, 0.0 ] ], [ [ 73.1495128, 28.165596, 0.0 ], [ 73.1495359, 28.1655963, 0.0 ], [ 73.1495307, 28.1658995, 0.0 ], [ 73.1495076, 28.1658992, 0.0 ], [ 73.1495128, 28.165596, 0.0 ] ], [ [ 73.1495634, 28.1659084, 0.0 ], [ 73.1495865, 28.1659087, 0.0 ], [ 73.1495813, 28.166212, 0.0 ], [ 73.1495582, 28.1662117, 0.0 ], [ 73.1495634, 28.1659084, 0.0 ] ], [ [ 73.1495074, 28.1659077, 0.0 ], [ 73.1495306, 28.165908, 0.0 ], [ 73.1495253, 28.1662112, 0.0 ], [ 73.1495022, 28.1662109, 0.0 ], [ 73.1495074, 28.1659077, 0.0 ] ], [ [ 73.1495794, 28.1649773, 0.0 ], [ 73.1496026, 28.1649776, 0.0 ], [ 73.1495974, 28.1652808, 0.0 ], [ 73.1495742, 28.1652805, 0.0 ], [ 73.1495794, 28.1649773, 0.0 ] ], [ [ 73.1495234, 28.1649765, 0.0 ], [ 73.1495466, 28.1649768, 0.0 ], [ 73.1495414, 28.1652801, 0.0 ], [ 73.1495182, 28.1652798, 0.0 ], [ 73.1495234, 28.1649765, 0.0 ] ], [ [ 73.1495741, 28.1652889, 0.0 ], [ 73.1495972, 28.1652893, 0.0 ], [ 73.149592, 28.1655925, 0.0 ], [ 73.1495689, 28.1655922, 0.0 ], [ 73.1495741, 28.1652889, 0.0 ] ], [ [ 73.1495181, 28.1652882, 0.0 ], [ 73.1495412, 28.1652885, 0.0 ], [ 73.149536, 28.1655918, 0.0 ], [ 73.1495129, 28.1655915, 0.0 ], [ 73.1495181, 28.1652882, 0.0 ] ], [ [ 73.1494568, 28.1655952, 0.0 ], [ 73.1494799, 28.1655955, 0.0 ], [ 73.1494747, 28.1658988, 0.0 ], [ 73.1494516, 28.1658985, 0.0 ], [ 73.1494568, 28.1655952, 0.0 ] ], [ [ 73.1494008, 28.1655945, 0.0 ], [ 73.1494239, 28.1655948, 0.0 ], [ 73.1494187, 28.165898, 0.0 ], [ 73.1493956, 28.1658977, 0.0 ], [ 73.1494008, 28.1655945, 0.0 ] ], [ [ 73.1494514, 28.1659069, 0.0 ], [ 73.1494746, 28.1659072, 0.0 ], [ 73.1494693, 28.1662105, 0.0 ], [ 73.1494462, 28.1662102, 0.0 ], [ 73.1494514, 28.1659069, 0.0 ] ], [ [ 73.1493954, 28.1659061, 0.0 ], [ 73.1494186, 28.1659065, 0.0 ], [ 73.1494133, 28.1662097, 0.0 ], [ 73.1493902, 28.1662094, 0.0 ], [ 73.1493954, 28.1659061, 0.0 ] ], [ [ 73.1494675, 28.1649757, 0.0 ], [ 73.1494906, 28.1649761, 0.0 ], [ 73.1494854, 28.1652793, 0.0 ], [ 73.1494622, 28.165279, 0.0 ], [ 73.1494675, 28.1649757, 0.0 ] ], [ [ 73.1494115, 28.164975, 0.0 ], [ 73.1494346, 28.1649753, 0.0 ], [ 73.1494294, 28.1652786, 0.0 ], [ 73.1494062, 28.1652783, 0.0 ], [ 73.1494115, 28.164975, 0.0 ] ], [ [ 73.1494621, 28.1652874, 0.0 ], [ 73.1494852, 28.1652877, 0.0 ], [ 73.14948, 28.165591, 0.0 ], [ 73.1494569, 28.1655907, 0.0 ], [ 73.1494621, 28.1652874, 0.0 ] ], [ [ 73.1494061, 28.1652867, 0.0 ], [ 73.1494292, 28.165287, 0.0 ], [ 73.149424, 28.1655903, 0.0 ], [ 73.1494009, 28.1655899, 0.0 ], [ 73.1494061, 28.1652867, 0.0 ] ], [ [ 73.1493448, 28.1655937, 0.0 ], [ 73.1493679, 28.165594, 0.0 ], [ 73.1493627, 28.1658973, 0.0 ], [ 73.1493396, 28.165897, 0.0 ], [ 73.1493448, 28.1655937, 0.0 ] ], [ [ 73.1492888, 28.1655929, 0.0 ], [ 73.1493119, 28.1655933, 0.0 ], [ 73.1493067, 28.1658965, 0.0 ], [ 73.1492836, 28.1658962, 0.0 ], [ 73.1492888, 28.1655929, 0.0 ] ], [ [ 73.1493394, 28.1659054, 0.0 ], [ 73.1493626, 28.1659057, 0.0 ], [ 73.1493573, 28.166209, 0.0 ], [ 73.1493342, 28.1662087, 0.0 ], [ 73.1493394, 28.1659054, 0.0 ] ], [ [ 73.1492834, 28.1659046, 0.0 ], [ 73.1493066, 28.1659049, 0.0 ], [ 73.1493014, 28.1662082, 0.0 ], [ 73.1492782, 28.1662079, 0.0 ], [ 73.1492834, 28.1659046, 0.0 ] ], [ [ 73.1493555, 28.1649742, 0.0 ], [ 73.1493786, 28.1649745, 0.0 ], [ 73.1493734, 28.1652778, 0.0 ], [ 73.1493502, 28.1652775, 0.0 ], [ 73.1493555, 28.1649742, 0.0 ] ], [ [ 73.1492995, 28.1649735, 0.0 ], [ 73.1493226, 28.1649738, 0.0 ], [ 73.1493174, 28.1652771, 0.0 ], [ 73.1492942, 28.1652767, 0.0 ], [ 73.1492995, 28.1649735, 0.0 ] ], [ [ 73.1493501, 28.1652859, 0.0 ], [ 73.1493732, 28.1652862, 0.0 ], [ 73.149368, 28.1655895, 0.0 ], [ 73.1493449, 28.1655892, 0.0 ], [ 73.1493501, 28.1652859, 0.0 ] ], [ [ 73.1492941, 28.1652852, 0.0 ], [ 73.1493172, 28.1652855, 0.0 ], [ 73.149312, 28.1655887, 0.0 ], [ 73.1492889, 28.1655884, 0.0 ], [ 73.1492941, 28.1652852, 0.0 ] ], [ [ 73.1492328, 28.1655922, 0.0 ], [ 73.1492559, 28.1655925, 0.0 ], [ 73.1492507, 28.1658958, 0.0 ], [ 73.1492276, 28.1658955, 0.0 ], [ 73.1492328, 28.1655922, 0.0 ] ], [ [ 73.1491768, 28.1655914, 0.0 ], [ 73.1491999, 28.1655917, 0.0 ], [ 73.1491947, 28.165895, 0.0 ], [ 73.1491716, 28.1658947, 0.0 ], [ 73.1491768, 28.1655914, 0.0 ] ], [ [ 73.1492274, 28.1659039, 0.0 ], [ 73.1492506, 28.1659042, 0.0 ], [ 73.1492454, 28.1662074, 0.0 ], [ 73.1492222, 28.1662071, 0.0 ], [ 73.1492274, 28.1659039, 0.0 ] ], [ [ 73.1491715, 28.1659031, 0.0 ], [ 73.1491946, 28.1659034, 0.0 ], [ 73.1491894, 28.1662067, 0.0 ], [ 73.1491662, 28.1662064, 0.0 ], [ 73.1491715, 28.1659031, 0.0 ] ], [ [ 73.1492435, 28.1649727, 0.0 ], [ 73.1492666, 28.164973, 0.0 ], [ 73.1492614, 28.1652763, 0.0 ], [ 73.1492383, 28.165276, 0.0 ], [ 73.1492435, 28.1649727, 0.0 ] ], [ [ 73.1491875, 28.164972, 0.0 ], [ 73.1492106, 28.1649723, 0.0 ], [ 73.1492054, 28.1652755, 0.0 ], [ 73.1491823, 28.1652752, 0.0 ], [ 73.1491875, 28.164972, 0.0 ] ], [ [ 73.1492381, 28.1652844, 0.0 ], [ 73.1492612, 28.1652847, 0.0 ], [ 73.149256, 28.165588, 0.0 ], [ 73.1492329, 28.1655877, 0.0 ], [ 73.1492381, 28.1652844, 0.0 ] ], [ [ 73.1491821, 28.1652836, 0.0 ], [ 73.1492052, 28.165284, 0.0 ], [ 73.1492, 28.1655872, 0.0 ], [ 73.1491769, 28.1655869, 0.0 ], [ 73.1491821, 28.1652836, 0.0 ] ], [ [ 73.1491208, 28.1655907, 0.0 ], [ 73.149144, 28.165591, 0.0 ], [ 73.1491387, 28.1658942, 0.0 ], [ 73.1491156, 28.1658939, 0.0 ], [ 73.1491208, 28.1655907, 0.0 ] ], [ [ 73.1490648, 28.1655899, 0.0 ], [ 73.149088, 28.1655902, 0.0 ], [ 73.1490827, 28.1658935, 0.0 ], [ 73.1490596, 28.1658932, 0.0 ], [ 73.1490648, 28.1655899, 0.0 ] ], [ [ 73.1491155, 28.1659024, 0.0 ], [ 73.1491386, 28.1659027, 0.0 ], [ 73.1491334, 28.1662059, 0.0 ], [ 73.1491102, 28.1662056, 0.0 ], [ 73.1491155, 28.1659024, 0.0 ] ], [ [ 73.1490595, 28.1659016, 0.0 ], [ 73.1490826, 28.1659019, 0.0 ], [ 73.1490774, 28.1662052, 0.0 ], [ 73.1490542, 28.1662049, 0.0 ], [ 73.1490595, 28.1659016, 0.0 ] ], [ [ 73.1491315, 28.1649712, 0.0 ], [ 73.1491546, 28.1649715, 0.0 ], [ 73.1491494, 28.1652748, 0.0 ], [ 73.1491263, 28.1652745, 0.0 ], [ 73.1491315, 28.1649712, 0.0 ] ], [ [ 73.1490755, 28.1649704, 0.0 ], [ 73.1490986, 28.1649708, 0.0 ], [ 73.1490934, 28.165274, 0.0 ], [ 73.1490703, 28.1652737, 0.0 ], [ 73.1490755, 28.1649704, 0.0 ] ], [ [ 73.1491261, 28.1652829, 0.0 ], [ 73.1491493, 28.1652832, 0.0 ], [ 73.149144, 28.1655865, 0.0 ], [ 73.1491209, 28.1655862, 0.0 ], [ 73.1491261, 28.1652829, 0.0 ] ], [ [ 73.1490701, 28.1652821, 0.0 ], [ 73.1490933, 28.1652824, 0.0 ], [ 73.149088, 28.1655857, 0.0 ], [ 73.1490649, 28.1655854, 0.0 ], [ 73.1490701, 28.1652821, 0.0 ] ], [ [ 73.1490088, 28.1655892, 0.0 ], [ 73.149032, 28.1655895, 0.0 ], [ 73.1490267, 28.1658927, 0.0 ], [ 73.1490036, 28.1658924, 0.0 ], [ 73.1490088, 28.1655892, 0.0 ] ], [ [ 73.1489528, 28.1655884, 0.0 ], [ 73.148976, 28.1655887, 0.0 ], [ 73.1489707, 28.165892, 0.0 ], [ 73.1489476, 28.1658917, 0.0 ], [ 73.1489528, 28.1655884, 0.0 ] ], [ [ 73.1490035, 28.1659008, 0.0 ], [ 73.1490266, 28.1659012, 0.0 ], [ 73.1490214, 28.1662044, 0.0 ], [ 73.1489982, 28.1662041, 0.0 ], [ 73.1490035, 28.1659008, 0.0 ] ], [ [ 73.1489475, 28.1659001, 0.0 ], [ 73.1489706, 28.1659004, 0.0 ], [ 73.1489654, 28.1662037, 0.0 ], [ 73.1489423, 28.1662034, 0.0 ], [ 73.1489475, 28.1659001, 0.0 ] ], [ [ 73.1490195, 28.1649697, 0.0 ], [ 73.1490426, 28.16497, 0.0 ], [ 73.1490374, 28.1652733, 0.0 ], [ 73.1490143, 28.165273, 0.0 ], [ 73.1490195, 28.1649697, 0.0 ] ], [ [ 73.1489635, 28.1649689, 0.0 ], [ 73.1489866, 28.1649692, 0.0 ], [ 73.1489814, 28.1652725, 0.0 ], [ 73.1489583, 28.1652722, 0.0 ], [ 73.1489635, 28.1649689, 0.0 ] ], [ [ 73.1490141, 28.1652814, 0.0 ], [ 73.1490373, 28.1652817, 0.0 ], [ 73.149032, 28.165585, 0.0 ], [ 73.1490089, 28.1655846, 0.0 ], [ 73.1490141, 28.1652814, 0.0 ] ], [ [ 73.1489581, 28.1652806, 0.0 ], [ 73.1489813, 28.1652809, 0.0 ], [ 73.148976, 28.1655842, 0.0 ], [ 73.1489529, 28.1655839, 0.0 ], [ 73.1489581, 28.1652806, 0.0 ] ], [ [ 73.1488968, 28.1655876, 0.0 ], [ 73.14892, 28.165588, 0.0 ], [ 73.1489148, 28.1658912, 0.0 ], [ 73.1488916, 28.1658909, 0.0 ], [ 73.1488968, 28.1655876, 0.0 ] ], [ [ 73.1488408, 28.1655869, 0.0 ], [ 73.148864, 28.1655872, 0.0 ], [ 73.1488588, 28.1658905, 0.0 ], [ 73.1488356, 28.1658902, 0.0 ], [ 73.1488408, 28.1655869, 0.0 ] ], [ [ 73.1488915, 28.1658993, 0.0 ], [ 73.1489146, 28.1658996, 0.0 ], [ 73.1489094, 28.1662029, 0.0 ], [ 73.1488863, 28.1662026, 0.0 ], [ 73.1488915, 28.1658993, 0.0 ] ], [ [ 73.1488355, 28.1658986, 0.0 ], [ 73.1488586, 28.1658989, 0.0 ], [ 73.1488534, 28.1662022, 0.0 ], [ 73.1488303, 28.1662018, 0.0 ], [ 73.1488355, 28.1658986, 0.0 ] ], [ [ 73.1489075, 28.1649682, 0.0 ], [ 73.1489306, 28.1649685, 0.0 ], [ 73.1489254, 28.1652718, 0.0 ], [ 73.1489023, 28.1652714, 0.0 ], [ 73.1489075, 28.1649682, 0.0 ] ], [ [ 73.1488515, 28.1649674, 0.0 ], [ 73.1488746, 28.1649677, 0.0 ], [ 73.1488694, 28.165271, 0.0 ], [ 73.1488463, 28.1652707, 0.0 ], [ 73.1488515, 28.1649674, 0.0 ] ], [ [ 73.1489021, 28.1652799, 0.0 ], [ 73.1489253, 28.1652802, 0.0 ], [ 73.1489201, 28.1655834, 0.0 ], [ 73.1488969, 28.1655831, 0.0 ], [ 73.1489021, 28.1652799, 0.0 ] ], [ [ 73.1488461, 28.1652791, 0.0 ], [ 73.1488693, 28.1652794, 0.0 ], [ 73.1488641, 28.1655827, 0.0 ], [ 73.1488409, 28.1655824, 0.0 ], [ 73.1488461, 28.1652791, 0.0 ] ], [ [ 73.1487849, 28.1655861, 0.0 ], [ 73.148808, 28.1655864, 0.0 ], [ 73.1488028, 28.1658897, 0.0 ], [ 73.1487796, 28.1658894, 0.0 ], [ 73.1487849, 28.1655861, 0.0 ] ], [ [ 73.1487289, 28.1655854, 0.0 ], [ 73.148752, 28.1655857, 0.0 ], [ 73.1487468, 28.165889, 0.0 ], [ 73.1487236, 28.1658886, 0.0 ], [ 73.1487289, 28.1655854, 0.0 ] ], [ [ 73.1487795, 28.1658978, 0.0 ], [ 73.1488026, 28.1658981, 0.0 ], [ 73.1487974, 28.1662014, 0.0 ], [ 73.1487743, 28.1662011, 0.0 ], [ 73.1487795, 28.1658978, 0.0 ] ], [ [ 73.1487235, 28.1658971, 0.0 ], [ 73.1487466, 28.1658974, 0.0 ], [ 73.1487414, 28.1662006, 0.0 ], [ 73.1487183, 28.1662003, 0.0 ], [ 73.1487235, 28.1658971, 0.0 ] ], [ [ 73.1487955, 28.1649667, 0.0 ], [ 73.1488186, 28.164967, 0.0 ], [ 73.1488134, 28.1652702, 0.0 ], [ 73.1487903, 28.1652699, 0.0 ], [ 73.1487955, 28.1649667, 0.0 ] ], [ [ 73.1487395, 28.1649659, 0.0 ], [ 73.1487627, 28.1649662, 0.0 ], [ 73.1487574, 28.1652695, 0.0 ], [ 73.1487343, 28.1652692, 0.0 ], [ 73.1487395, 28.1649659, 0.0 ] ], [ [ 73.1487902, 28.1652783, 0.0 ], [ 73.1488133, 28.1652787, 0.0 ], [ 73.1488081, 28.1655819, 0.0 ], [ 73.1487849, 28.1655816, 0.0 ], [ 73.1487902, 28.1652783, 0.0 ] ], [ [ 73.1487342, 28.1652776, 0.0 ], [ 73.1487573, 28.1652779, 0.0 ], [ 73.1487521, 28.1655812, 0.0 ], [ 73.1487289, 28.1655809, 0.0 ], [ 73.1487342, 28.1652776, 0.0 ] ], [ [ 73.1485609, 28.1655831, 0.0 ], [ 73.148584, 28.1655834, 0.0 ], [ 73.1485788, 28.1658867, 0.0 ], [ 73.1485557, 28.1658864, 0.0 ], [ 73.1485609, 28.1655831, 0.0 ] ], [ [ 73.1485049, 28.1655823, 0.0 ], [ 73.148528, 28.1655827, 0.0 ], [ 73.1485228, 28.1658859, 0.0 ], [ 73.1484997, 28.1658856, 0.0 ], [ 73.1485049, 28.1655823, 0.0 ] ], [ [ 73.1485555, 28.1658948, 0.0 ], [ 73.1485786, 28.1658951, 0.0 ], [ 73.1485734, 28.1661984, 0.0 ], [ 73.1485503, 28.1661981, 0.0 ], [ 73.1485555, 28.1658948, 0.0 ] ], [ [ 73.1484995, 28.165894, 0.0 ], [ 73.1485226, 28.1658943, 0.0 ], [ 73.1485174, 28.1661976, 0.0 ], [ 73.1484943, 28.1661973, 0.0 ], [ 73.1484995, 28.165894, 0.0 ] ], [ [ 73.1485715, 28.1649636, 0.0 ], [ 73.1485947, 28.1649639, 0.0 ], [ 73.1485894, 28.1652672, 0.0 ], [ 73.1485663, 28.1652669, 0.0 ], [ 73.1485715, 28.1649636, 0.0 ] ], [ [ 73.1485155, 28.1649629, 0.0 ], [ 73.1485387, 28.1649632, 0.0 ], [ 73.1485335, 28.1652665, 0.0 ], [ 73.1485103, 28.1652661, 0.0 ], [ 73.1485155, 28.1649629, 0.0 ] ], [ [ 73.1485662, 28.1652753, 0.0 ], [ 73.1485893, 28.1652756, 0.0 ], [ 73.1485841, 28.1655789, 0.0 ], [ 73.148561, 28.1655786, 0.0 ], [ 73.1485662, 28.1652753, 0.0 ] ], [ [ 73.1485102, 28.1652746, 0.0 ], [ 73.1485333, 28.1652749, 0.0 ], [ 73.1485281, 28.1655781, 0.0 ], [ 73.148505, 28.1655778, 0.0 ], [ 73.1485102, 28.1652746, 0.0 ] ], [ [ 73.1484489, 28.1655816, 0.0 ], [ 73.148472, 28.1655819, 0.0 ], [ 73.1484668, 28.1658852, 0.0 ], [ 73.1484437, 28.1658849, 0.0 ], [ 73.1484489, 28.1655816, 0.0 ] ], [ [ 73.1483929, 28.1655808, 0.0 ], [ 73.148416, 28.1655811, 0.0 ], [ 73.1484108, 28.1658844, 0.0 ], [ 73.1483877, 28.1658841, 0.0 ], [ 73.1483929, 28.1655808, 0.0 ] ], [ [ 73.1484435, 28.1658933, 0.0 ], [ 73.1484666, 28.1658936, 0.0 ], [ 73.1484614, 28.1661969, 0.0 ], [ 73.1484383, 28.1661965, 0.0 ], [ 73.1484435, 28.1658933, 0.0 ] ], [ [ 73.1483875, 28.1658925, 0.0 ], [ 73.1484107, 28.1658928, 0.0 ], [ 73.1484054, 28.1661961, 0.0 ], [ 73.1483823, 28.1661958, 0.0 ], [ 73.1483875, 28.1658925, 0.0 ] ], [ [ 73.1484596, 28.1649621, 0.0 ], [ 73.1484827, 28.1649624, 0.0 ], [ 73.1484775, 28.1652657, 0.0 ], [ 73.1484543, 28.1652654, 0.0 ], [ 73.1484596, 28.1649621, 0.0 ] ], [ [ 73.1484036, 28.1649614, 0.0 ], [ 73.1484267, 28.1649617, 0.0 ], [ 73.1484215, 28.1652649, 0.0 ], [ 73.1483983, 28.1652646, 0.0 ], [ 73.1484036, 28.1649614, 0.0 ] ], [ [ 73.1484542, 28.1652738, 0.0 ], [ 73.1484773, 28.1652741, 0.0 ], [ 73.1484721, 28.1655774, 0.0 ], [ 73.148449, 28.1655771, 0.0 ], [ 73.1484542, 28.1652738, 0.0 ] ], [ [ 73.1483982, 28.165273, 0.0 ], [ 73.1484213, 28.1652734, 0.0 ], [ 73.1484161, 28.1655766, 0.0 ], [ 73.148393, 28.1655763, 0.0 ], [ 73.1483982, 28.165273, 0.0 ] ], [ [ 73.1483369, 28.1655801, 0.0 ], [ 73.14836, 28.1655804, 0.0 ], [ 73.1483548, 28.1658837, 0.0 ], [ 73.1483317, 28.1658833, 0.0 ], [ 73.1483369, 28.1655801, 0.0 ] ], [ [ 73.1482809, 28.1655793, 0.0 ], [ 73.148304, 28.1655796, 0.0 ], [ 73.1482988, 28.1658829, 0.0 ], [ 73.1482757, 28.1658826, 0.0 ], [ 73.1482809, 28.1655793, 0.0 ] ], [ [ 73.1483315, 28.1658918, 0.0 ], [ 73.1483547, 28.1658921, 0.0 ], [ 73.1483494, 28.1661953, 0.0 ], [ 73.1483263, 28.166195, 0.0 ], [ 73.1483315, 28.1658918, 0.0 ] ], [ [ 73.1482755, 28.165891, 0.0 ], [ 73.1482987, 28.1658913, 0.0 ], [ 73.1482934, 28.1661946, 0.0 ], [ 73.1482703, 28.1661943, 0.0 ], [ 73.1482755, 28.165891, 0.0 ] ], [ [ 73.1483476, 28.1649606, 0.0 ], [ 73.1483707, 28.1649609, 0.0 ], [ 73.1483655, 28.1652642, 0.0 ], [ 73.1483423, 28.1652639, 0.0 ], [ 73.1483476, 28.1649606, 0.0 ] ], [ [ 73.1482916, 28.1649598, 0.0 ], [ 73.1483147, 28.1649602, 0.0 ], [ 73.1483095, 28.1652634, 0.0 ], [ 73.1482863, 28.1652631, 0.0 ], [ 73.1482916, 28.1649598, 0.0 ] ], [ [ 73.1483422, 28.1652723, 0.0 ], [ 73.1483653, 28.1652726, 0.0 ], [ 73.1483601, 28.1655759, 0.0 ], [ 73.148337, 28.1655756, 0.0 ], [ 73.1483422, 28.1652723, 0.0 ] ], [ [ 73.1482862, 28.1652715, 0.0 ], [ 73.1483093, 28.1652718, 0.0 ], [ 73.1483041, 28.1655751, 0.0 ], [ 73.148281, 28.1655748, 0.0 ], [ 73.1482862, 28.1652715, 0.0 ] ], [ [ 73.1482249, 28.1655786, 0.0 ], [ 73.148248, 28.1655789, 0.0 ], [ 73.1482428, 28.1658821, 0.0 ], [ 73.1482197, 28.1658818, 0.0 ], [ 73.1482249, 28.1655786, 0.0 ] ], [ [ 73.1481689, 28.1655778, 0.0 ], [ 73.148192, 28.1655781, 0.0 ], [ 73.1481868, 28.1658814, 0.0 ], [ 73.1481637, 28.1658811, 0.0 ], [ 73.1481689, 28.1655778, 0.0 ] ], [ [ 73.1482195, 28.1658902, 0.0 ], [ 73.1482427, 28.1658906, 0.0 ], [ 73.1482374, 28.1661938, 0.0 ], [ 73.1482143, 28.1661935, 0.0 ], [ 73.1482195, 28.1658902, 0.0 ] ], [ [ 73.1481635, 28.1658895, 0.0 ], [ 73.1481867, 28.1658898, 0.0 ], [ 73.1481815, 28.1661931, 0.0 ], [ 73.1481583, 28.1661928, 0.0 ], [ 73.1481635, 28.1658895, 0.0 ] ], [ [ 73.1482356, 28.1649591, 0.0 ], [ 73.1482587, 28.1649594, 0.0 ], [ 73.1482535, 28.1652627, 0.0 ], [ 73.1482303, 28.1652624, 0.0 ], [ 73.1482356, 28.1649591, 0.0 ] ], [ [ 73.1481796, 28.1649583, 0.0 ], [ 73.1482027, 28.1649586, 0.0 ], [ 73.1481975, 28.1652619, 0.0 ], [ 73.1481744, 28.1652616, 0.0 ], [ 73.1481796, 28.1649583, 0.0 ] ], [ [ 73.1482302, 28.1652708, 0.0 ], [ 73.1482533, 28.1652711, 0.0 ], [ 73.1482481, 28.1655744, 0.0 ], [ 73.148225, 28.165574, 0.0 ], [ 73.1482302, 28.1652708, 0.0 ] ], [ [ 73.1481742, 28.16527, 0.0 ], [ 73.1481973, 28.1652703, 0.0 ], [ 73.1481921, 28.1655736, 0.0 ], [ 73.148169, 28.1655733, 0.0 ], [ 73.1481742, 28.16527, 0.0 ] ], [ [ 73.1481129, 28.165577, 0.0 ], [ 73.148136, 28.1655774, 0.0 ], [ 73.1481308, 28.1658806, 0.0 ], [ 73.1481077, 28.1658803, 0.0 ], [ 73.1481129, 28.165577, 0.0 ] ], [ [ 73.1480569, 28.1655763, 0.0 ], [ 73.1480801, 28.1655766, 0.0 ], [ 73.1480748, 28.1658799, 0.0 ], [ 73.1480517, 28.1658796, 0.0 ], [ 73.1480569, 28.1655763, 0.0 ] ], [ [ 73.1481075, 28.1658887, 0.0 ], [ 73.1481307, 28.165889, 0.0 ], [ 73.1481255, 28.1661923, 0.0 ], [ 73.1481023, 28.166192, 0.0 ], [ 73.1481075, 28.1658887, 0.0 ] ], [ [ 73.1480516, 28.165888, 0.0 ], [ 73.1480747, 28.1658883, 0.0 ], [ 73.1480695, 28.1661915, 0.0 ], [ 73.1480463, 28.1661912, 0.0 ], [ 73.1480516, 28.165888, 0.0 ] ], [ [ 73.1481236, 28.1649576, 0.0 ], [ 73.1481467, 28.1649579, 0.0 ], [ 73.1481415, 28.1652612, 0.0 ], [ 73.1481184, 28.1652608, 0.0 ], [ 73.1481236, 28.1649576, 0.0 ] ], [ [ 73.1480676, 28.1649568, 0.0 ], [ 73.1480907, 28.1649571, 0.0 ], [ 73.1480855, 28.1652604, 0.0 ], [ 73.1480624, 28.1652601, 0.0 ], [ 73.1480676, 28.1649568, 0.0 ] ], [ [ 73.1481182, 28.1652693, 0.0 ], [ 73.1481413, 28.1652696, 0.0 ], [ 73.1481361, 28.1655728, 0.0 ], [ 73.148113, 28.1655725, 0.0 ], [ 73.1481182, 28.1652693, 0.0 ] ], [ [ 73.1480622, 28.1652685, 0.0 ], [ 73.1480854, 28.1652688, 0.0 ], [ 73.1480801, 28.1655721, 0.0 ], [ 73.148057, 28.1655718, 0.0 ], [ 73.1480622, 28.1652685, 0.0 ] ], [ [ 73.1480009, 28.1655755, 0.0 ], [ 73.1480241, 28.1655758, 0.0 ], [ 73.1480188, 28.1658791, 0.0 ], [ 73.1479957, 28.1658788, 0.0 ], [ 73.1480009, 28.1655755, 0.0 ] ], [ [ 73.1479449, 28.1655748, 0.0 ], [ 73.1479681, 28.1655751, 0.0 ], [ 73.1479628, 28.1658783, 0.0 ], [ 73.1479397, 28.165878, 0.0 ], [ 73.1479449, 28.1655748, 0.0 ] ], [ [ 73.1479956, 28.1658872, 0.0 ], [ 73.1480187, 28.1658875, 0.0 ], [ 73.1480135, 28.1661908, 0.0 ], [ 73.1479903, 28.1661905, 0.0 ], [ 73.1479956, 28.1658872, 0.0 ] ], [ [ 73.1479396, 28.1658865, 0.0 ], [ 73.1479627, 28.1658868, 0.0 ], [ 73.1479575, 28.16619, 0.0 ], [ 73.1479343, 28.1661897, 0.0 ], [ 73.1479396, 28.1658865, 0.0 ] ], [ [ 73.1480116, 28.1649561, 0.0 ], [ 73.1480347, 28.1649564, 0.0 ], [ 73.1480295, 28.1652596, 0.0 ], [ 73.1480064, 28.1652593, 0.0 ], [ 73.1480116, 28.1649561, 0.0 ] ], [ [ 73.1479556, 28.1649553, 0.0 ], [ 73.1479787, 28.1649556, 0.0 ], [ 73.1479735, 28.1652589, 0.0 ], [ 73.1479504, 28.1652586, 0.0 ], [ 73.1479556, 28.1649553, 0.0 ] ], [ [ 73.1480062, 28.1652677, 0.0 ], [ 73.1480294, 28.1652681, 0.0 ], [ 73.1480241, 28.1655713, 0.0 ], [ 73.148001, 28.165571, 0.0 ], [ 73.1480062, 28.1652677, 0.0 ] ], [ [ 73.1479502, 28.165267, 0.0 ], [ 73.1479734, 28.1652673, 0.0 ], [ 73.1479681, 28.1655706, 0.0 ], [ 73.147945, 28.1655703, 0.0 ], [ 73.1479502, 28.165267, 0.0 ] ], [ [ 73.1478889, 28.165574, 0.0 ], [ 73.1479121, 28.1655743, 0.0 ], [ 73.1479068, 28.1658776, 0.0 ], [ 73.1478837, 28.1658773, 0.0 ], [ 73.1478889, 28.165574, 0.0 ] ], [ [ 73.1478329, 28.1655733, 0.0 ], [ 73.1478561, 28.1655736, 0.0 ], [ 73.1478508, 28.1658768, 0.0 ], [ 73.1478277, 28.1658765, 0.0 ], [ 73.1478329, 28.1655733, 0.0 ] ], [ [ 73.1478836, 28.1658857, 0.0 ], [ 73.1479067, 28.165886, 0.0 ], [ 73.1479015, 28.1661893, 0.0 ], [ 73.1478783, 28.166189, 0.0 ], [ 73.1478836, 28.1658857, 0.0 ] ], [ [ 73.1478276, 28.1658849, 0.0 ], [ 73.1478507, 28.1658853, 0.0 ], [ 73.1478455, 28.1661885, 0.0 ], [ 73.1478223, 28.1661882, 0.0 ], [ 73.1478276, 28.1658849, 0.0 ] ], [ [ 73.1478996, 28.1649545, 0.0 ], [ 73.1479227, 28.1649549, 0.0 ], [ 73.1479175, 28.1652581, 0.0 ], [ 73.1478944, 28.1652578, 0.0 ], [ 73.1478996, 28.1649545, 0.0 ] ], [ [ 73.1478436, 28.1649538, 0.0 ], [ 73.1478667, 28.1649541, 0.0 ], [ 73.1478615, 28.1652574, 0.0 ], [ 73.1478384, 28.1652571, 0.0 ], [ 73.1478436, 28.1649538, 0.0 ] ], [ [ 73.1478942, 28.1652662, 0.0 ], [ 73.1479174, 28.1652665, 0.0 ], [ 73.1479121, 28.1655698, 0.0 ], [ 73.147889, 28.1655695, 0.0 ], [ 73.1478942, 28.1652662, 0.0 ] ], [ [ 73.1478382, 28.1652655, 0.0 ], [ 73.1478614, 28.1652658, 0.0 ], [ 73.1478561, 28.1655691, 0.0 ], [ 73.147833, 28.1655687, 0.0 ], [ 73.1478382, 28.1652655, 0.0 ] ], [ [ 73.1477769, 28.1655725, 0.0 ], [ 73.1478001, 28.1655728, 0.0 ], [ 73.1477949, 28.1658761, 0.0 ], [ 73.1477717, 28.1658758, 0.0 ], [ 73.1477769, 28.1655725, 0.0 ] ], [ [ 73.147721, 28.1655717, 0.0 ], [ 73.1477441, 28.1655721, 0.0 ], [ 73.1477389, 28.1658753, 0.0 ], [ 73.1477157, 28.165875, 0.0 ], [ 73.147721, 28.1655717, 0.0 ] ], [ [ 73.1477716, 28.1658842, 0.0 ], [ 73.1477947, 28.1658845, 0.0 ], [ 73.1477895, 28.1661878, 0.0 ], [ 73.1477664, 28.1661874, 0.0 ], [ 73.1477716, 28.1658842, 0.0 ] ], [ [ 73.1477156, 28.1658834, 0.0 ], [ 73.1477387, 28.1658837, 0.0 ], [ 73.1477335, 28.166187, 0.0 ], [ 73.1477104, 28.1661867, 0.0 ], [ 73.1477156, 28.1658834, 0.0 ] ], [ [ 73.1477876, 28.164953, 0.0 ], [ 73.1478107, 28.1649533, 0.0 ], [ 73.1478055, 28.1652566, 0.0 ], [ 73.1477824, 28.1652563, 0.0 ], [ 73.1477876, 28.164953, 0.0 ] ], [ [ 73.1477316, 28.1649523, 0.0 ], [ 73.1477548, 28.1649526, 0.0 ], [ 73.1477495, 28.1652559, 0.0 ], [ 73.1477264, 28.1652555, 0.0 ], [ 73.1477316, 28.1649523, 0.0 ] ], [ [ 73.1477822, 28.1652647, 0.0 ], [ 73.1478054, 28.165265, 0.0 ], [ 73.1478002, 28.1655683, 0.0 ], [ 73.147777, 28.165568, 0.0 ], [ 73.1477822, 28.1652647, 0.0 ] ], [ [ 73.1477263, 28.165264, 0.0 ], [ 73.1477494, 28.1652643, 0.0 ], [ 73.1477442, 28.1655675, 0.0 ], [ 73.147721, 28.1655672, 0.0 ], [ 73.1477263, 28.165264, 0.0 ] ], [ [ 73.147665, 28.165571, 0.0 ], [ 73.1476881, 28.1655713, 0.0 ], [ 73.1476829, 28.1658746, 0.0 ], [ 73.1476597, 28.1658742, 0.0 ], [ 73.147665, 28.165571, 0.0 ] ], [ [ 73.147609, 28.1655702, 0.0 ], [ 73.1476321, 28.1655705, 0.0 ], [ 73.1476269, 28.1658738, 0.0 ], [ 73.1476037, 28.1658735, 0.0 ], [ 73.147609, 28.1655702, 0.0 ] ], [ [ 73.1476596, 28.1658827, 0.0 ], [ 73.1476827, 28.165883, 0.0 ], [ 73.1476775, 28.1661862, 0.0 ], [ 73.1476544, 28.1661859, 0.0 ], [ 73.1476596, 28.1658827, 0.0 ] ], [ [ 73.1476036, 28.1658819, 0.0 ], [ 73.1476267, 28.1658822, 0.0 ], [ 73.1476215, 28.1661855, 0.0 ], [ 73.1475984, 28.1661852, 0.0 ], [ 73.1476036, 28.1658819, 0.0 ] ], [ [ 73.1476756, 28.1649515, 0.0 ], [ 73.1476988, 28.1649518, 0.0 ], [ 73.1476935, 28.1652551, 0.0 ], [ 73.1476704, 28.1652548, 0.0 ], [ 73.1476756, 28.1649515, 0.0 ] ], [ [ 73.1476196, 28.1649508, 0.0 ], [ 73.1476428, 28.1649511, 0.0 ], [ 73.1476375, 28.1652543, 0.0 ], [ 73.1476144, 28.165254, 0.0 ], [ 73.1476196, 28.1649508, 0.0 ] ], [ [ 73.1476703, 28.1652632, 0.0 ], [ 73.1476934, 28.1652635, 0.0 ], [ 73.1476882, 28.1655668, 0.0 ], [ 73.147665, 28.1655665, 0.0 ], [ 73.1476703, 28.1652632, 0.0 ] ], [ [ 73.1476143, 28.1652624, 0.0 ], [ 73.1476374, 28.1652628, 0.0 ], [ 73.1476322, 28.165566, 0.0 ], [ 73.147609, 28.1655657, 0.0 ], [ 73.1476143, 28.1652624, 0.0 ] ], [ [ 73.147553, 28.1655695, 0.0 ], [ 73.1475761, 28.1655698, 0.0 ], [ 73.1475709, 28.165873, 0.0 ], [ 73.1475477, 28.1658727, 0.0 ], [ 73.147553, 28.1655695, 0.0 ] ], [ [ 73.147497, 28.1655687, 0.0 ], [ 73.1475201, 28.165569, 0.0 ], [ 73.1475149, 28.1658723, 0.0 ], [ 73.1474917, 28.165872, 0.0 ], [ 73.147497, 28.1655687, 0.0 ] ], [ [ 73.1475476, 28.1658812, 0.0 ], [ 73.1475707, 28.1658815, 0.0 ], [ 73.1475655, 28.1661847, 0.0 ], [ 73.1475424, 28.1661844, 0.0 ], [ 73.1475476, 28.1658812, 0.0 ] ], [ [ 73.1474916, 28.1658804, 0.0 ], [ 73.1475147, 28.1658807, 0.0 ], [ 73.1475095, 28.166184, 0.0 ], [ 73.1474864, 28.1661837, 0.0 ], [ 73.1474916, 28.1658804, 0.0 ] ], [ [ 73.1475636, 28.16495, 0.0 ], [ 73.1475868, 28.1649503, 0.0 ], [ 73.1475815, 28.1652536, 0.0 ], [ 73.1475584, 28.1652533, 0.0 ], [ 73.1475636, 28.16495, 0.0 ] ], [ [ 73.1475076, 28.1649492, 0.0 ], [ 73.1475308, 28.1649496, 0.0 ], [ 73.1475255, 28.1652528, 0.0 ], [ 73.1475024, 28.1652525, 0.0 ], [ 73.1475076, 28.1649492, 0.0 ] ], [ [ 73.1475583, 28.1652617, 0.0 ], [ 73.1475814, 28.165262, 0.0 ], [ 73.1475762, 28.1655653, 0.0 ], [ 73.147553, 28.165565, 0.0 ], [ 73.1475583, 28.1652617, 0.0 ] ], [ [ 73.1475023, 28.1652609, 0.0 ], [ 73.1475254, 28.1652612, 0.0 ], [ 73.1475202, 28.1655645, 0.0 ], [ 73.147497, 28.1655642, 0.0 ], [ 73.1475023, 28.1652609, 0.0 ] ], [ [ 73.147441, 28.165568, 0.0 ], [ 73.1474641, 28.1655683, 0.0 ], [ 73.1474589, 28.1658715, 0.0 ], [ 73.1474358, 28.1658712, 0.0 ], [ 73.147441, 28.165568, 0.0 ] ], [ [ 73.147385, 28.1655672, 0.0 ], [ 73.1474081, 28.1655675, 0.0 ], [ 73.1474029, 28.1658708, 0.0 ], [ 73.1473798, 28.1658705, 0.0 ], [ 73.147385, 28.1655672, 0.0 ] ], [ [ 73.1474356, 28.1658796, 0.0 ], [ 73.1474587, 28.1658799, 0.0 ], [ 73.1474535, 28.1661832, 0.0 ], [ 73.1474304, 28.1661829, 0.0 ], [ 73.1474356, 28.1658796, 0.0 ] ], [ [ 73.1473796, 28.1658789, 0.0 ], [ 73.1474027, 28.1658792, 0.0 ], [ 73.1473975, 28.1661825, 0.0 ], [ 73.1473744, 28.1661821, 0.0 ], [ 73.1473796, 28.1658789, 0.0 ] ], [ [ 73.1474516, 28.1649485, 0.0 ], [ 73.1474748, 28.1649488, 0.0 ], [ 73.1474696, 28.1652521, 0.0 ], [ 73.1474464, 28.1652518, 0.0 ], [ 73.1474516, 28.1649485, 0.0 ] ], [ [ 73.1473957, 28.1649477, 0.0 ], [ 73.1474188, 28.164948, 0.0 ], [ 73.1474136, 28.1652513, 0.0 ], [ 73.1473904, 28.165251, 0.0 ], [ 73.1473957, 28.1649477, 0.0 ] ], [ [ 73.1474463, 28.1652602, 0.0 ], [ 73.1474694, 28.1652605, 0.0 ], [ 73.1474642, 28.1655638, 0.0 ], [ 73.1474411, 28.1655634, 0.0 ], [ 73.1474463, 28.1652602, 0.0 ] ], [ [ 73.1473903, 28.1652594, 0.0 ], [ 73.1474134, 28.1652597, 0.0 ], [ 73.1474082, 28.165563, 0.0 ], [ 73.1473851, 28.1655627, 0.0 ], [ 73.1473903, 28.1652594, 0.0 ] ], [ [ 73.147329, 28.1655664, 0.0 ], [ 73.1473521, 28.1655667, 0.0 ], [ 73.1473469, 28.16587, 0.0 ], [ 73.1473238, 28.1658697, 0.0 ], [ 73.147329, 28.1655664, 0.0 ] ], [ [ 73.147273, 28.1655657, 0.0 ], [ 73.1472961, 28.165566, 0.0 ], [ 73.1472909, 28.1658693, 0.0 ], [ 73.1472678, 28.1658689, 0.0 ], [ 73.147273, 28.1655657, 0.0 ] ], [ [ 73.1473236, 28.1658781, 0.0 ], [ 73.1473467, 28.1658784, 0.0 ], [ 73.1473415, 28.1661817, 0.0 ], [ 73.1473184, 28.1661814, 0.0 ], [ 73.1473236, 28.1658781, 0.0 ] ], [ [ 73.1472676, 28.1658774, 0.0 ], [ 73.1472908, 28.1658777, 0.0 ], [ 73.1472855, 28.1661809, 0.0 ], [ 73.1472624, 28.1661806, 0.0 ], [ 73.1472676, 28.1658774, 0.0 ] ], [ [ 73.1473397, 28.164947, 0.0 ], [ 73.1473628, 28.1649473, 0.0 ], [ 73.1473576, 28.1652506, 0.0 ], [ 73.1473344, 28.1652502, 0.0 ], [ 73.1473397, 28.164947, 0.0 ] ], [ [ 73.1472837, 28.1649462, 0.0 ], [ 73.1473068, 28.1649465, 0.0 ], [ 73.1473016, 28.1652498, 0.0 ], [ 73.1472784, 28.1652495, 0.0 ], [ 73.1472837, 28.1649462, 0.0 ] ], [ [ 73.1473343, 28.1652587, 0.0 ], [ 73.1473574, 28.165259, 0.0 ], [ 73.1473522, 28.1655622, 0.0 ], [ 73.1473291, 28.1655619, 0.0 ], [ 73.1473343, 28.1652587, 0.0 ] ], [ [ 73.1472783, 28.1652579, 0.0 ], [ 73.1473014, 28.1652582, 0.0 ], [ 73.1472962, 28.1655615, 0.0 ], [ 73.1472731, 28.1655612, 0.0 ], [ 73.1472783, 28.1652579, 0.0 ] ], [ [ 73.147217, 28.1655649, 0.0 ], [ 73.1472401, 28.1655652, 0.0 ], [ 73.1472349, 28.1658685, 0.0 ], [ 73.1472118, 28.1658682, 0.0 ], [ 73.147217, 28.1655649, 0.0 ] ], [ [ 73.147161, 28.1655642, 0.0 ], [ 73.1471841, 28.1655645, 0.0 ], [ 73.1471789, 28.1658677, 0.0 ], [ 73.1471558, 28.1658674, 0.0 ], [ 73.147161, 28.1655642, 0.0 ] ], [ [ 73.1472116, 28.1658766, 0.0 ], [ 73.1472348, 28.1658769, 0.0 ], [ 73.1472295, 28.1661802, 0.0 ], [ 73.1472064, 28.1661799, 0.0 ], [ 73.1472116, 28.1658766, 0.0 ] ], [ [ 73.1471556, 28.1658758, 0.0 ], [ 73.1471788, 28.1658762, 0.0 ], [ 73.1471735, 28.1661794, 0.0 ], [ 73.1471504, 28.1661791, 0.0 ], [ 73.1471556, 28.1658758, 0.0 ] ], [ [ 73.1472277, 28.1649455, 0.0 ], [ 73.1472508, 28.1649458, 0.0 ], [ 73.1472456, 28.165249, 0.0 ], [ 73.1472224, 28.1652487, 0.0 ], [ 73.1472277, 28.1649455, 0.0 ] ], [ [ 73.1471717, 28.1649447, 0.0 ], [ 73.1471948, 28.164945, 0.0 ], [ 73.1471896, 28.1652483, 0.0 ], [ 73.1471665, 28.165248, 0.0 ], [ 73.1471717, 28.1649447, 0.0 ] ], [ [ 73.1472223, 28.1652571, 0.0 ], [ 73.1472454, 28.1652575, 0.0 ], [ 73.1472402, 28.1655607, 0.0 ], [ 73.1472171, 28.1655604, 0.0 ], [ 73.1472223, 28.1652571, 0.0 ] ], [ [ 73.1471663, 28.1652564, 0.0 ], [ 73.1471894, 28.1652567, 0.0 ], [ 73.1471842, 28.16556, 0.0 ], [ 73.1471611, 28.1655597, 0.0 ], [ 73.1471663, 28.1652564, 0.0 ] ], [ [ 73.1471157, 28.1649439, 0.0 ], [ 73.1471388, 28.1649443, 0.0 ], [ 73.1471336, 28.1652475, 0.0 ], [ 73.1471105, 28.1652472, 0.0 ], [ 73.1471157, 28.1649439, 0.0 ] ], [ [ 73.1470597, 28.1649432, 0.0 ], [ 73.1470828, 28.1649435, 0.0 ], [ 73.1470776, 28.1652468, 0.0 ], [ 73.1470545, 28.1652464, 0.0 ], [ 73.1470597, 28.1649432, 0.0 ] ], [ [ 73.1471103, 28.1652556, 0.0 ], [ 73.1471334, 28.1652559, 0.0 ], [ 73.1471282, 28.1655592, 0.0 ], [ 73.1471051, 28.1655589, 0.0 ], [ 73.1471103, 28.1652556, 0.0 ] ], [ [ 73.1470543, 28.1652549, 0.0 ], [ 73.1470774, 28.1652552, 0.0 ], [ 73.1470722, 28.1655584, 0.0 ], [ 73.1470491, 28.1655581, 0.0 ], [ 73.1470543, 28.1652549, 0.0 ] ], [ [ 73.146993, 28.1655619, 0.0 ], [ 73.1470161, 28.1655622, 0.0 ], [ 73.1470109, 28.1658655, 0.0 ], [ 73.1469878, 28.1658652, 0.0 ], [ 73.146993, 28.1655619, 0.0 ] ], [ [ 73.146937, 28.1655611, 0.0 ], [ 73.1469602, 28.1655614, 0.0 ], [ 73.1469549, 28.1658647, 0.0 ], [ 73.1469318, 28.1658644, 0.0 ], [ 73.146937, 28.1655611, 0.0 ] ], [ [ 73.1469876, 28.1658736, 0.0 ], [ 73.1470108, 28.1658739, 0.0 ], [ 73.1470056, 28.1661772, 0.0 ], [ 73.1469824, 28.1661768, 0.0 ], [ 73.1469876, 28.1658736, 0.0 ] ], [ [ 73.1469317, 28.1658728, 0.0 ], [ 73.1469548, 28.1658731, 0.0 ], [ 73.1469496, 28.1661764, 0.0 ], [ 73.1469264, 28.1661761, 0.0 ], [ 73.1469317, 28.1658728, 0.0 ] ], [ [ 73.1470037, 28.1649424, 0.0 ], [ 73.1470268, 28.1649427, 0.0 ], [ 73.1470216, 28.165246, 0.0 ], [ 73.1469985, 28.1652457, 0.0 ], [ 73.1470037, 28.1649424, 0.0 ] ], [ [ 73.1469477, 28.1649417, 0.0 ], [ 73.1469708, 28.164942, 0.0 ], [ 73.1469656, 28.1652452, 0.0 ], [ 73.1469425, 28.1652449, 0.0 ], [ 73.1469477, 28.1649417, 0.0 ] ], [ [ 73.1469983, 28.1652541, 0.0 ], [ 73.1470215, 28.1652544, 0.0 ], [ 73.1470162, 28.1655577, 0.0 ], [ 73.1469931, 28.1655574, 0.0 ], [ 73.1469983, 28.1652541, 0.0 ] ], [ [ 73.1469423, 28.1652534, 0.0 ], [ 73.1469655, 28.1652537, 0.0 ], [ 73.1469602, 28.1655569, 0.0 ], [ 73.1469371, 28.1655566, 0.0 ], [ 73.1469423, 28.1652534, 0.0 ] ], [ [ 73.146881, 28.1655604, 0.0 ], [ 73.1469042, 28.1655607, 0.0 ], [ 73.1468989, 28.165864, 0.0 ], [ 73.1468758, 28.1658636, 0.0 ], [ 73.146881, 28.1655604, 0.0 ] ], [ [ 73.146825, 28.1655596, 0.0 ], [ 73.1468482, 28.1655599, 0.0 ], [ 73.1468429, 28.1658632, 0.0 ], [ 73.1468198, 28.1658629, 0.0 ], [ 73.146825, 28.1655596, 0.0 ] ], [ [ 73.1468757, 28.1658721, 0.0 ], [ 73.1468988, 28.1658724, 0.0 ], [ 73.1468936, 28.1661756, 0.0 ], [ 73.1468704, 28.1661753, 0.0 ], [ 73.1468757, 28.1658721, 0.0 ] ], [ [ 73.1468197, 28.1658713, 0.0 ], [ 73.1468428, 28.1658716, 0.0 ], [ 73.1468376, 28.1661749, 0.0 ], [ 73.1468144, 28.1661746, 0.0 ], [ 73.1468197, 28.1658713, 0.0 ] ], [ [ 73.1468917, 28.1649409, 0.0 ], [ 73.1469148, 28.1649412, 0.0 ], [ 73.1469096, 28.1652445, 0.0 ], [ 73.1468865, 28.1652442, 0.0 ], [ 73.1468917, 28.1649409, 0.0 ] ], [ [ 73.1468357, 28.1649402, 0.0 ], [ 73.1468588, 28.1649405, 0.0 ], [ 73.1468536, 28.1652437, 0.0 ], [ 73.1468305, 28.1652434, 0.0 ], [ 73.1468357, 28.1649402, 0.0 ] ], [ [ 73.1468863, 28.1652526, 0.0 ], [ 73.1469095, 28.1652529, 0.0 ], [ 73.1469042, 28.1655562, 0.0 ], [ 73.1468811, 28.1655559, 0.0 ], [ 73.1468863, 28.1652526, 0.0 ] ], [ [ 73.1468303, 28.1652518, 0.0 ], [ 73.1468535, 28.1652521, 0.0 ], [ 73.1468482, 28.1655554, 0.0 ], [ 73.1468251, 28.1655551, 0.0 ], [ 73.1468303, 28.1652518, 0.0 ] ], [ [ 73.146769, 28.1655589, 0.0 ], [ 73.1467922, 28.1655592, 0.0 ], [ 73.1467869, 28.1658624, 0.0 ], [ 73.1467638, 28.1658621, 0.0 ], [ 73.146769, 28.1655589, 0.0 ] ], [ [ 73.146713, 28.1655581, 0.0 ], [ 73.1467362, 28.1655584, 0.0 ], [ 73.1467309, 28.1658617, 0.0 ], [ 73.1467078, 28.1658614, 0.0 ], [ 73.146713, 28.1655581, 0.0 ] ], [ [ 73.1467637, 28.1658705, 0.0 ], [ 73.1467868, 28.1658709, 0.0 ], [ 73.1467816, 28.1661741, 0.0 ], [ 73.1467584, 28.1661738, 0.0 ], [ 73.1467637, 28.1658705, 0.0 ] ], [ [ 73.1467077, 28.1658698, 0.0 ], [ 73.1467308, 28.1658701, 0.0 ], [ 73.1467256, 28.1661734, 0.0 ], [ 73.1467024, 28.1661731, 0.0 ], [ 73.1467077, 28.1658698, 0.0 ] ], [ [ 73.1467797, 28.1649394, 0.0 ], [ 73.1468028, 28.1649397, 0.0 ], [ 73.1467976, 28.165243, 0.0 ], [ 73.1467745, 28.1652427, 0.0 ], [ 73.1467797, 28.1649394, 0.0 ] ], [ [ 73.1467237, 28.1649386, 0.0 ], [ 73.1467469, 28.1649389, 0.0 ], [ 73.1467416, 28.1652422, 0.0 ], [ 73.1467185, 28.1652419, 0.0 ], [ 73.1467237, 28.1649386, 0.0 ] ], [ [ 73.1467743, 28.1652511, 0.0 ], [ 73.1467975, 28.1652514, 0.0 ], [ 73.1467922, 28.1655547, 0.0 ], [ 73.1467691, 28.1655543, 0.0 ], [ 73.1467743, 28.1652511, 0.0 ] ], [ [ 73.1467183, 28.1652503, 0.0 ], [ 73.1467415, 28.1652506, 0.0 ], [ 73.1467363, 28.1655539, 0.0 ], [ 73.1467131, 28.1655536, 0.0 ], [ 73.1467183, 28.1652503, 0.0 ] ], [ [ 73.146657, 28.1655573, 0.0 ], [ 73.1466802, 28.1655577, 0.0 ], [ 73.146675, 28.1658609, 0.0 ], [ 73.1466518, 28.1658606, 0.0 ], [ 73.146657, 28.1655573, 0.0 ] ], [ [ 73.1466011, 28.1655566, 0.0 ], [ 73.1466242, 28.1655569, 0.0 ], [ 73.146619, 28.1658602, 0.0 ], [ 73.1465958, 28.1658599, 0.0 ], [ 73.1466011, 28.1655566, 0.0 ] ], [ [ 73.1466517, 28.165869, 0.0 ], [ 73.1466748, 28.1658693, 0.0 ], [ 73.1466696, 28.1661726, 0.0 ], [ 73.1466465, 28.1661723, 0.0 ], [ 73.1466517, 28.165869, 0.0 ] ], [ [ 73.1465957, 28.1658683, 0.0 ], [ 73.1466188, 28.1658686, 0.0 ], [ 73.1466136, 28.1661719, 0.0 ], [ 73.1465905, 28.1661715, 0.0 ], [ 73.1465957, 28.1658683, 0.0 ] ], [ [ 73.1466677, 28.1649379, 0.0 ], [ 73.1466909, 28.1649382, 0.0 ], [ 73.1466856, 28.1652415, 0.0 ], [ 73.1466625, 28.1652411, 0.0 ], [ 73.1466677, 28.1649379, 0.0 ] ], [ [ 73.1466117, 28.1649371, 0.0 ], [ 73.1466349, 28.1649374, 0.0 ], [ 73.1466296, 28.1652407, 0.0 ], [ 73.1466065, 28.1652404, 0.0 ], [ 73.1466117, 28.1649371, 0.0 ] ], [ [ 73.1466624, 28.1652496, 0.0 ], [ 73.1466855, 28.1652499, 0.0 ], [ 73.1466803, 28.1655531, 0.0 ], [ 73.1466571, 28.1655528, 0.0 ], [ 73.1466624, 28.1652496, 0.0 ] ], [ [ 73.1466064, 28.1652488, 0.0 ], [ 73.1466295, 28.1652491, 0.0 ], [ 73.1466243, 28.1655524, 0.0 ], [ 73.1466011, 28.1655521, 0.0 ], [ 73.1466064, 28.1652488, 0.0 ] ], [ [ 73.1465451, 28.1655558, 0.0 ], [ 73.1465682, 28.1655561, 0.0 ], [ 73.146563, 28.1658594, 0.0 ], [ 73.1465398, 28.1658591, 0.0 ], [ 73.1465451, 28.1655558, 0.0 ] ], [ [ 73.1464891, 28.1655551, 0.0 ], [ 73.1465122, 28.1655554, 0.0 ], [ 73.146507, 28.1658586, 0.0 ], [ 73.1464838, 28.1658583, 0.0 ], [ 73.1464891, 28.1655551, 0.0 ] ], [ [ 73.1465397, 28.1658675, 0.0 ], [ 73.1465628, 28.1658678, 0.0 ], [ 73.1465576, 28.1661711, 0.0 ], [ 73.1465345, 28.1661708, 0.0 ], [ 73.1465397, 28.1658675, 0.0 ] ], [ [ 73.1464837, 28.1658668, 0.0 ], [ 73.1465068, 28.1658671, 0.0 ], [ 73.1465016, 28.1661703, 0.0 ], [ 73.1464785, 28.16617, 0.0 ], [ 73.1464837, 28.1658668, 0.0 ] ], [ [ 73.1465557, 28.1649364, 0.0 ], [ 73.1465789, 28.1649367, 0.0 ], [ 73.1465736, 28.1652399, 0.0 ], [ 73.1465505, 28.1652396, 0.0 ], [ 73.1465557, 28.1649364, 0.0 ] ], [ [ 73.1464997, 28.1649356, 0.0 ], [ 73.1465229, 28.1649359, 0.0 ], [ 73.1465176, 28.1652392, 0.0 ], [ 73.1464945, 28.1652389, 0.0 ], [ 73.1464997, 28.1649356, 0.0 ] ], [ [ 73.1465504, 28.165248, 0.0 ], [ 73.1465735, 28.1652484, 0.0 ], [ 73.1465683, 28.1655516, 0.0 ], [ 73.1465451, 28.1655513, 0.0 ], [ 73.1465504, 28.165248, 0.0 ] ], [ [ 73.1464944, 28.1652473, 0.0 ], [ 73.1465175, 28.1652476, 0.0 ], [ 73.1465123, 28.1655509, 0.0 ], [ 73.1464891, 28.1655506, 0.0 ], [ 73.1464944, 28.1652473, 0.0 ] ], [ [ 73.1464331, 28.1655543, 0.0 ], [ 73.1464562, 28.1655546, 0.0 ], [ 73.146451, 28.1658579, 0.0 ], [ 73.1464278, 28.1658576, 0.0 ], [ 73.1464331, 28.1655543, 0.0 ] ], [ [ 73.1463771, 28.1655536, 0.0 ], [ 73.1464002, 28.1655539, 0.0 ], [ 73.146395, 28.1658571, 0.0 ], [ 73.1463718, 28.1658568, 0.0 ], [ 73.1463771, 28.1655536, 0.0 ] ], [ [ 73.1464277, 28.165866, 0.0 ], [ 73.1464508, 28.1658663, 0.0 ], [ 73.1464456, 28.1661696, 0.0 ], [ 73.1464225, 28.1661693, 0.0 ], [ 73.1464277, 28.165866, 0.0 ] ], [ [ 73.1463717, 28.1658652, 0.0 ], [ 73.1463948, 28.1658656, 0.0 ], [ 73.1463896, 28.1661688, 0.0 ], [ 73.1463665, 28.1661685, 0.0 ], [ 73.1463717, 28.1658652, 0.0 ] ], [ [ 73.1464437, 28.1649348, 0.0 ], [ 73.1464669, 28.1649352, 0.0 ], [ 73.1464617, 28.1652384, 0.0 ], [ 73.1464385, 28.1652381, 0.0 ], [ 73.1464437, 28.1649348, 0.0 ] ], [ [ 73.1463878, 28.1649341, 0.0 ], [ 73.1464109, 28.1649344, 0.0 ], [ 73.1464057, 28.1652377, 0.0 ], [ 73.1463825, 28.1652374, 0.0 ], [ 73.1463878, 28.1649341, 0.0 ] ], [ [ 73.1464384, 28.1652465, 0.0 ], [ 73.1464615, 28.1652468, 0.0 ], [ 73.1464563, 28.1655501, 0.0 ], [ 73.1464331, 28.1655498, 0.0 ], [ 73.1464384, 28.1652465, 0.0 ] ], [ [ 73.1463824, 28.1652458, 0.0 ], [ 73.1464055, 28.1652461, 0.0 ], [ 73.1464003, 28.1655494, 0.0 ], [ 73.1463772, 28.165549, 0.0 ], [ 73.1463824, 28.1652458, 0.0 ] ], [ [ 73.1463211, 28.1655528, 0.0 ], [ 73.1463442, 28.1655531, 0.0 ], [ 73.146339, 28.1658564, 0.0 ], [ 73.1463159, 28.1658561, 0.0 ], [ 73.1463211, 28.1655528, 0.0 ] ], [ [ 73.1462651, 28.165552, 0.0 ], [ 73.1462882, 28.1655523, 0.0 ], [ 73.146283, 28.1658556, 0.0 ], [ 73.1462599, 28.1658553, 0.0 ], [ 73.1462651, 28.165552, 0.0 ] ], [ [ 73.1463157, 28.1658645, 0.0 ], [ 73.1463388, 28.1658648, 0.0 ], [ 73.1463336, 28.1661681, 0.0 ], [ 73.1463105, 28.1661677, 0.0 ], [ 73.1463157, 28.1658645, 0.0 ] ], [ [ 73.1462597, 28.1658637, 0.0 ], [ 73.1462828, 28.165864, 0.0 ], [ 73.1462776, 28.1661673, 0.0 ], [ 73.1462545, 28.166167, 0.0 ], [ 73.1462597, 28.1658637, 0.0 ] ], [ [ 73.1463318, 28.1649333, 0.0 ], [ 73.1463549, 28.1649336, 0.0 ], [ 73.1463497, 28.1652369, 0.0 ], [ 73.1463265, 28.1652366, 0.0 ], [ 73.1463318, 28.1649333, 0.0 ] ], [ [ 73.1462758, 28.1649326, 0.0 ], [ 73.1462989, 28.1649329, 0.0 ], [ 73.1462937, 28.1652362, 0.0 ], [ 73.1462705, 28.1652358, 0.0 ], [ 73.1462758, 28.1649326, 0.0 ] ], [ [ 73.1463264, 28.165245, 0.0 ], [ 73.1463495, 28.1652453, 0.0 ], [ 73.1463443, 28.1655486, 0.0 ], [ 73.1463212, 28.1655483, 0.0 ], [ 73.1463264, 28.165245, 0.0 ] ], [ [ 73.1462704, 28.1652443, 0.0 ], [ 73.1462935, 28.1652446, 0.0 ], [ 73.1462883, 28.1655478, 0.0 ], [ 73.1462652, 28.1655475, 0.0 ], [ 73.1462704, 28.1652443, 0.0 ] ], [ [ 73.1462091, 28.1655513, 0.0 ], [ 73.1462322, 28.1655516, 0.0 ], [ 73.146227, 28.1658549, 0.0 ], [ 73.1462039, 28.1658545, 0.0 ], [ 73.1462091, 28.1655513, 0.0 ] ], [ [ 73.1461531, 28.1655505, 0.0 ], [ 73.1461762, 28.1655508, 0.0 ], [ 73.146171, 28.1658541, 0.0 ], [ 73.1461479, 28.1658538, 0.0 ], [ 73.1461531, 28.1655505, 0.0 ] ], [ [ 73.1462037, 28.165863, 0.0 ], [ 73.1462268, 28.1658633, 0.0 ], [ 73.1462216, 28.1661665, 0.0 ], [ 73.1461985, 28.1661662, 0.0 ], [ 73.1462037, 28.165863, 0.0 ] ], [ [ 73.1461477, 28.1658622, 0.0 ], [ 73.1461709, 28.1658625, 0.0 ], [ 73.1461656, 28.1661658, 0.0 ], [ 73.1461425, 28.1661655, 0.0 ], [ 73.1461477, 28.1658622, 0.0 ] ], [ [ 73.1462198, 28.1649318, 0.0 ], [ 73.1462429, 28.1649321, 0.0 ], [ 73.1462377, 28.1652354, 0.0 ], [ 73.1462145, 28.1652351, 0.0 ], [ 73.1462198, 28.1649318, 0.0 ] ], [ [ 73.1461638, 28.1649311, 0.0 ], [ 73.1461869, 28.1649314, 0.0 ], [ 73.1461817, 28.1652346, 0.0 ], [ 73.1461585, 28.1652343, 0.0 ], [ 73.1461638, 28.1649311, 0.0 ] ], [ [ 73.1462144, 28.1652435, 0.0 ], [ 73.1462375, 28.1652438, 0.0 ], [ 73.1462323, 28.1655471, 0.0 ], [ 73.1462092, 28.1655468, 0.0 ], [ 73.1462144, 28.1652435, 0.0 ] ], [ [ 73.1461584, 28.1652427, 0.0 ], [ 73.1461815, 28.1652431, 0.0 ], [ 73.1461763, 28.1655463, 0.0 ], [ 73.1461532, 28.165546, 0.0 ], [ 73.1461584, 28.1652427, 0.0 ] ], [ [ 73.1461078, 28.1649303, 0.0 ], [ 73.1461309, 28.1649306, 0.0 ], [ 73.1461257, 28.1652339, 0.0 ], [ 73.1461026, 28.1652336, 0.0 ], [ 73.1461078, 28.1649303, 0.0 ] ], [ [ 73.1460518, 28.1649295, 0.0 ], [ 73.1460749, 28.1649299, 0.0 ], [ 73.1460697, 28.1652331, 0.0 ], [ 73.1460466, 28.1652328, 0.0 ], [ 73.1460518, 28.1649295, 0.0 ] ], [ [ 73.1461024, 28.165242, 0.0 ], [ 73.1461255, 28.1652423, 0.0 ], [ 73.1461203, 28.1655456, 0.0 ], [ 73.1460972, 28.1655452, 0.0 ], [ 73.1461024, 28.165242, 0.0 ] ], [ [ 73.1460464, 28.1652412, 0.0 ], [ 73.1460695, 28.1652415, 0.0 ], [ 73.1460643, 28.1655448, 0.0 ], [ 73.1460412, 28.1655445, 0.0 ], [ 73.1460464, 28.1652412, 0.0 ] ], [ [ 73.1459958, 28.1649288, 0.0 ], [ 73.1460189, 28.1649291, 0.0 ], [ 73.1460137, 28.1652324, 0.0 ], [ 73.1459906, 28.165232, 0.0 ], [ 73.1459958, 28.1649288, 0.0 ] ], [ [ 73.1459398, 28.164928, 0.0 ], [ 73.1459629, 28.1649283, 0.0 ], [ 73.1459577, 28.1652316, 0.0 ], [ 73.1459346, 28.1652313, 0.0 ], [ 73.1459398, 28.164928, 0.0 ] ], [ [ 73.1459904, 28.1652405, 0.0 ], [ 73.1460135, 28.1652408, 0.0 ], [ 73.1460083, 28.165544, 0.0 ], [ 73.1459852, 28.1655437, 0.0 ], [ 73.1459904, 28.1652405, 0.0 ] ], [ [ 73.1459344, 28.1652397, 0.0 ], [ 73.1459576, 28.16524, 0.0 ], [ 73.1459523, 28.1655433, 0.0 ], [ 73.1459292, 28.165543, 0.0 ], [ 73.1459344, 28.1652397, 0.0 ] ], [ [ 73.1458838, 28.1649273, 0.0 ], [ 73.1459069, 28.1649276, 0.0 ], [ 73.1459017, 28.1652308, 0.0 ], [ 73.1458786, 28.1652305, 0.0 ], [ 73.1458838, 28.1649273, 0.0 ] ], [ [ 73.1458278, 28.1649265, 0.0 ], [ 73.1458509, 28.1649268, 0.0 ], [ 73.1458457, 28.1652301, 0.0 ], [ 73.1458226, 28.1652298, 0.0 ], [ 73.1458278, 28.1649265, 0.0 ] ], [ [ 73.1458784, 28.1652389, 0.0 ], [ 73.1459016, 28.1652393, 0.0 ], [ 73.1458963, 28.1655425, 0.0 ], [ 73.1458732, 28.1655422, 0.0 ], [ 73.1458784, 28.1652389, 0.0 ] ], [ [ 73.1458224, 28.1652382, 0.0 ], [ 73.1458456, 28.1652385, 0.0 ], [ 73.1458403, 28.1655418, 0.0 ], [ 73.1458172, 28.1655415, 0.0 ], [ 73.1458224, 28.1652382, 0.0 ] ], [ [ 73.1457718, 28.1649257, 0.0 ], [ 73.1457949, 28.1649261, 0.0 ], [ 73.1457897, 28.1652293, 0.0 ], [ 73.1457666, 28.165229, 0.0 ], [ 73.1457718, 28.1649257, 0.0 ] ], [ [ 73.1457158, 28.164925, 0.0 ], [ 73.145739, 28.1649253, 0.0 ], [ 73.1457337, 28.1652286, 0.0 ], [ 73.1457106, 28.1652283, 0.0 ], [ 73.1457158, 28.164925, 0.0 ] ], [ [ 73.1457664, 28.1652374, 0.0 ], [ 73.1457896, 28.1652377, 0.0 ], [ 73.1457843, 28.165541, 0.0 ], [ 73.1457612, 28.1655407, 0.0 ], [ 73.1457664, 28.1652374, 0.0 ] ], [ [ 73.1457104, 28.1652367, 0.0 ], [ 73.1457336, 28.165237, 0.0 ], [ 73.1457283, 28.1655403, 0.0 ], [ 73.1457052, 28.1655399, 0.0 ], [ 73.1457104, 28.1652367, 0.0 ] ] ] } }
]
}
