{
"type": "FeatureCollection",
"name": "ITC-10 strings",
"bbox": [ 73.1354525, 28.1518099, 0.0000000, 73.1406337, 28.1574014, 0.0000000 ],                                                  
"features": [
{ "type": "Feature", "properties": { "id": "kml_1", "Name": "EDGE TRACKERS", "description": null, "timestamp": null, "begin": null, "end": null, "altitudeMode": null, "tessellate": -1, "extrude": 0, "visibility": -1, "drawOrder": null, "icon": null }, "bbox": [ 73.1354525, 28.1518099, 0.0, 73.138474, 28.1573725, 0.0 ], "geometry": { "type": "MultiLineString", "coordinates": [ [ [ 73.1357419, 28.1554954, 0.0 ], [ 73.1357651, 28.1554958, 0.0 ], [ 73.1357598, 28.155799, 0.0 ], [ 73.1357367, 28.1557987, 0.0 ], [ 73.1357419, 28.1554954, 0.0 ] ], [ [ 73.1356859, 28.1554947, 0.0 ], [ 73.1357091, 28.155495, 0.0 ], [ 73.1357038, 28.1557983, 0.0 ], [ 73.1356807, 28.1557979, 0.0 ], [ 73.1356859, 28.1554947, 0.0 ] ], [ [ 73.1357365, 28.1558071, 0.0 ], [ 73.1357597, 28.1558074, 0.0 ], [ 73.1357544, 28.1561107, 0.0 ], [ 73.1357313, 28.1561104, 0.0 ], [ 73.1357365, 28.1558071, 0.0 ] ], [ [ 73.1356805, 28.1558064, 0.0 ], [ 73.1357037, 28.1558067, 0.0 ], [ 73.1356984, 28.1561099, 0.0 ], [ 73.1356753, 28.1561096, 0.0 ], [ 73.1356805, 28.1558064, 0.0 ] ], [ [ 73.1356848, 28.1523289, 0.0 ], [ 73.1357079, 28.1523293, 0.0 ], [ 73.1357027, 28.1526325, 0.0 ], [ 73.1356795, 28.1526322, 0.0 ], [ 73.1356848, 28.1523289, 0.0 ] ], [ [ 73.1356288, 28.1523282, 0.0 ], [ 73.1356519, 28.1523285, 0.0 ], [ 73.1356467, 28.1526318, 0.0 ], [ 73.1356236, 28.1526314, 0.0 ], [ 73.1356288, 28.1523282, 0.0 ] ], [ [ 73.1356794, 28.1526406, 0.0 ], [ 73.1357025, 28.1526409, 0.0 ], [ 73.1356973, 28.1529442, 0.0 ], [ 73.1356741, 28.1529439, 0.0 ], [ 73.1356794, 28.1526406, 0.0 ] ], [ [ 73.1356234, 28.1526399, 0.0 ], [ 73.1356465, 28.1526402, 0.0 ], [ 73.1356413, 28.1529434, 0.0 ], [ 73.1356182, 28.1529431, 0.0 ], [ 73.1356234, 28.1526399, 0.0 ] ], [ [ 73.1384508, 28.1542931, 0.0 ], [ 73.138474, 28.1542934, 0.0 ], [ 73.1384687, 28.1545967, 0.0 ], [ 73.1384456, 28.1545963, 0.0 ], [ 73.1384508, 28.1542931, 0.0 ] ], [ [ 73.1383949, 28.1542923, 0.0 ], [ 73.138418, 28.1542926, 0.0 ], [ 73.1384127, 28.1545959, 0.0 ], [ 73.1383896, 28.1545956, 0.0 ], [ 73.1383949, 28.1542923, 0.0 ] ], [ [ 73.1384455, 28.1546048, 0.0 ], [ 73.1384686, 28.1546051, 0.0 ], [ 73.1384633, 28.1549083, 0.0 ], [ 73.1384402, 28.154908, 0.0 ], [ 73.1384455, 28.1546048, 0.0 ] ], [ [ 73.1383895, 28.154604, 0.0 ], [ 73.1384126, 28.1546043, 0.0 ], [ 73.1384073, 28.1549076, 0.0 ], [ 73.1383842, 28.1549073, 0.0 ], [ 73.1383895, 28.154604, 0.0 ] ], [ [ 73.1355191, 28.1554247, 0.0 ], [ 73.1355423, 28.155425, 0.0 ], [ 73.135537, 28.1557283, 0.0 ], [ 73.1355139, 28.155728, 0.0 ], [ 73.1355191, 28.1554247, 0.0 ] ], [ [ 73.1354632, 28.155424, 0.0 ], [ 73.1354863, 28.1554243, 0.0 ], [ 73.135481, 28.1557275, 0.0 ], [ 73.1354579, 28.1557272, 0.0 ], [ 73.1354632, 28.155424, 0.0 ] ], [ [ 73.1355137, 28.1557364, 0.0 ], [ 73.1355369, 28.1557367, 0.0 ], [ 73.1355316, 28.15604, 0.0 ], [ 73.1355085, 28.1560397, 0.0 ], [ 73.1355137, 28.1557364, 0.0 ] ], [ [ 73.1354578, 28.1557356, 0.0 ], [ 73.1354809, 28.155736, 0.0 ], [ 73.1354756, 28.1560392, 0.0 ], [ 73.1354525, 28.1560389, 0.0 ], [ 73.1354578, 28.1557356, 0.0 ] ], [ [ 73.1355299, 28.1548053, 0.0 ], [ 73.135553, 28.1548056, 0.0 ], [ 73.1355478, 28.1551088, 0.0 ], [ 73.1355246, 28.1551085, 0.0 ], [ 73.1355299, 28.1548053, 0.0 ] ], [ [ 73.1354739, 28.1548045, 0.0 ], [ 73.135497, 28.1548048, 0.0 ], [ 73.1354918, 28.1551081, 0.0 ], [ 73.1354686, 28.1551078, 0.0 ], [ 73.1354739, 28.1548045, 0.0 ] ], [ [ 73.1355245, 28.1551169, 0.0 ], [ 73.1355476, 28.1551173, 0.0 ], [ 73.1355423, 28.1554205, 0.0 ], [ 73.1355192, 28.1554202, 0.0 ], [ 73.1355245, 28.1551169, 0.0 ] ], [ [ 73.1354685, 28.1551162, 0.0 ], [ 73.1354916, 28.1551165, 0.0 ], [ 73.1354864, 28.1554198, 0.0 ], [ 73.1354632, 28.1554195, 0.0 ], [ 73.1354685, 28.1551162, 0.0 ] ], [ [ 73.1355406, 28.1541858, 0.0 ], [ 73.1355637, 28.1541861, 0.0 ], [ 73.1355585, 28.1544894, 0.0 ], [ 73.1355354, 28.1544891, 0.0 ], [ 73.1355406, 28.1541858, 0.0 ] ], [ [ 73.1354846, 28.154185, 0.0 ], [ 73.1355078, 28.1541854, 0.0 ], [ 73.1355025, 28.1544886, 0.0 ], [ 73.1354794, 28.1544883, 0.0 ], [ 73.1354846, 28.154185, 0.0 ] ], [ [ 73.1355352, 28.1544975, 0.0 ], [ 73.1355583, 28.1544978, 0.0 ], [ 73.1355531, 28.1548011, 0.0 ], [ 73.13553, 28.1548008, 0.0 ], [ 73.1355352, 28.1544975, 0.0 ] ], [ [ 73.1354792, 28.1544967, 0.0 ], [ 73.1355024, 28.154497, 0.0 ], [ 73.1354971, 28.1548003, 0.0 ], [ 73.135474, 28.1548, 0.0 ], [ 73.1354792, 28.1544967, 0.0 ] ], [ [ 73.1355513, 28.1535663, 0.0 ], [ 73.1355745, 28.1535667, 0.0 ], [ 73.1355692, 28.1538699, 0.0 ], [ 73.1355461, 28.1538696, 0.0 ], [ 73.1355513, 28.1535663, 0.0 ] ], [ [ 73.1354954, 28.1535656, 0.0 ], [ 73.1355185, 28.1535659, 0.0 ], [ 73.1355132, 28.1538692, 0.0 ], [ 73.1354901, 28.1538688, 0.0 ], [ 73.1354954, 28.1535656, 0.0 ] ], [ [ 73.1355459, 28.153878, 0.0 ], [ 73.1355691, 28.1538783, 0.0 ], [ 73.1355638, 28.1541816, 0.0 ], [ 73.1355407, 28.1541813, 0.0 ], [ 73.1355459, 28.153878, 0.0 ] ], [ [ 73.13549, 28.1538773, 0.0 ], [ 73.1355131, 28.1538776, 0.0 ], [ 73.1355078, 28.1541808, 0.0 ], [ 73.1354847, 28.1541805, 0.0 ], [ 73.13549, 28.1538773, 0.0 ] ], [ [ 73.1355621, 28.1529469, 0.0 ], [ 73.1355852, 28.1529472, 0.0 ], [ 73.13558, 28.1532505, 0.0 ], [ 73.1355568, 28.1532501, 0.0 ], [ 73.1355621, 28.1529469, 0.0 ] ], [ [ 73.1355061, 28.1529461, 0.0 ], [ 73.1355292, 28.1529464, 0.0 ], [ 73.135524, 28.1532497, 0.0 ], [ 73.1355008, 28.1532494, 0.0 ], [ 73.1355061, 28.1529461, 0.0 ] ], [ [ 73.1355567, 28.1532586, 0.0 ], [ 73.1355798, 28.1532589, 0.0 ], [ 73.1355746, 28.1535621, 0.0 ], [ 73.1355514, 28.1535618, 0.0 ], [ 73.1355567, 28.1532586, 0.0 ] ], [ [ 73.1355007, 28.1532578, 0.0 ], [ 73.1355238, 28.1532581, 0.0 ], [ 73.1355186, 28.1535614, 0.0 ], [ 73.1354954, 28.1535611, 0.0 ], [ 73.1355007, 28.1532578, 0.0 ] ], [ [ 73.1355728, 28.1523274, 0.0 ], [ 73.1355959, 28.1523277, 0.0 ], [ 73.1355907, 28.152631, 0.0 ], [ 73.1355676, 28.1526307, 0.0 ], [ 73.1355728, 28.1523274, 0.0 ] ], [ [ 73.1355168, 28.1523267, 0.0 ], [ 73.13554, 28.152327, 0.0 ], [ 73.1355347, 28.1526302, 0.0 ], [ 73.1355116, 28.1526299, 0.0 ], [ 73.1355168, 28.1523267, 0.0 ] ], [ [ 73.1355674, 28.1526391, 0.0 ], [ 73.1355905, 28.1526394, 0.0 ], [ 73.1355853, 28.1529427, 0.0 ], [ 73.1355622, 28.1529424, 0.0 ], [ 73.1355674, 28.1526391, 0.0 ] ], [ [ 73.1355114, 28.1526383, 0.0 ], [ 73.1355346, 28.1526387, 0.0 ], [ 73.1355293, 28.1529419, 0.0 ], [ 73.1355062, 28.1529416, 0.0 ], [ 73.1355114, 28.1526383, 0.0 ] ], [ [ 73.136963, 28.1561317, 0.0 ], [ 73.1369861, 28.156132, 0.0 ], [ 73.1369808, 28.1564352, 0.0 ], [ 73.1369577, 28.1564349, 0.0 ], [ 73.136963, 28.1561317, 0.0 ] ], [ [ 73.136907, 28.1561309, 0.0 ], [ 73.1369301, 28.1561312, 0.0 ], [ 73.1369248, 28.1564345, 0.0 ], [ 73.1369017, 28.1564342, 0.0 ], [ 73.136907, 28.1561309, 0.0 ] ], [ [ 73.1369576, 28.1564434, 0.0 ], [ 73.1369807, 28.1564437, 0.0 ], [ 73.1369754, 28.1567469, 0.0 ], [ 73.1369523, 28.1567466, 0.0 ], [ 73.1369576, 28.1564434, 0.0 ] ], [ [ 73.1369016, 28.1564426, 0.0 ], [ 73.1369247, 28.1564429, 0.0 ], [ 73.1369195, 28.1567462, 0.0 ], [ 73.1368963, 28.1567459, 0.0 ], [ 73.1369016, 28.1564426, 0.0 ] ], [ [ 73.1374002, 28.1567572, 0.0 ], [ 73.1374233, 28.1567575, 0.0 ], [ 73.137418, 28.1570608, 0.0 ], [ 73.1373949, 28.1570605, 0.0 ], [ 73.1374002, 28.1567572, 0.0 ] ], [ [ 73.1373442, 28.1567565, 0.0 ], [ 73.1373673, 28.1567568, 0.0 ], [ 73.137362, 28.15706, 0.0 ], [ 73.1373389, 28.1570597, 0.0 ], [ 73.1373442, 28.1567565, 0.0 ] ], [ [ 73.1373948, 28.1570689, 0.0 ], [ 73.1374179, 28.1570692, 0.0 ], [ 73.1374126, 28.1573725, 0.0 ], [ 73.1373895, 28.1573722, 0.0 ], [ 73.1373948, 28.1570689, 0.0 ] ], [ [ 73.1373388, 28.1570681, 0.0 ], [ 73.1373619, 28.1570685, 0.0 ], [ 73.1373566, 28.1573717, 0.0 ], [ 73.1373335, 28.1573714, 0.0 ], [ 73.1373388, 28.1570681, 0.0 ] ], [ [ 73.137891, 28.1542855, 0.0 ], [ 73.1379141, 28.1542858, 0.0 ], [ 73.1379088, 28.154589, 0.0 ], [ 73.1378857, 28.1545887, 0.0 ], [ 73.137891, 28.1542855, 0.0 ] ], [ [ 73.137835, 28.1542847, 0.0 ], [ 73.1378581, 28.154285, 0.0 ], [ 73.1378529, 28.1545883, 0.0 ], [ 73.1378297, 28.154588, 0.0 ], [ 73.137835, 28.1542847, 0.0 ] ], [ [ 73.1378856, 28.1545971, 0.0 ], [ 73.1379087, 28.1545975, 0.0 ], [ 73.1379034, 28.1549007, 0.0 ], [ 73.1378803, 28.1549004, 0.0 ], [ 73.1378856, 28.1545971, 0.0 ] ], [ [ 73.1378296, 28.1545964, 0.0 ], [ 73.1378527, 28.1545967, 0.0 ], [ 73.1378475, 28.1549, 0.0 ], [ 73.1378243, 28.1548997, 0.0 ], [ 73.1378296, 28.1545964, 0.0 ] ], [ [ 73.1381578, 28.1518107, 0.0 ], [ 73.1381809, 28.151811, 0.0 ], [ 73.1381757, 28.1521142, 0.0 ], [ 73.1381525, 28.1521139, 0.0 ], [ 73.1381578, 28.1518107, 0.0 ] ], [ [ 73.1381018, 28.1518099, 0.0 ], [ 73.1381249, 28.1518102, 0.0 ], [ 73.1381197, 28.1521135, 0.0 ], [ 73.1380966, 28.1521132, 0.0 ], [ 73.1381018, 28.1518099, 0.0 ] ], [ [ 73.1381524, 28.1521223, 0.0 ], [ 73.1381755, 28.1521227, 0.0 ], [ 73.1381703, 28.1524259, 0.0 ], [ 73.1381472, 28.1524256, 0.0 ], [ 73.1381524, 28.1521223, 0.0 ] ], [ [ 73.1380964, 28.1521216, 0.0 ], [ 73.1381195, 28.1521219, 0.0 ], [ 73.1381143, 28.1524252, 0.0 ], [ 73.1380912, 28.1524248, 0.0 ], [ 73.1380964, 28.1521216, 0.0 ] ] ] } },
{ "type": "Feature", "properties": { "id": "kml_53", "Name": "TRACKERS", "description": null, "timestamp": null, "begin": null, "end": null, "altitudeMode": null, "tessellate": -1, "extrude": 0, "visibility": -1, "drawOrder": null, "icon": null }, "bbox": [ 73.1355645, 28.1518114, 0.0, 73.1406337, 28.1574014, 0.0 ], "geometry": { "type": "MultiLineString", "coordinates": [ [ [ 73.1381256, 28.153669, 0.0 ], [ 73.1381488, 28.1536694, 0.0 ], [ 73.1381435, 28.1539726, 0.0 ], [ 73.1381204, 28.1539723, 0.0 ], [ 73.1381256, 28.153669, 0.0 ] ], [ [ 73.1380696, 28.1536683, 0.0 ], [ 73.1380928, 28.1536686, 0.0 ], [ 73.1380875, 28.1539719, 0.0 ], [ 73.1380644, 28.1539715, 0.0 ], [ 73.1380696, 28.1536683, 0.0 ] ], [ [ 73.1381202, 28.1539807, 0.0 ], [ 73.1381434, 28.153981, 0.0 ], [ 73.1381381, 28.1542843, 0.0 ], [ 73.138115, 28.154284, 0.0 ], [ 73.1381202, 28.1539807, 0.0 ] ], [ [ 73.1380643, 28.15398, 0.0 ], [ 73.1380874, 28.1539803, 0.0 ], [ 73.1380821, 28.1542835, 0.0 ], [ 73.138059, 28.1542832, 0.0 ], [ 73.1380643, 28.15398, 0.0 ] ], [ [ 73.1383817, 28.1518137, 0.0 ], [ 73.1384049, 28.151814, 0.0 ], [ 73.1383996, 28.1521173, 0.0 ], [ 73.1383765, 28.152117, 0.0 ], [ 73.1383817, 28.1518137, 0.0 ] ], [ [ 73.1383258, 28.1518129, 0.0 ], [ 73.1383489, 28.1518133, 0.0 ], [ 73.1383436, 28.1521165, 0.0 ], [ 73.1383205, 28.1521162, 0.0 ], [ 73.1383258, 28.1518129, 0.0 ] ], [ [ 73.1383764, 28.1521254, 0.0 ], [ 73.1383995, 28.1521257, 0.0 ], [ 73.1383942, 28.152429, 0.0 ], [ 73.1383711, 28.1524287, 0.0 ], [ 73.1383764, 28.1521254, 0.0 ] ], [ [ 73.1383204, 28.1521246, 0.0 ], [ 73.1383435, 28.1521249, 0.0 ], [ 73.1383382, 28.1524282, 0.0 ], [ 73.1383151, 28.1524279, 0.0 ], [ 73.1383204, 28.1521246, 0.0 ] ], [ [ 73.1382698, 28.1518122, 0.0 ], [ 73.1382929, 28.1518125, 0.0 ], [ 73.1382877, 28.1521158, 0.0 ], [ 73.1382645, 28.1521154, 0.0 ], [ 73.1382698, 28.1518122, 0.0 ] ], [ [ 73.1382138, 28.1518114, 0.0 ], [ 73.1382369, 28.1518117, 0.0 ], [ 73.1382317, 28.152115, 0.0 ], [ 73.1382085, 28.1521147, 0.0 ], [ 73.1382138, 28.1518114, 0.0 ] ], [ [ 73.1382644, 28.1521239, 0.0 ], [ 73.1382875, 28.1521242, 0.0 ], [ 73.1382823, 28.1524274, 0.0 ], [ 73.1382591, 28.1524271, 0.0 ], [ 73.1382644, 28.1521239, 0.0 ] ], [ [ 73.1382084, 28.1521231, 0.0 ], [ 73.1382315, 28.1521234, 0.0 ], [ 73.1382263, 28.1524267, 0.0 ], [ 73.1382031, 28.1524264, 0.0 ], [ 73.1382084, 28.1521231, 0.0 ] ], [ [ 73.1381364, 28.1530496, 0.0 ], [ 73.1381595, 28.1530499, 0.0 ], [ 73.1381542, 28.1533532, 0.0 ], [ 73.1381311, 28.1533528, 0.0 ], [ 73.1381364, 28.1530496, 0.0 ] ], [ [ 73.1380804, 28.1530488, 0.0 ], [ 73.1381035, 28.1530491, 0.0 ], [ 73.1380982, 28.1533524, 0.0 ], [ 73.1380751, 28.1533521, 0.0 ], [ 73.1380804, 28.1530488, 0.0 ] ], [ [ 73.138131, 28.1533613, 0.0 ], [ 73.1381541, 28.1533616, 0.0 ], [ 73.1381488, 28.1536648, 0.0 ], [ 73.1381257, 28.1536645, 0.0 ], [ 73.138131, 28.1533613, 0.0 ] ], [ [ 73.138075, 28.1533605, 0.0 ], [ 73.1380981, 28.1533608, 0.0 ], [ 73.1380929, 28.1536641, 0.0 ], [ 73.1380697, 28.1536638, 0.0 ], [ 73.138075, 28.1533605, 0.0 ] ], [ [ 73.1381471, 28.1524301, 0.0 ], [ 73.1381702, 28.1524304, 0.0 ], [ 73.138165, 28.1527337, 0.0 ], [ 73.1381418, 28.1527334, 0.0 ], [ 73.1381471, 28.1524301, 0.0 ] ], [ [ 73.1380911, 28.1524294, 0.0 ], [ 73.1381142, 28.1524297, 0.0 ], [ 73.138109, 28.1527329, 0.0 ], [ 73.1380858, 28.1527326, 0.0 ], [ 73.1380911, 28.1524294, 0.0 ] ], [ [ 73.1381417, 28.1527418, 0.0 ], [ 73.1381648, 28.1527421, 0.0 ], [ 73.1381596, 28.1530454, 0.0 ], [ 73.1381364, 28.1530451, 0.0 ], [ 73.1381417, 28.1527418, 0.0 ] ], [ [ 73.1380857, 28.152741, 0.0 ], [ 73.1381088, 28.1527414, 0.0 ], [ 73.1381036, 28.1530446, 0.0 ], [ 73.1380804, 28.1530443, 0.0 ], [ 73.1380857, 28.152741, 0.0 ] ], [ [ 73.1382376, 28.1536706, 0.0 ], [ 73.1382607, 28.1536709, 0.0 ], [ 73.1382555, 28.1539741, 0.0 ], [ 73.1382324, 28.1539738, 0.0 ], [ 73.1382376, 28.1536706, 0.0 ] ], [ [ 73.1381816, 28.1536698, 0.0 ], [ 73.1382048, 28.1536701, 0.0 ], [ 73.1381995, 28.1539734, 0.0 ], [ 73.1381764, 28.1539731, 0.0 ], [ 73.1381816, 28.1536698, 0.0 ] ], [ [ 73.1382322, 28.1539823, 0.0 ], [ 73.1382553, 28.1539826, 0.0 ], [ 73.1382501, 28.1542858, 0.0 ], [ 73.138227, 28.1542855, 0.0 ], [ 73.1382322, 28.1539823, 0.0 ] ], [ [ 73.1381762, 28.1539815, 0.0 ], [ 73.1381994, 28.1539818, 0.0 ], [ 73.1381941, 28.1542851, 0.0 ], [ 73.138171, 28.1542848, 0.0 ], [ 73.1381762, 28.1539815, 0.0 ] ], [ [ 73.1382483, 28.1530511, 0.0 ], [ 73.1382715, 28.1530514, 0.0 ], [ 73.1382662, 28.1533547, 0.0 ], [ 73.1382431, 28.1533544, 0.0 ], [ 73.1382483, 28.1530511, 0.0 ] ], [ [ 73.1381923, 28.1530503, 0.0 ], [ 73.1382155, 28.1530507, 0.0 ], [ 73.1382102, 28.1533539, 0.0 ], [ 73.1381871, 28.1533536, 0.0 ], [ 73.1381923, 28.1530503, 0.0 ] ], [ [ 73.1382429, 28.1533628, 0.0 ], [ 73.1382661, 28.1533631, 0.0 ], [ 73.1382608, 28.1536664, 0.0 ], [ 73.1382377, 28.1536661, 0.0 ], [ 73.1382429, 28.1533628, 0.0 ] ], [ [ 73.138187, 28.153362, 0.0 ], [ 73.1382101, 28.1533623, 0.0 ], [ 73.1382048, 28.1536656, 0.0 ], [ 73.1381817, 28.1536653, 0.0 ], [ 73.138187, 28.153362, 0.0 ] ], [ [ 73.1382591, 28.1524316, 0.0 ], [ 73.1382822, 28.152432, 0.0 ], [ 73.1382769, 28.1527352, 0.0 ], [ 73.1382538, 28.1527349, 0.0 ], [ 73.1382591, 28.1524316, 0.0 ] ], [ [ 73.1382031, 28.1524309, 0.0 ], [ 73.1382262, 28.1524312, 0.0 ], [ 73.1382209, 28.1527345, 0.0 ], [ 73.1381978, 28.1527341, 0.0 ], [ 73.1382031, 28.1524309, 0.0 ] ], [ [ 73.1382537, 28.1527433, 0.0 ], [ 73.1382768, 28.1527436, 0.0 ], [ 73.1382715, 28.1530469, 0.0 ], [ 73.1382484, 28.1530466, 0.0 ], [ 73.1382537, 28.1527433, 0.0 ] ], [ [ 73.1381977, 28.1527426, 0.0 ], [ 73.1382208, 28.1527429, 0.0 ], [ 73.1382156, 28.1530461, 0.0 ], [ 73.1381924, 28.1530458, 0.0 ], [ 73.1381977, 28.1527426, 0.0 ] ], [ [ 73.1385628, 28.1542946, 0.0 ], [ 73.138586, 28.1542949, 0.0 ], [ 73.1385807, 28.1545982, 0.0 ], [ 73.1385576, 28.1545979, 0.0 ], [ 73.1385628, 28.1542946, 0.0 ] ], [ [ 73.1385068, 28.1542938, 0.0 ], [ 73.13853, 28.1542941, 0.0 ], [ 73.1385247, 28.1545974, 0.0 ], [ 73.1385016, 28.1545971, 0.0 ], [ 73.1385068, 28.1542938, 0.0 ] ], [ [ 73.1385574, 28.1546063, 0.0 ], [ 73.1385806, 28.1546066, 0.0 ], [ 73.1385753, 28.1549099, 0.0 ], [ 73.1385522, 28.1549095, 0.0 ], [ 73.1385574, 28.1546063, 0.0 ] ], [ [ 73.1385014, 28.1546055, 0.0 ], [ 73.1385246, 28.1546058, 0.0 ], [ 73.1385193, 28.1549091, 0.0 ], [ 73.1384962, 28.1549088, 0.0 ], [ 73.1385014, 28.1546055, 0.0 ] ], [ [ 73.138184, 28.1567679, 0.0 ], [ 73.1382071, 28.1567682, 0.0 ], [ 73.1382019, 28.1570715, 0.0 ], [ 73.1381788, 28.1570711, 0.0 ], [ 73.138184, 28.1567679, 0.0 ] ], [ [ 73.138128, 28.1567671, 0.0 ], [ 73.1381512, 28.1567674, 0.0 ], [ 73.1381459, 28.1570707, 0.0 ], [ 73.1381228, 28.1570704, 0.0 ], [ 73.138128, 28.1567671, 0.0 ] ], [ [ 73.1381786, 28.1570796, 0.0 ], [ 73.1382017, 28.1570799, 0.0 ], [ 73.1381965, 28.1573831, 0.0 ], [ 73.1381734, 28.1573828, 0.0 ], [ 73.1381786, 28.1570796, 0.0 ] ], [ [ 73.1381226, 28.1570788, 0.0 ], [ 73.1381458, 28.1570791, 0.0 ], [ 73.1381405, 28.1573824, 0.0 ], [ 73.1381174, 28.1573821, 0.0 ], [ 73.1381226, 28.1570788, 0.0 ] ], [ [ 73.1381947, 28.1561484, 0.0 ], [ 73.1382179, 28.1561487, 0.0 ], [ 73.1382126, 28.156452, 0.0 ], [ 73.1381895, 28.1564517, 0.0 ], [ 73.1381947, 28.1561484, 0.0 ] ], [ [ 73.1381387, 28.1561477, 0.0 ], [ 73.1381619, 28.156148, 0.0 ], [ 73.1381566, 28.1564512, 0.0 ], [ 73.1381335, 28.1564509, 0.0 ], [ 73.1381387, 28.1561477, 0.0 ] ], [ [ 73.1381893, 28.1564601, 0.0 ], [ 73.1382125, 28.1564604, 0.0 ], [ 73.1382072, 28.1567637, 0.0 ], [ 73.1381841, 28.1567634, 0.0 ], [ 73.1381893, 28.1564601, 0.0 ] ], [ [ 73.1381333, 28.1564593, 0.0 ], [ 73.1381565, 28.1564597, 0.0 ], [ 73.1381512, 28.1567629, 0.0 ], [ 73.1381281, 28.1567626, 0.0 ], [ 73.1381333, 28.1564593, 0.0 ] ], [ [ 73.1382055, 28.155529, 0.0 ], [ 73.1382286, 28.1555293, 0.0 ], [ 73.1382233, 28.1558325, 0.0 ], [ 73.1382002, 28.1558322, 0.0 ], [ 73.1382055, 28.155529, 0.0 ] ], [ [ 73.1381495, 28.1555282, 0.0 ], [ 73.1381726, 28.1555285, 0.0 ], [ 73.1381673, 28.1558318, 0.0 ], [ 73.1381442, 28.1558315, 0.0 ], [ 73.1381495, 28.1555282, 0.0 ] ], [ [ 73.1382001, 28.1558406, 0.0 ], [ 73.1382232, 28.155841, 0.0 ], [ 73.1382179, 28.1561442, 0.0 ], [ 73.1381948, 28.1561439, 0.0 ], [ 73.1382001, 28.1558406, 0.0 ] ], [ [ 73.1381441, 28.1558399, 0.0 ], [ 73.1381672, 28.1558402, 0.0 ], [ 73.1381619, 28.1561435, 0.0 ], [ 73.1381388, 28.1561431, 0.0 ], [ 73.1381441, 28.1558399, 0.0 ] ], [ [ 73.1382162, 28.1549095, 0.0 ], [ 73.1382393, 28.1549098, 0.0 ], [ 73.1382341, 28.1552131, 0.0 ], [ 73.1382109, 28.1552128, 0.0 ], [ 73.1382162, 28.1549095, 0.0 ] ], [ [ 73.1381602, 28.1549087, 0.0 ], [ 73.1381833, 28.154909, 0.0 ], [ 73.1381781, 28.1552123, 0.0 ], [ 73.1381549, 28.155212, 0.0 ], [ 73.1381602, 28.1549087, 0.0 ] ], [ [ 73.1382108, 28.1552212, 0.0 ], [ 73.1382339, 28.1552215, 0.0 ], [ 73.1382287, 28.1555248, 0.0 ], [ 73.1382055, 28.1555244, 0.0 ], [ 73.1382108, 28.1552212, 0.0 ] ], [ [ 73.1381548, 28.1552204, 0.0 ], [ 73.1381779, 28.1552207, 0.0 ], [ 73.1381727, 28.155524, 0.0 ], [ 73.1381495, 28.1555237, 0.0 ], [ 73.1381548, 28.1552204, 0.0 ] ], [ [ 73.1356311, 28.1554263, 0.0 ], [ 73.1356542, 28.1554266, 0.0 ], [ 73.135649, 28.1557298, 0.0 ], [ 73.1356259, 28.1557295, 0.0 ], [ 73.1356311, 28.1554263, 0.0 ] ], [ [ 73.1355751, 28.1554255, 0.0 ], [ 73.1355983, 28.1554258, 0.0 ], [ 73.135593, 28.1557291, 0.0 ], [ 73.1355699, 28.1557288, 0.0 ], [ 73.1355751, 28.1554255, 0.0 ] ], [ [ 73.1356257, 28.1557379, 0.0 ], [ 73.1356488, 28.1557382, 0.0 ], [ 73.1356436, 28.1560415, 0.0 ], [ 73.1356205, 28.1560412, 0.0 ], [ 73.1356257, 28.1557379, 0.0 ] ], [ [ 73.1355697, 28.1557372, 0.0 ], [ 73.1355929, 28.1557375, 0.0 ], [ 73.1355876, 28.1560408, 0.0 ], [ 73.1355645, 28.1560404, 0.0 ], [ 73.1355697, 28.1557372, 0.0 ] ], [ [ 73.1359659, 28.1554985, 0.0 ], [ 73.135989, 28.1554988, 0.0 ], [ 73.1359838, 28.1558021, 0.0 ], [ 73.1359606, 28.1558018, 0.0 ], [ 73.1359659, 28.1554985, 0.0 ] ], [ [ 73.1359099, 28.1554977, 0.0 ], [ 73.135933, 28.155498, 0.0 ], [ 73.1359278, 28.1558013, 0.0 ], [ 73.1359046, 28.155801, 0.0 ], [ 73.1359099, 28.1554977, 0.0 ] ], [ [ 73.1359605, 28.1558102, 0.0 ], [ 73.1359836, 28.1558105, 0.0 ], [ 73.1359784, 28.1561138, 0.0 ], [ 73.1359552, 28.1561134, 0.0 ], [ 73.1359605, 28.1558102, 0.0 ] ], [ [ 73.1359045, 28.1558094, 0.0 ], [ 73.1359276, 28.1558097, 0.0 ], [ 73.1359224, 28.156113, 0.0 ], [ 73.1358992, 28.1561127, 0.0 ], [ 73.1359045, 28.1558094, 0.0 ] ], [ [ 73.1358539, 28.155497, 0.0 ], [ 73.135877, 28.1554973, 0.0 ], [ 73.1358718, 28.1558005, 0.0 ], [ 73.1358486, 28.1558002, 0.0 ], [ 73.1358539, 28.155497, 0.0 ] ], [ [ 73.1357979, 28.1554962, 0.0 ], [ 73.135821, 28.1554965, 0.0 ], [ 73.1358158, 28.1557998, 0.0 ], [ 73.1357927, 28.1557995, 0.0 ], [ 73.1357979, 28.1554962, 0.0 ] ], [ [ 73.1358485, 28.1558087, 0.0 ], [ 73.1358716, 28.155809, 0.0 ], [ 73.1358664, 28.1561122, 0.0 ], [ 73.1358432, 28.1561119, 0.0 ], [ 73.1358485, 28.1558087, 0.0 ] ], [ [ 73.1357925, 28.1558079, 0.0 ], [ 73.1358156, 28.1558082, 0.0 ], [ 73.1358104, 28.1561115, 0.0 ], [ 73.1357873, 28.1561112, 0.0 ], [ 73.1357925, 28.1558079, 0.0 ] ], [ [ 73.1359766, 28.154879, 0.0 ], [ 73.1359997, 28.1548793, 0.0 ], [ 73.1359945, 28.1551826, 0.0 ], [ 73.1359714, 28.1551823, 0.0 ], [ 73.1359766, 28.154879, 0.0 ] ], [ [ 73.1359206, 28.1548783, 0.0 ], [ 73.1359438, 28.1548786, 0.0 ], [ 73.1359385, 28.1551818, 0.0 ], [ 73.1359154, 28.1551815, 0.0 ], [ 73.1359206, 28.1548783, 0.0 ] ], [ [ 73.1359712, 28.1551907, 0.0 ], [ 73.1359943, 28.155191, 0.0 ], [ 73.1359891, 28.1554943, 0.0 ], [ 73.135966, 28.155494, 0.0 ], [ 73.1359712, 28.1551907, 0.0 ] ], [ [ 73.1359152, 28.15519, 0.0 ], [ 73.1359384, 28.1551903, 0.0 ], [ 73.1359331, 28.1554935, 0.0 ], [ 73.13591, 28.1554932, 0.0 ], [ 73.1359152, 28.15519, 0.0 ] ], [ [ 73.1358646, 28.1548775, 0.0 ], [ 73.1358878, 28.1548778, 0.0 ], [ 73.1358825, 28.1551811, 0.0 ], [ 73.1358594, 28.1551808, 0.0 ], [ 73.1358646, 28.1548775, 0.0 ] ], [ [ 73.1358087, 28.1548767, 0.0 ], [ 73.1358318, 28.1548771, 0.0 ], [ 73.1358265, 28.1551803, 0.0 ], [ 73.1358034, 28.15518, 0.0 ], [ 73.1358087, 28.1548767, 0.0 ] ], [ [ 73.1358592, 28.1551892, 0.0 ], [ 73.1358824, 28.1551895, 0.0 ], [ 73.1358771, 28.1554928, 0.0 ], [ 73.135854, 28.1554925, 0.0 ], [ 73.1358592, 28.1551892, 0.0 ] ], [ [ 73.1358032, 28.1551884, 0.0 ], [ 73.1358264, 28.1551887, 0.0 ], [ 73.1358211, 28.155492, 0.0 ], [ 73.135798, 28.1554917, 0.0 ], [ 73.1358032, 28.1551884, 0.0 ] ], [ [ 73.1357527, 28.154876, 0.0 ], [ 73.1357758, 28.1548763, 0.0 ], [ 73.1357705, 28.1551796, 0.0 ], [ 73.1357474, 28.1551792, 0.0 ], [ 73.1357527, 28.154876, 0.0 ] ], [ [ 73.1356967, 28.1548752, 0.0 ], [ 73.1357198, 28.1548755, 0.0 ], [ 73.1357145, 28.1551788, 0.0 ], [ 73.1356914, 28.1551785, 0.0 ], [ 73.1356967, 28.1548752, 0.0 ] ], [ [ 73.1357473, 28.1551877, 0.0 ], [ 73.1357704, 28.155188, 0.0 ], [ 73.1357651, 28.1554912, 0.0 ], [ 73.135742, 28.1554909, 0.0 ], [ 73.1357473, 28.1551877, 0.0 ] ], [ [ 73.1356913, 28.1551869, 0.0 ], [ 73.1357144, 28.1551872, 0.0 ], [ 73.1357091, 28.1554905, 0.0 ], [ 73.135686, 28.1554902, 0.0 ], [ 73.1356913, 28.1551869, 0.0 ] ], [ [ 73.1356419, 28.1548068, 0.0 ], [ 73.135665, 28.1548071, 0.0 ], [ 73.1356597, 28.1551104, 0.0 ], [ 73.1356366, 28.1551101, 0.0 ], [ 73.1356419, 28.1548068, 0.0 ] ], [ [ 73.1355859, 28.154806, 0.0 ], [ 73.135609, 28.1548063, 0.0 ], [ 73.1356037, 28.1551096, 0.0 ], [ 73.1355806, 28.1551093, 0.0 ], [ 73.1355859, 28.154806, 0.0 ] ], [ [ 73.1356365, 28.1551185, 0.0 ], [ 73.1356596, 28.1551188, 0.0 ], [ 73.1356543, 28.1554221, 0.0 ], [ 73.1356312, 28.1554217, 0.0 ], [ 73.1356365, 28.1551185, 0.0 ] ], [ [ 73.1355805, 28.1551177, 0.0 ], [ 73.1356036, 28.155118, 0.0 ], [ 73.1355983, 28.1554213, 0.0 ], [ 73.1355752, 28.155421, 0.0 ], [ 73.1355805, 28.1551177, 0.0 ] ], [ [ 73.1359873, 28.1542596, 0.0 ], [ 73.1360105, 28.1542599, 0.0 ], [ 73.1360052, 28.1545631, 0.0 ], [ 73.1359821, 28.1545628, 0.0 ], [ 73.1359873, 28.1542596, 0.0 ] ], [ [ 73.1359314, 28.1542588, 0.0 ], [ 73.1359545, 28.1542591, 0.0 ], [ 73.1359492, 28.1545624, 0.0 ], [ 73.1359261, 28.1545621, 0.0 ], [ 73.1359314, 28.1542588, 0.0 ] ], [ [ 73.1359819, 28.1545713, 0.0 ], [ 73.1360051, 28.1545716, 0.0 ], [ 73.1359998, 28.1548748, 0.0 ], [ 73.1359767, 28.1548745, 0.0 ], [ 73.1359819, 28.1545713, 0.0 ] ], [ [ 73.135926, 28.1545705, 0.0 ], [ 73.1359491, 28.1545708, 0.0 ], [ 73.1359438, 28.1548741, 0.0 ], [ 73.1359207, 28.1548738, 0.0 ], [ 73.135926, 28.1545705, 0.0 ] ], [ [ 73.1358754, 28.154258, 0.0 ], [ 73.1358985, 28.1542584, 0.0 ], [ 73.1358932, 28.1545616, 0.0 ], [ 73.1358701, 28.1545613, 0.0 ], [ 73.1358754, 28.154258, 0.0 ] ], [ [ 73.1358194, 28.1542573, 0.0 ], [ 73.1358425, 28.1542576, 0.0 ], [ 73.1358373, 28.1545609, 0.0 ], [ 73.1358141, 28.1545605, 0.0 ], [ 73.1358194, 28.1542573, 0.0 ] ], [ [ 73.13587, 28.1545697, 0.0 ], [ 73.1358931, 28.15457, 0.0 ], [ 73.1358878, 28.1548733, 0.0 ], [ 73.1358647, 28.154873, 0.0 ], [ 73.13587, 28.1545697, 0.0 ] ], [ [ 73.135814, 28.154569, 0.0 ], [ 73.1358371, 28.1545693, 0.0 ], [ 73.1358319, 28.1548725, 0.0 ], [ 73.1358087, 28.1548722, 0.0 ], [ 73.135814, 28.154569, 0.0 ] ], [ [ 73.1357634, 28.1542565, 0.0 ], [ 73.1357865, 28.1542568, 0.0 ], [ 73.1357813, 28.1545601, 0.0 ], [ 73.1357581, 28.1545598, 0.0 ], [ 73.1357634, 28.1542565, 0.0 ] ], [ [ 73.1357074, 28.1542558, 0.0 ], [ 73.1357305, 28.1542561, 0.0 ], [ 73.1357253, 28.1545593, 0.0 ], [ 73.1357022, 28.154559, 0.0 ], [ 73.1357074, 28.1542558, 0.0 ] ], [ [ 73.135758, 28.1545682, 0.0 ], [ 73.1357811, 28.1545685, 0.0 ], [ 73.1357759, 28.1548718, 0.0 ], [ 73.1357527, 28.1548715, 0.0 ], [ 73.135758, 28.1545682, 0.0 ] ], [ [ 73.135702, 28.1545674, 0.0 ], [ 73.1357251, 28.1545678, 0.0 ], [ 73.1357199, 28.154871, 0.0 ], [ 73.1356968, 28.1548707, 0.0 ], [ 73.135702, 28.1545674, 0.0 ] ], [ [ 73.1356526, 28.1541873, 0.0 ], [ 73.1356757, 28.1541876, 0.0 ], [ 73.1356705, 28.1544909, 0.0 ], [ 73.1356473, 28.1544906, 0.0 ], [ 73.1356526, 28.1541873, 0.0 ] ], [ [ 73.1355966, 28.1541866, 0.0 ], [ 73.1356197, 28.1541869, 0.0 ], [ 73.1356145, 28.1544901, 0.0 ], [ 73.1355913, 28.1544898, 0.0 ], [ 73.1355966, 28.1541866, 0.0 ] ], [ [ 73.1356472, 28.154499, 0.0 ], [ 73.1356703, 28.1544993, 0.0 ], [ 73.1356651, 28.1548026, 0.0 ], [ 73.1356419, 28.1548023, 0.0 ], [ 73.1356472, 28.154499, 0.0 ] ], [ [ 73.1355912, 28.1544982, 0.0 ], [ 73.1356143, 28.1544986, 0.0 ], [ 73.1356091, 28.1548018, 0.0 ], [ 73.1355859, 28.1548015, 0.0 ], [ 73.1355912, 28.1544982, 0.0 ] ], [ [ 73.1359981, 28.1536401, 0.0 ], [ 73.1360212, 28.1536404, 0.0 ], [ 73.136016, 28.1539437, 0.0 ], [ 73.1359928, 28.1539434, 0.0 ], [ 73.1359981, 28.1536401, 0.0 ] ], [ [ 73.1359421, 28.1536393, 0.0 ], [ 73.1359652, 28.1536397, 0.0 ], [ 73.13596, 28.1539429, 0.0 ], [ 73.1359368, 28.1539426, 0.0 ], [ 73.1359421, 28.1536393, 0.0 ] ], [ [ 73.1359927, 28.1539518, 0.0 ], [ 73.1360158, 28.1539521, 0.0 ], [ 73.1360106, 28.1542554, 0.0 ], [ 73.1359874, 28.1542551, 0.0 ], [ 73.1359927, 28.1539518, 0.0 ] ], [ [ 73.1359367, 28.153951, 0.0 ], [ 73.1359598, 28.1539513, 0.0 ], [ 73.1359546, 28.1542546, 0.0 ], [ 73.1359314, 28.1542543, 0.0 ], [ 73.1359367, 28.153951, 0.0 ] ], [ [ 73.1358861, 28.1536386, 0.0 ], [ 73.1359092, 28.1536389, 0.0 ], [ 73.135904, 28.1539422, 0.0 ], [ 73.1358809, 28.1539418, 0.0 ], [ 73.1358861, 28.1536386, 0.0 ] ], [ [ 73.1358301, 28.1536378, 0.0 ], [ 73.1358532, 28.1536381, 0.0 ], [ 73.135848, 28.1539414, 0.0 ], [ 73.1358249, 28.1539411, 0.0 ], [ 73.1358301, 28.1536378, 0.0 ] ], [ [ 73.1358807, 28.1539503, 0.0 ], [ 73.1359038, 28.1539506, 0.0 ], [ 73.1358986, 28.1542538, 0.0 ], [ 73.1358755, 28.1542535, 0.0 ], [ 73.1358807, 28.1539503, 0.0 ] ], [ [ 73.1358247, 28.1539495, 0.0 ], [ 73.1358478, 28.1539498, 0.0 ], [ 73.1358426, 28.1542531, 0.0 ], [ 73.1358195, 28.1542528, 0.0 ], [ 73.1358247, 28.1539495, 0.0 ] ], [ [ 73.1357741, 28.1536371, 0.0 ], [ 73.1357973, 28.1536374, 0.0 ], [ 73.135792, 28.1539406, 0.0 ], [ 73.1357689, 28.1539403, 0.0 ], [ 73.1357741, 28.1536371, 0.0 ] ], [ [ 73.1357181, 28.1536363, 0.0 ], [ 73.1357413, 28.1536366, 0.0 ], [ 73.135736, 28.1539399, 0.0 ], [ 73.1357129, 28.1539396, 0.0 ], [ 73.1357181, 28.1536363, 0.0 ] ], [ [ 73.1357687, 28.1539487, 0.0 ], [ 73.1357919, 28.1539491, 0.0 ], [ 73.1357866, 28.1542523, 0.0 ], [ 73.1357635, 28.154252, 0.0 ], [ 73.1357687, 28.1539487, 0.0 ] ], [ [ 73.1357127, 28.153948, 0.0 ], [ 73.1357359, 28.1539483, 0.0 ], [ 73.1357306, 28.1542516, 0.0 ], [ 73.1357075, 28.1542512, 0.0 ], [ 73.1357127, 28.153948, 0.0 ] ], [ [ 73.1356633, 28.1535679, 0.0 ], [ 73.1356865, 28.1535682, 0.0 ], [ 73.1356812, 28.1538714, 0.0 ], [ 73.1356581, 28.1538711, 0.0 ], [ 73.1356633, 28.1535679, 0.0 ] ], [ [ 73.1356073, 28.1535671, 0.0 ], [ 73.1356305, 28.1535674, 0.0 ], [ 73.1356252, 28.1538707, 0.0 ], [ 73.1356021, 28.1538704, 0.0 ], [ 73.1356073, 28.1535671, 0.0 ] ], [ [ 73.1356579, 28.1538795, 0.0 ], [ 73.1356811, 28.1538799, 0.0 ], [ 73.1356758, 28.1541831, 0.0 ], [ 73.1356527, 28.1541828, 0.0 ], [ 73.1356579, 28.1538795, 0.0 ] ], [ [ 73.1356019, 28.1538788, 0.0 ], [ 73.1356251, 28.1538791, 0.0 ], [ 73.1356198, 28.1541824, 0.0 ], [ 73.1355967, 28.1541821, 0.0 ], [ 73.1356019, 28.1538788, 0.0 ] ], [ [ 73.1360088, 28.1530206, 0.0 ], [ 73.1360319, 28.153021, 0.0 ], [ 73.1360267, 28.1533242, 0.0 ], [ 73.1360036, 28.1533239, 0.0 ], [ 73.1360088, 28.1530206, 0.0 ] ], [ [ 73.1359528, 28.1530199, 0.0 ], [ 73.135976, 28.1530202, 0.0 ], [ 73.1359707, 28.1533235, 0.0 ], [ 73.1359476, 28.1533231, 0.0 ], [ 73.1359528, 28.1530199, 0.0 ] ], [ [ 73.1360034, 28.1533323, 0.0 ], [ 73.1360265, 28.1533326, 0.0 ], [ 73.1360213, 28.1536359, 0.0 ], [ 73.1359982, 28.1536356, 0.0 ], [ 73.1360034, 28.1533323, 0.0 ] ], [ [ 73.1359474, 28.1533316, 0.0 ], [ 73.1359706, 28.1533319, 0.0 ], [ 73.1359653, 28.1536351, 0.0 ], [ 73.1359422, 28.1536348, 0.0 ], [ 73.1359474, 28.1533316, 0.0 ] ], [ [ 73.1358968, 28.1530191, 0.0 ], [ 73.13592, 28.1530194, 0.0 ], [ 73.1359147, 28.1533227, 0.0 ], [ 73.1358916, 28.1533224, 0.0 ], [ 73.1358968, 28.1530191, 0.0 ] ], [ [ 73.1358409, 28.1530184, 0.0 ], [ 73.135864, 28.1530187, 0.0 ], [ 73.1358587, 28.1533219, 0.0 ], [ 73.1358356, 28.1533216, 0.0 ], [ 73.1358409, 28.1530184, 0.0 ] ], [ [ 73.1358914, 28.1533308, 0.0 ], [ 73.1359146, 28.1533311, 0.0 ], [ 73.1359093, 28.1536344, 0.0 ], [ 73.1358862, 28.1536341, 0.0 ], [ 73.1358914, 28.1533308, 0.0 ] ], [ [ 73.1358355, 28.15333, 0.0 ], [ 73.1358586, 28.1533304, 0.0 ], [ 73.1358533, 28.1536336, 0.0 ], [ 73.1358302, 28.1536333, 0.0 ], [ 73.1358355, 28.15333, 0.0 ] ], [ [ 73.1357849, 28.1530176, 0.0 ], [ 73.135808, 28.1530179, 0.0 ], [ 73.1358027, 28.1533212, 0.0 ], [ 73.1357796, 28.1533209, 0.0 ], [ 73.1357849, 28.1530176, 0.0 ] ], [ [ 73.1357289, 28.1530168, 0.0 ], [ 73.135752, 28.1530171, 0.0 ], [ 73.1357467, 28.1533204, 0.0 ], [ 73.1357236, 28.1533201, 0.0 ], [ 73.1357289, 28.1530168, 0.0 ] ], [ [ 73.1357795, 28.1533293, 0.0 ], [ 73.1358026, 28.1533296, 0.0 ], [ 73.1357973, 28.1536329, 0.0 ], [ 73.1357742, 28.1536325, 0.0 ], [ 73.1357795, 28.1533293, 0.0 ] ], [ [ 73.1357235, 28.1533285, 0.0 ], [ 73.1357466, 28.1533288, 0.0 ], [ 73.1357413, 28.1536321, 0.0 ], [ 73.1357182, 28.1536318, 0.0 ], [ 73.1357235, 28.1533285, 0.0 ] ], [ [ 73.1356741, 28.1529484, 0.0 ], [ 73.1356972, 28.1529487, 0.0 ], [ 73.1356919, 28.153252, 0.0 ], [ 73.1356688, 28.1532517, 0.0 ], [ 73.1356741, 28.1529484, 0.0 ] ], [ [ 73.1356181, 28.1529476, 0.0 ], [ 73.1356412, 28.152948, 0.0 ], [ 73.1356359, 28.1532512, 0.0 ], [ 73.1356128, 28.1532509, 0.0 ], [ 73.1356181, 28.1529476, 0.0 ] ], [ [ 73.1356687, 28.1532601, 0.0 ], [ 73.1356918, 28.1532604, 0.0 ], [ 73.1356865, 28.1535637, 0.0 ], [ 73.1356634, 28.1535634, 0.0 ], [ 73.1356687, 28.1532601, 0.0 ] ], [ [ 73.1356127, 28.1532593, 0.0 ], [ 73.1356358, 28.1532596, 0.0 ], [ 73.1356305, 28.1535629, 0.0 ], [ 73.1356074, 28.1535626, 0.0 ], [ 73.1356127, 28.1532593, 0.0 ] ], [ [ 73.1360195, 28.1524012, 0.0 ], [ 73.1360427, 28.1524015, 0.0 ], [ 73.1360374, 28.1527048, 0.0 ], [ 73.1360143, 28.1527044, 0.0 ], [ 73.1360195, 28.1524012, 0.0 ] ], [ [ 73.1359636, 28.1524004, 0.0 ], [ 73.1359867, 28.1524007, 0.0 ], [ 73.1359814, 28.152704, 0.0 ], [ 73.1359583, 28.1527037, 0.0 ], [ 73.1359636, 28.1524004, 0.0 ] ], [ [ 73.1360141, 28.1527129, 0.0 ], [ 73.1360373, 28.1527132, 0.0 ], [ 73.136032, 28.1530164, 0.0 ], [ 73.1360089, 28.1530161, 0.0 ], [ 73.1360141, 28.1527129, 0.0 ] ], [ [ 73.1359582, 28.1527121, 0.0 ], [ 73.1359813, 28.1527124, 0.0 ], [ 73.135976, 28.1530157, 0.0 ], [ 73.1359529, 28.1530154, 0.0 ], [ 73.1359582, 28.1527121, 0.0 ] ], [ [ 73.1359076, 28.1523997, 0.0 ], [ 73.1359307, 28.1524, 0.0 ], [ 73.1359254, 28.1527032, 0.0 ], [ 73.1359023, 28.1527029, 0.0 ], [ 73.1359076, 28.1523997, 0.0 ] ], [ [ 73.1358516, 28.1523989, 0.0 ], [ 73.1358747, 28.1523992, 0.0 ], [ 73.1358695, 28.1527025, 0.0 ], [ 73.1358463, 28.1527022, 0.0 ], [ 73.1358516, 28.1523989, 0.0 ] ], [ [ 73.1359022, 28.1527113, 0.0 ], [ 73.1359253, 28.1527117, 0.0 ], [ 73.13592, 28.1530149, 0.0 ], [ 73.1358969, 28.1530146, 0.0 ], [ 73.1359022, 28.1527113, 0.0 ] ], [ [ 73.1358462, 28.1527106, 0.0 ], [ 73.1358693, 28.1527109, 0.0 ], [ 73.1358641, 28.1530142, 0.0 ], [ 73.1358409, 28.1530138, 0.0 ], [ 73.1358462, 28.1527106, 0.0 ] ], [ [ 73.1357956, 28.1523981, 0.0 ], [ 73.1358187, 28.1523984, 0.0 ], [ 73.1358135, 28.1527017, 0.0 ], [ 73.1357903, 28.1527014, 0.0 ], [ 73.1357956, 28.1523981, 0.0 ] ], [ [ 73.1357396, 28.1523974, 0.0 ], [ 73.1357627, 28.1523977, 0.0 ], [ 73.1357575, 28.152701, 0.0 ], [ 73.1357344, 28.1527006, 0.0 ], [ 73.1357396, 28.1523974, 0.0 ] ], [ [ 73.1357902, 28.1527098, 0.0 ], [ 73.1358133, 28.1527101, 0.0 ], [ 73.1358081, 28.1530134, 0.0 ], [ 73.1357849, 28.1530131, 0.0 ], [ 73.1357902, 28.1527098, 0.0 ] ], [ [ 73.1357342, 28.1527091, 0.0 ], [ 73.1357573, 28.1527094, 0.0 ], [ 73.1357521, 28.1530126, 0.0 ], [ 73.135729, 28.1530123, 0.0 ], [ 73.1357342, 28.1527091, 0.0 ] ], [ [ 73.1370749, 28.1561332, 0.0 ], [ 73.1370981, 28.1561335, 0.0 ], [ 73.1370928, 28.1564368, 0.0 ], [ 73.1370697, 28.1564365, 0.0 ], [ 73.1370749, 28.1561332, 0.0 ] ], [ [ 73.137019, 28.1561324, 0.0 ], [ 73.1370421, 28.1561327, 0.0 ], [ 73.1370368, 28.156436, 0.0 ], [ 73.1370137, 28.1564357, 0.0 ], [ 73.137019, 28.1561324, 0.0 ] ], [ [ 73.1370695, 28.1564449, 0.0 ], [ 73.1370927, 28.1564452, 0.0 ], [ 73.1370874, 28.1567485, 0.0 ], [ 73.1370643, 28.1567481, 0.0 ], [ 73.1370695, 28.1564449, 0.0 ] ], [ [ 73.1370136, 28.1564441, 0.0 ], [ 73.1370367, 28.1564444, 0.0 ], [ 73.1370314, 28.1567477, 0.0 ], [ 73.1370083, 28.1567474, 0.0 ], [ 73.1370136, 28.1564441, 0.0 ] ], [ [ 73.1370857, 28.1555137, 0.0 ], [ 73.1371088, 28.155514, 0.0 ], [ 73.1371035, 28.1558173, 0.0 ], [ 73.1370804, 28.155817, 0.0 ], [ 73.1370857, 28.1555137, 0.0 ] ], [ [ 73.1370297, 28.155513, 0.0 ], [ 73.1370528, 28.1555133, 0.0 ], [ 73.1370476, 28.1558165, 0.0 ], [ 73.1370244, 28.1558162, 0.0 ], [ 73.1370297, 28.155513, 0.0 ] ], [ [ 73.1370803, 28.1558254, 0.0 ], [ 73.1371034, 28.1558257, 0.0 ], [ 73.1370981, 28.156129, 0.0 ], [ 73.137075, 28.1561287, 0.0 ], [ 73.1370803, 28.1558254, 0.0 ] ], [ [ 73.1370243, 28.1558246, 0.0 ], [ 73.1370474, 28.155825, 0.0 ], [ 73.1370422, 28.1561282, 0.0 ], [ 73.137019, 28.1561279, 0.0 ], [ 73.1370243, 28.1558246, 0.0 ] ], [ [ 73.1369737, 28.1555122, 0.0 ], [ 73.1369968, 28.1555125, 0.0 ], [ 73.1369916, 28.1558158, 0.0 ], [ 73.1369684, 28.1558155, 0.0 ], [ 73.1369737, 28.1555122, 0.0 ] ], [ [ 73.1369177, 28.1555114, 0.0 ], [ 73.1369408, 28.1555118, 0.0 ], [ 73.1369356, 28.155815, 0.0 ], [ 73.1369124, 28.1558147, 0.0 ], [ 73.1369177, 28.1555114, 0.0 ] ], [ [ 73.1369683, 28.1558239, 0.0 ], [ 73.1369914, 28.1558242, 0.0 ], [ 73.1369862, 28.1561275, 0.0 ], [ 73.136963, 28.1561272, 0.0 ], [ 73.1369683, 28.1558239, 0.0 ] ], [ [ 73.1369123, 28.1558231, 0.0 ], [ 73.1369354, 28.1558234, 0.0 ], [ 73.1369302, 28.1561267, 0.0 ], [ 73.1369071, 28.1561264, 0.0 ], [ 73.1369123, 28.1558231, 0.0 ] ], [ [ 73.1368617, 28.1555107, 0.0 ], [ 73.1368848, 28.155511, 0.0 ], [ 73.1368796, 28.1558143, 0.0 ], [ 73.1368565, 28.1558139, 0.0 ], [ 73.1368617, 28.1555107, 0.0 ] ], [ [ 73.1368057, 28.1555099, 0.0 ], [ 73.1368289, 28.1555102, 0.0 ], [ 73.1368236, 28.1558135, 0.0 ], [ 73.1368005, 28.1558132, 0.0 ], [ 73.1368057, 28.1555099, 0.0 ] ], [ [ 73.1368563, 28.1558224, 0.0 ], [ 73.1368794, 28.1558227, 0.0 ], [ 73.1368742, 28.1561259, 0.0 ], [ 73.1368511, 28.1561256, 0.0 ], [ 73.1368563, 28.1558224, 0.0 ] ], [ [ 73.1368003, 28.1558216, 0.0 ], [ 73.1368235, 28.1558219, 0.0 ], [ 73.1368182, 28.1561252, 0.0 ], [ 73.1367951, 28.1561249, 0.0 ], [ 73.1368003, 28.1558216, 0.0 ] ], [ [ 73.1367497, 28.1555092, 0.0 ], [ 73.1367729, 28.1555095, 0.0 ], [ 73.1367676, 28.1558127, 0.0 ], [ 73.1367445, 28.1558124, 0.0 ], [ 73.1367497, 28.1555092, 0.0 ] ], [ [ 73.1366937, 28.1555084, 0.0 ], [ 73.1367169, 28.1555087, 0.0 ], [ 73.1367116, 28.155812, 0.0 ], [ 73.1366885, 28.1558117, 0.0 ], [ 73.1366937, 28.1555084, 0.0 ] ], [ [ 73.1367443, 28.1558208, 0.0 ], [ 73.1367675, 28.1558212, 0.0 ], [ 73.1367622, 28.1561244, 0.0 ], [ 73.1367391, 28.1561241, 0.0 ], [ 73.1367443, 28.1558208, 0.0 ] ], [ [ 73.1366883, 28.1558201, 0.0 ], [ 73.1367115, 28.1558204, 0.0 ], [ 73.1367062, 28.1561237, 0.0 ], [ 73.1366831, 28.1561233, 0.0 ], [ 73.1366883, 28.1558201, 0.0 ] ], [ [ 73.1366378, 28.1555076, 0.0 ], [ 73.1366609, 28.1555079, 0.0 ], [ 73.1366556, 28.1558112, 0.0 ], [ 73.1366325, 28.1558109, 0.0 ], [ 73.1366378, 28.1555076, 0.0 ] ], [ [ 73.1365818, 28.1555069, 0.0 ], [ 73.1366049, 28.1555072, 0.0 ], [ 73.1365996, 28.1558105, 0.0 ], [ 73.1365765, 28.1558101, 0.0 ], [ 73.1365818, 28.1555069, 0.0 ] ], [ [ 73.1366324, 28.1558193, 0.0 ], [ 73.1366555, 28.1558196, 0.0 ], [ 73.1366502, 28.1561229, 0.0 ], [ 73.1366271, 28.1561226, 0.0 ], [ 73.1366324, 28.1558193, 0.0 ] ], [ [ 73.1365764, 28.1558186, 0.0 ], [ 73.1365995, 28.1558189, 0.0 ], [ 73.1365942, 28.1561221, 0.0 ], [ 73.1365711, 28.1561218, 0.0 ], [ 73.1365764, 28.1558186, 0.0 ] ], [ [ 73.1365258, 28.1555061, 0.0 ], [ 73.1365489, 28.1555064, 0.0 ], [ 73.1365437, 28.1558097, 0.0 ], [ 73.1365205, 28.1558094, 0.0 ], [ 73.1365258, 28.1555061, 0.0 ] ], [ [ 73.1364698, 28.1555053, 0.0 ], [ 73.1364929, 28.1555057, 0.0 ], [ 73.1364877, 28.1558089, 0.0 ], [ 73.1364645, 28.1558086, 0.0 ], [ 73.1364698, 28.1555053, 0.0 ] ], [ [ 73.1365204, 28.1558178, 0.0 ], [ 73.1365435, 28.1558181, 0.0 ], [ 73.1365383, 28.1561214, 0.0 ], [ 73.1365151, 28.1561211, 0.0 ], [ 73.1365204, 28.1558178, 0.0 ] ], [ [ 73.1364644, 28.155817, 0.0 ], [ 73.1364875, 28.1558173, 0.0 ], [ 73.1364823, 28.1561206, 0.0 ], [ 73.1364591, 28.1561203, 0.0 ], [ 73.1364644, 28.155817, 0.0 ] ], [ [ 73.1364138, 28.1555046, 0.0 ], [ 73.1364369, 28.1555049, 0.0 ], [ 73.1364317, 28.1558082, 0.0 ], [ 73.1364085, 28.1558079, 0.0 ], [ 73.1364138, 28.1555046, 0.0 ] ], [ [ 73.1363578, 28.1555038, 0.0 ], [ 73.1363809, 28.1555041, 0.0 ], [ 73.1363757, 28.1558074, 0.0 ], [ 73.1363526, 28.1558071, 0.0 ], [ 73.1363578, 28.1555038, 0.0 ] ], [ [ 73.1364084, 28.1558163, 0.0 ], [ 73.1364315, 28.1558166, 0.0 ], [ 73.1364263, 28.1561199, 0.0 ], [ 73.1364031, 28.1561195, 0.0 ], [ 73.1364084, 28.1558163, 0.0 ] ], [ [ 73.1363524, 28.1558155, 0.0 ], [ 73.1363755, 28.1558158, 0.0 ], [ 73.1363703, 28.1561191, 0.0 ], [ 73.1363472, 28.1561188, 0.0 ], [ 73.1363524, 28.1558155, 0.0 ] ], [ [ 73.1363018, 28.1555031, 0.0 ], [ 73.1363249, 28.1555034, 0.0 ], [ 73.1363197, 28.1558066, 0.0 ], [ 73.1362966, 28.1558063, 0.0 ], [ 73.1363018, 28.1555031, 0.0 ] ], [ [ 73.1362458, 28.1555023, 0.0 ], [ 73.136269, 28.1555026, 0.0 ], [ 73.1362637, 28.1558059, 0.0 ], [ 73.1362406, 28.1558056, 0.0 ], [ 73.1362458, 28.1555023, 0.0 ] ], [ [ 73.1362964, 28.1558147, 0.0 ], [ 73.1363195, 28.1558151, 0.0 ], [ 73.1363143, 28.1561183, 0.0 ], [ 73.1362912, 28.156118, 0.0 ], [ 73.1362964, 28.1558147, 0.0 ] ], [ [ 73.1362404, 28.155814, 0.0 ], [ 73.1362636, 28.1558143, 0.0 ], [ 73.1362583, 28.1561176, 0.0 ], [ 73.1362352, 28.1561173, 0.0 ], [ 73.1362404, 28.155814, 0.0 ] ], [ [ 73.1361898, 28.1555015, 0.0 ], [ 73.136213, 28.1555019, 0.0 ], [ 73.1362077, 28.1558051, 0.0 ], [ 73.1361846, 28.1558048, 0.0 ], [ 73.1361898, 28.1555015, 0.0 ] ], [ [ 73.1361339, 28.1555008, 0.0 ], [ 73.136157, 28.1555011, 0.0 ], [ 73.1361517, 28.1558044, 0.0 ], [ 73.1361286, 28.155804, 0.0 ], [ 73.1361339, 28.1555008, 0.0 ] ], [ [ 73.1361844, 28.1558132, 0.0 ], [ 73.1362076, 28.1558135, 0.0 ], [ 73.1362023, 28.1561168, 0.0 ], [ 73.1361792, 28.1561165, 0.0 ], [ 73.1361844, 28.1558132, 0.0 ] ], [ [ 73.1361285, 28.1558125, 0.0 ], [ 73.1361516, 28.1558128, 0.0 ], [ 73.1361463, 28.156116, 0.0 ], [ 73.1361232, 28.1561157, 0.0 ], [ 73.1361285, 28.1558125, 0.0 ] ], [ [ 73.1360779, 28.1555, 0.0 ], [ 73.136101, 28.1555003, 0.0 ], [ 73.1360957, 28.1558036, 0.0 ], [ 73.1360726, 28.1558033, 0.0 ], [ 73.1360779, 28.1555, 0.0 ] ], [ [ 73.1360219, 28.1554993, 0.0 ], [ 73.136045, 28.1554996, 0.0 ], [ 73.1360397, 28.1558028, 0.0 ], [ 73.1360166, 28.1558025, 0.0 ], [ 73.1360219, 28.1554993, 0.0 ] ], [ [ 73.1360725, 28.1558117, 0.0 ], [ 73.1360956, 28.155812, 0.0 ], [ 73.1360903, 28.1561153, 0.0 ], [ 73.1360672, 28.156115, 0.0 ], [ 73.1360725, 28.1558117, 0.0 ] ], [ [ 73.1360165, 28.1558109, 0.0 ], [ 73.1360396, 28.1558113, 0.0 ], [ 73.1360343, 28.1561145, 0.0 ], [ 73.1360112, 28.1561142, 0.0 ], [ 73.1360165, 28.1558109, 0.0 ] ], [ [ 73.1370964, 28.1548943, 0.0 ], [ 73.1371195, 28.1548946, 0.0 ], [ 73.1371143, 28.1551978, 0.0 ], [ 73.1370911, 28.1551975, 0.0 ], [ 73.1370964, 28.1548943, 0.0 ] ], [ [ 73.1370404, 28.1548935, 0.0 ], [ 73.1370635, 28.1548938, 0.0 ], [ 73.1370583, 28.1551971, 0.0 ], [ 73.1370352, 28.1551968, 0.0 ], [ 73.1370404, 28.1548935, 0.0 ] ], [ [ 73.137091, 28.1552059, 0.0 ], [ 73.1371141, 28.1552063, 0.0 ], [ 73.1371089, 28.1555095, 0.0 ], [ 73.1370857, 28.1555092, 0.0 ], [ 73.137091, 28.1552059, 0.0 ] ], [ [ 73.137035, 28.1552052, 0.0 ], [ 73.1370581, 28.1552055, 0.0 ], [ 73.1370529, 28.1555088, 0.0 ], [ 73.1370298, 28.1555085, 0.0 ], [ 73.137035, 28.1552052, 0.0 ] ], [ [ 73.1369844, 28.1548927, 0.0 ], [ 73.1370075, 28.1548931, 0.0 ], [ 73.1370023, 28.1551963, 0.0 ], [ 73.1369792, 28.155196, 0.0 ], [ 73.1369844, 28.1548927, 0.0 ] ], [ [ 73.1369284, 28.154892, 0.0 ], [ 73.1369516, 28.1548923, 0.0 ], [ 73.1369463, 28.1551956, 0.0 ], [ 73.1369232, 28.1551952, 0.0 ], [ 73.1369284, 28.154892, 0.0 ] ], [ [ 73.136979, 28.1552044, 0.0 ], [ 73.1370021, 28.1552047, 0.0 ], [ 73.1369969, 28.155508, 0.0 ], [ 73.1369738, 28.1555077, 0.0 ], [ 73.136979, 28.1552044, 0.0 ] ], [ [ 73.136923, 28.1552037, 0.0 ], [ 73.1369462, 28.155204, 0.0 ], [ 73.1369409, 28.1555072, 0.0 ], [ 73.1369178, 28.1555069, 0.0 ], [ 73.136923, 28.1552037, 0.0 ] ], [ [ 73.1368724, 28.1548912, 0.0 ], [ 73.1368956, 28.1548915, 0.0 ], [ 73.1368903, 28.1551948, 0.0 ], [ 73.1368672, 28.1551945, 0.0 ], [ 73.1368724, 28.1548912, 0.0 ] ], [ [ 73.1368165, 28.1548905, 0.0 ], [ 73.1368396, 28.1548908, 0.0 ], [ 73.1368343, 28.155194, 0.0 ], [ 73.1368112, 28.1551937, 0.0 ], [ 73.1368165, 28.1548905, 0.0 ] ], [ [ 73.136867, 28.1552029, 0.0 ], [ 73.1368902, 28.1552032, 0.0 ], [ 73.1368849, 28.1555065, 0.0 ], [ 73.1368618, 28.1555062, 0.0 ], [ 73.136867, 28.1552029, 0.0 ] ], [ [ 73.1368111, 28.1552021, 0.0 ], [ 73.1368342, 28.1552025, 0.0 ], [ 73.1368289, 28.1555057, 0.0 ], [ 73.1368058, 28.1555054, 0.0 ], [ 73.1368111, 28.1552021, 0.0 ] ], [ [ 73.1367605, 28.1548897, 0.0 ], [ 73.1367836, 28.15489, 0.0 ], [ 73.1367783, 28.1551933, 0.0 ], [ 73.1367552, 28.155193, 0.0 ], [ 73.1367605, 28.1548897, 0.0 ] ], [ [ 73.1367045, 28.1548889, 0.0 ], [ 73.1367276, 28.1548892, 0.0 ], [ 73.1367223, 28.1551925, 0.0 ], [ 73.1366992, 28.1551922, 0.0 ], [ 73.1367045, 28.1548889, 0.0 ] ], [ [ 73.1367551, 28.1552014, 0.0 ], [ 73.1367782, 28.1552017, 0.0 ], [ 73.1367729, 28.155505, 0.0 ], [ 73.1367498, 28.1555046, 0.0 ], [ 73.1367551, 28.1552014, 0.0 ] ], [ [ 73.1366991, 28.1552006, 0.0 ], [ 73.1367222, 28.1552009, 0.0 ], [ 73.136717, 28.1555042, 0.0 ], [ 73.1366938, 28.1555039, 0.0 ], [ 73.1366991, 28.1552006, 0.0 ] ], [ [ 73.1366485, 28.1548882, 0.0 ], [ 73.1366716, 28.1548885, 0.0 ], [ 73.1366664, 28.1551918, 0.0 ], [ 73.1366432, 28.1551914, 0.0 ], [ 73.1366485, 28.1548882, 0.0 ] ], [ [ 73.1365925, 28.1548874, 0.0 ], [ 73.1366156, 28.1548877, 0.0 ], [ 73.1366104, 28.155191, 0.0 ], [ 73.1365872, 28.1551907, 0.0 ], [ 73.1365925, 28.1548874, 0.0 ] ], [ [ 73.1366431, 28.1551999, 0.0 ], [ 73.1366662, 28.1552002, 0.0 ], [ 73.136661, 28.1555034, 0.0 ], [ 73.1366378, 28.1555031, 0.0 ], [ 73.1366431, 28.1551999, 0.0 ] ], [ [ 73.1365871, 28.1551991, 0.0 ], [ 73.1366102, 28.1551994, 0.0 ], [ 73.136605, 28.1555027, 0.0 ], [ 73.1365818, 28.1555024, 0.0 ], [ 73.1365871, 28.1551991, 0.0 ] ], [ [ 73.1365365, 28.1548866, 0.0 ], [ 73.1365596, 28.154887, 0.0 ], [ 73.1365544, 28.1551902, 0.0 ], [ 73.1365313, 28.1551899, 0.0 ], [ 73.1365365, 28.1548866, 0.0 ] ], [ [ 73.1364805, 28.1548859, 0.0 ], [ 73.1365036, 28.1548862, 0.0 ], [ 73.1364984, 28.1551895, 0.0 ], [ 73.1364753, 28.1551892, 0.0 ], [ 73.1364805, 28.1548859, 0.0 ] ], [ [ 73.1365311, 28.1551983, 0.0 ], [ 73.1365542, 28.1551986, 0.0 ], [ 73.136549, 28.1555019, 0.0 ], [ 73.1365259, 28.1555016, 0.0 ], [ 73.1365311, 28.1551983, 0.0 ] ], [ [ 73.1364751, 28.1551976, 0.0 ], [ 73.1364982, 28.1551979, 0.0 ], [ 73.136493, 28.1555012, 0.0 ], [ 73.1364699, 28.1555008, 0.0 ], [ 73.1364751, 28.1551976, 0.0 ] ], [ [ 73.1364245, 28.1548851, 0.0 ], [ 73.1364477, 28.1548854, 0.0 ], [ 73.1364424, 28.1551887, 0.0 ], [ 73.1364193, 28.1551884, 0.0 ], [ 73.1364245, 28.1548851, 0.0 ] ], [ [ 73.1363685, 28.1548844, 0.0 ], [ 73.1363917, 28.1548847, 0.0 ], [ 73.1363864, 28.1551879, 0.0 ], [ 73.1363633, 28.1551876, 0.0 ], [ 73.1363685, 28.1548844, 0.0 ] ], [ [ 73.1364191, 28.1551968, 0.0 ], [ 73.1364423, 28.1551971, 0.0 ], [ 73.136437, 28.1555004, 0.0 ], [ 73.1364139, 28.1555001, 0.0 ], [ 73.1364191, 28.1551968, 0.0 ] ], [ [ 73.1363631, 28.155196, 0.0 ], [ 73.1363863, 28.1551964, 0.0 ], [ 73.136381, 28.1554996, 0.0 ], [ 73.1363579, 28.1554993, 0.0 ], [ 73.1363631, 28.155196, 0.0 ] ], [ [ 73.1363126, 28.1548836, 0.0 ], [ 73.1363357, 28.1548839, 0.0 ], [ 73.1363304, 28.1551872, 0.0 ], [ 73.1363073, 28.1551869, 0.0 ], [ 73.1363126, 28.1548836, 0.0 ] ], [ [ 73.1362566, 28.1548828, 0.0 ], [ 73.1362797, 28.1548832, 0.0 ], [ 73.1362744, 28.1551864, 0.0 ], [ 73.1362513, 28.1551861, 0.0 ], [ 73.1362566, 28.1548828, 0.0 ] ], [ [ 73.1363072, 28.1551953, 0.0 ], [ 73.1363303, 28.1551956, 0.0 ], [ 73.136325, 28.1554989, 0.0 ], [ 73.1363019, 28.1554986, 0.0 ], [ 73.1363072, 28.1551953, 0.0 ] ], [ [ 73.1362512, 28.1551945, 0.0 ], [ 73.1362743, 28.1551948, 0.0 ], [ 73.136269, 28.1554981, 0.0 ], [ 73.1362459, 28.1554978, 0.0 ], [ 73.1362512, 28.1551945, 0.0 ] ], [ [ 73.1362006, 28.1548821, 0.0 ], [ 73.1362237, 28.1548824, 0.0 ], [ 73.1362184, 28.1551857, 0.0 ], [ 73.1361953, 28.1551853, 0.0 ], [ 73.1362006, 28.1548821, 0.0 ] ], [ [ 73.1361446, 28.1548813, 0.0 ], [ 73.1361677, 28.1548816, 0.0 ], [ 73.1361625, 28.1551849, 0.0 ], [ 73.1361393, 28.1551846, 0.0 ], [ 73.1361446, 28.1548813, 0.0 ] ], [ [ 73.1361952, 28.1551938, 0.0 ], [ 73.1362183, 28.1551941, 0.0 ], [ 73.136213, 28.1554973, 0.0 ], [ 73.1361899, 28.155497, 0.0 ], [ 73.1361952, 28.1551938, 0.0 ] ], [ [ 73.1361392, 28.155193, 0.0 ], [ 73.1361623, 28.1551933, 0.0 ], [ 73.1361571, 28.1554966, 0.0 ], [ 73.1361339, 28.1554963, 0.0 ], [ 73.1361392, 28.155193, 0.0 ] ], [ [ 73.1360886, 28.1548806, 0.0 ], [ 73.1361117, 28.1548809, 0.0 ], [ 73.1361065, 28.1551841, 0.0 ], [ 73.1360833, 28.1551838, 0.0 ], [ 73.1360886, 28.1548806, 0.0 ] ], [ [ 73.1360326, 28.1548798, 0.0 ], [ 73.1360557, 28.1548801, 0.0 ], [ 73.1360505, 28.1551834, 0.0 ], [ 73.1360274, 28.1551831, 0.0 ], [ 73.1360326, 28.1548798, 0.0 ] ], [ [ 73.1360832, 28.1551922, 0.0 ], [ 73.1361063, 28.1551926, 0.0 ], [ 73.1361011, 28.1554958, 0.0 ], [ 73.1360779, 28.1554955, 0.0 ], [ 73.1360832, 28.1551922, 0.0 ] ], [ [ 73.1360272, 28.1551915, 0.0 ], [ 73.1360503, 28.1551918, 0.0 ], [ 73.1360451, 28.1554951, 0.0 ], [ 73.136022, 28.1554947, 0.0 ], [ 73.1360272, 28.1551915, 0.0 ] ], [ [ 73.1371071, 28.1542748, 0.0 ], [ 73.1371302, 28.1542751, 0.0 ], [ 73.137125, 28.1545784, 0.0 ], [ 73.1371019, 28.1545781, 0.0 ], [ 73.1371071, 28.1542748, 0.0 ] ], [ [ 73.1370511, 28.154274, 0.0 ], [ 73.1370743, 28.1542744, 0.0 ], [ 73.137069, 28.1545776, 0.0 ], [ 73.1370459, 28.1545773, 0.0 ], [ 73.1370511, 28.154274, 0.0 ] ], [ [ 73.1371017, 28.1545865, 0.0 ], [ 73.1371249, 28.1545868, 0.0 ], [ 73.1371196, 28.1548901, 0.0 ], [ 73.1370965, 28.1548898, 0.0 ], [ 73.1371017, 28.1545865, 0.0 ] ], [ [ 73.1370457, 28.1545857, 0.0 ], [ 73.1370689, 28.154586, 0.0 ], [ 73.1370636, 28.1548893, 0.0 ], [ 73.1370405, 28.154889, 0.0 ], [ 73.1370457, 28.1545857, 0.0 ] ], [ [ 73.1369951, 28.1542733, 0.0 ], [ 73.1370183, 28.1542736, 0.0 ], [ 73.137013, 28.1545769, 0.0 ], [ 73.1369899, 28.1545765, 0.0 ], [ 73.1369951, 28.1542733, 0.0 ] ], [ [ 73.1369392, 28.1542725, 0.0 ], [ 73.1369623, 28.1542728, 0.0 ], [ 73.136957, 28.1545761, 0.0 ], [ 73.1369339, 28.1545758, 0.0 ], [ 73.1369392, 28.1542725, 0.0 ] ], [ [ 73.1369897, 28.154585, 0.0 ], [ 73.1370129, 28.1545853, 0.0 ], [ 73.1370076, 28.1548885, 0.0 ], [ 73.1369845, 28.1548882, 0.0 ], [ 73.1369897, 28.154585, 0.0 ] ], [ [ 73.1369338, 28.1545842, 0.0 ], [ 73.1369569, 28.1545845, 0.0 ], [ 73.1369516, 28.1548878, 0.0 ], [ 73.1369285, 28.1548875, 0.0 ], [ 73.1369338, 28.1545842, 0.0 ] ], [ [ 73.1368832, 28.1542718, 0.0 ], [ 73.1369063, 28.1542721, 0.0 ], [ 73.136901, 28.1545753, 0.0 ], [ 73.1368779, 28.154575, 0.0 ], [ 73.1368832, 28.1542718, 0.0 ] ], [ [ 73.1368272, 28.154271, 0.0 ], [ 73.1368503, 28.1542713, 0.0 ], [ 73.1368451, 28.1545746, 0.0 ], [ 73.1368219, 28.1545743, 0.0 ], [ 73.1368272, 28.154271, 0.0 ] ], [ [ 73.1368778, 28.1545834, 0.0 ], [ 73.1369009, 28.1545838, 0.0 ], [ 73.1368956, 28.154887, 0.0 ], [ 73.1368725, 28.1548867, 0.0 ], [ 73.1368778, 28.1545834, 0.0 ] ], [ [ 73.1368218, 28.1545827, 0.0 ], [ 73.1368449, 28.154583, 0.0 ], [ 73.1368397, 28.1548863, 0.0 ], [ 73.1368165, 28.1548859, 0.0 ], [ 73.1368218, 28.1545827, 0.0 ] ], [ [ 73.1367712, 28.1542702, 0.0 ], [ 73.1367943, 28.1542705, 0.0 ], [ 73.1367891, 28.1545738, 0.0 ], [ 73.1367659, 28.1545735, 0.0 ], [ 73.1367712, 28.1542702, 0.0 ] ], [ [ 73.1367152, 28.1542695, 0.0 ], [ 73.1367383, 28.1542698, 0.0 ], [ 73.1367331, 28.1545731, 0.0 ], [ 73.1367099, 28.1545727, 0.0 ], [ 73.1367152, 28.1542695, 0.0 ] ], [ [ 73.1367658, 28.1545819, 0.0 ], [ 73.1367889, 28.1545822, 0.0 ], [ 73.1367837, 28.1548855, 0.0 ], [ 73.1367605, 28.1548852, 0.0 ], [ 73.1367658, 28.1545819, 0.0 ] ], [ [ 73.1367098, 28.1545812, 0.0 ], [ 73.1367329, 28.1545815, 0.0 ], [ 73.1367277, 28.1548847, 0.0 ], [ 73.1367046, 28.1548844, 0.0 ], [ 73.1367098, 28.1545812, 0.0 ] ], [ [ 73.1366592, 28.1542687, 0.0 ], [ 73.1366823, 28.154269, 0.0 ], [ 73.1366771, 28.1545723, 0.0 ], [ 73.136654, 28.154572, 0.0 ], [ 73.1366592, 28.1542687, 0.0 ] ], [ [ 73.1366032, 28.1542679, 0.0 ], [ 73.1366264, 28.1542683, 0.0 ], [ 73.1366211, 28.1545715, 0.0 ], [ 73.136598, 28.1545712, 0.0 ], [ 73.1366032, 28.1542679, 0.0 ] ], [ [ 73.1366538, 28.1545804, 0.0 ], [ 73.1366769, 28.1545807, 0.0 ], [ 73.1366717, 28.154884, 0.0 ], [ 73.1366486, 28.1548837, 0.0 ], [ 73.1366538, 28.1545804, 0.0 ] ], [ [ 73.1365978, 28.1545796, 0.0 ], [ 73.136621, 28.1545799, 0.0 ], [ 73.1366157, 28.1548832, 0.0 ], [ 73.1365926, 28.1548829, 0.0 ], [ 73.1365978, 28.1545796, 0.0 ] ], [ [ 73.1365472, 28.1542672, 0.0 ], [ 73.1365704, 28.1542675, 0.0 ], [ 73.1365651, 28.1545708, 0.0 ], [ 73.136542, 28.1545705, 0.0 ], [ 73.1365472, 28.1542672, 0.0 ] ], [ [ 73.1364912, 28.1542664, 0.0 ], [ 73.1365144, 28.1542667, 0.0 ], [ 73.1365091, 28.15457, 0.0 ], [ 73.136486, 28.1545697, 0.0 ], [ 73.1364912, 28.1542664, 0.0 ] ], [ [ 73.1365418, 28.1545789, 0.0 ], [ 73.136565, 28.1545792, 0.0 ], [ 73.1365597, 28.1548825, 0.0 ], [ 73.1365366, 28.1548821, 0.0 ], [ 73.1365418, 28.1545789, 0.0 ] ], [ [ 73.1364858, 28.1545781, 0.0 ], [ 73.136509, 28.1545784, 0.0 ], [ 73.1365037, 28.1548817, 0.0 ], [ 73.1364806, 28.1548814, 0.0 ], [ 73.1364858, 28.1545781, 0.0 ] ], [ [ 73.1364353, 28.1542657, 0.0 ], [ 73.1364584, 28.154266, 0.0 ], [ 73.1364531, 28.1545692, 0.0 ], [ 73.13643, 28.1545689, 0.0 ], [ 73.1364353, 28.1542657, 0.0 ] ], [ [ 73.1363793, 28.1542649, 0.0 ], [ 73.1364024, 28.1542652, 0.0 ], [ 73.1363971, 28.1545685, 0.0 ], [ 73.136374, 28.1545682, 0.0 ], [ 73.1363793, 28.1542649, 0.0 ] ], [ [ 73.1364299, 28.1545773, 0.0 ], [ 73.136453, 28.1545777, 0.0 ], [ 73.1364477, 28.1548809, 0.0 ], [ 73.1364246, 28.1548806, 0.0 ], [ 73.1364299, 28.1545773, 0.0 ] ], [ [ 73.1363739, 28.1545766, 0.0 ], [ 73.136397, 28.1545769, 0.0 ], [ 73.1363917, 28.1548802, 0.0 ], [ 73.1363686, 28.1548799, 0.0 ], [ 73.1363739, 28.1545766, 0.0 ] ], [ [ 73.1363233, 28.1542641, 0.0 ], [ 73.1363464, 28.1542645, 0.0 ], [ 73.1363412, 28.1545677, 0.0 ], [ 73.136318, 28.1545674, 0.0 ], [ 73.1363233, 28.1542641, 0.0 ] ], [ [ 73.1362673, 28.1542634, 0.0 ], [ 73.1362904, 28.1542637, 0.0 ], [ 73.1362852, 28.154567, 0.0 ], [ 73.136262, 28.1545666, 0.0 ], [ 73.1362673, 28.1542634, 0.0 ] ], [ [ 73.1363179, 28.1545758, 0.0 ], [ 73.136341, 28.1545761, 0.0 ], [ 73.1363358, 28.1548794, 0.0 ], [ 73.1363126, 28.1548791, 0.0 ], [ 73.1363179, 28.1545758, 0.0 ] ], [ [ 73.1362619, 28.1545751, 0.0 ], [ 73.136285, 28.1545754, 0.0 ], [ 73.1362798, 28.1548786, 0.0 ], [ 73.1362566, 28.1548783, 0.0 ], [ 73.1362619, 28.1545751, 0.0 ] ], [ [ 73.1362113, 28.1542626, 0.0 ], [ 73.1362344, 28.1542629, 0.0 ], [ 73.1362292, 28.1545662, 0.0 ], [ 73.1362061, 28.1545659, 0.0 ], [ 73.1362113, 28.1542626, 0.0 ] ], [ [ 73.1361553, 28.1542619, 0.0 ], [ 73.1361784, 28.1542622, 0.0 ], [ 73.1361732, 28.1545654, 0.0 ], [ 73.1361501, 28.1545651, 0.0 ], [ 73.1361553, 28.1542619, 0.0 ] ], [ [ 73.1362059, 28.1545743, 0.0 ], [ 73.136229, 28.1545746, 0.0 ], [ 73.1362238, 28.1548779, 0.0 ], [ 73.1362007, 28.1548776, 0.0 ], [ 73.1362059, 28.1545743, 0.0 ] ], [ [ 73.1361499, 28.1545735, 0.0 ], [ 73.136173, 28.1545739, 0.0 ], [ 73.1361678, 28.1548771, 0.0 ], [ 73.1361447, 28.1548768, 0.0 ], [ 73.1361499, 28.1545735, 0.0 ] ], [ [ 73.1360993, 28.1542611, 0.0 ], [ 73.1361225, 28.1542614, 0.0 ], [ 73.1361172, 28.1545647, 0.0 ], [ 73.1360941, 28.1545644, 0.0 ], [ 73.1360993, 28.1542611, 0.0 ] ], [ [ 73.1360433, 28.1542603, 0.0 ], [ 73.1360665, 28.1542606, 0.0 ], [ 73.1360612, 28.1545639, 0.0 ], [ 73.1360381, 28.1545636, 0.0 ], [ 73.1360433, 28.1542603, 0.0 ] ], [ [ 73.1360939, 28.1545728, 0.0 ], [ 73.1361171, 28.1545731, 0.0 ], [ 73.1361118, 28.1548764, 0.0 ], [ 73.1360887, 28.154876, 0.0 ], [ 73.1360939, 28.1545728, 0.0 ] ], [ [ 73.1360379, 28.154572, 0.0 ], [ 73.1360611, 28.1545723, 0.0 ], [ 73.1360558, 28.1548756, 0.0 ], [ 73.1360327, 28.1548753, 0.0 ], [ 73.1360379, 28.154572, 0.0 ] ], [ [ 73.1371178, 28.1536553, 0.0 ], [ 73.137141, 28.1536557, 0.0 ], [ 73.1371357, 28.1539589, 0.0 ], [ 73.1371126, 28.1539586, 0.0 ], [ 73.1371178, 28.1536553, 0.0 ] ], [ [ 73.1370619, 28.1536546, 0.0 ], [ 73.137085, 28.1536549, 0.0 ], [ 73.1370797, 28.1539582, 0.0 ], [ 73.1370566, 28.1539578, 0.0 ], [ 73.1370619, 28.1536546, 0.0 ] ], [ [ 73.1371125, 28.153967, 0.0 ], [ 73.1371356, 28.1539673, 0.0 ], [ 73.1371303, 28.1542706, 0.0 ], [ 73.1371072, 28.1542703, 0.0 ], [ 73.1371125, 28.153967, 0.0 ] ], [ [ 73.1370565, 28.1539663, 0.0 ], [ 73.1370796, 28.1539666, 0.0 ], [ 73.1370743, 28.1542698, 0.0 ], [ 73.1370512, 28.1542695, 0.0 ], [ 73.1370565, 28.1539663, 0.0 ] ], [ [ 73.1370059, 28.1536538, 0.0 ], [ 73.137029, 28.1536541, 0.0 ], [ 73.1370237, 28.1539574, 0.0 ], [ 73.1370006, 28.1539571, 0.0 ], [ 73.1370059, 28.1536538, 0.0 ] ], [ [ 73.1369499, 28.1536531, 0.0 ], [ 73.136973, 28.1536534, 0.0 ], [ 73.1369678, 28.1539566, 0.0 ], [ 73.1369446, 28.1539563, 0.0 ], [ 73.1369499, 28.1536531, 0.0 ] ], [ [ 73.1370005, 28.1539655, 0.0 ], [ 73.1370236, 28.1539658, 0.0 ], [ 73.1370184, 28.1542691, 0.0 ], [ 73.1369952, 28.1542688, 0.0 ], [ 73.1370005, 28.1539655, 0.0 ] ], [ [ 73.1369445, 28.1539647, 0.0 ], [ 73.1369676, 28.1539651, 0.0 ], [ 73.1369624, 28.1542683, 0.0 ], [ 73.1369392, 28.154268, 0.0 ], [ 73.1369445, 28.1539647, 0.0 ] ], [ [ 73.1368939, 28.1536523, 0.0 ], [ 73.136917, 28.1536526, 0.0 ], [ 73.1369118, 28.1539559, 0.0 ], [ 73.1368886, 28.1539556, 0.0 ], [ 73.1368939, 28.1536523, 0.0 ] ], [ [ 73.1368379, 28.1536515, 0.0 ], [ 73.136861, 28.1536518, 0.0 ], [ 73.1368558, 28.1539551, 0.0 ], [ 73.1368327, 28.1539548, 0.0 ], [ 73.1368379, 28.1536515, 0.0 ] ], [ [ 73.1368885, 28.153964, 0.0 ], [ 73.1369116, 28.1539643, 0.0 ], [ 73.1369064, 28.1542676, 0.0 ], [ 73.1368832, 28.1542672, 0.0 ], [ 73.1368885, 28.153964, 0.0 ] ], [ [ 73.1368325, 28.1539632, 0.0 ], [ 73.1368556, 28.1539635, 0.0 ], [ 73.1368504, 28.1542668, 0.0 ], [ 73.1368273, 28.1542665, 0.0 ], [ 73.1368325, 28.1539632, 0.0 ] ], [ [ 73.1367819, 28.1536508, 0.0 ], [ 73.136805, 28.1536511, 0.0 ], [ 73.1367998, 28.1539544, 0.0 ], [ 73.1367767, 28.153954, 0.0 ], [ 73.1367819, 28.1536508, 0.0 ] ], [ [ 73.1367259, 28.15365, 0.0 ], [ 73.1367491, 28.1536503, 0.0 ], [ 73.1367438, 28.1539536, 0.0 ], [ 73.1367207, 28.1539533, 0.0 ], [ 73.1367259, 28.15365, 0.0 ] ], [ [ 73.1367765, 28.1539625, 0.0 ], [ 73.1367996, 28.1539628, 0.0 ], [ 73.1367944, 28.154266, 0.0 ], [ 73.1367713, 28.1542657, 0.0 ], [ 73.1367765, 28.1539625, 0.0 ] ], [ [ 73.1367205, 28.1539617, 0.0 ], [ 73.1367437, 28.153962, 0.0 ], [ 73.1367384, 28.1542653, 0.0 ], [ 73.1367153, 28.154265, 0.0 ], [ 73.1367205, 28.1539617, 0.0 ] ], [ [ 73.1366699, 28.1536492, 0.0 ], [ 73.1366931, 28.1536496, 0.0 ], [ 73.1366878, 28.1539528, 0.0 ], [ 73.1366647, 28.1539525, 0.0 ], [ 73.1366699, 28.1536492, 0.0 ] ], [ [ 73.136614, 28.1536485, 0.0 ], [ 73.1366371, 28.1536488, 0.0 ], [ 73.1366318, 28.1539521, 0.0 ], [ 73.1366087, 28.1539518, 0.0 ], [ 73.136614, 28.1536485, 0.0 ] ], [ [ 73.1366645, 28.1539609, 0.0 ], [ 73.1366877, 28.1539612, 0.0 ], [ 73.1366824, 28.1542645, 0.0 ], [ 73.1366593, 28.1542642, 0.0 ], [ 73.1366645, 28.1539609, 0.0 ] ], [ [ 73.1366086, 28.1539602, 0.0 ], [ 73.1366317, 28.1539605, 0.0 ], [ 73.1366264, 28.1542638, 0.0 ], [ 73.1366033, 28.1542634, 0.0 ], [ 73.1366086, 28.1539602, 0.0 ] ], [ [ 73.136558, 28.1536477, 0.0 ], [ 73.1365811, 28.153648, 0.0 ], [ 73.1365758, 28.1539513, 0.0 ], [ 73.1365527, 28.153951, 0.0 ], [ 73.136558, 28.1536477, 0.0 ] ], [ [ 73.136502, 28.153647, 0.0 ], [ 73.1365251, 28.1536473, 0.0 ], [ 73.1365199, 28.1539505, 0.0 ], [ 73.1364967, 28.1539502, 0.0 ], [ 73.136502, 28.153647, 0.0 ] ], [ [ 73.1365526, 28.1539594, 0.0 ], [ 73.1365757, 28.1539597, 0.0 ], [ 73.1365704, 28.154263, 0.0 ], [ 73.1365473, 28.1542627, 0.0 ], [ 73.1365526, 28.1539594, 0.0 ] ], [ [ 73.1364966, 28.1539586, 0.0 ], [ 73.1365197, 28.153959, 0.0 ], [ 73.1365145, 28.1542622, 0.0 ], [ 73.1364913, 28.1542619, 0.0 ], [ 73.1364966, 28.1539586, 0.0 ] ], [ [ 73.136446, 28.1536462, 0.0 ], [ 73.1364691, 28.1536465, 0.0 ], [ 73.1364639, 28.1539498, 0.0 ], [ 73.1364407, 28.1539495, 0.0 ], [ 73.136446, 28.1536462, 0.0 ] ], [ [ 73.13639, 28.1536454, 0.0 ], [ 73.1364131, 28.1536458, 0.0 ], [ 73.1364079, 28.153949, 0.0 ], [ 73.1363847, 28.1539487, 0.0 ], [ 73.13639, 28.1536454, 0.0 ] ], [ [ 73.1364406, 28.1539579, 0.0 ], [ 73.1364637, 28.1539582, 0.0 ], [ 73.1364585, 28.1542615, 0.0 ], [ 73.1364353, 28.1542612, 0.0 ], [ 73.1364406, 28.1539579, 0.0 ] ], [ [ 73.1363846, 28.1539571, 0.0 ], [ 73.1364077, 28.1539574, 0.0 ], [ 73.1364025, 28.1542607, 0.0 ], [ 73.1363793, 28.1542604, 0.0 ], [ 73.1363846, 28.1539571, 0.0 ] ], [ [ 73.136334, 28.1536447, 0.0 ], [ 73.1363571, 28.153645, 0.0 ], [ 73.1363519, 28.1539483, 0.0 ], [ 73.1363288, 28.1539479, 0.0 ], [ 73.136334, 28.1536447, 0.0 ] ], [ [ 73.136278, 28.1536439, 0.0 ], [ 73.1363012, 28.1536442, 0.0 ], [ 73.1362959, 28.1539475, 0.0 ], [ 73.1362728, 28.1539472, 0.0 ], [ 73.136278, 28.1536439, 0.0 ] ], [ [ 73.1363286, 28.1539564, 0.0 ], [ 73.1363517, 28.1539567, 0.0 ], [ 73.1363465, 28.1542599, 0.0 ], [ 73.1363234, 28.1542596, 0.0 ], [ 73.1363286, 28.1539564, 0.0 ] ], [ [ 73.1362726, 28.1539556, 0.0 ], [ 73.1362958, 28.1539559, 0.0 ], [ 73.1362905, 28.1542592, 0.0 ], [ 73.1362674, 28.1542589, 0.0 ], [ 73.1362726, 28.1539556, 0.0 ] ], [ [ 73.136222, 28.1536432, 0.0 ], [ 73.1362452, 28.1536435, 0.0 ], [ 73.1362399, 28.1539467, 0.0 ], [ 73.1362168, 28.1539464, 0.0 ], [ 73.136222, 28.1536432, 0.0 ] ], [ [ 73.136166, 28.1536424, 0.0 ], [ 73.1361892, 28.1536427, 0.0 ], [ 73.1361839, 28.153946, 0.0 ], [ 73.1361608, 28.1539457, 0.0 ], [ 73.136166, 28.1536424, 0.0 ] ], [ [ 73.1362166, 28.1539548, 0.0 ], [ 73.1362398, 28.1539552, 0.0 ], [ 73.1362345, 28.1542584, 0.0 ], [ 73.1362114, 28.1542581, 0.0 ], [ 73.1362166, 28.1539548, 0.0 ] ], [ [ 73.1361606, 28.1539541, 0.0 ], [ 73.1361838, 28.1539544, 0.0 ], [ 73.1361785, 28.1542577, 0.0 ], [ 73.1361554, 28.1542573, 0.0 ], [ 73.1361606, 28.1539541, 0.0 ] ], [ [ 73.1361101, 28.1536416, 0.0 ], [ 73.1361332, 28.1536419, 0.0 ], [ 73.1361279, 28.1539452, 0.0 ], [ 73.1361048, 28.1539449, 0.0 ], [ 73.1361101, 28.1536416, 0.0 ] ], [ [ 73.1360541, 28.1536409, 0.0 ], [ 73.1360772, 28.1536412, 0.0 ], [ 73.1360719, 28.1539444, 0.0 ], [ 73.1360488, 28.1539441, 0.0 ], [ 73.1360541, 28.1536409, 0.0 ] ], [ [ 73.1361047, 28.1539533, 0.0 ], [ 73.1361278, 28.1539536, 0.0 ], [ 73.1361225, 28.1542569, 0.0 ], [ 73.1360994, 28.1542566, 0.0 ], [ 73.1361047, 28.1539533, 0.0 ] ], [ [ 73.1360487, 28.1539526, 0.0 ], [ 73.1360718, 28.1539529, 0.0 ], [ 73.1360665, 28.1542561, 0.0 ], [ 73.1360434, 28.1542558, 0.0 ], [ 73.1360487, 28.1539526, 0.0 ] ], [ [ 73.1371286, 28.1530359, 0.0 ], [ 73.1371517, 28.1530362, 0.0 ], [ 73.1371465, 28.1533395, 0.0 ], [ 73.1371233, 28.1533391, 0.0 ], [ 73.1371286, 28.1530359, 0.0 ] ], [ [ 73.1370726, 28.1530351, 0.0 ], [ 73.1370957, 28.1530354, 0.0 ], [ 73.1370905, 28.1533387, 0.0 ], [ 73.1370673, 28.1533384, 0.0 ], [ 73.1370726, 28.1530351, 0.0 ] ], [ [ 73.1371232, 28.1533476, 0.0 ], [ 73.1371463, 28.1533479, 0.0 ], [ 73.1371411, 28.1536511, 0.0 ], [ 73.1371179, 28.1536508, 0.0 ], [ 73.1371232, 28.1533476, 0.0 ] ], [ [ 73.1370672, 28.1533468, 0.0 ], [ 73.1370903, 28.1533471, 0.0 ], [ 73.1370851, 28.1536504, 0.0 ], [ 73.1370619, 28.1536501, 0.0 ], [ 73.1370672, 28.1533468, 0.0 ] ], [ [ 73.1370166, 28.1530344, 0.0 ], [ 73.1370397, 28.1530347, 0.0 ], [ 73.1370345, 28.1533379, 0.0 ], [ 73.1370113, 28.1533376, 0.0 ], [ 73.1370166, 28.1530344, 0.0 ] ], [ [ 73.1369606, 28.1530336, 0.0 ], [ 73.1369837, 28.1530339, 0.0 ], [ 73.1369785, 28.1533372, 0.0 ], [ 73.1369554, 28.1533369, 0.0 ], [ 73.1369606, 28.1530336, 0.0 ] ], [ [ 73.1370112, 28.153346, 0.0 ], [ 73.1370343, 28.1533464, 0.0 ], [ 73.1370291, 28.1536496, 0.0 ], [ 73.1370059, 28.1536493, 0.0 ], [ 73.1370112, 28.153346, 0.0 ] ], [ [ 73.1369552, 28.1533453, 0.0 ], [ 73.1369783, 28.1533456, 0.0 ], [ 73.1369731, 28.1536489, 0.0 ], [ 73.13695, 28.1536485, 0.0 ], [ 73.1369552, 28.1533453, 0.0 ] ], [ [ 73.1369046, 28.1530328, 0.0 ], [ 73.1369278, 28.1530331, 0.0 ], [ 73.1369225, 28.1533364, 0.0 ], [ 73.1368994, 28.1533361, 0.0 ], [ 73.1369046, 28.1530328, 0.0 ] ], [ [ 73.1368486, 28.1530321, 0.0 ], [ 73.1368718, 28.1530324, 0.0 ], [ 73.1368665, 28.1533357, 0.0 ], [ 73.1368434, 28.1533353, 0.0 ], [ 73.1368486, 28.1530321, 0.0 ] ], [ [ 73.1368992, 28.1533445, 0.0 ], [ 73.1369224, 28.1533448, 0.0 ], [ 73.1369171, 28.1536481, 0.0 ], [ 73.136894, 28.1536478, 0.0 ], [ 73.1368992, 28.1533445, 0.0 ] ], [ [ 73.1368432, 28.1533438, 0.0 ], [ 73.1368664, 28.1533441, 0.0 ], [ 73.1368611, 28.1536473, 0.0 ], [ 73.136838, 28.153647, 0.0 ], [ 73.1368432, 28.1533438, 0.0 ] ], [ [ 73.1367926, 28.1530313, 0.0 ], [ 73.1368158, 28.1530316, 0.0 ], [ 73.1368105, 28.1533349, 0.0 ], [ 73.1367874, 28.1533346, 0.0 ], [ 73.1367926, 28.1530313, 0.0 ] ], [ [ 73.1367367, 28.1530305, 0.0 ], [ 73.1367598, 28.1530309, 0.0 ], [ 73.1367545, 28.1533341, 0.0 ], [ 73.1367314, 28.1533338, 0.0 ], [ 73.1367367, 28.1530305, 0.0 ] ], [ [ 73.1367872, 28.153343, 0.0 ], [ 73.1368104, 28.1533433, 0.0 ], [ 73.1368051, 28.1536466, 0.0 ], [ 73.136782, 28.1536463, 0.0 ], [ 73.1367872, 28.153343, 0.0 ] ], [ [ 73.1367313, 28.1533422, 0.0 ], [ 73.1367544, 28.1533425, 0.0 ], [ 73.1367491, 28.1536458, 0.0 ], [ 73.136726, 28.1536455, 0.0 ], [ 73.1367313, 28.1533422, 0.0 ] ], [ [ 73.1366807, 28.1530298, 0.0 ], [ 73.1367038, 28.1530301, 0.0 ], [ 73.1366985, 28.1533334, 0.0 ], [ 73.1366754, 28.1533331, 0.0 ], [ 73.1366807, 28.1530298, 0.0 ] ], [ [ 73.1366247, 28.153029, 0.0 ], [ 73.1366478, 28.1530293, 0.0 ], [ 73.1366426, 28.1533326, 0.0 ], [ 73.1366194, 28.1533323, 0.0 ], [ 73.1366247, 28.153029, 0.0 ] ], [ [ 73.1366753, 28.1533415, 0.0 ], [ 73.1366984, 28.1533418, 0.0 ], [ 73.1366931, 28.1536451, 0.0 ], [ 73.13667, 28.1536447, 0.0 ], [ 73.1366753, 28.1533415, 0.0 ] ], [ [ 73.1366193, 28.1533407, 0.0 ], [ 73.1366424, 28.153341, 0.0 ], [ 73.1366372, 28.1536443, 0.0 ], [ 73.136614, 28.153644, 0.0 ], [ 73.1366193, 28.1533407, 0.0 ] ], [ [ 73.1365687, 28.1530283, 0.0 ], [ 73.1365918, 28.1530286, 0.0 ], [ 73.1365866, 28.1533318, 0.0 ], [ 73.1365634, 28.1533315, 0.0 ], [ 73.1365687, 28.1530283, 0.0 ] ], [ [ 73.1365127, 28.1530275, 0.0 ], [ 73.1365358, 28.1530278, 0.0 ], [ 73.1365306, 28.1533311, 0.0 ], [ 73.1365075, 28.1533308, 0.0 ], [ 73.1365127, 28.1530275, 0.0 ] ], [ [ 73.1365633, 28.1533399, 0.0 ], [ 73.1365864, 28.1533403, 0.0 ], [ 73.1365812, 28.1536435, 0.0 ], [ 73.136558, 28.1536432, 0.0 ], [ 73.1365633, 28.1533399, 0.0 ] ], [ [ 73.1365073, 28.1533392, 0.0 ], [ 73.1365304, 28.1533395, 0.0 ], [ 73.1365252, 28.1536428, 0.0 ], [ 73.1365021, 28.1536425, 0.0 ], [ 73.1365073, 28.1533392, 0.0 ] ], [ [ 73.1364567, 28.1530267, 0.0 ], [ 73.1364798, 28.1530271, 0.0 ], [ 73.1364746, 28.1533303, 0.0 ], [ 73.1364515, 28.15333, 0.0 ], [ 73.1364567, 28.1530267, 0.0 ] ], [ [ 73.1364007, 28.153026, 0.0 ], [ 73.1364239, 28.1530263, 0.0 ], [ 73.1364186, 28.1533296, 0.0 ], [ 73.1363955, 28.1533292, 0.0 ], [ 73.1364007, 28.153026, 0.0 ] ], [ [ 73.1364513, 28.1533384, 0.0 ], [ 73.1364744, 28.1533387, 0.0 ], [ 73.1364692, 28.153642, 0.0 ], [ 73.1364461, 28.1536417, 0.0 ], [ 73.1364513, 28.1533384, 0.0 ] ], [ [ 73.1363953, 28.1533377, 0.0 ], [ 73.1364185, 28.153338, 0.0 ], [ 73.1364132, 28.1536412, 0.0 ], [ 73.1363901, 28.1536409, 0.0 ], [ 73.1363953, 28.1533377, 0.0 ] ], [ [ 73.1363447, 28.1530252, 0.0 ], [ 73.1363679, 28.1530255, 0.0 ], [ 73.1363626, 28.1533288, 0.0 ], [ 73.1363395, 28.1533285, 0.0 ], [ 73.1363447, 28.1530252, 0.0 ] ], [ [ 73.1362888, 28.1530245, 0.0 ], [ 73.1363119, 28.1530248, 0.0 ], [ 73.1363066, 28.153328, 0.0 ], [ 73.1362835, 28.1533277, 0.0 ], [ 73.1362888, 28.1530245, 0.0 ] ], [ [ 73.1363393, 28.1533369, 0.0 ], [ 73.1363625, 28.1533372, 0.0 ], [ 73.1363572, 28.1536405, 0.0 ], [ 73.1363341, 28.1536402, 0.0 ], [ 73.1363393, 28.1533369, 0.0 ] ], [ [ 73.1362834, 28.1533361, 0.0 ], [ 73.1363065, 28.1533365, 0.0 ], [ 73.1363012, 28.1536397, 0.0 ], [ 73.1362781, 28.1536394, 0.0 ], [ 73.1362834, 28.1533361, 0.0 ] ], [ [ 73.1362328, 28.1530237, 0.0 ], [ 73.1362559, 28.153024, 0.0 ], [ 73.1362506, 28.1533273, 0.0 ], [ 73.1362275, 28.153327, 0.0 ], [ 73.1362328, 28.1530237, 0.0 ] ], [ [ 73.1361768, 28.1530229, 0.0 ], [ 73.1361999, 28.1530232, 0.0 ], [ 73.1361947, 28.1533265, 0.0 ], [ 73.1361715, 28.1533262, 0.0 ], [ 73.1361768, 28.1530229, 0.0 ] ], [ [ 73.1362274, 28.1533354, 0.0 ], [ 73.1362505, 28.1533357, 0.0 ], [ 73.1362452, 28.153639, 0.0 ], [ 73.1362221, 28.1536386, 0.0 ], [ 73.1362274, 28.1533354, 0.0 ] ], [ [ 73.1361714, 28.1533346, 0.0 ], [ 73.1361945, 28.1533349, 0.0 ], [ 73.1361893, 28.1536382, 0.0 ], [ 73.1361661, 28.1536379, 0.0 ], [ 73.1361714, 28.1533346, 0.0 ] ], [ [ 73.1361208, 28.1530222, 0.0 ], [ 73.1361439, 28.1530225, 0.0 ], [ 73.1361387, 28.1533257, 0.0 ], [ 73.1361155, 28.1533254, 0.0 ], [ 73.1361208, 28.1530222, 0.0 ] ], [ [ 73.1360648, 28.1530214, 0.0 ], [ 73.1360879, 28.1530217, 0.0 ], [ 73.1360827, 28.153325, 0.0 ], [ 73.1360595, 28.1533247, 0.0 ], [ 73.1360648, 28.1530214, 0.0 ] ], [ [ 73.1361154, 28.1533339, 0.0 ], [ 73.1361385, 28.1533342, 0.0 ], [ 73.1361333, 28.1536374, 0.0 ], [ 73.1361101, 28.1536371, 0.0 ], [ 73.1361154, 28.1533339, 0.0 ] ], [ [ 73.1360594, 28.1533331, 0.0 ], [ 73.1360825, 28.1533334, 0.0 ], [ 73.1360773, 28.1536367, 0.0 ], [ 73.1360541, 28.1536364, 0.0 ], [ 73.1360594, 28.1533331, 0.0 ] ], [ [ 73.1371393, 28.1524164, 0.0 ], [ 73.1371624, 28.1524167, 0.0 ], [ 73.1371572, 28.15272, 0.0 ], [ 73.137134, 28.1527197, 0.0 ], [ 73.1371393, 28.1524164, 0.0 ] ], [ [ 73.1370833, 28.1524157, 0.0 ], [ 73.1371064, 28.152416, 0.0 ], [ 73.1371012, 28.1527192, 0.0 ], [ 73.1370781, 28.1527189, 0.0 ], [ 73.1370833, 28.1524157, 0.0 ] ], [ [ 73.1371339, 28.1527281, 0.0 ], [ 73.137157, 28.1527284, 0.0 ], [ 73.1371518, 28.1530317, 0.0 ], [ 73.1371287, 28.1530314, 0.0 ], [ 73.1371339, 28.1527281, 0.0 ] ], [ [ 73.1370779, 28.1527273, 0.0 ], [ 73.137101, 28.1527277, 0.0 ], [ 73.1370958, 28.1530309, 0.0 ], [ 73.1370727, 28.1530306, 0.0 ], [ 73.1370779, 28.1527273, 0.0 ] ], [ [ 73.1370273, 28.1524149, 0.0 ], [ 73.1370505, 28.1524152, 0.0 ], [ 73.1370452, 28.1527185, 0.0 ], [ 73.1370221, 28.1527182, 0.0 ], [ 73.1370273, 28.1524149, 0.0 ] ], [ [ 73.1369713, 28.1524141, 0.0 ], [ 73.1369945, 28.1524144, 0.0 ], [ 73.1369892, 28.1527177, 0.0 ], [ 73.1369661, 28.1527174, 0.0 ], [ 73.1369713, 28.1524141, 0.0 ] ], [ [ 73.1370219, 28.1527266, 0.0 ], [ 73.1370451, 28.1527269, 0.0 ], [ 73.1370398, 28.1530302, 0.0 ], [ 73.1370167, 28.1530298, 0.0 ], [ 73.1370219, 28.1527266, 0.0 ] ], [ [ 73.1369659, 28.1527258, 0.0 ], [ 73.1369891, 28.1527261, 0.0 ], [ 73.1369838, 28.1530294, 0.0 ], [ 73.1369607, 28.1530291, 0.0 ], [ 73.1369659, 28.1527258, 0.0 ] ], [ [ 73.1369153, 28.1524134, 0.0 ], [ 73.1369385, 28.1524137, 0.0 ], [ 73.1369332, 28.1527169, 0.0 ], [ 73.1369101, 28.1527166, 0.0 ], [ 73.1369153, 28.1524134, 0.0 ] ], [ [ 73.1368594, 28.1524126, 0.0 ], [ 73.1368825, 28.1524129, 0.0 ], [ 73.1368772, 28.1527162, 0.0 ], [ 73.1368541, 28.1527159, 0.0 ], [ 73.1368594, 28.1524126, 0.0 ] ], [ [ 73.13691, 28.1527251, 0.0 ], [ 73.1369331, 28.1527254, 0.0 ], [ 73.1369278, 28.1530286, 0.0 ], [ 73.1369047, 28.1530283, 0.0 ], [ 73.13691, 28.1527251, 0.0 ] ], [ [ 73.136854, 28.1527243, 0.0 ], [ 73.1368771, 28.1527246, 0.0 ], [ 73.1368718, 28.1530279, 0.0 ], [ 73.1368487, 28.1530276, 0.0 ], [ 73.136854, 28.1527243, 0.0 ] ], [ [ 73.1368034, 28.1524118, 0.0 ], [ 73.1368265, 28.1524122, 0.0 ], [ 73.1368212, 28.1527154, 0.0 ], [ 73.1367981, 28.1527151, 0.0 ], [ 73.1368034, 28.1524118, 0.0 ] ], [ [ 73.1367474, 28.1524111, 0.0 ], [ 73.1367705, 28.1524114, 0.0 ], [ 73.1367653, 28.1527147, 0.0 ], [ 73.1367421, 28.1527144, 0.0 ], [ 73.1367474, 28.1524111, 0.0 ] ], [ [ 73.136798, 28.1527235, 0.0 ], [ 73.1368211, 28.1527238, 0.0 ], [ 73.1368159, 28.1530271, 0.0 ], [ 73.1367927, 28.1530268, 0.0 ], [ 73.136798, 28.1527235, 0.0 ] ], [ [ 73.136742, 28.1527228, 0.0 ], [ 73.1367651, 28.1527231, 0.0 ], [ 73.1367599, 28.1530263, 0.0 ], [ 73.1367367, 28.153026, 0.0 ], [ 73.136742, 28.1527228, 0.0 ] ], [ [ 73.1366914, 28.1524103, 0.0 ], [ 73.1367145, 28.1524106, 0.0 ], [ 73.1367093, 28.1527139, 0.0 ], [ 73.1366861, 28.1527136, 0.0 ], [ 73.1366914, 28.1524103, 0.0 ] ], [ [ 73.1366354, 28.1524096, 0.0 ], [ 73.1366585, 28.1524099, 0.0 ], [ 73.1366533, 28.1527131, 0.0 ], [ 73.1366302, 28.1527128, 0.0 ], [ 73.1366354, 28.1524096, 0.0 ] ], [ [ 73.136686, 28.152722, 0.0 ], [ 73.1367091, 28.1527223, 0.0 ], [ 73.1367039, 28.1530256, 0.0 ], [ 73.1366807, 28.1530253, 0.0 ], [ 73.136686, 28.152722, 0.0 ] ], [ [ 73.13663, 28.1527212, 0.0 ], [ 73.1366531, 28.1527216, 0.0 ], [ 73.1366479, 28.1530248, 0.0 ], [ 73.1366248, 28.1530245, 0.0 ], [ 73.13663, 28.1527212, 0.0 ] ], [ [ 73.1365794, 28.1524088, 0.0 ], [ 73.1366026, 28.1524091, 0.0 ], [ 73.1365973, 28.1527124, 0.0 ], [ 73.1365742, 28.1527121, 0.0 ], [ 73.1365794, 28.1524088, 0.0 ] ], [ [ 73.1365234, 28.152408, 0.0 ], [ 73.1365466, 28.1524084, 0.0 ], [ 73.1365413, 28.1527116, 0.0 ], [ 73.1365182, 28.1527113, 0.0 ], [ 73.1365234, 28.152408, 0.0 ] ], [ [ 73.136574, 28.1527205, 0.0 ], [ 73.1365972, 28.1527208, 0.0 ], [ 73.1365919, 28.1530241, 0.0 ], [ 73.1365688, 28.1530237, 0.0 ], [ 73.136574, 28.1527205, 0.0 ] ], [ [ 73.136518, 28.1527197, 0.0 ], [ 73.1365412, 28.15272, 0.0 ], [ 73.1365359, 28.1530233, 0.0 ], [ 73.1365128, 28.153023, 0.0 ], [ 73.136518, 28.1527197, 0.0 ] ], [ [ 73.1364674, 28.1524073, 0.0 ], [ 73.1364906, 28.1524076, 0.0 ], [ 73.1364853, 28.1527109, 0.0 ], [ 73.1364622, 28.1527105, 0.0 ], [ 73.1364674, 28.1524073, 0.0 ] ], [ [ 73.1364115, 28.1524065, 0.0 ], [ 73.1364346, 28.1524068, 0.0 ], [ 73.1364293, 28.1527101, 0.0 ], [ 73.1364062, 28.1527098, 0.0 ], [ 73.1364115, 28.1524065, 0.0 ] ], [ [ 73.136462, 28.152719, 0.0 ], [ 73.1364852, 28.1527193, 0.0 ], [ 73.1364799, 28.1530225, 0.0 ], [ 73.1364568, 28.1530222, 0.0 ], [ 73.136462, 28.152719, 0.0 ] ], [ [ 73.1364061, 28.1527182, 0.0 ], [ 73.1364292, 28.1527185, 0.0 ], [ 73.1364239, 28.1530218, 0.0 ], [ 73.1364008, 28.1530215, 0.0 ], [ 73.1364061, 28.1527182, 0.0 ] ], [ [ 73.1363555, 28.1524058, 0.0 ], [ 73.1363786, 28.1524061, 0.0 ], [ 73.1363733, 28.1527093, 0.0 ], [ 73.1363502, 28.152709, 0.0 ], [ 73.1363555, 28.1524058, 0.0 ] ], [ [ 73.1362995, 28.152405, 0.0 ], [ 73.1363226, 28.1524053, 0.0 ], [ 73.1363174, 28.1527086, 0.0 ], [ 73.1362942, 28.1527083, 0.0 ], [ 73.1362995, 28.152405, 0.0 ] ], [ [ 73.1363501, 28.1527174, 0.0 ], [ 73.1363732, 28.1527178, 0.0 ], [ 73.1363679, 28.153021, 0.0 ], [ 73.1363448, 28.1530207, 0.0 ], [ 73.1363501, 28.1527174, 0.0 ] ], [ [ 73.1362941, 28.1527167, 0.0 ], [ 73.1363172, 28.152717, 0.0 ], [ 73.136312, 28.1530203, 0.0 ], [ 73.1362888, 28.1530199, 0.0 ], [ 73.1362941, 28.1527167, 0.0 ] ], [ [ 73.1362435, 28.1524042, 0.0 ], [ 73.1362666, 28.1524045, 0.0 ], [ 73.1362614, 28.1527078, 0.0 ], [ 73.1362382, 28.1527075, 0.0 ], [ 73.1362435, 28.1524042, 0.0 ] ], [ [ 73.1361875, 28.1524035, 0.0 ], [ 73.1362106, 28.1524038, 0.0 ], [ 73.1362054, 28.152707, 0.0 ], [ 73.1361823, 28.1527067, 0.0 ], [ 73.1361875, 28.1524035, 0.0 ] ], [ [ 73.1362381, 28.1527159, 0.0 ], [ 73.1362612, 28.1527162, 0.0 ], [ 73.136256, 28.1530195, 0.0 ], [ 73.1362328, 28.1530192, 0.0 ], [ 73.1362381, 28.1527159, 0.0 ] ], [ [ 73.1361821, 28.1527152, 0.0 ], [ 73.1362052, 28.1527155, 0.0 ], [ 73.1362, 28.1530187, 0.0 ], [ 73.1361769, 28.1530184, 0.0 ], [ 73.1361821, 28.1527152, 0.0 ] ], [ [ 73.1361315, 28.1524027, 0.0 ], [ 73.1361547, 28.152403, 0.0 ], [ 73.1361494, 28.1527063, 0.0 ], [ 73.1361263, 28.152706, 0.0 ], [ 73.1361315, 28.1524027, 0.0 ] ], [ [ 73.1360755, 28.1524019, 0.0 ], [ 73.1360987, 28.1524023, 0.0 ], [ 73.1360934, 28.1527055, 0.0 ], [ 73.1360703, 28.1527052, 0.0 ], [ 73.1360755, 28.1524019, 0.0 ] ], [ [ 73.1361261, 28.1527144, 0.0 ], [ 73.1361493, 28.1527147, 0.0 ], [ 73.136144, 28.153018, 0.0 ], [ 73.1361209, 28.1530177, 0.0 ], [ 73.1361261, 28.1527144, 0.0 ] ], [ [ 73.1360701, 28.1527136, 0.0 ], [ 73.1360933, 28.1527139, 0.0 ], [ 73.136088, 28.1530172, 0.0 ], [ 73.1360649, 28.1530169, 0.0 ], [ 73.1360701, 28.1527136, 0.0 ] ], [ [ 73.138072, 28.1567664, 0.0 ], [ 73.1380952, 28.1567667, 0.0 ], [ 73.1380899, 28.1570699, 0.0 ], [ 73.1380668, 28.1570696, 0.0 ], [ 73.138072, 28.1567664, 0.0 ] ], [ [ 73.138016, 28.1567656, 0.0 ], [ 73.1380392, 28.1567659, 0.0 ], [ 73.1380339, 28.1570692, 0.0 ], [ 73.1380108, 28.1570689, 0.0 ], [ 73.138016, 28.1567656, 0.0 ] ], [ [ 73.1380666, 28.157078, 0.0 ], [ 73.1380898, 28.1570784, 0.0 ], [ 73.1380845, 28.1573816, 0.0 ], [ 73.1380614, 28.1573813, 0.0 ], [ 73.1380666, 28.157078, 0.0 ] ], [ [ 73.1380106, 28.1570773, 0.0 ], [ 73.1380338, 28.1570776, 0.0 ], [ 73.1380285, 28.1573809, 0.0 ], [ 73.1380054, 28.1573805, 0.0 ], [ 73.1380106, 28.1570773, 0.0 ] ], [ [ 73.1379601, 28.1567648, 0.0 ], [ 73.1379832, 28.1567651, 0.0 ], [ 73.1379779, 28.1570684, 0.0 ], [ 73.1379548, 28.1570681, 0.0 ], [ 73.1379601, 28.1567648, 0.0 ] ], [ [ 73.1379041, 28.1567641, 0.0 ], [ 73.1379272, 28.1567644, 0.0 ], [ 73.1379219, 28.1570677, 0.0 ], [ 73.1378988, 28.1570673, 0.0 ], [ 73.1379041, 28.1567641, 0.0 ] ], [ [ 73.1379547, 28.1570765, 0.0 ], [ 73.1379778, 28.1570768, 0.0 ], [ 73.1379725, 28.1573801, 0.0 ], [ 73.1379494, 28.1573798, 0.0 ], [ 73.1379547, 28.1570765, 0.0 ] ], [ [ 73.1378987, 28.1570758, 0.0 ], [ 73.1379218, 28.1570761, 0.0 ], [ 73.1379165, 28.1573793, 0.0 ], [ 73.1378934, 28.157379, 0.0 ], [ 73.1378987, 28.1570758, 0.0 ] ], [ [ 73.1378481, 28.1567633, 0.0 ], [ 73.1378712, 28.1567636, 0.0 ], [ 73.137866, 28.1570669, 0.0 ], [ 73.1378428, 28.1570666, 0.0 ], [ 73.1378481, 28.1567633, 0.0 ] ], [ [ 73.1377921, 28.1567626, 0.0 ], [ 73.1378152, 28.1567629, 0.0 ], [ 73.13781, 28.1570661, 0.0 ], [ 73.1377868, 28.1570658, 0.0 ], [ 73.1377921, 28.1567626, 0.0 ] ], [ [ 73.1378427, 28.157075, 0.0 ], [ 73.1378658, 28.1570753, 0.0 ], [ 73.1378606, 28.1573786, 0.0 ], [ 73.1378374, 28.1573783, 0.0 ], [ 73.1378427, 28.157075, 0.0 ] ], [ [ 73.1377867, 28.1570742, 0.0 ], [ 73.1378098, 28.1570745, 0.0 ], [ 73.1378046, 28.1573778, 0.0 ], [ 73.1377814, 28.1573775, 0.0 ], [ 73.1377867, 28.1570742, 0.0 ] ], [ [ 73.1377361, 28.1567618, 0.0 ], [ 73.1377592, 28.1567621, 0.0 ], [ 73.137754, 28.1570654, 0.0 ], [ 73.1377308, 28.1570651, 0.0 ], [ 73.1377361, 28.1567618, 0.0 ] ], [ [ 73.1376801, 28.156761, 0.0 ], [ 73.1377032, 28.1567613, 0.0 ], [ 73.137698, 28.1570646, 0.0 ], [ 73.1376749, 28.1570643, 0.0 ], [ 73.1376801, 28.156761, 0.0 ] ], [ [ 73.1377307, 28.1570735, 0.0 ], [ 73.1377538, 28.1570738, 0.0 ], [ 73.1377486, 28.1573771, 0.0 ], [ 73.1377254, 28.1573767, 0.0 ], [ 73.1377307, 28.1570735, 0.0 ] ], [ [ 73.1376747, 28.1570727, 0.0 ], [ 73.1376978, 28.157073, 0.0 ], [ 73.1376926, 28.1573763, 0.0 ], [ 73.1376695, 28.157376, 0.0 ], [ 73.1376747, 28.1570727, 0.0 ] ], [ [ 73.1376241, 28.1567603, 0.0 ], [ 73.1376472, 28.1567606, 0.0 ], [ 73.137642, 28.1570638, 0.0 ], [ 73.1376189, 28.1570635, 0.0 ], [ 73.1376241, 28.1567603, 0.0 ] ], [ [ 73.1375681, 28.1567595, 0.0 ], [ 73.1375913, 28.1567598, 0.0 ], [ 73.137586, 28.1570631, 0.0 ], [ 73.1375629, 28.1570628, 0.0 ], [ 73.1375681, 28.1567595, 0.0 ] ], [ [ 73.1376187, 28.157072, 0.0 ], [ 73.1376418, 28.1570723, 0.0 ], [ 73.1376366, 28.1573755, 0.0 ], [ 73.1376135, 28.1573752, 0.0 ], [ 73.1376187, 28.157072, 0.0 ] ], [ [ 73.1375627, 28.1570712, 0.0 ], [ 73.1375859, 28.1570715, 0.0 ], [ 73.1375806, 28.1573748, 0.0 ], [ 73.1375575, 28.1573745, 0.0 ], [ 73.1375627, 28.1570712, 0.0 ] ], [ [ 73.1375121, 28.1567587, 0.0 ], [ 73.1375353, 28.1567591, 0.0 ], [ 73.13753, 28.1570623, 0.0 ], [ 73.1375069, 28.157062, 0.0 ], [ 73.1375121, 28.1567587, 0.0 ] ], [ [ 73.1374561, 28.156758, 0.0 ], [ 73.1374793, 28.1567583, 0.0 ], [ 73.137474, 28.1570616, 0.0 ], [ 73.1374509, 28.1570612, 0.0 ], [ 73.1374561, 28.156758, 0.0 ] ], [ [ 73.1375067, 28.1570704, 0.0 ], [ 73.1375299, 28.1570707, 0.0 ], [ 73.1375246, 28.157374, 0.0 ], [ 73.1375015, 28.1573737, 0.0 ], [ 73.1375067, 28.1570704, 0.0 ] ], [ [ 73.1374507, 28.1570697, 0.0 ], [ 73.1374739, 28.15707, 0.0 ], [ 73.1374686, 28.1573732, 0.0 ], [ 73.1374455, 28.1573729, 0.0 ], [ 73.1374507, 28.1570697, 0.0 ] ], [ [ 73.1380828, 28.1561469, 0.0 ], [ 73.1381059, 28.1561472, 0.0 ], [ 73.1381006, 28.1564505, 0.0 ], [ 73.1380775, 28.1564502, 0.0 ], [ 73.1380828, 28.1561469, 0.0 ] ], [ [ 73.1380268, 28.1561461, 0.0 ], [ 73.1380499, 28.1561464, 0.0 ], [ 73.1380446, 28.1564497, 0.0 ], [ 73.1380215, 28.1564494, 0.0 ], [ 73.1380268, 28.1561461, 0.0 ] ], [ [ 73.1380774, 28.1564586, 0.0 ], [ 73.1381005, 28.1564589, 0.0 ], [ 73.1380952, 28.1567622, 0.0 ], [ 73.1380721, 28.1567618, 0.0 ], [ 73.1380774, 28.1564586, 0.0 ] ], [ [ 73.1380214, 28.1564578, 0.0 ], [ 73.1380445, 28.1564581, 0.0 ], [ 73.1380392, 28.1567614, 0.0 ], [ 73.1380161, 28.1567611, 0.0 ], [ 73.1380214, 28.1564578, 0.0 ] ], [ [ 73.1379708, 28.1561454, 0.0 ], [ 73.1379939, 28.1561457, 0.0 ], [ 73.1379887, 28.156449, 0.0 ], [ 73.1379655, 28.1564486, 0.0 ], [ 73.1379708, 28.1561454, 0.0 ] ], [ [ 73.1379148, 28.1561446, 0.0 ], [ 73.1379379, 28.1561449, 0.0 ], [ 73.1379327, 28.1564482, 0.0 ], [ 73.1379095, 28.1564479, 0.0 ], [ 73.1379148, 28.1561446, 0.0 ] ], [ [ 73.1379654, 28.1564571, 0.0 ], [ 73.1379885, 28.1564574, 0.0 ], [ 73.1379833, 28.1567606, 0.0 ], [ 73.1379601, 28.1567603, 0.0 ], [ 73.1379654, 28.1564571, 0.0 ] ], [ [ 73.1379094, 28.1564563, 0.0 ], [ 73.1379325, 28.1564566, 0.0 ], [ 73.1379273, 28.1567599, 0.0 ], [ 73.1379041, 28.1567596, 0.0 ], [ 73.1379094, 28.1564563, 0.0 ] ], [ [ 73.1378588, 28.1561438, 0.0 ], [ 73.1378819, 28.1561442, 0.0 ], [ 73.1378767, 28.1564474, 0.0 ], [ 73.1378535, 28.1564471, 0.0 ], [ 73.1378588, 28.1561438, 0.0 ] ], [ [ 73.1378028, 28.1561431, 0.0 ], [ 73.1378259, 28.1561434, 0.0 ], [ 73.1378207, 28.1564467, 0.0 ], [ 73.1377976, 28.1564464, 0.0 ], [ 73.1378028, 28.1561431, 0.0 ] ], [ [ 73.1378534, 28.1564555, 0.0 ], [ 73.1378765, 28.1564558, 0.0 ], [ 73.1378713, 28.1567591, 0.0 ], [ 73.1378481, 28.1567588, 0.0 ], [ 73.1378534, 28.1564555, 0.0 ] ], [ [ 73.1377974, 28.1564548, 0.0 ], [ 73.1378205, 28.1564551, 0.0 ], [ 73.1378153, 28.1567584, 0.0 ], [ 73.1377922, 28.156758, 0.0 ], [ 73.1377974, 28.1564548, 0.0 ] ], [ [ 73.1377468, 28.1561423, 0.0 ], [ 73.1377699, 28.1561426, 0.0 ], [ 73.1377647, 28.1564459, 0.0 ], [ 73.1377416, 28.1564456, 0.0 ], [ 73.1377468, 28.1561423, 0.0 ] ], [ [ 73.1376908, 28.1561416, 0.0 ], [ 73.137714, 28.1561419, 0.0 ], [ 73.1377087, 28.1564451, 0.0 ], [ 73.1376856, 28.1564448, 0.0 ], [ 73.1376908, 28.1561416, 0.0 ] ], [ [ 73.1377414, 28.156454, 0.0 ], [ 73.1377645, 28.1564543, 0.0 ], [ 73.1377593, 28.1567576, 0.0 ], [ 73.1377362, 28.1567573, 0.0 ], [ 73.1377414, 28.156454, 0.0 ] ], [ [ 73.1376854, 28.1564532, 0.0 ], [ 73.1377086, 28.1564536, 0.0 ], [ 73.1377033, 28.1567568, 0.0 ], [ 73.1376802, 28.1567565, 0.0 ], [ 73.1376854, 28.1564532, 0.0 ] ], [ [ 73.1376348, 28.1561408, 0.0 ], [ 73.137658, 28.1561411, 0.0 ], [ 73.1376527, 28.1564444, 0.0 ], [ 73.1376296, 28.1564441, 0.0 ], [ 73.1376348, 28.1561408, 0.0 ] ], [ [ 73.1375788, 28.15614, 0.0 ], [ 73.137602, 28.1561404, 0.0 ], [ 73.1375967, 28.1564436, 0.0 ], [ 73.1375736, 28.1564433, 0.0 ], [ 73.1375788, 28.15614, 0.0 ] ], [ [ 73.1376294, 28.1564525, 0.0 ], [ 73.1376526, 28.1564528, 0.0 ], [ 73.1376473, 28.1567561, 0.0 ], [ 73.1376242, 28.1567558, 0.0 ], [ 73.1376294, 28.1564525, 0.0 ] ], [ [ 73.1375735, 28.1564517, 0.0 ], [ 73.1375966, 28.156452, 0.0 ], [ 73.1375913, 28.1567553, 0.0 ], [ 73.1375682, 28.156755, 0.0 ], [ 73.1375735, 28.1564517, 0.0 ] ], [ [ 73.1375229, 28.1561393, 0.0 ], [ 73.137546, 28.1561396, 0.0 ], [ 73.1375407, 28.1564429, 0.0 ], [ 73.1375176, 28.1564425, 0.0 ], [ 73.1375229, 28.1561393, 0.0 ] ], [ [ 73.1374669, 28.1561385, 0.0 ], [ 73.13749, 28.1561388, 0.0 ], [ 73.1374847, 28.1564421, 0.0 ], [ 73.1374616, 28.1564418, 0.0 ], [ 73.1374669, 28.1561385, 0.0 ] ], [ [ 73.1375175, 28.156451, 0.0 ], [ 73.1375406, 28.1564513, 0.0 ], [ 73.1375353, 28.1567545, 0.0 ], [ 73.1375122, 28.1567542, 0.0 ], [ 73.1375175, 28.156451, 0.0 ] ], [ [ 73.1374615, 28.1564502, 0.0 ], [ 73.1374846, 28.1564505, 0.0 ], [ 73.1374793, 28.1567538, 0.0 ], [ 73.1374562, 28.1567535, 0.0 ], [ 73.1374615, 28.1564502, 0.0 ] ], [ [ 73.1374109, 28.1561378, 0.0 ], [ 73.137434, 28.1561381, 0.0 ], [ 73.1374288, 28.1564413, 0.0 ], [ 73.1374056, 28.156441, 0.0 ], [ 73.1374109, 28.1561378, 0.0 ] ], [ [ 73.1373549, 28.156137, 0.0 ], [ 73.137378, 28.1561373, 0.0 ], [ 73.1373728, 28.1564406, 0.0 ], [ 73.1373496, 28.1564403, 0.0 ], [ 73.1373549, 28.156137, 0.0 ] ], [ [ 73.1374055, 28.1564494, 0.0 ], [ 73.1374286, 28.1564498, 0.0 ], [ 73.1374234, 28.156753, 0.0 ], [ 73.1374002, 28.1567527, 0.0 ], [ 73.1374055, 28.1564494, 0.0 ] ], [ [ 73.1373495, 28.1564487, 0.0 ], [ 73.1373726, 28.156449, 0.0 ], [ 73.1373674, 28.1567523, 0.0 ], [ 73.1373442, 28.1567519, 0.0 ], [ 73.1373495, 28.1564487, 0.0 ] ], [ [ 73.1372989, 28.1561362, 0.0 ], [ 73.137322, 28.1561365, 0.0 ], [ 73.1373168, 28.1564398, 0.0 ], [ 73.1372936, 28.1564395, 0.0 ], [ 73.1372989, 28.1561362, 0.0 ] ], [ [ 73.1372429, 28.1561355, 0.0 ], [ 73.137266, 28.1561358, 0.0 ], [ 73.1372608, 28.1564391, 0.0 ], [ 73.1372377, 28.1564387, 0.0 ], [ 73.1372429, 28.1561355, 0.0 ] ], [ [ 73.1372935, 28.1564479, 0.0 ], [ 73.1373166, 28.1564482, 0.0 ], [ 73.1373114, 28.1567515, 0.0 ], [ 73.1372883, 28.1567512, 0.0 ], [ 73.1372935, 28.1564479, 0.0 ] ], [ [ 73.1372375, 28.1564472, 0.0 ], [ 73.1372606, 28.1564475, 0.0 ], [ 73.1372554, 28.1567507, 0.0 ], [ 73.1372323, 28.1567504, 0.0 ], [ 73.1372375, 28.1564472, 0.0 ] ], [ [ 73.1371869, 28.1561347, 0.0 ], [ 73.13721, 28.156135, 0.0 ], [ 73.1372048, 28.1564383, 0.0 ], [ 73.1371817, 28.156438, 0.0 ], [ 73.1371869, 28.1561347, 0.0 ] ], [ [ 73.1371309, 28.156134, 0.0 ], [ 73.1371541, 28.1561343, 0.0 ], [ 73.1371488, 28.1564375, 0.0 ], [ 73.1371257, 28.1564372, 0.0 ], [ 73.1371309, 28.156134, 0.0 ] ], [ [ 73.1371815, 28.1564464, 0.0 ], [ 73.1372047, 28.1564467, 0.0 ], [ 73.1371994, 28.15675, 0.0 ], [ 73.1371763, 28.1567497, 0.0 ], [ 73.1371815, 28.1564464, 0.0 ] ], [ [ 73.1371255, 28.1564456, 0.0 ], [ 73.1371487, 28.1564459, 0.0 ], [ 73.1371434, 28.1567492, 0.0 ], [ 73.1371203, 28.1567489, 0.0 ], [ 73.1371255, 28.1564456, 0.0 ] ], [ [ 73.1380935, 28.1555274, 0.0 ], [ 73.1381166, 28.1555277, 0.0 ], [ 73.1381114, 28.155831, 0.0 ], [ 73.1380882, 28.1558307, 0.0 ], [ 73.1380935, 28.1555274, 0.0 ] ], [ [ 73.1380375, 28.1555267, 0.0 ], [ 73.1380606, 28.155527, 0.0 ], [ 73.1380554, 28.1558303, 0.0 ], [ 73.1380322, 28.1558299, 0.0 ], [ 73.1380375, 28.1555267, 0.0 ] ], [ [ 73.1380881, 28.1558391, 0.0 ], [ 73.1381112, 28.1558394, 0.0 ], [ 73.138106, 28.1561427, 0.0 ], [ 73.1380828, 28.1561424, 0.0 ], [ 73.1380881, 28.1558391, 0.0 ] ], [ [ 73.1380321, 28.1558384, 0.0 ], [ 73.1380552, 28.1558387, 0.0 ], [ 73.13805, 28.1561419, 0.0 ], [ 73.1380268, 28.1561416, 0.0 ], [ 73.1380321, 28.1558384, 0.0 ] ], [ [ 73.1379815, 28.1555259, 0.0 ], [ 73.1380046, 28.1555262, 0.0 ], [ 73.1379994, 28.1558295, 0.0 ], [ 73.1379762, 28.1558292, 0.0 ], [ 73.1379815, 28.1555259, 0.0 ] ], [ [ 73.1379255, 28.1555251, 0.0 ], [ 73.1379486, 28.1555255, 0.0 ], [ 73.1379434, 28.1558287, 0.0 ], [ 73.1379203, 28.1558284, 0.0 ], [ 73.1379255, 28.1555251, 0.0 ] ], [ [ 73.1379761, 28.1558376, 0.0 ], [ 73.1379992, 28.1558379, 0.0 ], [ 73.137994, 28.1561412, 0.0 ], [ 73.1379709, 28.1561409, 0.0 ], [ 73.1379761, 28.1558376, 0.0 ] ], [ [ 73.1379201, 28.1558368, 0.0 ], [ 73.1379432, 28.1558371, 0.0 ], [ 73.137938, 28.1561404, 0.0 ], [ 73.1379149, 28.1561401, 0.0 ], [ 73.1379201, 28.1558368, 0.0 ] ], [ [ 73.1378695, 28.1555244, 0.0 ], [ 73.1378926, 28.1555247, 0.0 ], [ 73.1378874, 28.155828, 0.0 ], [ 73.1378643, 28.1558277, 0.0 ], [ 73.1378695, 28.1555244, 0.0 ] ], [ [ 73.1378135, 28.1555236, 0.0 ], [ 73.1378367, 28.1555239, 0.0 ], [ 73.1378314, 28.1558272, 0.0 ], [ 73.1378083, 28.1558269, 0.0 ], [ 73.1378135, 28.1555236, 0.0 ] ], [ [ 73.1378641, 28.1558361, 0.0 ], [ 73.1378873, 28.1558364, 0.0 ], [ 73.137882, 28.1561397, 0.0 ], [ 73.1378589, 28.1561393, 0.0 ], [ 73.1378641, 28.1558361, 0.0 ] ], [ [ 73.1378081, 28.1558353, 0.0 ], [ 73.1378313, 28.1558356, 0.0 ], [ 73.137826, 28.1561389, 0.0 ], [ 73.1378029, 28.1561386, 0.0 ], [ 73.1378081, 28.1558353, 0.0 ] ], [ [ 73.1377575, 28.1555229, 0.0 ], [ 73.1377807, 28.1555232, 0.0 ], [ 73.1377754, 28.1558264, 0.0 ], [ 73.1377523, 28.1558261, 0.0 ], [ 73.1377575, 28.1555229, 0.0 ] ], [ [ 73.1377015, 28.1555221, 0.0 ], [ 73.1377247, 28.1555224, 0.0 ], [ 73.1377194, 28.1558257, 0.0 ], [ 73.1376963, 28.1558254, 0.0 ], [ 73.1377015, 28.1555221, 0.0 ] ], [ [ 73.1377521, 28.1558345, 0.0 ], [ 73.1377753, 28.1558349, 0.0 ], [ 73.13777, 28.1561381, 0.0 ], [ 73.1377469, 28.1561378, 0.0 ], [ 73.1377521, 28.1558345, 0.0 ] ], [ [ 73.1376962, 28.1558338, 0.0 ], [ 73.1377193, 28.1558341, 0.0 ], [ 73.137714, 28.1561374, 0.0 ], [ 73.1376909, 28.1561371, 0.0 ], [ 73.1376962, 28.1558338, 0.0 ] ], [ [ 73.1376456, 28.1555213, 0.0 ], [ 73.1376687, 28.1555217, 0.0 ], [ 73.1376634, 28.1558249, 0.0 ], [ 73.1376403, 28.1558246, 0.0 ], [ 73.1376456, 28.1555213, 0.0 ] ], [ [ 73.1375896, 28.1555206, 0.0 ], [ 73.1376127, 28.1555209, 0.0 ], [ 73.1376074, 28.1558242, 0.0 ], [ 73.1375843, 28.1558238, 0.0 ], [ 73.1375896, 28.1555206, 0.0 ] ], [ [ 73.1376402, 28.155833, 0.0 ], [ 73.1376633, 28.1558333, 0.0 ], [ 73.137658, 28.1561366, 0.0 ], [ 73.1376349, 28.1561363, 0.0 ], [ 73.1376402, 28.155833, 0.0 ] ], [ [ 73.1375842, 28.1558323, 0.0 ], [ 73.1376073, 28.1558326, 0.0 ], [ 73.1376021, 28.1561358, 0.0 ], [ 73.1375789, 28.1561355, 0.0 ], [ 73.1375842, 28.1558323, 0.0 ] ], [ [ 73.1375336, 28.1555198, 0.0 ], [ 73.1375567, 28.1555201, 0.0 ], [ 73.1375515, 28.1558234, 0.0 ], [ 73.1375283, 28.1558231, 0.0 ], [ 73.1375336, 28.1555198, 0.0 ] ], [ [ 73.1374776, 28.1555191, 0.0 ], [ 73.1375007, 28.1555194, 0.0 ], [ 73.1374955, 28.1558226, 0.0 ], [ 73.1374723, 28.1558223, 0.0 ], [ 73.1374776, 28.1555191, 0.0 ] ], [ [ 73.1375282, 28.1558315, 0.0 ], [ 73.1375513, 28.1558318, 0.0 ], [ 73.1375461, 28.1561351, 0.0 ], [ 73.1375229, 28.1561348, 0.0 ], [ 73.1375282, 28.1558315, 0.0 ] ], [ [ 73.1374722, 28.1558307, 0.0 ], [ 73.1374953, 28.1558311, 0.0 ], [ 73.1374901, 28.1561343, 0.0 ], [ 73.1374669, 28.156134, 0.0 ], [ 73.1374722, 28.1558307, 0.0 ] ], [ [ 73.1374216, 28.1555183, 0.0 ], [ 73.1374447, 28.1555186, 0.0 ], [ 73.1374395, 28.1558219, 0.0 ], [ 73.1374164, 28.1558216, 0.0 ], [ 73.1374216, 28.1555183, 0.0 ] ], [ [ 73.1373656, 28.1555175, 0.0 ], [ 73.1373887, 28.1555178, 0.0 ], [ 73.1373835, 28.1558211, 0.0 ], [ 73.1373604, 28.1558208, 0.0 ], [ 73.1373656, 28.1555175, 0.0 ] ], [ [ 73.1374162, 28.15583, 0.0 ], [ 73.1374393, 28.1558303, 0.0 ], [ 73.1374341, 28.1561336, 0.0 ], [ 73.137411, 28.1561332, 0.0 ], [ 73.1374162, 28.15583, 0.0 ] ], [ [ 73.1373602, 28.1558292, 0.0 ], [ 73.1373833, 28.1558295, 0.0 ], [ 73.1373781, 28.1561328, 0.0 ], [ 73.137355, 28.1561325, 0.0 ], [ 73.1373602, 28.1558292, 0.0 ] ], [ [ 73.1373096, 28.1555168, 0.0 ], [ 73.1373328, 28.1555171, 0.0 ], [ 73.1373275, 28.1558204, 0.0 ], [ 73.1373044, 28.15582, 0.0 ], [ 73.1373096, 28.1555168, 0.0 ] ], [ [ 73.1372536, 28.155516, 0.0 ], [ 73.1372768, 28.1555163, 0.0 ], [ 73.1372715, 28.1558196, 0.0 ], [ 73.1372484, 28.1558193, 0.0 ], [ 73.1372536, 28.155516, 0.0 ] ], [ [ 73.1373042, 28.1558285, 0.0 ], [ 73.1373274, 28.1558288, 0.0 ], [ 73.1373221, 28.156132, 0.0 ], [ 73.137299, 28.1561317, 0.0 ], [ 73.1373042, 28.1558285, 0.0 ] ], [ [ 73.1372482, 28.1558277, 0.0 ], [ 73.1372714, 28.155828, 0.0 ], [ 73.1372661, 28.1561313, 0.0 ], [ 73.137243, 28.156131, 0.0 ], [ 73.1372482, 28.1558277, 0.0 ] ], [ [ 73.1371976, 28.1555152, 0.0 ], [ 73.1372208, 28.1555156, 0.0 ], [ 73.1372155, 28.1558188, 0.0 ], [ 73.1371924, 28.1558185, 0.0 ], [ 73.1371976, 28.1555152, 0.0 ] ], [ [ 73.1371417, 28.1555145, 0.0 ], [ 73.1371648, 28.1555148, 0.0 ], [ 73.1371595, 28.1558181, 0.0 ], [ 73.1371364, 28.1558178, 0.0 ], [ 73.1371417, 28.1555145, 0.0 ] ], [ [ 73.1371922, 28.1558269, 0.0 ], [ 73.1372154, 28.1558272, 0.0 ], [ 73.1372101, 28.1561305, 0.0 ], [ 73.137187, 28.1561302, 0.0 ], [ 73.1371922, 28.1558269, 0.0 ] ], [ [ 73.1371363, 28.1558262, 0.0 ], [ 73.1371594, 28.1558265, 0.0 ], [ 73.1371541, 28.1561298, 0.0 ], [ 73.137131, 28.1561294, 0.0 ], [ 73.1371363, 28.1558262, 0.0 ] ], [ [ 73.1381042, 28.154908, 0.0 ], [ 73.1381273, 28.1549083, 0.0 ], [ 73.1381221, 28.1552116, 0.0 ], [ 73.1380989, 28.1552112, 0.0 ], [ 73.1381042, 28.154908, 0.0 ] ], [ [ 73.1380482, 28.1549072, 0.0 ], [ 73.1380713, 28.1549075, 0.0 ], [ 73.1380661, 28.1552108, 0.0 ], [ 73.138043, 28.1552105, 0.0 ], [ 73.1380482, 28.1549072, 0.0 ] ], [ [ 73.1380988, 28.1552197, 0.0 ], [ 73.1381219, 28.15522, 0.0 ], [ 73.1381167, 28.1555232, 0.0 ], [ 73.1380936, 28.1555229, 0.0 ], [ 73.1380988, 28.1552197, 0.0 ] ], [ [ 73.1380428, 28.1552189, 0.0 ], [ 73.1380659, 28.1552192, 0.0 ], [ 73.1380607, 28.1555225, 0.0 ], [ 73.1380376, 28.1555222, 0.0 ], [ 73.1380428, 28.1552189, 0.0 ] ], [ [ 73.1378802, 28.1549049, 0.0 ], [ 73.1379034, 28.1549052, 0.0 ], [ 73.1378981, 28.1552085, 0.0 ], [ 73.137875, 28.1552082, 0.0 ], [ 73.1378802, 28.1549049, 0.0 ] ], [ [ 73.1378243, 28.1549042, 0.0 ], [ 73.1378474, 28.1549045, 0.0 ], [ 73.1378421, 28.1552077, 0.0 ], [ 73.137819, 28.1552074, 0.0 ], [ 73.1378243, 28.1549042, 0.0 ] ], [ [ 73.1378748, 28.1552166, 0.0 ], [ 73.137898, 28.1552169, 0.0 ], [ 73.1378927, 28.1555202, 0.0 ], [ 73.1378696, 28.1555199, 0.0 ], [ 73.1378748, 28.1552166, 0.0 ] ], [ [ 73.1378189, 28.1552158, 0.0 ], [ 73.137842, 28.1552162, 0.0 ], [ 73.1378367, 28.1555194, 0.0 ], [ 73.1378136, 28.1555191, 0.0 ], [ 73.1378189, 28.1552158, 0.0 ] ], [ [ 73.1377683, 28.1549034, 0.0 ], [ 73.1377914, 28.1549037, 0.0 ], [ 73.1377861, 28.155207, 0.0 ], [ 73.137763, 28.1552067, 0.0 ], [ 73.1377683, 28.1549034, 0.0 ] ], [ [ 73.1377123, 28.1549026, 0.0 ], [ 73.1377354, 28.154903, 0.0 ], [ 73.1377302, 28.1552062, 0.0 ], [ 73.137707, 28.1552059, 0.0 ], [ 73.1377123, 28.1549026, 0.0 ] ], [ [ 73.1377629, 28.1552151, 0.0 ], [ 73.137786, 28.1552154, 0.0 ], [ 73.1377807, 28.1555187, 0.0 ], [ 73.1377576, 28.1555184, 0.0 ], [ 73.1377629, 28.1552151, 0.0 ] ], [ [ 73.1377069, 28.1552143, 0.0 ], [ 73.13773, 28.1552146, 0.0 ], [ 73.1377248, 28.1555179, 0.0 ], [ 73.1377016, 28.1555176, 0.0 ], [ 73.1377069, 28.1552143, 0.0 ] ], [ [ 73.1376563, 28.1549019, 0.0 ], [ 73.1376794, 28.1549022, 0.0 ], [ 73.1376742, 28.1552055, 0.0 ], [ 73.137651, 28.1552051, 0.0 ], [ 73.1376563, 28.1549019, 0.0 ] ], [ [ 73.1376003, 28.1549011, 0.0 ], [ 73.1376234, 28.1549014, 0.0 ], [ 73.1376182, 28.1552047, 0.0 ], [ 73.137595, 28.1552044, 0.0 ], [ 73.1376003, 28.1549011, 0.0 ] ], [ [ 73.1376509, 28.1552136, 0.0 ], [ 73.137674, 28.1552139, 0.0 ], [ 73.1376688, 28.1555171, 0.0 ], [ 73.1376456, 28.1555168, 0.0 ], [ 73.1376509, 28.1552136, 0.0 ] ], [ [ 73.1375949, 28.1552128, 0.0 ], [ 73.137618, 28.1552131, 0.0 ], [ 73.1376128, 28.1555164, 0.0 ], [ 73.1375896, 28.1555161, 0.0 ], [ 73.1375949, 28.1552128, 0.0 ] ], [ [ 73.1375443, 28.1549004, 0.0 ], [ 73.1375674, 28.1549007, 0.0 ], [ 73.1375622, 28.1552039, 0.0 ], [ 73.1375391, 28.1552036, 0.0 ], [ 73.1375443, 28.1549004, 0.0 ] ], [ [ 73.1374883, 28.1548996, 0.0 ], [ 73.1375114, 28.1548999, 0.0 ], [ 73.1375062, 28.1552032, 0.0 ], [ 73.1374831, 28.1552029, 0.0 ], [ 73.1374883, 28.1548996, 0.0 ] ], [ [ 73.1375389, 28.155212, 0.0 ], [ 73.137562, 28.1552124, 0.0 ], [ 73.1375568, 28.1555156, 0.0 ], [ 73.1375337, 28.1555153, 0.0 ], [ 73.1375389, 28.155212, 0.0 ] ], [ [ 73.1374829, 28.1552113, 0.0 ], [ 73.137506, 28.1552116, 0.0 ], [ 73.1375008, 28.1555149, 0.0 ], [ 73.1374777, 28.1555145, 0.0 ], [ 73.1374829, 28.1552113, 0.0 ] ], [ [ 73.1374323, 28.1548988, 0.0 ], [ 73.1374555, 28.1548991, 0.0 ], [ 73.1374502, 28.1552024, 0.0 ], [ 73.1374271, 28.1552021, 0.0 ], [ 73.1374323, 28.1548988, 0.0 ] ], [ [ 73.1373763, 28.1548981, 0.0 ], [ 73.1373995, 28.1548984, 0.0 ], [ 73.1373942, 28.1552017, 0.0 ], [ 73.1373711, 28.1552013, 0.0 ], [ 73.1373763, 28.1548981, 0.0 ] ], [ [ 73.1374269, 28.1552105, 0.0 ], [ 73.1374501, 28.1552108, 0.0 ], [ 73.1374448, 28.1555141, 0.0 ], [ 73.1374217, 28.1555138, 0.0 ], [ 73.1374269, 28.1552105, 0.0 ] ], [ [ 73.1373709, 28.1552098, 0.0 ], [ 73.1373941, 28.1552101, 0.0 ], [ 73.1373888, 28.1555133, 0.0 ], [ 73.1373657, 28.155513, 0.0 ], [ 73.1373709, 28.1552098, 0.0 ] ], [ [ 73.1373204, 28.1548973, 0.0 ], [ 73.1373435, 28.1548976, 0.0 ], [ 73.1373382, 28.1552009, 0.0 ], [ 73.1373151, 28.1552006, 0.0 ], [ 73.1373204, 28.1548973, 0.0 ] ], [ [ 73.1372644, 28.1548965, 0.0 ], [ 73.1372875, 28.1548969, 0.0 ], [ 73.1372822, 28.1552001, 0.0 ], [ 73.1372591, 28.1551998, 0.0 ], [ 73.1372644, 28.1548965, 0.0 ] ], [ [ 73.137315, 28.155209, 0.0 ], [ 73.1373381, 28.1552093, 0.0 ], [ 73.1373328, 28.1555126, 0.0 ], [ 73.1373097, 28.1555123, 0.0 ], [ 73.137315, 28.155209, 0.0 ] ], [ [ 73.137259, 28.1552082, 0.0 ], [ 73.1372821, 28.1552085, 0.0 ], [ 73.1372768, 28.1555118, 0.0 ], [ 73.1372537, 28.1555115, 0.0 ], [ 73.137259, 28.1552082, 0.0 ] ], [ [ 73.1372084, 28.1548958, 0.0 ], [ 73.1372315, 28.1548961, 0.0 ], [ 73.1372263, 28.1551994, 0.0 ], [ 73.1372031, 28.1551991, 0.0 ], [ 73.1372084, 28.1548958, 0.0 ] ], [ [ 73.1371524, 28.154895, 0.0 ], [ 73.1371755, 28.1548953, 0.0 ], [ 73.1371703, 28.1551986, 0.0 ], [ 73.1371471, 28.1551983, 0.0 ], [ 73.1371524, 28.154895, 0.0 ] ], [ [ 73.137203, 28.1552075, 0.0 ], [ 73.1372261, 28.1552078, 0.0 ], [ 73.1372209, 28.1555111, 0.0 ], [ 73.1371977, 28.1555107, 0.0 ], [ 73.137203, 28.1552075, 0.0 ] ], [ [ 73.137147, 28.1552067, 0.0 ], [ 73.1371701, 28.155207, 0.0 ], [ 73.1371649, 28.1555103, 0.0 ], [ 73.1371417, 28.15551, 0.0 ], [ 73.137147, 28.1552067, 0.0 ] ], [ [ 73.137779, 28.1542839, 0.0 ], [ 73.1378021, 28.1542843, 0.0 ], [ 73.1377969, 28.1545875, 0.0 ], [ 73.1377737, 28.1545872, 0.0 ], [ 73.137779, 28.1542839, 0.0 ] ], [ [ 73.137723, 28.1542832, 0.0 ], [ 73.1377461, 28.1542835, 0.0 ], [ 73.1377409, 28.1545868, 0.0 ], [ 73.1377177, 28.1545864, 0.0 ], [ 73.137723, 28.1542832, 0.0 ] ], [ [ 73.1377736, 28.1545956, 0.0 ], [ 73.1377967, 28.1545959, 0.0 ], [ 73.1377915, 28.1548992, 0.0 ], [ 73.1377683, 28.1548989, 0.0 ], [ 73.1377736, 28.1545956, 0.0 ] ], [ [ 73.1377176, 28.1545949, 0.0 ], [ 73.1377407, 28.1545952, 0.0 ], [ 73.1377355, 28.1548984, 0.0 ], [ 73.1377124, 28.1548981, 0.0 ], [ 73.1377176, 28.1545949, 0.0 ] ], [ [ 73.137667, 28.1542824, 0.0 ], [ 73.1376901, 28.1542827, 0.0 ], [ 73.1376849, 28.154586, 0.0 ], [ 73.1376618, 28.1545857, 0.0 ], [ 73.137667, 28.1542824, 0.0 ] ], [ [ 73.137611, 28.1542817, 0.0 ], [ 73.1376341, 28.154282, 0.0 ], [ 73.1376289, 28.1545852, 0.0 ], [ 73.1376058, 28.1545849, 0.0 ], [ 73.137611, 28.1542817, 0.0 ] ], [ [ 73.1376616, 28.1545941, 0.0 ], [ 73.1376847, 28.1545944, 0.0 ], [ 73.1376795, 28.1548977, 0.0 ], [ 73.1376564, 28.1548974, 0.0 ], [ 73.1376616, 28.1545941, 0.0 ] ], [ [ 73.1376056, 28.1545933, 0.0 ], [ 73.1376288, 28.1545937, 0.0 ], [ 73.1376235, 28.1548969, 0.0 ], [ 73.1376004, 28.1548966, 0.0 ], [ 73.1376056, 28.1545933, 0.0 ] ], [ [ 73.137555, 28.1542809, 0.0 ], [ 73.1375782, 28.1542812, 0.0 ], [ 73.1375729, 28.1545845, 0.0 ], [ 73.1375498, 28.1545842, 0.0 ], [ 73.137555, 28.1542809, 0.0 ] ], [ [ 73.137499, 28.1542801, 0.0 ], [ 73.1375222, 28.1542804, 0.0 ], [ 73.1375169, 28.1545837, 0.0 ], [ 73.1374938, 28.1545834, 0.0 ], [ 73.137499, 28.1542801, 0.0 ] ], [ [ 73.1375496, 28.1545926, 0.0 ], [ 73.1375728, 28.1545929, 0.0 ], [ 73.1375675, 28.1548962, 0.0 ], [ 73.1375444, 28.1548958, 0.0 ], [ 73.1375496, 28.1545926, 0.0 ] ], [ [ 73.1374936, 28.1545918, 0.0 ], [ 73.1375168, 28.1545921, 0.0 ], [ 73.1375115, 28.1548954, 0.0 ], [ 73.1374884, 28.1548951, 0.0 ], [ 73.1374936, 28.1545918, 0.0 ] ], [ [ 73.1374431, 28.1542794, 0.0 ], [ 73.1374662, 28.1542797, 0.0 ], [ 73.1374609, 28.154583, 0.0 ], [ 73.1374378, 28.1545826, 0.0 ], [ 73.1374431, 28.1542794, 0.0 ] ], [ [ 73.1373871, 28.1542786, 0.0 ], [ 73.1374102, 28.1542789, 0.0 ], [ 73.1374049, 28.1545822, 0.0 ], [ 73.1373818, 28.1545819, 0.0 ], [ 73.1373871, 28.1542786, 0.0 ] ], [ [ 73.1374377, 28.1545911, 0.0 ], [ 73.1374608, 28.1545914, 0.0 ], [ 73.1374555, 28.1548946, 0.0 ], [ 73.1374324, 28.1548943, 0.0 ], [ 73.1374377, 28.1545911, 0.0 ] ], [ [ 73.1373817, 28.1545903, 0.0 ], [ 73.1374048, 28.1545906, 0.0 ], [ 73.1373995, 28.1548939, 0.0 ], [ 73.1373764, 28.1548936, 0.0 ], [ 73.1373817, 28.1545903, 0.0 ] ], [ [ 73.1373311, 28.1542778, 0.0 ], [ 73.1373542, 28.1542782, 0.0 ], [ 73.137349, 28.1545814, 0.0 ], [ 73.1373258, 28.1545811, 0.0 ], [ 73.1373311, 28.1542778, 0.0 ] ], [ [ 73.1372751, 28.1542771, 0.0 ], [ 73.1372982, 28.1542774, 0.0 ], [ 73.137293, 28.1545807, 0.0 ], [ 73.1372698, 28.1545804, 0.0 ], [ 73.1372751, 28.1542771, 0.0 ] ], [ [ 73.1373257, 28.1545895, 0.0 ], [ 73.1373488, 28.1545898, 0.0 ], [ 73.1373436, 28.1548931, 0.0 ], [ 73.1373204, 28.1548928, 0.0 ], [ 73.1373257, 28.1545895, 0.0 ] ], [ [ 73.1372697, 28.1545888, 0.0 ], [ 73.1372928, 28.1545891, 0.0 ], [ 73.1372876, 28.1548924, 0.0 ], [ 73.1372644, 28.154892, 0.0 ], [ 73.1372697, 28.1545888, 0.0 ] ], [ [ 73.1372191, 28.1542763, 0.0 ], [ 73.1372422, 28.1542766, 0.0 ], [ 73.137237, 28.1545799, 0.0 ], [ 73.1372138, 28.1545796, 0.0 ], [ 73.1372191, 28.1542763, 0.0 ] ], [ [ 73.1371631, 28.1542756, 0.0 ], [ 73.1371862, 28.1542759, 0.0 ], [ 73.137181, 28.1545791, 0.0 ], [ 73.1371579, 28.1545788, 0.0 ], [ 73.1371631, 28.1542756, 0.0 ] ], [ [ 73.1372137, 28.154588, 0.0 ], [ 73.1372368, 28.1545883, 0.0 ], [ 73.1372316, 28.1548916, 0.0 ], [ 73.1372085, 28.1548913, 0.0 ], [ 73.1372137, 28.154588, 0.0 ] ], [ [ 73.1371577, 28.1545872, 0.0 ], [ 73.1371808, 28.1545876, 0.0 ], [ 73.1371756, 28.1548908, 0.0 ], [ 73.1371525, 28.1548905, 0.0 ], [ 73.1371577, 28.1545872, 0.0 ] ], [ [ 73.1379017, 28.153666, 0.0 ], [ 73.1379248, 28.1536663, 0.0 ], [ 73.1379196, 28.1539696, 0.0 ], [ 73.1378964, 28.1539693, 0.0 ], [ 73.1379017, 28.153666, 0.0 ] ], [ [ 73.1378457, 28.1536652, 0.0 ], [ 73.1378688, 28.1536656, 0.0 ], [ 73.1378636, 28.1539688, 0.0 ], [ 73.1378404, 28.1539685, 0.0 ], [ 73.1378457, 28.1536652, 0.0 ] ], [ [ 73.1378963, 28.1539777, 0.0 ], [ 73.1379194, 28.153978, 0.0 ], [ 73.1379142, 28.1542813, 0.0 ], [ 73.137891, 28.154281, 0.0 ], [ 73.1378963, 28.1539777, 0.0 ] ], [ [ 73.1378403, 28.1539769, 0.0 ], [ 73.1378634, 28.1539772, 0.0 ], [ 73.1378582, 28.1542805, 0.0 ], [ 73.1378351, 28.1542802, 0.0 ], [ 73.1378403, 28.1539769, 0.0 ] ], [ [ 73.1377897, 28.1536645, 0.0 ], [ 73.1378128, 28.1536648, 0.0 ], [ 73.1378076, 28.1539681, 0.0 ], [ 73.1377845, 28.1539677, 0.0 ], [ 73.1377897, 28.1536645, 0.0 ] ], [ [ 73.1377337, 28.1536637, 0.0 ], [ 73.1377568, 28.153664, 0.0 ], [ 73.1377516, 28.1539673, 0.0 ], [ 73.1377285, 28.153967, 0.0 ], [ 73.1377337, 28.1536637, 0.0 ] ], [ [ 73.1377843, 28.1539762, 0.0 ], [ 73.1378074, 28.1539765, 0.0 ], [ 73.1378022, 28.1542797, 0.0 ], [ 73.1377791, 28.1542794, 0.0 ], [ 73.1377843, 28.1539762, 0.0 ] ], [ [ 73.1377283, 28.1539754, 0.0 ], [ 73.1377515, 28.1539757, 0.0 ], [ 73.1377462, 28.154279, 0.0 ], [ 73.1377231, 28.1542787, 0.0 ], [ 73.1377283, 28.1539754, 0.0 ] ], [ [ 73.1376777, 28.153663, 0.0 ], [ 73.1377009, 28.1536633, 0.0 ], [ 73.1376956, 28.1539665, 0.0 ], [ 73.1376725, 28.1539662, 0.0 ], [ 73.1376777, 28.153663, 0.0 ] ], [ [ 73.1376217, 28.1536622, 0.0 ], [ 73.1376449, 28.1536625, 0.0 ], [ 73.1376396, 28.1539658, 0.0 ], [ 73.1376165, 28.1539655, 0.0 ], [ 73.1376217, 28.1536622, 0.0 ] ], [ [ 73.1376723, 28.1539746, 0.0 ], [ 73.1376955, 28.153975, 0.0 ], [ 73.1376902, 28.1542782, 0.0 ], [ 73.1376671, 28.1542779, 0.0 ], [ 73.1376723, 28.1539746, 0.0 ] ], [ [ 73.1376163, 28.1539739, 0.0 ], [ 73.1376395, 28.1539742, 0.0 ], [ 73.1376342, 28.1542775, 0.0 ], [ 73.1376111, 28.1542771, 0.0 ], [ 73.1376163, 28.1539739, 0.0 ] ], [ [ 73.1375658, 28.1536614, 0.0 ], [ 73.1375889, 28.1536617, 0.0 ], [ 73.1375836, 28.153965, 0.0 ], [ 73.1375605, 28.1539647, 0.0 ], [ 73.1375658, 28.1536614, 0.0 ] ], [ [ 73.1375098, 28.1536607, 0.0 ], [ 73.1375329, 28.153661, 0.0 ], [ 73.1375276, 28.1539643, 0.0 ], [ 73.1375045, 28.1539639, 0.0 ], [ 73.1375098, 28.1536607, 0.0 ] ], [ [ 73.1375604, 28.1539731, 0.0 ], [ 73.1375835, 28.1539734, 0.0 ], [ 73.1375782, 28.1542767, 0.0 ], [ 73.1375551, 28.1542764, 0.0 ], [ 73.1375604, 28.1539731, 0.0 ] ], [ [ 73.1375044, 28.1539724, 0.0 ], [ 73.1375275, 28.1539727, 0.0 ], [ 73.1375222, 28.1542759, 0.0 ], [ 73.1374991, 28.1542756, 0.0 ], [ 73.1375044, 28.1539724, 0.0 ] ], [ [ 73.1374538, 28.1536599, 0.0 ], [ 73.1374769, 28.1536602, 0.0 ], [ 73.1374717, 28.1539635, 0.0 ], [ 73.1374485, 28.1539632, 0.0 ], [ 73.1374538, 28.1536599, 0.0 ] ], [ [ 73.1373978, 28.1536591, 0.0 ], [ 73.1374209, 28.1536595, 0.0 ], [ 73.1374157, 28.1539627, 0.0 ], [ 73.1373925, 28.1539624, 0.0 ], [ 73.1373978, 28.1536591, 0.0 ] ], [ [ 73.1374484, 28.1539716, 0.0 ], [ 73.1374715, 28.1539719, 0.0 ], [ 73.1374663, 28.1542752, 0.0 ], [ 73.1374431, 28.1542749, 0.0 ], [ 73.1374484, 28.1539716, 0.0 ] ], [ [ 73.1373924, 28.1539708, 0.0 ], [ 73.1374155, 28.1539711, 0.0 ], [ 73.1374103, 28.1542744, 0.0 ], [ 73.1373871, 28.1542741, 0.0 ], [ 73.1373924, 28.1539708, 0.0 ] ], [ [ 73.1373418, 28.1536584, 0.0 ], [ 73.1373649, 28.1536587, 0.0 ], [ 73.1373597, 28.153962, 0.0 ], [ 73.1373366, 28.1539617, 0.0 ], [ 73.1373418, 28.1536584, 0.0 ] ], [ [ 73.1372858, 28.1536576, 0.0 ], [ 73.1373089, 28.1536579, 0.0 ], [ 73.1373037, 28.1539612, 0.0 ], [ 73.1372806, 28.1539609, 0.0 ], [ 73.1372858, 28.1536576, 0.0 ] ], [ [ 73.1373364, 28.1539701, 0.0 ], [ 73.1373595, 28.1539704, 0.0 ], [ 73.1373543, 28.1542737, 0.0 ], [ 73.1373312, 28.1542733, 0.0 ], [ 73.1373364, 28.1539701, 0.0 ] ], [ [ 73.1372804, 28.1539693, 0.0 ], [ 73.1373035, 28.1539696, 0.0 ], [ 73.1372983, 28.1542729, 0.0 ], [ 73.1372752, 28.1542726, 0.0 ], [ 73.1372804, 28.1539693, 0.0 ] ], [ [ 73.1372298, 28.1536569, 0.0 ], [ 73.137253, 28.1536572, 0.0 ], [ 73.1372477, 28.1539604, 0.0 ], [ 73.1372246, 28.1539601, 0.0 ], [ 73.1372298, 28.1536569, 0.0 ] ], [ [ 73.1371738, 28.1536561, 0.0 ], [ 73.137197, 28.1536564, 0.0 ], [ 73.1371917, 28.1539597, 0.0 ], [ 73.1371686, 28.1539594, 0.0 ], [ 73.1371738, 28.1536561, 0.0 ] ], [ [ 73.1372244, 28.1539685, 0.0 ], [ 73.1372476, 28.1539689, 0.0 ], [ 73.1372423, 28.1542721, 0.0 ], [ 73.1372192, 28.1542718, 0.0 ], [ 73.1372244, 28.1539685, 0.0 ] ], [ [ 73.1371684, 28.1539678, 0.0 ], [ 73.1371916, 28.1539681, 0.0 ], [ 73.1371863, 28.1542714, 0.0 ], [ 73.1371632, 28.1542711, 0.0 ], [ 73.1371684, 28.1539678, 0.0 ] ], [ [ 73.1379124, 28.1530465, 0.0 ], [ 73.1379355, 28.1530469, 0.0 ], [ 73.1379303, 28.1533501, 0.0 ], [ 73.1379072, 28.1533498, 0.0 ], [ 73.1379124, 28.1530465, 0.0 ] ], [ [ 73.1378564, 28.1530458, 0.0 ], [ 73.1378795, 28.1530461, 0.0 ], [ 73.1378743, 28.1533494, 0.0 ], [ 73.1378512, 28.153349, 0.0 ], [ 73.1378564, 28.1530458, 0.0 ] ], [ [ 73.137907, 28.1533582, 0.0 ], [ 73.1379301, 28.1533585, 0.0 ], [ 73.1379249, 28.1536618, 0.0 ], [ 73.1379018, 28.1536615, 0.0 ], [ 73.137907, 28.1533582, 0.0 ] ], [ [ 73.137851, 28.1533575, 0.0 ], [ 73.1378742, 28.1533578, 0.0 ], [ 73.1378689, 28.153661, 0.0 ], [ 73.1378458, 28.1536607, 0.0 ], [ 73.137851, 28.1533575, 0.0 ] ], [ [ 73.1378004, 28.153045, 0.0 ], [ 73.1378236, 28.1530453, 0.0 ], [ 73.1378183, 28.1533486, 0.0 ], [ 73.1377952, 28.1533483, 0.0 ], [ 73.1378004, 28.153045, 0.0 ] ], [ [ 73.1377444, 28.1530443, 0.0 ], [ 73.1377676, 28.1530446, 0.0 ], [ 73.1377623, 28.1533478, 0.0 ], [ 73.1377392, 28.1533475, 0.0 ], [ 73.1377444, 28.1530443, 0.0 ] ], [ [ 73.137795, 28.1533567, 0.0 ], [ 73.1378182, 28.153357, 0.0 ], [ 73.1378129, 28.1536603, 0.0 ], [ 73.1377898, 28.15366, 0.0 ], [ 73.137795, 28.1533567, 0.0 ] ], [ [ 73.137739, 28.1533559, 0.0 ], [ 73.1377622, 28.1533563, 0.0 ], [ 73.1377569, 28.1536595, 0.0 ], [ 73.1377338, 28.1536592, 0.0 ], [ 73.137739, 28.1533559, 0.0 ] ], [ [ 73.1376885, 28.1530435, 0.0 ], [ 73.1377116, 28.1530438, 0.0 ], [ 73.1377063, 28.1533471, 0.0 ], [ 73.1376832, 28.1533468, 0.0 ], [ 73.1376885, 28.1530435, 0.0 ] ], [ [ 73.1376325, 28.1530427, 0.0 ], [ 73.1376556, 28.153043, 0.0 ], [ 73.1376503, 28.1533463, 0.0 ], [ 73.1376272, 28.153346, 0.0 ], [ 73.1376325, 28.1530427, 0.0 ] ], [ [ 73.1376831, 28.1533552, 0.0 ], [ 73.1377062, 28.1533555, 0.0 ], [ 73.1377009, 28.1536588, 0.0 ], [ 73.1376778, 28.1536584, 0.0 ], [ 73.1376831, 28.1533552, 0.0 ] ], [ [ 73.1376271, 28.1533544, 0.0 ], [ 73.1376502, 28.1533547, 0.0 ], [ 73.1376449, 28.153658, 0.0 ], [ 73.1376218, 28.1536577, 0.0 ], [ 73.1376271, 28.1533544, 0.0 ] ], [ [ 73.1375765, 28.153042, 0.0 ], [ 73.1375996, 28.1530423, 0.0 ], [ 73.1375944, 28.1533456, 0.0 ], [ 73.1375712, 28.1533452, 0.0 ], [ 73.1375765, 28.153042, 0.0 ] ], [ [ 73.1375205, 28.1530412, 0.0 ], [ 73.1375436, 28.1530415, 0.0 ], [ 73.1375384, 28.1533448, 0.0 ], [ 73.1375152, 28.1533445, 0.0 ], [ 73.1375205, 28.1530412, 0.0 ] ], [ [ 73.1375711, 28.1533537, 0.0 ], [ 73.1375942, 28.153354, 0.0 ], [ 73.137589, 28.1536572, 0.0 ], [ 73.1375658, 28.1536569, 0.0 ], [ 73.1375711, 28.1533537, 0.0 ] ], [ [ 73.1375151, 28.1533529, 0.0 ], [ 73.1375382, 28.1533532, 0.0 ], [ 73.137533, 28.1536565, 0.0 ], [ 73.1375098, 28.1536562, 0.0 ], [ 73.1375151, 28.1533529, 0.0 ] ], [ [ 73.1374645, 28.1530404, 0.0 ], [ 73.1374876, 28.1530408, 0.0 ], [ 73.1374824, 28.153344, 0.0 ], [ 73.1374593, 28.1533437, 0.0 ], [ 73.1374645, 28.1530404, 0.0 ] ], [ [ 73.1374085, 28.1530397, 0.0 ], [ 73.1374316, 28.15304, 0.0 ], [ 73.1374264, 28.1533433, 0.0 ], [ 73.1374033, 28.153343, 0.0 ], [ 73.1374085, 28.1530397, 0.0 ] ], [ [ 73.1374591, 28.1533521, 0.0 ], [ 73.1374822, 28.1533524, 0.0 ], [ 73.137477, 28.1536557, 0.0 ], [ 73.1374539, 28.1536554, 0.0 ], [ 73.1374591, 28.1533521, 0.0 ] ], [ [ 73.1374031, 28.1533514, 0.0 ], [ 73.1374262, 28.1533517, 0.0 ], [ 73.137421, 28.153655, 0.0 ], [ 73.1373979, 28.1536546, 0.0 ], [ 73.1374031, 28.1533514, 0.0 ] ], [ [ 73.1373525, 28.1530389, 0.0 ], [ 73.1373757, 28.1530392, 0.0 ], [ 73.1373704, 28.1533425, 0.0 ], [ 73.1373473, 28.1533422, 0.0 ], [ 73.1373525, 28.1530389, 0.0 ] ], [ [ 73.1372965, 28.1530382, 0.0 ], [ 73.1373197, 28.1530385, 0.0 ], [ 73.1373144, 28.1533417, 0.0 ], [ 73.1372913, 28.1533414, 0.0 ], [ 73.1372965, 28.1530382, 0.0 ] ], [ [ 73.1373471, 28.1533506, 0.0 ], [ 73.1373703, 28.1533509, 0.0 ], [ 73.137365, 28.1536542, 0.0 ], [ 73.1373419, 28.1536539, 0.0 ], [ 73.1373471, 28.1533506, 0.0 ] ], [ [ 73.1372911, 28.1533498, 0.0 ], [ 73.1373143, 28.1533502, 0.0 ], [ 73.137309, 28.1536534, 0.0 ], [ 73.1372859, 28.1536531, 0.0 ], [ 73.1372911, 28.1533498, 0.0 ] ], [ [ 73.1372405, 28.1530374, 0.0 ], [ 73.1372637, 28.1530377, 0.0 ], [ 73.1372584, 28.153341, 0.0 ], [ 73.1372353, 28.1533407, 0.0 ], [ 73.1372405, 28.1530374, 0.0 ] ], [ [ 73.1371846, 28.1530366, 0.0 ], [ 73.1372077, 28.153037, 0.0 ], [ 73.1372024, 28.1533402, 0.0 ], [ 73.1371793, 28.1533399, 0.0 ], [ 73.1371846, 28.1530366, 0.0 ] ], [ [ 73.1372352, 28.1533491, 0.0 ], [ 73.1372583, 28.1533494, 0.0 ], [ 73.137253, 28.1536527, 0.0 ], [ 73.1372299, 28.1536524, 0.0 ], [ 73.1372352, 28.1533491, 0.0 ] ], [ [ 73.1371792, 28.1533483, 0.0 ], [ 73.1372023, 28.1533486, 0.0 ], [ 73.137197, 28.1536519, 0.0 ], [ 73.1371739, 28.1536516, 0.0 ], [ 73.1371792, 28.1533483, 0.0 ] ], [ [ 73.1379231, 28.1524271, 0.0 ], [ 73.1379463, 28.1524274, 0.0 ], [ 73.137941, 28.1527307, 0.0 ], [ 73.1379179, 28.1527303, 0.0 ], [ 73.1379231, 28.1524271, 0.0 ] ], [ [ 73.1378671, 28.1524263, 0.0 ], [ 73.1378903, 28.1524266, 0.0 ], [ 73.137885, 28.1527299, 0.0 ], [ 73.1378619, 28.1527296, 0.0 ], [ 73.1378671, 28.1524263, 0.0 ] ], [ [ 73.1379177, 28.1527388, 0.0 ], [ 73.1379409, 28.1527391, 0.0 ], [ 73.1379356, 28.1530423, 0.0 ], [ 73.1379125, 28.153042, 0.0 ], [ 73.1379177, 28.1527388, 0.0 ] ], [ [ 73.1378617, 28.152738, 0.0 ], [ 73.1378849, 28.1527383, 0.0 ], [ 73.1378796, 28.1530416, 0.0 ], [ 73.1378565, 28.1530413, 0.0 ], [ 73.1378617, 28.152738, 0.0 ] ], [ [ 73.1378112, 28.1524256, 0.0 ], [ 73.1378343, 28.1524259, 0.0 ], [ 73.137829, 28.1527291, 0.0 ], [ 73.1378059, 28.1527288, 0.0 ], [ 73.1378112, 28.1524256, 0.0 ] ], [ [ 73.1377552, 28.1524248, 0.0 ], [ 73.1377783, 28.1524251, 0.0 ], [ 73.137773, 28.1527284, 0.0 ], [ 73.1377499, 28.1527281, 0.0 ], [ 73.1377552, 28.1524248, 0.0 ] ], [ [ 73.1378058, 28.1527372, 0.0 ], [ 73.1378289, 28.1527376, 0.0 ], [ 73.1378236, 28.1530408, 0.0 ], [ 73.1378005, 28.1530405, 0.0 ], [ 73.1378058, 28.1527372, 0.0 ] ], [ [ 73.1377498, 28.1527365, 0.0 ], [ 73.1377729, 28.1527368, 0.0 ], [ 73.1377676, 28.1530401, 0.0 ], [ 73.1377445, 28.1530397, 0.0 ], [ 73.1377498, 28.1527365, 0.0 ] ], [ [ 73.1376992, 28.152424, 0.0 ], [ 73.1377223, 28.1524243, 0.0 ], [ 73.1377171, 28.1527276, 0.0 ], [ 73.1376939, 28.1527273, 0.0 ], [ 73.1376992, 28.152424, 0.0 ] ], [ [ 73.1376432, 28.1524233, 0.0 ], [ 73.1376663, 28.1524236, 0.0 ], [ 73.1376611, 28.1527268, 0.0 ], [ 73.1376379, 28.1527265, 0.0 ], [ 73.1376432, 28.1524233, 0.0 ] ], [ [ 73.1376938, 28.1527357, 0.0 ], [ 73.1377169, 28.152736, 0.0 ], [ 73.1377117, 28.1530393, 0.0 ], [ 73.1376885, 28.153039, 0.0 ], [ 73.1376938, 28.1527357, 0.0 ] ], [ [ 73.1376378, 28.152735, 0.0 ], [ 73.1376609, 28.1527353, 0.0 ], [ 73.1376557, 28.1530385, 0.0 ], [ 73.1376325, 28.1530382, 0.0 ], [ 73.1376378, 28.152735, 0.0 ] ], [ [ 73.1375872, 28.1524225, 0.0 ], [ 73.1376103, 28.1524228, 0.0 ], [ 73.1376051, 28.1527261, 0.0 ], [ 73.137582, 28.1527258, 0.0 ], [ 73.1375872, 28.1524225, 0.0 ] ], [ [ 73.1375312, 28.1524217, 0.0 ], [ 73.1375543, 28.1524221, 0.0 ], [ 73.1375491, 28.1527253, 0.0 ], [ 73.137526, 28.152725, 0.0 ], [ 73.1375312, 28.1524217, 0.0 ] ], [ [ 73.1375818, 28.1527342, 0.0 ], [ 73.1376049, 28.1527345, 0.0 ], [ 73.1375997, 28.1530378, 0.0 ], [ 73.1375766, 28.1530375, 0.0 ], [ 73.1375818, 28.1527342, 0.0 ] ], [ [ 73.1375258, 28.1527334, 0.0 ], [ 73.1375489, 28.1527337, 0.0 ], [ 73.1375437, 28.153037, 0.0 ], [ 73.1375206, 28.1530367, 0.0 ], [ 73.1375258, 28.1527334, 0.0 ] ], [ [ 73.1374752, 28.152421, 0.0 ], [ 73.1374984, 28.1524213, 0.0 ], [ 73.1374931, 28.1527246, 0.0 ], [ 73.13747, 28.1527243, 0.0 ], [ 73.1374752, 28.152421, 0.0 ] ], [ [ 73.1374192, 28.1524202, 0.0 ], [ 73.1374424, 28.1524205, 0.0 ], [ 73.1374371, 28.1527238, 0.0 ], [ 73.137414, 28.1527235, 0.0 ], [ 73.1374192, 28.1524202, 0.0 ] ], [ [ 73.1374698, 28.1527327, 0.0 ], [ 73.137493, 28.152733, 0.0 ], [ 73.1374877, 28.1530362, 0.0 ], [ 73.1374646, 28.1530359, 0.0 ], [ 73.1374698, 28.1527327, 0.0 ] ], [ [ 73.1374138, 28.1527319, 0.0 ], [ 73.137437, 28.1527322, 0.0 ], [ 73.1374317, 28.1530355, 0.0 ], [ 73.1374086, 28.1530352, 0.0 ], [ 73.1374138, 28.1527319, 0.0 ] ], [ [ 73.1373632, 28.1524195, 0.0 ], [ 73.1373864, 28.1524198, 0.0 ], [ 73.1373811, 28.152723, 0.0 ], [ 73.137358, 28.1527227, 0.0 ], [ 73.1373632, 28.1524195, 0.0 ] ], [ [ 73.1373073, 28.1524187, 0.0 ], [ 73.1373304, 28.152419, 0.0 ], [ 73.1373251, 28.1527223, 0.0 ], [ 73.137302, 28.152722, 0.0 ], [ 73.1373073, 28.1524187, 0.0 ] ], [ [ 73.1373579, 28.1527311, 0.0 ], [ 73.137381, 28.1527315, 0.0 ], [ 73.1373757, 28.1530347, 0.0 ], [ 73.1373526, 28.1530344, 0.0 ], [ 73.1373579, 28.1527311, 0.0 ] ], [ [ 73.1373019, 28.1527304, 0.0 ], [ 73.137325, 28.1527307, 0.0 ], [ 73.1373197, 28.153034, 0.0 ], [ 73.1372966, 28.1530337, 0.0 ], [ 73.1373019, 28.1527304, 0.0 ] ], [ [ 73.1372513, 28.1524179, 0.0 ], [ 73.1372744, 28.1524183, 0.0 ], [ 73.1372692, 28.1527215, 0.0 ], [ 73.137246, 28.1527212, 0.0 ], [ 73.1372513, 28.1524179, 0.0 ] ], [ [ 73.1371953, 28.1524172, 0.0 ], [ 73.1372184, 28.1524175, 0.0 ], [ 73.1372132, 28.1527208, 0.0 ], [ 73.13719, 28.1527204, 0.0 ], [ 73.1371953, 28.1524172, 0.0 ] ], [ [ 73.1372459, 28.1527296, 0.0 ], [ 73.137269, 28.1527299, 0.0 ], [ 73.1372638, 28.1530332, 0.0 ], [ 73.1372406, 28.1530329, 0.0 ], [ 73.1372459, 28.1527296, 0.0 ] ], [ [ 73.1371899, 28.1527289, 0.0 ], [ 73.137213, 28.1527292, 0.0 ], [ 73.1372078, 28.1530324, 0.0 ], [ 73.1371846, 28.1530321, 0.0 ], [ 73.1371899, 28.1527289, 0.0 ] ], [ [ 73.1395278, 28.1567861, 0.0 ], [ 73.1395509, 28.1567865, 0.0 ], [ 73.1395457, 28.1570897, 0.0 ], [ 73.1395225, 28.1570894, 0.0 ], [ 73.1395278, 28.1567861, 0.0 ] ], [ [ 73.1394718, 28.1567854, 0.0 ], [ 73.1394949, 28.1567857, 0.0 ], [ 73.1394897, 28.157089, 0.0 ], [ 73.1394665, 28.1570886, 0.0 ], [ 73.1394718, 28.1567854, 0.0 ] ], [ [ 73.1395224, 28.1570978, 0.0 ], [ 73.1395455, 28.1570981, 0.0 ], [ 73.1395403, 28.1574014, 0.0 ], [ 73.1395171, 28.1574011, 0.0 ], [ 73.1395224, 28.1570978, 0.0 ] ], [ [ 73.1394664, 28.1570971, 0.0 ], [ 73.1394895, 28.1570974, 0.0 ], [ 73.1394843, 28.1574006, 0.0 ], [ 73.1394611, 28.1574003, 0.0 ], [ 73.1394664, 28.1570971, 0.0 ] ], [ [ 73.1394158, 28.1567846, 0.0 ], [ 73.1394389, 28.1567849, 0.0 ], [ 73.1394337, 28.1570882, 0.0 ], [ 73.1394105, 28.1570879, 0.0 ], [ 73.1394158, 28.1567846, 0.0 ] ], [ [ 73.1393598, 28.1567839, 0.0 ], [ 73.1393829, 28.1567842, 0.0 ], [ 73.1393777, 28.1570874, 0.0 ], [ 73.1393546, 28.1570871, 0.0 ], [ 73.1393598, 28.1567839, 0.0 ] ], [ [ 73.1394104, 28.1570963, 0.0 ], [ 73.1394335, 28.1570966, 0.0 ], [ 73.1394283, 28.1573999, 0.0 ], [ 73.1394052, 28.1573996, 0.0 ], [ 73.1394104, 28.1570963, 0.0 ] ], [ [ 73.1393544, 28.1570955, 0.0 ], [ 73.1393775, 28.1570959, 0.0 ], [ 73.1393723, 28.1573991, 0.0 ], [ 73.1393492, 28.1573988, 0.0 ], [ 73.1393544, 28.1570955, 0.0 ] ], [ [ 73.1393038, 28.1567831, 0.0 ], [ 73.1393269, 28.1567834, 0.0 ], [ 73.1393217, 28.1570867, 0.0 ], [ 73.1392986, 28.1570864, 0.0 ], [ 73.1393038, 28.1567831, 0.0 ] ], [ [ 73.1392478, 28.1567823, 0.0 ], [ 73.1392709, 28.1567827, 0.0 ], [ 73.1392657, 28.1570859, 0.0 ], [ 73.1392426, 28.1570856, 0.0 ], [ 73.1392478, 28.1567823, 0.0 ] ], [ [ 73.1392984, 28.1570948, 0.0 ], [ 73.1393215, 28.1570951, 0.0 ], [ 73.1393163, 28.1573984, 0.0 ], [ 73.1392932, 28.1573981, 0.0 ], [ 73.1392984, 28.1570948, 0.0 ] ], [ [ 73.1392424, 28.157094, 0.0 ], [ 73.1392656, 28.1570943, 0.0 ], [ 73.1392603, 28.1573976, 0.0 ], [ 73.1392372, 28.1573973, 0.0 ], [ 73.1392424, 28.157094, 0.0 ] ], [ [ 73.1391918, 28.1567816, 0.0 ], [ 73.139215, 28.1567819, 0.0 ], [ 73.1392097, 28.1570852, 0.0 ], [ 73.1391866, 28.1570848, 0.0 ], [ 73.1391918, 28.1567816, 0.0 ] ], [ [ 73.1391358, 28.1567808, 0.0 ], [ 73.139159, 28.1567811, 0.0 ], [ 73.1391537, 28.1570844, 0.0 ], [ 73.1391306, 28.1570841, 0.0 ], [ 73.1391358, 28.1567808, 0.0 ] ], [ [ 73.1391864, 28.1570933, 0.0 ], [ 73.1392096, 28.1570936, 0.0 ], [ 73.1392043, 28.1573968, 0.0 ], [ 73.1391812, 28.1573965, 0.0 ], [ 73.1391864, 28.1570933, 0.0 ] ], [ [ 73.1391304, 28.1570925, 0.0 ], [ 73.1391536, 28.1570928, 0.0 ], [ 73.1391483, 28.1573961, 0.0 ], [ 73.1391252, 28.1573958, 0.0 ], [ 73.1391304, 28.1570925, 0.0 ] ], [ [ 73.1390799, 28.1567801, 0.0 ], [ 73.139103, 28.1567804, 0.0 ], [ 73.1390977, 28.1570836, 0.0 ], [ 73.1390746, 28.1570833, 0.0 ], [ 73.1390799, 28.1567801, 0.0 ] ], [ [ 73.1390239, 28.1567793, 0.0 ], [ 73.139047, 28.1567796, 0.0 ], [ 73.1390417, 28.1570829, 0.0 ], [ 73.1390186, 28.1570826, 0.0 ], [ 73.1390239, 28.1567793, 0.0 ] ], [ [ 73.1390745, 28.1570917, 0.0 ], [ 73.1390976, 28.1570921, 0.0 ], [ 73.1390923, 28.1573953, 0.0 ], [ 73.1390692, 28.157395, 0.0 ], [ 73.1390745, 28.1570917, 0.0 ] ], [ [ 73.1390185, 28.157091, 0.0 ], [ 73.1390416, 28.1570913, 0.0 ], [ 73.1390364, 28.1573946, 0.0 ], [ 73.1390132, 28.1573942, 0.0 ], [ 73.1390185, 28.157091, 0.0 ] ], [ [ 73.1389679, 28.1567785, 0.0 ], [ 73.138991, 28.1567788, 0.0 ], [ 73.1389858, 28.1570821, 0.0 ], [ 73.1389626, 28.1570818, 0.0 ], [ 73.1389679, 28.1567785, 0.0 ] ], [ [ 73.1389119, 28.1567778, 0.0 ], [ 73.138935, 28.1567781, 0.0 ], [ 73.1389298, 28.1570814, 0.0 ], [ 73.1389066, 28.157081, 0.0 ], [ 73.1389119, 28.1567778, 0.0 ] ], [ [ 73.1389625, 28.1570902, 0.0 ], [ 73.1389856, 28.1570905, 0.0 ], [ 73.1389804, 28.1573938, 0.0 ], [ 73.1389572, 28.1573935, 0.0 ], [ 73.1389625, 28.1570902, 0.0 ] ], [ [ 73.1389065, 28.1570895, 0.0 ], [ 73.1389296, 28.1570898, 0.0 ], [ 73.1389244, 28.157393, 0.0 ], [ 73.1389012, 28.1573927, 0.0 ], [ 73.1389065, 28.1570895, 0.0 ] ], [ [ 73.1388559, 28.156777, 0.0 ], [ 73.138879, 28.1567773, 0.0 ], [ 73.1388738, 28.1570806, 0.0 ], [ 73.1388506, 28.1570803, 0.0 ], [ 73.1388559, 28.156777, 0.0 ] ], [ [ 73.1387999, 28.1567763, 0.0 ], [ 73.138823, 28.1567766, 0.0 ], [ 73.1388178, 28.1570798, 0.0 ], [ 73.1387947, 28.1570795, 0.0 ], [ 73.1387999, 28.1567763, 0.0 ] ], [ [ 73.1388505, 28.1570887, 0.0 ], [ 73.1388736, 28.157089, 0.0 ], [ 73.1388684, 28.1573923, 0.0 ], [ 73.1388453, 28.157392, 0.0 ], [ 73.1388505, 28.1570887, 0.0 ] ], [ [ 73.1387945, 28.1570879, 0.0 ], [ 73.1388176, 28.1570882, 0.0 ], [ 73.1388124, 28.1573915, 0.0 ], [ 73.1387893, 28.1573912, 0.0 ], [ 73.1387945, 28.1570879, 0.0 ] ], [ [ 73.1387439, 28.1567755, 0.0 ], [ 73.138767, 28.1567758, 0.0 ], [ 73.1387618, 28.1570791, 0.0 ], [ 73.1387387, 28.1570788, 0.0 ], [ 73.1387439, 28.1567755, 0.0 ] ], [ [ 73.1386879, 28.1567747, 0.0 ], [ 73.138711, 28.156775, 0.0 ], [ 73.1387058, 28.1570783, 0.0 ], [ 73.1386827, 28.157078, 0.0 ], [ 73.1386879, 28.1567747, 0.0 ] ], [ [ 73.1387385, 28.1570872, 0.0 ], [ 73.1387616, 28.1570875, 0.0 ], [ 73.1387564, 28.1573908, 0.0 ], [ 73.1387333, 28.1573904, 0.0 ], [ 73.1387385, 28.1570872, 0.0 ] ], [ [ 73.1386825, 28.1570864, 0.0 ], [ 73.1387057, 28.1570867, 0.0 ], [ 73.1387004, 28.15739, 0.0 ], [ 73.1386773, 28.1573897, 0.0 ], [ 73.1386825, 28.1570864, 0.0 ] ], [ [ 73.1386319, 28.156774, 0.0 ], [ 73.1386551, 28.1567743, 0.0 ], [ 73.1386498, 28.1570775, 0.0 ], [ 73.1386267, 28.1570772, 0.0 ], [ 73.1386319, 28.156774, 0.0 ] ], [ [ 73.1385759, 28.1567732, 0.0 ], [ 73.1385991, 28.1567735, 0.0 ], [ 73.1385938, 28.1570768, 0.0 ], [ 73.1385707, 28.1570765, 0.0 ], [ 73.1385759, 28.1567732, 0.0 ] ], [ [ 73.1386265, 28.1570857, 0.0 ], [ 73.1386497, 28.157086, 0.0 ], [ 73.1386444, 28.1573892, 0.0 ], [ 73.1386213, 28.1573889, 0.0 ], [ 73.1386265, 28.1570857, 0.0 ] ], [ [ 73.1385705, 28.1570849, 0.0 ], [ 73.1385937, 28.1570852, 0.0 ], [ 73.1385884, 28.1573885, 0.0 ], [ 73.1385653, 28.1573882, 0.0 ], [ 73.1385705, 28.1570849, 0.0 ] ], [ [ 73.13852, 28.1567724, 0.0 ], [ 73.1385431, 28.1567728, 0.0 ], [ 73.1385378, 28.157076, 0.0 ], [ 73.1385147, 28.1570757, 0.0 ], [ 73.13852, 28.1567724, 0.0 ] ], [ [ 73.138464, 28.1567717, 0.0 ], [ 73.1384871, 28.156772, 0.0 ], [ 73.1384818, 28.1570753, 0.0 ], [ 73.1384587, 28.157075, 0.0 ], [ 73.138464, 28.1567717, 0.0 ] ], [ [ 73.1385146, 28.1570841, 0.0 ], [ 73.1385377, 28.1570844, 0.0 ], [ 73.1385324, 28.1573877, 0.0 ], [ 73.1385093, 28.1573874, 0.0 ], [ 73.1385146, 28.1570841, 0.0 ] ], [ [ 73.1384586, 28.1570834, 0.0 ], [ 73.1384817, 28.1570837, 0.0 ], [ 73.1384764, 28.157387, 0.0 ], [ 73.1384533, 28.1573866, 0.0 ], [ 73.1384586, 28.1570834, 0.0 ] ], [ [ 73.138408, 28.1567709, 0.0 ], [ 73.1384311, 28.1567712, 0.0 ], [ 73.1384259, 28.1570745, 0.0 ], [ 73.1384027, 28.1570742, 0.0 ], [ 73.138408, 28.1567709, 0.0 ] ], [ [ 73.138352, 28.1567702, 0.0 ], [ 73.1383751, 28.1567705, 0.0 ], [ 73.1383699, 28.1570737, 0.0 ], [ 73.1383467, 28.1570734, 0.0 ], [ 73.138352, 28.1567702, 0.0 ] ], [ [ 73.1384026, 28.1570826, 0.0 ], [ 73.1384257, 28.1570829, 0.0 ], [ 73.1384205, 28.1573862, 0.0 ], [ 73.1383973, 28.1573859, 0.0 ], [ 73.1384026, 28.1570826, 0.0 ] ], [ [ 73.1383466, 28.1570818, 0.0 ], [ 73.1383697, 28.1570822, 0.0 ], [ 73.1383645, 28.1573854, 0.0 ], [ 73.1383413, 28.1573851, 0.0 ], [ 73.1383466, 28.1570818, 0.0 ] ], [ [ 73.138296, 28.1567694, 0.0 ], [ 73.1383191, 28.1567697, 0.0 ], [ 73.1383139, 28.157073, 0.0 ], [ 73.1382907, 28.1570727, 0.0 ], [ 73.138296, 28.1567694, 0.0 ] ], [ [ 73.13824, 28.1567686, 0.0 ], [ 73.1382631, 28.156769, 0.0 ], [ 73.1382579, 28.1570722, 0.0 ], [ 73.1382348, 28.1570719, 0.0 ], [ 73.13824, 28.1567686, 0.0 ] ], [ [ 73.1382906, 28.1570811, 0.0 ], [ 73.1383137, 28.1570814, 0.0 ], [ 73.1383085, 28.1573847, 0.0 ], [ 73.1382853, 28.1573844, 0.0 ], [ 73.1382906, 28.1570811, 0.0 ] ], [ [ 73.1382346, 28.1570803, 0.0 ], [ 73.1382577, 28.1570806, 0.0 ], [ 73.1382525, 28.1573839, 0.0 ], [ 73.1382294, 28.1573836, 0.0 ], [ 73.1382346, 28.1570803, 0.0 ] ], [ [ 73.1400984, 28.1561743, 0.0 ], [ 73.1401215, 28.1561746, 0.0 ], [ 73.1401163, 28.1564779, 0.0 ], [ 73.1400931, 28.1564776, 0.0 ], [ 73.1400984, 28.1561743, 0.0 ] ], [ [ 73.1400424, 28.1561735, 0.0 ], [ 73.1400655, 28.1561738, 0.0 ], [ 73.1400603, 28.1564771, 0.0 ], [ 73.1400371, 28.1564768, 0.0 ], [ 73.1400424, 28.1561735, 0.0 ] ], [ [ 73.140093, 28.156486, 0.0 ], [ 73.1401161, 28.1564863, 0.0 ], [ 73.1401109, 28.1567895, 0.0 ], [ 73.1400877, 28.1567892, 0.0 ], [ 73.140093, 28.156486, 0.0 ] ], [ [ 73.140037, 28.1564852, 0.0 ], [ 73.1400601, 28.1564855, 0.0 ], [ 73.1400549, 28.1567888, 0.0 ], [ 73.1400318, 28.1567885, 0.0 ], [ 73.140037, 28.1564852, 0.0 ] ], [ [ 73.1399864, 28.1561728, 0.0 ], [ 73.1400095, 28.1561731, 0.0 ], [ 73.1400043, 28.1564763, 0.0 ], [ 73.1399812, 28.156476, 0.0 ], [ 73.1399864, 28.1561728, 0.0 ] ], [ [ 73.1399304, 28.156172, 0.0 ], [ 73.1399535, 28.1561723, 0.0 ], [ 73.1399483, 28.1564756, 0.0 ], [ 73.1399252, 28.1564753, 0.0 ], [ 73.1399304, 28.156172, 0.0 ] ], [ [ 73.139981, 28.1564844, 0.0 ], [ 73.1400041, 28.1564848, 0.0 ], [ 73.1399989, 28.156788, 0.0 ], [ 73.1399758, 28.1567877, 0.0 ], [ 73.139981, 28.1564844, 0.0 ] ], [ [ 73.139925, 28.1564837, 0.0 ], [ 73.1399482, 28.156484, 0.0 ], [ 73.1399429, 28.1567873, 0.0 ], [ 73.1399198, 28.156787, 0.0 ], [ 73.139925, 28.1564837, 0.0 ] ], [ [ 73.1398744, 28.1561712, 0.0 ], [ 73.1398976, 28.1561716, 0.0 ], [ 73.1398923, 28.1564748, 0.0 ], [ 73.1398692, 28.1564745, 0.0 ], [ 73.1398744, 28.1561712, 0.0 ] ], [ [ 73.1398184, 28.1561705, 0.0 ], [ 73.1398416, 28.1561708, 0.0 ], [ 73.1398363, 28.1564741, 0.0 ], [ 73.1398132, 28.1564737, 0.0 ], [ 73.1398184, 28.1561705, 0.0 ] ], [ [ 73.139869, 28.1564829, 0.0 ], [ 73.1398922, 28.1564832, 0.0 ], [ 73.1398869, 28.1567865, 0.0 ], [ 73.1398638, 28.1567862, 0.0 ], [ 73.139869, 28.1564829, 0.0 ] ], [ [ 73.139813, 28.1564822, 0.0 ], [ 73.1398362, 28.1564825, 0.0 ], [ 73.1398309, 28.1567857, 0.0 ], [ 73.1398078, 28.1567854, 0.0 ], [ 73.139813, 28.1564822, 0.0 ] ], [ [ 73.1397624, 28.1561697, 0.0 ], [ 73.1397856, 28.15617, 0.0 ], [ 73.1397803, 28.1564733, 0.0 ], [ 73.1397572, 28.156473, 0.0 ], [ 73.1397624, 28.1561697, 0.0 ] ], [ [ 73.1397065, 28.156169, 0.0 ], [ 73.1397296, 28.1561693, 0.0 ], [ 73.1397243, 28.1564725, 0.0 ], [ 73.1397012, 28.1564722, 0.0 ], [ 73.1397065, 28.156169, 0.0 ] ], [ [ 73.1397571, 28.1564814, 0.0 ], [ 73.1397802, 28.1564817, 0.0 ], [ 73.1397749, 28.156785, 0.0 ], [ 73.1397518, 28.1567847, 0.0 ], [ 73.1397571, 28.1564814, 0.0 ] ], [ [ 73.1397011, 28.1564806, 0.0 ], [ 73.1397242, 28.156481, 0.0 ], [ 73.1397189, 28.1567842, 0.0 ], [ 73.1396958, 28.1567839, 0.0 ], [ 73.1397011, 28.1564806, 0.0 ] ], [ [ 73.1396505, 28.1561682, 0.0 ], [ 73.1396736, 28.1561685, 0.0 ], [ 73.1396683, 28.1564718, 0.0 ], [ 73.1396452, 28.1564715, 0.0 ], [ 73.1396505, 28.1561682, 0.0 ] ], [ [ 73.1395945, 28.1561674, 0.0 ], [ 73.1396176, 28.1561678, 0.0 ], [ 73.1396124, 28.156471, 0.0 ], [ 73.1395892, 28.1564707, 0.0 ], [ 73.1395945, 28.1561674, 0.0 ] ], [ [ 73.1396451, 28.1564799, 0.0 ], [ 73.1396682, 28.1564802, 0.0 ], [ 73.139663, 28.1567835, 0.0 ], [ 73.1396398, 28.1567832, 0.0 ], [ 73.1396451, 28.1564799, 0.0 ] ], [ [ 73.1395891, 28.1564791, 0.0 ], [ 73.1396122, 28.1564794, 0.0 ], [ 73.139607, 28.1567827, 0.0 ], [ 73.1395838, 28.1567824, 0.0 ], [ 73.1395891, 28.1564791, 0.0 ] ], [ [ 73.1395385, 28.1561667, 0.0 ], [ 73.1395616, 28.156167, 0.0 ], [ 73.1395564, 28.1564703, 0.0 ], [ 73.1395332, 28.1564699, 0.0 ], [ 73.1395385, 28.1561667, 0.0 ] ], [ [ 73.1394825, 28.1561659, 0.0 ], [ 73.1395056, 28.1561662, 0.0 ], [ 73.1395004, 28.1564695, 0.0 ], [ 73.1394772, 28.1564692, 0.0 ], [ 73.1394825, 28.1561659, 0.0 ] ], [ [ 73.1395331, 28.1564784, 0.0 ], [ 73.1395562, 28.1564787, 0.0 ], [ 73.139551, 28.1567819, 0.0 ], [ 73.1395278, 28.1567816, 0.0 ], [ 73.1395331, 28.1564784, 0.0 ] ], [ [ 73.1394771, 28.1564776, 0.0 ], [ 73.1395002, 28.1564779, 0.0 ], [ 73.139495, 28.1567812, 0.0 ], [ 73.1394719, 28.1567809, 0.0 ], [ 73.1394771, 28.1564776, 0.0 ] ], [ [ 73.1394265, 28.1561652, 0.0 ], [ 73.1394496, 28.1561655, 0.0 ], [ 73.1394444, 28.1564687, 0.0 ], [ 73.1394213, 28.1564684, 0.0 ], [ 73.1394265, 28.1561652, 0.0 ] ], [ [ 73.1393705, 28.1561644, 0.0 ], [ 73.1393936, 28.1561647, 0.0 ], [ 73.1393884, 28.156468, 0.0 ], [ 73.1393653, 28.1564677, 0.0 ], [ 73.1393705, 28.1561644, 0.0 ] ], [ [ 73.1394211, 28.1564768, 0.0 ], [ 73.1394442, 28.1564772, 0.0 ], [ 73.139439, 28.1567804, 0.0 ], [ 73.1394159, 28.1567801, 0.0 ], [ 73.1394211, 28.1564768, 0.0 ] ], [ [ 73.1393651, 28.1564761, 0.0 ], [ 73.1393883, 28.1564764, 0.0 ], [ 73.139383, 28.1567797, 0.0 ], [ 73.1393599, 28.1567793, 0.0 ], [ 73.1393651, 28.1564761, 0.0 ] ], [ [ 73.1393145, 28.1561636, 0.0 ], [ 73.1393377, 28.1561639, 0.0 ], [ 73.1393324, 28.1564672, 0.0 ], [ 73.1393093, 28.1564669, 0.0 ], [ 73.1393145, 28.1561636, 0.0 ] ], [ [ 73.1392585, 28.1561629, 0.0 ], [ 73.1392817, 28.1561632, 0.0 ], [ 73.1392764, 28.1564665, 0.0 ], [ 73.1392533, 28.1564661, 0.0 ], [ 73.1392585, 28.1561629, 0.0 ] ], [ [ 73.1393091, 28.1564753, 0.0 ], [ 73.1393323, 28.1564756, 0.0 ], [ 73.139327, 28.1567789, 0.0 ], [ 73.1393039, 28.1567786, 0.0 ], [ 73.1393091, 28.1564753, 0.0 ] ], [ [ 73.1392531, 28.1564746, 0.0 ], [ 73.1392763, 28.1564749, 0.0 ], [ 73.139271, 28.1567781, 0.0 ], [ 73.1392479, 28.1567778, 0.0 ], [ 73.1392531, 28.1564746, 0.0 ] ], [ [ 73.1392025, 28.1561621, 0.0 ], [ 73.1392257, 28.1561624, 0.0 ], [ 73.1392204, 28.1564657, 0.0 ], [ 73.1391973, 28.1564654, 0.0 ], [ 73.1392025, 28.1561621, 0.0 ] ], [ [ 73.1391466, 28.1561614, 0.0 ], [ 73.1391697, 28.1561617, 0.0 ], [ 73.1391644, 28.1564649, 0.0 ], [ 73.1391413, 28.1564646, 0.0 ], [ 73.1391466, 28.1561614, 0.0 ] ], [ [ 73.1391972, 28.1564738, 0.0 ], [ 73.1392203, 28.1564741, 0.0 ], [ 73.139215, 28.1567774, 0.0 ], [ 73.1391919, 28.1567771, 0.0 ], [ 73.1391972, 28.1564738, 0.0 ] ], [ [ 73.1391412, 28.156473, 0.0 ], [ 73.1391643, 28.1564734, 0.0 ], [ 73.139159, 28.1567766, 0.0 ], [ 73.1391359, 28.1567763, 0.0 ], [ 73.1391412, 28.156473, 0.0 ] ], [ [ 73.1390906, 28.1561606, 0.0 ], [ 73.1391137, 28.1561609, 0.0 ], [ 73.1391084, 28.1564642, 0.0 ], [ 73.1390853, 28.1564639, 0.0 ], [ 73.1390906, 28.1561606, 0.0 ] ], [ [ 73.1390346, 28.1561598, 0.0 ], [ 73.1390577, 28.1561601, 0.0 ], [ 73.1390525, 28.1564634, 0.0 ], [ 73.1390293, 28.1564631, 0.0 ], [ 73.1390346, 28.1561598, 0.0 ] ], [ [ 73.1390852, 28.1564723, 0.0 ], [ 73.1391083, 28.1564726, 0.0 ], [ 73.1391031, 28.1567759, 0.0 ], [ 73.1390799, 28.1567755, 0.0 ], [ 73.1390852, 28.1564723, 0.0 ] ], [ [ 73.1390292, 28.1564715, 0.0 ], [ 73.1390523, 28.1564718, 0.0 ], [ 73.1390471, 28.1567751, 0.0 ], [ 73.1390239, 28.1567748, 0.0 ], [ 73.1390292, 28.1564715, 0.0 ] ], [ [ 73.1389786, 28.1561591, 0.0 ], [ 73.1390017, 28.1561594, 0.0 ], [ 73.1389965, 28.1564627, 0.0 ], [ 73.1389733, 28.1564623, 0.0 ], [ 73.1389786, 28.1561591, 0.0 ] ], [ [ 73.1389226, 28.1561583, 0.0 ], [ 73.1389457, 28.1561586, 0.0 ], [ 73.1389405, 28.1564619, 0.0 ], [ 73.1389174, 28.1564616, 0.0 ], [ 73.1389226, 28.1561583, 0.0 ] ], [ [ 73.1389732, 28.1564708, 0.0 ], [ 73.1389963, 28.1564711, 0.0 ], [ 73.1389911, 28.1567743, 0.0 ], [ 73.1389679, 28.156774, 0.0 ], [ 73.1389732, 28.1564708, 0.0 ] ], [ [ 73.1389172, 28.15647, 0.0 ], [ 73.1389403, 28.1564703, 0.0 ], [ 73.1389351, 28.1567736, 0.0 ], [ 73.138912, 28.1567733, 0.0 ], [ 73.1389172, 28.15647, 0.0 ] ], [ [ 73.1388666, 28.1561575, 0.0 ], [ 73.1388897, 28.1561579, 0.0 ], [ 73.1388845, 28.1564611, 0.0 ], [ 73.1388614, 28.1564608, 0.0 ], [ 73.1388666, 28.1561575, 0.0 ] ], [ [ 73.1388106, 28.1561568, 0.0 ], [ 73.1388337, 28.1561571, 0.0 ], [ 73.1388285, 28.1564604, 0.0 ], [ 73.1388054, 28.1564601, 0.0 ], [ 73.1388106, 28.1561568, 0.0 ] ], [ [ 73.1388612, 28.1564692, 0.0 ], [ 73.1388843, 28.1564695, 0.0 ], [ 73.1388791, 28.1567728, 0.0 ], [ 73.138856, 28.1567725, 0.0 ], [ 73.1388612, 28.1564692, 0.0 ] ], [ [ 73.1388052, 28.1564685, 0.0 ], [ 73.1388284, 28.1564688, 0.0 ], [ 73.1388231, 28.1567721, 0.0 ], [ 73.1388, 28.1567717, 0.0 ], [ 73.1388052, 28.1564685, 0.0 ] ], [ [ 73.1387546, 28.156156, 0.0 ], [ 73.1387778, 28.1561563, 0.0 ], [ 73.1387725, 28.1564596, 0.0 ], [ 73.1387494, 28.1564593, 0.0 ], [ 73.1387546, 28.156156, 0.0 ] ], [ [ 73.1386986, 28.1561553, 0.0 ], [ 73.1387218, 28.1561556, 0.0 ], [ 73.1387165, 28.1564588, 0.0 ], [ 73.1386934, 28.1564585, 0.0 ], [ 73.1386986, 28.1561553, 0.0 ] ], [ [ 73.1387492, 28.1564677, 0.0 ], [ 73.1387724, 28.156468, 0.0 ], [ 73.1387671, 28.1567713, 0.0 ], [ 73.138744, 28.156771, 0.0 ], [ 73.1387492, 28.1564677, 0.0 ] ], [ [ 73.1386932, 28.156467, 0.0 ], [ 73.1387164, 28.1564673, 0.0 ], [ 73.1387111, 28.1567705, 0.0 ], [ 73.138688, 28.1567702, 0.0 ], [ 73.1386932, 28.156467, 0.0 ] ], [ [ 73.1386426, 28.1561545, 0.0 ], [ 73.1386658, 28.1561548, 0.0 ], [ 73.1386605, 28.1564581, 0.0 ], [ 73.1386374, 28.1564578, 0.0 ], [ 73.1386426, 28.1561545, 0.0 ] ], [ [ 73.1385867, 28.1561537, 0.0 ], [ 73.1386098, 28.1561541, 0.0 ], [ 73.1386045, 28.1564573, 0.0 ], [ 73.1385814, 28.156457, 0.0 ], [ 73.1385867, 28.1561537, 0.0 ] ], [ [ 73.1386373, 28.1564662, 0.0 ], [ 73.1386604, 28.1564665, 0.0 ], [ 73.1386551, 28.1567698, 0.0 ], [ 73.138632, 28.1567695, 0.0 ], [ 73.1386373, 28.1564662, 0.0 ] ], [ [ 73.1385813, 28.1564654, 0.0 ], [ 73.1386044, 28.1564657, 0.0 ], [ 73.1385991, 28.156769, 0.0 ], [ 73.138576, 28.1567687, 0.0 ], [ 73.1385813, 28.1564654, 0.0 ] ], [ [ 73.1385307, 28.156153, 0.0 ], [ 73.1385538, 28.1561533, 0.0 ], [ 73.1385486, 28.1564566, 0.0 ], [ 73.1385254, 28.1564563, 0.0 ], [ 73.1385307, 28.156153, 0.0 ] ], [ [ 73.1384747, 28.1561522, 0.0 ], [ 73.1384978, 28.1561525, 0.0 ], [ 73.1384926, 28.1564558, 0.0 ], [ 73.1384694, 28.1564555, 0.0 ], [ 73.1384747, 28.1561522, 0.0 ] ], [ [ 73.1385253, 28.1564647, 0.0 ], [ 73.1385484, 28.156465, 0.0 ], [ 73.1385432, 28.1567682, 0.0 ], [ 73.13852, 28.1567679, 0.0 ], [ 73.1385253, 28.1564647, 0.0 ] ], [ [ 73.1384693, 28.1564639, 0.0 ], [ 73.1384924, 28.1564642, 0.0 ], [ 73.1384872, 28.1567675, 0.0 ], [ 73.138464, 28.1567672, 0.0 ], [ 73.1384693, 28.1564639, 0.0 ] ], [ [ 73.1384187, 28.1561515, 0.0 ], [ 73.1384418, 28.1561518, 0.0 ], [ 73.1384366, 28.156455, 0.0 ], [ 73.1384134, 28.1564547, 0.0 ], [ 73.1384187, 28.1561515, 0.0 ] ], [ [ 73.1383627, 28.1561507, 0.0 ], [ 73.1383858, 28.156151, 0.0 ], [ 73.1383806, 28.1564543, 0.0 ], [ 73.1383575, 28.156454, 0.0 ], [ 73.1383627, 28.1561507, 0.0 ] ], [ [ 73.1384133, 28.1564631, 0.0 ], [ 73.1384364, 28.1564635, 0.0 ], [ 73.1384312, 28.1567667, 0.0 ], [ 73.138408, 28.1567664, 0.0 ], [ 73.1384133, 28.1564631, 0.0 ] ], [ [ 73.1383573, 28.1564624, 0.0 ], [ 73.1383804, 28.1564627, 0.0 ], [ 73.1383752, 28.156766, 0.0 ], [ 73.1383521, 28.1567657, 0.0 ], [ 73.1383573, 28.1564624, 0.0 ] ], [ [ 73.1383067, 28.1561499, 0.0 ], [ 73.1383298, 28.1561503, 0.0 ], [ 73.1383246, 28.1564535, 0.0 ], [ 73.1383015, 28.1564532, 0.0 ], [ 73.1383067, 28.1561499, 0.0 ] ], [ [ 73.1382507, 28.1561492, 0.0 ], [ 73.1382739, 28.1561495, 0.0 ], [ 73.1382686, 28.1564528, 0.0 ], [ 73.1382455, 28.1564524, 0.0 ], [ 73.1382507, 28.1561492, 0.0 ] ], [ [ 73.1383013, 28.1564616, 0.0 ], [ 73.1383244, 28.1564619, 0.0 ], [ 73.1383192, 28.1567652, 0.0 ], [ 73.1382961, 28.1567649, 0.0 ], [ 73.1383013, 28.1564616, 0.0 ] ], [ [ 73.1382453, 28.1564609, 0.0 ], [ 73.1382685, 28.1564612, 0.0 ], [ 73.1382632, 28.1567644, 0.0 ], [ 73.1382401, 28.1567641, 0.0 ], [ 73.1382453, 28.1564609, 0.0 ] ], [ [ 73.1402211, 28.1555563, 0.0 ], [ 73.1402442, 28.1555567, 0.0 ], [ 73.140239, 28.1558599, 0.0 ], [ 73.1402158, 28.1558596, 0.0 ], [ 73.1402211, 28.1555563, 0.0 ] ], [ [ 73.1401651, 28.1555556, 0.0 ], [ 73.1401882, 28.1555559, 0.0 ], [ 73.140183, 28.1558592, 0.0 ], [ 73.1401598, 28.1558588, 0.0 ], [ 73.1401651, 28.1555556, 0.0 ] ], [ [ 73.1402157, 28.155868, 0.0 ], [ 73.1402388, 28.1558683, 0.0 ], [ 73.1402336, 28.1561716, 0.0 ], [ 73.1402104, 28.1561713, 0.0 ], [ 73.1402157, 28.155868, 0.0 ] ], [ [ 73.1401597, 28.1558673, 0.0 ], [ 73.1401828, 28.1558676, 0.0 ], [ 73.1401776, 28.1561708, 0.0 ], [ 73.1401544, 28.1561705, 0.0 ], [ 73.1401597, 28.1558673, 0.0 ] ], [ [ 73.1401091, 28.1555548, 0.0 ], [ 73.1401322, 28.1555551, 0.0 ], [ 73.140127, 28.1558584, 0.0 ], [ 73.1401038, 28.1558581, 0.0 ], [ 73.1401091, 28.1555548, 0.0 ] ], [ [ 73.1400531, 28.1555541, 0.0 ], [ 73.1400762, 28.1555544, 0.0 ], [ 73.140071, 28.1558576, 0.0 ], [ 73.1400479, 28.1558573, 0.0 ], [ 73.1400531, 28.1555541, 0.0 ] ], [ [ 73.1401037, 28.1558665, 0.0 ], [ 73.1401268, 28.1558668, 0.0 ], [ 73.1401216, 28.1561701, 0.0 ], [ 73.1400985, 28.1561698, 0.0 ], [ 73.1401037, 28.1558665, 0.0 ] ], [ [ 73.1400477, 28.1558657, 0.0 ], [ 73.1400708, 28.1558661, 0.0 ], [ 73.1400656, 28.1561693, 0.0 ], [ 73.1400425, 28.156169, 0.0 ], [ 73.1400477, 28.1558657, 0.0 ] ], [ [ 73.1399971, 28.1555533, 0.0 ], [ 73.1400202, 28.1555536, 0.0 ], [ 73.140015, 28.1558569, 0.0 ], [ 73.1399919, 28.1558566, 0.0 ], [ 73.1399971, 28.1555533, 0.0 ] ], [ [ 73.1399411, 28.1555525, 0.0 ], [ 73.1399643, 28.1555529, 0.0 ], [ 73.139959, 28.1558561, 0.0 ], [ 73.1399359, 28.1558558, 0.0 ], [ 73.1399411, 28.1555525, 0.0 ] ], [ [ 73.1399917, 28.155865, 0.0 ], [ 73.1400149, 28.1558653, 0.0 ], [ 73.1400096, 28.1561686, 0.0 ], [ 73.1399865, 28.1561683, 0.0 ], [ 73.1399917, 28.155865, 0.0 ] ], [ [ 73.1399357, 28.1558642, 0.0 ], [ 73.1399589, 28.1558645, 0.0 ], [ 73.1399536, 28.1561678, 0.0 ], [ 73.1399305, 28.1561675, 0.0 ], [ 73.1399357, 28.1558642, 0.0 ] ], [ [ 73.1398851, 28.1555518, 0.0 ], [ 73.1399083, 28.1555521, 0.0 ], [ 73.139903, 28.1558554, 0.0 ], [ 73.1398799, 28.155855, 0.0 ], [ 73.1398851, 28.1555518, 0.0 ] ], [ [ 73.1398291, 28.155551, 0.0 ], [ 73.1398523, 28.1555513, 0.0 ], [ 73.139847, 28.1558546, 0.0 ], [ 73.1398239, 28.1558543, 0.0 ], [ 73.1398291, 28.155551, 0.0 ] ], [ [ 73.1398797, 28.1558635, 0.0 ], [ 73.1399029, 28.1558638, 0.0 ], [ 73.1398976, 28.156167, 0.0 ], [ 73.1398745, 28.1561667, 0.0 ], [ 73.1398797, 28.1558635, 0.0 ] ], [ [ 73.1398238, 28.1558627, 0.0 ], [ 73.1398469, 28.155863, 0.0 ], [ 73.1398416, 28.1561663, 0.0 ], [ 73.1398185, 28.156166, 0.0 ], [ 73.1398238, 28.1558627, 0.0 ] ], [ [ 73.1397732, 28.1555503, 0.0 ], [ 73.1397963, 28.1555506, 0.0 ], [ 73.139791, 28.1558538, 0.0 ], [ 73.1397679, 28.1558535, 0.0 ], [ 73.1397732, 28.1555503, 0.0 ] ], [ [ 73.1397172, 28.1555495, 0.0 ], [ 73.1397403, 28.1555498, 0.0 ], [ 73.139735, 28.1558531, 0.0 ], [ 73.1397119, 28.1558528, 0.0 ], [ 73.1397172, 28.1555495, 0.0 ] ], [ [ 73.1397678, 28.1558619, 0.0 ], [ 73.1397909, 28.1558623, 0.0 ], [ 73.1397856, 28.1561655, 0.0 ], [ 73.1397625, 28.1561652, 0.0 ], [ 73.1397678, 28.1558619, 0.0 ] ], [ [ 73.1397118, 28.1558612, 0.0 ], [ 73.1397349, 28.1558615, 0.0 ], [ 73.1397297, 28.1561648, 0.0 ], [ 73.1397065, 28.1561644, 0.0 ], [ 73.1397118, 28.1558612, 0.0 ] ], [ [ 73.1396612, 28.1555487, 0.0 ], [ 73.1396843, 28.1555491, 0.0 ], [ 73.1396791, 28.1558523, 0.0 ], [ 73.1396559, 28.155852, 0.0 ], [ 73.1396612, 28.1555487, 0.0 ] ], [ [ 73.1396052, 28.155548, 0.0 ], [ 73.1396283, 28.1555483, 0.0 ], [ 73.1396231, 28.1558516, 0.0 ], [ 73.1395999, 28.1558512, 0.0 ], [ 73.1396052, 28.155548, 0.0 ] ], [ [ 73.1396558, 28.1558604, 0.0 ], [ 73.1396789, 28.1558607, 0.0 ], [ 73.1396737, 28.156164, 0.0 ], [ 73.1396505, 28.1561637, 0.0 ], [ 73.1396558, 28.1558604, 0.0 ] ], [ [ 73.1395998, 28.1558597, 0.0 ], [ 73.1396229, 28.15586, 0.0 ], [ 73.1396177, 28.1561632, 0.0 ], [ 73.1395946, 28.1561629, 0.0 ], [ 73.1395998, 28.1558597, 0.0 ] ], [ [ 73.1395492, 28.1555472, 0.0 ], [ 73.1395723, 28.1555475, 0.0 ], [ 73.1395671, 28.1558508, 0.0 ], [ 73.139544, 28.1558505, 0.0 ], [ 73.1395492, 28.1555472, 0.0 ] ], [ [ 73.1394932, 28.1555465, 0.0 ], [ 73.1395163, 28.1555468, 0.0 ], [ 73.1395111, 28.15585, 0.0 ], [ 73.139488, 28.1558497, 0.0 ], [ 73.1394932, 28.1555465, 0.0 ] ], [ [ 73.1395438, 28.1558589, 0.0 ], [ 73.1395669, 28.1558592, 0.0 ], [ 73.1395617, 28.1561625, 0.0 ], [ 73.1395386, 28.1561622, 0.0 ], [ 73.1395438, 28.1558589, 0.0 ] ], [ [ 73.1394878, 28.1558581, 0.0 ], [ 73.1395109, 28.1558585, 0.0 ], [ 73.1395057, 28.1561617, 0.0 ], [ 73.1394826, 28.1561614, 0.0 ], [ 73.1394878, 28.1558581, 0.0 ] ], [ [ 73.1394372, 28.1555457, 0.0 ], [ 73.1394603, 28.155546, 0.0 ], [ 73.1394551, 28.1558493, 0.0 ], [ 73.139432, 28.155849, 0.0 ], [ 73.1394372, 28.1555457, 0.0 ] ], [ [ 73.1393812, 28.1555449, 0.0 ], [ 73.1394044, 28.1555452, 0.0 ], [ 73.1393991, 28.1558485, 0.0 ], [ 73.139376, 28.1558482, 0.0 ], [ 73.1393812, 28.1555449, 0.0 ] ], [ [ 73.1394318, 28.1558574, 0.0 ], [ 73.139455, 28.1558577, 0.0 ], [ 73.1394497, 28.156161, 0.0 ], [ 73.1394266, 28.1561606, 0.0 ], [ 73.1394318, 28.1558574, 0.0 ] ], [ [ 73.1393758, 28.1558566, 0.0 ], [ 73.139399, 28.1558569, 0.0 ], [ 73.1393937, 28.1561602, 0.0 ], [ 73.1393706, 28.1561599, 0.0 ], [ 73.1393758, 28.1558566, 0.0 ] ], [ [ 73.1393252, 28.1555442, 0.0 ], [ 73.1393484, 28.1555445, 0.0 ], [ 73.1393431, 28.1558478, 0.0 ], [ 73.13932, 28.1558474, 0.0 ], [ 73.1393252, 28.1555442, 0.0 ] ], [ [ 73.1392693, 28.1555434, 0.0 ], [ 73.1392924, 28.1555437, 0.0 ], [ 73.1392871, 28.155847, 0.0 ], [ 73.139264, 28.1558467, 0.0 ], [ 73.1392693, 28.1555434, 0.0 ] ], [ [ 73.1393198, 28.1558559, 0.0 ], [ 73.139343, 28.1558562, 0.0 ], [ 73.1393377, 28.1561594, 0.0 ], [ 73.1393146, 28.1561591, 0.0 ], [ 73.1393198, 28.1558559, 0.0 ] ], [ [ 73.1392639, 28.1558551, 0.0 ], [ 73.139287, 28.1558554, 0.0 ], [ 73.1392817, 28.1561587, 0.0 ], [ 73.1392586, 28.1561584, 0.0 ], [ 73.1392639, 28.1558551, 0.0 ] ], [ [ 73.1392133, 28.1555427, 0.0 ], [ 73.1392364, 28.155543, 0.0 ], [ 73.1392311, 28.1558462, 0.0 ], [ 73.139208, 28.1558459, 0.0 ], [ 73.1392133, 28.1555427, 0.0 ] ], [ [ 73.1391573, 28.1555419, 0.0 ], [ 73.1391804, 28.1555422, 0.0 ], [ 73.1391752, 28.1558455, 0.0 ], [ 73.139152, 28.1558452, 0.0 ], [ 73.1391573, 28.1555419, 0.0 ] ], [ [ 73.1392079, 28.1558543, 0.0 ], [ 73.139231, 28.1558546, 0.0 ], [ 73.1392258, 28.1561579, 0.0 ], [ 73.1392026, 28.1561576, 0.0 ], [ 73.1392079, 28.1558543, 0.0 ] ], [ [ 73.1391519, 28.1558536, 0.0 ], [ 73.139175, 28.1558539, 0.0 ], [ 73.1391698, 28.1561572, 0.0 ], [ 73.1391466, 28.1561568, 0.0 ], [ 73.1391519, 28.1558536, 0.0 ] ], [ [ 73.1391013, 28.1555411, 0.0 ], [ 73.1391244, 28.1555414, 0.0 ], [ 73.1391192, 28.1558447, 0.0 ], [ 73.139096, 28.1558444, 0.0 ], [ 73.1391013, 28.1555411, 0.0 ] ], [ [ 73.1390453, 28.1555404, 0.0 ], [ 73.1390684, 28.1555407, 0.0 ], [ 73.1390632, 28.1558439, 0.0 ], [ 73.13904, 28.1558436, 0.0 ], [ 73.1390453, 28.1555404, 0.0 ] ], [ [ 73.1390959, 28.1558528, 0.0 ], [ 73.139119, 28.1558531, 0.0 ], [ 73.1391138, 28.1561564, 0.0 ], [ 73.1390906, 28.1561561, 0.0 ], [ 73.1390959, 28.1558528, 0.0 ] ], [ [ 73.1390399, 28.1558521, 0.0 ], [ 73.139063, 28.1558524, 0.0 ], [ 73.1390578, 28.1561556, 0.0 ], [ 73.1390347, 28.1561553, 0.0 ], [ 73.1390399, 28.1558521, 0.0 ] ], [ [ 73.1389893, 28.1555396, 0.0 ], [ 73.1390124, 28.1555399, 0.0 ], [ 73.1390072, 28.1558432, 0.0 ], [ 73.1389841, 28.1558429, 0.0 ], [ 73.1389893, 28.1555396, 0.0 ] ], [ [ 73.1389333, 28.1555388, 0.0 ], [ 73.1389564, 28.1555392, 0.0 ], [ 73.1389512, 28.1558424, 0.0 ], [ 73.1389281, 28.1558421, 0.0 ], [ 73.1389333, 28.1555388, 0.0 ] ], [ [ 73.1389839, 28.1558513, 0.0 ], [ 73.139007, 28.1558516, 0.0 ], [ 73.1390018, 28.1561549, 0.0 ], [ 73.1389787, 28.1561546, 0.0 ], [ 73.1389839, 28.1558513, 0.0 ] ], [ [ 73.1389279, 28.1558505, 0.0 ], [ 73.1389511, 28.1558508, 0.0 ], [ 73.1389458, 28.1561541, 0.0 ], [ 73.1389227, 28.1561538, 0.0 ], [ 73.1389279, 28.1558505, 0.0 ] ], [ [ 73.1388773, 28.1555381, 0.0 ], [ 73.1389005, 28.1555384, 0.0 ], [ 73.1388952, 28.1558417, 0.0 ], [ 73.1388721, 28.1558414, 0.0 ], [ 73.1388773, 28.1555381, 0.0 ] ], [ [ 73.1388213, 28.1555373, 0.0 ], [ 73.1388445, 28.1555376, 0.0 ], [ 73.1388392, 28.1558409, 0.0 ], [ 73.1388161, 28.1558406, 0.0 ], [ 73.1388213, 28.1555373, 0.0 ] ], [ [ 73.1388719, 28.1558498, 0.0 ], [ 73.1388951, 28.1558501, 0.0 ], [ 73.1388898, 28.1561534, 0.0 ], [ 73.1388667, 28.156153, 0.0 ], [ 73.1388719, 28.1558498, 0.0 ] ], [ [ 73.1388159, 28.155849, 0.0 ], [ 73.1388391, 28.1558493, 0.0 ], [ 73.1388338, 28.1561526, 0.0 ], [ 73.1388107, 28.1561523, 0.0 ], [ 73.1388159, 28.155849, 0.0 ] ], [ [ 73.1387653, 28.1555366, 0.0 ], [ 73.1387885, 28.1555369, 0.0 ], [ 73.1387832, 28.1558401, 0.0 ], [ 73.1387601, 28.1558398, 0.0 ], [ 73.1387653, 28.1555366, 0.0 ] ], [ [ 73.1387094, 28.1555358, 0.0 ], [ 73.1387325, 28.1555361, 0.0 ], [ 73.1387272, 28.1558394, 0.0 ], [ 73.1387041, 28.1558391, 0.0 ], [ 73.1387094, 28.1555358, 0.0 ] ], [ [ 73.13876, 28.1558482, 0.0 ], [ 73.1387831, 28.1558486, 0.0 ], [ 73.1387778, 28.1561518, 0.0 ], [ 73.1387547, 28.1561515, 0.0 ], [ 73.13876, 28.1558482, 0.0 ] ], [ [ 73.138704, 28.1558475, 0.0 ], [ 73.1387271, 28.1558478, 0.0 ], [ 73.1387218, 28.1561511, 0.0 ], [ 73.1386987, 28.1561508, 0.0 ], [ 73.138704, 28.1558475, 0.0 ] ], [ [ 73.1386534, 28.155535, 0.0 ], [ 73.1386765, 28.1555354, 0.0 ], [ 73.1386712, 28.1558386, 0.0 ], [ 73.1386481, 28.1558383, 0.0 ], [ 73.1386534, 28.155535, 0.0 ] ], [ [ 73.1385974, 28.1555343, 0.0 ], [ 73.1386205, 28.1555346, 0.0 ], [ 73.1386153, 28.1558379, 0.0 ], [ 73.1385921, 28.1558375, 0.0 ], [ 73.1385974, 28.1555343, 0.0 ] ], [ [ 73.138648, 28.1558467, 0.0 ], [ 73.1386711, 28.155847, 0.0 ], [ 73.1386659, 28.1561503, 0.0 ], [ 73.1386427, 28.15615, 0.0 ], [ 73.138648, 28.1558467, 0.0 ] ], [ [ 73.138592, 28.155846, 0.0 ], [ 73.1386151, 28.1558463, 0.0 ], [ 73.1386099, 28.1561495, 0.0 ], [ 73.1385867, 28.1561492, 0.0 ], [ 73.138592, 28.155846, 0.0 ] ], [ [ 73.1385414, 28.1555335, 0.0 ], [ 73.1385645, 28.1555338, 0.0 ], [ 73.1385593, 28.1558371, 0.0 ], [ 73.1385361, 28.1558368, 0.0 ], [ 73.1385414, 28.1555335, 0.0 ] ], [ [ 73.1384854, 28.1555328, 0.0 ], [ 73.1385085, 28.1555331, 0.0 ], [ 73.1385033, 28.1558363, 0.0 ], [ 73.1384802, 28.155836, 0.0 ], [ 73.1384854, 28.1555328, 0.0 ] ], [ [ 73.138536, 28.1558452, 0.0 ], [ 73.1385591, 28.1558455, 0.0 ], [ 73.1385539, 28.1561488, 0.0 ], [ 73.1385307, 28.1561485, 0.0 ], [ 73.138536, 28.1558452, 0.0 ] ], [ [ 73.13848, 28.1558444, 0.0 ], [ 73.1385031, 28.1558448, 0.0 ], [ 73.1384979, 28.156148, 0.0 ], [ 73.1384748, 28.1561477, 0.0 ], [ 73.13848, 28.1558444, 0.0 ] ], [ [ 73.1384294, 28.155532, 0.0 ], [ 73.1384525, 28.1555323, 0.0 ], [ 73.1384473, 28.1558356, 0.0 ], [ 73.1384242, 28.1558353, 0.0 ], [ 73.1384294, 28.155532, 0.0 ] ], [ [ 73.1383734, 28.1555312, 0.0 ], [ 73.1383966, 28.1555316, 0.0 ], [ 73.1383913, 28.1558348, 0.0 ], [ 73.1383682, 28.1558345, 0.0 ], [ 73.1383734, 28.1555312, 0.0 ] ], [ [ 73.138424, 28.1558437, 0.0 ], [ 73.1384471, 28.155844, 0.0 ], [ 73.1384419, 28.1561473, 0.0 ], [ 73.1384188, 28.156147, 0.0 ], [ 73.138424, 28.1558437, 0.0 ] ], [ [ 73.138368, 28.1558429, 0.0 ], [ 73.1383912, 28.1558432, 0.0 ], [ 73.1383859, 28.1561465, 0.0 ], [ 73.1383628, 28.1561462, 0.0 ], [ 73.138368, 28.1558429, 0.0 ] ], [ [ 73.1383174, 28.1555305, 0.0 ], [ 73.1383406, 28.1555308, 0.0 ], [ 73.1383353, 28.1558341, 0.0 ], [ 73.1383122, 28.1558337, 0.0 ], [ 73.1383174, 28.1555305, 0.0 ] ], [ [ 73.1382614, 28.1555297, 0.0 ], [ 73.1382846, 28.15553, 0.0 ], [ 73.1382793, 28.1558333, 0.0 ], [ 73.1382562, 28.155833, 0.0 ], [ 73.1382614, 28.1555297, 0.0 ] ], [ [ 73.138312, 28.1558422, 0.0 ], [ 73.1383352, 28.1558425, 0.0 ], [ 73.1383299, 28.1561457, 0.0 ], [ 73.1383068, 28.1561454, 0.0 ], [ 73.138312, 28.1558422, 0.0 ] ], [ [ 73.138256, 28.1558414, 0.0 ], [ 73.1382792, 28.1558417, 0.0 ], [ 73.1382739, 28.156145, 0.0 ], [ 73.1382508, 28.1561447, 0.0 ], [ 73.138256, 28.1558414, 0.0 ] ], [ [ 73.1401198, 28.1549354, 0.0 ], [ 73.1401429, 28.1549357, 0.0 ], [ 73.1401377, 28.1552389, 0.0 ], [ 73.1401146, 28.1552386, 0.0 ], [ 73.1401198, 28.1549354, 0.0 ] ], [ [ 73.1400638, 28.1549346, 0.0 ], [ 73.1400869, 28.1549349, 0.0 ], [ 73.1400817, 28.1552382, 0.0 ], [ 73.1400586, 28.1552379, 0.0 ], [ 73.1400638, 28.1549346, 0.0 ] ], [ [ 73.1401144, 28.155247, 0.0 ], [ 73.1401375, 28.1552474, 0.0 ], [ 73.1401323, 28.1555506, 0.0 ], [ 73.1401092, 28.1555503, 0.0 ], [ 73.1401144, 28.155247, 0.0 ] ], [ [ 73.1400584, 28.1552463, 0.0 ], [ 73.1400816, 28.1552466, 0.0 ], [ 73.1400763, 28.1555499, 0.0 ], [ 73.1400532, 28.1555495, 0.0 ], [ 73.1400584, 28.1552463, 0.0 ] ], [ [ 73.1400078, 28.1549338, 0.0 ], [ 73.140031, 28.1549341, 0.0 ], [ 73.1400257, 28.1552374, 0.0 ], [ 73.1400026, 28.1552371, 0.0 ], [ 73.1400078, 28.1549338, 0.0 ] ], [ [ 73.1399518, 28.1549331, 0.0 ], [ 73.139975, 28.1549334, 0.0 ], [ 73.1399697, 28.1552367, 0.0 ], [ 73.1399466, 28.1552363, 0.0 ], [ 73.1399518, 28.1549331, 0.0 ] ], [ [ 73.1400024, 28.1552455, 0.0 ], [ 73.1400256, 28.1552458, 0.0 ], [ 73.1400203, 28.1555491, 0.0 ], [ 73.1399972, 28.1555488, 0.0 ], [ 73.1400024, 28.1552455, 0.0 ] ], [ [ 73.1399464, 28.1552448, 0.0 ], [ 73.1399696, 28.1552451, 0.0 ], [ 73.1399643, 28.1555483, 0.0 ], [ 73.1399412, 28.155548, 0.0 ], [ 73.1399464, 28.1552448, 0.0 ] ], [ [ 73.1398958, 28.1549323, 0.0 ], [ 73.139919, 28.1549326, 0.0 ], [ 73.1399137, 28.1552359, 0.0 ], [ 73.1398906, 28.1552356, 0.0 ], [ 73.1398958, 28.1549323, 0.0 ] ], [ [ 73.1398399, 28.1549316, 0.0 ], [ 73.139863, 28.1549319, 0.0 ], [ 73.1398577, 28.1552351, 0.0 ], [ 73.1398346, 28.1552348, 0.0 ], [ 73.1398399, 28.1549316, 0.0 ] ], [ [ 73.1398905, 28.155244, 0.0 ], [ 73.1399136, 28.1552443, 0.0 ], [ 73.1399083, 28.1555476, 0.0 ], [ 73.1398852, 28.1555473, 0.0 ], [ 73.1398905, 28.155244, 0.0 ] ], [ [ 73.1398345, 28.1552432, 0.0 ], [ 73.1398576, 28.1552436, 0.0 ], [ 73.1398524, 28.1555468, 0.0 ], [ 73.1398292, 28.1555465, 0.0 ], [ 73.1398345, 28.1552432, 0.0 ] ], [ [ 73.1397839, 28.1549308, 0.0 ], [ 73.139807, 28.1549311, 0.0 ], [ 73.1398018, 28.1552344, 0.0 ], [ 73.1397786, 28.1552341, 0.0 ], [ 73.1397839, 28.1549308, 0.0 ] ], [ [ 73.1397279, 28.15493, 0.0 ], [ 73.139751, 28.1549303, 0.0 ], [ 73.1397458, 28.1552336, 0.0 ], [ 73.1397226, 28.1552333, 0.0 ], [ 73.1397279, 28.15493, 0.0 ] ], [ [ 73.1397785, 28.1552425, 0.0 ], [ 73.1398016, 28.1552428, 0.0 ], [ 73.1397964, 28.1555461, 0.0 ], [ 73.1397732, 28.1555457, 0.0 ], [ 73.1397785, 28.1552425, 0.0 ] ], [ [ 73.1397225, 28.1552417, 0.0 ], [ 73.1397456, 28.155242, 0.0 ], [ 73.1397404, 28.1555453, 0.0 ], [ 73.1397172, 28.155545, 0.0 ], [ 73.1397225, 28.1552417, 0.0 ] ], [ [ 73.1396719, 28.1549293, 0.0 ], [ 73.139695, 28.1549296, 0.0 ], [ 73.1396898, 28.1552329, 0.0 ], [ 73.1396666, 28.1552325, 0.0 ], [ 73.1396719, 28.1549293, 0.0 ] ], [ [ 73.1396159, 28.1549285, 0.0 ], [ 73.139639, 28.1549288, 0.0 ], [ 73.1396338, 28.1552321, 0.0 ], [ 73.1396107, 28.1552318, 0.0 ], [ 73.1396159, 28.1549285, 0.0 ] ], [ [ 73.1396665, 28.155241, 0.0 ], [ 73.1396896, 28.1552413, 0.0 ], [ 73.1396844, 28.1555445, 0.0 ], [ 73.1396613, 28.1555442, 0.0 ], [ 73.1396665, 28.155241, 0.0 ] ], [ [ 73.1396105, 28.1552402, 0.0 ], [ 73.1396336, 28.1552405, 0.0 ], [ 73.1396284, 28.1555438, 0.0 ], [ 73.1396053, 28.1555435, 0.0 ], [ 73.1396105, 28.1552402, 0.0 ] ], [ [ 73.1395599, 28.1549278, 0.0 ], [ 73.139583, 28.1549281, 0.0 ], [ 73.1395778, 28.1552313, 0.0 ], [ 73.1395547, 28.155231, 0.0 ], [ 73.1395599, 28.1549278, 0.0 ] ], [ [ 73.1395039, 28.154927, 0.0 ], [ 73.139527, 28.1549273, 0.0 ], [ 73.1395218, 28.1552306, 0.0 ], [ 73.1394987, 28.1552303, 0.0 ], [ 73.1395039, 28.154927, 0.0 ] ], [ [ 73.1395545, 28.1552394, 0.0 ], [ 73.1395776, 28.1552398, 0.0 ], [ 73.1395724, 28.155543, 0.0 ], [ 73.1395493, 28.1555427, 0.0 ], [ 73.1395545, 28.1552394, 0.0 ] ], [ [ 73.1394985, 28.1552387, 0.0 ], [ 73.1395217, 28.155239, 0.0 ], [ 73.1395164, 28.1555423, 0.0 ], [ 73.1394933, 28.1555419, 0.0 ], [ 73.1394985, 28.1552387, 0.0 ] ], [ [ 73.1394479, 28.1549262, 0.0 ], [ 73.1394711, 28.1549265, 0.0 ], [ 73.1394658, 28.1552298, 0.0 ], [ 73.1394427, 28.1552295, 0.0 ], [ 73.1394479, 28.1549262, 0.0 ] ], [ [ 73.1393919, 28.1549255, 0.0 ], [ 73.1394151, 28.1549258, 0.0 ], [ 73.1394098, 28.1552291, 0.0 ], [ 73.1393867, 28.1552287, 0.0 ], [ 73.1393919, 28.1549255, 0.0 ] ], [ [ 73.1394425, 28.1552379, 0.0 ], [ 73.1394657, 28.1552382, 0.0 ], [ 73.1394604, 28.1555415, 0.0 ], [ 73.1394373, 28.1555412, 0.0 ], [ 73.1394425, 28.1552379, 0.0 ] ], [ [ 73.1393866, 28.1552372, 0.0 ], [ 73.1394097, 28.1552375, 0.0 ], [ 73.1394044, 28.1555407, 0.0 ], [ 73.1393813, 28.1555404, 0.0 ], [ 73.1393866, 28.1552372, 0.0 ] ], [ [ 73.139336, 28.1549247, 0.0 ], [ 73.1393591, 28.154925, 0.0 ], [ 73.1393538, 28.1552283, 0.0 ], [ 73.1393307, 28.155228, 0.0 ], [ 73.139336, 28.1549247, 0.0 ] ], [ [ 73.13928, 28.1549239, 0.0 ], [ 73.1393031, 28.1549243, 0.0 ], [ 73.1392978, 28.1552275, 0.0 ], [ 73.1392747, 28.1552272, 0.0 ], [ 73.13928, 28.1549239, 0.0 ] ], [ [ 73.1393306, 28.1552364, 0.0 ], [ 73.1393537, 28.1552367, 0.0 ], [ 73.1393484, 28.15554, 0.0 ], [ 73.1393253, 28.1555397, 0.0 ], [ 73.1393306, 28.1552364, 0.0 ] ], [ [ 73.1392746, 28.1552356, 0.0 ], [ 73.1392977, 28.1552359, 0.0 ], [ 73.1392925, 28.1555392, 0.0 ], [ 73.1392693, 28.1555389, 0.0 ], [ 73.1392746, 28.1552356, 0.0 ] ], [ [ 73.139224, 28.1549232, 0.0 ], [ 73.1392471, 28.1549235, 0.0 ], [ 73.1392419, 28.1552268, 0.0 ], [ 73.1392187, 28.1552265, 0.0 ], [ 73.139224, 28.1549232, 0.0 ] ], [ [ 73.139168, 28.1549224, 0.0 ], [ 73.1391911, 28.1549227, 0.0 ], [ 73.1391859, 28.155226, 0.0 ], [ 73.1391627, 28.1552257, 0.0 ], [ 73.139168, 28.1549224, 0.0 ] ], [ [ 73.1392186, 28.1552349, 0.0 ], [ 73.1392417, 28.1552352, 0.0 ], [ 73.1392365, 28.1555385, 0.0 ], [ 73.1392133, 28.1555381, 0.0 ], [ 73.1392186, 28.1552349, 0.0 ] ], [ [ 73.1391626, 28.1552341, 0.0 ], [ 73.1391857, 28.1552344, 0.0 ], [ 73.1391805, 28.1555377, 0.0 ], [ 73.1391573, 28.1555374, 0.0 ], [ 73.1391626, 28.1552341, 0.0 ] ], [ [ 73.139112, 28.1549217, 0.0 ], [ 73.1391351, 28.154922, 0.0 ], [ 73.1391299, 28.1552252, 0.0 ], [ 73.1391068, 28.1552249, 0.0 ], [ 73.139112, 28.1549217, 0.0 ] ], [ [ 73.139056, 28.1549209, 0.0 ], [ 73.1390791, 28.1549212, 0.0 ], [ 73.1390739, 28.1552245, 0.0 ], [ 73.1390508, 28.1552242, 0.0 ], [ 73.139056, 28.1549209, 0.0 ] ], [ [ 73.1391066, 28.1552334, 0.0 ], [ 73.1391297, 28.1552337, 0.0 ], [ 73.1391245, 28.1555369, 0.0 ], [ 73.1391014, 28.1555366, 0.0 ], [ 73.1391066, 28.1552334, 0.0 ] ], [ [ 73.1390506, 28.1552326, 0.0 ], [ 73.1390737, 28.1552329, 0.0 ], [ 73.1390685, 28.1555362, 0.0 ], [ 73.1390454, 28.1555359, 0.0 ], [ 73.1390506, 28.1552326, 0.0 ] ], [ [ 73.139, 28.1549201, 0.0 ], [ 73.1390231, 28.1549205, 0.0 ], [ 73.1390179, 28.1552237, 0.0 ], [ 73.1389948, 28.1552234, 0.0 ], [ 73.139, 28.1549201, 0.0 ] ], [ [ 73.138944, 28.1549194, 0.0 ], [ 73.1389672, 28.1549197, 0.0 ], [ 73.1389619, 28.155223, 0.0 ], [ 73.1389388, 28.1552227, 0.0 ], [ 73.138944, 28.1549194, 0.0 ] ], [ [ 73.1389946, 28.1552318, 0.0 ], [ 73.1390178, 28.1552321, 0.0 ], [ 73.1390125, 28.1555354, 0.0 ], [ 73.1389894, 28.1555351, 0.0 ], [ 73.1389946, 28.1552318, 0.0 ] ], [ [ 73.1389386, 28.1552311, 0.0 ], [ 73.1389618, 28.1552314, 0.0 ], [ 73.1389565, 28.1555347, 0.0 ], [ 73.1389334, 28.1555343, 0.0 ], [ 73.1389386, 28.1552311, 0.0 ] ], [ [ 73.138888, 28.1549186, 0.0 ], [ 73.1389112, 28.1549189, 0.0 ], [ 73.1389059, 28.1552222, 0.0 ], [ 73.1388828, 28.1552219, 0.0 ], [ 73.138888, 28.1549186, 0.0 ] ], [ [ 73.1388321, 28.1549179, 0.0 ], [ 73.1388552, 28.1549182, 0.0 ], [ 73.1388499, 28.1552214, 0.0 ], [ 73.1388268, 28.1552211, 0.0 ], [ 73.1388321, 28.1549179, 0.0 ] ], [ [ 73.1388826, 28.1552303, 0.0 ], [ 73.1389058, 28.1552306, 0.0 ], [ 73.1389005, 28.1555339, 0.0 ], [ 73.1388774, 28.1555336, 0.0 ], [ 73.1388826, 28.1552303, 0.0 ] ], [ [ 73.1388267, 28.1552295, 0.0 ], [ 73.1388498, 28.1552299, 0.0 ], [ 73.1388445, 28.1555331, 0.0 ], [ 73.1388214, 28.1555328, 0.0 ], [ 73.1388267, 28.1552295, 0.0 ] ], [ [ 73.1387761, 28.1549171, 0.0 ], [ 73.1387992, 28.1549174, 0.0 ], [ 73.1387939, 28.1552207, 0.0 ], [ 73.1387708, 28.1552204, 0.0 ], [ 73.1387761, 28.1549171, 0.0 ] ], [ [ 73.1387201, 28.1549163, 0.0 ], [ 73.1387432, 28.1549167, 0.0 ], [ 73.138738, 28.1552199, 0.0 ], [ 73.1387148, 28.1552196, 0.0 ], [ 73.1387201, 28.1549163, 0.0 ] ], [ [ 73.1387707, 28.1552288, 0.0 ], [ 73.1387938, 28.1552291, 0.0 ], [ 73.1387886, 28.1555324, 0.0 ], [ 73.1387654, 28.1555321, 0.0 ], [ 73.1387707, 28.1552288, 0.0 ] ], [ [ 73.1387147, 28.155228, 0.0 ], [ 73.1387378, 28.1552283, 0.0 ], [ 73.1387326, 28.1555316, 0.0 ], [ 73.1387094, 28.1555313, 0.0 ], [ 73.1387147, 28.155228, 0.0 ] ], [ [ 73.1386641, 28.1549156, 0.0 ], [ 73.1386872, 28.1549159, 0.0 ], [ 73.138682, 28.1552192, 0.0 ], [ 73.1386588, 28.1552188, 0.0 ], [ 73.1386641, 28.1549156, 0.0 ] ], [ [ 73.1386081, 28.1549148, 0.0 ], [ 73.1386312, 28.1549151, 0.0 ], [ 73.138626, 28.1552184, 0.0 ], [ 73.1386028, 28.1552181, 0.0 ], [ 73.1386081, 28.1549148, 0.0 ] ], [ [ 73.1386587, 28.1552273, 0.0 ], [ 73.1386818, 28.1552276, 0.0 ], [ 73.1386766, 28.1555308, 0.0 ], [ 73.1386534, 28.1555305, 0.0 ], [ 73.1386587, 28.1552273, 0.0 ] ], [ [ 73.1386027, 28.1552265, 0.0 ], [ 73.1386258, 28.1552268, 0.0 ], [ 73.1386206, 28.1555301, 0.0 ], [ 73.1385975, 28.1555298, 0.0 ], [ 73.1386027, 28.1552265, 0.0 ] ], [ [ 73.1385521, 28.1549141, 0.0 ], [ 73.1385752, 28.1549144, 0.0 ], [ 73.13857, 28.1552176, 0.0 ], [ 73.1385469, 28.1552173, 0.0 ], [ 73.1385521, 28.1549141, 0.0 ] ], [ [ 73.1384961, 28.1549133, 0.0 ], [ 73.1385192, 28.1549136, 0.0 ], [ 73.138514, 28.1552169, 0.0 ], [ 73.1384909, 28.1552166, 0.0 ], [ 73.1384961, 28.1549133, 0.0 ] ], [ [ 73.1385467, 28.1552257, 0.0 ], [ 73.1385698, 28.1552261, 0.0 ], [ 73.1385646, 28.1555293, 0.0 ], [ 73.1385415, 28.155529, 0.0 ], [ 73.1385467, 28.1552257, 0.0 ] ], [ [ 73.1384907, 28.155225, 0.0 ], [ 73.1385139, 28.1552253, 0.0 ], [ 73.1385086, 28.1555286, 0.0 ], [ 73.1384855, 28.1555282, 0.0 ], [ 73.1384907, 28.155225, 0.0 ] ], [ [ 73.1384401, 28.1549125, 0.0 ], [ 73.1384633, 28.1549129, 0.0 ], [ 73.138458, 28.1552161, 0.0 ], [ 73.1384349, 28.1552158, 0.0 ], [ 73.1384401, 28.1549125, 0.0 ] ], [ [ 73.1383841, 28.1549118, 0.0 ], [ 73.1384073, 28.1549121, 0.0 ], [ 73.138402, 28.1552154, 0.0 ], [ 73.1383789, 28.155215, 0.0 ], [ 73.1383841, 28.1549118, 0.0 ] ], [ [ 73.1384347, 28.1552242, 0.0 ], [ 73.1384579, 28.1552245, 0.0 ], [ 73.1384526, 28.1555278, 0.0 ], [ 73.1384295, 28.1555275, 0.0 ], [ 73.1384347, 28.1552242, 0.0 ] ], [ [ 73.1383787, 28.1552235, 0.0 ], [ 73.1384019, 28.1552238, 0.0 ], [ 73.1383966, 28.155527, 0.0 ], [ 73.1383735, 28.1555267, 0.0 ], [ 73.1383787, 28.1552235, 0.0 ] ], [ [ 73.1383282, 28.154911, 0.0 ], [ 73.1383513, 28.1549113, 0.0 ], [ 73.138346, 28.1552146, 0.0 ], [ 73.1383229, 28.1552143, 0.0 ], [ 73.1383282, 28.154911, 0.0 ] ], [ [ 73.1382722, 28.1549103, 0.0 ], [ 73.1382953, 28.1549106, 0.0 ], [ 73.13829, 28.1552138, 0.0 ], [ 73.1382669, 28.1552135, 0.0 ], [ 73.1382722, 28.1549103, 0.0 ] ], [ [ 73.1383228, 28.1552227, 0.0 ], [ 73.1383459, 28.155223, 0.0 ], [ 73.1383406, 28.1555263, 0.0 ], [ 73.1383175, 28.155526, 0.0 ], [ 73.1383228, 28.1552227, 0.0 ] ], [ [ 73.1382668, 28.1552219, 0.0 ], [ 73.1382899, 28.1552223, 0.0 ], [ 73.1382846, 28.1555255, 0.0 ], [ 73.1382615, 28.1555252, 0.0 ], [ 73.1382668, 28.1552219, 0.0 ] ], [ [ 73.1403545, 28.1543189, 0.0 ], [ 73.1403776, 28.1543192, 0.0 ], [ 73.1403724, 28.1546225, 0.0 ], [ 73.1403492, 28.1546222, 0.0 ], [ 73.1403545, 28.1543189, 0.0 ] ], [ [ 73.1402985, 28.1543182, 0.0 ], [ 73.1403216, 28.1543185, 0.0 ], [ 73.1403164, 28.1546218, 0.0 ], [ 73.1402932, 28.1546214, 0.0 ], [ 73.1402985, 28.1543182, 0.0 ] ], [ [ 73.1403491, 28.1546306, 0.0 ], [ 73.1403722, 28.1546309, 0.0 ], [ 73.140367, 28.1549342, 0.0 ], [ 73.1403438, 28.1549339, 0.0 ], [ 73.1403491, 28.1546306, 0.0 ] ], [ [ 73.1402931, 28.1546299, 0.0 ], [ 73.1403162, 28.1546302, 0.0 ], [ 73.140311, 28.1549334, 0.0 ], [ 73.1402878, 28.1549331, 0.0 ], [ 73.1402931, 28.1546299, 0.0 ] ], [ [ 73.1402425, 28.1543174, 0.0 ], [ 73.1402656, 28.1543177, 0.0 ], [ 73.1402604, 28.154621, 0.0 ], [ 73.1402372, 28.1546207, 0.0 ], [ 73.1402425, 28.1543174, 0.0 ] ], [ [ 73.1401865, 28.1543167, 0.0 ], [ 73.1402096, 28.154317, 0.0 ], [ 73.1402044, 28.1546202, 0.0 ], [ 73.1401813, 28.1546199, 0.0 ], [ 73.1401865, 28.1543167, 0.0 ] ], [ [ 73.1402371, 28.1546291, 0.0 ], [ 73.1402602, 28.1546294, 0.0 ], [ 73.140255, 28.1549327, 0.0 ], [ 73.1402319, 28.1549324, 0.0 ], [ 73.1402371, 28.1546291, 0.0 ] ], [ [ 73.1401811, 28.1546283, 0.0 ], [ 73.1402042, 28.1546287, 0.0 ], [ 73.140199, 28.1549319, 0.0 ], [ 73.1401759, 28.1549316, 0.0 ], [ 73.1401811, 28.1546283, 0.0 ] ], [ [ 73.1401305, 28.1543159, 0.0 ], [ 73.1401536, 28.1543162, 0.0 ], [ 73.1401484, 28.1546195, 0.0 ], [ 73.1401253, 28.1546192, 0.0 ], [ 73.1401305, 28.1543159, 0.0 ] ], [ [ 73.1400745, 28.1543151, 0.0 ], [ 73.1400976, 28.1543154, 0.0 ], [ 73.1400924, 28.1546187, 0.0 ], [ 73.1400693, 28.1546184, 0.0 ], [ 73.1400745, 28.1543151, 0.0 ] ], [ [ 73.1401251, 28.1546276, 0.0 ], [ 73.1401482, 28.1546279, 0.0 ], [ 73.140143, 28.1549312, 0.0 ], [ 73.1401199, 28.1549308, 0.0 ], [ 73.1401251, 28.1546276, 0.0 ] ], [ [ 73.1400691, 28.1546268, 0.0 ], [ 73.1400923, 28.1546271, 0.0 ], [ 73.140087, 28.1549304, 0.0 ], [ 73.1400639, 28.1549301, 0.0 ], [ 73.1400691, 28.1546268, 0.0 ] ], [ [ 73.1400185, 28.1543144, 0.0 ], [ 73.1400417, 28.1543147, 0.0 ], [ 73.1400364, 28.154618, 0.0 ], [ 73.1400133, 28.1546176, 0.0 ], [ 73.1400185, 28.1543144, 0.0 ] ], [ [ 73.1399625, 28.1543136, 0.0 ], [ 73.1399857, 28.1543139, 0.0 ], [ 73.1399804, 28.1546172, 0.0 ], [ 73.1399573, 28.1546169, 0.0 ], [ 73.1399625, 28.1543136, 0.0 ] ], [ [ 73.1400131, 28.1546261, 0.0 ], [ 73.1400363, 28.1546264, 0.0 ], [ 73.140031, 28.1549296, 0.0 ], [ 73.1400079, 28.1549293, 0.0 ], [ 73.1400131, 28.1546261, 0.0 ] ], [ [ 73.1399572, 28.1546253, 0.0 ], [ 73.1399803, 28.1546256, 0.0 ], [ 73.139975, 28.1549289, 0.0 ], [ 73.1399519, 28.1549286, 0.0 ], [ 73.1399572, 28.1546253, 0.0 ] ], [ [ 73.1399066, 28.1543129, 0.0 ], [ 73.1399297, 28.1543132, 0.0 ], [ 73.1399244, 28.1546164, 0.0 ], [ 73.1399013, 28.1546161, 0.0 ], [ 73.1399066, 28.1543129, 0.0 ] ], [ [ 73.1398506, 28.1543121, 0.0 ], [ 73.1398737, 28.1543124, 0.0 ], [ 73.1398685, 28.1546157, 0.0 ], [ 73.1398453, 28.1546154, 0.0 ], [ 73.1398506, 28.1543121, 0.0 ] ], [ [ 73.1399012, 28.1546245, 0.0 ], [ 73.1399243, 28.1546249, 0.0 ], [ 73.1399191, 28.1549281, 0.0 ], [ 73.1398959, 28.1549278, 0.0 ], [ 73.1399012, 28.1546245, 0.0 ] ], [ [ 73.1398452, 28.1546238, 0.0 ], [ 73.1398683, 28.1546241, 0.0 ], [ 73.1398631, 28.1549274, 0.0 ], [ 73.1398399, 28.154927, 0.0 ], [ 73.1398452, 28.1546238, 0.0 ] ], [ [ 73.1397946, 28.1543113, 0.0 ], [ 73.1398177, 28.1543116, 0.0 ], [ 73.1398125, 28.1546149, 0.0 ], [ 73.1397893, 28.1546146, 0.0 ], [ 73.1397946, 28.1543113, 0.0 ] ], [ [ 73.1397386, 28.1543106, 0.0 ], [ 73.1397617, 28.1543109, 0.0 ], [ 73.1397565, 28.1546142, 0.0 ], [ 73.1397333, 28.1546138, 0.0 ], [ 73.1397386, 28.1543106, 0.0 ] ], [ [ 73.1397892, 28.154623, 0.0 ], [ 73.1398123, 28.1546233, 0.0 ], [ 73.1398071, 28.1549266, 0.0 ], [ 73.1397839, 28.1549263, 0.0 ], [ 73.1397892, 28.154623, 0.0 ] ], [ [ 73.1397332, 28.1546223, 0.0 ], [ 73.1397563, 28.1546226, 0.0 ], [ 73.1397511, 28.1549258, 0.0 ], [ 73.139728, 28.1549255, 0.0 ], [ 73.1397332, 28.1546223, 0.0 ] ], [ [ 73.1396826, 28.1543098, 0.0 ], [ 73.1397057, 28.1543101, 0.0 ], [ 73.1397005, 28.1546134, 0.0 ], [ 73.1396774, 28.1546131, 0.0 ], [ 73.1396826, 28.1543098, 0.0 ] ], [ [ 73.1396266, 28.154309, 0.0 ], [ 73.1396497, 28.1543094, 0.0 ], [ 73.1396445, 28.1546126, 0.0 ], [ 73.1396214, 28.1546123, 0.0 ], [ 73.1396266, 28.154309, 0.0 ] ], [ [ 73.1396772, 28.1546215, 0.0 ], [ 73.1397003, 28.1546218, 0.0 ], [ 73.1396951, 28.1549251, 0.0 ], [ 73.139672, 28.1549248, 0.0 ], [ 73.1396772, 28.1546215, 0.0 ] ], [ [ 73.1396212, 28.1546207, 0.0 ], [ 73.1396443, 28.154621, 0.0 ], [ 73.1396391, 28.1549243, 0.0 ], [ 73.139616, 28.154924, 0.0 ], [ 73.1396212, 28.1546207, 0.0 ] ], [ [ 73.1395706, 28.1543083, 0.0 ], [ 73.1395938, 28.1543086, 0.0 ], [ 73.1395885, 28.1546119, 0.0 ], [ 73.1395654, 28.1546116, 0.0 ], [ 73.1395706, 28.1543083, 0.0 ] ], [ [ 73.1395146, 28.1543075, 0.0 ], [ 73.1395378, 28.1543078, 0.0 ], [ 73.1395325, 28.1546111, 0.0 ], [ 73.1395094, 28.1546108, 0.0 ], [ 73.1395146, 28.1543075, 0.0 ] ], [ [ 73.1395652, 28.15462, 0.0 ], [ 73.1395884, 28.1546203, 0.0 ], [ 73.1395831, 28.1549236, 0.0 ], [ 73.13956, 28.1549232, 0.0 ], [ 73.1395652, 28.15462, 0.0 ] ], [ [ 73.1395092, 28.1546192, 0.0 ], [ 73.1395324, 28.1546195, 0.0 ], [ 73.1395271, 28.1549228, 0.0 ], [ 73.139504, 28.1549225, 0.0 ], [ 73.1395092, 28.1546192, 0.0 ] ], [ [ 73.1394586, 28.1543068, 0.0 ], [ 73.1394818, 28.1543071, 0.0 ], [ 73.1394765, 28.1546103, 0.0 ], [ 73.1394534, 28.15461, 0.0 ], [ 73.1394586, 28.1543068, 0.0 ] ], [ [ 73.1394027, 28.154306, 0.0 ], [ 73.1394258, 28.1543063, 0.0 ], [ 73.1394205, 28.1546096, 0.0 ], [ 73.1393974, 28.1546093, 0.0 ], [ 73.1394027, 28.154306, 0.0 ] ], [ [ 73.1394533, 28.1546185, 0.0 ], [ 73.1394764, 28.1546188, 0.0 ], [ 73.1394711, 28.154922, 0.0 ], [ 73.139448, 28.1549217, 0.0 ], [ 73.1394533, 28.1546185, 0.0 ] ], [ [ 73.1393973, 28.1546177, 0.0 ], [ 73.1394204, 28.154618, 0.0 ], [ 73.1394151, 28.1549213, 0.0 ], [ 73.139392, 28.154921, 0.0 ], [ 73.1393973, 28.1546177, 0.0 ] ], [ [ 73.1393467, 28.1543052, 0.0 ], [ 73.1393698, 28.1543056, 0.0 ], [ 73.1393646, 28.1546088, 0.0 ], [ 73.1393414, 28.1546085, 0.0 ], [ 73.1393467, 28.1543052, 0.0 ] ], [ [ 73.1392907, 28.1543045, 0.0 ], [ 73.1393138, 28.1543048, 0.0 ], [ 73.1393086, 28.1546081, 0.0 ], [ 73.1392854, 28.1546078, 0.0 ], [ 73.1392907, 28.1543045, 0.0 ] ], [ [ 73.1393413, 28.1546169, 0.0 ], [ 73.1393644, 28.1546172, 0.0 ], [ 73.1393592, 28.1549205, 0.0 ], [ 73.139336, 28.1549202, 0.0 ], [ 73.1393413, 28.1546169, 0.0 ] ], [ [ 73.1392853, 28.1546162, 0.0 ], [ 73.1393084, 28.1546165, 0.0 ], [ 73.1393032, 28.1549198, 0.0 ], [ 73.13928, 28.1549194, 0.0 ], [ 73.1392853, 28.1546162, 0.0 ] ], [ [ 73.1392347, 28.1543037, 0.0 ], [ 73.1392578, 28.154304, 0.0 ], [ 73.1392526, 28.1546073, 0.0 ], [ 73.1392294, 28.154607, 0.0 ], [ 73.1392347, 28.1543037, 0.0 ] ], [ [ 73.1391787, 28.154303, 0.0 ], [ 73.1392018, 28.1543033, 0.0 ], [ 73.1391966, 28.1546065, 0.0 ], [ 73.1391735, 28.1546062, 0.0 ], [ 73.1391787, 28.154303, 0.0 ] ], [ [ 73.1392293, 28.1546154, 0.0 ], [ 73.1392524, 28.1546157, 0.0 ], [ 73.1392472, 28.154919, 0.0 ], [ 73.1392241, 28.1549187, 0.0 ], [ 73.1392293, 28.1546154, 0.0 ] ], [ [ 73.1391733, 28.1546146, 0.0 ], [ 73.1391964, 28.154615, 0.0 ], [ 73.1391912, 28.1549182, 0.0 ], [ 73.1391681, 28.1549179, 0.0 ], [ 73.1391733, 28.1546146, 0.0 ] ], [ [ 73.1391227, 28.1543022, 0.0 ], [ 73.1391458, 28.1543025, 0.0 ], [ 73.1391406, 28.1546058, 0.0 ], [ 73.1391175, 28.1546055, 0.0 ], [ 73.1391227, 28.1543022, 0.0 ] ], [ [ 73.1390667, 28.1543014, 0.0 ], [ 73.1390899, 28.1543018, 0.0 ], [ 73.1390846, 28.154605, 0.0 ], [ 73.1390615, 28.1546047, 0.0 ], [ 73.1390667, 28.1543014, 0.0 ] ], [ [ 73.1391173, 28.1546139, 0.0 ], [ 73.1391405, 28.1546142, 0.0 ], [ 73.1391352, 28.1549175, 0.0 ], [ 73.1391121, 28.1549172, 0.0 ], [ 73.1391173, 28.1546139, 0.0 ] ], [ [ 73.1390613, 28.1546131, 0.0 ], [ 73.1390845, 28.1546134, 0.0 ], [ 73.1390792, 28.1549167, 0.0 ], [ 73.1390561, 28.1549164, 0.0 ], [ 73.1390613, 28.1546131, 0.0 ] ], [ [ 73.1390107, 28.1543007, 0.0 ], [ 73.1390339, 28.154301, 0.0 ], [ 73.1390286, 28.1546043, 0.0 ], [ 73.1390055, 28.1546039, 0.0 ], [ 73.1390107, 28.1543007, 0.0 ] ], [ [ 73.1389547, 28.1542999, 0.0 ], [ 73.1389779, 28.1543002, 0.0 ], [ 73.1389726, 28.1546035, 0.0 ], [ 73.1389495, 28.1546032, 0.0 ], [ 73.1389547, 28.1542999, 0.0 ] ], [ [ 73.1390053, 28.1546124, 0.0 ], [ 73.1390285, 28.1546127, 0.0 ], [ 73.1390232, 28.1549159, 0.0 ], [ 73.1390001, 28.1549156, 0.0 ], [ 73.1390053, 28.1546124, 0.0 ] ], [ [ 73.1389494, 28.1546116, 0.0 ], [ 73.1389725, 28.1546119, 0.0 ], [ 73.1389672, 28.1549152, 0.0 ], [ 73.1389441, 28.1549149, 0.0 ], [ 73.1389494, 28.1546116, 0.0 ] ], [ [ 73.1388988, 28.1542992, 0.0 ], [ 73.1389219, 28.1542995, 0.0 ], [ 73.1389166, 28.1546027, 0.0 ], [ 73.1388935, 28.1546024, 0.0 ], [ 73.1388988, 28.1542992, 0.0 ] ], [ [ 73.1388428, 28.1542984, 0.0 ], [ 73.1388659, 28.1542987, 0.0 ], [ 73.1388607, 28.154602, 0.0 ], [ 73.1388375, 28.1546017, 0.0 ], [ 73.1388428, 28.1542984, 0.0 ] ], [ [ 73.1388934, 28.1546108, 0.0 ], [ 73.1389165, 28.1546112, 0.0 ], [ 73.1389112, 28.1549144, 0.0 ], [ 73.1388881, 28.1549141, 0.0 ], [ 73.1388934, 28.1546108, 0.0 ] ], [ [ 73.1388374, 28.1546101, 0.0 ], [ 73.1388605, 28.1546104, 0.0 ], [ 73.1388553, 28.1549137, 0.0 ], [ 73.1388321, 28.1549134, 0.0 ], [ 73.1388374, 28.1546101, 0.0 ] ], [ [ 73.1387868, 28.1542976, 0.0 ], [ 73.1388099, 28.154298, 0.0 ], [ 73.1388047, 28.1546012, 0.0 ], [ 73.1387815, 28.1546009, 0.0 ], [ 73.1387868, 28.1542976, 0.0 ] ], [ [ 73.1387308, 28.1542969, 0.0 ], [ 73.1387539, 28.1542972, 0.0 ], [ 73.1387487, 28.1546005, 0.0 ], [ 73.1387255, 28.1546001, 0.0 ], [ 73.1387308, 28.1542969, 0.0 ] ], [ [ 73.1387814, 28.1546093, 0.0 ], [ 73.1388045, 28.1546096, 0.0 ], [ 73.1387993, 28.1549129, 0.0 ], [ 73.1387761, 28.1549126, 0.0 ], [ 73.1387814, 28.1546093, 0.0 ] ], [ [ 73.1387254, 28.1546086, 0.0 ], [ 73.1387485, 28.1546089, 0.0 ], [ 73.1387433, 28.1549121, 0.0 ], [ 73.1387202, 28.1549118, 0.0 ], [ 73.1387254, 28.1546086, 0.0 ] ], [ [ 73.1386748, 28.1542961, 0.0 ], [ 73.1386979, 28.1542964, 0.0 ], [ 73.1386927, 28.1545997, 0.0 ], [ 73.1386696, 28.1545994, 0.0 ], [ 73.1386748, 28.1542961, 0.0 ] ], [ [ 73.1386188, 28.1542954, 0.0 ], [ 73.1386419, 28.1542957, 0.0 ], [ 73.1386367, 28.1545989, 0.0 ], [ 73.1386136, 28.1545986, 0.0 ], [ 73.1386188, 28.1542954, 0.0 ] ], [ [ 73.1386694, 28.1546078, 0.0 ], [ 73.1386925, 28.1546081, 0.0 ], [ 73.1386873, 28.1549114, 0.0 ], [ 73.1386642, 28.1549111, 0.0 ], [ 73.1386694, 28.1546078, 0.0 ] ], [ [ 73.1386134, 28.154607, 0.0 ], [ 73.1386366, 28.1546074, 0.0 ], [ 73.1386313, 28.1549106, 0.0 ], [ 73.1386082, 28.1549103, 0.0 ], [ 73.1386134, 28.154607, 0.0 ] ], [ [ 73.1404771, 28.153701, 0.0 ], [ 73.1405003, 28.1537013, 0.0 ], [ 73.140495, 28.1540046, 0.0 ], [ 73.1404719, 28.1540043, 0.0 ], [ 73.1404771, 28.153701, 0.0 ] ], [ [ 73.1404212, 28.1537002, 0.0 ], [ 73.1404443, 28.1537005, 0.0 ], [ 73.140439, 28.1540038, 0.0 ], [ 73.1404159, 28.1540035, 0.0 ], [ 73.1404212, 28.1537002, 0.0 ] ], [ [ 73.1404718, 28.1540127, 0.0 ], [ 73.1404949, 28.154013, 0.0 ], [ 73.1404896, 28.1543163, 0.0 ], [ 73.1404665, 28.1543159, 0.0 ], [ 73.1404718, 28.1540127, 0.0 ] ], [ [ 73.1404158, 28.1540119, 0.0 ], [ 73.1404389, 28.1540122, 0.0 ], [ 73.1404337, 28.1543155, 0.0 ], [ 73.1404105, 28.1543152, 0.0 ], [ 73.1404158, 28.1540119, 0.0 ] ], [ [ 73.1403652, 28.1536995, 0.0 ], [ 73.1403883, 28.1536998, 0.0 ], [ 73.1403831, 28.1540031, 0.0 ], [ 73.1403599, 28.1540027, 0.0 ], [ 73.1403652, 28.1536995, 0.0 ] ], [ [ 73.1403092, 28.1536987, 0.0 ], [ 73.1403323, 28.153699, 0.0 ], [ 73.1403271, 28.1540023, 0.0 ], [ 73.1403039, 28.154002, 0.0 ], [ 73.1403092, 28.1536987, 0.0 ] ], [ [ 73.1403598, 28.1540112, 0.0 ], [ 73.1403829, 28.1540115, 0.0 ], [ 73.1403777, 28.1543147, 0.0 ], [ 73.1403545, 28.1543144, 0.0 ], [ 73.1403598, 28.1540112, 0.0 ] ], [ [ 73.1403038, 28.1540104, 0.0 ], [ 73.1403269, 28.1540107, 0.0 ], [ 73.1403217, 28.154314, 0.0 ], [ 73.1402986, 28.1543137, 0.0 ], [ 73.1403038, 28.1540104, 0.0 ] ], [ [ 73.1402532, 28.1536979, 0.0 ], [ 73.1402763, 28.1536983, 0.0 ], [ 73.1402711, 28.1540015, 0.0 ], [ 73.140248, 28.1540012, 0.0 ], [ 73.1402532, 28.1536979, 0.0 ] ], [ [ 73.1401972, 28.1536972, 0.0 ], [ 73.1402203, 28.1536975, 0.0 ], [ 73.1402151, 28.1540008, 0.0 ], [ 73.140192, 28.1540005, 0.0 ], [ 73.1401972, 28.1536972, 0.0 ] ], [ [ 73.1402478, 28.1540096, 0.0 ], [ 73.1402709, 28.1540099, 0.0 ], [ 73.1402657, 28.1543132, 0.0 ], [ 73.1402426, 28.1543129, 0.0 ], [ 73.1402478, 28.1540096, 0.0 ] ], [ [ 73.1401918, 28.1540089, 0.0 ], [ 73.1402149, 28.1540092, 0.0 ], [ 73.1402097, 28.1543125, 0.0 ], [ 73.1401866, 28.1543121, 0.0 ], [ 73.1401918, 28.1540089, 0.0 ] ], [ [ 73.1401412, 28.1536964, 0.0 ], [ 73.1401643, 28.1536967, 0.0 ], [ 73.1401591, 28.154, 0.0 ], [ 73.140136, 28.1539997, 0.0 ], [ 73.1401412, 28.1536964, 0.0 ] ], [ [ 73.1400852, 28.1536957, 0.0 ], [ 73.1401084, 28.153696, 0.0 ], [ 73.1401031, 28.1539993, 0.0 ], [ 73.14008, 28.1539989, 0.0 ], [ 73.1400852, 28.1536957, 0.0 ] ], [ [ 73.1401358, 28.1540081, 0.0 ], [ 73.140159, 28.1540084, 0.0 ], [ 73.1401537, 28.1543117, 0.0 ], [ 73.1401306, 28.1543114, 0.0 ], [ 73.1401358, 28.1540081, 0.0 ] ], [ [ 73.1400798, 28.1540074, 0.0 ], [ 73.140103, 28.1540077, 0.0 ], [ 73.1400977, 28.1543109, 0.0 ], [ 73.1400746, 28.1543106, 0.0 ], [ 73.1400798, 28.1540074, 0.0 ] ], [ [ 73.1400292, 28.1536949, 0.0 ], [ 73.1400524, 28.1536952, 0.0 ], [ 73.1400471, 28.1539985, 0.0 ], [ 73.140024, 28.1539982, 0.0 ], [ 73.1400292, 28.1536949, 0.0 ] ], [ [ 73.1399733, 28.1536941, 0.0 ], [ 73.1399964, 28.1536945, 0.0 ], [ 73.1399911, 28.1539977, 0.0 ], [ 73.139968, 28.1539974, 0.0 ], [ 73.1399733, 28.1536941, 0.0 ] ], [ [ 73.1400239, 28.1540066, 0.0 ], [ 73.140047, 28.1540069, 0.0 ], [ 73.1400417, 28.1543102, 0.0 ], [ 73.1400186, 28.1543099, 0.0 ], [ 73.1400239, 28.1540066, 0.0 ] ], [ [ 73.1399679, 28.1540058, 0.0 ], [ 73.139991, 28.1540061, 0.0 ], [ 73.1399857, 28.1543094, 0.0 ], [ 73.1399626, 28.1543091, 0.0 ], [ 73.1399679, 28.1540058, 0.0 ] ], [ [ 73.1399173, 28.1536934, 0.0 ], [ 73.1399404, 28.1536937, 0.0 ], [ 73.1399351, 28.153997, 0.0 ], [ 73.139912, 28.1539967, 0.0 ], [ 73.1399173, 28.1536934, 0.0 ] ], [ [ 73.1398613, 28.1536926, 0.0 ], [ 73.1398844, 28.1536929, 0.0 ], [ 73.1398792, 28.1539962, 0.0 ], [ 73.139856, 28.1539959, 0.0 ], [ 73.1398613, 28.1536926, 0.0 ] ], [ [ 73.1399119, 28.1540051, 0.0 ], [ 73.139935, 28.1540054, 0.0 ], [ 73.1399298, 28.1543087, 0.0 ], [ 73.1399066, 28.1543083, 0.0 ], [ 73.1399119, 28.1540051, 0.0 ] ], [ [ 73.1398559, 28.1540043, 0.0 ], [ 73.139879, 28.1540046, 0.0 ], [ 73.1398738, 28.1543079, 0.0 ], [ 73.1398506, 28.1543076, 0.0 ], [ 73.1398559, 28.1540043, 0.0 ] ], [ [ 73.1398053, 28.1536919, 0.0 ], [ 73.1398284, 28.1536922, 0.0 ], [ 73.1398232, 28.1539954, 0.0 ], [ 73.1398, 28.1539951, 0.0 ], [ 73.1398053, 28.1536919, 0.0 ] ], [ [ 73.1397493, 28.1536911, 0.0 ], [ 73.1397724, 28.1536914, 0.0 ], [ 73.1397672, 28.1539947, 0.0 ], [ 73.1397441, 28.1539944, 0.0 ], [ 73.1397493, 28.1536911, 0.0 ] ], [ [ 73.1397999, 28.1540036, 0.0 ], [ 73.139823, 28.1540039, 0.0 ], [ 73.1398178, 28.1543071, 0.0 ], [ 73.1397947, 28.1543068, 0.0 ], [ 73.1397999, 28.1540036, 0.0 ] ], [ [ 73.1397439, 28.1540028, 0.0 ], [ 73.139767, 28.1540031, 0.0 ], [ 73.1397618, 28.1543064, 0.0 ], [ 73.1397387, 28.1543061, 0.0 ], [ 73.1397439, 28.1540028, 0.0 ] ], [ [ 73.1396933, 28.1536903, 0.0 ], [ 73.1397164, 28.1536907, 0.0 ], [ 73.1397112, 28.1539939, 0.0 ], [ 73.1396881, 28.1539936, 0.0 ], [ 73.1396933, 28.1536903, 0.0 ] ], [ [ 73.1396373, 28.1536896, 0.0 ], [ 73.1396605, 28.1536899, 0.0 ], [ 73.1396552, 28.1539932, 0.0 ], [ 73.1396321, 28.1539929, 0.0 ], [ 73.1396373, 28.1536896, 0.0 ] ], [ [ 73.1396879, 28.154002, 0.0 ], [ 73.1397111, 28.1540023, 0.0 ], [ 73.1397058, 28.1543056, 0.0 ], [ 73.1396827, 28.1543053, 0.0 ], [ 73.1396879, 28.154002, 0.0 ] ], [ [ 73.1396319, 28.1540013, 0.0 ], [ 73.1396551, 28.1540016, 0.0 ], [ 73.1396498, 28.1543049, 0.0 ], [ 73.1396267, 28.1543045, 0.0 ], [ 73.1396319, 28.1540013, 0.0 ] ], [ [ 73.1395813, 28.1536888, 0.0 ], [ 73.1396045, 28.1536891, 0.0 ], [ 73.1395992, 28.1539924, 0.0 ], [ 73.1395761, 28.1539921, 0.0 ], [ 73.1395813, 28.1536888, 0.0 ] ], [ [ 73.1395253, 28.1536881, 0.0 ], [ 73.1395485, 28.1536884, 0.0 ], [ 73.1395432, 28.1539916, 0.0 ], [ 73.1395201, 28.1539913, 0.0 ], [ 73.1395253, 28.1536881, 0.0 ] ], [ [ 73.1395759, 28.1540005, 0.0 ], [ 73.1395991, 28.1540008, 0.0 ], [ 73.1395938, 28.1543041, 0.0 ], [ 73.1395707, 28.1543038, 0.0 ], [ 73.1395759, 28.1540005, 0.0 ] ], [ [ 73.13952, 28.1539997, 0.0 ], [ 73.1395431, 28.1540001, 0.0 ], [ 73.1395378, 28.1543033, 0.0 ], [ 73.1395147, 28.154303, 0.0 ], [ 73.13952, 28.1539997, 0.0 ] ], [ [ 73.1394694, 28.1536873, 0.0 ], [ 73.1394925, 28.1536876, 0.0 ], [ 73.1394872, 28.1539909, 0.0 ], [ 73.1394641, 28.1539906, 0.0 ], [ 73.1394694, 28.1536873, 0.0 ] ], [ [ 73.1394134, 28.1536865, 0.0 ], [ 73.1394365, 28.1536869, 0.0 ], [ 73.1394313, 28.1539901, 0.0 ], [ 73.1394081, 28.1539898, 0.0 ], [ 73.1394134, 28.1536865, 0.0 ] ], [ [ 73.139464, 28.153999, 0.0 ], [ 73.1394871, 28.1539993, 0.0 ], [ 73.1394819, 28.1543026, 0.0 ], [ 73.1394587, 28.1543023, 0.0 ], [ 73.139464, 28.153999, 0.0 ] ], [ [ 73.139408, 28.1539982, 0.0 ], [ 73.1394311, 28.1539985, 0.0 ], [ 73.1394259, 28.1543018, 0.0 ], [ 73.1394027, 28.1543015, 0.0 ], [ 73.139408, 28.1539982, 0.0 ] ], [ [ 73.1393574, 28.1536858, 0.0 ], [ 73.1393805, 28.1536861, 0.0 ], [ 73.1393753, 28.1539894, 0.0 ], [ 73.1393521, 28.1539891, 0.0 ], [ 73.1393574, 28.1536858, 0.0 ] ], [ [ 73.1393014, 28.153685, 0.0 ], [ 73.1393245, 28.1536853, 0.0 ], [ 73.1393193, 28.1539886, 0.0 ], [ 73.1392961, 28.1539883, 0.0 ], [ 73.1393014, 28.153685, 0.0 ] ], [ [ 73.139352, 28.1539975, 0.0 ], [ 73.1393751, 28.1539978, 0.0 ], [ 73.1393699, 28.154301, 0.0 ], [ 73.1393467, 28.1543007, 0.0 ], [ 73.139352, 28.1539975, 0.0 ] ], [ [ 73.139296, 28.1539967, 0.0 ], [ 73.1393191, 28.153997, 0.0 ], [ 73.1393139, 28.1543003, 0.0 ], [ 73.1392908, 28.1543, 0.0 ], [ 73.139296, 28.1539967, 0.0 ] ], [ [ 73.1392454, 28.1536843, 0.0 ], [ 73.1392685, 28.1536846, 0.0 ], [ 73.1392633, 28.1539878, 0.0 ], [ 73.1392402, 28.1539875, 0.0 ], [ 73.1392454, 28.1536843, 0.0 ] ], [ [ 73.1391894, 28.1536835, 0.0 ], [ 73.1392125, 28.1536838, 0.0 ], [ 73.1392073, 28.1539871, 0.0 ], [ 73.1391842, 28.1539868, 0.0 ], [ 73.1391894, 28.1536835, 0.0 ] ], [ [ 73.13924, 28.1539959, 0.0 ], [ 73.1392631, 28.1539963, 0.0 ], [ 73.1392579, 28.1542995, 0.0 ], [ 73.1392348, 28.1542992, 0.0 ], [ 73.13924, 28.1539959, 0.0 ] ], [ [ 73.139184, 28.1539952, 0.0 ], [ 73.1392072, 28.1539955, 0.0 ], [ 73.1392019, 28.1542988, 0.0 ], [ 73.1391788, 28.1542985, 0.0 ], [ 73.139184, 28.1539952, 0.0 ] ], [ [ 73.1391334, 28.1536827, 0.0 ], [ 73.1391566, 28.1536831, 0.0 ], [ 73.1391513, 28.1539863, 0.0 ], [ 73.1391282, 28.153986, 0.0 ], [ 73.1391334, 28.1536827, 0.0 ] ], [ [ 73.1390774, 28.153682, 0.0 ], [ 73.1391006, 28.1536823, 0.0 ], [ 73.1390953, 28.1539856, 0.0 ], [ 73.1390722, 28.1539852, 0.0 ], [ 73.1390774, 28.153682, 0.0 ] ], [ [ 73.139128, 28.1539944, 0.0 ], [ 73.1391512, 28.1539947, 0.0 ], [ 73.1391459, 28.154298, 0.0 ], [ 73.1391228, 28.1542977, 0.0 ], [ 73.139128, 28.1539944, 0.0 ] ], [ [ 73.139072, 28.1539937, 0.0 ], [ 73.1390952, 28.153994, 0.0 ], [ 73.1390899, 28.1542972, 0.0 ], [ 73.1390668, 28.1542969, 0.0 ], [ 73.139072, 28.1539937, 0.0 ] ], [ [ 73.1390215, 28.1536812, 0.0 ], [ 73.1390446, 28.1536815, 0.0 ], [ 73.1390393, 28.1539848, 0.0 ], [ 73.1390162, 28.1539845, 0.0 ], [ 73.1390215, 28.1536812, 0.0 ] ], [ [ 73.1389655, 28.1536805, 0.0 ], [ 73.1389886, 28.1536808, 0.0 ], [ 73.1389833, 28.153984, 0.0 ], [ 73.1389602, 28.1539837, 0.0 ], [ 73.1389655, 28.1536805, 0.0 ] ], [ [ 73.1390161, 28.1539929, 0.0 ], [ 73.1390392, 28.1539932, 0.0 ], [ 73.1390339, 28.1542965, 0.0 ], [ 73.1390108, 28.1542962, 0.0 ], [ 73.1390161, 28.1539929, 0.0 ] ], [ [ 73.1389601, 28.1539921, 0.0 ], [ 73.1389832, 28.1539925, 0.0 ], [ 73.138978, 28.1542957, 0.0 ], [ 73.1389548, 28.1542954, 0.0 ], [ 73.1389601, 28.1539921, 0.0 ] ], [ [ 73.1389095, 28.1536797, 0.0 ], [ 73.1389326, 28.15368, 0.0 ], [ 73.1389274, 28.1539833, 0.0 ], [ 73.1389042, 28.153983, 0.0 ], [ 73.1389095, 28.1536797, 0.0 ] ], [ [ 73.1388535, 28.1536789, 0.0 ], [ 73.1388766, 28.1536793, 0.0 ], [ 73.1388714, 28.1539825, 0.0 ], [ 73.1388482, 28.1539822, 0.0 ], [ 73.1388535, 28.1536789, 0.0 ] ], [ [ 73.1389041, 28.1539914, 0.0 ], [ 73.1389272, 28.1539917, 0.0 ], [ 73.138922, 28.154295, 0.0 ], [ 73.1388988, 28.1542946, 0.0 ], [ 73.1389041, 28.1539914, 0.0 ] ], [ [ 73.1388481, 28.1539906, 0.0 ], [ 73.1388712, 28.1539909, 0.0 ], [ 73.138866, 28.1542942, 0.0 ], [ 73.1388428, 28.1542939, 0.0 ], [ 73.1388481, 28.1539906, 0.0 ] ], [ [ 73.1387975, 28.1536782, 0.0 ], [ 73.1388206, 28.1536785, 0.0 ], [ 73.1388154, 28.1539818, 0.0 ], [ 73.1387923, 28.1539814, 0.0 ], [ 73.1387975, 28.1536782, 0.0 ] ], [ [ 73.1387415, 28.1536774, 0.0 ], [ 73.1387646, 28.1536777, 0.0 ], [ 73.1387594, 28.153981, 0.0 ], [ 73.1387363, 28.1539807, 0.0 ], [ 73.1387415, 28.1536774, 0.0 ] ], [ [ 73.1387921, 28.1539899, 0.0 ], [ 73.1388152, 28.1539902, 0.0 ], [ 73.13881, 28.1542934, 0.0 ], [ 73.1387869, 28.1542931, 0.0 ], [ 73.1387921, 28.1539899, 0.0 ] ], [ [ 73.1387361, 28.1539891, 0.0 ], [ 73.1387592, 28.1539894, 0.0 ], [ 73.138754, 28.1542927, 0.0 ], [ 73.1387309, 28.1542924, 0.0 ], [ 73.1387361, 28.1539891, 0.0 ] ], [ [ 73.1386855, 28.1536767, 0.0 ], [ 73.1387086, 28.153677, 0.0 ], [ 73.1387034, 28.1539802, 0.0 ], [ 73.1386803, 28.1539799, 0.0 ], [ 73.1386855, 28.1536767, 0.0 ] ], [ [ 73.1386295, 28.1536759, 0.0 ], [ 73.1386527, 28.1536762, 0.0 ], [ 73.1386474, 28.1539795, 0.0 ], [ 73.1386243, 28.1539792, 0.0 ], [ 73.1386295, 28.1536759, 0.0 ] ], [ [ 73.1386801, 28.1539883, 0.0 ], [ 73.1387033, 28.1539887, 0.0 ], [ 73.138698, 28.1542919, 0.0 ], [ 73.1386749, 28.1542916, 0.0 ], [ 73.1386801, 28.1539883, 0.0 ] ], [ [ 73.1386241, 28.1539876, 0.0 ], [ 73.1386473, 28.1539879, 0.0 ], [ 73.138642, 28.1542912, 0.0 ], [ 73.1386189, 28.1542908, 0.0 ], [ 73.1386241, 28.1539876, 0.0 ] ], [ [ 73.1385735, 28.1536751, 0.0 ], [ 73.1385967, 28.1536754, 0.0 ], [ 73.1385914, 28.1539787, 0.0 ], [ 73.1385683, 28.1539784, 0.0 ], [ 73.1385735, 28.1536751, 0.0 ] ], [ [ 73.1385176, 28.1536744, 0.0 ], [ 73.1385407, 28.1536747, 0.0 ], [ 73.1385354, 28.153978, 0.0 ], [ 73.1385123, 28.1539776, 0.0 ], [ 73.1385176, 28.1536744, 0.0 ] ], [ [ 73.1385682, 28.1539868, 0.0 ], [ 73.1385913, 28.1539871, 0.0 ], [ 73.138586, 28.1542904, 0.0 ], [ 73.1385629, 28.1542901, 0.0 ], [ 73.1385682, 28.1539868, 0.0 ] ], [ [ 73.1385122, 28.1539861, 0.0 ], [ 73.1385353, 28.1539864, 0.0 ], [ 73.13853, 28.1542896, 0.0 ], [ 73.1385069, 28.1542893, 0.0 ], [ 73.1385122, 28.1539861, 0.0 ] ], [ [ 73.1384616, 28.1536736, 0.0 ], [ 73.1384847, 28.1536739, 0.0 ], [ 73.1384794, 28.1539772, 0.0 ], [ 73.1384563, 28.1539769, 0.0 ], [ 73.1384616, 28.1536736, 0.0 ] ], [ [ 73.1384056, 28.1536728, 0.0 ], [ 73.1384287, 28.1536732, 0.0 ], [ 73.1384235, 28.1539764, 0.0 ], [ 73.1384003, 28.1539761, 0.0 ], [ 73.1384056, 28.1536728, 0.0 ] ], [ [ 73.1384562, 28.1539853, 0.0 ], [ 73.1384793, 28.1539856, 0.0 ], [ 73.1384741, 28.1542889, 0.0 ], [ 73.1384509, 28.1542886, 0.0 ], [ 73.1384562, 28.1539853, 0.0 ] ], [ [ 73.1384002, 28.1539845, 0.0 ], [ 73.1384233, 28.1539848, 0.0 ], [ 73.1384181, 28.1542881, 0.0 ], [ 73.1383949, 28.1542878, 0.0 ], [ 73.1384002, 28.1539845, 0.0 ] ], [ [ 73.1383496, 28.1536721, 0.0 ], [ 73.1383727, 28.1536724, 0.0 ], [ 73.1383675, 28.1539757, 0.0 ], [ 73.1383443, 28.1539754, 0.0 ], [ 73.1383496, 28.1536721, 0.0 ] ], [ [ 73.1382936, 28.1536713, 0.0 ], [ 73.1383167, 28.1536716, 0.0 ], [ 73.1383115, 28.1539749, 0.0 ], [ 73.1382884, 28.1539746, 0.0 ], [ 73.1382936, 28.1536713, 0.0 ] ], [ [ 73.1383442, 28.1539838, 0.0 ], [ 73.1383673, 28.1539841, 0.0 ], [ 73.1383621, 28.1542874, 0.0 ], [ 73.1383389, 28.154287, 0.0 ], [ 73.1383442, 28.1539838, 0.0 ] ], [ [ 73.1382882, 28.153983, 0.0 ], [ 73.1383113, 28.1539833, 0.0 ], [ 73.1383061, 28.1542866, 0.0 ], [ 73.138283, 28.1542863, 0.0 ], [ 73.1382882, 28.153983, 0.0 ] ], [ [ 73.1405998, 28.153083, 0.0 ], [ 73.140623, 28.1530834, 0.0 ], [ 73.1406177, 28.1533866, 0.0 ], [ 73.1405946, 28.1533863, 0.0 ], [ 73.1405998, 28.153083, 0.0 ] ], [ [ 73.1405438, 28.1530823, 0.0 ], [ 73.140567, 28.1530826, 0.0 ], [ 73.1405617, 28.1533859, 0.0 ], [ 73.1405386, 28.1533856, 0.0 ], [ 73.1405438, 28.1530823, 0.0 ] ], [ [ 73.1405944, 28.1533947, 0.0 ], [ 73.1406176, 28.153395, 0.0 ], [ 73.1406123, 28.1536983, 0.0 ], [ 73.1405892, 28.153698, 0.0 ], [ 73.1405944, 28.1533947, 0.0 ] ], [ [ 73.1405385, 28.153394, 0.0 ], [ 73.1405616, 28.1533943, 0.0 ], [ 73.1405563, 28.1536976, 0.0 ], [ 73.1405332, 28.1536972, 0.0 ], [ 73.1405385, 28.153394, 0.0 ] ], [ [ 73.1404879, 28.1530815, 0.0 ], [ 73.140511, 28.1530818, 0.0 ], [ 73.1405057, 28.1533851, 0.0 ], [ 73.1404826, 28.1533848, 0.0 ], [ 73.1404879, 28.1530815, 0.0 ] ], [ [ 73.1404319, 28.1530808, 0.0 ], [ 73.140455, 28.1530811, 0.0 ], [ 73.1404498, 28.1533843, 0.0 ], [ 73.1404266, 28.153384, 0.0 ], [ 73.1404319, 28.1530808, 0.0 ] ], [ [ 73.1404825, 28.1533932, 0.0 ], [ 73.1405056, 28.1533935, 0.0 ], [ 73.1405004, 28.1536968, 0.0 ], [ 73.1404772, 28.1536965, 0.0 ], [ 73.1404825, 28.1533932, 0.0 ] ], [ [ 73.1404265, 28.1533925, 0.0 ], [ 73.1404496, 28.1533928, 0.0 ], [ 73.1404444, 28.153696, 0.0 ], [ 73.1404212, 28.1536957, 0.0 ], [ 73.1404265, 28.1533925, 0.0 ] ], [ [ 73.1403759, 28.15308, 0.0 ], [ 73.140399, 28.1530803, 0.0 ], [ 73.1403938, 28.1533836, 0.0 ], [ 73.1403706, 28.1533833, 0.0 ], [ 73.1403759, 28.15308, 0.0 ] ], [ [ 73.1403199, 28.1530792, 0.0 ], [ 73.140343, 28.1530796, 0.0 ], [ 73.1403378, 28.1533828, 0.0 ], [ 73.1403146, 28.1533825, 0.0 ], [ 73.1403199, 28.1530792, 0.0 ] ], [ [ 73.1403705, 28.1533917, 0.0 ], [ 73.1403936, 28.153392, 0.0 ], [ 73.1403884, 28.1536953, 0.0 ], [ 73.1403653, 28.153695, 0.0 ], [ 73.1403705, 28.1533917, 0.0 ] ], [ [ 73.1403145, 28.1533909, 0.0 ], [ 73.1403376, 28.1533912, 0.0 ], [ 73.1403324, 28.1536945, 0.0 ], [ 73.1403093, 28.1536942, 0.0 ], [ 73.1403145, 28.1533909, 0.0 ] ], [ [ 73.1402639, 28.1530785, 0.0 ], [ 73.140287, 28.1530788, 0.0 ], [ 73.1402818, 28.1533821, 0.0 ], [ 73.1402587, 28.1533818, 0.0 ], [ 73.1402639, 28.1530785, 0.0 ] ], [ [ 73.1402079, 28.1530777, 0.0 ], [ 73.140231, 28.153078, 0.0 ], [ 73.1402258, 28.1533813, 0.0 ], [ 73.1402027, 28.153381, 0.0 ], [ 73.1402079, 28.1530777, 0.0 ] ], [ [ 73.1402585, 28.1533902, 0.0 ], [ 73.1402816, 28.1533905, 0.0 ], [ 73.1402764, 28.1536938, 0.0 ], [ 73.1402533, 28.1536934, 0.0 ], [ 73.1402585, 28.1533902, 0.0 ] ], [ [ 73.1402025, 28.1533894, 0.0 ], [ 73.1402257, 28.1533897, 0.0 ], [ 73.1402204, 28.153693, 0.0 ], [ 73.1401973, 28.1536927, 0.0 ], [ 73.1402025, 28.1533894, 0.0 ] ], [ [ 73.1401519, 28.153077, 0.0 ], [ 73.1401751, 28.1530773, 0.0 ], [ 73.1401698, 28.1533805, 0.0 ], [ 73.1401467, 28.1533802, 0.0 ], [ 73.1401519, 28.153077, 0.0 ] ], [ [ 73.1400959, 28.1530762, 0.0 ], [ 73.1401191, 28.1530765, 0.0 ], [ 73.1401138, 28.1533798, 0.0 ], [ 73.1400907, 28.1533795, 0.0 ], [ 73.1400959, 28.1530762, 0.0 ] ], [ [ 73.1401465, 28.1533887, 0.0 ], [ 73.1401697, 28.153389, 0.0 ], [ 73.1401644, 28.1536922, 0.0 ], [ 73.1401413, 28.1536919, 0.0 ], [ 73.1401465, 28.1533887, 0.0 ] ], [ [ 73.1400906, 28.1533879, 0.0 ], [ 73.1401137, 28.1533882, 0.0 ], [ 73.1401084, 28.1536915, 0.0 ], [ 73.1400853, 28.1536912, 0.0 ], [ 73.1400906, 28.1533879, 0.0 ] ], [ [ 73.14004, 28.1530754, 0.0 ], [ 73.1400631, 28.1530758, 0.0 ], [ 73.1400578, 28.153379, 0.0 ], [ 73.1400347, 28.1533787, 0.0 ], [ 73.14004, 28.1530754, 0.0 ] ], [ [ 73.139984, 28.1530747, 0.0 ], [ 73.1400071, 28.153075, 0.0 ], [ 73.1400018, 28.1533783, 0.0 ], [ 73.1399787, 28.153378, 0.0 ], [ 73.139984, 28.1530747, 0.0 ] ], [ [ 73.1400346, 28.1533871, 0.0 ], [ 73.1400577, 28.1533874, 0.0 ], [ 73.1400524, 28.1536907, 0.0 ], [ 73.1400293, 28.1536904, 0.0 ], [ 73.1400346, 28.1533871, 0.0 ] ], [ [ 73.1399786, 28.1533864, 0.0 ], [ 73.1400017, 28.1533867, 0.0 ], [ 73.1399965, 28.15369, 0.0 ], [ 73.1399733, 28.1536896, 0.0 ], [ 73.1399786, 28.1533864, 0.0 ] ], [ [ 73.139928, 28.1530739, 0.0 ], [ 73.1399511, 28.1530742, 0.0 ], [ 73.1399459, 28.1533775, 0.0 ], [ 73.1399227, 28.1533772, 0.0 ], [ 73.139928, 28.1530739, 0.0 ] ], [ [ 73.139872, 28.1530732, 0.0 ], [ 73.1398951, 28.1530735, 0.0 ], [ 73.1398899, 28.1533767, 0.0 ], [ 73.1398667, 28.1533764, 0.0 ], [ 73.139872, 28.1530732, 0.0 ] ], [ [ 73.1399226, 28.1533856, 0.0 ], [ 73.1399457, 28.1533859, 0.0 ], [ 73.1399405, 28.1536892, 0.0 ], [ 73.1399173, 28.1536889, 0.0 ], [ 73.1399226, 28.1533856, 0.0 ] ], [ [ 73.1398666, 28.1533848, 0.0 ], [ 73.1398897, 28.1533852, 0.0 ], [ 73.1398845, 28.1536884, 0.0 ], [ 73.1398614, 28.1536881, 0.0 ], [ 73.1398666, 28.1533848, 0.0 ] ], [ [ 73.139816, 28.1530724, 0.0 ], [ 73.1398391, 28.1530727, 0.0 ], [ 73.1398339, 28.153376, 0.0 ], [ 73.1398108, 28.1533757, 0.0 ], [ 73.139816, 28.1530724, 0.0 ] ], [ [ 73.13976, 28.1530716, 0.0 ], [ 73.1397831, 28.153072, 0.0 ], [ 73.1397779, 28.1533752, 0.0 ], [ 73.1397548, 28.1533749, 0.0 ], [ 73.13976, 28.1530716, 0.0 ] ], [ [ 73.1398106, 28.1533841, 0.0 ], [ 73.1398337, 28.1533844, 0.0 ], [ 73.1398285, 28.1536877, 0.0 ], [ 73.1398054, 28.1536874, 0.0 ], [ 73.1398106, 28.1533841, 0.0 ] ], [ [ 73.1397546, 28.1533833, 0.0 ], [ 73.1397777, 28.1533836, 0.0 ], [ 73.1397725, 28.1536869, 0.0 ], [ 73.1397494, 28.1536866, 0.0 ], [ 73.1397546, 28.1533833, 0.0 ] ], [ [ 73.139704, 28.1530709, 0.0 ], [ 73.1397272, 28.1530712, 0.0 ], [ 73.1397219, 28.1533745, 0.0 ], [ 73.1396988, 28.1533742, 0.0 ], [ 73.139704, 28.1530709, 0.0 ] ], [ [ 73.139648, 28.1530701, 0.0 ], [ 73.1396712, 28.1530704, 0.0 ], [ 73.1396659, 28.1533737, 0.0 ], [ 73.1396428, 28.1533734, 0.0 ], [ 73.139648, 28.1530701, 0.0 ] ], [ [ 73.1396986, 28.1533826, 0.0 ], [ 73.1397218, 28.1533829, 0.0 ], [ 73.1397165, 28.1536861, 0.0 ], [ 73.1396934, 28.1536858, 0.0 ], [ 73.1396986, 28.1533826, 0.0 ] ], [ [ 73.1396426, 28.1533818, 0.0 ], [ 73.1396658, 28.1533821, 0.0 ], [ 73.1396605, 28.1536854, 0.0 ], [ 73.1396374, 28.1536851, 0.0 ], [ 73.1396426, 28.1533818, 0.0 ] ], [ [ 73.139592, 28.1530694, 0.0 ], [ 73.1396152, 28.1530697, 0.0 ], [ 73.1396099, 28.1533729, 0.0 ], [ 73.1395868, 28.1533726, 0.0 ], [ 73.139592, 28.1530694, 0.0 ] ], [ [ 73.1395361, 28.1530686, 0.0 ], [ 73.1395592, 28.1530689, 0.0 ], [ 73.1395539, 28.1533722, 0.0 ], [ 73.1395308, 28.1533719, 0.0 ], [ 73.1395361, 28.1530686, 0.0 ] ], [ [ 73.1395867, 28.153381, 0.0 ], [ 73.1396098, 28.1533814, 0.0 ], [ 73.1396045, 28.1536846, 0.0 ], [ 73.1395814, 28.1536843, 0.0 ], [ 73.1395867, 28.153381, 0.0 ] ], [ [ 73.1395307, 28.1533803, 0.0 ], [ 73.1395538, 28.1533806, 0.0 ], [ 73.1395486, 28.1536839, 0.0 ], [ 73.1395254, 28.1536836, 0.0 ], [ 73.1395307, 28.1533803, 0.0 ] ], [ [ 73.1394801, 28.1530678, 0.0 ], [ 73.1395032, 28.1530682, 0.0 ], [ 73.139498, 28.1533714, 0.0 ], [ 73.1394748, 28.1533711, 0.0 ], [ 73.1394801, 28.1530678, 0.0 ] ], [ [ 73.1394241, 28.1530671, 0.0 ], [ 73.1394472, 28.1530674, 0.0 ], [ 73.139442, 28.1533707, 0.0 ], [ 73.1394188, 28.1533703, 0.0 ], [ 73.1394241, 28.1530671, 0.0 ] ], [ [ 73.1394747, 28.1533795, 0.0 ], [ 73.1394978, 28.1533798, 0.0 ], [ 73.1394926, 28.1536831, 0.0 ], [ 73.1394694, 28.1536828, 0.0 ], [ 73.1394747, 28.1533795, 0.0 ] ], [ [ 73.1394187, 28.1533788, 0.0 ], [ 73.1394418, 28.1533791, 0.0 ], [ 73.1394366, 28.1536823, 0.0 ], [ 73.1394134, 28.153682, 0.0 ], [ 73.1394187, 28.1533788, 0.0 ] ], [ [ 73.1393681, 28.1530663, 0.0 ], [ 73.1393912, 28.1530666, 0.0 ], [ 73.139386, 28.1533699, 0.0 ], [ 73.1393628, 28.1533696, 0.0 ], [ 73.1393681, 28.1530663, 0.0 ] ], [ [ 73.1393121, 28.1530656, 0.0 ], [ 73.1393352, 28.1530659, 0.0 ], [ 73.13933, 28.1533691, 0.0 ], [ 73.1393069, 28.1533688, 0.0 ], [ 73.1393121, 28.1530656, 0.0 ] ], [ [ 73.1393627, 28.153378, 0.0 ], [ 73.1393858, 28.1533783, 0.0 ], [ 73.1393806, 28.1536816, 0.0 ], [ 73.1393575, 28.1536813, 0.0 ], [ 73.1393627, 28.153378, 0.0 ] ], [ [ 73.1393067, 28.1533772, 0.0 ], [ 73.1393298, 28.1533776, 0.0 ], [ 73.1393246, 28.1536808, 0.0 ], [ 73.1393015, 28.1536805, 0.0 ], [ 73.1393067, 28.1533772, 0.0 ] ], [ [ 73.1392561, 28.1530648, 0.0 ], [ 73.1392792, 28.1530651, 0.0 ], [ 73.139274, 28.1533684, 0.0 ], [ 73.1392509, 28.1533681, 0.0 ], [ 73.1392561, 28.1530648, 0.0 ] ], [ [ 73.1392001, 28.153064, 0.0 ], [ 73.1392233, 28.1530644, 0.0 ], [ 73.139218, 28.1533676, 0.0 ], [ 73.1391949, 28.1533673, 0.0 ], [ 73.1392001, 28.153064, 0.0 ] ], [ [ 73.1392507, 28.1533765, 0.0 ], [ 73.1392739, 28.1533768, 0.0 ], [ 73.1392686, 28.1536801, 0.0 ], [ 73.1392455, 28.1536798, 0.0 ], [ 73.1392507, 28.1533765, 0.0 ] ], [ [ 73.1391947, 28.1533757, 0.0 ], [ 73.1392179, 28.153376, 0.0 ], [ 73.1392126, 28.1536793, 0.0 ], [ 73.1391895, 28.153679, 0.0 ], [ 73.1391947, 28.1533757, 0.0 ] ], [ [ 73.1391441, 28.1530633, 0.0 ], [ 73.1391673, 28.1530636, 0.0 ], [ 73.139162, 28.1533669, 0.0 ], [ 73.1391389, 28.1533665, 0.0 ], [ 73.1391441, 28.1530633, 0.0 ] ], [ [ 73.1390882, 28.1530625, 0.0 ], [ 73.1391113, 28.1530628, 0.0 ], [ 73.139106, 28.1533661, 0.0 ], [ 73.1390829, 28.1533658, 0.0 ], [ 73.1390882, 28.1530625, 0.0 ] ], [ [ 73.1391388, 28.153375, 0.0 ], [ 73.1391619, 28.1533753, 0.0 ], [ 73.1391566, 28.1536785, 0.0 ], [ 73.1391335, 28.1536782, 0.0 ], [ 73.1391388, 28.153375, 0.0 ] ], [ [ 73.1390828, 28.1533742, 0.0 ], [ 73.1391059, 28.1533745, 0.0 ], [ 73.1391006, 28.1536778, 0.0 ], [ 73.1390775, 28.1536775, 0.0 ], [ 73.1390828, 28.1533742, 0.0 ] ], [ [ 73.1390322, 28.1530618, 0.0 ], [ 73.1390553, 28.1530621, 0.0 ], [ 73.13905, 28.1533653, 0.0 ], [ 73.1390269, 28.153365, 0.0 ], [ 73.1390322, 28.1530618, 0.0 ] ], [ [ 73.1389762, 28.153061, 0.0 ], [ 73.1389993, 28.1530613, 0.0 ], [ 73.1389941, 28.1533646, 0.0 ], [ 73.1389709, 28.1533643, 0.0 ], [ 73.1389762, 28.153061, 0.0 ] ], [ [ 73.1390268, 28.1533734, 0.0 ], [ 73.1390499, 28.1533738, 0.0 ], [ 73.1390447, 28.153677, 0.0 ], [ 73.1390215, 28.1536767, 0.0 ], [ 73.1390268, 28.1533734, 0.0 ] ], [ [ 73.1389708, 28.1533727, 0.0 ], [ 73.1389939, 28.153373, 0.0 ], [ 73.1389887, 28.1536763, 0.0 ], [ 73.1389655, 28.1536759, 0.0 ], [ 73.1389708, 28.1533727, 0.0 ] ], [ [ 73.1389202, 28.1530602, 0.0 ], [ 73.1389433, 28.1530605, 0.0 ], [ 73.1389381, 28.1533638, 0.0 ], [ 73.1389149, 28.1533635, 0.0 ], [ 73.1389202, 28.1530602, 0.0 ] ], [ [ 73.1388642, 28.1530595, 0.0 ], [ 73.1388873, 28.1530598, 0.0 ], [ 73.1388821, 28.1533631, 0.0 ], [ 73.138859, 28.1533627, 0.0 ], [ 73.1388642, 28.1530595, 0.0 ] ], [ [ 73.1389148, 28.1533719, 0.0 ], [ 73.1389379, 28.1533722, 0.0 ], [ 73.1389327, 28.1536755, 0.0 ], [ 73.1389096, 28.1536752, 0.0 ], [ 73.1389148, 28.1533719, 0.0 ] ], [ [ 73.1388588, 28.1533712, 0.0 ], [ 73.1388819, 28.1533715, 0.0 ], [ 73.1388767, 28.1536747, 0.0 ], [ 73.1388536, 28.1536744, 0.0 ], [ 73.1388588, 28.1533712, 0.0 ] ], [ [ 73.1388082, 28.1530587, 0.0 ], [ 73.1388313, 28.153059, 0.0 ], [ 73.1388261, 28.1533623, 0.0 ], [ 73.138803, 28.153362, 0.0 ], [ 73.1388082, 28.1530587, 0.0 ] ], [ [ 73.1387522, 28.153058, 0.0 ], [ 73.1387754, 28.1530583, 0.0 ], [ 73.1387701, 28.1533615, 0.0 ], [ 73.138747, 28.1533612, 0.0 ], [ 73.1387522, 28.153058, 0.0 ] ], [ [ 73.1388028, 28.1533704, 0.0 ], [ 73.138826, 28.1533707, 0.0 ], [ 73.1388207, 28.153674, 0.0 ], [ 73.1387976, 28.1536737, 0.0 ], [ 73.1388028, 28.1533704, 0.0 ] ], [ [ 73.1387468, 28.1533696, 0.0 ], [ 73.13877, 28.15337, 0.0 ], [ 73.1387647, 28.1536732, 0.0 ], [ 73.1387416, 28.1536729, 0.0 ], [ 73.1387468, 28.1533696, 0.0 ] ], [ [ 73.1386962, 28.1530572, 0.0 ], [ 73.1387194, 28.1530575, 0.0 ], [ 73.1387141, 28.1533608, 0.0 ], [ 73.138691, 28.1533605, 0.0 ], [ 73.1386962, 28.1530572, 0.0 ] ], [ [ 73.1386402, 28.1530564, 0.0 ], [ 73.1386634, 28.1530567, 0.0 ], [ 73.1386581, 28.15336, 0.0 ], [ 73.138635, 28.1533597, 0.0 ], [ 73.1386402, 28.1530564, 0.0 ] ], [ [ 73.1386908, 28.1533689, 0.0 ], [ 73.138714, 28.1533692, 0.0 ], [ 73.1387087, 28.1536725, 0.0 ], [ 73.1386856, 28.1536721, 0.0 ], [ 73.1386908, 28.1533689, 0.0 ] ], [ [ 73.1386349, 28.1533681, 0.0 ], [ 73.138658, 28.1533684, 0.0 ], [ 73.1386527, 28.1536717, 0.0 ], [ 73.1386296, 28.1536714, 0.0 ], [ 73.1386349, 28.1533681, 0.0 ] ], [ [ 73.1385843, 28.1530557, 0.0 ], [ 73.1386074, 28.153056, 0.0 ], [ 73.1386021, 28.1533593, 0.0 ], [ 73.138579, 28.1533589, 0.0 ], [ 73.1385843, 28.1530557, 0.0 ] ], [ [ 73.1385283, 28.1530549, 0.0 ], [ 73.1385514, 28.1530552, 0.0 ], [ 73.1385462, 28.1533585, 0.0 ], [ 73.138523, 28.1533582, 0.0 ], [ 73.1385283, 28.1530549, 0.0 ] ], [ [ 73.1385789, 28.1533674, 0.0 ], [ 73.138602, 28.1533677, 0.0 ], [ 73.1385968, 28.1536709, 0.0 ], [ 73.1385736, 28.1536706, 0.0 ], [ 73.1385789, 28.1533674, 0.0 ] ], [ [ 73.1385229, 28.1533666, 0.0 ], [ 73.138546, 28.1533669, 0.0 ], [ 73.1385408, 28.1536702, 0.0 ], [ 73.1385176, 28.1536699, 0.0 ], [ 73.1385229, 28.1533666, 0.0 ] ], [ [ 73.1384723, 28.1530541, 0.0 ], [ 73.1384954, 28.1530545, 0.0 ], [ 73.1384902, 28.1533577, 0.0 ], [ 73.138467, 28.1533574, 0.0 ], [ 73.1384723, 28.1530541, 0.0 ] ], [ [ 73.1384163, 28.1530534, 0.0 ], [ 73.1384394, 28.1530537, 0.0 ], [ 73.1384342, 28.153357, 0.0 ], [ 73.1384111, 28.1533567, 0.0 ], [ 73.1384163, 28.1530534, 0.0 ] ], [ [ 73.1384669, 28.1533658, 0.0 ], [ 73.13849, 28.1533661, 0.0 ], [ 73.1384848, 28.1536694, 0.0 ], [ 73.1384616, 28.1536691, 0.0 ], [ 73.1384669, 28.1533658, 0.0 ] ], [ [ 73.1384109, 28.1533651, 0.0 ], [ 73.138434, 28.1533654, 0.0 ], [ 73.1384288, 28.1536687, 0.0 ], [ 73.1384057, 28.1536683, 0.0 ], [ 73.1384109, 28.1533651, 0.0 ] ], [ [ 73.1383603, 28.1530526, 0.0 ], [ 73.1383834, 28.1530529, 0.0 ], [ 73.1383782, 28.1533562, 0.0 ], [ 73.1383551, 28.1533559, 0.0 ], [ 73.1383603, 28.1530526, 0.0 ] ], [ [ 73.1383043, 28.1530519, 0.0 ], [ 73.1383274, 28.1530522, 0.0 ], [ 73.1383222, 28.1533554, 0.0 ], [ 73.1382991, 28.1533551, 0.0 ], [ 73.1383043, 28.1530519, 0.0 ] ], [ [ 73.1383549, 28.1533643, 0.0 ], [ 73.138378, 28.1533646, 0.0 ], [ 73.1383728, 28.1536679, 0.0 ], [ 73.1383497, 28.1536676, 0.0 ], [ 73.1383549, 28.1533643, 0.0 ] ], [ [ 73.1382989, 28.1533635, 0.0 ], [ 73.1383221, 28.1533639, 0.0 ], [ 73.1383168, 28.1536671, 0.0 ], [ 73.1382937, 28.1536668, 0.0 ], [ 73.1382989, 28.1533635, 0.0 ] ], [ [ 73.1406105, 28.1524636, 0.0 ], [ 73.1406337, 28.1524639, 0.0 ], [ 73.1406284, 28.1527672, 0.0 ], [ 73.1406053, 28.1527669, 0.0 ], [ 73.1406105, 28.1524636, 0.0 ] ], [ [ 73.1405545, 28.1524628, 0.0 ], [ 73.1405777, 28.1524631, 0.0 ], [ 73.1405724, 28.1527664, 0.0 ], [ 73.1405493, 28.1527661, 0.0 ], [ 73.1405545, 28.1524628, 0.0 ] ], [ [ 73.1406052, 28.1527753, 0.0 ], [ 73.1406283, 28.1527756, 0.0 ], [ 73.140623, 28.1530789, 0.0 ], [ 73.1405999, 28.1530785, 0.0 ], [ 73.1406052, 28.1527753, 0.0 ] ], [ [ 73.1405492, 28.1527745, 0.0 ], [ 73.1405723, 28.1527748, 0.0 ], [ 73.140567, 28.1530781, 0.0 ], [ 73.1405439, 28.1530778, 0.0 ], [ 73.1405492, 28.1527745, 0.0 ] ], [ [ 73.1404986, 28.1524621, 0.0 ], [ 73.1405217, 28.1524624, 0.0 ], [ 73.1405164, 28.1527656, 0.0 ], [ 73.1404933, 28.1527653, 0.0 ], [ 73.1404986, 28.1524621, 0.0 ] ], [ [ 73.1404426, 28.1524613, 0.0 ], [ 73.1404657, 28.1524616, 0.0 ], [ 73.1404605, 28.1527649, 0.0 ], [ 73.1404373, 28.1527646, 0.0 ], [ 73.1404426, 28.1524613, 0.0 ] ], [ [ 73.1404932, 28.1527737, 0.0 ], [ 73.1405163, 28.1527741, 0.0 ], [ 73.1405111, 28.1530773, 0.0 ], [ 73.1404879, 28.153077, 0.0 ], [ 73.1404932, 28.1527737, 0.0 ] ], [ [ 73.1404372, 28.152773, 0.0 ], [ 73.1404603, 28.1527733, 0.0 ], [ 73.1404551, 28.1530766, 0.0 ], [ 73.1404319, 28.1530763, 0.0 ], [ 73.1404372, 28.152773, 0.0 ] ], [ [ 73.1403866, 28.1524605, 0.0 ], [ 73.1404097, 28.1524609, 0.0 ], [ 73.1404045, 28.1527641, 0.0 ], [ 73.1403813, 28.1527638, 0.0 ], [ 73.1403866, 28.1524605, 0.0 ] ], [ [ 73.1403306, 28.1524598, 0.0 ], [ 73.1403537, 28.1524601, 0.0 ], [ 73.1403485, 28.1527634, 0.0 ], [ 73.1403254, 28.1527631, 0.0 ], [ 73.1403306, 28.1524598, 0.0 ] ], [ [ 73.1403812, 28.1527722, 0.0 ], [ 73.1404043, 28.1527725, 0.0 ], [ 73.1403991, 28.1530758, 0.0 ], [ 73.140376, 28.1530755, 0.0 ], [ 73.1403812, 28.1527722, 0.0 ] ], [ [ 73.1403252, 28.1527715, 0.0 ], [ 73.1403483, 28.1527718, 0.0 ], [ 73.1403431, 28.153075, 0.0 ], [ 73.14032, 28.1530747, 0.0 ], [ 73.1403252, 28.1527715, 0.0 ] ], [ [ 73.1402746, 28.152459, 0.0 ], [ 73.1402977, 28.1524593, 0.0 ], [ 73.1402925, 28.1527626, 0.0 ], [ 73.1402694, 28.1527623, 0.0 ], [ 73.1402746, 28.152459, 0.0 ] ], [ [ 73.1402186, 28.1524583, 0.0 ], [ 73.1402418, 28.1524586, 0.0 ], [ 73.1402365, 28.1527618, 0.0 ], [ 73.1402134, 28.1527615, 0.0 ], [ 73.1402186, 28.1524583, 0.0 ] ], [ [ 73.1402692, 28.1527707, 0.0 ], [ 73.1402924, 28.152771, 0.0 ], [ 73.1402871, 28.1530743, 0.0 ], [ 73.140264, 28.153074, 0.0 ], [ 73.1402692, 28.1527707, 0.0 ] ], [ [ 73.1402132, 28.1527699, 0.0 ], [ 73.1402364, 28.1527703, 0.0 ], [ 73.1402311, 28.1530735, 0.0 ], [ 73.140208, 28.1530732, 0.0 ], [ 73.1402132, 28.1527699, 0.0 ] ], [ [ 73.1401626, 28.1524575, 0.0 ], [ 73.1401858, 28.1524578, 0.0 ], [ 73.1401805, 28.1527611, 0.0 ], [ 73.1401574, 28.1527608, 0.0 ], [ 73.1401626, 28.1524575, 0.0 ] ], [ [ 73.1401066, 28.1524567, 0.0 ], [ 73.1401298, 28.1524571, 0.0 ], [ 73.1401245, 28.1527603, 0.0 ], [ 73.1401014, 28.15276, 0.0 ], [ 73.1401066, 28.1524567, 0.0 ] ], [ [ 73.1401572, 28.1527692, 0.0 ], [ 73.1401804, 28.1527695, 0.0 ], [ 73.1401751, 28.1530728, 0.0 ], [ 73.140152, 28.1530725, 0.0 ], [ 73.1401572, 28.1527692, 0.0 ] ], [ [ 73.1401013, 28.1527684, 0.0 ], [ 73.1401244, 28.1527687, 0.0 ], [ 73.1401191, 28.153072, 0.0 ], [ 73.140096, 28.1530717, 0.0 ], [ 73.1401013, 28.1527684, 0.0 ] ], [ [ 73.1400507, 28.152456, 0.0 ], [ 73.1400738, 28.1524563, 0.0 ], [ 73.1400685, 28.1527596, 0.0 ], [ 73.1400454, 28.1527592, 0.0 ], [ 73.1400507, 28.152456, 0.0 ] ], [ [ 73.1399947, 28.1524552, 0.0 ], [ 73.1400178, 28.1524555, 0.0 ], [ 73.1400126, 28.1527588, 0.0 ], [ 73.1399894, 28.1527585, 0.0 ], [ 73.1399947, 28.1524552, 0.0 ] ], [ [ 73.1400453, 28.1527677, 0.0 ], [ 73.1400684, 28.152768, 0.0 ], [ 73.1400632, 28.1530712, 0.0 ], [ 73.14004, 28.1530709, 0.0 ], [ 73.1400453, 28.1527677, 0.0 ] ], [ [ 73.1399893, 28.1527669, 0.0 ], [ 73.1400124, 28.1527672, 0.0 ], [ 73.1400072, 28.1530705, 0.0 ], [ 73.139984, 28.1530702, 0.0 ], [ 73.1399893, 28.1527669, 0.0 ] ], [ [ 73.1399387, 28.1524545, 0.0 ], [ 73.1399618, 28.1524548, 0.0 ], [ 73.1399566, 28.152758, 0.0 ], [ 73.1399334, 28.1527577, 0.0 ], [ 73.1399387, 28.1524545, 0.0 ] ], [ [ 73.1398827, 28.1524537, 0.0 ], [ 73.1399058, 28.152454, 0.0 ], [ 73.1399006, 28.1527573, 0.0 ], [ 73.1398775, 28.152757, 0.0 ], [ 73.1398827, 28.1524537, 0.0 ] ], [ [ 73.1399333, 28.1527661, 0.0 ], [ 73.1399564, 28.1527665, 0.0 ], [ 73.1399512, 28.1530697, 0.0 ], [ 73.1399281, 28.1530694, 0.0 ], [ 73.1399333, 28.1527661, 0.0 ] ], [ [ 73.1398773, 28.1527654, 0.0 ], [ 73.1399004, 28.1527657, 0.0 ], [ 73.1398952, 28.153069, 0.0 ], [ 73.1398721, 28.1530687, 0.0 ], [ 73.1398773, 28.1527654, 0.0 ] ], [ [ 73.1398267, 28.1524529, 0.0 ], [ 73.1398498, 28.1524533, 0.0 ], [ 73.1398446, 28.1527565, 0.0 ], [ 73.1398215, 28.1527562, 0.0 ], [ 73.1398267, 28.1524529, 0.0 ] ], [ [ 73.1397707, 28.1524522, 0.0 ], [ 73.1397938, 28.1524525, 0.0 ], [ 73.1397886, 28.1527558, 0.0 ], [ 73.1397655, 28.1527554, 0.0 ], [ 73.1397707, 28.1524522, 0.0 ] ], [ [ 73.1398213, 28.1527646, 0.0 ], [ 73.1398444, 28.1527649, 0.0 ], [ 73.1398392, 28.1530682, 0.0 ], [ 73.1398161, 28.1530679, 0.0 ], [ 73.1398213, 28.1527646, 0.0 ] ], [ [ 73.1397653, 28.1527639, 0.0 ], [ 73.1397885, 28.1527642, 0.0 ], [ 73.1397832, 28.1530674, 0.0 ], [ 73.1397601, 28.1530671, 0.0 ], [ 73.1397653, 28.1527639, 0.0 ] ], [ [ 73.1397147, 28.1524514, 0.0 ], [ 73.1397379, 28.1524517, 0.0 ], [ 73.1397326, 28.152755, 0.0 ], [ 73.1397095, 28.1527547, 0.0 ], [ 73.1397147, 28.1524514, 0.0 ] ], [ [ 73.1396587, 28.1524507, 0.0 ], [ 73.1396819, 28.152451, 0.0 ], [ 73.1396766, 28.1527542, 0.0 ], [ 73.1396535, 28.1527539, 0.0 ], [ 73.1396587, 28.1524507, 0.0 ] ], [ [ 73.1397093, 28.1527631, 0.0 ], [ 73.1397325, 28.1527634, 0.0 ], [ 73.1397272, 28.1530667, 0.0 ], [ 73.1397041, 28.1530664, 0.0 ], [ 73.1397093, 28.1527631, 0.0 ] ], [ [ 73.1396534, 28.1527623, 0.0 ], [ 73.1396765, 28.1527627, 0.0 ], [ 73.1396712, 28.1530659, 0.0 ], [ 73.1396481, 28.1530656, 0.0 ], [ 73.1396534, 28.1527623, 0.0 ] ], [ [ 73.1396028, 28.1524499, 0.0 ], [ 73.1396259, 28.1524502, 0.0 ], [ 73.1396206, 28.1527535, 0.0 ], [ 73.1395975, 28.1527532, 0.0 ], [ 73.1396028, 28.1524499, 0.0 ] ], [ [ 73.1395468, 28.1524491, 0.0 ], [ 73.1395699, 28.1524495, 0.0 ], [ 73.1395647, 28.1527527, 0.0 ], [ 73.1395415, 28.1527524, 0.0 ], [ 73.1395468, 28.1524491, 0.0 ] ], [ [ 73.1395974, 28.1527616, 0.0 ], [ 73.1396205, 28.1527619, 0.0 ], [ 73.1396153, 28.1530652, 0.0 ], [ 73.1395921, 28.1530649, 0.0 ], [ 73.1395974, 28.1527616, 0.0 ] ], [ [ 73.1395414, 28.1527608, 0.0 ], [ 73.1395645, 28.1527611, 0.0 ], [ 73.1395593, 28.1530644, 0.0 ], [ 73.1395361, 28.1530641, 0.0 ], [ 73.1395414, 28.1527608, 0.0 ] ], [ [ 73.1394908, 28.1524484, 0.0 ], [ 73.1395139, 28.1524487, 0.0 ], [ 73.1395087, 28.152752, 0.0 ], [ 73.1394855, 28.1527516, 0.0 ], [ 73.1394908, 28.1524484, 0.0 ] ], [ [ 73.1394348, 28.1524476, 0.0 ], [ 73.1394579, 28.1524479, 0.0 ], [ 73.1394527, 28.1527512, 0.0 ], [ 73.1394296, 28.1527509, 0.0 ], [ 73.1394348, 28.1524476, 0.0 ] ], [ [ 73.1394854, 28.1527601, 0.0 ], [ 73.1395085, 28.1527604, 0.0 ], [ 73.1395033, 28.1530636, 0.0 ], [ 73.1394801, 28.1530633, 0.0 ], [ 73.1394854, 28.1527601, 0.0 ] ], [ [ 73.1394294, 28.1527593, 0.0 ], [ 73.1394525, 28.1527596, 0.0 ], [ 73.1394473, 28.1530629, 0.0 ], [ 73.1394242, 28.1530626, 0.0 ], [ 73.1394294, 28.1527593, 0.0 ] ], [ [ 73.1393788, 28.1524469, 0.0 ], [ 73.1394019, 28.1524472, 0.0 ], [ 73.1393967, 28.1527504, 0.0 ], [ 73.1393736, 28.1527501, 0.0 ], [ 73.1393788, 28.1524469, 0.0 ] ], [ [ 73.1393228, 28.1524461, 0.0 ], [ 73.1393459, 28.1524464, 0.0 ], [ 73.1393407, 28.1527497, 0.0 ], [ 73.1393176, 28.1527494, 0.0 ], [ 73.1393228, 28.1524461, 0.0 ] ], [ [ 73.1393734, 28.1527585, 0.0 ], [ 73.1393965, 28.1527589, 0.0 ], [ 73.1393913, 28.1530621, 0.0 ], [ 73.1393682, 28.1530618, 0.0 ], [ 73.1393734, 28.1527585, 0.0 ] ], [ [ 73.1393174, 28.1527578, 0.0 ], [ 73.1393406, 28.1527581, 0.0 ], [ 73.1393353, 28.1530614, 0.0 ], [ 73.1393122, 28.153061, 0.0 ], [ 73.1393174, 28.1527578, 0.0 ] ], [ [ 73.1392668, 28.1524453, 0.0 ], [ 73.13929, 28.1524456, 0.0 ], [ 73.1392847, 28.1527489, 0.0 ], [ 73.1392616, 28.1527486, 0.0 ], [ 73.1392668, 28.1524453, 0.0 ] ], [ [ 73.1392108, 28.1524446, 0.0 ], [ 73.139234, 28.1524449, 0.0 ], [ 73.1392287, 28.1527482, 0.0 ], [ 73.1392056, 28.1527478, 0.0 ], [ 73.1392108, 28.1524446, 0.0 ] ], [ [ 73.1392614, 28.152757, 0.0 ], [ 73.1392846, 28.1527573, 0.0 ], [ 73.1392793, 28.1530606, 0.0 ], [ 73.1392562, 28.1530603, 0.0 ], [ 73.1392614, 28.152757, 0.0 ] ], [ [ 73.1392055, 28.1527563, 0.0 ], [ 73.1392286, 28.1527566, 0.0 ], [ 73.1392233, 28.1530598, 0.0 ], [ 73.1392002, 28.1530595, 0.0 ], [ 73.1392055, 28.1527563, 0.0 ] ], [ [ 73.1391549, 28.1524438, 0.0 ], [ 73.139178, 28.1524441, 0.0 ], [ 73.1391727, 28.1527474, 0.0 ], [ 73.1391496, 28.1527471, 0.0 ], [ 73.1391549, 28.1524438, 0.0 ] ], [ [ 73.1390989, 28.1524431, 0.0 ], [ 73.139122, 28.1524434, 0.0 ], [ 73.1391168, 28.1527466, 0.0 ], [ 73.1390936, 28.1527463, 0.0 ], [ 73.1390989, 28.1524431, 0.0 ] ], [ [ 73.1391495, 28.1527555, 0.0 ], [ 73.1391726, 28.1527558, 0.0 ], [ 73.1391673, 28.1530591, 0.0 ], [ 73.1391442, 28.1530588, 0.0 ], [ 73.1391495, 28.1527555, 0.0 ] ], [ [ 73.1390935, 28.1527547, 0.0 ], [ 73.1391166, 28.1527551, 0.0 ], [ 73.1391114, 28.1530583, 0.0 ], [ 73.1390882, 28.153058, 0.0 ], [ 73.1390935, 28.1527547, 0.0 ] ], [ [ 73.1390429, 28.1524423, 0.0 ], [ 73.139066, 28.1524426, 0.0 ], [ 73.1390608, 28.1527459, 0.0 ], [ 73.1390376, 28.1527456, 0.0 ], [ 73.1390429, 28.1524423, 0.0 ] ], [ [ 73.1389869, 28.1524415, 0.0 ], [ 73.13901, 28.1524418, 0.0 ], [ 73.1390048, 28.1527451, 0.0 ], [ 73.1389816, 28.1527448, 0.0 ], [ 73.1389869, 28.1524415, 0.0 ] ], [ [ 73.1390375, 28.152754, 0.0 ], [ 73.1390606, 28.1527543, 0.0 ], [ 73.1390554, 28.1530576, 0.0 ], [ 73.1390322, 28.1530572, 0.0 ], [ 73.1390375, 28.152754, 0.0 ] ], [ [ 73.1389815, 28.1527532, 0.0 ], [ 73.1390046, 28.1527535, 0.0 ], [ 73.1389994, 28.1530568, 0.0 ], [ 73.1389763, 28.1530565, 0.0 ], [ 73.1389815, 28.1527532, 0.0 ] ], [ [ 73.1389309, 28.1524408, 0.0 ], [ 73.138954, 28.1524411, 0.0 ], [ 73.1389488, 28.1527444, 0.0 ], [ 73.1389257, 28.152744, 0.0 ], [ 73.1389309, 28.1524408, 0.0 ] ], [ [ 73.1388749, 28.15244, 0.0 ], [ 73.138898, 28.1524403, 0.0 ], [ 73.1388928, 28.1527436, 0.0 ], [ 73.1388697, 28.1527433, 0.0 ], [ 73.1388749, 28.15244, 0.0 ] ], [ [ 73.1389255, 28.1527525, 0.0 ], [ 73.1389486, 28.1527528, 0.0 ], [ 73.1389434, 28.153056, 0.0 ], [ 73.1389203, 28.1530557, 0.0 ], [ 73.1389255, 28.1527525, 0.0 ] ], [ [ 73.1388695, 28.1527517, 0.0 ], [ 73.1388927, 28.152752, 0.0 ], [ 73.1388874, 28.1530553, 0.0 ], [ 73.1388643, 28.153055, 0.0 ], [ 73.1388695, 28.1527517, 0.0 ] ], [ [ 73.1388189, 28.1524392, 0.0 ], [ 73.1388421, 28.1524396, 0.0 ], [ 73.1388368, 28.1527428, 0.0 ], [ 73.1388137, 28.1527425, 0.0 ], [ 73.1388189, 28.1524392, 0.0 ] ], [ [ 73.1387629, 28.1524385, 0.0 ], [ 73.1387861, 28.1524388, 0.0 ], [ 73.1387808, 28.1527421, 0.0 ], [ 73.1387577, 28.1527418, 0.0 ], [ 73.1387629, 28.1524385, 0.0 ] ], [ [ 73.1388135, 28.1527509, 0.0 ], [ 73.1388367, 28.1527512, 0.0 ], [ 73.1388314, 28.1530545, 0.0 ], [ 73.1388083, 28.1530542, 0.0 ], [ 73.1388135, 28.1527509, 0.0 ] ], [ [ 73.1387576, 28.1527502, 0.0 ], [ 73.1387807, 28.1527505, 0.0 ], [ 73.1387754, 28.1530538, 0.0 ], [ 73.1387523, 28.1530534, 0.0 ], [ 73.1387576, 28.1527502, 0.0 ] ], [ [ 73.138707, 28.1524377, 0.0 ], [ 73.1387301, 28.152438, 0.0 ], [ 73.1387248, 28.1527413, 0.0 ], [ 73.1387017, 28.152741, 0.0 ], [ 73.138707, 28.1524377, 0.0 ] ], [ [ 73.138651, 28.152437, 0.0 ], [ 73.1386741, 28.1524373, 0.0 ], [ 73.1386688, 28.1527405, 0.0 ], [ 73.1386457, 28.1527402, 0.0 ], [ 73.138651, 28.152437, 0.0 ] ], [ [ 73.1387016, 28.1527494, 0.0 ], [ 73.1387247, 28.1527497, 0.0 ], [ 73.1387194, 28.153053, 0.0 ], [ 73.1386963, 28.1530527, 0.0 ], [ 73.1387016, 28.1527494, 0.0 ] ], [ [ 73.1386456, 28.1527487, 0.0 ], [ 73.1386687, 28.152749, 0.0 ], [ 73.1386635, 28.1530522, 0.0 ], [ 73.1386403, 28.1530519, 0.0 ], [ 73.1386456, 28.1527487, 0.0 ] ], [ [ 73.138595, 28.1524362, 0.0 ], [ 73.1386181, 28.1524365, 0.0 ], [ 73.1386129, 28.1527398, 0.0 ], [ 73.1385897, 28.1527395, 0.0 ], [ 73.138595, 28.1524362, 0.0 ] ], [ [ 73.138539, 28.1524354, 0.0 ], [ 73.1385621, 28.1524358, 0.0 ], [ 73.1385569, 28.152739, 0.0 ], [ 73.1385337, 28.1527387, 0.0 ], [ 73.138539, 28.1524354, 0.0 ] ], [ [ 73.1385896, 28.1527479, 0.0 ], [ 73.1386127, 28.1527482, 0.0 ], [ 73.1386075, 28.1530515, 0.0 ], [ 73.1385843, 28.1530512, 0.0 ], [ 73.1385896, 28.1527479, 0.0 ] ], [ [ 73.1385336, 28.1527471, 0.0 ], [ 73.1385567, 28.1527474, 0.0 ], [ 73.1385515, 28.1530507, 0.0 ], [ 73.1385284, 28.1530504, 0.0 ], [ 73.1385336, 28.1527471, 0.0 ] ], [ [ 73.138483, 28.1524347, 0.0 ], [ 73.1385061, 28.152435, 0.0 ], [ 73.1385009, 28.1527383, 0.0 ], [ 73.1384778, 28.152738, 0.0 ], [ 73.138483, 28.1524347, 0.0 ] ], [ [ 73.138427, 28.1524339, 0.0 ], [ 73.1384501, 28.1524342, 0.0 ], [ 73.1384449, 28.1527375, 0.0 ], [ 73.1384218, 28.1527372, 0.0 ], [ 73.138427, 28.1524339, 0.0 ] ], [ [ 73.1384776, 28.1527464, 0.0 ], [ 73.1385007, 28.1527467, 0.0 ], [ 73.1384955, 28.15305, 0.0 ], [ 73.1384724, 28.1530496, 0.0 ], [ 73.1384776, 28.1527464, 0.0 ] ], [ [ 73.1384216, 28.1527456, 0.0 ], [ 73.1384448, 28.1527459, 0.0 ], [ 73.1384395, 28.1530492, 0.0 ], [ 73.1384164, 28.1530489, 0.0 ], [ 73.1384216, 28.1527456, 0.0 ] ], [ [ 73.138371, 28.1524332, 0.0 ], [ 73.1383942, 28.1524335, 0.0 ], [ 73.1383889, 28.1527367, 0.0 ], [ 73.1383658, 28.1527364, 0.0 ], [ 73.138371, 28.1524332, 0.0 ] ], [ [ 73.138315, 28.1524324, 0.0 ], [ 73.1383382, 28.1524327, 0.0 ], [ 73.1383329, 28.152736, 0.0 ], [ 73.1383098, 28.1527357, 0.0 ], [ 73.138315, 28.1524324, 0.0 ] ], [ [ 73.1383656, 28.1527448, 0.0 ], [ 73.1383888, 28.1527452, 0.0 ], [ 73.1383835, 28.1530484, 0.0 ], [ 73.1383604, 28.1530481, 0.0 ], [ 73.1383656, 28.1527448, 0.0 ] ], [ [ 73.1383096, 28.1527441, 0.0 ], [ 73.1383328, 28.1527444, 0.0 ], [ 73.1383275, 28.1530477, 0.0 ], [ 73.1383044, 28.1530474, 0.0 ], [ 73.1383096, 28.1527441, 0.0 ] ], [ [ 73.1400614, 28.1518365, 0.0 ], [ 73.1400845, 28.1518368, 0.0 ], [ 73.1400793, 28.1521401, 0.0 ], [ 73.1400561, 28.1521398, 0.0 ], [ 73.1400614, 28.1518365, 0.0 ] ], [ [ 73.1400054, 28.1518358, 0.0 ], [ 73.1400285, 28.1518361, 0.0 ], [ 73.1400233, 28.1521393, 0.0 ], [ 73.1400001, 28.152139, 0.0 ], [ 73.1400054, 28.1518358, 0.0 ] ], [ [ 73.140056, 28.1521482, 0.0 ], [ 73.1400791, 28.1521485, 0.0 ], [ 73.1400739, 28.1524518, 0.0 ], [ 73.1400507, 28.1524515, 0.0 ], [ 73.140056, 28.1521482, 0.0 ] ], [ [ 73.14, 28.1521474, 0.0 ], [ 73.1400231, 28.1521478, 0.0 ], [ 73.1400179, 28.152451, 0.0 ], [ 73.1399948, 28.1524507, 0.0 ], [ 73.14, 28.1521474, 0.0 ] ], [ [ 73.1399494, 28.151835, 0.0 ], [ 73.1399725, 28.1518353, 0.0 ], [ 73.1399673, 28.1521386, 0.0 ], [ 73.1399442, 28.1521383, 0.0 ], [ 73.1399494, 28.151835, 0.0 ] ], [ [ 73.1398934, 28.1518342, 0.0 ], [ 73.1399165, 28.1518346, 0.0 ], [ 73.1399113, 28.1521378, 0.0 ], [ 73.1398882, 28.1521375, 0.0 ], [ 73.1398934, 28.1518342, 0.0 ] ], [ [ 73.139944, 28.1521467, 0.0 ], [ 73.1399671, 28.152147, 0.0 ], [ 73.1399619, 28.1524503, 0.0 ], [ 73.1399388, 28.1524499, 0.0 ], [ 73.139944, 28.1521467, 0.0 ] ], [ [ 73.139888, 28.1521459, 0.0 ], [ 73.1399111, 28.1521462, 0.0 ], [ 73.1399059, 28.1524495, 0.0 ], [ 73.1398828, 28.1524492, 0.0 ], [ 73.139888, 28.1521459, 0.0 ] ], [ [ 73.1398374, 28.1518335, 0.0 ], [ 73.1398605, 28.1518338, 0.0 ], [ 73.1398553, 28.1521371, 0.0 ], [ 73.1398322, 28.1521367, 0.0 ], [ 73.1398374, 28.1518335, 0.0 ] ], [ [ 73.1397814, 28.1518327, 0.0 ], [ 73.1398046, 28.151833, 0.0 ], [ 73.1397993, 28.1521363, 0.0 ], [ 73.1397762, 28.152136, 0.0 ], [ 73.1397814, 28.1518327, 0.0 ] ], [ [ 73.139832, 28.1521452, 0.0 ], [ 73.1398552, 28.1521455, 0.0 ], [ 73.1398499, 28.1524487, 0.0 ], [ 73.1398268, 28.1524484, 0.0 ], [ 73.139832, 28.1521452, 0.0 ] ], [ [ 73.139776, 28.1521444, 0.0 ], [ 73.1397992, 28.1521447, 0.0 ], [ 73.1397939, 28.152448, 0.0 ], [ 73.1397708, 28.1524477, 0.0 ], [ 73.139776, 28.1521444, 0.0 ] ], [ [ 73.1397254, 28.151832, 0.0 ], [ 73.1397486, 28.1518323, 0.0 ], [ 73.1397433, 28.1521355, 0.0 ], [ 73.1397202, 28.1521352, 0.0 ], [ 73.1397254, 28.151832, 0.0 ] ], [ [ 73.1396695, 28.1518312, 0.0 ], [ 73.1396926, 28.1518315, 0.0 ], [ 73.1396873, 28.1521348, 0.0 ], [ 73.1396642, 28.1521345, 0.0 ], [ 73.1396695, 28.1518312, 0.0 ] ], [ [ 73.1397201, 28.1521436, 0.0 ], [ 73.1397432, 28.152144, 0.0 ], [ 73.1397379, 28.1524472, 0.0 ], [ 73.1397148, 28.1524469, 0.0 ], [ 73.1397201, 28.1521436, 0.0 ] ], [ [ 73.1396641, 28.1521429, 0.0 ], [ 73.1396872, 28.1521432, 0.0 ], [ 73.139682, 28.1524465, 0.0 ], [ 73.1396588, 28.1524461, 0.0 ], [ 73.1396641, 28.1521429, 0.0 ] ], [ [ 73.1396135, 28.1518304, 0.0 ], [ 73.1396366, 28.1518307, 0.0 ], [ 73.1396314, 28.152134, 0.0 ], [ 73.1396082, 28.1521337, 0.0 ], [ 73.1396135, 28.1518304, 0.0 ] ], [ [ 73.1395575, 28.1518297, 0.0 ], [ 73.1395806, 28.15183, 0.0 ], [ 73.1395754, 28.1521333, 0.0 ], [ 73.1395522, 28.1521329, 0.0 ], [ 73.1395575, 28.1518297, 0.0 ] ], [ [ 73.1396081, 28.1521421, 0.0 ], [ 73.1396312, 28.1521424, 0.0 ], [ 73.139626, 28.1524457, 0.0 ], [ 73.1396028, 28.1524454, 0.0 ], [ 73.1396081, 28.1521421, 0.0 ] ], [ [ 73.1395521, 28.1521414, 0.0 ], [ 73.1395752, 28.1521417, 0.0 ], [ 73.13957, 28.1524449, 0.0 ], [ 73.1395468, 28.1524446, 0.0 ], [ 73.1395521, 28.1521414, 0.0 ] ], [ [ 73.1395015, 28.1518289, 0.0 ], [ 73.1395246, 28.1518292, 0.0 ], [ 73.1395194, 28.1521325, 0.0 ], [ 73.1394963, 28.1521322, 0.0 ], [ 73.1395015, 28.1518289, 0.0 ] ], [ [ 73.1394455, 28.1518282, 0.0 ], [ 73.1394686, 28.1518285, 0.0 ], [ 73.1394634, 28.1521317, 0.0 ], [ 73.1394403, 28.1521314, 0.0 ], [ 73.1394455, 28.1518282, 0.0 ] ], [ [ 73.1394961, 28.1521406, 0.0 ], [ 73.1395192, 28.1521409, 0.0 ], [ 73.139514, 28.1524442, 0.0 ], [ 73.1394909, 28.1524439, 0.0 ], [ 73.1394961, 28.1521406, 0.0 ] ], [ [ 73.1394401, 28.1521398, 0.0 ], [ 73.1394632, 28.1521402, 0.0 ], [ 73.139458, 28.1524434, 0.0 ], [ 73.1394349, 28.1524431, 0.0 ], [ 73.1394401, 28.1521398, 0.0 ] ], [ [ 73.1393895, 28.1518274, 0.0 ], [ 73.1394126, 28.1518277, 0.0 ], [ 73.1394074, 28.152131, 0.0 ], [ 73.1393843, 28.1521307, 0.0 ], [ 73.1393895, 28.1518274, 0.0 ] ], [ [ 73.1393335, 28.1518266, 0.0 ], [ 73.1393567, 28.1518269, 0.0 ], [ 73.1393514, 28.1521302, 0.0 ], [ 73.1393283, 28.1521299, 0.0 ], [ 73.1393335, 28.1518266, 0.0 ] ], [ [ 73.1393841, 28.1521391, 0.0 ], [ 73.1394073, 28.1521394, 0.0 ], [ 73.139402, 28.1524427, 0.0 ], [ 73.1393789, 28.1524423, 0.0 ], [ 73.1393841, 28.1521391, 0.0 ] ], [ [ 73.1393281, 28.1521383, 0.0 ], [ 73.1393513, 28.1521386, 0.0 ], [ 73.139346, 28.1524419, 0.0 ], [ 73.1393229, 28.1524416, 0.0 ], [ 73.1393281, 28.1521383, 0.0 ] ], [ [ 73.1392775, 28.1518259, 0.0 ], [ 73.1393007, 28.1518262, 0.0 ], [ 73.1392954, 28.1521295, 0.0 ], [ 73.1392723, 28.1521291, 0.0 ], [ 73.1392775, 28.1518259, 0.0 ] ], [ [ 73.1392216, 28.1518251, 0.0 ], [ 73.1392447, 28.1518254, 0.0 ], [ 73.1392394, 28.1521287, 0.0 ], [ 73.1392163, 28.1521284, 0.0 ], [ 73.1392216, 28.1518251, 0.0 ] ], [ [ 73.1392722, 28.1521376, 0.0 ], [ 73.1392953, 28.1521379, 0.0 ], [ 73.13929, 28.1524411, 0.0 ], [ 73.1392669, 28.1524408, 0.0 ], [ 73.1392722, 28.1521376, 0.0 ] ], [ [ 73.1392162, 28.1521368, 0.0 ], [ 73.1392393, 28.1521371, 0.0 ], [ 73.139234, 28.1524404, 0.0 ], [ 73.1392109, 28.1524401, 0.0 ], [ 73.1392162, 28.1521368, 0.0 ] ], [ [ 73.1391656, 28.1518244, 0.0 ], [ 73.1391887, 28.1518247, 0.0 ], [ 73.1391835, 28.1521279, 0.0 ], [ 73.1391603, 28.1521276, 0.0 ], [ 73.1391656, 28.1518244, 0.0 ] ], [ [ 73.1391096, 28.1518236, 0.0 ], [ 73.1391327, 28.1518239, 0.0 ], [ 73.1391275, 28.1521272, 0.0 ], [ 73.1391043, 28.1521269, 0.0 ], [ 73.1391096, 28.1518236, 0.0 ] ], [ [ 73.1391602, 28.152136, 0.0 ], [ 73.1391833, 28.1521363, 0.0 ], [ 73.1391781, 28.1524396, 0.0 ], [ 73.1391549, 28.1524393, 0.0 ], [ 73.1391602, 28.152136, 0.0 ] ], [ [ 73.1391042, 28.1521353, 0.0 ], [ 73.1391273, 28.1521356, 0.0 ], [ 73.1391221, 28.1524389, 0.0 ], [ 73.1390989, 28.1524385, 0.0 ], [ 73.1391042, 28.1521353, 0.0 ] ], [ [ 73.1390536, 28.1518228, 0.0 ], [ 73.1390767, 28.1518231, 0.0 ], [ 73.1390715, 28.1521264, 0.0 ], [ 73.1390483, 28.1521261, 0.0 ], [ 73.1390536, 28.1518228, 0.0 ] ], [ [ 73.1389976, 28.1518221, 0.0 ], [ 73.1390207, 28.1518224, 0.0 ], [ 73.1390155, 28.1521256, 0.0 ], [ 73.1389924, 28.1521253, 0.0 ], [ 73.1389976, 28.1518221, 0.0 ] ], [ [ 73.1390482, 28.1521345, 0.0 ], [ 73.1390713, 28.1521348, 0.0 ], [ 73.1390661, 28.1524381, 0.0 ], [ 73.139043, 28.1524378, 0.0 ], [ 73.1390482, 28.1521345, 0.0 ] ], [ [ 73.1389922, 28.1521338, 0.0 ], [ 73.1390153, 28.1521341, 0.0 ], [ 73.1390101, 28.1524373, 0.0 ], [ 73.138987, 28.152437, 0.0 ], [ 73.1389922, 28.1521338, 0.0 ] ], [ [ 73.1389416, 28.1518213, 0.0 ], [ 73.1389647, 28.1518216, 0.0 ], [ 73.1389595, 28.1521249, 0.0 ], [ 73.1389364, 28.1521246, 0.0 ], [ 73.1389416, 28.1518213, 0.0 ] ], [ [ 73.1388856, 28.1518205, 0.0 ], [ 73.1389088, 28.1518209, 0.0 ], [ 73.1389035, 28.1521241, 0.0 ], [ 73.1388804, 28.1521238, 0.0 ], [ 73.1388856, 28.1518205, 0.0 ] ], [ [ 73.1389362, 28.152133, 0.0 ], [ 73.1389594, 28.1521333, 0.0 ], [ 73.1389541, 28.1524366, 0.0 ], [ 73.138931, 28.1524363, 0.0 ], [ 73.1389362, 28.152133, 0.0 ] ], [ [ 73.1388802, 28.1521322, 0.0 ], [ 73.1389034, 28.1521325, 0.0 ], [ 73.1388981, 28.1524358, 0.0 ], [ 73.138875, 28.1524355, 0.0 ], [ 73.1388802, 28.1521322, 0.0 ] ], [ [ 73.1388296, 28.1518198, 0.0 ], [ 73.1388528, 28.1518201, 0.0 ], [ 73.1388475, 28.1521234, 0.0 ], [ 73.1388244, 28.1521231, 0.0 ], [ 73.1388296, 28.1518198, 0.0 ] ], [ [ 73.1387737, 28.151819, 0.0 ], [ 73.1387968, 28.1518193, 0.0 ], [ 73.1387915, 28.1521226, 0.0 ], [ 73.1387684, 28.1521223, 0.0 ], [ 73.1387737, 28.151819, 0.0 ] ], [ [ 73.1388243, 28.1521315, 0.0 ], [ 73.1388474, 28.1521318, 0.0 ], [ 73.1388421, 28.1524351, 0.0 ], [ 73.138819, 28.1524347, 0.0 ], [ 73.1388243, 28.1521315, 0.0 ] ], [ [ 73.1387683, 28.1521307, 0.0 ], [ 73.1387914, 28.152131, 0.0 ], [ 73.1387861, 28.1524343, 0.0 ], [ 73.138763, 28.152434, 0.0 ], [ 73.1387683, 28.1521307, 0.0 ] ], [ [ 73.1387177, 28.1518183, 0.0 ], [ 73.1387408, 28.1518186, 0.0 ], [ 73.1387356, 28.1521218, 0.0 ], [ 73.1387124, 28.1521215, 0.0 ], [ 73.1387177, 28.1518183, 0.0 ] ], [ [ 73.1386617, 28.1518175, 0.0 ], [ 73.1386848, 28.1518178, 0.0 ], [ 73.1386796, 28.1521211, 0.0 ], [ 73.1386564, 28.1521208, 0.0 ], [ 73.1386617, 28.1518175, 0.0 ] ], [ [ 73.1387123, 28.1521299, 0.0 ], [ 73.1387354, 28.1521303, 0.0 ], [ 73.1387302, 28.1524335, 0.0 ], [ 73.138707, 28.1524332, 0.0 ], [ 73.1387123, 28.1521299, 0.0 ] ], [ [ 73.1386563, 28.1521292, 0.0 ], [ 73.1386794, 28.1521295, 0.0 ], [ 73.1386742, 28.1524328, 0.0 ], [ 73.138651, 28.1524325, 0.0 ], [ 73.1386563, 28.1521292, 0.0 ] ], [ [ 73.1386057, 28.1518167, 0.0 ], [ 73.1386288, 28.1518171, 0.0 ], [ 73.1386236, 28.1521203, 0.0 ], [ 73.1386004, 28.15212, 0.0 ], [ 73.1386057, 28.1518167, 0.0 ] ], [ [ 73.1385497, 28.151816, 0.0 ], [ 73.1385728, 28.1518163, 0.0 ], [ 73.1385676, 28.1521196, 0.0 ], [ 73.1385445, 28.1521192, 0.0 ], [ 73.1385497, 28.151816, 0.0 ] ], [ [ 73.1386003, 28.1521284, 0.0 ], [ 73.1386234, 28.1521287, 0.0 ], [ 73.1386182, 28.152432, 0.0 ], [ 73.1385951, 28.1524317, 0.0 ], [ 73.1386003, 28.1521284, 0.0 ] ], [ [ 73.1385443, 28.1521277, 0.0 ], [ 73.1385674, 28.152128, 0.0 ], [ 73.1385622, 28.1524312, 0.0 ], [ 73.1385391, 28.1524309, 0.0 ], [ 73.1385443, 28.1521277, 0.0 ] ], [ [ 73.1384937, 28.1518152, 0.0 ], [ 73.1385168, 28.1518155, 0.0 ], [ 73.1385116, 28.1521188, 0.0 ], [ 73.1384885, 28.1521185, 0.0 ], [ 73.1384937, 28.1518152, 0.0 ] ], [ [ 73.1384377, 28.1518145, 0.0 ], [ 73.1384609, 28.1518148, 0.0 ], [ 73.1384556, 28.152118, 0.0 ], [ 73.1384325, 28.1521177, 0.0 ], [ 73.1384377, 28.1518145, 0.0 ] ], [ [ 73.1384883, 28.1521269, 0.0 ], [ 73.1385115, 28.1521272, 0.0 ], [ 73.1385062, 28.1524305, 0.0 ], [ 73.1384831, 28.1524302, 0.0 ], [ 73.1384883, 28.1521269, 0.0 ] ], [ [ 73.1384323, 28.1521261, 0.0 ], [ 73.1384555, 28.1521265, 0.0 ], [ 73.1384502, 28.1524297, 0.0 ], [ 73.1384271, 28.1524294, 0.0 ], [ 73.1384323, 28.1521261, 0.0 ] ] ] } }
]
}
