{
"type": "FeatureCollection",
"name": "ITC-12 strings",
"bbox": [ 73.1464360, 28.1525463, 0.0000000, 73.1537325, 28.1582430, 0.0000000 ],                                                  
"features": [
{ "type": "Feature", "properties": { "id": "kml_1", "Name": "EDGE TRACKERS", "description": null, "timestamp": null, "begin": null, "end": null, "altitudeMode": null, "tessellate": -1, "extrude": 0, "visibility": -1, "drawOrder": null, "icon": null }, "bbox": [ 73.1478472, 28.1532535, 0.0, 73.1532763, 28.158243, 0.0 ], "geometry": { "type": "MultiLineString", "coordinates": [ [ [ 73.149526, 28.1550628, 0.0 ], [ 73.1495491, 28.1550631, 0.0 ], [ 73.1495439, 28.1553664, 0.0 ], [ 73.1495208, 28.155366, 0.0 ], [ 73.149526, 28.1550628, 0.0 ] ], [ [ 73.14947, 28.155062, 0.0 ], [ 73.1494931, 28.1550623, 0.0 ], [ 73.1494879, 28.1553656, 0.0 ], [ 73.1494648, 28.1553653, 0.0 ], [ 73.14947, 28.155062, 0.0 ] ], [ [ 73.1495206, 28.1553745, 0.0 ], [ 73.1495438, 28.1553748, 0.0 ], [ 73.1495385, 28.155678, 0.0 ], [ 73.1495154, 28.1556777, 0.0 ], [ 73.1495206, 28.1553745, 0.0 ] ], [ [ 73.1494646, 28.1553737, 0.0 ], [ 73.1494878, 28.155374, 0.0 ], [ 73.1494826, 28.1556773, 0.0 ], [ 73.1494594, 28.155677, 0.0 ], [ 73.1494646, 28.1553737, 0.0 ] ], [ [ 73.1522241, 28.1544796, 0.0 ], [ 73.1522473, 28.1544799, 0.0 ], [ 73.152242, 28.1547832, 0.0 ], [ 73.1522189, 28.1547829, 0.0 ], [ 73.1522241, 28.1544796, 0.0 ] ], [ [ 73.1521681, 28.1544788, 0.0 ], [ 73.1521913, 28.1544791, 0.0 ], [ 73.1521861, 28.1547824, 0.0 ], [ 73.1521629, 28.1547821, 0.0 ], [ 73.1521681, 28.1544788, 0.0 ] ], [ [ 73.1522188, 28.1547913, 0.0 ], [ 73.1522419, 28.1547916, 0.0 ], [ 73.1522367, 28.1550949, 0.0 ], [ 73.1522136, 28.1550945, 0.0 ], [ 73.1522188, 28.1547913, 0.0 ] ], [ [ 73.1521628, 28.1547905, 0.0 ], [ 73.1521859, 28.1547908, 0.0 ], [ 73.1521807, 28.1550941, 0.0 ], [ 73.1521576, 28.1550938, 0.0 ], [ 73.1521628, 28.1547905, 0.0 ] ], [ [ 73.1532532, 28.1532542, 0.0 ], [ 73.1532763, 28.1532546, 0.0 ], [ 73.1532711, 28.1535578, 0.0 ], [ 73.153248, 28.1535575, 0.0 ], [ 73.1532532, 28.1532542, 0.0 ] ], [ [ 73.1531972, 28.1532535, 0.0 ], [ 73.1532203, 28.1532538, 0.0 ], [ 73.1532151, 28.1535571, 0.0 ], [ 73.153192, 28.1535568, 0.0 ], [ 73.1531972, 28.1532535, 0.0 ] ], [ [ 73.1532478, 28.1535659, 0.0 ], [ 73.153271, 28.1535662, 0.0 ], [ 73.1532658, 28.1538695, 0.0 ], [ 73.1532426, 28.1538692, 0.0 ], [ 73.1532478, 28.1535659, 0.0 ] ], [ [ 73.1531919, 28.1535652, 0.0 ], [ 73.153215, 28.1535655, 0.0 ], [ 73.1532098, 28.1538688, 0.0 ], [ 73.1531867, 28.1538684, 0.0 ], [ 73.1531919, 28.1535652, 0.0 ] ], [ [ 73.1526827, 28.1538662, 0.0 ], [ 73.1527058, 28.1538665, 0.0 ], [ 73.1527006, 28.1541697, 0.0 ], [ 73.1526775, 28.1541694, 0.0 ], [ 73.1526827, 28.1538662, 0.0 ] ], [ [ 73.1526267, 28.1538654, 0.0 ], [ 73.1526498, 28.1538657, 0.0 ], [ 73.1526446, 28.154169, 0.0 ], [ 73.1526215, 28.1541687, 0.0 ], [ 73.1526267, 28.1538654, 0.0 ] ], [ [ 73.1526773, 28.1541779, 0.0 ], [ 73.1527005, 28.1541782, 0.0 ], [ 73.1526952, 28.1544814, 0.0 ], [ 73.1526721, 28.1544811, 0.0 ], [ 73.1526773, 28.1541779, 0.0 ] ], [ [ 73.1526213, 28.1541771, 0.0 ], [ 73.1526445, 28.1541774, 0.0 ], [ 73.1526393, 28.1544807, 0.0 ], [ 73.1526161, 28.1544804, 0.0 ], [ 73.1526213, 28.1541771, 0.0 ] ], [ [ 73.1515416, 28.15509, 0.0 ], [ 73.1515647, 28.1550903, 0.0 ], [ 73.1515595, 28.1553936, 0.0 ], [ 73.1515364, 28.1553933, 0.0 ], [ 73.1515416, 28.15509, 0.0 ] ], [ [ 73.1514856, 28.1550892, 0.0 ], [ 73.1515088, 28.1550895, 0.0 ], [ 73.1515035, 28.1553928, 0.0 ], [ 73.1514804, 28.1553925, 0.0 ], [ 73.1514856, 28.1550892, 0.0 ] ], [ [ 73.1515363, 28.1554017, 0.0 ], [ 73.1515594, 28.155402, 0.0 ], [ 73.1515542, 28.1557053, 0.0 ], [ 73.151531, 28.1557049, 0.0 ], [ 73.1515363, 28.1554017, 0.0 ] ], [ [ 73.1514803, 28.1554009, 0.0 ], [ 73.1515034, 28.1554012, 0.0 ], [ 73.1514982, 28.1557045, 0.0 ], [ 73.1514751, 28.1557042, 0.0 ], [ 73.1514803, 28.1554009, 0.0 ] ], [ [ 73.1509711, 28.1557019, 0.0 ], [ 73.1509942, 28.1557022, 0.0 ], [ 73.150989, 28.1560055, 0.0 ], [ 73.1509659, 28.1560052, 0.0 ], [ 73.1509711, 28.1557019, 0.0 ] ], [ [ 73.1509151, 28.1557011, 0.0 ], [ 73.1509382, 28.1557015, 0.0 ], [ 73.150933, 28.1560047, 0.0 ], [ 73.1509099, 28.1560044, 0.0 ], [ 73.1509151, 28.1557011, 0.0 ] ], [ [ 73.1509657, 28.1560136, 0.0 ], [ 73.1509888, 28.1560139, 0.0 ], [ 73.1509836, 28.1563172, 0.0 ], [ 73.1509605, 28.1563169, 0.0 ], [ 73.1509657, 28.1560136, 0.0 ] ], [ [ 73.1509097, 28.1560128, 0.0 ], [ 73.1509329, 28.1560131, 0.0 ], [ 73.1509276, 28.1563164, 0.0 ], [ 73.1509045, 28.1563161, 0.0 ], [ 73.1509097, 28.1560128, 0.0 ] ], [ [ 73.1504005, 28.1563138, 0.0 ], [ 73.1504237, 28.1563141, 0.0 ], [ 73.1504184, 28.1566174, 0.0 ], [ 73.1503953, 28.1566171, 0.0 ], [ 73.1504005, 28.1563138, 0.0 ] ], [ [ 73.1503445, 28.156313, 0.0 ], [ 73.1503677, 28.1563134, 0.0 ], [ 73.1503624, 28.1566166, 0.0 ], [ 73.1503393, 28.1566163, 0.0 ], [ 73.1503445, 28.156313, 0.0 ] ], [ [ 73.1503952, 28.1566255, 0.0 ], [ 73.1504183, 28.1566258, 0.0 ], [ 73.1504131, 28.1569291, 0.0 ], [ 73.1503899, 28.1569288, 0.0 ], [ 73.1503952, 28.1566255, 0.0 ] ], [ [ 73.1503392, 28.1566247, 0.0 ], [ 73.1503623, 28.156625, 0.0 ], [ 73.1503571, 28.1569283, 0.0 ], [ 73.150334, 28.156928, 0.0 ], [ 73.1503392, 28.1566247, 0.0 ] ], [ [ 73.1499419, 28.1569272, 0.0 ], [ 73.1499651, 28.1569275, 0.0 ], [ 73.1499599, 28.1572308, 0.0 ], [ 73.1499367, 28.1572305, 0.0 ], [ 73.1499419, 28.1569272, 0.0 ] ], [ [ 73.149886, 28.1569265, 0.0 ], [ 73.1499091, 28.1569268, 0.0 ], [ 73.1499039, 28.15723, 0.0 ], [ 73.1498807, 28.1572297, 0.0 ], [ 73.149886, 28.1569265, 0.0 ] ], [ [ 73.1499366, 28.1572389, 0.0 ], [ 73.1499597, 28.1572392, 0.0 ], [ 73.1499545, 28.1575425, 0.0 ], [ 73.1499314, 28.1575422, 0.0 ], [ 73.1499366, 28.1572389, 0.0 ] ], [ [ 73.1498806, 28.1572382, 0.0 ], [ 73.1499037, 28.1572385, 0.0 ], [ 73.1498985, 28.1575417, 0.0 ], [ 73.1498754, 28.1575414, 0.0 ], [ 73.1498806, 28.1572382, 0.0 ] ], [ [ 73.1493714, 28.1575391, 0.0 ], [ 73.1493945, 28.1575394, 0.0 ], [ 73.1493893, 28.1578427, 0.0 ], [ 73.1493662, 28.1578424, 0.0 ], [ 73.1493714, 28.1575391, 0.0 ] ], [ [ 73.1493154, 28.1575384, 0.0 ], [ 73.1493385, 28.1575387, 0.0 ], [ 73.1493333, 28.1578419, 0.0 ], [ 73.1493102, 28.1578416, 0.0 ], [ 73.1493154, 28.1575384, 0.0 ] ], [ [ 73.149366, 28.1578508, 0.0 ], [ 73.1493892, 28.1578511, 0.0 ], [ 73.1493839, 28.1581544, 0.0 ], [ 73.1493608, 28.1581541, 0.0 ], [ 73.149366, 28.1578508, 0.0 ] ], [ [ 73.14931, 28.1578501, 0.0 ], [ 73.1493332, 28.1578504, 0.0 ], [ 73.1493279, 28.1581536, 0.0 ], [ 73.1493048, 28.1581533, 0.0 ], [ 73.14931, 28.1578501, 0.0 ] ], [ [ 73.1491474, 28.1575361, 0.0 ], [ 73.1491706, 28.1575364, 0.0 ], [ 73.1491653, 28.1578397, 0.0 ], [ 73.1491422, 28.1578394, 0.0 ], [ 73.1491474, 28.1575361, 0.0 ] ], [ [ 73.1490914, 28.1575353, 0.0 ], [ 73.1491146, 28.1575357, 0.0 ], [ 73.1491093, 28.1578389, 0.0 ], [ 73.1490862, 28.1578386, 0.0 ], [ 73.1490914, 28.1575353, 0.0 ] ], [ [ 73.1491421, 28.1578478, 0.0 ], [ 73.1491652, 28.1578481, 0.0 ], [ 73.14916, 28.1581514, 0.0 ], [ 73.1491368, 28.1581511, 0.0 ], [ 73.1491421, 28.1578478, 0.0 ] ], [ [ 73.1490861, 28.157847, 0.0 ], [ 73.1491092, 28.1578473, 0.0 ], [ 73.149104, 28.1581506, 0.0 ], [ 73.1490809, 28.1581503, 0.0 ], [ 73.1490861, 28.157847, 0.0 ] ], [ [ 73.1489642, 28.1551635, 0.0 ], [ 73.1489874, 28.1551638, 0.0 ], [ 73.1489821, 28.1554671, 0.0 ], [ 73.148959, 28.1554667, 0.0 ], [ 73.1489642, 28.1551635, 0.0 ] ], [ [ 73.1489082, 28.1551627, 0.0 ], [ 73.1489314, 28.155163, 0.0 ], [ 73.1489262, 28.1554663, 0.0 ], [ 73.148903, 28.155466, 0.0 ], [ 73.1489082, 28.1551627, 0.0 ] ], [ [ 73.1489589, 28.1554752, 0.0 ], [ 73.148982, 28.1554755, 0.0 ], [ 73.1489768, 28.1557787, 0.0 ], [ 73.1489537, 28.1557784, 0.0 ], [ 73.1489589, 28.1554752, 0.0 ] ], [ [ 73.1489029, 28.1554744, 0.0 ], [ 73.148926, 28.1554747, 0.0 ], [ 73.1489208, 28.155778, 0.0 ], [ 73.1488977, 28.1557777, 0.0 ], [ 73.1489029, 28.1554744, 0.0 ] ], [ [ 73.1479138, 28.1576277, 0.0 ], [ 73.1479369, 28.157628, 0.0 ], [ 73.1479317, 28.1579313, 0.0 ], [ 73.1479085, 28.157931, 0.0 ], [ 73.1479138, 28.1576277, 0.0 ] ], [ [ 73.1478578, 28.157627, 0.0 ], [ 73.1478809, 28.1576273, 0.0 ], [ 73.1478757, 28.1579305, 0.0 ], [ 73.1478526, 28.1579302, 0.0 ], [ 73.1478578, 28.157627, 0.0 ] ], [ [ 73.1479084, 28.1579394, 0.0 ], [ 73.1479315, 28.1579397, 0.0 ], [ 73.1479263, 28.158243, 0.0 ], [ 73.1479032, 28.1582427, 0.0 ], [ 73.1479084, 28.1579394, 0.0 ] ], [ [ 73.1478524, 28.1579386, 0.0 ], [ 73.1478755, 28.157939, 0.0 ], [ 73.1478703, 28.1582422, 0.0 ], [ 73.1478472, 28.1582419, 0.0 ], [ 73.1478524, 28.1579386, 0.0 ] ] ] } },
{ "type": "Feature", "properties": { "id": "kml_49", "Name": "TRACKERS", "description": null, "timestamp": null, "begin": null, "end": null, "altitudeMode": null, "tessellate": -1, "extrude": 0, "visibility": -1, "drawOrder": null, "icon": null }, "bbox": [ 73.146436, 28.1525463, 0.0, 73.1537325, 28.1582415, 0.0 ], "geometry": { "type": "MultiLineString", "coordinates": [ [ [ 73.149494, 28.1569212, 0.0 ], [ 73.1495172, 28.1569215, 0.0 ], [ 73.1495119, 28.1572248, 0.0 ], [ 73.1494888, 28.1572244, 0.0 ], [ 73.149494, 28.1569212, 0.0 ] ], [ [ 73.149438, 28.1569204, 0.0 ], [ 73.1494612, 28.1569207, 0.0 ], [ 73.1494559, 28.157224, 0.0 ], [ 73.1494328, 28.1572237, 0.0 ], [ 73.149438, 28.1569204, 0.0 ] ], [ [ 73.1494887, 28.1572329, 0.0 ], [ 73.1495118, 28.1572332, 0.0 ], [ 73.1495066, 28.1575364, 0.0 ], [ 73.1494834, 28.1575361, 0.0 ], [ 73.1494887, 28.1572329, 0.0 ] ], [ [ 73.1494327, 28.1572321, 0.0 ], [ 73.1494558, 28.1572324, 0.0 ], [ 73.1494506, 28.1575357, 0.0 ], [ 73.1494275, 28.1575354, 0.0 ], [ 73.1494327, 28.1572321, 0.0 ] ], [ [ 73.1495047, 28.1563017, 0.0 ], [ 73.1495278, 28.156302, 0.0 ], [ 73.1495226, 28.1566053, 0.0 ], [ 73.1494995, 28.156605, 0.0 ], [ 73.1495047, 28.1563017, 0.0 ] ], [ [ 73.1494487, 28.1563009, 0.0 ], [ 73.1494718, 28.1563013, 0.0 ], [ 73.1494666, 28.1566045, 0.0 ], [ 73.1494435, 28.1566042, 0.0 ], [ 73.1494487, 28.1563009, 0.0 ] ], [ [ 73.1494993, 28.1566134, 0.0 ], [ 73.1495224, 28.1566137, 0.0 ], [ 73.1495172, 28.156917, 0.0 ], [ 73.1494941, 28.1569167, 0.0 ], [ 73.1494993, 28.1566134, 0.0 ] ], [ [ 73.1494433, 28.1566126, 0.0 ], [ 73.1494665, 28.1566129, 0.0 ], [ 73.1494612, 28.1569162, 0.0 ], [ 73.1494381, 28.1569159, 0.0 ], [ 73.1494433, 28.1566126, 0.0 ] ], [ [ 73.1495153, 28.1556822, 0.0 ], [ 73.1495385, 28.1556826, 0.0 ], [ 73.1495332, 28.1559858, 0.0 ], [ 73.1495101, 28.1559855, 0.0 ], [ 73.1495153, 28.1556822, 0.0 ] ], [ [ 73.1494593, 28.1556815, 0.0 ], [ 73.1494825, 28.1556818, 0.0 ], [ 73.1494773, 28.1559851, 0.0 ], [ 73.1494541, 28.1559847, 0.0 ], [ 73.1494593, 28.1556815, 0.0 ] ], [ [ 73.14951, 28.1559939, 0.0 ], [ 73.1495331, 28.1559942, 0.0 ], [ 73.1495279, 28.1562975, 0.0 ], [ 73.1495048, 28.1562972, 0.0 ], [ 73.14951, 28.1559939, 0.0 ] ], [ [ 73.149454, 28.1559932, 0.0 ], [ 73.1494771, 28.1559935, 0.0 ], [ 73.1494719, 28.1562967, 0.0 ], [ 73.1494488, 28.1562964, 0.0 ], [ 73.149454, 28.1559932, 0.0 ] ], [ [ 73.149638, 28.1550643, 0.0 ], [ 73.1496611, 28.1550646, 0.0 ], [ 73.1496559, 28.1553679, 0.0 ], [ 73.1496328, 28.1553676, 0.0 ], [ 73.149638, 28.1550643, 0.0 ] ], [ [ 73.149582, 28.1550635, 0.0 ], [ 73.1496051, 28.1550638, 0.0 ], [ 73.1495999, 28.1553671, 0.0 ], [ 73.1495768, 28.1553668, 0.0 ], [ 73.149582, 28.1550635, 0.0 ] ], [ [ 73.1496326, 28.155376, 0.0 ], [ 73.1496557, 28.1553763, 0.0 ], [ 73.1496505, 28.1556796, 0.0 ], [ 73.1496274, 28.1556792, 0.0 ], [ 73.1496326, 28.155376, 0.0 ] ], [ [ 73.1495766, 28.1553752, 0.0 ], [ 73.1495997, 28.1553755, 0.0 ], [ 73.1495945, 28.1556788, 0.0 ], [ 73.1495714, 28.1556785, 0.0 ], [ 73.1495766, 28.1553752, 0.0 ] ], [ [ 73.1497499, 28.1550658, 0.0 ], [ 73.1497731, 28.1550661, 0.0 ], [ 73.1497679, 28.1553694, 0.0 ], [ 73.1497447, 28.1553691, 0.0 ], [ 73.1497499, 28.1550658, 0.0 ] ], [ [ 73.149694, 28.155065, 0.0 ], [ 73.1497171, 28.1550654, 0.0 ], [ 73.1497119, 28.1553686, 0.0 ], [ 73.1496887, 28.1553683, 0.0 ], [ 73.149694, 28.155065, 0.0 ] ], [ [ 73.1497446, 28.1553775, 0.0 ], [ 73.1497677, 28.1553778, 0.0 ], [ 73.1497625, 28.1556811, 0.0 ], [ 73.1497394, 28.1556808, 0.0 ], [ 73.1497446, 28.1553775, 0.0 ] ], [ [ 73.1496886, 28.1553767, 0.0 ], [ 73.1497117, 28.155377, 0.0 ], [ 73.1497065, 28.1556803, 0.0 ], [ 73.1496834, 28.15568, 0.0 ], [ 73.1496886, 28.1553767, 0.0 ] ], [ [ 73.1498619, 28.1550673, 0.0 ], [ 73.1498851, 28.1550676, 0.0 ], [ 73.1498798, 28.1553709, 0.0 ], [ 73.1498567, 28.1553706, 0.0 ], [ 73.1498619, 28.1550673, 0.0 ] ], [ [ 73.1498059, 28.1550666, 0.0 ], [ 73.1498291, 28.1550669, 0.0 ], [ 73.1498239, 28.1553701, 0.0 ], [ 73.1498007, 28.1553698, 0.0 ], [ 73.1498059, 28.1550666, 0.0 ] ], [ [ 73.1498566, 28.155379, 0.0 ], [ 73.1498797, 28.1553793, 0.0 ], [ 73.1498745, 28.1556826, 0.0 ], [ 73.1498514, 28.1556823, 0.0 ], [ 73.1498566, 28.155379, 0.0 ] ], [ [ 73.1498006, 28.1553782, 0.0 ], [ 73.1498237, 28.1553786, 0.0 ], [ 73.1498185, 28.1556818, 0.0 ], [ 73.1497954, 28.1556815, 0.0 ], [ 73.1498006, 28.1553782, 0.0 ] ], [ [ 73.1534854, 28.152778, 0.0 ], [ 73.1535085, 28.1527783, 0.0 ], [ 73.1535033, 28.1530816, 0.0 ], [ 73.1534802, 28.1530812, 0.0 ], [ 73.1534854, 28.152778, 0.0 ] ], [ [ 73.1534294, 28.1527772, 0.0 ], [ 73.1534525, 28.1527775, 0.0 ], [ 73.1534473, 28.1530808, 0.0 ], [ 73.1534242, 28.1530805, 0.0 ], [ 73.1534294, 28.1527772, 0.0 ] ], [ [ 73.15348, 28.1530897, 0.0 ], [ 73.1535032, 28.15309, 0.0 ], [ 73.153498, 28.1533932, 0.0 ], [ 73.1534748, 28.1533929, 0.0 ], [ 73.15348, 28.1530897, 0.0 ] ], [ [ 73.153424, 28.1530889, 0.0 ], [ 73.1534472, 28.1530892, 0.0 ], [ 73.153442, 28.1533925, 0.0 ], [ 73.1534188, 28.1533922, 0.0 ], [ 73.153424, 28.1530889, 0.0 ] ], [ [ 73.1537093, 28.152781, 0.0 ], [ 73.1537325, 28.1527813, 0.0 ], [ 73.1537273, 28.1530846, 0.0 ], [ 73.1537041, 28.1530843, 0.0 ], [ 73.1537093, 28.152781, 0.0 ] ], [ [ 73.1536533, 28.1527802, 0.0 ], [ 73.1536765, 28.1527805, 0.0 ], [ 73.1536713, 28.1530838, 0.0 ], [ 73.1536481, 28.1530835, 0.0 ], [ 73.1536533, 28.1527802, 0.0 ] ], [ [ 73.153704, 28.1530927, 0.0 ], [ 73.1537271, 28.153093, 0.0 ], [ 73.1537219, 28.1533963, 0.0 ], [ 73.1536988, 28.1533959, 0.0 ], [ 73.153704, 28.1530927, 0.0 ] ], [ [ 73.153648, 28.1530919, 0.0 ], [ 73.1536711, 28.1530922, 0.0 ], [ 73.1536659, 28.1533955, 0.0 ], [ 73.1536428, 28.1533952, 0.0 ], [ 73.153648, 28.1530919, 0.0 ] ], [ [ 73.1535974, 28.1527795, 0.0 ], [ 73.1536205, 28.1527798, 0.0 ], [ 73.1536153, 28.1530831, 0.0 ], [ 73.1535922, 28.1530828, 0.0 ], [ 73.1535974, 28.1527795, 0.0 ] ], [ [ 73.1535414, 28.1527787, 0.0 ], [ 73.1535645, 28.152779, 0.0 ], [ 73.1535593, 28.1530823, 0.0 ], [ 73.1535362, 28.153082, 0.0 ], [ 73.1535414, 28.1527787, 0.0 ] ], [ [ 73.153592, 28.1530912, 0.0 ], [ 73.1536151, 28.1530915, 0.0 ], [ 73.1536099, 28.1533948, 0.0 ], [ 73.1535868, 28.1533944, 0.0 ], [ 73.153592, 28.1530912, 0.0 ] ], [ [ 73.153536, 28.1530904, 0.0 ], [ 73.1535591, 28.1530907, 0.0 ], [ 73.1535539, 28.153394, 0.0 ], [ 73.1535308, 28.1533937, 0.0 ], [ 73.153536, 28.1530904, 0.0 ] ], [ [ 73.1533734, 28.1527765, 0.0 ], [ 73.1533965, 28.1527768, 0.0 ], [ 73.1533913, 28.15308, 0.0 ], [ 73.1533682, 28.1530797, 0.0 ], [ 73.1533734, 28.1527765, 0.0 ] ], [ [ 73.1533174, 28.1527757, 0.0 ], [ 73.1533405, 28.152776, 0.0 ], [ 73.1533353, 28.1530793, 0.0 ], [ 73.1533122, 28.153079, 0.0 ], [ 73.1533174, 28.1527757, 0.0 ] ], [ [ 73.1533681, 28.1530882, 0.0 ], [ 73.1533912, 28.1530885, 0.0 ], [ 73.153386, 28.1533917, 0.0 ], [ 73.1533628, 28.1533914, 0.0 ], [ 73.1533681, 28.1530882, 0.0 ] ], [ [ 73.1533121, 28.1530874, 0.0 ], [ 73.1533352, 28.1530877, 0.0 ], [ 73.15333, 28.153391, 0.0 ], [ 73.1533069, 28.1533907, 0.0 ], [ 73.1533121, 28.1530874, 0.0 ] ], [ [ 73.1531412, 28.1532527, 0.0 ], [ 73.1531643, 28.153253, 0.0 ], [ 73.1531591, 28.1535563, 0.0 ], [ 73.153136, 28.153556, 0.0 ], [ 73.1531412, 28.1532527, 0.0 ] ], [ [ 73.1530852, 28.153252, 0.0 ], [ 73.1531084, 28.1532523, 0.0 ], [ 73.1531032, 28.1535556, 0.0 ], [ 73.15308, 28.1535553, 0.0 ], [ 73.1530852, 28.153252, 0.0 ] ], [ [ 73.1531359, 28.1535644, 0.0 ], [ 73.153159, 28.1535647, 0.0 ], [ 73.1531538, 28.153868, 0.0 ], [ 73.1531307, 28.1538677, 0.0 ], [ 73.1531359, 28.1535644, 0.0 ] ], [ [ 73.1530799, 28.1535637, 0.0 ], [ 73.153103, 28.153564, 0.0 ], [ 73.1530978, 28.1538672, 0.0 ], [ 73.1530747, 28.1538669, 0.0 ], [ 73.1530799, 28.1535637, 0.0 ] ], [ [ 73.1530292, 28.1532512, 0.0 ], [ 73.1530524, 28.1532515, 0.0 ], [ 73.1530472, 28.1535548, 0.0 ], [ 73.153024, 28.1535545, 0.0 ], [ 73.1530292, 28.1532512, 0.0 ] ], [ [ 73.1529733, 28.1532505, 0.0 ], [ 73.1529964, 28.1532508, 0.0 ], [ 73.1529912, 28.1535541, 0.0 ], [ 73.152968, 28.1535537, 0.0 ], [ 73.1529733, 28.1532505, 0.0 ] ], [ [ 73.1530239, 28.1535629, 0.0 ], [ 73.153047, 28.1535632, 0.0 ], [ 73.1530418, 28.1538665, 0.0 ], [ 73.1530187, 28.1538662, 0.0 ], [ 73.1530239, 28.1535629, 0.0 ] ], [ [ 73.1529679, 28.1535622, 0.0 ], [ 73.152991, 28.1535625, 0.0 ], [ 73.1529858, 28.1538657, 0.0 ], [ 73.1529627, 28.1538654, 0.0 ], [ 73.1529679, 28.1535622, 0.0 ] ], [ [ 73.1529173, 28.1532497, 0.0 ], [ 73.1529404, 28.15325, 0.0 ], [ 73.1529352, 28.1535533, 0.0 ], [ 73.1529121, 28.153553, 0.0 ], [ 73.1529173, 28.1532497, 0.0 ] ], [ [ 73.1528613, 28.153249, 0.0 ], [ 73.1528844, 28.1532493, 0.0 ], [ 73.1528792, 28.1535525, 0.0 ], [ 73.1528561, 28.1535522, 0.0 ], [ 73.1528613, 28.153249, 0.0 ] ], [ [ 73.1529119, 28.1535614, 0.0 ], [ 73.152935, 28.1535617, 0.0 ], [ 73.1529298, 28.153865, 0.0 ], [ 73.1529067, 28.1538647, 0.0 ], [ 73.1529119, 28.1535614, 0.0 ] ], [ [ 73.1528559, 28.1535606, 0.0 ], [ 73.1528791, 28.153561, 0.0 ], [ 73.1528738, 28.1538642, 0.0 ], [ 73.1528507, 28.1538639, 0.0 ], [ 73.1528559, 28.1535606, 0.0 ] ], [ [ 73.1528053, 28.1532482, 0.0 ], [ 73.1528284, 28.1532485, 0.0 ], [ 73.1528232, 28.1535518, 0.0 ], [ 73.1528001, 28.1535515, 0.0 ], [ 73.1528053, 28.1532482, 0.0 ] ], [ [ 73.1527493, 28.1532475, 0.0 ], [ 73.1527724, 28.1532478, 0.0 ], [ 73.1527672, 28.153551, 0.0 ], [ 73.1527441, 28.1535507, 0.0 ], [ 73.1527493, 28.1532475, 0.0 ] ], [ [ 73.1527999, 28.1535599, 0.0 ], [ 73.1528231, 28.1535602, 0.0 ], [ 73.1528179, 28.1538635, 0.0 ], [ 73.1527947, 28.1538632, 0.0 ], [ 73.1527999, 28.1535599, 0.0 ] ], [ [ 73.1527439, 28.1535591, 0.0 ], [ 73.1527671, 28.1535594, 0.0 ], [ 73.1527619, 28.1538627, 0.0 ], [ 73.1527387, 28.1538624, 0.0 ], [ 73.1527439, 28.1535591, 0.0 ] ], [ [ 73.1526933, 28.1532467, 0.0 ], [ 73.1527164, 28.153247, 0.0 ], [ 73.1527112, 28.1535503, 0.0 ], [ 73.1526881, 28.15355, 0.0 ], [ 73.1526933, 28.1532467, 0.0 ] ], [ [ 73.1526373, 28.1532459, 0.0 ], [ 73.1526605, 28.1532463, 0.0 ], [ 73.1526552, 28.1535495, 0.0 ], [ 73.1526321, 28.1535492, 0.0 ], [ 73.1526373, 28.1532459, 0.0 ] ], [ [ 73.152688, 28.1535584, 0.0 ], [ 73.1527111, 28.1535587, 0.0 ], [ 73.1527059, 28.153862, 0.0 ], [ 73.1526828, 28.1538617, 0.0 ], [ 73.152688, 28.1535584, 0.0 ] ], [ [ 73.152632, 28.1535576, 0.0 ], [ 73.1526551, 28.1535579, 0.0 ], [ 73.1526499, 28.1538612, 0.0 ], [ 73.1526268, 28.1538609, 0.0 ], [ 73.152632, 28.1535576, 0.0 ] ], [ [ 73.1525707, 28.1538647, 0.0 ], [ 73.1525938, 28.153865, 0.0 ], [ 73.1525886, 28.1541682, 0.0 ], [ 73.1525655, 28.1541679, 0.0 ], [ 73.1525707, 28.1538647, 0.0 ] ], [ [ 73.1525147, 28.1538639, 0.0 ], [ 73.1525378, 28.1538642, 0.0 ], [ 73.1525326, 28.1541675, 0.0 ], [ 73.1525095, 28.1541672, 0.0 ], [ 73.1525147, 28.1538639, 0.0 ] ], [ [ 73.1525653, 28.1541763, 0.0 ], [ 73.1525885, 28.1541767, 0.0 ], [ 73.1525833, 28.1544799, 0.0 ], [ 73.1525601, 28.1544796, 0.0 ], [ 73.1525653, 28.1541763, 0.0 ] ], [ [ 73.1525094, 28.1541756, 0.0 ], [ 73.1525325, 28.1541759, 0.0 ], [ 73.1525273, 28.1544792, 0.0 ], [ 73.1525041, 28.1544789, 0.0 ], [ 73.1525094, 28.1541756, 0.0 ] ], [ [ 73.1525813, 28.1532452, 0.0 ], [ 73.1526045, 28.1532455, 0.0 ], [ 73.1525993, 28.1535488, 0.0 ], [ 73.1525761, 28.1535485, 0.0 ], [ 73.1525813, 28.1532452, 0.0 ] ], [ [ 73.1525253, 28.1532444, 0.0 ], [ 73.1525485, 28.1532447, 0.0 ], [ 73.1525433, 28.153548, 0.0 ], [ 73.1525201, 28.1535477, 0.0 ], [ 73.1525253, 28.1532444, 0.0 ] ], [ [ 73.152576, 28.1535569, 0.0 ], [ 73.1525991, 28.1535572, 0.0 ], [ 73.1525939, 28.1538605, 0.0 ], [ 73.1525708, 28.1538601, 0.0 ], [ 73.152576, 28.1535569, 0.0 ] ], [ [ 73.15252, 28.1535561, 0.0 ], [ 73.1525431, 28.1535564, 0.0 ], [ 73.1525379, 28.1538597, 0.0 ], [ 73.1525148, 28.1538594, 0.0 ], [ 73.15252, 28.1535561, 0.0 ] ], [ [ 73.1524587, 28.1538631, 0.0 ], [ 73.1524818, 28.1538635, 0.0 ], [ 73.1524766, 28.1541667, 0.0 ], [ 73.1524535, 28.1541664, 0.0 ], [ 73.1524587, 28.1538631, 0.0 ] ], [ [ 73.1524027, 28.1538624, 0.0 ], [ 73.1524259, 28.1538627, 0.0 ], [ 73.1524207, 28.154166, 0.0 ], [ 73.1523975, 28.1541657, 0.0 ], [ 73.1524027, 28.1538624, 0.0 ] ], [ [ 73.1524534, 28.1541748, 0.0 ], [ 73.1524765, 28.1541751, 0.0 ], [ 73.1524713, 28.1544784, 0.0 ], [ 73.1524482, 28.1544781, 0.0 ], [ 73.1524534, 28.1541748, 0.0 ] ], [ [ 73.1523974, 28.1541741, 0.0 ], [ 73.1524205, 28.1541744, 0.0 ], [ 73.1524153, 28.1544777, 0.0 ], [ 73.1523922, 28.1544773, 0.0 ], [ 73.1523974, 28.1541741, 0.0 ] ], [ [ 73.1524694, 28.1532437, 0.0 ], [ 73.1524925, 28.153244, 0.0 ], [ 73.1524873, 28.1535473, 0.0 ], [ 73.1524642, 28.1535469, 0.0 ], [ 73.1524694, 28.1532437, 0.0 ] ], [ [ 73.1524134, 28.1532429, 0.0 ], [ 73.1524365, 28.1532432, 0.0 ], [ 73.1524313, 28.1535465, 0.0 ], [ 73.1524082, 28.1535462, 0.0 ], [ 73.1524134, 28.1532429, 0.0 ] ], [ [ 73.152464, 28.1535554, 0.0 ], [ 73.1524871, 28.1535557, 0.0 ], [ 73.1524819, 28.1538589, 0.0 ], [ 73.1524588, 28.1538586, 0.0 ], [ 73.152464, 28.1535554, 0.0 ] ], [ [ 73.152408, 28.1535546, 0.0 ], [ 73.1524311, 28.1535549, 0.0 ], [ 73.1524259, 28.1538582, 0.0 ], [ 73.1524028, 28.1538579, 0.0 ], [ 73.152408, 28.1535546, 0.0 ] ], [ [ 73.1523467, 28.1538616, 0.0 ], [ 73.1523699, 28.1538619, 0.0 ], [ 73.1523647, 28.1541652, 0.0 ], [ 73.1523415, 28.1541649, 0.0 ], [ 73.1523467, 28.1538616, 0.0 ] ], [ [ 73.1522908, 28.1538609, 0.0 ], [ 73.1523139, 28.1538612, 0.0 ], [ 73.1523087, 28.1541645, 0.0 ], [ 73.1522855, 28.1541641, 0.0 ], [ 73.1522908, 28.1538609, 0.0 ] ], [ [ 73.1523414, 28.1541733, 0.0 ], [ 73.1523645, 28.1541736, 0.0 ], [ 73.1523593, 28.1544769, 0.0 ], [ 73.1523362, 28.1544766, 0.0 ], [ 73.1523414, 28.1541733, 0.0 ] ], [ [ 73.1522854, 28.1541726, 0.0 ], [ 73.1523085, 28.1541729, 0.0 ], [ 73.1523033, 28.1544761, 0.0 ], [ 73.1522802, 28.1544758, 0.0 ], [ 73.1522854, 28.1541726, 0.0 ] ], [ [ 73.1523574, 28.1532422, 0.0 ], [ 73.1523805, 28.1532425, 0.0 ], [ 73.1523753, 28.1535457, 0.0 ], [ 73.1523522, 28.1535454, 0.0 ], [ 73.1523574, 28.1532422, 0.0 ] ], [ [ 73.1523014, 28.1532414, 0.0 ], [ 73.1523245, 28.1532417, 0.0 ], [ 73.1523193, 28.153545, 0.0 ], [ 73.1522962, 28.1535447, 0.0 ], [ 73.1523014, 28.1532414, 0.0 ] ], [ [ 73.152352, 28.1535539, 0.0 ], [ 73.1523752, 28.1535542, 0.0 ], [ 73.1523699, 28.1538574, 0.0 ], [ 73.1523468, 28.1538571, 0.0 ], [ 73.152352, 28.1535539, 0.0 ] ], [ [ 73.152296, 28.1535531, 0.0 ], [ 73.1523192, 28.1535534, 0.0 ], [ 73.152314, 28.1538567, 0.0 ], [ 73.1522908, 28.1538564, 0.0 ], [ 73.152296, 28.1535531, 0.0 ] ], [ [ 73.1522348, 28.1538601, 0.0 ], [ 73.1522579, 28.1538604, 0.0 ], [ 73.1522527, 28.1541637, 0.0 ], [ 73.1522296, 28.1541634, 0.0 ], [ 73.1522348, 28.1538601, 0.0 ] ], [ [ 73.1521788, 28.1538594, 0.0 ], [ 73.1522019, 28.1538597, 0.0 ], [ 73.1521967, 28.1541629, 0.0 ], [ 73.1521736, 28.1541626, 0.0 ], [ 73.1521788, 28.1538594, 0.0 ] ], [ [ 73.1522294, 28.1541718, 0.0 ], [ 73.1522525, 28.1541721, 0.0 ], [ 73.1522473, 28.1544754, 0.0 ], [ 73.1522242, 28.1544751, 0.0 ], [ 73.1522294, 28.1541718, 0.0 ] ], [ [ 73.1521734, 28.1541711, 0.0 ], [ 73.1521966, 28.1541714, 0.0 ], [ 73.1521913, 28.1544746, 0.0 ], [ 73.1521682, 28.1544743, 0.0 ], [ 73.1521734, 28.1541711, 0.0 ] ], [ [ 73.1522454, 28.1532407, 0.0 ], [ 73.1522685, 28.153241, 0.0 ], [ 73.1522633, 28.1535442, 0.0 ], [ 73.1522402, 28.1535439, 0.0 ], [ 73.1522454, 28.1532407, 0.0 ] ], [ [ 73.1521894, 28.1532399, 0.0 ], [ 73.1522125, 28.1532402, 0.0 ], [ 73.1522073, 28.1535435, 0.0 ], [ 73.1521842, 28.1535432, 0.0 ], [ 73.1521894, 28.1532399, 0.0 ] ], [ [ 73.1522401, 28.1535523, 0.0 ], [ 73.1522632, 28.1535527, 0.0 ], [ 73.152258, 28.1538559, 0.0 ], [ 73.1522348, 28.1538556, 0.0 ], [ 73.1522401, 28.1535523, 0.0 ] ], [ [ 73.1521841, 28.1535516, 0.0 ], [ 73.1522072, 28.1535519, 0.0 ], [ 73.152202, 28.1538552, 0.0 ], [ 73.1521789, 28.1538549, 0.0 ], [ 73.1521841, 28.1535516, 0.0 ] ], [ [ 73.1521121, 28.1544781, 0.0 ], [ 73.1521353, 28.1544784, 0.0 ], [ 73.1521301, 28.1547817, 0.0 ], [ 73.1521069, 28.1547813, 0.0 ], [ 73.1521121, 28.1544781, 0.0 ] ], [ [ 73.1520562, 28.1544773, 0.0 ], [ 73.1520793, 28.1544776, 0.0 ], [ 73.1520741, 28.1547809, 0.0 ], [ 73.1520509, 28.1547806, 0.0 ], [ 73.1520562, 28.1544773, 0.0 ] ], [ [ 73.1521068, 28.1547898, 0.0 ], [ 73.1521299, 28.1547901, 0.0 ], [ 73.1521247, 28.1550933, 0.0 ], [ 73.1521016, 28.155093, 0.0 ], [ 73.1521068, 28.1547898, 0.0 ] ], [ [ 73.1520508, 28.154789, 0.0 ], [ 73.1520739, 28.1547893, 0.0 ], [ 73.1520687, 28.1550926, 0.0 ], [ 73.1520456, 28.1550923, 0.0 ], [ 73.1520508, 28.154789, 0.0 ] ], [ [ 73.1521228, 28.1538586, 0.0 ], [ 73.1521459, 28.1538589, 0.0 ], [ 73.1521407, 28.1541622, 0.0 ], [ 73.1521176, 28.1541619, 0.0 ], [ 73.1521228, 28.1538586, 0.0 ] ], [ [ 73.1520668, 28.1538579, 0.0 ], [ 73.1520899, 28.1538582, 0.0 ], [ 73.1520847, 28.1541614, 0.0 ], [ 73.1520616, 28.1541611, 0.0 ], [ 73.1520668, 28.1538579, 0.0 ] ], [ [ 73.1521174, 28.1541703, 0.0 ], [ 73.1521406, 28.1541706, 0.0 ], [ 73.1521354, 28.1544739, 0.0 ], [ 73.1521122, 28.1544736, 0.0 ], [ 73.1521174, 28.1541703, 0.0 ] ], [ [ 73.1520614, 28.1541695, 0.0 ], [ 73.1520846, 28.1541699, 0.0 ], [ 73.1520794, 28.1544731, 0.0 ], [ 73.1520562, 28.1544728, 0.0 ], [ 73.1520614, 28.1541695, 0.0 ] ], [ [ 73.1521334, 28.1532391, 0.0 ], [ 73.1521566, 28.1532395, 0.0 ], [ 73.1521513, 28.1535427, 0.0 ], [ 73.1521282, 28.1535424, 0.0 ], [ 73.1521334, 28.1532391, 0.0 ] ], [ [ 73.1520774, 28.1532384, 0.0 ], [ 73.1521006, 28.1532387, 0.0 ], [ 73.1520954, 28.153542, 0.0 ], [ 73.1520722, 28.1535417, 0.0 ], [ 73.1520774, 28.1532384, 0.0 ] ], [ [ 73.1521281, 28.1535508, 0.0 ], [ 73.1521512, 28.1535511, 0.0 ], [ 73.152146, 28.1538544, 0.0 ], [ 73.1521229, 28.1538541, 0.0 ], [ 73.1521281, 28.1535508, 0.0 ] ], [ [ 73.1520721, 28.1535501, 0.0 ], [ 73.1520952, 28.1535504, 0.0 ], [ 73.15209, 28.1538537, 0.0 ], [ 73.1520669, 28.1538533, 0.0 ], [ 73.1520721, 28.1535501, 0.0 ] ], [ [ 73.1520002, 28.1544766, 0.0 ], [ 73.1520233, 28.1544769, 0.0 ], [ 73.1520181, 28.1547801, 0.0 ], [ 73.151995, 28.1547798, 0.0 ], [ 73.1520002, 28.1544766, 0.0 ] ], [ [ 73.1519442, 28.1544758, 0.0 ], [ 73.1519673, 28.1544761, 0.0 ], [ 73.1519621, 28.1547794, 0.0 ], [ 73.151939, 28.1547791, 0.0 ], [ 73.1519442, 28.1544758, 0.0 ] ], [ [ 73.1519948, 28.1547883, 0.0 ], [ 73.1520179, 28.1547886, 0.0 ], [ 73.1520127, 28.1550918, 0.0 ], [ 73.1519896, 28.1550915, 0.0 ], [ 73.1519948, 28.1547883, 0.0 ] ], [ [ 73.1519388, 28.1547875, 0.0 ], [ 73.151962, 28.1547878, 0.0 ], [ 73.1519567, 28.1550911, 0.0 ], [ 73.1519336, 28.1550908, 0.0 ], [ 73.1519388, 28.1547875, 0.0 ] ], [ [ 73.1520108, 28.1538571, 0.0 ], [ 73.1520339, 28.1538574, 0.0 ], [ 73.1520287, 28.1541607, 0.0 ], [ 73.1520056, 28.1541604, 0.0 ], [ 73.1520108, 28.1538571, 0.0 ] ], [ [ 73.1519548, 28.1538563, 0.0 ], [ 73.1519779, 28.1538567, 0.0 ], [ 73.1519727, 28.1541599, 0.0 ], [ 73.1519496, 28.1541596, 0.0 ], [ 73.1519548, 28.1538563, 0.0 ] ], [ [ 73.1520055, 28.1541688, 0.0 ], [ 73.1520286, 28.1541691, 0.0 ], [ 73.1520234, 28.1544724, 0.0 ], [ 73.1520002, 28.1544721, 0.0 ], [ 73.1520055, 28.1541688, 0.0 ] ], [ [ 73.1519495, 28.154168, 0.0 ], [ 73.1519726, 28.1541683, 0.0 ], [ 73.1519674, 28.1544716, 0.0 ], [ 73.1519443, 28.1544713, 0.0 ], [ 73.1519495, 28.154168, 0.0 ] ], [ [ 73.1520214, 28.1532376, 0.0 ], [ 73.1520446, 28.1532379, 0.0 ], [ 73.1520394, 28.1535412, 0.0 ], [ 73.1520162, 28.1535409, 0.0 ], [ 73.1520214, 28.1532376, 0.0 ] ], [ [ 73.1519655, 28.1532369, 0.0 ], [ 73.1519886, 28.1532372, 0.0 ], [ 73.1519834, 28.1535405, 0.0 ], [ 73.1519603, 28.1535401, 0.0 ], [ 73.1519655, 28.1532369, 0.0 ] ], [ [ 73.1520161, 28.1535493, 0.0 ], [ 73.1520392, 28.1535496, 0.0 ], [ 73.152034, 28.1538529, 0.0 ], [ 73.1520109, 28.1538526, 0.0 ], [ 73.1520161, 28.1535493, 0.0 ] ], [ [ 73.1519601, 28.1535486, 0.0 ], [ 73.1519832, 28.1535489, 0.0 ], [ 73.151978, 28.1538521, 0.0 ], [ 73.1519549, 28.1538518, 0.0 ], [ 73.1519601, 28.1535486, 0.0 ] ], [ [ 73.1518882, 28.1544751, 0.0 ], [ 73.1519113, 28.1544754, 0.0 ], [ 73.1519061, 28.1547786, 0.0 ], [ 73.151883, 28.1547783, 0.0 ], [ 73.1518882, 28.1544751, 0.0 ] ], [ [ 73.1518322, 28.1544743, 0.0 ], [ 73.1518553, 28.1544746, 0.0 ], [ 73.1518501, 28.1547779, 0.0 ], [ 73.151827, 28.1547776, 0.0 ], [ 73.1518322, 28.1544743, 0.0 ] ], [ [ 73.1518828, 28.1547867, 0.0 ], [ 73.151906, 28.1547871, 0.0 ], [ 73.1519008, 28.1550903, 0.0 ], [ 73.1518776, 28.15509, 0.0 ], [ 73.1518828, 28.1547867, 0.0 ] ], [ [ 73.1518268, 28.154786, 0.0 ], [ 73.15185, 28.1547863, 0.0 ], [ 73.1518448, 28.1550896, 0.0 ], [ 73.1518216, 28.1550893, 0.0 ], [ 73.1518268, 28.154786, 0.0 ] ], [ [ 73.1518988, 28.1538556, 0.0 ], [ 73.151922, 28.1538559, 0.0 ], [ 73.1519168, 28.1541592, 0.0 ], [ 73.1518936, 28.1541589, 0.0 ], [ 73.1518988, 28.1538556, 0.0 ] ], [ [ 73.1518428, 28.1538548, 0.0 ], [ 73.151866, 28.1538551, 0.0 ], [ 73.1518608, 28.1541584, 0.0 ], [ 73.1518376, 28.1541581, 0.0 ], [ 73.1518428, 28.1538548, 0.0 ] ], [ [ 73.1518935, 28.1541673, 0.0 ], [ 73.1519166, 28.1541676, 0.0 ], [ 73.1519114, 28.1544709, 0.0 ], [ 73.1518883, 28.1544705, 0.0 ], [ 73.1518935, 28.1541673, 0.0 ] ], [ [ 73.1518375, 28.1541665, 0.0 ], [ 73.1518606, 28.1541668, 0.0 ], [ 73.1518554, 28.1544701, 0.0 ], [ 73.1518323, 28.1544698, 0.0 ], [ 73.1518375, 28.1541665, 0.0 ] ], [ [ 73.1519095, 28.1532361, 0.0 ], [ 73.1519326, 28.1532364, 0.0 ], [ 73.1519274, 28.1535397, 0.0 ], [ 73.1519043, 28.1535394, 0.0 ], [ 73.1519095, 28.1532361, 0.0 ] ], [ [ 73.1518535, 28.1532354, 0.0 ], [ 73.1518766, 28.1532357, 0.0 ], [ 73.1518714, 28.1535389, 0.0 ], [ 73.1518483, 28.1535386, 0.0 ], [ 73.1518535, 28.1532354, 0.0 ] ], [ [ 73.1519041, 28.1535478, 0.0 ], [ 73.1519272, 28.1535481, 0.0 ], [ 73.151922, 28.1538514, 0.0 ], [ 73.1518989, 28.1538511, 0.0 ], [ 73.1519041, 28.1535478, 0.0 ] ], [ [ 73.1518481, 28.1535471, 0.0 ], [ 73.1518713, 28.1535474, 0.0 ], [ 73.151866, 28.1538506, 0.0 ], [ 73.1518429, 28.1538503, 0.0 ], [ 73.1518481, 28.1535471, 0.0 ] ], [ [ 73.1517762, 28.1544735, 0.0 ], [ 73.1517993, 28.1544739, 0.0 ], [ 73.1517941, 28.1547771, 0.0 ], [ 73.151771, 28.1547768, 0.0 ], [ 73.1517762, 28.1544735, 0.0 ] ], [ [ 73.1517202, 28.1544728, 0.0 ], [ 73.1517434, 28.1544731, 0.0 ], [ 73.1517381, 28.1547764, 0.0 ], [ 73.151715, 28.1547761, 0.0 ], [ 73.1517202, 28.1544728, 0.0 ] ], [ [ 73.1517709, 28.1547852, 0.0 ], [ 73.151794, 28.1547855, 0.0 ], [ 73.1517888, 28.1550888, 0.0 ], [ 73.1517656, 28.1550885, 0.0 ], [ 73.1517709, 28.1547852, 0.0 ] ], [ [ 73.1517149, 28.1547845, 0.0 ], [ 73.151738, 28.1547848, 0.0 ], [ 73.1517328, 28.1550881, 0.0 ], [ 73.1517097, 28.1550877, 0.0 ], [ 73.1517149, 28.1547845, 0.0 ] ], [ [ 73.1517869, 28.1538541, 0.0 ], [ 73.15181, 28.1538544, 0.0 ], [ 73.1518048, 28.1541577, 0.0 ], [ 73.1517816, 28.1541573, 0.0 ], [ 73.1517869, 28.1538541, 0.0 ] ], [ [ 73.1517309, 28.1538533, 0.0 ], [ 73.151754, 28.1538536, 0.0 ], [ 73.1517488, 28.1541569, 0.0 ], [ 73.1517257, 28.1541566, 0.0 ], [ 73.1517309, 28.1538533, 0.0 ] ], [ [ 73.1517815, 28.1541658, 0.0 ], [ 73.1518046, 28.1541661, 0.0 ], [ 73.1517994, 28.1544693, 0.0 ], [ 73.1517763, 28.154469, 0.0 ], [ 73.1517815, 28.1541658, 0.0 ] ], [ [ 73.1517255, 28.154165, 0.0 ], [ 73.1517486, 28.1541653, 0.0 ], [ 73.1517434, 28.1544686, 0.0 ], [ 73.1517203, 28.1544683, 0.0 ], [ 73.1517255, 28.154165, 0.0 ] ], [ [ 73.1517975, 28.1532346, 0.0 ], [ 73.1518206, 28.1532349, 0.0 ], [ 73.1518154, 28.1535382, 0.0 ], [ 73.1517923, 28.1535379, 0.0 ], [ 73.1517975, 28.1532346, 0.0 ] ], [ [ 73.1517415, 28.1532339, 0.0 ], [ 73.1517646, 28.1532342, 0.0 ], [ 73.1517594, 28.1535374, 0.0 ], [ 73.1517363, 28.1535371, 0.0 ], [ 73.1517415, 28.1532339, 0.0 ] ], [ [ 73.1517921, 28.1535463, 0.0 ], [ 73.1518153, 28.1535466, 0.0 ], [ 73.1518101, 28.1538499, 0.0 ], [ 73.1517869, 28.1538496, 0.0 ], [ 73.1517921, 28.1535463, 0.0 ] ], [ [ 73.1517362, 28.1535455, 0.0 ], [ 73.1517593, 28.1535459, 0.0 ], [ 73.1517541, 28.1538491, 0.0 ], [ 73.1517309, 28.1538488, 0.0 ], [ 73.1517362, 28.1535455, 0.0 ] ], [ [ 73.1516642, 28.154472, 0.0 ], [ 73.1516874, 28.1544723, 0.0 ], [ 73.1516822, 28.1547756, 0.0 ], [ 73.151659, 28.1547753, 0.0 ], [ 73.1516642, 28.154472, 0.0 ] ], [ [ 73.1516082, 28.1544713, 0.0 ], [ 73.1516314, 28.1544716, 0.0 ], [ 73.1516262, 28.1547749, 0.0 ], [ 73.151603, 28.1547745, 0.0 ], [ 73.1516082, 28.1544713, 0.0 ] ], [ [ 73.1516589, 28.1547837, 0.0 ], [ 73.151682, 28.154784, 0.0 ], [ 73.1516768, 28.1550873, 0.0 ], [ 73.1516537, 28.155087, 0.0 ], [ 73.1516589, 28.1547837, 0.0 ] ], [ [ 73.1516029, 28.154783, 0.0 ], [ 73.151626, 28.1547833, 0.0 ], [ 73.1516208, 28.1550865, 0.0 ], [ 73.1515977, 28.1550862, 0.0 ], [ 73.1516029, 28.154783, 0.0 ] ], [ [ 73.1516749, 28.1538526, 0.0 ], [ 73.151698, 28.1538529, 0.0 ], [ 73.1516928, 28.1541561, 0.0 ], [ 73.1516697, 28.1541558, 0.0 ], [ 73.1516749, 28.1538526, 0.0 ] ], [ [ 73.1516189, 28.1538518, 0.0 ], [ 73.151642, 28.1538521, 0.0 ], [ 73.1516368, 28.1541554, 0.0 ], [ 73.1516137, 28.1541551, 0.0 ], [ 73.1516189, 28.1538518, 0.0 ] ], [ [ 73.1516695, 28.1541643, 0.0 ], [ 73.1516926, 28.1541646, 0.0 ], [ 73.1516874, 28.1544678, 0.0 ], [ 73.1516643, 28.1544675, 0.0 ], [ 73.1516695, 28.1541643, 0.0 ] ], [ [ 73.1516135, 28.1541635, 0.0 ], [ 73.1516367, 28.1541638, 0.0 ], [ 73.1516315, 28.1544671, 0.0 ], [ 73.1516083, 28.1544668, 0.0 ], [ 73.1516135, 28.1541635, 0.0 ] ], [ [ 73.1516855, 28.1532331, 0.0 ], [ 73.1517086, 28.1532334, 0.0 ], [ 73.1517034, 28.1535367, 0.0 ], [ 73.1516803, 28.1535364, 0.0 ], [ 73.1516855, 28.1532331, 0.0 ] ], [ [ 73.1516295, 28.1532323, 0.0 ], [ 73.1516527, 28.1532327, 0.0 ], [ 73.1516474, 28.1535359, 0.0 ], [ 73.1516243, 28.1535356, 0.0 ], [ 73.1516295, 28.1532323, 0.0 ] ], [ [ 73.1516802, 28.1535448, 0.0 ], [ 73.1517033, 28.1535451, 0.0 ], [ 73.1516981, 28.1538484, 0.0 ], [ 73.151675, 28.1538481, 0.0 ], [ 73.1516802, 28.1535448, 0.0 ] ], [ [ 73.1516242, 28.153544, 0.0 ], [ 73.1516473, 28.1535443, 0.0 ], [ 73.1516421, 28.1538476, 0.0 ], [ 73.151619, 28.1538473, 0.0 ], [ 73.1516242, 28.153544, 0.0 ] ], [ [ 73.1515523, 28.1544705, 0.0 ], [ 73.1515754, 28.1544708, 0.0 ], [ 73.1515702, 28.1547741, 0.0 ], [ 73.151547, 28.1547738, 0.0 ], [ 73.1515523, 28.1544705, 0.0 ] ], [ [ 73.1514963, 28.1544698, 0.0 ], [ 73.1515194, 28.1544701, 0.0 ], [ 73.1515142, 28.1547733, 0.0 ], [ 73.1514911, 28.154773, 0.0 ], [ 73.1514963, 28.1544698, 0.0 ] ], [ [ 73.1515469, 28.1547822, 0.0 ], [ 73.15157, 28.1547825, 0.0 ], [ 73.1515648, 28.1550858, 0.0 ], [ 73.1515417, 28.1550855, 0.0 ], [ 73.1515469, 28.1547822, 0.0 ] ], [ [ 73.1514909, 28.1547815, 0.0 ], [ 73.151514, 28.1547818, 0.0 ], [ 73.1515088, 28.155085, 0.0 ], [ 73.1514857, 28.1550847, 0.0 ], [ 73.1514909, 28.1547815, 0.0 ] ], [ [ 73.1515629, 28.1538511, 0.0 ], [ 73.151586, 28.1538514, 0.0 ], [ 73.1515808, 28.1541546, 0.0 ], [ 73.1515577, 28.1541543, 0.0 ], [ 73.1515629, 28.1538511, 0.0 ] ], [ [ 73.1515069, 28.1538503, 0.0 ], [ 73.15153, 28.1538506, 0.0 ], [ 73.1515248, 28.1541539, 0.0 ], [ 73.1515017, 28.1541536, 0.0 ], [ 73.1515069, 28.1538503, 0.0 ] ], [ [ 73.1515575, 28.1541627, 0.0 ], [ 73.1515807, 28.1541631, 0.0 ], [ 73.1515755, 28.1544663, 0.0 ], [ 73.1515523, 28.154466, 0.0 ], [ 73.1515575, 28.1541627, 0.0 ] ], [ [ 73.1515016, 28.154162, 0.0 ], [ 73.1515247, 28.1541623, 0.0 ], [ 73.1515195, 28.1544656, 0.0 ], [ 73.1514963, 28.1544653, 0.0 ], [ 73.1515016, 28.154162, 0.0 ] ], [ [ 73.1515735, 28.1532316, 0.0 ], [ 73.1515967, 28.1532319, 0.0 ], [ 73.1515915, 28.1535352, 0.0 ], [ 73.1515683, 28.1535349, 0.0 ], [ 73.1515735, 28.1532316, 0.0 ] ], [ [ 73.1515176, 28.1532308, 0.0 ], [ 73.1515407, 28.1532311, 0.0 ], [ 73.1515355, 28.1535344, 0.0 ], [ 73.1515123, 28.1535341, 0.0 ], [ 73.1515176, 28.1532308, 0.0 ] ], [ [ 73.1515682, 28.1535433, 0.0 ], [ 73.1515913, 28.1535436, 0.0 ], [ 73.1515861, 28.1538469, 0.0 ], [ 73.151563, 28.1538465, 0.0 ], [ 73.1515682, 28.1535433, 0.0 ] ], [ [ 73.1515122, 28.1535425, 0.0 ], [ 73.1515353, 28.1535428, 0.0 ], [ 73.1515301, 28.1538461, 0.0 ], [ 73.151507, 28.1538458, 0.0 ], [ 73.1515122, 28.1535425, 0.0 ] ], [ [ 73.1514296, 28.1550885, 0.0 ], [ 73.1514528, 28.1550888, 0.0 ], [ 73.1514476, 28.1553921, 0.0 ], [ 73.1514244, 28.1553917, 0.0 ], [ 73.1514296, 28.1550885, 0.0 ] ], [ [ 73.1513736, 28.1550877, 0.0 ], [ 73.1513968, 28.155088, 0.0 ], [ 73.1513916, 28.1553913, 0.0 ], [ 73.1513684, 28.155391, 0.0 ], [ 73.1513736, 28.1550877, 0.0 ] ], [ [ 73.1514243, 28.1554002, 0.0 ], [ 73.1514474, 28.1554005, 0.0 ], [ 73.1514422, 28.1557037, 0.0 ], [ 73.1514191, 28.1557034, 0.0 ], [ 73.1514243, 28.1554002, 0.0 ] ], [ [ 73.1513683, 28.1553994, 0.0 ], [ 73.1513914, 28.1553997, 0.0 ], [ 73.1513862, 28.155703, 0.0 ], [ 73.1513631, 28.1557027, 0.0 ], [ 73.1513683, 28.1553994, 0.0 ] ], [ [ 73.1514403, 28.154469, 0.0 ], [ 73.1514634, 28.1544693, 0.0 ], [ 73.1514582, 28.1547726, 0.0 ], [ 73.1514351, 28.1547723, 0.0 ], [ 73.1514403, 28.154469, 0.0 ] ], [ [ 73.1513843, 28.1544683, 0.0 ], [ 73.1514074, 28.1544686, 0.0 ], [ 73.1514022, 28.1547718, 0.0 ], [ 73.1513791, 28.1547715, 0.0 ], [ 73.1513843, 28.1544683, 0.0 ] ], [ [ 73.1514349, 28.1547807, 0.0 ], [ 73.151458, 28.154781, 0.0 ], [ 73.1514528, 28.1550843, 0.0 ], [ 73.1514297, 28.155084, 0.0 ], [ 73.1514349, 28.1547807, 0.0 ] ], [ [ 73.1513789, 28.1547799, 0.0 ], [ 73.1514021, 28.1547803, 0.0 ], [ 73.1513968, 28.1550835, 0.0 ], [ 73.1513737, 28.1550832, 0.0 ], [ 73.1513789, 28.1547799, 0.0 ] ], [ [ 73.1514509, 28.1538495, 0.0 ], [ 73.151474, 28.1538499, 0.0 ], [ 73.1514688, 28.1541531, 0.0 ], [ 73.1514457, 28.1541528, 0.0 ], [ 73.1514509, 28.1538495, 0.0 ] ], [ [ 73.1513949, 28.1538488, 0.0 ], [ 73.1514181, 28.1538491, 0.0 ], [ 73.1514128, 28.1541524, 0.0 ], [ 73.1513897, 28.1541521, 0.0 ], [ 73.1513949, 28.1538488, 0.0 ] ], [ [ 73.1514456, 28.1541612, 0.0 ], [ 73.1514687, 28.1541615, 0.0 ], [ 73.1514635, 28.1544648, 0.0 ], [ 73.1514404, 28.1544645, 0.0 ], [ 73.1514456, 28.1541612, 0.0 ] ], [ [ 73.1513896, 28.1541605, 0.0 ], [ 73.1514127, 28.1541608, 0.0 ], [ 73.1514075, 28.1544641, 0.0 ], [ 73.1513844, 28.1544637, 0.0 ], [ 73.1513896, 28.1541605, 0.0 ] ], [ [ 73.1514616, 28.1532301, 0.0 ], [ 73.1514847, 28.1532304, 0.0 ], [ 73.1514795, 28.1535337, 0.0 ], [ 73.1514564, 28.1535333, 0.0 ], [ 73.1514616, 28.1532301, 0.0 ] ], [ [ 73.1514056, 28.1532293, 0.0 ], [ 73.1514287, 28.1532296, 0.0 ], [ 73.1514235, 28.1535329, 0.0 ], [ 73.1514004, 28.1535326, 0.0 ], [ 73.1514056, 28.1532293, 0.0 ] ], [ [ 73.1514562, 28.1535418, 0.0 ], [ 73.1514793, 28.1535421, 0.0 ], [ 73.1514741, 28.1538453, 0.0 ], [ 73.151451, 28.153845, 0.0 ], [ 73.1514562, 28.1535418, 0.0 ] ], [ [ 73.1514002, 28.153541, 0.0 ], [ 73.1514233, 28.1535413, 0.0 ], [ 73.1514181, 28.1538446, 0.0 ], [ 73.151395, 28.1538443, 0.0 ], [ 73.1514002, 28.153541, 0.0 ] ], [ [ 73.1513177, 28.155087, 0.0 ], [ 73.1513408, 28.1550873, 0.0 ], [ 73.1513356, 28.1553905, 0.0 ], [ 73.1513124, 28.1553902, 0.0 ], [ 73.1513177, 28.155087, 0.0 ] ], [ [ 73.1512617, 28.1550862, 0.0 ], [ 73.1512848, 28.1550865, 0.0 ], [ 73.1512796, 28.1553898, 0.0 ], [ 73.1512565, 28.1553895, 0.0 ], [ 73.1512617, 28.1550862, 0.0 ] ], [ [ 73.1513123, 28.1553987, 0.0 ], [ 73.1513354, 28.155399, 0.0 ], [ 73.1513302, 28.1557022, 0.0 ], [ 73.1513071, 28.1557019, 0.0 ], [ 73.1513123, 28.1553987, 0.0 ] ], [ [ 73.1512563, 28.1553979, 0.0 ], [ 73.1512794, 28.1553982, 0.0 ], [ 73.1512742, 28.1557015, 0.0 ], [ 73.1512511, 28.1557012, 0.0 ], [ 73.1512563, 28.1553979, 0.0 ] ], [ [ 73.1513283, 28.1544675, 0.0 ], [ 73.1513514, 28.1544678, 0.0 ], [ 73.1513462, 28.1547711, 0.0 ], [ 73.1513231, 28.1547708, 0.0 ], [ 73.1513283, 28.1544675, 0.0 ] ], [ [ 73.1512723, 28.1544667, 0.0 ], [ 73.1512954, 28.1544671, 0.0 ], [ 73.1512902, 28.1547703, 0.0 ], [ 73.1512671, 28.15477, 0.0 ], [ 73.1512723, 28.1544667, 0.0 ] ], [ [ 73.1513229, 28.1547792, 0.0 ], [ 73.1513461, 28.1547795, 0.0 ], [ 73.1513409, 28.1550828, 0.0 ], [ 73.1513177, 28.1550825, 0.0 ], [ 73.1513229, 28.1547792, 0.0 ] ], [ [ 73.151267, 28.1547784, 0.0 ], [ 73.1512901, 28.1547787, 0.0 ], [ 73.1512849, 28.155082, 0.0 ], [ 73.1512617, 28.1550817, 0.0 ], [ 73.151267, 28.1547784, 0.0 ] ], [ [ 73.1513389, 28.153848, 0.0 ], [ 73.1513621, 28.1538483, 0.0 ], [ 73.1513569, 28.1541516, 0.0 ], [ 73.1513337, 28.1541513, 0.0 ], [ 73.1513389, 28.153848, 0.0 ] ], [ [ 73.151283, 28.1538473, 0.0 ], [ 73.1513061, 28.1538476, 0.0 ], [ 73.1513009, 28.1541509, 0.0 ], [ 73.1512777, 28.1541505, 0.0 ], [ 73.151283, 28.1538473, 0.0 ] ], [ [ 73.1513336, 28.1541597, 0.0 ], [ 73.1513567, 28.15416, 0.0 ], [ 73.1513515, 28.1544633, 0.0 ], [ 73.1513284, 28.154463, 0.0 ], [ 73.1513336, 28.1541597, 0.0 ] ], [ [ 73.1512776, 28.154159, 0.0 ], [ 73.1513007, 28.1541593, 0.0 ], [ 73.1512955, 28.1544625, 0.0 ], [ 73.1512724, 28.1544622, 0.0 ], [ 73.1512776, 28.154159, 0.0 ] ], [ [ 73.1513496, 28.1532286, 0.0 ], [ 73.1513727, 28.1532289, 0.0 ], [ 73.1513675, 28.1535321, 0.0 ], [ 73.1513444, 28.1535318, 0.0 ], [ 73.1513496, 28.1532286, 0.0 ] ], [ [ 73.1512936, 28.1532278, 0.0 ], [ 73.1513167, 28.1532281, 0.0 ], [ 73.1513115, 28.1535314, 0.0 ], [ 73.1512884, 28.1535311, 0.0 ], [ 73.1512936, 28.1532278, 0.0 ] ], [ [ 73.1513442, 28.1535403, 0.0 ], [ 73.1513674, 28.1535406, 0.0 ], [ 73.1513621, 28.1538438, 0.0 ], [ 73.151339, 28.1538435, 0.0 ], [ 73.1513442, 28.1535403, 0.0 ] ], [ [ 73.1512882, 28.1535395, 0.0 ], [ 73.1513114, 28.1535398, 0.0 ], [ 73.1513062, 28.1538431, 0.0 ], [ 73.151283, 28.1538428, 0.0 ], [ 73.1512882, 28.1535395, 0.0 ] ], [ [ 73.1512057, 28.1550855, 0.0 ], [ 73.1512288, 28.1550858, 0.0 ], [ 73.1512236, 28.155389, 0.0 ], [ 73.1512005, 28.1553887, 0.0 ], [ 73.1512057, 28.1550855, 0.0 ] ], [ [ 73.1511497, 28.1550847, 0.0 ], [ 73.1511728, 28.155085, 0.0 ], [ 73.1511676, 28.1553883, 0.0 ], [ 73.1511445, 28.155388, 0.0 ], [ 73.1511497, 28.1550847, 0.0 ] ], [ [ 73.1512003, 28.1553971, 0.0 ], [ 73.1512234, 28.1553975, 0.0 ], [ 73.1512182, 28.1557007, 0.0 ], [ 73.1511951, 28.1557004, 0.0 ], [ 73.1512003, 28.1553971, 0.0 ] ], [ [ 73.1511443, 28.1553964, 0.0 ], [ 73.1511675, 28.1553967, 0.0 ], [ 73.1511622, 28.1557, 0.0 ], [ 73.1511391, 28.1556997, 0.0 ], [ 73.1511443, 28.1553964, 0.0 ] ], [ [ 73.1512163, 28.154466, 0.0 ], [ 73.1512394, 28.1544663, 0.0 ], [ 73.1512342, 28.1547696, 0.0 ], [ 73.1512111, 28.1547693, 0.0 ], [ 73.1512163, 28.154466, 0.0 ] ], [ [ 73.1511603, 28.1544652, 0.0 ], [ 73.1511835, 28.1544655, 0.0 ], [ 73.1511782, 28.1547688, 0.0 ], [ 73.1511551, 28.1547685, 0.0 ], [ 73.1511603, 28.1544652, 0.0 ] ], [ [ 73.151211, 28.1547777, 0.0 ], [ 73.1512341, 28.154778, 0.0 ], [ 73.1512289, 28.1550813, 0.0 ], [ 73.1512058, 28.1550809, 0.0 ], [ 73.151211, 28.1547777, 0.0 ] ], [ [ 73.151155, 28.1547769, 0.0 ], [ 73.1511781, 28.1547772, 0.0 ], [ 73.1511729, 28.1550805, 0.0 ], [ 73.1511498, 28.1550802, 0.0 ], [ 73.151155, 28.1547769, 0.0 ] ], [ [ 73.151227, 28.1538465, 0.0 ], [ 73.1512501, 28.1538468, 0.0 ], [ 73.1512449, 28.1541501, 0.0 ], [ 73.1512218, 28.1541498, 0.0 ], [ 73.151227, 28.1538465, 0.0 ] ], [ [ 73.151171, 28.1538458, 0.0 ], [ 73.1511941, 28.1538461, 0.0 ], [ 73.1511889, 28.1541493, 0.0 ], [ 73.1511658, 28.154149, 0.0 ], [ 73.151171, 28.1538458, 0.0 ] ], [ [ 73.1512216, 28.1541582, 0.0 ], [ 73.1512447, 28.1541585, 0.0 ], [ 73.1512395, 28.1544618, 0.0 ], [ 73.1512164, 28.1544615, 0.0 ], [ 73.1512216, 28.1541582, 0.0 ] ], [ [ 73.1511656, 28.1541575, 0.0 ], [ 73.1511887, 28.1541578, 0.0 ], [ 73.1511835, 28.154461, 0.0 ], [ 73.1511604, 28.1544607, 0.0 ], [ 73.1511656, 28.1541575, 0.0 ] ], [ [ 73.1512376, 28.1532271, 0.0 ], [ 73.1512607, 28.1532274, 0.0 ], [ 73.1512555, 28.1535306, 0.0 ], [ 73.1512324, 28.1535303, 0.0 ], [ 73.1512376, 28.1532271, 0.0 ] ], [ [ 73.1511816, 28.1532263, 0.0 ], [ 73.1512048, 28.1532266, 0.0 ], [ 73.1511995, 28.1535299, 0.0 ], [ 73.1511764, 28.1535296, 0.0 ], [ 73.1511816, 28.1532263, 0.0 ] ], [ [ 73.1512323, 28.1535387, 0.0 ], [ 73.1512554, 28.1535391, 0.0 ], [ 73.1512502, 28.1538423, 0.0 ], [ 73.151227, 28.153842, 0.0 ], [ 73.1512323, 28.1535387, 0.0 ] ], [ [ 73.1511763, 28.153538, 0.0 ], [ 73.1511994, 28.1535383, 0.0 ], [ 73.1511942, 28.1538416, 0.0 ], [ 73.1511711, 28.1538413, 0.0 ], [ 73.1511763, 28.153538, 0.0 ] ], [ [ 73.1510937, 28.1550839, 0.0 ], [ 73.1511168, 28.1550843, 0.0 ], [ 73.1511116, 28.1553875, 0.0 ], [ 73.1510885, 28.1553872, 0.0 ], [ 73.1510937, 28.1550839, 0.0 ] ], [ [ 73.1510377, 28.1550832, 0.0 ], [ 73.1510608, 28.1550835, 0.0 ], [ 73.1510556, 28.1553868, 0.0 ], [ 73.1510325, 28.1553865, 0.0 ], [ 73.1510377, 28.1550832, 0.0 ] ], [ [ 73.1510883, 28.1553956, 0.0 ], [ 73.1511115, 28.1553959, 0.0 ], [ 73.1511063, 28.1556992, 0.0 ], [ 73.1510831, 28.1556989, 0.0 ], [ 73.1510883, 28.1553956, 0.0 ] ], [ [ 73.1510323, 28.1553949, 0.0 ], [ 73.1510555, 28.1553952, 0.0 ], [ 73.1510503, 28.1556985, 0.0 ], [ 73.1510271, 28.1556981, 0.0 ], [ 73.1510323, 28.1553949, 0.0 ] ], [ [ 73.1511043, 28.1544645, 0.0 ], [ 73.1511275, 28.1544648, 0.0 ], [ 73.1511223, 28.1547681, 0.0 ], [ 73.1510991, 28.1547677, 0.0 ], [ 73.1511043, 28.1544645, 0.0 ] ], [ [ 73.1510484, 28.1544637, 0.0 ], [ 73.1510715, 28.154464, 0.0 ], [ 73.1510663, 28.1547673, 0.0 ], [ 73.1510431, 28.154767, 0.0 ], [ 73.1510484, 28.1544637, 0.0 ] ], [ [ 73.151099, 28.1547762, 0.0 ], [ 73.1511221, 28.1547765, 0.0 ], [ 73.1511169, 28.1550797, 0.0 ], [ 73.1510938, 28.1550794, 0.0 ], [ 73.151099, 28.1547762, 0.0 ] ], [ [ 73.151043, 28.1547754, 0.0 ], [ 73.1510661, 28.1547757, 0.0 ], [ 73.1510609, 28.155079, 0.0 ], [ 73.1510378, 28.1550787, 0.0 ], [ 73.151043, 28.1547754, 0.0 ] ], [ [ 73.151115, 28.153845, 0.0 ], [ 73.1511381, 28.1538453, 0.0 ], [ 73.1511329, 28.1541486, 0.0 ], [ 73.1511098, 28.1541483, 0.0 ], [ 73.151115, 28.153845, 0.0 ] ], [ [ 73.151059, 28.1538443, 0.0 ], [ 73.1510821, 28.1538446, 0.0 ], [ 73.1510769, 28.1541478, 0.0 ], [ 73.1510538, 28.1541475, 0.0 ], [ 73.151059, 28.1538443, 0.0 ] ], [ [ 73.1511096, 28.1541567, 0.0 ], [ 73.1511328, 28.154157, 0.0 ], [ 73.1511275, 28.1544603, 0.0 ], [ 73.1511044, 28.15446, 0.0 ], [ 73.1511096, 28.1541567, 0.0 ] ], [ [ 73.1510536, 28.1541559, 0.0 ], [ 73.1510768, 28.1541563, 0.0 ], [ 73.1510716, 28.1544595, 0.0 ], [ 73.1510484, 28.1544592, 0.0 ], [ 73.1510536, 28.1541559, 0.0 ] ], [ [ 73.1511256, 28.1532255, 0.0 ], [ 73.1511488, 28.1532259, 0.0 ], [ 73.1511436, 28.1535291, 0.0 ], [ 73.1511204, 28.1535288, 0.0 ], [ 73.1511256, 28.1532255, 0.0 ] ], [ [ 73.1510696, 28.1532248, 0.0 ], [ 73.1510928, 28.1532251, 0.0 ], [ 73.1510876, 28.1535284, 0.0 ], [ 73.1510644, 28.1535281, 0.0 ], [ 73.1510696, 28.1532248, 0.0 ] ], [ [ 73.1511203, 28.1535372, 0.0 ], [ 73.1511434, 28.1535375, 0.0 ], [ 73.1511382, 28.1538408, 0.0 ], [ 73.1511151, 28.1538405, 0.0 ], [ 73.1511203, 28.1535372, 0.0 ] ], [ [ 73.1510643, 28.1535365, 0.0 ], [ 73.1510874, 28.1535368, 0.0 ], [ 73.1510822, 28.1538401, 0.0 ], [ 73.1510591, 28.1538397, 0.0 ], [ 73.1510643, 28.1535365, 0.0 ] ], [ [ 73.1509817, 28.1550824, 0.0 ], [ 73.1510048, 28.1550827, 0.0 ], [ 73.1509996, 28.155386, 0.0 ], [ 73.1509765, 28.1553857, 0.0 ], [ 73.1509817, 28.1550824, 0.0 ] ], [ [ 73.1509257, 28.1550817, 0.0 ], [ 73.1509489, 28.155082, 0.0 ], [ 73.1509436, 28.1553853, 0.0 ], [ 73.1509205, 28.1553849, 0.0 ], [ 73.1509257, 28.1550817, 0.0 ] ], [ [ 73.1509764, 28.1553941, 0.0 ], [ 73.1509995, 28.1553944, 0.0 ], [ 73.1509943, 28.1556977, 0.0 ], [ 73.1509711, 28.1556974, 0.0 ], [ 73.1509764, 28.1553941, 0.0 ] ], [ [ 73.1509204, 28.1553934, 0.0 ], [ 73.1509435, 28.1553937, 0.0 ], [ 73.1509383, 28.1556969, 0.0 ], [ 73.1509152, 28.1556966, 0.0 ], [ 73.1509204, 28.1553934, 0.0 ] ], [ [ 73.1509924, 28.154463, 0.0 ], [ 73.1510155, 28.1544633, 0.0 ], [ 73.1510103, 28.1547665, 0.0 ], [ 73.1509872, 28.1547662, 0.0 ], [ 73.1509924, 28.154463, 0.0 ] ], [ [ 73.1509364, 28.1544622, 0.0 ], [ 73.1509595, 28.1544625, 0.0 ], [ 73.1509543, 28.1547658, 0.0 ], [ 73.1509312, 28.1547655, 0.0 ], [ 73.1509364, 28.1544622, 0.0 ] ], [ [ 73.150987, 28.1547747, 0.0 ], [ 73.1510101, 28.154775, 0.0 ], [ 73.1510049, 28.1550782, 0.0 ], [ 73.1509818, 28.1550779, 0.0 ], [ 73.150987, 28.1547747, 0.0 ] ], [ [ 73.150931, 28.1547739, 0.0 ], [ 73.1509541, 28.1547742, 0.0 ], [ 73.1509489, 28.1550775, 0.0 ], [ 73.1509258, 28.1550772, 0.0 ], [ 73.150931, 28.1547739, 0.0 ] ], [ [ 73.151003, 28.1538435, 0.0 ], [ 73.1510261, 28.1538438, 0.0 ], [ 73.1510209, 28.1541471, 0.0 ], [ 73.1509978, 28.1541468, 0.0 ], [ 73.151003, 28.1538435, 0.0 ] ], [ [ 73.150947, 28.1538427, 0.0 ], [ 73.1509701, 28.1538431, 0.0 ], [ 73.1509649, 28.1541463, 0.0 ], [ 73.1509418, 28.154146, 0.0 ], [ 73.150947, 28.1538427, 0.0 ] ], [ [ 73.1509977, 28.1541552, 0.0 ], [ 73.1510208, 28.1541555, 0.0 ], [ 73.1510156, 28.1544588, 0.0 ], [ 73.1509924, 28.1544585, 0.0 ], [ 73.1509977, 28.1541552, 0.0 ] ], [ [ 73.1509417, 28.1541544, 0.0 ], [ 73.1509648, 28.1541547, 0.0 ], [ 73.1509596, 28.154458, 0.0 ], [ 73.1509365, 28.1544577, 0.0 ], [ 73.1509417, 28.1541544, 0.0 ] ], [ [ 73.1510137, 28.153224, 0.0 ], [ 73.1510368, 28.1532243, 0.0 ], [ 73.1510316, 28.1535276, 0.0 ], [ 73.1510084, 28.1535273, 0.0 ], [ 73.1510137, 28.153224, 0.0 ] ], [ [ 73.1509577, 28.1532233, 0.0 ], [ 73.1509808, 28.1532236, 0.0 ], [ 73.1509756, 28.1535269, 0.0 ], [ 73.1509525, 28.1535265, 0.0 ], [ 73.1509577, 28.1532233, 0.0 ] ], [ [ 73.1510083, 28.1535357, 0.0 ], [ 73.1510314, 28.153536, 0.0 ], [ 73.1510262, 28.1538393, 0.0 ], [ 73.1510031, 28.153839, 0.0 ], [ 73.1510083, 28.1535357, 0.0 ] ], [ [ 73.1509523, 28.153535, 0.0 ], [ 73.1509754, 28.1535353, 0.0 ], [ 73.1509702, 28.1538385, 0.0 ], [ 73.1509471, 28.1538382, 0.0 ], [ 73.1509523, 28.153535, 0.0 ] ], [ [ 73.1508591, 28.1557004, 0.0 ], [ 73.1508822, 28.1557007, 0.0 ], [ 73.150877, 28.156004, 0.0 ], [ 73.1508539, 28.1560037, 0.0 ], [ 73.1508591, 28.1557004, 0.0 ] ], [ [ 73.1508031, 28.1556996, 0.0 ], [ 73.1508262, 28.1556999, 0.0 ], [ 73.150821, 28.1560032, 0.0 ], [ 73.1507979, 28.1560029, 0.0 ], [ 73.1508031, 28.1556996, 0.0 ] ], [ [ 73.1508537, 28.1560121, 0.0 ], [ 73.1508769, 28.1560124, 0.0 ], [ 73.1508716, 28.1563157, 0.0 ], [ 73.1508485, 28.1563153, 0.0 ], [ 73.1508537, 28.1560121, 0.0 ] ], [ [ 73.1507977, 28.1560113, 0.0 ], [ 73.1508209, 28.1560116, 0.0 ], [ 73.1508157, 28.1563149, 0.0 ], [ 73.1507925, 28.1563146, 0.0 ], [ 73.1507977, 28.1560113, 0.0 ] ], [ [ 73.1508697, 28.1550809, 0.0 ], [ 73.1508929, 28.1550812, 0.0 ], [ 73.1508877, 28.1553845, 0.0 ], [ 73.1508645, 28.1553842, 0.0 ], [ 73.1508697, 28.1550809, 0.0 ] ], [ [ 73.1508137, 28.1550802, 0.0 ], [ 73.1508369, 28.1550805, 0.0 ], [ 73.1508317, 28.1553837, 0.0 ], [ 73.1508085, 28.1553834, 0.0 ], [ 73.1508137, 28.1550802, 0.0 ] ], [ [ 73.1508644, 28.1553926, 0.0 ], [ 73.1508875, 28.1553929, 0.0 ], [ 73.1508823, 28.1556962, 0.0 ], [ 73.1508592, 28.1556959, 0.0 ], [ 73.1508644, 28.1553926, 0.0 ] ], [ [ 73.1508084, 28.1553919, 0.0 ], [ 73.1508315, 28.1553922, 0.0 ], [ 73.1508263, 28.1556954, 0.0 ], [ 73.1508032, 28.1556951, 0.0 ], [ 73.1508084, 28.1553919, 0.0 ] ], [ [ 73.1508804, 28.1544615, 0.0 ], [ 73.1509035, 28.1544618, 0.0 ], [ 73.1508983, 28.154765, 0.0 ], [ 73.1508752, 28.1547647, 0.0 ], [ 73.1508804, 28.1544615, 0.0 ] ], [ [ 73.1508244, 28.1544607, 0.0 ], [ 73.1508475, 28.154461, 0.0 ], [ 73.1508423, 28.1547643, 0.0 ], [ 73.1508192, 28.154764, 0.0 ], [ 73.1508244, 28.1544607, 0.0 ] ], [ [ 73.150875, 28.1547731, 0.0 ], [ 73.1508982, 28.1547735, 0.0 ], [ 73.1508929, 28.1550767, 0.0 ], [ 73.1508698, 28.1550764, 0.0 ], [ 73.150875, 28.1547731, 0.0 ] ], [ [ 73.150819, 28.1547724, 0.0 ], [ 73.1508422, 28.1547727, 0.0 ], [ 73.150837, 28.155076, 0.0 ], [ 73.1508138, 28.1550757, 0.0 ], [ 73.150819, 28.1547724, 0.0 ] ], [ [ 73.150891, 28.153842, 0.0 ], [ 73.1509142, 28.1538423, 0.0 ], [ 73.1509089, 28.1541456, 0.0 ], [ 73.1508858, 28.1541453, 0.0 ], [ 73.150891, 28.153842, 0.0 ] ], [ [ 73.150835, 28.1538412, 0.0 ], [ 73.1508582, 28.1538415, 0.0 ], [ 73.150853, 28.1541448, 0.0 ], [ 73.1508298, 28.1541445, 0.0 ], [ 73.150835, 28.1538412, 0.0 ] ], [ [ 73.1508857, 28.1541537, 0.0 ], [ 73.1509088, 28.154154, 0.0 ], [ 73.1509036, 28.1544573, 0.0 ], [ 73.1508805, 28.1544569, 0.0 ], [ 73.1508857, 28.1541537, 0.0 ] ], [ [ 73.1508297, 28.1541529, 0.0 ], [ 73.1508528, 28.1541532, 0.0 ], [ 73.1508476, 28.1544565, 0.0 ], [ 73.1508245, 28.1544562, 0.0 ], [ 73.1508297, 28.1541529, 0.0 ] ], [ [ 73.1509017, 28.1532225, 0.0 ], [ 73.1509248, 28.1532228, 0.0 ], [ 73.1509196, 28.1535261, 0.0 ], [ 73.1508965, 28.1535258, 0.0 ], [ 73.1509017, 28.1532225, 0.0 ] ], [ [ 73.1508457, 28.1532218, 0.0 ], [ 73.1508688, 28.1532221, 0.0 ], [ 73.1508636, 28.1535253, 0.0 ], [ 73.1508405, 28.153525, 0.0 ], [ 73.1508457, 28.1532218, 0.0 ] ], [ [ 73.1508963, 28.1535342, 0.0 ], [ 73.1509195, 28.1535345, 0.0 ], [ 73.1509142, 28.1538378, 0.0 ], [ 73.1508911, 28.1538375, 0.0 ], [ 73.1508963, 28.1535342, 0.0 ] ], [ [ 73.1508403, 28.1535334, 0.0 ], [ 73.1508635, 28.1535338, 0.0 ], [ 73.1508582, 28.153837, 0.0 ], [ 73.1508351, 28.1538367, 0.0 ], [ 73.1508403, 28.1535334, 0.0 ] ], [ [ 73.1507471, 28.1556989, 0.0 ], [ 73.1507702, 28.1556992, 0.0 ], [ 73.150765, 28.1560025, 0.0 ], [ 73.1507419, 28.1560021, 0.0 ], [ 73.1507471, 28.1556989, 0.0 ] ], [ [ 73.1506911, 28.1556981, 0.0 ], [ 73.1507142, 28.1556984, 0.0 ], [ 73.150709, 28.1560017, 0.0 ], [ 73.1506859, 28.1560014, 0.0 ], [ 73.1506911, 28.1556981, 0.0 ] ], [ [ 73.1507418, 28.1560106, 0.0 ], [ 73.1507649, 28.1560109, 0.0 ], [ 73.1507597, 28.1563141, 0.0 ], [ 73.1507365, 28.1563138, 0.0 ], [ 73.1507418, 28.1560106, 0.0 ] ], [ [ 73.1506858, 28.1560098, 0.0 ], [ 73.1507089, 28.1560101, 0.0 ], [ 73.1507037, 28.1563134, 0.0 ], [ 73.1506805, 28.1563131, 0.0 ], [ 73.1506858, 28.1560098, 0.0 ] ], [ [ 73.1507578, 28.1550794, 0.0 ], [ 73.1507809, 28.1550797, 0.0 ], [ 73.1507757, 28.155383, 0.0 ], [ 73.1507525, 28.1553827, 0.0 ], [ 73.1507578, 28.1550794, 0.0 ] ], [ [ 73.1507018, 28.1550787, 0.0 ], [ 73.1507249, 28.155079, 0.0 ], [ 73.1507197, 28.1553822, 0.0 ], [ 73.1506966, 28.1553819, 0.0 ], [ 73.1507018, 28.1550787, 0.0 ] ], [ [ 73.1507524, 28.1553911, 0.0 ], [ 73.1507755, 28.1553914, 0.0 ], [ 73.1507703, 28.1556947, 0.0 ], [ 73.1507472, 28.1556944, 0.0 ], [ 73.1507524, 28.1553911, 0.0 ] ], [ [ 73.1506964, 28.1553903, 0.0 ], [ 73.1507195, 28.1553907, 0.0 ], [ 73.1507143, 28.1556939, 0.0 ], [ 73.1506912, 28.1556936, 0.0 ], [ 73.1506964, 28.1553903, 0.0 ] ], [ [ 73.1507684, 28.1544599, 0.0 ], [ 73.1507915, 28.1544603, 0.0 ], [ 73.1507863, 28.1547635, 0.0 ], [ 73.1507632, 28.1547632, 0.0 ], [ 73.1507684, 28.1544599, 0.0 ] ], [ [ 73.1507124, 28.1544592, 0.0 ], [ 73.1507355, 28.1544595, 0.0 ], [ 73.1507303, 28.1547628, 0.0 ], [ 73.1507072, 28.1547625, 0.0 ], [ 73.1507124, 28.1544592, 0.0 ] ], [ [ 73.150763, 28.1547716, 0.0 ], [ 73.1507862, 28.1547719, 0.0 ], [ 73.150781, 28.1550752, 0.0 ], [ 73.1507578, 28.1550749, 0.0 ], [ 73.150763, 28.1547716, 0.0 ] ], [ [ 73.1507071, 28.1547709, 0.0 ], [ 73.1507302, 28.1547712, 0.0 ], [ 73.150725, 28.1550745, 0.0 ], [ 73.1507018, 28.1550741, 0.0 ], [ 73.1507071, 28.1547709, 0.0 ] ], [ [ 73.1507791, 28.1538405, 0.0 ], [ 73.1508022, 28.1538408, 0.0 ], [ 73.150797, 28.1541441, 0.0 ], [ 73.1507738, 28.1541437, 0.0 ], [ 73.1507791, 28.1538405, 0.0 ] ], [ [ 73.1507231, 28.1538397, 0.0 ], [ 73.1507462, 28.15384, 0.0 ], [ 73.150741, 28.1541433, 0.0 ], [ 73.1507179, 28.154143, 0.0 ], [ 73.1507231, 28.1538397, 0.0 ] ], [ [ 73.1507737, 28.1541522, 0.0 ], [ 73.1507968, 28.1541525, 0.0 ], [ 73.1507916, 28.1544557, 0.0 ], [ 73.1507685, 28.1544554, 0.0 ], [ 73.1507737, 28.1541522, 0.0 ] ], [ [ 73.1507177, 28.1541514, 0.0 ], [ 73.1507408, 28.1541517, 0.0 ], [ 73.1507356, 28.154455, 0.0 ], [ 73.1507125, 28.1544547, 0.0 ], [ 73.1507177, 28.1541514, 0.0 ] ], [ [ 73.1507897, 28.153221, 0.0 ], [ 73.1508128, 28.1532213, 0.0 ], [ 73.1508076, 28.1535246, 0.0 ], [ 73.1507845, 28.1535243, 0.0 ], [ 73.1507897, 28.153221, 0.0 ] ], [ [ 73.1507337, 28.1532203, 0.0 ], [ 73.1507568, 28.1532206, 0.0 ], [ 73.1507516, 28.1535238, 0.0 ], [ 73.1507285, 28.1535235, 0.0 ], [ 73.1507337, 28.1532203, 0.0 ] ], [ [ 73.1507843, 28.1535327, 0.0 ], [ 73.1508075, 28.153533, 0.0 ], [ 73.1508023, 28.1538363, 0.0 ], [ 73.1507791, 28.153836, 0.0 ], [ 73.1507843, 28.1535327, 0.0 ] ], [ [ 73.1507284, 28.1535319, 0.0 ], [ 73.1507515, 28.1535323, 0.0 ], [ 73.1507463, 28.1538355, 0.0 ], [ 73.1507231, 28.1538352, 0.0 ], [ 73.1507284, 28.1535319, 0.0 ] ], [ [ 73.1506351, 28.1556974, 0.0 ], [ 73.1506583, 28.1556977, 0.0 ], [ 73.150653, 28.1560009, 0.0 ], [ 73.1506299, 28.1560006, 0.0 ], [ 73.1506351, 28.1556974, 0.0 ] ], [ [ 73.1505791, 28.1556966, 0.0 ], [ 73.1506023, 28.1556969, 0.0 ], [ 73.1505971, 28.1560002, 0.0 ], [ 73.1505739, 28.1559999, 0.0 ], [ 73.1505791, 28.1556966, 0.0 ] ], [ [ 73.1506298, 28.1560091, 0.0 ], [ 73.1506529, 28.1560094, 0.0 ], [ 73.1506477, 28.1563126, 0.0 ], [ 73.1506246, 28.1563123, 0.0 ], [ 73.1506298, 28.1560091, 0.0 ] ], [ [ 73.1505738, 28.1560083, 0.0 ], [ 73.1505969, 28.1560086, 0.0 ], [ 73.1505917, 28.1563119, 0.0 ], [ 73.1505686, 28.1563116, 0.0 ], [ 73.1505738, 28.1560083, 0.0 ] ], [ [ 73.1506458, 28.1550779, 0.0 ], [ 73.1506689, 28.1550782, 0.0 ], [ 73.1506637, 28.1553815, 0.0 ], [ 73.1506406, 28.1553812, 0.0 ], [ 73.1506458, 28.1550779, 0.0 ] ], [ [ 73.1505898, 28.1550771, 0.0 ], [ 73.1506129, 28.1550775, 0.0 ], [ 73.1506077, 28.1553807, 0.0 ], [ 73.1505846, 28.1553804, 0.0 ], [ 73.1505898, 28.1550771, 0.0 ] ], [ [ 73.1506404, 28.1553896, 0.0 ], [ 73.1506636, 28.1553899, 0.0 ], [ 73.1506583, 28.1556932, 0.0 ], [ 73.1506352, 28.1556929, 0.0 ], [ 73.1506404, 28.1553896, 0.0 ] ], [ [ 73.1505844, 28.1553888, 0.0 ], [ 73.1506076, 28.1553891, 0.0 ], [ 73.1506023, 28.1556924, 0.0 ], [ 73.1505792, 28.1556921, 0.0 ], [ 73.1505844, 28.1553888, 0.0 ] ], [ [ 73.1506564, 28.1544584, 0.0 ], [ 73.1506796, 28.1544587, 0.0 ], [ 73.1506743, 28.154762, 0.0 ], [ 73.1506512, 28.1547617, 0.0 ], [ 73.1506564, 28.1544584, 0.0 ] ], [ [ 73.1506004, 28.1544577, 0.0 ], [ 73.1506236, 28.154458, 0.0 ], [ 73.1506184, 28.1547613, 0.0 ], [ 73.1505952, 28.1547609, 0.0 ], [ 73.1506004, 28.1544577, 0.0 ] ], [ [ 73.1506511, 28.1547701, 0.0 ], [ 73.1506742, 28.1547704, 0.0 ], [ 73.150669, 28.1550737, 0.0 ], [ 73.1506459, 28.1550734, 0.0 ], [ 73.1506511, 28.1547701, 0.0 ] ], [ [ 73.1505951, 28.1547694, 0.0 ], [ 73.1506182, 28.1547697, 0.0 ], [ 73.150613, 28.1550729, 0.0 ], [ 73.1505899, 28.1550726, 0.0 ], [ 73.1505951, 28.1547694, 0.0 ] ], [ [ 73.1506671, 28.153839, 0.0 ], [ 73.1506902, 28.1538393, 0.0 ], [ 73.150685, 28.1541425, 0.0 ], [ 73.1506619, 28.1541422, 0.0 ], [ 73.1506671, 28.153839, 0.0 ] ], [ [ 73.1506111, 28.1538382, 0.0 ], [ 73.1506342, 28.1538385, 0.0 ], [ 73.150629, 28.1541418, 0.0 ], [ 73.1506059, 28.1541415, 0.0 ], [ 73.1506111, 28.1538382, 0.0 ] ], [ [ 73.1506617, 28.1541506, 0.0 ], [ 73.1506848, 28.154151, 0.0 ], [ 73.1506796, 28.1544542, 0.0 ], [ 73.1506565, 28.1544539, 0.0 ], [ 73.1506617, 28.1541506, 0.0 ] ], [ [ 73.1506057, 28.1541499, 0.0 ], [ 73.1506289, 28.1541502, 0.0 ], [ 73.1506236, 28.1544535, 0.0 ], [ 73.1506005, 28.1544532, 0.0 ], [ 73.1506057, 28.1541499, 0.0 ] ], [ [ 73.1506777, 28.1532195, 0.0 ], [ 73.1507009, 28.1532198, 0.0 ], [ 73.1506956, 28.1535231, 0.0 ], [ 73.1506725, 28.1535228, 0.0 ], [ 73.1506777, 28.1532195, 0.0 ] ], [ [ 73.1506217, 28.1532187, 0.0 ], [ 73.1506449, 28.1532191, 0.0 ], [ 73.1506397, 28.1535223, 0.0 ], [ 73.1506165, 28.153522, 0.0 ], [ 73.1506217, 28.1532187, 0.0 ] ], [ [ 73.1506724, 28.1535312, 0.0 ], [ 73.1506955, 28.1535315, 0.0 ], [ 73.1506903, 28.1538348, 0.0 ], [ 73.1506672, 28.1538345, 0.0 ], [ 73.1506724, 28.1535312, 0.0 ] ], [ [ 73.1506164, 28.1535304, 0.0 ], [ 73.1506395, 28.1535307, 0.0 ], [ 73.1506343, 28.153834, 0.0 ], [ 73.1506112, 28.1538337, 0.0 ], [ 73.1506164, 28.1535304, 0.0 ] ], [ [ 73.1505232, 28.1556959, 0.0 ], [ 73.1505463, 28.1556962, 0.0 ], [ 73.1505411, 28.1559994, 0.0 ], [ 73.1505179, 28.1559991, 0.0 ], [ 73.1505232, 28.1556959, 0.0 ] ], [ [ 73.1504672, 28.1556951, 0.0 ], [ 73.1504903, 28.1556954, 0.0 ], [ 73.1504851, 28.1559987, 0.0 ], [ 73.1504619, 28.1559984, 0.0 ], [ 73.1504672, 28.1556951, 0.0 ] ], [ [ 73.1505178, 28.1560075, 0.0 ], [ 73.1505409, 28.1560079, 0.0 ], [ 73.1505357, 28.1563111, 0.0 ], [ 73.1505126, 28.1563108, 0.0 ], [ 73.1505178, 28.1560075, 0.0 ] ], [ [ 73.1504618, 28.1560068, 0.0 ], [ 73.1504849, 28.1560071, 0.0 ], [ 73.1504797, 28.1563104, 0.0 ], [ 73.1504566, 28.1563101, 0.0 ], [ 73.1504618, 28.1560068, 0.0 ] ], [ [ 73.1505338, 28.1550764, 0.0 ], [ 73.1505569, 28.1550767, 0.0 ], [ 73.1505517, 28.15538, 0.0 ], [ 73.1505286, 28.1553797, 0.0 ], [ 73.1505338, 28.1550764, 0.0 ] ], [ [ 73.1504778, 28.1550756, 0.0 ], [ 73.1505009, 28.1550759, 0.0 ], [ 73.1504957, 28.1553792, 0.0 ], [ 73.1504726, 28.1553789, 0.0 ], [ 73.1504778, 28.1550756, 0.0 ] ], [ [ 73.1505284, 28.1553881, 0.0 ], [ 73.1505516, 28.1553884, 0.0 ], [ 73.1505464, 28.1556917, 0.0 ], [ 73.1505232, 28.1556913, 0.0 ], [ 73.1505284, 28.1553881, 0.0 ] ], [ [ 73.1504725, 28.1553873, 0.0 ], [ 73.1504956, 28.1553876, 0.0 ], [ 73.1504904, 28.1556909, 0.0 ], [ 73.1504672, 28.1556906, 0.0 ], [ 73.1504725, 28.1553873, 0.0 ] ], [ [ 73.1505445, 28.1544569, 0.0 ], [ 73.1505676, 28.1544572, 0.0 ], [ 73.1505624, 28.1547605, 0.0 ], [ 73.1505392, 28.1547602, 0.0 ], [ 73.1505445, 28.1544569, 0.0 ] ], [ [ 73.1504885, 28.1544562, 0.0 ], [ 73.1505116, 28.1544565, 0.0 ], [ 73.1505064, 28.1547597, 0.0 ], [ 73.1504832, 28.1547594, 0.0 ], [ 73.1504885, 28.1544562, 0.0 ] ], [ [ 73.1505391, 28.1547686, 0.0 ], [ 73.1505622, 28.1547689, 0.0 ], [ 73.150557, 28.1550722, 0.0 ], [ 73.1505339, 28.1550719, 0.0 ], [ 73.1505391, 28.1547686, 0.0 ] ], [ [ 73.1504831, 28.1547678, 0.0 ], [ 73.1505062, 28.1547682, 0.0 ], [ 73.150501, 28.1550714, 0.0 ], [ 73.1504779, 28.1550711, 0.0 ], [ 73.1504831, 28.1547678, 0.0 ] ], [ [ 73.1505551, 28.1538375, 0.0 ], [ 73.1505782, 28.1538378, 0.0 ], [ 73.150573, 28.154141, 0.0 ], [ 73.1505499, 28.1541407, 0.0 ], [ 73.1505551, 28.1538375, 0.0 ] ], [ [ 73.1504991, 28.1538367, 0.0 ], [ 73.1505222, 28.153837, 0.0 ], [ 73.150517, 28.1541403, 0.0 ], [ 73.1504939, 28.15414, 0.0 ], [ 73.1504991, 28.1538367, 0.0 ] ], [ [ 73.1505497, 28.1541491, 0.0 ], [ 73.1505729, 28.1541494, 0.0 ], [ 73.1505677, 28.1544527, 0.0 ], [ 73.1505445, 28.1544524, 0.0 ], [ 73.1505497, 28.1541491, 0.0 ] ], [ [ 73.1504938, 28.1541484, 0.0 ], [ 73.1505169, 28.1541487, 0.0 ], [ 73.1505117, 28.154452, 0.0 ], [ 73.1504885, 28.1544516, 0.0 ], [ 73.1504938, 28.1541484, 0.0 ] ], [ [ 73.1505657, 28.153218, 0.0 ], [ 73.1505889, 28.1532183, 0.0 ], [ 73.1505837, 28.1535216, 0.0 ], [ 73.1505605, 28.1535213, 0.0 ], [ 73.1505657, 28.153218, 0.0 ] ], [ [ 73.1505098, 28.1532172, 0.0 ], [ 73.1505329, 28.1532175, 0.0 ], [ 73.1505277, 28.1535208, 0.0 ], [ 73.1505045, 28.1535205, 0.0 ], [ 73.1505098, 28.1532172, 0.0 ] ], [ [ 73.1505604, 28.1535297, 0.0 ], [ 73.1505835, 28.15353, 0.0 ], [ 73.1505783, 28.1538333, 0.0 ], [ 73.1505552, 28.1538329, 0.0 ], [ 73.1505604, 28.1535297, 0.0 ] ], [ [ 73.1505044, 28.1535289, 0.0 ], [ 73.1505275, 28.1535292, 0.0 ], [ 73.1505223, 28.1538325, 0.0 ], [ 73.1504992, 28.1538322, 0.0 ], [ 73.1505044, 28.1535289, 0.0 ] ], [ [ 73.1504112, 28.1556943, 0.0 ], [ 73.1504343, 28.1556947, 0.0 ], [ 73.1504291, 28.1559979, 0.0 ], [ 73.150406, 28.1559976, 0.0 ], [ 73.1504112, 28.1556943, 0.0 ] ], [ [ 73.1503552, 28.1556936, 0.0 ], [ 73.1503783, 28.1556939, 0.0 ], [ 73.1503731, 28.1559972, 0.0 ], [ 73.15035, 28.1559969, 0.0 ], [ 73.1503552, 28.1556936, 0.0 ] ], [ [ 73.1504058, 28.156006, 0.0 ], [ 73.1504289, 28.1560063, 0.0 ], [ 73.1504237, 28.1563096, 0.0 ], [ 73.1504006, 28.1563093, 0.0 ], [ 73.1504058, 28.156006, 0.0 ] ], [ [ 73.1503498, 28.1560053, 0.0 ], [ 73.150373, 28.1560056, 0.0 ], [ 73.1503677, 28.1563089, 0.0 ], [ 73.1503446, 28.1563085, 0.0 ], [ 73.1503498, 28.1560053, 0.0 ] ], [ [ 73.1504218, 28.1550749, 0.0 ], [ 73.150445, 28.1550752, 0.0 ], [ 73.1504397, 28.1553785, 0.0 ], [ 73.1504166, 28.1553781, 0.0 ], [ 73.1504218, 28.1550749, 0.0 ] ], [ [ 73.1503658, 28.1550741, 0.0 ], [ 73.150389, 28.1550744, 0.0 ], [ 73.1503837, 28.1553777, 0.0 ], [ 73.1503606, 28.1553774, 0.0 ], [ 73.1503658, 28.1550741, 0.0 ] ], [ [ 73.1504165, 28.1553866, 0.0 ], [ 73.1504396, 28.1553869, 0.0 ], [ 73.1504344, 28.1556901, 0.0 ], [ 73.1504112, 28.1556898, 0.0 ], [ 73.1504165, 28.1553866, 0.0 ] ], [ [ 73.1503605, 28.1553858, 0.0 ], [ 73.1503836, 28.1553861, 0.0 ], [ 73.1503784, 28.1556894, 0.0 ], [ 73.1503553, 28.1556891, 0.0 ], [ 73.1503605, 28.1553858, 0.0 ] ], [ [ 73.1504325, 28.1544554, 0.0 ], [ 73.1504556, 28.1544557, 0.0 ], [ 73.1504504, 28.154759, 0.0 ], [ 73.1504273, 28.1547587, 0.0 ], [ 73.1504325, 28.1544554, 0.0 ] ], [ [ 73.1503765, 28.1544546, 0.0 ], [ 73.1503996, 28.154455, 0.0 ], [ 73.1503944, 28.1547582, 0.0 ], [ 73.1503713, 28.1547579, 0.0 ], [ 73.1503765, 28.1544546, 0.0 ] ], [ [ 73.1504271, 28.1547671, 0.0 ], [ 73.1504502, 28.1547674, 0.0 ], [ 73.150445, 28.1550707, 0.0 ], [ 73.1504219, 28.1550704, 0.0 ], [ 73.1504271, 28.1547671, 0.0 ] ], [ [ 73.1503711, 28.1547663, 0.0 ], [ 73.1503943, 28.1547666, 0.0 ], [ 73.150389, 28.1550699, 0.0 ], [ 73.1503659, 28.1550696, 0.0 ], [ 73.1503711, 28.1547663, 0.0 ] ], [ [ 73.1504431, 28.1538359, 0.0 ], [ 73.1504663, 28.1538363, 0.0 ], [ 73.150461, 28.1541395, 0.0 ], [ 73.1504379, 28.1541392, 0.0 ], [ 73.1504431, 28.1538359, 0.0 ] ], [ [ 73.1503871, 28.1538352, 0.0 ], [ 73.1504103, 28.1538355, 0.0 ], [ 73.150405, 28.1541388, 0.0 ], [ 73.1503819, 28.1541385, 0.0 ], [ 73.1503871, 28.1538352, 0.0 ] ], [ [ 73.1504378, 28.1541476, 0.0 ], [ 73.1504609, 28.1541479, 0.0 ], [ 73.1504557, 28.1544512, 0.0 ], [ 73.1504325, 28.1544509, 0.0 ], [ 73.1504378, 28.1541476, 0.0 ] ], [ [ 73.1503818, 28.1541469, 0.0 ], [ 73.1504049, 28.1541472, 0.0 ], [ 73.1503997, 28.1544505, 0.0 ], [ 73.1503766, 28.1544501, 0.0 ], [ 73.1503818, 28.1541469, 0.0 ] ], [ [ 73.1504538, 28.1532165, 0.0 ], [ 73.1504769, 28.1532168, 0.0 ], [ 73.1504717, 28.1535201, 0.0 ], [ 73.1504486, 28.1535197, 0.0 ], [ 73.1504538, 28.1532165, 0.0 ] ], [ [ 73.1503978, 28.1532157, 0.0 ], [ 73.1504209, 28.153216, 0.0 ], [ 73.1504157, 28.1535193, 0.0 ], [ 73.1503926, 28.153519, 0.0 ], [ 73.1503978, 28.1532157, 0.0 ] ], [ [ 73.1504484, 28.1535282, 0.0 ], [ 73.1504715, 28.1535285, 0.0 ], [ 73.1504663, 28.1538317, 0.0 ], [ 73.1504432, 28.1538314, 0.0 ], [ 73.1504484, 28.1535282, 0.0 ] ], [ [ 73.1503924, 28.1535274, 0.0 ], [ 73.1504156, 28.1535277, 0.0 ], [ 73.1504103, 28.153831, 0.0 ], [ 73.1503872, 28.1538307, 0.0 ], [ 73.1503924, 28.1535274, 0.0 ] ], [ [ 73.1502885, 28.1563123, 0.0 ], [ 73.1503117, 28.1563126, 0.0 ], [ 73.1503065, 28.1566159, 0.0 ], [ 73.1502833, 28.1566156, 0.0 ], [ 73.1502885, 28.1563123, 0.0 ] ], [ [ 73.1502326, 28.1563115, 0.0 ], [ 73.1502557, 28.1563118, 0.0 ], [ 73.1502505, 28.1566151, 0.0 ], [ 73.1502273, 28.1566148, 0.0 ], [ 73.1502326, 28.1563115, 0.0 ] ], [ [ 73.1502832, 28.156624, 0.0 ], [ 73.1503063, 28.1566243, 0.0 ], [ 73.1503011, 28.1569276, 0.0 ], [ 73.150278, 28.1569272, 0.0 ], [ 73.1502832, 28.156624, 0.0 ] ], [ [ 73.1502272, 28.1566232, 0.0 ], [ 73.1502503, 28.1566235, 0.0 ], [ 73.1502451, 28.1569268, 0.0 ], [ 73.150222, 28.1569265, 0.0 ], [ 73.1502272, 28.1566232, 0.0 ] ], [ [ 73.1502992, 28.1556928, 0.0 ], [ 73.1503223, 28.1556931, 0.0 ], [ 73.1503171, 28.1559964, 0.0 ], [ 73.150294, 28.1559961, 0.0 ], [ 73.1502992, 28.1556928, 0.0 ] ], [ [ 73.1502432, 28.1556921, 0.0 ], [ 73.1502663, 28.1556924, 0.0 ], [ 73.1502611, 28.1559957, 0.0 ], [ 73.150238, 28.1559953, 0.0 ], [ 73.1502432, 28.1556921, 0.0 ] ], [ [ 73.1502938, 28.1560045, 0.0 ], [ 73.150317, 28.1560048, 0.0 ], [ 73.1503117, 28.1563081, 0.0 ], [ 73.1502886, 28.1563078, 0.0 ], [ 73.1502938, 28.1560045, 0.0 ] ], [ [ 73.1502378, 28.1560038, 0.0 ], [ 73.150261, 28.1560041, 0.0 ], [ 73.1502558, 28.1563073, 0.0 ], [ 73.1502326, 28.156307, 0.0 ], [ 73.1502378, 28.1560038, 0.0 ] ], [ [ 73.1503098, 28.1550734, 0.0 ], [ 73.150333, 28.1550737, 0.0 ], [ 73.1503278, 28.1553769, 0.0 ], [ 73.1503046, 28.1553766, 0.0 ], [ 73.1503098, 28.1550734, 0.0 ] ], [ [ 73.1502539, 28.1550726, 0.0 ], [ 73.150277, 28.1550729, 0.0 ], [ 73.1502718, 28.1553762, 0.0 ], [ 73.1502486, 28.1553759, 0.0 ], [ 73.1502539, 28.1550726, 0.0 ] ], [ [ 73.1503045, 28.155385, 0.0 ], [ 73.1503276, 28.1553854, 0.0 ], [ 73.1503224, 28.1556886, 0.0 ], [ 73.1502993, 28.1556883, 0.0 ], [ 73.1503045, 28.155385, 0.0 ] ], [ [ 73.1502485, 28.1553843, 0.0 ], [ 73.1502716, 28.1553846, 0.0 ], [ 73.1502664, 28.1556879, 0.0 ], [ 73.1502433, 28.1556876, 0.0 ], [ 73.1502485, 28.1553843, 0.0 ] ], [ [ 73.1503205, 28.1544539, 0.0 ], [ 73.1503436, 28.1544542, 0.0 ], [ 73.1503384, 28.1547575, 0.0 ], [ 73.1503153, 28.1547572, 0.0 ], [ 73.1503205, 28.1544539, 0.0 ] ], [ [ 73.1502645, 28.1544531, 0.0 ], [ 73.1502876, 28.1544534, 0.0 ], [ 73.1502824, 28.1547567, 0.0 ], [ 73.1502593, 28.1547564, 0.0 ], [ 73.1502645, 28.1544531, 0.0 ] ], [ [ 73.1503151, 28.1547656, 0.0 ], [ 73.1503383, 28.1547659, 0.0 ], [ 73.150333, 28.1550692, 0.0 ], [ 73.1503099, 28.1550688, 0.0 ], [ 73.1503151, 28.1547656, 0.0 ] ], [ [ 73.1502591, 28.1547648, 0.0 ], [ 73.1502823, 28.1547651, 0.0 ], [ 73.1502771, 28.1550684, 0.0 ], [ 73.1502539, 28.1550681, 0.0 ], [ 73.1502591, 28.1547648, 0.0 ] ], [ [ 73.1503311, 28.1538344, 0.0 ], [ 73.1503543, 28.1538347, 0.0 ], [ 73.1503491, 28.154138, 0.0 ], [ 73.1503259, 28.1541377, 0.0 ], [ 73.1503311, 28.1538344, 0.0 ] ], [ [ 73.1502752, 28.1538337, 0.0 ], [ 73.1502983, 28.153834, 0.0 ], [ 73.1502931, 28.1541373, 0.0 ], [ 73.1502699, 28.1541369, 0.0 ], [ 73.1502752, 28.1538337, 0.0 ] ], [ [ 73.1503258, 28.1541461, 0.0 ], [ 73.1503489, 28.1541464, 0.0 ], [ 73.1503437, 28.1544497, 0.0 ], [ 73.1503206, 28.1544494, 0.0 ], [ 73.1503258, 28.1541461, 0.0 ] ], [ [ 73.1502698, 28.1541454, 0.0 ], [ 73.1502929, 28.1541457, 0.0 ], [ 73.1502877, 28.1544489, 0.0 ], [ 73.1502646, 28.1544486, 0.0 ], [ 73.1502698, 28.1541454, 0.0 ] ], [ [ 73.1503418, 28.153215, 0.0 ], [ 73.1503649, 28.1532153, 0.0 ], [ 73.1503597, 28.1535185, 0.0 ], [ 73.1503366, 28.1535182, 0.0 ], [ 73.1503418, 28.153215, 0.0 ] ], [ [ 73.1502858, 28.1532142, 0.0 ], [ 73.1503089, 28.1532145, 0.0 ], [ 73.1503037, 28.1535178, 0.0 ], [ 73.1502806, 28.1535175, 0.0 ], [ 73.1502858, 28.1532142, 0.0 ] ], [ [ 73.1503364, 28.1535266, 0.0 ], [ 73.1503596, 28.153527, 0.0 ], [ 73.1503544, 28.1538302, 0.0 ], [ 73.1503312, 28.1538299, 0.0 ], [ 73.1503364, 28.1535266, 0.0 ] ], [ [ 73.1502804, 28.1535259, 0.0 ], [ 73.1503036, 28.1535262, 0.0 ], [ 73.1502984, 28.1538295, 0.0 ], [ 73.1502752, 28.1538292, 0.0 ], [ 73.1502804, 28.1535259, 0.0 ] ], [ [ 73.1501766, 28.1563108, 0.0 ], [ 73.1501997, 28.1563111, 0.0 ], [ 73.1501945, 28.1566144, 0.0 ], [ 73.1501713, 28.156614, 0.0 ], [ 73.1501766, 28.1563108, 0.0 ] ], [ [ 73.1501206, 28.15631, 0.0 ], [ 73.1501437, 28.1563103, 0.0 ], [ 73.1501385, 28.1566136, 0.0 ], [ 73.1501154, 28.1566133, 0.0 ], [ 73.1501206, 28.15631, 0.0 ] ], [ [ 73.1501712, 28.1566225, 0.0 ], [ 73.1501943, 28.1566228, 0.0 ], [ 73.1501891, 28.156926, 0.0 ], [ 73.150166, 28.1569257, 0.0 ], [ 73.1501712, 28.1566225, 0.0 ] ], [ [ 73.1501152, 28.1566217, 0.0 ], [ 73.1501383, 28.156622, 0.0 ], [ 73.1501331, 28.1569253, 0.0 ], [ 73.15011, 28.156925, 0.0 ], [ 73.1501152, 28.1566217, 0.0 ] ], [ [ 73.1501872, 28.1556913, 0.0 ], [ 73.1502103, 28.1556916, 0.0 ], [ 73.1502051, 28.1559949, 0.0 ], [ 73.150182, 28.1559946, 0.0 ], [ 73.1501872, 28.1556913, 0.0 ] ], [ [ 73.1501312, 28.1556906, 0.0 ], [ 73.1501544, 28.1556909, 0.0 ], [ 73.1501491, 28.1559941, 0.0 ], [ 73.150126, 28.1559938, 0.0 ], [ 73.1501312, 28.1556906, 0.0 ] ], [ [ 73.1501819, 28.156003, 0.0 ], [ 73.150205, 28.1560033, 0.0 ], [ 73.1501998, 28.1563066, 0.0 ], [ 73.1501766, 28.1563063, 0.0 ], [ 73.1501819, 28.156003, 0.0 ] ], [ [ 73.1501259, 28.1560022, 0.0 ], [ 73.150149, 28.1560026, 0.0 ], [ 73.1501438, 28.1563058, 0.0 ], [ 73.1501206, 28.1563055, 0.0 ], [ 73.1501259, 28.1560022, 0.0 ] ], [ [ 73.1501979, 28.1550718, 0.0 ], [ 73.150221, 28.1550722, 0.0 ], [ 73.1502158, 28.1553754, 0.0 ], [ 73.1501926, 28.1553751, 0.0 ], [ 73.1501979, 28.1550718, 0.0 ] ], [ [ 73.1501419, 28.1550711, 0.0 ], [ 73.150165, 28.1550714, 0.0 ], [ 73.1501598, 28.1553747, 0.0 ], [ 73.1501367, 28.1553744, 0.0 ], [ 73.1501419, 28.1550711, 0.0 ] ], [ [ 73.1501925, 28.1553835, 0.0 ], [ 73.1502156, 28.1553838, 0.0 ], [ 73.1502104, 28.1556871, 0.0 ], [ 73.1501873, 28.1556868, 0.0 ], [ 73.1501925, 28.1553835, 0.0 ] ], [ [ 73.1501365, 28.1553828, 0.0 ], [ 73.1501596, 28.1553831, 0.0 ], [ 73.1501544, 28.1556864, 0.0 ], [ 73.1501313, 28.155686, 0.0 ], [ 73.1501365, 28.1553828, 0.0 ] ], [ [ 73.1502085, 28.1544524, 0.0 ], [ 73.1502316, 28.1544527, 0.0 ], [ 73.1502264, 28.154756, 0.0 ], [ 73.1502033, 28.1547556, 0.0 ], [ 73.1502085, 28.1544524, 0.0 ] ], [ [ 73.1501525, 28.1544516, 0.0 ], [ 73.1501757, 28.1544519, 0.0 ], [ 73.1501704, 28.1547552, 0.0 ], [ 73.1501473, 28.1547549, 0.0 ], [ 73.1501525, 28.1544516, 0.0 ] ], [ [ 73.1502032, 28.1547641, 0.0 ], [ 73.1502263, 28.1547644, 0.0 ], [ 73.1502211, 28.1550676, 0.0 ], [ 73.1501979, 28.1550673, 0.0 ], [ 73.1502032, 28.1547641, 0.0 ] ], [ [ 73.1501472, 28.1547633, 0.0 ], [ 73.1501703, 28.1547636, 0.0 ], [ 73.1501651, 28.1550669, 0.0 ], [ 73.150142, 28.1550666, 0.0 ], [ 73.1501472, 28.1547633, 0.0 ] ], [ [ 73.1502192, 28.1538329, 0.0 ], [ 73.1502423, 28.1538332, 0.0 ], [ 73.1502371, 28.1541365, 0.0 ], [ 73.150214, 28.1541362, 0.0 ], [ 73.1502192, 28.1538329, 0.0 ] ], [ [ 73.1501632, 28.1538322, 0.0 ], [ 73.1501863, 28.1538325, 0.0 ], [ 73.1501811, 28.1541357, 0.0 ], [ 73.150158, 28.1541354, 0.0 ], [ 73.1501632, 28.1538322, 0.0 ] ], [ [ 73.1502138, 28.1541446, 0.0 ], [ 73.1502369, 28.1541449, 0.0 ], [ 73.1502317, 28.1544482, 0.0 ], [ 73.1502086, 28.1544479, 0.0 ], [ 73.1502138, 28.1541446, 0.0 ] ], [ [ 73.1501578, 28.1541438, 0.0 ], [ 73.1501809, 28.1541442, 0.0 ], [ 73.1501757, 28.1544474, 0.0 ], [ 73.1501526, 28.1544471, 0.0 ], [ 73.1501578, 28.1541438, 0.0 ] ], [ [ 73.1502298, 28.1532134, 0.0 ], [ 73.1502529, 28.1532138, 0.0 ], [ 73.1502477, 28.153517, 0.0 ], [ 73.1502246, 28.1535167, 0.0 ], [ 73.1502298, 28.1532134, 0.0 ] ], [ [ 73.1501738, 28.1532127, 0.0 ], [ 73.150197, 28.153213, 0.0 ], [ 73.1501917, 28.1535163, 0.0 ], [ 73.1501686, 28.153516, 0.0 ], [ 73.1501738, 28.1532127, 0.0 ] ], [ [ 73.1502245, 28.1535251, 0.0 ], [ 73.1502476, 28.1535254, 0.0 ], [ 73.1502424, 28.1538287, 0.0 ], [ 73.1502192, 28.1538284, 0.0 ], [ 73.1502245, 28.1535251, 0.0 ] ], [ [ 73.1501685, 28.1535244, 0.0 ], [ 73.1501916, 28.1535247, 0.0 ], [ 73.1501864, 28.153828, 0.0 ], [ 73.1501633, 28.1538276, 0.0 ], [ 73.1501685, 28.1535244, 0.0 ] ], [ [ 73.1500646, 28.1563093, 0.0 ], [ 73.1500877, 28.1563096, 0.0 ], [ 73.1500825, 28.1566128, 0.0 ], [ 73.1500594, 28.1566125, 0.0 ], [ 73.1500646, 28.1563093, 0.0 ] ], [ [ 73.1500086, 28.1563085, 0.0 ], [ 73.1500317, 28.1563088, 0.0 ], [ 73.1500265, 28.1566121, 0.0 ], [ 73.1500034, 28.1566118, 0.0 ], [ 73.1500086, 28.1563085, 0.0 ] ], [ [ 73.1500592, 28.156621, 0.0 ], [ 73.1500823, 28.1566213, 0.0 ], [ 73.1500771, 28.1569245, 0.0 ], [ 73.150054, 28.1569242, 0.0 ], [ 73.1500592, 28.156621, 0.0 ] ], [ [ 73.1500032, 28.1566202, 0.0 ], [ 73.1500264, 28.1566205, 0.0 ], [ 73.1500211, 28.1569238, 0.0 ], [ 73.149998, 28.1569235, 0.0 ], [ 73.1500032, 28.1566202, 0.0 ] ], [ [ 73.1500752, 28.1556898, 0.0 ], [ 73.1500984, 28.1556901, 0.0 ], [ 73.1500931, 28.1559934, 0.0 ], [ 73.15007, 28.1559931, 0.0 ], [ 73.1500752, 28.1556898, 0.0 ] ], [ [ 73.1500192, 28.155689, 0.0 ], [ 73.1500424, 28.1556894, 0.0 ], [ 73.1500372, 28.1559926, 0.0 ], [ 73.150014, 28.1559923, 0.0 ], [ 73.1500192, 28.155689, 0.0 ] ], [ [ 73.1500699, 28.1560015, 0.0 ], [ 73.150093, 28.1560018, 0.0 ], [ 73.1500878, 28.1563051, 0.0 ], [ 73.1500647, 28.1563048, 0.0 ], [ 73.1500699, 28.1560015, 0.0 ] ], [ [ 73.1500139, 28.1560007, 0.0 ], [ 73.150037, 28.156001, 0.0 ], [ 73.1500318, 28.1563043, 0.0 ], [ 73.1500087, 28.156304, 0.0 ], [ 73.1500139, 28.1560007, 0.0 ] ], [ [ 73.1500859, 28.1550703, 0.0 ], [ 73.150109, 28.1550706, 0.0 ], [ 73.1501038, 28.1553739, 0.0 ], [ 73.1500807, 28.1553736, 0.0 ], [ 73.1500859, 28.1550703, 0.0 ] ], [ [ 73.1500299, 28.1550696, 0.0 ], [ 73.150053, 28.1550699, 0.0 ], [ 73.1500478, 28.1553732, 0.0 ], [ 73.1500247, 28.1553728, 0.0 ], [ 73.1500299, 28.1550696, 0.0 ] ], [ [ 73.1500805, 28.155382, 0.0 ], [ 73.1501037, 28.1553823, 0.0 ], [ 73.1500984, 28.1556856, 0.0 ], [ 73.1500753, 28.1556853, 0.0 ], [ 73.1500805, 28.155382, 0.0 ] ], [ [ 73.1500245, 28.1553813, 0.0 ], [ 73.1500477, 28.1553816, 0.0 ], [ 73.1500425, 28.1556848, 0.0 ], [ 73.1500193, 28.1556845, 0.0 ], [ 73.1500245, 28.1553813, 0.0 ] ], [ [ 73.1500965, 28.1544509, 0.0 ], [ 73.1501197, 28.1544512, 0.0 ], [ 73.1501145, 28.1547544, 0.0 ], [ 73.1500913, 28.1547541, 0.0 ], [ 73.1500965, 28.1544509, 0.0 ] ], [ [ 73.1500405, 28.1544501, 0.0 ], [ 73.1500637, 28.1544504, 0.0 ], [ 73.1500585, 28.1547537, 0.0 ], [ 73.1500353, 28.1547534, 0.0 ], [ 73.1500405, 28.1544501, 0.0 ] ], [ [ 73.1500912, 28.1547626, 0.0 ], [ 73.1501143, 28.1547629, 0.0 ], [ 73.1501091, 28.1550661, 0.0 ], [ 73.150086, 28.1550658, 0.0 ], [ 73.1500912, 28.1547626, 0.0 ] ], [ [ 73.1500352, 28.1547618, 0.0 ], [ 73.1500583, 28.1547621, 0.0 ], [ 73.1500531, 28.1550654, 0.0 ], [ 73.15003, 28.1550651, 0.0 ], [ 73.1500352, 28.1547618, 0.0 ] ], [ [ 73.1501072, 28.1538314, 0.0 ], [ 73.1501303, 28.1538317, 0.0 ], [ 73.1501251, 28.154135, 0.0 ], [ 73.150102, 28.1541347, 0.0 ], [ 73.1501072, 28.1538314, 0.0 ] ], [ [ 73.1500512, 28.1538306, 0.0 ], [ 73.1500743, 28.153831, 0.0 ], [ 73.1500691, 28.1541342, 0.0 ], [ 73.150046, 28.1541339, 0.0 ], [ 73.1500512, 28.1538306, 0.0 ] ], [ [ 73.1501018, 28.1541431, 0.0 ], [ 73.150125, 28.1541434, 0.0 ], [ 73.1501197, 28.1544467, 0.0 ], [ 73.1500966, 28.1544464, 0.0 ], [ 73.1501018, 28.1541431, 0.0 ] ], [ [ 73.1500458, 28.1541423, 0.0 ], [ 73.150069, 28.1541426, 0.0 ], [ 73.1500638, 28.1544459, 0.0 ], [ 73.1500406, 28.1544456, 0.0 ], [ 73.1500458, 28.1541423, 0.0 ] ], [ [ 73.1501178, 28.1532119, 0.0 ], [ 73.150141, 28.1532122, 0.0 ], [ 73.1501358, 28.1535155, 0.0 ], [ 73.1501126, 28.1535152, 0.0 ], [ 73.1501178, 28.1532119, 0.0 ] ], [ [ 73.1500619, 28.1532112, 0.0 ], [ 73.150085, 28.1532115, 0.0 ], [ 73.1500798, 28.1535148, 0.0 ], [ 73.1500566, 28.1535144, 0.0 ], [ 73.1500619, 28.1532112, 0.0 ] ], [ [ 73.1501125, 28.1535236, 0.0 ], [ 73.1501356, 28.1535239, 0.0 ], [ 73.1501304, 28.1538272, 0.0 ], [ 73.1501073, 28.1538269, 0.0 ], [ 73.1501125, 28.1535236, 0.0 ] ], [ [ 73.1500565, 28.1535229, 0.0 ], [ 73.1500796, 28.1535232, 0.0 ], [ 73.1500744, 28.1538264, 0.0 ], [ 73.1500513, 28.1538261, 0.0 ], [ 73.1500565, 28.1535229, 0.0 ] ], [ [ 73.1499526, 28.1563078, 0.0 ], [ 73.1499757, 28.1563081, 0.0 ], [ 73.1499705, 28.1566113, 0.0 ], [ 73.1499474, 28.156611, 0.0 ], [ 73.1499526, 28.1563078, 0.0 ] ], [ [ 73.1498966, 28.156307, 0.0 ], [ 73.1499197, 28.1563073, 0.0 ], [ 73.1499145, 28.1566106, 0.0 ], [ 73.1498914, 28.1566103, 0.0 ], [ 73.1498966, 28.156307, 0.0 ] ], [ [ 73.1499472, 28.1566194, 0.0 ], [ 73.1499704, 28.1566198, 0.0 ], [ 73.1499652, 28.156923, 0.0 ], [ 73.149942, 28.1569227, 0.0 ], [ 73.1499472, 28.1566194, 0.0 ] ], [ [ 73.1498912, 28.1566187, 0.0 ], [ 73.1499144, 28.156619, 0.0 ], [ 73.1499092, 28.1569223, 0.0 ], [ 73.149886, 28.156922, 0.0 ], [ 73.1498912, 28.1566187, 0.0 ] ], [ [ 73.1499633, 28.1556883, 0.0 ], [ 73.1499864, 28.1556886, 0.0 ], [ 73.1499812, 28.1559919, 0.0 ], [ 73.149958, 28.1559916, 0.0 ], [ 73.1499633, 28.1556883, 0.0 ] ], [ [ 73.1499073, 28.1556875, 0.0 ], [ 73.1499304, 28.1556878, 0.0 ], [ 73.1499252, 28.1559911, 0.0 ], [ 73.149902, 28.1559908, 0.0 ], [ 73.1499073, 28.1556875, 0.0 ] ], [ [ 73.1499579, 28.156, 0.0 ], [ 73.149981, 28.1560003, 0.0 ], [ 73.1499758, 28.1563036, 0.0 ], [ 73.1499527, 28.1563032, 0.0 ], [ 73.1499579, 28.156, 0.0 ] ], [ [ 73.1499019, 28.1559992, 0.0 ], [ 73.149925, 28.1559995, 0.0 ], [ 73.1499198, 28.1563028, 0.0 ], [ 73.1498967, 28.1563025, 0.0 ], [ 73.1499019, 28.1559992, 0.0 ] ], [ [ 73.1499739, 28.1550688, 0.0 ], [ 73.149997, 28.1550691, 0.0 ], [ 73.1499918, 28.1553724, 0.0 ], [ 73.1499687, 28.1553721, 0.0 ], [ 73.1499739, 28.1550688, 0.0 ] ], [ [ 73.1499179, 28.1550681, 0.0 ], [ 73.149941, 28.1550684, 0.0 ], [ 73.1499358, 28.1553716, 0.0 ], [ 73.1499127, 28.1553713, 0.0 ], [ 73.1499179, 28.1550681, 0.0 ] ], [ [ 73.1499685, 28.1553805, 0.0 ], [ 73.1499917, 28.1553808, 0.0 ], [ 73.1499865, 28.1556841, 0.0 ], [ 73.1499633, 28.1556838, 0.0 ], [ 73.1499685, 28.1553805, 0.0 ] ], [ [ 73.1499126, 28.1553798, 0.0 ], [ 73.1499357, 28.1553801, 0.0 ], [ 73.1499305, 28.1556833, 0.0 ], [ 73.1499073, 28.155683, 0.0 ], [ 73.1499126, 28.1553798, 0.0 ] ], [ [ 73.1499846, 28.1544494, 0.0 ], [ 73.1500077, 28.1544497, 0.0 ], [ 73.1500025, 28.1547529, 0.0 ], [ 73.1499793, 28.1547526, 0.0 ], [ 73.1499846, 28.1544494, 0.0 ] ], [ [ 73.1499286, 28.1544486, 0.0 ], [ 73.1499517, 28.1544489, 0.0 ], [ 73.1499465, 28.1547522, 0.0 ], [ 73.1499234, 28.1547519, 0.0 ], [ 73.1499286, 28.1544486, 0.0 ] ], [ [ 73.1499792, 28.154761, 0.0 ], [ 73.1500023, 28.1547614, 0.0 ], [ 73.1499971, 28.1550646, 0.0 ], [ 73.149974, 28.1550643, 0.0 ], [ 73.1499792, 28.154761, 0.0 ] ], [ [ 73.1499232, 28.1547603, 0.0 ], [ 73.1499463, 28.1547606, 0.0 ], [ 73.1499411, 28.1550639, 0.0 ], [ 73.149918, 28.1550636, 0.0 ], [ 73.1499232, 28.1547603, 0.0 ] ], [ [ 73.1499952, 28.1538299, 0.0 ], [ 73.1500183, 28.1538302, 0.0 ], [ 73.1500131, 28.1541335, 0.0 ], [ 73.14999, 28.1541332, 0.0 ], [ 73.1499952, 28.1538299, 0.0 ] ], [ [ 73.1499392, 28.1538291, 0.0 ], [ 73.1499624, 28.1538294, 0.0 ], [ 73.1499571, 28.1541327, 0.0 ], [ 73.149934, 28.1541324, 0.0 ], [ 73.1499392, 28.1538291, 0.0 ] ], [ [ 73.1499899, 28.1541416, 0.0 ], [ 73.150013, 28.1541419, 0.0 ], [ 73.1500078, 28.1544452, 0.0 ], [ 73.1499846, 28.1544448, 0.0 ], [ 73.1499899, 28.1541416, 0.0 ] ], [ [ 73.1499339, 28.1541408, 0.0 ], [ 73.149957, 28.1541411, 0.0 ], [ 73.1499518, 28.1544444, 0.0 ], [ 73.1499286, 28.1544441, 0.0 ], [ 73.1499339, 28.1541408, 0.0 ] ], [ [ 73.1500059, 28.1532104, 0.0 ], [ 73.150029, 28.1532107, 0.0 ], [ 73.1500238, 28.153514, 0.0 ], [ 73.1500006, 28.1535137, 0.0 ], [ 73.1500059, 28.1532104, 0.0 ] ], [ [ 73.1499499, 28.1532097, 0.0 ], [ 73.149973, 28.15321, 0.0 ], [ 73.1499678, 28.1535132, 0.0 ], [ 73.1499447, 28.1535129, 0.0 ], [ 73.1499499, 28.1532097, 0.0 ] ], [ [ 73.1500005, 28.1535221, 0.0 ], [ 73.1500236, 28.1535224, 0.0 ], [ 73.1500184, 28.1538257, 0.0 ], [ 73.1499953, 28.1538254, 0.0 ], [ 73.1500005, 28.1535221, 0.0 ] ], [ [ 73.1499445, 28.1535214, 0.0 ], [ 73.1499676, 28.1535217, 0.0 ], [ 73.1499624, 28.1538249, 0.0 ], [ 73.1499393, 28.1538246, 0.0 ], [ 73.1499445, 28.1535214, 0.0 ] ], [ [ 73.14983, 28.1569257, 0.0 ], [ 73.1498531, 28.156926, 0.0 ], [ 73.1498479, 28.1572293, 0.0 ], [ 73.1498248, 28.157229, 0.0 ], [ 73.14983, 28.1569257, 0.0 ] ], [ [ 73.149774, 28.156925, 0.0 ], [ 73.1497971, 28.1569253, 0.0 ], [ 73.1497919, 28.1572285, 0.0 ], [ 73.1497688, 28.1572282, 0.0 ], [ 73.149774, 28.156925, 0.0 ] ], [ [ 73.1498246, 28.1572374, 0.0 ], [ 73.1498477, 28.1572377, 0.0 ], [ 73.1498425, 28.157541, 0.0 ], [ 73.1498194, 28.1575407, 0.0 ], [ 73.1498246, 28.1572374, 0.0 ] ], [ [ 73.1497686, 28.1572366, 0.0 ], [ 73.1497917, 28.157237, 0.0 ], [ 73.1497865, 28.1575402, 0.0 ], [ 73.1497634, 28.1575399, 0.0 ], [ 73.1497686, 28.1572366, 0.0 ] ], [ [ 73.1498406, 28.1563062, 0.0 ], [ 73.1498637, 28.1563066, 0.0 ], [ 73.1498585, 28.1566098, 0.0 ], [ 73.1498354, 28.1566095, 0.0 ], [ 73.1498406, 28.1563062, 0.0 ] ], [ [ 73.1497846, 28.1563055, 0.0 ], [ 73.1498078, 28.1563058, 0.0 ], [ 73.1498025, 28.1566091, 0.0 ], [ 73.1497794, 28.1566088, 0.0 ], [ 73.1497846, 28.1563055, 0.0 ] ], [ [ 73.1498353, 28.1566179, 0.0 ], [ 73.1498584, 28.1566182, 0.0 ], [ 73.1498532, 28.1569215, 0.0 ], [ 73.14983, 28.1569212, 0.0 ], [ 73.1498353, 28.1566179, 0.0 ] ], [ [ 73.1497793, 28.1566172, 0.0 ], [ 73.1498024, 28.1566175, 0.0 ], [ 73.1497972, 28.1569208, 0.0 ], [ 73.1497741, 28.1569204, 0.0 ], [ 73.1497793, 28.1566172, 0.0 ] ], [ [ 73.1498513, 28.1556868, 0.0 ], [ 73.1498744, 28.1556871, 0.0 ], [ 73.1498692, 28.1559904, 0.0 ], [ 73.1498461, 28.15599, 0.0 ], [ 73.1498513, 28.1556868, 0.0 ] ], [ [ 73.1497953, 28.155686, 0.0 ], [ 73.1498184, 28.1556863, 0.0 ], [ 73.1498132, 28.1559896, 0.0 ], [ 73.1497901, 28.1559893, 0.0 ], [ 73.1497953, 28.155686, 0.0 ] ], [ [ 73.1498459, 28.1559985, 0.0 ], [ 73.149869, 28.1559988, 0.0 ], [ 73.1498638, 28.156302, 0.0 ], [ 73.1498407, 28.1563017, 0.0 ], [ 73.1498459, 28.1559985, 0.0 ] ], [ [ 73.1497899, 28.1559977, 0.0 ], [ 73.1498131, 28.155998, 0.0 ], [ 73.1498078, 28.1563013, 0.0 ], [ 73.1497847, 28.156301, 0.0 ], [ 73.1497899, 28.1559977, 0.0 ] ], [ [ 73.1498726, 28.1544478, 0.0 ], [ 73.1498957, 28.1544482, 0.0 ], [ 73.1498905, 28.1547514, 0.0 ], [ 73.1498674, 28.1547511, 0.0 ], [ 73.1498726, 28.1544478, 0.0 ] ], [ [ 73.1498166, 28.1544471, 0.0 ], [ 73.1498397, 28.1544474, 0.0 ], [ 73.1498345, 28.1547507, 0.0 ], [ 73.1498114, 28.1547504, 0.0 ], [ 73.1498166, 28.1544471, 0.0 ] ], [ [ 73.1498672, 28.1547595, 0.0 ], [ 73.1498903, 28.1547598, 0.0 ], [ 73.1498851, 28.1550631, 0.0 ], [ 73.149862, 28.1550628, 0.0 ], [ 73.1498672, 28.1547595, 0.0 ] ], [ [ 73.1498112, 28.1547588, 0.0 ], [ 73.1498344, 28.1547591, 0.0 ], [ 73.1498291, 28.1550624, 0.0 ], [ 73.149806, 28.155062, 0.0 ], [ 73.1498112, 28.1547588, 0.0 ] ], [ [ 73.1498832, 28.1538284, 0.0 ], [ 73.1499064, 28.1538287, 0.0 ], [ 73.1499011, 28.154132, 0.0 ], [ 73.149878, 28.1541316, 0.0 ], [ 73.1498832, 28.1538284, 0.0 ] ], [ [ 73.1498272, 28.1538276, 0.0 ], [ 73.1498504, 28.1538279, 0.0 ], [ 73.1498452, 28.1541312, 0.0 ], [ 73.149822, 28.1541309, 0.0 ], [ 73.1498272, 28.1538276, 0.0 ] ], [ [ 73.1498779, 28.1541401, 0.0 ], [ 73.149901, 28.1541404, 0.0 ], [ 73.1498958, 28.1544436, 0.0 ], [ 73.1498727, 28.1544433, 0.0 ], [ 73.1498779, 28.1541401, 0.0 ] ], [ [ 73.1498219, 28.1541393, 0.0 ], [ 73.149845, 28.1541396, 0.0 ], [ 73.1498398, 28.1544429, 0.0 ], [ 73.1498167, 28.1544426, 0.0 ], [ 73.1498219, 28.1541393, 0.0 ] ], [ [ 73.1498939, 28.1532089, 0.0 ], [ 73.149917, 28.1532092, 0.0 ], [ 73.1499118, 28.1535125, 0.0 ], [ 73.1498887, 28.1535122, 0.0 ], [ 73.1498939, 28.1532089, 0.0 ] ], [ [ 73.1498379, 28.1532082, 0.0 ], [ 73.149861, 28.1532085, 0.0 ], [ 73.1498558, 28.1535117, 0.0 ], [ 73.1498327, 28.1535114, 0.0 ], [ 73.1498379, 28.1532082, 0.0 ] ], [ [ 73.1498885, 28.1535206, 0.0 ], [ 73.1499117, 28.1535209, 0.0 ], [ 73.1499064, 28.1538242, 0.0 ], [ 73.1498833, 28.1538239, 0.0 ], [ 73.1498885, 28.1535206, 0.0 ] ], [ [ 73.1498325, 28.1535198, 0.0 ], [ 73.1498557, 28.1535202, 0.0 ], [ 73.1498505, 28.1538234, 0.0 ], [ 73.1498273, 28.1538231, 0.0 ], [ 73.1498325, 28.1535198, 0.0 ] ], [ [ 73.149718, 28.1569242, 0.0 ], [ 73.1497411, 28.1569245, 0.0 ], [ 73.1497359, 28.1572278, 0.0 ], [ 73.1497128, 28.1572275, 0.0 ], [ 73.149718, 28.1569242, 0.0 ] ], [ [ 73.149662, 28.1569234, 0.0 ], [ 73.1496851, 28.1569238, 0.0 ], [ 73.1496799, 28.157227, 0.0 ], [ 73.1496568, 28.1572267, 0.0 ], [ 73.149662, 28.1569234, 0.0 ] ], [ [ 73.1497126, 28.1572359, 0.0 ], [ 73.1497358, 28.1572362, 0.0 ], [ 73.1497305, 28.1575395, 0.0 ], [ 73.1497074, 28.1575392, 0.0 ], [ 73.1497126, 28.1572359, 0.0 ] ], [ [ 73.1496566, 28.1572351, 0.0 ], [ 73.1496798, 28.1572354, 0.0 ], [ 73.1496745, 28.1575387, 0.0 ], [ 73.1496514, 28.1575384, 0.0 ], [ 73.1496566, 28.1572351, 0.0 ] ], [ [ 73.1497286, 28.1563047, 0.0 ], [ 73.1497518, 28.156305, 0.0 ], [ 73.1497466, 28.1566083, 0.0 ], [ 73.1497234, 28.156608, 0.0 ], [ 73.1497286, 28.1563047, 0.0 ] ], [ [ 73.1496727, 28.156304, 0.0 ], [ 73.1496958, 28.1563043, 0.0 ], [ 73.1496906, 28.1566076, 0.0 ], [ 73.1496674, 28.1566072, 0.0 ], [ 73.1496727, 28.156304, 0.0 ] ], [ [ 73.1497233, 28.1566164, 0.0 ], [ 73.1497464, 28.1566167, 0.0 ], [ 73.1497412, 28.15692, 0.0 ], [ 73.1497181, 28.1569197, 0.0 ], [ 73.1497233, 28.1566164, 0.0 ] ], [ [ 73.1496673, 28.1566157, 0.0 ], [ 73.1496904, 28.156616, 0.0 ], [ 73.1496852, 28.1569192, 0.0 ], [ 73.1496621, 28.1569189, 0.0 ], [ 73.1496673, 28.1566157, 0.0 ] ], [ [ 73.1497393, 28.1556853, 0.0 ], [ 73.1497624, 28.1556856, 0.0 ], [ 73.1497572, 28.1559888, 0.0 ], [ 73.1497341, 28.1559885, 0.0 ], [ 73.1497393, 28.1556853, 0.0 ] ], [ [ 73.1496833, 28.1556845, 0.0 ], [ 73.1497064, 28.1556848, 0.0 ], [ 73.1497012, 28.1559881, 0.0 ], [ 73.1496781, 28.1559878, 0.0 ], [ 73.1496833, 28.1556845, 0.0 ] ], [ [ 73.1497339, 28.155997, 0.0 ], [ 73.1497571, 28.1559973, 0.0 ], [ 73.1497518, 28.1563005, 0.0 ], [ 73.1497287, 28.1563002, 0.0 ], [ 73.1497339, 28.155997, 0.0 ] ], [ [ 73.1496779, 28.1559962, 0.0 ], [ 73.1497011, 28.1559965, 0.0 ], [ 73.1496959, 28.1562998, 0.0 ], [ 73.1496727, 28.1562995, 0.0 ], [ 73.1496779, 28.1559962, 0.0 ] ], [ [ 73.1497606, 28.1544463, 0.0 ], [ 73.1497837, 28.1544466, 0.0 ], [ 73.1497785, 28.1547499, 0.0 ], [ 73.1497554, 28.1547496, 0.0 ], [ 73.1497606, 28.1544463, 0.0 ] ], [ [ 73.1497046, 28.1544456, 0.0 ], [ 73.1497277, 28.1544459, 0.0 ], [ 73.1497225, 28.1547492, 0.0 ], [ 73.1496994, 28.1547488, 0.0 ], [ 73.1497046, 28.1544456, 0.0 ] ], [ [ 73.1497552, 28.154758, 0.0 ], [ 73.1497784, 28.1547583, 0.0 ], [ 73.1497732, 28.1550616, 0.0 ], [ 73.14975, 28.1550613, 0.0 ], [ 73.1497552, 28.154758, 0.0 ] ], [ [ 73.1496993, 28.1547573, 0.0 ], [ 73.1497224, 28.1547576, 0.0 ], [ 73.1497172, 28.1550608, 0.0 ], [ 73.149694, 28.1550605, 0.0 ], [ 73.1496993, 28.1547573, 0.0 ] ], [ [ 73.1497713, 28.1538269, 0.0 ], [ 73.1497944, 28.1538272, 0.0 ], [ 73.1497892, 28.1541304, 0.0 ], [ 73.149766, 28.1541301, 0.0 ], [ 73.1497713, 28.1538269, 0.0 ] ], [ [ 73.1497153, 28.1538261, 0.0 ], [ 73.1497384, 28.1538264, 0.0 ], [ 73.1497332, 28.1541297, 0.0 ], [ 73.1497101, 28.1541294, 0.0 ], [ 73.1497153, 28.1538261, 0.0 ] ], [ [ 73.1497659, 28.1541385, 0.0 ], [ 73.149789, 28.1541389, 0.0 ], [ 73.1497838, 28.1544421, 0.0 ], [ 73.1497607, 28.1544418, 0.0 ], [ 73.1497659, 28.1541385, 0.0 ] ], [ [ 73.1497099, 28.1541378, 0.0 ], [ 73.149733, 28.1541381, 0.0 ], [ 73.1497278, 28.1544414, 0.0 ], [ 73.1497047, 28.1544411, 0.0 ], [ 73.1497099, 28.1541378, 0.0 ] ], [ [ 73.1497819, 28.1532074, 0.0 ], [ 73.149805, 28.1532077, 0.0 ], [ 73.1497998, 28.153511, 0.0 ], [ 73.1497767, 28.1535107, 0.0 ], [ 73.1497819, 28.1532074, 0.0 ] ], [ [ 73.1497259, 28.1532066, 0.0 ], [ 73.149749, 28.153207, 0.0 ], [ 73.1497438, 28.1535102, 0.0 ], [ 73.1497207, 28.1535099, 0.0 ], [ 73.1497259, 28.1532066, 0.0 ] ], [ [ 73.1497765, 28.1535191, 0.0 ], [ 73.1497997, 28.1535194, 0.0 ], [ 73.1497945, 28.1538227, 0.0 ], [ 73.1497713, 28.1538224, 0.0 ], [ 73.1497765, 28.1535191, 0.0 ] ], [ [ 73.1497206, 28.1535183, 0.0 ], [ 73.1497437, 28.1535186, 0.0 ], [ 73.1497385, 28.1538219, 0.0 ], [ 73.1497153, 28.1538216, 0.0 ], [ 73.1497206, 28.1535183, 0.0 ] ], [ [ 73.149606, 28.1569227, 0.0 ], [ 73.1496291, 28.156923, 0.0 ], [ 73.1496239, 28.1572263, 0.0 ], [ 73.1496008, 28.157226, 0.0 ], [ 73.149606, 28.1569227, 0.0 ] ], [ [ 73.14955, 28.1569219, 0.0 ], [ 73.1495731, 28.1569222, 0.0 ], [ 73.1495679, 28.1572255, 0.0 ], [ 73.1495448, 28.1572252, 0.0 ], [ 73.14955, 28.1569219, 0.0 ] ], [ [ 73.1496006, 28.1572344, 0.0 ], [ 73.1496238, 28.1572347, 0.0 ], [ 73.1496186, 28.157538, 0.0 ], [ 73.1495954, 28.1575376, 0.0 ], [ 73.1496006, 28.1572344, 0.0 ] ], [ [ 73.1495447, 28.1572336, 0.0 ], [ 73.1495678, 28.1572339, 0.0 ], [ 73.1495626, 28.1575372, 0.0 ], [ 73.1495394, 28.1575369, 0.0 ], [ 73.1495447, 28.1572336, 0.0 ] ], [ [ 73.1496167, 28.1563032, 0.0 ], [ 73.1496398, 28.1563035, 0.0 ], [ 73.1496346, 28.1566068, 0.0 ], [ 73.1496114, 28.1566065, 0.0 ], [ 73.1496167, 28.1563032, 0.0 ] ], [ [ 73.1495607, 28.1563025, 0.0 ], [ 73.1495838, 28.1563028, 0.0 ], [ 73.1495786, 28.156606, 0.0 ], [ 73.1495555, 28.1566057, 0.0 ], [ 73.1495607, 28.1563025, 0.0 ] ], [ [ 73.1496113, 28.1566149, 0.0 ], [ 73.1496344, 28.1566152, 0.0 ], [ 73.1496292, 28.1569185, 0.0 ], [ 73.1496061, 28.1569182, 0.0 ], [ 73.1496113, 28.1566149, 0.0 ] ], [ [ 73.1495553, 28.1566141, 0.0 ], [ 73.1495784, 28.1566145, 0.0 ], [ 73.1495732, 28.1569177, 0.0 ], [ 73.1495501, 28.1569174, 0.0 ], [ 73.1495553, 28.1566141, 0.0 ] ], [ [ 73.1496273, 28.1556838, 0.0 ], [ 73.1496504, 28.1556841, 0.0 ], [ 73.1496452, 28.1559873, 0.0 ], [ 73.1496221, 28.155987, 0.0 ], [ 73.1496273, 28.1556838, 0.0 ] ], [ [ 73.1495713, 28.155683, 0.0 ], [ 73.1495945, 28.1556833, 0.0 ], [ 73.1495892, 28.1559866, 0.0 ], [ 73.1495661, 28.1559863, 0.0 ], [ 73.1495713, 28.155683, 0.0 ] ], [ [ 73.149622, 28.1559954, 0.0 ], [ 73.1496451, 28.1559957, 0.0 ], [ 73.1496399, 28.156299, 0.0 ], [ 73.1496167, 28.1562987, 0.0 ], [ 73.149622, 28.1559954, 0.0 ] ], [ [ 73.149566, 28.1559947, 0.0 ], [ 73.1495891, 28.155995, 0.0 ], [ 73.1495839, 28.1562983, 0.0 ], [ 73.1495607, 28.1562979, 0.0 ], [ 73.149566, 28.1559947, 0.0 ] ], [ [ 73.1496486, 28.1544448, 0.0 ], [ 73.1496718, 28.1544451, 0.0 ], [ 73.1496665, 28.1547484, 0.0 ], [ 73.1496434, 28.1547481, 0.0 ], [ 73.1496486, 28.1544448, 0.0 ] ], [ [ 73.1495926, 28.1544441, 0.0 ], [ 73.1496158, 28.1544444, 0.0 ], [ 73.1496105, 28.1547476, 0.0 ], [ 73.1495874, 28.1547473, 0.0 ], [ 73.1495926, 28.1544441, 0.0 ] ], [ [ 73.1496433, 28.1547565, 0.0 ], [ 73.1496664, 28.1547568, 0.0 ], [ 73.1496612, 28.1550601, 0.0 ], [ 73.149638, 28.1550598, 0.0 ], [ 73.1496433, 28.1547565, 0.0 ] ], [ [ 73.1495873, 28.1547557, 0.0 ], [ 73.1496104, 28.1547561, 0.0 ], [ 73.1496052, 28.1550593, 0.0 ], [ 73.1495821, 28.155059, 0.0 ], [ 73.1495873, 28.1547557, 0.0 ] ], [ [ 73.1496593, 28.1538254, 0.0 ], [ 73.1496824, 28.1538257, 0.0 ], [ 73.1496772, 28.1541289, 0.0 ], [ 73.1496541, 28.1541286, 0.0 ], [ 73.1496593, 28.1538254, 0.0 ] ], [ [ 73.1496033, 28.1538246, 0.0 ], [ 73.1496264, 28.1538249, 0.0 ], [ 73.1496212, 28.1541282, 0.0 ], [ 73.1495981, 28.1541279, 0.0 ], [ 73.1496033, 28.1538246, 0.0 ] ], [ [ 73.1496539, 28.154137, 0.0 ], [ 73.149677, 28.1541373, 0.0 ], [ 73.1496718, 28.1544406, 0.0 ], [ 73.1496487, 28.1544403, 0.0 ], [ 73.1496539, 28.154137, 0.0 ] ], [ [ 73.1495979, 28.1541363, 0.0 ], [ 73.1496211, 28.1541366, 0.0 ], [ 73.1496158, 28.1544399, 0.0 ], [ 73.1495927, 28.1544395, 0.0 ], [ 73.1495979, 28.1541363, 0.0 ] ], [ [ 73.1496699, 28.1532059, 0.0 ], [ 73.1496931, 28.1532062, 0.0 ], [ 73.1496878, 28.1535095, 0.0 ], [ 73.1496647, 28.1535092, 0.0 ], [ 73.1496699, 28.1532059, 0.0 ] ], [ [ 73.1496139, 28.1532051, 0.0 ], [ 73.1496371, 28.1532054, 0.0 ], [ 73.1496319, 28.1535087, 0.0 ], [ 73.1496087, 28.1535084, 0.0 ], [ 73.1496139, 28.1532051, 0.0 ] ], [ [ 73.1496646, 28.1535176, 0.0 ], [ 73.1496877, 28.1535179, 0.0 ], [ 73.1496825, 28.1538212, 0.0 ], [ 73.1496594, 28.1538208, 0.0 ], [ 73.1496646, 28.1535176, 0.0 ] ], [ [ 73.1496086, 28.1535168, 0.0 ], [ 73.1496317, 28.1535171, 0.0 ], [ 73.1496265, 28.1538204, 0.0 ], [ 73.1496034, 28.1538201, 0.0 ], [ 73.1496086, 28.1535168, 0.0 ] ], [ [ 73.1495366, 28.1544433, 0.0 ], [ 73.1495598, 28.1544436, 0.0 ], [ 73.1495546, 28.1547469, 0.0 ], [ 73.1495314, 28.1547466, 0.0 ], [ 73.1495366, 28.1544433, 0.0 ] ], [ [ 73.1494807, 28.1544425, 0.0 ], [ 73.1495038, 28.1544429, 0.0 ], [ 73.1494986, 28.1547461, 0.0 ], [ 73.1494754, 28.1547458, 0.0 ], [ 73.1494807, 28.1544425, 0.0 ] ], [ [ 73.1495313, 28.154755, 0.0 ], [ 73.1495544, 28.1547553, 0.0 ], [ 73.1495492, 28.1550586, 0.0 ], [ 73.1495261, 28.1550583, 0.0 ], [ 73.1495313, 28.154755, 0.0 ] ], [ [ 73.1494753, 28.1547542, 0.0 ], [ 73.1494984, 28.1547545, 0.0 ], [ 73.1494932, 28.1550578, 0.0 ], [ 73.1494701, 28.1550575, 0.0 ], [ 73.1494753, 28.1547542, 0.0 ] ], [ [ 73.1495473, 28.1538238, 0.0 ], [ 73.1495704, 28.1538241, 0.0 ], [ 73.1495652, 28.1541274, 0.0 ], [ 73.1495421, 28.1541271, 0.0 ], [ 73.1495473, 28.1538238, 0.0 ] ], [ [ 73.1494913, 28.1538231, 0.0 ], [ 73.1495144, 28.1538234, 0.0 ], [ 73.1495092, 28.1541267, 0.0 ], [ 73.1494861, 28.1541263, 0.0 ], [ 73.1494913, 28.1538231, 0.0 ] ], [ [ 73.1495419, 28.1541355, 0.0 ], [ 73.1495651, 28.1541358, 0.0 ], [ 73.1495599, 28.1544391, 0.0 ], [ 73.1495367, 28.1544388, 0.0 ], [ 73.1495419, 28.1541355, 0.0 ] ], [ [ 73.149486, 28.1541348, 0.0 ], [ 73.1495091, 28.1541351, 0.0 ], [ 73.1495039, 28.1544383, 0.0 ], [ 73.1494807, 28.154438, 0.0 ], [ 73.149486, 28.1541348, 0.0 ] ], [ [ 73.149558, 28.1532044, 0.0 ], [ 73.1495811, 28.1532047, 0.0 ], [ 73.1495759, 28.153508, 0.0 ], [ 73.1495527, 28.1535076, 0.0 ], [ 73.149558, 28.1532044, 0.0 ] ], [ [ 73.149502, 28.1532036, 0.0 ], [ 73.1495251, 28.1532039, 0.0 ], [ 73.1495199, 28.1535072, 0.0 ], [ 73.1494968, 28.1535069, 0.0 ], [ 73.149502, 28.1532036, 0.0 ] ], [ [ 73.1495526, 28.1535161, 0.0 ], [ 73.1495757, 28.1535164, 0.0 ], [ 73.1495705, 28.1538196, 0.0 ], [ 73.1495474, 28.1538193, 0.0 ], [ 73.1495526, 28.1535161, 0.0 ] ], [ [ 73.1494966, 28.1535153, 0.0 ], [ 73.1495197, 28.1535156, 0.0 ], [ 73.1495145, 28.1538189, 0.0 ], [ 73.1494914, 28.1538186, 0.0 ], [ 73.1494966, 28.1535153, 0.0 ] ], [ [ 73.149382, 28.1569197, 0.0 ], [ 73.1494052, 28.15692, 0.0 ], [ 73.1494, 28.1572232, 0.0 ], [ 73.1493768, 28.1572229, 0.0 ], [ 73.149382, 28.1569197, 0.0 ] ], [ [ 73.1493261, 28.1569189, 0.0 ], [ 73.1493492, 28.1569192, 0.0 ], [ 73.149344, 28.1572225, 0.0 ], [ 73.1493208, 28.1572222, 0.0 ], [ 73.1493261, 28.1569189, 0.0 ] ], [ [ 73.1493767, 28.1572313, 0.0 ], [ 73.1493998, 28.1572317, 0.0 ], [ 73.1493946, 28.1575349, 0.0 ], [ 73.1493715, 28.1575346, 0.0 ], [ 73.1493767, 28.1572313, 0.0 ] ], [ [ 73.1493207, 28.1572306, 0.0 ], [ 73.1493438, 28.1572309, 0.0 ], [ 73.1493386, 28.1575342, 0.0 ], [ 73.1493155, 28.1575339, 0.0 ], [ 73.1493207, 28.1572306, 0.0 ] ], [ [ 73.1493927, 28.1563002, 0.0 ], [ 73.1494158, 28.1563005, 0.0 ], [ 73.1494106, 28.1566038, 0.0 ], [ 73.1493875, 28.1566035, 0.0 ], [ 73.1493927, 28.1563002, 0.0 ] ], [ [ 73.1493367, 28.1562994, 0.0 ], [ 73.1493598, 28.1562997, 0.0 ], [ 73.1493546, 28.156603, 0.0 ], [ 73.1493315, 28.1566027, 0.0 ], [ 73.1493367, 28.1562994, 0.0 ] ], [ [ 73.1493873, 28.1566119, 0.0 ], [ 73.1494105, 28.1566122, 0.0 ], [ 73.1494052, 28.1569155, 0.0 ], [ 73.1493821, 28.1569151, 0.0 ], [ 73.1493873, 28.1566119, 0.0 ] ], [ [ 73.1493313, 28.1566111, 0.0 ], [ 73.1493545, 28.1566114, 0.0 ], [ 73.1493493, 28.1569147, 0.0 ], [ 73.1493261, 28.1569144, 0.0 ], [ 73.1493313, 28.1566111, 0.0 ] ], [ [ 73.1494034, 28.1556807, 0.0 ], [ 73.1494265, 28.155681, 0.0 ], [ 73.1494213, 28.1559843, 0.0 ], [ 73.1493981, 28.155984, 0.0 ], [ 73.1494034, 28.1556807, 0.0 ] ], [ [ 73.1493474, 28.15568, 0.0 ], [ 73.1493705, 28.1556803, 0.0 ], [ 73.1493653, 28.1559835, 0.0 ], [ 73.1493421, 28.1559832, 0.0 ], [ 73.1493474, 28.15568, 0.0 ] ], [ [ 73.149398, 28.1559924, 0.0 ], [ 73.1494211, 28.1559927, 0.0 ], [ 73.1494159, 28.156296, 0.0 ], [ 73.1493928, 28.1562957, 0.0 ], [ 73.149398, 28.1559924, 0.0 ] ], [ [ 73.149342, 28.1559917, 0.0 ], [ 73.1493651, 28.155992, 0.0 ], [ 73.1493599, 28.1562952, 0.0 ], [ 73.1493368, 28.1562949, 0.0 ], [ 73.149342, 28.1559917, 0.0 ] ], [ [ 73.1494228, 28.1545501, 0.0 ], [ 73.1494459, 28.1545504, 0.0 ], [ 73.1494407, 28.1548536, 0.0 ], [ 73.1494176, 28.1548533, 0.0 ], [ 73.1494228, 28.1545501, 0.0 ] ], [ [ 73.1493668, 28.1545493, 0.0 ], [ 73.1493899, 28.1545496, 0.0 ], [ 73.1493847, 28.1548529, 0.0 ], [ 73.1493616, 28.1548526, 0.0 ], [ 73.1493668, 28.1545493, 0.0 ] ], [ [ 73.1494174, 28.1548617, 0.0 ], [ 73.1494406, 28.1548621, 0.0 ], [ 73.1494354, 28.1551653, 0.0 ], [ 73.1494122, 28.155165, 0.0 ], [ 73.1494174, 28.1548617, 0.0 ] ], [ [ 73.1493615, 28.154861, 0.0 ], [ 73.1493846, 28.1548613, 0.0 ], [ 73.1493794, 28.1551646, 0.0 ], [ 73.1493562, 28.1551643, 0.0 ], [ 73.1493615, 28.154861, 0.0 ] ], [ [ 73.1494335, 28.1539306, 0.0 ], [ 73.1494566, 28.1539309, 0.0 ], [ 73.1494514, 28.1542342, 0.0 ], [ 73.1494282, 28.1542339, 0.0 ], [ 73.1494335, 28.1539306, 0.0 ] ], [ [ 73.1493775, 28.1539298, 0.0 ], [ 73.1494006, 28.1539301, 0.0 ], [ 73.1493954, 28.1542334, 0.0 ], [ 73.1493723, 28.1542331, 0.0 ], [ 73.1493775, 28.1539298, 0.0 ] ], [ [ 73.1494281, 28.1542423, 0.0 ], [ 73.1494512, 28.1542426, 0.0 ], [ 73.149446, 28.1545459, 0.0 ], [ 73.1494229, 28.1545455, 0.0 ], [ 73.1494281, 28.1542423, 0.0 ] ], [ [ 73.1493721, 28.1542415, 0.0 ], [ 73.1493952, 28.1542418, 0.0 ], [ 73.14939, 28.1545451, 0.0 ], [ 73.1493669, 28.1545448, 0.0 ], [ 73.1493721, 28.1542415, 0.0 ] ], [ [ 73.1494441, 28.1533111, 0.0 ], [ 73.1494672, 28.1533114, 0.0 ], [ 73.149462, 28.1536147, 0.0 ], [ 73.1494389, 28.1536144, 0.0 ], [ 73.1494441, 28.1533111, 0.0 ] ], [ [ 73.1493881, 28.1533104, 0.0 ], [ 73.1494113, 28.1533107, 0.0 ], [ 73.149406, 28.153614, 0.0 ], [ 73.1493829, 28.1536136, 0.0 ], [ 73.1493881, 28.1533104, 0.0 ] ], [ [ 73.1494388, 28.1536228, 0.0 ], [ 73.1494619, 28.1536231, 0.0 ], [ 73.1494567, 28.1539264, 0.0 ], [ 73.1494335, 28.1539261, 0.0 ], [ 73.1494388, 28.1536228, 0.0 ] ], [ [ 73.1493828, 28.1536221, 0.0 ], [ 73.1494059, 28.1536224, 0.0 ], [ 73.1494007, 28.1539256, 0.0 ], [ 73.1493776, 28.1539253, 0.0 ], [ 73.1493828, 28.1536221, 0.0 ] ], [ [ 73.1492594, 28.1575376, 0.0 ], [ 73.1492825, 28.1575379, 0.0 ], [ 73.1492773, 28.1578412, 0.0 ], [ 73.1492542, 28.1578409, 0.0 ], [ 73.1492594, 28.1575376, 0.0 ] ], [ [ 73.1492034, 28.1575369, 0.0 ], [ 73.1492265, 28.1575372, 0.0 ], [ 73.1492213, 28.1578404, 0.0 ], [ 73.1491982, 28.1578401, 0.0 ], [ 73.1492034, 28.1575369, 0.0 ] ], [ [ 73.149254, 28.1578493, 0.0 ], [ 73.1492772, 28.1578496, 0.0 ], [ 73.149272, 28.1581529, 0.0 ], [ 73.1492488, 28.1581526, 0.0 ], [ 73.149254, 28.1578493, 0.0 ] ], [ [ 73.1491981, 28.1578485, 0.0 ], [ 73.1492212, 28.1578489, 0.0 ], [ 73.149216, 28.1581521, 0.0 ], [ 73.1491928, 28.1581518, 0.0 ], [ 73.1491981, 28.1578485, 0.0 ] ], [ [ 73.1492701, 28.1569181, 0.0 ], [ 73.1492932, 28.1569185, 0.0 ], [ 73.149288, 28.1572217, 0.0 ], [ 73.1492648, 28.1572214, 0.0 ], [ 73.1492701, 28.1569181, 0.0 ] ], [ [ 73.1492141, 28.1569174, 0.0 ], [ 73.1492372, 28.1569177, 0.0 ], [ 73.149232, 28.157221, 0.0 ], [ 73.1492089, 28.1572207, 0.0 ], [ 73.1492141, 28.1569174, 0.0 ] ], [ [ 73.1492647, 28.1572298, 0.0 ], [ 73.1492878, 28.1572301, 0.0 ], [ 73.1492826, 28.1575334, 0.0 ], [ 73.1492595, 28.1575331, 0.0 ], [ 73.1492647, 28.1572298, 0.0 ] ], [ [ 73.1492087, 28.1572291, 0.0 ], [ 73.1492318, 28.1572294, 0.0 ], [ 73.1492266, 28.1575327, 0.0 ], [ 73.1492035, 28.1575323, 0.0 ], [ 73.1492087, 28.1572291, 0.0 ] ], [ [ 73.1492807, 28.1562987, 0.0 ], [ 73.1493038, 28.156299, 0.0 ], [ 73.1492986, 28.1566023, 0.0 ], [ 73.1492755, 28.1566019, 0.0 ], [ 73.1492807, 28.1562987, 0.0 ] ], [ [ 73.1492247, 28.1562979, 0.0 ], [ 73.1492479, 28.1562982, 0.0 ], [ 73.1492426, 28.1566015, 0.0 ], [ 73.1492195, 28.1566012, 0.0 ], [ 73.1492247, 28.1562979, 0.0 ] ], [ [ 73.1492754, 28.1566104, 0.0 ], [ 73.1492985, 28.1566107, 0.0 ], [ 73.1492933, 28.1569139, 0.0 ], [ 73.1492701, 28.1569136, 0.0 ], [ 73.1492754, 28.1566104, 0.0 ] ], [ [ 73.1492194, 28.1566096, 0.0 ], [ 73.1492425, 28.1566099, 0.0 ], [ 73.1492373, 28.1569132, 0.0 ], [ 73.1492141, 28.1569129, 0.0 ], [ 73.1492194, 28.1566096, 0.0 ] ], [ [ 73.1492914, 28.1556792, 0.0 ], [ 73.1493145, 28.1556795, 0.0 ], [ 73.1493093, 28.1559828, 0.0 ], [ 73.1492862, 28.1559825, 0.0 ], [ 73.1492914, 28.1556792, 0.0 ] ], [ [ 73.1492354, 28.1556785, 0.0 ], [ 73.1492585, 28.1556788, 0.0 ], [ 73.1492533, 28.155982, 0.0 ], [ 73.1492302, 28.1559817, 0.0 ], [ 73.1492354, 28.1556785, 0.0 ] ], [ [ 73.149286, 28.1559909, 0.0 ], [ 73.1493091, 28.1559912, 0.0 ], [ 73.1493039, 28.1562945, 0.0 ], [ 73.1492808, 28.1562942, 0.0 ], [ 73.149286, 28.1559909, 0.0 ] ], [ [ 73.14923, 28.1559901, 0.0 ], [ 73.1492532, 28.1559905, 0.0 ], [ 73.1492479, 28.1562937, 0.0 ], [ 73.1492248, 28.1562934, 0.0 ], [ 73.14923, 28.1559901, 0.0 ] ], [ [ 73.1493108, 28.1545485, 0.0 ], [ 73.149334, 28.1545489, 0.0 ], [ 73.1493287, 28.1548521, 0.0 ], [ 73.1493056, 28.1548518, 0.0 ], [ 73.1493108, 28.1545485, 0.0 ] ], [ [ 73.1492548, 28.1545478, 0.0 ], [ 73.149278, 28.1545481, 0.0 ], [ 73.1492728, 28.1548514, 0.0 ], [ 73.1492496, 28.1548511, 0.0 ], [ 73.1492548, 28.1545478, 0.0 ] ], [ [ 73.1493055, 28.1548602, 0.0 ], [ 73.1493286, 28.1548605, 0.0 ], [ 73.1493234, 28.1551638, 0.0 ], [ 73.1493002, 28.1551635, 0.0 ], [ 73.1493055, 28.1548602, 0.0 ] ], [ [ 73.1492495, 28.1548595, 0.0 ], [ 73.1492726, 28.1548598, 0.0 ], [ 73.1492674, 28.1551631, 0.0 ], [ 73.1492443, 28.1551627, 0.0 ], [ 73.1492495, 28.1548595, 0.0 ] ], [ [ 73.1493215, 28.1539291, 0.0 ], [ 73.1493446, 28.1539294, 0.0 ], [ 73.1493394, 28.1542327, 0.0 ], [ 73.1493163, 28.1542323, 0.0 ], [ 73.1493215, 28.1539291, 0.0 ] ], [ [ 73.1492655, 28.1539283, 0.0 ], [ 73.1492886, 28.1539286, 0.0 ], [ 73.1492834, 28.1542319, 0.0 ], [ 73.1492603, 28.1542316, 0.0 ], [ 73.1492655, 28.1539283, 0.0 ] ], [ [ 73.1493161, 28.1542408, 0.0 ], [ 73.1493393, 28.1542411, 0.0 ], [ 73.149334, 28.1545443, 0.0 ], [ 73.1493109, 28.154544, 0.0 ], [ 73.1493161, 28.1542408, 0.0 ] ], [ [ 73.1492601, 28.15424, 0.0 ], [ 73.1492833, 28.1542403, 0.0 ], [ 73.149278, 28.1545436, 0.0 ], [ 73.1492549, 28.1545433, 0.0 ], [ 73.1492601, 28.15424, 0.0 ] ], [ [ 73.1493321, 28.1533096, 0.0 ], [ 73.1493553, 28.1533099, 0.0 ], [ 73.1493501, 28.1536132, 0.0 ], [ 73.1493269, 28.1536129, 0.0 ], [ 73.1493321, 28.1533096, 0.0 ] ], [ [ 73.1492762, 28.1533089, 0.0 ], [ 73.1492993, 28.1533092, 0.0 ], [ 73.1492941, 28.1536124, 0.0 ], [ 73.1492709, 28.1536121, 0.0 ], [ 73.1492762, 28.1533089, 0.0 ] ], [ [ 73.1493268, 28.1536213, 0.0 ], [ 73.1493499, 28.1536216, 0.0 ], [ 73.1493447, 28.1539249, 0.0 ], [ 73.1493216, 28.1539246, 0.0 ], [ 73.1493268, 28.1536213, 0.0 ] ], [ [ 73.1492708, 28.1536205, 0.0 ], [ 73.1492939, 28.1536209, 0.0 ], [ 73.1492887, 28.1539241, 0.0 ], [ 73.1492656, 28.1539238, 0.0 ], [ 73.1492708, 28.1536205, 0.0 ] ], [ [ 73.1491581, 28.1569166, 0.0 ], [ 73.1491812, 28.1569169, 0.0 ], [ 73.149176, 28.1572202, 0.0 ], [ 73.1491529, 28.1572199, 0.0 ], [ 73.1491581, 28.1569166, 0.0 ] ], [ [ 73.1491021, 28.1569159, 0.0 ], [ 73.1491252, 28.1569162, 0.0 ], [ 73.14912, 28.1572195, 0.0 ], [ 73.1490969, 28.1572191, 0.0 ], [ 73.1491021, 28.1569159, 0.0 ] ], [ [ 73.1491527, 28.1572283, 0.0 ], [ 73.1491758, 28.1572286, 0.0 ], [ 73.1491706, 28.1575319, 0.0 ], [ 73.1491475, 28.1575316, 0.0 ], [ 73.1491527, 28.1572283, 0.0 ] ], [ [ 73.1490967, 28.1572276, 0.0 ], [ 73.1491199, 28.1572279, 0.0 ], [ 73.1491146, 28.1575311, 0.0 ], [ 73.1490915, 28.1575308, 0.0 ], [ 73.1490967, 28.1572276, 0.0 ] ], [ [ 73.1491687, 28.1562972, 0.0 ], [ 73.1491919, 28.1562975, 0.0 ], [ 73.1491867, 28.1566007, 0.0 ], [ 73.1491635, 28.1566004, 0.0 ], [ 73.1491687, 28.1562972, 0.0 ] ], [ [ 73.1491127, 28.1562964, 0.0 ], [ 73.1491359, 28.1562967, 0.0 ], [ 73.1491307, 28.1566, 0.0 ], [ 73.1491075, 28.1565997, 0.0 ], [ 73.1491127, 28.1562964, 0.0 ] ], [ [ 73.1491634, 28.1566089, 0.0 ], [ 73.1491865, 28.1566092, 0.0 ], [ 73.1491813, 28.1569124, 0.0 ], [ 73.1491582, 28.1569121, 0.0 ], [ 73.1491634, 28.1566089, 0.0 ] ], [ [ 73.1491074, 28.1566081, 0.0 ], [ 73.1491305, 28.1566084, 0.0 ], [ 73.1491253, 28.1569117, 0.0 ], [ 73.1491022, 28.1569114, 0.0 ], [ 73.1491074, 28.1566081, 0.0 ] ], [ [ 73.1491988, 28.154547, 0.0 ], [ 73.149222, 28.1545473, 0.0 ], [ 73.1492168, 28.1548506, 0.0 ], [ 73.1491936, 28.1548503, 0.0 ], [ 73.1491988, 28.154547, 0.0 ] ], [ [ 73.1491429, 28.1545463, 0.0 ], [ 73.149166, 28.1545466, 0.0 ], [ 73.1491608, 28.1548499, 0.0 ], [ 73.1491376, 28.1548495, 0.0 ], [ 73.1491429, 28.1545463, 0.0 ] ], [ [ 73.1491935, 28.1548587, 0.0 ], [ 73.1492166, 28.154859, 0.0 ], [ 73.1492114, 28.1551623, 0.0 ], [ 73.1491883, 28.155162, 0.0 ], [ 73.1491935, 28.1548587, 0.0 ] ], [ [ 73.1491375, 28.154858, 0.0 ], [ 73.1491606, 28.1548583, 0.0 ], [ 73.1491554, 28.1551615, 0.0 ], [ 73.1491323, 28.1551612, 0.0 ], [ 73.1491375, 28.154858, 0.0 ] ], [ [ 73.1492095, 28.1539276, 0.0 ], [ 73.1492326, 28.1539279, 0.0 ], [ 73.1492274, 28.1542311, 0.0 ], [ 73.1492043, 28.1542308, 0.0 ], [ 73.1492095, 28.1539276, 0.0 ] ], [ [ 73.1491535, 28.1539268, 0.0 ], [ 73.1491766, 28.1539271, 0.0 ], [ 73.1491714, 28.1542304, 0.0 ], [ 73.1491483, 28.1542301, 0.0 ], [ 73.1491535, 28.1539268, 0.0 ] ], [ [ 73.1492041, 28.1542393, 0.0 ], [ 73.1492273, 28.1542396, 0.0 ], [ 73.1492221, 28.1545428, 0.0 ], [ 73.1491989, 28.1545425, 0.0 ], [ 73.1492041, 28.1542393, 0.0 ] ], [ [ 73.1491482, 28.1542385, 0.0 ], [ 73.1491713, 28.1542388, 0.0 ], [ 73.1491661, 28.1545421, 0.0 ], [ 73.1491429, 28.1545418, 0.0 ], [ 73.1491482, 28.1542385, 0.0 ] ], [ [ 73.1492202, 28.1533081, 0.0 ], [ 73.1492433, 28.1533084, 0.0 ], [ 73.1492381, 28.1536117, 0.0 ], [ 73.1492149, 28.1536114, 0.0 ], [ 73.1492202, 28.1533081, 0.0 ] ], [ [ 73.1491642, 28.1533073, 0.0 ], [ 73.1491873, 28.1533077, 0.0 ], [ 73.1491821, 28.1536109, 0.0 ], [ 73.149159, 28.1536106, 0.0 ], [ 73.1491642, 28.1533073, 0.0 ] ], [ [ 73.1492148, 28.1536198, 0.0 ], [ 73.1492379, 28.1536201, 0.0 ], [ 73.1492327, 28.1539234, 0.0 ], [ 73.1492096, 28.1539231, 0.0 ], [ 73.1492148, 28.1536198, 0.0 ] ], [ [ 73.1491588, 28.153619, 0.0 ], [ 73.1491819, 28.1536193, 0.0 ], [ 73.1491767, 28.1539226, 0.0 ], [ 73.1491536, 28.1539223, 0.0 ], [ 73.1491588, 28.153619, 0.0 ] ], [ [ 73.1490869, 28.1545455, 0.0 ], [ 73.14911, 28.1545458, 0.0 ], [ 73.1491048, 28.1548491, 0.0 ], [ 73.1490817, 28.1548488, 0.0 ], [ 73.1490869, 28.1545455, 0.0 ] ], [ [ 73.1490309, 28.1545448, 0.0 ], [ 73.149054, 28.1545451, 0.0 ], [ 73.1490488, 28.1548483, 0.0 ], [ 73.1490257, 28.154848, 0.0 ], [ 73.1490309, 28.1545448, 0.0 ] ], [ [ 73.1490815, 28.1548572, 0.0 ], [ 73.1491046, 28.1548575, 0.0 ], [ 73.1490994, 28.1551608, 0.0 ], [ 73.1490763, 28.1551605, 0.0 ], [ 73.1490815, 28.1548572, 0.0 ] ], [ [ 73.1490255, 28.1548564, 0.0 ], [ 73.1490486, 28.1548568, 0.0 ], [ 73.1490434, 28.15516, 0.0 ], [ 73.1490203, 28.1551597, 0.0 ], [ 73.1490255, 28.1548564, 0.0 ] ], [ [ 73.1490975, 28.1539261, 0.0 ], [ 73.1491207, 28.1539264, 0.0 ], [ 73.1491154, 28.1542296, 0.0 ], [ 73.1490923, 28.1542293, 0.0 ], [ 73.1490975, 28.1539261, 0.0 ] ], [ [ 73.1490415, 28.1539253, 0.0 ], [ 73.1490647, 28.1539256, 0.0 ], [ 73.1490595, 28.1542289, 0.0 ], [ 73.1490363, 28.1542286, 0.0 ], [ 73.1490415, 28.1539253, 0.0 ] ], [ [ 73.1490922, 28.1542377, 0.0 ], [ 73.1491153, 28.1542381, 0.0 ], [ 73.1491101, 28.1545413, 0.0 ], [ 73.1490869, 28.154541, 0.0 ], [ 73.1490922, 28.1542377, 0.0 ] ], [ [ 73.1490362, 28.154237, 0.0 ], [ 73.1490593, 28.1542373, 0.0 ], [ 73.1490541, 28.1545406, 0.0 ], [ 73.149031, 28.1545403, 0.0 ], [ 73.1490362, 28.154237, 0.0 ] ], [ [ 73.1491082, 28.1533066, 0.0 ], [ 73.1491313, 28.1533069, 0.0 ], [ 73.1491261, 28.1536102, 0.0 ], [ 73.149103, 28.1536099, 0.0 ], [ 73.1491082, 28.1533066, 0.0 ] ], [ [ 73.1490522, 28.1533058, 0.0 ], [ 73.1490753, 28.1533061, 0.0 ], [ 73.1490701, 28.1536094, 0.0 ], [ 73.149047, 28.1536091, 0.0 ], [ 73.1490522, 28.1533058, 0.0 ] ], [ [ 73.1491028, 28.1536183, 0.0 ], [ 73.149126, 28.1536186, 0.0 ], [ 73.1491207, 28.1539219, 0.0 ], [ 73.1490976, 28.1539215, 0.0 ], [ 73.1491028, 28.1536183, 0.0 ] ], [ [ 73.1490468, 28.1536175, 0.0 ], [ 73.14907, 28.1536178, 0.0 ], [ 73.1490647, 28.1539211, 0.0 ], [ 73.1490416, 28.1539208, 0.0 ], [ 73.1490468, 28.1536175, 0.0 ] ], [ [ 73.1489323, 28.1570219, 0.0 ], [ 73.1489554, 28.1570222, 0.0 ], [ 73.1489502, 28.1573255, 0.0 ], [ 73.148927, 28.1573251, 0.0 ], [ 73.1489323, 28.1570219, 0.0 ] ], [ [ 73.1488763, 28.1570211, 0.0 ], [ 73.1488994, 28.1570214, 0.0 ], [ 73.1488942, 28.1573247, 0.0 ], [ 73.148871, 28.1573244, 0.0 ], [ 73.1488763, 28.1570211, 0.0 ] ], [ [ 73.1489269, 28.1573336, 0.0 ], [ 73.14895, 28.1573339, 0.0 ], [ 73.1489448, 28.1576371, 0.0 ], [ 73.1489217, 28.1576368, 0.0 ], [ 73.1489269, 28.1573336, 0.0 ] ], [ [ 73.1488709, 28.1573328, 0.0 ], [ 73.148894, 28.1573331, 0.0 ], [ 73.1488888, 28.1576364, 0.0 ], [ 73.1488657, 28.1576361, 0.0 ], [ 73.1488709, 28.1573328, 0.0 ] ], [ [ 73.1489429, 28.1564024, 0.0 ], [ 73.148966, 28.1564027, 0.0 ], [ 73.1489608, 28.156706, 0.0 ], [ 73.1489377, 28.1567057, 0.0 ], [ 73.1489429, 28.1564024, 0.0 ] ], [ [ 73.1488869, 28.1564016, 0.0 ], [ 73.1489101, 28.156402, 0.0 ], [ 73.1489048, 28.1567052, 0.0 ], [ 73.1488817, 28.1567049, 0.0 ], [ 73.1488869, 28.1564016, 0.0 ] ], [ [ 73.1489376, 28.1567141, 0.0 ], [ 73.1489607, 28.1567144, 0.0 ], [ 73.1489555, 28.1570177, 0.0 ], [ 73.1489323, 28.1570174, 0.0 ], [ 73.1489376, 28.1567141, 0.0 ] ], [ [ 73.1488816, 28.1567133, 0.0 ], [ 73.1489047, 28.1567136, 0.0 ], [ 73.1488995, 28.1570169, 0.0 ], [ 73.1488763, 28.1570166, 0.0 ], [ 73.1488816, 28.1567133, 0.0 ] ], [ [ 73.1489536, 28.1557829, 0.0 ], [ 73.1489767, 28.1557833, 0.0 ], [ 73.1489715, 28.1560865, 0.0 ], [ 73.1489484, 28.1560862, 0.0 ], [ 73.1489536, 28.1557829, 0.0 ] ], [ [ 73.1488976, 28.1557822, 0.0 ], [ 73.1489207, 28.1557825, 0.0 ], [ 73.1489155, 28.1560858, 0.0 ], [ 73.1488924, 28.1560855, 0.0 ], [ 73.1488976, 28.1557822, 0.0 ] ], [ [ 73.1489482, 28.1560946, 0.0 ], [ 73.1489713, 28.1560949, 0.0 ], [ 73.1489661, 28.1563982, 0.0 ], [ 73.148943, 28.1563979, 0.0 ], [ 73.1489482, 28.1560946, 0.0 ] ], [ [ 73.1488922, 28.1560939, 0.0 ], [ 73.1489154, 28.1560942, 0.0 ], [ 73.1489101, 28.1563975, 0.0 ], [ 73.148887, 28.1563971, 0.0 ], [ 73.1488922, 28.1560939, 0.0 ] ], [ [ 73.1489749, 28.154544, 0.0 ], [ 73.148998, 28.1545443, 0.0 ], [ 73.1489928, 28.1548476, 0.0 ], [ 73.1489697, 28.1548473, 0.0 ], [ 73.1489749, 28.154544, 0.0 ] ], [ [ 73.1489189, 28.1545432, 0.0 ], [ 73.148942, 28.1545436, 0.0 ], [ 73.1489368, 28.1548468, 0.0 ], [ 73.1489137, 28.1548465, 0.0 ], [ 73.1489189, 28.1545432, 0.0 ] ], [ [ 73.1489695, 28.1548557, 0.0 ], [ 73.1489927, 28.154856, 0.0 ], [ 73.1489874, 28.1551593, 0.0 ], [ 73.1489643, 28.155159, 0.0 ], [ 73.1489695, 28.1548557, 0.0 ] ], [ [ 73.1489135, 28.1548549, 0.0 ], [ 73.1489367, 28.1548552, 0.0 ], [ 73.1489315, 28.1551585, 0.0 ], [ 73.1489083, 28.1551582, 0.0 ], [ 73.1489135, 28.1548549, 0.0 ] ], [ [ 73.1489856, 28.1539245, 0.0 ], [ 73.1490087, 28.1539249, 0.0 ], [ 73.1490035, 28.1542281, 0.0 ], [ 73.1489803, 28.1542278, 0.0 ], [ 73.1489856, 28.1539245, 0.0 ] ], [ [ 73.1489296, 28.1539238, 0.0 ], [ 73.1489527, 28.1539241, 0.0 ], [ 73.1489475, 28.1542274, 0.0 ], [ 73.1489243, 28.1542271, 0.0 ], [ 73.1489296, 28.1539238, 0.0 ] ], [ [ 73.1489802, 28.1542362, 0.0 ], [ 73.1490033, 28.1542365, 0.0 ], [ 73.1489981, 28.1545398, 0.0 ], [ 73.148975, 28.1545395, 0.0 ], [ 73.1489802, 28.1542362, 0.0 ] ], [ [ 73.1489242, 28.1542355, 0.0 ], [ 73.1489473, 28.1542358, 0.0 ], [ 73.1489421, 28.1545391, 0.0 ], [ 73.148919, 28.1545387, 0.0 ], [ 73.1489242, 28.1542355, 0.0 ] ], [ [ 73.1489962, 28.1533051, 0.0 ], [ 73.1490193, 28.1533054, 0.0 ], [ 73.1490141, 28.1536087, 0.0 ], [ 73.148991, 28.1536083, 0.0 ], [ 73.1489962, 28.1533051, 0.0 ] ], [ [ 73.1489402, 28.1533043, 0.0 ], [ 73.1489633, 28.1533046, 0.0 ], [ 73.1489581, 28.1536079, 0.0 ], [ 73.148935, 28.1536076, 0.0 ], [ 73.1489402, 28.1533043, 0.0 ] ], [ [ 73.1489908, 28.1536168, 0.0 ], [ 73.149014, 28.1536171, 0.0 ], [ 73.1490088, 28.1539203, 0.0 ], [ 73.1489856, 28.15392, 0.0 ], [ 73.1489908, 28.1536168, 0.0 ] ], [ [ 73.1489349, 28.153616, 0.0 ], [ 73.148958, 28.1536163, 0.0 ], [ 73.1489528, 28.1539196, 0.0 ], [ 73.1489296, 28.1539193, 0.0 ], [ 73.1489349, 28.153616, 0.0 ] ], [ [ 73.1488203, 28.1570204, 0.0 ], [ 73.1488434, 28.1570207, 0.0 ], [ 73.1488382, 28.1573239, 0.0 ], [ 73.1488151, 28.1573236, 0.0 ], [ 73.1488203, 28.1570204, 0.0 ] ], [ [ 73.1487643, 28.1570196, 0.0 ], [ 73.1487874, 28.1570199, 0.0 ], [ 73.1487822, 28.1573232, 0.0 ], [ 73.1487591, 28.1573229, 0.0 ], [ 73.1487643, 28.1570196, 0.0 ] ], [ [ 73.1488149, 28.157332, 0.0 ], [ 73.148838, 28.1573324, 0.0 ], [ 73.1488328, 28.1576356, 0.0 ], [ 73.1488097, 28.1576353, 0.0 ], [ 73.1488149, 28.157332, 0.0 ] ], [ [ 73.1487589, 28.1573313, 0.0 ], [ 73.1487821, 28.1573316, 0.0 ], [ 73.1487768, 28.1576349, 0.0 ], [ 73.1487537, 28.1576346, 0.0 ], [ 73.1487589, 28.1573313, 0.0 ] ], [ [ 73.1488309, 28.1564009, 0.0 ], [ 73.1488541, 28.1564012, 0.0 ], [ 73.1488488, 28.1567045, 0.0 ], [ 73.1488257, 28.1567042, 0.0 ], [ 73.1488309, 28.1564009, 0.0 ] ], [ [ 73.1487749, 28.1564001, 0.0 ], [ 73.1487981, 28.1564004, 0.0 ], [ 73.1487929, 28.1567037, 0.0 ], [ 73.1487697, 28.1567034, 0.0 ], [ 73.1487749, 28.1564001, 0.0 ] ], [ [ 73.1488256, 28.1567126, 0.0 ], [ 73.1488487, 28.1567129, 0.0 ], [ 73.1488435, 28.1570162, 0.0 ], [ 73.1488204, 28.1570158, 0.0 ], [ 73.1488256, 28.1567126, 0.0 ] ], [ [ 73.1487696, 28.1567118, 0.0 ], [ 73.1487927, 28.1567121, 0.0 ], [ 73.1487875, 28.1570154, 0.0 ], [ 73.1487644, 28.1570151, 0.0 ], [ 73.1487696, 28.1567118, 0.0 ] ], [ [ 73.1488416, 28.1557814, 0.0 ], [ 73.1488647, 28.1557817, 0.0 ], [ 73.1488595, 28.156085, 0.0 ], [ 73.1488364, 28.1560847, 0.0 ], [ 73.1488416, 28.1557814, 0.0 ] ], [ [ 73.1487856, 28.1557807, 0.0 ], [ 73.1488087, 28.155781, 0.0 ], [ 73.1488035, 28.1560843, 0.0 ], [ 73.1487804, 28.1560839, 0.0 ], [ 73.1487856, 28.1557807, 0.0 ] ], [ [ 73.1488362, 28.1560931, 0.0 ], [ 73.1488594, 28.1560934, 0.0 ], [ 73.1488541, 28.1563967, 0.0 ], [ 73.148831, 28.1563964, 0.0 ], [ 73.1488362, 28.1560931, 0.0 ] ], [ [ 73.1487802, 28.1560924, 0.0 ], [ 73.1488034, 28.1560927, 0.0 ], [ 73.1487982, 28.1563959, 0.0 ], [ 73.148775, 28.1563956, 0.0 ], [ 73.1487802, 28.1560924, 0.0 ] ], [ [ 73.1488523, 28.155162, 0.0 ], [ 73.1488754, 28.1551623, 0.0 ], [ 73.1488702, 28.1554655, 0.0 ], [ 73.148847, 28.1554652, 0.0 ], [ 73.1488523, 28.155162, 0.0 ] ], [ [ 73.1487963, 28.1551612, 0.0 ], [ 73.1488194, 28.1551615, 0.0 ], [ 73.1488142, 28.1554648, 0.0 ], [ 73.148791, 28.1554645, 0.0 ], [ 73.1487963, 28.1551612, 0.0 ] ], [ [ 73.1488469, 28.1554736, 0.0 ], [ 73.14887, 28.155474, 0.0 ], [ 73.1488648, 28.1557772, 0.0 ], [ 73.1488417, 28.1557769, 0.0 ], [ 73.1488469, 28.1554736, 0.0 ] ], [ [ 73.1487909, 28.1554729, 0.0 ], [ 73.148814, 28.1554732, 0.0 ], [ 73.1488088, 28.1557765, 0.0 ], [ 73.1487857, 28.1557762, 0.0 ], [ 73.1487909, 28.1554729, 0.0 ] ], [ [ 73.1488629, 28.1545425, 0.0 ], [ 73.148886, 28.1545428, 0.0 ], [ 73.1488808, 28.1548461, 0.0 ], [ 73.1488577, 28.1548458, 0.0 ], [ 73.1488629, 28.1545425, 0.0 ] ], [ [ 73.1488069, 28.1545417, 0.0 ], [ 73.1488301, 28.154542, 0.0 ], [ 73.1488248, 28.1548453, 0.0 ], [ 73.1488017, 28.154845, 0.0 ], [ 73.1488069, 28.1545417, 0.0 ] ], [ [ 73.1488576, 28.1548542, 0.0 ], [ 73.1488807, 28.1548545, 0.0 ], [ 73.1488755, 28.1551578, 0.0 ], [ 73.1488523, 28.1551574, 0.0 ], [ 73.1488576, 28.1548542, 0.0 ] ], [ [ 73.1488016, 28.1548534, 0.0 ], [ 73.1488247, 28.1548537, 0.0 ], [ 73.1488195, 28.155157, 0.0 ], [ 73.1487963, 28.1551567, 0.0 ], [ 73.1488016, 28.1548534, 0.0 ] ], [ [ 73.1488736, 28.153923, 0.0 ], [ 73.1488967, 28.1539233, 0.0 ], [ 73.1488915, 28.1542266, 0.0 ], [ 73.1488684, 28.1542263, 0.0 ], [ 73.1488736, 28.153923, 0.0 ] ], [ [ 73.1488176, 28.1539223, 0.0 ], [ 73.1488407, 28.1539226, 0.0 ], [ 73.1488355, 28.1542259, 0.0 ], [ 73.1488124, 28.1542255, 0.0 ], [ 73.1488176, 28.1539223, 0.0 ] ], [ [ 73.1488682, 28.1542347, 0.0 ], [ 73.1488913, 28.154235, 0.0 ], [ 73.1488861, 28.1545383, 0.0 ], [ 73.148863, 28.154538, 0.0 ], [ 73.1488682, 28.1542347, 0.0 ] ], [ [ 73.1488122, 28.154234, 0.0 ], [ 73.1488354, 28.1542343, 0.0 ], [ 73.1488301, 28.1545375, 0.0 ], [ 73.148807, 28.1545372, 0.0 ], [ 73.1488122, 28.154234, 0.0 ] ], [ [ 73.1488842, 28.1533036, 0.0 ], [ 73.1489074, 28.1533039, 0.0 ], [ 73.1489021, 28.1536071, 0.0 ], [ 73.148879, 28.1536068, 0.0 ], [ 73.1488842, 28.1533036, 0.0 ] ], [ [ 73.1488282, 28.1533028, 0.0 ], [ 73.1488514, 28.1533031, 0.0 ], [ 73.1488462, 28.1536064, 0.0 ], [ 73.148823, 28.1536061, 0.0 ], [ 73.1488282, 28.1533028, 0.0 ] ], [ [ 73.1488789, 28.1536152, 0.0 ], [ 73.148902, 28.1536156, 0.0 ], [ 73.1488968, 28.1539188, 0.0 ], [ 73.1488737, 28.1539185, 0.0 ], [ 73.1488789, 28.1536152, 0.0 ] ], [ [ 73.1488229, 28.1536145, 0.0 ], [ 73.148846, 28.1536148, 0.0 ], [ 73.1488408, 28.1539181, 0.0 ], [ 73.1488177, 28.1539178, 0.0 ], [ 73.1488229, 28.1536145, 0.0 ] ], [ [ 73.1487083, 28.1570188, 0.0 ], [ 73.1487314, 28.1570192, 0.0 ], [ 73.1487262, 28.1573224, 0.0 ], [ 73.1487031, 28.1573221, 0.0 ], [ 73.1487083, 28.1570188, 0.0 ] ], [ [ 73.1486523, 28.1570181, 0.0 ], [ 73.1486754, 28.1570184, 0.0 ], [ 73.1486702, 28.1573217, 0.0 ], [ 73.1486471, 28.1573214, 0.0 ], [ 73.1486523, 28.1570181, 0.0 ] ], [ [ 73.1487029, 28.1573305, 0.0 ], [ 73.1487261, 28.1573308, 0.0 ], [ 73.1487208, 28.1576341, 0.0 ], [ 73.1486977, 28.1576338, 0.0 ], [ 73.1487029, 28.1573305, 0.0 ] ], [ [ 73.1486469, 28.1573298, 0.0 ], [ 73.1486701, 28.1573301, 0.0 ], [ 73.1486649, 28.1576334, 0.0 ], [ 73.1486417, 28.157633, 0.0 ], [ 73.1486469, 28.1573298, 0.0 ] ], [ [ 73.148719, 28.1563994, 0.0 ], [ 73.1487421, 28.1563997, 0.0 ], [ 73.1487369, 28.156703, 0.0 ], [ 73.1487137, 28.1567026, 0.0 ], [ 73.148719, 28.1563994, 0.0 ] ], [ [ 73.148663, 28.1563986, 0.0 ], [ 73.1486861, 28.1563989, 0.0 ], [ 73.1486809, 28.1567022, 0.0 ], [ 73.1486577, 28.1567019, 0.0 ], [ 73.148663, 28.1563986, 0.0 ] ], [ [ 73.1487136, 28.1567111, 0.0 ], [ 73.1487367, 28.1567114, 0.0 ], [ 73.1487315, 28.1570146, 0.0 ], [ 73.1487084, 28.1570143, 0.0 ], [ 73.1487136, 28.1567111, 0.0 ] ], [ [ 73.1486576, 28.1567103, 0.0 ], [ 73.1486807, 28.1567106, 0.0 ], [ 73.1486755, 28.1570139, 0.0 ], [ 73.1486524, 28.1570136, 0.0 ], [ 73.1486576, 28.1567103, 0.0 ] ], [ [ 73.1487296, 28.1557799, 0.0 ], [ 73.1487527, 28.1557802, 0.0 ], [ 73.1487475, 28.1560835, 0.0 ], [ 73.1487244, 28.1560832, 0.0 ], [ 73.1487296, 28.1557799, 0.0 ] ], [ [ 73.1486736, 28.1557792, 0.0 ], [ 73.1486968, 28.1557795, 0.0 ], [ 73.1486915, 28.1560827, 0.0 ], [ 73.1486684, 28.1560824, 0.0 ], [ 73.1486736, 28.1557792, 0.0 ] ], [ [ 73.1487243, 28.1560916, 0.0 ], [ 73.1487474, 28.1560919, 0.0 ], [ 73.1487422, 28.1563952, 0.0 ], [ 73.148719, 28.1563949, 0.0 ], [ 73.1487243, 28.1560916, 0.0 ] ], [ [ 73.1486683, 28.1560908, 0.0 ], [ 73.1486914, 28.1560912, 0.0 ], [ 73.1486862, 28.1563944, 0.0 ], [ 73.148663, 28.1563941, 0.0 ], [ 73.1486683, 28.1560908, 0.0 ] ], [ [ 73.1487403, 28.1551604, 0.0 ], [ 73.1487634, 28.1551608, 0.0 ], [ 73.1487582, 28.155464, 0.0 ], [ 73.1487351, 28.1554637, 0.0 ], [ 73.1487403, 28.1551604, 0.0 ] ], [ [ 73.1486843, 28.1551597, 0.0 ], [ 73.1487074, 28.15516, 0.0 ], [ 73.1487022, 28.1554633, 0.0 ], [ 73.1486791, 28.155463, 0.0 ], [ 73.1486843, 28.1551597, 0.0 ] ], [ [ 73.1487349, 28.1554721, 0.0 ], [ 73.148758, 28.1554724, 0.0 ], [ 73.1487528, 28.1557757, 0.0 ], [ 73.1487297, 28.1557754, 0.0 ], [ 73.1487349, 28.1554721, 0.0 ] ], [ [ 73.1486789, 28.1554714, 0.0 ], [ 73.1487021, 28.1554717, 0.0 ], [ 73.1486968, 28.155775, 0.0 ], [ 73.1486737, 28.1557746, 0.0 ], [ 73.1486789, 28.1554714, 0.0 ] ], [ [ 73.1487509, 28.154541, 0.0 ], [ 73.1487741, 28.1545413, 0.0 ], [ 73.1487688, 28.1548446, 0.0 ], [ 73.1487457, 28.1548442, 0.0 ], [ 73.1487509, 28.154541, 0.0 ] ], [ [ 73.1486949, 28.1545402, 0.0 ], [ 73.1487181, 28.1545405, 0.0 ], [ 73.1487129, 28.1548438, 0.0 ], [ 73.1486897, 28.1548435, 0.0 ], [ 73.1486949, 28.1545402, 0.0 ] ], [ [ 73.1487456, 28.1548527, 0.0 ], [ 73.1487687, 28.154853, 0.0 ], [ 73.1487635, 28.1551562, 0.0 ], [ 73.1487404, 28.1551559, 0.0 ], [ 73.1487456, 28.1548527, 0.0 ] ], [ [ 73.1486896, 28.1548519, 0.0 ], [ 73.1487127, 28.1548522, 0.0 ], [ 73.1487075, 28.1551555, 0.0 ], [ 73.1486844, 28.1551552, 0.0 ], [ 73.1486896, 28.1548519, 0.0 ] ], [ [ 73.1487616, 28.1539215, 0.0 ], [ 73.1487847, 28.1539218, 0.0 ], [ 73.1487795, 28.1542251, 0.0 ], [ 73.1487564, 28.1542248, 0.0 ], [ 73.1487616, 28.1539215, 0.0 ] ], [ [ 73.1487056, 28.1539208, 0.0 ], [ 73.1487287, 28.1539211, 0.0 ], [ 73.1487235, 28.1542243, 0.0 ], [ 73.1487004, 28.154224, 0.0 ], [ 73.1487056, 28.1539208, 0.0 ] ], [ [ 73.1487562, 28.1542332, 0.0 ], [ 73.1487794, 28.1542335, 0.0 ], [ 73.1487741, 28.1545368, 0.0 ], [ 73.148751, 28.1545365, 0.0 ], [ 73.1487562, 28.1542332, 0.0 ] ], [ [ 73.1487002, 28.1542324, 0.0 ], [ 73.1487234, 28.1542328, 0.0 ], [ 73.1487182, 28.154536, 0.0 ], [ 73.148695, 28.1545357, 0.0 ], [ 73.1487002, 28.1542324, 0.0 ] ], [ [ 73.1487723, 28.153302, 0.0 ], [ 73.1487954, 28.1533024, 0.0 ], [ 73.1487902, 28.1536056, 0.0 ], [ 73.148767, 28.1536053, 0.0 ], [ 73.1487723, 28.153302, 0.0 ] ], [ [ 73.1487163, 28.1533013, 0.0 ], [ 73.1487394, 28.1533016, 0.0 ], [ 73.1487342, 28.1536049, 0.0 ], [ 73.148711, 28.1536046, 0.0 ], [ 73.1487163, 28.1533013, 0.0 ] ], [ [ 73.1487669, 28.1536137, 0.0 ], [ 73.14879, 28.153614, 0.0 ], [ 73.1487848, 28.1539173, 0.0 ], [ 73.1487617, 28.153917, 0.0 ], [ 73.1487669, 28.1536137, 0.0 ] ], [ [ 73.1487109, 28.153613, 0.0 ], [ 73.148734, 28.1536133, 0.0 ], [ 73.1487288, 28.1539166, 0.0 ], [ 73.1487057, 28.1539162, 0.0 ], [ 73.1487109, 28.153613, 0.0 ] ], [ [ 73.1485963, 28.1570173, 0.0 ], [ 73.1486194, 28.1570176, 0.0 ], [ 73.1486142, 28.1573209, 0.0 ], [ 73.1485911, 28.1573206, 0.0 ], [ 73.1485963, 28.1570173, 0.0 ] ], [ [ 73.1485403, 28.1570166, 0.0 ], [ 73.1485635, 28.1570169, 0.0 ], [ 73.1485582, 28.1573202, 0.0 ], [ 73.1485351, 28.1573198, 0.0 ], [ 73.1485403, 28.1570166, 0.0 ] ], [ [ 73.148591, 28.157329, 0.0 ], [ 73.1486141, 28.1573293, 0.0 ], [ 73.1486089, 28.1576326, 0.0 ], [ 73.1485857, 28.1576323, 0.0 ], [ 73.148591, 28.157329, 0.0 ] ], [ [ 73.148535, 28.1573283, 0.0 ], [ 73.1485581, 28.1573286, 0.0 ], [ 73.1485529, 28.1576318, 0.0 ], [ 73.1485297, 28.1576315, 0.0 ], [ 73.148535, 28.1573283, 0.0 ] ], [ [ 73.148607, 28.1563979, 0.0 ], [ 73.1486301, 28.1563982, 0.0 ], [ 73.1486249, 28.1567014, 0.0 ], [ 73.1486018, 28.1567011, 0.0 ], [ 73.148607, 28.1563979, 0.0 ] ], [ [ 73.148551, 28.1563971, 0.0 ], [ 73.1485741, 28.1563974, 0.0 ], [ 73.1485689, 28.1567007, 0.0 ], [ 73.1485458, 28.1567004, 0.0 ], [ 73.148551, 28.1563971, 0.0 ] ], [ [ 73.1486016, 28.1567096, 0.0 ], [ 73.1486247, 28.1567099, 0.0 ], [ 73.1486195, 28.1570131, 0.0 ], [ 73.1485964, 28.1570128, 0.0 ], [ 73.1486016, 28.1567096, 0.0 ] ], [ [ 73.1485456, 28.1567088, 0.0 ], [ 73.1485688, 28.1567091, 0.0 ], [ 73.1485635, 28.1570124, 0.0 ], [ 73.1485404, 28.1570121, 0.0 ], [ 73.1485456, 28.1567088, 0.0 ] ], [ [ 73.1486176, 28.1557784, 0.0 ], [ 73.1486408, 28.1557787, 0.0 ], [ 73.1486355, 28.156082, 0.0 ], [ 73.1486124, 28.1560817, 0.0 ], [ 73.1486176, 28.1557784, 0.0 ] ], [ [ 73.1485616, 28.1557776, 0.0 ], [ 73.1485848, 28.155778, 0.0 ], [ 73.1485796, 28.1560812, 0.0 ], [ 73.1485564, 28.1560809, 0.0 ], [ 73.1485616, 28.1557776, 0.0 ] ], [ [ 73.1486123, 28.1560901, 0.0 ], [ 73.1486354, 28.1560904, 0.0 ], [ 73.1486302, 28.1563937, 0.0 ], [ 73.1486071, 28.1563934, 0.0 ], [ 73.1486123, 28.1560901, 0.0 ] ], [ [ 73.1485563, 28.1560893, 0.0 ], [ 73.1485794, 28.1560896, 0.0 ], [ 73.1485742, 28.1563929, 0.0 ], [ 73.1485511, 28.1563926, 0.0 ], [ 73.1485563, 28.1560893, 0.0 ] ], [ [ 73.1486283, 28.1551589, 0.0 ], [ 73.1486514, 28.1551592, 0.0 ], [ 73.1486462, 28.1554625, 0.0 ], [ 73.1486231, 28.1554622, 0.0 ], [ 73.1486283, 28.1551589, 0.0 ] ], [ [ 73.1485723, 28.1551582, 0.0 ], [ 73.1485954, 28.1551585, 0.0 ], [ 73.1485902, 28.1554618, 0.0 ], [ 73.1485671, 28.1554614, 0.0 ], [ 73.1485723, 28.1551582, 0.0 ] ], [ [ 73.1486229, 28.1554706, 0.0 ], [ 73.1486461, 28.1554709, 0.0 ], [ 73.1486408, 28.1557742, 0.0 ], [ 73.1486177, 28.1557739, 0.0 ], [ 73.1486229, 28.1554706, 0.0 ] ], [ [ 73.1485669, 28.1554699, 0.0 ], [ 73.1485901, 28.1554702, 0.0 ], [ 73.1485849, 28.1557734, 0.0 ], [ 73.1485617, 28.1557731, 0.0 ], [ 73.1485669, 28.1554699, 0.0 ] ], [ [ 73.148639, 28.1545395, 0.0 ], [ 73.1486621, 28.1545398, 0.0 ], [ 73.1486569, 28.154843, 0.0 ], [ 73.1486337, 28.1548427, 0.0 ], [ 73.148639, 28.1545395, 0.0 ] ], [ [ 73.148583, 28.1545387, 0.0 ], [ 73.1486061, 28.154539, 0.0 ], [ 73.1486009, 28.1548423, 0.0 ], [ 73.1485778, 28.154842, 0.0 ], [ 73.148583, 28.1545387, 0.0 ] ], [ [ 73.1486336, 28.1548512, 0.0 ], [ 73.1486567, 28.1548515, 0.0 ], [ 73.1486515, 28.1551547, 0.0 ], [ 73.1486284, 28.1551544, 0.0 ], [ 73.1486336, 28.1548512, 0.0 ] ], [ [ 73.1485776, 28.1548504, 0.0 ], [ 73.1486007, 28.1548507, 0.0 ], [ 73.1485955, 28.155154, 0.0 ], [ 73.1485724, 28.1551537, 0.0 ], [ 73.1485776, 28.1548504, 0.0 ] ], [ [ 73.1486496, 28.15392, 0.0 ], [ 73.1486727, 28.1539203, 0.0 ], [ 73.1486675, 28.1542236, 0.0 ], [ 73.1486444, 28.1542233, 0.0 ], [ 73.1486496, 28.15392, 0.0 ] ], [ [ 73.1485936, 28.1539192, 0.0 ], [ 73.1486168, 28.1539196, 0.0 ], [ 73.1486115, 28.1542228, 0.0 ], [ 73.1485884, 28.1542225, 0.0 ], [ 73.1485936, 28.1539192, 0.0 ] ], [ [ 73.1486443, 28.1542317, 0.0 ], [ 73.1486674, 28.154232, 0.0 ], [ 73.1486622, 28.1545353, 0.0 ], [ 73.148639, 28.154535, 0.0 ], [ 73.1486443, 28.1542317, 0.0 ] ], [ [ 73.1485883, 28.1542309, 0.0 ], [ 73.1486114, 28.1542312, 0.0 ], [ 73.1486062, 28.1545345, 0.0 ], [ 73.148583, 28.1545342, 0.0 ], [ 73.1485883, 28.1542309, 0.0 ] ], [ [ 73.1486603, 28.1533005, 0.0 ], [ 73.1486834, 28.1533008, 0.0 ], [ 73.1486782, 28.1536041, 0.0 ], [ 73.1486551, 28.1536038, 0.0 ], [ 73.1486603, 28.1533005, 0.0 ] ], [ [ 73.1486043, 28.1532998, 0.0 ], [ 73.1486274, 28.1533001, 0.0 ], [ 73.1486222, 28.1536034, 0.0 ], [ 73.1485991, 28.153603, 0.0 ], [ 73.1486043, 28.1532998, 0.0 ] ], [ [ 73.1486549, 28.1536122, 0.0 ], [ 73.148678, 28.1536125, 0.0 ], [ 73.1486728, 28.1539158, 0.0 ], [ 73.1486497, 28.1539155, 0.0 ], [ 73.1486549, 28.1536122, 0.0 ] ], [ [ 73.1485989, 28.1536115, 0.0 ], [ 73.1486221, 28.1536118, 0.0 ], [ 73.1486168, 28.153915, 0.0 ], [ 73.1485937, 28.1539147, 0.0 ], [ 73.1485989, 28.1536115, 0.0 ] ], [ [ 73.1484843, 28.1570158, 0.0 ], [ 73.1485075, 28.1570161, 0.0 ], [ 73.1485022, 28.1573194, 0.0 ], [ 73.1484791, 28.1573191, 0.0 ], [ 73.1484843, 28.1570158, 0.0 ] ], [ [ 73.1484283, 28.1570151, 0.0 ], [ 73.1484515, 28.1570154, 0.0 ], [ 73.1484463, 28.1573186, 0.0 ], [ 73.1484231, 28.1573183, 0.0 ], [ 73.1484283, 28.1570151, 0.0 ] ], [ [ 73.148479, 28.1573275, 0.0 ], [ 73.1485021, 28.1573278, 0.0 ], [ 73.1484969, 28.1576311, 0.0 ], [ 73.1484737, 28.1576308, 0.0 ], [ 73.148479, 28.1573275, 0.0 ] ], [ [ 73.148423, 28.1573267, 0.0 ], [ 73.1484461, 28.1573271, 0.0 ], [ 73.1484409, 28.1576303, 0.0 ], [ 73.1484178, 28.15763, 0.0 ], [ 73.148423, 28.1573267, 0.0 ] ], [ [ 73.148495, 28.1563964, 0.0 ], [ 73.1485181, 28.1563967, 0.0 ], [ 73.1485129, 28.1566999, 0.0 ], [ 73.1484898, 28.1566996, 0.0 ], [ 73.148495, 28.1563964, 0.0 ] ], [ [ 73.148439, 28.1563956, 0.0 ], [ 73.1484621, 28.1563959, 0.0 ], [ 73.1484569, 28.1566992, 0.0 ], [ 73.1484338, 28.1566989, 0.0 ], [ 73.148439, 28.1563956, 0.0 ] ], [ [ 73.1484896, 28.156708, 0.0 ], [ 73.1485128, 28.1567084, 0.0 ], [ 73.1485075, 28.1570116, 0.0 ], [ 73.1484844, 28.1570113, 0.0 ], [ 73.1484896, 28.156708, 0.0 ] ], [ [ 73.1484336, 28.1567073, 0.0 ], [ 73.1484568, 28.1567076, 0.0 ], [ 73.1484516, 28.1570109, 0.0 ], [ 73.1484284, 28.1570105, 0.0 ], [ 73.1484336, 28.1567073, 0.0 ] ], [ [ 73.1485057, 28.1557769, 0.0 ], [ 73.1485288, 28.1557772, 0.0 ], [ 73.1485236, 28.1560805, 0.0 ], [ 73.1485004, 28.1560802, 0.0 ], [ 73.1485057, 28.1557769, 0.0 ] ], [ [ 73.1484497, 28.1557761, 0.0 ], [ 73.1484728, 28.1557764, 0.0 ], [ 73.1484676, 28.1560797, 0.0 ], [ 73.1484444, 28.1560794, 0.0 ], [ 73.1484497, 28.1557761, 0.0 ] ], [ [ 73.1485003, 28.1560886, 0.0 ], [ 73.1485234, 28.1560889, 0.0 ], [ 73.1485182, 28.1563922, 0.0 ], [ 73.1484951, 28.1563918, 0.0 ], [ 73.1485003, 28.1560886, 0.0 ] ], [ [ 73.1484443, 28.1560878, 0.0 ], [ 73.1484674, 28.1560881, 0.0 ], [ 73.1484622, 28.1563914, 0.0 ], [ 73.1484391, 28.1563911, 0.0 ], [ 73.1484443, 28.1560878, 0.0 ] ], [ [ 73.1485163, 28.1551574, 0.0 ], [ 73.1485394, 28.1551577, 0.0 ], [ 73.1485342, 28.155461, 0.0 ], [ 73.1485111, 28.1554607, 0.0 ], [ 73.1485163, 28.1551574, 0.0 ] ], [ [ 73.1484603, 28.1551567, 0.0 ], [ 73.1484835, 28.155157, 0.0 ], [ 73.1484782, 28.1554602, 0.0 ], [ 73.1484551, 28.1554599, 0.0 ], [ 73.1484603, 28.1551567, 0.0 ] ], [ [ 73.148511, 28.1554691, 0.0 ], [ 73.1485341, 28.1554694, 0.0 ], [ 73.1485289, 28.1557727, 0.0 ], [ 73.1485057, 28.1557724, 0.0 ], [ 73.148511, 28.1554691, 0.0 ] ], [ [ 73.148455, 28.1554683, 0.0 ], [ 73.1484781, 28.1554687, 0.0 ], [ 73.1484729, 28.1557719, 0.0 ], [ 73.1484497, 28.1557716, 0.0 ], [ 73.148455, 28.1554683, 0.0 ] ], [ [ 73.148527, 28.154538, 0.0 ], [ 73.1485501, 28.1545383, 0.0 ], [ 73.1485449, 28.1548415, 0.0 ], [ 73.1485218, 28.1548412, 0.0 ], [ 73.148527, 28.154538, 0.0 ] ], [ [ 73.148471, 28.1545372, 0.0 ], [ 73.1484941, 28.1545375, 0.0 ], [ 73.1484889, 28.1548408, 0.0 ], [ 73.1484658, 28.1548405, 0.0 ], [ 73.148471, 28.1545372, 0.0 ] ], [ [ 73.1485216, 28.1548496, 0.0 ], [ 73.1485447, 28.15485, 0.0 ], [ 73.1485395, 28.1551532, 0.0 ], [ 73.1485164, 28.1551529, 0.0 ], [ 73.1485216, 28.1548496, 0.0 ] ], [ [ 73.1484656, 28.1548489, 0.0 ], [ 73.1484888, 28.1548492, 0.0 ], [ 73.1484835, 28.1551525, 0.0 ], [ 73.1484604, 28.1551522, 0.0 ], [ 73.1484656, 28.1548489, 0.0 ] ], [ [ 73.1485376, 28.1539185, 0.0 ], [ 73.1485608, 28.1539188, 0.0 ], [ 73.1485556, 28.1542221, 0.0 ], [ 73.1485324, 28.1542218, 0.0 ], [ 73.1485376, 28.1539185, 0.0 ] ], [ [ 73.1484817, 28.1539177, 0.0 ], [ 73.1485048, 28.153918, 0.0 ], [ 73.1484996, 28.1542213, 0.0 ], [ 73.1484764, 28.154221, 0.0 ], [ 73.1484817, 28.1539177, 0.0 ] ], [ [ 73.1485323, 28.1542302, 0.0 ], [ 73.1485554, 28.1542305, 0.0 ], [ 73.1485502, 28.1545338, 0.0 ], [ 73.1485271, 28.1545334, 0.0 ], [ 73.1485323, 28.1542302, 0.0 ] ], [ [ 73.1484763, 28.1542294, 0.0 ], [ 73.1484994, 28.1542297, 0.0 ], [ 73.1484942, 28.154533, 0.0 ], [ 73.1484711, 28.1545327, 0.0 ], [ 73.1484763, 28.1542294, 0.0 ] ], [ [ 73.1485483, 28.153299, 0.0 ], [ 73.1485714, 28.1532993, 0.0 ], [ 73.1485662, 28.1536026, 0.0 ], [ 73.1485431, 28.1536023, 0.0 ], [ 73.1485483, 28.153299, 0.0 ] ], [ [ 73.1484923, 28.1532983, 0.0 ], [ 73.1485154, 28.1532986, 0.0 ], [ 73.1485102, 28.1536018, 0.0 ], [ 73.1484871, 28.1536015, 0.0 ], [ 73.1484923, 28.1532983, 0.0 ] ], [ [ 73.1485429, 28.1536107, 0.0 ], [ 73.1485661, 28.153611, 0.0 ], [ 73.1485608, 28.1539143, 0.0 ], [ 73.1485377, 28.153914, 0.0 ], [ 73.1485429, 28.1536107, 0.0 ] ], [ [ 73.1484869, 28.1536099, 0.0 ], [ 73.1485101, 28.1536103, 0.0 ], [ 73.1485049, 28.1539135, 0.0 ], [ 73.1484817, 28.1539132, 0.0 ], [ 73.1484869, 28.1536099, 0.0 ] ], [ [ 73.1483724, 28.1570143, 0.0 ], [ 73.1483955, 28.1570146, 0.0 ], [ 73.1483903, 28.1573179, 0.0 ], [ 73.1483671, 28.1573176, 0.0 ], [ 73.1483724, 28.1570143, 0.0 ] ], [ [ 73.1483164, 28.1570135, 0.0 ], [ 73.1483395, 28.1570139, 0.0 ], [ 73.1483343, 28.1573171, 0.0 ], [ 73.1483111, 28.1573168, 0.0 ], [ 73.1483164, 28.1570135, 0.0 ] ], [ [ 73.148367, 28.157326, 0.0 ], [ 73.1483901, 28.1573263, 0.0 ], [ 73.1483849, 28.1576296, 0.0 ], [ 73.1483618, 28.1576293, 0.0 ], [ 73.148367, 28.157326, 0.0 ] ], [ [ 73.148311, 28.1573252, 0.0 ], [ 73.1483341, 28.1573255, 0.0 ], [ 73.1483289, 28.1576288, 0.0 ], [ 73.1483058, 28.1576285, 0.0 ], [ 73.148311, 28.1573252, 0.0 ] ], [ [ 73.148383, 28.1563948, 0.0 ], [ 73.1484061, 28.1563951, 0.0 ], [ 73.1484009, 28.1566984, 0.0 ], [ 73.1483778, 28.1566981, 0.0 ], [ 73.148383, 28.1563948, 0.0 ] ], [ [ 73.148327, 28.1563941, 0.0 ], [ 73.1483502, 28.1563944, 0.0 ], [ 73.1483449, 28.1566977, 0.0 ], [ 73.1483218, 28.1566973, 0.0 ], [ 73.148327, 28.1563941, 0.0 ] ], [ [ 73.1483777, 28.1567065, 0.0 ], [ 73.1484008, 28.1567068, 0.0 ], [ 73.1483956, 28.1570101, 0.0 ], [ 73.1483724, 28.1570098, 0.0 ], [ 73.1483777, 28.1567065, 0.0 ] ], [ [ 73.1483217, 28.1567058, 0.0 ], [ 73.1483448, 28.1567061, 0.0 ], [ 73.1483396, 28.1570093, 0.0 ], [ 73.1483164, 28.157009, 0.0 ], [ 73.1483217, 28.1567058, 0.0 ] ], [ [ 73.1483937, 28.1557754, 0.0 ], [ 73.1484168, 28.1557757, 0.0 ], [ 73.1484116, 28.156079, 0.0 ], [ 73.1483885, 28.1560786, 0.0 ], [ 73.1483937, 28.1557754, 0.0 ] ], [ [ 73.1483377, 28.1557746, 0.0 ], [ 73.1483608, 28.1557749, 0.0 ], [ 73.1483556, 28.1560782, 0.0 ], [ 73.1483325, 28.1560779, 0.0 ], [ 73.1483377, 28.1557746, 0.0 ] ], [ [ 73.1483883, 28.1560871, 0.0 ], [ 73.1484114, 28.1560874, 0.0 ], [ 73.1484062, 28.1563906, 0.0 ], [ 73.1483831, 28.1563903, 0.0 ], [ 73.1483883, 28.1560871, 0.0 ] ], [ [ 73.1483323, 28.1560863, 0.0 ], [ 73.1483555, 28.1560866, 0.0 ], [ 73.1483502, 28.1563899, 0.0 ], [ 73.1483271, 28.1563896, 0.0 ], [ 73.1483323, 28.1560863, 0.0 ] ], [ [ 73.1484043, 28.1551559, 0.0 ], [ 73.1484275, 28.1551562, 0.0 ], [ 73.1484222, 28.1554595, 0.0 ], [ 73.1483991, 28.1554592, 0.0 ], [ 73.1484043, 28.1551559, 0.0 ] ], [ [ 73.1483484, 28.1551551, 0.0 ], [ 73.1483715, 28.1551555, 0.0 ], [ 73.1483663, 28.1554587, 0.0 ], [ 73.1483431, 28.1554584, 0.0 ], [ 73.1483484, 28.1551551, 0.0 ] ], [ [ 73.148399, 28.1554676, 0.0 ], [ 73.1484221, 28.1554679, 0.0 ], [ 73.1484169, 28.1557712, 0.0 ], [ 73.1483938, 28.1557709, 0.0 ], [ 73.148399, 28.1554676, 0.0 ] ], [ [ 73.148343, 28.1554668, 0.0 ], [ 73.1483661, 28.1554671, 0.0 ], [ 73.1483609, 28.1557704, 0.0 ], [ 73.1483378, 28.1557701, 0.0 ], [ 73.148343, 28.1554668, 0.0 ] ], [ [ 73.148415, 28.1545364, 0.0 ], [ 73.1484381, 28.1545368, 0.0 ], [ 73.1484329, 28.15484, 0.0 ], [ 73.1484098, 28.1548397, 0.0 ], [ 73.148415, 28.1545364, 0.0 ] ], [ [ 73.148359, 28.1545357, 0.0 ], [ 73.1483821, 28.154536, 0.0 ], [ 73.1483769, 28.1548393, 0.0 ], [ 73.1483538, 28.154839, 0.0 ], [ 73.148359, 28.1545357, 0.0 ] ], [ [ 73.1484096, 28.1548481, 0.0 ], [ 73.1484328, 28.1548484, 0.0 ], [ 73.1484275, 28.1551517, 0.0 ], [ 73.1484044, 28.1551514, 0.0 ], [ 73.1484096, 28.1548481, 0.0 ] ], [ [ 73.1483536, 28.1548474, 0.0 ], [ 73.1483768, 28.1548477, 0.0 ], [ 73.1483716, 28.1551509, 0.0 ], [ 73.1483484, 28.1551506, 0.0 ], [ 73.1483536, 28.1548474, 0.0 ] ], [ [ 73.1484257, 28.153917, 0.0 ], [ 73.1484488, 28.1539173, 0.0 ], [ 73.1484436, 28.1542206, 0.0 ], [ 73.1484204, 28.1542202, 0.0 ], [ 73.1484257, 28.153917, 0.0 ] ], [ [ 73.1483697, 28.1539162, 0.0 ], [ 73.1483928, 28.1539165, 0.0 ], [ 73.1483876, 28.1542198, 0.0 ], [ 73.1483645, 28.1542195, 0.0 ], [ 73.1483697, 28.1539162, 0.0 ] ], [ [ 73.1484203, 28.1542287, 0.0 ], [ 73.1484434, 28.154229, 0.0 ], [ 73.1484382, 28.1545322, 0.0 ], [ 73.1484151, 28.1545319, 0.0 ], [ 73.1484203, 28.1542287, 0.0 ] ], [ [ 73.1483643, 28.1542279, 0.0 ], [ 73.1483874, 28.1542282, 0.0 ], [ 73.1483822, 28.1545315, 0.0 ], [ 73.1483591, 28.1545312, 0.0 ], [ 73.1483643, 28.1542279, 0.0 ] ], [ [ 73.1484363, 28.1532975, 0.0 ], [ 73.1484595, 28.1532978, 0.0 ], [ 73.1484542, 28.1536011, 0.0 ], [ 73.1484311, 28.1536008, 0.0 ], [ 73.1484363, 28.1532975, 0.0 ] ], [ [ 73.1483803, 28.1532967, 0.0 ], [ 73.1484035, 28.1532971, 0.0 ], [ 73.1483982, 28.1536003, 0.0 ], [ 73.1483751, 28.1536, 0.0 ], [ 73.1483803, 28.1532967, 0.0 ] ], [ [ 73.148431, 28.1536092, 0.0 ], [ 73.1484541, 28.1536095, 0.0 ], [ 73.1484489, 28.1539128, 0.0 ], [ 73.1484257, 28.1539125, 0.0 ], [ 73.148431, 28.1536092, 0.0 ] ], [ [ 73.148375, 28.1536084, 0.0 ], [ 73.1483981, 28.1536087, 0.0 ], [ 73.1483929, 28.153912, 0.0 ], [ 73.1483698, 28.1539117, 0.0 ], [ 73.148375, 28.1536084, 0.0 ] ], [ [ 73.1482604, 28.1570128, 0.0 ], [ 73.1482835, 28.1570131, 0.0 ], [ 73.1482783, 28.1573164, 0.0 ], [ 73.1482552, 28.1573161, 0.0 ], [ 73.1482604, 28.1570128, 0.0 ] ], [ [ 73.1482044, 28.157012, 0.0 ], [ 73.1482275, 28.1570123, 0.0 ], [ 73.1482223, 28.1573156, 0.0 ], [ 73.1481992, 28.1573153, 0.0 ], [ 73.1482044, 28.157012, 0.0 ] ], [ [ 73.148255, 28.1573245, 0.0 ], [ 73.1482781, 28.1573248, 0.0 ], [ 73.1482729, 28.1576281, 0.0 ], [ 73.1482498, 28.1576277, 0.0 ], [ 73.148255, 28.1573245, 0.0 ] ], [ [ 73.148199, 28.1573237, 0.0 ], [ 73.1482221, 28.157324, 0.0 ], [ 73.1482169, 28.1576273, 0.0 ], [ 73.1481938, 28.157627, 0.0 ], [ 73.148199, 28.1573237, 0.0 ] ], [ [ 73.148271, 28.1563933, 0.0 ], [ 73.1482942, 28.1563936, 0.0 ], [ 73.1482889, 28.1566969, 0.0 ], [ 73.1482658, 28.1566966, 0.0 ], [ 73.148271, 28.1563933, 0.0 ] ], [ [ 73.148215, 28.1563926, 0.0 ], [ 73.1482382, 28.1563929, 0.0 ], [ 73.148233, 28.1566961, 0.0 ], [ 73.1482098, 28.1566958, 0.0 ], [ 73.148215, 28.1563926, 0.0 ] ], [ [ 73.1482657, 28.156705, 0.0 ], [ 73.1482888, 28.1567053, 0.0 ], [ 73.1482836, 28.1570086, 0.0 ], [ 73.1482604, 28.1570083, 0.0 ], [ 73.1482657, 28.156705, 0.0 ] ], [ [ 73.1482097, 28.1567043, 0.0 ], [ 73.1482328, 28.1567046, 0.0 ], [ 73.1482276, 28.1570078, 0.0 ], [ 73.1482045, 28.1570075, 0.0 ], [ 73.1482097, 28.1567043, 0.0 ] ], [ [ 73.1482817, 28.1557739, 0.0 ], [ 73.1483048, 28.1557742, 0.0 ], [ 73.1482996, 28.1560774, 0.0 ], [ 73.1482765, 28.1560771, 0.0 ], [ 73.1482817, 28.1557739, 0.0 ] ], [ [ 73.1482257, 28.1557731, 0.0 ], [ 73.1482488, 28.1557734, 0.0 ], [ 73.1482436, 28.1560767, 0.0 ], [ 73.1482205, 28.1560764, 0.0 ], [ 73.1482257, 28.1557731, 0.0 ] ], [ [ 73.1482763, 28.1560855, 0.0 ], [ 73.1482995, 28.1560859, 0.0 ], [ 73.1482942, 28.1563891, 0.0 ], [ 73.1482711, 28.1563888, 0.0 ], [ 73.1482763, 28.1560855, 0.0 ] ], [ [ 73.1482203, 28.1560848, 0.0 ], [ 73.1482435, 28.1560851, 0.0 ], [ 73.1482383, 28.1563884, 0.0 ], [ 73.1482151, 28.1563881, 0.0 ], [ 73.1482203, 28.1560848, 0.0 ] ], [ [ 73.1482924, 28.1551544, 0.0 ], [ 73.1483155, 28.1551547, 0.0 ], [ 73.1483103, 28.155458, 0.0 ], [ 73.1482871, 28.1554577, 0.0 ], [ 73.1482924, 28.1551544, 0.0 ] ], [ [ 73.1482364, 28.1551536, 0.0 ], [ 73.1482595, 28.1551539, 0.0 ], [ 73.1482543, 28.1554572, 0.0 ], [ 73.1482312, 28.1554569, 0.0 ], [ 73.1482364, 28.1551536, 0.0 ] ], [ [ 73.148287, 28.1554661, 0.0 ], [ 73.1483101, 28.1554664, 0.0 ], [ 73.1483049, 28.1557697, 0.0 ], [ 73.1482818, 28.1557693, 0.0 ], [ 73.148287, 28.1554661, 0.0 ] ], [ [ 73.148231, 28.1554653, 0.0 ], [ 73.1482541, 28.1554656, 0.0 ], [ 73.1482489, 28.1557689, 0.0 ], [ 73.1482258, 28.1557686, 0.0 ], [ 73.148231, 28.1554653, 0.0 ] ], [ [ 73.148303, 28.1545349, 0.0 ], [ 73.1483262, 28.1545352, 0.0 ], [ 73.1483209, 28.1548385, 0.0 ], [ 73.1482978, 28.1548382, 0.0 ], [ 73.148303, 28.1545349, 0.0 ] ], [ [ 73.148247, 28.1545342, 0.0 ], [ 73.1482702, 28.1545345, 0.0 ], [ 73.1482649, 28.1548377, 0.0 ], [ 73.1482418, 28.1548374, 0.0 ], [ 73.148247, 28.1545342, 0.0 ] ], [ [ 73.1482977, 28.1548466, 0.0 ], [ 73.1483208, 28.1548469, 0.0 ], [ 73.1483156, 28.1551502, 0.0 ], [ 73.1482924, 28.1551499, 0.0 ], [ 73.1482977, 28.1548466, 0.0 ] ], [ [ 73.1482417, 28.1548459, 0.0 ], [ 73.1482648, 28.1548462, 0.0 ], [ 73.1482596, 28.1551494, 0.0 ], [ 73.1482364, 28.1551491, 0.0 ], [ 73.1482417, 28.1548459, 0.0 ] ], [ [ 73.1483137, 28.1539155, 0.0 ], [ 73.1483368, 28.1539158, 0.0 ], [ 73.1483316, 28.154219, 0.0 ], [ 73.1483085, 28.1542187, 0.0 ], [ 73.1483137, 28.1539155, 0.0 ] ], [ [ 73.1482577, 28.1539147, 0.0 ], [ 73.1482808, 28.153915, 0.0 ], [ 73.1482756, 28.1542183, 0.0 ], [ 73.1482525, 28.154218, 0.0 ], [ 73.1482577, 28.1539147, 0.0 ] ], [ [ 73.1483083, 28.1542271, 0.0 ], [ 73.1483314, 28.1542275, 0.0 ], [ 73.1483262, 28.1545307, 0.0 ], [ 73.1483031, 28.1545304, 0.0 ], [ 73.1483083, 28.1542271, 0.0 ] ], [ [ 73.1482523, 28.1542264, 0.0 ], [ 73.1482755, 28.1542267, 0.0 ], [ 73.1482702, 28.15453, 0.0 ], [ 73.1482471, 28.1545297, 0.0 ], [ 73.1482523, 28.1542264, 0.0 ] ], [ [ 73.1483243, 28.153296, 0.0 ], [ 73.1483475, 28.1532963, 0.0 ], [ 73.1483423, 28.1535996, 0.0 ], [ 73.1483191, 28.1535993, 0.0 ], [ 73.1483243, 28.153296, 0.0 ] ], [ [ 73.1482684, 28.1532952, 0.0 ], [ 73.1482915, 28.1532955, 0.0 ], [ 73.1482863, 28.1535988, 0.0 ], [ 73.1482631, 28.1535985, 0.0 ], [ 73.1482684, 28.1532952, 0.0 ] ], [ [ 73.148319, 28.1536077, 0.0 ], [ 73.1483421, 28.153608, 0.0 ], [ 73.1483369, 28.1539113, 0.0 ], [ 73.1483138, 28.1539109, 0.0 ], [ 73.148319, 28.1536077, 0.0 ] ], [ [ 73.148263, 28.1536069, 0.0 ], [ 73.1482861, 28.1536072, 0.0 ], [ 73.1482809, 28.1539105, 0.0 ], [ 73.1482578, 28.1539102, 0.0 ], [ 73.148263, 28.1536069, 0.0 ] ], [ [ 73.1481484, 28.1570113, 0.0 ], [ 73.1481715, 28.1570116, 0.0 ], [ 73.1481663, 28.1573149, 0.0 ], [ 73.1481432, 28.1573145, 0.0 ], [ 73.1481484, 28.1570113, 0.0 ] ], [ [ 73.1480924, 28.1570105, 0.0 ], [ 73.1481155, 28.1570108, 0.0 ], [ 73.1481103, 28.1573141, 0.0 ], [ 73.1480872, 28.1573138, 0.0 ], [ 73.1480924, 28.1570105, 0.0 ] ], [ [ 73.148143, 28.157323, 0.0 ], [ 73.1481662, 28.1573233, 0.0 ], [ 73.1481609, 28.1576265, 0.0 ], [ 73.1481378, 28.1576262, 0.0 ], [ 73.148143, 28.157323, 0.0 ] ], [ [ 73.148087, 28.1573222, 0.0 ], [ 73.1481102, 28.1573225, 0.0 ], [ 73.1481049, 28.1576258, 0.0 ], [ 73.1480818, 28.1576255, 0.0 ], [ 73.148087, 28.1573222, 0.0 ] ], [ [ 73.1481591, 28.1563918, 0.0 ], [ 73.1481822, 28.1563921, 0.0 ], [ 73.148177, 28.1566954, 0.0 ], [ 73.1481538, 28.1566951, 0.0 ], [ 73.1481591, 28.1563918, 0.0 ] ], [ [ 73.1481031, 28.1563911, 0.0 ], [ 73.1481262, 28.1563914, 0.0 ], [ 73.148121, 28.1566946, 0.0 ], [ 73.1480978, 28.1566943, 0.0 ], [ 73.1481031, 28.1563911, 0.0 ] ], [ [ 73.1481537, 28.1567035, 0.0 ], [ 73.1481768, 28.1567038, 0.0 ], [ 73.1481716, 28.1570071, 0.0 ], [ 73.1481485, 28.1570068, 0.0 ], [ 73.1481537, 28.1567035, 0.0 ] ], [ [ 73.1480977, 28.1567027, 0.0 ], [ 73.1481208, 28.1567031, 0.0 ], [ 73.1481156, 28.1570063, 0.0 ], [ 73.1480925, 28.157006, 0.0 ], [ 73.1480977, 28.1567027, 0.0 ] ], [ [ 73.1481697, 28.1557723, 0.0 ], [ 73.1481928, 28.1557727, 0.0 ], [ 73.1481876, 28.1560759, 0.0 ], [ 73.1481645, 28.1560756, 0.0 ], [ 73.1481697, 28.1557723, 0.0 ] ], [ [ 73.1481137, 28.1557716, 0.0 ], [ 73.1481369, 28.1557719, 0.0 ], [ 73.1481316, 28.1560752, 0.0 ], [ 73.1481085, 28.1560749, 0.0 ], [ 73.1481137, 28.1557716, 0.0 ] ], [ [ 73.1481644, 28.156084, 0.0 ], [ 73.1481875, 28.1560843, 0.0 ], [ 73.1481823, 28.1563876, 0.0 ], [ 73.1481591, 28.1563873, 0.0 ], [ 73.1481644, 28.156084, 0.0 ] ], [ [ 73.1481084, 28.1560833, 0.0 ], [ 73.1481315, 28.1560836, 0.0 ], [ 73.1481263, 28.1563869, 0.0 ], [ 73.1481031, 28.1563865, 0.0 ], [ 73.1481084, 28.1560833, 0.0 ] ], [ [ 73.1481804, 28.1551529, 0.0 ], [ 73.1482035, 28.1551532, 0.0 ], [ 73.1481983, 28.1554565, 0.0 ], [ 73.1481752, 28.1554561, 0.0 ], [ 73.1481804, 28.1551529, 0.0 ] ], [ [ 73.1481244, 28.1551521, 0.0 ], [ 73.1481475, 28.1551524, 0.0 ], [ 73.1481423, 28.1554557, 0.0 ], [ 73.1481192, 28.1554554, 0.0 ], [ 73.1481244, 28.1551521, 0.0 ] ], [ [ 73.148175, 28.1554646, 0.0 ], [ 73.1481981, 28.1554649, 0.0 ], [ 73.1481929, 28.1557681, 0.0 ], [ 73.1481698, 28.1557678, 0.0 ], [ 73.148175, 28.1554646, 0.0 ] ], [ [ 73.148119, 28.1554638, 0.0 ], [ 73.1481422, 28.1554641, 0.0 ], [ 73.1481369, 28.1557674, 0.0 ], [ 73.1481138, 28.1557671, 0.0 ], [ 73.148119, 28.1554638, 0.0 ] ], [ [ 73.148191, 28.1545334, 0.0 ], [ 73.1482142, 28.1545337, 0.0 ], [ 73.148209, 28.154837, 0.0 ], [ 73.1481858, 28.1548367, 0.0 ], [ 73.148191, 28.1545334, 0.0 ] ], [ [ 73.1481351, 28.1545327, 0.0 ], [ 73.1481582, 28.154533, 0.0 ], [ 73.148153, 28.1548362, 0.0 ], [ 73.1481298, 28.1548359, 0.0 ], [ 73.1481351, 28.1545327, 0.0 ] ], [ [ 73.1481857, 28.1548451, 0.0 ], [ 73.1482088, 28.1548454, 0.0 ], [ 73.1482036, 28.1551487, 0.0 ], [ 73.1481805, 28.1551484, 0.0 ], [ 73.1481857, 28.1548451, 0.0 ] ], [ [ 73.1481297, 28.1548443, 0.0 ], [ 73.1481528, 28.1548447, 0.0 ], [ 73.1481476, 28.1551479, 0.0 ], [ 73.1481245, 28.1551476, 0.0 ], [ 73.1481297, 28.1548443, 0.0 ] ], [ [ 73.1482017, 28.1539139, 0.0 ], [ 73.1482248, 28.1539143, 0.0 ], [ 73.1482196, 28.1542175, 0.0 ], [ 73.1481965, 28.1542172, 0.0 ], [ 73.1482017, 28.1539139, 0.0 ] ], [ [ 73.1481457, 28.1539132, 0.0 ], [ 73.1481688, 28.1539135, 0.0 ], [ 73.1481636, 28.1542168, 0.0 ], [ 73.1481405, 28.1542165, 0.0 ], [ 73.1481457, 28.1539132, 0.0 ] ], [ [ 73.1481963, 28.1542256, 0.0 ], [ 73.1482195, 28.1542259, 0.0 ], [ 73.1482143, 28.1545292, 0.0 ], [ 73.1481911, 28.1545289, 0.0 ], [ 73.1481963, 28.1542256, 0.0 ] ], [ [ 73.1481404, 28.1542249, 0.0 ], [ 73.1481635, 28.1542252, 0.0 ], [ 73.1481583, 28.1545285, 0.0 ], [ 73.1481351, 28.1545281, 0.0 ], [ 73.1481404, 28.1542249, 0.0 ] ], [ [ 73.1482124, 28.1532945, 0.0 ], [ 73.1482355, 28.1532948, 0.0 ], [ 73.1482303, 28.1535981, 0.0 ], [ 73.1482072, 28.1535977, 0.0 ], [ 73.1482124, 28.1532945, 0.0 ] ], [ [ 73.1481564, 28.1532937, 0.0 ], [ 73.1481795, 28.153294, 0.0 ], [ 73.1481743, 28.1535973, 0.0 ], [ 73.1481512, 28.153597, 0.0 ], [ 73.1481564, 28.1532937, 0.0 ] ], [ [ 73.148207, 28.1536062, 0.0 ], [ 73.1482301, 28.1536065, 0.0 ], [ 73.1482249, 28.1539097, 0.0 ], [ 73.1482018, 28.1539094, 0.0 ], [ 73.148207, 28.1536062, 0.0 ] ], [ [ 73.148151, 28.1536054, 0.0 ], [ 73.1481741, 28.1536057, 0.0 ], [ 73.1481689, 28.153909, 0.0 ], [ 73.1481458, 28.1539087, 0.0 ], [ 73.148151, 28.1536054, 0.0 ] ], [ [ 73.1480364, 28.1570098, 0.0 ], [ 73.1480595, 28.1570101, 0.0 ], [ 73.1480543, 28.1573133, 0.0 ], [ 73.1480312, 28.157313, 0.0 ], [ 73.1480364, 28.1570098, 0.0 ] ], [ [ 73.1479804, 28.157009, 0.0 ], [ 73.1480035, 28.1570093, 0.0 ], [ 73.1479983, 28.1573126, 0.0 ], [ 73.1479752, 28.1573123, 0.0 ], [ 73.1479804, 28.157009, 0.0 ] ], [ [ 73.148031, 28.1573214, 0.0 ], [ 73.1480542, 28.1573218, 0.0 ], [ 73.148049, 28.157625, 0.0 ], [ 73.1480258, 28.1576247, 0.0 ], [ 73.148031, 28.1573214, 0.0 ] ], [ [ 73.1479751, 28.1573207, 0.0 ], [ 73.1479982, 28.157321, 0.0 ], [ 73.147993, 28.1576243, 0.0 ], [ 73.1479698, 28.157624, 0.0 ], [ 73.1479751, 28.1573207, 0.0 ] ], [ [ 73.1480471, 28.1563903, 0.0 ], [ 73.1480702, 28.1563906, 0.0 ], [ 73.148065, 28.1566939, 0.0 ], [ 73.1480419, 28.1566936, 0.0 ], [ 73.1480471, 28.1563903, 0.0 ] ], [ [ 73.1479911, 28.1563895, 0.0 ], [ 73.1480142, 28.1563899, 0.0 ], [ 73.148009, 28.1566931, 0.0 ], [ 73.1479859, 28.1566928, 0.0 ], [ 73.1479911, 28.1563895, 0.0 ] ], [ [ 73.1480417, 28.156702, 0.0 ], [ 73.1480648, 28.1567023, 0.0 ], [ 73.1480596, 28.1570056, 0.0 ], [ 73.1480365, 28.1570052, 0.0 ], [ 73.1480417, 28.156702, 0.0 ] ], [ [ 73.1479857, 28.1567012, 0.0 ], [ 73.1480088, 28.1567015, 0.0 ], [ 73.1480036, 28.1570048, 0.0 ], [ 73.1479805, 28.1570045, 0.0 ], [ 73.1479857, 28.1567012, 0.0 ] ], [ [ 73.1480577, 28.1557708, 0.0 ], [ 73.1480809, 28.1557711, 0.0 ], [ 73.1480756, 28.1560744, 0.0 ], [ 73.1480525, 28.1560741, 0.0 ], [ 73.1480577, 28.1557708, 0.0 ] ], [ [ 73.1480017, 28.1557701, 0.0 ], [ 73.1480249, 28.1557704, 0.0 ], [ 73.1480197, 28.1560737, 0.0 ], [ 73.1479965, 28.1560733, 0.0 ], [ 73.1480017, 28.1557701, 0.0 ] ], [ [ 73.1480524, 28.1560825, 0.0 ], [ 73.1480755, 28.1560828, 0.0 ], [ 73.1480703, 28.1563861, 0.0 ], [ 73.1480472, 28.1563858, 0.0 ], [ 73.1480524, 28.1560825, 0.0 ] ], [ [ 73.1479964, 28.1560818, 0.0 ], [ 73.1480195, 28.1560821, 0.0 ], [ 73.1480143, 28.1563853, 0.0 ], [ 73.1479912, 28.156385, 0.0 ], [ 73.1479964, 28.1560818, 0.0 ] ], [ [ 73.1480684, 28.1551514, 0.0 ], [ 73.1480915, 28.1551517, 0.0 ], [ 73.1480863, 28.1554549, 0.0 ], [ 73.1480632, 28.1554546, 0.0 ], [ 73.1480684, 28.1551514, 0.0 ] ], [ [ 73.1480124, 28.1551506, 0.0 ], [ 73.1480355, 28.1551509, 0.0 ], [ 73.1480303, 28.1554542, 0.0 ], [ 73.1480072, 28.1554539, 0.0 ], [ 73.1480124, 28.1551506, 0.0 ] ], [ [ 73.148063, 28.155463, 0.0 ], [ 73.1480862, 28.1554634, 0.0 ], [ 73.1480809, 28.1557666, 0.0 ], [ 73.1480578, 28.1557663, 0.0 ], [ 73.148063, 28.155463, 0.0 ] ], [ [ 73.148007, 28.1554623, 0.0 ], [ 73.1480302, 28.1554626, 0.0 ], [ 73.148025, 28.1557659, 0.0 ], [ 73.1480018, 28.1557656, 0.0 ], [ 73.148007, 28.1554623, 0.0 ] ], [ [ 73.1480791, 28.1545319, 0.0 ], [ 73.1481022, 28.1545322, 0.0 ], [ 73.148097, 28.1548355, 0.0 ], [ 73.1480738, 28.1548352, 0.0 ], [ 73.1480791, 28.1545319, 0.0 ] ], [ [ 73.1480231, 28.1545311, 0.0 ], [ 73.1480462, 28.1545315, 0.0 ], [ 73.148041, 28.1548347, 0.0 ], [ 73.1480179, 28.1548344, 0.0 ], [ 73.1480231, 28.1545311, 0.0 ] ], [ [ 73.1480737, 28.1548436, 0.0 ], [ 73.1480968, 28.1548439, 0.0 ], [ 73.1480916, 28.1551472, 0.0 ], [ 73.1480685, 28.1551469, 0.0 ], [ 73.1480737, 28.1548436, 0.0 ] ], [ [ 73.1480177, 28.1548428, 0.0 ], [ 73.1480408, 28.1548431, 0.0 ], [ 73.1480356, 28.1551464, 0.0 ], [ 73.1480125, 28.1551461, 0.0 ], [ 73.1480177, 28.1548428, 0.0 ] ], [ [ 73.1480897, 28.1539124, 0.0 ], [ 73.1481129, 28.1539127, 0.0 ], [ 73.1481076, 28.154216, 0.0 ], [ 73.1480845, 28.1542157, 0.0 ], [ 73.1480897, 28.1539124, 0.0 ] ], [ [ 73.1480337, 28.1539117, 0.0 ], [ 73.1480569, 28.153912, 0.0 ], [ 73.1480516, 28.1542153, 0.0 ], [ 73.1480285, 28.1542149, 0.0 ], [ 73.1480337, 28.1539117, 0.0 ] ], [ [ 73.1480844, 28.1542241, 0.0 ], [ 73.1481075, 28.1542244, 0.0 ], [ 73.1481023, 28.1545277, 0.0 ], [ 73.1480791, 28.1545274, 0.0 ], [ 73.1480844, 28.1542241, 0.0 ] ], [ [ 73.1480284, 28.1542234, 0.0 ], [ 73.1480515, 28.1542237, 0.0 ], [ 73.1480463, 28.1545269, 0.0 ], [ 73.1480232, 28.1545266, 0.0 ], [ 73.1480284, 28.1542234, 0.0 ] ], [ [ 73.1481004, 28.153293, 0.0 ], [ 73.1481235, 28.1532933, 0.0 ], [ 73.1481183, 28.1535965, 0.0 ], [ 73.1480952, 28.1535962, 0.0 ], [ 73.1481004, 28.153293, 0.0 ] ], [ [ 73.1480444, 28.1532922, 0.0 ], [ 73.1480675, 28.1532925, 0.0 ], [ 73.1480623, 28.1535958, 0.0 ], [ 73.1480392, 28.1535955, 0.0 ], [ 73.1480444, 28.1532922, 0.0 ] ], [ [ 73.148095, 28.1536047, 0.0 ], [ 73.1481182, 28.153605, 0.0 ], [ 73.1481129, 28.1539082, 0.0 ], [ 73.1480898, 28.1539079, 0.0 ], [ 73.148095, 28.1536047, 0.0 ] ], [ [ 73.148039, 28.1536039, 0.0 ], [ 73.1480622, 28.1536042, 0.0 ], [ 73.1480569, 28.1539075, 0.0 ], [ 73.1480338, 28.1539072, 0.0 ], [ 73.148039, 28.1536039, 0.0 ] ], [ [ 73.1479244, 28.1570082, 0.0 ], [ 73.1479476, 28.1570086, 0.0 ], [ 73.1479423, 28.1573118, 0.0 ], [ 73.1479192, 28.1573115, 0.0 ], [ 73.1479244, 28.1570082, 0.0 ] ], [ [ 73.1478684, 28.1570075, 0.0 ], [ 73.1478916, 28.1570078, 0.0 ], [ 73.1478863, 28.1573111, 0.0 ], [ 73.1478632, 28.1573108, 0.0 ], [ 73.1478684, 28.1570075, 0.0 ] ], [ [ 73.1479191, 28.1573199, 0.0 ], [ 73.1479422, 28.1573202, 0.0 ], [ 73.147937, 28.1576235, 0.0 ], [ 73.1479138, 28.1576232, 0.0 ], [ 73.1479191, 28.1573199, 0.0 ] ], [ [ 73.1478631, 28.1573192, 0.0 ], [ 73.1478862, 28.1573195, 0.0 ], [ 73.147881, 28.1576228, 0.0 ], [ 73.1478579, 28.1576224, 0.0 ], [ 73.1478631, 28.1573192, 0.0 ] ], [ [ 73.1479351, 28.1563888, 0.0 ], [ 73.1479582, 28.1563891, 0.0 ], [ 73.147953, 28.1566924, 0.0 ], [ 73.1479299, 28.156692, 0.0 ], [ 73.1479351, 28.1563888, 0.0 ] ], [ [ 73.1478791, 28.156388, 0.0 ], [ 73.1479022, 28.1563883, 0.0 ], [ 73.147897, 28.1566916, 0.0 ], [ 73.1478739, 28.1566913, 0.0 ], [ 73.1478791, 28.156388, 0.0 ] ], [ [ 73.1479297, 28.1567005, 0.0 ], [ 73.1479529, 28.1567008, 0.0 ], [ 73.1479476, 28.157004, 0.0 ], [ 73.1479245, 28.1570037, 0.0 ], [ 73.1479297, 28.1567005, 0.0 ] ], [ [ 73.1478737, 28.1566997, 0.0 ], [ 73.1478969, 28.1567, 0.0 ], [ 73.1478916, 28.1570033, 0.0 ], [ 73.1478685, 28.157003, 0.0 ], [ 73.1478737, 28.1566997, 0.0 ] ], [ [ 73.1479458, 28.1557693, 0.0 ], [ 73.1479689, 28.1557696, 0.0 ], [ 73.1479637, 28.1560729, 0.0 ], [ 73.1479405, 28.1560726, 0.0 ], [ 73.1479458, 28.1557693, 0.0 ] ], [ [ 73.1478898, 28.1557686, 0.0 ], [ 73.1479129, 28.1557689, 0.0 ], [ 73.1479077, 28.1560721, 0.0 ], [ 73.1478845, 28.1560718, 0.0 ], [ 73.1478898, 28.1557686, 0.0 ] ], [ [ 73.1479404, 28.156081, 0.0 ], [ 73.1479635, 28.1560813, 0.0 ], [ 73.1479583, 28.1563846, 0.0 ], [ 73.1479352, 28.1563843, 0.0 ], [ 73.1479404, 28.156081, 0.0 ] ], [ [ 73.1478844, 28.1560802, 0.0 ], [ 73.1479075, 28.1560806, 0.0 ], [ 73.1479023, 28.1563838, 0.0 ], [ 73.1478792, 28.1563835, 0.0 ], [ 73.1478844, 28.1560802, 0.0 ] ], [ [ 73.1479564, 28.1551498, 0.0 ], [ 73.1479796, 28.1551502, 0.0 ], [ 73.1479743, 28.1554534, 0.0 ], [ 73.1479512, 28.1554531, 0.0 ], [ 73.1479564, 28.1551498, 0.0 ] ], [ [ 73.1479004, 28.1551491, 0.0 ], [ 73.1479236, 28.1551494, 0.0 ], [ 73.1479183, 28.1554527, 0.0 ], [ 73.1478952, 28.1554524, 0.0 ], [ 73.1479004, 28.1551491, 0.0 ] ], [ [ 73.1479511, 28.1554615, 0.0 ], [ 73.1479742, 28.1554618, 0.0 ], [ 73.147969, 28.1557651, 0.0 ], [ 73.1479458, 28.1557648, 0.0 ], [ 73.1479511, 28.1554615, 0.0 ] ], [ [ 73.1478951, 28.1554608, 0.0 ], [ 73.1479182, 28.1554611, 0.0 ], [ 73.147913, 28.1557644, 0.0 ], [ 73.1478898, 28.155764, 0.0 ], [ 73.1478951, 28.1554608, 0.0 ] ], [ [ 73.1479671, 28.1545304, 0.0 ], [ 73.1479902, 28.1545307, 0.0 ], [ 73.147985, 28.154834, 0.0 ], [ 73.1479619, 28.1548337, 0.0 ], [ 73.1479671, 28.1545304, 0.0 ] ], [ [ 73.1479111, 28.1545296, 0.0 ], [ 73.1479342, 28.1545299, 0.0 ], [ 73.147929, 28.1548332, 0.0 ], [ 73.1479059, 28.1548329, 0.0 ], [ 73.1479111, 28.1545296, 0.0 ] ], [ [ 73.1479617, 28.1548421, 0.0 ], [ 73.1479849, 28.1548424, 0.0 ], [ 73.1479796, 28.1551456, 0.0 ], [ 73.1479565, 28.1551453, 0.0 ], [ 73.1479617, 28.1548421, 0.0 ] ], [ [ 73.1479057, 28.1548413, 0.0 ], [ 73.1479289, 28.1548416, 0.0 ], [ 73.1479236, 28.1551449, 0.0 ], [ 73.1479005, 28.1551446, 0.0 ], [ 73.1479057, 28.1548413, 0.0 ] ], [ [ 73.1479778, 28.1539109, 0.0 ], [ 73.1480009, 28.1539112, 0.0 ], [ 73.1479957, 28.1542145, 0.0 ], [ 73.1479725, 28.1542142, 0.0 ], [ 73.1479778, 28.1539109, 0.0 ] ], [ [ 73.1479218, 28.1539102, 0.0 ], [ 73.1479449, 28.1539105, 0.0 ], [ 73.1479397, 28.1542137, 0.0 ], [ 73.1479165, 28.1542134, 0.0 ], [ 73.1479218, 28.1539102, 0.0 ] ], [ [ 73.1479724, 28.1542226, 0.0 ], [ 73.1479955, 28.1542229, 0.0 ], [ 73.1479903, 28.1545262, 0.0 ], [ 73.1479672, 28.1545259, 0.0 ], [ 73.1479724, 28.1542226, 0.0 ] ], [ [ 73.1479164, 28.1542218, 0.0 ], [ 73.1479395, 28.1542222, 0.0 ], [ 73.1479343, 28.1545254, 0.0 ], [ 73.1479112, 28.1545251, 0.0 ], [ 73.1479164, 28.1542218, 0.0 ] ], [ [ 73.1479884, 28.1532914, 0.0 ], [ 73.1480115, 28.1532918, 0.0 ], [ 73.1480063, 28.153595, 0.0 ], [ 73.1479832, 28.1535947, 0.0 ], [ 73.1479884, 28.1532914, 0.0 ] ], [ [ 73.1479324, 28.1532907, 0.0 ], [ 73.1479556, 28.153291, 0.0 ], [ 73.1479503, 28.1535943, 0.0 ], [ 73.1479272, 28.153594, 0.0 ], [ 73.1479324, 28.1532907, 0.0 ] ], [ [ 73.1479831, 28.1536031, 0.0 ], [ 73.1480062, 28.1536034, 0.0 ], [ 73.148001, 28.1539067, 0.0 ], [ 73.1479778, 28.1539064, 0.0 ], [ 73.1479831, 28.1536031, 0.0 ] ], [ [ 73.1479271, 28.1536024, 0.0 ], [ 73.1479502, 28.1536027, 0.0 ], [ 73.147945, 28.153906, 0.0 ], [ 73.1479218, 28.1539056, 0.0 ], [ 73.1479271, 28.1536024, 0.0 ] ], [ [ 73.1478018, 28.1576262, 0.0 ], [ 73.1478249, 28.1576265, 0.0 ], [ 73.1478197, 28.1579298, 0.0 ], [ 73.1477966, 28.1579295, 0.0 ], [ 73.1478018, 28.1576262, 0.0 ] ], [ [ 73.1477458, 28.1576254, 0.0 ], [ 73.1477689, 28.1576258, 0.0 ], [ 73.1477637, 28.157929, 0.0 ], [ 73.1477406, 28.1579287, 0.0 ], [ 73.1477458, 28.1576254, 0.0 ] ], [ [ 73.1477964, 28.1579379, 0.0 ], [ 73.1478195, 28.1579382, 0.0 ], [ 73.1478143, 28.1582415, 0.0 ], [ 73.1477912, 28.1582412, 0.0 ], [ 73.1477964, 28.1579379, 0.0 ] ], [ [ 73.1477404, 28.1579371, 0.0 ], [ 73.1477636, 28.1579374, 0.0 ], [ 73.1477583, 28.1582407, 0.0 ], [ 73.1477352, 28.1582404, 0.0 ], [ 73.1477404, 28.1579371, 0.0 ] ], [ [ 73.1478124, 28.1570067, 0.0 ], [ 73.1478356, 28.157007, 0.0 ], [ 73.1478304, 28.1573103, 0.0 ], [ 73.1478072, 28.15731, 0.0 ], [ 73.1478124, 28.1570067, 0.0 ] ], [ [ 73.1477565, 28.157006, 0.0 ], [ 73.1477796, 28.1570063, 0.0 ], [ 73.1477744, 28.1573096, 0.0 ], [ 73.1477512, 28.1573092, 0.0 ], [ 73.1477565, 28.157006, 0.0 ] ], [ [ 73.1478071, 28.1573184, 0.0 ], [ 73.1478302, 28.1573187, 0.0 ], [ 73.147825, 28.157622, 0.0 ], [ 73.1478019, 28.1576217, 0.0 ], [ 73.1478071, 28.1573184, 0.0 ] ], [ [ 73.1477511, 28.1573177, 0.0 ], [ 73.1477742, 28.157318, 0.0 ], [ 73.147769, 28.1576212, 0.0 ], [ 73.1477459, 28.1576209, 0.0 ], [ 73.1477511, 28.1573177, 0.0 ] ], [ [ 73.1478231, 28.1563873, 0.0 ], [ 73.1478462, 28.1563876, 0.0 ], [ 73.147841, 28.1566908, 0.0 ], [ 73.1478179, 28.1566905, 0.0 ], [ 73.1478231, 28.1563873, 0.0 ] ], [ [ 73.1477671, 28.1563865, 0.0 ], [ 73.1477903, 28.1563868, 0.0 ], [ 73.147785, 28.1566901, 0.0 ], [ 73.1477619, 28.1566898, 0.0 ], [ 73.1477671, 28.1563865, 0.0 ] ], [ [ 73.1478177, 28.156699, 0.0 ], [ 73.1478409, 28.1566993, 0.0 ], [ 73.1478357, 28.1570025, 0.0 ], [ 73.1478125, 28.1570022, 0.0 ], [ 73.1478177, 28.156699, 0.0 ] ], [ [ 73.1477618, 28.1566982, 0.0 ], [ 73.1477849, 28.1566985, 0.0 ], [ 73.1477797, 28.1570018, 0.0 ], [ 73.1477565, 28.1570015, 0.0 ], [ 73.1477618, 28.1566982, 0.0 ] ], [ [ 73.1478338, 28.1557678, 0.0 ], [ 73.1478569, 28.1557681, 0.0 ], [ 73.1478517, 28.1560714, 0.0 ], [ 73.1478286, 28.1560711, 0.0 ], [ 73.1478338, 28.1557678, 0.0 ] ], [ [ 73.1477778, 28.155767, 0.0 ], [ 73.1478009, 28.1557674, 0.0 ], [ 73.1477957, 28.1560706, 0.0 ], [ 73.1477726, 28.1560703, 0.0 ], [ 73.1477778, 28.155767, 0.0 ] ], [ [ 73.1478284, 28.1560795, 0.0 ], [ 73.1478515, 28.1560798, 0.0 ], [ 73.1478463, 28.1563831, 0.0 ], [ 73.1478232, 28.1563828, 0.0 ], [ 73.1478284, 28.1560795, 0.0 ] ], [ [ 73.1477724, 28.1560787, 0.0 ], [ 73.1477956, 28.156079, 0.0 ], [ 73.1477903, 28.1563823, 0.0 ], [ 73.1477672, 28.156382, 0.0 ], [ 73.1477724, 28.1560787, 0.0 ] ], [ [ 73.1478444, 28.1551483, 0.0 ], [ 73.1478676, 28.1551486, 0.0 ], [ 73.1478624, 28.1554519, 0.0 ], [ 73.1478392, 28.1554516, 0.0 ], [ 73.1478444, 28.1551483, 0.0 ] ], [ [ 73.1477885, 28.1551476, 0.0 ], [ 73.1478116, 28.1551479, 0.0 ], [ 73.1478064, 28.1554512, 0.0 ], [ 73.1477832, 28.1554508, 0.0 ], [ 73.1477885, 28.1551476, 0.0 ] ], [ [ 73.1478391, 28.15546, 0.0 ], [ 73.1478622, 28.1554603, 0.0 ], [ 73.147857, 28.1557636, 0.0 ], [ 73.1478339, 28.1557633, 0.0 ], [ 73.1478391, 28.15546, 0.0 ] ], [ [ 73.1477831, 28.1554593, 0.0 ], [ 73.1478062, 28.1554596, 0.0 ], [ 73.147801, 28.1557628, 0.0 ], [ 73.1477779, 28.1557625, 0.0 ], [ 73.1477831, 28.1554593, 0.0 ] ], [ [ 73.1478551, 28.1545289, 0.0 ], [ 73.1478782, 28.1545292, 0.0 ], [ 73.147873, 28.1548324, 0.0 ], [ 73.1478499, 28.1548321, 0.0 ], [ 73.1478551, 28.1545289, 0.0 ] ], [ [ 73.1477991, 28.1545281, 0.0 ], [ 73.1478223, 28.1545284, 0.0 ], [ 73.147817, 28.1548317, 0.0 ], [ 73.1477939, 28.1548314, 0.0 ], [ 73.1477991, 28.1545281, 0.0 ] ], [ [ 73.1478497, 28.1548406, 0.0 ], [ 73.1478729, 28.1548409, 0.0 ], [ 73.1478677, 28.1551441, 0.0 ], [ 73.1478445, 28.1551438, 0.0 ], [ 73.1478497, 28.1548406, 0.0 ] ], [ [ 73.1477938, 28.1548398, 0.0 ], [ 73.1478169, 28.1548401, 0.0 ], [ 73.1478117, 28.1551434, 0.0 ], [ 73.1477885, 28.1551431, 0.0 ], [ 73.1477938, 28.1548398, 0.0 ] ], [ [ 73.1478658, 28.1539094, 0.0 ], [ 73.1478889, 28.1539097, 0.0 ], [ 73.1478837, 28.154213, 0.0 ], [ 73.1478606, 28.1542127, 0.0 ], [ 73.1478658, 28.1539094, 0.0 ] ], [ [ 73.1478098, 28.1539086, 0.0 ], [ 73.1478329, 28.153909, 0.0 ], [ 73.1478277, 28.1542122, 0.0 ], [ 73.1478046, 28.1542119, 0.0 ], [ 73.1478098, 28.1539086, 0.0 ] ], [ [ 73.1478604, 28.1542211, 0.0 ], [ 73.1478835, 28.1542214, 0.0 ], [ 73.1478783, 28.1545247, 0.0 ], [ 73.1478552, 28.1545244, 0.0 ], [ 73.1478604, 28.1542211, 0.0 ] ], [ [ 73.1478044, 28.1542203, 0.0 ], [ 73.1478275, 28.1542206, 0.0 ], [ 73.1478223, 28.1545239, 0.0 ], [ 73.1477992, 28.1545236, 0.0 ], [ 73.1478044, 28.1542203, 0.0 ] ], [ [ 73.1478764, 28.1532899, 0.0 ], [ 73.1478996, 28.1532902, 0.0 ], [ 73.1478943, 28.1535935, 0.0 ], [ 73.1478712, 28.1535932, 0.0 ], [ 73.1478764, 28.1532899, 0.0 ] ], [ [ 73.1478205, 28.1532892, 0.0 ], [ 73.1478436, 28.1532895, 0.0 ], [ 73.1478384, 28.1535928, 0.0 ], [ 73.1478152, 28.1535924, 0.0 ], [ 73.1478205, 28.1532892, 0.0 ] ], [ [ 73.1478711, 28.1536016, 0.0 ], [ 73.1478942, 28.1536019, 0.0 ], [ 73.147889, 28.1539052, 0.0 ], [ 73.1478659, 28.1539049, 0.0 ], [ 73.1478711, 28.1536016, 0.0 ] ], [ [ 73.1478151, 28.1536009, 0.0 ], [ 73.1478382, 28.1536012, 0.0 ], [ 73.147833, 28.1539044, 0.0 ], [ 73.1478099, 28.1539041, 0.0 ], [ 73.1478151, 28.1536009, 0.0 ] ], [ [ 73.1476898, 28.1576247, 0.0 ], [ 73.1477129, 28.157625, 0.0 ], [ 73.1477077, 28.1579283, 0.0 ], [ 73.1476846, 28.157928, 0.0 ], [ 73.1476898, 28.1576247, 0.0 ] ], [ [ 73.1476338, 28.1576239, 0.0 ], [ 73.1476569, 28.1576242, 0.0 ], [ 73.1476517, 28.1579275, 0.0 ], [ 73.1476286, 28.1579272, 0.0 ], [ 73.1476338, 28.1576239, 0.0 ] ], [ [ 73.1476844, 28.1579364, 0.0 ], [ 73.1477076, 28.1579367, 0.0 ], [ 73.1477023, 28.15824, 0.0 ], [ 73.1476792, 28.1582396, 0.0 ], [ 73.1476844, 28.1579364, 0.0 ] ], [ [ 73.1476284, 28.1579356, 0.0 ], [ 73.1476516, 28.1579359, 0.0 ], [ 73.1476464, 28.1582392, 0.0 ], [ 73.1476232, 28.1582389, 0.0 ], [ 73.1476284, 28.1579356, 0.0 ] ], [ [ 73.1477005, 28.1570052, 0.0 ], [ 73.1477236, 28.1570055, 0.0 ], [ 73.1477184, 28.1573088, 0.0 ], [ 73.1476952, 28.1573085, 0.0 ], [ 73.1477005, 28.1570052, 0.0 ] ], [ [ 73.1476445, 28.1570045, 0.0 ], [ 73.1476676, 28.1570048, 0.0 ], [ 73.1476624, 28.157308, 0.0 ], [ 73.1476393, 28.1573077, 0.0 ], [ 73.1476445, 28.1570045, 0.0 ] ], [ [ 73.1476951, 28.1573169, 0.0 ], [ 73.1477182, 28.1573172, 0.0 ], [ 73.147713, 28.1576205, 0.0 ], [ 73.1476899, 28.1576202, 0.0 ], [ 73.1476951, 28.1573169, 0.0 ] ], [ [ 73.1476391, 28.1573161, 0.0 ], [ 73.1476622, 28.1573165, 0.0 ], [ 73.147657, 28.1576197, 0.0 ], [ 73.1476339, 28.1576194, 0.0 ], [ 73.1476391, 28.1573161, 0.0 ] ], [ [ 73.1477111, 28.1563858, 0.0 ], [ 73.1477343, 28.1563861, 0.0 ], [ 73.147729, 28.1566893, 0.0 ], [ 73.1477059, 28.156689, 0.0 ], [ 73.1477111, 28.1563858, 0.0 ] ], [ [ 73.1476551, 28.156385, 0.0 ], [ 73.1476783, 28.1563853, 0.0 ], [ 73.1476731, 28.1566886, 0.0 ], [ 73.1476499, 28.1566883, 0.0 ], [ 73.1476551, 28.156385, 0.0 ] ], [ [ 73.1477058, 28.1566974, 0.0 ], [ 73.1477289, 28.1566978, 0.0 ], [ 73.1477237, 28.157001, 0.0 ], [ 73.1477005, 28.1570007, 0.0 ], [ 73.1477058, 28.1566974, 0.0 ] ], [ [ 73.1476498, 28.1566967, 0.0 ], [ 73.1476729, 28.156697, 0.0 ], [ 73.1476677, 28.1570003, 0.0 ], [ 73.1476446, 28.1569999, 0.0 ], [ 73.1476498, 28.1566967, 0.0 ] ], [ [ 73.1477218, 28.1557663, 0.0 ], [ 73.1477449, 28.1557666, 0.0 ], [ 73.1477397, 28.1560699, 0.0 ], [ 73.1477166, 28.1560696, 0.0 ], [ 73.1477218, 28.1557663, 0.0 ] ], [ [ 73.1476658, 28.1557655, 0.0 ], [ 73.1476889, 28.1557658, 0.0 ], [ 73.1476837, 28.1560691, 0.0 ], [ 73.1476606, 28.1560688, 0.0 ], [ 73.1476658, 28.1557655, 0.0 ] ], [ [ 73.1477164, 28.156078, 0.0 ], [ 73.1477396, 28.1560783, 0.0 ], [ 73.1477343, 28.1563816, 0.0 ], [ 73.1477112, 28.1563812, 0.0 ], [ 73.1477164, 28.156078, 0.0 ] ], [ [ 73.1476604, 28.1560772, 0.0 ], [ 73.1476836, 28.1560775, 0.0 ], [ 73.1476784, 28.1563808, 0.0 ], [ 73.1476552, 28.1563805, 0.0 ], [ 73.1476604, 28.1560772, 0.0 ] ], [ [ 73.1477325, 28.1551468, 0.0 ], [ 73.1477556, 28.1551471, 0.0 ], [ 73.1477504, 28.1554504, 0.0 ], [ 73.1477272, 28.1554501, 0.0 ], [ 73.1477325, 28.1551468, 0.0 ] ], [ [ 73.1476765, 28.1551461, 0.0 ], [ 73.1476996, 28.1551464, 0.0 ], [ 73.1476944, 28.1554496, 0.0 ], [ 73.1476713, 28.1554493, 0.0 ], [ 73.1476765, 28.1551461, 0.0 ] ], [ [ 73.1477271, 28.1554585, 0.0 ], [ 73.1477502, 28.1554588, 0.0 ], [ 73.147745, 28.1557621, 0.0 ], [ 73.1477219, 28.1557618, 0.0 ], [ 73.1477271, 28.1554585, 0.0 ] ], [ [ 73.1476711, 28.1554577, 0.0 ], [ 73.1476942, 28.1554581, 0.0 ], [ 73.147689, 28.1557613, 0.0 ], [ 73.1476659, 28.155761, 0.0 ], [ 73.1476711, 28.1554577, 0.0 ] ], [ [ 73.1477431, 28.1545274, 0.0 ], [ 73.1477663, 28.1545277, 0.0 ], [ 73.147761, 28.1548309, 0.0 ], [ 73.1477379, 28.1548306, 0.0 ], [ 73.1477431, 28.1545274, 0.0 ] ], [ [ 73.1476871, 28.1545266, 0.0 ], [ 73.1477103, 28.1545269, 0.0 ], [ 73.1477051, 28.1548302, 0.0 ], [ 73.1476819, 28.1548299, 0.0 ], [ 73.1476871, 28.1545266, 0.0 ] ], [ [ 73.1477378, 28.154839, 0.0 ], [ 73.1477609, 28.1548394, 0.0 ], [ 73.1477557, 28.1551426, 0.0 ], [ 73.1477325, 28.1551423, 0.0 ], [ 73.1477378, 28.154839, 0.0 ] ], [ [ 73.1476818, 28.1548383, 0.0 ], [ 73.1477049, 28.1548386, 0.0 ], [ 73.1476997, 28.1551419, 0.0 ], [ 73.1476766, 28.1551416, 0.0 ], [ 73.1476818, 28.1548383, 0.0 ] ], [ [ 73.1477538, 28.1539079, 0.0 ], [ 73.1477769, 28.1539082, 0.0 ], [ 73.1477717, 28.1542115, 0.0 ], [ 73.1477486, 28.1542112, 0.0 ], [ 73.1477538, 28.1539079, 0.0 ] ], [ [ 73.1476978, 28.1539071, 0.0 ], [ 73.1477209, 28.1539074, 0.0 ], [ 73.1477157, 28.1542107, 0.0 ], [ 73.1476926, 28.1542104, 0.0 ], [ 73.1476978, 28.1539071, 0.0 ] ], [ [ 73.1477484, 28.1542196, 0.0 ], [ 73.1477716, 28.1542199, 0.0 ], [ 73.1477663, 28.1545232, 0.0 ], [ 73.1477432, 28.1545228, 0.0 ], [ 73.1477484, 28.1542196, 0.0 ] ], [ [ 73.1476924, 28.1542188, 0.0 ], [ 73.1477156, 28.1542191, 0.0 ], [ 73.1477103, 28.1545224, 0.0 ], [ 73.1476872, 28.1545221, 0.0 ], [ 73.1476924, 28.1542188, 0.0 ] ], [ [ 73.1477645, 28.1532884, 0.0 ], [ 73.1477876, 28.1532887, 0.0 ], [ 73.1477824, 28.153592, 0.0 ], [ 73.1477592, 28.1535917, 0.0 ], [ 73.1477645, 28.1532884, 0.0 ] ], [ [ 73.1477085, 28.1532877, 0.0 ], [ 73.1477316, 28.153288, 0.0 ], [ 73.1477264, 28.1535912, 0.0 ], [ 73.1477033, 28.1535909, 0.0 ], [ 73.1477085, 28.1532877, 0.0 ] ], [ [ 73.1477591, 28.1536001, 0.0 ], [ 73.1477822, 28.1536004, 0.0 ], [ 73.147777, 28.1539037, 0.0 ], [ 73.1477539, 28.1539034, 0.0 ], [ 73.1477591, 28.1536001, 0.0 ] ], [ [ 73.1477031, 28.1535994, 0.0 ], [ 73.1477262, 28.1535997, 0.0 ], [ 73.147721, 28.1539029, 0.0 ], [ 73.1476979, 28.1539026, 0.0 ], [ 73.1477031, 28.1535994, 0.0 ] ], [ [ 73.1475778, 28.1576232, 0.0 ], [ 73.1476009, 28.1576235, 0.0 ], [ 73.1475957, 28.1579267, 0.0 ], [ 73.1475726, 28.1579264, 0.0 ], [ 73.1475778, 28.1576232, 0.0 ] ], [ [ 73.1475218, 28.1576224, 0.0 ], [ 73.147545, 28.1576227, 0.0 ], [ 73.1475397, 28.157926, 0.0 ], [ 73.1475166, 28.1579257, 0.0 ], [ 73.1475218, 28.1576224, 0.0 ] ], [ [ 73.1475725, 28.1579349, 0.0 ], [ 73.1475956, 28.1579352, 0.0 ], [ 73.1475904, 28.1582384, 0.0 ], [ 73.1475672, 28.1582381, 0.0 ], [ 73.1475725, 28.1579349, 0.0 ] ], [ [ 73.1475165, 28.1579341, 0.0 ], [ 73.1475396, 28.1579344, 0.0 ], [ 73.1475344, 28.1582377, 0.0 ], [ 73.1475112, 28.1582374, 0.0 ], [ 73.1475165, 28.1579341, 0.0 ] ], [ [ 73.1475885, 28.1570037, 0.0 ], [ 73.1476116, 28.157004, 0.0 ], [ 73.1476064, 28.1573073, 0.0 ], [ 73.1475833, 28.157307, 0.0 ], [ 73.1475885, 28.1570037, 0.0 ] ], [ [ 73.1475325, 28.1570029, 0.0 ], [ 73.1475556, 28.1570033, 0.0 ], [ 73.1475504, 28.1573065, 0.0 ], [ 73.1475273, 28.1573062, 0.0 ], [ 73.1475325, 28.1570029, 0.0 ] ], [ [ 73.1475831, 28.1573154, 0.0 ], [ 73.1476062, 28.1573157, 0.0 ], [ 73.147601, 28.157619, 0.0 ], [ 73.1475779, 28.1576187, 0.0 ], [ 73.1475831, 28.1573154, 0.0 ] ], [ [ 73.1475271, 28.1573146, 0.0 ], [ 73.1475503, 28.1573149, 0.0 ], [ 73.147545, 28.1576182, 0.0 ], [ 73.1475219, 28.1576179, 0.0 ], [ 73.1475271, 28.1573146, 0.0 ] ], [ [ 73.1475992, 28.1563842, 0.0 ], [ 73.1476223, 28.1563845, 0.0 ], [ 73.1476171, 28.1566878, 0.0 ], [ 73.1475939, 28.1566875, 0.0 ], [ 73.1475992, 28.1563842, 0.0 ] ], [ [ 73.1475432, 28.1563835, 0.0 ], [ 73.1475663, 28.1563838, 0.0 ], [ 73.1475611, 28.1566871, 0.0 ], [ 73.1475379, 28.1566867, 0.0 ], [ 73.1475432, 28.1563835, 0.0 ] ], [ [ 73.1475938, 28.1566959, 0.0 ], [ 73.1476169, 28.1566962, 0.0 ], [ 73.1476117, 28.1569995, 0.0 ], [ 73.1475886, 28.1569992, 0.0 ], [ 73.1475938, 28.1566959, 0.0 ] ], [ [ 73.1475378, 28.1566952, 0.0 ], [ 73.1475609, 28.1566955, 0.0 ], [ 73.1475557, 28.1569987, 0.0 ], [ 73.1475326, 28.1569984, 0.0 ], [ 73.1475378, 28.1566952, 0.0 ] ], [ [ 73.1476098, 28.1557648, 0.0 ], [ 73.147633, 28.1557651, 0.0 ], [ 73.1476277, 28.1560684, 0.0 ], [ 73.1476046, 28.156068, 0.0 ], [ 73.1476098, 28.1557648, 0.0 ] ], [ [ 73.1475538, 28.155764, 0.0 ], [ 73.147577, 28.1557643, 0.0 ], [ 73.1475717, 28.1560676, 0.0 ], [ 73.1475486, 28.1560673, 0.0 ], [ 73.1475538, 28.155764, 0.0 ] ], [ [ 73.1476045, 28.1560765, 0.0 ], [ 73.1476276, 28.1560768, 0.0 ], [ 73.1476224, 28.15638, 0.0 ], [ 73.1475992, 28.1563797, 0.0 ], [ 73.1476045, 28.1560765, 0.0 ] ], [ [ 73.1475485, 28.1560757, 0.0 ], [ 73.1475716, 28.156076, 0.0 ], [ 73.1475664, 28.1563793, 0.0 ], [ 73.1475432, 28.156379, 0.0 ], [ 73.1475485, 28.1560757, 0.0 ] ], [ [ 73.1476205, 28.1551453, 0.0 ], [ 73.1476436, 28.1551456, 0.0 ], [ 73.1476384, 28.1554489, 0.0 ], [ 73.1476153, 28.1554486, 0.0 ], [ 73.1476205, 28.1551453, 0.0 ] ], [ [ 73.1475645, 28.1551445, 0.0 ], [ 73.1475876, 28.1551449, 0.0 ], [ 73.1475824, 28.1554481, 0.0 ], [ 73.1475593, 28.1554478, 0.0 ], [ 73.1475645, 28.1551445, 0.0 ] ], [ [ 73.1476151, 28.155457, 0.0 ], [ 73.1476383, 28.1554573, 0.0 ], [ 73.147633, 28.1557606, 0.0 ], [ 73.1476099, 28.1557603, 0.0 ], [ 73.1476151, 28.155457, 0.0 ] ], [ [ 73.1475591, 28.1554562, 0.0 ], [ 73.1475823, 28.1554565, 0.0 ], [ 73.147577, 28.1557598, 0.0 ], [ 73.1475539, 28.1557595, 0.0 ], [ 73.1475591, 28.1554562, 0.0 ] ], [ [ 73.1476312, 28.1545258, 0.0 ], [ 73.1476543, 28.1545262, 0.0 ], [ 73.1476491, 28.1548294, 0.0 ], [ 73.1476259, 28.1548291, 0.0 ], [ 73.1476312, 28.1545258, 0.0 ] ], [ [ 73.1475752, 28.1545251, 0.0 ], [ 73.1475983, 28.1545254, 0.0 ], [ 73.1475931, 28.1548287, 0.0 ], [ 73.1475699, 28.1548284, 0.0 ], [ 73.1475752, 28.1545251, 0.0 ] ], [ [ 73.1476258, 28.1548375, 0.0 ], [ 73.1476489, 28.1548378, 0.0 ], [ 73.1476437, 28.1551411, 0.0 ], [ 73.1476206, 28.1551408, 0.0 ], [ 73.1476258, 28.1548375, 0.0 ] ], [ [ 73.1475698, 28.1548368, 0.0 ], [ 73.1475929, 28.1548371, 0.0 ], [ 73.1475877, 28.1551403, 0.0 ], [ 73.1475646, 28.15514, 0.0 ], [ 73.1475698, 28.1548368, 0.0 ] ], [ [ 73.1476418, 28.1539064, 0.0 ], [ 73.1476649, 28.1539067, 0.0 ], [ 73.1476597, 28.15421, 0.0 ], [ 73.1476366, 28.1542096, 0.0 ], [ 73.1476418, 28.1539064, 0.0 ] ], [ [ 73.1475858, 28.1539056, 0.0 ], [ 73.147609, 28.1539059, 0.0 ], [ 73.1476037, 28.1542092, 0.0 ], [ 73.1475806, 28.1542089, 0.0 ], [ 73.1475858, 28.1539056, 0.0 ] ], [ [ 73.1476365, 28.1542181, 0.0 ], [ 73.1476596, 28.1542184, 0.0 ], [ 73.1476544, 28.1545216, 0.0 ], [ 73.1476312, 28.1545213, 0.0 ], [ 73.1476365, 28.1542181, 0.0 ] ], [ [ 73.1475805, 28.1542173, 0.0 ], [ 73.1476036, 28.1542176, 0.0 ], [ 73.1475984, 28.1545209, 0.0 ], [ 73.1475752, 28.1545206, 0.0 ], [ 73.1475805, 28.1542173, 0.0 ] ], [ [ 73.1476525, 28.1532869, 0.0 ], [ 73.1476756, 28.1532872, 0.0 ], [ 73.1476704, 28.1535905, 0.0 ], [ 73.1476473, 28.1535902, 0.0 ], [ 73.1476525, 28.1532869, 0.0 ] ], [ [ 73.1475965, 28.1532861, 0.0 ], [ 73.1476196, 28.1532865, 0.0 ], [ 73.1476144, 28.1535897, 0.0 ], [ 73.1475913, 28.1535894, 0.0 ], [ 73.1475965, 28.1532861, 0.0 ] ], [ [ 73.1476471, 28.1535986, 0.0 ], [ 73.1476702, 28.1535989, 0.0 ], [ 73.147665, 28.1539022, 0.0 ], [ 73.1476419, 28.1539019, 0.0 ], [ 73.1476471, 28.1535986, 0.0 ] ], [ [ 73.1475911, 28.1535978, 0.0 ], [ 73.1476143, 28.1535981, 0.0 ], [ 73.147609, 28.1539014, 0.0 ], [ 73.1475859, 28.1539011, 0.0 ], [ 73.1475911, 28.1535978, 0.0 ] ], [ [ 73.1476632, 28.1526674, 0.0 ], [ 73.1476863, 28.1526678, 0.0 ], [ 73.1476811, 28.152971, 0.0 ], [ 73.1476579, 28.1529707, 0.0 ], [ 73.1476632, 28.1526674, 0.0 ] ], [ [ 73.1476072, 28.1526667, 0.0 ], [ 73.1476303, 28.152667, 0.0 ], [ 73.1476251, 28.1529703, 0.0 ], [ 73.1476019, 28.15297, 0.0 ], [ 73.1476072, 28.1526667, 0.0 ] ], [ [ 73.1476578, 28.1529791, 0.0 ], [ 73.1476809, 28.1529794, 0.0 ], [ 73.1476757, 28.1532827, 0.0 ], [ 73.1476526, 28.1532824, 0.0 ], [ 73.1476578, 28.1529791, 0.0 ] ], [ [ 73.1476018, 28.1529784, 0.0 ], [ 73.1476249, 28.1529787, 0.0 ], [ 73.1476197, 28.153282, 0.0 ], [ 73.1475966, 28.1532816, 0.0 ], [ 73.1476018, 28.1529784, 0.0 ] ], [ [ 73.1474784, 28.1568939, 0.0 ], [ 73.1475015, 28.1568942, 0.0 ], [ 73.1474963, 28.1571975, 0.0 ], [ 73.1474731, 28.1571972, 0.0 ], [ 73.1474784, 28.1568939, 0.0 ] ], [ [ 73.1474224, 28.1568932, 0.0 ], [ 73.1474455, 28.1568935, 0.0 ], [ 73.1474403, 28.1571967, 0.0 ], [ 73.1474172, 28.1571964, 0.0 ], [ 73.1474224, 28.1568932, 0.0 ] ], [ [ 73.147473, 28.1572056, 0.0 ], [ 73.1474961, 28.1572059, 0.0 ], [ 73.1474909, 28.1575092, 0.0 ], [ 73.1474678, 28.1575089, 0.0 ], [ 73.147473, 28.1572056, 0.0 ] ], [ [ 73.147417, 28.1572048, 0.0 ], [ 73.1474401, 28.1572052, 0.0 ], [ 73.1474349, 28.1575084, 0.0 ], [ 73.1474118, 28.1575081, 0.0 ], [ 73.147417, 28.1572048, 0.0 ] ], [ [ 73.147489, 28.1562745, 0.0 ], [ 73.1475122, 28.1562748, 0.0 ], [ 73.1475069, 28.156578, 0.0 ], [ 73.1474838, 28.1565777, 0.0 ], [ 73.147489, 28.1562745, 0.0 ] ], [ [ 73.147433, 28.1562737, 0.0 ], [ 73.1474562, 28.156274, 0.0 ], [ 73.147451, 28.1565773, 0.0 ], [ 73.1474278, 28.156577, 0.0 ], [ 73.147433, 28.1562737, 0.0 ] ], [ [ 73.1474837, 28.1565861, 0.0 ], [ 73.1475068, 28.1565865, 0.0 ], [ 73.1475016, 28.1568897, 0.0 ], [ 73.1474784, 28.1568894, 0.0 ], [ 73.1474837, 28.1565861, 0.0 ] ], [ [ 73.1474277, 28.1565854, 0.0 ], [ 73.1474508, 28.1565857, 0.0 ], [ 73.1474456, 28.156889, 0.0 ], [ 73.1474225, 28.1568887, 0.0 ], [ 73.1474277, 28.1565854, 0.0 ] ], [ [ 73.1474997, 28.155655, 0.0 ], [ 73.1475228, 28.1556553, 0.0 ], [ 73.1475176, 28.1559586, 0.0 ], [ 73.1474945, 28.1559583, 0.0 ], [ 73.1474997, 28.155655, 0.0 ] ], [ [ 73.1474437, 28.1556542, 0.0 ], [ 73.1474668, 28.1556545, 0.0 ], [ 73.1474616, 28.1559578, 0.0 ], [ 73.1474385, 28.1559575, 0.0 ], [ 73.1474437, 28.1556542, 0.0 ] ], [ [ 73.1474943, 28.1559667, 0.0 ], [ 73.1475175, 28.155967, 0.0 ], [ 73.1475122, 28.1562703, 0.0 ], [ 73.1474891, 28.1562699, 0.0 ], [ 73.1474943, 28.1559667, 0.0 ] ], [ [ 73.1474383, 28.1559659, 0.0 ], [ 73.1474615, 28.1559662, 0.0 ], [ 73.1474563, 28.1562695, 0.0 ], [ 73.1474331, 28.1562692, 0.0 ], [ 73.1474383, 28.1559659, 0.0 ] ], [ [ 73.1475104, 28.1550355, 0.0 ], [ 73.1475335, 28.1550358, 0.0 ], [ 73.1475283, 28.1553391, 0.0 ], [ 73.1475052, 28.1553388, 0.0 ], [ 73.1475104, 28.1550355, 0.0 ] ], [ [ 73.1474544, 28.1550348, 0.0 ], [ 73.1474775, 28.1550351, 0.0 ], [ 73.1474723, 28.1553383, 0.0 ], [ 73.1474492, 28.155338, 0.0 ], [ 73.1474544, 28.1550348, 0.0 ] ], [ [ 73.147505, 28.1553472, 0.0 ], [ 73.1475281, 28.1553475, 0.0 ], [ 73.1475229, 28.1556508, 0.0 ], [ 73.1474998, 28.1556505, 0.0 ], [ 73.147505, 28.1553472, 0.0 ] ], [ [ 73.147449, 28.1553465, 0.0 ], [ 73.1474721, 28.1553468, 0.0 ], [ 73.1474669, 28.15565, 0.0 ], [ 73.1474438, 28.1556497, 0.0 ], [ 73.147449, 28.1553465, 0.0 ] ], [ [ 73.147521, 28.1544161, 0.0 ], [ 73.1475442, 28.1544164, 0.0 ], [ 73.1475389, 28.1547196, 0.0 ], [ 73.1475158, 28.1547193, 0.0 ], [ 73.147521, 28.1544161, 0.0 ] ], [ [ 73.1474651, 28.1544153, 0.0 ], [ 73.1474882, 28.1544156, 0.0 ], [ 73.147483, 28.1547189, 0.0 ], [ 73.1474598, 28.1547186, 0.0 ], [ 73.1474651, 28.1544153, 0.0 ] ], [ [ 73.1475157, 28.1547277, 0.0 ], [ 73.1475388, 28.1547281, 0.0 ], [ 73.1475336, 28.1550313, 0.0 ], [ 73.1475105, 28.155031, 0.0 ], [ 73.1475157, 28.1547277, 0.0 ] ], [ [ 73.1474597, 28.154727, 0.0 ], [ 73.1474828, 28.1547273, 0.0 ], [ 73.1474776, 28.1550306, 0.0 ], [ 73.1474545, 28.1550303, 0.0 ], [ 73.1474597, 28.154727, 0.0 ] ], [ [ 73.1475317, 28.1537966, 0.0 ], [ 73.1475548, 28.1537969, 0.0 ], [ 73.1475496, 28.1541002, 0.0 ], [ 73.1475265, 28.1540999, 0.0 ], [ 73.1475317, 28.1537966, 0.0 ] ], [ [ 73.1474757, 28.1537958, 0.0 ], [ 73.1474988, 28.1537961, 0.0 ], [ 73.1474936, 28.1540994, 0.0 ], [ 73.1474705, 28.1540991, 0.0 ], [ 73.1474757, 28.1537958, 0.0 ] ], [ [ 73.1475263, 28.1541083, 0.0 ], [ 73.1475495, 28.1541086, 0.0 ], [ 73.1475442, 28.1544119, 0.0 ], [ 73.1475211, 28.1544115, 0.0 ], [ 73.1475263, 28.1541083, 0.0 ] ], [ [ 73.1474704, 28.1541075, 0.0 ], [ 73.1474935, 28.1541078, 0.0 ], [ 73.1474883, 28.1544111, 0.0 ], [ 73.1474651, 28.1544108, 0.0 ], [ 73.1474704, 28.1541075, 0.0 ] ], [ [ 73.1475424, 28.1531771, 0.0 ], [ 73.1475655, 28.1531774, 0.0 ], [ 73.1475603, 28.1534807, 0.0 ], [ 73.1475372, 28.1534804, 0.0 ], [ 73.1475424, 28.1531771, 0.0 ] ], [ [ 73.1474864, 28.1531764, 0.0 ], [ 73.1475095, 28.1531767, 0.0 ], [ 73.1475043, 28.1534799, 0.0 ], [ 73.1474812, 28.1534796, 0.0 ], [ 73.1474864, 28.1531764, 0.0 ] ], [ [ 73.147537, 28.1534888, 0.0 ], [ 73.1475601, 28.1534891, 0.0 ], [ 73.1475549, 28.1537924, 0.0 ], [ 73.1475318, 28.1537921, 0.0 ], [ 73.147537, 28.1534888, 0.0 ] ], [ [ 73.147481, 28.1534881, 0.0 ], [ 73.1475041, 28.1534884, 0.0 ], [ 73.1474989, 28.1537916, 0.0 ], [ 73.1474758, 28.1537913, 0.0 ], [ 73.147481, 28.1534881, 0.0 ] ], [ [ 73.147553, 28.1525577, 0.0 ], [ 73.1475762, 28.152558, 0.0 ], [ 73.1475709, 28.1528612, 0.0 ], [ 73.1475478, 28.1528609, 0.0 ], [ 73.147553, 28.1525577, 0.0 ] ], [ [ 73.1474971, 28.1525569, 0.0 ], [ 73.1475202, 28.1525572, 0.0 ], [ 73.147515, 28.1528605, 0.0 ], [ 73.1474918, 28.1528602, 0.0 ], [ 73.1474971, 28.1525569, 0.0 ] ], [ [ 73.1475477, 28.1528693, 0.0 ], [ 73.1475708, 28.1528697, 0.0 ], [ 73.1475656, 28.1531729, 0.0 ], [ 73.1475425, 28.1531726, 0.0 ], [ 73.1475477, 28.1528693, 0.0 ] ], [ [ 73.1474917, 28.1528686, 0.0 ], [ 73.1475148, 28.1528689, 0.0 ], [ 73.1475096, 28.1531722, 0.0 ], [ 73.1474865, 28.1531719, 0.0 ], [ 73.1474917, 28.1528686, 0.0 ] ], [ [ 73.1473664, 28.1568924, 0.0 ], [ 73.1473895, 28.1568927, 0.0 ], [ 73.1473843, 28.157196, 0.0 ], [ 73.1473612, 28.1571957, 0.0 ], [ 73.1473664, 28.1568924, 0.0 ] ], [ [ 73.1473104, 28.1568916, 0.0 ], [ 73.1473335, 28.156892, 0.0 ], [ 73.1473283, 28.1571952, 0.0 ], [ 73.1473052, 28.1571949, 0.0 ], [ 73.1473104, 28.1568916, 0.0 ] ], [ [ 73.147361, 28.1572041, 0.0 ], [ 73.1473842, 28.1572044, 0.0 ], [ 73.1473789, 28.1575077, 0.0 ], [ 73.1473558, 28.1575074, 0.0 ], [ 73.147361, 28.1572041, 0.0 ] ], [ [ 73.147305, 28.1572033, 0.0 ], [ 73.1473282, 28.1572036, 0.0 ], [ 73.1473229, 28.1575069, 0.0 ], [ 73.1472998, 28.1575066, 0.0 ], [ 73.147305, 28.1572033, 0.0 ] ], [ [ 73.1473771, 28.1562729, 0.0 ], [ 73.1474002, 28.1562733, 0.0 ], [ 73.147395, 28.1565765, 0.0 ], [ 73.1473718, 28.1565762, 0.0 ], [ 73.1473771, 28.1562729, 0.0 ] ], [ [ 73.1473211, 28.1562722, 0.0 ], [ 73.1473442, 28.1562725, 0.0 ], [ 73.147339, 28.1565758, 0.0 ], [ 73.1473158, 28.1565755, 0.0 ], [ 73.1473211, 28.1562722, 0.0 ] ], [ [ 73.1473717, 28.1565846, 0.0 ], [ 73.1473948, 28.1565849, 0.0 ], [ 73.1473896, 28.1568882, 0.0 ], [ 73.1473665, 28.1568879, 0.0 ], [ 73.1473717, 28.1565846, 0.0 ] ], [ [ 73.1473157, 28.1565839, 0.0 ], [ 73.1473388, 28.1565842, 0.0 ], [ 73.1473336, 28.1568874, 0.0 ], [ 73.1473105, 28.1568871, 0.0 ], [ 73.1473157, 28.1565839, 0.0 ] ], [ [ 73.1473877, 28.1556535, 0.0 ], [ 73.1474109, 28.1556538, 0.0 ], [ 73.1474056, 28.1559571, 0.0 ], [ 73.1473825, 28.1559567, 0.0 ], [ 73.1473877, 28.1556535, 0.0 ] ], [ [ 73.1473317, 28.1556527, 0.0 ], [ 73.1473549, 28.155653, 0.0 ], [ 73.1473496, 28.1559563, 0.0 ], [ 73.1473265, 28.155956, 0.0 ], [ 73.1473317, 28.1556527, 0.0 ] ], [ [ 73.1473824, 28.1559652, 0.0 ], [ 73.1474055, 28.1559655, 0.0 ], [ 73.1474003, 28.1562687, 0.0 ], [ 73.1473771, 28.1562684, 0.0 ], [ 73.1473824, 28.1559652, 0.0 ] ], [ [ 73.1473264, 28.1559644, 0.0 ], [ 73.1473495, 28.1559647, 0.0 ], [ 73.1473443, 28.156268, 0.0 ], [ 73.1473211, 28.1562677, 0.0 ], [ 73.1473264, 28.1559644, 0.0 ] ], [ [ 73.1473984, 28.155034, 0.0 ], [ 73.1474215, 28.1550343, 0.0 ], [ 73.1474163, 28.1553376, 0.0 ], [ 73.1473932, 28.1553373, 0.0 ], [ 73.1473984, 28.155034, 0.0 ] ], [ [ 73.1473424, 28.1550333, 0.0 ], [ 73.1473655, 28.1550336, 0.0 ], [ 73.1473603, 28.1553368, 0.0 ], [ 73.1473372, 28.1553365, 0.0 ], [ 73.1473424, 28.1550333, 0.0 ] ], [ [ 73.147393, 28.1553457, 0.0 ], [ 73.1474162, 28.155346, 0.0 ], [ 73.1474109, 28.1556493, 0.0 ], [ 73.1473878, 28.155649, 0.0 ], [ 73.147393, 28.1553457, 0.0 ] ], [ [ 73.147337, 28.1553449, 0.0 ], [ 73.1473602, 28.1553452, 0.0 ], [ 73.1473549, 28.1556485, 0.0 ], [ 73.1473318, 28.1556482, 0.0 ], [ 73.147337, 28.1553449, 0.0 ] ], [ [ 73.1474091, 28.1544145, 0.0 ], [ 73.1474322, 28.1544149, 0.0 ], [ 73.147427, 28.1547181, 0.0 ], [ 73.1474038, 28.1547178, 0.0 ], [ 73.1474091, 28.1544145, 0.0 ] ], [ [ 73.1473531, 28.1544138, 0.0 ], [ 73.1473762, 28.1544141, 0.0 ], [ 73.147371, 28.1547174, 0.0 ], [ 73.1473479, 28.1547171, 0.0 ], [ 73.1473531, 28.1544138, 0.0 ] ], [ [ 73.1474037, 28.1547262, 0.0 ], [ 73.1474268, 28.1547265, 0.0 ], [ 73.1474216, 28.1550298, 0.0 ], [ 73.1473985, 28.1550295, 0.0 ], [ 73.1474037, 28.1547262, 0.0 ] ], [ [ 73.1473477, 28.1547255, 0.0 ], [ 73.1473708, 28.1547258, 0.0 ], [ 73.1473656, 28.1550291, 0.0 ], [ 73.1473425, 28.1550287, 0.0 ], [ 73.1473477, 28.1547255, 0.0 ] ], [ [ 73.1474197, 28.1537951, 0.0 ], [ 73.1474429, 28.1537954, 0.0 ], [ 73.1474376, 28.1540987, 0.0 ], [ 73.1474145, 28.1540983, 0.0 ], [ 73.1474197, 28.1537951, 0.0 ] ], [ [ 73.1473637, 28.1537943, 0.0 ], [ 73.1473869, 28.1537946, 0.0 ], [ 73.1473816, 28.1540979, 0.0 ], [ 73.1473585, 28.1540976, 0.0 ], [ 73.1473637, 28.1537943, 0.0 ] ], [ [ 73.1474144, 28.1541068, 0.0 ], [ 73.1474375, 28.1541071, 0.0 ], [ 73.1474323, 28.1544103, 0.0 ], [ 73.1474091, 28.15441, 0.0 ], [ 73.1474144, 28.1541068, 0.0 ] ], [ [ 73.1473584, 28.154106, 0.0 ], [ 73.1473815, 28.1541063, 0.0 ], [ 73.1473763, 28.1544096, 0.0 ], [ 73.1473532, 28.1544093, 0.0 ], [ 73.1473584, 28.154106, 0.0 ] ], [ [ 73.1474304, 28.1531756, 0.0 ], [ 73.1474535, 28.1531759, 0.0 ], [ 73.1474483, 28.1534792, 0.0 ], [ 73.1474252, 28.1534789, 0.0 ], [ 73.1474304, 28.1531756, 0.0 ] ], [ [ 73.1473744, 28.1531749, 0.0 ], [ 73.1473975, 28.1531752, 0.0 ], [ 73.1473923, 28.1534784, 0.0 ], [ 73.1473692, 28.1534781, 0.0 ], [ 73.1473744, 28.1531749, 0.0 ] ], [ [ 73.147425, 28.1534873, 0.0 ], [ 73.1474482, 28.1534876, 0.0 ], [ 73.1474429, 28.1537909, 0.0 ], [ 73.1474198, 28.1537906, 0.0 ], [ 73.147425, 28.1534873, 0.0 ] ], [ [ 73.147369, 28.1534865, 0.0 ], [ 73.1473922, 28.1534869, 0.0 ], [ 73.1473869, 28.1537901, 0.0 ], [ 73.1473638, 28.1537898, 0.0 ], [ 73.147369, 28.1534865, 0.0 ] ], [ [ 73.1474411, 28.1525561, 0.0 ], [ 73.1474642, 28.1525565, 0.0 ], [ 73.147459, 28.1528597, 0.0 ], [ 73.1474358, 28.1528594, 0.0 ], [ 73.1474411, 28.1525561, 0.0 ] ], [ [ 73.1473851, 28.1525554, 0.0 ], [ 73.1474082, 28.1525557, 0.0 ], [ 73.147403, 28.152859, 0.0 ], [ 73.1473799, 28.1528587, 0.0 ], [ 73.1473851, 28.1525554, 0.0 ] ], [ [ 73.1474357, 28.1528678, 0.0 ], [ 73.1474588, 28.1528681, 0.0 ], [ 73.1474536, 28.1531714, 0.0 ], [ 73.1474305, 28.1531711, 0.0 ], [ 73.1474357, 28.1528678, 0.0 ] ], [ [ 73.1473797, 28.1528671, 0.0 ], [ 73.1474028, 28.1528674, 0.0 ], [ 73.1473976, 28.1531707, 0.0 ], [ 73.1473745, 28.1531703, 0.0 ], [ 73.1473797, 28.1528671, 0.0 ] ], [ [ 73.1472544, 28.1568909, 0.0 ], [ 73.1472775, 28.1568912, 0.0 ], [ 73.1472723, 28.1571945, 0.0 ], [ 73.1472492, 28.1571942, 0.0 ], [ 73.1472544, 28.1568909, 0.0 ] ], [ [ 73.1471984, 28.1568901, 0.0 ], [ 73.1472215, 28.1568904, 0.0 ], [ 73.1472163, 28.1571937, 0.0 ], [ 73.1471932, 28.1571934, 0.0 ], [ 73.1471984, 28.1568901, 0.0 ] ], [ [ 73.147249, 28.1572026, 0.0 ], [ 73.1472722, 28.1572029, 0.0 ], [ 73.1472669, 28.1575062, 0.0 ], [ 73.1472438, 28.1575058, 0.0 ], [ 73.147249, 28.1572026, 0.0 ] ], [ [ 73.1471931, 28.1572018, 0.0 ], [ 73.1472162, 28.1572021, 0.0 ], [ 73.147211, 28.1575054, 0.0 ], [ 73.1471878, 28.1575051, 0.0 ], [ 73.1471931, 28.1572018, 0.0 ] ], [ [ 73.1472651, 28.1562714, 0.0 ], [ 73.1472882, 28.1562717, 0.0 ], [ 73.147283, 28.156575, 0.0 ], [ 73.1472599, 28.1565747, 0.0 ], [ 73.1472651, 28.1562714, 0.0 ] ], [ [ 73.1472091, 28.1562707, 0.0 ], [ 73.1472322, 28.156271, 0.0 ], [ 73.147227, 28.1565742, 0.0 ], [ 73.1472039, 28.1565739, 0.0 ], [ 73.1472091, 28.1562707, 0.0 ] ], [ [ 73.1472597, 28.1565831, 0.0 ], [ 73.1472828, 28.1565834, 0.0 ], [ 73.1472776, 28.1568867, 0.0 ], [ 73.1472545, 28.1568864, 0.0 ], [ 73.1472597, 28.1565831, 0.0 ] ], [ [ 73.1472037, 28.1565824, 0.0 ], [ 73.1472269, 28.1565827, 0.0 ], [ 73.1472216, 28.1568859, 0.0 ], [ 73.1471985, 28.1568856, 0.0 ], [ 73.1472037, 28.1565824, 0.0 ] ], [ [ 73.1472757, 28.155652, 0.0 ], [ 73.1472989, 28.1556523, 0.0 ], [ 73.1472937, 28.1559555, 0.0 ], [ 73.1472705, 28.1559552, 0.0 ], [ 73.1472757, 28.155652, 0.0 ] ], [ [ 73.1472198, 28.1556512, 0.0 ], [ 73.1472429, 28.1556515, 0.0 ], [ 73.1472377, 28.1559548, 0.0 ], [ 73.1472145, 28.1559545, 0.0 ], [ 73.1472198, 28.1556512, 0.0 ] ], [ [ 73.1472704, 28.1559636, 0.0 ], [ 73.1472935, 28.155964, 0.0 ], [ 73.1472883, 28.1562672, 0.0 ], [ 73.1472652, 28.1562669, 0.0 ], [ 73.1472704, 28.1559636, 0.0 ] ], [ [ 73.1472144, 28.1559629, 0.0 ], [ 73.1472375, 28.1559632, 0.0 ], [ 73.1472323, 28.1562665, 0.0 ], [ 73.1472092, 28.1562662, 0.0 ], [ 73.1472144, 28.1559629, 0.0 ] ], [ [ 73.1472864, 28.1550325, 0.0 ], [ 73.1473095, 28.1550328, 0.0 ], [ 73.1473043, 28.1553361, 0.0 ], [ 73.1472812, 28.1553358, 0.0 ], [ 73.1472864, 28.1550325, 0.0 ] ], [ [ 73.1472304, 28.1550317, 0.0 ], [ 73.1472536, 28.155032, 0.0 ], [ 73.1472483, 28.1553353, 0.0 ], [ 73.1472252, 28.155335, 0.0 ], [ 73.1472304, 28.1550317, 0.0 ] ], [ [ 73.147281, 28.1553442, 0.0 ], [ 73.1473042, 28.1553445, 0.0 ], [ 73.147299, 28.1556478, 0.0 ], [ 73.1472758, 28.1556474, 0.0 ], [ 73.147281, 28.1553442, 0.0 ] ], [ [ 73.1472251, 28.1553434, 0.0 ], [ 73.1472482, 28.1553437, 0.0 ], [ 73.147243, 28.155647, 0.0 ], [ 73.1472198, 28.1556467, 0.0 ], [ 73.1472251, 28.1553434, 0.0 ] ], [ [ 73.1472971, 28.154413, 0.0 ], [ 73.1473202, 28.1544133, 0.0 ], [ 73.147315, 28.1547166, 0.0 ], [ 73.1472919, 28.1547163, 0.0 ], [ 73.1472971, 28.154413, 0.0 ] ], [ [ 73.1472411, 28.1544123, 0.0 ], [ 73.1472642, 28.1544126, 0.0 ], [ 73.147259, 28.1547159, 0.0 ], [ 73.1472359, 28.1547155, 0.0 ], [ 73.1472411, 28.1544123, 0.0 ] ], [ [ 73.1472917, 28.1547247, 0.0 ], [ 73.1473148, 28.154725, 0.0 ], [ 73.1473096, 28.1550283, 0.0 ], [ 73.1472865, 28.155028, 0.0 ], [ 73.1472917, 28.1547247, 0.0 ] ], [ [ 73.1472357, 28.154724, 0.0 ], [ 73.1472589, 28.1547243, 0.0 ], [ 73.1472536, 28.1550275, 0.0 ], [ 73.1472305, 28.1550272, 0.0 ], [ 73.1472357, 28.154724, 0.0 ] ], [ [ 73.1473078, 28.1537936, 0.0 ], [ 73.1473309, 28.1537939, 0.0 ], [ 73.1473257, 28.1540971, 0.0 ], [ 73.1473025, 28.1540968, 0.0 ], [ 73.1473078, 28.1537936, 0.0 ] ], [ [ 73.1472518, 28.1537928, 0.0 ], [ 73.1472749, 28.1537931, 0.0 ], [ 73.1472697, 28.1540964, 0.0 ], [ 73.1472465, 28.1540961, 0.0 ], [ 73.1472518, 28.1537928, 0.0 ] ], [ [ 73.1473024, 28.1541052, 0.0 ], [ 73.1473255, 28.1541056, 0.0 ], [ 73.1473203, 28.1544088, 0.0 ], [ 73.1472972, 28.1544085, 0.0 ], [ 73.1473024, 28.1541052, 0.0 ] ], [ [ 73.1472464, 28.1541045, 0.0 ], [ 73.1472695, 28.1541048, 0.0 ], [ 73.1472643, 28.1544081, 0.0 ], [ 73.1472412, 28.1544078, 0.0 ], [ 73.1472464, 28.1541045, 0.0 ] ], [ [ 73.1473184, 28.1531741, 0.0 ], [ 73.1473415, 28.1531744, 0.0 ], [ 73.1473363, 28.1534777, 0.0 ], [ 73.1473132, 28.1534774, 0.0 ], [ 73.1473184, 28.1531741, 0.0 ] ], [ [ 73.1472624, 28.1531733, 0.0 ], [ 73.1472856, 28.1531737, 0.0 ], [ 73.1472803, 28.1534769, 0.0 ], [ 73.1472572, 28.1534766, 0.0 ], [ 73.1472624, 28.1531733, 0.0 ] ], [ [ 73.1473131, 28.1534858, 0.0 ], [ 73.1473362, 28.1534861, 0.0 ], [ 73.147331, 28.1537894, 0.0 ], [ 73.1473078, 28.153789, 0.0 ], [ 73.1473131, 28.1534858, 0.0 ] ], [ [ 73.1472571, 28.153485, 0.0 ], [ 73.1472802, 28.1534853, 0.0 ], [ 73.147275, 28.1537886, 0.0 ], [ 73.1472518, 28.1537883, 0.0 ], [ 73.1472571, 28.153485, 0.0 ] ], [ [ 73.1473291, 28.1525546, 0.0 ], [ 73.1473522, 28.1525549, 0.0 ], [ 73.147347, 28.1528582, 0.0 ], [ 73.1473239, 28.1528579, 0.0 ], [ 73.1473291, 28.1525546, 0.0 ] ], [ [ 73.1472731, 28.1525539, 0.0 ], [ 73.1472962, 28.1525542, 0.0 ], [ 73.147291, 28.1528575, 0.0 ], [ 73.1472679, 28.1528571, 0.0 ], [ 73.1472731, 28.1525539, 0.0 ] ], [ [ 73.1473237, 28.1528663, 0.0 ], [ 73.1473468, 28.1528666, 0.0 ], [ 73.1473416, 28.1531699, 0.0 ], [ 73.1473185, 28.1531696, 0.0 ], [ 73.1473237, 28.1528663, 0.0 ] ], [ [ 73.1472677, 28.1528656, 0.0 ], [ 73.1472909, 28.1528659, 0.0 ], [ 73.1472856, 28.1531691, 0.0 ], [ 73.1472625, 28.1531688, 0.0 ], [ 73.1472677, 28.1528656, 0.0 ] ], [ [ 73.1471424, 28.1568894, 0.0 ], [ 73.1471656, 28.1568897, 0.0 ], [ 73.1471603, 28.157193, 0.0 ], [ 73.1471372, 28.1571926, 0.0 ], [ 73.1471424, 28.1568894, 0.0 ] ], [ [ 73.1470864, 28.1568886, 0.0 ], [ 73.1471096, 28.1568889, 0.0 ], [ 73.1471043, 28.1571922, 0.0 ], [ 73.1470812, 28.1571919, 0.0 ], [ 73.1470864, 28.1568886, 0.0 ] ], [ [ 73.1471371, 28.1572011, 0.0 ], [ 73.1471602, 28.1572014, 0.0 ], [ 73.147155, 28.1575046, 0.0 ], [ 73.1471318, 28.1575043, 0.0 ], [ 73.1471371, 28.1572011, 0.0 ] ], [ [ 73.1470811, 28.1572003, 0.0 ], [ 73.1471042, 28.1572006, 0.0 ], [ 73.147099, 28.1575039, 0.0 ], [ 73.1470758, 28.1575036, 0.0 ], [ 73.1470811, 28.1572003, 0.0 ] ], [ [ 73.1471531, 28.1562699, 0.0 ], [ 73.1471762, 28.1562702, 0.0 ], [ 73.147171, 28.1565735, 0.0 ], [ 73.1471479, 28.1565732, 0.0 ], [ 73.1471531, 28.1562699, 0.0 ] ], [ [ 73.1470971, 28.1562692, 0.0 ], [ 73.1471202, 28.1562695, 0.0 ], [ 73.147115, 28.1565727, 0.0 ], [ 73.1470919, 28.1565724, 0.0 ], [ 73.1470971, 28.1562692, 0.0 ] ], [ [ 73.1471477, 28.1565816, 0.0 ], [ 73.1471709, 28.1565819, 0.0 ], [ 73.1471656, 28.1568852, 0.0 ], [ 73.1471425, 28.1568849, 0.0 ], [ 73.1471477, 28.1565816, 0.0 ] ], [ [ 73.1470917, 28.1565808, 0.0 ], [ 73.1471149, 28.1565812, 0.0 ], [ 73.1471096, 28.1568844, 0.0 ], [ 73.1470865, 28.1568841, 0.0 ], [ 73.1470917, 28.1565808, 0.0 ] ], [ [ 73.1471638, 28.1556504, 0.0 ], [ 73.1471869, 28.1556508, 0.0 ], [ 73.1471817, 28.155954, 0.0 ], [ 73.1471585, 28.1559537, 0.0 ], [ 73.1471638, 28.1556504, 0.0 ] ], [ [ 73.1471078, 28.1556497, 0.0 ], [ 73.1471309, 28.15565, 0.0 ], [ 73.1471257, 28.1559533, 0.0 ], [ 73.1471026, 28.155953, 0.0 ], [ 73.1471078, 28.1556497, 0.0 ] ], [ [ 73.1471584, 28.1559621, 0.0 ], [ 73.1471815, 28.1559624, 0.0 ], [ 73.1471763, 28.1562657, 0.0 ], [ 73.1471532, 28.1562654, 0.0 ], [ 73.1471584, 28.1559621, 0.0 ] ], [ [ 73.1471024, 28.1559614, 0.0 ], [ 73.1471255, 28.1559617, 0.0 ], [ 73.1471203, 28.156265, 0.0 ], [ 73.1470972, 28.1562646, 0.0 ], [ 73.1471024, 28.1559614, 0.0 ] ], [ [ 73.1471744, 28.155031, 0.0 ], [ 73.1471976, 28.1550313, 0.0 ], [ 73.1471923, 28.1553346, 0.0 ], [ 73.1471692, 28.1553342, 0.0 ], [ 73.1471744, 28.155031, 0.0 ] ], [ [ 73.1471184, 28.1550302, 0.0 ], [ 73.1471416, 28.1550305, 0.0 ], [ 73.1471364, 28.1553338, 0.0 ], [ 73.1471132, 28.1553335, 0.0 ], [ 73.1471184, 28.1550302, 0.0 ] ], [ [ 73.1471691, 28.1553427, 0.0 ], [ 73.1471922, 28.155343, 0.0 ], [ 73.147187, 28.1556462, 0.0 ], [ 73.1471638, 28.1556459, 0.0 ], [ 73.1471691, 28.1553427, 0.0 ] ], [ [ 73.1471131, 28.1553419, 0.0 ], [ 73.1471362, 28.1553422, 0.0 ], [ 73.147131, 28.1556455, 0.0 ], [ 73.1471079, 28.1556452, 0.0 ], [ 73.1471131, 28.1553419, 0.0 ] ], [ [ 73.1471851, 28.1544115, 0.0 ], [ 73.1472082, 28.1544118, 0.0 ], [ 73.147203, 28.1547151, 0.0 ], [ 73.1471799, 28.1547148, 0.0 ], [ 73.1471851, 28.1544115, 0.0 ] ], [ [ 73.1471291, 28.1544108, 0.0 ], [ 73.1471522, 28.1544111, 0.0 ], [ 73.147147, 28.1547143, 0.0 ], [ 73.1471239, 28.154714, 0.0 ], [ 73.1471291, 28.1544108, 0.0 ] ], [ [ 73.1471797, 28.1547232, 0.0 ], [ 73.1472029, 28.1547235, 0.0 ], [ 73.1471976, 28.1550268, 0.0 ], [ 73.1471745, 28.1550265, 0.0 ], [ 73.1471797, 28.1547232, 0.0 ] ], [ [ 73.1471237, 28.1547224, 0.0 ], [ 73.1471469, 28.1547228, 0.0 ], [ 73.1471417, 28.155026, 0.0 ], [ 73.1471185, 28.1550257, 0.0 ], [ 73.1471237, 28.1547224, 0.0 ] ], [ [ 73.1471958, 28.153792, 0.0 ], [ 73.1472189, 28.1537924, 0.0 ], [ 73.1472137, 28.1540956, 0.0 ], [ 73.1471906, 28.1540953, 0.0 ], [ 73.1471958, 28.153792, 0.0 ] ], [ [ 73.1471398, 28.1537913, 0.0 ], [ 73.1471629, 28.1537916, 0.0 ], [ 73.1471577, 28.1540949, 0.0 ], [ 73.1471346, 28.1540946, 0.0 ], [ 73.1471398, 28.1537913, 0.0 ] ], [ [ 73.1471904, 28.1541037, 0.0 ], [ 73.1472135, 28.154104, 0.0 ], [ 73.1472083, 28.1544073, 0.0 ], [ 73.1471852, 28.154407, 0.0 ], [ 73.1471904, 28.1541037, 0.0 ] ], [ [ 73.1471344, 28.154103, 0.0 ], [ 73.1471575, 28.1541033, 0.0 ], [ 73.1471523, 28.1544066, 0.0 ], [ 73.1471292, 28.1544062, 0.0 ], [ 73.1471344, 28.154103, 0.0 ] ], [ [ 73.1472064, 28.1531726, 0.0 ], [ 73.1472296, 28.1531729, 0.0 ], [ 73.1472243, 28.1534762, 0.0 ], [ 73.1472012, 28.1534758, 0.0 ], [ 73.1472064, 28.1531726, 0.0 ] ], [ [ 73.1471505, 28.1531718, 0.0 ], [ 73.1471736, 28.1531721, 0.0 ], [ 73.1471684, 28.1534754, 0.0 ], [ 73.1471452, 28.1534751, 0.0 ], [ 73.1471505, 28.1531718, 0.0 ] ], [ [ 73.1472011, 28.1534843, 0.0 ], [ 73.1472242, 28.1534846, 0.0 ], [ 73.147219, 28.1537878, 0.0 ], [ 73.1471959, 28.1537875, 0.0 ], [ 73.1472011, 28.1534843, 0.0 ] ], [ [ 73.1471451, 28.1534835, 0.0 ], [ 73.1471682, 28.1534838, 0.0 ], [ 73.147163, 28.1537871, 0.0 ], [ 73.1471399, 28.1537868, 0.0 ], [ 73.1471451, 28.1534835, 0.0 ] ], [ [ 73.1472171, 28.1525531, 0.0 ], [ 73.1472402, 28.1525534, 0.0 ], [ 73.147235, 28.1528567, 0.0 ], [ 73.1472119, 28.1528564, 0.0 ], [ 73.1472171, 28.1525531, 0.0 ] ], [ [ 73.1471611, 28.1525524, 0.0 ], [ 73.1471843, 28.1525527, 0.0 ], [ 73.147179, 28.1528559, 0.0 ], [ 73.1471559, 28.1528556, 0.0 ], [ 73.1471611, 28.1525524, 0.0 ] ], [ [ 73.1472117, 28.1528648, 0.0 ], [ 73.1472349, 28.1528651, 0.0 ], [ 73.1472296, 28.1531684, 0.0 ], [ 73.1472065, 28.1531681, 0.0 ], [ 73.1472117, 28.1528648, 0.0 ] ], [ [ 73.1471558, 28.152864, 0.0 ], [ 73.1471789, 28.1528644, 0.0 ], [ 73.1471737, 28.1531676, 0.0 ], [ 73.1471505, 28.1531673, 0.0 ], [ 73.1471558, 28.152864, 0.0 ] ], [ [ 73.1470304, 28.1568879, 0.0 ], [ 73.1470536, 28.1568882, 0.0 ], [ 73.1470484, 28.1571914, 0.0 ], [ 73.1470252, 28.1571911, 0.0 ], [ 73.1470304, 28.1568879, 0.0 ] ], [ [ 73.1469745, 28.1568871, 0.0 ], [ 73.1469976, 28.1568874, 0.0 ], [ 73.1469924, 28.1571907, 0.0 ], [ 73.1469692, 28.1571904, 0.0 ], [ 73.1469745, 28.1568871, 0.0 ] ], [ [ 73.1470251, 28.1571995, 0.0 ], [ 73.1470482, 28.1571999, 0.0 ], [ 73.147043, 28.1575031, 0.0 ], [ 73.1470199, 28.1575028, 0.0 ], [ 73.1470251, 28.1571995, 0.0 ] ], [ [ 73.1469691, 28.1571988, 0.0 ], [ 73.1469922, 28.1571991, 0.0 ], [ 73.146987, 28.1575024, 0.0 ], [ 73.1469639, 28.1575021, 0.0 ], [ 73.1469691, 28.1571988, 0.0 ] ], [ [ 73.1470411, 28.1562684, 0.0 ], [ 73.1470642, 28.1562687, 0.0 ], [ 73.147059, 28.156572, 0.0 ], [ 73.1470359, 28.1565717, 0.0 ], [ 73.1470411, 28.1562684, 0.0 ] ], [ [ 73.1469851, 28.1562676, 0.0 ], [ 73.1470083, 28.1562679, 0.0 ], [ 73.147003, 28.1565712, 0.0 ], [ 73.1469799, 28.1565709, 0.0 ], [ 73.1469851, 28.1562676, 0.0 ] ], [ [ 73.1470358, 28.1565801, 0.0 ], [ 73.1470589, 28.1565804, 0.0 ], [ 73.1470537, 28.1568837, 0.0 ], [ 73.1470305, 28.1568833, 0.0 ], [ 73.1470358, 28.1565801, 0.0 ] ], [ [ 73.1469798, 28.1565793, 0.0 ], [ 73.1470029, 28.1565796, 0.0 ], [ 73.1469977, 28.1568829, 0.0 ], [ 73.1469745, 28.1568826, 0.0 ], [ 73.1469798, 28.1565793, 0.0 ] ], [ [ 73.1470518, 28.1556489, 0.0 ], [ 73.1470749, 28.1556492, 0.0 ], [ 73.1470697, 28.1559525, 0.0 ], [ 73.1470466, 28.1559522, 0.0 ], [ 73.1470518, 28.1556489, 0.0 ] ], [ [ 73.1469958, 28.1556482, 0.0 ], [ 73.1470189, 28.1556485, 0.0 ], [ 73.1470137, 28.1559518, 0.0 ], [ 73.1469906, 28.1559514, 0.0 ], [ 73.1469958, 28.1556482, 0.0 ] ], [ [ 73.1470464, 28.1559606, 0.0 ], [ 73.1470695, 28.1559609, 0.0 ], [ 73.1470643, 28.1562642, 0.0 ], [ 73.1470412, 28.1562639, 0.0 ], [ 73.1470464, 28.1559606, 0.0 ] ], [ [ 73.1469904, 28.1559599, 0.0 ], [ 73.1470136, 28.1559602, 0.0 ], [ 73.1470083, 28.1562634, 0.0 ], [ 73.1469852, 28.1562631, 0.0 ], [ 73.1469904, 28.1559599, 0.0 ] ], [ [ 73.1470625, 28.1550295, 0.0 ], [ 73.1470856, 28.1550298, 0.0 ], [ 73.1470804, 28.155333, 0.0 ], [ 73.1470572, 28.1553327, 0.0 ], [ 73.1470625, 28.1550295, 0.0 ] ], [ [ 73.1470065, 28.1550287, 0.0 ], [ 73.1470296, 28.155029, 0.0 ], [ 73.1470244, 28.1553323, 0.0 ], [ 73.1470012, 28.155332, 0.0 ], [ 73.1470065, 28.1550287, 0.0 ] ], [ [ 73.1470571, 28.1553411, 0.0 ], [ 73.1470802, 28.1553415, 0.0 ], [ 73.147075, 28.1556447, 0.0 ], [ 73.1470519, 28.1556444, 0.0 ], [ 73.1470571, 28.1553411, 0.0 ] ], [ [ 73.1470011, 28.1553404, 0.0 ], [ 73.1470242, 28.1553407, 0.0 ], [ 73.147019, 28.155644, 0.0 ], [ 73.1469959, 28.1556437, 0.0 ], [ 73.1470011, 28.1553404, 0.0 ] ], [ [ 73.1470731, 28.15441, 0.0 ], [ 73.1470963, 28.1544103, 0.0 ], [ 73.147091, 28.1547136, 0.0 ], [ 73.1470679, 28.1547133, 0.0 ], [ 73.1470731, 28.15441, 0.0 ] ], [ [ 73.1470171, 28.1544092, 0.0 ], [ 73.1470403, 28.1544096, 0.0 ], [ 73.147035, 28.1547128, 0.0 ], [ 73.1470119, 28.1547125, 0.0 ], [ 73.1470171, 28.1544092, 0.0 ] ], [ [ 73.1470678, 28.1547217, 0.0 ], [ 73.1470909, 28.154722, 0.0 ], [ 73.1470857, 28.1550253, 0.0 ], [ 73.1470625, 28.155025, 0.0 ], [ 73.1470678, 28.1547217, 0.0 ] ], [ [ 73.1470118, 28.1547209, 0.0 ], [ 73.1470349, 28.1547212, 0.0 ], [ 73.1470297, 28.1550245, 0.0 ], [ 73.1470065, 28.1550242, 0.0 ], [ 73.1470118, 28.1547209, 0.0 ] ], [ [ 73.1470838, 28.1537905, 0.0 ], [ 73.1471069, 28.1537908, 0.0 ], [ 73.1471017, 28.1540941, 0.0 ], [ 73.1470786, 28.1540938, 0.0 ], [ 73.1470838, 28.1537905, 0.0 ] ], [ [ 73.1470278, 28.1537898, 0.0 ], [ 73.1470509, 28.1537901, 0.0 ], [ 73.1470457, 28.1540934, 0.0 ], [ 73.1470226, 28.154093, 0.0 ], [ 73.1470278, 28.1537898, 0.0 ] ], [ [ 73.1470784, 28.1541022, 0.0 ], [ 73.1471016, 28.1541025, 0.0 ], [ 73.1470963, 28.1544058, 0.0 ], [ 73.1470732, 28.1544055, 0.0 ], [ 73.1470784, 28.1541022, 0.0 ] ], [ [ 73.1470224, 28.1541015, 0.0 ], [ 73.1470456, 28.1541018, 0.0 ], [ 73.1470403, 28.154405, 0.0 ], [ 73.1470172, 28.1544047, 0.0 ], [ 73.1470224, 28.1541015, 0.0 ] ], [ [ 73.1470945, 28.1531711, 0.0 ], [ 73.1471176, 28.1531714, 0.0 ], [ 73.1471124, 28.1534746, 0.0 ], [ 73.1470892, 28.1534743, 0.0 ], [ 73.1470945, 28.1531711, 0.0 ] ], [ [ 73.1470385, 28.1531703, 0.0 ], [ 73.1470616, 28.1531706, 0.0 ], [ 73.1470564, 28.1534739, 0.0 ], [ 73.1470333, 28.1534736, 0.0 ], [ 73.1470385, 28.1531703, 0.0 ] ], [ [ 73.1470891, 28.1534828, 0.0 ], [ 73.1471122, 28.1534831, 0.0 ], [ 73.147107, 28.1537863, 0.0 ], [ 73.1470839, 28.153786, 0.0 ], [ 73.1470891, 28.1534828, 0.0 ] ], [ [ 73.1470331, 28.153482, 0.0 ], [ 73.1470562, 28.1534823, 0.0 ], [ 73.147051, 28.1537856, 0.0 ], [ 73.1470279, 28.1537853, 0.0 ], [ 73.1470331, 28.153482, 0.0 ] ], [ [ 73.1471051, 28.1525516, 0.0 ], [ 73.1471283, 28.1525519, 0.0 ], [ 73.147123, 28.1528552, 0.0 ], [ 73.1470999, 28.1528549, 0.0 ], [ 73.1471051, 28.1525516, 0.0 ] ], [ [ 73.1470491, 28.1525508, 0.0 ], [ 73.1470723, 28.1525512, 0.0 ], [ 73.1470671, 28.1528544, 0.0 ], [ 73.1470439, 28.1528541, 0.0 ], [ 73.1470491, 28.1525508, 0.0 ] ], [ [ 73.1470998, 28.1528633, 0.0 ], [ 73.1471229, 28.1528636, 0.0 ], [ 73.1471177, 28.1531669, 0.0 ], [ 73.1470945, 28.1531666, 0.0 ], [ 73.1470998, 28.1528633, 0.0 ] ], [ [ 73.1470438, 28.1528625, 0.0 ], [ 73.1470669, 28.1528628, 0.0 ], [ 73.1470617, 28.1531661, 0.0 ], [ 73.1470386, 28.1531658, 0.0 ], [ 73.1470438, 28.1528625, 0.0 ] ], [ [ 73.1469185, 28.1568863, 0.0 ], [ 73.1469416, 28.1568867, 0.0 ], [ 73.1469364, 28.1571899, 0.0 ], [ 73.1469132, 28.1571896, 0.0 ], [ 73.1469185, 28.1568863, 0.0 ] ], [ [ 73.1468625, 28.1568856, 0.0 ], [ 73.1468856, 28.1568859, 0.0 ], [ 73.1468804, 28.1571892, 0.0 ], [ 73.1468573, 28.1571889, 0.0 ], [ 73.1468625, 28.1568856, 0.0 ] ], [ [ 73.1469131, 28.157198, 0.0 ], [ 73.1469362, 28.1571983, 0.0 ], [ 73.146931, 28.1575016, 0.0 ], [ 73.1469079, 28.1575013, 0.0 ], [ 73.1469131, 28.157198, 0.0 ] ], [ [ 73.1468571, 28.1571973, 0.0 ], [ 73.1468802, 28.1571976, 0.0 ], [ 73.146875, 28.1575009, 0.0 ], [ 73.1468519, 28.1575005, 0.0 ], [ 73.1468571, 28.1571973, 0.0 ] ], [ [ 73.1469291, 28.1562669, 0.0 ], [ 73.1469523, 28.1562672, 0.0 ], [ 73.146947, 28.1565705, 0.0 ], [ 73.1469239, 28.1565701, 0.0 ], [ 73.1469291, 28.1562669, 0.0 ] ], [ [ 73.1468731, 28.1562661, 0.0 ], [ 73.1468963, 28.1562664, 0.0 ], [ 73.1468911, 28.1565697, 0.0 ], [ 73.1468679, 28.1565694, 0.0 ], [ 73.1468731, 28.1562661, 0.0 ] ], [ [ 73.1469238, 28.1565786, 0.0 ], [ 73.1469469, 28.1565789, 0.0 ], [ 73.1469417, 28.1568821, 0.0 ], [ 73.1469185, 28.1568818, 0.0 ], [ 73.1469238, 28.1565786, 0.0 ] ], [ [ 73.1468678, 28.1565778, 0.0 ], [ 73.1468909, 28.1565781, 0.0 ], [ 73.1468857, 28.1568814, 0.0 ], [ 73.1468626, 28.1568811, 0.0 ], [ 73.1468678, 28.1565778, 0.0 ] ], [ [ 73.1469398, 28.1556474, 0.0 ], [ 73.1469629, 28.1556477, 0.0 ], [ 73.1469577, 28.155951, 0.0 ], [ 73.1469346, 28.1559507, 0.0 ], [ 73.1469398, 28.1556474, 0.0 ] ], [ [ 73.1468838, 28.1556467, 0.0 ], [ 73.1469069, 28.155647, 0.0 ], [ 73.1469017, 28.1559502, 0.0 ], [ 73.1468786, 28.1559499, 0.0 ], [ 73.1468838, 28.1556467, 0.0 ] ], [ [ 73.1469344, 28.1559591, 0.0 ], [ 73.1469576, 28.1559594, 0.0 ], [ 73.1469523, 28.1562627, 0.0 ], [ 73.1469292, 28.1562624, 0.0 ], [ 73.1469344, 28.1559591, 0.0 ] ], [ [ 73.1468785, 28.1559583, 0.0 ], [ 73.1469016, 28.1559587, 0.0 ], [ 73.1468964, 28.1562619, 0.0 ], [ 73.1468732, 28.1562616, 0.0 ], [ 73.1468785, 28.1559583, 0.0 ] ], [ [ 73.1469505, 28.1550279, 0.0 ], [ 73.1469736, 28.1550283, 0.0 ], [ 73.1469684, 28.1553315, 0.0 ], [ 73.1469453, 28.1553312, 0.0 ], [ 73.1469505, 28.1550279, 0.0 ] ], [ [ 73.1468945, 28.1550272, 0.0 ], [ 73.1469176, 28.1550275, 0.0 ], [ 73.1469124, 28.1553308, 0.0 ], [ 73.1468893, 28.1553305, 0.0 ], [ 73.1468945, 28.1550272, 0.0 ] ], [ [ 73.1469451, 28.1553396, 0.0 ], [ 73.1469682, 28.1553399, 0.0 ], [ 73.146963, 28.1556432, 0.0 ], [ 73.1469399, 28.1556429, 0.0 ], [ 73.1469451, 28.1553396, 0.0 ] ], [ [ 73.1468891, 28.1553389, 0.0 ], [ 73.1469123, 28.1553392, 0.0 ], [ 73.146907, 28.1556425, 0.0 ], [ 73.1468839, 28.1556421, 0.0 ], [ 73.1468891, 28.1553389, 0.0 ] ], [ [ 73.1469612, 28.1544085, 0.0 ], [ 73.1469843, 28.1544088, 0.0 ], [ 73.1469791, 28.1547121, 0.0 ], [ 73.1469559, 28.1547118, 0.0 ], [ 73.1469612, 28.1544085, 0.0 ] ], [ [ 73.1469052, 28.1544077, 0.0 ], [ 73.1469283, 28.154408, 0.0 ], [ 73.1469231, 28.1547113, 0.0 ], [ 73.1468999, 28.154711, 0.0 ], [ 73.1469052, 28.1544077, 0.0 ] ], [ [ 73.1469558, 28.1547202, 0.0 ], [ 73.1469789, 28.1547205, 0.0 ], [ 73.1469737, 28.1550237, 0.0 ], [ 73.1469506, 28.1550234, 0.0 ], [ 73.1469558, 28.1547202, 0.0 ] ], [ [ 73.1468998, 28.1547194, 0.0 ], [ 73.1469229, 28.1547197, 0.0 ], [ 73.1469177, 28.155023, 0.0 ], [ 73.1468946, 28.1550227, 0.0 ], [ 73.1468998, 28.1547194, 0.0 ] ], [ [ 73.1469718, 28.153789, 0.0 ], [ 73.1469949, 28.1537893, 0.0 ], [ 73.1469897, 28.1540926, 0.0 ], [ 73.1469666, 28.1540923, 0.0 ], [ 73.1469718, 28.153789, 0.0 ] ], [ [ 73.1469158, 28.1537883, 0.0 ], [ 73.146939, 28.1537886, 0.0 ], [ 73.1469337, 28.1540918, 0.0 ], [ 73.1469106, 28.1540915, 0.0 ], [ 73.1469158, 28.1537883, 0.0 ] ], [ [ 73.1469665, 28.1541007, 0.0 ], [ 73.1469896, 28.154101, 0.0 ], [ 73.1469844, 28.1544043, 0.0 ], [ 73.1469612, 28.154404, 0.0 ], [ 73.1469665, 28.1541007, 0.0 ] ], [ [ 73.1469105, 28.1540999, 0.0 ], [ 73.1469336, 28.1541003, 0.0 ], [ 73.1469284, 28.1544035, 0.0 ], [ 73.1469052, 28.1544032, 0.0 ], [ 73.1469105, 28.1540999, 0.0 ] ], [ [ 73.1469825, 28.1531696, 0.0 ], [ 73.1470056, 28.1531699, 0.0 ], [ 73.1470004, 28.1534731, 0.0 ], [ 73.1469773, 28.1534728, 0.0 ], [ 73.1469825, 28.1531696, 0.0 ] ], [ [ 73.1469265, 28.1531688, 0.0 ], [ 73.1469496, 28.1531691, 0.0 ], [ 73.1469444, 28.1534724, 0.0 ], [ 73.1469213, 28.1534721, 0.0 ], [ 73.1469265, 28.1531688, 0.0 ] ], [ [ 73.1469771, 28.1534812, 0.0 ], [ 73.1470002, 28.1534815, 0.0 ], [ 73.146995, 28.1537848, 0.0 ], [ 73.1469719, 28.1537845, 0.0 ], [ 73.1469771, 28.1534812, 0.0 ] ], [ [ 73.1469211, 28.1534805, 0.0 ], [ 73.1469443, 28.1534808, 0.0 ], [ 73.146939, 28.1537841, 0.0 ], [ 73.1469159, 28.1537837, 0.0 ], [ 73.1469211, 28.1534805, 0.0 ] ], [ [ 73.1469932, 28.1525501, 0.0 ], [ 73.1470163, 28.1525504, 0.0 ], [ 73.1470111, 28.1528537, 0.0 ], [ 73.1469879, 28.1528534, 0.0 ], [ 73.1469932, 28.1525501, 0.0 ] ], [ [ 73.1469372, 28.1525493, 0.0 ], [ 73.1469603, 28.1525496, 0.0 ], [ 73.1469551, 28.1528529, 0.0 ], [ 73.1469319, 28.1528526, 0.0 ], [ 73.1469372, 28.1525493, 0.0 ] ], [ [ 73.1469878, 28.1528618, 0.0 ], [ 73.1470109, 28.1528621, 0.0 ], [ 73.1470057, 28.1531654, 0.0 ], [ 73.1469826, 28.153165, 0.0 ], [ 73.1469878, 28.1528618, 0.0 ] ], [ [ 73.1469318, 28.152861, 0.0 ], [ 73.1469549, 28.1528613, 0.0 ], [ 73.1469497, 28.1531646, 0.0 ], [ 73.1469266, 28.1531643, 0.0 ], [ 73.1469318, 28.152861, 0.0 ] ], [ [ 73.1468065, 28.1568848, 0.0 ], [ 73.1468296, 28.1568851, 0.0 ], [ 73.1468244, 28.1571884, 0.0 ], [ 73.1468013, 28.1571881, 0.0 ], [ 73.1468065, 28.1568848, 0.0 ] ], [ [ 73.1467505, 28.1568841, 0.0 ], [ 73.1467736, 28.1568844, 0.0 ], [ 73.1467684, 28.1571877, 0.0 ], [ 73.1467453, 28.1571873, 0.0 ], [ 73.1467505, 28.1568841, 0.0 ] ], [ [ 73.1468011, 28.1571965, 0.0 ], [ 73.1468242, 28.1571968, 0.0 ], [ 73.146819, 28.1575001, 0.0 ], [ 73.1467959, 28.1574998, 0.0 ], [ 73.1468011, 28.1571965, 0.0 ] ], [ [ 73.1467451, 28.1571958, 0.0 ], [ 73.1467683, 28.1571961, 0.0 ], [ 73.146763, 28.1574993, 0.0 ], [ 73.1467399, 28.157499, 0.0 ], [ 73.1467451, 28.1571958, 0.0 ] ], [ [ 73.1468172, 28.1562654, 0.0 ], [ 73.1468403, 28.1562657, 0.0 ], [ 73.1468351, 28.1565689, 0.0 ], [ 73.1468119, 28.1565686, 0.0 ], [ 73.1468172, 28.1562654, 0.0 ] ], [ [ 73.1467612, 28.1562646, 0.0 ], [ 73.1467843, 28.1562649, 0.0 ], [ 73.1467791, 28.1565682, 0.0 ], [ 73.1467559, 28.1565679, 0.0 ], [ 73.1467612, 28.1562646, 0.0 ] ], [ [ 73.1468118, 28.1565771, 0.0 ], [ 73.1468349, 28.1565774, 0.0 ], [ 73.1468297, 28.1568806, 0.0 ], [ 73.1468066, 28.1568803, 0.0 ], [ 73.1468118, 28.1565771, 0.0 ] ], [ [ 73.1467558, 28.1565763, 0.0 ], [ 73.1467789, 28.1565766, 0.0 ], [ 73.1467737, 28.1568799, 0.0 ], [ 73.1467506, 28.1568796, 0.0 ], [ 73.1467558, 28.1565763, 0.0 ] ], [ [ 73.1468278, 28.1556459, 0.0 ], [ 73.146851, 28.1556462, 0.0 ], [ 73.1468457, 28.1559495, 0.0 ], [ 73.1468226, 28.1559492, 0.0 ], [ 73.1468278, 28.1556459, 0.0 ] ], [ [ 73.1467718, 28.1556451, 0.0 ], [ 73.146795, 28.1556455, 0.0 ], [ 73.1467897, 28.1559487, 0.0 ], [ 73.1467666, 28.1559484, 0.0 ], [ 73.1467718, 28.1556451, 0.0 ] ], [ [ 73.1468225, 28.1559576, 0.0 ], [ 73.1468456, 28.1559579, 0.0 ], [ 73.1468404, 28.1562612, 0.0 ], [ 73.1468172, 28.1562609, 0.0 ], [ 73.1468225, 28.1559576, 0.0 ] ], [ [ 73.1467665, 28.1559568, 0.0 ], [ 73.1467896, 28.1559571, 0.0 ], [ 73.1467844, 28.1562604, 0.0 ], [ 73.1467612, 28.1562601, 0.0 ], [ 73.1467665, 28.1559568, 0.0 ] ], [ [ 73.1468385, 28.1550264, 0.0 ], [ 73.1468616, 28.1550267, 0.0 ], [ 73.1468564, 28.15533, 0.0 ], [ 73.1468333, 28.1553297, 0.0 ], [ 73.1468385, 28.1550264, 0.0 ] ], [ [ 73.1467825, 28.1550257, 0.0 ], [ 73.1468056, 28.155026, 0.0 ], [ 73.1468004, 28.1553293, 0.0 ], [ 73.1467773, 28.1553289, 0.0 ], [ 73.1467825, 28.1550257, 0.0 ] ], [ [ 73.1468331, 28.1553381, 0.0 ], [ 73.1468563, 28.1553384, 0.0 ], [ 73.146851, 28.1556417, 0.0 ], [ 73.1468279, 28.1556414, 0.0 ], [ 73.1468331, 28.1553381, 0.0 ] ], [ [ 73.1467771, 28.1553374, 0.0 ], [ 73.1468003, 28.1553377, 0.0 ], [ 73.146795, 28.1556409, 0.0 ], [ 73.1467719, 28.1556406, 0.0 ], [ 73.1467771, 28.1553374, 0.0 ] ], [ [ 73.1468492, 28.154407, 0.0 ], [ 73.1468723, 28.1544073, 0.0 ], [ 73.1468671, 28.1547105, 0.0 ], [ 73.1468439, 28.1547102, 0.0 ], [ 73.1468492, 28.154407, 0.0 ] ], [ [ 73.1467932, 28.1544062, 0.0 ], [ 73.1468163, 28.1544065, 0.0 ], [ 73.1468111, 28.1547098, 0.0 ], [ 73.146788, 28.1547095, 0.0 ], [ 73.1467932, 28.1544062, 0.0 ] ], [ [ 73.1468438, 28.1547187, 0.0 ], [ 73.1468669, 28.154719, 0.0 ], [ 73.1468617, 28.1550222, 0.0 ], [ 73.1468386, 28.1550219, 0.0 ], [ 73.1468438, 28.1547187, 0.0 ] ], [ [ 73.1467878, 28.1547179, 0.0 ], [ 73.1468109, 28.1547182, 0.0 ], [ 73.1468057, 28.1550215, 0.0 ], [ 73.1467826, 28.1550212, 0.0 ], [ 73.1467878, 28.1547179, 0.0 ] ], [ [ 73.1468598, 28.1537875, 0.0 ], [ 73.146883, 28.1537878, 0.0 ], [ 73.1468777, 28.1540911, 0.0 ], [ 73.1468546, 28.1540908, 0.0 ], [ 73.1468598, 28.1537875, 0.0 ] ], [ [ 73.1468039, 28.1537867, 0.0 ], [ 73.146827, 28.1537871, 0.0 ], [ 73.1468218, 28.1540903, 0.0 ], [ 73.1467986, 28.15409, 0.0 ], [ 73.1468039, 28.1537867, 0.0 ] ], [ [ 73.1468545, 28.1540992, 0.0 ], [ 73.1468776, 28.1540995, 0.0 ], [ 73.1468724, 28.1544028, 0.0 ], [ 73.1468493, 28.1544025, 0.0 ], [ 73.1468545, 28.1540992, 0.0 ] ], [ [ 73.1467985, 28.1540984, 0.0 ], [ 73.1468216, 28.1540987, 0.0 ], [ 73.1468164, 28.154402, 0.0 ], [ 73.1467933, 28.1544017, 0.0 ], [ 73.1467985, 28.1540984, 0.0 ] ], [ [ 73.1468705, 28.153168, 0.0 ], [ 73.1468936, 28.1531683, 0.0 ], [ 73.1468884, 28.1534716, 0.0 ], [ 73.1468653, 28.1534713, 0.0 ], [ 73.1468705, 28.153168, 0.0 ] ], [ [ 73.1468145, 28.1531673, 0.0 ], [ 73.1468377, 28.1531676, 0.0 ], [ 73.1468324, 28.1534709, 0.0 ], [ 73.1468093, 28.1534705, 0.0 ], [ 73.1468145, 28.1531673, 0.0 ] ], [ [ 73.1468651, 28.1534797, 0.0 ], [ 73.1468883, 28.15348, 0.0 ], [ 73.146883, 28.1537833, 0.0 ], [ 73.1468599, 28.153783, 0.0 ], [ 73.1468651, 28.1534797, 0.0 ] ], [ [ 73.1468092, 28.153479, 0.0 ], [ 73.1468323, 28.1534793, 0.0 ], [ 73.1468271, 28.1537825, 0.0 ], [ 73.1468039, 28.1537822, 0.0 ], [ 73.1468092, 28.153479, 0.0 ] ], [ [ 73.1468812, 28.1525486, 0.0 ], [ 73.1469043, 28.1525489, 0.0 ], [ 73.1468991, 28.1528522, 0.0 ], [ 73.146876, 28.1528518, 0.0 ], [ 73.1468812, 28.1525486, 0.0 ] ], [ [ 73.1468252, 28.1525478, 0.0 ], [ 73.1468483, 28.1525481, 0.0 ], [ 73.1468431, 28.1528514, 0.0 ], [ 73.14682, 28.1528511, 0.0 ], [ 73.1468252, 28.1525478, 0.0 ] ], [ [ 73.1468758, 28.1528603, 0.0 ], [ 73.1468989, 28.1528606, 0.0 ], [ 73.1468937, 28.1531638, 0.0 ], [ 73.1468706, 28.1531635, 0.0 ], [ 73.1468758, 28.1528603, 0.0 ] ], [ [ 73.1468198, 28.1528595, 0.0 ], [ 73.146843, 28.1528598, 0.0 ], [ 73.1468377, 28.1531631, 0.0 ], [ 73.1468146, 28.1531628, 0.0 ], [ 73.1468198, 28.1528595, 0.0 ] ], [ [ 73.1466945, 28.1568833, 0.0 ], [ 73.1467176, 28.1568836, 0.0 ], [ 73.1467124, 28.1571869, 0.0 ], [ 73.1466893, 28.1571866, 0.0 ], [ 73.1466945, 28.1568833, 0.0 ] ], [ [ 73.1466385, 28.1568826, 0.0 ], [ 73.1466616, 28.1568829, 0.0 ], [ 73.1466564, 28.1571861, 0.0 ], [ 73.1466333, 28.1571858, 0.0 ], [ 73.1466385, 28.1568826, 0.0 ] ], [ [ 73.1466891, 28.157195, 0.0 ], [ 73.1467123, 28.1571953, 0.0 ], [ 73.146707, 28.1574986, 0.0 ], [ 73.1466839, 28.1574983, 0.0 ], [ 73.1466891, 28.157195, 0.0 ] ], [ [ 73.1466331, 28.1571942, 0.0 ], [ 73.1466563, 28.1571946, 0.0 ], [ 73.1466511, 28.1574978, 0.0 ], [ 73.1466279, 28.1574975, 0.0 ], [ 73.1466331, 28.1571942, 0.0 ] ], [ [ 73.1467052, 28.1562638, 0.0 ], [ 73.1467283, 28.1562642, 0.0 ], [ 73.1467231, 28.1565674, 0.0 ], [ 73.1467, 28.1565671, 0.0 ], [ 73.1467052, 28.1562638, 0.0 ] ], [ [ 73.1466492, 28.1562631, 0.0 ], [ 73.1466723, 28.1562634, 0.0 ], [ 73.1466671, 28.1565667, 0.0 ], [ 73.146644, 28.1565664, 0.0 ], [ 73.1466492, 28.1562631, 0.0 ] ], [ [ 73.1466998, 28.1565755, 0.0 ], [ 73.1467229, 28.1565758, 0.0 ], [ 73.1467177, 28.1568791, 0.0 ], [ 73.1466946, 28.1568788, 0.0 ], [ 73.1466998, 28.1565755, 0.0 ] ], [ [ 73.1466438, 28.1565748, 0.0 ], [ 73.1466669, 28.1565751, 0.0 ], [ 73.1466617, 28.1568784, 0.0 ], [ 73.1466386, 28.156878, 0.0 ], [ 73.1466438, 28.1565748, 0.0 ] ], [ [ 73.1467159, 28.1556444, 0.0 ], [ 73.146739, 28.1556447, 0.0 ], [ 73.1467338, 28.155948, 0.0 ], [ 73.1467106, 28.1559477, 0.0 ], [ 73.1467159, 28.1556444, 0.0 ] ], [ [ 73.1466599, 28.1556436, 0.0 ], [ 73.146683, 28.1556439, 0.0 ], [ 73.1466778, 28.1559472, 0.0 ], [ 73.1466546, 28.1559469, 0.0 ], [ 73.1466599, 28.1556436, 0.0 ] ], [ [ 73.1467105, 28.1559561, 0.0 ], [ 73.1467336, 28.1559564, 0.0 ], [ 73.1467284, 28.1562597, 0.0 ], [ 73.1467053, 28.1562593, 0.0 ], [ 73.1467105, 28.1559561, 0.0 ] ], [ [ 73.1466545, 28.1559553, 0.0 ], [ 73.1466776, 28.1559556, 0.0 ], [ 73.1466724, 28.1562589, 0.0 ], [ 73.1466493, 28.1562586, 0.0 ], [ 73.1466545, 28.1559553, 0.0 ] ], [ [ 73.1467265, 28.1550249, 0.0 ], [ 73.1467497, 28.1550252, 0.0 ], [ 73.1467444, 28.1553285, 0.0 ], [ 73.1467213, 28.1553282, 0.0 ], [ 73.1467265, 28.1550249, 0.0 ] ], [ [ 73.1466705, 28.1550242, 0.0 ], [ 73.1466937, 28.1550245, 0.0 ], [ 73.1466884, 28.1553277, 0.0 ], [ 73.1466653, 28.1553274, 0.0 ], [ 73.1466705, 28.1550242, 0.0 ] ], [ [ 73.1467212, 28.1553366, 0.0 ], [ 73.1467443, 28.1553369, 0.0 ], [ 73.1467391, 28.1556402, 0.0 ], [ 73.1467159, 28.1556399, 0.0 ], [ 73.1467212, 28.1553366, 0.0 ] ], [ [ 73.1466652, 28.1553358, 0.0 ], [ 73.1466883, 28.1553362, 0.0 ], [ 73.1466831, 28.1556394, 0.0 ], [ 73.1466599, 28.1556391, 0.0 ], [ 73.1466652, 28.1553358, 0.0 ] ], [ [ 73.1467372, 28.1544055, 0.0 ], [ 73.1467603, 28.1544058, 0.0 ], [ 73.1467551, 28.154709, 0.0 ], [ 73.146732, 28.1547087, 0.0 ], [ 73.1467372, 28.1544055, 0.0 ] ], [ [ 73.1466812, 28.1544047, 0.0 ], [ 73.1467043, 28.154405, 0.0 ], [ 73.1466991, 28.1547083, 0.0 ], [ 73.146676, 28.154708, 0.0 ], [ 73.1466812, 28.1544047, 0.0 ] ], [ [ 73.1467318, 28.1547171, 0.0 ], [ 73.146755, 28.1547175, 0.0 ], [ 73.1467497, 28.1550207, 0.0 ], [ 73.1467266, 28.1550204, 0.0 ], [ 73.1467318, 28.1547171, 0.0 ] ], [ [ 73.1466758, 28.1547164, 0.0 ], [ 73.146699, 28.1547167, 0.0 ], [ 73.1466937, 28.15502, 0.0 ], [ 73.1466706, 28.1550196, 0.0 ], [ 73.1466758, 28.1547164, 0.0 ] ], [ [ 73.1467479, 28.153786, 0.0 ], [ 73.146771, 28.1537863, 0.0 ], [ 73.1467658, 28.1540896, 0.0 ], [ 73.1467426, 28.1540893, 0.0 ], [ 73.1467479, 28.153786, 0.0 ] ], [ [ 73.1466919, 28.1537852, 0.0 ], [ 73.146715, 28.1537855, 0.0 ], [ 73.1467098, 28.1540888, 0.0 ], [ 73.1466867, 28.1540885, 0.0 ], [ 73.1466919, 28.1537852, 0.0 ] ], [ [ 73.1467425, 28.1540977, 0.0 ], [ 73.1467656, 28.154098, 0.0 ], [ 73.1467604, 28.1544013, 0.0 ], [ 73.1467373, 28.1544009, 0.0 ], [ 73.1467425, 28.1540977, 0.0 ] ], [ [ 73.1466865, 28.1540969, 0.0 ], [ 73.1467096, 28.1540972, 0.0 ], [ 73.1467044, 28.1544005, 0.0 ], [ 73.1466813, 28.1544002, 0.0 ], [ 73.1466865, 28.1540969, 0.0 ] ], [ [ 73.1467585, 28.1531665, 0.0 ], [ 73.1467817, 28.1531668, 0.0 ], [ 73.1467764, 28.1534701, 0.0 ], [ 73.1467533, 28.1534698, 0.0 ], [ 73.1467585, 28.1531665, 0.0 ] ], [ [ 73.1467025, 28.1531658, 0.0 ], [ 73.1467257, 28.1531661, 0.0 ], [ 73.1467205, 28.1534693, 0.0 ], [ 73.1466973, 28.153469, 0.0 ], [ 73.1467025, 28.1531658, 0.0 ] ], [ [ 73.1467532, 28.1534782, 0.0 ], [ 73.1467763, 28.1534785, 0.0 ], [ 73.1467711, 28.1537818, 0.0 ], [ 73.1467479, 28.1537815, 0.0 ], [ 73.1467532, 28.1534782, 0.0 ] ], [ [ 73.1466972, 28.1534774, 0.0 ], [ 73.1467203, 28.1534778, 0.0 ], [ 73.1467151, 28.153781, 0.0 ], [ 73.146692, 28.1537807, 0.0 ], [ 73.1466972, 28.1534774, 0.0 ] ], [ [ 73.1467692, 28.1525471, 0.0 ], [ 73.1467923, 28.1525474, 0.0 ], [ 73.1467871, 28.1528506, 0.0 ], [ 73.146764, 28.1528503, 0.0 ], [ 73.1467692, 28.1525471, 0.0 ] ], [ [ 73.1467132, 28.1525463, 0.0 ], [ 73.1467363, 28.1525466, 0.0 ], [ 73.1467311, 28.1528499, 0.0 ], [ 73.146708, 28.1528496, 0.0 ], [ 73.1467132, 28.1525463, 0.0 ] ], [ [ 73.1467638, 28.1528587, 0.0 ], [ 73.146787, 28.1528591, 0.0 ], [ 73.1467817, 28.1531623, 0.0 ], [ 73.1467586, 28.153162, 0.0 ], [ 73.1467638, 28.1528587, 0.0 ] ], [ [ 73.1467078, 28.152858, 0.0 ], [ 73.146731, 28.1528583, 0.0 ], [ 73.1467258, 28.1531616, 0.0 ], [ 73.1467026, 28.1531613, 0.0 ], [ 73.1467078, 28.152858, 0.0 ] ], [ [ 73.1466039, 28.1556429, 0.0 ], [ 73.146627, 28.1556432, 0.0 ], [ 73.1466218, 28.1559464, 0.0 ], [ 73.1465986, 28.1559461, 0.0 ], [ 73.1466039, 28.1556429, 0.0 ] ], [ [ 73.1465479, 28.1556421, 0.0 ], [ 73.146571, 28.1556424, 0.0 ], [ 73.1465658, 28.1559457, 0.0 ], [ 73.1465427, 28.1559454, 0.0 ], [ 73.1465479, 28.1556421, 0.0 ] ], [ [ 73.1465985, 28.1559546, 0.0 ], [ 73.1466216, 28.1559549, 0.0 ], [ 73.1466164, 28.1562581, 0.0 ], [ 73.1465933, 28.1562578, 0.0 ], [ 73.1465985, 28.1559546, 0.0 ] ], [ [ 73.1465425, 28.1559538, 0.0 ], [ 73.1465656, 28.1559541, 0.0 ], [ 73.1465604, 28.1562574, 0.0 ], [ 73.1465373, 28.1562571, 0.0 ], [ 73.1465425, 28.1559538, 0.0 ] ], [ [ 73.1466145, 28.1550234, 0.0 ], [ 73.1466377, 28.1550237, 0.0 ], [ 73.1466324, 28.155327, 0.0 ], [ 73.1466093, 28.1553267, 0.0 ], [ 73.1466145, 28.1550234, 0.0 ] ], [ [ 73.1465586, 28.1550226, 0.0 ], [ 73.1465817, 28.155023, 0.0 ], [ 73.1465765, 28.1553262, 0.0 ], [ 73.1465533, 28.1553259, 0.0 ], [ 73.1465586, 28.1550226, 0.0 ] ], [ [ 73.1466092, 28.1553351, 0.0 ], [ 73.1466323, 28.1553354, 0.0 ], [ 73.1466271, 28.1556387, 0.0 ], [ 73.146604, 28.1556384, 0.0 ], [ 73.1466092, 28.1553351, 0.0 ] ], [ [ 73.1465532, 28.1553343, 0.0 ], [ 73.1465763, 28.1553346, 0.0 ], [ 73.1465711, 28.1556379, 0.0 ], [ 73.146548, 28.1556376, 0.0 ], [ 73.1465532, 28.1553343, 0.0 ] ], [ [ 73.1465026, 28.1550219, 0.0 ], [ 73.1465257, 28.1550222, 0.0 ], [ 73.1465205, 28.1553255, 0.0 ], [ 73.1464973, 28.1553252, 0.0 ], [ 73.1465026, 28.1550219, 0.0 ] ], [ [ 73.1464466, 28.1550211, 0.0 ], [ 73.1464697, 28.1550214, 0.0 ], [ 73.1464645, 28.1553247, 0.0 ], [ 73.1464414, 28.1553244, 0.0 ], [ 73.1464466, 28.1550211, 0.0 ] ], [ [ 73.1464972, 28.1553336, 0.0 ], [ 73.1465203, 28.1553339, 0.0 ], [ 73.1465151, 28.1556372, 0.0 ], [ 73.146492, 28.1556368, 0.0 ], [ 73.1464972, 28.1553336, 0.0 ] ], [ [ 73.1464412, 28.1553328, 0.0 ], [ 73.1464643, 28.1553331, 0.0 ], [ 73.1464591, 28.1556364, 0.0 ], [ 73.146436, 28.1556361, 0.0 ], [ 73.1464412, 28.1553328, 0.0 ] ] ] } }
]
}
