{
"type": "FeatureCollection",
"name": "ITC-5 strings",
"bbox": [ 73.1189693, 28.1441409, 0.0000000, 73.1261533, 28.1509652, 0.0000000 ],                                                  
"features": [
{ "type": "Feature", "properties": { "id": "kml_1", "Name": "EDGE TRACKERS", "description": null, "timestamp": null, "begin": null, "end": null, "altitudeMode": null, "tessellate": -1, "extrude": 0, "visibility": -1, "drawOrder": null, "icon": null }, "bbox": [ 73.1189693, 28.1441409, 0.0, 73.1253264, 28.150959, 0.0 ], "geometry": { "type": "MultiLineString", "coordinates": [ [ [ 73.1231169, 28.1472681, 0.0 ], [ 73.1231401, 28.1472684, 0.0 ], [ 73.1231348, 28.1475717, 0.0 ], [ 73.1231116, 28.1475714, 0.0 ], [ 73.1231169, 28.1472681, 0.0 ] ], [ [ 73.1230609, 28.1472674, 0.0 ], [ 73.1230841, 28.1472677, 0.0 ], [ 73.1230788, 28.1475709, 0.0 ], [ 73.1230557, 28.1475706, 0.0 ], [ 73.1230609, 28.1472674, 0.0 ] ], [ [ 73.1231115, 28.1475798, 0.0 ], [ 73.1231346, 28.1475801, 0.0 ], [ 73.1231293, 28.1478834, 0.0 ], [ 73.1231062, 28.1478831, 0.0 ], [ 73.1231115, 28.1475798, 0.0 ] ], [ [ 73.1230555, 28.147579, 0.0 ], [ 73.1230786, 28.1475794, 0.0 ], [ 73.1230733, 28.1478826, 0.0 ], [ 73.1230502, 28.1478823, 0.0 ], [ 73.1230555, 28.147579, 0.0 ] ], [ [ 73.1230013, 28.1474735, 0.0 ], [ 73.1230245, 28.1474738, 0.0 ], [ 73.1230192, 28.1477771, 0.0 ], [ 73.1229961, 28.1477768, 0.0 ], [ 73.1230013, 28.1474735, 0.0 ] ], [ [ 73.1229454, 28.1474728, 0.0 ], [ 73.1229685, 28.1474731, 0.0 ], [ 73.1229632, 28.1477763, 0.0 ], [ 73.1229401, 28.147776, 0.0 ], [ 73.1229454, 28.1474728, 0.0 ] ], [ [ 73.1229959, 28.1477852, 0.0 ], [ 73.123019, 28.1477855, 0.0 ], [ 73.1230137, 28.1480888, 0.0 ], [ 73.1229906, 28.1480885, 0.0 ], [ 73.1229959, 28.1477852, 0.0 ] ], [ [ 73.1229399, 28.1477844, 0.0 ], [ 73.1229631, 28.1477848, 0.0 ], [ 73.1229578, 28.148088, 0.0 ], [ 73.1229346, 28.1480877, 0.0 ], [ 73.1229399, 28.1477844, 0.0 ] ], [ [ 73.1208492, 28.1488579, 0.0 ], [ 73.1208724, 28.1488582, 0.0 ], [ 73.1208671, 28.1491615, 0.0 ], [ 73.120844, 28.1491612, 0.0 ], [ 73.1208492, 28.1488579, 0.0 ] ], [ [ 73.1207933, 28.1488571, 0.0 ], [ 73.1208164, 28.1488574, 0.0 ], [ 73.1208111, 28.1491607, 0.0 ], [ 73.120788, 28.1491604, 0.0 ], [ 73.1207933, 28.1488571, 0.0 ] ], [ [ 73.1208438, 28.1491696, 0.0 ], [ 73.1208669, 28.1491699, 0.0 ], [ 73.1208616, 28.1494732, 0.0 ], [ 73.1208385, 28.1494728, 0.0 ], [ 73.1208438, 28.1491696, 0.0 ] ], [ [ 73.1207878, 28.1491688, 0.0 ], [ 73.1208109, 28.1491691, 0.0 ], [ 73.1208057, 28.1494724, 0.0 ], [ 73.1207825, 28.1494721, 0.0 ], [ 73.1207878, 28.1491688, 0.0 ] ], [ [ 73.1212863, 28.1494835, 0.0 ], [ 73.1213094, 28.1494838, 0.0 ], [ 73.1213041, 28.1497871, 0.0 ], [ 73.121281, 28.1497868, 0.0 ], [ 73.1212863, 28.1494835, 0.0 ] ], [ [ 73.1212303, 28.1494827, 0.0 ], [ 73.1212535, 28.149483, 0.0 ], [ 73.1212482, 28.1497863, 0.0 ], [ 73.121225, 28.149786, 0.0 ], [ 73.1212303, 28.1494827, 0.0 ] ], [ [ 73.1212809, 28.1497952, 0.0 ], [ 73.121304, 28.1497955, 0.0 ], [ 73.1212987, 28.1500988, 0.0 ], [ 73.1212756, 28.1500984, 0.0 ], [ 73.1212809, 28.1497952, 0.0 ] ], [ [ 73.1212249, 28.1497944, 0.0 ], [ 73.121248, 28.1497947, 0.0 ], [ 73.1212427, 28.150098, 0.0 ], [ 73.1212196, 28.1500977, 0.0 ], [ 73.1212249, 28.1497944, 0.0 ] ], [ [ 73.1190469, 28.1494528, 0.0 ], [ 73.11907, 28.1494531, 0.0 ], [ 73.1190647, 28.1497563, 0.0 ], [ 73.1190416, 28.149756, 0.0 ], [ 73.1190469, 28.1494528, 0.0 ] ], [ [ 73.1189909, 28.149452, 0.0 ], [ 73.119014, 28.1494523, 0.0 ], [ 73.1190087, 28.1497556, 0.0 ], [ 73.1189856, 28.1497552, 0.0 ], [ 73.1189909, 28.149452, 0.0 ] ], [ [ 73.1190414, 28.1497644, 0.0 ], [ 73.1190646, 28.1497648, 0.0 ], [ 73.1190593, 28.150068, 0.0 ], [ 73.1190361, 28.1500677, 0.0 ], [ 73.1190414, 28.1497644, 0.0 ] ], [ [ 73.1189855, 28.1497637, 0.0 ], [ 73.1190086, 28.149764, 0.0 ], [ 73.1190033, 28.1500672, 0.0 ], [ 73.1189802, 28.1500669, 0.0 ], [ 73.1189855, 28.1497637, 0.0 ] ], [ [ 73.1205874, 28.1446151, 0.0 ], [ 73.1206105, 28.1446155, 0.0 ], [ 73.1206052, 28.1449187, 0.0 ], [ 73.1205821, 28.1449184, 0.0 ], [ 73.1205874, 28.1446151, 0.0 ] ], [ [ 73.1205314, 28.1446144, 0.0 ], [ 73.1205545, 28.1446147, 0.0 ], [ 73.1205492, 28.144918, 0.0 ], [ 73.1205261, 28.1449176, 0.0 ], [ 73.1205314, 28.1446144, 0.0 ] ], [ [ 73.1205819, 28.1449268, 0.0 ], [ 73.120605, 28.1449271, 0.0 ], [ 73.1205997, 28.1452304, 0.0 ], [ 73.1205766, 28.1452301, 0.0 ], [ 73.1205819, 28.1449268, 0.0 ] ], [ [ 73.1205259, 28.1449261, 0.0 ], [ 73.1205491, 28.1449264, 0.0 ], [ 73.1205438, 28.1452296, 0.0 ], [ 73.1205206, 28.1452293, 0.0 ], [ 73.1205259, 28.1449261, 0.0 ] ], [ [ 73.1241002, 28.1486831, 0.0 ], [ 73.1241233, 28.1486834, 0.0 ], [ 73.1241181, 28.1489867, 0.0 ], [ 73.1240949, 28.1489863, 0.0 ], [ 73.1241002, 28.1486831, 0.0 ] ], [ [ 73.1240442, 28.1486823, 0.0 ], [ 73.1240674, 28.1486826, 0.0 ], [ 73.1240621, 28.1489859, 0.0 ], [ 73.1240389, 28.1489856, 0.0 ], [ 73.1240442, 28.1486823, 0.0 ] ], [ [ 73.1240948, 28.1489948, 0.0 ], [ 73.1241179, 28.1489951, 0.0 ], [ 73.1241126, 28.1492983, 0.0 ], [ 73.1240895, 28.149298, 0.0 ], [ 73.1240948, 28.1489948, 0.0 ] ], [ [ 73.1240388, 28.148994, 0.0 ], [ 73.1240619, 28.1489943, 0.0 ], [ 73.1240566, 28.1492976, 0.0 ], [ 73.1240335, 28.1492973, 0.0 ], [ 73.1240388, 28.148994, 0.0 ] ], [ [ 73.1215641, 28.1464026, 0.0 ], [ 73.1215872, 28.1464029, 0.0 ], [ 73.1215819, 28.1467061, 0.0 ], [ 73.1215588, 28.1467058, 0.0 ], [ 73.1215641, 28.1464026, 0.0 ] ], [ [ 73.1215081, 28.1464018, 0.0 ], [ 73.1215312, 28.1464021, 0.0 ], [ 73.1215259, 28.1467054, 0.0 ], [ 73.1215028, 28.146705, 0.0 ], [ 73.1215081, 28.1464018, 0.0 ] ], [ [ 73.1215587, 28.1467142, 0.0 ], [ 73.1215818, 28.1467146, 0.0 ], [ 73.1215765, 28.1470178, 0.0 ], [ 73.1215534, 28.1470175, 0.0 ], [ 73.1215587, 28.1467142, 0.0 ] ], [ [ 73.1215027, 28.1467135, 0.0 ], [ 73.1215258, 28.1467138, 0.0 ], [ 73.1215205, 28.147017, 0.0 ], [ 73.1214974, 28.1470167, 0.0 ], [ 73.1215027, 28.1467135, 0.0 ] ], [ [ 73.1216938, 28.1453898, 0.0 ], [ 73.1217169, 28.1453901, 0.0 ], [ 73.1217116, 28.1456934, 0.0 ], [ 73.1216885, 28.1456931, 0.0 ], [ 73.1216938, 28.1453898, 0.0 ] ], [ [ 73.1216378, 28.145389, 0.0 ], [ 73.1216609, 28.1453894, 0.0 ], [ 73.1216556, 28.1456926, 0.0 ], [ 73.1216325, 28.1456923, 0.0 ], [ 73.1216378, 28.145389, 0.0 ] ], [ [ 73.1216883, 28.1457015, 0.0 ], [ 73.1217114, 28.1457018, 0.0 ], [ 73.1217062, 28.1460051, 0.0 ], [ 73.121683, 28.1460048, 0.0 ], [ 73.1216883, 28.1457015, 0.0 ] ], [ [ 73.1216323, 28.1457007, 0.0 ], [ 73.1216555, 28.145701, 0.0 ], [ 73.1216502, 28.1460043, 0.0 ], [ 73.121627, 28.146004, 0.0 ], [ 73.1216323, 28.1457007, 0.0 ] ], [ [ 73.1190361, 28.1500722, 0.0 ], [ 73.1190592, 28.1500725, 0.0 ], [ 73.1190539, 28.1503758, 0.0 ], [ 73.1190308, 28.1503755, 0.0 ], [ 73.1190361, 28.1500722, 0.0 ] ], [ [ 73.1189801, 28.1500714, 0.0 ], [ 73.1190032, 28.1500718, 0.0 ], [ 73.1189979, 28.150375, 0.0 ], [ 73.1189748, 28.1503747, 0.0 ], [ 73.1189801, 28.1500714, 0.0 ] ], [ [ 73.1190306, 28.1503839, 0.0 ], [ 73.1190537, 28.1503842, 0.0 ], [ 73.1190484, 28.1506875, 0.0 ], [ 73.1190253, 28.1506872, 0.0 ], [ 73.1190306, 28.1503839, 0.0 ] ], [ [ 73.1189746, 28.1503831, 0.0 ], [ 73.1189978, 28.1503834, 0.0 ], [ 73.1189925, 28.1506867, 0.0 ], [ 73.1189693, 28.1506864, 0.0 ], [ 73.1189746, 28.1503831, 0.0 ] ], [ [ 73.1208276, 28.1500968, 0.0 ], [ 73.1208507, 28.1500971, 0.0 ], [ 73.1208454, 28.1504004, 0.0 ], [ 73.1208223, 28.1504001, 0.0 ], [ 73.1208276, 28.1500968, 0.0 ] ], [ [ 73.1207716, 28.150096, 0.0 ], [ 73.1207948, 28.1500964, 0.0 ], [ 73.1207895, 28.1503996, 0.0 ], [ 73.1207663, 28.1503993, 0.0 ], [ 73.1207716, 28.150096, 0.0 ] ], [ [ 73.1208222, 28.1504085, 0.0 ], [ 73.1208453, 28.1504088, 0.0 ], [ 73.12084, 28.1507121, 0.0 ], [ 73.1208169, 28.1507117, 0.0 ], [ 73.1208222, 28.1504085, 0.0 ] ], [ [ 73.1207662, 28.1504077, 0.0 ], [ 73.1207893, 28.150408, 0.0 ], [ 73.120784, 28.1507113, 0.0 ], [ 73.1207609, 28.150711, 0.0 ], [ 73.1207662, 28.1504077, 0.0 ] ], [ [ 73.1217409, 28.1491081, 0.0 ], [ 73.121764, 28.1491084, 0.0 ], [ 73.1217587, 28.1494117, 0.0 ], [ 73.1217356, 28.1494113, 0.0 ], [ 73.1217409, 28.1491081, 0.0 ] ], [ [ 73.1216849, 28.1491073, 0.0 ], [ 73.121708, 28.1491076, 0.0 ], [ 73.1217027, 28.1494109, 0.0 ], [ 73.1216796, 28.1494106, 0.0 ], [ 73.1216849, 28.1491073, 0.0 ] ], [ [ 73.1217354, 28.1494198, 0.0 ], [ 73.1217585, 28.1494201, 0.0 ], [ 73.1217533, 28.1497233, 0.0 ], [ 73.1217301, 28.149723, 0.0 ], [ 73.1217354, 28.1494198, 0.0 ] ], [ [ 73.1216794, 28.149419, 0.0 ], [ 73.1217026, 28.1494193, 0.0 ], [ 73.1216973, 28.1497226, 0.0 ], [ 73.1216741, 28.1497223, 0.0 ], [ 73.1216794, 28.149419, 0.0 ] ], [ [ 73.121196, 28.148243, 0.0 ], [ 73.1212191, 28.1482434, 0.0 ], [ 73.1212138, 28.1485466, 0.0 ], [ 73.1211907, 28.1485463, 0.0 ], [ 73.121196, 28.148243, 0.0 ] ], [ [ 73.12114, 28.1482423, 0.0 ], [ 73.1211631, 28.1482426, 0.0 ], [ 73.1211578, 28.1485459, 0.0 ], [ 73.1211347, 28.1485455, 0.0 ], [ 73.12114, 28.1482423, 0.0 ] ], [ [ 73.1211905, 28.1485547, 0.0 ], [ 73.1212137, 28.148555, 0.0 ], [ 73.1212084, 28.1488583, 0.0 ], [ 73.1211852, 28.148858, 0.0 ], [ 73.1211905, 28.1485547, 0.0 ] ], [ [ 73.1211345, 28.148554, 0.0 ], [ 73.1211577, 28.1485543, 0.0 ], [ 73.1211524, 28.1488575, 0.0 ], [ 73.1211293, 28.1488572, 0.0 ], [ 73.1211345, 28.148554, 0.0 ] ], [ [ 73.1224235, 28.1484978, 0.0 ], [ 73.1224466, 28.1484982, 0.0 ], [ 73.1224413, 28.1488014, 0.0 ], [ 73.1224182, 28.1488011, 0.0 ], [ 73.1224235, 28.1484978, 0.0 ] ], [ [ 73.1223675, 28.1484971, 0.0 ], [ 73.1223906, 28.1484974, 0.0 ], [ 73.1223853, 28.1488007, 0.0 ], [ 73.1223622, 28.1488003, 0.0 ], [ 73.1223675, 28.1484971, 0.0 ] ], [ [ 73.1224181, 28.1488095, 0.0 ], [ 73.1224412, 28.1488098, 0.0 ], [ 73.1224359, 28.1491131, 0.0 ], [ 73.1224128, 28.1491128, 0.0 ], [ 73.1224181, 28.1488095, 0.0 ] ], [ [ 73.1223621, 28.1488088, 0.0 ], [ 73.1223852, 28.1488091, 0.0 ], [ 73.1223799, 28.1491123, 0.0 ], [ 73.1223568, 28.149112, 0.0 ], [ 73.1223621, 28.1488088, 0.0 ] ], [ [ 73.1214266, 28.1478646, 0.0 ], [ 73.1214497, 28.1478649, 0.0 ], [ 73.1214444, 28.1481681, 0.0 ], [ 73.1214213, 28.1481678, 0.0 ], [ 73.1214266, 28.1478646, 0.0 ] ], [ [ 73.1213706, 28.1478638, 0.0 ], [ 73.1213937, 28.1478641, 0.0 ], [ 73.1213884, 28.1481674, 0.0 ], [ 73.1213653, 28.1481671, 0.0 ], [ 73.1213706, 28.1478638, 0.0 ] ], [ [ 73.1214211, 28.1481762, 0.0 ], [ 73.1214443, 28.1481766, 0.0 ], [ 73.121439, 28.1484798, 0.0 ], [ 73.1214158, 28.1484795, 0.0 ], [ 73.1214211, 28.1481762, 0.0 ] ], [ [ 73.1213651, 28.1481755, 0.0 ], [ 73.1213883, 28.1481758, 0.0 ], [ 73.121383, 28.1484791, 0.0 ], [ 73.1213599, 28.1484787, 0.0 ], [ 73.1213651, 28.1481755, 0.0 ] ], [ [ 73.1226582, 28.1478814, 0.0 ], [ 73.1226814, 28.1478818, 0.0 ], [ 73.1226761, 28.148185, 0.0 ], [ 73.122653, 28.1481847, 0.0 ], [ 73.1226582, 28.1478814, 0.0 ] ], [ [ 73.1226023, 28.1478807, 0.0 ], [ 73.1226254, 28.147881, 0.0 ], [ 73.1226201, 28.1481843, 0.0 ], [ 73.122597, 28.1481839, 0.0 ], [ 73.1226023, 28.1478807, 0.0 ] ], [ [ 73.1226528, 28.1481931, 0.0 ], [ 73.1226759, 28.1481934, 0.0 ], [ 73.1226706, 28.1484967, 0.0 ], [ 73.1226475, 28.1484964, 0.0 ], [ 73.1226528, 28.1481931, 0.0 ] ], [ [ 73.1225968, 28.1481924, 0.0 ], [ 73.1226199, 28.1481927, 0.0 ], [ 73.1226147, 28.1484959, 0.0 ], [ 73.1225915, 28.1484956, 0.0 ], [ 73.1225968, 28.1481924, 0.0 ] ], [ [ 73.1210436, 28.1441417, 0.0 ], [ 73.1210667, 28.144142, 0.0 ], [ 73.1210614, 28.1444453, 0.0 ], [ 73.1210383, 28.1444449, 0.0 ], [ 73.1210436, 28.1441417, 0.0 ] ], [ [ 73.1209876, 28.1441409, 0.0 ], [ 73.1210107, 28.1441412, 0.0 ], [ 73.1210054, 28.1444445, 0.0 ], [ 73.1209823, 28.1444442, 0.0 ], [ 73.1209876, 28.1441409, 0.0 ] ], [ [ 73.1210381, 28.1444534, 0.0 ], [ 73.1210613, 28.1444537, 0.0 ], [ 73.121056, 28.1447569, 0.0 ], [ 73.1210329, 28.1447566, 0.0 ], [ 73.1210381, 28.1444534, 0.0 ] ], [ [ 73.1209822, 28.1444526, 0.0 ], [ 73.1210053, 28.1444529, 0.0 ], [ 73.121, 28.1447562, 0.0 ], [ 73.1209769, 28.1447559, 0.0 ], [ 73.1209822, 28.1444526, 0.0 ] ], [ [ 73.1220513, 28.1441555, 0.0 ], [ 73.1220744, 28.1441558, 0.0 ], [ 73.1220691, 28.1444591, 0.0 ], [ 73.122046, 28.1444588, 0.0 ], [ 73.1220513, 28.1441555, 0.0 ] ], [ [ 73.1219953, 28.1441547, 0.0 ], [ 73.1220184, 28.144155, 0.0 ], [ 73.1220131, 28.1444583, 0.0 ], [ 73.12199, 28.144458, 0.0 ], [ 73.1219953, 28.1441547, 0.0 ] ], [ [ 73.1220458, 28.1444672, 0.0 ], [ 73.122069, 28.1444675, 0.0 ], [ 73.1220637, 28.1447708, 0.0 ], [ 73.1220406, 28.1447704, 0.0 ], [ 73.1220458, 28.1444672, 0.0 ] ], [ [ 73.1219899, 28.1444664, 0.0 ], [ 73.122013, 28.1444667, 0.0 ], [ 73.1220077, 28.14477, 0.0 ], [ 73.1219846, 28.1447697, 0.0 ], [ 73.1219899, 28.1444664, 0.0 ] ], [ [ 73.1253033, 28.1503438, 0.0 ], [ 73.1253264, 28.1503441, 0.0 ], [ 73.1253211, 28.1506473, 0.0 ], [ 73.125298, 28.150647, 0.0 ], [ 73.1253033, 28.1503438, 0.0 ] ], [ [ 73.1252473, 28.150343, 0.0 ], [ 73.1252704, 28.1503433, 0.0 ], [ 73.1252651, 28.1506466, 0.0 ], [ 73.125242, 28.1506463, 0.0 ], [ 73.1252473, 28.150343, 0.0 ] ], [ [ 73.1252978, 28.1506554, 0.0 ], [ 73.125321, 28.1506558, 0.0 ], [ 73.1253157, 28.150959, 0.0 ], [ 73.1252925, 28.1509587, 0.0 ], [ 73.1252978, 28.1506554, 0.0 ] ], [ [ 73.1252418, 28.1506547, 0.0 ], [ 73.125265, 28.150655, 0.0 ], [ 73.1252597, 28.1509583, 0.0 ], [ 73.1252366, 28.1509579, 0.0 ], [ 73.1252418, 28.1506547, 0.0 ] ], [ [ 73.1244174, 28.1497644, 0.0 ], [ 73.1244405, 28.1497647, 0.0 ], [ 73.1244352, 28.1500679, 0.0 ], [ 73.1244121, 28.1500676, 0.0 ], [ 73.1244174, 28.1497644, 0.0 ] ], [ [ 73.1243614, 28.1497636, 0.0 ], [ 73.1243845, 28.1497639, 0.0 ], [ 73.1243792, 28.1500672, 0.0 ], [ 73.1243561, 28.1500669, 0.0 ], [ 73.1243614, 28.1497636, 0.0 ] ], [ [ 73.1244119, 28.150076, 0.0 ], [ 73.1244351, 28.1500764, 0.0 ], [ 73.1244298, 28.1503796, 0.0 ], [ 73.1244066, 28.1503793, 0.0 ], [ 73.1244119, 28.150076, 0.0 ] ], [ [ 73.1243559, 28.1500753, 0.0 ], [ 73.1243791, 28.1500756, 0.0 ], [ 73.1243738, 28.1503789, 0.0 ], [ 73.1243507, 28.1503785, 0.0 ], [ 73.1243559, 28.1500753, 0.0 ] ], [ [ 73.1245401, 28.1491464, 0.0 ], [ 73.1245633, 28.1491468, 0.0 ], [ 73.124558, 28.14945, 0.0 ], [ 73.1245348, 28.1494497, 0.0 ], [ 73.1245401, 28.1491464, 0.0 ] ], [ [ 73.1244841, 28.1491457, 0.0 ], [ 73.1245073, 28.149146, 0.0 ], [ 73.124502, 28.1494493, 0.0 ], [ 73.1244789, 28.1494489, 0.0 ], [ 73.1244841, 28.1491457, 0.0 ] ], [ [ 73.1245347, 28.1494581, 0.0 ], [ 73.1245578, 28.1494584, 0.0 ], [ 73.1245525, 28.1497617, 0.0 ], [ 73.1245294, 28.1497614, 0.0 ], [ 73.1245347, 28.1494581, 0.0 ] ], [ [ 73.1244787, 28.1494574, 0.0 ], [ 73.1245018, 28.1494577, 0.0 ], [ 73.1244966, 28.1497609, 0.0 ], [ 73.1244734, 28.1497606, 0.0 ], [ 73.1244787, 28.1494574, 0.0 ] ], [ [ 73.1242258, 28.1479029, 0.0 ], [ 73.1242489, 28.1479032, 0.0 ], [ 73.1242437, 28.1482065, 0.0 ], [ 73.1242205, 28.1482062, 0.0 ], [ 73.1242258, 28.1479029, 0.0 ] ], [ [ 73.1241698, 28.1479022, 0.0 ], [ 73.124193, 28.1479025, 0.0 ], [ 73.1241877, 28.1482057, 0.0 ], [ 73.1241645, 28.1482054, 0.0 ], [ 73.1241698, 28.1479022, 0.0 ] ], [ [ 73.1242204, 28.1482146, 0.0 ], [ 73.1242435, 28.1482149, 0.0 ], [ 73.1242382, 28.1485182, 0.0 ], [ 73.1242151, 28.1485179, 0.0 ], [ 73.1242204, 28.1482146, 0.0 ] ], [ [ 73.1241644, 28.1482138, 0.0 ], [ 73.1241875, 28.1482142, 0.0 ], [ 73.1241822, 28.1485174, 0.0 ], [ 73.1241591, 28.1485171, 0.0 ], [ 73.1241644, 28.1482138, 0.0 ] ], [ [ 73.1218853, 28.1472512, 0.0 ], [ 73.1219084, 28.1472516, 0.0 ], [ 73.1219031, 28.1475548, 0.0 ], [ 73.12188, 28.1475545, 0.0 ], [ 73.1218853, 28.1472512, 0.0 ] ], [ [ 73.1218293, 28.1472505, 0.0 ], [ 73.1218524, 28.1472508, 0.0 ], [ 73.1218471, 28.1475541, 0.0 ], [ 73.121824, 28.1475537, 0.0 ], [ 73.1218293, 28.1472505, 0.0 ] ], [ [ 73.1218798, 28.1475629, 0.0 ], [ 73.121903, 28.1475632, 0.0 ], [ 73.1218977, 28.1478665, 0.0 ], [ 73.1218745, 28.1478662, 0.0 ], [ 73.1218798, 28.1475629, 0.0 ] ], [ [ 73.1218238, 28.1475622, 0.0 ], [ 73.121847, 28.1475625, 0.0 ], [ 73.1218417, 28.1478657, 0.0 ], [ 73.1218185, 28.1478654, 0.0 ], [ 73.1218238, 28.1475622, 0.0 ] ], [ [ 73.1236768, 28.1472758, 0.0 ], [ 73.1236999, 28.1472761, 0.0 ], [ 73.1236946, 28.1475794, 0.0 ], [ 73.1236715, 28.1475791, 0.0 ], [ 73.1236768, 28.1472758, 0.0 ] ], [ [ 73.1236208, 28.147275, 0.0 ], [ 73.1236439, 28.1472753, 0.0 ], [ 73.1236386, 28.1475786, 0.0 ], [ 73.1236155, 28.1475783, 0.0 ], [ 73.1236208, 28.147275, 0.0 ] ], [ [ 73.1236713, 28.1475875, 0.0 ], [ 73.1236945, 28.1475878, 0.0 ], [ 73.1236892, 28.1478911, 0.0 ], [ 73.123666, 28.1478907, 0.0 ], [ 73.1236713, 28.1475875, 0.0 ] ], [ [ 73.1236154, 28.1475867, 0.0 ], [ 73.1236385, 28.147587, 0.0 ], [ 73.1236332, 28.1478903, 0.0 ], [ 73.1236101, 28.14789, 0.0 ], [ 73.1236154, 28.1475867, 0.0 ] ], [ [ 73.1219069, 28.1460123, 0.0 ], [ 73.12193, 28.1460126, 0.0 ], [ 73.1219247, 28.1463159, 0.0 ], [ 73.1219016, 28.1463156, 0.0 ], [ 73.1219069, 28.1460123, 0.0 ] ], [ [ 73.1218509, 28.1460116, 0.0 ], [ 73.121874, 28.1460119, 0.0 ], [ 73.1218687, 28.1463151, 0.0 ], [ 73.1218456, 28.1463148, 0.0 ], [ 73.1218509, 28.1460116, 0.0 ] ], [ [ 73.1219014, 28.146324, 0.0 ], [ 73.1219246, 28.1463243, 0.0 ], [ 73.1219193, 28.1466276, 0.0 ], [ 73.1218962, 28.1466273, 0.0 ], [ 73.1219014, 28.146324, 0.0 ] ], [ [ 73.1218455, 28.1463232, 0.0 ], [ 73.1218686, 28.1463236, 0.0 ], [ 73.1218633, 28.1466268, 0.0 ], [ 73.1218402, 28.1466265, 0.0 ], [ 73.1218455, 28.1463232, 0.0 ] ], [ [ 73.1228314, 28.1443732, 0.0 ], [ 73.1228546, 28.1443735, 0.0 ], [ 73.1228493, 28.1446768, 0.0 ], [ 73.1228261, 28.1446764, 0.0 ], [ 73.1228314, 28.1443732, 0.0 ] ], [ [ 73.1227754, 28.1443724, 0.0 ], [ 73.1227986, 28.1443727, 0.0 ], [ 73.1227933, 28.144676, 0.0 ], [ 73.1227702, 28.1446757, 0.0 ], [ 73.1227754, 28.1443724, 0.0 ] ], [ [ 73.122826, 28.1446849, 0.0 ], [ 73.1228491, 28.1446852, 0.0 ], [ 73.1228438, 28.1449884, 0.0 ], [ 73.1228207, 28.1449881, 0.0 ], [ 73.122826, 28.1446849, 0.0 ] ], [ [ 73.12277, 28.1446841, 0.0 ], [ 73.1227931, 28.1446844, 0.0 ], [ 73.1227878, 28.1449877, 0.0 ], [ 73.1227647, 28.1449874, 0.0 ], [ 73.12277, 28.1446841, 0.0 ] ], [ [ 73.1230554, 28.1443762, 0.0 ], [ 73.1230785, 28.1443766, 0.0 ], [ 73.1230732, 28.1446798, 0.0 ], [ 73.1230501, 28.1446795, 0.0 ], [ 73.1230554, 28.1443762, 0.0 ] ], [ [ 73.1229994, 28.1443755, 0.0 ], [ 73.1230225, 28.1443758, 0.0 ], [ 73.1230172, 28.1446791, 0.0 ], [ 73.1229941, 28.1446787, 0.0 ], [ 73.1229994, 28.1443755, 0.0 ] ], [ [ 73.1230499, 28.1446879, 0.0 ], [ 73.1230731, 28.1446882, 0.0 ], [ 73.1230678, 28.1449915, 0.0 ], [ 73.1230446, 28.1449912, 0.0 ], [ 73.1230499, 28.1446879, 0.0 ] ], [ [ 73.1229939, 28.1446872, 0.0 ], [ 73.1230171, 28.1446875, 0.0 ], [ 73.1230118, 28.1449907, 0.0 ], [ 73.1229887, 28.1449904, 0.0 ], [ 73.1229939, 28.1446872, 0.0 ] ], [ [ 73.1230446, 28.1449957, 0.0 ], [ 73.1230677, 28.144996, 0.0 ], [ 73.1230624, 28.1452993, 0.0 ], [ 73.1230393, 28.145299, 0.0 ], [ 73.1230446, 28.1449957, 0.0 ] ], [ [ 73.1229886, 28.1449949, 0.0 ], [ 73.1230117, 28.1449952, 0.0 ], [ 73.1230064, 28.1452985, 0.0 ], [ 73.1229833, 28.1452982, 0.0 ], [ 73.1229886, 28.1449949, 0.0 ] ], [ [ 73.1230391, 28.1453074, 0.0 ], [ 73.1230623, 28.1453077, 0.0 ], [ 73.123057, 28.145611, 0.0 ], [ 73.1230338, 28.1456106, 0.0 ], [ 73.1230391, 28.1453074, 0.0 ] ], [ [ 73.1229831, 28.1453066, 0.0 ], [ 73.1230063, 28.1453069, 0.0 ], [ 73.123001, 28.1456102, 0.0 ], [ 73.1229779, 28.1456099, 0.0 ], [ 73.1229831, 28.1453066, 0.0 ] ] ] } },
{ "type": "Feature", "properties": { "id": "kml_5", "Name": "TRACKERS", "description": null, "timestamp": null, "begin": null, "end": null, "altitudeMode": null, "tessellate": -1, "extrude": 0, "visibility": -1, "drawOrder": null, "icon": null }, "bbox": [ 73.1190813, 28.1441424, 0.0, 73.1261533, 28.1509652, 0.0 ], "geometry": { "type": "MultiLineString", "coordinates": [ [ [ 73.1219393, 28.144154, 0.0 ], [ 73.1219624, 28.1441543, 0.0 ], [ 73.1219571, 28.1444575, 0.0 ], [ 73.121934, 28.1444572, 0.0 ], [ 73.1219393, 28.144154, 0.0 ] ], [ [ 73.1218833, 28.1441532, 0.0 ], [ 73.1219065, 28.1441535, 0.0 ], [ 73.1219012, 28.1444568, 0.0 ], [ 73.121878, 28.1444565, 0.0 ], [ 73.1218833, 28.1441532, 0.0 ] ], [ [ 73.1219339, 28.1444656, 0.0 ], [ 73.121957, 28.144466, 0.0 ], [ 73.1219517, 28.1447692, 0.0 ], [ 73.1219286, 28.1447689, 0.0 ], [ 73.1219339, 28.1444656, 0.0 ] ], [ [ 73.1218779, 28.1444649, 0.0 ], [ 73.121901, 28.1444652, 0.0 ], [ 73.1218957, 28.1447685, 0.0 ], [ 73.1218726, 28.1447681, 0.0 ], [ 73.1218779, 28.1444649, 0.0 ] ], [ [ 73.1227774, 28.1474705, 0.0 ], [ 73.1228005, 28.1474708, 0.0 ], [ 73.1227952, 28.147774, 0.0 ], [ 73.1227721, 28.1477737, 0.0 ], [ 73.1227774, 28.1474705, 0.0 ] ], [ [ 73.1227214, 28.1474697, 0.0 ], [ 73.1227445, 28.14747, 0.0 ], [ 73.1227393, 28.1477733, 0.0 ], [ 73.1227161, 28.147773, 0.0 ], [ 73.1227214, 28.1474697, 0.0 ] ], [ [ 73.122772, 28.1477821, 0.0 ], [ 73.1227951, 28.1477825, 0.0 ], [ 73.1227898, 28.1480857, 0.0 ], [ 73.1227667, 28.1480854, 0.0 ], [ 73.122772, 28.1477821, 0.0 ] ], [ [ 73.122716, 28.1477814, 0.0 ], [ 73.1227391, 28.1477817, 0.0 ], [ 73.1227338, 28.148085, 0.0 ], [ 73.1227107, 28.1480846, 0.0 ], [ 73.122716, 28.1477814, 0.0 ] ], [ [ 73.1228894, 28.147472, 0.0 ], [ 73.1229125, 28.1474723, 0.0 ], [ 73.1229072, 28.1477756, 0.0 ], [ 73.1228841, 28.1477753, 0.0 ], [ 73.1228894, 28.147472, 0.0 ] ], [ [ 73.1228334, 28.1474712, 0.0 ], [ 73.1228565, 28.1474715, 0.0 ], [ 73.1228512, 28.1477748, 0.0 ], [ 73.1228281, 28.1477745, 0.0 ], [ 73.1228334, 28.1474712, 0.0 ] ], [ [ 73.1228839, 28.1477837, 0.0 ], [ 73.1229071, 28.147784, 0.0 ], [ 73.1229018, 28.1480873, 0.0 ], [ 73.1228786, 28.1480869, 0.0 ], [ 73.1228839, 28.1477837, 0.0 ] ], [ [ 73.122828, 28.1477829, 0.0 ], [ 73.1228511, 28.1477832, 0.0 ], [ 73.1228458, 28.1480865, 0.0 ], [ 73.1228227, 28.1480862, 0.0 ], [ 73.122828, 28.1477829, 0.0 ] ], [ [ 73.1211743, 28.149482, 0.0 ], [ 73.1211975, 28.1494823, 0.0 ], [ 73.1211922, 28.1497855, 0.0 ], [ 73.121169, 28.1497852, 0.0 ], [ 73.1211743, 28.149482, 0.0 ] ], [ [ 73.1211184, 28.1494812, 0.0 ], [ 73.1211415, 28.1494815, 0.0 ], [ 73.1211362, 28.1497848, 0.0 ], [ 73.1211131, 28.1497844, 0.0 ], [ 73.1211184, 28.1494812, 0.0 ] ], [ [ 73.1211689, 28.1497936, 0.0 ], [ 73.121192, 28.149794, 0.0 ], [ 73.1211867, 28.1500972, 0.0 ], [ 73.1211636, 28.1500969, 0.0 ], [ 73.1211689, 28.1497936, 0.0 ] ], [ [ 73.1211129, 28.1497929, 0.0 ], [ 73.121136, 28.1497932, 0.0 ], [ 73.1211307, 28.1500964, 0.0 ], [ 73.1211076, 28.1500961, 0.0 ], [ 73.1211129, 28.1497929, 0.0 ] ], [ [ 73.1210624, 28.1494804, 0.0 ], [ 73.1210855, 28.1494807, 0.0 ], [ 73.1210802, 28.149784, 0.0 ], [ 73.1210571, 28.1497837, 0.0 ], [ 73.1210624, 28.1494804, 0.0 ] ], [ [ 73.1210064, 28.1494796, 0.0 ], [ 73.1210295, 28.14948, 0.0 ], [ 73.1210242, 28.1497832, 0.0 ], [ 73.1210011, 28.1497829, 0.0 ], [ 73.1210064, 28.1494796, 0.0 ] ], [ [ 73.1210569, 28.1497921, 0.0 ], [ 73.1210801, 28.1497924, 0.0 ], [ 73.1210748, 28.1500957, 0.0 ], [ 73.1210516, 28.1500954, 0.0 ], [ 73.1210569, 28.1497921, 0.0 ] ], [ [ 73.1210009, 28.1497913, 0.0 ], [ 73.1210241, 28.1497916, 0.0 ], [ 73.1210188, 28.1500949, 0.0 ], [ 73.1209956, 28.1500946, 0.0 ], [ 73.1210009, 28.1497913, 0.0 ] ], [ [ 73.1209504, 28.1494789, 0.0 ], [ 73.1209735, 28.1494792, 0.0 ], [ 73.1209682, 28.1497825, 0.0 ], [ 73.1209451, 28.1497821, 0.0 ], [ 73.1209504, 28.1494789, 0.0 ] ], [ [ 73.1208944, 28.1494781, 0.0 ], [ 73.1209175, 28.1494784, 0.0 ], [ 73.1209122, 28.1497817, 0.0 ], [ 73.1208891, 28.1497814, 0.0 ], [ 73.1208944, 28.1494781, 0.0 ] ], [ [ 73.120945, 28.1497906, 0.0 ], [ 73.1209681, 28.1497909, 0.0 ], [ 73.1209628, 28.1500941, 0.0 ], [ 73.1209397, 28.1500938, 0.0 ], [ 73.120945, 28.1497906, 0.0 ] ], [ [ 73.120889, 28.1497898, 0.0 ], [ 73.1209121, 28.1497901, 0.0 ], [ 73.1209068, 28.1500934, 0.0 ], [ 73.1208837, 28.1500931, 0.0 ], [ 73.120889, 28.1497898, 0.0 ] ], [ [ 73.1191589, 28.1494543, 0.0 ], [ 73.119182, 28.1494546, 0.0 ], [ 73.1191767, 28.1497579, 0.0 ], [ 73.1191536, 28.1497576, 0.0 ], [ 73.1191589, 28.1494543, 0.0 ] ], [ [ 73.1191029, 28.1494535, 0.0 ], [ 73.119126, 28.1494538, 0.0 ], [ 73.1191207, 28.1497571, 0.0 ], [ 73.1190976, 28.1497568, 0.0 ], [ 73.1191029, 28.1494535, 0.0 ] ], [ [ 73.1191534, 28.149766, 0.0 ], [ 73.1191765, 28.1497663, 0.0 ], [ 73.1191712, 28.1500696, 0.0 ], [ 73.1191481, 28.1500692, 0.0 ], [ 73.1191534, 28.149766, 0.0 ] ], [ [ 73.1190974, 28.1497652, 0.0 ], [ 73.1191206, 28.1497655, 0.0 ], [ 73.1191153, 28.1500688, 0.0 ], [ 73.1190921, 28.1500685, 0.0 ], [ 73.1190974, 28.1497652, 0.0 ] ], [ [ 73.1192708, 28.1494558, 0.0 ], [ 73.119294, 28.1494561, 0.0 ], [ 73.1192887, 28.1497594, 0.0 ], [ 73.1192655, 28.1497591, 0.0 ], [ 73.1192708, 28.1494558, 0.0 ] ], [ [ 73.1192148, 28.1494551, 0.0 ], [ 73.119238, 28.1494554, 0.0 ], [ 73.1192327, 28.1497586, 0.0 ], [ 73.1192095, 28.1497583, 0.0 ], [ 73.1192148, 28.1494551, 0.0 ] ], [ [ 73.1192654, 28.1497675, 0.0 ], [ 73.1192885, 28.1497678, 0.0 ], [ 73.1192832, 28.1500711, 0.0 ], [ 73.1192601, 28.1500708, 0.0 ], [ 73.1192654, 28.1497675, 0.0 ] ], [ [ 73.1192094, 28.1497667, 0.0 ], [ 73.1192325, 28.1497671, 0.0 ], [ 73.1192272, 28.1500703, 0.0 ], [ 73.1192041, 28.15007, 0.0 ], [ 73.1192094, 28.1497667, 0.0 ] ], [ [ 73.1193828, 28.1494574, 0.0 ], [ 73.1194059, 28.1494577, 0.0 ], [ 73.1194006, 28.1497609, 0.0 ], [ 73.1193775, 28.1497606, 0.0 ], [ 73.1193828, 28.1494574, 0.0 ] ], [ [ 73.1193268, 28.1494566, 0.0 ], [ 73.1193499, 28.1494569, 0.0 ], [ 73.1193446, 28.1497602, 0.0 ], [ 73.1193215, 28.1497599, 0.0 ], [ 73.1193268, 28.1494566, 0.0 ] ], [ [ 73.1193774, 28.149769, 0.0 ], [ 73.1194005, 28.1497694, 0.0 ], [ 73.1193952, 28.1500726, 0.0 ], [ 73.1193721, 28.1500723, 0.0 ], [ 73.1193774, 28.149769, 0.0 ] ], [ [ 73.1193214, 28.1497683, 0.0 ], [ 73.1193445, 28.1497686, 0.0 ], [ 73.1193392, 28.1500719, 0.0 ], [ 73.1193161, 28.1500715, 0.0 ], [ 73.1193214, 28.1497683, 0.0 ] ], [ [ 73.1194948, 28.1494589, 0.0 ], [ 73.1195179, 28.1494592, 0.0 ], [ 73.1195126, 28.1497625, 0.0 ], [ 73.1194895, 28.1497622, 0.0 ], [ 73.1194948, 28.1494589, 0.0 ] ], [ [ 73.1194388, 28.1494581, 0.0 ], [ 73.1194619, 28.1494585, 0.0 ], [ 73.1194566, 28.1497617, 0.0 ], [ 73.1194335, 28.1497614, 0.0 ], [ 73.1194388, 28.1494581, 0.0 ] ], [ [ 73.1194893, 28.1497706, 0.0 ], [ 73.1195125, 28.1497709, 0.0 ], [ 73.1195072, 28.1500742, 0.0 ], [ 73.119484, 28.1500738, 0.0 ], [ 73.1194893, 28.1497706, 0.0 ] ], [ [ 73.1194333, 28.1497698, 0.0 ], [ 73.1194565, 28.1497701, 0.0 ], [ 73.1194512, 28.1500734, 0.0 ], [ 73.119428, 28.1500731, 0.0 ], [ 73.1194333, 28.1497698, 0.0 ] ], [ [ 73.1196067, 28.1494604, 0.0 ], [ 73.1196299, 28.1494608, 0.0 ], [ 73.1196246, 28.149764, 0.0 ], [ 73.1196014, 28.1497637, 0.0 ], [ 73.1196067, 28.1494604, 0.0 ] ], [ [ 73.1195508, 28.1494597, 0.0 ], [ 73.1195739, 28.14946, 0.0 ], [ 73.1195686, 28.1497633, 0.0 ], [ 73.1195455, 28.1497629, 0.0 ], [ 73.1195508, 28.1494597, 0.0 ] ], [ [ 73.1196013, 28.1497721, 0.0 ], [ 73.1196244, 28.1497724, 0.0 ], [ 73.1196191, 28.1500757, 0.0 ], [ 73.119596, 28.1500754, 0.0 ], [ 73.1196013, 28.1497721, 0.0 ] ], [ [ 73.1195453, 28.1497714, 0.0 ], [ 73.1195684, 28.1497717, 0.0 ], [ 73.1195631, 28.1500749, 0.0 ], [ 73.11954, 28.1500746, 0.0 ], [ 73.1195453, 28.1497714, 0.0 ] ], [ [ 73.1205025, 28.1494727, 0.0 ], [ 73.1205256, 28.1494731, 0.0 ], [ 73.1205203, 28.1497763, 0.0 ], [ 73.1204972, 28.149776, 0.0 ], [ 73.1205025, 28.1494727, 0.0 ] ], [ [ 73.1204465, 28.149472, 0.0 ], [ 73.1204697, 28.1494723, 0.0 ], [ 73.1204644, 28.1497755, 0.0 ], [ 73.1204412, 28.1497752, 0.0 ], [ 73.1204465, 28.149472, 0.0 ] ], [ [ 73.1204971, 28.1497844, 0.0 ], [ 73.1205202, 28.1497847, 0.0 ], [ 73.1205149, 28.150088, 0.0 ], [ 73.1204918, 28.1500877, 0.0 ], [ 73.1204971, 28.1497844, 0.0 ] ], [ [ 73.1204411, 28.1497836, 0.0 ], [ 73.1204642, 28.149784, 0.0 ], [ 73.1204589, 28.1500872, 0.0 ], [ 73.1204358, 28.1500869, 0.0 ], [ 73.1204411, 28.1497836, 0.0 ] ], [ [ 73.1203905, 28.1494712, 0.0 ], [ 73.1204137, 28.1494715, 0.0 ], [ 73.1204084, 28.1497748, 0.0 ], [ 73.1203852, 28.1497745, 0.0 ], [ 73.1203905, 28.1494712, 0.0 ] ], [ [ 73.1203346, 28.1494704, 0.0 ], [ 73.1203577, 28.1494707, 0.0 ], [ 73.1203524, 28.149774, 0.0 ], [ 73.1203293, 28.1497737, 0.0 ], [ 73.1203346, 28.1494704, 0.0 ] ], [ [ 73.1203851, 28.1497829, 0.0 ], [ 73.1204082, 28.1497832, 0.0 ], [ 73.1204029, 28.1500865, 0.0 ], [ 73.1203798, 28.1500861, 0.0 ], [ 73.1203851, 28.1497829, 0.0 ] ], [ [ 73.1203291, 28.1497821, 0.0 ], [ 73.1203522, 28.1497824, 0.0 ], [ 73.1203469, 28.1500857, 0.0 ], [ 73.1203238, 28.1500854, 0.0 ], [ 73.1203291, 28.1497821, 0.0 ] ], [ [ 73.1202786, 28.1494697, 0.0 ], [ 73.1203017, 28.14947, 0.0 ], [ 73.1202964, 28.1497732, 0.0 ], [ 73.1202733, 28.1497729, 0.0 ], [ 73.1202786, 28.1494697, 0.0 ] ], [ [ 73.1202226, 28.1494689, 0.0 ], [ 73.1202457, 28.1494692, 0.0 ], [ 73.1202404, 28.1497725, 0.0 ], [ 73.1202173, 28.1497722, 0.0 ], [ 73.1202226, 28.1494689, 0.0 ] ], [ [ 73.1202731, 28.1497813, 0.0 ], [ 73.1202963, 28.1497817, 0.0 ], [ 73.120291, 28.1500849, 0.0 ], [ 73.1202678, 28.1500846, 0.0 ], [ 73.1202731, 28.1497813, 0.0 ] ], [ [ 73.1202171, 28.1497806, 0.0 ], [ 73.1202403, 28.1497809, 0.0 ], [ 73.120235, 28.1500842, 0.0 ], [ 73.1202118, 28.1500838, 0.0 ], [ 73.1202171, 28.1497806, 0.0 ] ], [ [ 73.1201666, 28.1494681, 0.0 ], [ 73.1201897, 28.1494684, 0.0 ], [ 73.1201844, 28.1497717, 0.0 ], [ 73.1201613, 28.1497714, 0.0 ], [ 73.1201666, 28.1494681, 0.0 ] ], [ [ 73.1201106, 28.1494674, 0.0 ], [ 73.1201337, 28.1494677, 0.0 ], [ 73.1201284, 28.1497709, 0.0 ], [ 73.1201053, 28.1497706, 0.0 ], [ 73.1201106, 28.1494674, 0.0 ] ], [ [ 73.1201612, 28.1497798, 0.0 ], [ 73.1201843, 28.1497801, 0.0 ], [ 73.120179, 28.1500834, 0.0 ], [ 73.1201559, 28.1500831, 0.0 ], [ 73.1201612, 28.1497798, 0.0 ] ], [ [ 73.1201052, 28.149779, 0.0 ], [ 73.1201283, 28.1497794, 0.0 ], [ 73.120123, 28.1500826, 0.0 ], [ 73.1200999, 28.1500823, 0.0 ], [ 73.1201052, 28.149779, 0.0 ] ], [ [ 73.1200546, 28.1494666, 0.0 ], [ 73.1200778, 28.1494669, 0.0 ], [ 73.1200725, 28.1497702, 0.0 ], [ 73.1200493, 28.1497699, 0.0 ], [ 73.1200546, 28.1494666, 0.0 ] ], [ [ 73.1199986, 28.1494658, 0.0 ], [ 73.1200218, 28.1494661, 0.0 ], [ 73.1200165, 28.1497694, 0.0 ], [ 73.1199933, 28.1497691, 0.0 ], [ 73.1199986, 28.1494658, 0.0 ] ], [ [ 73.1200492, 28.1497783, 0.0 ], [ 73.1200723, 28.1497786, 0.0 ], [ 73.120067, 28.1500819, 0.0 ], [ 73.1200439, 28.1500815, 0.0 ], [ 73.1200492, 28.1497783, 0.0 ] ], [ [ 73.1199932, 28.1497775, 0.0 ], [ 73.1200163, 28.1497778, 0.0 ], [ 73.120011, 28.1500811, 0.0 ], [ 73.1199879, 28.1500808, 0.0 ], [ 73.1199932, 28.1497775, 0.0 ] ], [ [ 73.1199427, 28.1494651, 0.0 ], [ 73.1199658, 28.1494654, 0.0 ], [ 73.1199605, 28.1497686, 0.0 ], [ 73.1199374, 28.1497683, 0.0 ], [ 73.1199427, 28.1494651, 0.0 ] ], [ [ 73.1198867, 28.1494643, 0.0 ], [ 73.1199098, 28.1494646, 0.0 ], [ 73.1199045, 28.1497679, 0.0 ], [ 73.1198814, 28.1497675, 0.0 ], [ 73.1198867, 28.1494643, 0.0 ] ], [ [ 73.1199372, 28.1497767, 0.0 ], [ 73.1199603, 28.1497771, 0.0 ], [ 73.119955, 28.1500803, 0.0 ], [ 73.1199319, 28.15008, 0.0 ], [ 73.1199372, 28.1497767, 0.0 ] ], [ [ 73.1198812, 28.149776, 0.0 ], [ 73.1199044, 28.1497763, 0.0 ], [ 73.1198991, 28.1500795, 0.0 ], [ 73.1198759, 28.1500792, 0.0 ], [ 73.1198812, 28.149776, 0.0 ] ], [ [ 73.1198307, 28.1494635, 0.0 ], [ 73.1198538, 28.1494638, 0.0 ], [ 73.1198485, 28.1497671, 0.0 ], [ 73.1198254, 28.1497668, 0.0 ], [ 73.1198307, 28.1494635, 0.0 ] ], [ [ 73.1197747, 28.1494627, 0.0 ], [ 73.1197978, 28.1494631, 0.0 ], [ 73.1197925, 28.1497663, 0.0 ], [ 73.1197694, 28.149766, 0.0 ], [ 73.1197747, 28.1494627, 0.0 ] ], [ [ 73.1198252, 28.1497752, 0.0 ], [ 73.1198484, 28.1497755, 0.0 ], [ 73.1198431, 28.1500788, 0.0 ], [ 73.1198199, 28.1500785, 0.0 ], [ 73.1198252, 28.1497752, 0.0 ] ], [ [ 73.1197693, 28.1497744, 0.0 ], [ 73.1197924, 28.1497747, 0.0 ], [ 73.1197871, 28.150078, 0.0 ], [ 73.119764, 28.1500777, 0.0 ], [ 73.1197693, 28.1497744, 0.0 ] ], [ [ 73.1197187, 28.149462, 0.0 ], [ 73.1197418, 28.1494623, 0.0 ], [ 73.1197365, 28.1497656, 0.0 ], [ 73.1197134, 28.1497652, 0.0 ], [ 73.1197187, 28.149462, 0.0 ] ], [ [ 73.1196627, 28.1494612, 0.0 ], [ 73.1196859, 28.1494615, 0.0 ], [ 73.1196806, 28.1497648, 0.0 ], [ 73.1196574, 28.1497645, 0.0 ], [ 73.1196627, 28.1494612, 0.0 ] ], [ [ 73.1197133, 28.1497737, 0.0 ], [ 73.1197364, 28.149774, 0.0 ], [ 73.1197311, 28.1500772, 0.0 ], [ 73.119708, 28.1500769, 0.0 ], [ 73.1197133, 28.1497737, 0.0 ] ], [ [ 73.1196573, 28.1497729, 0.0 ], [ 73.1196804, 28.1497732, 0.0 ], [ 73.1196751, 28.1500765, 0.0 ], [ 73.119652, 28.1500762, 0.0 ], [ 73.1196573, 28.1497729, 0.0 ] ], [ [ 73.1208384, 28.1494773, 0.0 ], [ 73.1208616, 28.1494777, 0.0 ], [ 73.1208563, 28.1497809, 0.0 ], [ 73.1208331, 28.1497806, 0.0 ], [ 73.1208384, 28.1494773, 0.0 ] ], [ [ 73.1207824, 28.1494766, 0.0 ], [ 73.1208056, 28.1494769, 0.0 ], [ 73.1208003, 28.1497802, 0.0 ], [ 73.1207771, 28.1497798, 0.0 ], [ 73.1207824, 28.1494766, 0.0 ] ], [ [ 73.120833, 28.149789, 0.0 ], [ 73.1208561, 28.1497893, 0.0 ], [ 73.1208508, 28.1500926, 0.0 ], [ 73.1208277, 28.1500923, 0.0 ], [ 73.120833, 28.149789, 0.0 ] ], [ [ 73.120777, 28.1497883, 0.0 ], [ 73.1208001, 28.1497886, 0.0 ], [ 73.1207948, 28.1500918, 0.0 ], [ 73.1207717, 28.1500915, 0.0 ], [ 73.120777, 28.1497883, 0.0 ] ], [ [ 73.1207265, 28.1494758, 0.0 ], [ 73.1207496, 28.1494761, 0.0 ], [ 73.1207443, 28.1497794, 0.0 ], [ 73.1207212, 28.1497791, 0.0 ], [ 73.1207265, 28.1494758, 0.0 ] ], [ [ 73.1206705, 28.149475, 0.0 ], [ 73.1206936, 28.1494754, 0.0 ], [ 73.1206883, 28.1497786, 0.0 ], [ 73.1206652, 28.1497783, 0.0 ], [ 73.1206705, 28.149475, 0.0 ] ], [ [ 73.120721, 28.1497875, 0.0 ], [ 73.1207441, 28.1497878, 0.0 ], [ 73.1207388, 28.1500911, 0.0 ], [ 73.1207157, 28.1500908, 0.0 ], [ 73.120721, 28.1497875, 0.0 ] ], [ [ 73.120665, 28.1497867, 0.0 ], [ 73.1206882, 28.149787, 0.0 ], [ 73.1206829, 28.1500903, 0.0 ], [ 73.1206597, 28.15009, 0.0 ], [ 73.120665, 28.1497867, 0.0 ] ], [ [ 73.1206145, 28.1494743, 0.0 ], [ 73.1206376, 28.1494746, 0.0 ], [ 73.1206323, 28.1497779, 0.0 ], [ 73.1206092, 28.1497775, 0.0 ], [ 73.1206145, 28.1494743, 0.0 ] ], [ [ 73.1205585, 28.1494735, 0.0 ], [ 73.1205816, 28.1494738, 0.0 ], [ 73.1205763, 28.1497771, 0.0 ], [ 73.1205532, 28.1497768, 0.0 ], [ 73.1205585, 28.1494735, 0.0 ] ], [ [ 73.120609, 28.149786, 0.0 ], [ 73.1206322, 28.1497863, 0.0 ], [ 73.1206269, 28.1500895, 0.0 ], [ 73.1206037, 28.1500892, 0.0 ], [ 73.120609, 28.149786, 0.0 ] ], [ [ 73.1205531, 28.1497852, 0.0 ], [ 73.1205762, 28.1497855, 0.0 ], [ 73.1205709, 28.1500888, 0.0 ], [ 73.1205478, 28.1500884, 0.0 ], [ 73.1205531, 28.1497852, 0.0 ] ], [ [ 73.1206993, 28.1446167, 0.0 ], [ 73.1207224, 28.144617, 0.0 ], [ 73.1207171, 28.1449203, 0.0 ], [ 73.120694, 28.1449199, 0.0 ], [ 73.1206993, 28.1446167, 0.0 ] ], [ [ 73.1206433, 28.1446159, 0.0 ], [ 73.1206665, 28.1446162, 0.0 ], [ 73.1206612, 28.1449195, 0.0 ], [ 73.120638, 28.1449192, 0.0 ], [ 73.1206433, 28.1446159, 0.0 ] ], [ [ 73.1206939, 28.1449284, 0.0 ], [ 73.120717, 28.1449287, 0.0 ], [ 73.1207117, 28.1452319, 0.0 ], [ 73.1206886, 28.1452316, 0.0 ], [ 73.1206939, 28.1449284, 0.0 ] ], [ [ 73.1206379, 28.1449276, 0.0 ], [ 73.120661, 28.1449279, 0.0 ], [ 73.1206557, 28.1452312, 0.0 ], [ 73.1206326, 28.1452309, 0.0 ], [ 73.1206379, 28.1449276, 0.0 ] ], [ [ 73.1216761, 28.1464041, 0.0 ], [ 73.1216992, 28.1464044, 0.0 ], [ 73.1216939, 28.1467077, 0.0 ], [ 73.1216708, 28.1467074, 0.0 ], [ 73.1216761, 28.1464041, 0.0 ] ], [ [ 73.1216201, 28.1464033, 0.0 ], [ 73.1216432, 28.1464036, 0.0 ], [ 73.1216379, 28.1467069, 0.0 ], [ 73.1216148, 28.1467066, 0.0 ], [ 73.1216201, 28.1464033, 0.0 ] ], [ [ 73.1216706, 28.1467158, 0.0 ], [ 73.1216937, 28.1467161, 0.0 ], [ 73.1216885, 28.1470194, 0.0 ], [ 73.1216653, 28.147019, 0.0 ], [ 73.1216706, 28.1467158, 0.0 ] ], [ [ 73.1216146, 28.146715, 0.0 ], [ 73.1216378, 28.1467153, 0.0 ], [ 73.1216325, 28.1470186, 0.0 ], [ 73.1216093, 28.1470183, 0.0 ], [ 73.1216146, 28.146715, 0.0 ] ], [ [ 73.121788, 28.1464056, 0.0 ], [ 73.1218112, 28.1464059, 0.0 ], [ 73.1218059, 28.1467092, 0.0 ], [ 73.1217827, 28.1467089, 0.0 ], [ 73.121788, 28.1464056, 0.0 ] ], [ [ 73.121732, 28.1464049, 0.0 ], [ 73.1217552, 28.1464052, 0.0 ], [ 73.1217499, 28.1467084, 0.0 ], [ 73.1217268, 28.1467081, 0.0 ], [ 73.121732, 28.1464049, 0.0 ] ], [ [ 73.1217826, 28.1467173, 0.0 ], [ 73.1218057, 28.1467176, 0.0 ], [ 73.1218004, 28.1470209, 0.0 ], [ 73.1217773, 28.1470206, 0.0 ], [ 73.1217826, 28.1467173, 0.0 ] ], [ [ 73.1217266, 28.1467165, 0.0 ], [ 73.1217497, 28.1467169, 0.0 ], [ 73.1217444, 28.1470201, 0.0 ], [ 73.1217213, 28.1470198, 0.0 ], [ 73.1217266, 28.1467165, 0.0 ] ], [ [ 73.1218057, 28.1453913, 0.0 ], [ 73.1218289, 28.1453917, 0.0 ], [ 73.1218236, 28.1456949, 0.0 ], [ 73.1218004, 28.1456946, 0.0 ], [ 73.1218057, 28.1453913, 0.0 ] ], [ [ 73.1217497, 28.1453906, 0.0 ], [ 73.1217729, 28.1453909, 0.0 ], [ 73.1217676, 28.1456942, 0.0 ], [ 73.1217445, 28.1456938, 0.0 ], [ 73.1217497, 28.1453906, 0.0 ] ], [ [ 73.1218003, 28.145703, 0.0 ], [ 73.1218234, 28.1457033, 0.0 ], [ 73.1218181, 28.1460066, 0.0 ], [ 73.121795, 28.1460063, 0.0 ], [ 73.1218003, 28.145703, 0.0 ] ], [ [ 73.1217443, 28.1457023, 0.0 ], [ 73.1217674, 28.1457026, 0.0 ], [ 73.1217621, 28.1460058, 0.0 ], [ 73.121739, 28.1460055, 0.0 ], [ 73.1217443, 28.1457023, 0.0 ] ], [ [ 73.119148, 28.1500737, 0.0 ], [ 73.1191712, 28.1500741, 0.0 ], [ 73.1191659, 28.1503773, 0.0 ], [ 73.1191427, 28.150377, 0.0 ], [ 73.119148, 28.1500737, 0.0 ] ], [ [ 73.1190921, 28.150073, 0.0 ], [ 73.1191152, 28.1500733, 0.0 ], [ 73.1191099, 28.1503766, 0.0 ], [ 73.1190867, 28.1503762, 0.0 ], [ 73.1190921, 28.150073, 0.0 ] ], [ [ 73.1191426, 28.1503854, 0.0 ], [ 73.1191657, 28.1503857, 0.0 ], [ 73.1191604, 28.150689, 0.0 ], [ 73.1191373, 28.1506887, 0.0 ], [ 73.1191426, 28.1503854, 0.0 ] ], [ [ 73.1190866, 28.1503847, 0.0 ], [ 73.1191097, 28.150385, 0.0 ], [ 73.1191044, 28.1506882, 0.0 ], [ 73.1190813, 28.1506879, 0.0 ], [ 73.1190866, 28.1503847, 0.0 ] ], [ [ 73.11926, 28.1500753, 0.0 ], [ 73.1192831, 28.1500756, 0.0 ], [ 73.1192778, 28.1503789, 0.0 ], [ 73.1192547, 28.1503785, 0.0 ], [ 73.11926, 28.1500753, 0.0 ] ], [ [ 73.119204, 28.1500745, 0.0 ], [ 73.1192271, 28.1500748, 0.0 ], [ 73.1192218, 28.1503781, 0.0 ], [ 73.1191987, 28.1503778, 0.0 ], [ 73.119204, 28.1500745, 0.0 ] ], [ [ 73.1192546, 28.150387, 0.0 ], [ 73.1192777, 28.1503873, 0.0 ], [ 73.1192724, 28.1506905, 0.0 ], [ 73.1192493, 28.1506902, 0.0 ], [ 73.1192546, 28.150387, 0.0 ] ], [ [ 73.1191986, 28.1503862, 0.0 ], [ 73.1192217, 28.1503865, 0.0 ], [ 73.1192164, 28.1506898, 0.0 ], [ 73.1191933, 28.1506895, 0.0 ], [ 73.1191986, 28.1503862, 0.0 ] ], [ [ 73.119372, 28.1500768, 0.0 ], [ 73.1193951, 28.1500771, 0.0 ], [ 73.1193898, 28.1503804, 0.0 ], [ 73.1193667, 28.1503801, 0.0 ], [ 73.119372, 28.1500768, 0.0 ] ], [ [ 73.119316, 28.1500761, 0.0 ], [ 73.1193391, 28.1500764, 0.0 ], [ 73.1193338, 28.1503796, 0.0 ], [ 73.1193107, 28.1503793, 0.0 ], [ 73.119316, 28.1500761, 0.0 ] ], [ [ 73.1193665, 28.1503885, 0.0 ], [ 73.1193897, 28.1503888, 0.0 ], [ 73.1193844, 28.1506921, 0.0 ], [ 73.1193612, 28.1506918, 0.0 ], [ 73.1193665, 28.1503885, 0.0 ] ], [ [ 73.1193105, 28.1503877, 0.0 ], [ 73.1193337, 28.1503881, 0.0 ], [ 73.1193284, 28.1506913, 0.0 ], [ 73.1193052, 28.150691, 0.0 ], [ 73.1193105, 28.1503877, 0.0 ] ], [ [ 73.119484, 28.1500784, 0.0 ], [ 73.1195071, 28.1500787, 0.0 ], [ 73.1195018, 28.1503819, 0.0 ], [ 73.1194787, 28.1503816, 0.0 ], [ 73.119484, 28.1500784, 0.0 ] ], [ [ 73.119428, 28.1500776, 0.0 ], [ 73.1194511, 28.1500779, 0.0 ], [ 73.1194458, 28.1503812, 0.0 ], [ 73.1194227, 28.1503809, 0.0 ], [ 73.119428, 28.1500776, 0.0 ] ], [ [ 73.1194785, 28.15039, 0.0 ], [ 73.1195016, 28.1503904, 0.0 ], [ 73.1194963, 28.1506936, 0.0 ], [ 73.1194732, 28.1506933, 0.0 ], [ 73.1194785, 28.15039, 0.0 ] ], [ [ 73.1194225, 28.1503893, 0.0 ], [ 73.1194456, 28.1503896, 0.0 ], [ 73.1194403, 28.1506929, 0.0 ], [ 73.1194172, 28.1506925, 0.0 ], [ 73.1194225, 28.1503893, 0.0 ] ], [ [ 73.1195959, 28.1500799, 0.0 ], [ 73.1196191, 28.1500802, 0.0 ], [ 73.1196138, 28.1503835, 0.0 ], [ 73.1195906, 28.1503832, 0.0 ], [ 73.1195959, 28.1500799, 0.0 ] ], [ [ 73.1195399, 28.1500791, 0.0 ], [ 73.1195631, 28.1500794, 0.0 ], [ 73.1195578, 28.1503827, 0.0 ], [ 73.1195346, 28.1503824, 0.0 ], [ 73.1195399, 28.1500791, 0.0 ] ], [ [ 73.1195905, 28.1503916, 0.0 ], [ 73.1196136, 28.1503919, 0.0 ], [ 73.1196083, 28.1506952, 0.0 ], [ 73.1195852, 28.1506948, 0.0 ], [ 73.1195905, 28.1503916, 0.0 ] ], [ [ 73.1195345, 28.1503908, 0.0 ], [ 73.1195576, 28.1503911, 0.0 ], [ 73.1195523, 28.1506944, 0.0 ], [ 73.1195292, 28.1506941, 0.0 ], [ 73.1195345, 28.1503908, 0.0 ] ], [ [ 73.1204917, 28.1500922, 0.0 ], [ 73.1205148, 28.1500925, 0.0 ], [ 73.1205095, 28.1503958, 0.0 ], [ 73.1204864, 28.1503955, 0.0 ], [ 73.1204917, 28.1500922, 0.0 ] ], [ [ 73.1204357, 28.1500914, 0.0 ], [ 73.1204588, 28.1500917, 0.0 ], [ 73.1204535, 28.150395, 0.0 ], [ 73.1204304, 28.1503947, 0.0 ], [ 73.1204357, 28.1500914, 0.0 ] ], [ [ 73.1204863, 28.1504039, 0.0 ], [ 73.1205094, 28.1504042, 0.0 ], [ 73.1205041, 28.1507075, 0.0 ], [ 73.120481, 28.1507071, 0.0 ], [ 73.1204863, 28.1504039, 0.0 ] ], [ [ 73.1204303, 28.1504031, 0.0 ], [ 73.1204534, 28.1504034, 0.0 ], [ 73.1204481, 28.1507067, 0.0 ], [ 73.120425, 28.1507064, 0.0 ], [ 73.1204303, 28.1504031, 0.0 ] ], [ [ 73.1203797, 28.1500907, 0.0 ], [ 73.1204029, 28.150091, 0.0 ], [ 73.1203976, 28.1503942, 0.0 ], [ 73.1203744, 28.1503939, 0.0 ], [ 73.1203797, 28.1500907, 0.0 ] ], [ [ 73.1203237, 28.1500899, 0.0 ], [ 73.1203469, 28.1500902, 0.0 ], [ 73.1203416, 28.1503935, 0.0 ], [ 73.1203184, 28.1503932, 0.0 ], [ 73.1203237, 28.1500899, 0.0 ] ], [ [ 73.1203743, 28.1504023, 0.0 ], [ 73.1203974, 28.1504027, 0.0 ], [ 73.1203921, 28.1507059, 0.0 ], [ 73.120369, 28.1507056, 0.0 ], [ 73.1203743, 28.1504023, 0.0 ] ], [ [ 73.1203183, 28.1504016, 0.0 ], [ 73.1203414, 28.1504019, 0.0 ], [ 73.1203361, 28.1507052, 0.0 ], [ 73.120313, 28.1507048, 0.0 ], [ 73.1203183, 28.1504016, 0.0 ] ], [ [ 73.1202678, 28.1500891, 0.0 ], [ 73.1202909, 28.1500894, 0.0 ], [ 73.1202856, 28.1503927, 0.0 ], [ 73.1202625, 28.1503924, 0.0 ], [ 73.1202678, 28.1500891, 0.0 ] ], [ [ 73.1202118, 28.1500884, 0.0 ], [ 73.1202349, 28.1500887, 0.0 ], [ 73.1202296, 28.1503919, 0.0 ], [ 73.1202065, 28.1503916, 0.0 ], [ 73.1202118, 28.1500884, 0.0 ] ], [ [ 73.1202623, 28.1504008, 0.0 ], [ 73.1202854, 28.1504011, 0.0 ], [ 73.1202801, 28.1507044, 0.0 ], [ 73.120257, 28.1507041, 0.0 ], [ 73.1202623, 28.1504008, 0.0 ] ], [ [ 73.1202063, 28.1504, 0.0 ], [ 73.1202294, 28.1504004, 0.0 ], [ 73.1202242, 28.1507036, 0.0 ], [ 73.120201, 28.1507033, 0.0 ], [ 73.1202063, 28.1504, 0.0 ] ], [ [ 73.1201558, 28.1500876, 0.0 ], [ 73.1201789, 28.1500879, 0.0 ], [ 73.1201736, 28.1503912, 0.0 ], [ 73.1201505, 28.1503908, 0.0 ], [ 73.1201558, 28.1500876, 0.0 ] ], [ [ 73.1200998, 28.1500868, 0.0 ], [ 73.1201229, 28.1500871, 0.0 ], [ 73.1201176, 28.1503904, 0.0 ], [ 73.1200945, 28.1503901, 0.0 ], [ 73.1200998, 28.1500868, 0.0 ] ], [ [ 73.1201503, 28.1503993, 0.0 ], [ 73.1201735, 28.1503996, 0.0 ], [ 73.1201682, 28.1507028, 0.0 ], [ 73.120145, 28.1507025, 0.0 ], [ 73.1201503, 28.1503993, 0.0 ] ], [ [ 73.1200944, 28.1503985, 0.0 ], [ 73.1201175, 28.1503988, 0.0 ], [ 73.1201122, 28.1507021, 0.0 ], [ 73.1200891, 28.1507018, 0.0 ], [ 73.1200944, 28.1503985, 0.0 ] ], [ [ 73.1200438, 28.150086, 0.0 ], [ 73.1200669, 28.1500864, 0.0 ], [ 73.1200616, 28.1503896, 0.0 ], [ 73.1200385, 28.1503893, 0.0 ], [ 73.1200438, 28.150086, 0.0 ] ], [ [ 73.1199878, 28.1500853, 0.0 ], [ 73.120011, 28.1500856, 0.0 ], [ 73.1200057, 28.1503889, 0.0 ], [ 73.1199825, 28.1503885, 0.0 ], [ 73.1199878, 28.1500853, 0.0 ] ], [ [ 73.1200384, 28.1503977, 0.0 ], [ 73.1200615, 28.150398, 0.0 ], [ 73.1200562, 28.1507013, 0.0 ], [ 73.1200331, 28.150701, 0.0 ], [ 73.1200384, 28.1503977, 0.0 ] ], [ [ 73.1199824, 28.150397, 0.0 ], [ 73.1200055, 28.1503973, 0.0 ], [ 73.1200002, 28.1507005, 0.0 ], [ 73.1199771, 28.1507002, 0.0 ], [ 73.1199824, 28.150397, 0.0 ] ], [ [ 73.1199318, 28.1500845, 0.0 ], [ 73.119955, 28.1500848, 0.0 ], [ 73.1199497, 28.1503881, 0.0 ], [ 73.1199265, 28.1503878, 0.0 ], [ 73.1199318, 28.1500845, 0.0 ] ], [ [ 73.1198759, 28.1500837, 0.0 ], [ 73.119899, 28.1500841, 0.0 ], [ 73.1198937, 28.1503873, 0.0 ], [ 73.1198706, 28.150387, 0.0 ], [ 73.1198759, 28.1500837, 0.0 ] ], [ [ 73.1199264, 28.1503962, 0.0 ], [ 73.1199495, 28.1503965, 0.0 ], [ 73.1199442, 28.1506998, 0.0 ], [ 73.1199211, 28.1506995, 0.0 ], [ 73.1199264, 28.1503962, 0.0 ] ], [ [ 73.1198704, 28.1503954, 0.0 ], [ 73.1198935, 28.1503957, 0.0 ], [ 73.1198882, 28.150699, 0.0 ], [ 73.1198651, 28.1506987, 0.0 ], [ 73.1198704, 28.1503954, 0.0 ] ], [ [ 73.1198199, 28.150083, 0.0 ], [ 73.119843, 28.1500833, 0.0 ], [ 73.1198377, 28.1503866, 0.0 ], [ 73.1198146, 28.1503862, 0.0 ], [ 73.1198199, 28.150083, 0.0 ] ], [ [ 73.1197639, 28.1500822, 0.0 ], [ 73.119787, 28.1500825, 0.0 ], [ 73.1197817, 28.1503858, 0.0 ], [ 73.1197586, 28.1503855, 0.0 ], [ 73.1197639, 28.1500822, 0.0 ] ], [ [ 73.1198144, 28.1503947, 0.0 ], [ 73.1198375, 28.150395, 0.0 ], [ 73.1198322, 28.1506982, 0.0 ], [ 73.1198091, 28.1506979, 0.0 ], [ 73.1198144, 28.1503947, 0.0 ] ], [ [ 73.1197584, 28.1503939, 0.0 ], [ 73.1197816, 28.1503942, 0.0 ], [ 73.1197763, 28.1506975, 0.0 ], [ 73.1197531, 28.1506971, 0.0 ], [ 73.1197584, 28.1503939, 0.0 ] ], [ [ 73.1197079, 28.1500814, 0.0 ], [ 73.119731, 28.1500818, 0.0 ], [ 73.1197257, 28.150385, 0.0 ], [ 73.1197026, 28.1503847, 0.0 ], [ 73.1197079, 28.1500814, 0.0 ] ], [ [ 73.1196519, 28.1500807, 0.0 ], [ 73.119675, 28.150081, 0.0 ], [ 73.1196697, 28.1503842, 0.0 ], [ 73.1196466, 28.1503839, 0.0 ], [ 73.1196519, 28.1500807, 0.0 ] ], [ [ 73.1197024, 28.1503931, 0.0 ], [ 73.1197256, 28.1503934, 0.0 ], [ 73.1197203, 28.1506967, 0.0 ], [ 73.1196971, 28.1506964, 0.0 ], [ 73.1197024, 28.1503931, 0.0 ] ], [ [ 73.1196465, 28.1503923, 0.0 ], [ 73.1196696, 28.1503927, 0.0 ], [ 73.1196643, 28.1506959, 0.0 ], [ 73.1196412, 28.1506956, 0.0 ], [ 73.1196465, 28.1503923, 0.0 ] ], [ [ 73.1207156, 28.1500953, 0.0 ], [ 73.1207388, 28.1500956, 0.0 ], [ 73.1207335, 28.1503988, 0.0 ], [ 73.1207103, 28.1503985, 0.0 ], [ 73.1207156, 28.1500953, 0.0 ] ], [ [ 73.1206597, 28.1500945, 0.0 ], [ 73.1206828, 28.1500948, 0.0 ], [ 73.1206775, 28.1503981, 0.0 ], [ 73.1206544, 28.1503978, 0.0 ], [ 73.1206597, 28.1500945, 0.0 ] ], [ [ 73.1207102, 28.1504069, 0.0 ], [ 73.1207333, 28.1504073, 0.0 ], [ 73.120728, 28.1507105, 0.0 ], [ 73.1207049, 28.1507102, 0.0 ], [ 73.1207102, 28.1504069, 0.0 ] ], [ [ 73.1206542, 28.1504062, 0.0 ], [ 73.1206773, 28.1504065, 0.0 ], [ 73.120672, 28.1507098, 0.0 ], [ 73.1206489, 28.1507094, 0.0 ], [ 73.1206542, 28.1504062, 0.0 ] ], [ [ 73.1206037, 28.1500937, 0.0 ], [ 73.1206268, 28.150094, 0.0 ], [ 73.1206215, 28.1503973, 0.0 ], [ 73.1205984, 28.150397, 0.0 ], [ 73.1206037, 28.1500937, 0.0 ] ], [ [ 73.1205477, 28.150093, 0.0 ], [ 73.1205708, 28.1500933, 0.0 ], [ 73.1205655, 28.1503965, 0.0 ], [ 73.1205424, 28.1503962, 0.0 ], [ 73.1205477, 28.150093, 0.0 ] ], [ [ 73.1205982, 28.1504054, 0.0 ], [ 73.1206214, 28.1504057, 0.0 ], [ 73.1206161, 28.150709, 0.0 ], [ 73.1205929, 28.1507087, 0.0 ], [ 73.1205982, 28.1504054, 0.0 ] ], [ [ 73.1205422, 28.1504046, 0.0 ], [ 73.1205654, 28.150405, 0.0 ], [ 73.1205601, 28.1507082, 0.0 ], [ 73.1205369, 28.1507079, 0.0 ], [ 73.1205422, 28.1504046, 0.0 ] ], [ [ 73.1215169, 28.149105, 0.0 ], [ 73.12154, 28.1491053, 0.0 ], [ 73.1215348, 28.1494086, 0.0 ], [ 73.1215116, 28.1494083, 0.0 ], [ 73.1215169, 28.149105, 0.0 ] ], [ [ 73.1214609, 28.1491042, 0.0 ], [ 73.1214841, 28.1491046, 0.0 ], [ 73.1214788, 28.1494078, 0.0 ], [ 73.1214556, 28.1494075, 0.0 ], [ 73.1214609, 28.1491042, 0.0 ] ], [ [ 73.1215115, 28.1494167, 0.0 ], [ 73.1215346, 28.149417, 0.0 ], [ 73.1215293, 28.1497203, 0.0 ], [ 73.1215062, 28.14972, 0.0 ], [ 73.1215115, 28.1494167, 0.0 ] ], [ [ 73.1214555, 28.1494159, 0.0 ], [ 73.1214786, 28.1494162, 0.0 ], [ 73.1214733, 28.1497195, 0.0 ], [ 73.1214502, 28.1497192, 0.0 ], [ 73.1214555, 28.1494159, 0.0 ] ], [ [ 73.1214049, 28.1491035, 0.0 ], [ 73.1214281, 28.1491038, 0.0 ], [ 73.1214228, 28.1494071, 0.0 ], [ 73.1213997, 28.1494067, 0.0 ], [ 73.1214049, 28.1491035, 0.0 ] ], [ [ 73.121349, 28.1491027, 0.0 ], [ 73.1213721, 28.149103, 0.0 ], [ 73.1213668, 28.1494063, 0.0 ], [ 73.1213437, 28.149406, 0.0 ], [ 73.121349, 28.1491027, 0.0 ] ], [ [ 73.1213995, 28.1494152, 0.0 ], [ 73.1214226, 28.1494155, 0.0 ], [ 73.1214173, 28.1497187, 0.0 ], [ 73.1213942, 28.1497184, 0.0 ], [ 73.1213995, 28.1494152, 0.0 ] ], [ [ 73.1213435, 28.1494144, 0.0 ], [ 73.1213666, 28.1494147, 0.0 ], [ 73.1213614, 28.149718, 0.0 ], [ 73.1213382, 28.1497177, 0.0 ], [ 73.1213435, 28.1494144, 0.0 ] ], [ [ 73.1212971, 28.148864, 0.0 ], [ 73.1213203, 28.1488643, 0.0 ], [ 73.121315, 28.1491676, 0.0 ], [ 73.1212918, 28.1491673, 0.0 ], [ 73.1212971, 28.148864, 0.0 ] ], [ [ 73.1212411, 28.1488633, 0.0 ], [ 73.1212643, 28.1488636, 0.0 ], [ 73.121259, 28.1491668, 0.0 ], [ 73.1212359, 28.1491665, 0.0 ], [ 73.1212411, 28.1488633, 0.0 ] ], [ [ 73.1212917, 28.1491757, 0.0 ], [ 73.1213148, 28.149176, 0.0 ], [ 73.1213095, 28.1494793, 0.0 ], [ 73.1212864, 28.149479, 0.0 ], [ 73.1212917, 28.1491757, 0.0 ] ], [ [ 73.1212357, 28.1491749, 0.0 ], [ 73.1212588, 28.1491753, 0.0 ], [ 73.1212535, 28.1494785, 0.0 ], [ 73.1212304, 28.1494782, 0.0 ], [ 73.1212357, 28.1491749, 0.0 ] ], [ [ 73.1211852, 28.1488625, 0.0 ], [ 73.1212083, 28.1488628, 0.0 ], [ 73.121203, 28.1491661, 0.0 ], [ 73.1211799, 28.1491658, 0.0 ], [ 73.1211852, 28.1488625, 0.0 ] ], [ [ 73.1211292, 28.1488617, 0.0 ], [ 73.1211523, 28.148862, 0.0 ], [ 73.121147, 28.1491653, 0.0 ], [ 73.1211239, 28.149165, 0.0 ], [ 73.1211292, 28.1488617, 0.0 ] ], [ [ 73.1211797, 28.1491742, 0.0 ], [ 73.1212028, 28.1491745, 0.0 ], [ 73.1211975, 28.1494778, 0.0 ], [ 73.1211744, 28.1494774, 0.0 ], [ 73.1211797, 28.1491742, 0.0 ] ], [ [ 73.1211237, 28.1491734, 0.0 ], [ 73.1211469, 28.1491737, 0.0 ], [ 73.1211416, 28.149477, 0.0 ], [ 73.1211184, 28.1494767, 0.0 ], [ 73.1211237, 28.1491734, 0.0 ] ], [ [ 73.1210732, 28.148861, 0.0 ], [ 73.1210963, 28.1488613, 0.0 ], [ 73.121091, 28.1491645, 0.0 ], [ 73.1210679, 28.1491642, 0.0 ], [ 73.1210732, 28.148861, 0.0 ] ], [ [ 73.1210172, 28.1488602, 0.0 ], [ 73.1210403, 28.1488605, 0.0 ], [ 73.121035, 28.1491638, 0.0 ], [ 73.1210119, 28.1491635, 0.0 ], [ 73.1210172, 28.1488602, 0.0 ] ], [ [ 73.1210677, 28.1491726, 0.0 ], [ 73.1210909, 28.149173, 0.0 ], [ 73.1210856, 28.1494762, 0.0 ], [ 73.1210625, 28.1494759, 0.0 ], [ 73.1210677, 28.1491726, 0.0 ] ], [ [ 73.1210118, 28.1491719, 0.0 ], [ 73.1210349, 28.1491722, 0.0 ], [ 73.1210296, 28.1494755, 0.0 ], [ 73.1210065, 28.1494751, 0.0 ], [ 73.1210118, 28.1491719, 0.0 ] ], [ [ 73.1209612, 28.1488594, 0.0 ], [ 73.1209843, 28.1488597, 0.0 ], [ 73.1209791, 28.149163, 0.0 ], [ 73.1209559, 28.1491627, 0.0 ], [ 73.1209612, 28.1488594, 0.0 ] ], [ [ 73.1209052, 28.1488587, 0.0 ], [ 73.1209284, 28.148859, 0.0 ], [ 73.1209231, 28.1491622, 0.0 ], [ 73.1208999, 28.1491619, 0.0 ], [ 73.1209052, 28.1488587, 0.0 ] ], [ [ 73.1209558, 28.1491711, 0.0 ], [ 73.1209789, 28.1491714, 0.0 ], [ 73.1209736, 28.1494747, 0.0 ], [ 73.1209505, 28.1494744, 0.0 ], [ 73.1209558, 28.1491711, 0.0 ] ], [ [ 73.1208998, 28.1491703, 0.0 ], [ 73.1209229, 28.1491707, 0.0 ], [ 73.1209176, 28.1494739, 0.0 ], [ 73.1208945, 28.1494736, 0.0 ], [ 73.1208998, 28.1491703, 0.0 ] ], [ [ 73.1216289, 28.1491065, 0.0 ], [ 73.121652, 28.1491069, 0.0 ], [ 73.1216467, 28.1494101, 0.0 ], [ 73.1216236, 28.1494098, 0.0 ], [ 73.1216289, 28.1491065, 0.0 ] ], [ [ 73.1215729, 28.1491058, 0.0 ], [ 73.121596, 28.1491061, 0.0 ], [ 73.1215907, 28.1494094, 0.0 ], [ 73.1215676, 28.149409, 0.0 ], [ 73.1215729, 28.1491058, 0.0 ] ], [ [ 73.1216234, 28.1494182, 0.0 ], [ 73.1216466, 28.1494185, 0.0 ], [ 73.1216413, 28.1497218, 0.0 ], [ 73.1216182, 28.1497215, 0.0 ], [ 73.1216234, 28.1494182, 0.0 ] ], [ [ 73.1215675, 28.1494175, 0.0 ], [ 73.1215906, 28.1494178, 0.0 ], [ 73.1215853, 28.149721, 0.0 ], [ 73.1215622, 28.1497207, 0.0 ], [ 73.1215675, 28.1494175, 0.0 ] ], [ [ 73.1220876, 28.1484932, 0.0 ], [ 73.1221107, 28.1484936, 0.0 ], [ 73.1221054, 28.1487968, 0.0 ], [ 73.1220823, 28.1487965, 0.0 ], [ 73.1220876, 28.1484932, 0.0 ] ], [ [ 73.1220316, 28.1484925, 0.0 ], [ 73.1220547, 28.1484928, 0.0 ], [ 73.1220494, 28.148796, 0.0 ], [ 73.1220263, 28.1487957, 0.0 ], [ 73.1220316, 28.1484925, 0.0 ] ], [ [ 73.1220821, 28.1488049, 0.0 ], [ 73.1221053, 28.1488052, 0.0 ], [ 73.1221, 28.1491085, 0.0 ], [ 73.1220769, 28.1491082, 0.0 ], [ 73.1220821, 28.1488049, 0.0 ] ], [ [ 73.1220262, 28.1488041, 0.0 ], [ 73.1220493, 28.1488045, 0.0 ], [ 73.122044, 28.1491077, 0.0 ], [ 73.1220209, 28.1491074, 0.0 ], [ 73.1220262, 28.1488041, 0.0 ] ], [ [ 73.1219756, 28.1484917, 0.0 ], [ 73.1219987, 28.148492, 0.0 ], [ 73.1219934, 28.1487953, 0.0 ], [ 73.1219703, 28.148795, 0.0 ], [ 73.1219756, 28.1484917, 0.0 ] ], [ [ 73.1219196, 28.1484909, 0.0 ], [ 73.1219428, 28.1484912, 0.0 ], [ 73.1219375, 28.1487945, 0.0 ], [ 73.1219143, 28.1487942, 0.0 ], [ 73.1219196, 28.1484909, 0.0 ] ], [ [ 73.1219702, 28.1488034, 0.0 ], [ 73.1219933, 28.1488037, 0.0 ], [ 73.121988, 28.149107, 0.0 ], [ 73.1219649, 28.1491066, 0.0 ], [ 73.1219702, 28.1488034, 0.0 ] ], [ [ 73.1219142, 28.1488026, 0.0 ], [ 73.1219373, 28.1488029, 0.0 ], [ 73.121932, 28.1491062, 0.0 ], [ 73.1219089, 28.1491059, 0.0 ], [ 73.1219142, 28.1488026, 0.0 ] ], [ [ 73.1218636, 28.1484902, 0.0 ], [ 73.1218868, 28.1484905, 0.0 ], [ 73.1218815, 28.1487937, 0.0 ], [ 73.1218583, 28.1487934, 0.0 ], [ 73.1218636, 28.1484902, 0.0 ] ], [ [ 73.1218077, 28.1484894, 0.0 ], [ 73.1218308, 28.1484897, 0.0 ], [ 73.1218255, 28.148793, 0.0 ], [ 73.1218024, 28.1487927, 0.0 ], [ 73.1218077, 28.1484894, 0.0 ] ], [ [ 73.1218582, 28.1488018, 0.0 ], [ 73.1218813, 28.1488022, 0.0 ], [ 73.121876, 28.1491054, 0.0 ], [ 73.1218529, 28.1491051, 0.0 ], [ 73.1218582, 28.1488018, 0.0 ] ], [ [ 73.1218022, 28.1488011, 0.0 ], [ 73.1218253, 28.1488014, 0.0 ], [ 73.1218201, 28.1491047, 0.0 ], [ 73.1217969, 28.1491043, 0.0 ], [ 73.1218022, 28.1488011, 0.0 ] ], [ [ 73.1217517, 28.1484886, 0.0 ], [ 73.1217748, 28.1484889, 0.0 ], [ 73.1217695, 28.1487922, 0.0 ], [ 73.1217464, 28.1487919, 0.0 ], [ 73.1217517, 28.1484886, 0.0 ] ], [ [ 73.1216957, 28.1484879, 0.0 ], [ 73.1217188, 28.1484882, 0.0 ], [ 73.1217135, 28.1487914, 0.0 ], [ 73.1216904, 28.1487911, 0.0 ], [ 73.1216957, 28.1484879, 0.0 ] ], [ [ 73.1217462, 28.1488003, 0.0 ], [ 73.1217694, 28.1488006, 0.0 ], [ 73.1217641, 28.1491039, 0.0 ], [ 73.1217409, 28.1491036, 0.0 ], [ 73.1217462, 28.1488003, 0.0 ] ], [ [ 73.1216902, 28.1487995, 0.0 ], [ 73.1217134, 28.1487999, 0.0 ], [ 73.1217081, 28.1491031, 0.0 ], [ 73.121685, 28.1491028, 0.0 ], [ 73.1216902, 28.1487995, 0.0 ] ], [ [ 73.1216397, 28.1484871, 0.0 ], [ 73.1216628, 28.1484874, 0.0 ], [ 73.1216575, 28.1487907, 0.0 ], [ 73.1216344, 28.1487904, 0.0 ], [ 73.1216397, 28.1484871, 0.0 ] ], [ [ 73.1215837, 28.1484863, 0.0 ], [ 73.1216068, 28.1484866, 0.0 ], [ 73.1216016, 28.1487899, 0.0 ], [ 73.1215784, 28.1487896, 0.0 ], [ 73.1215837, 28.1484863, 0.0 ] ], [ [ 73.1216343, 28.1487988, 0.0 ], [ 73.1216574, 28.1487991, 0.0 ], [ 73.1216521, 28.1491024, 0.0 ], [ 73.121629, 28.149102, 0.0 ], [ 73.1216343, 28.1487988, 0.0 ] ], [ [ 73.1215783, 28.148798, 0.0 ], [ 73.1216014, 28.1487983, 0.0 ], [ 73.1215961, 28.1491016, 0.0 ], [ 73.121573, 28.1491013, 0.0 ], [ 73.1215783, 28.148798, 0.0 ] ], [ [ 73.1215277, 28.1484856, 0.0 ], [ 73.1215509, 28.1484859, 0.0 ], [ 73.1215456, 28.1487891, 0.0 ], [ 73.1215224, 28.1487888, 0.0 ], [ 73.1215277, 28.1484856, 0.0 ] ], [ [ 73.1214717, 28.1484848, 0.0 ], [ 73.1214949, 28.1484851, 0.0 ], [ 73.1214896, 28.1487884, 0.0 ], [ 73.1214665, 28.1487881, 0.0 ], [ 73.1214717, 28.1484848, 0.0 ] ], [ [ 73.1215223, 28.1487972, 0.0 ], [ 73.1215454, 28.1487976, 0.0 ], [ 73.1215401, 28.1491008, 0.0 ], [ 73.121517, 28.1491005, 0.0 ], [ 73.1215223, 28.1487972, 0.0 ] ], [ [ 73.1214663, 28.1487965, 0.0 ], [ 73.1214894, 28.1487968, 0.0 ], [ 73.1214841, 28.1491001, 0.0 ], [ 73.121461, 28.1490997, 0.0 ], [ 73.1214663, 28.1487965, 0.0 ] ], [ [ 73.1214158, 28.148484, 0.0 ], [ 73.1214389, 28.1484843, 0.0 ], [ 73.1214336, 28.1487876, 0.0 ], [ 73.1214105, 28.1487873, 0.0 ], [ 73.1214158, 28.148484, 0.0 ] ], [ [ 73.1213598, 28.1484833, 0.0 ], [ 73.1213829, 28.1484836, 0.0 ], [ 73.1213776, 28.1487868, 0.0 ], [ 73.1213545, 28.1487865, 0.0 ], [ 73.1213598, 28.1484833, 0.0 ] ], [ [ 73.1214103, 28.1487957, 0.0 ], [ 73.1214334, 28.148796, 0.0 ], [ 73.1214282, 28.1490993, 0.0 ], [ 73.121405, 28.149099, 0.0 ], [ 73.1214103, 28.1487957, 0.0 ] ], [ [ 73.1213543, 28.1487949, 0.0 ], [ 73.1213775, 28.1487953, 0.0 ], [ 73.1213722, 28.1490985, 0.0 ], [ 73.121349, 28.1490982, 0.0 ], [ 73.1213543, 28.1487949, 0.0 ] ], [ [ 73.1213079, 28.1482446, 0.0 ], [ 73.1213311, 28.1482449, 0.0 ], [ 73.1213258, 28.1485482, 0.0 ], [ 73.1213027, 28.1485478, 0.0 ], [ 73.1213079, 28.1482446, 0.0 ] ], [ [ 73.121252, 28.1482438, 0.0 ], [ 73.1212751, 28.1482441, 0.0 ], [ 73.1212698, 28.1485474, 0.0 ], [ 73.1212467, 28.1485471, 0.0 ], [ 73.121252, 28.1482438, 0.0 ] ], [ [ 73.1213025, 28.1485563, 0.0 ], [ 73.1213256, 28.1485566, 0.0 ], [ 73.1213203, 28.1488598, 0.0 ], [ 73.1212972, 28.1488595, 0.0 ], [ 73.1213025, 28.1485563, 0.0 ] ], [ [ 73.1212465, 28.1485555, 0.0 ], [ 73.1212696, 28.1485558, 0.0 ], [ 73.1212644, 28.1488591, 0.0 ], [ 73.1212412, 28.1488588, 0.0 ], [ 73.1212465, 28.1485555, 0.0 ] ], [ [ 73.1223115, 28.1484963, 0.0 ], [ 73.1223347, 28.1484966, 0.0 ], [ 73.1223294, 28.1487999, 0.0 ], [ 73.1223062, 28.1487996, 0.0 ], [ 73.1223115, 28.1484963, 0.0 ] ], [ [ 73.1222555, 28.1484955, 0.0 ], [ 73.1222787, 28.1484959, 0.0 ], [ 73.1222734, 28.1487991, 0.0 ], [ 73.1222502, 28.1487988, 0.0 ], [ 73.1222555, 28.1484955, 0.0 ] ], [ [ 73.1223061, 28.148808, 0.0 ], [ 73.1223292, 28.1488083, 0.0 ], [ 73.1223239, 28.1491116, 0.0 ], [ 73.1223008, 28.1491112, 0.0 ], [ 73.1223061, 28.148808, 0.0 ] ], [ [ 73.1222501, 28.1488072, 0.0 ], [ 73.1222732, 28.1488075, 0.0 ], [ 73.1222679, 28.1491108, 0.0 ], [ 73.1222448, 28.1491105, 0.0 ], [ 73.1222501, 28.1488072, 0.0 ] ], [ [ 73.1221996, 28.1484948, 0.0 ], [ 73.1222227, 28.1484951, 0.0 ], [ 73.1222174, 28.1487983, 0.0 ], [ 73.1221943, 28.148798, 0.0 ], [ 73.1221996, 28.1484948, 0.0 ] ], [ [ 73.1221436, 28.148494, 0.0 ], [ 73.1221667, 28.1484943, 0.0 ], [ 73.1221614, 28.1487976, 0.0 ], [ 73.1221383, 28.1487973, 0.0 ], [ 73.1221436, 28.148494, 0.0 ] ], [ [ 73.1221941, 28.1488065, 0.0 ], [ 73.1222172, 28.1488068, 0.0 ], [ 73.1222119, 28.14911, 0.0 ], [ 73.1221888, 28.1491097, 0.0 ], [ 73.1221941, 28.1488065, 0.0 ] ], [ [ 73.1221381, 28.1488057, 0.0 ], [ 73.1221613, 28.148806, 0.0 ], [ 73.122156, 28.1491093, 0.0 ], [ 73.1221328, 28.1491089, 0.0 ], [ 73.1221381, 28.1488057, 0.0 ] ], [ [ 73.1223223, 28.1478768, 0.0 ], [ 73.1223455, 28.1478772, 0.0 ], [ 73.1223402, 28.1481804, 0.0 ], [ 73.122317, 28.1481801, 0.0 ], [ 73.1223223, 28.1478768, 0.0 ] ], [ [ 73.1222663, 28.1478761, 0.0 ], [ 73.1222895, 28.1478764, 0.0 ], [ 73.1222842, 28.1481797, 0.0 ], [ 73.1222611, 28.1481793, 0.0 ], [ 73.1222663, 28.1478761, 0.0 ] ], [ [ 73.1223169, 28.1481885, 0.0 ], [ 73.12234, 28.1481888, 0.0 ], [ 73.1223347, 28.1484921, 0.0 ], [ 73.1223116, 28.1484918, 0.0 ], [ 73.1223169, 28.1481885, 0.0 ] ], [ [ 73.1222609, 28.1481878, 0.0 ], [ 73.122284, 28.1481881, 0.0 ], [ 73.1222787, 28.1484913, 0.0 ], [ 73.1222556, 28.148491, 0.0 ], [ 73.1222609, 28.1481878, 0.0 ] ], [ [ 73.1222104, 28.1478753, 0.0 ], [ 73.1222335, 28.1478756, 0.0 ], [ 73.1222282, 28.1481789, 0.0 ], [ 73.1222051, 28.1481786, 0.0 ], [ 73.1222104, 28.1478753, 0.0 ] ], [ [ 73.1221544, 28.1478745, 0.0 ], [ 73.1221775, 28.1478749, 0.0 ], [ 73.1221722, 28.1481781, 0.0 ], [ 73.1221491, 28.1481778, 0.0 ], [ 73.1221544, 28.1478745, 0.0 ] ], [ [ 73.1222049, 28.148187, 0.0 ], [ 73.1222281, 28.1481873, 0.0 ], [ 73.1222228, 28.1484906, 0.0 ], [ 73.1221996, 28.1484903, 0.0 ], [ 73.1222049, 28.148187, 0.0 ] ], [ [ 73.1221489, 28.1481862, 0.0 ], [ 73.1221721, 28.1481865, 0.0 ], [ 73.1221668, 28.1484898, 0.0 ], [ 73.1221436, 28.1484895, 0.0 ], [ 73.1221489, 28.1481862, 0.0 ] ], [ [ 73.1220984, 28.1478738, 0.0 ], [ 73.1221215, 28.1478741, 0.0 ], [ 73.1221162, 28.1481774, 0.0 ], [ 73.1220931, 28.148177, 0.0 ], [ 73.1220984, 28.1478738, 0.0 ] ], [ [ 73.1220424, 28.147873, 0.0 ], [ 73.1220655, 28.1478733, 0.0 ], [ 73.1220602, 28.1481766, 0.0 ], [ 73.1220371, 28.1481763, 0.0 ], [ 73.1220424, 28.147873, 0.0 ] ], [ [ 73.122093, 28.1481855, 0.0 ], [ 73.1221161, 28.1481858, 0.0 ], [ 73.1221108, 28.148489, 0.0 ], [ 73.1220877, 28.1484887, 0.0 ], [ 73.122093, 28.1481855, 0.0 ] ], [ [ 73.122037, 28.1481847, 0.0 ], [ 73.1220601, 28.148185, 0.0 ], [ 73.1220548, 28.1484883, 0.0 ], [ 73.1220317, 28.148488, 0.0 ], [ 73.122037, 28.1481847, 0.0 ] ], [ [ 73.1219864, 28.1478722, 0.0 ], [ 73.1220096, 28.1478726, 0.0 ], [ 73.1220043, 28.1481758, 0.0 ], [ 73.1219811, 28.1481755, 0.0 ], [ 73.1219864, 28.1478722, 0.0 ] ], [ [ 73.1219304, 28.1478715, 0.0 ], [ 73.1219536, 28.1478718, 0.0 ], [ 73.1219483, 28.1481751, 0.0 ], [ 73.1219251, 28.1481747, 0.0 ], [ 73.1219304, 28.1478715, 0.0 ] ], [ [ 73.121981, 28.1481839, 0.0 ], [ 73.1220041, 28.1481842, 0.0 ], [ 73.1219988, 28.1484875, 0.0 ], [ 73.1219757, 28.1484872, 0.0 ], [ 73.121981, 28.1481839, 0.0 ] ], [ [ 73.121925, 28.1481832, 0.0 ], [ 73.1219481, 28.1481835, 0.0 ], [ 73.1219428, 28.1484867, 0.0 ], [ 73.1219197, 28.1484864, 0.0 ], [ 73.121925, 28.1481832, 0.0 ] ], [ [ 73.1218745, 28.1478707, 0.0 ], [ 73.1218976, 28.147871, 0.0 ], [ 73.1218923, 28.1481743, 0.0 ], [ 73.1218692, 28.148174, 0.0 ], [ 73.1218745, 28.1478707, 0.0 ] ], [ [ 73.1218185, 28.1478699, 0.0 ], [ 73.1218416, 28.1478703, 0.0 ], [ 73.1218363, 28.1481735, 0.0 ], [ 73.1218132, 28.1481732, 0.0 ], [ 73.1218185, 28.1478699, 0.0 ] ], [ [ 73.121869, 28.1481824, 0.0 ], [ 73.1218921, 28.1481827, 0.0 ], [ 73.1218868, 28.148486, 0.0 ], [ 73.1218637, 28.1484857, 0.0 ], [ 73.121869, 28.1481824, 0.0 ] ], [ [ 73.121813, 28.1481816, 0.0 ], [ 73.1218362, 28.1481819, 0.0 ], [ 73.1218309, 28.1484852, 0.0 ], [ 73.1218077, 28.1484849, 0.0 ], [ 73.121813, 28.1481816, 0.0 ] ], [ [ 73.1217625, 28.1478692, 0.0 ], [ 73.1217856, 28.1478695, 0.0 ], [ 73.1217803, 28.1481728, 0.0 ], [ 73.1217572, 28.1481724, 0.0 ], [ 73.1217625, 28.1478692, 0.0 ] ], [ [ 73.1217065, 28.1478684, 0.0 ], [ 73.1217296, 28.1478687, 0.0 ], [ 73.1217243, 28.148172, 0.0 ], [ 73.1217012, 28.1481717, 0.0 ], [ 73.1217065, 28.1478684, 0.0 ] ], [ [ 73.121757, 28.1481809, 0.0 ], [ 73.1217802, 28.1481812, 0.0 ], [ 73.1217749, 28.1484844, 0.0 ], [ 73.1217518, 28.1484841, 0.0 ], [ 73.121757, 28.1481809, 0.0 ] ], [ [ 73.1217011, 28.1481801, 0.0 ], [ 73.1217242, 28.1481804, 0.0 ], [ 73.1217189, 28.1484837, 0.0 ], [ 73.1216958, 28.1484833, 0.0 ], [ 73.1217011, 28.1481801, 0.0 ] ], [ [ 73.1216505, 28.1478676, 0.0 ], [ 73.1216736, 28.147868, 0.0 ], [ 73.1216683, 28.1481712, 0.0 ], [ 73.1216452, 28.1481709, 0.0 ], [ 73.1216505, 28.1478676, 0.0 ] ], [ [ 73.1215945, 28.1478669, 0.0 ], [ 73.1216177, 28.1478672, 0.0 ], [ 73.1216124, 28.1481704, 0.0 ], [ 73.1215892, 28.1481701, 0.0 ], [ 73.1215945, 28.1478669, 0.0 ] ], [ [ 73.1216451, 28.1481793, 0.0 ], [ 73.1216682, 28.1481796, 0.0 ], [ 73.1216629, 28.1484829, 0.0 ], [ 73.1216398, 28.1484826, 0.0 ], [ 73.1216451, 28.1481793, 0.0 ] ], [ [ 73.1215891, 28.1481785, 0.0 ], [ 73.1216122, 28.1481789, 0.0 ], [ 73.1216069, 28.1484821, 0.0 ], [ 73.1215838, 28.1484818, 0.0 ], [ 73.1215891, 28.1481785, 0.0 ] ], [ [ 73.1215385, 28.1478661, 0.0 ], [ 73.1215617, 28.1478664, 0.0 ], [ 73.1215564, 28.1481697, 0.0 ], [ 73.1215333, 28.1481694, 0.0 ], [ 73.1215385, 28.1478661, 0.0 ] ], [ [ 73.1214826, 28.1478653, 0.0 ], [ 73.1215057, 28.1478656, 0.0 ], [ 73.1215004, 28.1481689, 0.0 ], [ 73.1214773, 28.1481686, 0.0 ], [ 73.1214826, 28.1478653, 0.0 ] ], [ [ 73.1215331, 28.1481778, 0.0 ], [ 73.1215562, 28.1481781, 0.0 ], [ 73.1215509, 28.1484814, 0.0 ], [ 73.1215278, 28.148481, 0.0 ], [ 73.1215331, 28.1481778, 0.0 ] ], [ [ 73.1214771, 28.148177, 0.0 ], [ 73.1215002, 28.1481773, 0.0 ], [ 73.121495, 28.1484806, 0.0 ], [ 73.1214718, 28.1484803, 0.0 ], [ 73.1214771, 28.148177, 0.0 ] ], [ [ 73.1225463, 28.1478799, 0.0 ], [ 73.1225694, 28.1478802, 0.0 ], [ 73.1225641, 28.1481835, 0.0 ], [ 73.122541, 28.1481832, 0.0 ], [ 73.1225463, 28.1478799, 0.0 ] ], [ [ 73.1224903, 28.1478791, 0.0 ], [ 73.1225134, 28.1478795, 0.0 ], [ 73.1225081, 28.1481827, 0.0 ], [ 73.122485, 28.1481824, 0.0 ], [ 73.1224903, 28.1478791, 0.0 ] ], [ [ 73.1225408, 28.1481916, 0.0 ], [ 73.122564, 28.1481919, 0.0 ], [ 73.1225587, 28.1484952, 0.0 ], [ 73.1225355, 28.1484949, 0.0 ], [ 73.1225408, 28.1481916, 0.0 ] ], [ [ 73.1224848, 28.1481908, 0.0 ], [ 73.122508, 28.1481911, 0.0 ], [ 73.1225027, 28.1484944, 0.0 ], [ 73.1224796, 28.1484941, 0.0 ], [ 73.1224848, 28.1481908, 0.0 ] ], [ [ 73.1224343, 28.1478784, 0.0 ], [ 73.1224574, 28.1478787, 0.0 ], [ 73.1224521, 28.148182, 0.0 ], [ 73.122429, 28.1481816, 0.0 ], [ 73.1224343, 28.1478784, 0.0 ] ], [ [ 73.1223783, 28.1478776, 0.0 ], [ 73.1224014, 28.1478779, 0.0 ], [ 73.1223962, 28.1481812, 0.0 ], [ 73.122373, 28.1481809, 0.0 ], [ 73.1223783, 28.1478776, 0.0 ] ], [ [ 73.1224289, 28.1481901, 0.0 ], [ 73.122452, 28.1481904, 0.0 ], [ 73.1224467, 28.1484936, 0.0 ], [ 73.1224236, 28.1484933, 0.0 ], [ 73.1224289, 28.1481901, 0.0 ] ], [ [ 73.1223729, 28.1481893, 0.0 ], [ 73.122396, 28.1481896, 0.0 ], [ 73.1223907, 28.1484929, 0.0 ], [ 73.1223676, 28.1484926, 0.0 ], [ 73.1223729, 28.1481893, 0.0 ] ], [ [ 73.1216034, 28.1441494, 0.0 ], [ 73.1216265, 28.1441497, 0.0 ], [ 73.1216213, 28.1444529, 0.0 ], [ 73.1215981, 28.1444526, 0.0 ], [ 73.1216034, 28.1441494, 0.0 ] ], [ [ 73.1215474, 28.1441486, 0.0 ], [ 73.1215706, 28.1441489, 0.0 ], [ 73.1215653, 28.1444522, 0.0 ], [ 73.1215421, 28.1444519, 0.0 ], [ 73.1215474, 28.1441486, 0.0 ] ], [ [ 73.121598, 28.144461, 0.0 ], [ 73.1216211, 28.1444614, 0.0 ], [ 73.1216158, 28.1447646, 0.0 ], [ 73.1215927, 28.1447643, 0.0 ], [ 73.121598, 28.144461, 0.0 ] ], [ [ 73.121542, 28.1444603, 0.0 ], [ 73.1215651, 28.1444606, 0.0 ], [ 73.1215598, 28.1447638, 0.0 ], [ 73.1215367, 28.1447635, 0.0 ], [ 73.121542, 28.1444603, 0.0 ] ], [ [ 73.1214915, 28.1441478, 0.0 ], [ 73.1215146, 28.1441481, 0.0 ], [ 73.1215093, 28.1444514, 0.0 ], [ 73.1214862, 28.1444511, 0.0 ], [ 73.1214915, 28.1441478, 0.0 ] ], [ [ 73.1214355, 28.1441471, 0.0 ], [ 73.1214586, 28.1441474, 0.0 ], [ 73.1214533, 28.1444506, 0.0 ], [ 73.1214302, 28.1444503, 0.0 ], [ 73.1214355, 28.1441471, 0.0 ] ], [ [ 73.121486, 28.1444595, 0.0 ], [ 73.1215091, 28.1444598, 0.0 ], [ 73.1215038, 28.1447631, 0.0 ], [ 73.1214807, 28.1447628, 0.0 ], [ 73.121486, 28.1444595, 0.0 ] ], [ [ 73.12143, 28.1444587, 0.0 ], [ 73.1214532, 28.144459, 0.0 ], [ 73.1214479, 28.1447623, 0.0 ], [ 73.1214247, 28.144762, 0.0 ], [ 73.12143, 28.1444587, 0.0 ] ], [ [ 73.1213795, 28.1441463, 0.0 ], [ 73.1214026, 28.1441466, 0.0 ], [ 73.1213973, 28.1444499, 0.0 ], [ 73.1213742, 28.1444495, 0.0 ], [ 73.1213795, 28.1441463, 0.0 ] ], [ [ 73.1213235, 28.1441455, 0.0 ], [ 73.1213466, 28.1441458, 0.0 ], [ 73.1213413, 28.1444491, 0.0 ], [ 73.1213182, 28.1444488, 0.0 ], [ 73.1213235, 28.1441455, 0.0 ] ], [ [ 73.121374, 28.144458, 0.0 ], [ 73.1213972, 28.1444583, 0.0 ], [ 73.1213919, 28.1447615, 0.0 ], [ 73.1213688, 28.1447612, 0.0 ], [ 73.121374, 28.144458, 0.0 ] ], [ [ 73.1213181, 28.1444572, 0.0 ], [ 73.1213412, 28.1444575, 0.0 ], [ 73.1213359, 28.1447608, 0.0 ], [ 73.1213128, 28.1447605, 0.0 ], [ 73.1213181, 28.1444572, 0.0 ] ], [ [ 73.1212675, 28.1441447, 0.0 ], [ 73.1212906, 28.1441451, 0.0 ], [ 73.1212854, 28.1444483, 0.0 ], [ 73.1212622, 28.144448, 0.0 ], [ 73.1212675, 28.1441447, 0.0 ] ], [ [ 73.1212115, 28.144144, 0.0 ], [ 73.1212347, 28.1441443, 0.0 ], [ 73.1212294, 28.1444476, 0.0 ], [ 73.1212062, 28.1444472, 0.0 ], [ 73.1212115, 28.144144, 0.0 ] ], [ [ 73.1212621, 28.1444564, 0.0 ], [ 73.1212852, 28.1444567, 0.0 ], [ 73.1212799, 28.14476, 0.0 ], [ 73.1212568, 28.1447597, 0.0 ], [ 73.1212621, 28.1444564, 0.0 ] ], [ [ 73.1212061, 28.1444557, 0.0 ], [ 73.1212292, 28.144456, 0.0 ], [ 73.1212239, 28.1447592, 0.0 ], [ 73.1212008, 28.1447589, 0.0 ], [ 73.1212061, 28.1444557, 0.0 ] ], [ [ 73.1211556, 28.1441432, 0.0 ], [ 73.1211787, 28.1441435, 0.0 ], [ 73.1211734, 28.1444468, 0.0 ], [ 73.1211503, 28.1444465, 0.0 ], [ 73.1211556, 28.1441432, 0.0 ] ], [ [ 73.1210996, 28.1441424, 0.0 ], [ 73.1211227, 28.1441428, 0.0 ], [ 73.1211174, 28.144446, 0.0 ], [ 73.1210943, 28.1444457, 0.0 ], [ 73.1210996, 28.1441424, 0.0 ] ], [ [ 73.1211501, 28.1444549, 0.0 ], [ 73.1211732, 28.1444552, 0.0 ], [ 73.1211679, 28.1447585, 0.0 ], [ 73.1211448, 28.1447582, 0.0 ], [ 73.1211501, 28.1444549, 0.0 ] ], [ [ 73.1210941, 28.1444541, 0.0 ], [ 73.1211173, 28.1444544, 0.0 ], [ 73.121112, 28.1447577, 0.0 ], [ 73.1210888, 28.1447574, 0.0 ], [ 73.1210941, 28.1444541, 0.0 ] ], [ [ 73.1218273, 28.1441524, 0.0 ], [ 73.1218505, 28.1441527, 0.0 ], [ 73.1218452, 28.144456, 0.0 ], [ 73.1218221, 28.1444557, 0.0 ], [ 73.1218273, 28.1441524, 0.0 ] ], [ [ 73.1217714, 28.1441517, 0.0 ], [ 73.1217945, 28.144152, 0.0 ], [ 73.1217892, 28.1444552, 0.0 ], [ 73.1217661, 28.1444549, 0.0 ], [ 73.1217714, 28.1441517, 0.0 ] ], [ [ 73.1218219, 28.1444641, 0.0 ], [ 73.121845, 28.1444644, 0.0 ], [ 73.1218397, 28.1447677, 0.0 ], [ 73.1218166, 28.1447674, 0.0 ], [ 73.1218219, 28.1444641, 0.0 ] ], [ [ 73.1217659, 28.1444633, 0.0 ], [ 73.1217891, 28.1444637, 0.0 ], [ 73.1217838, 28.1447669, 0.0 ], [ 73.1217606, 28.1447666, 0.0 ], [ 73.1217659, 28.1444633, 0.0 ] ], [ [ 73.1217154, 28.1441509, 0.0 ], [ 73.1217385, 28.1441512, 0.0 ], [ 73.1217332, 28.1444545, 0.0 ], [ 73.1217101, 28.1444542, 0.0 ], [ 73.1217154, 28.1441509, 0.0 ] ], [ [ 73.1216594, 28.1441501, 0.0 ], [ 73.1216825, 28.1441504, 0.0 ], [ 73.1216772, 28.1444537, 0.0 ], [ 73.1216541, 28.1444534, 0.0 ], [ 73.1216594, 28.1441501, 0.0 ] ], [ [ 73.1217099, 28.1444626, 0.0 ], [ 73.1217331, 28.1444629, 0.0 ], [ 73.1217278, 28.1447662, 0.0 ], [ 73.1217047, 28.1447658, 0.0 ], [ 73.1217099, 28.1444626, 0.0 ] ], [ [ 73.121654, 28.1444618, 0.0 ], [ 73.1216771, 28.1444621, 0.0 ], [ 73.1216718, 28.1447654, 0.0 ], [ 73.1216487, 28.1447651, 0.0 ], [ 73.121654, 28.1444618, 0.0 ] ], [ [ 73.1215926, 28.1447688, 0.0 ], [ 73.1216157, 28.1447691, 0.0 ], [ 73.1216104, 28.1450724, 0.0 ], [ 73.1215873, 28.1450721, 0.0 ], [ 73.1215926, 28.1447688, 0.0 ] ], [ [ 73.1215366, 28.144768, 0.0 ], [ 73.1215597, 28.1447684, 0.0 ], [ 73.1215545, 28.1450716, 0.0 ], [ 73.1215313, 28.1450713, 0.0 ], [ 73.1215366, 28.144768, 0.0 ] ], [ [ 73.1215872, 28.1450805, 0.0 ], [ 73.1216103, 28.1450808, 0.0 ], [ 73.121605, 28.1453841, 0.0 ], [ 73.1215819, 28.1453838, 0.0 ], [ 73.1215872, 28.1450805, 0.0 ] ], [ [ 73.1215312, 28.1450797, 0.0 ], [ 73.1215543, 28.14508, 0.0 ], [ 73.121549, 28.1453833, 0.0 ], [ 73.1215259, 28.145383, 0.0 ], [ 73.1215312, 28.1450797, 0.0 ] ], [ [ 73.1214806, 28.1447673, 0.0 ], [ 73.1215038, 28.1447676, 0.0 ], [ 73.1214985, 28.1450709, 0.0 ], [ 73.1214753, 28.1450705, 0.0 ], [ 73.1214806, 28.1447673, 0.0 ] ], [ [ 73.1214247, 28.1447665, 0.0 ], [ 73.1214478, 28.1447668, 0.0 ], [ 73.1214425, 28.1450701, 0.0 ], [ 73.1214194, 28.1450698, 0.0 ], [ 73.1214247, 28.1447665, 0.0 ] ], [ [ 73.1214752, 28.145079, 0.0 ], [ 73.1214983, 28.1450793, 0.0 ], [ 73.121493, 28.1453825, 0.0 ], [ 73.1214699, 28.1453822, 0.0 ], [ 73.1214752, 28.145079, 0.0 ] ], [ [ 73.1214192, 28.1450782, 0.0 ], [ 73.1214423, 28.1450785, 0.0 ], [ 73.121437, 28.1453818, 0.0 ], [ 73.1214139, 28.1453815, 0.0 ], [ 73.1214192, 28.1450782, 0.0 ] ], [ [ 73.1213687, 28.1447657, 0.0 ], [ 73.1213918, 28.1447661, 0.0 ], [ 73.1213865, 28.1450693, 0.0 ], [ 73.1213634, 28.145069, 0.0 ], [ 73.1213687, 28.1447657, 0.0 ] ], [ [ 73.1213127, 28.144765, 0.0 ], [ 73.1213358, 28.1447653, 0.0 ], [ 73.1213305, 28.1450686, 0.0 ], [ 73.1213074, 28.1450682, 0.0 ], [ 73.1213127, 28.144765, 0.0 ] ], [ [ 73.1213632, 28.1450774, 0.0 ], [ 73.1213864, 28.1450777, 0.0 ], [ 73.1213811, 28.145381, 0.0 ], [ 73.1213579, 28.1453807, 0.0 ], [ 73.1213632, 28.1450774, 0.0 ] ], [ [ 73.1213073, 28.1450767, 0.0 ], [ 73.1213304, 28.145077, 0.0 ], [ 73.1213251, 28.1453802, 0.0 ], [ 73.121302, 28.1453799, 0.0 ], [ 73.1213073, 28.1450767, 0.0 ] ], [ [ 73.1212567, 28.1447642, 0.0 ], [ 73.1212798, 28.1447645, 0.0 ], [ 73.1212745, 28.1450678, 0.0 ], [ 73.1212514, 28.1450675, 0.0 ], [ 73.1212567, 28.1447642, 0.0 ] ], [ [ 73.1212007, 28.1447634, 0.0 ], [ 73.1212239, 28.1447638, 0.0 ], [ 73.1212186, 28.145067, 0.0 ], [ 73.1211954, 28.1450667, 0.0 ], [ 73.1212007, 28.1447634, 0.0 ] ], [ [ 73.1212513, 28.1450759, 0.0 ], [ 73.1212744, 28.1450762, 0.0 ], [ 73.1212691, 28.1453795, 0.0 ], [ 73.121246, 28.1453792, 0.0 ], [ 73.1212513, 28.1450759, 0.0 ] ], [ [ 73.1211953, 28.1450751, 0.0 ], [ 73.1212184, 28.1450754, 0.0 ], [ 73.1212131, 28.1453787, 0.0 ], [ 73.12119, 28.1453784, 0.0 ], [ 73.1211953, 28.1450751, 0.0 ] ], [ [ 73.1211447, 28.1447627, 0.0 ], [ 73.1211679, 28.144763, 0.0 ], [ 73.1211626, 28.1450663, 0.0 ], [ 73.1211394, 28.1450659, 0.0 ], [ 73.1211447, 28.1447627, 0.0 ] ], [ [ 73.1210888, 28.1447619, 0.0 ], [ 73.1211119, 28.1447622, 0.0 ], [ 73.1211066, 28.1450655, 0.0 ], [ 73.1210835, 28.1450652, 0.0 ], [ 73.1210888, 28.1447619, 0.0 ] ], [ [ 73.1211393, 28.1450744, 0.0 ], [ 73.1211624, 28.1450747, 0.0 ], [ 73.1211571, 28.1453779, 0.0 ], [ 73.121134, 28.1453776, 0.0 ], [ 73.1211393, 28.1450744, 0.0 ] ], [ [ 73.1210833, 28.1450736, 0.0 ], [ 73.1211064, 28.1450739, 0.0 ], [ 73.1211011, 28.1453772, 0.0 ], [ 73.121078, 28.1453768, 0.0 ], [ 73.1210833, 28.1450736, 0.0 ] ], [ [ 73.1210328, 28.1447611, 0.0 ], [ 73.1210559, 28.1447615, 0.0 ], [ 73.1210506, 28.1450647, 0.0 ], [ 73.1210275, 28.1450644, 0.0 ], [ 73.1210328, 28.1447611, 0.0 ] ], [ [ 73.1209768, 28.1447604, 0.0 ], [ 73.1209999, 28.1447607, 0.0 ], [ 73.1209946, 28.1450639, 0.0 ], [ 73.1209715, 28.1450636, 0.0 ], [ 73.1209768, 28.1447604, 0.0 ] ], [ [ 73.1210273, 28.1450728, 0.0 ], [ 73.1210505, 28.1450731, 0.0 ], [ 73.1210452, 28.1453764, 0.0 ], [ 73.121022, 28.1453761, 0.0 ], [ 73.1210273, 28.1450728, 0.0 ] ], [ [ 73.1209714, 28.145072, 0.0 ], [ 73.1209945, 28.1450724, 0.0 ], [ 73.1209892, 28.1453756, 0.0 ], [ 73.1209661, 28.1453753, 0.0 ], [ 73.1209714, 28.145072, 0.0 ] ], [ [ 73.1209233, 28.1446198, 0.0 ], [ 73.1209464, 28.1446201, 0.0 ], [ 73.1209411, 28.1449233, 0.0 ], [ 73.120918, 28.144923, 0.0 ], [ 73.1209233, 28.1446198, 0.0 ] ], [ [ 73.1208673, 28.144619, 0.0 ], [ 73.1208904, 28.1446193, 0.0 ], [ 73.1208851, 28.1449226, 0.0 ], [ 73.120862, 28.1449222, 0.0 ], [ 73.1208673, 28.144619, 0.0 ] ], [ [ 73.1209178, 28.1449314, 0.0 ], [ 73.1209409, 28.1449318, 0.0 ], [ 73.1209356, 28.145235, 0.0 ], [ 73.1209125, 28.1452347, 0.0 ], [ 73.1209178, 28.1449314, 0.0 ] ], [ [ 73.1208618, 28.1449307, 0.0 ], [ 73.120885, 28.144931, 0.0 ], [ 73.1208797, 28.1452342, 0.0 ], [ 73.1208565, 28.1452339, 0.0 ], [ 73.1208618, 28.1449307, 0.0 ] ], [ [ 73.1208113, 28.1446182, 0.0 ], [ 73.1208344, 28.1446185, 0.0 ], [ 73.1208291, 28.1449218, 0.0 ], [ 73.120806, 28.1449215, 0.0 ], [ 73.1208113, 28.1446182, 0.0 ] ], [ [ 73.1207553, 28.1446174, 0.0 ], [ 73.1207784, 28.1446178, 0.0 ], [ 73.1207731, 28.144921, 0.0 ], [ 73.12075, 28.1449207, 0.0 ], [ 73.1207553, 28.1446174, 0.0 ] ], [ [ 73.1208058, 28.1449299, 0.0 ], [ 73.120829, 28.1449302, 0.0 ], [ 73.1208237, 28.1452335, 0.0 ], [ 73.1208005, 28.1452332, 0.0 ], [ 73.1208058, 28.1449299, 0.0 ] ], [ [ 73.1207499, 28.1449291, 0.0 ], [ 73.120773, 28.1449294, 0.0 ], [ 73.1207677, 28.1452327, 0.0 ], [ 73.1207446, 28.1452324, 0.0 ], [ 73.1207499, 28.1449291, 0.0 ] ], [ [ 73.1218165, 28.1447719, 0.0 ], [ 73.1218397, 28.1447722, 0.0 ], [ 73.1218344, 28.1450755, 0.0 ], [ 73.1218112, 28.1450751, 0.0 ], [ 73.1218165, 28.1447719, 0.0 ] ], [ [ 73.1217606, 28.1447711, 0.0 ], [ 73.1217837, 28.1447714, 0.0 ], [ 73.1217784, 28.1450747, 0.0 ], [ 73.1217553, 28.1450744, 0.0 ], [ 73.1217606, 28.1447711, 0.0 ] ], [ [ 73.1218111, 28.1450836, 0.0 ], [ 73.1218342, 28.1450839, 0.0 ], [ 73.1218289, 28.1453871, 0.0 ], [ 73.1218058, 28.1453868, 0.0 ], [ 73.1218111, 28.1450836, 0.0 ] ], [ [ 73.1217551, 28.1450828, 0.0 ], [ 73.1217782, 28.1450831, 0.0 ], [ 73.121773, 28.1453864, 0.0 ], [ 73.1217498, 28.1453861, 0.0 ], [ 73.1217551, 28.1450828, 0.0 ] ], [ [ 73.1217046, 28.1447703, 0.0 ], [ 73.1217277, 28.1447707, 0.0 ], [ 73.1217224, 28.1450739, 0.0 ], [ 73.1216993, 28.1450736, 0.0 ], [ 73.1217046, 28.1447703, 0.0 ] ], [ [ 73.1216486, 28.1447696, 0.0 ], [ 73.1216717, 28.1447699, 0.0 ], [ 73.1216664, 28.1450732, 0.0 ], [ 73.1216433, 28.1450728, 0.0 ], [ 73.1216486, 28.1447696, 0.0 ] ], [ [ 73.1216991, 28.145082, 0.0 ], [ 73.1217223, 28.1450823, 0.0 ], [ 73.121717, 28.1453856, 0.0 ], [ 73.1216938, 28.1453853, 0.0 ], [ 73.1216991, 28.145082, 0.0 ] ], [ [ 73.1216432, 28.1450813, 0.0 ], [ 73.1216663, 28.1450816, 0.0 ], [ 73.121661, 28.1453848, 0.0 ], [ 73.1216379, 28.1453845, 0.0 ], [ 73.1216432, 28.1450813, 0.0 ] ], [ [ 73.1257511, 28.1503499, 0.0 ], [ 73.1257743, 28.1503502, 0.0 ], [ 73.125769, 28.1506535, 0.0 ], [ 73.1257459, 28.1506532, 0.0 ], [ 73.1257511, 28.1503499, 0.0 ] ], [ [ 73.1256952, 28.1503491, 0.0 ], [ 73.1257183, 28.1503494, 0.0 ], [ 73.125713, 28.1506527, 0.0 ], [ 73.1256899, 28.1506524, 0.0 ], [ 73.1256952, 28.1503491, 0.0 ] ], [ [ 73.1257457, 28.1506616, 0.0 ], [ 73.1257688, 28.1506619, 0.0 ], [ 73.1257636, 28.1509652, 0.0 ], [ 73.1257404, 28.1509648, 0.0 ], [ 73.1257457, 28.1506616, 0.0 ] ], [ [ 73.1256897, 28.1506608, 0.0 ], [ 73.1257129, 28.1506611, 0.0 ], [ 73.1257076, 28.1509644, 0.0 ], [ 73.1256845, 28.1509641, 0.0 ], [ 73.1256897, 28.1506608, 0.0 ] ], [ [ 73.1256392, 28.1503484, 0.0 ], [ 73.1256623, 28.1503487, 0.0 ], [ 73.125657, 28.1506519, 0.0 ], [ 73.1256339, 28.1506516, 0.0 ], [ 73.1256392, 28.1503484, 0.0 ] ], [ [ 73.1255832, 28.1503476, 0.0 ], [ 73.1256063, 28.1503479, 0.0 ], [ 73.125601, 28.1506512, 0.0 ], [ 73.1255779, 28.1506509, 0.0 ], [ 73.1255832, 28.1503476, 0.0 ] ], [ [ 73.1256337, 28.15066, 0.0 ], [ 73.1256569, 28.1506604, 0.0 ], [ 73.1256516, 28.1509636, 0.0 ], [ 73.1256285, 28.1509633, 0.0 ], [ 73.1256337, 28.15066, 0.0 ] ], [ [ 73.1255778, 28.1506593, 0.0 ], [ 73.1256009, 28.1506596, 0.0 ], [ 73.1255956, 28.1509629, 0.0 ], [ 73.1255725, 28.1509625, 0.0 ], [ 73.1255778, 28.1506593, 0.0 ] ], [ [ 73.1255272, 28.1503468, 0.0 ], [ 73.1255503, 28.1503471, 0.0 ], [ 73.125545, 28.1506504, 0.0 ], [ 73.1255219, 28.1506501, 0.0 ], [ 73.1255272, 28.1503468, 0.0 ] ], [ [ 73.1254712, 28.1503461, 0.0 ], [ 73.1254943, 28.1503464, 0.0 ], [ 73.1254891, 28.1506496, 0.0 ], [ 73.1254659, 28.1506493, 0.0 ], [ 73.1254712, 28.1503461, 0.0 ] ], [ [ 73.1255218, 28.1506585, 0.0 ], [ 73.1255449, 28.1506588, 0.0 ], [ 73.1255396, 28.1509621, 0.0 ], [ 73.1255165, 28.1509618, 0.0 ], [ 73.1255218, 28.1506585, 0.0 ] ], [ [ 73.1254658, 28.1506577, 0.0 ], [ 73.1254889, 28.1506581, 0.0 ], [ 73.1254836, 28.1509613, 0.0 ], [ 73.1254605, 28.150961, 0.0 ], [ 73.1254658, 28.1506577, 0.0 ] ], [ [ 73.1254152, 28.1503453, 0.0 ], [ 73.1254384, 28.1503456, 0.0 ], [ 73.1254331, 28.1506489, 0.0 ], [ 73.1254099, 28.1506486, 0.0 ], [ 73.1254152, 28.1503453, 0.0 ] ], [ [ 73.1253592, 28.1503445, 0.0 ], [ 73.1253824, 28.1503448, 0.0 ], [ 73.1253771, 28.1506481, 0.0 ], [ 73.125354, 28.1506478, 0.0 ], [ 73.1253592, 28.1503445, 0.0 ] ], [ [ 73.1254098, 28.150657, 0.0 ], [ 73.1254329, 28.1506573, 0.0 ], [ 73.1254276, 28.1509606, 0.0 ], [ 73.1254045, 28.1509602, 0.0 ], [ 73.1254098, 28.150657, 0.0 ] ], [ [ 73.1253538, 28.1506562, 0.0 ], [ 73.1253769, 28.1506565, 0.0 ], [ 73.1253717, 28.1509598, 0.0 ], [ 73.1253485, 28.1509595, 0.0 ], [ 73.1253538, 28.1506562, 0.0 ] ], [ [ 73.1245293, 28.1497659, 0.0 ], [ 73.1245525, 28.1497662, 0.0 ], [ 73.1245472, 28.1500695, 0.0 ], [ 73.1245241, 28.1500692, 0.0 ], [ 73.1245293, 28.1497659, 0.0 ] ], [ [ 73.1244734, 28.1497651, 0.0 ], [ 73.1244965, 28.1497654, 0.0 ], [ 73.1244912, 28.1500687, 0.0 ], [ 73.1244681, 28.1500684, 0.0 ], [ 73.1244734, 28.1497651, 0.0 ] ], [ [ 73.1245239, 28.1500776, 0.0 ], [ 73.124547, 28.1500779, 0.0 ], [ 73.1245417, 28.1503812, 0.0 ], [ 73.1245186, 28.1503808, 0.0 ], [ 73.1245239, 28.1500776, 0.0 ] ], [ [ 73.1244679, 28.1500768, 0.0 ], [ 73.124491, 28.1500771, 0.0 ], [ 73.1244858, 28.1503804, 0.0 ], [ 73.1244626, 28.1503801, 0.0 ], [ 73.1244679, 28.1500768, 0.0 ] ], [ [ 73.1258739, 28.149732, 0.0 ], [ 73.125897, 28.1497323, 0.0 ], [ 73.1258918, 28.1500355, 0.0 ], [ 73.1258686, 28.1500352, 0.0 ], [ 73.1258739, 28.149732, 0.0 ] ], [ [ 73.1258179, 28.1497312, 0.0 ], [ 73.1258411, 28.1497315, 0.0 ], [ 73.1258358, 28.1500348, 0.0 ], [ 73.1258126, 28.1500345, 0.0 ], [ 73.1258179, 28.1497312, 0.0 ] ], [ [ 73.1258685, 28.1500436, 0.0 ], [ 73.1258916, 28.150044, 0.0 ], [ 73.1258863, 28.1503472, 0.0 ], [ 73.1258632, 28.1503469, 0.0 ], [ 73.1258685, 28.1500436, 0.0 ] ], [ [ 73.1258125, 28.1500429, 0.0 ], [ 73.1258356, 28.1500432, 0.0 ], [ 73.1258303, 28.1503465, 0.0 ], [ 73.1258072, 28.1503461, 0.0 ], [ 73.1258125, 28.1500429, 0.0 ] ], [ [ 73.1257619, 28.1497304, 0.0 ], [ 73.1257851, 28.1497307, 0.0 ], [ 73.1257798, 28.150034, 0.0 ], [ 73.1257567, 28.1500337, 0.0 ], [ 73.1257619, 28.1497304, 0.0 ] ], [ [ 73.125706, 28.1497297, 0.0 ], [ 73.1257291, 28.14973, 0.0 ], [ 73.1257238, 28.1500332, 0.0 ], [ 73.1257007, 28.1500329, 0.0 ], [ 73.125706, 28.1497297, 0.0 ] ], [ [ 73.1257565, 28.1500421, 0.0 ], [ 73.1257796, 28.1500424, 0.0 ], [ 73.1257744, 28.1503457, 0.0 ], [ 73.1257512, 28.1503454, 0.0 ], [ 73.1257565, 28.1500421, 0.0 ] ], [ [ 73.1257005, 28.1500413, 0.0 ], [ 73.1257237, 28.1500417, 0.0 ], [ 73.1257184, 28.1503449, 0.0 ], [ 73.1256952, 28.1503446, 0.0 ], [ 73.1257005, 28.1500413, 0.0 ] ], [ [ 73.12565, 28.1497289, 0.0 ], [ 73.1256731, 28.1497292, 0.0 ], [ 73.1256678, 28.1500325, 0.0 ], [ 73.1256447, 28.1500322, 0.0 ], [ 73.12565, 28.1497289, 0.0 ] ], [ [ 73.125594, 28.1497281, 0.0 ], [ 73.1256171, 28.1497284, 0.0 ], [ 73.1256118, 28.1500317, 0.0 ], [ 73.1255887, 28.1500314, 0.0 ], [ 73.125594, 28.1497281, 0.0 ] ], [ [ 73.1256445, 28.1500406, 0.0 ], [ 73.1256677, 28.1500409, 0.0 ], [ 73.1256624, 28.1503442, 0.0 ], [ 73.1256393, 28.1503438, 0.0 ], [ 73.1256445, 28.1500406, 0.0 ] ], [ [ 73.1255886, 28.1500398, 0.0 ], [ 73.1256117, 28.1500401, 0.0 ], [ 73.1256064, 28.1503434, 0.0 ], [ 73.1255833, 28.1503431, 0.0 ], [ 73.1255886, 28.1500398, 0.0 ] ], [ [ 73.125538, 28.1497274, 0.0 ], [ 73.1255611, 28.1497277, 0.0 ], [ 73.1255558, 28.1500309, 0.0 ], [ 73.1255327, 28.1500306, 0.0 ], [ 73.125538, 28.1497274, 0.0 ] ], [ [ 73.125482, 28.1497266, 0.0 ], [ 73.1255051, 28.1497269, 0.0 ], [ 73.1254999, 28.1500302, 0.0 ], [ 73.1254767, 28.1500299, 0.0 ], [ 73.125482, 28.1497266, 0.0 ] ], [ [ 73.1255326, 28.150039, 0.0 ], [ 73.1255557, 28.1500394, 0.0 ], [ 73.1255504, 28.1503426, 0.0 ], [ 73.1255273, 28.1503423, 0.0 ], [ 73.1255326, 28.150039, 0.0 ] ], [ [ 73.1254766, 28.1500383, 0.0 ], [ 73.1254997, 28.1500386, 0.0 ], [ 73.1254944, 28.1503419, 0.0 ], [ 73.1254713, 28.1503415, 0.0 ], [ 73.1254766, 28.1500383, 0.0 ] ], [ [ 73.125426, 28.1497258, 0.0 ], [ 73.1254492, 28.1497261, 0.0 ], [ 73.1254439, 28.1500294, 0.0 ], [ 73.1254207, 28.1500291, 0.0 ], [ 73.125426, 28.1497258, 0.0 ] ], [ [ 73.12537, 28.1497251, 0.0 ], [ 73.1253932, 28.1497254, 0.0 ], [ 73.1253879, 28.1500286, 0.0 ], [ 73.1253648, 28.1500283, 0.0 ], [ 73.12537, 28.1497251, 0.0 ] ], [ [ 73.1254206, 28.1500375, 0.0 ], [ 73.1254437, 28.1500378, 0.0 ], [ 73.1254384, 28.1503411, 0.0 ], [ 73.1254153, 28.1503408, 0.0 ], [ 73.1254206, 28.1500375, 0.0 ] ], [ [ 73.1253646, 28.1500367, 0.0 ], [ 73.1253877, 28.1500371, 0.0 ], [ 73.1253825, 28.1503403, 0.0 ], [ 73.1253593, 28.15034, 0.0 ], [ 73.1253646, 28.1500367, 0.0 ] ], [ [ 73.1253141, 28.1497243, 0.0 ], [ 73.1253372, 28.1497246, 0.0 ], [ 73.1253319, 28.1500279, 0.0 ], [ 73.1253088, 28.1500276, 0.0 ], [ 73.1253141, 28.1497243, 0.0 ] ], [ [ 73.1252581, 28.1497235, 0.0 ], [ 73.1252812, 28.1497239, 0.0 ], [ 73.1252759, 28.1500271, 0.0 ], [ 73.1252528, 28.1500268, 0.0 ], [ 73.1252581, 28.1497235, 0.0 ] ], [ [ 73.1253086, 28.150036, 0.0 ], [ 73.1253317, 28.1500363, 0.0 ], [ 73.1253265, 28.1503396, 0.0 ], [ 73.1253033, 28.1503392, 0.0 ], [ 73.1253086, 28.150036, 0.0 ] ], [ [ 73.1252526, 28.1500352, 0.0 ], [ 73.1252758, 28.1500355, 0.0 ], [ 73.1252705, 28.1503388, 0.0 ], [ 73.1252474, 28.1503385, 0.0 ], [ 73.1252526, 28.1500352, 0.0 ] ], [ [ 73.1252012, 28.1497751, 0.0 ], [ 73.1252243, 28.1497754, 0.0 ], [ 73.125219, 28.1500787, 0.0 ], [ 73.1251959, 28.1500784, 0.0 ], [ 73.1252012, 28.1497751, 0.0 ] ], [ [ 73.1251452, 28.1497743, 0.0 ], [ 73.1251683, 28.1497746, 0.0 ], [ 73.125163, 28.1500779, 0.0 ], [ 73.1251399, 28.1500776, 0.0 ], [ 73.1251452, 28.1497743, 0.0 ] ], [ [ 73.1251957, 28.1500868, 0.0 ], [ 73.1252189, 28.1500871, 0.0 ], [ 73.1252136, 28.1503904, 0.0 ], [ 73.1251905, 28.15039, 0.0 ], [ 73.1251957, 28.1500868, 0.0 ] ], [ [ 73.1251398, 28.150086, 0.0 ], [ 73.1251629, 28.1500863, 0.0 ], [ 73.1251576, 28.1503896, 0.0 ], [ 73.1251345, 28.1503893, 0.0 ], [ 73.1251398, 28.150086, 0.0 ] ], [ [ 73.1250892, 28.1497736, 0.0 ], [ 73.1251123, 28.1497739, 0.0 ], [ 73.125107, 28.1500771, 0.0 ], [ 73.1250839, 28.1500768, 0.0 ], [ 73.1250892, 28.1497736, 0.0 ] ], [ [ 73.1250332, 28.1497728, 0.0 ], [ 73.1250563, 28.1497731, 0.0 ], [ 73.1250511, 28.1500764, 0.0 ], [ 73.1250279, 28.1500761, 0.0 ], [ 73.1250332, 28.1497728, 0.0 ] ], [ [ 73.1250838, 28.1500852, 0.0 ], [ 73.1251069, 28.1500856, 0.0 ], [ 73.1251016, 28.1503888, 0.0 ], [ 73.1250785, 28.1503885, 0.0 ], [ 73.1250838, 28.1500852, 0.0 ] ], [ [ 73.1250278, 28.1500845, 0.0 ], [ 73.1250509, 28.1500848, 0.0 ], [ 73.1250456, 28.1503881, 0.0 ], [ 73.1250225, 28.1503877, 0.0 ], [ 73.1250278, 28.1500845, 0.0 ] ], [ [ 73.1249772, 28.149772, 0.0 ], [ 73.1250004, 28.1497723, 0.0 ], [ 73.1249951, 28.1500756, 0.0 ], [ 73.1249719, 28.1500753, 0.0 ], [ 73.1249772, 28.149772, 0.0 ] ], [ [ 73.1249212, 28.1497713, 0.0 ], [ 73.1249444, 28.1497716, 0.0 ], [ 73.1249391, 28.1500748, 0.0 ], [ 73.124916, 28.1500745, 0.0 ], [ 73.1249212, 28.1497713, 0.0 ] ], [ [ 73.1249718, 28.1500837, 0.0 ], [ 73.1249949, 28.150084, 0.0 ], [ 73.1249896, 28.1503873, 0.0 ], [ 73.1249665, 28.150387, 0.0 ], [ 73.1249718, 28.1500837, 0.0 ] ], [ [ 73.1249158, 28.1500829, 0.0 ], [ 73.1249389, 28.1500833, 0.0 ], [ 73.1249337, 28.1503865, 0.0 ], [ 73.1249105, 28.1503862, 0.0 ], [ 73.1249158, 28.1500829, 0.0 ] ], [ [ 73.1248653, 28.1497705, 0.0 ], [ 73.1248884, 28.1497708, 0.0 ], [ 73.1248831, 28.1500741, 0.0 ], [ 73.12486, 28.1500738, 0.0 ], [ 73.1248653, 28.1497705, 0.0 ] ], [ [ 73.1248093, 28.1497697, 0.0 ], [ 73.1248324, 28.14977, 0.0 ], [ 73.1248271, 28.1500733, 0.0 ], [ 73.124804, 28.150073, 0.0 ], [ 73.1248093, 28.1497697, 0.0 ] ], [ [ 73.1248598, 28.1500822, 0.0 ], [ 73.1248829, 28.1500825, 0.0 ], [ 73.1248777, 28.1503858, 0.0 ], [ 73.1248545, 28.1503854, 0.0 ], [ 73.1248598, 28.1500822, 0.0 ] ], [ [ 73.1248038, 28.1500814, 0.0 ], [ 73.124827, 28.1500817, 0.0 ], [ 73.1248217, 28.150385, 0.0 ], [ 73.1247986, 28.1503847, 0.0 ], [ 73.1248038, 28.1500814, 0.0 ] ], [ [ 73.1247533, 28.149769, 0.0 ], [ 73.1247764, 28.1497693, 0.0 ], [ 73.1247711, 28.1500725, 0.0 ], [ 73.124748, 28.1500722, 0.0 ], [ 73.1247533, 28.149769, 0.0 ] ], [ [ 73.1246973, 28.1497682, 0.0 ], [ 73.1247204, 28.1497685, 0.0 ], [ 73.1247151, 28.1500718, 0.0 ], [ 73.124692, 28.1500715, 0.0 ], [ 73.1246973, 28.1497682, 0.0 ] ], [ [ 73.1247478, 28.1500806, 0.0 ], [ 73.124771, 28.150081, 0.0 ], [ 73.1247657, 28.1503842, 0.0 ], [ 73.1247426, 28.1503839, 0.0 ], [ 73.1247478, 28.1500806, 0.0 ] ], [ [ 73.1246919, 28.1500799, 0.0 ], [ 73.124715, 28.1500802, 0.0 ], [ 73.1247097, 28.1503835, 0.0 ], [ 73.1246866, 28.1503831, 0.0 ], [ 73.1246919, 28.1500799, 0.0 ] ], [ [ 73.1246413, 28.1497674, 0.0 ], [ 73.1246644, 28.1497677, 0.0 ], [ 73.1246592, 28.150071, 0.0 ], [ 73.124636, 28.1500707, 0.0 ], [ 73.1246413, 28.1497674, 0.0 ] ], [ [ 73.1245853, 28.1497667, 0.0 ], [ 73.1246085, 28.149767, 0.0 ], [ 73.1246032, 28.1500702, 0.0 ], [ 73.12458, 28.1500699, 0.0 ], [ 73.1245853, 28.1497667, 0.0 ] ], [ [ 73.1246359, 28.1500791, 0.0 ], [ 73.124659, 28.1500794, 0.0 ], [ 73.1246537, 28.1503827, 0.0 ], [ 73.1246306, 28.1503824, 0.0 ], [ 73.1246359, 28.1500791, 0.0 ] ], [ [ 73.1245799, 28.1500783, 0.0 ], [ 73.124603, 28.1500787, 0.0 ], [ 73.1245977, 28.1503819, 0.0 ], [ 73.1245746, 28.1503816, 0.0 ], [ 73.1245799, 28.1500783, 0.0 ] ], [ [ 73.1258847, 28.1491125, 0.0 ], [ 73.1259078, 28.1491128, 0.0 ], [ 73.1259025, 28.1494161, 0.0 ], [ 73.1258794, 28.1494158, 0.0 ], [ 73.1258847, 28.1491125, 0.0 ] ], [ [ 73.1258287, 28.1491117, 0.0 ], [ 73.1258518, 28.1491121, 0.0 ], [ 73.1258466, 28.1494153, 0.0 ], [ 73.1258234, 28.149415, 0.0 ], [ 73.1258287, 28.1491117, 0.0 ] ], [ [ 73.1258793, 28.1494242, 0.0 ], [ 73.1259024, 28.1494245, 0.0 ], [ 73.1258971, 28.1497278, 0.0 ], [ 73.125874, 28.1497275, 0.0 ], [ 73.1258793, 28.1494242, 0.0 ] ], [ [ 73.1258233, 28.1494234, 0.0 ], [ 73.1258464, 28.1494237, 0.0 ], [ 73.1258411, 28.149727, 0.0 ], [ 73.125818, 28.1497267, 0.0 ], [ 73.1258233, 28.1494234, 0.0 ] ], [ [ 73.1257727, 28.149111, 0.0 ], [ 73.1257959, 28.1491113, 0.0 ], [ 73.1257906, 28.1494146, 0.0 ], [ 73.1257674, 28.1494142, 0.0 ], [ 73.1257727, 28.149111, 0.0 ] ], [ [ 73.1257167, 28.1491102, 0.0 ], [ 73.1257399, 28.1491105, 0.0 ], [ 73.1257346, 28.1494138, 0.0 ], [ 73.1257115, 28.1494135, 0.0 ], [ 73.1257167, 28.1491102, 0.0 ] ], [ [ 73.1257673, 28.1494227, 0.0 ], [ 73.1257904, 28.149423, 0.0 ], [ 73.1257851, 28.1497262, 0.0 ], [ 73.125762, 28.1497259, 0.0 ], [ 73.1257673, 28.1494227, 0.0 ] ], [ [ 73.1257113, 28.1494219, 0.0 ], [ 73.1257344, 28.1494222, 0.0 ], [ 73.1257292, 28.1497255, 0.0 ], [ 73.125706, 28.1497252, 0.0 ], [ 73.1257113, 28.1494219, 0.0 ] ], [ [ 73.1256608, 28.1491094, 0.0 ], [ 73.1256839, 28.1491098, 0.0 ], [ 73.1256786, 28.149413, 0.0 ], [ 73.1256555, 28.1494127, 0.0 ], [ 73.1256608, 28.1491094, 0.0 ] ], [ [ 73.1256048, 28.1491087, 0.0 ], [ 73.1256279, 28.149109, 0.0 ], [ 73.1256226, 28.1494123, 0.0 ], [ 73.1255995, 28.1494119, 0.0 ], [ 73.1256048, 28.1491087, 0.0 ] ], [ [ 73.1256553, 28.1494211, 0.0 ], [ 73.1256785, 28.1494214, 0.0 ], [ 73.1256732, 28.1497247, 0.0 ], [ 73.12565, 28.1497244, 0.0 ], [ 73.1256553, 28.1494211, 0.0 ] ], [ [ 73.1255993, 28.1494204, 0.0 ], [ 73.1256225, 28.1494207, 0.0 ], [ 73.1256172, 28.1497239, 0.0 ], [ 73.1255941, 28.1497236, 0.0 ], [ 73.1255993, 28.1494204, 0.0 ] ], [ [ 73.1255488, 28.1491079, 0.0 ], [ 73.1255719, 28.1491082, 0.0 ], [ 73.1255666, 28.1494115, 0.0 ], [ 73.1255435, 28.1494112, 0.0 ], [ 73.1255488, 28.1491079, 0.0 ] ], [ [ 73.1254928, 28.1491071, 0.0 ], [ 73.1255159, 28.1491075, 0.0 ], [ 73.1255106, 28.1494107, 0.0 ], [ 73.1254875, 28.1494104, 0.0 ], [ 73.1254928, 28.1491071, 0.0 ] ], [ [ 73.1255434, 28.1494196, 0.0 ], [ 73.1255665, 28.1494199, 0.0 ], [ 73.1255612, 28.1497232, 0.0 ], [ 73.1255381, 28.1497229, 0.0 ], [ 73.1255434, 28.1494196, 0.0 ] ], [ [ 73.1254874, 28.1494188, 0.0 ], [ 73.1255105, 28.1494191, 0.0 ], [ 73.1255052, 28.1497224, 0.0 ], [ 73.1254821, 28.1497221, 0.0 ], [ 73.1254874, 28.1494188, 0.0 ] ], [ [ 73.1254368, 28.1491064, 0.0 ], [ 73.1254599, 28.1491067, 0.0 ], [ 73.1254547, 28.14941, 0.0 ], [ 73.1254315, 28.1494096, 0.0 ], [ 73.1254368, 28.1491064, 0.0 ] ], [ [ 73.1253808, 28.1491056, 0.0 ], [ 73.125404, 28.1491059, 0.0 ], [ 73.1253987, 28.1494092, 0.0 ], [ 73.1253755, 28.1494089, 0.0 ], [ 73.1253808, 28.1491056, 0.0 ] ], [ [ 73.1254314, 28.1494181, 0.0 ], [ 73.1254545, 28.1494184, 0.0 ], [ 73.1254492, 28.1497216, 0.0 ], [ 73.1254261, 28.1497213, 0.0 ], [ 73.1254314, 28.1494181, 0.0 ] ], [ [ 73.1253754, 28.1494173, 0.0 ], [ 73.1253985, 28.1494176, 0.0 ], [ 73.1253932, 28.1497209, 0.0 ], [ 73.1253701, 28.1497206, 0.0 ], [ 73.1253754, 28.1494173, 0.0 ] ], [ [ 73.1253248, 28.1491048, 0.0 ], [ 73.125348, 28.1491052, 0.0 ], [ 73.1253427, 28.1494084, 0.0 ], [ 73.1253196, 28.1494081, 0.0 ], [ 73.1253248, 28.1491048, 0.0 ] ], [ [ 73.1252689, 28.1491041, 0.0 ], [ 73.125292, 28.1491044, 0.0 ], [ 73.1252867, 28.1494077, 0.0 ], [ 73.1252636, 28.1494073, 0.0 ], [ 73.1252689, 28.1491041, 0.0 ] ], [ [ 73.1253194, 28.1494165, 0.0 ], [ 73.1253425, 28.1494168, 0.0 ], [ 73.1253373, 28.1497201, 0.0 ], [ 73.1253141, 28.1497198, 0.0 ], [ 73.1253194, 28.1494165, 0.0 ] ], [ [ 73.1252634, 28.1494158, 0.0 ], [ 73.1252866, 28.1494161, 0.0 ], [ 73.1252813, 28.1497193, 0.0 ], [ 73.1252581, 28.149719, 0.0 ], [ 73.1252634, 28.1494158, 0.0 ] ], [ [ 73.125212, 28.1491556, 0.0 ], [ 73.1252351, 28.149156, 0.0 ], [ 73.1252298, 28.1494592, 0.0 ], [ 73.1252067, 28.1494589, 0.0 ], [ 73.125212, 28.1491556, 0.0 ] ], [ [ 73.125156, 28.1491549, 0.0 ], [ 73.1251791, 28.1491552, 0.0 ], [ 73.1251738, 28.1494585, 0.0 ], [ 73.1251507, 28.1494581, 0.0 ], [ 73.125156, 28.1491549, 0.0 ] ], [ [ 73.1252065, 28.1494673, 0.0 ], [ 73.1252297, 28.1494676, 0.0 ], [ 73.1252244, 28.1497709, 0.0 ], [ 73.1252012, 28.1497706, 0.0 ], [ 73.1252065, 28.1494673, 0.0 ] ], [ [ 73.1251505, 28.1494666, 0.0 ], [ 73.1251737, 28.1494669, 0.0 ], [ 73.1251684, 28.1497701, 0.0 ], [ 73.1251453, 28.1497698, 0.0 ], [ 73.1251505, 28.1494666, 0.0 ] ], [ [ 73.1251, 28.1491541, 0.0 ], [ 73.1251231, 28.1491544, 0.0 ], [ 73.1251178, 28.1494577, 0.0 ], [ 73.1250947, 28.1494574, 0.0 ], [ 73.1251, 28.1491541, 0.0 ] ], [ [ 73.125044, 28.1491533, 0.0 ], [ 73.1250671, 28.1491537, 0.0 ], [ 73.1250618, 28.1494569, 0.0 ], [ 73.1250387, 28.1494566, 0.0 ], [ 73.125044, 28.1491533, 0.0 ] ], [ [ 73.1250946, 28.1494658, 0.0 ], [ 73.1251177, 28.1494661, 0.0 ], [ 73.1251124, 28.1497694, 0.0 ], [ 73.1250893, 28.1497691, 0.0 ], [ 73.1250946, 28.1494658, 0.0 ] ], [ [ 73.1250386, 28.149465, 0.0 ], [ 73.1250617, 28.1494653, 0.0 ], [ 73.1250564, 28.1497686, 0.0 ], [ 73.1250333, 28.1497683, 0.0 ], [ 73.1250386, 28.149465, 0.0 ] ], [ [ 73.124988, 28.1491526, 0.0 ], [ 73.1250111, 28.1491529, 0.0 ], [ 73.1250059, 28.1494562, 0.0 ], [ 73.1249827, 28.1494558, 0.0 ], [ 73.124988, 28.1491526, 0.0 ] ], [ [ 73.124932, 28.1491518, 0.0 ], [ 73.1249552, 28.1491521, 0.0 ], [ 73.1249499, 28.1494554, 0.0 ], [ 73.1249267, 28.1494551, 0.0 ], [ 73.124932, 28.1491518, 0.0 ] ], [ [ 73.1249826, 28.1494643, 0.0 ], [ 73.1250057, 28.1494646, 0.0 ], [ 73.1250004, 28.1497678, 0.0 ], [ 73.1249773, 28.1497675, 0.0 ], [ 73.1249826, 28.1494643, 0.0 ] ], [ [ 73.1249266, 28.1494635, 0.0 ], [ 73.1249497, 28.1494638, 0.0 ], [ 73.1249444, 28.1497671, 0.0 ], [ 73.1249213, 28.1497668, 0.0 ], [ 73.1249266, 28.1494635, 0.0 ] ], [ [ 73.124876, 28.149151, 0.0 ], [ 73.1248992, 28.1491514, 0.0 ], [ 73.1248939, 28.1494546, 0.0 ], [ 73.1248708, 28.1494543, 0.0 ], [ 73.124876, 28.149151, 0.0 ] ], [ [ 73.1248201, 28.1491503, 0.0 ], [ 73.1248432, 28.1491506, 0.0 ], [ 73.1248379, 28.1494539, 0.0 ], [ 73.1248148, 28.1494535, 0.0 ], [ 73.1248201, 28.1491503, 0.0 ] ], [ [ 73.1248706, 28.1494627, 0.0 ], [ 73.1248937, 28.149463, 0.0 ], [ 73.1248885, 28.1497663, 0.0 ], [ 73.1248653, 28.149766, 0.0 ], [ 73.1248706, 28.1494627, 0.0 ] ], [ [ 73.1248146, 28.149462, 0.0 ], [ 73.1248378, 28.1494623, 0.0 ], [ 73.1248325, 28.1497655, 0.0 ], [ 73.1248093, 28.1497652, 0.0 ], [ 73.1248146, 28.149462, 0.0 ] ], [ [ 73.1247641, 28.1491495, 0.0 ], [ 73.1247872, 28.1491498, 0.0 ], [ 73.1247819, 28.1494531, 0.0 ], [ 73.1247588, 28.1494528, 0.0 ], [ 73.1247641, 28.1491495, 0.0 ] ], [ [ 73.1247081, 28.1491487, 0.0 ], [ 73.1247312, 28.1491491, 0.0 ], [ 73.1247259, 28.1494523, 0.0 ], [ 73.1247028, 28.149452, 0.0 ], [ 73.1247081, 28.1491487, 0.0 ] ], [ [ 73.1247586, 28.1494612, 0.0 ], [ 73.1247818, 28.1494615, 0.0 ], [ 73.1247765, 28.1497648, 0.0 ], [ 73.1247534, 28.1497645, 0.0 ], [ 73.1247586, 28.1494612, 0.0 ] ], [ [ 73.1247027, 28.1494604, 0.0 ], [ 73.1247258, 28.1494607, 0.0 ], [ 73.1247205, 28.149764, 0.0 ], [ 73.1246974, 28.1497637, 0.0 ], [ 73.1247027, 28.1494604, 0.0 ] ], [ [ 73.1246521, 28.149148, 0.0 ], [ 73.1246752, 28.1491483, 0.0 ], [ 73.1246699, 28.1494516, 0.0 ], [ 73.1246468, 28.1494512, 0.0 ], [ 73.1246521, 28.149148, 0.0 ] ], [ [ 73.1245961, 28.1491472, 0.0 ], [ 73.1246192, 28.1491475, 0.0 ], [ 73.124614, 28.1494508, 0.0 ], [ 73.1245908, 28.1494505, 0.0 ], [ 73.1245961, 28.1491472, 0.0 ] ], [ [ 73.1246467, 28.1494597, 0.0 ], [ 73.1246698, 28.14946, 0.0 ], [ 73.1246645, 28.1497632, 0.0 ], [ 73.1246414, 28.1497629, 0.0 ], [ 73.1246467, 28.1494597, 0.0 ] ], [ [ 73.1245907, 28.1494589, 0.0 ], [ 73.1246138, 28.1494592, 0.0 ], [ 73.1246085, 28.1497625, 0.0 ], [ 73.1245854, 28.1497622, 0.0 ], [ 73.1245907, 28.1494589, 0.0 ] ], [ [ 73.124215, 28.1485224, 0.0 ], [ 73.1242381, 28.1485227, 0.0 ], [ 73.1242329, 28.148826, 0.0 ], [ 73.1242097, 28.1488256, 0.0 ], [ 73.124215, 28.1485224, 0.0 ] ], [ [ 73.124159, 28.1485216, 0.0 ], [ 73.1241822, 28.1485219, 0.0 ], [ 73.1241769, 28.1488252, 0.0 ], [ 73.1241537, 28.1488249, 0.0 ], [ 73.124159, 28.1485216, 0.0 ] ], [ [ 73.1242096, 28.1488341, 0.0 ], [ 73.1242327, 28.1488344, 0.0 ], [ 73.1242274, 28.1491376, 0.0 ], [ 73.1242043, 28.1491373, 0.0 ], [ 73.1242096, 28.1488341, 0.0 ] ], [ [ 73.1241536, 28.1488333, 0.0 ], [ 73.1241767, 28.1488336, 0.0 ], [ 73.1241714, 28.1491369, 0.0 ], [ 73.1241483, 28.1491366, 0.0 ], [ 73.1241536, 28.1488333, 0.0 ] ], [ [ 73.124327, 28.1485239, 0.0 ], [ 73.1243501, 28.1485242, 0.0 ], [ 73.1243448, 28.1488275, 0.0 ], [ 73.1243217, 28.1488272, 0.0 ], [ 73.124327, 28.1485239, 0.0 ] ], [ [ 73.124271, 28.1485232, 0.0 ], [ 73.1242941, 28.1485235, 0.0 ], [ 73.1242888, 28.1488267, 0.0 ], [ 73.1242657, 28.1488264, 0.0 ], [ 73.124271, 28.1485232, 0.0 ] ], [ [ 73.1243216, 28.1488356, 0.0 ], [ 73.1243447, 28.1488359, 0.0 ], [ 73.1243394, 28.1491392, 0.0 ], [ 73.1243163, 28.1491389, 0.0 ], [ 73.1243216, 28.1488356, 0.0 ] ], [ [ 73.1242656, 28.1488348, 0.0 ], [ 73.1242887, 28.1488351, 0.0 ], [ 73.1242834, 28.1491384, 0.0 ], [ 73.1242603, 28.1491381, 0.0 ], [ 73.1242656, 28.1488348, 0.0 ] ], [ [ 73.1243378, 28.1479045, 0.0 ], [ 73.1243609, 28.1479048, 0.0 ], [ 73.1243556, 28.148208, 0.0 ], [ 73.1243325, 28.1482077, 0.0 ], [ 73.1243378, 28.1479045, 0.0 ] ], [ [ 73.1242818, 28.1479037, 0.0 ], [ 73.1243049, 28.147904, 0.0 ], [ 73.1242996, 28.1482073, 0.0 ], [ 73.1242765, 28.148207, 0.0 ], [ 73.1242818, 28.1479037, 0.0 ] ], [ [ 73.1243324, 28.1482161, 0.0 ], [ 73.1243555, 28.1482165, 0.0 ], [ 73.1243502, 28.1485197, 0.0 ], [ 73.1243271, 28.1485194, 0.0 ], [ 73.1243324, 28.1482161, 0.0 ] ], [ [ 73.1242764, 28.1482154, 0.0 ], [ 73.1242995, 28.1482157, 0.0 ], [ 73.1242942, 28.148519, 0.0 ], [ 73.1242711, 28.1485186, 0.0 ], [ 73.1242764, 28.1482154, 0.0 ] ], [ [ 73.124439, 28.1485254, 0.0 ], [ 73.1244621, 28.1485258, 0.0 ], [ 73.1244568, 28.148829, 0.0 ], [ 73.1244337, 28.1488287, 0.0 ], [ 73.124439, 28.1485254, 0.0 ] ], [ [ 73.124383, 28.1485247, 0.0 ], [ 73.1244061, 28.148525, 0.0 ], [ 73.1244008, 28.1488283, 0.0 ], [ 73.1243777, 28.1488279, 0.0 ], [ 73.124383, 28.1485247, 0.0 ] ], [ [ 73.1244335, 28.1488371, 0.0 ], [ 73.1244567, 28.1488374, 0.0 ], [ 73.1244514, 28.1491407, 0.0 ], [ 73.1244282, 28.1491404, 0.0 ], [ 73.1244335, 28.1488371, 0.0 ] ], [ [ 73.1243775, 28.1488364, 0.0 ], [ 73.1244007, 28.1488367, 0.0 ], [ 73.1243954, 28.1491399, 0.0 ], [ 73.1243723, 28.1491396, 0.0 ], [ 73.1243775, 28.1488364, 0.0 ] ], [ [ 73.1244498, 28.147906, 0.0 ], [ 73.1244729, 28.1479063, 0.0 ], [ 73.1244676, 28.1482096, 0.0 ], [ 73.1244445, 28.1482093, 0.0 ], [ 73.1244498, 28.147906, 0.0 ] ], [ [ 73.1243938, 28.1479052, 0.0 ], [ 73.1244169, 28.1479055, 0.0 ], [ 73.1244116, 28.1482088, 0.0 ], [ 73.1243885, 28.1482085, 0.0 ], [ 73.1243938, 28.1479052, 0.0 ] ], [ [ 73.1244443, 28.1482177, 0.0 ], [ 73.1244675, 28.148218, 0.0 ], [ 73.1244622, 28.1485213, 0.0 ], [ 73.124439, 28.1485209, 0.0 ], [ 73.1244443, 28.1482177, 0.0 ] ], [ [ 73.1243883, 28.1482169, 0.0 ], [ 73.1244115, 28.1482172, 0.0 ], [ 73.1244062, 28.1485205, 0.0 ], [ 73.1243831, 28.1485202, 0.0 ], [ 73.1243883, 28.1482169, 0.0 ] ], [ [ 73.1245509, 28.148527, 0.0 ], [ 73.1245741, 28.1485273, 0.0 ], [ 73.1245688, 28.1488306, 0.0 ], [ 73.1245456, 28.1488302, 0.0 ], [ 73.1245509, 28.148527, 0.0 ] ], [ [ 73.1244949, 28.1485262, 0.0 ], [ 73.1245181, 28.1485265, 0.0 ], [ 73.1245128, 28.1488298, 0.0 ], [ 73.1244897, 28.1488295, 0.0 ], [ 73.1244949, 28.1485262, 0.0 ] ], [ [ 73.1245455, 28.1488387, 0.0 ], [ 73.1245686, 28.148839, 0.0 ], [ 73.1245633, 28.1491422, 0.0 ], [ 73.1245402, 28.1491419, 0.0 ], [ 73.1245455, 28.1488387, 0.0 ] ], [ [ 73.1244895, 28.1488379, 0.0 ], [ 73.1245126, 28.1488382, 0.0 ], [ 73.1245074, 28.1491415, 0.0 ], [ 73.1244842, 28.1491412, 0.0 ], [ 73.1244895, 28.1488379, 0.0 ] ], [ [ 73.1245617, 28.1479075, 0.0 ], [ 73.1245849, 28.1479078, 0.0 ], [ 73.1245796, 28.1482111, 0.0 ], [ 73.1245564, 28.1482108, 0.0 ], [ 73.1245617, 28.1479075, 0.0 ] ], [ [ 73.1245057, 28.1479068, 0.0 ], [ 73.1245289, 28.1479071, 0.0 ], [ 73.1245236, 28.1482103, 0.0 ], [ 73.1245005, 28.14821, 0.0 ], [ 73.1245057, 28.1479068, 0.0 ] ], [ [ 73.1245563, 28.1482192, 0.0 ], [ 73.1245794, 28.1482195, 0.0 ], [ 73.1245741, 28.1485228, 0.0 ], [ 73.124551, 28.1485225, 0.0 ], [ 73.1245563, 28.1482192, 0.0 ] ], [ [ 73.1245003, 28.1482184, 0.0 ], [ 73.1245234, 28.1482188, 0.0 ], [ 73.1245182, 28.148522, 0.0 ], [ 73.124495, 28.1485217, 0.0 ], [ 73.1245003, 28.1482184, 0.0 ] ], [ [ 73.1261302, 28.1478766, 0.0 ], [ 73.1261533, 28.147877, 0.0 ], [ 73.1261481, 28.1481802, 0.0 ], [ 73.1261249, 28.1481799, 0.0 ], [ 73.1261302, 28.1478766, 0.0 ] ], [ [ 73.1260742, 28.1478759, 0.0 ], [ 73.1260974, 28.1478762, 0.0 ], [ 73.1260921, 28.1481795, 0.0 ], [ 73.1260689, 28.1481791, 0.0 ], [ 73.1260742, 28.1478759, 0.0 ] ], [ [ 73.1261248, 28.1481883, 0.0 ], [ 73.1261479, 28.1481886, 0.0 ], [ 73.1261426, 28.1484919, 0.0 ], [ 73.1261195, 28.1484916, 0.0 ], [ 73.1261248, 28.1481883, 0.0 ] ], [ [ 73.1260688, 28.1481876, 0.0 ], [ 73.1260919, 28.1481879, 0.0 ], [ 73.1260866, 28.1484911, 0.0 ], [ 73.1260635, 28.1484908, 0.0 ], [ 73.1260688, 28.1481876, 0.0 ] ], [ [ 73.1260075, 28.1484946, 0.0 ], [ 73.1260306, 28.1484949, 0.0 ], [ 73.1260253, 28.1487982, 0.0 ], [ 73.1260022, 28.1487978, 0.0 ], [ 73.1260075, 28.1484946, 0.0 ] ], [ [ 73.1259515, 28.1484938, 0.0 ], [ 73.1259746, 28.1484941, 0.0 ], [ 73.1259693, 28.1487974, 0.0 ], [ 73.1259462, 28.1487971, 0.0 ], [ 73.1259515, 28.1484938, 0.0 ] ], [ [ 73.126002, 28.1488063, 0.0 ], [ 73.1260252, 28.1488066, 0.0 ], [ 73.1260199, 28.1491098, 0.0 ], [ 73.1259967, 28.1491095, 0.0 ], [ 73.126002, 28.1488063, 0.0 ] ], [ [ 73.125946, 28.1488055, 0.0 ], [ 73.1259692, 28.1488058, 0.0 ], [ 73.1259639, 28.1491091, 0.0 ], [ 73.1259408, 28.1491088, 0.0 ], [ 73.125946, 28.1488055, 0.0 ] ], [ [ 73.1260182, 28.1478751, 0.0 ], [ 73.1260414, 28.1478754, 0.0 ], [ 73.1260361, 28.1481787, 0.0 ], [ 73.126013, 28.1481784, 0.0 ], [ 73.1260182, 28.1478751, 0.0 ] ], [ [ 73.1259623, 28.1478744, 0.0 ], [ 73.1259854, 28.1478747, 0.0 ], [ 73.1259801, 28.1481779, 0.0 ], [ 73.125957, 28.1481776, 0.0 ], [ 73.1259623, 28.1478744, 0.0 ] ], [ [ 73.1260128, 28.1481868, 0.0 ], [ 73.1260359, 28.1481871, 0.0 ], [ 73.1260307, 28.1484904, 0.0 ], [ 73.1260075, 28.1484901, 0.0 ], [ 73.1260128, 28.1481868, 0.0 ] ], [ [ 73.1259568, 28.148186, 0.0 ], [ 73.12598, 28.1481864, 0.0 ], [ 73.1259747, 28.1484896, 0.0 ], [ 73.1259516, 28.1484893, 0.0 ], [ 73.1259568, 28.148186, 0.0 ] ], [ [ 73.126029, 28.1472557, 0.0 ], [ 73.1260522, 28.147256, 0.0 ], [ 73.1260469, 28.1475592, 0.0 ], [ 73.1260238, 28.1475589, 0.0 ], [ 73.126029, 28.1472557, 0.0 ] ], [ [ 73.125973, 28.1472549, 0.0 ], [ 73.1259962, 28.1472552, 0.0 ], [ 73.1259909, 28.1475585, 0.0 ], [ 73.1259678, 28.1475582, 0.0 ], [ 73.125973, 28.1472549, 0.0 ] ], [ [ 73.1260236, 28.1475673, 0.0 ], [ 73.1260467, 28.1475677, 0.0 ], [ 73.1260415, 28.1478709, 0.0 ], [ 73.1260183, 28.1478706, 0.0 ], [ 73.1260236, 28.1475673, 0.0 ] ], [ [ 73.1259676, 28.1475666, 0.0 ], [ 73.1259907, 28.1475669, 0.0 ], [ 73.1259855, 28.1478702, 0.0 ], [ 73.1259623, 28.1478698, 0.0 ], [ 73.1259676, 28.1475666, 0.0 ] ], [ [ 73.1260398, 28.1466362, 0.0 ], [ 73.1260629, 28.1466365, 0.0 ], [ 73.1260577, 28.1469398, 0.0 ], [ 73.1260345, 28.1469395, 0.0 ], [ 73.1260398, 28.1466362, 0.0 ] ], [ [ 73.1259838, 28.1466354, 0.0 ], [ 73.126007, 28.1466357, 0.0 ], [ 73.1260017, 28.146939, 0.0 ], [ 73.1259786, 28.1469387, 0.0 ], [ 73.1259838, 28.1466354, 0.0 ] ], [ [ 73.1260344, 28.1469479, 0.0 ], [ 73.1260575, 28.1469482, 0.0 ], [ 73.1260522, 28.1472515, 0.0 ], [ 73.1260291, 28.1472511, 0.0 ], [ 73.1260344, 28.1469479, 0.0 ] ], [ [ 73.1259784, 28.1469471, 0.0 ], [ 73.1260015, 28.1469474, 0.0 ], [ 73.1259963, 28.1472507, 0.0 ], [ 73.1259731, 28.1472504, 0.0 ], [ 73.1259784, 28.1469471, 0.0 ] ], [ [ 73.1260506, 28.1460167, 0.0 ], [ 73.1260737, 28.1460171, 0.0 ], [ 73.1260685, 28.1463203, 0.0 ], [ 73.1260453, 28.14632, 0.0 ], [ 73.1260506, 28.1460167, 0.0 ] ], [ [ 73.1259946, 28.146016, 0.0 ], [ 73.1260177, 28.1460163, 0.0 ], [ 73.1260125, 28.1463196, 0.0 ], [ 73.1259893, 28.1463192, 0.0 ], [ 73.1259946, 28.146016, 0.0 ] ], [ [ 73.1260452, 28.1463284, 0.0 ], [ 73.1260683, 28.1463287, 0.0 ], [ 73.126063, 28.146632, 0.0 ], [ 73.1260399, 28.1466317, 0.0 ], [ 73.1260452, 28.1463284, 0.0 ] ], [ [ 73.1259892, 28.1463277, 0.0 ], [ 73.1260123, 28.146328, 0.0 ], [ 73.126007, 28.1466312, 0.0 ], [ 73.1259839, 28.1466309, 0.0 ], [ 73.1259892, 28.1463277, 0.0 ] ], [ [ 73.1258955, 28.148493, 0.0 ], [ 73.1259186, 28.1484934, 0.0 ], [ 73.1259133, 28.1487966, 0.0 ], [ 73.1258902, 28.1487963, 0.0 ], [ 73.1258955, 28.148493, 0.0 ] ], [ [ 73.1258395, 28.1484923, 0.0 ], [ 73.1258626, 28.1484926, 0.0 ], [ 73.1258573, 28.1487959, 0.0 ], [ 73.1258342, 28.1487955, 0.0 ], [ 73.1258395, 28.1484923, 0.0 ] ], [ [ 73.1258901, 28.1488047, 0.0 ], [ 73.1259132, 28.148805, 0.0 ], [ 73.1259079, 28.1491083, 0.0 ], [ 73.1258848, 28.149108, 0.0 ], [ 73.1258901, 28.1488047, 0.0 ] ], [ [ 73.1258341, 28.148804, 0.0 ], [ 73.1258572, 28.1488043, 0.0 ], [ 73.1258519, 28.1491075, 0.0 ], [ 73.1258288, 28.1491072, 0.0 ], [ 73.1258341, 28.148804, 0.0 ] ], [ [ 73.1259063, 28.1478736, 0.0 ], [ 73.1259294, 28.1478739, 0.0 ], [ 73.1259241, 28.1481772, 0.0 ], [ 73.125901, 28.1481769, 0.0 ], [ 73.1259063, 28.1478736, 0.0 ] ], [ [ 73.1258503, 28.1478728, 0.0 ], [ 73.1258734, 28.1478731, 0.0 ], [ 73.1258681, 28.1481764, 0.0 ], [ 73.125845, 28.1481761, 0.0 ], [ 73.1258503, 28.1478728, 0.0 ] ], [ [ 73.1259008, 28.1481853, 0.0 ], [ 73.125924, 28.1481856, 0.0 ], [ 73.1259187, 28.1484888, 0.0 ], [ 73.1258956, 28.1484885, 0.0 ], [ 73.1259008, 28.1481853, 0.0 ] ], [ [ 73.1258449, 28.1481845, 0.0 ], [ 73.125868, 28.1481848, 0.0 ], [ 73.1258627, 28.1484881, 0.0 ], [ 73.1258396, 28.1484878, 0.0 ], [ 73.1258449, 28.1481845, 0.0 ] ], [ [ 73.1259171, 28.1472541, 0.0 ], [ 73.1259402, 28.1472544, 0.0 ], [ 73.1259349, 28.1475577, 0.0 ], [ 73.1259118, 28.1475574, 0.0 ], [ 73.1259171, 28.1472541, 0.0 ] ], [ [ 73.1258611, 28.1472534, 0.0 ], [ 73.1258842, 28.1472537, 0.0 ], [ 73.1258789, 28.1475569, 0.0 ], [ 73.1258558, 28.1475566, 0.0 ], [ 73.1258611, 28.1472534, 0.0 ] ], [ [ 73.1259116, 28.1475658, 0.0 ], [ 73.1259348, 28.1475661, 0.0 ], [ 73.1259295, 28.1478694, 0.0 ], [ 73.1259064, 28.1478691, 0.0 ], [ 73.1259116, 28.1475658, 0.0 ] ], [ [ 73.1258557, 28.147565, 0.0 ], [ 73.1258788, 28.1475654, 0.0 ], [ 73.1258735, 28.1478686, 0.0 ], [ 73.1258504, 28.1478683, 0.0 ], [ 73.1258557, 28.147565, 0.0 ] ], [ [ 73.1259279, 28.1466347, 0.0 ], [ 73.125951, 28.146635, 0.0 ], [ 73.1259457, 28.1469382, 0.0 ], [ 73.1259226, 28.1469379, 0.0 ], [ 73.1259279, 28.1466347, 0.0 ] ], [ [ 73.1258719, 28.1466339, 0.0 ], [ 73.125895, 28.1466342, 0.0 ], [ 73.1258897, 28.1469375, 0.0 ], [ 73.1258666, 28.1469372, 0.0 ], [ 73.1258719, 28.1466339, 0.0 ] ], [ [ 73.1259224, 28.1469464, 0.0 ], [ 73.1259456, 28.1469467, 0.0 ], [ 73.1259403, 28.1472499, 0.0 ], [ 73.1259171, 28.1472496, 0.0 ], [ 73.1259224, 28.1469464, 0.0 ] ], [ [ 73.1258664, 28.1469456, 0.0 ], [ 73.1258896, 28.1469459, 0.0 ], [ 73.1258843, 28.1472492, 0.0 ], [ 73.1258612, 28.1472488, 0.0 ], [ 73.1258664, 28.1469456, 0.0 ] ], [ [ 73.1259386, 28.1460152, 0.0 ], [ 73.1259618, 28.1460155, 0.0 ], [ 73.1259565, 28.1463188, 0.0 ], [ 73.1259334, 28.1463185, 0.0 ], [ 73.1259386, 28.1460152, 0.0 ] ], [ [ 73.1258827, 28.1460144, 0.0 ], [ 73.1259058, 28.1460148, 0.0 ], [ 73.1259005, 28.146318, 0.0 ], [ 73.1258774, 28.1463177, 0.0 ], [ 73.1258827, 28.1460144, 0.0 ] ], [ [ 73.1259332, 28.1463269, 0.0 ], [ 73.1259563, 28.1463272, 0.0 ], [ 73.1259511, 28.1466305, 0.0 ], [ 73.1259279, 28.1466302, 0.0 ], [ 73.1259332, 28.1463269, 0.0 ] ], [ [ 73.1258772, 28.1463261, 0.0 ], [ 73.1259004, 28.1463264, 0.0 ], [ 73.1258951, 28.1466297, 0.0 ], [ 73.1258719, 28.1466294, 0.0 ], [ 73.1258772, 28.1463261, 0.0 ] ], [ [ 73.1259494, 28.1453957, 0.0 ], [ 73.1259726, 28.1453961, 0.0 ], [ 73.1259673, 28.1456993, 0.0 ], [ 73.1259441, 28.145699, 0.0 ], [ 73.1259494, 28.1453957, 0.0 ] ], [ [ 73.1258934, 28.145395, 0.0 ], [ 73.1259166, 28.1453953, 0.0 ], [ 73.1259113, 28.1456986, 0.0 ], [ 73.1258882, 28.1456982, 0.0 ], [ 73.1258934, 28.145395, 0.0 ] ], [ [ 73.125944, 28.1457074, 0.0 ], [ 73.1259671, 28.1457077, 0.0 ], [ 73.1259618, 28.146011, 0.0 ], [ 73.1259387, 28.1460107, 0.0 ], [ 73.125944, 28.1457074, 0.0 ] ], [ [ 73.125888, 28.1457067, 0.0 ], [ 73.1259111, 28.145707, 0.0 ], [ 73.1259059, 28.1460102, 0.0 ], [ 73.1258827, 28.1460099, 0.0 ], [ 73.125888, 28.1457067, 0.0 ] ], [ [ 73.1257835, 28.1484915, 0.0 ], [ 73.1258066, 28.1484918, 0.0 ], [ 73.1258014, 28.1487951, 0.0 ], [ 73.1257782, 28.1487948, 0.0 ], [ 73.1257835, 28.1484915, 0.0 ] ], [ [ 73.1257275, 28.1484907, 0.0 ], [ 73.1257507, 28.1484911, 0.0 ], [ 73.1257454, 28.1487943, 0.0 ], [ 73.1257223, 28.148794, 0.0 ], [ 73.1257275, 28.1484907, 0.0 ] ], [ [ 73.1257781, 28.1488032, 0.0 ], [ 73.1258012, 28.1488035, 0.0 ], [ 73.1257959, 28.1491068, 0.0 ], [ 73.1257728, 28.1491065, 0.0 ], [ 73.1257781, 28.1488032, 0.0 ] ], [ [ 73.1257221, 28.1488024, 0.0 ], [ 73.1257452, 28.1488027, 0.0 ], [ 73.1257399, 28.149106, 0.0 ], [ 73.1257168, 28.1491057, 0.0 ], [ 73.1257221, 28.1488024, 0.0 ] ], [ [ 73.1257943, 28.1478721, 0.0 ], [ 73.1258174, 28.1478724, 0.0 ], [ 73.1258122, 28.1481756, 0.0 ], [ 73.125789, 28.1481753, 0.0 ], [ 73.1257943, 28.1478721, 0.0 ] ], [ [ 73.1257383, 28.1478713, 0.0 ], [ 73.1257614, 28.1478716, 0.0 ], [ 73.1257562, 28.1481749, 0.0 ], [ 73.125733, 28.1481746, 0.0 ], [ 73.1257383, 28.1478713, 0.0 ] ], [ [ 73.1257889, 28.1481837, 0.0 ], [ 73.125812, 28.1481841, 0.0 ], [ 73.1258067, 28.1484873, 0.0 ], [ 73.1257836, 28.148487, 0.0 ], [ 73.1257889, 28.1481837, 0.0 ] ], [ [ 73.1257329, 28.148183, 0.0 ], [ 73.125756, 28.1481833, 0.0 ], [ 73.1257507, 28.1484866, 0.0 ], [ 73.1257276, 28.1484862, 0.0 ], [ 73.1257329, 28.148183, 0.0 ] ], [ [ 73.1258051, 28.1472526, 0.0 ], [ 73.1258282, 28.1472529, 0.0 ], [ 73.1258229, 28.1475562, 0.0 ], [ 73.1257998, 28.1475559, 0.0 ], [ 73.1258051, 28.1472526, 0.0 ] ], [ [ 73.1257491, 28.1472518, 0.0 ], [ 73.1257722, 28.1472521, 0.0 ], [ 73.125767, 28.1475554, 0.0 ], [ 73.1257438, 28.1475551, 0.0 ], [ 73.1257491, 28.1472518, 0.0 ] ], [ [ 73.1257997, 28.1475643, 0.0 ], [ 73.1258228, 28.1475646, 0.0 ], [ 73.1258175, 28.1478679, 0.0 ], [ 73.1257944, 28.1478675, 0.0 ], [ 73.1257997, 28.1475643, 0.0 ] ], [ [ 73.1257437, 28.1475635, 0.0 ], [ 73.1257668, 28.1475638, 0.0 ], [ 73.1257615, 28.1478671, 0.0 ], [ 73.1257384, 28.1478668, 0.0 ], [ 73.1257437, 28.1475635, 0.0 ] ], [ [ 73.1258159, 28.1466331, 0.0 ], [ 73.125839, 28.1466335, 0.0 ], [ 73.1258337, 28.1469367, 0.0 ], [ 73.1258106, 28.1469364, 0.0 ], [ 73.1258159, 28.1466331, 0.0 ] ], [ [ 73.1257599, 28.1466324, 0.0 ], [ 73.125783, 28.1466327, 0.0 ], [ 73.1257777, 28.146936, 0.0 ], [ 73.1257546, 28.1469356, 0.0 ], [ 73.1257599, 28.1466324, 0.0 ] ], [ [ 73.1258105, 28.1469448, 0.0 ], [ 73.1258336, 28.1469451, 0.0 ], [ 73.1258283, 28.1472484, 0.0 ], [ 73.1258052, 28.1472481, 0.0 ], [ 73.1258105, 28.1469448, 0.0 ] ], [ [ 73.1257545, 28.1469441, 0.0 ], [ 73.1257776, 28.1469444, 0.0 ], [ 73.1257723, 28.1472476, 0.0 ], [ 73.1257492, 28.1472473, 0.0 ], [ 73.1257545, 28.1469441, 0.0 ] ], [ [ 73.1258267, 28.1460137, 0.0 ], [ 73.1258498, 28.146014, 0.0 ], [ 73.1258445, 28.1463173, 0.0 ], [ 73.1258214, 28.1463169, 0.0 ], [ 73.1258267, 28.1460137, 0.0 ] ], [ [ 73.1257707, 28.1460129, 0.0 ], [ 73.1257938, 28.1460132, 0.0 ], [ 73.1257885, 28.1463165, 0.0 ], [ 73.1257654, 28.1463162, 0.0 ], [ 73.1257707, 28.1460129, 0.0 ] ], [ [ 73.1258212, 28.1463254, 0.0 ], [ 73.1258444, 28.1463257, 0.0 ], [ 73.1258391, 28.1466289, 0.0 ], [ 73.125816, 28.1466286, 0.0 ], [ 73.1258212, 28.1463254, 0.0 ] ], [ [ 73.1257653, 28.1463246, 0.0 ], [ 73.1257884, 28.1463249, 0.0 ], [ 73.1257831, 28.1466282, 0.0 ], [ 73.12576, 28.1466279, 0.0 ], [ 73.1257653, 28.1463246, 0.0 ] ], [ [ 73.1258375, 28.1453942, 0.0 ], [ 73.1258606, 28.1453945, 0.0 ], [ 73.1258553, 28.1456978, 0.0 ], [ 73.1258322, 28.1456975, 0.0 ], [ 73.1258375, 28.1453942, 0.0 ] ], [ [ 73.1257815, 28.1453935, 0.0 ], [ 73.1258046, 28.1453938, 0.0 ], [ 73.1257993, 28.145697, 0.0 ], [ 73.1257762, 28.1456967, 0.0 ], [ 73.1257815, 28.1453935, 0.0 ] ], [ [ 73.125832, 28.1457059, 0.0 ], [ 73.1258552, 28.1457062, 0.0 ], [ 73.1258499, 28.1460095, 0.0 ], [ 73.1258267, 28.1460092, 0.0 ], [ 73.125832, 28.1457059, 0.0 ] ], [ [ 73.125776, 28.1457051, 0.0 ], [ 73.1257992, 28.1457055, 0.0 ], [ 73.1257939, 28.1460087, 0.0 ], [ 73.1257708, 28.1460084, 0.0 ], [ 73.125776, 28.1457051, 0.0 ] ], [ [ 73.1256715, 28.14849, 0.0 ], [ 73.1256947, 28.1484903, 0.0 ], [ 73.1256894, 28.1487936, 0.0 ], [ 73.1256663, 28.1487932, 0.0 ], [ 73.1256715, 28.14849, 0.0 ] ], [ [ 73.1256156, 28.1484892, 0.0 ], [ 73.1256387, 28.1484895, 0.0 ], [ 73.1256334, 28.1487928, 0.0 ], [ 73.1256103, 28.1487925, 0.0 ], [ 73.1256156, 28.1484892, 0.0 ] ], [ [ 73.1256661, 28.1488017, 0.0 ], [ 73.1256892, 28.148802, 0.0 ], [ 73.125684, 28.1491052, 0.0 ], [ 73.1256608, 28.1491049, 0.0 ], [ 73.1256661, 28.1488017, 0.0 ] ], [ [ 73.1256101, 28.1488009, 0.0 ], [ 73.1256333, 28.1488012, 0.0 ], [ 73.125628, 28.1491045, 0.0 ], [ 73.1256049, 28.1491042, 0.0 ], [ 73.1256101, 28.1488009, 0.0 ] ], [ [ 73.1256823, 28.1478705, 0.0 ], [ 73.1257055, 28.1478708, 0.0 ], [ 73.1257002, 28.1481741, 0.0 ], [ 73.1256771, 28.1481738, 0.0 ], [ 73.1256823, 28.1478705, 0.0 ] ], [ [ 73.1256264, 28.1478698, 0.0 ], [ 73.1256495, 28.1478701, 0.0 ], [ 73.1256442, 28.1481733, 0.0 ], [ 73.1256211, 28.148173, 0.0 ], [ 73.1256264, 28.1478698, 0.0 ] ], [ [ 73.1256769, 28.1481822, 0.0 ], [ 73.1257, 28.1481825, 0.0 ], [ 73.1256948, 28.1484858, 0.0 ], [ 73.1256716, 28.1484855, 0.0 ], [ 73.1256769, 28.1481822, 0.0 ] ], [ [ 73.1256209, 28.1481814, 0.0 ], [ 73.125644, 28.1481818, 0.0 ], [ 73.1256388, 28.148485, 0.0 ], [ 73.1256156, 28.1484847, 0.0 ], [ 73.1256209, 28.1481814, 0.0 ] ], [ [ 73.1256931, 28.1472511, 0.0 ], [ 73.1257163, 28.1472514, 0.0 ], [ 73.125711, 28.1475546, 0.0 ], [ 73.1256878, 28.1475543, 0.0 ], [ 73.1256931, 28.1472511, 0.0 ] ], [ [ 73.1256371, 28.1472503, 0.0 ], [ 73.1256603, 28.1472506, 0.0 ], [ 73.125655, 28.1475539, 0.0 ], [ 73.1256319, 28.1475536, 0.0 ], [ 73.1256371, 28.1472503, 0.0 ] ], [ [ 73.1256877, 28.1475627, 0.0 ], [ 73.1257108, 28.1475631, 0.0 ], [ 73.1257055, 28.1478663, 0.0 ], [ 73.1256824, 28.147866, 0.0 ], [ 73.1256877, 28.1475627, 0.0 ] ], [ [ 73.1256317, 28.147562, 0.0 ], [ 73.1256548, 28.1475623, 0.0 ], [ 73.1256496, 28.1478656, 0.0 ], [ 73.1256264, 28.1478652, 0.0 ], [ 73.1256317, 28.147562, 0.0 ] ], [ [ 73.1257039, 28.1466316, 0.0 ], [ 73.125727, 28.1466319, 0.0 ], [ 73.1257218, 28.1469352, 0.0 ], [ 73.1256986, 28.1469349, 0.0 ], [ 73.1257039, 28.1466316, 0.0 ] ], [ [ 73.1256479, 28.1466308, 0.0 ], [ 73.1256711, 28.1466312, 0.0 ], [ 73.1256658, 28.1469344, 0.0 ], [ 73.1256426, 28.1469341, 0.0 ], [ 73.1256479, 28.1466308, 0.0 ] ], [ [ 73.1256985, 28.1469433, 0.0 ], [ 73.1257216, 28.1469436, 0.0 ], [ 73.1257163, 28.1472469, 0.0 ], [ 73.1256932, 28.1472466, 0.0 ], [ 73.1256985, 28.1469433, 0.0 ] ], [ [ 73.1256425, 28.1469425, 0.0 ], [ 73.1256656, 28.1469428, 0.0 ], [ 73.1256603, 28.1472461, 0.0 ], [ 73.1256372, 28.1472458, 0.0 ], [ 73.1256425, 28.1469425, 0.0 ] ], [ [ 73.1257147, 28.1460121, 0.0 ], [ 73.1257378, 28.1460125, 0.0 ], [ 73.1257325, 28.1463157, 0.0 ], [ 73.1257094, 28.1463154, 0.0 ], [ 73.1257147, 28.1460121, 0.0 ] ], [ [ 73.1256587, 28.1460114, 0.0 ], [ 73.1256818, 28.1460117, 0.0 ], [ 73.1256766, 28.146315, 0.0 ], [ 73.1256534, 28.1463146, 0.0 ], [ 73.1256587, 28.1460114, 0.0 ] ], [ [ 73.1257093, 28.1463238, 0.0 ], [ 73.1257324, 28.1463241, 0.0 ], [ 73.1257271, 28.1466274, 0.0 ], [ 73.125704, 28.1466271, 0.0 ], [ 73.1257093, 28.1463238, 0.0 ] ], [ [ 73.1256533, 28.1463231, 0.0 ], [ 73.1256764, 28.1463234, 0.0 ], [ 73.1256711, 28.1466266, 0.0 ], [ 73.125648, 28.1466263, 0.0 ], [ 73.1256533, 28.1463231, 0.0 ] ], [ [ 73.1257255, 28.1453927, 0.0 ], [ 73.1257486, 28.145393, 0.0 ], [ 73.1257433, 28.1456963, 0.0 ], [ 73.1257202, 28.145696, 0.0 ], [ 73.1257255, 28.1453927, 0.0 ] ], [ [ 73.1256695, 28.1453919, 0.0 ], [ 73.1256926, 28.1453922, 0.0 ], [ 73.1256874, 28.1456955, 0.0 ], [ 73.1256642, 28.1456952, 0.0 ], [ 73.1256695, 28.1453919, 0.0 ] ], [ [ 73.1257201, 28.1457044, 0.0 ], [ 73.1257432, 28.1457047, 0.0 ], [ 73.1257379, 28.1460079, 0.0 ], [ 73.1257148, 28.1460076, 0.0 ], [ 73.1257201, 28.1457044, 0.0 ] ], [ [ 73.1256641, 28.1457036, 0.0 ], [ 73.1256872, 28.1457039, 0.0 ], [ 73.1256819, 28.1460072, 0.0 ], [ 73.1256588, 28.1460069, 0.0 ], [ 73.1256641, 28.1457036, 0.0 ] ], [ [ 73.1255596, 28.1484884, 0.0 ], [ 73.1255827, 28.1484888, 0.0 ], [ 73.1255774, 28.148792, 0.0 ], [ 73.1255543, 28.1487917, 0.0 ], [ 73.1255596, 28.1484884, 0.0 ] ], [ [ 73.1255036, 28.1484877, 0.0 ], [ 73.1255267, 28.148488, 0.0 ], [ 73.1255214, 28.1487913, 0.0 ], [ 73.1254983, 28.1487909, 0.0 ], [ 73.1255036, 28.1484877, 0.0 ] ], [ [ 73.1255541, 28.1488001, 0.0 ], [ 73.1255773, 28.1488004, 0.0 ], [ 73.125572, 28.1491037, 0.0 ], [ 73.1255489, 28.1491034, 0.0 ], [ 73.1255541, 28.1488001, 0.0 ] ], [ [ 73.1254982, 28.1487994, 0.0 ], [ 73.1255213, 28.1487997, 0.0 ], [ 73.125516, 28.1491029, 0.0 ], [ 73.1254929, 28.1491026, 0.0 ], [ 73.1254982, 28.1487994, 0.0 ] ], [ [ 73.1255704, 28.147869, 0.0 ], [ 73.1255935, 28.1478693, 0.0 ], [ 73.1255882, 28.1481726, 0.0 ], [ 73.1255651, 28.1481723, 0.0 ], [ 73.1255704, 28.147869, 0.0 ] ], [ [ 73.1255144, 28.1478682, 0.0 ], [ 73.1255375, 28.1478685, 0.0 ], [ 73.1255322, 28.1481718, 0.0 ], [ 73.1255091, 28.1481715, 0.0 ], [ 73.1255144, 28.1478682, 0.0 ] ], [ [ 73.1255649, 28.1481807, 0.0 ], [ 73.1255881, 28.148181, 0.0 ], [ 73.1255828, 28.1484843, 0.0 ], [ 73.1255597, 28.1484839, 0.0 ], [ 73.1255649, 28.1481807, 0.0 ] ], [ [ 73.125509, 28.1481799, 0.0 ], [ 73.1255321, 28.1481802, 0.0 ], [ 73.1255268, 28.1484835, 0.0 ], [ 73.1255037, 28.1484832, 0.0 ], [ 73.125509, 28.1481799, 0.0 ] ], [ [ 73.1255812, 28.1472495, 0.0 ], [ 73.1256043, 28.1472498, 0.0 ], [ 73.125599, 28.1475531, 0.0 ], [ 73.1255759, 28.1475528, 0.0 ], [ 73.1255812, 28.1472495, 0.0 ] ], [ [ 73.1255252, 28.1472488, 0.0 ], [ 73.1255483, 28.1472491, 0.0 ], [ 73.125543, 28.1475523, 0.0 ], [ 73.1255199, 28.147552, 0.0 ], [ 73.1255252, 28.1472488, 0.0 ] ], [ [ 73.1255757, 28.1475612, 0.0 ], [ 73.1255989, 28.1475615, 0.0 ], [ 73.1255936, 28.1478648, 0.0 ], [ 73.1255704, 28.1478645, 0.0 ], [ 73.1255757, 28.1475612, 0.0 ] ], [ [ 73.1255197, 28.1475604, 0.0 ], [ 73.1255429, 28.1475608, 0.0 ], [ 73.1255376, 28.147864, 0.0 ], [ 73.1255145, 28.1478637, 0.0 ], [ 73.1255197, 28.1475604, 0.0 ] ], [ [ 73.1255919, 28.1466301, 0.0 ], [ 73.1256151, 28.1466304, 0.0 ], [ 73.1256098, 28.1469337, 0.0 ], [ 73.1255867, 28.1469333, 0.0 ], [ 73.1255919, 28.1466301, 0.0 ] ], [ [ 73.125536, 28.1466293, 0.0 ], [ 73.1255591, 28.1466296, 0.0 ], [ 73.1255538, 28.1469329, 0.0 ], [ 73.1255307, 28.1469326, 0.0 ], [ 73.125536, 28.1466293, 0.0 ] ], [ [ 73.1255865, 28.1469418, 0.0 ], [ 73.1256096, 28.1469421, 0.0 ], [ 73.1256044, 28.1472453, 0.0 ], [ 73.1255812, 28.147245, 0.0 ], [ 73.1255865, 28.1469418, 0.0 ] ], [ [ 73.1255305, 28.146941, 0.0 ], [ 73.1255537, 28.1469413, 0.0 ], [ 73.1255484, 28.1472446, 0.0 ], [ 73.1255253, 28.1472443, 0.0 ], [ 73.1255305, 28.146941, 0.0 ] ], [ [ 73.1256027, 28.1460106, 0.0 ], [ 73.1256259, 28.1460109, 0.0 ], [ 73.1256206, 28.1463142, 0.0 ], [ 73.1255975, 28.1463139, 0.0 ], [ 73.1256027, 28.1460106, 0.0 ] ], [ [ 73.1255468, 28.1460098, 0.0 ], [ 73.1255699, 28.1460102, 0.0 ], [ 73.1255646, 28.1463134, 0.0 ], [ 73.1255415, 28.1463131, 0.0 ], [ 73.1255468, 28.1460098, 0.0 ] ], [ [ 73.1255973, 28.1463223, 0.0 ], [ 73.1256204, 28.1463226, 0.0 ], [ 73.1256152, 28.1466259, 0.0 ], [ 73.125592, 28.1466256, 0.0 ], [ 73.1255973, 28.1463223, 0.0 ] ], [ [ 73.1255413, 28.1463215, 0.0 ], [ 73.1255644, 28.1463218, 0.0 ], [ 73.1255592, 28.1466251, 0.0 ], [ 73.125536, 28.1466248, 0.0 ], [ 73.1255413, 28.1463215, 0.0 ] ], [ [ 73.1256135, 28.1453912, 0.0 ], [ 73.1256366, 28.1453915, 0.0 ], [ 73.1256314, 28.1456947, 0.0 ], [ 73.1256082, 28.1456944, 0.0 ], [ 73.1256135, 28.1453912, 0.0 ] ], [ [ 73.1255575, 28.1453904, 0.0 ], [ 73.1255807, 28.1453907, 0.0 ], [ 73.1255754, 28.145694, 0.0 ], [ 73.1255523, 28.1456937, 0.0 ], [ 73.1255575, 28.1453904, 0.0 ] ], [ [ 73.1256081, 28.1457028, 0.0 ], [ 73.1256312, 28.1457032, 0.0 ], [ 73.1256259, 28.1460064, 0.0 ], [ 73.1256028, 28.1460061, 0.0 ], [ 73.1256081, 28.1457028, 0.0 ] ], [ [ 73.1255521, 28.1457021, 0.0 ], [ 73.1255752, 28.1457024, 0.0 ], [ 73.12557, 28.1460057, 0.0 ], [ 73.1255468, 28.1460053, 0.0 ], [ 73.1255521, 28.1457021, 0.0 ] ], [ [ 73.1254476, 28.1484869, 0.0 ], [ 73.1254707, 28.1484872, 0.0 ], [ 73.1254655, 28.1487905, 0.0 ], [ 73.1254423, 28.1487902, 0.0 ], [ 73.1254476, 28.1484869, 0.0 ] ], [ [ 73.1253916, 28.1484861, 0.0 ], [ 73.1254147, 28.1484865, 0.0 ], [ 73.1254095, 28.1487897, 0.0 ], [ 73.1253863, 28.1487894, 0.0 ], [ 73.1253916, 28.1484861, 0.0 ] ], [ [ 73.1254422, 28.1487986, 0.0 ], [ 73.1254653, 28.1487989, 0.0 ], [ 73.12546, 28.1491022, 0.0 ], [ 73.1254369, 28.1491019, 0.0 ], [ 73.1254422, 28.1487986, 0.0 ] ], [ [ 73.1253862, 28.1487978, 0.0 ], [ 73.1254093, 28.1487981, 0.0 ], [ 73.125404, 28.1491014, 0.0 ], [ 73.1253809, 28.1491011, 0.0 ], [ 73.1253862, 28.1487978, 0.0 ] ], [ [ 73.1254584, 28.1478675, 0.0 ], [ 73.1254815, 28.1478678, 0.0 ], [ 73.1254762, 28.148171, 0.0 ], [ 73.1254531, 28.1481707, 0.0 ], [ 73.1254584, 28.1478675, 0.0 ] ], [ [ 73.1254024, 28.1478667, 0.0 ], [ 73.1254255, 28.147867, 0.0 ], [ 73.1254203, 28.1481703, 0.0 ], [ 73.1253971, 28.14817, 0.0 ], [ 73.1254024, 28.1478667, 0.0 ] ], [ [ 73.125453, 28.1481791, 0.0 ], [ 73.1254761, 28.1481795, 0.0 ], [ 73.1254708, 28.1484827, 0.0 ], [ 73.1254477, 28.1484824, 0.0 ], [ 73.125453, 28.1481791, 0.0 ] ], [ [ 73.125397, 28.1481784, 0.0 ], [ 73.1254201, 28.1481787, 0.0 ], [ 73.1254148, 28.148482, 0.0 ], [ 73.1253917, 28.1484816, 0.0 ], [ 73.125397, 28.1481784, 0.0 ] ], [ [ 73.1254692, 28.147248, 0.0 ], [ 73.1254923, 28.1472483, 0.0 ], [ 73.125487, 28.1475516, 0.0 ], [ 73.1254639, 28.1475513, 0.0 ], [ 73.1254692, 28.147248, 0.0 ] ], [ [ 73.1254132, 28.1472472, 0.0 ], [ 73.1254363, 28.1472475, 0.0 ], [ 73.125431, 28.1475508, 0.0 ], [ 73.1254079, 28.1475505, 0.0 ], [ 73.1254132, 28.1472472, 0.0 ] ], [ [ 73.1254638, 28.1475597, 0.0 ], [ 73.1254869, 28.14756, 0.0 ], [ 73.1254816, 28.1478633, 0.0 ], [ 73.1254585, 28.1478629, 0.0 ], [ 73.1254638, 28.1475597, 0.0 ] ], [ [ 73.1254078, 28.1475589, 0.0 ], [ 73.1254309, 28.1475592, 0.0 ], [ 73.1254256, 28.1478625, 0.0 ], [ 73.1254025, 28.1478622, 0.0 ], [ 73.1254078, 28.1475589, 0.0 ] ], [ [ 73.12548, 28.1466285, 0.0 ], [ 73.1255031, 28.1466289, 0.0 ], [ 73.1254978, 28.1469321, 0.0 ], [ 73.1254747, 28.1469318, 0.0 ], [ 73.12548, 28.1466285, 0.0 ] ], [ [ 73.125424, 28.1466278, 0.0 ], [ 73.1254471, 28.1466281, 0.0 ], [ 73.1254418, 28.1469314, 0.0 ], [ 73.1254187, 28.146931, 0.0 ], [ 73.125424, 28.1466278, 0.0 ] ], [ [ 73.1254745, 28.1469402, 0.0 ], [ 73.1254977, 28.1469405, 0.0 ], [ 73.1254924, 28.1472438, 0.0 ], [ 73.1254693, 28.1472435, 0.0 ], [ 73.1254745, 28.1469402, 0.0 ] ], [ [ 73.1254186, 28.1469395, 0.0 ], [ 73.1254417, 28.1469398, 0.0 ], [ 73.1254364, 28.147243, 0.0 ], [ 73.1254133, 28.1472427, 0.0 ], [ 73.1254186, 28.1469395, 0.0 ] ], [ [ 73.1254908, 28.1460091, 0.0 ], [ 73.1255139, 28.1460094, 0.0 ], [ 73.1255086, 28.1463127, 0.0 ], [ 73.1254855, 28.1463123, 0.0 ], [ 73.1254908, 28.1460091, 0.0 ] ], [ [ 73.1254348, 28.1460083, 0.0 ], [ 73.1254579, 28.1460086, 0.0 ], [ 73.1254526, 28.1463119, 0.0 ], [ 73.1254295, 28.1463116, 0.0 ], [ 73.1254348, 28.1460083, 0.0 ] ], [ [ 73.1254853, 28.1463208, 0.0 ], [ 73.1255085, 28.1463211, 0.0 ], [ 73.1255032, 28.1466243, 0.0 ], [ 73.1254801, 28.146624, 0.0 ], [ 73.1254853, 28.1463208, 0.0 ] ], [ [ 73.1254294, 28.14632, 0.0 ], [ 73.1254525, 28.1463203, 0.0 ], [ 73.1254472, 28.1466236, 0.0 ], [ 73.1254241, 28.1466233, 0.0 ], [ 73.1254294, 28.14632, 0.0 ] ], [ [ 73.1255016, 28.1453896, 0.0 ], [ 73.1255247, 28.1453899, 0.0 ], [ 73.1255194, 28.1456932, 0.0 ], [ 73.1254963, 28.1456929, 0.0 ], [ 73.1255016, 28.1453896, 0.0 ] ], [ [ 73.1254456, 28.1453889, 0.0 ], [ 73.1254687, 28.1453892, 0.0 ], [ 73.1254634, 28.1456924, 0.0 ], [ 73.1254403, 28.1456921, 0.0 ], [ 73.1254456, 28.1453889, 0.0 ] ], [ [ 73.1254961, 28.1457013, 0.0 ], [ 73.1255193, 28.1457016, 0.0 ], [ 73.125514, 28.1460049, 0.0 ], [ 73.1254908, 28.1460046, 0.0 ], [ 73.1254961, 28.1457013, 0.0 ] ], [ [ 73.1254401, 28.1457005, 0.0 ], [ 73.1254633, 28.1457009, 0.0 ], [ 73.125458, 28.1460041, 0.0 ], [ 73.1254349, 28.1460038, 0.0 ], [ 73.1254401, 28.1457005, 0.0 ] ], [ [ 73.1253356, 28.1484854, 0.0 ], [ 73.1253588, 28.1484857, 0.0 ], [ 73.1253535, 28.148789, 0.0 ], [ 73.1253304, 28.1487886, 0.0 ], [ 73.1253356, 28.1484854, 0.0 ] ], [ [ 73.1252797, 28.1484846, 0.0 ], [ 73.1253028, 28.1484849, 0.0 ], [ 73.1252975, 28.1487882, 0.0 ], [ 73.1252744, 28.1487879, 0.0 ], [ 73.1252797, 28.1484846, 0.0 ] ], [ [ 73.1253302, 28.1487971, 0.0 ], [ 73.1253533, 28.1487974, 0.0 ], [ 73.125348, 28.1491006, 0.0 ], [ 73.1253249, 28.1491003, 0.0 ], [ 73.1253302, 28.1487971, 0.0 ] ], [ [ 73.1252742, 28.1487963, 0.0 ], [ 73.1252973, 28.1487966, 0.0 ], [ 73.1252921, 28.1490999, 0.0 ], [ 73.1252689, 28.1490996, 0.0 ], [ 73.1252742, 28.1487963, 0.0 ] ], [ [ 73.1253464, 28.1478659, 0.0 ], [ 73.1253696, 28.1478662, 0.0 ], [ 73.1253643, 28.1481695, 0.0 ], [ 73.1253411, 28.1481692, 0.0 ], [ 73.1253464, 28.1478659, 0.0 ] ], [ [ 73.1252904, 28.1478652, 0.0 ], [ 73.1253136, 28.1478655, 0.0 ], [ 73.1253083, 28.1481687, 0.0 ], [ 73.1252852, 28.1481684, 0.0 ], [ 73.1252904, 28.1478652, 0.0 ] ], [ [ 73.125341, 28.1481776, 0.0 ], [ 73.1253641, 28.1481779, 0.0 ], [ 73.1253588, 28.1484812, 0.0 ], [ 73.1253357, 28.1484809, 0.0 ], [ 73.125341, 28.1481776, 0.0 ] ], [ [ 73.125285, 28.1481768, 0.0 ], [ 73.1253081, 28.1481772, 0.0 ], [ 73.1253029, 28.1484804, 0.0 ], [ 73.1252797, 28.1484801, 0.0 ], [ 73.125285, 28.1481768, 0.0 ] ], [ [ 73.1253572, 28.1472465, 0.0 ], [ 73.1253803, 28.1472468, 0.0 ], [ 73.1253751, 28.14755, 0.0 ], [ 73.1253519, 28.1475497, 0.0 ], [ 73.1253572, 28.1472465, 0.0 ] ], [ [ 73.1253012, 28.1472457, 0.0 ], [ 73.1253244, 28.147246, 0.0 ], [ 73.1253191, 28.1475493, 0.0 ], [ 73.125296, 28.147549, 0.0 ], [ 73.1253012, 28.1472457, 0.0 ] ], [ [ 73.1253518, 28.1475581, 0.0 ], [ 73.1253749, 28.1475585, 0.0 ], [ 73.1253696, 28.1478617, 0.0 ], [ 73.1253465, 28.1478614, 0.0 ], [ 73.1253518, 28.1475581, 0.0 ] ], [ [ 73.1252958, 28.1475574, 0.0 ], [ 73.1253189, 28.1475577, 0.0 ], [ 73.1253136, 28.147861, 0.0 ], [ 73.1252905, 28.1478606, 0.0 ], [ 73.1252958, 28.1475574, 0.0 ] ], [ [ 73.125368, 28.146627, 0.0 ], [ 73.1253911, 28.1466273, 0.0 ], [ 73.1253859, 28.1469306, 0.0 ], [ 73.1253627, 28.1469303, 0.0 ], [ 73.125368, 28.146627, 0.0 ] ], [ [ 73.125312, 28.1466262, 0.0 ], [ 73.1253352, 28.1466266, 0.0 ], [ 73.1253299, 28.1469298, 0.0 ], [ 73.1253067, 28.1469295, 0.0 ], [ 73.125312, 28.1466262, 0.0 ] ], [ [ 73.1253626, 28.1469387, 0.0 ], [ 73.1253857, 28.146939, 0.0 ], [ 73.1253804, 28.1472423, 0.0 ], [ 73.1253573, 28.147242, 0.0 ], [ 73.1253626, 28.1469387, 0.0 ] ], [ [ 73.1253066, 28.1469379, 0.0 ], [ 73.1253297, 28.1469382, 0.0 ], [ 73.1253244, 28.1472415, 0.0 ], [ 73.1253013, 28.1472412, 0.0 ], [ 73.1253066, 28.1469379, 0.0 ] ], [ [ 73.1253788, 28.1460075, 0.0 ], [ 73.1254019, 28.1460079, 0.0 ], [ 73.1253966, 28.1463111, 0.0 ], [ 73.1253735, 28.1463108, 0.0 ], [ 73.1253788, 28.1460075, 0.0 ] ], [ [ 73.1253228, 28.1460068, 0.0 ], [ 73.1253459, 28.1460071, 0.0 ], [ 73.1253407, 28.1463104, 0.0 ], [ 73.1253175, 28.14631, 0.0 ], [ 73.1253228, 28.1460068, 0.0 ] ], [ [ 73.1253734, 28.1463192, 0.0 ], [ 73.1253965, 28.1463195, 0.0 ], [ 73.1253912, 28.1466228, 0.0 ], [ 73.1253681, 28.1466225, 0.0 ], [ 73.1253734, 28.1463192, 0.0 ] ], [ [ 73.1253174, 28.1463185, 0.0 ], [ 73.1253405, 28.1463188, 0.0 ], [ 73.1253352, 28.146622, 0.0 ], [ 73.1253121, 28.1466217, 0.0 ], [ 73.1253174, 28.1463185, 0.0 ] ], [ [ 73.1253896, 28.1453881, 0.0 ], [ 73.1254127, 28.1453884, 0.0 ], [ 73.1254074, 28.1456917, 0.0 ], [ 73.1253843, 28.1456914, 0.0 ], [ 73.1253896, 28.1453881, 0.0 ] ], [ [ 73.1253336, 28.1453873, 0.0 ], [ 73.1253567, 28.1453876, 0.0 ], [ 73.1253514, 28.1456909, 0.0 ], [ 73.1253283, 28.1456906, 0.0 ], [ 73.1253336, 28.1453873, 0.0 ] ], [ [ 73.1253842, 28.1456998, 0.0 ], [ 73.1254073, 28.1457001, 0.0 ], [ 73.125402, 28.1460034, 0.0 ], [ 73.1253789, 28.146003, 0.0 ], [ 73.1253842, 28.1456998, 0.0 ] ], [ [ 73.1253282, 28.145699, 0.0 ], [ 73.1253513, 28.1456993, 0.0 ], [ 73.125346, 28.1460026, 0.0 ], [ 73.1253229, 28.1460023, 0.0 ], [ 73.1253282, 28.145699, 0.0 ] ], [ [ 73.1252228, 28.1485362, 0.0 ], [ 73.1252459, 28.1485365, 0.0 ], [ 73.1252406, 28.1488398, 0.0 ], [ 73.1252175, 28.1488394, 0.0 ], [ 73.1252228, 28.1485362, 0.0 ] ], [ [ 73.1251668, 28.1485354, 0.0 ], [ 73.1251899, 28.1485357, 0.0 ], [ 73.1251846, 28.148839, 0.0 ], [ 73.1251615, 28.1488387, 0.0 ], [ 73.1251668, 28.1485354, 0.0 ] ], [ [ 73.1252173, 28.1488479, 0.0 ], [ 73.1252405, 28.1488482, 0.0 ], [ 73.1252352, 28.1491514, 0.0 ], [ 73.125212, 28.1491511, 0.0 ], [ 73.1252173, 28.1488479, 0.0 ] ], [ [ 73.1251613, 28.1488471, 0.0 ], [ 73.1251845, 28.1488474, 0.0 ], [ 73.1251792, 28.1491507, 0.0 ], [ 73.1251561, 28.1491504, 0.0 ], [ 73.1251613, 28.1488471, 0.0 ] ], [ [ 73.1252335, 28.1479167, 0.0 ], [ 73.1252567, 28.147917, 0.0 ], [ 73.1252514, 28.1482203, 0.0 ], [ 73.1252283, 28.14822, 0.0 ], [ 73.1252335, 28.1479167, 0.0 ] ], [ [ 73.1251776, 28.147916, 0.0 ], [ 73.1252007, 28.1479163, 0.0 ], [ 73.1251954, 28.1482195, 0.0 ], [ 73.1251723, 28.1482192, 0.0 ], [ 73.1251776, 28.147916, 0.0 ] ], [ [ 73.1252281, 28.1482284, 0.0 ], [ 73.1252512, 28.1482287, 0.0 ], [ 73.125246, 28.148532, 0.0 ], [ 73.1252228, 28.1485317, 0.0 ], [ 73.1252281, 28.1482284, 0.0 ] ], [ [ 73.1251721, 28.1482276, 0.0 ], [ 73.1251953, 28.148228, 0.0 ], [ 73.12519, 28.1485312, 0.0 ], [ 73.1251668, 28.1485309, 0.0 ], [ 73.1251721, 28.1482276, 0.0 ] ], [ [ 73.1252443, 28.1472973, 0.0 ], [ 73.1252675, 28.1472976, 0.0 ], [ 73.1252622, 28.1476008, 0.0 ], [ 73.1252391, 28.1476005, 0.0 ], [ 73.1252443, 28.1472973, 0.0 ] ], [ [ 73.1251884, 28.1472965, 0.0 ], [ 73.1252115, 28.1472968, 0.0 ], [ 73.1252062, 28.1476001, 0.0 ], [ 73.1251831, 28.1475998, 0.0 ], [ 73.1251884, 28.1472965, 0.0 ] ], [ [ 73.1252389, 28.1476089, 0.0 ], [ 73.125262, 28.1476093, 0.0 ], [ 73.1252568, 28.1479125, 0.0 ], [ 73.1252336, 28.1479122, 0.0 ], [ 73.1252389, 28.1476089, 0.0 ] ], [ [ 73.1251829, 28.1476082, 0.0 ], [ 73.125206, 28.1476085, 0.0 ], [ 73.1252008, 28.1479118, 0.0 ], [ 73.1251776, 28.1479114, 0.0 ], [ 73.1251829, 28.1476082, 0.0 ] ], [ [ 73.1252551, 28.1466778, 0.0 ], [ 73.1252783, 28.1466781, 0.0 ], [ 73.125273, 28.1469814, 0.0 ], [ 73.1252498, 28.1469811, 0.0 ], [ 73.1252551, 28.1466778, 0.0 ] ], [ [ 73.1251991, 28.146677, 0.0 ], [ 73.1252223, 28.1466774, 0.0 ], [ 73.125217, 28.1469806, 0.0 ], [ 73.1251939, 28.1469803, 0.0 ], [ 73.1251991, 28.146677, 0.0 ] ], [ [ 73.1252497, 28.1469895, 0.0 ], [ 73.1252728, 28.1469898, 0.0 ], [ 73.1252675, 28.1472931, 0.0 ], [ 73.1252444, 28.1472928, 0.0 ], [ 73.1252497, 28.1469895, 0.0 ] ], [ [ 73.1251937, 28.1469887, 0.0 ], [ 73.1252168, 28.146989, 0.0 ], [ 73.1252116, 28.1472923, 0.0 ], [ 73.1251884, 28.147292, 0.0 ], [ 73.1251937, 28.1469887, 0.0 ] ], [ [ 73.1252659, 28.1460583, 0.0 ], [ 73.125289, 28.1460587, 0.0 ], [ 73.1252838, 28.1463619, 0.0 ], [ 73.1252606, 28.1463616, 0.0 ], [ 73.1252659, 28.1460583, 0.0 ] ], [ [ 73.1252099, 28.1460576, 0.0 ], [ 73.1252331, 28.1460579, 0.0 ], [ 73.1252278, 28.1463612, 0.0 ], [ 73.1252047, 28.1463608, 0.0 ], [ 73.1252099, 28.1460576, 0.0 ] ], [ [ 73.1252605, 28.14637, 0.0 ], [ 73.1252836, 28.1463703, 0.0 ], [ 73.1252783, 28.1466736, 0.0 ], [ 73.1252552, 28.1466733, 0.0 ], [ 73.1252605, 28.14637, 0.0 ] ], [ [ 73.1252045, 28.1463693, 0.0 ], [ 73.1252276, 28.1463696, 0.0 ], [ 73.1252223, 28.1466728, 0.0 ], [ 73.1251992, 28.1466725, 0.0 ], [ 73.1252045, 28.1463693, 0.0 ] ], [ [ 73.1252767, 28.1454389, 0.0 ], [ 73.1252998, 28.1454392, 0.0 ], [ 73.1252946, 28.1457425, 0.0 ], [ 73.1252714, 28.1457422, 0.0 ], [ 73.1252767, 28.1454389, 0.0 ] ], [ [ 73.1252207, 28.1454381, 0.0 ], [ 73.1252439, 28.1454384, 0.0 ], [ 73.1252386, 28.1457417, 0.0 ], [ 73.1252154, 28.1457414, 0.0 ], [ 73.1252207, 28.1454381, 0.0 ] ], [ [ 73.1252713, 28.1457506, 0.0 ], [ 73.1252944, 28.1457509, 0.0 ], [ 73.1252891, 28.1460542, 0.0 ], [ 73.125266, 28.1460538, 0.0 ], [ 73.1252713, 28.1457506, 0.0 ] ], [ [ 73.1252153, 28.1457498, 0.0 ], [ 73.1252384, 28.1457501, 0.0 ], [ 73.1252331, 28.1460534, 0.0 ], [ 73.12521, 28.1460531, 0.0 ], [ 73.1252153, 28.1457498, 0.0 ] ], [ [ 73.1251108, 28.1485346, 0.0 ], [ 73.1251339, 28.148535, 0.0 ], [ 73.1251286, 28.1488382, 0.0 ], [ 73.1251055, 28.1488379, 0.0 ], [ 73.1251108, 28.1485346, 0.0 ] ], [ [ 73.1250548, 28.1485339, 0.0 ], [ 73.1250779, 28.1485342, 0.0 ], [ 73.1250726, 28.1488375, 0.0 ], [ 73.1250495, 28.1488371, 0.0 ], [ 73.1250548, 28.1485339, 0.0 ] ], [ [ 73.1251054, 28.1488463, 0.0 ], [ 73.1251285, 28.1488466, 0.0 ], [ 73.1251232, 28.1491499, 0.0 ], [ 73.1251001, 28.1491496, 0.0 ], [ 73.1251054, 28.1488463, 0.0 ] ], [ [ 73.1250494, 28.1488456, 0.0 ], [ 73.1250725, 28.1488459, 0.0 ], [ 73.1250672, 28.1491491, 0.0 ], [ 73.1250441, 28.1491488, 0.0 ], [ 73.1250494, 28.1488456, 0.0 ] ], [ [ 73.1251216, 28.1479152, 0.0 ], [ 73.1251447, 28.1479155, 0.0 ], [ 73.1251394, 28.1482188, 0.0 ], [ 73.1251163, 28.1482185, 0.0 ], [ 73.1251216, 28.1479152, 0.0 ] ], [ [ 73.1250656, 28.1479144, 0.0 ], [ 73.1250887, 28.1479147, 0.0 ], [ 73.1250834, 28.148218, 0.0 ], [ 73.1250603, 28.1482177, 0.0 ], [ 73.1250656, 28.1479144, 0.0 ] ], [ [ 73.1251161, 28.1482269, 0.0 ], [ 73.1251393, 28.1482272, 0.0 ], [ 73.125134, 28.1485305, 0.0 ], [ 73.1251109, 28.1485301, 0.0 ], [ 73.1251161, 28.1482269, 0.0 ] ], [ [ 73.1250602, 28.1482261, 0.0 ], [ 73.1250833, 28.1482264, 0.0 ], [ 73.125078, 28.1485297, 0.0 ], [ 73.1250549, 28.1485294, 0.0 ], [ 73.1250602, 28.1482261, 0.0 ] ], [ [ 73.1251324, 28.1472957, 0.0 ], [ 73.1251555, 28.147296, 0.0 ], [ 73.1251502, 28.1475993, 0.0 ], [ 73.1251271, 28.147599, 0.0 ], [ 73.1251324, 28.1472957, 0.0 ] ], [ [ 73.1250764, 28.147295, 0.0 ], [ 73.1250995, 28.1472953, 0.0 ], [ 73.1250942, 28.1475985, 0.0 ], [ 73.1250711, 28.1475982, 0.0 ], [ 73.1250764, 28.147295, 0.0 ] ], [ [ 73.1251269, 28.1476074, 0.0 ], [ 73.1251501, 28.1476077, 0.0 ], [ 73.1251448, 28.147911, 0.0 ], [ 73.1251217, 28.1479107, 0.0 ], [ 73.1251269, 28.1476074, 0.0 ] ], [ [ 73.125071, 28.1476066, 0.0 ], [ 73.1250941, 28.147607, 0.0 ], [ 73.1250888, 28.1479102, 0.0 ], [ 73.1250657, 28.1479099, 0.0 ], [ 73.125071, 28.1476066, 0.0 ] ], [ [ 73.1251432, 28.1466763, 0.0 ], [ 73.1251663, 28.1466766, 0.0 ], [ 73.125161, 28.1469799, 0.0 ], [ 73.1251379, 28.1469795, 0.0 ], [ 73.1251432, 28.1466763, 0.0 ] ], [ [ 73.1250872, 28.1466755, 0.0 ], [ 73.1251103, 28.1466758, 0.0 ], [ 73.125105, 28.1469791, 0.0 ], [ 73.1250819, 28.1469788, 0.0 ], [ 73.1250872, 28.1466755, 0.0 ] ], [ [ 73.1251377, 28.146988, 0.0 ], [ 73.1251609, 28.1469883, 0.0 ], [ 73.1251556, 28.1472915, 0.0 ], [ 73.1251324, 28.1472912, 0.0 ], [ 73.1251377, 28.146988, 0.0 ] ], [ [ 73.1250817, 28.1469872, 0.0 ], [ 73.1251049, 28.1469875, 0.0 ], [ 73.1250996, 28.1472908, 0.0 ], [ 73.1250765, 28.1472905, 0.0 ], [ 73.1250817, 28.1469872, 0.0 ] ], [ [ 73.125154, 28.1460568, 0.0 ], [ 73.1251771, 28.1460571, 0.0 ], [ 73.1251718, 28.1463604, 0.0 ], [ 73.1251487, 28.1463601, 0.0 ], [ 73.125154, 28.1460568, 0.0 ] ], [ [ 73.125098, 28.146056, 0.0 ], [ 73.1251211, 28.1460564, 0.0 ], [ 73.1251158, 28.1463596, 0.0 ], [ 73.1250927, 28.1463593, 0.0 ], [ 73.125098, 28.146056, 0.0 ] ], [ [ 73.1251485, 28.1463685, 0.0 ], [ 73.1251716, 28.1463688, 0.0 ], [ 73.1251664, 28.1466721, 0.0 ], [ 73.1251432, 28.1466718, 0.0 ], [ 73.1251485, 28.1463685, 0.0 ] ], [ [ 73.1250925, 28.1463677, 0.0 ], [ 73.1251157, 28.146368, 0.0 ], [ 73.1251104, 28.1466713, 0.0 ], [ 73.1250873, 28.146671, 0.0 ], [ 73.1250925, 28.1463677, 0.0 ] ], [ [ 73.1251647, 28.1454374, 0.0 ], [ 73.1251879, 28.1454377, 0.0 ], [ 73.1251826, 28.1457409, 0.0 ], [ 73.1251595, 28.1457406, 0.0 ], [ 73.1251647, 28.1454374, 0.0 ] ], [ [ 73.1251088, 28.1454366, 0.0 ], [ 73.1251319, 28.1454369, 0.0 ], [ 73.1251266, 28.1457402, 0.0 ], [ 73.1251035, 28.1457399, 0.0 ], [ 73.1251088, 28.1454366, 0.0 ] ], [ [ 73.1251593, 28.145749, 0.0 ], [ 73.1251824, 28.1457494, 0.0 ], [ 73.1251772, 28.1460526, 0.0 ], [ 73.125154, 28.1460523, 0.0 ], [ 73.1251593, 28.145749, 0.0 ] ], [ [ 73.1251033, 28.1457483, 0.0 ], [ 73.1251265, 28.1457486, 0.0 ], [ 73.1251212, 28.1460519, 0.0 ], [ 73.125098, 28.1460515, 0.0 ], [ 73.1251033, 28.1457483, 0.0 ] ], [ [ 73.1249988, 28.1485331, 0.0 ], [ 73.1250219, 28.1485334, 0.0 ], [ 73.1250167, 28.1488367, 0.0 ], [ 73.1249935, 28.1488364, 0.0 ], [ 73.1249988, 28.1485331, 0.0 ] ], [ [ 73.1249428, 28.1485323, 0.0 ], [ 73.124966, 28.1485327, 0.0 ], [ 73.1249607, 28.1488359, 0.0 ], [ 73.1249375, 28.1488356, 0.0 ], [ 73.1249428, 28.1485323, 0.0 ] ], [ [ 73.1249934, 28.1488448, 0.0 ], [ 73.1250165, 28.1488451, 0.0 ], [ 73.1250112, 28.1491484, 0.0 ], [ 73.1249881, 28.1491481, 0.0 ], [ 73.1249934, 28.1488448, 0.0 ] ], [ [ 73.1249374, 28.148844, 0.0 ], [ 73.1249605, 28.1488443, 0.0 ], [ 73.1249552, 28.1491476, 0.0 ], [ 73.1249321, 28.1491473, 0.0 ], [ 73.1249374, 28.148844, 0.0 ] ], [ [ 73.1250096, 28.1479137, 0.0 ], [ 73.1250327, 28.147914, 0.0 ], [ 73.1250274, 28.1482172, 0.0 ], [ 73.1250043, 28.1482169, 0.0 ], [ 73.1250096, 28.1479137, 0.0 ] ], [ [ 73.1249536, 28.1479129, 0.0 ], [ 73.1249767, 28.1479132, 0.0 ], [ 73.1249715, 28.1482165, 0.0 ], [ 73.1249483, 28.1482162, 0.0 ], [ 73.1249536, 28.1479129, 0.0 ] ], [ [ 73.1250042, 28.1482253, 0.0 ], [ 73.1250273, 28.1482257, 0.0 ], [ 73.125022, 28.1485289, 0.0 ], [ 73.1249989, 28.1485286, 0.0 ], [ 73.1250042, 28.1482253, 0.0 ] ], [ [ 73.1249482, 28.1482246, 0.0 ], [ 73.1249713, 28.1482249, 0.0 ], [ 73.124966, 28.1485282, 0.0 ], [ 73.1249429, 28.1485278, 0.0 ], [ 73.1249482, 28.1482246, 0.0 ] ], [ [ 73.1250204, 28.1472942, 0.0 ], [ 73.1250435, 28.1472945, 0.0 ], [ 73.1250382, 28.1475978, 0.0 ], [ 73.1250151, 28.1475975, 0.0 ], [ 73.1250204, 28.1472942, 0.0 ] ], [ [ 73.1249644, 28.1472934, 0.0 ], [ 73.1249875, 28.1472937, 0.0 ], [ 73.1249823, 28.147597, 0.0 ], [ 73.1249591, 28.1475967, 0.0 ], [ 73.1249644, 28.1472934, 0.0 ] ], [ [ 73.125015, 28.1476059, 0.0 ], [ 73.1250381, 28.1476062, 0.0 ], [ 73.1250328, 28.1479095, 0.0 ], [ 73.1250097, 28.1479091, 0.0 ], [ 73.125015, 28.1476059, 0.0 ] ], [ [ 73.124959, 28.1476051, 0.0 ], [ 73.1249821, 28.1476054, 0.0 ], [ 73.1249768, 28.1479087, 0.0 ], [ 73.1249537, 28.1479084, 0.0 ], [ 73.124959, 28.1476051, 0.0 ] ], [ [ 73.1250312, 28.1466747, 0.0 ], [ 73.1250543, 28.1466751, 0.0 ], [ 73.125049, 28.1469783, 0.0 ], [ 73.1250259, 28.146978, 0.0 ], [ 73.1250312, 28.1466747, 0.0 ] ], [ [ 73.1249752, 28.146674, 0.0 ], [ 73.1249983, 28.1466743, 0.0 ], [ 73.1249931, 28.1469776, 0.0 ], [ 73.1249699, 28.1469772, 0.0 ], [ 73.1249752, 28.146674, 0.0 ] ], [ [ 73.1250258, 28.1469864, 0.0 ], [ 73.1250489, 28.1469867, 0.0 ], [ 73.1250436, 28.14729, 0.0 ], [ 73.1250205, 28.1472897, 0.0 ], [ 73.1250258, 28.1469864, 0.0 ] ], [ [ 73.1249698, 28.1469857, 0.0 ], [ 73.1249929, 28.146986, 0.0 ], [ 73.1249876, 28.1472892, 0.0 ], [ 73.1249645, 28.1472889, 0.0 ], [ 73.1249698, 28.1469857, 0.0 ] ], [ [ 73.125042, 28.1460553, 0.0 ], [ 73.1250651, 28.1460556, 0.0 ], [ 73.1250598, 28.1463589, 0.0 ], [ 73.1250367, 28.1463585, 0.0 ], [ 73.125042, 28.1460553, 0.0 ] ], [ [ 73.124986, 28.1460545, 0.0 ], [ 73.1250091, 28.1460548, 0.0 ], [ 73.1250038, 28.1463581, 0.0 ], [ 73.1249807, 28.1463578, 0.0 ], [ 73.124986, 28.1460545, 0.0 ] ], [ [ 73.1250366, 28.146367, 0.0 ], [ 73.1250597, 28.1463673, 0.0 ], [ 73.1250544, 28.1466705, 0.0 ], [ 73.1250313, 28.1466702, 0.0 ], [ 73.1250366, 28.146367, 0.0 ] ], [ [ 73.1249806, 28.1463662, 0.0 ], [ 73.1250037, 28.1463665, 0.0 ], [ 73.1249984, 28.1466698, 0.0 ], [ 73.1249753, 28.1466695, 0.0 ], [ 73.1249806, 28.1463662, 0.0 ] ], [ [ 73.1250528, 28.1454358, 0.0 ], [ 73.1250759, 28.1454361, 0.0 ], [ 73.1250706, 28.1457394, 0.0 ], [ 73.1250475, 28.1457391, 0.0 ], [ 73.1250528, 28.1454358, 0.0 ] ], [ [ 73.1249968, 28.1454351, 0.0 ], [ 73.1250199, 28.1454354, 0.0 ], [ 73.1250146, 28.1457386, 0.0 ], [ 73.1249915, 28.1457383, 0.0 ], [ 73.1249968, 28.1454351, 0.0 ] ], [ [ 73.1250473, 28.1457475, 0.0 ], [ 73.1250705, 28.1457478, 0.0 ], [ 73.1250652, 28.1460511, 0.0 ], [ 73.1250421, 28.1460508, 0.0 ], [ 73.1250473, 28.1457475, 0.0 ] ], [ [ 73.1249914, 28.1457467, 0.0 ], [ 73.1250145, 28.1457471, 0.0 ], [ 73.1250092, 28.1460503, 0.0 ], [ 73.1249861, 28.14605, 0.0 ], [ 73.1249914, 28.1457467, 0.0 ] ], [ [ 73.1248868, 28.1485316, 0.0 ], [ 73.12491, 28.1485319, 0.0 ], [ 73.1249047, 28.1488352, 0.0 ], [ 73.1248816, 28.1488348, 0.0 ], [ 73.1248868, 28.1485316, 0.0 ] ], [ [ 73.1248309, 28.1485308, 0.0 ], [ 73.124854, 28.1485311, 0.0 ], [ 73.1248487, 28.1488344, 0.0 ], [ 73.1248256, 28.1488341, 0.0 ], [ 73.1248309, 28.1485308, 0.0 ] ], [ [ 73.1248814, 28.1488433, 0.0 ], [ 73.1249045, 28.1488436, 0.0 ], [ 73.1248993, 28.1491468, 0.0 ], [ 73.1248761, 28.1491465, 0.0 ], [ 73.1248814, 28.1488433, 0.0 ] ], [ [ 73.1248254, 28.1488425, 0.0 ], [ 73.1248486, 28.1488428, 0.0 ], [ 73.1248433, 28.1491461, 0.0 ], [ 73.1248201, 28.1491458, 0.0 ], [ 73.1248254, 28.1488425, 0.0 ] ], [ [ 73.1248976, 28.1479121, 0.0 ], [ 73.1249208, 28.1479124, 0.0 ], [ 73.1249155, 28.1482157, 0.0 ], [ 73.1248924, 28.1482154, 0.0 ], [ 73.1248976, 28.1479121, 0.0 ] ], [ [ 73.1248417, 28.1479114, 0.0 ], [ 73.1248648, 28.1479117, 0.0 ], [ 73.1248595, 28.1482149, 0.0 ], [ 73.1248364, 28.1482146, 0.0 ], [ 73.1248417, 28.1479114, 0.0 ] ], [ [ 73.1248922, 28.1482238, 0.0 ], [ 73.1249153, 28.1482241, 0.0 ], [ 73.12491, 28.1485274, 0.0 ], [ 73.1248869, 28.1485271, 0.0 ], [ 73.1248922, 28.1482238, 0.0 ] ], [ [ 73.1248362, 28.148223, 0.0 ], [ 73.1248593, 28.1482234, 0.0 ], [ 73.1248541, 28.1485266, 0.0 ], [ 73.1248309, 28.1485263, 0.0 ], [ 73.1248362, 28.148223, 0.0 ] ], [ [ 73.1249084, 28.1472927, 0.0 ], [ 73.1249316, 28.147293, 0.0 ], [ 73.1249263, 28.1475962, 0.0 ], [ 73.1249031, 28.1475959, 0.0 ], [ 73.1249084, 28.1472927, 0.0 ] ], [ [ 73.1248524, 28.1472919, 0.0 ], [ 73.1248756, 28.1472922, 0.0 ], [ 73.1248703, 28.1475955, 0.0 ], [ 73.1248472, 28.1475952, 0.0 ], [ 73.1248524, 28.1472919, 0.0 ] ], [ [ 73.124903, 28.1476043, 0.0 ], [ 73.1249261, 28.1476047, 0.0 ], [ 73.1249208, 28.1479079, 0.0 ], [ 73.1248977, 28.1479076, 0.0 ], [ 73.124903, 28.1476043, 0.0 ] ], [ [ 73.124847, 28.1476036, 0.0 ], [ 73.1248701, 28.1476039, 0.0 ], [ 73.1248649, 28.1479072, 0.0 ], [ 73.1248417, 28.1479068, 0.0 ], [ 73.124847, 28.1476036, 0.0 ] ], [ [ 73.1249192, 28.1466732, 0.0 ], [ 73.1249423, 28.1466735, 0.0 ], [ 73.1249371, 28.1469768, 0.0 ], [ 73.1249139, 28.1469765, 0.0 ], [ 73.1249192, 28.1466732, 0.0 ] ], [ [ 73.1248632, 28.1466724, 0.0 ], [ 73.1248864, 28.1466728, 0.0 ], [ 73.1248811, 28.146976, 0.0 ], [ 73.124858, 28.1469757, 0.0 ], [ 73.1248632, 28.1466724, 0.0 ] ], [ [ 73.1249138, 28.1469849, 0.0 ], [ 73.1249369, 28.1469852, 0.0 ], [ 73.1249316, 28.1472885, 0.0 ], [ 73.1249085, 28.1472882, 0.0 ], [ 73.1249138, 28.1469849, 0.0 ] ], [ [ 73.1248578, 28.1469841, 0.0 ], [ 73.1248809, 28.1469844, 0.0 ], [ 73.1248757, 28.1472877, 0.0 ], [ 73.1248525, 28.1472874, 0.0 ], [ 73.1248578, 28.1469841, 0.0 ] ], [ [ 73.12493, 28.1460537, 0.0 ], [ 73.1249531, 28.1460541, 0.0 ], [ 73.1249479, 28.1463573, 0.0 ], [ 73.1249247, 28.146357, 0.0 ], [ 73.12493, 28.1460537, 0.0 ] ], [ [ 73.124874, 28.146053, 0.0 ], [ 73.1248972, 28.1460533, 0.0 ], [ 73.1248919, 28.1463566, 0.0 ], [ 73.1248687, 28.1463562, 0.0 ], [ 73.124874, 28.146053, 0.0 ] ], [ [ 73.1249246, 28.1463654, 0.0 ], [ 73.1249477, 28.1463657, 0.0 ], [ 73.1249424, 28.146669, 0.0 ], [ 73.1249193, 28.1466687, 0.0 ], [ 73.1249246, 28.1463654, 0.0 ] ], [ [ 73.1248686, 28.1463647, 0.0 ], [ 73.1248917, 28.146365, 0.0 ], [ 73.1248864, 28.1466682, 0.0 ], [ 73.1248633, 28.1466679, 0.0 ], [ 73.1248686, 28.1463647, 0.0 ] ], [ [ 73.1249408, 28.1454343, 0.0 ], [ 73.1249639, 28.1454346, 0.0 ], [ 73.1249587, 28.1457379, 0.0 ], [ 73.1249355, 28.1457376, 0.0 ], [ 73.1249408, 28.1454343, 0.0 ] ], [ [ 73.1248848, 28.1454335, 0.0 ], [ 73.124908, 28.1454338, 0.0 ], [ 73.1249027, 28.1457371, 0.0 ], [ 73.1248795, 28.1457368, 0.0 ], [ 73.1248848, 28.1454335, 0.0 ] ], [ [ 73.1249354, 28.145746, 0.0 ], [ 73.1249585, 28.1457463, 0.0 ], [ 73.1249532, 28.1460496, 0.0 ], [ 73.1249301, 28.1460492, 0.0 ], [ 73.1249354, 28.145746, 0.0 ] ], [ [ 73.1248794, 28.1457452, 0.0 ], [ 73.1249025, 28.1457455, 0.0 ], [ 73.1248972, 28.1460488, 0.0 ], [ 73.1248741, 28.1460485, 0.0 ], [ 73.1248794, 28.1457452, 0.0 ] ], [ [ 73.1247749, 28.14853, 0.0 ], [ 73.124798, 28.1485304, 0.0 ], [ 73.1247927, 28.1488336, 0.0 ], [ 73.1247696, 28.1488333, 0.0 ], [ 73.1247749, 28.14853, 0.0 ] ], [ [ 73.1247189, 28.1485293, 0.0 ], [ 73.124742, 28.1485296, 0.0 ], [ 73.1247367, 28.1488329, 0.0 ], [ 73.1247136, 28.1488325, 0.0 ], [ 73.1247189, 28.1485293, 0.0 ] ], [ [ 73.1247694, 28.1488417, 0.0 ], [ 73.1247926, 28.148842, 0.0 ], [ 73.1247873, 28.1491453, 0.0 ], [ 73.1247642, 28.149145, 0.0 ], [ 73.1247694, 28.1488417, 0.0 ] ], [ [ 73.1247135, 28.148841, 0.0 ], [ 73.1247366, 28.1488413, 0.0 ], [ 73.1247313, 28.1491445, 0.0 ], [ 73.1247082, 28.1491442, 0.0 ], [ 73.1247135, 28.148841, 0.0 ] ], [ [ 73.1247857, 28.1479106, 0.0 ], [ 73.1248088, 28.1479109, 0.0 ], [ 73.1248035, 28.1482142, 0.0 ], [ 73.1247804, 28.1482139, 0.0 ], [ 73.1247857, 28.1479106, 0.0 ] ], [ [ 73.1247297, 28.1479098, 0.0 ], [ 73.1247528, 28.1479101, 0.0 ], [ 73.1247475, 28.1482134, 0.0 ], [ 73.1247244, 28.1482131, 0.0 ], [ 73.1247297, 28.1479098, 0.0 ] ], [ [ 73.1247802, 28.1482223, 0.0 ], [ 73.1248034, 28.1482226, 0.0 ], [ 73.1247981, 28.1485259, 0.0 ], [ 73.124775, 28.1485255, 0.0 ], [ 73.1247802, 28.1482223, 0.0 ] ], [ [ 73.1247242, 28.1482215, 0.0 ], [ 73.1247474, 28.1482218, 0.0 ], [ 73.1247421, 28.1485251, 0.0 ], [ 73.124719, 28.1485248, 0.0 ], [ 73.1247242, 28.1482215, 0.0 ] ], [ [ 73.1247965, 28.1472911, 0.0 ], [ 73.1248196, 28.1472914, 0.0 ], [ 73.1248143, 28.1475947, 0.0 ], [ 73.1247912, 28.1475944, 0.0 ], [ 73.1247965, 28.1472911, 0.0 ] ], [ [ 73.1247405, 28.1472904, 0.0 ], [ 73.1247636, 28.1472907, 0.0 ], [ 73.1247583, 28.1475939, 0.0 ], [ 73.1247352, 28.1475936, 0.0 ], [ 73.1247405, 28.1472904, 0.0 ] ], [ [ 73.124791, 28.1476028, 0.0 ], [ 73.1248142, 28.1476031, 0.0 ], [ 73.1248089, 28.1479064, 0.0 ], [ 73.1247857, 28.1479061, 0.0 ], [ 73.124791, 28.1476028, 0.0 ] ], [ [ 73.124735, 28.147602, 0.0 ], [ 73.1247582, 28.1476024, 0.0 ], [ 73.1247529, 28.1479056, 0.0 ], [ 73.1247298, 28.1479053, 0.0 ], [ 73.124735, 28.147602, 0.0 ] ], [ [ 73.1248073, 28.1466717, 0.0 ], [ 73.1248304, 28.146672, 0.0 ], [ 73.1248251, 28.1469753, 0.0 ], [ 73.124802, 28.1469749, 0.0 ], [ 73.1248073, 28.1466717, 0.0 ] ], [ [ 73.1247513, 28.1466709, 0.0 ], [ 73.1247744, 28.1466712, 0.0 ], [ 73.1247691, 28.1469745, 0.0 ], [ 73.124746, 28.1469742, 0.0 ], [ 73.1247513, 28.1466709, 0.0 ] ], [ [ 73.1248018, 28.1469834, 0.0 ], [ 73.124825, 28.1469837, 0.0 ], [ 73.1248197, 28.1472869, 0.0 ], [ 73.1247965, 28.1472866, 0.0 ], [ 73.1248018, 28.1469834, 0.0 ] ], [ [ 73.1247458, 28.1469826, 0.0 ], [ 73.124769, 28.1469829, 0.0 ], [ 73.1247637, 28.1472862, 0.0 ], [ 73.1247406, 28.1472859, 0.0 ], [ 73.1247458, 28.1469826, 0.0 ] ], [ [ 73.124818, 28.1460522, 0.0 ], [ 73.1248412, 28.1460525, 0.0 ], [ 73.1248359, 28.1463558, 0.0 ], [ 73.1248128, 28.1463555, 0.0 ], [ 73.124818, 28.1460522, 0.0 ] ], [ [ 73.1247621, 28.1460514, 0.0 ], [ 73.1247852, 28.1460518, 0.0 ], [ 73.1247799, 28.146355, 0.0 ], [ 73.1247568, 28.1463547, 0.0 ], [ 73.1247621, 28.1460514, 0.0 ] ], [ [ 73.1248126, 28.1463639, 0.0 ], [ 73.1248357, 28.1463642, 0.0 ], [ 73.1248305, 28.1466675, 0.0 ], [ 73.1248073, 28.1466672, 0.0 ], [ 73.1248126, 28.1463639, 0.0 ] ], [ [ 73.1247566, 28.1463631, 0.0 ], [ 73.1247798, 28.1463634, 0.0 ], [ 73.1247745, 28.1466667, 0.0 ], [ 73.1247513, 28.1466664, 0.0 ], [ 73.1247566, 28.1463631, 0.0 ] ], [ [ 73.1248288, 28.1454328, 0.0 ], [ 73.124852, 28.1454331, 0.0 ], [ 73.1248467, 28.1457363, 0.0 ], [ 73.1248236, 28.145736, 0.0 ], [ 73.1248288, 28.1454328, 0.0 ] ], [ [ 73.1247729, 28.145432, 0.0 ], [ 73.124796, 28.1454323, 0.0 ], [ 73.1247907, 28.1457356, 0.0 ], [ 73.1247676, 28.1457353, 0.0 ], [ 73.1247729, 28.145432, 0.0 ] ], [ [ 73.1248234, 28.1457444, 0.0 ], [ 73.1248465, 28.1457448, 0.0 ], [ 73.1248413, 28.146048, 0.0 ], [ 73.1248181, 28.1460477, 0.0 ], [ 73.1248234, 28.1457444, 0.0 ] ], [ [ 73.1247674, 28.1457437, 0.0 ], [ 73.1247906, 28.145744, 0.0 ], [ 73.1247853, 28.1460473, 0.0 ], [ 73.1247621, 28.1460469, 0.0 ], [ 73.1247674, 28.1457437, 0.0 ] ], [ [ 73.1246629, 28.1485285, 0.0 ], [ 73.124686, 28.1485288, 0.0 ], [ 73.1246807, 28.1488321, 0.0 ], [ 73.1246576, 28.1488318, 0.0 ], [ 73.1246629, 28.1485285, 0.0 ] ], [ [ 73.1246069, 28.1485277, 0.0 ], [ 73.12463, 28.1485281, 0.0 ], [ 73.1246248, 28.1488313, 0.0 ], [ 73.1246016, 28.148831, 0.0 ], [ 73.1246069, 28.1485277, 0.0 ] ], [ [ 73.1246575, 28.1488402, 0.0 ], [ 73.1246806, 28.1488405, 0.0 ], [ 73.1246753, 28.1491438, 0.0 ], [ 73.1246522, 28.1491435, 0.0 ], [ 73.1246575, 28.1488402, 0.0 ] ], [ [ 73.1246015, 28.1488394, 0.0 ], [ 73.1246246, 28.1488397, 0.0 ], [ 73.1246193, 28.149143, 0.0 ], [ 73.1245962, 28.1491427, 0.0 ], [ 73.1246015, 28.1488394, 0.0 ] ], [ [ 73.1246737, 28.1479091, 0.0 ], [ 73.1246968, 28.1479094, 0.0 ], [ 73.1246915, 28.1482126, 0.0 ], [ 73.1246684, 28.1482123, 0.0 ], [ 73.1246737, 28.1479091, 0.0 ] ], [ [ 73.1246177, 28.1479083, 0.0 ], [ 73.1246408, 28.1479086, 0.0 ], [ 73.1246356, 28.1482119, 0.0 ], [ 73.1246124, 28.1482116, 0.0 ], [ 73.1246177, 28.1479083, 0.0 ] ], [ [ 73.1246683, 28.1482207, 0.0 ], [ 73.1246914, 28.1482211, 0.0 ], [ 73.1246861, 28.1485243, 0.0 ], [ 73.124663, 28.148524, 0.0 ], [ 73.1246683, 28.1482207, 0.0 ] ], [ [ 73.1246123, 28.14822, 0.0 ], [ 73.1246354, 28.1482203, 0.0 ], [ 73.1246301, 28.1485236, 0.0 ], [ 73.124607, 28.1485232, 0.0 ], [ 73.1246123, 28.14822, 0.0 ] ], [ [ 73.1227882, 28.146851, 0.0 ], [ 73.1228113, 28.1468513, 0.0 ], [ 73.122806, 28.1471546, 0.0 ], [ 73.1227829, 28.1471543, 0.0 ], [ 73.1227882, 28.146851, 0.0 ] ], [ [ 73.1227322, 28.1468502, 0.0 ], [ 73.1227554, 28.1468506, 0.0 ], [ 73.1227501, 28.1471538, 0.0 ], [ 73.1227269, 28.1471535, 0.0 ], [ 73.1227322, 28.1468502, 0.0 ] ], [ [ 73.1227828, 28.1471627, 0.0 ], [ 73.1228059, 28.147163, 0.0 ], [ 73.1228006, 28.1474663, 0.0 ], [ 73.1227775, 28.147466, 0.0 ], [ 73.1227828, 28.1471627, 0.0 ] ], [ [ 73.1227268, 28.1471619, 0.0 ], [ 73.1227499, 28.1471622, 0.0 ], [ 73.1227446, 28.1474655, 0.0 ], [ 73.1227215, 28.1474652, 0.0 ], [ 73.1227268, 28.1471619, 0.0 ] ], [ [ 73.122669, 28.147262, 0.0 ], [ 73.1226922, 28.1472623, 0.0 ], [ 73.1226869, 28.1475656, 0.0 ], [ 73.1226638, 28.1475653, 0.0 ], [ 73.122669, 28.147262, 0.0 ] ], [ [ 73.1226131, 28.1472612, 0.0 ], [ 73.1226362, 28.1472615, 0.0 ], [ 73.1226309, 28.1475648, 0.0 ], [ 73.1226078, 28.1475645, 0.0 ], [ 73.1226131, 28.1472612, 0.0 ] ], [ [ 73.1226636, 28.1475737, 0.0 ], [ 73.1226867, 28.147574, 0.0 ], [ 73.1226814, 28.1478773, 0.0 ], [ 73.1226583, 28.1478769, 0.0 ], [ 73.1226636, 28.1475737, 0.0 ] ], [ [ 73.1226076, 28.1475729, 0.0 ], [ 73.1226308, 28.1475732, 0.0 ], [ 73.1226255, 28.1478765, 0.0 ], [ 73.1226023, 28.1478762, 0.0 ], [ 73.1226076, 28.1475729, 0.0 ] ], [ [ 73.1225571, 28.1472605, 0.0 ], [ 73.1225802, 28.1472608, 0.0 ], [ 73.1225749, 28.147564, 0.0 ], [ 73.1225518, 28.1475637, 0.0 ], [ 73.1225571, 28.1472605, 0.0 ] ], [ [ 73.1225011, 28.1472597, 0.0 ], [ 73.1225242, 28.14726, 0.0 ], [ 73.1225189, 28.1475633, 0.0 ], [ 73.1224958, 28.147563, 0.0 ], [ 73.1225011, 28.1472597, 0.0 ] ], [ [ 73.1225516, 28.1475721, 0.0 ], [ 73.1225748, 28.1475725, 0.0 ], [ 73.1225695, 28.1478757, 0.0 ], [ 73.1225464, 28.1478754, 0.0 ], [ 73.1225516, 28.1475721, 0.0 ] ], [ [ 73.1224957, 28.1475714, 0.0 ], [ 73.1225188, 28.1475717, 0.0 ], [ 73.1225135, 28.147875, 0.0 ], [ 73.1224904, 28.1478746, 0.0 ], [ 73.1224957, 28.1475714, 0.0 ] ], [ [ 73.1224451, 28.1472589, 0.0 ], [ 73.1224682, 28.1472592, 0.0 ], [ 73.1224629, 28.1475625, 0.0 ], [ 73.1224398, 28.1475622, 0.0 ], [ 73.1224451, 28.1472589, 0.0 ] ], [ [ 73.1223891, 28.1472582, 0.0 ], [ 73.1224123, 28.1472585, 0.0 ], [ 73.122407, 28.1475617, 0.0 ], [ 73.1223838, 28.1475614, 0.0 ], [ 73.1223891, 28.1472582, 0.0 ] ], [ [ 73.1224397, 28.1475706, 0.0 ], [ 73.1224628, 28.1475709, 0.0 ], [ 73.1224575, 28.1478742, 0.0 ], [ 73.1224344, 28.1478739, 0.0 ], [ 73.1224397, 28.1475706, 0.0 ] ], [ [ 73.1223837, 28.1475698, 0.0 ], [ 73.1224068, 28.1475702, 0.0 ], [ 73.1224015, 28.1478734, 0.0 ], [ 73.1223784, 28.1478731, 0.0 ], [ 73.1223837, 28.1475698, 0.0 ] ], [ [ 73.1223331, 28.1472574, 0.0 ], [ 73.1223563, 28.1472577, 0.0 ], [ 73.122351, 28.147561, 0.0 ], [ 73.1223278, 28.1475607, 0.0 ], [ 73.1223331, 28.1472574, 0.0 ] ], [ [ 73.1222772, 28.1472566, 0.0 ], [ 73.1223003, 28.1472569, 0.0 ], [ 73.122295, 28.1475602, 0.0 ], [ 73.1222719, 28.1475599, 0.0 ], [ 73.1222772, 28.1472566, 0.0 ] ], [ [ 73.1223277, 28.1475691, 0.0 ], [ 73.1223508, 28.1475694, 0.0 ], [ 73.1223455, 28.1478727, 0.0 ], [ 73.1223224, 28.1478723, 0.0 ], [ 73.1223277, 28.1475691, 0.0 ] ], [ [ 73.1222717, 28.1475683, 0.0 ], [ 73.1222948, 28.1475686, 0.0 ], [ 73.1222896, 28.1478719, 0.0 ], [ 73.1222664, 28.1478716, 0.0 ], [ 73.1222717, 28.1475683, 0.0 ] ], [ [ 73.1222212, 28.1472559, 0.0 ], [ 73.1222443, 28.1472562, 0.0 ], [ 73.122239, 28.1475594, 0.0 ], [ 73.1222159, 28.1475591, 0.0 ], [ 73.1222212, 28.1472559, 0.0 ] ], [ [ 73.1221652, 28.1472551, 0.0 ], [ 73.1221883, 28.1472554, 0.0 ], [ 73.122183, 28.1475587, 0.0 ], [ 73.1221599, 28.1475583, 0.0 ], [ 73.1221652, 28.1472551, 0.0 ] ], [ [ 73.1222157, 28.1475675, 0.0 ], [ 73.1222389, 28.1475679, 0.0 ], [ 73.1222336, 28.1478711, 0.0 ], [ 73.1222104, 28.1478708, 0.0 ], [ 73.1222157, 28.1475675, 0.0 ] ], [ [ 73.1221597, 28.1475668, 0.0 ], [ 73.1221829, 28.1475671, 0.0 ], [ 73.1221776, 28.1478703, 0.0 ], [ 73.1221545, 28.14787, 0.0 ], [ 73.1221597, 28.1475668, 0.0 ] ], [ [ 73.1221092, 28.1472543, 0.0 ], [ 73.1221323, 28.1472546, 0.0 ], [ 73.122127, 28.1475579, 0.0 ], [ 73.1221039, 28.1475576, 0.0 ], [ 73.1221092, 28.1472543, 0.0 ] ], [ [ 73.1220532, 28.1472536, 0.0 ], [ 73.1220763, 28.1472539, 0.0 ], [ 73.1220711, 28.1475571, 0.0 ], [ 73.1220479, 28.1475568, 0.0 ], [ 73.1220532, 28.1472536, 0.0 ] ], [ [ 73.1221038, 28.147566, 0.0 ], [ 73.1221269, 28.1475663, 0.0 ], [ 73.1221216, 28.1478696, 0.0 ], [ 73.1220985, 28.1478693, 0.0 ], [ 73.1221038, 28.147566, 0.0 ] ], [ [ 73.1220478, 28.1475652, 0.0 ], [ 73.1220709, 28.1475655, 0.0 ], [ 73.1220656, 28.1478688, 0.0 ], [ 73.1220425, 28.1478685, 0.0 ], [ 73.1220478, 28.1475652, 0.0 ] ], [ [ 73.1219972, 28.1472528, 0.0 ], [ 73.1220204, 28.1472531, 0.0 ], [ 73.1220151, 28.1475564, 0.0 ], [ 73.1219919, 28.147556, 0.0 ], [ 73.1219972, 28.1472528, 0.0 ] ], [ [ 73.1219412, 28.147252, 0.0 ], [ 73.1219644, 28.1472523, 0.0 ], [ 73.1219591, 28.1475556, 0.0 ], [ 73.121936, 28.1475553, 0.0 ], [ 73.1219412, 28.147252, 0.0 ] ], [ [ 73.1219918, 28.1475645, 0.0 ], [ 73.1220149, 28.1475648, 0.0 ], [ 73.1220096, 28.147868, 0.0 ], [ 73.1219865, 28.1478677, 0.0 ], [ 73.1219918, 28.1475645, 0.0 ] ], [ [ 73.1219358, 28.1475637, 0.0 ], [ 73.1219589, 28.147564, 0.0 ], [ 73.1219536, 28.1478673, 0.0 ], [ 73.1219305, 28.147867, 0.0 ], [ 73.1219358, 28.1475637, 0.0 ] ], [ [ 73.1230122, 28.1468541, 0.0 ], [ 73.1230353, 28.1468544, 0.0 ], [ 73.12303, 28.1471577, 0.0 ], [ 73.1230069, 28.1471573, 0.0 ], [ 73.1230122, 28.1468541, 0.0 ] ], [ [ 73.1229562, 28.1468533, 0.0 ], [ 73.1229793, 28.1468536, 0.0 ], [ 73.122974, 28.1471569, 0.0 ], [ 73.1229509, 28.1471566, 0.0 ], [ 73.1229562, 28.1468533, 0.0 ] ], [ [ 73.1230067, 28.1471658, 0.0 ], [ 73.1230298, 28.1471661, 0.0 ], [ 73.1230246, 28.1474693, 0.0 ], [ 73.1230014, 28.147469, 0.0 ], [ 73.1230067, 28.1471658, 0.0 ] ], [ [ 73.1229507, 28.147165, 0.0 ], [ 73.1229739, 28.1471653, 0.0 ], [ 73.1229686, 28.1474686, 0.0 ], [ 73.1229454, 28.1474683, 0.0 ], [ 73.1229507, 28.147165, 0.0 ] ], [ [ 73.1229002, 28.1468525, 0.0 ], [ 73.1229233, 28.1468529, 0.0 ], [ 73.122918, 28.1471561, 0.0 ], [ 73.1228949, 28.1471558, 0.0 ], [ 73.1229002, 28.1468525, 0.0 ] ], [ [ 73.1228442, 28.1468518, 0.0 ], [ 73.1228673, 28.1468521, 0.0 ], [ 73.122862, 28.1471554, 0.0 ], [ 73.1228389, 28.147155, 0.0 ], [ 73.1228442, 28.1468518, 0.0 ] ], [ [ 73.1228947, 28.1471642, 0.0 ], [ 73.1229179, 28.1471645, 0.0 ], [ 73.1229126, 28.1474678, 0.0 ], [ 73.1228895, 28.1474675, 0.0 ], [ 73.1228947, 28.1471642, 0.0 ] ], [ [ 73.1228388, 28.1471635, 0.0 ], [ 73.1228619, 28.1471638, 0.0 ], [ 73.1228566, 28.147467, 0.0 ], [ 73.1228335, 28.1474667, 0.0 ], [ 73.1228388, 28.1471635, 0.0 ] ], [ [ 73.1243486, 28.147285, 0.0 ], [ 73.1243717, 28.1472853, 0.0 ], [ 73.1243664, 28.1475886, 0.0 ], [ 73.1243433, 28.1475883, 0.0 ], [ 73.1243486, 28.147285, 0.0 ] ], [ [ 73.1242926, 28.1472842, 0.0 ], [ 73.1243157, 28.1472845, 0.0 ], [ 73.1243104, 28.1475878, 0.0 ], [ 73.1242873, 28.1475875, 0.0 ], [ 73.1242926, 28.1472842, 0.0 ] ], [ [ 73.1243432, 28.1475967, 0.0 ], [ 73.1243663, 28.147597, 0.0 ], [ 73.124361, 28.1479003, 0.0 ], [ 73.1243379, 28.1478999, 0.0 ], [ 73.1243432, 28.1475967, 0.0 ] ], [ [ 73.1242872, 28.1475959, 0.0 ], [ 73.1243103, 28.1475962, 0.0 ], [ 73.124305, 28.1478995, 0.0 ], [ 73.1242819, 28.1478992, 0.0 ], [ 73.1242872, 28.1475959, 0.0 ] ], [ [ 73.1242366, 28.1472835, 0.0 ], [ 73.1242597, 28.1472838, 0.0 ], [ 73.1242545, 28.147587, 0.0 ], [ 73.1242313, 28.1475867, 0.0 ], [ 73.1242366, 28.1472835, 0.0 ] ], [ [ 73.1241806, 28.1472827, 0.0 ], [ 73.1242038, 28.147283, 0.0 ], [ 73.1241985, 28.1475863, 0.0 ], [ 73.1241753, 28.147586, 0.0 ], [ 73.1241806, 28.1472827, 0.0 ] ], [ [ 73.1242312, 28.1475951, 0.0 ], [ 73.1242543, 28.1475955, 0.0 ], [ 73.124249, 28.1478987, 0.0 ], [ 73.1242259, 28.1478984, 0.0 ], [ 73.1242312, 28.1475951, 0.0 ] ], [ [ 73.1241752, 28.1475944, 0.0 ], [ 73.1241983, 28.1475947, 0.0 ], [ 73.124193, 28.147898, 0.0 ], [ 73.1241699, 28.1478976, 0.0 ], [ 73.1241752, 28.1475944, 0.0 ] ], [ [ 73.1241246, 28.1472819, 0.0 ], [ 73.1241478, 28.1472822, 0.0 ], [ 73.1241425, 28.1475855, 0.0 ], [ 73.1241194, 28.1475852, 0.0 ], [ 73.1241246, 28.1472819, 0.0 ] ], [ [ 73.1240687, 28.1472812, 0.0 ], [ 73.1240918, 28.1472815, 0.0 ], [ 73.1240865, 28.1475847, 0.0 ], [ 73.1240634, 28.1475844, 0.0 ], [ 73.1240687, 28.1472812, 0.0 ] ], [ [ 73.1241192, 28.1475936, 0.0 ], [ 73.1241423, 28.1475939, 0.0 ], [ 73.1241371, 28.1478972, 0.0 ], [ 73.1241139, 28.1478969, 0.0 ], [ 73.1241192, 28.1475936, 0.0 ] ], [ [ 73.1240632, 28.1475928, 0.0 ], [ 73.1240864, 28.1475932, 0.0 ], [ 73.1240811, 28.1478964, 0.0 ], [ 73.1240579, 28.1478961, 0.0 ], [ 73.1240632, 28.1475928, 0.0 ] ], [ [ 73.1240127, 28.1472804, 0.0 ], [ 73.1240358, 28.1472807, 0.0 ], [ 73.1240305, 28.147584, 0.0 ], [ 73.1240074, 28.1475837, 0.0 ], [ 73.1240127, 28.1472804, 0.0 ] ], [ [ 73.1239567, 28.1472796, 0.0 ], [ 73.1239798, 28.1472799, 0.0 ], [ 73.1239745, 28.1475832, 0.0 ], [ 73.1239514, 28.1475829, 0.0 ], [ 73.1239567, 28.1472796, 0.0 ] ], [ [ 73.1240072, 28.1475921, 0.0 ], [ 73.1240304, 28.1475924, 0.0 ], [ 73.1240251, 28.1478957, 0.0 ], [ 73.124002, 28.1478953, 0.0 ], [ 73.1240072, 28.1475921, 0.0 ] ], [ [ 73.1239513, 28.1475913, 0.0 ], [ 73.1239744, 28.1475916, 0.0 ], [ 73.1239691, 28.1478949, 0.0 ], [ 73.123946, 28.1478946, 0.0 ], [ 73.1239513, 28.1475913, 0.0 ] ], [ [ 73.1239007, 28.1472789, 0.0 ], [ 73.1239238, 28.1472792, 0.0 ], [ 73.1239185, 28.1475824, 0.0 ], [ 73.1238954, 28.1475821, 0.0 ], [ 73.1239007, 28.1472789, 0.0 ] ], [ [ 73.1238447, 28.1472781, 0.0 ], [ 73.1238678, 28.1472784, 0.0 ], [ 73.1238626, 28.1475817, 0.0 ], [ 73.1238394, 28.1475814, 0.0 ], [ 73.1238447, 28.1472781, 0.0 ] ], [ [ 73.1238953, 28.1475905, 0.0 ], [ 73.1239184, 28.1475909, 0.0 ], [ 73.1239131, 28.1478941, 0.0 ], [ 73.12389, 28.1478938, 0.0 ], [ 73.1238953, 28.1475905, 0.0 ] ], [ [ 73.1238393, 28.1475898, 0.0 ], [ 73.1238624, 28.1475901, 0.0 ], [ 73.1238571, 28.1478934, 0.0 ], [ 73.123834, 28.147893, 0.0 ], [ 73.1238393, 28.1475898, 0.0 ] ], [ [ 73.1237887, 28.1472773, 0.0 ], [ 73.1238119, 28.1472776, 0.0 ], [ 73.1238066, 28.1475809, 0.0 ], [ 73.1237835, 28.1475806, 0.0 ], [ 73.1237887, 28.1472773, 0.0 ] ], [ [ 73.1237328, 28.1472766, 0.0 ], [ 73.1237559, 28.1472769, 0.0 ], [ 73.1237506, 28.1475801, 0.0 ], [ 73.1237275, 28.1475798, 0.0 ], [ 73.1237328, 28.1472766, 0.0 ] ], [ [ 73.1237833, 28.147589, 0.0 ], [ 73.1238064, 28.1475893, 0.0 ], [ 73.1238011, 28.1478926, 0.0 ], [ 73.123778, 28.1478923, 0.0 ], [ 73.1237833, 28.147589, 0.0 ] ], [ [ 73.1237273, 28.1475882, 0.0 ], [ 73.1237504, 28.1475886, 0.0 ], [ 73.1237452, 28.1478918, 0.0 ], [ 73.123722, 28.1478915, 0.0 ], [ 73.1237273, 28.1475882, 0.0 ] ], [ [ 73.1246845, 28.1472896, 0.0 ], [ 73.1247076, 28.1472899, 0.0 ], [ 73.1247023, 28.1475932, 0.0 ], [ 73.1246792, 28.1475929, 0.0 ], [ 73.1246845, 28.1472896, 0.0 ] ], [ [ 73.1246285, 28.1472888, 0.0 ], [ 73.1246516, 28.1472891, 0.0 ], [ 73.1246463, 28.1475924, 0.0 ], [ 73.1246232, 28.1475921, 0.0 ], [ 73.1246285, 28.1472888, 0.0 ] ], [ [ 73.1246791, 28.1476013, 0.0 ], [ 73.1247022, 28.1476016, 0.0 ], [ 73.1246969, 28.1479049, 0.0 ], [ 73.1246738, 28.1479045, 0.0 ], [ 73.1246791, 28.1476013, 0.0 ] ], [ [ 73.1246231, 28.1476005, 0.0 ], [ 73.1246462, 28.1476008, 0.0 ], [ 73.1246409, 28.1479041, 0.0 ], [ 73.1246178, 28.1479038, 0.0 ], [ 73.1246231, 28.1476005, 0.0 ] ], [ [ 73.1245725, 28.1472881, 0.0 ], [ 73.1245956, 28.1472884, 0.0 ], [ 73.1245904, 28.1475916, 0.0 ], [ 73.1245672, 28.1475913, 0.0 ], [ 73.1245725, 28.1472881, 0.0 ] ], [ [ 73.1245165, 28.1472873, 0.0 ], [ 73.1245397, 28.1472876, 0.0 ], [ 73.1245344, 28.1475909, 0.0 ], [ 73.1245113, 28.1475906, 0.0 ], [ 73.1245165, 28.1472873, 0.0 ] ], [ [ 73.1245671, 28.1475997, 0.0 ], [ 73.1245902, 28.1476001, 0.0 ], [ 73.1245849, 28.1479033, 0.0 ], [ 73.1245618, 28.147903, 0.0 ], [ 73.1245671, 28.1475997, 0.0 ] ], [ [ 73.1245111, 28.147599, 0.0 ], [ 73.1245342, 28.1475993, 0.0 ], [ 73.1245289, 28.1479026, 0.0 ], [ 73.1245058, 28.1479022, 0.0 ], [ 73.1245111, 28.147599, 0.0 ] ], [ [ 73.1244606, 28.1472865, 0.0 ], [ 73.1244837, 28.1472868, 0.0 ], [ 73.1244784, 28.1475901, 0.0 ], [ 73.1244553, 28.1475898, 0.0 ], [ 73.1244606, 28.1472865, 0.0 ] ], [ [ 73.1244046, 28.1472858, 0.0 ], [ 73.1244277, 28.1472861, 0.0 ], [ 73.1244224, 28.1475893, 0.0 ], [ 73.1243993, 28.147589, 0.0 ], [ 73.1244046, 28.1472858, 0.0 ] ], [ [ 73.1244551, 28.1475982, 0.0 ], [ 73.1244782, 28.1475985, 0.0 ], [ 73.124473, 28.1479018, 0.0 ], [ 73.1244498, 28.1479015, 0.0 ], [ 73.1244551, 28.1475982, 0.0 ] ], [ [ 73.1243991, 28.1475974, 0.0 ], [ 73.1244223, 28.1475978, 0.0 ], [ 73.124417, 28.147901, 0.0 ], [ 73.1243939, 28.1479007, 0.0 ], [ 73.1243991, 28.1475974, 0.0 ] ], [ [ 73.1218961, 28.1466318, 0.0 ], [ 73.1219192, 28.1466321, 0.0 ], [ 73.1219139, 28.1469354, 0.0 ], [ 73.1218908, 28.1469351, 0.0 ], [ 73.1218961, 28.1466318, 0.0 ] ], [ [ 73.1218401, 28.146631, 0.0 ], [ 73.1218632, 28.1466313, 0.0 ], [ 73.1218579, 28.1469346, 0.0 ], [ 73.1218348, 28.1469343, 0.0 ], [ 73.1218401, 28.146631, 0.0 ] ], [ [ 73.1218906, 28.1469435, 0.0 ], [ 73.1219138, 28.1469438, 0.0 ], [ 73.1219085, 28.1472471, 0.0 ], [ 73.1218853, 28.1472467, 0.0 ], [ 73.1218906, 28.1469435, 0.0 ] ], [ [ 73.1218347, 28.1469427, 0.0 ], [ 73.1218578, 28.146943, 0.0 ], [ 73.1218525, 28.1472463, 0.0 ], [ 73.1218294, 28.147246, 0.0 ], [ 73.1218347, 28.1469427, 0.0 ] ], [ [ 73.1219285, 28.1447734, 0.0 ], [ 73.1219516, 28.1447737, 0.0 ], [ 73.1219463, 28.145077, 0.0 ], [ 73.1219232, 28.1450767, 0.0 ], [ 73.1219285, 28.1447734, 0.0 ] ], [ [ 73.1218725, 28.1447726, 0.0 ], [ 73.1218956, 28.144773, 0.0 ], [ 73.1218904, 28.1450762, 0.0 ], [ 73.1218672, 28.1450759, 0.0 ], [ 73.1218725, 28.1447726, 0.0 ] ], [ [ 73.1219231, 28.1450851, 0.0 ], [ 73.1219462, 28.1450854, 0.0 ], [ 73.1219409, 28.1453887, 0.0 ], [ 73.1219178, 28.1453884, 0.0 ], [ 73.1219231, 28.1450851, 0.0 ] ], [ [ 73.1218671, 28.1450843, 0.0 ], [ 73.1218902, 28.1450846, 0.0 ], [ 73.1218849, 28.1453879, 0.0 ], [ 73.1218618, 28.1453876, 0.0 ], [ 73.1218671, 28.1450843, 0.0 ] ], [ [ 73.1219177, 28.1453929, 0.0 ], [ 73.1219408, 28.1453932, 0.0 ], [ 73.1219355, 28.1456965, 0.0 ], [ 73.1219124, 28.1456961, 0.0 ], [ 73.1219177, 28.1453929, 0.0 ] ], [ [ 73.1218617, 28.1453921, 0.0 ], [ 73.1218848, 28.1453924, 0.0 ], [ 73.1218795, 28.1456957, 0.0 ], [ 73.1218564, 28.1456954, 0.0 ], [ 73.1218617, 28.1453921, 0.0 ] ], [ [ 73.1219123, 28.1457046, 0.0 ], [ 73.1219354, 28.1457049, 0.0 ], [ 73.1219301, 28.1460081, 0.0 ], [ 73.121907, 28.1460078, 0.0 ], [ 73.1219123, 28.1457046, 0.0 ] ], [ [ 73.1218563, 28.1457038, 0.0 ], [ 73.1218794, 28.1457041, 0.0 ], [ 73.1218741, 28.1460074, 0.0 ], [ 73.121851, 28.1460071, 0.0 ], [ 73.1218563, 28.1457038, 0.0 ] ], [ [ 73.122799, 28.1462315, 0.0 ], [ 73.1228221, 28.1462319, 0.0 ], [ 73.1228169, 28.1465351, 0.0 ], [ 73.1227937, 28.1465348, 0.0 ], [ 73.122799, 28.1462315, 0.0 ] ], [ [ 73.122743, 28.1462308, 0.0 ], [ 73.1227662, 28.1462311, 0.0 ], [ 73.1227609, 28.1465344, 0.0 ], [ 73.1227377, 28.146534, 0.0 ], [ 73.122743, 28.1462308, 0.0 ] ], [ [ 73.1227936, 28.1465432, 0.0 ], [ 73.1228167, 28.1465435, 0.0 ], [ 73.1228114, 28.1468468, 0.0 ], [ 73.1227883, 28.1468465, 0.0 ], [ 73.1227936, 28.1465432, 0.0 ] ], [ [ 73.1227376, 28.1465425, 0.0 ], [ 73.1227607, 28.1465428, 0.0 ], [ 73.1227554, 28.146846, 0.0 ], [ 73.1227323, 28.1468457, 0.0 ], [ 73.1227376, 28.1465425, 0.0 ] ], [ [ 73.1226799, 28.1466425, 0.0 ], [ 73.122703, 28.1466429, 0.0 ], [ 73.1226977, 28.1469461, 0.0 ], [ 73.1226746, 28.1469458, 0.0 ], [ 73.1226799, 28.1466425, 0.0 ] ], [ [ 73.1226239, 28.1466418, 0.0 ], [ 73.122647, 28.1466421, 0.0 ], [ 73.1226417, 28.1469453, 0.0 ], [ 73.1226186, 28.146945, 0.0 ], [ 73.1226239, 28.1466418, 0.0 ] ], [ [ 73.1226744, 28.1469542, 0.0 ], [ 73.1226975, 28.1469545, 0.0 ], [ 73.1226923, 28.1472578, 0.0 ], [ 73.1226691, 28.1472575, 0.0 ], [ 73.1226744, 28.1469542, 0.0 ] ], [ [ 73.1226184, 28.1469534, 0.0 ], [ 73.1226416, 28.1469538, 0.0 ], [ 73.1226363, 28.147257, 0.0 ], [ 73.1226131, 28.1472567, 0.0 ], [ 73.1226184, 28.1469534, 0.0 ] ], [ [ 73.1225679, 28.146641, 0.0 ], [ 73.122591, 28.1466413, 0.0 ], [ 73.1225857, 28.1469446, 0.0 ], [ 73.1225626, 28.1469443, 0.0 ], [ 73.1225679, 28.146641, 0.0 ] ], [ [ 73.1225119, 28.1466402, 0.0 ], [ 73.122535, 28.1466405, 0.0 ], [ 73.1225297, 28.1469438, 0.0 ], [ 73.1225066, 28.1469435, 0.0 ], [ 73.1225119, 28.1466402, 0.0 ] ], [ [ 73.1225624, 28.1469527, 0.0 ], [ 73.1225856, 28.146953, 0.0 ], [ 73.1225803, 28.1472563, 0.0 ], [ 73.1225572, 28.1472559, 0.0 ], [ 73.1225624, 28.1469527, 0.0 ] ], [ [ 73.1225065, 28.1469519, 0.0 ], [ 73.1225296, 28.1469522, 0.0 ], [ 73.1225243, 28.1472555, 0.0 ], [ 73.1225012, 28.1472552, 0.0 ], [ 73.1225065, 28.1469519, 0.0 ] ], [ [ 73.1224559, 28.1466395, 0.0 ], [ 73.122479, 28.1466398, 0.0 ], [ 73.1224738, 28.146943, 0.0 ], [ 73.1224506, 28.1469427, 0.0 ], [ 73.1224559, 28.1466395, 0.0 ] ], [ [ 73.1223999, 28.1466387, 0.0 ], [ 73.1224231, 28.146639, 0.0 ], [ 73.1224178, 28.1469423, 0.0 ], [ 73.1223946, 28.146942, 0.0 ], [ 73.1223999, 28.1466387, 0.0 ] ], [ [ 73.1224505, 28.1469511, 0.0 ], [ 73.1224736, 28.1469515, 0.0 ], [ 73.1224683, 28.1472547, 0.0 ], [ 73.1224452, 28.1472544, 0.0 ], [ 73.1224505, 28.1469511, 0.0 ] ], [ [ 73.1223945, 28.1469504, 0.0 ], [ 73.1224176, 28.1469507, 0.0 ], [ 73.1224123, 28.147254, 0.0 ], [ 73.1223892, 28.1472536, 0.0 ], [ 73.1223945, 28.1469504, 0.0 ] ], [ [ 73.1223439, 28.1466379, 0.0 ], [ 73.1223671, 28.1466382, 0.0 ], [ 73.1223618, 28.1469415, 0.0 ], [ 73.1223387, 28.1469412, 0.0 ], [ 73.1223439, 28.1466379, 0.0 ] ], [ [ 73.122288, 28.1466372, 0.0 ], [ 73.1223111, 28.1466375, 0.0 ], [ 73.1223058, 28.1469407, 0.0 ], [ 73.1222827, 28.1469404, 0.0 ], [ 73.122288, 28.1466372, 0.0 ] ], [ [ 73.1223385, 28.1469496, 0.0 ], [ 73.1223616, 28.1469499, 0.0 ], [ 73.1223563, 28.1472532, 0.0 ], [ 73.1223332, 28.1472529, 0.0 ], [ 73.1223385, 28.1469496, 0.0 ] ], [ [ 73.1222825, 28.1469488, 0.0 ], [ 73.1223057, 28.1469492, 0.0 ], [ 73.1223004, 28.1472524, 0.0 ], [ 73.1222772, 28.1472521, 0.0 ], [ 73.1222825, 28.1469488, 0.0 ] ], [ [ 73.122232, 28.1466364, 0.0 ], [ 73.1222551, 28.1466367, 0.0 ], [ 73.1222498, 28.14694, 0.0 ], [ 73.1222267, 28.1469397, 0.0 ], [ 73.122232, 28.1466364, 0.0 ] ], [ [ 73.122176, 28.1466356, 0.0 ], [ 73.1221991, 28.1466359, 0.0 ], [ 73.1221938, 28.1469392, 0.0 ], [ 73.1221707, 28.1469389, 0.0 ], [ 73.122176, 28.1466356, 0.0 ] ], [ [ 73.1222265, 28.1469481, 0.0 ], [ 73.1222497, 28.1469484, 0.0 ], [ 73.1222444, 28.1472517, 0.0 ], [ 73.1222213, 28.1472513, 0.0 ], [ 73.1222265, 28.1469481, 0.0 ] ], [ [ 73.1221706, 28.1469473, 0.0 ], [ 73.1221937, 28.1469476, 0.0 ], [ 73.1221884, 28.1472509, 0.0 ], [ 73.1221653, 28.1472506, 0.0 ], [ 73.1221706, 28.1469473, 0.0 ] ], [ [ 73.12212, 28.1466349, 0.0 ], [ 73.1221431, 28.1466352, 0.0 ], [ 73.1221378, 28.1469384, 0.0 ], [ 73.1221147, 28.1469381, 0.0 ], [ 73.12212, 28.1466349, 0.0 ] ], [ [ 73.122064, 28.1466341, 0.0 ], [ 73.1220872, 28.1466344, 0.0 ], [ 73.1220819, 28.1469377, 0.0 ], [ 73.1220587, 28.1469374, 0.0 ], [ 73.122064, 28.1466341, 0.0 ] ], [ [ 73.1221146, 28.1469465, 0.0 ], [ 73.1221377, 28.1469469, 0.0 ], [ 73.1221324, 28.1472501, 0.0 ], [ 73.1221093, 28.1472498, 0.0 ], [ 73.1221146, 28.1469465, 0.0 ] ], [ [ 73.1220586, 28.1469458, 0.0 ], [ 73.1220817, 28.1469461, 0.0 ], [ 73.1220764, 28.1472494, 0.0 ], [ 73.1220533, 28.147249, 0.0 ], [ 73.1220586, 28.1469458, 0.0 ] ], [ [ 73.122008, 28.1466333, 0.0 ], [ 73.1220312, 28.1466336, 0.0 ], [ 73.1220259, 28.1469369, 0.0 ], [ 73.1220028, 28.1469366, 0.0 ], [ 73.122008, 28.1466333, 0.0 ] ], [ [ 73.1219521, 28.1466326, 0.0 ], [ 73.1219752, 28.1466329, 0.0 ], [ 73.1219699, 28.1469361, 0.0 ], [ 73.1219468, 28.1469358, 0.0 ], [ 73.1219521, 28.1466326, 0.0 ] ], [ [ 73.1220026, 28.146945, 0.0 ], [ 73.1220257, 28.1469453, 0.0 ], [ 73.1220204, 28.1472486, 0.0 ], [ 73.1219973, 28.1472483, 0.0 ], [ 73.1220026, 28.146945, 0.0 ] ], [ [ 73.1219466, 28.1469442, 0.0 ], [ 73.1219697, 28.1469446, 0.0 ], [ 73.1219645, 28.1472478, 0.0 ], [ 73.1219413, 28.1472475, 0.0 ], [ 73.1219466, 28.1469442, 0.0 ] ], [ [ 73.1228098, 28.1456121, 0.0 ], [ 73.1228329, 28.1456124, 0.0 ], [ 73.1228277, 28.1459157, 0.0 ], [ 73.1228045, 28.1459154, 0.0 ], [ 73.1228098, 28.1456121, 0.0 ] ], [ [ 73.1227538, 28.1456113, 0.0 ], [ 73.122777, 28.1456116, 0.0 ], [ 73.1227717, 28.1459149, 0.0 ], [ 73.1227485, 28.1459146, 0.0 ], [ 73.1227538, 28.1456113, 0.0 ] ], [ [ 73.1228044, 28.1459238, 0.0 ], [ 73.1228275, 28.1459241, 0.0 ], [ 73.1228222, 28.1462274, 0.0 ], [ 73.1227991, 28.146227, 0.0 ], [ 73.1228044, 28.1459238, 0.0 ] ], [ [ 73.1227484, 28.145923, 0.0 ], [ 73.1227715, 28.1459233, 0.0 ], [ 73.1227662, 28.1462266, 0.0 ], [ 73.1227431, 28.1462263, 0.0 ], [ 73.1227484, 28.145923, 0.0 ] ], [ [ 73.1226907, 28.1460231, 0.0 ], [ 73.1227138, 28.1460234, 0.0 ], [ 73.1227085, 28.1463267, 0.0 ], [ 73.1226854, 28.1463263, 0.0 ], [ 73.1226907, 28.1460231, 0.0 ] ], [ [ 73.1226347, 28.1460223, 0.0 ], [ 73.1226578, 28.1460226, 0.0 ], [ 73.1226525, 28.1463259, 0.0 ], [ 73.1226294, 28.1463256, 0.0 ], [ 73.1226347, 28.1460223, 0.0 ] ], [ [ 73.1226852, 28.1463348, 0.0 ], [ 73.1227083, 28.1463351, 0.0 ], [ 73.1227031, 28.1466383, 0.0 ], [ 73.1226799, 28.146638, 0.0 ], [ 73.1226852, 28.1463348, 0.0 ] ], [ [ 73.1226292, 28.146334, 0.0 ], [ 73.1226524, 28.1463343, 0.0 ], [ 73.1226471, 28.1466376, 0.0 ], [ 73.1226239, 28.1466373, 0.0 ], [ 73.1226292, 28.146334, 0.0 ] ], [ [ 73.1225787, 28.1460215, 0.0 ], [ 73.1226018, 28.1460219, 0.0 ], [ 73.1225965, 28.1463251, 0.0 ], [ 73.1225734, 28.1463248, 0.0 ], [ 73.1225787, 28.1460215, 0.0 ] ], [ [ 73.1225227, 28.1460208, 0.0 ], [ 73.1225458, 28.1460211, 0.0 ], [ 73.1225405, 28.1463244, 0.0 ], [ 73.1225174, 28.146324, 0.0 ], [ 73.1225227, 28.1460208, 0.0 ] ], [ [ 73.1225733, 28.1463332, 0.0 ], [ 73.1225964, 28.1463335, 0.0 ], [ 73.1225911, 28.1466368, 0.0 ], [ 73.122568, 28.1466365, 0.0 ], [ 73.1225733, 28.1463332, 0.0 ] ], [ [ 73.1225173, 28.1463325, 0.0 ], [ 73.1225404, 28.1463328, 0.0 ], [ 73.1225351, 28.146636, 0.0 ], [ 73.122512, 28.1466357, 0.0 ], [ 73.1225173, 28.1463325, 0.0 ] ], [ [ 73.1224667, 28.14602, 0.0 ], [ 73.1224899, 28.1460203, 0.0 ], [ 73.1224846, 28.1463236, 0.0 ], [ 73.1224614, 28.1463233, 0.0 ], [ 73.1224667, 28.14602, 0.0 ] ], [ [ 73.1224107, 28.1460192, 0.0 ], [ 73.1224339, 28.1460196, 0.0 ], [ 73.1224286, 28.1463228, 0.0 ], [ 73.1224054, 28.1463225, 0.0 ], [ 73.1224107, 28.1460192, 0.0 ] ], [ [ 73.1224613, 28.1463317, 0.0 ], [ 73.1224844, 28.146332, 0.0 ], [ 73.1224791, 28.1466353, 0.0 ], [ 73.122456, 28.146635, 0.0 ], [ 73.1224613, 28.1463317, 0.0 ] ], [ [ 73.1224053, 28.1463309, 0.0 ], [ 73.1224284, 28.1463312, 0.0 ], [ 73.1224231, 28.1466345, 0.0 ], [ 73.1224, 28.1466342, 0.0 ], [ 73.1224053, 28.1463309, 0.0 ] ], [ [ 73.1223548, 28.1460185, 0.0 ], [ 73.1223779, 28.1460188, 0.0 ], [ 73.1223726, 28.1463221, 0.0 ], [ 73.1223495, 28.1463217, 0.0 ], [ 73.1223548, 28.1460185, 0.0 ] ], [ [ 73.1222988, 28.1460177, 0.0 ], [ 73.1223219, 28.146018, 0.0 ], [ 73.1223166, 28.1463213, 0.0 ], [ 73.1222935, 28.146321, 0.0 ], [ 73.1222988, 28.1460177, 0.0 ] ], [ [ 73.1223493, 28.1463302, 0.0 ], [ 73.1223724, 28.1463305, 0.0 ], [ 73.1223672, 28.1466337, 0.0 ], [ 73.122344, 28.1466334, 0.0 ], [ 73.1223493, 28.1463302, 0.0 ] ], [ [ 73.1222933, 28.1463294, 0.0 ], [ 73.1223165, 28.1463297, 0.0 ], [ 73.1223112, 28.146633, 0.0 ], [ 73.122288, 28.1466327, 0.0 ], [ 73.1222933, 28.1463294, 0.0 ] ], [ [ 73.1222428, 28.1460169, 0.0 ], [ 73.1222659, 28.1460173, 0.0 ], [ 73.1222606, 28.1463205, 0.0 ], [ 73.1222375, 28.1463202, 0.0 ], [ 73.1222428, 28.1460169, 0.0 ] ], [ [ 73.1221868, 28.1460162, 0.0 ], [ 73.1222099, 28.1460165, 0.0 ], [ 73.1222046, 28.1463198, 0.0 ], [ 73.1221815, 28.1463194, 0.0 ], [ 73.1221868, 28.1460162, 0.0 ] ], [ [ 73.1222374, 28.1463286, 0.0 ], [ 73.1222605, 28.1463289, 0.0 ], [ 73.1222552, 28.1466322, 0.0 ], [ 73.1222321, 28.1466319, 0.0 ], [ 73.1222374, 28.1463286, 0.0 ] ], [ [ 73.1221814, 28.1463279, 0.0 ], [ 73.1222045, 28.1463282, 0.0 ], [ 73.1221992, 28.1466314, 0.0 ], [ 73.1221761, 28.1466311, 0.0 ], [ 73.1221814, 28.1463279, 0.0 ] ], [ [ 73.1221308, 28.1460154, 0.0 ], [ 73.1221539, 28.1460157, 0.0 ], [ 73.1221487, 28.146319, 0.0 ], [ 73.1221255, 28.1463187, 0.0 ], [ 73.1221308, 28.1460154, 0.0 ] ], [ [ 73.1220748, 28.1460146, 0.0 ], [ 73.122098, 28.146015, 0.0 ], [ 73.1220927, 28.1463182, 0.0 ], [ 73.1220695, 28.1463179, 0.0 ], [ 73.1220748, 28.1460146, 0.0 ] ], [ [ 73.1221254, 28.1463271, 0.0 ], [ 73.1221485, 28.1463274, 0.0 ], [ 73.1221432, 28.1466307, 0.0 ], [ 73.1221201, 28.1466303, 0.0 ], [ 73.1221254, 28.1463271, 0.0 ] ], [ [ 73.1220694, 28.1463263, 0.0 ], [ 73.1220925, 28.1463266, 0.0 ], [ 73.1220872, 28.1466299, 0.0 ], [ 73.1220641, 28.1466296, 0.0 ], [ 73.1220694, 28.1463263, 0.0 ] ], [ [ 73.1220189, 28.1460139, 0.0 ], [ 73.122042, 28.1460142, 0.0 ], [ 73.1220367, 28.1463174, 0.0 ], [ 73.1220136, 28.1463171, 0.0 ], [ 73.1220189, 28.1460139, 0.0 ] ], [ [ 73.1219629, 28.1460131, 0.0 ], [ 73.121986, 28.1460134, 0.0 ], [ 73.1219807, 28.1463167, 0.0 ], [ 73.1219576, 28.1463164, 0.0 ], [ 73.1219629, 28.1460131, 0.0 ] ], [ [ 73.1220134, 28.1463255, 0.0 ], [ 73.1220365, 28.1463259, 0.0 ], [ 73.1220312, 28.1466291, 0.0 ], [ 73.1220081, 28.1466288, 0.0 ], [ 73.1220134, 28.1463255, 0.0 ] ], [ [ 73.1219574, 28.1463248, 0.0 ], [ 73.1219806, 28.1463251, 0.0 ], [ 73.1219753, 28.1466284, 0.0 ], [ 73.1219521, 28.146628, 0.0 ], [ 73.1219574, 28.1463248, 0.0 ] ], [ [ 73.1227123, 28.1447842, 0.0 ], [ 73.1227354, 28.1447845, 0.0 ], [ 73.1227301, 28.1450877, 0.0 ], [ 73.122707, 28.1450874, 0.0 ], [ 73.1227123, 28.1447842, 0.0 ] ], [ [ 73.1226563, 28.1447834, 0.0 ], [ 73.1226794, 28.1447837, 0.0 ], [ 73.1226741, 28.145087, 0.0 ], [ 73.122651, 28.1450867, 0.0 ], [ 73.1226563, 28.1447834, 0.0 ] ], [ [ 73.1227068, 28.1450958, 0.0 ], [ 73.12273, 28.1450962, 0.0 ], [ 73.1227247, 28.1453994, 0.0 ], [ 73.1227015, 28.1453991, 0.0 ], [ 73.1227068, 28.1450958, 0.0 ] ], [ [ 73.1226509, 28.1450951, 0.0 ], [ 73.122674, 28.1450954, 0.0 ], [ 73.1226687, 28.1453987, 0.0 ], [ 73.1226456, 28.1453983, 0.0 ], [ 73.1226509, 28.1450951, 0.0 ] ], [ [ 73.1226003, 28.1447826, 0.0 ], [ 73.1226234, 28.1447829, 0.0 ], [ 73.1226181, 28.1450862, 0.0 ], [ 73.122595, 28.1450859, 0.0 ], [ 73.1226003, 28.1447826, 0.0 ] ], [ [ 73.1225443, 28.1447819, 0.0 ], [ 73.1225674, 28.1447822, 0.0 ], [ 73.1225622, 28.1450854, 0.0 ], [ 73.122539, 28.1450851, 0.0 ], [ 73.1225443, 28.1447819, 0.0 ] ], [ [ 73.1225949, 28.1450943, 0.0 ], [ 73.122618, 28.1450946, 0.0 ], [ 73.1226127, 28.1453979, 0.0 ], [ 73.1225896, 28.1453976, 0.0 ], [ 73.1225949, 28.1450943, 0.0 ] ], [ [ 73.1225389, 28.1450935, 0.0 ], [ 73.122562, 28.1450939, 0.0 ], [ 73.1225567, 28.1453971, 0.0 ], [ 73.1225336, 28.1453968, 0.0 ], [ 73.1225389, 28.1450935, 0.0 ] ], [ [ 73.1224883, 28.1447811, 0.0 ], [ 73.1225115, 28.1447814, 0.0 ], [ 73.1225062, 28.1450847, 0.0 ], [ 73.122483, 28.1450844, 0.0 ], [ 73.1224883, 28.1447811, 0.0 ] ], [ [ 73.1224324, 28.1447803, 0.0 ], [ 73.1224555, 28.1447806, 0.0 ], [ 73.1224502, 28.1450839, 0.0 ], [ 73.1224271, 28.1450836, 0.0 ], [ 73.1224324, 28.1447803, 0.0 ] ], [ [ 73.1224829, 28.1450928, 0.0 ], [ 73.122506, 28.1450931, 0.0 ], [ 73.1225007, 28.1453964, 0.0 ], [ 73.1224776, 28.145396, 0.0 ], [ 73.1224829, 28.1450928, 0.0 ] ], [ [ 73.1224269, 28.145092, 0.0 ], [ 73.12245, 28.1450923, 0.0 ], [ 73.1224448, 28.1453956, 0.0 ], [ 73.1224216, 28.1453953, 0.0 ], [ 73.1224269, 28.145092, 0.0 ] ], [ [ 73.1223764, 28.1447796, 0.0 ], [ 73.1223995, 28.1447799, 0.0 ], [ 73.1223942, 28.1450831, 0.0 ], [ 73.1223711, 28.1450828, 0.0 ], [ 73.1223764, 28.1447796, 0.0 ] ], [ [ 73.1223204, 28.1447788, 0.0 ], [ 73.1223435, 28.1447791, 0.0 ], [ 73.1223382, 28.1450824, 0.0 ], [ 73.1223151, 28.1450821, 0.0 ], [ 73.1223204, 28.1447788, 0.0 ] ], [ [ 73.1223709, 28.1450912, 0.0 ], [ 73.1223941, 28.1450916, 0.0 ], [ 73.1223888, 28.1453948, 0.0 ], [ 73.1223656, 28.1453945, 0.0 ], [ 73.1223709, 28.1450912, 0.0 ] ], [ [ 73.122315, 28.1450905, 0.0 ], [ 73.1223381, 28.1450908, 0.0 ], [ 73.1223328, 28.1453941, 0.0 ], [ 73.1223097, 28.1453937, 0.0 ], [ 73.122315, 28.1450905, 0.0 ] ], [ [ 73.1222644, 28.144778, 0.0 ], [ 73.1222875, 28.1447783, 0.0 ], [ 73.1222822, 28.1450816, 0.0 ], [ 73.1222591, 28.1450813, 0.0 ], [ 73.1222644, 28.144778, 0.0 ] ], [ [ 73.1222084, 28.1447773, 0.0 ], [ 73.1222315, 28.1447776, 0.0 ], [ 73.1222263, 28.1450808, 0.0 ], [ 73.1222031, 28.1450805, 0.0 ], [ 73.1222084, 28.1447773, 0.0 ] ], [ [ 73.122259, 28.1450897, 0.0 ], [ 73.1222821, 28.14509, 0.0 ], [ 73.1222768, 28.1453933, 0.0 ], [ 73.1222537, 28.145393, 0.0 ], [ 73.122259, 28.1450897, 0.0 ] ], [ [ 73.122203, 28.1450889, 0.0 ], [ 73.1222261, 28.1450893, 0.0 ], [ 73.1222208, 28.1453925, 0.0 ], [ 73.1221977, 28.1453922, 0.0 ], [ 73.122203, 28.1450889, 0.0 ] ], [ [ 73.1221524, 28.1447765, 0.0 ], [ 73.1221756, 28.1447768, 0.0 ], [ 73.1221703, 28.1450801, 0.0 ], [ 73.1221471, 28.1450798, 0.0 ], [ 73.1221524, 28.1447765, 0.0 ] ], [ [ 73.1220965, 28.1447757, 0.0 ], [ 73.1221196, 28.144776, 0.0 ], [ 73.1221143, 28.1450793, 0.0 ], [ 73.1220912, 28.145079, 0.0 ], [ 73.1220965, 28.1447757, 0.0 ] ], [ [ 73.122147, 28.1450882, 0.0 ], [ 73.1221701, 28.1450885, 0.0 ], [ 73.1221648, 28.1453918, 0.0 ], [ 73.1221417, 28.1453914, 0.0 ], [ 73.122147, 28.1450882, 0.0 ] ], [ [ 73.122091, 28.1450874, 0.0 ], [ 73.1221141, 28.1450877, 0.0 ], [ 73.1221089, 28.145391, 0.0 ], [ 73.1220857, 28.1453907, 0.0 ], [ 73.122091, 28.1450874, 0.0 ] ], [ [ 73.1220405, 28.144775, 0.0 ], [ 73.1220636, 28.1447753, 0.0 ], [ 73.1220583, 28.1450785, 0.0 ], [ 73.1220352, 28.1450782, 0.0 ], [ 73.1220405, 28.144775, 0.0 ] ], [ [ 73.1219845, 28.1447742, 0.0 ], [ 73.1220076, 28.1447745, 0.0 ], [ 73.1220023, 28.1450778, 0.0 ], [ 73.1219792, 28.1450774, 0.0 ], [ 73.1219845, 28.1447742, 0.0 ] ], [ [ 73.122035, 28.1450866, 0.0 ], [ 73.1220582, 28.145087, 0.0 ], [ 73.1220529, 28.1453902, 0.0 ], [ 73.1220297, 28.1453899, 0.0 ], [ 73.122035, 28.1450866, 0.0 ] ], [ [ 73.1219791, 28.1450859, 0.0 ], [ 73.1220022, 28.1450862, 0.0 ], [ 73.1219969, 28.1453894, 0.0 ], [ 73.1219738, 28.1453891, 0.0 ], [ 73.1219791, 28.1450859, 0.0 ] ], [ [ 73.1228206, 28.1449926, 0.0 ], [ 73.1228438, 28.1449929, 0.0 ], [ 73.1228385, 28.1452962, 0.0 ], [ 73.1228153, 28.1452959, 0.0 ], [ 73.1228206, 28.1449926, 0.0 ] ], [ [ 73.1227646, 28.1449919, 0.0 ], [ 73.1227878, 28.1449922, 0.0 ], [ 73.1227825, 28.1452954, 0.0 ], [ 73.1227594, 28.1452951, 0.0 ], [ 73.1227646, 28.1449919, 0.0 ] ], [ [ 73.1228152, 28.1453043, 0.0 ], [ 73.1228383, 28.1453046, 0.0 ], [ 73.122833, 28.1456079, 0.0 ], [ 73.1228099, 28.1456076, 0.0 ], [ 73.1228152, 28.1453043, 0.0 ] ], [ [ 73.1227592, 28.1453035, 0.0 ], [ 73.1227823, 28.1453039, 0.0 ], [ 73.122777, 28.1456071, 0.0 ], [ 73.1227539, 28.1456068, 0.0 ], [ 73.1227592, 28.1453035, 0.0 ] ], [ [ 73.1227015, 28.1454036, 0.0 ], [ 73.1227246, 28.1454039, 0.0 ], [ 73.1227193, 28.1457072, 0.0 ], [ 73.1226962, 28.1457069, 0.0 ], [ 73.1227015, 28.1454036, 0.0 ] ], [ [ 73.1226455, 28.1454029, 0.0 ], [ 73.1226686, 28.1454032, 0.0 ], [ 73.1226633, 28.1457064, 0.0 ], [ 73.1226402, 28.1457061, 0.0 ], [ 73.1226455, 28.1454029, 0.0 ] ], [ [ 73.122696, 28.1457153, 0.0 ], [ 73.1227192, 28.1457156, 0.0 ], [ 73.1227139, 28.1460189, 0.0 ], [ 73.1226907, 28.1460186, 0.0 ], [ 73.122696, 28.1457153, 0.0 ] ], [ [ 73.12264, 28.1457145, 0.0 ], [ 73.1226632, 28.1457148, 0.0 ], [ 73.1226579, 28.1460181, 0.0 ], [ 73.1226348, 28.1460178, 0.0 ], [ 73.12264, 28.1457145, 0.0 ] ], [ [ 73.1225895, 28.1454021, 0.0 ], [ 73.1226126, 28.1454024, 0.0 ], [ 73.1226073, 28.1457057, 0.0 ], [ 73.1225842, 28.1457053, 0.0 ], [ 73.1225895, 28.1454021, 0.0 ] ], [ [ 73.1225335, 28.1454013, 0.0 ], [ 73.1225566, 28.1454016, 0.0 ], [ 73.1225514, 28.1457049, 0.0 ], [ 73.1225282, 28.1457046, 0.0 ], [ 73.1225335, 28.1454013, 0.0 ] ], [ [ 73.1225841, 28.1457138, 0.0 ], [ 73.1226072, 28.1457141, 0.0 ], [ 73.1226019, 28.1460173, 0.0 ], [ 73.1225788, 28.146017, 0.0 ], [ 73.1225841, 28.1457138, 0.0 ] ], [ [ 73.1225281, 28.145713, 0.0 ], [ 73.1225512, 28.1457133, 0.0 ], [ 73.1225459, 28.1460166, 0.0 ], [ 73.1225228, 28.1460163, 0.0 ], [ 73.1225281, 28.145713, 0.0 ] ], [ [ 73.1224775, 28.1454005, 0.0 ], [ 73.1225007, 28.1454009, 0.0 ], [ 73.1224954, 28.1457041, 0.0 ], [ 73.1224722, 28.1457038, 0.0 ], [ 73.1224775, 28.1454005, 0.0 ] ], [ [ 73.1224215, 28.1453998, 0.0 ], [ 73.1224447, 28.1454001, 0.0 ], [ 73.1224394, 28.1457034, 0.0 ], [ 73.1224163, 28.145703, 0.0 ], [ 73.1224215, 28.1453998, 0.0 ] ], [ [ 73.1224721, 28.1457122, 0.0 ], [ 73.1224952, 28.1457125, 0.0 ], [ 73.1224899, 28.1460158, 0.0 ], [ 73.1224668, 28.1460155, 0.0 ], [ 73.1224721, 28.1457122, 0.0 ] ], [ [ 73.1224161, 28.1457115, 0.0 ], [ 73.1224392, 28.1457118, 0.0 ], [ 73.1224339, 28.146015, 0.0 ], [ 73.1224108, 28.1460147, 0.0 ], [ 73.1224161, 28.1457115, 0.0 ] ], [ [ 73.1223656, 28.145399, 0.0 ], [ 73.1223887, 28.1453993, 0.0 ], [ 73.1223834, 28.1457026, 0.0 ], [ 73.1223603, 28.1457023, 0.0 ], [ 73.1223656, 28.145399, 0.0 ] ], [ [ 73.1223096, 28.1453982, 0.0 ], [ 73.1223327, 28.1453986, 0.0 ], [ 73.1223274, 28.1457018, 0.0 ], [ 73.1223043, 28.1457015, 0.0 ], [ 73.1223096, 28.1453982, 0.0 ] ], [ [ 73.1223601, 28.1457107, 0.0 ], [ 73.1223833, 28.145711, 0.0 ], [ 73.122378, 28.1460143, 0.0 ], [ 73.1223548, 28.146014, 0.0 ], [ 73.1223601, 28.1457107, 0.0 ] ], [ [ 73.1223041, 28.1457099, 0.0 ], [ 73.1223273, 28.1457102, 0.0 ], [ 73.122322, 28.1460135, 0.0 ], [ 73.1222989, 28.1460132, 0.0 ], [ 73.1223041, 28.1457099, 0.0 ] ], [ [ 73.1222536, 28.1453975, 0.0 ], [ 73.1222767, 28.1453978, 0.0 ], [ 73.1222714, 28.1457011, 0.0 ], [ 73.1222483, 28.1457007, 0.0 ], [ 73.1222536, 28.1453975, 0.0 ] ], [ [ 73.1221976, 28.1453967, 0.0 ], [ 73.1222207, 28.145397, 0.0 ], [ 73.1222154, 28.1457003, 0.0 ], [ 73.1221923, 28.1457, 0.0 ], [ 73.1221976, 28.1453967, 0.0 ] ], [ [ 73.1222482, 28.1457092, 0.0 ], [ 73.1222713, 28.1457095, 0.0 ], [ 73.122266, 28.1460127, 0.0 ], [ 73.1222429, 28.1460124, 0.0 ], [ 73.1222482, 28.1457092, 0.0 ] ], [ [ 73.1221922, 28.1457084, 0.0 ], [ 73.1222153, 28.1457087, 0.0 ], [ 73.12221, 28.146012, 0.0 ], [ 73.1221869, 28.1460117, 0.0 ], [ 73.1221922, 28.1457084, 0.0 ] ], [ [ 73.1221416, 28.1453959, 0.0 ], [ 73.1221648, 28.1453963, 0.0 ], [ 73.1221595, 28.1456995, 0.0 ], [ 73.1221363, 28.1456992, 0.0 ], [ 73.1221416, 28.1453959, 0.0 ] ], [ [ 73.1220856, 28.1453952, 0.0 ], [ 73.1221088, 28.1453955, 0.0 ], [ 73.1221035, 28.1456988, 0.0 ], [ 73.1220804, 28.1456984, 0.0 ], [ 73.1220856, 28.1453952, 0.0 ] ], [ [ 73.1221362, 28.1457076, 0.0 ], [ 73.1221593, 28.1457079, 0.0 ], [ 73.122154, 28.1460112, 0.0 ], [ 73.1221309, 28.1460109, 0.0 ], [ 73.1221362, 28.1457076, 0.0 ] ], [ [ 73.1220802, 28.1457069, 0.0 ], [ 73.1221033, 28.1457072, 0.0 ], [ 73.122098, 28.1460104, 0.0 ], [ 73.1220749, 28.1460101, 0.0 ], [ 73.1220802, 28.1457069, 0.0 ] ], [ [ 73.1220297, 28.1453944, 0.0 ], [ 73.1220528, 28.1453947, 0.0 ], [ 73.1220475, 28.145698, 0.0 ], [ 73.1220244, 28.1456977, 0.0 ], [ 73.1220297, 28.1453944, 0.0 ] ], [ [ 73.1219737, 28.1453936, 0.0 ], [ 73.1219968, 28.145394, 0.0 ], [ 73.1219915, 28.1456972, 0.0 ], [ 73.1219684, 28.1456969, 0.0 ], [ 73.1219737, 28.1453936, 0.0 ] ], [ [ 73.1220242, 28.1457061, 0.0 ], [ 73.1220474, 28.1457064, 0.0 ], [ 73.1220421, 28.1460097, 0.0 ], [ 73.1220189, 28.1460094, 0.0 ], [ 73.1220242, 28.1457061, 0.0 ] ], [ [ 73.1219682, 28.1457053, 0.0 ], [ 73.1219914, 28.1457056, 0.0 ], [ 73.1219861, 28.1460089, 0.0 ], [ 73.1219629, 28.1460086, 0.0 ], [ 73.1219682, 28.1457053, 0.0 ] ], [ [ 73.1236876, 28.1466563, 0.0 ], [ 73.1237107, 28.1466567, 0.0 ], [ 73.1237054, 28.1469599, 0.0 ], [ 73.1236823, 28.1469596, 0.0 ], [ 73.1236876, 28.1466563, 0.0 ] ], [ [ 73.1236316, 28.1466556, 0.0 ], [ 73.1236547, 28.1466559, 0.0 ], [ 73.1236494, 28.1469592, 0.0 ], [ 73.1236263, 28.1469588, 0.0 ], [ 73.1236316, 28.1466556, 0.0 ] ], [ [ 73.1236821, 28.146968, 0.0 ], [ 73.1237053, 28.1469683, 0.0 ], [ 73.1237, 28.1472716, 0.0 ], [ 73.1236768, 28.1472713, 0.0 ], [ 73.1236821, 28.146968, 0.0 ] ], [ [ 73.1236262, 28.1469673, 0.0 ], [ 73.1236493, 28.1469676, 0.0 ], [ 73.123644, 28.1472708, 0.0 ], [ 73.1236209, 28.1472705, 0.0 ], [ 73.1236262, 28.1469673, 0.0 ] ], [ [ 73.1233517, 28.1466517, 0.0 ], [ 73.1233748, 28.1466521, 0.0 ], [ 73.1233695, 28.1469553, 0.0 ], [ 73.1233464, 28.146955, 0.0 ], [ 73.1233517, 28.1466517, 0.0 ] ], [ [ 73.1232957, 28.146651, 0.0 ], [ 73.1233188, 28.1466513, 0.0 ], [ 73.1233135, 28.1469546, 0.0 ], [ 73.1232904, 28.1469542, 0.0 ], [ 73.1232957, 28.146651, 0.0 ] ], [ [ 73.1233462, 28.1469634, 0.0 ], [ 73.1233694, 28.1469637, 0.0 ], [ 73.1233641, 28.147267, 0.0 ], [ 73.1233409, 28.1472667, 0.0 ], [ 73.1233462, 28.1469634, 0.0 ] ], [ [ 73.1232902, 28.1469627, 0.0 ], [ 73.1233134, 28.146963, 0.0 ], [ 73.1233081, 28.1472662, 0.0 ], [ 73.123285, 28.1472659, 0.0 ], [ 73.1232902, 28.1469627, 0.0 ] ], [ [ 73.1232397, 28.1466502, 0.0 ], [ 73.1232628, 28.1466505, 0.0 ], [ 73.1232575, 28.1469538, 0.0 ], [ 73.1232344, 28.1469535, 0.0 ], [ 73.1232397, 28.1466502, 0.0 ] ], [ [ 73.1231837, 28.1466494, 0.0 ], [ 73.1232068, 28.1466498, 0.0 ], [ 73.1232015, 28.146953, 0.0 ], [ 73.1231784, 28.1469527, 0.0 ], [ 73.1231837, 28.1466494, 0.0 ] ], [ [ 73.1232343, 28.1469619, 0.0 ], [ 73.1232574, 28.1469622, 0.0 ], [ 73.1232521, 28.1472655, 0.0 ], [ 73.123229, 28.1472652, 0.0 ], [ 73.1232343, 28.1469619, 0.0 ] ], [ [ 73.1231783, 28.1469611, 0.0 ], [ 73.1232014, 28.1469614, 0.0 ], [ 73.1231961, 28.1472647, 0.0 ], [ 73.123173, 28.1472644, 0.0 ], [ 73.1231783, 28.1469611, 0.0 ] ], [ [ 73.1231277, 28.1466487, 0.0 ], [ 73.1231509, 28.146649, 0.0 ], [ 73.1231456, 28.1469523, 0.0 ], [ 73.1231224, 28.1469519, 0.0 ], [ 73.1231277, 28.1466487, 0.0 ] ], [ [ 73.1230717, 28.1466479, 0.0 ], [ 73.1230949, 28.1466482, 0.0 ], [ 73.1230896, 28.1469515, 0.0 ], [ 73.1230665, 28.1469512, 0.0 ], [ 73.1230717, 28.1466479, 0.0 ] ], [ [ 73.1231223, 28.1469604, 0.0 ], [ 73.1231454, 28.1469607, 0.0 ], [ 73.1231401, 28.1472639, 0.0 ], [ 73.123117, 28.1472636, 0.0 ], [ 73.1231223, 28.1469604, 0.0 ] ], [ [ 73.1230663, 28.1469596, 0.0 ], [ 73.1230894, 28.1469599, 0.0 ], [ 73.1230841, 28.1472632, 0.0 ], [ 73.123061, 28.1472629, 0.0 ], [ 73.1230663, 28.1469596, 0.0 ] ], [ [ 73.123023, 28.1462346, 0.0 ], [ 73.1230461, 28.1462349, 0.0 ], [ 73.1230408, 28.1465382, 0.0 ], [ 73.1230177, 28.1465379, 0.0 ], [ 73.123023, 28.1462346, 0.0 ] ], [ [ 73.122967, 28.1462338, 0.0 ], [ 73.1229901, 28.1462342, 0.0 ], [ 73.1229848, 28.1465374, 0.0 ], [ 73.1229617, 28.1465371, 0.0 ], [ 73.122967, 28.1462338, 0.0 ] ], [ [ 73.1230175, 28.1465463, 0.0 ], [ 73.1230406, 28.1465466, 0.0 ], [ 73.1230354, 28.1468499, 0.0 ], [ 73.1230122, 28.1468496, 0.0 ], [ 73.1230175, 28.1465463, 0.0 ] ], [ [ 73.1229615, 28.1465455, 0.0 ], [ 73.1229847, 28.1465458, 0.0 ], [ 73.1229794, 28.1468491, 0.0 ], [ 73.1229562, 28.1468488, 0.0 ], [ 73.1229615, 28.1465455, 0.0 ] ], [ [ 73.122911, 28.1462331, 0.0 ], [ 73.1229341, 28.1462334, 0.0 ], [ 73.1229288, 28.1465367, 0.0 ], [ 73.1229057, 28.1465363, 0.0 ], [ 73.122911, 28.1462331, 0.0 ] ], [ [ 73.122855, 28.1462323, 0.0 ], [ 73.1228781, 28.1462326, 0.0 ], [ 73.1228728, 28.1465359, 0.0 ], [ 73.1228497, 28.1465356, 0.0 ], [ 73.122855, 28.1462323, 0.0 ] ], [ [ 73.1229055, 28.1465448, 0.0 ], [ 73.1229287, 28.1465451, 0.0 ], [ 73.1229234, 28.1468483, 0.0 ], [ 73.1229003, 28.146848, 0.0 ], [ 73.1229055, 28.1465448, 0.0 ] ], [ [ 73.1228496, 28.146544, 0.0 ], [ 73.1228727, 28.1465443, 0.0 ], [ 73.1228674, 28.1468476, 0.0 ], [ 73.1228443, 28.1468473, 0.0 ], [ 73.1228496, 28.146544, 0.0 ] ], [ [ 73.1236984, 28.1460369, 0.0 ], [ 73.1237215, 28.1460372, 0.0 ], [ 73.1237162, 28.1463405, 0.0 ], [ 73.1236931, 28.1463401, 0.0 ], [ 73.1236984, 28.1460369, 0.0 ] ], [ [ 73.1236424, 28.1460361, 0.0 ], [ 73.1236655, 28.1460364, 0.0 ], [ 73.1236602, 28.1463397, 0.0 ], [ 73.1236371, 28.1463394, 0.0 ], [ 73.1236424, 28.1460361, 0.0 ] ], [ [ 73.1236929, 28.1463486, 0.0 ], [ 73.1237161, 28.1463489, 0.0 ], [ 73.1237108, 28.1466521, 0.0 ], [ 73.1236876, 28.1466518, 0.0 ], [ 73.1236929, 28.1463486, 0.0 ] ], [ [ 73.123637, 28.1463478, 0.0 ], [ 73.1236601, 28.1463481, 0.0 ], [ 73.1236548, 28.1466514, 0.0 ], [ 73.1236317, 28.1466511, 0.0 ], [ 73.123637, 28.1463478, 0.0 ] ], [ [ 73.1234744, 28.1460338, 0.0 ], [ 73.1234976, 28.1460341, 0.0 ], [ 73.1234923, 28.1463374, 0.0 ], [ 73.1234691, 28.1463371, 0.0 ], [ 73.1234744, 28.1460338, 0.0 ] ], [ [ 73.1234185, 28.146033, 0.0 ], [ 73.1234416, 28.1460334, 0.0 ], [ 73.1234363, 28.1463366, 0.0 ], [ 73.1234132, 28.1463363, 0.0 ], [ 73.1234185, 28.146033, 0.0 ] ], [ [ 73.123469, 28.1463455, 0.0 ], [ 73.1234921, 28.1463458, 0.0 ], [ 73.1234868, 28.1466491, 0.0 ], [ 73.1234637, 28.1466488, 0.0 ], [ 73.123469, 28.1463455, 0.0 ] ], [ [ 73.123413, 28.1463447, 0.0 ], [ 73.1234361, 28.146345, 0.0 ], [ 73.1234309, 28.1466483, 0.0 ], [ 73.1234077, 28.146648, 0.0 ], [ 73.123413, 28.1463447, 0.0 ] ], [ [ 73.1233625, 28.1460323, 0.0 ], [ 73.1233856, 28.1460326, 0.0 ], [ 73.1233803, 28.1463359, 0.0 ], [ 73.1233572, 28.1463355, 0.0 ], [ 73.1233625, 28.1460323, 0.0 ] ], [ [ 73.1233065, 28.1460315, 0.0 ], [ 73.1233296, 28.1460318, 0.0 ], [ 73.1233243, 28.1463351, 0.0 ], [ 73.1233012, 28.1463348, 0.0 ], [ 73.1233065, 28.1460315, 0.0 ] ], [ [ 73.123357, 28.146344, 0.0 ], [ 73.1233802, 28.1463443, 0.0 ], [ 73.1233749, 28.1466475, 0.0 ], [ 73.1233517, 28.1466472, 0.0 ], [ 73.123357, 28.146344, 0.0 ] ], [ [ 73.123301, 28.1463432, 0.0 ], [ 73.1233242, 28.1463435, 0.0 ], [ 73.1233189, 28.1466468, 0.0 ], [ 73.1232958, 28.1466465, 0.0 ], [ 73.123301, 28.1463432, 0.0 ] ], [ [ 73.1232505, 28.1460307, 0.0 ], [ 73.1232736, 28.1460311, 0.0 ], [ 73.1232683, 28.1463343, 0.0 ], [ 73.1232452, 28.146334, 0.0 ], [ 73.1232505, 28.1460307, 0.0 ] ], [ [ 73.1231945, 28.14603, 0.0 ], [ 73.1232176, 28.1460303, 0.0 ], [ 73.1232124, 28.1463336, 0.0 ], [ 73.1231892, 28.1463332, 0.0 ], [ 73.1231945, 28.14603, 0.0 ] ], [ [ 73.1232451, 28.1463424, 0.0 ], [ 73.1232682, 28.1463427, 0.0 ], [ 73.1232629, 28.146646, 0.0 ], [ 73.1232398, 28.1466457, 0.0 ], [ 73.1232451, 28.1463424, 0.0 ] ], [ [ 73.1231891, 28.1463417, 0.0 ], [ 73.1232122, 28.146342, 0.0 ], [ 73.1232069, 28.1466452, 0.0 ], [ 73.1231838, 28.1466449, 0.0 ], [ 73.1231891, 28.1463417, 0.0 ] ], [ [ 73.1231385, 28.1460292, 0.0 ], [ 73.1231617, 28.1460295, 0.0 ], [ 73.1231564, 28.1463328, 0.0 ], [ 73.1231332, 28.1463325, 0.0 ], [ 73.1231385, 28.1460292, 0.0 ] ], [ [ 73.1230825, 28.1460284, 0.0 ], [ 73.1231057, 28.1460288, 0.0 ], [ 73.1231004, 28.146332, 0.0 ], [ 73.1230773, 28.1463317, 0.0 ], [ 73.1230825, 28.1460284, 0.0 ] ], [ [ 73.1231331, 28.1463409, 0.0 ], [ 73.1231562, 28.1463412, 0.0 ], [ 73.1231509, 28.1466445, 0.0 ], [ 73.1231278, 28.1466442, 0.0 ], [ 73.1231331, 28.1463409, 0.0 ] ], [ [ 73.1230771, 28.1463401, 0.0 ], [ 73.1231002, 28.1463404, 0.0 ], [ 73.1230949, 28.1466437, 0.0 ], [ 73.1230718, 28.1466434, 0.0 ], [ 73.1230771, 28.1463401, 0.0 ] ], [ [ 73.1230338, 28.1456152, 0.0 ], [ 73.1230569, 28.1456155, 0.0 ], [ 73.1230516, 28.1459187, 0.0 ], [ 73.1230285, 28.1459184, 0.0 ], [ 73.1230338, 28.1456152, 0.0 ] ], [ [ 73.1229778, 28.1456144, 0.0 ], [ 73.1230009, 28.1456147, 0.0 ], [ 73.1229956, 28.145918, 0.0 ], [ 73.1229725, 28.1459177, 0.0 ], [ 73.1229778, 28.1456144, 0.0 ] ], [ [ 73.1230283, 28.1459268, 0.0 ], [ 73.1230514, 28.1459272, 0.0 ], [ 73.1230462, 28.1462304, 0.0 ], [ 73.123023, 28.1462301, 0.0 ], [ 73.1230283, 28.1459268, 0.0 ] ], [ [ 73.1229723, 28.1459261, 0.0 ], [ 73.1229955, 28.1459264, 0.0 ], [ 73.1229902, 28.1462297, 0.0 ], [ 73.122967, 28.1462293, 0.0 ], [ 73.1229723, 28.1459261, 0.0 ] ], [ [ 73.1229218, 28.1456136, 0.0 ], [ 73.1229449, 28.1456139, 0.0 ], [ 73.1229396, 28.1459172, 0.0 ], [ 73.1229165, 28.1459169, 0.0 ], [ 73.1229218, 28.1456136, 0.0 ] ], [ [ 73.1228658, 28.1456129, 0.0 ], [ 73.1228889, 28.1456132, 0.0 ], [ 73.1228836, 28.1459164, 0.0 ], [ 73.1228605, 28.1459161, 0.0 ], [ 73.1228658, 28.1456129, 0.0 ] ], [ [ 73.1229164, 28.1459253, 0.0 ], [ 73.1229395, 28.1459256, 0.0 ], [ 73.1229342, 28.1462289, 0.0 ], [ 73.1229111, 28.1462286, 0.0 ], [ 73.1229164, 28.1459253, 0.0 ] ], [ [ 73.1228604, 28.1459245, 0.0 ], [ 73.1228835, 28.1459249, 0.0 ], [ 73.1228782, 28.1462281, 0.0 ], [ 73.1228551, 28.1462278, 0.0 ], [ 73.1228604, 28.1459245, 0.0 ] ], [ [ 73.1229434, 28.1443747, 0.0 ], [ 73.1229665, 28.144375, 0.0 ], [ 73.1229612, 28.1446783, 0.0 ], [ 73.1229381, 28.144678, 0.0 ], [ 73.1229434, 28.1443747, 0.0 ] ], [ [ 73.1228874, 28.1443739, 0.0 ], [ 73.1229105, 28.1443743, 0.0 ], [ 73.1229053, 28.1446775, 0.0 ], [ 73.1228821, 28.1446772, 0.0 ], [ 73.1228874, 28.1443739, 0.0 ] ], [ [ 73.122938, 28.1446864, 0.0 ], [ 73.1229611, 28.1446867, 0.0 ], [ 73.1229558, 28.14499, 0.0 ], [ 73.1229327, 28.1449897, 0.0 ], [ 73.122938, 28.1446864, 0.0 ] ], [ [ 73.122882, 28.1446856, 0.0 ], [ 73.1229051, 28.1446859, 0.0 ], [ 73.1228998, 28.1449892, 0.0 ], [ 73.1228767, 28.1449889, 0.0 ], [ 73.122882, 28.1446856, 0.0 ] ], [ [ 73.1237092, 28.1454174, 0.0 ], [ 73.1237323, 28.1454177, 0.0 ], [ 73.123727, 28.145721, 0.0 ], [ 73.1237039, 28.1457207, 0.0 ], [ 73.1237092, 28.1454174, 0.0 ] ], [ [ 73.1236532, 28.1454167, 0.0 ], [ 73.1236763, 28.145417, 0.0 ], [ 73.123671, 28.1457202, 0.0 ], [ 73.1236479, 28.1457199, 0.0 ], [ 73.1236532, 28.1454167, 0.0 ] ], [ [ 73.1237037, 28.1457291, 0.0 ], [ 73.1237269, 28.1457294, 0.0 ], [ 73.1237216, 28.1460327, 0.0 ], [ 73.1236984, 28.1460324, 0.0 ], [ 73.1237037, 28.1457291, 0.0 ] ], [ [ 73.1236478, 28.1457283, 0.0 ], [ 73.1236709, 28.1457287, 0.0 ], [ 73.1236656, 28.1460319, 0.0 ], [ 73.1236425, 28.1460316, 0.0 ], [ 73.1236478, 28.1457283, 0.0 ] ], [ [ 73.1234852, 28.1454144, 0.0 ], [ 73.1235084, 28.1454147, 0.0 ], [ 73.1235031, 28.1457179, 0.0 ], [ 73.1234799, 28.1457176, 0.0 ], [ 73.1234852, 28.1454144, 0.0 ] ], [ [ 73.1234293, 28.1454136, 0.0 ], [ 73.1234524, 28.1454139, 0.0 ], [ 73.1234471, 28.1457172, 0.0 ], [ 73.123424, 28.1457169, 0.0 ], [ 73.1234293, 28.1454136, 0.0 ] ], [ [ 73.1234798, 28.145726, 0.0 ], [ 73.1235029, 28.1457264, 0.0 ], [ 73.1234976, 28.1460296, 0.0 ], [ 73.1234745, 28.1460293, 0.0 ], [ 73.1234798, 28.145726, 0.0 ] ], [ [ 73.1234238, 28.1457253, 0.0 ], [ 73.1234469, 28.1457256, 0.0 ], [ 73.1234417, 28.1460289, 0.0 ], [ 73.1234185, 28.1460285, 0.0 ], [ 73.1234238, 28.1457253, 0.0 ] ], [ [ 73.1233733, 28.1454128, 0.0 ], [ 73.1233964, 28.1454131, 0.0 ], [ 73.1233911, 28.1457164, 0.0 ], [ 73.123368, 28.1457161, 0.0 ], [ 73.1233733, 28.1454128, 0.0 ] ], [ [ 73.1233173, 28.1454121, 0.0 ], [ 73.1233404, 28.1454124, 0.0 ], [ 73.1233351, 28.1457156, 0.0 ], [ 73.123312, 28.1457153, 0.0 ], [ 73.1233173, 28.1454121, 0.0 ] ], [ [ 73.1233678, 28.1457245, 0.0 ], [ 73.123391, 28.1457248, 0.0 ], [ 73.1233857, 28.1460281, 0.0 ], [ 73.1233625, 28.1460278, 0.0 ], [ 73.1233678, 28.1457245, 0.0 ] ], [ [ 73.1233118, 28.1457237, 0.0 ], [ 73.123335, 28.1457241, 0.0 ], [ 73.1233297, 28.1460273, 0.0 ], [ 73.1233066, 28.146027, 0.0 ], [ 73.1233118, 28.1457237, 0.0 ] ], [ [ 73.1232613, 28.1454113, 0.0 ], [ 73.1232844, 28.1454116, 0.0 ], [ 73.1232791, 28.1457149, 0.0 ], [ 73.123256, 28.1457146, 0.0 ], [ 73.1232613, 28.1454113, 0.0 ] ], [ [ 73.1232053, 28.1454105, 0.0 ], [ 73.1232284, 28.1454108, 0.0 ], [ 73.1232232, 28.1457141, 0.0 ], [ 73.1232, 28.1457138, 0.0 ], [ 73.1232053, 28.1454105, 0.0 ] ], [ [ 73.1232559, 28.145723, 0.0 ], [ 73.123279, 28.1457233, 0.0 ], [ 73.1232737, 28.1460266, 0.0 ], [ 73.1232506, 28.1460262, 0.0 ], [ 73.1232559, 28.145723, 0.0 ] ], [ [ 73.1231999, 28.1457222, 0.0 ], [ 73.123223, 28.1457225, 0.0 ], [ 73.1232177, 28.1460258, 0.0 ], [ 73.1231946, 28.1460255, 0.0 ], [ 73.1231999, 28.1457222, 0.0 ] ], [ [ 73.1231493, 28.1454098, 0.0 ], [ 73.1231725, 28.1454101, 0.0 ], [ 73.1231672, 28.1457133, 0.0 ], [ 73.123144, 28.145713, 0.0 ], [ 73.1231493, 28.1454098, 0.0 ] ], [ [ 73.1230934, 28.145409, 0.0 ], [ 73.1231165, 28.1454093, 0.0 ], [ 73.1231112, 28.1457126, 0.0 ], [ 73.1230881, 28.1457123, 0.0 ], [ 73.1230934, 28.145409, 0.0 ] ], [ [ 73.1231439, 28.1457214, 0.0 ], [ 73.123167, 28.1457218, 0.0 ], [ 73.1231617, 28.146025, 0.0 ], [ 73.1231386, 28.1460247, 0.0 ], [ 73.1231439, 28.1457214, 0.0 ] ], [ [ 73.1230879, 28.1457207, 0.0 ], [ 73.123111, 28.145721, 0.0 ], [ 73.1231058, 28.1460243, 0.0 ], [ 73.1230826, 28.1460239, 0.0 ], [ 73.1230879, 28.1457207, 0.0 ] ], [ [ 73.1229326, 28.1449942, 0.0 ], [ 73.1229557, 28.1449945, 0.0 ], [ 73.1229504, 28.1452977, 0.0 ], [ 73.1229273, 28.1452974, 0.0 ], [ 73.1229326, 28.1449942, 0.0 ] ], [ [ 73.1228766, 28.1449934, 0.0 ], [ 73.1228997, 28.1449937, 0.0 ], [ 73.1228944, 28.145297, 0.0 ], [ 73.1228713, 28.1452967, 0.0 ], [ 73.1228766, 28.1449934, 0.0 ] ], [ [ 73.1229272, 28.1453058, 0.0 ], [ 73.1229503, 28.1453062, 0.0 ], [ 73.122945, 28.1456094, 0.0 ], [ 73.1229219, 28.1456091, 0.0 ], [ 73.1229272, 28.1453058, 0.0 ] ], [ [ 73.1228712, 28.1453051, 0.0 ], [ 73.1228943, 28.1453054, 0.0 ], [ 73.122889, 28.1456087, 0.0 ], [ 73.1228659, 28.1456083, 0.0 ], [ 73.1228712, 28.1453051, 0.0 ] ], [ [ 73.1243594, 28.1466655, 0.0 ], [ 73.1243825, 28.1466659, 0.0 ], [ 73.1243772, 28.1469691, 0.0 ], [ 73.1243541, 28.1469688, 0.0 ], [ 73.1243594, 28.1466655, 0.0 ] ], [ [ 73.1243034, 28.1466648, 0.0 ], [ 73.1243265, 28.1466651, 0.0 ], [ 73.1243212, 28.1469684, 0.0 ], [ 73.1242981, 28.146968, 0.0 ], [ 73.1243034, 28.1466648, 0.0 ] ], [ [ 73.1243539, 28.1469772, 0.0 ], [ 73.1243771, 28.1469775, 0.0 ], [ 73.1243718, 28.1472808, 0.0 ], [ 73.1243487, 28.1472805, 0.0 ], [ 73.1243539, 28.1469772, 0.0 ] ], [ [ 73.124298, 28.1469765, 0.0 ], [ 73.1243211, 28.1469768, 0.0 ], [ 73.1243158, 28.14728, 0.0 ], [ 73.1242927, 28.1472797, 0.0 ], [ 73.124298, 28.1469765, 0.0 ] ], [ [ 73.1242474, 28.146664, 0.0 ], [ 73.1242705, 28.1466643, 0.0 ], [ 73.1242653, 28.1469676, 0.0 ], [ 73.1242421, 28.1469673, 0.0 ], [ 73.1242474, 28.146664, 0.0 ] ], [ [ 73.1241914, 28.1466632, 0.0 ], [ 73.1242146, 28.1466636, 0.0 ], [ 73.1242093, 28.1469668, 0.0 ], [ 73.1241861, 28.1469665, 0.0 ], [ 73.1241914, 28.1466632, 0.0 ] ], [ [ 73.124242, 28.1469757, 0.0 ], [ 73.1242651, 28.146976, 0.0 ], [ 73.1242598, 28.1472793, 0.0 ], [ 73.1242367, 28.147279, 0.0 ], [ 73.124242, 28.1469757, 0.0 ] ], [ [ 73.124186, 28.1469749, 0.0 ], [ 73.1242091, 28.1469752, 0.0 ], [ 73.1242038, 28.1472785, 0.0 ], [ 73.1241807, 28.1472782, 0.0 ], [ 73.124186, 28.1469749, 0.0 ] ], [ [ 73.1241354, 28.1466625, 0.0 ], [ 73.1241586, 28.1466628, 0.0 ], [ 73.1241533, 28.1469661, 0.0 ], [ 73.1241302, 28.1469657, 0.0 ], [ 73.1241354, 28.1466625, 0.0 ] ], [ [ 73.1240795, 28.1466617, 0.0 ], [ 73.1241026, 28.146662, 0.0 ], [ 73.1240973, 28.1469653, 0.0 ], [ 73.1240742, 28.146965, 0.0 ], [ 73.1240795, 28.1466617, 0.0 ] ], [ [ 73.12413, 28.1469742, 0.0 ], [ 73.1241531, 28.1469745, 0.0 ], [ 73.1241479, 28.1472777, 0.0 ], [ 73.1241247, 28.1472774, 0.0 ], [ 73.12413, 28.1469742, 0.0 ] ], [ [ 73.124074, 28.1469734, 0.0 ], [ 73.1240972, 28.1469737, 0.0 ], [ 73.1240919, 28.147277, 0.0 ], [ 73.1240687, 28.1472767, 0.0 ], [ 73.124074, 28.1469734, 0.0 ] ], [ [ 73.1240235, 28.1466609, 0.0 ], [ 73.1240466, 28.1466613, 0.0 ], [ 73.1240413, 28.1469645, 0.0 ], [ 73.1240182, 28.1469642, 0.0 ], [ 73.1240235, 28.1466609, 0.0 ] ], [ [ 73.1239675, 28.1466602, 0.0 ], [ 73.1239906, 28.1466605, 0.0 ], [ 73.1239853, 28.1469638, 0.0 ], [ 73.1239622, 28.1469634, 0.0 ], [ 73.1239675, 28.1466602, 0.0 ] ], [ [ 73.124018, 28.1469726, 0.0 ], [ 73.1240412, 28.1469729, 0.0 ], [ 73.1240359, 28.1472762, 0.0 ], [ 73.1240128, 28.1472759, 0.0 ], [ 73.124018, 28.1469726, 0.0 ] ], [ [ 73.1239621, 28.1469719, 0.0 ], [ 73.1239852, 28.1469722, 0.0 ], [ 73.1239799, 28.1472754, 0.0 ], [ 73.1239568, 28.1472751, 0.0 ], [ 73.1239621, 28.1469719, 0.0 ] ], [ [ 73.1239115, 28.1466594, 0.0 ], [ 73.1239346, 28.1466597, 0.0 ], [ 73.1239293, 28.146963, 0.0 ], [ 73.1239062, 28.1469627, 0.0 ], [ 73.1239115, 28.1466594, 0.0 ] ], [ [ 73.1238555, 28.1466586, 0.0 ], [ 73.1238786, 28.146659, 0.0 ], [ 73.1238734, 28.1469622, 0.0 ], [ 73.1238502, 28.1469619, 0.0 ], [ 73.1238555, 28.1466586, 0.0 ] ], [ [ 73.1239061, 28.1469711, 0.0 ], [ 73.1239292, 28.1469714, 0.0 ], [ 73.1239239, 28.1472747, 0.0 ], [ 73.1239008, 28.1472744, 0.0 ], [ 73.1239061, 28.1469711, 0.0 ] ], [ [ 73.1238501, 28.1469703, 0.0 ], [ 73.1238732, 28.1469706, 0.0 ], [ 73.1238679, 28.1472739, 0.0 ], [ 73.1238448, 28.1472736, 0.0 ], [ 73.1238501, 28.1469703, 0.0 ] ], [ [ 73.1237995, 28.1466579, 0.0 ], [ 73.1238227, 28.1466582, 0.0 ], [ 73.1238174, 28.1469615, 0.0 ], [ 73.1237943, 28.1469611, 0.0 ], [ 73.1237995, 28.1466579, 0.0 ] ], [ [ 73.1237436, 28.1466571, 0.0 ], [ 73.1237667, 28.1466574, 0.0 ], [ 73.1237614, 28.1469607, 0.0 ], [ 73.1237383, 28.1469604, 0.0 ], [ 73.1237436, 28.1466571, 0.0 ] ], [ [ 73.1237941, 28.1469696, 0.0 ], [ 73.1238172, 28.1469699, 0.0 ], [ 73.1238119, 28.1472731, 0.0 ], [ 73.1237888, 28.1472728, 0.0 ], [ 73.1237941, 28.1469696, 0.0 ] ], [ [ 73.1237381, 28.1469688, 0.0 ], [ 73.1237612, 28.1469691, 0.0 ], [ 73.123756, 28.1472724, 0.0 ], [ 73.1237328, 28.1472721, 0.0 ], [ 73.1237381, 28.1469688, 0.0 ] ], [ [ 73.1243702, 28.1460461, 0.0 ], [ 73.1243933, 28.1460464, 0.0 ], [ 73.124388, 28.1463497, 0.0 ], [ 73.1243649, 28.1463493, 0.0 ], [ 73.1243702, 28.1460461, 0.0 ] ], [ [ 73.1243142, 28.1460453, 0.0 ], [ 73.1243373, 28.1460456, 0.0 ], [ 73.124332, 28.1463489, 0.0 ], [ 73.1243089, 28.1463486, 0.0 ], [ 73.1243142, 28.1460453, 0.0 ] ], [ [ 73.1243647, 28.1463578, 0.0 ], [ 73.1243879, 28.1463581, 0.0 ], [ 73.1243826, 28.1466613, 0.0 ], [ 73.1243595, 28.146661, 0.0 ], [ 73.1243647, 28.1463578, 0.0 ] ], [ [ 73.1243088, 28.146357, 0.0 ], [ 73.1243319, 28.1463573, 0.0 ], [ 73.1243266, 28.1466606, 0.0 ], [ 73.1243035, 28.1466603, 0.0 ], [ 73.1243088, 28.146357, 0.0 ] ], [ [ 73.1242582, 28.1460445, 0.0 ], [ 73.1242813, 28.1460449, 0.0 ], [ 73.124276, 28.1463481, 0.0 ], [ 73.1242529, 28.1463478, 0.0 ], [ 73.1242582, 28.1460445, 0.0 ] ], [ [ 73.1242022, 28.1460438, 0.0 ], [ 73.1242254, 28.1460441, 0.0 ], [ 73.1242201, 28.1463474, 0.0 ], [ 73.1241969, 28.146347, 0.0 ], [ 73.1242022, 28.1460438, 0.0 ] ], [ [ 73.1242528, 28.1463562, 0.0 ], [ 73.1242759, 28.1463565, 0.0 ], [ 73.1242706, 28.1466598, 0.0 ], [ 73.1242475, 28.1466595, 0.0 ], [ 73.1242528, 28.1463562, 0.0 ] ], [ [ 73.1241968, 28.1463555, 0.0 ], [ 73.1242199, 28.1463558, 0.0 ], [ 73.1242146, 28.146659, 0.0 ], [ 73.1241915, 28.1466587, 0.0 ], [ 73.1241968, 28.1463555, 0.0 ] ], [ [ 73.1241462, 28.146043, 0.0 ], [ 73.1241694, 28.1460433, 0.0 ], [ 73.1241641, 28.1463466, 0.0 ], [ 73.124141, 28.1463463, 0.0 ], [ 73.1241462, 28.146043, 0.0 ] ], [ [ 73.1240903, 28.1460422, 0.0 ], [ 73.1241134, 28.1460426, 0.0 ], [ 73.1241081, 28.1463458, 0.0 ], [ 73.124085, 28.1463455, 0.0 ], [ 73.1240903, 28.1460422, 0.0 ] ], [ [ 73.1241408, 28.1463547, 0.0 ], [ 73.1241639, 28.146355, 0.0 ], [ 73.1241586, 28.1466583, 0.0 ], [ 73.1241355, 28.146658, 0.0 ], [ 73.1241408, 28.1463547, 0.0 ] ], [ [ 73.1240848, 28.1463539, 0.0 ], [ 73.124108, 28.1463542, 0.0 ], [ 73.1241027, 28.1466575, 0.0 ], [ 73.1240795, 28.1466572, 0.0 ], [ 73.1240848, 28.1463539, 0.0 ] ], [ [ 73.1240343, 28.1460415, 0.0 ], [ 73.1240574, 28.1460418, 0.0 ], [ 73.1240521, 28.1463451, 0.0 ], [ 73.124029, 28.1463447, 0.0 ], [ 73.1240343, 28.1460415, 0.0 ] ], [ [ 73.1239783, 28.1460407, 0.0 ], [ 73.1240014, 28.146041, 0.0 ], [ 73.1239961, 28.1463443, 0.0 ], [ 73.123973, 28.146344, 0.0 ], [ 73.1239783, 28.1460407, 0.0 ] ], [ [ 73.1240288, 28.1463532, 0.0 ], [ 73.124052, 28.1463535, 0.0 ], [ 73.1240467, 28.1466567, 0.0 ], [ 73.1240236, 28.1466564, 0.0 ], [ 73.1240288, 28.1463532, 0.0 ] ], [ [ 73.1239729, 28.1463524, 0.0 ], [ 73.123996, 28.1463527, 0.0 ], [ 73.1239907, 28.146656, 0.0 ], [ 73.1239676, 28.1466557, 0.0 ], [ 73.1239729, 28.1463524, 0.0 ] ], [ [ 73.1239223, 28.1460399, 0.0 ], [ 73.1239454, 28.1460403, 0.0 ], [ 73.1239401, 28.1463435, 0.0 ], [ 73.123917, 28.1463432, 0.0 ], [ 73.1239223, 28.1460399, 0.0 ] ], [ [ 73.1238663, 28.1460392, 0.0 ], [ 73.1238894, 28.1460395, 0.0 ], [ 73.1238842, 28.1463428, 0.0 ], [ 73.123861, 28.1463424, 0.0 ], [ 73.1238663, 28.1460392, 0.0 ] ], [ [ 73.1239169, 28.1463516, 0.0 ], [ 73.12394, 28.1463519, 0.0 ], [ 73.1239347, 28.1466552, 0.0 ], [ 73.1239116, 28.1466549, 0.0 ], [ 73.1239169, 28.1463516, 0.0 ] ], [ [ 73.1238609, 28.1463509, 0.0 ], [ 73.123884, 28.1463512, 0.0 ], [ 73.1238787, 28.1466544, 0.0 ], [ 73.1238556, 28.1466541, 0.0 ], [ 73.1238609, 28.1463509, 0.0 ] ], [ [ 73.1238103, 28.1460384, 0.0 ], [ 73.1238335, 28.1460387, 0.0 ], [ 73.1238282, 28.146342, 0.0 ], [ 73.1238051, 28.1463417, 0.0 ], [ 73.1238103, 28.1460384, 0.0 ] ], [ [ 73.1237544, 28.1460376, 0.0 ], [ 73.1237775, 28.146038, 0.0 ], [ 73.1237722, 28.1463412, 0.0 ], [ 73.1237491, 28.1463409, 0.0 ], [ 73.1237544, 28.1460376, 0.0 ] ], [ [ 73.1238049, 28.1463501, 0.0 ], [ 73.123828, 28.1463504, 0.0 ], [ 73.1238227, 28.1466537, 0.0 ], [ 73.1237996, 28.1466534, 0.0 ], [ 73.1238049, 28.1463501, 0.0 ] ], [ [ 73.1237489, 28.1463493, 0.0 ], [ 73.123772, 28.1463496, 0.0 ], [ 73.1237668, 28.1466529, 0.0 ], [ 73.1237436, 28.1466526, 0.0 ], [ 73.1237489, 28.1463493, 0.0 ] ], [ [ 73.124381, 28.1454266, 0.0 ], [ 73.1244041, 28.1454269, 0.0 ], [ 73.1243988, 28.1457302, 0.0 ], [ 73.1243757, 28.1457299, 0.0 ], [ 73.124381, 28.1454266, 0.0 ] ], [ [ 73.124325, 28.1454259, 0.0 ], [ 73.1243481, 28.1454262, 0.0 ], [ 73.1243428, 28.1457294, 0.0 ], [ 73.1243197, 28.1457291, 0.0 ], [ 73.124325, 28.1454259, 0.0 ] ], [ [ 73.1243755, 28.1457383, 0.0 ], [ 73.1243987, 28.1457386, 0.0 ], [ 73.1243934, 28.1460419, 0.0 ], [ 73.1243703, 28.1460416, 0.0 ], [ 73.1243755, 28.1457383, 0.0 ] ], [ [ 73.1243196, 28.1457375, 0.0 ], [ 73.1243427, 28.1457379, 0.0 ], [ 73.1243374, 28.1460411, 0.0 ], [ 73.1243143, 28.1460408, 0.0 ], [ 73.1243196, 28.1457375, 0.0 ] ], [ [ 73.124269, 28.1454251, 0.0 ], [ 73.1242921, 28.1454254, 0.0 ], [ 73.1242868, 28.1457287, 0.0 ], [ 73.1242637, 28.1457284, 0.0 ], [ 73.124269, 28.1454251, 0.0 ] ], [ [ 73.124213, 28.1454243, 0.0 ], [ 73.1242361, 28.1454246, 0.0 ], [ 73.1242309, 28.1457279, 0.0 ], [ 73.1242077, 28.1457276, 0.0 ], [ 73.124213, 28.1454243, 0.0 ] ], [ [ 73.1242636, 28.1457368, 0.0 ], [ 73.1242867, 28.1457371, 0.0 ], [ 73.1242814, 28.1460404, 0.0 ], [ 73.1242583, 28.14604, 0.0 ], [ 73.1242636, 28.1457368, 0.0 ] ], [ [ 73.1242076, 28.145736, 0.0 ], [ 73.1242307, 28.1457363, 0.0 ], [ 73.1242254, 28.1460396, 0.0 ], [ 73.1242023, 28.1460393, 0.0 ], [ 73.1242076, 28.145736, 0.0 ] ], [ [ 73.124157, 28.1454236, 0.0 ], [ 73.1241802, 28.1454239, 0.0 ], [ 73.1241749, 28.1457271, 0.0 ], [ 73.1241518, 28.1457268, 0.0 ], [ 73.124157, 28.1454236, 0.0 ] ], [ [ 73.1241011, 28.1454228, 0.0 ], [ 73.1241242, 28.1454231, 0.0 ], [ 73.1241189, 28.1457264, 0.0 ], [ 73.1240958, 28.1457261, 0.0 ], [ 73.1241011, 28.1454228, 0.0 ] ], [ [ 73.1241516, 28.1457352, 0.0 ], [ 73.1241747, 28.1457356, 0.0 ], [ 73.1241694, 28.1460388, 0.0 ], [ 73.1241463, 28.1460385, 0.0 ], [ 73.1241516, 28.1457352, 0.0 ] ], [ [ 73.1240956, 28.1457345, 0.0 ], [ 73.1241187, 28.1457348, 0.0 ], [ 73.1241135, 28.1460381, 0.0 ], [ 73.1240903, 28.1460377, 0.0 ], [ 73.1240956, 28.1457345, 0.0 ] ], [ [ 73.1240451, 28.145422, 0.0 ], [ 73.1240682, 28.1454223, 0.0 ], [ 73.1240629, 28.1457256, 0.0 ], [ 73.1240398, 28.1457253, 0.0 ], [ 73.1240451, 28.145422, 0.0 ] ], [ [ 73.1239891, 28.1454213, 0.0 ], [ 73.1240122, 28.1454216, 0.0 ], [ 73.1240069, 28.1457248, 0.0 ], [ 73.1239838, 28.1457245, 0.0 ], [ 73.1239891, 28.1454213, 0.0 ] ], [ [ 73.1240396, 28.1457337, 0.0 ], [ 73.1240628, 28.145734, 0.0 ], [ 73.1240575, 28.1460373, 0.0 ], [ 73.1240344, 28.146037, 0.0 ], [ 73.1240396, 28.1457337, 0.0 ] ], [ [ 73.1239837, 28.1457329, 0.0 ], [ 73.1240068, 28.1457333, 0.0 ], [ 73.1240015, 28.1460365, 0.0 ], [ 73.1239784, 28.1460362, 0.0 ], [ 73.1239837, 28.1457329, 0.0 ] ], [ [ 73.1239331, 28.1454205, 0.0 ], [ 73.1239562, 28.1454208, 0.0 ], [ 73.1239509, 28.1457241, 0.0 ], [ 73.1239278, 28.1457238, 0.0 ], [ 73.1239331, 28.1454205, 0.0 ] ], [ [ 73.1238771, 28.1454197, 0.0 ], [ 73.1239002, 28.14542, 0.0 ], [ 73.123895, 28.1457233, 0.0 ], [ 73.1238718, 28.145723, 0.0 ], [ 73.1238771, 28.1454197, 0.0 ] ], [ [ 73.1239277, 28.1457322, 0.0 ], [ 73.1239508, 28.1457325, 0.0 ], [ 73.1239455, 28.1460358, 0.0 ], [ 73.1239224, 28.1460354, 0.0 ], [ 73.1239277, 28.1457322, 0.0 ] ], [ [ 73.1238717, 28.1457314, 0.0 ], [ 73.1238948, 28.1457317, 0.0 ], [ 73.1238895, 28.146035, 0.0 ], [ 73.1238664, 28.1460347, 0.0 ], [ 73.1238717, 28.1457314, 0.0 ] ], [ [ 73.1238211, 28.145419, 0.0 ], [ 73.1238443, 28.1454193, 0.0 ], [ 73.123839, 28.1457225, 0.0 ], [ 73.1238158, 28.1457222, 0.0 ], [ 73.1238211, 28.145419, 0.0 ] ], [ [ 73.1237652, 28.1454182, 0.0 ], [ 73.1237883, 28.1454185, 0.0 ], [ 73.123783, 28.1457218, 0.0 ], [ 73.1237599, 28.1457215, 0.0 ], [ 73.1237652, 28.1454182, 0.0 ] ], [ [ 73.1238157, 28.1457306, 0.0 ], [ 73.1238388, 28.145731, 0.0 ], [ 73.1238335, 28.1460342, 0.0 ], [ 73.1238104, 28.1460339, 0.0 ], [ 73.1238157, 28.1457306, 0.0 ] ], [ [ 73.1237597, 28.1457299, 0.0 ], [ 73.1237828, 28.1457302, 0.0 ], [ 73.1237776, 28.1460335, 0.0 ], [ 73.1237544, 28.1460331, 0.0 ], [ 73.1237597, 28.1457299, 0.0 ] ], [ [ 73.1246953, 28.1466701, 0.0 ], [ 73.1247184, 28.1466705, 0.0 ], [ 73.1247131, 28.1469737, 0.0 ], [ 73.12469, 28.1469734, 0.0 ], [ 73.1246953, 28.1466701, 0.0 ] ], [ [ 73.1246393, 28.1466694, 0.0 ], [ 73.1246624, 28.1466697, 0.0 ], [ 73.1246571, 28.146973, 0.0 ], [ 73.124634, 28.1469726, 0.0 ], [ 73.1246393, 28.1466694, 0.0 ] ], [ [ 73.1246899, 28.1469818, 0.0 ], [ 73.124713, 28.1469821, 0.0 ], [ 73.1247077, 28.1472854, 0.0 ], [ 73.1246846, 28.1472851, 0.0 ], [ 73.1246899, 28.1469818, 0.0 ] ], [ [ 73.1246339, 28.1469811, 0.0 ], [ 73.124657, 28.1469814, 0.0 ], [ 73.1246517, 28.1472846, 0.0 ], [ 73.1246286, 28.1472843, 0.0 ], [ 73.1246339, 28.1469811, 0.0 ] ], [ [ 73.1245833, 28.1466686, 0.0 ], [ 73.1246064, 28.1466689, 0.0 ], [ 73.1246012, 28.1469722, 0.0 ], [ 73.124578, 28.1469719, 0.0 ], [ 73.1245833, 28.1466686, 0.0 ] ], [ [ 73.1245273, 28.1466678, 0.0 ], [ 73.1245505, 28.1466682, 0.0 ], [ 73.1245452, 28.1469714, 0.0 ], [ 73.124522, 28.1469711, 0.0 ], [ 73.1245273, 28.1466678, 0.0 ] ], [ [ 73.1245779, 28.1469803, 0.0 ], [ 73.124601, 28.1469806, 0.0 ], [ 73.1245957, 28.1472839, 0.0 ], [ 73.1245726, 28.1472836, 0.0 ], [ 73.1245779, 28.1469803, 0.0 ] ], [ [ 73.1245219, 28.1469795, 0.0 ], [ 73.124545, 28.1469798, 0.0 ], [ 73.1245397, 28.1472831, 0.0 ], [ 73.1245166, 28.1472828, 0.0 ], [ 73.1245219, 28.1469795, 0.0 ] ], [ [ 73.1244713, 28.1466671, 0.0 ], [ 73.1244945, 28.1466674, 0.0 ], [ 73.1244892, 28.1469707, 0.0 ], [ 73.1244661, 28.1469703, 0.0 ], [ 73.1244713, 28.1466671, 0.0 ] ], [ [ 73.1244154, 28.1466663, 0.0 ], [ 73.1244385, 28.1466666, 0.0 ], [ 73.1244332, 28.1469699, 0.0 ], [ 73.1244101, 28.1469696, 0.0 ], [ 73.1244154, 28.1466663, 0.0 ] ], [ [ 73.1244659, 28.1469788, 0.0 ], [ 73.124489, 28.1469791, 0.0 ], [ 73.1244838, 28.1472823, 0.0 ], [ 73.1244606, 28.147282, 0.0 ], [ 73.1244659, 28.1469788, 0.0 ] ], [ [ 73.1244099, 28.146978, 0.0 ], [ 73.1244331, 28.1469783, 0.0 ], [ 73.1244278, 28.1472816, 0.0 ], [ 73.1244046, 28.1472813, 0.0 ], [ 73.1244099, 28.146978, 0.0 ] ], [ [ 73.1247061, 28.1460507, 0.0 ], [ 73.1247292, 28.146051, 0.0 ], [ 73.1247239, 28.1463543, 0.0 ], [ 73.1247008, 28.1463539, 0.0 ], [ 73.1247061, 28.1460507, 0.0 ] ], [ [ 73.1246501, 28.1460499, 0.0 ], [ 73.1246732, 28.1460502, 0.0 ], [ 73.1246679, 28.1463535, 0.0 ], [ 73.1246448, 28.1463532, 0.0 ], [ 73.1246501, 28.1460499, 0.0 ] ], [ [ 73.1247006, 28.1463624, 0.0 ], [ 73.1247238, 28.1463627, 0.0 ], [ 73.1247185, 28.1466659, 0.0 ], [ 73.1246954, 28.1466656, 0.0 ], [ 73.1247006, 28.1463624, 0.0 ] ], [ [ 73.1246447, 28.1463616, 0.0 ], [ 73.1246678, 28.1463619, 0.0 ], [ 73.1246625, 28.1466652, 0.0 ], [ 73.1246394, 28.1466649, 0.0 ], [ 73.1246447, 28.1463616, 0.0 ] ], [ [ 73.1245941, 28.1460491, 0.0 ], [ 73.1246172, 28.1460495, 0.0 ], [ 73.124612, 28.1463527, 0.0 ], [ 73.1245888, 28.1463524, 0.0 ], [ 73.1245941, 28.1460491, 0.0 ] ], [ [ 73.1245381, 28.1460484, 0.0 ], [ 73.1245613, 28.1460487, 0.0 ], [ 73.124556, 28.146352, 0.0 ], [ 73.1245328, 28.1463516, 0.0 ], [ 73.1245381, 28.1460484, 0.0 ] ], [ [ 73.1245887, 28.1463608, 0.0 ], [ 73.1246118, 28.1463611, 0.0 ], [ 73.1246065, 28.1466644, 0.0 ], [ 73.1245834, 28.1466641, 0.0 ], [ 73.1245887, 28.1463608, 0.0 ] ], [ [ 73.1245327, 28.1463601, 0.0 ], [ 73.1245558, 28.1463604, 0.0 ], [ 73.1245505, 28.1466636, 0.0 ], [ 73.1245274, 28.1466633, 0.0 ], [ 73.1245327, 28.1463601, 0.0 ] ], [ [ 73.1244821, 28.1460476, 0.0 ], [ 73.1245053, 28.1460479, 0.0 ], [ 73.1245, 28.1463512, 0.0 ], [ 73.1244769, 28.1463509, 0.0 ], [ 73.1244821, 28.1460476, 0.0 ] ], [ [ 73.1244262, 28.1460468, 0.0 ], [ 73.1244493, 28.1460472, 0.0 ], [ 73.124444, 28.1463504, 0.0 ], [ 73.1244209, 28.1463501, 0.0 ], [ 73.1244262, 28.1460468, 0.0 ] ], [ [ 73.1244767, 28.1463593, 0.0 ], [ 73.1244998, 28.1463596, 0.0 ], [ 73.1244946, 28.1466629, 0.0 ], [ 73.1244714, 28.1466626, 0.0 ], [ 73.1244767, 28.1463593, 0.0 ] ], [ [ 73.1244207, 28.1463585, 0.0 ], [ 73.1244439, 28.1463588, 0.0 ], [ 73.1244386, 28.1466621, 0.0 ], [ 73.1244154, 28.1466618, 0.0 ], [ 73.1244207, 28.1463585, 0.0 ] ], [ [ 73.1247169, 28.1454312, 0.0 ], [ 73.12474, 28.1454315, 0.0 ], [ 73.1247347, 28.1457348, 0.0 ], [ 73.1247116, 28.1457345, 0.0 ], [ 73.1247169, 28.1454312, 0.0 ] ], [ [ 73.1246609, 28.1454305, 0.0 ], [ 73.124684, 28.1454308, 0.0 ], [ 73.1246787, 28.145734, 0.0 ], [ 73.1246556, 28.1457337, 0.0 ], [ 73.1246609, 28.1454305, 0.0 ] ], [ [ 73.1247114, 28.1457429, 0.0 ], [ 73.1247346, 28.1457432, 0.0 ], [ 73.1247293, 28.1460465, 0.0 ], [ 73.1247062, 28.1460462, 0.0 ], [ 73.1247114, 28.1457429, 0.0 ] ], [ [ 73.1246555, 28.1457421, 0.0 ], [ 73.1246786, 28.1457425, 0.0 ], [ 73.1246733, 28.1460457, 0.0 ], [ 73.1246502, 28.1460454, 0.0 ], [ 73.1246555, 28.1457421, 0.0 ] ], [ [ 73.1246049, 28.1454297, 0.0 ], [ 73.124628, 28.14543, 0.0 ], [ 73.1246227, 28.1457333, 0.0 ], [ 73.1245996, 28.145733, 0.0 ], [ 73.1246049, 28.1454297, 0.0 ] ], [ [ 73.1245489, 28.1454289, 0.0 ], [ 73.124572, 28.1454292, 0.0 ], [ 73.1245668, 28.1457325, 0.0 ], [ 73.1245436, 28.1457322, 0.0 ], [ 73.1245489, 28.1454289, 0.0 ] ], [ [ 73.1245995, 28.1457414, 0.0 ], [ 73.1246226, 28.1457417, 0.0 ], [ 73.1246173, 28.146045, 0.0 ], [ 73.1245942, 28.1460446, 0.0 ], [ 73.1245995, 28.1457414, 0.0 ] ], [ [ 73.1245435, 28.1457406, 0.0 ], [ 73.1245666, 28.1457409, 0.0 ], [ 73.1245613, 28.1460442, 0.0 ], [ 73.1245382, 28.1460439, 0.0 ], [ 73.1245435, 28.1457406, 0.0 ] ], [ [ 73.1244929, 28.1454282, 0.0 ], [ 73.1245161, 28.1454285, 0.0 ], [ 73.1245108, 28.1457317, 0.0 ], [ 73.1244877, 28.1457314, 0.0 ], [ 73.1244929, 28.1454282, 0.0 ] ], [ [ 73.124437, 28.1454274, 0.0 ], [ 73.1244601, 28.1454277, 0.0 ], [ 73.1244548, 28.145731, 0.0 ], [ 73.1244317, 28.1457307, 0.0 ], [ 73.124437, 28.1454274, 0.0 ] ], [ [ 73.1244875, 28.1457398, 0.0 ], [ 73.1245106, 28.1457402, 0.0 ], [ 73.1245053, 28.1460434, 0.0 ], [ 73.1244822, 28.1460431, 0.0 ], [ 73.1244875, 28.1457398, 0.0 ] ], [ [ 73.1244315, 28.1457391, 0.0 ], [ 73.1244547, 28.1457394, 0.0 ], [ 73.1244494, 28.1460427, 0.0 ], [ 73.1244262, 28.1460423, 0.0 ], [ 73.1244315, 28.1457391, 0.0 ] ] ] } }
]
}
