{
"type": "FeatureCollection",
"name": "ITC-18 strings",
"bbox": [ 73.1509048, 28.1653240, 0.0000000, 73.1586313, 28.1696674, 0.0000000 ],                                                  
"features": [
{ "type": "Feature", "properties": { "id": "kml_1", "Name": "EDGE TRACKERS", "description": null, "timestamp": null, "begin": null, "end": null, "altitudeMode": null, "tessellate": -1, "extrude": 0, "visibility": -1, "drawOrder": null, "icon": null }, "bbox": [ 73.1509048, 28.1656942, 0.0, 73.1586313, 28.1696674, 0.0 ], "geometry": { "type": "MultiLineString", "coordinates": [ [ [ 73.1517553, 28.1687243, 0.0 ], [ 73.1517785, 28.1687246, 0.0 ], [ 73.1517733, 28.1690279, 0.0 ], [ 73.1517501, 28.1690276, 0.0 ], [ 73.1517553, 28.1687243, 0.0 ] ], [ [ 73.1516993, 28.1687236, 0.0 ], [ 73.1517225, 28.1687239, 0.0 ], [ 73.1517173, 28.1690271, 0.0 ], [ 73.1516941, 28.1690268, 0.0 ], [ 73.1516993, 28.1687236, 0.0 ] ], [ [ 73.15175, 28.169036, 0.0 ], [ 73.1517731, 28.1690363, 0.0 ], [ 73.1517679, 28.1693396, 0.0 ], [ 73.1517448, 28.1693393, 0.0 ], [ 73.15175, 28.169036, 0.0 ] ], [ [ 73.151694, 28.1690352, 0.0 ], [ 73.1517171, 28.1690355, 0.0 ], [ 73.1517119, 28.1693388, 0.0 ], [ 73.1516888, 28.1693385, 0.0 ], [ 73.151694, 28.1690352, 0.0 ] ], [ [ 73.1526459, 28.1690522, 0.0 ], [ 73.152669, 28.1690525, 0.0 ], [ 73.1526638, 28.1693558, 0.0 ], [ 73.1526406, 28.1693554, 0.0 ], [ 73.1526459, 28.1690522, 0.0 ] ], [ [ 73.1525899, 28.1690514, 0.0 ], [ 73.152613, 28.1690517, 0.0 ], [ 73.1526078, 28.169355, 0.0 ], [ 73.1525847, 28.1693547, 0.0 ], [ 73.1525899, 28.1690514, 0.0 ] ], [ [ 73.1526405, 28.1693639, 0.0 ], [ 73.1526636, 28.1693642, 0.0 ], [ 73.1526584, 28.1696674, 0.0 ], [ 73.1526353, 28.1696671, 0.0 ], [ 73.1526405, 28.1693639, 0.0 ] ], [ [ 73.1525845, 28.1693631, 0.0 ], [ 73.1526076, 28.1693634, 0.0 ], [ 73.1526024, 28.1696667, 0.0 ], [ 73.1525793, 28.1696664, 0.0 ], [ 73.1525845, 28.1693631, 0.0 ] ], [ [ 73.1568481, 28.1656949, 0.0 ], [ 73.1568713, 28.1656952, 0.0 ], [ 73.1568661, 28.1659985, 0.0 ], [ 73.1568429, 28.1659982, 0.0 ], [ 73.1568481, 28.1656949, 0.0 ] ], [ [ 73.1567921, 28.1656942, 0.0 ], [ 73.1568153, 28.1656945, 0.0 ], [ 73.1568101, 28.1659977, 0.0 ], [ 73.1567869, 28.1659974, 0.0 ], [ 73.1567921, 28.1656942, 0.0 ] ], [ [ 73.1568428, 28.1660066, 0.0 ], [ 73.1568659, 28.1660069, 0.0 ], [ 73.1568607, 28.1663102, 0.0 ], [ 73.1568376, 28.1663099, 0.0 ], [ 73.1568428, 28.1660066, 0.0 ] ], [ [ 73.1567868, 28.1660058, 0.0 ], [ 73.1568099, 28.1660062, 0.0 ], [ 73.1568047, 28.1663094, 0.0 ], [ 73.1567816, 28.1663091, 0.0 ], [ 73.1567868, 28.1660058, 0.0 ] ], [ [ 73.1586082, 28.1675774, 0.0 ], [ 73.1586313, 28.1675777, 0.0 ], [ 73.1586261, 28.167881, 0.0 ], [ 73.158603, 28.1678807, 0.0 ], [ 73.1586082, 28.1675774, 0.0 ] ], [ [ 73.1585522, 28.1675767, 0.0 ], [ 73.1585753, 28.167577, 0.0 ], [ 73.1585701, 28.1678802, 0.0 ], [ 73.158547, 28.1678799, 0.0 ], [ 73.1585522, 28.1675767, 0.0 ] ], [ [ 73.1586028, 28.1678891, 0.0 ], [ 73.158626, 28.1678894, 0.0 ], [ 73.1586208, 28.1681927, 0.0 ], [ 73.1585976, 28.1681924, 0.0 ], [ 73.1586028, 28.1678891, 0.0 ] ], [ [ 73.1585468, 28.1678884, 0.0 ], [ 73.15857, 28.1678887, 0.0 ], [ 73.1585648, 28.1681919, 0.0 ], [ 73.1585416, 28.1681916, 0.0 ], [ 73.1585468, 28.1678884, 0.0 ] ], [ [ 73.1545552, 28.1687621, 0.0 ], [ 73.1545783, 28.1687624, 0.0 ], [ 73.1545731, 28.1690657, 0.0 ], [ 73.15455, 28.1690653, 0.0 ], [ 73.1545552, 28.1687621, 0.0 ] ], [ [ 73.1544992, 28.1687613, 0.0 ], [ 73.1545223, 28.1687616, 0.0 ], [ 73.1545171, 28.1690649, 0.0 ], [ 73.154494, 28.1690646, 0.0 ], [ 73.1544992, 28.1687613, 0.0 ] ], [ [ 73.1545498, 28.1690738, 0.0 ], [ 73.154573, 28.1690741, 0.0 ], [ 73.1545677, 28.1693773, 0.0 ], [ 73.1545446, 28.169377, 0.0 ], [ 73.1545498, 28.1690738, 0.0 ] ], [ [ 73.1544938, 28.169073, 0.0 ], [ 73.154517, 28.1690733, 0.0 ], [ 73.1545118, 28.1693766, 0.0 ], [ 73.1544886, 28.1693763, 0.0 ], [ 73.1544938, 28.169073, 0.0 ] ], [ [ 73.1527633, 28.1687379, 0.0 ], [ 73.1527864, 28.1687382, 0.0 ], [ 73.1527812, 28.1690415, 0.0 ], [ 73.1527581, 28.1690412, 0.0 ], [ 73.1527633, 28.1687379, 0.0 ] ], [ [ 73.1527073, 28.1687372, 0.0 ], [ 73.1527304, 28.1687375, 0.0 ], [ 73.1527252, 28.1690407, 0.0 ], [ 73.1527021, 28.1690404, 0.0 ], [ 73.1527073, 28.1687372, 0.0 ] ], [ [ 73.1527579, 28.1690496, 0.0 ], [ 73.1527811, 28.1690499, 0.0 ], [ 73.1527758, 28.1693532, 0.0 ], [ 73.1527527, 28.1693529, 0.0 ], [ 73.1527579, 28.1690496, 0.0 ] ], [ [ 73.1527019, 28.1690488, 0.0 ], [ 73.1527251, 28.1690492, 0.0 ], [ 73.1527198, 28.1693524, 0.0 ], [ 73.1526967, 28.1693521, 0.0 ], [ 73.1527019, 28.1690488, 0.0 ] ], [ [ 73.1520859, 28.1690446, 0.0 ], [ 73.152109, 28.1690449, 0.0 ], [ 73.1521038, 28.1693482, 0.0 ], [ 73.1520807, 28.1693479, 0.0 ], [ 73.1520859, 28.1690446, 0.0 ] ], [ [ 73.1520299, 28.1690439, 0.0 ], [ 73.152053, 28.1690442, 0.0 ], [ 73.1520478, 28.1693474, 0.0 ], [ 73.1520247, 28.1693471, 0.0 ], [ 73.1520299, 28.1690439, 0.0 ] ], [ [ 73.1520805, 28.1693563, 0.0 ], [ 73.1521037, 28.1693566, 0.0 ], [ 73.1520985, 28.1696599, 0.0 ], [ 73.1520753, 28.1696596, 0.0 ], [ 73.1520805, 28.1693563, 0.0 ] ], [ [ 73.1520245, 28.1693556, 0.0 ], [ 73.1520477, 28.1693559, 0.0 ], [ 73.1520425, 28.1696591, 0.0 ], [ 73.1520193, 28.1696588, 0.0 ], [ 73.1520245, 28.1693556, 0.0 ] ], [ [ 73.1509714, 28.1687137, 0.0 ], [ 73.1509945, 28.168714, 0.0 ], [ 73.1509893, 28.1690173, 0.0 ], [ 73.1509662, 28.169017, 0.0 ], [ 73.1509714, 28.1687137, 0.0 ] ], [ [ 73.1509154, 28.168713, 0.0 ], [ 73.1509385, 28.1687133, 0.0 ], [ 73.1509333, 28.1690165, 0.0 ], [ 73.1509102, 28.1690162, 0.0 ], [ 73.1509154, 28.168713, 0.0 ] ], [ [ 73.150966, 28.1690254, 0.0 ], [ 73.1509892, 28.1690257, 0.0 ], [ 73.1509839, 28.169329, 0.0 ], [ 73.1509608, 28.1693287, 0.0 ], [ 73.150966, 28.1690254, 0.0 ] ], [ [ 73.15091, 28.1690247, 0.0 ], [ 73.1509332, 28.169025, 0.0 ], [ 73.1509279, 28.1693282, 0.0 ], [ 73.1509048, 28.1693279, 0.0 ], [ 73.15091, 28.1690247, 0.0 ] ], [ [ 73.1536699, 28.1681305, 0.0 ], [ 73.153693, 28.1681308, 0.0 ], [ 73.1536878, 28.1684341, 0.0 ], [ 73.1536647, 28.1684338, 0.0 ], [ 73.1536699, 28.1681305, 0.0 ] ], [ [ 73.1536139, 28.1681298, 0.0 ], [ 73.153637, 28.1681301, 0.0 ], [ 73.1536318, 28.1684334, 0.0 ], [ 73.1536087, 28.168433, 0.0 ], [ 73.1536139, 28.1681298, 0.0 ] ], [ [ 73.1536645, 28.1684422, 0.0 ], [ 73.1536876, 28.1684425, 0.0 ], [ 73.1536824, 28.1687458, 0.0 ], [ 73.1536593, 28.1687455, 0.0 ], [ 73.1536645, 28.1684422, 0.0 ] ], [ [ 73.1536085, 28.1684415, 0.0 ], [ 73.1536316, 28.1684418, 0.0 ], [ 73.1536264, 28.168745, 0.0 ], [ 73.1536033, 28.1687447, 0.0 ], [ 73.1536085, 28.1684415, 0.0 ] ], [ [ 73.1531099, 28.168123, 0.0 ], [ 73.153133, 28.1681233, 0.0 ], [ 73.1531278, 28.1684266, 0.0 ], [ 73.1531047, 28.1684262, 0.0 ], [ 73.1531099, 28.168123, 0.0 ] ], [ [ 73.1530539, 28.1681222, 0.0 ], [ 73.153077, 28.1681225, 0.0 ], [ 73.1530718, 28.1684258, 0.0 ], [ 73.1530487, 28.1684255, 0.0 ], [ 73.1530539, 28.1681222, 0.0 ] ], [ [ 73.1531045, 28.1684347, 0.0 ], [ 73.1531277, 28.168435, 0.0 ], [ 73.1531225, 28.1687382, 0.0 ], [ 73.1530993, 28.1687379, 0.0 ], [ 73.1531045, 28.1684347, 0.0 ] ], [ [ 73.1530485, 28.1684339, 0.0 ], [ 73.1530717, 28.1684342, 0.0 ], [ 73.1530665, 28.1687375, 0.0 ], [ 73.1530433, 28.1687372, 0.0 ], [ 73.1530485, 28.1684339, 0.0 ] ], [ [ 73.1579468, 28.1669489, 0.0 ], [ 73.1579699, 28.1669492, 0.0 ], [ 73.1579648, 28.1672525, 0.0 ], [ 73.1579416, 28.1672522, 0.0 ], [ 73.1579468, 28.1669489, 0.0 ] ], [ [ 73.1578908, 28.1669482, 0.0 ], [ 73.157914, 28.1669485, 0.0 ], [ 73.1579088, 28.1672517, 0.0 ], [ 73.1578856, 28.1672514, 0.0 ], [ 73.1578908, 28.1669482, 0.0 ] ], [ [ 73.1579415, 28.1672606, 0.0 ], [ 73.1579646, 28.1672609, 0.0 ], [ 73.1579594, 28.1675642, 0.0 ], [ 73.1579363, 28.1675639, 0.0 ], [ 73.1579415, 28.1672606, 0.0 ] ], [ [ 73.1578855, 28.1672598, 0.0 ], [ 73.1579086, 28.1672602, 0.0 ], [ 73.1579034, 28.1675634, 0.0 ], [ 73.1578803, 28.1675631, 0.0 ], [ 73.1578855, 28.1672598, 0.0 ] ], [ [ 73.1545871, 28.1669037, 0.0 ], [ 73.1546102, 28.166904, 0.0 ], [ 73.154605, 28.1672073, 0.0 ], [ 73.1545819, 28.1672069, 0.0 ], [ 73.1545871, 28.1669037, 0.0 ] ], [ [ 73.1545311, 28.1669029, 0.0 ], [ 73.1545542, 28.1669032, 0.0 ], [ 73.154549, 28.1672065, 0.0 ], [ 73.1545259, 28.1672062, 0.0 ], [ 73.1545311, 28.1669029, 0.0 ] ], [ [ 73.1545817, 28.1672154, 0.0 ], [ 73.1546049, 28.1672157, 0.0 ], [ 73.1545996, 28.1675189, 0.0 ], [ 73.1545765, 28.1675186, 0.0 ], [ 73.1545817, 28.1672154, 0.0 ] ], [ [ 73.1545257, 28.1672146, 0.0 ], [ 73.1545489, 28.1672149, 0.0 ], [ 73.1545437, 28.1675182, 0.0 ], [ 73.1545205, 28.1675179, 0.0 ], [ 73.1545257, 28.1672146, 0.0 ] ], [ [ 73.1540271, 28.1668961, 0.0 ], [ 73.1540502, 28.1668964, 0.0 ], [ 73.154045, 28.1671997, 0.0 ], [ 73.1540219, 28.1671994, 0.0 ], [ 73.1540271, 28.1668961, 0.0 ] ], [ [ 73.1539711, 28.1668954, 0.0 ], [ 73.1539942, 28.1668957, 0.0 ], [ 73.153989, 28.1671989, 0.0 ], [ 73.1539659, 28.1671986, 0.0 ], [ 73.1539711, 28.1668954, 0.0 ] ], [ [ 73.1540218, 28.1672078, 0.0 ], [ 73.1540449, 28.1672081, 0.0 ], [ 73.1540397, 28.1675114, 0.0 ], [ 73.1540166, 28.1675111, 0.0 ], [ 73.1540218, 28.1672078, 0.0 ] ], [ [ 73.1539658, 28.1672071, 0.0 ], [ 73.1539889, 28.1672074, 0.0 ], [ 73.1539837, 28.1675106, 0.0 ], [ 73.1539606, 28.1675103, 0.0 ], [ 73.1539658, 28.1672071, 0.0 ] ], [ [ 73.1572855, 28.1663204, 0.0 ], [ 73.1573086, 28.1663207, 0.0 ], [ 73.1573034, 28.166624, 0.0 ], [ 73.1572803, 28.1666237, 0.0 ], [ 73.1572855, 28.1663204, 0.0 ] ], [ [ 73.1572295, 28.1663197, 0.0 ], [ 73.1572526, 28.16632, 0.0 ], [ 73.1572474, 28.1666232, 0.0 ], [ 73.1572243, 28.1666229, 0.0 ], [ 73.1572295, 28.1663197, 0.0 ] ], [ [ 73.1572801, 28.1666321, 0.0 ], [ 73.1573033, 28.1666324, 0.0 ], [ 73.1572981, 28.1669357, 0.0 ], [ 73.1572749, 28.1669354, 0.0 ], [ 73.1572801, 28.1666321, 0.0 ] ], [ [ 73.1572241, 28.1666313, 0.0 ], [ 73.1572473, 28.1666316, 0.0 ], [ 73.1572421, 28.1669349, 0.0 ], [ 73.1572189, 28.1669346, 0.0 ], [ 73.1572241, 28.1666313, 0.0 ] ] ] } },
{ "type": "Feature", "properties": { "id": "kml_57", "Name": "TRACKERS", "description": null, "timestamp": null, "begin": null, "end": null, "altitudeMode": null, "tessellate": -1, "extrude": 0, "visibility": -1, "drawOrder": null, "icon": null }, "bbox": [ 73.1509155, 28.165324, 0.0, 73.1585193, 28.1696659, 0.0 ], "geometry": { "type": "MultiLineString", "coordinates": [ [ [ 73.1521979, 28.1690461, 0.0 ], [ 73.152221, 28.1690464, 0.0 ], [ 73.1522158, 28.1693497, 0.0 ], [ 73.1521927, 28.1693494, 0.0 ], [ 73.1521979, 28.1690461, 0.0 ] ], [ [ 73.1521419, 28.1690454, 0.0 ], [ 73.152165, 28.1690457, 0.0 ], [ 73.1521598, 28.169349, 0.0 ], [ 73.1521367, 28.1693486, 0.0 ], [ 73.1521419, 28.1690454, 0.0 ] ], [ [ 73.1521925, 28.1693578, 0.0 ], [ 73.1522157, 28.1693581, 0.0 ], [ 73.1522104, 28.1696614, 0.0 ], [ 73.1521873, 28.1696611, 0.0 ], [ 73.1521925, 28.1693578, 0.0 ] ], [ [ 73.1521365, 28.1693571, 0.0 ], [ 73.1521597, 28.1693574, 0.0 ], [ 73.1521545, 28.1696606, 0.0 ], [ 73.1521313, 28.1696603, 0.0 ], [ 73.1521365, 28.1693571, 0.0 ] ], [ [ 73.1546672, 28.1687636, 0.0 ], [ 73.1546903, 28.1687639, 0.0 ], [ 73.1546851, 28.1690672, 0.0 ], [ 73.154662, 28.1690669, 0.0 ], [ 73.1546672, 28.1687636, 0.0 ] ], [ [ 73.1546112, 28.1687628, 0.0 ], [ 73.1546343, 28.1687631, 0.0 ], [ 73.1546291, 28.1690664, 0.0 ], [ 73.154606, 28.1690661, 0.0 ], [ 73.1546112, 28.1687628, 0.0 ] ], [ [ 73.1546618, 28.1690753, 0.0 ], [ 73.1546849, 28.1690756, 0.0 ], [ 73.1546797, 28.1693789, 0.0 ], [ 73.1546566, 28.1693785, 0.0 ], [ 73.1546618, 28.1690753, 0.0 ] ], [ [ 73.1546058, 28.1690745, 0.0 ], [ 73.154629, 28.1690748, 0.0 ], [ 73.1546237, 28.1693781, 0.0 ], [ 73.1546006, 28.1693778, 0.0 ], [ 73.1546058, 28.1690745, 0.0 ] ], [ [ 73.1537819, 28.168132, 0.0 ], [ 73.153805, 28.1681323, 0.0 ], [ 73.1537998, 28.1684356, 0.0 ], [ 73.1537766, 28.1684353, 0.0 ], [ 73.1537819, 28.168132, 0.0 ] ], [ [ 73.1537259, 28.1681313, 0.0 ], [ 73.153749, 28.1681316, 0.0 ], [ 73.1537438, 28.1684349, 0.0 ], [ 73.1537207, 28.1684346, 0.0 ], [ 73.1537259, 28.1681313, 0.0 ] ], [ [ 73.1537765, 28.1684437, 0.0 ], [ 73.1537996, 28.168444, 0.0 ], [ 73.1537944, 28.1687473, 0.0 ], [ 73.1537713, 28.168747, 0.0 ], [ 73.1537765, 28.1684437, 0.0 ] ], [ [ 73.1537205, 28.168443, 0.0 ], [ 73.1537436, 28.1684433, 0.0 ], [ 73.1537384, 28.1687466, 0.0 ], [ 73.1537153, 28.1687462, 0.0 ], [ 73.1537205, 28.168443, 0.0 ] ], [ [ 73.1541178, 28.1681366, 0.0 ], [ 73.154141, 28.1681369, 0.0 ], [ 73.1541358, 28.1684401, 0.0 ], [ 73.1541126, 28.1684398, 0.0 ], [ 73.1541178, 28.1681366, 0.0 ] ], [ [ 73.1540618, 28.1681358, 0.0 ], [ 73.154085, 28.1681361, 0.0 ], [ 73.1540798, 28.1684394, 0.0 ], [ 73.1540566, 28.1684391, 0.0 ], [ 73.1540618, 28.1681358, 0.0 ] ], [ [ 73.1541125, 28.1684483, 0.0 ], [ 73.1541356, 28.1684486, 0.0 ], [ 73.1541304, 28.1687518, 0.0 ], [ 73.1541073, 28.1687515, 0.0 ], [ 73.1541125, 28.1684483, 0.0 ] ], [ [ 73.1540565, 28.1684475, 0.0 ], [ 73.1540796, 28.1684478, 0.0 ], [ 73.1540744, 28.1687511, 0.0 ], [ 73.1540513, 28.1687508, 0.0 ], [ 73.1540565, 28.1684475, 0.0 ] ], [ [ 73.1543525, 28.1675201, 0.0 ], [ 73.1543756, 28.1675204, 0.0 ], [ 73.1543704, 28.1678237, 0.0 ], [ 73.1543472, 28.1678234, 0.0 ], [ 73.1543525, 28.1675201, 0.0 ] ], [ [ 73.1542965, 28.1675194, 0.0 ], [ 73.1543196, 28.1675197, 0.0 ], [ 73.1543144, 28.1678229, 0.0 ], [ 73.1542913, 28.1678226, 0.0 ], [ 73.1542965, 28.1675194, 0.0 ] ], [ [ 73.1543471, 28.1678318, 0.0 ], [ 73.1543702, 28.1678321, 0.0 ], [ 73.154365, 28.1681354, 0.0 ], [ 73.1543419, 28.1681351, 0.0 ], [ 73.1543471, 28.1678318, 0.0 ] ], [ [ 73.1542911, 28.1678311, 0.0 ], [ 73.1543142, 28.1678314, 0.0 ], [ 73.154309, 28.1681346, 0.0 ], [ 73.1542859, 28.1681343, 0.0 ], [ 73.1542911, 28.1678311, 0.0 ] ], [ [ 73.1550244, 28.1675292, 0.0 ], [ 73.1550475, 28.1675295, 0.0 ], [ 73.1550423, 28.1678328, 0.0 ], [ 73.1550192, 28.1678324, 0.0 ], [ 73.1550244, 28.1675292, 0.0 ] ], [ [ 73.1549684, 28.1675284, 0.0 ], [ 73.1549915, 28.1675287, 0.0 ], [ 73.1549863, 28.167832, 0.0 ], [ 73.1549632, 28.1678317, 0.0 ], [ 73.1549684, 28.1675284, 0.0 ] ], [ [ 73.1550191, 28.1678409, 0.0 ], [ 73.1550422, 28.1678412, 0.0 ], [ 73.155037, 28.1681444, 0.0 ], [ 73.1550139, 28.1681441, 0.0 ], [ 73.1550191, 28.1678409, 0.0 ] ], [ [ 73.1549631, 28.1678401, 0.0 ], [ 73.1549862, 28.1678404, 0.0 ], [ 73.154981, 28.1681437, 0.0 ], [ 73.1549579, 28.1681434, 0.0 ], [ 73.1549631, 28.1678401, 0.0 ] ], [ [ 73.1550031, 28.1687681, 0.0 ], [ 73.1550263, 28.1687684, 0.0 ], [ 73.1550211, 28.1690717, 0.0 ], [ 73.1549979, 28.1690714, 0.0 ], [ 73.1550031, 28.1687681, 0.0 ] ], [ [ 73.1549472, 28.1687674, 0.0 ], [ 73.1549703, 28.1687677, 0.0 ], [ 73.1549651, 28.1690709, 0.0 ], [ 73.1549419, 28.1690706, 0.0 ], [ 73.1549472, 28.1687674, 0.0 ] ], [ [ 73.1549978, 28.1690798, 0.0 ], [ 73.1550209, 28.1690801, 0.0 ], [ 73.1550157, 28.1693834, 0.0 ], [ 73.1549926, 28.1693831, 0.0 ], [ 73.1549978, 28.1690798, 0.0 ] ], [ [ 73.1549418, 28.169079, 0.0 ], [ 73.1549649, 28.1690794, 0.0 ], [ 73.1549597, 28.1693826, 0.0 ], [ 73.1549366, 28.1693823, 0.0 ], [ 73.1549418, 28.169079, 0.0 ] ], [ [ 73.1550138, 28.1681486, 0.0 ], [ 73.1550369, 28.168149, 0.0 ], [ 73.1550317, 28.1684522, 0.0 ], [ 73.1550086, 28.1684519, 0.0 ], [ 73.1550138, 28.1681486, 0.0 ] ], [ [ 73.1549578, 28.1681479, 0.0 ], [ 73.1549809, 28.1681482, 0.0 ], [ 73.1549757, 28.1684515, 0.0 ], [ 73.1549526, 28.1684512, 0.0 ], [ 73.1549578, 28.1681479, 0.0 ] ], [ [ 73.1550084, 28.1684603, 0.0 ], [ 73.1550316, 28.1684606, 0.0 ], [ 73.1550264, 28.1687639, 0.0 ], [ 73.1550032, 28.1687636, 0.0 ], [ 73.1550084, 28.1684603, 0.0 ] ], [ [ 73.1549524, 28.1684596, 0.0 ], [ 73.1549756, 28.1684599, 0.0 ], [ 73.1549704, 28.1687632, 0.0 ], [ 73.1549472, 28.1687628, 0.0 ], [ 73.1549524, 28.1684596, 0.0 ] ], [ [ 73.1549124, 28.1675277, 0.0 ], [ 73.1549355, 28.167528, 0.0 ], [ 73.1549303, 28.1678312, 0.0 ], [ 73.1549072, 28.1678309, 0.0 ], [ 73.1549124, 28.1675277, 0.0 ] ], [ [ 73.1548564, 28.1675269, 0.0 ], [ 73.1548795, 28.1675272, 0.0 ], [ 73.1548743, 28.1678305, 0.0 ], [ 73.1548512, 28.1678302, 0.0 ], [ 73.1548564, 28.1675269, 0.0 ] ], [ [ 73.1549071, 28.1678394, 0.0 ], [ 73.1549302, 28.1678397, 0.0 ], [ 73.154925, 28.1681429, 0.0 ], [ 73.1549019, 28.1681426, 0.0 ], [ 73.1549071, 28.1678394, 0.0 ] ], [ [ 73.1548511, 28.1678386, 0.0 ], [ 73.1548742, 28.1678389, 0.0 ], [ 73.154869, 28.1681422, 0.0 ], [ 73.1548459, 28.1681419, 0.0 ], [ 73.1548511, 28.1678386, 0.0 ] ], [ [ 73.1548004, 28.1675262, 0.0 ], [ 73.1548236, 28.1675265, 0.0 ], [ 73.1548183, 28.1678297, 0.0 ], [ 73.1547952, 28.1678294, 0.0 ], [ 73.1548004, 28.1675262, 0.0 ] ], [ [ 73.1547444, 28.1675254, 0.0 ], [ 73.1547676, 28.1675257, 0.0 ], [ 73.1547624, 28.167829, 0.0 ], [ 73.1547392, 28.1678287, 0.0 ], [ 73.1547444, 28.1675254, 0.0 ] ], [ [ 73.1547951, 28.1678378, 0.0 ], [ 73.1548182, 28.1678382, 0.0 ], [ 73.154813, 28.1681414, 0.0 ], [ 73.1547899, 28.1681411, 0.0 ], [ 73.1547951, 28.1678378, 0.0 ] ], [ [ 73.1547391, 28.1678371, 0.0 ], [ 73.1547622, 28.1678374, 0.0 ], [ 73.154757, 28.1681407, 0.0 ], [ 73.1547339, 28.1681404, 0.0 ], [ 73.1547391, 28.1678371, 0.0 ] ], [ [ 73.1546884, 28.1675246, 0.0 ], [ 73.1547116, 28.167525, 0.0 ], [ 73.1547064, 28.1678282, 0.0 ], [ 73.1546832, 28.1678279, 0.0 ], [ 73.1546884, 28.1675246, 0.0 ] ], [ [ 73.1546324, 28.1675239, 0.0 ], [ 73.1546556, 28.1675242, 0.0 ], [ 73.1546504, 28.1678275, 0.0 ], [ 73.1546272, 28.1678272, 0.0 ], [ 73.1546324, 28.1675239, 0.0 ] ], [ [ 73.1546831, 28.1678363, 0.0 ], [ 73.1547062, 28.1678366, 0.0 ], [ 73.154701, 28.1681399, 0.0 ], [ 73.1546779, 28.1681396, 0.0 ], [ 73.1546831, 28.1678363, 0.0 ] ], [ [ 73.1546271, 28.1678356, 0.0 ], [ 73.1546502, 28.1678359, 0.0 ], [ 73.154645, 28.1681392, 0.0 ], [ 73.1546219, 28.1681389, 0.0 ], [ 73.1546271, 28.1678356, 0.0 ] ], [ [ 73.1567361, 28.1656934, 0.0 ], [ 73.1567593, 28.1656937, 0.0 ], [ 73.1567541, 28.165997, 0.0 ], [ 73.1567309, 28.1659967, 0.0 ], [ 73.1567361, 28.1656934, 0.0 ] ], [ [ 73.1566802, 28.1656926, 0.0 ], [ 73.1567033, 28.165693, 0.0 ], [ 73.1566981, 28.1659962, 0.0 ], [ 73.156675, 28.1659959, 0.0 ], [ 73.1566802, 28.1656926, 0.0 ] ], [ [ 73.1567308, 28.1660051, 0.0 ], [ 73.1567539, 28.1660054, 0.0 ], [ 73.1567487, 28.1663087, 0.0 ], [ 73.1567256, 28.1663084, 0.0 ], [ 73.1567308, 28.1660051, 0.0 ] ], [ [ 73.1566748, 28.1660043, 0.0 ], [ 73.1566979, 28.1660046, 0.0 ], [ 73.1566927, 28.1663079, 0.0 ], [ 73.1566696, 28.1663076, 0.0 ], [ 73.1566748, 28.1660043, 0.0 ] ], [ [ 73.1566242, 28.1656919, 0.0 ], [ 73.1566473, 28.1656922, 0.0 ], [ 73.1566421, 28.1659955, 0.0 ], [ 73.156619, 28.1659952, 0.0 ], [ 73.1566242, 28.1656919, 0.0 ] ], [ [ 73.1565682, 28.1656911, 0.0 ], [ 73.1565913, 28.1656914, 0.0 ], [ 73.1565861, 28.1659947, 0.0 ], [ 73.156563, 28.1659944, 0.0 ], [ 73.1565682, 28.1656911, 0.0 ] ], [ [ 73.1566188, 28.1660036, 0.0 ], [ 73.1566419, 28.1660039, 0.0 ], [ 73.1566367, 28.1663072, 0.0 ], [ 73.1566136, 28.1663068, 0.0 ], [ 73.1566188, 28.1660036, 0.0 ] ], [ [ 73.1565628, 28.1660028, 0.0 ], [ 73.1565859, 28.1660031, 0.0 ], [ 73.1565807, 28.1663064, 0.0 ], [ 73.1565576, 28.1663061, 0.0 ], [ 73.1565628, 28.1660028, 0.0 ] ], [ [ 73.1565122, 28.1656904, 0.0 ], [ 73.1565353, 28.1656907, 0.0 ], [ 73.1565301, 28.165994, 0.0 ], [ 73.156507, 28.1659937, 0.0 ], [ 73.1565122, 28.1656904, 0.0 ] ], [ [ 73.1564562, 28.1656896, 0.0 ], [ 73.1564793, 28.1656899, 0.0 ], [ 73.1564741, 28.1659932, 0.0 ], [ 73.156451, 28.1659929, 0.0 ], [ 73.1564562, 28.1656896, 0.0 ] ], [ [ 73.1565068, 28.1660021, 0.0 ], [ 73.15653, 28.1660024, 0.0 ], [ 73.1565248, 28.1663057, 0.0 ], [ 73.1565016, 28.1663053, 0.0 ], [ 73.1565068, 28.1660021, 0.0 ] ], [ [ 73.1564508, 28.1660013, 0.0 ], [ 73.156474, 28.1660016, 0.0 ], [ 73.1564688, 28.1663049, 0.0 ], [ 73.1564456, 28.1663046, 0.0 ], [ 73.1564508, 28.1660013, 0.0 ] ], [ [ 73.1561231, 28.1687832, 0.0 ], [ 73.1561462, 28.1687835, 0.0 ], [ 73.156141, 28.1690868, 0.0 ], [ 73.1561179, 28.1690865, 0.0 ], [ 73.1561231, 28.1687832, 0.0 ] ], [ [ 73.1560671, 28.1687824, 0.0 ], [ 73.1560902, 28.1687828, 0.0 ], [ 73.156085, 28.169086, 0.0 ], [ 73.1560619, 28.1690857, 0.0 ], [ 73.1560671, 28.1687824, 0.0 ] ], [ [ 73.1561177, 28.1690949, 0.0 ], [ 73.1561409, 28.1690952, 0.0 ], [ 73.1561357, 28.1693985, 0.0 ], [ 73.1561125, 28.1693982, 0.0 ], [ 73.1561177, 28.1690949, 0.0 ] ], [ [ 73.1560617, 28.1690941, 0.0 ], [ 73.1560849, 28.1690944, 0.0 ], [ 73.1560797, 28.1693977, 0.0 ], [ 73.1560565, 28.1693974, 0.0 ], [ 73.1560617, 28.1690941, 0.0 ] ], [ [ 73.1560111, 28.1687817, 0.0 ], [ 73.1560342, 28.168782, 0.0 ], [ 73.156029, 28.1690853, 0.0 ], [ 73.1560059, 28.169085, 0.0 ], [ 73.1560111, 28.1687817, 0.0 ] ], [ [ 73.1559551, 28.1687809, 0.0 ], [ 73.1559782, 28.1687812, 0.0 ], [ 73.155973, 28.1690845, 0.0 ], [ 73.1559499, 28.1690842, 0.0 ], [ 73.1559551, 28.1687809, 0.0 ] ], [ [ 73.1560057, 28.1690934, 0.0 ], [ 73.1560289, 28.1690937, 0.0 ], [ 73.1560237, 28.169397, 0.0 ], [ 73.1560005, 28.1693966, 0.0 ], [ 73.1560057, 28.1690934, 0.0 ] ], [ [ 73.1559497, 28.1690926, 0.0 ], [ 73.1559729, 28.1690929, 0.0 ], [ 73.1559677, 28.1693962, 0.0 ], [ 73.1559445, 28.1693959, 0.0 ], [ 73.1559497, 28.1690926, 0.0 ] ], [ [ 73.1558991, 28.1687802, 0.0 ], [ 73.1559222, 28.1687805, 0.0 ], [ 73.155917, 28.1690838, 0.0 ], [ 73.1558939, 28.1690835, 0.0 ], [ 73.1558991, 28.1687802, 0.0 ] ], [ [ 73.1558431, 28.1687794, 0.0 ], [ 73.1558662, 28.1687797, 0.0 ], [ 73.155861, 28.169083, 0.0 ], [ 73.1558379, 28.1690827, 0.0 ], [ 73.1558431, 28.1687794, 0.0 ] ], [ [ 73.1558937, 28.1690919, 0.0 ], [ 73.1559169, 28.1690922, 0.0 ], [ 73.1559117, 28.1693954, 0.0 ], [ 73.1558885, 28.1693951, 0.0 ], [ 73.1558937, 28.1690919, 0.0 ] ], [ [ 73.1558378, 28.1690911, 0.0 ], [ 73.1558609, 28.1690914, 0.0 ], [ 73.1558557, 28.1693947, 0.0 ], [ 73.1558325, 28.1693944, 0.0 ], [ 73.1558378, 28.1690911, 0.0 ] ], [ [ 73.1557871, 28.1687787, 0.0 ], [ 73.1558102, 28.168779, 0.0 ], [ 73.155805, 28.1690823, 0.0 ], [ 73.1557819, 28.1690819, 0.0 ], [ 73.1557871, 28.1687787, 0.0 ] ], [ [ 73.1557311, 28.1687779, 0.0 ], [ 73.1557542, 28.1687782, 0.0 ], [ 73.155749, 28.1690815, 0.0 ], [ 73.1557259, 28.1690812, 0.0 ], [ 73.1557311, 28.1687779, 0.0 ] ], [ [ 73.1557818, 28.1690904, 0.0 ], [ 73.1558049, 28.1690907, 0.0 ], [ 73.1557997, 28.1693939, 0.0 ], [ 73.1557766, 28.1693936, 0.0 ], [ 73.1557818, 28.1690904, 0.0 ] ], [ [ 73.1557258, 28.1690896, 0.0 ], [ 73.1557489, 28.1690899, 0.0 ], [ 73.1557437, 28.1693932, 0.0 ], [ 73.1557206, 28.1693929, 0.0 ], [ 73.1557258, 28.1690896, 0.0 ] ], [ [ 73.1556751, 28.1687772, 0.0 ], [ 73.1556982, 28.1687775, 0.0 ], [ 73.155693, 28.1690807, 0.0 ], [ 73.1556699, 28.1690804, 0.0 ], [ 73.1556751, 28.1687772, 0.0 ] ], [ [ 73.1556191, 28.1687764, 0.0 ], [ 73.1556422, 28.1687767, 0.0 ], [ 73.155637, 28.16908, 0.0 ], [ 73.1556139, 28.1690797, 0.0 ], [ 73.1556191, 28.1687764, 0.0 ] ], [ [ 73.1556698, 28.1690889, 0.0 ], [ 73.1556929, 28.1690892, 0.0 ], [ 73.1556877, 28.1693924, 0.0 ], [ 73.1556646, 28.1693921, 0.0 ], [ 73.1556698, 28.1690889, 0.0 ] ], [ [ 73.1556138, 28.1690881, 0.0 ], [ 73.1556369, 28.1690884, 0.0 ], [ 73.1556317, 28.1693917, 0.0 ], [ 73.1556086, 28.1693914, 0.0 ], [ 73.1556138, 28.1690881, 0.0 ] ], [ [ 73.1555631, 28.1687757, 0.0 ], [ 73.1555862, 28.168776, 0.0 ], [ 73.155581, 28.1690792, 0.0 ], [ 73.1555579, 28.1690789, 0.0 ], [ 73.1555631, 28.1687757, 0.0 ] ], [ [ 73.1555071, 28.1687749, 0.0 ], [ 73.1555302, 28.1687752, 0.0 ], [ 73.155525, 28.1690785, 0.0 ], [ 73.1555019, 28.1690782, 0.0 ], [ 73.1555071, 28.1687749, 0.0 ] ], [ [ 73.1555578, 28.1690873, 0.0 ], [ 73.1555809, 28.1690877, 0.0 ], [ 73.1555757, 28.1693909, 0.0 ], [ 73.1555526, 28.1693906, 0.0 ], [ 73.1555578, 28.1690873, 0.0 ] ], [ [ 73.1555018, 28.1690866, 0.0 ], [ 73.1555249, 28.1690869, 0.0 ], [ 73.1555197, 28.1693902, 0.0 ], [ 73.1554966, 28.1693899, 0.0 ], [ 73.1555018, 28.1690866, 0.0 ] ], [ [ 73.1554511, 28.1687741, 0.0 ], [ 73.1554743, 28.1687745, 0.0 ], [ 73.155469, 28.1690777, 0.0 ], [ 73.1554459, 28.1690774, 0.0 ], [ 73.1554511, 28.1687741, 0.0 ] ], [ [ 73.1553951, 28.1687734, 0.0 ], [ 73.1554183, 28.1687737, 0.0 ], [ 73.1554131, 28.169077, 0.0 ], [ 73.1553899, 28.1690767, 0.0 ], [ 73.1553951, 28.1687734, 0.0 ] ], [ [ 73.1554458, 28.1690858, 0.0 ], [ 73.1554689, 28.1690861, 0.0 ], [ 73.1554637, 28.1693894, 0.0 ], [ 73.1554406, 28.1693891, 0.0 ], [ 73.1554458, 28.1690858, 0.0 ] ], [ [ 73.1553898, 28.1690851, 0.0 ], [ 73.1554129, 28.1690854, 0.0 ], [ 73.1554077, 28.1693887, 0.0 ], [ 73.1553846, 28.1693883, 0.0 ], [ 73.1553898, 28.1690851, 0.0 ] ], [ [ 73.1553391, 28.1687726, 0.0 ], [ 73.1553623, 28.168773, 0.0 ], [ 73.1553571, 28.1690762, 0.0 ], [ 73.1553339, 28.1690759, 0.0 ], [ 73.1553391, 28.1687726, 0.0 ] ], [ [ 73.1552831, 28.1687719, 0.0 ], [ 73.1553063, 28.1687722, 0.0 ], [ 73.1553011, 28.1690755, 0.0 ], [ 73.1552779, 28.1690752, 0.0 ], [ 73.1552831, 28.1687719, 0.0 ] ], [ [ 73.1553338, 28.1690843, 0.0 ], [ 73.1553569, 28.1690846, 0.0 ], [ 73.1553517, 28.1693879, 0.0 ], [ 73.1553286, 28.1693876, 0.0 ], [ 73.1553338, 28.1690843, 0.0 ] ], [ [ 73.1552778, 28.1690836, 0.0 ], [ 73.1553009, 28.1690839, 0.0 ], [ 73.1552957, 28.1693872, 0.0 ], [ 73.1552726, 28.1693868, 0.0 ], [ 73.1552778, 28.1690836, 0.0 ] ], [ [ 73.1552271, 28.1687711, 0.0 ], [ 73.1552503, 28.1687714, 0.0 ], [ 73.1552451, 28.1690747, 0.0 ], [ 73.1552219, 28.1690744, 0.0 ], [ 73.1552271, 28.1687711, 0.0 ] ], [ [ 73.1551711, 28.1687704, 0.0 ], [ 73.1551943, 28.1687707, 0.0 ], [ 73.1551891, 28.169074, 0.0 ], [ 73.1551659, 28.1690736, 0.0 ], [ 73.1551711, 28.1687704, 0.0 ] ], [ [ 73.1552218, 28.1690828, 0.0 ], [ 73.1552449, 28.1690831, 0.0 ], [ 73.1552397, 28.1693864, 0.0 ], [ 73.1552166, 28.1693861, 0.0 ], [ 73.1552218, 28.1690828, 0.0 ] ], [ [ 73.1551658, 28.1690821, 0.0 ], [ 73.1551889, 28.1690824, 0.0 ], [ 73.1551837, 28.1693856, 0.0 ], [ 73.1551606, 28.1693853, 0.0 ], [ 73.1551658, 28.1690821, 0.0 ] ], [ [ 73.1551151, 28.1687696, 0.0 ], [ 73.1551383, 28.1687699, 0.0 ], [ 73.1551331, 28.1690732, 0.0 ], [ 73.1551099, 28.1690729, 0.0 ], [ 73.1551151, 28.1687696, 0.0 ] ], [ [ 73.1550591, 28.1687689, 0.0 ], [ 73.1550823, 28.1687692, 0.0 ], [ 73.1550771, 28.1690724, 0.0 ], [ 73.1550539, 28.1690721, 0.0 ], [ 73.1550591, 28.1687689, 0.0 ] ], [ [ 73.1551098, 28.1690813, 0.0 ], [ 73.1551329, 28.1690816, 0.0 ], [ 73.1551277, 28.1693849, 0.0 ], [ 73.1551046, 28.1693846, 0.0 ], [ 73.1551098, 28.1690813, 0.0 ] ], [ [ 73.1550538, 28.1690806, 0.0 ], [ 73.1550769, 28.1690809, 0.0 ], [ 73.1550717, 28.1693841, 0.0 ], [ 73.1550486, 28.1693838, 0.0 ], [ 73.1550538, 28.1690806, 0.0 ] ], [ [ 73.1548912, 28.1687666, 0.0 ], [ 73.1549143, 28.1687669, 0.0 ], [ 73.1549091, 28.1690702, 0.0 ], [ 73.1548859, 28.1690699, 0.0 ], [ 73.1548912, 28.1687666, 0.0 ] ], [ [ 73.1548352, 28.1687658, 0.0 ], [ 73.1548583, 28.1687662, 0.0 ], [ 73.1548531, 28.1690694, 0.0 ], [ 73.15483, 28.1690691, 0.0 ], [ 73.1548352, 28.1687658, 0.0 ] ], [ [ 73.1548858, 28.1690783, 0.0 ], [ 73.1549089, 28.1690786, 0.0 ], [ 73.1549037, 28.1693819, 0.0 ], [ 73.1548806, 28.1693816, 0.0 ], [ 73.1548858, 28.1690783, 0.0 ] ], [ [ 73.1548298, 28.1690775, 0.0 ], [ 73.1548529, 28.1690778, 0.0 ], [ 73.1548477, 28.1693811, 0.0 ], [ 73.1548246, 28.1693808, 0.0 ], [ 73.1548298, 28.1690775, 0.0 ] ], [ [ 73.1547792, 28.1687651, 0.0 ], [ 73.1548023, 28.1687654, 0.0 ], [ 73.1547971, 28.1690687, 0.0 ], [ 73.154774, 28.1690684, 0.0 ], [ 73.1547792, 28.1687651, 0.0 ] ], [ [ 73.1547232, 28.1687643, 0.0 ], [ 73.1547463, 28.1687646, 0.0 ], [ 73.1547411, 28.1690679, 0.0 ], [ 73.154718, 28.1690676, 0.0 ], [ 73.1547232, 28.1687643, 0.0 ] ], [ [ 73.1547738, 28.1690768, 0.0 ], [ 73.1547969, 28.1690771, 0.0 ], [ 73.1547917, 28.1693804, 0.0 ], [ 73.1547686, 28.16938, 0.0 ], [ 73.1547738, 28.1690768, 0.0 ] ], [ [ 73.1547178, 28.169076, 0.0 ], [ 73.1547409, 28.1690763, 0.0 ], [ 73.1547357, 28.1693796, 0.0 ], [ 73.1547126, 28.1693793, 0.0 ], [ 73.1547178, 28.169076, 0.0 ] ], [ [ 73.1525339, 28.1690507, 0.0 ], [ 73.152557, 28.169051, 0.0 ], [ 73.1525518, 28.1693543, 0.0 ], [ 73.1525287, 28.1693539, 0.0 ], [ 73.1525339, 28.1690507, 0.0 ] ], [ [ 73.1524779, 28.1690499, 0.0 ], [ 73.152501, 28.1690502, 0.0 ], [ 73.1524958, 28.1693535, 0.0 ], [ 73.1524727, 28.1693532, 0.0 ], [ 73.1524779, 28.1690499, 0.0 ] ], [ [ 73.1525285, 28.1693624, 0.0 ], [ 73.1525516, 28.1693627, 0.0 ], [ 73.1525464, 28.1696659, 0.0 ], [ 73.1525233, 28.1696656, 0.0 ], [ 73.1525285, 28.1693624, 0.0 ] ], [ [ 73.1524725, 28.1693616, 0.0 ], [ 73.1524956, 28.1693619, 0.0 ], [ 73.1524904, 28.1696652, 0.0 ], [ 73.1524673, 28.1696649, 0.0 ], [ 73.1524725, 28.1693616, 0.0 ] ], [ [ 73.1524219, 28.1690492, 0.0 ], [ 73.152445, 28.1690495, 0.0 ], [ 73.1524398, 28.1693527, 0.0 ], [ 73.1524167, 28.1693524, 0.0 ], [ 73.1524219, 28.1690492, 0.0 ] ], [ [ 73.1523659, 28.1690484, 0.0 ], [ 73.152389, 28.1690487, 0.0 ], [ 73.1523838, 28.169352, 0.0 ], [ 73.1523607, 28.1693517, 0.0 ], [ 73.1523659, 28.1690484, 0.0 ] ], [ [ 73.1524165, 28.1693608, 0.0 ], [ 73.1524396, 28.1693612, 0.0 ], [ 73.1524344, 28.1696644, 0.0 ], [ 73.1524113, 28.1696641, 0.0 ], [ 73.1524165, 28.1693608, 0.0 ] ], [ [ 73.1523605, 28.1693601, 0.0 ], [ 73.1523837, 28.1693604, 0.0 ], [ 73.1523784, 28.1696637, 0.0 ], [ 73.1523553, 28.1696634, 0.0 ], [ 73.1523605, 28.1693601, 0.0 ] ], [ [ 73.1523099, 28.1690476, 0.0 ], [ 73.152333, 28.169048, 0.0 ], [ 73.1523278, 28.1693512, 0.0 ], [ 73.1523047, 28.1693509, 0.0 ], [ 73.1523099, 28.1690476, 0.0 ] ], [ [ 73.1522539, 28.1690469, 0.0 ], [ 73.152277, 28.1690472, 0.0 ], [ 73.1522718, 28.1693505, 0.0 ], [ 73.1522487, 28.1693502, 0.0 ], [ 73.1522539, 28.1690469, 0.0 ] ], [ [ 73.1523045, 28.1693593, 0.0 ], [ 73.1523277, 28.1693596, 0.0 ], [ 73.1523224, 28.1696629, 0.0 ], [ 73.1522993, 28.1696626, 0.0 ], [ 73.1523045, 28.1693593, 0.0 ] ], [ [ 73.1522485, 28.1693586, 0.0 ], [ 73.1522717, 28.1693589, 0.0 ], [ 73.1522664, 28.1696622, 0.0 ], [ 73.1522433, 28.1696618, 0.0 ], [ 73.1522485, 28.1693586, 0.0 ] ], [ [ 73.1513074, 28.1687183, 0.0 ], [ 73.1513305, 28.1687186, 0.0 ], [ 73.1513253, 28.1690218, 0.0 ], [ 73.1513022, 28.1690215, 0.0 ], [ 73.1513074, 28.1687183, 0.0 ] ], [ [ 73.1512514, 28.1687175, 0.0 ], [ 73.1512745, 28.1687178, 0.0 ], [ 73.1512693, 28.1690211, 0.0 ], [ 73.1512462, 28.1690208, 0.0 ], [ 73.1512514, 28.1687175, 0.0 ] ], [ [ 73.151302, 28.1690299, 0.0 ], [ 73.1513251, 28.1690303, 0.0 ], [ 73.1513199, 28.1693335, 0.0 ], [ 73.1512968, 28.1693332, 0.0 ], [ 73.151302, 28.1690299, 0.0 ] ], [ [ 73.151246, 28.1690292, 0.0 ], [ 73.1512691, 28.1690295, 0.0 ], [ 73.1512639, 28.1693328, 0.0 ], [ 73.1512408, 28.1693325, 0.0 ], [ 73.151246, 28.1690292, 0.0 ] ], [ [ 73.1511954, 28.1687167, 0.0 ], [ 73.1512185, 28.1687171, 0.0 ], [ 73.1512133, 28.1690203, 0.0 ], [ 73.1511902, 28.16902, 0.0 ], [ 73.1511954, 28.1687167, 0.0 ] ], [ [ 73.1511394, 28.168716, 0.0 ], [ 73.1511625, 28.1687163, 0.0 ], [ 73.1511573, 28.1690196, 0.0 ], [ 73.1511342, 28.1690193, 0.0 ], [ 73.1511394, 28.168716, 0.0 ] ], [ [ 73.15119, 28.1690284, 0.0 ], [ 73.1512131, 28.1690287, 0.0 ], [ 73.1512079, 28.169332, 0.0 ], [ 73.1511848, 28.1693317, 0.0 ], [ 73.15119, 28.1690284, 0.0 ] ], [ [ 73.151134, 28.1690277, 0.0 ], [ 73.1511572, 28.169028, 0.0 ], [ 73.1511519, 28.1693313, 0.0 ], [ 73.1511288, 28.1693309, 0.0 ], [ 73.151134, 28.1690277, 0.0 ] ], [ [ 73.1510834, 28.1687152, 0.0 ], [ 73.1511065, 28.1687155, 0.0 ], [ 73.1511013, 28.1690188, 0.0 ], [ 73.1510782, 28.1690185, 0.0 ], [ 73.1510834, 28.1687152, 0.0 ] ], [ [ 73.1510274, 28.1687145, 0.0 ], [ 73.1510505, 28.1687148, 0.0 ], [ 73.1510453, 28.1690181, 0.0 ], [ 73.1510222, 28.1690177, 0.0 ], [ 73.1510274, 28.1687145, 0.0 ] ], [ [ 73.151078, 28.1690269, 0.0 ], [ 73.1511012, 28.1690272, 0.0 ], [ 73.1510959, 28.1693305, 0.0 ], [ 73.1510728, 28.1693302, 0.0 ], [ 73.151078, 28.1690269, 0.0 ] ], [ [ 73.151022, 28.1690262, 0.0 ], [ 73.1510452, 28.1690265, 0.0 ], [ 73.1510399, 28.1693297, 0.0 ], [ 73.1510168, 28.1693294, 0.0 ], [ 73.151022, 28.1690262, 0.0 ] ], [ [ 73.1580376, 28.1681894, 0.0 ], [ 73.1580607, 28.1681897, 0.0 ], [ 73.1580555, 28.1684929, 0.0 ], [ 73.1580324, 28.1684926, 0.0 ], [ 73.1580376, 28.1681894, 0.0 ] ], [ [ 73.1579816, 28.1681886, 0.0 ], [ 73.1580047, 28.1681889, 0.0 ], [ 73.1579995, 28.1684922, 0.0 ], [ 73.1579764, 28.1684919, 0.0 ], [ 73.1579816, 28.1681886, 0.0 ] ], [ [ 73.1580322, 28.168501, 0.0 ], [ 73.1580554, 28.1685014, 0.0 ], [ 73.1580502, 28.1688046, 0.0 ], [ 73.1580271, 28.1688043, 0.0 ], [ 73.1580322, 28.168501, 0.0 ] ], [ [ 73.1579762, 28.1685003, 0.0 ], [ 73.1579994, 28.1685006, 0.0 ], [ 73.1579942, 28.1688039, 0.0 ], [ 73.1579711, 28.1688036, 0.0 ], [ 73.1579762, 28.1685003, 0.0 ] ], [ [ 73.1579256, 28.1681879, 0.0 ], [ 73.1579487, 28.1681882, 0.0 ], [ 73.1579435, 28.1684914, 0.0 ], [ 73.1579204, 28.1684911, 0.0 ], [ 73.1579256, 28.1681879, 0.0 ] ], [ [ 73.1578696, 28.1681871, 0.0 ], [ 73.1578927, 28.1681874, 0.0 ], [ 73.1578875, 28.1684907, 0.0 ], [ 73.1578644, 28.1684904, 0.0 ], [ 73.1578696, 28.1681871, 0.0 ] ], [ [ 73.1579203, 28.1684995, 0.0 ], [ 73.1579434, 28.1684998, 0.0 ], [ 73.1579382, 28.1688031, 0.0 ], [ 73.1579151, 28.1688028, 0.0 ], [ 73.1579203, 28.1684995, 0.0 ] ], [ [ 73.1578643, 28.1684988, 0.0 ], [ 73.1578874, 28.1684991, 0.0 ], [ 73.1578822, 28.1688024, 0.0 ], [ 73.1578591, 28.1688021, 0.0 ], [ 73.1578643, 28.1684988, 0.0 ] ], [ [ 73.1578136, 28.1681863, 0.0 ], [ 73.1578367, 28.1681867, 0.0 ], [ 73.1578315, 28.1684899, 0.0 ], [ 73.1578084, 28.1684896, 0.0 ], [ 73.1578136, 28.1681863, 0.0 ] ], [ [ 73.1577576, 28.1681856, 0.0 ], [ 73.1577807, 28.1681859, 0.0 ], [ 73.1577755, 28.1684892, 0.0 ], [ 73.1577524, 28.1684889, 0.0 ], [ 73.1577576, 28.1681856, 0.0 ] ], [ [ 73.1578083, 28.168498, 0.0 ], [ 73.1578314, 28.1684983, 0.0 ], [ 73.1578262, 28.1688016, 0.0 ], [ 73.1578031, 28.1688013, 0.0 ], [ 73.1578083, 28.168498, 0.0 ] ], [ [ 73.1577523, 28.1684973, 0.0 ], [ 73.1577754, 28.1684976, 0.0 ], [ 73.1577702, 28.1688009, 0.0 ], [ 73.1577471, 28.1688005, 0.0 ], [ 73.1577523, 28.1684973, 0.0 ] ], [ [ 73.1577016, 28.1681848, 0.0 ], [ 73.1577247, 28.1681851, 0.0 ], [ 73.1577195, 28.1684884, 0.0 ], [ 73.1576964, 28.1684881, 0.0 ], [ 73.1577016, 28.1681848, 0.0 ] ], [ [ 73.1576456, 28.1681841, 0.0 ], [ 73.1576687, 28.1681844, 0.0 ], [ 73.1576635, 28.1684877, 0.0 ], [ 73.1576404, 28.1684874, 0.0 ], [ 73.1576456, 28.1681841, 0.0 ] ], [ [ 73.1576963, 28.1684965, 0.0 ], [ 73.1577194, 28.1684968, 0.0 ], [ 73.1577142, 28.1688001, 0.0 ], [ 73.1576911, 28.1687998, 0.0 ], [ 73.1576963, 28.1684965, 0.0 ] ], [ [ 73.1576403, 28.1684958, 0.0 ], [ 73.1576634, 28.1684961, 0.0 ], [ 73.1576582, 28.1687994, 0.0 ], [ 73.1576351, 28.168799, 0.0 ], [ 73.1576403, 28.1684958, 0.0 ] ], [ [ 73.1575896, 28.1681833, 0.0 ], [ 73.1576127, 28.1681836, 0.0 ], [ 73.1576075, 28.1684869, 0.0 ], [ 73.1575844, 28.1684866, 0.0 ], [ 73.1575896, 28.1681833, 0.0 ] ], [ [ 73.1575336, 28.1681826, 0.0 ], [ 73.1575567, 28.1681829, 0.0 ], [ 73.1575516, 28.1684862, 0.0 ], [ 73.1575284, 28.1684858, 0.0 ], [ 73.1575336, 28.1681826, 0.0 ] ], [ [ 73.1575843, 28.168495, 0.0 ], [ 73.1576074, 28.1684953, 0.0 ], [ 73.1576022, 28.1687986, 0.0 ], [ 73.1575791, 28.1687983, 0.0 ], [ 73.1575843, 28.168495, 0.0 ] ], [ [ 73.1575283, 28.1684943, 0.0 ], [ 73.1575514, 28.1684946, 0.0 ], [ 73.1575462, 28.1687978, 0.0 ], [ 73.1575231, 28.1687975, 0.0 ], [ 73.1575283, 28.1684943, 0.0 ] ], [ [ 73.1574776, 28.1681818, 0.0 ], [ 73.1575008, 28.1681821, 0.0 ], [ 73.1574956, 28.1684854, 0.0 ], [ 73.1574724, 28.1684851, 0.0 ], [ 73.1574776, 28.1681818, 0.0 ] ], [ [ 73.1574216, 28.1681811, 0.0 ], [ 73.1574448, 28.1681814, 0.0 ], [ 73.1574396, 28.1684847, 0.0 ], [ 73.1574164, 28.1684843, 0.0 ], [ 73.1574216, 28.1681811, 0.0 ] ], [ [ 73.1574723, 28.1684935, 0.0 ], [ 73.1574954, 28.1684938, 0.0 ], [ 73.1574902, 28.1687971, 0.0 ], [ 73.1574671, 28.1687968, 0.0 ], [ 73.1574723, 28.1684935, 0.0 ] ], [ [ 73.1574163, 28.1684928, 0.0 ], [ 73.1574394, 28.1684931, 0.0 ], [ 73.1574342, 28.1687963, 0.0 ], [ 73.1574111, 28.168796, 0.0 ], [ 73.1574163, 28.1684928, 0.0 ] ], [ [ 73.1573656, 28.1681803, 0.0 ], [ 73.1573888, 28.1681806, 0.0 ], [ 73.1573836, 28.1684839, 0.0 ], [ 73.1573604, 28.1684836, 0.0 ], [ 73.1573656, 28.1681803, 0.0 ] ], [ [ 73.1573096, 28.1681796, 0.0 ], [ 73.1573328, 28.1681799, 0.0 ], [ 73.1573276, 28.1684831, 0.0 ], [ 73.1573044, 28.1684828, 0.0 ], [ 73.1573096, 28.1681796, 0.0 ] ], [ [ 73.1573603, 28.168492, 0.0 ], [ 73.1573834, 28.1684923, 0.0 ], [ 73.1573782, 28.1687956, 0.0 ], [ 73.1573551, 28.1687953, 0.0 ], [ 73.1573603, 28.168492, 0.0 ] ], [ [ 73.1573043, 28.1684912, 0.0 ], [ 73.1573274, 28.1684916, 0.0 ], [ 73.1573222, 28.1687948, 0.0 ], [ 73.1572991, 28.1687945, 0.0 ], [ 73.1573043, 28.1684912, 0.0 ] ], [ [ 73.1572536, 28.1681788, 0.0 ], [ 73.1572768, 28.1681791, 0.0 ], [ 73.1572716, 28.1684824, 0.0 ], [ 73.1572484, 28.1684821, 0.0 ], [ 73.1572536, 28.1681788, 0.0 ] ], [ [ 73.1571976, 28.1681781, 0.0 ], [ 73.1572208, 28.1681784, 0.0 ], [ 73.1572156, 28.1684816, 0.0 ], [ 73.1571924, 28.1684813, 0.0 ], [ 73.1571976, 28.1681781, 0.0 ] ], [ [ 73.1572483, 28.1684905, 0.0 ], [ 73.1572714, 28.1684908, 0.0 ], [ 73.1572662, 28.1687941, 0.0 ], [ 73.1572431, 28.1687938, 0.0 ], [ 73.1572483, 28.1684905, 0.0 ] ], [ [ 73.1571923, 28.1684897, 0.0 ], [ 73.1572154, 28.1684901, 0.0 ], [ 73.1572102, 28.1687933, 0.0 ], [ 73.1571871, 28.168793, 0.0 ], [ 73.1571923, 28.1684897, 0.0 ] ], [ [ 73.1571416, 28.1681773, 0.0 ], [ 73.1571648, 28.1681776, 0.0 ], [ 73.1571596, 28.1684809, 0.0 ], [ 73.1571364, 28.1684806, 0.0 ], [ 73.1571416, 28.1681773, 0.0 ] ], [ [ 73.1570856, 28.1681765, 0.0 ], [ 73.1571088, 28.1681769, 0.0 ], [ 73.1571036, 28.1684801, 0.0 ], [ 73.1570804, 28.1684798, 0.0 ], [ 73.1570856, 28.1681765, 0.0 ] ], [ [ 73.1571363, 28.168489, 0.0 ], [ 73.1571594, 28.1684893, 0.0 ], [ 73.1571542, 28.1687926, 0.0 ], [ 73.1571311, 28.1687923, 0.0 ], [ 73.1571363, 28.168489, 0.0 ] ], [ [ 73.1570803, 28.1684882, 0.0 ], [ 73.1571034, 28.1684885, 0.0 ], [ 73.1570982, 28.1687918, 0.0 ], [ 73.1570751, 28.1687915, 0.0 ], [ 73.1570803, 28.1684882, 0.0 ] ], [ [ 73.1570296, 28.1681758, 0.0 ], [ 73.1570528, 28.1681761, 0.0 ], [ 73.1570476, 28.1684794, 0.0 ], [ 73.1570245, 28.1684791, 0.0 ], [ 73.1570296, 28.1681758, 0.0 ] ], [ [ 73.1569737, 28.168175, 0.0 ], [ 73.1569968, 28.1681754, 0.0 ], [ 73.1569916, 28.1684786, 0.0 ], [ 73.1569685, 28.1684783, 0.0 ], [ 73.1569737, 28.168175, 0.0 ] ], [ [ 73.1570243, 28.1684875, 0.0 ], [ 73.1570474, 28.1684878, 0.0 ], [ 73.1570422, 28.1687911, 0.0 ], [ 73.1570191, 28.1687908, 0.0 ], [ 73.1570243, 28.1684875, 0.0 ] ], [ [ 73.1569683, 28.1684867, 0.0 ], [ 73.1569914, 28.168487, 0.0 ], [ 73.1569862, 28.1687903, 0.0 ], [ 73.1569631, 28.16879, 0.0 ], [ 73.1569683, 28.1684867, 0.0 ] ], [ [ 73.1569177, 28.1681743, 0.0 ], [ 73.1569408, 28.1681746, 0.0 ], [ 73.1569356, 28.1684779, 0.0 ], [ 73.1569125, 28.1684776, 0.0 ], [ 73.1569177, 28.1681743, 0.0 ] ], [ [ 73.1568617, 28.1681735, 0.0 ], [ 73.1568848, 28.1681738, 0.0 ], [ 73.1568796, 28.1684771, 0.0 ], [ 73.1568565, 28.1684768, 0.0 ], [ 73.1568617, 28.1681735, 0.0 ] ], [ [ 73.1569123, 28.168486, 0.0 ], [ 73.1569354, 28.1684863, 0.0 ], [ 73.1569302, 28.1687896, 0.0 ], [ 73.1569071, 28.1687892, 0.0 ], [ 73.1569123, 28.168486, 0.0 ] ], [ [ 73.1568563, 28.1684852, 0.0 ], [ 73.1568794, 28.1684855, 0.0 ], [ 73.1568742, 28.1687888, 0.0 ], [ 73.1568511, 28.1687885, 0.0 ], [ 73.1568563, 28.1684852, 0.0 ] ], [ [ 73.1568057, 28.1681728, 0.0 ], [ 73.1568288, 28.1681731, 0.0 ], [ 73.1568236, 28.1684764, 0.0 ], [ 73.1568005, 28.168476, 0.0 ], [ 73.1568057, 28.1681728, 0.0 ] ], [ [ 73.1567497, 28.168172, 0.0 ], [ 73.1567728, 28.1681723, 0.0 ], [ 73.1567676, 28.1684756, 0.0 ], [ 73.1567445, 28.1684753, 0.0 ], [ 73.1567497, 28.168172, 0.0 ] ], [ [ 73.1568003, 28.1684845, 0.0 ], [ 73.1568235, 28.1684848, 0.0 ], [ 73.1568183, 28.168788, 0.0 ], [ 73.1567951, 28.1687877, 0.0 ], [ 73.1568003, 28.1684845, 0.0 ] ], [ [ 73.1567443, 28.1684837, 0.0 ], [ 73.1567675, 28.168484, 0.0 ], [ 73.1567623, 28.1687873, 0.0 ], [ 73.1567391, 28.168787, 0.0 ], [ 73.1567443, 28.1684837, 0.0 ] ], [ [ 73.1566937, 28.1681713, 0.0 ], [ 73.1567168, 28.1681716, 0.0 ], [ 73.1567116, 28.1684749, 0.0 ], [ 73.1566885, 28.1684745, 0.0 ], [ 73.1566937, 28.1681713, 0.0 ] ], [ [ 73.1566377, 28.1681705, 0.0 ], [ 73.1566608, 28.1681708, 0.0 ], [ 73.1566556, 28.1684741, 0.0 ], [ 73.1566325, 28.1684738, 0.0 ], [ 73.1566377, 28.1681705, 0.0 ] ], [ [ 73.1566883, 28.168483, 0.0 ], [ 73.1567115, 28.1684833, 0.0 ], [ 73.1567063, 28.1687865, 0.0 ], [ 73.1566831, 28.1687862, 0.0 ], [ 73.1566883, 28.168483, 0.0 ] ], [ [ 73.1566323, 28.1684822, 0.0 ], [ 73.1566555, 28.1684825, 0.0 ], [ 73.1566503, 28.1687858, 0.0 ], [ 73.1566271, 28.1687855, 0.0 ], [ 73.1566323, 28.1684822, 0.0 ] ], [ [ 73.1565817, 28.1681698, 0.0 ], [ 73.1566048, 28.1681701, 0.0 ], [ 73.1565996, 28.1684733, 0.0 ], [ 73.1565765, 28.168473, 0.0 ], [ 73.1565817, 28.1681698, 0.0 ] ], [ [ 73.1565257, 28.168169, 0.0 ], [ 73.1565488, 28.1681693, 0.0 ], [ 73.1565436, 28.1684726, 0.0 ], [ 73.1565205, 28.1684723, 0.0 ], [ 73.1565257, 28.168169, 0.0 ] ], [ [ 73.1565763, 28.1684815, 0.0 ], [ 73.1565995, 28.1684818, 0.0 ], [ 73.1565943, 28.168785, 0.0 ], [ 73.1565711, 28.1687847, 0.0 ], [ 73.1565763, 28.1684815, 0.0 ] ], [ [ 73.1565203, 28.1684807, 0.0 ], [ 73.1565435, 28.168481, 0.0 ], [ 73.1565383, 28.1687843, 0.0 ], [ 73.1565151, 28.168784, 0.0 ], [ 73.1565203, 28.1684807, 0.0 ] ], [ [ 73.1564697, 28.1681683, 0.0 ], [ 73.1564928, 28.1681686, 0.0 ], [ 73.1564876, 28.1684718, 0.0 ], [ 73.1564645, 28.1684715, 0.0 ], [ 73.1564697, 28.1681683, 0.0 ] ], [ [ 73.1564137, 28.1681675, 0.0 ], [ 73.1564368, 28.1681678, 0.0 ], [ 73.1564316, 28.1684711, 0.0 ], [ 73.1564085, 28.1684708, 0.0 ], [ 73.1564137, 28.1681675, 0.0 ] ], [ [ 73.1564643, 28.1684799, 0.0 ], [ 73.1564875, 28.1684803, 0.0 ], [ 73.1564823, 28.1687835, 0.0 ], [ 73.1564591, 28.1687832, 0.0 ], [ 73.1564643, 28.1684799, 0.0 ] ], [ [ 73.1564083, 28.1684792, 0.0 ], [ 73.1564315, 28.1684795, 0.0 ], [ 73.1564263, 28.1687828, 0.0 ], [ 73.1564031, 28.1687825, 0.0 ], [ 73.1564083, 28.1684792, 0.0 ] ], [ [ 73.1563577, 28.1681667, 0.0 ], [ 73.1563808, 28.1681671, 0.0 ], [ 73.1563756, 28.1684703, 0.0 ], [ 73.1563525, 28.16847, 0.0 ], [ 73.1563577, 28.1681667, 0.0 ] ], [ [ 73.1563017, 28.168166, 0.0 ], [ 73.1563248, 28.1681663, 0.0 ], [ 73.1563196, 28.1684696, 0.0 ], [ 73.1562965, 28.1684693, 0.0 ], [ 73.1563017, 28.168166, 0.0 ] ], [ [ 73.1563523, 28.1684784, 0.0 ], [ 73.1563755, 28.1684787, 0.0 ], [ 73.1563703, 28.168782, 0.0 ], [ 73.1563471, 28.1687817, 0.0 ], [ 73.1563523, 28.1684784, 0.0 ] ], [ [ 73.1562963, 28.1684777, 0.0 ], [ 73.1563195, 28.168478, 0.0 ], [ 73.1563143, 28.1687813, 0.0 ], [ 73.1562911, 28.1687809, 0.0 ], [ 73.1562963, 28.1684777, 0.0 ] ], [ [ 73.1562457, 28.1681652, 0.0 ], [ 73.1562688, 28.1681656, 0.0 ], [ 73.1562636, 28.1684688, 0.0 ], [ 73.1562405, 28.1684685, 0.0 ], [ 73.1562457, 28.1681652, 0.0 ] ], [ [ 73.1561897, 28.1681645, 0.0 ], [ 73.1562128, 28.1681648, 0.0 ], [ 73.1562076, 28.1684681, 0.0 ], [ 73.1561845, 28.1684678, 0.0 ], [ 73.1561897, 28.1681645, 0.0 ] ], [ [ 73.1562404, 28.1684769, 0.0 ], [ 73.1562635, 28.1684772, 0.0 ], [ 73.1562583, 28.1687805, 0.0 ], [ 73.1562352, 28.1687802, 0.0 ], [ 73.1562404, 28.1684769, 0.0 ] ], [ [ 73.1561844, 28.1684762, 0.0 ], [ 73.1562075, 28.1684765, 0.0 ], [ 73.1562023, 28.1687798, 0.0 ], [ 73.1561792, 28.1687794, 0.0 ], [ 73.1561844, 28.1684762, 0.0 ] ], [ [ 73.1561337, 28.1681637, 0.0 ], [ 73.1561568, 28.168164, 0.0 ], [ 73.1561516, 28.1684673, 0.0 ], [ 73.1561285, 28.168467, 0.0 ], [ 73.1561337, 28.1681637, 0.0 ] ], [ [ 73.1560777, 28.168163, 0.0 ], [ 73.1561008, 28.1681633, 0.0 ], [ 73.1560956, 28.1684666, 0.0 ], [ 73.1560725, 28.1684662, 0.0 ], [ 73.1560777, 28.168163, 0.0 ] ], [ [ 73.1561284, 28.1684754, 0.0 ], [ 73.1561515, 28.1684757, 0.0 ], [ 73.1561463, 28.168779, 0.0 ], [ 73.1561232, 28.1687787, 0.0 ], [ 73.1561284, 28.1684754, 0.0 ] ], [ [ 73.1560724, 28.1684747, 0.0 ], [ 73.1560955, 28.168475, 0.0 ], [ 73.1560903, 28.1687782, 0.0 ], [ 73.1560672, 28.1687779, 0.0 ], [ 73.1560724, 28.1684747, 0.0 ] ], [ [ 73.1560217, 28.1681622, 0.0 ], [ 73.1560448, 28.1681625, 0.0 ], [ 73.1560396, 28.1684658, 0.0 ], [ 73.1560165, 28.1684655, 0.0 ], [ 73.1560217, 28.1681622, 0.0 ] ], [ [ 73.1559657, 28.1681615, 0.0 ], [ 73.1559888, 28.1681618, 0.0 ], [ 73.1559836, 28.168465, 0.0 ], [ 73.1559605, 28.1684647, 0.0 ], [ 73.1559657, 28.1681615, 0.0 ] ], [ [ 73.1560164, 28.1684739, 0.0 ], [ 73.1560395, 28.1684742, 0.0 ], [ 73.1560343, 28.1687775, 0.0 ], [ 73.1560112, 28.1687772, 0.0 ], [ 73.1560164, 28.1684739, 0.0 ] ], [ [ 73.1559604, 28.1684732, 0.0 ], [ 73.1559835, 28.1684735, 0.0 ], [ 73.1559783, 28.1687767, 0.0 ], [ 73.1559552, 28.1687764, 0.0 ], [ 73.1559604, 28.1684732, 0.0 ] ], [ [ 73.1559097, 28.1681607, 0.0 ], [ 73.1559329, 28.168161, 0.0 ], [ 73.1559276, 28.1684643, 0.0 ], [ 73.1559045, 28.168464, 0.0 ], [ 73.1559097, 28.1681607, 0.0 ] ], [ [ 73.1558537, 28.16816, 0.0 ], [ 73.1558769, 28.1681603, 0.0 ], [ 73.1558717, 28.1684635, 0.0 ], [ 73.1558485, 28.1684632, 0.0 ], [ 73.1558537, 28.16816, 0.0 ] ], [ [ 73.1559044, 28.1684724, 0.0 ], [ 73.1559275, 28.1684727, 0.0 ], [ 73.1559223, 28.168776, 0.0 ], [ 73.1558992, 28.1687757, 0.0 ], [ 73.1559044, 28.1684724, 0.0 ] ], [ [ 73.1558484, 28.1684716, 0.0 ], [ 73.1558715, 28.168472, 0.0 ], [ 73.1558663, 28.1687752, 0.0 ], [ 73.1558432, 28.1687749, 0.0 ], [ 73.1558484, 28.1684716, 0.0 ] ], [ [ 73.1557977, 28.1681592, 0.0 ], [ 73.1558209, 28.1681595, 0.0 ], [ 73.1558157, 28.1684628, 0.0 ], [ 73.1557925, 28.1684625, 0.0 ], [ 73.1557977, 28.1681592, 0.0 ] ], [ [ 73.1557417, 28.1681585, 0.0 ], [ 73.1557649, 28.1681588, 0.0 ], [ 73.1557597, 28.168462, 0.0 ], [ 73.1557365, 28.1684617, 0.0 ], [ 73.1557417, 28.1681585, 0.0 ] ], [ [ 73.1557924, 28.1684709, 0.0 ], [ 73.1558155, 28.1684712, 0.0 ], [ 73.1558103, 28.1687745, 0.0 ], [ 73.1557872, 28.1687742, 0.0 ], [ 73.1557924, 28.1684709, 0.0 ] ], [ [ 73.1557364, 28.1684701, 0.0 ], [ 73.1557595, 28.1684705, 0.0 ], [ 73.1557543, 28.1687737, 0.0 ], [ 73.1557312, 28.1687734, 0.0 ], [ 73.1557364, 28.1684701, 0.0 ] ], [ [ 73.1556857, 28.1681577, 0.0 ], [ 73.1557089, 28.168158, 0.0 ], [ 73.1557037, 28.1684613, 0.0 ], [ 73.1556805, 28.168461, 0.0 ], [ 73.1556857, 28.1681577, 0.0 ] ], [ [ 73.1556297, 28.1681569, 0.0 ], [ 73.1556529, 28.1681573, 0.0 ], [ 73.1556477, 28.1684605, 0.0 ], [ 73.1556245, 28.1684602, 0.0 ], [ 73.1556297, 28.1681569, 0.0 ] ], [ [ 73.1556804, 28.1684694, 0.0 ], [ 73.1557035, 28.1684697, 0.0 ], [ 73.1556983, 28.168773, 0.0 ], [ 73.1556752, 28.1687727, 0.0 ], [ 73.1556804, 28.1684694, 0.0 ] ], [ [ 73.1556244, 28.1684686, 0.0 ], [ 73.1556475, 28.1684689, 0.0 ], [ 73.1556423, 28.1687722, 0.0 ], [ 73.1556192, 28.1687719, 0.0 ], [ 73.1556244, 28.1684686, 0.0 ] ], [ [ 73.1555737, 28.1681562, 0.0 ], [ 73.1555969, 28.1681565, 0.0 ], [ 73.1555917, 28.1684598, 0.0 ], [ 73.1555685, 28.1684595, 0.0 ], [ 73.1555737, 28.1681562, 0.0 ] ], [ [ 73.1555177, 28.1681554, 0.0 ], [ 73.1555409, 28.1681557, 0.0 ], [ 73.1555357, 28.168459, 0.0 ], [ 73.1555125, 28.1684587, 0.0 ], [ 73.1555177, 28.1681554, 0.0 ] ], [ [ 73.1555684, 28.1684679, 0.0 ], [ 73.1555915, 28.1684682, 0.0 ], [ 73.1555863, 28.1687715, 0.0 ], [ 73.1555632, 28.1687711, 0.0 ], [ 73.1555684, 28.1684679, 0.0 ] ], [ [ 73.1555124, 28.1684671, 0.0 ], [ 73.1555355, 28.1684674, 0.0 ], [ 73.1555303, 28.1687707, 0.0 ], [ 73.1555072, 28.1687704, 0.0 ], [ 73.1555124, 28.1684671, 0.0 ] ], [ [ 73.1554617, 28.1681547, 0.0 ], [ 73.1554849, 28.168155, 0.0 ], [ 73.1554797, 28.1684583, 0.0 ], [ 73.1554565, 28.1684579, 0.0 ], [ 73.1554617, 28.1681547, 0.0 ] ], [ [ 73.1554058, 28.1681539, 0.0 ], [ 73.1554289, 28.1681542, 0.0 ], [ 73.1554237, 28.1684575, 0.0 ], [ 73.1554005, 28.1684572, 0.0 ], [ 73.1554058, 28.1681539, 0.0 ] ], [ [ 73.1554564, 28.1684664, 0.0 ], [ 73.1554795, 28.1684667, 0.0 ], [ 73.1554743, 28.1687699, 0.0 ], [ 73.1554512, 28.1687696, 0.0 ], [ 73.1554564, 28.1684664, 0.0 ] ], [ [ 73.1554004, 28.1684656, 0.0 ], [ 73.1554235, 28.1684659, 0.0 ], [ 73.1554183, 28.1687692, 0.0 ], [ 73.1553952, 28.1687689, 0.0 ], [ 73.1554004, 28.1684656, 0.0 ] ], [ [ 73.1553498, 28.1681532, 0.0 ], [ 73.1553729, 28.1681535, 0.0 ], [ 73.1553677, 28.1684568, 0.0 ], [ 73.1553446, 28.1684564, 0.0 ], [ 73.1553498, 28.1681532, 0.0 ] ], [ [ 73.1552938, 28.1681524, 0.0 ], [ 73.1553169, 28.1681527, 0.0 ], [ 73.1553117, 28.168456, 0.0 ], [ 73.1552886, 28.1684557, 0.0 ], [ 73.1552938, 28.1681524, 0.0 ] ], [ [ 73.1553444, 28.1684649, 0.0 ], [ 73.1553675, 28.1684652, 0.0 ], [ 73.1553623, 28.1687684, 0.0 ], [ 73.1553392, 28.1687681, 0.0 ], [ 73.1553444, 28.1684649, 0.0 ] ], [ [ 73.1552884, 28.1684641, 0.0 ], [ 73.1553115, 28.1684644, 0.0 ], [ 73.1553063, 28.1687677, 0.0 ], [ 73.1552832, 28.1687674, 0.0 ], [ 73.1552884, 28.1684641, 0.0 ] ], [ [ 73.1552378, 28.1681517, 0.0 ], [ 73.1552609, 28.168152, 0.0 ], [ 73.1552557, 28.1684552, 0.0 ], [ 73.1552326, 28.1684549, 0.0 ], [ 73.1552378, 28.1681517, 0.0 ] ], [ [ 73.1551818, 28.1681509, 0.0 ], [ 73.1552049, 28.1681512, 0.0 ], [ 73.1551997, 28.1684545, 0.0 ], [ 73.1551766, 28.1684542, 0.0 ], [ 73.1551818, 28.1681509, 0.0 ] ], [ [ 73.1552324, 28.1684633, 0.0 ], [ 73.1552555, 28.1684637, 0.0 ], [ 73.1552503, 28.1687669, 0.0 ], [ 73.1552272, 28.1687666, 0.0 ], [ 73.1552324, 28.1684633, 0.0 ] ], [ [ 73.1551764, 28.1684626, 0.0 ], [ 73.1551995, 28.1684629, 0.0 ], [ 73.1551943, 28.1687662, 0.0 ], [ 73.1551712, 28.1687659, 0.0 ], [ 73.1551764, 28.1684626, 0.0 ] ], [ [ 73.1551258, 28.1681502, 0.0 ], [ 73.1551489, 28.1681505, 0.0 ], [ 73.1551437, 28.1684537, 0.0 ], [ 73.1551206, 28.1684534, 0.0 ], [ 73.1551258, 28.1681502, 0.0 ] ], [ [ 73.1550698, 28.1681494, 0.0 ], [ 73.1550929, 28.1681497, 0.0 ], [ 73.1550877, 28.168453, 0.0 ], [ 73.1550646, 28.1684527, 0.0 ], [ 73.1550698, 28.1681494, 0.0 ] ], [ [ 73.1551204, 28.1684618, 0.0 ], [ 73.1551436, 28.1684622, 0.0 ], [ 73.1551383, 28.1687654, 0.0 ], [ 73.1551152, 28.1687651, 0.0 ], [ 73.1551204, 28.1684618, 0.0 ] ], [ [ 73.1550644, 28.1684611, 0.0 ], [ 73.1550876, 28.1684614, 0.0 ], [ 73.1550824, 28.1687647, 0.0 ], [ 73.1550592, 28.1687644, 0.0 ], [ 73.1550644, 28.1684611, 0.0 ] ], [ [ 73.1549018, 28.1681471, 0.0 ], [ 73.1549249, 28.1681474, 0.0 ], [ 73.1549197, 28.1684507, 0.0 ], [ 73.1548966, 28.1684504, 0.0 ], [ 73.1549018, 28.1681471, 0.0 ] ], [ [ 73.1548458, 28.1681464, 0.0 ], [ 73.1548689, 28.1681467, 0.0 ], [ 73.1548637, 28.16845, 0.0 ], [ 73.1548406, 28.1684496, 0.0 ], [ 73.1548458, 28.1681464, 0.0 ] ], [ [ 73.1548964, 28.1684588, 0.0 ], [ 73.1549196, 28.1684591, 0.0 ], [ 73.1549144, 28.1687624, 0.0 ], [ 73.1548912, 28.1687621, 0.0 ], [ 73.1548964, 28.1684588, 0.0 ] ], [ [ 73.1548404, 28.1684581, 0.0 ], [ 73.1548636, 28.1684584, 0.0 ], [ 73.1548584, 28.1687616, 0.0 ], [ 73.1548352, 28.1687613, 0.0 ], [ 73.1548404, 28.1684581, 0.0 ] ], [ [ 73.1547898, 28.1681456, 0.0 ], [ 73.1548129, 28.1681459, 0.0 ], [ 73.1548077, 28.1684492, 0.0 ], [ 73.1547846, 28.1684489, 0.0 ], [ 73.1547898, 28.1681456, 0.0 ] ], [ [ 73.1547338, 28.1681449, 0.0 ], [ 73.1547569, 28.1681452, 0.0 ], [ 73.1547517, 28.1684485, 0.0 ], [ 73.1547286, 28.1684481, 0.0 ], [ 73.1547338, 28.1681449, 0.0 ] ], [ [ 73.1547844, 28.1684573, 0.0 ], [ 73.1548076, 28.1684576, 0.0 ], [ 73.1548024, 28.1687609, 0.0 ], [ 73.1547792, 28.1687606, 0.0 ], [ 73.1547844, 28.1684573, 0.0 ] ], [ [ 73.1547284, 28.1684566, 0.0 ], [ 73.1547516, 28.1684569, 0.0 ], [ 73.1547464, 28.1687601, 0.0 ], [ 73.1547232, 28.1687598, 0.0 ], [ 73.1547284, 28.1684566, 0.0 ] ], [ [ 73.1546778, 28.1681441, 0.0 ], [ 73.1547009, 28.1681444, 0.0 ], [ 73.1546957, 28.1684477, 0.0 ], [ 73.1546726, 28.1684474, 0.0 ], [ 73.1546778, 28.1681441, 0.0 ] ], [ [ 73.1546218, 28.1681434, 0.0 ], [ 73.1546449, 28.1681437, 0.0 ], [ 73.1546397, 28.1684469, 0.0 ], [ 73.1546166, 28.1684466, 0.0 ], [ 73.1546218, 28.1681434, 0.0 ] ], [ [ 73.1546724, 28.1684558, 0.0 ], [ 73.1546956, 28.1684561, 0.0 ], [ 73.1546904, 28.1687594, 0.0 ], [ 73.1546672, 28.1687591, 0.0 ], [ 73.1546724, 28.1684558, 0.0 ] ], [ [ 73.1546165, 28.168455, 0.0 ], [ 73.1546396, 28.1684554, 0.0 ], [ 73.1546344, 28.1687586, 0.0 ], [ 73.1546112, 28.1687583, 0.0 ], [ 73.1546165, 28.168455, 0.0 ] ], [ [ 73.1545658, 28.1681426, 0.0 ], [ 73.1545889, 28.1681429, 0.0 ], [ 73.1545837, 28.1684462, 0.0 ], [ 73.1545606, 28.1684459, 0.0 ], [ 73.1545658, 28.1681426, 0.0 ] ], [ [ 73.1545098, 28.1681419, 0.0 ], [ 73.1545329, 28.1681422, 0.0 ], [ 73.1545277, 28.1684454, 0.0 ], [ 73.1545046, 28.1684451, 0.0 ], [ 73.1545098, 28.1681419, 0.0 ] ], [ [ 73.1545605, 28.1684543, 0.0 ], [ 73.1545836, 28.1684546, 0.0 ], [ 73.1545784, 28.1687579, 0.0 ], [ 73.1545553, 28.1687576, 0.0 ], [ 73.1545605, 28.1684543, 0.0 ] ], [ [ 73.1545045, 28.1684535, 0.0 ], [ 73.1545276, 28.1684539, 0.0 ], [ 73.1545224, 28.1687571, 0.0 ], [ 73.1544993, 28.1687568, 0.0 ], [ 73.1545045, 28.1684535, 0.0 ] ], [ [ 73.1543418, 28.1681396, 0.0 ], [ 73.154365, 28.1681399, 0.0 ], [ 73.1543597, 28.1684432, 0.0 ], [ 73.1543366, 28.1684429, 0.0 ], [ 73.1543418, 28.1681396, 0.0 ] ], [ [ 73.1542858, 28.1681388, 0.0 ], [ 73.154309, 28.1681391, 0.0 ], [ 73.1543037, 28.1684424, 0.0 ], [ 73.1542806, 28.1684421, 0.0 ], [ 73.1542858, 28.1681388, 0.0 ] ], [ [ 73.1543365, 28.1684513, 0.0 ], [ 73.1543596, 28.1684516, 0.0 ], [ 73.1543544, 28.1687549, 0.0 ], [ 73.1543313, 28.1687545, 0.0 ], [ 73.1543365, 28.1684513, 0.0 ] ], [ [ 73.1542805, 28.1684505, 0.0 ], [ 73.1543036, 28.1684508, 0.0 ], [ 73.1542984, 28.1687541, 0.0 ], [ 73.1542753, 28.1687538, 0.0 ], [ 73.1542805, 28.1684505, 0.0 ] ], [ [ 73.1542298, 28.1681381, 0.0 ], [ 73.154253, 28.1681384, 0.0 ], [ 73.1542478, 28.1684417, 0.0 ], [ 73.1542246, 28.1684413, 0.0 ], [ 73.1542298, 28.1681381, 0.0 ] ], [ [ 73.1541738, 28.1681373, 0.0 ], [ 73.154197, 28.1681376, 0.0 ], [ 73.1541918, 28.1684409, 0.0 ], [ 73.1541686, 28.1684406, 0.0 ], [ 73.1541738, 28.1681373, 0.0 ] ], [ [ 73.1542245, 28.1684498, 0.0 ], [ 73.1542476, 28.1684501, 0.0 ], [ 73.1542424, 28.1687533, 0.0 ], [ 73.1542193, 28.168753, 0.0 ], [ 73.1542245, 28.1684498, 0.0 ] ], [ [ 73.1541685, 28.168449, 0.0 ], [ 73.1541916, 28.1684493, 0.0 ], [ 73.1541864, 28.1687526, 0.0 ], [ 73.1541633, 28.1687523, 0.0 ], [ 73.1541685, 28.168449, 0.0 ] ], [ [ 73.1540058, 28.1681351, 0.0 ], [ 73.154029, 28.1681354, 0.0 ], [ 73.1540238, 28.1684386, 0.0 ], [ 73.1540006, 28.1684383, 0.0 ], [ 73.1540058, 28.1681351, 0.0 ] ], [ [ 73.1539498, 28.1681343, 0.0 ], [ 73.153973, 28.1681346, 0.0 ], [ 73.1539678, 28.1684379, 0.0 ], [ 73.1539446, 28.1684376, 0.0 ], [ 73.1539498, 28.1681343, 0.0 ] ], [ [ 73.1540005, 28.1684467, 0.0 ], [ 73.1540236, 28.1684471, 0.0 ], [ 73.1540184, 28.1687503, 0.0 ], [ 73.1539953, 28.16875, 0.0 ], [ 73.1540005, 28.1684467, 0.0 ] ], [ [ 73.1539445, 28.168446, 0.0 ], [ 73.1539676, 28.1684463, 0.0 ], [ 73.1539624, 28.1687496, 0.0 ], [ 73.1539393, 28.1687493, 0.0 ], [ 73.1539445, 28.168446, 0.0 ] ], [ [ 73.1538938, 28.1681335, 0.0 ], [ 73.153917, 28.1681339, 0.0 ], [ 73.1539118, 28.1684371, 0.0 ], [ 73.1538886, 28.1684368, 0.0 ], [ 73.1538938, 28.1681335, 0.0 ] ], [ [ 73.1538379, 28.1681328, 0.0 ], [ 73.153861, 28.1681331, 0.0 ], [ 73.1538558, 28.1684364, 0.0 ], [ 73.1538326, 28.1684361, 0.0 ], [ 73.1538379, 28.1681328, 0.0 ] ], [ [ 73.1538885, 28.1684452, 0.0 ], [ 73.1539116, 28.1684455, 0.0 ], [ 73.1539064, 28.1687488, 0.0 ], [ 73.1538833, 28.1687485, 0.0 ], [ 73.1538885, 28.1684452, 0.0 ] ], [ [ 73.1538325, 28.1684445, 0.0 ], [ 73.1538556, 28.1684448, 0.0 ], [ 73.1538504, 28.1687481, 0.0 ], [ 73.1538273, 28.1687477, 0.0 ], [ 73.1538325, 28.1684445, 0.0 ] ], [ [ 73.1529979, 28.1681215, 0.0 ], [ 73.153021, 28.1681218, 0.0 ], [ 73.1530158, 28.168425, 0.0 ], [ 73.1529927, 28.1684247, 0.0 ], [ 73.1529979, 28.1681215, 0.0 ] ], [ [ 73.1529419, 28.1681207, 0.0 ], [ 73.152965, 28.168121, 0.0 ], [ 73.1529598, 28.1684243, 0.0 ], [ 73.1529367, 28.168424, 0.0 ], [ 73.1529419, 28.1681207, 0.0 ] ], [ [ 73.1529926, 28.1684332, 0.0 ], [ 73.1530157, 28.1684335, 0.0 ], [ 73.1530105, 28.1687367, 0.0 ], [ 73.1529873, 28.1687364, 0.0 ], [ 73.1529926, 28.1684332, 0.0 ] ], [ [ 73.1529366, 28.1684324, 0.0 ], [ 73.1529597, 28.1684327, 0.0 ], [ 73.1529545, 28.168736, 0.0 ], [ 73.1529313, 28.1687357, 0.0 ], [ 73.1529366, 28.1684324, 0.0 ] ], [ [ 73.1528859, 28.16812, 0.0 ], [ 73.152909, 28.1681203, 0.0 ], [ 73.1529038, 28.1684235, 0.0 ], [ 73.1528807, 28.1684232, 0.0 ], [ 73.1528859, 28.16812, 0.0 ] ], [ [ 73.1528299, 28.1681192, 0.0 ], [ 73.1528531, 28.1681195, 0.0 ], [ 73.1528478, 28.1684228, 0.0 ], [ 73.1528247, 28.1684225, 0.0 ], [ 73.1528299, 28.1681192, 0.0 ] ], [ [ 73.1528806, 28.1684316, 0.0 ], [ 73.1529037, 28.168432, 0.0 ], [ 73.1528985, 28.1687352, 0.0 ], [ 73.1528754, 28.1687349, 0.0 ], [ 73.1528806, 28.1684316, 0.0 ] ], [ [ 73.1528246, 28.1684309, 0.0 ], [ 73.1528477, 28.1684312, 0.0 ], [ 73.1528425, 28.1687345, 0.0 ], [ 73.1528194, 28.1687342, 0.0 ], [ 73.1528246, 28.1684309, 0.0 ] ], [ [ 73.1527739, 28.1681184, 0.0 ], [ 73.1527971, 28.1681188, 0.0 ], [ 73.1527918, 28.168422, 0.0 ], [ 73.1527687, 28.1684217, 0.0 ], [ 73.1527739, 28.1681184, 0.0 ] ], [ [ 73.1527179, 28.1681177, 0.0 ], [ 73.1527411, 28.168118, 0.0 ], [ 73.1527358, 28.1684213, 0.0 ], [ 73.1527127, 28.168421, 0.0 ], [ 73.1527179, 28.1681177, 0.0 ] ], [ [ 73.1527686, 28.1684301, 0.0 ], [ 73.1527917, 28.1684304, 0.0 ], [ 73.1527865, 28.1687337, 0.0 ], [ 73.1527634, 28.1687334, 0.0 ], [ 73.1527686, 28.1684301, 0.0 ] ], [ [ 73.1527126, 28.1684294, 0.0 ], [ 73.1527357, 28.1684297, 0.0 ], [ 73.1527305, 28.168733, 0.0 ], [ 73.1527074, 28.1687326, 0.0 ], [ 73.1527126, 28.1684294, 0.0 ] ], [ [ 73.1526565, 28.1684327, 0.0 ], [ 73.1526796, 28.168433, 0.0 ], [ 73.1526744, 28.1687363, 0.0 ], [ 73.1526513, 28.168736, 0.0 ], [ 73.1526565, 28.1684327, 0.0 ] ], [ [ 73.1526005, 28.168432, 0.0 ], [ 73.1526236, 28.1684323, 0.0 ], [ 73.1526184, 28.1687355, 0.0 ], [ 73.1525953, 28.1687352, 0.0 ], [ 73.1526005, 28.168432, 0.0 ] ], [ [ 73.1526511, 28.1687444, 0.0 ], [ 73.1526743, 28.1687447, 0.0 ], [ 73.1526691, 28.169048, 0.0 ], [ 73.1526459, 28.1690477, 0.0 ], [ 73.1526511, 28.1687444, 0.0 ] ], [ [ 73.1525952, 28.1687436, 0.0 ], [ 73.1526183, 28.168744, 0.0 ], [ 73.1526131, 28.1690472, 0.0 ], [ 73.1525899, 28.1690469, 0.0 ], [ 73.1525952, 28.1687436, 0.0 ] ], [ [ 73.1525445, 28.1684312, 0.0 ], [ 73.1525676, 28.1684315, 0.0 ], [ 73.1525624, 28.1687348, 0.0 ], [ 73.1525393, 28.1687345, 0.0 ], [ 73.1525445, 28.1684312, 0.0 ] ], [ [ 73.1524885, 28.1684304, 0.0 ], [ 73.1525116, 28.1684308, 0.0 ], [ 73.1525064, 28.168734, 0.0 ], [ 73.1524833, 28.1687337, 0.0 ], [ 73.1524885, 28.1684304, 0.0 ] ], [ [ 73.1525392, 28.1687429, 0.0 ], [ 73.1525623, 28.1687432, 0.0 ], [ 73.1525571, 28.1690465, 0.0 ], [ 73.1525339, 28.1690462, 0.0 ], [ 73.1525392, 28.1687429, 0.0 ] ], [ [ 73.1524832, 28.1687421, 0.0 ], [ 73.1525063, 28.1687424, 0.0 ], [ 73.1525011, 28.1690457, 0.0 ], [ 73.1524779, 28.1690454, 0.0 ], [ 73.1524832, 28.1687421, 0.0 ] ], [ [ 73.1524325, 28.1684297, 0.0 ], [ 73.1524556, 28.16843, 0.0 ], [ 73.1524504, 28.1687333, 0.0 ], [ 73.1524273, 28.168733, 0.0 ], [ 73.1524325, 28.1684297, 0.0 ] ], [ [ 73.1523765, 28.1684289, 0.0 ], [ 73.1523997, 28.1684292, 0.0 ], [ 73.1523944, 28.1687325, 0.0 ], [ 73.1523713, 28.1687322, 0.0 ], [ 73.1523765, 28.1684289, 0.0 ] ], [ [ 73.1524272, 28.1687414, 0.0 ], [ 73.1524503, 28.1687417, 0.0 ], [ 73.1524451, 28.169045, 0.0 ], [ 73.152422, 28.1690446, 0.0 ], [ 73.1524272, 28.1687414, 0.0 ] ], [ [ 73.1523712, 28.1687406, 0.0 ], [ 73.1523943, 28.1687409, 0.0 ], [ 73.1523891, 28.1690442, 0.0 ], [ 73.152366, 28.1690439, 0.0 ], [ 73.1523712, 28.1687406, 0.0 ] ], [ [ 73.1523205, 28.1684282, 0.0 ], [ 73.1523437, 28.1684285, 0.0 ], [ 73.1523384, 28.1687318, 0.0 ], [ 73.1523153, 28.1687314, 0.0 ], [ 73.1523205, 28.1684282, 0.0 ] ], [ [ 73.1522645, 28.1684274, 0.0 ], [ 73.1522877, 28.1684277, 0.0 ], [ 73.1522824, 28.168731, 0.0 ], [ 73.1522593, 28.1687307, 0.0 ], [ 73.1522645, 28.1684274, 0.0 ] ], [ [ 73.1523152, 28.1687399, 0.0 ], [ 73.1523383, 28.1687402, 0.0 ], [ 73.1523331, 28.1690434, 0.0 ], [ 73.15231, 28.1690431, 0.0 ], [ 73.1523152, 28.1687399, 0.0 ] ], [ [ 73.1522592, 28.1687391, 0.0 ], [ 73.1522823, 28.1687394, 0.0 ], [ 73.1522771, 28.1690427, 0.0 ], [ 73.152254, 28.1690424, 0.0 ], [ 73.1522592, 28.1687391, 0.0 ] ], [ [ 73.1522085, 28.1684267, 0.0 ], [ 73.1522317, 28.168427, 0.0 ], [ 73.1522265, 28.1687303, 0.0 ], [ 73.1522033, 28.1687299, 0.0 ], [ 73.1522085, 28.1684267, 0.0 ] ], [ [ 73.1521525, 28.1684259, 0.0 ], [ 73.1521757, 28.1684262, 0.0 ], [ 73.1521705, 28.1687295, 0.0 ], [ 73.1521473, 28.1687292, 0.0 ], [ 73.1521525, 28.1684259, 0.0 ] ], [ [ 73.1522032, 28.1687384, 0.0 ], [ 73.1522263, 28.1687387, 0.0 ], [ 73.1522211, 28.1690419, 0.0 ], [ 73.152198, 28.1690416, 0.0 ], [ 73.1522032, 28.1687384, 0.0 ] ], [ [ 73.1521472, 28.1687376, 0.0 ], [ 73.1521703, 28.1687379, 0.0 ], [ 73.1521651, 28.1690412, 0.0 ], [ 73.152142, 28.1690409, 0.0 ], [ 73.1521472, 28.1687376, 0.0 ] ], [ [ 73.1520965, 28.1684252, 0.0 ], [ 73.1521197, 28.1684255, 0.0 ], [ 73.1521145, 28.1687287, 0.0 ], [ 73.1520913, 28.1687284, 0.0 ], [ 73.1520965, 28.1684252, 0.0 ] ], [ [ 73.1520405, 28.1684244, 0.0 ], [ 73.1520637, 28.1684247, 0.0 ], [ 73.1520585, 28.168728, 0.0 ], [ 73.1520353, 28.1687277, 0.0 ], [ 73.1520405, 28.1684244, 0.0 ] ], [ [ 73.1520912, 28.1687368, 0.0 ], [ 73.1521143, 28.1687372, 0.0 ], [ 73.1521091, 28.1690404, 0.0 ], [ 73.152086, 28.1690401, 0.0 ], [ 73.1520912, 28.1687368, 0.0 ] ], [ [ 73.1520352, 28.1687361, 0.0 ], [ 73.1520583, 28.1687364, 0.0 ], [ 73.1520531, 28.1690397, 0.0 ], [ 73.15203, 28.1690394, 0.0 ], [ 73.1520352, 28.1687361, 0.0 ] ], [ [ 73.1519845, 28.1684236, 0.0 ], [ 73.1520077, 28.168424, 0.0 ], [ 73.1520025, 28.1687272, 0.0 ], [ 73.1519793, 28.1687269, 0.0 ], [ 73.1519845, 28.1684236, 0.0 ] ], [ [ 73.1519286, 28.1684229, 0.0 ], [ 73.1519517, 28.1684232, 0.0 ], [ 73.1519465, 28.1687265, 0.0 ], [ 73.1519233, 28.1687262, 0.0 ], [ 73.1519286, 28.1684229, 0.0 ] ], [ [ 73.1519792, 28.1687353, 0.0 ], [ 73.1520023, 28.1687356, 0.0 ], [ 73.1519971, 28.1690389, 0.0 ], [ 73.151974, 28.1690386, 0.0 ], [ 73.1519792, 28.1687353, 0.0 ] ], [ [ 73.1519232, 28.1687346, 0.0 ], [ 73.1519463, 28.1687349, 0.0 ], [ 73.1519411, 28.1690382, 0.0 ], [ 73.151918, 28.1690378, 0.0 ], [ 73.1519232, 28.1687346, 0.0 ] ], [ [ 73.1518726, 28.1684221, 0.0 ], [ 73.1518957, 28.1684224, 0.0 ], [ 73.1518905, 28.1687257, 0.0 ], [ 73.1518673, 28.1687254, 0.0 ], [ 73.1518726, 28.1684221, 0.0 ] ], [ [ 73.1518166, 28.1684214, 0.0 ], [ 73.1518397, 28.1684217, 0.0 ], [ 73.1518345, 28.168725, 0.0 ], [ 73.1518113, 28.1687246, 0.0 ], [ 73.1518166, 28.1684214, 0.0 ] ], [ [ 73.1518672, 28.1687338, 0.0 ], [ 73.1518903, 28.1687341, 0.0 ], [ 73.1518851, 28.1690374, 0.0 ], [ 73.151862, 28.1690371, 0.0 ], [ 73.1518672, 28.1687338, 0.0 ] ], [ [ 73.1518112, 28.1687331, 0.0 ], [ 73.1518343, 28.1687334, 0.0 ], [ 73.1518291, 28.1690366, 0.0 ], [ 73.151806, 28.1690363, 0.0 ], [ 73.1518112, 28.1687331, 0.0 ] ], [ [ 73.151766, 28.1681048, 0.0 ], [ 73.1517891, 28.1681052, 0.0 ], [ 73.1517839, 28.1684084, 0.0 ], [ 73.1517608, 28.1684081, 0.0 ], [ 73.151766, 28.1681048, 0.0 ] ], [ [ 73.15171, 28.1681041, 0.0 ], [ 73.1517331, 28.1681044, 0.0 ], [ 73.1517279, 28.1684077, 0.0 ], [ 73.1517048, 28.1684074, 0.0 ], [ 73.15171, 28.1681041, 0.0 ] ], [ [ 73.1517606, 28.1684165, 0.0 ], [ 73.1517838, 28.1684168, 0.0 ], [ 73.1517785, 28.1687201, 0.0 ], [ 73.1517554, 28.1687198, 0.0 ], [ 73.1517606, 28.1684165, 0.0 ] ], [ [ 73.1517046, 28.1684158, 0.0 ], [ 73.1517278, 28.1684161, 0.0 ], [ 73.1517226, 28.1687194, 0.0 ], [ 73.1516994, 28.168719, 0.0 ], [ 73.1517046, 28.1684158, 0.0 ] ], [ [ 73.1516433, 28.1687228, 0.0 ], [ 73.1516665, 28.1687231, 0.0 ], [ 73.1516613, 28.1690264, 0.0 ], [ 73.1516381, 28.1690261, 0.0 ], [ 73.1516433, 28.1687228, 0.0 ] ], [ [ 73.1515874, 28.168722, 0.0 ], [ 73.1516105, 28.1687224, 0.0 ], [ 73.1516053, 28.1690256, 0.0 ], [ 73.1515821, 28.1690253, 0.0 ], [ 73.1515874, 28.168722, 0.0 ] ], [ [ 73.151638, 28.1690345, 0.0 ], [ 73.1516611, 28.1690348, 0.0 ], [ 73.1516559, 28.1693381, 0.0 ], [ 73.1516328, 28.1693377, 0.0 ], [ 73.151638, 28.1690345, 0.0 ] ], [ [ 73.151582, 28.1690337, 0.0 ], [ 73.1516051, 28.169034, 0.0 ], [ 73.1515999, 28.1693373, 0.0 ], [ 73.1515768, 28.169337, 0.0 ], [ 73.151582, 28.1690337, 0.0 ] ], [ [ 73.1515314, 28.1687213, 0.0 ], [ 73.1515545, 28.1687216, 0.0 ], [ 73.1515493, 28.1690249, 0.0 ], [ 73.1515261, 28.1690246, 0.0 ], [ 73.1515314, 28.1687213, 0.0 ] ], [ [ 73.1514754, 28.1687205, 0.0 ], [ 73.1514985, 28.1687208, 0.0 ], [ 73.1514933, 28.1690241, 0.0 ], [ 73.1514701, 28.1690238, 0.0 ], [ 73.1514754, 28.1687205, 0.0 ] ], [ [ 73.151526, 28.169033, 0.0 ], [ 73.1515491, 28.1690333, 0.0 ], [ 73.1515439, 28.1693365, 0.0 ], [ 73.1515208, 28.1693362, 0.0 ], [ 73.151526, 28.169033, 0.0 ] ], [ [ 73.15147, 28.1690322, 0.0 ], [ 73.1514931, 28.1690325, 0.0 ], [ 73.1514879, 28.1693358, 0.0 ], [ 73.1514648, 28.1693355, 0.0 ], [ 73.15147, 28.1690322, 0.0 ] ], [ [ 73.1514194, 28.1687198, 0.0 ], [ 73.1514425, 28.1687201, 0.0 ], [ 73.1514373, 28.1690234, 0.0 ], [ 73.1514141, 28.169023, 0.0 ], [ 73.1514194, 28.1687198, 0.0 ] ], [ [ 73.1513634, 28.168719, 0.0 ], [ 73.1513865, 28.1687193, 0.0 ], [ 73.1513813, 28.1690226, 0.0 ], [ 73.1513582, 28.1690223, 0.0 ], [ 73.1513634, 28.168719, 0.0 ] ], [ [ 73.151414, 28.1690315, 0.0 ], [ 73.1514371, 28.1690318, 0.0 ], [ 73.1514319, 28.169335, 0.0 ], [ 73.1514088, 28.1693347, 0.0 ], [ 73.151414, 28.1690315, 0.0 ] ], [ [ 73.151358, 28.1690307, 0.0 ], [ 73.1513811, 28.169031, 0.0 ], [ 73.1513759, 28.1693343, 0.0 ], [ 73.1513528, 28.169334, 0.0 ], [ 73.151358, 28.1690307, 0.0 ] ], [ [ 73.151318, 28.1680988, 0.0 ], [ 73.1513412, 28.1680991, 0.0 ], [ 73.1513359, 28.1684024, 0.0 ], [ 73.1513128, 28.1684021, 0.0 ], [ 73.151318, 28.1680988, 0.0 ] ], [ [ 73.151262, 28.168098, 0.0 ], [ 73.1512852, 28.1680983, 0.0 ], [ 73.1512799, 28.1684016, 0.0 ], [ 73.1512568, 28.1684013, 0.0 ], [ 73.151262, 28.168098, 0.0 ] ], [ [ 73.1513127, 28.1684105, 0.0 ], [ 73.1513358, 28.1684108, 0.0 ], [ 73.1513306, 28.1687141, 0.0 ], [ 73.1513074, 28.1687137, 0.0 ], [ 73.1513127, 28.1684105, 0.0 ] ], [ [ 73.1512567, 28.1684097, 0.0 ], [ 73.1512798, 28.16841, 0.0 ], [ 73.1512746, 28.1687133, 0.0 ], [ 73.1512514, 28.168713, 0.0 ], [ 73.1512567, 28.1684097, 0.0 ] ], [ [ 73.151206, 28.1680973, 0.0 ], [ 73.1512292, 28.1680976, 0.0 ], [ 73.1512239, 28.1684009, 0.0 ], [ 73.1512008, 28.1684005, 0.0 ], [ 73.151206, 28.1680973, 0.0 ] ], [ [ 73.15115, 28.1680965, 0.0 ], [ 73.1511732, 28.1680968, 0.0 ], [ 73.1511679, 28.1684001, 0.0 ], [ 73.1511448, 28.1683998, 0.0 ], [ 73.15115, 28.1680965, 0.0 ] ], [ [ 73.1512007, 28.168409, 0.0 ], [ 73.1512238, 28.1684093, 0.0 ], [ 73.1512186, 28.1687125, 0.0 ], [ 73.1511955, 28.1687122, 0.0 ], [ 73.1512007, 28.168409, 0.0 ] ], [ [ 73.1511447, 28.1684082, 0.0 ], [ 73.1511678, 28.1684085, 0.0 ], [ 73.1511626, 28.1687118, 0.0 ], [ 73.1511395, 28.1687115, 0.0 ], [ 73.1511447, 28.1684082, 0.0 ] ], [ [ 73.151094, 28.1680958, 0.0 ], [ 73.1511172, 28.1680961, 0.0 ], [ 73.151112, 28.1683993, 0.0 ], [ 73.1510888, 28.168399, 0.0 ], [ 73.151094, 28.1680958, 0.0 ] ], [ [ 73.151038, 28.168095, 0.0 ], [ 73.1510612, 28.1680953, 0.0 ], [ 73.151056, 28.1683986, 0.0 ], [ 73.1510328, 28.1683983, 0.0 ], [ 73.151038, 28.168095, 0.0 ] ], [ [ 73.1510887, 28.1684075, 0.0 ], [ 73.1511118, 28.1684078, 0.0 ], [ 73.1511066, 28.168711, 0.0 ], [ 73.1510835, 28.1687107, 0.0 ], [ 73.1510887, 28.1684075, 0.0 ] ], [ [ 73.1510327, 28.1684067, 0.0 ], [ 73.1510558, 28.168407, 0.0 ], [ 73.1510506, 28.1687103, 0.0 ], [ 73.1510275, 28.16871, 0.0 ], [ 73.1510327, 28.1684067, 0.0 ] ], [ [ 73.150982, 28.1680943, 0.0 ], [ 73.1510052, 28.1680946, 0.0 ], [ 73.151, 28.1683978, 0.0 ], [ 73.1509768, 28.1683975, 0.0 ], [ 73.150982, 28.1680943, 0.0 ] ], [ [ 73.150926, 28.1680935, 0.0 ], [ 73.1509492, 28.1680938, 0.0 ], [ 73.150944, 28.1683971, 0.0 ], [ 73.1509208, 28.1683968, 0.0 ], [ 73.150926, 28.1680935, 0.0 ] ], [ [ 73.1509767, 28.1684059, 0.0 ], [ 73.1509998, 28.1684063, 0.0 ], [ 73.1509946, 28.1687095, 0.0 ], [ 73.1509715, 28.1687092, 0.0 ], [ 73.1509767, 28.1684059, 0.0 ] ], [ [ 73.1509207, 28.1684052, 0.0 ], [ 73.1509438, 28.1684055, 0.0 ], [ 73.1509386, 28.1687088, 0.0 ], [ 73.1509155, 28.1687085, 0.0 ], [ 73.1509207, 28.1684052, 0.0 ] ], [ [ 73.1584962, 28.1675759, 0.0 ], [ 73.1585193, 28.1675762, 0.0 ], [ 73.1585141, 28.1678795, 0.0 ], [ 73.158491, 28.1678792, 0.0 ], [ 73.1584962, 28.1675759, 0.0 ] ], [ [ 73.1584402, 28.1675752, 0.0 ], [ 73.1584633, 28.1675755, 0.0 ], [ 73.1584581, 28.1678787, 0.0 ], [ 73.158435, 28.1678784, 0.0 ], [ 73.1584402, 28.1675752, 0.0 ] ], [ [ 73.1584908, 28.1678876, 0.0 ], [ 73.158514, 28.1678879, 0.0 ], [ 73.1585088, 28.1681912, 0.0 ], [ 73.1584856, 28.1681909, 0.0 ], [ 73.1584908, 28.1678876, 0.0 ] ], [ [ 73.1584348, 28.1678868, 0.0 ], [ 73.158458, 28.1678872, 0.0 ], [ 73.1584528, 28.1681904, 0.0 ], [ 73.1584296, 28.1681901, 0.0 ], [ 73.1584348, 28.1678868, 0.0 ] ], [ [ 73.1583842, 28.1675744, 0.0 ], [ 73.1584073, 28.1675747, 0.0 ], [ 73.1584021, 28.167878, 0.0 ], [ 73.158379, 28.1678777, 0.0 ], [ 73.1583842, 28.1675744, 0.0 ] ], [ [ 73.1583282, 28.1675737, 0.0 ], [ 73.1583513, 28.167574, 0.0 ], [ 73.1583461, 28.1678772, 0.0 ], [ 73.158323, 28.1678769, 0.0 ], [ 73.1583282, 28.1675737, 0.0 ] ], [ [ 73.1583788, 28.1678861, 0.0 ], [ 73.158402, 28.1678864, 0.0 ], [ 73.1583968, 28.1681897, 0.0 ], [ 73.1583736, 28.1681894, 0.0 ], [ 73.1583788, 28.1678861, 0.0 ] ], [ [ 73.1583228, 28.1678853, 0.0 ], [ 73.158346, 28.1678857, 0.0 ], [ 73.1583408, 28.1681889, 0.0 ], [ 73.1583176, 28.1681886, 0.0 ], [ 73.1583228, 28.1678853, 0.0 ] ], [ [ 73.1582722, 28.1675729, 0.0 ], [ 73.1582953, 28.1675732, 0.0 ], [ 73.1582901, 28.1678765, 0.0 ], [ 73.158267, 28.1678762, 0.0 ], [ 73.1582722, 28.1675729, 0.0 ] ], [ [ 73.1582162, 28.1675721, 0.0 ], [ 73.1582393, 28.1675725, 0.0 ], [ 73.1582341, 28.1678757, 0.0 ], [ 73.158211, 28.1678754, 0.0 ], [ 73.1582162, 28.1675721, 0.0 ] ], [ [ 73.1582668, 28.1678846, 0.0 ], [ 73.15829, 28.1678849, 0.0 ], [ 73.1582848, 28.1681882, 0.0 ], [ 73.1582616, 28.1681879, 0.0 ], [ 73.1582668, 28.1678846, 0.0 ] ], [ [ 73.1582108, 28.1678838, 0.0 ], [ 73.158234, 28.1678841, 0.0 ], [ 73.1582288, 28.1681874, 0.0 ], [ 73.1582057, 28.1681871, 0.0 ], [ 73.1582108, 28.1678838, 0.0 ] ], [ [ 73.1581602, 28.1675714, 0.0 ], [ 73.1581833, 28.1675717, 0.0 ], [ 73.1581781, 28.167875, 0.0 ], [ 73.158155, 28.1678747, 0.0 ], [ 73.1581602, 28.1675714, 0.0 ] ], [ [ 73.1581042, 28.1675706, 0.0 ], [ 73.1581273, 28.167571, 0.0 ], [ 73.1581221, 28.1678742, 0.0 ], [ 73.158099, 28.1678739, 0.0 ], [ 73.1581042, 28.1675706, 0.0 ] ], [ [ 73.1581549, 28.1678831, 0.0 ], [ 73.158178, 28.1678834, 0.0 ], [ 73.1581728, 28.1681867, 0.0 ], [ 73.1581497, 28.1681864, 0.0 ], [ 73.1581549, 28.1678831, 0.0 ] ], [ [ 73.1580989, 28.1678823, 0.0 ], [ 73.158122, 28.1678826, 0.0 ], [ 73.1581168, 28.1681859, 0.0 ], [ 73.1580937, 28.1681856, 0.0 ], [ 73.1580989, 28.1678823, 0.0 ] ], [ [ 73.1580482, 28.1675699, 0.0 ], [ 73.1580713, 28.1675702, 0.0 ], [ 73.1580661, 28.1678735, 0.0 ], [ 73.158043, 28.1678732, 0.0 ], [ 73.1580482, 28.1675699, 0.0 ] ], [ [ 73.1579922, 28.1675691, 0.0 ], [ 73.1580153, 28.1675694, 0.0 ], [ 73.1580101, 28.1678727, 0.0 ], [ 73.157987, 28.1678724, 0.0 ], [ 73.1579922, 28.1675691, 0.0 ] ], [ [ 73.1580429, 28.1678816, 0.0 ], [ 73.158066, 28.1678819, 0.0 ], [ 73.1580608, 28.1681852, 0.0 ], [ 73.1580377, 28.1681848, 0.0 ], [ 73.1580429, 28.1678816, 0.0 ] ], [ [ 73.1579869, 28.1678808, 0.0 ], [ 73.15801, 28.1678811, 0.0 ], [ 73.1580048, 28.1681844, 0.0 ], [ 73.1579817, 28.1681841, 0.0 ], [ 73.1579869, 28.1678808, 0.0 ] ], [ [ 73.1579362, 28.1675684, 0.0 ], [ 73.1579593, 28.1675687, 0.0 ], [ 73.1579541, 28.167872, 0.0 ], [ 73.157931, 28.1678717, 0.0 ], [ 73.1579362, 28.1675684, 0.0 ] ], [ [ 73.1578802, 28.1675676, 0.0 ], [ 73.1579033, 28.1675679, 0.0 ], [ 73.1578981, 28.1678712, 0.0 ], [ 73.157875, 28.1678709, 0.0 ], [ 73.1578802, 28.1675676, 0.0 ] ], [ [ 73.1579309, 28.1678801, 0.0 ], [ 73.157954, 28.1678804, 0.0 ], [ 73.1579488, 28.1681837, 0.0 ], [ 73.1579257, 28.1681833, 0.0 ], [ 73.1579309, 28.1678801, 0.0 ] ], [ [ 73.1578749, 28.1678793, 0.0 ], [ 73.157898, 28.1678796, 0.0 ], [ 73.1578928, 28.1681829, 0.0 ], [ 73.1578697, 28.1681826, 0.0 ], [ 73.1578749, 28.1678793, 0.0 ] ], [ [ 73.1578242, 28.1675669, 0.0 ], [ 73.1578473, 28.1675672, 0.0 ], [ 73.1578421, 28.1678705, 0.0 ], [ 73.157819, 28.1678701, 0.0 ], [ 73.1578242, 28.1675669, 0.0 ] ], [ [ 73.1577682, 28.1675661, 0.0 ], [ 73.1577913, 28.1675664, 0.0 ], [ 73.1577862, 28.1678697, 0.0 ], [ 73.157763, 28.1678694, 0.0 ], [ 73.1577682, 28.1675661, 0.0 ] ], [ [ 73.1578189, 28.1678786, 0.0 ], [ 73.157842, 28.1678789, 0.0 ], [ 73.1578368, 28.1681821, 0.0 ], [ 73.1578137, 28.1681818, 0.0 ], [ 73.1578189, 28.1678786, 0.0 ] ], [ [ 73.1577629, 28.1678778, 0.0 ], [ 73.157786, 28.1678781, 0.0 ], [ 73.1577808, 28.1681814, 0.0 ], [ 73.1577577, 28.1681811, 0.0 ], [ 73.1577629, 28.1678778, 0.0 ] ], [ [ 73.1577122, 28.1675654, 0.0 ], [ 73.1577354, 28.1675657, 0.0 ], [ 73.1577302, 28.1678689, 0.0 ], [ 73.157707, 28.1678686, 0.0 ], [ 73.1577122, 28.1675654, 0.0 ] ], [ [ 73.1576562, 28.1675646, 0.0 ], [ 73.1576794, 28.1675649, 0.0 ], [ 73.1576742, 28.1678682, 0.0 ], [ 73.157651, 28.1678679, 0.0 ], [ 73.1576562, 28.1675646, 0.0 ] ], [ [ 73.1577069, 28.1678771, 0.0 ], [ 73.15773, 28.1678774, 0.0 ], [ 73.1577248, 28.1681806, 0.0 ], [ 73.1577017, 28.1681803, 0.0 ], [ 73.1577069, 28.1678771, 0.0 ] ], [ [ 73.1576509, 28.1678763, 0.0 ], [ 73.157674, 28.1678766, 0.0 ], [ 73.1576688, 28.1681799, 0.0 ], [ 73.1576457, 28.1681796, 0.0 ], [ 73.1576509, 28.1678763, 0.0 ] ], [ [ 73.1576002, 28.1675639, 0.0 ], [ 73.1576234, 28.1675642, 0.0 ], [ 73.1576182, 28.1678674, 0.0 ], [ 73.157595, 28.1678671, 0.0 ], [ 73.1576002, 28.1675639, 0.0 ] ], [ [ 73.1575442, 28.1675631, 0.0 ], [ 73.1575674, 28.1675634, 0.0 ], [ 73.1575622, 28.1678667, 0.0 ], [ 73.157539, 28.1678664, 0.0 ], [ 73.1575442, 28.1675631, 0.0 ] ], [ [ 73.1575949, 28.1678755, 0.0 ], [ 73.157618, 28.1678759, 0.0 ], [ 73.1576128, 28.1681791, 0.0 ], [ 73.1575897, 28.1681788, 0.0 ], [ 73.1575949, 28.1678755, 0.0 ] ], [ [ 73.1575389, 28.1678748, 0.0 ], [ 73.157562, 28.1678751, 0.0 ], [ 73.1575568, 28.1681784, 0.0 ], [ 73.1575337, 28.1681781, 0.0 ], [ 73.1575389, 28.1678748, 0.0 ] ], [ [ 73.1574882, 28.1675624, 0.0 ], [ 73.1575114, 28.1675627, 0.0 ], [ 73.1575062, 28.1678659, 0.0 ], [ 73.157483, 28.1678656, 0.0 ], [ 73.1574882, 28.1675624, 0.0 ] ], [ [ 73.1574322, 28.1675616, 0.0 ], [ 73.1574554, 28.1675619, 0.0 ], [ 73.1574502, 28.1678652, 0.0 ], [ 73.157427, 28.1678649, 0.0 ], [ 73.1574322, 28.1675616, 0.0 ] ], [ [ 73.1574829, 28.167874, 0.0 ], [ 73.157506, 28.1678744, 0.0 ], [ 73.1575008, 28.1681776, 0.0 ], [ 73.1574777, 28.1681773, 0.0 ], [ 73.1574829, 28.167874, 0.0 ] ], [ [ 73.1574269, 28.1678733, 0.0 ], [ 73.15745, 28.1678736, 0.0 ], [ 73.1574448, 28.1681769, 0.0 ], [ 73.1574217, 28.1681766, 0.0 ], [ 73.1574269, 28.1678733, 0.0 ] ], [ [ 73.1573762, 28.1675608, 0.0 ], [ 73.1573994, 28.1675612, 0.0 ], [ 73.1573942, 28.1678644, 0.0 ], [ 73.157371, 28.1678641, 0.0 ], [ 73.1573762, 28.1675608, 0.0 ] ], [ [ 73.1573202, 28.1675601, 0.0 ], [ 73.1573434, 28.1675604, 0.0 ], [ 73.1573382, 28.1678637, 0.0 ], [ 73.157315, 28.1678634, 0.0 ], [ 73.1573202, 28.1675601, 0.0 ] ], [ [ 73.1573709, 28.1678725, 0.0 ], [ 73.157394, 28.1678728, 0.0 ], [ 73.1573888, 28.1681761, 0.0 ], [ 73.1573657, 28.1681758, 0.0 ], [ 73.1573709, 28.1678725, 0.0 ] ], [ [ 73.1573149, 28.1678718, 0.0 ], [ 73.157338, 28.1678721, 0.0 ], [ 73.1573328, 28.1681754, 0.0 ], [ 73.1573097, 28.1681751, 0.0 ], [ 73.1573149, 28.1678718, 0.0 ] ], [ [ 73.1572643, 28.1675593, 0.0 ], [ 73.1572874, 28.1675597, 0.0 ], [ 73.1572822, 28.1678629, 0.0 ], [ 73.1572591, 28.1678626, 0.0 ], [ 73.1572643, 28.1675593, 0.0 ] ], [ [ 73.1572083, 28.1675586, 0.0 ], [ 73.1572314, 28.1675589, 0.0 ], [ 73.1572262, 28.1678622, 0.0 ], [ 73.1572031, 28.1678619, 0.0 ], [ 73.1572083, 28.1675586, 0.0 ] ], [ [ 73.1572589, 28.167871, 0.0 ], [ 73.157282, 28.1678713, 0.0 ], [ 73.1572768, 28.1681746, 0.0 ], [ 73.1572537, 28.1681743, 0.0 ], [ 73.1572589, 28.167871, 0.0 ] ], [ [ 73.1572029, 28.1678703, 0.0 ], [ 73.157226, 28.1678706, 0.0 ], [ 73.1572208, 28.1681739, 0.0 ], [ 73.1571977, 28.1681735, 0.0 ], [ 73.1572029, 28.1678703, 0.0 ] ], [ [ 73.1571523, 28.1675578, 0.0 ], [ 73.1571754, 28.1675581, 0.0 ], [ 73.1571702, 28.1678614, 0.0 ], [ 73.1571471, 28.1678611, 0.0 ], [ 73.1571523, 28.1675578, 0.0 ] ], [ [ 73.1570963, 28.1675571, 0.0 ], [ 73.1571194, 28.1675574, 0.0 ], [ 73.1571142, 28.1678607, 0.0 ], [ 73.1570911, 28.1678603, 0.0 ], [ 73.1570963, 28.1675571, 0.0 ] ], [ [ 73.1571469, 28.1678695, 0.0 ], [ 73.15717, 28.1678698, 0.0 ], [ 73.1571649, 28.1681731, 0.0 ], [ 73.1571417, 28.1681728, 0.0 ], [ 73.1571469, 28.1678695, 0.0 ] ], [ [ 73.1570909, 28.1678688, 0.0 ], [ 73.1571141, 28.1678691, 0.0 ], [ 73.1571089, 28.1681723, 0.0 ], [ 73.1570857, 28.168172, 0.0 ], [ 73.1570909, 28.1678688, 0.0 ] ], [ [ 73.1570403, 28.1675563, 0.0 ], [ 73.1570634, 28.1675566, 0.0 ], [ 73.1570582, 28.1678599, 0.0 ], [ 73.1570351, 28.1678596, 0.0 ], [ 73.1570403, 28.1675563, 0.0 ] ], [ [ 73.1569843, 28.1675556, 0.0 ], [ 73.1570074, 28.1675559, 0.0 ], [ 73.1570022, 28.1678592, 0.0 ], [ 73.1569791, 28.1678588, 0.0 ], [ 73.1569843, 28.1675556, 0.0 ] ], [ [ 73.1570349, 28.167868, 0.0 ], [ 73.1570581, 28.1678683, 0.0 ], [ 73.1570529, 28.1681716, 0.0 ], [ 73.1570297, 28.1681713, 0.0 ], [ 73.1570349, 28.167868, 0.0 ] ], [ [ 73.1569789, 28.1678673, 0.0 ], [ 73.1570021, 28.1678676, 0.0 ], [ 73.1569969, 28.1681708, 0.0 ], [ 73.1569737, 28.1681705, 0.0 ], [ 73.1569789, 28.1678673, 0.0 ] ], [ [ 73.1569283, 28.1675548, 0.0 ], [ 73.1569514, 28.1675551, 0.0 ], [ 73.1569462, 28.1678584, 0.0 ], [ 73.1569231, 28.1678581, 0.0 ], [ 73.1569283, 28.1675548, 0.0 ] ], [ [ 73.1568723, 28.1675541, 0.0 ], [ 73.1568954, 28.1675544, 0.0 ], [ 73.1568902, 28.1678576, 0.0 ], [ 73.1568671, 28.1678573, 0.0 ], [ 73.1568723, 28.1675541, 0.0 ] ], [ [ 73.1569229, 28.1678665, 0.0 ], [ 73.1569461, 28.1678668, 0.0 ], [ 73.1569409, 28.1681701, 0.0 ], [ 73.1569177, 28.1681698, 0.0 ], [ 73.1569229, 28.1678665, 0.0 ] ], [ [ 73.1568669, 28.1678658, 0.0 ], [ 73.1568901, 28.1678661, 0.0 ], [ 73.1568849, 28.1681693, 0.0 ], [ 73.1568617, 28.168169, 0.0 ], [ 73.1568669, 28.1678658, 0.0 ] ], [ [ 73.1568163, 28.1675533, 0.0 ], [ 73.1568394, 28.1675536, 0.0 ], [ 73.1568342, 28.1678569, 0.0 ], [ 73.1568111, 28.1678566, 0.0 ], [ 73.1568163, 28.1675533, 0.0 ] ], [ [ 73.1567603, 28.1675526, 0.0 ], [ 73.1567834, 28.1675529, 0.0 ], [ 73.1567782, 28.1678561, 0.0 ], [ 73.1567551, 28.1678558, 0.0 ], [ 73.1567603, 28.1675526, 0.0 ] ], [ [ 73.1568109, 28.167865, 0.0 ], [ 73.1568341, 28.1678653, 0.0 ], [ 73.1568289, 28.1681686, 0.0 ], [ 73.1568057, 28.1681683, 0.0 ], [ 73.1568109, 28.167865, 0.0 ] ], [ [ 73.1567549, 28.1678642, 0.0 ], [ 73.1567781, 28.1678646, 0.0 ], [ 73.1567729, 28.1681678, 0.0 ], [ 73.1567497, 28.1681675, 0.0 ], [ 73.1567549, 28.1678642, 0.0 ] ], [ [ 73.1567043, 28.1675518, 0.0 ], [ 73.1567274, 28.1675521, 0.0 ], [ 73.1567222, 28.1678554, 0.0 ], [ 73.1566991, 28.1678551, 0.0 ], [ 73.1567043, 28.1675518, 0.0 ] ], [ [ 73.1566483, 28.167551, 0.0 ], [ 73.1566714, 28.1675514, 0.0 ], [ 73.1566662, 28.1678546, 0.0 ], [ 73.1566431, 28.1678543, 0.0 ], [ 73.1566483, 28.167551, 0.0 ] ], [ [ 73.1566989, 28.1678635, 0.0 ], [ 73.1567221, 28.1678638, 0.0 ], [ 73.1567169, 28.1681671, 0.0 ], [ 73.1566937, 28.1681668, 0.0 ], [ 73.1566989, 28.1678635, 0.0 ] ], [ [ 73.1566429, 28.1678627, 0.0 ], [ 73.1566661, 28.167863, 0.0 ], [ 73.1566609, 28.1681663, 0.0 ], [ 73.1566378, 28.168166, 0.0 ], [ 73.1566429, 28.1678627, 0.0 ] ], [ [ 73.1565923, 28.1675503, 0.0 ], [ 73.1566154, 28.1675506, 0.0 ], [ 73.1566102, 28.1678539, 0.0 ], [ 73.1565871, 28.1678536, 0.0 ], [ 73.1565923, 28.1675503, 0.0 ] ], [ [ 73.1565363, 28.1675495, 0.0 ], [ 73.1565594, 28.1675499, 0.0 ], [ 73.1565542, 28.1678531, 0.0 ], [ 73.1565311, 28.1678528, 0.0 ], [ 73.1565363, 28.1675495, 0.0 ] ], [ [ 73.156587, 28.167862, 0.0 ], [ 73.1566101, 28.1678623, 0.0 ], [ 73.1566049, 28.1681656, 0.0 ], [ 73.1565818, 28.1681653, 0.0 ], [ 73.156587, 28.167862, 0.0 ] ], [ [ 73.156531, 28.1678612, 0.0 ], [ 73.1565541, 28.1678615, 0.0 ], [ 73.1565489, 28.1681648, 0.0 ], [ 73.1565258, 28.1681645, 0.0 ], [ 73.156531, 28.1678612, 0.0 ] ], [ [ 73.1564803, 28.1675488, 0.0 ], [ 73.1565034, 28.1675491, 0.0 ], [ 73.1564982, 28.1678524, 0.0 ], [ 73.1564751, 28.1678521, 0.0 ], [ 73.1564803, 28.1675488, 0.0 ] ], [ [ 73.1564243, 28.167548, 0.0 ], [ 73.1564474, 28.1675483, 0.0 ], [ 73.1564422, 28.1678516, 0.0 ], [ 73.1564191, 28.1678513, 0.0 ], [ 73.1564243, 28.167548, 0.0 ] ], [ [ 73.156475, 28.1678605, 0.0 ], [ 73.1564981, 28.1678608, 0.0 ], [ 73.1564929, 28.1681641, 0.0 ], [ 73.1564698, 28.1681637, 0.0 ], [ 73.156475, 28.1678605, 0.0 ] ], [ [ 73.156419, 28.1678597, 0.0 ], [ 73.1564421, 28.16786, 0.0 ], [ 73.1564369, 28.1681633, 0.0 ], [ 73.1564138, 28.168163, 0.0 ], [ 73.156419, 28.1678597, 0.0 ] ], [ [ 73.1563683, 28.1675473, 0.0 ], [ 73.1563914, 28.1675476, 0.0 ], [ 73.1563862, 28.1678509, 0.0 ], [ 73.1563631, 28.1678505, 0.0 ], [ 73.1563683, 28.1675473, 0.0 ] ], [ [ 73.1563123, 28.1675465, 0.0 ], [ 73.1563354, 28.1675468, 0.0 ], [ 73.1563302, 28.1678501, 0.0 ], [ 73.1563071, 28.1678498, 0.0 ], [ 73.1563123, 28.1675465, 0.0 ] ], [ [ 73.156363, 28.167859, 0.0 ], [ 73.1563861, 28.1678593, 0.0 ], [ 73.1563809, 28.1681625, 0.0 ], [ 73.1563578, 28.1681622, 0.0 ], [ 73.156363, 28.167859, 0.0 ] ], [ [ 73.156307, 28.1678582, 0.0 ], [ 73.1563301, 28.1678585, 0.0 ], [ 73.1563249, 28.1681618, 0.0 ], [ 73.1563018, 28.1681615, 0.0 ], [ 73.156307, 28.1678582, 0.0 ] ], [ [ 73.1562563, 28.1675458, 0.0 ], [ 73.1562795, 28.1675461, 0.0 ], [ 73.1562743, 28.1678494, 0.0 ], [ 73.1562511, 28.167849, 0.0 ], [ 73.1562563, 28.1675458, 0.0 ] ], [ [ 73.1562003, 28.167545, 0.0 ], [ 73.1562235, 28.1675453, 0.0 ], [ 73.1562183, 28.1678486, 0.0 ], [ 73.1561951, 28.1678483, 0.0 ], [ 73.1562003, 28.167545, 0.0 ] ], [ [ 73.156251, 28.1678575, 0.0 ], [ 73.1562741, 28.1678578, 0.0 ], [ 73.1562689, 28.168161, 0.0 ], [ 73.1562458, 28.1681607, 0.0 ], [ 73.156251, 28.1678575, 0.0 ] ], [ [ 73.156195, 28.1678567, 0.0 ], [ 73.1562181, 28.167857, 0.0 ], [ 73.1562129, 28.1681603, 0.0 ], [ 73.1561898, 28.16816, 0.0 ], [ 73.156195, 28.1678567, 0.0 ] ], [ [ 73.1561443, 28.1675443, 0.0 ], [ 73.1561675, 28.1675446, 0.0 ], [ 73.1561623, 28.1678478, 0.0 ], [ 73.1561391, 28.1678475, 0.0 ], [ 73.1561443, 28.1675443, 0.0 ] ], [ [ 73.1560883, 28.1675435, 0.0 ], [ 73.1561115, 28.1675438, 0.0 ], [ 73.1561063, 28.1678471, 0.0 ], [ 73.1560831, 28.1678468, 0.0 ], [ 73.1560883, 28.1675435, 0.0 ] ], [ [ 73.156139, 28.167856, 0.0 ], [ 73.1561621, 28.1678563, 0.0 ], [ 73.1561569, 28.1681595, 0.0 ], [ 73.1561338, 28.1681592, 0.0 ], [ 73.156139, 28.167856, 0.0 ] ], [ [ 73.156083, 28.1678552, 0.0 ], [ 73.1561061, 28.1678555, 0.0 ], [ 73.1561009, 28.1681588, 0.0 ], [ 73.1560778, 28.1681585, 0.0 ], [ 73.156083, 28.1678552, 0.0 ] ], [ [ 73.1560323, 28.1675428, 0.0 ], [ 73.1560555, 28.1675431, 0.0 ], [ 73.1560503, 28.1678463, 0.0 ], [ 73.1560271, 28.167846, 0.0 ], [ 73.1560323, 28.1675428, 0.0 ] ], [ [ 73.1559763, 28.167542, 0.0 ], [ 73.1559995, 28.1675423, 0.0 ], [ 73.1559943, 28.1678456, 0.0 ], [ 73.1559711, 28.1678453, 0.0 ], [ 73.1559763, 28.167542, 0.0 ] ], [ [ 73.156027, 28.1678544, 0.0 ], [ 73.1560501, 28.1678548, 0.0 ], [ 73.1560449, 28.168158, 0.0 ], [ 73.1560218, 28.1681577, 0.0 ], [ 73.156027, 28.1678544, 0.0 ] ], [ [ 73.155971, 28.1678537, 0.0 ], [ 73.1559941, 28.167854, 0.0 ], [ 73.1559889, 28.1681573, 0.0 ], [ 73.1559658, 28.168157, 0.0 ], [ 73.155971, 28.1678537, 0.0 ] ], [ [ 73.1559203, 28.1675412, 0.0 ], [ 73.1559435, 28.1675416, 0.0 ], [ 73.1559383, 28.1678448, 0.0 ], [ 73.1559151, 28.1678445, 0.0 ], [ 73.1559203, 28.1675412, 0.0 ] ], [ [ 73.1558643, 28.1675405, 0.0 ], [ 73.1558875, 28.1675408, 0.0 ], [ 73.1558823, 28.1678441, 0.0 ], [ 73.1558591, 28.1678438, 0.0 ], [ 73.1558643, 28.1675405, 0.0 ] ], [ [ 73.155915, 28.1678529, 0.0 ], [ 73.1559381, 28.1678532, 0.0 ], [ 73.1559329, 28.1681565, 0.0 ], [ 73.1559098, 28.1681562, 0.0 ], [ 73.155915, 28.1678529, 0.0 ] ], [ [ 73.155859, 28.1678522, 0.0 ], [ 73.1558821, 28.1678525, 0.0 ], [ 73.1558769, 28.1681558, 0.0 ], [ 73.1558538, 28.1681554, 0.0 ], [ 73.155859, 28.1678522, 0.0 ] ], [ [ 73.1558084, 28.1675397, 0.0 ], [ 73.1558315, 28.16754, 0.0 ], [ 73.1558263, 28.1678433, 0.0 ], [ 73.1558031, 28.167843, 0.0 ], [ 73.1558084, 28.1675397, 0.0 ] ], [ [ 73.1557524, 28.167539, 0.0 ], [ 73.1557755, 28.1675393, 0.0 ], [ 73.1557703, 28.1678426, 0.0 ], [ 73.1557472, 28.1678423, 0.0 ], [ 73.1557524, 28.167539, 0.0 ] ], [ [ 73.155803, 28.1678514, 0.0 ], [ 73.1558261, 28.1678517, 0.0 ], [ 73.1558209, 28.168155, 0.0 ], [ 73.1557978, 28.1681547, 0.0 ], [ 73.155803, 28.1678514, 0.0 ] ], [ [ 73.155747, 28.1678507, 0.0 ], [ 73.1557701, 28.167851, 0.0 ], [ 73.1557649, 28.1681543, 0.0 ], [ 73.1557418, 28.1681539, 0.0 ], [ 73.155747, 28.1678507, 0.0 ] ], [ [ 73.1556964, 28.1675382, 0.0 ], [ 73.1557195, 28.1675385, 0.0 ], [ 73.1557143, 28.1678418, 0.0 ], [ 73.1556912, 28.1678415, 0.0 ], [ 73.1556964, 28.1675382, 0.0 ] ], [ [ 73.1556404, 28.1675375, 0.0 ], [ 73.1556635, 28.1675378, 0.0 ], [ 73.1556583, 28.1678411, 0.0 ], [ 73.1556352, 28.1678407, 0.0 ], [ 73.1556404, 28.1675375, 0.0 ] ], [ [ 73.155691, 28.1678499, 0.0 ], [ 73.1557141, 28.1678502, 0.0 ], [ 73.1557089, 28.1681535, 0.0 ], [ 73.1556858, 28.1681532, 0.0 ], [ 73.155691, 28.1678499, 0.0 ] ], [ [ 73.155635, 28.1678492, 0.0 ], [ 73.1556581, 28.1678495, 0.0 ], [ 73.1556529, 28.1681527, 0.0 ], [ 73.1556298, 28.1681524, 0.0 ], [ 73.155635, 28.1678492, 0.0 ] ], [ [ 73.1555844, 28.1675367, 0.0 ], [ 73.1556075, 28.167537, 0.0 ], [ 73.1556023, 28.1678403, 0.0 ], [ 73.1555792, 28.16784, 0.0 ], [ 73.1555844, 28.1675367, 0.0 ] ], [ [ 73.1555284, 28.167536, 0.0 ], [ 73.1555515, 28.1675363, 0.0 ], [ 73.1555463, 28.1678395, 0.0 ], [ 73.1555232, 28.1678392, 0.0 ], [ 73.1555284, 28.167536, 0.0 ] ], [ [ 73.155579, 28.1678484, 0.0 ], [ 73.1556022, 28.1678487, 0.0 ], [ 73.1555969, 28.168152, 0.0 ], [ 73.1555738, 28.1681517, 0.0 ], [ 73.155579, 28.1678484, 0.0 ] ], [ [ 73.155523, 28.1678477, 0.0 ], [ 73.1555462, 28.167848, 0.0 ], [ 73.155541, 28.1681512, 0.0 ], [ 73.1555178, 28.1681509, 0.0 ], [ 73.155523, 28.1678477, 0.0 ] ], [ [ 73.1554724, 28.1675352, 0.0 ], [ 73.1554955, 28.1675355, 0.0 ], [ 73.1554903, 28.1678388, 0.0 ], [ 73.1554672, 28.1678385, 0.0 ], [ 73.1554724, 28.1675352, 0.0 ] ], [ [ 73.1554164, 28.1675345, 0.0 ], [ 73.1554395, 28.1675348, 0.0 ], [ 73.1554343, 28.167838, 0.0 ], [ 73.1554112, 28.1678377, 0.0 ], [ 73.1554164, 28.1675345, 0.0 ] ], [ [ 73.155467, 28.1678469, 0.0 ], [ 73.1554902, 28.1678472, 0.0 ], [ 73.155485, 28.1681505, 0.0 ], [ 73.1554618, 28.1681502, 0.0 ], [ 73.155467, 28.1678469, 0.0 ] ], [ [ 73.155411, 28.1678461, 0.0 ], [ 73.1554342, 28.1678465, 0.0 ], [ 73.155429, 28.1681497, 0.0 ], [ 73.1554058, 28.1681494, 0.0 ], [ 73.155411, 28.1678461, 0.0 ] ], [ [ 73.1553604, 28.1675337, 0.0 ], [ 73.1553835, 28.167534, 0.0 ], [ 73.1553783, 28.1678373, 0.0 ], [ 73.1553552, 28.167837, 0.0 ], [ 73.1553604, 28.1675337, 0.0 ] ], [ [ 73.1553044, 28.1675329, 0.0 ], [ 73.1553275, 28.1675333, 0.0 ], [ 73.1553223, 28.1678365, 0.0 ], [ 73.1552992, 28.1678362, 0.0 ], [ 73.1553044, 28.1675329, 0.0 ] ], [ [ 73.155355, 28.1678454, 0.0 ], [ 73.1553782, 28.1678457, 0.0 ], [ 73.155373, 28.168149, 0.0 ], [ 73.1553498, 28.1681487, 0.0 ], [ 73.155355, 28.1678454, 0.0 ] ], [ [ 73.155299, 28.1678446, 0.0 ], [ 73.1553222, 28.1678449, 0.0 ], [ 73.155317, 28.1681482, 0.0 ], [ 73.1552938, 28.1681479, 0.0 ], [ 73.155299, 28.1678446, 0.0 ] ], [ [ 73.1552484, 28.1675322, 0.0 ], [ 73.1552715, 28.1675325, 0.0 ], [ 73.1552663, 28.1678358, 0.0 ], [ 73.1552432, 28.1678355, 0.0 ], [ 73.1552484, 28.1675322, 0.0 ] ], [ [ 73.1551924, 28.1675314, 0.0 ], [ 73.1552155, 28.1675318, 0.0 ], [ 73.1552103, 28.167835, 0.0 ], [ 73.1551872, 28.1678347, 0.0 ], [ 73.1551924, 28.1675314, 0.0 ] ], [ [ 73.155243, 28.1678439, 0.0 ], [ 73.1552662, 28.1678442, 0.0 ], [ 73.155261, 28.1681475, 0.0 ], [ 73.1552378, 28.1681472, 0.0 ], [ 73.155243, 28.1678439, 0.0 ] ], [ [ 73.155187, 28.1678431, 0.0 ], [ 73.1552102, 28.1678434, 0.0 ], [ 73.155205, 28.1681467, 0.0 ], [ 73.1551818, 28.1681464, 0.0 ], [ 73.155187, 28.1678431, 0.0 ] ], [ [ 73.1551364, 28.1675307, 0.0 ], [ 73.1551595, 28.167531, 0.0 ], [ 73.1551543, 28.1678343, 0.0 ], [ 73.1551312, 28.167834, 0.0 ], [ 73.1551364, 28.1675307, 0.0 ] ], [ [ 73.1550804, 28.1675299, 0.0 ], [ 73.1551035, 28.1675302, 0.0 ], [ 73.1550983, 28.1678335, 0.0 ], [ 73.1550752, 28.1678332, 0.0 ], [ 73.1550804, 28.1675299, 0.0 ] ], [ [ 73.1551311, 28.1678424, 0.0 ], [ 73.1551542, 28.1678427, 0.0 ], [ 73.155149, 28.168146, 0.0 ], [ 73.1551258, 28.1681456, 0.0 ], [ 73.1551311, 28.1678424, 0.0 ] ], [ [ 73.1550751, 28.1678416, 0.0 ], [ 73.1550982, 28.1678419, 0.0 ], [ 73.155093, 28.1681452, 0.0 ], [ 73.1550699, 28.1681449, 0.0 ], [ 73.1550751, 28.1678416, 0.0 ] ], [ [ 73.1545764, 28.1675231, 0.0 ], [ 73.1545996, 28.1675235, 0.0 ], [ 73.1545944, 28.1678267, 0.0 ], [ 73.1545712, 28.1678264, 0.0 ], [ 73.1545764, 28.1675231, 0.0 ] ], [ [ 73.1545204, 28.1675224, 0.0 ], [ 73.1545436, 28.1675227, 0.0 ], [ 73.1545384, 28.167826, 0.0 ], [ 73.1545152, 28.1678257, 0.0 ], [ 73.1545204, 28.1675224, 0.0 ] ], [ [ 73.1545711, 28.1678348, 0.0 ], [ 73.1545942, 28.1678351, 0.0 ], [ 73.154589, 28.1681384, 0.0 ], [ 73.1545659, 28.1681381, 0.0 ], [ 73.1545711, 28.1678348, 0.0 ] ], [ [ 73.1545151, 28.1678341, 0.0 ], [ 73.1545382, 28.1678344, 0.0 ], [ 73.154533, 28.1681377, 0.0 ], [ 73.1545099, 28.1681373, 0.0 ], [ 73.1545151, 28.1678341, 0.0 ] ], [ [ 73.1542405, 28.1675186, 0.0 ], [ 73.1542636, 28.1675189, 0.0 ], [ 73.1542584, 28.1678222, 0.0 ], [ 73.1542353, 28.1678219, 0.0 ], [ 73.1542405, 28.1675186, 0.0 ] ], [ [ 73.1541845, 28.1675179, 0.0 ], [ 73.1542076, 28.1675182, 0.0 ], [ 73.1542024, 28.1678214, 0.0 ], [ 73.1541793, 28.1678211, 0.0 ], [ 73.1541845, 28.1675179, 0.0 ] ], [ [ 73.1542351, 28.1678303, 0.0 ], [ 73.1542582, 28.1678306, 0.0 ], [ 73.154253, 28.1681339, 0.0 ], [ 73.1542299, 28.1681336, 0.0 ], [ 73.1542351, 28.1678303, 0.0 ] ], [ [ 73.1541791, 28.1678295, 0.0 ], [ 73.1542022, 28.1678299, 0.0 ], [ 73.154197, 28.1681331, 0.0 ], [ 73.1541739, 28.1681328, 0.0 ], [ 73.1541791, 28.1678295, 0.0 ] ], [ [ 73.1540165, 28.1675156, 0.0 ], [ 73.1540396, 28.1675159, 0.0 ], [ 73.1540344, 28.1678192, 0.0 ], [ 73.1540113, 28.1678189, 0.0 ], [ 73.1540165, 28.1675156, 0.0 ] ], [ [ 73.1539605, 28.1675148, 0.0 ], [ 73.1539836, 28.1675151, 0.0 ], [ 73.1539784, 28.1678184, 0.0 ], [ 73.1539553, 28.1678181, 0.0 ], [ 73.1539605, 28.1675148, 0.0 ] ], [ [ 73.1540111, 28.1678273, 0.0 ], [ 73.1540343, 28.1678276, 0.0 ], [ 73.1540291, 28.1681309, 0.0 ], [ 73.1540059, 28.1681305, 0.0 ], [ 73.1540111, 28.1678273, 0.0 ] ], [ [ 73.1539551, 28.1678265, 0.0 ], [ 73.1539783, 28.1678268, 0.0 ], [ 73.1539731, 28.1681301, 0.0 ], [ 73.1539499, 28.1681298, 0.0 ], [ 73.1539551, 28.1678265, 0.0 ] ], [ [ 73.1539045, 28.1675141, 0.0 ], [ 73.1539276, 28.1675144, 0.0 ], [ 73.1539224, 28.1678177, 0.0 ], [ 73.1538993, 28.1678173, 0.0 ], [ 73.1539045, 28.1675141, 0.0 ] ], [ [ 73.1538485, 28.1675133, 0.0 ], [ 73.1538716, 28.1675136, 0.0 ], [ 73.1538664, 28.1678169, 0.0 ], [ 73.1538433, 28.1678166, 0.0 ], [ 73.1538485, 28.1675133, 0.0 ] ], [ [ 73.1538991, 28.1678258, 0.0 ], [ 73.1539223, 28.1678261, 0.0 ], [ 73.1539171, 28.1681293, 0.0 ], [ 73.1538939, 28.168129, 0.0 ], [ 73.1538991, 28.1678258, 0.0 ] ], [ [ 73.1538431, 28.167825, 0.0 ], [ 73.1538663, 28.1678253, 0.0 ], [ 73.1538611, 28.1681286, 0.0 ], [ 73.1538379, 28.1681283, 0.0 ], [ 73.1538431, 28.167825, 0.0 ] ], [ [ 73.1537925, 28.1675126, 0.0 ], [ 73.1538156, 28.1675129, 0.0 ], [ 73.1538104, 28.1678162, 0.0 ], [ 73.1537873, 28.1678158, 0.0 ], [ 73.1537925, 28.1675126, 0.0 ] ], [ [ 73.1537365, 28.1675118, 0.0 ], [ 73.1537596, 28.1675121, 0.0 ], [ 73.1537544, 28.1678154, 0.0 ], [ 73.1537313, 28.1678151, 0.0 ], [ 73.1537365, 28.1675118, 0.0 ] ], [ [ 73.1537871, 28.1678243, 0.0 ], [ 73.1538103, 28.1678246, 0.0 ], [ 73.1538051, 28.1681278, 0.0 ], [ 73.1537819, 28.1681275, 0.0 ], [ 73.1537871, 28.1678243, 0.0 ] ], [ [ 73.1537311, 28.1678235, 0.0 ], [ 73.1537543, 28.1678238, 0.0 ], [ 73.1537491, 28.1681271, 0.0 ], [ 73.1537259, 28.1681268, 0.0 ], [ 73.1537311, 28.1678235, 0.0 ] ], [ [ 73.1536805, 28.1675111, 0.0 ], [ 73.1537036, 28.1675114, 0.0 ], [ 73.1536984, 28.1678146, 0.0 ], [ 73.1536753, 28.1678143, 0.0 ], [ 73.1536805, 28.1675111, 0.0 ] ], [ [ 73.1536245, 28.1675103, 0.0 ], [ 73.1536476, 28.1675106, 0.0 ], [ 73.1536424, 28.1678139, 0.0 ], [ 73.1536193, 28.1678136, 0.0 ], [ 73.1536245, 28.1675103, 0.0 ] ], [ [ 73.1536751, 28.1678227, 0.0 ], [ 73.1536983, 28.1678231, 0.0 ], [ 73.1536931, 28.1681263, 0.0 ], [ 73.1536699, 28.168126, 0.0 ], [ 73.1536751, 28.1678227, 0.0 ] ], [ [ 73.1536192, 28.167822, 0.0 ], [ 73.1536423, 28.1678223, 0.0 ], [ 73.1536371, 28.1681256, 0.0 ], [ 73.1536139, 28.1681253, 0.0 ], [ 73.1536192, 28.167822, 0.0 ] ], [ [ 73.1535685, 28.1675096, 0.0 ], [ 73.1535916, 28.1675099, 0.0 ], [ 73.1535864, 28.1678131, 0.0 ], [ 73.1535633, 28.1678128, 0.0 ], [ 73.1535685, 28.1675096, 0.0 ] ], [ [ 73.1535125, 28.1675088, 0.0 ], [ 73.1535356, 28.1675091, 0.0 ], [ 73.1535304, 28.1678124, 0.0 ], [ 73.1535073, 28.1678121, 0.0 ], [ 73.1535125, 28.1675088, 0.0 ] ], [ [ 73.1535632, 28.1678212, 0.0 ], [ 73.1535863, 28.1678215, 0.0 ], [ 73.1535811, 28.1681248, 0.0 ], [ 73.1535579, 28.1681245, 0.0 ], [ 73.1535632, 28.1678212, 0.0 ] ], [ [ 73.1535072, 28.1678205, 0.0 ], [ 73.1535303, 28.1678208, 0.0 ], [ 73.1535251, 28.1681241, 0.0 ], [ 73.153502, 28.1681238, 0.0 ], [ 73.1535072, 28.1678205, 0.0 ] ], [ [ 73.1534565, 28.167508, 0.0 ], [ 73.1534796, 28.1675084, 0.0 ], [ 73.1534744, 28.1678116, 0.0 ], [ 73.1534513, 28.1678113, 0.0 ], [ 73.1534565, 28.167508, 0.0 ] ], [ [ 73.1534005, 28.1675073, 0.0 ], [ 73.1534237, 28.1675076, 0.0 ], [ 73.1534184, 28.1678109, 0.0 ], [ 73.1533953, 28.1678106, 0.0 ], [ 73.1534005, 28.1675073, 0.0 ] ], [ [ 73.1534512, 28.1678197, 0.0 ], [ 73.1534743, 28.16782, 0.0 ], [ 73.1534691, 28.1681233, 0.0 ], [ 73.153446, 28.168123, 0.0 ], [ 73.1534512, 28.1678197, 0.0 ] ], [ [ 73.1533952, 28.167819, 0.0 ], [ 73.1534183, 28.1678193, 0.0 ], [ 73.1534131, 28.1681226, 0.0 ], [ 73.15339, 28.1681222, 0.0 ], [ 73.1533952, 28.167819, 0.0 ] ], [ [ 73.1533445, 28.1675065, 0.0 ], [ 73.1533677, 28.1675068, 0.0 ], [ 73.1533624, 28.1678101, 0.0 ], [ 73.1533393, 28.1678098, 0.0 ], [ 73.1533445, 28.1675065, 0.0 ] ], [ [ 73.1532885, 28.1675058, 0.0 ], [ 73.1533117, 28.1675061, 0.0 ], [ 73.1533065, 28.1678094, 0.0 ], [ 73.1532833, 28.167809, 0.0 ], [ 73.1532885, 28.1675058, 0.0 ] ], [ [ 73.1533392, 28.1678182, 0.0 ], [ 73.1533623, 28.1678185, 0.0 ], [ 73.1533571, 28.1681218, 0.0 ], [ 73.153334, 28.1681215, 0.0 ], [ 73.1533392, 28.1678182, 0.0 ] ], [ [ 73.1532832, 28.1678175, 0.0 ], [ 73.1533063, 28.1678178, 0.0 ], [ 73.1533011, 28.168121, 0.0 ], [ 73.153278, 28.1681207, 0.0 ], [ 73.1532832, 28.1678175, 0.0 ] ], [ [ 73.1532325, 28.167505, 0.0 ], [ 73.1532557, 28.1675053, 0.0 ], [ 73.1532505, 28.1678086, 0.0 ], [ 73.1532273, 28.1678083, 0.0 ], [ 73.1532325, 28.167505, 0.0 ] ], [ [ 73.1531765, 28.1675043, 0.0 ], [ 73.1531997, 28.1675046, 0.0 ], [ 73.1531945, 28.1678078, 0.0 ], [ 73.1531713, 28.1678075, 0.0 ], [ 73.1531765, 28.1675043, 0.0 ] ], [ [ 73.1532272, 28.1678167, 0.0 ], [ 73.1532503, 28.167817, 0.0 ], [ 73.1532451, 28.1681203, 0.0 ], [ 73.153222, 28.16812, 0.0 ], [ 73.1532272, 28.1678167, 0.0 ] ], [ [ 73.1531712, 28.167816, 0.0 ], [ 73.1531943, 28.1678163, 0.0 ], [ 73.1531891, 28.1681195, 0.0 ], [ 73.153166, 28.1681192, 0.0 ], [ 73.1531712, 28.167816, 0.0 ] ], [ [ 73.1531205, 28.1675035, 0.0 ], [ 73.1531437, 28.1675038, 0.0 ], [ 73.1531385, 28.1678071, 0.0 ], [ 73.1531153, 28.1678068, 0.0 ], [ 73.1531205, 28.1675035, 0.0 ] ], [ [ 73.1530645, 28.1675028, 0.0 ], [ 73.1530877, 28.1675031, 0.0 ], [ 73.1530825, 28.1678063, 0.0 ], [ 73.1530593, 28.167806, 0.0 ], [ 73.1530645, 28.1675028, 0.0 ] ], [ [ 73.1531152, 28.1678152, 0.0 ], [ 73.1531383, 28.1678155, 0.0 ], [ 73.1531331, 28.1681188, 0.0 ], [ 73.15311, 28.1681185, 0.0 ], [ 73.1531152, 28.1678152, 0.0 ] ], [ [ 73.1530592, 28.1678144, 0.0 ], [ 73.1530823, 28.1678148, 0.0 ], [ 73.1530771, 28.168118, 0.0 ], [ 73.153054, 28.1681177, 0.0 ], [ 73.1530592, 28.1678144, 0.0 ] ], [ [ 73.1530085, 28.167502, 0.0 ], [ 73.1530317, 28.1675023, 0.0 ], [ 73.1530265, 28.1678056, 0.0 ], [ 73.1530033, 28.1678053, 0.0 ], [ 73.1530085, 28.167502, 0.0 ] ], [ [ 73.1529526, 28.1675012, 0.0 ], [ 73.1529757, 28.1675016, 0.0 ], [ 73.1529705, 28.1678048, 0.0 ], [ 73.1529473, 28.1678045, 0.0 ], [ 73.1529526, 28.1675012, 0.0 ] ], [ [ 73.1530032, 28.1678137, 0.0 ], [ 73.1530263, 28.167814, 0.0 ], [ 73.1530211, 28.1681173, 0.0 ], [ 73.152998, 28.168117, 0.0 ], [ 73.1530032, 28.1678137, 0.0 ] ], [ [ 73.1529472, 28.1678129, 0.0 ], [ 73.1529703, 28.1678132, 0.0 ], [ 73.1529651, 28.1681165, 0.0 ], [ 73.152942, 28.1681162, 0.0 ], [ 73.1529472, 28.1678129, 0.0 ] ], [ [ 73.1528966, 28.1675005, 0.0 ], [ 73.1529197, 28.1675008, 0.0 ], [ 73.1529145, 28.1678041, 0.0 ], [ 73.1528913, 28.1678038, 0.0 ], [ 73.1528966, 28.1675005, 0.0 ] ], [ [ 73.1528406, 28.1674997, 0.0 ], [ 73.1528637, 28.1675, 0.0 ], [ 73.1528585, 28.1678033, 0.0 ], [ 73.1528354, 28.167803, 0.0 ], [ 73.1528406, 28.1674997, 0.0 ] ], [ [ 73.1528912, 28.1678122, 0.0 ], [ 73.1529143, 28.1678125, 0.0 ], [ 73.1529091, 28.1681158, 0.0 ], [ 73.152886, 28.1681154, 0.0 ], [ 73.1528912, 28.1678122, 0.0 ] ], [ [ 73.1528352, 28.1678114, 0.0 ], [ 73.1528583, 28.1678117, 0.0 ], [ 73.1528531, 28.168115, 0.0 ], [ 73.15283, 28.1681147, 0.0 ], [ 73.1528352, 28.1678114, 0.0 ] ], [ [ 73.1527846, 28.167499, 0.0 ], [ 73.1528077, 28.1674993, 0.0 ], [ 73.1528025, 28.1678026, 0.0 ], [ 73.1527794, 28.1678022, 0.0 ], [ 73.1527846, 28.167499, 0.0 ] ], [ [ 73.1527286, 28.1674982, 0.0 ], [ 73.1527517, 28.1674985, 0.0 ], [ 73.1527465, 28.1678018, 0.0 ], [ 73.1527234, 28.1678015, 0.0 ], [ 73.1527286, 28.1674982, 0.0 ] ], [ [ 73.1527792, 28.1678107, 0.0 ], [ 73.1528023, 28.167811, 0.0 ], [ 73.1527971, 28.1681142, 0.0 ], [ 73.152774, 28.1681139, 0.0 ], [ 73.1527792, 28.1678107, 0.0 ] ], [ [ 73.1527232, 28.1678099, 0.0 ], [ 73.1527463, 28.1678102, 0.0 ], [ 73.1527411, 28.1681135, 0.0 ], [ 73.152718, 28.1681132, 0.0 ], [ 73.1527232, 28.1678099, 0.0 ] ], [ [ 73.1526671, 28.1678132, 0.0 ], [ 73.1526903, 28.1678136, 0.0 ], [ 73.1526851, 28.1681168, 0.0 ], [ 73.1526619, 28.1681165, 0.0 ], [ 73.1526671, 28.1678132, 0.0 ] ], [ [ 73.1526112, 28.1678125, 0.0 ], [ 73.1526343, 28.1678128, 0.0 ], [ 73.1526291, 28.1681161, 0.0 ], [ 73.1526059, 28.1681158, 0.0 ], [ 73.1526112, 28.1678125, 0.0 ] ], [ [ 73.1526618, 28.1681249, 0.0 ], [ 73.1526849, 28.1681252, 0.0 ], [ 73.1526797, 28.1684285, 0.0 ], [ 73.1526566, 28.1684282, 0.0 ], [ 73.1526618, 28.1681249, 0.0 ] ], [ [ 73.1526058, 28.1681242, 0.0 ], [ 73.1526289, 28.1681245, 0.0 ], [ 73.1526237, 28.1684278, 0.0 ], [ 73.1526006, 28.1684274, 0.0 ], [ 73.1526058, 28.1681242, 0.0 ] ], [ [ 73.1525552, 28.1678117, 0.0 ], [ 73.1525783, 28.167812, 0.0 ], [ 73.1525731, 28.1681153, 0.0 ], [ 73.1525499, 28.168115, 0.0 ], [ 73.1525552, 28.1678117, 0.0 ] ], [ [ 73.1524992, 28.167811, 0.0 ], [ 73.1525223, 28.1678113, 0.0 ], [ 73.1525171, 28.1681146, 0.0 ], [ 73.1524939, 28.1681142, 0.0 ], [ 73.1524992, 28.167811, 0.0 ] ], [ [ 73.1525498, 28.1681234, 0.0 ], [ 73.1525729, 28.1681237, 0.0 ], [ 73.1525677, 28.168427, 0.0 ], [ 73.1525446, 28.1684267, 0.0 ], [ 73.1525498, 28.1681234, 0.0 ] ], [ [ 73.1524938, 28.1681227, 0.0 ], [ 73.1525169, 28.168123, 0.0 ], [ 73.1525117, 28.1684262, 0.0 ], [ 73.1524886, 28.1684259, 0.0 ], [ 73.1524938, 28.1681227, 0.0 ] ], [ [ 73.1524432, 28.1678102, 0.0 ], [ 73.1524663, 28.1678105, 0.0 ], [ 73.1524611, 28.1681138, 0.0 ], [ 73.152438, 28.1681135, 0.0 ], [ 73.1524432, 28.1678102, 0.0 ] ], [ [ 73.1523872, 28.1678095, 0.0 ], [ 73.1524103, 28.1678098, 0.0 ], [ 73.1524051, 28.1681131, 0.0 ], [ 73.152382, 28.1681127, 0.0 ], [ 73.1523872, 28.1678095, 0.0 ] ], [ [ 73.1524378, 28.1681219, 0.0 ], [ 73.1524609, 28.1681222, 0.0 ], [ 73.1524557, 28.1684255, 0.0 ], [ 73.1524326, 28.1684252, 0.0 ], [ 73.1524378, 28.1681219, 0.0 ] ], [ [ 73.1523818, 28.1681212, 0.0 ], [ 73.1524049, 28.1681215, 0.0 ], [ 73.1523997, 28.1684247, 0.0 ], [ 73.1523766, 28.1684244, 0.0 ], [ 73.1523818, 28.1681212, 0.0 ] ], [ [ 73.1523312, 28.1678087, 0.0 ], [ 73.1523543, 28.167809, 0.0 ], [ 73.1523491, 28.1681123, 0.0 ], [ 73.152326, 28.168112, 0.0 ], [ 73.1523312, 28.1678087, 0.0 ] ], [ [ 73.1522752, 28.167808, 0.0 ], [ 73.1522983, 28.1678083, 0.0 ], [ 73.1522931, 28.1681115, 0.0 ], [ 73.15227, 28.1681112, 0.0 ], [ 73.1522752, 28.167808, 0.0 ] ], [ [ 73.1523258, 28.1681204, 0.0 ], [ 73.1523489, 28.1681207, 0.0 ], [ 73.1523437, 28.168424, 0.0 ], [ 73.1523206, 28.1684237, 0.0 ], [ 73.1523258, 28.1681204, 0.0 ] ], [ [ 73.1522698, 28.1681196, 0.0 ], [ 73.1522929, 28.16812, 0.0 ], [ 73.1522877, 28.1684232, 0.0 ], [ 73.1522646, 28.1684229, 0.0 ], [ 73.1522698, 28.1681196, 0.0 ] ], [ [ 73.1522192, 28.1678072, 0.0 ], [ 73.1522423, 28.1678075, 0.0 ], [ 73.1522371, 28.1681108, 0.0 ], [ 73.152214, 28.1681105, 0.0 ], [ 73.1522192, 28.1678072, 0.0 ] ], [ [ 73.1521632, 28.1678064, 0.0 ], [ 73.1521863, 28.1678068, 0.0 ], [ 73.1521811, 28.16811, 0.0 ], [ 73.152158, 28.1681097, 0.0 ], [ 73.1521632, 28.1678064, 0.0 ] ], [ [ 73.1522138, 28.1681189, 0.0 ], [ 73.152237, 28.1681192, 0.0 ], [ 73.1522317, 28.1684225, 0.0 ], [ 73.1522086, 28.1684222, 0.0 ], [ 73.1522138, 28.1681189, 0.0 ] ], [ [ 73.1521578, 28.1681181, 0.0 ], [ 73.152181, 28.1681184, 0.0 ], [ 73.1521757, 28.1684217, 0.0 ], [ 73.1521526, 28.1684214, 0.0 ], [ 73.1521578, 28.1681181, 0.0 ] ], [ [ 73.1521072, 28.1678057, 0.0 ], [ 73.1521303, 28.167806, 0.0 ], [ 73.1521251, 28.1681093, 0.0 ], [ 73.152102, 28.168109, 0.0 ], [ 73.1521072, 28.1678057, 0.0 ] ], [ [ 73.1520512, 28.1678049, 0.0 ], [ 73.1520743, 28.1678052, 0.0 ], [ 73.1520691, 28.1681085, 0.0 ], [ 73.152046, 28.1681082, 0.0 ], [ 73.1520512, 28.1678049, 0.0 ] ], [ [ 73.1521018, 28.1681174, 0.0 ], [ 73.152125, 28.1681177, 0.0 ], [ 73.1521197, 28.168421, 0.0 ], [ 73.1520966, 28.1684206, 0.0 ], [ 73.1521018, 28.1681174, 0.0 ] ], [ [ 73.1520458, 28.1681166, 0.0 ], [ 73.152069, 28.1681169, 0.0 ], [ 73.1520638, 28.1684202, 0.0 ], [ 73.1520406, 28.1684199, 0.0 ], [ 73.1520458, 28.1681166, 0.0 ] ], [ [ 73.1519952, 28.1678042, 0.0 ], [ 73.1520183, 28.1678045, 0.0 ], [ 73.1520131, 28.1681078, 0.0 ], [ 73.15199, 28.1681074, 0.0 ], [ 73.1519952, 28.1678042, 0.0 ] ], [ [ 73.1519392, 28.1678034, 0.0 ], [ 73.1519623, 28.1678037, 0.0 ], [ 73.1519571, 28.168107, 0.0 ], [ 73.151934, 28.1681067, 0.0 ], [ 73.1519392, 28.1678034, 0.0 ] ], [ [ 73.1519898, 28.1681159, 0.0 ], [ 73.152013, 28.1681162, 0.0 ], [ 73.1520078, 28.1684194, 0.0 ], [ 73.1519846, 28.1684191, 0.0 ], [ 73.1519898, 28.1681159, 0.0 ] ], [ [ 73.1519338, 28.1681151, 0.0 ], [ 73.151957, 28.1681154, 0.0 ], [ 73.1519518, 28.1684187, 0.0 ], [ 73.1519286, 28.1684184, 0.0 ], [ 73.1519338, 28.1681151, 0.0 ] ], [ [ 73.1518832, 28.1678027, 0.0 ], [ 73.1519063, 28.167803, 0.0 ], [ 73.1519011, 28.1681062, 0.0 ], [ 73.151878, 28.1681059, 0.0 ], [ 73.1518832, 28.1678027, 0.0 ] ], [ [ 73.1518272, 28.1678019, 0.0 ], [ 73.1518503, 28.1678022, 0.0 ], [ 73.1518451, 28.1681055, 0.0 ], [ 73.151822, 28.1681052, 0.0 ], [ 73.1518272, 28.1678019, 0.0 ] ], [ [ 73.1518778, 28.1681144, 0.0 ], [ 73.151901, 28.1681147, 0.0 ], [ 73.1518958, 28.1684179, 0.0 ], [ 73.1518726, 28.1684176, 0.0 ], [ 73.1518778, 28.1681144, 0.0 ] ], [ [ 73.1518218, 28.1681136, 0.0 ], [ 73.151845, 28.1681139, 0.0 ], [ 73.1518398, 28.1684172, 0.0 ], [ 73.1518166, 28.1684169, 0.0 ], [ 73.1518218, 28.1681136, 0.0 ] ], [ [ 73.1517766, 28.1674854, 0.0 ], [ 73.1517998, 28.1674857, 0.0 ], [ 73.1517946, 28.167789, 0.0 ], [ 73.1517714, 28.1677886, 0.0 ], [ 73.1517766, 28.1674854, 0.0 ] ], [ [ 73.1517206, 28.1674846, 0.0 ], [ 73.1517438, 28.1674849, 0.0 ], [ 73.1517386, 28.1677882, 0.0 ], [ 73.1517154, 28.1677879, 0.0 ], [ 73.1517206, 28.1674846, 0.0 ] ], [ [ 73.1517713, 28.1677971, 0.0 ], [ 73.1517944, 28.1677974, 0.0 ], [ 73.1517892, 28.1681006, 0.0 ], [ 73.1517661, 28.1681003, 0.0 ], [ 73.1517713, 28.1677971, 0.0 ] ], [ [ 73.1517153, 28.1677963, 0.0 ], [ 73.1517384, 28.1677966, 0.0 ], [ 73.1517332, 28.1680999, 0.0 ], [ 73.1517101, 28.1680996, 0.0 ], [ 73.1517153, 28.1677963, 0.0 ] ], [ [ 73.151654, 28.1681033, 0.0 ], [ 73.1516771, 28.1681036, 0.0 ], [ 73.1516719, 28.1684069, 0.0 ], [ 73.1516488, 28.1684066, 0.0 ], [ 73.151654, 28.1681033, 0.0 ] ], [ [ 73.151598, 28.1681026, 0.0 ], [ 73.1516211, 28.1681029, 0.0 ], [ 73.1516159, 28.1684062, 0.0 ], [ 73.1515928, 28.1684058, 0.0 ], [ 73.151598, 28.1681026, 0.0 ] ], [ [ 73.1516486, 28.168415, 0.0 ], [ 73.1516718, 28.1684153, 0.0 ], [ 73.1516666, 28.1687186, 0.0 ], [ 73.1516434, 28.1687183, 0.0 ], [ 73.1516486, 28.168415, 0.0 ] ], [ [ 73.1515926, 28.1684143, 0.0 ], [ 73.1516158, 28.1684146, 0.0 ], [ 73.1516106, 28.1687178, 0.0 ], [ 73.1515874, 28.1687175, 0.0 ], [ 73.1515926, 28.1684143, 0.0 ] ], [ [ 73.151542, 28.1681018, 0.0 ], [ 73.1515651, 28.1681021, 0.0 ], [ 73.1515599, 28.1684054, 0.0 ], [ 73.1515368, 28.1684051, 0.0 ], [ 73.151542, 28.1681018, 0.0 ] ], [ [ 73.151486, 28.1681011, 0.0 ], [ 73.1515091, 28.1681014, 0.0 ], [ 73.1515039, 28.1684046, 0.0 ], [ 73.1514808, 28.1684043, 0.0 ], [ 73.151486, 28.1681011, 0.0 ] ], [ [ 73.1515366, 28.1684135, 0.0 ], [ 73.1515598, 28.1684138, 0.0 ], [ 73.1515546, 28.1687171, 0.0 ], [ 73.1515314, 28.1687168, 0.0 ], [ 73.1515366, 28.1684135, 0.0 ] ], [ [ 73.1514806, 28.1684127, 0.0 ], [ 73.1515038, 28.1684131, 0.0 ], [ 73.1514986, 28.1687163, 0.0 ], [ 73.1514754, 28.168716, 0.0 ], [ 73.1514806, 28.1684127, 0.0 ] ], [ [ 73.15143, 28.1681003, 0.0 ], [ 73.1514531, 28.1681006, 0.0 ], [ 73.1514479, 28.1684039, 0.0 ], [ 73.1514248, 28.1684036, 0.0 ], [ 73.15143, 28.1681003, 0.0 ] ], [ [ 73.151374, 28.1680995, 0.0 ], [ 73.1513971, 28.1680999, 0.0 ], [ 73.1513919, 28.1684031, 0.0 ], [ 73.1513688, 28.1684028, 0.0 ], [ 73.151374, 28.1680995, 0.0 ] ], [ [ 73.1514247, 28.168412, 0.0 ], [ 73.1514478, 28.1684123, 0.0 ], [ 73.1514426, 28.1687156, 0.0 ], [ 73.1514194, 28.1687153, 0.0 ], [ 73.1514247, 28.168412, 0.0 ] ], [ [ 73.1513687, 28.1684112, 0.0 ], [ 73.1513918, 28.1684115, 0.0 ], [ 73.1513866, 28.1687148, 0.0 ], [ 73.1513634, 28.1687145, 0.0 ], [ 73.1513687, 28.1684112, 0.0 ] ], [ [ 73.1578348, 28.1669474, 0.0 ], [ 73.157858, 28.1669477, 0.0 ], [ 73.1578528, 28.167251, 0.0 ], [ 73.1578296, 28.1672507, 0.0 ], [ 73.1578348, 28.1669474, 0.0 ] ], [ [ 73.1577788, 28.1669467, 0.0 ], [ 73.157802, 28.166947, 0.0 ], [ 73.1577968, 28.1672502, 0.0 ], [ 73.1577736, 28.1672499, 0.0 ], [ 73.1577788, 28.1669467, 0.0 ] ], [ [ 73.1578295, 28.1672591, 0.0 ], [ 73.1578526, 28.1672594, 0.0 ], [ 73.1578474, 28.1675627, 0.0 ], [ 73.1578243, 28.1675624, 0.0 ], [ 73.1578295, 28.1672591, 0.0 ] ], [ [ 73.1577735, 28.1672583, 0.0 ], [ 73.1577966, 28.1672587, 0.0 ], [ 73.1577914, 28.1675619, 0.0 ], [ 73.1577683, 28.1675616, 0.0 ], [ 73.1577735, 28.1672583, 0.0 ] ], [ [ 73.1577228, 28.1669459, 0.0 ], [ 73.157746, 28.1669462, 0.0 ], [ 73.1577408, 28.1672495, 0.0 ], [ 73.1577176, 28.1672492, 0.0 ], [ 73.1577228, 28.1669459, 0.0 ] ], [ [ 73.1576668, 28.1669451, 0.0 ], [ 73.15769, 28.1669455, 0.0 ], [ 73.1576848, 28.1672487, 0.0 ], [ 73.1576616, 28.1672484, 0.0 ], [ 73.1576668, 28.1669451, 0.0 ] ], [ [ 73.1577175, 28.1672576, 0.0 ], [ 73.1577406, 28.1672579, 0.0 ], [ 73.1577354, 28.1675612, 0.0 ], [ 73.1577123, 28.1675609, 0.0 ], [ 73.1577175, 28.1672576, 0.0 ] ], [ [ 73.1576615, 28.1672568, 0.0 ], [ 73.1576846, 28.1672571, 0.0 ], [ 73.1576794, 28.1675604, 0.0 ], [ 73.1576563, 28.1675601, 0.0 ], [ 73.1576615, 28.1672568, 0.0 ] ], [ [ 73.1576108, 28.1669444, 0.0 ], [ 73.157634, 28.1669447, 0.0 ], [ 73.1576288, 28.167248, 0.0 ], [ 73.1576056, 28.1672477, 0.0 ], [ 73.1576108, 28.1669444, 0.0 ] ], [ [ 73.1575548, 28.1669436, 0.0 ], [ 73.157578, 28.166944, 0.0 ], [ 73.1575728, 28.1672472, 0.0 ], [ 73.1575496, 28.1672469, 0.0 ], [ 73.1575548, 28.1669436, 0.0 ] ], [ [ 73.1576055, 28.1672561, 0.0 ], [ 73.1576286, 28.1672564, 0.0 ], [ 73.1576234, 28.1675597, 0.0 ], [ 73.1576003, 28.1675594, 0.0 ], [ 73.1576055, 28.1672561, 0.0 ] ], [ [ 73.1575495, 28.1672553, 0.0 ], [ 73.1575726, 28.1672556, 0.0 ], [ 73.1575674, 28.1675589, 0.0 ], [ 73.1575443, 28.1675586, 0.0 ], [ 73.1575495, 28.1672553, 0.0 ] ], [ [ 73.1574989, 28.1669429, 0.0 ], [ 73.157522, 28.1669432, 0.0 ], [ 73.1575168, 28.1672465, 0.0 ], [ 73.1574937, 28.1672462, 0.0 ], [ 73.1574989, 28.1669429, 0.0 ] ], [ [ 73.1574429, 28.1669421, 0.0 ], [ 73.157466, 28.1669424, 0.0 ], [ 73.1574608, 28.1672457, 0.0 ], [ 73.1574377, 28.1672454, 0.0 ], [ 73.1574429, 28.1669421, 0.0 ] ], [ [ 73.1574935, 28.1672546, 0.0 ], [ 73.1575166, 28.1672549, 0.0 ], [ 73.1575114, 28.1675582, 0.0 ], [ 73.1574883, 28.1675578, 0.0 ], [ 73.1574935, 28.1672546, 0.0 ] ], [ [ 73.1574375, 28.1672538, 0.0 ], [ 73.1574606, 28.1672541, 0.0 ], [ 73.1574554, 28.1675574, 0.0 ], [ 73.1574323, 28.1675571, 0.0 ], [ 73.1574375, 28.1672538, 0.0 ] ], [ [ 73.1573869, 28.1669414, 0.0 ], [ 73.15741, 28.1669417, 0.0 ], [ 73.1574048, 28.167245, 0.0 ], [ 73.1573817, 28.1672446, 0.0 ], [ 73.1573869, 28.1669414, 0.0 ] ], [ [ 73.1573309, 28.1669406, 0.0 ], [ 73.157354, 28.1669409, 0.0 ], [ 73.1573488, 28.1672442, 0.0 ], [ 73.1573257, 28.1672439, 0.0 ], [ 73.1573309, 28.1669406, 0.0 ] ], [ [ 73.1573815, 28.1672531, 0.0 ], [ 73.1574046, 28.1672534, 0.0 ], [ 73.1573995, 28.1675566, 0.0 ], [ 73.1573763, 28.1675563, 0.0 ], [ 73.1573815, 28.1672531, 0.0 ] ], [ [ 73.1573255, 28.1672523, 0.0 ], [ 73.1573487, 28.1672526, 0.0 ], [ 73.1573435, 28.1675559, 0.0 ], [ 73.1573203, 28.1675556, 0.0 ], [ 73.1573255, 28.1672523, 0.0 ] ], [ [ 73.1572749, 28.1669399, 0.0 ], [ 73.157298, 28.1669402, 0.0 ], [ 73.1572928, 28.1672435, 0.0 ], [ 73.1572697, 28.1672431, 0.0 ], [ 73.1572749, 28.1669399, 0.0 ] ], [ [ 73.1572189, 28.1669391, 0.0 ], [ 73.157242, 28.1669394, 0.0 ], [ 73.1572368, 28.1672427, 0.0 ], [ 73.1572137, 28.1672424, 0.0 ], [ 73.1572189, 28.1669391, 0.0 ] ], [ [ 73.1572695, 28.1672516, 0.0 ], [ 73.1572927, 28.1672519, 0.0 ], [ 73.1572875, 28.1675551, 0.0 ], [ 73.1572643, 28.1675548, 0.0 ], [ 73.1572695, 28.1672516, 0.0 ] ], [ [ 73.1572135, 28.1672508, 0.0 ], [ 73.1572367, 28.1672511, 0.0 ], [ 73.1572315, 28.1675544, 0.0 ], [ 73.1572083, 28.1675541, 0.0 ], [ 73.1572135, 28.1672508, 0.0 ] ], [ [ 73.1571629, 28.1669384, 0.0 ], [ 73.157186, 28.1669387, 0.0 ], [ 73.1571808, 28.1672419, 0.0 ], [ 73.1571577, 28.1672416, 0.0 ], [ 73.1571629, 28.1669384, 0.0 ] ], [ [ 73.1571069, 28.1669376, 0.0 ], [ 73.15713, 28.1669379, 0.0 ], [ 73.1571248, 28.1672412, 0.0 ], [ 73.1571017, 28.1672409, 0.0 ], [ 73.1571069, 28.1669376, 0.0 ] ], [ [ 73.1571575, 28.1672501, 0.0 ], [ 73.1571807, 28.1672504, 0.0 ], [ 73.1571755, 28.1675536, 0.0 ], [ 73.1571523, 28.1675533, 0.0 ], [ 73.1571575, 28.1672501, 0.0 ] ], [ [ 73.1571015, 28.1672493, 0.0 ], [ 73.1571247, 28.1672496, 0.0 ], [ 73.1571195, 28.1675529, 0.0 ], [ 73.1570963, 28.1675526, 0.0 ], [ 73.1571015, 28.1672493, 0.0 ] ], [ [ 73.1570509, 28.1669369, 0.0 ], [ 73.157074, 28.1669372, 0.0 ], [ 73.1570688, 28.1672404, 0.0 ], [ 73.1570457, 28.1672401, 0.0 ], [ 73.1570509, 28.1669369, 0.0 ] ], [ [ 73.1569949, 28.1669361, 0.0 ], [ 73.157018, 28.1669364, 0.0 ], [ 73.1570128, 28.1672397, 0.0 ], [ 73.1569897, 28.1672394, 0.0 ], [ 73.1569949, 28.1669361, 0.0 ] ], [ [ 73.1570455, 28.1672485, 0.0 ], [ 73.1570687, 28.1672489, 0.0 ], [ 73.1570635, 28.1675521, 0.0 ], [ 73.1570403, 28.1675518, 0.0 ], [ 73.1570455, 28.1672485, 0.0 ] ], [ [ 73.1569895, 28.1672478, 0.0 ], [ 73.1570127, 28.1672481, 0.0 ], [ 73.1570075, 28.1675514, 0.0 ], [ 73.1569843, 28.1675511, 0.0 ], [ 73.1569895, 28.1672478, 0.0 ] ], [ [ 73.1569389, 28.1669354, 0.0 ], [ 73.156962, 28.1669357, 0.0 ], [ 73.1569568, 28.1672389, 0.0 ], [ 73.1569337, 28.1672386, 0.0 ], [ 73.1569389, 28.1669354, 0.0 ] ], [ [ 73.1568829, 28.1669346, 0.0 ], [ 73.156906, 28.1669349, 0.0 ], [ 73.1569008, 28.1672382, 0.0 ], [ 73.1568777, 28.1672379, 0.0 ], [ 73.1568829, 28.1669346, 0.0 ] ], [ [ 73.1569335, 28.167247, 0.0 ], [ 73.1569567, 28.1672473, 0.0 ], [ 73.1569515, 28.1675506, 0.0 ], [ 73.1569284, 28.1675503, 0.0 ], [ 73.1569335, 28.167247, 0.0 ] ], [ [ 73.1568776, 28.1672463, 0.0 ], [ 73.1569007, 28.1672466, 0.0 ], [ 73.1568955, 28.1675499, 0.0 ], [ 73.1568724, 28.1675496, 0.0 ], [ 73.1568776, 28.1672463, 0.0 ] ], [ [ 73.1568269, 28.1669338, 0.0 ], [ 73.15685, 28.1669342, 0.0 ], [ 73.1568448, 28.1672374, 0.0 ], [ 73.1568217, 28.1672371, 0.0 ], [ 73.1568269, 28.1669338, 0.0 ] ], [ [ 73.1567709, 28.1669331, 0.0 ], [ 73.156794, 28.1669334, 0.0 ], [ 73.1567888, 28.1672367, 0.0 ], [ 73.1567657, 28.1672364, 0.0 ], [ 73.1567709, 28.1669331, 0.0 ] ], [ [ 73.1568216, 28.1672455, 0.0 ], [ 73.1568447, 28.1672458, 0.0 ], [ 73.1568395, 28.1675491, 0.0 ], [ 73.1568164, 28.1675488, 0.0 ], [ 73.1568216, 28.1672455, 0.0 ] ], [ [ 73.1567656, 28.1672448, 0.0 ], [ 73.1567887, 28.1672451, 0.0 ], [ 73.1567835, 28.1675484, 0.0 ], [ 73.1567604, 28.167548, 0.0 ], [ 73.1567656, 28.1672448, 0.0 ] ], [ [ 73.1567149, 28.1669323, 0.0 ], [ 73.156738, 28.1669326, 0.0 ], [ 73.1567328, 28.1672359, 0.0 ], [ 73.1567097, 28.1672356, 0.0 ], [ 73.1567149, 28.1669323, 0.0 ] ], [ [ 73.1566589, 28.1669316, 0.0 ], [ 73.156682, 28.1669319, 0.0 ], [ 73.1566768, 28.1672352, 0.0 ], [ 73.1566537, 28.1672349, 0.0 ], [ 73.1566589, 28.1669316, 0.0 ] ], [ [ 73.1567096, 28.167244, 0.0 ], [ 73.1567327, 28.1672443, 0.0 ], [ 73.1567275, 28.1675476, 0.0 ], [ 73.1567044, 28.1675473, 0.0 ], [ 73.1567096, 28.167244, 0.0 ] ], [ [ 73.1566536, 28.1672433, 0.0 ], [ 73.1566767, 28.1672436, 0.0 ], [ 73.1566715, 28.1675468, 0.0 ], [ 73.1566484, 28.1675465, 0.0 ], [ 73.1566536, 28.1672433, 0.0 ] ], [ [ 73.1566029, 28.1669308, 0.0 ], [ 73.156626, 28.1669311, 0.0 ], [ 73.1566208, 28.1672344, 0.0 ], [ 73.1565977, 28.1672341, 0.0 ], [ 73.1566029, 28.1669308, 0.0 ] ], [ [ 73.1565469, 28.1669301, 0.0 ], [ 73.1565701, 28.1669304, 0.0 ], [ 73.1565649, 28.1672337, 0.0 ], [ 73.1565417, 28.1672333, 0.0 ], [ 73.1565469, 28.1669301, 0.0 ] ], [ [ 73.1565976, 28.1672425, 0.0 ], [ 73.1566207, 28.1672428, 0.0 ], [ 73.1566155, 28.1675461, 0.0 ], [ 73.1565924, 28.1675458, 0.0 ], [ 73.1565976, 28.1672425, 0.0 ] ], [ [ 73.1565416, 28.1672418, 0.0 ], [ 73.1565647, 28.1672421, 0.0 ], [ 73.1565595, 28.1675453, 0.0 ], [ 73.1565364, 28.167545, 0.0 ], [ 73.1565416, 28.1672418, 0.0 ] ], [ [ 73.1564909, 28.1669293, 0.0 ], [ 73.1565141, 28.1669296, 0.0 ], [ 73.1565089, 28.1672329, 0.0 ], [ 73.1564857, 28.1672326, 0.0 ], [ 73.1564909, 28.1669293, 0.0 ] ], [ [ 73.1564349, 28.1669286, 0.0 ], [ 73.1564581, 28.1669289, 0.0 ], [ 73.1564529, 28.1672321, 0.0 ], [ 73.1564297, 28.1672318, 0.0 ], [ 73.1564349, 28.1669286, 0.0 ] ], [ [ 73.1564856, 28.167241, 0.0 ], [ 73.1565087, 28.1672413, 0.0 ], [ 73.1565035, 28.1675446, 0.0 ], [ 73.1564804, 28.1675443, 0.0 ], [ 73.1564856, 28.167241, 0.0 ] ], [ [ 73.1564296, 28.1672403, 0.0 ], [ 73.1564527, 28.1672406, 0.0 ], [ 73.1564475, 28.1675438, 0.0 ], [ 73.1564244, 28.1675435, 0.0 ], [ 73.1564296, 28.1672403, 0.0 ] ], [ [ 73.1563789, 28.1669278, 0.0 ], [ 73.1564021, 28.1669281, 0.0 ], [ 73.1563969, 28.1672314, 0.0 ], [ 73.1563737, 28.1672311, 0.0 ], [ 73.1563789, 28.1669278, 0.0 ] ], [ [ 73.1563229, 28.1669271, 0.0 ], [ 73.1563461, 28.1669274, 0.0 ], [ 73.1563409, 28.1672306, 0.0 ], [ 73.1563177, 28.1672303, 0.0 ], [ 73.1563229, 28.1669271, 0.0 ] ], [ [ 73.1563736, 28.1672395, 0.0 ], [ 73.1563967, 28.1672398, 0.0 ], [ 73.1563915, 28.1675431, 0.0 ], [ 73.1563684, 28.1675428, 0.0 ], [ 73.1563736, 28.1672395, 0.0 ] ], [ [ 73.1563176, 28.1672387, 0.0 ], [ 73.1563407, 28.1672391, 0.0 ], [ 73.1563355, 28.1675423, 0.0 ], [ 73.1563124, 28.167542, 0.0 ], [ 73.1563176, 28.1672387, 0.0 ] ], [ [ 73.1562669, 28.1669263, 0.0 ], [ 73.1562901, 28.1669266, 0.0 ], [ 73.1562849, 28.1672299, 0.0 ], [ 73.1562617, 28.1672296, 0.0 ], [ 73.1562669, 28.1669263, 0.0 ] ], [ [ 73.1562109, 28.1669255, 0.0 ], [ 73.1562341, 28.1669259, 0.0 ], [ 73.1562289, 28.1672291, 0.0 ], [ 73.1562057, 28.1672288, 0.0 ], [ 73.1562109, 28.1669255, 0.0 ] ], [ [ 73.1562616, 28.167238, 0.0 ], [ 73.1562847, 28.1672383, 0.0 ], [ 73.1562795, 28.1675416, 0.0 ], [ 73.1562564, 28.1675413, 0.0 ], [ 73.1562616, 28.167238, 0.0 ] ], [ [ 73.1562056, 28.1672372, 0.0 ], [ 73.1562287, 28.1672375, 0.0 ], [ 73.1562235, 28.1675408, 0.0 ], [ 73.1562004, 28.1675405, 0.0 ], [ 73.1562056, 28.1672372, 0.0 ] ], [ [ 73.156155, 28.1669248, 0.0 ], [ 73.1561781, 28.1669251, 0.0 ], [ 73.1561729, 28.1672284, 0.0 ], [ 73.1561498, 28.1672281, 0.0 ], [ 73.156155, 28.1669248, 0.0 ] ], [ [ 73.156099, 28.166924, 0.0 ], [ 73.1561221, 28.1669244, 0.0 ], [ 73.1561169, 28.1672276, 0.0 ], [ 73.1560938, 28.1672273, 0.0 ], [ 73.156099, 28.166924, 0.0 ] ], [ [ 73.1561496, 28.1672365, 0.0 ], [ 73.1561727, 28.1672368, 0.0 ], [ 73.1561675, 28.1675401, 0.0 ], [ 73.1561444, 28.1675398, 0.0 ], [ 73.1561496, 28.1672365, 0.0 ] ], [ [ 73.1560936, 28.1672357, 0.0 ], [ 73.1561167, 28.167236, 0.0 ], [ 73.1561115, 28.1675393, 0.0 ], [ 73.1560884, 28.167539, 0.0 ], [ 73.1560936, 28.1672357, 0.0 ] ], [ [ 73.156043, 28.1669233, 0.0 ], [ 73.1560661, 28.1669236, 0.0 ], [ 73.1560609, 28.1672269, 0.0 ], [ 73.1560378, 28.1672266, 0.0 ], [ 73.156043, 28.1669233, 0.0 ] ], [ [ 73.155987, 28.1669225, 0.0 ], [ 73.1560101, 28.1669228, 0.0 ], [ 73.1560049, 28.1672261, 0.0 ], [ 73.1559818, 28.1672258, 0.0 ], [ 73.155987, 28.1669225, 0.0 ] ], [ [ 73.1560376, 28.167235, 0.0 ], [ 73.1560607, 28.1672353, 0.0 ], [ 73.1560555, 28.1675386, 0.0 ], [ 73.1560324, 28.1675382, 0.0 ], [ 73.1560376, 28.167235, 0.0 ] ], [ [ 73.1559816, 28.1672342, 0.0 ], [ 73.1560047, 28.1672345, 0.0 ], [ 73.1559995, 28.1675378, 0.0 ], [ 73.1559764, 28.1675375, 0.0 ], [ 73.1559816, 28.1672342, 0.0 ] ], [ [ 73.155931, 28.1669218, 0.0 ], [ 73.1559541, 28.1669221, 0.0 ], [ 73.1559489, 28.1672254, 0.0 ], [ 73.1559258, 28.167225, 0.0 ], [ 73.155931, 28.1669218, 0.0 ] ], [ [ 73.155875, 28.166921, 0.0 ], [ 73.1558981, 28.1669213, 0.0 ], [ 73.1558929, 28.1672246, 0.0 ], [ 73.1558698, 28.1672243, 0.0 ], [ 73.155875, 28.166921, 0.0 ] ], [ [ 73.1559256, 28.1672335, 0.0 ], [ 73.1559488, 28.1672338, 0.0 ], [ 73.1559436, 28.167537, 0.0 ], [ 73.1559204, 28.1675367, 0.0 ], [ 73.1559256, 28.1672335, 0.0 ] ], [ [ 73.1558696, 28.1672327, 0.0 ], [ 73.1558928, 28.167233, 0.0 ], [ 73.1558876, 28.1675363, 0.0 ], [ 73.1558644, 28.167536, 0.0 ], [ 73.1558696, 28.1672327, 0.0 ] ], [ [ 73.155819, 28.1669203, 0.0 ], [ 73.1558421, 28.1669206, 0.0 ], [ 73.1558369, 28.1672239, 0.0 ], [ 73.1558138, 28.1672235, 0.0 ], [ 73.155819, 28.1669203, 0.0 ] ], [ [ 73.155763, 28.1669195, 0.0 ], [ 73.1557861, 28.1669198, 0.0 ], [ 73.1557809, 28.1672231, 0.0 ], [ 73.1557578, 28.1672228, 0.0 ], [ 73.155763, 28.1669195, 0.0 ] ], [ [ 73.1558136, 28.167232, 0.0 ], [ 73.1558368, 28.1672323, 0.0 ], [ 73.1558316, 28.1675355, 0.0 ], [ 73.1558084, 28.1675352, 0.0 ], [ 73.1558136, 28.167232, 0.0 ] ], [ [ 73.1557576, 28.1672312, 0.0 ], [ 73.1557808, 28.1672315, 0.0 ], [ 73.1557756, 28.1675348, 0.0 ], [ 73.1557524, 28.1675345, 0.0 ], [ 73.1557576, 28.1672312, 0.0 ] ], [ [ 73.155707, 28.1669188, 0.0 ], [ 73.1557301, 28.1669191, 0.0 ], [ 73.1557249, 28.1672223, 0.0 ], [ 73.1557018, 28.167222, 0.0 ], [ 73.155707, 28.1669188, 0.0 ] ], [ [ 73.155651, 28.166918, 0.0 ], [ 73.1556741, 28.1669183, 0.0 ], [ 73.1556689, 28.1672216, 0.0 ], [ 73.1556458, 28.1672213, 0.0 ], [ 73.155651, 28.166918, 0.0 ] ], [ [ 73.1557016, 28.1672304, 0.0 ], [ 73.1557248, 28.1672308, 0.0 ], [ 73.1557196, 28.167534, 0.0 ], [ 73.1556964, 28.1675337, 0.0 ], [ 73.1557016, 28.1672304, 0.0 ] ], [ [ 73.1556456, 28.1672297, 0.0 ], [ 73.1556688, 28.16723, 0.0 ], [ 73.1556636, 28.1675333, 0.0 ], [ 73.1556404, 28.167533, 0.0 ], [ 73.1556456, 28.1672297, 0.0 ] ], [ [ 73.155595, 28.1669173, 0.0 ], [ 73.1556181, 28.1669176, 0.0 ], [ 73.1556129, 28.1672208, 0.0 ], [ 73.1555898, 28.1672205, 0.0 ], [ 73.155595, 28.1669173, 0.0 ] ], [ [ 73.155539, 28.1669165, 0.0 ], [ 73.1555621, 28.1669168, 0.0 ], [ 73.1555569, 28.1672201, 0.0 ], [ 73.1555338, 28.1672198, 0.0 ], [ 73.155539, 28.1669165, 0.0 ] ], [ [ 73.1555896, 28.1672289, 0.0 ], [ 73.1556128, 28.1672293, 0.0 ], [ 73.1556076, 28.1675325, 0.0 ], [ 73.1555844, 28.1675322, 0.0 ], [ 73.1555896, 28.1672289, 0.0 ] ], [ [ 73.1555337, 28.1672282, 0.0 ], [ 73.1555568, 28.1672285, 0.0 ], [ 73.1555516, 28.1675318, 0.0 ], [ 73.1555284, 28.1675315, 0.0 ], [ 73.1555337, 28.1672282, 0.0 ] ], [ [ 73.155483, 28.1669157, 0.0 ], [ 73.1555061, 28.1669161, 0.0 ], [ 73.1555009, 28.1672193, 0.0 ], [ 73.1554778, 28.167219, 0.0 ], [ 73.155483, 28.1669157, 0.0 ] ], [ [ 73.155427, 28.166915, 0.0 ], [ 73.1554501, 28.1669153, 0.0 ], [ 73.1554449, 28.1672186, 0.0 ], [ 73.1554218, 28.1672183, 0.0 ], [ 73.155427, 28.166915, 0.0 ] ], [ [ 73.1554777, 28.1672274, 0.0 ], [ 73.1555008, 28.1672277, 0.0 ], [ 73.1554956, 28.167531, 0.0 ], [ 73.1554725, 28.1675307, 0.0 ], [ 73.1554777, 28.1672274, 0.0 ] ], [ [ 73.1554217, 28.1672267, 0.0 ], [ 73.1554448, 28.167227, 0.0 ], [ 73.1554396, 28.1675303, 0.0 ], [ 73.1554165, 28.1675299, 0.0 ], [ 73.1554217, 28.1672267, 0.0 ] ], [ [ 73.155371, 28.1669142, 0.0 ], [ 73.1553941, 28.1669145, 0.0 ], [ 73.1553889, 28.1672178, 0.0 ], [ 73.1553658, 28.1672175, 0.0 ], [ 73.155371, 28.1669142, 0.0 ] ], [ [ 73.155315, 28.1669135, 0.0 ], [ 73.1553381, 28.1669138, 0.0 ], [ 73.1553329, 28.1672171, 0.0 ], [ 73.1553098, 28.1672168, 0.0 ], [ 73.155315, 28.1669135, 0.0 ] ], [ [ 73.1553657, 28.1672259, 0.0 ], [ 73.1553888, 28.1672262, 0.0 ], [ 73.1553836, 28.1675295, 0.0 ], [ 73.1553605, 28.1675292, 0.0 ], [ 73.1553657, 28.1672259, 0.0 ] ], [ [ 73.1553097, 28.1672252, 0.0 ], [ 73.1553328, 28.1672255, 0.0 ], [ 73.1553276, 28.1675287, 0.0 ], [ 73.1553045, 28.1675284, 0.0 ], [ 73.1553097, 28.1672252, 0.0 ] ], [ [ 73.155259, 28.1669127, 0.0 ], [ 73.1552821, 28.166913, 0.0 ], [ 73.1552769, 28.1672163, 0.0 ], [ 73.1552538, 28.167216, 0.0 ], [ 73.155259, 28.1669127, 0.0 ] ], [ [ 73.155203, 28.166912, 0.0 ], [ 73.1552262, 28.1669123, 0.0 ], [ 73.155221, 28.1672156, 0.0 ], [ 73.1551978, 28.1672152, 0.0 ], [ 73.155203, 28.166912, 0.0 ] ], [ [ 73.1552537, 28.1672244, 0.0 ], [ 73.1552768, 28.1672247, 0.0 ], [ 73.1552716, 28.167528, 0.0 ], [ 73.1552485, 28.1675277, 0.0 ], [ 73.1552537, 28.1672244, 0.0 ] ], [ [ 73.1551977, 28.1672237, 0.0 ], [ 73.1552208, 28.167224, 0.0 ], [ 73.1552156, 28.1675272, 0.0 ], [ 73.1551925, 28.1675269, 0.0 ], [ 73.1551977, 28.1672237, 0.0 ] ], [ [ 73.155147, 28.1669112, 0.0 ], [ 73.1551702, 28.1669115, 0.0 ], [ 73.155165, 28.1672148, 0.0 ], [ 73.1551418, 28.1672145, 0.0 ], [ 73.155147, 28.1669112, 0.0 ] ], [ [ 73.155091, 28.1669105, 0.0 ], [ 73.1551142, 28.1669108, 0.0 ], [ 73.155109, 28.167214, 0.0 ], [ 73.1550858, 28.1672137, 0.0 ], [ 73.155091, 28.1669105, 0.0 ] ], [ [ 73.1551417, 28.1672229, 0.0 ], [ 73.1551648, 28.1672232, 0.0 ], [ 73.1551596, 28.1675265, 0.0 ], [ 73.1551365, 28.1675262, 0.0 ], [ 73.1551417, 28.1672229, 0.0 ] ], [ [ 73.1550857, 28.1672222, 0.0 ], [ 73.1551088, 28.1672225, 0.0 ], [ 73.1551036, 28.1675257, 0.0 ], [ 73.1550805, 28.1675254, 0.0 ], [ 73.1550857, 28.1672222, 0.0 ] ], [ [ 73.155035, 28.1669097, 0.0 ], [ 73.1550582, 28.16691, 0.0 ], [ 73.155053, 28.1672133, 0.0 ], [ 73.1550298, 28.167213, 0.0 ], [ 73.155035, 28.1669097, 0.0 ] ], [ [ 73.154979, 28.166909, 0.0 ], [ 73.1550022, 28.1669093, 0.0 ], [ 73.154997, 28.1672125, 0.0 ], [ 73.1549738, 28.1672122, 0.0 ], [ 73.154979, 28.166909, 0.0 ] ], [ [ 73.1550297, 28.1672214, 0.0 ], [ 73.1550528, 28.1672217, 0.0 ], [ 73.1550476, 28.167525, 0.0 ], [ 73.1550245, 28.1675247, 0.0 ], [ 73.1550297, 28.1672214, 0.0 ] ], [ [ 73.1549737, 28.1672206, 0.0 ], [ 73.1549968, 28.167221, 0.0 ], [ 73.1549916, 28.1675242, 0.0 ], [ 73.1549685, 28.1675239, 0.0 ], [ 73.1549737, 28.1672206, 0.0 ] ], [ [ 73.154923, 28.1669082, 0.0 ], [ 73.1549462, 28.1669085, 0.0 ], [ 73.154941, 28.1672118, 0.0 ], [ 73.1549178, 28.1672115, 0.0 ], [ 73.154923, 28.1669082, 0.0 ] ], [ [ 73.154867, 28.1669074, 0.0 ], [ 73.1548902, 28.1669078, 0.0 ], [ 73.154885, 28.167211, 0.0 ], [ 73.1548618, 28.1672107, 0.0 ], [ 73.154867, 28.1669074, 0.0 ] ], [ [ 73.1549177, 28.1672199, 0.0 ], [ 73.1549408, 28.1672202, 0.0 ], [ 73.1549356, 28.1675235, 0.0 ], [ 73.1549125, 28.1675232, 0.0 ], [ 73.1549177, 28.1672199, 0.0 ] ], [ [ 73.1548617, 28.1672191, 0.0 ], [ 73.1548848, 28.1672194, 0.0 ], [ 73.1548796, 28.1675227, 0.0 ], [ 73.1548565, 28.1675224, 0.0 ], [ 73.1548617, 28.1672191, 0.0 ] ], [ [ 73.1548111, 28.1669067, 0.0 ], [ 73.1548342, 28.166907, 0.0 ], [ 73.154829, 28.1672103, 0.0 ], [ 73.1548058, 28.16721, 0.0 ], [ 73.1548111, 28.1669067, 0.0 ] ], [ [ 73.1547551, 28.1669059, 0.0 ], [ 73.1547782, 28.1669062, 0.0 ], [ 73.154773, 28.1672095, 0.0 ], [ 73.1547499, 28.1672092, 0.0 ], [ 73.1547551, 28.1669059, 0.0 ] ], [ [ 73.1548057, 28.1672184, 0.0 ], [ 73.1548288, 28.1672187, 0.0 ], [ 73.1548236, 28.167522, 0.0 ], [ 73.1548005, 28.1675216, 0.0 ], [ 73.1548057, 28.1672184, 0.0 ] ], [ [ 73.1547497, 28.1672176, 0.0 ], [ 73.1547728, 28.1672179, 0.0 ], [ 73.1547676, 28.1675212, 0.0 ], [ 73.1547445, 28.1675209, 0.0 ], [ 73.1547497, 28.1672176, 0.0 ] ], [ [ 73.1546991, 28.1669052, 0.0 ], [ 73.1547222, 28.1669055, 0.0 ], [ 73.154717, 28.1672088, 0.0 ], [ 73.1546939, 28.1672085, 0.0 ], [ 73.1546991, 28.1669052, 0.0 ] ], [ [ 73.1546431, 28.1669044, 0.0 ], [ 73.1546662, 28.1669047, 0.0 ], [ 73.154661, 28.167208, 0.0 ], [ 73.1546379, 28.1672077, 0.0 ], [ 73.1546431, 28.1669044, 0.0 ] ], [ [ 73.1546937, 28.1672169, 0.0 ], [ 73.1547168, 28.1672172, 0.0 ], [ 73.1547116, 28.1675204, 0.0 ], [ 73.1546885, 28.1675201, 0.0 ], [ 73.1546937, 28.1672169, 0.0 ] ], [ [ 73.1546377, 28.1672161, 0.0 ], [ 73.1546608, 28.1672164, 0.0 ], [ 73.1546556, 28.1675197, 0.0 ], [ 73.1546325, 28.1675194, 0.0 ], [ 73.1546377, 28.1672161, 0.0 ] ], [ [ 73.1539151, 28.1668946, 0.0 ], [ 73.1539383, 28.1668949, 0.0 ], [ 73.153933, 28.1671982, 0.0 ], [ 73.1539099, 28.1671979, 0.0 ], [ 73.1539151, 28.1668946, 0.0 ] ], [ [ 73.1538591, 28.1668939, 0.0 ], [ 73.1538823, 28.1668942, 0.0 ], [ 73.153877, 28.1671974, 0.0 ], [ 73.1538539, 28.1671971, 0.0 ], [ 73.1538591, 28.1668939, 0.0 ] ], [ [ 73.1539098, 28.1672063, 0.0 ], [ 73.1539329, 28.1672066, 0.0 ], [ 73.1539277, 28.1675099, 0.0 ], [ 73.1539046, 28.1675096, 0.0 ], [ 73.1539098, 28.1672063, 0.0 ] ], [ [ 73.1538538, 28.1672055, 0.0 ], [ 73.1538769, 28.1672059, 0.0 ], [ 73.1538717, 28.1675091, 0.0 ], [ 73.1538486, 28.1675088, 0.0 ], [ 73.1538538, 28.1672055, 0.0 ] ], [ [ 73.1538031, 28.1668931, 0.0 ], [ 73.1538263, 28.1668934, 0.0 ], [ 73.1538211, 28.1671967, 0.0 ], [ 73.1537979, 28.1671964, 0.0 ], [ 73.1538031, 28.1668931, 0.0 ] ], [ [ 73.1537471, 28.1668923, 0.0 ], [ 73.1537703, 28.1668927, 0.0 ], [ 73.1537651, 28.1671959, 0.0 ], [ 73.1537419, 28.1671956, 0.0 ], [ 73.1537471, 28.1668923, 0.0 ] ], [ [ 73.1537978, 28.1672048, 0.0 ], [ 73.1538209, 28.1672051, 0.0 ], [ 73.1538157, 28.1675084, 0.0 ], [ 73.1537926, 28.1675081, 0.0 ], [ 73.1537978, 28.1672048, 0.0 ] ], [ [ 73.1537418, 28.167204, 0.0 ], [ 73.1537649, 28.1672043, 0.0 ], [ 73.1537597, 28.1675076, 0.0 ], [ 73.1537366, 28.1675073, 0.0 ], [ 73.1537418, 28.167204, 0.0 ] ], [ [ 73.1536911, 28.1668916, 0.0 ], [ 73.1537143, 28.1668919, 0.0 ], [ 73.1537091, 28.1671952, 0.0 ], [ 73.1536859, 28.1671949, 0.0 ], [ 73.1536911, 28.1668916, 0.0 ] ], [ [ 73.1536351, 28.1668908, 0.0 ], [ 73.1536583, 28.1668912, 0.0 ], [ 73.1536531, 28.1671944, 0.0 ], [ 73.1536299, 28.1671941, 0.0 ], [ 73.1536351, 28.1668908, 0.0 ] ], [ [ 73.1536858, 28.1672033, 0.0 ], [ 73.1537089, 28.1672036, 0.0 ], [ 73.1537037, 28.1675069, 0.0 ], [ 73.1536806, 28.1675065, 0.0 ], [ 73.1536858, 28.1672033, 0.0 ] ], [ [ 73.1536298, 28.1672025, 0.0 ], [ 73.1536529, 28.1672028, 0.0 ], [ 73.1536477, 28.1675061, 0.0 ], [ 73.1536246, 28.1675058, 0.0 ], [ 73.1536298, 28.1672025, 0.0 ] ], [ [ 73.1535791, 28.1668901, 0.0 ], [ 73.1536023, 28.1668904, 0.0 ], [ 73.1535971, 28.1671937, 0.0 ], [ 73.1535739, 28.1671934, 0.0 ], [ 73.1535791, 28.1668901, 0.0 ] ], [ [ 73.1535232, 28.1668893, 0.0 ], [ 73.1535463, 28.1668896, 0.0 ], [ 73.1535411, 28.1671929, 0.0 ], [ 73.1535179, 28.1671926, 0.0 ], [ 73.1535232, 28.1668893, 0.0 ] ], [ [ 73.1535738, 28.1672018, 0.0 ], [ 73.1535969, 28.1672021, 0.0 ], [ 73.1535917, 28.1675054, 0.0 ], [ 73.1535686, 28.167505, 0.0 ], [ 73.1535738, 28.1672018, 0.0 ] ], [ [ 73.1535178, 28.167201, 0.0 ], [ 73.1535409, 28.1672013, 0.0 ], [ 73.1535357, 28.1675046, 0.0 ], [ 73.1535126, 28.1675043, 0.0 ], [ 73.1535178, 28.167201, 0.0 ] ], [ [ 73.1534672, 28.1668886, 0.0 ], [ 73.1534903, 28.1668889, 0.0 ], [ 73.1534851, 28.1671922, 0.0 ], [ 73.1534619, 28.1671918, 0.0 ], [ 73.1534672, 28.1668886, 0.0 ] ], [ [ 73.1534112, 28.1668878, 0.0 ], [ 73.1534343, 28.1668881, 0.0 ], [ 73.1534291, 28.1671914, 0.0 ], [ 73.153406, 28.1671911, 0.0 ], [ 73.1534112, 28.1668878, 0.0 ] ], [ [ 73.1534618, 28.1672003, 0.0 ], [ 73.1534849, 28.1672006, 0.0 ], [ 73.1534797, 28.1675038, 0.0 ], [ 73.1534566, 28.1675035, 0.0 ], [ 73.1534618, 28.1672003, 0.0 ] ], [ [ 73.1534058, 28.1671995, 0.0 ], [ 73.1534289, 28.1671998, 0.0 ], [ 73.1534237, 28.1675031, 0.0 ], [ 73.1534006, 28.1675028, 0.0 ], [ 73.1534058, 28.1671995, 0.0 ] ], [ [ 73.1533552, 28.1668871, 0.0 ], [ 73.1533783, 28.1668874, 0.0 ], [ 73.1533731, 28.1671906, 0.0 ], [ 73.15335, 28.1671903, 0.0 ], [ 73.1533552, 28.1668871, 0.0 ] ], [ [ 73.1532992, 28.1668863, 0.0 ], [ 73.1533223, 28.1668866, 0.0 ], [ 73.1533171, 28.1671899, 0.0 ], [ 73.153294, 28.1671896, 0.0 ], [ 73.1532992, 28.1668863, 0.0 ] ], [ [ 73.1533498, 28.1671987, 0.0 ], [ 73.1533729, 28.1671991, 0.0 ], [ 73.1533677, 28.1675023, 0.0 ], [ 73.1533446, 28.167502, 0.0 ], [ 73.1533498, 28.1671987, 0.0 ] ], [ [ 73.1532938, 28.167198, 0.0 ], [ 73.1533169, 28.1671983, 0.0 ], [ 73.1533117, 28.1675016, 0.0 ], [ 73.1532886, 28.1675013, 0.0 ], [ 73.1532938, 28.167198, 0.0 ] ], [ [ 73.1532432, 28.1668856, 0.0 ], [ 73.1532663, 28.1668859, 0.0 ], [ 73.1532611, 28.1671891, 0.0 ], [ 73.153238, 28.1671888, 0.0 ], [ 73.1532432, 28.1668856, 0.0 ] ], [ [ 73.1531872, 28.1668848, 0.0 ], [ 73.1532103, 28.1668851, 0.0 ], [ 73.1532051, 28.1671884, 0.0 ], [ 73.153182, 28.1671881, 0.0 ], [ 73.1531872, 28.1668848, 0.0 ] ], [ [ 73.1532378, 28.1671972, 0.0 ], [ 73.153261, 28.1671976, 0.0 ], [ 73.1532557, 28.1675008, 0.0 ], [ 73.1532326, 28.1675005, 0.0 ], [ 73.1532378, 28.1671972, 0.0 ] ], [ [ 73.1531818, 28.1671965, 0.0 ], [ 73.153205, 28.1671968, 0.0 ], [ 73.1531997, 28.1675001, 0.0 ], [ 73.1531766, 28.1674998, 0.0 ], [ 73.1531818, 28.1671965, 0.0 ] ], [ [ 73.1531312, 28.166884, 0.0 ], [ 73.1531543, 28.1668844, 0.0 ], [ 73.1531491, 28.1671876, 0.0 ], [ 73.153126, 28.1671873, 0.0 ], [ 73.1531312, 28.166884, 0.0 ] ], [ [ 73.1530752, 28.1668833, 0.0 ], [ 73.1530983, 28.1668836, 0.0 ], [ 73.1530931, 28.1671869, 0.0 ], [ 73.15307, 28.1671866, 0.0 ], [ 73.1530752, 28.1668833, 0.0 ] ], [ [ 73.1531258, 28.1671957, 0.0 ], [ 73.153149, 28.167196, 0.0 ], [ 73.1531437, 28.1674993, 0.0 ], [ 73.1531206, 28.167499, 0.0 ], [ 73.1531258, 28.1671957, 0.0 ] ], [ [ 73.1530698, 28.167195, 0.0 ], [ 73.153093, 28.1671953, 0.0 ], [ 73.1530878, 28.1674986, 0.0 ], [ 73.1530646, 28.1674982, 0.0 ], [ 73.1530698, 28.167195, 0.0 ] ], [ [ 73.1530192, 28.1668825, 0.0 ], [ 73.1530423, 28.1668828, 0.0 ], [ 73.1530371, 28.1671861, 0.0 ], [ 73.153014, 28.1671858, 0.0 ], [ 73.1530192, 28.1668825, 0.0 ] ], [ [ 73.1529632, 28.1668818, 0.0 ], [ 73.1529863, 28.1668821, 0.0 ], [ 73.1529811, 28.1671854, 0.0 ], [ 73.152958, 28.167185, 0.0 ], [ 73.1529632, 28.1668818, 0.0 ] ], [ [ 73.1530138, 28.1671942, 0.0 ], [ 73.153037, 28.1671945, 0.0 ], [ 73.1530318, 28.1674978, 0.0 ], [ 73.1530086, 28.1674975, 0.0 ], [ 73.1530138, 28.1671942, 0.0 ] ], [ [ 73.1529578, 28.1671935, 0.0 ], [ 73.152981, 28.1671938, 0.0 ], [ 73.1529758, 28.167497, 0.0 ], [ 73.1529526, 28.1674967, 0.0 ], [ 73.1529578, 28.1671935, 0.0 ] ], [ [ 73.1529072, 28.166881, 0.0 ], [ 73.1529303, 28.1668813, 0.0 ], [ 73.1529251, 28.1671846, 0.0 ], [ 73.152902, 28.1671843, 0.0 ], [ 73.1529072, 28.166881, 0.0 ] ], [ [ 73.1528512, 28.1668803, 0.0 ], [ 73.1528743, 28.1668806, 0.0 ], [ 73.1528691, 28.1671838, 0.0 ], [ 73.152846, 28.1671835, 0.0 ], [ 73.1528512, 28.1668803, 0.0 ] ], [ [ 73.1529018, 28.1671927, 0.0 ], [ 73.152925, 28.167193, 0.0 ], [ 73.1529198, 28.1674963, 0.0 ], [ 73.1528966, 28.167496, 0.0 ], [ 73.1529018, 28.1671927, 0.0 ] ], [ [ 73.1528458, 28.167192, 0.0 ], [ 73.152869, 28.1671923, 0.0 ], [ 73.1528638, 28.1674955, 0.0 ], [ 73.1528406, 28.1674952, 0.0 ], [ 73.1528458, 28.167192, 0.0 ] ], [ [ 73.1527952, 28.1668795, 0.0 ], [ 73.1528183, 28.1668798, 0.0 ], [ 73.1528131, 28.1671831, 0.0 ], [ 73.15279, 28.1671828, 0.0 ], [ 73.1527952, 28.1668795, 0.0 ] ], [ [ 73.1527392, 28.1668788, 0.0 ], [ 73.1527623, 28.1668791, 0.0 ], [ 73.1527571, 28.1671823, 0.0 ], [ 73.152734, 28.167182, 0.0 ], [ 73.1527392, 28.1668788, 0.0 ] ], [ [ 73.1527899, 28.1671912, 0.0 ], [ 73.152813, 28.1671915, 0.0 ], [ 73.1528078, 28.1674948, 0.0 ], [ 73.1527846, 28.1674945, 0.0 ], [ 73.1527899, 28.1671912, 0.0 ] ], [ [ 73.1527339, 28.1671904, 0.0 ], [ 73.152757, 28.1671908, 0.0 ], [ 73.1527518, 28.167494, 0.0 ], [ 73.1527286, 28.1674937, 0.0 ], [ 73.1527339, 28.1671904, 0.0 ] ], [ [ 73.1526778, 28.1671938, 0.0 ], [ 73.1527009, 28.1671941, 0.0 ], [ 73.1526957, 28.1674974, 0.0 ], [ 73.1526726, 28.167497, 0.0 ], [ 73.1526778, 28.1671938, 0.0 ] ], [ [ 73.1526218, 28.167193, 0.0 ], [ 73.1526449, 28.1671933, 0.0 ], [ 73.1526397, 28.1674966, 0.0 ], [ 73.1526166, 28.1674963, 0.0 ], [ 73.1526218, 28.167193, 0.0 ] ], [ [ 73.1526724, 28.1675055, 0.0 ], [ 73.1526956, 28.1675058, 0.0 ], [ 73.1526904, 28.167809, 0.0 ], [ 73.1526672, 28.1678087, 0.0 ], [ 73.1526724, 28.1675055, 0.0 ] ], [ [ 73.1526164, 28.1675047, 0.0 ], [ 73.1526396, 28.167505, 0.0 ], [ 73.1526344, 28.1678083, 0.0 ], [ 73.1526112, 28.167808, 0.0 ], [ 73.1526164, 28.1675047, 0.0 ] ], [ [ 73.1525658, 28.1671923, 0.0 ], [ 73.1525889, 28.1671926, 0.0 ], [ 73.1525837, 28.1674959, 0.0 ], [ 73.1525606, 28.1674955, 0.0 ], [ 73.1525658, 28.1671923, 0.0 ] ], [ [ 73.1525098, 28.1671915, 0.0 ], [ 73.1525329, 28.1671918, 0.0 ], [ 73.1525277, 28.1674951, 0.0 ], [ 73.1525046, 28.1674948, 0.0 ], [ 73.1525098, 28.1671915, 0.0 ] ], [ [ 73.1525604, 28.167504, 0.0 ], [ 73.1525836, 28.1675043, 0.0 ], [ 73.1525784, 28.1678075, 0.0 ], [ 73.1525552, 28.1678072, 0.0 ], [ 73.1525604, 28.167504, 0.0 ] ], [ [ 73.1525044, 28.1675032, 0.0 ], [ 73.1525276, 28.1675035, 0.0 ], [ 73.1525224, 28.1678068, 0.0 ], [ 73.1524992, 28.1678065, 0.0 ], [ 73.1525044, 28.1675032, 0.0 ] ], [ [ 73.1524538, 28.1671908, 0.0 ], [ 73.1524769, 28.1671911, 0.0 ], [ 73.1524717, 28.1674943, 0.0 ], [ 73.1524486, 28.167494, 0.0 ], [ 73.1524538, 28.1671908, 0.0 ] ], [ [ 73.1523978, 28.16719, 0.0 ], [ 73.1524209, 28.1671903, 0.0 ], [ 73.1524157, 28.1674936, 0.0 ], [ 73.1523926, 28.1674933, 0.0 ], [ 73.1523978, 28.16719, 0.0 ] ], [ [ 73.1524485, 28.1675024, 0.0 ], [ 73.1524716, 28.1675028, 0.0 ], [ 73.1524664, 28.167806, 0.0 ], [ 73.1524432, 28.1678057, 0.0 ], [ 73.1524485, 28.1675024, 0.0 ] ], [ [ 73.1523925, 28.1675017, 0.0 ], [ 73.1524156, 28.167502, 0.0 ], [ 73.1524104, 28.1678053, 0.0 ], [ 73.1523872, 28.167805, 0.0 ], [ 73.1523925, 28.1675017, 0.0 ] ], [ [ 73.1523418, 28.1671892, 0.0 ], [ 73.1523649, 28.1671896, 0.0 ], [ 73.1523597, 28.1674928, 0.0 ], [ 73.1523366, 28.1674925, 0.0 ], [ 73.1523418, 28.1671892, 0.0 ] ], [ [ 73.1522858, 28.1671885, 0.0 ], [ 73.152309, 28.1671888, 0.0 ], [ 73.1523037, 28.1674921, 0.0 ], [ 73.1522806, 28.1674918, 0.0 ], [ 73.1522858, 28.1671885, 0.0 ] ], [ [ 73.1523365, 28.1675009, 0.0 ], [ 73.1523596, 28.1675012, 0.0 ], [ 73.1523544, 28.1678045, 0.0 ], [ 73.1523312, 28.1678042, 0.0 ], [ 73.1523365, 28.1675009, 0.0 ] ], [ [ 73.1522805, 28.1675002, 0.0 ], [ 73.1523036, 28.1675005, 0.0 ], [ 73.1522984, 28.1678038, 0.0 ], [ 73.1522753, 28.1678034, 0.0 ], [ 73.1522805, 28.1675002, 0.0 ] ], [ [ 73.1522298, 28.1671877, 0.0 ], [ 73.152253, 28.167188, 0.0 ], [ 73.1522477, 28.1674913, 0.0 ], [ 73.1522246, 28.167491, 0.0 ], [ 73.1522298, 28.1671877, 0.0 ] ], [ [ 73.1521738, 28.167187, 0.0 ], [ 73.152197, 28.1671873, 0.0 ], [ 73.1521917, 28.1674906, 0.0 ], [ 73.1521686, 28.1674902, 0.0 ], [ 73.1521738, 28.167187, 0.0 ] ], [ [ 73.1522245, 28.1674994, 0.0 ], [ 73.1522476, 28.1674997, 0.0 ], [ 73.1522424, 28.167803, 0.0 ], [ 73.1522193, 28.1678027, 0.0 ], [ 73.1522245, 28.1674994, 0.0 ] ], [ [ 73.1521685, 28.1674987, 0.0 ], [ 73.1521916, 28.167499, 0.0 ], [ 73.1521864, 28.1678022, 0.0 ], [ 73.1521633, 28.1678019, 0.0 ], [ 73.1521685, 28.1674987, 0.0 ] ], [ [ 73.1521178, 28.1671862, 0.0 ], [ 73.152141, 28.1671865, 0.0 ], [ 73.1521358, 28.1674898, 0.0 ], [ 73.1521126, 28.1674895, 0.0 ], [ 73.1521178, 28.1671862, 0.0 ] ], [ [ 73.1520618, 28.1671855, 0.0 ], [ 73.152085, 28.1671858, 0.0 ], [ 73.1520798, 28.167489, 0.0 ], [ 73.1520566, 28.1674887, 0.0 ], [ 73.1520618, 28.1671855, 0.0 ] ], [ [ 73.1521125, 28.1674979, 0.0 ], [ 73.1521356, 28.1674982, 0.0 ], [ 73.1521304, 28.1678015, 0.0 ], [ 73.1521073, 28.1678012, 0.0 ], [ 73.1521125, 28.1674979, 0.0 ] ], [ [ 73.1520565, 28.1674972, 0.0 ], [ 73.1520796, 28.1674975, 0.0 ], [ 73.1520744, 28.1678007, 0.0 ], [ 73.1520513, 28.1678004, 0.0 ], [ 73.1520565, 28.1674972, 0.0 ] ], [ [ 73.1520058, 28.1671847, 0.0 ], [ 73.152029, 28.167185, 0.0 ], [ 73.1520238, 28.1674883, 0.0 ], [ 73.1520006, 28.167488, 0.0 ], [ 73.1520058, 28.1671847, 0.0 ] ], [ [ 73.1519498, 28.167184, 0.0 ], [ 73.151973, 28.1671843, 0.0 ], [ 73.1519678, 28.1674875, 0.0 ], [ 73.1519446, 28.1674872, 0.0 ], [ 73.1519498, 28.167184, 0.0 ] ], [ [ 73.1520005, 28.1674964, 0.0 ], [ 73.1520236, 28.1674967, 0.0 ], [ 73.1520184, 28.1678, 0.0 ], [ 73.1519953, 28.1677997, 0.0 ], [ 73.1520005, 28.1674964, 0.0 ] ], [ [ 73.1519445, 28.1674956, 0.0 ], [ 73.1519676, 28.167496, 0.0 ], [ 73.1519624, 28.1677992, 0.0 ], [ 73.1519393, 28.1677989, 0.0 ], [ 73.1519445, 28.1674956, 0.0 ] ], [ [ 73.1518938, 28.1671832, 0.0 ], [ 73.151917, 28.1671835, 0.0 ], [ 73.1519118, 28.1674868, 0.0 ], [ 73.1518886, 28.1674865, 0.0 ], [ 73.1518938, 28.1671832, 0.0 ] ], [ [ 73.1518379, 28.1671824, 0.0 ], [ 73.151861, 28.1671828, 0.0 ], [ 73.1518558, 28.167486, 0.0 ], [ 73.1518326, 28.1674857, 0.0 ], [ 73.1518379, 28.1671824, 0.0 ] ], [ [ 73.1518885, 28.1674949, 0.0 ], [ 73.1519116, 28.1674952, 0.0 ], [ 73.1519064, 28.1677985, 0.0 ], [ 73.1518833, 28.1677982, 0.0 ], [ 73.1518885, 28.1674949, 0.0 ] ], [ [ 73.1518325, 28.1674941, 0.0 ], [ 73.1518556, 28.1674944, 0.0 ], [ 73.1518504, 28.1677977, 0.0 ], [ 73.1518273, 28.1677974, 0.0 ], [ 73.1518325, 28.1674941, 0.0 ] ], [ [ 73.1517873, 28.1668659, 0.0 ], [ 73.1518104, 28.1668662, 0.0 ], [ 73.1518052, 28.1671695, 0.0 ], [ 73.1517821, 28.1671692, 0.0 ], [ 73.1517873, 28.1668659, 0.0 ] ], [ [ 73.1517313, 28.1668652, 0.0 ], [ 73.1517544, 28.1668655, 0.0 ], [ 73.1517492, 28.1671687, 0.0 ], [ 73.1517261, 28.1671684, 0.0 ], [ 73.1517313, 28.1668652, 0.0 ] ], [ [ 73.1517819, 28.1671776, 0.0 ], [ 73.1518051, 28.1671779, 0.0 ], [ 73.1517998, 28.1674812, 0.0 ], [ 73.1517767, 28.1674809, 0.0 ], [ 73.1517819, 28.1671776, 0.0 ] ], [ [ 73.1517259, 28.1671768, 0.0 ], [ 73.1517491, 28.1671772, 0.0 ], [ 73.1517439, 28.1674804, 0.0 ], [ 73.1517207, 28.1674801, 0.0 ], [ 73.1517259, 28.1671768, 0.0 ] ], [ [ 73.1516646, 28.1674839, 0.0 ], [ 73.1516878, 28.1674842, 0.0 ], [ 73.1516826, 28.1677874, 0.0 ], [ 73.1516594, 28.1677871, 0.0 ], [ 73.1516646, 28.1674839, 0.0 ] ], [ [ 73.1516086, 28.1674831, 0.0 ], [ 73.1516318, 28.1674834, 0.0 ], [ 73.1516266, 28.1677867, 0.0 ], [ 73.1516034, 28.1677864, 0.0 ], [ 73.1516086, 28.1674831, 0.0 ] ], [ [ 73.1516593, 28.1677955, 0.0 ], [ 73.1516824, 28.1677959, 0.0 ], [ 73.1516772, 28.1680991, 0.0 ], [ 73.1516541, 28.1680988, 0.0 ], [ 73.1516593, 28.1677955, 0.0 ] ], [ [ 73.1516033, 28.1677948, 0.0 ], [ 73.1516264, 28.1677951, 0.0 ], [ 73.1516212, 28.1680984, 0.0 ], [ 73.1515981, 28.1680981, 0.0 ], [ 73.1516033, 28.1677948, 0.0 ] ], [ [ 73.1515527, 28.1674823, 0.0 ], [ 73.1515758, 28.1674827, 0.0 ], [ 73.1515706, 28.1677859, 0.0 ], [ 73.1515474, 28.1677856, 0.0 ], [ 73.1515527, 28.1674823, 0.0 ] ], [ [ 73.1514967, 28.1674816, 0.0 ], [ 73.1515198, 28.1674819, 0.0 ], [ 73.1515146, 28.1677852, 0.0 ], [ 73.1514914, 28.1677849, 0.0 ], [ 73.1514967, 28.1674816, 0.0 ] ], [ [ 73.1515473, 28.167794, 0.0 ], [ 73.1515704, 28.1677943, 0.0 ], [ 73.1515652, 28.1680976, 0.0 ], [ 73.1515421, 28.1680973, 0.0 ], [ 73.1515473, 28.167794, 0.0 ] ], [ [ 73.1514913, 28.1677933, 0.0 ], [ 73.1515144, 28.1677936, 0.0 ], [ 73.1515092, 28.1680969, 0.0 ], [ 73.1514861, 28.1680965, 0.0 ], [ 73.1514913, 28.1677933, 0.0 ] ], [ [ 73.1514407, 28.1674808, 0.0 ], [ 73.1514638, 28.1674812, 0.0 ], [ 73.1514586, 28.1677844, 0.0 ], [ 73.1514354, 28.1677841, 0.0 ], [ 73.1514407, 28.1674808, 0.0 ] ], [ [ 73.1513847, 28.1674801, 0.0 ], [ 73.1514078, 28.1674804, 0.0 ], [ 73.1514026, 28.1677837, 0.0 ], [ 73.1513795, 28.1677834, 0.0 ], [ 73.1513847, 28.1674801, 0.0 ] ], [ [ 73.1514353, 28.1677925, 0.0 ], [ 73.1514584, 28.1677928, 0.0 ], [ 73.1514532, 28.1680961, 0.0 ], [ 73.1514301, 28.1680958, 0.0 ], [ 73.1514353, 28.1677925, 0.0 ] ], [ [ 73.1513793, 28.1677918, 0.0 ], [ 73.1514024, 28.1677921, 0.0 ], [ 73.1513972, 28.1680953, 0.0 ], [ 73.1513741, 28.168095, 0.0 ], [ 73.1513793, 28.1677918, 0.0 ] ], [ [ 73.1513393, 28.1668599, 0.0 ], [ 73.1513625, 28.1668602, 0.0 ], [ 73.1513572, 28.1671634, 0.0 ], [ 73.1513341, 28.1671631, 0.0 ], [ 73.1513393, 28.1668599, 0.0 ] ], [ [ 73.1512833, 28.1668591, 0.0 ], [ 73.1513065, 28.1668594, 0.0 ], [ 73.1513012, 28.1671627, 0.0 ], [ 73.1512781, 28.1671624, 0.0 ], [ 73.1512833, 28.1668591, 0.0 ] ], [ [ 73.151334, 28.1671715, 0.0 ], [ 73.1513571, 28.1671719, 0.0 ], [ 73.1513519, 28.1674751, 0.0 ], [ 73.1513287, 28.1674748, 0.0 ], [ 73.151334, 28.1671715, 0.0 ] ], [ [ 73.151278, 28.1671708, 0.0 ], [ 73.1513011, 28.1671711, 0.0 ], [ 73.1512959, 28.1674744, 0.0 ], [ 73.1512728, 28.1674741, 0.0 ], [ 73.151278, 28.1671708, 0.0 ] ], [ [ 73.1512273, 28.1668583, 0.0 ], [ 73.1512505, 28.1668587, 0.0 ], [ 73.1512452, 28.1671619, 0.0 ], [ 73.1512221, 28.1671616, 0.0 ], [ 73.1512273, 28.1668583, 0.0 ] ], [ [ 73.1511713, 28.1668576, 0.0 ], [ 73.1511945, 28.1668579, 0.0 ], [ 73.1511892, 28.1671612, 0.0 ], [ 73.1511661, 28.1671609, 0.0 ], [ 73.1511713, 28.1668576, 0.0 ] ], [ [ 73.151222, 28.16717, 0.0 ], [ 73.1512451, 28.1671703, 0.0 ], [ 73.1512399, 28.1674736, 0.0 ], [ 73.1512168, 28.1674733, 0.0 ], [ 73.151222, 28.16717, 0.0 ] ], [ [ 73.151166, 28.1671693, 0.0 ], [ 73.1511891, 28.1671696, 0.0 ], [ 73.1511839, 28.1674729, 0.0 ], [ 73.1511608, 28.1674725, 0.0 ], [ 73.151166, 28.1671693, 0.0 ] ], [ [ 73.1511153, 28.1668568, 0.0 ], [ 73.1511385, 28.1668571, 0.0 ], [ 73.1511333, 28.1671604, 0.0 ], [ 73.1511101, 28.1671601, 0.0 ], [ 73.1511153, 28.1668568, 0.0 ] ], [ [ 73.1510593, 28.1668561, 0.0 ], [ 73.1510825, 28.1668564, 0.0 ], [ 73.1510773, 28.1671597, 0.0 ], [ 73.1510541, 28.1671593, 0.0 ], [ 73.1510593, 28.1668561, 0.0 ] ], [ [ 73.15111, 28.1671685, 0.0 ], [ 73.1511331, 28.1671688, 0.0 ], [ 73.1511279, 28.1674721, 0.0 ], [ 73.1511048, 28.1674718, 0.0 ], [ 73.15111, 28.1671685, 0.0 ] ], [ [ 73.151054, 28.1671678, 0.0 ], [ 73.1510771, 28.1671681, 0.0 ], [ 73.1510719, 28.1674713, 0.0 ], [ 73.1510488, 28.167471, 0.0 ], [ 73.151054, 28.1671678, 0.0 ] ], [ [ 73.1571735, 28.1663189, 0.0 ], [ 73.1571966, 28.1663192, 0.0 ], [ 73.1571914, 28.1666225, 0.0 ], [ 73.1571683, 28.1666222, 0.0 ], [ 73.1571735, 28.1663189, 0.0 ] ], [ [ 73.1571175, 28.1663181, 0.0 ], [ 73.1571406, 28.1663185, 0.0 ], [ 73.1571354, 28.1666217, 0.0 ], [ 73.1571123, 28.1666214, 0.0 ], [ 73.1571175, 28.1663181, 0.0 ] ], [ [ 73.1571681, 28.1666306, 0.0 ], [ 73.1571913, 28.1666309, 0.0 ], [ 73.1571861, 28.1669342, 0.0 ], [ 73.157163, 28.1669339, 0.0 ], [ 73.1571681, 28.1666306, 0.0 ] ], [ [ 73.1571122, 28.1666298, 0.0 ], [ 73.1571353, 28.1666301, 0.0 ], [ 73.1571301, 28.1669334, 0.0 ], [ 73.157107, 28.1669331, 0.0 ], [ 73.1571122, 28.1666298, 0.0 ] ], [ [ 73.1570615, 28.1663174, 0.0 ], [ 73.1570846, 28.1663177, 0.0 ], [ 73.1570794, 28.166621, 0.0 ], [ 73.1570563, 28.1666207, 0.0 ], [ 73.1570615, 28.1663174, 0.0 ] ], [ [ 73.1570055, 28.1663166, 0.0 ], [ 73.1570286, 28.1663169, 0.0 ], [ 73.1570234, 28.1666202, 0.0 ], [ 73.1570003, 28.1666199, 0.0 ], [ 73.1570055, 28.1663166, 0.0 ] ], [ [ 73.1570562, 28.1666291, 0.0 ], [ 73.1570793, 28.1666294, 0.0 ], [ 73.1570741, 28.1669327, 0.0 ], [ 73.157051, 28.1669323, 0.0 ], [ 73.1570562, 28.1666291, 0.0 ] ], [ [ 73.1570002, 28.1666283, 0.0 ], [ 73.1570233, 28.1666286, 0.0 ], [ 73.1570181, 28.1669319, 0.0 ], [ 73.156995, 28.1669316, 0.0 ], [ 73.1570002, 28.1666283, 0.0 ] ], [ [ 73.1569495, 28.1663159, 0.0 ], [ 73.1569726, 28.1663162, 0.0 ], [ 73.1569674, 28.1666195, 0.0 ], [ 73.1569443, 28.1666192, 0.0 ], [ 73.1569495, 28.1663159, 0.0 ] ], [ [ 73.1568935, 28.1663151, 0.0 ], [ 73.1569166, 28.1663154, 0.0 ], [ 73.1569114, 28.1666187, 0.0 ], [ 73.1568883, 28.1666184, 0.0 ], [ 73.1568935, 28.1663151, 0.0 ] ], [ [ 73.1569442, 28.1666276, 0.0 ], [ 73.1569673, 28.1666279, 0.0 ], [ 73.1569621, 28.1669312, 0.0 ], [ 73.156939, 28.1669308, 0.0 ], [ 73.1569442, 28.1666276, 0.0 ] ], [ [ 73.1568882, 28.1666268, 0.0 ], [ 73.1569113, 28.1666271, 0.0 ], [ 73.1569061, 28.1669304, 0.0 ], [ 73.156883, 28.1669301, 0.0 ], [ 73.1568882, 28.1666268, 0.0 ] ], [ [ 73.1568375, 28.1663144, 0.0 ], [ 73.1568606, 28.1663147, 0.0 ], [ 73.1568555, 28.166618, 0.0 ], [ 73.1568323, 28.1666176, 0.0 ], [ 73.1568375, 28.1663144, 0.0 ] ], [ [ 73.1567815, 28.1663136, 0.0 ], [ 73.1568047, 28.1663139, 0.0 ], [ 73.1567995, 28.1666172, 0.0 ], [ 73.1567763, 28.1666169, 0.0 ], [ 73.1567815, 28.1663136, 0.0 ] ], [ [ 73.1568322, 28.1666261, 0.0 ], [ 73.1568553, 28.1666264, 0.0 ], [ 73.1568501, 28.1669296, 0.0 ], [ 73.156827, 28.1669293, 0.0 ], [ 73.1568322, 28.1666261, 0.0 ] ], [ [ 73.1567762, 28.1666253, 0.0 ], [ 73.1567993, 28.1666256, 0.0 ], [ 73.1567941, 28.1669289, 0.0 ], [ 73.156771, 28.1669286, 0.0 ], [ 73.1567762, 28.1666253, 0.0 ] ], [ [ 73.1567255, 28.1663129, 0.0 ], [ 73.1567487, 28.1663132, 0.0 ], [ 73.1567435, 28.1666164, 0.0 ], [ 73.1567203, 28.1666161, 0.0 ], [ 73.1567255, 28.1663129, 0.0 ] ], [ [ 73.1566695, 28.1663121, 0.0 ], [ 73.1566927, 28.1663124, 0.0 ], [ 73.1566875, 28.1666157, 0.0 ], [ 73.1566643, 28.1666154, 0.0 ], [ 73.1566695, 28.1663121, 0.0 ] ], [ [ 73.1567202, 28.1666246, 0.0 ], [ 73.1567433, 28.1666249, 0.0 ], [ 73.1567381, 28.1669281, 0.0 ], [ 73.156715, 28.1669278, 0.0 ], [ 73.1567202, 28.1666246, 0.0 ] ], [ [ 73.1566642, 28.1666238, 0.0 ], [ 73.1566873, 28.1666241, 0.0 ], [ 73.1566821, 28.1669274, 0.0 ], [ 73.156659, 28.1669271, 0.0 ], [ 73.1566642, 28.1666238, 0.0 ] ], [ [ 73.1566135, 28.1663114, 0.0 ], [ 73.1566367, 28.1663117, 0.0 ], [ 73.1566315, 28.1666149, 0.0 ], [ 73.1566083, 28.1666146, 0.0 ], [ 73.1566135, 28.1663114, 0.0 ] ], [ [ 73.1565575, 28.1663106, 0.0 ], [ 73.1565807, 28.1663109, 0.0 ], [ 73.1565755, 28.1666142, 0.0 ], [ 73.1565523, 28.1666139, 0.0 ], [ 73.1565575, 28.1663106, 0.0 ] ], [ [ 73.1566082, 28.166623, 0.0 ], [ 73.1566313, 28.1666234, 0.0 ], [ 73.1566261, 28.1669266, 0.0 ], [ 73.156603, 28.1669263, 0.0 ], [ 73.1566082, 28.166623, 0.0 ] ], [ [ 73.1565522, 28.1666223, 0.0 ], [ 73.1565753, 28.1666226, 0.0 ], [ 73.1565701, 28.1669259, 0.0 ], [ 73.156547, 28.1669256, 0.0 ], [ 73.1565522, 28.1666223, 0.0 ] ], [ [ 73.1565015, 28.1663099, 0.0 ], [ 73.1565247, 28.1663102, 0.0 ], [ 73.1565195, 28.1666134, 0.0 ], [ 73.1564963, 28.1666131, 0.0 ], [ 73.1565015, 28.1663099, 0.0 ] ], [ [ 73.1564456, 28.1663091, 0.0 ], [ 73.1564687, 28.1663094, 0.0 ], [ 73.1564635, 28.1666127, 0.0 ], [ 73.1564404, 28.1666124, 0.0 ], [ 73.1564456, 28.1663091, 0.0 ] ], [ [ 73.1564962, 28.1666215, 0.0 ], [ 73.1565193, 28.1666219, 0.0 ], [ 73.1565141, 28.1669251, 0.0 ], [ 73.156491, 28.1669248, 0.0 ], [ 73.1564962, 28.1666215, 0.0 ] ], [ [ 73.1564402, 28.1666208, 0.0 ], [ 73.1564633, 28.1666211, 0.0 ], [ 73.1564581, 28.1669244, 0.0 ], [ 73.156435, 28.1669241, 0.0 ], [ 73.1564402, 28.1666208, 0.0 ] ], [ [ 73.1563896, 28.1663083, 0.0 ], [ 73.1564127, 28.1663087, 0.0 ], [ 73.1564075, 28.1666119, 0.0 ], [ 73.1563844, 28.1666116, 0.0 ], [ 73.1563896, 28.1663083, 0.0 ] ], [ [ 73.1563336, 28.1663076, 0.0 ], [ 73.1563567, 28.1663079, 0.0 ], [ 73.1563515, 28.1666112, 0.0 ], [ 73.1563284, 28.1666109, 0.0 ], [ 73.1563336, 28.1663076, 0.0 ] ], [ [ 73.1563842, 28.16662, 0.0 ], [ 73.1564073, 28.1666203, 0.0 ], [ 73.1564021, 28.1669236, 0.0 ], [ 73.156379, 28.1669233, 0.0 ], [ 73.1563842, 28.16662, 0.0 ] ], [ [ 73.1563282, 28.1666193, 0.0 ], [ 73.1563513, 28.1666196, 0.0 ], [ 73.1563461, 28.1669229, 0.0 ], [ 73.156323, 28.1669225, 0.0 ], [ 73.1563282, 28.1666193, 0.0 ] ], [ [ 73.1562776, 28.1663068, 0.0 ], [ 73.1563007, 28.1663071, 0.0 ], [ 73.1562955, 28.1666104, 0.0 ], [ 73.1562724, 28.1666101, 0.0 ], [ 73.1562776, 28.1663068, 0.0 ] ], [ [ 73.1562216, 28.1663061, 0.0 ], [ 73.1562447, 28.1663064, 0.0 ], [ 73.1562395, 28.1666097, 0.0 ], [ 73.1562164, 28.1666094, 0.0 ], [ 73.1562216, 28.1663061, 0.0 ] ], [ [ 73.1562722, 28.1666185, 0.0 ], [ 73.1562954, 28.1666188, 0.0 ], [ 73.1562902, 28.1669221, 0.0 ], [ 73.156267, 28.1669218, 0.0 ], [ 73.1562722, 28.1666185, 0.0 ] ], [ [ 73.1562162, 28.1666178, 0.0 ], [ 73.1562394, 28.1666181, 0.0 ], [ 73.1562342, 28.1669213, 0.0 ], [ 73.156211, 28.166921, 0.0 ], [ 73.1562162, 28.1666178, 0.0 ] ], [ [ 73.1561656, 28.1663053, 0.0 ], [ 73.1561887, 28.1663056, 0.0 ], [ 73.1561835, 28.1666089, 0.0 ], [ 73.1561604, 28.1666086, 0.0 ], [ 73.1561656, 28.1663053, 0.0 ] ], [ [ 73.1561096, 28.1663046, 0.0 ], [ 73.1561327, 28.1663049, 0.0 ], [ 73.1561275, 28.1666082, 0.0 ], [ 73.1561044, 28.1666078, 0.0 ], [ 73.1561096, 28.1663046, 0.0 ] ], [ [ 73.1561602, 28.166617, 0.0 ], [ 73.1561834, 28.1666173, 0.0 ], [ 73.1561782, 28.1669206, 0.0 ], [ 73.156155, 28.1669203, 0.0 ], [ 73.1561602, 28.166617, 0.0 ] ], [ [ 73.1561042, 28.1666163, 0.0 ], [ 73.1561274, 28.1666166, 0.0 ], [ 73.1561222, 28.1669198, 0.0 ], [ 73.156099, 28.1669195, 0.0 ], [ 73.1561042, 28.1666163, 0.0 ] ], [ [ 73.1560536, 28.1663038, 0.0 ], [ 73.1560767, 28.1663041, 0.0 ], [ 73.1560715, 28.1666074, 0.0 ], [ 73.1560484, 28.1666071, 0.0 ], [ 73.1560536, 28.1663038, 0.0 ] ], [ [ 73.1559976, 28.1663031, 0.0 ], [ 73.1560207, 28.1663034, 0.0 ], [ 73.1560155, 28.1666066, 0.0 ], [ 73.1559924, 28.1666063, 0.0 ], [ 73.1559976, 28.1663031, 0.0 ] ], [ [ 73.1560482, 28.1666155, 0.0 ], [ 73.1560714, 28.1666158, 0.0 ], [ 73.1560662, 28.1669191, 0.0 ], [ 73.156043, 28.1669188, 0.0 ], [ 73.1560482, 28.1666155, 0.0 ] ], [ [ 73.1559922, 28.1666148, 0.0 ], [ 73.1560154, 28.1666151, 0.0 ], [ 73.1560102, 28.1669183, 0.0 ], [ 73.155987, 28.166918, 0.0 ], [ 73.1559922, 28.1666148, 0.0 ] ], [ [ 73.1559416, 28.1663023, 0.0 ], [ 73.1559647, 28.1663026, 0.0 ], [ 73.1559595, 28.1666059, 0.0 ], [ 73.1559364, 28.1666056, 0.0 ], [ 73.1559416, 28.1663023, 0.0 ] ], [ [ 73.1558856, 28.1663016, 0.0 ], [ 73.1559087, 28.1663019, 0.0 ], [ 73.1559035, 28.1666051, 0.0 ], [ 73.1558804, 28.1666048, 0.0 ], [ 73.1558856, 28.1663016, 0.0 ] ], [ [ 73.1559362, 28.166614, 0.0 ], [ 73.1559594, 28.1666143, 0.0 ], [ 73.1559542, 28.1669176, 0.0 ], [ 73.155931, 28.1669173, 0.0 ], [ 73.1559362, 28.166614, 0.0 ] ], [ [ 73.1558802, 28.1666132, 0.0 ], [ 73.1559034, 28.1666136, 0.0 ], [ 73.1558982, 28.1669168, 0.0 ], [ 73.155875, 28.1669165, 0.0 ], [ 73.1558802, 28.1666132, 0.0 ] ], [ [ 73.1558296, 28.1663008, 0.0 ], [ 73.1558527, 28.1663011, 0.0 ], [ 73.1558475, 28.1666044, 0.0 ], [ 73.1558244, 28.1666041, 0.0 ], [ 73.1558296, 28.1663008, 0.0 ] ], [ [ 73.1557736, 28.1663, 0.0 ], [ 73.1557967, 28.1663004, 0.0 ], [ 73.1557915, 28.1666036, 0.0 ], [ 73.1557684, 28.1666033, 0.0 ], [ 73.1557736, 28.1663, 0.0 ] ], [ [ 73.1558243, 28.1666125, 0.0 ], [ 73.1558474, 28.1666128, 0.0 ], [ 73.1558422, 28.1669161, 0.0 ], [ 73.1558191, 28.1669158, 0.0 ], [ 73.1558243, 28.1666125, 0.0 ] ], [ [ 73.1557683, 28.1666117, 0.0 ], [ 73.1557914, 28.166612, 0.0 ], [ 73.1557862, 28.1669153, 0.0 ], [ 73.1557631, 28.166915, 0.0 ], [ 73.1557683, 28.1666117, 0.0 ] ], [ [ 73.1557176, 28.1662993, 0.0 ], [ 73.1557407, 28.1662996, 0.0 ], [ 73.1557355, 28.1666029, 0.0 ], [ 73.1557124, 28.1666026, 0.0 ], [ 73.1557176, 28.1662993, 0.0 ] ], [ [ 73.1556616, 28.1662985, 0.0 ], [ 73.1556847, 28.1662989, 0.0 ], [ 73.1556795, 28.1666021, 0.0 ], [ 73.1556564, 28.1666018, 0.0 ], [ 73.1556616, 28.1662985, 0.0 ] ], [ [ 73.1557123, 28.166611, 0.0 ], [ 73.1557354, 28.1666113, 0.0 ], [ 73.1557302, 28.1669146, 0.0 ], [ 73.1557071, 28.1669143, 0.0 ], [ 73.1557123, 28.166611, 0.0 ] ], [ [ 73.1556563, 28.1666102, 0.0 ], [ 73.1556794, 28.1666105, 0.0 ], [ 73.1556742, 28.1669138, 0.0 ], [ 73.1556511, 28.1669135, 0.0 ], [ 73.1556563, 28.1666102, 0.0 ] ], [ [ 73.1556056, 28.1662978, 0.0 ], [ 73.1556287, 28.1662981, 0.0 ], [ 73.1556235, 28.1666014, 0.0 ], [ 73.1556004, 28.1666011, 0.0 ], [ 73.1556056, 28.1662978, 0.0 ] ], [ [ 73.1555496, 28.166297, 0.0 ], [ 73.1555728, 28.1662973, 0.0 ], [ 73.1555676, 28.1666006, 0.0 ], [ 73.1555444, 28.1666003, 0.0 ], [ 73.1555496, 28.166297, 0.0 ] ], [ [ 73.1556003, 28.1666095, 0.0 ], [ 73.1556234, 28.1666098, 0.0 ], [ 73.1556182, 28.1669131, 0.0 ], [ 73.1555951, 28.1669127, 0.0 ], [ 73.1556003, 28.1666095, 0.0 ] ], [ [ 73.1555443, 28.1666087, 0.0 ], [ 73.1555674, 28.166609, 0.0 ], [ 73.1555622, 28.1669123, 0.0 ], [ 73.1555391, 28.166912, 0.0 ], [ 73.1555443, 28.1666087, 0.0 ] ], [ [ 73.1554936, 28.1662963, 0.0 ], [ 73.1555168, 28.1662966, 0.0 ], [ 73.1555116, 28.1665999, 0.0 ], [ 73.1554884, 28.1665995, 0.0 ], [ 73.1554936, 28.1662963, 0.0 ] ], [ [ 73.1554376, 28.1662955, 0.0 ], [ 73.1554608, 28.1662958, 0.0 ], [ 73.1554556, 28.1665991, 0.0 ], [ 73.1554324, 28.1665988, 0.0 ], [ 73.1554376, 28.1662955, 0.0 ] ], [ [ 73.1554883, 28.166608, 0.0 ], [ 73.1555114, 28.1666083, 0.0 ], [ 73.1555062, 28.1669115, 0.0 ], [ 73.1554831, 28.1669112, 0.0 ], [ 73.1554883, 28.166608, 0.0 ] ], [ [ 73.1554323, 28.1666072, 0.0 ], [ 73.1554554, 28.1666075, 0.0 ], [ 73.1554502, 28.1669108, 0.0 ], [ 73.1554271, 28.1669105, 0.0 ], [ 73.1554323, 28.1666072, 0.0 ] ], [ [ 73.1553816, 28.1662948, 0.0 ], [ 73.1554048, 28.1662951, 0.0 ], [ 73.1553996, 28.1665983, 0.0 ], [ 73.1553764, 28.166598, 0.0 ], [ 73.1553816, 28.1662948, 0.0 ] ], [ [ 73.1553256, 28.166294, 0.0 ], [ 73.1553488, 28.1662943, 0.0 ], [ 73.1553436, 28.1665976, 0.0 ], [ 73.1553204, 28.1665973, 0.0 ], [ 73.1553256, 28.166294, 0.0 ] ], [ [ 73.1553763, 28.1666065, 0.0 ], [ 73.1553994, 28.1666068, 0.0 ], [ 73.1553942, 28.16691, 0.0 ], [ 73.1553711, 28.1669097, 0.0 ], [ 73.1553763, 28.1666065, 0.0 ] ], [ [ 73.1553203, 28.1666057, 0.0 ], [ 73.1553434, 28.166606, 0.0 ], [ 73.1553382, 28.1669093, 0.0 ], [ 73.1553151, 28.166909, 0.0 ], [ 73.1553203, 28.1666057, 0.0 ] ], [ [ 73.1552696, 28.1662933, 0.0 ], [ 73.1552928, 28.1662936, 0.0 ], [ 73.1552876, 28.1665968, 0.0 ], [ 73.1552644, 28.1665965, 0.0 ], [ 73.1552696, 28.1662933, 0.0 ] ], [ [ 73.1552136, 28.1662925, 0.0 ], [ 73.1552368, 28.1662928, 0.0 ], [ 73.1552316, 28.1665961, 0.0 ], [ 73.1552084, 28.1665958, 0.0 ], [ 73.1552136, 28.1662925, 0.0 ] ], [ [ 73.1552643, 28.1666049, 0.0 ], [ 73.1552874, 28.1666053, 0.0 ], [ 73.1552822, 28.1669085, 0.0 ], [ 73.1552591, 28.1669082, 0.0 ], [ 73.1552643, 28.1666049, 0.0 ] ], [ [ 73.1552083, 28.1666042, 0.0 ], [ 73.1552314, 28.1666045, 0.0 ], [ 73.1552262, 28.1669078, 0.0 ], [ 73.1552031, 28.1669075, 0.0 ], [ 73.1552083, 28.1666042, 0.0 ] ], [ [ 73.1551577, 28.1662918, 0.0 ], [ 73.1551808, 28.1662921, 0.0 ], [ 73.1551756, 28.1665953, 0.0 ], [ 73.1551525, 28.166595, 0.0 ], [ 73.1551577, 28.1662918, 0.0 ] ], [ [ 73.1551017, 28.166291, 0.0 ], [ 73.1551248, 28.1662913, 0.0 ], [ 73.1551196, 28.1665946, 0.0 ], [ 73.1550965, 28.1665943, 0.0 ], [ 73.1551017, 28.166291, 0.0 ] ], [ [ 73.1551523, 28.1666034, 0.0 ], [ 73.1551754, 28.1666037, 0.0 ], [ 73.1551702, 28.166907, 0.0 ], [ 73.1551471, 28.1669067, 0.0 ], [ 73.1551523, 28.1666034, 0.0 ] ], [ [ 73.1550963, 28.1666027, 0.0 ], [ 73.1551194, 28.166603, 0.0 ], [ 73.1551142, 28.1669063, 0.0 ], [ 73.1550911, 28.166906, 0.0 ], [ 73.1550963, 28.1666027, 0.0 ] ], [ [ 73.1550457, 28.1662902, 0.0 ], [ 73.1550688, 28.1662906, 0.0 ], [ 73.1550636, 28.1665938, 0.0 ], [ 73.1550405, 28.1665935, 0.0 ], [ 73.1550457, 28.1662902, 0.0 ] ], [ [ 73.1549897, 28.1662895, 0.0 ], [ 73.1550128, 28.1662898, 0.0 ], [ 73.1550076, 28.1665931, 0.0 ], [ 73.1549845, 28.1665928, 0.0 ], [ 73.1549897, 28.1662895, 0.0 ] ], [ [ 73.1550403, 28.1666019, 0.0 ], [ 73.1550634, 28.1666022, 0.0 ], [ 73.1550582, 28.1669055, 0.0 ], [ 73.1550351, 28.1669052, 0.0 ], [ 73.1550403, 28.1666019, 0.0 ] ], [ [ 73.1549843, 28.1666012, 0.0 ], [ 73.1550075, 28.1666015, 0.0 ], [ 73.1550022, 28.1669048, 0.0 ], [ 73.1549791, 28.1669044, 0.0 ], [ 73.1549843, 28.1666012, 0.0 ] ], [ [ 73.1549337, 28.1662887, 0.0 ], [ 73.1549568, 28.166289, 0.0 ], [ 73.1549516, 28.1665923, 0.0 ], [ 73.1549285, 28.166592, 0.0 ], [ 73.1549337, 28.1662887, 0.0 ] ], [ [ 73.1548777, 28.166288, 0.0 ], [ 73.1549008, 28.1662883, 0.0 ], [ 73.1548956, 28.1665916, 0.0 ], [ 73.1548725, 28.1665912, 0.0 ], [ 73.1548777, 28.166288, 0.0 ] ], [ [ 73.1549283, 28.1666004, 0.0 ], [ 73.1549515, 28.1666007, 0.0 ], [ 73.1549463, 28.166904, 0.0 ], [ 73.1549231, 28.1669037, 0.0 ], [ 73.1549283, 28.1666004, 0.0 ] ], [ [ 73.1548723, 28.1665997, 0.0 ], [ 73.1548955, 28.1666, 0.0 ], [ 73.1548903, 28.1669032, 0.0 ], [ 73.1548671, 28.1669029, 0.0 ], [ 73.1548723, 28.1665997, 0.0 ] ], [ [ 73.1548217, 28.1662872, 0.0 ], [ 73.1548448, 28.1662875, 0.0 ], [ 73.1548396, 28.1665908, 0.0 ], [ 73.1548165, 28.1665905, 0.0 ], [ 73.1548217, 28.1662872, 0.0 ] ], [ [ 73.1547657, 28.1662865, 0.0 ], [ 73.1547888, 28.1662868, 0.0 ], [ 73.1547836, 28.16659, 0.0 ], [ 73.1547605, 28.1665897, 0.0 ], [ 73.1547657, 28.1662865, 0.0 ] ], [ [ 73.1548163, 28.1665989, 0.0 ], [ 73.1548395, 28.1665992, 0.0 ], [ 73.1548343, 28.1669025, 0.0 ], [ 73.1548111, 28.1669022, 0.0 ], [ 73.1548163, 28.1665989, 0.0 ] ], [ [ 73.1547603, 28.1665982, 0.0 ], [ 73.1547835, 28.1665985, 0.0 ], [ 73.1547783, 28.1669017, 0.0 ], [ 73.1547551, 28.1669014, 0.0 ], [ 73.1547603, 28.1665982, 0.0 ] ], [ [ 73.1547097, 28.1662857, 0.0 ], [ 73.1547328, 28.166286, 0.0 ], [ 73.1547276, 28.1665893, 0.0 ], [ 73.1547045, 28.166589, 0.0 ], [ 73.1547097, 28.1662857, 0.0 ] ], [ [ 73.1546537, 28.166285, 0.0 ], [ 73.1546768, 28.1662853, 0.0 ], [ 73.1546716, 28.1665885, 0.0 ], [ 73.1546485, 28.1665882, 0.0 ], [ 73.1546537, 28.166285, 0.0 ] ], [ [ 73.1547043, 28.1665974, 0.0 ], [ 73.1547275, 28.1665977, 0.0 ], [ 73.1547223, 28.166901, 0.0 ], [ 73.1546991, 28.1669007, 0.0 ], [ 73.1547043, 28.1665974, 0.0 ] ], [ [ 73.1546483, 28.1665966, 0.0 ], [ 73.1546715, 28.166597, 0.0 ], [ 73.1546663, 28.1669002, 0.0 ], [ 73.1546431, 28.1668999, 0.0 ], [ 73.1546483, 28.1665966, 0.0 ] ], [ [ 73.1545977, 28.1662842, 0.0 ], [ 73.1546208, 28.1662845, 0.0 ], [ 73.1546156, 28.1665878, 0.0 ], [ 73.1545925, 28.1665875, 0.0 ], [ 73.1545977, 28.1662842, 0.0 ] ], [ [ 73.1545417, 28.1662834, 0.0 ], [ 73.1545648, 28.1662838, 0.0 ], [ 73.1545596, 28.166587, 0.0 ], [ 73.1545365, 28.1665867, 0.0 ], [ 73.1545417, 28.1662834, 0.0 ] ], [ [ 73.1545924, 28.1665959, 0.0 ], [ 73.1546155, 28.1665962, 0.0 ], [ 73.1546103, 28.1668995, 0.0 ], [ 73.1545871, 28.1668992, 0.0 ], [ 73.1545924, 28.1665959, 0.0 ] ], [ [ 73.1545364, 28.1665951, 0.0 ], [ 73.1545595, 28.1665954, 0.0 ], [ 73.1545543, 28.1668987, 0.0 ], [ 73.1545312, 28.1668984, 0.0 ], [ 73.1545364, 28.1665951, 0.0 ] ], [ [ 73.1544857, 28.1662827, 0.0 ], [ 73.1545088, 28.166283, 0.0 ], [ 73.1545036, 28.1665863, 0.0 ], [ 73.1544805, 28.166586, 0.0 ], [ 73.1544857, 28.1662827, 0.0 ] ], [ [ 73.1544297, 28.1662819, 0.0 ], [ 73.1544528, 28.1662823, 0.0 ], [ 73.1544476, 28.1665855, 0.0 ], [ 73.1544245, 28.1665852, 0.0 ], [ 73.1544297, 28.1662819, 0.0 ] ], [ [ 73.1544804, 28.1665944, 0.0 ], [ 73.1545035, 28.1665947, 0.0 ], [ 73.1544983, 28.166898, 0.0 ], [ 73.1544752, 28.1668977, 0.0 ], [ 73.1544804, 28.1665944, 0.0 ] ], [ [ 73.1544244, 28.1665936, 0.0 ], [ 73.1544475, 28.1665939, 0.0 ], [ 73.1544423, 28.1668972, 0.0 ], [ 73.1544192, 28.1668969, 0.0 ], [ 73.1544244, 28.1665936, 0.0 ] ], [ [ 73.1543737, 28.1662812, 0.0 ], [ 73.1543968, 28.1662815, 0.0 ], [ 73.1543916, 28.1665848, 0.0 ], [ 73.1543685, 28.1665845, 0.0 ], [ 73.1543737, 28.1662812, 0.0 ] ], [ [ 73.1543177, 28.1662804, 0.0 ], [ 73.1543409, 28.1662807, 0.0 ], [ 73.1543356, 28.166584, 0.0 ], [ 73.1543125, 28.1665837, 0.0 ], [ 73.1543177, 28.1662804, 0.0 ] ], [ [ 73.1543684, 28.1665929, 0.0 ], [ 73.1543915, 28.1665932, 0.0 ], [ 73.1543863, 28.1668965, 0.0 ], [ 73.1543632, 28.1668961, 0.0 ], [ 73.1543684, 28.1665929, 0.0 ] ], [ [ 73.1543124, 28.1665921, 0.0 ], [ 73.1543355, 28.1665924, 0.0 ], [ 73.1543303, 28.1668957, 0.0 ], [ 73.1543072, 28.1668954, 0.0 ], [ 73.1543124, 28.1665921, 0.0 ] ], [ [ 73.1542617, 28.1662797, 0.0 ], [ 73.1542849, 28.16628, 0.0 ], [ 73.1542797, 28.1665833, 0.0 ], [ 73.1542565, 28.1665829, 0.0 ], [ 73.1542617, 28.1662797, 0.0 ] ], [ [ 73.1542057, 28.1662789, 0.0 ], [ 73.1542289, 28.1662792, 0.0 ], [ 73.1542237, 28.1665825, 0.0 ], [ 73.1542005, 28.1665822, 0.0 ], [ 73.1542057, 28.1662789, 0.0 ] ], [ [ 73.1542564, 28.1665914, 0.0 ], [ 73.1542795, 28.1665917, 0.0 ], [ 73.1542743, 28.1668949, 0.0 ], [ 73.1542512, 28.1668946, 0.0 ], [ 73.1542564, 28.1665914, 0.0 ] ], [ [ 73.1542004, 28.1665906, 0.0 ], [ 73.1542235, 28.1665909, 0.0 ], [ 73.1542183, 28.1668942, 0.0 ], [ 73.1541952, 28.1668939, 0.0 ], [ 73.1542004, 28.1665906, 0.0 ] ], [ [ 73.1541497, 28.1662782, 0.0 ], [ 73.1541729, 28.1662785, 0.0 ], [ 73.1541677, 28.1665817, 0.0 ], [ 73.1541445, 28.1665814, 0.0 ], [ 73.1541497, 28.1662782, 0.0 ] ], [ [ 73.1540937, 28.1662774, 0.0 ], [ 73.1541169, 28.1662777, 0.0 ], [ 73.1541117, 28.166581, 0.0 ], [ 73.1540885, 28.1665807, 0.0 ], [ 73.1540937, 28.1662774, 0.0 ] ], [ [ 73.1541444, 28.1665899, 0.0 ], [ 73.1541675, 28.1665902, 0.0 ], [ 73.1541623, 28.1668934, 0.0 ], [ 73.1541392, 28.1668931, 0.0 ], [ 73.1541444, 28.1665899, 0.0 ] ], [ [ 73.1540884, 28.1665891, 0.0 ], [ 73.1541115, 28.1665894, 0.0 ], [ 73.1541063, 28.1668927, 0.0 ], [ 73.1540832, 28.1668924, 0.0 ], [ 73.1540884, 28.1665891, 0.0 ] ], [ [ 73.1540377, 28.1662767, 0.0 ], [ 73.1540609, 28.166277, 0.0 ], [ 73.1540557, 28.1665802, 0.0 ], [ 73.1540325, 28.1665799, 0.0 ], [ 73.1540377, 28.1662767, 0.0 ] ], [ [ 73.1539818, 28.1662759, 0.0 ], [ 73.1540049, 28.1662762, 0.0 ], [ 73.1539997, 28.1665795, 0.0 ], [ 73.1539765, 28.1665792, 0.0 ], [ 73.1539818, 28.1662759, 0.0 ] ], [ [ 73.1540324, 28.1665883, 0.0 ], [ 73.1540555, 28.1665887, 0.0 ], [ 73.1540503, 28.1668919, 0.0 ], [ 73.1540272, 28.1668916, 0.0 ], [ 73.1540324, 28.1665883, 0.0 ] ], [ [ 73.1539764, 28.1665876, 0.0 ], [ 73.1539995, 28.1665879, 0.0 ], [ 73.1539943, 28.1668912, 0.0 ], [ 73.1539712, 28.1668909, 0.0 ], [ 73.1539764, 28.1665876, 0.0 ] ], [ [ 73.1539258, 28.1662751, 0.0 ], [ 73.1539489, 28.1662755, 0.0 ], [ 73.1539437, 28.1665787, 0.0 ], [ 73.1539205, 28.1665784, 0.0 ], [ 73.1539258, 28.1662751, 0.0 ] ], [ [ 73.1538698, 28.1662744, 0.0 ], [ 73.1538929, 28.1662747, 0.0 ], [ 73.1538877, 28.166578, 0.0 ], [ 73.1538646, 28.1665777, 0.0 ], [ 73.1538698, 28.1662744, 0.0 ] ], [ [ 73.1539204, 28.1665868, 0.0 ], [ 73.1539435, 28.1665871, 0.0 ], [ 73.1539383, 28.1668904, 0.0 ], [ 73.1539152, 28.1668901, 0.0 ], [ 73.1539204, 28.1665868, 0.0 ] ], [ [ 73.1538644, 28.1665861, 0.0 ], [ 73.1538875, 28.1665864, 0.0 ], [ 73.1538823, 28.1668897, 0.0 ], [ 73.1538592, 28.1668893, 0.0 ], [ 73.1538644, 28.1665861, 0.0 ] ], [ [ 73.1538138, 28.1662736, 0.0 ], [ 73.1538369, 28.1662739, 0.0 ], [ 73.1538317, 28.1665772, 0.0 ], [ 73.1538086, 28.1665769, 0.0 ], [ 73.1538138, 28.1662736, 0.0 ] ], [ [ 73.1537578, 28.1662729, 0.0 ], [ 73.1537809, 28.1662732, 0.0 ], [ 73.1537757, 28.1665765, 0.0 ], [ 73.1537526, 28.1665762, 0.0 ], [ 73.1537578, 28.1662729, 0.0 ] ], [ [ 73.1538084, 28.1665853, 0.0 ], [ 73.1538315, 28.1665856, 0.0 ], [ 73.1538263, 28.1668889, 0.0 ], [ 73.1538032, 28.1668886, 0.0 ], [ 73.1538084, 28.1665853, 0.0 ] ], [ [ 73.1537524, 28.1665846, 0.0 ], [ 73.1537755, 28.1665849, 0.0 ], [ 73.1537703, 28.1668881, 0.0 ], [ 73.1537472, 28.1668878, 0.0 ], [ 73.1537524, 28.1665846, 0.0 ] ], [ [ 73.1537018, 28.1662721, 0.0 ], [ 73.1537249, 28.1662724, 0.0 ], [ 73.1537197, 28.1665757, 0.0 ], [ 73.1536966, 28.1665754, 0.0 ], [ 73.1537018, 28.1662721, 0.0 ] ], [ [ 73.1536458, 28.1662714, 0.0 ], [ 73.1536689, 28.1662717, 0.0 ], [ 73.1536637, 28.166575, 0.0 ], [ 73.1536406, 28.1665746, 0.0 ], [ 73.1536458, 28.1662714, 0.0 ] ], [ [ 73.1536964, 28.1665838, 0.0 ], [ 73.1537196, 28.1665841, 0.0 ], [ 73.1537143, 28.1668874, 0.0 ], [ 73.1536912, 28.1668871, 0.0 ], [ 73.1536964, 28.1665838, 0.0 ] ], [ [ 73.1536404, 28.1665831, 0.0 ], [ 73.1536636, 28.1665834, 0.0 ], [ 73.1536584, 28.1668866, 0.0 ], [ 73.1536352, 28.1668863, 0.0 ], [ 73.1536404, 28.1665831, 0.0 ] ], [ [ 73.1535898, 28.1662706, 0.0 ], [ 73.1536129, 28.1662709, 0.0 ], [ 73.1536077, 28.1665742, 0.0 ], [ 73.1535846, 28.1665739, 0.0 ], [ 73.1535898, 28.1662706, 0.0 ] ], [ [ 73.1535338, 28.1662699, 0.0 ], [ 73.1535569, 28.1662702, 0.0 ], [ 73.1535517, 28.1665734, 0.0 ], [ 73.1535286, 28.1665731, 0.0 ], [ 73.1535338, 28.1662699, 0.0 ] ], [ [ 73.1535844, 28.1665823, 0.0 ], [ 73.1536076, 28.1665826, 0.0 ], [ 73.1536024, 28.1668859, 0.0 ], [ 73.1535792, 28.1668856, 0.0 ], [ 73.1535844, 28.1665823, 0.0 ] ], [ [ 73.1535284, 28.1665815, 0.0 ], [ 73.1535516, 28.1665819, 0.0 ], [ 73.1535464, 28.1668851, 0.0 ], [ 73.1535232, 28.1668848, 0.0 ], [ 73.1535284, 28.1665815, 0.0 ] ], [ [ 73.1534778, 28.1662691, 0.0 ], [ 73.1535009, 28.1662694, 0.0 ], [ 73.1534957, 28.1665727, 0.0 ], [ 73.1534726, 28.1665724, 0.0 ], [ 73.1534778, 28.1662691, 0.0 ] ], [ [ 73.1534218, 28.1662684, 0.0 ], [ 73.1534449, 28.1662687, 0.0 ], [ 73.1534397, 28.1665719, 0.0 ], [ 73.1534166, 28.1665716, 0.0 ], [ 73.1534218, 28.1662684, 0.0 ] ], [ [ 73.1534724, 28.1665808, 0.0 ], [ 73.1534956, 28.1665811, 0.0 ], [ 73.1534904, 28.1668844, 0.0 ], [ 73.1534672, 28.1668841, 0.0 ], [ 73.1534724, 28.1665808, 0.0 ] ], [ [ 73.1534164, 28.16658, 0.0 ], [ 73.1534396, 28.1665803, 0.0 ], [ 73.1534344, 28.1668836, 0.0 ], [ 73.1534112, 28.1668833, 0.0 ], [ 73.1534164, 28.16658, 0.0 ] ], [ [ 73.1533658, 28.1662676, 0.0 ], [ 73.1533889, 28.1662679, 0.0 ], [ 73.1533837, 28.1665712, 0.0 ], [ 73.1533606, 28.1665709, 0.0 ], [ 73.1533658, 28.1662676, 0.0 ] ], [ [ 73.1533098, 28.1662668, 0.0 ], [ 73.1533329, 28.1662672, 0.0 ], [ 73.1533277, 28.1665704, 0.0 ], [ 73.1533046, 28.1665701, 0.0 ], [ 73.1533098, 28.1662668, 0.0 ] ], [ [ 73.1533604, 28.1665793, 0.0 ], [ 73.1533836, 28.1665796, 0.0 ], [ 73.1533784, 28.1668829, 0.0 ], [ 73.1533552, 28.1668826, 0.0 ], [ 73.1533604, 28.1665793, 0.0 ] ], [ [ 73.1533045, 28.1665785, 0.0 ], [ 73.1533276, 28.1665788, 0.0 ], [ 73.1533224, 28.1668821, 0.0 ], [ 73.1532992, 28.1668818, 0.0 ], [ 73.1533045, 28.1665785, 0.0 ] ], [ [ 73.1532538, 28.1662661, 0.0 ], [ 73.1532769, 28.1662664, 0.0 ], [ 73.1532717, 28.1665697, 0.0 ], [ 73.1532486, 28.1665694, 0.0 ], [ 73.1532538, 28.1662661, 0.0 ] ], [ [ 73.1531978, 28.1662653, 0.0 ], [ 73.1532209, 28.1662656, 0.0 ], [ 73.1532157, 28.1665689, 0.0 ], [ 73.1531926, 28.1665686, 0.0 ], [ 73.1531978, 28.1662653, 0.0 ] ], [ [ 73.1532485, 28.1665778, 0.0 ], [ 73.1532716, 28.1665781, 0.0 ], [ 73.1532664, 28.1668814, 0.0 ], [ 73.1532432, 28.166881, 0.0 ], [ 73.1532485, 28.1665778, 0.0 ] ], [ [ 73.1531925, 28.166577, 0.0 ], [ 73.1532156, 28.1665773, 0.0 ], [ 73.1532104, 28.1668806, 0.0 ], [ 73.1531873, 28.1668803, 0.0 ], [ 73.1531925, 28.166577, 0.0 ] ], [ [ 73.1531418, 28.1662646, 0.0 ], [ 73.153165, 28.1662649, 0.0 ], [ 73.1531597, 28.1665682, 0.0 ], [ 73.1531366, 28.1665678, 0.0 ], [ 73.1531418, 28.1662646, 0.0 ] ], [ [ 73.1530858, 28.1662638, 0.0 ], [ 73.153109, 28.1662641, 0.0 ], [ 73.1531037, 28.1665674, 0.0 ], [ 73.1530806, 28.1665671, 0.0 ], [ 73.1530858, 28.1662638, 0.0 ] ], [ [ 73.1531365, 28.1665763, 0.0 ], [ 73.1531596, 28.1665766, 0.0 ], [ 73.1531544, 28.1668798, 0.0 ], [ 73.1531313, 28.1668795, 0.0 ], [ 73.1531365, 28.1665763, 0.0 ] ], [ [ 73.1530805, 28.1665755, 0.0 ], [ 73.1531036, 28.1665758, 0.0 ], [ 73.1530984, 28.1668791, 0.0 ], [ 73.1530753, 28.1668788, 0.0 ], [ 73.1530805, 28.1665755, 0.0 ] ], [ [ 73.1530298, 28.1662631, 0.0 ], [ 73.153053, 28.1662634, 0.0 ], [ 73.1530478, 28.1665666, 0.0 ], [ 73.1530246, 28.1665663, 0.0 ], [ 73.1530298, 28.1662631, 0.0 ] ], [ [ 73.1529738, 28.1662623, 0.0 ], [ 73.152997, 28.1662626, 0.0 ], [ 73.1529918, 28.1665659, 0.0 ], [ 73.1529686, 28.1665656, 0.0 ], [ 73.1529738, 28.1662623, 0.0 ] ], [ [ 73.1530245, 28.1665748, 0.0 ], [ 73.1530476, 28.1665751, 0.0 ], [ 73.1530424, 28.1668783, 0.0 ], [ 73.1530193, 28.166878, 0.0 ], [ 73.1530245, 28.1665748, 0.0 ] ], [ [ 73.1529685, 28.166574, 0.0 ], [ 73.1529916, 28.1665743, 0.0 ], [ 73.1529864, 28.1668776, 0.0 ], [ 73.1529633, 28.1668773, 0.0 ], [ 73.1529685, 28.166574, 0.0 ] ], [ [ 73.1529178, 28.1662616, 0.0 ], [ 73.152941, 28.1662619, 0.0 ], [ 73.1529358, 28.1665651, 0.0 ], [ 73.1529126, 28.1665648, 0.0 ], [ 73.1529178, 28.1662616, 0.0 ] ], [ [ 73.1528618, 28.1662608, 0.0 ], [ 73.152885, 28.1662611, 0.0 ], [ 73.1528798, 28.1665644, 0.0 ], [ 73.1528566, 28.1665641, 0.0 ], [ 73.1528618, 28.1662608, 0.0 ] ], [ [ 73.1529125, 28.1665732, 0.0 ], [ 73.1529356, 28.1665736, 0.0 ], [ 73.1529304, 28.1668768, 0.0 ], [ 73.1529073, 28.1668765, 0.0 ], [ 73.1529125, 28.1665732, 0.0 ] ], [ [ 73.1528565, 28.1665725, 0.0 ], [ 73.1528796, 28.1665728, 0.0 ], [ 73.1528744, 28.1668761, 0.0 ], [ 73.1528513, 28.1668758, 0.0 ], [ 73.1528565, 28.1665725, 0.0 ] ], [ [ 73.1528058, 28.16626, 0.0 ], [ 73.152829, 28.1662604, 0.0 ], [ 73.1528238, 28.1665636, 0.0 ], [ 73.1528006, 28.1665633, 0.0 ], [ 73.1528058, 28.16626, 0.0 ] ], [ [ 73.1527499, 28.1662593, 0.0 ], [ 73.152773, 28.1662596, 0.0 ], [ 73.1527678, 28.1665629, 0.0 ], [ 73.1527446, 28.1665626, 0.0 ], [ 73.1527499, 28.1662593, 0.0 ] ], [ [ 73.1528005, 28.1665717, 0.0 ], [ 73.1528236, 28.166572, 0.0 ], [ 73.1528184, 28.1668753, 0.0 ], [ 73.1527953, 28.166875, 0.0 ], [ 73.1528005, 28.1665717, 0.0 ] ], [ [ 73.1527445, 28.166571, 0.0 ], [ 73.1527676, 28.1665713, 0.0 ], [ 73.1527624, 28.1668746, 0.0 ], [ 73.1527393, 28.1668742, 0.0 ], [ 73.1527445, 28.166571, 0.0 ] ], [ [ 73.1526884, 28.1665743, 0.0 ], [ 73.1527116, 28.1665746, 0.0 ], [ 73.1527064, 28.1668779, 0.0 ], [ 73.1526832, 28.1668776, 0.0 ], [ 73.1526884, 28.1665743, 0.0 ] ], [ [ 73.1526324, 28.1665736, 0.0 ], [ 73.1526556, 28.1665739, 0.0 ], [ 73.1526504, 28.1668771, 0.0 ], [ 73.1526272, 28.1668768, 0.0 ], [ 73.1526324, 28.1665736, 0.0 ] ], [ [ 73.1526831, 28.166886, 0.0 ], [ 73.1527062, 28.1668863, 0.0 ], [ 73.152701, 28.1671896, 0.0 ], [ 73.1526779, 28.1671893, 0.0 ], [ 73.1526831, 28.166886, 0.0 ] ], [ [ 73.1526271, 28.1668852, 0.0 ], [ 73.1526502, 28.1668856, 0.0 ], [ 73.152645, 28.1671888, 0.0 ], [ 73.1526219, 28.1671885, 0.0 ], [ 73.1526271, 28.1668852, 0.0 ] ], [ [ 73.1525764, 28.1665728, 0.0 ], [ 73.1525996, 28.1665731, 0.0 ], [ 73.1525944, 28.1668764, 0.0 ], [ 73.1525712, 28.1668761, 0.0 ], [ 73.1525764, 28.1665728, 0.0 ] ], [ [ 73.1525204, 28.166572, 0.0 ], [ 73.1525436, 28.1665724, 0.0 ], [ 73.1525384, 28.1668756, 0.0 ], [ 73.1525152, 28.1668753, 0.0 ], [ 73.1525204, 28.166572, 0.0 ] ], [ [ 73.1525711, 28.1668845, 0.0 ], [ 73.1525942, 28.1668848, 0.0 ], [ 73.152589, 28.1671881, 0.0 ], [ 73.1525659, 28.1671878, 0.0 ], [ 73.1525711, 28.1668845, 0.0 ] ], [ [ 73.1525151, 28.1668837, 0.0 ], [ 73.1525382, 28.166884, 0.0 ], [ 73.152533, 28.1671873, 0.0 ], [ 73.1525099, 28.167187, 0.0 ], [ 73.1525151, 28.1668837, 0.0 ] ], [ [ 73.1524645, 28.1665713, 0.0 ], [ 73.1524876, 28.1665716, 0.0 ], [ 73.1524824, 28.1668749, 0.0 ], [ 73.1524592, 28.1668746, 0.0 ], [ 73.1524645, 28.1665713, 0.0 ] ], [ [ 73.1524085, 28.1665705, 0.0 ], [ 73.1524316, 28.1665708, 0.0 ], [ 73.1524264, 28.1668741, 0.0 ], [ 73.1524032, 28.1668738, 0.0 ], [ 73.1524085, 28.1665705, 0.0 ] ], [ [ 73.1524591, 28.166883, 0.0 ], [ 73.1524822, 28.1668833, 0.0 ], [ 73.152477, 28.1671866, 0.0 ], [ 73.1524539, 28.1671862, 0.0 ], [ 73.1524591, 28.166883, 0.0 ] ], [ [ 73.1524031, 28.1668822, 0.0 ], [ 73.1524262, 28.1668825, 0.0 ], [ 73.152421, 28.1671858, 0.0 ], [ 73.1523979, 28.1671855, 0.0 ], [ 73.1524031, 28.1668822, 0.0 ] ], [ [ 73.1523525, 28.1665698, 0.0 ], [ 73.1523756, 28.1665701, 0.0 ], [ 73.1523704, 28.1668734, 0.0 ], [ 73.1523472, 28.166873, 0.0 ], [ 73.1523525, 28.1665698, 0.0 ] ], [ [ 73.1522965, 28.166569, 0.0 ], [ 73.1523196, 28.1665693, 0.0 ], [ 73.1523144, 28.1668726, 0.0 ], [ 73.1522913, 28.1668723, 0.0 ], [ 73.1522965, 28.166569, 0.0 ] ], [ [ 73.1523471, 28.1668815, 0.0 ], [ 73.1523702, 28.1668818, 0.0 ], [ 73.152365, 28.167185, 0.0 ], [ 73.1523419, 28.1671847, 0.0 ], [ 73.1523471, 28.1668815, 0.0 ] ], [ [ 73.1522911, 28.1668807, 0.0 ], [ 73.1523142, 28.166881, 0.0 ], [ 73.152309, 28.1671843, 0.0 ], [ 73.1522859, 28.167184, 0.0 ], [ 73.1522911, 28.1668807, 0.0 ] ], [ [ 73.1522405, 28.1665683, 0.0 ], [ 73.1522636, 28.1665686, 0.0 ], [ 73.1522584, 28.1668719, 0.0 ], [ 73.1522353, 28.1668715, 0.0 ], [ 73.1522405, 28.1665683, 0.0 ] ], [ [ 73.1521845, 28.1665675, 0.0 ], [ 73.1522076, 28.1665678, 0.0 ], [ 73.1522024, 28.1668711, 0.0 ], [ 73.1521793, 28.1668708, 0.0 ], [ 73.1521845, 28.1665675, 0.0 ] ], [ [ 73.1522351, 28.16688, 0.0 ], [ 73.1522582, 28.1668803, 0.0 ], [ 73.152253, 28.1671835, 0.0 ], [ 73.1522299, 28.1671832, 0.0 ], [ 73.1522351, 28.16688, 0.0 ] ], [ [ 73.1521791, 28.1668792, 0.0 ], [ 73.1522022, 28.1668795, 0.0 ], [ 73.152197, 28.1671828, 0.0 ], [ 73.1521739, 28.1671825, 0.0 ], [ 73.1521791, 28.1668792, 0.0 ] ], [ [ 73.1521285, 28.1665668, 0.0 ], [ 73.1521516, 28.1665671, 0.0 ], [ 73.1521464, 28.1668703, 0.0 ], [ 73.1521233, 28.16687, 0.0 ], [ 73.1521285, 28.1665668, 0.0 ] ], [ [ 73.1520725, 28.166566, 0.0 ], [ 73.1520956, 28.1665663, 0.0 ], [ 73.1520904, 28.1668696, 0.0 ], [ 73.1520673, 28.1668693, 0.0 ], [ 73.1520725, 28.166566, 0.0 ] ], [ [ 73.1521231, 28.1668784, 0.0 ], [ 73.1521463, 28.1668788, 0.0 ], [ 73.152141, 28.167182, 0.0 ], [ 73.1521179, 28.1671817, 0.0 ], [ 73.1521231, 28.1668784, 0.0 ] ], [ [ 73.1520671, 28.1668777, 0.0 ], [ 73.1520903, 28.166878, 0.0 ], [ 73.152085, 28.1671813, 0.0 ], [ 73.1520619, 28.167181, 0.0 ], [ 73.1520671, 28.1668777, 0.0 ] ], [ [ 73.1520165, 28.1665652, 0.0 ], [ 73.1520396, 28.1665656, 0.0 ], [ 73.1520344, 28.1668688, 0.0 ], [ 73.1520113, 28.1668685, 0.0 ], [ 73.1520165, 28.1665652, 0.0 ] ], [ [ 73.1519605, 28.1665645, 0.0 ], [ 73.1519836, 28.1665648, 0.0 ], [ 73.1519784, 28.1668681, 0.0 ], [ 73.1519553, 28.1668678, 0.0 ], [ 73.1519605, 28.1665645, 0.0 ] ], [ [ 73.1520111, 28.1668769, 0.0 ], [ 73.1520343, 28.1668772, 0.0 ], [ 73.152029, 28.1671805, 0.0 ], [ 73.1520059, 28.1671802, 0.0 ], [ 73.1520111, 28.1668769, 0.0 ] ], [ [ 73.1519551, 28.1668762, 0.0 ], [ 73.1519783, 28.1668765, 0.0 ], [ 73.1519731, 28.1671798, 0.0 ], [ 73.1519499, 28.1671794, 0.0 ], [ 73.1519551, 28.1668762, 0.0 ] ], [ [ 73.1519045, 28.1665637, 0.0 ], [ 73.1519276, 28.166564, 0.0 ], [ 73.1519224, 28.1668673, 0.0 ], [ 73.1518993, 28.166867, 0.0 ], [ 73.1519045, 28.1665637, 0.0 ] ], [ [ 73.1518485, 28.166563, 0.0 ], [ 73.1518716, 28.1665633, 0.0 ], [ 73.1518664, 28.1668666, 0.0 ], [ 73.1518433, 28.1668662, 0.0 ], [ 73.1518485, 28.166563, 0.0 ] ], [ [ 73.1518991, 28.1668754, 0.0 ], [ 73.1519223, 28.1668757, 0.0 ], [ 73.1519171, 28.167179, 0.0 ], [ 73.1518939, 28.1671787, 0.0 ], [ 73.1518991, 28.1668754, 0.0 ] ], [ [ 73.1518431, 28.1668747, 0.0 ], [ 73.1518663, 28.166875, 0.0 ], [ 73.1518611, 28.1671782, 0.0 ], [ 73.1518379, 28.1671779, 0.0 ], [ 73.1518431, 28.1668747, 0.0 ] ], [ [ 73.1517979, 28.1662464, 0.0 ], [ 73.1518211, 28.1662468, 0.0 ], [ 73.1518159, 28.16655, 0.0 ], [ 73.1517927, 28.1665497, 0.0 ], [ 73.1517979, 28.1662464, 0.0 ] ], [ [ 73.1517419, 28.1662457, 0.0 ], [ 73.1517651, 28.166246, 0.0 ], [ 73.1517599, 28.1665493, 0.0 ], [ 73.1517367, 28.166549, 0.0 ], [ 73.1517419, 28.1662457, 0.0 ] ], [ [ 73.1517926, 28.1665581, 0.0 ], [ 73.1518157, 28.1665584, 0.0 ], [ 73.1518105, 28.1668617, 0.0 ], [ 73.1517874, 28.1668614, 0.0 ], [ 73.1517926, 28.1665581, 0.0 ] ], [ [ 73.1517366, 28.1665574, 0.0 ], [ 73.1517597, 28.1665577, 0.0 ], [ 73.1517545, 28.166861, 0.0 ], [ 73.1517314, 28.1668606, 0.0 ], [ 73.1517366, 28.1665574, 0.0 ] ], [ [ 73.1516753, 28.1668644, 0.0 ], [ 73.1516984, 28.1668647, 0.0 ], [ 73.1516932, 28.167168, 0.0 ], [ 73.1516701, 28.1671677, 0.0 ], [ 73.1516753, 28.1668644, 0.0 ] ], [ [ 73.1516193, 28.1668636, 0.0 ], [ 73.1516424, 28.166864, 0.0 ], [ 73.1516372, 28.1671672, 0.0 ], [ 73.1516141, 28.1671669, 0.0 ], [ 73.1516193, 28.1668636, 0.0 ] ], [ [ 73.1516699, 28.1671761, 0.0 ], [ 73.1516931, 28.1671764, 0.0 ], [ 73.1516879, 28.1674797, 0.0 ], [ 73.1516647, 28.1674794, 0.0 ], [ 73.1516699, 28.1671761, 0.0 ] ], [ [ 73.1516139, 28.1671753, 0.0 ], [ 73.1516371, 28.1671756, 0.0 ], [ 73.1516319, 28.1674789, 0.0 ], [ 73.1516087, 28.1674786, 0.0 ], [ 73.1516139, 28.1671753, 0.0 ] ], [ [ 73.1515633, 28.1668629, 0.0 ], [ 73.1515864, 28.1668632, 0.0 ], [ 73.1515812, 28.1671665, 0.0 ], [ 73.1515581, 28.1671662, 0.0 ], [ 73.1515633, 28.1668629, 0.0 ] ], [ [ 73.1515073, 28.1668621, 0.0 ], [ 73.1515304, 28.1668624, 0.0 ], [ 73.1515252, 28.1671657, 0.0 ], [ 73.1515021, 28.1671654, 0.0 ], [ 73.1515073, 28.1668621, 0.0 ] ], [ [ 73.1515579, 28.1671746, 0.0 ], [ 73.1515811, 28.1671749, 0.0 ], [ 73.1515759, 28.1674782, 0.0 ], [ 73.1515527, 28.1674778, 0.0 ], [ 73.1515579, 28.1671746, 0.0 ] ], [ [ 73.1515019, 28.1671738, 0.0 ], [ 73.1515251, 28.1671741, 0.0 ], [ 73.1515199, 28.1674774, 0.0 ], [ 73.1514967, 28.1674771, 0.0 ], [ 73.1515019, 28.1671738, 0.0 ] ], [ [ 73.1514513, 28.1668614, 0.0 ], [ 73.1514744, 28.1668617, 0.0 ], [ 73.1514692, 28.167165, 0.0 ], [ 73.1514461, 28.1671646, 0.0 ], [ 73.1514513, 28.1668614, 0.0 ] ], [ [ 73.1513953, 28.1668606, 0.0 ], [ 73.1514184, 28.1668609, 0.0 ], [ 73.1514132, 28.1671642, 0.0 ], [ 73.1513901, 28.1671639, 0.0 ], [ 73.1513953, 28.1668606, 0.0 ] ], [ [ 73.151446, 28.1671731, 0.0 ], [ 73.1514691, 28.1671734, 0.0 ], [ 73.1514639, 28.1674766, 0.0 ], [ 73.1514407, 28.1674763, 0.0 ], [ 73.151446, 28.1671731, 0.0 ] ], [ [ 73.15139, 28.1671723, 0.0 ], [ 73.1514131, 28.1671726, 0.0 ], [ 73.1514079, 28.1674759, 0.0 ], [ 73.1513847, 28.1674756, 0.0 ], [ 73.15139, 28.1671723, 0.0 ] ], [ [ 73.15135, 28.1662404, 0.0 ], [ 73.1513731, 28.1662407, 0.0 ], [ 73.1513679, 28.166544, 0.0 ], [ 73.1513448, 28.1665437, 0.0 ], [ 73.15135, 28.1662404, 0.0 ] ], [ [ 73.151294, 28.1662396, 0.0 ], [ 73.1513171, 28.1662399, 0.0 ], [ 73.1513119, 28.1665432, 0.0 ], [ 73.1512888, 28.1665429, 0.0 ], [ 73.151294, 28.1662396, 0.0 ] ], [ [ 73.1513446, 28.1665521, 0.0 ], [ 73.1513677, 28.1665524, 0.0 ], [ 73.1513625, 28.1668557, 0.0 ], [ 73.1513394, 28.1668553, 0.0 ], [ 73.1513446, 28.1665521, 0.0 ] ], [ [ 73.1512886, 28.1665513, 0.0 ], [ 73.1513117, 28.1665516, 0.0 ], [ 73.1513065, 28.1668549, 0.0 ], [ 73.1512834, 28.1668546, 0.0 ], [ 73.1512886, 28.1665513, 0.0 ] ], [ [ 73.151238, 28.1662389, 0.0 ], [ 73.1512611, 28.1662392, 0.0 ], [ 73.1512559, 28.1665425, 0.0 ], [ 73.1512328, 28.1665421, 0.0 ], [ 73.151238, 28.1662389, 0.0 ] ], [ [ 73.151182, 28.1662381, 0.0 ], [ 73.1512051, 28.1662384, 0.0 ], [ 73.1511999, 28.1665417, 0.0 ], [ 73.1511768, 28.1665414, 0.0 ], [ 73.151182, 28.1662381, 0.0 ] ], [ [ 73.1512326, 28.1665506, 0.0 ], [ 73.1512558, 28.1665509, 0.0 ], [ 73.1512505, 28.1668541, 0.0 ], [ 73.1512274, 28.1668538, 0.0 ], [ 73.1512326, 28.1665506, 0.0 ] ], [ [ 73.1511766, 28.1665498, 0.0 ], [ 73.1511998, 28.1665501, 0.0 ], [ 73.1511945, 28.1668534, 0.0 ], [ 73.1511714, 28.1668531, 0.0 ], [ 73.1511766, 28.1665498, 0.0 ] ], [ [ 73.1564002, 28.1656889, 0.0 ], [ 73.1564233, 28.1656892, 0.0 ], [ 73.1564181, 28.1659925, 0.0 ], [ 73.156395, 28.1659921, 0.0 ], [ 73.1564002, 28.1656889, 0.0 ] ], [ [ 73.1563442, 28.1656881, 0.0 ], [ 73.1563673, 28.1656884, 0.0 ], [ 73.1563621, 28.1659917, 0.0 ], [ 73.156339, 28.1659914, 0.0 ], [ 73.1563442, 28.1656881, 0.0 ] ], [ [ 73.1563948, 28.1660006, 0.0 ], [ 73.156418, 28.1660009, 0.0 ], [ 73.1564128, 28.1663041, 0.0 ], [ 73.1563896, 28.1663038, 0.0 ], [ 73.1563948, 28.1660006, 0.0 ] ], [ [ 73.1563388, 28.1659998, 0.0 ], [ 73.156362, 28.1660001, 0.0 ], [ 73.1563568, 28.1663034, 0.0 ], [ 73.1563336, 28.1663031, 0.0 ], [ 73.1563388, 28.1659998, 0.0 ] ], [ [ 73.1562882, 28.1656874, 0.0 ], [ 73.1563113, 28.1656877, 0.0 ], [ 73.1563061, 28.1659909, 0.0 ], [ 73.156283, 28.1659906, 0.0 ], [ 73.1562882, 28.1656874, 0.0 ] ], [ [ 73.1562322, 28.1656866, 0.0 ], [ 73.1562553, 28.1656869, 0.0 ], [ 73.1562501, 28.1659902, 0.0 ], [ 73.156227, 28.1659899, 0.0 ], [ 73.1562322, 28.1656866, 0.0 ] ], [ [ 73.1562828, 28.1659991, 0.0 ], [ 73.156306, 28.1659994, 0.0 ], [ 73.1563008, 28.1663026, 0.0 ], [ 73.1562776, 28.1663023, 0.0 ], [ 73.1562828, 28.1659991, 0.0 ] ], [ [ 73.1562268, 28.1659983, 0.0 ], [ 73.15625, 28.1659986, 0.0 ], [ 73.1562448, 28.1663019, 0.0 ], [ 73.1562216, 28.1663016, 0.0 ], [ 73.1562268, 28.1659983, 0.0 ] ], [ [ 73.1561762, 28.1656859, 0.0 ], [ 73.1561993, 28.1656862, 0.0 ], [ 73.1561941, 28.1659894, 0.0 ], [ 73.156171, 28.1659891, 0.0 ], [ 73.1561762, 28.1656859, 0.0 ] ], [ [ 73.1561202, 28.1656851, 0.0 ], [ 73.1561433, 28.1656854, 0.0 ], [ 73.1561381, 28.1659887, 0.0 ], [ 73.156115, 28.1659884, 0.0 ], [ 73.1561202, 28.1656851, 0.0 ] ], [ [ 73.1561709, 28.1659975, 0.0 ], [ 73.156194, 28.1659979, 0.0 ], [ 73.1561888, 28.1663011, 0.0 ], [ 73.1561657, 28.1663008, 0.0 ], [ 73.1561709, 28.1659975, 0.0 ] ], [ [ 73.1561149, 28.1659968, 0.0 ], [ 73.156138, 28.1659971, 0.0 ], [ 73.1561328, 28.1663004, 0.0 ], [ 73.1561097, 28.1663001, 0.0 ], [ 73.1561149, 28.1659968, 0.0 ] ], [ [ 73.1560642, 28.1656844, 0.0 ], [ 73.1560873, 28.1656847, 0.0 ], [ 73.1560821, 28.1659879, 0.0 ], [ 73.156059, 28.1659876, 0.0 ], [ 73.1560642, 28.1656844, 0.0 ] ], [ [ 73.1560082, 28.1656836, 0.0 ], [ 73.1560313, 28.1656839, 0.0 ], [ 73.1560261, 28.1659872, 0.0 ], [ 73.156003, 28.1659869, 0.0 ], [ 73.1560082, 28.1656836, 0.0 ] ], [ [ 73.1560589, 28.165996, 0.0 ], [ 73.156082, 28.1659963, 0.0 ], [ 73.1560768, 28.1662996, 0.0 ], [ 73.1560537, 28.1662993, 0.0 ], [ 73.1560589, 28.165996, 0.0 ] ], [ [ 73.1560029, 28.1659953, 0.0 ], [ 73.156026, 28.1659956, 0.0 ], [ 73.1560208, 28.1662989, 0.0 ], [ 73.1559977, 28.1662986, 0.0 ], [ 73.1560029, 28.1659953, 0.0 ] ], [ [ 73.1559522, 28.1656828, 0.0 ], [ 73.1559753, 28.1656832, 0.0 ], [ 73.1559701, 28.1659864, 0.0 ], [ 73.155947, 28.1659861, 0.0 ], [ 73.1559522, 28.1656828, 0.0 ] ], [ [ 73.1558962, 28.1656821, 0.0 ], [ 73.1559193, 28.1656824, 0.0 ], [ 73.1559141, 28.1659857, 0.0 ], [ 73.155891, 28.1659854, 0.0 ], [ 73.1558962, 28.1656821, 0.0 ] ], [ [ 73.1559469, 28.1659945, 0.0 ], [ 73.15597, 28.1659948, 0.0 ], [ 73.1559648, 28.1662981, 0.0 ], [ 73.1559417, 28.1662978, 0.0 ], [ 73.1559469, 28.1659945, 0.0 ] ], [ [ 73.1558909, 28.1659938, 0.0 ], [ 73.155914, 28.1659941, 0.0 ], [ 73.1559088, 28.1662974, 0.0 ], [ 73.1558857, 28.166297, 0.0 ], [ 73.1558909, 28.1659938, 0.0 ] ], [ [ 73.1558402, 28.1656813, 0.0 ], [ 73.1558634, 28.1656816, 0.0 ], [ 73.1558582, 28.1659849, 0.0 ], [ 73.155835, 28.1659846, 0.0 ], [ 73.1558402, 28.1656813, 0.0 ] ], [ [ 73.1557842, 28.1656806, 0.0 ], [ 73.1558074, 28.1656809, 0.0 ], [ 73.1558022, 28.1659842, 0.0 ], [ 73.155779, 28.1659838, 0.0 ], [ 73.1557842, 28.1656806, 0.0 ] ], [ [ 73.1558349, 28.165993, 0.0 ], [ 73.155858, 28.1659933, 0.0 ], [ 73.1558528, 28.1662966, 0.0 ], [ 73.1558297, 28.1662963, 0.0 ], [ 73.1558349, 28.165993, 0.0 ] ], [ [ 73.1557789, 28.1659923, 0.0 ], [ 73.155802, 28.1659926, 0.0 ], [ 73.1557968, 28.1662958, 0.0 ], [ 73.1557737, 28.1662955, 0.0 ], [ 73.1557789, 28.1659923, 0.0 ] ], [ [ 73.1557282, 28.1656798, 0.0 ], [ 73.1557514, 28.1656801, 0.0 ], [ 73.1557462, 28.1659834, 0.0 ], [ 73.155723, 28.1659831, 0.0 ], [ 73.1557282, 28.1656798, 0.0 ] ], [ [ 73.1556722, 28.1656791, 0.0 ], [ 73.1556954, 28.1656794, 0.0 ], [ 73.1556902, 28.1659827, 0.0 ], [ 73.155667, 28.1659823, 0.0 ], [ 73.1556722, 28.1656791, 0.0 ] ], [ [ 73.1557229, 28.1659915, 0.0 ], [ 73.155746, 28.1659918, 0.0 ], [ 73.1557408, 28.1662951, 0.0 ], [ 73.1557177, 28.1662948, 0.0 ], [ 73.1557229, 28.1659915, 0.0 ] ], [ [ 73.1556669, 28.1659908, 0.0 ], [ 73.15569, 28.1659911, 0.0 ], [ 73.1556848, 28.1662943, 0.0 ], [ 73.1556617, 28.166294, 0.0 ], [ 73.1556669, 28.1659908, 0.0 ] ], [ [ 73.1556162, 28.1656783, 0.0 ], [ 73.1556394, 28.1656786, 0.0 ], [ 73.1556342, 28.1659819, 0.0 ], [ 73.155611, 28.1659816, 0.0 ], [ 73.1556162, 28.1656783, 0.0 ] ], [ [ 73.1555602, 28.1656776, 0.0 ], [ 73.1555834, 28.1656779, 0.0 ], [ 73.1555782, 28.1659811, 0.0 ], [ 73.155555, 28.1659808, 0.0 ], [ 73.1555602, 28.1656776, 0.0 ] ], [ [ 73.1556109, 28.16599, 0.0 ], [ 73.155634, 28.1659903, 0.0 ], [ 73.1556288, 28.1662936, 0.0 ], [ 73.1556057, 28.1662933, 0.0 ], [ 73.1556109, 28.16599, 0.0 ] ], [ [ 73.1555549, 28.1659893, 0.0 ], [ 73.155578, 28.1659896, 0.0 ], [ 73.1555728, 28.1662928, 0.0 ], [ 73.1555497, 28.1662925, 0.0 ], [ 73.1555549, 28.1659893, 0.0 ] ], [ [ 73.1555043, 28.1656768, 0.0 ], [ 73.1555274, 28.1656771, 0.0 ], [ 73.1555222, 28.1659804, 0.0 ], [ 73.1554991, 28.1659801, 0.0 ], [ 73.1555043, 28.1656768, 0.0 ] ], [ [ 73.1554483, 28.1656761, 0.0 ], [ 73.1554714, 28.1656764, 0.0 ], [ 73.1554662, 28.1659796, 0.0 ], [ 73.1554431, 28.1659793, 0.0 ], [ 73.1554483, 28.1656761, 0.0 ] ], [ [ 73.1554989, 28.1659885, 0.0 ], [ 73.155522, 28.1659888, 0.0 ], [ 73.1555168, 28.1662921, 0.0 ], [ 73.1554937, 28.1662918, 0.0 ], [ 73.1554989, 28.1659885, 0.0 ] ], [ [ 73.1554429, 28.1659877, 0.0 ], [ 73.155466, 28.1659881, 0.0 ], [ 73.1554608, 28.1662913, 0.0 ], [ 73.1554377, 28.166291, 0.0 ], [ 73.1554429, 28.1659877, 0.0 ] ], [ [ 73.1553923, 28.1656753, 0.0 ], [ 73.1554154, 28.1656756, 0.0 ], [ 73.1554102, 28.1659789, 0.0 ], [ 73.1553871, 28.1659786, 0.0 ], [ 73.1553923, 28.1656753, 0.0 ] ], [ [ 73.1553363, 28.1656745, 0.0 ], [ 73.1553594, 28.1656749, 0.0 ], [ 73.1553542, 28.1659781, 0.0 ], [ 73.1553311, 28.1659778, 0.0 ], [ 73.1553363, 28.1656745, 0.0 ] ], [ [ 73.1553869, 28.165987, 0.0 ], [ 73.15541, 28.1659873, 0.0 ], [ 73.1554048, 28.1662906, 0.0 ], [ 73.1553817, 28.1662903, 0.0 ], [ 73.1553869, 28.165987, 0.0 ] ], [ [ 73.1553309, 28.1659862, 0.0 ], [ 73.1553541, 28.1659865, 0.0 ], [ 73.1553488, 28.1662898, 0.0 ], [ 73.1553257, 28.1662895, 0.0 ], [ 73.1553309, 28.1659862, 0.0 ] ], [ [ 73.1552803, 28.1656738, 0.0 ], [ 73.1553034, 28.1656741, 0.0 ], [ 73.1552982, 28.1659774, 0.0 ], [ 73.1552751, 28.1659771, 0.0 ], [ 73.1552803, 28.1656738, 0.0 ] ], [ [ 73.1552243, 28.165673, 0.0 ], [ 73.1552474, 28.1656733, 0.0 ], [ 73.1552422, 28.1659766, 0.0 ], [ 73.1552191, 28.1659763, 0.0 ], [ 73.1552243, 28.165673, 0.0 ] ], [ [ 73.1552749, 28.1659855, 0.0 ], [ 73.1552981, 28.1659858, 0.0 ], [ 73.1552929, 28.1662891, 0.0 ], [ 73.1552697, 28.1662887, 0.0 ], [ 73.1552749, 28.1659855, 0.0 ] ], [ [ 73.1552189, 28.1659847, 0.0 ], [ 73.1552421, 28.165985, 0.0 ], [ 73.1552369, 28.1662883, 0.0 ], [ 73.1552137, 28.166288, 0.0 ], [ 73.1552189, 28.1659847, 0.0 ] ], [ [ 73.1551683, 28.1656723, 0.0 ], [ 73.1551914, 28.1656726, 0.0 ], [ 73.1551862, 28.1659759, 0.0 ], [ 73.1551631, 28.1659756, 0.0 ], [ 73.1551683, 28.1656723, 0.0 ] ], [ [ 73.1551123, 28.1656715, 0.0 ], [ 73.1551354, 28.1656718, 0.0 ], [ 73.1551302, 28.1659751, 0.0 ], [ 73.1551071, 28.1659748, 0.0 ], [ 73.1551123, 28.1656715, 0.0 ] ], [ [ 73.1551629, 28.165984, 0.0 ], [ 73.1551861, 28.1659843, 0.0 ], [ 73.1551809, 28.1662876, 0.0 ], [ 73.1551577, 28.1662872, 0.0 ], [ 73.1551629, 28.165984, 0.0 ] ], [ [ 73.1551069, 28.1659832, 0.0 ], [ 73.1551301, 28.1659835, 0.0 ], [ 73.1551249, 28.1662868, 0.0 ], [ 73.1551017, 28.1662865, 0.0 ], [ 73.1551069, 28.1659832, 0.0 ] ], [ [ 73.1550563, 28.1656708, 0.0 ], [ 73.1550794, 28.1656711, 0.0 ], [ 73.1550742, 28.1659744, 0.0 ], [ 73.1550511, 28.165974, 0.0 ], [ 73.1550563, 28.1656708, 0.0 ] ], [ [ 73.1550003, 28.16567, 0.0 ], [ 73.1550234, 28.1656703, 0.0 ], [ 73.1550182, 28.1659736, 0.0 ], [ 73.1549951, 28.1659733, 0.0 ], [ 73.1550003, 28.16567, 0.0 ] ], [ [ 73.1550509, 28.1659825, 0.0 ], [ 73.1550741, 28.1659828, 0.0 ], [ 73.1550689, 28.166286, 0.0 ], [ 73.1550457, 28.1662857, 0.0 ], [ 73.1550509, 28.1659825, 0.0 ] ], [ [ 73.1549949, 28.1659817, 0.0 ], [ 73.1550181, 28.165982, 0.0 ], [ 73.1550129, 28.1662853, 0.0 ], [ 73.1549897, 28.166285, 0.0 ], [ 73.1549949, 28.1659817, 0.0 ] ], [ [ 73.1549443, 28.1656693, 0.0 ], [ 73.1549674, 28.1656696, 0.0 ], [ 73.1549622, 28.1659728, 0.0 ], [ 73.1549391, 28.1659725, 0.0 ], [ 73.1549443, 28.1656693, 0.0 ] ], [ [ 73.1548883, 28.1656685, 0.0 ], [ 73.1549114, 28.1656688, 0.0 ], [ 73.1549062, 28.1659721, 0.0 ], [ 73.1548831, 28.1659718, 0.0 ], [ 73.1548883, 28.1656685, 0.0 ] ], [ [ 73.154939, 28.165981, 0.0 ], [ 73.1549621, 28.1659813, 0.0 ], [ 73.1549569, 28.1662845, 0.0 ], [ 73.1549338, 28.1662842, 0.0 ], [ 73.154939, 28.165981, 0.0 ] ], [ [ 73.154883, 28.1659802, 0.0 ], [ 73.1549061, 28.1659805, 0.0 ], [ 73.1549009, 28.1662838, 0.0 ], [ 73.1548778, 28.1662835, 0.0 ], [ 73.154883, 28.1659802, 0.0 ] ], [ [ 73.1548323, 28.1656678, 0.0 ], [ 73.1548554, 28.1656681, 0.0 ], [ 73.1548502, 28.1659713, 0.0 ], [ 73.1548271, 28.165971, 0.0 ], [ 73.1548323, 28.1656678, 0.0 ] ], [ [ 73.1547763, 28.165667, 0.0 ], [ 73.1547994, 28.1656673, 0.0 ], [ 73.1547942, 28.1659706, 0.0 ], [ 73.1547711, 28.1659703, 0.0 ], [ 73.1547763, 28.165667, 0.0 ] ], [ [ 73.154827, 28.1659794, 0.0 ], [ 73.1548501, 28.1659798, 0.0 ], [ 73.1548449, 28.166283, 0.0 ], [ 73.1548218, 28.1662827, 0.0 ], [ 73.154827, 28.1659794, 0.0 ] ], [ [ 73.154771, 28.1659787, 0.0 ], [ 73.1547941, 28.165979, 0.0 ], [ 73.1547889, 28.1662823, 0.0 ], [ 73.1547658, 28.166282, 0.0 ], [ 73.154771, 28.1659787, 0.0 ] ], [ [ 73.1547203, 28.1656662, 0.0 ], [ 73.1547435, 28.1656666, 0.0 ], [ 73.1547382, 28.1659698, 0.0 ], [ 73.1547151, 28.1659695, 0.0 ], [ 73.1547203, 28.1656662, 0.0 ] ], [ [ 73.1546643, 28.1656655, 0.0 ], [ 73.1546875, 28.1656658, 0.0 ], [ 73.1546823, 28.1659691, 0.0 ], [ 73.1546591, 28.1659688, 0.0 ], [ 73.1546643, 28.1656655, 0.0 ] ], [ [ 73.154715, 28.1659779, 0.0 ], [ 73.1547381, 28.1659782, 0.0 ], [ 73.1547329, 28.1662815, 0.0 ], [ 73.1547098, 28.1662812, 0.0 ], [ 73.154715, 28.1659779, 0.0 ] ], [ [ 73.154659, 28.1659772, 0.0 ], [ 73.1546821, 28.1659775, 0.0 ], [ 73.1546769, 28.1662808, 0.0 ], [ 73.1546538, 28.1662804, 0.0 ], [ 73.154659, 28.1659772, 0.0 ] ], [ [ 73.1546083, 28.1656647, 0.0 ], [ 73.1546315, 28.165665, 0.0 ], [ 73.1546263, 28.1659683, 0.0 ], [ 73.1546031, 28.165968, 0.0 ], [ 73.1546083, 28.1656647, 0.0 ] ], [ [ 73.1545523, 28.165664, 0.0 ], [ 73.1545755, 28.1656643, 0.0 ], [ 73.1545703, 28.1659676, 0.0 ], [ 73.1545471, 28.1659673, 0.0 ], [ 73.1545523, 28.165664, 0.0 ] ], [ [ 73.154603, 28.1659764, 0.0 ], [ 73.1546261, 28.1659767, 0.0 ], [ 73.1546209, 28.16628, 0.0 ], [ 73.1545978, 28.1662797, 0.0 ], [ 73.154603, 28.1659764, 0.0 ] ], [ [ 73.154547, 28.1659757, 0.0 ], [ 73.1545701, 28.165976, 0.0 ], [ 73.1545649, 28.1662793, 0.0 ], [ 73.1545418, 28.1662789, 0.0 ], [ 73.154547, 28.1659757, 0.0 ] ], [ [ 73.1544963, 28.1656632, 0.0 ], [ 73.1545195, 28.1656635, 0.0 ], [ 73.1545143, 28.1659668, 0.0 ], [ 73.1544911, 28.1659665, 0.0 ], [ 73.1544963, 28.1656632, 0.0 ] ], [ [ 73.1544403, 28.1656625, 0.0 ], [ 73.1544635, 28.1656628, 0.0 ], [ 73.1544583, 28.1659661, 0.0 ], [ 73.1544351, 28.1659657, 0.0 ], [ 73.1544403, 28.1656625, 0.0 ] ], [ [ 73.154491, 28.1659749, 0.0 ], [ 73.1545141, 28.1659752, 0.0 ], [ 73.1545089, 28.1662785, 0.0 ], [ 73.1544858, 28.1662782, 0.0 ], [ 73.154491, 28.1659749, 0.0 ] ], [ [ 73.154435, 28.1659742, 0.0 ], [ 73.1544581, 28.1659745, 0.0 ], [ 73.1544529, 28.1662777, 0.0 ], [ 73.1544298, 28.1662774, 0.0 ], [ 73.154435, 28.1659742, 0.0 ] ], [ [ 73.1543844, 28.1656617, 0.0 ], [ 73.1544075, 28.165662, 0.0 ], [ 73.1544023, 28.1659653, 0.0 ], [ 73.1543791, 28.165965, 0.0 ], [ 73.1543844, 28.1656617, 0.0 ] ], [ [ 73.1543284, 28.165661, 0.0 ], [ 73.1543515, 28.1656613, 0.0 ], [ 73.1543463, 28.1659645, 0.0 ], [ 73.1543232, 28.1659642, 0.0 ], [ 73.1543284, 28.165661, 0.0 ] ], [ [ 73.154379, 28.1659734, 0.0 ], [ 73.1544021, 28.1659737, 0.0 ], [ 73.1543969, 28.166277, 0.0 ], [ 73.1543738, 28.1662767, 0.0 ], [ 73.154379, 28.1659734, 0.0 ] ], [ [ 73.154323, 28.1659727, 0.0 ], [ 73.1543461, 28.165973, 0.0 ], [ 73.1543409, 28.1662762, 0.0 ], [ 73.1543178, 28.1662759, 0.0 ], [ 73.154323, 28.1659727, 0.0 ] ], [ [ 73.1542724, 28.1656602, 0.0 ], [ 73.1542955, 28.1656605, 0.0 ], [ 73.1542903, 28.1659638, 0.0 ], [ 73.1542672, 28.1659635, 0.0 ], [ 73.1542724, 28.1656602, 0.0 ] ], [ [ 73.1542164, 28.1656595, 0.0 ], [ 73.1542395, 28.1656598, 0.0 ], [ 73.1542343, 28.165963, 0.0 ], [ 73.1542112, 28.1659627, 0.0 ], [ 73.1542164, 28.1656595, 0.0 ] ], [ [ 73.154267, 28.1659719, 0.0 ], [ 73.1542901, 28.1659722, 0.0 ], [ 73.1542849, 28.1662755, 0.0 ], [ 73.1542618, 28.1662752, 0.0 ], [ 73.154267, 28.1659719, 0.0 ] ], [ [ 73.154211, 28.1659711, 0.0 ], [ 73.1542341, 28.1659715, 0.0 ], [ 73.1542289, 28.1662747, 0.0 ], [ 73.1542058, 28.1662744, 0.0 ], [ 73.154211, 28.1659711, 0.0 ] ], [ [ 73.1541604, 28.1656587, 0.0 ], [ 73.1541835, 28.165659, 0.0 ], [ 73.1541783, 28.1659623, 0.0 ], [ 73.1541552, 28.165962, 0.0 ], [ 73.1541604, 28.1656587, 0.0 ] ], [ [ 73.1541044, 28.1656579, 0.0 ], [ 73.1541275, 28.1656583, 0.0 ], [ 73.1541223, 28.1659615, 0.0 ], [ 73.1540992, 28.1659612, 0.0 ], [ 73.1541044, 28.1656579, 0.0 ] ], [ [ 73.154155, 28.1659704, 0.0 ], [ 73.1541782, 28.1659707, 0.0 ], [ 73.1541729, 28.166274, 0.0 ], [ 73.1541498, 28.1662737, 0.0 ], [ 73.154155, 28.1659704, 0.0 ] ], [ [ 73.154099, 28.1659696, 0.0 ], [ 73.1541222, 28.1659699, 0.0 ], [ 73.154117, 28.1662732, 0.0 ], [ 73.1540938, 28.1662729, 0.0 ], [ 73.154099, 28.1659696, 0.0 ] ], [ [ 73.1540484, 28.1656572, 0.0 ], [ 73.1540715, 28.1656575, 0.0 ], [ 73.1540663, 28.1659608, 0.0 ], [ 73.1540432, 28.1659605, 0.0 ], [ 73.1540484, 28.1656572, 0.0 ] ], [ [ 73.1539924, 28.1656564, 0.0 ], [ 73.1540155, 28.1656567, 0.0 ], [ 73.1540103, 28.16596, 0.0 ], [ 73.1539872, 28.1659597, 0.0 ], [ 73.1539924, 28.1656564, 0.0 ] ], [ [ 73.154043, 28.1659689, 0.0 ], [ 73.1540662, 28.1659692, 0.0 ], [ 73.154061, 28.1662725, 0.0 ], [ 73.1540378, 28.1662721, 0.0 ], [ 73.154043, 28.1659689, 0.0 ] ], [ [ 73.153987, 28.1659681, 0.0 ], [ 73.1540102, 28.1659684, 0.0 ], [ 73.154005, 28.1662717, 0.0 ], [ 73.1539818, 28.1662714, 0.0 ], [ 73.153987, 28.1659681, 0.0 ] ], [ [ 73.1539364, 28.1656557, 0.0 ], [ 73.1539595, 28.165656, 0.0 ], [ 73.1539543, 28.1659593, 0.0 ], [ 73.1539312, 28.1659589, 0.0 ], [ 73.1539364, 28.1656557, 0.0 ] ], [ [ 73.1538804, 28.1656549, 0.0 ], [ 73.1539035, 28.1656552, 0.0 ], [ 73.1538983, 28.1659585, 0.0 ], [ 73.1538752, 28.1659582, 0.0 ], [ 73.1538804, 28.1656549, 0.0 ] ], [ [ 73.153931, 28.1659674, 0.0 ], [ 73.1539542, 28.1659677, 0.0 ], [ 73.153949, 28.1662709, 0.0 ], [ 73.1539258, 28.1662706, 0.0 ], [ 73.153931, 28.1659674, 0.0 ] ], [ [ 73.153875, 28.1659666, 0.0 ], [ 73.1538982, 28.1659669, 0.0 ], [ 73.153893, 28.1662702, 0.0 ], [ 73.1538698, 28.1662699, 0.0 ], [ 73.153875, 28.1659666, 0.0 ] ], [ [ 73.1538244, 28.1656542, 0.0 ], [ 73.1538475, 28.1656545, 0.0 ], [ 73.1538423, 28.1659578, 0.0 ], [ 73.1538192, 28.1659574, 0.0 ], [ 73.1538244, 28.1656542, 0.0 ] ], [ [ 73.1537684, 28.1656534, 0.0 ], [ 73.1537915, 28.1656537, 0.0 ], [ 73.1537863, 28.165957, 0.0 ], [ 73.1537632, 28.1659567, 0.0 ], [ 73.1537684, 28.1656534, 0.0 ] ], [ [ 73.153819, 28.1659659, 0.0 ], [ 73.1538422, 28.1659662, 0.0 ], [ 73.153837, 28.1662694, 0.0 ], [ 73.1538138, 28.1662691, 0.0 ], [ 73.153819, 28.1659659, 0.0 ] ], [ [ 73.1537631, 28.1659651, 0.0 ], [ 73.1537862, 28.1659654, 0.0 ], [ 73.153781, 28.1662687, 0.0 ], [ 73.1537578, 28.1662684, 0.0 ], [ 73.1537631, 28.1659651, 0.0 ] ], [ [ 73.1537124, 28.1656527, 0.0 ], [ 73.1537355, 28.165653, 0.0 ], [ 73.1537303, 28.1659562, 0.0 ], [ 73.1537072, 28.1659559, 0.0 ], [ 73.1537124, 28.1656527, 0.0 ] ], [ [ 73.1536564, 28.1656519, 0.0 ], [ 73.1536795, 28.1656522, 0.0 ], [ 73.1536743, 28.1659555, 0.0 ], [ 73.1536512, 28.1659552, 0.0 ], [ 73.1536564, 28.1656519, 0.0 ] ], [ [ 73.1537071, 28.1659643, 0.0 ], [ 73.1537302, 28.1659647, 0.0 ], [ 73.153725, 28.1662679, 0.0 ], [ 73.1537019, 28.1662676, 0.0 ], [ 73.1537071, 28.1659643, 0.0 ] ], [ [ 73.1536511, 28.1659636, 0.0 ], [ 73.1536742, 28.1659639, 0.0 ], [ 73.153669, 28.1662672, 0.0 ], [ 73.1536459, 28.1662669, 0.0 ], [ 73.1536511, 28.1659636, 0.0 ] ], [ [ 73.1536004, 28.1656511, 0.0 ], [ 73.1536236, 28.1656515, 0.0 ], [ 73.1536183, 28.1659547, 0.0 ], [ 73.1535952, 28.1659544, 0.0 ], [ 73.1536004, 28.1656511, 0.0 ] ], [ [ 73.1535444, 28.1656504, 0.0 ], [ 73.1535676, 28.1656507, 0.0 ], [ 73.1535623, 28.165954, 0.0 ], [ 73.1535392, 28.1659537, 0.0 ], [ 73.1535444, 28.1656504, 0.0 ] ], [ [ 73.1535951, 28.1659628, 0.0 ], [ 73.1536182, 28.1659631, 0.0 ], [ 73.153613, 28.1662664, 0.0 ], [ 73.1535899, 28.1662661, 0.0 ], [ 73.1535951, 28.1659628, 0.0 ] ], [ [ 73.1535391, 28.1659621, 0.0 ], [ 73.1535622, 28.1659624, 0.0 ], [ 73.153557, 28.1662657, 0.0 ], [ 73.1535339, 28.1662653, 0.0 ], [ 73.1535391, 28.1659621, 0.0 ] ], [ [ 73.1534884, 28.1656496, 0.0 ], [ 73.1535116, 28.16565, 0.0 ], [ 73.1535064, 28.1659532, 0.0 ], [ 73.1534832, 28.1659529, 0.0 ], [ 73.1534884, 28.1656496, 0.0 ] ], [ [ 73.1534324, 28.1656489, 0.0 ], [ 73.1534556, 28.1656492, 0.0 ], [ 73.1534504, 28.1659525, 0.0 ], [ 73.1534272, 28.1659522, 0.0 ], [ 73.1534324, 28.1656489, 0.0 ] ], [ [ 73.1534831, 28.1659613, 0.0 ], [ 73.1535062, 28.1659616, 0.0 ], [ 73.153501, 28.1662649, 0.0 ], [ 73.1534779, 28.1662646, 0.0 ], [ 73.1534831, 28.1659613, 0.0 ] ], [ [ 73.1534271, 28.1659606, 0.0 ], [ 73.1534502, 28.1659609, 0.0 ], [ 73.153445, 28.1662642, 0.0 ], [ 73.1534219, 28.1662638, 0.0 ], [ 73.1534271, 28.1659606, 0.0 ] ], [ [ 73.1533764, 28.1656481, 0.0 ], [ 73.1533996, 28.1656484, 0.0 ], [ 73.1533944, 28.1659517, 0.0 ], [ 73.1533712, 28.1659514, 0.0 ], [ 73.1533764, 28.1656481, 0.0 ] ], [ [ 73.1533204, 28.1656474, 0.0 ], [ 73.1533436, 28.1656477, 0.0 ], [ 73.1533384, 28.165951, 0.0 ], [ 73.1533152, 28.1659506, 0.0 ], [ 73.1533204, 28.1656474, 0.0 ] ], [ [ 73.1533711, 28.1659598, 0.0 ], [ 73.1533942, 28.1659601, 0.0 ], [ 73.153389, 28.1662634, 0.0 ], [ 73.1533659, 28.1662631, 0.0 ], [ 73.1533711, 28.1659598, 0.0 ] ], [ [ 73.1533151, 28.1659591, 0.0 ], [ 73.1533382, 28.1659594, 0.0 ], [ 73.153333, 28.1662626, 0.0 ], [ 73.1533099, 28.1662623, 0.0 ], [ 73.1533151, 28.1659591, 0.0 ] ], [ [ 73.1532644, 28.1656466, 0.0 ], [ 73.1532876, 28.1656469, 0.0 ], [ 73.1532824, 28.1659502, 0.0 ], [ 73.1532592, 28.1659499, 0.0 ], [ 73.1532644, 28.1656466, 0.0 ] ], [ [ 73.1532085, 28.1656459, 0.0 ], [ 73.1532316, 28.1656462, 0.0 ], [ 73.1532264, 28.1659494, 0.0 ], [ 73.1532032, 28.1659491, 0.0 ], [ 73.1532085, 28.1656459, 0.0 ] ], [ [ 73.1532591, 28.1659583, 0.0 ], [ 73.1532822, 28.1659586, 0.0 ], [ 73.153277, 28.1662619, 0.0 ], [ 73.1532539, 28.1662616, 0.0 ], [ 73.1532591, 28.1659583, 0.0 ] ], [ [ 73.1532031, 28.1659575, 0.0 ], [ 73.1532262, 28.1659579, 0.0 ], [ 73.153221, 28.1662611, 0.0 ], [ 73.1531979, 28.1662608, 0.0 ], [ 73.1532031, 28.1659575, 0.0 ] ], [ [ 73.1531525, 28.1656451, 0.0 ], [ 73.1531756, 28.1656454, 0.0 ], [ 73.1531704, 28.1659487, 0.0 ], [ 73.1531473, 28.1659484, 0.0 ], [ 73.1531525, 28.1656451, 0.0 ] ], [ [ 73.1530965, 28.1656444, 0.0 ], [ 73.1531196, 28.1656447, 0.0 ], [ 73.1531144, 28.1659479, 0.0 ], [ 73.1530913, 28.1659476, 0.0 ], [ 73.1530965, 28.1656444, 0.0 ] ], [ [ 73.1531471, 28.1659568, 0.0 ], [ 73.1531702, 28.1659571, 0.0 ], [ 73.153165, 28.1662604, 0.0 ], [ 73.1531419, 28.1662601, 0.0 ], [ 73.1531471, 28.1659568, 0.0 ] ], [ [ 73.1530911, 28.165956, 0.0 ], [ 73.1531142, 28.1659564, 0.0 ], [ 73.153109, 28.1662596, 0.0 ], [ 73.1530859, 28.1662593, 0.0 ], [ 73.1530911, 28.165956, 0.0 ] ], [ [ 73.1530405, 28.1656436, 0.0 ], [ 73.1530636, 28.1656439, 0.0 ], [ 73.1530584, 28.1659472, 0.0 ], [ 73.1530353, 28.1659469, 0.0 ], [ 73.1530405, 28.1656436, 0.0 ] ], [ [ 73.1529845, 28.1656428, 0.0 ], [ 73.1530076, 28.1656432, 0.0 ], [ 73.1530024, 28.1659464, 0.0 ], [ 73.1529793, 28.1659461, 0.0 ], [ 73.1529845, 28.1656428, 0.0 ] ], [ [ 73.1530351, 28.1659553, 0.0 ], [ 73.1530582, 28.1659556, 0.0 ], [ 73.153053, 28.1662589, 0.0 ], [ 73.1530299, 28.1662586, 0.0 ], [ 73.1530351, 28.1659553, 0.0 ] ], [ [ 73.1529791, 28.1659545, 0.0 ], [ 73.1530023, 28.1659548, 0.0 ], [ 73.152997, 28.1662581, 0.0 ], [ 73.1529739, 28.1662578, 0.0 ], [ 73.1529791, 28.1659545, 0.0 ] ], [ [ 73.1529285, 28.1656421, 0.0 ], [ 73.1529516, 28.1656424, 0.0 ], [ 73.1529464, 28.1659457, 0.0 ], [ 73.1529233, 28.1659454, 0.0 ], [ 73.1529285, 28.1656421, 0.0 ] ], [ [ 73.1528725, 28.1656413, 0.0 ], [ 73.1528956, 28.1656416, 0.0 ], [ 73.1528904, 28.1659449, 0.0 ], [ 73.1528673, 28.1659446, 0.0 ], [ 73.1528725, 28.1656413, 0.0 ] ], [ [ 73.1529231, 28.1659538, 0.0 ], [ 73.1529463, 28.1659541, 0.0 ], [ 73.152941, 28.1662574, 0.0 ], [ 73.1529179, 28.166257, 0.0 ], [ 73.1529231, 28.1659538, 0.0 ] ], [ [ 73.1528671, 28.165953, 0.0 ], [ 73.1528903, 28.1659533, 0.0 ], [ 73.1528851, 28.1662566, 0.0 ], [ 73.1528619, 28.1662563, 0.0 ], [ 73.1528671, 28.165953, 0.0 ] ], [ [ 73.1528165, 28.1656406, 0.0 ], [ 73.1528396, 28.1656409, 0.0 ], [ 73.1528344, 28.1659442, 0.0 ], [ 73.1528113, 28.1659438, 0.0 ], [ 73.1528165, 28.1656406, 0.0 ] ], [ [ 73.1527605, 28.1656398, 0.0 ], [ 73.1527836, 28.1656401, 0.0 ], [ 73.1527784, 28.1659434, 0.0 ], [ 73.1527553, 28.1659431, 0.0 ], [ 73.1527605, 28.1656398, 0.0 ] ], [ [ 73.1528111, 28.1659523, 0.0 ], [ 73.1528343, 28.1659526, 0.0 ], [ 73.1528291, 28.1662558, 0.0 ], [ 73.1528059, 28.1662555, 0.0 ], [ 73.1528111, 28.1659523, 0.0 ] ], [ [ 73.1527551, 28.1659515, 0.0 ], [ 73.1527783, 28.1659518, 0.0 ], [ 73.1527731, 28.1662551, 0.0 ], [ 73.1527499, 28.1662548, 0.0 ], [ 73.1527551, 28.1659515, 0.0 ] ], [ [ 73.1526991, 28.1659548, 0.0 ], [ 73.1527222, 28.1659552, 0.0 ], [ 73.152717, 28.1662584, 0.0 ], [ 73.1526939, 28.1662581, 0.0 ], [ 73.1526991, 28.1659548, 0.0 ] ], [ [ 73.1526431, 28.1659541, 0.0 ], [ 73.1526662, 28.1659544, 0.0 ], [ 73.152661, 28.1662577, 0.0 ], [ 73.1526379, 28.1662574, 0.0 ], [ 73.1526431, 28.1659541, 0.0 ] ], [ [ 73.1526937, 28.1662665, 0.0 ], [ 73.1527169, 28.1662668, 0.0 ], [ 73.1527116, 28.1665701, 0.0 ], [ 73.1526885, 28.1665698, 0.0 ], [ 73.1526937, 28.1662665, 0.0 ] ], [ [ 73.1526377, 28.1662658, 0.0 ], [ 73.1526609, 28.1662661, 0.0 ], [ 73.1526556, 28.1665694, 0.0 ], [ 73.1526325, 28.166569, 0.0 ], [ 73.1526377, 28.1662658, 0.0 ] ], [ [ 73.1527097, 28.1653354, 0.0 ], [ 73.1527328, 28.1653357, 0.0 ], [ 73.1527276, 28.165639, 0.0 ], [ 73.1527045, 28.1656386, 0.0 ], [ 73.1527097, 28.1653354, 0.0 ] ], [ [ 73.1526537, 28.1653346, 0.0 ], [ 73.1526769, 28.1653349, 0.0 ], [ 73.1526716, 28.1656382, 0.0 ], [ 73.1526485, 28.1656379, 0.0 ], [ 73.1526537, 28.1653346, 0.0 ] ], [ [ 73.1527044, 28.1656471, 0.0 ], [ 73.1527275, 28.1656474, 0.0 ], [ 73.1527223, 28.1659506, 0.0 ], [ 73.1526992, 28.1659503, 0.0 ], [ 73.1527044, 28.1656471, 0.0 ] ], [ [ 73.1526484, 28.1656463, 0.0 ], [ 73.1526715, 28.1656466, 0.0 ], [ 73.1526663, 28.1659499, 0.0 ], [ 73.1526432, 28.1659496, 0.0 ], [ 73.1526484, 28.1656463, 0.0 ] ], [ [ 73.1525871, 28.1659533, 0.0 ], [ 73.1526102, 28.1659536, 0.0 ], [ 73.152605, 28.1662569, 0.0 ], [ 73.1525819, 28.1662566, 0.0 ], [ 73.1525871, 28.1659533, 0.0 ] ], [ [ 73.1525311, 28.1659526, 0.0 ], [ 73.1525542, 28.1659529, 0.0 ], [ 73.152549, 28.1662562, 0.0 ], [ 73.1525259, 28.1662558, 0.0 ], [ 73.1525311, 28.1659526, 0.0 ] ], [ [ 73.1525817, 28.166265, 0.0 ], [ 73.1526049, 28.1662653, 0.0 ], [ 73.1525997, 28.1665686, 0.0 ], [ 73.1525765, 28.1665683, 0.0 ], [ 73.1525817, 28.166265, 0.0 ] ], [ [ 73.1525257, 28.1662643, 0.0 ], [ 73.1525489, 28.1662646, 0.0 ], [ 73.1525437, 28.1665678, 0.0 ], [ 73.1525205, 28.1665675, 0.0 ], [ 73.1525257, 28.1662643, 0.0 ] ], [ [ 73.1525977, 28.1653339, 0.0 ], [ 73.1526209, 28.1653342, 0.0 ], [ 73.1526156, 28.1656375, 0.0 ], [ 73.1525925, 28.1656371, 0.0 ], [ 73.1525977, 28.1653339, 0.0 ] ], [ [ 73.1525417, 28.1653331, 0.0 ], [ 73.1525649, 28.1653334, 0.0 ], [ 73.1525597, 28.1656367, 0.0 ], [ 73.1525365, 28.1656364, 0.0 ], [ 73.1525417, 28.1653331, 0.0 ] ], [ [ 73.1525924, 28.1656456, 0.0 ], [ 73.1526155, 28.1656459, 0.0 ], [ 73.1526103, 28.1659491, 0.0 ], [ 73.1525872, 28.1659488, 0.0 ], [ 73.1525924, 28.1656456, 0.0 ] ], [ [ 73.1525364, 28.1656448, 0.0 ], [ 73.1525595, 28.1656451, 0.0 ], [ 73.1525543, 28.1659484, 0.0 ], [ 73.1525312, 28.1659481, 0.0 ], [ 73.1525364, 28.1656448, 0.0 ] ], [ [ 73.1524751, 28.1659518, 0.0 ], [ 73.1524982, 28.1659521, 0.0 ], [ 73.152493, 28.1662554, 0.0 ], [ 73.1524699, 28.1662551, 0.0 ], [ 73.1524751, 28.1659518, 0.0 ] ], [ [ 73.1524191, 28.1659511, 0.0 ], [ 73.1524422, 28.1659514, 0.0 ], [ 73.152437, 28.1662547, 0.0 ], [ 73.1524139, 28.1662543, 0.0 ], [ 73.1524191, 28.1659511, 0.0 ] ], [ [ 73.1524697, 28.1662635, 0.0 ], [ 73.1524929, 28.1662638, 0.0 ], [ 73.1524877, 28.1665671, 0.0 ], [ 73.1524645, 28.1665668, 0.0 ], [ 73.1524697, 28.1662635, 0.0 ] ], [ [ 73.1524137, 28.1662628, 0.0 ], [ 73.1524369, 28.1662631, 0.0 ], [ 73.1524317, 28.1665663, 0.0 ], [ 73.1524085, 28.166566, 0.0 ], [ 73.1524137, 28.1662628, 0.0 ] ], [ [ 73.1524857, 28.1653324, 0.0 ], [ 73.1525089, 28.1653327, 0.0 ], [ 73.1525037, 28.1656359, 0.0 ], [ 73.1524805, 28.1656356, 0.0 ], [ 73.1524857, 28.1653324, 0.0 ] ], [ [ 73.1524297, 28.1653316, 0.0 ], [ 73.1524529, 28.1653319, 0.0 ], [ 73.1524477, 28.1656352, 0.0 ], [ 73.1524245, 28.1656349, 0.0 ], [ 73.1524297, 28.1653316, 0.0 ] ], [ [ 73.1524804, 28.165644, 0.0 ], [ 73.1525035, 28.1656444, 0.0 ], [ 73.1524983, 28.1659476, 0.0 ], [ 73.1524752, 28.1659473, 0.0 ], [ 73.1524804, 28.165644, 0.0 ] ], [ [ 73.1524244, 28.1656433, 0.0 ], [ 73.1524475, 28.1656436, 0.0 ], [ 73.1524423, 28.1659469, 0.0 ], [ 73.1524192, 28.1659466, 0.0 ], [ 73.1524244, 28.1656433, 0.0 ] ], [ [ 73.1523631, 28.1659503, 0.0 ], [ 73.1523862, 28.1659506, 0.0 ], [ 73.152381, 28.1662539, 0.0 ], [ 73.1523579, 28.1662536, 0.0 ], [ 73.1523631, 28.1659503, 0.0 ] ], [ [ 73.1523071, 28.1659496, 0.0 ], [ 73.1523302, 28.1659499, 0.0 ], [ 73.152325, 28.1662531, 0.0 ], [ 73.1523019, 28.1662528, 0.0 ], [ 73.1523071, 28.1659496, 0.0 ] ], [ [ 73.1523577, 28.166262, 0.0 ], [ 73.1523809, 28.1662623, 0.0 ], [ 73.1523757, 28.1665656, 0.0 ], [ 73.1523525, 28.1665653, 0.0 ], [ 73.1523577, 28.166262, 0.0 ] ], [ [ 73.1523018, 28.1662612, 0.0 ], [ 73.1523249, 28.1662616, 0.0 ], [ 73.1523197, 28.1665648, 0.0 ], [ 73.1522965, 28.1665645, 0.0 ], [ 73.1523018, 28.1662612, 0.0 ] ], [ [ 73.1523737, 28.1653308, 0.0 ], [ 73.1523969, 28.1653312, 0.0 ], [ 73.1523917, 28.1656344, 0.0 ], [ 73.1523685, 28.1656341, 0.0 ], [ 73.1523737, 28.1653308, 0.0 ] ], [ [ 73.1523178, 28.1653301, 0.0 ], [ 73.1523409, 28.1653304, 0.0 ], [ 73.1523357, 28.1656337, 0.0 ], [ 73.1523125, 28.1656334, 0.0 ], [ 73.1523178, 28.1653301, 0.0 ] ], [ [ 73.1523684, 28.1656425, 0.0 ], [ 73.1523915, 28.1656428, 0.0 ], [ 73.1523863, 28.1659461, 0.0 ], [ 73.1523632, 28.1659458, 0.0 ], [ 73.1523684, 28.1656425, 0.0 ] ], [ [ 73.1523124, 28.1656418, 0.0 ], [ 73.1523355, 28.1656421, 0.0 ], [ 73.1523303, 28.1659454, 0.0 ], [ 73.1523072, 28.165945, 0.0 ], [ 73.1523124, 28.1656418, 0.0 ] ], [ [ 73.1522511, 28.1659488, 0.0 ], [ 73.1522742, 28.1659491, 0.0 ], [ 73.152269, 28.1662524, 0.0 ], [ 73.1522459, 28.1662521, 0.0 ], [ 73.1522511, 28.1659488, 0.0 ] ], [ [ 73.1521951, 28.165948, 0.0 ], [ 73.1522182, 28.1659484, 0.0 ], [ 73.152213, 28.1662516, 0.0 ], [ 73.1521899, 28.1662513, 0.0 ], [ 73.1521951, 28.165948, 0.0 ] ], [ [ 73.1522458, 28.1662605, 0.0 ], [ 73.1522689, 28.1662608, 0.0 ], [ 73.1522637, 28.1665641, 0.0 ], [ 73.1522405, 28.1665638, 0.0 ], [ 73.1522458, 28.1662605, 0.0 ] ], [ [ 73.1521898, 28.1662597, 0.0 ], [ 73.1522129, 28.16626, 0.0 ], [ 73.1522077, 28.1665633, 0.0 ], [ 73.1521846, 28.166563, 0.0 ], [ 73.1521898, 28.1662597, 0.0 ] ], [ [ 73.1522618, 28.1653293, 0.0 ], [ 73.1522849, 28.1653296, 0.0 ], [ 73.1522797, 28.1656329, 0.0 ], [ 73.1522565, 28.1656326, 0.0 ], [ 73.1522618, 28.1653293, 0.0 ] ], [ [ 73.1522058, 28.1653286, 0.0 ], [ 73.1522289, 28.1653289, 0.0 ], [ 73.1522237, 28.1656322, 0.0 ], [ 73.1522006, 28.1656318, 0.0 ], [ 73.1522058, 28.1653286, 0.0 ] ], [ [ 73.1522564, 28.165641, 0.0 ], [ 73.1522795, 28.1656413, 0.0 ], [ 73.1522743, 28.1659446, 0.0 ], [ 73.1522512, 28.1659443, 0.0 ], [ 73.1522564, 28.165641, 0.0 ] ], [ [ 73.1522004, 28.1656403, 0.0 ], [ 73.1522235, 28.1656406, 0.0 ], [ 73.1522183, 28.1659438, 0.0 ], [ 73.1521952, 28.1659435, 0.0 ], [ 73.1522004, 28.1656403, 0.0 ] ], [ [ 73.1521391, 28.1659473, 0.0 ], [ 73.1521623, 28.1659476, 0.0 ], [ 73.152157, 28.1662509, 0.0 ], [ 73.1521339, 28.1662506, 0.0 ], [ 73.1521391, 28.1659473, 0.0 ] ], [ [ 73.1520831, 28.1659465, 0.0 ], [ 73.1521063, 28.1659468, 0.0 ], [ 73.152101, 28.1662501, 0.0 ], [ 73.1520779, 28.1662498, 0.0 ], [ 73.1520831, 28.1659465, 0.0 ] ], [ [ 73.1521338, 28.166259, 0.0 ], [ 73.1521569, 28.1662593, 0.0 ], [ 73.1521517, 28.1665626, 0.0 ], [ 73.1521286, 28.1665622, 0.0 ], [ 73.1521338, 28.166259, 0.0 ] ], [ [ 73.1520778, 28.1662582, 0.0 ], [ 73.1521009, 28.1662585, 0.0 ], [ 73.1520957, 28.1665618, 0.0 ], [ 73.1520726, 28.1665615, 0.0 ], [ 73.1520778, 28.1662582, 0.0 ] ], [ [ 73.1521498, 28.1653278, 0.0 ], [ 73.1521729, 28.1653281, 0.0 ], [ 73.1521677, 28.1656314, 0.0 ], [ 73.1521446, 28.1656311, 0.0 ], [ 73.1521498, 28.1653278, 0.0 ] ], [ [ 73.1520938, 28.1653271, 0.0 ], [ 73.1521169, 28.1653274, 0.0 ], [ 73.1521117, 28.1656307, 0.0 ], [ 73.1520886, 28.1656303, 0.0 ], [ 73.1520938, 28.1653271, 0.0 ] ], [ [ 73.1521444, 28.1656395, 0.0 ], [ 73.1521675, 28.1656398, 0.0 ], [ 73.1521623, 28.1659431, 0.0 ], [ 73.1521392, 28.1659428, 0.0 ], [ 73.1521444, 28.1656395, 0.0 ] ], [ [ 73.1520884, 28.1656388, 0.0 ], [ 73.1521115, 28.1656391, 0.0 ], [ 73.1521063, 28.1659423, 0.0 ], [ 73.1520832, 28.165942, 0.0 ], [ 73.1520884, 28.1656388, 0.0 ] ], [ [ 73.1520271, 28.1659458, 0.0 ], [ 73.1520503, 28.1659461, 0.0 ], [ 73.1520451, 28.1662494, 0.0 ], [ 73.1520219, 28.166249, 0.0 ], [ 73.1520271, 28.1659458, 0.0 ] ], [ [ 73.1519711, 28.165945, 0.0 ], [ 73.1519943, 28.1659453, 0.0 ], [ 73.1519891, 28.1662486, 0.0 ], [ 73.1519659, 28.1662483, 0.0 ], [ 73.1519711, 28.165945, 0.0 ] ], [ [ 73.1520218, 28.1662575, 0.0 ], [ 73.1520449, 28.1662578, 0.0 ], [ 73.1520397, 28.166561, 0.0 ], [ 73.1520166, 28.1665607, 0.0 ], [ 73.1520218, 28.1662575, 0.0 ] ], [ [ 73.1519658, 28.1662567, 0.0 ], [ 73.1519889, 28.166257, 0.0 ], [ 73.1519837, 28.1665603, 0.0 ], [ 73.1519606, 28.16656, 0.0 ], [ 73.1519658, 28.1662567, 0.0 ] ], [ [ 73.1520378, 28.1653263, 0.0 ], [ 73.1520609, 28.1653266, 0.0 ], [ 73.1520557, 28.1656299, 0.0 ], [ 73.1520326, 28.1656296, 0.0 ], [ 73.1520378, 28.1653263, 0.0 ] ], [ [ 73.1519818, 28.1653256, 0.0 ], [ 73.1520049, 28.1653259, 0.0 ], [ 73.1519997, 28.1656291, 0.0 ], [ 73.1519766, 28.1656288, 0.0 ], [ 73.1519818, 28.1653256, 0.0 ] ], [ [ 73.1520324, 28.165638, 0.0 ], [ 73.1520556, 28.1656383, 0.0 ], [ 73.1520503, 28.1659416, 0.0 ], [ 73.1520272, 28.1659413, 0.0 ], [ 73.1520324, 28.165638, 0.0 ] ], [ [ 73.1519764, 28.1656372, 0.0 ], [ 73.1519996, 28.1656376, 0.0 ], [ 73.1519943, 28.1659408, 0.0 ], [ 73.1519712, 28.1659405, 0.0 ], [ 73.1519764, 28.1656372, 0.0 ] ], [ [ 73.1519151, 28.1659443, 0.0 ], [ 73.1519383, 28.1659446, 0.0 ], [ 73.1519331, 28.1662478, 0.0 ], [ 73.1519099, 28.1662475, 0.0 ], [ 73.1519151, 28.1659443, 0.0 ] ], [ [ 73.1518591, 28.1659435, 0.0 ], [ 73.1518823, 28.1659438, 0.0 ], [ 73.1518771, 28.1662471, 0.0 ], [ 73.1518539, 28.1662468, 0.0 ], [ 73.1518591, 28.1659435, 0.0 ] ], [ [ 73.1519098, 28.166256, 0.0 ], [ 73.1519329, 28.1662563, 0.0 ], [ 73.1519277, 28.1665595, 0.0 ], [ 73.1519046, 28.1665592, 0.0 ], [ 73.1519098, 28.166256, 0.0 ] ], [ [ 73.1518538, 28.1662552, 0.0 ], [ 73.1518769, 28.1662555, 0.0 ], [ 73.1518717, 28.1665588, 0.0 ], [ 73.1518486, 28.1665585, 0.0 ], [ 73.1518538, 28.1662552, 0.0 ] ], [ [ 73.1519258, 28.1653248, 0.0 ], [ 73.1519489, 28.1653251, 0.0 ], [ 73.1519437, 28.1656284, 0.0 ], [ 73.1519206, 28.1656281, 0.0 ], [ 73.1519258, 28.1653248, 0.0 ] ], [ [ 73.1518698, 28.165324, 0.0 ], [ 73.1518929, 28.1653244, 0.0 ], [ 73.1518877, 28.1656276, 0.0 ], [ 73.1518646, 28.1656273, 0.0 ], [ 73.1518698, 28.165324, 0.0 ] ], [ [ 73.1519204, 28.1656365, 0.0 ], [ 73.1519436, 28.1656368, 0.0 ], [ 73.1519384, 28.1659401, 0.0 ], [ 73.1519152, 28.1659398, 0.0 ], [ 73.1519204, 28.1656365, 0.0 ] ], [ [ 73.1518644, 28.1656357, 0.0 ], [ 73.1518876, 28.165636, 0.0 ], [ 73.1518824, 28.1659393, 0.0 ], [ 73.1518592, 28.165939, 0.0 ], [ 73.1518644, 28.1656357, 0.0 ] ], [ [ 73.1518086, 28.165627, 0.0 ], [ 73.1518317, 28.1656273, 0.0 ], [ 73.1518265, 28.1659306, 0.0 ], [ 73.1518034, 28.1659302, 0.0 ], [ 73.1518086, 28.165627, 0.0 ] ], [ [ 73.1517526, 28.1656262, 0.0 ], [ 73.1517757, 28.1656265, 0.0 ], [ 73.1517705, 28.1659298, 0.0 ], [ 73.1517474, 28.1659295, 0.0 ], [ 73.1517526, 28.1656262, 0.0 ] ], [ [ 73.1518032, 28.1659387, 0.0 ], [ 73.1518264, 28.165939, 0.0 ], [ 73.1518211, 28.1662422, 0.0 ], [ 73.151798, 28.1662419, 0.0 ], [ 73.1518032, 28.1659387, 0.0 ] ], [ [ 73.1517472, 28.1659379, 0.0 ], [ 73.1517704, 28.1659382, 0.0 ], [ 73.1517651, 28.1662415, 0.0 ], [ 73.151742, 28.1662412, 0.0 ], [ 73.1517472, 28.1659379, 0.0 ] ], [ [ 73.1516859, 28.1662449, 0.0 ], [ 73.1517091, 28.1662452, 0.0 ], [ 73.1517039, 28.1665485, 0.0 ], [ 73.1516807, 28.1665482, 0.0 ], [ 73.1516859, 28.1662449, 0.0 ] ], [ [ 73.1516299, 28.1662442, 0.0 ], [ 73.1516531, 28.1662445, 0.0 ], [ 73.1516479, 28.1665478, 0.0 ], [ 73.1516247, 28.1665474, 0.0 ], [ 73.1516299, 28.1662442, 0.0 ] ], [ [ 73.1516806, 28.1665566, 0.0 ], [ 73.1517037, 28.1665569, 0.0 ], [ 73.1516985, 28.1668602, 0.0 ], [ 73.1516754, 28.1668599, 0.0 ], [ 73.1516806, 28.1665566, 0.0 ] ], [ [ 73.1516246, 28.1665559, 0.0 ], [ 73.1516477, 28.1665562, 0.0 ], [ 73.1516425, 28.1668594, 0.0 ], [ 73.1516194, 28.1668591, 0.0 ], [ 73.1516246, 28.1665559, 0.0 ] ], [ [ 73.1516966, 28.1656255, 0.0 ], [ 73.1517197, 28.1656258, 0.0 ], [ 73.1517145, 28.165929, 0.0 ], [ 73.1516914, 28.1659287, 0.0 ], [ 73.1516966, 28.1656255, 0.0 ] ], [ [ 73.1516406, 28.1656247, 0.0 ], [ 73.1516637, 28.165625, 0.0 ], [ 73.1516585, 28.1659283, 0.0 ], [ 73.1516354, 28.165928, 0.0 ], [ 73.1516406, 28.1656247, 0.0 ] ], [ [ 73.1516912, 28.1659371, 0.0 ], [ 73.1517144, 28.1659375, 0.0 ], [ 73.1517092, 28.1662407, 0.0 ], [ 73.151686, 28.1662404, 0.0 ], [ 73.1516912, 28.1659371, 0.0 ] ], [ [ 73.1516352, 28.1659364, 0.0 ], [ 73.1516584, 28.1659367, 0.0 ], [ 73.1516532, 28.16624, 0.0 ], [ 73.15163, 28.1662397, 0.0 ], [ 73.1516352, 28.1659364, 0.0 ] ], [ [ 73.151574, 28.1662434, 0.0 ], [ 73.1515971, 28.1662437, 0.0 ], [ 73.1515919, 28.166547, 0.0 ], [ 73.1515687, 28.1665467, 0.0 ], [ 73.151574, 28.1662434, 0.0 ] ], [ [ 73.151518, 28.1662427, 0.0 ], [ 73.1515411, 28.166243, 0.0 ], [ 73.1515359, 28.1665462, 0.0 ], [ 73.1515127, 28.1665459, 0.0 ], [ 73.151518, 28.1662427, 0.0 ] ], [ [ 73.1515686, 28.1665551, 0.0 ], [ 73.1515917, 28.1665554, 0.0 ], [ 73.1515865, 28.1668587, 0.0 ], [ 73.1515634, 28.1668584, 0.0 ], [ 73.1515686, 28.1665551, 0.0 ] ], [ [ 73.1515126, 28.1665543, 0.0 ], [ 73.1515357, 28.1665547, 0.0 ], [ 73.1515305, 28.1668579, 0.0 ], [ 73.1515074, 28.1668576, 0.0 ], [ 73.1515126, 28.1665543, 0.0 ] ], [ [ 73.1515846, 28.165624, 0.0 ], [ 73.1516077, 28.1656243, 0.0 ], [ 73.1516025, 28.1659275, 0.0 ], [ 73.1515794, 28.1659272, 0.0 ], [ 73.1515846, 28.165624, 0.0 ] ], [ [ 73.1515286, 28.1656232, 0.0 ], [ 73.1515517, 28.1656235, 0.0 ], [ 73.1515465, 28.1659268, 0.0 ], [ 73.1515234, 28.1659265, 0.0 ], [ 73.1515286, 28.1656232, 0.0 ] ], [ [ 73.1515792, 28.1659356, 0.0 ], [ 73.1516024, 28.1659359, 0.0 ], [ 73.1515972, 28.1662392, 0.0 ], [ 73.151574, 28.1662389, 0.0 ], [ 73.1515792, 28.1659356, 0.0 ] ], [ [ 73.1515232, 28.1659349, 0.0 ], [ 73.1515464, 28.1659352, 0.0 ], [ 73.1515412, 28.1662385, 0.0 ], [ 73.151518, 28.1662382, 0.0 ], [ 73.1515232, 28.1659349, 0.0 ] ], [ [ 73.151462, 28.1662419, 0.0 ], [ 73.1514851, 28.1662422, 0.0 ], [ 73.1514799, 28.1665455, 0.0 ], [ 73.1514567, 28.1665452, 0.0 ], [ 73.151462, 28.1662419, 0.0 ] ], [ [ 73.151406, 28.1662411, 0.0 ], [ 73.1514291, 28.1662415, 0.0 ], [ 73.1514239, 28.1665447, 0.0 ], [ 73.1514008, 28.1665444, 0.0 ], [ 73.151406, 28.1662411, 0.0 ] ], [ [ 73.1514566, 28.1665536, 0.0 ], [ 73.1514797, 28.1665539, 0.0 ], [ 73.1514745, 28.1668572, 0.0 ], [ 73.1514514, 28.1668569, 0.0 ], [ 73.1514566, 28.1665536, 0.0 ] ], [ [ 73.1514006, 28.1665528, 0.0 ], [ 73.1514237, 28.1665531, 0.0 ], [ 73.1514185, 28.1668564, 0.0 ], [ 73.1513954, 28.1668561, 0.0 ], [ 73.1514006, 28.1665528, 0.0 ] ], [ [ 73.1514726, 28.1656224, 0.0 ], [ 73.1514957, 28.1656228, 0.0 ], [ 73.1514905, 28.165926, 0.0 ], [ 73.1514674, 28.1659257, 0.0 ], [ 73.1514726, 28.1656224, 0.0 ] ], [ [ 73.1514166, 28.1656217, 0.0 ], [ 73.1514397, 28.165622, 0.0 ], [ 73.1514345, 28.1659253, 0.0 ], [ 73.1514114, 28.165925, 0.0 ], [ 73.1514166, 28.1656217, 0.0 ] ], [ [ 73.1514673, 28.1659341, 0.0 ], [ 73.1514904, 28.1659344, 0.0 ], [ 73.1514852, 28.1662377, 0.0 ], [ 73.151462, 28.1662374, 0.0 ], [ 73.1514673, 28.1659341, 0.0 ] ], [ [ 73.1514113, 28.1659334, 0.0 ], [ 73.1514344, 28.1659337, 0.0 ], [ 73.1514292, 28.166237, 0.0 ], [ 73.151406, 28.1662366, 0.0 ], [ 73.1514113, 28.1659334, 0.0 ] ], [ [ 73.1513606, 28.1656209, 0.0 ], [ 73.1513838, 28.1656212, 0.0 ], [ 73.1513785, 28.1659245, 0.0 ], [ 73.1513554, 28.1659242, 0.0 ], [ 73.1513606, 28.1656209, 0.0 ] ], [ [ 73.1513046, 28.1656202, 0.0 ], [ 73.1513278, 28.1656205, 0.0 ], [ 73.1513225, 28.1659238, 0.0 ], [ 73.1512994, 28.1659234, 0.0 ], [ 73.1513046, 28.1656202, 0.0 ] ], [ [ 73.1513553, 28.1659326, 0.0 ], [ 73.1513784, 28.1659329, 0.0 ], [ 73.1513732, 28.1662362, 0.0 ], [ 73.15135, 28.1662359, 0.0 ], [ 73.1513553, 28.1659326, 0.0 ] ], [ [ 73.1512993, 28.1659319, 0.0 ], [ 73.1513224, 28.1659322, 0.0 ], [ 73.1513172, 28.1662354, 0.0 ], [ 73.1512941, 28.1662351, 0.0 ], [ 73.1512993, 28.1659319, 0.0 ] ], [ [ 73.1512486, 28.1656194, 0.0 ], [ 73.1512718, 28.1656197, 0.0 ], [ 73.1512665, 28.165923, 0.0 ], [ 73.1512434, 28.1659227, 0.0 ], [ 73.1512486, 28.1656194, 0.0 ] ], [ [ 73.1511926, 28.1656187, 0.0 ], [ 73.1512158, 28.165619, 0.0 ], [ 73.1512106, 28.1659222, 0.0 ], [ 73.1511874, 28.1659219, 0.0 ], [ 73.1511926, 28.1656187, 0.0 ] ], [ [ 73.1512433, 28.1659311, 0.0 ], [ 73.1512664, 28.1659314, 0.0 ], [ 73.1512612, 28.1662347, 0.0 ], [ 73.1512381, 28.1662344, 0.0 ], [ 73.1512433, 28.1659311, 0.0 ] ], [ [ 73.1511873, 28.1659303, 0.0 ], [ 73.1512104, 28.1659307, 0.0 ], [ 73.1512052, 28.1662339, 0.0 ], [ 73.1511821, 28.1662336, 0.0 ], [ 73.1511873, 28.1659303, 0.0 ] ], [ [ 73.1511366, 28.1656179, 0.0 ], [ 73.1511598, 28.1656182, 0.0 ], [ 73.1511546, 28.1659215, 0.0 ], [ 73.1511314, 28.1659212, 0.0 ], [ 73.1511366, 28.1656179, 0.0 ] ], [ [ 73.1510806, 28.1656171, 0.0 ], [ 73.1511038, 28.1656175, 0.0 ], [ 73.1510986, 28.1659207, 0.0 ], [ 73.1510754, 28.1659204, 0.0 ], [ 73.1510806, 28.1656171, 0.0 ] ], [ [ 73.1511313, 28.1659296, 0.0 ], [ 73.1511544, 28.1659299, 0.0 ], [ 73.1511492, 28.1662332, 0.0 ], [ 73.1511261, 28.1662329, 0.0 ], [ 73.1511313, 28.1659296, 0.0 ] ], [ [ 73.1510753, 28.1659288, 0.0 ], [ 73.1510984, 28.1659291, 0.0 ], [ 73.1510932, 28.1662324, 0.0 ], [ 73.1510701, 28.1662321, 0.0 ], [ 73.1510753, 28.1659288, 0.0 ] ] ] } }
]
}
