{
"type": "FeatureCollection",
"name": "ITC-19 strings",
"bbox": [ 73.1551233, 28.1675872, 0.0000000, 73.1616127, 28.1737709, 0.0000000 ],                                                  
"features": [
{ "type": "Feature", "properties": { "id": "kml_1", "Name": "EDGE TRACKERS", "description": null, "timestamp": null, "begin": null, "end": null, "altitudeMode": null, "tessellate": -1, "extrude": 0, "visibility": -1, "drawOrder": null, "icon": null }, "bbox": [ 73.1551233, 28.1675872, 0.0, 73.1612555, 28.1737709, 0.0 ], "geometry": { "type": "MultiLineString", "coordinates": [ [ [ 73.1555206, 28.1712535, 0.0 ], [ 73.1555437, 28.1712538, 0.0 ], [ 73.1555385, 28.1715571, 0.0 ], [ 73.1555154, 28.1715568, 0.0 ], [ 73.1555206, 28.1712535, 0.0 ] ], [ [ 73.1554646, 28.1712528, 0.0 ], [ 73.1554877, 28.1712531, 0.0 ], [ 73.1554825, 28.1715564, 0.0 ], [ 73.1554594, 28.171556, 0.0 ], [ 73.1554646, 28.1712528, 0.0 ] ], [ [ 73.1555153, 28.1715652, 0.0 ], [ 73.1555384, 28.1715655, 0.0 ], [ 73.1555332, 28.1718688, 0.0 ], [ 73.1555101, 28.1718685, 0.0 ], [ 73.1555153, 28.1715652, 0.0 ] ], [ [ 73.1554593, 28.1715645, 0.0 ], [ 73.1554824, 28.1715648, 0.0 ], [ 73.1554772, 28.171868, 0.0 ], [ 73.1554541, 28.1718677, 0.0 ], [ 73.1554593, 28.1715645, 0.0 ] ], [ [ 73.1551899, 28.1709412, 0.0 ], [ 73.155213, 28.1709415, 0.0 ], [ 73.1552078, 28.1712448, 0.0 ], [ 73.1551847, 28.1712445, 0.0 ], [ 73.1551899, 28.1709412, 0.0 ] ], [ [ 73.1551339, 28.1709405, 0.0 ], [ 73.155157, 28.1709408, 0.0 ], [ 73.1551518, 28.171244, 0.0 ], [ 73.1551287, 28.1712437, 0.0 ], [ 73.1551339, 28.1709405, 0.0 ] ], [ [ 73.1551845, 28.1712529, 0.0 ], [ 73.1552077, 28.1712532, 0.0 ], [ 73.1552025, 28.1715565, 0.0 ], [ 73.1551793, 28.1715562, 0.0 ], [ 73.1551845, 28.1712529, 0.0 ] ], [ [ 73.1551286, 28.1712522, 0.0 ], [ 73.1551517, 28.1712525, 0.0 ], [ 73.1551465, 28.1715557, 0.0 ], [ 73.1551233, 28.1715554, 0.0 ], [ 73.1551286, 28.1712522, 0.0 ] ], [ [ 73.1612324, 28.1713304, 0.0 ], [ 73.1612555, 28.1713307, 0.0 ], [ 73.1612504, 28.1716339, 0.0 ], [ 73.1612272, 28.1716336, 0.0 ], [ 73.1612324, 28.1713304, 0.0 ] ], [ [ 73.1611764, 28.1713296, 0.0 ], [ 73.1611995, 28.1713299, 0.0 ], [ 73.1611944, 28.1716332, 0.0 ], [ 73.1611712, 28.1716329, 0.0 ], [ 73.1611764, 28.1713296, 0.0 ] ], [ [ 73.1612271, 28.171642, 0.0 ], [ 73.1612502, 28.1716424, 0.0 ], [ 73.161245, 28.1719456, 0.0 ], [ 73.1612219, 28.1719453, 0.0 ], [ 73.1612271, 28.171642, 0.0 ] ], [ [ 73.1611711, 28.1716413, 0.0 ], [ 73.1611942, 28.1716416, 0.0 ], [ 73.161189, 28.1719449, 0.0 ], [ 73.1611659, 28.1719446, 0.0 ], [ 73.1611711, 28.1716413, 0.0 ] ], [ [ 73.1602244, 28.1713168, 0.0 ], [ 73.1602476, 28.1713171, 0.0 ], [ 73.1602424, 28.1716204, 0.0 ], [ 73.1602193, 28.1716201, 0.0 ], [ 73.1602244, 28.1713168, 0.0 ] ], [ [ 73.1601684, 28.1713161, 0.0 ], [ 73.1601916, 28.1713164, 0.0 ], [ 73.1601864, 28.1716196, 0.0 ], [ 73.1601633, 28.1716193, 0.0 ], [ 73.1601684, 28.1713161, 0.0 ] ], [ [ 73.1602191, 28.1716285, 0.0 ], [ 73.1602422, 28.1716288, 0.0 ], [ 73.1602371, 28.1719321, 0.0 ], [ 73.1602139, 28.1719318, 0.0 ], [ 73.1602191, 28.1716285, 0.0 ] ], [ [ 73.1601631, 28.1716278, 0.0 ], [ 73.1601862, 28.1716281, 0.0 ], [ 73.1601811, 28.1719313, 0.0 ], [ 73.1601579, 28.171931, 0.0 ], [ 73.1601631, 28.1716278, 0.0 ] ], [ [ 73.1597659, 28.1719303, 0.0 ], [ 73.159789, 28.1719306, 0.0 ], [ 73.1597838, 28.1722338, 0.0 ], [ 73.1597607, 28.1722335, 0.0 ], [ 73.1597659, 28.1719303, 0.0 ] ], [ [ 73.1597099, 28.1719295, 0.0 ], [ 73.159733, 28.1719298, 0.0 ], [ 73.1597278, 28.1722331, 0.0 ], [ 73.1597047, 28.1722328, 0.0 ], [ 73.1597099, 28.1719295, 0.0 ] ], [ [ 73.1597605, 28.172242, 0.0 ], [ 73.1597837, 28.1722423, 0.0 ], [ 73.1597785, 28.1725455, 0.0 ], [ 73.1597553, 28.1725452, 0.0 ], [ 73.1597605, 28.172242, 0.0 ] ], [ [ 73.1597045, 28.1722412, 0.0 ], [ 73.1597277, 28.1722415, 0.0 ], [ 73.1597225, 28.1725448, 0.0 ], [ 73.1596993, 28.1725445, 0.0 ], [ 73.1597045, 28.1722412, 0.0 ] ], [ [ 73.1593073, 28.1725437, 0.0 ], [ 73.1593304, 28.172544, 0.0 ], [ 73.1593252, 28.1728473, 0.0 ], [ 73.1593021, 28.172847, 0.0 ], [ 73.1593073, 28.1725437, 0.0 ] ], [ [ 73.1592513, 28.172543, 0.0 ], [ 73.1592744, 28.1725433, 0.0 ], [ 73.1592692, 28.1728465, 0.0 ], [ 73.1592461, 28.1728462, 0.0 ], [ 73.1592513, 28.172543, 0.0 ] ], [ [ 73.1593019, 28.1728554, 0.0 ], [ 73.1593251, 28.1728557, 0.0 ], [ 73.1593199, 28.173159, 0.0 ], [ 73.1592967, 28.1731587, 0.0 ], [ 73.1593019, 28.1728554, 0.0 ] ], [ [ 73.1592459, 28.1728546, 0.0 ], [ 73.1592691, 28.172855, 0.0 ], [ 73.1592639, 28.1731582, 0.0 ], [ 73.1592407, 28.1731579, 0.0 ], [ 73.1592459, 28.1728546, 0.0 ] ], [ [ 73.1593921, 28.167588, 0.0 ], [ 73.1594152, 28.1675883, 0.0 ], [ 73.15941, 28.1678915, 0.0 ], [ 73.1593869, 28.1678912, 0.0 ], [ 73.1593921, 28.167588, 0.0 ] ], [ [ 73.1593361, 28.1675872, 0.0 ], [ 73.1593592, 28.1675875, 0.0 ], [ 73.1593541, 28.1678908, 0.0 ], [ 73.1593309, 28.1678905, 0.0 ], [ 73.1593361, 28.1675872, 0.0 ] ], [ [ 73.1593868, 28.1678997, 0.0 ], [ 73.1594099, 28.1679, 0.0 ], [ 73.1594047, 28.1682032, 0.0 ], [ 73.1593816, 28.1682029, 0.0 ], [ 73.1593868, 28.1678997, 0.0 ] ], [ [ 73.1593308, 28.1678989, 0.0 ], [ 73.1593539, 28.1678992, 0.0 ], [ 73.1593487, 28.1682025, 0.0 ], [ 73.1593256, 28.1682022, 0.0 ], [ 73.1593308, 28.1678989, 0.0 ] ], [ [ 73.1590031, 28.1706808, 0.0 ], [ 73.1590262, 28.1706811, 0.0 ], [ 73.159021, 28.1709844, 0.0 ], [ 73.1589979, 28.1709841, 0.0 ], [ 73.1590031, 28.1706808, 0.0 ] ], [ [ 73.1589471, 28.17068, 0.0 ], [ 73.1589702, 28.1706803, 0.0 ], [ 73.158965, 28.1709836, 0.0 ], [ 73.1589419, 28.1709833, 0.0 ], [ 73.1589471, 28.17068, 0.0 ] ], [ [ 73.1589978, 28.1709925, 0.0 ], [ 73.1590209, 28.1709928, 0.0 ], [ 73.1590157, 28.1712961, 0.0 ], [ 73.1589926, 28.1712957, 0.0 ], [ 73.1589978, 28.1709925, 0.0 ] ], [ [ 73.1589418, 28.1709917, 0.0 ], [ 73.1589649, 28.170992, 0.0 ], [ 73.1589597, 28.1712953, 0.0 ], [ 73.1589366, 28.171295, 0.0 ], [ 73.1589418, 28.1709917, 0.0 ] ], [ [ 73.1587367, 28.1731557, 0.0 ], [ 73.1587598, 28.173156, 0.0 ], [ 73.1587546, 28.1734592, 0.0 ], [ 73.1587315, 28.1734589, 0.0 ], [ 73.1587367, 28.1731557, 0.0 ] ], [ [ 73.1586807, 28.1731549, 0.0 ], [ 73.1587038, 28.1731552, 0.0 ], [ 73.1586986, 28.1734585, 0.0 ], [ 73.1586755, 28.1734582, 0.0 ], [ 73.1586807, 28.1731549, 0.0 ] ], [ [ 73.1587313, 28.1734673, 0.0 ], [ 73.1587545, 28.1734676, 0.0 ], [ 73.1587493, 28.1737709, 0.0 ], [ 73.1587261, 28.1737706, 0.0 ], [ 73.1587313, 28.1734673, 0.0 ] ], [ [ 73.1586753, 28.1734666, 0.0 ], [ 73.1586985, 28.1734669, 0.0 ], [ 73.1586933, 28.1737702, 0.0 ], [ 73.1586701, 28.1737699, 0.0 ], [ 73.1586753, 28.1734666, 0.0 ] ], [ [ 73.1554095, 28.1711979, 0.0 ], [ 73.1554327, 28.1711982, 0.0 ], [ 73.1554275, 28.1715015, 0.0 ], [ 73.1554043, 28.1715012, 0.0 ], [ 73.1554095, 28.1711979, 0.0 ] ], [ [ 73.1553535, 28.1711971, 0.0 ], [ 73.1553767, 28.1711974, 0.0 ], [ 73.1553715, 28.1715007, 0.0 ], [ 73.1553483, 28.1715004, 0.0 ], [ 73.1553535, 28.1711971, 0.0 ] ], [ [ 73.1554042, 28.1715096, 0.0 ], [ 73.1554273, 28.1715099, 0.0 ], [ 73.1554221, 28.1718132, 0.0 ], [ 73.155399, 28.1718128, 0.0 ], [ 73.1554042, 28.1715096, 0.0 ] ], [ [ 73.1553482, 28.1715088, 0.0 ], [ 73.1553713, 28.1715091, 0.0 ], [ 73.1553661, 28.1718124, 0.0 ], [ 73.155343, 28.1718121, 0.0 ], [ 73.1553482, 28.1715088, 0.0 ] ], [ [ 73.1554202, 28.1705784, 0.0 ], [ 73.1554433, 28.1705787, 0.0 ], [ 73.1554381, 28.170882, 0.0 ], [ 73.155415, 28.1708817, 0.0 ], [ 73.1554202, 28.1705784, 0.0 ] ], [ [ 73.1553642, 28.1705777, 0.0 ], [ 73.1553873, 28.170578, 0.0 ], [ 73.1553821, 28.1708812, 0.0 ], [ 73.155359, 28.1708809, 0.0 ], [ 73.1553642, 28.1705777, 0.0 ] ], [ [ 73.1554148, 28.1708901, 0.0 ], [ 73.155438, 28.1708904, 0.0 ], [ 73.1554327, 28.1711937, 0.0 ], [ 73.1554096, 28.1711934, 0.0 ], [ 73.1554148, 28.1708901, 0.0 ] ], [ [ 73.1553588, 28.1708893, 0.0 ], [ 73.155382, 28.1708897, 0.0 ], [ 73.1553767, 28.1711929, 0.0 ], [ 73.1553536, 28.1711926, 0.0 ], [ 73.1553588, 28.1708893, 0.0 ] ], [ [ 73.1578407, 28.1731436, 0.0 ], [ 73.1578638, 28.1731439, 0.0 ], [ 73.1578586, 28.1734472, 0.0 ], [ 73.1578355, 28.1734469, 0.0 ], [ 73.1578407, 28.1731436, 0.0 ] ], [ [ 73.1577847, 28.1731428, 0.0 ], [ 73.1578078, 28.1731432, 0.0 ], [ 73.1578026, 28.1734464, 0.0 ], [ 73.1577795, 28.1734461, 0.0 ], [ 73.1577847, 28.1731428, 0.0 ] ], [ [ 73.1578353, 28.1734553, 0.0 ], [ 73.1578585, 28.1734556, 0.0 ], [ 73.1578533, 28.1737589, 0.0 ], [ 73.1578301, 28.1737586, 0.0 ], [ 73.1578353, 28.1734553, 0.0 ] ], [ [ 73.1577793, 28.1734545, 0.0 ], [ 73.1578025, 28.1734548, 0.0 ], [ 73.1577973, 28.1737581, 0.0 ], [ 73.1577741, 28.1737578, 0.0 ], [ 73.1577793, 28.1734545, 0.0 ] ], [ [ 73.1570673, 28.1725136, 0.0 ], [ 73.1570904, 28.1725139, 0.0 ], [ 73.1570852, 28.1728172, 0.0 ], [ 73.1570621, 28.1728168, 0.0 ], [ 73.1570673, 28.1725136, 0.0 ] ], [ [ 73.1570113, 28.1725128, 0.0 ], [ 73.1570344, 28.1725131, 0.0 ], [ 73.1570292, 28.1728164, 0.0 ], [ 73.1570061, 28.1728161, 0.0 ], [ 73.1570113, 28.1725128, 0.0 ] ], [ [ 73.157062, 28.1728253, 0.0 ], [ 73.1570851, 28.1728256, 0.0 ], [ 73.1570799, 28.1731288, 0.0 ], [ 73.1570568, 28.1731285, 0.0 ], [ 73.157062, 28.1728253, 0.0 ] ], [ [ 73.157006, 28.1728245, 0.0 ], [ 73.1570291, 28.1728248, 0.0 ], [ 73.1570239, 28.1731281, 0.0 ], [ 73.1570008, 28.1731278, 0.0 ], [ 73.157006, 28.1728245, 0.0 ] ], [ [ 73.156294, 28.1718836, 0.0 ], [ 73.1563171, 28.1718839, 0.0 ], [ 73.1563119, 28.1721871, 0.0 ], [ 73.1562888, 28.1721868, 0.0 ], [ 73.156294, 28.1718836, 0.0 ] ], [ [ 73.156238, 28.1718828, 0.0 ], [ 73.1562611, 28.1718831, 0.0 ], [ 73.1562559, 28.1721864, 0.0 ], [ 73.1562328, 28.1721861, 0.0 ], [ 73.156238, 28.1718828, 0.0 ] ], [ [ 73.1562886, 28.1721952, 0.0 ], [ 73.1563117, 28.1721956, 0.0 ], [ 73.1563065, 28.1724988, 0.0 ], [ 73.1562834, 28.1724985, 0.0 ], [ 73.1562886, 28.1721952, 0.0 ] ], [ [ 73.1562326, 28.1721945, 0.0 ], [ 73.1562557, 28.1721948, 0.0 ], [ 73.1562505, 28.1724981, 0.0 ], [ 73.1562274, 28.1724978, 0.0 ], [ 73.1562326, 28.1721945, 0.0 ] ], [ [ 73.1584431, 28.1706733, 0.0 ], [ 73.1584662, 28.1706736, 0.0 ], [ 73.1584611, 28.1709768, 0.0 ], [ 73.1584379, 28.1709765, 0.0 ], [ 73.1584431, 28.1706733, 0.0 ] ], [ [ 73.1583871, 28.1706725, 0.0 ], [ 73.1584103, 28.1706728, 0.0 ], [ 73.1584051, 28.1709761, 0.0 ], [ 73.1583819, 28.1709758, 0.0 ], [ 73.1583871, 28.1706725, 0.0 ] ], [ [ 73.1584378, 28.1709849, 0.0 ], [ 73.1584609, 28.1709853, 0.0 ], [ 73.1584557, 28.1712885, 0.0 ], [ 73.1584326, 28.1712882, 0.0 ], [ 73.1584378, 28.1709849, 0.0 ] ], [ [ 73.1583818, 28.1709842, 0.0 ], [ 73.1584049, 28.1709845, 0.0 ], [ 73.1583997, 28.1712878, 0.0 ], [ 73.1583766, 28.1712875, 0.0 ], [ 73.1583818, 28.1709842, 0.0 ] ], [ [ 73.1557658, 28.1700176, 0.0 ], [ 73.155789, 28.1700179, 0.0 ], [ 73.1557838, 28.1703212, 0.0 ], [ 73.1557606, 28.1703209, 0.0 ], [ 73.1557658, 28.1700176, 0.0 ] ], [ [ 73.1557099, 28.1700169, 0.0 ], [ 73.155733, 28.1700172, 0.0 ], [ 73.1557278, 28.1703204, 0.0 ], [ 73.1557046, 28.1703201, 0.0 ], [ 73.1557099, 28.1700169, 0.0 ] ], [ [ 73.1557605, 28.1703293, 0.0 ], [ 73.1557836, 28.1703296, 0.0 ], [ 73.1557784, 28.1706329, 0.0 ], [ 73.1557553, 28.1706326, 0.0 ], [ 73.1557605, 28.1703293, 0.0 ] ], [ [ 73.1557045, 28.1703285, 0.0 ], [ 73.1557276, 28.1703289, 0.0 ], [ 73.1557224, 28.1706321, 0.0 ], [ 73.1556993, 28.1706318, 0.0 ], [ 73.1557045, 28.1703285, 0.0 ] ], [ [ 73.1557765, 28.1693981, 0.0 ], [ 73.1557996, 28.1693985, 0.0 ], [ 73.1557944, 28.1697017, 0.0 ], [ 73.1557713, 28.1697014, 0.0 ], [ 73.1557765, 28.1693981, 0.0 ] ], [ [ 73.1557205, 28.1693974, 0.0 ], [ 73.1557436, 28.1693977, 0.0 ], [ 73.1557384, 28.169701, 0.0 ], [ 73.1557153, 28.1697007, 0.0 ], [ 73.1557205, 28.1693974, 0.0 ] ], [ [ 73.1557711, 28.1697098, 0.0 ], [ 73.1557943, 28.1697101, 0.0 ], [ 73.1557891, 28.1700134, 0.0 ], [ 73.1557659, 28.1700131, 0.0 ], [ 73.1557711, 28.1697098, 0.0 ] ], [ [ 73.1557151, 28.1697091, 0.0 ], [ 73.1557383, 28.1697094, 0.0 ], [ 73.1557331, 28.1700127, 0.0 ], [ 73.1557099, 28.1700123, 0.0 ], [ 73.1557151, 28.1697091, 0.0 ] ] ] } },
{ "type": "Feature", "properties": { "id": "kml_69", "Name": "TRACKERS", "description": null, "timestamp": null, "begin": null, "end": null, "altitudeMode": null, "tessellate": -1, "extrude": 0, "visibility": -1, "drawOrder": null, "icon": null }, "bbox": [ 73.1552353, 28.1675887, 0.0, 73.1616127, 28.1737694, 0.0 ], "geometry": { "type": "MultiLineString", "coordinates": [ [ [ 73.1553019, 28.1709427, 0.0 ], [ 73.155325, 28.170943, 0.0 ], [ 73.1553198, 28.1712463, 0.0 ], [ 73.1552967, 28.171246, 0.0 ], [ 73.1553019, 28.1709427, 0.0 ] ], [ [ 73.1552459, 28.170942, 0.0 ], [ 73.155269, 28.1709423, 0.0 ], [ 73.1552638, 28.1712456, 0.0 ], [ 73.1552407, 28.1712452, 0.0 ], [ 73.1552459, 28.170942, 0.0 ] ], [ [ 73.1552965, 28.1712544, 0.0 ], [ 73.1553197, 28.1712547, 0.0 ], [ 73.1553145, 28.171558, 0.0 ], [ 73.1552913, 28.1715577, 0.0 ], [ 73.1552965, 28.1712544, 0.0 ] ], [ [ 73.1552405, 28.1712537, 0.0 ], [ 73.1552637, 28.171254, 0.0 ], [ 73.1552585, 28.1715572, 0.0 ], [ 73.1552353, 28.1715569, 0.0 ], [ 73.1552405, 28.1712537, 0.0 ] ], [ [ 73.1615684, 28.1713349, 0.0 ], [ 73.1615915, 28.1713352, 0.0 ], [ 73.1615864, 28.1716385, 0.0 ], [ 73.1615632, 28.1716381, 0.0 ], [ 73.1615684, 28.1713349, 0.0 ] ], [ [ 73.1615124, 28.1713341, 0.0 ], [ 73.1615355, 28.1713344, 0.0 ], [ 73.1615304, 28.1716377, 0.0 ], [ 73.1615072, 28.1716374, 0.0 ], [ 73.1615124, 28.1713341, 0.0 ] ], [ [ 73.1615631, 28.1716466, 0.0 ], [ 73.1615862, 28.1716469, 0.0 ], [ 73.161581, 28.1719501, 0.0 ], [ 73.1615579, 28.1719498, 0.0 ], [ 73.1615631, 28.1716466, 0.0 ] ], [ [ 73.1615071, 28.1716458, 0.0 ], [ 73.1615302, 28.1716461, 0.0 ], [ 73.161525, 28.1719494, 0.0 ], [ 73.1615019, 28.1719491, 0.0 ], [ 73.1615071, 28.1716458, 0.0 ] ], [ [ 73.161579, 28.1707154, 0.0 ], [ 73.1616021, 28.1707157, 0.0 ], [ 73.1615969, 28.171019, 0.0 ], [ 73.1615738, 28.1710187, 0.0 ], [ 73.161579, 28.1707154, 0.0 ] ], [ [ 73.161523, 28.1707147, 0.0 ], [ 73.1615461, 28.170715, 0.0 ], [ 73.1615409, 28.1710182, 0.0 ], [ 73.1615178, 28.1710179, 0.0 ], [ 73.161523, 28.1707147, 0.0 ] ], [ [ 73.1615737, 28.1710271, 0.0 ], [ 73.1615968, 28.1710274, 0.0 ], [ 73.1615916, 28.1713307, 0.0 ], [ 73.1615685, 28.1713304, 0.0 ], [ 73.1615737, 28.1710271, 0.0 ] ], [ [ 73.1615177, 28.1710263, 0.0 ], [ 73.1615408, 28.1710267, 0.0 ], [ 73.1615356, 28.1713299, 0.0 ], [ 73.1615125, 28.1713296, 0.0 ], [ 73.1615177, 28.1710263, 0.0 ] ], [ [ 73.1615896, 28.1700959, 0.0 ], [ 73.1616127, 28.1700962, 0.0 ], [ 73.1616075, 28.1703995, 0.0 ], [ 73.1615844, 28.1703992, 0.0 ], [ 73.1615896, 28.1700959, 0.0 ] ], [ [ 73.1615336, 28.1700952, 0.0 ], [ 73.1615567, 28.1700955, 0.0 ], [ 73.1615515, 28.1703988, 0.0 ], [ 73.1615284, 28.1703985, 0.0 ], [ 73.1615336, 28.1700952, 0.0 ] ], [ [ 73.1615843, 28.1704076, 0.0 ], [ 73.1616074, 28.1704079, 0.0 ], [ 73.1616022, 28.1707112, 0.0 ], [ 73.1615791, 28.1707109, 0.0 ], [ 73.1615843, 28.1704076, 0.0 ] ], [ [ 73.1615283, 28.1704069, 0.0 ], [ 73.1615514, 28.1704072, 0.0 ], [ 73.1615462, 28.1707105, 0.0 ], [ 73.1615231, 28.1707101, 0.0 ], [ 73.1615283, 28.1704069, 0.0 ] ], [ [ 73.1614564, 28.1713334, 0.0 ], [ 73.1614795, 28.1713337, 0.0 ], [ 73.1614744, 28.1716369, 0.0 ], [ 73.1614512, 28.1716366, 0.0 ], [ 73.1614564, 28.1713334, 0.0 ] ], [ [ 73.1614004, 28.1713326, 0.0 ], [ 73.1614235, 28.1713329, 0.0 ], [ 73.1614184, 28.1716362, 0.0 ], [ 73.1613952, 28.1716359, 0.0 ], [ 73.1614004, 28.1713326, 0.0 ] ], [ [ 73.1614511, 28.1716451, 0.0 ], [ 73.1614742, 28.1716454, 0.0 ], [ 73.161469, 28.1719486, 0.0 ], [ 73.1614459, 28.1719483, 0.0 ], [ 73.1614511, 28.1716451, 0.0 ] ], [ [ 73.1613951, 28.1716443, 0.0 ], [ 73.1614182, 28.1716446, 0.0 ], [ 73.161413, 28.1719479, 0.0 ], [ 73.1613899, 28.1719476, 0.0 ], [ 73.1613951, 28.1716443, 0.0 ] ], [ [ 73.161467, 28.1707139, 0.0 ], [ 73.1614901, 28.1707142, 0.0 ], [ 73.1614849, 28.1710175, 0.0 ], [ 73.1614618, 28.1710172, 0.0 ], [ 73.161467, 28.1707139, 0.0 ] ], [ [ 73.161411, 28.1707131, 0.0 ], [ 73.1614341, 28.1707135, 0.0 ], [ 73.1614289, 28.1710167, 0.0 ], [ 73.1614058, 28.1710164, 0.0 ], [ 73.161411, 28.1707131, 0.0 ] ], [ [ 73.1614617, 28.1710256, 0.0 ], [ 73.1614848, 28.1710259, 0.0 ], [ 73.1614796, 28.1713292, 0.0 ], [ 73.1614565, 28.1713289, 0.0 ], [ 73.1614617, 28.1710256, 0.0 ] ], [ [ 73.1614057, 28.1710248, 0.0 ], [ 73.1614288, 28.1710251, 0.0 ], [ 73.1614236, 28.1713284, 0.0 ], [ 73.1614005, 28.1713281, 0.0 ], [ 73.1614057, 28.1710248, 0.0 ] ], [ [ 73.1614776, 28.1700944, 0.0 ], [ 73.1615007, 28.1700947, 0.0 ], [ 73.1614955, 28.170398, 0.0 ], [ 73.1614724, 28.1703977, 0.0 ], [ 73.1614776, 28.1700944, 0.0 ] ], [ [ 73.1614216, 28.1700937, 0.0 ], [ 73.1614447, 28.170094, 0.0 ], [ 73.1614395, 28.1703973, 0.0 ], [ 73.1614164, 28.1703969, 0.0 ], [ 73.1614216, 28.1700937, 0.0 ] ], [ [ 73.1614723, 28.1704061, 0.0 ], [ 73.1614954, 28.1704064, 0.0 ], [ 73.1614902, 28.1707097, 0.0 ], [ 73.1614671, 28.1707094, 0.0 ], [ 73.1614723, 28.1704061, 0.0 ] ], [ [ 73.1614163, 28.1704054, 0.0 ], [ 73.1614394, 28.1704057, 0.0 ], [ 73.1614342, 28.1707089, 0.0 ], [ 73.1614111, 28.1707086, 0.0 ], [ 73.1614163, 28.1704054, 0.0 ] ], [ [ 73.1613444, 28.1713319, 0.0 ], [ 73.1613675, 28.1713322, 0.0 ], [ 73.1613624, 28.1716354, 0.0 ], [ 73.1613392, 28.1716351, 0.0 ], [ 73.1613444, 28.1713319, 0.0 ] ], [ [ 73.1612884, 28.1713311, 0.0 ], [ 73.1613115, 28.1713314, 0.0 ], [ 73.1613064, 28.1716347, 0.0 ], [ 73.1612832, 28.1716344, 0.0 ], [ 73.1612884, 28.1713311, 0.0 ] ], [ [ 73.1613391, 28.1716436, 0.0 ], [ 73.1613622, 28.1716439, 0.0 ], [ 73.161357, 28.1719471, 0.0 ], [ 73.1613339, 28.1719468, 0.0 ], [ 73.1613391, 28.1716436, 0.0 ] ], [ [ 73.1612831, 28.1716428, 0.0 ], [ 73.1613062, 28.1716431, 0.0 ], [ 73.161301, 28.1719464, 0.0 ], [ 73.1612779, 28.1719461, 0.0 ], [ 73.1612831, 28.1716428, 0.0 ] ], [ [ 73.161355, 28.1707124, 0.0 ], [ 73.1613781, 28.1707127, 0.0 ], [ 73.161373, 28.171016, 0.0 ], [ 73.1613498, 28.1710157, 0.0 ], [ 73.161355, 28.1707124, 0.0 ] ], [ [ 73.161299, 28.1707116, 0.0 ], [ 73.1613221, 28.170712, 0.0 ], [ 73.161317, 28.1710152, 0.0 ], [ 73.1612938, 28.1710149, 0.0 ], [ 73.161299, 28.1707116, 0.0 ] ], [ [ 73.1613497, 28.1710241, 0.0 ], [ 73.1613728, 28.1710244, 0.0 ], [ 73.1613676, 28.1713277, 0.0 ], [ 73.1613445, 28.1713274, 0.0 ], [ 73.1613497, 28.1710241, 0.0 ] ], [ [ 73.1612937, 28.1710233, 0.0 ], [ 73.1613168, 28.1710236, 0.0 ], [ 73.1613116, 28.1713269, 0.0 ], [ 73.1612885, 28.1713266, 0.0 ], [ 73.1612937, 28.1710233, 0.0 ] ], [ [ 73.1613656, 28.1700929, 0.0 ], [ 73.1613887, 28.1700932, 0.0 ], [ 73.1613835, 28.1703965, 0.0 ], [ 73.1613604, 28.1703962, 0.0 ], [ 73.1613656, 28.1700929, 0.0 ] ], [ [ 73.1613096, 28.1700922, 0.0 ], [ 73.1613327, 28.1700925, 0.0 ], [ 73.1613275, 28.1703958, 0.0 ], [ 73.1613044, 28.1703954, 0.0 ], [ 73.1613096, 28.1700922, 0.0 ] ], [ [ 73.1613603, 28.1704046, 0.0 ], [ 73.1613834, 28.1704049, 0.0 ], [ 73.1613782, 28.1707082, 0.0 ], [ 73.1613551, 28.1707079, 0.0 ], [ 73.1613603, 28.1704046, 0.0 ] ], [ [ 73.1613043, 28.1704039, 0.0 ], [ 73.1613274, 28.1704042, 0.0 ], [ 73.1613222, 28.1707074, 0.0 ], [ 73.1612991, 28.1707071, 0.0 ], [ 73.1613043, 28.1704039, 0.0 ] ], [ [ 73.161243, 28.1707109, 0.0 ], [ 73.1612661, 28.1707112, 0.0 ], [ 73.161261, 28.1710145, 0.0 ], [ 73.1612378, 28.1710142, 0.0 ], [ 73.161243, 28.1707109, 0.0 ] ], [ [ 73.161187, 28.1707101, 0.0 ], [ 73.1612101, 28.1707104, 0.0 ], [ 73.161205, 28.1710137, 0.0 ], [ 73.1611818, 28.1710134, 0.0 ], [ 73.161187, 28.1707101, 0.0 ] ], [ [ 73.1612377, 28.1710226, 0.0 ], [ 73.1612608, 28.1710229, 0.0 ], [ 73.1612556, 28.1713262, 0.0 ], [ 73.1612325, 28.1713258, 0.0 ], [ 73.1612377, 28.1710226, 0.0 ] ], [ [ 73.1611817, 28.1710218, 0.0 ], [ 73.1612048, 28.1710221, 0.0 ], [ 73.1611996, 28.1713254, 0.0 ], [ 73.1611765, 28.1713251, 0.0 ], [ 73.1611817, 28.1710218, 0.0 ] ], [ [ 73.1612536, 28.1700914, 0.0 ], [ 73.1612767, 28.1700917, 0.0 ], [ 73.1612716, 28.170395, 0.0 ], [ 73.1612484, 28.1703947, 0.0 ], [ 73.1612536, 28.1700914, 0.0 ] ], [ [ 73.1611976, 28.1700907, 0.0 ], [ 73.1612207, 28.170091, 0.0 ], [ 73.1612156, 28.1703943, 0.0 ], [ 73.1611924, 28.1703939, 0.0 ], [ 73.1611976, 28.1700907, 0.0 ] ], [ [ 73.1612483, 28.1704031, 0.0 ], [ 73.1612714, 28.1704034, 0.0 ], [ 73.1612662, 28.1707067, 0.0 ], [ 73.1612431, 28.1707064, 0.0 ], [ 73.1612483, 28.1704031, 0.0 ] ], [ [ 73.1611923, 28.1704024, 0.0 ], [ 73.1612154, 28.1704027, 0.0 ], [ 73.1612102, 28.1707059, 0.0 ], [ 73.1611871, 28.1707056, 0.0 ], [ 73.1611923, 28.1704024, 0.0 ] ], [ [ 73.1611275, 28.1709169, 0.0 ], [ 73.1611506, 28.1709172, 0.0 ], [ 73.1611454, 28.1712205, 0.0 ], [ 73.1611223, 28.1712202, 0.0 ], [ 73.1611275, 28.1709169, 0.0 ] ], [ [ 73.1610715, 28.1709162, 0.0 ], [ 73.1610946, 28.1709165, 0.0 ], [ 73.1610894, 28.1712197, 0.0 ], [ 73.1610663, 28.1712194, 0.0 ], [ 73.1610715, 28.1709162, 0.0 ] ], [ [ 73.1611221, 28.1712286, 0.0 ], [ 73.1611453, 28.1712289, 0.0 ], [ 73.1611401, 28.1715322, 0.0 ], [ 73.1611169, 28.1715319, 0.0 ], [ 73.1611221, 28.1712286, 0.0 ] ], [ [ 73.1610661, 28.1712278, 0.0 ], [ 73.1610893, 28.1712281, 0.0 ], [ 73.1610841, 28.1715314, 0.0 ], [ 73.1610609, 28.1715311, 0.0 ], [ 73.1610661, 28.1712278, 0.0 ] ], [ [ 73.1611381, 28.1702974, 0.0 ], [ 73.1611612, 28.1702977, 0.0 ], [ 73.161156, 28.170601, 0.0 ], [ 73.1611329, 28.1706007, 0.0 ], [ 73.1611381, 28.1702974, 0.0 ] ], [ [ 73.1610821, 28.1702967, 0.0 ], [ 73.1611052, 28.170297, 0.0 ], [ 73.1611, 28.1706003, 0.0 ], [ 73.1610769, 28.1706, 0.0 ], [ 73.1610821, 28.1702967, 0.0 ] ], [ [ 73.1611327, 28.1706091, 0.0 ], [ 73.1611559, 28.1706094, 0.0 ], [ 73.1611507, 28.1709127, 0.0 ], [ 73.1611275, 28.1709124, 0.0 ], [ 73.1611327, 28.1706091, 0.0 ] ], [ [ 73.1610767, 28.1706084, 0.0 ], [ 73.1610999, 28.1706087, 0.0 ], [ 73.1610947, 28.1709119, 0.0 ], [ 73.1610715, 28.1709116, 0.0 ], [ 73.1610767, 28.1706084, 0.0 ] ], [ [ 73.1611487, 28.169678, 0.0 ], [ 73.1611718, 28.1696783, 0.0 ], [ 73.1611666, 28.1699815, 0.0 ], [ 73.1611435, 28.1699812, 0.0 ], [ 73.1611487, 28.169678, 0.0 ] ], [ [ 73.1610927, 28.1696772, 0.0 ], [ 73.1611158, 28.1696775, 0.0 ], [ 73.1611106, 28.1699808, 0.0 ], [ 73.1610875, 28.1699805, 0.0 ], [ 73.1610927, 28.1696772, 0.0 ] ], [ [ 73.1611433, 28.1699897, 0.0 ], [ 73.1611665, 28.16999, 0.0 ], [ 73.1611613, 28.1702932, 0.0 ], [ 73.1611381, 28.1702929, 0.0 ], [ 73.1611433, 28.1699897, 0.0 ] ], [ [ 73.1610873, 28.1699889, 0.0 ], [ 73.1611105, 28.1699892, 0.0 ], [ 73.1611053, 28.1702925, 0.0 ], [ 73.1610821, 28.1702922, 0.0 ], [ 73.1610873, 28.1699889, 0.0 ] ], [ [ 73.1610155, 28.1709154, 0.0 ], [ 73.1610386, 28.1709157, 0.0 ], [ 73.1610334, 28.171219, 0.0 ], [ 73.1610103, 28.1712187, 0.0 ], [ 73.1610155, 28.1709154, 0.0 ] ], [ [ 73.1609595, 28.1709146, 0.0 ], [ 73.1609826, 28.170915, 0.0 ], [ 73.1609774, 28.1712182, 0.0 ], [ 73.1609543, 28.1712179, 0.0 ], [ 73.1609595, 28.1709146, 0.0 ] ], [ [ 73.1610101, 28.1712271, 0.0 ], [ 73.1610333, 28.1712274, 0.0 ], [ 73.1610281, 28.1715307, 0.0 ], [ 73.1610049, 28.1715304, 0.0 ], [ 73.1610101, 28.1712271, 0.0 ] ], [ [ 73.1609541, 28.1712263, 0.0 ], [ 73.1609773, 28.1712266, 0.0 ], [ 73.1609721, 28.1715299, 0.0 ], [ 73.160949, 28.1715296, 0.0 ], [ 73.1609541, 28.1712263, 0.0 ] ], [ [ 73.1610261, 28.1702959, 0.0 ], [ 73.1610492, 28.1702962, 0.0 ], [ 73.161044, 28.1705995, 0.0 ], [ 73.1610209, 28.1705992, 0.0 ], [ 73.1610261, 28.1702959, 0.0 ] ], [ [ 73.1609701, 28.1702952, 0.0 ], [ 73.1609932, 28.1702955, 0.0 ], [ 73.160988, 28.1705988, 0.0 ], [ 73.1609649, 28.1705984, 0.0 ], [ 73.1609701, 28.1702952, 0.0 ] ], [ [ 73.1610207, 28.1706076, 0.0 ], [ 73.1610439, 28.1706079, 0.0 ], [ 73.1610387, 28.1709112, 0.0 ], [ 73.1610155, 28.1709109, 0.0 ], [ 73.1610207, 28.1706076, 0.0 ] ], [ [ 73.1609647, 28.1706069, 0.0 ], [ 73.1609879, 28.1706072, 0.0 ], [ 73.1609827, 28.1709104, 0.0 ], [ 73.1609595, 28.1709101, 0.0 ], [ 73.1609647, 28.1706069, 0.0 ] ], [ [ 73.1610367, 28.1696765, 0.0 ], [ 73.1610598, 28.1696768, 0.0 ], [ 73.1610546, 28.16998, 0.0 ], [ 73.1610315, 28.1699797, 0.0 ], [ 73.1610367, 28.1696765, 0.0 ] ], [ [ 73.1609807, 28.1696757, 0.0 ], [ 73.1610038, 28.169676, 0.0 ], [ 73.1609986, 28.1699793, 0.0 ], [ 73.1609755, 28.169979, 0.0 ], [ 73.1609807, 28.1696757, 0.0 ] ], [ [ 73.1610313, 28.1699881, 0.0 ], [ 73.1610545, 28.1699885, 0.0 ], [ 73.1610493, 28.1702917, 0.0 ], [ 73.1610261, 28.1702914, 0.0 ], [ 73.1610313, 28.1699881, 0.0 ] ], [ [ 73.1609753, 28.1699874, 0.0 ], [ 73.1609985, 28.1699877, 0.0 ], [ 73.1609933, 28.170291, 0.0 ], [ 73.1609701, 28.1702907, 0.0 ], [ 73.1609753, 28.1699874, 0.0 ] ], [ [ 73.1609035, 28.1709139, 0.0 ], [ 73.1609266, 28.1709142, 0.0 ], [ 73.1609214, 28.1712175, 0.0 ], [ 73.1608983, 28.1712172, 0.0 ], [ 73.1609035, 28.1709139, 0.0 ] ], [ [ 73.1608475, 28.1709131, 0.0 ], [ 73.1608706, 28.1709135, 0.0 ], [ 73.1608654, 28.1712167, 0.0 ], [ 73.1608423, 28.1712164, 0.0 ], [ 73.1608475, 28.1709131, 0.0 ] ], [ [ 73.1608981, 28.1712256, 0.0 ], [ 73.1609213, 28.1712259, 0.0 ], [ 73.1609161, 28.1715292, 0.0 ], [ 73.160893, 28.1715289, 0.0 ], [ 73.1608981, 28.1712256, 0.0 ] ], [ [ 73.1608421, 28.1712248, 0.0 ], [ 73.1608653, 28.1712251, 0.0 ], [ 73.1608601, 28.1715284, 0.0 ], [ 73.160837, 28.1715281, 0.0 ], [ 73.1608421, 28.1712248, 0.0 ] ], [ [ 73.1609141, 28.1702944, 0.0 ], [ 73.1609372, 28.1702947, 0.0 ], [ 73.160932, 28.170598, 0.0 ], [ 73.1609089, 28.1705977, 0.0 ], [ 73.1609141, 28.1702944, 0.0 ] ], [ [ 73.1608581, 28.1702937, 0.0 ], [ 73.1608812, 28.170294, 0.0 ], [ 73.160876, 28.1705973, 0.0 ], [ 73.1608529, 28.1705969, 0.0 ], [ 73.1608581, 28.1702937, 0.0 ] ], [ [ 73.1609087, 28.1706061, 0.0 ], [ 73.1609319, 28.1706064, 0.0 ], [ 73.1609267, 28.1709097, 0.0 ], [ 73.1609035, 28.1709094, 0.0 ], [ 73.1609087, 28.1706061, 0.0 ] ], [ [ 73.1608527, 28.1706054, 0.0 ], [ 73.1608759, 28.1706057, 0.0 ], [ 73.1608707, 28.1709089, 0.0 ], [ 73.1608476, 28.1709086, 0.0 ], [ 73.1608527, 28.1706054, 0.0 ] ], [ [ 73.1609247, 28.169675, 0.0 ], [ 73.1609478, 28.1696753, 0.0 ], [ 73.1609426, 28.1699785, 0.0 ], [ 73.1609195, 28.1699782, 0.0 ], [ 73.1609247, 28.169675, 0.0 ] ], [ [ 73.1608687, 28.1696742, 0.0 ], [ 73.1608918, 28.1696745, 0.0 ], [ 73.1608866, 28.1699778, 0.0 ], [ 73.1608635, 28.1699775, 0.0 ], [ 73.1608687, 28.1696742, 0.0 ] ], [ [ 73.1609193, 28.1699866, 0.0 ], [ 73.1609425, 28.169987, 0.0 ], [ 73.1609373, 28.1702902, 0.0 ], [ 73.1609141, 28.1702899, 0.0 ], [ 73.1609193, 28.1699866, 0.0 ] ], [ [ 73.1608633, 28.1699859, 0.0 ], [ 73.1608865, 28.1699862, 0.0 ], [ 73.1608813, 28.1702895, 0.0 ], [ 73.1608581, 28.1702892, 0.0 ], [ 73.1608633, 28.1699859, 0.0 ] ], [ [ 73.1609353, 28.1690555, 0.0 ], [ 73.1609584, 28.1690558, 0.0 ], [ 73.1609532, 28.1693591, 0.0 ], [ 73.1609301, 28.1693588, 0.0 ], [ 73.1609353, 28.1690555, 0.0 ] ], [ [ 73.1608793, 28.1690547, 0.0 ], [ 73.1609024, 28.169055, 0.0 ], [ 73.1608972, 28.1693583, 0.0 ], [ 73.1608741, 28.169358, 0.0 ], [ 73.1608793, 28.1690547, 0.0 ] ], [ [ 73.1609299, 28.1693672, 0.0 ], [ 73.1609531, 28.1693675, 0.0 ], [ 73.1609479, 28.1696708, 0.0 ], [ 73.1609247, 28.1696704, 0.0 ], [ 73.1609299, 28.1693672, 0.0 ] ], [ [ 73.1608739, 28.1693664, 0.0 ], [ 73.1608971, 28.1693667, 0.0 ], [ 73.1608919, 28.16967, 0.0 ], [ 73.1608687, 28.1696697, 0.0 ], [ 73.1608739, 28.1693664, 0.0 ] ], [ [ 73.1607915, 28.1709124, 0.0 ], [ 73.1608146, 28.1709127, 0.0 ], [ 73.1608094, 28.171216, 0.0 ], [ 73.1607863, 28.1712157, 0.0 ], [ 73.1607915, 28.1709124, 0.0 ] ], [ [ 73.1607355, 28.1709116, 0.0 ], [ 73.1607586, 28.1709119, 0.0 ], [ 73.1607534, 28.1712152, 0.0 ], [ 73.1607303, 28.1712149, 0.0 ], [ 73.1607355, 28.1709116, 0.0 ] ], [ [ 73.1607861, 28.1712241, 0.0 ], [ 73.1608093, 28.1712244, 0.0 ], [ 73.1608041, 28.1715277, 0.0 ], [ 73.160781, 28.1715273, 0.0 ], [ 73.1607861, 28.1712241, 0.0 ] ], [ [ 73.1607301, 28.1712233, 0.0 ], [ 73.1607533, 28.1712236, 0.0 ], [ 73.1607481, 28.1715269, 0.0 ], [ 73.160725, 28.1715266, 0.0 ], [ 73.1607301, 28.1712233, 0.0 ] ], [ [ 73.1608021, 28.1702929, 0.0 ], [ 73.1608252, 28.1702932, 0.0 ], [ 73.16082, 28.1705965, 0.0 ], [ 73.1607969, 28.1705962, 0.0 ], [ 73.1608021, 28.1702929, 0.0 ] ], [ [ 73.1607461, 28.1702922, 0.0 ], [ 73.1607692, 28.1702925, 0.0 ], [ 73.160764, 28.1705957, 0.0 ], [ 73.1607409, 28.1705954, 0.0 ], [ 73.1607461, 28.1702922, 0.0 ] ], [ [ 73.1607967, 28.1706046, 0.0 ], [ 73.1608199, 28.1706049, 0.0 ], [ 73.1608147, 28.1709082, 0.0 ], [ 73.1607916, 28.1709079, 0.0 ], [ 73.1607967, 28.1706046, 0.0 ] ], [ [ 73.1607407, 28.1706039, 0.0 ], [ 73.1607639, 28.1706042, 0.0 ], [ 73.1607587, 28.1709074, 0.0 ], [ 73.1607356, 28.1709071, 0.0 ], [ 73.1607407, 28.1706039, 0.0 ] ], [ [ 73.1608127, 28.1696735, 0.0 ], [ 73.1608358, 28.1696738, 0.0 ], [ 73.1608306, 28.169977, 0.0 ], [ 73.1608075, 28.1699767, 0.0 ], [ 73.1608127, 28.1696735, 0.0 ] ], [ [ 73.1607567, 28.1696727, 0.0 ], [ 73.1607798, 28.169673, 0.0 ], [ 73.1607746, 28.1699763, 0.0 ], [ 73.1607515, 28.169976, 0.0 ], [ 73.1607567, 28.1696727, 0.0 ] ], [ [ 73.1608073, 28.1699851, 0.0 ], [ 73.1608305, 28.1699854, 0.0 ], [ 73.1608253, 28.1702887, 0.0 ], [ 73.1608022, 28.1702884, 0.0 ], [ 73.1608073, 28.1699851, 0.0 ] ], [ [ 73.1607513, 28.1699844, 0.0 ], [ 73.1607745, 28.1699847, 0.0 ], [ 73.1607693, 28.170288, 0.0 ], [ 73.1607462, 28.1702877, 0.0 ], [ 73.1607513, 28.1699844, 0.0 ] ], [ [ 73.1608233, 28.169054, 0.0 ], [ 73.1608464, 28.1690543, 0.0 ], [ 73.1608412, 28.1693576, 0.0 ], [ 73.1608181, 28.1693573, 0.0 ], [ 73.1608233, 28.169054, 0.0 ] ], [ [ 73.1607673, 28.1690532, 0.0 ], [ 73.1607904, 28.1690535, 0.0 ], [ 73.1607852, 28.1693568, 0.0 ], [ 73.1607621, 28.1693565, 0.0 ], [ 73.1607673, 28.1690532, 0.0 ] ], [ [ 73.1608179, 28.1693657, 0.0 ], [ 73.1608411, 28.169366, 0.0 ], [ 73.1608359, 28.1696692, 0.0 ], [ 73.1608127, 28.1696689, 0.0 ], [ 73.1608179, 28.1693657, 0.0 ] ], [ [ 73.1607619, 28.1693649, 0.0 ], [ 73.1607851, 28.1693652, 0.0 ], [ 73.1607799, 28.1696685, 0.0 ], [ 73.1607568, 28.1696682, 0.0 ], [ 73.1607619, 28.1693649, 0.0 ] ], [ [ 73.1606795, 28.1709109, 0.0 ], [ 73.1607026, 28.1709112, 0.0 ], [ 73.1606974, 28.1712145, 0.0 ], [ 73.1606743, 28.1712142, 0.0 ], [ 73.1606795, 28.1709109, 0.0 ] ], [ [ 73.1606235, 28.1709101, 0.0 ], [ 73.1606466, 28.1709104, 0.0 ], [ 73.1606414, 28.1712137, 0.0 ], [ 73.1606183, 28.1712134, 0.0 ], [ 73.1606235, 28.1709101, 0.0 ] ], [ [ 73.1606741, 28.1712226, 0.0 ], [ 73.1606973, 28.1712229, 0.0 ], [ 73.1606921, 28.1715262, 0.0 ], [ 73.160669, 28.1715258, 0.0 ], [ 73.1606741, 28.1712226, 0.0 ] ], [ [ 73.1606181, 28.1712218, 0.0 ], [ 73.1606413, 28.1712221, 0.0 ], [ 73.1606361, 28.1715254, 0.0 ], [ 73.160613, 28.1715251, 0.0 ], [ 73.1606181, 28.1712218, 0.0 ] ], [ [ 73.1606901, 28.1702914, 0.0 ], [ 73.1607132, 28.1702917, 0.0 ], [ 73.160708, 28.170595, 0.0 ], [ 73.1606849, 28.1705947, 0.0 ], [ 73.1606901, 28.1702914, 0.0 ] ], [ [ 73.1606341, 28.1702907, 0.0 ], [ 73.1606572, 28.170291, 0.0 ], [ 73.160652, 28.1705942, 0.0 ], [ 73.1606289, 28.1705939, 0.0 ], [ 73.1606341, 28.1702907, 0.0 ] ], [ [ 73.1606847, 28.1706031, 0.0 ], [ 73.1607079, 28.1706034, 0.0 ], [ 73.1607027, 28.1709067, 0.0 ], [ 73.1606796, 28.1709064, 0.0 ], [ 73.1606847, 28.1706031, 0.0 ] ], [ [ 73.1606287, 28.1706024, 0.0 ], [ 73.1606519, 28.1706027, 0.0 ], [ 73.1606467, 28.1709059, 0.0 ], [ 73.1606236, 28.1709056, 0.0 ], [ 73.1606287, 28.1706024, 0.0 ] ], [ [ 73.1607007, 28.1696719, 0.0 ], [ 73.1607238, 28.1696723, 0.0 ], [ 73.1607186, 28.1699755, 0.0 ], [ 73.1606955, 28.1699752, 0.0 ], [ 73.1607007, 28.1696719, 0.0 ] ], [ [ 73.1606447, 28.1696712, 0.0 ], [ 73.1606678, 28.1696715, 0.0 ], [ 73.1606626, 28.1699748, 0.0 ], [ 73.1606395, 28.1699745, 0.0 ], [ 73.1606447, 28.1696712, 0.0 ] ], [ [ 73.1606953, 28.1699836, 0.0 ], [ 73.1607185, 28.1699839, 0.0 ], [ 73.1607133, 28.1702872, 0.0 ], [ 73.1606902, 28.1702869, 0.0 ], [ 73.1606953, 28.1699836, 0.0 ] ], [ [ 73.1606393, 28.1699829, 0.0 ], [ 73.1606625, 28.1699832, 0.0 ], [ 73.1606573, 28.1702865, 0.0 ], [ 73.1606342, 28.1702862, 0.0 ], [ 73.1606393, 28.1699829, 0.0 ] ], [ [ 73.1607113, 28.1690525, 0.0 ], [ 73.1607344, 28.1690528, 0.0 ], [ 73.1607292, 28.1693561, 0.0 ], [ 73.1607061, 28.1693557, 0.0 ], [ 73.1607113, 28.1690525, 0.0 ] ], [ [ 73.1606553, 28.1690517, 0.0 ], [ 73.1606784, 28.169052, 0.0 ], [ 73.1606732, 28.1693553, 0.0 ], [ 73.1606501, 28.169355, 0.0 ], [ 73.1606553, 28.1690517, 0.0 ] ], [ [ 73.1607059, 28.1693642, 0.0 ], [ 73.1607291, 28.1693645, 0.0 ], [ 73.1607239, 28.1696677, 0.0 ], [ 73.1607008, 28.1696674, 0.0 ], [ 73.1607059, 28.1693642, 0.0 ] ], [ [ 73.1606499, 28.1693634, 0.0 ], [ 73.1606731, 28.1693637, 0.0 ], [ 73.1606679, 28.169667, 0.0 ], [ 73.1606448, 28.1696667, 0.0 ], [ 73.1606499, 28.1693634, 0.0 ] ], [ [ 73.1605675, 28.1709094, 0.0 ], [ 73.1605906, 28.1709097, 0.0 ], [ 73.1605854, 28.171213, 0.0 ], [ 73.1605623, 28.1712126, 0.0 ], [ 73.1605675, 28.1709094, 0.0 ] ], [ [ 73.1605115, 28.1709086, 0.0 ], [ 73.1605346, 28.1709089, 0.0 ], [ 73.1605294, 28.1712122, 0.0 ], [ 73.1605063, 28.1712119, 0.0 ], [ 73.1605115, 28.1709086, 0.0 ] ], [ [ 73.1605622, 28.1712211, 0.0 ], [ 73.1605853, 28.1712214, 0.0 ], [ 73.1605801, 28.1715246, 0.0 ], [ 73.160557, 28.1715243, 0.0 ], [ 73.1605622, 28.1712211, 0.0 ] ], [ [ 73.1605062, 28.1712203, 0.0 ], [ 73.1605293, 28.1712206, 0.0 ], [ 73.1605241, 28.1715239, 0.0 ], [ 73.160501, 28.1715236, 0.0 ], [ 73.1605062, 28.1712203, 0.0 ] ], [ [ 73.1605781, 28.1702899, 0.0 ], [ 73.1606012, 28.1702902, 0.0 ], [ 73.160596, 28.1705935, 0.0 ], [ 73.1605729, 28.1705932, 0.0 ], [ 73.1605781, 28.1702899, 0.0 ] ], [ [ 73.1605221, 28.1702892, 0.0 ], [ 73.1605452, 28.1702895, 0.0 ], [ 73.16054, 28.1705927, 0.0 ], [ 73.1605169, 28.1705924, 0.0 ], [ 73.1605221, 28.1702892, 0.0 ] ], [ [ 73.1605728, 28.1706016, 0.0 ], [ 73.1605959, 28.1706019, 0.0 ], [ 73.1605907, 28.1709052, 0.0 ], [ 73.1605676, 28.1709049, 0.0 ], [ 73.1605728, 28.1706016, 0.0 ] ], [ [ 73.1605168, 28.1706008, 0.0 ], [ 73.1605399, 28.1706012, 0.0 ], [ 73.1605347, 28.1709044, 0.0 ], [ 73.1605116, 28.1709041, 0.0 ], [ 73.1605168, 28.1706008, 0.0 ] ], [ [ 73.1605887, 28.1696704, 0.0 ], [ 73.1606118, 28.1696708, 0.0 ], [ 73.1606066, 28.169974, 0.0 ], [ 73.1605835, 28.1699737, 0.0 ], [ 73.1605887, 28.1696704, 0.0 ] ], [ [ 73.1605327, 28.1696697, 0.0 ], [ 73.1605558, 28.16967, 0.0 ], [ 73.1605506, 28.1699733, 0.0 ], [ 73.1605275, 28.169973, 0.0 ], [ 73.1605327, 28.1696697, 0.0 ] ], [ [ 73.1605833, 28.1699821, 0.0 ], [ 73.1606065, 28.1699824, 0.0 ], [ 73.1606013, 28.1702857, 0.0 ], [ 73.1605782, 28.1702854, 0.0 ], [ 73.1605833, 28.1699821, 0.0 ] ], [ [ 73.1605274, 28.1699814, 0.0 ], [ 73.1605505, 28.1699817, 0.0 ], [ 73.1605453, 28.170285, 0.0 ], [ 73.1605222, 28.1702846, 0.0 ], [ 73.1605274, 28.1699814, 0.0 ] ], [ [ 73.1605993, 28.169051, 0.0 ], [ 73.1606224, 28.1690513, 0.0 ], [ 73.1606172, 28.1693546, 0.0 ], [ 73.1605941, 28.1693542, 0.0 ], [ 73.1605993, 28.169051, 0.0 ] ], [ [ 73.1605433, 28.1690502, 0.0 ], [ 73.1605664, 28.1690505, 0.0 ], [ 73.1605612, 28.1693538, 0.0 ], [ 73.1605381, 28.1693535, 0.0 ], [ 73.1605433, 28.1690502, 0.0 ] ], [ [ 73.1605939, 28.1693627, 0.0 ], [ 73.1606171, 28.169363, 0.0 ], [ 73.1606119, 28.1696662, 0.0 ], [ 73.1605888, 28.1696659, 0.0 ], [ 73.1605939, 28.1693627, 0.0 ] ], [ [ 73.1605379, 28.1693619, 0.0 ], [ 73.1605611, 28.1693622, 0.0 ], [ 73.1605559, 28.1696655, 0.0 ], [ 73.1605328, 28.1696652, 0.0 ], [ 73.1605379, 28.1693619, 0.0 ] ], [ [ 73.1604555, 28.1709079, 0.0 ], [ 73.1604786, 28.1709082, 0.0 ], [ 73.1604734, 28.1712115, 0.0 ], [ 73.1604503, 28.1712111, 0.0 ], [ 73.1604555, 28.1709079, 0.0 ] ], [ [ 73.1603995, 28.1709071, 0.0 ], [ 73.1604226, 28.1709074, 0.0 ], [ 73.1604174, 28.1712107, 0.0 ], [ 73.1603943, 28.1712104, 0.0 ], [ 73.1603995, 28.1709071, 0.0 ] ], [ [ 73.1604502, 28.1712196, 0.0 ], [ 73.1604733, 28.1712199, 0.0 ], [ 73.1604681, 28.1715231, 0.0 ], [ 73.160445, 28.1715228, 0.0 ], [ 73.1604502, 28.1712196, 0.0 ] ], [ [ 73.1603942, 28.1712188, 0.0 ], [ 73.1604173, 28.1712191, 0.0 ], [ 73.1604121, 28.1715224, 0.0 ], [ 73.160389, 28.1715221, 0.0 ], [ 73.1603942, 28.1712188, 0.0 ] ], [ [ 73.1604661, 28.1702884, 0.0 ], [ 73.1604892, 28.1702887, 0.0 ], [ 73.160484, 28.170592, 0.0 ], [ 73.1604609, 28.1705917, 0.0 ], [ 73.1604661, 28.1702884, 0.0 ] ], [ [ 73.1604101, 28.1702877, 0.0 ], [ 73.1604332, 28.170288, 0.0 ], [ 73.160428, 28.1705912, 0.0 ], [ 73.1604049, 28.1705909, 0.0 ], [ 73.1604101, 28.1702877, 0.0 ] ], [ [ 73.1604608, 28.1706001, 0.0 ], [ 73.1604839, 28.1706004, 0.0 ], [ 73.1604787, 28.1709037, 0.0 ], [ 73.1604556, 28.1709034, 0.0 ], [ 73.1604608, 28.1706001, 0.0 ] ], [ [ 73.1604048, 28.1705993, 0.0 ], [ 73.1604279, 28.1705997, 0.0 ], [ 73.1604227, 28.1709029, 0.0 ], [ 73.1603996, 28.1709026, 0.0 ], [ 73.1604048, 28.1705993, 0.0 ] ], [ [ 73.1604767, 28.1696689, 0.0 ], [ 73.1604998, 28.1696692, 0.0 ], [ 73.1604946, 28.1699725, 0.0 ], [ 73.1604715, 28.1699722, 0.0 ], [ 73.1604767, 28.1696689, 0.0 ] ], [ [ 73.1604207, 28.1696682, 0.0 ], [ 73.1604438, 28.1696685, 0.0 ], [ 73.1604386, 28.1699718, 0.0 ], [ 73.1604155, 28.1699715, 0.0 ], [ 73.1604207, 28.1696682, 0.0 ] ], [ [ 73.1604714, 28.1699806, 0.0 ], [ 73.1604945, 28.1699809, 0.0 ], [ 73.1604893, 28.1702842, 0.0 ], [ 73.1604662, 28.1702839, 0.0 ], [ 73.1604714, 28.1699806, 0.0 ] ], [ [ 73.1604154, 28.1699799, 0.0 ], [ 73.1604385, 28.1699802, 0.0 ], [ 73.1604333, 28.1702835, 0.0 ], [ 73.1604102, 28.1702831, 0.0 ], [ 73.1604154, 28.1699799, 0.0 ] ], [ [ 73.1604873, 28.1690495, 0.0 ], [ 73.1605104, 28.1690498, 0.0 ], [ 73.1605052, 28.169353, 0.0 ], [ 73.1604821, 28.1693527, 0.0 ], [ 73.1604873, 28.1690495, 0.0 ] ], [ [ 73.1604313, 28.1690487, 0.0 ], [ 73.1604544, 28.169049, 0.0 ], [ 73.1604492, 28.1693523, 0.0 ], [ 73.1604261, 28.169352, 0.0 ], [ 73.1604313, 28.1690487, 0.0 ] ], [ [ 73.160482, 28.1693612, 0.0 ], [ 73.1605051, 28.1693615, 0.0 ], [ 73.1604999, 28.1696647, 0.0 ], [ 73.1604768, 28.1696644, 0.0 ], [ 73.160482, 28.1693612, 0.0 ] ], [ [ 73.160426, 28.1693604, 0.0 ], [ 73.1604491, 28.1693607, 0.0 ], [ 73.1604439, 28.169664, 0.0 ], [ 73.1604208, 28.1696637, 0.0 ], [ 73.160426, 28.1693604, 0.0 ] ], [ [ 73.1603435, 28.1709064, 0.0 ], [ 73.1603666, 28.1709067, 0.0 ], [ 73.1603614, 28.17121, 0.0 ], [ 73.1603383, 28.1712096, 0.0 ], [ 73.1603435, 28.1709064, 0.0 ] ], [ [ 73.1602875, 28.1709056, 0.0 ], [ 73.1603106, 28.1709059, 0.0 ], [ 73.1603054, 28.1712092, 0.0 ], [ 73.1602823, 28.1712089, 0.0 ], [ 73.1602875, 28.1709056, 0.0 ] ], [ [ 73.1603382, 28.1712181, 0.0 ], [ 73.1603613, 28.1712184, 0.0 ], [ 73.1603561, 28.1715216, 0.0 ], [ 73.160333, 28.1715213, 0.0 ], [ 73.1603382, 28.1712181, 0.0 ] ], [ [ 73.1602822, 28.1712173, 0.0 ], [ 73.1603053, 28.1712176, 0.0 ], [ 73.1603001, 28.1715209, 0.0 ], [ 73.160277, 28.1715206, 0.0 ], [ 73.1602822, 28.1712173, 0.0 ] ], [ [ 73.1603541, 28.1702869, 0.0 ], [ 73.1603772, 28.1702872, 0.0 ], [ 73.160372, 28.1705905, 0.0 ], [ 73.1603489, 28.1705902, 0.0 ], [ 73.1603541, 28.1702869, 0.0 ] ], [ [ 73.1602981, 28.1702861, 0.0 ], [ 73.1603212, 28.1702865, 0.0 ], [ 73.160316, 28.1705897, 0.0 ], [ 73.1602929, 28.1705894, 0.0 ], [ 73.1602981, 28.1702861, 0.0 ] ], [ [ 73.1603488, 28.1705986, 0.0 ], [ 73.1603719, 28.1705989, 0.0 ], [ 73.1603667, 28.1709022, 0.0 ], [ 73.1603436, 28.1709019, 0.0 ], [ 73.1603488, 28.1705986, 0.0 ] ], [ [ 73.1602928, 28.1705978, 0.0 ], [ 73.1603159, 28.1705981, 0.0 ], [ 73.1603107, 28.1709014, 0.0 ], [ 73.1602876, 28.1709011, 0.0 ], [ 73.1602928, 28.1705978, 0.0 ] ], [ [ 73.1603647, 28.1696674, 0.0 ], [ 73.1603878, 28.1696677, 0.0 ], [ 73.1603826, 28.169971, 0.0 ], [ 73.1603595, 28.1699707, 0.0 ], [ 73.1603647, 28.1696674, 0.0 ] ], [ [ 73.1603087, 28.1696667, 0.0 ], [ 73.1603318, 28.169667, 0.0 ], [ 73.1603266, 28.1699703, 0.0 ], [ 73.1603035, 28.1699699, 0.0 ], [ 73.1603087, 28.1696667, 0.0 ] ], [ [ 73.1603594, 28.1699791, 0.0 ], [ 73.1603825, 28.1699794, 0.0 ], [ 73.1603773, 28.1702827, 0.0 ], [ 73.1603542, 28.1702824, 0.0 ], [ 73.1603594, 28.1699791, 0.0 ] ], [ [ 73.1603034, 28.1699784, 0.0 ], [ 73.1603265, 28.1699787, 0.0 ], [ 73.1603213, 28.1702819, 0.0 ], [ 73.1602982, 28.1702816, 0.0 ], [ 73.1603034, 28.1699784, 0.0 ] ], [ [ 73.1603753, 28.169048, 0.0 ], [ 73.1603984, 28.1690483, 0.0 ], [ 73.1603932, 28.1693515, 0.0 ], [ 73.1603701, 28.1693512, 0.0 ], [ 73.1603753, 28.169048, 0.0 ] ], [ [ 73.1603193, 28.1690472, 0.0 ], [ 73.1603424, 28.1690475, 0.0 ], [ 73.1603372, 28.1693508, 0.0 ], [ 73.1603141, 28.1693505, 0.0 ], [ 73.1603193, 28.1690472, 0.0 ] ], [ [ 73.16037, 28.1693597, 0.0 ], [ 73.1603931, 28.16936, 0.0 ], [ 73.1603879, 28.1696632, 0.0 ], [ 73.1603648, 28.1696629, 0.0 ], [ 73.16037, 28.1693597, 0.0 ] ], [ [ 73.160314, 28.1693589, 0.0 ], [ 73.1603371, 28.1693592, 0.0 ], [ 73.1603319, 28.1696625, 0.0 ], [ 73.1603088, 28.1696622, 0.0 ], [ 73.160314, 28.1693589, 0.0 ] ], [ [ 73.160235, 28.1706973, 0.0 ], [ 73.1602582, 28.1706977, 0.0 ], [ 73.160253, 28.1710009, 0.0 ], [ 73.1602299, 28.1710006, 0.0 ], [ 73.160235, 28.1706973, 0.0 ] ], [ [ 73.160179, 28.1706966, 0.0 ], [ 73.1602022, 28.1706969, 0.0 ], [ 73.160197, 28.1710002, 0.0 ], [ 73.1601739, 28.1709999, 0.0 ], [ 73.160179, 28.1706966, 0.0 ] ], [ [ 73.1602297, 28.171009, 0.0 ], [ 73.1602528, 28.1710093, 0.0 ], [ 73.1602477, 28.1713126, 0.0 ], [ 73.1602245, 28.1713123, 0.0 ], [ 73.1602297, 28.171009, 0.0 ] ], [ [ 73.1601737, 28.1710083, 0.0 ], [ 73.1601968, 28.1710086, 0.0 ], [ 73.1601917, 28.1713119, 0.0 ], [ 73.1601685, 28.1713116, 0.0 ], [ 73.1601737, 28.1710083, 0.0 ] ], [ [ 73.1602456, 28.1700779, 0.0 ], [ 73.1602688, 28.1700782, 0.0 ], [ 73.1602636, 28.1703815, 0.0 ], [ 73.1602405, 28.1703812, 0.0 ], [ 73.1602456, 28.1700779, 0.0 ] ], [ [ 73.1601897, 28.1700771, 0.0 ], [ 73.1602128, 28.1700774, 0.0 ], [ 73.1602076, 28.1703807, 0.0 ], [ 73.1601845, 28.1703804, 0.0 ], [ 73.1601897, 28.1700771, 0.0 ] ], [ [ 73.1602403, 28.1703896, 0.0 ], [ 73.1602634, 28.1703899, 0.0 ], [ 73.1602583, 28.1706931, 0.0 ], [ 73.1602351, 28.1706928, 0.0 ], [ 73.1602403, 28.1703896, 0.0 ] ], [ [ 73.1601843, 28.1703888, 0.0 ], [ 73.1602074, 28.1703891, 0.0 ], [ 73.1602023, 28.1706924, 0.0 ], [ 73.1601791, 28.1706921, 0.0 ], [ 73.1601843, 28.1703888, 0.0 ] ], [ [ 73.1602562, 28.1694584, 0.0 ], [ 73.1602794, 28.1694587, 0.0 ], [ 73.1602742, 28.169762, 0.0 ], [ 73.1602511, 28.1697617, 0.0 ], [ 73.1602562, 28.1694584, 0.0 ] ], [ [ 73.1602003, 28.1694577, 0.0 ], [ 73.1602234, 28.169458, 0.0 ], [ 73.1602182, 28.1697612, 0.0 ], [ 73.1601951, 28.1697609, 0.0 ], [ 73.1602003, 28.1694577, 0.0 ] ], [ [ 73.1602509, 28.1697701, 0.0 ], [ 73.160274, 28.1697704, 0.0 ], [ 73.1602689, 28.1700737, 0.0 ], [ 73.1602457, 28.1700734, 0.0 ], [ 73.1602509, 28.1697701, 0.0 ] ], [ [ 73.1601949, 28.1697693, 0.0 ], [ 73.160218, 28.1697697, 0.0 ], [ 73.1602129, 28.1700729, 0.0 ], [ 73.1601897, 28.1700726, 0.0 ], [ 73.1601949, 28.1697693, 0.0 ] ], [ [ 73.1602668, 28.1688389, 0.0 ], [ 73.16029, 28.1688393, 0.0 ], [ 73.1602848, 28.1691425, 0.0 ], [ 73.1602617, 28.1691422, 0.0 ], [ 73.1602668, 28.1688389, 0.0 ] ], [ [ 73.1602109, 28.1688382, 0.0 ], [ 73.160234, 28.1688385, 0.0 ], [ 73.1602288, 28.1691418, 0.0 ], [ 73.1602057, 28.1691415, 0.0 ], [ 73.1602109, 28.1688382, 0.0 ] ], [ [ 73.1602615, 28.1691506, 0.0 ], [ 73.1602846, 28.1691509, 0.0 ], [ 73.1602795, 28.1694542, 0.0 ], [ 73.1602563, 28.1694539, 0.0 ], [ 73.1602615, 28.1691506, 0.0 ] ], [ [ 73.1602055, 28.1691499, 0.0 ], [ 73.1602286, 28.1691502, 0.0 ], [ 73.1602235, 28.1694535, 0.0 ], [ 73.1602003, 28.1694531, 0.0 ], [ 73.1602055, 28.1691499, 0.0 ] ], [ [ 73.1601125, 28.1713153, 0.0 ], [ 73.1601356, 28.1713156, 0.0 ], [ 73.1601304, 28.1716189, 0.0 ], [ 73.1601073, 28.1716186, 0.0 ], [ 73.1601125, 28.1713153, 0.0 ] ], [ [ 73.1600565, 28.1713146, 0.0 ], [ 73.1600796, 28.1713149, 0.0 ], [ 73.1600744, 28.1716181, 0.0 ], [ 73.1600513, 28.1716178, 0.0 ], [ 73.1600565, 28.1713146, 0.0 ] ], [ [ 73.1601071, 28.171627, 0.0 ], [ 73.1601302, 28.1716273, 0.0 ], [ 73.1601251, 28.1719306, 0.0 ], [ 73.1601019, 28.1719303, 0.0 ], [ 73.1601071, 28.171627, 0.0 ] ], [ [ 73.1600511, 28.1716262, 0.0 ], [ 73.1600743, 28.1716266, 0.0 ], [ 73.1600691, 28.1719298, 0.0 ], [ 73.1600459, 28.1719295, 0.0 ], [ 73.1600511, 28.1716262, 0.0 ] ], [ [ 73.1601231, 28.1706958, 0.0 ], [ 73.1601462, 28.1706962, 0.0 ], [ 73.160141, 28.1709994, 0.0 ], [ 73.1601179, 28.1709991, 0.0 ], [ 73.1601231, 28.1706958, 0.0 ] ], [ [ 73.1600671, 28.1706951, 0.0 ], [ 73.1600902, 28.1706954, 0.0 ], [ 73.160085, 28.1709987, 0.0 ], [ 73.1600619, 28.1709984, 0.0 ], [ 73.1600671, 28.1706951, 0.0 ] ], [ [ 73.1601177, 28.1710075, 0.0 ], [ 73.1601409, 28.1710078, 0.0 ], [ 73.1601357, 28.1713111, 0.0 ], [ 73.1601125, 28.1713108, 0.0 ], [ 73.1601177, 28.1710075, 0.0 ] ], [ [ 73.1600617, 28.1710068, 0.0 ], [ 73.1600849, 28.1710071, 0.0 ], [ 73.1600797, 28.1713104, 0.0 ], [ 73.1600565, 28.17131, 0.0 ], [ 73.1600617, 28.1710068, 0.0 ] ], [ [ 73.1601337, 28.1700764, 0.0 ], [ 73.1601568, 28.1700767, 0.0 ], [ 73.1601516, 28.17038, 0.0 ], [ 73.1601285, 28.1703796, 0.0 ], [ 73.1601337, 28.1700764, 0.0 ] ], [ [ 73.1600777, 28.1700756, 0.0 ], [ 73.1601008, 28.1700759, 0.0 ], [ 73.1600956, 28.1703792, 0.0 ], [ 73.1600725, 28.1703789, 0.0 ], [ 73.1600777, 28.1700756, 0.0 ] ], [ [ 73.1601283, 28.1703881, 0.0 ], [ 73.1601515, 28.1703884, 0.0 ], [ 73.1601463, 28.1706916, 0.0 ], [ 73.1601231, 28.1706913, 0.0 ], [ 73.1601283, 28.1703881, 0.0 ] ], [ [ 73.1600723, 28.1703873, 0.0 ], [ 73.1600955, 28.1703876, 0.0 ], [ 73.1600903, 28.1706909, 0.0 ], [ 73.1600671, 28.1706906, 0.0 ], [ 73.1600723, 28.1703873, 0.0 ] ], [ [ 73.1601443, 28.1694569, 0.0 ], [ 73.1601674, 28.1694572, 0.0 ], [ 73.1601622, 28.1697605, 0.0 ], [ 73.1601391, 28.1697602, 0.0 ], [ 73.1601443, 28.1694569, 0.0 ] ], [ [ 73.1600883, 28.1694562, 0.0 ], [ 73.1601114, 28.1694565, 0.0 ], [ 73.1601062, 28.1697597, 0.0 ], [ 73.1600831, 28.1697594, 0.0 ], [ 73.1600883, 28.1694562, 0.0 ] ], [ [ 73.1601389, 28.1697686, 0.0 ], [ 73.1601621, 28.1697689, 0.0 ], [ 73.1601569, 28.1700722, 0.0 ], [ 73.1601337, 28.1700719, 0.0 ], [ 73.1601389, 28.1697686, 0.0 ] ], [ [ 73.1600829, 28.1697678, 0.0 ], [ 73.1601061, 28.1697682, 0.0 ], [ 73.1601009, 28.1700714, 0.0 ], [ 73.1600777, 28.1700711, 0.0 ], [ 73.1600829, 28.1697678, 0.0 ] ], [ [ 73.1601549, 28.1688374, 0.0 ], [ 73.160178, 28.1688377, 0.0 ], [ 73.1601728, 28.169141, 0.0 ], [ 73.1601497, 28.1691407, 0.0 ], [ 73.1601549, 28.1688374, 0.0 ] ], [ [ 73.1600989, 28.1688367, 0.0 ], [ 73.160122, 28.168837, 0.0 ], [ 73.1601168, 28.1691403, 0.0 ], [ 73.1600937, 28.16914, 0.0 ], [ 73.1600989, 28.1688367, 0.0 ] ], [ [ 73.1601495, 28.1691491, 0.0 ], [ 73.1601727, 28.1691494, 0.0 ], [ 73.1601675, 28.1694527, 0.0 ], [ 73.1601443, 28.1694524, 0.0 ], [ 73.1601495, 28.1691491, 0.0 ] ], [ [ 73.1600935, 28.1691484, 0.0 ], [ 73.1601167, 28.1691487, 0.0 ], [ 73.1601115, 28.169452, 0.0 ], [ 73.1600883, 28.1694516, 0.0 ], [ 73.1600935, 28.1691484, 0.0 ] ], [ [ 73.1600005, 28.1713138, 0.0 ], [ 73.1600236, 28.1713141, 0.0 ], [ 73.1600184, 28.1716174, 0.0 ], [ 73.1599953, 28.1716171, 0.0 ], [ 73.1600005, 28.1713138, 0.0 ] ], [ [ 73.1599445, 28.1713131, 0.0 ], [ 73.1599676, 28.1713134, 0.0 ], [ 73.1599624, 28.1716166, 0.0 ], [ 73.1599393, 28.1716163, 0.0 ], [ 73.1599445, 28.1713131, 0.0 ] ], [ [ 73.1599951, 28.1716255, 0.0 ], [ 73.1600183, 28.1716258, 0.0 ], [ 73.1600131, 28.1719291, 0.0 ], [ 73.1599899, 28.1719288, 0.0 ], [ 73.1599951, 28.1716255, 0.0 ] ], [ [ 73.1599391, 28.1716247, 0.0 ], [ 73.1599623, 28.1716251, 0.0 ], [ 73.1599571, 28.1719283, 0.0 ], [ 73.1599339, 28.171928, 0.0 ], [ 73.1599391, 28.1716247, 0.0 ] ], [ [ 73.1600111, 28.1706943, 0.0 ], [ 73.1600342, 28.1706947, 0.0 ], [ 73.160029, 28.1709979, 0.0 ], [ 73.1600059, 28.1709976, 0.0 ], [ 73.1600111, 28.1706943, 0.0 ] ], [ [ 73.1599551, 28.1706936, 0.0 ], [ 73.1599782, 28.1706939, 0.0 ], [ 73.159973, 28.1709972, 0.0 ], [ 73.1599499, 28.1709969, 0.0 ], [ 73.1599551, 28.1706936, 0.0 ] ], [ [ 73.1600057, 28.171006, 0.0 ], [ 73.1600289, 28.1710063, 0.0 ], [ 73.1600237, 28.1713096, 0.0 ], [ 73.1600005, 28.1713093, 0.0 ], [ 73.1600057, 28.171006, 0.0 ] ], [ [ 73.1599497, 28.1710053, 0.0 ], [ 73.1599729, 28.1710056, 0.0 ], [ 73.1599677, 28.1713089, 0.0 ], [ 73.1599445, 28.1713085, 0.0 ], [ 73.1599497, 28.1710053, 0.0 ] ], [ [ 73.1600217, 28.1700749, 0.0 ], [ 73.1600448, 28.1700752, 0.0 ], [ 73.1600396, 28.1703785, 0.0 ], [ 73.1600165, 28.1703781, 0.0 ], [ 73.1600217, 28.1700749, 0.0 ] ], [ [ 73.1599657, 28.1700741, 0.0 ], [ 73.1599888, 28.1700744, 0.0 ], [ 73.1599836, 28.1703777, 0.0 ], [ 73.1599605, 28.1703774, 0.0 ], [ 73.1599657, 28.1700741, 0.0 ] ], [ [ 73.1600163, 28.1703866, 0.0 ], [ 73.1600395, 28.1703869, 0.0 ], [ 73.1600343, 28.1706901, 0.0 ], [ 73.1600111, 28.1706898, 0.0 ], [ 73.1600163, 28.1703866, 0.0 ] ], [ [ 73.1599603, 28.1703858, 0.0 ], [ 73.1599835, 28.1703861, 0.0 ], [ 73.1599783, 28.1706894, 0.0 ], [ 73.1599551, 28.1706891, 0.0 ], [ 73.1599603, 28.1703858, 0.0 ] ], [ [ 73.1600323, 28.1694554, 0.0 ], [ 73.1600554, 28.1694557, 0.0 ], [ 73.1600502, 28.169759, 0.0 ], [ 73.1600271, 28.1697587, 0.0 ], [ 73.1600323, 28.1694554, 0.0 ] ], [ [ 73.1599763, 28.1694546, 0.0 ], [ 73.1599994, 28.169455, 0.0 ], [ 73.1599942, 28.1697582, 0.0 ], [ 73.1599711, 28.1697579, 0.0 ], [ 73.1599763, 28.1694546, 0.0 ] ], [ [ 73.1600269, 28.1697671, 0.0 ], [ 73.1600501, 28.1697674, 0.0 ], [ 73.1600449, 28.1700707, 0.0 ], [ 73.1600217, 28.1700704, 0.0 ], [ 73.1600269, 28.1697671, 0.0 ] ], [ [ 73.1599709, 28.1697663, 0.0 ], [ 73.1599941, 28.1697666, 0.0 ], [ 73.1599889, 28.1700699, 0.0 ], [ 73.1599657, 28.1700696, 0.0 ], [ 73.1599709, 28.1697663, 0.0 ] ], [ [ 73.1600429, 28.1688359, 0.0 ], [ 73.160066, 28.1688362, 0.0 ], [ 73.1600608, 28.1691395, 0.0 ], [ 73.1600377, 28.1691392, 0.0 ], [ 73.1600429, 28.1688359, 0.0 ] ], [ [ 73.1599869, 28.1688352, 0.0 ], [ 73.16001, 28.1688355, 0.0 ], [ 73.1600048, 28.1691388, 0.0 ], [ 73.1599817, 28.1691384, 0.0 ], [ 73.1599869, 28.1688352, 0.0 ] ], [ [ 73.1600375, 28.1691476, 0.0 ], [ 73.1600607, 28.1691479, 0.0 ], [ 73.1600555, 28.1694512, 0.0 ], [ 73.1600323, 28.1694509, 0.0 ], [ 73.1600375, 28.1691476, 0.0 ] ], [ [ 73.1599815, 28.1691469, 0.0 ], [ 73.1600047, 28.1691472, 0.0 ], [ 73.1599995, 28.1694504, 0.0 ], [ 73.1599763, 28.1694501, 0.0 ], [ 73.1599815, 28.1691469, 0.0 ] ], [ [ 73.1598885, 28.1713123, 0.0 ], [ 73.1599116, 28.1713126, 0.0 ], [ 73.1599064, 28.1716159, 0.0 ], [ 73.1598833, 28.1716156, 0.0 ], [ 73.1598885, 28.1713123, 0.0 ] ], [ [ 73.1598325, 28.1713116, 0.0 ], [ 73.1598556, 28.1713119, 0.0 ], [ 73.1598504, 28.1716151, 0.0 ], [ 73.1598273, 28.1716148, 0.0 ], [ 73.1598325, 28.1713116, 0.0 ] ], [ [ 73.1598831, 28.171624, 0.0 ], [ 73.1599063, 28.1716243, 0.0 ], [ 73.1599011, 28.1719276, 0.0 ], [ 73.1598779, 28.1719273, 0.0 ], [ 73.1598831, 28.171624, 0.0 ] ], [ [ 73.1598271, 28.1716232, 0.0 ], [ 73.1598503, 28.1716235, 0.0 ], [ 73.1598451, 28.1719268, 0.0 ], [ 73.1598219, 28.1719265, 0.0 ], [ 73.1598271, 28.1716232, 0.0 ] ], [ [ 73.1598991, 28.1706928, 0.0 ], [ 73.1599222, 28.1706931, 0.0 ], [ 73.159917, 28.1709964, 0.0 ], [ 73.1598939, 28.1709961, 0.0 ], [ 73.1598991, 28.1706928, 0.0 ] ], [ [ 73.1598431, 28.1706921, 0.0 ], [ 73.1598662, 28.1706924, 0.0 ], [ 73.159861, 28.1709957, 0.0 ], [ 73.1598379, 28.1709954, 0.0 ], [ 73.1598431, 28.1706921, 0.0 ] ], [ [ 73.1598937, 28.1710045, 0.0 ], [ 73.1599169, 28.1710048, 0.0 ], [ 73.1599117, 28.1713081, 0.0 ], [ 73.1598885, 28.1713078, 0.0 ], [ 73.1598937, 28.1710045, 0.0 ] ], [ [ 73.1598377, 28.1710038, 0.0 ], [ 73.1598609, 28.1710041, 0.0 ], [ 73.1598557, 28.1713074, 0.0 ], [ 73.1598325, 28.171307, 0.0 ], [ 73.1598377, 28.1710038, 0.0 ] ], [ [ 73.1599097, 28.1700734, 0.0 ], [ 73.1599328, 28.1700737, 0.0 ], [ 73.1599276, 28.1703769, 0.0 ], [ 73.1599045, 28.1703766, 0.0 ], [ 73.1599097, 28.1700734, 0.0 ] ], [ [ 73.1598537, 28.1700726, 0.0 ], [ 73.1598768, 28.1700729, 0.0 ], [ 73.1598716, 28.1703762, 0.0 ], [ 73.1598485, 28.1703759, 0.0 ], [ 73.1598537, 28.1700726, 0.0 ] ], [ [ 73.1599043, 28.1703851, 0.0 ], [ 73.1599275, 28.1703854, 0.0 ], [ 73.1599223, 28.1706886, 0.0 ], [ 73.1598991, 28.1706883, 0.0 ], [ 73.1599043, 28.1703851, 0.0 ] ], [ [ 73.1598483, 28.1703843, 0.0 ], [ 73.1598715, 28.1703846, 0.0 ], [ 73.1598663, 28.1706879, 0.0 ], [ 73.1598431, 28.1706876, 0.0 ], [ 73.1598483, 28.1703843, 0.0 ] ], [ [ 73.1599203, 28.1694539, 0.0 ], [ 73.1599434, 28.1694542, 0.0 ], [ 73.1599382, 28.1697575, 0.0 ], [ 73.1599151, 28.1697572, 0.0 ], [ 73.1599203, 28.1694539, 0.0 ] ], [ [ 73.1598643, 28.1694531, 0.0 ], [ 73.1598874, 28.1694535, 0.0 ], [ 73.1598822, 28.1697567, 0.0 ], [ 73.1598591, 28.1697564, 0.0 ], [ 73.1598643, 28.1694531, 0.0 ] ], [ [ 73.1599149, 28.1697656, 0.0 ], [ 73.1599381, 28.1697659, 0.0 ], [ 73.1599329, 28.1700692, 0.0 ], [ 73.1599097, 28.1700689, 0.0 ], [ 73.1599149, 28.1697656, 0.0 ] ], [ [ 73.1598589, 28.1697648, 0.0 ], [ 73.1598821, 28.1697651, 0.0 ], [ 73.1598769, 28.1700684, 0.0 ], [ 73.1598537, 28.1700681, 0.0 ], [ 73.1598589, 28.1697648, 0.0 ] ], [ [ 73.1599309, 28.1688344, 0.0 ], [ 73.159954, 28.1688347, 0.0 ], [ 73.1599488, 28.169138, 0.0 ], [ 73.1599257, 28.1691377, 0.0 ], [ 73.1599309, 28.1688344, 0.0 ] ], [ [ 73.1598749, 28.1688337, 0.0 ], [ 73.159898, 28.168834, 0.0 ], [ 73.1598928, 28.1691373, 0.0 ], [ 73.1598697, 28.1691369, 0.0 ], [ 73.1598749, 28.1688337, 0.0 ] ], [ [ 73.1599255, 28.1691461, 0.0 ], [ 73.1599487, 28.1691464, 0.0 ], [ 73.1599435, 28.1694497, 0.0 ], [ 73.1599203, 28.1694494, 0.0 ], [ 73.1599255, 28.1691461, 0.0 ] ], [ [ 73.1598695, 28.1691454, 0.0 ], [ 73.1598927, 28.1691457, 0.0 ], [ 73.1598875, 28.1694489, 0.0 ], [ 73.1598643, 28.1694486, 0.0 ], [ 73.1598695, 28.1691454, 0.0 ] ], [ [ 73.1599415, 28.168215, 0.0 ], [ 73.1599646, 28.1682153, 0.0 ], [ 73.1599594, 28.1685185, 0.0 ], [ 73.1599363, 28.1685182, 0.0 ], [ 73.1599415, 28.168215, 0.0 ] ], [ [ 73.1598855, 28.1682142, 0.0 ], [ 73.1599086, 28.1682145, 0.0 ], [ 73.1599034, 28.1685178, 0.0 ], [ 73.1598803, 28.1685175, 0.0 ], [ 73.1598855, 28.1682142, 0.0 ] ], [ [ 73.1599361, 28.1685266, 0.0 ], [ 73.1599593, 28.168527, 0.0 ], [ 73.1599541, 28.1688302, 0.0 ], [ 73.1599309, 28.1688299, 0.0 ], [ 73.1599361, 28.1685266, 0.0 ] ], [ [ 73.1598801, 28.1685259, 0.0 ], [ 73.1599033, 28.1685262, 0.0 ], [ 73.1598981, 28.1688295, 0.0 ], [ 73.1598749, 28.1688292, 0.0 ], [ 73.1598801, 28.1685259, 0.0 ] ], [ [ 73.1597765, 28.1713108, 0.0 ], [ 73.1597996, 28.1713111, 0.0 ], [ 73.1597944, 28.1716144, 0.0 ], [ 73.1597713, 28.1716141, 0.0 ], [ 73.1597765, 28.1713108, 0.0 ] ], [ [ 73.1597205, 28.17131, 0.0 ], [ 73.1597436, 28.1713104, 0.0 ], [ 73.1597384, 28.1716136, 0.0 ], [ 73.1597153, 28.1716133, 0.0 ], [ 73.1597205, 28.17131, 0.0 ] ], [ [ 73.1597711, 28.1716225, 0.0 ], [ 73.1597943, 28.1716228, 0.0 ], [ 73.1597891, 28.1719261, 0.0 ], [ 73.1597659, 28.1719258, 0.0 ], [ 73.1597711, 28.1716225, 0.0 ] ], [ [ 73.1597151, 28.1716217, 0.0 ], [ 73.1597383, 28.171622, 0.0 ], [ 73.1597331, 28.1719253, 0.0 ], [ 73.1597099, 28.171925, 0.0 ], [ 73.1597151, 28.1716217, 0.0 ] ], [ [ 73.1597871, 28.1706913, 0.0 ], [ 73.1598102, 28.1706916, 0.0 ], [ 73.159805, 28.1709949, 0.0 ], [ 73.1597819, 28.1709946, 0.0 ], [ 73.1597871, 28.1706913, 0.0 ] ], [ [ 73.1597311, 28.1706906, 0.0 ], [ 73.1597542, 28.1706909, 0.0 ], [ 73.159749, 28.1709942, 0.0 ], [ 73.1597259, 28.1709938, 0.0 ], [ 73.1597311, 28.1706906, 0.0 ] ], [ [ 73.1597817, 28.171003, 0.0 ], [ 73.1598049, 28.1710033, 0.0 ], [ 73.1597997, 28.1713066, 0.0 ], [ 73.1597765, 28.1713063, 0.0 ], [ 73.1597817, 28.171003, 0.0 ] ], [ [ 73.1597257, 28.1710023, 0.0 ], [ 73.1597489, 28.1710026, 0.0 ], [ 73.1597437, 28.1713058, 0.0 ], [ 73.1597205, 28.1713055, 0.0 ], [ 73.1597257, 28.1710023, 0.0 ] ], [ [ 73.1597977, 28.1700719, 0.0 ], [ 73.1598208, 28.1700722, 0.0 ], [ 73.1598156, 28.1703754, 0.0 ], [ 73.1597925, 28.1703751, 0.0 ], [ 73.1597977, 28.1700719, 0.0 ] ], [ [ 73.1597417, 28.1700711, 0.0 ], [ 73.1597648, 28.1700714, 0.0 ], [ 73.1597596, 28.1703747, 0.0 ], [ 73.1597365, 28.1703744, 0.0 ], [ 73.1597417, 28.1700711, 0.0 ] ], [ [ 73.1597923, 28.1703835, 0.0 ], [ 73.1598155, 28.1703839, 0.0 ], [ 73.1598103, 28.1706871, 0.0 ], [ 73.1597871, 28.1706868, 0.0 ], [ 73.1597923, 28.1703835, 0.0 ] ], [ [ 73.1597363, 28.1703828, 0.0 ], [ 73.1597595, 28.1703831, 0.0 ], [ 73.1597543, 28.1706864, 0.0 ], [ 73.1597311, 28.1706861, 0.0 ], [ 73.1597363, 28.1703828, 0.0 ] ], [ [ 73.1598083, 28.1694524, 0.0 ], [ 73.1598314, 28.1694527, 0.0 ], [ 73.1598262, 28.169756, 0.0 ], [ 73.1598031, 28.1697557, 0.0 ], [ 73.1598083, 28.1694524, 0.0 ] ], [ [ 73.1597523, 28.1694516, 0.0 ], [ 73.1597754, 28.1694519, 0.0 ], [ 73.1597702, 28.1697552, 0.0 ], [ 73.1597471, 28.1697549, 0.0 ], [ 73.1597523, 28.1694516, 0.0 ] ], [ [ 73.1598029, 28.1697641, 0.0 ], [ 73.1598261, 28.1697644, 0.0 ], [ 73.1598209, 28.1700677, 0.0 ], [ 73.1597977, 28.1700673, 0.0 ], [ 73.1598029, 28.1697641, 0.0 ] ], [ [ 73.1597469, 28.1697633, 0.0 ], [ 73.1597701, 28.1697636, 0.0 ], [ 73.1597649, 28.1700669, 0.0 ], [ 73.1597417, 28.1700666, 0.0 ], [ 73.1597469, 28.1697633, 0.0 ] ], [ [ 73.1598189, 28.1688329, 0.0 ], [ 73.159842, 28.1688332, 0.0 ], [ 73.1598368, 28.1691365, 0.0 ], [ 73.1598137, 28.1691362, 0.0 ], [ 73.1598189, 28.1688329, 0.0 ] ], [ [ 73.1597629, 28.1688322, 0.0 ], [ 73.159786, 28.1688325, 0.0 ], [ 73.1597808, 28.1691358, 0.0 ], [ 73.1597577, 28.1691354, 0.0 ], [ 73.1597629, 28.1688322, 0.0 ] ], [ [ 73.1598135, 28.1691446, 0.0 ], [ 73.1598367, 28.1691449, 0.0 ], [ 73.1598315, 28.1694482, 0.0 ], [ 73.1598083, 28.1694479, 0.0 ], [ 73.1598135, 28.1691446, 0.0 ] ], [ [ 73.1597575, 28.1691439, 0.0 ], [ 73.1597807, 28.1691442, 0.0 ], [ 73.1597755, 28.1694474, 0.0 ], [ 73.1597524, 28.1694471, 0.0 ], [ 73.1597575, 28.1691439, 0.0 ] ], [ [ 73.1598295, 28.1682135, 0.0 ], [ 73.1598526, 28.1682138, 0.0 ], [ 73.1598474, 28.168517, 0.0 ], [ 73.1598243, 28.1685167, 0.0 ], [ 73.1598295, 28.1682135, 0.0 ] ], [ [ 73.1597735, 28.1682127, 0.0 ], [ 73.1597966, 28.168213, 0.0 ], [ 73.1597914, 28.1685163, 0.0 ], [ 73.1597683, 28.168516, 0.0 ], [ 73.1597735, 28.1682127, 0.0 ] ], [ [ 73.1598241, 28.1685251, 0.0 ], [ 73.1598473, 28.1685255, 0.0 ], [ 73.1598421, 28.1688287, 0.0 ], [ 73.1598189, 28.1688284, 0.0 ], [ 73.1598241, 28.1685251, 0.0 ] ], [ [ 73.1597681, 28.1685244, 0.0 ], [ 73.1597913, 28.1685247, 0.0 ], [ 73.1597861, 28.168828, 0.0 ], [ 73.159763, 28.1688277, 0.0 ], [ 73.1597681, 28.1685244, 0.0 ] ], [ [ 73.1596539, 28.1719288, 0.0 ], [ 73.159677, 28.1719291, 0.0 ], [ 73.1596718, 28.1722323, 0.0 ], [ 73.1596487, 28.172232, 0.0 ], [ 73.1596539, 28.1719288, 0.0 ] ], [ [ 73.1595979, 28.171928, 0.0 ], [ 73.159621, 28.1719283, 0.0 ], [ 73.1596158, 28.1722316, 0.0 ], [ 73.1595927, 28.1722313, 0.0 ], [ 73.1595979, 28.171928, 0.0 ] ], [ [ 73.1596485, 28.1722404, 0.0 ], [ 73.1596717, 28.1722408, 0.0 ], [ 73.1596665, 28.172544, 0.0 ], [ 73.1596433, 28.1725437, 0.0 ], [ 73.1596485, 28.1722404, 0.0 ] ], [ [ 73.1595925, 28.1722397, 0.0 ], [ 73.1596157, 28.17224, 0.0 ], [ 73.1596105, 28.1725433, 0.0 ], [ 73.1595873, 28.172543, 0.0 ], [ 73.1595925, 28.1722397, 0.0 ] ], [ [ 73.1596645, 28.1713093, 0.0 ], [ 73.1596876, 28.1713096, 0.0 ], [ 73.1596824, 28.1716129, 0.0 ], [ 73.1596593, 28.1716126, 0.0 ], [ 73.1596645, 28.1713093, 0.0 ] ], [ [ 73.1596085, 28.1713085, 0.0 ], [ 73.1596316, 28.1713089, 0.0 ], [ 73.1596264, 28.1716121, 0.0 ], [ 73.1596033, 28.1716118, 0.0 ], [ 73.1596085, 28.1713085, 0.0 ] ], [ [ 73.1596591, 28.171621, 0.0 ], [ 73.1596823, 28.1716213, 0.0 ], [ 73.1596771, 28.1719246, 0.0 ], [ 73.1596539, 28.1719242, 0.0 ], [ 73.1596591, 28.171621, 0.0 ] ], [ [ 73.1596031, 28.1716202, 0.0 ], [ 73.1596263, 28.1716205, 0.0 ], [ 73.1596211, 28.1719238, 0.0 ], [ 73.1595979, 28.1719235, 0.0 ], [ 73.1596031, 28.1716202, 0.0 ] ], [ [ 73.1596751, 28.1706898, 0.0 ], [ 73.1596982, 28.1706901, 0.0 ], [ 73.159693, 28.1709934, 0.0 ], [ 73.1596699, 28.1709931, 0.0 ], [ 73.1596751, 28.1706898, 0.0 ] ], [ [ 73.1596191, 28.1706891, 0.0 ], [ 73.1596422, 28.1706894, 0.0 ], [ 73.159637, 28.1709927, 0.0 ], [ 73.1596139, 28.1709923, 0.0 ], [ 73.1596191, 28.1706891, 0.0 ] ], [ [ 73.1596697, 28.1710015, 0.0 ], [ 73.1596929, 28.1710018, 0.0 ], [ 73.1596877, 28.1713051, 0.0 ], [ 73.1596645, 28.1713048, 0.0 ], [ 73.1596697, 28.1710015, 0.0 ] ], [ [ 73.1596137, 28.1710008, 0.0 ], [ 73.1596369, 28.1710011, 0.0 ], [ 73.1596317, 28.1713043, 0.0 ], [ 73.1596085, 28.171304, 0.0 ], [ 73.1596137, 28.1710008, 0.0 ] ], [ [ 73.1596857, 28.1700704, 0.0 ], [ 73.1597088, 28.1700707, 0.0 ], [ 73.1597036, 28.1703739, 0.0 ], [ 73.1596805, 28.1703736, 0.0 ], [ 73.1596857, 28.1700704, 0.0 ] ], [ [ 73.1596297, 28.1700696, 0.0 ], [ 73.1596528, 28.1700699, 0.0 ], [ 73.1596476, 28.1703732, 0.0 ], [ 73.1596245, 28.1703729, 0.0 ], [ 73.1596297, 28.1700696, 0.0 ] ], [ [ 73.1596803, 28.170382, 0.0 ], [ 73.1597035, 28.1703824, 0.0 ], [ 73.1596983, 28.1706856, 0.0 ], [ 73.1596751, 28.1706853, 0.0 ], [ 73.1596803, 28.170382, 0.0 ] ], [ [ 73.1596243, 28.1703813, 0.0 ], [ 73.1596475, 28.1703816, 0.0 ], [ 73.1596423, 28.1706849, 0.0 ], [ 73.1596191, 28.1706846, 0.0 ], [ 73.1596243, 28.1703813, 0.0 ] ], [ [ 73.1596963, 28.1694509, 0.0 ], [ 73.1597194, 28.1694512, 0.0 ], [ 73.1597142, 28.1697545, 0.0 ], [ 73.1596911, 28.1697542, 0.0 ], [ 73.1596963, 28.1694509, 0.0 ] ], [ [ 73.1596403, 28.1694501, 0.0 ], [ 73.1596634, 28.1694504, 0.0 ], [ 73.1596582, 28.1697537, 0.0 ], [ 73.1596351, 28.1697534, 0.0 ], [ 73.1596403, 28.1694501, 0.0 ] ], [ [ 73.1596909, 28.1697626, 0.0 ], [ 73.1597141, 28.1697629, 0.0 ], [ 73.1597089, 28.1700662, 0.0 ], [ 73.1596857, 28.1700658, 0.0 ], [ 73.1596909, 28.1697626, 0.0 ] ], [ [ 73.1596349, 28.1697618, 0.0 ], [ 73.1596581, 28.1697621, 0.0 ], [ 73.1596529, 28.1700654, 0.0 ], [ 73.1596298, 28.1700651, 0.0 ], [ 73.1596349, 28.1697618, 0.0 ] ], [ [ 73.1597069, 28.1688314, 0.0 ], [ 73.15973, 28.1688317, 0.0 ], [ 73.1597248, 28.169135, 0.0 ], [ 73.1597017, 28.1691347, 0.0 ], [ 73.1597069, 28.1688314, 0.0 ] ], [ [ 73.1596509, 28.1688307, 0.0 ], [ 73.159674, 28.168831, 0.0 ], [ 73.1596688, 28.1691342, 0.0 ], [ 73.1596457, 28.1691339, 0.0 ], [ 73.1596509, 28.1688307, 0.0 ] ], [ [ 73.1597015, 28.1691431, 0.0 ], [ 73.1597247, 28.1691434, 0.0 ], [ 73.1597195, 28.1694467, 0.0 ], [ 73.1596964, 28.1694464, 0.0 ], [ 73.1597015, 28.1691431, 0.0 ] ], [ [ 73.1596455, 28.1691424, 0.0 ], [ 73.1596687, 28.1691427, 0.0 ], [ 73.1596635, 28.1694459, 0.0 ], [ 73.1596404, 28.1694456, 0.0 ], [ 73.1596455, 28.1691424, 0.0 ] ], [ [ 73.1597175, 28.1682119, 0.0 ], [ 73.1597406, 28.1682123, 0.0 ], [ 73.1597354, 28.1685155, 0.0 ], [ 73.1597123, 28.1685152, 0.0 ], [ 73.1597175, 28.1682119, 0.0 ] ], [ [ 73.1596615, 28.1682112, 0.0 ], [ 73.1596846, 28.1682115, 0.0 ], [ 73.1596794, 28.1685148, 0.0 ], [ 73.1596563, 28.1685145, 0.0 ], [ 73.1596615, 28.1682112, 0.0 ] ], [ [ 73.1597121, 28.1685236, 0.0 ], [ 73.1597353, 28.1685239, 0.0 ], [ 73.1597301, 28.1688272, 0.0 ], [ 73.159707, 28.1688269, 0.0 ], [ 73.1597121, 28.1685236, 0.0 ] ], [ [ 73.1596562, 28.1685229, 0.0 ], [ 73.1596793, 28.1685232, 0.0 ], [ 73.1596741, 28.1688265, 0.0 ], [ 73.159651, 28.1688262, 0.0 ], [ 73.1596562, 28.1685229, 0.0 ] ], [ [ 73.1595419, 28.1719273, 0.0 ], [ 73.159565, 28.1719276, 0.0 ], [ 73.1595598, 28.1722308, 0.0 ], [ 73.1595367, 28.1722305, 0.0 ], [ 73.1595419, 28.1719273, 0.0 ] ], [ [ 73.1594859, 28.1719265, 0.0 ], [ 73.159509, 28.1719268, 0.0 ], [ 73.1595038, 28.1722301, 0.0 ], [ 73.1594807, 28.1722298, 0.0 ], [ 73.1594859, 28.1719265, 0.0 ] ], [ [ 73.1595365, 28.1722389, 0.0 ], [ 73.1595597, 28.1722393, 0.0 ], [ 73.1595545, 28.1725425, 0.0 ], [ 73.1595313, 28.1725422, 0.0 ], [ 73.1595365, 28.1722389, 0.0 ] ], [ [ 73.1594805, 28.1722382, 0.0 ], [ 73.1595037, 28.1722385, 0.0 ], [ 73.1594985, 28.1725418, 0.0 ], [ 73.1594753, 28.1725415, 0.0 ], [ 73.1594805, 28.1722382, 0.0 ] ], [ [ 73.1595525, 28.1713078, 0.0 ], [ 73.1595756, 28.1713081, 0.0 ], [ 73.1595704, 28.1716114, 0.0 ], [ 73.1595473, 28.1716111, 0.0 ], [ 73.1595525, 28.1713078, 0.0 ] ], [ [ 73.1594965, 28.171307, 0.0 ], [ 73.1595196, 28.1713073, 0.0 ], [ 73.1595144, 28.1716106, 0.0 ], [ 73.1594913, 28.1716103, 0.0 ], [ 73.1594965, 28.171307, 0.0 ] ], [ [ 73.1595471, 28.1716195, 0.0 ], [ 73.1595703, 28.1716198, 0.0 ], [ 73.1595651, 28.1719231, 0.0 ], [ 73.1595419, 28.1719227, 0.0 ], [ 73.1595471, 28.1716195, 0.0 ] ], [ [ 73.1594911, 28.1716187, 0.0 ], [ 73.1595143, 28.171619, 0.0 ], [ 73.1595091, 28.1719223, 0.0 ], [ 73.1594859, 28.171922, 0.0 ], [ 73.1594911, 28.1716187, 0.0 ] ], [ [ 73.1595631, 28.1706883, 0.0 ], [ 73.1595862, 28.1706886, 0.0 ], [ 73.159581, 28.1709919, 0.0 ], [ 73.1595579, 28.1709916, 0.0 ], [ 73.1595631, 28.1706883, 0.0 ] ], [ [ 73.1595071, 28.1706876, 0.0 ], [ 73.1595302, 28.1706879, 0.0 ], [ 73.159525, 28.1709911, 0.0 ], [ 73.1595019, 28.1709908, 0.0 ], [ 73.1595071, 28.1706876, 0.0 ] ], [ [ 73.1595577, 28.171, 0.0 ], [ 73.1595809, 28.1710003, 0.0 ], [ 73.1595757, 28.1713036, 0.0 ], [ 73.1595525, 28.1713033, 0.0 ], [ 73.1595577, 28.171, 0.0 ] ], [ [ 73.1595017, 28.1709993, 0.0 ], [ 73.1595249, 28.1709996, 0.0 ], [ 73.1595197, 28.1713028, 0.0 ], [ 73.1594965, 28.1713025, 0.0 ], [ 73.1595017, 28.1709993, 0.0 ] ], [ [ 73.1595737, 28.1700688, 0.0 ], [ 73.1595968, 28.1700692, 0.0 ], [ 73.1595916, 28.1703724, 0.0 ], [ 73.1595685, 28.1703721, 0.0 ], [ 73.1595737, 28.1700688, 0.0 ] ], [ [ 73.1595177, 28.1700681, 0.0 ], [ 73.1595408, 28.1700684, 0.0 ], [ 73.1595356, 28.1703717, 0.0 ], [ 73.1595125, 28.1703714, 0.0 ], [ 73.1595177, 28.1700681, 0.0 ] ], [ [ 73.1595683, 28.1703805, 0.0 ], [ 73.1595915, 28.1703808, 0.0 ], [ 73.1595863, 28.1706841, 0.0 ], [ 73.1595632, 28.1706838, 0.0 ], [ 73.1595683, 28.1703805, 0.0 ] ], [ [ 73.1595123, 28.1703798, 0.0 ], [ 73.1595355, 28.1703801, 0.0 ], [ 73.1595303, 28.1706834, 0.0 ], [ 73.1595072, 28.1706831, 0.0 ], [ 73.1595123, 28.1703798, 0.0 ] ], [ [ 73.1595843, 28.1694494, 0.0 ], [ 73.1596074, 28.1694497, 0.0 ], [ 73.1596022, 28.169753, 0.0 ], [ 73.1595791, 28.1697527, 0.0 ], [ 73.1595843, 28.1694494, 0.0 ] ], [ [ 73.1595283, 28.1694486, 0.0 ], [ 73.1595514, 28.1694489, 0.0 ], [ 73.1595462, 28.1697522, 0.0 ], [ 73.1595231, 28.1697519, 0.0 ], [ 73.1595283, 28.1694486, 0.0 ] ], [ [ 73.1595789, 28.1697611, 0.0 ], [ 73.1596021, 28.1697614, 0.0 ], [ 73.1595969, 28.1700646, 0.0 ], [ 73.1595738, 28.1700643, 0.0 ], [ 73.1595789, 28.1697611, 0.0 ] ], [ [ 73.1595229, 28.1697603, 0.0 ], [ 73.1595461, 28.1697606, 0.0 ], [ 73.1595409, 28.1700639, 0.0 ], [ 73.1595178, 28.1700636, 0.0 ], [ 73.1595229, 28.1697603, 0.0 ] ], [ [ 73.1595949, 28.1688299, 0.0 ], [ 73.159618, 28.1688302, 0.0 ], [ 73.1596128, 28.1691335, 0.0 ], [ 73.1595897, 28.1691332, 0.0 ], [ 73.1595949, 28.1688299, 0.0 ] ], [ [ 73.1595389, 28.1688292, 0.0 ], [ 73.159562, 28.1688295, 0.0 ], [ 73.1595568, 28.1691327, 0.0 ], [ 73.1595337, 28.1691324, 0.0 ], [ 73.1595389, 28.1688292, 0.0 ] ], [ [ 73.1595895, 28.1691416, 0.0 ], [ 73.1596127, 28.1691419, 0.0 ], [ 73.1596075, 28.1694452, 0.0 ], [ 73.1595844, 28.1694449, 0.0 ], [ 73.1595895, 28.1691416, 0.0 ] ], [ [ 73.1595336, 28.1691408, 0.0 ], [ 73.1595567, 28.1691412, 0.0 ], [ 73.1595515, 28.1694444, 0.0 ], [ 73.1595284, 28.1694441, 0.0 ], [ 73.1595336, 28.1691408, 0.0 ] ], [ [ 73.1596055, 28.1682104, 0.0 ], [ 73.1596286, 28.1682108, 0.0 ], [ 73.1596234, 28.168514, 0.0 ], [ 73.1596003, 28.1685137, 0.0 ], [ 73.1596055, 28.1682104, 0.0 ] ], [ [ 73.1595495, 28.1682097, 0.0 ], [ 73.1595726, 28.16821, 0.0 ], [ 73.1595674, 28.1685133, 0.0 ], [ 73.1595443, 28.168513, 0.0 ], [ 73.1595495, 28.1682097, 0.0 ] ], [ [ 73.1596002, 28.1685221, 0.0 ], [ 73.1596233, 28.1685224, 0.0 ], [ 73.1596181, 28.1688257, 0.0 ], [ 73.159595, 28.1688254, 0.0 ], [ 73.1596002, 28.1685221, 0.0 ] ], [ [ 73.1595442, 28.1685214, 0.0 ], [ 73.1595673, 28.1685217, 0.0 ], [ 73.1595621, 28.168825, 0.0 ], [ 73.159539, 28.1688246, 0.0 ], [ 73.1595442, 28.1685214, 0.0 ] ], [ [ 73.1596161, 28.167591, 0.0 ], [ 73.1596392, 28.1675913, 0.0 ], [ 73.159634, 28.1678946, 0.0 ], [ 73.1596109, 28.1678942, 0.0 ], [ 73.1596161, 28.167591, 0.0 ] ], [ [ 73.1595601, 28.1675902, 0.0 ], [ 73.1595832, 28.1675905, 0.0 ], [ 73.159578, 28.1678938, 0.0 ], [ 73.1595549, 28.1678935, 0.0 ], [ 73.1595601, 28.1675902, 0.0 ] ], [ [ 73.1596108, 28.1679027, 0.0 ], [ 73.1596339, 28.167903, 0.0 ], [ 73.1596287, 28.1682062, 0.0 ], [ 73.1596056, 28.1682059, 0.0 ], [ 73.1596108, 28.1679027, 0.0 ] ], [ [ 73.1595548, 28.1679019, 0.0 ], [ 73.1595779, 28.1679022, 0.0 ], [ 73.1595727, 28.1682055, 0.0 ], [ 73.1595496, 28.1682052, 0.0 ], [ 73.1595548, 28.1679019, 0.0 ] ], [ [ 73.1594299, 28.1719257, 0.0 ], [ 73.159453, 28.1719261, 0.0 ], [ 73.1594478, 28.1722293, 0.0 ], [ 73.1594247, 28.172229, 0.0 ], [ 73.1594299, 28.1719257, 0.0 ] ], [ [ 73.1593739, 28.171925, 0.0 ], [ 73.159397, 28.1719253, 0.0 ], [ 73.1593918, 28.1722286, 0.0 ], [ 73.1593687, 28.1722283, 0.0 ], [ 73.1593739, 28.171925, 0.0 ] ], [ [ 73.1594245, 28.1722374, 0.0 ], [ 73.1594477, 28.1722377, 0.0 ], [ 73.1594425, 28.172541, 0.0 ], [ 73.1594193, 28.1725407, 0.0 ], [ 73.1594245, 28.1722374, 0.0 ] ], [ [ 73.1593685, 28.1722367, 0.0 ], [ 73.1593917, 28.172237, 0.0 ], [ 73.1593865, 28.1725403, 0.0 ], [ 73.1593633, 28.17254, 0.0 ], [ 73.1593685, 28.1722367, 0.0 ] ], [ [ 73.1594405, 28.1713063, 0.0 ], [ 73.1594636, 28.1713066, 0.0 ], [ 73.1594584, 28.1716099, 0.0 ], [ 73.1594353, 28.1716096, 0.0 ], [ 73.1594405, 28.1713063, 0.0 ] ], [ [ 73.1593845, 28.1713055, 0.0 ], [ 73.1594076, 28.1713058, 0.0 ], [ 73.1594024, 28.1716091, 0.0 ], [ 73.1593793, 28.1716088, 0.0 ], [ 73.1593845, 28.1713055, 0.0 ] ], [ [ 73.1594351, 28.171618, 0.0 ], [ 73.1594583, 28.1716183, 0.0 ], [ 73.1594531, 28.1719215, 0.0 ], [ 73.1594299, 28.1719212, 0.0 ], [ 73.1594351, 28.171618, 0.0 ] ], [ [ 73.1593791, 28.1716172, 0.0 ], [ 73.1594023, 28.1716175, 0.0 ], [ 73.1593971, 28.1719208, 0.0 ], [ 73.1593739, 28.1719205, 0.0 ], [ 73.1593791, 28.1716172, 0.0 ] ], [ [ 73.1594511, 28.1706868, 0.0 ], [ 73.1594742, 28.1706871, 0.0 ], [ 73.159469, 28.1709904, 0.0 ], [ 73.1594459, 28.1709901, 0.0 ], [ 73.1594511, 28.1706868, 0.0 ] ], [ [ 73.1593951, 28.1706861, 0.0 ], [ 73.1594182, 28.1706864, 0.0 ], [ 73.159413, 28.1709896, 0.0 ], [ 73.1593899, 28.1709893, 0.0 ], [ 73.1593951, 28.1706861, 0.0 ] ], [ [ 73.1594457, 28.1709985, 0.0 ], [ 73.1594689, 28.1709988, 0.0 ], [ 73.1594637, 28.1713021, 0.0 ], [ 73.1594405, 28.1713018, 0.0 ], [ 73.1594457, 28.1709985, 0.0 ] ], [ [ 73.1593897, 28.1709977, 0.0 ], [ 73.1594129, 28.1709981, 0.0 ], [ 73.1594077, 28.1713013, 0.0 ], [ 73.1593846, 28.171301, 0.0 ], [ 73.1593897, 28.1709977, 0.0 ] ], [ [ 73.1594617, 28.1700673, 0.0 ], [ 73.1594848, 28.1700677, 0.0 ], [ 73.1594796, 28.1703709, 0.0 ], [ 73.1594565, 28.1703706, 0.0 ], [ 73.1594617, 28.1700673, 0.0 ] ], [ [ 73.1594057, 28.1700666, 0.0 ], [ 73.1594288, 28.1700669, 0.0 ], [ 73.1594236, 28.1703702, 0.0 ], [ 73.1594005, 28.1703699, 0.0 ], [ 73.1594057, 28.1700666, 0.0 ] ], [ [ 73.1594563, 28.170379, 0.0 ], [ 73.1594795, 28.1703793, 0.0 ], [ 73.1594743, 28.1706826, 0.0 ], [ 73.1594512, 28.1706823, 0.0 ], [ 73.1594563, 28.170379, 0.0 ] ], [ [ 73.1594003, 28.1703783, 0.0 ], [ 73.1594235, 28.1703786, 0.0 ], [ 73.1594183, 28.1706819, 0.0 ], [ 73.1593952, 28.1706815, 0.0 ], [ 73.1594003, 28.1703783, 0.0 ] ], [ [ 73.1594723, 28.1694479, 0.0 ], [ 73.1594954, 28.1694482, 0.0 ], [ 73.1594902, 28.1697515, 0.0 ], [ 73.1594671, 28.1697511, 0.0 ], [ 73.1594723, 28.1694479, 0.0 ] ], [ [ 73.1594163, 28.1694471, 0.0 ], [ 73.1594394, 28.1694474, 0.0 ], [ 73.1594342, 28.1697507, 0.0 ], [ 73.1594111, 28.1697504, 0.0 ], [ 73.1594163, 28.1694471, 0.0 ] ], [ [ 73.159467, 28.1697596, 0.0 ], [ 73.1594901, 28.1697599, 0.0 ], [ 73.1594849, 28.1700631, 0.0 ], [ 73.1594618, 28.1700628, 0.0 ], [ 73.159467, 28.1697596, 0.0 ] ], [ [ 73.159411, 28.1697588, 0.0 ], [ 73.1594341, 28.1697591, 0.0 ], [ 73.1594289, 28.1700624, 0.0 ], [ 73.1594058, 28.1700621, 0.0 ], [ 73.159411, 28.1697588, 0.0 ] ], [ [ 73.1594829, 28.1688284, 0.0 ], [ 73.159506, 28.1688287, 0.0 ], [ 73.1595008, 28.169132, 0.0 ], [ 73.1594777, 28.1691317, 0.0 ], [ 73.1594829, 28.1688284, 0.0 ] ], [ [ 73.1594269, 28.1688277, 0.0 ], [ 73.15945, 28.168828, 0.0 ], [ 73.1594448, 28.1691312, 0.0 ], [ 73.1594217, 28.1691309, 0.0 ], [ 73.1594269, 28.1688277, 0.0 ] ], [ [ 73.1594776, 28.1691401, 0.0 ], [ 73.1595007, 28.1691404, 0.0 ], [ 73.1594955, 28.1694437, 0.0 ], [ 73.1594724, 28.1694434, 0.0 ], [ 73.1594776, 28.1691401, 0.0 ] ], [ [ 73.1594216, 28.1691393, 0.0 ], [ 73.1594447, 28.1691397, 0.0 ], [ 73.1594395, 28.1694429, 0.0 ], [ 73.1594164, 28.1694426, 0.0 ], [ 73.1594216, 28.1691393, 0.0 ] ], [ [ 73.1594935, 28.1682089, 0.0 ], [ 73.1595166, 28.1682092, 0.0 ], [ 73.1595114, 28.1685125, 0.0 ], [ 73.1594883, 28.1685122, 0.0 ], [ 73.1594935, 28.1682089, 0.0 ] ], [ [ 73.1594375, 28.1682082, 0.0 ], [ 73.1594606, 28.1682085, 0.0 ], [ 73.1594554, 28.1685118, 0.0 ], [ 73.1594323, 28.1685115, 0.0 ], [ 73.1594375, 28.1682082, 0.0 ] ], [ [ 73.1594882, 28.1685206, 0.0 ], [ 73.1595113, 28.1685209, 0.0 ], [ 73.1595061, 28.1688242, 0.0 ], [ 73.159483, 28.1688239, 0.0 ], [ 73.1594882, 28.1685206, 0.0 ] ], [ [ 73.1594322, 28.1685199, 0.0 ], [ 73.1594553, 28.1685202, 0.0 ], [ 73.1594501, 28.1688235, 0.0 ], [ 73.159427, 28.1688231, 0.0 ], [ 73.1594322, 28.1685199, 0.0 ] ], [ [ 73.1595041, 28.1675895, 0.0 ], [ 73.1595272, 28.1675898, 0.0 ], [ 73.159522, 28.167893, 0.0 ], [ 73.1594989, 28.1678927, 0.0 ], [ 73.1595041, 28.1675895, 0.0 ] ], [ [ 73.1594481, 28.1675887, 0.0 ], [ 73.1594712, 28.167589, 0.0 ], [ 73.159466, 28.1678923, 0.0 ], [ 73.1594429, 28.167892, 0.0 ], [ 73.1594481, 28.1675887, 0.0 ] ], [ [ 73.1594988, 28.1679012, 0.0 ], [ 73.1595219, 28.1679015, 0.0 ], [ 73.1595167, 28.1682047, 0.0 ], [ 73.1594936, 28.1682044, 0.0 ], [ 73.1594988, 28.1679012, 0.0 ] ], [ [ 73.1594428, 28.1679004, 0.0 ], [ 73.1594659, 28.1679007, 0.0 ], [ 73.1594607, 28.168204, 0.0 ], [ 73.1594376, 28.1682037, 0.0 ], [ 73.1594428, 28.1679004, 0.0 ] ], [ [ 73.1593179, 28.1719242, 0.0 ], [ 73.159341, 28.1719246, 0.0 ], [ 73.1593358, 28.1722278, 0.0 ], [ 73.1593127, 28.1722275, 0.0 ], [ 73.1593179, 28.1719242, 0.0 ] ], [ [ 73.1592619, 28.1719235, 0.0 ], [ 73.159285, 28.1719238, 0.0 ], [ 73.1592798, 28.1722271, 0.0 ], [ 73.1592567, 28.1722268, 0.0 ], [ 73.1592619, 28.1719235, 0.0 ] ], [ [ 73.1593125, 28.1722359, 0.0 ], [ 73.1593357, 28.1722362, 0.0 ], [ 73.1593305, 28.1725395, 0.0 ], [ 73.1593073, 28.1725392, 0.0 ], [ 73.1593125, 28.1722359, 0.0 ] ], [ [ 73.1592565, 28.1722352, 0.0 ], [ 73.1592797, 28.1722355, 0.0 ], [ 73.1592745, 28.1725388, 0.0 ], [ 73.1592513, 28.1725384, 0.0 ], [ 73.1592565, 28.1722352, 0.0 ] ], [ [ 73.1593285, 28.1713048, 0.0 ], [ 73.1593516, 28.1713051, 0.0 ], [ 73.1593464, 28.1716084, 0.0 ], [ 73.1593233, 28.171608, 0.0 ], [ 73.1593285, 28.1713048, 0.0 ] ], [ [ 73.1592725, 28.171304, 0.0 ], [ 73.1592956, 28.1713043, 0.0 ], [ 73.1592904, 28.1716076, 0.0 ], [ 73.1592673, 28.1716073, 0.0 ], [ 73.1592725, 28.171304, 0.0 ] ], [ [ 73.1593231, 28.1716165, 0.0 ], [ 73.1593463, 28.1716168, 0.0 ], [ 73.1593411, 28.17192, 0.0 ], [ 73.1593179, 28.1719197, 0.0 ], [ 73.1593231, 28.1716165, 0.0 ] ], [ [ 73.1592671, 28.1716157, 0.0 ], [ 73.1592903, 28.171616, 0.0 ], [ 73.1592851, 28.1719193, 0.0 ], [ 73.1592619, 28.171919, 0.0 ], [ 73.1592671, 28.1716157, 0.0 ] ], [ [ 73.1593391, 28.1706853, 0.0 ], [ 73.1593622, 28.1706856, 0.0 ], [ 73.159357, 28.1709889, 0.0 ], [ 73.1593339, 28.1709886, 0.0 ], [ 73.1593391, 28.1706853, 0.0 ] ], [ [ 73.1592831, 28.1706846, 0.0 ], [ 73.1593062, 28.1706849, 0.0 ], [ 73.159301, 28.1709881, 0.0 ], [ 73.1592779, 28.1709878, 0.0 ], [ 73.1592831, 28.1706846, 0.0 ] ], [ [ 73.1593337, 28.170997, 0.0 ], [ 73.1593569, 28.1709973, 0.0 ], [ 73.1593517, 28.1713006, 0.0 ], [ 73.1593286, 28.1713003, 0.0 ], [ 73.1593337, 28.170997, 0.0 ] ], [ [ 73.1592777, 28.1709962, 0.0 ], [ 73.1593009, 28.1709966, 0.0 ], [ 73.1592957, 28.1712998, 0.0 ], [ 73.1592726, 28.1712995, 0.0 ], [ 73.1592777, 28.1709962, 0.0 ] ], [ [ 73.1593497, 28.1700658, 0.0 ], [ 73.1593728, 28.1700661, 0.0 ], [ 73.1593676, 28.1703694, 0.0 ], [ 73.1593445, 28.1703691, 0.0 ], [ 73.1593497, 28.1700658, 0.0 ] ], [ [ 73.1592937, 28.1700651, 0.0 ], [ 73.1593168, 28.1700654, 0.0 ], [ 73.1593116, 28.1703687, 0.0 ], [ 73.1592885, 28.1703684, 0.0 ], [ 73.1592937, 28.1700651, 0.0 ] ], [ [ 73.1593444, 28.1703775, 0.0 ], [ 73.1593675, 28.1703778, 0.0 ], [ 73.1593623, 28.1706811, 0.0 ], [ 73.1593392, 28.1706808, 0.0 ], [ 73.1593444, 28.1703775, 0.0 ] ], [ [ 73.1592884, 28.1703768, 0.0 ], [ 73.1593115, 28.1703771, 0.0 ], [ 73.1593063, 28.1706804, 0.0 ], [ 73.1592832, 28.17068, 0.0 ], [ 73.1592884, 28.1703768, 0.0 ] ], [ [ 73.1593603, 28.1694464, 0.0 ], [ 73.1593834, 28.1694467, 0.0 ], [ 73.1593782, 28.16975, 0.0 ], [ 73.1593551, 28.1697496, 0.0 ], [ 73.1593603, 28.1694464, 0.0 ] ], [ [ 73.1593043, 28.1694456, 0.0 ], [ 73.1593274, 28.1694459, 0.0 ], [ 73.1593222, 28.1697492, 0.0 ], [ 73.1592991, 28.1697489, 0.0 ], [ 73.1593043, 28.1694456, 0.0 ] ], [ [ 73.159355, 28.1697581, 0.0 ], [ 73.1593781, 28.1697584, 0.0 ], [ 73.1593729, 28.1700616, 0.0 ], [ 73.1593498, 28.1700613, 0.0 ], [ 73.159355, 28.1697581, 0.0 ] ], [ [ 73.159299, 28.1697573, 0.0 ], [ 73.1593221, 28.1697576, 0.0 ], [ 73.1593169, 28.1700609, 0.0 ], [ 73.1592938, 28.1700606, 0.0 ], [ 73.159299, 28.1697573, 0.0 ] ], [ [ 73.1593709, 28.1688269, 0.0 ], [ 73.159394, 28.1688272, 0.0 ], [ 73.1593888, 28.1691305, 0.0 ], [ 73.1593657, 28.1691302, 0.0 ], [ 73.1593709, 28.1688269, 0.0 ] ], [ [ 73.1593149, 28.1688261, 0.0 ], [ 73.159338, 28.1688265, 0.0 ], [ 73.1593328, 28.1691297, 0.0 ], [ 73.1593097, 28.1691294, 0.0 ], [ 73.1593149, 28.1688261, 0.0 ] ], [ [ 73.1593656, 28.1691386, 0.0 ], [ 73.1593887, 28.1691389, 0.0 ], [ 73.1593835, 28.1694422, 0.0 ], [ 73.1593604, 28.1694419, 0.0 ], [ 73.1593656, 28.1691386, 0.0 ] ], [ [ 73.1593096, 28.1691378, 0.0 ], [ 73.1593327, 28.1691381, 0.0 ], [ 73.1593275, 28.1694414, 0.0 ], [ 73.1593044, 28.1694411, 0.0 ], [ 73.1593096, 28.1691378, 0.0 ] ], [ [ 73.1593815, 28.1682074, 0.0 ], [ 73.1594046, 28.1682077, 0.0 ], [ 73.1593994, 28.168511, 0.0 ], [ 73.1593763, 28.1685107, 0.0 ], [ 73.1593815, 28.1682074, 0.0 ] ], [ [ 73.1593255, 28.1682067, 0.0 ], [ 73.1593486, 28.168207, 0.0 ], [ 73.1593434, 28.1685103, 0.0 ], [ 73.1593203, 28.1685099, 0.0 ], [ 73.1593255, 28.1682067, 0.0 ] ], [ [ 73.1593762, 28.1685191, 0.0 ], [ 73.1593993, 28.1685194, 0.0 ], [ 73.1593941, 28.1688227, 0.0 ], [ 73.159371, 28.1688224, 0.0 ], [ 73.1593762, 28.1685191, 0.0 ] ], [ [ 73.1593202, 28.1685184, 0.0 ], [ 73.1593433, 28.1685187, 0.0 ], [ 73.1593381, 28.1688219, 0.0 ], [ 73.159315, 28.1688216, 0.0 ], [ 73.1593202, 28.1685184, 0.0 ] ], [ [ 73.1591953, 28.1725422, 0.0 ], [ 73.1592184, 28.1725425, 0.0 ], [ 73.1592132, 28.1728458, 0.0 ], [ 73.1591901, 28.1728455, 0.0 ], [ 73.1591953, 28.1725422, 0.0 ] ], [ [ 73.1591393, 28.1725415, 0.0 ], [ 73.1591624, 28.1725418, 0.0 ], [ 73.1591572, 28.172845, 0.0 ], [ 73.1591341, 28.1728447, 0.0 ], [ 73.1591393, 28.1725415, 0.0 ] ], [ [ 73.1591899, 28.1728539, 0.0 ], [ 73.1592131, 28.1728542, 0.0 ], [ 73.1592079, 28.1731575, 0.0 ], [ 73.1591847, 28.1731572, 0.0 ], [ 73.1591899, 28.1728539, 0.0 ] ], [ [ 73.1591339, 28.1728531, 0.0 ], [ 73.1591571, 28.1728535, 0.0 ], [ 73.1591519, 28.1731567, 0.0 ], [ 73.1591287, 28.1731564, 0.0 ], [ 73.1591339, 28.1728531, 0.0 ] ], [ [ 73.1592059, 28.1719227, 0.0 ], [ 73.159229, 28.171923, 0.0 ], [ 73.1592238, 28.1722263, 0.0 ], [ 73.1592007, 28.172226, 0.0 ], [ 73.1592059, 28.1719227, 0.0 ] ], [ [ 73.1591499, 28.171922, 0.0 ], [ 73.159173, 28.1719223, 0.0 ], [ 73.1591678, 28.1722256, 0.0 ], [ 73.1591447, 28.1722253, 0.0 ], [ 73.1591499, 28.171922, 0.0 ] ], [ [ 73.1592005, 28.1722344, 0.0 ], [ 73.1592237, 28.1722347, 0.0 ], [ 73.1592185, 28.172538, 0.0 ], [ 73.1591953, 28.1725377, 0.0 ], [ 73.1592005, 28.1722344, 0.0 ] ], [ [ 73.1591445, 28.1722337, 0.0 ], [ 73.1591677, 28.172234, 0.0 ], [ 73.1591625, 28.1725373, 0.0 ], [ 73.1591393, 28.1725369, 0.0 ], [ 73.1591445, 28.1722337, 0.0 ] ], [ [ 73.1592165, 28.1713033, 0.0 ], [ 73.1592396, 28.1713036, 0.0 ], [ 73.1592344, 28.1716069, 0.0 ], [ 73.1592113, 28.1716065, 0.0 ], [ 73.1592165, 28.1713033, 0.0 ] ], [ [ 73.1591605, 28.1713025, 0.0 ], [ 73.1591836, 28.1713028, 0.0 ], [ 73.1591784, 28.1716061, 0.0 ], [ 73.1591553, 28.1716058, 0.0 ], [ 73.1591605, 28.1713025, 0.0 ] ], [ [ 73.1592111, 28.171615, 0.0 ], [ 73.1592343, 28.1716153, 0.0 ], [ 73.1592291, 28.1719185, 0.0 ], [ 73.1592059, 28.1719182, 0.0 ], [ 73.1592111, 28.171615, 0.0 ] ], [ [ 73.1591551, 28.1716142, 0.0 ], [ 73.1591783, 28.1716145, 0.0 ], [ 73.1591731, 28.1719178, 0.0 ], [ 73.15915, 28.1719175, 0.0 ], [ 73.1591551, 28.1716142, 0.0 ] ], [ [ 73.1592271, 28.1706838, 0.0 ], [ 73.1592502, 28.1706841, 0.0 ], [ 73.159245, 28.1709874, 0.0 ], [ 73.1592219, 28.1709871, 0.0 ], [ 73.1592271, 28.1706838, 0.0 ] ], [ [ 73.1591711, 28.170683, 0.0 ], [ 73.1591942, 28.1706834, 0.0 ], [ 73.159189, 28.1709866, 0.0 ], [ 73.1591659, 28.1709863, 0.0 ], [ 73.1591711, 28.170683, 0.0 ] ], [ [ 73.1592217, 28.1709955, 0.0 ], [ 73.1592449, 28.1709958, 0.0 ], [ 73.1592397, 28.1712991, 0.0 ], [ 73.1592166, 28.1712988, 0.0 ], [ 73.1592217, 28.1709955, 0.0 ] ], [ [ 73.1591658, 28.1709947, 0.0 ], [ 73.1591889, 28.170995, 0.0 ], [ 73.1591837, 28.1712983, 0.0 ], [ 73.1591606, 28.171298, 0.0 ], [ 73.1591658, 28.1709947, 0.0 ] ], [ [ 73.1592377, 28.1700643, 0.0 ], [ 73.1592608, 28.1700646, 0.0 ], [ 73.1592556, 28.1703679, 0.0 ], [ 73.1592325, 28.1703676, 0.0 ], [ 73.1592377, 28.1700643, 0.0 ] ], [ [ 73.1591817, 28.1700636, 0.0 ], [ 73.1592048, 28.1700639, 0.0 ], [ 73.1591996, 28.1703672, 0.0 ], [ 73.1591765, 28.1703668, 0.0 ], [ 73.1591817, 28.1700636, 0.0 ] ], [ [ 73.1592324, 28.170376, 0.0 ], [ 73.1592555, 28.1703763, 0.0 ], [ 73.1592503, 28.1706796, 0.0 ], [ 73.1592272, 28.1706793, 0.0 ], [ 73.1592324, 28.170376, 0.0 ] ], [ [ 73.1591764, 28.1703753, 0.0 ], [ 73.1591995, 28.1703756, 0.0 ], [ 73.1591943, 28.1706788, 0.0 ], [ 73.1591712, 28.1706785, 0.0 ], [ 73.1591764, 28.1703753, 0.0 ] ], [ [ 73.1592483, 28.1694449, 0.0 ], [ 73.1592714, 28.1694452, 0.0 ], [ 73.1592662, 28.1697484, 0.0 ], [ 73.1592431, 28.1697481, 0.0 ], [ 73.1592483, 28.1694449, 0.0 ] ], [ [ 73.1591923, 28.1694441, 0.0 ], [ 73.1592154, 28.1694444, 0.0 ], [ 73.1592102, 28.1697477, 0.0 ], [ 73.1591871, 28.1697474, 0.0 ], [ 73.1591923, 28.1694441, 0.0 ] ], [ [ 73.159243, 28.1697566, 0.0 ], [ 73.1592661, 28.1697569, 0.0 ], [ 73.1592609, 28.1700601, 0.0 ], [ 73.1592378, 28.1700598, 0.0 ], [ 73.159243, 28.1697566, 0.0 ] ], [ [ 73.159187, 28.1697558, 0.0 ], [ 73.1592101, 28.1697561, 0.0 ], [ 73.1592049, 28.1700594, 0.0 ], [ 73.1591818, 28.1700591, 0.0 ], [ 73.159187, 28.1697558, 0.0 ] ], [ [ 73.1592589, 28.1688254, 0.0 ], [ 73.159282, 28.1688257, 0.0 ], [ 73.1592768, 28.169129, 0.0 ], [ 73.1592537, 28.1691287, 0.0 ], [ 73.1592589, 28.1688254, 0.0 ] ], [ [ 73.1592029, 28.1688246, 0.0 ], [ 73.159226, 28.168825, 0.0 ], [ 73.1592208, 28.1691282, 0.0 ], [ 73.1591977, 28.1691279, 0.0 ], [ 73.1592029, 28.1688246, 0.0 ] ], [ [ 73.1592536, 28.1691371, 0.0 ], [ 73.1592767, 28.1691374, 0.0 ], [ 73.1592715, 28.1694407, 0.0 ], [ 73.1592484, 28.1694404, 0.0 ], [ 73.1592536, 28.1691371, 0.0 ] ], [ [ 73.1591976, 28.1691363, 0.0 ], [ 73.1592207, 28.1691366, 0.0 ], [ 73.1592155, 28.1694399, 0.0 ], [ 73.1591924, 28.1694396, 0.0 ], [ 73.1591976, 28.1691363, 0.0 ] ], [ [ 73.1592695, 28.1682059, 0.0 ], [ 73.1592926, 28.1682062, 0.0 ], [ 73.1592874, 28.1685095, 0.0 ], [ 73.1592643, 28.1685092, 0.0 ], [ 73.1592695, 28.1682059, 0.0 ] ], [ [ 73.1592135, 28.1682052, 0.0 ], [ 73.1592366, 28.1682055, 0.0 ], [ 73.1592315, 28.1685088, 0.0 ], [ 73.1592083, 28.1685084, 0.0 ], [ 73.1592135, 28.1682052, 0.0 ] ], [ [ 73.1592642, 28.1685176, 0.0 ], [ 73.1592873, 28.1685179, 0.0 ], [ 73.1592821, 28.1688212, 0.0 ], [ 73.159259, 28.1688209, 0.0 ], [ 73.1592642, 28.1685176, 0.0 ] ], [ [ 73.1592082, 28.1685169, 0.0 ], [ 73.1592313, 28.1685172, 0.0 ], [ 73.1592261, 28.1688204, 0.0 ], [ 73.159203, 28.1688201, 0.0 ], [ 73.1592082, 28.1685169, 0.0 ] ], [ [ 73.1590833, 28.1725407, 0.0 ], [ 73.1591064, 28.172541, 0.0 ], [ 73.1591012, 28.1728443, 0.0 ], [ 73.1590781, 28.172844, 0.0 ], [ 73.1590833, 28.1725407, 0.0 ] ], [ [ 73.1590273, 28.1725399, 0.0 ], [ 73.1590504, 28.1725403, 0.0 ], [ 73.1590452, 28.1728435, 0.0 ], [ 73.1590221, 28.1728432, 0.0 ], [ 73.1590273, 28.1725399, 0.0 ] ], [ [ 73.1590779, 28.1728524, 0.0 ], [ 73.1591011, 28.1728527, 0.0 ], [ 73.1590959, 28.173156, 0.0 ], [ 73.1590727, 28.1731557, 0.0 ], [ 73.1590779, 28.1728524, 0.0 ] ], [ [ 73.1590219, 28.1728516, 0.0 ], [ 73.1590451, 28.1728519, 0.0 ], [ 73.1590399, 28.1731552, 0.0 ], [ 73.1590167, 28.1731549, 0.0 ], [ 73.1590219, 28.1728516, 0.0 ] ], [ [ 73.1590939, 28.1719212, 0.0 ], [ 73.159117, 28.1719215, 0.0 ], [ 73.1591118, 28.1722248, 0.0 ], [ 73.1590887, 28.1722245, 0.0 ], [ 73.1590939, 28.1719212, 0.0 ] ], [ [ 73.1590379, 28.1719205, 0.0 ], [ 73.159061, 28.1719208, 0.0 ], [ 73.1590558, 28.1722241, 0.0 ], [ 73.1590327, 28.1722237, 0.0 ], [ 73.1590379, 28.1719205, 0.0 ] ], [ [ 73.1590885, 28.1722329, 0.0 ], [ 73.1591117, 28.1722332, 0.0 ], [ 73.1591065, 28.1725365, 0.0 ], [ 73.1590833, 28.1725362, 0.0 ], [ 73.1590885, 28.1722329, 0.0 ] ], [ [ 73.1590325, 28.1722322, 0.0 ], [ 73.1590557, 28.1722325, 0.0 ], [ 73.1590505, 28.1725357, 0.0 ], [ 73.1590273, 28.1725354, 0.0 ], [ 73.1590325, 28.1722322, 0.0 ] ], [ [ 73.1591045, 28.1713018, 0.0 ], [ 73.1591276, 28.1713021, 0.0 ], [ 73.1591224, 28.1716053, 0.0 ], [ 73.1590993, 28.171605, 0.0 ], [ 73.1591045, 28.1713018, 0.0 ] ], [ [ 73.1590485, 28.171301, 0.0 ], [ 73.1590716, 28.1713013, 0.0 ], [ 73.1590664, 28.1716046, 0.0 ], [ 73.1590433, 28.1716043, 0.0 ], [ 73.1590485, 28.171301, 0.0 ] ], [ [ 73.1590991, 28.1716135, 0.0 ], [ 73.1591223, 28.1716138, 0.0 ], [ 73.1591171, 28.171917, 0.0 ], [ 73.159094, 28.1719167, 0.0 ], [ 73.1590991, 28.1716135, 0.0 ] ], [ [ 73.1590431, 28.1716127, 0.0 ], [ 73.1590663, 28.171613, 0.0 ], [ 73.1590611, 28.1719163, 0.0 ], [ 73.159038, 28.171916, 0.0 ], [ 73.1590431, 28.1716127, 0.0 ] ], [ [ 73.1591151, 28.1706823, 0.0 ], [ 73.1591382, 28.1706826, 0.0 ], [ 73.159133, 28.1709859, 0.0 ], [ 73.1591099, 28.1709856, 0.0 ], [ 73.1591151, 28.1706823, 0.0 ] ], [ [ 73.1590591, 28.1706815, 0.0 ], [ 73.1590822, 28.1706819, 0.0 ], [ 73.159077, 28.1709851, 0.0 ], [ 73.1590539, 28.1709848, 0.0 ], [ 73.1590591, 28.1706815, 0.0 ] ], [ [ 73.1591098, 28.170994, 0.0 ], [ 73.1591329, 28.1709943, 0.0 ], [ 73.1591277, 28.1712976, 0.0 ], [ 73.1591046, 28.1712973, 0.0 ], [ 73.1591098, 28.170994, 0.0 ] ], [ [ 73.1590538, 28.1709932, 0.0 ], [ 73.1590769, 28.1709935, 0.0 ], [ 73.1590717, 28.1712968, 0.0 ], [ 73.1590486, 28.1712965, 0.0 ], [ 73.1590538, 28.1709932, 0.0 ] ], [ [ 73.1591257, 28.1700628, 0.0 ], [ 73.1591488, 28.1700631, 0.0 ], [ 73.1591436, 28.1703664, 0.0 ], [ 73.1591205, 28.1703661, 0.0 ], [ 73.1591257, 28.1700628, 0.0 ] ], [ [ 73.1590697, 28.1700621, 0.0 ], [ 73.1590928, 28.1700624, 0.0 ], [ 73.1590876, 28.1703657, 0.0 ], [ 73.1590645, 28.1703653, 0.0 ], [ 73.1590697, 28.1700621, 0.0 ] ], [ [ 73.1591204, 28.1703745, 0.0 ], [ 73.1591435, 28.1703748, 0.0 ], [ 73.1591383, 28.1706781, 0.0 ], [ 73.1591152, 28.1706778, 0.0 ], [ 73.1591204, 28.1703745, 0.0 ] ], [ [ 73.1590644, 28.1703738, 0.0 ], [ 73.1590875, 28.1703741, 0.0 ], [ 73.1590823, 28.1706773, 0.0 ], [ 73.1590592, 28.170677, 0.0 ], [ 73.1590644, 28.1703738, 0.0 ] ], [ [ 73.1591363, 28.1694434, 0.0 ], [ 73.1591594, 28.1694437, 0.0 ], [ 73.1591542, 28.1697469, 0.0 ], [ 73.1591311, 28.1697466, 0.0 ], [ 73.1591363, 28.1694434, 0.0 ] ], [ [ 73.1590803, 28.1694426, 0.0 ], [ 73.1591034, 28.1694429, 0.0 ], [ 73.1590982, 28.1697462, 0.0 ], [ 73.1590751, 28.1697459, 0.0 ], [ 73.1590803, 28.1694426, 0.0 ] ], [ [ 73.159131, 28.169755, 0.0 ], [ 73.1591541, 28.1697554, 0.0 ], [ 73.1591489, 28.1700586, 0.0 ], [ 73.1591258, 28.1700583, 0.0 ], [ 73.159131, 28.169755, 0.0 ] ], [ [ 73.159075, 28.1697543, 0.0 ], [ 73.1590981, 28.1697546, 0.0 ], [ 73.1590929, 28.1700579, 0.0 ], [ 73.1590698, 28.1700576, 0.0 ], [ 73.159075, 28.1697543, 0.0 ] ], [ [ 73.1591469, 28.1688239, 0.0 ], [ 73.15917, 28.1688242, 0.0 ], [ 73.1591648, 28.1691275, 0.0 ], [ 73.1591417, 28.1691272, 0.0 ], [ 73.1591469, 28.1688239, 0.0 ] ], [ [ 73.1590909, 28.1688231, 0.0 ], [ 73.159114, 28.1688234, 0.0 ], [ 73.1591089, 28.1691267, 0.0 ], [ 73.1590857, 28.1691264, 0.0 ], [ 73.1590909, 28.1688231, 0.0 ] ], [ [ 73.1591416, 28.1691356, 0.0 ], [ 73.1591647, 28.1691359, 0.0 ], [ 73.1591595, 28.1694392, 0.0 ], [ 73.1591364, 28.1694388, 0.0 ], [ 73.1591416, 28.1691356, 0.0 ] ], [ [ 73.1590856, 28.1691348, 0.0 ], [ 73.1591087, 28.1691351, 0.0 ], [ 73.1591035, 28.1694384, 0.0 ], [ 73.1590804, 28.1694381, 0.0 ], [ 73.1590856, 28.1691348, 0.0 ] ], [ [ 73.1591575, 28.1682044, 0.0 ], [ 73.1591806, 28.1682047, 0.0 ], [ 73.1591755, 28.168508, 0.0 ], [ 73.1591523, 28.1685077, 0.0 ], [ 73.1591575, 28.1682044, 0.0 ] ], [ [ 73.1591015, 28.1682037, 0.0 ], [ 73.1591247, 28.168204, 0.0 ], [ 73.1591195, 28.1685072, 0.0 ], [ 73.1590963, 28.1685069, 0.0 ], [ 73.1591015, 28.1682037, 0.0 ] ], [ [ 73.1591522, 28.1685161, 0.0 ], [ 73.1591753, 28.1685164, 0.0 ], [ 73.1591701, 28.1688197, 0.0 ], [ 73.159147, 28.1688194, 0.0 ], [ 73.1591522, 28.1685161, 0.0 ] ], [ [ 73.1590962, 28.1685154, 0.0 ], [ 73.1591193, 28.1685157, 0.0 ], [ 73.1591141, 28.1688189, 0.0 ], [ 73.159091, 28.1688186, 0.0 ], [ 73.1590962, 28.1685154, 0.0 ] ], [ [ 73.1589713, 28.1725392, 0.0 ], [ 73.1589944, 28.1725395, 0.0 ], [ 73.1589892, 28.1728428, 0.0 ], [ 73.1589661, 28.1728425, 0.0 ], [ 73.1589713, 28.1725392, 0.0 ] ], [ [ 73.1589153, 28.1725384, 0.0 ], [ 73.1589384, 28.1725388, 0.0 ], [ 73.1589332, 28.172842, 0.0 ], [ 73.1589101, 28.1728417, 0.0 ], [ 73.1589153, 28.1725384, 0.0 ] ], [ [ 73.1589659, 28.1728509, 0.0 ], [ 73.1589891, 28.1728512, 0.0 ], [ 73.1589839, 28.1731545, 0.0 ], [ 73.1589607, 28.1731542, 0.0 ], [ 73.1589659, 28.1728509, 0.0 ] ], [ [ 73.1589099, 28.1728501, 0.0 ], [ 73.1589331, 28.1728504, 0.0 ], [ 73.1589279, 28.1731537, 0.0 ], [ 73.1589047, 28.1731534, 0.0 ], [ 73.1589099, 28.1728501, 0.0 ] ], [ [ 73.1589819, 28.1719197, 0.0 ], [ 73.159005, 28.17192, 0.0 ], [ 73.1589998, 28.1722233, 0.0 ], [ 73.1589767, 28.172223, 0.0 ], [ 73.1589819, 28.1719197, 0.0 ] ], [ [ 73.1589259, 28.171919, 0.0 ], [ 73.158949, 28.1719193, 0.0 ], [ 73.1589438, 28.1722226, 0.0 ], [ 73.1589207, 28.1722222, 0.0 ], [ 73.1589259, 28.171919, 0.0 ] ], [ [ 73.1589765, 28.1722314, 0.0 ], [ 73.1589997, 28.1722317, 0.0 ], [ 73.1589945, 28.172535, 0.0 ], [ 73.1589713, 28.1725347, 0.0 ], [ 73.1589765, 28.1722314, 0.0 ] ], [ [ 73.1589205, 28.1722307, 0.0 ], [ 73.1589437, 28.172231, 0.0 ], [ 73.1589385, 28.1725342, 0.0 ], [ 73.1589153, 28.1725339, 0.0 ], [ 73.1589205, 28.1722307, 0.0 ] ], [ [ 73.1589925, 28.1713003, 0.0 ], [ 73.1590156, 28.1713006, 0.0 ], [ 73.1590104, 28.1716038, 0.0 ], [ 73.1589873, 28.1716035, 0.0 ], [ 73.1589925, 28.1713003, 0.0 ] ], [ [ 73.1589365, 28.1712995, 0.0 ], [ 73.1589596, 28.1712998, 0.0 ], [ 73.1589544, 28.1716031, 0.0 ], [ 73.1589313, 28.1716028, 0.0 ], [ 73.1589365, 28.1712995, 0.0 ] ], [ [ 73.1589871, 28.1716119, 0.0 ], [ 73.1590103, 28.1716123, 0.0 ], [ 73.1590051, 28.1719155, 0.0 ], [ 73.158982, 28.1719152, 0.0 ], [ 73.1589871, 28.1716119, 0.0 ] ], [ [ 73.1589312, 28.1716112, 0.0 ], [ 73.1589543, 28.1716115, 0.0 ], [ 73.1589491, 28.1719148, 0.0 ], [ 73.158926, 28.1719145, 0.0 ], [ 73.1589312, 28.1716112, 0.0 ] ], [ [ 73.1590137, 28.1700613, 0.0 ], [ 73.1590368, 28.1700616, 0.0 ], [ 73.1590316, 28.1703649, 0.0 ], [ 73.1590085, 28.1703646, 0.0 ], [ 73.1590137, 28.1700613, 0.0 ] ], [ [ 73.1589577, 28.1700606, 0.0 ], [ 73.1589808, 28.1700609, 0.0 ], [ 73.1589756, 28.1703641, 0.0 ], [ 73.1589525, 28.1703638, 0.0 ], [ 73.1589577, 28.1700606, 0.0 ] ], [ [ 73.1590084, 28.170373, 0.0 ], [ 73.1590315, 28.1703733, 0.0 ], [ 73.1590263, 28.1706766, 0.0 ], [ 73.1590032, 28.1706763, 0.0 ], [ 73.1590084, 28.170373, 0.0 ] ], [ [ 73.1589524, 28.1703723, 0.0 ], [ 73.1589755, 28.1703726, 0.0 ], [ 73.1589703, 28.1706758, 0.0 ], [ 73.1589472, 28.1706755, 0.0 ], [ 73.1589524, 28.1703723, 0.0 ] ], [ [ 73.1590243, 28.1694419, 0.0 ], [ 73.1590474, 28.1694422, 0.0 ], [ 73.1590422, 28.1697454, 0.0 ], [ 73.1590191, 28.1697451, 0.0 ], [ 73.1590243, 28.1694419, 0.0 ] ], [ [ 73.1589683, 28.1694411, 0.0 ], [ 73.1589914, 28.1694414, 0.0 ], [ 73.1589863, 28.1697447, 0.0 ], [ 73.1589631, 28.1697444, 0.0 ], [ 73.1589683, 28.1694411, 0.0 ] ], [ [ 73.159019, 28.1697535, 0.0 ], [ 73.1590421, 28.1697539, 0.0 ], [ 73.1590369, 28.1700571, 0.0 ], [ 73.1590138, 28.1700568, 0.0 ], [ 73.159019, 28.1697535, 0.0 ] ], [ [ 73.158963, 28.1697528, 0.0 ], [ 73.1589861, 28.1697531, 0.0 ], [ 73.1589809, 28.1700564, 0.0 ], [ 73.1589578, 28.1700561, 0.0 ], [ 73.158963, 28.1697528, 0.0 ] ], [ [ 73.1590349, 28.1688224, 0.0 ], [ 73.159058, 28.1688227, 0.0 ], [ 73.1590529, 28.169126, 0.0 ], [ 73.1590297, 28.1691257, 0.0 ], [ 73.1590349, 28.1688224, 0.0 ] ], [ [ 73.1589789, 28.1688216, 0.0 ], [ 73.1590021, 28.1688219, 0.0 ], [ 73.1589969, 28.1691252, 0.0 ], [ 73.1589737, 28.1691249, 0.0 ], [ 73.1589789, 28.1688216, 0.0 ] ], [ [ 73.1590296, 28.1691341, 0.0 ], [ 73.1590527, 28.1691344, 0.0 ], [ 73.1590475, 28.1694377, 0.0 ], [ 73.1590244, 28.1694373, 0.0 ], [ 73.1590296, 28.1691341, 0.0 ] ], [ [ 73.1589736, 28.1691333, 0.0 ], [ 73.1589967, 28.1691336, 0.0 ], [ 73.1589915, 28.1694369, 0.0 ], [ 73.1589684, 28.1694366, 0.0 ], [ 73.1589736, 28.1691333, 0.0 ] ], [ [ 73.1590455, 28.1682029, 0.0 ], [ 73.1590687, 28.1682032, 0.0 ], [ 73.1590635, 28.1685065, 0.0 ], [ 73.1590403, 28.1685062, 0.0 ], [ 73.1590455, 28.1682029, 0.0 ] ], [ [ 73.1589895, 28.1682022, 0.0 ], [ 73.1590127, 28.1682025, 0.0 ], [ 73.1590075, 28.1685057, 0.0 ], [ 73.1589843, 28.1685054, 0.0 ], [ 73.1589895, 28.1682022, 0.0 ] ], [ [ 73.1590402, 28.1685146, 0.0 ], [ 73.1590633, 28.1685149, 0.0 ], [ 73.1590581, 28.1688182, 0.0 ], [ 73.159035, 28.1688179, 0.0 ], [ 73.1590402, 28.1685146, 0.0 ] ], [ [ 73.1589842, 28.1685138, 0.0 ], [ 73.1590073, 28.1685142, 0.0 ], [ 73.1590021, 28.1688174, 0.0 ], [ 73.158979, 28.1688171, 0.0 ], [ 73.1589842, 28.1685138, 0.0 ] ], [ [ 73.1589017, 28.1700598, 0.0 ], [ 73.1589248, 28.1700601, 0.0 ], [ 73.1589196, 28.1703634, 0.0 ], [ 73.1588965, 28.1703631, 0.0 ], [ 73.1589017, 28.1700598, 0.0 ] ], [ [ 73.1588457, 28.1700591, 0.0 ], [ 73.1588688, 28.1700594, 0.0 ], [ 73.1588636, 28.1703626, 0.0 ], [ 73.1588405, 28.1703623, 0.0 ], [ 73.1588457, 28.1700591, 0.0 ] ], [ [ 73.1588964, 28.1703715, 0.0 ], [ 73.1589195, 28.1703718, 0.0 ], [ 73.1589143, 28.1706751, 0.0 ], [ 73.1588912, 28.1706748, 0.0 ], [ 73.1588964, 28.1703715, 0.0 ] ], [ [ 73.1588404, 28.1703707, 0.0 ], [ 73.1588635, 28.1703711, 0.0 ], [ 73.1588583, 28.1706743, 0.0 ], [ 73.1588352, 28.170674, 0.0 ], [ 73.1588404, 28.1703707, 0.0 ] ], [ [ 73.1589123, 28.1694403, 0.0 ], [ 73.1589354, 28.1694407, 0.0 ], [ 73.1589303, 28.1697439, 0.0 ], [ 73.1589071, 28.1697436, 0.0 ], [ 73.1589123, 28.1694403, 0.0 ] ], [ [ 73.1588563, 28.1694396, 0.0 ], [ 73.1588794, 28.1694399, 0.0 ], [ 73.1588743, 28.1697432, 0.0 ], [ 73.1588511, 28.1697429, 0.0 ], [ 73.1588563, 28.1694396, 0.0 ] ], [ [ 73.158907, 28.169752, 0.0 ], [ 73.1589301, 28.1697523, 0.0 ], [ 73.1589249, 28.1700556, 0.0 ], [ 73.1589018, 28.1700553, 0.0 ], [ 73.158907, 28.169752, 0.0 ] ], [ [ 73.158851, 28.1697513, 0.0 ], [ 73.1588741, 28.1697516, 0.0 ], [ 73.1588689, 28.1700549, 0.0 ], [ 73.1588458, 28.1700546, 0.0 ], [ 73.158851, 28.1697513, 0.0 ] ], [ [ 73.1589229, 28.1688209, 0.0 ], [ 73.1589461, 28.1688212, 0.0 ], [ 73.1589409, 28.1691245, 0.0 ], [ 73.1589177, 28.1691241, 0.0 ], [ 73.1589229, 28.1688209, 0.0 ] ], [ [ 73.1588669, 28.1688201, 0.0 ], [ 73.1588901, 28.1688204, 0.0 ], [ 73.1588849, 28.1691237, 0.0 ], [ 73.1588617, 28.1691234, 0.0 ], [ 73.1588669, 28.1688201, 0.0 ] ], [ [ 73.1589176, 28.1691326, 0.0 ], [ 73.1589407, 28.1691329, 0.0 ], [ 73.1589355, 28.1694361, 0.0 ], [ 73.1589124, 28.1694358, 0.0 ], [ 73.1589176, 28.1691326, 0.0 ] ], [ [ 73.1588616, 28.1691318, 0.0 ], [ 73.1588847, 28.1691321, 0.0 ], [ 73.1588795, 28.1694354, 0.0 ], [ 73.1588564, 28.1694351, 0.0 ], [ 73.1588616, 28.1691318, 0.0 ] ], [ [ 73.1589335, 28.1682014, 0.0 ], [ 73.1589567, 28.1682017, 0.0 ], [ 73.1589515, 28.168505, 0.0 ], [ 73.1589283, 28.1685047, 0.0 ], [ 73.1589335, 28.1682014, 0.0 ] ], [ [ 73.1588775, 28.1682007, 0.0 ], [ 73.1589007, 28.168201, 0.0 ], [ 73.1588955, 28.1685042, 0.0 ], [ 73.1588723, 28.1685039, 0.0 ], [ 73.1588775, 28.1682007, 0.0 ] ], [ [ 73.1589282, 28.1685131, 0.0 ], [ 73.1589513, 28.1685134, 0.0 ], [ 73.1589461, 28.1688167, 0.0 ], [ 73.158923, 28.1688164, 0.0 ], [ 73.1589282, 28.1685131, 0.0 ] ], [ [ 73.1588722, 28.1685123, 0.0 ], [ 73.1588953, 28.1685127, 0.0 ], [ 73.1588901, 28.1688159, 0.0 ], [ 73.158867, 28.1688156, 0.0 ], [ 73.1588722, 28.1685123, 0.0 ] ], [ [ 73.1587473, 28.1725362, 0.0 ], [ 73.1587704, 28.1725365, 0.0 ], [ 73.1587652, 28.1728398, 0.0 ], [ 73.1587421, 28.1728395, 0.0 ], [ 73.1587473, 28.1725362, 0.0 ] ], [ [ 73.1586913, 28.1725354, 0.0 ], [ 73.1587144, 28.1725357, 0.0 ], [ 73.1587092, 28.172839, 0.0 ], [ 73.1586861, 28.1728387, 0.0 ], [ 73.1586913, 28.1725354, 0.0 ] ], [ [ 73.1587419, 28.1728479, 0.0 ], [ 73.1587651, 28.1728482, 0.0 ], [ 73.1587599, 28.1731515, 0.0 ], [ 73.1587367, 28.1731511, 0.0 ], [ 73.1587419, 28.1728479, 0.0 ] ], [ [ 73.1586859, 28.1728471, 0.0 ], [ 73.1587091, 28.1728474, 0.0 ], [ 73.1587039, 28.1731507, 0.0 ], [ 73.1586807, 28.1731504, 0.0 ], [ 73.1586859, 28.1728471, 0.0 ] ], [ [ 73.1587579, 28.1719167, 0.0 ], [ 73.158781, 28.171917, 0.0 ], [ 73.1587758, 28.1722203, 0.0 ], [ 73.1587527, 28.17222, 0.0 ], [ 73.1587579, 28.1719167, 0.0 ] ], [ [ 73.1587019, 28.171916, 0.0 ], [ 73.158725, 28.1719163, 0.0 ], [ 73.1587198, 28.1722195, 0.0 ], [ 73.1586967, 28.1722192, 0.0 ], [ 73.1587019, 28.171916, 0.0 ] ], [ [ 73.1587525, 28.1722284, 0.0 ], [ 73.1587757, 28.1722287, 0.0 ], [ 73.1587705, 28.172532, 0.0 ], [ 73.1587474, 28.1725317, 0.0 ], [ 73.1587525, 28.1722284, 0.0 ] ], [ [ 73.1586965, 28.1722276, 0.0 ], [ 73.1587197, 28.172228, 0.0 ], [ 73.1587145, 28.1725312, 0.0 ], [ 73.1586914, 28.1725309, 0.0 ], [ 73.1586965, 28.1722276, 0.0 ] ], [ [ 73.1587897, 28.1700583, 0.0 ], [ 73.1588128, 28.1700586, 0.0 ], [ 73.1588077, 28.1703619, 0.0 ], [ 73.1587845, 28.1703616, 0.0 ], [ 73.1587897, 28.1700583, 0.0 ] ], [ [ 73.1587337, 28.1700576, 0.0 ], [ 73.1587568, 28.1700579, 0.0 ], [ 73.1587517, 28.1703611, 0.0 ], [ 73.1587285, 28.1703608, 0.0 ], [ 73.1587337, 28.1700576, 0.0 ] ], [ [ 73.1587844, 28.17037, 0.0 ], [ 73.1588075, 28.1703703, 0.0 ], [ 73.1588023, 28.1706736, 0.0 ], [ 73.1587792, 28.1706733, 0.0 ], [ 73.1587844, 28.17037, 0.0 ] ], [ [ 73.1587284, 28.1703692, 0.0 ], [ 73.1587515, 28.1703696, 0.0 ], [ 73.1587463, 28.1706728, 0.0 ], [ 73.1587232, 28.1706725, 0.0 ], [ 73.1587284, 28.1703692, 0.0 ] ], [ [ 73.1588003, 28.1694388, 0.0 ], [ 73.1588235, 28.1694392, 0.0 ], [ 73.1588183, 28.1697424, 0.0 ], [ 73.1587951, 28.1697421, 0.0 ], [ 73.1588003, 28.1694388, 0.0 ] ], [ [ 73.1587443, 28.1694381, 0.0 ], [ 73.1587675, 28.1694384, 0.0 ], [ 73.1587623, 28.1697417, 0.0 ], [ 73.1587391, 28.1697414, 0.0 ], [ 73.1587443, 28.1694381, 0.0 ] ], [ [ 73.158795, 28.1697505, 0.0 ], [ 73.1588181, 28.1697508, 0.0 ], [ 73.1588129, 28.1700541, 0.0 ], [ 73.1587898, 28.1700538, 0.0 ], [ 73.158795, 28.1697505, 0.0 ] ], [ [ 73.158739, 28.1697498, 0.0 ], [ 73.1587621, 28.1697501, 0.0 ], [ 73.1587569, 28.1700534, 0.0 ], [ 73.1587338, 28.170053, 0.0 ], [ 73.158739, 28.1697498, 0.0 ] ], [ [ 73.1588109, 28.1688194, 0.0 ], [ 73.1588341, 28.1688197, 0.0 ], [ 73.1588289, 28.169123, 0.0 ], [ 73.1588057, 28.1691226, 0.0 ], [ 73.1588109, 28.1688194, 0.0 ] ], [ [ 73.1587549, 28.1688186, 0.0 ], [ 73.1587781, 28.1688189, 0.0 ], [ 73.1587729, 28.1691222, 0.0 ], [ 73.1587497, 28.1691219, 0.0 ], [ 73.1587549, 28.1688186, 0.0 ] ], [ [ 73.1588056, 28.1691311, 0.0 ], [ 73.1588287, 28.1691314, 0.0 ], [ 73.1588235, 28.1694346, 0.0 ], [ 73.1588004, 28.1694343, 0.0 ], [ 73.1588056, 28.1691311, 0.0 ] ], [ [ 73.1587496, 28.1691303, 0.0 ], [ 73.1587727, 28.1691306, 0.0 ], [ 73.1587675, 28.1694339, 0.0 ], [ 73.1587444, 28.1694336, 0.0 ], [ 73.1587496, 28.1691303, 0.0 ] ], [ [ 73.1588215, 28.1681999, 0.0 ], [ 73.1588447, 28.1682002, 0.0 ], [ 73.1588395, 28.1685035, 0.0 ], [ 73.1588163, 28.1685032, 0.0 ], [ 73.1588215, 28.1681999, 0.0 ] ], [ [ 73.1587655, 28.1681991, 0.0 ], [ 73.1587887, 28.1681995, 0.0 ], [ 73.1587835, 28.1685027, 0.0 ], [ 73.1587603, 28.1685024, 0.0 ], [ 73.1587655, 28.1681991, 0.0 ] ], [ [ 73.1588162, 28.1685116, 0.0 ], [ 73.1588393, 28.1685119, 0.0 ], [ 73.1588341, 28.1688152, 0.0 ], [ 73.158811, 28.1688149, 0.0 ], [ 73.1588162, 28.1685116, 0.0 ] ], [ [ 73.1587602, 28.1685108, 0.0 ], [ 73.1587833, 28.1685111, 0.0 ], [ 73.1587781, 28.1688144, 0.0 ], [ 73.158755, 28.1688141, 0.0 ], [ 73.1587602, 28.1685108, 0.0 ] ], [ [ 73.1586247, 28.1731541, 0.0 ], [ 73.1586478, 28.1731545, 0.0 ], [ 73.1586426, 28.1734577, 0.0 ], [ 73.1586195, 28.1734574, 0.0 ], [ 73.1586247, 28.1731541, 0.0 ] ], [ [ 73.1585687, 28.1731534, 0.0 ], [ 73.1585918, 28.1731537, 0.0 ], [ 73.1585866, 28.173457, 0.0 ], [ 73.1585635, 28.1734567, 0.0 ], [ 73.1585687, 28.1731534, 0.0 ] ], [ [ 73.1586193, 28.1734658, 0.0 ], [ 73.1586425, 28.1734661, 0.0 ], [ 73.1586373, 28.1737694, 0.0 ], [ 73.1586141, 28.1737691, 0.0 ], [ 73.1586193, 28.1734658, 0.0 ] ], [ [ 73.1585633, 28.1734651, 0.0 ], [ 73.1585865, 28.1734654, 0.0 ], [ 73.1585813, 28.1737687, 0.0 ], [ 73.1585581, 28.1737683, 0.0 ], [ 73.1585633, 28.1734651, 0.0 ] ], [ [ 73.1586353, 28.1725347, 0.0 ], [ 73.1586584, 28.172535, 0.0 ], [ 73.1586532, 28.1728383, 0.0 ], [ 73.1586301, 28.1728379, 0.0 ], [ 73.1586353, 28.1725347, 0.0 ] ], [ [ 73.1585793, 28.1725339, 0.0 ], [ 73.1586024, 28.1725342, 0.0 ], [ 73.1585972, 28.1728375, 0.0 ], [ 73.1585741, 28.1728372, 0.0 ], [ 73.1585793, 28.1725339, 0.0 ] ], [ [ 73.1586299, 28.1728464, 0.0 ], [ 73.1586531, 28.1728467, 0.0 ], [ 73.1586479, 28.1731499, 0.0 ], [ 73.1586247, 28.1731496, 0.0 ], [ 73.1586299, 28.1728464, 0.0 ] ], [ [ 73.1585739, 28.1728456, 0.0 ], [ 73.1585971, 28.1728459, 0.0 ], [ 73.1585919, 28.1731492, 0.0 ], [ 73.1585687, 28.1731489, 0.0 ], [ 73.1585739, 28.1728456, 0.0 ] ], [ [ 73.1586459, 28.1719152, 0.0 ], [ 73.158669, 28.1719155, 0.0 ], [ 73.1586638, 28.1722188, 0.0 ], [ 73.1586407, 28.1722185, 0.0 ], [ 73.1586459, 28.1719152, 0.0 ] ], [ [ 73.1585899, 28.1719145, 0.0 ], [ 73.158613, 28.1719148, 0.0 ], [ 73.1586078, 28.172218, 0.0 ], [ 73.1585847, 28.1722177, 0.0 ], [ 73.1585899, 28.1719145, 0.0 ] ], [ [ 73.1586405, 28.1722269, 0.0 ], [ 73.1586637, 28.1722272, 0.0 ], [ 73.1586585, 28.1725305, 0.0 ], [ 73.1586354, 28.1725302, 0.0 ], [ 73.1586405, 28.1722269, 0.0 ] ], [ [ 73.1585846, 28.1722261, 0.0 ], [ 73.1586077, 28.1722265, 0.0 ], [ 73.1586025, 28.1725297, 0.0 ], [ 73.1585794, 28.1725294, 0.0 ], [ 73.1585846, 28.1722261, 0.0 ] ], [ [ 73.1586565, 28.1712957, 0.0 ], [ 73.1586796, 28.1712961, 0.0 ], [ 73.1586744, 28.1715993, 0.0 ], [ 73.1586513, 28.171599, 0.0 ], [ 73.1586565, 28.1712957, 0.0 ] ], [ [ 73.1586005, 28.171295, 0.0 ], [ 73.1586236, 28.1712953, 0.0 ], [ 73.1586184, 28.1715986, 0.0 ], [ 73.1585953, 28.1715983, 0.0 ], [ 73.1586005, 28.171295, 0.0 ] ], [ [ 73.1586512, 28.1716074, 0.0 ], [ 73.1586743, 28.1716077, 0.0 ], [ 73.1586691, 28.171911, 0.0 ], [ 73.158646, 28.1719107, 0.0 ], [ 73.1586512, 28.1716074, 0.0 ] ], [ [ 73.1585952, 28.1716067, 0.0 ], [ 73.1586183, 28.171607, 0.0 ], [ 73.1586131, 28.1719103, 0.0 ], [ 73.15859, 28.1719099, 0.0 ], [ 73.1585952, 28.1716067, 0.0 ] ], [ [ 73.1586777, 28.1700568, 0.0 ], [ 73.1587008, 28.1700571, 0.0 ], [ 73.1586957, 28.1703604, 0.0 ], [ 73.1586725, 28.1703601, 0.0 ], [ 73.1586777, 28.1700568, 0.0 ] ], [ [ 73.1586217, 28.170056, 0.0 ], [ 73.1586449, 28.1700564, 0.0 ], [ 73.1586397, 28.1703596, 0.0 ], [ 73.1586165, 28.1703593, 0.0 ], [ 73.1586217, 28.170056, 0.0 ] ], [ [ 73.1586724, 28.1703685, 0.0 ], [ 73.1586955, 28.1703688, 0.0 ], [ 73.1586903, 28.1706721, 0.0 ], [ 73.1586672, 28.1706718, 0.0 ], [ 73.1586724, 28.1703685, 0.0 ] ], [ [ 73.1586164, 28.1703677, 0.0 ], [ 73.1586395, 28.170368, 0.0 ], [ 73.1586343, 28.1706713, 0.0 ], [ 73.1586112, 28.170671, 0.0 ], [ 73.1586164, 28.1703677, 0.0 ] ], [ [ 73.1586883, 28.1694373, 0.0 ], [ 73.1587115, 28.1694376, 0.0 ], [ 73.1587063, 28.1697409, 0.0 ], [ 73.1586831, 28.1697406, 0.0 ], [ 73.1586883, 28.1694373, 0.0 ] ], [ [ 73.1586323, 28.1694366, 0.0 ], [ 73.1586555, 28.1694369, 0.0 ], [ 73.1586503, 28.1697402, 0.0 ], [ 73.1586271, 28.1697399, 0.0 ], [ 73.1586323, 28.1694366, 0.0 ] ], [ [ 73.158683, 28.169749, 0.0 ], [ 73.1587061, 28.1697493, 0.0 ], [ 73.1587009, 28.1700526, 0.0 ], [ 73.1586778, 28.1700523, 0.0 ], [ 73.158683, 28.169749, 0.0 ] ], [ [ 73.158627, 28.1697483, 0.0 ], [ 73.1586501, 28.1697486, 0.0 ], [ 73.1586449, 28.1700518, 0.0 ], [ 73.1586218, 28.1700515, 0.0 ], [ 73.158627, 28.1697483, 0.0 ] ], [ [ 73.1586989, 28.1688179, 0.0 ], [ 73.1587221, 28.1688182, 0.0 ], [ 73.1587169, 28.1691214, 0.0 ], [ 73.1586937, 28.1691211, 0.0 ], [ 73.1586989, 28.1688179, 0.0 ] ], [ [ 73.1586429, 28.1688171, 0.0 ], [ 73.1586661, 28.1688174, 0.0 ], [ 73.1586609, 28.1691207, 0.0 ], [ 73.1586377, 28.1691204, 0.0 ], [ 73.1586429, 28.1688171, 0.0 ] ], [ [ 73.1586936, 28.1691296, 0.0 ], [ 73.1587167, 28.1691299, 0.0 ], [ 73.1587115, 28.1694331, 0.0 ], [ 73.1586884, 28.1694328, 0.0 ], [ 73.1586936, 28.1691296, 0.0 ] ], [ [ 73.1586376, 28.1691288, 0.0 ], [ 73.1586607, 28.1691291, 0.0 ], [ 73.1586555, 28.1694324, 0.0 ], [ 73.1586324, 28.1694321, 0.0 ], [ 73.1586376, 28.1691288, 0.0 ] ], [ [ 73.1587095, 28.1681984, 0.0 ], [ 73.1587327, 28.1681987, 0.0 ], [ 73.1587275, 28.168502, 0.0 ], [ 73.1587043, 28.1685017, 0.0 ], [ 73.1587095, 28.1681984, 0.0 ] ], [ [ 73.1586535, 28.1681976, 0.0 ], [ 73.1586767, 28.168198, 0.0 ], [ 73.1586715, 28.1685012, 0.0 ], [ 73.1586484, 28.1685009, 0.0 ], [ 73.1586535, 28.1681976, 0.0 ] ], [ [ 73.1587042, 28.1685101, 0.0 ], [ 73.1587273, 28.1685104, 0.0 ], [ 73.1587221, 28.1688137, 0.0 ], [ 73.158699, 28.1688134, 0.0 ], [ 73.1587042, 28.1685101, 0.0 ] ], [ [ 73.1586482, 28.1685093, 0.0 ], [ 73.1586713, 28.1685096, 0.0 ], [ 73.1586661, 28.1688129, 0.0 ], [ 73.158643, 28.1688126, 0.0 ], [ 73.1586482, 28.1685093, 0.0 ] ], [ [ 73.1585127, 28.1731526, 0.0 ], [ 73.1585358, 28.1731529, 0.0 ], [ 73.1585306, 28.1734562, 0.0 ], [ 73.1585075, 28.1734559, 0.0 ], [ 73.1585127, 28.1731526, 0.0 ] ], [ [ 73.1584567, 28.1731519, 0.0 ], [ 73.1584798, 28.1731522, 0.0 ], [ 73.1584746, 28.1734555, 0.0 ], [ 73.1584515, 28.1734552, 0.0 ], [ 73.1584567, 28.1731519, 0.0 ] ], [ [ 73.1585073, 28.1734643, 0.0 ], [ 73.1585305, 28.1734646, 0.0 ], [ 73.1585253, 28.1737679, 0.0 ], [ 73.1585021, 28.1737676, 0.0 ], [ 73.1585073, 28.1734643, 0.0 ] ], [ [ 73.1584513, 28.1734636, 0.0 ], [ 73.1584745, 28.1734639, 0.0 ], [ 73.1584693, 28.1737672, 0.0 ], [ 73.1584461, 28.1737668, 0.0 ], [ 73.1584513, 28.1734636, 0.0 ] ], [ [ 73.1585233, 28.1725332, 0.0 ], [ 73.1585464, 28.1725335, 0.0 ], [ 73.1585412, 28.1728368, 0.0 ], [ 73.1585181, 28.1728364, 0.0 ], [ 73.1585233, 28.1725332, 0.0 ] ], [ [ 73.1584673, 28.1725324, 0.0 ], [ 73.1584904, 28.1725327, 0.0 ], [ 73.1584852, 28.172836, 0.0 ], [ 73.1584621, 28.1728357, 0.0 ], [ 73.1584673, 28.1725324, 0.0 ] ], [ [ 73.1585179, 28.1728449, 0.0 ], [ 73.1585411, 28.1728452, 0.0 ], [ 73.1585359, 28.1731484, 0.0 ], [ 73.1585127, 28.1731481, 0.0 ], [ 73.1585179, 28.1728449, 0.0 ] ], [ [ 73.1584619, 28.1728441, 0.0 ], [ 73.1584851, 28.1728444, 0.0 ], [ 73.1584799, 28.1731477, 0.0 ], [ 73.1584567, 28.1731474, 0.0 ], [ 73.1584619, 28.1728441, 0.0 ] ], [ [ 73.1585339, 28.1719137, 0.0 ], [ 73.158557, 28.171914, 0.0 ], [ 73.1585518, 28.1722173, 0.0 ], [ 73.1585287, 28.172217, 0.0 ], [ 73.1585339, 28.1719137, 0.0 ] ], [ [ 73.1584779, 28.1719129, 0.0 ], [ 73.158501, 28.1719133, 0.0 ], [ 73.1584958, 28.1722165, 0.0 ], [ 73.1584727, 28.1722162, 0.0 ], [ 73.1584779, 28.1719129, 0.0 ] ], [ [ 73.1585286, 28.1722254, 0.0 ], [ 73.1585517, 28.1722257, 0.0 ], [ 73.1585465, 28.172529, 0.0 ], [ 73.1585234, 28.1725287, 0.0 ], [ 73.1585286, 28.1722254, 0.0 ] ], [ [ 73.1584726, 28.1722246, 0.0 ], [ 73.1584957, 28.1722249, 0.0 ], [ 73.1584905, 28.1725282, 0.0 ], [ 73.1584674, 28.1725279, 0.0 ], [ 73.1584726, 28.1722246, 0.0 ] ], [ [ 73.1585445, 28.1712942, 0.0 ], [ 73.1585676, 28.1712945, 0.0 ], [ 73.1585624, 28.1715978, 0.0 ], [ 73.1585393, 28.1715975, 0.0 ], [ 73.1585445, 28.1712942, 0.0 ] ], [ [ 73.1584885, 28.1712935, 0.0 ], [ 73.1585116, 28.1712938, 0.0 ], [ 73.1585064, 28.1715971, 0.0 ], [ 73.1584833, 28.1715967, 0.0 ], [ 73.1584885, 28.1712935, 0.0 ] ], [ [ 73.1585392, 28.1716059, 0.0 ], [ 73.1585623, 28.1716062, 0.0 ], [ 73.1585571, 28.1719095, 0.0 ], [ 73.158534, 28.1719092, 0.0 ], [ 73.1585392, 28.1716059, 0.0 ] ], [ [ 73.1584832, 28.1716052, 0.0 ], [ 73.1585063, 28.1716055, 0.0 ], [ 73.1585011, 28.1719087, 0.0 ], [ 73.158478, 28.1719084, 0.0 ], [ 73.1584832, 28.1716052, 0.0 ] ], [ [ 73.1585657, 28.1700553, 0.0 ], [ 73.1585889, 28.1700556, 0.0 ], [ 73.1585837, 28.1703589, 0.0 ], [ 73.1585605, 28.1703586, 0.0 ], [ 73.1585657, 28.1700553, 0.0 ] ], [ [ 73.1585097, 28.1700545, 0.0 ], [ 73.1585329, 28.1700549, 0.0 ], [ 73.1585277, 28.1703581, 0.0 ], [ 73.1585045, 28.1703578, 0.0 ], [ 73.1585097, 28.1700545, 0.0 ] ], [ [ 73.1585604, 28.170367, 0.0 ], [ 73.1585835, 28.1703673, 0.0 ], [ 73.1585783, 28.1706706, 0.0 ], [ 73.1585552, 28.1706703, 0.0 ], [ 73.1585604, 28.170367, 0.0 ] ], [ [ 73.1585044, 28.1703662, 0.0 ], [ 73.1585275, 28.1703665, 0.0 ], [ 73.1585223, 28.1706698, 0.0 ], [ 73.1584992, 28.1706695, 0.0 ], [ 73.1585044, 28.1703662, 0.0 ] ], [ [ 73.1585763, 28.1694358, 0.0 ], [ 73.1585995, 28.1694361, 0.0 ], [ 73.1585943, 28.1697394, 0.0 ], [ 73.1585711, 28.1697391, 0.0 ], [ 73.1585763, 28.1694358, 0.0 ] ], [ [ 73.1585203, 28.1694351, 0.0 ], [ 73.1585435, 28.1694354, 0.0 ], [ 73.1585383, 28.1697387, 0.0 ], [ 73.1585151, 28.1697383, 0.0 ], [ 73.1585203, 28.1694351, 0.0 ] ], [ [ 73.158571, 28.1697475, 0.0 ], [ 73.1585941, 28.1697478, 0.0 ], [ 73.1585889, 28.1700511, 0.0 ], [ 73.1585658, 28.1700508, 0.0 ], [ 73.158571, 28.1697475, 0.0 ] ], [ [ 73.158515, 28.1697468, 0.0 ], [ 73.1585381, 28.1697471, 0.0 ], [ 73.1585329, 28.1700503, 0.0 ], [ 73.1585098, 28.17005, 0.0 ], [ 73.158515, 28.1697468, 0.0 ] ], [ [ 73.1585869, 28.1688164, 0.0 ], [ 73.1586101, 28.1688167, 0.0 ], [ 73.1586049, 28.1691199, 0.0 ], [ 73.1585817, 28.1691196, 0.0 ], [ 73.1585869, 28.1688164, 0.0 ] ], [ [ 73.1585309, 28.1688156, 0.0 ], [ 73.1585541, 28.1688159, 0.0 ], [ 73.1585489, 28.1691192, 0.0 ], [ 73.1585258, 28.1691189, 0.0 ], [ 73.1585309, 28.1688156, 0.0 ] ], [ [ 73.1585816, 28.169128, 0.0 ], [ 73.1586047, 28.1691284, 0.0 ], [ 73.1585995, 28.1694316, 0.0 ], [ 73.1585764, 28.1694313, 0.0 ], [ 73.1585816, 28.169128, 0.0 ] ], [ [ 73.1585256, 28.1691273, 0.0 ], [ 73.1585487, 28.1691276, 0.0 ], [ 73.1585435, 28.1694309, 0.0 ], [ 73.1585204, 28.1694306, 0.0 ], [ 73.1585256, 28.1691273, 0.0 ] ], [ [ 73.1585976, 28.1681969, 0.0 ], [ 73.1586207, 28.1681972, 0.0 ], [ 73.1586155, 28.1685005, 0.0 ], [ 73.1585924, 28.1685002, 0.0 ], [ 73.1585976, 28.1681969, 0.0 ] ], [ [ 73.1585416, 28.1681961, 0.0 ], [ 73.1585647, 28.1681964, 0.0 ], [ 73.1585595, 28.1684997, 0.0 ], [ 73.1585364, 28.1684994, 0.0 ], [ 73.1585416, 28.1681961, 0.0 ] ], [ [ 73.1585922, 28.1685086, 0.0 ], [ 73.1586153, 28.1685089, 0.0 ], [ 73.1586102, 28.1688122, 0.0 ], [ 73.158587, 28.1688118, 0.0 ], [ 73.1585922, 28.1685086, 0.0 ] ], [ [ 73.1585362, 28.1685078, 0.0 ], [ 73.1585593, 28.1685081, 0.0 ], [ 73.1585542, 28.1688114, 0.0 ], [ 73.158531, 28.1688111, 0.0 ], [ 73.1585362, 28.1685078, 0.0 ] ], [ [ 73.1555312, 28.1706341, 0.0 ], [ 73.1555544, 28.1706344, 0.0 ], [ 73.1555492, 28.1709376, 0.0 ], [ 73.155526, 28.1709373, 0.0 ], [ 73.1555312, 28.1706341, 0.0 ] ], [ [ 73.1554752, 28.1706333, 0.0 ], [ 73.1554984, 28.1706336, 0.0 ], [ 73.1554932, 28.1709369, 0.0 ], [ 73.15547, 28.1709366, 0.0 ], [ 73.1554752, 28.1706333, 0.0 ] ], [ [ 73.1555259, 28.1709457, 0.0 ], [ 73.155549, 28.1709461, 0.0 ], [ 73.1555438, 28.1712493, 0.0 ], [ 73.1555207, 28.171249, 0.0 ], [ 73.1555259, 28.1709457, 0.0 ] ], [ [ 73.1554699, 28.170945, 0.0 ], [ 73.155493, 28.1709453, 0.0 ], [ 73.1554878, 28.1712486, 0.0 ], [ 73.1554647, 28.1712483, 0.0 ], [ 73.1554699, 28.170945, 0.0 ] ], [ [ 73.1556326, 28.171255, 0.0 ], [ 73.1556557, 28.1712553, 0.0 ], [ 73.1556505, 28.1715586, 0.0 ], [ 73.1556274, 28.1715583, 0.0 ], [ 73.1556326, 28.171255, 0.0 ] ], [ [ 73.1555766, 28.1712543, 0.0 ], [ 73.1555997, 28.1712546, 0.0 ], [ 73.1555945, 28.1715579, 0.0 ], [ 73.1555714, 28.1715575, 0.0 ], [ 73.1555766, 28.1712543, 0.0 ] ], [ [ 73.1556273, 28.1715667, 0.0 ], [ 73.1556504, 28.171567, 0.0 ], [ 73.1556452, 28.1718703, 0.0 ], [ 73.1556221, 28.17187, 0.0 ], [ 73.1556273, 28.1715667, 0.0 ] ], [ [ 73.1555713, 28.171566, 0.0 ], [ 73.1555944, 28.1715663, 0.0 ], [ 73.1555892, 28.1718695, 0.0 ], [ 73.1555661, 28.1718692, 0.0 ], [ 73.1555713, 28.171566, 0.0 ] ], [ [ 73.1556432, 28.1706356, 0.0 ], [ 73.1556664, 28.1706359, 0.0 ], [ 73.1556612, 28.1709391, 0.0 ], [ 73.155638, 28.1709388, 0.0 ], [ 73.1556432, 28.1706356, 0.0 ] ], [ [ 73.1555872, 28.1706348, 0.0 ], [ 73.1556104, 28.1706351, 0.0 ], [ 73.1556052, 28.1709384, 0.0 ], [ 73.155582, 28.1709381, 0.0 ], [ 73.1555872, 28.1706348, 0.0 ] ], [ [ 73.1556379, 28.1709473, 0.0 ], [ 73.155661, 28.1709476, 0.0 ], [ 73.1556558, 28.1712508, 0.0 ], [ 73.1556327, 28.1712505, 0.0 ], [ 73.1556379, 28.1709473, 0.0 ] ], [ [ 73.1555819, 28.1709465, 0.0 ], [ 73.155605, 28.1709468, 0.0 ], [ 73.1555998, 28.1712501, 0.0 ], [ 73.1555767, 28.1712498, 0.0 ], [ 73.1555819, 28.1709465, 0.0 ] ], [ [ 73.1584007, 28.1731511, 0.0 ], [ 73.1584238, 28.1731514, 0.0 ], [ 73.1584186, 28.1734547, 0.0 ], [ 73.1583955, 28.1734544, 0.0 ], [ 73.1584007, 28.1731511, 0.0 ] ], [ [ 73.1583447, 28.1731504, 0.0 ], [ 73.1583678, 28.1731507, 0.0 ], [ 73.1583626, 28.173454, 0.0 ], [ 73.1583395, 28.1734536, 0.0 ], [ 73.1583447, 28.1731504, 0.0 ] ], [ [ 73.1583953, 28.1734628, 0.0 ], [ 73.1584185, 28.1734631, 0.0 ], [ 73.1584133, 28.1737664, 0.0 ], [ 73.1583901, 28.1737661, 0.0 ], [ 73.1583953, 28.1734628, 0.0 ] ], [ [ 73.1583393, 28.1734621, 0.0 ], [ 73.1583625, 28.1734624, 0.0 ], [ 73.1583573, 28.1737656, 0.0 ], [ 73.1583341, 28.1737653, 0.0 ], [ 73.1583393, 28.1734621, 0.0 ] ], [ [ 73.1582887, 28.1731496, 0.0 ], [ 73.1583118, 28.1731499, 0.0 ], [ 73.1583066, 28.1734532, 0.0 ], [ 73.1582835, 28.1734529, 0.0 ], [ 73.1582887, 28.1731496, 0.0 ] ], [ [ 73.1582327, 28.1731489, 0.0 ], [ 73.1582558, 28.1731492, 0.0 ], [ 73.1582506, 28.1734525, 0.0 ], [ 73.1582275, 28.1734521, 0.0 ], [ 73.1582327, 28.1731489, 0.0 ] ], [ [ 73.1582833, 28.1734613, 0.0 ], [ 73.1583065, 28.1734616, 0.0 ], [ 73.1583013, 28.1737649, 0.0 ], [ 73.1582781, 28.1737646, 0.0 ], [ 73.1582833, 28.1734613, 0.0 ] ], [ [ 73.1582273, 28.1734606, 0.0 ], [ 73.1582505, 28.1734609, 0.0 ], [ 73.1582453, 28.1737641, 0.0 ], [ 73.1582221, 28.1737638, 0.0 ], [ 73.1582273, 28.1734606, 0.0 ] ], [ [ 73.1581767, 28.1731481, 0.0 ], [ 73.1581998, 28.1731484, 0.0 ], [ 73.1581946, 28.1734517, 0.0 ], [ 73.1581715, 28.1734514, 0.0 ], [ 73.1581767, 28.1731481, 0.0 ] ], [ [ 73.1581207, 28.1731474, 0.0 ], [ 73.1581438, 28.1731477, 0.0 ], [ 73.1581386, 28.1734509, 0.0 ], [ 73.1581155, 28.1734506, 0.0 ], [ 73.1581207, 28.1731474, 0.0 ] ], [ [ 73.1581713, 28.1734598, 0.0 ], [ 73.1581945, 28.1734601, 0.0 ], [ 73.1581893, 28.1737634, 0.0 ], [ 73.1581661, 28.1737631, 0.0 ], [ 73.1581713, 28.1734598, 0.0 ] ], [ [ 73.1581153, 28.1734591, 0.0 ], [ 73.1581385, 28.1734594, 0.0 ], [ 73.1581333, 28.1737626, 0.0 ], [ 73.1581101, 28.1737623, 0.0 ], [ 73.1581153, 28.1734591, 0.0 ] ], [ [ 73.1580647, 28.1731466, 0.0 ], [ 73.1580878, 28.1731469, 0.0 ], [ 73.1580826, 28.1734502, 0.0 ], [ 73.1580595, 28.1734499, 0.0 ], [ 73.1580647, 28.1731466, 0.0 ] ], [ [ 73.1580087, 28.1731459, 0.0 ], [ 73.1580318, 28.1731462, 0.0 ], [ 73.1580266, 28.1734494, 0.0 ], [ 73.1580035, 28.1734491, 0.0 ], [ 73.1580087, 28.1731459, 0.0 ] ], [ [ 73.1580593, 28.1734583, 0.0 ], [ 73.1580825, 28.1734586, 0.0 ], [ 73.1580773, 28.1737619, 0.0 ], [ 73.1580541, 28.1737616, 0.0 ], [ 73.1580593, 28.1734583, 0.0 ] ], [ [ 73.1580033, 28.1734575, 0.0 ], [ 73.1580265, 28.1734579, 0.0 ], [ 73.1580213, 28.1737611, 0.0 ], [ 73.1579981, 28.1737608, 0.0 ], [ 73.1580033, 28.1734575, 0.0 ] ], [ [ 73.1579527, 28.1731451, 0.0 ], [ 73.1579758, 28.1731454, 0.0 ], [ 73.1579706, 28.1734487, 0.0 ], [ 73.1579475, 28.1734484, 0.0 ], [ 73.1579527, 28.1731451, 0.0 ] ], [ [ 73.1578967, 28.1731444, 0.0 ], [ 73.1579198, 28.1731447, 0.0 ], [ 73.1579146, 28.1734479, 0.0 ], [ 73.1578915, 28.1734476, 0.0 ], [ 73.1578967, 28.1731444, 0.0 ] ], [ [ 73.1579473, 28.1734568, 0.0 ], [ 73.1579705, 28.1734571, 0.0 ], [ 73.1579653, 28.1737604, 0.0 ], [ 73.1579421, 28.1737601, 0.0 ], [ 73.1579473, 28.1734568, 0.0 ] ], [ [ 73.1578913, 28.173456, 0.0 ], [ 73.1579145, 28.1734563, 0.0 ], [ 73.1579093, 28.1737596, 0.0 ], [ 73.1578861, 28.1737593, 0.0 ], [ 73.1578913, 28.173456, 0.0 ] ], [ [ 73.1584113, 28.1725317, 0.0 ], [ 73.1584344, 28.172532, 0.0 ], [ 73.1584292, 28.1728352, 0.0 ], [ 73.1584061, 28.1728349, 0.0 ], [ 73.1584113, 28.1725317, 0.0 ] ], [ [ 73.1583553, 28.1725309, 0.0 ], [ 73.1583784, 28.1725312, 0.0 ], [ 73.1583732, 28.1728345, 0.0 ], [ 73.1583501, 28.1728342, 0.0 ], [ 73.1583553, 28.1725309, 0.0 ] ], [ [ 73.1584059, 28.1728434, 0.0 ], [ 73.1584291, 28.1728437, 0.0 ], [ 73.1584239, 28.1731469, 0.0 ], [ 73.1584007, 28.1731466, 0.0 ], [ 73.1584059, 28.1728434, 0.0 ] ], [ [ 73.1583499, 28.1728426, 0.0 ], [ 73.1583731, 28.1728429, 0.0 ], [ 73.1583679, 28.1731462, 0.0 ], [ 73.1583447, 28.1731459, 0.0 ], [ 73.1583499, 28.1728426, 0.0 ] ], [ [ 73.1582993, 28.1725302, 0.0 ], [ 73.1583224, 28.1725305, 0.0 ], [ 73.1583172, 28.1728337, 0.0 ], [ 73.1582941, 28.1728334, 0.0 ], [ 73.1582993, 28.1725302, 0.0 ] ], [ [ 73.1582433, 28.1725294, 0.0 ], [ 73.1582664, 28.1725297, 0.0 ], [ 73.1582612, 28.172833, 0.0 ], [ 73.1582381, 28.1728327, 0.0 ], [ 73.1582433, 28.1725294, 0.0 ] ], [ [ 73.1582939, 28.1728418, 0.0 ], [ 73.1583171, 28.1728422, 0.0 ], [ 73.1583119, 28.1731454, 0.0 ], [ 73.1582887, 28.1731451, 0.0 ], [ 73.1582939, 28.1728418, 0.0 ] ], [ [ 73.1582379, 28.1728411, 0.0 ], [ 73.1582611, 28.1728414, 0.0 ], [ 73.1582559, 28.1731447, 0.0 ], [ 73.1582327, 28.1731444, 0.0 ], [ 73.1582379, 28.1728411, 0.0 ] ], [ [ 73.1581873, 28.1725286, 0.0 ], [ 73.1582104, 28.172529, 0.0 ], [ 73.1582052, 28.1728322, 0.0 ], [ 73.1581821, 28.1728319, 0.0 ], [ 73.1581873, 28.1725286, 0.0 ] ], [ [ 73.1581313, 28.1725279, 0.0 ], [ 73.1581544, 28.1725282, 0.0 ], [ 73.1581492, 28.1728315, 0.0 ], [ 73.1581261, 28.1728312, 0.0 ], [ 73.1581313, 28.1725279, 0.0 ] ], [ [ 73.1581819, 28.1728403, 0.0 ], [ 73.1582051, 28.1728406, 0.0 ], [ 73.1581999, 28.1731439, 0.0 ], [ 73.1581768, 28.1731436, 0.0 ], [ 73.1581819, 28.1728403, 0.0 ] ], [ [ 73.1581259, 28.1728396, 0.0 ], [ 73.1581491, 28.1728399, 0.0 ], [ 73.1581439, 28.1731432, 0.0 ], [ 73.1581208, 28.1731429, 0.0 ], [ 73.1581259, 28.1728396, 0.0 ] ], [ [ 73.1580753, 28.1725271, 0.0 ], [ 73.1580984, 28.1725275, 0.0 ], [ 73.1580932, 28.1728307, 0.0 ], [ 73.1580701, 28.1728304, 0.0 ], [ 73.1580753, 28.1725271, 0.0 ] ], [ [ 73.1580193, 28.1725264, 0.0 ], [ 73.1580424, 28.1725267, 0.0 ], [ 73.1580372, 28.17283, 0.0 ], [ 73.1580141, 28.1728297, 0.0 ], [ 73.1580193, 28.1725264, 0.0 ] ], [ [ 73.1580699, 28.1728388, 0.0 ], [ 73.1580931, 28.1728391, 0.0 ], [ 73.1580879, 28.1731424, 0.0 ], [ 73.1580648, 28.1731421, 0.0 ], [ 73.1580699, 28.1728388, 0.0 ] ], [ [ 73.1580139, 28.1728381, 0.0 ], [ 73.1580371, 28.1728384, 0.0 ], [ 73.1580319, 28.1731417, 0.0 ], [ 73.1580088, 28.1731413, 0.0 ], [ 73.1580139, 28.1728381, 0.0 ] ], [ [ 73.1579633, 28.1725256, 0.0 ], [ 73.1579864, 28.1725259, 0.0 ], [ 73.1579812, 28.1728292, 0.0 ], [ 73.1579581, 28.1728289, 0.0 ], [ 73.1579633, 28.1725256, 0.0 ] ], [ [ 73.1579073, 28.1725249, 0.0 ], [ 73.1579304, 28.1725252, 0.0 ], [ 73.1579252, 28.1728285, 0.0 ], [ 73.1579021, 28.1728282, 0.0 ], [ 73.1579073, 28.1725249, 0.0 ] ], [ [ 73.157958, 28.1728373, 0.0 ], [ 73.1579811, 28.1728376, 0.0 ], [ 73.1579759, 28.1731409, 0.0 ], [ 73.1579528, 28.1731406, 0.0 ], [ 73.157958, 28.1728373, 0.0 ] ], [ [ 73.157902, 28.1728366, 0.0 ], [ 73.1579251, 28.1728369, 0.0 ], [ 73.1579199, 28.1731402, 0.0 ], [ 73.1578968, 28.1731398, 0.0 ], [ 73.157902, 28.1728366, 0.0 ] ], [ [ 73.1578513, 28.1725241, 0.0 ], [ 73.1578744, 28.1725244, 0.0 ], [ 73.1578692, 28.1728277, 0.0 ], [ 73.1578461, 28.1728274, 0.0 ], [ 73.1578513, 28.1725241, 0.0 ] ], [ [ 73.1577953, 28.1725234, 0.0 ], [ 73.1578184, 28.1725237, 0.0 ], [ 73.1578132, 28.172827, 0.0 ], [ 73.1577901, 28.1728266, 0.0 ], [ 73.1577953, 28.1725234, 0.0 ] ], [ [ 73.157846, 28.1728358, 0.0 ], [ 73.1578691, 28.1728361, 0.0 ], [ 73.1578639, 28.1731394, 0.0 ], [ 73.1578408, 28.1731391, 0.0 ], [ 73.157846, 28.1728358, 0.0 ] ], [ [ 73.15779, 28.1728351, 0.0 ], [ 73.1578131, 28.1728354, 0.0 ], [ 73.1578079, 28.1731386, 0.0 ], [ 73.1577848, 28.1731383, 0.0 ], [ 73.15779, 28.1728351, 0.0 ] ], [ [ 73.1577393, 28.1725226, 0.0 ], [ 73.1577624, 28.1725229, 0.0 ], [ 73.1577572, 28.1728262, 0.0 ], [ 73.1577341, 28.1728259, 0.0 ], [ 73.1577393, 28.1725226, 0.0 ] ], [ [ 73.1576833, 28.1725219, 0.0 ], [ 73.1577064, 28.1725222, 0.0 ], [ 73.1577012, 28.1728254, 0.0 ], [ 73.1576781, 28.1728251, 0.0 ], [ 73.1576833, 28.1725219, 0.0 ] ], [ [ 73.157734, 28.1728343, 0.0 ], [ 73.1577571, 28.1728346, 0.0 ], [ 73.1577519, 28.1731379, 0.0 ], [ 73.1577288, 28.1731376, 0.0 ], [ 73.157734, 28.1728343, 0.0 ] ], [ [ 73.157678, 28.1728336, 0.0 ], [ 73.1577011, 28.1728339, 0.0 ], [ 73.1576959, 28.1731371, 0.0 ], [ 73.1576728, 28.1731368, 0.0 ], [ 73.157678, 28.1728336, 0.0 ] ], [ [ 73.1576273, 28.1725211, 0.0 ], [ 73.1576504, 28.1725214, 0.0 ], [ 73.1576452, 28.1728247, 0.0 ], [ 73.1576221, 28.1728244, 0.0 ], [ 73.1576273, 28.1725211, 0.0 ] ], [ [ 73.1575713, 28.1725204, 0.0 ], [ 73.1575944, 28.1725207, 0.0 ], [ 73.1575892, 28.1728239, 0.0 ], [ 73.1575661, 28.1728236, 0.0 ], [ 73.1575713, 28.1725204, 0.0 ] ], [ [ 73.157622, 28.1728328, 0.0 ], [ 73.1576451, 28.1728331, 0.0 ], [ 73.1576399, 28.1731364, 0.0 ], [ 73.1576168, 28.1731361, 0.0 ], [ 73.157622, 28.1728328, 0.0 ] ], [ [ 73.157566, 28.172832, 0.0 ], [ 73.1575891, 28.1728324, 0.0 ], [ 73.1575839, 28.1731356, 0.0 ], [ 73.1575608, 28.1731353, 0.0 ], [ 73.157566, 28.172832, 0.0 ] ], [ [ 73.1575153, 28.1725196, 0.0 ], [ 73.1575384, 28.1725199, 0.0 ], [ 73.1575332, 28.1728232, 0.0 ], [ 73.1575101, 28.1728229, 0.0 ], [ 73.1575153, 28.1725196, 0.0 ] ], [ [ 73.1574593, 28.1725189, 0.0 ], [ 73.1574824, 28.1725192, 0.0 ], [ 73.1574772, 28.1728224, 0.0 ], [ 73.1574541, 28.1728221, 0.0 ], [ 73.1574593, 28.1725189, 0.0 ] ], [ [ 73.15751, 28.1728313, 0.0 ], [ 73.1575331, 28.1728316, 0.0 ], [ 73.1575279, 28.1731349, 0.0 ], [ 73.1575048, 28.1731346, 0.0 ], [ 73.15751, 28.1728313, 0.0 ] ], [ [ 73.157454, 28.1728305, 0.0 ], [ 73.1574771, 28.1728309, 0.0 ], [ 73.1574719, 28.1731341, 0.0 ], [ 73.1574488, 28.1731338, 0.0 ], [ 73.157454, 28.1728305, 0.0 ] ], [ [ 73.1574033, 28.1725181, 0.0 ], [ 73.1574264, 28.1725184, 0.0 ], [ 73.1574212, 28.1728217, 0.0 ], [ 73.1573981, 28.1728214, 0.0 ], [ 73.1574033, 28.1725181, 0.0 ] ], [ [ 73.1573473, 28.1725173, 0.0 ], [ 73.1573704, 28.1725177, 0.0 ], [ 73.1573652, 28.1728209, 0.0 ], [ 73.1573421, 28.1728206, 0.0 ], [ 73.1573473, 28.1725173, 0.0 ] ], [ [ 73.157398, 28.1728298, 0.0 ], [ 73.1574211, 28.1728301, 0.0 ], [ 73.1574159, 28.1731334, 0.0 ], [ 73.1573928, 28.1731331, 0.0 ], [ 73.157398, 28.1728298, 0.0 ] ], [ [ 73.157342, 28.172829, 0.0 ], [ 73.1573651, 28.1728293, 0.0 ], [ 73.1573599, 28.1731326, 0.0 ], [ 73.1573368, 28.1731323, 0.0 ], [ 73.157342, 28.172829, 0.0 ] ], [ [ 73.1572913, 28.1725166, 0.0 ], [ 73.1573144, 28.1725169, 0.0 ], [ 73.1573092, 28.1728202, 0.0 ], [ 73.1572861, 28.1728199, 0.0 ], [ 73.1572913, 28.1725166, 0.0 ] ], [ [ 73.1572353, 28.1725158, 0.0 ], [ 73.1572584, 28.1725161, 0.0 ], [ 73.1572532, 28.1728194, 0.0 ], [ 73.1572301, 28.1728191, 0.0 ], [ 73.1572353, 28.1725158, 0.0 ] ], [ [ 73.157286, 28.1728283, 0.0 ], [ 73.1573091, 28.1728286, 0.0 ], [ 73.1573039, 28.1731319, 0.0 ], [ 73.1572808, 28.1731315, 0.0 ], [ 73.157286, 28.1728283, 0.0 ] ], [ [ 73.15723, 28.1728275, 0.0 ], [ 73.1572531, 28.1728278, 0.0 ], [ 73.1572479, 28.1731311, 0.0 ], [ 73.1572248, 28.1731308, 0.0 ], [ 73.15723, 28.1728275, 0.0 ] ], [ [ 73.1571793, 28.1725151, 0.0 ], [ 73.1572024, 28.1725154, 0.0 ], [ 73.1571972, 28.1728187, 0.0 ], [ 73.1571741, 28.1728184, 0.0 ], [ 73.1571793, 28.1725151, 0.0 ] ], [ [ 73.1571233, 28.1725143, 0.0 ], [ 73.1571464, 28.1725146, 0.0 ], [ 73.1571412, 28.1728179, 0.0 ], [ 73.1571181, 28.1728176, 0.0 ], [ 73.1571233, 28.1725143, 0.0 ] ], [ [ 73.157174, 28.1728268, 0.0 ], [ 73.1571971, 28.1728271, 0.0 ], [ 73.1571919, 28.1731304, 0.0 ], [ 73.1571688, 28.17313, 0.0 ], [ 73.157174, 28.1728268, 0.0 ] ], [ [ 73.157118, 28.172826, 0.0 ], [ 73.1571411, 28.1728263, 0.0 ], [ 73.1571359, 28.1731296, 0.0 ], [ 73.1571128, 28.1731293, 0.0 ], [ 73.157118, 28.172826, 0.0 ] ], [ [ 73.1584219, 28.1719122, 0.0 ], [ 73.158445, 28.1719125, 0.0 ], [ 73.1584398, 28.1722158, 0.0 ], [ 73.1584167, 28.1722155, 0.0 ], [ 73.1584219, 28.1719122, 0.0 ] ], [ [ 73.1583659, 28.1719114, 0.0 ], [ 73.158389, 28.1719118, 0.0 ], [ 73.1583838, 28.172215, 0.0 ], [ 73.1583607, 28.1722147, 0.0 ], [ 73.1583659, 28.1719114, 0.0 ] ], [ [ 73.1584166, 28.1722239, 0.0 ], [ 73.1584397, 28.1722242, 0.0 ], [ 73.1584345, 28.1725275, 0.0 ], [ 73.1584114, 28.1725272, 0.0 ], [ 73.1584166, 28.1722239, 0.0 ] ], [ [ 73.1583606, 28.1722231, 0.0 ], [ 73.1583837, 28.1722234, 0.0 ], [ 73.1583785, 28.1725267, 0.0 ], [ 73.1583554, 28.1725264, 0.0 ], [ 73.1583606, 28.1722231, 0.0 ] ], [ [ 73.1583099, 28.1719107, 0.0 ], [ 73.158333, 28.171911, 0.0 ], [ 73.1583278, 28.1722143, 0.0 ], [ 73.1583047, 28.172214, 0.0 ], [ 73.1583099, 28.1719107, 0.0 ] ], [ [ 73.1582539, 28.1719099, 0.0 ], [ 73.158277, 28.1719102, 0.0 ], [ 73.1582718, 28.1722135, 0.0 ], [ 73.1582487, 28.1722132, 0.0 ], [ 73.1582539, 28.1719099, 0.0 ] ], [ [ 73.1583046, 28.1722224, 0.0 ], [ 73.1583277, 28.1722227, 0.0 ], [ 73.1583225, 28.172526, 0.0 ], [ 73.1582994, 28.1725256, 0.0 ], [ 73.1583046, 28.1722224, 0.0 ] ], [ [ 73.1582486, 28.1722216, 0.0 ], [ 73.1582717, 28.1722219, 0.0 ], [ 73.1582665, 28.1725252, 0.0 ], [ 73.1582434, 28.1725249, 0.0 ], [ 73.1582486, 28.1722216, 0.0 ] ], [ [ 73.1581979, 28.1719092, 0.0 ], [ 73.158221, 28.1719095, 0.0 ], [ 73.1582158, 28.1722128, 0.0 ], [ 73.1581927, 28.1722125, 0.0 ], [ 73.1581979, 28.1719092, 0.0 ] ], [ [ 73.1581419, 28.1719084, 0.0 ], [ 73.158165, 28.1719087, 0.0 ], [ 73.1581598, 28.172212, 0.0 ], [ 73.1581367, 28.1722117, 0.0 ], [ 73.1581419, 28.1719084, 0.0 ] ], [ [ 73.1581926, 28.1722209, 0.0 ], [ 73.1582157, 28.1722212, 0.0 ], [ 73.1582105, 28.1725244, 0.0 ], [ 73.1581874, 28.1725241, 0.0 ], [ 73.1581926, 28.1722209, 0.0 ] ], [ [ 73.1581366, 28.1722201, 0.0 ], [ 73.1581597, 28.1722204, 0.0 ], [ 73.1581545, 28.1725237, 0.0 ], [ 73.1581314, 28.1725234, 0.0 ], [ 73.1581366, 28.1722201, 0.0 ] ], [ [ 73.1580859, 28.1719077, 0.0 ], [ 73.158109, 28.171908, 0.0 ], [ 73.1581038, 28.1722113, 0.0 ], [ 73.1580807, 28.1722109, 0.0 ], [ 73.1580859, 28.1719077, 0.0 ] ], [ [ 73.1580299, 28.1719069, 0.0 ], [ 73.158053, 28.1719072, 0.0 ], [ 73.1580478, 28.1722105, 0.0 ], [ 73.1580247, 28.1722102, 0.0 ], [ 73.1580299, 28.1719069, 0.0 ] ], [ [ 73.1580806, 28.1722194, 0.0 ], [ 73.1581037, 28.1722197, 0.0 ], [ 73.1580985, 28.1725229, 0.0 ], [ 73.1580754, 28.1725226, 0.0 ], [ 73.1580806, 28.1722194, 0.0 ] ], [ [ 73.1580246, 28.1722186, 0.0 ], [ 73.1580477, 28.1722189, 0.0 ], [ 73.1580425, 28.1725222, 0.0 ], [ 73.1580194, 28.1725219, 0.0 ], [ 73.1580246, 28.1722186, 0.0 ] ], [ [ 73.1579739, 28.1719062, 0.0 ], [ 73.157997, 28.1719065, 0.0 ], [ 73.1579918, 28.1722097, 0.0 ], [ 73.1579687, 28.1722094, 0.0 ], [ 73.1579739, 28.1719062, 0.0 ] ], [ [ 73.1579179, 28.1719054, 0.0 ], [ 73.157941, 28.1719057, 0.0 ], [ 73.1579358, 28.172209, 0.0 ], [ 73.1579127, 28.1722087, 0.0 ], [ 73.1579179, 28.1719054, 0.0 ] ], [ [ 73.1579686, 28.1722179, 0.0 ], [ 73.1579917, 28.1722182, 0.0 ], [ 73.1579865, 28.1725214, 0.0 ], [ 73.1579634, 28.1725211, 0.0 ], [ 73.1579686, 28.1722179, 0.0 ] ], [ [ 73.1579126, 28.1722171, 0.0 ], [ 73.1579357, 28.1722174, 0.0 ], [ 73.1579305, 28.1725207, 0.0 ], [ 73.1579074, 28.1725204, 0.0 ], [ 73.1579126, 28.1722171, 0.0 ] ], [ [ 73.1578619, 28.1719047, 0.0 ], [ 73.157885, 28.171905, 0.0 ], [ 73.1578798, 28.1722082, 0.0 ], [ 73.1578567, 28.1722079, 0.0 ], [ 73.1578619, 28.1719047, 0.0 ] ], [ [ 73.1578059, 28.1719039, 0.0 ], [ 73.157829, 28.1719042, 0.0 ], [ 73.1578238, 28.1722075, 0.0 ], [ 73.1578007, 28.1722072, 0.0 ], [ 73.1578059, 28.1719039, 0.0 ] ], [ [ 73.1578566, 28.1722163, 0.0 ], [ 73.1578797, 28.1722167, 0.0 ], [ 73.1578745, 28.1725199, 0.0 ], [ 73.1578514, 28.1725196, 0.0 ], [ 73.1578566, 28.1722163, 0.0 ] ], [ [ 73.1578006, 28.1722156, 0.0 ], [ 73.1578237, 28.1722159, 0.0 ], [ 73.1578185, 28.1725192, 0.0 ], [ 73.1577954, 28.1725189, 0.0 ], [ 73.1578006, 28.1722156, 0.0 ] ], [ [ 73.1577499, 28.1719032, 0.0 ], [ 73.157773, 28.1719035, 0.0 ], [ 73.1577678, 28.1722067, 0.0 ], [ 73.1577447, 28.1722064, 0.0 ], [ 73.1577499, 28.1719032, 0.0 ] ], [ [ 73.1576939, 28.1719024, 0.0 ], [ 73.157717, 28.1719027, 0.0 ], [ 73.1577118, 28.172206, 0.0 ], [ 73.1576887, 28.1722057, 0.0 ], [ 73.1576939, 28.1719024, 0.0 ] ], [ [ 73.1577446, 28.1722148, 0.0 ], [ 73.1577677, 28.1722152, 0.0 ], [ 73.1577625, 28.1725184, 0.0 ], [ 73.1577394, 28.1725181, 0.0 ], [ 73.1577446, 28.1722148, 0.0 ] ], [ [ 73.1576886, 28.1722141, 0.0 ], [ 73.1577117, 28.1722144, 0.0 ], [ 73.1577065, 28.1725177, 0.0 ], [ 73.1576834, 28.1725174, 0.0 ], [ 73.1576886, 28.1722141, 0.0 ] ], [ [ 73.1576379, 28.1719016, 0.0 ], [ 73.157661, 28.171902, 0.0 ], [ 73.1576559, 28.1722052, 0.0 ], [ 73.1576327, 28.1722049, 0.0 ], [ 73.1576379, 28.1719016, 0.0 ] ], [ [ 73.1575819, 28.1719009, 0.0 ], [ 73.157605, 28.1719012, 0.0 ], [ 73.1575999, 28.1722045, 0.0 ], [ 73.1575767, 28.1722042, 0.0 ], [ 73.1575819, 28.1719009, 0.0 ] ], [ [ 73.1576326, 28.1722133, 0.0 ], [ 73.1576557, 28.1722136, 0.0 ], [ 73.1576505, 28.1725169, 0.0 ], [ 73.1576274, 28.1725166, 0.0 ], [ 73.1576326, 28.1722133, 0.0 ] ], [ [ 73.1575766, 28.1722126, 0.0 ], [ 73.1575997, 28.1722129, 0.0 ], [ 73.1575945, 28.1725162, 0.0 ], [ 73.1575714, 28.1725158, 0.0 ], [ 73.1575766, 28.1722126, 0.0 ] ], [ [ 73.1575259, 28.1719001, 0.0 ], [ 73.1575491, 28.1719005, 0.0 ], [ 73.1575439, 28.1722037, 0.0 ], [ 73.1575207, 28.1722034, 0.0 ], [ 73.1575259, 28.1719001, 0.0 ] ], [ [ 73.1574699, 28.1718994, 0.0 ], [ 73.1574931, 28.1718997, 0.0 ], [ 73.1574879, 28.172203, 0.0 ], [ 73.1574647, 28.1722027, 0.0 ], [ 73.1574699, 28.1718994, 0.0 ] ], [ [ 73.1575206, 28.1722118, 0.0 ], [ 73.1575437, 28.1722121, 0.0 ], [ 73.1575385, 28.1725154, 0.0 ], [ 73.1575154, 28.1725151, 0.0 ], [ 73.1575206, 28.1722118, 0.0 ] ], [ [ 73.1574646, 28.1722111, 0.0 ], [ 73.1574877, 28.1722114, 0.0 ], [ 73.1574825, 28.1725147, 0.0 ], [ 73.1574594, 28.1725143, 0.0 ], [ 73.1574646, 28.1722111, 0.0 ] ], [ [ 73.1574139, 28.1718986, 0.0 ], [ 73.1574371, 28.1718989, 0.0 ], [ 73.1574319, 28.1722022, 0.0 ], [ 73.1574087, 28.1722019, 0.0 ], [ 73.1574139, 28.1718986, 0.0 ] ], [ [ 73.1573579, 28.1718979, 0.0 ], [ 73.1573811, 28.1718982, 0.0 ], [ 73.1573759, 28.1722015, 0.0 ], [ 73.1573527, 28.1722011, 0.0 ], [ 73.1573579, 28.1718979, 0.0 ] ], [ [ 73.1574086, 28.1722103, 0.0 ], [ 73.1574317, 28.1722106, 0.0 ], [ 73.1574265, 28.1725139, 0.0 ], [ 73.1574034, 28.1725136, 0.0 ], [ 73.1574086, 28.1722103, 0.0 ] ], [ [ 73.1573526, 28.1722096, 0.0 ], [ 73.1573757, 28.1722099, 0.0 ], [ 73.1573705, 28.1725131, 0.0 ], [ 73.1573474, 28.1725128, 0.0 ], [ 73.1573526, 28.1722096, 0.0 ] ], [ [ 73.1573019, 28.1718971, 0.0 ], [ 73.1573251, 28.1718974, 0.0 ], [ 73.1573199, 28.1722007, 0.0 ], [ 73.1572967, 28.1722004, 0.0 ], [ 73.1573019, 28.1718971, 0.0 ] ], [ [ 73.1572459, 28.1718964, 0.0 ], [ 73.1572691, 28.1718967, 0.0 ], [ 73.1572639, 28.1722, 0.0 ], [ 73.1572407, 28.1721996, 0.0 ], [ 73.1572459, 28.1718964, 0.0 ] ], [ [ 73.1572966, 28.1722088, 0.0 ], [ 73.1573197, 28.1722091, 0.0 ], [ 73.1573145, 28.1725124, 0.0 ], [ 73.1572914, 28.1725121, 0.0 ], [ 73.1572966, 28.1722088, 0.0 ] ], [ [ 73.1572406, 28.1722081, 0.0 ], [ 73.1572637, 28.1722084, 0.0 ], [ 73.1572585, 28.1725116, 0.0 ], [ 73.1572354, 28.1725113, 0.0 ], [ 73.1572406, 28.1722081, 0.0 ] ], [ [ 73.1571899, 28.1718956, 0.0 ], [ 73.1572131, 28.1718959, 0.0 ], [ 73.1572079, 28.1721992, 0.0 ], [ 73.1571847, 28.1721989, 0.0 ], [ 73.1571899, 28.1718956, 0.0 ] ], [ [ 73.1571339, 28.1718949, 0.0 ], [ 73.1571571, 28.1718952, 0.0 ], [ 73.1571519, 28.1721984, 0.0 ], [ 73.1571287, 28.1721981, 0.0 ], [ 73.1571339, 28.1718949, 0.0 ] ], [ [ 73.1571846, 28.1722073, 0.0 ], [ 73.1572077, 28.1722076, 0.0 ], [ 73.1572025, 28.1725109, 0.0 ], [ 73.1571794, 28.1725106, 0.0 ], [ 73.1571846, 28.1722073, 0.0 ] ], [ [ 73.1571286, 28.1722066, 0.0 ], [ 73.1571517, 28.1722069, 0.0 ], [ 73.1571465, 28.1725101, 0.0 ], [ 73.1571234, 28.1725098, 0.0 ], [ 73.1571286, 28.1722066, 0.0 ] ], [ [ 73.1570779, 28.1718941, 0.0 ], [ 73.1571011, 28.1718944, 0.0 ], [ 73.1570959, 28.1721977, 0.0 ], [ 73.1570727, 28.1721974, 0.0 ], [ 73.1570779, 28.1718941, 0.0 ] ], [ [ 73.1570219, 28.1718934, 0.0 ], [ 73.1570451, 28.1718937, 0.0 ], [ 73.1570399, 28.1721969, 0.0 ], [ 73.1570167, 28.1721966, 0.0 ], [ 73.1570219, 28.1718934, 0.0 ] ], [ [ 73.1570726, 28.1722058, 0.0 ], [ 73.1570957, 28.1722061, 0.0 ], [ 73.1570905, 28.1725094, 0.0 ], [ 73.1570674, 28.1725091, 0.0 ], [ 73.1570726, 28.1722058, 0.0 ] ], [ [ 73.1570166, 28.172205, 0.0 ], [ 73.1570397, 28.1722054, 0.0 ], [ 73.1570345, 28.1725086, 0.0 ], [ 73.1570114, 28.1725083, 0.0 ], [ 73.1570166, 28.172205, 0.0 ] ], [ [ 73.1569659, 28.1718926, 0.0 ], [ 73.1569891, 28.1718929, 0.0 ], [ 73.1569839, 28.1721962, 0.0 ], [ 73.1569607, 28.1721959, 0.0 ], [ 73.1569659, 28.1718926, 0.0 ] ], [ [ 73.1569099, 28.1718918, 0.0 ], [ 73.1569331, 28.1718922, 0.0 ], [ 73.1569279, 28.1721954, 0.0 ], [ 73.1569047, 28.1721951, 0.0 ], [ 73.1569099, 28.1718918, 0.0 ] ], [ [ 73.1569606, 28.1722043, 0.0 ], [ 73.1569837, 28.1722046, 0.0 ], [ 73.1569785, 28.1725079, 0.0 ], [ 73.1569554, 28.1725076, 0.0 ], [ 73.1569606, 28.1722043, 0.0 ] ], [ [ 73.1569046, 28.1722035, 0.0 ], [ 73.1569277, 28.1722038, 0.0 ], [ 73.1569225, 28.1725071, 0.0 ], [ 73.1568994, 28.1725068, 0.0 ], [ 73.1569046, 28.1722035, 0.0 ] ], [ [ 73.1568539, 28.1718911, 0.0 ], [ 73.1568771, 28.1718914, 0.0 ], [ 73.1568719, 28.1721947, 0.0 ], [ 73.1568487, 28.1721944, 0.0 ], [ 73.1568539, 28.1718911, 0.0 ] ], [ [ 73.1567979, 28.1718903, 0.0 ], [ 73.1568211, 28.1718907, 0.0 ], [ 73.1568159, 28.1721939, 0.0 ], [ 73.1567927, 28.1721936, 0.0 ], [ 73.1567979, 28.1718903, 0.0 ] ], [ [ 73.1568486, 28.1722028, 0.0 ], [ 73.1568717, 28.1722031, 0.0 ], [ 73.1568665, 28.1725064, 0.0 ], [ 73.1568434, 28.1725061, 0.0 ], [ 73.1568486, 28.1722028, 0.0 ] ], [ [ 73.1567926, 28.172202, 0.0 ], [ 73.1568157, 28.1722023, 0.0 ], [ 73.1568105, 28.1725056, 0.0 ], [ 73.1567874, 28.1725053, 0.0 ], [ 73.1567926, 28.172202, 0.0 ] ], [ [ 73.1567419, 28.1718896, 0.0 ], [ 73.1567651, 28.1718899, 0.0 ], [ 73.1567599, 28.1721932, 0.0 ], [ 73.1567367, 28.1721929, 0.0 ], [ 73.1567419, 28.1718896, 0.0 ] ], [ [ 73.1566859, 28.1718888, 0.0 ], [ 73.1567091, 28.1718891, 0.0 ], [ 73.1567039, 28.1721924, 0.0 ], [ 73.1566807, 28.1721921, 0.0 ], [ 73.1566859, 28.1718888, 0.0 ] ], [ [ 73.1567366, 28.1722013, 0.0 ], [ 73.1567597, 28.1722016, 0.0 ], [ 73.1567545, 28.1725049, 0.0 ], [ 73.1567314, 28.1725045, 0.0 ], [ 73.1567366, 28.1722013, 0.0 ] ], [ [ 73.1566806, 28.1722005, 0.0 ], [ 73.1567037, 28.1722008, 0.0 ], [ 73.1566985, 28.1725041, 0.0 ], [ 73.1566754, 28.1725038, 0.0 ], [ 73.1566806, 28.1722005, 0.0 ] ], [ [ 73.1566299, 28.1718881, 0.0 ], [ 73.1566531, 28.1718884, 0.0 ], [ 73.1566479, 28.1721917, 0.0 ], [ 73.1566247, 28.1721913, 0.0 ], [ 73.1566299, 28.1718881, 0.0 ] ], [ [ 73.1565739, 28.1718873, 0.0 ], [ 73.1565971, 28.1718876, 0.0 ], [ 73.1565919, 28.1721909, 0.0 ], [ 73.1565687, 28.1721906, 0.0 ], [ 73.1565739, 28.1718873, 0.0 ] ], [ [ 73.1566246, 28.1721998, 0.0 ], [ 73.1566477, 28.1722001, 0.0 ], [ 73.1566425, 28.1725033, 0.0 ], [ 73.1566194, 28.172503, 0.0 ], [ 73.1566246, 28.1721998, 0.0 ] ], [ [ 73.1565686, 28.172199, 0.0 ], [ 73.1565917, 28.1721993, 0.0 ], [ 73.1565865, 28.1725026, 0.0 ], [ 73.1565634, 28.1725023, 0.0 ], [ 73.1565686, 28.172199, 0.0 ] ], [ [ 73.1565179, 28.1718866, 0.0 ], [ 73.1565411, 28.1718869, 0.0 ], [ 73.1565359, 28.1721902, 0.0 ], [ 73.1565127, 28.1721898, 0.0 ], [ 73.1565179, 28.1718866, 0.0 ] ], [ [ 73.1564619, 28.1718858, 0.0 ], [ 73.1564851, 28.1718861, 0.0 ], [ 73.1564799, 28.1721894, 0.0 ], [ 73.1564567, 28.1721891, 0.0 ], [ 73.1564619, 28.1718858, 0.0 ] ], [ [ 73.1565126, 28.1721983, 0.0 ], [ 73.1565357, 28.1721986, 0.0 ], [ 73.1565305, 28.1725018, 0.0 ], [ 73.1565074, 28.1725015, 0.0 ], [ 73.1565126, 28.1721983, 0.0 ] ], [ [ 73.1564566, 28.1721975, 0.0 ], [ 73.1564797, 28.1721978, 0.0 ], [ 73.1564745, 28.1725011, 0.0 ], [ 73.1564514, 28.1725008, 0.0 ], [ 73.1564566, 28.1721975, 0.0 ] ], [ [ 73.156406, 28.1718851, 0.0 ], [ 73.1564291, 28.1718854, 0.0 ], [ 73.1564239, 28.1721886, 0.0 ], [ 73.1564007, 28.1721883, 0.0 ], [ 73.156406, 28.1718851, 0.0 ] ], [ [ 73.15635, 28.1718843, 0.0 ], [ 73.1563731, 28.1718846, 0.0 ], [ 73.1563679, 28.1721879, 0.0 ], [ 73.1563448, 28.1721876, 0.0 ], [ 73.15635, 28.1718843, 0.0 ] ], [ [ 73.1564006, 28.1721967, 0.0 ], [ 73.1564237, 28.1721971, 0.0 ], [ 73.1564185, 28.1725003, 0.0 ], [ 73.1563954, 28.1725, 0.0 ], [ 73.1564006, 28.1721967, 0.0 ] ], [ [ 73.1563446, 28.172196, 0.0 ], [ 73.1563677, 28.1721963, 0.0 ], [ 73.1563625, 28.1724996, 0.0 ], [ 73.1563394, 28.1724993, 0.0 ], [ 73.1563446, 28.172196, 0.0 ] ], [ [ 73.1584325, 28.1712927, 0.0 ], [ 73.1584556, 28.171293, 0.0 ], [ 73.1584504, 28.1715963, 0.0 ], [ 73.1584273, 28.171596, 0.0 ], [ 73.1584325, 28.1712927, 0.0 ] ], [ [ 73.1583765, 28.171292, 0.0 ], [ 73.1583996, 28.1712923, 0.0 ], [ 73.1583944, 28.1715956, 0.0 ], [ 73.1583713, 28.1715952, 0.0 ], [ 73.1583765, 28.171292, 0.0 ] ], [ [ 73.1584272, 28.1716044, 0.0 ], [ 73.1584503, 28.1716047, 0.0 ], [ 73.1584451, 28.171908, 0.0 ], [ 73.158422, 28.1719077, 0.0 ], [ 73.1584272, 28.1716044, 0.0 ] ], [ [ 73.1583712, 28.1716037, 0.0 ], [ 73.1583943, 28.171604, 0.0 ], [ 73.1583891, 28.1719072, 0.0 ], [ 73.158366, 28.1719069, 0.0 ], [ 73.1583712, 28.1716037, 0.0 ] ], [ [ 73.1583205, 28.1712912, 0.0 ], [ 73.1583436, 28.1712915, 0.0 ], [ 73.1583384, 28.1715948, 0.0 ], [ 73.1583153, 28.1715945, 0.0 ], [ 73.1583205, 28.1712912, 0.0 ] ], [ [ 73.1582645, 28.1712905, 0.0 ], [ 73.1582876, 28.1712908, 0.0 ], [ 73.1582824, 28.171594, 0.0 ], [ 73.1582593, 28.1715937, 0.0 ], [ 73.1582645, 28.1712905, 0.0 ] ], [ [ 73.1583152, 28.1716029, 0.0 ], [ 73.1583383, 28.1716032, 0.0 ], [ 73.1583331, 28.1719065, 0.0 ], [ 73.15831, 28.1719062, 0.0 ], [ 73.1583152, 28.1716029, 0.0 ] ], [ [ 73.1582592, 28.1716022, 0.0 ], [ 73.1582823, 28.1716025, 0.0 ], [ 73.1582771, 28.1719057, 0.0 ], [ 73.158254, 28.1719054, 0.0 ], [ 73.1582592, 28.1716022, 0.0 ] ], [ [ 73.1582085, 28.1712897, 0.0 ], [ 73.1582316, 28.17129, 0.0 ], [ 73.1582264, 28.1715933, 0.0 ], [ 73.1582033, 28.171593, 0.0 ], [ 73.1582085, 28.1712897, 0.0 ] ], [ [ 73.1581525, 28.171289, 0.0 ], [ 73.1581756, 28.1712893, 0.0 ], [ 73.1581705, 28.1715925, 0.0 ], [ 73.1581473, 28.1715922, 0.0 ], [ 73.1581525, 28.171289, 0.0 ] ], [ [ 73.1582032, 28.1716014, 0.0 ], [ 73.1582263, 28.1716017, 0.0 ], [ 73.1582211, 28.171905, 0.0 ], [ 73.158198, 28.1719047, 0.0 ], [ 73.1582032, 28.1716014, 0.0 ] ], [ [ 73.1581472, 28.1716006, 0.0 ], [ 73.1581703, 28.171601, 0.0 ], [ 73.1581651, 28.1719042, 0.0 ], [ 73.158142, 28.1719039, 0.0 ], [ 73.1581472, 28.1716006, 0.0 ] ], [ [ 73.1580965, 28.1712882, 0.0 ], [ 73.1581196, 28.1712885, 0.0 ], [ 73.1581145, 28.1715918, 0.0 ], [ 73.1580913, 28.1715915, 0.0 ], [ 73.1580965, 28.1712882, 0.0 ] ], [ [ 73.1580405, 28.1712875, 0.0 ], [ 73.1580637, 28.1712878, 0.0 ], [ 73.1580585, 28.171591, 0.0 ], [ 73.1580353, 28.1715907, 0.0 ], [ 73.1580405, 28.1712875, 0.0 ] ], [ [ 73.1580912, 28.1715999, 0.0 ], [ 73.1581143, 28.1716002, 0.0 ], [ 73.1581091, 28.1719035, 0.0 ], [ 73.158086, 28.1719032, 0.0 ], [ 73.1580912, 28.1715999, 0.0 ] ], [ [ 73.1580352, 28.1715991, 0.0 ], [ 73.1580583, 28.1715995, 0.0 ], [ 73.1580531, 28.1719027, 0.0 ], [ 73.15803, 28.1719024, 0.0 ], [ 73.1580352, 28.1715991, 0.0 ] ], [ [ 73.1579845, 28.1712867, 0.0 ], [ 73.1580077, 28.171287, 0.0 ], [ 73.1580025, 28.1715903, 0.0 ], [ 73.1579793, 28.17159, 0.0 ], [ 73.1579845, 28.1712867, 0.0 ] ], [ [ 73.1579285, 28.1712859, 0.0 ], [ 73.1579517, 28.1712863, 0.0 ], [ 73.1579465, 28.1715895, 0.0 ], [ 73.1579233, 28.1715892, 0.0 ], [ 73.1579285, 28.1712859, 0.0 ] ], [ [ 73.1579792, 28.1715984, 0.0 ], [ 73.1580023, 28.1715987, 0.0 ], [ 73.1579971, 28.171902, 0.0 ], [ 73.157974, 28.1719017, 0.0 ], [ 73.1579792, 28.1715984, 0.0 ] ], [ [ 73.1579232, 28.1715976, 0.0 ], [ 73.1579463, 28.1715979, 0.0 ], [ 73.1579411, 28.1719012, 0.0 ], [ 73.157918, 28.1719009, 0.0 ], [ 73.1579232, 28.1715976, 0.0 ] ], [ [ 73.1578725, 28.1712852, 0.0 ], [ 73.1578957, 28.1712855, 0.0 ], [ 73.1578905, 28.1715888, 0.0 ], [ 73.1578673, 28.1715885, 0.0 ], [ 73.1578725, 28.1712852, 0.0 ] ], [ [ 73.1578165, 28.1712844, 0.0 ], [ 73.1578397, 28.1712848, 0.0 ], [ 73.1578345, 28.171588, 0.0 ], [ 73.1578113, 28.1715877, 0.0 ], [ 73.1578165, 28.1712844, 0.0 ] ], [ [ 73.1578672, 28.1715969, 0.0 ], [ 73.1578903, 28.1715972, 0.0 ], [ 73.1578851, 28.1719005, 0.0 ], [ 73.157862, 28.1719001, 0.0 ], [ 73.1578672, 28.1715969, 0.0 ] ], [ [ 73.1578112, 28.1715961, 0.0 ], [ 73.1578343, 28.1715964, 0.0 ], [ 73.1578291, 28.1718997, 0.0 ], [ 73.157806, 28.1718994, 0.0 ], [ 73.1578112, 28.1715961, 0.0 ] ], [ [ 73.1577605, 28.1712837, 0.0 ], [ 73.1577837, 28.171284, 0.0 ], [ 73.1577785, 28.1715873, 0.0 ], [ 73.1577553, 28.171587, 0.0 ], [ 73.1577605, 28.1712837, 0.0 ] ], [ [ 73.1577045, 28.1712829, 0.0 ], [ 73.1577277, 28.1712832, 0.0 ], [ 73.1577225, 28.1715865, 0.0 ], [ 73.1576993, 28.1715862, 0.0 ], [ 73.1577045, 28.1712829, 0.0 ] ], [ [ 73.1577552, 28.1715954, 0.0 ], [ 73.1577783, 28.1715957, 0.0 ], [ 73.1577731, 28.171899, 0.0 ], [ 73.15775, 28.1718986, 0.0 ], [ 73.1577552, 28.1715954, 0.0 ] ], [ [ 73.1576992, 28.1715946, 0.0 ], [ 73.1577223, 28.1715949, 0.0 ], [ 73.1577171, 28.1718982, 0.0 ], [ 73.157694, 28.1718979, 0.0 ], [ 73.1576992, 28.1715946, 0.0 ] ], [ [ 73.1576485, 28.1712822, 0.0 ], [ 73.1576717, 28.1712825, 0.0 ], [ 73.1576665, 28.1715858, 0.0 ], [ 73.1576433, 28.1715854, 0.0 ], [ 73.1576485, 28.1712822, 0.0 ] ], [ [ 73.1575925, 28.1712814, 0.0 ], [ 73.1576157, 28.1712817, 0.0 ], [ 73.1576105, 28.171585, 0.0 ], [ 73.1575873, 28.1715847, 0.0 ], [ 73.1575925, 28.1712814, 0.0 ] ], [ [ 73.1576432, 28.1715939, 0.0 ], [ 73.1576663, 28.1715942, 0.0 ], [ 73.1576611, 28.1718974, 0.0 ], [ 73.157638, 28.1718971, 0.0 ], [ 73.1576432, 28.1715939, 0.0 ] ], [ [ 73.1575872, 28.1715931, 0.0 ], [ 73.1576103, 28.1715934, 0.0 ], [ 73.1576051, 28.1718967, 0.0 ], [ 73.157582, 28.1718964, 0.0 ], [ 73.1575872, 28.1715931, 0.0 ] ], [ [ 73.1575365, 28.1712807, 0.0 ], [ 73.1575597, 28.171281, 0.0 ], [ 73.1575545, 28.1715843, 0.0 ], [ 73.1575313, 28.1715839, 0.0 ], [ 73.1575365, 28.1712807, 0.0 ] ], [ [ 73.1574805, 28.1712799, 0.0 ], [ 73.1575037, 28.1712802, 0.0 ], [ 73.1574985, 28.1715835, 0.0 ], [ 73.1574753, 28.1715832, 0.0 ], [ 73.1574805, 28.1712799, 0.0 ] ], [ [ 73.1575312, 28.1715924, 0.0 ], [ 73.1575543, 28.1715927, 0.0 ], [ 73.1575491, 28.1718959, 0.0 ], [ 73.157526, 28.1718956, 0.0 ], [ 73.1575312, 28.1715924, 0.0 ] ], [ [ 73.1574752, 28.1715916, 0.0 ], [ 73.1574983, 28.1715919, 0.0 ], [ 73.1574931, 28.1718952, 0.0 ], [ 73.15747, 28.1718949, 0.0 ], [ 73.1574752, 28.1715916, 0.0 ] ], [ [ 73.1574245, 28.1712792, 0.0 ], [ 73.1574477, 28.1712795, 0.0 ], [ 73.1574425, 28.1715827, 0.0 ], [ 73.1574193, 28.1715824, 0.0 ], [ 73.1574245, 28.1712792, 0.0 ] ], [ [ 73.1573685, 28.1712784, 0.0 ], [ 73.1573917, 28.1712787, 0.0 ], [ 73.1573865, 28.171582, 0.0 ], [ 73.1573633, 28.1715817, 0.0 ], [ 73.1573685, 28.1712784, 0.0 ] ], [ [ 73.1574192, 28.1715909, 0.0 ], [ 73.1574423, 28.1715912, 0.0 ], [ 73.1574371, 28.1718944, 0.0 ], [ 73.157414, 28.1718941, 0.0 ], [ 73.1574192, 28.1715909, 0.0 ] ], [ [ 73.1573632, 28.1715901, 0.0 ], [ 73.1573863, 28.1715904, 0.0 ], [ 73.1573811, 28.1718937, 0.0 ], [ 73.157358, 28.1718934, 0.0 ], [ 73.1573632, 28.1715901, 0.0 ] ], [ [ 73.1573125, 28.1712777, 0.0 ], [ 73.1573357, 28.171278, 0.0 ], [ 73.1573305, 28.1715812, 0.0 ], [ 73.1573073, 28.1715809, 0.0 ], [ 73.1573125, 28.1712777, 0.0 ] ], [ [ 73.1572565, 28.1712769, 0.0 ], [ 73.1572797, 28.1712772, 0.0 ], [ 73.1572745, 28.1715805, 0.0 ], [ 73.1572513, 28.1715802, 0.0 ], [ 73.1572565, 28.1712769, 0.0 ] ], [ [ 73.1573072, 28.1715893, 0.0 ], [ 73.1573303, 28.1715897, 0.0 ], [ 73.1573251, 28.1718929, 0.0 ], [ 73.157302, 28.1718926, 0.0 ], [ 73.1573072, 28.1715893, 0.0 ] ], [ [ 73.1572512, 28.1715886, 0.0 ], [ 73.1572743, 28.1715889, 0.0 ], [ 73.1572691, 28.1718922, 0.0 ], [ 73.157246, 28.1718919, 0.0 ], [ 73.1572512, 28.1715886, 0.0 ] ], [ [ 73.1572005, 28.1712761, 0.0 ], [ 73.1572237, 28.1712765, 0.0 ], [ 73.1572185, 28.1715797, 0.0 ], [ 73.1571953, 28.1715794, 0.0 ], [ 73.1572005, 28.1712761, 0.0 ] ], [ [ 73.1571445, 28.1712754, 0.0 ], [ 73.1571677, 28.1712757, 0.0 ], [ 73.1571625, 28.171579, 0.0 ], [ 73.1571393, 28.1715787, 0.0 ], [ 73.1571445, 28.1712754, 0.0 ] ], [ [ 73.1571952, 28.1715878, 0.0 ], [ 73.1572183, 28.1715881, 0.0 ], [ 73.1572131, 28.1718914, 0.0 ], [ 73.15719, 28.1718911, 0.0 ], [ 73.1571952, 28.1715878, 0.0 ] ], [ [ 73.1571392, 28.1715871, 0.0 ], [ 73.1571623, 28.1715874, 0.0 ], [ 73.1571571, 28.1718907, 0.0 ], [ 73.157134, 28.1718904, 0.0 ], [ 73.1571392, 28.1715871, 0.0 ] ], [ [ 73.1570886, 28.1712746, 0.0 ], [ 73.1571117, 28.171275, 0.0 ], [ 73.1571065, 28.1715782, 0.0 ], [ 73.1570834, 28.1715779, 0.0 ], [ 73.1570886, 28.1712746, 0.0 ] ], [ [ 73.1570326, 28.1712739, 0.0 ], [ 73.1570557, 28.1712742, 0.0 ], [ 73.1570505, 28.1715775, 0.0 ], [ 73.1570274, 28.1715772, 0.0 ], [ 73.1570326, 28.1712739, 0.0 ] ], [ [ 73.1570832, 28.1715863, 0.0 ], [ 73.1571063, 28.1715866, 0.0 ], [ 73.1571011, 28.1718899, 0.0 ], [ 73.157078, 28.1718896, 0.0 ], [ 73.1570832, 28.1715863, 0.0 ] ], [ [ 73.1570272, 28.1715856, 0.0 ], [ 73.1570503, 28.1715859, 0.0 ], [ 73.1570451, 28.1718892, 0.0 ], [ 73.157022, 28.1718888, 0.0 ], [ 73.1570272, 28.1715856, 0.0 ] ], [ [ 73.1569766, 28.1712731, 0.0 ], [ 73.1569997, 28.1712734, 0.0 ], [ 73.1569945, 28.1715767, 0.0 ], [ 73.1569714, 28.1715764, 0.0 ], [ 73.1569766, 28.1712731, 0.0 ] ], [ [ 73.1569206, 28.1712724, 0.0 ], [ 73.1569437, 28.1712727, 0.0 ], [ 73.1569385, 28.171576, 0.0 ], [ 73.1569154, 28.1715756, 0.0 ], [ 73.1569206, 28.1712724, 0.0 ] ], [ [ 73.1569712, 28.1715848, 0.0 ], [ 73.1569943, 28.1715851, 0.0 ], [ 73.1569891, 28.1718884, 0.0 ], [ 73.156966, 28.1718881, 0.0 ], [ 73.1569712, 28.1715848, 0.0 ] ], [ [ 73.1569152, 28.1715841, 0.0 ], [ 73.1569383, 28.1715844, 0.0 ], [ 73.1569331, 28.1718876, 0.0 ], [ 73.15691, 28.1718873, 0.0 ], [ 73.1569152, 28.1715841, 0.0 ] ], [ [ 73.1568646, 28.1712716, 0.0 ], [ 73.1568877, 28.1712719, 0.0 ], [ 73.1568825, 28.1715752, 0.0 ], [ 73.1568594, 28.1715749, 0.0 ], [ 73.1568646, 28.1712716, 0.0 ] ], [ [ 73.1568086, 28.1712709, 0.0 ], [ 73.1568317, 28.1712712, 0.0 ], [ 73.1568265, 28.1715745, 0.0 ], [ 73.1568034, 28.1715741, 0.0 ], [ 73.1568086, 28.1712709, 0.0 ] ], [ [ 73.1568592, 28.1715833, 0.0 ], [ 73.1568823, 28.1715836, 0.0 ], [ 73.1568771, 28.1718869, 0.0 ], [ 73.156854, 28.1718866, 0.0 ], [ 73.1568592, 28.1715833, 0.0 ] ], [ [ 73.1568032, 28.1715826, 0.0 ], [ 73.1568263, 28.1715829, 0.0 ], [ 73.1568211, 28.1718861, 0.0 ], [ 73.156798, 28.1718858, 0.0 ], [ 73.1568032, 28.1715826, 0.0 ] ], [ [ 73.1567526, 28.1712701, 0.0 ], [ 73.1567757, 28.1712704, 0.0 ], [ 73.1567705, 28.1715737, 0.0 ], [ 73.1567474, 28.1715734, 0.0 ], [ 73.1567526, 28.1712701, 0.0 ] ], [ [ 73.1566966, 28.1712694, 0.0 ], [ 73.1567197, 28.1712697, 0.0 ], [ 73.1567145, 28.1715729, 0.0 ], [ 73.1566914, 28.1715726, 0.0 ], [ 73.1566966, 28.1712694, 0.0 ] ], [ [ 73.1567472, 28.1715818, 0.0 ], [ 73.1567704, 28.1715821, 0.0 ], [ 73.1567652, 28.1718854, 0.0 ], [ 73.156742, 28.1718851, 0.0 ], [ 73.1567472, 28.1715818, 0.0 ] ], [ [ 73.1566912, 28.1715811, 0.0 ], [ 73.1567144, 28.1715814, 0.0 ], [ 73.1567092, 28.1718846, 0.0 ], [ 73.156686, 28.1718843, 0.0 ], [ 73.1566912, 28.1715811, 0.0 ] ], [ [ 73.1566406, 28.1712686, 0.0 ], [ 73.1566637, 28.1712689, 0.0 ], [ 73.1566585, 28.1715722, 0.0 ], [ 73.1566354, 28.1715719, 0.0 ], [ 73.1566406, 28.1712686, 0.0 ] ], [ [ 73.1565846, 28.1712679, 0.0 ], [ 73.1566077, 28.1712682, 0.0 ], [ 73.1566025, 28.1715714, 0.0 ], [ 73.1565794, 28.1715711, 0.0 ], [ 73.1565846, 28.1712679, 0.0 ] ], [ [ 73.1566352, 28.1715803, 0.0 ], [ 73.1566584, 28.1715806, 0.0 ], [ 73.1566532, 28.1718839, 0.0 ], [ 73.15663, 28.1718836, 0.0 ], [ 73.1566352, 28.1715803, 0.0 ] ], [ [ 73.1565792, 28.1715795, 0.0 ], [ 73.1566024, 28.1715799, 0.0 ], [ 73.1565972, 28.1718831, 0.0 ], [ 73.156574, 28.1718828, 0.0 ], [ 73.1565792, 28.1715795, 0.0 ] ], [ [ 73.1565286, 28.1712671, 0.0 ], [ 73.1565517, 28.1712674, 0.0 ], [ 73.1565465, 28.1715707, 0.0 ], [ 73.1565234, 28.1715704, 0.0 ], [ 73.1565286, 28.1712671, 0.0 ] ], [ [ 73.1564726, 28.1712663, 0.0 ], [ 73.1564957, 28.1712667, 0.0 ], [ 73.1564905, 28.1715699, 0.0 ], [ 73.1564674, 28.1715696, 0.0 ], [ 73.1564726, 28.1712663, 0.0 ] ], [ [ 73.1565232, 28.1715788, 0.0 ], [ 73.1565464, 28.1715791, 0.0 ], [ 73.1565412, 28.1718824, 0.0 ], [ 73.156518, 28.1718821, 0.0 ], [ 73.1565232, 28.1715788, 0.0 ] ], [ [ 73.1564672, 28.171578, 0.0 ], [ 73.1564904, 28.1715783, 0.0 ], [ 73.1564852, 28.1718816, 0.0 ], [ 73.156462, 28.1718813, 0.0 ], [ 73.1564672, 28.171578, 0.0 ] ], [ [ 73.1564166, 28.1712656, 0.0 ], [ 73.1564397, 28.1712659, 0.0 ], [ 73.1564345, 28.1715692, 0.0 ], [ 73.1564114, 28.1715689, 0.0 ], [ 73.1564166, 28.1712656, 0.0 ] ], [ [ 73.1563606, 28.1712648, 0.0 ], [ 73.1563837, 28.1712652, 0.0 ], [ 73.1563785, 28.1715684, 0.0 ], [ 73.1563554, 28.1715681, 0.0 ], [ 73.1563606, 28.1712648, 0.0 ] ], [ [ 73.1564112, 28.1715773, 0.0 ], [ 73.1564344, 28.1715776, 0.0 ], [ 73.1564292, 28.1718809, 0.0 ], [ 73.156406, 28.1718806, 0.0 ], [ 73.1564112, 28.1715773, 0.0 ] ], [ [ 73.1563552, 28.1715765, 0.0 ], [ 73.1563784, 28.1715768, 0.0 ], [ 73.1563732, 28.1718801, 0.0 ], [ 73.15635, 28.1718798, 0.0 ], [ 73.1563552, 28.1715765, 0.0 ] ], [ [ 73.1563046, 28.1712641, 0.0 ], [ 73.1563277, 28.1712644, 0.0 ], [ 73.1563225, 28.1715677, 0.0 ], [ 73.1562994, 28.1715674, 0.0 ], [ 73.1563046, 28.1712641, 0.0 ] ], [ [ 73.1562486, 28.1712633, 0.0 ], [ 73.1562717, 28.1712636, 0.0 ], [ 73.1562665, 28.1715669, 0.0 ], [ 73.1562434, 28.1715666, 0.0 ], [ 73.1562486, 28.1712633, 0.0 ] ], [ [ 73.1562992, 28.1715758, 0.0 ], [ 73.1563224, 28.1715761, 0.0 ], [ 73.1563172, 28.1718794, 0.0 ], [ 73.156294, 28.171879, 0.0 ], [ 73.1562992, 28.1715758, 0.0 ] ], [ [ 73.1562432, 28.171575, 0.0 ], [ 73.1562664, 28.1715753, 0.0 ], [ 73.1562612, 28.1718786, 0.0 ], [ 73.156238, 28.1718783, 0.0 ], [ 73.1562432, 28.171575, 0.0 ] ], [ [ 73.1561926, 28.1712626, 0.0 ], [ 73.1562157, 28.1712629, 0.0 ], [ 73.1562105, 28.1715662, 0.0 ], [ 73.1561874, 28.1715658, 0.0 ], [ 73.1561926, 28.1712626, 0.0 ] ], [ [ 73.1561366, 28.1712618, 0.0 ], [ 73.1561597, 28.1712621, 0.0 ], [ 73.1561545, 28.1715654, 0.0 ], [ 73.1561314, 28.1715651, 0.0 ], [ 73.1561366, 28.1712618, 0.0 ] ], [ [ 73.1561872, 28.1715743, 0.0 ], [ 73.1562104, 28.1715746, 0.0 ], [ 73.1562052, 28.1718778, 0.0 ], [ 73.156182, 28.1718775, 0.0 ], [ 73.1561872, 28.1715743, 0.0 ] ], [ [ 73.1561312, 28.1715735, 0.0 ], [ 73.1561544, 28.1715738, 0.0 ], [ 73.1561492, 28.1718771, 0.0 ], [ 73.156126, 28.1718768, 0.0 ], [ 73.1561312, 28.1715735, 0.0 ] ], [ [ 73.1560806, 28.1712611, 0.0 ], [ 73.1561037, 28.1712614, 0.0 ], [ 73.1560985, 28.1715646, 0.0 ], [ 73.1560754, 28.1715643, 0.0 ], [ 73.1560806, 28.1712611, 0.0 ] ], [ [ 73.1560246, 28.1712603, 0.0 ], [ 73.1560477, 28.1712606, 0.0 ], [ 73.1560425, 28.1715639, 0.0 ], [ 73.1560194, 28.1715636, 0.0 ], [ 73.1560246, 28.1712603, 0.0 ] ], [ [ 73.1560752, 28.1715728, 0.0 ], [ 73.1560984, 28.1715731, 0.0 ], [ 73.1560932, 28.1718763, 0.0 ], [ 73.15607, 28.171876, 0.0 ], [ 73.1560752, 28.1715728, 0.0 ] ], [ [ 73.1560192, 28.171572, 0.0 ], [ 73.1560424, 28.1715723, 0.0 ], [ 73.1560372, 28.1718756, 0.0 ], [ 73.156014, 28.1718753, 0.0 ], [ 73.1560192, 28.171572, 0.0 ] ], [ [ 73.1559686, 28.1712596, 0.0 ], [ 73.1559917, 28.1712599, 0.0 ], [ 73.1559865, 28.1715631, 0.0 ], [ 73.1559634, 28.1715628, 0.0 ], [ 73.1559686, 28.1712596, 0.0 ] ], [ [ 73.1559126, 28.1712588, 0.0 ], [ 73.1559357, 28.1712591, 0.0 ], [ 73.1559305, 28.1715624, 0.0 ], [ 73.1559074, 28.1715621, 0.0 ], [ 73.1559126, 28.1712588, 0.0 ] ], [ [ 73.1559632, 28.1715712, 0.0 ], [ 73.1559864, 28.1715716, 0.0 ], [ 73.1559812, 28.1718748, 0.0 ], [ 73.155958, 28.1718745, 0.0 ], [ 73.1559632, 28.1715712, 0.0 ] ], [ [ 73.1559072, 28.1715705, 0.0 ], [ 73.1559304, 28.1715708, 0.0 ], [ 73.1559252, 28.1718741, 0.0 ], [ 73.155902, 28.1718738, 0.0 ], [ 73.1559072, 28.1715705, 0.0 ] ], [ [ 73.1558566, 28.1712581, 0.0 ], [ 73.1558797, 28.1712584, 0.0 ], [ 73.1558745, 28.1715616, 0.0 ], [ 73.1558514, 28.1715613, 0.0 ], [ 73.1558566, 28.1712581, 0.0 ] ], [ [ 73.1558006, 28.1712573, 0.0 ], [ 73.1558237, 28.1712576, 0.0 ], [ 73.1558185, 28.1715609, 0.0 ], [ 73.1557954, 28.1715606, 0.0 ], [ 73.1558006, 28.1712573, 0.0 ] ], [ [ 73.1558512, 28.1715697, 0.0 ], [ 73.1558744, 28.1715701, 0.0 ], [ 73.1558692, 28.1718733, 0.0 ], [ 73.155846, 28.171873, 0.0 ], [ 73.1558512, 28.1715697, 0.0 ] ], [ [ 73.1557952, 28.171569, 0.0 ], [ 73.1558184, 28.1715693, 0.0 ], [ 73.1558132, 28.1718726, 0.0 ], [ 73.15579, 28.1718723, 0.0 ], [ 73.1557952, 28.171569, 0.0 ] ], [ [ 73.1557446, 28.1712565, 0.0 ], [ 73.1557677, 28.1712569, 0.0 ], [ 73.1557625, 28.1715601, 0.0 ], [ 73.1557394, 28.1715598, 0.0 ], [ 73.1557446, 28.1712565, 0.0 ] ], [ [ 73.1556886, 28.1712558, 0.0 ], [ 73.1557117, 28.1712561, 0.0 ], [ 73.1557065, 28.1715594, 0.0 ], [ 73.1556834, 28.1715591, 0.0 ], [ 73.1556886, 28.1712558, 0.0 ] ], [ [ 73.1557392, 28.1715682, 0.0 ], [ 73.1557624, 28.1715685, 0.0 ], [ 73.1557572, 28.1718718, 0.0 ], [ 73.155734, 28.1718715, 0.0 ], [ 73.1557392, 28.1715682, 0.0 ] ], [ [ 73.1556833, 28.1715675, 0.0 ], [ 73.1557064, 28.1715678, 0.0 ], [ 73.1557012, 28.1718711, 0.0 ], [ 73.155678, 28.1718707, 0.0 ], [ 73.1556833, 28.1715675, 0.0 ] ], [ [ 73.1583311, 28.1706718, 0.0 ], [ 73.1583543, 28.1706721, 0.0 ], [ 73.1583491, 28.1709753, 0.0 ], [ 73.1583259, 28.170975, 0.0 ], [ 73.1583311, 28.1706718, 0.0 ] ], [ [ 73.1582751, 28.170671, 0.0 ], [ 73.1582983, 28.1706713, 0.0 ], [ 73.1582931, 28.1709746, 0.0 ], [ 73.1582699, 28.1709743, 0.0 ], [ 73.1582751, 28.170671, 0.0 ] ], [ [ 73.1583258, 28.1709834, 0.0 ], [ 73.1583489, 28.1709838, 0.0 ], [ 73.1583437, 28.171287, 0.0 ], [ 73.1583206, 28.1712867, 0.0 ], [ 73.1583258, 28.1709834, 0.0 ] ], [ [ 73.1582698, 28.1709827, 0.0 ], [ 73.1582929, 28.170983, 0.0 ], [ 73.1582877, 28.1712863, 0.0 ], [ 73.1582646, 28.171286, 0.0 ], [ 73.1582698, 28.1709827, 0.0 ] ], [ [ 73.1582191, 28.1706702, 0.0 ], [ 73.1582423, 28.1706706, 0.0 ], [ 73.1582371, 28.1709738, 0.0 ], [ 73.1582139, 28.1709735, 0.0 ], [ 73.1582191, 28.1706702, 0.0 ] ], [ [ 73.1581631, 28.1706695, 0.0 ], [ 73.1581863, 28.1706698, 0.0 ], [ 73.1581811, 28.1709731, 0.0 ], [ 73.1581579, 28.1709728, 0.0 ], [ 73.1581631, 28.1706695, 0.0 ] ], [ [ 73.1582138, 28.1709819, 0.0 ], [ 73.1582369, 28.1709822, 0.0 ], [ 73.1582317, 28.1712855, 0.0 ], [ 73.1582086, 28.1712852, 0.0 ], [ 73.1582138, 28.1709819, 0.0 ] ], [ [ 73.1581578, 28.1709812, 0.0 ], [ 73.1581809, 28.1709815, 0.0 ], [ 73.1581757, 28.1712848, 0.0 ], [ 73.1581526, 28.1712844, 0.0 ], [ 73.1581578, 28.1709812, 0.0 ] ], [ [ 73.1581071, 28.1706687, 0.0 ], [ 73.1581303, 28.170669, 0.0 ], [ 73.1581251, 28.1709723, 0.0 ], [ 73.1581019, 28.170972, 0.0 ], [ 73.1581071, 28.1706687, 0.0 ] ], [ [ 73.1580511, 28.170668, 0.0 ], [ 73.1580743, 28.1706683, 0.0 ], [ 73.1580691, 28.1709716, 0.0 ], [ 73.1580459, 28.1709713, 0.0 ], [ 73.1580511, 28.170668, 0.0 ] ], [ [ 73.1581018, 28.1709804, 0.0 ], [ 73.1581249, 28.1709807, 0.0 ], [ 73.1581197, 28.171284, 0.0 ], [ 73.1580966, 28.1712837, 0.0 ], [ 73.1581018, 28.1709804, 0.0 ] ], [ [ 73.1580458, 28.1709797, 0.0 ], [ 73.1580689, 28.17098, 0.0 ], [ 73.1580637, 28.1712833, 0.0 ], [ 73.1580406, 28.1712829, 0.0 ], [ 73.1580458, 28.1709797, 0.0 ] ], [ [ 73.1579951, 28.1706672, 0.0 ], [ 73.1580183, 28.1706675, 0.0 ], [ 73.1580131, 28.1709708, 0.0 ], [ 73.1579899, 28.1709705, 0.0 ], [ 73.1579951, 28.1706672, 0.0 ] ], [ [ 73.1579391, 28.1706665, 0.0 ], [ 73.1579623, 28.1706668, 0.0 ], [ 73.1579571, 28.1709701, 0.0 ], [ 73.1579339, 28.1709697, 0.0 ], [ 73.1579391, 28.1706665, 0.0 ] ], [ [ 73.1579898, 28.1709789, 0.0 ], [ 73.1580129, 28.1709792, 0.0 ], [ 73.1580077, 28.1712825, 0.0 ], [ 73.1579846, 28.1712822, 0.0 ], [ 73.1579898, 28.1709789, 0.0 ] ], [ [ 73.1579338, 28.1709782, 0.0 ], [ 73.1579569, 28.1709785, 0.0 ], [ 73.1579517, 28.1712817, 0.0 ], [ 73.1579286, 28.1712814, 0.0 ], [ 73.1579338, 28.1709782, 0.0 ] ], [ [ 73.1578831, 28.1706657, 0.0 ], [ 73.1579063, 28.170666, 0.0 ], [ 73.1579011, 28.1709693, 0.0 ], [ 73.1578779, 28.170969, 0.0 ], [ 73.1578831, 28.1706657, 0.0 ] ], [ [ 73.1578271, 28.170665, 0.0 ], [ 73.1578503, 28.1706653, 0.0 ], [ 73.1578451, 28.1709686, 0.0 ], [ 73.1578219, 28.1709682, 0.0 ], [ 73.1578271, 28.170665, 0.0 ] ], [ [ 73.1578778, 28.1709774, 0.0 ], [ 73.1579009, 28.1709777, 0.0 ], [ 73.1578957, 28.171281, 0.0 ], [ 73.1578726, 28.1712807, 0.0 ], [ 73.1578778, 28.1709774, 0.0 ] ], [ [ 73.1578218, 28.1709767, 0.0 ], [ 73.1578449, 28.170977, 0.0 ], [ 73.1578397, 28.1712802, 0.0 ], [ 73.1578166, 28.1712799, 0.0 ], [ 73.1578218, 28.1709767, 0.0 ] ], [ [ 73.1577711, 28.1706642, 0.0 ], [ 73.1577943, 28.1706645, 0.0 ], [ 73.1577891, 28.1709678, 0.0 ], [ 73.1577659, 28.1709675, 0.0 ], [ 73.1577711, 28.1706642, 0.0 ] ], [ [ 73.1577151, 28.1706635, 0.0 ], [ 73.1577383, 28.1706638, 0.0 ], [ 73.1577331, 28.170967, 0.0 ], [ 73.1577099, 28.1709667, 0.0 ], [ 73.1577151, 28.1706635, 0.0 ] ], [ [ 73.1577658, 28.1709759, 0.0 ], [ 73.1577889, 28.1709762, 0.0 ], [ 73.1577837, 28.1712795, 0.0 ], [ 73.1577606, 28.1712792, 0.0 ], [ 73.1577658, 28.1709759, 0.0 ] ], [ [ 73.1577098, 28.1709752, 0.0 ], [ 73.1577329, 28.1709755, 0.0 ], [ 73.1577277, 28.1712787, 0.0 ], [ 73.1577046, 28.1712784, 0.0 ], [ 73.1577098, 28.1709752, 0.0 ] ], [ [ 73.1576591, 28.1706627, 0.0 ], [ 73.1576823, 28.170663, 0.0 ], [ 73.1576771, 28.1709663, 0.0 ], [ 73.157654, 28.170966, 0.0 ], [ 73.1576591, 28.1706627, 0.0 ] ], [ [ 73.1576031, 28.170662, 0.0 ], [ 73.1576263, 28.1706623, 0.0 ], [ 73.1576211, 28.1709655, 0.0 ], [ 73.157598, 28.1709652, 0.0 ], [ 73.1576031, 28.170662, 0.0 ] ], [ [ 73.1576538, 28.1709744, 0.0 ], [ 73.1576769, 28.1709747, 0.0 ], [ 73.1576717, 28.171278, 0.0 ], [ 73.1576486, 28.1712777, 0.0 ], [ 73.1576538, 28.1709744, 0.0 ] ], [ [ 73.1575978, 28.1709736, 0.0 ], [ 73.1576209, 28.170974, 0.0 ], [ 73.1576157, 28.1712772, 0.0 ], [ 73.1575926, 28.1712769, 0.0 ], [ 73.1575978, 28.1709736, 0.0 ] ], [ [ 73.1575472, 28.1706612, 0.0 ], [ 73.1575703, 28.1706615, 0.0 ], [ 73.1575651, 28.1709648, 0.0 ], [ 73.157542, 28.1709645, 0.0 ], [ 73.1575472, 28.1706612, 0.0 ] ], [ [ 73.1574912, 28.1706604, 0.0 ], [ 73.1575143, 28.1706608, 0.0 ], [ 73.1575091, 28.170964, 0.0 ], [ 73.157486, 28.1709637, 0.0 ], [ 73.1574912, 28.1706604, 0.0 ] ], [ [ 73.1575418, 28.1709729, 0.0 ], [ 73.1575649, 28.1709732, 0.0 ], [ 73.1575597, 28.1712765, 0.0 ], [ 73.1575366, 28.1712762, 0.0 ], [ 73.1575418, 28.1709729, 0.0 ] ], [ [ 73.1574858, 28.1709721, 0.0 ], [ 73.1575089, 28.1709724, 0.0 ], [ 73.1575037, 28.1712757, 0.0 ], [ 73.1574806, 28.1712754, 0.0 ], [ 73.1574858, 28.1709721, 0.0 ] ], [ [ 73.1574352, 28.1706597, 0.0 ], [ 73.1574583, 28.17066, 0.0 ], [ 73.1574531, 28.1709633, 0.0 ], [ 73.15743, 28.170963, 0.0 ], [ 73.1574352, 28.1706597, 0.0 ] ], [ [ 73.1573792, 28.1706589, 0.0 ], [ 73.1574023, 28.1706593, 0.0 ], [ 73.1573971, 28.1709625, 0.0 ], [ 73.157374, 28.1709622, 0.0 ], [ 73.1573792, 28.1706589, 0.0 ] ], [ [ 73.1574298, 28.1709714, 0.0 ], [ 73.1574529, 28.1709717, 0.0 ], [ 73.1574477, 28.171275, 0.0 ], [ 73.1574246, 28.1712747, 0.0 ], [ 73.1574298, 28.1709714, 0.0 ] ], [ [ 73.1573738, 28.1709706, 0.0 ], [ 73.1573969, 28.1709709, 0.0 ], [ 73.1573918, 28.1712742, 0.0 ], [ 73.1573686, 28.1712739, 0.0 ], [ 73.1573738, 28.1709706, 0.0 ] ], [ [ 73.1573232, 28.1706582, 0.0 ], [ 73.1573463, 28.1706585, 0.0 ], [ 73.1573411, 28.1709618, 0.0 ], [ 73.157318, 28.1709615, 0.0 ], [ 73.1573232, 28.1706582, 0.0 ] ], [ [ 73.1572672, 28.1706574, 0.0 ], [ 73.1572903, 28.1706577, 0.0 ], [ 73.1572851, 28.170961, 0.0 ], [ 73.157262, 28.1709607, 0.0 ], [ 73.1572672, 28.1706574, 0.0 ] ], [ [ 73.1573178, 28.1709699, 0.0 ], [ 73.157341, 28.1709702, 0.0 ], [ 73.1573358, 28.1712735, 0.0 ], [ 73.1573126, 28.1712731, 0.0 ], [ 73.1573178, 28.1709699, 0.0 ] ], [ [ 73.1572618, 28.1709691, 0.0 ], [ 73.157285, 28.1709694, 0.0 ], [ 73.1572798, 28.1712727, 0.0 ], [ 73.1572566, 28.1712724, 0.0 ], [ 73.1572618, 28.1709691, 0.0 ] ], [ [ 73.1572112, 28.1706567, 0.0 ], [ 73.1572343, 28.170657, 0.0 ], [ 73.1572291, 28.1709603, 0.0 ], [ 73.157206, 28.17096, 0.0 ], [ 73.1572112, 28.1706567, 0.0 ] ], [ [ 73.1571552, 28.1706559, 0.0 ], [ 73.1571783, 28.1706562, 0.0 ], [ 73.1571731, 28.1709595, 0.0 ], [ 73.15715, 28.1709592, 0.0 ], [ 73.1571552, 28.1706559, 0.0 ] ], [ [ 73.1572058, 28.1709684, 0.0 ], [ 73.157229, 28.1709687, 0.0 ], [ 73.1572238, 28.1712719, 0.0 ], [ 73.1572006, 28.1712716, 0.0 ], [ 73.1572058, 28.1709684, 0.0 ] ], [ [ 73.1571498, 28.1709676, 0.0 ], [ 73.157173, 28.1709679, 0.0 ], [ 73.1571678, 28.1712712, 0.0 ], [ 73.1571446, 28.1712709, 0.0 ], [ 73.1571498, 28.1709676, 0.0 ] ], [ [ 73.1570992, 28.1706552, 0.0 ], [ 73.1571223, 28.1706555, 0.0 ], [ 73.1571171, 28.1709588, 0.0 ], [ 73.157094, 28.1709584, 0.0 ], [ 73.1570992, 28.1706552, 0.0 ] ], [ [ 73.1570432, 28.1706544, 0.0 ], [ 73.1570663, 28.1706547, 0.0 ], [ 73.1570611, 28.170958, 0.0 ], [ 73.157038, 28.1709577, 0.0 ], [ 73.1570432, 28.1706544, 0.0 ] ], [ [ 73.1570938, 28.1709669, 0.0 ], [ 73.157117, 28.1709672, 0.0 ], [ 73.1571118, 28.1712704, 0.0 ], [ 73.1570886, 28.1712701, 0.0 ], [ 73.1570938, 28.1709669, 0.0 ] ], [ [ 73.1570378, 28.1709661, 0.0 ], [ 73.157061, 28.1709664, 0.0 ], [ 73.1570558, 28.1712697, 0.0 ], [ 73.1570326, 28.1712694, 0.0 ], [ 73.1570378, 28.1709661, 0.0 ] ], [ [ 73.1569872, 28.1706537, 0.0 ], [ 73.1570103, 28.170654, 0.0 ], [ 73.1570051, 28.1709572, 0.0 ], [ 73.156982, 28.1709569, 0.0 ], [ 73.1569872, 28.1706537, 0.0 ] ], [ [ 73.1569312, 28.1706529, 0.0 ], [ 73.1569543, 28.1706532, 0.0 ], [ 73.1569491, 28.1709565, 0.0 ], [ 73.156926, 28.1709562, 0.0 ], [ 73.1569312, 28.1706529, 0.0 ] ], [ [ 73.1569818, 28.1709654, 0.0 ], [ 73.157005, 28.1709657, 0.0 ], [ 73.1569998, 28.1712689, 0.0 ], [ 73.1569766, 28.1712686, 0.0 ], [ 73.1569818, 28.1709654, 0.0 ] ], [ [ 73.1569258, 28.1709646, 0.0 ], [ 73.156949, 28.1709649, 0.0 ], [ 73.1569438, 28.1712682, 0.0 ], [ 73.1569206, 28.1712679, 0.0 ], [ 73.1569258, 28.1709646, 0.0 ] ], [ [ 73.1568752, 28.1706522, 0.0 ], [ 73.1568983, 28.1706525, 0.0 ], [ 73.1568931, 28.1709557, 0.0 ], [ 73.15687, 28.1709554, 0.0 ], [ 73.1568752, 28.1706522, 0.0 ] ], [ [ 73.1568192, 28.1706514, 0.0 ], [ 73.1568423, 28.1706517, 0.0 ], [ 73.1568371, 28.170955, 0.0 ], [ 73.156814, 28.1709547, 0.0 ], [ 73.1568192, 28.1706514, 0.0 ] ], [ [ 73.1568698, 28.1709638, 0.0 ], [ 73.156893, 28.1709642, 0.0 ], [ 73.1568878, 28.1712674, 0.0 ], [ 73.1568646, 28.1712671, 0.0 ], [ 73.1568698, 28.1709638, 0.0 ] ], [ [ 73.1568138, 28.1709631, 0.0 ], [ 73.156837, 28.1709634, 0.0 ], [ 73.1568318, 28.1712667, 0.0 ], [ 73.1568086, 28.1712664, 0.0 ], [ 73.1568138, 28.1709631, 0.0 ] ], [ [ 73.1567632, 28.1706507, 0.0 ], [ 73.1567863, 28.170651, 0.0 ], [ 73.1567811, 28.1709542, 0.0 ], [ 73.156758, 28.1709539, 0.0 ], [ 73.1567632, 28.1706507, 0.0 ] ], [ [ 73.1567072, 28.1706499, 0.0 ], [ 73.1567303, 28.1706502, 0.0 ], [ 73.1567251, 28.1709535, 0.0 ], [ 73.156702, 28.1709532, 0.0 ], [ 73.1567072, 28.1706499, 0.0 ] ], [ [ 73.1567578, 28.1709623, 0.0 ], [ 73.156781, 28.1709626, 0.0 ], [ 73.1567758, 28.1712659, 0.0 ], [ 73.1567526, 28.1712656, 0.0 ], [ 73.1567578, 28.1709623, 0.0 ] ], [ [ 73.1567018, 28.1709616, 0.0 ], [ 73.156725, 28.1709619, 0.0 ], [ 73.1567198, 28.1712652, 0.0 ], [ 73.1566966, 28.1712649, 0.0 ], [ 73.1567018, 28.1709616, 0.0 ] ], [ [ 73.1566512, 28.1706491, 0.0 ], [ 73.1566743, 28.1706495, 0.0 ], [ 73.1566691, 28.1709527, 0.0 ], [ 73.156646, 28.1709524, 0.0 ], [ 73.1566512, 28.1706491, 0.0 ] ], [ [ 73.1565952, 28.1706484, 0.0 ], [ 73.1566183, 28.1706487, 0.0 ], [ 73.1566131, 28.170952, 0.0 ], [ 73.15659, 28.1709517, 0.0 ], [ 73.1565952, 28.1706484, 0.0 ] ], [ [ 73.1566458, 28.1709608, 0.0 ], [ 73.156669, 28.1709611, 0.0 ], [ 73.1566638, 28.1712644, 0.0 ], [ 73.1566406, 28.1712641, 0.0 ], [ 73.1566458, 28.1709608, 0.0 ] ], [ [ 73.1565898, 28.1709601, 0.0 ], [ 73.156613, 28.1709604, 0.0 ], [ 73.1566078, 28.1712637, 0.0 ], [ 73.1565846, 28.1712633, 0.0 ], [ 73.1565898, 28.1709601, 0.0 ] ], [ [ 73.1565392, 28.1706476, 0.0 ], [ 73.1565623, 28.1706479, 0.0 ], [ 73.1565571, 28.1709512, 0.0 ], [ 73.156534, 28.1709509, 0.0 ], [ 73.1565392, 28.1706476, 0.0 ] ], [ [ 73.1564832, 28.1706469, 0.0 ], [ 73.1565063, 28.1706472, 0.0 ], [ 73.1565011, 28.1709505, 0.0 ], [ 73.156478, 28.1709501, 0.0 ], [ 73.1564832, 28.1706469, 0.0 ] ], [ [ 73.1565338, 28.1709593, 0.0 ], [ 73.156557, 28.1709596, 0.0 ], [ 73.1565518, 28.1712629, 0.0 ], [ 73.1565286, 28.1712626, 0.0 ], [ 73.1565338, 28.1709593, 0.0 ] ], [ [ 73.1564778, 28.1709586, 0.0 ], [ 73.156501, 28.1709589, 0.0 ], [ 73.1564958, 28.1712621, 0.0 ], [ 73.1564726, 28.1712618, 0.0 ], [ 73.1564778, 28.1709586, 0.0 ] ], [ [ 73.1564272, 28.1706461, 0.0 ], [ 73.1564503, 28.1706464, 0.0 ], [ 73.1564451, 28.1709497, 0.0 ], [ 73.156422, 28.1709494, 0.0 ], [ 73.1564272, 28.1706461, 0.0 ] ], [ [ 73.1563712, 28.1706454, 0.0 ], [ 73.1563943, 28.1706457, 0.0 ], [ 73.1563891, 28.170949, 0.0 ], [ 73.156366, 28.1709486, 0.0 ], [ 73.1563712, 28.1706454, 0.0 ] ], [ [ 73.1564219, 28.1709578, 0.0 ], [ 73.156445, 28.1709581, 0.0 ], [ 73.1564398, 28.1712614, 0.0 ], [ 73.1564167, 28.1712611, 0.0 ], [ 73.1564219, 28.1709578, 0.0 ] ], [ [ 73.1563659, 28.1709571, 0.0 ], [ 73.156389, 28.1709574, 0.0 ], [ 73.1563838, 28.1712606, 0.0 ], [ 73.1563607, 28.1712603, 0.0 ], [ 73.1563659, 28.1709571, 0.0 ] ], [ [ 73.1563152, 28.1706446, 0.0 ], [ 73.1563383, 28.1706449, 0.0 ], [ 73.1563331, 28.1709482, 0.0 ], [ 73.15631, 28.1709479, 0.0 ], [ 73.1563152, 28.1706446, 0.0 ] ], [ [ 73.1562592, 28.1706439, 0.0 ], [ 73.1562823, 28.1706442, 0.0 ], [ 73.1562771, 28.1709474, 0.0 ], [ 73.156254, 28.1709471, 0.0 ], [ 73.1562592, 28.1706439, 0.0 ] ], [ [ 73.1563099, 28.1709563, 0.0 ], [ 73.156333, 28.1709566, 0.0 ], [ 73.1563278, 28.1712599, 0.0 ], [ 73.1563047, 28.1712596, 0.0 ], [ 73.1563099, 28.1709563, 0.0 ] ], [ [ 73.1562539, 28.1709556, 0.0 ], [ 73.156277, 28.1709559, 0.0 ], [ 73.1562718, 28.1712591, 0.0 ], [ 73.1562487, 28.1712588, 0.0 ], [ 73.1562539, 28.1709556, 0.0 ] ], [ [ 73.1562032, 28.1706431, 0.0 ], [ 73.1562263, 28.1706434, 0.0 ], [ 73.1562211, 28.1709467, 0.0 ], [ 73.156198, 28.1709464, 0.0 ], [ 73.1562032, 28.1706431, 0.0 ] ], [ [ 73.1561472, 28.1706424, 0.0 ], [ 73.1561703, 28.1706427, 0.0 ], [ 73.1561651, 28.1709459, 0.0 ], [ 73.156142, 28.1709456, 0.0 ], [ 73.1561472, 28.1706424, 0.0 ] ], [ [ 73.1561979, 28.1709548, 0.0 ], [ 73.156221, 28.1709551, 0.0 ], [ 73.1562158, 28.1712584, 0.0 ], [ 73.1561927, 28.1712581, 0.0 ], [ 73.1561979, 28.1709548, 0.0 ] ], [ [ 73.1561419, 28.170954, 0.0 ], [ 73.156165, 28.1709544, 0.0 ], [ 73.1561598, 28.1712576, 0.0 ], [ 73.1561367, 28.1712573, 0.0 ], [ 73.1561419, 28.170954, 0.0 ] ], [ [ 73.1560912, 28.1706416, 0.0 ], [ 73.1561143, 28.1706419, 0.0 ], [ 73.1561091, 28.1709452, 0.0 ], [ 73.156086, 28.1709449, 0.0 ], [ 73.1560912, 28.1706416, 0.0 ] ], [ [ 73.1560352, 28.1706408, 0.0 ], [ 73.1560583, 28.1706412, 0.0 ], [ 73.1560531, 28.1709444, 0.0 ], [ 73.15603, 28.1709441, 0.0 ], [ 73.1560352, 28.1706408, 0.0 ] ], [ [ 73.1560859, 28.1709533, 0.0 ], [ 73.156109, 28.1709536, 0.0 ], [ 73.1561038, 28.1712569, 0.0 ], [ 73.1560807, 28.1712566, 0.0 ], [ 73.1560859, 28.1709533, 0.0 ] ], [ [ 73.1560299, 28.1709525, 0.0 ], [ 73.156053, 28.1709528, 0.0 ], [ 73.1560478, 28.1712561, 0.0 ], [ 73.1560247, 28.1712558, 0.0 ], [ 73.1560299, 28.1709525, 0.0 ] ], [ [ 73.1559792, 28.1706401, 0.0 ], [ 73.1560023, 28.1706404, 0.0 ], [ 73.1559971, 28.1709437, 0.0 ], [ 73.155974, 28.1709434, 0.0 ], [ 73.1559792, 28.1706401, 0.0 ] ], [ [ 73.1559232, 28.1706393, 0.0 ], [ 73.1559463, 28.1706397, 0.0 ], [ 73.1559411, 28.1709429, 0.0 ], [ 73.155918, 28.1709426, 0.0 ], [ 73.1559232, 28.1706393, 0.0 ] ], [ [ 73.1559739, 28.1709518, 0.0 ], [ 73.155997, 28.1709521, 0.0 ], [ 73.1559918, 28.1712554, 0.0 ], [ 73.1559687, 28.171255, 0.0 ], [ 73.1559739, 28.1709518, 0.0 ] ], [ [ 73.1559179, 28.170951, 0.0 ], [ 73.155941, 28.1709513, 0.0 ], [ 73.1559358, 28.1712546, 0.0 ], [ 73.1559127, 28.1712543, 0.0 ], [ 73.1559179, 28.170951, 0.0 ] ], [ [ 73.1558672, 28.1706386, 0.0 ], [ 73.1558904, 28.1706389, 0.0 ], [ 73.1558851, 28.1709422, 0.0 ], [ 73.155862, 28.1709419, 0.0 ], [ 73.1558672, 28.1706386, 0.0 ] ], [ [ 73.1558112, 28.1706378, 0.0 ], [ 73.1558344, 28.1706381, 0.0 ], [ 73.1558292, 28.1709414, 0.0 ], [ 73.155806, 28.1709411, 0.0 ], [ 73.1558112, 28.1706378, 0.0 ] ], [ [ 73.1558619, 28.1709503, 0.0 ], [ 73.155885, 28.1709506, 0.0 ], [ 73.1558798, 28.1712539, 0.0 ], [ 73.1558567, 28.1712535, 0.0 ], [ 73.1558619, 28.1709503, 0.0 ] ], [ [ 73.1558059, 28.1709495, 0.0 ], [ 73.155829, 28.1709498, 0.0 ], [ 73.1558238, 28.1712531, 0.0 ], [ 73.1558007, 28.1712528, 0.0 ], [ 73.1558059, 28.1709495, 0.0 ] ], [ [ 73.1557552, 28.1706371, 0.0 ], [ 73.1557784, 28.1706374, 0.0 ], [ 73.1557732, 28.1709407, 0.0 ], [ 73.15575, 28.1709403, 0.0 ], [ 73.1557552, 28.1706371, 0.0 ] ], [ [ 73.1556992, 28.1706363, 0.0 ], [ 73.1557224, 28.1706366, 0.0 ], [ 73.1557172, 28.1709399, 0.0 ], [ 73.155694, 28.1709396, 0.0 ], [ 73.1556992, 28.1706363, 0.0 ] ], [ [ 73.1557499, 28.1709488, 0.0 ], [ 73.155773, 28.1709491, 0.0 ], [ 73.1557678, 28.1712523, 0.0 ], [ 73.1557447, 28.171252, 0.0 ], [ 73.1557499, 28.1709488, 0.0 ] ], [ [ 73.1556939, 28.170948, 0.0 ], [ 73.155717, 28.1709483, 0.0 ], [ 73.1557118, 28.1712516, 0.0 ], [ 73.1556887, 28.1712513, 0.0 ], [ 73.1556939, 28.170948, 0.0 ] ], [ [ 73.1584537, 28.1700538, 0.0 ], [ 73.1584769, 28.1700541, 0.0 ], [ 73.1584717, 28.1703574, 0.0 ], [ 73.1584485, 28.1703571, 0.0 ], [ 73.1584537, 28.1700538, 0.0 ] ], [ [ 73.1583977, 28.170053, 0.0 ], [ 73.1584209, 28.1700533, 0.0 ], [ 73.1584157, 28.1703566, 0.0 ], [ 73.1583925, 28.1703563, 0.0 ], [ 73.1583977, 28.170053, 0.0 ] ], [ [ 73.1584484, 28.1703655, 0.0 ], [ 73.1584715, 28.1703658, 0.0 ], [ 73.1584663, 28.1706691, 0.0 ], [ 73.1584432, 28.1706687, 0.0 ], [ 73.1584484, 28.1703655, 0.0 ] ], [ [ 73.1583924, 28.1703647, 0.0 ], [ 73.1584155, 28.170365, 0.0 ], [ 73.1584103, 28.1706683, 0.0 ], [ 73.1583872, 28.170668, 0.0 ], [ 73.1583924, 28.1703647, 0.0 ] ], [ [ 73.1583417, 28.1700523, 0.0 ], [ 73.1583649, 28.1700526, 0.0 ], [ 73.1583597, 28.1703559, 0.0 ], [ 73.1583365, 28.1703556, 0.0 ], [ 73.1583417, 28.1700523, 0.0 ] ], [ [ 73.1582857, 28.1700515, 0.0 ], [ 73.1583089, 28.1700518, 0.0 ], [ 73.1583037, 28.1703551, 0.0 ], [ 73.1582805, 28.1703548, 0.0 ], [ 73.1582857, 28.1700515, 0.0 ] ], [ [ 73.1583364, 28.170364, 0.0 ], [ 73.1583595, 28.1703643, 0.0 ], [ 73.1583543, 28.1706676, 0.0 ], [ 73.1583312, 28.1706672, 0.0 ], [ 73.1583364, 28.170364, 0.0 ] ], [ [ 73.1582804, 28.1703632, 0.0 ], [ 73.1583035, 28.1703635, 0.0 ], [ 73.1582983, 28.1706668, 0.0 ], [ 73.1582752, 28.1706665, 0.0 ], [ 73.1582804, 28.1703632, 0.0 ] ], [ [ 73.1582297, 28.1700508, 0.0 ], [ 73.1582529, 28.1700511, 0.0 ], [ 73.1582477, 28.1703544, 0.0 ], [ 73.1582245, 28.170354, 0.0 ], [ 73.1582297, 28.1700508, 0.0 ] ], [ [ 73.1581737, 28.17005, 0.0 ], [ 73.1581969, 28.1700503, 0.0 ], [ 73.1581917, 28.1703536, 0.0 ], [ 73.1581685, 28.1703533, 0.0 ], [ 73.1581737, 28.17005, 0.0 ] ], [ [ 73.1582244, 28.1703625, 0.0 ], [ 73.1582475, 28.1703628, 0.0 ], [ 73.1582423, 28.170666, 0.0 ], [ 73.1582192, 28.1706657, 0.0 ], [ 73.1582244, 28.1703625, 0.0 ] ], [ [ 73.1581684, 28.1703617, 0.0 ], [ 73.1581915, 28.170362, 0.0 ], [ 73.1581863, 28.1706653, 0.0 ], [ 73.1581632, 28.170665, 0.0 ], [ 73.1581684, 28.1703617, 0.0 ] ], [ [ 73.1581177, 28.1700493, 0.0 ], [ 73.1581409, 28.1700496, 0.0 ], [ 73.1581357, 28.1703529, 0.0 ], [ 73.1581125, 28.1703525, 0.0 ], [ 73.1581177, 28.1700493, 0.0 ] ], [ [ 73.1580617, 28.1700485, 0.0 ], [ 73.1580849, 28.1700488, 0.0 ], [ 73.1580797, 28.1703521, 0.0 ], [ 73.1580565, 28.1703518, 0.0 ], [ 73.1580617, 28.1700485, 0.0 ] ], [ [ 73.1581124, 28.170361, 0.0 ], [ 73.1581355, 28.1703613, 0.0 ], [ 73.1581303, 28.1706645, 0.0 ], [ 73.1581072, 28.1706642, 0.0 ], [ 73.1581124, 28.170361, 0.0 ] ], [ [ 73.1580564, 28.1703602, 0.0 ], [ 73.1580795, 28.1703605, 0.0 ], [ 73.1580743, 28.1706638, 0.0 ], [ 73.1580512, 28.1706635, 0.0 ], [ 73.1580564, 28.1703602, 0.0 ] ], [ [ 73.1580057, 28.1700478, 0.0 ], [ 73.1580289, 28.1700481, 0.0 ], [ 73.1580237, 28.1703513, 0.0 ], [ 73.1580006, 28.170351, 0.0 ], [ 73.1580057, 28.1700478, 0.0 ] ], [ [ 73.1579497, 28.170047, 0.0 ], [ 73.1579729, 28.1700473, 0.0 ], [ 73.1579677, 28.1703506, 0.0 ], [ 73.1579446, 28.1703503, 0.0 ], [ 73.1579497, 28.170047, 0.0 ] ], [ [ 73.1580004, 28.1703595, 0.0 ], [ 73.1580235, 28.1703598, 0.0 ], [ 73.1580183, 28.170663, 0.0 ], [ 73.1579952, 28.1706627, 0.0 ], [ 73.1580004, 28.1703595, 0.0 ] ], [ [ 73.1579444, 28.1703587, 0.0 ], [ 73.1579675, 28.170359, 0.0 ], [ 73.1579623, 28.1706623, 0.0 ], [ 73.1579392, 28.170662, 0.0 ], [ 73.1579444, 28.1703587, 0.0 ] ], [ [ 73.1578938, 28.1700463, 0.0 ], [ 73.1579169, 28.1700466, 0.0 ], [ 73.1579117, 28.1703498, 0.0 ], [ 73.1578886, 28.1703495, 0.0 ], [ 73.1578938, 28.1700463, 0.0 ] ], [ [ 73.1578378, 28.1700455, 0.0 ], [ 73.1578609, 28.1700458, 0.0 ], [ 73.1578557, 28.1703491, 0.0 ], [ 73.1578326, 28.1703488, 0.0 ], [ 73.1578378, 28.1700455, 0.0 ] ], [ [ 73.1578884, 28.1703579, 0.0 ], [ 73.1579115, 28.1703583, 0.0 ], [ 73.1579063, 28.1706615, 0.0 ], [ 73.1578832, 28.1706612, 0.0 ], [ 73.1578884, 28.1703579, 0.0 ] ], [ [ 73.1578324, 28.1703572, 0.0 ], [ 73.1578555, 28.1703575, 0.0 ], [ 73.1578503, 28.1706608, 0.0 ], [ 73.1578272, 28.1706605, 0.0 ], [ 73.1578324, 28.1703572, 0.0 ] ], [ [ 73.1577818, 28.1700447, 0.0 ], [ 73.1578049, 28.1700451, 0.0 ], [ 73.1577997, 28.1703483, 0.0 ], [ 73.1577766, 28.170348, 0.0 ], [ 73.1577818, 28.1700447, 0.0 ] ], [ [ 73.1577258, 28.170044, 0.0 ], [ 73.1577489, 28.1700443, 0.0 ], [ 73.1577437, 28.1703476, 0.0 ], [ 73.1577206, 28.1703473, 0.0 ], [ 73.1577258, 28.170044, 0.0 ] ], [ [ 73.1577764, 28.1703564, 0.0 ], [ 73.1577995, 28.1703567, 0.0 ], [ 73.1577944, 28.17066, 0.0 ], [ 73.1577712, 28.1706597, 0.0 ], [ 73.1577764, 28.1703564, 0.0 ] ], [ [ 73.1577204, 28.1703557, 0.0 ], [ 73.1577436, 28.170356, 0.0 ], [ 73.1577384, 28.1706593, 0.0 ], [ 73.1577152, 28.170659, 0.0 ], [ 73.1577204, 28.1703557, 0.0 ] ], [ [ 73.1576698, 28.1700432, 0.0 ], [ 73.1576929, 28.1700436, 0.0 ], [ 73.1576877, 28.1703468, 0.0 ], [ 73.1576646, 28.1703465, 0.0 ], [ 73.1576698, 28.1700432, 0.0 ] ], [ [ 73.1576138, 28.1700425, 0.0 ], [ 73.1576369, 28.1700428, 0.0 ], [ 73.1576317, 28.1703461, 0.0 ], [ 73.1576086, 28.1703458, 0.0 ], [ 73.1576138, 28.1700425, 0.0 ] ], [ [ 73.1576644, 28.1703549, 0.0 ], [ 73.1576876, 28.1703552, 0.0 ], [ 73.1576824, 28.1706585, 0.0 ], [ 73.1576592, 28.1706582, 0.0 ], [ 73.1576644, 28.1703549, 0.0 ] ], [ [ 73.1576084, 28.1703542, 0.0 ], [ 73.1576316, 28.1703545, 0.0 ], [ 73.1576264, 28.1706578, 0.0 ], [ 73.1576032, 28.1706574, 0.0 ], [ 73.1576084, 28.1703542, 0.0 ] ], [ [ 73.1575578, 28.1700417, 0.0 ], [ 73.1575809, 28.170042, 0.0 ], [ 73.1575757, 28.1703453, 0.0 ], [ 73.1575526, 28.170345, 0.0 ], [ 73.1575578, 28.1700417, 0.0 ] ], [ [ 73.1575018, 28.170041, 0.0 ], [ 73.1575249, 28.1700413, 0.0 ], [ 73.1575197, 28.1703446, 0.0 ], [ 73.1574966, 28.1703443, 0.0 ], [ 73.1575018, 28.170041, 0.0 ] ], [ [ 73.1575524, 28.1703534, 0.0 ], [ 73.1575756, 28.1703537, 0.0 ], [ 73.1575704, 28.170657, 0.0 ], [ 73.1575472, 28.1706567, 0.0 ], [ 73.1575524, 28.1703534, 0.0 ] ], [ [ 73.1574964, 28.1703527, 0.0 ], [ 73.1575196, 28.170353, 0.0 ], [ 73.1575144, 28.1706562, 0.0 ], [ 73.1574912, 28.1706559, 0.0 ], [ 73.1574964, 28.1703527, 0.0 ] ], [ [ 73.1574458, 28.1700402, 0.0 ], [ 73.1574689, 28.1700405, 0.0 ], [ 73.1574637, 28.1703438, 0.0 ], [ 73.1574406, 28.1703435, 0.0 ], [ 73.1574458, 28.1700402, 0.0 ] ], [ [ 73.1573898, 28.1700395, 0.0 ], [ 73.1574129, 28.1700398, 0.0 ], [ 73.1574077, 28.1703431, 0.0 ], [ 73.1573846, 28.1703427, 0.0 ], [ 73.1573898, 28.1700395, 0.0 ] ], [ [ 73.1574404, 28.1703519, 0.0 ], [ 73.1574636, 28.1703522, 0.0 ], [ 73.1574584, 28.1706555, 0.0 ], [ 73.1574352, 28.1706552, 0.0 ], [ 73.1574404, 28.1703519, 0.0 ] ], [ [ 73.1573844, 28.1703512, 0.0 ], [ 73.1574076, 28.1703515, 0.0 ], [ 73.1574024, 28.1706547, 0.0 ], [ 73.1573792, 28.1706544, 0.0 ], [ 73.1573844, 28.1703512, 0.0 ] ], [ [ 73.1573338, 28.1700387, 0.0 ], [ 73.1573569, 28.170039, 0.0 ], [ 73.1573517, 28.1703423, 0.0 ], [ 73.1573286, 28.170342, 0.0 ], [ 73.1573338, 28.1700387, 0.0 ] ], [ [ 73.1572778, 28.170038, 0.0 ], [ 73.1573009, 28.1700383, 0.0 ], [ 73.1572957, 28.1703415, 0.0 ], [ 73.1572726, 28.1703412, 0.0 ], [ 73.1572778, 28.170038, 0.0 ] ], [ [ 73.1573284, 28.1703504, 0.0 ], [ 73.1573516, 28.1703507, 0.0 ], [ 73.1573464, 28.170654, 0.0 ], [ 73.1573232, 28.1706537, 0.0 ], [ 73.1573284, 28.1703504, 0.0 ] ], [ [ 73.1572724, 28.1703497, 0.0 ], [ 73.1572956, 28.17035, 0.0 ], [ 73.1572904, 28.1706532, 0.0 ], [ 73.1572672, 28.1706529, 0.0 ], [ 73.1572724, 28.1703497, 0.0 ] ], [ [ 73.1572218, 28.1700372, 0.0 ], [ 73.1572449, 28.1700375, 0.0 ], [ 73.1572397, 28.1703408, 0.0 ], [ 73.1572166, 28.1703405, 0.0 ], [ 73.1572218, 28.1700372, 0.0 ] ], [ [ 73.1571658, 28.1700365, 0.0 ], [ 73.1571889, 28.1700368, 0.0 ], [ 73.1571837, 28.17034, 0.0 ], [ 73.1571606, 28.1703397, 0.0 ], [ 73.1571658, 28.1700365, 0.0 ] ], [ [ 73.1572164, 28.1703489, 0.0 ], [ 73.1572396, 28.1703492, 0.0 ], [ 73.1572344, 28.1706525, 0.0 ], [ 73.1572112, 28.1706522, 0.0 ], [ 73.1572164, 28.1703489, 0.0 ] ], [ [ 73.1571604, 28.1703481, 0.0 ], [ 73.1571836, 28.1703485, 0.0 ], [ 73.1571784, 28.1706517, 0.0 ], [ 73.1571552, 28.1706514, 0.0 ], [ 73.1571604, 28.1703481, 0.0 ] ], [ [ 73.1571098, 28.1700357, 0.0 ], [ 73.1571329, 28.170036, 0.0 ], [ 73.1571277, 28.1703393, 0.0 ], [ 73.1571046, 28.170339, 0.0 ], [ 73.1571098, 28.1700357, 0.0 ] ], [ [ 73.1570538, 28.170035, 0.0 ], [ 73.1570769, 28.1700353, 0.0 ], [ 73.1570717, 28.1703385, 0.0 ], [ 73.1570486, 28.1703382, 0.0 ], [ 73.1570538, 28.170035, 0.0 ] ], [ [ 73.1571044, 28.1703474, 0.0 ], [ 73.1571276, 28.1703477, 0.0 ], [ 73.1571224, 28.170651, 0.0 ], [ 73.1570992, 28.1706507, 0.0 ], [ 73.1571044, 28.1703474, 0.0 ] ], [ [ 73.1570484, 28.1703466, 0.0 ], [ 73.1570716, 28.170347, 0.0 ], [ 73.1570664, 28.1706502, 0.0 ], [ 73.1570432, 28.1706499, 0.0 ], [ 73.1570484, 28.1703466, 0.0 ] ], [ [ 73.1569978, 28.1700342, 0.0 ], [ 73.1570209, 28.1700345, 0.0 ], [ 73.1570157, 28.1703378, 0.0 ], [ 73.1569926, 28.1703375, 0.0 ], [ 73.1569978, 28.1700342, 0.0 ] ], [ [ 73.1569418, 28.1700334, 0.0 ], [ 73.1569649, 28.1700338, 0.0 ], [ 73.1569597, 28.170337, 0.0 ], [ 73.1569366, 28.1703367, 0.0 ], [ 73.1569418, 28.1700334, 0.0 ] ], [ [ 73.1569924, 28.1703459, 0.0 ], [ 73.1570156, 28.1703462, 0.0 ], [ 73.1570104, 28.1706495, 0.0 ], [ 73.1569873, 28.1706492, 0.0 ], [ 73.1569924, 28.1703459, 0.0 ] ], [ [ 73.1569365, 28.1703451, 0.0 ], [ 73.1569596, 28.1703454, 0.0 ], [ 73.1569544, 28.1706487, 0.0 ], [ 73.1569313, 28.1706484, 0.0 ], [ 73.1569365, 28.1703451, 0.0 ] ], [ [ 73.1568858, 28.1700327, 0.0 ], [ 73.1569089, 28.170033, 0.0 ], [ 73.1569037, 28.1703363, 0.0 ], [ 73.1568806, 28.170336, 0.0 ], [ 73.1568858, 28.1700327, 0.0 ] ], [ [ 73.1568298, 28.1700319, 0.0 ], [ 73.1568529, 28.1700322, 0.0 ], [ 73.1568477, 28.1703355, 0.0 ], [ 73.1568246, 28.1703352, 0.0 ], [ 73.1568298, 28.1700319, 0.0 ] ], [ [ 73.1568805, 28.1703444, 0.0 ], [ 73.1569036, 28.1703447, 0.0 ], [ 73.1568984, 28.170648, 0.0 ], [ 73.1568753, 28.1706476, 0.0 ], [ 73.1568805, 28.1703444, 0.0 ] ], [ [ 73.1568245, 28.1703436, 0.0 ], [ 73.1568476, 28.1703439, 0.0 ], [ 73.1568424, 28.1706472, 0.0 ], [ 73.1568193, 28.1706469, 0.0 ], [ 73.1568245, 28.1703436, 0.0 ] ], [ [ 73.1567738, 28.1700312, 0.0 ], [ 73.1567969, 28.1700315, 0.0 ], [ 73.1567917, 28.1703348, 0.0 ], [ 73.1567686, 28.1703345, 0.0 ], [ 73.1567738, 28.1700312, 0.0 ] ], [ [ 73.1567178, 28.1700304, 0.0 ], [ 73.1567409, 28.1700307, 0.0 ], [ 73.1567357, 28.170334, 0.0 ], [ 73.1567126, 28.1703337, 0.0 ], [ 73.1567178, 28.1700304, 0.0 ] ], [ [ 73.1567685, 28.1703429, 0.0 ], [ 73.1567916, 28.1703432, 0.0 ], [ 73.1567864, 28.1706465, 0.0 ], [ 73.1567633, 28.1706461, 0.0 ], [ 73.1567685, 28.1703429, 0.0 ] ], [ [ 73.1567125, 28.1703421, 0.0 ], [ 73.1567356, 28.1703424, 0.0 ], [ 73.1567304, 28.1706457, 0.0 ], [ 73.1567073, 28.1706454, 0.0 ], [ 73.1567125, 28.1703421, 0.0 ] ], [ [ 73.1566618, 28.1700297, 0.0 ], [ 73.1566849, 28.17003, 0.0 ], [ 73.1566797, 28.1703333, 0.0 ], [ 73.1566566, 28.1703329, 0.0 ], [ 73.1566618, 28.1700297, 0.0 ] ], [ [ 73.1566058, 28.1700289, 0.0 ], [ 73.1566289, 28.1700292, 0.0 ], [ 73.1566237, 28.1703325, 0.0 ], [ 73.1566006, 28.1703322, 0.0 ], [ 73.1566058, 28.1700289, 0.0 ] ], [ [ 73.1566565, 28.1703414, 0.0 ], [ 73.1566796, 28.1703417, 0.0 ], [ 73.1566744, 28.1706449, 0.0 ], [ 73.1566513, 28.1706446, 0.0 ], [ 73.1566565, 28.1703414, 0.0 ] ], [ [ 73.1566005, 28.1703406, 0.0 ], [ 73.1566236, 28.1703409, 0.0 ], [ 73.1566184, 28.1706442, 0.0 ], [ 73.1565953, 28.1706439, 0.0 ], [ 73.1566005, 28.1703406, 0.0 ] ], [ [ 73.1565498, 28.1700282, 0.0 ], [ 73.1565729, 28.1700285, 0.0 ], [ 73.1565677, 28.1703317, 0.0 ], [ 73.1565446, 28.1703314, 0.0 ], [ 73.1565498, 28.1700282, 0.0 ] ], [ [ 73.1564938, 28.1700274, 0.0 ], [ 73.1565169, 28.1700277, 0.0 ], [ 73.1565117, 28.170331, 0.0 ], [ 73.1564886, 28.1703307, 0.0 ], [ 73.1564938, 28.1700274, 0.0 ] ], [ [ 73.1565445, 28.1703399, 0.0 ], [ 73.1565676, 28.1703402, 0.0 ], [ 73.1565624, 28.1706434, 0.0 ], [ 73.1565393, 28.1706431, 0.0 ], [ 73.1565445, 28.1703399, 0.0 ] ], [ [ 73.1564885, 28.1703391, 0.0 ], [ 73.1565116, 28.1703394, 0.0 ], [ 73.1565064, 28.1706427, 0.0 ], [ 73.1564833, 28.1706424, 0.0 ], [ 73.1564885, 28.1703391, 0.0 ] ], [ [ 73.1564378, 28.1700267, 0.0 ], [ 73.156461, 28.170027, 0.0 ], [ 73.1564558, 28.1703302, 0.0 ], [ 73.1564326, 28.1703299, 0.0 ], [ 73.1564378, 28.1700267, 0.0 ] ], [ [ 73.1563818, 28.1700259, 0.0 ], [ 73.156405, 28.1700262, 0.0 ], [ 73.1563998, 28.1703295, 0.0 ], [ 73.1563766, 28.1703292, 0.0 ], [ 73.1563818, 28.1700259, 0.0 ] ], [ [ 73.1564325, 28.1703383, 0.0 ], [ 73.1564556, 28.1703387, 0.0 ], [ 73.1564504, 28.1706419, 0.0 ], [ 73.1564273, 28.1706416, 0.0 ], [ 73.1564325, 28.1703383, 0.0 ] ], [ [ 73.1563765, 28.1703376, 0.0 ], [ 73.1563996, 28.1703379, 0.0 ], [ 73.1563944, 28.1706412, 0.0 ], [ 73.1563713, 28.1706409, 0.0 ], [ 73.1563765, 28.1703376, 0.0 ] ], [ [ 73.1563258, 28.1700252, 0.0 ], [ 73.156349, 28.1700255, 0.0 ], [ 73.1563438, 28.1703287, 0.0 ], [ 73.1563206, 28.1703284, 0.0 ], [ 73.1563258, 28.1700252, 0.0 ] ], [ [ 73.1562698, 28.1700244, 0.0 ], [ 73.156293, 28.1700247, 0.0 ], [ 73.1562878, 28.170328, 0.0 ], [ 73.1562646, 28.1703277, 0.0 ], [ 73.1562698, 28.1700244, 0.0 ] ], [ [ 73.1563205, 28.1703368, 0.0 ], [ 73.1563436, 28.1703371, 0.0 ], [ 73.1563384, 28.1706404, 0.0 ], [ 73.1563153, 28.1706401, 0.0 ], [ 73.1563205, 28.1703368, 0.0 ] ], [ [ 73.1562645, 28.1703361, 0.0 ], [ 73.1562876, 28.1703364, 0.0 ], [ 73.1562824, 28.1706397, 0.0 ], [ 73.1562593, 28.1706394, 0.0 ], [ 73.1562645, 28.1703361, 0.0 ] ], [ [ 73.1562138, 28.1700236, 0.0 ], [ 73.156237, 28.170024, 0.0 ], [ 73.1562318, 28.1703272, 0.0 ], [ 73.1562086, 28.1703269, 0.0 ], [ 73.1562138, 28.1700236, 0.0 ] ], [ [ 73.1561578, 28.1700229, 0.0 ], [ 73.156181, 28.1700232, 0.0 ], [ 73.1561758, 28.1703265, 0.0 ], [ 73.1561526, 28.1703262, 0.0 ], [ 73.1561578, 28.1700229, 0.0 ] ], [ [ 73.1562085, 28.1703353, 0.0 ], [ 73.1562316, 28.1703356, 0.0 ], [ 73.1562264, 28.1706389, 0.0 ], [ 73.1562033, 28.1706386, 0.0 ], [ 73.1562085, 28.1703353, 0.0 ] ], [ [ 73.1561525, 28.1703346, 0.0 ], [ 73.1561756, 28.1703349, 0.0 ], [ 73.1561704, 28.1706382, 0.0 ], [ 73.1561473, 28.1706378, 0.0 ], [ 73.1561525, 28.1703346, 0.0 ] ], [ [ 73.1561018, 28.1700221, 0.0 ], [ 73.156125, 28.1700224, 0.0 ], [ 73.1561198, 28.1703257, 0.0 ], [ 73.1560966, 28.1703254, 0.0 ], [ 73.1561018, 28.1700221, 0.0 ] ], [ [ 73.1560458, 28.1700214, 0.0 ], [ 73.156069, 28.1700217, 0.0 ], [ 73.1560638, 28.170325, 0.0 ], [ 73.1560406, 28.1703246, 0.0 ], [ 73.1560458, 28.1700214, 0.0 ] ], [ [ 73.1560965, 28.1703338, 0.0 ], [ 73.1561196, 28.1703341, 0.0 ], [ 73.1561144, 28.1706374, 0.0 ], [ 73.1560913, 28.1706371, 0.0 ], [ 73.1560965, 28.1703338, 0.0 ] ], [ [ 73.1560405, 28.1703331, 0.0 ], [ 73.1560636, 28.1703334, 0.0 ], [ 73.1560584, 28.1706366, 0.0 ], [ 73.1560353, 28.1706363, 0.0 ], [ 73.1560405, 28.1703331, 0.0 ] ], [ [ 73.1559898, 28.1700206, 0.0 ], [ 73.156013, 28.1700209, 0.0 ], [ 73.1560078, 28.1703242, 0.0 ], [ 73.1559846, 28.1703239, 0.0 ], [ 73.1559898, 28.1700206, 0.0 ] ], [ [ 73.1559338, 28.1700199, 0.0 ], [ 73.155957, 28.1700202, 0.0 ], [ 73.1559518, 28.1703235, 0.0 ], [ 73.1559286, 28.1703231, 0.0 ], [ 73.1559338, 28.1700199, 0.0 ] ], [ [ 73.1559845, 28.1703323, 0.0 ], [ 73.1560076, 28.1703326, 0.0 ], [ 73.1560024, 28.1706359, 0.0 ], [ 73.1559793, 28.1706356, 0.0 ], [ 73.1559845, 28.1703323, 0.0 ] ], [ [ 73.1559285, 28.1703316, 0.0 ], [ 73.1559516, 28.1703319, 0.0 ], [ 73.1559464, 28.1706351, 0.0 ], [ 73.1559233, 28.1706348, 0.0 ], [ 73.1559285, 28.1703316, 0.0 ] ], [ [ 73.1558778, 28.1700191, 0.0 ], [ 73.155901, 28.1700194, 0.0 ], [ 73.1558958, 28.1703227, 0.0 ], [ 73.1558726, 28.1703224, 0.0 ], [ 73.1558778, 28.1700191, 0.0 ] ], [ [ 73.1558218, 28.1700184, 0.0 ], [ 73.155845, 28.1700187, 0.0 ], [ 73.1558398, 28.1703219, 0.0 ], [ 73.1558166, 28.1703216, 0.0 ], [ 73.1558218, 28.1700184, 0.0 ] ], [ [ 73.1558725, 28.1703308, 0.0 ], [ 73.1558956, 28.1703311, 0.0 ], [ 73.1558904, 28.1706344, 0.0 ], [ 73.1558673, 28.1706341, 0.0 ], [ 73.1558725, 28.1703308, 0.0 ] ], [ [ 73.1558165, 28.1703301, 0.0 ], [ 73.1558396, 28.1703304, 0.0 ], [ 73.1558344, 28.1706336, 0.0 ], [ 73.1558113, 28.1706333, 0.0 ], [ 73.1558165, 28.1703301, 0.0 ] ], [ [ 73.1584643, 28.1694343, 0.0 ], [ 73.1584875, 28.1694346, 0.0 ], [ 73.1584823, 28.1697379, 0.0 ], [ 73.1584591, 28.1697376, 0.0 ], [ 73.1584643, 28.1694343, 0.0 ] ], [ [ 73.1584083, 28.1694336, 0.0 ], [ 73.1584315, 28.1694339, 0.0 ], [ 73.1584263, 28.1697371, 0.0 ], [ 73.1584031, 28.1697368, 0.0 ], [ 73.1584083, 28.1694336, 0.0 ] ], [ [ 73.158459, 28.169746, 0.0 ], [ 73.1584821, 28.1697463, 0.0 ], [ 73.1584769, 28.1700496, 0.0 ], [ 73.1584538, 28.1700493, 0.0 ], [ 73.158459, 28.169746, 0.0 ] ], [ [ 73.158403, 28.1697453, 0.0 ], [ 73.1584261, 28.1697456, 0.0 ], [ 73.1584209, 28.1700488, 0.0 ], [ 73.1583978, 28.1700485, 0.0 ], [ 73.158403, 28.1697453, 0.0 ] ], [ [ 73.1583523, 28.1694328, 0.0 ], [ 73.1583755, 28.1694331, 0.0 ], [ 73.1583703, 28.1697364, 0.0 ], [ 73.1583471, 28.1697361, 0.0 ], [ 73.1583523, 28.1694328, 0.0 ] ], [ [ 73.1582963, 28.1694321, 0.0 ], [ 73.1583195, 28.1694324, 0.0 ], [ 73.1583143, 28.1697356, 0.0 ], [ 73.1582912, 28.1697353, 0.0 ], [ 73.1582963, 28.1694321, 0.0 ] ], [ [ 73.158347, 28.1697445, 0.0 ], [ 73.1583701, 28.1697448, 0.0 ], [ 73.1583649, 28.1700481, 0.0 ], [ 73.1583418, 28.1700478, 0.0 ], [ 73.158347, 28.1697445, 0.0 ] ], [ [ 73.158291, 28.1697437, 0.0 ], [ 73.1583141, 28.1697441, 0.0 ], [ 73.1583089, 28.1700473, 0.0 ], [ 73.1582858, 28.170047, 0.0 ], [ 73.158291, 28.1697437, 0.0 ] ], [ [ 73.1582403, 28.1694313, 0.0 ], [ 73.1582635, 28.1694316, 0.0 ], [ 73.1582583, 28.1697349, 0.0 ], [ 73.1582352, 28.1697346, 0.0 ], [ 73.1582403, 28.1694313, 0.0 ] ], [ [ 73.1581844, 28.1694306, 0.0 ], [ 73.1582075, 28.1694309, 0.0 ], [ 73.1582023, 28.1697341, 0.0 ], [ 73.1581792, 28.1697338, 0.0 ], [ 73.1581844, 28.1694306, 0.0 ] ], [ [ 73.158235, 28.169743, 0.0 ], [ 73.1582581, 28.1697433, 0.0 ], [ 73.1582529, 28.1700466, 0.0 ], [ 73.1582298, 28.1700463, 0.0 ], [ 73.158235, 28.169743, 0.0 ] ], [ [ 73.158179, 28.1697422, 0.0 ], [ 73.1582021, 28.1697426, 0.0 ], [ 73.1581969, 28.1700458, 0.0 ], [ 73.1581738, 28.1700455, 0.0 ], [ 73.158179, 28.1697422, 0.0 ] ], [ [ 73.1581284, 28.1694298, 0.0 ], [ 73.1581515, 28.1694301, 0.0 ], [ 73.1581463, 28.1697334, 0.0 ], [ 73.1581232, 28.1697331, 0.0 ], [ 73.1581284, 28.1694298, 0.0 ] ], [ [ 73.1580724, 28.169429, 0.0 ], [ 73.1580955, 28.1694294, 0.0 ], [ 73.1580903, 28.1697326, 0.0 ], [ 73.1580672, 28.1697323, 0.0 ], [ 73.1580724, 28.169429, 0.0 ] ], [ [ 73.158123, 28.1697415, 0.0 ], [ 73.1581461, 28.1697418, 0.0 ], [ 73.158141, 28.1700451, 0.0 ], [ 73.1581178, 28.1700448, 0.0 ], [ 73.158123, 28.1697415, 0.0 ] ], [ [ 73.158067, 28.1697407, 0.0 ], [ 73.1580901, 28.169741, 0.0 ], [ 73.158085, 28.1700443, 0.0 ], [ 73.1580618, 28.170044, 0.0 ], [ 73.158067, 28.1697407, 0.0 ] ], [ [ 73.1580164, 28.1694283, 0.0 ], [ 73.1580395, 28.1694286, 0.0 ], [ 73.1580343, 28.1697319, 0.0 ], [ 73.1580112, 28.1697316, 0.0 ], [ 73.1580164, 28.1694283, 0.0 ] ], [ [ 73.1579604, 28.1694275, 0.0 ], [ 73.1579835, 28.1694279, 0.0 ], [ 73.1579783, 28.1697311, 0.0 ], [ 73.1579552, 28.1697308, 0.0 ], [ 73.1579604, 28.1694275, 0.0 ] ], [ [ 73.158011, 28.16974, 0.0 ], [ 73.1580342, 28.1697403, 0.0 ], [ 73.158029, 28.1700436, 0.0 ], [ 73.1580058, 28.1700433, 0.0 ], [ 73.158011, 28.16974, 0.0 ] ], [ [ 73.157955, 28.1697392, 0.0 ], [ 73.1579782, 28.1697395, 0.0 ], [ 73.157973, 28.1700428, 0.0 ], [ 73.1579498, 28.1700425, 0.0 ], [ 73.157955, 28.1697392, 0.0 ] ], [ [ 73.1579044, 28.1694268, 0.0 ], [ 73.1579275, 28.1694271, 0.0 ], [ 73.1579223, 28.1697304, 0.0 ], [ 73.1578992, 28.1697301, 0.0 ], [ 73.1579044, 28.1694268, 0.0 ] ], [ [ 73.1578484, 28.169426, 0.0 ], [ 73.1578715, 28.1694263, 0.0 ], [ 73.1578663, 28.1697296, 0.0 ], [ 73.1578432, 28.1697293, 0.0 ], [ 73.1578484, 28.169426, 0.0 ] ], [ [ 73.157899, 28.1697385, 0.0 ], [ 73.1579222, 28.1697388, 0.0 ], [ 73.157917, 28.1700421, 0.0 ], [ 73.1578938, 28.1700417, 0.0 ], [ 73.157899, 28.1697385, 0.0 ] ], [ [ 73.157843, 28.1697377, 0.0 ], [ 73.1578662, 28.169738, 0.0 ], [ 73.157861, 28.1700413, 0.0 ], [ 73.1578378, 28.170041, 0.0 ], [ 73.157843, 28.1697377, 0.0 ] ], [ [ 73.1577924, 28.1694253, 0.0 ], [ 73.1578155, 28.1694256, 0.0 ], [ 73.1578103, 28.1697289, 0.0 ], [ 73.1577872, 28.1697286, 0.0 ], [ 73.1577924, 28.1694253, 0.0 ] ], [ [ 73.1577364, 28.1694245, 0.0 ], [ 73.1577595, 28.1694248, 0.0 ], [ 73.1577543, 28.1697281, 0.0 ], [ 73.1577312, 28.1697278, 0.0 ], [ 73.1577364, 28.1694245, 0.0 ] ], [ [ 73.157787, 28.169737, 0.0 ], [ 73.1578102, 28.1697373, 0.0 ], [ 73.157805, 28.1700405, 0.0 ], [ 73.1577818, 28.1700402, 0.0 ], [ 73.157787, 28.169737, 0.0 ] ], [ [ 73.157731, 28.1697362, 0.0 ], [ 73.1577542, 28.1697365, 0.0 ], [ 73.157749, 28.1700398, 0.0 ], [ 73.1577258, 28.1700395, 0.0 ], [ 73.157731, 28.1697362, 0.0 ] ], [ [ 73.1576804, 28.1694238, 0.0 ], [ 73.1577035, 28.1694241, 0.0 ], [ 73.1576983, 28.1697274, 0.0 ], [ 73.1576752, 28.169727, 0.0 ], [ 73.1576804, 28.1694238, 0.0 ] ], [ [ 73.1576244, 28.169423, 0.0 ], [ 73.1576475, 28.1694233, 0.0 ], [ 73.1576423, 28.1697266, 0.0 ], [ 73.1576192, 28.1697263, 0.0 ], [ 73.1576244, 28.169423, 0.0 ] ], [ [ 73.157675, 28.1697355, 0.0 ], [ 73.1576982, 28.1697358, 0.0 ], [ 73.157693, 28.170039, 0.0 ], [ 73.1576698, 28.1700387, 0.0 ], [ 73.157675, 28.1697355, 0.0 ] ], [ [ 73.157619, 28.1697347, 0.0 ], [ 73.1576422, 28.169735, 0.0 ], [ 73.157637, 28.1700383, 0.0 ], [ 73.1576138, 28.170038, 0.0 ], [ 73.157619, 28.1697347, 0.0 ] ], [ [ 73.1575684, 28.1694223, 0.0 ], [ 73.1575915, 28.1694226, 0.0 ], [ 73.1575863, 28.1697258, 0.0 ], [ 73.1575632, 28.1697255, 0.0 ], [ 73.1575684, 28.1694223, 0.0 ] ], [ [ 73.1575124, 28.1694215, 0.0 ], [ 73.1575355, 28.1694218, 0.0 ], [ 73.1575303, 28.1697251, 0.0 ], [ 73.1575072, 28.1697248, 0.0 ], [ 73.1575124, 28.1694215, 0.0 ] ], [ [ 73.157563, 28.169734, 0.0 ], [ 73.1575862, 28.1697343, 0.0 ], [ 73.157581, 28.1700375, 0.0 ], [ 73.1575578, 28.1700372, 0.0 ], [ 73.157563, 28.169734, 0.0 ] ], [ [ 73.157507, 28.1697332, 0.0 ], [ 73.1575302, 28.1697335, 0.0 ], [ 73.157525, 28.1700368, 0.0 ], [ 73.1575018, 28.1700365, 0.0 ], [ 73.157507, 28.1697332, 0.0 ] ], [ [ 73.1574564, 28.1694208, 0.0 ], [ 73.1574795, 28.1694211, 0.0 ], [ 73.1574743, 28.1697243, 0.0 ], [ 73.1574512, 28.169724, 0.0 ], [ 73.1574564, 28.1694208, 0.0 ] ], [ [ 73.1574004, 28.16942, 0.0 ], [ 73.1574235, 28.1694203, 0.0 ], [ 73.1574183, 28.1697236, 0.0 ], [ 73.1573952, 28.1697233, 0.0 ], [ 73.1574004, 28.16942, 0.0 ] ], [ [ 73.157451, 28.1697324, 0.0 ], [ 73.1574742, 28.1697328, 0.0 ], [ 73.157469, 28.170036, 0.0 ], [ 73.1574458, 28.1700357, 0.0 ], [ 73.157451, 28.1697324, 0.0 ] ], [ [ 73.157395, 28.1697317, 0.0 ], [ 73.1574182, 28.169732, 0.0 ], [ 73.157413, 28.1700353, 0.0 ], [ 73.1573899, 28.170035, 0.0 ], [ 73.157395, 28.1697317, 0.0 ] ], [ [ 73.1573444, 28.1694193, 0.0 ], [ 73.1573675, 28.1694196, 0.0 ], [ 73.1573623, 28.1697228, 0.0 ], [ 73.1573392, 28.1697225, 0.0 ], [ 73.1573444, 28.1694193, 0.0 ] ], [ [ 73.1572884, 28.1694185, 0.0 ], [ 73.1573115, 28.1694188, 0.0 ], [ 73.1573063, 28.1697221, 0.0 ], [ 73.1572832, 28.1697218, 0.0 ], [ 73.1572884, 28.1694185, 0.0 ] ], [ [ 73.1573391, 28.1697309, 0.0 ], [ 73.1573622, 28.1697313, 0.0 ], [ 73.157357, 28.1700345, 0.0 ], [ 73.1573339, 28.1700342, 0.0 ], [ 73.1573391, 28.1697309, 0.0 ] ], [ [ 73.1572831, 28.1697302, 0.0 ], [ 73.1573062, 28.1697305, 0.0 ], [ 73.157301, 28.1700338, 0.0 ], [ 73.1572779, 28.1700335, 0.0 ], [ 73.1572831, 28.1697302, 0.0 ] ], [ [ 73.1572324, 28.1694177, 0.0 ], [ 73.1572555, 28.1694181, 0.0 ], [ 73.1572503, 28.1697213, 0.0 ], [ 73.1572272, 28.169721, 0.0 ], [ 73.1572324, 28.1694177, 0.0 ] ], [ [ 73.1571764, 28.169417, 0.0 ], [ 73.1571995, 28.1694173, 0.0 ], [ 73.1571943, 28.1697206, 0.0 ], [ 73.1571712, 28.1697203, 0.0 ], [ 73.1571764, 28.169417, 0.0 ] ], [ [ 73.1572271, 28.1697294, 0.0 ], [ 73.1572502, 28.1697297, 0.0 ], [ 73.157245, 28.170033, 0.0 ], [ 73.1572219, 28.1700327, 0.0 ], [ 73.1572271, 28.1697294, 0.0 ] ], [ [ 73.1571711, 28.1697287, 0.0 ], [ 73.1571942, 28.169729, 0.0 ], [ 73.157189, 28.1700323, 0.0 ], [ 73.1571659, 28.1700319, 0.0 ], [ 73.1571711, 28.1697287, 0.0 ] ], [ [ 73.1571204, 28.1694162, 0.0 ], [ 73.1571435, 28.1694165, 0.0 ], [ 73.1571383, 28.1697198, 0.0 ], [ 73.1571152, 28.1697195, 0.0 ], [ 73.1571204, 28.1694162, 0.0 ] ], [ [ 73.1570644, 28.1694155, 0.0 ], [ 73.1570875, 28.1694158, 0.0 ], [ 73.1570823, 28.1697191, 0.0 ], [ 73.1570592, 28.1697188, 0.0 ], [ 73.1570644, 28.1694155, 0.0 ] ], [ [ 73.1571151, 28.1697279, 0.0 ], [ 73.1571382, 28.1697282, 0.0 ], [ 73.157133, 28.1700315, 0.0 ], [ 73.1571099, 28.1700312, 0.0 ], [ 73.1571151, 28.1697279, 0.0 ] ], [ [ 73.1570591, 28.1697272, 0.0 ], [ 73.1570822, 28.1697275, 0.0 ], [ 73.157077, 28.1700308, 0.0 ], [ 73.1570539, 28.1700304, 0.0 ], [ 73.1570591, 28.1697272, 0.0 ] ], [ [ 73.1570084, 28.1694147, 0.0 ], [ 73.1570315, 28.169415, 0.0 ], [ 73.1570263, 28.1697183, 0.0 ], [ 73.1570032, 28.169718, 0.0 ], [ 73.1570084, 28.1694147, 0.0 ] ], [ [ 73.1569524, 28.169414, 0.0 ], [ 73.1569755, 28.1694143, 0.0 ], [ 73.1569703, 28.1697176, 0.0 ], [ 73.1569472, 28.1697172, 0.0 ], [ 73.1569524, 28.169414, 0.0 ] ], [ [ 73.1570031, 28.1697264, 0.0 ], [ 73.1570262, 28.1697267, 0.0 ], [ 73.157021, 28.17003, 0.0 ], [ 73.1569979, 28.1700297, 0.0 ], [ 73.1570031, 28.1697264, 0.0 ] ], [ [ 73.1569471, 28.1697257, 0.0 ], [ 73.1569702, 28.169726, 0.0 ], [ 73.156965, 28.1700292, 0.0 ], [ 73.1569419, 28.1700289, 0.0 ], [ 73.1569471, 28.1697257, 0.0 ] ], [ [ 73.1568964, 28.1694132, 0.0 ], [ 73.1569195, 28.1694135, 0.0 ], [ 73.1569144, 28.1697168, 0.0 ], [ 73.1568912, 28.1697165, 0.0 ], [ 73.1568964, 28.1694132, 0.0 ] ], [ [ 73.1568404, 28.1694125, 0.0 ], [ 73.1568636, 28.1694128, 0.0 ], [ 73.1568584, 28.169716, 0.0 ], [ 73.1568352, 28.1697157, 0.0 ], [ 73.1568404, 28.1694125, 0.0 ] ], [ [ 73.1568911, 28.1697249, 0.0 ], [ 73.1569142, 28.1697252, 0.0 ], [ 73.156909, 28.1700285, 0.0 ], [ 73.1568859, 28.1700282, 0.0 ], [ 73.1568911, 28.1697249, 0.0 ] ], [ [ 73.1568351, 28.1697242, 0.0 ], [ 73.1568582, 28.1697245, 0.0 ], [ 73.156853, 28.1700277, 0.0 ], [ 73.1568299, 28.1700274, 0.0 ], [ 73.1568351, 28.1697242, 0.0 ] ], [ [ 73.1567844, 28.1694117, 0.0 ], [ 73.1568076, 28.169412, 0.0 ], [ 73.1568024, 28.1697153, 0.0 ], [ 73.1567792, 28.169715, 0.0 ], [ 73.1567844, 28.1694117, 0.0 ] ], [ [ 73.1567284, 28.169411, 0.0 ], [ 73.1567516, 28.1694113, 0.0 ], [ 73.1567464, 28.1697145, 0.0 ], [ 73.1567232, 28.1697142, 0.0 ], [ 73.1567284, 28.169411, 0.0 ] ], [ [ 73.1567791, 28.1697234, 0.0 ], [ 73.1568022, 28.1697237, 0.0 ], [ 73.156797, 28.170027, 0.0 ], [ 73.1567739, 28.1700267, 0.0 ], [ 73.1567791, 28.1697234, 0.0 ] ], [ [ 73.1567231, 28.1697226, 0.0 ], [ 73.1567462, 28.169723, 0.0 ], [ 73.156741, 28.1700262, 0.0 ], [ 73.1567179, 28.1700259, 0.0 ], [ 73.1567231, 28.1697226, 0.0 ] ], [ [ 73.1566724, 28.1694102, 0.0 ], [ 73.1566956, 28.1694105, 0.0 ], [ 73.1566904, 28.1697138, 0.0 ], [ 73.1566672, 28.1697135, 0.0 ], [ 73.1566724, 28.1694102, 0.0 ] ], [ [ 73.1566164, 28.1694095, 0.0 ], [ 73.1566396, 28.1694098, 0.0 ], [ 73.1566344, 28.169713, 0.0 ], [ 73.1566112, 28.1697127, 0.0 ], [ 73.1566164, 28.1694095, 0.0 ] ], [ [ 73.1566671, 28.1697219, 0.0 ], [ 73.1566902, 28.1697222, 0.0 ], [ 73.156685, 28.1700255, 0.0 ], [ 73.1566619, 28.1700252, 0.0 ], [ 73.1566671, 28.1697219, 0.0 ] ], [ [ 73.1566111, 28.1697211, 0.0 ], [ 73.1566342, 28.1697215, 0.0 ], [ 73.156629, 28.1700247, 0.0 ], [ 73.1566059, 28.1700244, 0.0 ], [ 73.1566111, 28.1697211, 0.0 ] ], [ [ 73.1565604, 28.1694087, 0.0 ], [ 73.1565836, 28.169409, 0.0 ], [ 73.1565784, 28.1697123, 0.0 ], [ 73.1565552, 28.169712, 0.0 ], [ 73.1565604, 28.1694087, 0.0 ] ], [ [ 73.1565044, 28.1694079, 0.0 ], [ 73.1565276, 28.1694083, 0.0 ], [ 73.1565224, 28.1697115, 0.0 ], [ 73.1564992, 28.1697112, 0.0 ], [ 73.1565044, 28.1694079, 0.0 ] ], [ [ 73.1565551, 28.1697204, 0.0 ], [ 73.1565782, 28.1697207, 0.0 ], [ 73.156573, 28.170024, 0.0 ], [ 73.1565499, 28.1700237, 0.0 ], [ 73.1565551, 28.1697204, 0.0 ] ], [ [ 73.1564991, 28.1697196, 0.0 ], [ 73.1565222, 28.1697199, 0.0 ], [ 73.156517, 28.1700232, 0.0 ], [ 73.1564939, 28.1700229, 0.0 ], [ 73.1564991, 28.1697196, 0.0 ] ], [ [ 73.1564484, 28.1694072, 0.0 ], [ 73.1564716, 28.1694075, 0.0 ], [ 73.1564664, 28.1697108, 0.0 ], [ 73.1564432, 28.1697105, 0.0 ], [ 73.1564484, 28.1694072, 0.0 ] ], [ [ 73.1563924, 28.1694064, 0.0 ], [ 73.1564156, 28.1694067, 0.0 ], [ 73.1564104, 28.16971, 0.0 ], [ 73.1563872, 28.1697097, 0.0 ], [ 73.1563924, 28.1694064, 0.0 ] ], [ [ 73.1564431, 28.1697189, 0.0 ], [ 73.1564662, 28.1697192, 0.0 ], [ 73.156461, 28.1700225, 0.0 ], [ 73.1564379, 28.1700221, 0.0 ], [ 73.1564431, 28.1697189, 0.0 ] ], [ [ 73.1563871, 28.1697181, 0.0 ], [ 73.1564102, 28.1697184, 0.0 ], [ 73.156405, 28.1700217, 0.0 ], [ 73.1563819, 28.1700214, 0.0 ], [ 73.1563871, 28.1697181, 0.0 ] ], [ [ 73.1563364, 28.1694057, 0.0 ], [ 73.1563596, 28.169406, 0.0 ], [ 73.1563544, 28.1697093, 0.0 ], [ 73.1563312, 28.169709, 0.0 ], [ 73.1563364, 28.1694057, 0.0 ] ], [ [ 73.1562804, 28.1694049, 0.0 ], [ 73.1563036, 28.1694052, 0.0 ], [ 73.1562984, 28.1697085, 0.0 ], [ 73.1562752, 28.1697082, 0.0 ], [ 73.1562804, 28.1694049, 0.0 ] ], [ [ 73.1563311, 28.1697174, 0.0 ], [ 73.1563542, 28.1697177, 0.0 ], [ 73.156349, 28.170021, 0.0 ], [ 73.1563259, 28.1700206, 0.0 ], [ 73.1563311, 28.1697174, 0.0 ] ], [ [ 73.1562751, 28.1697166, 0.0 ], [ 73.1562982, 28.1697169, 0.0 ], [ 73.156293, 28.1700202, 0.0 ], [ 73.1562699, 28.1700199, 0.0 ], [ 73.1562751, 28.1697166, 0.0 ] ], [ [ 73.1562245, 28.1694042, 0.0 ], [ 73.1562476, 28.1694045, 0.0 ], [ 73.1562424, 28.1697078, 0.0 ], [ 73.1562193, 28.1697074, 0.0 ], [ 73.1562245, 28.1694042, 0.0 ] ], [ [ 73.1561685, 28.1694034, 0.0 ], [ 73.1561916, 28.1694037, 0.0 ], [ 73.1561864, 28.169707, 0.0 ], [ 73.1561633, 28.1697067, 0.0 ], [ 73.1561685, 28.1694034, 0.0 ] ], [ [ 73.1562191, 28.1697159, 0.0 ], [ 73.1562422, 28.1697162, 0.0 ], [ 73.156237, 28.1700194, 0.0 ], [ 73.1562139, 28.1700191, 0.0 ], [ 73.1562191, 28.1697159, 0.0 ] ], [ [ 73.1561631, 28.1697151, 0.0 ], [ 73.1561862, 28.1697154, 0.0 ], [ 73.156181, 28.1700187, 0.0 ], [ 73.1561579, 28.1700184, 0.0 ], [ 73.1561631, 28.1697151, 0.0 ] ], [ [ 73.1561125, 28.1694027, 0.0 ], [ 73.1561356, 28.169403, 0.0 ], [ 73.1561304, 28.1697062, 0.0 ], [ 73.1561073, 28.1697059, 0.0 ], [ 73.1561125, 28.1694027, 0.0 ] ], [ [ 73.1560565, 28.1694019, 0.0 ], [ 73.1560796, 28.1694022, 0.0 ], [ 73.1560744, 28.1697055, 0.0 ], [ 73.1560513, 28.1697052, 0.0 ], [ 73.1560565, 28.1694019, 0.0 ] ], [ [ 73.1561071, 28.1697144, 0.0 ], [ 73.1561302, 28.1697147, 0.0 ], [ 73.156125, 28.1700179, 0.0 ], [ 73.1561019, 28.1700176, 0.0 ], [ 73.1561071, 28.1697144, 0.0 ] ], [ [ 73.1560511, 28.1697136, 0.0 ], [ 73.1560742, 28.1697139, 0.0 ], [ 73.156069, 28.1700172, 0.0 ], [ 73.1560459, 28.1700169, 0.0 ], [ 73.1560511, 28.1697136, 0.0 ] ], [ [ 73.1560005, 28.1694012, 0.0 ], [ 73.1560236, 28.1694015, 0.0 ], [ 73.1560184, 28.1697047, 0.0 ], [ 73.1559953, 28.1697044, 0.0 ], [ 73.1560005, 28.1694012, 0.0 ] ], [ [ 73.1559445, 28.1694004, 0.0 ], [ 73.1559676, 28.1694007, 0.0 ], [ 73.1559624, 28.169704, 0.0 ], [ 73.1559393, 28.1697037, 0.0 ], [ 73.1559445, 28.1694004, 0.0 ] ], [ [ 73.1559951, 28.1697128, 0.0 ], [ 73.1560182, 28.1697132, 0.0 ], [ 73.156013, 28.1700164, 0.0 ], [ 73.1559899, 28.1700161, 0.0 ], [ 73.1559951, 28.1697128, 0.0 ] ], [ [ 73.1559391, 28.1697121, 0.0 ], [ 73.1559623, 28.1697124, 0.0 ], [ 73.1559571, 28.1700157, 0.0 ], [ 73.1559339, 28.1700154, 0.0 ], [ 73.1559391, 28.1697121, 0.0 ] ], [ [ 73.1558885, 28.1693996, 0.0 ], [ 73.1559116, 28.1694, 0.0 ], [ 73.1559064, 28.1697032, 0.0 ], [ 73.1558833, 28.1697029, 0.0 ], [ 73.1558885, 28.1693996, 0.0 ] ], [ [ 73.1558325, 28.1693989, 0.0 ], [ 73.1558556, 28.1693992, 0.0 ], [ 73.1558504, 28.1697025, 0.0 ], [ 73.1558273, 28.1697022, 0.0 ], [ 73.1558325, 28.1693989, 0.0 ] ], [ [ 73.1558831, 28.1697113, 0.0 ], [ 73.1559063, 28.1697116, 0.0 ], [ 73.1559011, 28.1700149, 0.0 ], [ 73.1558779, 28.1700146, 0.0 ], [ 73.1558831, 28.1697113, 0.0 ] ], [ [ 73.1558271, 28.1697106, 0.0 ], [ 73.1558503, 28.1697109, 0.0 ], [ 73.1558451, 28.1700142, 0.0 ], [ 73.1558219, 28.1700139, 0.0 ], [ 73.1558271, 28.1697106, 0.0 ] ], [ [ 73.1584749, 28.1688149, 0.0 ], [ 73.1584981, 28.1688152, 0.0 ], [ 73.1584929, 28.1691184, 0.0 ], [ 73.1584698, 28.1691181, 0.0 ], [ 73.1584749, 28.1688149, 0.0 ] ], [ [ 73.158419, 28.1688141, 0.0 ], [ 73.1584421, 28.1688144, 0.0 ], [ 73.1584369, 28.1691177, 0.0 ], [ 73.1584138, 28.1691174, 0.0 ], [ 73.158419, 28.1688141, 0.0 ] ], [ [ 73.1584696, 28.1691265, 0.0 ], [ 73.1584927, 28.1691269, 0.0 ], [ 73.1584875, 28.1694301, 0.0 ], [ 73.1584644, 28.1694298, 0.0 ], [ 73.1584696, 28.1691265, 0.0 ] ], [ [ 73.1584136, 28.1691258, 0.0 ], [ 73.1584367, 28.1691261, 0.0 ], [ 73.1584315, 28.1694294, 0.0 ], [ 73.1584084, 28.1694291, 0.0 ], [ 73.1584136, 28.1691258, 0.0 ] ], [ [ 73.158363, 28.1688133, 0.0 ], [ 73.1583861, 28.1688137, 0.0 ], [ 73.1583809, 28.1691169, 0.0 ], [ 73.1583578, 28.1691166, 0.0 ], [ 73.158363, 28.1688133, 0.0 ] ], [ [ 73.158307, 28.1688126, 0.0 ], [ 73.1583301, 28.1688129, 0.0 ], [ 73.1583249, 28.1691162, 0.0 ], [ 73.1583018, 28.1691159, 0.0 ], [ 73.158307, 28.1688126, 0.0 ] ], [ [ 73.1583576, 28.169125, 0.0 ], [ 73.1583807, 28.1691253, 0.0 ], [ 73.1583756, 28.1694286, 0.0 ], [ 73.1583524, 28.1694283, 0.0 ], [ 73.1583576, 28.169125, 0.0 ] ], [ [ 73.1583016, 28.1691243, 0.0 ], [ 73.1583247, 28.1691246, 0.0 ], [ 73.1583196, 28.1694279, 0.0 ], [ 73.1582964, 28.1694276, 0.0 ], [ 73.1583016, 28.1691243, 0.0 ] ], [ [ 73.158251, 28.1688118, 0.0 ], [ 73.1582741, 28.1688122, 0.0 ], [ 73.1582689, 28.1691154, 0.0 ], [ 73.1582458, 28.1691151, 0.0 ], [ 73.158251, 28.1688118, 0.0 ] ], [ [ 73.158195, 28.1688111, 0.0 ], [ 73.1582181, 28.1688114, 0.0 ], [ 73.1582129, 28.1691147, 0.0 ], [ 73.1581898, 28.1691144, 0.0 ], [ 73.158195, 28.1688111, 0.0 ] ], [ [ 73.1582456, 28.1691235, 0.0 ], [ 73.1582688, 28.1691238, 0.0 ], [ 73.1582636, 28.1694271, 0.0 ], [ 73.1582404, 28.1694268, 0.0 ], [ 73.1582456, 28.1691235, 0.0 ] ], [ [ 73.1581896, 28.1691228, 0.0 ], [ 73.1582128, 28.1691231, 0.0 ], [ 73.1582076, 28.1694264, 0.0 ], [ 73.1581844, 28.169426, 0.0 ], [ 73.1581896, 28.1691228, 0.0 ] ], [ [ 73.158139, 28.1688103, 0.0 ], [ 73.1581621, 28.1688106, 0.0 ], [ 73.1581569, 28.1691139, 0.0 ], [ 73.1581338, 28.1691136, 0.0 ], [ 73.158139, 28.1688103, 0.0 ] ], [ [ 73.158083, 28.1688096, 0.0 ], [ 73.1581061, 28.1688099, 0.0 ], [ 73.1581009, 28.1691132, 0.0 ], [ 73.1580778, 28.1691128, 0.0 ], [ 73.158083, 28.1688096, 0.0 ] ], [ [ 73.1581336, 28.169122, 0.0 ], [ 73.1581568, 28.1691223, 0.0 ], [ 73.1581516, 28.1694256, 0.0 ], [ 73.1581284, 28.1694253, 0.0 ], [ 73.1581336, 28.169122, 0.0 ] ], [ [ 73.1580776, 28.1691213, 0.0 ], [ 73.1581008, 28.1691216, 0.0 ], [ 73.1580956, 28.1694248, 0.0 ], [ 73.1580724, 28.1694245, 0.0 ], [ 73.1580776, 28.1691213, 0.0 ] ], [ [ 73.158027, 28.1688088, 0.0 ], [ 73.1580501, 28.1688091, 0.0 ], [ 73.1580449, 28.1691124, 0.0 ], [ 73.1580218, 28.1691121, 0.0 ], [ 73.158027, 28.1688088, 0.0 ] ], [ [ 73.157971, 28.1688081, 0.0 ], [ 73.1579941, 28.1688084, 0.0 ], [ 73.1579889, 28.1691117, 0.0 ], [ 73.1579658, 28.1691113, 0.0 ], [ 73.157971, 28.1688081, 0.0 ] ], [ [ 73.1580216, 28.1691205, 0.0 ], [ 73.1580448, 28.1691208, 0.0 ], [ 73.1580396, 28.1694241, 0.0 ], [ 73.1580164, 28.1694238, 0.0 ], [ 73.1580216, 28.1691205, 0.0 ] ], [ [ 73.1579656, 28.1691198, 0.0 ], [ 73.1579888, 28.1691201, 0.0 ], [ 73.1579836, 28.1694233, 0.0 ], [ 73.1579604, 28.169423, 0.0 ], [ 73.1579656, 28.1691198, 0.0 ] ], [ [ 73.157915, 28.1688073, 0.0 ], [ 73.1579381, 28.1688076, 0.0 ], [ 73.1579329, 28.1691109, 0.0 ], [ 73.1579098, 28.1691106, 0.0 ], [ 73.157915, 28.1688073, 0.0 ] ], [ [ 73.157859, 28.1688066, 0.0 ], [ 73.1578821, 28.1688069, 0.0 ], [ 73.1578769, 28.1691101, 0.0 ], [ 73.1578538, 28.1691098, 0.0 ], [ 73.157859, 28.1688066, 0.0 ] ], [ [ 73.1579096, 28.169119, 0.0 ], [ 73.1579328, 28.1691193, 0.0 ], [ 73.1579276, 28.1694226, 0.0 ], [ 73.1579044, 28.1694223, 0.0 ], [ 73.1579096, 28.169119, 0.0 ] ], [ [ 73.1578536, 28.1691183, 0.0 ], [ 73.1578768, 28.1691186, 0.0 ], [ 73.1578716, 28.1694218, 0.0 ], [ 73.1578484, 28.1694215, 0.0 ], [ 73.1578536, 28.1691183, 0.0 ] ], [ [ 73.157803, 28.1688058, 0.0 ], [ 73.1578261, 28.1688061, 0.0 ], [ 73.1578209, 28.1691094, 0.0 ], [ 73.1577978, 28.1691091, 0.0 ], [ 73.157803, 28.1688058, 0.0 ] ], [ [ 73.157747, 28.1688051, 0.0 ], [ 73.1577701, 28.1688054, 0.0 ], [ 73.1577649, 28.1691086, 0.0 ], [ 73.1577418, 28.1691083, 0.0 ], [ 73.157747, 28.1688051, 0.0 ] ], [ [ 73.1577976, 28.1691175, 0.0 ], [ 73.1578208, 28.1691178, 0.0 ], [ 73.1578156, 28.1694211, 0.0 ], [ 73.1577924, 28.1694208, 0.0 ], [ 73.1577976, 28.1691175, 0.0 ] ], [ [ 73.1577416, 28.1691167, 0.0 ], [ 73.1577648, 28.1691171, 0.0 ], [ 73.1577596, 28.1694203, 0.0 ], [ 73.1577365, 28.16942, 0.0 ], [ 73.1577416, 28.1691167, 0.0 ] ], [ [ 73.157691, 28.1688043, 0.0 ], [ 73.1577141, 28.1688046, 0.0 ], [ 73.1577089, 28.1691079, 0.0 ], [ 73.1576858, 28.1691076, 0.0 ], [ 73.157691, 28.1688043, 0.0 ] ], [ [ 73.157635, 28.1688036, 0.0 ], [ 73.1576581, 28.1688039, 0.0 ], [ 73.1576529, 28.1691071, 0.0 ], [ 73.1576298, 28.1691068, 0.0 ], [ 73.157635, 28.1688036, 0.0 ] ], [ [ 73.1576857, 28.169116, 0.0 ], [ 73.1577088, 28.1691163, 0.0 ], [ 73.1577036, 28.1694196, 0.0 ], [ 73.1576805, 28.1694193, 0.0 ], [ 73.1576857, 28.169116, 0.0 ] ], [ [ 73.1576297, 28.1691152, 0.0 ], [ 73.1576528, 28.1691156, 0.0 ], [ 73.1576476, 28.1694188, 0.0 ], [ 73.1576245, 28.1694185, 0.0 ], [ 73.1576297, 28.1691152, 0.0 ] ], [ [ 73.157579, 28.1688028, 0.0 ], [ 73.1576021, 28.1688031, 0.0 ], [ 73.1575969, 28.1691064, 0.0 ], [ 73.1575738, 28.1691061, 0.0 ], [ 73.157579, 28.1688028, 0.0 ] ], [ [ 73.157523, 28.168802, 0.0 ], [ 73.1575461, 28.1688024, 0.0 ], [ 73.1575409, 28.1691056, 0.0 ], [ 73.1575178, 28.1691053, 0.0 ], [ 73.157523, 28.168802, 0.0 ] ], [ [ 73.1575737, 28.1691145, 0.0 ], [ 73.1575968, 28.1691148, 0.0 ], [ 73.1575916, 28.1694181, 0.0 ], [ 73.1575685, 28.1694178, 0.0 ], [ 73.1575737, 28.1691145, 0.0 ] ], [ [ 73.1575177, 28.1691137, 0.0 ], [ 73.1575408, 28.169114, 0.0 ], [ 73.1575356, 28.1694173, 0.0 ], [ 73.1575125, 28.169417, 0.0 ], [ 73.1575177, 28.1691137, 0.0 ] ], [ [ 73.157467, 28.1688013, 0.0 ], [ 73.1574901, 28.1688016, 0.0 ], [ 73.1574849, 28.1691049, 0.0 ], [ 73.1574618, 28.1691046, 0.0 ], [ 73.157467, 28.1688013, 0.0 ] ], [ [ 73.157411, 28.1688005, 0.0 ], [ 73.1574341, 28.1688008, 0.0 ], [ 73.1574289, 28.1691041, 0.0 ], [ 73.1574058, 28.1691038, 0.0 ], [ 73.157411, 28.1688005, 0.0 ] ], [ [ 73.1574617, 28.169113, 0.0 ], [ 73.1574848, 28.1691133, 0.0 ], [ 73.1574796, 28.1694166, 0.0 ], [ 73.1574565, 28.1694162, 0.0 ], [ 73.1574617, 28.169113, 0.0 ] ], [ [ 73.1574057, 28.1691122, 0.0 ], [ 73.1574288, 28.1691125, 0.0 ], [ 73.1574236, 28.1694158, 0.0 ], [ 73.1574005, 28.1694155, 0.0 ], [ 73.1574057, 28.1691122, 0.0 ] ], [ [ 73.157355, 28.1687998, 0.0 ], [ 73.1573781, 28.1688001, 0.0 ], [ 73.1573729, 28.1691034, 0.0 ], [ 73.1573498, 28.1691031, 0.0 ], [ 73.157355, 28.1687998, 0.0 ] ], [ [ 73.157299, 28.168799, 0.0 ], [ 73.1573221, 28.1687993, 0.0 ], [ 73.1573169, 28.1691026, 0.0 ], [ 73.1572938, 28.1691023, 0.0 ], [ 73.157299, 28.168799, 0.0 ] ], [ [ 73.1573497, 28.1691115, 0.0 ], [ 73.1573728, 28.1691118, 0.0 ], [ 73.1573676, 28.1694151, 0.0 ], [ 73.1573445, 28.1694147, 0.0 ], [ 73.1573497, 28.1691115, 0.0 ] ], [ [ 73.1572937, 28.1691107, 0.0 ], [ 73.1573168, 28.169111, 0.0 ], [ 73.1573116, 28.1694143, 0.0 ], [ 73.1572885, 28.169414, 0.0 ], [ 73.1572937, 28.1691107, 0.0 ] ], [ [ 73.157243, 28.1687983, 0.0 ], [ 73.1572661, 28.1687986, 0.0 ], [ 73.157261, 28.1691019, 0.0 ], [ 73.1572378, 28.1691015, 0.0 ], [ 73.157243, 28.1687983, 0.0 ] ], [ [ 73.157187, 28.1687975, 0.0 ], [ 73.1572102, 28.1687978, 0.0 ], [ 73.157205, 28.1691011, 0.0 ], [ 73.1571818, 28.1691008, 0.0 ], [ 73.157187, 28.1687975, 0.0 ] ], [ [ 73.1572377, 28.16911, 0.0 ], [ 73.1572608, 28.1691103, 0.0 ], [ 73.1572556, 28.1694135, 0.0 ], [ 73.1572325, 28.1694132, 0.0 ], [ 73.1572377, 28.16911, 0.0 ] ], [ [ 73.1571817, 28.1691092, 0.0 ], [ 73.1572048, 28.1691095, 0.0 ], [ 73.1571996, 28.1694128, 0.0 ], [ 73.1571765, 28.1694125, 0.0 ], [ 73.1571817, 28.1691092, 0.0 ] ], [ [ 73.157131, 28.1687968, 0.0 ], [ 73.1571542, 28.1687971, 0.0 ], [ 73.157149, 28.1691004, 0.0 ], [ 73.1571258, 28.1691, 0.0 ], [ 73.157131, 28.1687968, 0.0 ] ], [ [ 73.157075, 28.168796, 0.0 ], [ 73.1570982, 28.1687963, 0.0 ], [ 73.157093, 28.1690996, 0.0 ], [ 73.1570698, 28.1690993, 0.0 ], [ 73.157075, 28.168796, 0.0 ] ], [ [ 73.1571257, 28.1691085, 0.0 ], [ 73.1571488, 28.1691088, 0.0 ], [ 73.1571436, 28.169412, 0.0 ], [ 73.1571205, 28.1694117, 0.0 ], [ 73.1571257, 28.1691085, 0.0 ] ], [ [ 73.1570697, 28.1691077, 0.0 ], [ 73.1570928, 28.169108, 0.0 ], [ 73.1570876, 28.1694113, 0.0 ], [ 73.1570645, 28.169411, 0.0 ], [ 73.1570697, 28.1691077, 0.0 ] ], [ [ 73.157019, 28.1687953, 0.0 ], [ 73.1570422, 28.1687956, 0.0 ], [ 73.157037, 28.1690988, 0.0 ], [ 73.1570138, 28.1690985, 0.0 ], [ 73.157019, 28.1687953, 0.0 ] ], [ [ 73.156963, 28.1687945, 0.0 ], [ 73.1569862, 28.1687948, 0.0 ], [ 73.156981, 28.1690981, 0.0 ], [ 73.1569578, 28.1690978, 0.0 ], [ 73.156963, 28.1687945, 0.0 ] ], [ [ 73.1570137, 28.1691069, 0.0 ], [ 73.1570368, 28.1691073, 0.0 ], [ 73.1570316, 28.1694105, 0.0 ], [ 73.1570085, 28.1694102, 0.0 ], [ 73.1570137, 28.1691069, 0.0 ] ], [ [ 73.1569577, 28.1691062, 0.0 ], [ 73.1569808, 28.1691065, 0.0 ], [ 73.1569756, 28.1694098, 0.0 ], [ 73.1569525, 28.1694095, 0.0 ], [ 73.1569577, 28.1691062, 0.0 ] ], [ [ 73.156907, 28.1687938, 0.0 ], [ 73.1569302, 28.1687941, 0.0 ], [ 73.156925, 28.1690973, 0.0 ], [ 73.1569018, 28.169097, 0.0 ], [ 73.156907, 28.1687938, 0.0 ] ], [ [ 73.156851, 28.168793, 0.0 ], [ 73.1568742, 28.1687933, 0.0 ], [ 73.156869, 28.1690966, 0.0 ], [ 73.1568458, 28.1690963, 0.0 ], [ 73.156851, 28.168793, 0.0 ] ], [ [ 73.1569017, 28.1691054, 0.0 ], [ 73.1569248, 28.1691058, 0.0 ], [ 73.1569196, 28.169409, 0.0 ], [ 73.1568965, 28.1694087, 0.0 ], [ 73.1569017, 28.1691054, 0.0 ] ], [ [ 73.1568457, 28.1691047, 0.0 ], [ 73.1568688, 28.169105, 0.0 ], [ 73.1568636, 28.1694083, 0.0 ], [ 73.1568405, 28.169408, 0.0 ], [ 73.1568457, 28.1691047, 0.0 ] ], [ [ 73.156795, 28.1687922, 0.0 ], [ 73.1568182, 28.1687926, 0.0 ], [ 73.156813, 28.1690958, 0.0 ], [ 73.1567898, 28.1690955, 0.0 ], [ 73.156795, 28.1687922, 0.0 ] ], [ [ 73.156739, 28.1687915, 0.0 ], [ 73.1567622, 28.1687918, 0.0 ], [ 73.156757, 28.1690951, 0.0 ], [ 73.1567338, 28.1690948, 0.0 ], [ 73.156739, 28.1687915, 0.0 ] ], [ [ 73.1567897, 28.1691039, 0.0 ], [ 73.1568128, 28.1691042, 0.0 ], [ 73.1568076, 28.1694075, 0.0 ], [ 73.1567845, 28.1694072, 0.0 ], [ 73.1567897, 28.1691039, 0.0 ] ], [ [ 73.1567337, 28.1691032, 0.0 ], [ 73.1567568, 28.1691035, 0.0 ], [ 73.1567516, 28.1694068, 0.0 ], [ 73.1567285, 28.1694064, 0.0 ], [ 73.1567337, 28.1691032, 0.0 ] ], [ [ 73.156683, 28.1687907, 0.0 ], [ 73.1567062, 28.1687911, 0.0 ], [ 73.156701, 28.1690943, 0.0 ], [ 73.1566779, 28.169094, 0.0 ], [ 73.156683, 28.1687907, 0.0 ] ], [ [ 73.1566271, 28.16879, 0.0 ], [ 73.1566502, 28.1687903, 0.0 ], [ 73.156645, 28.1690936, 0.0 ], [ 73.1566219, 28.1690933, 0.0 ], [ 73.1566271, 28.16879, 0.0 ] ], [ [ 73.1566777, 28.1691024, 0.0 ], [ 73.1567008, 28.1691027, 0.0 ], [ 73.1566956, 28.169406, 0.0 ], [ 73.1566725, 28.1694057, 0.0 ], [ 73.1566777, 28.1691024, 0.0 ] ], [ [ 73.1566217, 28.1691017, 0.0 ], [ 73.1566448, 28.169102, 0.0 ], [ 73.1566396, 28.1694053, 0.0 ], [ 73.1566165, 28.1694049, 0.0 ], [ 73.1566217, 28.1691017, 0.0 ] ], [ [ 73.1565711, 28.1687892, 0.0 ], [ 73.1565942, 28.1687895, 0.0 ], [ 73.156589, 28.1690928, 0.0 ], [ 73.1565659, 28.1690925, 0.0 ], [ 73.1565711, 28.1687892, 0.0 ] ], [ [ 73.1565151, 28.1687885, 0.0 ], [ 73.1565382, 28.1687888, 0.0 ], [ 73.156533, 28.1690921, 0.0 ], [ 73.1565099, 28.1690917, 0.0 ], [ 73.1565151, 28.1687885, 0.0 ] ], [ [ 73.1565657, 28.1691009, 0.0 ], [ 73.1565888, 28.1691012, 0.0 ], [ 73.1565836, 28.1694045, 0.0 ], [ 73.1565605, 28.1694042, 0.0 ], [ 73.1565657, 28.1691009, 0.0 ] ], [ [ 73.1565097, 28.1691002, 0.0 ], [ 73.1565328, 28.1691005, 0.0 ], [ 73.1565276, 28.1694037, 0.0 ], [ 73.1565045, 28.1694034, 0.0 ], [ 73.1565097, 28.1691002, 0.0 ] ], [ [ 73.1564591, 28.1687877, 0.0 ], [ 73.1564822, 28.168788, 0.0 ], [ 73.156477, 28.1690913, 0.0 ], [ 73.1564539, 28.169091, 0.0 ], [ 73.1564591, 28.1687877, 0.0 ] ], [ [ 73.1564031, 28.168787, 0.0 ], [ 73.1564262, 28.1687873, 0.0 ], [ 73.156421, 28.1690905, 0.0 ], [ 73.1563979, 28.1690902, 0.0 ], [ 73.1564031, 28.168787, 0.0 ] ], [ [ 73.1564537, 28.1690994, 0.0 ], [ 73.1564768, 28.1690997, 0.0 ], [ 73.1564716, 28.169403, 0.0 ], [ 73.1564485, 28.1694027, 0.0 ], [ 73.1564537, 28.1690994, 0.0 ] ], [ [ 73.1563977, 28.1690987, 0.0 ], [ 73.1564209, 28.169099, 0.0 ], [ 73.1564157, 28.1694022, 0.0 ], [ 73.1563925, 28.1694019, 0.0 ], [ 73.1563977, 28.1690987, 0.0 ] ], [ [ 73.1563471, 28.1687862, 0.0 ], [ 73.1563702, 28.1687865, 0.0 ], [ 73.156365, 28.1690898, 0.0 ], [ 73.1563419, 28.1690895, 0.0 ], [ 73.1563471, 28.1687862, 0.0 ] ], [ [ 73.1562911, 28.1687855, 0.0 ], [ 73.1563142, 28.1687858, 0.0 ], [ 73.156309, 28.169089, 0.0 ], [ 73.1562859, 28.1690887, 0.0 ], [ 73.1562911, 28.1687855, 0.0 ] ], [ [ 73.1563417, 28.1690979, 0.0 ], [ 73.1563649, 28.1690982, 0.0 ], [ 73.1563597, 28.1694015, 0.0 ], [ 73.1563365, 28.1694012, 0.0 ], [ 73.1563417, 28.1690979, 0.0 ] ], [ [ 73.1562857, 28.1690971, 0.0 ], [ 73.1563089, 28.1690975, 0.0 ], [ 73.1563037, 28.1694007, 0.0 ], [ 73.1562805, 28.1694004, 0.0 ], [ 73.1562857, 28.1690971, 0.0 ] ], [ [ 73.1562351, 28.1687847, 0.0 ], [ 73.1562582, 28.168785, 0.0 ], [ 73.156253, 28.1690883, 0.0 ], [ 73.1562299, 28.169088, 0.0 ], [ 73.1562351, 28.1687847, 0.0 ] ], [ [ 73.1561791, 28.168784, 0.0 ], [ 73.1562022, 28.1687843, 0.0 ], [ 73.156197, 28.1690875, 0.0 ], [ 73.1561739, 28.1690872, 0.0 ], [ 73.1561791, 28.168784, 0.0 ] ], [ [ 73.1562297, 28.1690964, 0.0 ], [ 73.1562529, 28.1690967, 0.0 ], [ 73.1562477, 28.1694, 0.0 ], [ 73.1562245, 28.1693997, 0.0 ], [ 73.1562297, 28.1690964, 0.0 ] ], [ [ 73.1561737, 28.1690956, 0.0 ], [ 73.1561969, 28.169096, 0.0 ], [ 73.1561917, 28.1693992, 0.0 ], [ 73.1561685, 28.1693989, 0.0 ], [ 73.1561737, 28.1690956, 0.0 ] ], [ [ 73.1584856, 28.1681954, 0.0 ], [ 73.1585087, 28.1681957, 0.0 ], [ 73.1585035, 28.168499, 0.0 ], [ 73.1584804, 28.1684987, 0.0 ], [ 73.1584856, 28.1681954, 0.0 ] ], [ [ 73.1584296, 28.1681946, 0.0 ], [ 73.1584527, 28.1681949, 0.0 ], [ 73.1584475, 28.1684982, 0.0 ], [ 73.1584244, 28.1684979, 0.0 ], [ 73.1584296, 28.1681946, 0.0 ] ], [ [ 73.1584802, 28.1685071, 0.0 ], [ 73.1585034, 28.1685074, 0.0 ], [ 73.1584982, 28.1688107, 0.0 ], [ 73.158475, 28.1688103, 0.0 ], [ 73.1584802, 28.1685071, 0.0 ] ], [ [ 73.1584242, 28.1685063, 0.0 ], [ 73.1584474, 28.1685066, 0.0 ], [ 73.1584422, 28.1688099, 0.0 ], [ 73.158419, 28.1688096, 0.0 ], [ 73.1584242, 28.1685063, 0.0 ] ], [ [ 73.1583736, 28.1681939, 0.0 ], [ 73.1583967, 28.1681942, 0.0 ], [ 73.1583915, 28.1684975, 0.0 ], [ 73.1583684, 28.1684971, 0.0 ], [ 73.1583736, 28.1681939, 0.0 ] ], [ [ 73.1583176, 28.1681931, 0.0 ], [ 73.1583407, 28.1681934, 0.0 ], [ 73.1583355, 28.1684967, 0.0 ], [ 73.1583124, 28.1684964, 0.0 ], [ 73.1583176, 28.1681931, 0.0 ] ], [ [ 73.1583682, 28.1685056, 0.0 ], [ 73.1583914, 28.1685059, 0.0 ], [ 73.1583862, 28.1688091, 0.0 ], [ 73.158363, 28.1688088, 0.0 ], [ 73.1583682, 28.1685056, 0.0 ] ], [ [ 73.1583122, 28.1685048, 0.0 ], [ 73.1583354, 28.1685051, 0.0 ], [ 73.1583302, 28.1688084, 0.0 ], [ 73.158307, 28.1688081, 0.0 ], [ 73.1583122, 28.1685048, 0.0 ] ], [ [ 73.1582616, 28.1681924, 0.0 ], [ 73.1582847, 28.1681927, 0.0 ], [ 73.1582795, 28.168496, 0.0 ], [ 73.1582564, 28.1684956, 0.0 ], [ 73.1582616, 28.1681924, 0.0 ] ], [ [ 73.1582056, 28.1681916, 0.0 ], [ 73.1582287, 28.1681919, 0.0 ], [ 73.1582235, 28.1684952, 0.0 ], [ 73.1582004, 28.1684949, 0.0 ], [ 73.1582056, 28.1681916, 0.0 ] ], [ [ 73.1582562, 28.1685041, 0.0 ], [ 73.1582794, 28.1685044, 0.0 ], [ 73.1582742, 28.1688076, 0.0 ], [ 73.158251, 28.1688073, 0.0 ], [ 73.1582562, 28.1685041, 0.0 ] ], [ [ 73.1582002, 28.1685033, 0.0 ], [ 73.1582234, 28.1685036, 0.0 ], [ 73.1582182, 28.1688069, 0.0 ], [ 73.158195, 28.1688066, 0.0 ], [ 73.1582002, 28.1685033, 0.0 ] ], [ [ 73.1581496, 28.1681909, 0.0 ], [ 73.1581727, 28.1681912, 0.0 ], [ 73.1581675, 28.1684944, 0.0 ], [ 73.1581444, 28.1684941, 0.0 ], [ 73.1581496, 28.1681909, 0.0 ] ], [ [ 73.1580936, 28.1681901, 0.0 ], [ 73.1581167, 28.1681904, 0.0 ], [ 73.1581115, 28.1684937, 0.0 ], [ 73.1580884, 28.1684934, 0.0 ], [ 73.1580936, 28.1681901, 0.0 ] ], [ [ 73.1581442, 28.1685026, 0.0 ], [ 73.1581674, 28.1685029, 0.0 ], [ 73.1581622, 28.1688061, 0.0 ], [ 73.158139, 28.1688058, 0.0 ], [ 73.1581442, 28.1685026, 0.0 ] ], [ [ 73.1580882, 28.1685018, 0.0 ], [ 73.1581114, 28.1685021, 0.0 ], [ 73.1581062, 28.1688054, 0.0 ], [ 73.158083, 28.1688051, 0.0 ], [ 73.1580882, 28.1685018, 0.0 ] ] ] } }
]
}
