{
"type": "FeatureCollection",
"name": "ITC-8 strings",
"bbox": [ 73.1467133, 28.1461397, 0.0000000, 73.1547591, 28.1533978, 0.0000000 ],                                                  
"features": [
{ "type": "Feature", "properties": { "id": "kml_41", "Name": "EDGE TRACKERS", "description": null, "timestamp": null, "begin": null, "end": null, "altitudeMode": null, "tessellate": -1, "extrude": 0, "visibility": -1, "drawOrder": null, "icon": null }, "bbox": [ 73.1467346, 28.1461397, 0.0, 73.1547591, 28.1533978, 0.0 ], "geometry": { "type": "MultiLineString", "coordinates": [ [ [ 73.1512224, 28.1475949, 0.0 ], [ 73.1512455, 28.1475953, 0.0 ], [ 73.1512403, 28.1478985, 0.0 ], [ 73.1512172, 28.1478982, 0.0 ], [ 73.1512224, 28.1475949, 0.0 ] ], [ [ 73.1511664, 28.1475942, 0.0 ], [ 73.1511895, 28.1475945, 0.0 ], [ 73.1511843, 28.1478978, 0.0 ], [ 73.1511612, 28.1478975, 0.0 ], [ 73.1511664, 28.1475942, 0.0 ] ], [ [ 73.151217, 28.1479066, 0.0 ], [ 73.1512402, 28.1479069, 0.0 ], [ 73.1512349, 28.1482102, 0.0 ], [ 73.1512118, 28.1482099, 0.0 ], [ 73.151217, 28.1479066, 0.0 ] ], [ [ 73.151161, 28.1479059, 0.0 ], [ 73.1511842, 28.1479062, 0.0 ], [ 73.151179, 28.1482095, 0.0 ], [ 73.1511558, 28.1482091, 0.0 ], [ 73.151161, 28.1479059, 0.0 ] ], [ [ 73.1507958, 28.14635, 0.0 ], [ 73.1508189, 28.1463503, 0.0 ], [ 73.1508137, 28.1466535, 0.0 ], [ 73.1507906, 28.1466532, 0.0 ], [ 73.1507958, 28.14635, 0.0 ] ], [ [ 73.1507398, 28.1463492, 0.0 ], [ 73.1507629, 28.1463495, 0.0 ], [ 73.1507577, 28.1466528, 0.0 ], [ 73.1507346, 28.1466525, 0.0 ], [ 73.1507398, 28.1463492, 0.0 ] ], [ [ 73.1507904, 28.1466617, 0.0 ], [ 73.1508136, 28.146662, 0.0 ], [ 73.1508083, 28.1469652, 0.0 ], [ 73.1507852, 28.1469649, 0.0 ], [ 73.1507904, 28.1466617, 0.0 ] ], [ [ 73.1507344, 28.1466609, 0.0 ], [ 73.1507576, 28.1466612, 0.0 ], [ 73.1507524, 28.1469645, 0.0 ], [ 73.1507292, 28.1469642, 0.0 ], [ 73.1507344, 28.1466609, 0.0 ] ], [ [ 73.1496262, 28.1492378, 0.0 ], [ 73.1496493, 28.1492381, 0.0 ], [ 73.1496441, 28.1495414, 0.0 ], [ 73.149621, 28.1495411, 0.0 ], [ 73.1496262, 28.1492378, 0.0 ] ], [ [ 73.1495702, 28.149237, 0.0 ], [ 73.1495933, 28.1492373, 0.0 ], [ 73.1495881, 28.1495406, 0.0 ], [ 73.149565, 28.1495403, 0.0 ], [ 73.1495702, 28.149237, 0.0 ] ], [ [ 73.1496208, 28.1495495, 0.0 ], [ 73.1496439, 28.1495498, 0.0 ], [ 73.1496387, 28.1498531, 0.0 ], [ 73.1496156, 28.1498527, 0.0 ], [ 73.1496208, 28.1495495, 0.0 ] ], [ [ 73.1495648, 28.1495487, 0.0 ], [ 73.149588, 28.149549, 0.0 ], [ 73.1495827, 28.1498523, 0.0 ], [ 73.1495596, 28.149852, 0.0 ], [ 73.1495648, 28.1495487, 0.0 ] ], [ [ 73.1538213, 28.1527825, 0.0 ], [ 73.1538444, 28.1527828, 0.0 ], [ 73.1538392, 28.1530861, 0.0 ], [ 73.1538161, 28.1530858, 0.0 ], [ 73.1538213, 28.1527825, 0.0 ] ], [ [ 73.1537653, 28.1527817, 0.0 ], [ 73.1537884, 28.1527821, 0.0 ], [ 73.1537832, 28.1530853, 0.0 ], [ 73.1537601, 28.153085, 0.0 ], [ 73.1537653, 28.1527817, 0.0 ] ], [ [ 73.153816, 28.1530942, 0.0 ], [ 73.1538391, 28.1530945, 0.0 ], [ 73.1538339, 28.1533978, 0.0 ], [ 73.1538108, 28.1533975, 0.0 ], [ 73.153816, 28.1530942, 0.0 ] ], [ [ 73.15376, 28.1530934, 0.0 ], [ 73.1537831, 28.1530937, 0.0 ], [ 73.1537779, 28.153397, 0.0 ], [ 73.1537548, 28.1533967, 0.0 ], [ 73.15376, 28.1530934, 0.0 ] ], [ [ 73.1515689, 28.14698, 0.0 ], [ 73.1515921, 28.1469803, 0.0 ], [ 73.1515869, 28.1472836, 0.0 ], [ 73.1515637, 28.1472833, 0.0 ], [ 73.1515689, 28.14698, 0.0 ] ], [ [ 73.1515129, 28.1469793, 0.0 ], [ 73.1515361, 28.1469796, 0.0 ], [ 73.1515309, 28.1472828, 0.0 ], [ 73.1515077, 28.1472825, 0.0 ], [ 73.1515129, 28.1469793, 0.0 ] ], [ [ 73.1515636, 28.1472917, 0.0 ], [ 73.1515867, 28.147292, 0.0 ], [ 73.1515815, 28.1475953, 0.0 ], [ 73.1515584, 28.147595, 0.0 ], [ 73.1515636, 28.1472917, 0.0 ] ], [ [ 73.1515076, 28.1472909, 0.0 ], [ 73.1515307, 28.1472913, 0.0 ], [ 73.1515255, 28.1475945, 0.0 ], [ 73.1515024, 28.1475942, 0.0 ], [ 73.1515076, 28.1472909, 0.0 ] ], [ [ 73.1485278, 28.1479837, 0.0 ], [ 73.1485509, 28.147984, 0.0 ], [ 73.1485457, 28.1482873, 0.0 ], [ 73.1485225, 28.148287, 0.0 ], [ 73.1485278, 28.1479837, 0.0 ] ], [ [ 73.1484718, 28.147983, 0.0 ], [ 73.1484949, 28.1479833, 0.0 ], [ 73.1484897, 28.1482865, 0.0 ], [ 73.1484666, 28.1482862, 0.0 ], [ 73.1484718, 28.147983, 0.0 ] ], [ [ 73.1485224, 28.1482954, 0.0 ], [ 73.1485455, 28.1482957, 0.0 ], [ 73.1485403, 28.148599, 0.0 ], [ 73.1485172, 28.1485987, 0.0 ], [ 73.1485224, 28.1482954, 0.0 ] ], [ [ 73.1484664, 28.1482947, 0.0 ], [ 73.1484895, 28.148295, 0.0 ], [ 73.1484843, 28.1485982, 0.0 ], [ 73.1484612, 28.1485979, 0.0 ], [ 73.1484664, 28.1482947, 0.0 ] ], [ [ 73.150522, 28.1492499, 0.0 ], [ 73.1505451, 28.1492502, 0.0 ], [ 73.1505399, 28.1495535, 0.0 ], [ 73.1505167, 28.1495532, 0.0 ], [ 73.150522, 28.1492499, 0.0 ] ], [ [ 73.150466, 28.1492491, 0.0 ], [ 73.1504891, 28.1492494, 0.0 ], [ 73.1504839, 28.1495527, 0.0 ], [ 73.1504608, 28.1495524, 0.0 ], [ 73.150466, 28.1492491, 0.0 ] ], [ [ 73.1505166, 28.1495616, 0.0 ], [ 73.1505397, 28.1495619, 0.0 ], [ 73.1505345, 28.1498652, 0.0 ], [ 73.1505114, 28.1498648, 0.0 ], [ 73.1505166, 28.1495616, 0.0 ] ], [ [ 73.1504606, 28.1495608, 0.0 ], [ 73.1504837, 28.1495611, 0.0 ], [ 73.1504785, 28.1498644, 0.0 ], [ 73.1504554, 28.1498641, 0.0 ], [ 73.1504606, 28.1495608, 0.0 ] ], [ [ 73.1505326, 28.1486304, 0.0 ], [ 73.1505557, 28.1486307, 0.0 ], [ 73.1505505, 28.148934, 0.0 ], [ 73.1505274, 28.1489337, 0.0 ], [ 73.1505326, 28.1486304, 0.0 ] ], [ [ 73.1504766, 28.1486297, 0.0 ], [ 73.1504997, 28.14863, 0.0 ], [ 73.1504945, 28.1489332, 0.0 ], [ 73.1504714, 28.1489329, 0.0 ], [ 73.1504766, 28.1486297, 0.0 ] ], [ [ 73.1505272, 28.1489421, 0.0 ], [ 73.1505504, 28.1489424, 0.0 ], [ 73.1505452, 28.1492457, 0.0 ], [ 73.150522, 28.1492454, 0.0 ], [ 73.1505272, 28.1489421, 0.0 ] ], [ [ 73.1504713, 28.1489413, 0.0 ], [ 73.1504944, 28.1489417, 0.0 ], [ 73.1504892, 28.1492449, 0.0 ], [ 73.150466, 28.1492446, 0.0 ], [ 73.1504713, 28.1489413, 0.0 ] ], [ [ 73.1481812, 28.1485986, 0.0 ], [ 73.1482043, 28.148599, 0.0 ], [ 73.1481991, 28.1489022, 0.0 ], [ 73.148176, 28.1489019, 0.0 ], [ 73.1481812, 28.1485986, 0.0 ] ], [ [ 73.1481252, 28.1485979, 0.0 ], [ 73.1481483, 28.1485982, 0.0 ], [ 73.1481431, 28.1489015, 0.0 ], [ 73.14812, 28.1489012, 0.0 ], [ 73.1481252, 28.1485979, 0.0 ] ], [ [ 73.1481758, 28.1489103, 0.0 ], [ 73.1481989, 28.1489106, 0.0 ], [ 73.1481937, 28.1492139, 0.0 ], [ 73.1481706, 28.1492136, 0.0 ], [ 73.1481758, 28.1489103, 0.0 ] ], [ [ 73.1481198, 28.1489096, 0.0 ], [ 73.148143, 28.1489099, 0.0 ], [ 73.1481377, 28.1492132, 0.0 ], [ 73.1481146, 28.1492128, 0.0 ], [ 73.1481198, 28.1489096, 0.0 ] ], [ [ 73.1508758, 28.1482099, 0.0 ], [ 73.1508989, 28.1482102, 0.0 ], [ 73.1508937, 28.1485135, 0.0 ], [ 73.1508706, 28.1485131, 0.0 ], [ 73.1508758, 28.1482099, 0.0 ] ], [ [ 73.1508198, 28.1482091, 0.0 ], [ 73.150843, 28.1482094, 0.0 ], [ 73.1508378, 28.1485127, 0.0 ], [ 73.1508146, 28.1485124, 0.0 ], [ 73.1508198, 28.1482091, 0.0 ] ], [ [ 73.1508705, 28.1485216, 0.0 ], [ 73.1508936, 28.1485219, 0.0 ], [ 73.1508884, 28.1488251, 0.0 ], [ 73.1508653, 28.1488248, 0.0 ], [ 73.1508705, 28.1485216, 0.0 ] ], [ [ 73.1508145, 28.1485208, 0.0 ], [ 73.1508376, 28.1485211, 0.0 ], [ 73.1508324, 28.1488244, 0.0 ], [ 73.1508093, 28.1488241, 0.0 ], [ 73.1508145, 28.1485208, 0.0 ] ], [ [ 73.1496794, 28.1461404, 0.0 ], [ 73.1497026, 28.1461408, 0.0 ], [ 73.1496973, 28.146444, 0.0 ], [ 73.1496742, 28.1464437, 0.0 ], [ 73.1496794, 28.1461404, 0.0 ] ], [ [ 73.1496234, 28.1461397, 0.0 ], [ 73.1496466, 28.14614, 0.0 ], [ 73.1496414, 28.1464433, 0.0 ], [ 73.1496182, 28.146443, 0.0 ], [ 73.1496234, 28.1461397, 0.0 ] ], [ [ 73.1496741, 28.1464521, 0.0 ], [ 73.1496972, 28.1464524, 0.0 ], [ 73.149692, 28.1467557, 0.0 ], [ 73.1496689, 28.1467554, 0.0 ], [ 73.1496741, 28.1464521, 0.0 ] ], [ [ 73.1496181, 28.1464514, 0.0 ], [ 73.1496412, 28.1464517, 0.0 ], [ 73.149636, 28.146755, 0.0 ], [ 73.1496129, 28.1467546, 0.0 ], [ 73.1496181, 28.1464514, 0.0 ] ], [ [ 73.1492209, 28.1467539, 0.0 ], [ 73.149244, 28.1467542, 0.0 ], [ 73.1492388, 28.1470574, 0.0 ], [ 73.1492157, 28.1470571, 0.0 ], [ 73.1492209, 28.1467539, 0.0 ] ], [ [ 73.1491649, 28.1467531, 0.0 ], [ 73.149188, 28.1467534, 0.0 ], [ 73.1491828, 28.1470567, 0.0 ], [ 73.1491597, 28.1470564, 0.0 ], [ 73.1491649, 28.1467531, 0.0 ] ], [ [ 73.1492155, 28.1470656, 0.0 ], [ 73.1492387, 28.1470659, 0.0 ], [ 73.1492334, 28.1473691, 0.0 ], [ 73.1492103, 28.1473688, 0.0 ], [ 73.1492155, 28.1470656, 0.0 ] ], [ [ 73.1491596, 28.1470648, 0.0 ], [ 73.1491827, 28.1470651, 0.0 ], [ 73.1491775, 28.1473684, 0.0 ], [ 73.1491543, 28.1473681, 0.0 ], [ 73.1491596, 28.1470648, 0.0 ] ], [ [ 73.1488743, 28.1473688, 0.0 ], [ 73.1488975, 28.1473691, 0.0 ], [ 73.1488922, 28.1476724, 0.0 ], [ 73.1488691, 28.1476721, 0.0 ], [ 73.1488743, 28.1473688, 0.0 ] ], [ [ 73.1488183, 28.147368, 0.0 ], [ 73.1488415, 28.1473684, 0.0 ], [ 73.1488363, 28.1476716, 0.0 ], [ 73.1488131, 28.1476713, 0.0 ], [ 73.1488183, 28.147368, 0.0 ] ], [ [ 73.148869, 28.1476805, 0.0 ], [ 73.1488921, 28.1476808, 0.0 ], [ 73.1488869, 28.1479841, 0.0 ], [ 73.1488638, 28.1479838, 0.0 ], [ 73.148869, 28.1476805, 0.0 ] ], [ [ 73.148813, 28.1476797, 0.0 ], [ 73.1488361, 28.14768, 0.0 ], [ 73.1488309, 28.1479833, 0.0 ], [ 73.1488078, 28.147983, 0.0 ], [ 73.148813, 28.1476797, 0.0 ] ], [ [ 73.1547359, 28.1516971, 0.0 ], [ 73.1547591, 28.1516974, 0.0 ], [ 73.1547539, 28.1520007, 0.0 ], [ 73.1547307, 28.1520004, 0.0 ], [ 73.1547359, 28.1516971, 0.0 ] ], [ [ 73.15468, 28.1516964, 0.0 ], [ 73.1547031, 28.1516967, 0.0 ], [ 73.1546979, 28.1519999, 0.0 ], [ 73.1546748, 28.1519996, 0.0 ], [ 73.15468, 28.1516964, 0.0 ] ], [ [ 73.1547306, 28.1520088, 0.0 ], [ 73.1547537, 28.1520091, 0.0 ], [ 73.1547485, 28.1523124, 0.0 ], [ 73.1547254, 28.1523121, 0.0 ], [ 73.1547306, 28.1520088, 0.0 ] ], [ [ 73.1546746, 28.1520081, 0.0 ], [ 73.1546977, 28.1520084, 0.0 ], [ 73.1546925, 28.1523116, 0.0 ], [ 73.1546694, 28.1523113, 0.0 ], [ 73.1546746, 28.1520081, 0.0 ] ], [ [ 73.1541654, 28.152309, 0.0 ], [ 73.1541886, 28.1523094, 0.0 ], [ 73.1541834, 28.1526126, 0.0 ], [ 73.1541602, 28.1526123, 0.0 ], [ 73.1541654, 28.152309, 0.0 ] ], [ [ 73.1541095, 28.1523083, 0.0 ], [ 73.1541326, 28.1523086, 0.0 ], [ 73.1541274, 28.1526119, 0.0 ], [ 73.1541042, 28.1526116, 0.0 ], [ 73.1541095, 28.1523083, 0.0 ] ], [ [ 73.1541601, 28.1526207, 0.0 ], [ 73.1541832, 28.152621, 0.0 ], [ 73.154178, 28.1529243, 0.0 ], [ 73.1541549, 28.152924, 0.0 ], [ 73.1541601, 28.1526207, 0.0 ] ], [ [ 73.1541041, 28.15262, 0.0 ], [ 73.1541272, 28.1526203, 0.0 ], [ 73.154122, 28.1529236, 0.0 ], [ 73.1540989, 28.1529232, 0.0 ], [ 73.1541041, 28.15262, 0.0 ] ], [ [ 73.1535066, 28.151539, 0.0 ], [ 73.1535298, 28.1515393, 0.0 ], [ 73.1535246, 28.1518426, 0.0 ], [ 73.1535014, 28.1518423, 0.0 ], [ 73.1535066, 28.151539, 0.0 ] ], [ [ 73.1534507, 28.1515383, 0.0 ], [ 73.1534738, 28.1515386, 0.0 ], [ 73.1534686, 28.1518419, 0.0 ], [ 73.1534454, 28.1518416, 0.0 ], [ 73.1534507, 28.1515383, 0.0 ] ], [ [ 73.1535013, 28.1518507, 0.0 ], [ 73.1535244, 28.151851, 0.0 ], [ 73.1535192, 28.1521543, 0.0 ], [ 73.1534961, 28.152154, 0.0 ], [ 73.1535013, 28.1518507, 0.0 ] ], [ [ 73.1534453, 28.15185, 0.0 ], [ 73.1534684, 28.1518503, 0.0 ], [ 73.1534632, 28.1521536, 0.0 ], [ 73.1534401, 28.1521532, 0.0 ], [ 73.1534453, 28.15185, 0.0 ] ], [ [ 73.1513815, 28.1513702, 0.0 ], [ 73.1514046, 28.1513705, 0.0 ], [ 73.1513994, 28.1516737, 0.0 ], [ 73.1513763, 28.1516734, 0.0 ], [ 73.1513815, 28.1513702, 0.0 ] ], [ [ 73.1513255, 28.1513694, 0.0 ], [ 73.1513487, 28.1513697, 0.0 ], [ 73.1513434, 28.151673, 0.0 ], [ 73.1513203, 28.1516727, 0.0 ], [ 73.1513255, 28.1513694, 0.0 ] ], [ [ 73.1513762, 28.1516818, 0.0 ], [ 73.1513993, 28.1516822, 0.0 ], [ 73.1513941, 28.1519854, 0.0 ], [ 73.151371, 28.1519851, 0.0 ], [ 73.1513762, 28.1516818, 0.0 ] ], [ [ 73.1513202, 28.1516811, 0.0 ], [ 73.1513433, 28.1516814, 0.0 ], [ 73.1513381, 28.1519847, 0.0 ], [ 73.151315, 28.1519844, 0.0 ], [ 73.1513202, 28.1516811, 0.0 ] ], [ [ 73.1511682, 28.1507477, 0.0 ], [ 73.1511913, 28.150748, 0.0 ], [ 73.1511861, 28.1510513, 0.0 ], [ 73.151163, 28.1510509, 0.0 ], [ 73.1511682, 28.1507477, 0.0 ] ], [ [ 73.1511122, 28.1507469, 0.0 ], [ 73.1511354, 28.1507472, 0.0 ], [ 73.1511301, 28.1510505, 0.0 ], [ 73.151107, 28.1510502, 0.0 ], [ 73.1511122, 28.1507469, 0.0 ] ], [ [ 73.1511629, 28.1510594, 0.0 ], [ 73.151186, 28.1510597, 0.0 ], [ 73.1511808, 28.1513629, 0.0 ], [ 73.1511576, 28.1513626, 0.0 ], [ 73.1511629, 28.1510594, 0.0 ] ], [ [ 73.1511069, 28.1510586, 0.0 ], [ 73.15113, 28.1510589, 0.0 ], [ 73.1511248, 28.1513622, 0.0 ], [ 73.1511017, 28.1513619, 0.0 ], [ 73.1511069, 28.1510586, 0.0 ] ], [ [ 73.1474837, 28.1500783, 0.0 ], [ 73.1475069, 28.1500786, 0.0 ], [ 73.1475016, 28.1503819, 0.0 ], [ 73.1474785, 28.1503815, 0.0 ], [ 73.1474837, 28.1500783, 0.0 ] ], [ [ 73.1474277, 28.1500775, 0.0 ], [ 73.1474509, 28.1500778, 0.0 ], [ 73.1474456, 28.1503811, 0.0 ], [ 73.1474225, 28.1503808, 0.0 ], [ 73.1474277, 28.1500775, 0.0 ] ], [ [ 73.1474784, 28.15039, 0.0 ], [ 73.1475015, 28.1503903, 0.0 ], [ 73.1474963, 28.1506935, 0.0 ], [ 73.1474731, 28.1506932, 0.0 ], [ 73.1474784, 28.15039, 0.0 ] ], [ [ 73.1474224, 28.1503892, 0.0 ], [ 73.1474455, 28.1503895, 0.0 ], [ 73.1474403, 28.1506928, 0.0 ], [ 73.1474172, 28.1506925, 0.0 ], [ 73.1474224, 28.1503892, 0.0 ] ], [ [ 73.1471478, 28.1500737, 0.0 ], [ 73.1471709, 28.150074, 0.0 ], [ 73.1471657, 28.1503773, 0.0 ], [ 73.1471426, 28.150377, 0.0 ], [ 73.1471478, 28.1500737, 0.0 ] ], [ [ 73.1470918, 28.150073, 0.0 ], [ 73.1471149, 28.1500733, 0.0 ], [ 73.1471097, 28.1503766, 0.0 ], [ 73.1470866, 28.1503762, 0.0 ], [ 73.1470918, 28.150073, 0.0 ] ], [ [ 73.1471424, 28.1503854, 0.0 ], [ 73.1471656, 28.1503857, 0.0 ], [ 73.1471603, 28.150689, 0.0 ], [ 73.1471372, 28.1506887, 0.0 ], [ 73.1471424, 28.1503854, 0.0 ] ], [ [ 73.1470865, 28.1503847, 0.0 ], [ 73.1471096, 28.150385, 0.0 ], [ 73.1471044, 28.1506882, 0.0 ], [ 73.1470812, 28.1506879, 0.0 ], [ 73.1470865, 28.1503847, 0.0 ] ], [ [ 73.1468012, 28.1506887, 0.0 ], [ 73.1468243, 28.150689, 0.0 ], [ 73.1468191, 28.1509922, 0.0 ], [ 73.146796, 28.1509919, 0.0 ], [ 73.1468012, 28.1506887, 0.0 ] ], [ [ 73.1467452, 28.1506879, 0.0 ], [ 73.1467684, 28.1506882, 0.0 ], [ 73.1467631, 28.1509915, 0.0 ], [ 73.14674, 28.1509912, 0.0 ], [ 73.1467452, 28.1506879, 0.0 ] ], [ [ 73.1467958, 28.1510003, 0.0 ], [ 73.146819, 28.1510007, 0.0 ], [ 73.1468138, 28.1513039, 0.0 ], [ 73.1467906, 28.1513036, 0.0 ], [ 73.1467958, 28.1510003, 0.0 ] ], [ [ 73.1467399, 28.1509996, 0.0 ], [ 73.146763, 28.1509999, 0.0 ], [ 73.1467578, 28.1513032, 0.0 ], [ 73.1467346, 28.1513029, 0.0 ], [ 73.1467399, 28.1509996, 0.0 ] ] ] } },
{ "type": "Feature", "properties": { "id": "kml_1", "Name": "TRACKERS", "description": null, "timestamp": null, "begin": null, "end": null, "altitudeMode": null, "tessellate": -1, "extrude": 0, "visibility": -1, "drawOrder": null, "icon": null }, "bbox": [ 73.1467133, 28.1461412, 0.0, 73.1546471, 28.1533069, 0.0 ], "geometry": { "type": "MultiLineString", "coordinates": [ [ [ 73.1482932, 28.1486002, 0.0 ], [ 73.1483163, 28.1486005, 0.0 ], [ 73.1483111, 28.1489037, 0.0 ], [ 73.1482879, 28.1489034, 0.0 ], [ 73.1482932, 28.1486002, 0.0 ] ], [ [ 73.1482372, 28.1485994, 0.0 ], [ 73.1482603, 28.1485997, 0.0 ], [ 73.1482551, 28.148903, 0.0 ], [ 73.148232, 28.1489027, 0.0 ], [ 73.1482372, 28.1485994, 0.0 ] ], [ [ 73.1482878, 28.1489118, 0.0 ], [ 73.1483109, 28.1489122, 0.0 ], [ 73.1483057, 28.1492154, 0.0 ], [ 73.1482826, 28.1492151, 0.0 ], [ 73.1482878, 28.1489118, 0.0 ] ], [ [ 73.1482318, 28.1489111, 0.0 ], [ 73.1482549, 28.1489114, 0.0 ], [ 73.1482497, 28.1492147, 0.0 ], [ 73.1482266, 28.1492144, 0.0 ], [ 73.1482318, 28.1489111, 0.0 ] ], [ [ 73.1484051, 28.1486017, 0.0 ], [ 73.1484283, 28.148602, 0.0 ], [ 73.148423, 28.1489053, 0.0 ], [ 73.1483999, 28.1489049, 0.0 ], [ 73.1484051, 28.1486017, 0.0 ] ], [ [ 73.1483491, 28.1486009, 0.0 ], [ 73.1483723, 28.1486012, 0.0 ], [ 73.1483671, 28.1489045, 0.0 ], [ 73.1483439, 28.1489042, 0.0 ], [ 73.1483491, 28.1486009, 0.0 ] ], [ [ 73.1483998, 28.1489134, 0.0 ], [ 73.1484229, 28.1489137, 0.0 ], [ 73.1484177, 28.1492169, 0.0 ], [ 73.1483945, 28.1492166, 0.0 ], [ 73.1483998, 28.1489134, 0.0 ] ], [ [ 73.1483438, 28.1489126, 0.0 ], [ 73.1483669, 28.1489129, 0.0 ], [ 73.1483617, 28.1492162, 0.0 ], [ 73.1483386, 28.1492159, 0.0 ], [ 73.1483438, 28.1489126, 0.0 ] ], [ [ 73.1485171, 28.1486032, 0.0 ], [ 73.1485402, 28.1486035, 0.0 ], [ 73.148535, 28.1489068, 0.0 ], [ 73.1485119, 28.1489065, 0.0 ], [ 73.1485171, 28.1486032, 0.0 ] ], [ [ 73.1484611, 28.1486024, 0.0 ], [ 73.1484842, 28.1486027, 0.0 ], [ 73.148479, 28.148906, 0.0 ], [ 73.1484559, 28.1489057, 0.0 ], [ 73.1484611, 28.1486024, 0.0 ] ], [ [ 73.1485117, 28.1489149, 0.0 ], [ 73.1485349, 28.1489152, 0.0 ], [ 73.1485296, 28.1492185, 0.0 ], [ 73.1485065, 28.1492181, 0.0 ], [ 73.1485117, 28.1489149, 0.0 ] ], [ [ 73.1484558, 28.1489141, 0.0 ], [ 73.1484789, 28.1489144, 0.0 ], [ 73.1484737, 28.1492177, 0.0 ], [ 73.1484505, 28.1492174, 0.0 ], [ 73.1484558, 28.1489141, 0.0 ] ], [ [ 73.1486291, 28.1486047, 0.0 ], [ 73.1486522, 28.148605, 0.0 ], [ 73.148647, 28.1489083, 0.0 ], [ 73.1486239, 28.148908, 0.0 ], [ 73.1486291, 28.1486047, 0.0 ] ], [ [ 73.1485731, 28.1486039, 0.0 ], [ 73.1485962, 28.1486043, 0.0 ], [ 73.148591, 28.1489075, 0.0 ], [ 73.1485679, 28.1489072, 0.0 ], [ 73.1485731, 28.1486039, 0.0 ] ], [ [ 73.1486237, 28.1489164, 0.0 ], [ 73.1486468, 28.1489167, 0.0 ], [ 73.1486416, 28.14922, 0.0 ], [ 73.1486185, 28.1492197, 0.0 ], [ 73.1486237, 28.1489164, 0.0 ] ], [ [ 73.1485677, 28.1489156, 0.0 ], [ 73.1485909, 28.1489159, 0.0 ], [ 73.1485856, 28.1492192, 0.0 ], [ 73.1485625, 28.1492189, 0.0 ], [ 73.1485677, 28.1489156, 0.0 ] ], [ [ 73.148741, 28.1486062, 0.0 ], [ 73.1487642, 28.1486065, 0.0 ], [ 73.148759, 28.1489098, 0.0 ], [ 73.1487358, 28.1489095, 0.0 ], [ 73.148741, 28.1486062, 0.0 ] ], [ [ 73.1486851, 28.1486055, 0.0 ], [ 73.1487082, 28.1486058, 0.0 ], [ 73.148703, 28.148909, 0.0 ], [ 73.1486798, 28.1489087, 0.0 ], [ 73.1486851, 28.1486055, 0.0 ] ], [ [ 73.1487357, 28.1489179, 0.0 ], [ 73.1487588, 28.1489182, 0.0 ], [ 73.1487536, 28.1492215, 0.0 ], [ 73.1487305, 28.1492212, 0.0 ], [ 73.1487357, 28.1489179, 0.0 ] ], [ [ 73.1486797, 28.1489171, 0.0 ], [ 73.1487028, 28.1489175, 0.0 ], [ 73.1486976, 28.1492207, 0.0 ], [ 73.1486745, 28.1492204, 0.0 ], [ 73.1486797, 28.1489171, 0.0 ] ], [ [ 73.148853, 28.1486077, 0.0 ], [ 73.1488761, 28.148608, 0.0 ], [ 73.1488709, 28.1489113, 0.0 ], [ 73.1488478, 28.148911, 0.0 ], [ 73.148853, 28.1486077, 0.0 ] ], [ [ 73.148797, 28.148607, 0.0 ], [ 73.1488202, 28.1486073, 0.0 ], [ 73.1488149, 28.1489106, 0.0 ], [ 73.1487918, 28.1489102, 0.0 ], [ 73.148797, 28.148607, 0.0 ] ], [ [ 73.1488477, 28.1489194, 0.0 ], [ 73.1488708, 28.1489197, 0.0 ], [ 73.1488656, 28.149223, 0.0 ], [ 73.1488424, 28.1492227, 0.0 ], [ 73.1488477, 28.1489194, 0.0 ] ], [ [ 73.1487917, 28.1489187, 0.0 ], [ 73.1488148, 28.148919, 0.0 ], [ 73.1488096, 28.1492222, 0.0 ], [ 73.1487865, 28.1492219, 0.0 ], [ 73.1487917, 28.1489187, 0.0 ] ], [ [ 73.148965, 28.1486092, 0.0 ], [ 73.1489881, 28.1486096, 0.0 ], [ 73.1489829, 28.1489128, 0.0 ], [ 73.1489598, 28.1489125, 0.0 ], [ 73.148965, 28.1486092, 0.0 ] ], [ [ 73.148909, 28.1486085, 0.0 ], [ 73.1489321, 28.1486088, 0.0 ], [ 73.1489269, 28.1489121, 0.0 ], [ 73.1489038, 28.1489118, 0.0 ], [ 73.148909, 28.1486085, 0.0 ] ], [ [ 73.1489596, 28.1489209, 0.0 ], [ 73.1489828, 28.1489212, 0.0 ], [ 73.1489775, 28.1492245, 0.0 ], [ 73.1489544, 28.1492242, 0.0 ], [ 73.1489596, 28.1489209, 0.0 ] ], [ [ 73.1489036, 28.1489202, 0.0 ], [ 73.1489268, 28.1489205, 0.0 ], [ 73.1489216, 28.1492238, 0.0 ], [ 73.1488984, 28.1492234, 0.0 ], [ 73.1489036, 28.1489202, 0.0 ] ], [ [ 73.149077, 28.1486108, 0.0 ], [ 73.1491001, 28.1486111, 0.0 ], [ 73.1490949, 28.1489143, 0.0 ], [ 73.1490717, 28.148914, 0.0 ], [ 73.149077, 28.1486108, 0.0 ] ], [ [ 73.149021, 28.14861, 0.0 ], [ 73.1490441, 28.1486103, 0.0 ], [ 73.1490389, 28.1489136, 0.0 ], [ 73.1490158, 28.1489133, 0.0 ], [ 73.149021, 28.14861, 0.0 ] ], [ [ 73.1490716, 28.1489224, 0.0 ], [ 73.1490947, 28.1489228, 0.0 ], [ 73.1490895, 28.149226, 0.0 ], [ 73.1490664, 28.1492257, 0.0 ], [ 73.1490716, 28.1489224, 0.0 ] ], [ [ 73.1490156, 28.1489217, 0.0 ], [ 73.1490387, 28.148922, 0.0 ], [ 73.1490335, 28.1492253, 0.0 ], [ 73.1490104, 28.149225, 0.0 ], [ 73.1490156, 28.1489217, 0.0 ] ], [ [ 73.1536186, 28.1515405, 0.0 ], [ 73.1536417, 28.1515409, 0.0 ], [ 73.1536365, 28.1518441, 0.0 ], [ 73.1536134, 28.1518438, 0.0 ], [ 73.1536186, 28.1515405, 0.0 ] ], [ [ 73.1535626, 28.1515398, 0.0 ], [ 73.1535858, 28.1515401, 0.0 ], [ 73.1535806, 28.1518434, 0.0 ], [ 73.1535574, 28.1518431, 0.0 ], [ 73.1535626, 28.1515398, 0.0 ] ], [ [ 73.1536133, 28.1518522, 0.0 ], [ 73.1536364, 28.1518525, 0.0 ], [ 73.1536312, 28.1521558, 0.0 ], [ 73.1536081, 28.1521555, 0.0 ], [ 73.1536133, 28.1518522, 0.0 ] ], [ [ 73.1535573, 28.1518515, 0.0 ], [ 73.1535804, 28.1518518, 0.0 ], [ 73.1535752, 28.1521551, 0.0 ], [ 73.1535521, 28.1521547, 0.0 ], [ 73.1535573, 28.1518515, 0.0 ] ], [ [ 73.154624, 28.1516956, 0.0 ], [ 73.1546471, 28.1516959, 0.0 ], [ 73.1546419, 28.1519992, 0.0 ], [ 73.1546188, 28.1519989, 0.0 ], [ 73.154624, 28.1516956, 0.0 ] ], [ [ 73.154568, 28.1516949, 0.0 ], [ 73.1545911, 28.1516952, 0.0 ], [ 73.1545859, 28.1519984, 0.0 ], [ 73.1545628, 28.1519981, 0.0 ], [ 73.154568, 28.1516949, 0.0 ] ], [ [ 73.1546186, 28.1520073, 0.0 ], [ 73.1546418, 28.1520076, 0.0 ], [ 73.1546365, 28.1523109, 0.0 ], [ 73.1546134, 28.1523106, 0.0 ], [ 73.1546186, 28.1520073, 0.0 ] ], [ [ 73.1545626, 28.1520065, 0.0 ], [ 73.1545858, 28.1520069, 0.0 ], [ 73.1545806, 28.1523101, 0.0 ], [ 73.1545574, 28.1523098, 0.0 ], [ 73.1545626, 28.1520065, 0.0 ] ], [ [ 73.1506838, 28.1463485, 0.0 ], [ 73.1507069, 28.1463488, 0.0 ], [ 73.1507017, 28.146652, 0.0 ], [ 73.1506786, 28.1466517, 0.0 ], [ 73.1506838, 28.1463485, 0.0 ] ], [ [ 73.1506278, 28.1463477, 0.0 ], [ 73.150651, 28.146348, 0.0 ], [ 73.1506457, 28.1466513, 0.0 ], [ 73.1506226, 28.146651, 0.0 ], [ 73.1506278, 28.1463477, 0.0 ] ], [ [ 73.1506785, 28.1466601, 0.0 ], [ 73.1507016, 28.1466605, 0.0 ], [ 73.1506964, 28.1469637, 0.0 ], [ 73.1506732, 28.1469634, 0.0 ], [ 73.1506785, 28.1466601, 0.0 ] ], [ [ 73.1506225, 28.1466594, 0.0 ], [ 73.1506456, 28.1466597, 0.0 ], [ 73.1506404, 28.146963, 0.0 ], [ 73.1506173, 28.1469627, 0.0 ], [ 73.1506225, 28.1466594, 0.0 ] ], [ [ 73.151345, 28.146977, 0.0 ], [ 73.1513681, 28.1469773, 0.0 ], [ 73.1513629, 28.1472806, 0.0 ], [ 73.1513398, 28.1472803, 0.0 ], [ 73.151345, 28.146977, 0.0 ] ], [ [ 73.151289, 28.1469762, 0.0 ], [ 73.1513121, 28.1469765, 0.0 ], [ 73.1513069, 28.1472798, 0.0 ], [ 73.1512838, 28.1472795, 0.0 ], [ 73.151289, 28.1469762, 0.0 ] ], [ [ 73.1513396, 28.1472887, 0.0 ], [ 73.1513628, 28.147289, 0.0 ], [ 73.1513576, 28.1475923, 0.0 ], [ 73.1513344, 28.1475919, 0.0 ], [ 73.1513396, 28.1472887, 0.0 ] ], [ [ 73.1512837, 28.1472879, 0.0 ], [ 73.1513068, 28.1472882, 0.0 ], [ 73.1513016, 28.1475915, 0.0 ], [ 73.1512784, 28.1475912, 0.0 ], [ 73.1512837, 28.1472879, 0.0 ] ], [ [ 73.153496, 28.1521585, 0.0 ], [ 73.1535191, 28.1521588, 0.0 ], [ 73.1535139, 28.1524621, 0.0 ], [ 73.1534908, 28.1524618, 0.0 ], [ 73.153496, 28.1521585, 0.0 ] ], [ [ 73.15344, 28.1521577, 0.0 ], [ 73.1534631, 28.1521581, 0.0 ], [ 73.1534579, 28.1524613, 0.0 ], [ 73.1534348, 28.152461, 0.0 ], [ 73.15344, 28.1521577, 0.0 ] ], [ [ 73.1534907, 28.1524702, 0.0 ], [ 73.1535138, 28.1524705, 0.0 ], [ 73.1535086, 28.1527738, 0.0 ], [ 73.1534855, 28.1527735, 0.0 ], [ 73.1534907, 28.1524702, 0.0 ] ], [ [ 73.1534347, 28.1524694, 0.0 ], [ 73.1534578, 28.1524697, 0.0 ], [ 73.1534526, 28.152773, 0.0 ], [ 73.1534295, 28.1527727, 0.0 ], [ 73.1534347, 28.1524694, 0.0 ] ], [ [ 73.1538319, 28.152163, 0.0 ], [ 73.1538551, 28.1521633, 0.0 ], [ 73.1538499, 28.1524666, 0.0 ], [ 73.1538267, 28.1524663, 0.0 ], [ 73.1538319, 28.152163, 0.0 ] ], [ [ 73.1537759, 28.1521623, 0.0 ], [ 73.1537991, 28.1521626, 0.0 ], [ 73.1537939, 28.1524659, 0.0 ], [ 73.1537707, 28.1524655, 0.0 ], [ 73.1537759, 28.1521623, 0.0 ] ], [ [ 73.1538266, 28.1524747, 0.0 ], [ 73.1538497, 28.152475, 0.0 ], [ 73.1538445, 28.1527783, 0.0 ], [ 73.1538214, 28.152778, 0.0 ], [ 73.1538266, 28.1524747, 0.0 ] ], [ [ 73.1537706, 28.152474, 0.0 ], [ 73.1537937, 28.1524743, 0.0 ], [ 73.1537885, 28.1527775, 0.0 ], [ 73.1537654, 28.1527772, 0.0 ], [ 73.1537706, 28.152474, 0.0 ] ], [ [ 73.1538426, 28.1515436, 0.0 ], [ 73.1538657, 28.1515439, 0.0 ], [ 73.1538605, 28.1518471, 0.0 ], [ 73.1538374, 28.1518468, 0.0 ], [ 73.1538426, 28.1515436, 0.0 ] ], [ [ 73.1537866, 28.1515428, 0.0 ], [ 73.1538097, 28.1515431, 0.0 ], [ 73.1538045, 28.1518464, 0.0 ], [ 73.1537814, 28.1518461, 0.0 ], [ 73.1537866, 28.1515428, 0.0 ] ], [ [ 73.1538372, 28.1518553, 0.0 ], [ 73.1538603, 28.1518556, 0.0 ], [ 73.1538551, 28.1521588, 0.0 ], [ 73.153832, 28.1521585, 0.0 ], [ 73.1538372, 28.1518553, 0.0 ] ], [ [ 73.1537812, 28.1518545, 0.0 ], [ 73.1538044, 28.1518548, 0.0 ], [ 73.1537992, 28.1521581, 0.0 ], [ 73.153776, 28.1521578, 0.0 ], [ 73.1537812, 28.1518545, 0.0 ] ], [ [ 73.151457, 28.1469785, 0.0 ], [ 73.1514801, 28.1469788, 0.0 ], [ 73.1514749, 28.1472821, 0.0 ], [ 73.1514518, 28.1472818, 0.0 ], [ 73.151457, 28.1469785, 0.0 ] ], [ [ 73.151401, 28.1469777, 0.0 ], [ 73.1514241, 28.1469781, 0.0 ], [ 73.1514189, 28.1472813, 0.0 ], [ 73.1513958, 28.147281, 0.0 ], [ 73.151401, 28.1469777, 0.0 ] ], [ [ 73.1514516, 28.1472902, 0.0 ], [ 73.1514747, 28.1472905, 0.0 ], [ 73.1514695, 28.1475938, 0.0 ], [ 73.1514464, 28.1475935, 0.0 ], [ 73.1514516, 28.1472902, 0.0 ] ], [ [ 73.1513956, 28.1472894, 0.0 ], [ 73.1514187, 28.1472897, 0.0 ], [ 73.1514135, 28.147593, 0.0 ], [ 73.1513904, 28.1475927, 0.0 ], [ 73.1513956, 28.1472894, 0.0 ] ], [ [ 73.1486397, 28.1479852, 0.0 ], [ 73.1486629, 28.1479855, 0.0 ], [ 73.1486576, 28.1482888, 0.0 ], [ 73.1486345, 28.1482885, 0.0 ], [ 73.1486397, 28.1479852, 0.0 ] ], [ [ 73.1485837, 28.1479845, 0.0 ], [ 73.1486069, 28.1479848, 0.0 ], [ 73.1486017, 28.1482881, 0.0 ], [ 73.1485785, 28.1482877, 0.0 ], [ 73.1485837, 28.1479845, 0.0 ] ], [ [ 73.1486344, 28.1482969, 0.0 ], [ 73.1486575, 28.1482972, 0.0 ], [ 73.1486523, 28.1486005, 0.0 ], [ 73.1486292, 28.1486002, 0.0 ], [ 73.1486344, 28.1482969, 0.0 ] ], [ [ 73.1485784, 28.1482962, 0.0 ], [ 73.1486015, 28.1482965, 0.0 ], [ 73.1485963, 28.1485997, 0.0 ], [ 73.1485732, 28.1485994, 0.0 ], [ 73.1485784, 28.1482962, 0.0 ] ], [ [ 73.1487517, 28.1479867, 0.0 ], [ 73.1487748, 28.1479871, 0.0 ], [ 73.1487696, 28.1482903, 0.0 ], [ 73.1487465, 28.14829, 0.0 ], [ 73.1487517, 28.1479867, 0.0 ] ], [ [ 73.1486957, 28.147986, 0.0 ], [ 73.1487188, 28.1479863, 0.0 ], [ 73.1487136, 28.1482896, 0.0 ], [ 73.1486905, 28.1482893, 0.0 ], [ 73.1486957, 28.147986, 0.0 ] ], [ [ 73.1487463, 28.1482984, 0.0 ], [ 73.1487695, 28.1482987, 0.0 ], [ 73.1487643, 28.148602, 0.0 ], [ 73.1487411, 28.1486017, 0.0 ], [ 73.1487463, 28.1482984, 0.0 ] ], [ [ 73.1486904, 28.1482977, 0.0 ], [ 73.1487135, 28.148298, 0.0 ], [ 73.1487083, 28.1486013, 0.0 ], [ 73.1486851, 28.1486009, 0.0 ], [ 73.1486904, 28.1482977, 0.0 ] ], [ [ 73.15041, 28.1492484, 0.0 ], [ 73.1504331, 28.1492487, 0.0 ], [ 73.1504279, 28.149552, 0.0 ], [ 73.1504048, 28.1495516, 0.0 ], [ 73.15041, 28.1492484, 0.0 ] ], [ [ 73.150354, 28.1492476, 0.0 ], [ 73.1503771, 28.1492479, 0.0 ], [ 73.1503719, 28.1495512, 0.0 ], [ 73.1503488, 28.1495509, 0.0 ], [ 73.150354, 28.1492476, 0.0 ] ], [ [ 73.1504046, 28.1495601, 0.0 ], [ 73.1504278, 28.1495604, 0.0 ], [ 73.1504225, 28.1498636, 0.0 ], [ 73.1503994, 28.1498633, 0.0 ], [ 73.1504046, 28.1495601, 0.0 ] ], [ [ 73.1503486, 28.1495593, 0.0 ], [ 73.1503718, 28.1495596, 0.0 ], [ 73.1503666, 28.1498629, 0.0 ], [ 73.1503434, 28.1498626, 0.0 ], [ 73.1503486, 28.1495593, 0.0 ] ], [ [ 73.150298, 28.1492469, 0.0 ], [ 73.1503211, 28.1492472, 0.0 ], [ 73.1503159, 28.1495504, 0.0 ], [ 73.1502928, 28.1495501, 0.0 ], [ 73.150298, 28.1492469, 0.0 ] ], [ [ 73.150242, 28.1492461, 0.0 ], [ 73.1502651, 28.1492464, 0.0 ], [ 73.1502599, 28.1495497, 0.0 ], [ 73.1502368, 28.1495494, 0.0 ], [ 73.150242, 28.1492461, 0.0 ] ], [ [ 73.1502926, 28.1495585, 0.0 ], [ 73.1503158, 28.1495589, 0.0 ], [ 73.1503106, 28.1498621, 0.0 ], [ 73.1502874, 28.1498618, 0.0 ], [ 73.1502926, 28.1495585, 0.0 ] ], [ [ 73.1502367, 28.1495578, 0.0 ], [ 73.1502598, 28.1495581, 0.0 ], [ 73.1502546, 28.1498614, 0.0 ], [ 73.1502314, 28.1498611, 0.0 ], [ 73.1502367, 28.1495578, 0.0 ] ], [ [ 73.150186, 28.1492453, 0.0 ], [ 73.1502092, 28.1492457, 0.0 ], [ 73.1502039, 28.1495489, 0.0 ], [ 73.1501808, 28.1495486, 0.0 ], [ 73.150186, 28.1492453, 0.0 ] ], [ [ 73.15013, 28.1492446, 0.0 ], [ 73.1501532, 28.1492449, 0.0 ], [ 73.150148, 28.1495482, 0.0 ], [ 73.1501248, 28.1495479, 0.0 ], [ 73.15013, 28.1492446, 0.0 ] ], [ [ 73.1501807, 28.149557, 0.0 ], [ 73.1502038, 28.1495573, 0.0 ], [ 73.1501986, 28.1498606, 0.0 ], [ 73.1501755, 28.1498603, 0.0 ], [ 73.1501807, 28.149557, 0.0 ] ], [ [ 73.1501247, 28.1495563, 0.0 ], [ 73.1501478, 28.1495566, 0.0 ], [ 73.1501426, 28.1498599, 0.0 ], [ 73.1501195, 28.1498595, 0.0 ], [ 73.1501247, 28.1495563, 0.0 ] ], [ [ 73.1500741, 28.1492438, 0.0 ], [ 73.1500972, 28.1492441, 0.0 ], [ 73.150092, 28.1495474, 0.0 ], [ 73.1500688, 28.1495471, 0.0 ], [ 73.1500741, 28.1492438, 0.0 ] ], [ [ 73.1500181, 28.1492431, 0.0 ], [ 73.1500412, 28.1492434, 0.0 ], [ 73.150036, 28.1495467, 0.0 ], [ 73.1500129, 28.1495463, 0.0 ], [ 73.1500181, 28.1492431, 0.0 ] ], [ [ 73.1500687, 28.1495555, 0.0 ], [ 73.1500918, 28.1495558, 0.0 ], [ 73.1500866, 28.1498591, 0.0 ], [ 73.1500635, 28.1498588, 0.0 ], [ 73.1500687, 28.1495555, 0.0 ] ], [ [ 73.1500127, 28.1495548, 0.0 ], [ 73.1500358, 28.1495551, 0.0 ], [ 73.1500306, 28.1498583, 0.0 ], [ 73.1500075, 28.149858, 0.0 ], [ 73.1500127, 28.1495548, 0.0 ] ], [ [ 73.1499621, 28.1492423, 0.0 ], [ 73.1499852, 28.1492426, 0.0 ], [ 73.14998, 28.1495459, 0.0 ], [ 73.1499569, 28.1495456, 0.0 ], [ 73.1499621, 28.1492423, 0.0 ] ], [ [ 73.1499061, 28.1492416, 0.0 ], [ 73.1499292, 28.1492419, 0.0 ], [ 73.149924, 28.1495451, 0.0 ], [ 73.1499009, 28.1495448, 0.0 ], [ 73.1499061, 28.1492416, 0.0 ] ], [ [ 73.1499567, 28.149554, 0.0 ], [ 73.1499799, 28.1495543, 0.0 ], [ 73.1499746, 28.1498576, 0.0 ], [ 73.1499515, 28.1498573, 0.0 ], [ 73.1499567, 28.149554, 0.0 ] ], [ [ 73.1499007, 28.1495533, 0.0 ], [ 73.1499239, 28.1495536, 0.0 ], [ 73.1499187, 28.1498568, 0.0 ], [ 73.1498955, 28.1498565, 0.0 ], [ 73.1499007, 28.1495533, 0.0 ] ], [ [ 73.1498501, 28.1492408, 0.0 ], [ 73.1498732, 28.1492411, 0.0 ], [ 73.149868, 28.1495444, 0.0 ], [ 73.1498449, 28.1495441, 0.0 ], [ 73.1498501, 28.1492408, 0.0 ] ], [ [ 73.1497941, 28.1492401, 0.0 ], [ 73.1498173, 28.1492404, 0.0 ], [ 73.149812, 28.1495436, 0.0 ], [ 73.1497889, 28.1495433, 0.0 ], [ 73.1497941, 28.1492401, 0.0 ] ], [ [ 73.1498448, 28.1495525, 0.0 ], [ 73.1498679, 28.1495528, 0.0 ], [ 73.1498627, 28.1498561, 0.0 ], [ 73.1498395, 28.1498558, 0.0 ], [ 73.1498448, 28.1495525, 0.0 ] ], [ [ 73.1497888, 28.1495517, 0.0 ], [ 73.1498119, 28.1495521, 0.0 ], [ 73.1498067, 28.1498553, 0.0 ], [ 73.1497836, 28.149855, 0.0 ], [ 73.1497888, 28.1495517, 0.0 ] ], [ [ 73.1497381, 28.1492393, 0.0 ], [ 73.1497613, 28.1492396, 0.0 ], [ 73.1497561, 28.1495429, 0.0 ], [ 73.1497329, 28.1495426, 0.0 ], [ 73.1497381, 28.1492393, 0.0 ] ], [ [ 73.1496822, 28.1492385, 0.0 ], [ 73.1497053, 28.1492389, 0.0 ], [ 73.1497001, 28.1495421, 0.0 ], [ 73.1496769, 28.1495418, 0.0 ], [ 73.1496822, 28.1492385, 0.0 ] ], [ [ 73.1497328, 28.149551, 0.0 ], [ 73.1497559, 28.1495513, 0.0 ], [ 73.1497507, 28.1498546, 0.0 ], [ 73.1497276, 28.1498543, 0.0 ], [ 73.1497328, 28.149551, 0.0 ] ], [ [ 73.1496768, 28.1495502, 0.0 ], [ 73.1496999, 28.1495505, 0.0 ], [ 73.1496947, 28.1498538, 0.0 ], [ 73.1496716, 28.1498535, 0.0 ], [ 73.1496768, 28.1495502, 0.0 ] ], [ [ 73.1504206, 28.1486289, 0.0 ], [ 73.1504438, 28.1486292, 0.0 ], [ 73.1504385, 28.1489325, 0.0 ], [ 73.1504154, 28.1489322, 0.0 ], [ 73.1504206, 28.1486289, 0.0 ] ], [ [ 73.1503646, 28.1486281, 0.0 ], [ 73.1503878, 28.1486285, 0.0 ], [ 73.1503826, 28.1489317, 0.0 ], [ 73.1503594, 28.1489314, 0.0 ], [ 73.1503646, 28.1486281, 0.0 ] ], [ [ 73.1504153, 28.1489406, 0.0 ], [ 73.1504384, 28.1489409, 0.0 ], [ 73.1504332, 28.1492442, 0.0 ], [ 73.1504101, 28.1492439, 0.0 ], [ 73.1504153, 28.1489406, 0.0 ] ], [ [ 73.1503593, 28.1489398, 0.0 ], [ 73.1503824, 28.1489401, 0.0 ], [ 73.1503772, 28.1492434, 0.0 ], [ 73.1503541, 28.1492431, 0.0 ], [ 73.1503593, 28.1489398, 0.0 ] ], [ [ 73.1503087, 28.1486274, 0.0 ], [ 73.1503318, 28.1486277, 0.0 ], [ 73.1503266, 28.148931, 0.0 ], [ 73.1503034, 28.1489307, 0.0 ], [ 73.1503087, 28.1486274, 0.0 ] ], [ [ 73.1502527, 28.1486266, 0.0 ], [ 73.1502758, 28.1486269, 0.0 ], [ 73.1502706, 28.1489302, 0.0 ], [ 73.1502475, 28.1489299, 0.0 ], [ 73.1502527, 28.1486266, 0.0 ] ], [ [ 73.1503033, 28.1489391, 0.0 ], [ 73.1503264, 28.1489394, 0.0 ], [ 73.1503212, 28.1492427, 0.0 ], [ 73.1502981, 28.1492423, 0.0 ], [ 73.1503033, 28.1489391, 0.0 ] ], [ [ 73.1502473, 28.1489383, 0.0 ], [ 73.1502704, 28.1489386, 0.0 ], [ 73.1502652, 28.1492419, 0.0 ], [ 73.1502421, 28.1492416, 0.0 ], [ 73.1502473, 28.1489383, 0.0 ] ], [ [ 73.1501967, 28.1486259, 0.0 ], [ 73.1502198, 28.1486262, 0.0 ], [ 73.1502146, 28.1489295, 0.0 ], [ 73.1501915, 28.1489291, 0.0 ], [ 73.1501967, 28.1486259, 0.0 ] ], [ [ 73.1501407, 28.1486251, 0.0 ], [ 73.1501638, 28.1486254, 0.0 ], [ 73.1501586, 28.1489287, 0.0 ], [ 73.1501355, 28.1489284, 0.0 ], [ 73.1501407, 28.1486251, 0.0 ] ], [ [ 73.1501913, 28.1489376, 0.0 ], [ 73.1502145, 28.1489379, 0.0 ], [ 73.1502092, 28.1492411, 0.0 ], [ 73.1501861, 28.1492408, 0.0 ], [ 73.1501913, 28.1489376, 0.0 ] ], [ [ 73.1501353, 28.1489368, 0.0 ], [ 73.1501585, 28.1489371, 0.0 ], [ 73.1501533, 28.1492404, 0.0 ], [ 73.1501301, 28.1492401, 0.0 ], [ 73.1501353, 28.1489368, 0.0 ] ], [ [ 73.1500847, 28.1486244, 0.0 ], [ 73.1501078, 28.1486247, 0.0 ], [ 73.1501026, 28.1489279, 0.0 ], [ 73.1500795, 28.1489276, 0.0 ], [ 73.1500847, 28.1486244, 0.0 ] ], [ [ 73.1500287, 28.1486236, 0.0 ], [ 73.1500519, 28.1486239, 0.0 ], [ 73.1500466, 28.1489272, 0.0 ], [ 73.1500235, 28.1489269, 0.0 ], [ 73.1500287, 28.1486236, 0.0 ] ], [ [ 73.1500794, 28.1489361, 0.0 ], [ 73.1501025, 28.1489364, 0.0 ], [ 73.1500973, 28.1492396, 0.0 ], [ 73.1500741, 28.1492393, 0.0 ], [ 73.1500794, 28.1489361, 0.0 ] ], [ [ 73.1500234, 28.1489353, 0.0 ], [ 73.1500465, 28.1489356, 0.0 ], [ 73.1500413, 28.1492389, 0.0 ], [ 73.1500182, 28.1492386, 0.0 ], [ 73.1500234, 28.1489353, 0.0 ] ], [ [ 73.1499727, 28.1486229, 0.0 ], [ 73.1499959, 28.1486232, 0.0 ], [ 73.1499907, 28.1489264, 0.0 ], [ 73.1499675, 28.1489261, 0.0 ], [ 73.1499727, 28.1486229, 0.0 ] ], [ [ 73.1499168, 28.1486221, 0.0 ], [ 73.1499399, 28.1486224, 0.0 ], [ 73.1499347, 28.1489257, 0.0 ], [ 73.1499115, 28.1489254, 0.0 ], [ 73.1499168, 28.1486221, 0.0 ] ], [ [ 73.1499674, 28.1489345, 0.0 ], [ 73.1499905, 28.1489349, 0.0 ], [ 73.1499853, 28.1492381, 0.0 ], [ 73.1499622, 28.1492378, 0.0 ], [ 73.1499674, 28.1489345, 0.0 ] ], [ [ 73.1499114, 28.1489338, 0.0 ], [ 73.1499345, 28.1489341, 0.0 ], [ 73.1499293, 28.1492374, 0.0 ], [ 73.1499062, 28.1492371, 0.0 ], [ 73.1499114, 28.1489338, 0.0 ] ], [ [ 73.1498608, 28.1486213, 0.0 ], [ 73.1498839, 28.1486217, 0.0 ], [ 73.1498787, 28.1489249, 0.0 ], [ 73.1498556, 28.1489246, 0.0 ], [ 73.1498608, 28.1486213, 0.0 ] ], [ [ 73.1498048, 28.1486206, 0.0 ], [ 73.1498279, 28.1486209, 0.0 ], [ 73.1498227, 28.1489242, 0.0 ], [ 73.1497996, 28.1489239, 0.0 ], [ 73.1498048, 28.1486206, 0.0 ] ], [ [ 73.1498554, 28.148933, 0.0 ], [ 73.1498785, 28.1489333, 0.0 ], [ 73.1498733, 28.1492366, 0.0 ], [ 73.1498502, 28.1492363, 0.0 ], [ 73.1498554, 28.148933, 0.0 ] ], [ [ 73.1497994, 28.1489323, 0.0 ], [ 73.1498225, 28.1489326, 0.0 ], [ 73.1498173, 28.1492359, 0.0 ], [ 73.1497942, 28.1492355, 0.0 ], [ 73.1497994, 28.1489323, 0.0 ] ], [ [ 73.1497488, 28.1486198, 0.0 ], [ 73.1497719, 28.1486201, 0.0 ], [ 73.1497667, 28.1489234, 0.0 ], [ 73.1497436, 28.1489231, 0.0 ], [ 73.1497488, 28.1486198, 0.0 ] ], [ [ 73.1496928, 28.1486191, 0.0 ], [ 73.1497159, 28.1486194, 0.0 ], [ 73.1497107, 28.1489227, 0.0 ], [ 73.1496876, 28.1489223, 0.0 ], [ 73.1496928, 28.1486191, 0.0 ] ], [ [ 73.1497434, 28.1489315, 0.0 ], [ 73.1497666, 28.1489318, 0.0 ], [ 73.1497613, 28.1492351, 0.0 ], [ 73.1497382, 28.1492348, 0.0 ], [ 73.1497434, 28.1489315, 0.0 ] ], [ [ 73.1496874, 28.1489308, 0.0 ], [ 73.1497106, 28.1489311, 0.0 ], [ 73.1497054, 28.1492343, 0.0 ], [ 73.1496822, 28.149234, 0.0 ], [ 73.1496874, 28.1489308, 0.0 ] ], [ [ 73.1496368, 28.1486183, 0.0 ], [ 73.14966, 28.1486186, 0.0 ], [ 73.1496547, 28.1489219, 0.0 ], [ 73.1496316, 28.1489216, 0.0 ], [ 73.1496368, 28.1486183, 0.0 ] ], [ [ 73.1495808, 28.1486176, 0.0 ], [ 73.149604, 28.1486179, 0.0 ], [ 73.1495987, 28.1489211, 0.0 ], [ 73.1495756, 28.1489208, 0.0 ], [ 73.1495808, 28.1486176, 0.0 ] ], [ [ 73.1496315, 28.14893, 0.0 ], [ 73.1496546, 28.1489303, 0.0 ], [ 73.1496494, 28.1492336, 0.0 ], [ 73.1496262, 28.1492333, 0.0 ], [ 73.1496315, 28.14893, 0.0 ] ], [ [ 73.1495755, 28.1489292, 0.0 ], [ 73.1495986, 28.1489296, 0.0 ], [ 73.1495934, 28.1492328, 0.0 ], [ 73.1495703, 28.1492325, 0.0 ], [ 73.1495755, 28.1489292, 0.0 ] ], [ [ 73.1495249, 28.1486168, 0.0 ], [ 73.149548, 28.1486171, 0.0 ], [ 73.1495428, 28.1489204, 0.0 ], [ 73.1495196, 28.1489201, 0.0 ], [ 73.1495249, 28.1486168, 0.0 ] ], [ [ 73.1494689, 28.148616, 0.0 ], [ 73.149492, 28.1486164, 0.0 ], [ 73.1494868, 28.1489196, 0.0 ], [ 73.1494636, 28.1489193, 0.0 ], [ 73.1494689, 28.148616, 0.0 ] ], [ [ 73.1495195, 28.1489285, 0.0 ], [ 73.1495426, 28.1489288, 0.0 ], [ 73.1495374, 28.1492321, 0.0 ], [ 73.1495143, 28.1492318, 0.0 ], [ 73.1495195, 28.1489285, 0.0 ] ], [ [ 73.1494635, 28.1489277, 0.0 ], [ 73.1494866, 28.148928, 0.0 ], [ 73.1494814, 28.1492313, 0.0 ], [ 73.1494583, 28.149231, 0.0 ], [ 73.1494635, 28.1489277, 0.0 ] ], [ [ 73.1494129, 28.1486153, 0.0 ], [ 73.149436, 28.1486156, 0.0 ], [ 73.1494308, 28.1489189, 0.0 ], [ 73.1494077, 28.1489186, 0.0 ], [ 73.1494129, 28.1486153, 0.0 ] ], [ [ 73.1493569, 28.1486145, 0.0 ], [ 73.14938, 28.1486148, 0.0 ], [ 73.1493748, 28.1489181, 0.0 ], [ 73.1493517, 28.1489178, 0.0 ], [ 73.1493569, 28.1486145, 0.0 ] ], [ [ 73.1494075, 28.148927, 0.0 ], [ 73.1494306, 28.1489273, 0.0 ], [ 73.1494254, 28.1492306, 0.0 ], [ 73.1494023, 28.1492302, 0.0 ], [ 73.1494075, 28.148927, 0.0 ] ], [ [ 73.1493515, 28.1489262, 0.0 ], [ 73.1493747, 28.1489265, 0.0 ], [ 73.1493694, 28.1492298, 0.0 ], [ 73.1493463, 28.1492295, 0.0 ], [ 73.1493515, 28.1489262, 0.0 ] ], [ [ 73.1493009, 28.1486138, 0.0 ], [ 73.149324, 28.1486141, 0.0 ], [ 73.1493188, 28.1489174, 0.0 ], [ 73.1492957, 28.148917, 0.0 ], [ 73.1493009, 28.1486138, 0.0 ] ], [ [ 73.1492449, 28.148613, 0.0 ], [ 73.149268, 28.1486133, 0.0 ], [ 73.1492628, 28.1489166, 0.0 ], [ 73.1492397, 28.1489163, 0.0 ], [ 73.1492449, 28.148613, 0.0 ] ], [ [ 73.1492955, 28.1489255, 0.0 ], [ 73.1493187, 28.1489258, 0.0 ], [ 73.1493135, 28.149229, 0.0 ], [ 73.1492903, 28.1492287, 0.0 ], [ 73.1492955, 28.1489255, 0.0 ] ], [ [ 73.1492396, 28.1489247, 0.0 ], [ 73.1492627, 28.148925, 0.0 ], [ 73.1492575, 28.1492283, 0.0 ], [ 73.1492343, 28.149228, 0.0 ], [ 73.1492396, 28.1489247, 0.0 ] ], [ [ 73.1491889, 28.1486123, 0.0 ], [ 73.1492121, 28.1486126, 0.0 ], [ 73.1492068, 28.1489158, 0.0 ], [ 73.1491837, 28.1489155, 0.0 ], [ 73.1491889, 28.1486123, 0.0 ] ], [ [ 73.1491329, 28.1486115, 0.0 ], [ 73.1491561, 28.1486118, 0.0 ], [ 73.1491509, 28.1489151, 0.0 ], [ 73.1491277, 28.1489148, 0.0 ], [ 73.1491329, 28.1486115, 0.0 ] ], [ [ 73.1491836, 28.148924, 0.0 ], [ 73.1492067, 28.1489243, 0.0 ], [ 73.1492015, 28.1492275, 0.0 ], [ 73.1491784, 28.1492272, 0.0 ], [ 73.1491836, 28.148924, 0.0 ] ], [ [ 73.1491276, 28.1489232, 0.0 ], [ 73.1491507, 28.1489235, 0.0 ], [ 73.1491455, 28.1492268, 0.0 ], [ 73.1491224, 28.1492265, 0.0 ], [ 73.1491276, 28.1489232, 0.0 ] ], [ [ 73.1507638, 28.1482084, 0.0 ], [ 73.150787, 28.1482087, 0.0 ], [ 73.1507818, 28.148512, 0.0 ], [ 73.1507586, 28.1485116, 0.0 ], [ 73.1507638, 28.1482084, 0.0 ] ], [ [ 73.1507079, 28.1482076, 0.0 ], [ 73.150731, 28.1482079, 0.0 ], [ 73.1507258, 28.1485112, 0.0 ], [ 73.1507027, 28.1485109, 0.0 ], [ 73.1507079, 28.1482076, 0.0 ] ], [ [ 73.1507585, 28.1485201, 0.0 ], [ 73.1507816, 28.1485204, 0.0 ], [ 73.1507764, 28.1488236, 0.0 ], [ 73.1507533, 28.1488233, 0.0 ], [ 73.1507585, 28.1485201, 0.0 ] ], [ [ 73.1507025, 28.1485193, 0.0 ], [ 73.1507256, 28.1485196, 0.0 ], [ 73.1507204, 28.1488229, 0.0 ], [ 73.1506973, 28.1488226, 0.0 ], [ 73.1507025, 28.1485193, 0.0 ] ], [ [ 73.1506519, 28.1482069, 0.0 ], [ 73.150675, 28.1482072, 0.0 ], [ 73.1506698, 28.1485104, 0.0 ], [ 73.1506467, 28.1485101, 0.0 ], [ 73.1506519, 28.1482069, 0.0 ] ], [ [ 73.1505959, 28.1482061, 0.0 ], [ 73.150619, 28.1482064, 0.0 ], [ 73.1506138, 28.1485097, 0.0 ], [ 73.1505907, 28.1485094, 0.0 ], [ 73.1505959, 28.1482061, 0.0 ] ], [ [ 73.1506465, 28.1485185, 0.0 ], [ 73.1506696, 28.1485189, 0.0 ], [ 73.1506644, 28.1488221, 0.0 ], [ 73.1506413, 28.1488218, 0.0 ], [ 73.1506465, 28.1485185, 0.0 ] ], [ [ 73.1505905, 28.1485178, 0.0 ], [ 73.1506137, 28.1485181, 0.0 ], [ 73.1506085, 28.1488214, 0.0 ], [ 73.1505853, 28.1488211, 0.0 ], [ 73.1505905, 28.1485178, 0.0 ] ], [ [ 73.1505432, 28.1480109, 0.0 ], [ 73.1505664, 28.1480113, 0.0 ], [ 73.1505612, 28.1483145, 0.0 ], [ 73.150538, 28.1483142, 0.0 ], [ 73.1505432, 28.1480109, 0.0 ] ], [ [ 73.1504873, 28.1480102, 0.0 ], [ 73.1505104, 28.1480105, 0.0 ], [ 73.1505052, 28.1483138, 0.0 ], [ 73.150482, 28.1483135, 0.0 ], [ 73.1504873, 28.1480102, 0.0 ] ], [ [ 73.1505379, 28.1483226, 0.0 ], [ 73.150561, 28.1483229, 0.0 ], [ 73.1505558, 28.1486262, 0.0 ], [ 73.1505327, 28.1486259, 0.0 ], [ 73.1505379, 28.1483226, 0.0 ] ], [ [ 73.1504819, 28.1483219, 0.0 ], [ 73.150505, 28.1483222, 0.0 ], [ 73.1504998, 28.1486255, 0.0 ], [ 73.1504767, 28.1486251, 0.0 ], [ 73.1504819, 28.1483219, 0.0 ] ], [ [ 73.1504313, 28.1480094, 0.0 ], [ 73.1504544, 28.1480097, 0.0 ], [ 73.1504492, 28.148313, 0.0 ], [ 73.1504261, 28.1483127, 0.0 ], [ 73.1504313, 28.1480094, 0.0 ] ], [ [ 73.1503753, 28.1480087, 0.0 ], [ 73.1503984, 28.148009, 0.0 ], [ 73.1503932, 28.1483123, 0.0 ], [ 73.1503701, 28.148312, 0.0 ], [ 73.1503753, 28.1480087, 0.0 ] ], [ [ 73.1504259, 28.1483211, 0.0 ], [ 73.150449, 28.1483214, 0.0 ], [ 73.1504438, 28.1486247, 0.0 ], [ 73.1504207, 28.1486244, 0.0 ], [ 73.1504259, 28.1483211, 0.0 ] ], [ [ 73.1503699, 28.1483204, 0.0 ], [ 73.1503931, 28.1483207, 0.0 ], [ 73.1503878, 28.1486239, 0.0 ], [ 73.1503647, 28.1486236, 0.0 ], [ 73.1503699, 28.1483204, 0.0 ] ], [ [ 73.1503193, 28.1480079, 0.0 ], [ 73.1503424, 28.1480082, 0.0 ], [ 73.1503372, 28.1483115, 0.0 ], [ 73.1503141, 28.1483112, 0.0 ], [ 73.1503193, 28.1480079, 0.0 ] ], [ [ 73.1502633, 28.1480072, 0.0 ], [ 73.1502864, 28.1480075, 0.0 ], [ 73.1502812, 28.1483108, 0.0 ], [ 73.1502581, 28.1483104, 0.0 ], [ 73.1502633, 28.1480072, 0.0 ] ], [ [ 73.1503139, 28.1483196, 0.0 ], [ 73.1503371, 28.1483199, 0.0 ], [ 73.1503319, 28.1486232, 0.0 ], [ 73.1503087, 28.1486229, 0.0 ], [ 73.1503139, 28.1483196, 0.0 ] ], [ [ 73.150258, 28.1483189, 0.0 ], [ 73.1502811, 28.1483192, 0.0 ], [ 73.1502759, 28.1486224, 0.0 ], [ 73.1502527, 28.1486221, 0.0 ], [ 73.150258, 28.1483189, 0.0 ] ], [ [ 73.1502073, 28.1480064, 0.0 ], [ 73.1502305, 28.1480067, 0.0 ], [ 73.1502252, 28.14831, 0.0 ], [ 73.1502021, 28.1483097, 0.0 ], [ 73.1502073, 28.1480064, 0.0 ] ], [ [ 73.1501513, 28.1480057, 0.0 ], [ 73.1501745, 28.148006, 0.0 ], [ 73.1501693, 28.1483092, 0.0 ], [ 73.1501461, 28.1483089, 0.0 ], [ 73.1501513, 28.1480057, 0.0 ] ], [ [ 73.150202, 28.1483181, 0.0 ], [ 73.1502251, 28.1483184, 0.0 ], [ 73.1502199, 28.1486217, 0.0 ], [ 73.1501968, 28.1486214, 0.0 ], [ 73.150202, 28.1483181, 0.0 ] ], [ [ 73.150146, 28.1483173, 0.0 ], [ 73.1501691, 28.1483177, 0.0 ], [ 73.1501639, 28.1486209, 0.0 ], [ 73.1501408, 28.1486206, 0.0 ], [ 73.150146, 28.1483173, 0.0 ] ], [ [ 73.1500954, 28.1480049, 0.0 ], [ 73.1501185, 28.1480052, 0.0 ], [ 73.1501133, 28.1483085, 0.0 ], [ 73.1500901, 28.1483082, 0.0 ], [ 73.1500954, 28.1480049, 0.0 ] ], [ [ 73.1500394, 28.1480041, 0.0 ], [ 73.1500625, 28.1480045, 0.0 ], [ 73.1500573, 28.1483077, 0.0 ], [ 73.1500342, 28.1483074, 0.0 ], [ 73.1500394, 28.1480041, 0.0 ] ], [ [ 73.15009, 28.1483166, 0.0 ], [ 73.1501131, 28.1483169, 0.0 ], [ 73.1501079, 28.1486202, 0.0 ], [ 73.1500848, 28.1486199, 0.0 ], [ 73.15009, 28.1483166, 0.0 ] ], [ [ 73.150034, 28.1483158, 0.0 ], [ 73.1500571, 28.1483161, 0.0 ], [ 73.1500519, 28.1486194, 0.0 ], [ 73.1500288, 28.1486191, 0.0 ], [ 73.150034, 28.1483158, 0.0 ] ], [ [ 73.1499834, 28.1480034, 0.0 ], [ 73.1500065, 28.1480037, 0.0 ], [ 73.1500013, 28.148307, 0.0 ], [ 73.1499782, 28.1483067, 0.0 ], [ 73.1499834, 28.1480034, 0.0 ] ], [ [ 73.1499274, 28.1480026, 0.0 ], [ 73.1499505, 28.1480029, 0.0 ], [ 73.1499453, 28.1483062, 0.0 ], [ 73.1499222, 28.1483059, 0.0 ], [ 73.1499274, 28.1480026, 0.0 ] ], [ [ 73.149978, 28.1483151, 0.0 ], [ 73.1500012, 28.1483154, 0.0 ], [ 73.1499959, 28.1486187, 0.0 ], [ 73.1499728, 28.1486183, 0.0 ], [ 73.149978, 28.1483151, 0.0 ] ], [ [ 73.149922, 28.1483143, 0.0 ], [ 73.1499452, 28.1483146, 0.0 ], [ 73.14994, 28.1486179, 0.0 ], [ 73.1499168, 28.1486176, 0.0 ], [ 73.149922, 28.1483143, 0.0 ] ], [ [ 73.1498714, 28.1480019, 0.0 ], [ 73.1498945, 28.1480022, 0.0 ], [ 73.1498893, 28.1483055, 0.0 ], [ 73.1498662, 28.1483051, 0.0 ], [ 73.1498714, 28.1480019, 0.0 ] ], [ [ 73.1498154, 28.1480011, 0.0 ], [ 73.1498386, 28.1480014, 0.0 ], [ 73.1498333, 28.1483047, 0.0 ], [ 73.1498102, 28.1483044, 0.0 ], [ 73.1498154, 28.1480011, 0.0 ] ], [ [ 73.1498661, 28.1483136, 0.0 ], [ 73.1498892, 28.1483139, 0.0 ], [ 73.149884, 28.1486171, 0.0 ], [ 73.1498608, 28.1486168, 0.0 ], [ 73.1498661, 28.1483136, 0.0 ] ], [ [ 73.1498101, 28.1483128, 0.0 ], [ 73.1498332, 28.1483131, 0.0 ], [ 73.149828, 28.1486164, 0.0 ], [ 73.1498049, 28.1486161, 0.0 ], [ 73.1498101, 28.1483128, 0.0 ] ], [ [ 73.1497594, 28.1480004, 0.0 ], [ 73.1497826, 28.1480007, 0.0 ], [ 73.1497774, 28.1483039, 0.0 ], [ 73.1497542, 28.1483036, 0.0 ], [ 73.1497594, 28.1480004, 0.0 ] ], [ [ 73.1497035, 28.1479996, 0.0 ], [ 73.1497266, 28.1479999, 0.0 ], [ 73.1497214, 28.1483032, 0.0 ], [ 73.1496982, 28.1483029, 0.0 ], [ 73.1497035, 28.1479996, 0.0 ] ], [ [ 73.1497541, 28.1483121, 0.0 ], [ 73.1497772, 28.1483124, 0.0 ], [ 73.149772, 28.1486156, 0.0 ], [ 73.1497489, 28.1486153, 0.0 ], [ 73.1497541, 28.1483121, 0.0 ] ], [ [ 73.1496981, 28.1483113, 0.0 ], [ 73.1497212, 28.1483116, 0.0 ], [ 73.149716, 28.1486149, 0.0 ], [ 73.1496929, 28.1486146, 0.0 ], [ 73.1496981, 28.1483113, 0.0 ] ], [ [ 73.1496475, 28.1479989, 0.0 ], [ 73.1496706, 28.1479992, 0.0 ], [ 73.1496654, 28.1483024, 0.0 ], [ 73.1496423, 28.1483021, 0.0 ], [ 73.1496475, 28.1479989, 0.0 ] ], [ [ 73.1495915, 28.1479981, 0.0 ], [ 73.1496146, 28.1479984, 0.0 ], [ 73.1496094, 28.1483017, 0.0 ], [ 73.1495863, 28.1483014, 0.0 ], [ 73.1495915, 28.1479981, 0.0 ] ], [ [ 73.1496421, 28.1483105, 0.0 ], [ 73.1496652, 28.1483109, 0.0 ], [ 73.14966, 28.1486141, 0.0 ], [ 73.1496369, 28.1486138, 0.0 ], [ 73.1496421, 28.1483105, 0.0 ] ], [ [ 73.1495861, 28.1483098, 0.0 ], [ 73.1496093, 28.1483101, 0.0 ], [ 73.149604, 28.1486134, 0.0 ], [ 73.1495809, 28.1486131, 0.0 ], [ 73.1495861, 28.1483098, 0.0 ] ], [ [ 73.1495355, 28.1479973, 0.0 ], [ 73.1495586, 28.1479977, 0.0 ], [ 73.1495534, 28.1483009, 0.0 ], [ 73.1495303, 28.1483006, 0.0 ], [ 73.1495355, 28.1479973, 0.0 ] ], [ [ 73.1494795, 28.1479966, 0.0 ], [ 73.1495026, 28.1479969, 0.0 ], [ 73.1494974, 28.1483002, 0.0 ], [ 73.1494743, 28.1482999, 0.0 ], [ 73.1494795, 28.1479966, 0.0 ] ], [ [ 73.1495301, 28.148309, 0.0 ], [ 73.1495533, 28.1483093, 0.0 ], [ 73.1495481, 28.1486126, 0.0 ], [ 73.1495249, 28.1486123, 0.0 ], [ 73.1495301, 28.148309, 0.0 ] ], [ [ 73.1494742, 28.1483083, 0.0 ], [ 73.1494973, 28.1483086, 0.0 ], [ 73.1494921, 28.1486119, 0.0 ], [ 73.1494689, 28.1486115, 0.0 ], [ 73.1494742, 28.1483083, 0.0 ] ], [ [ 73.1494235, 28.1479958, 0.0 ], [ 73.1494467, 28.1479961, 0.0 ], [ 73.1494414, 28.1482994, 0.0 ], [ 73.1494183, 28.1482991, 0.0 ], [ 73.1494235, 28.1479958, 0.0 ] ], [ [ 73.1493675, 28.1479951, 0.0 ], [ 73.1493907, 28.1479954, 0.0 ], [ 73.1493855, 28.1482987, 0.0 ], [ 73.1493623, 28.1482983, 0.0 ], [ 73.1493675, 28.1479951, 0.0 ] ], [ [ 73.1494182, 28.1483075, 0.0 ], [ 73.1494413, 28.1483078, 0.0 ], [ 73.1494361, 28.1486111, 0.0 ], [ 73.149413, 28.1486108, 0.0 ], [ 73.1494182, 28.1483075, 0.0 ] ], [ [ 73.1493622, 28.1483068, 0.0 ], [ 73.1493853, 28.1483071, 0.0 ], [ 73.1493801, 28.1486103, 0.0 ], [ 73.149357, 28.14861, 0.0 ], [ 73.1493622, 28.1483068, 0.0 ] ], [ [ 73.1493116, 28.1479943, 0.0 ], [ 73.1493347, 28.1479946, 0.0 ], [ 73.1493295, 28.1482979, 0.0 ], [ 73.1493063, 28.1482976, 0.0 ], [ 73.1493116, 28.1479943, 0.0 ] ], [ [ 73.1492556, 28.1479936, 0.0 ], [ 73.1492787, 28.1479939, 0.0 ], [ 73.1492735, 28.1482971, 0.0 ], [ 73.1492504, 28.1482968, 0.0 ], [ 73.1492556, 28.1479936, 0.0 ] ], [ [ 73.1493062, 28.148306, 0.0 ], [ 73.1493293, 28.1483063, 0.0 ], [ 73.1493241, 28.1486096, 0.0 ], [ 73.149301, 28.1486093, 0.0 ], [ 73.1493062, 28.148306, 0.0 ] ], [ [ 73.1492502, 28.1483052, 0.0 ], [ 73.1492733, 28.1483056, 0.0 ], [ 73.1492681, 28.1486088, 0.0 ], [ 73.149245, 28.1486085, 0.0 ], [ 73.1492502, 28.1483052, 0.0 ] ], [ [ 73.1491996, 28.1479928, 0.0 ], [ 73.1492227, 28.1479931, 0.0 ], [ 73.1492175, 28.1482964, 0.0 ], [ 73.1491944, 28.1482961, 0.0 ], [ 73.1491996, 28.1479928, 0.0 ] ], [ [ 73.1491436, 28.147992, 0.0 ], [ 73.1491667, 28.1479924, 0.0 ], [ 73.1491615, 28.1482956, 0.0 ], [ 73.1491384, 28.1482953, 0.0 ], [ 73.1491436, 28.147992, 0.0 ] ], [ [ 73.1491942, 28.1483045, 0.0 ], [ 73.1492174, 28.1483048, 0.0 ], [ 73.1492121, 28.1486081, 0.0 ], [ 73.149189, 28.1486078, 0.0 ], [ 73.1491942, 28.1483045, 0.0 ] ], [ [ 73.1491382, 28.1483037, 0.0 ], [ 73.1491614, 28.148304, 0.0 ], [ 73.1491562, 28.1486073, 0.0 ], [ 73.149133, 28.148607, 0.0 ], [ 73.1491382, 28.1483037, 0.0 ] ], [ [ 73.1490876, 28.1479913, 0.0 ], [ 73.1491107, 28.1479916, 0.0 ], [ 73.1491055, 28.1482949, 0.0 ], [ 73.1490824, 28.1482946, 0.0 ], [ 73.1490876, 28.1479913, 0.0 ] ], [ [ 73.1490316, 28.1479905, 0.0 ], [ 73.1490548, 28.1479908, 0.0 ], [ 73.1490495, 28.1482941, 0.0 ], [ 73.1490264, 28.1482938, 0.0 ], [ 73.1490316, 28.1479905, 0.0 ] ], [ [ 73.1490823, 28.148303, 0.0 ], [ 73.1491054, 28.1483033, 0.0 ], [ 73.1491002, 28.1486066, 0.0 ], [ 73.149077, 28.1486062, 0.0 ], [ 73.1490823, 28.148303, 0.0 ] ], [ [ 73.1490263, 28.1483022, 0.0 ], [ 73.1490494, 28.1483025, 0.0 ], [ 73.1490442, 28.1486058, 0.0 ], [ 73.1490211, 28.1486055, 0.0 ], [ 73.1490263, 28.1483022, 0.0 ] ], [ [ 73.1489756, 28.1479898, 0.0 ], [ 73.1489988, 28.1479901, 0.0 ], [ 73.1489936, 28.1482934, 0.0 ], [ 73.1489704, 28.148293, 0.0 ], [ 73.1489756, 28.1479898, 0.0 ] ], [ [ 73.1489197, 28.147989, 0.0 ], [ 73.1489428, 28.1479893, 0.0 ], [ 73.1489376, 28.1482926, 0.0 ], [ 73.1489144, 28.1482923, 0.0 ], [ 73.1489197, 28.147989, 0.0 ] ], [ [ 73.1489703, 28.1483015, 0.0 ], [ 73.1489934, 28.1483018, 0.0 ], [ 73.1489882, 28.148605, 0.0 ], [ 73.1489651, 28.1486047, 0.0 ], [ 73.1489703, 28.1483015, 0.0 ] ], [ [ 73.1489143, 28.1483007, 0.0 ], [ 73.1489374, 28.148301, 0.0 ], [ 73.1489322, 28.1486043, 0.0 ], [ 73.1489091, 28.148604, 0.0 ], [ 73.1489143, 28.1483007, 0.0 ] ], [ [ 73.1488637, 28.1479883, 0.0 ], [ 73.1488868, 28.1479886, 0.0 ], [ 73.1488816, 28.1482918, 0.0 ], [ 73.1488585, 28.1482915, 0.0 ], [ 73.1488637, 28.1479883, 0.0 ] ], [ [ 73.1488077, 28.1479875, 0.0 ], [ 73.1488308, 28.1479878, 0.0 ], [ 73.1488256, 28.1482911, 0.0 ], [ 73.1488025, 28.1482908, 0.0 ], [ 73.1488077, 28.1479875, 0.0 ] ], [ [ 73.1488583, 28.1482999, 0.0 ], [ 73.1488814, 28.1483003, 0.0 ], [ 73.1488762, 28.1486035, 0.0 ], [ 73.1488531, 28.1486032, 0.0 ], [ 73.1488583, 28.1482999, 0.0 ] ], [ [ 73.1488023, 28.1482992, 0.0 ], [ 73.1488255, 28.1482995, 0.0 ], [ 73.1488202, 28.1486028, 0.0 ], [ 73.1487971, 28.1486025, 0.0 ], [ 73.1488023, 28.1482992, 0.0 ] ], [ [ 73.151233, 28.1469755, 0.0 ], [ 73.1512561, 28.1469758, 0.0 ], [ 73.1512509, 28.1472791, 0.0 ], [ 73.1512278, 28.1472787, 0.0 ], [ 73.151233, 28.1469755, 0.0 ] ], [ [ 73.151177, 28.1469747, 0.0 ], [ 73.1512002, 28.146975, 0.0 ], [ 73.151195, 28.1472783, 0.0 ], [ 73.1511718, 28.147278, 0.0 ], [ 73.151177, 28.1469747, 0.0 ] ], [ [ 73.1512277, 28.1472872, 0.0 ], [ 73.1512508, 28.1472875, 0.0 ], [ 73.1512456, 28.1475907, 0.0 ], [ 73.1512225, 28.1475904, 0.0 ], [ 73.1512277, 28.1472872, 0.0 ] ], [ [ 73.1511717, 28.1472864, 0.0 ], [ 73.1511948, 28.1472867, 0.0 ], [ 73.1511896, 28.14759, 0.0 ], [ 73.1511665, 28.1475897, 0.0 ], [ 73.1511717, 28.1472864, 0.0 ] ], [ [ 73.1511104, 28.1475934, 0.0 ], [ 73.1511335, 28.1475937, 0.0 ], [ 73.1511283, 28.147897, 0.0 ], [ 73.1511052, 28.1478967, 0.0 ], [ 73.1511104, 28.1475934, 0.0 ] ], [ [ 73.1510544, 28.1475927, 0.0 ], [ 73.1510775, 28.147593, 0.0 ], [ 73.1510723, 28.1478963, 0.0 ], [ 73.1510492, 28.1478959, 0.0 ], [ 73.1510544, 28.1475927, 0.0 ] ], [ [ 73.1511051, 28.1479051, 0.0 ], [ 73.1511282, 28.1479054, 0.0 ], [ 73.151123, 28.1482087, 0.0 ], [ 73.1510998, 28.1482084, 0.0 ], [ 73.1511051, 28.1479051, 0.0 ] ], [ [ 73.1510491, 28.1479044, 0.0 ], [ 73.1510722, 28.1479047, 0.0 ], [ 73.151067, 28.1482079, 0.0 ], [ 73.1510439, 28.1482076, 0.0 ], [ 73.1510491, 28.1479044, 0.0 ] ], [ [ 73.1511211, 28.146974, 0.0 ], [ 73.1511442, 28.1469743, 0.0 ], [ 73.151139, 28.1472775, 0.0 ], [ 73.1511158, 28.1472772, 0.0 ], [ 73.1511211, 28.146974, 0.0 ] ], [ [ 73.1510651, 28.1469732, 0.0 ], [ 73.1510882, 28.1469735, 0.0 ], [ 73.151083, 28.1472768, 0.0 ], [ 73.1510599, 28.1472765, 0.0 ], [ 73.1510651, 28.1469732, 0.0 ] ], [ [ 73.1511157, 28.1472857, 0.0 ], [ 73.1511388, 28.147286, 0.0 ], [ 73.1511336, 28.1475892, 0.0 ], [ 73.1511105, 28.1475889, 0.0 ], [ 73.1511157, 28.1472857, 0.0 ] ], [ [ 73.1510597, 28.1472849, 0.0 ], [ 73.1510828, 28.1472852, 0.0 ], [ 73.1510776, 28.1475885, 0.0 ], [ 73.1510545, 28.1475882, 0.0 ], [ 73.1510597, 28.1472849, 0.0 ] ], [ [ 73.1509984, 28.1475919, 0.0 ], [ 73.1510216, 28.1475922, 0.0 ], [ 73.1510164, 28.1478955, 0.0 ], [ 73.1509932, 28.1478952, 0.0 ], [ 73.1509984, 28.1475919, 0.0 ] ], [ [ 73.1509425, 28.1475912, 0.0 ], [ 73.1509656, 28.1475915, 0.0 ], [ 73.1509604, 28.1478947, 0.0 ], [ 73.1509372, 28.1478944, 0.0 ], [ 73.1509425, 28.1475912, 0.0 ] ], [ [ 73.1509931, 28.1479036, 0.0 ], [ 73.1510162, 28.1479039, 0.0 ], [ 73.151011, 28.1482072, 0.0 ], [ 73.1509879, 28.1482069, 0.0 ], [ 73.1509931, 28.1479036, 0.0 ] ], [ [ 73.1509371, 28.1479029, 0.0 ], [ 73.1509602, 28.1479032, 0.0 ], [ 73.150955, 28.1482064, 0.0 ], [ 73.1509319, 28.1482061, 0.0 ], [ 73.1509371, 28.1479029, 0.0 ] ], [ [ 73.1510091, 28.1469725, 0.0 ], [ 73.1510322, 28.1469728, 0.0 ], [ 73.151027, 28.147276, 0.0 ], [ 73.1510039, 28.1472757, 0.0 ], [ 73.1510091, 28.1469725, 0.0 ] ], [ [ 73.1509531, 28.1469717, 0.0 ], [ 73.1509762, 28.146972, 0.0 ], [ 73.150971, 28.1472753, 0.0 ], [ 73.1509479, 28.147275, 0.0 ], [ 73.1509531, 28.1469717, 0.0 ] ], [ [ 73.1510037, 28.1472841, 0.0 ], [ 73.1510269, 28.1472845, 0.0 ], [ 73.1510216, 28.1475877, 0.0 ], [ 73.1509985, 28.1475874, 0.0 ], [ 73.1510037, 28.1472841, 0.0 ] ], [ [ 73.1509477, 28.1472834, 0.0 ], [ 73.1509709, 28.1472837, 0.0 ], [ 73.1509657, 28.147587, 0.0 ], [ 73.1509425, 28.1475867, 0.0 ], [ 73.1509477, 28.1472834, 0.0 ] ], [ [ 73.1508865, 28.1475904, 0.0 ], [ 73.1509096, 28.1475907, 0.0 ], [ 73.1509044, 28.147894, 0.0 ], [ 73.1508813, 28.1478937, 0.0 ], [ 73.1508865, 28.1475904, 0.0 ] ], [ [ 73.1508305, 28.1475897, 0.0 ], [ 73.1508536, 28.14759, 0.0 ], [ 73.1508484, 28.1478932, 0.0 ], [ 73.1508253, 28.1478929, 0.0 ], [ 73.1508305, 28.1475897, 0.0 ] ], [ [ 73.1508811, 28.1479021, 0.0 ], [ 73.1509042, 28.1479024, 0.0 ], [ 73.150899, 28.1482057, 0.0 ], [ 73.1508759, 28.1482054, 0.0 ], [ 73.1508811, 28.1479021, 0.0 ] ], [ [ 73.1508251, 28.1479013, 0.0 ], [ 73.1508483, 28.1479017, 0.0 ], [ 73.150843, 28.1482049, 0.0 ], [ 73.1508199, 28.1482046, 0.0 ], [ 73.1508251, 28.1479013, 0.0 ] ], [ [ 73.1508971, 28.1469709, 0.0 ], [ 73.1509202, 28.1469713, 0.0 ], [ 73.150915, 28.1472745, 0.0 ], [ 73.1508919, 28.1472742, 0.0 ], [ 73.1508971, 28.1469709, 0.0 ] ], [ [ 73.1508411, 28.1469702, 0.0 ], [ 73.1508643, 28.1469705, 0.0 ], [ 73.150859, 28.1472738, 0.0 ], [ 73.1508359, 28.1472735, 0.0 ], [ 73.1508411, 28.1469702, 0.0 ] ], [ [ 73.1508918, 28.1472826, 0.0 ], [ 73.1509149, 28.1472829, 0.0 ], [ 73.1509097, 28.1475862, 0.0 ], [ 73.1508865, 28.1475859, 0.0 ], [ 73.1508918, 28.1472826, 0.0 ] ], [ [ 73.1508358, 28.1472819, 0.0 ], [ 73.1508589, 28.1472822, 0.0 ], [ 73.1508537, 28.1475855, 0.0 ], [ 73.1508306, 28.1475851, 0.0 ], [ 73.1508358, 28.1472819, 0.0 ] ], [ [ 73.1507745, 28.1475889, 0.0 ], [ 73.1507976, 28.1475892, 0.0 ], [ 73.1507924, 28.1478925, 0.0 ], [ 73.1507693, 28.1478922, 0.0 ], [ 73.1507745, 28.1475889, 0.0 ] ], [ [ 73.1507185, 28.1475881, 0.0 ], [ 73.1507416, 28.1475885, 0.0 ], [ 73.1507364, 28.1478917, 0.0 ], [ 73.1507133, 28.1478914, 0.0 ], [ 73.1507185, 28.1475881, 0.0 ] ], [ [ 73.1507691, 28.1479006, 0.0 ], [ 73.1507923, 28.1479009, 0.0 ], [ 73.1507871, 28.1482042, 0.0 ], [ 73.1507639, 28.1482039, 0.0 ], [ 73.1507691, 28.1479006, 0.0 ] ], [ [ 73.1507132, 28.1478998, 0.0 ], [ 73.1507363, 28.1479001, 0.0 ], [ 73.1507311, 28.1482034, 0.0 ], [ 73.1507079, 28.1482031, 0.0 ], [ 73.1507132, 28.1478998, 0.0 ] ], [ [ 73.1507851, 28.1469694, 0.0 ], [ 73.1508083, 28.1469697, 0.0 ], [ 73.1508031, 28.147273, 0.0 ], [ 73.1507799, 28.1472727, 0.0 ], [ 73.1507851, 28.1469694, 0.0 ] ], [ [ 73.1507292, 28.1469687, 0.0 ], [ 73.1507523, 28.146969, 0.0 ], [ 73.1507471, 28.1472723, 0.0 ], [ 73.1507239, 28.1472719, 0.0 ], [ 73.1507292, 28.1469687, 0.0 ] ], [ [ 73.1507798, 28.1472811, 0.0 ], [ 73.1508029, 28.1472814, 0.0 ], [ 73.1507977, 28.1475847, 0.0 ], [ 73.1507746, 28.1475844, 0.0 ], [ 73.1507798, 28.1472811, 0.0 ] ], [ [ 73.1507238, 28.1472804, 0.0 ], [ 73.1507469, 28.1472807, 0.0 ], [ 73.1507417, 28.1475839, 0.0 ], [ 73.1507186, 28.1475836, 0.0 ], [ 73.1507238, 28.1472804, 0.0 ] ], [ [ 73.1506625, 28.1475874, 0.0 ], [ 73.1506857, 28.1475877, 0.0 ], [ 73.1506804, 28.147891, 0.0 ], [ 73.1506573, 28.1478907, 0.0 ], [ 73.1506625, 28.1475874, 0.0 ] ], [ [ 73.1506065, 28.1475866, 0.0 ], [ 73.1506297, 28.1475869, 0.0 ], [ 73.1506245, 28.1478902, 0.0 ], [ 73.1506013, 28.1478899, 0.0 ], [ 73.1506065, 28.1475866, 0.0 ] ], [ [ 73.1506572, 28.1478991, 0.0 ], [ 73.1506803, 28.1478994, 0.0 ], [ 73.1506751, 28.1482027, 0.0 ], [ 73.150652, 28.1482023, 0.0 ], [ 73.1506572, 28.1478991, 0.0 ] ], [ [ 73.1506012, 28.1478983, 0.0 ], [ 73.1506243, 28.1478986, 0.0 ], [ 73.1506191, 28.1482019, 0.0 ], [ 73.150596, 28.1482016, 0.0 ], [ 73.1506012, 28.1478983, 0.0 ] ], [ [ 73.1506732, 28.1469679, 0.0 ], [ 73.1506963, 28.1469682, 0.0 ], [ 73.1506911, 28.1472715, 0.0 ], [ 73.150668, 28.1472712, 0.0 ], [ 73.1506732, 28.1469679, 0.0 ] ], [ [ 73.1506172, 28.1469672, 0.0 ], [ 73.1506403, 28.1469675, 0.0 ], [ 73.1506351, 28.1472707, 0.0 ], [ 73.150612, 28.1472704, 0.0 ], [ 73.1506172, 28.1469672, 0.0 ] ], [ [ 73.1506678, 28.1472796, 0.0 ], [ 73.1506909, 28.1472799, 0.0 ], [ 73.1506857, 28.1475832, 0.0 ], [ 73.1506626, 28.1475829, 0.0 ], [ 73.1506678, 28.1472796, 0.0 ] ], [ [ 73.1506118, 28.1472789, 0.0 ], [ 73.150635, 28.1472792, 0.0 ], [ 73.1506297, 28.1475824, 0.0 ], [ 73.1506066, 28.1475821, 0.0 ], [ 73.1506118, 28.1472789, 0.0 ] ], [ [ 73.1505539, 28.1473915, 0.0 ], [ 73.150577, 28.1473918, 0.0 ], [ 73.1505718, 28.1476951, 0.0 ], [ 73.1505487, 28.1476948, 0.0 ], [ 73.1505539, 28.1473915, 0.0 ] ], [ [ 73.1504979, 28.1473907, 0.0 ], [ 73.150521, 28.147391, 0.0 ], [ 73.1505158, 28.1476943, 0.0 ], [ 73.1504927, 28.147694, 0.0 ], [ 73.1504979, 28.1473907, 0.0 ] ], [ [ 73.1505485, 28.1477032, 0.0 ], [ 73.1505717, 28.1477035, 0.0 ], [ 73.1505665, 28.1480067, 0.0 ], [ 73.1505433, 28.1480064, 0.0 ], [ 73.1505485, 28.1477032, 0.0 ] ], [ [ 73.1504926, 28.1477024, 0.0 ], [ 73.1505157, 28.1477027, 0.0 ], [ 73.1505105, 28.148006, 0.0 ], [ 73.1504873, 28.1480057, 0.0 ], [ 73.1504926, 28.1477024, 0.0 ] ], [ [ 73.1505645, 28.146772, 0.0 ], [ 73.1505877, 28.1467723, 0.0 ], [ 73.1505825, 28.1470756, 0.0 ], [ 73.1505593, 28.1470753, 0.0 ], [ 73.1505645, 28.146772, 0.0 ] ], [ [ 73.1505086, 28.1467713, 0.0 ], [ 73.1505317, 28.1467716, 0.0 ], [ 73.1505265, 28.1470748, 0.0 ], [ 73.1505033, 28.1470745, 0.0 ], [ 73.1505086, 28.1467713, 0.0 ] ], [ [ 73.1505592, 28.1470837, 0.0 ], [ 73.1505823, 28.147084, 0.0 ], [ 73.1505771, 28.1473873, 0.0 ], [ 73.150554, 28.147387, 0.0 ], [ 73.1505592, 28.1470837, 0.0 ] ], [ [ 73.1505032, 28.1470829, 0.0 ], [ 73.1505263, 28.1470833, 0.0 ], [ 73.1505211, 28.1473865, 0.0 ], [ 73.150498, 28.1473862, 0.0 ], [ 73.1505032, 28.1470829, 0.0 ] ], [ [ 73.1505752, 28.1461525, 0.0 ], [ 73.1505983, 28.1461529, 0.0 ], [ 73.1505931, 28.1464561, 0.0 ], [ 73.15057, 28.1464558, 0.0 ], [ 73.1505752, 28.1461525, 0.0 ] ], [ [ 73.1505192, 28.1461518, 0.0 ], [ 73.1505423, 28.1461521, 0.0 ], [ 73.1505371, 28.1464554, 0.0 ], [ 73.150514, 28.1464551, 0.0 ], [ 73.1505192, 28.1461518, 0.0 ] ], [ [ 73.1505698, 28.1464642, 0.0 ], [ 73.150593, 28.1464645, 0.0 ], [ 73.1505877, 28.1467678, 0.0 ], [ 73.1505646, 28.1467675, 0.0 ], [ 73.1505698, 28.1464642, 0.0 ] ], [ [ 73.1505138, 28.1464635, 0.0 ], [ 73.150537, 28.1464638, 0.0 ], [ 73.1505318, 28.1467671, 0.0 ], [ 73.1505086, 28.1467667, 0.0 ], [ 73.1505138, 28.1464635, 0.0 ] ], [ [ 73.1504419, 28.14739, 0.0 ], [ 73.150465, 28.1473903, 0.0 ], [ 73.1504598, 28.1476936, 0.0 ], [ 73.1504367, 28.1476932, 0.0 ], [ 73.1504419, 28.14739, 0.0 ] ], [ [ 73.1503859, 28.1473892, 0.0 ], [ 73.1504091, 28.1473895, 0.0 ], [ 73.1504039, 28.1476928, 0.0 ], [ 73.1503807, 28.1476925, 0.0 ], [ 73.1503859, 28.1473892, 0.0 ] ], [ [ 73.1504366, 28.1477017, 0.0 ], [ 73.1504597, 28.147702, 0.0 ], [ 73.1504545, 28.1480052, 0.0 ], [ 73.1504314, 28.1480049, 0.0 ], [ 73.1504366, 28.1477017, 0.0 ] ], [ [ 73.1503806, 28.1477009, 0.0 ], [ 73.1504037, 28.1477012, 0.0 ], [ 73.1503985, 28.1480045, 0.0 ], [ 73.1503754, 28.1480042, 0.0 ], [ 73.1503806, 28.1477009, 0.0 ] ], [ [ 73.1504526, 28.1467705, 0.0 ], [ 73.1504757, 28.1467708, 0.0 ], [ 73.1504705, 28.1470741, 0.0 ], [ 73.1504474, 28.1470738, 0.0 ], [ 73.1504526, 28.1467705, 0.0 ] ], [ [ 73.1503966, 28.1467697, 0.0 ], [ 73.1504197, 28.1467701, 0.0 ], [ 73.1504145, 28.1470733, 0.0 ], [ 73.1503914, 28.147073, 0.0 ], [ 73.1503966, 28.1467697, 0.0 ] ], [ [ 73.1504472, 28.1470822, 0.0 ], [ 73.1504703, 28.1470825, 0.0 ], [ 73.1504651, 28.1473858, 0.0 ], [ 73.150442, 28.1473855, 0.0 ], [ 73.1504472, 28.1470822, 0.0 ] ], [ [ 73.1503912, 28.1470814, 0.0 ], [ 73.1504144, 28.1470817, 0.0 ], [ 73.1504091, 28.147385, 0.0 ], [ 73.150386, 28.1473847, 0.0 ], [ 73.1503912, 28.1470814, 0.0 ] ], [ [ 73.1504632, 28.146151, 0.0 ], [ 73.1504863, 28.1461513, 0.0 ], [ 73.1504811, 28.1464546, 0.0 ], [ 73.150458, 28.1464543, 0.0 ], [ 73.1504632, 28.146151, 0.0 ] ], [ [ 73.1504072, 28.1461503, 0.0 ], [ 73.1504304, 28.1461506, 0.0 ], [ 73.1504251, 28.1464539, 0.0 ], [ 73.150402, 28.1464535, 0.0 ], [ 73.1504072, 28.1461503, 0.0 ] ], [ [ 73.1504579, 28.1464627, 0.0 ], [ 73.150481, 28.146463, 0.0 ], [ 73.1504758, 28.1467663, 0.0 ], [ 73.1504526, 28.146766, 0.0 ], [ 73.1504579, 28.1464627, 0.0 ] ], [ [ 73.1504019, 28.146462, 0.0 ], [ 73.150425, 28.1464623, 0.0 ], [ 73.1504198, 28.1467655, 0.0 ], [ 73.1503967, 28.1467652, 0.0 ], [ 73.1504019, 28.146462, 0.0 ] ], [ [ 73.15033, 28.1473885, 0.0 ], [ 73.1503531, 28.1473888, 0.0 ], [ 73.1503479, 28.147692, 0.0 ], [ 73.1503247, 28.1476917, 0.0 ], [ 73.15033, 28.1473885, 0.0 ] ], [ [ 73.150274, 28.1473877, 0.0 ], [ 73.1502971, 28.147388, 0.0 ], [ 73.1502919, 28.1476913, 0.0 ], [ 73.1502688, 28.147691, 0.0 ], [ 73.150274, 28.1473877, 0.0 ] ], [ [ 73.1503246, 28.1477001, 0.0 ], [ 73.1503477, 28.1477005, 0.0 ], [ 73.1503425, 28.1480037, 0.0 ], [ 73.1503194, 28.1480034, 0.0 ], [ 73.1503246, 28.1477001, 0.0 ] ], [ [ 73.1502686, 28.1476994, 0.0 ], [ 73.1502917, 28.1476997, 0.0 ], [ 73.1502865, 28.148003, 0.0 ], [ 73.1502634, 28.1480027, 0.0 ], [ 73.1502686, 28.1476994, 0.0 ] ], [ [ 73.1503406, 28.146769, 0.0 ], [ 73.1503637, 28.1467693, 0.0 ], [ 73.1503585, 28.1470726, 0.0 ], [ 73.1503354, 28.1470723, 0.0 ], [ 73.1503406, 28.146769, 0.0 ] ], [ [ 73.1502846, 28.1467682, 0.0 ], [ 73.1503077, 28.1467685, 0.0 ], [ 73.1503025, 28.1470718, 0.0 ], [ 73.1502794, 28.1470715, 0.0 ], [ 73.1502846, 28.1467682, 0.0 ] ], [ [ 73.1503352, 28.1470807, 0.0 ], [ 73.1503584, 28.147081, 0.0 ], [ 73.1503532, 28.1473843, 0.0 ], [ 73.15033, 28.1473839, 0.0 ], [ 73.1503352, 28.1470807, 0.0 ] ], [ [ 73.1502793, 28.1470799, 0.0 ], [ 73.1503024, 28.1470802, 0.0 ], [ 73.1502972, 28.1473835, 0.0 ], [ 73.150274, 28.1473832, 0.0 ], [ 73.1502793, 28.1470799, 0.0 ] ], [ [ 73.1503512, 28.1461495, 0.0 ], [ 73.1503744, 28.1461498, 0.0 ], [ 73.1503692, 28.1464531, 0.0 ], [ 73.150346, 28.1464528, 0.0 ], [ 73.1503512, 28.1461495, 0.0 ] ], [ [ 73.1502953, 28.1461488, 0.0 ], [ 73.1503184, 28.1461491, 0.0 ], [ 73.1503132, 28.1464523, 0.0 ], [ 73.15029, 28.146452, 0.0 ], [ 73.1502953, 28.1461488, 0.0 ] ], [ [ 73.1503459, 28.1464612, 0.0 ], [ 73.150369, 28.1464615, 0.0 ], [ 73.1503638, 28.1467648, 0.0 ], [ 73.1503407, 28.1467645, 0.0 ], [ 73.1503459, 28.1464612, 0.0 ] ], [ [ 73.1502899, 28.1464605, 0.0 ], [ 73.150313, 28.1464608, 0.0 ], [ 73.1503078, 28.146764, 0.0 ], [ 73.1502847, 28.1467637, 0.0 ], [ 73.1502899, 28.1464605, 0.0 ] ], [ [ 73.150218, 28.1473869, 0.0 ], [ 73.1502411, 28.1473873, 0.0 ], [ 73.1502359, 28.1476905, 0.0 ], [ 73.1502128, 28.1476902, 0.0 ], [ 73.150218, 28.1473869, 0.0 ] ], [ [ 73.150162, 28.1473862, 0.0 ], [ 73.1501851, 28.1473865, 0.0 ], [ 73.1501799, 28.1476898, 0.0 ], [ 73.1501568, 28.1476895, 0.0 ], [ 73.150162, 28.1473862, 0.0 ] ], [ [ 73.1502126, 28.1476986, 0.0 ], [ 73.1502357, 28.1476989, 0.0 ], [ 73.1502305, 28.1480022, 0.0 ], [ 73.1502074, 28.1480019, 0.0 ], [ 73.1502126, 28.1476986, 0.0 ] ], [ [ 73.1501566, 28.1476979, 0.0 ], [ 73.1501798, 28.1476982, 0.0 ], [ 73.1501746, 28.1480015, 0.0 ], [ 73.1501514, 28.1480011, 0.0 ], [ 73.1501566, 28.1476979, 0.0 ] ], [ [ 73.1502286, 28.1467675, 0.0 ], [ 73.1502518, 28.1467678, 0.0 ], [ 73.1502465, 28.1470711, 0.0 ], [ 73.1502234, 28.1470707, 0.0 ], [ 73.1502286, 28.1467675, 0.0 ] ], [ [ 73.1501726, 28.1467667, 0.0 ], [ 73.1501958, 28.146767, 0.0 ], [ 73.1501906, 28.1470703, 0.0 ], [ 73.1501674, 28.14707, 0.0 ], [ 73.1501726, 28.1467667, 0.0 ] ], [ [ 73.1502233, 28.1470792, 0.0 ], [ 73.1502464, 28.1470795, 0.0 ], [ 73.1502412, 28.1473827, 0.0 ], [ 73.1502181, 28.1473824, 0.0 ], [ 73.1502233, 28.1470792, 0.0 ] ], [ [ 73.1501673, 28.1470784, 0.0 ], [ 73.1501904, 28.1470787, 0.0 ], [ 73.1501852, 28.147382, 0.0 ], [ 73.1501621, 28.1473817, 0.0 ], [ 73.1501673, 28.1470784, 0.0 ] ], [ [ 73.1502393, 28.146148, 0.0 ], [ 73.1502624, 28.1461483, 0.0 ], [ 73.1502572, 28.1464516, 0.0 ], [ 73.1502341, 28.1464513, 0.0 ], [ 73.1502393, 28.146148, 0.0 ] ], [ [ 73.1501833, 28.1461473, 0.0 ], [ 73.1502064, 28.1461476, 0.0 ], [ 73.1502012, 28.1464508, 0.0 ], [ 73.1501781, 28.1464505, 0.0 ], [ 73.1501833, 28.1461473, 0.0 ] ], [ [ 73.1502339, 28.1464597, 0.0 ], [ 73.150257, 28.14646, 0.0 ], [ 73.1502518, 28.1467633, 0.0 ], [ 73.1502287, 28.146763, 0.0 ], [ 73.1502339, 28.1464597, 0.0 ] ], [ [ 73.1501779, 28.1464589, 0.0 ], [ 73.1502011, 28.1464593, 0.0 ], [ 73.1501958, 28.1467625, 0.0 ], [ 73.1501727, 28.1467622, 0.0 ], [ 73.1501779, 28.1464589, 0.0 ] ], [ [ 73.150106, 28.1473854, 0.0 ], [ 73.1501291, 28.1473857, 0.0 ], [ 73.1501239, 28.147689, 0.0 ], [ 73.1501008, 28.1476887, 0.0 ], [ 73.150106, 28.1473854, 0.0 ] ], [ [ 73.15005, 28.1473847, 0.0 ], [ 73.1500732, 28.147385, 0.0 ], [ 73.1500679, 28.1476883, 0.0 ], [ 73.1500448, 28.1476879, 0.0 ], [ 73.15005, 28.1473847, 0.0 ] ], [ [ 73.1501007, 28.1476971, 0.0 ], [ 73.1501238, 28.1476974, 0.0 ], [ 73.1501186, 28.1480007, 0.0 ], [ 73.1500954, 28.1480004, 0.0 ], [ 73.1501007, 28.1476971, 0.0 ] ], [ [ 73.1500447, 28.1476964, 0.0 ], [ 73.1500678, 28.1476967, 0.0 ], [ 73.1500626, 28.1479999, 0.0 ], [ 73.1500395, 28.1479996, 0.0 ], [ 73.1500447, 28.1476964, 0.0 ] ], [ [ 73.1501167, 28.146766, 0.0 ], [ 73.1501398, 28.1467663, 0.0 ], [ 73.1501346, 28.1470695, 0.0 ], [ 73.1501114, 28.1470692, 0.0 ], [ 73.1501167, 28.146766, 0.0 ] ], [ [ 73.1500607, 28.1467652, 0.0 ], [ 73.1500838, 28.1467655, 0.0 ], [ 73.1500786, 28.1470688, 0.0 ], [ 73.1500555, 28.1470685, 0.0 ], [ 73.1500607, 28.1467652, 0.0 ] ], [ [ 73.1501113, 28.1470777, 0.0 ], [ 73.1501344, 28.147078, 0.0 ], [ 73.1501292, 28.1473812, 0.0 ], [ 73.1501061, 28.1473809, 0.0 ], [ 73.1501113, 28.1470777, 0.0 ] ], [ [ 73.1500553, 28.1470769, 0.0 ], [ 73.1500784, 28.1470772, 0.0 ], [ 73.1500732, 28.1473805, 0.0 ], [ 73.1500501, 28.1473802, 0.0 ], [ 73.1500553, 28.1470769, 0.0 ] ], [ [ 73.1501273, 28.1461465, 0.0 ], [ 73.1501504, 28.1461468, 0.0 ], [ 73.1501452, 28.1464501, 0.0 ], [ 73.1501221, 28.1464498, 0.0 ], [ 73.1501273, 28.1461465, 0.0 ] ], [ [ 73.1500713, 28.1461457, 0.0 ], [ 73.1500944, 28.1461461, 0.0 ], [ 73.1500892, 28.1464493, 0.0 ], [ 73.1500661, 28.146449, 0.0 ], [ 73.1500713, 28.1461457, 0.0 ] ], [ [ 73.1501219, 28.1464582, 0.0 ], [ 73.1501451, 28.1464585, 0.0 ], [ 73.1501399, 28.1467618, 0.0 ], [ 73.1501167, 28.1467615, 0.0 ], [ 73.1501219, 28.1464582, 0.0 ] ], [ [ 73.150066, 28.1464574, 0.0 ], [ 73.1500891, 28.1464577, 0.0 ], [ 73.1500839, 28.146761, 0.0 ], [ 73.1500607, 28.1467607, 0.0 ], [ 73.150066, 28.1464574, 0.0 ] ], [ [ 73.149994, 28.1473839, 0.0 ], [ 73.1500172, 28.1473842, 0.0 ], [ 73.150012, 28.1476875, 0.0 ], [ 73.1499888, 28.1476872, 0.0 ], [ 73.149994, 28.1473839, 0.0 ] ], [ [ 73.1499381, 28.1473832, 0.0 ], [ 73.1499612, 28.1473835, 0.0 ], [ 73.149956, 28.1476867, 0.0 ], [ 73.1499328, 28.1476864, 0.0 ], [ 73.1499381, 28.1473832, 0.0 ] ], [ [ 73.1499887, 28.1476956, 0.0 ], [ 73.1500118, 28.1476959, 0.0 ], [ 73.1500066, 28.1479992, 0.0 ], [ 73.1499835, 28.1479989, 0.0 ], [ 73.1499887, 28.1476956, 0.0 ] ], [ [ 73.1499327, 28.1476949, 0.0 ], [ 73.1499558, 28.1476952, 0.0 ], [ 73.1499506, 28.1479984, 0.0 ], [ 73.1499275, 28.1479981, 0.0 ], [ 73.1499327, 28.1476949, 0.0 ] ], [ [ 73.1500047, 28.1467645, 0.0 ], [ 73.1500278, 28.1467648, 0.0 ], [ 73.1500226, 28.147068, 0.0 ], [ 73.1499995, 28.1470677, 0.0 ], [ 73.1500047, 28.1467645, 0.0 ] ], [ [ 73.1499487, 28.1467637, 0.0 ], [ 73.1499718, 28.146764, 0.0 ], [ 73.1499666, 28.1470673, 0.0 ], [ 73.1499435, 28.147067, 0.0 ], [ 73.1499487, 28.1467637, 0.0 ] ], [ [ 73.1499993, 28.1470761, 0.0 ], [ 73.1500225, 28.1470765, 0.0 ], [ 73.1500172, 28.1473797, 0.0 ], [ 73.1499941, 28.1473794, 0.0 ], [ 73.1499993, 28.1470761, 0.0 ] ], [ [ 73.1499433, 28.1470754, 0.0 ], [ 73.1499665, 28.1470757, 0.0 ], [ 73.1499613, 28.147379, 0.0 ], [ 73.1499381, 28.1473787, 0.0 ], [ 73.1499433, 28.1470754, 0.0 ] ], [ [ 73.1500153, 28.146145, 0.0 ], [ 73.1500385, 28.1461453, 0.0 ], [ 73.1500332, 28.1464486, 0.0 ], [ 73.1500101, 28.1464483, 0.0 ], [ 73.1500153, 28.146145, 0.0 ] ], [ [ 73.1499594, 28.1461442, 0.0 ], [ 73.1499825, 28.1461445, 0.0 ], [ 73.1499773, 28.1464478, 0.0 ], [ 73.1499541, 28.1464475, 0.0 ], [ 73.1499594, 28.1461442, 0.0 ] ], [ [ 73.15001, 28.1464567, 0.0 ], [ 73.1500331, 28.146457, 0.0 ], [ 73.1500279, 28.1467603, 0.0 ], [ 73.1500048, 28.1467599, 0.0 ], [ 73.15001, 28.1464567, 0.0 ] ], [ [ 73.149954, 28.1464559, 0.0 ], [ 73.1499771, 28.1464562, 0.0 ], [ 73.1499719, 28.1467595, 0.0 ], [ 73.1499488, 28.1467592, 0.0 ], [ 73.149954, 28.1464559, 0.0 ] ], [ [ 73.1498821, 28.1473824, 0.0 ], [ 73.1499052, 28.1473827, 0.0 ], [ 73.1499, 28.147686, 0.0 ], [ 73.1498769, 28.1476857, 0.0 ], [ 73.1498821, 28.1473824, 0.0 ] ], [ [ 73.1498261, 28.1473817, 0.0 ], [ 73.1498492, 28.147382, 0.0 ], [ 73.149844, 28.1476852, 0.0 ], [ 73.1498209, 28.1476849, 0.0 ], [ 73.1498261, 28.1473817, 0.0 ] ], [ [ 73.1498767, 28.1476941, 0.0 ], [ 73.1498998, 28.1476944, 0.0 ], [ 73.1498946, 28.1479977, 0.0 ], [ 73.1498715, 28.1479974, 0.0 ], [ 73.1498767, 28.1476941, 0.0 ] ], [ [ 73.1498207, 28.1476933, 0.0 ], [ 73.1498439, 28.1476937, 0.0 ], [ 73.1498386, 28.1479969, 0.0 ], [ 73.1498155, 28.1479966, 0.0 ], [ 73.1498207, 28.1476933, 0.0 ] ], [ [ 73.1498927, 28.1467629, 0.0 ], [ 73.1499158, 28.1467633, 0.0 ], [ 73.1499106, 28.1470665, 0.0 ], [ 73.1498875, 28.1470662, 0.0 ], [ 73.1498927, 28.1467629, 0.0 ] ], [ [ 73.1498367, 28.1467622, 0.0 ], [ 73.1498599, 28.1467625, 0.0 ], [ 73.1498546, 28.1470658, 0.0 ], [ 73.1498315, 28.1470655, 0.0 ], [ 73.1498367, 28.1467622, 0.0 ] ], [ [ 73.1498874, 28.1470746, 0.0 ], [ 73.1499105, 28.1470749, 0.0 ], [ 73.1499053, 28.1473782, 0.0 ], [ 73.1498821, 28.1473779, 0.0 ], [ 73.1498874, 28.1470746, 0.0 ] ], [ [ 73.1498314, 28.1470739, 0.0 ], [ 73.1498545, 28.1470742, 0.0 ], [ 73.1498493, 28.1473775, 0.0 ], [ 73.1498262, 28.1473771, 0.0 ], [ 73.1498314, 28.1470739, 0.0 ] ], [ [ 73.1499034, 28.1461435, 0.0 ], [ 73.1499265, 28.1461438, 0.0 ], [ 73.1499213, 28.1464471, 0.0 ], [ 73.1498982, 28.1464467, 0.0 ], [ 73.1499034, 28.1461435, 0.0 ] ], [ [ 73.1498474, 28.1461427, 0.0 ], [ 73.1498705, 28.146143, 0.0 ], [ 73.1498653, 28.1464463, 0.0 ], [ 73.1498422, 28.146446, 0.0 ], [ 73.1498474, 28.1461427, 0.0 ] ], [ [ 73.149898, 28.1464552, 0.0 ], [ 73.1499211, 28.1464555, 0.0 ], [ 73.1499159, 28.1467587, 0.0 ], [ 73.1498928, 28.1467584, 0.0 ], [ 73.149898, 28.1464552, 0.0 ] ], [ [ 73.149842, 28.1464544, 0.0 ], [ 73.1498652, 28.1464547, 0.0 ], [ 73.1498599, 28.146758, 0.0 ], [ 73.1498368, 28.1467577, 0.0 ], [ 73.149842, 28.1464544, 0.0 ] ], [ [ 73.1497701, 28.1473809, 0.0 ], [ 73.1497932, 28.1473812, 0.0 ], [ 73.149788, 28.1476845, 0.0 ], [ 73.1497649, 28.1476842, 0.0 ], [ 73.1497701, 28.1473809, 0.0 ] ], [ [ 73.1497141, 28.1473801, 0.0 ], [ 73.1497372, 28.1473805, 0.0 ], [ 73.149732, 28.1476837, 0.0 ], [ 73.1497089, 28.1476834, 0.0 ], [ 73.1497141, 28.1473801, 0.0 ] ], [ [ 73.1497647, 28.1476926, 0.0 ], [ 73.1497879, 28.1476929, 0.0 ], [ 73.1497827, 28.1479962, 0.0 ], [ 73.1497595, 28.1479959, 0.0 ], [ 73.1497647, 28.1476926, 0.0 ] ], [ [ 73.1497088, 28.1476918, 0.0 ], [ 73.1497319, 28.1476921, 0.0 ], [ 73.1497267, 28.1479954, 0.0 ], [ 73.1497035, 28.1479951, 0.0 ], [ 73.1497088, 28.1476918, 0.0 ] ], [ [ 73.1497807, 28.1467614, 0.0 ], [ 73.1498039, 28.1467617, 0.0 ], [ 73.1497987, 28.147065, 0.0 ], [ 73.1497755, 28.1470647, 0.0 ], [ 73.1497807, 28.1467614, 0.0 ] ], [ [ 73.1497248, 28.1467607, 0.0 ], [ 73.1497479, 28.146761, 0.0 ], [ 73.1497427, 28.1470643, 0.0 ], [ 73.1497195, 28.1470639, 0.0 ], [ 73.1497248, 28.1467607, 0.0 ] ], [ [ 73.1497754, 28.1470731, 0.0 ], [ 73.1497985, 28.1470734, 0.0 ], [ 73.1497933, 28.1473767, 0.0 ], [ 73.1497702, 28.1473764, 0.0 ], [ 73.1497754, 28.1470731, 0.0 ] ], [ [ 73.1497194, 28.1470724, 0.0 ], [ 73.1497425, 28.1470727, 0.0 ], [ 73.1497373, 28.1473759, 0.0 ], [ 73.1497142, 28.1473756, 0.0 ], [ 73.1497194, 28.1470724, 0.0 ] ], [ [ 73.1497914, 28.146142, 0.0 ], [ 73.1498145, 28.1461423, 0.0 ], [ 73.1498093, 28.1464455, 0.0 ], [ 73.1497862, 28.1464452, 0.0 ], [ 73.1497914, 28.146142, 0.0 ] ], [ [ 73.1497354, 28.1461412, 0.0 ], [ 73.1497585, 28.1461415, 0.0 ], [ 73.1497533, 28.1464448, 0.0 ], [ 73.1497302, 28.1464445, 0.0 ], [ 73.1497354, 28.1461412, 0.0 ] ], [ [ 73.149786, 28.1464536, 0.0 ], [ 73.1498092, 28.146454, 0.0 ], [ 73.149804, 28.1467572, 0.0 ], [ 73.1497808, 28.1467569, 0.0 ], [ 73.149786, 28.1464536, 0.0 ] ], [ [ 73.1497301, 28.1464529, 0.0 ], [ 73.1497532, 28.1464532, 0.0 ], [ 73.149748, 28.1467565, 0.0 ], [ 73.1497248, 28.1467562, 0.0 ], [ 73.1497301, 28.1464529, 0.0 ] ], [ [ 73.1496581, 28.1473794, 0.0 ], [ 73.1496813, 28.1473797, 0.0 ], [ 73.149676, 28.147683, 0.0 ], [ 73.1496529, 28.1476827, 0.0 ], [ 73.1496581, 28.1473794, 0.0 ] ], [ [ 73.1496021, 28.1473786, 0.0 ], [ 73.1496253, 28.1473789, 0.0 ], [ 73.1496201, 28.1476822, 0.0 ], [ 73.1495969, 28.1476819, 0.0 ], [ 73.1496021, 28.1473786, 0.0 ] ], [ [ 73.1496528, 28.1476911, 0.0 ], [ 73.1496759, 28.1476914, 0.0 ], [ 73.1496707, 28.1479947, 0.0 ], [ 73.1496476, 28.1479943, 0.0 ], [ 73.1496528, 28.1476911, 0.0 ] ], [ [ 73.1495968, 28.1476903, 0.0 ], [ 73.1496199, 28.1476906, 0.0 ], [ 73.1496147, 28.1479939, 0.0 ], [ 73.1495916, 28.1479936, 0.0 ], [ 73.1495968, 28.1476903, 0.0 ] ], [ [ 73.1496688, 28.1467599, 0.0 ], [ 73.1496919, 28.1467602, 0.0 ], [ 73.1496867, 28.1470635, 0.0 ], [ 73.1496636, 28.1470632, 0.0 ], [ 73.1496688, 28.1467599, 0.0 ] ], [ [ 73.1496128, 28.1467592, 0.0 ], [ 73.1496359, 28.1467595, 0.0 ], [ 73.1496307, 28.1470627, 0.0 ], [ 73.1496076, 28.1470624, 0.0 ], [ 73.1496128, 28.1467592, 0.0 ] ], [ [ 73.1496634, 28.1470716, 0.0 ], [ 73.1496865, 28.1470719, 0.0 ], [ 73.1496813, 28.1473752, 0.0 ], [ 73.1496582, 28.1473749, 0.0 ], [ 73.1496634, 28.1470716, 0.0 ] ], [ [ 73.1496074, 28.1470708, 0.0 ], [ 73.1496306, 28.1470712, 0.0 ], [ 73.1496253, 28.1473744, 0.0 ], [ 73.1496022, 28.1473741, 0.0 ], [ 73.1496074, 28.1470708, 0.0 ] ], [ [ 73.1495462, 28.1473779, 0.0 ], [ 73.1495693, 28.1473782, 0.0 ], [ 73.1495641, 28.1476815, 0.0 ], [ 73.1495409, 28.1476811, 0.0 ], [ 73.1495462, 28.1473779, 0.0 ] ], [ [ 73.1494902, 28.1473771, 0.0 ], [ 73.1495133, 28.1473774, 0.0 ], [ 73.1495081, 28.1476807, 0.0 ], [ 73.149485, 28.1476804, 0.0 ], [ 73.1494902, 28.1473771, 0.0 ] ], [ [ 73.1495408, 28.1476896, 0.0 ], [ 73.1495639, 28.1476899, 0.0 ], [ 73.1495587, 28.1479931, 0.0 ], [ 73.1495356, 28.1479928, 0.0 ], [ 73.1495408, 28.1476896, 0.0 ] ], [ [ 73.1494848, 28.1476888, 0.0 ], [ 73.1495079, 28.1476891, 0.0 ], [ 73.1495027, 28.1479924, 0.0 ], [ 73.1494796, 28.1479921, 0.0 ], [ 73.1494848, 28.1476888, 0.0 ] ], [ [ 73.1495568, 28.1467584, 0.0 ], [ 73.1495799, 28.1467587, 0.0 ], [ 73.1495747, 28.147062, 0.0 ], [ 73.1495516, 28.1470617, 0.0 ], [ 73.1495568, 28.1467584, 0.0 ] ], [ [ 73.1495008, 28.1467576, 0.0 ], [ 73.1495239, 28.146758, 0.0 ], [ 73.1495187, 28.1470612, 0.0 ], [ 73.1494956, 28.1470609, 0.0 ], [ 73.1495008, 28.1467576, 0.0 ] ], [ [ 73.1495514, 28.1470701, 0.0 ], [ 73.1495746, 28.1470704, 0.0 ], [ 73.1495694, 28.1473737, 0.0 ], [ 73.1495462, 28.1473734, 0.0 ], [ 73.1495514, 28.1470701, 0.0 ] ], [ [ 73.1494955, 28.1470693, 0.0 ], [ 73.1495186, 28.1470696, 0.0 ], [ 73.1495134, 28.1473729, 0.0 ], [ 73.1494902, 28.1473726, 0.0 ], [ 73.1494955, 28.1470693, 0.0 ] ], [ [ 73.1494342, 28.1473764, 0.0 ], [ 73.1494573, 28.1473767, 0.0 ], [ 73.1494521, 28.1476799, 0.0 ], [ 73.149429, 28.1476796, 0.0 ], [ 73.1494342, 28.1473764, 0.0 ] ], [ [ 73.1493782, 28.1473756, 0.0 ], [ 73.1494013, 28.1473759, 0.0 ], [ 73.1493961, 28.1476792, 0.0 ], [ 73.149373, 28.1476789, 0.0 ], [ 73.1493782, 28.1473756, 0.0 ] ], [ [ 73.1494288, 28.147688, 0.0 ], [ 73.149452, 28.1476884, 0.0 ], [ 73.1494467, 28.1479916, 0.0 ], [ 73.1494236, 28.1479913, 0.0 ], [ 73.1494288, 28.147688, 0.0 ] ], [ [ 73.1493728, 28.1476873, 0.0 ], [ 73.149396, 28.1476876, 0.0 ], [ 73.1493908, 28.1479909, 0.0 ], [ 73.1493676, 28.1479906, 0.0 ], [ 73.1493728, 28.1476873, 0.0 ] ], [ [ 73.1494448, 28.1467569, 0.0 ], [ 73.149468, 28.1467572, 0.0 ], [ 73.1494627, 28.1470605, 0.0 ], [ 73.1494396, 28.1470602, 0.0 ], [ 73.1494448, 28.1467569, 0.0 ] ], [ [ 73.1493889, 28.1467561, 0.0 ], [ 73.149412, 28.1467564, 0.0 ], [ 73.1494068, 28.1470597, 0.0 ], [ 73.1493836, 28.1470594, 0.0 ], [ 73.1493889, 28.1467561, 0.0 ] ], [ [ 73.1494395, 28.1470686, 0.0 ], [ 73.1494626, 28.1470689, 0.0 ], [ 73.1494574, 28.1473722, 0.0 ], [ 73.1494343, 28.1473718, 0.0 ], [ 73.1494395, 28.1470686, 0.0 ] ], [ [ 73.1493835, 28.1470678, 0.0 ], [ 73.1494066, 28.1470681, 0.0 ], [ 73.1494014, 28.1473714, 0.0 ], [ 73.1493783, 28.1473711, 0.0 ], [ 73.1493835, 28.1470678, 0.0 ] ], [ [ 73.1493222, 28.1473748, 0.0 ], [ 73.1493453, 28.1473752, 0.0 ], [ 73.1493401, 28.1476784, 0.0 ], [ 73.149317, 28.1476781, 0.0 ], [ 73.1493222, 28.1473748, 0.0 ] ], [ [ 73.1492662, 28.1473741, 0.0 ], [ 73.1492894, 28.1473744, 0.0 ], [ 73.1492841, 28.1476777, 0.0 ], [ 73.149261, 28.1476774, 0.0 ], [ 73.1492662, 28.1473741, 0.0 ] ], [ [ 73.1493169, 28.1476865, 0.0 ], [ 73.14934, 28.1476868, 0.0 ], [ 73.1493348, 28.1479901, 0.0 ], [ 73.1493116, 28.1479898, 0.0 ], [ 73.1493169, 28.1476865, 0.0 ] ], [ [ 73.1492609, 28.1476858, 0.0 ], [ 73.149284, 28.1476861, 0.0 ], [ 73.1492788, 28.1479894, 0.0 ], [ 73.1492557, 28.147989, 0.0 ], [ 73.1492609, 28.1476858, 0.0 ] ], [ [ 73.1493329, 28.1467554, 0.0 ], [ 73.149356, 28.1467557, 0.0 ], [ 73.1493508, 28.147059, 0.0 ], [ 73.1493277, 28.1470586, 0.0 ], [ 73.1493329, 28.1467554, 0.0 ] ], [ [ 73.1492769, 28.1467546, 0.0 ], [ 73.1493, 28.1467549, 0.0 ], [ 73.1492948, 28.1470582, 0.0 ], [ 73.1492717, 28.1470579, 0.0 ], [ 73.1492769, 28.1467546, 0.0 ] ], [ [ 73.1493275, 28.1470671, 0.0 ], [ 73.1493506, 28.1470674, 0.0 ], [ 73.1493454, 28.1473706, 0.0 ], [ 73.1493223, 28.1473703, 0.0 ], [ 73.1493275, 28.1470671, 0.0 ] ], [ [ 73.1492715, 28.1470663, 0.0 ], [ 73.1492946, 28.1470666, 0.0 ], [ 73.1492894, 28.1473699, 0.0 ], [ 73.1492663, 28.1473696, 0.0 ], [ 73.1492715, 28.1470663, 0.0 ] ], [ [ 73.1492102, 28.1473733, 0.0 ], [ 73.1492334, 28.1473736, 0.0 ], [ 73.1492282, 28.1476769, 0.0 ], [ 73.149205, 28.1476766, 0.0 ], [ 73.1492102, 28.1473733, 0.0 ] ], [ [ 73.1491543, 28.1473726, 0.0 ], [ 73.1491774, 28.1473729, 0.0 ], [ 73.1491722, 28.1476762, 0.0 ], [ 73.149149, 28.1476758, 0.0 ], [ 73.1491543, 28.1473726, 0.0 ] ], [ [ 73.1492049, 28.147685, 0.0 ], [ 73.149228, 28.1476853, 0.0 ], [ 73.1492228, 28.1479886, 0.0 ], [ 73.1491997, 28.1479883, 0.0 ], [ 73.1492049, 28.147685, 0.0 ] ], [ [ 73.1491489, 28.1476843, 0.0 ], [ 73.149172, 28.1476846, 0.0 ], [ 73.1491668, 28.1479878, 0.0 ], [ 73.1491437, 28.1479875, 0.0 ], [ 73.1491489, 28.1476843, 0.0 ] ], [ [ 73.1490983, 28.1473718, 0.0 ], [ 73.1491214, 28.1473721, 0.0 ], [ 73.1491162, 28.1476754, 0.0 ], [ 73.1490931, 28.1476751, 0.0 ], [ 73.1490983, 28.1473718, 0.0 ] ], [ [ 73.1490423, 28.1473711, 0.0 ], [ 73.1490654, 28.1473714, 0.0 ], [ 73.1490602, 28.1476746, 0.0 ], [ 73.1490371, 28.1476743, 0.0 ], [ 73.1490423, 28.1473711, 0.0 ] ], [ [ 73.1490929, 28.1476835, 0.0 ], [ 73.149116, 28.1476838, 0.0 ], [ 73.1491108, 28.1479871, 0.0 ], [ 73.1490877, 28.1479868, 0.0 ], [ 73.1490929, 28.1476835, 0.0 ] ], [ [ 73.1490369, 28.1476828, 0.0 ], [ 73.1490601, 28.1476831, 0.0 ], [ 73.1490548, 28.1479863, 0.0 ], [ 73.1490317, 28.147986, 0.0 ], [ 73.1490369, 28.1476828, 0.0 ] ], [ [ 73.1489863, 28.1473703, 0.0 ], [ 73.1490094, 28.1473706, 0.0 ], [ 73.1490042, 28.1476739, 0.0 ], [ 73.1489811, 28.1476736, 0.0 ], [ 73.1489863, 28.1473703, 0.0 ] ], [ [ 73.1489303, 28.1473696, 0.0 ], [ 73.1489534, 28.1473699, 0.0 ], [ 73.1489482, 28.1476731, 0.0 ], [ 73.1489251, 28.1476728, 0.0 ], [ 73.1489303, 28.1473696, 0.0 ] ], [ [ 73.1489809, 28.147682, 0.0 ], [ 73.1490041, 28.1476823, 0.0 ], [ 73.1489989, 28.1479856, 0.0 ], [ 73.1489757, 28.1479853, 0.0 ], [ 73.1489809, 28.147682, 0.0 ] ], [ [ 73.148925, 28.1476812, 0.0 ], [ 73.1489481, 28.1476816, 0.0 ], [ 73.1489429, 28.1479848, 0.0 ], [ 73.1489197, 28.1479845, 0.0 ], [ 73.148925, 28.1476812, 0.0 ] ], [ [ 73.154512, 28.1516941, 0.0 ], [ 73.1545351, 28.1516944, 0.0 ], [ 73.1545299, 28.1519977, 0.0 ], [ 73.1545068, 28.1519974, 0.0 ], [ 73.154512, 28.1516941, 0.0 ] ], [ [ 73.154456, 28.1516934, 0.0 ], [ 73.1544791, 28.1516937, 0.0 ], [ 73.1544739, 28.1519969, 0.0 ], [ 73.1544508, 28.1519966, 0.0 ], [ 73.154456, 28.1516934, 0.0 ] ], [ [ 73.1545066, 28.1520058, 0.0 ], [ 73.1545298, 28.1520061, 0.0 ], [ 73.1545246, 28.1523094, 0.0 ], [ 73.1545014, 28.1523091, 0.0 ], [ 73.1545066, 28.1520058, 0.0 ] ], [ [ 73.1544507, 28.152005, 0.0 ], [ 73.1544738, 28.1520054, 0.0 ], [ 73.1544686, 28.1523086, 0.0 ], [ 73.1544455, 28.1523083, 0.0 ], [ 73.1544507, 28.152005, 0.0 ] ], [ [ 73.1540535, 28.1523075, 0.0 ], [ 73.1540766, 28.1523078, 0.0 ], [ 73.1540714, 28.1526111, 0.0 ], [ 73.1540483, 28.1526108, 0.0 ], [ 73.1540535, 28.1523075, 0.0 ] ], [ [ 73.1539975, 28.1523068, 0.0 ], [ 73.1540206, 28.1523071, 0.0 ], [ 73.1540154, 28.1526104, 0.0 ], [ 73.1539923, 28.1526101, 0.0 ], [ 73.1539975, 28.1523068, 0.0 ] ], [ [ 73.1540481, 28.1526192, 0.0 ], [ 73.1540712, 28.1526195, 0.0 ], [ 73.154066, 28.1529228, 0.0 ], [ 73.1540429, 28.1529225, 0.0 ], [ 73.1540481, 28.1526192, 0.0 ] ], [ [ 73.1539921, 28.1526185, 0.0 ], [ 73.1540153, 28.1526188, 0.0 ], [ 73.1540101, 28.1529221, 0.0 ], [ 73.1539869, 28.1529217, 0.0 ], [ 73.1539921, 28.1526185, 0.0 ] ], [ [ 73.1544, 28.1516926, 0.0 ], [ 73.1544231, 28.1516929, 0.0 ], [ 73.1544179, 28.1519962, 0.0 ], [ 73.1543948, 28.1519959, 0.0 ], [ 73.1544, 28.1516926, 0.0 ] ], [ [ 73.154344, 28.1516918, 0.0 ], [ 73.1543672, 28.1516922, 0.0 ], [ 73.154362, 28.1519954, 0.0 ], [ 73.1543388, 28.1519951, 0.0 ], [ 73.154344, 28.1516918, 0.0 ] ], [ [ 73.1543947, 28.1520043, 0.0 ], [ 73.1544178, 28.1520046, 0.0 ], [ 73.1544126, 28.1523079, 0.0 ], [ 73.1543895, 28.1523076, 0.0 ], [ 73.1543947, 28.1520043, 0.0 ] ], [ [ 73.1543387, 28.1520035, 0.0 ], [ 73.1543618, 28.1520038, 0.0 ], [ 73.1543566, 28.1523071, 0.0 ], [ 73.1543335, 28.1523068, 0.0 ], [ 73.1543387, 28.1520035, 0.0 ] ], [ [ 73.154288, 28.1516911, 0.0 ], [ 73.1543112, 28.1516914, 0.0 ], [ 73.154306, 28.1519947, 0.0 ], [ 73.1542828, 28.1519944, 0.0 ], [ 73.154288, 28.1516911, 0.0 ] ], [ [ 73.1542321, 28.1516903, 0.0 ], [ 73.1542552, 28.1516906, 0.0 ], [ 73.15425, 28.1519939, 0.0 ], [ 73.1542269, 28.1519936, 0.0 ], [ 73.1542321, 28.1516903, 0.0 ] ], [ [ 73.1542827, 28.1520028, 0.0 ], [ 73.1543058, 28.1520031, 0.0 ], [ 73.1543006, 28.1523064, 0.0 ], [ 73.1542775, 28.152306, 0.0 ], [ 73.1542827, 28.1520028, 0.0 ] ], [ [ 73.1542267, 28.152002, 0.0 ], [ 73.1542498, 28.1520023, 0.0 ], [ 73.1542446, 28.1523056, 0.0 ], [ 73.1542215, 28.1523053, 0.0 ], [ 73.1542267, 28.152002, 0.0 ] ], [ [ 73.1541761, 28.1516896, 0.0 ], [ 73.1541992, 28.1516899, 0.0 ], [ 73.154194, 28.1519932, 0.0 ], [ 73.1541709, 28.1519928, 0.0 ], [ 73.1541761, 28.1516896, 0.0 ] ], [ [ 73.1541201, 28.1516888, 0.0 ], [ 73.1541432, 28.1516891, 0.0 ], [ 73.154138, 28.1519924, 0.0 ], [ 73.1541149, 28.1519921, 0.0 ], [ 73.1541201, 28.1516888, 0.0 ] ], [ [ 73.1541707, 28.1520013, 0.0 ], [ 73.1541938, 28.1520016, 0.0 ], [ 73.1541886, 28.1523048, 0.0 ], [ 73.1541655, 28.1523045, 0.0 ], [ 73.1541707, 28.1520013, 0.0 ] ], [ [ 73.1541147, 28.1520005, 0.0 ], [ 73.1541379, 28.1520008, 0.0 ], [ 73.1541327, 28.1523041, 0.0 ], [ 73.1541095, 28.1523038, 0.0 ], [ 73.1541147, 28.1520005, 0.0 ] ], [ [ 73.1540641, 28.1516881, 0.0 ], [ 73.1540872, 28.1516884, 0.0 ], [ 73.154082, 28.1519917, 0.0 ], [ 73.1540589, 28.1519913, 0.0 ], [ 73.1540641, 28.1516881, 0.0 ] ], [ [ 73.1540081, 28.1516873, 0.0 ], [ 73.1540312, 28.1516876, 0.0 ], [ 73.154026, 28.1519909, 0.0 ], [ 73.1540029, 28.1519906, 0.0 ], [ 73.1540081, 28.1516873, 0.0 ] ], [ [ 73.1540587, 28.1519998, 0.0 ], [ 73.1540819, 28.1520001, 0.0 ], [ 73.1540767, 28.1523033, 0.0 ], [ 73.1540535, 28.152303, 0.0 ], [ 73.1540587, 28.1519998, 0.0 ] ], [ [ 73.1540028, 28.151999, 0.0 ], [ 73.1540259, 28.1519993, 0.0 ], [ 73.1540207, 28.1523026, 0.0 ], [ 73.1539976, 28.1523023, 0.0 ], [ 73.1540028, 28.151999, 0.0 ] ], [ [ 73.1539415, 28.152306, 0.0 ], [ 73.1539646, 28.1523063, 0.0 ], [ 73.1539594, 28.1526096, 0.0 ], [ 73.1539363, 28.1526093, 0.0 ], [ 73.1539415, 28.152306, 0.0 ] ], [ [ 73.1538855, 28.1523053, 0.0 ], [ 73.1539086, 28.1523056, 0.0 ], [ 73.1539034, 28.1526089, 0.0 ], [ 73.1538803, 28.1526085, 0.0 ], [ 73.1538855, 28.1523053, 0.0 ] ], [ [ 73.1539361, 28.1526177, 0.0 ], [ 73.1539593, 28.152618, 0.0 ], [ 73.1539541, 28.1529213, 0.0 ], [ 73.1539309, 28.152921, 0.0 ], [ 73.1539361, 28.1526177, 0.0 ] ], [ [ 73.1538802, 28.152617, 0.0 ], [ 73.1539033, 28.1526173, 0.0 ], [ 73.1538981, 28.1529205, 0.0 ], [ 73.1538749, 28.1529202, 0.0 ], [ 73.1538802, 28.152617, 0.0 ] ], [ [ 73.1539521, 28.1516866, 0.0 ], [ 73.1539752, 28.1516869, 0.0 ], [ 73.15397, 28.1519901, 0.0 ], [ 73.1539469, 28.1519898, 0.0 ], [ 73.1539521, 28.1516866, 0.0 ] ], [ [ 73.1538961, 28.1516858, 0.0 ], [ 73.1539193, 28.1516861, 0.0 ], [ 73.1539141, 28.1519894, 0.0 ], [ 73.1538909, 28.1519891, 0.0 ], [ 73.1538961, 28.1516858, 0.0 ] ], [ [ 73.1539468, 28.1519982, 0.0 ], [ 73.1539699, 28.1519986, 0.0 ], [ 73.1539647, 28.1523018, 0.0 ], [ 73.1539416, 28.1523015, 0.0 ], [ 73.1539468, 28.1519982, 0.0 ] ], [ [ 73.1538908, 28.1519975, 0.0 ], [ 73.1539139, 28.1519978, 0.0 ], [ 73.1539087, 28.1523011, 0.0 ], [ 73.1538856, 28.1523008, 0.0 ], [ 73.1538908, 28.1519975, 0.0 ] ], [ [ 73.15372, 28.1521615, 0.0 ], [ 73.1537431, 28.1521618, 0.0 ], [ 73.1537379, 28.1524651, 0.0 ], [ 73.1537148, 28.1524648, 0.0 ], [ 73.15372, 28.1521615, 0.0 ] ], [ [ 73.153664, 28.1521608, 0.0 ], [ 73.1536871, 28.1521611, 0.0 ], [ 73.1536819, 28.1524644, 0.0 ], [ 73.1536588, 28.152464, 0.0 ], [ 73.153664, 28.1521608, 0.0 ] ], [ [ 73.1537146, 28.1524732, 0.0 ], [ 73.1537377, 28.1524735, 0.0 ], [ 73.1537325, 28.1527768, 0.0 ], [ 73.1537094, 28.1527765, 0.0 ], [ 73.1537146, 28.1524732, 0.0 ] ], [ [ 73.1536586, 28.1524725, 0.0 ], [ 73.1536818, 28.1524728, 0.0 ], [ 73.1536765, 28.152776, 0.0 ], [ 73.1536534, 28.1527757, 0.0 ], [ 73.1536586, 28.1524725, 0.0 ] ], [ [ 73.1537306, 28.1515421, 0.0 ], [ 73.1537537, 28.1515424, 0.0 ], [ 73.1537485, 28.1518456, 0.0 ], [ 73.1537254, 28.1518453, 0.0 ], [ 73.1537306, 28.1515421, 0.0 ] ], [ [ 73.1536746, 28.1515413, 0.0 ], [ 73.1536977, 28.1515416, 0.0 ], [ 73.1536925, 28.1518449, 0.0 ], [ 73.1536694, 28.1518446, 0.0 ], [ 73.1536746, 28.1515413, 0.0 ] ], [ [ 73.1537252, 28.1518537, 0.0 ], [ 73.1537484, 28.1518541, 0.0 ], [ 73.1537432, 28.1521573, 0.0 ], [ 73.15372, 28.152157, 0.0 ], [ 73.1537252, 28.1518537, 0.0 ] ], [ [ 73.1536693, 28.151853, 0.0 ], [ 73.1536924, 28.1518533, 0.0 ], [ 73.1536872, 28.1521566, 0.0 ], [ 73.1536641, 28.1521563, 0.0 ], [ 73.1536693, 28.151853, 0.0 ] ], [ [ 73.153608, 28.15216, 0.0 ], [ 73.1536311, 28.1521603, 0.0 ], [ 73.1536259, 28.1524636, 0.0 ], [ 73.1536028, 28.1524633, 0.0 ], [ 73.153608, 28.15216, 0.0 ] ], [ [ 73.153552, 28.1521593, 0.0 ], [ 73.1535751, 28.1521596, 0.0 ], [ 73.1535699, 28.1524628, 0.0 ], [ 73.1535468, 28.1524625, 0.0 ], [ 73.153552, 28.1521593, 0.0 ] ], [ [ 73.1536026, 28.1524717, 0.0 ], [ 73.1536258, 28.152472, 0.0 ], [ 73.1536206, 28.1527753, 0.0 ], [ 73.1535974, 28.152775, 0.0 ], [ 73.1536026, 28.1524717, 0.0 ] ], [ [ 73.1535466, 28.1524709, 0.0 ], [ 73.1535698, 28.1524713, 0.0 ], [ 73.1535646, 28.1527745, 0.0 ], [ 73.1535414, 28.1527742, 0.0 ], [ 73.1535466, 28.1524709, 0.0 ] ], [ [ 73.153384, 28.152157, 0.0 ], [ 73.1534072, 28.1521573, 0.0 ], [ 73.153402, 28.1524606, 0.0 ], [ 73.1533788, 28.1524603, 0.0 ], [ 73.153384, 28.152157, 0.0 ] ], [ [ 73.153328, 28.1521562, 0.0 ], [ 73.1533512, 28.1521566, 0.0 ], [ 73.153346, 28.1524598, 0.0 ], [ 73.1533228, 28.1524595, 0.0 ], [ 73.153328, 28.1521562, 0.0 ] ], [ [ 73.1533787, 28.1524687, 0.0 ], [ 73.1534018, 28.152469, 0.0 ], [ 73.1533966, 28.1527723, 0.0 ], [ 73.1533735, 28.152772, 0.0 ], [ 73.1533787, 28.1524687, 0.0 ] ], [ [ 73.1533227, 28.1524679, 0.0 ], [ 73.1533458, 28.1524682, 0.0 ], [ 73.1533406, 28.1527715, 0.0 ], [ 73.1533175, 28.1527712, 0.0 ], [ 73.1533227, 28.1524679, 0.0 ] ], [ [ 73.1532638, 28.1526348, 0.0 ], [ 73.153287, 28.1526351, 0.0 ], [ 73.1532818, 28.1529384, 0.0 ], [ 73.1532586, 28.152938, 0.0 ], [ 73.1532638, 28.1526348, 0.0 ] ], [ [ 73.1532078, 28.152634, 0.0 ], [ 73.153231, 28.1526343, 0.0 ], [ 73.1532258, 28.1529376, 0.0 ], [ 73.1532026, 28.1529373, 0.0 ], [ 73.1532078, 28.152634, 0.0 ] ], [ [ 73.1532585, 28.1529465, 0.0 ], [ 73.1532816, 28.1529468, 0.0 ], [ 73.1532764, 28.15325, 0.0 ], [ 73.1532533, 28.1532497, 0.0 ], [ 73.1532585, 28.1529465, 0.0 ] ], [ [ 73.1532025, 28.1529457, 0.0 ], [ 73.1532256, 28.152946, 0.0 ], [ 73.1532204, 28.1532493, 0.0 ], [ 73.1531973, 28.153249, 0.0 ], [ 73.1532025, 28.1529457, 0.0 ] ], [ [ 73.1532745, 28.1520153, 0.0 ], [ 73.1532976, 28.1520156, 0.0 ], [ 73.1532924, 28.1523189, 0.0 ], [ 73.1532693, 28.1523186, 0.0 ], [ 73.1532745, 28.1520153, 0.0 ] ], [ [ 73.1532185, 28.1520146, 0.0 ], [ 73.1532416, 28.1520149, 0.0 ], [ 73.1532364, 28.1523181, 0.0 ], [ 73.1532133, 28.1523178, 0.0 ], [ 73.1532185, 28.1520146, 0.0 ] ], [ [ 73.1532691, 28.152327, 0.0 ], [ 73.1532922, 28.1523273, 0.0 ], [ 73.153287, 28.1526306, 0.0 ], [ 73.1532639, 28.1526303, 0.0 ], [ 73.1532691, 28.152327, 0.0 ] ], [ [ 73.1532131, 28.1523262, 0.0 ], [ 73.1532363, 28.1523266, 0.0 ], [ 73.153231, 28.1526298, 0.0 ], [ 73.1532079, 28.1526295, 0.0 ], [ 73.1532131, 28.1523262, 0.0 ] ], [ [ 73.1531519, 28.1526333, 0.0 ], [ 73.153175, 28.1526336, 0.0 ], [ 73.1531698, 28.1529368, 0.0 ], [ 73.1531466, 28.1529365, 0.0 ], [ 73.1531519, 28.1526333, 0.0 ] ], [ [ 73.1530959, 28.1526325, 0.0 ], [ 73.153119, 28.1526328, 0.0 ], [ 73.1531138, 28.1529361, 0.0 ], [ 73.1530907, 28.1529358, 0.0 ], [ 73.1530959, 28.1526325, 0.0 ] ], [ [ 73.1531465, 28.152945, 0.0 ], [ 73.1531696, 28.1529453, 0.0 ], [ 73.1531644, 28.1532485, 0.0 ], [ 73.1531413, 28.1532482, 0.0 ], [ 73.1531465, 28.152945, 0.0 ] ], [ [ 73.1530905, 28.1529442, 0.0 ], [ 73.1531136, 28.1529445, 0.0 ], [ 73.1531084, 28.1532478, 0.0 ], [ 73.1530853, 28.1532475, 0.0 ], [ 73.1530905, 28.1529442, 0.0 ] ], [ [ 73.1531625, 28.1520138, 0.0 ], [ 73.1531856, 28.1520141, 0.0 ], [ 73.1531804, 28.1523174, 0.0 ], [ 73.1531573, 28.1523171, 0.0 ], [ 73.1531625, 28.1520138, 0.0 ] ], [ [ 73.1531065, 28.152013, 0.0 ], [ 73.1531296, 28.1520134, 0.0 ], [ 73.1531244, 28.1523166, 0.0 ], [ 73.1531013, 28.1523163, 0.0 ], [ 73.1531065, 28.152013, 0.0 ] ], [ [ 73.1531571, 28.1523255, 0.0 ], [ 73.1531803, 28.1523258, 0.0 ], [ 73.1531751, 28.1526291, 0.0 ], [ 73.1531519, 28.1526288, 0.0 ], [ 73.1531571, 28.1523255, 0.0 ] ], [ [ 73.1531011, 28.1523247, 0.0 ], [ 73.1531243, 28.152325, 0.0 ], [ 73.1531191, 28.1526283, 0.0 ], [ 73.1530959, 28.152628, 0.0 ], [ 73.1531011, 28.1523247, 0.0 ] ], [ [ 73.1530399, 28.1526318, 0.0 ], [ 73.153063, 28.1526321, 0.0 ], [ 73.1530578, 28.1529353, 0.0 ], [ 73.1530347, 28.152935, 0.0 ], [ 73.1530399, 28.1526318, 0.0 ] ], [ [ 73.1529839, 28.152631, 0.0 ], [ 73.153007, 28.1526313, 0.0 ], [ 73.1530018, 28.1529346, 0.0 ], [ 73.1529787, 28.1529343, 0.0 ], [ 73.1529839, 28.152631, 0.0 ] ], [ [ 73.1530345, 28.1529434, 0.0 ], [ 73.1530577, 28.1529438, 0.0 ], [ 73.1530524, 28.153247, 0.0 ], [ 73.1530293, 28.1532467, 0.0 ], [ 73.1530345, 28.1529434, 0.0 ] ], [ [ 73.1529785, 28.1529427, 0.0 ], [ 73.1530017, 28.152943, 0.0 ], [ 73.1529965, 28.1532463, 0.0 ], [ 73.1529733, 28.153246, 0.0 ], [ 73.1529785, 28.1529427, 0.0 ] ], [ [ 73.1530505, 28.1520123, 0.0 ], [ 73.1530736, 28.1520126, 0.0 ], [ 73.1530684, 28.1523159, 0.0 ], [ 73.1530453, 28.1523156, 0.0 ], [ 73.1530505, 28.1520123, 0.0 ] ], [ [ 73.1529945, 28.1520115, 0.0 ], [ 73.1530177, 28.1520118, 0.0 ], [ 73.1530124, 28.1523151, 0.0 ], [ 73.1529893, 28.1523148, 0.0 ], [ 73.1529945, 28.1520115, 0.0 ] ], [ [ 73.1530452, 28.152324, 0.0 ], [ 73.1530683, 28.1523243, 0.0 ], [ 73.1530631, 28.1526276, 0.0 ], [ 73.15304, 28.1526272, 0.0 ], [ 73.1530452, 28.152324, 0.0 ] ], [ [ 73.1529892, 28.1523232, 0.0 ], [ 73.1530123, 28.1523235, 0.0 ], [ 73.1530071, 28.1526268, 0.0 ], [ 73.152984, 28.1526265, 0.0 ], [ 73.1529892, 28.1523232, 0.0 ] ], [ [ 73.1529279, 28.1526302, 0.0 ], [ 73.152951, 28.1526306, 0.0 ], [ 73.1529458, 28.1529338, 0.0 ], [ 73.1529227, 28.1529335, 0.0 ], [ 73.1529279, 28.1526302, 0.0 ] ], [ [ 73.1528719, 28.1526295, 0.0 ], [ 73.152895, 28.1526298, 0.0 ], [ 73.1528898, 28.1529331, 0.0 ], [ 73.1528667, 28.1529328, 0.0 ], [ 73.1528719, 28.1526295, 0.0 ] ], [ [ 73.1529226, 28.1529419, 0.0 ], [ 73.1529457, 28.1529422, 0.0 ], [ 73.1529405, 28.1532455, 0.0 ], [ 73.1529173, 28.1532452, 0.0 ], [ 73.1529226, 28.1529419, 0.0 ] ], [ [ 73.1528666, 28.1529412, 0.0 ], [ 73.1528897, 28.1529415, 0.0 ], [ 73.1528845, 28.1532448, 0.0 ], [ 73.1528614, 28.1532444, 0.0 ], [ 73.1528666, 28.1529412, 0.0 ] ], [ [ 73.1529385, 28.1520108, 0.0 ], [ 73.1529617, 28.1520111, 0.0 ], [ 73.1529565, 28.1523144, 0.0 ], [ 73.1529333, 28.152314, 0.0 ], [ 73.1529385, 28.1520108, 0.0 ] ], [ [ 73.1528825, 28.15201, 0.0 ], [ 73.1529057, 28.1520103, 0.0 ], [ 73.1529005, 28.1523136, 0.0 ], [ 73.1528773, 28.1523133, 0.0 ], [ 73.1528825, 28.15201, 0.0 ] ], [ [ 73.1529332, 28.1523225, 0.0 ], [ 73.1529563, 28.1523228, 0.0 ], [ 73.1529511, 28.152626, 0.0 ], [ 73.152928, 28.1526257, 0.0 ], [ 73.1529332, 28.1523225, 0.0 ] ], [ [ 73.1528772, 28.1523217, 0.0 ], [ 73.1529003, 28.152322, 0.0 ], [ 73.1528951, 28.1526253, 0.0 ], [ 73.152872, 28.152625, 0.0 ], [ 73.1528772, 28.1523217, 0.0 ] ], [ [ 73.1528159, 28.1526287, 0.0 ], [ 73.1528391, 28.152629, 0.0 ], [ 73.1528338, 28.1529323, 0.0 ], [ 73.1528107, 28.152932, 0.0 ], [ 73.1528159, 28.1526287, 0.0 ] ], [ [ 73.1527599, 28.152628, 0.0 ], [ 73.1527831, 28.1526283, 0.0 ], [ 73.1527779, 28.1529316, 0.0 ], [ 73.1527547, 28.1529313, 0.0 ], [ 73.1527599, 28.152628, 0.0 ] ], [ [ 73.1528106, 28.1529404, 0.0 ], [ 73.1528337, 28.1529407, 0.0 ], [ 73.1528285, 28.153244, 0.0 ], [ 73.1528054, 28.1532437, 0.0 ], [ 73.1528106, 28.1529404, 0.0 ] ], [ [ 73.1527546, 28.1529397, 0.0 ], [ 73.1527777, 28.15294, 0.0 ], [ 73.1527725, 28.1532433, 0.0 ], [ 73.1527494, 28.1532429, 0.0 ], [ 73.1527546, 28.1529397, 0.0 ] ], [ [ 73.1528266, 28.1520093, 0.0 ], [ 73.1528497, 28.1520096, 0.0 ], [ 73.1528445, 28.1523129, 0.0 ], [ 73.1528214, 28.1523125, 0.0 ], [ 73.1528266, 28.1520093, 0.0 ] ], [ [ 73.1527706, 28.1520085, 0.0 ], [ 73.1527937, 28.1520088, 0.0 ], [ 73.1527885, 28.1523121, 0.0 ], [ 73.1527654, 28.1523118, 0.0 ], [ 73.1527706, 28.1520085, 0.0 ] ], [ [ 73.1528212, 28.152321, 0.0 ], [ 73.1528443, 28.1523213, 0.0 ], [ 73.1528391, 28.1526245, 0.0 ], [ 73.152816, 28.1526242, 0.0 ], [ 73.1528212, 28.152321, 0.0 ] ], [ [ 73.1527652, 28.1523202, 0.0 ], [ 73.1527883, 28.1523205, 0.0 ], [ 73.1527831, 28.1526238, 0.0 ], [ 73.15276, 28.1526235, 0.0 ], [ 73.1527652, 28.1523202, 0.0 ] ], [ [ 73.1527039, 28.1526272, 0.0 ], [ 73.1527271, 28.1526275, 0.0 ], [ 73.1527219, 28.1529308, 0.0 ], [ 73.1526987, 28.1529305, 0.0 ], [ 73.1527039, 28.1526272, 0.0 ] ], [ [ 73.152648, 28.1526265, 0.0 ], [ 73.1526711, 28.1526268, 0.0 ], [ 73.1526659, 28.1529301, 0.0 ], [ 73.1526428, 28.1529297, 0.0 ], [ 73.152648, 28.1526265, 0.0 ] ], [ [ 73.1526986, 28.1529389, 0.0 ], [ 73.1527217, 28.1529392, 0.0 ], [ 73.1527165, 28.1532425, 0.0 ], [ 73.1526934, 28.1532422, 0.0 ], [ 73.1526986, 28.1529389, 0.0 ] ], [ [ 73.1526426, 28.1529382, 0.0 ], [ 73.1526657, 28.1529385, 0.0 ], [ 73.1526605, 28.1532417, 0.0 ], [ 73.1526374, 28.1532414, 0.0 ], [ 73.1526426, 28.1529382, 0.0 ] ], [ [ 73.1527146, 28.1520078, 0.0 ], [ 73.1527377, 28.1520081, 0.0 ], [ 73.1527325, 28.1523113, 0.0 ], [ 73.1527094, 28.152311, 0.0 ], [ 73.1527146, 28.1520078, 0.0 ] ], [ [ 73.1526586, 28.152007, 0.0 ], [ 73.1526817, 28.1520073, 0.0 ], [ 73.1526765, 28.1523106, 0.0 ], [ 73.1526534, 28.1523103, 0.0 ], [ 73.1526586, 28.152007, 0.0 ] ], [ [ 73.1527092, 28.1523194, 0.0 ], [ 73.1527324, 28.1523198, 0.0 ], [ 73.1527272, 28.152623, 0.0 ], [ 73.152704, 28.1526227, 0.0 ], [ 73.1527092, 28.1523194, 0.0 ] ], [ [ 73.1526532, 28.1523187, 0.0 ], [ 73.1526764, 28.152319, 0.0 ], [ 73.1526712, 28.1526223, 0.0 ], [ 73.152648, 28.152622, 0.0 ], [ 73.1526532, 28.1523187, 0.0 ] ], [ [ 73.152592, 28.1526257, 0.0 ], [ 73.1526151, 28.152626, 0.0 ], [ 73.1526099, 28.1529293, 0.0 ], [ 73.1525868, 28.152929, 0.0 ], [ 73.152592, 28.1526257, 0.0 ] ], [ [ 73.152536, 28.152625, 0.0 ], [ 73.1525591, 28.1526253, 0.0 ], [ 73.1525539, 28.1529285, 0.0 ], [ 73.1525308, 28.1529282, 0.0 ], [ 73.152536, 28.152625, 0.0 ] ], [ [ 73.1525866, 28.1529374, 0.0 ], [ 73.1526097, 28.1529377, 0.0 ], [ 73.1526045, 28.153241, 0.0 ], [ 73.1525814, 28.1532407, 0.0 ], [ 73.1525866, 28.1529374, 0.0 ] ], [ [ 73.1525306, 28.1529366, 0.0 ], [ 73.1525538, 28.152937, 0.0 ], [ 73.1525486, 28.1532402, 0.0 ], [ 73.1525254, 28.1532399, 0.0 ], [ 73.1525306, 28.1529366, 0.0 ] ], [ [ 73.1526026, 28.1520062, 0.0 ], [ 73.1526257, 28.1520066, 0.0 ], [ 73.1526205, 28.1523098, 0.0 ], [ 73.1525974, 28.1523095, 0.0 ], [ 73.1526026, 28.1520062, 0.0 ] ], [ [ 73.1525466, 28.1520055, 0.0 ], [ 73.1525697, 28.1520058, 0.0 ], [ 73.1525645, 28.1523091, 0.0 ], [ 73.1525414, 28.1523088, 0.0 ], [ 73.1525466, 28.1520055, 0.0 ] ], [ [ 73.1525973, 28.1523179, 0.0 ], [ 73.1526204, 28.1523182, 0.0 ], [ 73.1526152, 28.1526215, 0.0 ], [ 73.152592, 28.1526212, 0.0 ], [ 73.1525973, 28.1523179, 0.0 ] ], [ [ 73.1525413, 28.1523172, 0.0 ], [ 73.1525644, 28.1523175, 0.0 ], [ 73.1525592, 28.1526208, 0.0 ], [ 73.1525361, 28.1526205, 0.0 ], [ 73.1525413, 28.1523172, 0.0 ] ], [ [ 73.15248, 28.1526242, 0.0 ], [ 73.1525031, 28.1526245, 0.0 ], [ 73.1524979, 28.1529278, 0.0 ], [ 73.1524748, 28.1529275, 0.0 ], [ 73.15248, 28.1526242, 0.0 ] ], [ [ 73.152424, 28.1526235, 0.0 ], [ 73.1524471, 28.1526238, 0.0 ], [ 73.1524419, 28.152927, 0.0 ], [ 73.1524188, 28.1529267, 0.0 ], [ 73.152424, 28.1526235, 0.0 ] ], [ [ 73.1524746, 28.1529359, 0.0 ], [ 73.1524978, 28.1529362, 0.0 ], [ 73.1524926, 28.1532395, 0.0 ], [ 73.1524694, 28.1532392, 0.0 ], [ 73.1524746, 28.1529359, 0.0 ] ], [ [ 73.1524187, 28.1529351, 0.0 ], [ 73.1524418, 28.1529355, 0.0 ], [ 73.1524366, 28.1532387, 0.0 ], [ 73.1524134, 28.1532384, 0.0 ], [ 73.1524187, 28.1529351, 0.0 ] ], [ [ 73.1524906, 28.1520047, 0.0 ], [ 73.1525138, 28.1520051, 0.0 ], [ 73.1525086, 28.1523083, 0.0 ], [ 73.1524854, 28.152308, 0.0 ], [ 73.1524906, 28.1520047, 0.0 ] ], [ [ 73.1524346, 28.152004, 0.0 ], [ 73.1524578, 28.1520043, 0.0 ], [ 73.1524526, 28.1523076, 0.0 ], [ 73.1524294, 28.1523073, 0.0 ], [ 73.1524346, 28.152004, 0.0 ] ], [ [ 73.1524853, 28.1523164, 0.0 ], [ 73.1525084, 28.1523167, 0.0 ], [ 73.1525032, 28.15262, 0.0 ], [ 73.1524801, 28.1526197, 0.0 ], [ 73.1524853, 28.1523164, 0.0 ] ], [ [ 73.1524293, 28.1523157, 0.0 ], [ 73.1524524, 28.152316, 0.0 ], [ 73.1524472, 28.1526193, 0.0 ], [ 73.1524241, 28.1526189, 0.0 ], [ 73.1524293, 28.1523157, 0.0 ] ], [ [ 73.152368, 28.1526227, 0.0 ], [ 73.1523911, 28.152623, 0.0 ], [ 73.1523859, 28.1529263, 0.0 ], [ 73.1523628, 28.152926, 0.0 ], [ 73.152368, 28.1526227, 0.0 ] ], [ [ 73.152312, 28.1526219, 0.0 ], [ 73.1523352, 28.1526223, 0.0 ], [ 73.15233, 28.1529255, 0.0 ], [ 73.1523068, 28.1529252, 0.0 ], [ 73.152312, 28.1526219, 0.0 ] ], [ [ 73.1523627, 28.1529344, 0.0 ], [ 73.1523858, 28.1529347, 0.0 ], [ 73.1523806, 28.153238, 0.0 ], [ 73.1523575, 28.1532377, 0.0 ], [ 73.1523627, 28.1529344, 0.0 ] ], [ [ 73.1523067, 28.1529336, 0.0 ], [ 73.1523298, 28.1529339, 0.0 ], [ 73.1523246, 28.1532372, 0.0 ], [ 73.1523015, 28.1532369, 0.0 ], [ 73.1523067, 28.1529336, 0.0 ] ], [ [ 73.1523787, 28.1520032, 0.0 ], [ 73.1524018, 28.1520035, 0.0 ], [ 73.1523966, 28.1523068, 0.0 ], [ 73.1523734, 28.1523065, 0.0 ], [ 73.1523787, 28.1520032, 0.0 ] ], [ [ 73.1523227, 28.1520025, 0.0 ], [ 73.1523458, 28.1520028, 0.0 ], [ 73.1523406, 28.1523061, 0.0 ], [ 73.1523175, 28.1523057, 0.0 ], [ 73.1523227, 28.1520025, 0.0 ] ], [ [ 73.1523733, 28.1523149, 0.0 ], [ 73.1523964, 28.1523152, 0.0 ], [ 73.1523912, 28.1526185, 0.0 ], [ 73.1523681, 28.1526182, 0.0 ], [ 73.1523733, 28.1523149, 0.0 ] ], [ [ 73.1523173, 28.1523142, 0.0 ], [ 73.1523404, 28.1523145, 0.0 ], [ 73.1523352, 28.1526177, 0.0 ], [ 73.1523121, 28.1526174, 0.0 ], [ 73.1523173, 28.1523142, 0.0 ] ], [ [ 73.152256, 28.1526212, 0.0 ], [ 73.1522792, 28.1526215, 0.0 ], [ 73.152274, 28.1529248, 0.0 ], [ 73.1522508, 28.1529245, 0.0 ], [ 73.152256, 28.1526212, 0.0 ] ], [ [ 73.1522001, 28.1526204, 0.0 ], [ 73.1522232, 28.1526207, 0.0 ], [ 73.152218, 28.152924, 0.0 ], [ 73.1521948, 28.1529237, 0.0 ], [ 73.1522001, 28.1526204, 0.0 ] ], [ [ 73.1522507, 28.1529329, 0.0 ], [ 73.1522738, 28.1529332, 0.0 ], [ 73.1522686, 28.1532365, 0.0 ], [ 73.1522455, 28.1532361, 0.0 ], [ 73.1522507, 28.1529329, 0.0 ] ], [ [ 73.1521947, 28.1529321, 0.0 ], [ 73.1522178, 28.1529324, 0.0 ], [ 73.1522126, 28.1532357, 0.0 ], [ 73.1521895, 28.1532354, 0.0 ], [ 73.1521947, 28.1529321, 0.0 ] ], [ [ 73.1522667, 28.1520017, 0.0 ], [ 73.1522898, 28.152002, 0.0 ], [ 73.1522846, 28.1523053, 0.0 ], [ 73.1522615, 28.152305, 0.0 ], [ 73.1522667, 28.1520017, 0.0 ] ], [ [ 73.1522107, 28.152001, 0.0 ], [ 73.1522338, 28.1520013, 0.0 ], [ 73.1522286, 28.1523045, 0.0 ], [ 73.1522055, 28.1523042, 0.0 ], [ 73.1522107, 28.152001, 0.0 ] ], [ [ 73.1522613, 28.1523134, 0.0 ], [ 73.1522845, 28.1523137, 0.0 ], [ 73.1522792, 28.152617, 0.0 ], [ 73.1522561, 28.1526167, 0.0 ], [ 73.1522613, 28.1523134, 0.0 ] ], [ [ 73.1522053, 28.1523126, 0.0 ], [ 73.1522285, 28.152313, 0.0 ], [ 73.1522233, 28.1526162, 0.0 ], [ 73.1522001, 28.1526159, 0.0 ], [ 73.1522053, 28.1523126, 0.0 ] ], [ [ 73.1521441, 28.1526197, 0.0 ], [ 73.1521672, 28.15262, 0.0 ], [ 73.152162, 28.1529233, 0.0 ], [ 73.1521389, 28.1529229, 0.0 ], [ 73.1521441, 28.1526197, 0.0 ] ], [ [ 73.1520881, 28.1526189, 0.0 ], [ 73.1521112, 28.1526192, 0.0 ], [ 73.152106, 28.1529225, 0.0 ], [ 73.1520829, 28.1529222, 0.0 ], [ 73.1520881, 28.1526189, 0.0 ] ], [ [ 73.1521387, 28.1529314, 0.0 ], [ 73.1521618, 28.1529317, 0.0 ], [ 73.1521566, 28.1532349, 0.0 ], [ 73.1521335, 28.1532346, 0.0 ], [ 73.1521387, 28.1529314, 0.0 ] ], [ [ 73.1520827, 28.1529306, 0.0 ], [ 73.1521059, 28.1529309, 0.0 ], [ 73.1521006, 28.1532342, 0.0 ], [ 73.1520775, 28.1532339, 0.0 ], [ 73.1520827, 28.1529306, 0.0 ] ], [ [ 73.1521547, 28.1520002, 0.0 ], [ 73.1521778, 28.1520005, 0.0 ], [ 73.1521726, 28.1523038, 0.0 ], [ 73.1521495, 28.1523035, 0.0 ], [ 73.1521547, 28.1520002, 0.0 ] ], [ [ 73.1520987, 28.1519995, 0.0 ], [ 73.1521218, 28.1519998, 0.0 ], [ 73.1521166, 28.152303, 0.0 ], [ 73.1520935, 28.1523027, 0.0 ], [ 73.1520987, 28.1519995, 0.0 ] ], [ [ 73.1521494, 28.1523119, 0.0 ], [ 73.1521725, 28.1523122, 0.0 ], [ 73.1521673, 28.1526155, 0.0 ], [ 73.1521441, 28.1526152, 0.0 ], [ 73.1521494, 28.1523119, 0.0 ] ], [ [ 73.1520934, 28.1523111, 0.0 ], [ 73.1521165, 28.1523115, 0.0 ], [ 73.1521113, 28.1526147, 0.0 ], [ 73.1520882, 28.1526144, 0.0 ], [ 73.1520934, 28.1523111, 0.0 ] ], [ [ 73.1520321, 28.1526182, 0.0 ], [ 73.1520552, 28.1526185, 0.0 ], [ 73.15205, 28.1529217, 0.0 ], [ 73.1520269, 28.1529214, 0.0 ], [ 73.1520321, 28.1526182, 0.0 ] ], [ [ 73.1519761, 28.1526174, 0.0 ], [ 73.1519992, 28.1526177, 0.0 ], [ 73.151994, 28.152921, 0.0 ], [ 73.1519709, 28.1529207, 0.0 ], [ 73.1519761, 28.1526174, 0.0 ] ], [ [ 73.1520267, 28.1529299, 0.0 ], [ 73.1520499, 28.1529302, 0.0 ], [ 73.1520447, 28.1532334, 0.0 ], [ 73.1520215, 28.1532331, 0.0 ], [ 73.1520267, 28.1529299, 0.0 ] ], [ [ 73.1519707, 28.1529291, 0.0 ], [ 73.1519939, 28.1529294, 0.0 ], [ 73.1519887, 28.1532327, 0.0 ], [ 73.1519655, 28.1532324, 0.0 ], [ 73.1519707, 28.1529291, 0.0 ] ], [ [ 73.1520427, 28.1519987, 0.0 ], [ 73.1520659, 28.151999, 0.0 ], [ 73.1520606, 28.1523023, 0.0 ], [ 73.1520375, 28.152302, 0.0 ], [ 73.1520427, 28.1519987, 0.0 ] ], [ [ 73.1519867, 28.1519979, 0.0 ], [ 73.1520099, 28.1519983, 0.0 ], [ 73.1520047, 28.1523015, 0.0 ], [ 73.1519815, 28.1523012, 0.0 ], [ 73.1519867, 28.1519979, 0.0 ] ], [ [ 73.1520374, 28.1523104, 0.0 ], [ 73.1520605, 28.1523107, 0.0 ], [ 73.1520553, 28.152614, 0.0 ], [ 73.1520322, 28.1526137, 0.0 ], [ 73.1520374, 28.1523104, 0.0 ] ], [ [ 73.1519814, 28.1523096, 0.0 ], [ 73.1520045, 28.1523099, 0.0 ], [ 73.1519993, 28.1526132, 0.0 ], [ 73.1519762, 28.1526129, 0.0 ], [ 73.1519814, 28.1523096, 0.0 ] ], [ [ 73.1519201, 28.1526167, 0.0 ], [ 73.1519432, 28.152617, 0.0 ], [ 73.151938, 28.1529202, 0.0 ], [ 73.1519149, 28.1529199, 0.0 ], [ 73.1519201, 28.1526167, 0.0 ] ], [ [ 73.1518641, 28.1526159, 0.0 ], [ 73.1518873, 28.1526162, 0.0 ], [ 73.151882, 28.1529195, 0.0 ], [ 73.1518589, 28.1529192, 0.0 ], [ 73.1518641, 28.1526159, 0.0 ] ], [ [ 73.1519148, 28.1529283, 0.0 ], [ 73.1519379, 28.1529287, 0.0 ], [ 73.1519327, 28.1532319, 0.0 ], [ 73.1519096, 28.1532316, 0.0 ], [ 73.1519148, 28.1529283, 0.0 ] ], [ [ 73.1518588, 28.1529276, 0.0 ], [ 73.1518819, 28.1529279, 0.0 ], [ 73.1518767, 28.1532312, 0.0 ], [ 73.1518536, 28.1532309, 0.0 ], [ 73.1518588, 28.1529276, 0.0 ] ], [ [ 73.1519308, 28.1519972, 0.0 ], [ 73.1519539, 28.1519975, 0.0 ], [ 73.1519487, 28.1523008, 0.0 ], [ 73.1519255, 28.1523005, 0.0 ], [ 73.1519308, 28.1519972, 0.0 ] ], [ [ 73.1518748, 28.1519964, 0.0 ], [ 73.1518979, 28.1519967, 0.0 ], [ 73.1518927, 28.1523, 0.0 ], [ 73.1518696, 28.1522997, 0.0 ], [ 73.1518748, 28.1519964, 0.0 ] ], [ [ 73.1519254, 28.1523089, 0.0 ], [ 73.1519485, 28.1523092, 0.0 ], [ 73.1519433, 28.1526125, 0.0 ], [ 73.1519202, 28.1526121, 0.0 ], [ 73.1519254, 28.1523089, 0.0 ] ], [ [ 73.1518694, 28.1523081, 0.0 ], [ 73.1518925, 28.1523084, 0.0 ], [ 73.1518873, 28.1526117, 0.0 ], [ 73.1518642, 28.1526114, 0.0 ], [ 73.1518694, 28.1523081, 0.0 ] ], [ [ 73.1518081, 28.1526151, 0.0 ], [ 73.1518313, 28.1526155, 0.0 ], [ 73.1518261, 28.1529187, 0.0 ], [ 73.1518029, 28.1529184, 0.0 ], [ 73.1518081, 28.1526151, 0.0 ] ], [ [ 73.1517521, 28.1526144, 0.0 ], [ 73.1517753, 28.1526147, 0.0 ], [ 73.1517701, 28.152918, 0.0 ], [ 73.1517469, 28.1529177, 0.0 ], [ 73.1517521, 28.1526144, 0.0 ] ], [ [ 73.1518028, 28.1529268, 0.0 ], [ 73.1518259, 28.1529271, 0.0 ], [ 73.1518207, 28.1532304, 0.0 ], [ 73.1517976, 28.1532301, 0.0 ], [ 73.1518028, 28.1529268, 0.0 ] ], [ [ 73.1517468, 28.1529261, 0.0 ], [ 73.1517699, 28.1529264, 0.0 ], [ 73.1517647, 28.1532297, 0.0 ], [ 73.1517416, 28.1532293, 0.0 ], [ 73.1517468, 28.1529261, 0.0 ] ], [ [ 73.1518188, 28.1519957, 0.0 ], [ 73.1518419, 28.151996, 0.0 ], [ 73.1518367, 28.1522993, 0.0 ], [ 73.1518136, 28.1522989, 0.0 ], [ 73.1518188, 28.1519957, 0.0 ] ], [ [ 73.1517628, 28.1519949, 0.0 ], [ 73.1517859, 28.1519952, 0.0 ], [ 73.1517807, 28.1522985, 0.0 ], [ 73.1517576, 28.1522982, 0.0 ], [ 73.1517628, 28.1519949, 0.0 ] ], [ [ 73.1518134, 28.1523074, 0.0 ], [ 73.1518366, 28.1523077, 0.0 ], [ 73.1518313, 28.1526109, 0.0 ], [ 73.1518082, 28.1526106, 0.0 ], [ 73.1518134, 28.1523074, 0.0 ] ], [ [ 73.1517574, 28.1523066, 0.0 ], [ 73.1517806, 28.1523069, 0.0 ], [ 73.1517754, 28.1526102, 0.0 ], [ 73.1517522, 28.1526099, 0.0 ], [ 73.1517574, 28.1523066, 0.0 ] ], [ [ 73.1516962, 28.1526136, 0.0 ], [ 73.1517193, 28.1526139, 0.0 ], [ 73.1517141, 28.1529172, 0.0 ], [ 73.151691, 28.1529169, 0.0 ], [ 73.1516962, 28.1526136, 0.0 ] ], [ [ 73.1516402, 28.1526129, 0.0 ], [ 73.1516633, 28.1526132, 0.0 ], [ 73.1516581, 28.1529165, 0.0 ], [ 73.151635, 28.1529161, 0.0 ], [ 73.1516402, 28.1526129, 0.0 ] ], [ [ 73.1516908, 28.1529253, 0.0 ], [ 73.1517139, 28.1529256, 0.0 ], [ 73.1517087, 28.1532289, 0.0 ], [ 73.1516856, 28.1532286, 0.0 ], [ 73.1516908, 28.1529253, 0.0 ] ], [ [ 73.1516348, 28.1529246, 0.0 ], [ 73.1516579, 28.1529249, 0.0 ], [ 73.1516527, 28.1532281, 0.0 ], [ 73.1516296, 28.1532278, 0.0 ], [ 73.1516348, 28.1529246, 0.0 ] ], [ [ 73.1517068, 28.1519942, 0.0 ], [ 73.1517299, 28.1519945, 0.0 ], [ 73.1517247, 28.1522977, 0.0 ], [ 73.1517016, 28.1522974, 0.0 ], [ 73.1517068, 28.1519942, 0.0 ] ], [ [ 73.1516508, 28.1519934, 0.0 ], [ 73.1516739, 28.1519937, 0.0 ], [ 73.1516687, 28.152297, 0.0 ], [ 73.1516456, 28.1522967, 0.0 ], [ 73.1516508, 28.1519934, 0.0 ] ], [ [ 73.1517014, 28.1523059, 0.0 ], [ 73.1517246, 28.1523062, 0.0 ], [ 73.1517194, 28.1526094, 0.0 ], [ 73.1516962, 28.1526091, 0.0 ], [ 73.1517014, 28.1523059, 0.0 ] ], [ [ 73.1516455, 28.1523051, 0.0 ], [ 73.1516686, 28.1523054, 0.0 ], [ 73.1516634, 28.1526087, 0.0 ], [ 73.1516402, 28.1526084, 0.0 ], [ 73.1516455, 28.1523051, 0.0 ] ], [ [ 73.1515842, 28.1526121, 0.0 ], [ 73.1516073, 28.1526124, 0.0 ], [ 73.1516021, 28.1529157, 0.0 ], [ 73.151579, 28.1529154, 0.0 ], [ 73.1515842, 28.1526121, 0.0 ] ], [ [ 73.1515282, 28.1526114, 0.0 ], [ 73.1515513, 28.1526117, 0.0 ], [ 73.1515461, 28.1529149, 0.0 ], [ 73.151523, 28.1529146, 0.0 ], [ 73.1515282, 28.1526114, 0.0 ] ], [ [ 73.1515788, 28.1529238, 0.0 ], [ 73.151602, 28.1529241, 0.0 ], [ 73.1515967, 28.1532274, 0.0 ], [ 73.1515736, 28.1532271, 0.0 ], [ 73.1515788, 28.1529238, 0.0 ] ], [ [ 73.1515228, 28.1529231, 0.0 ], [ 73.151546, 28.1529234, 0.0 ], [ 73.1515408, 28.1532266, 0.0 ], [ 73.1515176, 28.1532263, 0.0 ], [ 73.1515228, 28.1529231, 0.0 ] ], [ [ 73.1515948, 28.1519927, 0.0 ], [ 73.151618, 28.151993, 0.0 ], [ 73.1516127, 28.1522962, 0.0 ], [ 73.1515896, 28.1522959, 0.0 ], [ 73.1515948, 28.1519927, 0.0 ] ], [ [ 73.1515388, 28.1519919, 0.0 ], [ 73.151562, 28.1519922, 0.0 ], [ 73.1515568, 28.1522955, 0.0 ], [ 73.1515336, 28.1522952, 0.0 ], [ 73.1515388, 28.1519919, 0.0 ] ], [ [ 73.1515895, 28.1523043, 0.0 ], [ 73.1516126, 28.1523047, 0.0 ], [ 73.1516074, 28.1526079, 0.0 ], [ 73.1515843, 28.1526076, 0.0 ], [ 73.1515895, 28.1523043, 0.0 ] ], [ [ 73.1515335, 28.1523036, 0.0 ], [ 73.1515566, 28.1523039, 0.0 ], [ 73.1515514, 28.1526072, 0.0 ], [ 73.1515283, 28.1526069, 0.0 ], [ 73.1515335, 28.1523036, 0.0 ] ], [ [ 73.1514722, 28.1526106, 0.0 ], [ 73.1514953, 28.1526109, 0.0 ], [ 73.1514901, 28.1529142, 0.0 ], [ 73.151467, 28.1529139, 0.0 ], [ 73.1514722, 28.1526106, 0.0 ] ], [ [ 73.1514162, 28.1526099, 0.0 ], [ 73.1514393, 28.1526102, 0.0 ], [ 73.1514341, 28.1529134, 0.0 ], [ 73.151411, 28.1529131, 0.0 ], [ 73.1514162, 28.1526099, 0.0 ] ], [ [ 73.1514669, 28.1529223, 0.0 ], [ 73.15149, 28.1529226, 0.0 ], [ 73.1514848, 28.1532259, 0.0 ], [ 73.1514616, 28.1532256, 0.0 ], [ 73.1514669, 28.1529223, 0.0 ] ], [ [ 73.1514109, 28.1529215, 0.0 ], [ 73.151434, 28.1529219, 0.0 ], [ 73.1514288, 28.1532251, 0.0 ], [ 73.1514057, 28.1532248, 0.0 ], [ 73.1514109, 28.1529215, 0.0 ] ], [ [ 73.1514829, 28.1519911, 0.0 ], [ 73.151506, 28.1519915, 0.0 ], [ 73.1515008, 28.1522947, 0.0 ], [ 73.1514776, 28.1522944, 0.0 ], [ 73.1514829, 28.1519911, 0.0 ] ], [ [ 73.1514269, 28.1519904, 0.0 ], [ 73.15145, 28.1519907, 0.0 ], [ 73.1514448, 28.152294, 0.0 ], [ 73.1514217, 28.1522937, 0.0 ], [ 73.1514269, 28.1519904, 0.0 ] ], [ [ 73.1514775, 28.1523028, 0.0 ], [ 73.1515006, 28.1523031, 0.0 ], [ 73.1514954, 28.1526064, 0.0 ], [ 73.1514723, 28.1526061, 0.0 ], [ 73.1514775, 28.1523028, 0.0 ] ], [ [ 73.1514215, 28.1523021, 0.0 ], [ 73.1514446, 28.1523024, 0.0 ], [ 73.1514394, 28.1526057, 0.0 ], [ 73.1514163, 28.1526053, 0.0 ], [ 73.1514215, 28.1523021, 0.0 ] ], [ [ 73.1513602, 28.1526091, 0.0 ], [ 73.1513834, 28.1526094, 0.0 ], [ 73.1513781, 28.1529127, 0.0 ], [ 73.151355, 28.1529124, 0.0 ], [ 73.1513602, 28.1526091, 0.0 ] ], [ [ 73.1513042, 28.1526083, 0.0 ], [ 73.1513274, 28.1526087, 0.0 ], [ 73.1513222, 28.1529119, 0.0 ], [ 73.151299, 28.1529116, 0.0 ], [ 73.1513042, 28.1526083, 0.0 ] ], [ [ 73.1513549, 28.1529208, 0.0 ], [ 73.151378, 28.1529211, 0.0 ], [ 73.1513728, 28.1532244, 0.0 ], [ 73.1513497, 28.1532241, 0.0 ], [ 73.1513549, 28.1529208, 0.0 ] ], [ [ 73.1512989, 28.15292, 0.0 ], [ 73.151322, 28.1529203, 0.0 ], [ 73.1513168, 28.1532236, 0.0 ], [ 73.1512937, 28.1532233, 0.0 ], [ 73.1512989, 28.15292, 0.0 ] ], [ [ 73.1513709, 28.1519896, 0.0 ], [ 73.151394, 28.1519899, 0.0 ], [ 73.1513888, 28.1522932, 0.0 ], [ 73.1513657, 28.1522929, 0.0 ], [ 73.1513709, 28.1519896, 0.0 ] ], [ [ 73.1513149, 28.1519889, 0.0 ], [ 73.151338, 28.1519892, 0.0 ], [ 73.1513328, 28.1522925, 0.0 ], [ 73.1513097, 28.1522921, 0.0 ], [ 73.1513149, 28.1519889, 0.0 ] ], [ [ 73.1513655, 28.1523013, 0.0 ], [ 73.1513886, 28.1523016, 0.0 ], [ 73.1513834, 28.1526049, 0.0 ], [ 73.1513603, 28.1526046, 0.0 ], [ 73.1513655, 28.1523013, 0.0 ] ], [ [ 73.1513095, 28.1523006, 0.0 ], [ 73.1513327, 28.1523009, 0.0 ], [ 73.1513274, 28.1526041, 0.0 ], [ 73.1513043, 28.1526038, 0.0 ], [ 73.1513095, 28.1523006, 0.0 ] ], [ [ 73.1512483, 28.1526076, 0.0 ], [ 73.1512714, 28.1526079, 0.0 ], [ 73.1512662, 28.1529112, 0.0 ], [ 73.151243, 28.1529109, 0.0 ], [ 73.1512483, 28.1526076, 0.0 ] ], [ [ 73.1511923, 28.1526068, 0.0 ], [ 73.1512154, 28.1526071, 0.0 ], [ 73.1512102, 28.1529104, 0.0 ], [ 73.1511871, 28.1529101, 0.0 ], [ 73.1511923, 28.1526068, 0.0 ] ], [ [ 73.1512429, 28.1529193, 0.0 ], [ 73.151266, 28.1529196, 0.0 ], [ 73.1512608, 28.1532229, 0.0 ], [ 73.1512377, 28.1532225, 0.0 ], [ 73.1512429, 28.1529193, 0.0 ] ], [ [ 73.1511869, 28.1529185, 0.0 ], [ 73.15121, 28.1529188, 0.0 ], [ 73.1512048, 28.1532221, 0.0 ], [ 73.1511817, 28.1532218, 0.0 ], [ 73.1511869, 28.1529185, 0.0 ] ], [ [ 73.1512589, 28.1519881, 0.0 ], [ 73.151282, 28.1519884, 0.0 ], [ 73.1512768, 28.1522917, 0.0 ], [ 73.1512537, 28.1522914, 0.0 ], [ 73.1512589, 28.1519881, 0.0 ] ], [ [ 73.1512029, 28.1519874, 0.0 ], [ 73.151226, 28.1519877, 0.0 ], [ 73.1512208, 28.1522909, 0.0 ], [ 73.1511977, 28.1522906, 0.0 ], [ 73.1512029, 28.1519874, 0.0 ] ], [ [ 73.1512535, 28.1522998, 0.0 ], [ 73.1512767, 28.1523001, 0.0 ], [ 73.1512715, 28.1526034, 0.0 ], [ 73.1512483, 28.1526031, 0.0 ], [ 73.1512535, 28.1522998, 0.0 ] ], [ [ 73.1511976, 28.152299, 0.0 ], [ 73.1512207, 28.1522994, 0.0 ], [ 73.1512155, 28.1526026, 0.0 ], [ 73.1511923, 28.1526023, 0.0 ], [ 73.1511976, 28.152299, 0.0 ] ], [ [ 73.1512695, 28.1513687, 0.0 ], [ 73.1512927, 28.151369, 0.0 ], [ 73.1512875, 28.1516722, 0.0 ], [ 73.1512643, 28.1516719, 0.0 ], [ 73.1512695, 28.1513687, 0.0 ] ], [ [ 73.1512136, 28.1513679, 0.0 ], [ 73.1512367, 28.1513682, 0.0 ], [ 73.1512315, 28.1516715, 0.0 ], [ 73.1512083, 28.1516712, 0.0 ], [ 73.1512136, 28.1513679, 0.0 ] ], [ [ 73.1512642, 28.1516803, 0.0 ], [ 73.1512873, 28.1516807, 0.0 ], [ 73.1512821, 28.1519839, 0.0 ], [ 73.151259, 28.1519836, 0.0 ], [ 73.1512642, 28.1516803, 0.0 ] ], [ [ 73.1512082, 28.1516796, 0.0 ], [ 73.1512313, 28.1516799, 0.0 ], [ 73.1512261, 28.1519832, 0.0 ], [ 73.151203, 28.1519829, 0.0 ], [ 73.1512082, 28.1516796, 0.0 ] ], [ [ 73.1511363, 28.1526061, 0.0 ], [ 73.1511594, 28.1526064, 0.0 ], [ 73.1511542, 28.1529097, 0.0 ], [ 73.1511311, 28.1529093, 0.0 ], [ 73.1511363, 28.1526061, 0.0 ] ], [ [ 73.1510803, 28.1526053, 0.0 ], [ 73.1511034, 28.1526056, 0.0 ], [ 73.1510982, 28.1529089, 0.0 ], [ 73.1510751, 28.1529086, 0.0 ], [ 73.1510803, 28.1526053, 0.0 ] ], [ [ 73.1511309, 28.1529178, 0.0 ], [ 73.1511541, 28.1529181, 0.0 ], [ 73.1511488, 28.1532213, 0.0 ], [ 73.1511257, 28.153221, 0.0 ], [ 73.1511309, 28.1529178, 0.0 ] ], [ [ 73.1510749, 28.152917, 0.0 ], [ 73.1510981, 28.1529173, 0.0 ], [ 73.1510929, 28.1532206, 0.0 ], [ 73.1510697, 28.1532203, 0.0 ], [ 73.1510749, 28.152917, 0.0 ] ], [ [ 73.1511469, 28.1519866, 0.0 ], [ 73.1511701, 28.1519869, 0.0 ], [ 73.1511648, 28.1522902, 0.0 ], [ 73.1511417, 28.1522899, 0.0 ], [ 73.1511469, 28.1519866, 0.0 ] ], [ [ 73.1510909, 28.1519859, 0.0 ], [ 73.1511141, 28.1519862, 0.0 ], [ 73.1511089, 28.1522894, 0.0 ], [ 73.1510857, 28.1522891, 0.0 ], [ 73.1510909, 28.1519859, 0.0 ] ], [ [ 73.1511416, 28.1522983, 0.0 ], [ 73.1511647, 28.1522986, 0.0 ], [ 73.1511595, 28.1526019, 0.0 ], [ 73.1511364, 28.1526016, 0.0 ], [ 73.1511416, 28.1522983, 0.0 ] ], [ [ 73.1510856, 28.1522975, 0.0 ], [ 73.1511087, 28.1522979, 0.0 ], [ 73.1511035, 28.1526011, 0.0 ], [ 73.1510804, 28.1526008, 0.0 ], [ 73.1510856, 28.1522975, 0.0 ] ], [ [ 73.1511576, 28.1513671, 0.0 ], [ 73.1511807, 28.1513675, 0.0 ], [ 73.1511755, 28.1516707, 0.0 ], [ 73.1511524, 28.1516704, 0.0 ], [ 73.1511576, 28.1513671, 0.0 ] ], [ [ 73.1511016, 28.1513664, 0.0 ], [ 73.1511247, 28.1513667, 0.0 ], [ 73.1511195, 28.15167, 0.0 ], [ 73.1510964, 28.1516697, 0.0 ], [ 73.1511016, 28.1513664, 0.0 ] ], [ [ 73.1511522, 28.1516788, 0.0 ], [ 73.1511753, 28.1516791, 0.0 ], [ 73.1511701, 28.1519824, 0.0 ], [ 73.151147, 28.1519821, 0.0 ], [ 73.1511522, 28.1516788, 0.0 ] ], [ [ 73.1510962, 28.1516781, 0.0 ], [ 73.1511194, 28.1516784, 0.0 ], [ 73.1511141, 28.1519817, 0.0 ], [ 73.151091, 28.1519813, 0.0 ], [ 73.1510962, 28.1516781, 0.0 ] ], [ [ 73.1510243, 28.1526046, 0.0 ], [ 73.1510474, 28.1526049, 0.0 ], [ 73.1510422, 28.1529081, 0.0 ], [ 73.1510191, 28.1529078, 0.0 ], [ 73.1510243, 28.1526046, 0.0 ] ], [ [ 73.1509683, 28.1526038, 0.0 ], [ 73.1509914, 28.1526041, 0.0 ], [ 73.1509862, 28.1529074, 0.0 ], [ 73.1509631, 28.1529071, 0.0 ], [ 73.1509683, 28.1526038, 0.0 ] ], [ [ 73.1510189, 28.1529163, 0.0 ], [ 73.1510421, 28.1529166, 0.0 ], [ 73.1510369, 28.1532198, 0.0 ], [ 73.1510137, 28.1532195, 0.0 ], [ 73.1510189, 28.1529163, 0.0 ] ], [ [ 73.150963, 28.1529155, 0.0 ], [ 73.1509861, 28.1529158, 0.0 ], [ 73.1509809, 28.1532191, 0.0 ], [ 73.1509577, 28.1532188, 0.0 ], [ 73.150963, 28.1529155, 0.0 ] ], [ [ 73.1510349, 28.1519851, 0.0 ], [ 73.1510581, 28.1519854, 0.0 ], [ 73.1510529, 28.1522887, 0.0 ], [ 73.1510297, 28.1522884, 0.0 ], [ 73.1510349, 28.1519851, 0.0 ] ], [ [ 73.150979, 28.1519843, 0.0 ], [ 73.1510021, 28.1519847, 0.0 ], [ 73.1509969, 28.1522879, 0.0 ], [ 73.1509737, 28.1522876, 0.0 ], [ 73.150979, 28.1519843, 0.0 ] ], [ [ 73.1510296, 28.1522968, 0.0 ], [ 73.1510527, 28.1522971, 0.0 ], [ 73.1510475, 28.1526004, 0.0 ], [ 73.1510244, 28.1526001, 0.0 ], [ 73.1510296, 28.1522968, 0.0 ] ], [ [ 73.1509736, 28.152296, 0.0 ], [ 73.1509967, 28.1522963, 0.0 ], [ 73.1509915, 28.1525996, 0.0 ], [ 73.1509684, 28.1525993, 0.0 ], [ 73.1509736, 28.152296, 0.0 ] ], [ [ 73.1510456, 28.1513656, 0.0 ], [ 73.1510687, 28.1513659, 0.0 ], [ 73.1510635, 28.1516692, 0.0 ], [ 73.1510404, 28.1516689, 0.0 ], [ 73.1510456, 28.1513656, 0.0 ] ], [ [ 73.1509896, 28.1513649, 0.0 ], [ 73.1510127, 28.1513652, 0.0 ], [ 73.1510075, 28.1516685, 0.0 ], [ 73.1509844, 28.1516681, 0.0 ], [ 73.1509896, 28.1513649, 0.0 ] ], [ [ 73.1510402, 28.1516773, 0.0 ], [ 73.1510634, 28.1516776, 0.0 ], [ 73.1510582, 28.1519809, 0.0 ], [ 73.151035, 28.1519806, 0.0 ], [ 73.1510402, 28.1516773, 0.0 ] ], [ [ 73.1509842, 28.1516766, 0.0 ], [ 73.1510074, 28.1516769, 0.0 ], [ 73.1510022, 28.1519801, 0.0 ], [ 73.150979, 28.1519798, 0.0 ], [ 73.1509842, 28.1516766, 0.0 ] ], [ [ 73.1510562, 28.1507462, 0.0 ], [ 73.1510794, 28.1507465, 0.0 ], [ 73.1510742, 28.1510497, 0.0 ], [ 73.151051, 28.1510494, 0.0 ], [ 73.1510562, 28.1507462, 0.0 ] ], [ [ 73.1510003, 28.1507454, 0.0 ], [ 73.1510234, 28.1507457, 0.0 ], [ 73.1510182, 28.151049, 0.0 ], [ 73.150995, 28.1510487, 0.0 ], [ 73.1510003, 28.1507454, 0.0 ] ], [ [ 73.1510509, 28.1510578, 0.0 ], [ 73.151074, 28.1510582, 0.0 ], [ 73.1510688, 28.1513614, 0.0 ], [ 73.1510457, 28.1513611, 0.0 ], [ 73.1510509, 28.1510578, 0.0 ] ], [ [ 73.1509949, 28.1510571, 0.0 ], [ 73.151018, 28.1510574, 0.0 ], [ 73.1510128, 28.1513607, 0.0 ], [ 73.1509897, 28.1513604, 0.0 ], [ 73.1509949, 28.1510571, 0.0 ] ], [ [ 73.1509123, 28.1526031, 0.0 ], [ 73.1509355, 28.1526034, 0.0 ], [ 73.1509302, 28.1529066, 0.0 ], [ 73.1509071, 28.1529063, 0.0 ], [ 73.1509123, 28.1526031, 0.0 ] ], [ [ 73.1508563, 28.1526023, 0.0 ], [ 73.1508795, 28.1526026, 0.0 ], [ 73.1508743, 28.1529059, 0.0 ], [ 73.1508511, 28.1529056, 0.0 ], [ 73.1508563, 28.1526023, 0.0 ] ], [ [ 73.150907, 28.1529147, 0.0 ], [ 73.1509301, 28.1529151, 0.0 ], [ 73.1509249, 28.1532183, 0.0 ], [ 73.1509018, 28.153218, 0.0 ], [ 73.150907, 28.1529147, 0.0 ] ], [ [ 73.150851, 28.152914, 0.0 ], [ 73.1508741, 28.1529143, 0.0 ], [ 73.1508689, 28.1532176, 0.0 ], [ 73.1508458, 28.1532173, 0.0 ], [ 73.150851, 28.152914, 0.0 ] ], [ [ 73.150923, 28.1519836, 0.0 ], [ 73.1509461, 28.1519839, 0.0 ], [ 73.1509409, 28.1522872, 0.0 ], [ 73.1509178, 28.1522869, 0.0 ], [ 73.150923, 28.1519836, 0.0 ] ], [ [ 73.150867, 28.1519828, 0.0 ], [ 73.1508901, 28.1519831, 0.0 ], [ 73.1508849, 28.1522864, 0.0 ], [ 73.1508618, 28.1522861, 0.0 ], [ 73.150867, 28.1519828, 0.0 ] ], [ [ 73.1509176, 28.1522953, 0.0 ], [ 73.1509407, 28.1522956, 0.0 ], [ 73.1509355, 28.1525989, 0.0 ], [ 73.1509124, 28.1525985, 0.0 ], [ 73.1509176, 28.1522953, 0.0 ] ], [ [ 73.1508616, 28.1522945, 0.0 ], [ 73.1508848, 28.1522948, 0.0 ], [ 73.1508795, 28.1525981, 0.0 ], [ 73.1508564, 28.1525978, 0.0 ], [ 73.1508616, 28.1522945, 0.0 ] ], [ [ 73.1509336, 28.1513641, 0.0 ], [ 73.1509567, 28.1513644, 0.0 ], [ 73.1509515, 28.1516677, 0.0 ], [ 73.1509284, 28.1516674, 0.0 ], [ 73.1509336, 28.1513641, 0.0 ] ], [ [ 73.1508776, 28.1513634, 0.0 ], [ 73.1509008, 28.1513637, 0.0 ], [ 73.1508955, 28.1516669, 0.0 ], [ 73.1508724, 28.1516666, 0.0 ], [ 73.1508776, 28.1513634, 0.0 ] ], [ [ 73.1509283, 28.1516758, 0.0 ], [ 73.1509514, 28.1516761, 0.0 ], [ 73.1509462, 28.1519794, 0.0 ], [ 73.150923, 28.1519791, 0.0 ], [ 73.1509283, 28.1516758, 0.0 ] ], [ [ 73.1508723, 28.151675, 0.0 ], [ 73.1508954, 28.1516754, 0.0 ], [ 73.1508902, 28.1519786, 0.0 ], [ 73.1508671, 28.1519783, 0.0 ], [ 73.1508723, 28.151675, 0.0 ] ], [ [ 73.1509443, 28.1507446, 0.0 ], [ 73.1509674, 28.150745, 0.0 ], [ 73.1509622, 28.1510482, 0.0 ], [ 73.1509391, 28.1510479, 0.0 ], [ 73.1509443, 28.1507446, 0.0 ] ], [ [ 73.1508883, 28.1507439, 0.0 ], [ 73.1509114, 28.1507442, 0.0 ], [ 73.1509062, 28.1510475, 0.0 ], [ 73.1508831, 28.1510472, 0.0 ], [ 73.1508883, 28.1507439, 0.0 ] ], [ [ 73.1509389, 28.1510563, 0.0 ], [ 73.150962, 28.1510566, 0.0 ], [ 73.1509568, 28.1513599, 0.0 ], [ 73.1509337, 28.1513596, 0.0 ], [ 73.1509389, 28.1510563, 0.0 ] ], [ [ 73.1508829, 28.1510556, 0.0 ], [ 73.150906, 28.1510559, 0.0 ], [ 73.1509008, 28.1513592, 0.0 ], [ 73.1508777, 28.1513588, 0.0 ], [ 73.1508829, 28.1510556, 0.0 ] ], [ [ 73.1508003, 28.1526015, 0.0 ], [ 73.1508235, 28.1526019, 0.0 ], [ 73.1508183, 28.1529051, 0.0 ], [ 73.1507951, 28.1529048, 0.0 ], [ 73.1508003, 28.1526015, 0.0 ] ], [ [ 73.1507444, 28.1526008, 0.0 ], [ 73.1507675, 28.1526011, 0.0 ], [ 73.1507623, 28.1529044, 0.0 ], [ 73.1507391, 28.1529041, 0.0 ], [ 73.1507444, 28.1526008, 0.0 ] ], [ [ 73.150795, 28.1529132, 0.0 ], [ 73.1508181, 28.1529135, 0.0 ], [ 73.1508129, 28.1532168, 0.0 ], [ 73.1507898, 28.1532165, 0.0 ], [ 73.150795, 28.1529132, 0.0 ] ], [ [ 73.150739, 28.1529125, 0.0 ], [ 73.1507621, 28.1529128, 0.0 ], [ 73.1507569, 28.1532161, 0.0 ], [ 73.1507338, 28.1532157, 0.0 ], [ 73.150739, 28.1529125, 0.0 ] ], [ [ 73.150811, 28.1519821, 0.0 ], [ 73.1508341, 28.1519824, 0.0 ], [ 73.1508289, 28.1522857, 0.0 ], [ 73.1508058, 28.1522853, 0.0 ], [ 73.150811, 28.1519821, 0.0 ] ], [ [ 73.150755, 28.1519813, 0.0 ], [ 73.1507781, 28.1519816, 0.0 ], [ 73.1507729, 28.1522849, 0.0 ], [ 73.1507498, 28.1522846, 0.0 ], [ 73.150755, 28.1519813, 0.0 ] ], [ [ 73.1508056, 28.1522938, 0.0 ], [ 73.1508288, 28.1522941, 0.0 ], [ 73.1508236, 28.1525973, 0.0 ], [ 73.1508004, 28.152597, 0.0 ], [ 73.1508056, 28.1522938, 0.0 ] ], [ [ 73.1507497, 28.152293, 0.0 ], [ 73.1507728, 28.1522933, 0.0 ], [ 73.1507676, 28.1525966, 0.0 ], [ 73.1507444, 28.1525963, 0.0 ], [ 73.1507497, 28.152293, 0.0 ] ], [ [ 73.1508216, 28.1513626, 0.0 ], [ 73.1508448, 28.1513629, 0.0 ], [ 73.1508396, 28.1516662, 0.0 ], [ 73.1508164, 28.1516659, 0.0 ], [ 73.1508216, 28.1513626, 0.0 ] ], [ [ 73.1507657, 28.1513618, 0.0 ], [ 73.1507888, 28.1513622, 0.0 ], [ 73.1507836, 28.1516654, 0.0 ], [ 73.1507604, 28.1516651, 0.0 ], [ 73.1507657, 28.1513618, 0.0 ] ], [ [ 73.1508163, 28.1516743, 0.0 ], [ 73.1508394, 28.1516746, 0.0 ], [ 73.1508342, 28.1519779, 0.0 ], [ 73.1508111, 28.1519776, 0.0 ], [ 73.1508163, 28.1516743, 0.0 ] ], [ [ 73.1507603, 28.1516735, 0.0 ], [ 73.1507834, 28.1516738, 0.0 ], [ 73.1507782, 28.1519771, 0.0 ], [ 73.1507551, 28.1519768, 0.0 ], [ 73.1507603, 28.1516735, 0.0 ] ], [ [ 73.1508323, 28.1507431, 0.0 ], [ 73.1508554, 28.1507434, 0.0 ], [ 73.1508502, 28.1510467, 0.0 ], [ 73.1508271, 28.1510464, 0.0 ], [ 73.1508323, 28.1507431, 0.0 ] ], [ [ 73.1507763, 28.1507424, 0.0 ], [ 73.1507994, 28.1507427, 0.0 ], [ 73.1507942, 28.151046, 0.0 ], [ 73.1507711, 28.1510457, 0.0 ], [ 73.1507763, 28.1507424, 0.0 ] ], [ [ 73.1508269, 28.1510548, 0.0 ], [ 73.1508501, 28.1510551, 0.0 ], [ 73.1508448, 28.1513584, 0.0 ], [ 73.1508217, 28.1513581, 0.0 ], [ 73.1508269, 28.1510548, 0.0 ] ], [ [ 73.1507709, 28.1510541, 0.0 ], [ 73.1507941, 28.1510544, 0.0 ], [ 73.1507889, 28.1513576, 0.0 ], [ 73.1507657, 28.1513573, 0.0 ], [ 73.1507709, 28.1510541, 0.0 ] ], [ [ 73.1506884, 28.1526, 0.0 ], [ 73.1507115, 28.1526003, 0.0 ], [ 73.1507063, 28.1529036, 0.0 ], [ 73.1506832, 28.1529033, 0.0 ], [ 73.1506884, 28.1526, 0.0 ] ], [ [ 73.1506324, 28.1525993, 0.0 ], [ 73.1506555, 28.1525996, 0.0 ], [ 73.1506503, 28.1529029, 0.0 ], [ 73.1506272, 28.1529025, 0.0 ], [ 73.1506324, 28.1525993, 0.0 ] ], [ [ 73.150683, 28.1529117, 0.0 ], [ 73.1507061, 28.152912, 0.0 ], [ 73.1507009, 28.1532153, 0.0 ], [ 73.1506778, 28.153215, 0.0 ], [ 73.150683, 28.1529117, 0.0 ] ], [ [ 73.150627, 28.152911, 0.0 ], [ 73.1506502, 28.1529113, 0.0 ], [ 73.1506449, 28.1532145, 0.0 ], [ 73.1506218, 28.1532142, 0.0 ], [ 73.150627, 28.152911, 0.0 ] ], [ [ 73.150699, 28.1519806, 0.0 ], [ 73.1507221, 28.1519809, 0.0 ], [ 73.1507169, 28.1522841, 0.0 ], [ 73.1506938, 28.1522838, 0.0 ], [ 73.150699, 28.1519806, 0.0 ] ], [ [ 73.150643, 28.1519798, 0.0 ], [ 73.1506662, 28.1519801, 0.0 ], [ 73.1506609, 28.1522834, 0.0 ], [ 73.1506378, 28.1522831, 0.0 ], [ 73.150643, 28.1519798, 0.0 ] ], [ [ 73.1506937, 28.1522922, 0.0 ], [ 73.1507168, 28.1522926, 0.0 ], [ 73.1507116, 28.1525958, 0.0 ], [ 73.1506885, 28.1525955, 0.0 ], [ 73.1506937, 28.1522922, 0.0 ] ], [ [ 73.1506377, 28.1522915, 0.0 ], [ 73.1506608, 28.1522918, 0.0 ], [ 73.1506556, 28.1525951, 0.0 ], [ 73.1506325, 28.1525948, 0.0 ], [ 73.1506377, 28.1522915, 0.0 ] ], [ [ 73.1507097, 28.1513611, 0.0 ], [ 73.1507328, 28.1513614, 0.0 ], [ 73.1507276, 28.1516647, 0.0 ], [ 73.1507045, 28.1516644, 0.0 ], [ 73.1507097, 28.1513611, 0.0 ] ], [ [ 73.1506537, 28.1513603, 0.0 ], [ 73.1506768, 28.1513606, 0.0 ], [ 73.1506716, 28.1516639, 0.0 ], [ 73.1506485, 28.1516636, 0.0 ], [ 73.1506537, 28.1513603, 0.0 ] ], [ [ 73.1507043, 28.1516728, 0.0 ], [ 73.1507274, 28.1516731, 0.0 ], [ 73.1507222, 28.1519764, 0.0 ], [ 73.1506991, 28.151976, 0.0 ], [ 73.1507043, 28.1516728, 0.0 ] ], [ [ 73.1506483, 28.151672, 0.0 ], [ 73.1506715, 28.1516723, 0.0 ], [ 73.1506662, 28.1519756, 0.0 ], [ 73.1506431, 28.1519753, 0.0 ], [ 73.1506483, 28.151672, 0.0 ] ], [ [ 73.1507203, 28.1507416, 0.0 ], [ 73.1507434, 28.1507419, 0.0 ], [ 73.1507382, 28.1510452, 0.0 ], [ 73.1507151, 28.1510449, 0.0 ], [ 73.1507203, 28.1507416, 0.0 ] ], [ [ 73.1506643, 28.1507409, 0.0 ], [ 73.1506875, 28.1507412, 0.0 ], [ 73.1506822, 28.1510445, 0.0 ], [ 73.1506591, 28.1510441, 0.0 ], [ 73.1506643, 28.1507409, 0.0 ] ], [ [ 73.150715, 28.1510533, 0.0 ], [ 73.1507381, 28.1510536, 0.0 ], [ 73.1507329, 28.1513569, 0.0 ], [ 73.1507097, 28.1513566, 0.0 ], [ 73.150715, 28.1510533, 0.0 ] ], [ [ 73.150659, 28.1510526, 0.0 ], [ 73.1506821, 28.1510529, 0.0 ], [ 73.1506769, 28.1513561, 0.0 ], [ 73.1506538, 28.1513558, 0.0 ], [ 73.150659, 28.1510526, 0.0 ] ], [ [ 73.1505764, 28.1525985, 0.0 ], [ 73.1505995, 28.1525988, 0.0 ], [ 73.1505943, 28.1529021, 0.0 ], [ 73.1505712, 28.1529018, 0.0 ], [ 73.1505764, 28.1525985, 0.0 ] ], [ [ 73.1505204, 28.1525978, 0.0 ], [ 73.1505435, 28.1525981, 0.0 ], [ 73.1505383, 28.1529013, 0.0 ], [ 73.1505152, 28.152901, 0.0 ], [ 73.1505204, 28.1525978, 0.0 ] ], [ [ 73.150571, 28.1529102, 0.0 ], [ 73.1505942, 28.1529105, 0.0 ], [ 73.150589, 28.1532138, 0.0 ], [ 73.1505658, 28.1532135, 0.0 ], [ 73.150571, 28.1529102, 0.0 ] ], [ [ 73.1505151, 28.1529094, 0.0 ], [ 73.1505382, 28.1529098, 0.0 ], [ 73.150533, 28.153213, 0.0 ], [ 73.1505098, 28.1532127, 0.0 ], [ 73.1505151, 28.1529094, 0.0 ] ], [ [ 73.150587, 28.151979, 0.0 ], [ 73.1506102, 28.1519794, 0.0 ], [ 73.150605, 28.1522826, 0.0 ], [ 73.1505818, 28.1522823, 0.0 ], [ 73.150587, 28.151979, 0.0 ] ], [ [ 73.1505311, 28.1519783, 0.0 ], [ 73.1505542, 28.1519786, 0.0 ], [ 73.150549, 28.1522819, 0.0 ], [ 73.1505258, 28.1522816, 0.0 ], [ 73.1505311, 28.1519783, 0.0 ] ], [ [ 73.1505817, 28.1522907, 0.0 ], [ 73.1506048, 28.152291, 0.0 ], [ 73.1505996, 28.1525943, 0.0 ], [ 73.1505765, 28.152594, 0.0 ], [ 73.1505817, 28.1522907, 0.0 ] ], [ [ 73.1505257, 28.15229, 0.0 ], [ 73.1505488, 28.1522903, 0.0 ], [ 73.1505436, 28.1525936, 0.0 ], [ 73.1505205, 28.1525932, 0.0 ], [ 73.1505257, 28.15229, 0.0 ] ], [ [ 73.1505977, 28.1513596, 0.0 ], [ 73.1506208, 28.1513599, 0.0 ], [ 73.1506156, 28.1516632, 0.0 ], [ 73.1505925, 28.1516629, 0.0 ], [ 73.1505977, 28.1513596, 0.0 ] ], [ [ 73.1505417, 28.1513588, 0.0 ], [ 73.1505648, 28.1513591, 0.0 ], [ 73.1505596, 28.1516624, 0.0 ], [ 73.1505365, 28.1516621, 0.0 ], [ 73.1505417, 28.1513588, 0.0 ] ], [ [ 73.1505923, 28.1516713, 0.0 ], [ 73.1506155, 28.1516716, 0.0 ], [ 73.1506103, 28.1519748, 0.0 ], [ 73.1505871, 28.1519745, 0.0 ], [ 73.1505923, 28.1516713, 0.0 ] ], [ [ 73.1505363, 28.1516705, 0.0 ], [ 73.1505595, 28.1516708, 0.0 ], [ 73.1505543, 28.1519741, 0.0 ], [ 73.1505311, 28.1519738, 0.0 ], [ 73.1505363, 28.1516705, 0.0 ] ], [ [ 73.1506083, 28.1507401, 0.0 ], [ 73.1506315, 28.1507404, 0.0 ], [ 73.1506263, 28.1510437, 0.0 ], [ 73.1506031, 28.1510434, 0.0 ], [ 73.1506083, 28.1507401, 0.0 ] ], [ [ 73.1505524, 28.1507394, 0.0 ], [ 73.1505755, 28.1507397, 0.0 ], [ 73.1505703, 28.1510429, 0.0 ], [ 73.1505471, 28.1510426, 0.0 ], [ 73.1505524, 28.1507394, 0.0 ] ], [ [ 73.150603, 28.1510518, 0.0 ], [ 73.1506261, 28.1510521, 0.0 ], [ 73.1506209, 28.1513554, 0.0 ], [ 73.1505978, 28.1513551, 0.0 ], [ 73.150603, 28.1510518, 0.0 ] ], [ [ 73.150547, 28.151051, 0.0 ], [ 73.1505701, 28.1510514, 0.0 ], [ 73.1505649, 28.1513546, 0.0 ], [ 73.1505418, 28.1513543, 0.0 ], [ 73.150547, 28.151051, 0.0 ] ], [ [ 73.1504644, 28.152597, 0.0 ], [ 73.1504875, 28.1525973, 0.0 ], [ 73.1504823, 28.1529006, 0.0 ], [ 73.1504592, 28.1529003, 0.0 ], [ 73.1504644, 28.152597, 0.0 ] ], [ [ 73.1504084, 28.1525962, 0.0 ], [ 73.1504316, 28.1525966, 0.0 ], [ 73.1504263, 28.1528998, 0.0 ], [ 73.1504032, 28.1528995, 0.0 ], [ 73.1504084, 28.1525962, 0.0 ] ], [ [ 73.1504591, 28.1529087, 0.0 ], [ 73.1504822, 28.152909, 0.0 ], [ 73.150477, 28.1532123, 0.0 ], [ 73.1504538, 28.153212, 0.0 ], [ 73.1504591, 28.1529087, 0.0 ] ], [ [ 73.1504031, 28.1529079, 0.0 ], [ 73.1504262, 28.1529082, 0.0 ], [ 73.150421, 28.1532115, 0.0 ], [ 73.1503979, 28.1532112, 0.0 ], [ 73.1504031, 28.1529079, 0.0 ] ], [ [ 73.1504751, 28.1519775, 0.0 ], [ 73.1504982, 28.1519778, 0.0 ], [ 73.150493, 28.1522811, 0.0 ], [ 73.1504699, 28.1522808, 0.0 ], [ 73.1504751, 28.1519775, 0.0 ] ], [ [ 73.1504191, 28.1519768, 0.0 ], [ 73.1504422, 28.1519771, 0.0 ], [ 73.150437, 28.1522804, 0.0 ], [ 73.1504139, 28.15228, 0.0 ], [ 73.1504191, 28.1519768, 0.0 ] ], [ [ 73.1504697, 28.1522892, 0.0 ], [ 73.1504928, 28.1522895, 0.0 ], [ 73.1504876, 28.1525928, 0.0 ], [ 73.1504645, 28.1525925, 0.0 ], [ 73.1504697, 28.1522892, 0.0 ] ], [ [ 73.1504137, 28.1522885, 0.0 ], [ 73.1504369, 28.1522888, 0.0 ], [ 73.1504316, 28.152592, 0.0 ], [ 73.1504085, 28.1525917, 0.0 ], [ 73.1504137, 28.1522885, 0.0 ] ], [ [ 73.1504857, 28.1513581, 0.0 ], [ 73.1505088, 28.1513584, 0.0 ], [ 73.1505036, 28.1516617, 0.0 ], [ 73.1504805, 28.1516613, 0.0 ], [ 73.1504857, 28.1513581, 0.0 ] ], [ [ 73.1504297, 28.1513573, 0.0 ], [ 73.1504529, 28.1513576, 0.0 ], [ 73.1504476, 28.1516609, 0.0 ], [ 73.1504245, 28.1516606, 0.0 ], [ 73.1504297, 28.1513573, 0.0 ] ], [ [ 73.1504804, 28.1516698, 0.0 ], [ 73.1505035, 28.1516701, 0.0 ], [ 73.1504983, 28.1519733, 0.0 ], [ 73.1504751, 28.151973, 0.0 ], [ 73.1504804, 28.1516698, 0.0 ] ], [ [ 73.1504244, 28.151669, 0.0 ], [ 73.1504475, 28.1516693, 0.0 ], [ 73.1504423, 28.1519726, 0.0 ], [ 73.1504192, 28.1519723, 0.0 ], [ 73.1504244, 28.151669, 0.0 ] ], [ [ 73.1504964, 28.1507386, 0.0 ], [ 73.1505195, 28.1507389, 0.0 ], [ 73.1505143, 28.1510422, 0.0 ], [ 73.1504912, 28.1510419, 0.0 ], [ 73.1504964, 28.1507386, 0.0 ] ], [ [ 73.1504404, 28.1507378, 0.0 ], [ 73.1504635, 28.1507382, 0.0 ], [ 73.1504583, 28.1510414, 0.0 ], [ 73.1504352, 28.1510411, 0.0 ], [ 73.1504404, 28.1507378, 0.0 ] ], [ [ 73.150491, 28.1510503, 0.0 ], [ 73.1505141, 28.1510506, 0.0 ], [ 73.1505089, 28.1513539, 0.0 ], [ 73.1504858, 28.1513536, 0.0 ], [ 73.150491, 28.1510503, 0.0 ] ], [ [ 73.150435, 28.1510495, 0.0 ], [ 73.1504581, 28.1510498, 0.0 ], [ 73.1504529, 28.1513531, 0.0 ], [ 73.1504298, 28.1513528, 0.0 ], [ 73.150435, 28.1510495, 0.0 ] ], [ [ 73.1503524, 28.1525955, 0.0 ], [ 73.1503756, 28.1525958, 0.0 ], [ 73.1503704, 28.1528991, 0.0 ], [ 73.1503472, 28.1528988, 0.0 ], [ 73.1503524, 28.1525955, 0.0 ] ], [ [ 73.1502965, 28.1525947, 0.0 ], [ 73.1503196, 28.152595, 0.0 ], [ 73.1503144, 28.1528983, 0.0 ], [ 73.1502912, 28.152898, 0.0 ], [ 73.1502965, 28.1525947, 0.0 ] ], [ [ 73.1503471, 28.1529072, 0.0 ], [ 73.1503702, 28.1529075, 0.0 ], [ 73.150365, 28.1532108, 0.0 ], [ 73.1503419, 28.1532104, 0.0 ], [ 73.1503471, 28.1529072, 0.0 ] ], [ [ 73.1502911, 28.1529064, 0.0 ], [ 73.1503142, 28.1529067, 0.0 ], [ 73.150309, 28.15321, 0.0 ], [ 73.1502859, 28.1532097, 0.0 ], [ 73.1502911, 28.1529064, 0.0 ] ], [ [ 73.1503631, 28.151976, 0.0 ], [ 73.1503862, 28.1519763, 0.0 ], [ 73.150381, 28.1522796, 0.0 ], [ 73.1503579, 28.1522793, 0.0 ], [ 73.1503631, 28.151976, 0.0 ] ], [ [ 73.1503071, 28.1519753, 0.0 ], [ 73.1503302, 28.1519756, 0.0 ], [ 73.150325, 28.1522788, 0.0 ], [ 73.1503019, 28.1522785, 0.0 ], [ 73.1503071, 28.1519753, 0.0 ] ], [ [ 73.1503577, 28.1522877, 0.0 ], [ 73.1503809, 28.152288, 0.0 ], [ 73.1503756, 28.1525913, 0.0 ], [ 73.1503525, 28.152591, 0.0 ], [ 73.1503577, 28.1522877, 0.0 ] ], [ [ 73.1503017, 28.152287, 0.0 ], [ 73.1503249, 28.1522873, 0.0 ], [ 73.1503197, 28.1525905, 0.0 ], [ 73.1502965, 28.1525902, 0.0 ], [ 73.1503017, 28.152287, 0.0 ] ], [ [ 73.1503737, 28.1513566, 0.0 ], [ 73.1503969, 28.1513569, 0.0 ], [ 73.1503917, 28.1516601, 0.0 ], [ 73.1503685, 28.1516598, 0.0 ], [ 73.1503737, 28.1513566, 0.0 ] ], [ [ 73.1503178, 28.1513558, 0.0 ], [ 73.1503409, 28.1513561, 0.0 ], [ 73.1503357, 28.1516594, 0.0 ], [ 73.1503125, 28.1516591, 0.0 ], [ 73.1503178, 28.1513558, 0.0 ] ], [ [ 73.1503684, 28.1516682, 0.0 ], [ 73.1503915, 28.1516686, 0.0 ], [ 73.1503863, 28.1519718, 0.0 ], [ 73.1503632, 28.1519715, 0.0 ], [ 73.1503684, 28.1516682, 0.0 ] ], [ [ 73.1503124, 28.1516675, 0.0 ], [ 73.1503355, 28.1516678, 0.0 ], [ 73.1503303, 28.1519711, 0.0 ], [ 73.1503072, 28.1519708, 0.0 ], [ 73.1503124, 28.1516675, 0.0 ] ], [ [ 73.1503844, 28.1507371, 0.0 ], [ 73.1504075, 28.1507374, 0.0 ], [ 73.1504023, 28.1510407, 0.0 ], [ 73.1503792, 28.1510404, 0.0 ], [ 73.1503844, 28.1507371, 0.0 ] ], [ [ 73.1503284, 28.1507363, 0.0 ], [ 73.1503515, 28.1507366, 0.0 ], [ 73.1503463, 28.1510399, 0.0 ], [ 73.1503232, 28.1510396, 0.0 ], [ 73.1503284, 28.1507363, 0.0 ] ], [ [ 73.150379, 28.1510488, 0.0 ], [ 73.1504022, 28.1510491, 0.0 ], [ 73.1503969, 28.1513524, 0.0 ], [ 73.1503738, 28.151352, 0.0 ], [ 73.150379, 28.1510488, 0.0 ] ], [ [ 73.150323, 28.151048, 0.0 ], [ 73.1503462, 28.1510483, 0.0 ], [ 73.150341, 28.1513516, 0.0 ], [ 73.1503178, 28.1513513, 0.0 ], [ 73.150323, 28.151048, 0.0 ] ], [ [ 73.1502405, 28.152594, 0.0 ], [ 73.1502636, 28.1525943, 0.0 ], [ 73.1502584, 28.1528976, 0.0 ], [ 73.1502353, 28.1528972, 0.0 ], [ 73.1502405, 28.152594, 0.0 ] ], [ [ 73.1501845, 28.1525932, 0.0 ], [ 73.1502076, 28.1525935, 0.0 ], [ 73.1502024, 28.1528968, 0.0 ], [ 73.1501793, 28.1528965, 0.0 ], [ 73.1501845, 28.1525932, 0.0 ] ], [ [ 73.1502351, 28.1529057, 0.0 ], [ 73.1502582, 28.152906, 0.0 ], [ 73.150253, 28.1532092, 0.0 ], [ 73.1502299, 28.1532089, 0.0 ], [ 73.1502351, 28.1529057, 0.0 ] ], [ [ 73.1501791, 28.1529049, 0.0 ], [ 73.1502022, 28.1529052, 0.0 ], [ 73.150197, 28.1532085, 0.0 ], [ 73.1501739, 28.1532082, 0.0 ], [ 73.1501791, 28.1529049, 0.0 ] ], [ [ 73.1502511, 28.1519745, 0.0 ], [ 73.1502742, 28.1519748, 0.0 ], [ 73.150269, 28.1522781, 0.0 ], [ 73.1502459, 28.1522778, 0.0 ], [ 73.1502511, 28.1519745, 0.0 ] ], [ [ 73.1501951, 28.1519738, 0.0 ], [ 73.1502183, 28.1519741, 0.0 ], [ 73.150213, 28.1522773, 0.0 ], [ 73.1501899, 28.152277, 0.0 ], [ 73.1501951, 28.1519738, 0.0 ] ], [ [ 73.1502458, 28.1522862, 0.0 ], [ 73.1502689, 28.1522865, 0.0 ], [ 73.1502637, 28.1525898, 0.0 ], [ 73.1502405, 28.1525895, 0.0 ], [ 73.1502458, 28.1522862, 0.0 ] ], [ [ 73.1501898, 28.1522854, 0.0 ], [ 73.1502129, 28.1522858, 0.0 ], [ 73.1502077, 28.152589, 0.0 ], [ 73.1501846, 28.1525887, 0.0 ], [ 73.1501898, 28.1522854, 0.0 ] ], [ [ 73.1502618, 28.151355, 0.0 ], [ 73.1502849, 28.1513554, 0.0 ], [ 73.1502797, 28.1516586, 0.0 ], [ 73.1502566, 28.1516583, 0.0 ], [ 73.1502618, 28.151355, 0.0 ] ], [ [ 73.1502058, 28.1513543, 0.0 ], [ 73.1502289, 28.1513546, 0.0 ], [ 73.1502237, 28.1516579, 0.0 ], [ 73.1502006, 28.1516576, 0.0 ], [ 73.1502058, 28.1513543, 0.0 ] ], [ [ 73.1502564, 28.1516667, 0.0 ], [ 73.1502795, 28.151667, 0.0 ], [ 73.1502743, 28.1519703, 0.0 ], [ 73.1502512, 28.15197, 0.0 ], [ 73.1502564, 28.1516667, 0.0 ] ], [ [ 73.1502004, 28.151666, 0.0 ], [ 73.1502235, 28.1516663, 0.0 ], [ 73.1502183, 28.1519696, 0.0 ], [ 73.1501952, 28.1519692, 0.0 ], [ 73.1502004, 28.151666, 0.0 ] ], [ [ 73.1502724, 28.1507356, 0.0 ], [ 73.1502955, 28.1507359, 0.0 ], [ 73.1502903, 28.1510392, 0.0 ], [ 73.1502672, 28.1510388, 0.0 ], [ 73.1502724, 28.1507356, 0.0 ] ], [ [ 73.1502164, 28.1507348, 0.0 ], [ 73.1502396, 28.1507351, 0.0 ], [ 73.1502343, 28.1510384, 0.0 ], [ 73.1502112, 28.1510381, 0.0 ], [ 73.1502164, 28.1507348, 0.0 ] ], [ [ 73.1502671, 28.1510473, 0.0 ], [ 73.1502902, 28.1510476, 0.0 ], [ 73.150285, 28.1513508, 0.0 ], [ 73.1502618, 28.1513505, 0.0 ], [ 73.1502671, 28.1510473, 0.0 ] ], [ [ 73.1502111, 28.1510465, 0.0 ], [ 73.1502342, 28.1510468, 0.0 ], [ 73.150229, 28.1513501, 0.0 ], [ 73.1502059, 28.1513498, 0.0 ], [ 73.1502111, 28.1510465, 0.0 ] ], [ [ 73.1501285, 28.1525925, 0.0 ], [ 73.1501516, 28.1525928, 0.0 ], [ 73.1501464, 28.152896, 0.0 ], [ 73.1501233, 28.1528957, 0.0 ], [ 73.1501285, 28.1525925, 0.0 ] ], [ [ 73.1500725, 28.1525917, 0.0 ], [ 73.1500956, 28.152592, 0.0 ], [ 73.1500904, 28.1528953, 0.0 ], [ 73.1500673, 28.152895, 0.0 ], [ 73.1500725, 28.1525917, 0.0 ] ], [ [ 73.1501231, 28.1529042, 0.0 ], [ 73.1501463, 28.1529045, 0.0 ], [ 73.150141, 28.1532077, 0.0 ], [ 73.1501179, 28.1532074, 0.0 ], [ 73.1501231, 28.1529042, 0.0 ] ], [ [ 73.1500671, 28.1529034, 0.0 ], [ 73.1500903, 28.1529037, 0.0 ], [ 73.1500851, 28.153207, 0.0 ], [ 73.1500619, 28.1532067, 0.0 ], [ 73.1500671, 28.1529034, 0.0 ] ], [ [ 73.1501391, 28.151973, 0.0 ], [ 73.1501623, 28.1519733, 0.0 ], [ 73.1501571, 28.1522766, 0.0 ], [ 73.1501339, 28.1522763, 0.0 ], [ 73.1501391, 28.151973, 0.0 ] ], [ [ 73.1500832, 28.1519722, 0.0 ], [ 73.1501063, 28.1519726, 0.0 ], [ 73.1501011, 28.1522758, 0.0 ], [ 73.1500779, 28.1522755, 0.0 ], [ 73.1500832, 28.1519722, 0.0 ] ], [ [ 73.1501338, 28.1522847, 0.0 ], [ 73.1501569, 28.152285, 0.0 ], [ 73.1501517, 28.1525883, 0.0 ], [ 73.1501286, 28.152588, 0.0 ], [ 73.1501338, 28.1522847, 0.0 ] ], [ [ 73.1500778, 28.1522839, 0.0 ], [ 73.1501009, 28.1522842, 0.0 ], [ 73.1500957, 28.1525875, 0.0 ], [ 73.1500726, 28.1525872, 0.0 ], [ 73.1500778, 28.1522839, 0.0 ] ], [ [ 73.1501498, 28.1513535, 0.0 ], [ 73.1501729, 28.1513538, 0.0 ], [ 73.1501677, 28.1516571, 0.0 ], [ 73.1501446, 28.1516568, 0.0 ], [ 73.1501498, 28.1513535, 0.0 ] ], [ [ 73.1500938, 28.1513528, 0.0 ], [ 73.1501169, 28.1513531, 0.0 ], [ 73.1501117, 28.1516564, 0.0 ], [ 73.1500886, 28.151656, 0.0 ], [ 73.1500938, 28.1513528, 0.0 ] ], [ [ 73.1501444, 28.1516652, 0.0 ], [ 73.1501676, 28.1516655, 0.0 ], [ 73.1501623, 28.1519688, 0.0 ], [ 73.1501392, 28.1519685, 0.0 ], [ 73.1501444, 28.1516652, 0.0 ] ], [ [ 73.1500884, 28.1516645, 0.0 ], [ 73.1501116, 28.1516648, 0.0 ], [ 73.1501064, 28.151968, 0.0 ], [ 73.1500832, 28.1519677, 0.0 ], [ 73.1500884, 28.1516645, 0.0 ] ], [ [ 73.1501604, 28.1507341, 0.0 ], [ 73.1501836, 28.1507344, 0.0 ], [ 73.1501784, 28.1510376, 0.0 ], [ 73.1501552, 28.1510373, 0.0 ], [ 73.1501604, 28.1507341, 0.0 ] ], [ [ 73.1501045, 28.1507333, 0.0 ], [ 73.1501276, 28.1507336, 0.0 ], [ 73.1501224, 28.1510369, 0.0 ], [ 73.1500992, 28.1510366, 0.0 ], [ 73.1501045, 28.1507333, 0.0 ] ], [ [ 73.1501551, 28.1510458, 0.0 ], [ 73.1501782, 28.1510461, 0.0 ], [ 73.150173, 28.1513493, 0.0 ], [ 73.1501499, 28.151349, 0.0 ], [ 73.1501551, 28.1510458, 0.0 ] ], [ [ 73.1500991, 28.151045, 0.0 ], [ 73.1501222, 28.1510453, 0.0 ], [ 73.150117, 28.1513486, 0.0 ], [ 73.1500939, 28.1513483, 0.0 ], [ 73.1500991, 28.151045, 0.0 ] ], [ [ 73.1500165, 28.152591, 0.0 ], [ 73.1500396, 28.1525913, 0.0 ], [ 73.1500344, 28.1528945, 0.0 ], [ 73.1500113, 28.1528942, 0.0 ], [ 73.1500165, 28.152591, 0.0 ] ], [ [ 73.1499605, 28.1525902, 0.0 ], [ 73.1499837, 28.1525905, 0.0 ], [ 73.1499784, 28.1528938, 0.0 ], [ 73.1499553, 28.1528935, 0.0 ], [ 73.1499605, 28.1525902, 0.0 ] ], [ [ 73.1500112, 28.1529026, 0.0 ], [ 73.1500343, 28.152903, 0.0 ], [ 73.1500291, 28.1532062, 0.0 ], [ 73.1500059, 28.1532059, 0.0 ], [ 73.1500112, 28.1529026, 0.0 ] ], [ [ 73.1499552, 28.1529019, 0.0 ], [ 73.1499783, 28.1529022, 0.0 ], [ 73.1499731, 28.1532055, 0.0 ], [ 73.14995, 28.1532052, 0.0 ], [ 73.1499552, 28.1529019, 0.0 ] ], [ [ 73.1500272, 28.1519715, 0.0 ], [ 73.1500503, 28.1519718, 0.0 ], [ 73.1500451, 28.1522751, 0.0 ], [ 73.150022, 28.1522748, 0.0 ], [ 73.1500272, 28.1519715, 0.0 ] ], [ [ 73.1499712, 28.1519707, 0.0 ], [ 73.1499943, 28.151971, 0.0 ], [ 73.1499891, 28.1522743, 0.0 ], [ 73.149966, 28.152274, 0.0 ], [ 73.1499712, 28.1519707, 0.0 ] ], [ [ 73.1500218, 28.1522832, 0.0 ], [ 73.1500449, 28.1522835, 0.0 ], [ 73.1500397, 28.1525868, 0.0 ], [ 73.1500166, 28.1525864, 0.0 ], [ 73.1500218, 28.1522832, 0.0 ] ], [ [ 73.1499658, 28.1522824, 0.0 ], [ 73.1499889, 28.1522827, 0.0 ], [ 73.1499837, 28.152586, 0.0 ], [ 73.1499606, 28.1525857, 0.0 ], [ 73.1499658, 28.1522824, 0.0 ] ], [ [ 73.1500378, 28.151352, 0.0 ], [ 73.1500609, 28.1513523, 0.0 ], [ 73.1500557, 28.1516556, 0.0 ], [ 73.1500326, 28.1516553, 0.0 ], [ 73.1500378, 28.151352, 0.0 ] ], [ [ 73.1499818, 28.1513513, 0.0 ], [ 73.150005, 28.1513516, 0.0 ], [ 73.1499997, 28.1516548, 0.0 ], [ 73.1499766, 28.1516545, 0.0 ], [ 73.1499818, 28.1513513, 0.0 ] ], [ [ 73.1500325, 28.1516637, 0.0 ], [ 73.1500556, 28.151664, 0.0 ], [ 73.1500504, 28.1519673, 0.0 ], [ 73.1500272, 28.151967, 0.0 ], [ 73.1500325, 28.1516637, 0.0 ] ], [ [ 73.1499765, 28.151663, 0.0 ], [ 73.1499996, 28.1516633, 0.0 ], [ 73.1499944, 28.1519665, 0.0 ], [ 73.1499713, 28.1519662, 0.0 ], [ 73.1499765, 28.151663, 0.0 ] ], [ [ 73.1500485, 28.1507326, 0.0 ], [ 73.1500716, 28.1507329, 0.0 ], [ 73.1500664, 28.1510361, 0.0 ], [ 73.1500433, 28.1510358, 0.0 ], [ 73.1500485, 28.1507326, 0.0 ] ], [ [ 73.1499925, 28.1507318, 0.0 ], [ 73.1500156, 28.1507321, 0.0 ], [ 73.1500104, 28.1510354, 0.0 ], [ 73.1499873, 28.1510351, 0.0 ], [ 73.1499925, 28.1507318, 0.0 ] ], [ [ 73.1500431, 28.1510442, 0.0 ], [ 73.1500662, 28.1510446, 0.0 ], [ 73.150061, 28.1513478, 0.0 ], [ 73.1500379, 28.1513475, 0.0 ], [ 73.1500431, 28.1510442, 0.0 ] ], [ [ 73.1499871, 28.1510435, 0.0 ], [ 73.1500102, 28.1510438, 0.0 ], [ 73.150005, 28.1513471, 0.0 ], [ 73.1499819, 28.1513468, 0.0 ], [ 73.1499871, 28.1510435, 0.0 ] ], [ [ 73.1499045, 28.1525894, 0.0 ], [ 73.1499277, 28.1525898, 0.0 ], [ 73.1499225, 28.152893, 0.0 ], [ 73.1498993, 28.1528927, 0.0 ], [ 73.1499045, 28.1525894, 0.0 ] ], [ [ 73.1498486, 28.1525887, 0.0 ], [ 73.1498717, 28.152589, 0.0 ], [ 73.1498665, 28.1528923, 0.0 ], [ 73.1498433, 28.152892, 0.0 ], [ 73.1498486, 28.1525887, 0.0 ] ], [ [ 73.1498992, 28.1529011, 0.0 ], [ 73.1499223, 28.1529014, 0.0 ], [ 73.1499171, 28.1532047, 0.0 ], [ 73.149894, 28.1532044, 0.0 ], [ 73.1498992, 28.1529011, 0.0 ] ], [ [ 73.1498432, 28.1529004, 0.0 ], [ 73.1498663, 28.1529007, 0.0 ], [ 73.1498611, 28.153204, 0.0 ], [ 73.149838, 28.1532036, 0.0 ], [ 73.1498432, 28.1529004, 0.0 ] ], [ [ 73.1499152, 28.15197, 0.0 ], [ 73.1499383, 28.1519703, 0.0 ], [ 73.1499331, 28.1522736, 0.0 ], [ 73.14991, 28.1522732, 0.0 ], [ 73.1499152, 28.15197, 0.0 ] ], [ [ 73.1498592, 28.1519692, 0.0 ], [ 73.1498823, 28.1519695, 0.0 ], [ 73.1498771, 28.1522728, 0.0 ], [ 73.149854, 28.1522725, 0.0 ], [ 73.1498592, 28.1519692, 0.0 ] ], [ [ 73.1499098, 28.1522817, 0.0 ], [ 73.149933, 28.152282, 0.0 ], [ 73.1499277, 28.1525852, 0.0 ], [ 73.1499046, 28.1525849, 0.0 ], [ 73.1499098, 28.1522817, 0.0 ] ], [ [ 73.1498538, 28.1522809, 0.0 ], [ 73.149877, 28.1522812, 0.0 ], [ 73.1498718, 28.1525845, 0.0 ], [ 73.1498486, 28.1525842, 0.0 ], [ 73.1498538, 28.1522809, 0.0 ] ], [ [ 73.1499258, 28.1513505, 0.0 ], [ 73.149949, 28.1513508, 0.0 ], [ 73.1499438, 28.1516541, 0.0 ], [ 73.1499206, 28.1516538, 0.0 ], [ 73.1499258, 28.1513505, 0.0 ] ], [ [ 73.1498699, 28.1513498, 0.0 ], [ 73.149893, 28.1513501, 0.0 ], [ 73.1498878, 28.1516533, 0.0 ], [ 73.1498646, 28.151653, 0.0 ], [ 73.1498699, 28.1513498, 0.0 ] ], [ [ 73.1499205, 28.1516622, 0.0 ], [ 73.1499436, 28.1516625, 0.0 ], [ 73.1499384, 28.1519658, 0.0 ], [ 73.1499153, 28.1519655, 0.0 ], [ 73.1499205, 28.1516622, 0.0 ] ], [ [ 73.1498645, 28.1516614, 0.0 ], [ 73.1498876, 28.1516618, 0.0 ], [ 73.1498824, 28.151965, 0.0 ], [ 73.1498593, 28.1519647, 0.0 ], [ 73.1498645, 28.1516614, 0.0 ] ], [ [ 73.1499365, 28.150731, 0.0 ], [ 73.1499596, 28.1507314, 0.0 ], [ 73.1499544, 28.1510346, 0.0 ], [ 73.1499313, 28.1510343, 0.0 ], [ 73.1499365, 28.150731, 0.0 ] ], [ [ 73.1498805, 28.1507303, 0.0 ], [ 73.1499036, 28.1507306, 0.0 ], [ 73.1498984, 28.1510339, 0.0 ], [ 73.1498753, 28.1510336, 0.0 ], [ 73.1498805, 28.1507303, 0.0 ] ], [ [ 73.1499311, 28.1510427, 0.0 ], [ 73.1499543, 28.151043, 0.0 ], [ 73.149949, 28.1513463, 0.0 ], [ 73.1499259, 28.151346, 0.0 ], [ 73.1499311, 28.1510427, 0.0 ] ], [ [ 73.1498751, 28.151042, 0.0 ], [ 73.1498983, 28.1510423, 0.0 ], [ 73.1498931, 28.1513456, 0.0 ], [ 73.1498699, 28.1513452, 0.0 ], [ 73.1498751, 28.151042, 0.0 ] ], [ [ 73.1497926, 28.1525879, 0.0 ], [ 73.1498157, 28.1525882, 0.0 ], [ 73.1498105, 28.1528915, 0.0 ], [ 73.1497873, 28.1528912, 0.0 ], [ 73.1497926, 28.1525879, 0.0 ] ], [ [ 73.1497366, 28.1525872, 0.0 ], [ 73.1497597, 28.1525875, 0.0 ], [ 73.1497545, 28.1528908, 0.0 ], [ 73.1497314, 28.1528904, 0.0 ], [ 73.1497366, 28.1525872, 0.0 ] ], [ [ 73.1497872, 28.1528996, 0.0 ], [ 73.1498103, 28.1528999, 0.0 ], [ 73.1498051, 28.1532032, 0.0 ], [ 73.149782, 28.1532029, 0.0 ], [ 73.1497872, 28.1528996, 0.0 ] ], [ [ 73.1497312, 28.1528989, 0.0 ], [ 73.1497543, 28.1528992, 0.0 ], [ 73.1497491, 28.1532024, 0.0 ], [ 73.149726, 28.1532021, 0.0 ], [ 73.1497312, 28.1528989, 0.0 ] ], [ [ 73.1498032, 28.1519685, 0.0 ], [ 73.1498263, 28.1519688, 0.0 ], [ 73.1498211, 28.152272, 0.0 ], [ 73.149798, 28.1522717, 0.0 ], [ 73.1498032, 28.1519685, 0.0 ] ], [ [ 73.1497472, 28.1519677, 0.0 ], [ 73.1497704, 28.151968, 0.0 ], [ 73.1497651, 28.1522713, 0.0 ], [ 73.149742, 28.152271, 0.0 ], [ 73.1497472, 28.1519677, 0.0 ] ], [ [ 73.1497979, 28.1522801, 0.0 ], [ 73.149821, 28.1522805, 0.0 ], [ 73.1498158, 28.1525837, 0.0 ], [ 73.1497926, 28.1525834, 0.0 ], [ 73.1497979, 28.1522801, 0.0 ] ], [ [ 73.1497419, 28.1522794, 0.0 ], [ 73.149765, 28.1522797, 0.0 ], [ 73.1497598, 28.152583, 0.0 ], [ 73.1497367, 28.1525827, 0.0 ], [ 73.1497419, 28.1522794, 0.0 ] ], [ [ 73.1498139, 28.151349, 0.0 ], [ 73.149837, 28.1513493, 0.0 ], [ 73.1498318, 28.1516526, 0.0 ], [ 73.1498087, 28.1516523, 0.0 ], [ 73.1498139, 28.151349, 0.0 ] ], [ [ 73.1497579, 28.1513482, 0.0 ], [ 73.149781, 28.1513486, 0.0 ], [ 73.1497758, 28.1516518, 0.0 ], [ 73.1497527, 28.1516515, 0.0 ], [ 73.1497579, 28.1513482, 0.0 ] ], [ [ 73.1498085, 28.1516607, 0.0 ], [ 73.1498316, 28.151661, 0.0 ], [ 73.1498264, 28.1519643, 0.0 ], [ 73.1498033, 28.151964, 0.0 ], [ 73.1498085, 28.1516607, 0.0 ] ], [ [ 73.1497525, 28.1516599, 0.0 ], [ 73.1497756, 28.1516602, 0.0 ], [ 73.1497704, 28.1519635, 0.0 ], [ 73.1497473, 28.1519632, 0.0 ], [ 73.1497525, 28.1516599, 0.0 ] ], [ [ 73.1498245, 28.1507295, 0.0 ], [ 73.1498476, 28.1507298, 0.0 ], [ 73.1498424, 28.1510331, 0.0 ], [ 73.1498193, 28.1510328, 0.0 ], [ 73.1498245, 28.1507295, 0.0 ] ], [ [ 73.1497685, 28.1507288, 0.0 ], [ 73.1497917, 28.1507291, 0.0 ], [ 73.1497864, 28.1510324, 0.0 ], [ 73.1497633, 28.151032, 0.0 ], [ 73.1497685, 28.1507288, 0.0 ] ], [ [ 73.1498192, 28.1510412, 0.0 ], [ 73.1498423, 28.1510415, 0.0 ], [ 73.1498371, 28.1513448, 0.0 ], [ 73.1498139, 28.1513445, 0.0 ], [ 73.1498192, 28.1510412, 0.0 ] ], [ [ 73.1497632, 28.1510405, 0.0 ], [ 73.1497863, 28.1510408, 0.0 ], [ 73.1497811, 28.151344, 0.0 ], [ 73.149758, 28.1513437, 0.0 ], [ 73.1497632, 28.1510405, 0.0 ] ], [ [ 73.1496806, 28.1525864, 0.0 ], [ 73.1497037, 28.1525867, 0.0 ], [ 73.1496985, 28.15289, 0.0 ], [ 73.1496754, 28.1528897, 0.0 ], [ 73.1496806, 28.1525864, 0.0 ] ], [ [ 73.1496246, 28.1525857, 0.0 ], [ 73.1496477, 28.152586, 0.0 ], [ 73.1496425, 28.1528892, 0.0 ], [ 73.1496194, 28.1528889, 0.0 ], [ 73.1496246, 28.1525857, 0.0 ] ], [ [ 73.1496752, 28.1528981, 0.0 ], [ 73.1496984, 28.1528984, 0.0 ], [ 73.1496931, 28.1532017, 0.0 ], [ 73.14967, 28.1532014, 0.0 ], [ 73.1496752, 28.1528981, 0.0 ] ], [ [ 73.1496192, 28.1528973, 0.0 ], [ 73.1496424, 28.1528977, 0.0 ], [ 73.1496372, 28.1532009, 0.0 ], [ 73.149614, 28.1532006, 0.0 ], [ 73.1496192, 28.1528973, 0.0 ] ], [ [ 73.1496912, 28.1519669, 0.0 ], [ 73.1497144, 28.1519673, 0.0 ], [ 73.1497092, 28.1522705, 0.0 ], [ 73.149686, 28.1522702, 0.0 ], [ 73.1496912, 28.1519669, 0.0 ] ], [ [ 73.1496353, 28.1519662, 0.0 ], [ 73.1496584, 28.1519665, 0.0 ], [ 73.1496532, 28.1522698, 0.0 ], [ 73.14963, 28.1522695, 0.0 ], [ 73.1496353, 28.1519662, 0.0 ] ], [ [ 73.1496859, 28.1522786, 0.0 ], [ 73.149709, 28.1522789, 0.0 ], [ 73.1497038, 28.1525822, 0.0 ], [ 73.1496807, 28.1525819, 0.0 ], [ 73.1496859, 28.1522786, 0.0 ] ], [ [ 73.1496299, 28.1522779, 0.0 ], [ 73.149653, 28.1522782, 0.0 ], [ 73.1496478, 28.1525815, 0.0 ], [ 73.1496247, 28.1525811, 0.0 ], [ 73.1496299, 28.1522779, 0.0 ] ], [ [ 73.1497019, 28.1513475, 0.0 ], [ 73.149725, 28.1513478, 0.0 ], [ 73.1497198, 28.1516511, 0.0 ], [ 73.1496967, 28.1516508, 0.0 ], [ 73.1497019, 28.1513475, 0.0 ] ], [ [ 73.1496459, 28.1513467, 0.0 ], [ 73.149669, 28.151347, 0.0 ], [ 73.1496638, 28.1516503, 0.0 ], [ 73.1496407, 28.15165, 0.0 ], [ 73.1496459, 28.1513467, 0.0 ] ], [ [ 73.1496965, 28.1516592, 0.0 ], [ 73.1497197, 28.1516595, 0.0 ], [ 73.1497144, 28.1519628, 0.0 ], [ 73.1496913, 28.1519624, 0.0 ], [ 73.1496965, 28.1516592, 0.0 ] ], [ [ 73.1496405, 28.1516584, 0.0 ], [ 73.1496637, 28.1516587, 0.0 ], [ 73.1496585, 28.151962, 0.0 ], [ 73.1496353, 28.1519617, 0.0 ], [ 73.1496405, 28.1516584, 0.0 ] ], [ [ 73.1497125, 28.150728, 0.0 ], [ 73.1497357, 28.1507283, 0.0 ], [ 73.1497305, 28.1510316, 0.0 ], [ 73.1497073, 28.1510313, 0.0 ], [ 73.1497125, 28.150728, 0.0 ] ], [ [ 73.1496566, 28.1507273, 0.0 ], [ 73.1496797, 28.1507276, 0.0 ], [ 73.1496745, 28.1510308, 0.0 ], [ 73.1496513, 28.1510305, 0.0 ], [ 73.1496566, 28.1507273, 0.0 ] ], [ [ 73.1497072, 28.1510397, 0.0 ], [ 73.1497303, 28.15104, 0.0 ], [ 73.1497251, 28.1513433, 0.0 ], [ 73.149702, 28.151343, 0.0 ], [ 73.1497072, 28.1510397, 0.0 ] ], [ [ 73.1496512, 28.1510389, 0.0 ], [ 73.1496743, 28.1510393, 0.0 ], [ 73.1496691, 28.1513425, 0.0 ], [ 73.149646, 28.1513422, 0.0 ], [ 73.1496512, 28.1510389, 0.0 ] ], [ [ 73.1495686, 28.1525849, 0.0 ], [ 73.1495917, 28.1525852, 0.0 ], [ 73.1495865, 28.1528885, 0.0 ], [ 73.1495634, 28.1528882, 0.0 ], [ 73.1495686, 28.1525849, 0.0 ] ], [ [ 73.1495126, 28.1525841, 0.0 ], [ 73.1495358, 28.1525845, 0.0 ], [ 73.1495305, 28.1528877, 0.0 ], [ 73.1495074, 28.1528874, 0.0 ], [ 73.1495126, 28.1525841, 0.0 ] ], [ [ 73.1495632, 28.1528966, 0.0 ], [ 73.1495864, 28.1528969, 0.0 ], [ 73.1495812, 28.1532002, 0.0 ], [ 73.149558, 28.1531999, 0.0 ], [ 73.1495632, 28.1528966, 0.0 ] ], [ [ 73.1495073, 28.1528958, 0.0 ], [ 73.1495304, 28.1528961, 0.0 ], [ 73.1495252, 28.1531994, 0.0 ], [ 73.149502, 28.1531991, 0.0 ], [ 73.1495073, 28.1528958, 0.0 ] ], [ [ 73.1495793, 28.1519654, 0.0 ], [ 73.1496024, 28.1519657, 0.0 ], [ 73.1495972, 28.152269, 0.0 ], [ 73.149574, 28.1522687, 0.0 ], [ 73.1495793, 28.1519654, 0.0 ] ], [ [ 73.1495233, 28.1519647, 0.0 ], [ 73.1495464, 28.151965, 0.0 ], [ 73.1495412, 28.1522683, 0.0 ], [ 73.1495181, 28.1522679, 0.0 ], [ 73.1495233, 28.1519647, 0.0 ] ], [ [ 73.1495739, 28.1522771, 0.0 ], [ 73.149597, 28.1522774, 0.0 ], [ 73.1495918, 28.1525807, 0.0 ], [ 73.1495687, 28.1525804, 0.0 ], [ 73.1495739, 28.1522771, 0.0 ] ], [ [ 73.1495179, 28.1522764, 0.0 ], [ 73.149541, 28.1522767, 0.0 ], [ 73.1495358, 28.1525799, 0.0 ], [ 73.1495127, 28.1525796, 0.0 ], [ 73.1495179, 28.1522764, 0.0 ] ], [ [ 73.1495899, 28.151346, 0.0 ], [ 73.149613, 28.1513463, 0.0 ], [ 73.1496078, 28.1516496, 0.0 ], [ 73.1495847, 28.1516492, 0.0 ], [ 73.1495899, 28.151346, 0.0 ] ], [ [ 73.1495339, 28.1513452, 0.0 ], [ 73.1495571, 28.1513455, 0.0 ], [ 73.1495518, 28.1516488, 0.0 ], [ 73.1495287, 28.1516485, 0.0 ], [ 73.1495339, 28.1513452, 0.0 ] ], [ [ 73.1495846, 28.1516577, 0.0 ], [ 73.1496077, 28.151658, 0.0 ], [ 73.1496025, 28.1519612, 0.0 ], [ 73.1495793, 28.1519609, 0.0 ], [ 73.1495846, 28.1516577, 0.0 ] ], [ [ 73.1495286, 28.1516569, 0.0 ], [ 73.1495517, 28.1516572, 0.0 ], [ 73.1495465, 28.1519605, 0.0 ], [ 73.1495234, 28.1519602, 0.0 ], [ 73.1495286, 28.1516569, 0.0 ] ], [ [ 73.1494548, 28.1526917, 0.0 ], [ 73.1494779, 28.152692, 0.0 ], [ 73.1494727, 28.1529952, 0.0 ], [ 73.1494496, 28.1529949, 0.0 ], [ 73.1494548, 28.1526917, 0.0 ] ], [ [ 73.1493988, 28.1526909, 0.0 ], [ 73.1494219, 28.1526912, 0.0 ], [ 73.1494167, 28.1529945, 0.0 ], [ 73.1493936, 28.1529942, 0.0 ], [ 73.1493988, 28.1526909, 0.0 ] ], [ [ 73.1494494, 28.1530033, 0.0 ], [ 73.1494725, 28.1530037, 0.0 ], [ 73.1494673, 28.1533069, 0.0 ], [ 73.1494442, 28.1533066, 0.0 ], [ 73.1494494, 28.1530033, 0.0 ] ], [ [ 73.1493934, 28.1530026, 0.0 ], [ 73.1494166, 28.1530029, 0.0 ], [ 73.1494113, 28.1533062, 0.0 ], [ 73.1493882, 28.1533059, 0.0 ], [ 73.1493934, 28.1530026, 0.0 ] ], [ [ 73.1494654, 28.1520722, 0.0 ], [ 73.1494886, 28.1520725, 0.0 ], [ 73.1494833, 28.1523758, 0.0 ], [ 73.1494602, 28.1523755, 0.0 ], [ 73.1494654, 28.1520722, 0.0 ] ], [ [ 73.1494094, 28.1520714, 0.0 ], [ 73.1494326, 28.1520717, 0.0 ], [ 73.1494274, 28.152375, 0.0 ], [ 73.1494042, 28.1523747, 0.0 ], [ 73.1494094, 28.1520714, 0.0 ] ], [ [ 73.1494601, 28.1523839, 0.0 ], [ 73.1494832, 28.1523842, 0.0 ], [ 73.149478, 28.1526875, 0.0 ], [ 73.1494548, 28.1526871, 0.0 ], [ 73.1494601, 28.1523839, 0.0 ] ], [ [ 73.1494041, 28.1523831, 0.0 ], [ 73.1494272, 28.1523834, 0.0 ], [ 73.149422, 28.1526867, 0.0 ], [ 73.1493989, 28.1526864, 0.0 ], [ 73.1494041, 28.1523831, 0.0 ] ], [ [ 73.1494761, 28.1514527, 0.0 ], [ 73.1494992, 28.151453, 0.0 ], [ 73.149494, 28.1517563, 0.0 ], [ 73.1494709, 28.151756, 0.0 ], [ 73.1494761, 28.1514527, 0.0 ] ], [ [ 73.1494201, 28.151452, 0.0 ], [ 73.1494432, 28.1514523, 0.0 ], [ 73.149438, 28.1517556, 0.0 ], [ 73.1494149, 28.1517552, 0.0 ], [ 73.1494201, 28.151452, 0.0 ] ], [ [ 73.1494707, 28.1517644, 0.0 ], [ 73.1494938, 28.1517647, 0.0 ], [ 73.1494886, 28.152068, 0.0 ], [ 73.1494655, 28.1520677, 0.0 ], [ 73.1494707, 28.1517644, 0.0 ] ], [ [ 73.1494147, 28.1517637, 0.0 ], [ 73.1494379, 28.151764, 0.0 ], [ 73.1494326, 28.1520672, 0.0 ], [ 73.1494095, 28.1520669, 0.0 ], [ 73.1494147, 28.1517637, 0.0 ] ], [ [ 73.1494867, 28.1508333, 0.0 ], [ 73.1495099, 28.1508336, 0.0 ], [ 73.1495046, 28.1511368, 0.0 ], [ 73.1494815, 28.1511365, 0.0 ], [ 73.1494867, 28.1508333, 0.0 ] ], [ [ 73.1494307, 28.1508325, 0.0 ], [ 73.1494539, 28.1508328, 0.0 ], [ 73.1494487, 28.1511361, 0.0 ], [ 73.1494255, 28.1511358, 0.0 ], [ 73.1494307, 28.1508325, 0.0 ] ], [ [ 73.1494814, 28.1511449, 0.0 ], [ 73.1495045, 28.1511453, 0.0 ], [ 73.1494993, 28.1514485, 0.0 ], [ 73.1494762, 28.1514482, 0.0 ], [ 73.1494814, 28.1511449, 0.0 ] ], [ [ 73.1494254, 28.1511442, 0.0 ], [ 73.1494485, 28.1511445, 0.0 ], [ 73.1494433, 28.1514478, 0.0 ], [ 73.1494202, 28.1514475, 0.0 ], [ 73.1494254, 28.1511442, 0.0 ] ], [ [ 73.1493428, 28.1526901, 0.0 ], [ 73.1493659, 28.1526905, 0.0 ], [ 73.1493607, 28.1529937, 0.0 ], [ 73.1493376, 28.1529934, 0.0 ], [ 73.1493428, 28.1526901, 0.0 ] ], [ [ 73.1492868, 28.1526894, 0.0 ], [ 73.1493099, 28.1526897, 0.0 ], [ 73.1493047, 28.152993, 0.0 ], [ 73.1492816, 28.1529927, 0.0 ], [ 73.1492868, 28.1526894, 0.0 ] ], [ [ 73.1493374, 28.1530018, 0.0 ], [ 73.1493606, 28.1530021, 0.0 ], [ 73.1493553, 28.1533054, 0.0 ], [ 73.1493322, 28.1533051, 0.0 ], [ 73.1493374, 28.1530018, 0.0 ] ], [ [ 73.1492814, 28.1530011, 0.0 ], [ 73.1493046, 28.1530014, 0.0 ], [ 73.1492994, 28.1533047, 0.0 ], [ 73.1492762, 28.1533043, 0.0 ], [ 73.1492814, 28.1530011, 0.0 ] ], [ [ 73.1493535, 28.1520707, 0.0 ], [ 73.1493766, 28.152071, 0.0 ], [ 73.1493714, 28.1523743, 0.0 ], [ 73.1493482, 28.1523739, 0.0 ], [ 73.1493535, 28.1520707, 0.0 ] ], [ [ 73.1492975, 28.1520699, 0.0 ], [ 73.1493206, 28.1520702, 0.0 ], [ 73.1493154, 28.1523735, 0.0 ], [ 73.1492922, 28.1523732, 0.0 ], [ 73.1492975, 28.1520699, 0.0 ] ], [ [ 73.1493481, 28.1523824, 0.0 ], [ 73.1493712, 28.1523827, 0.0 ], [ 73.149366, 28.1526859, 0.0 ], [ 73.1493429, 28.1526856, 0.0 ], [ 73.1493481, 28.1523824, 0.0 ] ], [ [ 73.1492921, 28.1523816, 0.0 ], [ 73.1493152, 28.1523819, 0.0 ], [ 73.14931, 28.1526852, 0.0 ], [ 73.1492869, 28.1526849, 0.0 ], [ 73.1492921, 28.1523816, 0.0 ] ], [ [ 73.1493641, 28.1514512, 0.0 ], [ 73.1493872, 28.1514515, 0.0 ], [ 73.149382, 28.1517548, 0.0 ], [ 73.1493589, 28.1517545, 0.0 ], [ 73.1493641, 28.1514512, 0.0 ] ], [ [ 73.1493081, 28.1514505, 0.0 ], [ 73.1493312, 28.1514508, 0.0 ], [ 73.149326, 28.151754, 0.0 ], [ 73.1493029, 28.1517537, 0.0 ], [ 73.1493081, 28.1514505, 0.0 ] ], [ [ 73.1493587, 28.1517629, 0.0 ], [ 73.1493819, 28.1517632, 0.0 ], [ 73.1493767, 28.1520665, 0.0 ], [ 73.1493535, 28.1520662, 0.0 ], [ 73.1493587, 28.1517629, 0.0 ] ], [ [ 73.1493028, 28.1517621, 0.0 ], [ 73.1493259, 28.1517625, 0.0 ], [ 73.1493207, 28.1520657, 0.0 ], [ 73.1492975, 28.1520654, 0.0 ], [ 73.1493028, 28.1517621, 0.0 ] ], [ [ 73.1493748, 28.1508317, 0.0 ], [ 73.1493979, 28.1508321, 0.0 ], [ 73.1493927, 28.1511353, 0.0 ], [ 73.1493695, 28.151135, 0.0 ], [ 73.1493748, 28.1508317, 0.0 ] ], [ [ 73.1493188, 28.150831, 0.0 ], [ 73.1493419, 28.1508313, 0.0 ], [ 73.1493367, 28.1511346, 0.0 ], [ 73.1493136, 28.1511343, 0.0 ], [ 73.1493188, 28.150831, 0.0 ] ], [ [ 73.1493694, 28.1511434, 0.0 ], [ 73.1493925, 28.1511437, 0.0 ], [ 73.1493873, 28.151447, 0.0 ], [ 73.1493642, 28.1514467, 0.0 ], [ 73.1493694, 28.1511434, 0.0 ] ], [ [ 73.1493134, 28.1511427, 0.0 ], [ 73.1493365, 28.151143, 0.0 ], [ 73.1493313, 28.1514463, 0.0 ], [ 73.1493082, 28.1514459, 0.0 ], [ 73.1493134, 28.1511427, 0.0 ] ], [ [ 73.1492308, 28.1526886, 0.0 ], [ 73.1492539, 28.1526889, 0.0 ], [ 73.1492487, 28.1529922, 0.0 ], [ 73.1492256, 28.1529919, 0.0 ], [ 73.1492308, 28.1526886, 0.0 ] ], [ [ 73.1491748, 28.1526879, 0.0 ], [ 73.149198, 28.1526882, 0.0 ], [ 73.1491927, 28.1529915, 0.0 ], [ 73.1491696, 28.1529911, 0.0 ], [ 73.1491748, 28.1526879, 0.0 ] ], [ [ 73.1492255, 28.1530003, 0.0 ], [ 73.1492486, 28.1530006, 0.0 ], [ 73.1492434, 28.1533039, 0.0 ], [ 73.1492202, 28.1533036, 0.0 ], [ 73.1492255, 28.1530003, 0.0 ] ], [ [ 73.1491695, 28.1529996, 0.0 ], [ 73.1491926, 28.1529999, 0.0 ], [ 73.1491874, 28.1533031, 0.0 ], [ 73.1491643, 28.1533028, 0.0 ], [ 73.1491695, 28.1529996, 0.0 ] ], [ [ 73.1492415, 28.1520692, 0.0 ], [ 73.1492646, 28.1520695, 0.0 ], [ 73.1492594, 28.1523727, 0.0 ], [ 73.1492363, 28.1523724, 0.0 ], [ 73.1492415, 28.1520692, 0.0 ] ], [ [ 73.1491855, 28.1520684, 0.0 ], [ 73.1492086, 28.1520687, 0.0 ], [ 73.1492034, 28.152372, 0.0 ], [ 73.1491803, 28.1523717, 0.0 ], [ 73.1491855, 28.1520684, 0.0 ] ], [ [ 73.1492361, 28.1523809, 0.0 ], [ 73.1492592, 28.1523812, 0.0 ], [ 73.149254, 28.1526844, 0.0 ], [ 73.1492309, 28.1526841, 0.0 ], [ 73.1492361, 28.1523809, 0.0 ] ], [ [ 73.1491801, 28.1523801, 0.0 ], [ 73.1492033, 28.1523804, 0.0 ], [ 73.149198, 28.1526837, 0.0 ], [ 73.1491749, 28.1526834, 0.0 ], [ 73.1491801, 28.1523801, 0.0 ] ], [ [ 73.1492521, 28.1514497, 0.0 ], [ 73.1492753, 28.15145, 0.0 ], [ 73.14927, 28.1517533, 0.0 ], [ 73.1492469, 28.151753, 0.0 ], [ 73.1492521, 28.1514497, 0.0 ] ], [ [ 73.1491961, 28.1514489, 0.0 ], [ 73.1492193, 28.1514493, 0.0 ], [ 73.1492141, 28.1517525, 0.0 ], [ 73.1491909, 28.1517522, 0.0 ], [ 73.1491961, 28.1514489, 0.0 ] ], [ [ 73.1492468, 28.1517614, 0.0 ], [ 73.1492699, 28.1517617, 0.0 ], [ 73.1492647, 28.152065, 0.0 ], [ 73.1492416, 28.1520647, 0.0 ], [ 73.1492468, 28.1517614, 0.0 ] ], [ [ 73.1491908, 28.1517606, 0.0 ], [ 73.1492139, 28.1517609, 0.0 ], [ 73.1492087, 28.1520642, 0.0 ], [ 73.1491856, 28.1520639, 0.0 ], [ 73.1491908, 28.1517606, 0.0 ] ], [ [ 73.1492628, 28.1508302, 0.0 ], [ 73.1492859, 28.1508305, 0.0 ], [ 73.1492807, 28.1511338, 0.0 ], [ 73.1492576, 28.1511335, 0.0 ], [ 73.1492628, 28.1508302, 0.0 ] ], [ [ 73.1492068, 28.1508295, 0.0 ], [ 73.1492299, 28.1508298, 0.0 ], [ 73.1492247, 28.1511331, 0.0 ], [ 73.1492016, 28.1511327, 0.0 ], [ 73.1492068, 28.1508295, 0.0 ] ], [ [ 73.1492574, 28.1511419, 0.0 ], [ 73.1492806, 28.1511422, 0.0 ], [ 73.1492753, 28.1514455, 0.0 ], [ 73.1492522, 28.1514452, 0.0 ], [ 73.1492574, 28.1511419, 0.0 ] ], [ [ 73.1492014, 28.1511412, 0.0 ], [ 73.1492246, 28.1511415, 0.0 ], [ 73.1492193, 28.1514447, 0.0 ], [ 73.1491962, 28.1514444, 0.0 ], [ 73.1492014, 28.1511412, 0.0 ] ], [ [ 73.1491188, 28.1526871, 0.0 ], [ 73.149142, 28.1526874, 0.0 ], [ 73.1491368, 28.1529907, 0.0 ], [ 73.1491136, 28.1529904, 0.0 ], [ 73.1491188, 28.1526871, 0.0 ] ], [ [ 73.1490629, 28.1526864, 0.0 ], [ 73.149086, 28.1526867, 0.0 ], [ 73.1490808, 28.1529899, 0.0 ], [ 73.1490576, 28.1529896, 0.0 ], [ 73.1490629, 28.1526864, 0.0 ] ], [ [ 73.1491135, 28.1529988, 0.0 ], [ 73.1491366, 28.1529991, 0.0 ], [ 73.1491314, 28.1533024, 0.0 ], [ 73.1491083, 28.1533021, 0.0 ], [ 73.1491135, 28.1529988, 0.0 ] ], [ [ 73.1490575, 28.1529981, 0.0 ], [ 73.1490806, 28.1529984, 0.0 ], [ 73.1490754, 28.1533016, 0.0 ], [ 73.1490523, 28.1533013, 0.0 ], [ 73.1490575, 28.1529981, 0.0 ] ], [ [ 73.1491295, 28.1520677, 0.0 ], [ 73.1491526, 28.152068, 0.0 ], [ 73.1491474, 28.1523712, 0.0 ], [ 73.1491243, 28.1523709, 0.0 ], [ 73.1491295, 28.1520677, 0.0 ] ], [ [ 73.1490735, 28.1520669, 0.0 ], [ 73.1490966, 28.1520672, 0.0 ], [ 73.1490914, 28.1523705, 0.0 ], [ 73.1490683, 28.1523702, 0.0 ], [ 73.1490735, 28.1520669, 0.0 ] ], [ [ 73.1491241, 28.1523793, 0.0 ], [ 73.1491473, 28.1523797, 0.0 ], [ 73.149142, 28.1526829, 0.0 ], [ 73.1491189, 28.1526826, 0.0 ], [ 73.1491241, 28.1523793, 0.0 ] ], [ [ 73.1490681, 28.1523786, 0.0 ], [ 73.1490913, 28.1523789, 0.0 ], [ 73.1490861, 28.1526822, 0.0 ], [ 73.1490629, 28.1526819, 0.0 ], [ 73.1490681, 28.1523786, 0.0 ] ], [ [ 73.1491402, 28.1514482, 0.0 ], [ 73.1491633, 28.1514485, 0.0 ], [ 73.1491581, 28.1517518, 0.0 ], [ 73.1491349, 28.1517515, 0.0 ], [ 73.1491402, 28.1514482, 0.0 ] ], [ [ 73.1490842, 28.1514474, 0.0 ], [ 73.1491073, 28.1514477, 0.0 ], [ 73.1491021, 28.151751, 0.0 ], [ 73.149079, 28.1517507, 0.0 ], [ 73.1490842, 28.1514474, 0.0 ] ], [ [ 73.1491348, 28.1517599, 0.0 ], [ 73.1491579, 28.1517602, 0.0 ], [ 73.1491527, 28.1520635, 0.0 ], [ 73.1491296, 28.1520631, 0.0 ], [ 73.1491348, 28.1517599, 0.0 ] ], [ [ 73.1490788, 28.1517591, 0.0 ], [ 73.1491019, 28.1517594, 0.0 ], [ 73.1490967, 28.1520627, 0.0 ], [ 73.1490736, 28.1520624, 0.0 ], [ 73.1490788, 28.1517591, 0.0 ] ], [ [ 73.1491508, 28.1508287, 0.0 ], [ 73.1491739, 28.150829, 0.0 ], [ 73.1491687, 28.1511323, 0.0 ], [ 73.1491456, 28.151132, 0.0 ], [ 73.1491508, 28.1508287, 0.0 ] ], [ [ 73.1490948, 28.150828, 0.0 ], [ 73.149118, 28.1508283, 0.0 ], [ 73.1491127, 28.1511315, 0.0 ], [ 73.1490896, 28.1511312, 0.0 ], [ 73.1490948, 28.150828, 0.0 ] ], [ [ 73.1491454, 28.1511404, 0.0 ], [ 73.1491686, 28.1511407, 0.0 ], [ 73.1491634, 28.151444, 0.0 ], [ 73.1491402, 28.1514437, 0.0 ], [ 73.1491454, 28.1511404, 0.0 ] ], [ [ 73.1490895, 28.1511396, 0.0 ], [ 73.1491126, 28.15114, 0.0 ], [ 73.1491074, 28.1514432, 0.0 ], [ 73.1490842, 28.1514429, 0.0 ], [ 73.1490895, 28.1511396, 0.0 ] ], [ [ 73.1490069, 28.1526856, 0.0 ], [ 73.14903, 28.1526859, 0.0 ], [ 73.1490248, 28.1529892, 0.0 ], [ 73.1490016, 28.1529889, 0.0 ], [ 73.1490069, 28.1526856, 0.0 ] ], [ [ 73.1489509, 28.1526849, 0.0 ], [ 73.148974, 28.1526852, 0.0 ], [ 73.1489688, 28.1529884, 0.0 ], [ 73.1489457, 28.1529881, 0.0 ], [ 73.1489509, 28.1526849, 0.0 ] ], [ [ 73.1490015, 28.1529973, 0.0 ], [ 73.1490246, 28.1529976, 0.0 ], [ 73.1490194, 28.1533009, 0.0 ], [ 73.1489963, 28.1533006, 0.0 ], [ 73.1490015, 28.1529973, 0.0 ] ], [ [ 73.1489455, 28.1529965, 0.0 ], [ 73.1489686, 28.1529968, 0.0 ], [ 73.1489634, 28.1533001, 0.0 ], [ 73.1489403, 28.1532998, 0.0 ], [ 73.1489455, 28.1529965, 0.0 ] ], [ [ 73.1490175, 28.1520661, 0.0 ], [ 73.1490407, 28.1520665, 0.0 ], [ 73.1490354, 28.1523697, 0.0 ], [ 73.1490123, 28.1523694, 0.0 ], [ 73.1490175, 28.1520661, 0.0 ] ], [ [ 73.1489615, 28.1520654, 0.0 ], [ 73.1489847, 28.1520657, 0.0 ], [ 73.1489794, 28.152369, 0.0 ], [ 73.1489563, 28.1523687, 0.0 ], [ 73.1489615, 28.1520654, 0.0 ] ], [ [ 73.1490122, 28.1523778, 0.0 ], [ 73.1490353, 28.1523781, 0.0 ], [ 73.1490301, 28.1526814, 0.0 ], [ 73.1490069, 28.1526811, 0.0 ], [ 73.1490122, 28.1523778, 0.0 ] ], [ [ 73.1489562, 28.1523771, 0.0 ], [ 73.1489793, 28.1523774, 0.0 ], [ 73.1489741, 28.1526807, 0.0 ], [ 73.148951, 28.1526803, 0.0 ], [ 73.1489562, 28.1523771, 0.0 ] ], [ [ 73.1490282, 28.1514467, 0.0 ], [ 73.1490513, 28.151447, 0.0 ], [ 73.1490461, 28.1517503, 0.0 ], [ 73.149023, 28.1517499, 0.0 ], [ 73.1490282, 28.1514467, 0.0 ] ], [ [ 73.1489722, 28.1514459, 0.0 ], [ 73.1489953, 28.1514462, 0.0 ], [ 73.1489901, 28.1517495, 0.0 ], [ 73.148967, 28.1517492, 0.0 ], [ 73.1489722, 28.1514459, 0.0 ] ], [ [ 73.1490228, 28.1517584, 0.0 ], [ 73.1490459, 28.1517587, 0.0 ], [ 73.1490407, 28.1520619, 0.0 ], [ 73.1490176, 28.1520616, 0.0 ], [ 73.1490228, 28.1517584, 0.0 ] ], [ [ 73.1489668, 28.1517576, 0.0 ], [ 73.14899, 28.1517579, 0.0 ], [ 73.1489847, 28.1520612, 0.0 ], [ 73.1489616, 28.1520609, 0.0 ], [ 73.1489668, 28.1517576, 0.0 ] ], [ [ 73.1490388, 28.1508272, 0.0 ], [ 73.149062, 28.1508275, 0.0 ], [ 73.1490567, 28.1511308, 0.0 ], [ 73.1490336, 28.1511305, 0.0 ], [ 73.1490388, 28.1508272, 0.0 ] ], [ [ 73.1489828, 28.1508264, 0.0 ], [ 73.149006, 28.1508268, 0.0 ], [ 73.1490008, 28.15113, 0.0 ], [ 73.1489776, 28.1511297, 0.0 ], [ 73.1489828, 28.1508264, 0.0 ] ], [ [ 73.1490335, 28.1511389, 0.0 ], [ 73.1490566, 28.1511392, 0.0 ], [ 73.1490514, 28.1514425, 0.0 ], [ 73.1490283, 28.1514422, 0.0 ], [ 73.1490335, 28.1511389, 0.0 ] ], [ [ 73.1489775, 28.1511381, 0.0 ], [ 73.1490006, 28.1511384, 0.0 ], [ 73.1489954, 28.1514417, 0.0 ], [ 73.1489723, 28.1514414, 0.0 ], [ 73.1489775, 28.1511381, 0.0 ] ], [ [ 73.1488949, 28.1526841, 0.0 ], [ 73.148918, 28.1526844, 0.0 ], [ 73.1489128, 28.1529877, 0.0 ], [ 73.1488897, 28.1529874, 0.0 ], [ 73.1488949, 28.1526841, 0.0 ] ], [ [ 73.1488389, 28.1526833, 0.0 ], [ 73.148862, 28.1526836, 0.0 ], [ 73.1488568, 28.1529869, 0.0 ], [ 73.1488337, 28.1529866, 0.0 ], [ 73.1488389, 28.1526833, 0.0 ] ], [ [ 73.1488895, 28.1529958, 0.0 ], [ 73.1489127, 28.1529961, 0.0 ], [ 73.1489074, 28.1532994, 0.0 ], [ 73.1488843, 28.153299, 0.0 ], [ 73.1488895, 28.1529958, 0.0 ] ], [ [ 73.1488335, 28.152995, 0.0 ], [ 73.1488567, 28.1529953, 0.0 ], [ 73.1488514, 28.1532986, 0.0 ], [ 73.1488283, 28.1532983, 0.0 ], [ 73.1488335, 28.152995, 0.0 ] ], [ [ 73.1489055, 28.1520646, 0.0 ], [ 73.1489287, 28.1520649, 0.0 ], [ 73.1489235, 28.1523682, 0.0 ], [ 73.1489003, 28.1523679, 0.0 ], [ 73.1489055, 28.1520646, 0.0 ] ], [ [ 73.1488496, 28.1520639, 0.0 ], [ 73.1488727, 28.1520642, 0.0 ], [ 73.1488675, 28.1523675, 0.0 ], [ 73.1488443, 28.1523671, 0.0 ], [ 73.1488496, 28.1520639, 0.0 ] ], [ [ 73.1489002, 28.1523763, 0.0 ], [ 73.1489233, 28.1523766, 0.0 ], [ 73.1489181, 28.1526799, 0.0 ], [ 73.148895, 28.1526796, 0.0 ], [ 73.1489002, 28.1523763, 0.0 ] ], [ [ 73.1488442, 28.1523756, 0.0 ], [ 73.1488673, 28.1523759, 0.0 ], [ 73.1488621, 28.1526791, 0.0 ], [ 73.148839, 28.1526788, 0.0 ], [ 73.1488442, 28.1523756, 0.0 ] ], [ [ 73.1489162, 28.1514452, 0.0 ], [ 73.1489393, 28.1514455, 0.0 ], [ 73.1489341, 28.1517487, 0.0 ], [ 73.148911, 28.1517484, 0.0 ], [ 73.1489162, 28.1514452, 0.0 ] ], [ [ 73.1488602, 28.1514444, 0.0 ], [ 73.1488833, 28.1514447, 0.0 ], [ 73.1488781, 28.151748, 0.0 ], [ 73.148855, 28.1517477, 0.0 ], [ 73.1488602, 28.1514444, 0.0 ] ], [ [ 73.1489108, 28.1517568, 0.0 ], [ 73.148934, 28.1517572, 0.0 ], [ 73.1489288, 28.1520604, 0.0 ], [ 73.1489056, 28.1520601, 0.0 ], [ 73.1489108, 28.1517568, 0.0 ] ], [ [ 73.1488549, 28.1517561, 0.0 ], [ 73.148878, 28.1517564, 0.0 ], [ 73.1488728, 28.1520597, 0.0 ], [ 73.1488496, 28.1520594, 0.0 ], [ 73.1488549, 28.1517561, 0.0 ] ], [ [ 73.1489269, 28.1508257, 0.0 ], [ 73.14895, 28.150826, 0.0 ], [ 73.1489448, 28.1511293, 0.0 ], [ 73.1489216, 28.151129, 0.0 ], [ 73.1489269, 28.1508257, 0.0 ] ], [ [ 73.1488709, 28.1508249, 0.0 ], [ 73.148894, 28.1508252, 0.0 ], [ 73.1488888, 28.1511285, 0.0 ], [ 73.1488657, 28.1511282, 0.0 ], [ 73.1488709, 28.1508249, 0.0 ] ], [ [ 73.1489215, 28.1511374, 0.0 ], [ 73.1489446, 28.1511377, 0.0 ], [ 73.1489394, 28.151441, 0.0 ], [ 73.1489163, 28.1514406, 0.0 ], [ 73.1489215, 28.1511374, 0.0 ] ], [ [ 73.1488655, 28.1511366, 0.0 ], [ 73.1488886, 28.1511369, 0.0 ], [ 73.1488834, 28.1514402, 0.0 ], [ 73.1488603, 28.1514399, 0.0 ], [ 73.1488655, 28.1511366, 0.0 ] ], [ [ 73.1487829, 28.1526826, 0.0 ], [ 73.148806, 28.1526829, 0.0 ], [ 73.1488008, 28.1529862, 0.0 ], [ 73.1487777, 28.1529858, 0.0 ], [ 73.1487829, 28.1526826, 0.0 ] ], [ [ 73.1487269, 28.1526818, 0.0 ], [ 73.1487501, 28.1526821, 0.0 ], [ 73.1487448, 28.1529854, 0.0 ], [ 73.1487217, 28.1529851, 0.0 ], [ 73.1487269, 28.1526818, 0.0 ] ], [ [ 73.1487776, 28.1529943, 0.0 ], [ 73.1488007, 28.1529946, 0.0 ], [ 73.1487955, 28.1532978, 0.0 ], [ 73.1487723, 28.1532975, 0.0 ], [ 73.1487776, 28.1529943, 0.0 ] ], [ [ 73.1487216, 28.1529935, 0.0 ], [ 73.1487447, 28.1529938, 0.0 ], [ 73.1487395, 28.1532971, 0.0 ], [ 73.1487163, 28.1532968, 0.0 ], [ 73.1487216, 28.1529935, 0.0 ] ], [ [ 73.1487936, 28.1520631, 0.0 ], [ 73.1488167, 28.1520634, 0.0 ], [ 73.1488115, 28.1523667, 0.0 ], [ 73.1487884, 28.1523664, 0.0 ], [ 73.1487936, 28.1520631, 0.0 ] ], [ [ 73.1487376, 28.1520624, 0.0 ], [ 73.1487607, 28.1520627, 0.0 ], [ 73.1487555, 28.1523659, 0.0 ], [ 73.1487324, 28.1523656, 0.0 ], [ 73.1487376, 28.1520624, 0.0 ] ], [ [ 73.1487882, 28.1523748, 0.0 ], [ 73.1488113, 28.1523751, 0.0 ], [ 73.1488061, 28.1526784, 0.0 ], [ 73.148783, 28.1526781, 0.0 ], [ 73.1487882, 28.1523748, 0.0 ] ], [ [ 73.1487322, 28.152374, 0.0 ], [ 73.1487553, 28.1523744, 0.0 ], [ 73.1487501, 28.1526776, 0.0 ], [ 73.148727, 28.1526773, 0.0 ], [ 73.1487322, 28.152374, 0.0 ] ], [ [ 73.1488042, 28.1514436, 0.0 ], [ 73.1488274, 28.151444, 0.0 ], [ 73.1488221, 28.1517472, 0.0 ], [ 73.148799, 28.1517469, 0.0 ], [ 73.1488042, 28.1514436, 0.0 ] ], [ [ 73.1487482, 28.1514429, 0.0 ], [ 73.1487714, 28.1514432, 0.0 ], [ 73.1487662, 28.1517465, 0.0 ], [ 73.148743, 28.1517462, 0.0 ], [ 73.1487482, 28.1514429, 0.0 ] ], [ [ 73.1487989, 28.1517553, 0.0 ], [ 73.148822, 28.1517556, 0.0 ], [ 73.1488168, 28.1520589, 0.0 ], [ 73.1487936, 28.1520586, 0.0 ], [ 73.1487989, 28.1517553, 0.0 ] ], [ [ 73.1487429, 28.1517546, 0.0 ], [ 73.148766, 28.1517549, 0.0 ], [ 73.1487608, 28.1520582, 0.0 ], [ 73.1487377, 28.1520578, 0.0 ], [ 73.1487429, 28.1517546, 0.0 ] ], [ [ 73.1488149, 28.1508242, 0.0 ], [ 73.148838, 28.1508245, 0.0 ], [ 73.1488328, 28.1511278, 0.0 ], [ 73.1488097, 28.1511274, 0.0 ], [ 73.1488149, 28.1508242, 0.0 ] ], [ [ 73.1487589, 28.1508234, 0.0 ], [ 73.148782, 28.1508237, 0.0 ], [ 73.1487768, 28.151127, 0.0 ], [ 73.1487537, 28.1511267, 0.0 ], [ 73.1487589, 28.1508234, 0.0 ] ], [ [ 73.1488095, 28.1511359, 0.0 ], [ 73.1488327, 28.1511362, 0.0 ], [ 73.1488274, 28.1514394, 0.0 ], [ 73.1488043, 28.1514391, 0.0 ], [ 73.1488095, 28.1511359, 0.0 ] ], [ [ 73.1487535, 28.1511351, 0.0 ], [ 73.1487767, 28.1511354, 0.0 ], [ 73.1487714, 28.1514387, 0.0 ], [ 73.1487483, 28.1514384, 0.0 ], [ 73.1487535, 28.1511351, 0.0 ] ], [ [ 73.1486709, 28.1526811, 0.0 ], [ 73.1486941, 28.1526814, 0.0 ], [ 73.1486888, 28.1529846, 0.0 ], [ 73.1486657, 28.1529843, 0.0 ], [ 73.1486709, 28.1526811, 0.0 ] ], [ [ 73.1486149, 28.1526803, 0.0 ], [ 73.1486381, 28.1526806, 0.0 ], [ 73.1486329, 28.1529839, 0.0 ], [ 73.1486097, 28.1529836, 0.0 ], [ 73.1486149, 28.1526803, 0.0 ] ], [ [ 73.1486656, 28.1529928, 0.0 ], [ 73.1486887, 28.1529931, 0.0 ], [ 73.1486835, 28.1532963, 0.0 ], [ 73.1486604, 28.153296, 0.0 ], [ 73.1486656, 28.1529928, 0.0 ] ], [ [ 73.1486096, 28.152992, 0.0 ], [ 73.1486327, 28.1529923, 0.0 ], [ 73.1486275, 28.1532956, 0.0 ], [ 73.1486044, 28.1532953, 0.0 ], [ 73.1486096, 28.152992, 0.0 ] ], [ [ 73.1486816, 28.1520616, 0.0 ], [ 73.1487047, 28.1520619, 0.0 ], [ 73.1486995, 28.1523652, 0.0 ], [ 73.1486764, 28.1523649, 0.0 ], [ 73.1486816, 28.1520616, 0.0 ] ], [ [ 73.1486256, 28.1520608, 0.0 ], [ 73.1486487, 28.1520612, 0.0 ], [ 73.1486435, 28.1523644, 0.0 ], [ 73.1486204, 28.1523641, 0.0 ], [ 73.1486256, 28.1520608, 0.0 ] ], [ [ 73.1486762, 28.1523733, 0.0 ], [ 73.1486994, 28.1523736, 0.0 ], [ 73.1486941, 28.1526769, 0.0 ], [ 73.148671, 28.1526766, 0.0 ], [ 73.1486762, 28.1523733, 0.0 ] ], [ [ 73.1486202, 28.1523725, 0.0 ], [ 73.1486434, 28.1523728, 0.0 ], [ 73.1486382, 28.1526761, 0.0 ], [ 73.148615, 28.1526758, 0.0 ], [ 73.1486202, 28.1523725, 0.0 ] ], [ [ 73.1486923, 28.1514421, 0.0 ], [ 73.1487154, 28.1514424, 0.0 ], [ 73.1487102, 28.1517457, 0.0 ], [ 73.148687, 28.1517454, 0.0 ], [ 73.1486923, 28.1514421, 0.0 ] ], [ [ 73.1486363, 28.1514414, 0.0 ], [ 73.1486594, 28.1514417, 0.0 ], [ 73.1486542, 28.151745, 0.0 ], [ 73.148631, 28.1517446, 0.0 ], [ 73.1486363, 28.1514414, 0.0 ] ], [ [ 73.1486869, 28.1517538, 0.0 ], [ 73.14871, 28.1517541, 0.0 ], [ 73.1487048, 28.1520574, 0.0 ], [ 73.1486817, 28.1520571, 0.0 ], [ 73.1486869, 28.1517538, 0.0 ] ], [ [ 73.1486309, 28.1517531, 0.0 ], [ 73.148654, 28.1517534, 0.0 ], [ 73.1486488, 28.1520566, 0.0 ], [ 73.1486257, 28.1520563, 0.0 ], [ 73.1486309, 28.1517531, 0.0 ] ], [ [ 73.1487029, 28.1508227, 0.0 ], [ 73.148726, 28.150823, 0.0 ], [ 73.1487208, 28.1511262, 0.0 ], [ 73.1486977, 28.1511259, 0.0 ], [ 73.1487029, 28.1508227, 0.0 ] ], [ [ 73.1486469, 28.1508219, 0.0 ], [ 73.1486701, 28.1508222, 0.0 ], [ 73.1486648, 28.1511255, 0.0 ], [ 73.1486417, 28.1511252, 0.0 ], [ 73.1486469, 28.1508219, 0.0 ] ], [ [ 73.1486976, 28.1511344, 0.0 ], [ 73.1487207, 28.1511347, 0.0 ], [ 73.1487155, 28.1514379, 0.0 ], [ 73.1486923, 28.1514376, 0.0 ], [ 73.1486976, 28.1511344, 0.0 ] ], [ [ 73.1486416, 28.1511336, 0.0 ], [ 73.1486647, 28.1511339, 0.0 ], [ 73.1486595, 28.1514372, 0.0 ], [ 73.1486363, 28.1514369, 0.0 ], [ 73.1486416, 28.1511336, 0.0 ] ], [ [ 73.148559, 28.1526796, 0.0 ], [ 73.1485821, 28.1526799, 0.0 ], [ 73.1485769, 28.1529831, 0.0 ], [ 73.1485537, 28.1529828, 0.0 ], [ 73.148559, 28.1526796, 0.0 ] ], [ [ 73.148503, 28.1526788, 0.0 ], [ 73.1485261, 28.1526791, 0.0 ], [ 73.1485209, 28.1529824, 0.0 ], [ 73.1484978, 28.1529821, 0.0 ], [ 73.148503, 28.1526788, 0.0 ] ], [ [ 73.1485536, 28.1529912, 0.0 ], [ 73.1485767, 28.1529916, 0.0 ], [ 73.1485715, 28.1532948, 0.0 ], [ 73.1485484, 28.1532945, 0.0 ], [ 73.1485536, 28.1529912, 0.0 ] ], [ [ 73.1484976, 28.1529905, 0.0 ], [ 73.1485207, 28.1529908, 0.0 ], [ 73.1485155, 28.1532941, 0.0 ], [ 73.1484924, 28.1532938, 0.0 ], [ 73.1484976, 28.1529905, 0.0 ] ], [ [ 73.1485696, 28.1520601, 0.0 ], [ 73.1485927, 28.1520604, 0.0 ], [ 73.1485875, 28.1523637, 0.0 ], [ 73.1485644, 28.1523634, 0.0 ], [ 73.1485696, 28.1520601, 0.0 ] ], [ [ 73.1485136, 28.1520593, 0.0 ], [ 73.1485368, 28.1520596, 0.0 ], [ 73.1485315, 28.1523629, 0.0 ], [ 73.1485084, 28.1523626, 0.0 ], [ 73.1485136, 28.1520593, 0.0 ] ], [ [ 73.1485643, 28.1523718, 0.0 ], [ 73.1485874, 28.1523721, 0.0 ], [ 73.1485822, 28.1526754, 0.0 ], [ 73.148559, 28.152675, 0.0 ], [ 73.1485643, 28.1523718, 0.0 ] ], [ [ 73.1485083, 28.152371, 0.0 ], [ 73.1485314, 28.1523713, 0.0 ], [ 73.1485262, 28.1526746, 0.0 ], [ 73.1485031, 28.1526743, 0.0 ], [ 73.1485083, 28.152371, 0.0 ] ], [ [ 73.1485803, 28.1514406, 0.0 ], [ 73.1486034, 28.1514409, 0.0 ], [ 73.1485982, 28.1517442, 0.0 ], [ 73.1485751, 28.1517439, 0.0 ], [ 73.1485803, 28.1514406, 0.0 ] ], [ [ 73.1485243, 28.1514399, 0.0 ], [ 73.1485474, 28.1514402, 0.0 ], [ 73.1485422, 28.1517434, 0.0 ], [ 73.1485191, 28.1517431, 0.0 ], [ 73.1485243, 28.1514399, 0.0 ] ], [ [ 73.1485749, 28.1517523, 0.0 ], [ 73.148598, 28.1517526, 0.0 ], [ 73.1485928, 28.1520559, 0.0 ], [ 73.1485697, 28.1520556, 0.0 ], [ 73.1485749, 28.1517523, 0.0 ] ], [ [ 73.1485189, 28.1517515, 0.0 ], [ 73.1485421, 28.1517519, 0.0 ], [ 73.1485368, 28.1520551, 0.0 ], [ 73.1485137, 28.1520548, 0.0 ], [ 73.1485189, 28.1517515, 0.0 ] ], [ [ 73.1485909, 28.1508212, 0.0 ], [ 73.1486141, 28.1508215, 0.0 ], [ 73.1486088, 28.1511247, 0.0 ], [ 73.1485857, 28.1511244, 0.0 ], [ 73.1485909, 28.1508212, 0.0 ] ], [ [ 73.148535, 28.1508204, 0.0 ], [ 73.1485581, 28.1508207, 0.0 ], [ 73.1485529, 28.151124, 0.0 ], [ 73.1485297, 28.1511237, 0.0 ], [ 73.148535, 28.1508204, 0.0 ] ], [ [ 73.1485856, 28.1511328, 0.0 ], [ 73.1486087, 28.1511332, 0.0 ], [ 73.1486035, 28.1514364, 0.0 ], [ 73.1485804, 28.1514361, 0.0 ], [ 73.1485856, 28.1511328, 0.0 ] ], [ [ 73.1485296, 28.1511321, 0.0 ], [ 73.1485527, 28.1511324, 0.0 ], [ 73.1485475, 28.1514357, 0.0 ], [ 73.1485244, 28.1514354, 0.0 ], [ 73.1485296, 28.1511321, 0.0 ] ], [ [ 73.148447, 28.152678, 0.0 ], [ 73.1484701, 28.1526784, 0.0 ], [ 73.1484649, 28.1529816, 0.0 ], [ 73.1484418, 28.1529813, 0.0 ], [ 73.148447, 28.152678, 0.0 ] ], [ [ 73.148391, 28.1526773, 0.0 ], [ 73.1484141, 28.1526776, 0.0 ], [ 73.1484089, 28.1529809, 0.0 ], [ 73.1483858, 28.1529806, 0.0 ], [ 73.148391, 28.1526773, 0.0 ] ], [ [ 73.1484416, 28.1529897, 0.0 ], [ 73.1484647, 28.15299, 0.0 ], [ 73.1484595, 28.1532933, 0.0 ], [ 73.1484364, 28.153293, 0.0 ], [ 73.1484416, 28.1529897, 0.0 ] ], [ [ 73.1483856, 28.152989, 0.0 ], [ 73.1484088, 28.1529893, 0.0 ], [ 73.1484035, 28.1532926, 0.0 ], [ 73.1483804, 28.1532922, 0.0 ], [ 73.1483856, 28.152989, 0.0 ] ], [ [ 73.1484576, 28.1520586, 0.0 ], [ 73.1484808, 28.1520589, 0.0 ], [ 73.1484756, 28.1523622, 0.0 ], [ 73.1484524, 28.1523618, 0.0 ], [ 73.1484576, 28.1520586, 0.0 ] ], [ [ 73.1484017, 28.1520578, 0.0 ], [ 73.1484248, 28.1520581, 0.0 ], [ 73.1484196, 28.1523614, 0.0 ], [ 73.1483964, 28.1523611, 0.0 ], [ 73.1484017, 28.1520578, 0.0 ] ], [ [ 73.1484523, 28.1523703, 0.0 ], [ 73.1484754, 28.1523706, 0.0 ], [ 73.1484702, 28.1526738, 0.0 ], [ 73.1484471, 28.1526735, 0.0 ], [ 73.1484523, 28.1523703, 0.0 ] ], [ [ 73.1483963, 28.1523695, 0.0 ], [ 73.1484194, 28.1523698, 0.0 ], [ 73.1484142, 28.1526731, 0.0 ], [ 73.1483911, 28.1526728, 0.0 ], [ 73.1483963, 28.1523695, 0.0 ] ], [ [ 73.1484683, 28.1514391, 0.0 ], [ 73.1484914, 28.1514394, 0.0 ], [ 73.1484862, 28.1517427, 0.0 ], [ 73.1484631, 28.1517424, 0.0 ], [ 73.1484683, 28.1514391, 0.0 ] ], [ [ 73.1484123, 28.1514383, 0.0 ], [ 73.1484354, 28.1514387, 0.0 ], [ 73.1484302, 28.1517419, 0.0 ], [ 73.1484071, 28.1517416, 0.0 ], [ 73.1484123, 28.1514383, 0.0 ] ], [ [ 73.1484629, 28.1517508, 0.0 ], [ 73.1484861, 28.1517511, 0.0 ], [ 73.1484809, 28.1520544, 0.0 ], [ 73.1484577, 28.1520541, 0.0 ], [ 73.1484629, 28.1517508, 0.0 ] ], [ [ 73.148407, 28.15175, 0.0 ], [ 73.1484301, 28.1517503, 0.0 ], [ 73.1484249, 28.1520536, 0.0 ], [ 73.1484017, 28.1520533, 0.0 ], [ 73.148407, 28.15175, 0.0 ] ], [ [ 73.148479, 28.1508196, 0.0 ], [ 73.1485021, 28.15082, 0.0 ], [ 73.1484969, 28.1511232, 0.0 ], [ 73.1484737, 28.1511229, 0.0 ], [ 73.148479, 28.1508196, 0.0 ] ], [ [ 73.148423, 28.1508189, 0.0 ], [ 73.1484461, 28.1508192, 0.0 ], [ 73.1484409, 28.1511225, 0.0 ], [ 73.1484178, 28.1511222, 0.0 ], [ 73.148423, 28.1508189, 0.0 ] ], [ [ 73.1484736, 28.1511313, 0.0 ], [ 73.1484967, 28.1511316, 0.0 ], [ 73.1484915, 28.1514349, 0.0 ], [ 73.1484684, 28.1514346, 0.0 ], [ 73.1484736, 28.1511313, 0.0 ] ], [ [ 73.1484176, 28.1511306, 0.0 ], [ 73.1484407, 28.1511309, 0.0 ], [ 73.1484355, 28.1514342, 0.0 ], [ 73.1484124, 28.1514338, 0.0 ], [ 73.1484176, 28.1511306, 0.0 ] ], [ [ 73.148335, 28.1526765, 0.0 ], [ 73.1483581, 28.1526768, 0.0 ], [ 73.1483529, 28.1529801, 0.0 ], [ 73.1483298, 28.1529798, 0.0 ], [ 73.148335, 28.1526765, 0.0 ] ], [ [ 73.148279, 28.1526758, 0.0 ], [ 73.1483021, 28.1526761, 0.0 ], [ 73.1482969, 28.1529793, 0.0 ], [ 73.1482738, 28.152979, 0.0 ], [ 73.148279, 28.1526758, 0.0 ] ], [ [ 73.1483296, 28.1529882, 0.0 ], [ 73.1483528, 28.1529885, 0.0 ], [ 73.1483476, 28.1532918, 0.0 ], [ 73.1483244, 28.1532915, 0.0 ], [ 73.1483296, 28.1529882, 0.0 ] ], [ [ 73.1482737, 28.1529875, 0.0 ], [ 73.1482968, 28.1529878, 0.0 ], [ 73.1482916, 28.153291, 0.0 ], [ 73.1482684, 28.1532907, 0.0 ], [ 73.1482737, 28.1529875, 0.0 ] ], [ [ 73.1483457, 28.1520571, 0.0 ], [ 73.1483688, 28.1520574, 0.0 ], [ 73.1483636, 28.1523606, 0.0 ], [ 73.1483405, 28.1523603, 0.0 ], [ 73.1483457, 28.1520571, 0.0 ] ], [ [ 73.1482897, 28.1520563, 0.0 ], [ 73.1483128, 28.1520566, 0.0 ], [ 73.1483076, 28.1523599, 0.0 ], [ 73.1482845, 28.1523596, 0.0 ], [ 73.1482897, 28.1520563, 0.0 ] ], [ [ 73.1483403, 28.1523687, 0.0 ], [ 73.1483634, 28.1523691, 0.0 ], [ 73.1483582, 28.1526723, 0.0 ], [ 73.1483351, 28.152672, 0.0 ], [ 73.1483403, 28.1523687, 0.0 ] ], [ [ 73.1482843, 28.152368, 0.0 ], [ 73.1483074, 28.1523683, 0.0 ], [ 73.1483022, 28.1526716, 0.0 ], [ 73.1482791, 28.1526713, 0.0 ], [ 73.1482843, 28.152368, 0.0 ] ], [ [ 73.1483563, 28.1514376, 0.0 ], [ 73.1483795, 28.1514379, 0.0 ], [ 73.1483742, 28.1517412, 0.0 ], [ 73.1483511, 28.1517409, 0.0 ], [ 73.1483563, 28.1514376, 0.0 ] ], [ [ 73.1483003, 28.1514368, 0.0 ], [ 73.1483235, 28.1514371, 0.0 ], [ 73.1483183, 28.1517404, 0.0 ], [ 73.1482951, 28.1517401, 0.0 ], [ 73.1483003, 28.1514368, 0.0 ] ], [ [ 73.148351, 28.1517493, 0.0 ], [ 73.1483741, 28.1517496, 0.0 ], [ 73.1483689, 28.1520529, 0.0 ], [ 73.1483457, 28.1520525, 0.0 ], [ 73.148351, 28.1517493, 0.0 ] ], [ [ 73.148295, 28.1517485, 0.0 ], [ 73.1483181, 28.1517488, 0.0 ], [ 73.1483129, 28.1520521, 0.0 ], [ 73.1482898, 28.1520518, 0.0 ], [ 73.148295, 28.1517485, 0.0 ] ], [ [ 73.148367, 28.1508181, 0.0 ], [ 73.1483901, 28.1508184, 0.0 ], [ 73.1483849, 28.1511217, 0.0 ], [ 73.1483618, 28.1511214, 0.0 ], [ 73.148367, 28.1508181, 0.0 ] ], [ [ 73.148311, 28.1508174, 0.0 ], [ 73.1483341, 28.1508177, 0.0 ], [ 73.1483289, 28.151121, 0.0 ], [ 73.1483058, 28.1511206, 0.0 ], [ 73.148311, 28.1508174, 0.0 ] ], [ [ 73.1483616, 28.1511298, 0.0 ], [ 73.1483848, 28.1511301, 0.0 ], [ 73.1483795, 28.1514334, 0.0 ], [ 73.1483564, 28.1514331, 0.0 ], [ 73.1483616, 28.1511298, 0.0 ] ], [ [ 73.1483056, 28.1511291, 0.0 ], [ 73.1483288, 28.1511294, 0.0 ], [ 73.1483235, 28.1514326, 0.0 ], [ 73.1483004, 28.1514323, 0.0 ], [ 73.1483056, 28.1511291, 0.0 ] ], [ [ 73.148223, 28.152675, 0.0 ], [ 73.1482462, 28.1526753, 0.0 ], [ 73.1482409, 28.1529786, 0.0 ], [ 73.1482178, 28.1529783, 0.0 ], [ 73.148223, 28.152675, 0.0 ] ], [ [ 73.148167, 28.1526743, 0.0 ], [ 73.1481902, 28.1526746, 0.0 ], [ 73.148185, 28.1529778, 0.0 ], [ 73.1481618, 28.1529775, 0.0 ], [ 73.148167, 28.1526743, 0.0 ] ], [ [ 73.1482177, 28.1529867, 0.0 ], [ 73.1482408, 28.152987, 0.0 ], [ 73.1482356, 28.1532903, 0.0 ], [ 73.1482124, 28.15329, 0.0 ], [ 73.1482177, 28.1529867, 0.0 ] ], [ [ 73.1481617, 28.1529859, 0.0 ], [ 73.1481848, 28.1529863, 0.0 ], [ 73.1481796, 28.1532895, 0.0 ], [ 73.1481565, 28.1532892, 0.0 ], [ 73.1481617, 28.1529859, 0.0 ] ], [ [ 73.1482337, 28.1520555, 0.0 ], [ 73.1482568, 28.1520559, 0.0 ], [ 73.1482516, 28.1523591, 0.0 ], [ 73.1482285, 28.1523588, 0.0 ], [ 73.1482337, 28.1520555, 0.0 ] ], [ [ 73.1481777, 28.1520548, 0.0 ], [ 73.1482008, 28.1520551, 0.0 ], [ 73.1481956, 28.1523584, 0.0 ], [ 73.1481725, 28.1523581, 0.0 ], [ 73.1481777, 28.1520548, 0.0 ] ], [ [ 73.1482283, 28.1523672, 0.0 ], [ 73.1482515, 28.1523675, 0.0 ], [ 73.1482462, 28.1526708, 0.0 ], [ 73.1482231, 28.1526705, 0.0 ], [ 73.1482283, 28.1523672, 0.0 ] ], [ [ 73.1481723, 28.1523665, 0.0 ], [ 73.1481955, 28.1523668, 0.0 ], [ 73.1481902, 28.1526701, 0.0 ], [ 73.1481671, 28.1526697, 0.0 ], [ 73.1481723, 28.1523665, 0.0 ] ], [ [ 73.1482444, 28.1514361, 0.0 ], [ 73.1482675, 28.1514364, 0.0 ], [ 73.1482623, 28.1517397, 0.0 ], [ 73.1482391, 28.1517393, 0.0 ], [ 73.1482444, 28.1514361, 0.0 ] ], [ [ 73.1481884, 28.1514353, 0.0 ], [ 73.1482115, 28.1514356, 0.0 ], [ 73.1482063, 28.1517389, 0.0 ], [ 73.1481831, 28.1517386, 0.0 ], [ 73.1481884, 28.1514353, 0.0 ] ], [ [ 73.148239, 28.1517478, 0.0 ], [ 73.1482621, 28.1517481, 0.0 ], [ 73.1482569, 28.1520513, 0.0 ], [ 73.1482338, 28.152051, 0.0 ], [ 73.148239, 28.1517478, 0.0 ] ], [ [ 73.148183, 28.151747, 0.0 ], [ 73.1482061, 28.1517473, 0.0 ], [ 73.1482009, 28.1520506, 0.0 ], [ 73.1481778, 28.1520503, 0.0 ], [ 73.148183, 28.151747, 0.0 ] ], [ [ 73.148255, 28.1508166, 0.0 ], [ 73.1482781, 28.1508169, 0.0 ], [ 73.1482729, 28.1511202, 0.0 ], [ 73.1482498, 28.1511199, 0.0 ], [ 73.148255, 28.1508166, 0.0 ] ], [ [ 73.148199, 28.1508159, 0.0 ], [ 73.1482222, 28.1508162, 0.0 ], [ 73.1482169, 28.1511194, 0.0 ], [ 73.1481938, 28.1511191, 0.0 ], [ 73.148199, 28.1508159, 0.0 ] ], [ [ 73.1482497, 28.1511283, 0.0 ], [ 73.1482728, 28.1511286, 0.0 ], [ 73.1482676, 28.1514319, 0.0 ], [ 73.1482444, 28.1514316, 0.0 ], [ 73.1482497, 28.1511283, 0.0 ] ], [ [ 73.1481937, 28.1511275, 0.0 ], [ 73.1482168, 28.1511279, 0.0 ], [ 73.1482116, 28.1514311, 0.0 ], [ 73.1481884, 28.1514308, 0.0 ], [ 73.1481937, 28.1511275, 0.0 ] ], [ [ 73.1481111, 28.1526735, 0.0 ], [ 73.1481342, 28.1526738, 0.0 ], [ 73.148129, 28.1529771, 0.0 ], [ 73.1481058, 28.1529768, 0.0 ], [ 73.1481111, 28.1526735, 0.0 ] ], [ [ 73.1480551, 28.1526727, 0.0 ], [ 73.1480782, 28.1526731, 0.0 ], [ 73.148073, 28.1529763, 0.0 ], [ 73.1480498, 28.152976, 0.0 ], [ 73.1480551, 28.1526727, 0.0 ] ], [ [ 73.1481057, 28.1529852, 0.0 ], [ 73.1481288, 28.1529855, 0.0 ], [ 73.1481236, 28.1532888, 0.0 ], [ 73.1481005, 28.1532885, 0.0 ], [ 73.1481057, 28.1529852, 0.0 ] ], [ [ 73.1480497, 28.1529844, 0.0 ], [ 73.1480728, 28.1529847, 0.0 ], [ 73.1480676, 28.153288, 0.0 ], [ 73.1480445, 28.1532877, 0.0 ], [ 73.1480497, 28.1529844, 0.0 ] ], [ [ 73.1481217, 28.152054, 0.0 ], [ 73.1481448, 28.1520543, 0.0 ], [ 73.1481396, 28.1523576, 0.0 ], [ 73.1481165, 28.1523573, 0.0 ], [ 73.1481217, 28.152054, 0.0 ] ], [ [ 73.1480657, 28.1520533, 0.0 ], [ 73.1480889, 28.1520536, 0.0 ], [ 73.1480836, 28.1523569, 0.0 ], [ 73.1480605, 28.1523565, 0.0 ], [ 73.1480657, 28.1520533, 0.0 ] ], [ [ 73.1481164, 28.1523657, 0.0 ], [ 73.1481395, 28.152366, 0.0 ], [ 73.1481343, 28.1526693, 0.0 ], [ 73.1481111, 28.152669, 0.0 ], [ 73.1481164, 28.1523657, 0.0 ] ], [ [ 73.1480604, 28.152365, 0.0 ], [ 73.1480835, 28.1523653, 0.0 ], [ 73.1480783, 28.1526685, 0.0 ], [ 73.1480551, 28.1526682, 0.0 ], [ 73.1480604, 28.152365, 0.0 ] ], [ [ 73.1481324, 28.1514346, 0.0 ], [ 73.1481555, 28.1514349, 0.0 ], [ 73.1481503, 28.1517381, 0.0 ], [ 73.1481272, 28.1517378, 0.0 ], [ 73.1481324, 28.1514346, 0.0 ] ], [ [ 73.1480764, 28.1514338, 0.0 ], [ 73.1480995, 28.1514341, 0.0 ], [ 73.1480943, 28.1517374, 0.0 ], [ 73.1480712, 28.1517371, 0.0 ], [ 73.1480764, 28.1514338, 0.0 ] ], [ [ 73.148127, 28.1517463, 0.0 ], [ 73.1481501, 28.1517466, 0.0 ], [ 73.1481449, 28.1520498, 0.0 ], [ 73.1481218, 28.1520495, 0.0 ], [ 73.148127, 28.1517463, 0.0 ] ], [ [ 73.148071, 28.1517455, 0.0 ], [ 73.1480942, 28.1517458, 0.0 ], [ 73.1480889, 28.1520491, 0.0 ], [ 73.1480658, 28.1520488, 0.0 ], [ 73.148071, 28.1517455, 0.0 ] ], [ [ 73.148143, 28.1508151, 0.0 ], [ 73.1481662, 28.1508154, 0.0 ], [ 73.1481609, 28.1511187, 0.0 ], [ 73.1481378, 28.1511184, 0.0 ], [ 73.148143, 28.1508151, 0.0 ] ], [ [ 73.1480871, 28.1508143, 0.0 ], [ 73.1481102, 28.1508147, 0.0 ], [ 73.148105, 28.1511179, 0.0 ], [ 73.1480818, 28.1511176, 0.0 ], [ 73.1480871, 28.1508143, 0.0 ] ], [ [ 73.1481377, 28.1511268, 0.0 ], [ 73.1481608, 28.1511271, 0.0 ], [ 73.1481556, 28.1514304, 0.0 ], [ 73.1481325, 28.1514301, 0.0 ], [ 73.1481377, 28.1511268, 0.0 ] ], [ [ 73.1480817, 28.151126, 0.0 ], [ 73.1481048, 28.1511263, 0.0 ], [ 73.1480996, 28.1514296, 0.0 ], [ 73.1480765, 28.1514293, 0.0 ], [ 73.1480817, 28.151126, 0.0 ] ], [ [ 73.1479991, 28.152672, 0.0 ], [ 73.1480222, 28.1526723, 0.0 ], [ 73.148017, 28.1529756, 0.0 ], [ 73.1479939, 28.1529753, 0.0 ], [ 73.1479991, 28.152672, 0.0 ] ], [ [ 73.1479431, 28.1526712, 0.0 ], [ 73.1479662, 28.1526715, 0.0 ], [ 73.147961, 28.1529748, 0.0 ], [ 73.1479379, 28.1529745, 0.0 ], [ 73.1479431, 28.1526712, 0.0 ] ], [ [ 73.1479937, 28.1529837, 0.0 ], [ 73.1480168, 28.152984, 0.0 ], [ 73.1480116, 28.1532873, 0.0 ], [ 73.1479885, 28.1532869, 0.0 ], [ 73.1479937, 28.1529837, 0.0 ] ], [ [ 73.1479377, 28.1529829, 0.0 ], [ 73.1479609, 28.1529832, 0.0 ], [ 73.1479556, 28.1532865, 0.0 ], [ 73.1479325, 28.1532862, 0.0 ], [ 73.1479377, 28.1529829, 0.0 ] ], [ [ 73.1480097, 28.1520525, 0.0 ], [ 73.1480329, 28.1520528, 0.0 ], [ 73.1480277, 28.1523561, 0.0 ], [ 73.1480045, 28.1523558, 0.0 ], [ 73.1480097, 28.1520525, 0.0 ] ], [ [ 73.1479538, 28.1520518, 0.0 ], [ 73.1479769, 28.1520521, 0.0 ], [ 73.1479717, 28.1523553, 0.0 ], [ 73.1479485, 28.152355, 0.0 ], [ 73.1479538, 28.1520518, 0.0 ] ], [ [ 73.1480044, 28.1523642, 0.0 ], [ 73.1480275, 28.1523645, 0.0 ], [ 73.1480223, 28.1526678, 0.0 ], [ 73.1479992, 28.1526675, 0.0 ], [ 73.1480044, 28.1523642, 0.0 ] ], [ [ 73.1479484, 28.1523634, 0.0 ], [ 73.1479715, 28.1523638, 0.0 ], [ 73.1479663, 28.152667, 0.0 ], [ 73.1479432, 28.1526667, 0.0 ], [ 73.1479484, 28.1523634, 0.0 ] ], [ [ 73.1480204, 28.1514331, 0.0 ], [ 73.1480435, 28.1514334, 0.0 ], [ 73.1480383, 28.1517366, 0.0 ], [ 73.1480152, 28.1517363, 0.0 ], [ 73.1480204, 28.1514331, 0.0 ] ], [ [ 73.1479644, 28.1514323, 0.0 ], [ 73.1479875, 28.1514326, 0.0 ], [ 73.1479823, 28.1517359, 0.0 ], [ 73.1479592, 28.1517356, 0.0 ], [ 73.1479644, 28.1514323, 0.0 ] ], [ [ 73.148015, 28.1517447, 0.0 ], [ 73.1480382, 28.151745, 0.0 ], [ 73.1480329, 28.1520483, 0.0 ], [ 73.1480098, 28.152048, 0.0 ], [ 73.148015, 28.1517447, 0.0 ] ], [ [ 73.1479591, 28.151744, 0.0 ], [ 73.1479822, 28.1517443, 0.0 ], [ 73.147977, 28.1520476, 0.0 ], [ 73.1479538, 28.1520472, 0.0 ], [ 73.1479591, 28.151744, 0.0 ] ], [ [ 73.1480311, 28.1508136, 0.0 ], [ 73.1480542, 28.1508139, 0.0 ], [ 73.148049, 28.1511172, 0.0 ], [ 73.1480258, 28.1511169, 0.0 ], [ 73.1480311, 28.1508136, 0.0 ] ], [ [ 73.1479751, 28.1508128, 0.0 ], [ 73.1479982, 28.1508131, 0.0 ], [ 73.147993, 28.1511164, 0.0 ], [ 73.1479699, 28.1511161, 0.0 ], [ 73.1479751, 28.1508128, 0.0 ] ], [ [ 73.1480257, 28.1511253, 0.0 ], [ 73.1480488, 28.1511256, 0.0 ], [ 73.1480436, 28.1514289, 0.0 ], [ 73.1480205, 28.1514285, 0.0 ], [ 73.1480257, 28.1511253, 0.0 ] ], [ [ 73.1479697, 28.1511245, 0.0 ], [ 73.1479928, 28.1511248, 0.0 ], [ 73.1479876, 28.1514281, 0.0 ], [ 73.1479645, 28.1514278, 0.0 ], [ 73.1479697, 28.1511245, 0.0 ] ], [ [ 73.1478871, 28.1526705, 0.0 ], [ 73.1479102, 28.1526708, 0.0 ], [ 73.147905, 28.1529741, 0.0 ], [ 73.1478819, 28.1529737, 0.0 ], [ 73.1478871, 28.1526705, 0.0 ] ], [ [ 73.1478311, 28.1526697, 0.0 ], [ 73.1478542, 28.15267, 0.0 ], [ 73.147849, 28.1529733, 0.0 ], [ 73.1478259, 28.152973, 0.0 ], [ 73.1478311, 28.1526697, 0.0 ] ], [ [ 73.1478817, 28.1529822, 0.0 ], [ 73.1479049, 28.1529825, 0.0 ], [ 73.1478996, 28.1532857, 0.0 ], [ 73.1478765, 28.1532854, 0.0 ], [ 73.1478817, 28.1529822, 0.0 ] ], [ [ 73.1478257, 28.1529814, 0.0 ], [ 73.1478489, 28.1529817, 0.0 ], [ 73.1478437, 28.153285, 0.0 ], [ 73.1478205, 28.1532847, 0.0 ], [ 73.1478257, 28.1529814, 0.0 ] ], [ [ 73.1478978, 28.152051, 0.0 ], [ 73.1479209, 28.1520513, 0.0 ], [ 73.1479157, 28.1523546, 0.0 ], [ 73.1478925, 28.1523543, 0.0 ], [ 73.1478978, 28.152051, 0.0 ] ], [ [ 73.1478418, 28.1520502, 0.0 ], [ 73.1478649, 28.1520506, 0.0 ], [ 73.1478597, 28.1523538, 0.0 ], [ 73.1478366, 28.1523535, 0.0 ], [ 73.1478418, 28.1520502, 0.0 ] ], [ [ 73.1478924, 28.1523627, 0.0 ], [ 73.1479155, 28.152363, 0.0 ], [ 73.1479103, 28.1526663, 0.0 ], [ 73.1478872, 28.152666, 0.0 ], [ 73.1478924, 28.1523627, 0.0 ] ], [ [ 73.1478364, 28.1523619, 0.0 ], [ 73.1478595, 28.1523622, 0.0 ], [ 73.1478543, 28.1526655, 0.0 ], [ 73.1478312, 28.1526652, 0.0 ], [ 73.1478364, 28.1523619, 0.0 ] ], [ [ 73.1479084, 28.1514315, 0.0 ], [ 73.1479316, 28.1514318, 0.0 ], [ 73.1479263, 28.1517351, 0.0 ], [ 73.1479032, 28.1517348, 0.0 ], [ 73.1479084, 28.1514315, 0.0 ] ], [ [ 73.1478524, 28.1514308, 0.0 ], [ 73.1478756, 28.1514311, 0.0 ], [ 73.1478704, 28.1517344, 0.0 ], [ 73.1478472, 28.151734, 0.0 ], [ 73.1478524, 28.1514308, 0.0 ] ], [ [ 73.1479031, 28.1517432, 0.0 ], [ 73.1479262, 28.1517435, 0.0 ], [ 73.147921, 28.1520468, 0.0 ], [ 73.1478978, 28.1520465, 0.0 ], [ 73.1479031, 28.1517432, 0.0 ] ], [ [ 73.1478471, 28.1517425, 0.0 ], [ 73.1478702, 28.1517428, 0.0 ], [ 73.147865, 28.152046, 0.0 ], [ 73.1478419, 28.1520457, 0.0 ], [ 73.1478471, 28.1517425, 0.0 ] ], [ [ 73.1479191, 28.1508121, 0.0 ], [ 73.1479422, 28.1508124, 0.0 ], [ 73.147937, 28.1511157, 0.0 ], [ 73.1479139, 28.1511153, 0.0 ], [ 73.1479191, 28.1508121, 0.0 ] ], [ [ 73.1478631, 28.1508113, 0.0 ], [ 73.1478862, 28.1508116, 0.0 ], [ 73.147881, 28.1511149, 0.0 ], [ 73.1478579, 28.1511146, 0.0 ], [ 73.1478631, 28.1508113, 0.0 ] ], [ [ 73.1479137, 28.1511238, 0.0 ], [ 73.1479369, 28.1511241, 0.0 ], [ 73.1479316, 28.1514273, 0.0 ], [ 73.1479085, 28.151427, 0.0 ], [ 73.1479137, 28.1511238, 0.0 ] ], [ [ 73.1478577, 28.151123, 0.0 ], [ 73.1478809, 28.1511233, 0.0 ], [ 73.1478756, 28.1514266, 0.0 ], [ 73.1478525, 28.1514263, 0.0 ], [ 73.1478577, 28.151123, 0.0 ] ], [ [ 73.1477751, 28.152669, 0.0 ], [ 73.1477983, 28.1526693, 0.0 ], [ 73.147793, 28.1529725, 0.0 ], [ 73.1477699, 28.1529722, 0.0 ], [ 73.1477751, 28.152669, 0.0 ] ], [ [ 73.1477191, 28.1526682, 0.0 ], [ 73.1477423, 28.1526685, 0.0 ], [ 73.147737, 28.1529718, 0.0 ], [ 73.1477139, 28.1529715, 0.0 ], [ 73.1477191, 28.1526682, 0.0 ] ], [ [ 73.1477698, 28.1529806, 0.0 ], [ 73.1477929, 28.152981, 0.0 ], [ 73.1477877, 28.1532842, 0.0 ], [ 73.1477645, 28.1532839, 0.0 ], [ 73.1477698, 28.1529806, 0.0 ] ], [ [ 73.1477138, 28.1529799, 0.0 ], [ 73.1477369, 28.1529802, 0.0 ], [ 73.1477317, 28.1532835, 0.0 ], [ 73.1477086, 28.1532832, 0.0 ], [ 73.1477138, 28.1529799, 0.0 ] ], [ [ 73.1477858, 28.1520495, 0.0 ], [ 73.1478089, 28.1520498, 0.0 ], [ 73.1478037, 28.1523531, 0.0 ], [ 73.1477806, 28.1523528, 0.0 ], [ 73.1477858, 28.1520495, 0.0 ] ], [ [ 73.1477298, 28.1520487, 0.0 ], [ 73.1477529, 28.152049, 0.0 ], [ 73.1477477, 28.1523523, 0.0 ], [ 73.1477246, 28.152352, 0.0 ], [ 73.1477298, 28.1520487, 0.0 ] ], [ [ 73.1477804, 28.1523612, 0.0 ], [ 73.1478036, 28.1523615, 0.0 ], [ 73.1477983, 28.1526648, 0.0 ], [ 73.1477752, 28.1526644, 0.0 ], [ 73.1477804, 28.1523612, 0.0 ] ], [ [ 73.1477244, 28.1523604, 0.0 ], [ 73.1477476, 28.1523607, 0.0 ], [ 73.1477423, 28.152664, 0.0 ], [ 73.1477192, 28.1526637, 0.0 ], [ 73.1477244, 28.1523604, 0.0 ] ], [ [ 73.1477965, 28.15143, 0.0 ], [ 73.1478196, 28.1514303, 0.0 ], [ 73.1478144, 28.1517336, 0.0 ], [ 73.1477912, 28.1517333, 0.0 ], [ 73.1477965, 28.15143, 0.0 ] ], [ [ 73.1477405, 28.1514293, 0.0 ], [ 73.1477636, 28.1514296, 0.0 ], [ 73.1477584, 28.1517328, 0.0 ], [ 73.1477352, 28.1517325, 0.0 ], [ 73.1477405, 28.1514293, 0.0 ] ], [ [ 73.1477911, 28.1517417, 0.0 ], [ 73.1478142, 28.151742, 0.0 ], [ 73.147809, 28.1520453, 0.0 ], [ 73.1477859, 28.152045, 0.0 ], [ 73.1477911, 28.1517417, 0.0 ] ], [ [ 73.1477351, 28.151741, 0.0 ], [ 73.1477582, 28.1517413, 0.0 ], [ 73.147753, 28.1520445, 0.0 ], [ 73.1477299, 28.1520442, 0.0 ], [ 73.1477351, 28.151741, 0.0 ] ], [ [ 73.1478071, 28.1508106, 0.0 ], [ 73.1478302, 28.1508109, 0.0 ], [ 73.147825, 28.1511141, 0.0 ], [ 73.1478019, 28.1511138, 0.0 ], [ 73.1478071, 28.1508106, 0.0 ] ], [ [ 73.1477511, 28.1508098, 0.0 ], [ 73.1477743, 28.1508101, 0.0 ], [ 73.147769, 28.1511134, 0.0 ], [ 73.1477459, 28.1511131, 0.0 ], [ 73.1477511, 28.1508098, 0.0 ] ], [ [ 73.1478018, 28.1511222, 0.0 ], [ 73.1478249, 28.1511226, 0.0 ], [ 73.1478197, 28.1514258, 0.0 ], [ 73.1477965, 28.1514255, 0.0 ], [ 73.1478018, 28.1511222, 0.0 ] ], [ [ 73.1477458, 28.1511215, 0.0 ], [ 73.1477689, 28.1511218, 0.0 ], [ 73.1477637, 28.1514251, 0.0 ], [ 73.1477405, 28.1514248, 0.0 ], [ 73.1477458, 28.1511215, 0.0 ] ], [ [ 73.1476738, 28.152048, 0.0 ], [ 73.1476969, 28.1520483, 0.0 ], [ 73.1476917, 28.1523516, 0.0 ], [ 73.1476686, 28.1523512, 0.0 ], [ 73.1476738, 28.152048, 0.0 ] ], [ [ 73.1476178, 28.1520472, 0.0 ], [ 73.147641, 28.1520475, 0.0 ], [ 73.1476357, 28.1523508, 0.0 ], [ 73.1476126, 28.1523505, 0.0 ], [ 73.1476178, 28.1520472, 0.0 ] ], [ [ 73.1476684, 28.1523597, 0.0 ], [ 73.1476916, 28.15236, 0.0 ], [ 73.1476864, 28.1526632, 0.0 ], [ 73.1476632, 28.1526629, 0.0 ], [ 73.1476684, 28.1523597, 0.0 ] ], [ [ 73.1476125, 28.1523589, 0.0 ], [ 73.1476356, 28.1523592, 0.0 ], [ 73.1476304, 28.1526625, 0.0 ], [ 73.1476072, 28.1526622, 0.0 ], [ 73.1476125, 28.1523589, 0.0 ] ], [ [ 73.1476845, 28.1514285, 0.0 ], [ 73.1477076, 28.1514288, 0.0 ], [ 73.1477024, 28.1517321, 0.0 ], [ 73.1476793, 28.1517318, 0.0 ], [ 73.1476845, 28.1514285, 0.0 ] ], [ [ 73.1476285, 28.1514278, 0.0 ], [ 73.1476516, 28.1514281, 0.0 ], [ 73.1476464, 28.1517313, 0.0 ], [ 73.1476233, 28.151731, 0.0 ], [ 73.1476285, 28.1514278, 0.0 ] ], [ [ 73.1476791, 28.1517402, 0.0 ], [ 73.1477022, 28.1517405, 0.0 ], [ 73.147697, 28.1520438, 0.0 ], [ 73.1476739, 28.1520435, 0.0 ], [ 73.1476791, 28.1517402, 0.0 ] ], [ [ 73.1476231, 28.1517394, 0.0 ], [ 73.1476463, 28.1517398, 0.0 ], [ 73.147641, 28.152043, 0.0 ], [ 73.1476179, 28.1520427, 0.0 ], [ 73.1476231, 28.1517394, 0.0 ] ], [ [ 73.1476951, 28.150809, 0.0 ], [ 73.1477183, 28.1508094, 0.0 ], [ 73.1477131, 28.1511126, 0.0 ], [ 73.1476899, 28.1511123, 0.0 ], [ 73.1476951, 28.150809, 0.0 ] ], [ [ 73.1476392, 28.1508083, 0.0 ], [ 73.1476623, 28.1508086, 0.0 ], [ 73.1476571, 28.1511119, 0.0 ], [ 73.1476339, 28.1511116, 0.0 ], [ 73.1476392, 28.1508083, 0.0 ] ], [ [ 73.1476898, 28.1511207, 0.0 ], [ 73.1477129, 28.151121, 0.0 ], [ 73.1477077, 28.1514243, 0.0 ], [ 73.1476846, 28.151424, 0.0 ], [ 73.1476898, 28.1511207, 0.0 ] ], [ [ 73.1476338, 28.15112, 0.0 ], [ 73.1476569, 28.1511203, 0.0 ], [ 73.1476517, 28.1514236, 0.0 ], [ 73.1476286, 28.1514232, 0.0 ], [ 73.1476338, 28.15112, 0.0 ] ], [ [ 73.1475637, 28.1519382, 0.0 ], [ 73.1475868, 28.1519385, 0.0 ], [ 73.1475816, 28.1522418, 0.0 ], [ 73.1475585, 28.1522415, 0.0 ], [ 73.1475637, 28.1519382, 0.0 ] ], [ [ 73.1475077, 28.1519374, 0.0 ], [ 73.1475308, 28.1519377, 0.0 ], [ 73.1475256, 28.152241, 0.0 ], [ 73.1475025, 28.1522407, 0.0 ], [ 73.1475077, 28.1519374, 0.0 ] ], [ [ 73.1475583, 28.1522499, 0.0 ], [ 73.1475815, 28.1522502, 0.0 ], [ 73.1475762, 28.1525535, 0.0 ], [ 73.1475531, 28.1525531, 0.0 ], [ 73.1475583, 28.1522499, 0.0 ] ], [ [ 73.1475024, 28.1522491, 0.0 ], [ 73.1475255, 28.1522494, 0.0 ], [ 73.1475203, 28.1525527, 0.0 ], [ 73.1474971, 28.1525524, 0.0 ], [ 73.1475024, 28.1522491, 0.0 ] ], [ [ 73.1475744, 28.1513187, 0.0 ], [ 73.1475975, 28.151319, 0.0 ], [ 73.1475923, 28.1516223, 0.0 ], [ 73.1475691, 28.151622, 0.0 ], [ 73.1475744, 28.1513187, 0.0 ] ], [ [ 73.1475184, 28.151318, 0.0 ], [ 73.1475415, 28.1513183, 0.0 ], [ 73.1475363, 28.1516215, 0.0 ], [ 73.1475132, 28.1516212, 0.0 ], [ 73.1475184, 28.151318, 0.0 ] ], [ [ 73.147569, 28.1516304, 0.0 ], [ 73.1475921, 28.1516307, 0.0 ], [ 73.1475869, 28.151934, 0.0 ], [ 73.1475638, 28.1519337, 0.0 ], [ 73.147569, 28.1516304, 0.0 ] ], [ [ 73.147513, 28.1516297, 0.0 ], [ 73.1475361, 28.15163, 0.0 ], [ 73.1475309, 28.1519332, 0.0 ], [ 73.1475078, 28.1519329, 0.0 ], [ 73.147513, 28.1516297, 0.0 ] ], [ [ 73.147585, 28.1506993, 0.0 ], [ 73.1476082, 28.1506996, 0.0 ], [ 73.1476029, 28.1510028, 0.0 ], [ 73.1475798, 28.1510025, 0.0 ], [ 73.147585, 28.1506993, 0.0 ] ], [ [ 73.147529, 28.1506985, 0.0 ], [ 73.1475522, 28.1506988, 0.0 ], [ 73.147547, 28.1510021, 0.0 ], [ 73.1475238, 28.1510018, 0.0 ], [ 73.147529, 28.1506985, 0.0 ] ], [ [ 73.1475797, 28.1510109, 0.0 ], [ 73.1476028, 28.1510113, 0.0 ], [ 73.1475976, 28.1513145, 0.0 ], [ 73.1475744, 28.1513142, 0.0 ], [ 73.1475797, 28.1510109, 0.0 ] ], [ [ 73.1475237, 28.1510102, 0.0 ], [ 73.1475468, 28.1510105, 0.0 ], [ 73.1475416, 28.1513138, 0.0 ], [ 73.1475185, 28.1513135, 0.0 ], [ 73.1475237, 28.1510102, 0.0 ] ], [ [ 73.1474517, 28.1519367, 0.0 ], [ 73.1474749, 28.151937, 0.0 ], [ 73.1474696, 28.1522403, 0.0 ], [ 73.1474465, 28.1522399, 0.0 ], [ 73.1474517, 28.1519367, 0.0 ] ], [ [ 73.1473957, 28.1519359, 0.0 ], [ 73.1474189, 28.1519362, 0.0 ], [ 73.1474136, 28.1522395, 0.0 ], [ 73.1473905, 28.1522392, 0.0 ], [ 73.1473957, 28.1519359, 0.0 ] ], [ [ 73.1474464, 28.1522484, 0.0 ], [ 73.1474695, 28.1522487, 0.0 ], [ 73.1474643, 28.1525519, 0.0 ], [ 73.1474411, 28.1525516, 0.0 ], [ 73.1474464, 28.1522484, 0.0 ] ], [ [ 73.1473904, 28.1522476, 0.0 ], [ 73.1474135, 28.1522479, 0.0 ], [ 73.1474083, 28.1525512, 0.0 ], [ 73.1473852, 28.1525509, 0.0 ], [ 73.1473904, 28.1522476, 0.0 ] ], [ [ 73.1474624, 28.1513172, 0.0 ], [ 73.1474855, 28.1513175, 0.0 ], [ 73.1474803, 28.1516208, 0.0 ], [ 73.1474572, 28.1516205, 0.0 ], [ 73.1474624, 28.1513172, 0.0 ] ], [ [ 73.1474064, 28.1513165, 0.0 ], [ 73.1474295, 28.1513168, 0.0 ], [ 73.1474243, 28.15162, 0.0 ], [ 73.1474012, 28.1516197, 0.0 ], [ 73.1474064, 28.1513165, 0.0 ] ], [ [ 73.147457, 28.1516289, 0.0 ], [ 73.1474802, 28.1516292, 0.0 ], [ 73.1474749, 28.1519325, 0.0 ], [ 73.1474518, 28.1519322, 0.0 ], [ 73.147457, 28.1516289, 0.0 ] ], [ [ 73.147401, 28.1516281, 0.0 ], [ 73.1474242, 28.1516285, 0.0 ], [ 73.1474189, 28.1519317, 0.0 ], [ 73.1473958, 28.1519314, 0.0 ], [ 73.147401, 28.1516281, 0.0 ] ], [ [ 73.1474731, 28.1506977, 0.0 ], [ 73.1474962, 28.1506981, 0.0 ], [ 73.147491, 28.1510013, 0.0 ], [ 73.1474678, 28.151001, 0.0 ], [ 73.1474731, 28.1506977, 0.0 ] ], [ [ 73.1474171, 28.150697, 0.0 ], [ 73.1474402, 28.1506973, 0.0 ], [ 73.147435, 28.1510006, 0.0 ], [ 73.1474119, 28.1510003, 0.0 ], [ 73.1474171, 28.150697, 0.0 ] ], [ [ 73.1474677, 28.1510094, 0.0 ], [ 73.1474908, 28.1510097, 0.0 ], [ 73.1474856, 28.151313, 0.0 ], [ 73.1474625, 28.1513127, 0.0 ], [ 73.1474677, 28.1510094, 0.0 ] ], [ [ 73.1474117, 28.1510087, 0.0 ], [ 73.1474348, 28.151009, 0.0 ], [ 73.1474296, 28.1513123, 0.0 ], [ 73.1474065, 28.1513119, 0.0 ], [ 73.1474117, 28.1510087, 0.0 ] ], [ [ 73.1473398, 28.1519352, 0.0 ], [ 73.1473629, 28.1519355, 0.0 ], [ 73.1473577, 28.1522387, 0.0 ], [ 73.1473345, 28.1522384, 0.0 ], [ 73.1473398, 28.1519352, 0.0 ] ], [ [ 73.1472838, 28.1519344, 0.0 ], [ 73.1473069, 28.1519347, 0.0 ], [ 73.1473017, 28.152238, 0.0 ], [ 73.1472785, 28.1522377, 0.0 ], [ 73.1472838, 28.1519344, 0.0 ] ], [ [ 73.1473344, 28.1522468, 0.0 ], [ 73.1473575, 28.1522472, 0.0 ], [ 73.1473523, 28.1525504, 0.0 ], [ 73.1473292, 28.1525501, 0.0 ], [ 73.1473344, 28.1522468, 0.0 ] ], [ [ 73.1472784, 28.1522461, 0.0 ], [ 73.1473015, 28.1522464, 0.0 ], [ 73.1472963, 28.1525497, 0.0 ], [ 73.1472732, 28.1525494, 0.0 ], [ 73.1472784, 28.1522461, 0.0 ] ], [ [ 73.1473504, 28.1513157, 0.0 ], [ 73.1473735, 28.151316, 0.0 ], [ 73.1473683, 28.1516193, 0.0 ], [ 73.1473452, 28.151619, 0.0 ], [ 73.1473504, 28.1513157, 0.0 ] ], [ [ 73.1472944, 28.1513149, 0.0 ], [ 73.1473176, 28.1513153, 0.0 ], [ 73.1473123, 28.1516185, 0.0 ], [ 73.1472892, 28.1516182, 0.0 ], [ 73.1472944, 28.1513149, 0.0 ] ], [ [ 73.1473451, 28.1516274, 0.0 ], [ 73.1473682, 28.1516277, 0.0 ], [ 73.147363, 28.151931, 0.0 ], [ 73.1473398, 28.1519307, 0.0 ], [ 73.1473451, 28.1516274, 0.0 ] ], [ [ 73.1472891, 28.1516266, 0.0 ], [ 73.1473122, 28.1516269, 0.0 ], [ 73.147307, 28.1519302, 0.0 ], [ 73.1472838, 28.1519299, 0.0 ], [ 73.1472891, 28.1516266, 0.0 ] ], [ [ 73.1473611, 28.1506962, 0.0 ], [ 73.1473842, 28.1506965, 0.0 ], [ 73.147379, 28.1509998, 0.0 ], [ 73.1473559, 28.1509995, 0.0 ], [ 73.1473611, 28.1506962, 0.0 ] ], [ [ 73.1473051, 28.1506955, 0.0 ], [ 73.1473282, 28.1506958, 0.0 ], [ 73.147323, 28.1509991, 0.0 ], [ 73.1472999, 28.1509987, 0.0 ], [ 73.1473051, 28.1506955, 0.0 ] ], [ [ 73.1473557, 28.1510079, 0.0 ], [ 73.1473788, 28.1510082, 0.0 ], [ 73.1473736, 28.1513115, 0.0 ], [ 73.1473505, 28.1513112, 0.0 ], [ 73.1473557, 28.1510079, 0.0 ] ], [ [ 73.1472997, 28.1510072, 0.0 ], [ 73.1473229, 28.1510075, 0.0 ], [ 73.1473176, 28.1513107, 0.0 ], [ 73.1472945, 28.1513104, 0.0 ], [ 73.1472997, 28.1510072, 0.0 ] ], [ [ 73.1473718, 28.1500768, 0.0 ], [ 73.1473949, 28.1500771, 0.0 ], [ 73.1473897, 28.1503803, 0.0 ], [ 73.1473665, 28.15038, 0.0 ], [ 73.1473718, 28.1500768, 0.0 ] ], [ [ 73.1473158, 28.150076, 0.0 ], [ 73.1473389, 28.1500763, 0.0 ], [ 73.1473337, 28.1503796, 0.0 ], [ 73.1473105, 28.1503793, 0.0 ], [ 73.1473158, 28.150076, 0.0 ] ], [ [ 73.1473664, 28.1503885, 0.0 ], [ 73.1473895, 28.1503888, 0.0 ], [ 73.1473843, 28.150692, 0.0 ], [ 73.1473612, 28.1506917, 0.0 ], [ 73.1473664, 28.1503885, 0.0 ] ], [ [ 73.1473104, 28.1503877, 0.0 ], [ 73.1473335, 28.150388, 0.0 ], [ 73.1473283, 28.1506913, 0.0 ], [ 73.1473052, 28.150691, 0.0 ], [ 73.1473104, 28.1503877, 0.0 ] ], [ [ 73.1472278, 28.1519336, 0.0 ], [ 73.1472509, 28.151934, 0.0 ], [ 73.1472457, 28.1522372, 0.0 ], [ 73.1472226, 28.1522369, 0.0 ], [ 73.1472278, 28.1519336, 0.0 ] ], [ [ 73.1471718, 28.1519329, 0.0 ], [ 73.1471949, 28.1519332, 0.0 ], [ 73.1471897, 28.1522365, 0.0 ], [ 73.1471666, 28.1522362, 0.0 ], [ 73.1471718, 28.1519329, 0.0 ] ], [ [ 73.1472224, 28.1522453, 0.0 ], [ 73.1472455, 28.1522456, 0.0 ], [ 73.1472403, 28.1525489, 0.0 ], [ 73.1472172, 28.1525486, 0.0 ], [ 73.1472224, 28.1522453, 0.0 ] ], [ [ 73.1471664, 28.1522446, 0.0 ], [ 73.1471896, 28.1522449, 0.0 ], [ 73.1471843, 28.1525482, 0.0 ], [ 73.1471612, 28.1525478, 0.0 ], [ 73.1471664, 28.1522446, 0.0 ] ], [ [ 73.1472384, 28.1513142, 0.0 ], [ 73.1472616, 28.1513145, 0.0 ], [ 73.1472564, 28.1516178, 0.0 ], [ 73.1472332, 28.1516175, 0.0 ], [ 73.1472384, 28.1513142, 0.0 ] ], [ [ 73.1471825, 28.1513134, 0.0 ], [ 73.1472056, 28.1513137, 0.0 ], [ 73.1472004, 28.151617, 0.0 ], [ 73.1471772, 28.1516167, 0.0 ], [ 73.1471825, 28.1513134, 0.0 ] ], [ [ 73.1472331, 28.1516259, 0.0 ], [ 73.1472562, 28.1516262, 0.0 ], [ 73.147251, 28.1519294, 0.0 ], [ 73.1472279, 28.1519291, 0.0 ], [ 73.1472331, 28.1516259, 0.0 ] ], [ [ 73.1471771, 28.1516251, 0.0 ], [ 73.1472002, 28.1516254, 0.0 ], [ 73.147195, 28.1519287, 0.0 ], [ 73.1471719, 28.1519284, 0.0 ], [ 73.1471771, 28.1516251, 0.0 ] ], [ [ 73.1472491, 28.1506947, 0.0 ], [ 73.1472722, 28.150695, 0.0 ], [ 73.147267, 28.1509983, 0.0 ], [ 73.1472439, 28.150998, 0.0 ], [ 73.1472491, 28.1506947, 0.0 ] ], [ [ 73.1471931, 28.150694, 0.0 ], [ 73.1472163, 28.1506943, 0.0 ], [ 73.147211, 28.1509975, 0.0 ], [ 73.1471879, 28.1509972, 0.0 ], [ 73.1471931, 28.150694, 0.0 ] ], [ [ 73.1472437, 28.1510064, 0.0 ], [ 73.1472669, 28.1510067, 0.0 ], [ 73.1472617, 28.15131, 0.0 ], [ 73.1472385, 28.1513097, 0.0 ], [ 73.1472437, 28.1510064, 0.0 ] ], [ [ 73.1471878, 28.1510056, 0.0 ], [ 73.1472109, 28.151006, 0.0 ], [ 73.1472057, 28.1513092, 0.0 ], [ 73.1471825, 28.1513089, 0.0 ], [ 73.1471878, 28.1510056, 0.0 ] ], [ [ 73.1472598, 28.1500752, 0.0 ], [ 73.1472829, 28.1500756, 0.0 ], [ 73.1472777, 28.1503788, 0.0 ], [ 73.1472546, 28.1503785, 0.0 ], [ 73.1472598, 28.1500752, 0.0 ] ], [ [ 73.1472038, 28.1500745, 0.0 ], [ 73.1472269, 28.1500748, 0.0 ], [ 73.1472217, 28.1503781, 0.0 ], [ 73.1471986, 28.1503778, 0.0 ], [ 73.1472038, 28.1500745, 0.0 ] ], [ [ 73.1472544, 28.1503869, 0.0 ], [ 73.1472775, 28.1503872, 0.0 ], [ 73.1472723, 28.1506905, 0.0 ], [ 73.1472492, 28.1506902, 0.0 ], [ 73.1472544, 28.1503869, 0.0 ] ], [ [ 73.1471984, 28.1503862, 0.0 ], [ 73.1472216, 28.1503865, 0.0 ], [ 73.1472163, 28.1506898, 0.0 ], [ 73.1471932, 28.1506894, 0.0 ], [ 73.1471984, 28.1503862, 0.0 ] ], [ [ 73.1471158, 28.1519321, 0.0 ], [ 73.1471389, 28.1519324, 0.0 ], [ 73.1471337, 28.1522357, 0.0 ], [ 73.1471106, 28.1522354, 0.0 ], [ 73.1471158, 28.1519321, 0.0 ] ], [ [ 73.1470598, 28.1519314, 0.0 ], [ 73.1470829, 28.1519317, 0.0 ], [ 73.1470777, 28.152235, 0.0 ], [ 73.1470546, 28.1522346, 0.0 ], [ 73.1470598, 28.1519314, 0.0 ] ], [ [ 73.1471104, 28.1522438, 0.0 ], [ 73.1471336, 28.1522441, 0.0 ], [ 73.1471283, 28.1525474, 0.0 ], [ 73.1471052, 28.1525471, 0.0 ], [ 73.1471104, 28.1522438, 0.0 ] ], [ [ 73.1470544, 28.1522431, 0.0 ], [ 73.1470776, 28.1522434, 0.0 ], [ 73.1470724, 28.1525466, 0.0 ], [ 73.1470492, 28.1525463, 0.0 ], [ 73.1470544, 28.1522431, 0.0 ] ], [ [ 73.1471265, 28.1513127, 0.0 ], [ 73.1471496, 28.151313, 0.0 ], [ 73.1471444, 28.1516162, 0.0 ], [ 73.1471212, 28.1516159, 0.0 ], [ 73.1471265, 28.1513127, 0.0 ] ], [ [ 73.1470705, 28.1513119, 0.0 ], [ 73.1470936, 28.1513122, 0.0 ], [ 73.1470884, 28.1516155, 0.0 ], [ 73.1470653, 28.1516152, 0.0 ], [ 73.1470705, 28.1513119, 0.0 ] ], [ [ 73.1471211, 28.1516244, 0.0 ], [ 73.1471442, 28.1516247, 0.0 ], [ 73.147139, 28.1519279, 0.0 ], [ 73.1471159, 28.1519276, 0.0 ], [ 73.1471211, 28.1516244, 0.0 ] ], [ [ 73.1470651, 28.1516236, 0.0 ], [ 73.1470882, 28.1516239, 0.0 ], [ 73.147083, 28.1519272, 0.0 ], [ 73.1470599, 28.1519269, 0.0 ], [ 73.1470651, 28.1516236, 0.0 ] ], [ [ 73.1471371, 28.1506932, 0.0 ], [ 73.1471603, 28.1506935, 0.0 ], [ 73.147155, 28.1509968, 0.0 ], [ 73.1471319, 28.1509965, 0.0 ], [ 73.1471371, 28.1506932, 0.0 ] ], [ [ 73.1470812, 28.1506924, 0.0 ], [ 73.1471043, 28.1506928, 0.0 ], [ 73.1470991, 28.150996, 0.0 ], [ 73.1470759, 28.1509957, 0.0 ], [ 73.1470812, 28.1506924, 0.0 ] ], [ [ 73.1471318, 28.1510049, 0.0 ], [ 73.1471549, 28.1510052, 0.0 ], [ 73.1471497, 28.1513085, 0.0 ], [ 73.1471265, 28.1513082, 0.0 ], [ 73.1471318, 28.1510049, 0.0 ] ], [ [ 73.1470758, 28.1510041, 0.0 ], [ 73.1470989, 28.1510044, 0.0 ], [ 73.1470937, 28.1513077, 0.0 ], [ 73.1470706, 28.1513074, 0.0 ], [ 73.1470758, 28.1510041, 0.0 ] ], [ [ 73.1470038, 28.1519306, 0.0 ], [ 73.147027, 28.1519309, 0.0 ], [ 73.1470217, 28.1522342, 0.0 ], [ 73.1469986, 28.1522339, 0.0 ], [ 73.1470038, 28.1519306, 0.0 ] ], [ [ 73.1469478, 28.1519299, 0.0 ], [ 73.146971, 28.1519302, 0.0 ], [ 73.1469657, 28.1522334, 0.0 ], [ 73.1469426, 28.1522331, 0.0 ], [ 73.1469478, 28.1519299, 0.0 ] ], [ [ 73.1469985, 28.1522423, 0.0 ], [ 73.1470216, 28.1522426, 0.0 ], [ 73.1470164, 28.1525459, 0.0 ], [ 73.1469932, 28.1525456, 0.0 ], [ 73.1469985, 28.1522423, 0.0 ] ], [ [ 73.1469425, 28.1522415, 0.0 ], [ 73.1469656, 28.1522419, 0.0 ], [ 73.1469604, 28.1525451, 0.0 ], [ 73.1469372, 28.1525448, 0.0 ], [ 73.1469425, 28.1522415, 0.0 ] ], [ [ 73.1470145, 28.1513112, 0.0 ], [ 73.1470376, 28.1513115, 0.0 ], [ 73.1470324, 28.1516147, 0.0 ], [ 73.1470093, 28.1516144, 0.0 ], [ 73.1470145, 28.1513112, 0.0 ] ], [ [ 73.1469585, 28.1513104, 0.0 ], [ 73.1469816, 28.1513107, 0.0 ], [ 73.1469764, 28.151614, 0.0 ], [ 73.1469533, 28.1516137, 0.0 ], [ 73.1469585, 28.1513104, 0.0 ] ], [ [ 73.1470091, 28.1516228, 0.0 ], [ 73.1470323, 28.1516232, 0.0 ], [ 73.147027, 28.1519264, 0.0 ], [ 73.1470039, 28.1519261, 0.0 ], [ 73.1470091, 28.1516228, 0.0 ] ], [ [ 73.1469531, 28.1516221, 0.0 ], [ 73.1469763, 28.1516224, 0.0 ], [ 73.146971, 28.1519257, 0.0 ], [ 73.1469479, 28.1519253, 0.0 ], [ 73.1469531, 28.1516221, 0.0 ] ], [ [ 73.1470252, 28.1506917, 0.0 ], [ 73.1470483, 28.150692, 0.0 ], [ 73.1470431, 28.1509953, 0.0 ], [ 73.1470199, 28.150995, 0.0 ], [ 73.1470252, 28.1506917, 0.0 ] ], [ [ 73.1469692, 28.1506909, 0.0 ], [ 73.1469923, 28.1506912, 0.0 ], [ 73.1469871, 28.1509945, 0.0 ], [ 73.146964, 28.1509942, 0.0 ], [ 73.1469692, 28.1506909, 0.0 ] ], [ [ 73.1470198, 28.1510034, 0.0 ], [ 73.1470429, 28.1510037, 0.0 ], [ 73.1470377, 28.151307, 0.0 ], [ 73.1470146, 28.1513066, 0.0 ], [ 73.1470198, 28.1510034, 0.0 ] ], [ [ 73.1469638, 28.1510026, 0.0 ], [ 73.1469869, 28.1510029, 0.0 ], [ 73.1469817, 28.1513062, 0.0 ], [ 73.1469586, 28.1513059, 0.0 ], [ 73.1469638, 28.1510026, 0.0 ] ], [ [ 73.1468919, 28.1519291, 0.0 ], [ 73.146915, 28.1519294, 0.0 ], [ 73.1469098, 28.1522327, 0.0 ], [ 73.1468866, 28.1522324, 0.0 ], [ 73.1468919, 28.1519291, 0.0 ] ], [ [ 73.1468359, 28.1519283, 0.0 ], [ 73.146859, 28.1519287, 0.0 ], [ 73.1468538, 28.1522319, 0.0 ], [ 73.1468306, 28.1522316, 0.0 ], [ 73.1468359, 28.1519283, 0.0 ] ], [ [ 73.1468865, 28.1522408, 0.0 ], [ 73.1469096, 28.1522411, 0.0 ], [ 73.1469044, 28.1525444, 0.0 ], [ 73.1468813, 28.1525441, 0.0 ], [ 73.1468865, 28.1522408, 0.0 ] ], [ [ 73.1468305, 28.15224, 0.0 ], [ 73.1468536, 28.1522403, 0.0 ], [ 73.1468484, 28.1525436, 0.0 ], [ 73.1468253, 28.1525433, 0.0 ], [ 73.1468305, 28.15224, 0.0 ] ], [ [ 73.1469025, 28.1513096, 0.0 ], [ 73.1469256, 28.1513099, 0.0 ], [ 73.1469204, 28.1516132, 0.0 ], [ 73.1468973, 28.1516129, 0.0 ], [ 73.1469025, 28.1513096, 0.0 ] ], [ [ 73.1468465, 28.1513089, 0.0 ], [ 73.1468697, 28.1513092, 0.0 ], [ 73.1468644, 28.1516125, 0.0 ], [ 73.1468413, 28.1516121, 0.0 ], [ 73.1468465, 28.1513089, 0.0 ] ], [ [ 73.1468972, 28.1516213, 0.0 ], [ 73.1469203, 28.1516216, 0.0 ], [ 73.1469151, 28.1519249, 0.0 ], [ 73.1468919, 28.1519246, 0.0 ], [ 73.1468972, 28.1516213, 0.0 ] ], [ [ 73.1468412, 28.1516206, 0.0 ], [ 73.1468643, 28.1516209, 0.0 ], [ 73.1468591, 28.1519241, 0.0 ], [ 73.1468359, 28.1519238, 0.0 ], [ 73.1468412, 28.1516206, 0.0 ] ], [ [ 73.1469132, 28.1506902, 0.0 ], [ 73.1469363, 28.1506905, 0.0 ], [ 73.1469311, 28.1509938, 0.0 ], [ 73.146908, 28.1509934, 0.0 ], [ 73.1469132, 28.1506902, 0.0 ] ], [ [ 73.1468572, 28.1506894, 0.0 ], [ 73.1468803, 28.1506897, 0.0 ], [ 73.1468751, 28.150993, 0.0 ], [ 73.146852, 28.1509927, 0.0 ], [ 73.1468572, 28.1506894, 0.0 ] ], [ [ 73.1469078, 28.1510019, 0.0 ], [ 73.1469309, 28.1510022, 0.0 ], [ 73.1469257, 28.1513054, 0.0 ], [ 73.1469026, 28.1513051, 0.0 ], [ 73.1469078, 28.1510019, 0.0 ] ], [ [ 73.1468518, 28.1510011, 0.0 ], [ 73.146875, 28.1510014, 0.0 ], [ 73.1468697, 28.1513047, 0.0 ], [ 73.1468466, 28.1513044, 0.0 ], [ 73.1468518, 28.1510011, 0.0 ] ], [ [ 73.1467799, 28.1519276, 0.0 ], [ 73.146803, 28.1519279, 0.0 ], [ 73.1467978, 28.1522312, 0.0 ], [ 73.1467747, 28.1522309, 0.0 ], [ 73.1467799, 28.1519276, 0.0 ] ], [ [ 73.1467239, 28.1519268, 0.0 ], [ 73.146747, 28.1519271, 0.0 ], [ 73.1467418, 28.1522304, 0.0 ], [ 73.1467187, 28.1522301, 0.0 ], [ 73.1467239, 28.1519268, 0.0 ] ], [ [ 73.1467745, 28.1522393, 0.0 ], [ 73.1467976, 28.1522396, 0.0 ], [ 73.1467924, 28.1525429, 0.0 ], [ 73.1467693, 28.1525425, 0.0 ], [ 73.1467745, 28.1522393, 0.0 ] ], [ [ 73.1467185, 28.1522385, 0.0 ], [ 73.1467416, 28.1522388, 0.0 ], [ 73.1467364, 28.1525421, 0.0 ], [ 73.1467133, 28.1525418, 0.0 ], [ 73.1467185, 28.1522385, 0.0 ] ], [ [ 73.1467905, 28.1513081, 0.0 ], [ 73.1468137, 28.1513084, 0.0 ], [ 73.1468085, 28.1516117, 0.0 ], [ 73.1467853, 28.1516114, 0.0 ], [ 73.1467905, 28.1513081, 0.0 ] ], [ [ 73.1467346, 28.1513074, 0.0 ], [ 73.1467577, 28.1513077, 0.0 ], [ 73.1467525, 28.1516109, 0.0 ], [ 73.1467293, 28.1516106, 0.0 ], [ 73.1467346, 28.1513074, 0.0 ] ], [ [ 73.1467852, 28.1516198, 0.0 ], [ 73.1468083, 28.1516201, 0.0 ], [ 73.1468031, 28.1519234, 0.0 ], [ 73.14678, 28.1519231, 0.0 ], [ 73.1467852, 28.1516198, 0.0 ] ], [ [ 73.1467292, 28.1516191, 0.0 ], [ 73.1467523, 28.1516194, 0.0 ], [ 73.1467471, 28.1519226, 0.0 ], [ 73.146724, 28.1519223, 0.0 ], [ 73.1467292, 28.1516191, 0.0 ] ] ] } }
]
}
