{
"type": "FeatureCollection",
"name": "ITC-16 strings",
"bbox": [ 73.1505421, 28.1603698, 0.0000000, 73.1565020, 28.1656786, 0.0000000 ],                                                  
"features": [
{ "type": "Feature", "properties": { "id": "kml_53", "Name": "TRACKERS", "description": null, "timestamp": null, "begin": null, "end": null, "altitudeMode": null, "tessellate": -1, "extrude": 0, "visibility": -1, "drawOrder": null, "icon": null }, "bbox": [ 73.1505421, 28.1603698, 0.0, 73.156502, 28.1656786, 0.0 ], "geometry": { "type": "MultiLineString", "coordinates": [ [ [ 73.1536642, 28.1619343, 0.0 ], [ 73.1536874, 28.1619347, 0.0 ], [ 73.1536822, 28.1622379, 0.0 ], [ 73.153659, 28.1622376, 0.0 ], [ 73.1536642, 28.1619343, 0.0 ] ], [ [ 73.1536082, 28.1619336, 0.0 ], [ 73.1536314, 28.1619339, 0.0 ], [ 73.1536262, 28.1622372, 0.0 ], [ 73.153603, 28.1622369, 0.0 ], [ 73.1536082, 28.1619336, 0.0 ] ], [ [ 73.1536589, 28.162246, 0.0 ], [ 73.153682, 28.1622463, 0.0 ], [ 73.1536768, 28.1625496, 0.0 ], [ 73.1536537, 28.1625493, 0.0 ], [ 73.1536589, 28.162246, 0.0 ] ], [ [ 73.1536029, 28.1622453, 0.0 ], [ 73.153626, 28.1622456, 0.0 ], [ 73.1536208, 28.1625489, 0.0 ], [ 73.1535977, 28.1625485, 0.0 ], [ 73.1536029, 28.1622453, 0.0 ] ], [ [ 73.1559628, 28.1650634, 0.0 ], [ 73.155986, 28.1650637, 0.0 ], [ 73.1559808, 28.165367, 0.0 ], [ 73.1559576, 28.1653666, 0.0 ], [ 73.1559628, 28.1650634, 0.0 ] ], [ [ 73.1559068, 28.1650626, 0.0 ], [ 73.15593, 28.1650629, 0.0 ], [ 73.1559248, 28.1653662, 0.0 ], [ 73.1559016, 28.1653659, 0.0 ], [ 73.1559068, 28.1650626, 0.0 ] ], [ [ 73.1559575, 28.1653751, 0.0 ], [ 73.1559806, 28.1653754, 0.0 ], [ 73.1559754, 28.1656786, 0.0 ], [ 73.1559523, 28.1656783, 0.0 ], [ 73.1559575, 28.1653751, 0.0 ] ], [ [ 73.1559015, 28.1653743, 0.0 ], [ 73.1559246, 28.1653746, 0.0 ], [ 73.1559194, 28.1656779, 0.0 ], [ 73.1558963, 28.1656776, 0.0 ], [ 73.1559015, 28.1653743, 0.0 ] ], [ [ 73.1558508, 28.1650619, 0.0 ], [ 73.155874, 28.1650622, 0.0 ], [ 73.1558688, 28.1653654, 0.0 ], [ 73.1558456, 28.1653651, 0.0 ], [ 73.1558508, 28.1650619, 0.0 ] ], [ [ 73.1557949, 28.1650611, 0.0 ], [ 73.155818, 28.1650614, 0.0 ], [ 73.1558128, 28.1653647, 0.0 ], [ 73.1557897, 28.1653644, 0.0 ], [ 73.1557949, 28.1650611, 0.0 ] ], [ [ 73.1558455, 28.1653736, 0.0 ], [ 73.1558686, 28.1653739, 0.0 ], [ 73.1558634, 28.1656771, 0.0 ], [ 73.1558403, 28.1656768, 0.0 ], [ 73.1558455, 28.1653736, 0.0 ] ], [ [ 73.1557895, 28.1653728, 0.0 ], [ 73.1558126, 28.1653731, 0.0 ], [ 73.1558074, 28.1656764, 0.0 ], [ 73.1557843, 28.1656761, 0.0 ], [ 73.1557895, 28.1653728, 0.0 ] ], [ [ 73.1557389, 28.1650604, 0.0 ], [ 73.155762, 28.1650607, 0.0 ], [ 73.1557568, 28.1653639, 0.0 ], [ 73.1557337, 28.1653636, 0.0 ], [ 73.1557389, 28.1650604, 0.0 ] ], [ [ 73.1556829, 28.1650596, 0.0 ], [ 73.155706, 28.1650599, 0.0 ], [ 73.1557008, 28.1653632, 0.0 ], [ 73.1556777, 28.1653629, 0.0 ], [ 73.1556829, 28.1650596, 0.0 ] ], [ [ 73.1557335, 28.165372, 0.0 ], [ 73.1557566, 28.1653724, 0.0 ], [ 73.1557514, 28.1656756, 0.0 ], [ 73.1557283, 28.1656753, 0.0 ], [ 73.1557335, 28.165372, 0.0 ] ], [ [ 73.1556775, 28.1653713, 0.0 ], [ 73.1557006, 28.1653716, 0.0 ], [ 73.1556954, 28.1656749, 0.0 ], [ 73.1556723, 28.1656746, 0.0 ], [ 73.1556775, 28.1653713, 0.0 ] ], [ [ 73.1556269, 28.1650588, 0.0 ], [ 73.15565, 28.1650592, 0.0 ], [ 73.1556448, 28.1653624, 0.0 ], [ 73.1556217, 28.1653621, 0.0 ], [ 73.1556269, 28.1650588, 0.0 ] ], [ [ 73.1555709, 28.1650581, 0.0 ], [ 73.155594, 28.1650584, 0.0 ], [ 73.1555888, 28.1653617, 0.0 ], [ 73.1555657, 28.1653614, 0.0 ], [ 73.1555709, 28.1650581, 0.0 ] ], [ [ 73.1556215, 28.1653705, 0.0 ], [ 73.1556447, 28.1653708, 0.0 ], [ 73.1556395, 28.1656741, 0.0 ], [ 73.1556163, 28.1656738, 0.0 ], [ 73.1556215, 28.1653705, 0.0 ] ], [ [ 73.1555655, 28.1653698, 0.0 ], [ 73.1555887, 28.1653701, 0.0 ], [ 73.1555835, 28.1656734, 0.0 ], [ 73.1555603, 28.1656731, 0.0 ], [ 73.1555655, 28.1653698, 0.0 ] ], [ [ 73.1555149, 28.1650573, 0.0 ], [ 73.155538, 28.1650577, 0.0 ], [ 73.1555328, 28.1653609, 0.0 ], [ 73.1555097, 28.1653606, 0.0 ], [ 73.1555149, 28.1650573, 0.0 ] ], [ [ 73.1554589, 28.1650566, 0.0 ], [ 73.155482, 28.1650569, 0.0 ], [ 73.1554768, 28.1653602, 0.0 ], [ 73.1554537, 28.1653599, 0.0 ], [ 73.1554589, 28.1650566, 0.0 ] ], [ [ 73.1555095, 28.165369, 0.0 ], [ 73.1555327, 28.1653693, 0.0 ], [ 73.1555275, 28.1656726, 0.0 ], [ 73.1555043, 28.1656723, 0.0 ], [ 73.1555095, 28.165369, 0.0 ] ], [ [ 73.1554535, 28.1653683, 0.0 ], [ 73.1554767, 28.1653686, 0.0 ], [ 73.1554715, 28.1656719, 0.0 ], [ 73.1554483, 28.1656715, 0.0 ], [ 73.1554535, 28.1653683, 0.0 ] ], [ [ 73.1554029, 28.1650558, 0.0 ], [ 73.155426, 28.1650561, 0.0 ], [ 73.1554208, 28.1653594, 0.0 ], [ 73.1553977, 28.1653591, 0.0 ], [ 73.1554029, 28.1650558, 0.0 ] ], [ [ 73.1553469, 28.1650551, 0.0 ], [ 73.15537, 28.1650554, 0.0 ], [ 73.1553648, 28.1653587, 0.0 ], [ 73.1553417, 28.1653583, 0.0 ], [ 73.1553469, 28.1650551, 0.0 ] ], [ [ 73.1553975, 28.1653675, 0.0 ], [ 73.1554207, 28.1653678, 0.0 ], [ 73.1554155, 28.1656711, 0.0 ], [ 73.1553923, 28.1656708, 0.0 ], [ 73.1553975, 28.1653675, 0.0 ] ], [ [ 73.1553415, 28.1653668, 0.0 ], [ 73.1553647, 28.1653671, 0.0 ], [ 73.1553595, 28.1656703, 0.0 ], [ 73.1553363, 28.16567, 0.0 ], [ 73.1553415, 28.1653668, 0.0 ] ], [ [ 73.1552909, 28.1650543, 0.0 ], [ 73.155314, 28.1650546, 0.0 ], [ 73.1553088, 28.1653579, 0.0 ], [ 73.1552857, 28.1653576, 0.0 ], [ 73.1552909, 28.1650543, 0.0 ] ], [ [ 73.1552349, 28.1650536, 0.0 ], [ 73.155258, 28.1650539, 0.0 ], [ 73.1552528, 28.1653572, 0.0 ], [ 73.1552297, 28.1653568, 0.0 ], [ 73.1552349, 28.1650536, 0.0 ] ], [ [ 73.1552856, 28.165366, 0.0 ], [ 73.1553087, 28.1653663, 0.0 ], [ 73.1553035, 28.1656696, 0.0 ], [ 73.1552803, 28.1656693, 0.0 ], [ 73.1552856, 28.165366, 0.0 ] ], [ [ 73.1552296, 28.1653653, 0.0 ], [ 73.1552527, 28.1653656, 0.0 ], [ 73.1552475, 28.1656688, 0.0 ], [ 73.1552244, 28.1656685, 0.0 ], [ 73.1552296, 28.1653653, 0.0 ] ], [ [ 73.1551789, 28.1650528, 0.0 ], [ 73.155202, 28.1650531, 0.0 ], [ 73.1551968, 28.1653564, 0.0 ], [ 73.1551737, 28.1653561, 0.0 ], [ 73.1551789, 28.1650528, 0.0 ] ], [ [ 73.1551229, 28.1650521, 0.0 ], [ 73.155146, 28.1650524, 0.0 ], [ 73.1551408, 28.1653556, 0.0 ], [ 73.1551177, 28.1653553, 0.0 ], [ 73.1551229, 28.1650521, 0.0 ] ], [ [ 73.1551736, 28.1653645, 0.0 ], [ 73.1551967, 28.1653648, 0.0 ], [ 73.1551915, 28.1656681, 0.0 ], [ 73.1551684, 28.1656678, 0.0 ], [ 73.1551736, 28.1653645, 0.0 ] ], [ [ 73.1551176, 28.1653637, 0.0 ], [ 73.1551407, 28.1653641, 0.0 ], [ 73.1551355, 28.1656673, 0.0 ], [ 73.1551124, 28.165667, 0.0 ], [ 73.1551176, 28.1653637, 0.0 ] ], [ [ 73.1552108, 28.1631944, 0.0 ], [ 73.1552339, 28.1631947, 0.0 ], [ 73.1552287, 28.163498, 0.0 ], [ 73.1552056, 28.1634977, 0.0 ], [ 73.1552108, 28.1631944, 0.0 ] ], [ [ 73.1551548, 28.1631937, 0.0 ], [ 73.1551779, 28.163194, 0.0 ], [ 73.1551727, 28.1634972, 0.0 ], [ 73.1551496, 28.1634969, 0.0 ], [ 73.1551548, 28.1631937, 0.0 ] ], [ [ 73.1552054, 28.1635061, 0.0 ], [ 73.1552286, 28.1635064, 0.0 ], [ 73.1552234, 28.1638097, 0.0 ], [ 73.1552002, 28.1638094, 0.0 ], [ 73.1552054, 28.1635061, 0.0 ] ], [ [ 73.1551494, 28.1635053, 0.0 ], [ 73.1551726, 28.1635057, 0.0 ], [ 73.1551674, 28.1638089, 0.0 ], [ 73.1551442, 28.1638086, 0.0 ], [ 73.1551494, 28.1635053, 0.0 ] ], [ [ 73.1550669, 28.1650513, 0.0 ], [ 73.1550901, 28.1650516, 0.0 ], [ 73.1550848, 28.1653549, 0.0 ], [ 73.1550617, 28.1653546, 0.0 ], [ 73.1550669, 28.1650513, 0.0 ] ], [ [ 73.1550109, 28.1650506, 0.0 ], [ 73.1550341, 28.1650509, 0.0 ], [ 73.1550289, 28.1653541, 0.0 ], [ 73.1550057, 28.1653538, 0.0 ], [ 73.1550109, 28.1650506, 0.0 ] ], [ [ 73.1550616, 28.165363, 0.0 ], [ 73.1550847, 28.1653633, 0.0 ], [ 73.1550795, 28.1656666, 0.0 ], [ 73.1550564, 28.1656663, 0.0 ], [ 73.1550616, 28.165363, 0.0 ] ], [ [ 73.1550056, 28.1653622, 0.0 ], [ 73.1550287, 28.1653626, 0.0 ], [ 73.1550235, 28.1656658, 0.0 ], [ 73.1550004, 28.1656655, 0.0 ], [ 73.1550056, 28.1653622, 0.0 ] ], [ [ 73.1550988, 28.1631929, 0.0 ], [ 73.1551219, 28.1631932, 0.0 ], [ 73.1551167, 28.1634965, 0.0 ], [ 73.1550936, 28.1634962, 0.0 ], [ 73.1550988, 28.1631929, 0.0 ] ], [ [ 73.1550428, 28.1631921, 0.0 ], [ 73.1550659, 28.1631925, 0.0 ], [ 73.1550607, 28.1634957, 0.0 ], [ 73.1550376, 28.1634954, 0.0 ], [ 73.1550428, 28.1631921, 0.0 ] ], [ [ 73.1550935, 28.1635046, 0.0 ], [ 73.1551166, 28.1635049, 0.0 ], [ 73.1551114, 28.1638082, 0.0 ], [ 73.1550883, 28.1638079, 0.0 ], [ 73.1550935, 28.1635046, 0.0 ] ], [ [ 73.1550375, 28.1635038, 0.0 ], [ 73.1550606, 28.1635041, 0.0 ], [ 73.1550554, 28.1638074, 0.0 ], [ 73.1550323, 28.1638071, 0.0 ], [ 73.1550375, 28.1635038, 0.0 ] ], [ [ 73.1549549, 28.1650498, 0.0 ], [ 73.1549781, 28.1650501, 0.0 ], [ 73.1549729, 28.1653534, 0.0 ], [ 73.1549497, 28.1653531, 0.0 ], [ 73.1549549, 28.1650498, 0.0 ] ], [ [ 73.1548989, 28.165049, 0.0 ], [ 73.1549221, 28.1650494, 0.0 ], [ 73.1549169, 28.1653526, 0.0 ], [ 73.1548937, 28.1653523, 0.0 ], [ 73.1548989, 28.165049, 0.0 ] ], [ [ 73.1549496, 28.1653615, 0.0 ], [ 73.1549727, 28.1653618, 0.0 ], [ 73.1549675, 28.1656651, 0.0 ], [ 73.1549444, 28.1656648, 0.0 ], [ 73.1549496, 28.1653615, 0.0 ] ], [ [ 73.1548936, 28.1653607, 0.0 ], [ 73.1549167, 28.165361, 0.0 ], [ 73.1549115, 28.1656643, 0.0 ], [ 73.1548884, 28.165664, 0.0 ], [ 73.1548936, 28.1653607, 0.0 ] ], [ [ 73.1549656, 28.1644303, 0.0 ], [ 73.1549887, 28.1644306, 0.0 ], [ 73.1549835, 28.1647339, 0.0 ], [ 73.1549604, 28.1647336, 0.0 ], [ 73.1549656, 28.1644303, 0.0 ] ], [ [ 73.1549096, 28.1644296, 0.0 ], [ 73.1549327, 28.1644299, 0.0 ], [ 73.1549275, 28.1647332, 0.0 ], [ 73.1549044, 28.1647328, 0.0 ], [ 73.1549096, 28.1644296, 0.0 ] ], [ [ 73.1549602, 28.164742, 0.0 ], [ 73.1549833, 28.1647423, 0.0 ], [ 73.1549781, 28.1650456, 0.0 ], [ 73.154955, 28.1650453, 0.0 ], [ 73.1549602, 28.164742, 0.0 ] ], [ [ 73.1549042, 28.1647413, 0.0 ], [ 73.1549273, 28.1647416, 0.0 ], [ 73.1549221, 28.1650448, 0.0 ], [ 73.154899, 28.1650445, 0.0 ], [ 73.1549042, 28.1647413, 0.0 ] ], [ [ 73.1549868, 28.1631914, 0.0 ], [ 73.1550099, 28.1631917, 0.0 ], [ 73.1550047, 28.163495, 0.0 ], [ 73.1549816, 28.1634947, 0.0 ], [ 73.1549868, 28.1631914, 0.0 ] ], [ [ 73.1549308, 28.1631906, 0.0 ], [ 73.154954, 28.163191, 0.0 ], [ 73.1549487, 28.1634942, 0.0 ], [ 73.1549256, 28.1634939, 0.0 ], [ 73.1549308, 28.1631906, 0.0 ] ], [ [ 73.1549815, 28.1635031, 0.0 ], [ 73.1550046, 28.1635034, 0.0 ], [ 73.1549994, 28.1638067, 0.0 ], [ 73.1549763, 28.1638064, 0.0 ], [ 73.1549815, 28.1635031, 0.0 ] ], [ [ 73.1549255, 28.1635023, 0.0 ], [ 73.1549486, 28.1635026, 0.0 ], [ 73.1549434, 28.1638059, 0.0 ], [ 73.1549203, 28.1638056, 0.0 ], [ 73.1549255, 28.1635023, 0.0 ] ], [ [ 73.1548429, 28.1650483, 0.0 ], [ 73.1548661, 28.1650486, 0.0 ], [ 73.1548609, 28.1653519, 0.0 ], [ 73.1548377, 28.1653516, 0.0 ], [ 73.1548429, 28.1650483, 0.0 ] ], [ [ 73.1547869, 28.1650475, 0.0 ], [ 73.1548101, 28.1650478, 0.0 ], [ 73.1548049, 28.1653511, 0.0 ], [ 73.1547817, 28.1653508, 0.0 ], [ 73.1547869, 28.1650475, 0.0 ] ], [ [ 73.1548376, 28.16536, 0.0 ], [ 73.1548607, 28.1653603, 0.0 ], [ 73.1548555, 28.1656636, 0.0 ], [ 73.1548324, 28.1656632, 0.0 ], [ 73.1548376, 28.16536, 0.0 ] ], [ [ 73.1547816, 28.1653592, 0.0 ], [ 73.1548047, 28.1653595, 0.0 ], [ 73.1547995, 28.1656628, 0.0 ], [ 73.1547764, 28.1656625, 0.0 ], [ 73.1547816, 28.1653592, 0.0 ] ], [ [ 73.1548536, 28.1644288, 0.0 ], [ 73.1548767, 28.1644291, 0.0 ], [ 73.1548715, 28.1647324, 0.0 ], [ 73.1548484, 28.1647321, 0.0 ], [ 73.1548536, 28.1644288, 0.0 ] ], [ [ 73.1547976, 28.1644281, 0.0 ], [ 73.1548207, 28.1644284, 0.0 ], [ 73.1548155, 28.1647316, 0.0 ], [ 73.1547924, 28.1647313, 0.0 ], [ 73.1547976, 28.1644281, 0.0 ] ], [ [ 73.1548482, 28.1647405, 0.0 ], [ 73.1548714, 28.1647408, 0.0 ], [ 73.1548661, 28.1650441, 0.0 ], [ 73.154843, 28.1650438, 0.0 ], [ 73.1548482, 28.1647405, 0.0 ] ], [ [ 73.1547922, 28.1647398, 0.0 ], [ 73.1548154, 28.1647401, 0.0 ], [ 73.1548102, 28.1650433, 0.0 ], [ 73.154787, 28.165043, 0.0 ], [ 73.1547922, 28.1647398, 0.0 ] ], [ [ 73.1548642, 28.1638094, 0.0 ], [ 73.1548873, 28.1638097, 0.0 ], [ 73.1548821, 28.1641129, 0.0 ], [ 73.154859, 28.1641126, 0.0 ], [ 73.1548642, 28.1638094, 0.0 ] ], [ [ 73.1548082, 28.1638086, 0.0 ], [ 73.1548313, 28.1638089, 0.0 ], [ 73.1548261, 28.1641122, 0.0 ], [ 73.154803, 28.1641119, 0.0 ], [ 73.1548082, 28.1638086, 0.0 ] ], [ [ 73.1548589, 28.164121, 0.0 ], [ 73.154882, 28.1641214, 0.0 ], [ 73.1548768, 28.1644246, 0.0 ], [ 73.1548536, 28.1644243, 0.0 ], [ 73.1548589, 28.164121, 0.0 ] ], [ [ 73.1548029, 28.1641203, 0.0 ], [ 73.154826, 28.1641206, 0.0 ], [ 73.1548208, 28.1644239, 0.0 ], [ 73.1547977, 28.1644236, 0.0 ], [ 73.1548029, 28.1641203, 0.0 ] ], [ [ 73.1548748, 28.1631899, 0.0 ], [ 73.154898, 28.1631902, 0.0 ], [ 73.1548928, 28.1634935, 0.0 ], [ 73.1548696, 28.1634932, 0.0 ], [ 73.1548748, 28.1631899, 0.0 ] ], [ [ 73.1548188, 28.1631891, 0.0 ], [ 73.154842, 28.1631894, 0.0 ], [ 73.1548368, 28.1634927, 0.0 ], [ 73.1548136, 28.1634924, 0.0 ], [ 73.1548188, 28.1631891, 0.0 ] ], [ [ 73.1548695, 28.1635016, 0.0 ], [ 73.1548926, 28.1635019, 0.0 ], [ 73.1548874, 28.1638052, 0.0 ], [ 73.1548643, 28.1638048, 0.0 ], [ 73.1548695, 28.1635016, 0.0 ] ], [ [ 73.1548135, 28.1635008, 0.0 ], [ 73.1548366, 28.1635011, 0.0 ], [ 73.1548314, 28.1638044, 0.0 ], [ 73.1548083, 28.1638041, 0.0 ], [ 73.1548135, 28.1635008, 0.0 ] ], [ [ 73.154731, 28.1650468, 0.0 ], [ 73.1547541, 28.1650471, 0.0 ], [ 73.1547489, 28.1653504, 0.0 ], [ 73.1547257, 28.16535, 0.0 ], [ 73.154731, 28.1650468, 0.0 ] ], [ [ 73.154675, 28.165046, 0.0 ], [ 73.1546981, 28.1650463, 0.0 ], [ 73.1546929, 28.1653496, 0.0 ], [ 73.1546698, 28.1653493, 0.0 ], [ 73.154675, 28.165046, 0.0 ] ], [ [ 73.1547256, 28.1653585, 0.0 ], [ 73.1547487, 28.1653588, 0.0 ], [ 73.1547435, 28.165662, 0.0 ], [ 73.1547204, 28.1656617, 0.0 ], [ 73.1547256, 28.1653585, 0.0 ] ], [ [ 73.1546696, 28.1653577, 0.0 ], [ 73.1546927, 28.165358, 0.0 ], [ 73.1546875, 28.1656613, 0.0 ], [ 73.1546644, 28.165661, 0.0 ], [ 73.1546696, 28.1653577, 0.0 ] ], [ [ 73.1547416, 28.1644273, 0.0 ], [ 73.1547647, 28.1644276, 0.0 ], [ 73.1547595, 28.1647309, 0.0 ], [ 73.1547364, 28.1647306, 0.0 ], [ 73.1547416, 28.1644273, 0.0 ] ], [ [ 73.1546856, 28.1644266, 0.0 ], [ 73.1547087, 28.1644269, 0.0 ], [ 73.1547035, 28.1647301, 0.0 ], [ 73.1546804, 28.1647298, 0.0 ], [ 73.1546856, 28.1644266, 0.0 ] ], [ [ 73.1547362, 28.164739, 0.0 ], [ 73.1547594, 28.1647393, 0.0 ], [ 73.1547542, 28.1650426, 0.0 ], [ 73.154731, 28.1650423, 0.0 ], [ 73.1547362, 28.164739, 0.0 ] ], [ [ 73.1546802, 28.1647382, 0.0 ], [ 73.1547034, 28.1647386, 0.0 ], [ 73.1546982, 28.1650418, 0.0 ], [ 73.154675, 28.1650415, 0.0 ], [ 73.1546802, 28.1647382, 0.0 ] ], [ [ 73.1547522, 28.1638078, 0.0 ], [ 73.1547753, 28.1638082, 0.0 ], [ 73.1547701, 28.1641114, 0.0 ], [ 73.154747, 28.1641111, 0.0 ], [ 73.1547522, 28.1638078, 0.0 ] ], [ [ 73.1546962, 28.1638071, 0.0 ], [ 73.1547193, 28.1638074, 0.0 ], [ 73.1547141, 28.1641107, 0.0 ], [ 73.154691, 28.1641104, 0.0 ], [ 73.1546962, 28.1638071, 0.0 ] ], [ [ 73.1547469, 28.1641195, 0.0 ], [ 73.15477, 28.1641198, 0.0 ], [ 73.1547648, 28.1644231, 0.0 ], [ 73.1547417, 28.1644228, 0.0 ], [ 73.1547469, 28.1641195, 0.0 ] ], [ [ 73.1546909, 28.1641188, 0.0 ], [ 73.154714, 28.1641191, 0.0 ], [ 73.1547088, 28.1644224, 0.0 ], [ 73.1546857, 28.164422, 0.0 ], [ 73.1546909, 28.1641188, 0.0 ] ], [ [ 73.1547628, 28.1631884, 0.0 ], [ 73.154786, 28.1631887, 0.0 ], [ 73.1547808, 28.163492, 0.0 ], [ 73.1547576, 28.1634916, 0.0 ], [ 73.1547628, 28.1631884, 0.0 ] ], [ [ 73.1547068, 28.1631876, 0.0 ], [ 73.15473, 28.1631879, 0.0 ], [ 73.1547248, 28.1634912, 0.0 ], [ 73.1547016, 28.1634909, 0.0 ], [ 73.1547068, 28.1631876, 0.0 ] ], [ [ 73.1547575, 28.1635001, 0.0 ], [ 73.1547806, 28.1635004, 0.0 ], [ 73.1547754, 28.1638036, 0.0 ], [ 73.1547523, 28.1638033, 0.0 ], [ 73.1547575, 28.1635001, 0.0 ] ], [ [ 73.1547015, 28.1634993, 0.0 ], [ 73.1547246, 28.1634996, 0.0 ], [ 73.1547194, 28.1638029, 0.0 ], [ 73.1546963, 28.1638026, 0.0 ], [ 73.1547015, 28.1634993, 0.0 ] ], [ [ 73.154619, 28.1650453, 0.0 ], [ 73.1546421, 28.1650456, 0.0 ], [ 73.1546369, 28.1653489, 0.0 ], [ 73.1546138, 28.1653485, 0.0 ], [ 73.154619, 28.1650453, 0.0 ] ], [ [ 73.154563, 28.1650445, 0.0 ], [ 73.1545861, 28.1650448, 0.0 ], [ 73.1545809, 28.1653481, 0.0 ], [ 73.1545578, 28.1653478, 0.0 ], [ 73.154563, 28.1650445, 0.0 ] ], [ [ 73.1546136, 28.165357, 0.0 ], [ 73.1546367, 28.1653573, 0.0 ], [ 73.1546315, 28.1656605, 0.0 ], [ 73.1546084, 28.1656602, 0.0 ], [ 73.1546136, 28.165357, 0.0 ] ], [ [ 73.1545576, 28.1653562, 0.0 ], [ 73.1545807, 28.1653565, 0.0 ], [ 73.1545755, 28.1656598, 0.0 ], [ 73.1545524, 28.1656595, 0.0 ], [ 73.1545576, 28.1653562, 0.0 ] ], [ [ 73.1546296, 28.1644258, 0.0 ], [ 73.1546527, 28.1644261, 0.0 ], [ 73.1546475, 28.1647294, 0.0 ], [ 73.1546244, 28.1647291, 0.0 ], [ 73.1546296, 28.1644258, 0.0 ] ], [ [ 73.1545736, 28.164425, 0.0 ], [ 73.1545967, 28.1644254, 0.0 ], [ 73.1545915, 28.1647286, 0.0 ], [ 73.1545684, 28.1647283, 0.0 ], [ 73.1545736, 28.164425, 0.0 ] ], [ [ 73.1546242, 28.1647375, 0.0 ], [ 73.1546474, 28.1647378, 0.0 ], [ 73.1546422, 28.1650411, 0.0 ], [ 73.154619, 28.1650408, 0.0 ], [ 73.1546242, 28.1647375, 0.0 ] ], [ [ 73.1545682, 28.1647367, 0.0 ], [ 73.1545914, 28.164737, 0.0 ], [ 73.1545862, 28.1650403, 0.0 ], [ 73.154563, 28.16504, 0.0 ], [ 73.1545682, 28.1647367, 0.0 ] ], [ [ 73.1546402, 28.1638063, 0.0 ], [ 73.1546634, 28.1638066, 0.0 ], [ 73.1546581, 28.1641099, 0.0 ], [ 73.154635, 28.1641096, 0.0 ], [ 73.1546402, 28.1638063, 0.0 ] ], [ [ 73.1545842, 28.1638056, 0.0 ], [ 73.1546074, 28.1638059, 0.0 ], [ 73.1546022, 28.1641092, 0.0 ], [ 73.154579, 28.1641088, 0.0 ], [ 73.1545842, 28.1638056, 0.0 ] ], [ [ 73.1546349, 28.164118, 0.0 ], [ 73.154658, 28.1641183, 0.0 ], [ 73.1546528, 28.1644216, 0.0 ], [ 73.1546297, 28.1644213, 0.0 ], [ 73.1546349, 28.164118, 0.0 ] ], [ [ 73.1545789, 28.1641173, 0.0 ], [ 73.154602, 28.1641176, 0.0 ], [ 73.1545968, 28.1644208, 0.0 ], [ 73.1545737, 28.1644205, 0.0 ], [ 73.1545789, 28.1641173, 0.0 ] ], [ [ 73.1546509, 28.1631869, 0.0 ], [ 73.154674, 28.1631872, 0.0 ], [ 73.1546688, 28.1634904, 0.0 ], [ 73.1546456, 28.1634901, 0.0 ], [ 73.1546509, 28.1631869, 0.0 ] ], [ [ 73.1545949, 28.1631861, 0.0 ], [ 73.154618, 28.1631864, 0.0 ], [ 73.1546128, 28.1634897, 0.0 ], [ 73.1545897, 28.1634894, 0.0 ], [ 73.1545949, 28.1631861, 0.0 ] ], [ [ 73.1546455, 28.1634986, 0.0 ], [ 73.1546686, 28.1634989, 0.0 ], [ 73.1546634, 28.1638021, 0.0 ], [ 73.1546403, 28.1638018, 0.0 ], [ 73.1546455, 28.1634986, 0.0 ] ], [ [ 73.1545895, 28.1634978, 0.0 ], [ 73.1546126, 28.1634981, 0.0 ], [ 73.1546074, 28.1638014, 0.0 ], [ 73.1545843, 28.1638011, 0.0 ], [ 73.1545895, 28.1634978, 0.0 ] ], [ [ 73.154507, 28.1650438, 0.0 ], [ 73.1545301, 28.1650441, 0.0 ], [ 73.1545249, 28.1653473, 0.0 ], [ 73.1545018, 28.165347, 0.0 ], [ 73.154507, 28.1650438, 0.0 ] ], [ [ 73.154451, 28.165043, 0.0 ], [ 73.1544741, 28.1650433, 0.0 ], [ 73.1544689, 28.1653466, 0.0 ], [ 73.1544458, 28.1653463, 0.0 ], [ 73.154451, 28.165043, 0.0 ] ], [ [ 73.1545016, 28.1653554, 0.0 ], [ 73.1545248, 28.1653558, 0.0 ], [ 73.1545195, 28.165659, 0.0 ], [ 73.1544964, 28.1656587, 0.0 ], [ 73.1545016, 28.1653554, 0.0 ] ], [ [ 73.1544456, 28.1653547, 0.0 ], [ 73.1544688, 28.165355, 0.0 ], [ 73.1544636, 28.1656583, 0.0 ], [ 73.1544404, 28.165658, 0.0 ], [ 73.1544456, 28.1653547, 0.0 ] ], [ [ 73.1545176, 28.1644243, 0.0 ], [ 73.1545407, 28.1644246, 0.0 ], [ 73.1545355, 28.1647279, 0.0 ], [ 73.1545124, 28.1647276, 0.0 ], [ 73.1545176, 28.1644243, 0.0 ] ], [ [ 73.1544616, 28.1644235, 0.0 ], [ 73.1544847, 28.1644238, 0.0 ], [ 73.1544795, 28.1647271, 0.0 ], [ 73.1544564, 28.1647268, 0.0 ], [ 73.1544616, 28.1644235, 0.0 ] ], [ [ 73.1545123, 28.164736, 0.0 ], [ 73.1545354, 28.1647363, 0.0 ], [ 73.1545302, 28.1650396, 0.0 ], [ 73.154507, 28.1650392, 0.0 ], [ 73.1545123, 28.164736, 0.0 ] ], [ [ 73.1544563, 28.1647352, 0.0 ], [ 73.1544794, 28.1647355, 0.0 ], [ 73.1544742, 28.1650388, 0.0 ], [ 73.1544511, 28.1650385, 0.0 ], [ 73.1544563, 28.1647352, 0.0 ] ], [ [ 73.1545282, 28.1638048, 0.0 ], [ 73.1545514, 28.1638051, 0.0 ], [ 73.1545462, 28.1641084, 0.0 ], [ 73.154523, 28.1641081, 0.0 ], [ 73.1545282, 28.1638048, 0.0 ] ], [ [ 73.1544722, 28.1638041, 0.0 ], [ 73.1544954, 28.1638044, 0.0 ], [ 73.1544902, 28.1641077, 0.0 ], [ 73.154467, 28.1641073, 0.0 ], [ 73.1544722, 28.1638041, 0.0 ] ], [ [ 73.1545229, 28.1641165, 0.0 ], [ 73.154546, 28.1641168, 0.0 ], [ 73.1545408, 28.1644201, 0.0 ], [ 73.1545177, 28.1644198, 0.0 ], [ 73.1545229, 28.1641165, 0.0 ] ], [ [ 73.1544669, 28.1641158, 0.0 ], [ 73.15449, 28.1641161, 0.0 ], [ 73.1544848, 28.1644193, 0.0 ], [ 73.1544617, 28.164419, 0.0 ], [ 73.1544669, 28.1641158, 0.0 ] ], [ [ 73.1545389, 28.1631854, 0.0 ], [ 73.154562, 28.1631857, 0.0 ], [ 73.1545568, 28.1634889, 0.0 ], [ 73.1545337, 28.1634886, 0.0 ], [ 73.1545389, 28.1631854, 0.0 ] ], [ [ 73.1544829, 28.1631846, 0.0 ], [ 73.154506, 28.1631849, 0.0 ], [ 73.1545008, 28.1634882, 0.0 ], [ 73.1544777, 28.1634879, 0.0 ], [ 73.1544829, 28.1631846, 0.0 ] ], [ [ 73.1545335, 28.163497, 0.0 ], [ 73.1545566, 28.1634974, 0.0 ], [ 73.1545514, 28.1638006, 0.0 ], [ 73.1545283, 28.1638003, 0.0 ], [ 73.1545335, 28.163497, 0.0 ] ], [ [ 73.1544775, 28.1634963, 0.0 ], [ 73.1545007, 28.1634966, 0.0 ], [ 73.1544954, 28.1637999, 0.0 ], [ 73.1544723, 28.1637996, 0.0 ], [ 73.1544775, 28.1634963, 0.0 ] ], [ [ 73.154395, 28.1650423, 0.0 ], [ 73.1544181, 28.1650426, 0.0 ], [ 73.1544129, 28.1653458, 0.0 ], [ 73.1543898, 28.1653455, 0.0 ], [ 73.154395, 28.1650423, 0.0 ] ], [ [ 73.154339, 28.1650415, 0.0 ], [ 73.1543621, 28.1650418, 0.0 ], [ 73.1543569, 28.1653451, 0.0 ], [ 73.1543338, 28.1653448, 0.0 ], [ 73.154339, 28.1650415, 0.0 ] ], [ [ 73.1543896, 28.1653539, 0.0 ], [ 73.1544128, 28.1653542, 0.0 ], [ 73.1544076, 28.1656575, 0.0 ], [ 73.1543844, 28.1656572, 0.0 ], [ 73.1543896, 28.1653539, 0.0 ] ], [ [ 73.1543336, 28.1653532, 0.0 ], [ 73.1543568, 28.1653535, 0.0 ], [ 73.1543516, 28.1656568, 0.0 ], [ 73.1543284, 28.1656565, 0.0 ], [ 73.1543336, 28.1653532, 0.0 ] ], [ [ 73.1544056, 28.1644228, 0.0 ], [ 73.1544287, 28.1644231, 0.0 ], [ 73.1544235, 28.1647264, 0.0 ], [ 73.1544004, 28.1647261, 0.0 ], [ 73.1544056, 28.1644228, 0.0 ] ], [ [ 73.1543496, 28.164422, 0.0 ], [ 73.1543728, 28.1644223, 0.0 ], [ 73.1543675, 28.1647256, 0.0 ], [ 73.1543444, 28.1647253, 0.0 ], [ 73.1543496, 28.164422, 0.0 ] ], [ [ 73.1544003, 28.1647345, 0.0 ], [ 73.1544234, 28.1647348, 0.0 ], [ 73.1544182, 28.1650381, 0.0 ], [ 73.1543951, 28.1650377, 0.0 ], [ 73.1544003, 28.1647345, 0.0 ] ], [ [ 73.1543443, 28.1647337, 0.0 ], [ 73.1543674, 28.164734, 0.0 ], [ 73.1543622, 28.1650373, 0.0 ], [ 73.1543391, 28.165037, 0.0 ], [ 73.1543443, 28.1647337, 0.0 ] ], [ [ 73.1544162, 28.1638033, 0.0 ], [ 73.1544394, 28.1638036, 0.0 ], [ 73.1544342, 28.1641069, 0.0 ], [ 73.154411, 28.1641066, 0.0 ], [ 73.1544162, 28.1638033, 0.0 ] ], [ [ 73.1543603, 28.1638026, 0.0 ], [ 73.1543834, 28.1638029, 0.0 ], [ 73.1543782, 28.1641061, 0.0 ], [ 73.154355, 28.1641058, 0.0 ], [ 73.1543603, 28.1638026, 0.0 ] ], [ [ 73.1544109, 28.164115, 0.0 ], [ 73.154434, 28.1641153, 0.0 ], [ 73.1544288, 28.1644186, 0.0 ], [ 73.1544057, 28.1644183, 0.0 ], [ 73.1544109, 28.164115, 0.0 ] ], [ [ 73.1543549, 28.1641142, 0.0 ], [ 73.154378, 28.1641146, 0.0 ], [ 73.1543728, 28.1644178, 0.0 ], [ 73.1543497, 28.1644175, 0.0 ], [ 73.1543549, 28.1641142, 0.0 ] ], [ [ 73.1544269, 28.1631838, 0.0 ], [ 73.15445, 28.1631842, 0.0 ], [ 73.1544448, 28.1634874, 0.0 ], [ 73.1544217, 28.1634871, 0.0 ], [ 73.1544269, 28.1631838, 0.0 ] ], [ [ 73.1543709, 28.1631831, 0.0 ], [ 73.154394, 28.1631834, 0.0 ], [ 73.1543888, 28.1634867, 0.0 ], [ 73.1543657, 28.1634864, 0.0 ], [ 73.1543709, 28.1631831, 0.0 ] ], [ [ 73.1544215, 28.1634955, 0.0 ], [ 73.1544447, 28.1634958, 0.0 ], [ 73.1544395, 28.1637991, 0.0 ], [ 73.1544163, 28.1637988, 0.0 ], [ 73.1544215, 28.1634955, 0.0 ] ], [ [ 73.1543655, 28.1634948, 0.0 ], [ 73.1543887, 28.1634951, 0.0 ], [ 73.1543835, 28.1637984, 0.0 ], [ 73.1543603, 28.163798, 0.0 ], [ 73.1543655, 28.1634948, 0.0 ] ], [ [ 73.154283, 28.1650407, 0.0 ], [ 73.1543061, 28.1650411, 0.0 ], [ 73.1543009, 28.1653443, 0.0 ], [ 73.1542778, 28.165344, 0.0 ], [ 73.154283, 28.1650407, 0.0 ] ], [ [ 73.154227, 28.16504, 0.0 ], [ 73.1542501, 28.1650403, 0.0 ], [ 73.1542449, 28.1653436, 0.0 ], [ 73.1542218, 28.1653433, 0.0 ], [ 73.154227, 28.16504, 0.0 ] ], [ [ 73.1542776, 28.1653524, 0.0 ], [ 73.1543008, 28.1653527, 0.0 ], [ 73.1542956, 28.165656, 0.0 ], [ 73.1542724, 28.1656557, 0.0 ], [ 73.1542776, 28.1653524, 0.0 ] ], [ [ 73.1542216, 28.1653517, 0.0 ], [ 73.1542448, 28.165352, 0.0 ], [ 73.1542396, 28.1656553, 0.0 ], [ 73.1542164, 28.1656549, 0.0 ], [ 73.1542216, 28.1653517, 0.0 ] ], [ [ 73.1542936, 28.1644213, 0.0 ], [ 73.1543168, 28.1644216, 0.0 ], [ 73.1543116, 28.1647249, 0.0 ], [ 73.1542884, 28.1647245, 0.0 ], [ 73.1542936, 28.1644213, 0.0 ] ], [ [ 73.1542376, 28.1644205, 0.0 ], [ 73.1542608, 28.1644208, 0.0 ], [ 73.1542556, 28.1647241, 0.0 ], [ 73.1542324, 28.1647238, 0.0 ], [ 73.1542376, 28.1644205, 0.0 ] ], [ [ 73.1542883, 28.164733, 0.0 ], [ 73.1543114, 28.1647333, 0.0 ], [ 73.1543062, 28.1650365, 0.0 ], [ 73.1542831, 28.1650362, 0.0 ], [ 73.1542883, 28.164733, 0.0 ] ], [ [ 73.1542323, 28.1647322, 0.0 ], [ 73.1542554, 28.1647325, 0.0 ], [ 73.1542502, 28.1650358, 0.0 ], [ 73.1542271, 28.1650355, 0.0 ], [ 73.1542323, 28.1647322, 0.0 ] ], [ [ 73.1543043, 28.1638018, 0.0 ], [ 73.1543274, 28.1638021, 0.0 ], [ 73.1543222, 28.1641054, 0.0 ], [ 73.1542991, 28.1641051, 0.0 ], [ 73.1543043, 28.1638018, 0.0 ] ], [ [ 73.1542483, 28.1638011, 0.0 ], [ 73.1542714, 28.1638014, 0.0 ], [ 73.1542662, 28.1641046, 0.0 ], [ 73.1542431, 28.1641043, 0.0 ], [ 73.1542483, 28.1638011, 0.0 ] ], [ [ 73.1542989, 28.1641135, 0.0 ], [ 73.154322, 28.1641138, 0.0 ], [ 73.1543168, 28.1644171, 0.0 ], [ 73.1542937, 28.1644168, 0.0 ], [ 73.1542989, 28.1641135, 0.0 ] ], [ [ 73.1542429, 28.1641127, 0.0 ], [ 73.154266, 28.1641131, 0.0 ], [ 73.1542608, 28.1644163, 0.0 ], [ 73.1542377, 28.164416, 0.0 ], [ 73.1542429, 28.1641127, 0.0 ] ], [ [ 73.1543149, 28.1631823, 0.0 ], [ 73.154338, 28.1631827, 0.0 ], [ 73.1543328, 28.1634859, 0.0 ], [ 73.1543097, 28.1634856, 0.0 ], [ 73.1543149, 28.1631823, 0.0 ] ], [ [ 73.1542589, 28.1631816, 0.0 ], [ 73.154282, 28.1631819, 0.0 ], [ 73.1542768, 28.1634852, 0.0 ], [ 73.1542537, 28.1634849, 0.0 ], [ 73.1542589, 28.1631816, 0.0 ] ], [ [ 73.1543095, 28.163494, 0.0 ], [ 73.1543327, 28.1634943, 0.0 ], [ 73.1543275, 28.1637976, 0.0 ], [ 73.1543043, 28.1637973, 0.0 ], [ 73.1543095, 28.163494, 0.0 ] ], [ [ 73.1542535, 28.1634933, 0.0 ], [ 73.1542767, 28.1634936, 0.0 ], [ 73.1542715, 28.1637969, 0.0 ], [ 73.1542483, 28.1637965, 0.0 ], [ 73.1542535, 28.1634933, 0.0 ] ], [ [ 73.154171, 28.1650392, 0.0 ], [ 73.1541941, 28.1650395, 0.0 ], [ 73.1541889, 28.1653428, 0.0 ], [ 73.1541658, 28.1653425, 0.0 ], [ 73.154171, 28.1650392, 0.0 ] ], [ [ 73.154115, 28.1650385, 0.0 ], [ 73.1541381, 28.1650388, 0.0 ], [ 73.1541329, 28.1653421, 0.0 ], [ 73.1541098, 28.1653417, 0.0 ], [ 73.154115, 28.1650385, 0.0 ] ], [ [ 73.1541657, 28.1653509, 0.0 ], [ 73.1541888, 28.1653512, 0.0 ], [ 73.1541836, 28.1656545, 0.0 ], [ 73.1541604, 28.1656542, 0.0 ], [ 73.1541657, 28.1653509, 0.0 ] ], [ [ 73.1541097, 28.1653502, 0.0 ], [ 73.1541328, 28.1653505, 0.0 ], [ 73.1541276, 28.1656537, 0.0 ], [ 73.1541045, 28.1656534, 0.0 ], [ 73.1541097, 28.1653502, 0.0 ] ], [ [ 73.1541816, 28.1644198, 0.0 ], [ 73.1542048, 28.1644201, 0.0 ], [ 73.1541996, 28.1647233, 0.0 ], [ 73.1541764, 28.164723, 0.0 ], [ 73.1541816, 28.1644198, 0.0 ] ], [ [ 73.1541256, 28.164419, 0.0 ], [ 73.1541488, 28.1644193, 0.0 ], [ 73.1541436, 28.1647226, 0.0 ], [ 73.1541204, 28.1647223, 0.0 ], [ 73.1541256, 28.164419, 0.0 ] ], [ [ 73.1541763, 28.1647315, 0.0 ], [ 73.1541994, 28.1647318, 0.0 ], [ 73.1541942, 28.165035, 0.0 ], [ 73.1541711, 28.1650347, 0.0 ], [ 73.1541763, 28.1647315, 0.0 ] ], [ [ 73.1541203, 28.1647307, 0.0 ], [ 73.1541434, 28.164731, 0.0 ], [ 73.1541382, 28.1650343, 0.0 ], [ 73.1541151, 28.165034, 0.0 ], [ 73.1541203, 28.1647307, 0.0 ] ], [ [ 73.1541923, 28.1638003, 0.0 ], [ 73.1542154, 28.1638006, 0.0 ], [ 73.1542102, 28.1641039, 0.0 ], [ 73.1541871, 28.1641036, 0.0 ], [ 73.1541923, 28.1638003, 0.0 ] ], [ [ 73.1541363, 28.1637995, 0.0 ], [ 73.1541594, 28.1637999, 0.0 ], [ 73.1541542, 28.1641031, 0.0 ], [ 73.1541311, 28.1641028, 0.0 ], [ 73.1541363, 28.1637995, 0.0 ] ], [ [ 73.1541869, 28.164112, 0.0 ], [ 73.1542101, 28.1641123, 0.0 ], [ 73.1542048, 28.1644156, 0.0 ], [ 73.1541817, 28.1644153, 0.0 ], [ 73.1541869, 28.164112, 0.0 ] ], [ [ 73.1541309, 28.1641112, 0.0 ], [ 73.1541541, 28.1641115, 0.0 ], [ 73.1541489, 28.1644148, 0.0 ], [ 73.1541257, 28.1644145, 0.0 ], [ 73.1541309, 28.1641112, 0.0 ] ], [ [ 73.1542029, 28.1631808, 0.0 ], [ 73.154226, 28.1631811, 0.0 ], [ 73.1542208, 28.1634844, 0.0 ], [ 73.1541977, 28.1634841, 0.0 ], [ 73.1542029, 28.1631808, 0.0 ] ], [ [ 73.1541469, 28.1631801, 0.0 ], [ 73.15417, 28.1631804, 0.0 ], [ 73.1541648, 28.1634837, 0.0 ], [ 73.1541417, 28.1634833, 0.0 ], [ 73.1541469, 28.1631801, 0.0 ] ], [ [ 73.1541976, 28.1634925, 0.0 ], [ 73.1542207, 28.1634928, 0.0 ], [ 73.1542155, 28.1637961, 0.0 ], [ 73.1541923, 28.1637958, 0.0 ], [ 73.1541976, 28.1634925, 0.0 ] ], [ [ 73.1541416, 28.1634918, 0.0 ], [ 73.1541647, 28.1634921, 0.0 ], [ 73.1541595, 28.1637953, 0.0 ], [ 73.1541364, 28.163795, 0.0 ], [ 73.1541416, 28.1634918, 0.0 ] ], [ [ 73.154059, 28.1650377, 0.0 ], [ 73.1540821, 28.165038, 0.0 ], [ 73.1540769, 28.1653413, 0.0 ], [ 73.1540538, 28.165341, 0.0 ], [ 73.154059, 28.1650377, 0.0 ] ], [ [ 73.154003, 28.165037, 0.0 ], [ 73.1540262, 28.1650373, 0.0 ], [ 73.1540209, 28.1653405, 0.0 ], [ 73.1539978, 28.1653402, 0.0 ], [ 73.154003, 28.165037, 0.0 ] ], [ [ 73.1540537, 28.1653494, 0.0 ], [ 73.1540768, 28.1653497, 0.0 ], [ 73.1540716, 28.165653, 0.0 ], [ 73.1540485, 28.1656527, 0.0 ], [ 73.1540537, 28.1653494, 0.0 ] ], [ [ 73.1539977, 28.1653487, 0.0 ], [ 73.1540208, 28.165349, 0.0 ], [ 73.1540156, 28.1656522, 0.0 ], [ 73.1539925, 28.1656519, 0.0 ], [ 73.1539977, 28.1653487, 0.0 ] ], [ [ 73.1540696, 28.1644183, 0.0 ], [ 73.1540928, 28.1644186, 0.0 ], [ 73.1540876, 28.1647218, 0.0 ], [ 73.1540644, 28.1647215, 0.0 ], [ 73.1540696, 28.1644183, 0.0 ] ], [ [ 73.1540137, 28.1644175, 0.0 ], [ 73.1540368, 28.1644178, 0.0 ], [ 73.1540316, 28.1647211, 0.0 ], [ 73.1540084, 28.1647208, 0.0 ], [ 73.1540137, 28.1644175, 0.0 ] ], [ [ 73.1540643, 28.1647299, 0.0 ], [ 73.1540874, 28.1647303, 0.0 ], [ 73.1540822, 28.1650335, 0.0 ], [ 73.1540591, 28.1650332, 0.0 ], [ 73.1540643, 28.1647299, 0.0 ] ], [ [ 73.1540083, 28.1647292, 0.0 ], [ 73.1540314, 28.1647295, 0.0 ], [ 73.1540262, 28.1650328, 0.0 ], [ 73.1540031, 28.1650325, 0.0 ], [ 73.1540083, 28.1647292, 0.0 ] ], [ [ 73.1540803, 28.1637988, 0.0 ], [ 73.1541034, 28.1637991, 0.0 ], [ 73.1540982, 28.1641024, 0.0 ], [ 73.1540751, 28.1641021, 0.0 ], [ 73.1540803, 28.1637988, 0.0 ] ], [ [ 73.1540243, 28.163798, 0.0 ], [ 73.1540474, 28.1637983, 0.0 ], [ 73.1540422, 28.1641016, 0.0 ], [ 73.1540191, 28.1641013, 0.0 ], [ 73.1540243, 28.163798, 0.0 ] ], [ [ 73.1540749, 28.1641105, 0.0 ], [ 73.1540981, 28.1641108, 0.0 ], [ 73.1540929, 28.1644141, 0.0 ], [ 73.1540697, 28.1644137, 0.0 ], [ 73.1540749, 28.1641105, 0.0 ] ], [ [ 73.1540189, 28.1641097, 0.0 ], [ 73.1540421, 28.16411, 0.0 ], [ 73.1540369, 28.1644133, 0.0 ], [ 73.1540137, 28.164413, 0.0 ], [ 73.1540189, 28.1641097, 0.0 ] ], [ [ 73.1540909, 28.1631793, 0.0 ], [ 73.154114, 28.1631796, 0.0 ], [ 73.1541088, 28.1634829, 0.0 ], [ 73.1540857, 28.1634826, 0.0 ], [ 73.1540909, 28.1631793, 0.0 ] ], [ [ 73.1540349, 28.1631786, 0.0 ], [ 73.1540581, 28.1631789, 0.0 ], [ 73.1540528, 28.1634821, 0.0 ], [ 73.1540297, 28.1634818, 0.0 ], [ 73.1540349, 28.1631786, 0.0 ] ], [ [ 73.1540856, 28.163491, 0.0 ], [ 73.1541087, 28.1634913, 0.0 ], [ 73.1541035, 28.1637946, 0.0 ], [ 73.1540804, 28.1637943, 0.0 ], [ 73.1540856, 28.163491, 0.0 ] ], [ [ 73.1540296, 28.1634903, 0.0 ], [ 73.1540527, 28.1634906, 0.0 ], [ 73.1540475, 28.1637938, 0.0 ], [ 73.1540244, 28.1637935, 0.0 ], [ 73.1540296, 28.1634903, 0.0 ] ], [ [ 73.153947, 28.1650362, 0.0 ], [ 73.1539702, 28.1650365, 0.0 ], [ 73.1539649, 28.1653398, 0.0 ], [ 73.1539418, 28.1653395, 0.0 ], [ 73.153947, 28.1650362, 0.0 ] ], [ [ 73.153891, 28.1650355, 0.0 ], [ 73.1539142, 28.1650358, 0.0 ], [ 73.153909, 28.165339, 0.0 ], [ 73.1538858, 28.1653387, 0.0 ], [ 73.153891, 28.1650355, 0.0 ] ], [ [ 73.1539417, 28.1653479, 0.0 ], [ 73.1539648, 28.1653482, 0.0 ], [ 73.1539596, 28.1656515, 0.0 ], [ 73.1539365, 28.1656512, 0.0 ], [ 73.1539417, 28.1653479, 0.0 ] ], [ [ 73.1538857, 28.1653471, 0.0 ], [ 73.1539088, 28.1653475, 0.0 ], [ 73.1539036, 28.1656507, 0.0 ], [ 73.1538805, 28.1656504, 0.0 ], [ 73.1538857, 28.1653471, 0.0 ] ], [ [ 73.1539577, 28.1644167, 0.0 ], [ 73.1539808, 28.1644171, 0.0 ], [ 73.1539756, 28.1647203, 0.0 ], [ 73.1539525, 28.16472, 0.0 ], [ 73.1539577, 28.1644167, 0.0 ] ], [ [ 73.1539017, 28.164416, 0.0 ], [ 73.1539248, 28.1644163, 0.0 ], [ 73.1539196, 28.1647196, 0.0 ], [ 73.1538965, 28.1647193, 0.0 ], [ 73.1539017, 28.164416, 0.0 ] ], [ [ 73.1539523, 28.1647284, 0.0 ], [ 73.1539754, 28.1647287, 0.0 ], [ 73.1539702, 28.165032, 0.0 ], [ 73.1539471, 28.1650317, 0.0 ], [ 73.1539523, 28.1647284, 0.0 ] ], [ [ 73.1538963, 28.1647277, 0.0 ], [ 73.1539194, 28.164728, 0.0 ], [ 73.1539142, 28.1650313, 0.0 ], [ 73.1538911, 28.1650309, 0.0 ], [ 73.1538963, 28.1647277, 0.0 ] ], [ [ 73.1539683, 28.1637973, 0.0 ], [ 73.1539914, 28.1637976, 0.0 ], [ 73.1539862, 28.1641009, 0.0 ], [ 73.1539631, 28.1641005, 0.0 ], [ 73.1539683, 28.1637973, 0.0 ] ], [ [ 73.1539123, 28.1637965, 0.0 ], [ 73.1539354, 28.1637968, 0.0 ], [ 73.1539302, 28.1641001, 0.0 ], [ 73.1539071, 28.1640998, 0.0 ], [ 73.1539123, 28.1637965, 0.0 ] ], [ [ 73.1539629, 28.164109, 0.0 ], [ 73.1539861, 28.1641093, 0.0 ], [ 73.1539809, 28.1644125, 0.0 ], [ 73.1539577, 28.1644122, 0.0 ], [ 73.1539629, 28.164109, 0.0 ] ], [ [ 73.1539069, 28.1641082, 0.0 ], [ 73.1539301, 28.1641085, 0.0 ], [ 73.1539249, 28.1644118, 0.0 ], [ 73.1539017, 28.1644115, 0.0 ], [ 73.1539069, 28.1641082, 0.0 ] ], [ [ 73.1539789, 28.1631778, 0.0 ], [ 73.1540021, 28.1631781, 0.0 ], [ 73.1539969, 28.1634814, 0.0 ], [ 73.1539737, 28.1634811, 0.0 ], [ 73.1539789, 28.1631778, 0.0 ] ], [ [ 73.1539229, 28.1631771, 0.0 ], [ 73.1539461, 28.1631774, 0.0 ], [ 73.1539409, 28.1634806, 0.0 ], [ 73.1539177, 28.1634803, 0.0 ], [ 73.1539229, 28.1631771, 0.0 ] ], [ [ 73.1539736, 28.1634895, 0.0 ], [ 73.1539967, 28.1634898, 0.0 ], [ 73.1539915, 28.1637931, 0.0 ], [ 73.1539684, 28.1637928, 0.0 ], [ 73.1539736, 28.1634895, 0.0 ] ], [ [ 73.1539176, 28.1634887, 0.0 ], [ 73.1539407, 28.1634891, 0.0 ], [ 73.1539355, 28.1637923, 0.0 ], [ 73.1539124, 28.163792, 0.0 ], [ 73.1539176, 28.1634887, 0.0 ] ], [ [ 73.153835, 28.1650347, 0.0 ], [ 73.1538582, 28.165035, 0.0 ], [ 73.153853, 28.1653383, 0.0 ], [ 73.1538298, 28.165338, 0.0 ], [ 73.153835, 28.1650347, 0.0 ] ], [ [ 73.153779, 28.1650339, 0.0 ], [ 73.1538022, 28.1650343, 0.0 ], [ 73.153797, 28.1653375, 0.0 ], [ 73.1537738, 28.1653372, 0.0 ], [ 73.153779, 28.1650339, 0.0 ] ], [ [ 73.1538297, 28.1653464, 0.0 ], [ 73.1538528, 28.1653467, 0.0 ], [ 73.1538476, 28.16565, 0.0 ], [ 73.1538245, 28.1656497, 0.0 ], [ 73.1538297, 28.1653464, 0.0 ] ], [ [ 73.1537737, 28.1653456, 0.0 ], [ 73.1537968, 28.1653459, 0.0 ], [ 73.1537916, 28.1656492, 0.0 ], [ 73.1537685, 28.1656489, 0.0 ], [ 73.1537737, 28.1653456, 0.0 ] ], [ [ 73.1538457, 28.1644152, 0.0 ], [ 73.1538688, 28.1644155, 0.0 ], [ 73.1538636, 28.1647188, 0.0 ], [ 73.1538405, 28.1647185, 0.0 ], [ 73.1538457, 28.1644152, 0.0 ] ], [ [ 73.1537897, 28.1644145, 0.0 ], [ 73.1538128, 28.1644148, 0.0 ], [ 73.1538076, 28.1647181, 0.0 ], [ 73.1537845, 28.1647177, 0.0 ], [ 73.1537897, 28.1644145, 0.0 ] ], [ [ 73.1538403, 28.1647269, 0.0 ], [ 73.1538635, 28.1647272, 0.0 ], [ 73.1538582, 28.1650305, 0.0 ], [ 73.1538351, 28.1650302, 0.0 ], [ 73.1538403, 28.1647269, 0.0 ] ], [ [ 73.1537843, 28.1647262, 0.0 ], [ 73.1538075, 28.1647265, 0.0 ], [ 73.1538022, 28.1650297, 0.0 ], [ 73.1537791, 28.1650294, 0.0 ], [ 73.1537843, 28.1647262, 0.0 ] ], [ [ 73.1538563, 28.1637958, 0.0 ], [ 73.1538794, 28.1637961, 0.0 ], [ 73.1538742, 28.1640993, 0.0 ], [ 73.1538511, 28.164099, 0.0 ], [ 73.1538563, 28.1637958, 0.0 ] ], [ [ 73.1538003, 28.163795, 0.0 ], [ 73.1538234, 28.1637953, 0.0 ], [ 73.1538182, 28.1640986, 0.0 ], [ 73.1537951, 28.1640983, 0.0 ], [ 73.1538003, 28.163795, 0.0 ] ], [ [ 73.153851, 28.1641075, 0.0 ], [ 73.1538741, 28.1641078, 0.0 ], [ 73.1538689, 28.164411, 0.0 ], [ 73.1538457, 28.1644107, 0.0 ], [ 73.153851, 28.1641075, 0.0 ] ], [ [ 73.153795, 28.1641067, 0.0 ], [ 73.1538181, 28.164107, 0.0 ], [ 73.1538129, 28.1644103, 0.0 ], [ 73.1537898, 28.16441, 0.0 ], [ 73.153795, 28.1641067, 0.0 ] ], [ [ 73.1538669, 28.1631763, 0.0 ], [ 73.1538901, 28.1631766, 0.0 ], [ 73.1538849, 28.1634799, 0.0 ], [ 73.1538617, 28.1634796, 0.0 ], [ 73.1538669, 28.1631763, 0.0 ] ], [ [ 73.1538109, 28.1631755, 0.0 ], [ 73.1538341, 28.1631759, 0.0 ], [ 73.1538289, 28.1634791, 0.0 ], [ 73.1538057, 28.1634788, 0.0 ], [ 73.1538109, 28.1631755, 0.0 ] ], [ [ 73.1538616, 28.163488, 0.0 ], [ 73.1538847, 28.1634883, 0.0 ], [ 73.1538795, 28.1637916, 0.0 ], [ 73.1538564, 28.1637913, 0.0 ], [ 73.1538616, 28.163488, 0.0 ] ], [ [ 73.1538056, 28.1634872, 0.0 ], [ 73.1538287, 28.1634875, 0.0 ], [ 73.1538235, 28.1637908, 0.0 ], [ 73.1538004, 28.1637905, 0.0 ], [ 73.1538056, 28.1634872, 0.0 ] ], [ [ 73.153723, 28.1650332, 0.0 ], [ 73.1537462, 28.1650335, 0.0 ], [ 73.153741, 28.1653368, 0.0 ], [ 73.1537178, 28.1653365, 0.0 ], [ 73.153723, 28.1650332, 0.0 ] ], [ [ 73.1536671, 28.1650324, 0.0 ], [ 73.1536902, 28.1650327, 0.0 ], [ 73.153685, 28.165336, 0.0 ], [ 73.1536618, 28.1653357, 0.0 ], [ 73.1536671, 28.1650324, 0.0 ] ], [ [ 73.1537177, 28.1653449, 0.0 ], [ 73.1537408, 28.1653452, 0.0 ], [ 73.1537356, 28.1656485, 0.0 ], [ 73.1537125, 28.1656481, 0.0 ], [ 73.1537177, 28.1653449, 0.0 ] ], [ [ 73.1536617, 28.1653441, 0.0 ], [ 73.1536848, 28.1653444, 0.0 ], [ 73.1536796, 28.1656477, 0.0 ], [ 73.1536565, 28.1656474, 0.0 ], [ 73.1536617, 28.1653441, 0.0 ] ], [ [ 73.1537337, 28.1644137, 0.0 ], [ 73.1537568, 28.164414, 0.0 ], [ 73.1537516, 28.1647173, 0.0 ], [ 73.1537285, 28.164717, 0.0 ], [ 73.1537337, 28.1644137, 0.0 ] ], [ [ 73.1536777, 28.164413, 0.0 ], [ 73.1537008, 28.1644133, 0.0 ], [ 73.1536956, 28.1647166, 0.0 ], [ 73.1536725, 28.1647162, 0.0 ], [ 73.1536777, 28.164413, 0.0 ] ], [ [ 73.1537283, 28.1647254, 0.0 ], [ 73.1537515, 28.1647257, 0.0 ], [ 73.1537463, 28.165029, 0.0 ], [ 73.1537231, 28.1650287, 0.0 ], [ 73.1537283, 28.1647254, 0.0 ] ], [ [ 73.1536723, 28.1647247, 0.0 ], [ 73.1536955, 28.164725, 0.0 ], [ 73.1536903, 28.1650282, 0.0 ], [ 73.1536671, 28.1650279, 0.0 ], [ 73.1536723, 28.1647247, 0.0 ] ], [ [ 73.1537443, 28.1637943, 0.0 ], [ 73.1537674, 28.1637946, 0.0 ], [ 73.1537622, 28.1640978, 0.0 ], [ 73.1537391, 28.1640975, 0.0 ], [ 73.1537443, 28.1637943, 0.0 ] ], [ [ 73.1536883, 28.1637935, 0.0 ], [ 73.1537115, 28.1637938, 0.0 ], [ 73.1537062, 28.1640971, 0.0 ], [ 73.1536831, 28.1640968, 0.0 ], [ 73.1536883, 28.1637935, 0.0 ] ], [ [ 73.153739, 28.1641059, 0.0 ], [ 73.1537621, 28.1641063, 0.0 ], [ 73.1537569, 28.1644095, 0.0 ], [ 73.1537338, 28.1644092, 0.0 ], [ 73.153739, 28.1641059, 0.0 ] ], [ [ 73.153683, 28.1641052, 0.0 ], [ 73.1537061, 28.1641055, 0.0 ], [ 73.1537009, 28.1644088, 0.0 ], [ 73.1536778, 28.1644085, 0.0 ], [ 73.153683, 28.1641052, 0.0 ] ], [ [ 73.153755, 28.1631748, 0.0 ], [ 73.1537781, 28.1631751, 0.0 ], [ 73.1537729, 28.1634784, 0.0 ], [ 73.1537497, 28.1634781, 0.0 ], [ 73.153755, 28.1631748, 0.0 ] ], [ [ 73.153699, 28.163174, 0.0 ], [ 73.1537221, 28.1631743, 0.0 ], [ 73.1537169, 28.1634776, 0.0 ], [ 73.1536938, 28.1634773, 0.0 ], [ 73.153699, 28.163174, 0.0 ] ], [ [ 73.1537496, 28.1634865, 0.0 ], [ 73.1537727, 28.1634868, 0.0 ], [ 73.1537675, 28.1637901, 0.0 ], [ 73.1537444, 28.1637897, 0.0 ], [ 73.1537496, 28.1634865, 0.0 ] ], [ [ 73.1536936, 28.1634857, 0.0 ], [ 73.1537167, 28.163486, 0.0 ], [ 73.1537115, 28.1637893, 0.0 ], [ 73.1536884, 28.163789, 0.0 ], [ 73.1536936, 28.1634857, 0.0 ] ], [ [ 73.1536111, 28.1650317, 0.0 ], [ 73.1536342, 28.165032, 0.0 ], [ 73.153629, 28.1653353, 0.0 ], [ 73.1536058, 28.165335, 0.0 ], [ 73.1536111, 28.1650317, 0.0 ] ], [ [ 73.1535551, 28.1650309, 0.0 ], [ 73.1535782, 28.1650312, 0.0 ], [ 73.153573, 28.1653345, 0.0 ], [ 73.1535499, 28.1653342, 0.0 ], [ 73.1535551, 28.1650309, 0.0 ] ], [ [ 73.1536057, 28.1653434, 0.0 ], [ 73.1536288, 28.1653437, 0.0 ], [ 73.1536236, 28.1656469, 0.0 ], [ 73.1536005, 28.1656466, 0.0 ], [ 73.1536057, 28.1653434, 0.0 ] ], [ [ 73.1535497, 28.1653426, 0.0 ], [ 73.1535728, 28.1653429, 0.0 ], [ 73.1535676, 28.1656462, 0.0 ], [ 73.1535445, 28.1656459, 0.0 ], [ 73.1535497, 28.1653426, 0.0 ] ], [ [ 73.1536217, 28.1644122, 0.0 ], [ 73.1536448, 28.1644125, 0.0 ], [ 73.1536396, 28.1647158, 0.0 ], [ 73.1536165, 28.1647155, 0.0 ], [ 73.1536217, 28.1644122, 0.0 ] ], [ [ 73.1535657, 28.1644115, 0.0 ], [ 73.1535888, 28.1644118, 0.0 ], [ 73.1535836, 28.164715, 0.0 ], [ 73.1535605, 28.1647147, 0.0 ], [ 73.1535657, 28.1644115, 0.0 ] ], [ [ 73.1536163, 28.1647239, 0.0 ], [ 73.1536395, 28.1647242, 0.0 ], [ 73.1536343, 28.1650275, 0.0 ], [ 73.1536111, 28.1650272, 0.0 ], [ 73.1536163, 28.1647239, 0.0 ] ], [ [ 73.1535603, 28.1647231, 0.0 ], [ 73.1535835, 28.1647235, 0.0 ], [ 73.1535783, 28.1650267, 0.0 ], [ 73.1535551, 28.1650264, 0.0 ], [ 73.1535603, 28.1647231, 0.0 ] ], [ [ 73.1536323, 28.1637927, 0.0 ], [ 73.1536555, 28.1637931, 0.0 ], [ 73.1536503, 28.1640963, 0.0 ], [ 73.1536271, 28.164096, 0.0 ], [ 73.1536323, 28.1637927, 0.0 ] ], [ [ 73.1535763, 28.163792, 0.0 ], [ 73.1535995, 28.1637923, 0.0 ], [ 73.1535943, 28.1640956, 0.0 ], [ 73.1535711, 28.1640953, 0.0 ], [ 73.1535763, 28.163792, 0.0 ] ], [ [ 73.153627, 28.1641044, 0.0 ], [ 73.1536501, 28.1641047, 0.0 ], [ 73.1536449, 28.164408, 0.0 ], [ 73.1536218, 28.1644077, 0.0 ], [ 73.153627, 28.1641044, 0.0 ] ], [ [ 73.153571, 28.1641037, 0.0 ], [ 73.1535941, 28.164104, 0.0 ], [ 73.1535889, 28.1644073, 0.0 ], [ 73.1535658, 28.1644069, 0.0 ], [ 73.153571, 28.1641037, 0.0 ] ], [ [ 73.153643, 28.1631733, 0.0 ], [ 73.1536661, 28.1631736, 0.0 ], [ 73.1536609, 28.1634769, 0.0 ], [ 73.1536378, 28.1634765, 0.0 ], [ 73.153643, 28.1631733, 0.0 ] ], [ [ 73.153587, 28.1631725, 0.0 ], [ 73.1536101, 28.1631728, 0.0 ], [ 73.1536049, 28.1634761, 0.0 ], [ 73.1535818, 28.1634758, 0.0 ], [ 73.153587, 28.1631725, 0.0 ] ], [ [ 73.1536376, 28.163485, 0.0 ], [ 73.1536607, 28.1634853, 0.0 ], [ 73.1536555, 28.1637885, 0.0 ], [ 73.1536324, 28.1637882, 0.0 ], [ 73.1536376, 28.163485, 0.0 ] ], [ [ 73.1535816, 28.1634842, 0.0 ], [ 73.1536047, 28.1634845, 0.0 ], [ 73.1535995, 28.1637878, 0.0 ], [ 73.1535764, 28.1637875, 0.0 ], [ 73.1535816, 28.1634842, 0.0 ] ], [ [ 73.1534991, 28.1650302, 0.0 ], [ 73.1535222, 28.1650305, 0.0 ], [ 73.153517, 28.1653338, 0.0 ], [ 73.1534939, 28.1653334, 0.0 ], [ 73.1534991, 28.1650302, 0.0 ] ], [ [ 73.1534431, 28.1650294, 0.0 ], [ 73.1534662, 28.1650297, 0.0 ], [ 73.153461, 28.165333, 0.0 ], [ 73.1534379, 28.1653327, 0.0 ], [ 73.1534431, 28.1650294, 0.0 ] ], [ [ 73.1534937, 28.1653419, 0.0 ], [ 73.1535168, 28.1653422, 0.0 ], [ 73.1535116, 28.1656454, 0.0 ], [ 73.1534885, 28.1656451, 0.0 ], [ 73.1534937, 28.1653419, 0.0 ] ], [ [ 73.1534377, 28.1653411, 0.0 ], [ 73.1534609, 28.1653414, 0.0 ], [ 73.1534556, 28.1656447, 0.0 ], [ 73.1534325, 28.1656444, 0.0 ], [ 73.1534377, 28.1653411, 0.0 ] ], [ [ 73.1535097, 28.1644107, 0.0 ], [ 73.1535328, 28.164411, 0.0 ], [ 73.1535276, 28.1647143, 0.0 ], [ 73.1535045, 28.164714, 0.0 ], [ 73.1535097, 28.1644107, 0.0 ] ], [ [ 73.1534537, 28.1644099, 0.0 ], [ 73.1534768, 28.1644103, 0.0 ], [ 73.1534716, 28.1647135, 0.0 ], [ 73.1534485, 28.1647132, 0.0 ], [ 73.1534537, 28.1644099, 0.0 ] ], [ [ 73.1535044, 28.1647224, 0.0 ], [ 73.1535275, 28.1647227, 0.0 ], [ 73.1535223, 28.165026, 0.0 ], [ 73.1534991, 28.1650257, 0.0 ], [ 73.1535044, 28.1647224, 0.0 ] ], [ [ 73.1534484, 28.1647216, 0.0 ], [ 73.1534715, 28.1647219, 0.0 ], [ 73.1534663, 28.1650252, 0.0 ], [ 73.1534431, 28.1650249, 0.0 ], [ 73.1534484, 28.1647216, 0.0 ] ], [ [ 73.1535203, 28.1637912, 0.0 ], [ 73.1535435, 28.1637915, 0.0 ], [ 73.1535383, 28.1640948, 0.0 ], [ 73.1535151, 28.1640945, 0.0 ], [ 73.1535203, 28.1637912, 0.0 ] ], [ [ 73.1534643, 28.1637905, 0.0 ], [ 73.1534875, 28.1637908, 0.0 ], [ 73.1534823, 28.1640941, 0.0 ], [ 73.1534591, 28.1640938, 0.0 ], [ 73.1534643, 28.1637905, 0.0 ] ], [ [ 73.153515, 28.1641029, 0.0 ], [ 73.1535381, 28.1641032, 0.0 ], [ 73.1535329, 28.1644065, 0.0 ], [ 73.1535098, 28.1644062, 0.0 ], [ 73.153515, 28.1641029, 0.0 ] ], [ [ 73.153459, 28.1641022, 0.0 ], [ 73.1534821, 28.1641025, 0.0 ], [ 73.1534769, 28.1644058, 0.0 ], [ 73.1534538, 28.1644054, 0.0 ], [ 73.153459, 28.1641022, 0.0 ] ], [ [ 73.153531, 28.1631718, 0.0 ], [ 73.1535541, 28.1631721, 0.0 ], [ 73.1535489, 28.1634754, 0.0 ], [ 73.1535258, 28.163475, 0.0 ], [ 73.153531, 28.1631718, 0.0 ] ], [ [ 73.153475, 28.163171, 0.0 ], [ 73.1534981, 28.1631713, 0.0 ], [ 73.1534929, 28.1634746, 0.0 ], [ 73.1534698, 28.1634743, 0.0 ], [ 73.153475, 28.163171, 0.0 ] ], [ [ 73.1535256, 28.1634835, 0.0 ], [ 73.1535488, 28.1634838, 0.0 ], [ 73.1535435, 28.163787, 0.0 ], [ 73.1535204, 28.1637867, 0.0 ], [ 73.1535256, 28.1634835, 0.0 ] ], [ [ 73.1534696, 28.1634827, 0.0 ], [ 73.1534928, 28.163483, 0.0 ], [ 73.1534876, 28.1637863, 0.0 ], [ 73.1534644, 28.163786, 0.0 ], [ 73.1534696, 28.1634827, 0.0 ] ], [ [ 73.1533871, 28.1650287, 0.0 ], [ 73.1534102, 28.165029, 0.0 ], [ 73.153405, 28.1653322, 0.0 ], [ 73.1533819, 28.1653319, 0.0 ], [ 73.1533871, 28.1650287, 0.0 ] ], [ [ 73.1533311, 28.1650279, 0.0 ], [ 73.1533542, 28.1650282, 0.0 ], [ 73.153349, 28.1653315, 0.0 ], [ 73.1533259, 28.1653312, 0.0 ], [ 73.1533311, 28.1650279, 0.0 ] ], [ [ 73.1533817, 28.1653403, 0.0 ], [ 73.1534049, 28.1653407, 0.0 ], [ 73.1533996, 28.1656439, 0.0 ], [ 73.1533765, 28.1656436, 0.0 ], [ 73.1533817, 28.1653403, 0.0 ] ], [ [ 73.1533257, 28.1653396, 0.0 ], [ 73.1533489, 28.1653399, 0.0 ], [ 73.1533437, 28.1656432, 0.0 ], [ 73.1533205, 28.1656429, 0.0 ], [ 73.1533257, 28.1653396, 0.0 ] ], [ [ 73.1533977, 28.1644092, 0.0 ], [ 73.1534208, 28.1644095, 0.0 ], [ 73.1534156, 28.1647128, 0.0 ], [ 73.1533925, 28.1647125, 0.0 ], [ 73.1533977, 28.1644092, 0.0 ] ], [ [ 73.1533417, 28.1644084, 0.0 ], [ 73.1533649, 28.1644088, 0.0 ], [ 73.1533596, 28.164712, 0.0 ], [ 73.1533365, 28.1647117, 0.0 ], [ 73.1533417, 28.1644084, 0.0 ] ], [ [ 73.1533924, 28.1647209, 0.0 ], [ 73.1534155, 28.1647212, 0.0 ], [ 73.1534103, 28.1650245, 0.0 ], [ 73.1533872, 28.1650242, 0.0 ], [ 73.1533924, 28.1647209, 0.0 ] ], [ [ 73.1533364, 28.1647201, 0.0 ], [ 73.1533595, 28.1647204, 0.0 ], [ 73.1533543, 28.1650237, 0.0 ], [ 73.1533312, 28.1650234, 0.0 ], [ 73.1533364, 28.1647201, 0.0 ] ], [ [ 73.1534084, 28.1637897, 0.0 ], [ 73.1534315, 28.16379, 0.0 ], [ 73.1534263, 28.1640933, 0.0 ], [ 73.1534031, 28.164093, 0.0 ], [ 73.1534084, 28.1637897, 0.0 ] ], [ [ 73.1533524, 28.163789, 0.0 ], [ 73.1533755, 28.1637893, 0.0 ], [ 73.1533703, 28.1640926, 0.0 ], [ 73.1533472, 28.1640922, 0.0 ], [ 73.1533524, 28.163789, 0.0 ] ], [ [ 73.153403, 28.1641014, 0.0 ], [ 73.1534261, 28.1641017, 0.0 ], [ 73.1534209, 28.164405, 0.0 ], [ 73.1533978, 28.1644047, 0.0 ], [ 73.153403, 28.1641014, 0.0 ] ], [ [ 73.153347, 28.1641007, 0.0 ], [ 73.1533701, 28.164101, 0.0 ], [ 73.1533649, 28.1644042, 0.0 ], [ 73.1533418, 28.1644039, 0.0 ], [ 73.153347, 28.1641007, 0.0 ] ], [ [ 73.1532751, 28.1650272, 0.0 ], [ 73.1532982, 28.1650275, 0.0 ], [ 73.153293, 28.1653307, 0.0 ], [ 73.1532699, 28.1653304, 0.0 ], [ 73.1532751, 28.1650272, 0.0 ] ], [ [ 73.1532191, 28.1650264, 0.0 ], [ 73.1532422, 28.1650267, 0.0 ], [ 73.153237, 28.16533, 0.0 ], [ 73.1532139, 28.1653297, 0.0 ], [ 73.1532191, 28.1650264, 0.0 ] ], [ [ 73.1532697, 28.1653388, 0.0 ], [ 73.1532929, 28.1653391, 0.0 ], [ 73.1532877, 28.1656424, 0.0 ], [ 73.1532645, 28.1656421, 0.0 ], [ 73.1532697, 28.1653388, 0.0 ] ], [ [ 73.1532137, 28.1653381, 0.0 ], [ 73.1532369, 28.1653384, 0.0 ], [ 73.1532317, 28.1656417, 0.0 ], [ 73.1532085, 28.1656414, 0.0 ], [ 73.1532137, 28.1653381, 0.0 ] ], [ [ 73.1532857, 28.1644077, 0.0 ], [ 73.1533089, 28.164408, 0.0 ], [ 73.1533036, 28.1647113, 0.0 ], [ 73.1532805, 28.164711, 0.0 ], [ 73.1532857, 28.1644077, 0.0 ] ], [ [ 73.1532297, 28.1644069, 0.0 ], [ 73.1532529, 28.1644072, 0.0 ], [ 73.1532477, 28.1647105, 0.0 ], [ 73.1532245, 28.1647102, 0.0 ], [ 73.1532297, 28.1644069, 0.0 ] ], [ [ 73.1532804, 28.1647194, 0.0 ], [ 73.1533035, 28.1647197, 0.0 ], [ 73.1532983, 28.165023, 0.0 ], [ 73.1532752, 28.1650226, 0.0 ], [ 73.1532804, 28.1647194, 0.0 ] ], [ [ 73.1532244, 28.1647186, 0.0 ], [ 73.1532475, 28.1647189, 0.0 ], [ 73.1532423, 28.1650222, 0.0 ], [ 73.1532192, 28.1650219, 0.0 ], [ 73.1532244, 28.1647186, 0.0 ] ], [ [ 73.1532964, 28.1637882, 0.0 ], [ 73.1533195, 28.1637885, 0.0 ], [ 73.1533143, 28.1640918, 0.0 ], [ 73.1532912, 28.1640915, 0.0 ], [ 73.1532964, 28.1637882, 0.0 ] ], [ [ 73.1532404, 28.1637875, 0.0 ], [ 73.1532635, 28.1637878, 0.0 ], [ 73.1532583, 28.164091, 0.0 ], [ 73.1532352, 28.1640907, 0.0 ], [ 73.1532404, 28.1637875, 0.0 ] ], [ [ 73.153291, 28.1640999, 0.0 ], [ 73.1533141, 28.1641002, 0.0 ], [ 73.1533089, 28.1644035, 0.0 ], [ 73.1532858, 28.1644032, 0.0 ], [ 73.153291, 28.1640999, 0.0 ] ], [ [ 73.153235, 28.1640991, 0.0 ], [ 73.1532581, 28.1640995, 0.0 ], [ 73.1532529, 28.1644027, 0.0 ], [ 73.1532298, 28.1644024, 0.0 ], [ 73.153235, 28.1640991, 0.0 ] ], [ [ 73.1531631, 28.1650256, 0.0 ], [ 73.1531862, 28.165026, 0.0 ], [ 73.153181, 28.1653292, 0.0 ], [ 73.1531579, 28.1653289, 0.0 ], [ 73.1531631, 28.1650256, 0.0 ] ], [ [ 73.1531071, 28.1650249, 0.0 ], [ 73.1531302, 28.1650252, 0.0 ], [ 73.153125, 28.1653285, 0.0 ], [ 73.1531019, 28.1653282, 0.0 ], [ 73.1531071, 28.1650249, 0.0 ] ], [ [ 73.1531577, 28.1653373, 0.0 ], [ 73.1531809, 28.1653376, 0.0 ], [ 73.1531757, 28.1656409, 0.0 ], [ 73.1531525, 28.1656406, 0.0 ], [ 73.1531577, 28.1653373, 0.0 ] ], [ [ 73.1531018, 28.1653366, 0.0 ], [ 73.1531249, 28.1653369, 0.0 ], [ 73.1531197, 28.1656402, 0.0 ], [ 73.1530965, 28.1656398, 0.0 ], [ 73.1531018, 28.1653366, 0.0 ] ], [ [ 73.1531844, 28.1637867, 0.0 ], [ 73.1532075, 28.163787, 0.0 ], [ 73.1532023, 28.1640903, 0.0 ], [ 73.1531792, 28.16409, 0.0 ], [ 73.1531844, 28.1637867, 0.0 ] ], [ [ 73.1531284, 28.163786, 0.0 ], [ 73.1531515, 28.1637863, 0.0 ], [ 73.1531463, 28.1640895, 0.0 ], [ 73.1531232, 28.1640892, 0.0 ], [ 73.1531284, 28.163786, 0.0 ] ], [ [ 73.153179, 28.1640984, 0.0 ], [ 73.1532022, 28.1640987, 0.0 ], [ 73.1531969, 28.164402, 0.0 ], [ 73.1531738, 28.1644017, 0.0 ], [ 73.153179, 28.1640984, 0.0 ] ], [ [ 73.153123, 28.1640976, 0.0 ], [ 73.1531462, 28.164098, 0.0 ], [ 73.153141, 28.1644012, 0.0 ], [ 73.1531178, 28.1644009, 0.0 ], [ 73.153123, 28.1640976, 0.0 ] ], [ [ 73.1530511, 28.1650241, 0.0 ], [ 73.1530742, 28.1650244, 0.0 ], [ 73.153069, 28.1653277, 0.0 ], [ 73.1530459, 28.1653274, 0.0 ], [ 73.1530511, 28.1650241, 0.0 ] ], [ [ 73.1529951, 28.1650234, 0.0 ], [ 73.1530182, 28.1650237, 0.0 ], [ 73.153013, 28.165327, 0.0 ], [ 73.1529899, 28.1653266, 0.0 ], [ 73.1529951, 28.1650234, 0.0 ] ], [ [ 73.1530458, 28.1653358, 0.0 ], [ 73.1530689, 28.1653361, 0.0 ], [ 73.1530637, 28.1656394, 0.0 ], [ 73.1530405, 28.1656391, 0.0 ], [ 73.1530458, 28.1653358, 0.0 ] ], [ [ 73.1529898, 28.1653351, 0.0 ], [ 73.1530129, 28.1653354, 0.0 ], [ 73.1530077, 28.1656386, 0.0 ], [ 73.1529846, 28.1656383, 0.0 ], [ 73.1529898, 28.1653351, 0.0 ] ], [ [ 73.1529391, 28.1650226, 0.0 ], [ 73.1529623, 28.1650229, 0.0 ], [ 73.152957, 28.1653262, 0.0 ], [ 73.1529339, 28.1653259, 0.0 ], [ 73.1529391, 28.1650226, 0.0 ] ], [ [ 73.1528831, 28.1650219, 0.0 ], [ 73.1529063, 28.1650222, 0.0 ], [ 73.152901, 28.1653254, 0.0 ], [ 73.1528779, 28.1653251, 0.0 ], [ 73.1528831, 28.1650219, 0.0 ] ], [ [ 73.1529338, 28.1653343, 0.0 ], [ 73.1529569, 28.1653346, 0.0 ], [ 73.1529517, 28.1656379, 0.0 ], [ 73.1529286, 28.1656376, 0.0 ], [ 73.1529338, 28.1653343, 0.0 ] ], [ [ 73.1528778, 28.1653336, 0.0 ], [ 73.1529009, 28.1653339, 0.0 ], [ 73.1528957, 28.1656371, 0.0 ], [ 73.1528726, 28.1656368, 0.0 ], [ 73.1528778, 28.1653336, 0.0 ] ], [ [ 73.1528271, 28.1650211, 0.0 ], [ 73.1528503, 28.1650214, 0.0 ], [ 73.1528451, 28.1653247, 0.0 ], [ 73.1528219, 28.1653244, 0.0 ], [ 73.1528271, 28.1650211, 0.0 ] ], [ [ 73.1527711, 28.1650204, 0.0 ], [ 73.1527943, 28.1650207, 0.0 ], [ 73.1527891, 28.1653239, 0.0 ], [ 73.1527659, 28.1653236, 0.0 ], [ 73.1527711, 28.1650204, 0.0 ] ], [ [ 73.1528218, 28.1653328, 0.0 ], [ 73.1528449, 28.1653331, 0.0 ], [ 73.1528397, 28.1656364, 0.0 ], [ 73.1528166, 28.1656361, 0.0 ], [ 73.1528218, 28.1653328, 0.0 ] ], [ [ 73.1527658, 28.165332, 0.0 ], [ 73.1527889, 28.1653324, 0.0 ], [ 73.1527837, 28.1656356, 0.0 ], [ 73.1527606, 28.1656353, 0.0 ], [ 73.1527658, 28.165332, 0.0 ] ], [ [ 73.1515578, 28.1606667, 0.0 ], [ 73.1515809, 28.160667, 0.0 ], [ 73.1515757, 28.1609703, 0.0 ], [ 73.1515526, 28.16097, 0.0 ], [ 73.1515578, 28.1606667, 0.0 ] ], [ [ 73.1515018, 28.1606659, 0.0 ], [ 73.1515249, 28.1606663, 0.0 ], [ 73.1515197, 28.1609695, 0.0 ], [ 73.1514966, 28.1609692, 0.0 ], [ 73.1515018, 28.1606659, 0.0 ] ], [ [ 73.1515524, 28.1609784, 0.0 ], [ 73.1515756, 28.1609787, 0.0 ], [ 73.1515704, 28.161282, 0.0 ], [ 73.1515472, 28.1612817, 0.0 ], [ 73.1515524, 28.1609784, 0.0 ] ], [ [ 73.1514964, 28.1609776, 0.0 ], [ 73.1515196, 28.1609779, 0.0 ], [ 73.1515144, 28.1612812, 0.0 ], [ 73.1514912, 28.1612809, 0.0 ], [ 73.1514964, 28.1609776, 0.0 ] ], [ [ 73.1521229, 28.1603706, 0.0 ], [ 73.1521461, 28.1603709, 0.0 ], [ 73.1521409, 28.1606742, 0.0 ], [ 73.1521177, 28.1606738, 0.0 ], [ 73.1521229, 28.1603706, 0.0 ] ], [ [ 73.1520669, 28.1603698, 0.0 ], [ 73.1520901, 28.1603701, 0.0 ], [ 73.1520849, 28.1606734, 0.0 ], [ 73.1520617, 28.1606731, 0.0 ], [ 73.1520669, 28.1603698, 0.0 ] ], [ [ 73.1521176, 28.1606823, 0.0 ], [ 73.1521407, 28.1606826, 0.0 ], [ 73.1521355, 28.1609858, 0.0 ], [ 73.1521124, 28.1609855, 0.0 ], [ 73.1521176, 28.1606823, 0.0 ] ], [ [ 73.1520616, 28.1606815, 0.0 ], [ 73.1520847, 28.1606818, 0.0 ], [ 73.1520795, 28.1609851, 0.0 ], [ 73.1520564, 28.1609848, 0.0 ], [ 73.1520616, 28.1606815, 0.0 ] ], [ [ 73.1517818, 28.1606697, 0.0 ], [ 73.1518049, 28.16067, 0.0 ], [ 73.1517997, 28.1609733, 0.0 ], [ 73.1517765, 28.160973, 0.0 ], [ 73.1517818, 28.1606697, 0.0 ] ], [ [ 73.1517258, 28.160669, 0.0 ], [ 73.1517489, 28.1606693, 0.0 ], [ 73.1517437, 28.1609726, 0.0 ], [ 73.1517206, 28.1609722, 0.0 ], [ 73.1517258, 28.160669, 0.0 ] ], [ [ 73.1517764, 28.1609814, 0.0 ], [ 73.1517995, 28.1609817, 0.0 ], [ 73.1517943, 28.161285, 0.0 ], [ 73.1517712, 28.1612847, 0.0 ], [ 73.1517764, 28.1609814, 0.0 ] ], [ [ 73.1517204, 28.1609807, 0.0 ], [ 73.1517435, 28.160981, 0.0 ], [ 73.1517383, 28.1612842, 0.0 ], [ 73.1517152, 28.1612839, 0.0 ], [ 73.1517204, 28.1609807, 0.0 ] ], [ [ 73.1516698, 28.1606682, 0.0 ], [ 73.1516929, 28.1606685, 0.0 ], [ 73.1516877, 28.1609718, 0.0 ], [ 73.1516646, 28.1609715, 0.0 ], [ 73.1516698, 28.1606682, 0.0 ] ], [ [ 73.1516138, 28.1606675, 0.0 ], [ 73.1516369, 28.1606678, 0.0 ], [ 73.1516317, 28.160971, 0.0 ], [ 73.1516086, 28.1609707, 0.0 ], [ 73.1516138, 28.1606675, 0.0 ] ], [ [ 73.1516644, 28.1609799, 0.0 ], [ 73.1516875, 28.1609802, 0.0 ], [ 73.1516823, 28.1612835, 0.0 ], [ 73.1516592, 28.1612832, 0.0 ], [ 73.1516644, 28.1609799, 0.0 ] ], [ [ 73.1516084, 28.1609791, 0.0 ], [ 73.1516316, 28.1609795, 0.0 ], [ 73.1516263, 28.1612827, 0.0 ], [ 73.1516032, 28.1612824, 0.0 ], [ 73.1516084, 28.1609791, 0.0 ] ], [ [ 73.1564789, 28.161099, 0.0 ], [ 73.156502, 28.1610993, 0.0 ], [ 73.1564968, 28.1614025, 0.0 ], [ 73.1564737, 28.1614022, 0.0 ], [ 73.1564789, 28.161099, 0.0 ] ], [ [ 73.1564229, 28.1610982, 0.0 ], [ 73.156446, 28.1610985, 0.0 ], [ 73.1564408, 28.1614018, 0.0 ], [ 73.1564177, 28.1614015, 0.0 ], [ 73.1564229, 28.1610982, 0.0 ] ], [ [ 73.1564735, 28.1614106, 0.0 ], [ 73.1564966, 28.1614109, 0.0 ], [ 73.1564914, 28.1617142, 0.0 ], [ 73.1564683, 28.1617139, 0.0 ], [ 73.1564735, 28.1614106, 0.0 ] ], [ [ 73.1564175, 28.1614099, 0.0 ], [ 73.1564407, 28.1614102, 0.0 ], [ 73.1564355, 28.1617135, 0.0 ], [ 73.1564123, 28.1617132, 0.0 ], [ 73.1564175, 28.1614099, 0.0 ] ], [ [ 73.1561332, 28.1616598, 0.0 ], [ 73.1561563, 28.1616601, 0.0 ], [ 73.1561511, 28.1619633, 0.0 ], [ 73.156128, 28.161963, 0.0 ], [ 73.1561332, 28.1616598, 0.0 ] ], [ [ 73.1560772, 28.161659, 0.0 ], [ 73.1561003, 28.1616593, 0.0 ], [ 73.1560951, 28.1619626, 0.0 ], [ 73.156072, 28.1619623, 0.0 ], [ 73.1560772, 28.161659, 0.0 ] ], [ [ 73.1561279, 28.1619714, 0.0 ], [ 73.156151, 28.1619718, 0.0 ], [ 73.1561458, 28.162275, 0.0 ], [ 73.1561227, 28.1622747, 0.0 ], [ 73.1561279, 28.1619714, 0.0 ] ], [ [ 73.1560719, 28.1619707, 0.0 ], [ 73.156095, 28.161971, 0.0 ], [ 73.1560898, 28.1622743, 0.0 ], [ 73.1560667, 28.162274, 0.0 ], [ 73.1560719, 28.1619707, 0.0 ] ], [ [ 73.1563669, 28.1610974, 0.0 ], [ 73.15639, 28.1610978, 0.0 ], [ 73.1563848, 28.161401, 0.0 ], [ 73.1563617, 28.1614007, 0.0 ], [ 73.1563669, 28.1610974, 0.0 ] ], [ [ 73.1563109, 28.1610967, 0.0 ], [ 73.156334, 28.161097, 0.0 ], [ 73.1563288, 28.1614003, 0.0 ], [ 73.1563057, 28.1614, 0.0 ], [ 73.1563109, 28.1610967, 0.0 ] ], [ [ 73.1563615, 28.1614091, 0.0 ], [ 73.1563847, 28.1614094, 0.0 ], [ 73.1563795, 28.1617127, 0.0 ], [ 73.1563563, 28.1617124, 0.0 ], [ 73.1563615, 28.1614091, 0.0 ] ], [ [ 73.1563055, 28.1614084, 0.0 ], [ 73.1563287, 28.1614087, 0.0 ], [ 73.1563235, 28.161712, 0.0 ], [ 73.1563003, 28.1617116, 0.0 ], [ 73.1563055, 28.1614084, 0.0 ] ], [ [ 73.1561438, 28.1610403, 0.0 ], [ 73.156167, 28.1610406, 0.0 ], [ 73.1561618, 28.1613439, 0.0 ], [ 73.1561386, 28.1613436, 0.0 ], [ 73.1561438, 28.1610403, 0.0 ] ], [ [ 73.1560878, 28.1610395, 0.0 ], [ 73.156111, 28.1610399, 0.0 ], [ 73.1561058, 28.1613431, 0.0 ], [ 73.1560826, 28.1613428, 0.0 ], [ 73.1560878, 28.1610395, 0.0 ] ], [ [ 73.1561385, 28.161352, 0.0 ], [ 73.1561616, 28.1613523, 0.0 ], [ 73.1561564, 28.1616556, 0.0 ], [ 73.1561333, 28.1616552, 0.0 ], [ 73.1561385, 28.161352, 0.0 ] ], [ [ 73.1560825, 28.1613512, 0.0 ], [ 73.1561056, 28.1613515, 0.0 ], [ 73.1561004, 28.1616548, 0.0 ], [ 73.1560773, 28.1616545, 0.0 ], [ 73.1560825, 28.1613512, 0.0 ] ], [ [ 73.1560212, 28.1616583, 0.0 ], [ 73.1560444, 28.1616586, 0.0 ], [ 73.1560392, 28.1619618, 0.0 ], [ 73.156016, 28.1619615, 0.0 ], [ 73.1560212, 28.1616583, 0.0 ] ], [ [ 73.1559652, 28.1616575, 0.0 ], [ 73.1559884, 28.1616578, 0.0 ], [ 73.1559832, 28.1619611, 0.0 ], [ 73.15596, 28.1619608, 0.0 ], [ 73.1559652, 28.1616575, 0.0 ] ], [ [ 73.1560159, 28.1619699, 0.0 ], [ 73.156039, 28.1619703, 0.0 ], [ 73.1560338, 28.1622735, 0.0 ], [ 73.1560107, 28.1622732, 0.0 ], [ 73.1560159, 28.1619699, 0.0 ] ], [ [ 73.1559599, 28.1619692, 0.0 ], [ 73.155983, 28.1619695, 0.0 ], [ 73.1559778, 28.1622728, 0.0 ], [ 73.1559547, 28.1622725, 0.0 ], [ 73.1559599, 28.1619692, 0.0 ] ], [ [ 73.1560318, 28.1610388, 0.0 ], [ 73.156055, 28.1610391, 0.0 ], [ 73.1560498, 28.1613424, 0.0 ], [ 73.1560266, 28.1613421, 0.0 ], [ 73.1560318, 28.1610388, 0.0 ] ], [ [ 73.1559759, 28.161038, 0.0 ], [ 73.155999, 28.1610383, 0.0 ], [ 73.1559938, 28.1613416, 0.0 ], [ 73.1559707, 28.1613413, 0.0 ], [ 73.1559759, 28.161038, 0.0 ] ], [ [ 73.1560265, 28.1613505, 0.0 ], [ 73.1560496, 28.1613508, 0.0 ], [ 73.1560444, 28.1616541, 0.0 ], [ 73.1560213, 28.1616537, 0.0 ], [ 73.1560265, 28.1613505, 0.0 ] ], [ [ 73.1559705, 28.1613497, 0.0 ], [ 73.1559936, 28.16135, 0.0 ], [ 73.1559884, 28.1616533, 0.0 ], [ 73.1559653, 28.161653, 0.0 ], [ 73.1559705, 28.1613497, 0.0 ] ], [ [ 73.1559092, 28.1616567, 0.0 ], [ 73.1559324, 28.1616571, 0.0 ], [ 73.1559272, 28.1619603, 0.0 ], [ 73.155904, 28.16196, 0.0 ], [ 73.1559092, 28.1616567, 0.0 ] ], [ [ 73.1558532, 28.161656, 0.0 ], [ 73.1558764, 28.1616563, 0.0 ], [ 73.1558712, 28.1619596, 0.0 ], [ 73.155848, 28.1619593, 0.0 ], [ 73.1558532, 28.161656, 0.0 ] ], [ [ 73.1559039, 28.1619684, 0.0 ], [ 73.155927, 28.1619687, 0.0 ], [ 73.1559218, 28.162272, 0.0 ], [ 73.1558987, 28.1622717, 0.0 ], [ 73.1559039, 28.1619684, 0.0 ] ], [ [ 73.1558479, 28.1619677, 0.0 ], [ 73.155871, 28.161968, 0.0 ], [ 73.1558658, 28.1622713, 0.0 ], [ 73.1558427, 28.1622709, 0.0 ], [ 73.1558479, 28.1619677, 0.0 ] ], [ [ 73.1559199, 28.1610373, 0.0 ], [ 73.155943, 28.1610376, 0.0 ], [ 73.1559378, 28.1613409, 0.0 ], [ 73.1559147, 28.1613405, 0.0 ], [ 73.1559199, 28.1610373, 0.0 ] ], [ [ 73.1558639, 28.1610365, 0.0 ], [ 73.155887, 28.1610368, 0.0 ], [ 73.1558818, 28.1613401, 0.0 ], [ 73.1558587, 28.1613398, 0.0 ], [ 73.1558639, 28.1610365, 0.0 ] ], [ [ 73.1559145, 28.161349, 0.0 ], [ 73.1559376, 28.1613493, 0.0 ], [ 73.1559324, 28.1616525, 0.0 ], [ 73.1559093, 28.1616522, 0.0 ], [ 73.1559145, 28.161349, 0.0 ] ], [ [ 73.1558585, 28.1613482, 0.0 ], [ 73.1558817, 28.1613485, 0.0 ], [ 73.1558765, 28.1616518, 0.0 ], [ 73.1558533, 28.1616515, 0.0 ], [ 73.1558585, 28.1613482, 0.0 ] ], [ [ 73.1557973, 28.1616552, 0.0 ], [ 73.1558204, 28.1616555, 0.0 ], [ 73.1558152, 28.1619588, 0.0 ], [ 73.1557921, 28.1619585, 0.0 ], [ 73.1557973, 28.1616552, 0.0 ] ], [ [ 73.1557413, 28.1616545, 0.0 ], [ 73.1557644, 28.1616548, 0.0 ], [ 73.1557592, 28.1619581, 0.0 ], [ 73.1557361, 28.1619578, 0.0 ], [ 73.1557413, 28.1616545, 0.0 ] ], [ [ 73.1557919, 28.1619669, 0.0 ], [ 73.155815, 28.1619672, 0.0 ], [ 73.1558098, 28.1622705, 0.0 ], [ 73.1557867, 28.1622702, 0.0 ], [ 73.1557919, 28.1619669, 0.0 ] ], [ [ 73.1557359, 28.1619662, 0.0 ], [ 73.155759, 28.1619665, 0.0 ], [ 73.1557538, 28.1622698, 0.0 ], [ 73.1557307, 28.1622694, 0.0 ], [ 73.1557359, 28.1619662, 0.0 ] ], [ [ 73.1558079, 28.1610358, 0.0 ], [ 73.155831, 28.1610361, 0.0 ], [ 73.1558258, 28.1613393, 0.0 ], [ 73.1558027, 28.161339, 0.0 ], [ 73.1558079, 28.1610358, 0.0 ] ], [ [ 73.1557519, 28.161035, 0.0 ], [ 73.155775, 28.1610353, 0.0 ], [ 73.1557698, 28.1613386, 0.0 ], [ 73.1557467, 28.1613383, 0.0 ], [ 73.1557519, 28.161035, 0.0 ] ], [ [ 73.1558025, 28.1613475, 0.0 ], [ 73.1558257, 28.1613478, 0.0 ], [ 73.1558205, 28.161651, 0.0 ], [ 73.1557973, 28.1616507, 0.0 ], [ 73.1558025, 28.1613475, 0.0 ] ], [ [ 73.1557465, 28.1613467, 0.0 ], [ 73.1557697, 28.161347, 0.0 ], [ 73.1557645, 28.1616503, 0.0 ], [ 73.1557413, 28.16165, 0.0 ], [ 73.1557465, 28.1613467, 0.0 ] ], [ [ 73.1556746, 28.1622732, 0.0 ], [ 73.1556978, 28.1622735, 0.0 ], [ 73.1556926, 28.1625768, 0.0 ], [ 73.1556694, 28.1625765, 0.0 ], [ 73.1556746, 28.1622732, 0.0 ] ], [ [ 73.1556186, 28.1622724, 0.0 ], [ 73.1556418, 28.1622728, 0.0 ], [ 73.1556366, 28.162576, 0.0 ], [ 73.1556134, 28.1625757, 0.0 ], [ 73.1556186, 28.1622724, 0.0 ] ], [ [ 73.1556693, 28.1625849, 0.0 ], [ 73.1556924, 28.1625852, 0.0 ], [ 73.1556872, 28.1628885, 0.0 ], [ 73.1556641, 28.1628882, 0.0 ], [ 73.1556693, 28.1625849, 0.0 ] ], [ [ 73.1556133, 28.1625841, 0.0 ], [ 73.1556364, 28.1625844, 0.0 ], [ 73.1556312, 28.1628877, 0.0 ], [ 73.1556081, 28.1628874, 0.0 ], [ 73.1556133, 28.1625841, 0.0 ] ], [ [ 73.1556853, 28.1616537, 0.0 ], [ 73.1557084, 28.161654, 0.0 ], [ 73.1557032, 28.1619573, 0.0 ], [ 73.1556801, 28.161957, 0.0 ], [ 73.1556853, 28.1616537, 0.0 ] ], [ [ 73.1556293, 28.161653, 0.0 ], [ 73.1556524, 28.1616533, 0.0 ], [ 73.1556472, 28.1619566, 0.0 ], [ 73.1556241, 28.1619562, 0.0 ], [ 73.1556293, 28.161653, 0.0 ] ], [ [ 73.1556799, 28.1619654, 0.0 ], [ 73.1557031, 28.1619657, 0.0 ], [ 73.1556978, 28.162269, 0.0 ], [ 73.1556747, 28.1622687, 0.0 ], [ 73.1556799, 28.1619654, 0.0 ] ], [ [ 73.1556239, 28.1619647, 0.0 ], [ 73.1556471, 28.161965, 0.0 ], [ 73.1556419, 28.1622682, 0.0 ], [ 73.1556187, 28.1622679, 0.0 ], [ 73.1556239, 28.1619647, 0.0 ] ], [ [ 73.1556959, 28.1610343, 0.0 ], [ 73.155719, 28.1610346, 0.0 ], [ 73.1557138, 28.1613378, 0.0 ], [ 73.1556907, 28.1613375, 0.0 ], [ 73.1556959, 28.1610343, 0.0 ] ], [ [ 73.1556399, 28.1610335, 0.0 ], [ 73.155663, 28.1610338, 0.0 ], [ 73.1556578, 28.1613371, 0.0 ], [ 73.1556347, 28.1613368, 0.0 ], [ 73.1556399, 28.1610335, 0.0 ] ], [ [ 73.1556905, 28.1613459, 0.0 ], [ 73.1557137, 28.1613463, 0.0 ], [ 73.1557085, 28.1616495, 0.0 ], [ 73.1556853, 28.1616492, 0.0 ], [ 73.1556905, 28.1613459, 0.0 ] ], [ [ 73.1556346, 28.1613452, 0.0 ], [ 73.1556577, 28.1613455, 0.0 ], [ 73.1556525, 28.1616488, 0.0 ], [ 73.1556293, 28.1616485, 0.0 ], [ 73.1556346, 28.1613452, 0.0 ] ], [ [ 73.155568, 28.16196, 0.0 ], [ 73.1555911, 28.1619603, 0.0 ], [ 73.1555859, 28.1622636, 0.0 ], [ 73.1555628, 28.1622633, 0.0 ], [ 73.155568, 28.16196, 0.0 ] ], [ [ 73.155512, 28.1619592, 0.0 ], [ 73.1555351, 28.1619596, 0.0 ], [ 73.1555299, 28.1622628, 0.0 ], [ 73.1555068, 28.1622625, 0.0 ], [ 73.155512, 28.1619592, 0.0 ] ], [ [ 73.1555627, 28.1622717, 0.0 ], [ 73.1555858, 28.162272, 0.0 ], [ 73.1555806, 28.1625753, 0.0 ], [ 73.1555575, 28.162575, 0.0 ], [ 73.1555627, 28.1622717, 0.0 ] ], [ [ 73.1555067, 28.1622709, 0.0 ], [ 73.1555298, 28.1622712, 0.0 ], [ 73.1555246, 28.1625745, 0.0 ], [ 73.1555015, 28.1625742, 0.0 ], [ 73.1555067, 28.1622709, 0.0 ] ], [ [ 73.1555786, 28.1613405, 0.0 ], [ 73.1556018, 28.1613408, 0.0 ], [ 73.1555966, 28.1616441, 0.0 ], [ 73.1555734, 28.1616438, 0.0 ], [ 73.1555786, 28.1613405, 0.0 ] ], [ [ 73.1555226, 28.1613398, 0.0 ], [ 73.1555458, 28.1613401, 0.0 ], [ 73.1555406, 28.1616434, 0.0 ], [ 73.1555174, 28.161643, 0.0 ], [ 73.1555226, 28.1613398, 0.0 ] ], [ [ 73.1555733, 28.1616522, 0.0 ], [ 73.1555964, 28.1616525, 0.0 ], [ 73.1555912, 28.1619558, 0.0 ], [ 73.1555681, 28.1619555, 0.0 ], [ 73.1555733, 28.1616522, 0.0 ] ], [ [ 73.1555173, 28.1616515, 0.0 ], [ 73.1555404, 28.1616518, 0.0 ], [ 73.1555352, 28.161955, 0.0 ], [ 73.1555121, 28.1619547, 0.0 ], [ 73.1555173, 28.1616515, 0.0 ] ], [ [ 73.1554454, 28.162578, 0.0 ], [ 73.1554685, 28.1625783, 0.0 ], [ 73.1554633, 28.1628815, 0.0 ], [ 73.1554402, 28.1628812, 0.0 ], [ 73.1554454, 28.162578, 0.0 ] ], [ [ 73.1553894, 28.1625772, 0.0 ], [ 73.1554125, 28.1625775, 0.0 ], [ 73.1554073, 28.1628808, 0.0 ], [ 73.1553842, 28.1628805, 0.0 ], [ 73.1553894, 28.1625772, 0.0 ] ], [ [ 73.15544, 28.1628896, 0.0 ], [ 73.1554632, 28.16289, 0.0 ], [ 73.155458, 28.1631932, 0.0 ], [ 73.1554348, 28.1631929, 0.0 ], [ 73.15544, 28.1628896, 0.0 ] ], [ [ 73.1553841, 28.1628889, 0.0 ], [ 73.1554072, 28.1628892, 0.0 ], [ 73.155402, 28.1631925, 0.0 ], [ 73.1553788, 28.1631922, 0.0 ], [ 73.1553841, 28.1628889, 0.0 ] ], [ [ 73.155456, 28.1619585, 0.0 ], [ 73.1554791, 28.1619588, 0.0 ], [ 73.1554739, 28.1622621, 0.0 ], [ 73.1554508, 28.1622618, 0.0 ], [ 73.155456, 28.1619585, 0.0 ] ], [ [ 73.1554, 28.1619577, 0.0 ], [ 73.1554232, 28.161958, 0.0 ], [ 73.155418, 28.1622613, 0.0 ], [ 73.1553948, 28.162261, 0.0 ], [ 73.1554, 28.1619577, 0.0 ] ], [ [ 73.1554507, 28.1622702, 0.0 ], [ 73.1554738, 28.1622705, 0.0 ], [ 73.1554686, 28.1625738, 0.0 ], [ 73.1554455, 28.1625734, 0.0 ], [ 73.1554507, 28.1622702, 0.0 ] ], [ [ 73.1553947, 28.1622694, 0.0 ], [ 73.1554178, 28.1622697, 0.0 ], [ 73.1554126, 28.162573, 0.0 ], [ 73.1553895, 28.1625727, 0.0 ], [ 73.1553947, 28.1622694, 0.0 ] ], [ [ 73.1554666, 28.161339, 0.0 ], [ 73.1554898, 28.1613393, 0.0 ], [ 73.1554846, 28.1616426, 0.0 ], [ 73.1554614, 28.1616423, 0.0 ], [ 73.1554666, 28.161339, 0.0 ] ], [ [ 73.1554106, 28.1613383, 0.0 ], [ 73.1554338, 28.1613386, 0.0 ], [ 73.1554286, 28.1616419, 0.0 ], [ 73.1554054, 28.1616415, 0.0 ], [ 73.1554106, 28.1613383, 0.0 ] ], [ [ 73.1554613, 28.1616507, 0.0 ], [ 73.1554844, 28.161651, 0.0 ], [ 73.1554792, 28.1619543, 0.0 ], [ 73.1554561, 28.161954, 0.0 ], [ 73.1554613, 28.1616507, 0.0 ] ], [ [ 73.1554053, 28.16165, 0.0 ], [ 73.1554284, 28.1616503, 0.0 ], [ 73.1554232, 28.1619535, 0.0 ], [ 73.1554001, 28.1619532, 0.0 ], [ 73.1554053, 28.16165, 0.0 ] ], [ [ 73.1554773, 28.1607196, 0.0 ], [ 73.1555004, 28.1607199, 0.0 ], [ 73.1554952, 28.1610231, 0.0 ], [ 73.1554721, 28.1610228, 0.0 ], [ 73.1554773, 28.1607196, 0.0 ] ], [ [ 73.1554213, 28.1607188, 0.0 ], [ 73.1554444, 28.1607191, 0.0 ], [ 73.1554392, 28.1610224, 0.0 ], [ 73.1554161, 28.1610221, 0.0 ], [ 73.1554213, 28.1607188, 0.0 ] ], [ [ 73.1554719, 28.1610312, 0.0 ], [ 73.155495, 28.1610316, 0.0 ], [ 73.1554898, 28.1613348, 0.0 ], [ 73.1554667, 28.1613345, 0.0 ], [ 73.1554719, 28.1610312, 0.0 ] ], [ [ 73.1554159, 28.1610305, 0.0 ], [ 73.1554391, 28.1610308, 0.0 ], [ 73.1554339, 28.1613341, 0.0 ], [ 73.1554107, 28.1613338, 0.0 ], [ 73.1554159, 28.1610305, 0.0 ] ], [ [ 73.1553334, 28.1625765, 0.0 ], [ 73.1553565, 28.1625768, 0.0 ], [ 73.1553513, 28.16288, 0.0 ], [ 73.1553282, 28.1628797, 0.0 ], [ 73.1553334, 28.1625765, 0.0 ] ], [ [ 73.1552774, 28.1625757, 0.0 ], [ 73.1553005, 28.162576, 0.0 ], [ 73.1552953, 28.1628793, 0.0 ], [ 73.1552722, 28.162879, 0.0 ], [ 73.1552774, 28.1625757, 0.0 ] ], [ [ 73.1553281, 28.1628881, 0.0 ], [ 73.1553512, 28.1628885, 0.0 ], [ 73.155346, 28.1631917, 0.0 ], [ 73.1553229, 28.1631914, 0.0 ], [ 73.1553281, 28.1628881, 0.0 ] ], [ [ 73.1552721, 28.1628874, 0.0 ], [ 73.1552952, 28.1628877, 0.0 ], [ 73.15529, 28.163191, 0.0 ], [ 73.1552669, 28.1631907, 0.0 ], [ 73.1552721, 28.1628874, 0.0 ] ], [ [ 73.155344, 28.161957, 0.0 ], [ 73.1553672, 28.1619573, 0.0 ], [ 73.155362, 28.1622606, 0.0 ], [ 73.1553388, 28.1622603, 0.0 ], [ 73.155344, 28.161957, 0.0 ] ], [ [ 73.155288, 28.1619562, 0.0 ], [ 73.1553112, 28.1619565, 0.0 ], [ 73.155306, 28.1622598, 0.0 ], [ 73.1552828, 28.1622595, 0.0 ], [ 73.155288, 28.1619562, 0.0 ] ], [ [ 73.1553387, 28.1622687, 0.0 ], [ 73.1553618, 28.162269, 0.0 ], [ 73.1553566, 28.1625723, 0.0 ], [ 73.1553335, 28.1625719, 0.0 ], [ 73.1553387, 28.1622687, 0.0 ] ], [ [ 73.1552827, 28.1622679, 0.0 ], [ 73.1553058, 28.1622682, 0.0 ], [ 73.1553006, 28.1625715, 0.0 ], [ 73.1552775, 28.1625712, 0.0 ], [ 73.1552827, 28.1622679, 0.0 ] ], [ [ 73.1553547, 28.1613375, 0.0 ], [ 73.1553778, 28.1613378, 0.0 ], [ 73.1553726, 28.1616411, 0.0 ], [ 73.1553495, 28.1616408, 0.0 ], [ 73.1553547, 28.1613375, 0.0 ] ], [ [ 73.1552987, 28.1613368, 0.0 ], [ 73.1553218, 28.1613371, 0.0 ], [ 73.1553166, 28.1616403, 0.0 ], [ 73.1552935, 28.16164, 0.0 ], [ 73.1552987, 28.1613368, 0.0 ] ], [ [ 73.1553493, 28.1616492, 0.0 ], [ 73.1553724, 28.1616495, 0.0 ], [ 73.1553672, 28.1619528, 0.0 ], [ 73.1553441, 28.1619525, 0.0 ], [ 73.1553493, 28.1616492, 0.0 ] ], [ [ 73.1552933, 28.1616484, 0.0 ], [ 73.1553164, 28.1616488, 0.0 ], [ 73.1553112, 28.161952, 0.0 ], [ 73.1552881, 28.1619517, 0.0 ], [ 73.1552933, 28.1616484, 0.0 ] ], [ [ 73.1553653, 28.160718, 0.0 ], [ 73.1553884, 28.1607184, 0.0 ], [ 73.1553832, 28.1610216, 0.0 ], [ 73.1553601, 28.1610213, 0.0 ], [ 73.1553653, 28.160718, 0.0 ] ], [ [ 73.1553093, 28.1607173, 0.0 ], [ 73.1553324, 28.1607176, 0.0 ], [ 73.1553272, 28.1610209, 0.0 ], [ 73.1553041, 28.1610206, 0.0 ], [ 73.1553093, 28.1607173, 0.0 ] ], [ [ 73.1553599, 28.1610297, 0.0 ], [ 73.1553831, 28.16103, 0.0 ], [ 73.1553779, 28.1613333, 0.0 ], [ 73.1553547, 28.161333, 0.0 ], [ 73.1553599, 28.1610297, 0.0 ] ], [ [ 73.1553039, 28.161029, 0.0 ], [ 73.1553271, 28.1610293, 0.0 ], [ 73.1553219, 28.1613326, 0.0 ], [ 73.1552987, 28.1613323, 0.0 ], [ 73.1553039, 28.161029, 0.0 ] ], [ [ 73.1552214, 28.1625749, 0.0 ], [ 73.1552445, 28.1625753, 0.0 ], [ 73.1552393, 28.1628785, 0.0 ], [ 73.1552162, 28.1628782, 0.0 ], [ 73.1552214, 28.1625749, 0.0 ] ], [ [ 73.1551654, 28.1625742, 0.0 ], [ 73.1551886, 28.1625745, 0.0 ], [ 73.1551834, 28.1628778, 0.0 ], [ 73.1551602, 28.1628775, 0.0 ], [ 73.1551654, 28.1625742, 0.0 ] ], [ [ 73.1552161, 28.1628866, 0.0 ], [ 73.1552392, 28.1628869, 0.0 ], [ 73.155234, 28.1631902, 0.0 ], [ 73.1552109, 28.1631899, 0.0 ], [ 73.1552161, 28.1628866, 0.0 ] ], [ [ 73.1551601, 28.1628859, 0.0 ], [ 73.1551832, 28.1628862, 0.0 ], [ 73.155178, 28.1631895, 0.0 ], [ 73.1551549, 28.1631891, 0.0 ], [ 73.1551601, 28.1628859, 0.0 ] ], [ [ 73.155232, 28.1619555, 0.0 ], [ 73.1552552, 28.1619558, 0.0 ], [ 73.15525, 28.1622591, 0.0 ], [ 73.1552268, 28.1622587, 0.0 ], [ 73.155232, 28.1619555, 0.0 ] ], [ [ 73.155176, 28.1619547, 0.0 ], [ 73.1551992, 28.161955, 0.0 ], [ 73.155194, 28.1622583, 0.0 ], [ 73.1551708, 28.162258, 0.0 ], [ 73.155176, 28.1619547, 0.0 ] ], [ [ 73.1552267, 28.1622672, 0.0 ], [ 73.1552498, 28.1622675, 0.0 ], [ 73.1552446, 28.1625707, 0.0 ], [ 73.1552215, 28.1625704, 0.0 ], [ 73.1552267, 28.1622672, 0.0 ] ], [ [ 73.1551707, 28.1622664, 0.0 ], [ 73.1551938, 28.1622667, 0.0 ], [ 73.1551886, 28.16257, 0.0 ], [ 73.1551655, 28.1625697, 0.0 ], [ 73.1551707, 28.1622664, 0.0 ] ], [ [ 73.1552427, 28.161336, 0.0 ], [ 73.1552658, 28.1613363, 0.0 ], [ 73.1552606, 28.1616396, 0.0 ], [ 73.1552375, 28.1616393, 0.0 ], [ 73.1552427, 28.161336, 0.0 ] ], [ [ 73.1551867, 28.1613353, 0.0 ], [ 73.1552098, 28.1613356, 0.0 ], [ 73.1552046, 28.1616388, 0.0 ], [ 73.1551815, 28.1616385, 0.0 ], [ 73.1551867, 28.1613353, 0.0 ] ], [ [ 73.1552373, 28.1616477, 0.0 ], [ 73.1552605, 28.161648, 0.0 ], [ 73.1552552, 28.1619513, 0.0 ], [ 73.1552321, 28.161951, 0.0 ], [ 73.1552373, 28.1616477, 0.0 ] ], [ [ 73.1551813, 28.1616469, 0.0 ], [ 73.1552045, 28.1616473, 0.0 ], [ 73.1551993, 28.1619505, 0.0 ], [ 73.1551761, 28.1619502, 0.0 ], [ 73.1551813, 28.1616469, 0.0 ] ], [ [ 73.1552533, 28.1607165, 0.0 ], [ 73.1552764, 28.1607169, 0.0 ], [ 73.1552712, 28.1610201, 0.0 ], [ 73.1552481, 28.1610198, 0.0 ], [ 73.1552533, 28.1607165, 0.0 ] ], [ [ 73.1551973, 28.1607158, 0.0 ], [ 73.1552204, 28.1607161, 0.0 ], [ 73.1552152, 28.1610194, 0.0 ], [ 73.1551921, 28.1610191, 0.0 ], [ 73.1551973, 28.1607158, 0.0 ] ], [ [ 73.1552479, 28.1610282, 0.0 ], [ 73.1552711, 28.1610285, 0.0 ], [ 73.1552659, 28.1613318, 0.0 ], [ 73.1552427, 28.1613315, 0.0 ], [ 73.1552479, 28.1610282, 0.0 ] ], [ [ 73.155192, 28.1610275, 0.0 ], [ 73.1552151, 28.1610278, 0.0 ], [ 73.1552099, 28.1613311, 0.0 ], [ 73.1551868, 28.1613307, 0.0 ], [ 73.155192, 28.1610275, 0.0 ] ], [ [ 73.1551094, 28.1625734, 0.0 ], [ 73.1551326, 28.1625737, 0.0 ], [ 73.1551274, 28.162877, 0.0 ], [ 73.1551042, 28.1628767, 0.0 ], [ 73.1551094, 28.1625734, 0.0 ] ], [ [ 73.1550534, 28.1625727, 0.0 ], [ 73.1550766, 28.162573, 0.0 ], [ 73.1550714, 28.1628763, 0.0 ], [ 73.1550482, 28.1628759, 0.0 ], [ 73.1550534, 28.1625727, 0.0 ] ], [ [ 73.1551041, 28.1628851, 0.0 ], [ 73.1551272, 28.1628854, 0.0 ], [ 73.155122, 28.1631887, 0.0 ], [ 73.1550989, 28.1631884, 0.0 ], [ 73.1551041, 28.1628851, 0.0 ] ], [ [ 73.1550481, 28.1628844, 0.0 ], [ 73.1550712, 28.1628847, 0.0 ], [ 73.155066, 28.1631879, 0.0 ], [ 73.1550429, 28.1631876, 0.0 ], [ 73.1550481, 28.1628844, 0.0 ] ], [ [ 73.1551201, 28.161954, 0.0 ], [ 73.1551432, 28.1619543, 0.0 ], [ 73.155138, 28.1622575, 0.0 ], [ 73.1551149, 28.1622572, 0.0 ], [ 73.1551201, 28.161954, 0.0 ] ], [ [ 73.1550641, 28.1619532, 0.0 ], [ 73.1550872, 28.1619535, 0.0 ], [ 73.155082, 28.1622568, 0.0 ], [ 73.1550589, 28.1622565, 0.0 ], [ 73.1550641, 28.1619532, 0.0 ] ], [ [ 73.1551147, 28.1622657, 0.0 ], [ 73.1551378, 28.162266, 0.0 ], [ 73.1551326, 28.1625692, 0.0 ], [ 73.1551095, 28.1625689, 0.0 ], [ 73.1551147, 28.1622657, 0.0 ] ], [ [ 73.1550587, 28.1622649, 0.0 ], [ 73.1550818, 28.1622652, 0.0 ], [ 73.1550766, 28.1625685, 0.0 ], [ 73.1550535, 28.1625682, 0.0 ], [ 73.1550587, 28.1622649, 0.0 ] ], [ [ 73.1551307, 28.1613345, 0.0 ], [ 73.1551538, 28.1613348, 0.0 ], [ 73.1551486, 28.1616381, 0.0 ], [ 73.1551255, 28.1616378, 0.0 ], [ 73.1551307, 28.1613345, 0.0 ] ], [ [ 73.1550747, 28.1613337, 0.0 ], [ 73.1550978, 28.1613341, 0.0 ], [ 73.1550926, 28.1616373, 0.0 ], [ 73.1550695, 28.161637, 0.0 ], [ 73.1550747, 28.1613337, 0.0 ] ], [ [ 73.1551253, 28.1616462, 0.0 ], [ 73.1551485, 28.1616465, 0.0 ], [ 73.1551433, 28.1619498, 0.0 ], [ 73.1551201, 28.1619495, 0.0 ], [ 73.1551253, 28.1616462, 0.0 ] ], [ [ 73.1550693, 28.1616454, 0.0 ], [ 73.1550925, 28.1616457, 0.0 ], [ 73.1550873, 28.161949, 0.0 ], [ 73.1550641, 28.1619487, 0.0 ], [ 73.1550693, 28.1616454, 0.0 ] ], [ [ 73.1551413, 28.160715, 0.0 ], [ 73.1551644, 28.1607153, 0.0 ], [ 73.1551592, 28.1610186, 0.0 ], [ 73.1551361, 28.1610183, 0.0 ], [ 73.1551413, 28.160715, 0.0 ] ], [ [ 73.1550853, 28.1607143, 0.0 ], [ 73.1551084, 28.1607146, 0.0 ], [ 73.1551032, 28.1610179, 0.0 ], [ 73.1550801, 28.1610175, 0.0 ], [ 73.1550853, 28.1607143, 0.0 ] ], [ [ 73.155136, 28.1610267, 0.0 ], [ 73.1551591, 28.161027, 0.0 ], [ 73.1551539, 28.1613303, 0.0 ], [ 73.1551308, 28.16133, 0.0 ], [ 73.155136, 28.1610267, 0.0 ] ], [ [ 73.15508, 28.161026, 0.0 ], [ 73.1551031, 28.1610263, 0.0 ], [ 73.1550979, 28.1613295, 0.0 ], [ 73.1550748, 28.1613292, 0.0 ], [ 73.15508, 28.161026, 0.0 ] ], [ [ 73.1549974, 28.1625719, 0.0 ], [ 73.1550206, 28.1625722, 0.0 ], [ 73.1550154, 28.1628755, 0.0 ], [ 73.1549922, 28.1628752, 0.0 ], [ 73.1549974, 28.1625719, 0.0 ] ], [ [ 73.1549414, 28.1625712, 0.0 ], [ 73.1549646, 28.1625715, 0.0 ], [ 73.1549594, 28.1628748, 0.0 ], [ 73.1549362, 28.1628744, 0.0 ], [ 73.1549414, 28.1625712, 0.0 ] ], [ [ 73.1549921, 28.1628836, 0.0 ], [ 73.1550152, 28.1628839, 0.0 ], [ 73.15501, 28.1631872, 0.0 ], [ 73.1549869, 28.1631869, 0.0 ], [ 73.1549921, 28.1628836, 0.0 ] ], [ [ 73.1549361, 28.1628829, 0.0 ], [ 73.1549592, 28.1628832, 0.0 ], [ 73.154954, 28.1631864, 0.0 ], [ 73.1549309, 28.1631861, 0.0 ], [ 73.1549361, 28.1628829, 0.0 ] ], [ [ 73.1550081, 28.1619525, 0.0 ], [ 73.1550312, 28.1619528, 0.0 ], [ 73.155026, 28.162256, 0.0 ], [ 73.1550029, 28.1622557, 0.0 ], [ 73.1550081, 28.1619525, 0.0 ] ], [ [ 73.1549521, 28.1619517, 0.0 ], [ 73.1549752, 28.161952, 0.0 ], [ 73.15497, 28.1622553, 0.0 ], [ 73.1549469, 28.162255, 0.0 ], [ 73.1549521, 28.1619517, 0.0 ] ], [ [ 73.1550027, 28.1622641, 0.0 ], [ 73.1550259, 28.1622645, 0.0 ], [ 73.1550206, 28.1625677, 0.0 ], [ 73.1549975, 28.1625674, 0.0 ], [ 73.1550027, 28.1622641, 0.0 ] ], [ [ 73.1549467, 28.1622634, 0.0 ], [ 73.1549699, 28.1622637, 0.0 ], [ 73.1549647, 28.162567, 0.0 ], [ 73.1549415, 28.1625667, 0.0 ], [ 73.1549467, 28.1622634, 0.0 ] ], [ [ 73.1550187, 28.161333, 0.0 ], [ 73.1550418, 28.1613333, 0.0 ], [ 73.1550366, 28.1616366, 0.0 ], [ 73.1550135, 28.1616363, 0.0 ], [ 73.1550187, 28.161333, 0.0 ] ], [ [ 73.1549627, 28.1613322, 0.0 ], [ 73.1549858, 28.1613325, 0.0 ], [ 73.1549806, 28.1616358, 0.0 ], [ 73.1549575, 28.1616355, 0.0 ], [ 73.1549627, 28.1613322, 0.0 ] ], [ [ 73.1550133, 28.1616447, 0.0 ], [ 73.1550365, 28.161645, 0.0 ], [ 73.1550313, 28.1619483, 0.0 ], [ 73.1550081, 28.1619479, 0.0 ], [ 73.1550133, 28.1616447, 0.0 ] ], [ [ 73.1549574, 28.1616439, 0.0 ], [ 73.1549805, 28.1616442, 0.0 ], [ 73.1549753, 28.1619475, 0.0 ], [ 73.1549522, 28.1619472, 0.0 ], [ 73.1549574, 28.1616439, 0.0 ] ], [ [ 73.1550293, 28.1607135, 0.0 ], [ 73.1550525, 28.1607138, 0.0 ], [ 73.1550472, 28.1610171, 0.0 ], [ 73.1550241, 28.1610168, 0.0 ], [ 73.1550293, 28.1607135, 0.0 ] ], [ [ 73.1549733, 28.1607128, 0.0 ], [ 73.1549965, 28.1607131, 0.0 ], [ 73.1549913, 28.1610163, 0.0 ], [ 73.1549681, 28.161016, 0.0 ], [ 73.1549733, 28.1607128, 0.0 ] ], [ [ 73.155024, 28.1610252, 0.0 ], [ 73.1550471, 28.1610255, 0.0 ], [ 73.1550419, 28.1613288, 0.0 ], [ 73.1550188, 28.1613285, 0.0 ], [ 73.155024, 28.1610252, 0.0 ] ], [ [ 73.154968, 28.1610245, 0.0 ], [ 73.1549911, 28.1610248, 0.0 ], [ 73.1549859, 28.161328, 0.0 ], [ 73.1549628, 28.1613277, 0.0 ], [ 73.154968, 28.1610245, 0.0 ] ], [ [ 73.1548855, 28.1625704, 0.0 ], [ 73.1549086, 28.1625707, 0.0 ], [ 73.1549034, 28.162874, 0.0 ], [ 73.1548803, 28.1628737, 0.0 ], [ 73.1548855, 28.1625704, 0.0 ] ], [ [ 73.1548295, 28.1625697, 0.0 ], [ 73.1548526, 28.16257, 0.0 ], [ 73.1548474, 28.1628732, 0.0 ], [ 73.1548243, 28.1628729, 0.0 ], [ 73.1548295, 28.1625697, 0.0 ] ], [ [ 73.1548801, 28.1628821, 0.0 ], [ 73.1549032, 28.1628824, 0.0 ], [ 73.154898, 28.1631857, 0.0 ], [ 73.1548749, 28.1631854, 0.0 ], [ 73.1548801, 28.1628821, 0.0 ] ], [ [ 73.1548241, 28.1628813, 0.0 ], [ 73.1548472, 28.1628817, 0.0 ], [ 73.154842, 28.1631849, 0.0 ], [ 73.1548189, 28.1631846, 0.0 ], [ 73.1548241, 28.1628813, 0.0 ] ], [ [ 73.1548961, 28.1619509, 0.0 ], [ 73.1549192, 28.1619513, 0.0 ], [ 73.154914, 28.1622545, 0.0 ], [ 73.1548909, 28.1622542, 0.0 ], [ 73.1548961, 28.1619509, 0.0 ] ], [ [ 73.1548401, 28.1619502, 0.0 ], [ 73.1548632, 28.1619505, 0.0 ], [ 73.154858, 28.1622538, 0.0 ], [ 73.1548349, 28.1622535, 0.0 ], [ 73.1548401, 28.1619502, 0.0 ] ], [ [ 73.1548907, 28.1622626, 0.0 ], [ 73.1549139, 28.1622629, 0.0 ], [ 73.1549087, 28.1625662, 0.0 ], [ 73.1548855, 28.1625659, 0.0 ], [ 73.1548907, 28.1622626, 0.0 ] ], [ [ 73.1548347, 28.1622619, 0.0 ], [ 73.1548579, 28.1622622, 0.0 ], [ 73.1548527, 28.1625655, 0.0 ], [ 73.1548295, 28.1625652, 0.0 ], [ 73.1548347, 28.1622619, 0.0 ] ], [ [ 73.1549067, 28.1613315, 0.0 ], [ 73.1549298, 28.1613318, 0.0 ], [ 73.1549246, 28.1616351, 0.0 ], [ 73.1549015, 28.1616348, 0.0 ], [ 73.1549067, 28.1613315, 0.0 ] ], [ [ 73.1548507, 28.1613307, 0.0 ], [ 73.1548738, 28.161331, 0.0 ], [ 73.1548686, 28.1616343, 0.0 ], [ 73.1548455, 28.161634, 0.0 ], [ 73.1548507, 28.1613307, 0.0 ] ], [ [ 73.1549014, 28.1616432, 0.0 ], [ 73.1549245, 28.1616435, 0.0 ], [ 73.1549193, 28.1619467, 0.0 ], [ 73.1548962, 28.1619464, 0.0 ], [ 73.1549014, 28.1616432, 0.0 ] ], [ [ 73.1548454, 28.1616424, 0.0 ], [ 73.1548685, 28.1616427, 0.0 ], [ 73.1548633, 28.161946, 0.0 ], [ 73.1548402, 28.1619457, 0.0 ], [ 73.1548454, 28.1616424, 0.0 ] ], [ [ 73.1549173, 28.160712, 0.0 ], [ 73.1549405, 28.1607123, 0.0 ], [ 73.1549353, 28.1610156, 0.0 ], [ 73.1549121, 28.1610153, 0.0 ], [ 73.1549173, 28.160712, 0.0 ] ], [ [ 73.1548613, 28.1607113, 0.0 ], [ 73.1548845, 28.1607116, 0.0 ], [ 73.1548793, 28.1610148, 0.0 ], [ 73.1548561, 28.1610145, 0.0 ], [ 73.1548613, 28.1607113, 0.0 ] ], [ [ 73.154912, 28.1610237, 0.0 ], [ 73.1549351, 28.161024, 0.0 ], [ 73.1549299, 28.1613273, 0.0 ], [ 73.1549068, 28.161327, 0.0 ], [ 73.154912, 28.1610237, 0.0 ] ], [ [ 73.154856, 28.1610229, 0.0 ], [ 73.1548791, 28.1610233, 0.0 ], [ 73.1548739, 28.1613265, 0.0 ], [ 73.1548508, 28.1613262, 0.0 ], [ 73.154856, 28.1610229, 0.0 ] ], [ [ 73.1547735, 28.1625689, 0.0 ], [ 73.1547966, 28.1625692, 0.0 ], [ 73.1547914, 28.1628725, 0.0 ], [ 73.1547683, 28.1628722, 0.0 ], [ 73.1547735, 28.1625689, 0.0 ] ], [ [ 73.1547175, 28.1625682, 0.0 ], [ 73.1547406, 28.1625685, 0.0 ], [ 73.1547354, 28.1628717, 0.0 ], [ 73.1547123, 28.1628714, 0.0 ], [ 73.1547175, 28.1625682, 0.0 ] ], [ [ 73.1547681, 28.1628806, 0.0 ], [ 73.1547913, 28.1628809, 0.0 ], [ 73.154786, 28.1631842, 0.0 ], [ 73.1547629, 28.1631839, 0.0 ], [ 73.1547681, 28.1628806, 0.0 ] ], [ [ 73.1547121, 28.1628798, 0.0 ], [ 73.1547353, 28.1628802, 0.0 ], [ 73.1547301, 28.1631834, 0.0 ], [ 73.1547069, 28.1631831, 0.0 ], [ 73.1547121, 28.1628798, 0.0 ] ], [ [ 73.1547841, 28.1619494, 0.0 ], [ 73.1548072, 28.1619498, 0.0 ], [ 73.154802, 28.162253, 0.0 ], [ 73.1547789, 28.1622527, 0.0 ], [ 73.1547841, 28.1619494, 0.0 ] ], [ [ 73.1547281, 28.1619487, 0.0 ], [ 73.1547512, 28.161949, 0.0 ], [ 73.154746, 28.1622523, 0.0 ], [ 73.1547229, 28.162252, 0.0 ], [ 73.1547281, 28.1619487, 0.0 ] ], [ [ 73.1547787, 28.1622611, 0.0 ], [ 73.1548019, 28.1622614, 0.0 ], [ 73.1547967, 28.1625647, 0.0 ], [ 73.1547735, 28.1625644, 0.0 ], [ 73.1547787, 28.1622611, 0.0 ] ], [ [ 73.1547228, 28.1622604, 0.0 ], [ 73.1547459, 28.1622607, 0.0 ], [ 73.1547407, 28.162564, 0.0 ], [ 73.1547176, 28.1625636, 0.0 ], [ 73.1547228, 28.1622604, 0.0 ] ], [ [ 73.1547947, 28.16133, 0.0 ], [ 73.1548179, 28.1613303, 0.0 ], [ 73.1548127, 28.1616336, 0.0 ], [ 73.1547895, 28.1616332, 0.0 ], [ 73.1547947, 28.16133, 0.0 ] ], [ [ 73.1547387, 28.1613292, 0.0 ], [ 73.1547619, 28.1613295, 0.0 ], [ 73.1547567, 28.1616328, 0.0 ], [ 73.1547335, 28.1616325, 0.0 ], [ 73.1547387, 28.1613292, 0.0 ] ], [ [ 73.1547894, 28.1616417, 0.0 ], [ 73.1548125, 28.161642, 0.0 ], [ 73.1548073, 28.1619452, 0.0 ], [ 73.1547842, 28.1619449, 0.0 ], [ 73.1547894, 28.1616417, 0.0 ] ], [ [ 73.1547334, 28.1616409, 0.0 ], [ 73.1547565, 28.1616412, 0.0 ], [ 73.1547513, 28.1619445, 0.0 ], [ 73.1547282, 28.1619442, 0.0 ], [ 73.1547334, 28.1616409, 0.0 ] ], [ [ 73.1548054, 28.1607105, 0.0 ], [ 73.1548285, 28.1607108, 0.0 ], [ 73.1548233, 28.1610141, 0.0 ], [ 73.1548001, 28.1610138, 0.0 ], [ 73.1548054, 28.1607105, 0.0 ] ], [ [ 73.1547494, 28.1607097, 0.0 ], [ 73.1547725, 28.1607101, 0.0 ], [ 73.1547673, 28.1610133, 0.0 ], [ 73.1547442, 28.161013, 0.0 ], [ 73.1547494, 28.1607097, 0.0 ] ], [ [ 73.1548, 28.1610222, 0.0 ], [ 73.1548231, 28.1610225, 0.0 ], [ 73.1548179, 28.1613258, 0.0 ], [ 73.1547948, 28.1613255, 0.0 ], [ 73.1548, 28.1610222, 0.0 ] ], [ [ 73.154744, 28.1610214, 0.0 ], [ 73.1547671, 28.1610217, 0.0 ], [ 73.1547619, 28.161325, 0.0 ], [ 73.1547388, 28.1613247, 0.0 ], [ 73.154744, 28.1610214, 0.0 ] ], [ [ 73.1546615, 28.1625674, 0.0 ], [ 73.1546846, 28.1625677, 0.0 ], [ 73.1546794, 28.162871, 0.0 ], [ 73.1546563, 28.1628707, 0.0 ], [ 73.1546615, 28.1625674, 0.0 ] ], [ [ 73.1546055, 28.1625666, 0.0 ], [ 73.1546286, 28.162567, 0.0 ], [ 73.1546234, 28.1628702, 0.0 ], [ 73.1546003, 28.1628699, 0.0 ], [ 73.1546055, 28.1625666, 0.0 ] ], [ [ 73.1546561, 28.1628791, 0.0 ], [ 73.1546793, 28.1628794, 0.0 ], [ 73.1546741, 28.1631827, 0.0 ], [ 73.1546509, 28.1631824, 0.0 ], [ 73.1546561, 28.1628791, 0.0 ] ], [ [ 73.1546001, 28.1628783, 0.0 ], [ 73.1546233, 28.1628786, 0.0 ], [ 73.1546181, 28.1631819, 0.0 ], [ 73.1545949, 28.1631816, 0.0 ], [ 73.1546001, 28.1628783, 0.0 ] ], [ [ 73.1546721, 28.1619479, 0.0 ], [ 73.1546952, 28.1619482, 0.0 ], [ 73.15469, 28.1622515, 0.0 ], [ 73.1546669, 28.1622512, 0.0 ], [ 73.1546721, 28.1619479, 0.0 ] ], [ [ 73.1546161, 28.1619472, 0.0 ], [ 73.1546392, 28.1619475, 0.0 ], [ 73.154634, 28.1622508, 0.0 ], [ 73.1546109, 28.1622504, 0.0 ], [ 73.1546161, 28.1619472, 0.0 ] ], [ [ 73.1546668, 28.1622596, 0.0 ], [ 73.1546899, 28.1622599, 0.0 ], [ 73.1546847, 28.1625632, 0.0 ], [ 73.1546616, 28.1625629, 0.0 ], [ 73.1546668, 28.1622596, 0.0 ] ], [ [ 73.1546108, 28.1622589, 0.0 ], [ 73.1546339, 28.1622592, 0.0 ], [ 73.1546287, 28.1625624, 0.0 ], [ 73.1546056, 28.1625621, 0.0 ], [ 73.1546108, 28.1622589, 0.0 ] ], [ [ 73.1546827, 28.1613285, 0.0 ], [ 73.1547059, 28.1613288, 0.0 ], [ 73.1547007, 28.161632, 0.0 ], [ 73.1546775, 28.1616317, 0.0 ], [ 73.1546827, 28.1613285, 0.0 ] ], [ [ 73.1546267, 28.1613277, 0.0 ], [ 73.1546499, 28.161328, 0.0 ], [ 73.1546447, 28.1616313, 0.0 ], [ 73.1546215, 28.161631, 0.0 ], [ 73.1546267, 28.1613277, 0.0 ] ], [ [ 73.1546774, 28.1616402, 0.0 ], [ 73.1547005, 28.1616405, 0.0 ], [ 73.1546953, 28.1619437, 0.0 ], [ 73.1546722, 28.1619434, 0.0 ], [ 73.1546774, 28.1616402, 0.0 ] ], [ [ 73.1546214, 28.1616394, 0.0 ], [ 73.1546445, 28.1616397, 0.0 ], [ 73.1546393, 28.161943, 0.0 ], [ 73.1546162, 28.1619427, 0.0 ], [ 73.1546214, 28.1616394, 0.0 ] ], [ [ 73.1546934, 28.160709, 0.0 ], [ 73.1547165, 28.1607093, 0.0 ], [ 73.1547113, 28.1610126, 0.0 ], [ 73.1546882, 28.1610123, 0.0 ], [ 73.1546934, 28.160709, 0.0 ] ], [ [ 73.1546374, 28.1607082, 0.0 ], [ 73.1546605, 28.1607086, 0.0 ], [ 73.1546553, 28.1610118, 0.0 ], [ 73.1546322, 28.1610115, 0.0 ], [ 73.1546374, 28.1607082, 0.0 ] ], [ [ 73.154688, 28.1610207, 0.0 ], [ 73.1547111, 28.161021, 0.0 ], [ 73.1547059, 28.1613243, 0.0 ], [ 73.1546828, 28.161324, 0.0 ], [ 73.154688, 28.1610207, 0.0 ] ], [ [ 73.154632, 28.1610199, 0.0 ], [ 73.1546552, 28.1610202, 0.0 ], [ 73.15465, 28.1613235, 0.0 ], [ 73.1546268, 28.1613232, 0.0 ], [ 73.154632, 28.1610199, 0.0 ] ], [ [ 73.1545495, 28.1625659, 0.0 ], [ 73.1545726, 28.1625662, 0.0 ], [ 73.1545674, 28.1628695, 0.0 ], [ 73.1545443, 28.1628692, 0.0 ], [ 73.1545495, 28.1625659, 0.0 ] ], [ [ 73.1544935, 28.1625651, 0.0 ], [ 73.1545166, 28.1625654, 0.0 ], [ 73.1545114, 28.1628687, 0.0 ], [ 73.1544883, 28.1628684, 0.0 ], [ 73.1544935, 28.1625651, 0.0 ] ], [ [ 73.1545441, 28.1628776, 0.0 ], [ 73.1545673, 28.1628779, 0.0 ], [ 73.1545621, 28.1631812, 0.0 ], [ 73.1545389, 28.1631808, 0.0 ], [ 73.1545441, 28.1628776, 0.0 ] ], [ [ 73.1544882, 28.1628768, 0.0 ], [ 73.1545113, 28.1628771, 0.0 ], [ 73.1545061, 28.1631804, 0.0 ], [ 73.1544829, 28.1631801, 0.0 ], [ 73.1544882, 28.1628768, 0.0 ] ], [ [ 73.1545601, 28.1619464, 0.0 ], [ 73.1545833, 28.1619467, 0.0 ], [ 73.1545781, 28.16225, 0.0 ], [ 73.1545549, 28.1622497, 0.0 ], [ 73.1545601, 28.1619464, 0.0 ] ], [ [ 73.1545041, 28.1619457, 0.0 ], [ 73.1545273, 28.161946, 0.0 ], [ 73.1545221, 28.1622492, 0.0 ], [ 73.1544989, 28.1622489, 0.0 ], [ 73.1545041, 28.1619457, 0.0 ] ], [ [ 73.1545548, 28.1622581, 0.0 ], [ 73.1545779, 28.1622584, 0.0 ], [ 73.1545727, 28.1625617, 0.0 ], [ 73.1545496, 28.1625614, 0.0 ], [ 73.1545548, 28.1622581, 0.0 ] ], [ [ 73.1544988, 28.1622574, 0.0 ], [ 73.1545219, 28.1622577, 0.0 ], [ 73.1545167, 28.1625609, 0.0 ], [ 73.1544936, 28.1625606, 0.0 ], [ 73.1544988, 28.1622574, 0.0 ] ], [ [ 73.1545708, 28.161327, 0.0 ], [ 73.1545939, 28.1613273, 0.0 ], [ 73.1545887, 28.1616305, 0.0 ], [ 73.1545655, 28.1616302, 0.0 ], [ 73.1545708, 28.161327, 0.0 ] ], [ [ 73.1545148, 28.1613262, 0.0 ], [ 73.1545379, 28.1613265, 0.0 ], [ 73.1545327, 28.1616298, 0.0 ], [ 73.1545096, 28.1616295, 0.0 ], [ 73.1545148, 28.1613262, 0.0 ] ], [ [ 73.1545654, 28.1616386, 0.0 ], [ 73.1545885, 28.161639, 0.0 ], [ 73.1545833, 28.1619422, 0.0 ], [ 73.1545602, 28.1619419, 0.0 ], [ 73.1545654, 28.1616386, 0.0 ] ], [ [ 73.1545094, 28.1616379, 0.0 ], [ 73.1545325, 28.1616382, 0.0 ], [ 73.1545273, 28.1619415, 0.0 ], [ 73.1545042, 28.1619412, 0.0 ], [ 73.1545094, 28.1616379, 0.0 ] ], [ [ 73.1545814, 28.1607075, 0.0 ], [ 73.1546045, 28.1607078, 0.0 ], [ 73.1545993, 28.1610111, 0.0 ], [ 73.1545762, 28.1610108, 0.0 ], [ 73.1545814, 28.1607075, 0.0 ] ], [ [ 73.1545254, 28.1607067, 0.0 ], [ 73.1545485, 28.160707, 0.0 ], [ 73.1545433, 28.1610103, 0.0 ], [ 73.1545202, 28.16101, 0.0 ], [ 73.1545254, 28.1607067, 0.0 ] ], [ [ 73.154576, 28.1610192, 0.0 ], [ 73.1545992, 28.1610195, 0.0 ], [ 73.154594, 28.1613228, 0.0 ], [ 73.1545708, 28.1613224, 0.0 ], [ 73.154576, 28.1610192, 0.0 ] ], [ [ 73.15452, 28.1610184, 0.0 ], [ 73.1545432, 28.1610187, 0.0 ], [ 73.154538, 28.161322, 0.0 ], [ 73.1545148, 28.1613217, 0.0 ], [ 73.15452, 28.1610184, 0.0 ] ], [ [ 73.1544375, 28.1625644, 0.0 ], [ 73.1544606, 28.1625647, 0.0 ], [ 73.1544554, 28.162868, 0.0 ], [ 73.1544323, 28.1628676, 0.0 ], [ 73.1544375, 28.1625644, 0.0 ] ], [ [ 73.1543815, 28.1625636, 0.0 ], [ 73.1544046, 28.1625639, 0.0 ], [ 73.1543994, 28.1628672, 0.0 ], [ 73.1543763, 28.1628669, 0.0 ], [ 73.1543815, 28.1625636, 0.0 ] ], [ [ 73.1544322, 28.1628761, 0.0 ], [ 73.1544553, 28.1628764, 0.0 ], [ 73.1544501, 28.1631796, 0.0 ], [ 73.154427, 28.1631793, 0.0 ], [ 73.1544322, 28.1628761, 0.0 ] ], [ [ 73.1543762, 28.1628753, 0.0 ], [ 73.1543993, 28.1628756, 0.0 ], [ 73.1543941, 28.1631789, 0.0 ], [ 73.154371, 28.1631786, 0.0 ], [ 73.1543762, 28.1628753, 0.0 ] ], [ [ 73.1544481, 28.1619449, 0.0 ], [ 73.1544713, 28.1619452, 0.0 ], [ 73.1544661, 28.1622485, 0.0 ], [ 73.1544429, 28.1622482, 0.0 ], [ 73.1544481, 28.1619449, 0.0 ] ], [ [ 73.1543921, 28.1619442, 0.0 ], [ 73.1544153, 28.1619445, 0.0 ], [ 73.1544101, 28.1622477, 0.0 ], [ 73.1543869, 28.1622474, 0.0 ], [ 73.1543921, 28.1619442, 0.0 ] ], [ [ 73.1544428, 28.1622566, 0.0 ], [ 73.1544659, 28.1622569, 0.0 ], [ 73.1544607, 28.1625602, 0.0 ], [ 73.1544376, 28.1625599, 0.0 ], [ 73.1544428, 28.1622566, 0.0 ] ], [ [ 73.1543868, 28.1622558, 0.0 ], [ 73.1544099, 28.1622562, 0.0 ], [ 73.1544047, 28.1625594, 0.0 ], [ 73.1543816, 28.1625591, 0.0 ], [ 73.1543868, 28.1622558, 0.0 ] ], [ [ 73.1544588, 28.1613254, 0.0 ], [ 73.1544819, 28.1613258, 0.0 ], [ 73.1544767, 28.161629, 0.0 ], [ 73.1544536, 28.1616287, 0.0 ], [ 73.1544588, 28.1613254, 0.0 ] ], [ [ 73.1544028, 28.1613247, 0.0 ], [ 73.1544259, 28.161325, 0.0 ], [ 73.1544207, 28.1616283, 0.0 ], [ 73.1543976, 28.161628, 0.0 ], [ 73.1544028, 28.1613247, 0.0 ] ], [ [ 73.1544534, 28.1616371, 0.0 ], [ 73.1544765, 28.1616374, 0.0 ], [ 73.1544713, 28.1619407, 0.0 ], [ 73.1544482, 28.1619404, 0.0 ], [ 73.1544534, 28.1616371, 0.0 ] ], [ [ 73.1543974, 28.1616364, 0.0 ], [ 73.1544206, 28.1616367, 0.0 ], [ 73.1544154, 28.16194, 0.0 ], [ 73.1543922, 28.1619396, 0.0 ], [ 73.1543974, 28.1616364, 0.0 ] ], [ [ 73.1544694, 28.160706, 0.0 ], [ 73.1544925, 28.1607063, 0.0 ], [ 73.1544873, 28.1610096, 0.0 ], [ 73.1544642, 28.1610092, 0.0 ], [ 73.1544694, 28.160706, 0.0 ] ], [ [ 73.1544134, 28.1607052, 0.0 ], [ 73.1544365, 28.1607055, 0.0 ], [ 73.1544313, 28.1610088, 0.0 ], [ 73.1544082, 28.1610085, 0.0 ], [ 73.1544134, 28.1607052, 0.0 ] ], [ [ 73.154464, 28.1610177, 0.0 ], [ 73.1544872, 28.161018, 0.0 ], [ 73.154482, 28.1613212, 0.0 ], [ 73.1544588, 28.1613209, 0.0 ], [ 73.154464, 28.1610177, 0.0 ] ], [ [ 73.1544081, 28.1610169, 0.0 ], [ 73.1544312, 28.1610172, 0.0 ], [ 73.154426, 28.1613205, 0.0 ], [ 73.1544029, 28.1613202, 0.0 ], [ 73.1544081, 28.1610169, 0.0 ] ], [ [ 73.1543255, 28.1625629, 0.0 ], [ 73.1543487, 28.1625632, 0.0 ], [ 73.1543434, 28.1628665, 0.0 ], [ 73.1543203, 28.1628661, 0.0 ], [ 73.1543255, 28.1625629, 0.0 ] ], [ [ 73.1542695, 28.1625621, 0.0 ], [ 73.1542927, 28.1625624, 0.0 ], [ 73.1542875, 28.1628657, 0.0 ], [ 73.1542643, 28.1628654, 0.0 ], [ 73.1542695, 28.1625621, 0.0 ] ], [ [ 73.1543202, 28.1628746, 0.0 ], [ 73.1543433, 28.1628749, 0.0 ], [ 73.1543381, 28.1631781, 0.0 ], [ 73.154315, 28.1631778, 0.0 ], [ 73.1543202, 28.1628746, 0.0 ] ], [ [ 73.1542642, 28.1628738, 0.0 ], [ 73.1542873, 28.1628741, 0.0 ], [ 73.1542821, 28.1631774, 0.0 ], [ 73.154259, 28.1631771, 0.0 ], [ 73.1542642, 28.1628738, 0.0 ] ], [ [ 73.1543362, 28.1619434, 0.0 ], [ 73.1543593, 28.1619437, 0.0 ], [ 73.1543541, 28.162247, 0.0 ], [ 73.1543309, 28.1622467, 0.0 ], [ 73.1543362, 28.1619434, 0.0 ] ], [ [ 73.1542802, 28.1619426, 0.0 ], [ 73.1543033, 28.161943, 0.0 ], [ 73.1542981, 28.1622462, 0.0 ], [ 73.154275, 28.1622459, 0.0 ], [ 73.1542802, 28.1619426, 0.0 ] ], [ [ 73.1543308, 28.1622551, 0.0 ], [ 73.1543539, 28.1622554, 0.0 ], [ 73.1543487, 28.1625587, 0.0 ], [ 73.1543256, 28.1625584, 0.0 ], [ 73.1543308, 28.1622551, 0.0 ] ], [ [ 73.1542748, 28.1622543, 0.0 ], [ 73.1542979, 28.1622546, 0.0 ], [ 73.1542927, 28.1625579, 0.0 ], [ 73.1542696, 28.1625576, 0.0 ], [ 73.1542748, 28.1622543, 0.0 ] ], [ [ 73.1543468, 28.1613239, 0.0 ], [ 73.1543699, 28.1613242, 0.0 ], [ 73.1543647, 28.1616275, 0.0 ], [ 73.1543416, 28.1616272, 0.0 ], [ 73.1543468, 28.1613239, 0.0 ] ], [ [ 73.1542908, 28.1613232, 0.0 ], [ 73.1543139, 28.1613235, 0.0 ], [ 73.1543087, 28.1616268, 0.0 ], [ 73.1542856, 28.1616265, 0.0 ], [ 73.1542908, 28.1613232, 0.0 ] ], [ [ 73.1543414, 28.1616356, 0.0 ], [ 73.1543646, 28.1616359, 0.0 ], [ 73.1543594, 28.1619392, 0.0 ], [ 73.1543362, 28.1619389, 0.0 ], [ 73.1543414, 28.1616356, 0.0 ] ], [ [ 73.1542854, 28.1616349, 0.0 ], [ 73.1543086, 28.1616352, 0.0 ], [ 73.1543034, 28.1619384, 0.0 ], [ 73.1542802, 28.1619381, 0.0 ], [ 73.1542854, 28.1616349, 0.0 ] ], [ [ 73.1543574, 28.1607045, 0.0 ], [ 73.1543805, 28.1607048, 0.0 ], [ 73.1543753, 28.161008, 0.0 ], [ 73.1543522, 28.1610077, 0.0 ], [ 73.1543574, 28.1607045, 0.0 ] ], [ [ 73.1543014, 28.1607037, 0.0 ], [ 73.1543245, 28.160704, 0.0 ], [ 73.1543193, 28.1610073, 0.0 ], [ 73.1542962, 28.161007, 0.0 ], [ 73.1543014, 28.1607037, 0.0 ] ], [ [ 73.1543521, 28.1610162, 0.0 ], [ 73.1543752, 28.1610165, 0.0 ], [ 73.15437, 28.1613197, 0.0 ], [ 73.1543469, 28.1613194, 0.0 ], [ 73.1543521, 28.1610162, 0.0 ] ], [ [ 73.1542961, 28.1610154, 0.0 ], [ 73.1543192, 28.1610157, 0.0 ], [ 73.154314, 28.161319, 0.0 ], [ 73.1542909, 28.1613187, 0.0 ], [ 73.1542961, 28.1610154, 0.0 ] ], [ [ 73.1542135, 28.1625614, 0.0 ], [ 73.1542367, 28.1625617, 0.0 ], [ 73.1542315, 28.1628649, 0.0 ], [ 73.1542083, 28.1628646, 0.0 ], [ 73.1542135, 28.1625614, 0.0 ] ], [ [ 73.1541575, 28.1625606, 0.0 ], [ 73.1541807, 28.1625609, 0.0 ], [ 73.1541755, 28.1628642, 0.0 ], [ 73.1541523, 28.1628639, 0.0 ], [ 73.1541575, 28.1625606, 0.0 ] ], [ [ 73.1542082, 28.162873, 0.0 ], [ 73.1542313, 28.1628734, 0.0 ], [ 73.1542261, 28.1631766, 0.0 ], [ 73.154203, 28.1631763, 0.0 ], [ 73.1542082, 28.162873, 0.0 ] ], [ [ 73.1541522, 28.1628723, 0.0 ], [ 73.1541753, 28.1628726, 0.0 ], [ 73.1541701, 28.1631759, 0.0 ], [ 73.154147, 28.1631756, 0.0 ], [ 73.1541522, 28.1628723, 0.0 ] ], [ [ 73.1542242, 28.1619419, 0.0 ], [ 73.1542473, 28.1619422, 0.0 ], [ 73.1542421, 28.1622455, 0.0 ], [ 73.154219, 28.1622452, 0.0 ], [ 73.1542242, 28.1619419, 0.0 ] ], [ [ 73.1541682, 28.1619411, 0.0 ], [ 73.1541913, 28.1619415, 0.0 ], [ 73.1541861, 28.1622447, 0.0 ], [ 73.154163, 28.1622444, 0.0 ], [ 73.1541682, 28.1619411, 0.0 ] ], [ [ 73.1542188, 28.1622536, 0.0 ], [ 73.1542419, 28.1622539, 0.0 ], [ 73.1542367, 28.1625572, 0.0 ], [ 73.1542136, 28.1625569, 0.0 ], [ 73.1542188, 28.1622536, 0.0 ] ], [ [ 73.1541628, 28.1622528, 0.0 ], [ 73.154186, 28.1622531, 0.0 ], [ 73.1541807, 28.1625564, 0.0 ], [ 73.1541576, 28.1625561, 0.0 ], [ 73.1541628, 28.1622528, 0.0 ] ], [ [ 73.1542348, 28.1613224, 0.0 ], [ 73.1542579, 28.1613227, 0.0 ], [ 73.1542527, 28.161626, 0.0 ], [ 73.1542296, 28.1616257, 0.0 ], [ 73.1542348, 28.1613224, 0.0 ] ], [ [ 73.1541788, 28.1613217, 0.0 ], [ 73.1542019, 28.161322, 0.0 ], [ 73.1541967, 28.1616253, 0.0 ], [ 73.1541736, 28.1616249, 0.0 ], [ 73.1541788, 28.1613217, 0.0 ] ], [ [ 73.1542294, 28.1616341, 0.0 ], [ 73.1542526, 28.1616344, 0.0 ], [ 73.1542474, 28.1619377, 0.0 ], [ 73.1542242, 28.1619374, 0.0 ], [ 73.1542294, 28.1616341, 0.0 ] ], [ [ 73.1541735, 28.1616334, 0.0 ], [ 73.1541966, 28.1616337, 0.0 ], [ 73.1541914, 28.1619369, 0.0 ], [ 73.1541682, 28.1619366, 0.0 ], [ 73.1541735, 28.1616334, 0.0 ] ], [ [ 73.1542454, 28.160703, 0.0 ], [ 73.1542686, 28.1607033, 0.0 ], [ 73.1542634, 28.1610065, 0.0 ], [ 73.1542402, 28.1610062, 0.0 ], [ 73.1542454, 28.160703, 0.0 ] ], [ [ 73.1541894, 28.1607022, 0.0 ], [ 73.1542126, 28.1607025, 0.0 ], [ 73.1542074, 28.1610058, 0.0 ], [ 73.1541842, 28.1610055, 0.0 ], [ 73.1541894, 28.1607022, 0.0 ] ], [ [ 73.1542401, 28.1610146, 0.0 ], [ 73.1542632, 28.161015, 0.0 ], [ 73.154258, 28.1613182, 0.0 ], [ 73.1542349, 28.1613179, 0.0 ], [ 73.1542401, 28.1610146, 0.0 ] ], [ [ 73.1541841, 28.1610139, 0.0 ], [ 73.1542072, 28.1610142, 0.0 ], [ 73.154202, 28.1613175, 0.0 ], [ 73.1541789, 28.1613172, 0.0 ], [ 73.1541841, 28.1610139, 0.0 ] ], [ [ 73.1541015, 28.1625599, 0.0 ], [ 73.1541247, 28.1625602, 0.0 ], [ 73.1541195, 28.1628634, 0.0 ], [ 73.1540963, 28.1628631, 0.0 ], [ 73.1541015, 28.1625599, 0.0 ] ], [ [ 73.1540456, 28.1625591, 0.0 ], [ 73.1540687, 28.1625594, 0.0 ], [ 73.1540635, 28.1628627, 0.0 ], [ 73.1540403, 28.1628624, 0.0 ], [ 73.1540456, 28.1625591, 0.0 ] ], [ [ 73.1540962, 28.1628715, 0.0 ], [ 73.1541193, 28.1628719, 0.0 ], [ 73.1541141, 28.1631751, 0.0 ], [ 73.154091, 28.1631748, 0.0 ], [ 73.1540962, 28.1628715, 0.0 ] ], [ [ 73.1540402, 28.1628708, 0.0 ], [ 73.1540633, 28.1628711, 0.0 ], [ 73.1540581, 28.1631744, 0.0 ], [ 73.154035, 28.1631741, 0.0 ], [ 73.1540402, 28.1628708, 0.0 ] ], [ [ 73.1541122, 28.1619404, 0.0 ], [ 73.1541353, 28.1619407, 0.0 ], [ 73.1541301, 28.162244, 0.0 ], [ 73.154107, 28.1622437, 0.0 ], [ 73.1541122, 28.1619404, 0.0 ] ], [ [ 73.1540562, 28.1619396, 0.0 ], [ 73.1540793, 28.1619399, 0.0 ], [ 73.1540741, 28.1622432, 0.0 ], [ 73.154051, 28.1622429, 0.0 ], [ 73.1540562, 28.1619396, 0.0 ] ], [ [ 73.1541068, 28.1622521, 0.0 ], [ 73.15413, 28.1622524, 0.0 ], [ 73.1541248, 28.1625557, 0.0 ], [ 73.1541016, 28.1625553, 0.0 ], [ 73.1541068, 28.1622521, 0.0 ] ], [ [ 73.1540508, 28.1622513, 0.0 ], [ 73.154074, 28.1622516, 0.0 ], [ 73.1540688, 28.1625549, 0.0 ], [ 73.1540456, 28.1625546, 0.0 ], [ 73.1540508, 28.1622513, 0.0 ] ], [ [ 73.1541228, 28.1613209, 0.0 ], [ 73.1541459, 28.1613212, 0.0 ], [ 73.1541407, 28.1616245, 0.0 ], [ 73.1541176, 28.1616242, 0.0 ], [ 73.1541228, 28.1613209, 0.0 ] ], [ [ 73.1540668, 28.1613202, 0.0 ], [ 73.1540899, 28.1613205, 0.0 ], [ 73.1540847, 28.1616237, 0.0 ], [ 73.1540616, 28.1616234, 0.0 ], [ 73.1540668, 28.1613202, 0.0 ] ], [ [ 73.1541175, 28.1616326, 0.0 ], [ 73.1541406, 28.1616329, 0.0 ], [ 73.1541354, 28.1619362, 0.0 ], [ 73.1541123, 28.1619359, 0.0 ], [ 73.1541175, 28.1616326, 0.0 ] ], [ [ 73.1540615, 28.1616318, 0.0 ], [ 73.1540846, 28.1616322, 0.0 ], [ 73.1540794, 28.1619354, 0.0 ], [ 73.1540563, 28.1619351, 0.0 ], [ 73.1540615, 28.1616318, 0.0 ] ], [ [ 73.1541334, 28.1607014, 0.0 ], [ 73.1541566, 28.1607018, 0.0 ], [ 73.1541514, 28.161005, 0.0 ], [ 73.1541282, 28.1610047, 0.0 ], [ 73.1541334, 28.1607014, 0.0 ] ], [ [ 73.1540774, 28.1607007, 0.0 ], [ 73.1541006, 28.160701, 0.0 ], [ 73.1540954, 28.1610043, 0.0 ], [ 73.1540722, 28.161004, 0.0 ], [ 73.1540774, 28.1607007, 0.0 ] ], [ [ 73.1541281, 28.1610131, 0.0 ], [ 73.1541512, 28.1610134, 0.0 ], [ 73.154146, 28.1613167, 0.0 ], [ 73.1541229, 28.1613164, 0.0 ], [ 73.1541281, 28.1610131, 0.0 ] ], [ [ 73.1540721, 28.1610124, 0.0 ], [ 73.1540952, 28.1610127, 0.0 ], [ 73.15409, 28.161316, 0.0 ], [ 73.1540669, 28.1613157, 0.0 ], [ 73.1540721, 28.1610124, 0.0 ] ], [ [ 73.1539896, 28.1625583, 0.0 ], [ 73.1540127, 28.1625587, 0.0 ], [ 73.1540075, 28.1628619, 0.0 ], [ 73.1539844, 28.1628616, 0.0 ], [ 73.1539896, 28.1625583, 0.0 ] ], [ [ 73.1539336, 28.1625576, 0.0 ], [ 73.1539567, 28.1625579, 0.0 ], [ 73.1539515, 28.1628612, 0.0 ], [ 73.1539284, 28.1628609, 0.0 ], [ 73.1539336, 28.1625576, 0.0 ] ], [ [ 73.1539842, 28.16287, 0.0 ], [ 73.1540073, 28.1628703, 0.0 ], [ 73.1540021, 28.1631736, 0.0 ], [ 73.153979, 28.1631733, 0.0 ], [ 73.1539842, 28.16287, 0.0 ] ], [ [ 73.1539282, 28.1628693, 0.0 ], [ 73.1539513, 28.1628696, 0.0 ], [ 73.1539461, 28.1631729, 0.0 ], [ 73.153923, 28.1631725, 0.0 ], [ 73.1539282, 28.1628693, 0.0 ] ], [ [ 73.1540002, 28.1619389, 0.0 ], [ 73.1540233, 28.1619392, 0.0 ], [ 73.1540181, 28.1622425, 0.0 ], [ 73.153995, 28.1622421, 0.0 ], [ 73.1540002, 28.1619389, 0.0 ] ], [ [ 73.1539442, 28.1619381, 0.0 ], [ 73.1539673, 28.1619384, 0.0 ], [ 73.1539621, 28.1622417, 0.0 ], [ 73.153939, 28.1622414, 0.0 ], [ 73.1539442, 28.1619381, 0.0 ] ], [ [ 73.1539948, 28.1622506, 0.0 ], [ 73.154018, 28.1622509, 0.0 ], [ 73.1540128, 28.1625541, 0.0 ], [ 73.1539896, 28.1625538, 0.0 ], [ 73.1539948, 28.1622506, 0.0 ] ], [ [ 73.1539388, 28.1622498, 0.0 ], [ 73.153962, 28.1622501, 0.0 ], [ 73.1539568, 28.1625534, 0.0 ], [ 73.1539336, 28.1625531, 0.0 ], [ 73.1539388, 28.1622498, 0.0 ] ], [ [ 73.1540108, 28.1613194, 0.0 ], [ 73.154034, 28.1613197, 0.0 ], [ 73.1540287, 28.161623, 0.0 ], [ 73.1540056, 28.1616227, 0.0 ], [ 73.1540108, 28.1613194, 0.0 ] ], [ [ 73.1539548, 28.1613187, 0.0 ], [ 73.153978, 28.161319, 0.0 ], [ 73.1539728, 28.1616222, 0.0 ], [ 73.1539496, 28.1616219, 0.0 ], [ 73.1539548, 28.1613187, 0.0 ] ], [ [ 73.1540055, 28.1616311, 0.0 ], [ 73.1540286, 28.1616314, 0.0 ], [ 73.1540234, 28.1619347, 0.0 ], [ 73.1540003, 28.1619344, 0.0 ], [ 73.1540055, 28.1616311, 0.0 ] ], [ [ 73.1539495, 28.1616303, 0.0 ], [ 73.1539726, 28.1616307, 0.0 ], [ 73.1539674, 28.1619339, 0.0 ], [ 73.1539443, 28.1619336, 0.0 ], [ 73.1539495, 28.1616303, 0.0 ] ], [ [ 73.1540215, 28.1606999, 0.0 ], [ 73.1540446, 28.1607003, 0.0 ], [ 73.1540394, 28.1610035, 0.0 ], [ 73.1540163, 28.1610032, 0.0 ], [ 73.1540215, 28.1606999, 0.0 ] ], [ [ 73.1539655, 28.1606992, 0.0 ], [ 73.1539886, 28.1606995, 0.0 ], [ 73.1539834, 28.1610028, 0.0 ], [ 73.1539603, 28.1610025, 0.0 ], [ 73.1539655, 28.1606992, 0.0 ] ], [ [ 73.1540161, 28.1610116, 0.0 ], [ 73.1540392, 28.1610119, 0.0 ], [ 73.154034, 28.1613152, 0.0 ], [ 73.1540109, 28.1613149, 0.0 ], [ 73.1540161, 28.1610116, 0.0 ] ], [ [ 73.1539601, 28.1610109, 0.0 ], [ 73.1539832, 28.1610112, 0.0 ], [ 73.153978, 28.1613145, 0.0 ], [ 73.1539549, 28.1613141, 0.0 ], [ 73.1539601, 28.1610109, 0.0 ] ], [ [ 73.1538882, 28.1619374, 0.0 ], [ 73.1539113, 28.1619377, 0.0 ], [ 73.1539061, 28.1622409, 0.0 ], [ 73.153883, 28.1622406, 0.0 ], [ 73.1538882, 28.1619374, 0.0 ] ], [ [ 73.1538322, 28.1619366, 0.0 ], [ 73.1538553, 28.1619369, 0.0 ], [ 73.1538501, 28.1622402, 0.0 ], [ 73.153827, 28.1622399, 0.0 ], [ 73.1538322, 28.1619366, 0.0 ] ], [ [ 73.1538829, 28.1622491, 0.0 ], [ 73.153906, 28.1622494, 0.0 ], [ 73.1539008, 28.1625526, 0.0 ], [ 73.1538776, 28.1625523, 0.0 ], [ 73.1538829, 28.1622491, 0.0 ] ], [ [ 73.1538269, 28.1622483, 0.0 ], [ 73.15385, 28.1622486, 0.0 ], [ 73.1538448, 28.1625519, 0.0 ], [ 73.1538217, 28.1625516, 0.0 ], [ 73.1538269, 28.1622483, 0.0 ] ], [ [ 73.1538988, 28.1613179, 0.0 ], [ 73.153922, 28.1613182, 0.0 ], [ 73.1539168, 28.1616215, 0.0 ], [ 73.1538936, 28.1616212, 0.0 ], [ 73.1538988, 28.1613179, 0.0 ] ], [ [ 73.1538428, 28.1613171, 0.0 ], [ 73.153866, 28.1613175, 0.0 ], [ 73.1538608, 28.1616207, 0.0 ], [ 73.1538376, 28.1616204, 0.0 ], [ 73.1538428, 28.1613171, 0.0 ] ], [ [ 73.1538935, 28.1616296, 0.0 ], [ 73.1539166, 28.1616299, 0.0 ], [ 73.1539114, 28.1619332, 0.0 ], [ 73.1538883, 28.1619329, 0.0 ], [ 73.1538935, 28.1616296, 0.0 ] ], [ [ 73.1538375, 28.1616288, 0.0 ], [ 73.1538606, 28.1616291, 0.0 ], [ 73.1538554, 28.1619324, 0.0 ], [ 73.1538323, 28.1619321, 0.0 ], [ 73.1538375, 28.1616288, 0.0 ] ], [ [ 73.1539095, 28.1606984, 0.0 ], [ 73.1539326, 28.1606987, 0.0 ], [ 73.1539274, 28.161002, 0.0 ], [ 73.1539043, 28.1610017, 0.0 ], [ 73.1539095, 28.1606984, 0.0 ] ], [ [ 73.1538535, 28.1606977, 0.0 ], [ 73.1538766, 28.160698, 0.0 ], [ 73.1538714, 28.1610013, 0.0 ], [ 73.1538483, 28.1610009, 0.0 ], [ 73.1538535, 28.1606977, 0.0 ] ], [ [ 73.1539041, 28.1610101, 0.0 ], [ 73.1539273, 28.1610104, 0.0 ], [ 73.153922, 28.1613137, 0.0 ], [ 73.1538989, 28.1613134, 0.0 ], [ 73.1539041, 28.1610101, 0.0 ] ], [ [ 73.1538481, 28.1610094, 0.0 ], [ 73.1538713, 28.1610097, 0.0 ], [ 73.1538661, 28.1613129, 0.0 ], [ 73.1538429, 28.1613126, 0.0 ], [ 73.1538481, 28.1610094, 0.0 ] ], [ [ 73.1534403, 28.1619313, 0.0 ], [ 73.1534634, 28.1619316, 0.0 ], [ 73.1534582, 28.1622349, 0.0 ], [ 73.1534351, 28.1622346, 0.0 ], [ 73.1534403, 28.1619313, 0.0 ] ], [ [ 73.1533843, 28.1619306, 0.0 ], [ 73.1534074, 28.1619309, 0.0 ], [ 73.1534022, 28.1622342, 0.0 ], [ 73.1533791, 28.1622338, 0.0 ], [ 73.1533843, 28.1619306, 0.0 ] ], [ [ 73.1534349, 28.162243, 0.0 ], [ 73.153458, 28.1622433, 0.0 ], [ 73.1534528, 28.1625466, 0.0 ], [ 73.1534297, 28.1625463, 0.0 ], [ 73.1534349, 28.162243, 0.0 ] ], [ [ 73.1533789, 28.1622423, 0.0 ], [ 73.153402, 28.1622426, 0.0 ], [ 73.1533968, 28.1625458, 0.0 ], [ 73.1533737, 28.1625455, 0.0 ], [ 73.1533789, 28.1622423, 0.0 ] ], [ [ 73.1536749, 28.1613149, 0.0 ], [ 73.153698, 28.1613152, 0.0 ], [ 73.1536928, 28.1616185, 0.0 ], [ 73.1536697, 28.1616181, 0.0 ], [ 73.1536749, 28.1613149, 0.0 ] ], [ [ 73.1536189, 28.1613141, 0.0 ], [ 73.153642, 28.1613144, 0.0 ], [ 73.1536368, 28.1616177, 0.0 ], [ 73.1536137, 28.1616174, 0.0 ], [ 73.1536189, 28.1613141, 0.0 ] ], [ [ 73.1536695, 28.1616266, 0.0 ], [ 73.1536926, 28.1616269, 0.0 ], [ 73.1536874, 28.1619301, 0.0 ], [ 73.1536643, 28.1619298, 0.0 ], [ 73.1536695, 28.1616266, 0.0 ] ], [ [ 73.1536135, 28.1616258, 0.0 ], [ 73.1536367, 28.1616261, 0.0 ], [ 73.1536314, 28.1619294, 0.0 ], [ 73.1536083, 28.1619291, 0.0 ], [ 73.1536135, 28.1616258, 0.0 ] ], [ [ 73.1536855, 28.1606954, 0.0 ], [ 73.1537086, 28.1606957, 0.0 ], [ 73.1537034, 28.160999, 0.0 ], [ 73.1536803, 28.1609987, 0.0 ], [ 73.1536855, 28.1606954, 0.0 ] ], [ [ 73.1536295, 28.1606947, 0.0 ], [ 73.1536526, 28.160695, 0.0 ], [ 73.1536474, 28.1609982, 0.0 ], [ 73.1536243, 28.1609979, 0.0 ], [ 73.1536295, 28.1606947, 0.0 ] ], [ [ 73.1536802, 28.1610071, 0.0 ], [ 73.1537033, 28.1610074, 0.0 ], [ 73.1536981, 28.1613107, 0.0 ], [ 73.1536749, 28.1613104, 0.0 ], [ 73.1536802, 28.1610071, 0.0 ] ], [ [ 73.1536242, 28.1610063, 0.0 ], [ 73.1536473, 28.1610067, 0.0 ], [ 73.1536421, 28.1613099, 0.0 ], [ 73.153619, 28.1613096, 0.0 ], [ 73.1536242, 28.1610063, 0.0 ] ], [ [ 73.1535522, 28.1619328, 0.0 ], [ 73.1535754, 28.1619331, 0.0 ], [ 73.1535702, 28.1622364, 0.0 ], [ 73.153547, 28.1622361, 0.0 ], [ 73.1535522, 28.1619328, 0.0 ] ], [ [ 73.1534963, 28.1619321, 0.0 ], [ 73.1535194, 28.1619324, 0.0 ], [ 73.1535142, 28.1622357, 0.0 ], [ 73.153491, 28.1622353, 0.0 ], [ 73.1534963, 28.1619321, 0.0 ] ], [ [ 73.1535469, 28.1622445, 0.0 ], [ 73.15357, 28.1622448, 0.0 ], [ 73.1535648, 28.1625481, 0.0 ], [ 73.1535417, 28.1625478, 0.0 ], [ 73.1535469, 28.1622445, 0.0 ] ], [ [ 73.1534909, 28.1622438, 0.0 ], [ 73.153514, 28.1622441, 0.0 ], [ 73.1535088, 28.1625473, 0.0 ], [ 73.1534857, 28.162547, 0.0 ], [ 73.1534909, 28.1622438, 0.0 ] ], [ [ 73.1535629, 28.1613134, 0.0 ], [ 73.153586, 28.1613137, 0.0 ], [ 73.1535808, 28.1616169, 0.0 ], [ 73.1535577, 28.1616166, 0.0 ], [ 73.1535629, 28.1613134, 0.0 ] ], [ [ 73.1535069, 28.1613126, 0.0 ], [ 73.15353, 28.1613129, 0.0 ], [ 73.1535248, 28.1616162, 0.0 ], [ 73.1535017, 28.1616159, 0.0 ], [ 73.1535069, 28.1613126, 0.0 ] ], [ [ 73.1535575, 28.1616251, 0.0 ], [ 73.1535807, 28.1616254, 0.0 ], [ 73.1535755, 28.1619286, 0.0 ], [ 73.1535523, 28.1619283, 0.0 ], [ 73.1535575, 28.1616251, 0.0 ] ], [ [ 73.1535015, 28.1616243, 0.0 ], [ 73.1535247, 28.1616246, 0.0 ], [ 73.1535195, 28.1619279, 0.0 ], [ 73.1534963, 28.1619276, 0.0 ], [ 73.1535015, 28.1616243, 0.0 ] ], [ [ 73.1535735, 28.1606939, 0.0 ], [ 73.1535966, 28.1606942, 0.0 ], [ 73.1535914, 28.1609975, 0.0 ], [ 73.1535683, 28.1609972, 0.0 ], [ 73.1535735, 28.1606939, 0.0 ] ], [ [ 73.1535175, 28.1606931, 0.0 ], [ 73.1535407, 28.1606935, 0.0 ], [ 73.1535354, 28.1609967, 0.0 ], [ 73.1535123, 28.1609964, 0.0 ], [ 73.1535175, 28.1606931, 0.0 ] ], [ [ 73.1535682, 28.1610056, 0.0 ], [ 73.1535913, 28.1610059, 0.0 ], [ 73.1535861, 28.1613092, 0.0 ], [ 73.153563, 28.1613089, 0.0 ], [ 73.1535682, 28.1610056, 0.0 ] ], [ [ 73.1535122, 28.1610048, 0.0 ], [ 73.1535353, 28.1610051, 0.0 ], [ 73.1535301, 28.1613084, 0.0 ], [ 73.153507, 28.1613081, 0.0 ], [ 73.1535122, 28.1610048, 0.0 ] ], [ [ 73.1534509, 28.1613119, 0.0 ], [ 73.153474, 28.1613122, 0.0 ], [ 73.1534688, 28.1616154, 0.0 ], [ 73.1534457, 28.1616151, 0.0 ], [ 73.1534509, 28.1613119, 0.0 ] ], [ [ 73.1533949, 28.1613111, 0.0 ], [ 73.153418, 28.1613114, 0.0 ], [ 73.1534128, 28.1616147, 0.0 ], [ 73.1533897, 28.1616144, 0.0 ], [ 73.1533949, 28.1613111, 0.0 ] ], [ [ 73.1534455, 28.1616235, 0.0 ], [ 73.1534687, 28.1616239, 0.0 ], [ 73.1534635, 28.1619271, 0.0 ], [ 73.1534403, 28.1619268, 0.0 ], [ 73.1534455, 28.1616235, 0.0 ] ], [ [ 73.1533896, 28.1616228, 0.0 ], [ 73.1534127, 28.1616231, 0.0 ], [ 73.1534075, 28.1619264, 0.0 ], [ 73.1533843, 28.1619261, 0.0 ], [ 73.1533896, 28.1616228, 0.0 ] ], [ [ 73.153307, 28.1631687, 0.0 ], [ 73.1533301, 28.1631691, 0.0 ], [ 73.1533249, 28.1634723, 0.0 ], [ 73.1533018, 28.163472, 0.0 ], [ 73.153307, 28.1631687, 0.0 ] ], [ [ 73.153251, 28.163168, 0.0 ], [ 73.1532741, 28.1631683, 0.0 ], [ 73.1532689, 28.1634716, 0.0 ], [ 73.1532458, 28.1634713, 0.0 ], [ 73.153251, 28.163168, 0.0 ] ], [ [ 73.1533016, 28.1634804, 0.0 ], [ 73.1533248, 28.1634807, 0.0 ], [ 73.1533196, 28.163784, 0.0 ], [ 73.1532964, 28.1637837, 0.0 ], [ 73.1533016, 28.1634804, 0.0 ] ], [ [ 73.1532457, 28.1634797, 0.0 ], [ 73.1532688, 28.16348, 0.0 ], [ 73.1532636, 28.1637833, 0.0 ], [ 73.1532404, 28.163783, 0.0 ], [ 73.1532457, 28.1634797, 0.0 ] ], [ [ 73.1533283, 28.1619298, 0.0 ], [ 73.1533514, 28.1619301, 0.0 ], [ 73.1533462, 28.1622334, 0.0 ], [ 73.1533231, 28.1622331, 0.0 ], [ 73.1533283, 28.1619298, 0.0 ] ], [ [ 73.1532723, 28.1619291, 0.0 ], [ 73.1532954, 28.1619294, 0.0 ], [ 73.1532902, 28.1622326, 0.0 ], [ 73.1532671, 28.1622323, 0.0 ], [ 73.1532723, 28.1619291, 0.0 ] ], [ [ 73.1533229, 28.1622415, 0.0 ], [ 73.1533461, 28.1622418, 0.0 ], [ 73.1533408, 28.1625451, 0.0 ], [ 73.1533177, 28.1625448, 0.0 ], [ 73.1533229, 28.1622415, 0.0 ] ], [ [ 73.1532669, 28.1622407, 0.0 ], [ 73.1532901, 28.1622411, 0.0 ], [ 73.1532849, 28.1625443, 0.0 ], [ 73.1532617, 28.162544, 0.0 ], [ 73.1532669, 28.1622407, 0.0 ] ], [ [ 73.1533389, 28.1613103, 0.0 ], [ 73.153362, 28.1613107, 0.0 ], [ 73.1533568, 28.1616139, 0.0 ], [ 73.1533337, 28.1616136, 0.0 ], [ 73.1533389, 28.1613103, 0.0 ] ], [ [ 73.1532829, 28.1613096, 0.0 ], [ 73.153306, 28.1613099, 0.0 ], [ 73.1533008, 28.1616132, 0.0 ], [ 73.1532777, 28.1616129, 0.0 ], [ 73.1532829, 28.1613096, 0.0 ] ], [ [ 73.1533336, 28.161622, 0.0 ], [ 73.1533567, 28.1616223, 0.0 ], [ 73.1533515, 28.1619256, 0.0 ], [ 73.1533284, 28.1619253, 0.0 ], [ 73.1533336, 28.161622, 0.0 ] ], [ [ 73.1532776, 28.1616213, 0.0 ], [ 73.1533007, 28.1616216, 0.0 ], [ 73.1532955, 28.1619249, 0.0 ], [ 73.1532724, 28.1619245, 0.0 ], [ 73.1532776, 28.1616213, 0.0 ] ], [ [ 73.1531737, 28.1644062, 0.0 ], [ 73.1531969, 28.1644065, 0.0 ], [ 73.1531917, 28.1647098, 0.0 ], [ 73.1531685, 28.1647094, 0.0 ], [ 73.1531737, 28.1644062, 0.0 ] ], [ [ 73.1531177, 28.1644054, 0.0 ], [ 73.1531409, 28.1644057, 0.0 ], [ 73.1531357, 28.164709, 0.0 ], [ 73.1531125, 28.1647087, 0.0 ], [ 73.1531177, 28.1644054, 0.0 ] ], [ [ 73.1531684, 28.1647179, 0.0 ], [ 73.1531915, 28.1647182, 0.0 ], [ 73.1531863, 28.1650214, 0.0 ], [ 73.1531632, 28.1650211, 0.0 ], [ 73.1531684, 28.1647179, 0.0 ] ], [ [ 73.1531124, 28.1647171, 0.0 ], [ 73.1531355, 28.1647174, 0.0 ], [ 73.1531303, 28.1650207, 0.0 ], [ 73.1531072, 28.1650204, 0.0 ], [ 73.1531124, 28.1647171, 0.0 ] ], [ [ 73.153195, 28.1631672, 0.0 ], [ 73.1532181, 28.1631676, 0.0 ], [ 73.1532129, 28.1634708, 0.0 ], [ 73.1531898, 28.1634705, 0.0 ], [ 73.153195, 28.1631672, 0.0 ] ], [ [ 73.153139, 28.1631665, 0.0 ], [ 73.1531622, 28.1631668, 0.0 ], [ 73.1531569, 28.1634701, 0.0 ], [ 73.1531338, 28.1634698, 0.0 ], [ 73.153139, 28.1631665, 0.0 ] ], [ [ 73.1531897, 28.1634789, 0.0 ], [ 73.1532128, 28.1634792, 0.0 ], [ 73.1532076, 28.1637825, 0.0 ], [ 73.1531845, 28.1637822, 0.0 ], [ 73.1531897, 28.1634789, 0.0 ] ], [ [ 73.1531337, 28.1634782, 0.0 ], [ 73.1531568, 28.1634785, 0.0 ], [ 73.1531516, 28.1637818, 0.0 ], [ 73.1531285, 28.1637814, 0.0 ], [ 73.1531337, 28.1634782, 0.0 ] ], [ [ 73.1532057, 28.1625478, 0.0 ], [ 73.1532288, 28.1625481, 0.0 ], [ 73.1532236, 28.1628514, 0.0 ], [ 73.1532004, 28.162851, 0.0 ], [ 73.1532057, 28.1625478, 0.0 ] ], [ [ 73.1531497, 28.162547, 0.0 ], [ 73.1531728, 28.1625473, 0.0 ], [ 73.1531676, 28.1628506, 0.0 ], [ 73.1531444, 28.1628503, 0.0 ], [ 73.1531497, 28.162547, 0.0 ] ], [ [ 73.1532003, 28.1628595, 0.0 ], [ 73.1532234, 28.1628598, 0.0 ], [ 73.1532182, 28.163163, 0.0 ], [ 73.1531951, 28.1631627, 0.0 ], [ 73.1532003, 28.1628595, 0.0 ] ], [ [ 73.1531443, 28.1628587, 0.0 ], [ 73.1531674, 28.162859, 0.0 ], [ 73.1531622, 28.1631623, 0.0 ], [ 73.1531391, 28.163162, 0.0 ], [ 73.1531443, 28.1628587, 0.0 ] ], [ [ 73.1532163, 28.1619283, 0.0 ], [ 73.1532394, 28.1619286, 0.0 ], [ 73.1532342, 28.1622319, 0.0 ], [ 73.1532111, 28.1622316, 0.0 ], [ 73.1532163, 28.1619283, 0.0 ] ], [ [ 73.1531603, 28.1619275, 0.0 ], [ 73.1531834, 28.1619279, 0.0 ], [ 73.1531782, 28.1622311, 0.0 ], [ 73.1531551, 28.1622308, 0.0 ], [ 73.1531603, 28.1619275, 0.0 ] ], [ [ 73.1532109, 28.16224, 0.0 ], [ 73.1532341, 28.1622403, 0.0 ], [ 73.1532289, 28.1625436, 0.0 ], [ 73.1532057, 28.1625433, 0.0 ], [ 73.1532109, 28.16224, 0.0 ] ], [ [ 73.1531549, 28.1622392, 0.0 ], [ 73.1531781, 28.1622395, 0.0 ], [ 73.1531729, 28.1625428, 0.0 ], [ 73.1531497, 28.1625425, 0.0 ], [ 73.1531549, 28.1622392, 0.0 ] ], [ [ 73.1532269, 28.1613088, 0.0 ], [ 73.1532501, 28.1613091, 0.0 ], [ 73.1532448, 28.1616124, 0.0 ], [ 73.1532217, 28.1616121, 0.0 ], [ 73.1532269, 28.1613088, 0.0 ] ], [ [ 73.1531709, 28.1613081, 0.0 ], [ 73.1531941, 28.1613084, 0.0 ], [ 73.1531889, 28.1616117, 0.0 ], [ 73.1531657, 28.1616114, 0.0 ], [ 73.1531709, 28.1613081, 0.0 ] ], [ [ 73.1532216, 28.1616205, 0.0 ], [ 73.1532447, 28.1616208, 0.0 ], [ 73.1532395, 28.1619241, 0.0 ], [ 73.1532164, 28.1619238, 0.0 ], [ 73.1532216, 28.1616205, 0.0 ] ], [ [ 73.1531656, 28.1616198, 0.0 ], [ 73.1531887, 28.1616201, 0.0 ], [ 73.1531835, 28.1619234, 0.0 ], [ 73.1531604, 28.161923, 0.0 ], [ 73.1531656, 28.1616198, 0.0 ] ], [ [ 73.1530617, 28.1644047, 0.0 ], [ 73.1530849, 28.164405, 0.0 ], [ 73.1530797, 28.1647082, 0.0 ], [ 73.1530565, 28.1647079, 0.0 ], [ 73.1530617, 28.1644047, 0.0 ] ], [ [ 73.1530058, 28.1644039, 0.0 ], [ 73.1530289, 28.1644042, 0.0 ], [ 73.1530237, 28.1647075, 0.0 ], [ 73.1530005, 28.1647072, 0.0 ], [ 73.1530058, 28.1644039, 0.0 ] ], [ [ 73.1530564, 28.1647163, 0.0 ], [ 73.1530795, 28.1647167, 0.0 ], [ 73.1530743, 28.1650199, 0.0 ], [ 73.1530512, 28.1650196, 0.0 ], [ 73.1530564, 28.1647163, 0.0 ] ], [ [ 73.1530004, 28.1647156, 0.0 ], [ 73.1530235, 28.1647159, 0.0 ], [ 73.1530183, 28.1650192, 0.0 ], [ 73.1529952, 28.1650189, 0.0 ], [ 73.1530004, 28.1647156, 0.0 ] ], [ [ 73.1530724, 28.1637852, 0.0 ], [ 73.1530955, 28.1637855, 0.0 ], [ 73.1530903, 28.1640888, 0.0 ], [ 73.1530672, 28.1640885, 0.0 ], [ 73.1530724, 28.1637852, 0.0 ] ], [ [ 73.1530164, 28.1637844, 0.0 ], [ 73.1530395, 28.1637848, 0.0 ], [ 73.1530343, 28.164088, 0.0 ], [ 73.1530112, 28.1640877, 0.0 ], [ 73.1530164, 28.1637844, 0.0 ] ], [ [ 73.153067, 28.1640969, 0.0 ], [ 73.1530902, 28.1640972, 0.0 ], [ 73.153085, 28.1644005, 0.0 ], [ 73.1530618, 28.1644002, 0.0 ], [ 73.153067, 28.1640969, 0.0 ] ], [ [ 73.153011, 28.1640961, 0.0 ], [ 73.1530342, 28.1640964, 0.0 ], [ 73.153029, 28.1643997, 0.0 ], [ 73.1530058, 28.1643994, 0.0 ], [ 73.153011, 28.1640961, 0.0 ] ], [ [ 73.153083, 28.1631657, 0.0 ], [ 73.1531062, 28.163166, 0.0 ], [ 73.1531009, 28.1634693, 0.0 ], [ 73.1530778, 28.163469, 0.0 ], [ 73.153083, 28.1631657, 0.0 ] ], [ [ 73.153027, 28.163165, 0.0 ], [ 73.1530502, 28.1631653, 0.0 ], [ 73.153045, 28.1634686, 0.0 ], [ 73.1530218, 28.1634682, 0.0 ], [ 73.153027, 28.163165, 0.0 ] ], [ [ 73.1530777, 28.1634774, 0.0 ], [ 73.1531008, 28.1634777, 0.0 ], [ 73.1530956, 28.163781, 0.0 ], [ 73.1530725, 28.1637807, 0.0 ], [ 73.1530777, 28.1634774, 0.0 ] ], [ [ 73.1530217, 28.1634767, 0.0 ], [ 73.1530448, 28.163477, 0.0 ], [ 73.1530396, 28.1637802, 0.0 ], [ 73.1530165, 28.1637799, 0.0 ], [ 73.1530217, 28.1634767, 0.0 ] ], [ [ 73.1530937, 28.1625463, 0.0 ], [ 73.1531168, 28.1625466, 0.0 ], [ 73.1531116, 28.1628498, 0.0 ], [ 73.1530885, 28.1628495, 0.0 ], [ 73.1530937, 28.1625463, 0.0 ] ], [ [ 73.1530377, 28.1625455, 0.0 ], [ 73.1530608, 28.1625458, 0.0 ], [ 73.1530556, 28.1628491, 0.0 ], [ 73.1530325, 28.1628488, 0.0 ], [ 73.1530377, 28.1625455, 0.0 ] ], [ [ 73.1530883, 28.1628579, 0.0 ], [ 73.1531114, 28.1628583, 0.0 ], [ 73.1531062, 28.1631615, 0.0 ], [ 73.1530831, 28.1631612, 0.0 ], [ 73.1530883, 28.1628579, 0.0 ] ], [ [ 73.1530323, 28.1628572, 0.0 ], [ 73.1530554, 28.1628575, 0.0 ], [ 73.1530502, 28.1631608, 0.0 ], [ 73.1530271, 28.1631605, 0.0 ], [ 73.1530323, 28.1628572, 0.0 ] ], [ [ 73.1531043, 28.1619268, 0.0 ], [ 73.1531274, 28.1619271, 0.0 ], [ 73.1531222, 28.1622304, 0.0 ], [ 73.1530991, 28.1622301, 0.0 ], [ 73.1531043, 28.1619268, 0.0 ] ], [ [ 73.1530483, 28.161926, 0.0 ], [ 73.1530714, 28.1619264, 0.0 ], [ 73.1530662, 28.1622296, 0.0 ], [ 73.1530431, 28.1622293, 0.0 ], [ 73.1530483, 28.161926, 0.0 ] ], [ [ 73.1530989, 28.1622385, 0.0 ], [ 73.1531221, 28.1622388, 0.0 ], [ 73.1531169, 28.1625421, 0.0 ], [ 73.1530937, 28.1625418, 0.0 ], [ 73.1530989, 28.1622385, 0.0 ] ], [ [ 73.153043, 28.1622377, 0.0 ], [ 73.1530661, 28.162238, 0.0 ], [ 73.1530609, 28.1625413, 0.0 ], [ 73.1530377, 28.162541, 0.0 ], [ 73.153043, 28.1622377, 0.0 ] ], [ [ 73.1531149, 28.1613073, 0.0 ], [ 73.1531381, 28.1613076, 0.0 ], [ 73.1531329, 28.1616109, 0.0 ], [ 73.1531097, 28.1616106, 0.0 ], [ 73.1531149, 28.1613073, 0.0 ] ], [ [ 73.1530589, 28.1613066, 0.0 ], [ 73.1530821, 28.1613069, 0.0 ], [ 73.1530769, 28.1616102, 0.0 ], [ 73.1530537, 28.1616098, 0.0 ], [ 73.1530589, 28.1613066, 0.0 ] ], [ [ 73.1531096, 28.161619, 0.0 ], [ 73.1531327, 28.1616193, 0.0 ], [ 73.1531275, 28.1619226, 0.0 ], [ 73.1531044, 28.1619223, 0.0 ], [ 73.1531096, 28.161619, 0.0 ] ], [ [ 73.1530536, 28.1616183, 0.0 ], [ 73.1530767, 28.1616186, 0.0 ], [ 73.1530715, 28.1619218, 0.0 ], [ 73.1530484, 28.1619215, 0.0 ], [ 73.1530536, 28.1616183, 0.0 ] ], [ [ 73.1529498, 28.1644032, 0.0 ], [ 73.1529729, 28.1644035, 0.0 ], [ 73.1529677, 28.1647067, 0.0 ], [ 73.1529446, 28.1647064, 0.0 ], [ 73.1529498, 28.1644032, 0.0 ] ], [ [ 73.1528938, 28.1644024, 0.0 ], [ 73.1529169, 28.1644027, 0.0 ], [ 73.1529117, 28.164706, 0.0 ], [ 73.1528886, 28.1647057, 0.0 ], [ 73.1528938, 28.1644024, 0.0 ] ], [ [ 73.1529444, 28.1647148, 0.0 ], [ 73.1529675, 28.1647152, 0.0 ], [ 73.1529623, 28.1650184, 0.0 ], [ 73.1529392, 28.1650181, 0.0 ], [ 73.1529444, 28.1647148, 0.0 ] ], [ [ 73.1528884, 28.1647141, 0.0 ], [ 73.1529115, 28.1647144, 0.0 ], [ 73.1529063, 28.1650177, 0.0 ], [ 73.1528832, 28.1650174, 0.0 ], [ 73.1528884, 28.1647141, 0.0 ] ], [ [ 73.1529604, 28.1637837, 0.0 ], [ 73.1529835, 28.163784, 0.0 ], [ 73.1529783, 28.1640873, 0.0 ], [ 73.1529552, 28.164087, 0.0 ], [ 73.1529604, 28.1637837, 0.0 ] ], [ [ 73.1529044, 28.1637829, 0.0 ], [ 73.1529275, 28.1637832, 0.0 ], [ 73.1529223, 28.1640865, 0.0 ], [ 73.1528992, 28.1640862, 0.0 ], [ 73.1529044, 28.1637829, 0.0 ] ], [ [ 73.152955, 28.1640954, 0.0 ], [ 73.1529782, 28.1640957, 0.0 ], [ 73.152973, 28.164399, 0.0 ], [ 73.1529498, 28.1643986, 0.0 ], [ 73.152955, 28.1640954, 0.0 ] ], [ [ 73.1528991, 28.1640946, 0.0 ], [ 73.1529222, 28.1640949, 0.0 ], [ 73.152917, 28.1643982, 0.0 ], [ 73.1528938, 28.1643979, 0.0 ], [ 73.1528991, 28.1640946, 0.0 ] ], [ [ 73.152971, 28.1631642, 0.0 ], [ 73.1529942, 28.1631645, 0.0 ], [ 73.152989, 28.1634678, 0.0 ], [ 73.1529658, 28.1634675, 0.0 ], [ 73.152971, 28.1631642, 0.0 ] ], [ [ 73.152915, 28.1631635, 0.0 ], [ 73.1529382, 28.1631638, 0.0 ], [ 73.152933, 28.163467, 0.0 ], [ 73.1529098, 28.1634667, 0.0 ], [ 73.152915, 28.1631635, 0.0 ] ], [ [ 73.1529657, 28.1634759, 0.0 ], [ 73.1529888, 28.1634762, 0.0 ], [ 73.1529836, 28.1637795, 0.0 ], [ 73.1529605, 28.1637792, 0.0 ], [ 73.1529657, 28.1634759, 0.0 ] ], [ [ 73.1529097, 28.1634751, 0.0 ], [ 73.1529328, 28.1634755, 0.0 ], [ 73.1529276, 28.1637787, 0.0 ], [ 73.1529045, 28.1637784, 0.0 ], [ 73.1529097, 28.1634751, 0.0 ] ], [ [ 73.1529817, 28.1625448, 0.0 ], [ 73.1530048, 28.1625451, 0.0 ], [ 73.1529996, 28.1628483, 0.0 ], [ 73.1529765, 28.162848, 0.0 ], [ 73.1529817, 28.1625448, 0.0 ] ], [ [ 73.1529257, 28.162544, 0.0 ], [ 73.1529488, 28.1625443, 0.0 ], [ 73.1529436, 28.1628476, 0.0 ], [ 73.1529205, 28.1628473, 0.0 ], [ 73.1529257, 28.162544, 0.0 ] ], [ [ 73.1529763, 28.1628564, 0.0 ], [ 73.1529995, 28.1628567, 0.0 ], [ 73.1529942, 28.16316, 0.0 ], [ 73.1529711, 28.1631597, 0.0 ], [ 73.1529763, 28.1628564, 0.0 ] ], [ [ 73.1529203, 28.1628557, 0.0 ], [ 73.1529435, 28.162856, 0.0 ], [ 73.1529383, 28.1631593, 0.0 ], [ 73.1529151, 28.163159, 0.0 ], [ 73.1529203, 28.1628557, 0.0 ] ], [ [ 73.1529923, 28.1619253, 0.0 ], [ 73.1530154, 28.1619256, 0.0 ], [ 73.1530102, 28.1622289, 0.0 ], [ 73.1529871, 28.1622286, 0.0 ], [ 73.1529923, 28.1619253, 0.0 ] ], [ [ 73.1529363, 28.1619245, 0.0 ], [ 73.1529595, 28.1619248, 0.0 ], [ 73.1529542, 28.1622281, 0.0 ], [ 73.1529311, 28.1622278, 0.0 ], [ 73.1529363, 28.1619245, 0.0 ] ], [ [ 73.152987, 28.162237, 0.0 ], [ 73.1530101, 28.1622373, 0.0 ], [ 73.1530049, 28.1625406, 0.0 ], [ 73.1529818, 28.1625402, 0.0 ], [ 73.152987, 28.162237, 0.0 ] ], [ [ 73.152931, 28.1622362, 0.0 ], [ 73.1529541, 28.1622365, 0.0 ], [ 73.1529489, 28.1625398, 0.0 ], [ 73.1529258, 28.1625395, 0.0 ], [ 73.152931, 28.1622362, 0.0 ] ], [ [ 73.153003, 28.1613058, 0.0 ], [ 73.1530261, 28.1613061, 0.0 ], [ 73.1530209, 28.1616094, 0.0 ], [ 73.1529977, 28.1616091, 0.0 ], [ 73.153003, 28.1613058, 0.0 ] ], [ [ 73.152947, 28.1613051, 0.0 ], [ 73.1529701, 28.1613054, 0.0 ], [ 73.1529649, 28.1616086, 0.0 ], [ 73.1529418, 28.1616083, 0.0 ], [ 73.152947, 28.1613051, 0.0 ] ], [ [ 73.1529976, 28.1616175, 0.0 ], [ 73.1530207, 28.1616178, 0.0 ], [ 73.1530155, 28.1619211, 0.0 ], [ 73.1529924, 28.1619208, 0.0 ], [ 73.1529976, 28.1616175, 0.0 ] ], [ [ 73.1529416, 28.1616167, 0.0 ], [ 73.1529647, 28.1616171, 0.0 ], [ 73.1529595, 28.1619203, 0.0 ], [ 73.1529364, 28.16192, 0.0 ], [ 73.1529416, 28.1616167, 0.0 ] ], [ [ 73.1528378, 28.1644016, 0.0 ], [ 73.1528609, 28.164402, 0.0 ], [ 73.1528557, 28.1647052, 0.0 ], [ 73.1528326, 28.1647049, 0.0 ], [ 73.1528378, 28.1644016, 0.0 ] ], [ [ 73.1527818, 28.1644009, 0.0 ], [ 73.1528049, 28.1644012, 0.0 ], [ 73.1527997, 28.1647045, 0.0 ], [ 73.1527766, 28.1647042, 0.0 ], [ 73.1527818, 28.1644009, 0.0 ] ], [ [ 73.1528324, 28.1647133, 0.0 ], [ 73.1528555, 28.1647136, 0.0 ], [ 73.1528503, 28.1650169, 0.0 ], [ 73.1528272, 28.1650166, 0.0 ], [ 73.1528324, 28.1647133, 0.0 ] ], [ [ 73.1527764, 28.1647126, 0.0 ], [ 73.1527996, 28.1647129, 0.0 ], [ 73.1527943, 28.1650162, 0.0 ], [ 73.1527712, 28.1650158, 0.0 ], [ 73.1527764, 28.1647126, 0.0 ] ], [ [ 73.1528484, 28.1637822, 0.0 ], [ 73.1528715, 28.1637825, 0.0 ], [ 73.1528663, 28.1640858, 0.0 ], [ 73.1528432, 28.1640854, 0.0 ], [ 73.1528484, 28.1637822, 0.0 ] ], [ [ 73.1527924, 28.1637814, 0.0 ], [ 73.1528155, 28.1637817, 0.0 ], [ 73.1528103, 28.164085, 0.0 ], [ 73.1527872, 28.1640847, 0.0 ], [ 73.1527924, 28.1637814, 0.0 ] ], [ [ 73.1528431, 28.1640939, 0.0 ], [ 73.1528662, 28.1640942, 0.0 ], [ 73.152861, 28.1643974, 0.0 ], [ 73.1528378, 28.1643971, 0.0 ], [ 73.1528431, 28.1640939, 0.0 ] ], [ [ 73.1527871, 28.1640931, 0.0 ], [ 73.1528102, 28.1640934, 0.0 ], [ 73.152805, 28.1643967, 0.0 ], [ 73.1527819, 28.1643964, 0.0 ], [ 73.1527871, 28.1640931, 0.0 ] ], [ [ 73.1528591, 28.1631627, 0.0 ], [ 73.1528822, 28.163163, 0.0 ], [ 73.152877, 28.1634663, 0.0 ], [ 73.1528538, 28.163466, 0.0 ], [ 73.1528591, 28.1631627, 0.0 ] ], [ [ 73.1528031, 28.163162, 0.0 ], [ 73.1528262, 28.1631623, 0.0 ], [ 73.152821, 28.1634655, 0.0 ], [ 73.1527978, 28.1634652, 0.0 ], [ 73.1528031, 28.163162, 0.0 ] ], [ [ 73.1528537, 28.1634744, 0.0 ], [ 73.1528768, 28.1634747, 0.0 ], [ 73.1528716, 28.163778, 0.0 ], [ 73.1528485, 28.1637777, 0.0 ], [ 73.1528537, 28.1634744, 0.0 ] ], [ [ 73.1527977, 28.1634736, 0.0 ], [ 73.1528208, 28.163474, 0.0 ], [ 73.1528156, 28.1637772, 0.0 ], [ 73.1527925, 28.1637769, 0.0 ], [ 73.1527977, 28.1634736, 0.0 ] ], [ [ 73.1528697, 28.1625432, 0.0 ], [ 73.1528928, 28.1625436, 0.0 ], [ 73.1528876, 28.1628468, 0.0 ], [ 73.1528645, 28.1628465, 0.0 ], [ 73.1528697, 28.1625432, 0.0 ] ], [ [ 73.1528137, 28.1625425, 0.0 ], [ 73.1528368, 28.1625428, 0.0 ], [ 73.1528316, 28.1628461, 0.0 ], [ 73.1528085, 28.1628458, 0.0 ], [ 73.1528137, 28.1625425, 0.0 ] ], [ [ 73.1528643, 28.1628549, 0.0 ], [ 73.1528875, 28.1628552, 0.0 ], [ 73.1528823, 28.1631585, 0.0 ], [ 73.1528591, 28.1631582, 0.0 ], [ 73.1528643, 28.1628549, 0.0 ] ], [ [ 73.1528083, 28.1628542, 0.0 ], [ 73.1528315, 28.1628545, 0.0 ], [ 73.1528263, 28.1631578, 0.0 ], [ 73.1528031, 28.1631574, 0.0 ], [ 73.1528083, 28.1628542, 0.0 ] ], [ [ 73.1528803, 28.1619238, 0.0 ], [ 73.1529035, 28.1619241, 0.0 ], [ 73.1528983, 28.1622274, 0.0 ], [ 73.1528751, 28.162227, 0.0 ], [ 73.1528803, 28.1619238, 0.0 ] ], [ [ 73.1528243, 28.161923, 0.0 ], [ 73.1528475, 28.1619233, 0.0 ], [ 73.1528423, 28.1622266, 0.0 ], [ 73.1528191, 28.1622263, 0.0 ], [ 73.1528243, 28.161923, 0.0 ] ], [ [ 73.152875, 28.1622355, 0.0 ], [ 73.1528981, 28.1622358, 0.0 ], [ 73.1528929, 28.162539, 0.0 ], [ 73.1528698, 28.1625387, 0.0 ], [ 73.152875, 28.1622355, 0.0 ] ], [ [ 73.152819, 28.1622347, 0.0 ], [ 73.1528421, 28.162235, 0.0 ], [ 73.1528369, 28.1625383, 0.0 ], [ 73.1528138, 28.162538, 0.0 ], [ 73.152819, 28.1622347, 0.0 ] ], [ [ 73.152891, 28.1613043, 0.0 ], [ 73.1529141, 28.1613046, 0.0 ], [ 73.1529089, 28.1616079, 0.0 ], [ 73.1528858, 28.1616076, 0.0 ], [ 73.152891, 28.1613043, 0.0 ] ], [ [ 73.152835, 28.1613036, 0.0 ], [ 73.1528581, 28.1613039, 0.0 ], [ 73.1528529, 28.1616071, 0.0 ], [ 73.1528298, 28.1616068, 0.0 ], [ 73.152835, 28.1613036, 0.0 ] ], [ [ 73.1528856, 28.161616, 0.0 ], [ 73.1529087, 28.1616163, 0.0 ], [ 73.1529035, 28.1619196, 0.0 ], [ 73.1528804, 28.1619193, 0.0 ], [ 73.1528856, 28.161616, 0.0 ] ], [ [ 73.1528296, 28.1616152, 0.0 ], [ 73.1528528, 28.1616155, 0.0 ], [ 73.1528475, 28.1619188, 0.0 ], [ 73.1528244, 28.1619185, 0.0 ], [ 73.1528296, 28.1616152, 0.0 ] ], [ [ 73.1527204, 28.1647159, 0.0 ], [ 73.1527435, 28.1647162, 0.0 ], [ 73.1527383, 28.1650195, 0.0 ], [ 73.1527151, 28.1650192, 0.0 ], [ 73.1527204, 28.1647159, 0.0 ] ], [ [ 73.1526644, 28.1647152, 0.0 ], [ 73.1526875, 28.1647155, 0.0 ], [ 73.1526823, 28.1650187, 0.0 ], [ 73.1526592, 28.1650184, 0.0 ], [ 73.1526644, 28.1647152, 0.0 ] ], [ [ 73.152715, 28.1650276, 0.0 ], [ 73.1527381, 28.1650279, 0.0 ], [ 73.1527329, 28.1653312, 0.0 ], [ 73.1527098, 28.1653309, 0.0 ], [ 73.152715, 28.1650276, 0.0 ] ], [ [ 73.152659, 28.1650268, 0.0 ], [ 73.1526821, 28.1650272, 0.0 ], [ 73.1526769, 28.1653304, 0.0 ], [ 73.1526538, 28.1653301, 0.0 ], [ 73.152659, 28.1650268, 0.0 ] ], [ [ 73.152731, 28.1640964, 0.0 ], [ 73.1527541, 28.1640968, 0.0 ], [ 73.1527489, 28.1644, 0.0 ], [ 73.1527258, 28.1643997, 0.0 ], [ 73.152731, 28.1640964, 0.0 ] ], [ [ 73.152675, 28.1640957, 0.0 ], [ 73.1526981, 28.164096, 0.0 ], [ 73.1526929, 28.1643993, 0.0 ], [ 73.1526698, 28.164399, 0.0 ], [ 73.152675, 28.1640957, 0.0 ] ], [ [ 73.1527256, 28.1644081, 0.0 ], [ 73.1527488, 28.1644084, 0.0 ], [ 73.1527436, 28.1647117, 0.0 ], [ 73.1527204, 28.1647114, 0.0 ], [ 73.1527256, 28.1644081, 0.0 ] ], [ [ 73.1526697, 28.1644074, 0.0 ], [ 73.1526928, 28.1644077, 0.0 ], [ 73.1526876, 28.164711, 0.0 ], [ 73.1526644, 28.1647106, 0.0 ], [ 73.1526697, 28.1644074, 0.0 ] ], [ [ 73.1527416, 28.163477, 0.0 ], [ 73.1527648, 28.1634773, 0.0 ], [ 73.1527596, 28.1637806, 0.0 ], [ 73.1527364, 28.1637802, 0.0 ], [ 73.1527416, 28.163477, 0.0 ] ], [ [ 73.1526856, 28.1634762, 0.0 ], [ 73.1527088, 28.1634765, 0.0 ], [ 73.1527036, 28.1637798, 0.0 ], [ 73.1526804, 28.1637795, 0.0 ], [ 73.1526856, 28.1634762, 0.0 ] ], [ [ 73.1527363, 28.1637887, 0.0 ], [ 73.1527594, 28.163789, 0.0 ], [ 73.1527542, 28.1640922, 0.0 ], [ 73.1527311, 28.1640919, 0.0 ], [ 73.1527363, 28.1637887, 0.0 ] ], [ [ 73.1526803, 28.1637879, 0.0 ], [ 73.1527034, 28.1637882, 0.0 ], [ 73.1526982, 28.1640915, 0.0 ], [ 73.1526751, 28.1640912, 0.0 ], [ 73.1526803, 28.1637879, 0.0 ] ], [ [ 73.1527523, 28.1628575, 0.0 ], [ 73.1527754, 28.1628578, 0.0 ], [ 73.1527702, 28.1631611, 0.0 ], [ 73.1527471, 28.1631608, 0.0 ], [ 73.1527523, 28.1628575, 0.0 ] ], [ [ 73.1526963, 28.1628568, 0.0 ], [ 73.1527194, 28.1628571, 0.0 ], [ 73.1527142, 28.1631603, 0.0 ], [ 73.1526911, 28.16316, 0.0 ], [ 73.1526963, 28.1628568, 0.0 ] ], [ [ 73.1527469, 28.1631692, 0.0 ], [ 73.1527701, 28.1631695, 0.0 ], [ 73.1527648, 28.1634728, 0.0 ], [ 73.1527417, 28.1634725, 0.0 ], [ 73.1527469, 28.1631692, 0.0 ] ], [ [ 73.1526909, 28.1631684, 0.0 ], [ 73.1527141, 28.1631688, 0.0 ], [ 73.1527089, 28.163472, 0.0 ], [ 73.1526857, 28.1634717, 0.0 ], [ 73.1526909, 28.1631684, 0.0 ] ], [ [ 73.1527629, 28.162238, 0.0 ], [ 73.1527861, 28.1622384, 0.0 ], [ 73.1527808, 28.1625416, 0.0 ], [ 73.1527577, 28.1625413, 0.0 ], [ 73.1527629, 28.162238, 0.0 ] ], [ [ 73.1527069, 28.1622373, 0.0 ], [ 73.1527301, 28.1622376, 0.0 ], [ 73.1527248, 28.1625409, 0.0 ], [ 73.1527017, 28.1625406, 0.0 ], [ 73.1527069, 28.1622373, 0.0 ] ], [ [ 73.1527576, 28.1625497, 0.0 ], [ 73.1527807, 28.16255, 0.0 ], [ 73.1527755, 28.1628533, 0.0 ], [ 73.1527524, 28.162853, 0.0 ], [ 73.1527576, 28.1625497, 0.0 ] ], [ [ 73.1527016, 28.162549, 0.0 ], [ 73.1527247, 28.1625493, 0.0 ], [ 73.1527195, 28.1628526, 0.0 ], [ 73.1526964, 28.1628522, 0.0 ], [ 73.1527016, 28.162549, 0.0 ] ], [ [ 73.1527736, 28.1616186, 0.0 ], [ 73.1527967, 28.1616189, 0.0 ], [ 73.1527915, 28.1619222, 0.0 ], [ 73.1527684, 28.1619218, 0.0 ], [ 73.1527736, 28.1616186, 0.0 ] ], [ [ 73.1527176, 28.1616178, 0.0 ], [ 73.1527407, 28.1616181, 0.0 ], [ 73.1527355, 28.1619214, 0.0 ], [ 73.1527124, 28.1619211, 0.0 ], [ 73.1527176, 28.1616178, 0.0 ] ], [ [ 73.1527682, 28.1619303, 0.0 ], [ 73.1527913, 28.1619306, 0.0 ], [ 73.1527861, 28.1622338, 0.0 ], [ 73.152763, 28.1622335, 0.0 ], [ 73.1527682, 28.1619303, 0.0 ] ], [ [ 73.1527122, 28.1619295, 0.0 ], [ 73.1527353, 28.1619298, 0.0 ], [ 73.1527301, 28.1622331, 0.0 ], [ 73.152707, 28.1622328, 0.0 ], [ 73.1527122, 28.1619295, 0.0 ] ], [ [ 73.1527842, 28.1609991, 0.0 ], [ 73.1528073, 28.1609994, 0.0 ], [ 73.1528021, 28.1613027, 0.0 ], [ 73.152779, 28.1613024, 0.0 ], [ 73.1527842, 28.1609991, 0.0 ] ], [ [ 73.1527282, 28.1609984, 0.0 ], [ 73.1527513, 28.1609987, 0.0 ], [ 73.1527461, 28.1613019, 0.0 ], [ 73.152723, 28.1613016, 0.0 ], [ 73.1527282, 28.1609984, 0.0 ] ], [ [ 73.1527788, 28.1613108, 0.0 ], [ 73.152802, 28.1613111, 0.0 ], [ 73.1527968, 28.1616144, 0.0 ], [ 73.1527736, 28.1616141, 0.0 ], [ 73.1527788, 28.1613108, 0.0 ] ], [ [ 73.1527229, 28.16131, 0.0 ], [ 73.152746, 28.1613104, 0.0 ], [ 73.1527408, 28.1616136, 0.0 ], [ 73.1527176, 28.1616133, 0.0 ], [ 73.1527229, 28.16131, 0.0 ] ], [ [ 73.1526084, 28.1647144, 0.0 ], [ 73.1526315, 28.1647147, 0.0 ], [ 73.1526263, 28.165018, 0.0 ], [ 73.1526032, 28.1650177, 0.0 ], [ 73.1526084, 28.1647144, 0.0 ] ], [ [ 73.1525524, 28.1647136, 0.0 ], [ 73.1525755, 28.164714, 0.0 ], [ 73.1525703, 28.1650172, 0.0 ], [ 73.1525472, 28.1650169, 0.0 ], [ 73.1525524, 28.1647136, 0.0 ] ], [ [ 73.152603, 28.1650261, 0.0 ], [ 73.1526261, 28.1650264, 0.0 ], [ 73.1526209, 28.1653297, 0.0 ], [ 73.1525978, 28.1653294, 0.0 ], [ 73.152603, 28.1650261, 0.0 ] ], [ [ 73.152547, 28.1650253, 0.0 ], [ 73.1525702, 28.1650256, 0.0 ], [ 73.1525649, 28.1653289, 0.0 ], [ 73.1525418, 28.1653286, 0.0 ], [ 73.152547, 28.1650253, 0.0 ] ], [ [ 73.152619, 28.1640949, 0.0 ], [ 73.1526421, 28.1640952, 0.0 ], [ 73.1526369, 28.1643985, 0.0 ], [ 73.1526138, 28.1643982, 0.0 ], [ 73.152619, 28.1640949, 0.0 ] ], [ [ 73.152563, 28.1640942, 0.0 ], [ 73.1525861, 28.1640945, 0.0 ], [ 73.1525809, 28.1643978, 0.0 ], [ 73.1525578, 28.1643974, 0.0 ], [ 73.152563, 28.1640942, 0.0 ] ], [ [ 73.1526137, 28.1644066, 0.0 ], [ 73.1526368, 28.1644069, 0.0 ], [ 73.1526316, 28.1647102, 0.0 ], [ 73.1526084, 28.1647099, 0.0 ], [ 73.1526137, 28.1644066, 0.0 ] ], [ [ 73.1525577, 28.1644059, 0.0 ], [ 73.1525808, 28.1644062, 0.0 ], [ 73.1525756, 28.1647094, 0.0 ], [ 73.1525525, 28.1647091, 0.0 ], [ 73.1525577, 28.1644059, 0.0 ] ], [ [ 73.1526297, 28.1634755, 0.0 ], [ 73.1526528, 28.1634758, 0.0 ], [ 73.1526476, 28.1637791, 0.0 ], [ 73.1526244, 28.1637787, 0.0 ], [ 73.1526297, 28.1634755, 0.0 ] ], [ [ 73.1525737, 28.1634747, 0.0 ], [ 73.1525968, 28.163475, 0.0 ], [ 73.1525916, 28.1637783, 0.0 ], [ 73.1525684, 28.163778, 0.0 ], [ 73.1525737, 28.1634747, 0.0 ] ], [ [ 73.1526243, 28.1637872, 0.0 ], [ 73.1526474, 28.1637875, 0.0 ], [ 73.1526422, 28.1640907, 0.0 ], [ 73.1526191, 28.1640904, 0.0 ], [ 73.1526243, 28.1637872, 0.0 ] ], [ [ 73.1525683, 28.1637864, 0.0 ], [ 73.1525914, 28.1637867, 0.0 ], [ 73.1525862, 28.16409, 0.0 ], [ 73.1525631, 28.1640897, 0.0 ], [ 73.1525683, 28.1637864, 0.0 ] ], [ [ 73.1526403, 28.162856, 0.0 ], [ 73.1526634, 28.1628563, 0.0 ], [ 73.1526582, 28.1631596, 0.0 ], [ 73.1526351, 28.1631593, 0.0 ], [ 73.1526403, 28.162856, 0.0 ] ], [ [ 73.1525843, 28.1628552, 0.0 ], [ 73.1526074, 28.1628556, 0.0 ], [ 73.1526022, 28.1631588, 0.0 ], [ 73.1525791, 28.1631585, 0.0 ], [ 73.1525843, 28.1628552, 0.0 ] ], [ [ 73.1526349, 28.1631677, 0.0 ], [ 73.1526581, 28.163168, 0.0 ], [ 73.1526529, 28.1634713, 0.0 ], [ 73.1526297, 28.163471, 0.0 ], [ 73.1526349, 28.1631677, 0.0 ] ], [ [ 73.1525789, 28.1631669, 0.0 ], [ 73.1526021, 28.1631672, 0.0 ], [ 73.1525969, 28.1634705, 0.0 ], [ 73.1525737, 28.1634702, 0.0 ], [ 73.1525789, 28.1631669, 0.0 ] ], [ [ 73.1526509, 28.1622365, 0.0 ], [ 73.1526741, 28.1622368, 0.0 ], [ 73.1526689, 28.1625401, 0.0 ], [ 73.1526457, 28.1625398, 0.0 ], [ 73.1526509, 28.1622365, 0.0 ] ], [ [ 73.1525949, 28.1622358, 0.0 ], [ 73.1526181, 28.1622361, 0.0 ], [ 73.1526129, 28.1625394, 0.0 ], [ 73.1525897, 28.162539, 0.0 ], [ 73.1525949, 28.1622358, 0.0 ] ], [ [ 73.1526456, 28.1625482, 0.0 ], [ 73.1526687, 28.1625485, 0.0 ], [ 73.1526635, 28.1628518, 0.0 ], [ 73.1526404, 28.1628515, 0.0 ], [ 73.1526456, 28.1625482, 0.0 ] ], [ [ 73.1525896, 28.1625475, 0.0 ], [ 73.1526127, 28.1625478, 0.0 ], [ 73.1526075, 28.162851, 0.0 ], [ 73.1525844, 28.1628507, 0.0 ], [ 73.1525896, 28.1625475, 0.0 ] ], [ [ 73.1526616, 28.1616171, 0.0 ], [ 73.1526847, 28.1616174, 0.0 ], [ 73.1526795, 28.1619206, 0.0 ], [ 73.1526564, 28.1619203, 0.0 ], [ 73.1526616, 28.1616171, 0.0 ] ], [ [ 73.1526056, 28.1616163, 0.0 ], [ 73.1526287, 28.1616166, 0.0 ], [ 73.1526235, 28.1619199, 0.0 ], [ 73.1526004, 28.1619196, 0.0 ], [ 73.1526056, 28.1616163, 0.0 ] ], [ [ 73.1526562, 28.1619288, 0.0 ], [ 73.1526794, 28.1619291, 0.0 ], [ 73.1526741, 28.1622323, 0.0 ], [ 73.152651, 28.162232, 0.0 ], [ 73.1526562, 28.1619288, 0.0 ] ], [ [ 73.1526002, 28.161928, 0.0 ], [ 73.1526234, 28.1619283, 0.0 ], [ 73.1526181, 28.1622316, 0.0 ], [ 73.152595, 28.1622313, 0.0 ], [ 73.1526002, 28.161928, 0.0 ] ], [ [ 73.1526722, 28.1609976, 0.0 ], [ 73.1526953, 28.1609979, 0.0 ], [ 73.1526901, 28.1613012, 0.0 ], [ 73.152667, 28.1613009, 0.0 ], [ 73.1526722, 28.1609976, 0.0 ] ], [ [ 73.1526162, 28.1609968, 0.0 ], [ 73.1526394, 28.1609972, 0.0 ], [ 73.1526341, 28.1613004, 0.0 ], [ 73.152611, 28.1613001, 0.0 ], [ 73.1526162, 28.1609968, 0.0 ] ], [ [ 73.1526669, 28.1613093, 0.0 ], [ 73.15269, 28.1613096, 0.0 ], [ 73.1526848, 28.1616129, 0.0 ], [ 73.1526617, 28.1616126, 0.0 ], [ 73.1526669, 28.1613093, 0.0 ] ], [ [ 73.1526109, 28.1613085, 0.0 ], [ 73.152634, 28.1613088, 0.0 ], [ 73.1526288, 28.1616121, 0.0 ], [ 73.1526057, 28.1616118, 0.0 ], [ 73.1526109, 28.1613085, 0.0 ] ], [ [ 73.1524964, 28.1647129, 0.0 ], [ 73.1525195, 28.1647132, 0.0 ], [ 73.1525143, 28.1650165, 0.0 ], [ 73.1524912, 28.1650162, 0.0 ], [ 73.1524964, 28.1647129, 0.0 ] ], [ [ 73.1524404, 28.1647121, 0.0 ], [ 73.1524635, 28.1647124, 0.0 ], [ 73.1524583, 28.1650157, 0.0 ], [ 73.1524352, 28.1650154, 0.0 ], [ 73.1524404, 28.1647121, 0.0 ] ], [ [ 73.152491, 28.1650246, 0.0 ], [ 73.1525142, 28.1650249, 0.0 ], [ 73.1525089, 28.1653282, 0.0 ], [ 73.1524858, 28.1653278, 0.0 ], [ 73.152491, 28.1650246, 0.0 ] ], [ [ 73.152435, 28.1650238, 0.0 ], [ 73.1524582, 28.1650241, 0.0 ], [ 73.152453, 28.1653274, 0.0 ], [ 73.1524298, 28.1653271, 0.0 ], [ 73.152435, 28.1650238, 0.0 ] ], [ [ 73.152507, 28.1640934, 0.0 ], [ 73.1525302, 28.1640937, 0.0 ], [ 73.1525249, 28.164397, 0.0 ], [ 73.1525018, 28.1643967, 0.0 ], [ 73.152507, 28.1640934, 0.0 ] ], [ [ 73.152451, 28.1640927, 0.0 ], [ 73.1524742, 28.164093, 0.0 ], [ 73.1524689, 28.1643963, 0.0 ], [ 73.1524458, 28.1643959, 0.0 ], [ 73.152451, 28.1640927, 0.0 ] ], [ [ 73.1525017, 28.1644051, 0.0 ], [ 73.1525248, 28.1644054, 0.0 ], [ 73.1525196, 28.1647087, 0.0 ], [ 73.1524965, 28.1647084, 0.0 ], [ 73.1525017, 28.1644051, 0.0 ] ], [ [ 73.1524457, 28.1644044, 0.0 ], [ 73.1524688, 28.1644047, 0.0 ], [ 73.1524636, 28.1647079, 0.0 ], [ 73.1524405, 28.1647076, 0.0 ], [ 73.1524457, 28.1644044, 0.0 ] ], [ [ 73.1525177, 28.163474, 0.0 ], [ 73.1525408, 28.1634743, 0.0 ], [ 73.1525356, 28.1637775, 0.0 ], [ 73.1525125, 28.1637772, 0.0 ], [ 73.1525177, 28.163474, 0.0 ] ], [ [ 73.1524617, 28.1634732, 0.0 ], [ 73.1524848, 28.1634735, 0.0 ], [ 73.1524796, 28.1637768, 0.0 ], [ 73.1524565, 28.1637765, 0.0 ], [ 73.1524617, 28.1634732, 0.0 ] ], [ [ 73.1525123, 28.1637856, 0.0 ], [ 73.1525354, 28.163786, 0.0 ], [ 73.1525302, 28.1640892, 0.0 ], [ 73.1525071, 28.1640889, 0.0 ], [ 73.1525123, 28.1637856, 0.0 ] ], [ [ 73.1524563, 28.1637849, 0.0 ], [ 73.1524794, 28.1637852, 0.0 ], [ 73.1524742, 28.1640885, 0.0 ], [ 73.1524511, 28.1640882, 0.0 ], [ 73.1524563, 28.1637849, 0.0 ] ], [ [ 73.1525283, 28.1628545, 0.0 ], [ 73.1525514, 28.1628548, 0.0 ], [ 73.1525462, 28.1631581, 0.0 ], [ 73.1525231, 28.1631578, 0.0 ], [ 73.1525283, 28.1628545, 0.0 ] ], [ [ 73.1524723, 28.1628537, 0.0 ], [ 73.1524954, 28.162854, 0.0 ], [ 73.1524902, 28.1631573, 0.0 ], [ 73.1524671, 28.163157, 0.0 ], [ 73.1524723, 28.1628537, 0.0 ] ], [ [ 73.152523, 28.1631662, 0.0 ], [ 73.1525461, 28.1631665, 0.0 ], [ 73.1525409, 28.1634698, 0.0 ], [ 73.1525177, 28.1634694, 0.0 ], [ 73.152523, 28.1631662, 0.0 ] ], [ [ 73.152467, 28.1631654, 0.0 ], [ 73.1524901, 28.1631657, 0.0 ], [ 73.1524849, 28.163469, 0.0 ], [ 73.1524617, 28.1634687, 0.0 ], [ 73.152467, 28.1631654, 0.0 ] ], [ [ 73.1525389, 28.162235, 0.0 ], [ 73.1525621, 28.1622353, 0.0 ], [ 73.1525569, 28.1625386, 0.0 ], [ 73.1525337, 28.1625383, 0.0 ], [ 73.1525389, 28.162235, 0.0 ] ], [ [ 73.152483, 28.1622343, 0.0 ], [ 73.1525061, 28.1622346, 0.0 ], [ 73.1525009, 28.1625378, 0.0 ], [ 73.1524777, 28.1625375, 0.0 ], [ 73.152483, 28.1622343, 0.0 ] ], [ [ 73.1525336, 28.1625467, 0.0 ], [ 73.1525567, 28.162547, 0.0 ], [ 73.1525515, 28.1628503, 0.0 ], [ 73.1525284, 28.16285, 0.0 ], [ 73.1525336, 28.1625467, 0.0 ] ], [ [ 73.1524776, 28.162546, 0.0 ], [ 73.1525007, 28.1625463, 0.0 ], [ 73.1524955, 28.1628495, 0.0 ], [ 73.1524724, 28.1628492, 0.0 ], [ 73.1524776, 28.162546, 0.0 ] ], [ [ 73.1525496, 28.1616156, 0.0 ], [ 73.1525727, 28.1616159, 0.0 ], [ 73.1525675, 28.1619191, 0.0 ], [ 73.1525444, 28.1619188, 0.0 ], [ 73.1525496, 28.1616156, 0.0 ] ], [ [ 73.1524936, 28.1616148, 0.0 ], [ 73.1525167, 28.1616151, 0.0 ], [ 73.1525115, 28.1619184, 0.0 ], [ 73.1524884, 28.1619181, 0.0 ], [ 73.1524936, 28.1616148, 0.0 ] ], [ [ 73.1525442, 28.1619272, 0.0 ], [ 73.1525674, 28.1619276, 0.0 ], [ 73.1525622, 28.1622308, 0.0 ], [ 73.152539, 28.1622305, 0.0 ], [ 73.1525442, 28.1619272, 0.0 ] ], [ [ 73.1524882, 28.1619265, 0.0 ], [ 73.1525114, 28.1619268, 0.0 ], [ 73.1525062, 28.1622301, 0.0 ], [ 73.152483, 28.1622298, 0.0 ], [ 73.1524882, 28.1619265, 0.0 ] ], [ [ 73.1525602, 28.1609961, 0.0 ], [ 73.1525834, 28.1609964, 0.0 ], [ 73.1525781, 28.1612997, 0.0 ], [ 73.152555, 28.1612994, 0.0 ], [ 73.1525602, 28.1609961, 0.0 ] ], [ [ 73.1525042, 28.1609953, 0.0 ], [ 73.1525274, 28.1609956, 0.0 ], [ 73.1525222, 28.1612989, 0.0 ], [ 73.152499, 28.1612986, 0.0 ], [ 73.1525042, 28.1609953, 0.0 ] ], [ [ 73.1525549, 28.1613078, 0.0 ], [ 73.152578, 28.1613081, 0.0 ], [ 73.1525728, 28.1616114, 0.0 ], [ 73.1525497, 28.161611, 0.0 ], [ 73.1525549, 28.1613078, 0.0 ] ], [ [ 73.1524989, 28.161307, 0.0 ], [ 73.152522, 28.1613073, 0.0 ], [ 73.1525168, 28.1616106, 0.0 ], [ 73.1524937, 28.1616103, 0.0 ], [ 73.1524989, 28.161307, 0.0 ] ], [ [ 73.1523844, 28.1647114, 0.0 ], [ 73.1524075, 28.1647117, 0.0 ], [ 73.1524023, 28.165015, 0.0 ], [ 73.1523792, 28.1650146, 0.0 ], [ 73.1523844, 28.1647114, 0.0 ] ], [ [ 73.1523284, 28.1647106, 0.0 ], [ 73.1523515, 28.1647109, 0.0 ], [ 73.1523463, 28.1650142, 0.0 ], [ 73.1523232, 28.1650139, 0.0 ], [ 73.1523284, 28.1647106, 0.0 ] ], [ [ 73.152379, 28.1650231, 0.0 ], [ 73.1524022, 28.1650234, 0.0 ], [ 73.152397, 28.1653266, 0.0 ], [ 73.1523738, 28.1653263, 0.0 ], [ 73.152379, 28.1650231, 0.0 ] ], [ [ 73.152323, 28.1650223, 0.0 ], [ 73.1523462, 28.1650226, 0.0 ], [ 73.152341, 28.1653259, 0.0 ], [ 73.1523178, 28.1653256, 0.0 ], [ 73.152323, 28.1650223, 0.0 ] ], [ [ 73.152395, 28.1640919, 0.0 ], [ 73.1524182, 28.1640922, 0.0 ], [ 73.152413, 28.1643955, 0.0 ], [ 73.1523898, 28.1643952, 0.0 ], [ 73.152395, 28.1640919, 0.0 ] ], [ [ 73.152339, 28.1640912, 0.0 ], [ 73.1523622, 28.1640915, 0.0 ], [ 73.152357, 28.1643947, 0.0 ], [ 73.1523338, 28.1643944, 0.0 ], [ 73.152339, 28.1640912, 0.0 ] ], [ [ 73.1523897, 28.1644036, 0.0 ], [ 73.1524128, 28.1644039, 0.0 ], [ 73.1524076, 28.1647072, 0.0 ], [ 73.1523845, 28.1647069, 0.0 ], [ 73.1523897, 28.1644036, 0.0 ] ], [ [ 73.1523337, 28.1644028, 0.0 ], [ 73.1523568, 28.1644032, 0.0 ], [ 73.1523516, 28.1647064, 0.0 ], [ 73.1523285, 28.1647061, 0.0 ], [ 73.1523337, 28.1644028, 0.0 ] ], [ [ 73.1524057, 28.1634724, 0.0 ], [ 73.1524288, 28.1634728, 0.0 ], [ 73.1524236, 28.163776, 0.0 ], [ 73.1524005, 28.1637757, 0.0 ], [ 73.1524057, 28.1634724, 0.0 ] ], [ [ 73.1523497, 28.1634717, 0.0 ], [ 73.1523728, 28.163472, 0.0 ], [ 73.1523676, 28.1637753, 0.0 ], [ 73.1523445, 28.163775, 0.0 ], [ 73.1523497, 28.1634717, 0.0 ] ], [ [ 73.1524003, 28.1637841, 0.0 ], [ 73.1524235, 28.1637844, 0.0 ], [ 73.1524182, 28.1640877, 0.0 ], [ 73.1523951, 28.1640874, 0.0 ], [ 73.1524003, 28.1637841, 0.0 ] ], [ [ 73.1523443, 28.1637834, 0.0 ], [ 73.1523675, 28.1637837, 0.0 ], [ 73.1523622, 28.164087, 0.0 ], [ 73.1523391, 28.1640866, 0.0 ], [ 73.1523443, 28.1637834, 0.0 ] ], [ [ 73.1524163, 28.162853, 0.0 ], [ 73.1524394, 28.1628533, 0.0 ], [ 73.1524342, 28.1631566, 0.0 ], [ 73.1524111, 28.1631562, 0.0 ], [ 73.1524163, 28.162853, 0.0 ] ], [ [ 73.1523603, 28.1628522, 0.0 ], [ 73.1523835, 28.1628525, 0.0 ], [ 73.1523782, 28.1631558, 0.0 ], [ 73.1523551, 28.1631555, 0.0 ], [ 73.1523603, 28.1628522, 0.0 ] ], [ [ 73.152411, 28.1631647, 0.0 ], [ 73.1524341, 28.163165, 0.0 ], [ 73.1524289, 28.1634682, 0.0 ], [ 73.1524058, 28.1634679, 0.0 ], [ 73.152411, 28.1631647, 0.0 ] ], [ [ 73.152355, 28.1631639, 0.0 ], [ 73.1523781, 28.1631642, 0.0 ], [ 73.1523729, 28.1634675, 0.0 ], [ 73.1523498, 28.1634672, 0.0 ], [ 73.152355, 28.1631639, 0.0 ] ], [ [ 73.152427, 28.1622335, 0.0 ], [ 73.1524501, 28.1622338, 0.0 ], [ 73.1524449, 28.1625371, 0.0 ], [ 73.1524218, 28.1625368, 0.0 ], [ 73.152427, 28.1622335, 0.0 ] ], [ [ 73.152371, 28.1622328, 0.0 ], [ 73.1523941, 28.1622331, 0.0 ], [ 73.1523889, 28.1625363, 0.0 ], [ 73.1523658, 28.162536, 0.0 ], [ 73.152371, 28.1622328, 0.0 ] ], [ [ 73.1524216, 28.1625452, 0.0 ], [ 73.1524447, 28.1625455, 0.0 ], [ 73.1524395, 28.1628488, 0.0 ], [ 73.1524164, 28.1628485, 0.0 ], [ 73.1524216, 28.1625452, 0.0 ] ], [ [ 73.1523656, 28.1625444, 0.0 ], [ 73.1523887, 28.1625448, 0.0 ], [ 73.1523835, 28.162848, 0.0 ], [ 73.1523604, 28.1628477, 0.0 ], [ 73.1523656, 28.1625444, 0.0 ] ], [ [ 73.1524376, 28.161614, 0.0 ], [ 73.1524607, 28.1616144, 0.0 ], [ 73.1524555, 28.1619176, 0.0 ], [ 73.1524324, 28.1619173, 0.0 ], [ 73.1524376, 28.161614, 0.0 ] ], [ [ 73.1523816, 28.1616133, 0.0 ], [ 73.1524047, 28.1616136, 0.0 ], [ 73.1523995, 28.1619169, 0.0 ], [ 73.1523764, 28.1619166, 0.0 ], [ 73.1523816, 28.1616133, 0.0 ] ], [ [ 73.1524322, 28.1619257, 0.0 ], [ 73.1524554, 28.161926, 0.0 ], [ 73.1524502, 28.1622293, 0.0 ], [ 73.152427, 28.162229, 0.0 ], [ 73.1524322, 28.1619257, 0.0 ] ], [ [ 73.1523763, 28.161925, 0.0 ], [ 73.1523994, 28.1619253, 0.0 ], [ 73.1523942, 28.1622286, 0.0 ], [ 73.152371, 28.1622282, 0.0 ], [ 73.1523763, 28.161925, 0.0 ] ], [ [ 73.1524482, 28.1609946, 0.0 ], [ 73.1524714, 28.1609949, 0.0 ], [ 73.1524662, 28.1612982, 0.0 ], [ 73.152443, 28.1612978, 0.0 ], [ 73.1524482, 28.1609946, 0.0 ] ], [ [ 73.1523923, 28.1609938, 0.0 ], [ 73.1524154, 28.1609941, 0.0 ], [ 73.1524102, 28.1612974, 0.0 ], [ 73.152387, 28.1612971, 0.0 ], [ 73.1523923, 28.1609938, 0.0 ] ], [ [ 73.1524429, 28.1613063, 0.0 ], [ 73.152466, 28.1613066, 0.0 ], [ 73.1524608, 28.1616098, 0.0 ], [ 73.1524377, 28.1616095, 0.0 ], [ 73.1524429, 28.1613063, 0.0 ] ], [ [ 73.1523869, 28.1613055, 0.0 ], [ 73.15241, 28.1613058, 0.0 ], [ 73.1524048, 28.1616091, 0.0 ], [ 73.1523817, 28.1616088, 0.0 ], [ 73.1523869, 28.1613055, 0.0 ] ], [ [ 73.1522724, 28.1647099, 0.0 ], [ 73.1522955, 28.1647102, 0.0 ], [ 73.1522903, 28.1650135, 0.0 ], [ 73.1522672, 28.1650131, 0.0 ], [ 73.1522724, 28.1647099, 0.0 ] ], [ [ 73.1522164, 28.1647091, 0.0 ], [ 73.1522395, 28.1647094, 0.0 ], [ 73.1522343, 28.1650127, 0.0 ], [ 73.1522112, 28.1650124, 0.0 ], [ 73.1522164, 28.1647091, 0.0 ] ], [ [ 73.152267, 28.1650216, 0.0 ], [ 73.1522902, 28.1650219, 0.0 ], [ 73.152285, 28.1653251, 0.0 ], [ 73.1522618, 28.1653248, 0.0 ], [ 73.152267, 28.1650216, 0.0 ] ], [ [ 73.1522111, 28.1650208, 0.0 ], [ 73.1522342, 28.1650211, 0.0 ], [ 73.152229, 28.1653244, 0.0 ], [ 73.1522058, 28.1653241, 0.0 ], [ 73.1522111, 28.1650208, 0.0 ] ], [ [ 73.152283, 28.1640904, 0.0 ], [ 73.1523062, 28.1640907, 0.0 ], [ 73.152301, 28.164394, 0.0 ], [ 73.1522778, 28.1643937, 0.0 ], [ 73.152283, 28.1640904, 0.0 ] ], [ [ 73.1522271, 28.1640896, 0.0 ], [ 73.1522502, 28.16409, 0.0 ], [ 73.152245, 28.1643932, 0.0 ], [ 73.1522218, 28.1643929, 0.0 ], [ 73.1522271, 28.1640896, 0.0 ] ], [ [ 73.1522777, 28.1644021, 0.0 ], [ 73.1523008, 28.1644024, 0.0 ], [ 73.1522956, 28.1647057, 0.0 ], [ 73.1522725, 28.1647054, 0.0 ], [ 73.1522777, 28.1644021, 0.0 ] ], [ [ 73.1522217, 28.1644013, 0.0 ], [ 73.1522448, 28.1644016, 0.0 ], [ 73.1522396, 28.1647049, 0.0 ], [ 73.1522165, 28.1647046, 0.0 ], [ 73.1522217, 28.1644013, 0.0 ] ], [ [ 73.1522937, 28.1634709, 0.0 ], [ 73.1523168, 28.1634712, 0.0 ], [ 73.1523116, 28.1637745, 0.0 ], [ 73.1522885, 28.1637742, 0.0 ], [ 73.1522937, 28.1634709, 0.0 ] ], [ [ 73.1522377, 28.1634702, 0.0 ], [ 73.1522608, 28.1634705, 0.0 ], [ 73.1522556, 28.1637738, 0.0 ], [ 73.1522325, 28.1637734, 0.0 ], [ 73.1522377, 28.1634702, 0.0 ] ], [ [ 73.1522883, 28.1637826, 0.0 ], [ 73.1523115, 28.1637829, 0.0 ], [ 73.1523063, 28.1640862, 0.0 ], [ 73.1522831, 28.1640859, 0.0 ], [ 73.1522883, 28.1637826, 0.0 ] ], [ [ 73.1522323, 28.1637819, 0.0 ], [ 73.1522555, 28.1637822, 0.0 ], [ 73.1522503, 28.1640854, 0.0 ], [ 73.1522271, 28.1640851, 0.0 ], [ 73.1522323, 28.1637819, 0.0 ] ], [ [ 73.1523043, 28.1628515, 0.0 ], [ 73.1523275, 28.1628518, 0.0 ], [ 73.1523223, 28.1631551, 0.0 ], [ 73.1522991, 28.1631547, 0.0 ], [ 73.1523043, 28.1628515, 0.0 ] ], [ [ 73.1522483, 28.1628507, 0.0 ], [ 73.1522715, 28.162851, 0.0 ], [ 73.1522663, 28.1631543, 0.0 ], [ 73.1522431, 28.163154, 0.0 ], [ 73.1522483, 28.1628507, 0.0 ] ], [ [ 73.152299, 28.1631632, 0.0 ], [ 73.1523221, 28.1631635, 0.0 ], [ 73.1523169, 28.1634667, 0.0 ], [ 73.1522938, 28.1634664, 0.0 ], [ 73.152299, 28.1631632, 0.0 ] ], [ [ 73.152243, 28.1631624, 0.0 ], [ 73.1522661, 28.1631627, 0.0 ], [ 73.1522609, 28.163466, 0.0 ], [ 73.1522378, 28.1634657, 0.0 ], [ 73.152243, 28.1631624, 0.0 ] ], [ [ 73.152315, 28.162232, 0.0 ], [ 73.1523381, 28.1622323, 0.0 ], [ 73.1523329, 28.1625356, 0.0 ], [ 73.1523098, 28.1625353, 0.0 ], [ 73.152315, 28.162232, 0.0 ] ], [ [ 73.152259, 28.1622312, 0.0 ], [ 73.1522821, 28.1622316, 0.0 ], [ 73.1522769, 28.1625348, 0.0 ], [ 73.1522538, 28.1625345, 0.0 ], [ 73.152259, 28.1622312, 0.0 ] ], [ [ 73.1523096, 28.1625437, 0.0 ], [ 73.1523327, 28.162544, 0.0 ], [ 73.1523275, 28.1628473, 0.0 ], [ 73.1523044, 28.162847, 0.0 ], [ 73.1523096, 28.1625437, 0.0 ] ], [ [ 73.1522536, 28.1625429, 0.0 ], [ 73.1522768, 28.1625432, 0.0 ], [ 73.1522715, 28.1628465, 0.0 ], [ 73.1522484, 28.1628462, 0.0 ], [ 73.1522536, 28.1625429, 0.0 ] ], [ [ 73.1523256, 28.1616125, 0.0 ], [ 73.1523487, 28.1616128, 0.0 ], [ 73.1523435, 28.1619161, 0.0 ], [ 73.1523204, 28.1619158, 0.0 ], [ 73.1523256, 28.1616125, 0.0 ] ], [ [ 73.1522696, 28.1616118, 0.0 ], [ 73.1522928, 28.1616121, 0.0 ], [ 73.1522875, 28.1619154, 0.0 ], [ 73.1522644, 28.161915, 0.0 ], [ 73.1522696, 28.1616118, 0.0 ] ], [ [ 73.1523203, 28.1619242, 0.0 ], [ 73.1523434, 28.1619245, 0.0 ], [ 73.1523382, 28.1622278, 0.0 ], [ 73.1523151, 28.1622275, 0.0 ], [ 73.1523203, 28.1619242, 0.0 ] ], [ [ 73.1522643, 28.1619235, 0.0 ], [ 73.1522874, 28.1619238, 0.0 ], [ 73.1522822, 28.162227, 0.0 ], [ 73.1522591, 28.1622267, 0.0 ], [ 73.1522643, 28.1619235, 0.0 ] ], [ [ 73.1523363, 28.1609931, 0.0 ], [ 73.1523594, 28.1609934, 0.0 ], [ 73.1523542, 28.1612966, 0.0 ], [ 73.152331, 28.1612963, 0.0 ], [ 73.1523363, 28.1609931, 0.0 ] ], [ [ 73.1522803, 28.1609923, 0.0 ], [ 73.1523034, 28.1609926, 0.0 ], [ 73.1522982, 28.1612959, 0.0 ], [ 73.1522751, 28.1612956, 0.0 ], [ 73.1522803, 28.1609923, 0.0 ] ], [ [ 73.1523309, 28.1613048, 0.0 ], [ 73.152354, 28.1613051, 0.0 ], [ 73.1523488, 28.1616083, 0.0 ], [ 73.1523257, 28.161608, 0.0 ], [ 73.1523309, 28.1613048, 0.0 ] ], [ [ 73.1522749, 28.161304, 0.0 ], [ 73.152298, 28.1613043, 0.0 ], [ 73.1522928, 28.1616076, 0.0 ], [ 73.1522697, 28.1616073, 0.0 ], [ 73.1522749, 28.161304, 0.0 ] ], [ [ 73.1521604, 28.1647084, 0.0 ], [ 73.1521835, 28.1647087, 0.0 ], [ 73.1521783, 28.1650119, 0.0 ], [ 73.1521552, 28.1650116, 0.0 ], [ 73.1521604, 28.1647084, 0.0 ] ], [ [ 73.1521044, 28.1647076, 0.0 ], [ 73.1521275, 28.1647079, 0.0 ], [ 73.1521223, 28.1650112, 0.0 ], [ 73.1520992, 28.1650109, 0.0 ], [ 73.1521044, 28.1647076, 0.0 ] ], [ [ 73.1521551, 28.16502, 0.0 ], [ 73.1521782, 28.1650204, 0.0 ], [ 73.152173, 28.1653236, 0.0 ], [ 73.1521498, 28.1653233, 0.0 ], [ 73.1521551, 28.16502, 0.0 ] ], [ [ 73.1520991, 28.1650193, 0.0 ], [ 73.1521222, 28.1650196, 0.0 ], [ 73.152117, 28.1653229, 0.0 ], [ 73.1520939, 28.1653226, 0.0 ], [ 73.1520991, 28.1650193, 0.0 ] ], [ [ 73.1521711, 28.1640889, 0.0 ], [ 73.1521942, 28.1640892, 0.0 ], [ 73.152189, 28.1643925, 0.0 ], [ 73.1521658, 28.1643922, 0.0 ], [ 73.1521711, 28.1640889, 0.0 ] ], [ [ 73.1521151, 28.1640881, 0.0 ], [ 73.1521382, 28.1640884, 0.0 ], [ 73.152133, 28.1643917, 0.0 ], [ 73.1521099, 28.1643914, 0.0 ], [ 73.1521151, 28.1640881, 0.0 ] ], [ [ 73.1521657, 28.1644006, 0.0 ], [ 73.1521888, 28.1644009, 0.0 ], [ 73.1521836, 28.1647042, 0.0 ], [ 73.1521605, 28.1647038, 0.0 ], [ 73.1521657, 28.1644006, 0.0 ] ], [ [ 73.1521097, 28.1643998, 0.0 ], [ 73.1521328, 28.1644001, 0.0 ], [ 73.1521276, 28.1647034, 0.0 ], [ 73.1521045, 28.1647031, 0.0 ], [ 73.1521097, 28.1643998, 0.0 ] ], [ [ 73.1521817, 28.1634694, 0.0 ], [ 73.1522048, 28.1634697, 0.0 ], [ 73.1521996, 28.163773, 0.0 ], [ 73.1521765, 28.1637727, 0.0 ], [ 73.1521817, 28.1634694, 0.0 ] ], [ [ 73.1521257, 28.1634687, 0.0 ], [ 73.1521488, 28.163469, 0.0 ], [ 73.1521436, 28.1637723, 0.0 ], [ 73.1521205, 28.1637719, 0.0 ], [ 73.1521257, 28.1634687, 0.0 ] ], [ [ 73.1521763, 28.1637811, 0.0 ], [ 73.1521995, 28.1637814, 0.0 ], [ 73.1521943, 28.1640847, 0.0 ], [ 73.1521711, 28.1640844, 0.0 ], [ 73.1521763, 28.1637811, 0.0 ] ], [ [ 73.1521204, 28.1637804, 0.0 ], [ 73.1521435, 28.1637807, 0.0 ], [ 73.1521383, 28.1640839, 0.0 ], [ 73.1521151, 28.1640836, 0.0 ], [ 73.1521204, 28.1637804, 0.0 ] ], [ [ 73.1521923, 28.16285, 0.0 ], [ 73.1522155, 28.1628503, 0.0 ], [ 73.1522103, 28.1631535, 0.0 ], [ 73.1521871, 28.1631532, 0.0 ], [ 73.1521923, 28.16285, 0.0 ] ], [ [ 73.1521364, 28.1628492, 0.0 ], [ 73.1521595, 28.1628495, 0.0 ], [ 73.1521543, 28.1631528, 0.0 ], [ 73.1521311, 28.1631525, 0.0 ], [ 73.1521364, 28.1628492, 0.0 ] ], [ [ 73.152187, 28.1631616, 0.0 ], [ 73.1522101, 28.163162, 0.0 ], [ 73.1522049, 28.1634652, 0.0 ], [ 73.1521818, 28.1634649, 0.0 ], [ 73.152187, 28.1631616, 0.0 ] ], [ [ 73.152131, 28.1631609, 0.0 ], [ 73.1521541, 28.1631612, 0.0 ], [ 73.1521489, 28.1634645, 0.0 ], [ 73.1521258, 28.1634642, 0.0 ], [ 73.152131, 28.1631609, 0.0 ] ], [ [ 73.152203, 28.1622305, 0.0 ], [ 73.1522261, 28.1622308, 0.0 ], [ 73.1522209, 28.1625341, 0.0 ], [ 73.1521978, 28.1625338, 0.0 ], [ 73.152203, 28.1622305, 0.0 ] ], [ [ 73.152147, 28.1622297, 0.0 ], [ 73.1521701, 28.16223, 0.0 ], [ 73.1521649, 28.1625333, 0.0 ], [ 73.1521418, 28.162533, 0.0 ], [ 73.152147, 28.1622297, 0.0 ] ], [ [ 73.1521976, 28.1625422, 0.0 ], [ 73.1522208, 28.1625425, 0.0 ], [ 73.1522156, 28.1628458, 0.0 ], [ 73.1521924, 28.1628454, 0.0 ], [ 73.1521976, 28.1625422, 0.0 ] ], [ [ 73.1521416, 28.1625414, 0.0 ], [ 73.1521648, 28.1625417, 0.0 ], [ 73.1521596, 28.162845, 0.0 ], [ 73.1521364, 28.1628447, 0.0 ], [ 73.1521416, 28.1625414, 0.0 ] ], [ [ 73.1522136, 28.161611, 0.0 ], [ 73.1522368, 28.1616113, 0.0 ], [ 73.1522316, 28.1619146, 0.0 ], [ 73.1522084, 28.1619143, 0.0 ], [ 73.1522136, 28.161611, 0.0 ] ], [ [ 73.1521576, 28.1616103, 0.0 ], [ 73.1521808, 28.1616106, 0.0 ], [ 73.1521756, 28.1619138, 0.0 ], [ 73.1521524, 28.1619135, 0.0 ], [ 73.1521576, 28.1616103, 0.0 ] ], [ [ 73.1522083, 28.1619227, 0.0 ], [ 73.1522314, 28.161923, 0.0 ], [ 73.1522262, 28.1622263, 0.0 ], [ 73.1522031, 28.162226, 0.0 ], [ 73.1522083, 28.1619227, 0.0 ] ], [ [ 73.1521523, 28.161922, 0.0 ], [ 73.1521754, 28.1619223, 0.0 ], [ 73.1521702, 28.1622255, 0.0 ], [ 73.1521471, 28.1622252, 0.0 ], [ 73.1521523, 28.161922, 0.0 ] ], [ [ 73.1522243, 28.1609916, 0.0 ], [ 73.1522474, 28.1609919, 0.0 ], [ 73.1522422, 28.1612951, 0.0 ], [ 73.1522191, 28.1612948, 0.0 ], [ 73.1522243, 28.1609916, 0.0 ] ], [ [ 73.1521683, 28.1609908, 0.0 ], [ 73.1521914, 28.1609911, 0.0 ], [ 73.1521862, 28.1612944, 0.0 ], [ 73.1521631, 28.1612941, 0.0 ], [ 73.1521683, 28.1609908, 0.0 ] ], [ [ 73.1522189, 28.1613032, 0.0 ], [ 73.152242, 28.1613036, 0.0 ], [ 73.1522368, 28.1616068, 0.0 ], [ 73.1522137, 28.1616065, 0.0 ], [ 73.1522189, 28.1613032, 0.0 ] ], [ [ 73.1521629, 28.1613025, 0.0 ], [ 73.1521861, 28.1613028, 0.0 ], [ 73.1521808, 28.1616061, 0.0 ], [ 73.1521577, 28.1616058, 0.0 ], [ 73.1521629, 28.1613025, 0.0 ] ], [ [ 73.1520484, 28.1647068, 0.0 ], [ 73.1520716, 28.1647072, 0.0 ], [ 73.1520663, 28.1650104, 0.0 ], [ 73.1520432, 28.1650101, 0.0 ], [ 73.1520484, 28.1647068, 0.0 ] ], [ [ 73.1519924, 28.1647061, 0.0 ], [ 73.1520156, 28.1647064, 0.0 ], [ 73.1520103, 28.1650097, 0.0 ], [ 73.1519872, 28.1650094, 0.0 ], [ 73.1519924, 28.1647061, 0.0 ] ], [ [ 73.1520431, 28.1650185, 0.0 ], [ 73.1520662, 28.1650188, 0.0 ], [ 73.152061, 28.1653221, 0.0 ], [ 73.1520379, 28.1653218, 0.0 ], [ 73.1520431, 28.1650185, 0.0 ] ], [ [ 73.1519871, 28.1650178, 0.0 ], [ 73.1520102, 28.1650181, 0.0 ], [ 73.152005, 28.1653214, 0.0 ], [ 73.1519819, 28.165321, 0.0 ], [ 73.1519871, 28.1650178, 0.0 ] ], [ [ 73.1520591, 28.1640874, 0.0 ], [ 73.1520822, 28.1640877, 0.0 ], [ 73.152077, 28.164391, 0.0 ], [ 73.1520539, 28.1643906, 0.0 ], [ 73.1520591, 28.1640874, 0.0 ] ], [ [ 73.1520031, 28.1640866, 0.0 ], [ 73.1520262, 28.1640869, 0.0 ], [ 73.152021, 28.1643902, 0.0 ], [ 73.1519979, 28.1643899, 0.0 ], [ 73.1520031, 28.1640866, 0.0 ] ], [ [ 73.1520537, 28.1643991, 0.0 ], [ 73.1520768, 28.1643994, 0.0 ], [ 73.1520716, 28.1647026, 0.0 ], [ 73.1520485, 28.1647023, 0.0 ], [ 73.1520537, 28.1643991, 0.0 ] ], [ [ 73.1519977, 28.1643983, 0.0 ], [ 73.1520208, 28.1643986, 0.0 ], [ 73.1520156, 28.1647019, 0.0 ], [ 73.1519925, 28.1647016, 0.0 ], [ 73.1519977, 28.1643983, 0.0 ] ], [ [ 73.1520697, 28.1634679, 0.0 ], [ 73.1520928, 28.1634682, 0.0 ], [ 73.1520876, 28.1637715, 0.0 ], [ 73.1520645, 28.1637712, 0.0 ], [ 73.1520697, 28.1634679, 0.0 ] ], [ [ 73.1520137, 28.1634672, 0.0 ], [ 73.1520368, 28.1634675, 0.0 ], [ 73.1520316, 28.1637707, 0.0 ], [ 73.1520085, 28.1637704, 0.0 ], [ 73.1520137, 28.1634672, 0.0 ] ], [ [ 73.1520644, 28.1637796, 0.0 ], [ 73.1520875, 28.1637799, 0.0 ], [ 73.1520823, 28.1640832, 0.0 ], [ 73.1520591, 28.1640829, 0.0 ], [ 73.1520644, 28.1637796, 0.0 ] ], [ [ 73.1520084, 28.1637788, 0.0 ], [ 73.1520315, 28.1637792, 0.0 ], [ 73.1520263, 28.1640824, 0.0 ], [ 73.1520032, 28.1640821, 0.0 ], [ 73.1520084, 28.1637788, 0.0 ] ], [ [ 73.1520804, 28.1628484, 0.0 ], [ 73.1521035, 28.1628488, 0.0 ], [ 73.1520983, 28.163152, 0.0 ], [ 73.1520751, 28.1631517, 0.0 ], [ 73.1520804, 28.1628484, 0.0 ] ], [ [ 73.1520244, 28.1628477, 0.0 ], [ 73.1520475, 28.162848, 0.0 ], [ 73.1520423, 28.1631513, 0.0 ], [ 73.1520192, 28.163151, 0.0 ], [ 73.1520244, 28.1628477, 0.0 ] ], [ [ 73.152075, 28.1631601, 0.0 ], [ 73.1520981, 28.1631604, 0.0 ], [ 73.1520929, 28.1634637, 0.0 ], [ 73.1520698, 28.1634634, 0.0 ], [ 73.152075, 28.1631601, 0.0 ] ], [ [ 73.152019, 28.1631594, 0.0 ], [ 73.1520421, 28.1631597, 0.0 ], [ 73.1520369, 28.163463, 0.0 ], [ 73.1520138, 28.1634626, 0.0 ], [ 73.152019, 28.1631594, 0.0 ] ], [ [ 73.152091, 28.162229, 0.0 ], [ 73.1521141, 28.1622293, 0.0 ], [ 73.1521089, 28.1625326, 0.0 ], [ 73.1520858, 28.1625322, 0.0 ], [ 73.152091, 28.162229, 0.0 ] ], [ [ 73.152035, 28.1622282, 0.0 ], [ 73.1520581, 28.1622285, 0.0 ], [ 73.1520529, 28.1625318, 0.0 ], [ 73.1520298, 28.1625315, 0.0 ], [ 73.152035, 28.1622282, 0.0 ] ], [ [ 73.1520856, 28.1625407, 0.0 ], [ 73.1521088, 28.162541, 0.0 ], [ 73.1521036, 28.1628442, 0.0 ], [ 73.1520804, 28.1628439, 0.0 ], [ 73.1520856, 28.1625407, 0.0 ] ], [ [ 73.1520297, 28.1625399, 0.0 ], [ 73.1520528, 28.1625402, 0.0 ], [ 73.1520476, 28.1628435, 0.0 ], [ 73.1520244, 28.1628432, 0.0 ], [ 73.1520297, 28.1625399, 0.0 ] ], [ [ 73.1521016, 28.1616095, 0.0 ], [ 73.1521248, 28.1616098, 0.0 ], [ 73.1521196, 28.1619131, 0.0 ], [ 73.1520964, 28.1619128, 0.0 ], [ 73.1521016, 28.1616095, 0.0 ] ], [ [ 73.1520457, 28.1616088, 0.0 ], [ 73.1520688, 28.1616091, 0.0 ], [ 73.1520636, 28.1619123, 0.0 ], [ 73.1520404, 28.161912, 0.0 ], [ 73.1520457, 28.1616088, 0.0 ] ], [ [ 73.1520963, 28.1619212, 0.0 ], [ 73.1521194, 28.1619215, 0.0 ], [ 73.1521142, 28.1622248, 0.0 ], [ 73.1520911, 28.1622245, 0.0 ], [ 73.1520963, 28.1619212, 0.0 ] ], [ [ 73.1520403, 28.1619204, 0.0 ], [ 73.1520634, 28.1619208, 0.0 ], [ 73.1520582, 28.162224, 0.0 ], [ 73.1520351, 28.1622237, 0.0 ], [ 73.1520403, 28.1619204, 0.0 ] ], [ [ 73.1521123, 28.16099, 0.0 ], [ 73.1521354, 28.1609904, 0.0 ], [ 73.1521302, 28.1612936, 0.0 ], [ 73.1521071, 28.1612933, 0.0 ], [ 73.1521123, 28.16099, 0.0 ] ], [ [ 73.1520563, 28.1609893, 0.0 ], [ 73.1520794, 28.1609896, 0.0 ], [ 73.1520742, 28.1612929, 0.0 ], [ 73.1520511, 28.1612926, 0.0 ], [ 73.1520563, 28.1609893, 0.0 ] ], [ [ 73.1521069, 28.1613017, 0.0 ], [ 73.1521301, 28.161302, 0.0 ], [ 73.1521249, 28.1616053, 0.0 ], [ 73.1521017, 28.161605, 0.0 ], [ 73.1521069, 28.1613017, 0.0 ] ], [ [ 73.1520509, 28.161301, 0.0 ], [ 73.1520741, 28.1613013, 0.0 ], [ 73.1520689, 28.1616046, 0.0 ], [ 73.1520457, 28.1616042, 0.0 ], [ 73.1520509, 28.161301, 0.0 ] ], [ [ 73.1519364, 28.1647053, 0.0 ], [ 73.1519596, 28.1647056, 0.0 ], [ 73.1519544, 28.1650089, 0.0 ], [ 73.1519312, 28.1650086, 0.0 ], [ 73.1519364, 28.1647053, 0.0 ] ], [ [ 73.1518804, 28.1647046, 0.0 ], [ 73.1519036, 28.1647049, 0.0 ], [ 73.1518984, 28.1650082, 0.0 ], [ 73.1518752, 28.1650078, 0.0 ], [ 73.1518804, 28.1647046, 0.0 ] ], [ [ 73.1519311, 28.165017, 0.0 ], [ 73.1519542, 28.1650173, 0.0 ], [ 73.151949, 28.1653206, 0.0 ], [ 73.1519259, 28.1653203, 0.0 ], [ 73.1519311, 28.165017, 0.0 ] ], [ [ 73.1518751, 28.1650163, 0.0 ], [ 73.1518982, 28.1650166, 0.0 ], [ 73.151893, 28.1653198, 0.0 ], [ 73.1518699, 28.1653195, 0.0 ], [ 73.1518751, 28.1650163, 0.0 ] ], [ [ 73.1519471, 28.1640859, 0.0 ], [ 73.1519702, 28.1640862, 0.0 ], [ 73.151965, 28.1643894, 0.0 ], [ 73.1519419, 28.1643891, 0.0 ], [ 73.1519471, 28.1640859, 0.0 ] ], [ [ 73.1518911, 28.1640851, 0.0 ], [ 73.1519142, 28.1640854, 0.0 ], [ 73.151909, 28.1643887, 0.0 ], [ 73.1518859, 28.1643884, 0.0 ], [ 73.1518911, 28.1640851, 0.0 ] ], [ [ 73.1519417, 28.1643976, 0.0 ], [ 73.1519649, 28.1643979, 0.0 ], [ 73.1519596, 28.1647011, 0.0 ], [ 73.1519365, 28.1647008, 0.0 ], [ 73.1519417, 28.1643976, 0.0 ] ], [ [ 73.1518857, 28.1643968, 0.0 ], [ 73.1519089, 28.1643971, 0.0 ], [ 73.1519036, 28.1647004, 0.0 ], [ 73.1518805, 28.1647001, 0.0 ], [ 73.1518857, 28.1643968, 0.0 ] ], [ [ 73.1519577, 28.1634664, 0.0 ], [ 73.1519809, 28.1634667, 0.0 ], [ 73.1519756, 28.16377, 0.0 ], [ 73.1519525, 28.1637697, 0.0 ], [ 73.1519577, 28.1634664, 0.0 ] ], [ [ 73.1519017, 28.1634656, 0.0 ], [ 73.1519249, 28.163466, 0.0 ], [ 73.1519197, 28.1637692, 0.0 ], [ 73.1518965, 28.1637689, 0.0 ], [ 73.1519017, 28.1634656, 0.0 ] ], [ [ 73.1519524, 28.1637781, 0.0 ], [ 73.1519755, 28.1637784, 0.0 ], [ 73.1519703, 28.1640817, 0.0 ], [ 73.1519472, 28.1640814, 0.0 ], [ 73.1519524, 28.1637781, 0.0 ] ], [ [ 73.1518964, 28.1637773, 0.0 ], [ 73.1519195, 28.1637776, 0.0 ], [ 73.1519143, 28.1640809, 0.0 ], [ 73.1518912, 28.1640806, 0.0 ], [ 73.1518964, 28.1637773, 0.0 ] ], [ [ 73.1519684, 28.1628469, 0.0 ], [ 73.1519915, 28.1628472, 0.0 ], [ 73.1519863, 28.1631505, 0.0 ], [ 73.1519632, 28.1631502, 0.0 ], [ 73.1519684, 28.1628469, 0.0 ] ], [ [ 73.1519124, 28.1628462, 0.0 ], [ 73.1519355, 28.1628465, 0.0 ], [ 73.1519303, 28.1631498, 0.0 ], [ 73.1519072, 28.1631494, 0.0 ], [ 73.1519124, 28.1628462, 0.0 ] ], [ [ 73.151963, 28.1631586, 0.0 ], [ 73.1519861, 28.1631589, 0.0 ], [ 73.1519809, 28.1634622, 0.0 ], [ 73.1519578, 28.1634619, 0.0 ], [ 73.151963, 28.1631586, 0.0 ] ], [ [ 73.151907, 28.1631579, 0.0 ], [ 73.1519302, 28.1631582, 0.0 ], [ 73.1519249, 28.1634614, 0.0 ], [ 73.1519018, 28.1634611, 0.0 ], [ 73.151907, 28.1631579, 0.0 ] ], [ [ 73.151979, 28.1622275, 0.0 ], [ 73.1520021, 28.1622278, 0.0 ], [ 73.1519969, 28.162531, 0.0 ], [ 73.1519738, 28.1625307, 0.0 ], [ 73.151979, 28.1622275, 0.0 ] ], [ [ 73.151923, 28.1622267, 0.0 ], [ 73.1519462, 28.162227, 0.0 ], [ 73.1519409, 28.1625303, 0.0 ], [ 73.1519178, 28.16253, 0.0 ], [ 73.151923, 28.1622267, 0.0 ] ], [ [ 73.1519737, 28.1625392, 0.0 ], [ 73.1519968, 28.1625395, 0.0 ], [ 73.1519916, 28.1628427, 0.0 ], [ 73.1519684, 28.1628424, 0.0 ], [ 73.1519737, 28.1625392, 0.0 ] ], [ [ 73.1519177, 28.1625384, 0.0 ], [ 73.1519408, 28.1625387, 0.0 ], [ 73.1519356, 28.162842, 0.0 ], [ 73.1519125, 28.1628417, 0.0 ], [ 73.1519177, 28.1625384, 0.0 ] ], [ [ 73.1519897, 28.161608, 0.0 ], [ 73.1520128, 28.1616083, 0.0 ], [ 73.1520076, 28.1619116, 0.0 ], [ 73.1519844, 28.1619113, 0.0 ], [ 73.1519897, 28.161608, 0.0 ] ], [ [ 73.1519337, 28.1616072, 0.0 ], [ 73.1519568, 28.1616076, 0.0 ], [ 73.1519516, 28.1619108, 0.0 ], [ 73.1519285, 28.1619105, 0.0 ], [ 73.1519337, 28.1616072, 0.0 ] ], [ [ 73.1519843, 28.1619197, 0.0 ], [ 73.1520074, 28.16192, 0.0 ], [ 73.1520022, 28.1622233, 0.0 ], [ 73.1519791, 28.162223, 0.0 ], [ 73.1519843, 28.1619197, 0.0 ] ], [ [ 73.1519283, 28.1619189, 0.0 ], [ 73.1519514, 28.1619192, 0.0 ], [ 73.1519462, 28.1622225, 0.0 ], [ 73.1519231, 28.1622222, 0.0 ], [ 73.1519283, 28.1619189, 0.0 ] ], [ [ 73.1520003, 28.1609885, 0.0 ], [ 73.1520234, 28.1609888, 0.0 ], [ 73.1520182, 28.1612921, 0.0 ], [ 73.1519951, 28.1612918, 0.0 ], [ 73.1520003, 28.1609885, 0.0 ] ], [ [ 73.1519443, 28.1609878, 0.0 ], [ 73.1519674, 28.1609881, 0.0 ], [ 73.1519622, 28.1612914, 0.0 ], [ 73.1519391, 28.161291, 0.0 ], [ 73.1519443, 28.1609878, 0.0 ] ], [ [ 73.1519949, 28.1613002, 0.0 ], [ 73.1520181, 28.1613005, 0.0 ], [ 73.1520129, 28.1616038, 0.0 ], [ 73.1519897, 28.1616035, 0.0 ], [ 73.1519949, 28.1613002, 0.0 ] ], [ [ 73.151939, 28.1612995, 0.0 ], [ 73.1519621, 28.1612998, 0.0 ], [ 73.1519569, 28.161603, 0.0 ], [ 73.1519337, 28.1616027, 0.0 ], [ 73.151939, 28.1612995, 0.0 ] ], [ [ 73.1518192, 28.1650075, 0.0 ], [ 73.1518424, 28.1650078, 0.0 ], [ 73.1518371, 28.1653111, 0.0 ], [ 73.151814, 28.1653108, 0.0 ], [ 73.1518192, 28.1650075, 0.0 ] ], [ [ 73.1517632, 28.1650068, 0.0 ], [ 73.1517864, 28.1650071, 0.0 ], [ 73.1517811, 28.1653103, 0.0 ], [ 73.151758, 28.16531, 0.0 ], [ 73.1517632, 28.1650068, 0.0 ] ], [ [ 73.1518139, 28.1653192, 0.0 ], [ 73.151837, 28.1653195, 0.0 ], [ 73.1518318, 28.1656228, 0.0 ], [ 73.1518087, 28.1656225, 0.0 ], [ 73.1518139, 28.1653192, 0.0 ] ], [ [ 73.1517579, 28.1653184, 0.0 ], [ 73.151781, 28.1653188, 0.0 ], [ 73.1517758, 28.165622, 0.0 ], [ 73.1517527, 28.1656217, 0.0 ], [ 73.1517579, 28.1653184, 0.0 ] ], [ [ 73.1518299, 28.164388, 0.0 ], [ 73.151853, 28.1643884, 0.0 ], [ 73.1518478, 28.1646916, 0.0 ], [ 73.1518247, 28.1646913, 0.0 ], [ 73.1518299, 28.164388, 0.0 ] ], [ [ 73.1517739, 28.1643873, 0.0 ], [ 73.151797, 28.1643876, 0.0 ], [ 73.1517918, 28.1646909, 0.0 ], [ 73.1517687, 28.1646906, 0.0 ], [ 73.1517739, 28.1643873, 0.0 ] ], [ [ 73.1518245, 28.1646997, 0.0 ], [ 73.1518476, 28.1647, 0.0 ], [ 73.1518424, 28.1650033, 0.0 ], [ 73.1518193, 28.165003, 0.0 ], [ 73.1518245, 28.1646997, 0.0 ] ], [ [ 73.1517685, 28.164699, 0.0 ], [ 73.1517917, 28.1646993, 0.0 ], [ 73.1517864, 28.1650026, 0.0 ], [ 73.1517633, 28.1650022, 0.0 ], [ 73.1517685, 28.164699, 0.0 ] ], [ [ 73.1518405, 28.1637686, 0.0 ], [ 73.1518636, 28.1637689, 0.0 ], [ 73.1518584, 28.1640722, 0.0 ], [ 73.1518353, 28.1640718, 0.0 ], [ 73.1518405, 28.1637686, 0.0 ] ], [ [ 73.1517845, 28.1637678, 0.0 ], [ 73.1518077, 28.1637681, 0.0 ], [ 73.1518024, 28.1640714, 0.0 ], [ 73.1517793, 28.1640711, 0.0 ], [ 73.1517845, 28.1637678, 0.0 ] ], [ [ 73.1518352, 28.1640803, 0.0 ], [ 73.1518583, 28.1640806, 0.0 ], [ 73.1518531, 28.1643838, 0.0 ], [ 73.1518299, 28.1643835, 0.0 ], [ 73.1518352, 28.1640803, 0.0 ] ], [ [ 73.1517792, 28.1640795, 0.0 ], [ 73.1518023, 28.1640798, 0.0 ], [ 73.1517971, 28.1643831, 0.0 ], [ 73.151774, 28.1643828, 0.0 ], [ 73.1517792, 28.1640795, 0.0 ] ], [ [ 73.1518512, 28.1631491, 0.0 ], [ 73.1518743, 28.1631494, 0.0 ], [ 73.1518691, 28.1634527, 0.0 ], [ 73.151846, 28.1634524, 0.0 ], [ 73.1518512, 28.1631491, 0.0 ] ], [ [ 73.1517952, 28.1631484, 0.0 ], [ 73.1518183, 28.1631487, 0.0 ], [ 73.1518131, 28.1634519, 0.0 ], [ 73.15179, 28.1634516, 0.0 ], [ 73.1517952, 28.1631484, 0.0 ] ], [ [ 73.1518458, 28.1634608, 0.0 ], [ 73.1518689, 28.1634611, 0.0 ], [ 73.1518637, 28.1637644, 0.0 ], [ 73.1518406, 28.1637641, 0.0 ], [ 73.1518458, 28.1634608, 0.0 ] ], [ [ 73.1517898, 28.16346, 0.0 ], [ 73.1518129, 28.1634604, 0.0 ], [ 73.1518077, 28.1637636, 0.0 ], [ 73.1517846, 28.1637633, 0.0 ], [ 73.1517898, 28.16346, 0.0 ] ], [ [ 73.1518618, 28.1625296, 0.0 ], [ 73.1518849, 28.16253, 0.0 ], [ 73.1518797, 28.1628332, 0.0 ], [ 73.1518566, 28.1628329, 0.0 ], [ 73.1518618, 28.1625296, 0.0 ] ], [ [ 73.1518058, 28.1625289, 0.0 ], [ 73.1518289, 28.1625292, 0.0 ], [ 73.1518237, 28.1628325, 0.0 ], [ 73.1518006, 28.1628322, 0.0 ], [ 73.1518058, 28.1625289, 0.0 ] ], [ [ 73.1518565, 28.1628413, 0.0 ], [ 73.1518796, 28.1628416, 0.0 ], [ 73.1518744, 28.1631449, 0.0 ], [ 73.1518512, 28.1631446, 0.0 ], [ 73.1518565, 28.1628413, 0.0 ] ], [ [ 73.1518005, 28.1628406, 0.0 ], [ 73.1518236, 28.1628409, 0.0 ], [ 73.1518184, 28.1631442, 0.0 ], [ 73.1517952, 28.1631438, 0.0 ], [ 73.1518005, 28.1628406, 0.0 ] ], [ [ 73.1518725, 28.1619102, 0.0 ], [ 73.1518956, 28.1619105, 0.0 ], [ 73.1518904, 28.1622138, 0.0 ], [ 73.1518672, 28.1622134, 0.0 ], [ 73.1518725, 28.1619102, 0.0 ] ], [ [ 73.1518165, 28.1619094, 0.0 ], [ 73.1518396, 28.1619097, 0.0 ], [ 73.1518344, 28.162213, 0.0 ], [ 73.1518112, 28.1622127, 0.0 ], [ 73.1518165, 28.1619094, 0.0 ] ], [ [ 73.1518671, 28.1622219, 0.0 ], [ 73.1518902, 28.1622222, 0.0 ], [ 73.151885, 28.1625254, 0.0 ], [ 73.1518619, 28.1625251, 0.0 ], [ 73.1518671, 28.1622219, 0.0 ] ], [ [ 73.1518111, 28.1622211, 0.0 ], [ 73.1518342, 28.1622214, 0.0 ], [ 73.151829, 28.1625247, 0.0 ], [ 73.1518059, 28.1625244, 0.0 ], [ 73.1518111, 28.1622211, 0.0 ] ], [ [ 73.1518831, 28.1612907, 0.0 ], [ 73.1519062, 28.161291, 0.0 ], [ 73.151901, 28.1615943, 0.0 ], [ 73.1518779, 28.161594, 0.0 ], [ 73.1518831, 28.1612907, 0.0 ] ], [ [ 73.1518271, 28.16129, 0.0 ], [ 73.1518502, 28.1612903, 0.0 ], [ 73.151845, 28.1615935, 0.0 ], [ 73.1518219, 28.1615932, 0.0 ], [ 73.1518271, 28.16129, 0.0 ] ], [ [ 73.1518777, 28.1616024, 0.0 ], [ 73.1519009, 28.1616027, 0.0 ], [ 73.1518957, 28.161906, 0.0 ], [ 73.1518725, 28.1619057, 0.0 ], [ 73.1518777, 28.1616024, 0.0 ] ], [ [ 73.1518218, 28.1616016, 0.0 ], [ 73.1518449, 28.161602, 0.0 ], [ 73.1518397, 28.1619052, 0.0 ], [ 73.1518165, 28.1619049, 0.0 ], [ 73.1518218, 28.1616016, 0.0 ] ], [ [ 73.1518937, 28.1606712, 0.0 ], [ 73.1519169, 28.1606716, 0.0 ], [ 73.1519117, 28.1609748, 0.0 ], [ 73.1518885, 28.1609745, 0.0 ], [ 73.1518937, 28.1606712, 0.0 ] ], [ [ 73.1518378, 28.1606705, 0.0 ], [ 73.1518609, 28.1606708, 0.0 ], [ 73.1518557, 28.1609741, 0.0 ], [ 73.1518325, 28.1609738, 0.0 ], [ 73.1518378, 28.1606705, 0.0 ] ], [ [ 73.1518884, 28.1609829, 0.0 ], [ 73.1519115, 28.1609832, 0.0 ], [ 73.1519063, 28.1612865, 0.0 ], [ 73.1518832, 28.1612862, 0.0 ], [ 73.1518884, 28.1609829, 0.0 ] ], [ [ 73.1518324, 28.1609822, 0.0 ], [ 73.1518555, 28.1609825, 0.0 ], [ 73.1518503, 28.1612858, 0.0 ], [ 73.1518272, 28.1612854, 0.0 ], [ 73.1518324, 28.1609822, 0.0 ] ], [ [ 73.1517072, 28.165006, 0.0 ], [ 73.1517304, 28.1650063, 0.0 ], [ 73.1517252, 28.1653096, 0.0 ], [ 73.151702, 28.1653093, 0.0 ], [ 73.1517072, 28.165006, 0.0 ] ], [ [ 73.1516512, 28.1650052, 0.0 ], [ 73.1516744, 28.1650056, 0.0 ], [ 73.1516692, 28.1653088, 0.0 ], [ 73.151646, 28.1653085, 0.0 ], [ 73.1516512, 28.1650052, 0.0 ] ], [ [ 73.1517019, 28.1653177, 0.0 ], [ 73.151725, 28.165318, 0.0 ], [ 73.1517198, 28.1656213, 0.0 ], [ 73.1516967, 28.165621, 0.0 ], [ 73.1517019, 28.1653177, 0.0 ] ], [ [ 73.1516459, 28.1653169, 0.0 ], [ 73.151669, 28.1653172, 0.0 ], [ 73.1516638, 28.1656205, 0.0 ], [ 73.1516407, 28.1656202, 0.0 ], [ 73.1516459, 28.1653169, 0.0 ] ], [ [ 73.1517179, 28.1643865, 0.0 ], [ 73.151741, 28.1643868, 0.0 ], [ 73.1517358, 28.1646901, 0.0 ], [ 73.1517127, 28.1646898, 0.0 ], [ 73.1517179, 28.1643865, 0.0 ] ], [ [ 73.1516619, 28.1643858, 0.0 ], [ 73.151685, 28.1643861, 0.0 ], [ 73.1516798, 28.1646894, 0.0 ], [ 73.1516567, 28.164689, 0.0 ], [ 73.1516619, 28.1643858, 0.0 ] ], [ [ 73.1517125, 28.1646982, 0.0 ], [ 73.1517357, 28.1646985, 0.0 ], [ 73.1517304, 28.1650018, 0.0 ], [ 73.1517073, 28.1650015, 0.0 ], [ 73.1517125, 28.1646982, 0.0 ] ], [ [ 73.1516565, 28.1646975, 0.0 ], [ 73.1516797, 28.1646978, 0.0 ], [ 73.1516745, 28.165001, 0.0 ], [ 73.1516513, 28.1650007, 0.0 ], [ 73.1516565, 28.1646975, 0.0 ] ], [ [ 73.1517285, 28.1637671, 0.0 ], [ 73.1517517, 28.1637674, 0.0 ], [ 73.1517464, 28.1640706, 0.0 ], [ 73.1517233, 28.1640703, 0.0 ], [ 73.1517285, 28.1637671, 0.0 ] ], [ [ 73.1516725, 28.1637663, 0.0 ], [ 73.1516957, 28.1637666, 0.0 ], [ 73.1516905, 28.1640699, 0.0 ], [ 73.1516673, 28.1640696, 0.0 ], [ 73.1516725, 28.1637663, 0.0 ] ], [ [ 73.1517232, 28.1640787, 0.0 ], [ 73.1517463, 28.1640791, 0.0 ], [ 73.1517411, 28.1643823, 0.0 ], [ 73.151718, 28.164382, 0.0 ], [ 73.1517232, 28.1640787, 0.0 ] ], [ [ 73.1516672, 28.164078, 0.0 ], [ 73.1516903, 28.1640783, 0.0 ], [ 73.1516851, 28.1643816, 0.0 ], [ 73.151662, 28.1643813, 0.0 ], [ 73.1516672, 28.164078, 0.0 ] ], [ [ 73.1517392, 28.1631476, 0.0 ], [ 73.1517623, 28.1631479, 0.0 ], [ 73.1517571, 28.1634512, 0.0 ], [ 73.151734, 28.1634509, 0.0 ], [ 73.1517392, 28.1631476, 0.0 ] ], [ [ 73.1516832, 28.1631468, 0.0 ], [ 73.1517063, 28.1631472, 0.0 ], [ 73.1517011, 28.1634504, 0.0 ], [ 73.151678, 28.1634501, 0.0 ], [ 73.1516832, 28.1631468, 0.0 ] ], [ [ 73.1517338, 28.1634593, 0.0 ], [ 73.151757, 28.1634596, 0.0 ], [ 73.1517517, 28.1637629, 0.0 ], [ 73.1517286, 28.1637626, 0.0 ], [ 73.1517338, 28.1634593, 0.0 ] ], [ [ 73.1516778, 28.1634585, 0.0 ], [ 73.151701, 28.1634588, 0.0 ], [ 73.1516957, 28.1637621, 0.0 ], [ 73.1516726, 28.1637618, 0.0 ], [ 73.1516778, 28.1634585, 0.0 ] ], [ [ 73.1517498, 28.1625281, 0.0 ], [ 73.151773, 28.1625284, 0.0 ], [ 73.1517677, 28.1628317, 0.0 ], [ 73.1517446, 28.1628314, 0.0 ], [ 73.1517498, 28.1625281, 0.0 ] ], [ [ 73.1516938, 28.1625274, 0.0 ], [ 73.151717, 28.1625277, 0.0 ], [ 73.1517117, 28.162831, 0.0 ], [ 73.1516886, 28.1628306, 0.0 ], [ 73.1516938, 28.1625274, 0.0 ] ], [ [ 73.1517445, 28.1628398, 0.0 ], [ 73.1517676, 28.1628401, 0.0 ], [ 73.1517624, 28.1631434, 0.0 ], [ 73.1517393, 28.1631431, 0.0 ], [ 73.1517445, 28.1628398, 0.0 ] ], [ [ 73.1516885, 28.1628391, 0.0 ], [ 73.1517116, 28.1628394, 0.0 ], [ 73.1517064, 28.1631426, 0.0 ], [ 73.1516833, 28.1631423, 0.0 ], [ 73.1516885, 28.1628391, 0.0 ] ], [ [ 73.1517605, 28.1619087, 0.0 ], [ 73.1517836, 28.161909, 0.0 ], [ 73.1517784, 28.1622122, 0.0 ], [ 73.1517553, 28.1622119, 0.0 ], [ 73.1517605, 28.1619087, 0.0 ] ], [ [ 73.1517045, 28.1619079, 0.0 ], [ 73.1517276, 28.1619082, 0.0 ], [ 73.1517224, 28.1622115, 0.0 ], [ 73.1516993, 28.1622112, 0.0 ], [ 73.1517045, 28.1619079, 0.0 ] ], [ [ 73.1517551, 28.1622203, 0.0 ], [ 73.1517782, 28.1622207, 0.0 ], [ 73.151773, 28.1625239, 0.0 ], [ 73.1517499, 28.1625236, 0.0 ], [ 73.1517551, 28.1622203, 0.0 ] ], [ [ 73.1516991, 28.1622196, 0.0 ], [ 73.1517222, 28.1622199, 0.0 ], [ 73.151717, 28.1625232, 0.0 ], [ 73.1516939, 28.1625229, 0.0 ], [ 73.1516991, 28.1622196, 0.0 ] ], [ [ 73.1517711, 28.1612892, 0.0 ], [ 73.1517942, 28.1612895, 0.0 ], [ 73.151789, 28.1615928, 0.0 ], [ 73.1517659, 28.1615925, 0.0 ], [ 73.1517711, 28.1612892, 0.0 ] ], [ [ 73.1517151, 28.1612884, 0.0 ], [ 73.1517383, 28.1612888, 0.0 ], [ 73.151733, 28.161592, 0.0 ], [ 73.1517099, 28.1615917, 0.0 ], [ 73.1517151, 28.1612884, 0.0 ] ], [ [ 73.1517658, 28.1616009, 0.0 ], [ 73.1517889, 28.1616012, 0.0 ], [ 73.1517837, 28.1619045, 0.0 ], [ 73.1517605, 28.1619042, 0.0 ], [ 73.1517658, 28.1616009, 0.0 ] ], [ [ 73.1517098, 28.1616001, 0.0 ], [ 73.1517329, 28.1616004, 0.0 ], [ 73.1517277, 28.1619037, 0.0 ], [ 73.1517046, 28.1619034, 0.0 ], [ 73.1517098, 28.1616001, 0.0 ] ], [ [ 73.1515952, 28.1650045, 0.0 ], [ 73.1516184, 28.1650048, 0.0 ], [ 73.1516132, 28.1653081, 0.0 ], [ 73.15159, 28.1653078, 0.0 ], [ 73.1515952, 28.1650045, 0.0 ] ], [ [ 73.1515393, 28.1650037, 0.0 ], [ 73.1515624, 28.165004, 0.0 ], [ 73.1515572, 28.1653073, 0.0 ], [ 73.151534, 28.165307, 0.0 ], [ 73.1515393, 28.1650037, 0.0 ] ], [ [ 73.1515899, 28.1653162, 0.0 ], [ 73.151613, 28.1653165, 0.0 ], [ 73.1516078, 28.1656198, 0.0 ], [ 73.1515847, 28.1656194, 0.0 ], [ 73.1515899, 28.1653162, 0.0 ] ], [ [ 73.1515339, 28.1653154, 0.0 ], [ 73.151557, 28.1653157, 0.0 ], [ 73.1515518, 28.165619, 0.0 ], [ 73.1515287, 28.1656187, 0.0 ], [ 73.1515339, 28.1653154, 0.0 ] ], [ [ 73.1516059, 28.164385, 0.0 ], [ 73.151629, 28.1643853, 0.0 ], [ 73.1516238, 28.1646886, 0.0 ], [ 73.1516007, 28.1646883, 0.0 ], [ 73.1516059, 28.164385, 0.0 ] ], [ [ 73.1515499, 28.1643843, 0.0 ], [ 73.151573, 28.1643846, 0.0 ], [ 73.1515678, 28.1646878, 0.0 ], [ 73.1515447, 28.1646875, 0.0 ], [ 73.1515499, 28.1643843, 0.0 ] ], [ [ 73.1516005, 28.1646967, 0.0 ], [ 73.1516237, 28.164697, 0.0 ], [ 73.1516185, 28.1650003, 0.0 ], [ 73.1515953, 28.165, 0.0 ], [ 73.1516005, 28.1646967, 0.0 ] ], [ [ 73.1515445, 28.1646959, 0.0 ], [ 73.1515677, 28.1646963, 0.0 ], [ 73.1515625, 28.1649995, 0.0 ], [ 73.1515393, 28.1649992, 0.0 ], [ 73.1515445, 28.1646959, 0.0 ] ], [ [ 73.1516165, 28.1637656, 0.0 ], [ 73.1516397, 28.1637659, 0.0 ], [ 73.1516345, 28.1640691, 0.0 ], [ 73.1516113, 28.1640688, 0.0 ], [ 73.1516165, 28.1637656, 0.0 ] ], [ [ 73.1515605, 28.1637648, 0.0 ], [ 73.1515837, 28.1637651, 0.0 ], [ 73.1515785, 28.1640684, 0.0 ], [ 73.1515553, 28.1640681, 0.0 ], [ 73.1515605, 28.1637648, 0.0 ] ], [ [ 73.1516112, 28.1640772, 0.0 ], [ 73.1516343, 28.1640776, 0.0 ], [ 73.1516291, 28.1643808, 0.0 ], [ 73.151606, 28.1643805, 0.0 ], [ 73.1516112, 28.1640772, 0.0 ] ], [ [ 73.1515552, 28.1640765, 0.0 ], [ 73.1515783, 28.1640768, 0.0 ], [ 73.1515731, 28.1643801, 0.0 ], [ 73.15155, 28.1643798, 0.0 ], [ 73.1515552, 28.1640765, 0.0 ] ], [ [ 73.1516272, 28.1631461, 0.0 ], [ 73.1516503, 28.1631464, 0.0 ], [ 73.1516451, 28.1634497, 0.0 ], [ 73.151622, 28.1634494, 0.0 ], [ 73.1516272, 28.1631461, 0.0 ] ], [ [ 73.1515712, 28.1631453, 0.0 ], [ 73.1515943, 28.1631456, 0.0 ], [ 73.1515891, 28.1634489, 0.0 ], [ 73.151566, 28.1634486, 0.0 ], [ 73.1515712, 28.1631453, 0.0 ] ], [ [ 73.1516218, 28.1634578, 0.0 ], [ 73.151645, 28.1634581, 0.0 ], [ 73.1516398, 28.1637614, 0.0 ], [ 73.1516166, 28.163761, 0.0 ], [ 73.1516218, 28.1634578, 0.0 ] ], [ [ 73.1515658, 28.163457, 0.0 ], [ 73.151589, 28.1634573, 0.0 ], [ 73.1515838, 28.1637606, 0.0 ], [ 73.1515606, 28.1637603, 0.0 ], [ 73.1515658, 28.163457, 0.0 ] ], [ [ 73.1516378, 28.1625266, 0.0 ], [ 73.151661, 28.1625269, 0.0 ], [ 73.1516558, 28.1628302, 0.0 ], [ 73.1516326, 28.1628299, 0.0 ], [ 73.1516378, 28.1625266, 0.0 ] ], [ [ 73.1515818, 28.1625259, 0.0 ], [ 73.151605, 28.1625262, 0.0 ], [ 73.1515998, 28.1628294, 0.0 ], [ 73.1515766, 28.1628291, 0.0 ], [ 73.1515818, 28.1625259, 0.0 ] ], [ [ 73.1516325, 28.1628383, 0.0 ], [ 73.1516556, 28.1628386, 0.0 ], [ 73.1516504, 28.1631419, 0.0 ], [ 73.1516273, 28.1631416, 0.0 ], [ 73.1516325, 28.1628383, 0.0 ] ], [ [ 73.1515765, 28.1628375, 0.0 ], [ 73.1515996, 28.1628379, 0.0 ], [ 73.1515944, 28.1631411, 0.0 ], [ 73.1515713, 28.1631408, 0.0 ], [ 73.1515765, 28.1628375, 0.0 ] ], [ [ 73.1516485, 28.1619072, 0.0 ], [ 73.1516716, 28.1619075, 0.0 ], [ 73.1516664, 28.1622107, 0.0 ], [ 73.1516433, 28.1622104, 0.0 ], [ 73.1516485, 28.1619072, 0.0 ] ], [ [ 73.1515925, 28.1619064, 0.0 ], [ 73.1516156, 28.1619067, 0.0 ], [ 73.1516104, 28.16221, 0.0 ], [ 73.1515873, 28.1622097, 0.0 ], [ 73.1515925, 28.1619064, 0.0 ] ], [ [ 73.1516431, 28.1622188, 0.0 ], [ 73.1516663, 28.1622192, 0.0 ], [ 73.151661, 28.1625224, 0.0 ], [ 73.1516379, 28.1625221, 0.0 ], [ 73.1516431, 28.1622188, 0.0 ] ], [ [ 73.1515871, 28.1622181, 0.0 ], [ 73.1516103, 28.1622184, 0.0 ], [ 73.1516051, 28.1625217, 0.0 ], [ 73.1515819, 28.1625214, 0.0 ], [ 73.1515871, 28.1622181, 0.0 ] ], [ [ 73.1516591, 28.1612877, 0.0 ], [ 73.1516823, 28.161288, 0.0 ], [ 73.151677, 28.1615913, 0.0 ], [ 73.1516539, 28.161591, 0.0 ], [ 73.1516591, 28.1612877, 0.0 ] ], [ [ 73.1516031, 28.1612869, 0.0 ], [ 73.1516263, 28.1612872, 0.0 ], [ 73.1516211, 28.1615905, 0.0 ], [ 73.1515979, 28.1615902, 0.0 ], [ 73.1516031, 28.1612869, 0.0 ] ], [ [ 73.1516538, 28.1615994, 0.0 ], [ 73.1516769, 28.1615997, 0.0 ], [ 73.1516717, 28.161903, 0.0 ], [ 73.1516486, 28.1619026, 0.0 ], [ 73.1516538, 28.1615994, 0.0 ] ], [ [ 73.1515978, 28.1615986, 0.0 ], [ 73.1516209, 28.1615989, 0.0 ], [ 73.1516157, 28.1619022, 0.0 ], [ 73.1515926, 28.1619019, 0.0 ], [ 73.1515978, 28.1615986, 0.0 ] ], [ [ 73.1514833, 28.165003, 0.0 ], [ 73.1515064, 28.1650033, 0.0 ], [ 73.1515012, 28.1653066, 0.0 ], [ 73.151478, 28.1653062, 0.0 ], [ 73.1514833, 28.165003, 0.0 ] ], [ [ 73.1514273, 28.1650022, 0.0 ], [ 73.1514504, 28.1650025, 0.0 ], [ 73.1514452, 28.1653058, 0.0 ], [ 73.1514221, 28.1653055, 0.0 ], [ 73.1514273, 28.1650022, 0.0 ] ], [ [ 73.1514779, 28.1653147, 0.0 ], [ 73.151501, 28.165315, 0.0 ], [ 73.1514958, 28.1656182, 0.0 ], [ 73.1514727, 28.1656179, 0.0 ], [ 73.1514779, 28.1653147, 0.0 ] ], [ [ 73.1514219, 28.1653139, 0.0 ], [ 73.151445, 28.1653142, 0.0 ], [ 73.1514398, 28.1656175, 0.0 ], [ 73.1514167, 28.1656172, 0.0 ], [ 73.1514219, 28.1653139, 0.0 ] ], [ [ 73.1514939, 28.1643835, 0.0 ], [ 73.151517, 28.1643838, 0.0 ], [ 73.1515118, 28.1646871, 0.0 ], [ 73.1514887, 28.1646868, 0.0 ], [ 73.1514939, 28.1643835, 0.0 ] ], [ [ 73.1514379, 28.1643828, 0.0 ], [ 73.151461, 28.1643831, 0.0 ], [ 73.1514558, 28.1646863, 0.0 ], [ 73.1514327, 28.164686, 0.0 ], [ 73.1514379, 28.1643828, 0.0 ] ], [ [ 73.1514885, 28.1646952, 0.0 ], [ 73.1515117, 28.1646955, 0.0 ], [ 73.1515065, 28.1649988, 0.0 ], [ 73.1514833, 28.1649985, 0.0 ], [ 73.1514885, 28.1646952, 0.0 ] ], [ [ 73.1514326, 28.1646944, 0.0 ], [ 73.1514557, 28.1646947, 0.0 ], [ 73.1514505, 28.164998, 0.0 ], [ 73.1514273, 28.1649977, 0.0 ], [ 73.1514326, 28.1646944, 0.0 ] ], [ [ 73.1515046, 28.163764, 0.0 ], [ 73.1515277, 28.1637644, 0.0 ], [ 73.1515225, 28.1640676, 0.0 ], [ 73.1514993, 28.1640673, 0.0 ], [ 73.1515046, 28.163764, 0.0 ] ], [ [ 73.1514486, 28.1637633, 0.0 ], [ 73.1514717, 28.1637636, 0.0 ], [ 73.1514665, 28.1640669, 0.0 ], [ 73.1514433, 28.1640666, 0.0 ], [ 73.1514486, 28.1637633, 0.0 ] ], [ [ 73.1514992, 28.1640757, 0.0 ], [ 73.1515223, 28.164076, 0.0 ], [ 73.1515171, 28.1643793, 0.0 ], [ 73.151494, 28.164379, 0.0 ], [ 73.1514992, 28.1640757, 0.0 ] ], [ [ 73.1514432, 28.164075, 0.0 ], [ 73.1514663, 28.1640753, 0.0 ], [ 73.1514611, 28.1643786, 0.0 ], [ 73.151438, 28.1643782, 0.0 ], [ 73.1514432, 28.164075, 0.0 ] ], [ [ 73.1515152, 28.1631446, 0.0 ], [ 73.1515383, 28.1631449, 0.0 ], [ 73.1515331, 28.1634482, 0.0 ], [ 73.15151, 28.1634478, 0.0 ], [ 73.1515152, 28.1631446, 0.0 ] ], [ [ 73.1514592, 28.1631438, 0.0 ], [ 73.1514823, 28.1631441, 0.0 ], [ 73.1514771, 28.1634474, 0.0 ], [ 73.151454, 28.1634471, 0.0 ], [ 73.1514592, 28.1631438, 0.0 ] ], [ [ 73.1515098, 28.1634563, 0.0 ], [ 73.151533, 28.1634566, 0.0 ], [ 73.1515278, 28.1637598, 0.0 ], [ 73.1515046, 28.1637595, 0.0 ], [ 73.1515098, 28.1634563, 0.0 ] ], [ [ 73.1514539, 28.1634555, 0.0 ], [ 73.151477, 28.1634558, 0.0 ], [ 73.1514718, 28.1637591, 0.0 ], [ 73.1514486, 28.1637588, 0.0 ], [ 73.1514539, 28.1634555, 0.0 ] ], [ [ 73.1515258, 28.1625251, 0.0 ], [ 73.151549, 28.1625254, 0.0 ], [ 73.1515438, 28.1628287, 0.0 ], [ 73.1515206, 28.1628284, 0.0 ], [ 73.1515258, 28.1625251, 0.0 ] ], [ [ 73.1514699, 28.1625244, 0.0 ], [ 73.151493, 28.1625247, 0.0 ], [ 73.1514878, 28.1628279, 0.0 ], [ 73.1514646, 28.1628276, 0.0 ], [ 73.1514699, 28.1625244, 0.0 ] ], [ [ 73.1515205, 28.1628368, 0.0 ], [ 73.1515436, 28.1628371, 0.0 ], [ 73.1515384, 28.1631404, 0.0 ], [ 73.1515153, 28.1631401, 0.0 ], [ 73.1515205, 28.1628368, 0.0 ] ], [ [ 73.1514645, 28.162836, 0.0 ], [ 73.1514876, 28.1628363, 0.0 ], [ 73.1514824, 28.1631396, 0.0 ], [ 73.1514593, 28.1631393, 0.0 ], [ 73.1514645, 28.162836, 0.0 ] ], [ [ 73.1515365, 28.1619056, 0.0 ], [ 73.1515596, 28.161906, 0.0 ], [ 73.1515544, 28.1622092, 0.0 ], [ 73.1515313, 28.1622089, 0.0 ], [ 73.1515365, 28.1619056, 0.0 ] ], [ [ 73.1514805, 28.1619049, 0.0 ], [ 73.1515036, 28.1619052, 0.0 ], [ 73.1514984, 28.1622085, 0.0 ], [ 73.1514753, 28.1622082, 0.0 ], [ 73.1514805, 28.1619049, 0.0 ] ], [ [ 73.1515311, 28.1622173, 0.0 ], [ 73.1515543, 28.1622176, 0.0 ], [ 73.1515491, 28.1625209, 0.0 ], [ 73.1515259, 28.1625206, 0.0 ], [ 73.1515311, 28.1622173, 0.0 ] ], [ [ 73.1514751, 28.1622166, 0.0 ], [ 73.1514983, 28.1622169, 0.0 ], [ 73.1514931, 28.1625202, 0.0 ], [ 73.1514699, 28.1625198, 0.0 ], [ 73.1514751, 28.1622166, 0.0 ] ], [ [ 73.1515471, 28.1612862, 0.0 ], [ 73.1515703, 28.1612865, 0.0 ], [ 73.1515651, 28.1615898, 0.0 ], [ 73.1515419, 28.1615894, 0.0 ], [ 73.1515471, 28.1612862, 0.0 ] ], [ [ 73.1514912, 28.1612854, 0.0 ], [ 73.1515143, 28.1612857, 0.0 ], [ 73.1515091, 28.161589, 0.0 ], [ 73.1514859, 28.1615887, 0.0 ], [ 73.1514912, 28.1612854, 0.0 ] ], [ [ 73.1515418, 28.1615979, 0.0 ], [ 73.1515649, 28.1615982, 0.0 ], [ 73.1515597, 28.1619014, 0.0 ], [ 73.1515366, 28.1619011, 0.0 ], [ 73.1515418, 28.1615979, 0.0 ] ], [ [ 73.1514858, 28.1615971, 0.0 ], [ 73.1515089, 28.1615974, 0.0 ], [ 73.1515037, 28.1619007, 0.0 ], [ 73.1514806, 28.1619004, 0.0 ], [ 73.1514858, 28.1615971, 0.0 ] ], [ [ 73.1513713, 28.1650015, 0.0 ], [ 73.1513944, 28.1650018, 0.0 ], [ 73.1513892, 28.165305, 0.0 ], [ 73.1513661, 28.1653047, 0.0 ], [ 73.1513713, 28.1650015, 0.0 ] ], [ [ 73.1513153, 28.1650007, 0.0 ], [ 73.1513384, 28.165001, 0.0 ], [ 73.1513332, 28.1653043, 0.0 ], [ 73.1513101, 28.165304, 0.0 ], [ 73.1513153, 28.1650007, 0.0 ] ], [ [ 73.1513659, 28.1653131, 0.0 ], [ 73.151389, 28.1653135, 0.0 ], [ 73.1513838, 28.1656167, 0.0 ], [ 73.1513607, 28.1656164, 0.0 ], [ 73.1513659, 28.1653131, 0.0 ] ], [ [ 73.1513099, 28.1653124, 0.0 ], [ 73.151333, 28.1653127, 0.0 ], [ 73.1513278, 28.165616, 0.0 ], [ 73.1513047, 28.1656157, 0.0 ], [ 73.1513099, 28.1653124, 0.0 ] ], [ [ 73.1513819, 28.164382, 0.0 ], [ 73.151405, 28.1643823, 0.0 ], [ 73.1513998, 28.1646856, 0.0 ], [ 73.1513767, 28.1646853, 0.0 ], [ 73.1513819, 28.164382, 0.0 ] ], [ [ 73.1513259, 28.1643812, 0.0 ], [ 73.1513491, 28.1643816, 0.0 ], [ 73.1513438, 28.1646848, 0.0 ], [ 73.1513207, 28.1646845, 0.0 ], [ 73.1513259, 28.1643812, 0.0 ] ], [ [ 73.1513766, 28.1646937, 0.0 ], [ 73.1513997, 28.164694, 0.0 ], [ 73.1513945, 28.1649973, 0.0 ], [ 73.1513713, 28.1649969, 0.0 ], [ 73.1513766, 28.1646937, 0.0 ] ], [ [ 73.1513206, 28.1646929, 0.0 ], [ 73.1513437, 28.1646932, 0.0 ], [ 73.1513385, 28.1649965, 0.0 ], [ 73.1513154, 28.1649962, 0.0 ], [ 73.1513206, 28.1646929, 0.0 ] ], [ [ 73.1513926, 28.1637625, 0.0 ], [ 73.1514157, 28.1637628, 0.0 ], [ 73.1514105, 28.1640661, 0.0 ], [ 73.1513874, 28.1640658, 0.0 ], [ 73.1513926, 28.1637625, 0.0 ] ], [ [ 73.1513366, 28.1637618, 0.0 ], [ 73.1513597, 28.1637621, 0.0 ], [ 73.1513545, 28.1640654, 0.0 ], [ 73.1513314, 28.164065, 0.0 ], [ 73.1513366, 28.1637618, 0.0 ] ], [ [ 73.1513872, 28.1640742, 0.0 ], [ 73.1514103, 28.1640745, 0.0 ], [ 73.1514051, 28.1643778, 0.0 ], [ 73.151382, 28.1643775, 0.0 ], [ 73.1513872, 28.1640742, 0.0 ] ], [ [ 73.1513312, 28.1640735, 0.0 ], [ 73.1513543, 28.1640738, 0.0 ], [ 73.1513491, 28.164377, 0.0 ], [ 73.151326, 28.1643767, 0.0 ], [ 73.1513312, 28.1640735, 0.0 ] ], [ [ 73.1514032, 28.1631431, 0.0 ], [ 73.1514263, 28.1631434, 0.0 ], [ 73.1514211, 28.1634466, 0.0 ], [ 73.151398, 28.1634463, 0.0 ], [ 73.1514032, 28.1631431, 0.0 ] ], [ [ 73.1513472, 28.1631423, 0.0 ], [ 73.1513704, 28.1631426, 0.0 ], [ 73.1513651, 28.1634459, 0.0 ], [ 73.151342, 28.1634456, 0.0 ], [ 73.1513472, 28.1631423, 0.0 ] ], [ [ 73.1513979, 28.1634547, 0.0 ], [ 73.151421, 28.1634551, 0.0 ], [ 73.1514158, 28.1637583, 0.0 ], [ 73.1513926, 28.163758, 0.0 ], [ 73.1513979, 28.1634547, 0.0 ] ], [ [ 73.1513419, 28.163454, 0.0 ], [ 73.151365, 28.1634543, 0.0 ], [ 73.1513598, 28.1637576, 0.0 ], [ 73.1513366, 28.1637573, 0.0 ], [ 73.1513419, 28.163454, 0.0 ] ], [ [ 73.1514139, 28.1625236, 0.0 ], [ 73.151437, 28.1625239, 0.0 ], [ 73.1514318, 28.1628272, 0.0 ], [ 73.1514086, 28.1628269, 0.0 ], [ 73.1514139, 28.1625236, 0.0 ] ], [ [ 73.1513579, 28.1625228, 0.0 ], [ 73.151381, 28.1625232, 0.0 ], [ 73.1513758, 28.1628264, 0.0 ], [ 73.1513527, 28.1628261, 0.0 ], [ 73.1513579, 28.1625228, 0.0 ] ], [ [ 73.1514085, 28.1628353, 0.0 ], [ 73.1514316, 28.1628356, 0.0 ], [ 73.1514264, 28.1631389, 0.0 ], [ 73.1514033, 28.1631385, 0.0 ], [ 73.1514085, 28.1628353, 0.0 ] ], [ [ 73.1513525, 28.1628345, 0.0 ], [ 73.1513756, 28.1628348, 0.0 ], [ 73.1513704, 28.1631381, 0.0 ], [ 73.1513473, 28.1631378, 0.0 ], [ 73.1513525, 28.1628345, 0.0 ] ], [ [ 73.1514245, 28.1619041, 0.0 ], [ 73.1514476, 28.1619044, 0.0 ], [ 73.1514424, 28.1622077, 0.0 ], [ 73.1514193, 28.1622074, 0.0 ], [ 73.1514245, 28.1619041, 0.0 ] ], [ [ 73.1513685, 28.1619034, 0.0 ], [ 73.1513916, 28.1619037, 0.0 ], [ 73.1513864, 28.162207, 0.0 ], [ 73.1513633, 28.1622066, 0.0 ], [ 73.1513685, 28.1619034, 0.0 ] ], [ [ 73.1514192, 28.1622158, 0.0 ], [ 73.1514423, 28.1622161, 0.0 ], [ 73.1514371, 28.1625194, 0.0 ], [ 73.1514139, 28.1625191, 0.0 ], [ 73.1514192, 28.1622158, 0.0 ] ], [ [ 73.1513632, 28.1622151, 0.0 ], [ 73.1513863, 28.1622154, 0.0 ], [ 73.1513811, 28.1625186, 0.0 ], [ 73.1513579, 28.1625183, 0.0 ], [ 73.1513632, 28.1622151, 0.0 ] ], [ [ 73.1514352, 28.1612847, 0.0 ], [ 73.1514583, 28.161285, 0.0 ], [ 73.1514531, 28.1615882, 0.0 ], [ 73.1514299, 28.1615879, 0.0 ], [ 73.1514352, 28.1612847, 0.0 ] ], [ [ 73.1513792, 28.1612839, 0.0 ], [ 73.1514023, 28.1612842, 0.0 ], [ 73.1513971, 28.1615875, 0.0 ], [ 73.151374, 28.1615872, 0.0 ], [ 73.1513792, 28.1612839, 0.0 ] ], [ [ 73.1514298, 28.1615963, 0.0 ], [ 73.1514529, 28.1615967, 0.0 ], [ 73.1514477, 28.1618999, 0.0 ], [ 73.1514246, 28.1618996, 0.0 ], [ 73.1514298, 28.1615963, 0.0 ] ], [ [ 73.1513738, 28.1615956, 0.0 ], [ 73.1513969, 28.1615959, 0.0 ], [ 73.1513917, 28.1618992, 0.0 ], [ 73.1513686, 28.1618989, 0.0 ], [ 73.1513738, 28.1615956, 0.0 ] ], [ [ 73.1514458, 28.1606652, 0.0 ], [ 73.1514689, 28.1606655, 0.0 ], [ 73.1514637, 28.1609688, 0.0 ], [ 73.1514406, 28.1609685, 0.0 ], [ 73.1514458, 28.1606652, 0.0 ] ], [ [ 73.1513898, 28.1606644, 0.0 ], [ 73.1514129, 28.1606648, 0.0 ], [ 73.1514077, 28.160968, 0.0 ], [ 73.1513846, 28.1609677, 0.0 ], [ 73.1513898, 28.1606644, 0.0 ] ], [ [ 73.1514404, 28.1609769, 0.0 ], [ 73.1514636, 28.1609772, 0.0 ], [ 73.1514584, 28.1612805, 0.0 ], [ 73.1514352, 28.1612801, 0.0 ], [ 73.1514404, 28.1609769, 0.0 ] ], [ [ 73.1513845, 28.1609761, 0.0 ], [ 73.1514076, 28.1609764, 0.0 ], [ 73.1514024, 28.1612797, 0.0 ], [ 73.1513792, 28.1612794, 0.0 ], [ 73.1513845, 28.1609761, 0.0 ] ], [ [ 73.1512593, 28.1649999, 0.0 ], [ 73.1512824, 28.1650003, 0.0 ], [ 73.1512772, 28.1653035, 0.0 ], [ 73.1512541, 28.1653032, 0.0 ], [ 73.1512593, 28.1649999, 0.0 ] ], [ [ 73.1512033, 28.1649992, 0.0 ], [ 73.1512264, 28.1649995, 0.0 ], [ 73.1512212, 28.1653028, 0.0 ], [ 73.1511981, 28.1653025, 0.0 ], [ 73.1512033, 28.1649992, 0.0 ] ], [ [ 73.1512539, 28.1653116, 0.0 ], [ 73.1512771, 28.1653119, 0.0 ], [ 73.1512718, 28.1656152, 0.0 ], [ 73.1512487, 28.1656149, 0.0 ], [ 73.1512539, 28.1653116, 0.0 ] ], [ [ 73.1511979, 28.1653109, 0.0 ], [ 73.1512211, 28.1653112, 0.0 ], [ 73.1512158, 28.1656145, 0.0 ], [ 73.1511927, 28.1656141, 0.0 ], [ 73.1511979, 28.1653109, 0.0 ] ], [ [ 73.1512699, 28.1643805, 0.0 ], [ 73.1512931, 28.1643808, 0.0 ], [ 73.1512878, 28.1646841, 0.0 ], [ 73.1512647, 28.1646838, 0.0 ], [ 73.1512699, 28.1643805, 0.0 ] ], [ [ 73.1512139, 28.1643797, 0.0 ], [ 73.1512371, 28.16438, 0.0 ], [ 73.1512319, 28.1646833, 0.0 ], [ 73.1512087, 28.164683, 0.0 ], [ 73.1512139, 28.1643797, 0.0 ] ], [ [ 73.1512646, 28.1646922, 0.0 ], [ 73.1512877, 28.1646925, 0.0 ], [ 73.1512825, 28.1649957, 0.0 ], [ 73.1512594, 28.1649954, 0.0 ], [ 73.1512646, 28.1646922, 0.0 ] ], [ [ 73.1512086, 28.1646914, 0.0 ], [ 73.1512317, 28.1646917, 0.0 ], [ 73.1512265, 28.164995, 0.0 ], [ 73.1512034, 28.1649947, 0.0 ], [ 73.1512086, 28.1646914, 0.0 ] ], [ [ 73.1512806, 28.163761, 0.0 ], [ 73.1513037, 28.1637613, 0.0 ], [ 73.1512985, 28.1640646, 0.0 ], [ 73.1512754, 28.1640643, 0.0 ], [ 73.1512806, 28.163761, 0.0 ] ], [ [ 73.1512246, 28.1637603, 0.0 ], [ 73.1512477, 28.1637606, 0.0 ], [ 73.1512425, 28.1640638, 0.0 ], [ 73.1512194, 28.1640635, 0.0 ], [ 73.1512246, 28.1637603, 0.0 ] ], [ [ 73.1512752, 28.1640727, 0.0 ], [ 73.1512984, 28.164073, 0.0 ], [ 73.1512931, 28.1643763, 0.0 ], [ 73.15127, 28.164376, 0.0 ], [ 73.1512752, 28.1640727, 0.0 ] ], [ [ 73.1512192, 28.1640719, 0.0 ], [ 73.1512424, 28.1640723, 0.0 ], [ 73.1512371, 28.1643755, 0.0 ], [ 73.151214, 28.1643752, 0.0 ], [ 73.1512192, 28.1640719, 0.0 ] ], [ [ 73.1512912, 28.1631415, 0.0 ], [ 73.1513144, 28.1631419, 0.0 ], [ 73.1513091, 28.1634451, 0.0 ], [ 73.151286, 28.1634448, 0.0 ], [ 73.1512912, 28.1631415, 0.0 ] ], [ [ 73.1512352, 28.1631408, 0.0 ], [ 73.1512584, 28.1631411, 0.0 ], [ 73.1512532, 28.1634444, 0.0 ], [ 73.15123, 28.1634441, 0.0 ], [ 73.1512352, 28.1631408, 0.0 ] ], [ [ 73.1512859, 28.1634532, 0.0 ], [ 73.151309, 28.1634535, 0.0 ], [ 73.1513038, 28.1637568, 0.0 ], [ 73.1512807, 28.1637565, 0.0 ], [ 73.1512859, 28.1634532, 0.0 ] ], [ [ 73.1512299, 28.1634525, 0.0 ], [ 73.151253, 28.1634528, 0.0 ], [ 73.1512478, 28.1637561, 0.0 ], [ 73.1512247, 28.1637557, 0.0 ], [ 73.1512299, 28.1634525, 0.0 ] ], [ [ 73.1513019, 28.1625221, 0.0 ], [ 73.151325, 28.1625224, 0.0 ], [ 73.1513198, 28.1628257, 0.0 ], [ 73.1512967, 28.1628254, 0.0 ], [ 73.1513019, 28.1625221, 0.0 ] ], [ [ 73.1512459, 28.1625213, 0.0 ], [ 73.151269, 28.1625216, 0.0 ], [ 73.1512638, 28.1628249, 0.0 ], [ 73.1512407, 28.1628246, 0.0 ], [ 73.1512459, 28.1625213, 0.0 ] ], [ [ 73.1512965, 28.1628338, 0.0 ], [ 73.1513196, 28.1628341, 0.0 ], [ 73.1513144, 28.1631374, 0.0 ], [ 73.1512913, 28.163137, 0.0 ], [ 73.1512965, 28.1628338, 0.0 ] ], [ [ 73.1512405, 28.162833, 0.0 ], [ 73.1512637, 28.1628333, 0.0 ], [ 73.1512584, 28.1631366, 0.0 ], [ 73.1512353, 28.1631363, 0.0 ], [ 73.1512405, 28.162833, 0.0 ] ], [ [ 73.1513125, 28.1619026, 0.0 ], [ 73.1513357, 28.1619029, 0.0 ], [ 73.1513304, 28.1622062, 0.0 ], [ 73.1513073, 28.1622059, 0.0 ], [ 73.1513125, 28.1619026, 0.0 ] ], [ [ 73.1512565, 28.1619019, 0.0 ], [ 73.1512797, 28.1619022, 0.0 ], [ 73.1512744, 28.1622054, 0.0 ], [ 73.1512513, 28.1622051, 0.0 ], [ 73.1512565, 28.1619019, 0.0 ] ], [ [ 73.1513072, 28.1622143, 0.0 ], [ 73.1513303, 28.1622146, 0.0 ], [ 73.1513251, 28.1625179, 0.0 ], [ 73.151302, 28.1625176, 0.0 ], [ 73.1513072, 28.1622143, 0.0 ] ], [ [ 73.1512512, 28.1622135, 0.0 ], [ 73.1512743, 28.1622139, 0.0 ], [ 73.1512691, 28.1625171, 0.0 ], [ 73.151246, 28.1625168, 0.0 ], [ 73.1512512, 28.1622135, 0.0 ] ], [ [ 73.1513232, 28.1612831, 0.0 ], [ 73.1513463, 28.1612835, 0.0 ], [ 73.1513411, 28.1615867, 0.0 ], [ 73.151318, 28.1615864, 0.0 ], [ 73.1513232, 28.1612831, 0.0 ] ], [ [ 73.1512672, 28.1612824, 0.0 ], [ 73.1512903, 28.1612827, 0.0 ], [ 73.1512851, 28.161586, 0.0 ], [ 73.151262, 28.1615857, 0.0 ], [ 73.1512672, 28.1612824, 0.0 ] ], [ [ 73.1513178, 28.1615948, 0.0 ], [ 73.1513409, 28.1615951, 0.0 ], [ 73.1513357, 28.1618984, 0.0 ], [ 73.1513126, 28.1618981, 0.0 ], [ 73.1513178, 28.1615948, 0.0 ] ], [ [ 73.1512618, 28.1615941, 0.0 ], [ 73.151285, 28.1615944, 0.0 ], [ 73.1512797, 28.1618977, 0.0 ], [ 73.1512566, 28.1618973, 0.0 ], [ 73.1512618, 28.1615941, 0.0 ] ], [ [ 73.1513338, 28.1606637, 0.0 ], [ 73.1513569, 28.160664, 0.0 ], [ 73.1513517, 28.1609673, 0.0 ], [ 73.1513286, 28.160967, 0.0 ], [ 73.1513338, 28.1606637, 0.0 ] ], [ [ 73.1512778, 28.1606629, 0.0 ], [ 73.151301, 28.1606632, 0.0 ], [ 73.1512957, 28.1609665, 0.0 ], [ 73.1512726, 28.1609662, 0.0 ], [ 73.1512778, 28.1606629, 0.0 ] ], [ [ 73.1513285, 28.1609754, 0.0 ], [ 73.1513516, 28.1609757, 0.0 ], [ 73.1513464, 28.161279, 0.0 ], [ 73.1513232, 28.1612786, 0.0 ], [ 73.1513285, 28.1609754, 0.0 ] ], [ [ 73.1512725, 28.1609746, 0.0 ], [ 73.1512956, 28.1609749, 0.0 ], [ 73.1512904, 28.1612782, 0.0 ], [ 73.1512673, 28.1612779, 0.0 ], [ 73.1512725, 28.1609746, 0.0 ] ], [ [ 73.1511473, 28.1649984, 0.0 ], [ 73.1511704, 28.1649987, 0.0 ], [ 73.1511652, 28.165302, 0.0 ], [ 73.1511421, 28.1653017, 0.0 ], [ 73.1511473, 28.1649984, 0.0 ] ], [ [ 73.1510913, 28.1649977, 0.0 ], [ 73.1511144, 28.164998, 0.0 ], [ 73.1511092, 28.1653013, 0.0 ], [ 73.1510861, 28.1653009, 0.0 ], [ 73.1510913, 28.1649977, 0.0 ] ], [ [ 73.1511419, 28.1653101, 0.0 ], [ 73.1511651, 28.1653104, 0.0 ], [ 73.1511598, 28.1656137, 0.0 ], [ 73.1511367, 28.1656134, 0.0 ], [ 73.1511419, 28.1653101, 0.0 ] ], [ [ 73.1510859, 28.1653094, 0.0 ], [ 73.1511091, 28.1653097, 0.0 ], [ 73.1511039, 28.1656129, 0.0 ], [ 73.1510807, 28.1656126, 0.0 ], [ 73.1510859, 28.1653094, 0.0 ] ], [ [ 73.1511579, 28.164379, 0.0 ], [ 73.1511811, 28.1643793, 0.0 ], [ 73.1511759, 28.1646826, 0.0 ], [ 73.1511527, 28.1646822, 0.0 ], [ 73.1511579, 28.164379, 0.0 ] ], [ [ 73.1511019, 28.1643782, 0.0 ], [ 73.1511251, 28.1643785, 0.0 ], [ 73.1511199, 28.1646818, 0.0 ], [ 73.1510967, 28.1646815, 0.0 ], [ 73.1511019, 28.1643782, 0.0 ] ], [ [ 73.1511526, 28.1646907, 0.0 ], [ 73.1511757, 28.164691, 0.0 ], [ 73.1511705, 28.1649942, 0.0 ], [ 73.1511474, 28.1649939, 0.0 ], [ 73.1511526, 28.1646907, 0.0 ] ], [ [ 73.1510966, 28.1646899, 0.0 ], [ 73.1511197, 28.1646902, 0.0 ], [ 73.1511145, 28.1649935, 0.0 ], [ 73.1510914, 28.1649932, 0.0 ], [ 73.1510966, 28.1646899, 0.0 ] ], [ [ 73.1511686, 28.1637595, 0.0 ], [ 73.1511917, 28.1637598, 0.0 ], [ 73.1511865, 28.1640631, 0.0 ], [ 73.1511634, 28.1640628, 0.0 ], [ 73.1511686, 28.1637595, 0.0 ] ], [ [ 73.1511126, 28.1637587, 0.0 ], [ 73.1511357, 28.1637591, 0.0 ], [ 73.1511305, 28.1640623, 0.0 ], [ 73.1511074, 28.164062, 0.0 ], [ 73.1511126, 28.1637587, 0.0 ] ], [ [ 73.1511632, 28.1640712, 0.0 ], [ 73.1511864, 28.1640715, 0.0 ], [ 73.1511811, 28.1643748, 0.0 ], [ 73.151158, 28.1643745, 0.0 ], [ 73.1511632, 28.1640712, 0.0 ] ], [ [ 73.1511072, 28.1640704, 0.0 ], [ 73.1511304, 28.1640707, 0.0 ], [ 73.1511252, 28.164374, 0.0 ], [ 73.151102, 28.1643737, 0.0 ], [ 73.1511072, 28.1640704, 0.0 ] ], [ [ 73.1511792, 28.16314, 0.0 ], [ 73.1512024, 28.1631403, 0.0 ], [ 73.1511972, 28.1634436, 0.0 ], [ 73.151174, 28.1634433, 0.0 ], [ 73.1511792, 28.16314, 0.0 ] ], [ [ 73.1511232, 28.1631393, 0.0 ], [ 73.1511464, 28.1631396, 0.0 ], [ 73.1511412, 28.1634429, 0.0 ], [ 73.151118, 28.1634425, 0.0 ], [ 73.1511232, 28.1631393, 0.0 ] ], [ [ 73.1511739, 28.1634517, 0.0 ], [ 73.151197, 28.163452, 0.0 ], [ 73.1511918, 28.1637553, 0.0 ], [ 73.1511687, 28.163755, 0.0 ], [ 73.1511739, 28.1634517, 0.0 ] ], [ [ 73.1511179, 28.163451, 0.0 ], [ 73.151141, 28.1634513, 0.0 ], [ 73.1511358, 28.1637545, 0.0 ], [ 73.1511127, 28.1637542, 0.0 ], [ 73.1511179, 28.163451, 0.0 ] ], [ [ 73.1511899, 28.1625206, 0.0 ], [ 73.151213, 28.1625209, 0.0 ], [ 73.1512078, 28.1628242, 0.0 ], [ 73.1511847, 28.1628238, 0.0 ], [ 73.1511899, 28.1625206, 0.0 ] ], [ [ 73.1511339, 28.1625198, 0.0 ], [ 73.151157, 28.1625201, 0.0 ], [ 73.1511518, 28.1628234, 0.0 ], [ 73.1511287, 28.1628231, 0.0 ], [ 73.1511339, 28.1625198, 0.0 ] ], [ [ 73.1511845, 28.1628323, 0.0 ], [ 73.1512077, 28.1628326, 0.0 ], [ 73.1512024, 28.1631358, 0.0 ], [ 73.1511793, 28.1631355, 0.0 ], [ 73.1511845, 28.1628323, 0.0 ] ], [ [ 73.1511285, 28.1628315, 0.0 ], [ 73.1511517, 28.1628318, 0.0 ], [ 73.1511465, 28.1631351, 0.0 ], [ 73.1511233, 28.1631348, 0.0 ], [ 73.1511285, 28.1628315, 0.0 ] ], [ [ 73.1512218, 28.1606622, 0.0 ], [ 73.151245, 28.1606625, 0.0 ], [ 73.1512398, 28.1609658, 0.0 ], [ 73.1512166, 28.1609654, 0.0 ], [ 73.1512218, 28.1606622, 0.0 ] ], [ [ 73.1511658, 28.1606614, 0.0 ], [ 73.151189, 28.1606617, 0.0 ], [ 73.1511838, 28.160965, 0.0 ], [ 73.1511606, 28.1609647, 0.0 ], [ 73.1511658, 28.1606614, 0.0 ] ], [ [ 73.1512165, 28.1609739, 0.0 ], [ 73.1512396, 28.1609742, 0.0 ], [ 73.1512344, 28.1612774, 0.0 ], [ 73.1512113, 28.1612771, 0.0 ], [ 73.1512165, 28.1609739, 0.0 ] ], [ [ 73.1511605, 28.1609731, 0.0 ], [ 73.1511836, 28.1609734, 0.0 ], [ 73.1511784, 28.1612767, 0.0 ], [ 73.1511553, 28.1612764, 0.0 ], [ 73.1511605, 28.1609731, 0.0 ] ], [ [ 73.1510353, 28.1649969, 0.0 ], [ 73.1510584, 28.1649972, 0.0 ], [ 73.1510532, 28.1653005, 0.0 ], [ 73.1510301, 28.1653002, 0.0 ], [ 73.1510353, 28.1649969, 0.0 ] ], [ [ 73.1509793, 28.1649962, 0.0 ], [ 73.1510024, 28.1649965, 0.0 ], [ 73.1509972, 28.1652997, 0.0 ], [ 73.1509741, 28.1652994, 0.0 ], [ 73.1509793, 28.1649962, 0.0 ] ], [ [ 73.1510299, 28.1653086, 0.0 ], [ 73.1510531, 28.1653089, 0.0 ], [ 73.1510479, 28.1656122, 0.0 ], [ 73.1510247, 28.1656119, 0.0 ], [ 73.1510299, 28.1653086, 0.0 ] ], [ [ 73.1509739, 28.1653079, 0.0 ], [ 73.1509971, 28.1653082, 0.0 ], [ 73.1509919, 28.1656114, 0.0 ], [ 73.1509687, 28.1656111, 0.0 ], [ 73.1509739, 28.1653079, 0.0 ] ], [ [ 73.151046, 28.1643775, 0.0 ], [ 73.1510691, 28.1643778, 0.0 ], [ 73.1510639, 28.164681, 0.0 ], [ 73.1510407, 28.1646807, 0.0 ], [ 73.151046, 28.1643775, 0.0 ] ], [ [ 73.15099, 28.1643767, 0.0 ], [ 73.1510131, 28.164377, 0.0 ], [ 73.1510079, 28.1646803, 0.0 ], [ 73.1509847, 28.16468, 0.0 ], [ 73.15099, 28.1643767, 0.0 ] ], [ [ 73.1510406, 28.1646891, 0.0 ], [ 73.1510637, 28.1646895, 0.0 ], [ 73.1510585, 28.1649927, 0.0 ], [ 73.1510354, 28.1649924, 0.0 ], [ 73.1510406, 28.1646891, 0.0 ] ], [ [ 73.1509846, 28.1646884, 0.0 ], [ 73.1510077, 28.1646887, 0.0 ], [ 73.1510025, 28.164992, 0.0 ], [ 73.1509794, 28.1649917, 0.0 ], [ 73.1509846, 28.1646884, 0.0 ] ], [ [ 73.1510566, 28.163758, 0.0 ], [ 73.1510797, 28.1637583, 0.0 ], [ 73.1510745, 28.1640616, 0.0 ], [ 73.1510514, 28.1640613, 0.0 ], [ 73.1510566, 28.163758, 0.0 ] ], [ [ 73.1510006, 28.1637572, 0.0 ], [ 73.1510237, 28.1637575, 0.0 ], [ 73.1510185, 28.1640608, 0.0 ], [ 73.1509954, 28.1640605, 0.0 ], [ 73.1510006, 28.1637572, 0.0 ] ], [ [ 73.1510512, 28.1640697, 0.0 ], [ 73.1510744, 28.16407, 0.0 ], [ 73.1510692, 28.1643733, 0.0 ], [ 73.151046, 28.1643729, 0.0 ], [ 73.1510512, 28.1640697, 0.0 ] ], [ [ 73.1509952, 28.1640689, 0.0 ], [ 73.1510184, 28.1640692, 0.0 ], [ 73.1510132, 28.1643725, 0.0 ], [ 73.15099, 28.1643722, 0.0 ], [ 73.1509952, 28.1640689, 0.0 ] ], [ [ 73.1510673, 28.1631385, 0.0 ], [ 73.1510904, 28.1631388, 0.0 ], [ 73.1510852, 28.1634421, 0.0 ], [ 73.151062, 28.1634418, 0.0 ], [ 73.1510673, 28.1631385, 0.0 ] ], [ [ 73.1510113, 28.1631378, 0.0 ], [ 73.1510344, 28.1631381, 0.0 ], [ 73.1510292, 28.1634414, 0.0 ], [ 73.151006, 28.163441, 0.0 ], [ 73.1510113, 28.1631378, 0.0 ] ], [ [ 73.1510619, 28.1634502, 0.0 ], [ 73.151085, 28.1634505, 0.0 ], [ 73.1510798, 28.1637538, 0.0 ], [ 73.1510567, 28.1637535, 0.0 ], [ 73.1510619, 28.1634502, 0.0 ] ], [ [ 73.1510059, 28.1634495, 0.0 ], [ 73.151029, 28.1634498, 0.0 ], [ 73.1510238, 28.163753, 0.0 ], [ 73.1510007, 28.1637527, 0.0 ], [ 73.1510059, 28.1634495, 0.0 ] ], [ [ 73.1510779, 28.1625191, 0.0 ], [ 73.151101, 28.1625194, 0.0 ], [ 73.1510958, 28.1628226, 0.0 ], [ 73.1510727, 28.1628223, 0.0 ], [ 73.1510779, 28.1625191, 0.0 ] ], [ [ 73.1510219, 28.1625183, 0.0 ], [ 73.151045, 28.1625186, 0.0 ], [ 73.1510398, 28.1628219, 0.0 ], [ 73.1510167, 28.1628216, 0.0 ], [ 73.1510219, 28.1625183, 0.0 ] ], [ [ 73.1510725, 28.1628307, 0.0 ], [ 73.1510957, 28.1628311, 0.0 ], [ 73.1510905, 28.1631343, 0.0 ], [ 73.1510673, 28.163134, 0.0 ], [ 73.1510725, 28.1628307, 0.0 ] ], [ [ 73.1510166, 28.16283, 0.0 ], [ 73.1510397, 28.1628303, 0.0 ], [ 73.1510345, 28.1631336, 0.0 ], [ 73.1510113, 28.1631333, 0.0 ], [ 73.1510166, 28.16283, 0.0 ] ], [ [ 73.1509446, 28.1637565, 0.0 ], [ 73.1509677, 28.1637568, 0.0 ], [ 73.1509625, 28.1640601, 0.0 ], [ 73.1509394, 28.1640597, 0.0 ], [ 73.1509446, 28.1637565, 0.0 ] ], [ [ 73.1508886, 28.1637557, 0.0 ], [ 73.1509118, 28.163756, 0.0 ], [ 73.1509065, 28.1640593, 0.0 ], [ 73.1508834, 28.164059, 0.0 ], [ 73.1508886, 28.1637557, 0.0 ] ], [ [ 73.1509393, 28.1640682, 0.0 ], [ 73.1509624, 28.1640685, 0.0 ], [ 73.1509572, 28.1643717, 0.0 ], [ 73.150934, 28.1643714, 0.0 ], [ 73.1509393, 28.1640682, 0.0 ] ], [ [ 73.1508833, 28.1640674, 0.0 ], [ 73.1509064, 28.1640677, 0.0 ], [ 73.1509012, 28.164371, 0.0 ], [ 73.150878, 28.1643707, 0.0 ], [ 73.1508833, 28.1640674, 0.0 ] ], [ [ 73.1509553, 28.163137, 0.0 ], [ 73.1509784, 28.1631373, 0.0 ], [ 73.1509732, 28.1634406, 0.0 ], [ 73.1509501, 28.1634403, 0.0 ], [ 73.1509553, 28.163137, 0.0 ] ], [ [ 73.1508993, 28.1631363, 0.0 ], [ 73.1509224, 28.1631366, 0.0 ], [ 73.1509172, 28.1634398, 0.0 ], [ 73.1508941, 28.1634395, 0.0 ], [ 73.1508993, 28.1631363, 0.0 ] ], [ [ 73.1509499, 28.1634487, 0.0 ], [ 73.150973, 28.163449, 0.0 ], [ 73.1509678, 28.1637523, 0.0 ], [ 73.1509447, 28.163752, 0.0 ], [ 73.1509499, 28.1634487, 0.0 ] ], [ [ 73.1508939, 28.1634479, 0.0 ], [ 73.150917, 28.1634483, 0.0 ], [ 73.1509118, 28.1637515, 0.0 ], [ 73.1508887, 28.1637512, 0.0 ], [ 73.1508939, 28.1634479, 0.0 ] ], [ [ 73.1509659, 28.1625175, 0.0 ], [ 73.150989, 28.1625179, 0.0 ], [ 73.1509838, 28.1628211, 0.0 ], [ 73.1509607, 28.1628208, 0.0 ], [ 73.1509659, 28.1625175, 0.0 ] ], [ [ 73.1509099, 28.1625168, 0.0 ], [ 73.1509331, 28.1625171, 0.0 ], [ 73.1509278, 28.1628204, 0.0 ], [ 73.1509047, 28.1628201, 0.0 ], [ 73.1509099, 28.1625168, 0.0 ] ], [ [ 73.1509606, 28.1628292, 0.0 ], [ 73.1509837, 28.1628295, 0.0 ], [ 73.1509785, 28.1631328, 0.0 ], [ 73.1509553, 28.1631325, 0.0 ], [ 73.1509606, 28.1628292, 0.0 ] ], [ [ 73.1509046, 28.1628285, 0.0 ], [ 73.1509277, 28.1628288, 0.0 ], [ 73.1509225, 28.1631321, 0.0 ], [ 73.1508993, 28.1631317, 0.0 ], [ 73.1509046, 28.1628285, 0.0 ] ], [ [ 73.1508326, 28.163755, 0.0 ], [ 73.1508558, 28.1637553, 0.0 ], [ 73.1508505, 28.1640585, 0.0 ], [ 73.1508274, 28.1640582, 0.0 ], [ 73.1508326, 28.163755, 0.0 ] ], [ [ 73.1507766, 28.1637542, 0.0 ], [ 73.1507998, 28.1637545, 0.0 ], [ 73.1507945, 28.1640578, 0.0 ], [ 73.1507714, 28.1640575, 0.0 ], [ 73.1507766, 28.1637542, 0.0 ] ], [ [ 73.1508273, 28.1640667, 0.0 ], [ 73.1508504, 28.164067, 0.0 ], [ 73.1508452, 28.1643702, 0.0 ], [ 73.1508221, 28.1643699, 0.0 ], [ 73.1508273, 28.1640667, 0.0 ] ], [ [ 73.1507713, 28.1640659, 0.0 ], [ 73.1507944, 28.1640662, 0.0 ], [ 73.1507892, 28.1643695, 0.0 ], [ 73.1507661, 28.1643692, 0.0 ], [ 73.1507713, 28.1640659, 0.0 ] ], [ [ 73.1508539, 28.162516, 0.0 ], [ 73.1508771, 28.1625163, 0.0 ], [ 73.1508718, 28.1628196, 0.0 ], [ 73.1508487, 28.1628193, 0.0 ], [ 73.1508539, 28.162516, 0.0 ] ], [ [ 73.1507979, 28.1625153, 0.0 ], [ 73.1508211, 28.1625156, 0.0 ], [ 73.1508159, 28.1628189, 0.0 ], [ 73.1507927, 28.1628185, 0.0 ], [ 73.1507979, 28.1625153, 0.0 ] ], [ [ 73.1508486, 28.1628277, 0.0 ], [ 73.1508717, 28.162828, 0.0 ], [ 73.1508665, 28.1631313, 0.0 ], [ 73.1508434, 28.163131, 0.0 ], [ 73.1508486, 28.1628277, 0.0 ] ], [ [ 73.1507926, 28.162827, 0.0 ], [ 73.1508157, 28.1628273, 0.0 ], [ 73.1508105, 28.1631305, 0.0 ], [ 73.1507874, 28.1631302, 0.0 ], [ 73.1507926, 28.162827, 0.0 ] ], [ [ 73.1507206, 28.1637535, 0.0 ], [ 73.1507438, 28.1637538, 0.0 ], [ 73.1507386, 28.164057, 0.0 ], [ 73.1507154, 28.1640567, 0.0 ], [ 73.1507206, 28.1637535, 0.0 ] ], [ [ 73.1506646, 28.1637527, 0.0 ], [ 73.1506878, 28.163753, 0.0 ], [ 73.1506826, 28.1640563, 0.0 ], [ 73.1506594, 28.164056, 0.0 ], [ 73.1506646, 28.1637527, 0.0 ] ], [ [ 73.1507153, 28.1640651, 0.0 ], [ 73.1507384, 28.1640655, 0.0 ], [ 73.1507332, 28.1643687, 0.0 ], [ 73.1507101, 28.1643684, 0.0 ], [ 73.1507153, 28.1640651, 0.0 ] ], [ [ 73.1506593, 28.1640644, 0.0 ], [ 73.1506824, 28.1640647, 0.0 ], [ 73.1506772, 28.164368, 0.0 ], [ 73.1506541, 28.1643677, 0.0 ], [ 73.1506593, 28.1640644, 0.0 ] ], [ [ 73.1506087, 28.1637519, 0.0 ], [ 73.1506318, 28.1637523, 0.0 ], [ 73.1506266, 28.1640555, 0.0 ], [ 73.1506034, 28.1640552, 0.0 ], [ 73.1506087, 28.1637519, 0.0 ] ], [ [ 73.1505527, 28.1637512, 0.0 ], [ 73.1505758, 28.1637515, 0.0 ], [ 73.1505706, 28.1640548, 0.0 ], [ 73.1505474, 28.1640545, 0.0 ], [ 73.1505527, 28.1637512, 0.0 ] ], [ [ 73.1506033, 28.1640636, 0.0 ], [ 73.1506264, 28.1640639, 0.0 ], [ 73.1506212, 28.1643672, 0.0 ], [ 73.1505981, 28.1643669, 0.0 ], [ 73.1506033, 28.1640636, 0.0 ] ], [ [ 73.1505473, 28.1640629, 0.0 ], [ 73.1505704, 28.1640632, 0.0 ], [ 73.1505652, 28.1643665, 0.0 ], [ 73.1505421, 28.1643661, 0.0 ], [ 73.1505473, 28.1640629, 0.0 ] ] ] } }
]
}
