{
"type": "FeatureCollection",
"name": "ITC-20 strings",
"bbox": [ 73.1596616, 28.1639065, 0.0000000, 73.1651919, 28.1738258, 0.0000000 ],                                                  
"features": [
{ "type": "Feature", "properties": { "id": "kml_1", "Name": "EDGE TRACKERS", "description": null, "timestamp": null, "begin": null, "end": null, "altitudeMode": null, "tessellate": -1, "extrude": 0, "visibility": -1, "drawOrder": null, "icon": null }, "bbox": [ 73.1600081, 28.1639065, 0.0, 73.1651919, 28.1738258, 0.0 ], "geometry": { "type": "MultiLineString", "coordinates": [ [ [ 73.1640397, 28.1643746, 0.0 ], [ 73.1640629, 28.1643749, 0.0 ], [ 73.1640577, 28.1646782, 0.0 ], [ 73.1640345, 28.1646779, 0.0 ], [ 73.1640397, 28.1643746, 0.0 ] ], [ [ 73.1639837, 28.1643739, 0.0 ], [ 73.1640069, 28.1643742, 0.0 ], [ 73.1640017, 28.1646774, 0.0 ], [ 73.1639786, 28.1646771, 0.0 ], [ 73.1639837, 28.1643739, 0.0 ] ], [ [ 73.1640344, 28.1646863, 0.0 ], [ 73.1640575, 28.1646866, 0.0 ], [ 73.1640524, 28.1649899, 0.0 ], [ 73.1640292, 28.1649896, 0.0 ], [ 73.1640344, 28.1646863, 0.0 ] ], [ [ 73.1639784, 28.1646855, 0.0 ], [ 73.1640015, 28.1646859, 0.0 ], [ 73.1639964, 28.1649891, 0.0 ], [ 73.1639732, 28.1649888, 0.0 ], [ 73.1639784, 28.1646855, 0.0 ] ], [ [ 73.1631196, 28.1657792, 0.0 ], [ 73.1631427, 28.1657795, 0.0 ], [ 73.1631376, 28.1660828, 0.0 ], [ 73.1631144, 28.1660825, 0.0 ], [ 73.1631196, 28.1657792, 0.0 ] ], [ [ 73.1630636, 28.1657784, 0.0 ], [ 73.1630867, 28.1657787, 0.0 ], [ 73.1630816, 28.166082, 0.0 ], [ 73.1630584, 28.1660817, 0.0 ], [ 73.1630636, 28.1657784, 0.0 ] ], [ [ 73.1631143, 28.1660909, 0.0 ], [ 73.1631374, 28.1660912, 0.0 ], [ 73.1631322, 28.1663945, 0.0 ], [ 73.1631091, 28.1663941, 0.0 ], [ 73.1631143, 28.1660909, 0.0 ] ], [ [ 73.1630583, 28.1660901, 0.0 ], [ 73.1630814, 28.1660904, 0.0 ], [ 73.1630762, 28.1663937, 0.0 ], [ 73.1630531, 28.1663934, 0.0 ], [ 73.1630583, 28.1660901, 0.0 ] ], [ [ 73.1612228, 28.1653417, 0.0 ], [ 73.1612459, 28.165342, 0.0 ], [ 73.1612408, 28.1656453, 0.0 ], [ 73.1612176, 28.1656449, 0.0 ], [ 73.1612228, 28.1653417, 0.0 ] ], [ [ 73.1611668, 28.1653409, 0.0 ], [ 73.1611899, 28.1653412, 0.0 ], [ 73.1611848, 28.1656445, 0.0 ], [ 73.1611616, 28.1656442, 0.0 ], [ 73.1611668, 28.1653409, 0.0 ] ], [ [ 73.1612175, 28.1656534, 0.0 ], [ 73.1612406, 28.1656537, 0.0 ], [ 73.1612354, 28.1659569, 0.0 ], [ 73.1612123, 28.1659566, 0.0 ], [ 73.1612175, 28.1656534, 0.0 ] ], [ [ 73.1611615, 28.1656526, 0.0 ], [ 73.1611846, 28.1656529, 0.0 ], [ 73.1611794, 28.1659562, 0.0 ], [ 73.1611563, 28.1659559, 0.0 ], [ 73.1611615, 28.1656526, 0.0 ] ], [ [ 73.1633461, 28.1656361, 0.0 ], [ 73.1633692, 28.1656364, 0.0 ], [ 73.163364, 28.1659397, 0.0 ], [ 73.1633409, 28.1659394, 0.0 ], [ 73.1633461, 28.1656361, 0.0 ] ], [ [ 73.1632901, 28.1656354, 0.0 ], [ 73.1633132, 28.1656357, 0.0 ], [ 73.163308, 28.1659389, 0.0 ], [ 73.1632849, 28.1659386, 0.0 ], [ 73.1632901, 28.1656354, 0.0 ] ], [ [ 73.1633408, 28.1659478, 0.0 ], [ 73.1633639, 28.1659481, 0.0 ], [ 73.1633587, 28.1662514, 0.0 ], [ 73.1633356, 28.1662511, 0.0 ], [ 73.1633408, 28.1659478, 0.0 ] ], [ [ 73.1632848, 28.1659471, 0.0 ], [ 73.1633079, 28.1659474, 0.0 ], [ 73.1633027, 28.1662506, 0.0 ], [ 73.1632796, 28.1662503, 0.0 ], [ 73.1632848, 28.1659471, 0.0 ] ], [ [ 73.1638052, 28.1649911, 0.0 ], [ 73.1638283, 28.1649914, 0.0 ], [ 73.1638231, 28.1652947, 0.0 ], [ 73.1638, 28.1652943, 0.0 ], [ 73.1638052, 28.1649911, 0.0 ] ], [ [ 73.1637492, 28.1649903, 0.0 ], [ 73.1637723, 28.1649906, 0.0 ], [ 73.1637671, 28.1652939, 0.0 ], [ 73.163744, 28.1652936, 0.0 ], [ 73.1637492, 28.1649903, 0.0 ] ], [ [ 73.1637998, 28.1653028, 0.0 ], [ 73.163823, 28.1653031, 0.0 ], [ 73.1638178, 28.1656063, 0.0 ], [ 73.1637947, 28.165606, 0.0 ], [ 73.1637998, 28.1653028, 0.0 ] ], [ [ 73.1637438, 28.165302, 0.0 ], [ 73.163767, 28.1653023, 0.0 ], [ 73.1637618, 28.1656056, 0.0 ], [ 73.1637387, 28.1656053, 0.0 ], [ 73.1637438, 28.165302, 0.0 ] ], [ [ 73.1641506, 28.1644393, 0.0 ], [ 73.1641738, 28.1644396, 0.0 ], [ 73.1641686, 28.1647428, 0.0 ], [ 73.1641455, 28.1647425, 0.0 ], [ 73.1641506, 28.1644393, 0.0 ] ], [ [ 73.1640946, 28.1644385, 0.0 ], [ 73.1641178, 28.1644388, 0.0 ], [ 73.1641126, 28.1647421, 0.0 ], [ 73.1640895, 28.1647418, 0.0 ], [ 73.1640946, 28.1644385, 0.0 ] ], [ [ 73.1641453, 28.164751, 0.0 ], [ 73.1641684, 28.1647513, 0.0 ], [ 73.1641633, 28.1650545, 0.0 ], [ 73.1641401, 28.1650542, 0.0 ], [ 73.1641453, 28.164751, 0.0 ] ], [ [ 73.1640893, 28.1647502, 0.0 ], [ 73.1641124, 28.1647505, 0.0 ], [ 73.1641073, 28.1650538, 0.0 ], [ 73.1640841, 28.1650535, 0.0 ], [ 73.1640893, 28.1647502, 0.0 ] ], [ [ 73.1639521, 28.169508, 0.0 ], [ 73.1639752, 28.1695083, 0.0 ], [ 73.16397, 28.1698116, 0.0 ], [ 73.1639469, 28.1698113, 0.0 ], [ 73.1639521, 28.169508, 0.0 ] ], [ [ 73.1638961, 28.1695073, 0.0 ], [ 73.1639192, 28.1695076, 0.0 ], [ 73.163914, 28.1698109, 0.0 ], [ 73.1638909, 28.1698105, 0.0 ], [ 73.1638961, 28.1695073, 0.0 ] ], [ [ 73.1639467, 28.1698197, 0.0 ], [ 73.1639699, 28.16982, 0.0 ], [ 73.1639647, 28.1701233, 0.0 ], [ 73.1639416, 28.170123, 0.0 ], [ 73.1639467, 28.1698197, 0.0 ] ], [ [ 73.1638908, 28.169819, 0.0 ], [ 73.1639139, 28.1698193, 0.0 ], [ 73.1639087, 28.1701225, 0.0 ], [ 73.1638856, 28.1701222, 0.0 ], [ 73.1638908, 28.169819, 0.0 ] ], [ [ 73.1623766, 28.1732046, 0.0 ], [ 73.1623997, 28.1732049, 0.0 ], [ 73.1623946, 28.1735081, 0.0 ], [ 73.1623714, 28.1735078, 0.0 ], [ 73.1623766, 28.1732046, 0.0 ] ], [ [ 73.1623206, 28.1732038, 0.0 ], [ 73.1623437, 28.1732041, 0.0 ], [ 73.1623386, 28.1735074, 0.0 ], [ 73.1623154, 28.1735071, 0.0 ], [ 73.1623206, 28.1732038, 0.0 ] ], [ [ 73.1623713, 28.1735162, 0.0 ], [ 73.1623944, 28.1735166, 0.0 ], [ 73.1623892, 28.1738198, 0.0 ], [ 73.1623661, 28.1738195, 0.0 ], [ 73.1623713, 28.1735162, 0.0 ] ], [ [ 73.1623153, 28.1735155, 0.0 ], [ 73.1623384, 28.1735158, 0.0 ], [ 73.1623332, 28.1738191, 0.0 ], [ 73.1623101, 28.1738188, 0.0 ], [ 73.1623153, 28.1735155, 0.0 ] ], [ [ 73.1618938, 28.1719589, 0.0 ], [ 73.1619169, 28.1719592, 0.0 ], [ 73.1619118, 28.1722624, 0.0 ], [ 73.1618886, 28.1722621, 0.0 ], [ 73.1618938, 28.1719589, 0.0 ] ], [ [ 73.1618378, 28.1719581, 0.0 ], [ 73.1618609, 28.1719584, 0.0 ], [ 73.1618558, 28.1722617, 0.0 ], [ 73.1618326, 28.1722614, 0.0 ], [ 73.1618378, 28.1719581, 0.0 ] ], [ [ 73.1618885, 28.1722705, 0.0 ], [ 73.1619116, 28.1722709, 0.0 ], [ 73.1619064, 28.1725741, 0.0 ], [ 73.1618833, 28.1725738, 0.0 ], [ 73.1618885, 28.1722705, 0.0 ] ], [ [ 73.1618325, 28.1722698, 0.0 ], [ 73.1618556, 28.1722701, 0.0 ], [ 73.1618504, 28.1725734, 0.0 ], [ 73.1618273, 28.1725731, 0.0 ], [ 73.1618325, 28.1722698, 0.0 ] ], [ [ 73.1651688, 28.1704178, 0.0 ], [ 73.1651919, 28.1704182, 0.0 ], [ 73.1651867, 28.1707214, 0.0 ], [ 73.1651636, 28.1707211, 0.0 ], [ 73.1651688, 28.1704178, 0.0 ] ], [ [ 73.1651128, 28.1704171, 0.0 ], [ 73.1651359, 28.1704174, 0.0 ], [ 73.1651307, 28.1707207, 0.0 ], [ 73.1651076, 28.1707204, 0.0 ], [ 73.1651128, 28.1704171, 0.0 ] ], [ [ 73.1651634, 28.1707295, 0.0 ], [ 73.1651866, 28.1707298, 0.0 ], [ 73.1651814, 28.1710331, 0.0 ], [ 73.1651583, 28.1710328, 0.0 ], [ 73.1651634, 28.1707295, 0.0 ] ], [ [ 73.1651075, 28.1707288, 0.0 ], [ 73.1651306, 28.1707291, 0.0 ], [ 73.1651254, 28.1710324, 0.0 ], [ 73.1651023, 28.171032, 0.0 ], [ 73.1651075, 28.1707288, 0.0 ] ], [ [ 73.1648269, 28.170759, 0.0 ], [ 73.16485, 28.1707593, 0.0 ], [ 73.1648448, 28.1710626, 0.0 ], [ 73.1648217, 28.1710622, 0.0 ], [ 73.1648269, 28.170759, 0.0 ] ], [ [ 73.1647709, 28.1707582, 0.0 ], [ 73.164794, 28.1707585, 0.0 ], [ 73.1647888, 28.1710618, 0.0 ], [ 73.1647657, 28.1710615, 0.0 ], [ 73.1647709, 28.1707582, 0.0 ] ], [ [ 73.1648216, 28.1710707, 0.0 ], [ 73.1648447, 28.171071, 0.0 ], [ 73.1648395, 28.1713742, 0.0 ], [ 73.1648164, 28.1713739, 0.0 ], [ 73.1648216, 28.1710707, 0.0 ] ], [ [ 73.1647656, 28.1710699, 0.0 ], [ 73.1647887, 28.1710702, 0.0 ], [ 73.1647835, 28.1713735, 0.0 ], [ 73.1647604, 28.1713732, 0.0 ], [ 73.1647656, 28.1710699, 0.0 ] ], [ [ 73.1648375, 28.1701395, 0.0 ], [ 73.1648606, 28.1701398, 0.0 ], [ 73.1648554, 28.1704431, 0.0 ], [ 73.1648323, 28.1704428, 0.0 ], [ 73.1648375, 28.1701395, 0.0 ] ], [ [ 73.1647815, 28.1701388, 0.0 ], [ 73.1648046, 28.1701391, 0.0 ], [ 73.1647994, 28.1704423, 0.0 ], [ 73.1647763, 28.170442, 0.0 ], [ 73.1647815, 28.1701388, 0.0 ] ], [ [ 73.1648321, 28.1704512, 0.0 ], [ 73.1648553, 28.1704515, 0.0 ], [ 73.1648501, 28.1707548, 0.0 ], [ 73.164827, 28.1707545, 0.0 ], [ 73.1648321, 28.1704512, 0.0 ] ], [ [ 73.1647761, 28.1704504, 0.0 ], [ 73.1647993, 28.1704508, 0.0 ], [ 73.1647941, 28.170754, 0.0 ], [ 73.164771, 28.1707537, 0.0 ], [ 73.1647761, 28.1704504, 0.0 ] ], [ [ 73.1643683, 28.1713724, 0.0 ], [ 73.1643915, 28.1713728, 0.0 ], [ 73.1643863, 28.171676, 0.0 ], [ 73.1643631, 28.1716757, 0.0 ], [ 73.1643683, 28.1713724, 0.0 ] ], [ [ 73.1643123, 28.1713717, 0.0 ], [ 73.1643355, 28.171372, 0.0 ], [ 73.1643303, 28.1716753, 0.0 ], [ 73.1643071, 28.171675, 0.0 ], [ 73.1643123, 28.1713717, 0.0 ] ], [ [ 73.164363, 28.1716841, 0.0 ], [ 73.1643861, 28.1716844, 0.0 ], [ 73.164381, 28.1719877, 0.0 ], [ 73.1643578, 28.1719874, 0.0 ], [ 73.164363, 28.1716841, 0.0 ] ], [ [ 73.164307, 28.1716834, 0.0 ], [ 73.1643301, 28.1716837, 0.0 ], [ 73.164325, 28.171987, 0.0 ], [ 73.1643018, 28.1719867, 0.0 ], [ 73.164307, 28.1716834, 0.0 ] ], [ [ 73.1637978, 28.1719844, 0.0 ], [ 73.1638209, 28.1719847, 0.0 ], [ 73.1638157, 28.172288, 0.0 ], [ 73.1637926, 28.1722877, 0.0 ], [ 73.1637978, 28.1719844, 0.0 ] ], [ [ 73.1637418, 28.1719837, 0.0 ], [ 73.1637649, 28.171984, 0.0 ], [ 73.1637597, 28.1722872, 0.0 ], [ 73.1637366, 28.1722869, 0.0 ], [ 73.1637418, 28.1719837, 0.0 ] ], [ [ 73.1637924, 28.1722961, 0.0 ], [ 73.1638156, 28.1722964, 0.0 ], [ 73.1638104, 28.1725997, 0.0 ], [ 73.1637873, 28.1725994, 0.0 ], [ 73.1637924, 28.1722961, 0.0 ] ], [ [ 73.1637364, 28.1722953, 0.0 ], [ 73.1637596, 28.1722957, 0.0 ], [ 73.1637544, 28.1725989, 0.0 ], [ 73.1637313, 28.1725986, 0.0 ], [ 73.1637364, 28.1722953, 0.0 ] ], [ [ 73.1633392, 28.1725979, 0.0 ], [ 73.1633623, 28.1725982, 0.0 ], [ 73.1633571, 28.1729014, 0.0 ], [ 73.163334, 28.1729011, 0.0 ], [ 73.1633392, 28.1725979, 0.0 ] ], [ [ 73.1632832, 28.1725971, 0.0 ], [ 73.1633063, 28.1725974, 0.0 ], [ 73.1633011, 28.1729007, 0.0 ], [ 73.163278, 28.1729004, 0.0 ], [ 73.1632832, 28.1725971, 0.0 ] ], [ [ 73.1633339, 28.1729096, 0.0 ], [ 73.163357, 28.1729099, 0.0 ], [ 73.1633518, 28.1732131, 0.0 ], [ 73.1633287, 28.1732128, 0.0 ], [ 73.1633339, 28.1729096, 0.0 ] ], [ [ 73.1632779, 28.1729088, 0.0 ], [ 73.163301, 28.1729091, 0.0 ], [ 73.1632958, 28.1732124, 0.0 ], [ 73.1632727, 28.1732121, 0.0 ], [ 73.1632779, 28.1729088, 0.0 ] ], [ [ 73.1628246, 28.1732106, 0.0 ], [ 73.1628477, 28.1732109, 0.0 ], [ 73.1628426, 28.1735142, 0.0 ], [ 73.1628194, 28.1735138, 0.0 ], [ 73.1628246, 28.1732106, 0.0 ] ], [ [ 73.1627686, 28.1732098, 0.0 ], [ 73.1627917, 28.1732101, 0.0 ], [ 73.1627866, 28.1735134, 0.0 ], [ 73.1627634, 28.1735131, 0.0 ], [ 73.1627686, 28.1732098, 0.0 ] ], [ [ 73.1628193, 28.1735223, 0.0 ], [ 73.1628424, 28.1735226, 0.0 ], [ 73.1628372, 28.1738258, 0.0 ], [ 73.1628141, 28.1738255, 0.0 ], [ 73.1628193, 28.1735223, 0.0 ] ], [ [ 73.1627633, 28.1735215, 0.0 ], [ 73.1627864, 28.1735218, 0.0 ], [ 73.1627812, 28.1738251, 0.0 ], [ 73.1627581, 28.1738248, 0.0 ], [ 73.1627633, 28.1735215, 0.0 ] ], [ [ 73.1629547, 28.168875, 0.0 ], [ 73.1629778, 28.1688753, 0.0 ], [ 73.1629727, 28.1691786, 0.0 ], [ 73.1629495, 28.1691783, 0.0 ], [ 73.1629547, 28.168875, 0.0 ] ], [ [ 73.1628987, 28.1688743, 0.0 ], [ 73.1629218, 28.1688746, 0.0 ], [ 73.1629167, 28.1691779, 0.0 ], [ 73.1628935, 28.1691776, 0.0 ], [ 73.1628987, 28.1688743, 0.0 ] ], [ [ 73.1629494, 28.1691867, 0.0 ], [ 73.1629725, 28.169187, 0.0 ], [ 73.1629673, 28.1694903, 0.0 ], [ 73.1629442, 28.16949, 0.0 ], [ 73.1629494, 28.1691867, 0.0 ] ], [ [ 73.1628934, 28.169186, 0.0 ], [ 73.1629165, 28.1691863, 0.0 ], [ 73.1629113, 28.1694896, 0.0 ], [ 73.1628882, 28.1694892, 0.0 ], [ 73.1628934, 28.169186, 0.0 ] ], [ [ 73.1631514, 28.1639208, 0.0 ], [ 73.1631745, 28.1639211, 0.0 ], [ 73.1631693, 28.1642244, 0.0 ], [ 73.1631462, 28.164224, 0.0 ], [ 73.1631514, 28.1639208, 0.0 ] ], [ [ 73.1630954, 28.16392, 0.0 ], [ 73.1631185, 28.1639203, 0.0 ], [ 73.1631133, 28.1642236, 0.0 ], [ 73.1630902, 28.1642233, 0.0 ], [ 73.1630954, 28.16392, 0.0 ] ], [ [ 73.163146, 28.1642325, 0.0 ], [ 73.1631692, 28.1642328, 0.0 ], [ 73.163164, 28.164536, 0.0 ], [ 73.1631409, 28.1645357, 0.0 ], [ 73.163146, 28.1642325, 0.0 ] ], [ [ 73.16309, 28.1642317, 0.0 ], [ 73.1631132, 28.164232, 0.0 ], [ 73.163108, 28.1645353, 0.0 ], [ 73.1630849, 28.164535, 0.0 ], [ 73.16309, 28.1642317, 0.0 ] ], [ [ 73.1621435, 28.1639072, 0.0 ], [ 73.1621666, 28.1639076, 0.0 ], [ 73.1621614, 28.1642108, 0.0 ], [ 73.1621383, 28.1642105, 0.0 ], [ 73.1621435, 28.1639072, 0.0 ] ], [ [ 73.1620875, 28.1639065, 0.0 ], [ 73.1621106, 28.1639068, 0.0 ], [ 73.1621054, 28.1642101, 0.0 ], [ 73.1620823, 28.1642098, 0.0 ], [ 73.1620875, 28.1639065, 0.0 ] ], [ [ 73.1621381, 28.1642189, 0.0 ], [ 73.1621613, 28.1642192, 0.0 ], [ 73.1621561, 28.1645225, 0.0 ], [ 73.1621329, 28.1645222, 0.0 ], [ 73.1621381, 28.1642189, 0.0 ] ], [ [ 73.1620821, 28.1642182, 0.0 ], [ 73.1621053, 28.1642185, 0.0 ], [ 73.1621001, 28.1645218, 0.0 ], [ 73.1620769, 28.1645215, 0.0 ], [ 73.1620821, 28.1642182, 0.0 ] ], [ [ 73.1617969, 28.1645222, 0.0 ], [ 73.16182, 28.1645225, 0.0 ], [ 73.1618148, 28.1648258, 0.0 ], [ 73.1617917, 28.1648255, 0.0 ], [ 73.1617969, 28.1645222, 0.0 ] ], [ [ 73.1617409, 28.1645215, 0.0 ], [ 73.161764, 28.1645218, 0.0 ], [ 73.1617589, 28.164825, 0.0 ], [ 73.1617357, 28.1648247, 0.0 ], [ 73.1617409, 28.1645215, 0.0 ] ], [ [ 73.1617916, 28.1648339, 0.0 ], [ 73.1618147, 28.1648342, 0.0 ], [ 73.1618095, 28.1651375, 0.0 ], [ 73.1617864, 28.1651372, 0.0 ], [ 73.1617916, 28.1648339, 0.0 ] ], [ [ 73.1617356, 28.1648331, 0.0 ], [ 73.1617587, 28.1648335, 0.0 ], [ 73.1617535, 28.1651367, 0.0 ], [ 73.1617304, 28.1651364, 0.0 ], [ 73.1617356, 28.1648331, 0.0 ] ], [ [ 73.1613383, 28.1651357, 0.0 ], [ 73.1613615, 28.165136, 0.0 ], [ 73.1613563, 28.1654392, 0.0 ], [ 73.1613332, 28.1654389, 0.0 ], [ 73.1613383, 28.1651357, 0.0 ] ], [ [ 73.1612824, 28.1651349, 0.0 ], [ 73.1613055, 28.1651352, 0.0 ], [ 73.1613003, 28.1654385, 0.0 ], [ 73.1612772, 28.1654382, 0.0 ], [ 73.1612824, 28.1651349, 0.0 ] ], [ [ 73.161333, 28.1654474, 0.0 ], [ 73.1613562, 28.1654477, 0.0 ], [ 73.161351, 28.1657509, 0.0 ], [ 73.1613278, 28.1657506, 0.0 ], [ 73.161333, 28.1654474, 0.0 ] ], [ [ 73.161277, 28.1654466, 0.0 ], [ 73.1613002, 28.1654469, 0.0 ], [ 73.161295, 28.1657502, 0.0 ], [ 73.1612718, 28.1657499, 0.0 ], [ 73.161277, 28.1654466, 0.0 ] ], [ [ 73.1607643, 28.1659551, 0.0 ], [ 73.1607874, 28.1659554, 0.0 ], [ 73.1607822, 28.1662587, 0.0 ], [ 73.1607591, 28.1662584, 0.0 ], [ 73.1607643, 28.1659551, 0.0 ] ], [ [ 73.1607083, 28.1659544, 0.0 ], [ 73.1607314, 28.1659547, 0.0 ], [ 73.1607262, 28.166258, 0.0 ], [ 73.1607031, 28.1662576, 0.0 ], [ 73.1607083, 28.1659544, 0.0 ] ], [ [ 73.1607589, 28.1662668, 0.0 ], [ 73.1607821, 28.1662671, 0.0 ], [ 73.1607769, 28.1665704, 0.0 ], [ 73.1607537, 28.1665701, 0.0 ], [ 73.1607589, 28.1662668, 0.0 ] ], [ [ 73.1607029, 28.1662661, 0.0 ], [ 73.1607261, 28.1662664, 0.0 ], [ 73.1607209, 28.1665696, 0.0 ], [ 73.1606977, 28.1665693, 0.0 ], [ 73.1607029, 28.1662661, 0.0 ] ], [ [ 73.1627731, 28.1663941, 0.0 ], [ 73.1627962, 28.1663945, 0.0 ], [ 73.162791, 28.1666977, 0.0 ], [ 73.1627679, 28.1666974, 0.0 ], [ 73.1627731, 28.1663941, 0.0 ] ], [ [ 73.1627171, 28.1663934, 0.0 ], [ 73.1627402, 28.1663937, 0.0 ], [ 73.162735, 28.166697, 0.0 ], [ 73.1627119, 28.1666967, 0.0 ], [ 73.1627171, 28.1663934, 0.0 ] ], [ [ 73.1627677, 28.1667058, 0.0 ], [ 73.1627909, 28.1667061, 0.0 ], [ 73.1627857, 28.1670094, 0.0 ], [ 73.1627625, 28.1670091, 0.0 ], [ 73.1627677, 28.1667058, 0.0 ] ], [ [ 73.1627117, 28.1667051, 0.0 ], [ 73.1627349, 28.1667054, 0.0 ], [ 73.1627297, 28.1670087, 0.0 ], [ 73.1627066, 28.1670084, 0.0 ], [ 73.1627117, 28.1667051, 0.0 ] ], [ [ 73.1604177, 28.1665701, 0.0 ], [ 73.1604408, 28.1665704, 0.0 ], [ 73.1604356, 28.1668737, 0.0 ], [ 73.1604125, 28.1668734, 0.0 ], [ 73.1604177, 28.1665701, 0.0 ] ], [ [ 73.1603617, 28.1665693, 0.0 ], [ 73.1603848, 28.1665696, 0.0 ], [ 73.1603796, 28.1668729, 0.0 ], [ 73.1603565, 28.1668726, 0.0 ], [ 73.1603617, 28.1665693, 0.0 ] ], [ [ 73.1604124, 28.1668818, 0.0 ], [ 73.1604355, 28.1668821, 0.0 ], [ 73.1604303, 28.1671854, 0.0 ], [ 73.1604072, 28.167185, 0.0 ], [ 73.1604124, 28.1668818, 0.0 ] ], [ [ 73.1603564, 28.166881, 0.0 ], [ 73.1603795, 28.1668813, 0.0 ], [ 73.1603743, 28.1671846, 0.0 ], [ 73.1603512, 28.1671843, 0.0 ], [ 73.1603564, 28.166881, 0.0 ] ], [ [ 73.1623145, 28.1670076, 0.0 ], [ 73.1623376, 28.1670079, 0.0 ], [ 73.1623324, 28.1673112, 0.0 ], [ 73.1623093, 28.1673109, 0.0 ], [ 73.1623145, 28.1670076, 0.0 ] ], [ [ 73.1622585, 28.1670069, 0.0 ], [ 73.1622816, 28.1670072, 0.0 ], [ 73.1622765, 28.1673104, 0.0 ], [ 73.1622533, 28.1673101, 0.0 ], [ 73.1622585, 28.1670069, 0.0 ] ], [ [ 73.1623092, 28.1673193, 0.0 ], [ 73.1623323, 28.1673196, 0.0 ], [ 73.1623271, 28.1676229, 0.0 ], [ 73.162304, 28.1676226, 0.0 ], [ 73.1623092, 28.1673193, 0.0 ] ], [ [ 73.1622532, 28.1673185, 0.0 ], [ 73.1622763, 28.1673189, 0.0 ], [ 73.1622711, 28.1676221, 0.0 ], [ 73.162248, 28.1676218, 0.0 ], [ 73.1622532, 28.1673185, 0.0 ] ], [ [ 73.1600747, 28.1669775, 0.0 ], [ 73.1600978, 28.1669778, 0.0 ], [ 73.1600926, 28.1672811, 0.0 ], [ 73.1600695, 28.1672808, 0.0 ], [ 73.1600747, 28.1669775, 0.0 ] ], [ [ 73.1600187, 28.1669768, 0.0 ], [ 73.1600418, 28.1669771, 0.0 ], [ 73.1600366, 28.1672804, 0.0 ], [ 73.1600135, 28.16728, 0.0 ], [ 73.1600187, 28.1669768, 0.0 ] ], [ [ 73.1600693, 28.1672892, 0.0 ], [ 73.1600925, 28.1672895, 0.0 ], [ 73.1600873, 28.1675928, 0.0 ], [ 73.1600641, 28.1675925, 0.0 ], [ 73.1600693, 28.1672892, 0.0 ] ], [ [ 73.1600133, 28.1672885, 0.0 ], [ 73.1600365, 28.1672888, 0.0 ], [ 73.1600313, 28.167592, 0.0 ], [ 73.1600081, 28.1675917, 0.0 ], [ 73.1600133, 28.1672885, 0.0 ] ], [ [ 73.1621072, 28.1725813, 0.0 ], [ 73.1621303, 28.1725816, 0.0 ], [ 73.1621252, 28.1728849, 0.0 ], [ 73.162102, 28.1728846, 0.0 ], [ 73.1621072, 28.1725813, 0.0 ] ], [ [ 73.1620512, 28.1725806, 0.0 ], [ 73.1620743, 28.1725809, 0.0 ], [ 73.1620692, 28.1728842, 0.0 ], [ 73.162046, 28.1728838, 0.0 ], [ 73.1620512, 28.1725806, 0.0 ] ], [ [ 73.1621019, 28.172893, 0.0 ], [ 73.162125, 28.1728933, 0.0 ], [ 73.1621198, 28.1731966, 0.0 ], [ 73.1620967, 28.1731963, 0.0 ], [ 73.1621019, 28.172893, 0.0 ] ], [ [ 73.1620459, 28.1728923, 0.0 ], [ 73.162069, 28.1728926, 0.0 ], [ 73.1620638, 28.1731958, 0.0 ], [ 73.1620407, 28.1731955, 0.0 ], [ 73.1620459, 28.1728923, 0.0 ] ], [ [ 73.1619573, 28.168242, 0.0 ], [ 73.1619805, 28.1682423, 0.0 ], [ 73.1619753, 28.1685456, 0.0 ], [ 73.1619522, 28.1685453, 0.0 ], [ 73.1619573, 28.168242, 0.0 ] ], [ [ 73.1619013, 28.1682413, 0.0 ], [ 73.1619245, 28.1682416, 0.0 ], [ 73.1619193, 28.1685449, 0.0 ], [ 73.1618962, 28.1685446, 0.0 ], [ 73.1619013, 28.1682413, 0.0 ] ], [ [ 73.161952, 28.1685537, 0.0 ], [ 73.1619752, 28.168554, 0.0 ], [ 73.16197, 28.1688573, 0.0 ], [ 73.1619468, 28.168857, 0.0 ], [ 73.161952, 28.1685537, 0.0 ] ], [ [ 73.161896, 28.168553, 0.0 ], [ 73.1619192, 28.1685533, 0.0 ], [ 73.161914, 28.1688566, 0.0 ], [ 73.1618908, 28.1688562, 0.0 ], [ 73.161896, 28.168553, 0.0 ] ], [ [ 73.1619679, 28.1676226, 0.0 ], [ 73.1619911, 28.1676229, 0.0 ], [ 73.1619859, 28.1679261, 0.0 ], [ 73.1619628, 28.1679258, 0.0 ], [ 73.1619679, 28.1676226, 0.0 ] ], [ [ 73.1619119, 28.1676218, 0.0 ], [ 73.1619351, 28.1676221, 0.0 ], [ 73.1619299, 28.1679254, 0.0 ], [ 73.1619068, 28.1679251, 0.0 ], [ 73.1619119, 28.1676218, 0.0 ] ], [ [ 73.1619626, 28.1679343, 0.0 ], [ 73.1619857, 28.1679346, 0.0 ], [ 73.1619806, 28.1682378, 0.0 ], [ 73.1619574, 28.1682375, 0.0 ], [ 73.1619626, 28.1679343, 0.0 ] ], [ [ 73.1619066, 28.1679335, 0.0 ], [ 73.1619297, 28.1679338, 0.0 ], [ 73.1619246, 28.1682371, 0.0 ], [ 73.1619014, 28.1682368, 0.0 ], [ 73.1619066, 28.1679335, 0.0 ] ] ] } },
{ "type": "Feature", "properties": { "id": "kml_117", "Name": "TRACKERS", "description": null, "timestamp": null, "begin": null, "end": null, "altitudeMode": null, "tessellate": -1, "extrude": 0, "visibility": -1, "drawOrder": null, "icon": null }, "bbox": [ 73.1596616, 28.163908, 0.0, 73.1650799, 28.1738243, 0.0 ], "geometry": { "type": "MultiLineString", "coordinates": [ [ [ 73.1620588, 28.168863, 0.0 ], [ 73.1620819, 28.1688633, 0.0 ], [ 73.1620767, 28.1691666, 0.0 ], [ 73.1620536, 28.1691663, 0.0 ], [ 73.1620588, 28.168863, 0.0 ] ], [ [ 73.1620028, 28.1688623, 0.0 ], [ 73.1620259, 28.1688626, 0.0 ], [ 73.1620207, 28.1691658, 0.0 ], [ 73.1619976, 28.1691655, 0.0 ], [ 73.1620028, 28.1688623, 0.0 ] ], [ [ 73.1620534, 28.1691747, 0.0 ], [ 73.1620766, 28.169175, 0.0 ], [ 73.1620714, 28.1694783, 0.0 ], [ 73.1620482, 28.169478, 0.0 ], [ 73.1620534, 28.1691747, 0.0 ] ], [ [ 73.1619974, 28.1691739, 0.0 ], [ 73.1620206, 28.1691743, 0.0 ], [ 73.1620154, 28.1694775, 0.0 ], [ 73.1619922, 28.1694772, 0.0 ], [ 73.1619974, 28.1691739, 0.0 ] ], [ [ 73.1605297, 28.1665716, 0.0 ], [ 73.1605528, 28.1665719, 0.0 ], [ 73.1605476, 28.1668752, 0.0 ], [ 73.1605245, 28.1668749, 0.0 ], [ 73.1605297, 28.1665716, 0.0 ] ], [ [ 73.1604737, 28.1665708, 0.0 ], [ 73.1604968, 28.1665711, 0.0 ], [ 73.1604916, 28.1668744, 0.0 ], [ 73.1604685, 28.1668741, 0.0 ], [ 73.1604737, 28.1665708, 0.0 ] ], [ [ 73.1605243, 28.1668833, 0.0 ], [ 73.1605475, 28.1668836, 0.0 ], [ 73.1605423, 28.1671869, 0.0 ], [ 73.1605192, 28.1671865, 0.0 ], [ 73.1605243, 28.1668833, 0.0 ] ], [ [ 73.1604683, 28.1668825, 0.0 ], [ 73.1604915, 28.1668828, 0.0 ], [ 73.1604863, 28.1671861, 0.0 ], [ 73.1604632, 28.1671858, 0.0 ], [ 73.1604683, 28.1668825, 0.0 ] ], [ [ 73.1608762, 28.1659566, 0.0 ], [ 73.1608994, 28.1659569, 0.0 ], [ 73.1608942, 28.1662602, 0.0 ], [ 73.1608711, 28.1662599, 0.0 ], [ 73.1608762, 28.1659566, 0.0 ] ], [ [ 73.1608203, 28.1659559, 0.0 ], [ 73.1608434, 28.1659562, 0.0 ], [ 73.1608382, 28.1662595, 0.0 ], [ 73.1608151, 28.1662592, 0.0 ], [ 73.1608203, 28.1659559, 0.0 ] ], [ [ 73.1608709, 28.1662683, 0.0 ], [ 73.160894, 28.1662686, 0.0 ], [ 73.1608889, 28.1665719, 0.0 ], [ 73.1608657, 28.1665716, 0.0 ], [ 73.1608709, 28.1662683, 0.0 ] ], [ [ 73.1608149, 28.1662676, 0.0 ], [ 73.1608381, 28.1662679, 0.0 ], [ 73.1608329, 28.1665712, 0.0 ], [ 73.1608097, 28.1665708, 0.0 ], [ 73.1608149, 28.1662676, 0.0 ] ], [ [ 73.1624886, 28.1732061, 0.0 ], [ 73.1625117, 28.1732064, 0.0 ], [ 73.1625066, 28.1735096, 0.0 ], [ 73.1624834, 28.1735093, 0.0 ], [ 73.1624886, 28.1732061, 0.0 ] ], [ [ 73.1624326, 28.1732053, 0.0 ], [ 73.1624557, 28.1732056, 0.0 ], [ 73.1624506, 28.1735089, 0.0 ], [ 73.1624274, 28.1735086, 0.0 ], [ 73.1624326, 28.1732053, 0.0 ] ], [ [ 73.1624833, 28.1735178, 0.0 ], [ 73.1625064, 28.1735181, 0.0 ], [ 73.1625012, 28.1738213, 0.0 ], [ 73.1624781, 28.173821, 0.0 ], [ 73.1624833, 28.1735178, 0.0 ] ], [ [ 73.1624273, 28.173517, 0.0 ], [ 73.1624504, 28.1735173, 0.0 ], [ 73.1624452, 28.1738206, 0.0 ], [ 73.1624221, 28.1738203, 0.0 ], [ 73.1624273, 28.173517, 0.0 ] ], [ [ 73.1626006, 28.1732076, 0.0 ], [ 73.1626237, 28.1732079, 0.0 ], [ 73.1626186, 28.1735111, 0.0 ], [ 73.1625954, 28.1735108, 0.0 ], [ 73.1626006, 28.1732076, 0.0 ] ], [ [ 73.1625446, 28.1732068, 0.0 ], [ 73.1625677, 28.1732071, 0.0 ], [ 73.1625626, 28.1735104, 0.0 ], [ 73.1625394, 28.1735101, 0.0 ], [ 73.1625446, 28.1732068, 0.0 ] ], [ [ 73.1625953, 28.1735193, 0.0 ], [ 73.1626184, 28.1735196, 0.0 ], [ 73.1626132, 28.1738228, 0.0 ], [ 73.1625901, 28.1738225, 0.0 ], [ 73.1625953, 28.1735193, 0.0 ] ], [ [ 73.1625393, 28.1735185, 0.0 ], [ 73.1625624, 28.1735188, 0.0 ], [ 73.1625572, 28.1738221, 0.0 ], [ 73.1625341, 28.1738218, 0.0 ], [ 73.1625393, 28.1735185, 0.0 ] ], [ [ 73.1622192, 28.1725828, 0.0 ], [ 73.1622423, 28.1725831, 0.0 ], [ 73.1622372, 28.1728864, 0.0 ], [ 73.162214, 28.1728861, 0.0 ], [ 73.1622192, 28.1725828, 0.0 ] ], [ [ 73.1621632, 28.1725821, 0.0 ], [ 73.1621863, 28.1725824, 0.0 ], [ 73.1621812, 28.1728857, 0.0 ], [ 73.162158, 28.1728854, 0.0 ], [ 73.1621632, 28.1725821, 0.0 ] ], [ [ 73.1622139, 28.1728945, 0.0 ], [ 73.162237, 28.1728948, 0.0 ], [ 73.1622318, 28.1731981, 0.0 ], [ 73.1622087, 28.1731978, 0.0 ], [ 73.1622139, 28.1728945, 0.0 ] ], [ [ 73.1621579, 28.1728938, 0.0 ], [ 73.162181, 28.1728941, 0.0 ], [ 73.1621758, 28.1731974, 0.0 ], [ 73.1621527, 28.173197, 0.0 ], [ 73.1621579, 28.1728938, 0.0 ] ], [ [ 73.1632341, 28.1656346, 0.0 ], [ 73.1632572, 28.1656349, 0.0 ], [ 73.163252, 28.1659382, 0.0 ], [ 73.1632289, 28.1659379, 0.0 ], [ 73.1632341, 28.1656346, 0.0 ] ], [ [ 73.1631781, 28.1656339, 0.0 ], [ 73.1632012, 28.1656342, 0.0 ], [ 73.1631961, 28.1659374, 0.0 ], [ 73.1631729, 28.1659371, 0.0 ], [ 73.1631781, 28.1656339, 0.0 ] ], [ [ 73.1632288, 28.1659463, 0.0 ], [ 73.1632519, 28.1659466, 0.0 ], [ 73.1632467, 28.1662499, 0.0 ], [ 73.1632236, 28.1662496, 0.0 ], [ 73.1632288, 28.1659463, 0.0 ] ], [ [ 73.1631728, 28.1659455, 0.0 ], [ 73.1631959, 28.1659459, 0.0 ], [ 73.1631907, 28.1662491, 0.0 ], [ 73.1631676, 28.1662488, 0.0 ], [ 73.1631728, 28.1659455, 0.0 ] ], [ [ 73.1650568, 28.1704163, 0.0 ], [ 73.1650799, 28.1704166, 0.0 ], [ 73.1650747, 28.1707199, 0.0 ], [ 73.1650516, 28.1707196, 0.0 ], [ 73.1650568, 28.1704163, 0.0 ] ], [ [ 73.1650008, 28.1704156, 0.0 ], [ 73.1650239, 28.1704159, 0.0 ], [ 73.1650187, 28.1707192, 0.0 ], [ 73.1649956, 28.1707189, 0.0 ], [ 73.1650008, 28.1704156, 0.0 ] ], [ [ 73.1650515, 28.170728, 0.0 ], [ 73.1650746, 28.1707283, 0.0 ], [ 73.1650694, 28.1710316, 0.0 ], [ 73.1650463, 28.1710313, 0.0 ], [ 73.1650515, 28.170728, 0.0 ] ], [ [ 73.1649955, 28.1707273, 0.0 ], [ 73.1650186, 28.1707276, 0.0 ], [ 73.1650134, 28.1710309, 0.0 ], [ 73.1649903, 28.1710305, 0.0 ], [ 73.1649955, 28.1707273, 0.0 ] ], [ [ 73.1649448, 28.1704148, 0.0 ], [ 73.1649679, 28.1704151, 0.0 ], [ 73.1649627, 28.1707184, 0.0 ], [ 73.1649396, 28.1707181, 0.0 ], [ 73.1649448, 28.1704148, 0.0 ] ], [ [ 73.1648888, 28.1704141, 0.0 ], [ 73.1649119, 28.1704144, 0.0 ], [ 73.1649067, 28.1707177, 0.0 ], [ 73.1648836, 28.1707174, 0.0 ], [ 73.1648888, 28.1704141, 0.0 ] ], [ [ 73.1649395, 28.1707265, 0.0 ], [ 73.1649626, 28.1707268, 0.0 ], [ 73.1649574, 28.1710301, 0.0 ], [ 73.1649343, 28.1710298, 0.0 ], [ 73.1649395, 28.1707265, 0.0 ] ], [ [ 73.1648835, 28.1707258, 0.0 ], [ 73.1649066, 28.1707261, 0.0 ], [ 73.1649014, 28.1710294, 0.0 ], [ 73.1648783, 28.171029, 0.0 ], [ 73.1648835, 28.1707258, 0.0 ] ], [ [ 73.1647149, 28.1707575, 0.0 ], [ 73.164738, 28.1707578, 0.0 ], [ 73.1647328, 28.1710611, 0.0 ], [ 73.1647097, 28.1710607, 0.0 ], [ 73.1647149, 28.1707575, 0.0 ] ], [ [ 73.1646589, 28.1707567, 0.0 ], [ 73.164682, 28.170757, 0.0 ], [ 73.1646768, 28.1710603, 0.0 ], [ 73.1646537, 28.17106, 0.0 ], [ 73.1646589, 28.1707567, 0.0 ] ], [ [ 73.1647096, 28.1710692, 0.0 ], [ 73.1647327, 28.1710695, 0.0 ], [ 73.1647275, 28.1713727, 0.0 ], [ 73.1647044, 28.1713724, 0.0 ], [ 73.1647096, 28.1710692, 0.0 ] ], [ [ 73.1646536, 28.1710684, 0.0 ], [ 73.1646767, 28.1710687, 0.0 ], [ 73.1646715, 28.171372, 0.0 ], [ 73.1646484, 28.1713717, 0.0 ], [ 73.1646536, 28.1710684, 0.0 ] ], [ [ 73.1647255, 28.170138, 0.0 ], [ 73.1647486, 28.1701383, 0.0 ], [ 73.1647434, 28.1704416, 0.0 ], [ 73.1647203, 28.1704413, 0.0 ], [ 73.1647255, 28.170138, 0.0 ] ], [ [ 73.1646695, 28.1701373, 0.0 ], [ 73.1646926, 28.1701376, 0.0 ], [ 73.1646874, 28.1704408, 0.0 ], [ 73.1646643, 28.1704405, 0.0 ], [ 73.1646695, 28.1701373, 0.0 ] ], [ [ 73.1647201, 28.1704497, 0.0 ], [ 73.1647433, 28.17045, 0.0 ], [ 73.1647381, 28.1707533, 0.0 ], [ 73.164715, 28.170753, 0.0 ], [ 73.1647201, 28.1704497, 0.0 ] ], [ [ 73.1646641, 28.1704489, 0.0 ], [ 73.1646873, 28.1704493, 0.0 ], [ 73.1646821, 28.1707525, 0.0 ], [ 73.164659, 28.1707522, 0.0 ], [ 73.1646641, 28.1704489, 0.0 ] ], [ [ 73.1646029, 28.170756, 0.0 ], [ 73.164626, 28.1707563, 0.0 ], [ 73.1646208, 28.1710596, 0.0 ], [ 73.1645977, 28.1710592, 0.0 ], [ 73.1646029, 28.170756, 0.0 ] ], [ [ 73.1645469, 28.1707552, 0.0 ], [ 73.16457, 28.1707555, 0.0 ], [ 73.1645648, 28.1710588, 0.0 ], [ 73.1645417, 28.1710585, 0.0 ], [ 73.1645469, 28.1707552, 0.0 ] ], [ [ 73.1645976, 28.1710677, 0.0 ], [ 73.1646207, 28.171068, 0.0 ], [ 73.1646155, 28.1713712, 0.0 ], [ 73.1645924, 28.1713709, 0.0 ], [ 73.1645976, 28.1710677, 0.0 ] ], [ [ 73.1645416, 28.1710669, 0.0 ], [ 73.1645647, 28.1710672, 0.0 ], [ 73.1645595, 28.1713705, 0.0 ], [ 73.1645364, 28.1713702, 0.0 ], [ 73.1645416, 28.1710669, 0.0 ] ], [ [ 73.1646135, 28.1701365, 0.0 ], [ 73.1646366, 28.1701368, 0.0 ], [ 73.1646314, 28.1704401, 0.0 ], [ 73.1646083, 28.1704398, 0.0 ], [ 73.1646135, 28.1701365, 0.0 ] ], [ [ 73.1645575, 28.1701358, 0.0 ], [ 73.1645806, 28.1701361, 0.0 ], [ 73.1645754, 28.1704393, 0.0 ], [ 73.1645523, 28.170439, 0.0 ], [ 73.1645575, 28.1701358, 0.0 ] ], [ [ 73.1646081, 28.1704482, 0.0 ], [ 73.1646313, 28.1704485, 0.0 ], [ 73.1646261, 28.1707518, 0.0 ], [ 73.164603, 28.1707515, 0.0 ], [ 73.1646081, 28.1704482, 0.0 ] ], [ [ 73.1645521, 28.1704474, 0.0 ], [ 73.1645753, 28.1704478, 0.0 ], [ 73.1645701, 28.170751, 0.0 ], [ 73.164547, 28.1707507, 0.0 ], [ 73.1645521, 28.1704474, 0.0 ] ], [ [ 73.1644909, 28.1707545, 0.0 ], [ 73.164514, 28.1707548, 0.0 ], [ 73.1645088, 28.1710581, 0.0 ], [ 73.1644857, 28.1710577, 0.0 ], [ 73.1644909, 28.1707545, 0.0 ] ], [ [ 73.1644349, 28.1707537, 0.0 ], [ 73.164458, 28.170754, 0.0 ], [ 73.1644528, 28.1710573, 0.0 ], [ 73.1644297, 28.171057, 0.0 ], [ 73.1644349, 28.1707537, 0.0 ] ], [ [ 73.1644856, 28.1710662, 0.0 ], [ 73.1645087, 28.1710665, 0.0 ], [ 73.1645035, 28.1713697, 0.0 ], [ 73.1644804, 28.1713694, 0.0 ], [ 73.1644856, 28.1710662, 0.0 ] ], [ [ 73.1644296, 28.1710654, 0.0 ], [ 73.1644527, 28.1710657, 0.0 ], [ 73.1644475, 28.171369, 0.0 ], [ 73.1644244, 28.1713687, 0.0 ], [ 73.1644296, 28.1710654, 0.0 ] ], [ [ 73.1645015, 28.170135, 0.0 ], [ 73.1645246, 28.1701353, 0.0 ], [ 73.1645194, 28.1704386, 0.0 ], [ 73.1644963, 28.1704383, 0.0 ], [ 73.1645015, 28.170135, 0.0 ] ], [ [ 73.1644455, 28.1701343, 0.0 ], [ 73.1644686, 28.1701346, 0.0 ], [ 73.1644634, 28.1704378, 0.0 ], [ 73.1644403, 28.1704375, 0.0 ], [ 73.1644455, 28.1701343, 0.0 ] ], [ [ 73.1644961, 28.1704467, 0.0 ], [ 73.1645193, 28.170447, 0.0 ], [ 73.1645141, 28.1707503, 0.0 ], [ 73.164491, 28.17075, 0.0 ], [ 73.1644961, 28.1704467, 0.0 ] ], [ [ 73.1644402, 28.1704459, 0.0 ], [ 73.1644633, 28.1704463, 0.0 ], [ 73.1644581, 28.1707495, 0.0 ], [ 73.164435, 28.1707492, 0.0 ], [ 73.1644402, 28.1704459, 0.0 ] ], [ [ 73.1643789, 28.170753, 0.0 ], [ 73.164402, 28.1707533, 0.0 ], [ 73.1643969, 28.1710566, 0.0 ], [ 73.1643737, 28.1710562, 0.0 ], [ 73.1643789, 28.170753, 0.0 ] ], [ [ 73.1643229, 28.1707522, 0.0 ], [ 73.164346, 28.1707525, 0.0 ], [ 73.1643409, 28.1710558, 0.0 ], [ 73.1643177, 28.1710555, 0.0 ], [ 73.1643229, 28.1707522, 0.0 ] ], [ [ 73.1643736, 28.1710647, 0.0 ], [ 73.1643967, 28.171065, 0.0 ], [ 73.1643915, 28.1713682, 0.0 ], [ 73.1643684, 28.1713679, 0.0 ], [ 73.1643736, 28.1710647, 0.0 ] ], [ [ 73.1643176, 28.1710639, 0.0 ], [ 73.1643407, 28.1710642, 0.0 ], [ 73.1643355, 28.1713675, 0.0 ], [ 73.1643124, 28.1713672, 0.0 ], [ 73.1643176, 28.1710639, 0.0 ] ], [ [ 73.1643895, 28.1701335, 0.0 ], [ 73.1644126, 28.1701338, 0.0 ], [ 73.1644074, 28.1704371, 0.0 ], [ 73.1643843, 28.1704368, 0.0 ], [ 73.1643895, 28.1701335, 0.0 ] ], [ [ 73.1643335, 28.1701328, 0.0 ], [ 73.1643566, 28.1701331, 0.0 ], [ 73.1643514, 28.1704363, 0.0 ], [ 73.1643283, 28.170436, 0.0 ], [ 73.1643335, 28.1701328, 0.0 ] ], [ [ 73.1643842, 28.1704452, 0.0 ], [ 73.1644073, 28.1704455, 0.0 ], [ 73.1644021, 28.1707488, 0.0 ], [ 73.164379, 28.1707485, 0.0 ], [ 73.1643842, 28.1704452, 0.0 ] ], [ [ 73.1643282, 28.1704444, 0.0 ], [ 73.1643513, 28.1704447, 0.0 ], [ 73.1643461, 28.170748, 0.0 ], [ 73.164323, 28.1707477, 0.0 ], [ 73.1643282, 28.1704444, 0.0 ] ], [ [ 73.1642563, 28.1713709, 0.0 ], [ 73.1642795, 28.1713713, 0.0 ], [ 73.1642743, 28.1716745, 0.0 ], [ 73.1642511, 28.1716742, 0.0 ], [ 73.1642563, 28.1713709, 0.0 ] ], [ [ 73.1642003, 28.1713702, 0.0 ], [ 73.1642235, 28.1713705, 0.0 ], [ 73.1642183, 28.1716738, 0.0 ], [ 73.1641951, 28.1716735, 0.0 ], [ 73.1642003, 28.1713702, 0.0 ] ], [ [ 73.164251, 28.1716826, 0.0 ], [ 73.1642741, 28.1716829, 0.0 ], [ 73.164269, 28.1719862, 0.0 ], [ 73.1642458, 28.1719859, 0.0 ], [ 73.164251, 28.1716826, 0.0 ] ], [ [ 73.164195, 28.1716819, 0.0 ], [ 73.1642181, 28.1716822, 0.0 ], [ 73.164213, 28.1719855, 0.0 ], [ 73.1641898, 28.1719851, 0.0 ], [ 73.164195, 28.1716819, 0.0 ] ], [ [ 73.1642669, 28.1707515, 0.0 ], [ 73.16429, 28.1707518, 0.0 ], [ 73.1642849, 28.1710551, 0.0 ], [ 73.1642617, 28.1710547, 0.0 ], [ 73.1642669, 28.1707515, 0.0 ] ], [ [ 73.1642109, 28.1707507, 0.0 ], [ 73.164234, 28.170751, 0.0 ], [ 73.1642289, 28.1710543, 0.0 ], [ 73.1642057, 28.171054, 0.0 ], [ 73.1642109, 28.1707507, 0.0 ] ], [ [ 73.1642616, 28.1710632, 0.0 ], [ 73.1642847, 28.1710635, 0.0 ], [ 73.1642795, 28.1713667, 0.0 ], [ 73.1642564, 28.1713664, 0.0 ], [ 73.1642616, 28.1710632, 0.0 ] ], [ [ 73.1642056, 28.1710624, 0.0 ], [ 73.1642287, 28.1710627, 0.0 ], [ 73.1642235, 28.171366, 0.0 ], [ 73.1642004, 28.1713657, 0.0 ], [ 73.1642056, 28.1710624, 0.0 ] ], [ [ 73.1642775, 28.170132, 0.0 ], [ 73.1643006, 28.1701323, 0.0 ], [ 73.1642954, 28.1704356, 0.0 ], [ 73.1642723, 28.1704353, 0.0 ], [ 73.1642775, 28.170132, 0.0 ] ], [ [ 73.1642215, 28.1701312, 0.0 ], [ 73.1642446, 28.1701316, 0.0 ], [ 73.1642394, 28.1704348, 0.0 ], [ 73.1642163, 28.1704345, 0.0 ], [ 73.1642215, 28.1701312, 0.0 ] ], [ [ 73.1642722, 28.1704437, 0.0 ], [ 73.1642953, 28.170444, 0.0 ], [ 73.1642901, 28.1707473, 0.0 ], [ 73.164267, 28.170747, 0.0 ], [ 73.1642722, 28.1704437, 0.0 ] ], [ [ 73.1642162, 28.1704429, 0.0 ], [ 73.1642393, 28.1704432, 0.0 ], [ 73.1642341, 28.1707465, 0.0 ], [ 73.164211, 28.1707462, 0.0 ], [ 73.1642162, 28.1704429, 0.0 ] ], [ [ 73.1641443, 28.1713694, 0.0 ], [ 73.1641675, 28.1713697, 0.0 ], [ 73.1641623, 28.171673, 0.0 ], [ 73.1641391, 28.1716727, 0.0 ], [ 73.1641443, 28.1713694, 0.0 ] ], [ [ 73.1640883, 28.1713687, 0.0 ], [ 73.1641115, 28.171369, 0.0 ], [ 73.1641063, 28.1716723, 0.0 ], [ 73.1640831, 28.171672, 0.0 ], [ 73.1640883, 28.1713687, 0.0 ] ], [ [ 73.164139, 28.1716811, 0.0 ], [ 73.1641621, 28.1716814, 0.0 ], [ 73.164157, 28.1719847, 0.0 ], [ 73.1641338, 28.1719844, 0.0 ], [ 73.164139, 28.1716811, 0.0 ] ], [ [ 73.164083, 28.1716804, 0.0 ], [ 73.1641061, 28.1716807, 0.0 ], [ 73.164101, 28.171984, 0.0 ], [ 73.1640778, 28.1719836, 0.0 ], [ 73.164083, 28.1716804, 0.0 ] ], [ [ 73.1641549, 28.17075, 0.0 ], [ 73.164178, 28.1707503, 0.0 ], [ 73.1641729, 28.1710535, 0.0 ], [ 73.1641497, 28.1710532, 0.0 ], [ 73.1641549, 28.17075, 0.0 ] ], [ [ 73.1640989, 28.1707492, 0.0 ], [ 73.164122, 28.1707495, 0.0 ], [ 73.1641169, 28.1710528, 0.0 ], [ 73.1640937, 28.1710525, 0.0 ], [ 73.1640989, 28.1707492, 0.0 ] ], [ [ 73.1641496, 28.1710617, 0.0 ], [ 73.1641727, 28.171062, 0.0 ], [ 73.1641675, 28.1713652, 0.0 ], [ 73.1641444, 28.1713649, 0.0 ], [ 73.1641496, 28.1710617, 0.0 ] ], [ [ 73.1640936, 28.1710609, 0.0 ], [ 73.1641167, 28.1710612, 0.0 ], [ 73.1641115, 28.1713645, 0.0 ], [ 73.1640884, 28.1713642, 0.0 ], [ 73.1640936, 28.1710609, 0.0 ] ], [ [ 73.1641655, 28.1701305, 0.0 ], [ 73.1641886, 28.1701308, 0.0 ], [ 73.1641834, 28.1704341, 0.0 ], [ 73.1641603, 28.1704338, 0.0 ], [ 73.1641655, 28.1701305, 0.0 ] ], [ [ 73.1641095, 28.1701297, 0.0 ], [ 73.1641326, 28.1701301, 0.0 ], [ 73.1641274, 28.1704333, 0.0 ], [ 73.1641043, 28.170433, 0.0 ], [ 73.1641095, 28.1701297, 0.0 ] ], [ [ 73.1641602, 28.1704422, 0.0 ], [ 73.1641833, 28.1704425, 0.0 ], [ 73.1641781, 28.1707458, 0.0 ], [ 73.164155, 28.1707455, 0.0 ], [ 73.1641602, 28.1704422, 0.0 ] ], [ [ 73.1641042, 28.1704414, 0.0 ], [ 73.1641273, 28.1704417, 0.0 ], [ 73.1641221, 28.170745, 0.0 ], [ 73.164099, 28.1707447, 0.0 ], [ 73.1641042, 28.1704414, 0.0 ] ], [ [ 73.1640323, 28.1713679, 0.0 ], [ 73.1640555, 28.1713682, 0.0 ], [ 73.1640503, 28.1716715, 0.0 ], [ 73.1640272, 28.1716712, 0.0 ], [ 73.1640323, 28.1713679, 0.0 ] ], [ [ 73.1639763, 28.1713672, 0.0 ], [ 73.1639995, 28.1713675, 0.0 ], [ 73.1639943, 28.1716708, 0.0 ], [ 73.1639712, 28.1716705, 0.0 ], [ 73.1639763, 28.1713672, 0.0 ] ], [ [ 73.164027, 28.1716796, 0.0 ], [ 73.1640501, 28.1716799, 0.0 ], [ 73.164045, 28.1719832, 0.0 ], [ 73.1640218, 28.1719829, 0.0 ], [ 73.164027, 28.1716796, 0.0 ] ], [ [ 73.163971, 28.1716789, 0.0 ], [ 73.1639941, 28.1716792, 0.0 ], [ 73.163989, 28.1719825, 0.0 ], [ 73.1639658, 28.1719821, 0.0 ], [ 73.163971, 28.1716789, 0.0 ] ], [ [ 73.1640429, 28.1707485, 0.0 ], [ 73.164066, 28.1707488, 0.0 ], [ 73.1640609, 28.171052, 0.0 ], [ 73.1640377, 28.1710517, 0.0 ], [ 73.1640429, 28.1707485, 0.0 ] ], [ [ 73.1639869, 28.1707477, 0.0 ], [ 73.16401, 28.170748, 0.0 ], [ 73.1640049, 28.1710513, 0.0 ], [ 73.1639817, 28.171051, 0.0 ], [ 73.1639869, 28.1707477, 0.0 ] ], [ [ 73.1640376, 28.1710602, 0.0 ], [ 73.1640607, 28.1710605, 0.0 ], [ 73.1640555, 28.1713637, 0.0 ], [ 73.1640324, 28.1713634, 0.0 ], [ 73.1640376, 28.1710602, 0.0 ] ], [ [ 73.1639816, 28.1710594, 0.0 ], [ 73.1640047, 28.1710597, 0.0 ], [ 73.1639995, 28.171363, 0.0 ], [ 73.1639764, 28.1713627, 0.0 ], [ 73.1639816, 28.1710594, 0.0 ] ], [ [ 73.1640535, 28.170129, 0.0 ], [ 73.1640766, 28.1701293, 0.0 ], [ 73.1640714, 28.1704326, 0.0 ], [ 73.1640483, 28.1704323, 0.0 ], [ 73.1640535, 28.170129, 0.0 ] ], [ [ 73.1639975, 28.1701282, 0.0 ], [ 73.1640206, 28.1701286, 0.0 ], [ 73.1640154, 28.1704318, 0.0 ], [ 73.1639923, 28.1704315, 0.0 ], [ 73.1639975, 28.1701282, 0.0 ] ], [ [ 73.1640482, 28.1704407, 0.0 ], [ 73.1640713, 28.170441, 0.0 ], [ 73.1640661, 28.1707443, 0.0 ], [ 73.164043, 28.170744, 0.0 ], [ 73.1640482, 28.1704407, 0.0 ] ], [ [ 73.1639922, 28.1704399, 0.0 ], [ 73.1640153, 28.1704402, 0.0 ], [ 73.1640101, 28.1707435, 0.0 ], [ 73.163987, 28.1707432, 0.0 ], [ 73.1639922, 28.1704399, 0.0 ] ], [ [ 73.1639203, 28.1713664, 0.0 ], [ 73.1639435, 28.1713667, 0.0 ], [ 73.1639383, 28.17167, 0.0 ], [ 73.1639152, 28.1716697, 0.0 ], [ 73.1639203, 28.1713664, 0.0 ] ], [ [ 73.1638643, 28.1713657, 0.0 ], [ 73.1638875, 28.171366, 0.0 ], [ 73.1638823, 28.1716693, 0.0 ], [ 73.1638592, 28.171669, 0.0 ], [ 73.1638643, 28.1713657, 0.0 ] ], [ [ 73.163915, 28.1716781, 0.0 ], [ 73.1639381, 28.1716784, 0.0 ], [ 73.163933, 28.1719817, 0.0 ], [ 73.1639098, 28.1719814, 0.0 ], [ 73.163915, 28.1716781, 0.0 ] ], [ [ 73.163859, 28.1716774, 0.0 ], [ 73.1638821, 28.1716777, 0.0 ], [ 73.163877, 28.171981, 0.0 ], [ 73.1638538, 28.1719806, 0.0 ], [ 73.163859, 28.1716774, 0.0 ] ], [ [ 73.1639309, 28.170747, 0.0 ], [ 73.163954, 28.1707473, 0.0 ], [ 73.1639489, 28.1710505, 0.0 ], [ 73.1639257, 28.1710502, 0.0 ], [ 73.1639309, 28.170747, 0.0 ] ], [ [ 73.1638749, 28.1707462, 0.0 ], [ 73.163898, 28.1707465, 0.0 ], [ 73.1638929, 28.1710498, 0.0 ], [ 73.1638697, 28.1710495, 0.0 ], [ 73.1638749, 28.1707462, 0.0 ] ], [ [ 73.1639256, 28.1710587, 0.0 ], [ 73.1639487, 28.171059, 0.0 ], [ 73.1639435, 28.1713622, 0.0 ], [ 73.1639204, 28.1713619, 0.0 ], [ 73.1639256, 28.1710587, 0.0 ] ], [ [ 73.1638696, 28.1710579, 0.0 ], [ 73.1638927, 28.1710582, 0.0 ], [ 73.1638875, 28.1713615, 0.0 ], [ 73.1638644, 28.1713612, 0.0 ], [ 73.1638696, 28.1710579, 0.0 ] ], [ [ 73.1639415, 28.1701275, 0.0 ], [ 73.1639646, 28.1701278, 0.0 ], [ 73.1639594, 28.1704311, 0.0 ], [ 73.1639363, 28.1704308, 0.0 ], [ 73.1639415, 28.1701275, 0.0 ] ], [ [ 73.1638855, 28.1701267, 0.0 ], [ 73.1639086, 28.1701271, 0.0 ], [ 73.1639034, 28.1704303, 0.0 ], [ 73.1638803, 28.17043, 0.0 ], [ 73.1638855, 28.1701267, 0.0 ] ], [ [ 73.1639362, 28.1704392, 0.0 ], [ 73.1639593, 28.1704395, 0.0 ], [ 73.1639541, 28.1707428, 0.0 ], [ 73.163931, 28.1707425, 0.0 ], [ 73.1639362, 28.1704392, 0.0 ] ], [ [ 73.1638802, 28.1704384, 0.0 ], [ 73.1639033, 28.1704387, 0.0 ], [ 73.1638981, 28.170742, 0.0 ], [ 73.163875, 28.1707417, 0.0 ], [ 73.1638802, 28.1704384, 0.0 ] ], [ [ 73.1638083, 28.1713649, 0.0 ], [ 73.1638315, 28.1713652, 0.0 ], [ 73.1638263, 28.1716685, 0.0 ], [ 73.1638032, 28.1716682, 0.0 ], [ 73.1638083, 28.1713649, 0.0 ] ], [ [ 73.1637523, 28.1713642, 0.0 ], [ 73.1637755, 28.1713645, 0.0 ], [ 73.1637703, 28.1716678, 0.0 ], [ 73.1637472, 28.1716675, 0.0 ], [ 73.1637523, 28.1713642, 0.0 ] ], [ [ 73.163803, 28.1716766, 0.0 ], [ 73.1638261, 28.1716769, 0.0 ], [ 73.163821, 28.1719802, 0.0 ], [ 73.1637978, 28.1719799, 0.0 ], [ 73.163803, 28.1716766, 0.0 ] ], [ [ 73.163747, 28.1716759, 0.0 ], [ 73.1637701, 28.1716762, 0.0 ], [ 73.163765, 28.1719795, 0.0 ], [ 73.1637418, 28.1719791, 0.0 ], [ 73.163747, 28.1716759, 0.0 ] ], [ [ 73.1638189, 28.1707455, 0.0 ], [ 73.163842, 28.1707458, 0.0 ], [ 73.1638369, 28.171049, 0.0 ], [ 73.1638137, 28.1710487, 0.0 ], [ 73.1638189, 28.1707455, 0.0 ] ], [ [ 73.1637629, 28.1707447, 0.0 ], [ 73.1637861, 28.170745, 0.0 ], [ 73.1637809, 28.1710483, 0.0 ], [ 73.1637577, 28.171048, 0.0 ], [ 73.1637629, 28.1707447, 0.0 ] ], [ [ 73.1638136, 28.1710572, 0.0 ], [ 73.1638367, 28.1710575, 0.0 ], [ 73.1638315, 28.1713607, 0.0 ], [ 73.1638084, 28.1713604, 0.0 ], [ 73.1638136, 28.1710572, 0.0 ] ], [ [ 73.1637576, 28.1710564, 0.0 ], [ 73.1637807, 28.1710567, 0.0 ], [ 73.1637755, 28.17136, 0.0 ], [ 73.1637524, 28.1713597, 0.0 ], [ 73.1637576, 28.1710564, 0.0 ] ], [ [ 73.1638295, 28.170126, 0.0 ], [ 73.1638526, 28.1701263, 0.0 ], [ 73.1638474, 28.1704296, 0.0 ], [ 73.1638243, 28.1704293, 0.0 ], [ 73.1638295, 28.170126, 0.0 ] ], [ [ 73.1637735, 28.1701252, 0.0 ], [ 73.1637966, 28.1701256, 0.0 ], [ 73.1637915, 28.1704288, 0.0 ], [ 73.1637683, 28.1704285, 0.0 ], [ 73.1637735, 28.1701252, 0.0 ] ], [ [ 73.1638242, 28.1704377, 0.0 ], [ 73.1638473, 28.170438, 0.0 ], [ 73.1638421, 28.1707413, 0.0 ], [ 73.163819, 28.170741, 0.0 ], [ 73.1638242, 28.1704377, 0.0 ] ], [ [ 73.1637682, 28.1704369, 0.0 ], [ 73.1637913, 28.1704372, 0.0 ], [ 73.1637861, 28.1707405, 0.0 ], [ 73.163763, 28.1707402, 0.0 ], [ 73.1637682, 28.1704369, 0.0 ] ], [ [ 73.1638401, 28.1695065, 0.0 ], [ 73.1638632, 28.1695068, 0.0 ], [ 73.163858, 28.1698101, 0.0 ], [ 73.1638349, 28.1698098, 0.0 ], [ 73.1638401, 28.1695065, 0.0 ] ], [ [ 73.1637841, 28.1695058, 0.0 ], [ 73.1638072, 28.1695061, 0.0 ], [ 73.163802, 28.1698094, 0.0 ], [ 73.1637789, 28.169809, 0.0 ], [ 73.1637841, 28.1695058, 0.0 ] ], [ [ 73.1638348, 28.1698182, 0.0 ], [ 73.1638579, 28.1698185, 0.0 ], [ 73.1638527, 28.1701218, 0.0 ], [ 73.1638296, 28.1701215, 0.0 ], [ 73.1638348, 28.1698182, 0.0 ] ], [ [ 73.1637788, 28.1698175, 0.0 ], [ 73.1638019, 28.1698178, 0.0 ], [ 73.1637967, 28.170121, 0.0 ], [ 73.1637736, 28.1701207, 0.0 ], [ 73.1637788, 28.1698175, 0.0 ] ], [ [ 73.1636858, 28.1719829, 0.0 ], [ 73.1637089, 28.1719832, 0.0 ], [ 73.1637037, 28.1722865, 0.0 ], [ 73.1636806, 28.1722862, 0.0 ], [ 73.1636858, 28.1719829, 0.0 ] ], [ [ 73.1636298, 28.1719822, 0.0 ], [ 73.1636529, 28.1719825, 0.0 ], [ 73.1636477, 28.1722857, 0.0 ], [ 73.1636246, 28.1722854, 0.0 ], [ 73.1636298, 28.1719822, 0.0 ] ], [ [ 73.1636804, 28.1722946, 0.0 ], [ 73.1637036, 28.1722949, 0.0 ], [ 73.1636984, 28.1725982, 0.0 ], [ 73.1636753, 28.1725979, 0.0 ], [ 73.1636804, 28.1722946, 0.0 ] ], [ [ 73.1636244, 28.1722938, 0.0 ], [ 73.1636476, 28.1722941, 0.0 ], [ 73.1636424, 28.1725974, 0.0 ], [ 73.1636193, 28.1725971, 0.0 ], [ 73.1636244, 28.1722938, 0.0 ] ], [ [ 73.1636963, 28.1713634, 0.0 ], [ 73.1637195, 28.1713637, 0.0 ], [ 73.1637143, 28.171667, 0.0 ], [ 73.1636912, 28.1716667, 0.0 ], [ 73.1636963, 28.1713634, 0.0 ] ], [ [ 73.1636403, 28.1713627, 0.0 ], [ 73.1636635, 28.171363, 0.0 ], [ 73.1636583, 28.1716663, 0.0 ], [ 73.1636352, 28.171666, 0.0 ], [ 73.1636403, 28.1713627, 0.0 ] ], [ [ 73.163691, 28.1716751, 0.0 ], [ 73.1637141, 28.1716754, 0.0 ], [ 73.163709, 28.1719787, 0.0 ], [ 73.1636858, 28.1719784, 0.0 ], [ 73.163691, 28.1716751, 0.0 ] ], [ [ 73.163635, 28.1716744, 0.0 ], [ 73.1636582, 28.1716747, 0.0 ], [ 73.163653, 28.1719779, 0.0 ], [ 73.1636298, 28.1719776, 0.0 ], [ 73.163635, 28.1716744, 0.0 ] ], [ [ 73.1637069, 28.170744, 0.0 ], [ 73.1637301, 28.1707443, 0.0 ], [ 73.1637249, 28.1710475, 0.0 ], [ 73.1637017, 28.1710472, 0.0 ], [ 73.1637069, 28.170744, 0.0 ] ], [ [ 73.1636509, 28.1707432, 0.0 ], [ 73.1636741, 28.1707435, 0.0 ], [ 73.1636689, 28.1710468, 0.0 ], [ 73.1636457, 28.1710465, 0.0 ], [ 73.1636509, 28.1707432, 0.0 ] ], [ [ 73.1637016, 28.1710556, 0.0 ], [ 73.1637247, 28.171056, 0.0 ], [ 73.1637195, 28.1713592, 0.0 ], [ 73.1636964, 28.1713589, 0.0 ], [ 73.1637016, 28.1710556, 0.0 ] ], [ [ 73.1636456, 28.1710549, 0.0 ], [ 73.1636687, 28.1710552, 0.0 ], [ 73.1636636, 28.1713585, 0.0 ], [ 73.1636404, 28.1713582, 0.0 ], [ 73.1636456, 28.1710549, 0.0 ] ], [ [ 73.1637175, 28.1701245, 0.0 ], [ 73.1637406, 28.1701248, 0.0 ], [ 73.1637355, 28.1704281, 0.0 ], [ 73.1637123, 28.1704278, 0.0 ], [ 73.1637175, 28.1701245, 0.0 ] ], [ [ 73.1636615, 28.1701237, 0.0 ], [ 73.1636846, 28.1701241, 0.0 ], [ 73.1636795, 28.1704273, 0.0 ], [ 73.1636563, 28.170427, 0.0 ], [ 73.1636615, 28.1701237, 0.0 ] ], [ [ 73.1637122, 28.1704362, 0.0 ], [ 73.1637353, 28.1704365, 0.0 ], [ 73.1637301, 28.1707398, 0.0 ], [ 73.163707, 28.1707394, 0.0 ], [ 73.1637122, 28.1704362, 0.0 ] ], [ [ 73.1636562, 28.1704354, 0.0 ], [ 73.1636793, 28.1704357, 0.0 ], [ 73.1636741, 28.170739, 0.0 ], [ 73.163651, 28.1707387, 0.0 ], [ 73.1636562, 28.1704354, 0.0 ] ], [ [ 73.1637281, 28.169505, 0.0 ], [ 73.1637512, 28.1695053, 0.0 ], [ 73.163746, 28.1698086, 0.0 ], [ 73.1637229, 28.1698083, 0.0 ], [ 73.1637281, 28.169505, 0.0 ] ], [ [ 73.1636721, 28.1695043, 0.0 ], [ 73.1636952, 28.1695046, 0.0 ], [ 73.16369, 28.1698079, 0.0 ], [ 73.1636669, 28.1698075, 0.0 ], [ 73.1636721, 28.1695043, 0.0 ] ], [ [ 73.1637228, 28.1698167, 0.0 ], [ 73.1637459, 28.169817, 0.0 ], [ 73.1637407, 28.1701203, 0.0 ], [ 73.1637176, 28.17012, 0.0 ], [ 73.1637228, 28.1698167, 0.0 ] ], [ [ 73.1636668, 28.169816, 0.0 ], [ 73.1636899, 28.1698163, 0.0 ], [ 73.1636847, 28.1701195, 0.0 ], [ 73.1636616, 28.1701192, 0.0 ], [ 73.1636668, 28.169816, 0.0 ] ], [ [ 73.1635738, 28.1719814, 0.0 ], [ 73.1635969, 28.1719817, 0.0 ], [ 73.1635917, 28.172285, 0.0 ], [ 73.1635686, 28.1722847, 0.0 ], [ 73.1635738, 28.1719814, 0.0 ] ], [ [ 73.1635178, 28.1719806, 0.0 ], [ 73.1635409, 28.171981, 0.0 ], [ 73.1635357, 28.1722842, 0.0 ], [ 73.1635126, 28.1722839, 0.0 ], [ 73.1635178, 28.1719806, 0.0 ] ], [ [ 73.1635684, 28.1722931, 0.0 ], [ 73.1635916, 28.1722934, 0.0 ], [ 73.1635864, 28.1725967, 0.0 ], [ 73.1635633, 28.1725964, 0.0 ], [ 73.1635684, 28.1722931, 0.0 ] ], [ [ 73.1635124, 28.1722923, 0.0 ], [ 73.1635356, 28.1722926, 0.0 ], [ 73.1635304, 28.1725959, 0.0 ], [ 73.1635073, 28.1725956, 0.0 ], [ 73.1635124, 28.1722923, 0.0 ] ], [ [ 73.1635843, 28.1713619, 0.0 ], [ 73.1636075, 28.1713622, 0.0 ], [ 73.1636023, 28.1716655, 0.0 ], [ 73.1635792, 28.1716652, 0.0 ], [ 73.1635843, 28.1713619, 0.0 ] ], [ [ 73.1635283, 28.1713612, 0.0 ], [ 73.1635515, 28.1713615, 0.0 ], [ 73.1635463, 28.1716648, 0.0 ], [ 73.1635232, 28.1716644, 0.0 ], [ 73.1635283, 28.1713612, 0.0 ] ], [ [ 73.163579, 28.1716736, 0.0 ], [ 73.1636022, 28.1716739, 0.0 ], [ 73.163597, 28.1719772, 0.0 ], [ 73.1635738, 28.1719769, 0.0 ], [ 73.163579, 28.1716736, 0.0 ] ], [ [ 73.163523, 28.1716729, 0.0 ], [ 73.1635462, 28.1716732, 0.0 ], [ 73.163541, 28.1719764, 0.0 ], [ 73.1635178, 28.1719761, 0.0 ], [ 73.163523, 28.1716729, 0.0 ] ], [ [ 73.1635949, 28.1707425, 0.0 ], [ 73.1636181, 28.1707428, 0.0 ], [ 73.1636129, 28.171046, 0.0 ], [ 73.1635897, 28.1710457, 0.0 ], [ 73.1635949, 28.1707425, 0.0 ] ], [ [ 73.1635389, 28.1707417, 0.0 ], [ 73.1635621, 28.170742, 0.0 ], [ 73.1635569, 28.1710453, 0.0 ], [ 73.1635337, 28.171045, 0.0 ], [ 73.1635389, 28.1707417, 0.0 ] ], [ [ 73.1635896, 28.1710541, 0.0 ], [ 73.1636127, 28.1710545, 0.0 ], [ 73.1636076, 28.1713577, 0.0 ], [ 73.1635844, 28.1713574, 0.0 ], [ 73.1635896, 28.1710541, 0.0 ] ], [ [ 73.1635336, 28.1710534, 0.0 ], [ 73.1635567, 28.1710537, 0.0 ], [ 73.1635516, 28.171357, 0.0 ], [ 73.1635284, 28.1713567, 0.0 ], [ 73.1635336, 28.1710534, 0.0 ] ], [ [ 73.1636055, 28.170123, 0.0 ], [ 73.1636286, 28.1701233, 0.0 ], [ 73.1636235, 28.1704266, 0.0 ], [ 73.1636003, 28.1704263, 0.0 ], [ 73.1636055, 28.170123, 0.0 ] ], [ [ 73.1635495, 28.1701222, 0.0 ], [ 73.1635726, 28.1701225, 0.0 ], [ 73.1635675, 28.1704258, 0.0 ], [ 73.1635443, 28.1704255, 0.0 ], [ 73.1635495, 28.1701222, 0.0 ] ], [ [ 73.1636002, 28.1704347, 0.0 ], [ 73.1636233, 28.170435, 0.0 ], [ 73.1636181, 28.1707383, 0.0 ], [ 73.163595, 28.1707379, 0.0 ], [ 73.1636002, 28.1704347, 0.0 ] ], [ [ 73.1635442, 28.1704339, 0.0 ], [ 73.1635673, 28.1704342, 0.0 ], [ 73.1635621, 28.1707375, 0.0 ], [ 73.163539, 28.1707372, 0.0 ], [ 73.1635442, 28.1704339, 0.0 ] ], [ [ 73.1636161, 28.1695035, 0.0 ], [ 73.1636392, 28.1695038, 0.0 ], [ 73.163634, 28.1698071, 0.0 ], [ 73.1636109, 28.1698068, 0.0 ], [ 73.1636161, 28.1695035, 0.0 ] ], [ [ 73.1635601, 28.1695028, 0.0 ], [ 73.1635832, 28.1695031, 0.0 ], [ 73.163578, 28.1698063, 0.0 ], [ 73.1635549, 28.169806, 0.0 ], [ 73.1635601, 28.1695028, 0.0 ] ], [ [ 73.1636108, 28.1698152, 0.0 ], [ 73.1636339, 28.1698155, 0.0 ], [ 73.1636287, 28.1701188, 0.0 ], [ 73.1636056, 28.1701185, 0.0 ], [ 73.1636108, 28.1698152, 0.0 ] ], [ [ 73.1635548, 28.1698145, 0.0 ], [ 73.1635779, 28.1698148, 0.0 ], [ 73.1635727, 28.170118, 0.0 ], [ 73.1635496, 28.1701177, 0.0 ], [ 73.1635548, 28.1698145, 0.0 ] ], [ [ 73.1634618, 28.1719799, 0.0 ], [ 73.1634849, 28.1719802, 0.0 ], [ 73.1634797, 28.1722835, 0.0 ], [ 73.1634566, 28.1722832, 0.0 ], [ 73.1634618, 28.1719799, 0.0 ] ], [ [ 73.1634058, 28.1719791, 0.0 ], [ 73.1634289, 28.1719795, 0.0 ], [ 73.1634237, 28.1722827, 0.0 ], [ 73.1634006, 28.1722824, 0.0 ], [ 73.1634058, 28.1719791, 0.0 ] ], [ [ 73.1634564, 28.1722916, 0.0 ], [ 73.1634796, 28.1722919, 0.0 ], [ 73.1634744, 28.1725952, 0.0 ], [ 73.1634513, 28.1725949, 0.0 ], [ 73.1634564, 28.1722916, 0.0 ] ], [ [ 73.1634004, 28.1722908, 0.0 ], [ 73.1634236, 28.1722911, 0.0 ], [ 73.1634184, 28.1725944, 0.0 ], [ 73.1633953, 28.1725941, 0.0 ], [ 73.1634004, 28.1722908, 0.0 ] ], [ [ 73.1634723, 28.1713604, 0.0 ], [ 73.1634955, 28.1713607, 0.0 ], [ 73.1634903, 28.171664, 0.0 ], [ 73.1634672, 28.1716637, 0.0 ], [ 73.1634723, 28.1713604, 0.0 ] ], [ [ 73.1634163, 28.1713597, 0.0 ], [ 73.1634395, 28.17136, 0.0 ], [ 73.1634343, 28.1716633, 0.0 ], [ 73.1634112, 28.1716629, 0.0 ], [ 73.1634163, 28.1713597, 0.0 ] ], [ [ 73.163467, 28.1716721, 0.0 ], [ 73.1634902, 28.1716724, 0.0 ], [ 73.163485, 28.1719757, 0.0 ], [ 73.1634618, 28.1719754, 0.0 ], [ 73.163467, 28.1716721, 0.0 ] ], [ [ 73.163411, 28.1716714, 0.0 ], [ 73.1634342, 28.1716717, 0.0 ], [ 73.163429, 28.1719749, 0.0 ], [ 73.1634058, 28.1719746, 0.0 ], [ 73.163411, 28.1716714, 0.0 ] ], [ [ 73.1634829, 28.170741, 0.0 ], [ 73.1635061, 28.1707413, 0.0 ], [ 73.1635009, 28.1710445, 0.0 ], [ 73.1634777, 28.1710442, 0.0 ], [ 73.1634829, 28.170741, 0.0 ] ], [ [ 73.1634269, 28.1707402, 0.0 ], [ 73.1634501, 28.1707405, 0.0 ], [ 73.1634449, 28.1710438, 0.0 ], [ 73.1634218, 28.1710435, 0.0 ], [ 73.1634269, 28.1707402, 0.0 ] ], [ [ 73.1634776, 28.1710526, 0.0 ], [ 73.1635007, 28.171053, 0.0 ], [ 73.1634956, 28.1713562, 0.0 ], [ 73.1634724, 28.1713559, 0.0 ], [ 73.1634776, 28.1710526, 0.0 ] ], [ [ 73.1634216, 28.1710519, 0.0 ], [ 73.1634447, 28.1710522, 0.0 ], [ 73.1634396, 28.1713555, 0.0 ], [ 73.1634164, 28.1713552, 0.0 ], [ 73.1634216, 28.1710519, 0.0 ] ], [ [ 73.1634935, 28.1701215, 0.0 ], [ 73.1635166, 28.1701218, 0.0 ], [ 73.1635115, 28.1704251, 0.0 ], [ 73.1634883, 28.1704248, 0.0 ], [ 73.1634935, 28.1701215, 0.0 ] ], [ [ 73.1634375, 28.1701207, 0.0 ], [ 73.1634606, 28.170121, 0.0 ], [ 73.1634555, 28.1704243, 0.0 ], [ 73.1634323, 28.170424, 0.0 ], [ 73.1634375, 28.1701207, 0.0 ] ], [ [ 73.1634882, 28.1704332, 0.0 ], [ 73.1635113, 28.1704335, 0.0 ], [ 73.1635061, 28.1707368, 0.0 ], [ 73.163483, 28.1707364, 0.0 ], [ 73.1634882, 28.1704332, 0.0 ] ], [ [ 73.1634322, 28.1704324, 0.0 ], [ 73.1634553, 28.1704327, 0.0 ], [ 73.1634501, 28.170736, 0.0 ], [ 73.163427, 28.1707357, 0.0 ], [ 73.1634322, 28.1704324, 0.0 ] ], [ [ 73.1635041, 28.169502, 0.0 ], [ 73.1635272, 28.1695023, 0.0 ], [ 73.163522, 28.1698056, 0.0 ], [ 73.1634989, 28.1698053, 0.0 ], [ 73.1635041, 28.169502, 0.0 ] ], [ [ 73.1634481, 28.1695013, 0.0 ], [ 73.1634712, 28.1695016, 0.0 ], [ 73.163466, 28.1698048, 0.0 ], [ 73.1634429, 28.1698045, 0.0 ], [ 73.1634481, 28.1695013, 0.0 ] ], [ [ 73.1634988, 28.1698137, 0.0 ], [ 73.1635219, 28.169814, 0.0 ], [ 73.1635167, 28.1701173, 0.0 ], [ 73.1634936, 28.170117, 0.0 ], [ 73.1634988, 28.1698137, 0.0 ] ], [ [ 73.1634428, 28.169813, 0.0 ], [ 73.1634659, 28.1698133, 0.0 ], [ 73.1634607, 28.1701165, 0.0 ], [ 73.1634376, 28.1701162, 0.0 ], [ 73.1634428, 28.169813, 0.0 ] ], [ [ 73.1633498, 28.1719784, 0.0 ], [ 73.1633729, 28.1719787, 0.0 ], [ 73.1633677, 28.172282, 0.0 ], [ 73.1633446, 28.1722817, 0.0 ], [ 73.1633498, 28.1719784, 0.0 ] ], [ [ 73.1632938, 28.1719776, 0.0 ], [ 73.1633169, 28.171978, 0.0 ], [ 73.1633117, 28.1722812, 0.0 ], [ 73.1632886, 28.1722809, 0.0 ], [ 73.1632938, 28.1719776, 0.0 ] ], [ [ 73.1633444, 28.1722901, 0.0 ], [ 73.1633676, 28.1722904, 0.0 ], [ 73.1633624, 28.1725937, 0.0 ], [ 73.1633393, 28.1725934, 0.0 ], [ 73.1633444, 28.1722901, 0.0 ] ], [ [ 73.1632884, 28.1722893, 0.0 ], [ 73.1633116, 28.1722896, 0.0 ], [ 73.1633064, 28.1725929, 0.0 ], [ 73.1632833, 28.1725926, 0.0 ], [ 73.1632884, 28.1722893, 0.0 ] ], [ [ 73.1633604, 28.1713589, 0.0 ], [ 73.1633835, 28.1713592, 0.0 ], [ 73.1633783, 28.1716625, 0.0 ], [ 73.1633552, 28.1716622, 0.0 ], [ 73.1633604, 28.1713589, 0.0 ] ], [ [ 73.1633044, 28.1713582, 0.0 ], [ 73.1633275, 28.1713585, 0.0 ], [ 73.1633223, 28.1716618, 0.0 ], [ 73.1632992, 28.1716614, 0.0 ], [ 73.1633044, 28.1713582, 0.0 ] ], [ [ 73.163355, 28.1716706, 0.0 ], [ 73.1633782, 28.1716709, 0.0 ], [ 73.163373, 28.1719742, 0.0 ], [ 73.1633498, 28.1719739, 0.0 ], [ 73.163355, 28.1716706, 0.0 ] ], [ [ 73.163299, 28.1716699, 0.0 ], [ 73.1633222, 28.1716702, 0.0 ], [ 73.163317, 28.1719734, 0.0 ], [ 73.1632938, 28.1719731, 0.0 ], [ 73.163299, 28.1716699, 0.0 ] ], [ [ 73.1633709, 28.1707395, 0.0 ], [ 73.1633941, 28.1707398, 0.0 ], [ 73.1633889, 28.171043, 0.0 ], [ 73.1633658, 28.1710427, 0.0 ], [ 73.1633709, 28.1707395, 0.0 ] ], [ [ 73.1633149, 28.1707387, 0.0 ], [ 73.1633381, 28.170739, 0.0 ], [ 73.1633329, 28.1710423, 0.0 ], [ 73.1633098, 28.171042, 0.0 ], [ 73.1633149, 28.1707387, 0.0 ] ], [ [ 73.1633656, 28.1710511, 0.0 ], [ 73.1633887, 28.1710515, 0.0 ], [ 73.1633836, 28.1713547, 0.0 ], [ 73.1633604, 28.1713544, 0.0 ], [ 73.1633656, 28.1710511, 0.0 ] ], [ [ 73.1633096, 28.1710504, 0.0 ], [ 73.1633327, 28.1710507, 0.0 ], [ 73.1633276, 28.171354, 0.0 ], [ 73.1633044, 28.1713537, 0.0 ], [ 73.1633096, 28.1710504, 0.0 ] ], [ [ 73.1633815, 28.17012, 0.0 ], [ 73.1634046, 28.1701203, 0.0 ], [ 73.1633995, 28.1704236, 0.0 ], [ 73.1633763, 28.1704233, 0.0 ], [ 73.1633815, 28.17012, 0.0 ] ], [ [ 73.1633255, 28.1701192, 0.0 ], [ 73.1633486, 28.1701195, 0.0 ], [ 73.1633435, 28.1704228, 0.0 ], [ 73.1633203, 28.1704225, 0.0 ], [ 73.1633255, 28.1701192, 0.0 ] ], [ [ 73.1633762, 28.1704317, 0.0 ], [ 73.1633993, 28.170432, 0.0 ], [ 73.1633941, 28.1707353, 0.0 ], [ 73.163371, 28.1707349, 0.0 ], [ 73.1633762, 28.1704317, 0.0 ] ], [ [ 73.1633202, 28.1704309, 0.0 ], [ 73.1633433, 28.1704312, 0.0 ], [ 73.1633381, 28.1707345, 0.0 ], [ 73.163315, 28.1707342, 0.0 ], [ 73.1633202, 28.1704309, 0.0 ] ], [ [ 73.1633921, 28.1695005, 0.0 ], [ 73.1634152, 28.1695008, 0.0 ], [ 73.16341, 28.1698041, 0.0 ], [ 73.1633869, 28.1698038, 0.0 ], [ 73.1633921, 28.1695005, 0.0 ] ], [ [ 73.1633361, 28.1694998, 0.0 ], [ 73.1633592, 28.1695001, 0.0 ], [ 73.1633541, 28.1698033, 0.0 ], [ 73.1633309, 28.169803, 0.0 ], [ 73.1633361, 28.1694998, 0.0 ] ], [ [ 73.1633868, 28.1698122, 0.0 ], [ 73.1634099, 28.1698125, 0.0 ], [ 73.1634047, 28.1701158, 0.0 ], [ 73.1633816, 28.1701155, 0.0 ], [ 73.1633868, 28.1698122, 0.0 ] ], [ [ 73.1633308, 28.1698115, 0.0 ], [ 73.1633539, 28.1698118, 0.0 ], [ 73.1633487, 28.170115, 0.0 ], [ 73.1633256, 28.1701147, 0.0 ], [ 73.1633308, 28.1698115, 0.0 ] ], [ [ 73.1632272, 28.1725964, 0.0 ], [ 73.1632503, 28.1725967, 0.0 ], [ 73.1632451, 28.1728999, 0.0 ], [ 73.163222, 28.1728996, 0.0 ], [ 73.1632272, 28.1725964, 0.0 ] ], [ [ 73.1631712, 28.1725956, 0.0 ], [ 73.1631943, 28.1725959, 0.0 ], [ 73.1631891, 28.1728992, 0.0 ], [ 73.163166, 28.1728989, 0.0 ], [ 73.1631712, 28.1725956, 0.0 ] ], [ [ 73.1632219, 28.172908, 0.0 ], [ 73.163245, 28.1729084, 0.0 ], [ 73.1632398, 28.1732116, 0.0 ], [ 73.1632167, 28.1732113, 0.0 ], [ 73.1632219, 28.172908, 0.0 ] ], [ [ 73.1631659, 28.1729073, 0.0 ], [ 73.163189, 28.1729076, 0.0 ], [ 73.1631838, 28.1732109, 0.0 ], [ 73.1631607, 28.1732106, 0.0 ], [ 73.1631659, 28.1729073, 0.0 ] ], [ [ 73.1632378, 28.1719769, 0.0 ], [ 73.1632609, 28.1719772, 0.0 ], [ 73.1632557, 28.1722805, 0.0 ], [ 73.1632326, 28.1722802, 0.0 ], [ 73.1632378, 28.1719769, 0.0 ] ], [ [ 73.1631818, 28.1719761, 0.0 ], [ 73.1632049, 28.1719765, 0.0 ], [ 73.1631997, 28.1722797, 0.0 ], [ 73.1631766, 28.1722794, 0.0 ], [ 73.1631818, 28.1719761, 0.0 ] ], [ [ 73.1632324, 28.1722886, 0.0 ], [ 73.1632556, 28.1722889, 0.0 ], [ 73.1632504, 28.1725922, 0.0 ], [ 73.1632273, 28.1725919, 0.0 ], [ 73.1632324, 28.1722886, 0.0 ] ], [ [ 73.1631764, 28.1722878, 0.0 ], [ 73.1631996, 28.1722881, 0.0 ], [ 73.1631944, 28.1725914, 0.0 ], [ 73.1631713, 28.1725911, 0.0 ], [ 73.1631764, 28.1722878, 0.0 ] ], [ [ 73.1632484, 28.1713574, 0.0 ], [ 73.1632715, 28.1713577, 0.0 ], [ 73.1632663, 28.171661, 0.0 ], [ 73.1632432, 28.1716607, 0.0 ], [ 73.1632484, 28.1713574, 0.0 ] ], [ [ 73.1631924, 28.1713567, 0.0 ], [ 73.1632155, 28.171357, 0.0 ], [ 73.1632103, 28.1716603, 0.0 ], [ 73.1631872, 28.1716599, 0.0 ], [ 73.1631924, 28.1713567, 0.0 ] ], [ [ 73.163243, 28.1716691, 0.0 ], [ 73.1632662, 28.1716694, 0.0 ], [ 73.163261, 28.1719727, 0.0 ], [ 73.1632378, 28.1719724, 0.0 ], [ 73.163243, 28.1716691, 0.0 ] ], [ [ 73.163187, 28.1716684, 0.0 ], [ 73.1632102, 28.1716687, 0.0 ], [ 73.163205, 28.1719719, 0.0 ], [ 73.1631818, 28.1719716, 0.0 ], [ 73.163187, 28.1716684, 0.0 ] ], [ [ 73.1632589, 28.170738, 0.0 ], [ 73.1632821, 28.1707383, 0.0 ], [ 73.1632769, 28.1710415, 0.0 ], [ 73.1632538, 28.1710412, 0.0 ], [ 73.1632589, 28.170738, 0.0 ] ], [ [ 73.1632029, 28.1707372, 0.0 ], [ 73.1632261, 28.1707375, 0.0 ], [ 73.1632209, 28.1710408, 0.0 ], [ 73.1631978, 28.1710405, 0.0 ], [ 73.1632029, 28.1707372, 0.0 ] ], [ [ 73.1632536, 28.1710496, 0.0 ], [ 73.1632767, 28.17105, 0.0 ], [ 73.1632716, 28.1713532, 0.0 ], [ 73.1632484, 28.1713529, 0.0 ], [ 73.1632536, 28.1710496, 0.0 ] ], [ [ 73.1631976, 28.1710489, 0.0 ], [ 73.1632207, 28.1710492, 0.0 ], [ 73.1632156, 28.1713525, 0.0 ], [ 73.1631924, 28.1713522, 0.0 ], [ 73.1631976, 28.1710489, 0.0 ] ], [ [ 73.1632695, 28.1701185, 0.0 ], [ 73.1632927, 28.1701188, 0.0 ], [ 73.1632875, 28.1704221, 0.0 ], [ 73.1632643, 28.1704218, 0.0 ], [ 73.1632695, 28.1701185, 0.0 ] ], [ [ 73.1632135, 28.1701177, 0.0 ], [ 73.1632367, 28.170118, 0.0 ], [ 73.1632315, 28.1704213, 0.0 ], [ 73.1632083, 28.170421, 0.0 ], [ 73.1632135, 28.1701177, 0.0 ] ], [ [ 73.1632642, 28.1704302, 0.0 ], [ 73.1632873, 28.1704305, 0.0 ], [ 73.1632821, 28.1707338, 0.0 ], [ 73.163259, 28.1707334, 0.0 ], [ 73.1632642, 28.1704302, 0.0 ] ], [ [ 73.1632082, 28.1704294, 0.0 ], [ 73.1632313, 28.1704297, 0.0 ], [ 73.1632261, 28.170733, 0.0 ], [ 73.163203, 28.1707327, 0.0 ], [ 73.1632082, 28.1704294, 0.0 ] ], [ [ 73.1632801, 28.169499, 0.0 ], [ 73.1633032, 28.1694993, 0.0 ], [ 73.1632981, 28.1698026, 0.0 ], [ 73.1632749, 28.1698023, 0.0 ], [ 73.1632801, 28.169499, 0.0 ] ], [ [ 73.1632241, 28.1694983, 0.0 ], [ 73.1632472, 28.1694986, 0.0 ], [ 73.1632421, 28.1698018, 0.0 ], [ 73.1632189, 28.1698015, 0.0 ], [ 73.1632241, 28.1694983, 0.0 ] ], [ [ 73.1632748, 28.1698107, 0.0 ], [ 73.1632979, 28.169811, 0.0 ], [ 73.1632927, 28.1701143, 0.0 ], [ 73.1632696, 28.170114, 0.0 ], [ 73.1632748, 28.1698107, 0.0 ] ], [ [ 73.1632188, 28.1698099, 0.0 ], [ 73.1632419, 28.1698103, 0.0 ], [ 73.1632367, 28.1701135, 0.0 ], [ 73.1632136, 28.1701132, 0.0 ], [ 73.1632188, 28.1698099, 0.0 ] ], [ [ 73.1631152, 28.1725949, 0.0 ], [ 73.1631383, 28.1725952, 0.0 ], [ 73.1631331, 28.1728984, 0.0 ], [ 73.16311, 28.1728981, 0.0 ], [ 73.1631152, 28.1725949, 0.0 ] ], [ [ 73.1630592, 28.1725941, 0.0 ], [ 73.1630823, 28.1725944, 0.0 ], [ 73.1630771, 28.1728977, 0.0 ], [ 73.163054, 28.1728974, 0.0 ], [ 73.1630592, 28.1725941, 0.0 ] ], [ [ 73.1631099, 28.1729065, 0.0 ], [ 73.163133, 28.1729069, 0.0 ], [ 73.1631278, 28.1732101, 0.0 ], [ 73.1631047, 28.1732098, 0.0 ], [ 73.1631099, 28.1729065, 0.0 ] ], [ [ 73.1630539, 28.1729058, 0.0 ], [ 73.163077, 28.1729061, 0.0 ], [ 73.1630718, 28.1732094, 0.0 ], [ 73.1630487, 28.1732091, 0.0 ], [ 73.1630539, 28.1729058, 0.0 ] ], [ [ 73.1631258, 28.1719754, 0.0 ], [ 73.1631489, 28.1719757, 0.0 ], [ 73.1631437, 28.172279, 0.0 ], [ 73.1631206, 28.1722787, 0.0 ], [ 73.1631258, 28.1719754, 0.0 ] ], [ [ 73.1630698, 28.1719746, 0.0 ], [ 73.1630929, 28.1719749, 0.0 ], [ 73.1630877, 28.1722782, 0.0 ], [ 73.1630646, 28.1722779, 0.0 ], [ 73.1630698, 28.1719746, 0.0 ] ], [ [ 73.1631204, 28.1722871, 0.0 ], [ 73.1631436, 28.1722874, 0.0 ], [ 73.1631384, 28.1725907, 0.0 ], [ 73.1631153, 28.1725903, 0.0 ], [ 73.1631204, 28.1722871, 0.0 ] ], [ [ 73.1630644, 28.1722863, 0.0 ], [ 73.1630876, 28.1722866, 0.0 ], [ 73.1630824, 28.1725899, 0.0 ], [ 73.1630593, 28.1725896, 0.0 ], [ 73.1630644, 28.1722863, 0.0 ] ], [ [ 73.1631364, 28.1713559, 0.0 ], [ 73.1631595, 28.1713562, 0.0 ], [ 73.1631543, 28.1716595, 0.0 ], [ 73.1631312, 28.1716592, 0.0 ], [ 73.1631364, 28.1713559, 0.0 ] ], [ [ 73.1630804, 28.1713552, 0.0 ], [ 73.1631035, 28.1713555, 0.0 ], [ 73.1630983, 28.1716587, 0.0 ], [ 73.1630752, 28.1716584, 0.0 ], [ 73.1630804, 28.1713552, 0.0 ] ], [ [ 73.163131, 28.1716676, 0.0 ], [ 73.1631542, 28.1716679, 0.0 ], [ 73.163149, 28.1719712, 0.0 ], [ 73.1631258, 28.1719709, 0.0 ], [ 73.163131, 28.1716676, 0.0 ] ], [ [ 73.163075, 28.1716669, 0.0 ], [ 73.1630982, 28.1716672, 0.0 ], [ 73.163093, 28.1719704, 0.0 ], [ 73.1630699, 28.1719701, 0.0 ], [ 73.163075, 28.1716669, 0.0 ] ], [ [ 73.1631469, 28.1707364, 0.0 ], [ 73.1631701, 28.1707368, 0.0 ], [ 73.1631649, 28.17104, 0.0 ], [ 73.1631418, 28.1710397, 0.0 ], [ 73.1631469, 28.1707364, 0.0 ] ], [ [ 73.1630909, 28.1707357, 0.0 ], [ 73.1631141, 28.170736, 0.0 ], [ 73.1631089, 28.1710393, 0.0 ], [ 73.1630858, 28.171039, 0.0 ], [ 73.1630909, 28.1707357, 0.0 ] ], [ [ 73.1631416, 28.1710481, 0.0 ], [ 73.1631647, 28.1710484, 0.0 ], [ 73.1631596, 28.1713517, 0.0 ], [ 73.1631364, 28.1713514, 0.0 ], [ 73.1631416, 28.1710481, 0.0 ] ], [ [ 73.1630856, 28.1710474, 0.0 ], [ 73.1631087, 28.1710477, 0.0 ], [ 73.1631036, 28.171351, 0.0 ], [ 73.1630804, 28.1713507, 0.0 ], [ 73.1630856, 28.1710474, 0.0 ] ], [ [ 73.1631575, 28.170117, 0.0 ], [ 73.1631807, 28.1701173, 0.0 ], [ 73.1631755, 28.1704206, 0.0 ], [ 73.1631523, 28.1704202, 0.0 ], [ 73.1631575, 28.170117, 0.0 ] ], [ [ 73.1631015, 28.1701162, 0.0 ], [ 73.1631247, 28.1701165, 0.0 ], [ 73.1631195, 28.1704198, 0.0 ], [ 73.1630963, 28.1704195, 0.0 ], [ 73.1631015, 28.1701162, 0.0 ] ], [ [ 73.1631522, 28.1704287, 0.0 ], [ 73.1631753, 28.170429, 0.0 ], [ 73.1631702, 28.1707322, 0.0 ], [ 73.163147, 28.1707319, 0.0 ], [ 73.1631522, 28.1704287, 0.0 ] ], [ [ 73.1630962, 28.1704279, 0.0 ], [ 73.1631193, 28.1704282, 0.0 ], [ 73.1631142, 28.1707315, 0.0 ], [ 73.163091, 28.1707312, 0.0 ], [ 73.1630962, 28.1704279, 0.0 ] ], [ [ 73.1631681, 28.1694975, 0.0 ], [ 73.1631912, 28.1694978, 0.0 ], [ 73.1631861, 28.1698011, 0.0 ], [ 73.1631629, 28.1698008, 0.0 ], [ 73.1631681, 28.1694975, 0.0 ] ], [ [ 73.1631121, 28.1694968, 0.0 ], [ 73.1631352, 28.1694971, 0.0 ], [ 73.1631301, 28.1698003, 0.0 ], [ 73.1631069, 28.1698, 0.0 ], [ 73.1631121, 28.1694968, 0.0 ] ], [ [ 73.1631628, 28.1698092, 0.0 ], [ 73.1631859, 28.1698095, 0.0 ], [ 73.1631807, 28.1701128, 0.0 ], [ 73.1631576, 28.1701125, 0.0 ], [ 73.1631628, 28.1698092, 0.0 ] ], [ [ 73.1631068, 28.1698084, 0.0 ], [ 73.1631299, 28.1698088, 0.0 ], [ 73.1631247, 28.170112, 0.0 ], [ 73.1631016, 28.1701117, 0.0 ], [ 73.1631068, 28.1698084, 0.0 ] ], [ [ 73.1630032, 28.1725934, 0.0 ], [ 73.1630263, 28.1725937, 0.0 ], [ 73.1630211, 28.1728969, 0.0 ], [ 73.162998, 28.1728966, 0.0 ], [ 73.1630032, 28.1725934, 0.0 ] ], [ [ 73.1629472, 28.1725926, 0.0 ], [ 73.1629703, 28.1725929, 0.0 ], [ 73.1629651, 28.1728962, 0.0 ], [ 73.162942, 28.1728959, 0.0 ], [ 73.1629472, 28.1725926, 0.0 ] ], [ [ 73.1629979, 28.172905, 0.0 ], [ 73.163021, 28.1729054, 0.0 ], [ 73.1630158, 28.1732086, 0.0 ], [ 73.1629927, 28.1732083, 0.0 ], [ 73.1629979, 28.172905, 0.0 ] ], [ [ 73.1629419, 28.1729043, 0.0 ], [ 73.162965, 28.1729046, 0.0 ], [ 73.1629598, 28.1732079, 0.0 ], [ 73.1629367, 28.1732076, 0.0 ], [ 73.1629419, 28.1729043, 0.0 ] ], [ [ 73.1630138, 28.1719739, 0.0 ], [ 73.1630369, 28.1719742, 0.0 ], [ 73.1630317, 28.1722775, 0.0 ], [ 73.1630086, 28.1722772, 0.0 ], [ 73.1630138, 28.1719739, 0.0 ] ], [ [ 73.1629578, 28.1719731, 0.0 ], [ 73.1629809, 28.1719734, 0.0 ], [ 73.1629757, 28.1722767, 0.0 ], [ 73.1629526, 28.1722764, 0.0 ], [ 73.1629578, 28.1719731, 0.0 ] ], [ [ 73.1630084, 28.1722856, 0.0 ], [ 73.1630316, 28.1722859, 0.0 ], [ 73.1630264, 28.1725892, 0.0 ], [ 73.1630033, 28.1725888, 0.0 ], [ 73.1630084, 28.1722856, 0.0 ] ], [ [ 73.1629525, 28.1722848, 0.0 ], [ 73.1629756, 28.1722851, 0.0 ], [ 73.1629704, 28.1725884, 0.0 ], [ 73.1629473, 28.1725881, 0.0 ], [ 73.1629525, 28.1722848, 0.0 ] ], [ [ 73.1630244, 28.1713544, 0.0 ], [ 73.1630475, 28.1713547, 0.0 ], [ 73.1630423, 28.171658, 0.0 ], [ 73.1630192, 28.1716577, 0.0 ], [ 73.1630244, 28.1713544, 0.0 ] ], [ [ 73.1629684, 28.1713537, 0.0 ], [ 73.1629915, 28.171354, 0.0 ], [ 73.1629863, 28.1716572, 0.0 ], [ 73.1629632, 28.1716569, 0.0 ], [ 73.1629684, 28.1713537, 0.0 ] ], [ [ 73.163019, 28.1716661, 0.0 ], [ 73.1630422, 28.1716664, 0.0 ], [ 73.163037, 28.1719697, 0.0 ], [ 73.1630139, 28.1719694, 0.0 ], [ 73.163019, 28.1716661, 0.0 ] ], [ [ 73.162963, 28.1716654, 0.0 ], [ 73.1629862, 28.1716657, 0.0 ], [ 73.162981, 28.1719689, 0.0 ], [ 73.1629579, 28.1719686, 0.0 ], [ 73.162963, 28.1716654, 0.0 ] ], [ [ 73.1630349, 28.1707349, 0.0 ], [ 73.1630581, 28.1707353, 0.0 ], [ 73.1630529, 28.1710385, 0.0 ], [ 73.1630298, 28.1710382, 0.0 ], [ 73.1630349, 28.1707349, 0.0 ] ], [ [ 73.1629789, 28.1707342, 0.0 ], [ 73.1630021, 28.1707345, 0.0 ], [ 73.1629969, 28.1710378, 0.0 ], [ 73.1629738, 28.1710375, 0.0 ], [ 73.1629789, 28.1707342, 0.0 ] ], [ [ 73.1630296, 28.1710466, 0.0 ], [ 73.1630528, 28.1710469, 0.0 ], [ 73.1630476, 28.1713502, 0.0 ], [ 73.1630244, 28.1713499, 0.0 ], [ 73.1630296, 28.1710466, 0.0 ] ], [ [ 73.1629736, 28.1710459, 0.0 ], [ 73.1629968, 28.1710462, 0.0 ], [ 73.1629916, 28.1713495, 0.0 ], [ 73.1629684, 28.1713492, 0.0 ], [ 73.1629736, 28.1710459, 0.0 ] ], [ [ 73.1630455, 28.1701155, 0.0 ], [ 73.1630687, 28.1701158, 0.0 ], [ 73.1630635, 28.1704191, 0.0 ], [ 73.1630403, 28.1704187, 0.0 ], [ 73.1630455, 28.1701155, 0.0 ] ], [ [ 73.1629895, 28.1701147, 0.0 ], [ 73.1630127, 28.170115, 0.0 ], [ 73.1630075, 28.1704183, 0.0 ], [ 73.1629843, 28.170418, 0.0 ], [ 73.1629895, 28.1701147, 0.0 ] ], [ [ 73.1630402, 28.1704272, 0.0 ], [ 73.1630633, 28.1704275, 0.0 ], [ 73.1630582, 28.1707307, 0.0 ], [ 73.163035, 28.1707304, 0.0 ], [ 73.1630402, 28.1704272, 0.0 ] ], [ [ 73.1629842, 28.1704264, 0.0 ], [ 73.1630073, 28.1704267, 0.0 ], [ 73.1630022, 28.17073, 0.0 ], [ 73.162979, 28.1707297, 0.0 ], [ 73.1629842, 28.1704264, 0.0 ] ], [ [ 73.1630561, 28.169496, 0.0 ], [ 73.1630792, 28.1694963, 0.0 ], [ 73.1630741, 28.1697996, 0.0 ], [ 73.1630509, 28.1697993, 0.0 ], [ 73.1630561, 28.169496, 0.0 ] ], [ [ 73.1630001, 28.1694953, 0.0 ], [ 73.1630232, 28.1694956, 0.0 ], [ 73.1630181, 28.1697988, 0.0 ], [ 73.1629949, 28.1697985, 0.0 ], [ 73.1630001, 28.1694953, 0.0 ] ], [ [ 73.1630508, 28.1698077, 0.0 ], [ 73.1630739, 28.169808, 0.0 ], [ 73.1630687, 28.1701113, 0.0 ], [ 73.1630456, 28.170111, 0.0 ], [ 73.1630508, 28.1698077, 0.0 ] ], [ [ 73.1629948, 28.1698069, 0.0 ], [ 73.1630179, 28.1698073, 0.0 ], [ 73.1630127, 28.1701105, 0.0 ], [ 73.1629896, 28.1701102, 0.0 ], [ 73.1629948, 28.1698069, 0.0 ] ], [ [ 73.1628912, 28.1725919, 0.0 ], [ 73.1629143, 28.1725922, 0.0 ], [ 73.1629091, 28.1728954, 0.0 ], [ 73.162886, 28.1728951, 0.0 ], [ 73.1628912, 28.1725919, 0.0 ] ], [ [ 73.1628352, 28.1725911, 0.0 ], [ 73.1628583, 28.1725914, 0.0 ], [ 73.1628531, 28.1728947, 0.0 ], [ 73.16283, 28.1728944, 0.0 ], [ 73.1628352, 28.1725911, 0.0 ] ], [ [ 73.1628859, 28.1729035, 0.0 ], [ 73.162909, 28.1729039, 0.0 ], [ 73.1629038, 28.1732071, 0.0 ], [ 73.1628807, 28.1732068, 0.0 ], [ 73.1628859, 28.1729035, 0.0 ] ], [ [ 73.1628299, 28.1729028, 0.0 ], [ 73.162853, 28.1729031, 0.0 ], [ 73.1628478, 28.1732064, 0.0 ], [ 73.1628247, 28.1732061, 0.0 ], [ 73.1628299, 28.1729028, 0.0 ] ], [ [ 73.1629018, 28.1719724, 0.0 ], [ 73.1629249, 28.1719727, 0.0 ], [ 73.1629197, 28.172276, 0.0 ], [ 73.1628966, 28.1722757, 0.0 ], [ 73.1629018, 28.1719724, 0.0 ] ], [ [ 73.1628458, 28.1719716, 0.0 ], [ 73.1628689, 28.1719719, 0.0 ], [ 73.1628637, 28.1722752, 0.0 ], [ 73.1628406, 28.1722749, 0.0 ], [ 73.1628458, 28.1719716, 0.0 ] ], [ [ 73.1628965, 28.1722841, 0.0 ], [ 73.1629196, 28.1722844, 0.0 ], [ 73.1629144, 28.1725877, 0.0 ], [ 73.1628913, 28.1725873, 0.0 ], [ 73.1628965, 28.1722841, 0.0 ] ], [ [ 73.1628405, 28.1722833, 0.0 ], [ 73.1628636, 28.1722836, 0.0 ], [ 73.1628584, 28.1725869, 0.0 ], [ 73.1628353, 28.1725866, 0.0 ], [ 73.1628405, 28.1722833, 0.0 ] ], [ [ 73.1629124, 28.1713529, 0.0 ], [ 73.1629355, 28.1713532, 0.0 ], [ 73.1629303, 28.1716565, 0.0 ], [ 73.1629072, 28.1716562, 0.0 ], [ 73.1629124, 28.1713529, 0.0 ] ], [ [ 73.1628564, 28.1713522, 0.0 ], [ 73.1628795, 28.1713525, 0.0 ], [ 73.1628743, 28.1716557, 0.0 ], [ 73.1628512, 28.1716554, 0.0 ], [ 73.1628564, 28.1713522, 0.0 ] ], [ [ 73.162907, 28.1716646, 0.0 ], [ 73.1629302, 28.1716649, 0.0 ], [ 73.162925, 28.1719682, 0.0 ], [ 73.1629019, 28.1719679, 0.0 ], [ 73.162907, 28.1716646, 0.0 ] ], [ [ 73.162851, 28.1716639, 0.0 ], [ 73.1628742, 28.1716642, 0.0 ], [ 73.162869, 28.1719674, 0.0 ], [ 73.1628459, 28.1719671, 0.0 ], [ 73.162851, 28.1716639, 0.0 ] ], [ [ 73.1629229, 28.1707334, 0.0 ], [ 73.1629461, 28.1707338, 0.0 ], [ 73.1629409, 28.171037, 0.0 ], [ 73.1629178, 28.1710367, 0.0 ], [ 73.1629229, 28.1707334, 0.0 ] ], [ [ 73.162867, 28.1707327, 0.0 ], [ 73.1628901, 28.170733, 0.0 ], [ 73.1628849, 28.1710363, 0.0 ], [ 73.1628618, 28.171036, 0.0 ], [ 73.162867, 28.1707327, 0.0 ] ], [ [ 73.1629176, 28.1710451, 0.0 ], [ 73.1629408, 28.1710454, 0.0 ], [ 73.1629356, 28.1713487, 0.0 ], [ 73.1629124, 28.1713484, 0.0 ], [ 73.1629176, 28.1710451, 0.0 ] ], [ [ 73.1628616, 28.1710444, 0.0 ], [ 73.1628848, 28.1710447, 0.0 ], [ 73.1628796, 28.171348, 0.0 ], [ 73.1628564, 28.1713477, 0.0 ], [ 73.1628616, 28.1710444, 0.0 ] ], [ [ 73.1629335, 28.170114, 0.0 ], [ 73.1629567, 28.1701143, 0.0 ], [ 73.1629515, 28.1704176, 0.0 ], [ 73.1629284, 28.1704172, 0.0 ], [ 73.1629335, 28.170114, 0.0 ] ], [ [ 73.1628775, 28.1701132, 0.0 ], [ 73.1629007, 28.1701135, 0.0 ], [ 73.1628955, 28.1704168, 0.0 ], [ 73.1628724, 28.1704165, 0.0 ], [ 73.1628775, 28.1701132, 0.0 ] ], [ [ 73.1629282, 28.1704257, 0.0 ], [ 73.1629513, 28.170426, 0.0 ], [ 73.1629462, 28.1707292, 0.0 ], [ 73.162923, 28.1707289, 0.0 ], [ 73.1629282, 28.1704257, 0.0 ] ], [ [ 73.1628722, 28.1704249, 0.0 ], [ 73.1628953, 28.1704252, 0.0 ], [ 73.1628902, 28.1707285, 0.0 ], [ 73.162867, 28.1707282, 0.0 ], [ 73.1628722, 28.1704249, 0.0 ] ], [ [ 73.1629441, 28.1694945, 0.0 ], [ 73.1629673, 28.1694948, 0.0 ], [ 73.1629621, 28.1697981, 0.0 ], [ 73.1629389, 28.1697978, 0.0 ], [ 73.1629441, 28.1694945, 0.0 ] ], [ [ 73.1628881, 28.1694938, 0.0 ], [ 73.1629113, 28.1694941, 0.0 ], [ 73.1629061, 28.1697973, 0.0 ], [ 73.1628829, 28.169797, 0.0 ], [ 73.1628881, 28.1694938, 0.0 ] ], [ [ 73.1629388, 28.1698062, 0.0 ], [ 73.1629619, 28.1698065, 0.0 ], [ 73.1629567, 28.1701098, 0.0 ], [ 73.1629336, 28.1701095, 0.0 ], [ 73.1629388, 28.1698062, 0.0 ] ], [ [ 73.1628828, 28.1698054, 0.0 ], [ 73.1629059, 28.1698058, 0.0 ], [ 73.1629007, 28.170109, 0.0 ], [ 73.1628776, 28.1701087, 0.0 ], [ 73.1628828, 28.1698054, 0.0 ] ], [ [ 73.1630394, 28.1639193, 0.0 ], [ 73.1630625, 28.1639196, 0.0 ], [ 73.1630573, 28.1642229, 0.0 ], [ 73.1630342, 28.1642225, 0.0 ], [ 73.1630394, 28.1639193, 0.0 ] ], [ [ 73.1629834, 28.1639185, 0.0 ], [ 73.1630065, 28.1639188, 0.0 ], [ 73.1630013, 28.1642221, 0.0 ], [ 73.1629782, 28.1642218, 0.0 ], [ 73.1629834, 28.1639185, 0.0 ] ], [ [ 73.163034, 28.164231, 0.0 ], [ 73.1630572, 28.1642313, 0.0 ], [ 73.163052, 28.1645345, 0.0 ], [ 73.1630289, 28.1645342, 0.0 ], [ 73.163034, 28.164231, 0.0 ] ], [ [ 73.162978, 28.1642302, 0.0 ], [ 73.1630012, 28.1642305, 0.0 ], [ 73.162996, 28.1645338, 0.0 ], [ 73.1629729, 28.1645335, 0.0 ], [ 73.162978, 28.1642302, 0.0 ] ], [ [ 73.1629274, 28.1639178, 0.0 ], [ 73.1629505, 28.1639181, 0.0 ], [ 73.1629453, 28.1642213, 0.0 ], [ 73.1629222, 28.164221, 0.0 ], [ 73.1629274, 28.1639178, 0.0 ] ], [ [ 73.1628714, 28.163917, 0.0 ], [ 73.1628945, 28.1639173, 0.0 ], [ 73.1628893, 28.1642206, 0.0 ], [ 73.1628662, 28.1642203, 0.0 ], [ 73.1628714, 28.163917, 0.0 ] ], [ [ 73.1629221, 28.1642295, 0.0 ], [ 73.1629452, 28.1642298, 0.0 ], [ 73.16294, 28.164533, 0.0 ], [ 73.1629169, 28.1645327, 0.0 ], [ 73.1629221, 28.1642295, 0.0 ] ], [ [ 73.1628661, 28.1642287, 0.0 ], [ 73.1628892, 28.164229, 0.0 ], [ 73.162884, 28.1645323, 0.0 ], [ 73.1628609, 28.164532, 0.0 ], [ 73.1628661, 28.1642287, 0.0 ] ], [ [ 73.1628154, 28.1639163, 0.0 ], [ 73.1628385, 28.1639166, 0.0 ], [ 73.1628333, 28.1642198, 0.0 ], [ 73.1628102, 28.1642195, 0.0 ], [ 73.1628154, 28.1639163, 0.0 ] ], [ [ 73.1627594, 28.1639155, 0.0 ], [ 73.1627825, 28.1639158, 0.0 ], [ 73.1627773, 28.1642191, 0.0 ], [ 73.1627542, 28.1642188, 0.0 ], [ 73.1627594, 28.1639155, 0.0 ] ], [ [ 73.1628101, 28.164228, 0.0 ], [ 73.1628332, 28.1642283, 0.0 ], [ 73.162828, 28.1645315, 0.0 ], [ 73.1628049, 28.1645312, 0.0 ], [ 73.1628101, 28.164228, 0.0 ] ], [ [ 73.1627541, 28.1642272, 0.0 ], [ 73.1627772, 28.1642275, 0.0 ], [ 73.162772, 28.1645308, 0.0 ], [ 73.1627489, 28.1645305, 0.0 ], [ 73.1627541, 28.1642272, 0.0 ] ], [ [ 73.1627034, 28.1639148, 0.0 ], [ 73.1627265, 28.1639151, 0.0 ], [ 73.1627213, 28.1642183, 0.0 ], [ 73.1626982, 28.164218, 0.0 ], [ 73.1627034, 28.1639148, 0.0 ] ], [ [ 73.1626474, 28.163914, 0.0 ], [ 73.1626705, 28.1639143, 0.0 ], [ 73.1626654, 28.1642176, 0.0 ], [ 73.1626422, 28.1642173, 0.0 ], [ 73.1626474, 28.163914, 0.0 ] ], [ [ 73.1626981, 28.1642265, 0.0 ], [ 73.1627212, 28.1642268, 0.0 ], [ 73.162716, 28.16453, 0.0 ], [ 73.1626929, 28.1645297, 0.0 ], [ 73.1626981, 28.1642265, 0.0 ] ], [ [ 73.1626421, 28.1642257, 0.0 ], [ 73.1626652, 28.164226, 0.0 ], [ 73.16266, 28.1645293, 0.0 ], [ 73.1626369, 28.164529, 0.0 ], [ 73.1626421, 28.1642257, 0.0 ] ], [ [ 73.1625914, 28.1639133, 0.0 ], [ 73.1626145, 28.1639136, 0.0 ], [ 73.1626094, 28.1642168, 0.0 ], [ 73.1625862, 28.1642165, 0.0 ], [ 73.1625914, 28.1639133, 0.0 ] ], [ [ 73.1625354, 28.1639125, 0.0 ], [ 73.1625585, 28.1639128, 0.0 ], [ 73.1625534, 28.1642161, 0.0 ], [ 73.1625302, 28.1642158, 0.0 ], [ 73.1625354, 28.1639125, 0.0 ] ], [ [ 73.1625861, 28.1642249, 0.0 ], [ 73.1626092, 28.1642253, 0.0 ], [ 73.162604, 28.1645285, 0.0 ], [ 73.1625809, 28.1645282, 0.0 ], [ 73.1625861, 28.1642249, 0.0 ] ], [ [ 73.1625301, 28.1642242, 0.0 ], [ 73.1625532, 28.1642245, 0.0 ], [ 73.162548, 28.1645278, 0.0 ], [ 73.1625249, 28.1645275, 0.0 ], [ 73.1625301, 28.1642242, 0.0 ] ], [ [ 73.1624794, 28.1639118, 0.0 ], [ 73.1625026, 28.1639121, 0.0 ], [ 73.1624974, 28.1642153, 0.0 ], [ 73.1624742, 28.164215, 0.0 ], [ 73.1624794, 28.1639118, 0.0 ] ], [ [ 73.1624234, 28.163911, 0.0 ], [ 73.1624466, 28.1639113, 0.0 ], [ 73.1624414, 28.1642146, 0.0 ], [ 73.1624182, 28.1642143, 0.0 ], [ 73.1624234, 28.163911, 0.0 ] ], [ [ 73.1624741, 28.1642234, 0.0 ], [ 73.1624972, 28.1642238, 0.0 ], [ 73.162492, 28.164527, 0.0 ], [ 73.1624689, 28.1645267, 0.0 ], [ 73.1624741, 28.1642234, 0.0 ] ], [ [ 73.1624181, 28.1642227, 0.0 ], [ 73.1624412, 28.164223, 0.0 ], [ 73.162436, 28.1645263, 0.0 ], [ 73.1624129, 28.164526, 0.0 ], [ 73.1624181, 28.1642227, 0.0 ] ], [ [ 73.1623674, 28.1639103, 0.0 ], [ 73.1623906, 28.1639106, 0.0 ], [ 73.1623854, 28.1642138, 0.0 ], [ 73.1623622, 28.1642135, 0.0 ], [ 73.1623674, 28.1639103, 0.0 ] ], [ [ 73.1623114, 28.1639095, 0.0 ], [ 73.1623346, 28.1639098, 0.0 ], [ 73.1623294, 28.1642131, 0.0 ], [ 73.1623063, 28.1642128, 0.0 ], [ 73.1623114, 28.1639095, 0.0 ] ], [ [ 73.1623621, 28.1642219, 0.0 ], [ 73.1623852, 28.1642223, 0.0 ], [ 73.1623801, 28.1645255, 0.0 ], [ 73.1623569, 28.1645252, 0.0 ], [ 73.1623621, 28.1642219, 0.0 ] ], [ [ 73.1623061, 28.1642212, 0.0 ], [ 73.1623292, 28.1642215, 0.0 ], [ 73.1623241, 28.1645248, 0.0 ], [ 73.1623009, 28.1645245, 0.0 ], [ 73.1623061, 28.1642212, 0.0 ] ], [ [ 73.1622554, 28.1639088, 0.0 ], [ 73.1622786, 28.1639091, 0.0 ], [ 73.1622734, 28.1642123, 0.0 ], [ 73.1622503, 28.164212, 0.0 ], [ 73.1622554, 28.1639088, 0.0 ] ], [ [ 73.1621994, 28.163908, 0.0 ], [ 73.1622226, 28.1639083, 0.0 ], [ 73.1622174, 28.1642116, 0.0 ], [ 73.1621943, 28.1642113, 0.0 ], [ 73.1621994, 28.163908, 0.0 ] ], [ [ 73.1622501, 28.1642204, 0.0 ], [ 73.1622732, 28.1642208, 0.0 ], [ 73.1622681, 28.164524, 0.0 ], [ 73.1622449, 28.1645237, 0.0 ], [ 73.1622501, 28.1642204, 0.0 ] ], [ [ 73.1621941, 28.1642197, 0.0 ], [ 73.1622173, 28.16422, 0.0 ], [ 73.1622121, 28.1645233, 0.0 ], [ 73.1621889, 28.164523, 0.0 ], [ 73.1621941, 28.1642197, 0.0 ] ], [ [ 73.1639277, 28.1643731, 0.0 ], [ 73.1639509, 28.1643734, 0.0 ], [ 73.1639457, 28.1646767, 0.0 ], [ 73.1639226, 28.1646764, 0.0 ], [ 73.1639277, 28.1643731, 0.0 ] ], [ [ 73.1638717, 28.1643724, 0.0 ], [ 73.1638949, 28.1643727, 0.0 ], [ 73.1638897, 28.1646759, 0.0 ], [ 73.1638666, 28.1646756, 0.0 ], [ 73.1638717, 28.1643724, 0.0 ] ], [ [ 73.1639224, 28.1646848, 0.0 ], [ 73.1639455, 28.1646851, 0.0 ], [ 73.1639404, 28.1649884, 0.0 ], [ 73.1639172, 28.1649881, 0.0 ], [ 73.1639224, 28.1646848, 0.0 ] ], [ [ 73.1638664, 28.164684, 0.0 ], [ 73.1638895, 28.1646844, 0.0 ], [ 73.1638844, 28.1649876, 0.0 ], [ 73.1638612, 28.1649873, 0.0 ], [ 73.1638664, 28.164684, 0.0 ] ], [ [ 73.1638157, 28.1643716, 0.0 ], [ 73.1638389, 28.1643719, 0.0 ], [ 73.1638337, 28.1646752, 0.0 ], [ 73.1638106, 28.1646749, 0.0 ], [ 73.1638157, 28.1643716, 0.0 ] ], [ [ 73.1637597, 28.1643709, 0.0 ], [ 73.1637829, 28.1643712, 0.0 ], [ 73.1637777, 28.1646744, 0.0 ], [ 73.1637546, 28.1646741, 0.0 ], [ 73.1637597, 28.1643709, 0.0 ] ], [ [ 73.1638104, 28.1646833, 0.0 ], [ 73.1638336, 28.1646836, 0.0 ], [ 73.1638284, 28.1649869, 0.0 ], [ 73.1638052, 28.1649866, 0.0 ], [ 73.1638104, 28.1646833, 0.0 ] ], [ [ 73.1637544, 28.1646825, 0.0 ], [ 73.1637776, 28.1646828, 0.0 ], [ 73.1637724, 28.1649861, 0.0 ], [ 73.1637492, 28.1649858, 0.0 ], [ 73.1637544, 28.1646825, 0.0 ] ], [ [ 73.1637038, 28.1643701, 0.0 ], [ 73.1637269, 28.1643704, 0.0 ], [ 73.1637217, 28.1646737, 0.0 ], [ 73.1636986, 28.1646734, 0.0 ], [ 73.1637038, 28.1643701, 0.0 ] ], [ [ 73.1636478, 28.1643693, 0.0 ], [ 73.1636709, 28.1643697, 0.0 ], [ 73.1636657, 28.1646729, 0.0 ], [ 73.1636426, 28.1646726, 0.0 ], [ 73.1636478, 28.1643693, 0.0 ] ], [ [ 73.1636984, 28.1646818, 0.0 ], [ 73.1637216, 28.1646821, 0.0 ], [ 73.1637164, 28.1649854, 0.0 ], [ 73.1636933, 28.1649851, 0.0 ], [ 73.1636984, 28.1646818, 0.0 ] ], [ [ 73.1636424, 28.164681, 0.0 ], [ 73.1636656, 28.1646813, 0.0 ], [ 73.1636604, 28.1649846, 0.0 ], [ 73.1636373, 28.1649843, 0.0 ], [ 73.1636424, 28.164681, 0.0 ] ], [ [ 73.1635912, 28.1644002, 0.0 ], [ 73.1636144, 28.1644005, 0.0 ], [ 73.1636092, 28.1647038, 0.0 ], [ 73.163586, 28.1647034, 0.0 ], [ 73.1635912, 28.1644002, 0.0 ] ], [ [ 73.1635352, 28.1643994, 0.0 ], [ 73.1635584, 28.1643997, 0.0 ], [ 73.1635532, 28.164703, 0.0 ], [ 73.1635301, 28.1647027, 0.0 ], [ 73.1635352, 28.1643994, 0.0 ] ], [ [ 73.1635859, 28.1647119, 0.0 ], [ 73.163609, 28.1647122, 0.0 ], [ 73.1636039, 28.1650154, 0.0 ], [ 73.1635807, 28.1650151, 0.0 ], [ 73.1635859, 28.1647119, 0.0 ] ], [ [ 73.1635299, 28.1647111, 0.0 ], [ 73.163553, 28.1647114, 0.0 ], [ 73.1635479, 28.1650147, 0.0 ], [ 73.1635247, 28.1650144, 0.0 ], [ 73.1635299, 28.1647111, 0.0 ] ], [ [ 73.1634792, 28.1643987, 0.0 ], [ 73.1635024, 28.164399, 0.0 ], [ 73.1634972, 28.1647023, 0.0 ], [ 73.1634741, 28.1647019, 0.0 ], [ 73.1634792, 28.1643987, 0.0 ] ], [ [ 73.1634232, 28.1643979, 0.0 ], [ 73.1634464, 28.1643982, 0.0 ], [ 73.1634412, 28.1647015, 0.0 ], [ 73.1634181, 28.1647012, 0.0 ], [ 73.1634232, 28.1643979, 0.0 ] ], [ [ 73.1634739, 28.1647104, 0.0 ], [ 73.163497, 28.1647107, 0.0 ], [ 73.1634919, 28.1650139, 0.0 ], [ 73.1634687, 28.1650136, 0.0 ], [ 73.1634739, 28.1647104, 0.0 ] ], [ [ 73.1634179, 28.1647096, 0.0 ], [ 73.163441, 28.1647099, 0.0 ], [ 73.1634359, 28.1650132, 0.0 ], [ 73.1634127, 28.1650129, 0.0 ], [ 73.1634179, 28.1647096, 0.0 ] ], [ [ 73.1633672, 28.1643972, 0.0 ], [ 73.1633904, 28.1643975, 0.0 ], [ 73.1633852, 28.1647008, 0.0 ], [ 73.1633621, 28.1647004, 0.0 ], [ 73.1633672, 28.1643972, 0.0 ] ], [ [ 73.1633113, 28.1643964, 0.0 ], [ 73.1633344, 28.1643967, 0.0 ], [ 73.1633292, 28.1647, 0.0 ], [ 73.1633061, 28.1646997, 0.0 ], [ 73.1633113, 28.1643964, 0.0 ] ], [ [ 73.1633619, 28.1647089, 0.0 ], [ 73.1633851, 28.1647092, 0.0 ], [ 73.1633799, 28.1650124, 0.0 ], [ 73.1633567, 28.1650121, 0.0 ], [ 73.1633619, 28.1647089, 0.0 ] ], [ [ 73.1633059, 28.1647081, 0.0 ], [ 73.1633291, 28.1647084, 0.0 ], [ 73.1633239, 28.1650117, 0.0 ], [ 73.1633007, 28.1650114, 0.0 ], [ 73.1633059, 28.1647081, 0.0 ] ], [ [ 73.1632553, 28.1643957, 0.0 ], [ 73.1632784, 28.164396, 0.0 ], [ 73.1632732, 28.1646993, 0.0 ], [ 73.1632501, 28.1646989, 0.0 ], [ 73.1632553, 28.1643957, 0.0 ] ], [ [ 73.1631993, 28.1643949, 0.0 ], [ 73.1632224, 28.1643952, 0.0 ], [ 73.1632172, 28.1646985, 0.0 ], [ 73.1631941, 28.1646982, 0.0 ], [ 73.1631993, 28.1643949, 0.0 ] ], [ [ 73.1632499, 28.1647074, 0.0 ], [ 73.1632731, 28.1647077, 0.0 ], [ 73.1632679, 28.1650109, 0.0 ], [ 73.1632448, 28.1650106, 0.0 ], [ 73.1632499, 28.1647074, 0.0 ] ], [ [ 73.1631939, 28.1647066, 0.0 ], [ 73.1632171, 28.1647069, 0.0 ], [ 73.1632119, 28.1650102, 0.0 ], [ 73.1631888, 28.1650099, 0.0 ], [ 73.1631939, 28.1647066, 0.0 ] ], [ [ 73.1631408, 28.1645402, 0.0 ], [ 73.1631639, 28.1645406, 0.0 ], [ 73.1631587, 28.1648438, 0.0 ], [ 73.1631356, 28.1648435, 0.0 ], [ 73.1631408, 28.1645402, 0.0 ] ], [ [ 73.1630848, 28.1645395, 0.0 ], [ 73.1631079, 28.1645398, 0.0 ], [ 73.1631027, 28.1648431, 0.0 ], [ 73.1630796, 28.1648428, 0.0 ], [ 73.1630848, 28.1645395, 0.0 ] ], [ [ 73.1631354, 28.1648519, 0.0 ], [ 73.1631586, 28.1648522, 0.0 ], [ 73.1631534, 28.1651555, 0.0 ], [ 73.1631303, 28.1651552, 0.0 ], [ 73.1631354, 28.1648519, 0.0 ] ], [ [ 73.1630795, 28.1648512, 0.0 ], [ 73.1631026, 28.1648515, 0.0 ], [ 73.1630974, 28.1651548, 0.0 ], [ 73.1630743, 28.1651545, 0.0 ], [ 73.1630795, 28.1648512, 0.0 ] ], [ [ 73.1630288, 28.1645387, 0.0 ], [ 73.1630519, 28.1645391, 0.0 ], [ 73.1630467, 28.1648423, 0.0 ], [ 73.1630236, 28.164842, 0.0 ], [ 73.1630288, 28.1645387, 0.0 ] ], [ [ 73.1629728, 28.164538, 0.0 ], [ 73.1629959, 28.1645383, 0.0 ], [ 73.1629907, 28.1648416, 0.0 ], [ 73.1629676, 28.1648413, 0.0 ], [ 73.1629728, 28.164538, 0.0 ] ], [ [ 73.1630235, 28.1648504, 0.0 ], [ 73.1630466, 28.1648507, 0.0 ], [ 73.1630414, 28.165154, 0.0 ], [ 73.1630183, 28.1651537, 0.0 ], [ 73.1630235, 28.1648504, 0.0 ] ], [ [ 73.1629675, 28.1648497, 0.0 ], [ 73.1629906, 28.16485, 0.0 ], [ 73.1629854, 28.1651533, 0.0 ], [ 73.1629623, 28.1651529, 0.0 ], [ 73.1629675, 28.1648497, 0.0 ] ], [ [ 73.1629168, 28.1645372, 0.0 ], [ 73.1629399, 28.1645375, 0.0 ], [ 73.1629347, 28.1648408, 0.0 ], [ 73.1629116, 28.1648405, 0.0 ], [ 73.1629168, 28.1645372, 0.0 ] ], [ [ 73.1628608, 28.1645365, 0.0 ], [ 73.1628839, 28.1645368, 0.0 ], [ 73.1628787, 28.1648401, 0.0 ], [ 73.1628556, 28.1648398, 0.0 ], [ 73.1628608, 28.1645365, 0.0 ] ], [ [ 73.1629115, 28.1648489, 0.0 ], [ 73.1629346, 28.1648492, 0.0 ], [ 73.1629294, 28.1651525, 0.0 ], [ 73.1629063, 28.1651522, 0.0 ], [ 73.1629115, 28.1648489, 0.0 ] ], [ [ 73.1628555, 28.1648482, 0.0 ], [ 73.1628786, 28.1648485, 0.0 ], [ 73.1628734, 28.1651518, 0.0 ], [ 73.1628503, 28.1651514, 0.0 ], [ 73.1628555, 28.1648482, 0.0 ] ], [ [ 73.1628048, 28.1645357, 0.0 ], [ 73.1628279, 28.164536, 0.0 ], [ 73.1628228, 28.1648393, 0.0 ], [ 73.1627996, 28.164839, 0.0 ], [ 73.1628048, 28.1645357, 0.0 ] ], [ [ 73.1627488, 28.164535, 0.0 ], [ 73.1627719, 28.1645353, 0.0 ], [ 73.1627668, 28.1648386, 0.0 ], [ 73.1627436, 28.1648383, 0.0 ], [ 73.1627488, 28.164535, 0.0 ] ], [ [ 73.1627995, 28.1648474, 0.0 ], [ 73.1628226, 28.1648477, 0.0 ], [ 73.1628174, 28.165151, 0.0 ], [ 73.1627943, 28.1651507, 0.0 ], [ 73.1627995, 28.1648474, 0.0 ] ], [ [ 73.1627435, 28.1648467, 0.0 ], [ 73.1627666, 28.164847, 0.0 ], [ 73.1627614, 28.1651503, 0.0 ], [ 73.1627383, 28.1651499, 0.0 ], [ 73.1627435, 28.1648467, 0.0 ] ], [ [ 73.1626928, 28.1645342, 0.0 ], [ 73.1627159, 28.1645345, 0.0 ], [ 73.1627108, 28.1648378, 0.0 ], [ 73.1626876, 28.1648375, 0.0 ], [ 73.1626928, 28.1645342, 0.0 ] ], [ [ 73.1626368, 28.1645335, 0.0 ], [ 73.16266, 28.1645338, 0.0 ], [ 73.1626548, 28.1648371, 0.0 ], [ 73.1626316, 28.1648368, 0.0 ], [ 73.1626368, 28.1645335, 0.0 ] ], [ [ 73.1626875, 28.1648459, 0.0 ], [ 73.1627106, 28.1648462, 0.0 ], [ 73.1627054, 28.1651495, 0.0 ], [ 73.1626823, 28.1651492, 0.0 ], [ 73.1626875, 28.1648459, 0.0 ] ], [ [ 73.1626315, 28.1648452, 0.0 ], [ 73.1626546, 28.1648455, 0.0 ], [ 73.1626494, 28.1651488, 0.0 ], [ 73.1626263, 28.1651484, 0.0 ], [ 73.1626315, 28.1648452, 0.0 ] ], [ [ 73.1625808, 28.1645327, 0.0 ], [ 73.162604, 28.164533, 0.0 ], [ 73.1625988, 28.1648363, 0.0 ], [ 73.1625756, 28.164836, 0.0 ], [ 73.1625808, 28.1645327, 0.0 ] ], [ [ 73.1625248, 28.164532, 0.0 ], [ 73.162548, 28.1645323, 0.0 ], [ 73.1625428, 28.1648356, 0.0 ], [ 73.1625196, 28.1648352, 0.0 ], [ 73.1625248, 28.164532, 0.0 ] ], [ [ 73.1625755, 28.1648444, 0.0 ], [ 73.1625986, 28.1648447, 0.0 ], [ 73.1625934, 28.165148, 0.0 ], [ 73.1625703, 28.1651477, 0.0 ], [ 73.1625755, 28.1648444, 0.0 ] ], [ [ 73.1625195, 28.1648437, 0.0 ], [ 73.1625426, 28.164844, 0.0 ], [ 73.1625375, 28.1651472, 0.0 ], [ 73.1625143, 28.1651469, 0.0 ], [ 73.1625195, 28.1648437, 0.0 ] ], [ [ 73.1624688, 28.1645312, 0.0 ], [ 73.162492, 28.1645315, 0.0 ], [ 73.1624868, 28.1648348, 0.0 ], [ 73.1624637, 28.1648345, 0.0 ], [ 73.1624688, 28.1645312, 0.0 ] ], [ [ 73.1624128, 28.1645305, 0.0 ], [ 73.162436, 28.1645308, 0.0 ], [ 73.1624308, 28.1648341, 0.0 ], [ 73.1624077, 28.1648337, 0.0 ], [ 73.1624128, 28.1645305, 0.0 ] ], [ [ 73.1624635, 28.1648429, 0.0 ], [ 73.1624866, 28.1648432, 0.0 ], [ 73.1624815, 28.1651465, 0.0 ], [ 73.1624583, 28.1651462, 0.0 ], [ 73.1624635, 28.1648429, 0.0 ] ], [ [ 73.1624075, 28.1648422, 0.0 ], [ 73.1624306, 28.1648425, 0.0 ], [ 73.1624255, 28.1651457, 0.0 ], [ 73.1624023, 28.1651454, 0.0 ], [ 73.1624075, 28.1648422, 0.0 ] ], [ [ 73.1623568, 28.1645297, 0.0 ], [ 73.16238, 28.16453, 0.0 ], [ 73.1623748, 28.1648333, 0.0 ], [ 73.1623517, 28.164833, 0.0 ], [ 73.1623568, 28.1645297, 0.0 ] ], [ [ 73.1623009, 28.164529, 0.0 ], [ 73.162324, 28.1645293, 0.0 ], [ 73.1623188, 28.1648326, 0.0 ], [ 73.1622957, 28.1648322, 0.0 ], [ 73.1623009, 28.164529, 0.0 ] ], [ [ 73.1623515, 28.1648414, 0.0 ], [ 73.1623747, 28.1648417, 0.0 ], [ 73.1623695, 28.165145, 0.0 ], [ 73.1623463, 28.1651447, 0.0 ], [ 73.1623515, 28.1648414, 0.0 ] ], [ [ 73.1622955, 28.1648407, 0.0 ], [ 73.1623187, 28.164841, 0.0 ], [ 73.1623135, 28.1651442, 0.0 ], [ 73.1622903, 28.1651439, 0.0 ], [ 73.1622955, 28.1648407, 0.0 ] ], [ [ 73.1622449, 28.1645282, 0.0 ], [ 73.162268, 28.1645285, 0.0 ], [ 73.1622628, 28.1648318, 0.0 ], [ 73.1622397, 28.1648315, 0.0 ], [ 73.1622449, 28.1645282, 0.0 ] ], [ [ 73.1621889, 28.1645275, 0.0 ], [ 73.162212, 28.1645278, 0.0 ], [ 73.1622068, 28.1648311, 0.0 ], [ 73.1621837, 28.1648307, 0.0 ], [ 73.1621889, 28.1645275, 0.0 ] ], [ [ 73.1622395, 28.1648399, 0.0 ], [ 73.1622627, 28.1648402, 0.0 ], [ 73.1622575, 28.1651435, 0.0 ], [ 73.1622343, 28.1651432, 0.0 ], [ 73.1622395, 28.1648399, 0.0 ] ], [ [ 73.1621835, 28.1648392, 0.0 ], [ 73.1622067, 28.1648395, 0.0 ], [ 73.1622015, 28.1651427, 0.0 ], [ 73.1621784, 28.1651424, 0.0 ], [ 73.1621835, 28.1648392, 0.0 ] ], [ [ 73.1621329, 28.1645267, 0.0 ], [ 73.162156, 28.164527, 0.0 ], [ 73.1621508, 28.1648303, 0.0 ], [ 73.1621277, 28.16483, 0.0 ], [ 73.1621329, 28.1645267, 0.0 ] ], [ [ 73.1620769, 28.164526, 0.0 ], [ 73.1621, 28.1645263, 0.0 ], [ 73.1620948, 28.1648295, 0.0 ], [ 73.1620717, 28.1648292, 0.0 ], [ 73.1620769, 28.164526, 0.0 ] ], [ [ 73.1621275, 28.1648384, 0.0 ], [ 73.1621507, 28.1648387, 0.0 ], [ 73.1621455, 28.165142, 0.0 ], [ 73.1621224, 28.1651417, 0.0 ], [ 73.1621275, 28.1648384, 0.0 ] ], [ [ 73.1620715, 28.1648377, 0.0 ], [ 73.1620947, 28.164838, 0.0 ], [ 73.1620895, 28.1651412, 0.0 ], [ 73.1620664, 28.1651409, 0.0 ], [ 73.1620715, 28.1648377, 0.0 ] ], [ [ 73.1620209, 28.1645252, 0.0 ], [ 73.162044, 28.1645255, 0.0 ], [ 73.1620388, 28.1648288, 0.0 ], [ 73.1620157, 28.1648285, 0.0 ], [ 73.1620209, 28.1645252, 0.0 ] ], [ [ 73.1619649, 28.1645245, 0.0 ], [ 73.161988, 28.1645248, 0.0 ], [ 73.1619828, 28.164828, 0.0 ], [ 73.1619597, 28.1648277, 0.0 ], [ 73.1619649, 28.1645245, 0.0 ] ], [ [ 73.1620156, 28.1648369, 0.0 ], [ 73.1620387, 28.1648372, 0.0 ], [ 73.1620335, 28.1651405, 0.0 ], [ 73.1620104, 28.1651402, 0.0 ], [ 73.1620156, 28.1648369, 0.0 ] ], [ [ 73.1619596, 28.1648362, 0.0 ], [ 73.1619827, 28.1648365, 0.0 ], [ 73.1619775, 28.1651397, 0.0 ], [ 73.1619544, 28.1651394, 0.0 ], [ 73.1619596, 28.1648362, 0.0 ] ], [ [ 73.1619089, 28.1645237, 0.0 ], [ 73.161932, 28.164524, 0.0 ], [ 73.1619268, 28.1648273, 0.0 ], [ 73.1619037, 28.164827, 0.0 ], [ 73.1619089, 28.1645237, 0.0 ] ], [ [ 73.1618529, 28.164523, 0.0 ], [ 73.161876, 28.1645233, 0.0 ], [ 73.1618708, 28.1648265, 0.0 ], [ 73.1618477, 28.1648262, 0.0 ], [ 73.1618529, 28.164523, 0.0 ] ], [ [ 73.1619036, 28.1648354, 0.0 ], [ 73.1619267, 28.1648357, 0.0 ], [ 73.1619215, 28.165139, 0.0 ], [ 73.1618984, 28.1651387, 0.0 ], [ 73.1619036, 28.1648354, 0.0 ] ], [ [ 73.1618476, 28.1648346, 0.0 ], [ 73.1618707, 28.164835, 0.0 ], [ 73.1618655, 28.1651382, 0.0 ], [ 73.1618424, 28.1651379, 0.0 ], [ 73.1618476, 28.1648346, 0.0 ] ], [ [ 73.1636932, 28.1649896, 0.0 ], [ 73.1637163, 28.1649899, 0.0 ], [ 73.1637111, 28.1652932, 0.0 ], [ 73.163688, 28.1652928, 0.0 ], [ 73.1636932, 28.1649896, 0.0 ] ], [ [ 73.1636372, 28.1649888, 0.0 ], [ 73.1636603, 28.1649891, 0.0 ], [ 73.1636551, 28.1652924, 0.0 ], [ 73.163632, 28.1652921, 0.0 ], [ 73.1636372, 28.1649888, 0.0 ] ], [ [ 73.1636879, 28.1653013, 0.0 ], [ 73.163711, 28.1653016, 0.0 ], [ 73.1637058, 28.1656048, 0.0 ], [ 73.1636827, 28.1656045, 0.0 ], [ 73.1636879, 28.1653013, 0.0 ] ], [ [ 73.1636319, 28.1653005, 0.0 ], [ 73.163655, 28.1653008, 0.0 ], [ 73.1636498, 28.1656041, 0.0 ], [ 73.1636267, 28.1656038, 0.0 ], [ 73.1636319, 28.1653005, 0.0 ] ], [ [ 73.1635806, 28.1650196, 0.0 ], [ 73.1636038, 28.16502, 0.0 ], [ 73.1635986, 28.1653232, 0.0 ], [ 73.1635755, 28.1653229, 0.0 ], [ 73.1635806, 28.1650196, 0.0 ] ], [ [ 73.1635247, 28.1650189, 0.0 ], [ 73.1635478, 28.1650192, 0.0 ], [ 73.1635426, 28.1653225, 0.0 ], [ 73.1635195, 28.1653222, 0.0 ], [ 73.1635247, 28.1650189, 0.0 ] ], [ [ 73.1635753, 28.1653313, 0.0 ], [ 73.1635985, 28.1653316, 0.0 ], [ 73.1635933, 28.1656349, 0.0 ], [ 73.1635701, 28.1656346, 0.0 ], [ 73.1635753, 28.1653313, 0.0 ] ], [ [ 73.1635193, 28.1653306, 0.0 ], [ 73.1635425, 28.1653309, 0.0 ], [ 73.1635373, 28.1656342, 0.0 ], [ 73.1635142, 28.1656339, 0.0 ], [ 73.1635193, 28.1653306, 0.0 ] ], [ [ 73.1634687, 28.1650181, 0.0 ], [ 73.1634918, 28.1650185, 0.0 ], [ 73.1634866, 28.1653217, 0.0 ], [ 73.1634635, 28.1653214, 0.0 ], [ 73.1634687, 28.1650181, 0.0 ] ], [ [ 73.1634127, 28.1650174, 0.0 ], [ 73.1634358, 28.1650177, 0.0 ], [ 73.1634306, 28.165321, 0.0 ], [ 73.1634075, 28.1653207, 0.0 ], [ 73.1634127, 28.1650174, 0.0 ] ], [ [ 73.1634633, 28.1653298, 0.0 ], [ 73.1634865, 28.1653301, 0.0 ], [ 73.1634813, 28.1656334, 0.0 ], [ 73.1634582, 28.1656331, 0.0 ], [ 73.1634633, 28.1653298, 0.0 ] ], [ [ 73.1634073, 28.1653291, 0.0 ], [ 73.1634305, 28.1653294, 0.0 ], [ 73.1634253, 28.1656327, 0.0 ], [ 73.1634022, 28.1656324, 0.0 ], [ 73.1634073, 28.1653291, 0.0 ] ], [ [ 73.1633567, 28.1650166, 0.0 ], [ 73.1633798, 28.165017, 0.0 ], [ 73.1633746, 28.1653202, 0.0 ], [ 73.1633515, 28.1653199, 0.0 ], [ 73.1633567, 28.1650166, 0.0 ] ], [ [ 73.1633007, 28.1650159, 0.0 ], [ 73.1633238, 28.1650162, 0.0 ], [ 73.1633186, 28.1653195, 0.0 ], [ 73.1632955, 28.1653192, 0.0 ], [ 73.1633007, 28.1650159, 0.0 ] ], [ [ 73.1633513, 28.1653283, 0.0 ], [ 73.1633745, 28.1653286, 0.0 ], [ 73.1633693, 28.1656319, 0.0 ], [ 73.1633462, 28.1656316, 0.0 ], [ 73.1633513, 28.1653283, 0.0 ] ], [ [ 73.1632953, 28.1653276, 0.0 ], [ 73.1633185, 28.1653279, 0.0 ], [ 73.1633133, 28.1656312, 0.0 ], [ 73.1632902, 28.1656309, 0.0 ], [ 73.1632953, 28.1653276, 0.0 ] ], [ [ 73.1632447, 28.1650151, 0.0 ], [ 73.1632678, 28.1650155, 0.0 ], [ 73.1632626, 28.1653187, 0.0 ], [ 73.1632395, 28.1653184, 0.0 ], [ 73.1632447, 28.1650151, 0.0 ] ], [ [ 73.1631887, 28.1650144, 0.0 ], [ 73.1632118, 28.1650147, 0.0 ], [ 73.1632066, 28.165318, 0.0 ], [ 73.1631835, 28.1653177, 0.0 ], [ 73.1631887, 28.1650144, 0.0 ] ], [ [ 73.1632394, 28.1653268, 0.0 ], [ 73.1632625, 28.1653271, 0.0 ], [ 73.1632573, 28.1656304, 0.0 ], [ 73.1632342, 28.1656301, 0.0 ], [ 73.1632394, 28.1653268, 0.0 ] ], [ [ 73.1631834, 28.1653261, 0.0 ], [ 73.1632065, 28.1653264, 0.0 ], [ 73.1632013, 28.1656297, 0.0 ], [ 73.1631782, 28.1656293, 0.0 ], [ 73.1631834, 28.1653261, 0.0 ] ], [ [ 73.1631302, 28.1651597, 0.0 ], [ 73.1631533, 28.16516, 0.0 ], [ 73.1631481, 28.1654633, 0.0 ], [ 73.163125, 28.165463, 0.0 ], [ 73.1631302, 28.1651597, 0.0 ] ], [ [ 73.1630742, 28.165159, 0.0 ], [ 73.1630973, 28.1651593, 0.0 ], [ 73.1630921, 28.1654625, 0.0 ], [ 73.163069, 28.1654622, 0.0 ], [ 73.1630742, 28.165159, 0.0 ] ], [ [ 73.1631249, 28.1654714, 0.0 ], [ 73.163148, 28.1654717, 0.0 ], [ 73.1631428, 28.165775, 0.0 ], [ 73.1631197, 28.1657747, 0.0 ], [ 73.1631249, 28.1654714, 0.0 ] ], [ [ 73.1630689, 28.1654707, 0.0 ], [ 73.163092, 28.165471, 0.0 ], [ 73.1630868, 28.1657742, 0.0 ], [ 73.1630637, 28.1657739, 0.0 ], [ 73.1630689, 28.1654707, 0.0 ] ], [ [ 73.1630182, 28.1651582, 0.0 ], [ 73.1630413, 28.1651585, 0.0 ], [ 73.1630362, 28.1654618, 0.0 ], [ 73.163013, 28.1654615, 0.0 ], [ 73.1630182, 28.1651582, 0.0 ] ], [ [ 73.1629622, 28.1651575, 0.0 ], [ 73.1629853, 28.1651578, 0.0 ], [ 73.1629802, 28.165461, 0.0 ], [ 73.162957, 28.1654607, 0.0 ], [ 73.1629622, 28.1651575, 0.0 ] ], [ [ 73.1630129, 28.1654699, 0.0 ], [ 73.163036, 28.1654702, 0.0 ], [ 73.1630308, 28.1657735, 0.0 ], [ 73.1630077, 28.1657732, 0.0 ], [ 73.1630129, 28.1654699, 0.0 ] ], [ [ 73.1629569, 28.1654691, 0.0 ], [ 73.16298, 28.1654695, 0.0 ], [ 73.1629748, 28.1657727, 0.0 ], [ 73.1629517, 28.1657724, 0.0 ], [ 73.1629569, 28.1654691, 0.0 ] ], [ [ 73.1629062, 28.1651567, 0.0 ], [ 73.1629293, 28.165157, 0.0 ], [ 73.1629242, 28.1654603, 0.0 ], [ 73.162901, 28.16546, 0.0 ], [ 73.1629062, 28.1651567, 0.0 ] ], [ [ 73.1628502, 28.165156, 0.0 ], [ 73.1628733, 28.1651563, 0.0 ], [ 73.1628682, 28.1654595, 0.0 ], [ 73.162845, 28.1654592, 0.0 ], [ 73.1628502, 28.165156, 0.0 ] ], [ [ 73.1629009, 28.1654684, 0.0 ], [ 73.162924, 28.1654687, 0.0 ], [ 73.1629188, 28.165772, 0.0 ], [ 73.1628957, 28.1657717, 0.0 ], [ 73.1629009, 28.1654684, 0.0 ] ], [ [ 73.1628449, 28.1654676, 0.0 ], [ 73.162868, 28.165468, 0.0 ], [ 73.1628628, 28.1657712, 0.0 ], [ 73.1628397, 28.1657709, 0.0 ], [ 73.1628449, 28.1654676, 0.0 ] ], [ [ 73.1627942, 28.1651552, 0.0 ], [ 73.1628174, 28.1651555, 0.0 ], [ 73.1628122, 28.1654588, 0.0 ], [ 73.162789, 28.1654585, 0.0 ], [ 73.1627942, 28.1651552, 0.0 ] ], [ [ 73.1627382, 28.1651545, 0.0 ], [ 73.1627614, 28.1651548, 0.0 ], [ 73.1627562, 28.165458, 0.0 ], [ 73.162733, 28.1654577, 0.0 ], [ 73.1627382, 28.1651545, 0.0 ] ], [ [ 73.1627889, 28.1654669, 0.0 ], [ 73.162812, 28.1654672, 0.0 ], [ 73.1628068, 28.1657705, 0.0 ], [ 73.1627837, 28.1657702, 0.0 ], [ 73.1627889, 28.1654669, 0.0 ] ], [ [ 73.1627329, 28.1654661, 0.0 ], [ 73.162756, 28.1654665, 0.0 ], [ 73.1627509, 28.1657697, 0.0 ], [ 73.1627277, 28.1657694, 0.0 ], [ 73.1627329, 28.1654661, 0.0 ] ], [ [ 73.1626822, 28.1651537, 0.0 ], [ 73.1627054, 28.165154, 0.0 ], [ 73.1627002, 28.1654573, 0.0 ], [ 73.162677, 28.165457, 0.0 ], [ 73.1626822, 28.1651537, 0.0 ] ], [ [ 73.1626262, 28.165153, 0.0 ], [ 73.1626494, 28.1651533, 0.0 ], [ 73.1626442, 28.1654565, 0.0 ], [ 73.1626211, 28.1654562, 0.0 ], [ 73.1626262, 28.165153, 0.0 ] ], [ [ 73.1626769, 28.1654654, 0.0 ], [ 73.1627, 28.1654657, 0.0 ], [ 73.1626949, 28.165769, 0.0 ], [ 73.1626717, 28.1657687, 0.0 ], [ 73.1626769, 28.1654654, 0.0 ] ], [ [ 73.1626209, 28.1654646, 0.0 ], [ 73.162644, 28.165465, 0.0 ], [ 73.1626389, 28.1657682, 0.0 ], [ 73.1626157, 28.1657679, 0.0 ], [ 73.1626209, 28.1654646, 0.0 ] ], [ [ 73.1625702, 28.1651522, 0.0 ], [ 73.1625934, 28.1651525, 0.0 ], [ 73.1625882, 28.1654558, 0.0 ], [ 73.1625651, 28.1654555, 0.0 ], [ 73.1625702, 28.1651522, 0.0 ] ], [ [ 73.1625142, 28.1651514, 0.0 ], [ 73.1625374, 28.1651518, 0.0 ], [ 73.1625322, 28.165455, 0.0 ], [ 73.1625091, 28.1654547, 0.0 ], [ 73.1625142, 28.1651514, 0.0 ] ], [ [ 73.1625649, 28.1654639, 0.0 ], [ 73.162588, 28.1654642, 0.0 ], [ 73.1625829, 28.1657675, 0.0 ], [ 73.1625597, 28.1657672, 0.0 ], [ 73.1625649, 28.1654639, 0.0 ] ], [ [ 73.1625089, 28.1654631, 0.0 ], [ 73.1625321, 28.1654634, 0.0 ], [ 73.1625269, 28.1657667, 0.0 ], [ 73.1625037, 28.1657664, 0.0 ], [ 73.1625089, 28.1654631, 0.0 ] ], [ [ 73.1624583, 28.1651507, 0.0 ], [ 73.1624814, 28.165151, 0.0 ], [ 73.1624762, 28.1654543, 0.0 ], [ 73.1624531, 28.165454, 0.0 ], [ 73.1624583, 28.1651507, 0.0 ] ], [ [ 73.1624023, 28.1651499, 0.0 ], [ 73.1624254, 28.1651503, 0.0 ], [ 73.1624202, 28.1654535, 0.0 ], [ 73.1623971, 28.1654532, 0.0 ], [ 73.1624023, 28.1651499, 0.0 ] ], [ [ 73.1624529, 28.1654624, 0.0 ], [ 73.1624761, 28.1654627, 0.0 ], [ 73.1624709, 28.165766, 0.0 ], [ 73.1624477, 28.1657657, 0.0 ], [ 73.1624529, 28.1654624, 0.0 ] ], [ [ 73.1623969, 28.1654616, 0.0 ], [ 73.1624201, 28.1654619, 0.0 ], [ 73.1624149, 28.1657652, 0.0 ], [ 73.1623917, 28.1657649, 0.0 ], [ 73.1623969, 28.1654616, 0.0 ] ], [ [ 73.1623463, 28.1651492, 0.0 ], [ 73.1623694, 28.1651495, 0.0 ], [ 73.1623642, 28.1654528, 0.0 ], [ 73.1623411, 28.1654525, 0.0 ], [ 73.1623463, 28.1651492, 0.0 ] ], [ [ 73.1622903, 28.1651484, 0.0 ], [ 73.1623134, 28.1651488, 0.0 ], [ 73.1623082, 28.165452, 0.0 ], [ 73.1622851, 28.1654517, 0.0 ], [ 73.1622903, 28.1651484, 0.0 ] ], [ [ 73.1623409, 28.1654609, 0.0 ], [ 73.1623641, 28.1654612, 0.0 ], [ 73.1623589, 28.1657645, 0.0 ], [ 73.1623358, 28.1657642, 0.0 ], [ 73.1623409, 28.1654609, 0.0 ] ], [ [ 73.1622849, 28.1654601, 0.0 ], [ 73.1623081, 28.1654604, 0.0 ], [ 73.1623029, 28.1657637, 0.0 ], [ 73.1622798, 28.1657634, 0.0 ], [ 73.1622849, 28.1654601, 0.0 ] ], [ [ 73.1622343, 28.1651477, 0.0 ], [ 73.1622574, 28.165148, 0.0 ], [ 73.1622522, 28.1654513, 0.0 ], [ 73.1622291, 28.165451, 0.0 ], [ 73.1622343, 28.1651477, 0.0 ] ], [ [ 73.1621783, 28.1651469, 0.0 ], [ 73.1622014, 28.1651473, 0.0 ], [ 73.1621962, 28.1654505, 0.0 ], [ 73.1621731, 28.1654502, 0.0 ], [ 73.1621783, 28.1651469, 0.0 ] ], [ [ 73.1622289, 28.1654594, 0.0 ], [ 73.1622521, 28.1654597, 0.0 ], [ 73.1622469, 28.165763, 0.0 ], [ 73.1622238, 28.1657627, 0.0 ], [ 73.1622289, 28.1654594, 0.0 ] ], [ [ 73.1621729, 28.1654586, 0.0 ], [ 73.1621961, 28.1654589, 0.0 ], [ 73.1621909, 28.1657622, 0.0 ], [ 73.1621678, 28.1657619, 0.0 ], [ 73.1621729, 28.1654586, 0.0 ] ], [ [ 73.1621223, 28.1651462, 0.0 ], [ 73.1621454, 28.1651465, 0.0 ], [ 73.1621402, 28.1654498, 0.0 ], [ 73.1621171, 28.1654495, 0.0 ], [ 73.1621223, 28.1651462, 0.0 ] ], [ [ 73.1620663, 28.1651454, 0.0 ], [ 73.1620894, 28.1651457, 0.0 ], [ 73.1620842, 28.165449, 0.0 ], [ 73.1620611, 28.1654487, 0.0 ], [ 73.1620663, 28.1651454, 0.0 ] ], [ [ 73.162117, 28.1654579, 0.0 ], [ 73.1621401, 28.1654582, 0.0 ], [ 73.1621349, 28.1657615, 0.0 ], [ 73.1621118, 28.1657611, 0.0 ], [ 73.162117, 28.1654579, 0.0 ] ], [ [ 73.162061, 28.1654571, 0.0 ], [ 73.1620841, 28.1654574, 0.0 ], [ 73.1620789, 28.1657607, 0.0 ], [ 73.1620558, 28.1657604, 0.0 ], [ 73.162061, 28.1654571, 0.0 ] ], [ [ 73.1620103, 28.1651447, 0.0 ], [ 73.1620334, 28.165145, 0.0 ], [ 73.1620282, 28.1654483, 0.0 ], [ 73.1620051, 28.165448, 0.0 ], [ 73.1620103, 28.1651447, 0.0 ] ], [ [ 73.1619543, 28.1651439, 0.0 ], [ 73.1619774, 28.1651442, 0.0 ], [ 73.1619722, 28.1654475, 0.0 ], [ 73.1619491, 28.1654472, 0.0 ], [ 73.1619543, 28.1651439, 0.0 ] ], [ [ 73.162005, 28.1654564, 0.0 ], [ 73.1620281, 28.1654567, 0.0 ], [ 73.1620229, 28.16576, 0.0 ], [ 73.1619998, 28.1657596, 0.0 ], [ 73.162005, 28.1654564, 0.0 ] ], [ [ 73.161949, 28.1654556, 0.0 ], [ 73.1619721, 28.1654559, 0.0 ], [ 73.1619669, 28.1657592, 0.0 ], [ 73.1619438, 28.1657589, 0.0 ], [ 73.161949, 28.1654556, 0.0 ] ], [ [ 73.1618983, 28.1651432, 0.0 ], [ 73.1619214, 28.1651435, 0.0 ], [ 73.1619162, 28.1654468, 0.0 ], [ 73.1618931, 28.1654465, 0.0 ], [ 73.1618983, 28.1651432, 0.0 ] ], [ [ 73.1618423, 28.1651424, 0.0 ], [ 73.1618654, 28.1651427, 0.0 ], [ 73.1618603, 28.165446, 0.0 ], [ 73.1618371, 28.1654457, 0.0 ], [ 73.1618423, 28.1651424, 0.0 ] ], [ [ 73.161893, 28.1654549, 0.0 ], [ 73.1619161, 28.1654552, 0.0 ], [ 73.1619109, 28.1657585, 0.0 ], [ 73.1618878, 28.1657581, 0.0 ], [ 73.161893, 28.1654549, 0.0 ] ], [ [ 73.161837, 28.1654541, 0.0 ], [ 73.1618601, 28.1654544, 0.0 ], [ 73.1618549, 28.1657577, 0.0 ], [ 73.1618318, 28.1657574, 0.0 ], [ 73.161837, 28.1654541, 0.0 ] ], [ [ 73.1617863, 28.1651417, 0.0 ], [ 73.1618094, 28.165142, 0.0 ], [ 73.1618043, 28.1654453, 0.0 ], [ 73.1617811, 28.1654449, 0.0 ], [ 73.1617863, 28.1651417, 0.0 ] ], [ [ 73.1617303, 28.1651409, 0.0 ], [ 73.1617534, 28.1651412, 0.0 ], [ 73.1617483, 28.1654445, 0.0 ], [ 73.1617251, 28.1654442, 0.0 ], [ 73.1617303, 28.1651409, 0.0 ] ], [ [ 73.161781, 28.1654534, 0.0 ], [ 73.1618041, 28.1654537, 0.0 ], [ 73.1617989, 28.1657569, 0.0 ], [ 73.1617758, 28.1657566, 0.0 ], [ 73.161781, 28.1654534, 0.0 ] ], [ [ 73.161725, 28.1654526, 0.0 ], [ 73.1617481, 28.1654529, 0.0 ], [ 73.1617429, 28.1657562, 0.0 ], [ 73.1617198, 28.1657559, 0.0 ], [ 73.161725, 28.1654526, 0.0 ] ], [ [ 73.1616743, 28.1651402, 0.0 ], [ 73.1616975, 28.1651405, 0.0 ], [ 73.1616923, 28.1654438, 0.0 ], [ 73.1616691, 28.1654434, 0.0 ], [ 73.1616743, 28.1651402, 0.0 ] ], [ [ 73.1616183, 28.1651394, 0.0 ], [ 73.1616415, 28.1651397, 0.0 ], [ 73.1616363, 28.165443, 0.0 ], [ 73.1616131, 28.1654427, 0.0 ], [ 73.1616183, 28.1651394, 0.0 ] ], [ [ 73.161669, 28.1654519, 0.0 ], [ 73.1616921, 28.1654522, 0.0 ], [ 73.1616869, 28.1657554, 0.0 ], [ 73.1616638, 28.1657551, 0.0 ], [ 73.161669, 28.1654519, 0.0 ] ], [ [ 73.161613, 28.1654511, 0.0 ], [ 73.1616361, 28.1654514, 0.0 ], [ 73.1616309, 28.1657547, 0.0 ], [ 73.1616078, 28.1657544, 0.0 ], [ 73.161613, 28.1654511, 0.0 ] ], [ [ 73.1615623, 28.1651387, 0.0 ], [ 73.1615855, 28.165139, 0.0 ], [ 73.1615803, 28.1654423, 0.0 ], [ 73.1615571, 28.1654419, 0.0 ], [ 73.1615623, 28.1651387, 0.0 ] ], [ [ 73.1615063, 28.1651379, 0.0 ], [ 73.1615295, 28.1651382, 0.0 ], [ 73.1615243, 28.1654415, 0.0 ], [ 73.1615012, 28.1654412, 0.0 ], [ 73.1615063, 28.1651379, 0.0 ] ], [ [ 73.161557, 28.1654504, 0.0 ], [ 73.1615801, 28.1654507, 0.0 ], [ 73.1615749, 28.1657539, 0.0 ], [ 73.1615518, 28.1657536, 0.0 ], [ 73.161557, 28.1654504, 0.0 ] ], [ [ 73.161501, 28.1654496, 0.0 ], [ 73.1615241, 28.1654499, 0.0 ], [ 73.161519, 28.1657532, 0.0 ], [ 73.1614958, 28.1657529, 0.0 ], [ 73.161501, 28.1654496, 0.0 ] ], [ [ 73.1614503, 28.1651372, 0.0 ], [ 73.1614735, 28.1651375, 0.0 ], [ 73.1614683, 28.1654407, 0.0 ], [ 73.1614452, 28.1654404, 0.0 ], [ 73.1614503, 28.1651372, 0.0 ] ], [ [ 73.1613943, 28.1651364, 0.0 ], [ 73.1614175, 28.1651367, 0.0 ], [ 73.1614123, 28.16544, 0.0 ], [ 73.1613892, 28.1654397, 0.0 ], [ 73.1613943, 28.1651364, 0.0 ] ], [ [ 73.161445, 28.1654489, 0.0 ], [ 73.1614681, 28.1654492, 0.0 ], [ 73.161463, 28.1657524, 0.0 ], [ 73.1614398, 28.1657521, 0.0 ], [ 73.161445, 28.1654489, 0.0 ] ], [ [ 73.161389, 28.1654481, 0.0 ], [ 73.1614121, 28.1654484, 0.0 ], [ 73.161407, 28.1657517, 0.0 ], [ 73.1613838, 28.1657514, 0.0 ], [ 73.161389, 28.1654481, 0.0 ] ], [ [ 73.1630076, 28.1657777, 0.0 ], [ 73.1630308, 28.165778, 0.0 ], [ 73.1630256, 28.1660813, 0.0 ], [ 73.1630024, 28.166081, 0.0 ], [ 73.1630076, 28.1657777, 0.0 ] ], [ [ 73.1629516, 28.1657769, 0.0 ], [ 73.1629748, 28.1657772, 0.0 ], [ 73.1629696, 28.1660805, 0.0 ], [ 73.1629464, 28.1660802, 0.0 ], [ 73.1629516, 28.1657769, 0.0 ] ], [ [ 73.1630023, 28.1660894, 0.0 ], [ 73.1630254, 28.1660897, 0.0 ], [ 73.1630202, 28.166393, 0.0 ], [ 73.1629971, 28.1663926, 0.0 ], [ 73.1630023, 28.1660894, 0.0 ] ], [ [ 73.1629463, 28.1660886, 0.0 ], [ 73.1629694, 28.1660889, 0.0 ], [ 73.1629642, 28.1663922, 0.0 ], [ 73.1629411, 28.1663919, 0.0 ], [ 73.1629463, 28.1660886, 0.0 ] ], [ [ 73.1628956, 28.1657762, 0.0 ], [ 73.1629188, 28.1657765, 0.0 ], [ 73.1629136, 28.1660798, 0.0 ], [ 73.1628904, 28.1660795, 0.0 ], [ 73.1628956, 28.1657762, 0.0 ] ], [ [ 73.1628396, 28.1657754, 0.0 ], [ 73.1628628, 28.1657757, 0.0 ], [ 73.1628576, 28.166079, 0.0 ], [ 73.1628345, 28.1660787, 0.0 ], [ 73.1628396, 28.1657754, 0.0 ] ], [ [ 73.1628903, 28.1660879, 0.0 ], [ 73.1629134, 28.1660882, 0.0 ], [ 73.1629083, 28.1663914, 0.0 ], [ 73.1628851, 28.1663911, 0.0 ], [ 73.1628903, 28.1660879, 0.0 ] ], [ [ 73.1628343, 28.1660871, 0.0 ], [ 73.1628574, 28.1660874, 0.0 ], [ 73.1628523, 28.1663907, 0.0 ], [ 73.1628291, 28.1663904, 0.0 ], [ 73.1628343, 28.1660871, 0.0 ] ], [ [ 73.1627836, 28.1657747, 0.0 ], [ 73.1628068, 28.165775, 0.0 ], [ 73.1628016, 28.1660783, 0.0 ], [ 73.1627785, 28.1660779, 0.0 ], [ 73.1627836, 28.1657747, 0.0 ] ], [ [ 73.1627276, 28.1657739, 0.0 ], [ 73.1627508, 28.1657742, 0.0 ], [ 73.1627456, 28.1660775, 0.0 ], [ 73.1627225, 28.1660772, 0.0 ], [ 73.1627276, 28.1657739, 0.0 ] ], [ [ 73.1627783, 28.1660864, 0.0 ], [ 73.1628014, 28.1660867, 0.0 ], [ 73.1627963, 28.1663899, 0.0 ], [ 73.1627731, 28.1663896, 0.0 ], [ 73.1627783, 28.1660864, 0.0 ] ], [ [ 73.1627223, 28.1660856, 0.0 ], [ 73.1627454, 28.1660859, 0.0 ], [ 73.1627403, 28.1663892, 0.0 ], [ 73.1627171, 28.1663889, 0.0 ], [ 73.1627223, 28.1660856, 0.0 ] ], [ [ 73.1626716, 28.1657732, 0.0 ], [ 73.1626948, 28.1657735, 0.0 ], [ 73.1626896, 28.1660768, 0.0 ], [ 73.1626665, 28.1660764, 0.0 ], [ 73.1626716, 28.1657732, 0.0 ] ], [ [ 73.1626157, 28.1657724, 0.0 ], [ 73.1626388, 28.1657727, 0.0 ], [ 73.1626336, 28.166076, 0.0 ], [ 73.1626105, 28.1660757, 0.0 ], [ 73.1626157, 28.1657724, 0.0 ] ], [ [ 73.1626663, 28.1660849, 0.0 ], [ 73.1626895, 28.1660852, 0.0 ], [ 73.1626843, 28.1663884, 0.0 ], [ 73.1626611, 28.1663881, 0.0 ], [ 73.1626663, 28.1660849, 0.0 ] ], [ [ 73.1626103, 28.1660841, 0.0 ], [ 73.1626335, 28.1660844, 0.0 ], [ 73.1626283, 28.1663877, 0.0 ], [ 73.1626051, 28.1663874, 0.0 ], [ 73.1626103, 28.1660841, 0.0 ] ], [ [ 73.1625597, 28.1657717, 0.0 ], [ 73.1625828, 28.165772, 0.0 ], [ 73.1625776, 28.1660753, 0.0 ], [ 73.1625545, 28.1660749, 0.0 ], [ 73.1625597, 28.1657717, 0.0 ] ], [ [ 73.1625037, 28.1657709, 0.0 ], [ 73.1625268, 28.1657712, 0.0 ], [ 73.1625216, 28.1660745, 0.0 ], [ 73.1624985, 28.1660742, 0.0 ], [ 73.1625037, 28.1657709, 0.0 ] ], [ [ 73.1625543, 28.1660834, 0.0 ], [ 73.1625775, 28.1660837, 0.0 ], [ 73.1625723, 28.1663869, 0.0 ], [ 73.1625491, 28.1663866, 0.0 ], [ 73.1625543, 28.1660834, 0.0 ] ], [ [ 73.1624983, 28.1660826, 0.0 ], [ 73.1625215, 28.1660829, 0.0 ], [ 73.1625163, 28.1663862, 0.0 ], [ 73.1624932, 28.1663859, 0.0 ], [ 73.1624983, 28.1660826, 0.0 ] ], [ [ 73.1624477, 28.1657702, 0.0 ], [ 73.1624708, 28.1657705, 0.0 ], [ 73.1624656, 28.1660737, 0.0 ], [ 73.1624425, 28.1660734, 0.0 ], [ 73.1624477, 28.1657702, 0.0 ] ], [ [ 73.1623917, 28.1657694, 0.0 ], [ 73.1624148, 28.1657697, 0.0 ], [ 73.1624096, 28.166073, 0.0 ], [ 73.1623865, 28.1660727, 0.0 ], [ 73.1623917, 28.1657694, 0.0 ] ], [ [ 73.1624423, 28.1660819, 0.0 ], [ 73.1624655, 28.1660822, 0.0 ], [ 73.1624603, 28.1663854, 0.0 ], [ 73.1624372, 28.1663851, 0.0 ], [ 73.1624423, 28.1660819, 0.0 ] ], [ [ 73.1623863, 28.1660811, 0.0 ], [ 73.1624095, 28.1660814, 0.0 ], [ 73.1624043, 28.1663847, 0.0 ], [ 73.1623812, 28.1663844, 0.0 ], [ 73.1623863, 28.1660811, 0.0 ] ], [ [ 73.1623357, 28.1657687, 0.0 ], [ 73.1623588, 28.165769, 0.0 ], [ 73.1623536, 28.1660722, 0.0 ], [ 73.1623305, 28.1660719, 0.0 ], [ 73.1623357, 28.1657687, 0.0 ] ], [ [ 73.1622797, 28.1657679, 0.0 ], [ 73.1623028, 28.1657682, 0.0 ], [ 73.1622976, 28.1660715, 0.0 ], [ 73.1622745, 28.1660712, 0.0 ], [ 73.1622797, 28.1657679, 0.0 ] ], [ [ 73.1623303, 28.1660804, 0.0 ], [ 73.1623535, 28.1660807, 0.0 ], [ 73.1623483, 28.1663839, 0.0 ], [ 73.1623252, 28.1663836, 0.0 ], [ 73.1623303, 28.1660804, 0.0 ] ], [ [ 73.1622744, 28.1660796, 0.0 ], [ 73.1622975, 28.1660799, 0.0 ], [ 73.1622923, 28.1663832, 0.0 ], [ 73.1622692, 28.1663829, 0.0 ], [ 73.1622744, 28.1660796, 0.0 ] ], [ [ 73.1622237, 28.1657672, 0.0 ], [ 73.1622468, 28.1657675, 0.0 ], [ 73.1622416, 28.1660707, 0.0 ], [ 73.1622185, 28.1660704, 0.0 ], [ 73.1622237, 28.1657672, 0.0 ] ], [ [ 73.1621677, 28.1657664, 0.0 ], [ 73.1621908, 28.1657667, 0.0 ], [ 73.1621856, 28.16607, 0.0 ], [ 73.1621625, 28.1660697, 0.0 ], [ 73.1621677, 28.1657664, 0.0 ] ], [ [ 73.1622184, 28.1660789, 0.0 ], [ 73.1622415, 28.1660792, 0.0 ], [ 73.1622363, 28.1663824, 0.0 ], [ 73.1622132, 28.1663821, 0.0 ], [ 73.1622184, 28.1660789, 0.0 ] ], [ [ 73.1621624, 28.1660781, 0.0 ], [ 73.1621855, 28.1660784, 0.0 ], [ 73.1621803, 28.1663817, 0.0 ], [ 73.1621572, 28.1663814, 0.0 ], [ 73.1621624, 28.1660781, 0.0 ] ], [ [ 73.1621117, 28.1657657, 0.0 ], [ 73.1621348, 28.165766, 0.0 ], [ 73.1621296, 28.1660692, 0.0 ], [ 73.1621065, 28.1660689, 0.0 ], [ 73.1621117, 28.1657657, 0.0 ] ], [ [ 73.1620557, 28.1657649, 0.0 ], [ 73.1620788, 28.1657652, 0.0 ], [ 73.1620736, 28.1660685, 0.0 ], [ 73.1620505, 28.1660682, 0.0 ], [ 73.1620557, 28.1657649, 0.0 ] ], [ [ 73.1621064, 28.1660773, 0.0 ], [ 73.1621295, 28.1660777, 0.0 ], [ 73.1621243, 28.1663809, 0.0 ], [ 73.1621012, 28.1663806, 0.0 ], [ 73.1621064, 28.1660773, 0.0 ] ], [ [ 73.1620504, 28.1660766, 0.0 ], [ 73.1620735, 28.1660769, 0.0 ], [ 73.1620683, 28.1663802, 0.0 ], [ 73.1620452, 28.1663799, 0.0 ], [ 73.1620504, 28.1660766, 0.0 ] ], [ [ 73.1619997, 28.1657642, 0.0 ], [ 73.1620228, 28.1657645, 0.0 ], [ 73.1620176, 28.1660677, 0.0 ], [ 73.1619945, 28.1660674, 0.0 ], [ 73.1619997, 28.1657642, 0.0 ] ], [ [ 73.1619437, 28.1657634, 0.0 ], [ 73.1619668, 28.1657637, 0.0 ], [ 73.1619617, 28.166067, 0.0 ], [ 73.1619385, 28.1660667, 0.0 ], [ 73.1619437, 28.1657634, 0.0 ] ], [ [ 73.1619944, 28.1660758, 0.0 ], [ 73.1620175, 28.1660762, 0.0 ], [ 73.1620123, 28.1663794, 0.0 ], [ 73.1619892, 28.1663791, 0.0 ], [ 73.1619944, 28.1660758, 0.0 ] ], [ [ 73.1619384, 28.1660751, 0.0 ], [ 73.1619615, 28.1660754, 0.0 ], [ 73.1619563, 28.1663787, 0.0 ], [ 73.1619332, 28.1663784, 0.0 ], [ 73.1619384, 28.1660751, 0.0 ] ], [ [ 73.1618877, 28.1657627, 0.0 ], [ 73.1619108, 28.165763, 0.0 ], [ 73.1619057, 28.1660662, 0.0 ], [ 73.1618825, 28.1660659, 0.0 ], [ 73.1618877, 28.1657627, 0.0 ] ], [ [ 73.1618317, 28.1657619, 0.0 ], [ 73.1618548, 28.1657622, 0.0 ], [ 73.1618497, 28.1660655, 0.0 ], [ 73.1618265, 28.1660652, 0.0 ], [ 73.1618317, 28.1657619, 0.0 ] ], [ [ 73.1618824, 28.1660743, 0.0 ], [ 73.1619055, 28.1660747, 0.0 ], [ 73.1619003, 28.1663779, 0.0 ], [ 73.1618772, 28.1663776, 0.0 ], [ 73.1618824, 28.1660743, 0.0 ] ], [ [ 73.1618264, 28.1660736, 0.0 ], [ 73.1618495, 28.1660739, 0.0 ], [ 73.1618443, 28.1663772, 0.0 ], [ 73.1618212, 28.1663769, 0.0 ], [ 73.1618264, 28.1660736, 0.0 ] ], [ [ 73.1617757, 28.1657611, 0.0 ], [ 73.1617989, 28.1657615, 0.0 ], [ 73.1617937, 28.1660647, 0.0 ], [ 73.1617705, 28.1660644, 0.0 ], [ 73.1617757, 28.1657611, 0.0 ] ], [ [ 73.1617197, 28.1657604, 0.0 ], [ 73.1617429, 28.1657607, 0.0 ], [ 73.1617377, 28.166064, 0.0 ], [ 73.1617145, 28.1660637, 0.0 ], [ 73.1617197, 28.1657604, 0.0 ] ], [ [ 73.1617704, 28.1660728, 0.0 ], [ 73.1617935, 28.1660731, 0.0 ], [ 73.1617883, 28.1663764, 0.0 ], [ 73.1617652, 28.1663761, 0.0 ], [ 73.1617704, 28.1660728, 0.0 ] ], [ [ 73.1617144, 28.1660721, 0.0 ], [ 73.1617375, 28.1660724, 0.0 ], [ 73.1617323, 28.1663757, 0.0 ], [ 73.1617092, 28.1663754, 0.0 ], [ 73.1617144, 28.1660721, 0.0 ] ], [ [ 73.1616637, 28.1657596, 0.0 ], [ 73.1616869, 28.16576, 0.0 ], [ 73.1616817, 28.1660632, 0.0 ], [ 73.1616585, 28.1660629, 0.0 ], [ 73.1616637, 28.1657596, 0.0 ] ], [ [ 73.1616077, 28.1657589, 0.0 ], [ 73.1616309, 28.1657592, 0.0 ], [ 73.1616257, 28.1660625, 0.0 ], [ 73.1616025, 28.1660622, 0.0 ], [ 73.1616077, 28.1657589, 0.0 ] ], [ [ 73.1616584, 28.1660713, 0.0 ], [ 73.1616815, 28.1660716, 0.0 ], [ 73.1616763, 28.1663749, 0.0 ], [ 73.1616532, 28.1663746, 0.0 ], [ 73.1616584, 28.1660713, 0.0 ] ], [ [ 73.1616024, 28.1660706, 0.0 ], [ 73.1616255, 28.1660709, 0.0 ], [ 73.1616204, 28.1663742, 0.0 ], [ 73.1615972, 28.1663739, 0.0 ], [ 73.1616024, 28.1660706, 0.0 ] ], [ [ 73.1615517, 28.1657581, 0.0 ], [ 73.1615749, 28.1657585, 0.0 ], [ 73.1615697, 28.1660617, 0.0 ], [ 73.1615466, 28.1660614, 0.0 ], [ 73.1615517, 28.1657581, 0.0 ] ], [ [ 73.1614957, 28.1657574, 0.0 ], [ 73.1615189, 28.1657577, 0.0 ], [ 73.1615137, 28.166061, 0.0 ], [ 73.1614906, 28.1660607, 0.0 ], [ 73.1614957, 28.1657574, 0.0 ] ], [ [ 73.1615464, 28.1660698, 0.0 ], [ 73.1615695, 28.1660701, 0.0 ], [ 73.1615644, 28.1663734, 0.0 ], [ 73.1615412, 28.1663731, 0.0 ], [ 73.1615464, 28.1660698, 0.0 ] ], [ [ 73.1614904, 28.1660691, 0.0 ], [ 73.1615135, 28.1660694, 0.0 ], [ 73.1615084, 28.1663727, 0.0 ], [ 73.1614852, 28.1663723, 0.0 ], [ 73.1614904, 28.1660691, 0.0 ] ], [ [ 73.1614397, 28.1657566, 0.0 ], [ 73.1614629, 28.1657569, 0.0 ], [ 73.1614577, 28.1660602, 0.0 ], [ 73.1614346, 28.1660599, 0.0 ], [ 73.1614397, 28.1657566, 0.0 ] ], [ [ 73.1613838, 28.1657559, 0.0 ], [ 73.1614069, 28.1657562, 0.0 ], [ 73.1614017, 28.1660595, 0.0 ], [ 73.1613786, 28.1660592, 0.0 ], [ 73.1613838, 28.1657559, 0.0 ] ], [ [ 73.1614344, 28.1660683, 0.0 ], [ 73.1614576, 28.1660686, 0.0 ], [ 73.1614524, 28.1663719, 0.0 ], [ 73.1614292, 28.1663716, 0.0 ], [ 73.1614344, 28.1660683, 0.0 ] ], [ [ 73.1613784, 28.1660676, 0.0 ], [ 73.1614016, 28.1660679, 0.0 ], [ 73.1613964, 28.1663712, 0.0 ], [ 73.1613732, 28.1663708, 0.0 ], [ 73.1613784, 28.1660676, 0.0 ] ], [ [ 73.1613278, 28.1657551, 0.0 ], [ 73.1613509, 28.1657554, 0.0 ], [ 73.1613457, 28.1660587, 0.0 ], [ 73.1613226, 28.1660584, 0.0 ], [ 73.1613278, 28.1657551, 0.0 ] ], [ [ 73.1612718, 28.1657544, 0.0 ], [ 73.1612949, 28.1657547, 0.0 ], [ 73.1612897, 28.166058, 0.0 ], [ 73.1612666, 28.1660577, 0.0 ], [ 73.1612718, 28.1657544, 0.0 ] ], [ [ 73.1613224, 28.1660668, 0.0 ], [ 73.1613456, 28.1660671, 0.0 ], [ 73.1613404, 28.1663704, 0.0 ], [ 73.1613172, 28.1663701, 0.0 ], [ 73.1613224, 28.1660668, 0.0 ] ], [ [ 73.1612664, 28.1660661, 0.0 ], [ 73.1612896, 28.1660664, 0.0 ], [ 73.1612844, 28.1663697, 0.0 ], [ 73.1612612, 28.1663693, 0.0 ], [ 73.1612664, 28.1660661, 0.0 ] ], [ [ 73.1612122, 28.1659611, 0.0 ], [ 73.1612353, 28.1659615, 0.0 ], [ 73.1612302, 28.1662647, 0.0 ], [ 73.161207, 28.1662644, 0.0 ], [ 73.1612122, 28.1659611, 0.0 ] ], [ [ 73.1611562, 28.1659604, 0.0 ], [ 73.1611794, 28.1659607, 0.0 ], [ 73.1611742, 28.166264, 0.0 ], [ 73.161151, 28.1662637, 0.0 ], [ 73.1611562, 28.1659604, 0.0 ] ], [ [ 73.1612069, 28.1662728, 0.0 ], [ 73.16123, 28.1662731, 0.0 ], [ 73.1612248, 28.1665764, 0.0 ], [ 73.1612017, 28.1665761, 0.0 ], [ 73.1612069, 28.1662728, 0.0 ] ], [ [ 73.1611509, 28.1662721, 0.0 ], [ 73.161174, 28.1662724, 0.0 ], [ 73.1611688, 28.1665757, 0.0 ], [ 73.1611457, 28.1665754, 0.0 ], [ 73.1611509, 28.1662721, 0.0 ] ], [ [ 73.1611002, 28.1659596, 0.0 ], [ 73.1611234, 28.16596, 0.0 ], [ 73.1611182, 28.1662632, 0.0 ], [ 73.161095, 28.1662629, 0.0 ], [ 73.1611002, 28.1659596, 0.0 ] ], [ [ 73.1610442, 28.1659589, 0.0 ], [ 73.1610674, 28.1659592, 0.0 ], [ 73.1610622, 28.1662625, 0.0 ], [ 73.161039, 28.1662622, 0.0 ], [ 73.1610442, 28.1659589, 0.0 ] ], [ [ 73.1610949, 28.1662713, 0.0 ], [ 73.161118, 28.1662716, 0.0 ], [ 73.1611128, 28.1665749, 0.0 ], [ 73.1610897, 28.1665746, 0.0 ], [ 73.1610949, 28.1662713, 0.0 ] ], [ [ 73.1610389, 28.1662706, 0.0 ], [ 73.161062, 28.1662709, 0.0 ], [ 73.1610568, 28.1665742, 0.0 ], [ 73.1610337, 28.1665738, 0.0 ], [ 73.1610389, 28.1662706, 0.0 ] ], [ [ 73.1609882, 28.1659581, 0.0 ], [ 73.1610114, 28.1659584, 0.0 ], [ 73.1610062, 28.1662617, 0.0 ], [ 73.1609831, 28.1662614, 0.0 ], [ 73.1609882, 28.1659581, 0.0 ] ], [ [ 73.1609322, 28.1659574, 0.0 ], [ 73.1609554, 28.1659577, 0.0 ], [ 73.1609502, 28.166261, 0.0 ], [ 73.1609271, 28.1662607, 0.0 ], [ 73.1609322, 28.1659574, 0.0 ] ], [ [ 73.1609829, 28.1662698, 0.0 ], [ 73.161006, 28.1662701, 0.0 ], [ 73.1610009, 28.1665734, 0.0 ], [ 73.1609777, 28.1665731, 0.0 ], [ 73.1609829, 28.1662698, 0.0 ] ], [ [ 73.1609269, 28.1662691, 0.0 ], [ 73.16095, 28.1662694, 0.0 ], [ 73.1609449, 28.1665727, 0.0 ], [ 73.1609217, 28.1665723, 0.0 ], [ 73.1609269, 28.1662691, 0.0 ] ], [ [ 73.1626611, 28.1663926, 0.0 ], [ 73.1626842, 28.166393, 0.0 ], [ 73.162679, 28.1666962, 0.0 ], [ 73.1626559, 28.1666959, 0.0 ], [ 73.1626611, 28.1663926, 0.0 ] ], [ [ 73.1626051, 28.1663919, 0.0 ], [ 73.1626282, 28.1663922, 0.0 ], [ 73.162623, 28.1666955, 0.0 ], [ 73.1625999, 28.1666952, 0.0 ], [ 73.1626051, 28.1663919, 0.0 ] ], [ [ 73.1626557, 28.1667043, 0.0 ], [ 73.1626789, 28.1667046, 0.0 ], [ 73.1626737, 28.1670079, 0.0 ], [ 73.1626506, 28.1670076, 0.0 ], [ 73.1626557, 28.1667043, 0.0 ] ], [ [ 73.1625997, 28.1667036, 0.0 ], [ 73.1626229, 28.1667039, 0.0 ], [ 73.1626177, 28.1670072, 0.0 ], [ 73.1625946, 28.1670069, 0.0 ], [ 73.1625997, 28.1667036, 0.0 ] ], [ [ 73.1625491, 28.1663911, 0.0 ], [ 73.1625722, 28.1663915, 0.0 ], [ 73.162567, 28.1666947, 0.0 ], [ 73.1625439, 28.1666944, 0.0 ], [ 73.1625491, 28.1663911, 0.0 ] ], [ [ 73.1624931, 28.1663904, 0.0 ], [ 73.1625162, 28.1663907, 0.0 ], [ 73.162511, 28.166694, 0.0 ], [ 73.1624879, 28.1666937, 0.0 ], [ 73.1624931, 28.1663904, 0.0 ] ], [ [ 73.1625437, 28.1667028, 0.0 ], [ 73.1625669, 28.1667031, 0.0 ], [ 73.1625617, 28.1670064, 0.0 ], [ 73.1625386, 28.1670061, 0.0 ], [ 73.1625437, 28.1667028, 0.0 ] ], [ [ 73.1624877, 28.1667021, 0.0 ], [ 73.1625109, 28.1667024, 0.0 ], [ 73.1625057, 28.1670057, 0.0 ], [ 73.1624826, 28.1670053, 0.0 ], [ 73.1624877, 28.1667021, 0.0 ] ], [ [ 73.1624371, 28.1663896, 0.0 ], [ 73.1624602, 28.1663899, 0.0 ], [ 73.162455, 28.1666932, 0.0 ], [ 73.1624319, 28.1666929, 0.0 ], [ 73.1624371, 28.1663896, 0.0 ] ], [ [ 73.1623811, 28.1663889, 0.0 ], [ 73.1624042, 28.1663892, 0.0 ], [ 73.162399, 28.1666925, 0.0 ], [ 73.1623759, 28.1666922, 0.0 ], [ 73.1623811, 28.1663889, 0.0 ] ], [ [ 73.1624318, 28.1667013, 0.0 ], [ 73.1624549, 28.1667016, 0.0 ], [ 73.1624497, 28.1670049, 0.0 ], [ 73.1624266, 28.1670046, 0.0 ], [ 73.1624318, 28.1667013, 0.0 ] ], [ [ 73.1623758, 28.1667006, 0.0 ], [ 73.1623989, 28.1667009, 0.0 ], [ 73.1623937, 28.1670042, 0.0 ], [ 73.1623706, 28.1670038, 0.0 ], [ 73.1623758, 28.1667006, 0.0 ] ], [ [ 73.1623251, 28.1663881, 0.0 ], [ 73.1623482, 28.1663884, 0.0 ], [ 73.162343, 28.1666917, 0.0 ], [ 73.1623199, 28.1666914, 0.0 ], [ 73.1623251, 28.1663881, 0.0 ] ], [ [ 73.1622691, 28.1663874, 0.0 ], [ 73.1622922, 28.1663877, 0.0 ], [ 73.162287, 28.166691, 0.0 ], [ 73.1622639, 28.1666907, 0.0 ], [ 73.1622691, 28.1663874, 0.0 ] ], [ [ 73.1623198, 28.1666998, 0.0 ], [ 73.1623429, 28.1667001, 0.0 ], [ 73.1623377, 28.1670034, 0.0 ], [ 73.1623146, 28.1670031, 0.0 ], [ 73.1623198, 28.1666998, 0.0 ] ], [ [ 73.1622638, 28.1666991, 0.0 ], [ 73.1622869, 28.1666994, 0.0 ], [ 73.1622817, 28.1670027, 0.0 ], [ 73.1622586, 28.1670023, 0.0 ], [ 73.1622638, 28.1666991, 0.0 ] ], [ [ 73.1622131, 28.1663866, 0.0 ], [ 73.1622362, 28.1663869, 0.0 ], [ 73.162231, 28.1666902, 0.0 ], [ 73.1622079, 28.1666899, 0.0 ], [ 73.1622131, 28.1663866, 0.0 ] ], [ [ 73.1621571, 28.1663859, 0.0 ], [ 73.1621802, 28.1663862, 0.0 ], [ 73.162175, 28.1666895, 0.0 ], [ 73.1621519, 28.1666892, 0.0 ], [ 73.1621571, 28.1663859, 0.0 ] ], [ [ 73.1622078, 28.1666983, 0.0 ], [ 73.1622309, 28.1666986, 0.0 ], [ 73.1622257, 28.1670019, 0.0 ], [ 73.1622026, 28.1670016, 0.0 ], [ 73.1622078, 28.1666983, 0.0 ] ], [ [ 73.1621518, 28.1666976, 0.0 ], [ 73.1621749, 28.1666979, 0.0 ], [ 73.1621697, 28.1670012, 0.0 ], [ 73.1621466, 28.1670008, 0.0 ], [ 73.1621518, 28.1666976, 0.0 ] ], [ [ 73.1621011, 28.1663851, 0.0 ], [ 73.1621242, 28.1663854, 0.0 ], [ 73.1621191, 28.1666887, 0.0 ], [ 73.1620959, 28.1666884, 0.0 ], [ 73.1621011, 28.1663851, 0.0 ] ], [ [ 73.1620451, 28.1663844, 0.0 ], [ 73.1620682, 28.1663847, 0.0 ], [ 73.1620631, 28.166688, 0.0 ], [ 73.1620399, 28.1666876, 0.0 ], [ 73.1620451, 28.1663844, 0.0 ] ], [ [ 73.1620958, 28.1666968, 0.0 ], [ 73.1621189, 28.1666971, 0.0 ], [ 73.1621137, 28.1670004, 0.0 ], [ 73.1620906, 28.1670001, 0.0 ], [ 73.1620958, 28.1666968, 0.0 ] ], [ [ 73.1620398, 28.1666961, 0.0 ], [ 73.1620629, 28.1666964, 0.0 ], [ 73.1620577, 28.1669996, 0.0 ], [ 73.1620346, 28.1669993, 0.0 ], [ 73.1620398, 28.1666961, 0.0 ] ], [ [ 73.1619891, 28.1663836, 0.0 ], [ 73.1620122, 28.1663839, 0.0 ], [ 73.1620071, 28.1666872, 0.0 ], [ 73.1619839, 28.1666869, 0.0 ], [ 73.1619891, 28.1663836, 0.0 ] ], [ [ 73.1619331, 28.1663829, 0.0 ], [ 73.1619562, 28.1663832, 0.0 ], [ 73.1619511, 28.1666865, 0.0 ], [ 73.1619279, 28.1666861, 0.0 ], [ 73.1619331, 28.1663829, 0.0 ] ], [ [ 73.1619838, 28.1666953, 0.0 ], [ 73.1620069, 28.1666956, 0.0 ], [ 73.1620017, 28.1669989, 0.0 ], [ 73.1619786, 28.1669986, 0.0 ], [ 73.1619838, 28.1666953, 0.0 ] ], [ [ 73.1619278, 28.1666946, 0.0 ], [ 73.1619509, 28.1666949, 0.0 ], [ 73.1619457, 28.1669981, 0.0 ], [ 73.1619226, 28.1669978, 0.0 ], [ 73.1619278, 28.1666946, 0.0 ] ], [ [ 73.1618771, 28.1663821, 0.0 ], [ 73.1619003, 28.1663824, 0.0 ], [ 73.1618951, 28.1666857, 0.0 ], [ 73.1618719, 28.1666854, 0.0 ], [ 73.1618771, 28.1663821, 0.0 ] ], [ [ 73.1618211, 28.1663814, 0.0 ], [ 73.1618443, 28.1663817, 0.0 ], [ 73.1618391, 28.166685, 0.0 ], [ 73.1618159, 28.1666846, 0.0 ], [ 73.1618211, 28.1663814, 0.0 ] ], [ [ 73.1618718, 28.1666938, 0.0 ], [ 73.1618949, 28.1666941, 0.0 ], [ 73.1618897, 28.1669974, 0.0 ], [ 73.1618666, 28.1669971, 0.0 ], [ 73.1618718, 28.1666938, 0.0 ] ], [ [ 73.1618158, 28.1666931, 0.0 ], [ 73.1618389, 28.1666934, 0.0 ], [ 73.1618337, 28.1669966, 0.0 ], [ 73.1618106, 28.1669963, 0.0 ], [ 73.1618158, 28.1666931, 0.0 ] ], [ [ 73.1617651, 28.1663806, 0.0 ], [ 73.1617883, 28.1663809, 0.0 ], [ 73.1617831, 28.1666842, 0.0 ], [ 73.1617599, 28.1666839, 0.0 ], [ 73.1617651, 28.1663806, 0.0 ] ], [ [ 73.1617091, 28.1663799, 0.0 ], [ 73.1617323, 28.1663802, 0.0 ], [ 73.1617271, 28.1666834, 0.0 ], [ 73.161704, 28.1666831, 0.0 ], [ 73.1617091, 28.1663799, 0.0 ] ], [ [ 73.1617598, 28.1666923, 0.0 ], [ 73.1617829, 28.1666926, 0.0 ], [ 73.1617777, 28.1669959, 0.0 ], [ 73.1617546, 28.1669956, 0.0 ], [ 73.1617598, 28.1666923, 0.0 ] ], [ [ 73.1617038, 28.1666916, 0.0 ], [ 73.1617269, 28.1666919, 0.0 ], [ 73.1617218, 28.1669951, 0.0 ], [ 73.1616986, 28.1669948, 0.0 ], [ 73.1617038, 28.1666916, 0.0 ] ], [ [ 73.1616531, 28.1663791, 0.0 ], [ 73.1616763, 28.1663794, 0.0 ], [ 73.1616711, 28.1666827, 0.0 ], [ 73.161648, 28.1666824, 0.0 ], [ 73.1616531, 28.1663791, 0.0 ] ], [ [ 73.1615971, 28.1663784, 0.0 ], [ 73.1616203, 28.1663787, 0.0 ], [ 73.1616151, 28.1666819, 0.0 ], [ 73.161592, 28.1666816, 0.0 ], [ 73.1615971, 28.1663784, 0.0 ] ], [ [ 73.1616478, 28.1666908, 0.0 ], [ 73.1616709, 28.1666911, 0.0 ], [ 73.1616658, 28.1669944, 0.0 ], [ 73.1616426, 28.1669941, 0.0 ], [ 73.1616478, 28.1666908, 0.0 ] ], [ [ 73.1615918, 28.1666901, 0.0 ], [ 73.1616149, 28.1666904, 0.0 ], [ 73.1616098, 28.1669936, 0.0 ], [ 73.1615866, 28.1669933, 0.0 ], [ 73.1615918, 28.1666901, 0.0 ] ], [ [ 73.1615411, 28.1663776, 0.0 ], [ 73.1615643, 28.1663779, 0.0 ], [ 73.1615591, 28.1666812, 0.0 ], [ 73.161536, 28.1666809, 0.0 ], [ 73.1615411, 28.1663776, 0.0 ] ], [ [ 73.1614852, 28.1663769, 0.0 ], [ 73.1615083, 28.1663772, 0.0 ], [ 73.1615031, 28.1666804, 0.0 ], [ 73.16148, 28.1666801, 0.0 ], [ 73.1614852, 28.1663769, 0.0 ] ], [ [ 73.1615358, 28.1666893, 0.0 ], [ 73.161559, 28.1666896, 0.0 ], [ 73.1615538, 28.1669929, 0.0 ], [ 73.1615306, 28.1669926, 0.0 ], [ 73.1615358, 28.1666893, 0.0 ] ], [ [ 73.1614798, 28.1666885, 0.0 ], [ 73.161503, 28.1666889, 0.0 ], [ 73.1614978, 28.1669921, 0.0 ], [ 73.1614746, 28.1669918, 0.0 ], [ 73.1614798, 28.1666885, 0.0 ] ], [ [ 73.1614292, 28.1663761, 0.0 ], [ 73.1614523, 28.1663764, 0.0 ], [ 73.1614471, 28.1666797, 0.0 ], [ 73.161424, 28.1666794, 0.0 ], [ 73.1614292, 28.1663761, 0.0 ] ], [ [ 73.1613732, 28.1663754, 0.0 ], [ 73.1613963, 28.1663757, 0.0 ], [ 73.1613911, 28.1666789, 0.0 ], [ 73.161368, 28.1666786, 0.0 ], [ 73.1613732, 28.1663754, 0.0 ] ], [ [ 73.1614238, 28.1666878, 0.0 ], [ 73.161447, 28.1666881, 0.0 ], [ 73.1614418, 28.1669914, 0.0 ], [ 73.1614186, 28.1669911, 0.0 ], [ 73.1614238, 28.1666878, 0.0 ] ], [ [ 73.1613678, 28.166687, 0.0 ], [ 73.161391, 28.1666874, 0.0 ], [ 73.1613858, 28.1669906, 0.0 ], [ 73.1613626, 28.1669903, 0.0 ], [ 73.1613678, 28.166687, 0.0 ] ], [ [ 73.1613172, 28.1663746, 0.0 ], [ 73.1613403, 28.1663749, 0.0 ], [ 73.1613351, 28.1666782, 0.0 ], [ 73.161312, 28.1666779, 0.0 ], [ 73.1613172, 28.1663746, 0.0 ] ], [ [ 73.1612612, 28.1663739, 0.0 ], [ 73.1612843, 28.1663742, 0.0 ], [ 73.1612791, 28.1666774, 0.0 ], [ 73.161256, 28.1666771, 0.0 ], [ 73.1612612, 28.1663739, 0.0 ] ], [ [ 73.1613118, 28.1666863, 0.0 ], [ 73.161335, 28.1666866, 0.0 ], [ 73.1613298, 28.1669899, 0.0 ], [ 73.1613067, 28.1669896, 0.0 ], [ 73.1613118, 28.1666863, 0.0 ] ], [ [ 73.1612558, 28.1666855, 0.0 ], [ 73.161279, 28.1666859, 0.0 ], [ 73.1612738, 28.1669891, 0.0 ], [ 73.1612507, 28.1669888, 0.0 ], [ 73.1612558, 28.1666855, 0.0 ] ], [ [ 73.1612016, 28.1665806, 0.0 ], [ 73.1612248, 28.1665809, 0.0 ], [ 73.1612196, 28.1668842, 0.0 ], [ 73.1611964, 28.1668839, 0.0 ], [ 73.1612016, 28.1665806, 0.0 ] ], [ [ 73.1611456, 28.1665799, 0.0 ], [ 73.1611688, 28.1665802, 0.0 ], [ 73.1611636, 28.1668834, 0.0 ], [ 73.1611404, 28.1668831, 0.0 ], [ 73.1611456, 28.1665799, 0.0 ] ], [ [ 73.1611963, 28.1668923, 0.0 ], [ 73.1612194, 28.1668926, 0.0 ], [ 73.1612142, 28.1671959, 0.0 ], [ 73.1611911, 28.1671956, 0.0 ], [ 73.1611963, 28.1668923, 0.0 ] ], [ [ 73.1611403, 28.1668916, 0.0 ], [ 73.1611634, 28.1668919, 0.0 ], [ 73.1611582, 28.1671951, 0.0 ], [ 73.1611351, 28.1671948, 0.0 ], [ 73.1611403, 28.1668916, 0.0 ] ], [ [ 73.1610896, 28.1665791, 0.0 ], [ 73.1611128, 28.1665794, 0.0 ], [ 73.1611076, 28.1668827, 0.0 ], [ 73.1610844, 28.1668824, 0.0 ], [ 73.1610896, 28.1665791, 0.0 ] ], [ [ 73.1610336, 28.1665784, 0.0 ], [ 73.1610568, 28.1665787, 0.0 ], [ 73.1610516, 28.1668819, 0.0 ], [ 73.1610285, 28.1668816, 0.0 ], [ 73.1610336, 28.1665784, 0.0 ] ], [ [ 73.1610843, 28.1668908, 0.0 ], [ 73.1611074, 28.1668911, 0.0 ], [ 73.1611022, 28.1671944, 0.0 ], [ 73.1610791, 28.1671941, 0.0 ], [ 73.1610843, 28.1668908, 0.0 ] ], [ [ 73.1610283, 28.16689, 0.0 ], [ 73.1610514, 28.1668904, 0.0 ], [ 73.1610463, 28.1671936, 0.0 ], [ 73.1610231, 28.1671933, 0.0 ], [ 73.1610283, 28.16689, 0.0 ] ], [ [ 73.1609776, 28.1665776, 0.0 ], [ 73.1610008, 28.1665779, 0.0 ], [ 73.1609956, 28.1668812, 0.0 ], [ 73.1609725, 28.1668809, 0.0 ], [ 73.1609776, 28.1665776, 0.0 ] ], [ [ 73.1609216, 28.1665769, 0.0 ], [ 73.1609448, 28.1665772, 0.0 ], [ 73.1609396, 28.1668804, 0.0 ], [ 73.1609165, 28.1668801, 0.0 ], [ 73.1609216, 28.1665769, 0.0 ] ], [ [ 73.1609723, 28.1668893, 0.0 ], [ 73.1609954, 28.1668896, 0.0 ], [ 73.1609903, 28.1671929, 0.0 ], [ 73.1609671, 28.1671926, 0.0 ], [ 73.1609723, 28.1668893, 0.0 ] ], [ [ 73.1609163, 28.1668885, 0.0 ], [ 73.1609394, 28.1668889, 0.0 ], [ 73.1609343, 28.1671921, 0.0 ], [ 73.1609111, 28.1671918, 0.0 ], [ 73.1609163, 28.1668885, 0.0 ] ], [ [ 73.1608657, 28.1665761, 0.0 ], [ 73.1608888, 28.1665764, 0.0 ], [ 73.1608836, 28.1668797, 0.0 ], [ 73.1608605, 28.1668794, 0.0 ], [ 73.1608657, 28.1665761, 0.0 ] ], [ [ 73.1608097, 28.1665754, 0.0 ], [ 73.1608328, 28.1665757, 0.0 ], [ 73.1608276, 28.1668789, 0.0 ], [ 73.1608045, 28.1668786, 0.0 ], [ 73.1608097, 28.1665754, 0.0 ] ], [ [ 73.1608603, 28.1668878, 0.0 ], [ 73.1608835, 28.1668881, 0.0 ], [ 73.1608783, 28.1671914, 0.0 ], [ 73.1608551, 28.1671911, 0.0 ], [ 73.1608603, 28.1668878, 0.0 ] ], [ [ 73.1608043, 28.166887, 0.0 ], [ 73.1608275, 28.1668873, 0.0 ], [ 73.1608223, 28.1671906, 0.0 ], [ 73.1607991, 28.1671903, 0.0 ], [ 73.1608043, 28.166887, 0.0 ] ], [ [ 73.1607537, 28.1665746, 0.0 ], [ 73.1607768, 28.1665749, 0.0 ], [ 73.1607716, 28.1668782, 0.0 ], [ 73.1607485, 28.1668779, 0.0 ], [ 73.1607537, 28.1665746, 0.0 ] ], [ [ 73.1606977, 28.1665738, 0.0 ], [ 73.1607208, 28.1665742, 0.0 ], [ 73.1607156, 28.1668774, 0.0 ], [ 73.1606925, 28.1668771, 0.0 ], [ 73.1606977, 28.1665738, 0.0 ] ], [ [ 73.1607483, 28.1668863, 0.0 ], [ 73.1607715, 28.1668866, 0.0 ], [ 73.1607663, 28.1671899, 0.0 ], [ 73.1607431, 28.1671896, 0.0 ], [ 73.1607483, 28.1668863, 0.0 ] ], [ [ 73.1606923, 28.1668855, 0.0 ], [ 73.1607155, 28.1668858, 0.0 ], [ 73.1607103, 28.1671891, 0.0 ], [ 73.1606871, 28.1671888, 0.0 ], [ 73.1606923, 28.1668855, 0.0 ] ], [ [ 73.1606417, 28.1665731, 0.0 ], [ 73.1606648, 28.1665734, 0.0 ], [ 73.1606596, 28.1668767, 0.0 ], [ 73.1606365, 28.1668764, 0.0 ], [ 73.1606417, 28.1665731, 0.0 ] ], [ [ 73.1605857, 28.1665723, 0.0 ], [ 73.1606088, 28.1665727, 0.0 ], [ 73.1606036, 28.1668759, 0.0 ], [ 73.1605805, 28.1668756, 0.0 ], [ 73.1605857, 28.1665723, 0.0 ] ], [ [ 73.1606363, 28.1668848, 0.0 ], [ 73.1606595, 28.1668851, 0.0 ], [ 73.1606543, 28.1671884, 0.0 ], [ 73.1606311, 28.1671881, 0.0 ], [ 73.1606363, 28.1668848, 0.0 ] ], [ [ 73.1605803, 28.166884, 0.0 ], [ 73.1606035, 28.1668843, 0.0 ], [ 73.1605983, 28.1671876, 0.0 ], [ 73.1605752, 28.1671873, 0.0 ], [ 73.1605803, 28.166884, 0.0 ] ], [ [ 73.1622025, 28.1670061, 0.0 ], [ 73.1622256, 28.1670064, 0.0 ], [ 73.1622205, 28.1673097, 0.0 ], [ 73.1621973, 28.1673094, 0.0 ], [ 73.1622025, 28.1670061, 0.0 ] ], [ [ 73.1621465, 28.1670054, 0.0 ], [ 73.1621696, 28.1670057, 0.0 ], [ 73.1621645, 28.1673089, 0.0 ], [ 73.1621413, 28.1673086, 0.0 ], [ 73.1621465, 28.1670054, 0.0 ] ], [ [ 73.1621972, 28.1673178, 0.0 ], [ 73.1622203, 28.1673181, 0.0 ], [ 73.1622151, 28.1676214, 0.0 ], [ 73.162192, 28.1676211, 0.0 ], [ 73.1621972, 28.1673178, 0.0 ] ], [ [ 73.1621412, 28.167317, 0.0 ], [ 73.1621643, 28.1673173, 0.0 ], [ 73.1621591, 28.1676206, 0.0 ], [ 73.162136, 28.1676203, 0.0 ], [ 73.1621412, 28.167317, 0.0 ] ], [ [ 73.1620905, 28.1670046, 0.0 ], [ 73.1621136, 28.1670049, 0.0 ], [ 73.1621085, 28.1673082, 0.0 ], [ 73.1620853, 28.1673079, 0.0 ], [ 73.1620905, 28.1670046, 0.0 ] ], [ [ 73.1620345, 28.1670038, 0.0 ], [ 73.1620577, 28.1670042, 0.0 ], [ 73.1620525, 28.1673074, 0.0 ], [ 73.1620293, 28.1673071, 0.0 ], [ 73.1620345, 28.1670038, 0.0 ] ], [ [ 73.1620852, 28.1673163, 0.0 ], [ 73.1621083, 28.1673166, 0.0 ], [ 73.1621031, 28.1676199, 0.0 ], [ 73.16208, 28.1676196, 0.0 ], [ 73.1620852, 28.1673163, 0.0 ] ], [ [ 73.1620292, 28.1673155, 0.0 ], [ 73.1620523, 28.1673158, 0.0 ], [ 73.1620471, 28.1676191, 0.0 ], [ 73.162024, 28.1676188, 0.0 ], [ 73.1620292, 28.1673155, 0.0 ] ], [ [ 73.1619785, 28.1670031, 0.0 ], [ 73.1620017, 28.1670034, 0.0 ], [ 73.1619965, 28.1673067, 0.0 ], [ 73.1619733, 28.1673064, 0.0 ], [ 73.1619785, 28.1670031, 0.0 ] ], [ [ 73.1619225, 28.1670023, 0.0 ], [ 73.1619457, 28.1670027, 0.0 ], [ 73.1619405, 28.1673059, 0.0 ], [ 73.1619173, 28.1673056, 0.0 ], [ 73.1619225, 28.1670023, 0.0 ] ], [ [ 73.1619732, 28.1673148, 0.0 ], [ 73.1619963, 28.1673151, 0.0 ], [ 73.1619911, 28.1676184, 0.0 ], [ 73.161968, 28.1676181, 0.0 ], [ 73.1619732, 28.1673148, 0.0 ] ], [ [ 73.1619172, 28.167314, 0.0 ], [ 73.1619403, 28.1673143, 0.0 ], [ 73.1619351, 28.1676176, 0.0 ], [ 73.161912, 28.1676173, 0.0 ], [ 73.1619172, 28.167314, 0.0 ] ], [ [ 73.1618665, 28.1670016, 0.0 ], [ 73.1618897, 28.1670019, 0.0 ], [ 73.1618845, 28.1673052, 0.0 ], [ 73.1618613, 28.1673049, 0.0 ], [ 73.1618665, 28.1670016, 0.0 ] ], [ [ 73.1618105, 28.1670008, 0.0 ], [ 73.1618337, 28.1670012, 0.0 ], [ 73.1618285, 28.1673044, 0.0 ], [ 73.1618054, 28.1673041, 0.0 ], [ 73.1618105, 28.1670008, 0.0 ] ], [ [ 73.1618612, 28.1673133, 0.0 ], [ 73.1618843, 28.1673136, 0.0 ], [ 73.1618792, 28.1676169, 0.0 ], [ 73.161856, 28.1676166, 0.0 ], [ 73.1618612, 28.1673133, 0.0 ] ], [ [ 73.1618052, 28.1673125, 0.0 ], [ 73.1618283, 28.1673128, 0.0 ], [ 73.1618232, 28.1676161, 0.0 ], [ 73.1618, 28.1676158, 0.0 ], [ 73.1618052, 28.1673125, 0.0 ] ], [ [ 73.1617545, 28.1670001, 0.0 ], [ 73.1617777, 28.1670004, 0.0 ], [ 73.1617725, 28.1673037, 0.0 ], [ 73.1617494, 28.1673034, 0.0 ], [ 73.1617545, 28.1670001, 0.0 ] ], [ [ 73.1616985, 28.1669993, 0.0 ], [ 73.1617217, 28.1669996, 0.0 ], [ 73.1617165, 28.1673029, 0.0 ], [ 73.1616934, 28.1673026, 0.0 ], [ 73.1616985, 28.1669993, 0.0 ] ], [ [ 73.1617492, 28.1673118, 0.0 ], [ 73.1617723, 28.1673121, 0.0 ], [ 73.1617672, 28.1676154, 0.0 ], [ 73.161744, 28.167615, 0.0 ], [ 73.1617492, 28.1673118, 0.0 ] ], [ [ 73.1616932, 28.167311, 0.0 ], [ 73.1617163, 28.1673113, 0.0 ], [ 73.1617112, 28.1676146, 0.0 ], [ 73.161688, 28.1676143, 0.0 ], [ 73.1616932, 28.167311, 0.0 ] ], [ [ 73.1616425, 28.1669986, 0.0 ], [ 73.1616657, 28.1669989, 0.0 ], [ 73.1616605, 28.1673022, 0.0 ], [ 73.1616374, 28.1673019, 0.0 ], [ 73.1616425, 28.1669986, 0.0 ] ], [ [ 73.1615866, 28.1669978, 0.0 ], [ 73.1616097, 28.1669981, 0.0 ], [ 73.1616045, 28.1673014, 0.0 ], [ 73.1615814, 28.1673011, 0.0 ], [ 73.1615866, 28.1669978, 0.0 ] ], [ [ 73.1616372, 28.1673103, 0.0 ], [ 73.1616604, 28.1673106, 0.0 ], [ 73.1616552, 28.1676139, 0.0 ], [ 73.161632, 28.1676135, 0.0 ], [ 73.1616372, 28.1673103, 0.0 ] ], [ [ 73.1615812, 28.1673095, 0.0 ], [ 73.1616044, 28.1673098, 0.0 ], [ 73.1615992, 28.1676131, 0.0 ], [ 73.161576, 28.1676128, 0.0 ], [ 73.1615812, 28.1673095, 0.0 ] ], [ [ 73.1615306, 28.1669971, 0.0 ], [ 73.1615537, 28.1669974, 0.0 ], [ 73.1615485, 28.1673007, 0.0 ], [ 73.1615254, 28.1673004, 0.0 ], [ 73.1615306, 28.1669971, 0.0 ] ], [ [ 73.1614746, 28.1669963, 0.0 ], [ 73.1614977, 28.1669966, 0.0 ], [ 73.1614925, 28.1672999, 0.0 ], [ 73.1614694, 28.1672996, 0.0 ], [ 73.1614746, 28.1669963, 0.0 ] ], [ [ 73.1615252, 28.1673088, 0.0 ], [ 73.1615484, 28.1673091, 0.0 ], [ 73.1615432, 28.1676124, 0.0 ], [ 73.16152, 28.167612, 0.0 ], [ 73.1615252, 28.1673088, 0.0 ] ], [ [ 73.1614692, 28.167308, 0.0 ], [ 73.1614924, 28.1673083, 0.0 ], [ 73.1614872, 28.1676116, 0.0 ], [ 73.161464, 28.1676113, 0.0 ], [ 73.1614692, 28.167308, 0.0 ] ], [ [ 73.1614186, 28.1669956, 0.0 ], [ 73.1614417, 28.1669959, 0.0 ], [ 73.1614365, 28.1672992, 0.0 ], [ 73.1614134, 28.1672988, 0.0 ], [ 73.1614186, 28.1669956, 0.0 ] ], [ [ 73.1613626, 28.1669948, 0.0 ], [ 73.1613857, 28.1669951, 0.0 ], [ 73.1613805, 28.1672984, 0.0 ], [ 73.1613574, 28.1672981, 0.0 ], [ 73.1613626, 28.1669948, 0.0 ] ], [ [ 73.1614132, 28.1673073, 0.0 ], [ 73.1614364, 28.1673076, 0.0 ], [ 73.1614312, 28.1676108, 0.0 ], [ 73.161408, 28.1676105, 0.0 ], [ 73.1614132, 28.1673073, 0.0 ] ], [ [ 73.1613572, 28.1673065, 0.0 ], [ 73.1613804, 28.1673068, 0.0 ], [ 73.1613752, 28.1676101, 0.0 ], [ 73.1613521, 28.1676098, 0.0 ], [ 73.1613572, 28.1673065, 0.0 ] ], [ [ 73.1613066, 28.1669941, 0.0 ], [ 73.1613297, 28.1669944, 0.0 ], [ 73.1613245, 28.1672977, 0.0 ], [ 73.1613014, 28.1672973, 0.0 ], [ 73.1613066, 28.1669941, 0.0 ] ], [ [ 73.1612506, 28.1669933, 0.0 ], [ 73.1612737, 28.1669936, 0.0 ], [ 73.1612685, 28.1672969, 0.0 ], [ 73.1612454, 28.1672966, 0.0 ], [ 73.1612506, 28.1669933, 0.0 ] ], [ [ 73.1613012, 28.1673058, 0.0 ], [ 73.1613244, 28.1673061, 0.0 ], [ 73.1613192, 28.1676093, 0.0 ], [ 73.1612961, 28.167609, 0.0 ], [ 73.1613012, 28.1673058, 0.0 ] ], [ [ 73.1612452, 28.167305, 0.0 ], [ 73.1612684, 28.1673053, 0.0 ], [ 73.1612632, 28.1676086, 0.0 ], [ 73.1612401, 28.1676083, 0.0 ], [ 73.1612452, 28.167305, 0.0 ] ], [ [ 73.161191, 28.1672001, 0.0 ], [ 73.1612142, 28.1672004, 0.0 ], [ 73.161209, 28.1675037, 0.0 ], [ 73.1611858, 28.1675034, 0.0 ], [ 73.161191, 28.1672001, 0.0 ] ], [ [ 73.161135, 28.1671993, 0.0 ], [ 73.1611582, 28.1671996, 0.0 ], [ 73.161153, 28.1675029, 0.0 ], [ 73.1611298, 28.1675026, 0.0 ], [ 73.161135, 28.1671993, 0.0 ] ], [ [ 73.1611857, 28.1675118, 0.0 ], [ 73.1612088, 28.1675121, 0.0 ], [ 73.1612036, 28.1678154, 0.0 ], [ 73.1611805, 28.167815, 0.0 ], [ 73.1611857, 28.1675118, 0.0 ] ], [ [ 73.1611297, 28.167511, 0.0 ], [ 73.1611528, 28.1675113, 0.0 ], [ 73.1611477, 28.1678146, 0.0 ], [ 73.1611245, 28.1678143, 0.0 ], [ 73.1611297, 28.167511, 0.0 ] ], [ [ 73.161079, 28.1671986, 0.0 ], [ 73.1611022, 28.1671989, 0.0 ], [ 73.161097, 28.1675022, 0.0 ], [ 73.1610739, 28.1675019, 0.0 ], [ 73.161079, 28.1671986, 0.0 ] ], [ [ 73.161023, 28.1671978, 0.0 ], [ 73.1610462, 28.1671981, 0.0 ], [ 73.161041, 28.1675014, 0.0 ], [ 73.1610179, 28.1675011, 0.0 ], [ 73.161023, 28.1671978, 0.0 ] ], [ [ 73.1610737, 28.1675103, 0.0 ], [ 73.1610968, 28.1675106, 0.0 ], [ 73.1610917, 28.1678139, 0.0 ], [ 73.1610685, 28.1678135, 0.0 ], [ 73.1610737, 28.1675103, 0.0 ] ], [ [ 73.1610177, 28.1675095, 0.0 ], [ 73.1610408, 28.1675098, 0.0 ], [ 73.1610357, 28.1678131, 0.0 ], [ 73.1610125, 28.1678128, 0.0 ], [ 73.1610177, 28.1675095, 0.0 ] ], [ [ 73.160967, 28.1671971, 0.0 ], [ 73.1609902, 28.1671974, 0.0 ], [ 73.160985, 28.1675007, 0.0 ], [ 73.1609619, 28.1675003, 0.0 ], [ 73.160967, 28.1671971, 0.0 ] ], [ [ 73.1609111, 28.1671963, 0.0 ], [ 73.1609342, 28.1671966, 0.0 ], [ 73.160929, 28.1674999, 0.0 ], [ 73.1609059, 28.1674996, 0.0 ], [ 73.1609111, 28.1671963, 0.0 ] ], [ [ 73.1609617, 28.1675088, 0.0 ], [ 73.1609848, 28.1675091, 0.0 ], [ 73.1609797, 28.1678123, 0.0 ], [ 73.1609565, 28.167812, 0.0 ], [ 73.1609617, 28.1675088, 0.0 ] ], [ [ 73.1609057, 28.167508, 0.0 ], [ 73.1609289, 28.1675083, 0.0 ], [ 73.1609237, 28.1678116, 0.0 ], [ 73.1609005, 28.1678113, 0.0 ], [ 73.1609057, 28.167508, 0.0 ] ], [ [ 73.1608551, 28.1671956, 0.0 ], [ 73.1608782, 28.1671959, 0.0 ], [ 73.160873, 28.1674992, 0.0 ], [ 73.1608499, 28.1674988, 0.0 ], [ 73.1608551, 28.1671956, 0.0 ] ], [ [ 73.1607991, 28.1671948, 0.0 ], [ 73.1608222, 28.1671951, 0.0 ], [ 73.160817, 28.1674984, 0.0 ], [ 73.1607939, 28.1674981, 0.0 ], [ 73.1607991, 28.1671948, 0.0 ] ], [ [ 73.1608497, 28.1675073, 0.0 ], [ 73.1608729, 28.1675076, 0.0 ], [ 73.1608677, 28.1678108, 0.0 ], [ 73.1608445, 28.1678105, 0.0 ], [ 73.1608497, 28.1675073, 0.0 ] ], [ [ 73.1607937, 28.1675065, 0.0 ], [ 73.1608169, 28.1675068, 0.0 ], [ 73.1608117, 28.1678101, 0.0 ], [ 73.1607885, 28.1678098, 0.0 ], [ 73.1607937, 28.1675065, 0.0 ] ], [ [ 73.1607431, 28.1671941, 0.0 ], [ 73.1607662, 28.1671944, 0.0 ], [ 73.160761, 28.1674976, 0.0 ], [ 73.1607379, 28.1674973, 0.0 ], [ 73.1607431, 28.1671941, 0.0 ] ], [ [ 73.1606871, 28.1671933, 0.0 ], [ 73.1607102, 28.1671936, 0.0 ], [ 73.160705, 28.1674969, 0.0 ], [ 73.1606819, 28.1674966, 0.0 ], [ 73.1606871, 28.1671933, 0.0 ] ], [ [ 73.1607377, 28.1675058, 0.0 ], [ 73.1607609, 28.1675061, 0.0 ], [ 73.1607557, 28.1678093, 0.0 ], [ 73.1607325, 28.167809, 0.0 ], [ 73.1607377, 28.1675058, 0.0 ] ], [ [ 73.1606817, 28.167505, 0.0 ], [ 73.1607049, 28.1675053, 0.0 ], [ 73.1606997, 28.1678086, 0.0 ], [ 73.1606765, 28.1678083, 0.0 ], [ 73.1606817, 28.167505, 0.0 ] ], [ [ 73.1606311, 28.1671926, 0.0 ], [ 73.1606542, 28.1671929, 0.0 ], [ 73.160649, 28.1674961, 0.0 ], [ 73.1606259, 28.1674958, 0.0 ], [ 73.1606311, 28.1671926, 0.0 ] ], [ [ 73.1605751, 28.1671918, 0.0 ], [ 73.1605982, 28.1671921, 0.0 ], [ 73.160593, 28.1674954, 0.0 ], [ 73.1605699, 28.1674951, 0.0 ], [ 73.1605751, 28.1671918, 0.0 ] ], [ [ 73.1606257, 28.1675043, 0.0 ], [ 73.1606489, 28.1675046, 0.0 ], [ 73.1606437, 28.1678078, 0.0 ], [ 73.1606206, 28.1678075, 0.0 ], [ 73.1606257, 28.1675043, 0.0 ] ], [ [ 73.1605697, 28.1675035, 0.0 ], [ 73.1605929, 28.1675038, 0.0 ], [ 73.1605877, 28.1678071, 0.0 ], [ 73.1605646, 28.1678068, 0.0 ], [ 73.1605697, 28.1675035, 0.0 ] ], [ [ 73.1605191, 28.1671911, 0.0 ], [ 73.1605422, 28.1671914, 0.0 ], [ 73.160537, 28.1674946, 0.0 ], [ 73.1605139, 28.1674943, 0.0 ], [ 73.1605191, 28.1671911, 0.0 ] ], [ [ 73.1604631, 28.1671903, 0.0 ], [ 73.1604862, 28.1671906, 0.0 ], [ 73.160481, 28.1674939, 0.0 ], [ 73.1604579, 28.1674936, 0.0 ], [ 73.1604631, 28.1671903, 0.0 ] ], [ [ 73.1605137, 28.1675027, 0.0 ], [ 73.1605369, 28.1675031, 0.0 ], [ 73.1605317, 28.1678063, 0.0 ], [ 73.1605086, 28.167806, 0.0 ], [ 73.1605137, 28.1675027, 0.0 ] ], [ [ 73.1604578, 28.167502, 0.0 ], [ 73.1604809, 28.1675023, 0.0 ], [ 73.1604757, 28.1678056, 0.0 ], [ 73.1604526, 28.1678053, 0.0 ], [ 73.1604578, 28.167502, 0.0 ] ], [ [ 73.1604071, 28.1671896, 0.0 ], [ 73.1604302, 28.1671899, 0.0 ], [ 73.160425, 28.1674931, 0.0 ], [ 73.1604019, 28.1674928, 0.0 ], [ 73.1604071, 28.1671896, 0.0 ] ], [ [ 73.1603511, 28.1671888, 0.0 ], [ 73.1603742, 28.1671891, 0.0 ], [ 73.160369, 28.1674924, 0.0 ], [ 73.1603459, 28.1674921, 0.0 ], [ 73.1603511, 28.1671888, 0.0 ] ], [ [ 73.1604018, 28.1675012, 0.0 ], [ 73.1604249, 28.1675016, 0.0 ], [ 73.1604197, 28.1678048, 0.0 ], [ 73.1603966, 28.1678045, 0.0 ], [ 73.1604018, 28.1675012, 0.0 ] ], [ [ 73.1603458, 28.1675005, 0.0 ], [ 73.1603689, 28.1675008, 0.0 ], [ 73.1603637, 28.1678041, 0.0 ], [ 73.1603406, 28.1678038, 0.0 ], [ 73.1603458, 28.1675005, 0.0 ] ], [ [ 73.1602986, 28.1669805, 0.0 ], [ 73.1603218, 28.1669808, 0.0 ], [ 73.1603166, 28.1672841, 0.0 ], [ 73.1602935, 28.1672838, 0.0 ], [ 73.1602986, 28.1669805, 0.0 ] ], [ [ 73.1602426, 28.1669798, 0.0 ], [ 73.1602658, 28.1669801, 0.0 ], [ 73.1602606, 28.1672834, 0.0 ], [ 73.1602375, 28.1672831, 0.0 ], [ 73.1602426, 28.1669798, 0.0 ] ], [ [ 73.1602933, 28.1672922, 0.0 ], [ 73.1603164, 28.1672925, 0.0 ], [ 73.1603113, 28.1675958, 0.0 ], [ 73.1602881, 28.1675955, 0.0 ], [ 73.1602933, 28.1672922, 0.0 ] ], [ [ 73.1602373, 28.1672915, 0.0 ], [ 73.1602604, 28.1672918, 0.0 ], [ 73.1602553, 28.1675951, 0.0 ], [ 73.1602321, 28.1675947, 0.0 ], [ 73.1602373, 28.1672915, 0.0 ] ], [ [ 73.1601867, 28.166979, 0.0 ], [ 73.1602098, 28.1669793, 0.0 ], [ 73.1602046, 28.1672826, 0.0 ], [ 73.1601815, 28.1672823, 0.0 ], [ 73.1601867, 28.166979, 0.0 ] ], [ [ 73.1601307, 28.1669783, 0.0 ], [ 73.1601538, 28.1669786, 0.0 ], [ 73.1601486, 28.1672819, 0.0 ], [ 73.1601255, 28.1672815, 0.0 ], [ 73.1601307, 28.1669783, 0.0 ] ], [ [ 73.1601813, 28.1672907, 0.0 ], [ 73.1602045, 28.167291, 0.0 ], [ 73.1601993, 28.1675943, 0.0 ], [ 73.1601761, 28.167594, 0.0 ], [ 73.1601813, 28.1672907, 0.0 ] ], [ [ 73.1601253, 28.16729, 0.0 ], [ 73.1601485, 28.1672903, 0.0 ], [ 73.1601433, 28.1675935, 0.0 ], [ 73.1601201, 28.1675932, 0.0 ], [ 73.1601253, 28.16729, 0.0 ] ], [ [ 73.1627792, 28.1725904, 0.0 ], [ 73.1628023, 28.1725907, 0.0 ], [ 73.1627971, 28.1728939, 0.0 ], [ 73.162774, 28.1728936, 0.0 ], [ 73.1627792, 28.1725904, 0.0 ] ], [ [ 73.1627232, 28.1725896, 0.0 ], [ 73.1627463, 28.1725899, 0.0 ], [ 73.1627411, 28.1728932, 0.0 ], [ 73.162718, 28.1728929, 0.0 ], [ 73.1627232, 28.1725896, 0.0 ] ], [ [ 73.1627739, 28.172902, 0.0 ], [ 73.162797, 28.1729023, 0.0 ], [ 73.1627918, 28.1732056, 0.0 ], [ 73.1627687, 28.1732053, 0.0 ], [ 73.1627739, 28.172902, 0.0 ] ], [ [ 73.1627179, 28.1729013, 0.0 ], [ 73.162741, 28.1729016, 0.0 ], [ 73.1627358, 28.1732049, 0.0 ], [ 73.1627127, 28.1732046, 0.0 ], [ 73.1627179, 28.1729013, 0.0 ] ], [ [ 73.1627898, 28.1719709, 0.0 ], [ 73.1628129, 28.1719712, 0.0 ], [ 73.1628077, 28.1722745, 0.0 ], [ 73.1627846, 28.1722742, 0.0 ], [ 73.1627898, 28.1719709, 0.0 ] ], [ [ 73.1627338, 28.1719701, 0.0 ], [ 73.1627569, 28.1719704, 0.0 ], [ 73.1627517, 28.1722737, 0.0 ], [ 73.1627286, 28.1722734, 0.0 ], [ 73.1627338, 28.1719701, 0.0 ] ], [ [ 73.1627845, 28.1722826, 0.0 ], [ 73.1628076, 28.1722829, 0.0 ], [ 73.1628024, 28.1725861, 0.0 ], [ 73.1627793, 28.1725858, 0.0 ], [ 73.1627845, 28.1722826, 0.0 ] ], [ [ 73.1627285, 28.1722818, 0.0 ], [ 73.1627516, 28.1722821, 0.0 ], [ 73.1627464, 28.1725854, 0.0 ], [ 73.1627233, 28.1725851, 0.0 ], [ 73.1627285, 28.1722818, 0.0 ] ], [ [ 73.1628004, 28.1713514, 0.0 ], [ 73.1628235, 28.1713517, 0.0 ], [ 73.1628183, 28.171655, 0.0 ], [ 73.1627952, 28.1716547, 0.0 ], [ 73.1628004, 28.1713514, 0.0 ] ], [ [ 73.1627444, 28.1713507, 0.0 ], [ 73.1627675, 28.171351, 0.0 ], [ 73.1627623, 28.1716542, 0.0 ], [ 73.1627392, 28.1716539, 0.0 ], [ 73.1627444, 28.1713507, 0.0 ] ], [ [ 73.162795, 28.1716631, 0.0 ], [ 73.1628182, 28.1716634, 0.0 ], [ 73.162813, 28.1719667, 0.0 ], [ 73.1627899, 28.1719664, 0.0 ], [ 73.162795, 28.1716631, 0.0 ] ], [ [ 73.162739, 28.1716623, 0.0 ], [ 73.1627622, 28.1716627, 0.0 ], [ 73.162757, 28.1719659, 0.0 ], [ 73.1627339, 28.1719656, 0.0 ], [ 73.162739, 28.1716623, 0.0 ] ], [ [ 73.162811, 28.1707319, 0.0 ], [ 73.1628341, 28.1707323, 0.0 ], [ 73.1628289, 28.1710355, 0.0 ], [ 73.1628058, 28.1710352, 0.0 ], [ 73.162811, 28.1707319, 0.0 ] ], [ [ 73.162755, 28.1707312, 0.0 ], [ 73.1627781, 28.1707315, 0.0 ], [ 73.1627729, 28.1710348, 0.0 ], [ 73.1627498, 28.1710345, 0.0 ], [ 73.162755, 28.1707312, 0.0 ] ], [ [ 73.1628056, 28.1710436, 0.0 ], [ 73.1628288, 28.1710439, 0.0 ], [ 73.1628236, 28.1713472, 0.0 ], [ 73.1628004, 28.1713469, 0.0 ], [ 73.1628056, 28.1710436, 0.0 ] ], [ [ 73.1627496, 28.1710429, 0.0 ], [ 73.1627728, 28.1710432, 0.0 ], [ 73.1627676, 28.1713465, 0.0 ], [ 73.1627444, 28.1713461, 0.0 ], [ 73.1627496, 28.1710429, 0.0 ] ], [ [ 73.1628215, 28.1701125, 0.0 ], [ 73.1628447, 28.1701128, 0.0 ], [ 73.1628395, 28.1704161, 0.0 ], [ 73.1628164, 28.1704157, 0.0 ], [ 73.1628215, 28.1701125, 0.0 ] ], [ [ 73.1627655, 28.1701117, 0.0 ], [ 73.1627887, 28.170112, 0.0 ], [ 73.1627835, 28.1704153, 0.0 ], [ 73.1627604, 28.170415, 0.0 ], [ 73.1627655, 28.1701117, 0.0 ] ], [ [ 73.1628162, 28.1704242, 0.0 ], [ 73.1628393, 28.1704245, 0.0 ], [ 73.1628342, 28.1707277, 0.0 ], [ 73.162811, 28.1707274, 0.0 ], [ 73.1628162, 28.1704242, 0.0 ] ], [ [ 73.1627602, 28.1704234, 0.0 ], [ 73.1627833, 28.1704237, 0.0 ], [ 73.1627782, 28.170727, 0.0 ], [ 73.162755, 28.1707267, 0.0 ], [ 73.1627602, 28.1704234, 0.0 ] ], [ [ 73.1628321, 28.169493, 0.0 ], [ 73.1628553, 28.1694933, 0.0 ], [ 73.1628501, 28.1697966, 0.0 ], [ 73.1628269, 28.1697963, 0.0 ], [ 73.1628321, 28.169493, 0.0 ] ], [ [ 73.1627761, 28.1694922, 0.0 ], [ 73.1627993, 28.1694926, 0.0 ], [ 73.1627941, 28.1697958, 0.0 ], [ 73.1627709, 28.1697955, 0.0 ], [ 73.1627761, 28.1694922, 0.0 ] ], [ [ 73.1628268, 28.1698047, 0.0 ], [ 73.1628499, 28.169805, 0.0 ], [ 73.1628447, 28.1701083, 0.0 ], [ 73.1628216, 28.170108, 0.0 ], [ 73.1628268, 28.1698047, 0.0 ] ], [ [ 73.1627708, 28.1698039, 0.0 ], [ 73.1627939, 28.1698042, 0.0 ], [ 73.1627888, 28.1701075, 0.0 ], [ 73.1627656, 28.1701072, 0.0 ], [ 73.1627708, 28.1698039, 0.0 ] ], [ [ 73.1628427, 28.1688735, 0.0 ], [ 73.1628658, 28.1688738, 0.0 ], [ 73.1628607, 28.1691771, 0.0 ], [ 73.1628375, 28.1691768, 0.0 ], [ 73.1628427, 28.1688735, 0.0 ] ], [ [ 73.1627867, 28.1688728, 0.0 ], [ 73.1628098, 28.1688731, 0.0 ], [ 73.1628047, 28.1691764, 0.0 ], [ 73.1627815, 28.169176, 0.0 ], [ 73.1627867, 28.1688728, 0.0 ] ], [ [ 73.1628374, 28.1691852, 0.0 ], [ 73.1628605, 28.1691855, 0.0 ], [ 73.1628553, 28.1694888, 0.0 ], [ 73.1628322, 28.1694885, 0.0 ], [ 73.1628374, 28.1691852, 0.0 ] ], [ [ 73.1627814, 28.1691845, 0.0 ], [ 73.1628045, 28.1691848, 0.0 ], [ 73.1627993, 28.169488, 0.0 ], [ 73.1627762, 28.1694877, 0.0 ], [ 73.1627814, 28.1691845, 0.0 ] ], [ [ 73.1627126, 28.1732091, 0.0 ], [ 73.1627357, 28.1732094, 0.0 ], [ 73.1627306, 28.1735126, 0.0 ], [ 73.1627074, 28.1735123, 0.0 ], [ 73.1627126, 28.1732091, 0.0 ] ], [ [ 73.1626566, 28.1732083, 0.0 ], [ 73.1626797, 28.1732086, 0.0 ], [ 73.1626746, 28.1735119, 0.0 ], [ 73.1626514, 28.1735116, 0.0 ], [ 73.1626566, 28.1732083, 0.0 ] ], [ [ 73.1627073, 28.1735208, 0.0 ], [ 73.1627304, 28.1735211, 0.0 ], [ 73.1627252, 28.1738243, 0.0 ], [ 73.1627021, 28.173824, 0.0 ], [ 73.1627073, 28.1735208, 0.0 ] ], [ [ 73.1626513, 28.17352, 0.0 ], [ 73.1626744, 28.1735203, 0.0 ], [ 73.1626692, 28.1738236, 0.0 ], [ 73.1626461, 28.1738233, 0.0 ], [ 73.1626513, 28.17352, 0.0 ] ], [ [ 73.1626672, 28.1725888, 0.0 ], [ 73.1626903, 28.1725892, 0.0 ], [ 73.1626851, 28.1728924, 0.0 ], [ 73.162662, 28.1728921, 0.0 ], [ 73.1626672, 28.1725888, 0.0 ] ], [ [ 73.1626112, 28.1725881, 0.0 ], [ 73.1626343, 28.1725884, 0.0 ], [ 73.1626291, 28.1728917, 0.0 ], [ 73.162606, 28.1728914, 0.0 ], [ 73.1626112, 28.1725881, 0.0 ] ], [ [ 73.1626619, 28.1729005, 0.0 ], [ 73.162685, 28.1729008, 0.0 ], [ 73.1626798, 28.1732041, 0.0 ], [ 73.1626567, 28.1732038, 0.0 ], [ 73.1626619, 28.1729005, 0.0 ] ], [ [ 73.1626059, 28.1728998, 0.0 ], [ 73.162629, 28.1729001, 0.0 ], [ 73.1626238, 28.1732034, 0.0 ], [ 73.1626007, 28.1732031, 0.0 ], [ 73.1626059, 28.1728998, 0.0 ] ], [ [ 73.1626778, 28.1719694, 0.0 ], [ 73.1627009, 28.1719697, 0.0 ], [ 73.1626957, 28.172273, 0.0 ], [ 73.1626726, 28.1722726, 0.0 ], [ 73.1626778, 28.1719694, 0.0 ] ], [ [ 73.1626218, 28.1719686, 0.0 ], [ 73.1626449, 28.1719689, 0.0 ], [ 73.1626397, 28.1722722, 0.0 ], [ 73.1626166, 28.1722719, 0.0 ], [ 73.1626218, 28.1719686, 0.0 ] ], [ [ 73.1626725, 28.1722811, 0.0 ], [ 73.1626956, 28.1722814, 0.0 ], [ 73.1626904, 28.1725846, 0.0 ], [ 73.1626673, 28.1725843, 0.0 ], [ 73.1626725, 28.1722811, 0.0 ] ], [ [ 73.1626165, 28.1722803, 0.0 ], [ 73.1626396, 28.1722806, 0.0 ], [ 73.1626344, 28.1725839, 0.0 ], [ 73.1626113, 28.1725836, 0.0 ], [ 73.1626165, 28.1722803, 0.0 ] ], [ [ 73.1626884, 28.1713499, 0.0 ], [ 73.1627115, 28.1713502, 0.0 ], [ 73.1627063, 28.1716535, 0.0 ], [ 73.1626832, 28.1716532, 0.0 ], [ 73.1626884, 28.1713499, 0.0 ] ], [ [ 73.1626324, 28.1713492, 0.0 ], [ 73.1626555, 28.1713495, 0.0 ], [ 73.1626503, 28.1716527, 0.0 ], [ 73.1626272, 28.1716524, 0.0 ], [ 73.1626324, 28.1713492, 0.0 ] ], [ [ 73.162683, 28.1716616, 0.0 ], [ 73.1627062, 28.1716619, 0.0 ], [ 73.162701, 28.1719652, 0.0 ], [ 73.1626779, 28.1719649, 0.0 ], [ 73.162683, 28.1716616, 0.0 ] ], [ [ 73.162627, 28.1716608, 0.0 ], [ 73.1626502, 28.1716612, 0.0 ], [ 73.162645, 28.1719644, 0.0 ], [ 73.1626219, 28.1719641, 0.0 ], [ 73.162627, 28.1716608, 0.0 ] ], [ [ 73.162699, 28.1707304, 0.0 ], [ 73.1627221, 28.1707307, 0.0 ], [ 73.1627169, 28.171034, 0.0 ], [ 73.1626938, 28.1710337, 0.0 ], [ 73.162699, 28.1707304, 0.0 ] ], [ [ 73.162643, 28.1707297, 0.0 ], [ 73.1626661, 28.17073, 0.0 ], [ 73.1626609, 28.1710333, 0.0 ], [ 73.1626378, 28.171033, 0.0 ], [ 73.162643, 28.1707297, 0.0 ] ], [ [ 73.1626936, 28.1710421, 0.0 ], [ 73.1627168, 28.1710424, 0.0 ], [ 73.1627116, 28.1713457, 0.0 ], [ 73.1626884, 28.1713454, 0.0 ], [ 73.1626936, 28.1710421, 0.0 ] ], [ [ 73.1626376, 28.1710414, 0.0 ], [ 73.1626608, 28.1710417, 0.0 ], [ 73.1626556, 28.171345, 0.0 ], [ 73.1626324, 28.1713446, 0.0 ], [ 73.1626376, 28.1710414, 0.0 ] ], [ [ 73.1627095, 28.170111, 0.0 ], [ 73.1627327, 28.1701113, 0.0 ], [ 73.1627275, 28.1704145, 0.0 ], [ 73.1627044, 28.1704142, 0.0 ], [ 73.1627095, 28.170111, 0.0 ] ], [ [ 73.1626535, 28.1701102, 0.0 ], [ 73.1626767, 28.1701105, 0.0 ], [ 73.1626715, 28.1704138, 0.0 ], [ 73.1626484, 28.1704135, 0.0 ], [ 73.1626535, 28.1701102, 0.0 ] ], [ [ 73.1627042, 28.1704227, 0.0 ], [ 73.1627273, 28.170423, 0.0 ], [ 73.1627222, 28.1707262, 0.0 ], [ 73.162699, 28.1707259, 0.0 ], [ 73.1627042, 28.1704227, 0.0 ] ], [ [ 73.1626482, 28.1704219, 0.0 ], [ 73.1626714, 28.1704222, 0.0 ], [ 73.1626662, 28.1707255, 0.0 ], [ 73.162643, 28.1707252, 0.0 ], [ 73.1626482, 28.1704219, 0.0 ] ], [ [ 73.1627201, 28.1694915, 0.0 ], [ 73.1627433, 28.1694918, 0.0 ], [ 73.1627381, 28.1697951, 0.0 ], [ 73.1627149, 28.1697948, 0.0 ], [ 73.1627201, 28.1694915, 0.0 ] ], [ [ 73.1626641, 28.1694907, 0.0 ], [ 73.1626873, 28.1694911, 0.0 ], [ 73.1626821, 28.1697943, 0.0 ], [ 73.1626589, 28.169794, 0.0 ], [ 73.1626641, 28.1694907, 0.0 ] ], [ [ 73.1627148, 28.1698032, 0.0 ], [ 73.1627379, 28.1698035, 0.0 ], [ 73.1627328, 28.1701068, 0.0 ], [ 73.1627096, 28.1701065, 0.0 ], [ 73.1627148, 28.1698032, 0.0 ] ], [ [ 73.1626588, 28.1698024, 0.0 ], [ 73.1626819, 28.1698027, 0.0 ], [ 73.1626768, 28.170106, 0.0 ], [ 73.1626536, 28.1701057, 0.0 ], [ 73.1626588, 28.1698024, 0.0 ] ], [ [ 73.1627307, 28.168872, 0.0 ], [ 73.1627538, 28.1688723, 0.0 ], [ 73.1627487, 28.1691756, 0.0 ], [ 73.1627255, 28.1691753, 0.0 ], [ 73.1627307, 28.168872, 0.0 ] ], [ [ 73.1626747, 28.1688713, 0.0 ], [ 73.1626978, 28.1688716, 0.0 ], [ 73.1626927, 28.1691749, 0.0 ], [ 73.1626695, 28.1691745, 0.0 ], [ 73.1626747, 28.1688713, 0.0 ] ], [ [ 73.1627254, 28.1691837, 0.0 ], [ 73.1627485, 28.169184, 0.0 ], [ 73.1627433, 28.1694873, 0.0 ], [ 73.1627202, 28.169487, 0.0 ], [ 73.1627254, 28.1691837, 0.0 ] ], [ [ 73.1626694, 28.169183, 0.0 ], [ 73.1626925, 28.1691833, 0.0 ], [ 73.1626873, 28.1694865, 0.0 ], [ 73.1626642, 28.1694862, 0.0 ], [ 73.1626694, 28.169183, 0.0 ] ], [ [ 73.1625552, 28.1725873, 0.0 ], [ 73.1625783, 28.1725877, 0.0 ], [ 73.1625731, 28.1728909, 0.0 ], [ 73.16255, 28.1728906, 0.0 ], [ 73.1625552, 28.1725873, 0.0 ] ], [ [ 73.1624992, 28.1725866, 0.0 ], [ 73.1625223, 28.1725869, 0.0 ], [ 73.1625171, 28.1728902, 0.0 ], [ 73.162494, 28.1728899, 0.0 ], [ 73.1624992, 28.1725866, 0.0 ] ], [ [ 73.1625499, 28.172899, 0.0 ], [ 73.162573, 28.1728993, 0.0 ], [ 73.1625678, 28.1732026, 0.0 ], [ 73.1625447, 28.1732023, 0.0 ], [ 73.1625499, 28.172899, 0.0 ] ], [ [ 73.1624939, 28.1728983, 0.0 ], [ 73.162517, 28.1728986, 0.0 ], [ 73.1625118, 28.1732019, 0.0 ], [ 73.1624887, 28.1732016, 0.0 ], [ 73.1624939, 28.1728983, 0.0 ] ], [ [ 73.1625658, 28.1719679, 0.0 ], [ 73.1625889, 28.1719682, 0.0 ], [ 73.1625837, 28.1722715, 0.0 ], [ 73.1625606, 28.1722711, 0.0 ], [ 73.1625658, 28.1719679, 0.0 ] ], [ [ 73.1625098, 28.1719671, 0.0 ], [ 73.1625329, 28.1719674, 0.0 ], [ 73.1625277, 28.1722707, 0.0 ], [ 73.1625046, 28.1722704, 0.0 ], [ 73.1625098, 28.1719671, 0.0 ] ], [ [ 73.1625605, 28.1722796, 0.0 ], [ 73.1625836, 28.1722799, 0.0 ], [ 73.1625784, 28.1725831, 0.0 ], [ 73.1625553, 28.1725828, 0.0 ], [ 73.1625605, 28.1722796, 0.0 ] ], [ [ 73.1625045, 28.1722788, 0.0 ], [ 73.1625276, 28.1722791, 0.0 ], [ 73.1625224, 28.1725824, 0.0 ], [ 73.1624993, 28.1725821, 0.0 ], [ 73.1625045, 28.1722788, 0.0 ] ], [ [ 73.1625764, 28.1713484, 0.0 ], [ 73.1625995, 28.1713487, 0.0 ], [ 73.1625943, 28.171652, 0.0 ], [ 73.1625712, 28.1716517, 0.0 ], [ 73.1625764, 28.1713484, 0.0 ] ], [ [ 73.1625204, 28.1713477, 0.0 ], [ 73.1625435, 28.171348, 0.0 ], [ 73.1625383, 28.1716512, 0.0 ], [ 73.1625152, 28.1716509, 0.0 ], [ 73.1625204, 28.1713477, 0.0 ] ], [ [ 73.162571, 28.1716601, 0.0 ], [ 73.1625942, 28.1716604, 0.0 ], [ 73.162589, 28.1719637, 0.0 ], [ 73.1625659, 28.1719634, 0.0 ], [ 73.162571, 28.1716601, 0.0 ] ], [ [ 73.162515, 28.1716593, 0.0 ], [ 73.1625382, 28.1716597, 0.0 ], [ 73.162533, 28.1719629, 0.0 ], [ 73.1625099, 28.1719626, 0.0 ], [ 73.162515, 28.1716593, 0.0 ] ], [ [ 73.162587, 28.1707289, 0.0 ], [ 73.1626101, 28.1707292, 0.0 ], [ 73.1626049, 28.1710325, 0.0 ], [ 73.1625818, 28.1710322, 0.0 ], [ 73.162587, 28.1707289, 0.0 ] ], [ [ 73.162531, 28.1707282, 0.0 ], [ 73.1625541, 28.1707285, 0.0 ], [ 73.1625489, 28.1710318, 0.0 ], [ 73.1625258, 28.1710315, 0.0 ], [ 73.162531, 28.1707282, 0.0 ] ], [ [ 73.1625816, 28.1710406, 0.0 ], [ 73.1626048, 28.1710409, 0.0 ], [ 73.1625996, 28.1713442, 0.0 ], [ 73.1625765, 28.1713439, 0.0 ], [ 73.1625816, 28.1710406, 0.0 ] ], [ [ 73.1625256, 28.1710399, 0.0 ], [ 73.1625488, 28.1710402, 0.0 ], [ 73.1625436, 28.1713435, 0.0 ], [ 73.1625205, 28.1713431, 0.0 ], [ 73.1625256, 28.1710399, 0.0 ] ], [ [ 73.1625975, 28.1701095, 0.0 ], [ 73.1626207, 28.1701098, 0.0 ], [ 73.1626155, 28.170413, 0.0 ], [ 73.1625924, 28.1704127, 0.0 ], [ 73.1625975, 28.1701095, 0.0 ] ], [ [ 73.1625416, 28.1701087, 0.0 ], [ 73.1625647, 28.170109, 0.0 ], [ 73.1625595, 28.1704123, 0.0 ], [ 73.1625364, 28.170412, 0.0 ], [ 73.1625416, 28.1701087, 0.0 ] ], [ [ 73.1625922, 28.1704212, 0.0 ], [ 73.1626154, 28.1704215, 0.0 ], [ 73.1626102, 28.1707247, 0.0 ], [ 73.162587, 28.1707244, 0.0 ], [ 73.1625922, 28.1704212, 0.0 ] ], [ [ 73.1625362, 28.1704204, 0.0 ], [ 73.1625594, 28.1704207, 0.0 ], [ 73.1625542, 28.170724, 0.0 ], [ 73.162531, 28.1707237, 0.0 ], [ 73.1625362, 28.1704204, 0.0 ] ], [ [ 73.1626081, 28.16949, 0.0 ], [ 73.1626313, 28.1694903, 0.0 ], [ 73.1626261, 28.1697936, 0.0 ], [ 73.162603, 28.1697933, 0.0 ], [ 73.1626081, 28.16949, 0.0 ] ], [ [ 73.1625521, 28.1694892, 0.0 ], [ 73.1625753, 28.1694896, 0.0 ], [ 73.1625701, 28.1697928, 0.0 ], [ 73.162547, 28.1697925, 0.0 ], [ 73.1625521, 28.1694892, 0.0 ] ], [ [ 73.1626028, 28.1698017, 0.0 ], [ 73.1626259, 28.169802, 0.0 ], [ 73.1626208, 28.1701053, 0.0 ], [ 73.1625976, 28.170105, 0.0 ], [ 73.1626028, 28.1698017, 0.0 ] ], [ [ 73.1625468, 28.1698009, 0.0 ], [ 73.1625699, 28.1698012, 0.0 ], [ 73.1625648, 28.1701045, 0.0 ], [ 73.1625416, 28.1701042, 0.0 ], [ 73.1625468, 28.1698009, 0.0 ] ], [ [ 73.1626187, 28.1688705, 0.0 ], [ 73.1626419, 28.1688708, 0.0 ], [ 73.1626367, 28.1691741, 0.0 ], [ 73.1626135, 28.1691738, 0.0 ], [ 73.1626187, 28.1688705, 0.0 ] ], [ [ 73.1625627, 28.1688698, 0.0 ], [ 73.1625859, 28.1688701, 0.0 ], [ 73.1625807, 28.1691734, 0.0 ], [ 73.1625575, 28.169173, 0.0 ], [ 73.1625627, 28.1688698, 0.0 ] ], [ [ 73.1626134, 28.1691822, 0.0 ], [ 73.1626365, 28.1691825, 0.0 ], [ 73.1626313, 28.1694858, 0.0 ], [ 73.1626082, 28.1694855, 0.0 ], [ 73.1626134, 28.1691822, 0.0 ] ], [ [ 73.1625574, 28.1691815, 0.0 ], [ 73.1625805, 28.1691818, 0.0 ], [ 73.1625753, 28.169485, 0.0 ], [ 73.1625522, 28.1694847, 0.0 ], [ 73.1625574, 28.1691815, 0.0 ] ], [ [ 73.1624432, 28.1725858, 0.0 ], [ 73.1624663, 28.1725862, 0.0 ], [ 73.1624611, 28.1728894, 0.0 ], [ 73.162438, 28.1728891, 0.0 ], [ 73.1624432, 28.1725858, 0.0 ] ], [ [ 73.1623872, 28.1725851, 0.0 ], [ 73.1624103, 28.1725854, 0.0 ], [ 73.1624052, 28.1728887, 0.0 ], [ 73.162382, 28.1728884, 0.0 ], [ 73.1623872, 28.1725851, 0.0 ] ], [ [ 73.1624379, 28.1728975, 0.0 ], [ 73.162461, 28.1728978, 0.0 ], [ 73.1624558, 28.1732011, 0.0 ], [ 73.1624327, 28.1732008, 0.0 ], [ 73.1624379, 28.1728975, 0.0 ] ], [ [ 73.1623819, 28.1728968, 0.0 ], [ 73.162405, 28.1728971, 0.0 ], [ 73.1623998, 28.1732004, 0.0 ], [ 73.1623767, 28.1732, 0.0 ], [ 73.1623819, 28.1728968, 0.0 ] ], [ [ 73.1624538, 28.1719664, 0.0 ], [ 73.1624769, 28.1719667, 0.0 ], [ 73.1624717, 28.17227, 0.0 ], [ 73.1624486, 28.1722696, 0.0 ], [ 73.1624538, 28.1719664, 0.0 ] ], [ [ 73.1623978, 28.1719656, 0.0 ], [ 73.1624209, 28.1719659, 0.0 ], [ 73.1624157, 28.1722692, 0.0 ], [ 73.1623926, 28.1722689, 0.0 ], [ 73.1623978, 28.1719656, 0.0 ] ], [ [ 73.1624485, 28.1722781, 0.0 ], [ 73.1624716, 28.1722784, 0.0 ], [ 73.1624664, 28.1725816, 0.0 ], [ 73.1624433, 28.1725813, 0.0 ], [ 73.1624485, 28.1722781, 0.0 ] ], [ [ 73.1623925, 28.1722773, 0.0 ], [ 73.1624156, 28.1722776, 0.0 ], [ 73.1624104, 28.1725809, 0.0 ], [ 73.1623873, 28.1725806, 0.0 ], [ 73.1623925, 28.1722773, 0.0 ] ], [ [ 73.1624644, 28.1713469, 0.0 ], [ 73.1624875, 28.1713472, 0.0 ], [ 73.1624823, 28.1716505, 0.0 ], [ 73.1624592, 28.1716502, 0.0 ], [ 73.1624644, 28.1713469, 0.0 ] ], [ [ 73.1624084, 28.1713461, 0.0 ], [ 73.1624315, 28.1713465, 0.0 ], [ 73.1624263, 28.1716497, 0.0 ], [ 73.1624032, 28.1716494, 0.0 ], [ 73.1624084, 28.1713461, 0.0 ] ], [ [ 73.162459, 28.1716586, 0.0 ], [ 73.1624822, 28.1716589, 0.0 ], [ 73.162477, 28.1719622, 0.0 ], [ 73.1624539, 28.1719619, 0.0 ], [ 73.162459, 28.1716586, 0.0 ] ], [ [ 73.1624031, 28.1716578, 0.0 ], [ 73.1624262, 28.1716581, 0.0 ], [ 73.162421, 28.1719614, 0.0 ], [ 73.1623979, 28.1719611, 0.0 ], [ 73.1624031, 28.1716578, 0.0 ] ], [ [ 73.162475, 28.1707274, 0.0 ], [ 73.1624981, 28.1707277, 0.0 ], [ 73.1624929, 28.171031, 0.0 ], [ 73.1624698, 28.1710307, 0.0 ], [ 73.162475, 28.1707274, 0.0 ] ], [ [ 73.162419, 28.1707267, 0.0 ], [ 73.1624421, 28.170727, 0.0 ], [ 73.1624369, 28.1710303, 0.0 ], [ 73.1624138, 28.17103, 0.0 ], [ 73.162419, 28.1707267, 0.0 ] ], [ [ 73.1624696, 28.1710391, 0.0 ], [ 73.1624928, 28.1710394, 0.0 ], [ 73.1624876, 28.1713427, 0.0 ], [ 73.1624645, 28.1713424, 0.0 ], [ 73.1624696, 28.1710391, 0.0 ] ], [ [ 73.1624136, 28.1710384, 0.0 ], [ 73.1624368, 28.1710387, 0.0 ], [ 73.1624316, 28.1713419, 0.0 ], [ 73.1624085, 28.1713416, 0.0 ], [ 73.1624136, 28.1710384, 0.0 ] ], [ [ 73.1624856, 28.170108, 0.0 ], [ 73.1625087, 28.1701083, 0.0 ], [ 73.1625035, 28.1704115, 0.0 ], [ 73.1624804, 28.1704112, 0.0 ], [ 73.1624856, 28.170108, 0.0 ] ], [ [ 73.1624296, 28.1701072, 0.0 ], [ 73.1624527, 28.1701075, 0.0 ], [ 73.1624475, 28.1704108, 0.0 ], [ 73.1624244, 28.1704105, 0.0 ], [ 73.1624296, 28.1701072, 0.0 ] ], [ [ 73.1624802, 28.1704197, 0.0 ], [ 73.1625034, 28.17042, 0.0 ], [ 73.1624982, 28.1707232, 0.0 ], [ 73.162475, 28.1707229, 0.0 ], [ 73.1624802, 28.1704197, 0.0 ] ], [ [ 73.1624242, 28.1704189, 0.0 ], [ 73.1624474, 28.1704192, 0.0 ], [ 73.1624422, 28.1707225, 0.0 ], [ 73.162419, 28.1707222, 0.0 ], [ 73.1624242, 28.1704189, 0.0 ] ], [ [ 73.1624961, 28.1694885, 0.0 ], [ 73.1625193, 28.1694888, 0.0 ], [ 73.1625141, 28.1697921, 0.0 ], [ 73.162491, 28.1697918, 0.0 ], [ 73.1624961, 28.1694885, 0.0 ] ], [ [ 73.1624401, 28.1694877, 0.0 ], [ 73.1624633, 28.1694881, 0.0 ], [ 73.1624581, 28.1697913, 0.0 ], [ 73.162435, 28.169791, 0.0 ], [ 73.1624401, 28.1694877, 0.0 ] ], [ [ 73.1624908, 28.1698002, 0.0 ], [ 73.1625139, 28.1698005, 0.0 ], [ 73.1625088, 28.1701038, 0.0 ], [ 73.1624856, 28.1701035, 0.0 ], [ 73.1624908, 28.1698002, 0.0 ] ], [ [ 73.1624348, 28.1697994, 0.0 ], [ 73.1624579, 28.1697997, 0.0 ], [ 73.1624528, 28.170103, 0.0 ], [ 73.1624296, 28.1701027, 0.0 ], [ 73.1624348, 28.1697994, 0.0 ] ], [ [ 73.1625067, 28.168869, 0.0 ], [ 73.1625299, 28.1688693, 0.0 ], [ 73.1625247, 28.1691726, 0.0 ], [ 73.1625015, 28.1691723, 0.0 ], [ 73.1625067, 28.168869, 0.0 ] ], [ [ 73.1624507, 28.1688683, 0.0 ], [ 73.1624739, 28.1688686, 0.0 ], [ 73.1624687, 28.1691719, 0.0 ], [ 73.1624455, 28.1691715, 0.0 ], [ 73.1624507, 28.1688683, 0.0 ] ], [ [ 73.1625014, 28.1691807, 0.0 ], [ 73.1625245, 28.169181, 0.0 ], [ 73.1625193, 28.1694843, 0.0 ], [ 73.1624962, 28.169484, 0.0 ], [ 73.1625014, 28.1691807, 0.0 ] ], [ [ 73.1624454, 28.16918, 0.0 ], [ 73.1624685, 28.1691803, 0.0 ], [ 73.1624634, 28.1694835, 0.0 ], [ 73.1624402, 28.1694832, 0.0 ], [ 73.1624454, 28.16918, 0.0 ] ], [ [ 73.1623312, 28.1725843, 0.0 ], [ 73.1623543, 28.1725846, 0.0 ], [ 73.1623492, 28.1728879, 0.0 ], [ 73.162326, 28.1728876, 0.0 ], [ 73.1623312, 28.1725843, 0.0 ] ], [ [ 73.1622752, 28.1725836, 0.0 ], [ 73.1622983, 28.1725839, 0.0 ], [ 73.1622932, 28.1728872, 0.0 ], [ 73.16227, 28.1728869, 0.0 ], [ 73.1622752, 28.1725836, 0.0 ] ], [ [ 73.1623259, 28.172896, 0.0 ], [ 73.162349, 28.1728963, 0.0 ], [ 73.1623438, 28.1731996, 0.0 ], [ 73.1623207, 28.1731993, 0.0 ], [ 73.1623259, 28.172896, 0.0 ] ], [ [ 73.1622699, 28.1728953, 0.0 ], [ 73.162293, 28.1728956, 0.0 ], [ 73.1622878, 28.1731989, 0.0 ], [ 73.1622647, 28.1731985, 0.0 ], [ 73.1622699, 28.1728953, 0.0 ] ], [ [ 73.1623418, 28.1719649, 0.0 ], [ 73.1623649, 28.1719652, 0.0 ], [ 73.1623597, 28.1722684, 0.0 ], [ 73.1623366, 28.1722681, 0.0 ], [ 73.1623418, 28.1719649, 0.0 ] ], [ [ 73.1622858, 28.1719641, 0.0 ], [ 73.1623089, 28.1719644, 0.0 ], [ 73.1623037, 28.1722677, 0.0 ], [ 73.1622806, 28.1722674, 0.0 ], [ 73.1622858, 28.1719641, 0.0 ] ], [ [ 73.1623365, 28.1722766, 0.0 ], [ 73.1623596, 28.1722769, 0.0 ], [ 73.1623544, 28.1725801, 0.0 ], [ 73.1623313, 28.1725798, 0.0 ], [ 73.1623365, 28.1722766, 0.0 ] ], [ [ 73.1622805, 28.1722758, 0.0 ], [ 73.1623036, 28.1722761, 0.0 ], [ 73.1622984, 28.1725794, 0.0 ], [ 73.1622753, 28.1725791, 0.0 ], [ 73.1622805, 28.1722758, 0.0 ] ], [ [ 73.1623524, 28.1713454, 0.0 ], [ 73.1623755, 28.1713457, 0.0 ], [ 73.1623703, 28.171649, 0.0 ], [ 73.1623472, 28.1716487, 0.0 ], [ 73.1623524, 28.1713454, 0.0 ] ], [ [ 73.1622964, 28.1713446, 0.0 ], [ 73.1623195, 28.171345, 0.0 ], [ 73.1623143, 28.1716482, 0.0 ], [ 73.1622912, 28.1716479, 0.0 ], [ 73.1622964, 28.1713446, 0.0 ] ], [ [ 73.1623471, 28.1716571, 0.0 ], [ 73.1623702, 28.1716574, 0.0 ], [ 73.162365, 28.1719607, 0.0 ], [ 73.1623419, 28.1719604, 0.0 ], [ 73.1623471, 28.1716571, 0.0 ] ], [ [ 73.1622911, 28.1716563, 0.0 ], [ 73.1623142, 28.1716566, 0.0 ], [ 73.162309, 28.1719599, 0.0 ], [ 73.1622859, 28.1719596, 0.0 ], [ 73.1622911, 28.1716563, 0.0 ] ], [ [ 73.162363, 28.1707259, 0.0 ], [ 73.1623861, 28.1707262, 0.0 ], [ 73.1623809, 28.1710295, 0.0 ], [ 73.1623578, 28.1710292, 0.0 ], [ 73.162363, 28.1707259, 0.0 ] ], [ [ 73.162307, 28.1707252, 0.0 ], [ 73.1623301, 28.1707255, 0.0 ], [ 73.1623249, 28.1710288, 0.0 ], [ 73.1623018, 28.1710284, 0.0 ], [ 73.162307, 28.1707252, 0.0 ] ], [ [ 73.1623576, 28.1710376, 0.0 ], [ 73.1623808, 28.1710379, 0.0 ], [ 73.1623756, 28.1713412, 0.0 ], [ 73.1623525, 28.1713409, 0.0 ], [ 73.1623576, 28.1710376, 0.0 ] ], [ [ 73.1623016, 28.1710369, 0.0 ], [ 73.1623248, 28.1710372, 0.0 ], [ 73.1623196, 28.1713404, 0.0 ], [ 73.1622965, 28.1713401, 0.0 ], [ 73.1623016, 28.1710369, 0.0 ] ], [ [ 73.1623736, 28.1701065, 0.0 ], [ 73.1623967, 28.1701068, 0.0 ], [ 73.1623915, 28.17041, 0.0 ], [ 73.1623684, 28.1704097, 0.0 ], [ 73.1623736, 28.1701065, 0.0 ] ], [ [ 73.1623176, 28.1701057, 0.0 ], [ 73.1623407, 28.170106, 0.0 ], [ 73.1623355, 28.1704093, 0.0 ], [ 73.1623124, 28.170409, 0.0 ], [ 73.1623176, 28.1701057, 0.0 ] ], [ [ 73.1623682, 28.1704181, 0.0 ], [ 73.1623914, 28.1704185, 0.0 ], [ 73.1623862, 28.1707217, 0.0 ], [ 73.162363, 28.1707214, 0.0 ], [ 73.1623682, 28.1704181, 0.0 ] ], [ [ 73.1623122, 28.1704174, 0.0 ], [ 73.1623354, 28.1704177, 0.0 ], [ 73.1623302, 28.170721, 0.0 ], [ 73.162307, 28.1707207, 0.0 ], [ 73.1623122, 28.1704174, 0.0 ] ], [ [ 73.1623841, 28.169487, 0.0 ], [ 73.1624073, 28.1694873, 0.0 ], [ 73.1624021, 28.1697906, 0.0 ], [ 73.162379, 28.1697903, 0.0 ], [ 73.1623841, 28.169487, 0.0 ] ], [ [ 73.1623281, 28.1694862, 0.0 ], [ 73.1623513, 28.1694865, 0.0 ], [ 73.1623461, 28.1697898, 0.0 ], [ 73.162323, 28.1697895, 0.0 ], [ 73.1623281, 28.1694862, 0.0 ] ], [ [ 73.1623788, 28.1697987, 0.0 ], [ 73.1624019, 28.169799, 0.0 ], [ 73.1623968, 28.1701023, 0.0 ], [ 73.1623736, 28.1701019, 0.0 ], [ 73.1623788, 28.1697987, 0.0 ] ], [ [ 73.1623228, 28.1697979, 0.0 ], [ 73.162346, 28.1697982, 0.0 ], [ 73.1623408, 28.1701015, 0.0 ], [ 73.1623176, 28.1701012, 0.0 ], [ 73.1623228, 28.1697979, 0.0 ] ], [ [ 73.1623947, 28.1688675, 0.0 ], [ 73.1624179, 28.1688678, 0.0 ], [ 73.1624127, 28.1691711, 0.0 ], [ 73.1623895, 28.1691708, 0.0 ], [ 73.1623947, 28.1688675, 0.0 ] ], [ [ 73.1623387, 28.1688668, 0.0 ], [ 73.1623619, 28.1688671, 0.0 ], [ 73.1623567, 28.1691703, 0.0 ], [ 73.1623336, 28.16917, 0.0 ], [ 73.1623387, 28.1688668, 0.0 ] ], [ [ 73.1623894, 28.1691792, 0.0 ], [ 73.1624125, 28.1691795, 0.0 ], [ 73.1624074, 28.1694828, 0.0 ], [ 73.1623842, 28.1694825, 0.0 ], [ 73.1623894, 28.1691792, 0.0 ] ], [ [ 73.1623334, 28.1691785, 0.0 ], [ 73.1623565, 28.1691788, 0.0 ], [ 73.1623514, 28.169482, 0.0 ], [ 73.1623282, 28.1694817, 0.0 ], [ 73.1623334, 28.1691785, 0.0 ] ], [ [ 73.1622298, 28.1719634, 0.0 ], [ 73.1622529, 28.1719637, 0.0 ], [ 73.1622477, 28.1722669, 0.0 ], [ 73.1622246, 28.1722666, 0.0 ], [ 73.1622298, 28.1719634, 0.0 ] ], [ [ 73.1621738, 28.1719626, 0.0 ], [ 73.1621969, 28.1719629, 0.0 ], [ 73.1621917, 28.1722662, 0.0 ], [ 73.1621686, 28.1722659, 0.0 ], [ 73.1621738, 28.1719626, 0.0 ] ], [ [ 73.1622245, 28.1722751, 0.0 ], [ 73.1622476, 28.1722754, 0.0 ], [ 73.1622424, 28.1725786, 0.0 ], [ 73.1622193, 28.1725783, 0.0 ], [ 73.1622245, 28.1722751, 0.0 ] ], [ [ 73.1621685, 28.1722743, 0.0 ], [ 73.1621916, 28.1722746, 0.0 ], [ 73.1621864, 28.1725779, 0.0 ], [ 73.1621633, 28.1725776, 0.0 ], [ 73.1621685, 28.1722743, 0.0 ] ], [ [ 73.1622404, 28.1713439, 0.0 ], [ 73.1622635, 28.1713442, 0.0 ], [ 73.1622583, 28.1716475, 0.0 ], [ 73.1622352, 28.1716472, 0.0 ], [ 73.1622404, 28.1713439, 0.0 ] ], [ [ 73.1621844, 28.1713431, 0.0 ], [ 73.1622075, 28.1713435, 0.0 ], [ 73.1622023, 28.1716467, 0.0 ], [ 73.1621792, 28.1716464, 0.0 ], [ 73.1621844, 28.1713431, 0.0 ] ], [ [ 73.1622351, 28.1716556, 0.0 ], [ 73.1622582, 28.1716559, 0.0 ], [ 73.162253, 28.1719592, 0.0 ], [ 73.1622299, 28.1719589, 0.0 ], [ 73.1622351, 28.1716556, 0.0 ] ], [ [ 73.1621791, 28.1716548, 0.0 ], [ 73.1622022, 28.1716551, 0.0 ], [ 73.162197, 28.1719584, 0.0 ], [ 73.1621739, 28.1719581, 0.0 ], [ 73.1621791, 28.1716548, 0.0 ] ], [ [ 73.162251, 28.1707244, 0.0 ], [ 73.1622741, 28.1707247, 0.0 ], [ 73.1622689, 28.171028, 0.0 ], [ 73.1622458, 28.1710277, 0.0 ], [ 73.162251, 28.1707244, 0.0 ] ], [ [ 73.162195, 28.1707237, 0.0 ], [ 73.1622181, 28.170724, 0.0 ], [ 73.1622129, 28.1710273, 0.0 ], [ 73.1621898, 28.1710269, 0.0 ], [ 73.162195, 28.1707237, 0.0 ] ], [ [ 73.1622456, 28.1710361, 0.0 ], [ 73.1622688, 28.1710364, 0.0 ], [ 73.1622636, 28.1713397, 0.0 ], [ 73.1622405, 28.1713394, 0.0 ], [ 73.1622456, 28.1710361, 0.0 ] ], [ [ 73.1621896, 28.1710354, 0.0 ], [ 73.1622128, 28.1710357, 0.0 ], [ 73.1622076, 28.1713389, 0.0 ], [ 73.1621845, 28.1713386, 0.0 ], [ 73.1621896, 28.1710354, 0.0 ] ], [ [ 73.1622616, 28.170105, 0.0 ], [ 73.1622847, 28.1701053, 0.0 ], [ 73.1622795, 28.1704085, 0.0 ], [ 73.1622564, 28.1704082, 0.0 ], [ 73.1622616, 28.170105, 0.0 ] ], [ [ 73.1622056, 28.1701042, 0.0 ], [ 73.1622287, 28.1701045, 0.0 ], [ 73.1622235, 28.1704078, 0.0 ], [ 73.1622004, 28.1704075, 0.0 ], [ 73.1622056, 28.1701042, 0.0 ] ], [ [ 73.1622562, 28.1704166, 0.0 ], [ 73.1622794, 28.170417, 0.0 ], [ 73.1622742, 28.1707202, 0.0 ], [ 73.1622511, 28.1707199, 0.0 ], [ 73.1622562, 28.1704166, 0.0 ] ], [ [ 73.1622002, 28.1704159, 0.0 ], [ 73.1622234, 28.1704162, 0.0 ], [ 73.1622182, 28.1707195, 0.0 ], [ 73.1621951, 28.1707192, 0.0 ], [ 73.1622002, 28.1704159, 0.0 ] ], [ [ 73.1622722, 28.1694855, 0.0 ], [ 73.1622953, 28.1694858, 0.0 ], [ 73.1622901, 28.1697891, 0.0 ], [ 73.162267, 28.1697888, 0.0 ], [ 73.1622722, 28.1694855, 0.0 ] ], [ [ 73.1622162, 28.1694847, 0.0 ], [ 73.1622393, 28.169485, 0.0 ], [ 73.1622341, 28.1697883, 0.0 ], [ 73.162211, 28.169788, 0.0 ], [ 73.1622162, 28.1694847, 0.0 ] ], [ [ 73.1622668, 28.1697972, 0.0 ], [ 73.16229, 28.1697975, 0.0 ], [ 73.1622848, 28.1701008, 0.0 ], [ 73.1622616, 28.1701004, 0.0 ], [ 73.1622668, 28.1697972, 0.0 ] ], [ [ 73.1622108, 28.1697964, 0.0 ], [ 73.162234, 28.1697967, 0.0 ], [ 73.1622288, 28.1701, 0.0 ], [ 73.1622056, 28.1700997, 0.0 ], [ 73.1622108, 28.1697964, 0.0 ] ], [ [ 73.1622827, 28.168866, 0.0 ], [ 73.1623059, 28.1688663, 0.0 ], [ 73.1623007, 28.1691696, 0.0 ], [ 73.1622776, 28.1691693, 0.0 ], [ 73.1622827, 28.168866, 0.0 ] ], [ [ 73.1622267, 28.1688653, 0.0 ], [ 73.1622499, 28.1688656, 0.0 ], [ 73.1622447, 28.1691688, 0.0 ], [ 73.1622216, 28.1691685, 0.0 ], [ 73.1622267, 28.1688653, 0.0 ] ], [ [ 73.1622774, 28.1691777, 0.0 ], [ 73.1623005, 28.169178, 0.0 ], [ 73.1622954, 28.1694813, 0.0 ], [ 73.1622722, 28.169481, 0.0 ], [ 73.1622774, 28.1691777, 0.0 ] ], [ [ 73.1622214, 28.169177, 0.0 ], [ 73.1622445, 28.1691773, 0.0 ], [ 73.1622394, 28.1694805, 0.0 ], [ 73.1622162, 28.1694802, 0.0 ], [ 73.1622214, 28.169177, 0.0 ] ], [ [ 73.1621178, 28.1719619, 0.0 ], [ 73.1621409, 28.1719622, 0.0 ], [ 73.1621357, 28.1722654, 0.0 ], [ 73.1621126, 28.1722651, 0.0 ], [ 73.1621178, 28.1719619, 0.0 ] ], [ [ 73.1620618, 28.1719611, 0.0 ], [ 73.1620849, 28.1719614, 0.0 ], [ 73.1620797, 28.1722647, 0.0 ], [ 73.1620566, 28.1722644, 0.0 ], [ 73.1620618, 28.1719611, 0.0 ] ], [ [ 73.1621125, 28.1722735, 0.0 ], [ 73.1621356, 28.1722739, 0.0 ], [ 73.1621304, 28.1725771, 0.0 ], [ 73.1621073, 28.1725768, 0.0 ], [ 73.1621125, 28.1722735, 0.0 ] ], [ [ 73.1620565, 28.1722728, 0.0 ], [ 73.1620796, 28.1722731, 0.0 ], [ 73.1620744, 28.1725764, 0.0 ], [ 73.1620513, 28.1725761, 0.0 ], [ 73.1620565, 28.1722728, 0.0 ] ], [ [ 73.1621284, 28.1713424, 0.0 ], [ 73.1621515, 28.1713427, 0.0 ], [ 73.1621463, 28.171646, 0.0 ], [ 73.1621232, 28.1716457, 0.0 ], [ 73.1621284, 28.1713424, 0.0 ] ], [ [ 73.1620724, 28.1713416, 0.0 ], [ 73.1620955, 28.171342, 0.0 ], [ 73.1620903, 28.1716452, 0.0 ], [ 73.1620672, 28.1716449, 0.0 ], [ 73.1620724, 28.1713416, 0.0 ] ], [ [ 73.1621231, 28.1716541, 0.0 ], [ 73.1621462, 28.1716544, 0.0 ], [ 73.162141, 28.1719577, 0.0 ], [ 73.1621179, 28.1719573, 0.0 ], [ 73.1621231, 28.1716541, 0.0 ] ], [ [ 73.1620671, 28.1716533, 0.0 ], [ 73.1620902, 28.1716536, 0.0 ], [ 73.162085, 28.1719569, 0.0 ], [ 73.1620619, 28.1719566, 0.0 ], [ 73.1620671, 28.1716533, 0.0 ] ], [ [ 73.162139, 28.1707229, 0.0 ], [ 73.1621621, 28.1707232, 0.0 ], [ 73.1621569, 28.1710265, 0.0 ], [ 73.1621338, 28.1710262, 0.0 ], [ 73.162139, 28.1707229, 0.0 ] ], [ [ 73.162083, 28.1707222, 0.0 ], [ 73.1621061, 28.1707225, 0.0 ], [ 73.1621009, 28.1710258, 0.0 ], [ 73.1620778, 28.1710254, 0.0 ], [ 73.162083, 28.1707222, 0.0 ] ], [ [ 73.1621336, 28.1710346, 0.0 ], [ 73.1621568, 28.1710349, 0.0 ], [ 73.1621516, 28.1713382, 0.0 ], [ 73.1621285, 28.1713379, 0.0 ], [ 73.1621336, 28.1710346, 0.0 ] ], [ [ 73.1620777, 28.1710339, 0.0 ], [ 73.1621008, 28.1710342, 0.0 ], [ 73.1620956, 28.1713374, 0.0 ], [ 73.1620725, 28.1713371, 0.0 ], [ 73.1620777, 28.1710339, 0.0 ] ], [ [ 73.1621496, 28.1701035, 0.0 ], [ 73.1621727, 28.1701038, 0.0 ], [ 73.1621675, 28.170407, 0.0 ], [ 73.1621444, 28.1704067, 0.0 ], [ 73.1621496, 28.1701035, 0.0 ] ], [ [ 73.1620936, 28.1701027, 0.0 ], [ 73.1621167, 28.170103, 0.0 ], [ 73.1621115, 28.1704063, 0.0 ], [ 73.1620884, 28.170406, 0.0 ], [ 73.1620936, 28.1701027, 0.0 ] ], [ [ 73.1621442, 28.1704151, 0.0 ], [ 73.1621674, 28.1704155, 0.0 ], [ 73.1621622, 28.1707187, 0.0 ], [ 73.1621391, 28.1707184, 0.0 ], [ 73.1621442, 28.1704151, 0.0 ] ], [ [ 73.1620882, 28.1704144, 0.0 ], [ 73.1621114, 28.1704147, 0.0 ], [ 73.1621062, 28.170718, 0.0 ], [ 73.1620831, 28.1707177, 0.0 ], [ 73.1620882, 28.1704144, 0.0 ] ], [ [ 73.1621602, 28.169484, 0.0 ], [ 73.1621833, 28.1694843, 0.0 ], [ 73.1621781, 28.1697876, 0.0 ], [ 73.162155, 28.1697873, 0.0 ], [ 73.1621602, 28.169484, 0.0 ] ], [ [ 73.1621042, 28.1694832, 0.0 ], [ 73.1621273, 28.1694835, 0.0 ], [ 73.1621221, 28.1697868, 0.0 ], [ 73.162099, 28.1697865, 0.0 ], [ 73.1621042, 28.1694832, 0.0 ] ], [ [ 73.1621548, 28.1697957, 0.0 ], [ 73.162178, 28.169796, 0.0 ], [ 73.1621728, 28.1700993, 0.0 ], [ 73.1621496, 28.1700989, 0.0 ], [ 73.1621548, 28.1697957, 0.0 ] ], [ [ 73.1620988, 28.1697949, 0.0 ], [ 73.162122, 28.1697952, 0.0 ], [ 73.1621168, 28.1700985, 0.0 ], [ 73.1620936, 28.1700982, 0.0 ], [ 73.1620988, 28.1697949, 0.0 ] ], [ [ 73.1620058, 28.1719604, 0.0 ], [ 73.1620289, 28.1719607, 0.0 ], [ 73.1620237, 28.1722639, 0.0 ], [ 73.1620006, 28.1722636, 0.0 ], [ 73.1620058, 28.1719604, 0.0 ] ], [ [ 73.1619498, 28.1719596, 0.0 ], [ 73.1619729, 28.1719599, 0.0 ], [ 73.1619677, 28.1722632, 0.0 ], [ 73.1619446, 28.1722629, 0.0 ], [ 73.1619498, 28.1719596, 0.0 ] ], [ [ 73.1620005, 28.172272, 0.0 ], [ 73.1620236, 28.1722724, 0.0 ], [ 73.1620184, 28.1725756, 0.0 ], [ 73.1619953, 28.1725753, 0.0 ], [ 73.1620005, 28.172272, 0.0 ] ], [ [ 73.1619445, 28.1722713, 0.0 ], [ 73.1619676, 28.1722716, 0.0 ], [ 73.1619624, 28.1725749, 0.0 ], [ 73.1619393, 28.1725746, 0.0 ], [ 73.1619445, 28.1722713, 0.0 ] ], [ [ 73.1620164, 28.1713409, 0.0 ], [ 73.1620395, 28.1713412, 0.0 ], [ 73.1620343, 28.1716445, 0.0 ], [ 73.1620112, 28.1716442, 0.0 ], [ 73.1620164, 28.1713409, 0.0 ] ], [ [ 73.1619604, 28.1713401, 0.0 ], [ 73.1619835, 28.1713404, 0.0 ], [ 73.1619783, 28.1716437, 0.0 ], [ 73.1619552, 28.1716434, 0.0 ], [ 73.1619604, 28.1713401, 0.0 ] ], [ [ 73.1620111, 28.1716526, 0.0 ], [ 73.1620342, 28.1716529, 0.0 ], [ 73.162029, 28.1719562, 0.0 ], [ 73.1620059, 28.1719558, 0.0 ], [ 73.1620111, 28.1716526, 0.0 ] ], [ [ 73.1619551, 28.1716518, 0.0 ], [ 73.1619782, 28.1716521, 0.0 ], [ 73.161973, 28.1719554, 0.0 ], [ 73.1619499, 28.1719551, 0.0 ], [ 73.1619551, 28.1716518, 0.0 ] ], [ [ 73.162027, 28.1707214, 0.0 ], [ 73.1620501, 28.1707217, 0.0 ], [ 73.1620449, 28.171025, 0.0 ], [ 73.1620218, 28.1710247, 0.0 ], [ 73.162027, 28.1707214, 0.0 ] ], [ [ 73.161971, 28.1707207, 0.0 ], [ 73.1619941, 28.170721, 0.0 ], [ 73.1619889, 28.1710242, 0.0 ], [ 73.1619658, 28.1710239, 0.0 ], [ 73.161971, 28.1707207, 0.0 ] ], [ [ 73.1620217, 28.1710331, 0.0 ], [ 73.1620448, 28.1710334, 0.0 ], [ 73.1620396, 28.1713367, 0.0 ], [ 73.1620165, 28.1713364, 0.0 ], [ 73.1620217, 28.1710331, 0.0 ] ], [ [ 73.1619657, 28.1710324, 0.0 ], [ 73.1619888, 28.1710327, 0.0 ], [ 73.1619836, 28.1713359, 0.0 ], [ 73.1619605, 28.1713356, 0.0 ], [ 73.1619657, 28.1710324, 0.0 ] ], [ [ 73.1620376, 28.1701019, 0.0 ], [ 73.1620607, 28.1701023, 0.0 ], [ 73.1620555, 28.1704055, 0.0 ], [ 73.1620324, 28.1704052, 0.0 ], [ 73.1620376, 28.1701019, 0.0 ] ], [ [ 73.1619816, 28.1701012, 0.0 ], [ 73.1620047, 28.1701015, 0.0 ], [ 73.1619995, 28.1704048, 0.0 ], [ 73.1619764, 28.1704045, 0.0 ], [ 73.1619816, 28.1701012, 0.0 ] ], [ [ 73.1620322, 28.1704136, 0.0 ], [ 73.1620554, 28.1704139, 0.0 ], [ 73.1620502, 28.1707172, 0.0 ], [ 73.1620271, 28.1707169, 0.0 ], [ 73.1620322, 28.1704136, 0.0 ] ], [ [ 73.1619762, 28.1704129, 0.0 ], [ 73.1619994, 28.1704132, 0.0 ], [ 73.1619942, 28.1707165, 0.0 ], [ 73.1619711, 28.1707162, 0.0 ], [ 73.1619762, 28.1704129, 0.0 ] ], [ [ 73.1620482, 28.1694825, 0.0 ], [ 73.1620713, 28.1694828, 0.0 ], [ 73.1620661, 28.1697861, 0.0 ], [ 73.162043, 28.1697857, 0.0 ], [ 73.1620482, 28.1694825, 0.0 ] ], [ [ 73.1619922, 28.1694817, 0.0 ], [ 73.1620153, 28.169482, 0.0 ], [ 73.1620101, 28.1697853, 0.0 ], [ 73.161987, 28.169785, 0.0 ], [ 73.1619922, 28.1694817, 0.0 ] ], [ [ 73.1620428, 28.1697942, 0.0 ], [ 73.162066, 28.1697945, 0.0 ], [ 73.1620608, 28.1700977, 0.0 ], [ 73.1620376, 28.1700974, 0.0 ], [ 73.1620428, 28.1697942, 0.0 ] ], [ [ 73.1619868, 28.1697934, 0.0 ], [ 73.16201, 28.1697937, 0.0 ], [ 73.1620048, 28.170097, 0.0 ], [ 73.1619817, 28.1700967, 0.0 ], [ 73.1619868, 28.1697934, 0.0 ] ], [ [ 73.1619044, 28.1713394, 0.0 ], [ 73.1619275, 28.1713397, 0.0 ], [ 73.1619223, 28.171643, 0.0 ], [ 73.1618992, 28.1716427, 0.0 ], [ 73.1619044, 28.1713394, 0.0 ] ], [ [ 73.1618484, 28.1713386, 0.0 ], [ 73.1618715, 28.1713389, 0.0 ], [ 73.1618663, 28.1716422, 0.0 ], [ 73.1618432, 28.1716419, 0.0 ], [ 73.1618484, 28.1713386, 0.0 ] ], [ [ 73.1618991, 28.1716511, 0.0 ], [ 73.1619222, 28.1716514, 0.0 ], [ 73.161917, 28.1719547, 0.0 ], [ 73.1618939, 28.1719543, 0.0 ], [ 73.1618991, 28.1716511, 0.0 ] ], [ [ 73.1618431, 28.1716503, 0.0 ], [ 73.1618662, 28.1716506, 0.0 ], [ 73.161861, 28.1719539, 0.0 ], [ 73.1618379, 28.1719536, 0.0 ], [ 73.1618431, 28.1716503, 0.0 ] ], [ [ 73.161915, 28.1707199, 0.0 ], [ 73.1619381, 28.1707202, 0.0 ], [ 73.1619329, 28.1710235, 0.0 ], [ 73.1619098, 28.1710232, 0.0 ], [ 73.161915, 28.1707199, 0.0 ] ], [ [ 73.161859, 28.1707192, 0.0 ], [ 73.1618821, 28.1707195, 0.0 ], [ 73.1618769, 28.1710227, 0.0 ], [ 73.1618538, 28.1710224, 0.0 ], [ 73.161859, 28.1707192, 0.0 ] ], [ [ 73.1619097, 28.1710316, 0.0 ], [ 73.1619328, 28.1710319, 0.0 ], [ 73.1619276, 28.1713352, 0.0 ], [ 73.1619045, 28.1713349, 0.0 ], [ 73.1619097, 28.1710316, 0.0 ] ], [ [ 73.1618537, 28.1710309, 0.0 ], [ 73.1618768, 28.1710312, 0.0 ], [ 73.1618716, 28.1713344, 0.0 ], [ 73.1618485, 28.1713341, 0.0 ], [ 73.1618537, 28.1710309, 0.0 ] ], [ [ 73.1619256, 28.1701004, 0.0 ], [ 73.1619487, 28.1701008, 0.0 ], [ 73.1619435, 28.170404, 0.0 ], [ 73.1619204, 28.1704037, 0.0 ], [ 73.1619256, 28.1701004, 0.0 ] ], [ [ 73.1618696, 28.1700997, 0.0 ], [ 73.1618927, 28.1701, 0.0 ], [ 73.1618875, 28.1704033, 0.0 ], [ 73.1618644, 28.170403, 0.0 ], [ 73.1618696, 28.1700997, 0.0 ] ], [ [ 73.1619202, 28.1704121, 0.0 ], [ 73.1619434, 28.1704124, 0.0 ], [ 73.1619382, 28.1707157, 0.0 ], [ 73.1619151, 28.1707154, 0.0 ], [ 73.1619202, 28.1704121, 0.0 ] ], [ [ 73.1618642, 28.1704114, 0.0 ], [ 73.1618874, 28.1704117, 0.0 ], [ 73.1618822, 28.170715, 0.0 ], [ 73.1618591, 28.1707147, 0.0 ], [ 73.1618642, 28.1704114, 0.0 ] ], [ [ 73.1619362, 28.169481, 0.0 ], [ 73.1619593, 28.1694813, 0.0 ], [ 73.1619541, 28.1697846, 0.0 ], [ 73.161931, 28.1697842, 0.0 ], [ 73.1619362, 28.169481, 0.0 ] ], [ [ 73.1618802, 28.1694802, 0.0 ], [ 73.1619033, 28.1694805, 0.0 ], [ 73.1618981, 28.1697838, 0.0 ], [ 73.161875, 28.1697835, 0.0 ], [ 73.1618802, 28.1694802, 0.0 ] ], [ [ 73.1619308, 28.1697927, 0.0 ], [ 73.161954, 28.169793, 0.0 ], [ 73.1619488, 28.1700962, 0.0 ], [ 73.1619257, 28.1700959, 0.0 ], [ 73.1619308, 28.1697927, 0.0 ] ], [ [ 73.1618748, 28.1697919, 0.0 ], [ 73.161898, 28.1697922, 0.0 ], [ 73.1618928, 28.1700955, 0.0 ], [ 73.1618697, 28.1700952, 0.0 ], [ 73.1618748, 28.1697919, 0.0 ] ], [ [ 73.1619468, 28.1688615, 0.0 ], [ 73.1619699, 28.1688618, 0.0 ], [ 73.1619647, 28.1691651, 0.0 ], [ 73.1619416, 28.1691648, 0.0 ], [ 73.1619468, 28.1688615, 0.0 ] ], [ [ 73.1618908, 28.1688608, 0.0 ], [ 73.1619139, 28.1688611, 0.0 ], [ 73.1619087, 28.1691643, 0.0 ], [ 73.1618856, 28.169164, 0.0 ], [ 73.1618908, 28.1688608, 0.0 ] ], [ [ 73.1619414, 28.1691732, 0.0 ], [ 73.1619646, 28.1691735, 0.0 ], [ 73.1619594, 28.1694768, 0.0 ], [ 73.1619362, 28.1694765, 0.0 ], [ 73.1619414, 28.1691732, 0.0 ] ], [ [ 73.1618854, 28.1691724, 0.0 ], [ 73.1619086, 28.1691728, 0.0 ], [ 73.1619034, 28.169476, 0.0 ], [ 73.1618802, 28.1694757, 0.0 ], [ 73.1618854, 28.1691724, 0.0 ] ], [ [ 73.1617924, 28.1713379, 0.0 ], [ 73.1618155, 28.1713382, 0.0 ], [ 73.1618103, 28.1716415, 0.0 ], [ 73.1617872, 28.1716412, 0.0 ], [ 73.1617924, 28.1713379, 0.0 ] ], [ [ 73.1617364, 28.1713371, 0.0 ], [ 73.1617595, 28.1713374, 0.0 ], [ 73.1617543, 28.1716407, 0.0 ], [ 73.1617312, 28.1716404, 0.0 ], [ 73.1617364, 28.1713371, 0.0 ] ], [ [ 73.1617871, 28.1716496, 0.0 ], [ 73.1618102, 28.1716499, 0.0 ], [ 73.161805, 28.1719531, 0.0 ], [ 73.1617819, 28.1719528, 0.0 ], [ 73.1617871, 28.1716496, 0.0 ] ], [ [ 73.1617311, 28.1716488, 0.0 ], [ 73.1617542, 28.1716491, 0.0 ], [ 73.161749, 28.1719524, 0.0 ], [ 73.1617259, 28.1719521, 0.0 ], [ 73.1617311, 28.1716488, 0.0 ] ], [ [ 73.161803, 28.1707184, 0.0 ], [ 73.1618261, 28.1707187, 0.0 ], [ 73.1618209, 28.171022, 0.0 ], [ 73.1617978, 28.1710217, 0.0 ], [ 73.161803, 28.1707184, 0.0 ] ], [ [ 73.161747, 28.1707177, 0.0 ], [ 73.1617701, 28.170718, 0.0 ], [ 73.1617649, 28.1710212, 0.0 ], [ 73.1617418, 28.1710209, 0.0 ], [ 73.161747, 28.1707177, 0.0 ] ], [ [ 73.1617977, 28.1710301, 0.0 ], [ 73.1618208, 28.1710304, 0.0 ], [ 73.1618156, 28.1713337, 0.0 ], [ 73.1617925, 28.1713334, 0.0 ], [ 73.1617977, 28.1710301, 0.0 ] ], [ [ 73.1617417, 28.1710293, 0.0 ], [ 73.1617648, 28.1710297, 0.0 ], [ 73.1617596, 28.1713329, 0.0 ], [ 73.1617365, 28.1713326, 0.0 ], [ 73.1617417, 28.1710293, 0.0 ] ], [ [ 73.1618136, 28.1700989, 0.0 ], [ 73.1618367, 28.1700993, 0.0 ], [ 73.1618315, 28.1704025, 0.0 ], [ 73.1618084, 28.1704022, 0.0 ], [ 73.1618136, 28.1700989, 0.0 ] ], [ [ 73.1617576, 28.1700982, 0.0 ], [ 73.1617807, 28.1700985, 0.0 ], [ 73.1617755, 28.1704018, 0.0 ], [ 73.1617524, 28.1704015, 0.0 ], [ 73.1617576, 28.1700982, 0.0 ] ], [ [ 73.1618083, 28.1704106, 0.0 ], [ 73.1618314, 28.1704109, 0.0 ], [ 73.1618262, 28.1707142, 0.0 ], [ 73.1618031, 28.1707139, 0.0 ], [ 73.1618083, 28.1704106, 0.0 ] ], [ [ 73.1617523, 28.1704099, 0.0 ], [ 73.1617754, 28.1704102, 0.0 ], [ 73.1617702, 28.1707135, 0.0 ], [ 73.1617471, 28.1707131, 0.0 ], [ 73.1617523, 28.1704099, 0.0 ] ], [ [ 73.1618242, 28.1694795, 0.0 ], [ 73.1618473, 28.1694798, 0.0 ], [ 73.1618421, 28.1697831, 0.0 ], [ 73.161819, 28.1697827, 0.0 ], [ 73.1618242, 28.1694795, 0.0 ] ], [ [ 73.1617682, 28.1694787, 0.0 ], [ 73.1617913, 28.169479, 0.0 ], [ 73.1617861, 28.1697823, 0.0 ], [ 73.161763, 28.169782, 0.0 ], [ 73.1617682, 28.1694787, 0.0 ] ], [ [ 73.1618188, 28.1697912, 0.0 ], [ 73.161842, 28.1697915, 0.0 ], [ 73.1618368, 28.1700947, 0.0 ], [ 73.1618137, 28.1700944, 0.0 ], [ 73.1618188, 28.1697912, 0.0 ] ], [ [ 73.1617628, 28.1697904, 0.0 ], [ 73.161786, 28.1697907, 0.0 ], [ 73.1617808, 28.170094, 0.0 ], [ 73.1617577, 28.1700937, 0.0 ], [ 73.1617628, 28.1697904, 0.0 ] ], [ [ 73.1618348, 28.16886, 0.0 ], [ 73.1618579, 28.1688603, 0.0 ], [ 73.1618527, 28.1691636, 0.0 ], [ 73.1618296, 28.1691633, 0.0 ], [ 73.1618348, 28.16886, 0.0 ] ], [ [ 73.1617788, 28.1688593, 0.0 ], [ 73.1618019, 28.1688596, 0.0 ], [ 73.1617967, 28.1691628, 0.0 ], [ 73.1617736, 28.1691625, 0.0 ], [ 73.1617788, 28.1688593, 0.0 ] ], [ [ 73.1618294, 28.1691717, 0.0 ], [ 73.1618526, 28.169172, 0.0 ], [ 73.1618474, 28.1694753, 0.0 ], [ 73.1618242, 28.169475, 0.0 ], [ 73.1618294, 28.1691717, 0.0 ] ], [ [ 73.1617734, 28.1691709, 0.0 ], [ 73.1617966, 28.1691712, 0.0 ], [ 73.1617914, 28.1694745, 0.0 ], [ 73.1617683, 28.1694742, 0.0 ], [ 73.1617734, 28.1691709, 0.0 ] ], [ [ 73.1618454, 28.1682405, 0.0 ], [ 73.1618685, 28.1682408, 0.0 ], [ 73.1618633, 28.1685441, 0.0 ], [ 73.1618402, 28.1685438, 0.0 ], [ 73.1618454, 28.1682405, 0.0 ] ], [ [ 73.1617894, 28.1682398, 0.0 ], [ 73.1618125, 28.1682401, 0.0 ], [ 73.1618073, 28.1685434, 0.0 ], [ 73.1617842, 28.1685431, 0.0 ], [ 73.1617894, 28.1682398, 0.0 ] ], [ [ 73.16184, 28.1685522, 0.0 ], [ 73.1618632, 28.1685525, 0.0 ], [ 73.161858, 28.1688558, 0.0 ], [ 73.1618348, 28.1688555, 0.0 ], [ 73.16184, 28.1685522, 0.0 ] ], [ [ 73.161784, 28.1685515, 0.0 ], [ 73.1618072, 28.1685518, 0.0 ], [ 73.161802, 28.168855, 0.0 ], [ 73.1617788, 28.1688547, 0.0 ], [ 73.161784, 28.1685515, 0.0 ] ], [ [ 73.1618559, 28.1676211, 0.0 ], [ 73.1618791, 28.1676214, 0.0 ], [ 73.1618739, 28.1679246, 0.0 ], [ 73.1618508, 28.1679243, 0.0 ], [ 73.1618559, 28.1676211, 0.0 ] ], [ [ 73.1617999, 28.1676203, 0.0 ], [ 73.1618231, 28.1676206, 0.0 ], [ 73.1618179, 28.1679239, 0.0 ], [ 73.1617948, 28.1679236, 0.0 ], [ 73.1617999, 28.1676203, 0.0 ] ], [ [ 73.1618506, 28.1679328, 0.0 ], [ 73.1618737, 28.1679331, 0.0 ], [ 73.1618686, 28.1682363, 0.0 ], [ 73.1618454, 28.168236, 0.0 ], [ 73.1618506, 28.1679328, 0.0 ] ], [ [ 73.1617946, 28.167932, 0.0 ], [ 73.1618178, 28.1679323, 0.0 ], [ 73.1618126, 28.1682356, 0.0 ], [ 73.1617894, 28.1682353, 0.0 ], [ 73.1617946, 28.167932, 0.0 ] ], [ [ 73.1616804, 28.1713364, 0.0 ], [ 73.1617035, 28.1713367, 0.0 ], [ 73.1616983, 28.17164, 0.0 ], [ 73.1616752, 28.1716396, 0.0 ], [ 73.1616804, 28.1713364, 0.0 ] ], [ [ 73.1616244, 28.1713356, 0.0 ], [ 73.1616475, 28.1713359, 0.0 ], [ 73.1616423, 28.1716392, 0.0 ], [ 73.1616192, 28.1716389, 0.0 ], [ 73.1616244, 28.1713356, 0.0 ] ], [ [ 73.1616751, 28.1716481, 0.0 ], [ 73.1616982, 28.1716484, 0.0 ], [ 73.161693, 28.1719516, 0.0 ], [ 73.1616699, 28.1719513, 0.0 ], [ 73.1616751, 28.1716481, 0.0 ] ], [ [ 73.1616191, 28.1716473, 0.0 ], [ 73.1616422, 28.1716476, 0.0 ], [ 73.161637, 28.1719509, 0.0 ], [ 73.1616139, 28.1719506, 0.0 ], [ 73.1616191, 28.1716473, 0.0 ] ], [ [ 73.161691, 28.1707169, 0.0 ], [ 73.1617141, 28.1707172, 0.0 ], [ 73.1617089, 28.1710205, 0.0 ], [ 73.1616858, 28.1710202, 0.0 ], [ 73.161691, 28.1707169, 0.0 ] ], [ [ 73.161635, 28.1707162, 0.0 ], [ 73.1616581, 28.1707165, 0.0 ], [ 73.1616529, 28.1710197, 0.0 ], [ 73.1616298, 28.1710194, 0.0 ], [ 73.161635, 28.1707162, 0.0 ] ], [ [ 73.1616857, 28.1710286, 0.0 ], [ 73.1617088, 28.1710289, 0.0 ], [ 73.1617036, 28.1713322, 0.0 ], [ 73.1616805, 28.1713319, 0.0 ], [ 73.1616857, 28.1710286, 0.0 ] ], [ [ 73.1616297, 28.1710278, 0.0 ], [ 73.1616528, 28.1710282, 0.0 ], [ 73.1616476, 28.1713314, 0.0 ], [ 73.1616245, 28.1713311, 0.0 ], [ 73.1616297, 28.1710278, 0.0 ] ], [ [ 73.1617016, 28.1700974, 0.0 ], [ 73.1617247, 28.1700977, 0.0 ], [ 73.1617195, 28.170401, 0.0 ], [ 73.1616964, 28.1704007, 0.0 ], [ 73.1617016, 28.1700974, 0.0 ] ], [ [ 73.1616456, 28.1700967, 0.0 ], [ 73.1616687, 28.170097, 0.0 ], [ 73.1616635, 28.1704003, 0.0 ], [ 73.1616404, 28.1704, 0.0 ], [ 73.1616456, 28.1700967, 0.0 ] ], [ [ 73.1616963, 28.1704091, 0.0 ], [ 73.1617194, 28.1704094, 0.0 ], [ 73.1617142, 28.1707127, 0.0 ], [ 73.1616911, 28.1707124, 0.0 ], [ 73.1616963, 28.1704091, 0.0 ] ], [ [ 73.1616403, 28.1704084, 0.0 ], [ 73.1616634, 28.1704087, 0.0 ], [ 73.1616582, 28.170712, 0.0 ], [ 73.1616351, 28.1707116, 0.0 ], [ 73.1616403, 28.1704084, 0.0 ] ], [ [ 73.1617122, 28.169478, 0.0 ], [ 73.1617353, 28.1694783, 0.0 ], [ 73.1617301, 28.1697815, 0.0 ], [ 73.161707, 28.1697812, 0.0 ], [ 73.1617122, 28.169478, 0.0 ] ], [ [ 73.1616562, 28.1694772, 0.0 ], [ 73.1616793, 28.1694775, 0.0 ], [ 73.1616741, 28.1697808, 0.0 ], [ 73.161651, 28.1697805, 0.0 ], [ 73.1616562, 28.1694772, 0.0 ] ], [ [ 73.1617068, 28.1697897, 0.0 ], [ 73.16173, 28.16979, 0.0 ], [ 73.1617248, 28.1700932, 0.0 ], [ 73.1617017, 28.1700929, 0.0 ], [ 73.1617068, 28.1697897, 0.0 ] ], [ [ 73.1616509, 28.1697889, 0.0 ], [ 73.161674, 28.1697892, 0.0 ], [ 73.1616688, 28.1700925, 0.0 ], [ 73.1616457, 28.1700922, 0.0 ], [ 73.1616509, 28.1697889, 0.0 ] ], [ [ 73.1617228, 28.1688585, 0.0 ], [ 73.1617459, 28.1688588, 0.0 ], [ 73.1617407, 28.1691621, 0.0 ], [ 73.1617176, 28.1691618, 0.0 ], [ 73.1617228, 28.1688585, 0.0 ] ], [ [ 73.1616668, 28.1688577, 0.0 ], [ 73.1616899, 28.1688581, 0.0 ], [ 73.1616847, 28.1691613, 0.0 ], [ 73.1616616, 28.169161, 0.0 ], [ 73.1616668, 28.1688577, 0.0 ] ], [ [ 73.1617174, 28.1691702, 0.0 ], [ 73.1617406, 28.1691705, 0.0 ], [ 73.1617354, 28.1694738, 0.0 ], [ 73.1617123, 28.1694735, 0.0 ], [ 73.1617174, 28.1691702, 0.0 ] ], [ [ 73.1616614, 28.1691694, 0.0 ], [ 73.1616846, 28.1691697, 0.0 ], [ 73.1616794, 28.169473, 0.0 ], [ 73.1616563, 28.1694727, 0.0 ], [ 73.1616614, 28.1691694, 0.0 ] ], [ [ 73.1617334, 28.168239, 0.0 ], [ 73.1617565, 28.1682393, 0.0 ], [ 73.1617513, 28.1685426, 0.0 ], [ 73.1617282, 28.1685423, 0.0 ], [ 73.1617334, 28.168239, 0.0 ] ], [ [ 73.1616774, 28.1682383, 0.0 ], [ 73.1617005, 28.1682386, 0.0 ], [ 73.1616953, 28.1685419, 0.0 ], [ 73.1616722, 28.1685415, 0.0 ], [ 73.1616774, 28.1682383, 0.0 ] ], [ [ 73.161728, 28.1685507, 0.0 ], [ 73.1617512, 28.168551, 0.0 ], [ 73.161746, 28.1688543, 0.0 ], [ 73.1617228, 28.168854, 0.0 ], [ 73.161728, 28.1685507, 0.0 ] ], [ [ 73.161672, 28.16855, 0.0 ], [ 73.1616952, 28.1685503, 0.0 ], [ 73.16169, 28.1688535, 0.0 ], [ 73.1616668, 28.1688532, 0.0 ], [ 73.161672, 28.16855, 0.0 ] ], [ [ 73.161744, 28.1676196, 0.0 ], [ 73.1617671, 28.1676199, 0.0 ], [ 73.1617619, 28.1679231, 0.0 ], [ 73.1617388, 28.1679228, 0.0 ], [ 73.161744, 28.1676196, 0.0 ] ], [ [ 73.161688, 28.1676188, 0.0 ], [ 73.1617111, 28.1676191, 0.0 ], [ 73.1617059, 28.1679224, 0.0 ], [ 73.1616828, 28.1679221, 0.0 ], [ 73.161688, 28.1676188, 0.0 ] ], [ [ 73.1617386, 28.1679312, 0.0 ], [ 73.1617618, 28.1679316, 0.0 ], [ 73.1617566, 28.1682348, 0.0 ], [ 73.1617334, 28.1682345, 0.0 ], [ 73.1617386, 28.1679312, 0.0 ] ], [ [ 73.1616826, 28.1679305, 0.0 ], [ 73.1617058, 28.1679308, 0.0 ], [ 73.1617006, 28.1682341, 0.0 ], [ 73.1616774, 28.1682338, 0.0 ], [ 73.1616826, 28.1679305, 0.0 ] ], [ [ 73.1616002, 28.1694765, 0.0 ], [ 73.1616233, 28.1694768, 0.0 ], [ 73.1616181, 28.16978, 0.0 ], [ 73.161595, 28.1697797, 0.0 ], [ 73.1616002, 28.1694765, 0.0 ] ], [ [ 73.1615442, 28.1694757, 0.0 ], [ 73.1615673, 28.169476, 0.0 ], [ 73.1615621, 28.1697793, 0.0 ], [ 73.161539, 28.169779, 0.0 ], [ 73.1615442, 28.1694757, 0.0 ] ], [ [ 73.1615949, 28.1697882, 0.0 ], [ 73.161618, 28.1697885, 0.0 ], [ 73.1616128, 28.1700917, 0.0 ], [ 73.1615897, 28.1700914, 0.0 ], [ 73.1615949, 28.1697882, 0.0 ] ], [ [ 73.1615389, 28.1697874, 0.0 ], [ 73.161562, 28.1697877, 0.0 ], [ 73.1615568, 28.170091, 0.0 ], [ 73.1615337, 28.1700907, 0.0 ], [ 73.1615389, 28.1697874, 0.0 ] ], [ [ 73.1616108, 28.168857, 0.0 ], [ 73.1616339, 28.1688573, 0.0 ], [ 73.1616287, 28.1691606, 0.0 ], [ 73.1616056, 28.1691603, 0.0 ], [ 73.1616108, 28.168857, 0.0 ] ], [ [ 73.1615548, 28.1688562, 0.0 ], [ 73.1615779, 28.1688566, 0.0 ], [ 73.1615727, 28.1691598, 0.0 ], [ 73.1615496, 28.1691595, 0.0 ], [ 73.1615548, 28.1688562, 0.0 ] ], [ [ 73.1616054, 28.1691687, 0.0 ], [ 73.1616286, 28.169169, 0.0 ], [ 73.1616234, 28.1694723, 0.0 ], [ 73.1616003, 28.169472, 0.0 ], [ 73.1616054, 28.1691687, 0.0 ] ], [ [ 73.1615494, 28.1691679, 0.0 ], [ 73.1615726, 28.1691682, 0.0 ], [ 73.1615674, 28.1694715, 0.0 ], [ 73.1615443, 28.1694712, 0.0 ], [ 73.1615494, 28.1691679, 0.0 ] ], [ [ 73.1616214, 28.1682375, 0.0 ], [ 73.1616445, 28.1682378, 0.0 ], [ 73.1616393, 28.1685411, 0.0 ], [ 73.1616162, 28.1685408, 0.0 ], [ 73.1616214, 28.1682375, 0.0 ] ], [ [ 73.1615654, 28.1682368, 0.0 ], [ 73.1615885, 28.1682371, 0.0 ], [ 73.1615833, 28.1685404, 0.0 ], [ 73.1615602, 28.16854, 0.0 ], [ 73.1615654, 28.1682368, 0.0 ] ], [ [ 73.161616, 28.1685492, 0.0 ], [ 73.1616392, 28.1685495, 0.0 ], [ 73.161634, 28.1688528, 0.0 ], [ 73.1616109, 28.1688525, 0.0 ], [ 73.161616, 28.1685492, 0.0 ] ], [ [ 73.16156, 28.1685485, 0.0 ], [ 73.1615832, 28.1685488, 0.0 ], [ 73.161578, 28.168852, 0.0 ], [ 73.1615549, 28.1688517, 0.0 ], [ 73.16156, 28.1685485, 0.0 ] ], [ [ 73.161632, 28.1676181, 0.0 ], [ 73.1616551, 28.1676184, 0.0 ], [ 73.1616499, 28.1679216, 0.0 ], [ 73.1616268, 28.1679213, 0.0 ], [ 73.161632, 28.1676181, 0.0 ] ], [ [ 73.161576, 28.1676173, 0.0 ], [ 73.1615991, 28.1676176, 0.0 ], [ 73.1615939, 28.1679209, 0.0 ], [ 73.1615708, 28.1679206, 0.0 ], [ 73.161576, 28.1676173, 0.0 ] ], [ [ 73.1616266, 28.1679297, 0.0 ], [ 73.1616498, 28.1679301, 0.0 ], [ 73.1616446, 28.1682333, 0.0 ], [ 73.1616214, 28.168233, 0.0 ], [ 73.1616266, 28.1679297, 0.0 ] ], [ [ 73.1615706, 28.167929, 0.0 ], [ 73.1615938, 28.1679293, 0.0 ], [ 73.1615886, 28.1682326, 0.0 ], [ 73.1615654, 28.1682323, 0.0 ], [ 73.1615706, 28.167929, 0.0 ] ], [ [ 73.1614882, 28.169475, 0.0 ], [ 73.1615113, 28.1694753, 0.0 ], [ 73.1615061, 28.1697785, 0.0 ], [ 73.161483, 28.1697782, 0.0 ], [ 73.1614882, 28.169475, 0.0 ] ], [ [ 73.1614322, 28.1694742, 0.0 ], [ 73.1614553, 28.1694745, 0.0 ], [ 73.1614501, 28.1697778, 0.0 ], [ 73.161427, 28.1697775, 0.0 ], [ 73.1614322, 28.1694742, 0.0 ] ], [ [ 73.1614829, 28.1697866, 0.0 ], [ 73.161506, 28.169787, 0.0 ], [ 73.1615008, 28.1700902, 0.0 ], [ 73.1614777, 28.1700899, 0.0 ], [ 73.1614829, 28.1697866, 0.0 ] ], [ [ 73.1614269, 28.1697859, 0.0 ], [ 73.16145, 28.1697862, 0.0 ], [ 73.1614448, 28.1700895, 0.0 ], [ 73.1614217, 28.1700892, 0.0 ], [ 73.1614269, 28.1697859, 0.0 ] ], [ [ 73.1614988, 28.1688555, 0.0 ], [ 73.1615219, 28.1688558, 0.0 ], [ 73.1615167, 28.1691591, 0.0 ], [ 73.1614936, 28.1691588, 0.0 ], [ 73.1614988, 28.1688555, 0.0 ] ], [ [ 73.1614428, 28.1688547, 0.0 ], [ 73.1614659, 28.168855, 0.0 ], [ 73.1614607, 28.1691583, 0.0 ], [ 73.1614376, 28.169158, 0.0 ], [ 73.1614428, 28.1688547, 0.0 ] ], [ [ 73.1614935, 28.1691672, 0.0 ], [ 73.1615166, 28.1691675, 0.0 ], [ 73.1615114, 28.1694708, 0.0 ], [ 73.1614883, 28.1694704, 0.0 ], [ 73.1614935, 28.1691672, 0.0 ] ], [ [ 73.1614375, 28.1691664, 0.0 ], [ 73.1614606, 28.1691667, 0.0 ], [ 73.1614554, 28.16947, 0.0 ], [ 73.1614323, 28.1694697, 0.0 ], [ 73.1614375, 28.1691664, 0.0 ] ], [ [ 73.1615094, 28.168236, 0.0 ], [ 73.1615325, 28.1682363, 0.0 ], [ 73.1615273, 28.1685396, 0.0 ], [ 73.1615042, 28.1685393, 0.0 ], [ 73.1615094, 28.168236, 0.0 ] ], [ [ 73.1614534, 28.1682353, 0.0 ], [ 73.1614765, 28.1682356, 0.0 ], [ 73.1614713, 28.1685389, 0.0 ], [ 73.1614482, 28.1685385, 0.0 ], [ 73.1614534, 28.1682353, 0.0 ] ], [ [ 73.161504, 28.1685477, 0.0 ], [ 73.1615272, 28.168548, 0.0 ], [ 73.161522, 28.1688513, 0.0 ], [ 73.1614989, 28.168851, 0.0 ], [ 73.161504, 28.1685477, 0.0 ] ], [ [ 73.161448, 28.168547, 0.0 ], [ 73.1614712, 28.1685473, 0.0 ], [ 73.161466, 28.1688505, 0.0 ], [ 73.1614429, 28.1688502, 0.0 ], [ 73.161448, 28.168547, 0.0 ] ], [ [ 73.16152, 28.1676166, 0.0 ], [ 73.1615431, 28.1676169, 0.0 ], [ 73.1615379, 28.1679201, 0.0 ], [ 73.1615148, 28.1679198, 0.0 ], [ 73.16152, 28.1676166, 0.0 ] ], [ [ 73.161464, 28.1676158, 0.0 ], [ 73.1614871, 28.1676161, 0.0 ], [ 73.1614819, 28.1679194, 0.0 ], [ 73.1614588, 28.1679191, 0.0 ], [ 73.161464, 28.1676158, 0.0 ] ], [ [ 73.1615146, 28.1679282, 0.0 ], [ 73.1615378, 28.1679286, 0.0 ], [ 73.1615326, 28.1682318, 0.0 ], [ 73.1615095, 28.1682315, 0.0 ], [ 73.1615146, 28.1679282, 0.0 ] ], [ [ 73.1614586, 28.1679275, 0.0 ], [ 73.1614818, 28.1679278, 0.0 ], [ 73.1614766, 28.1682311, 0.0 ], [ 73.1614535, 28.1682308, 0.0 ], [ 73.1614586, 28.1679275, 0.0 ] ], [ [ 73.1613762, 28.1694735, 0.0 ], [ 73.1613993, 28.1694738, 0.0 ], [ 73.1613941, 28.169777, 0.0 ], [ 73.161371, 28.1697767, 0.0 ], [ 73.1613762, 28.1694735, 0.0 ] ], [ [ 73.1613202, 28.1694727, 0.0 ], [ 73.1613433, 28.169473, 0.0 ], [ 73.1613381, 28.1697763, 0.0 ], [ 73.161315, 28.169776, 0.0 ], [ 73.1613202, 28.1694727, 0.0 ] ], [ [ 73.1613709, 28.1697851, 0.0 ], [ 73.161394, 28.1697855, 0.0 ], [ 73.1613888, 28.1700887, 0.0 ], [ 73.1613657, 28.1700884, 0.0 ], [ 73.1613709, 28.1697851, 0.0 ] ], [ [ 73.1613149, 28.1697844, 0.0 ], [ 73.161338, 28.1697847, 0.0 ], [ 73.1613328, 28.170088, 0.0 ], [ 73.1613097, 28.1700877, 0.0 ], [ 73.1613149, 28.1697844, 0.0 ] ], [ [ 73.1613868, 28.168854, 0.0 ], [ 73.1614099, 28.1688543, 0.0 ], [ 73.1614047, 28.1691576, 0.0 ], [ 73.1613816, 28.1691573, 0.0 ], [ 73.1613868, 28.168854, 0.0 ] ], [ [ 73.1613308, 28.1688532, 0.0 ], [ 73.1613539, 28.1688535, 0.0 ], [ 73.1613487, 28.1691568, 0.0 ], [ 73.1613256, 28.1691565, 0.0 ], [ 73.1613308, 28.1688532, 0.0 ] ], [ [ 73.1613815, 28.1691657, 0.0 ], [ 73.1614046, 28.169166, 0.0 ], [ 73.1613994, 28.1694693, 0.0 ], [ 73.1613763, 28.1694689, 0.0 ], [ 73.1613815, 28.1691657, 0.0 ] ], [ [ 73.1613255, 28.1691649, 0.0 ], [ 73.1613486, 28.1691652, 0.0 ], [ 73.1613434, 28.1694685, 0.0 ], [ 73.1613203, 28.1694682, 0.0 ], [ 73.1613255, 28.1691649, 0.0 ] ], [ [ 73.1613974, 28.1682345, 0.0 ], [ 73.1614205, 28.1682348, 0.0 ], [ 73.1614153, 28.1685381, 0.0 ], [ 73.1613922, 28.1685378, 0.0 ], [ 73.1613974, 28.1682345, 0.0 ] ], [ [ 73.1613414, 28.1682338, 0.0 ], [ 73.1613645, 28.1682341, 0.0 ], [ 73.1613593, 28.1685373, 0.0 ], [ 73.1613362, 28.168537, 0.0 ], [ 73.1613414, 28.1682338, 0.0 ] ], [ [ 73.1613921, 28.1685462, 0.0 ], [ 73.1614152, 28.1685465, 0.0 ], [ 73.16141, 28.1688498, 0.0 ], [ 73.1613869, 28.1688495, 0.0 ], [ 73.1613921, 28.1685462, 0.0 ] ], [ [ 73.1613361, 28.1685455, 0.0 ], [ 73.1613592, 28.1685458, 0.0 ], [ 73.161354, 28.168849, 0.0 ], [ 73.1613309, 28.1688487, 0.0 ], [ 73.1613361, 28.1685455, 0.0 ] ], [ [ 73.161408, 28.167615, 0.0 ], [ 73.1614311, 28.1676154, 0.0 ], [ 73.1614259, 28.1679186, 0.0 ], [ 73.1614028, 28.1679183, 0.0 ], [ 73.161408, 28.167615, 0.0 ] ], [ [ 73.161352, 28.1676143, 0.0 ], [ 73.1613751, 28.1676146, 0.0 ], [ 73.1613699, 28.1679179, 0.0 ], [ 73.1613468, 28.1679176, 0.0 ], [ 73.161352, 28.1676143, 0.0 ] ], [ [ 73.1614026, 28.1679267, 0.0 ], [ 73.1614258, 28.167927, 0.0 ], [ 73.1614206, 28.1682303, 0.0 ], [ 73.1613975, 28.16823, 0.0 ], [ 73.1614026, 28.1679267, 0.0 ] ], [ [ 73.1613466, 28.167926, 0.0 ], [ 73.1613698, 28.1679263, 0.0 ], [ 73.1613646, 28.1682296, 0.0 ], [ 73.1613415, 28.1682293, 0.0 ], [ 73.1613466, 28.167926, 0.0 ] ], [ [ 73.1612642, 28.169472, 0.0 ], [ 73.1612873, 28.1694723, 0.0 ], [ 73.1612821, 28.1697755, 0.0 ], [ 73.161259, 28.1697752, 0.0 ], [ 73.1612642, 28.169472, 0.0 ] ], [ [ 73.1612082, 28.1694712, 0.0 ], [ 73.1612313, 28.1694715, 0.0 ], [ 73.1612261, 28.1697748, 0.0 ], [ 73.161203, 28.1697745, 0.0 ], [ 73.1612082, 28.1694712, 0.0 ] ], [ [ 73.1612589, 28.1697836, 0.0 ], [ 73.161282, 28.169784, 0.0 ], [ 73.1612768, 28.1700872, 0.0 ], [ 73.1612537, 28.1700869, 0.0 ], [ 73.1612589, 28.1697836, 0.0 ] ], [ [ 73.1612029, 28.1697829, 0.0 ], [ 73.161226, 28.1697832, 0.0 ], [ 73.1612208, 28.1700865, 0.0 ], [ 73.1611977, 28.1700862, 0.0 ], [ 73.1612029, 28.1697829, 0.0 ] ], [ [ 73.1612748, 28.1688525, 0.0 ], [ 73.1612979, 28.1688528, 0.0 ], [ 73.1612927, 28.1691561, 0.0 ], [ 73.1612696, 28.1691558, 0.0 ], [ 73.1612748, 28.1688525, 0.0 ] ], [ [ 73.1612188, 28.1688517, 0.0 ], [ 73.1612419, 28.168852, 0.0 ], [ 73.1612367, 28.1691553, 0.0 ], [ 73.1612136, 28.169155, 0.0 ], [ 73.1612188, 28.1688517, 0.0 ] ], [ [ 73.1612695, 28.1691642, 0.0 ], [ 73.1612926, 28.1691645, 0.0 ], [ 73.1612874, 28.1694678, 0.0 ], [ 73.1612643, 28.1694674, 0.0 ], [ 73.1612695, 28.1691642, 0.0 ] ], [ [ 73.1612135, 28.1691634, 0.0 ], [ 73.1612366, 28.1691637, 0.0 ], [ 73.1612314, 28.169467, 0.0 ], [ 73.1612083, 28.1694667, 0.0 ], [ 73.1612135, 28.1691634, 0.0 ] ], [ [ 73.1612854, 28.168233, 0.0 ], [ 73.1613085, 28.1682333, 0.0 ], [ 73.1613033, 28.1685366, 0.0 ], [ 73.1612802, 28.1685363, 0.0 ], [ 73.1612854, 28.168233, 0.0 ] ], [ [ 73.1612294, 28.1682323, 0.0 ], [ 73.1612525, 28.1682326, 0.0 ], [ 73.1612473, 28.1685358, 0.0 ], [ 73.1612242, 28.1685355, 0.0 ], [ 73.1612294, 28.1682323, 0.0 ] ], [ [ 73.1612801, 28.1685447, 0.0 ], [ 73.1613032, 28.168545, 0.0 ], [ 73.161298, 28.1688483, 0.0 ], [ 73.1612749, 28.168848, 0.0 ], [ 73.1612801, 28.1685447, 0.0 ] ], [ [ 73.1612241, 28.1685439, 0.0 ], [ 73.1612472, 28.1685443, 0.0 ], [ 73.161242, 28.1688475, 0.0 ], [ 73.1612189, 28.1688472, 0.0 ], [ 73.1612241, 28.1685439, 0.0 ] ], [ [ 73.161296, 28.1676135, 0.0 ], [ 73.1613191, 28.1676139, 0.0 ], [ 73.1613139, 28.1679171, 0.0 ], [ 73.1612908, 28.1679168, 0.0 ], [ 73.161296, 28.1676135, 0.0 ] ], [ [ 73.16124, 28.1676128, 0.0 ], [ 73.1612631, 28.1676131, 0.0 ], [ 73.1612579, 28.1679164, 0.0 ], [ 73.1612348, 28.1679161, 0.0 ], [ 73.16124, 28.1676128, 0.0 ] ], [ [ 73.1612906, 28.1679252, 0.0 ], [ 73.1613138, 28.1679255, 0.0 ], [ 73.1613086, 28.1682288, 0.0 ], [ 73.1612855, 28.1682285, 0.0 ], [ 73.1612906, 28.1679252, 0.0 ] ], [ [ 73.1612347, 28.1679245, 0.0 ], [ 73.1612578, 28.1679248, 0.0 ], [ 73.1612526, 28.1682281, 0.0 ], [ 73.1612295, 28.1682277, 0.0 ], [ 73.1612347, 28.1679245, 0.0 ] ], [ [ 73.1611593, 28.1690585, 0.0 ], [ 73.1611824, 28.1690588, 0.0 ], [ 73.1611772, 28.1693621, 0.0 ], [ 73.1611541, 28.1693618, 0.0 ], [ 73.1611593, 28.1690585, 0.0 ] ], [ [ 73.1611033, 28.1690577, 0.0 ], [ 73.1611264, 28.1690581, 0.0 ], [ 73.1611212, 28.1693613, 0.0 ], [ 73.1610981, 28.169361, 0.0 ], [ 73.1611033, 28.1690577, 0.0 ] ], [ [ 73.1611539, 28.1693702, 0.0 ], [ 73.1611771, 28.1693705, 0.0 ], [ 73.1611719, 28.1696738, 0.0 ], [ 73.1611487, 28.1696735, 0.0 ], [ 73.1611539, 28.1693702, 0.0 ] ], [ [ 73.1610979, 28.1693694, 0.0 ], [ 73.1611211, 28.1693697, 0.0 ], [ 73.1611159, 28.169673, 0.0 ], [ 73.1610927, 28.1696727, 0.0 ], [ 73.1610979, 28.1693694, 0.0 ] ], [ [ 73.1611698, 28.168439, 0.0 ], [ 73.161193, 28.1684393, 0.0 ], [ 73.1611878, 28.1687426, 0.0 ], [ 73.1611647, 28.1687423, 0.0 ], [ 73.1611698, 28.168439, 0.0 ] ], [ [ 73.1611138, 28.1684383, 0.0 ], [ 73.161137, 28.1684386, 0.0 ], [ 73.1611318, 28.1687419, 0.0 ], [ 73.1611087, 28.1687415, 0.0 ], [ 73.1611138, 28.1684383, 0.0 ] ], [ [ 73.1611645, 28.1687507, 0.0 ], [ 73.1611876, 28.168751, 0.0 ], [ 73.1611825, 28.1690543, 0.0 ], [ 73.1611593, 28.169054, 0.0 ], [ 73.1611645, 28.1687507, 0.0 ] ], [ [ 73.1611085, 28.16875, 0.0 ], [ 73.1611316, 28.1687503, 0.0 ], [ 73.1611265, 28.1690535, 0.0 ], [ 73.1611033, 28.1690532, 0.0 ], [ 73.1611085, 28.16875, 0.0 ] ], [ [ 73.1611804, 28.1678196, 0.0 ], [ 73.1612036, 28.1678199, 0.0 ], [ 73.1611984, 28.1681231, 0.0 ], [ 73.1611753, 28.1681228, 0.0 ], [ 73.1611804, 28.1678196, 0.0 ] ], [ [ 73.1611244, 28.1678188, 0.0 ], [ 73.1611476, 28.1678191, 0.0 ], [ 73.1611424, 28.1681224, 0.0 ], [ 73.1611193, 28.1681221, 0.0 ], [ 73.1611244, 28.1678188, 0.0 ] ], [ [ 73.1611751, 28.1681312, 0.0 ], [ 73.1611982, 28.1681316, 0.0 ], [ 73.1611931, 28.1684348, 0.0 ], [ 73.1611699, 28.1684345, 0.0 ], [ 73.1611751, 28.1681312, 0.0 ] ], [ [ 73.1611191, 28.1681305, 0.0 ], [ 73.1611422, 28.1681308, 0.0 ], [ 73.1611371, 28.1684341, 0.0 ], [ 73.1611139, 28.1684338, 0.0 ], [ 73.1611191, 28.1681305, 0.0 ] ], [ [ 73.1610473, 28.169057, 0.0 ], [ 73.1610704, 28.1690573, 0.0 ], [ 73.1610652, 28.1693606, 0.0 ], [ 73.1610421, 28.1693603, 0.0 ], [ 73.1610473, 28.169057, 0.0 ] ], [ [ 73.1609913, 28.1690562, 0.0 ], [ 73.1610144, 28.1690565, 0.0 ], [ 73.1610092, 28.1693598, 0.0 ], [ 73.1609861, 28.1693595, 0.0 ], [ 73.1609913, 28.1690562, 0.0 ] ], [ [ 73.1610419, 28.1693687, 0.0 ], [ 73.1610651, 28.169369, 0.0 ], [ 73.1610599, 28.1696723, 0.0 ], [ 73.1610367, 28.1696719, 0.0 ], [ 73.1610419, 28.1693687, 0.0 ] ], [ [ 73.1609859, 28.1693679, 0.0 ], [ 73.1610091, 28.1693682, 0.0 ], [ 73.1610039, 28.1696715, 0.0 ], [ 73.1609807, 28.1696712, 0.0 ], [ 73.1609859, 28.1693679, 0.0 ] ], [ [ 73.1610579, 28.1684375, 0.0 ], [ 73.161081, 28.1684378, 0.0 ], [ 73.1610758, 28.1687411, 0.0 ], [ 73.1610527, 28.1687408, 0.0 ], [ 73.1610579, 28.1684375, 0.0 ] ], [ [ 73.1610019, 28.1684368, 0.0 ], [ 73.161025, 28.1684371, 0.0 ], [ 73.1610198, 28.1687403, 0.0 ], [ 73.1609967, 28.16874, 0.0 ], [ 73.1610019, 28.1684368, 0.0 ] ], [ [ 73.1610525, 28.1687492, 0.0 ], [ 73.1610757, 28.1687495, 0.0 ], [ 73.1610705, 28.1690528, 0.0 ], [ 73.1610473, 28.1690525, 0.0 ], [ 73.1610525, 28.1687492, 0.0 ] ], [ [ 73.1609965, 28.1687485, 0.0 ], [ 73.1610197, 28.1687488, 0.0 ], [ 73.1610145, 28.169052, 0.0 ], [ 73.1609913, 28.1690517, 0.0 ], [ 73.1609965, 28.1687485, 0.0 ] ], [ [ 73.1610684, 28.1678181, 0.0 ], [ 73.1610916, 28.1678184, 0.0 ], [ 73.1610864, 28.1681216, 0.0 ], [ 73.1610633, 28.1681213, 0.0 ], [ 73.1610684, 28.1678181, 0.0 ] ], [ [ 73.1610124, 28.1678173, 0.0 ], [ 73.1610356, 28.1678176, 0.0 ], [ 73.1610304, 28.1681209, 0.0 ], [ 73.1610073, 28.1681206, 0.0 ], [ 73.1610124, 28.1678173, 0.0 ] ], [ [ 73.1610631, 28.1681297, 0.0 ], [ 73.1610862, 28.16813, 0.0 ], [ 73.1610811, 28.1684333, 0.0 ], [ 73.1610579, 28.168433, 0.0 ], [ 73.1610631, 28.1681297, 0.0 ] ], [ [ 73.1610071, 28.168129, 0.0 ], [ 73.1610303, 28.1681293, 0.0 ], [ 73.1610251, 28.1684326, 0.0 ], [ 73.1610019, 28.1684323, 0.0 ], [ 73.1610071, 28.168129, 0.0 ] ], [ [ 73.1609459, 28.168436, 0.0 ], [ 73.160969, 28.1684363, 0.0 ], [ 73.1609638, 28.1687396, 0.0 ], [ 73.1609407, 28.1687393, 0.0 ], [ 73.1609459, 28.168436, 0.0 ] ], [ [ 73.1608899, 28.1684353, 0.0 ], [ 73.160913, 28.1684356, 0.0 ], [ 73.1609078, 28.1687388, 0.0 ], [ 73.1608847, 28.1687385, 0.0 ], [ 73.1608899, 28.1684353, 0.0 ] ], [ [ 73.1609405, 28.1687477, 0.0 ], [ 73.1609637, 28.168748, 0.0 ], [ 73.1609585, 28.1690513, 0.0 ], [ 73.1609353, 28.169051, 0.0 ], [ 73.1609405, 28.1687477, 0.0 ] ], [ [ 73.1608845, 28.168747, 0.0 ], [ 73.1609077, 28.1687473, 0.0 ], [ 73.1609025, 28.1690505, 0.0 ], [ 73.1608793, 28.1690502, 0.0 ], [ 73.1608845, 28.168747, 0.0 ] ], [ [ 73.1609565, 28.1678165, 0.0 ], [ 73.1609796, 28.1678169, 0.0 ], [ 73.1609744, 28.1681201, 0.0 ], [ 73.1609513, 28.1681198, 0.0 ], [ 73.1609565, 28.1678165, 0.0 ] ], [ [ 73.1609005, 28.1678158, 0.0 ], [ 73.1609236, 28.1678161, 0.0 ], [ 73.1609184, 28.1681194, 0.0 ], [ 73.1608953, 28.1681191, 0.0 ], [ 73.1609005, 28.1678158, 0.0 ] ], [ [ 73.1609511, 28.1681282, 0.0 ], [ 73.1609743, 28.1681285, 0.0 ], [ 73.1609691, 28.1684318, 0.0 ], [ 73.1609459, 28.1684315, 0.0 ], [ 73.1609511, 28.1681282, 0.0 ] ], [ [ 73.1608951, 28.1681275, 0.0 ], [ 73.1609183, 28.1681278, 0.0 ], [ 73.1609131, 28.1684311, 0.0 ], [ 73.1608899, 28.1684308, 0.0 ], [ 73.1608951, 28.1681275, 0.0 ] ], [ [ 73.1608339, 28.1684345, 0.0 ], [ 73.160857, 28.1684348, 0.0 ], [ 73.1608518, 28.1687381, 0.0 ], [ 73.1608287, 28.1687378, 0.0 ], [ 73.1608339, 28.1684345, 0.0 ] ], [ [ 73.1607779, 28.1684338, 0.0 ], [ 73.160801, 28.1684341, 0.0 ], [ 73.1607958, 28.1687373, 0.0 ], [ 73.1607727, 28.168737, 0.0 ], [ 73.1607779, 28.1684338, 0.0 ] ], [ [ 73.1608285, 28.1687462, 0.0 ], [ 73.1608517, 28.1687465, 0.0 ], [ 73.1608465, 28.1690498, 0.0 ], [ 73.1608233, 28.1690495, 0.0 ], [ 73.1608285, 28.1687462, 0.0 ] ], [ [ 73.1607725, 28.1687454, 0.0 ], [ 73.1607957, 28.1687458, 0.0 ], [ 73.1607905, 28.169049, 0.0 ], [ 73.1607673, 28.1690487, 0.0 ], [ 73.1607725, 28.1687454, 0.0 ] ], [ [ 73.1608445, 28.167815, 0.0 ], [ 73.1608676, 28.1678154, 0.0 ], [ 73.1608624, 28.1681186, 0.0 ], [ 73.1608393, 28.1681183, 0.0 ], [ 73.1608445, 28.167815, 0.0 ] ], [ [ 73.1607885, 28.1678143, 0.0 ], [ 73.1608116, 28.1678146, 0.0 ], [ 73.1608064, 28.1681179, 0.0 ], [ 73.1607833, 28.1681176, 0.0 ], [ 73.1607885, 28.1678143, 0.0 ] ], [ [ 73.1608391, 28.1681267, 0.0 ], [ 73.1608623, 28.168127, 0.0 ], [ 73.1608571, 28.1684303, 0.0 ], [ 73.1608339, 28.16843, 0.0 ], [ 73.1608391, 28.1681267, 0.0 ] ], [ [ 73.1607831, 28.168126, 0.0 ], [ 73.1608063, 28.1681263, 0.0 ], [ 73.1608011, 28.1684296, 0.0 ], [ 73.1607779, 28.1684292, 0.0 ], [ 73.1607831, 28.168126, 0.0 ] ], [ [ 73.1607219, 28.168433, 0.0 ], [ 73.160745, 28.1684333, 0.0 ], [ 73.1607398, 28.1687366, 0.0 ], [ 73.1607167, 28.1687363, 0.0 ], [ 73.1607219, 28.168433, 0.0 ] ], [ [ 73.1606659, 28.1684323, 0.0 ], [ 73.160689, 28.1684326, 0.0 ], [ 73.1606838, 28.1687358, 0.0 ], [ 73.1606607, 28.1687355, 0.0 ], [ 73.1606659, 28.1684323, 0.0 ] ], [ [ 73.1607165, 28.1687447, 0.0 ], [ 73.1607397, 28.168745, 0.0 ], [ 73.1607345, 28.1690483, 0.0 ], [ 73.1607114, 28.169048, 0.0 ], [ 73.1607165, 28.1687447, 0.0 ] ], [ [ 73.1606605, 28.1687439, 0.0 ], [ 73.1606837, 28.1687443, 0.0 ], [ 73.1606785, 28.1690475, 0.0 ], [ 73.1606554, 28.1690472, 0.0 ], [ 73.1606605, 28.1687439, 0.0 ] ], [ [ 73.1607325, 28.1678135, 0.0 ], [ 73.1607556, 28.1678138, 0.0 ], [ 73.1607504, 28.1681171, 0.0 ], [ 73.1607273, 28.1681168, 0.0 ], [ 73.1607325, 28.1678135, 0.0 ] ], [ [ 73.1606765, 28.1678128, 0.0 ], [ 73.1606996, 28.1678131, 0.0 ], [ 73.1606944, 28.1681164, 0.0 ], [ 73.1606713, 28.1681161, 0.0 ], [ 73.1606765, 28.1678128, 0.0 ] ], [ [ 73.1607271, 28.1681252, 0.0 ], [ 73.1607503, 28.1681255, 0.0 ], [ 73.1607451, 28.1684288, 0.0 ], [ 73.1607219, 28.1684285, 0.0 ], [ 73.1607271, 28.1681252, 0.0 ] ], [ [ 73.1606711, 28.1681245, 0.0 ], [ 73.1606943, 28.1681248, 0.0 ], [ 73.1606891, 28.1684281, 0.0 ], [ 73.160666, 28.1684277, 0.0 ], [ 73.1606711, 28.1681245, 0.0 ] ], [ [ 73.1606099, 28.1684315, 0.0 ], [ 73.160633, 28.1684318, 0.0 ], [ 73.1606278, 28.1687351, 0.0 ], [ 73.1606047, 28.1687348, 0.0 ], [ 73.1606099, 28.1684315, 0.0 ] ], [ [ 73.1605539, 28.1684308, 0.0 ], [ 73.160577, 28.1684311, 0.0 ], [ 73.1605718, 28.1687343, 0.0 ], [ 73.1605487, 28.168734, 0.0 ], [ 73.1605539, 28.1684308, 0.0 ] ], [ [ 73.1606045, 28.1687432, 0.0 ], [ 73.1606277, 28.1687435, 0.0 ], [ 73.1606225, 28.1690468, 0.0 ], [ 73.1605994, 28.1690465, 0.0 ], [ 73.1606045, 28.1687432, 0.0 ] ], [ [ 73.1605485, 28.1687424, 0.0 ], [ 73.1605717, 28.1687427, 0.0 ], [ 73.1605665, 28.169046, 0.0 ], [ 73.1605434, 28.1690457, 0.0 ], [ 73.1605485, 28.1687424, 0.0 ] ], [ [ 73.1606205, 28.167812, 0.0 ], [ 73.1606436, 28.1678123, 0.0 ], [ 73.1606384, 28.1681156, 0.0 ], [ 73.1606153, 28.1681153, 0.0 ], [ 73.1606205, 28.167812, 0.0 ] ], [ [ 73.1605645, 28.1678113, 0.0 ], [ 73.1605876, 28.1678116, 0.0 ], [ 73.1605824, 28.1681149, 0.0 ], [ 73.1605593, 28.1681146, 0.0 ], [ 73.1605645, 28.1678113, 0.0 ] ], [ [ 73.1606151, 28.1681237, 0.0 ], [ 73.1606383, 28.168124, 0.0 ], [ 73.1606331, 28.1684273, 0.0 ], [ 73.16061, 28.168427, 0.0 ], [ 73.1606151, 28.1681237, 0.0 ] ], [ [ 73.1605591, 28.168123, 0.0 ], [ 73.1605823, 28.1681233, 0.0 ], [ 73.1605771, 28.1684265, 0.0 ], [ 73.160554, 28.1684262, 0.0 ], [ 73.1605591, 28.168123, 0.0 ] ], [ [ 73.1604979, 28.16843, 0.0 ], [ 73.160521, 28.1684303, 0.0 ], [ 73.1605158, 28.1687336, 0.0 ], [ 73.1604927, 28.1687333, 0.0 ], [ 73.1604979, 28.16843, 0.0 ] ], [ [ 73.1604419, 28.1684292, 0.0 ], [ 73.160465, 28.1684296, 0.0 ], [ 73.1604598, 28.1687328, 0.0 ], [ 73.1604367, 28.1687325, 0.0 ], [ 73.1604419, 28.1684292, 0.0 ] ], [ [ 73.1604926, 28.1687417, 0.0 ], [ 73.1605157, 28.168742, 0.0 ], [ 73.1605105, 28.1690453, 0.0 ], [ 73.1604874, 28.169045, 0.0 ], [ 73.1604926, 28.1687417, 0.0 ] ], [ [ 73.1604366, 28.1687409, 0.0 ], [ 73.1604597, 28.1687412, 0.0 ], [ 73.1604545, 28.1690445, 0.0 ], [ 73.1604314, 28.1690442, 0.0 ], [ 73.1604366, 28.1687409, 0.0 ] ], [ [ 73.1605085, 28.1678105, 0.0 ], [ 73.1605316, 28.1678108, 0.0 ], [ 73.1605264, 28.1681141, 0.0 ], [ 73.1605033, 28.1681138, 0.0 ], [ 73.1605085, 28.1678105, 0.0 ] ], [ [ 73.1604525, 28.1678098, 0.0 ], [ 73.1604756, 28.1678101, 0.0 ], [ 73.1604704, 28.1681134, 0.0 ], [ 73.1604473, 28.168113, 0.0 ], [ 73.1604525, 28.1678098, 0.0 ] ], [ [ 73.1605031, 28.1681222, 0.0 ], [ 73.1605263, 28.1681225, 0.0 ], [ 73.1605211, 28.1684258, 0.0 ], [ 73.160498, 28.1684255, 0.0 ], [ 73.1605031, 28.1681222, 0.0 ] ], [ [ 73.1604472, 28.1681215, 0.0 ], [ 73.1604703, 28.1681218, 0.0 ], [ 73.1604651, 28.168425, 0.0 ], [ 73.160442, 28.1684247, 0.0 ], [ 73.1604472, 28.1681215, 0.0 ] ], [ [ 73.1603859, 28.1684285, 0.0 ], [ 73.160409, 28.1684288, 0.0 ], [ 73.1604038, 28.1687321, 0.0 ], [ 73.1603807, 28.1687318, 0.0 ], [ 73.1603859, 28.1684285, 0.0 ] ], [ [ 73.1603299, 28.1684277, 0.0 ], [ 73.160353, 28.1684281, 0.0 ], [ 73.1603478, 28.1687313, 0.0 ], [ 73.1603247, 28.168731, 0.0 ], [ 73.1603299, 28.1684277, 0.0 ] ], [ [ 73.1603806, 28.1687402, 0.0 ], [ 73.1604037, 28.1687405, 0.0 ], [ 73.1603985, 28.1690438, 0.0 ], [ 73.1603754, 28.1690435, 0.0 ], [ 73.1603806, 28.1687402, 0.0 ] ], [ [ 73.1603246, 28.1687394, 0.0 ], [ 73.1603477, 28.1687397, 0.0 ], [ 73.1603425, 28.169043, 0.0 ], [ 73.1603194, 28.1690427, 0.0 ], [ 73.1603246, 28.1687394, 0.0 ] ], [ [ 73.1603965, 28.167809, 0.0 ], [ 73.1604196, 28.1678093, 0.0 ], [ 73.1604144, 28.1681126, 0.0 ], [ 73.1603913, 28.1681123, 0.0 ], [ 73.1603965, 28.167809, 0.0 ] ], [ [ 73.1603405, 28.1678083, 0.0 ], [ 73.1603636, 28.1678086, 0.0 ], [ 73.1603584, 28.1681119, 0.0 ], [ 73.1603353, 28.1681115, 0.0 ], [ 73.1603405, 28.1678083, 0.0 ] ], [ [ 73.1603912, 28.1681207, 0.0 ], [ 73.1604143, 28.168121, 0.0 ], [ 73.1604091, 28.1684243, 0.0 ], [ 73.160386, 28.168424, 0.0 ], [ 73.1603912, 28.1681207, 0.0 ] ], [ [ 73.1603352, 28.16812, 0.0 ], [ 73.1603583, 28.1681203, 0.0 ], [ 73.1603531, 28.1684235, 0.0 ], [ 73.16033, 28.1684232, 0.0 ], [ 73.1603352, 28.16812, 0.0 ] ], [ [ 73.1602774, 28.1682195, 0.0 ], [ 73.1603006, 28.1682198, 0.0 ], [ 73.1602954, 28.1685231, 0.0 ], [ 73.1602723, 28.1685227, 0.0 ], [ 73.1602774, 28.1682195, 0.0 ] ], [ [ 73.1602215, 28.1682187, 0.0 ], [ 73.1602446, 28.168219, 0.0 ], [ 73.1602394, 28.1685223, 0.0 ], [ 73.1602163, 28.168522, 0.0 ], [ 73.1602215, 28.1682187, 0.0 ] ], [ [ 73.1602721, 28.1685312, 0.0 ], [ 73.1602952, 28.1685315, 0.0 ], [ 73.1602901, 28.1688347, 0.0 ], [ 73.1602669, 28.1688344, 0.0 ], [ 73.1602721, 28.1685312, 0.0 ] ], [ [ 73.1602161, 28.1685304, 0.0 ], [ 73.1602392, 28.1685307, 0.0 ], [ 73.1602341, 28.168834, 0.0 ], [ 73.1602109, 28.1688337, 0.0 ], [ 73.1602161, 28.1685304, 0.0 ] ], [ [ 73.160288, 28.1676, 0.0 ], [ 73.1603112, 28.1676003, 0.0 ], [ 73.160306, 28.1679036, 0.0 ], [ 73.1602829, 28.1679033, 0.0 ], [ 73.160288, 28.1676, 0.0 ] ], [ [ 73.1602321, 28.1675993, 0.0 ], [ 73.1602552, 28.1675996, 0.0 ], [ 73.16025, 28.1679028, 0.0 ], [ 73.1602269, 28.1679025, 0.0 ], [ 73.1602321, 28.1675993, 0.0 ] ], [ [ 73.1602827, 28.1679117, 0.0 ], [ 73.1603058, 28.167912, 0.0 ], [ 73.1603007, 28.1682153, 0.0 ], [ 73.1602775, 28.168215, 0.0 ], [ 73.1602827, 28.1679117, 0.0 ] ], [ [ 73.1602267, 28.1679109, 0.0 ], [ 73.1602498, 28.1679113, 0.0 ], [ 73.1602447, 28.1682145, 0.0 ], [ 73.1602215, 28.1682142, 0.0 ], [ 73.1602267, 28.1679109, 0.0 ] ], [ [ 73.1601655, 28.168218, 0.0 ], [ 73.1601886, 28.1682183, 0.0 ], [ 73.1601834, 28.1685215, 0.0 ], [ 73.1601603, 28.1685212, 0.0 ], [ 73.1601655, 28.168218, 0.0 ] ], [ [ 73.1601095, 28.1682172, 0.0 ], [ 73.1601326, 28.1682175, 0.0 ], [ 73.1601274, 28.1685208, 0.0 ], [ 73.1601043, 28.1685205, 0.0 ], [ 73.1601095, 28.1682172, 0.0 ] ], [ [ 73.1601601, 28.1685297, 0.0 ], [ 73.1601833, 28.16853, 0.0 ], [ 73.1601781, 28.1688332, 0.0 ], [ 73.1601549, 28.1688329, 0.0 ], [ 73.1601601, 28.1685297, 0.0 ] ], [ [ 73.1601041, 28.1685289, 0.0 ], [ 73.1601273, 28.1685292, 0.0 ], [ 73.1601221, 28.1688325, 0.0 ], [ 73.1600989, 28.1688322, 0.0 ], [ 73.1601041, 28.1685289, 0.0 ] ], [ [ 73.1601761, 28.1675985, 0.0 ], [ 73.1601992, 28.1675988, 0.0 ], [ 73.160194, 28.1679021, 0.0 ], [ 73.1601709, 28.1679018, 0.0 ], [ 73.1601761, 28.1675985, 0.0 ] ], [ [ 73.1601201, 28.1675977, 0.0 ], [ 73.1601432, 28.1675981, 0.0 ], [ 73.160138, 28.1679013, 0.0 ], [ 73.1601149, 28.167901, 0.0 ], [ 73.1601201, 28.1675977, 0.0 ] ], [ [ 73.1601707, 28.1679102, 0.0 ], [ 73.1601939, 28.1679105, 0.0 ], [ 73.1601887, 28.1682138, 0.0 ], [ 73.1601655, 28.1682135, 0.0 ], [ 73.1601707, 28.1679102, 0.0 ] ], [ [ 73.1601147, 28.1679094, 0.0 ], [ 73.1601379, 28.1679097, 0.0 ], [ 73.1601327, 28.168213, 0.0 ], [ 73.1601095, 28.1682127, 0.0 ], [ 73.1601147, 28.1679094, 0.0 ] ], [ [ 73.1600535, 28.1682165, 0.0 ], [ 73.1600766, 28.1682168, 0.0 ], [ 73.1600714, 28.16852, 0.0 ], [ 73.1600483, 28.1685197, 0.0 ], [ 73.1600535, 28.1682165, 0.0 ] ], [ [ 73.1599975, 28.1682157, 0.0 ], [ 73.1600206, 28.168216, 0.0 ], [ 73.1600154, 28.1685193, 0.0 ], [ 73.1599923, 28.168519, 0.0 ], [ 73.1599975, 28.1682157, 0.0 ] ], [ [ 73.1600481, 28.1685282, 0.0 ], [ 73.1600713, 28.1685285, 0.0 ], [ 73.1600661, 28.1688317, 0.0 ], [ 73.1600429, 28.1688314, 0.0 ], [ 73.1600481, 28.1685282, 0.0 ] ], [ [ 73.1599921, 28.1685274, 0.0 ], [ 73.1600153, 28.1685277, 0.0 ], [ 73.1600101, 28.168831, 0.0 ], [ 73.1599869, 28.1688307, 0.0 ], [ 73.1599921, 28.1685274, 0.0 ] ], [ [ 73.1600641, 28.167597, 0.0 ], [ 73.1600872, 28.1675973, 0.0 ], [ 73.160082, 28.1679006, 0.0 ], [ 73.1600589, 28.1679003, 0.0 ], [ 73.1600641, 28.167597, 0.0 ] ], [ [ 73.1600081, 28.1675962, 0.0 ], [ 73.1600312, 28.1675966, 0.0 ], [ 73.160026, 28.1678998, 0.0 ], [ 73.1600029, 28.1678995, 0.0 ], [ 73.1600081, 28.1675962, 0.0 ] ], [ [ 73.1600587, 28.1679087, 0.0 ], [ 73.1600819, 28.167909, 0.0 ], [ 73.1600767, 28.1682123, 0.0 ], [ 73.1600535, 28.168212, 0.0 ], [ 73.1600587, 28.1679087, 0.0 ] ], [ [ 73.1600027, 28.1679079, 0.0 ], [ 73.1600259, 28.1679082, 0.0 ], [ 73.1600207, 28.1682115, 0.0 ], [ 73.1599975, 28.1682112, 0.0 ], [ 73.1600027, 28.1679079, 0.0 ] ], [ [ 73.1599521, 28.1675955, 0.0 ], [ 73.1599752, 28.1675958, 0.0 ], [ 73.15997, 28.1678991, 0.0 ], [ 73.1599469, 28.1678988, 0.0 ], [ 73.1599521, 28.1675955, 0.0 ] ], [ [ 73.1598961, 28.1675947, 0.0 ], [ 73.1599192, 28.167595, 0.0 ], [ 73.159914, 28.1678983, 0.0 ], [ 73.1598909, 28.167898, 0.0 ], [ 73.1598961, 28.1675947, 0.0 ] ], [ [ 73.1599467, 28.1679072, 0.0 ], [ 73.1599699, 28.1679075, 0.0 ], [ 73.1599647, 28.1682108, 0.0 ], [ 73.1599415, 28.1682104, 0.0 ], [ 73.1599467, 28.1679072, 0.0 ] ], [ [ 73.1598907, 28.1679064, 0.0 ], [ 73.1599139, 28.1679067, 0.0 ], [ 73.1599087, 28.16821, 0.0 ], [ 73.1598855, 28.1682097, 0.0 ], [ 73.1598907, 28.1679064, 0.0 ] ], [ [ 73.1598401, 28.167594, 0.0 ], [ 73.1598632, 28.1675943, 0.0 ], [ 73.159858, 28.1678976, 0.0 ], [ 73.1598349, 28.1678973, 0.0 ], [ 73.1598401, 28.167594, 0.0 ] ], [ [ 73.1597841, 28.1675932, 0.0 ], [ 73.1598072, 28.1675935, 0.0 ], [ 73.159802, 28.1678968, 0.0 ], [ 73.1597789, 28.1678965, 0.0 ], [ 73.1597841, 28.1675932, 0.0 ] ], [ [ 73.1598347, 28.1679057, 0.0 ], [ 73.1598579, 28.167906, 0.0 ], [ 73.1598527, 28.1682093, 0.0 ], [ 73.1598296, 28.1682089, 0.0 ], [ 73.1598347, 28.1679057, 0.0 ] ], [ [ 73.1597787, 28.1679049, 0.0 ], [ 73.1598019, 28.1679052, 0.0 ], [ 73.1597967, 28.1682085, 0.0 ], [ 73.1597736, 28.1682082, 0.0 ], [ 73.1597787, 28.1679049, 0.0 ] ], [ [ 73.1597281, 28.1675925, 0.0 ], [ 73.1597512, 28.1675928, 0.0 ], [ 73.159746, 28.1678961, 0.0 ], [ 73.1597229, 28.1678957, 0.0 ], [ 73.1597281, 28.1675925, 0.0 ] ], [ [ 73.1596721, 28.1675917, 0.0 ], [ 73.1596952, 28.167592, 0.0 ], [ 73.15969, 28.1678953, 0.0 ], [ 73.1596669, 28.167895, 0.0 ], [ 73.1596721, 28.1675917, 0.0 ] ], [ [ 73.1597227, 28.1679042, 0.0 ], [ 73.1597459, 28.1679045, 0.0 ], [ 73.1597407, 28.1682077, 0.0 ], [ 73.1597176, 28.1682074, 0.0 ], [ 73.1597227, 28.1679042, 0.0 ] ], [ [ 73.1596668, 28.1679034, 0.0 ], [ 73.1596899, 28.1679037, 0.0 ], [ 73.1596847, 28.168207, 0.0 ], [ 73.1596616, 28.1682067, 0.0 ], [ 73.1596668, 28.1679034, 0.0 ] ] ] } }
]
}
