{
"type": "FeatureCollection",
"name": "ITC-1_strings",
"bbox": [ 73.1405487, 28.1392220, 73.1473904, 28.1479275 ],                                                                        
"features": [
{ "type": "Feature", "properties": { "id": "kml_4", "Name": "TRACKERS", "tessellate": -1, "extrude": 0, "visibility": -1, "snippet": "", "layer": "ITC-1 strings", "path": "C:\\Users\\JUNA\\Desktop\\ALL ITC\\string & tracker actual\\ITC-1 strings.geojson" }, "bbox": [ 73.1406607, 28.1392235, 73.1472785, 28.147926 ], "geometry": { "type": "MultiLineString", "coordinates": [ [ [ 73.1444592, 28.1436122 ], [ 73.1444824, 28.1436125 ], [ 73.1444771, 28.1439157 ], [ 73.144454, 28.1439154 ], [ 73.1444592, 28.1436122 ] ], [ [ 73.1444032, 28.1436114 ], [ 73.1444264, 28.1436117 ], [ 73.1444211, 28.143915 ], [ 73.144398, 28.1439147 ], [ 73.1444032, 28.1436114 ] ], [ [ 73.1444539, 28.1439238 ], [ 73.144477, 28.1439242 ], [ 73.1444718, 28.1442274 ], [ 73.1444486, 28.1442271 ], [ 73.1444539, 28.1439238 ] ], [ [ 73.1443979, 28.1439231 ], [ 73.144421, 28.1439234 ], [ 73.1444158, 28.1442267 ], [ 73.1443926, 28.1442263 ], [ 73.1443979, 28.1439231 ] ], [ [ 73.1443473, 28.1436106 ], [ 73.1443704, 28.1436109 ], [ 73.1443652, 28.1439142 ], [ 73.144342, 28.1439139 ], [ 73.1443473, 28.1436106 ] ], [ [ 73.1442913, 28.1436099 ], [ 73.1443144, 28.1436102 ], [ 73.1443092, 28.1439135 ], [ 73.1442861, 28.1439131 ], [ 73.1442913, 28.1436099 ] ], [ [ 73.1443419, 28.1439223 ], [ 73.144365, 28.1439226 ], [ 73.1443598, 28.1442259 ], [ 73.1443367, 28.1442256 ], [ 73.1443419, 28.1439223 ] ], [ [ 73.1442859, 28.1439216 ], [ 73.144309, 28.1439219 ], [ 73.1443038, 28.1442251 ], [ 73.1442807, 28.1442248 ], [ 73.1442859, 28.1439216 ] ], [ [ 73.1472553, 28.1438272 ], [ 73.1472785, 28.1438275 ], [ 73.1472733, 28.1441308 ], [ 73.1472501, 28.1441305 ], [ 73.1472553, 28.1438272 ] ], [ [ 73.1471994, 28.1438264 ], [ 73.1472225, 28.1438267 ], [ 73.1472173, 28.14413 ], [ 73.1471941, 28.1441297 ], [ 73.1471994, 28.1438264 ] ], [ [ 73.14725, 28.1441389 ], [ 73.1472731, 28.1441392 ], [ 73.1472679, 28.1444425 ], [ 73.1472448, 28.1444421 ], [ 73.14725, 28.1441389 ] ], [ [ 73.147194, 28.1441381 ], [ 73.1472171, 28.1441384 ], [ 73.1472119, 28.1444417 ], [ 73.1471888, 28.1444414 ], [ 73.147194, 28.1441381 ] ], [ [ 73.1430515, 28.1473107 ], [ 73.1430746, 28.1473111 ], [ 73.1430694, 28.1476143 ], [ 73.1430463, 28.147614 ], [ 73.1430515, 28.1473107 ] ], [ [ 73.1429955, 28.14731 ], [ 73.1430186, 28.1473103 ], [ 73.1430134, 28.1476136 ], [ 73.1429903, 28.1476132 ], [ 73.1429955, 28.14731 ] ], [ [ 73.1430461, 28.1476224 ], [ 73.1430693, 28.1476227 ], [ 73.143064, 28.147926 ], [ 73.1430409, 28.1479257 ], [ 73.1430461, 28.1476224 ] ], [ [ 73.1429901, 28.1476217 ], [ 73.1430133, 28.147622 ], [ 73.143008, 28.1479252 ], [ 73.1429849, 28.1479249 ], [ 73.1429901, 28.1476217 ] ], [ [ 73.1429395, 28.1473092 ], [ 73.1429627, 28.1473095 ], [ 73.1429574, 28.1476128 ], [ 73.1429343, 28.1476125 ], [ 73.1429395, 28.1473092 ] ], [ [ 73.1428835, 28.1473085 ], [ 73.1429067, 28.1473088 ], [ 73.1429014, 28.147612 ], [ 73.1428783, 28.1476117 ], [ 73.1428835, 28.1473085 ] ], [ [ 73.1429342, 28.1476209 ], [ 73.1429573, 28.1476212 ], [ 73.142952, 28.1479245 ], [ 73.1429289, 28.1479242 ], [ 73.1429342, 28.1476209 ] ], [ [ 73.1428782, 28.1476201 ], [ 73.1429013, 28.1476205 ], [ 73.1428961, 28.1479237 ], [ 73.1428729, 28.1479234 ], [ 73.1428782, 28.1476201 ] ], [ [ 73.1428276, 28.1473077 ], [ 73.1428507, 28.147308 ], [ 73.1428455, 28.1476113 ], [ 73.1428223, 28.147611 ], [ 73.1428276, 28.1473077 ] ], [ [ 73.1427716, 28.1473069 ], [ 73.1427947, 28.1473073 ], [ 73.1427895, 28.1476105 ], [ 73.1427663, 28.1476102 ], [ 73.1427716, 28.1473069 ] ], [ [ 73.1428222, 28.1476194 ], [ 73.1428453, 28.1476197 ], [ 73.1428401, 28.147923 ], [ 73.1428169, 28.1479227 ], [ 73.1428222, 28.1476194 ] ], [ [ 73.1427662, 28.1476186 ], [ 73.1427893, 28.1476189 ], [ 73.1427841, 28.1479222 ], [ 73.142761, 28.1479219 ], [ 73.1427662, 28.1476186 ] ], [ [ 73.1427156, 28.1473062 ], [ 73.1427387, 28.1473065 ], [ 73.1427335, 28.1476098 ], [ 73.1427104, 28.1476095 ], [ 73.1427156, 28.1473062 ] ], [ [ 73.1426596, 28.1473054 ], [ 73.1426827, 28.1473057 ], [ 73.1426775, 28.147609 ], [ 73.1426544, 28.1476087 ], [ 73.1426596, 28.1473054 ] ], [ [ 73.1427102, 28.1476179 ], [ 73.1427333, 28.1476182 ], [ 73.1427281, 28.1479215 ], [ 73.142705, 28.1479211 ], [ 73.1427102, 28.1476179 ] ], [ [ 73.1426542, 28.1476171 ], [ 73.1426774, 28.1476174 ], [ 73.1426721, 28.1479207 ], [ 73.142649, 28.1479204 ], [ 73.1426542, 28.1476171 ] ], [ [ 73.1426036, 28.1473047 ], [ 73.1426267, 28.147305 ], [ 73.1426215, 28.1476082 ], [ 73.1425984, 28.1476079 ], [ 73.1426036, 28.1473047 ] ], [ [ 73.1425476, 28.1473039 ], [ 73.1425708, 28.1473042 ], [ 73.1425655, 28.1476075 ], [ 73.1425424, 28.1476072 ], [ 73.1425476, 28.1473039 ] ], [ [ 73.1425982, 28.1476164 ], [ 73.1426214, 28.1476167 ], [ 73.1426161, 28.1479199 ], [ 73.142593, 28.1479196 ], [ 73.1425982, 28.1476164 ] ], [ [ 73.1425423, 28.1476156 ], [ 73.1425654, 28.1476159 ], [ 73.1425601, 28.1479192 ], [ 73.142537, 28.1479189 ], [ 73.1425423, 28.1476156 ] ], [ [ 73.1424917, 28.1473031 ], [ 73.1425148, 28.1473035 ], [ 73.1425095, 28.1476067 ], [ 73.1424864, 28.1476064 ], [ 73.1424917, 28.1473031 ] ], [ [ 73.1424357, 28.1473024 ], [ 73.1424588, 28.1473027 ], [ 73.1424536, 28.147606 ], [ 73.1424304, 28.1476057 ], [ 73.1424357, 28.1473024 ] ], [ [ 73.1424863, 28.1476148 ], [ 73.1425094, 28.1476151 ], [ 73.1425042, 28.1479184 ], [ 73.142481, 28.1479181 ], [ 73.1424863, 28.1476148 ] ], [ [ 73.1424303, 28.1476141 ], [ 73.1424534, 28.1476144 ], [ 73.1424482, 28.1479177 ], [ 73.1424251, 28.1479173 ], [ 73.1424303, 28.1476141 ] ], [ [ 73.1423797, 28.1473016 ], [ 73.1424028, 28.1473019 ], [ 73.1423976, 28.1476052 ], [ 73.1423744, 28.1476049 ], [ 73.1423797, 28.1473016 ] ], [ [ 73.1423237, 28.1473009 ], [ 73.1423468, 28.1473012 ], [ 73.1423416, 28.1476045 ], [ 73.1423185, 28.1476041 ], [ 73.1423237, 28.1473009 ] ], [ [ 73.1423743, 28.1476133 ], [ 73.1423974, 28.1476136 ], [ 73.1423922, 28.1479169 ], [ 73.1423691, 28.1479166 ], [ 73.1423743, 28.1476133 ] ], [ [ 73.1423183, 28.1476126 ], [ 73.1423414, 28.1476129 ], [ 73.1423362, 28.1479161 ], [ 73.1423131, 28.1479158 ], [ 73.1423183, 28.1476126 ] ], [ [ 73.1422677, 28.1473001 ], [ 73.1422908, 28.1473004 ], [ 73.1422856, 28.1476037 ], [ 73.1422625, 28.1476034 ], [ 73.1422677, 28.1473001 ] ], [ [ 73.1422117, 28.1472994 ], [ 73.1422349, 28.1472997 ], [ 73.1422296, 28.1476029 ], [ 73.1422065, 28.1476026 ], [ 73.1422117, 28.1472994 ] ], [ [ 73.1422623, 28.1476118 ], [ 73.1422855, 28.1476121 ], [ 73.1422802, 28.1479154 ], [ 73.1422571, 28.1479151 ], [ 73.1422623, 28.1476118 ] ], [ [ 73.1422063, 28.147611 ], [ 73.1422295, 28.1476114 ], [ 73.1422242, 28.1479146 ], [ 73.1422011, 28.1479143 ], [ 73.1422063, 28.147611 ] ], [ [ 73.1421557, 28.1472986 ], [ 73.1421789, 28.1472989 ], [ 73.1421736, 28.1476022 ], [ 73.1421505, 28.1476019 ], [ 73.1421557, 28.1472986 ] ], [ [ 73.1420998, 28.1472978 ], [ 73.1421229, 28.1472981 ], [ 73.1421176, 28.1476014 ], [ 73.1420945, 28.1476011 ], [ 73.1420998, 28.1472978 ] ], [ [ 73.1421504, 28.1476103 ], [ 73.1421735, 28.1476106 ], [ 73.1421683, 28.1479139 ], [ 73.1421451, 28.1479135 ], [ 73.1421504, 28.1476103 ] ], [ [ 73.1420944, 28.1476095 ], [ 73.1421175, 28.1476098 ], [ 73.1421123, 28.1479131 ], [ 73.1420891, 28.1479128 ], [ 73.1420944, 28.1476095 ] ], [ [ 73.1420438, 28.1472971 ], [ 73.1420669, 28.1472974 ], [ 73.1420617, 28.1476007 ], [ 73.1420385, 28.1476003 ], [ 73.1420438, 28.1472971 ] ], [ [ 73.1419878, 28.1472963 ], [ 73.1420109, 28.1472966 ], [ 73.1420057, 28.1475999 ], [ 73.1419825, 28.1475996 ], [ 73.1419878, 28.1472963 ] ], [ [ 73.1420384, 28.1476088 ], [ 73.1420615, 28.1476091 ], [ 73.1420563, 28.1479123 ], [ 73.1420332, 28.147912 ], [ 73.1420384, 28.1476088 ] ], [ [ 73.1419824, 28.147608 ], [ 73.1420055, 28.1476083 ], [ 73.1420003, 28.1479116 ], [ 73.1419772, 28.1479113 ], [ 73.1419824, 28.147608 ] ], [ [ 73.1419318, 28.1472956 ], [ 73.1419549, 28.1472959 ], [ 73.1419497, 28.1475991 ], [ 73.1419266, 28.1475988 ], [ 73.1419318, 28.1472956 ] ], [ [ 73.1418758, 28.1472948 ], [ 73.1418989, 28.1472951 ], [ 73.1418937, 28.1475984 ], [ 73.1418706, 28.1475981 ], [ 73.1418758, 28.1472948 ] ], [ [ 73.1419264, 28.1476072 ], [ 73.1419495, 28.1476076 ], [ 73.1419443, 28.1479108 ], [ 73.1419212, 28.1479105 ], [ 73.1419264, 28.1476072 ] ], [ [ 73.1418704, 28.1476065 ], [ 73.1418936, 28.1476068 ], [ 73.1418883, 28.1479101 ], [ 73.1418652, 28.1479097 ], [ 73.1418704, 28.1476065 ] ], [ [ 73.1433981, 28.1466958 ], [ 73.1434212, 28.1466961 ], [ 73.143416, 28.1469994 ], [ 73.1433929, 28.1469991 ], [ 73.1433981, 28.1466958 ] ], [ [ 73.1433421, 28.1466951 ], [ 73.1433652, 28.1466954 ], [ 73.14336, 28.1469986 ], [ 73.1433369, 28.1469983 ], [ 73.1433421, 28.1466951 ] ], [ [ 73.1433927, 28.1470075 ], [ 73.1434159, 28.1470078 ], [ 73.1434106, 28.1473111 ], [ 73.1433875, 28.1473108 ], [ 73.1433927, 28.1470075 ] ], [ [ 73.1433367, 28.1470068 ], [ 73.1433599, 28.1470071 ], [ 73.1433546, 28.1473103 ], [ 73.1433315, 28.14731 ], [ 73.1433367, 28.1470068 ] ], [ [ 73.1432861, 28.1466943 ], [ 73.1433093, 28.1466946 ], [ 73.143304, 28.1469979 ], [ 73.1432809, 28.1469976 ], [ 73.1432861, 28.1466943 ] ], [ [ 73.1432301, 28.1466935 ], [ 73.1432533, 28.1466939 ], [ 73.143248, 28.1469971 ], [ 73.1432249, 28.1469968 ], [ 73.1432301, 28.1466935 ] ], [ [ 73.1432808, 28.147006 ], [ 73.1433039, 28.1470063 ], [ 73.1432986, 28.1473096 ], [ 73.1432755, 28.1473093 ], [ 73.1432808, 28.147006 ] ], [ [ 73.1432248, 28.1470052 ], [ 73.1432479, 28.1470055 ], [ 73.1432427, 28.1473088 ], [ 73.1432195, 28.1473085 ], [ 73.1432248, 28.1470052 ] ], [ [ 73.1431742, 28.1466928 ], [ 73.1431973, 28.1466931 ], [ 73.1431921, 28.1469964 ], [ 73.1431689, 28.1469961 ], [ 73.1431742, 28.1466928 ] ], [ [ 73.1431182, 28.146692 ], [ 73.1431413, 28.1466923 ], [ 73.1431361, 28.1469956 ], [ 73.1431129, 28.1469953 ], [ 73.1431182, 28.146692 ] ], [ [ 73.1431688, 28.1470045 ], [ 73.1431919, 28.1470048 ], [ 73.1431867, 28.1473081 ], [ 73.1431636, 28.1473077 ], [ 73.1431688, 28.1470045 ] ], [ [ 73.1431128, 28.1470037 ], [ 73.1431359, 28.147004 ], [ 73.1431307, 28.1473073 ], [ 73.1431076, 28.147307 ], [ 73.1431128, 28.1470037 ] ], [ [ 73.1430622, 28.1466913 ], [ 73.1430853, 28.1466916 ], [ 73.1430801, 28.1469949 ], [ 73.143057, 28.1469945 ], [ 73.1430622, 28.1466913 ] ], [ [ 73.1430062, 28.1466905 ], [ 73.1430293, 28.1466908 ], [ 73.1430241, 28.1469941 ], [ 73.143001, 28.1469938 ], [ 73.1430062, 28.1466905 ] ], [ [ 73.1430568, 28.147003 ], [ 73.1430799, 28.1470033 ], [ 73.1430747, 28.1473065 ], [ 73.1430516, 28.1473062 ], [ 73.1430568, 28.147003 ] ], [ [ 73.1430008, 28.1470022 ], [ 73.143024, 28.1470025 ], [ 73.1430187, 28.1473058 ], [ 73.1429956, 28.1473055 ], [ 73.1430008, 28.1470022 ] ], [ [ 73.1429502, 28.1466898 ], [ 73.1429733, 28.1466901 ], [ 73.1429681, 28.1469933 ], [ 73.142945, 28.146993 ], [ 73.1429502, 28.1466898 ] ], [ [ 73.1428942, 28.146689 ], [ 73.1429174, 28.1466893 ], [ 73.1429121, 28.1469926 ], [ 73.142889, 28.1469923 ], [ 73.1428942, 28.146689 ] ], [ [ 73.1429448, 28.1470014 ], [ 73.142968, 28.1470018 ], [ 73.1429627, 28.147305 ], [ 73.1429396, 28.1473047 ], [ 73.1429448, 28.1470014 ] ], [ [ 73.1428889, 28.1470007 ], [ 73.142912, 28.147001 ], [ 73.1429068, 28.1473043 ], [ 73.1428836, 28.1473039 ], [ 73.1428889, 28.1470007 ] ], [ [ 73.1428383, 28.1466882 ], [ 73.1428614, 28.1466886 ], [ 73.1428561, 28.1469918 ], [ 73.142833, 28.1469915 ], [ 73.1428383, 28.1466882 ] ], [ [ 73.1427823, 28.1466875 ], [ 73.1428054, 28.1466878 ], [ 73.1428002, 28.1469911 ], [ 73.142777, 28.1469907 ], [ 73.1427823, 28.1466875 ] ], [ [ 73.1428329, 28.1469999 ], [ 73.142856, 28.1470002 ], [ 73.1428508, 28.1473035 ], [ 73.1428276, 28.1473032 ], [ 73.1428329, 28.1469999 ] ], [ [ 73.1427769, 28.1469992 ], [ 73.1428, 28.1469995 ], [ 73.1427948, 28.1473027 ], [ 73.1427717, 28.1473024 ], [ 73.1427769, 28.1469992 ] ], [ [ 73.1427263, 28.1466867 ], [ 73.1427494, 28.146687 ], [ 73.1427442, 28.1469903 ], [ 73.142721, 28.14699 ], [ 73.1427263, 28.1466867 ] ], [ [ 73.1426703, 28.146686 ], [ 73.1426934, 28.1466863 ], [ 73.1426882, 28.1469895 ], [ 73.1426651, 28.1469892 ], [ 73.1426703, 28.146686 ] ], [ [ 73.1427209, 28.1469984 ], [ 73.142744, 28.1469987 ], [ 73.1427388, 28.147302 ], [ 73.1427157, 28.1473017 ], [ 73.1427209, 28.1469984 ] ], [ [ 73.1426649, 28.1469976 ], [ 73.142688, 28.146998 ], [ 73.1426828, 28.1473012 ], [ 73.1426597, 28.1473009 ], [ 73.1426649, 28.1469976 ] ], [ [ 73.1426143, 28.1466852 ], [ 73.1426374, 28.1466855 ], [ 73.1426322, 28.1469888 ], [ 73.1426091, 28.1469885 ], [ 73.1426143, 28.1466852 ] ], [ [ 73.1425583, 28.1466844 ], [ 73.1425815, 28.1466848 ], [ 73.1425762, 28.146988 ], [ 73.1425531, 28.1469877 ], [ 73.1425583, 28.1466844 ] ], [ [ 73.1426089, 28.1469969 ], [ 73.1426321, 28.1469972 ], [ 73.1426268, 28.1473005 ], [ 73.1426037, 28.1473002 ], [ 73.1426089, 28.1469969 ] ], [ [ 73.1425529, 28.1469961 ], [ 73.1425761, 28.1469964 ], [ 73.1425708, 28.1472997 ], [ 73.1425477, 28.1472994 ], [ 73.1425529, 28.1469961 ] ], [ [ 73.1425023, 28.1466837 ], [ 73.1425255, 28.146684 ], [ 73.1425202, 28.1469873 ], [ 73.1424971, 28.146987 ], [ 73.1425023, 28.1466837 ] ], [ [ 73.1424464, 28.1466829 ], [ 73.1424695, 28.1466832 ], [ 73.1424643, 28.1469865 ], [ 73.1424411, 28.1469862 ], [ 73.1424464, 28.1466829 ] ], [ [ 73.142497, 28.1469954 ], [ 73.1425201, 28.1469957 ], [ 73.1425149, 28.1472989 ], [ 73.1424917, 28.1472986 ], [ 73.142497, 28.1469954 ] ], [ [ 73.142441, 28.1469946 ], [ 73.1424641, 28.1469949 ], [ 73.1424589, 28.1472982 ], [ 73.1424357, 28.1472979 ], [ 73.142441, 28.1469946 ] ], [ [ 73.1423904, 28.1466822 ], [ 73.1424135, 28.1466825 ], [ 73.1424083, 28.1469857 ], [ 73.1423851, 28.1469854 ], [ 73.1423904, 28.1466822 ] ], [ [ 73.1423344, 28.1466814 ], [ 73.1423575, 28.1466817 ], [ 73.1423523, 28.146985 ], [ 73.1423292, 28.1469847 ], [ 73.1423344, 28.1466814 ] ], [ [ 73.142385, 28.1469938 ], [ 73.1424081, 28.1469942 ], [ 73.1424029, 28.1472974 ], [ 73.1423798, 28.1472971 ], [ 73.142385, 28.1469938 ] ], [ [ 73.142329, 28.1469931 ], [ 73.1423521, 28.1469934 ], [ 73.1423469, 28.1472967 ], [ 73.1423238, 28.1472964 ], [ 73.142329, 28.1469931 ] ], [ [ 73.1422784, 28.1466806 ], [ 73.1423015, 28.146681 ], [ 73.1422963, 28.1469842 ], [ 73.1422732, 28.1469839 ], [ 73.1422784, 28.1466806 ] ], [ [ 73.1422224, 28.1466799 ], [ 73.1422455, 28.1466802 ], [ 73.1422403, 28.1469835 ], [ 73.1422172, 28.1469832 ], [ 73.1422224, 28.1466799 ] ], [ [ 73.142273, 28.1469923 ], [ 73.1422962, 28.1469926 ], [ 73.1422909, 28.1472959 ], [ 73.1422678, 28.1472956 ], [ 73.142273, 28.1469923 ] ], [ [ 73.142217, 28.1469916 ], [ 73.1422402, 28.1469919 ], [ 73.1422349, 28.1472952 ], [ 73.1422118, 28.1472948 ], [ 73.142217, 28.1469916 ] ], [ [ 73.1421664, 28.1466791 ], [ 73.1421896, 28.1466794 ], [ 73.1421843, 28.1469827 ], [ 73.1421612, 28.1469824 ], [ 73.1421664, 28.1466791 ] ], [ [ 73.1421104, 28.1466784 ], [ 73.1421336, 28.1466787 ], [ 73.1421283, 28.1469819 ], [ 73.1421052, 28.1469816 ], [ 73.1421104, 28.1466784 ] ], [ [ 73.1421611, 28.1469908 ], [ 73.1421842, 28.1469911 ], [ 73.1421789, 28.1472944 ], [ 73.1421558, 28.1472941 ], [ 73.1421611, 28.1469908 ] ], [ [ 73.1421051, 28.1469901 ], [ 73.1421282, 28.1469904 ], [ 73.142123, 28.1472936 ], [ 73.1420998, 28.1472933 ], [ 73.1421051, 28.1469901 ] ], [ [ 73.1420545, 28.1466776 ], [ 73.1420776, 28.1466779 ], [ 73.1420724, 28.1469812 ], [ 73.1420492, 28.1469809 ], [ 73.1420545, 28.1466776 ] ], [ [ 73.1419985, 28.1466768 ], [ 73.1420216, 28.1466772 ], [ 73.1420164, 28.1469804 ], [ 73.1419932, 28.1469801 ], [ 73.1419985, 28.1466768 ] ], [ [ 73.1420491, 28.1469893 ], [ 73.1420722, 28.1469896 ], [ 73.142067, 28.1472929 ], [ 73.1420438, 28.1472926 ], [ 73.1420491, 28.1469893 ] ], [ [ 73.1419931, 28.1469885 ], [ 73.1420162, 28.1469888 ], [ 73.142011, 28.1472921 ], [ 73.1419879, 28.1472918 ], [ 73.1419931, 28.1469885 ] ], [ [ 73.1471434, 28.1438257 ], [ 73.1471665, 28.143826 ], [ 73.1471613, 28.1441293 ], [ 73.1471382, 28.1441289 ], [ 73.1471434, 28.1438257 ] ], [ [ 73.1470874, 28.1438249 ], [ 73.1471105, 28.1438252 ], [ 73.1471053, 28.1441285 ], [ 73.1470822, 28.1441282 ], [ 73.1470874, 28.1438249 ] ], [ [ 73.147138, 28.1441374 ], [ 73.1471611, 28.1441377 ], [ 73.1471559, 28.1444409 ], [ 73.1471328, 28.1444406 ], [ 73.147138, 28.1441374 ] ], [ [ 73.147082, 28.1441366 ], [ 73.1471052, 28.1441369 ], [ 73.1470999, 28.1444402 ], [ 73.1470768, 28.1444399 ], [ 73.147082, 28.1441366 ] ], [ [ 73.1470314, 28.1438242 ], [ 73.1470545, 28.1438245 ], [ 73.1470493, 28.1441277 ], [ 73.1470262, 28.1441274 ], [ 73.1470314, 28.1438242 ] ], [ [ 73.1469754, 28.1438234 ], [ 73.1469986, 28.1438237 ], [ 73.1469933, 28.144127 ], [ 73.1469702, 28.1441267 ], [ 73.1469754, 28.1438234 ] ], [ [ 73.147026, 28.1441358 ], [ 73.1470492, 28.1441362 ], [ 73.147044, 28.1444394 ], [ 73.1470208, 28.1444391 ], [ 73.147026, 28.1441358 ] ], [ [ 73.1469701, 28.1441351 ], [ 73.1469932, 28.1441354 ], [ 73.146988, 28.1444387 ], [ 73.1469648, 28.1444384 ], [ 73.1469701, 28.1441351 ] ], [ [ 73.1469111, 28.1443101 ], [ 73.1469342, 28.1443104 ], [ 73.146929, 28.1446137 ], [ 73.1469058, 28.1446133 ], [ 73.1469111, 28.1443101 ] ], [ [ 73.1468551, 28.1443093 ], [ 73.1468782, 28.1443096 ], [ 73.146873, 28.1446129 ], [ 73.1468498, 28.1446126 ], [ 73.1468551, 28.1443093 ] ], [ [ 73.1469057, 28.1446218 ], [ 73.1469288, 28.1446221 ], [ 73.1469236, 28.1449253 ], [ 73.1469005, 28.144925 ], [ 73.1469057, 28.1446218 ] ], [ [ 73.1468497, 28.144621 ], [ 73.1468728, 28.1446213 ], [ 73.1468676, 28.1449246 ], [ 73.1468445, 28.1449243 ], [ 73.1468497, 28.144621 ] ], [ [ 73.1467991, 28.1443086 ], [ 73.1468222, 28.1443089 ], [ 73.146817, 28.1446121 ], [ 73.1467939, 28.1446118 ], [ 73.1467991, 28.1443086 ] ], [ [ 73.1467431, 28.1443078 ], [ 73.1467662, 28.1443081 ], [ 73.146761, 28.1446114 ], [ 73.1467379, 28.1446111 ], [ 73.1467431, 28.1443078 ] ], [ [ 73.1467937, 28.1446202 ], [ 73.1468168, 28.1446206 ], [ 73.1468116, 28.1449238 ], [ 73.1467885, 28.1449235 ], [ 73.1467937, 28.1446202 ] ], [ [ 73.1467377, 28.1446195 ], [ 73.1467609, 28.1446198 ], [ 73.1467556, 28.1449231 ], [ 73.1467325, 28.1449228 ], [ 73.1467377, 28.1446195 ] ], [ [ 73.1468098, 28.1436891 ], [ 73.1468329, 28.1436894 ], [ 73.1468277, 28.1439927 ], [ 73.1468045, 28.1439924 ], [ 73.1468098, 28.1436891 ] ], [ [ 73.1467538, 28.1436883 ], [ 73.1467769, 28.1436886 ], [ 73.1467717, 28.1439919 ], [ 73.1467485, 28.1439916 ], [ 73.1467538, 28.1436883 ] ], [ [ 73.1468044, 28.1440008 ], [ 73.1468275, 28.1440011 ], [ 73.1468223, 28.1443044 ], [ 73.1467992, 28.144304 ], [ 73.1468044, 28.1440008 ] ], [ [ 73.1467484, 28.144 ], [ 73.1467715, 28.1440003 ], [ 73.1467663, 28.1443036 ], [ 73.1467432, 28.1443033 ], [ 73.1467484, 28.144 ] ], [ [ 73.1466871, 28.144307 ], [ 73.1467102, 28.1443074 ], [ 73.146705, 28.1446106 ], [ 73.1466819, 28.1446103 ], [ 73.1466871, 28.144307 ] ], [ [ 73.1466311, 28.1443063 ], [ 73.1466543, 28.1443066 ], [ 73.146649, 28.1446099 ], [ 73.1466259, 28.1446096 ], [ 73.1466311, 28.1443063 ] ], [ [ 73.1466818, 28.1446187 ], [ 73.1467049, 28.144619 ], [ 73.1466997, 28.1449223 ], [ 73.1466765, 28.144922 ], [ 73.1466818, 28.1446187 ] ], [ [ 73.1466258, 28.144618 ], [ 73.1466489, 28.1446183 ], [ 73.1466437, 28.1449216 ], [ 73.1466205, 28.1449212 ], [ 73.1466258, 28.144618 ] ], [ [ 73.1466978, 28.1436876 ], [ 73.1467209, 28.1436879 ], [ 73.1467157, 28.1439912 ], [ 73.1466926, 28.1439908 ], [ 73.1466978, 28.1436876 ] ], [ [ 73.1466418, 28.1436868 ], [ 73.1466649, 28.1436871 ], [ 73.1466597, 28.1439904 ], [ 73.1466366, 28.1439901 ], [ 73.1466418, 28.1436868 ] ], [ [ 73.1466924, 28.1439993 ], [ 73.1467155, 28.1439996 ], [ 73.1467103, 28.1443028 ], [ 73.1466872, 28.1443025 ], [ 73.1466924, 28.1439993 ] ], [ [ 73.1466364, 28.1439985 ], [ 73.1466596, 28.1439988 ], [ 73.1466543, 28.1443021 ], [ 73.1466312, 28.1443018 ], [ 73.1466364, 28.1439985 ] ], [ [ 73.1465752, 28.1443055 ], [ 73.1465983, 28.1443058 ], [ 73.1465931, 28.1446091 ], [ 73.1465699, 28.1446088 ], [ 73.1465752, 28.1443055 ] ], [ [ 73.1465192, 28.1443048 ], [ 73.1465423, 28.1443051 ], [ 73.1465371, 28.1446084 ], [ 73.1465139, 28.144608 ], [ 73.1465192, 28.1443048 ] ], [ [ 73.1465698, 28.1446172 ], [ 73.1465929, 28.1446175 ], [ 73.1465877, 28.1449208 ], [ 73.1465646, 28.1449205 ], [ 73.1465698, 28.1446172 ] ], [ [ 73.1465138, 28.1446165 ], [ 73.1465369, 28.1446168 ], [ 73.1465317, 28.14492 ], [ 73.1465086, 28.1449197 ], [ 73.1465138, 28.1446165 ] ], [ [ 73.1465858, 28.1436861 ], [ 73.1466089, 28.1436864 ], [ 73.1466037, 28.1439896 ], [ 73.1465806, 28.1439893 ], [ 73.1465858, 28.1436861 ] ], [ [ 73.1465298, 28.1436853 ], [ 73.146553, 28.1436856 ], [ 73.1465477, 28.1439889 ], [ 73.1465246, 28.1439886 ], [ 73.1465298, 28.1436853 ] ], [ [ 73.1465805, 28.1439977 ], [ 73.1466036, 28.1439981 ], [ 73.1465984, 28.1443013 ], [ 73.1465752, 28.144301 ], [ 73.1465805, 28.1439977 ] ], [ [ 73.1465245, 28.143997 ], [ 73.1465476, 28.1439973 ], [ 73.1465424, 28.1443006 ], [ 73.1465192, 28.1443003 ], [ 73.1465245, 28.143997 ] ], [ [ 73.1464632, 28.144304 ], [ 73.1464863, 28.1443043 ], [ 73.1464811, 28.1446076 ], [ 73.146458, 28.1446073 ], [ 73.1464632, 28.144304 ] ], [ [ 73.1464072, 28.1443033 ], [ 73.1464303, 28.1443036 ], [ 73.1464251, 28.1446068 ], [ 73.146402, 28.1446065 ], [ 73.1464072, 28.1443033 ] ], [ [ 73.1464578, 28.1446157 ], [ 73.1464809, 28.144616 ], [ 73.1464757, 28.1449193 ], [ 73.1464526, 28.144919 ], [ 73.1464578, 28.1446157 ] ], [ [ 73.1464018, 28.1446149 ], [ 73.146425, 28.1446153 ], [ 73.1464197, 28.1449185 ], [ 73.1463966, 28.1449182 ], [ 73.1464018, 28.1446149 ] ], [ [ 73.1464739, 28.1436845 ], [ 73.146497, 28.1436849 ], [ 73.1464918, 28.1439881 ], [ 73.1464686, 28.1439878 ], [ 73.1464739, 28.1436845 ] ], [ [ 73.1464179, 28.1436838 ], [ 73.146441, 28.1436841 ], [ 73.1464358, 28.1439874 ], [ 73.1464126, 28.1439871 ], [ 73.1464179, 28.1436838 ] ], [ [ 73.1464685, 28.1439962 ], [ 73.1464916, 28.1439965 ], [ 73.1464864, 28.1442998 ], [ 73.1464633, 28.1442995 ], [ 73.1464685, 28.1439962 ] ], [ [ 73.1464125, 28.1439955 ], [ 73.1464356, 28.1439958 ], [ 73.1464304, 28.1442991 ], [ 73.1464073, 28.1442987 ], [ 73.1464125, 28.1439955 ] ], [ [ 73.1463512, 28.1443025 ], [ 73.1463743, 28.1443028 ], [ 73.1463691, 28.1446061 ], [ 73.146346, 28.1446058 ], [ 73.1463512, 28.1443025 ] ], [ [ 73.1462952, 28.1443017 ], [ 73.1463184, 28.1443021 ], [ 73.1463131, 28.1446053 ], [ 73.14629, 28.144605 ], [ 73.1462952, 28.1443017 ] ], [ [ 73.1463458, 28.1446142 ], [ 73.146369, 28.1446145 ], [ 73.1463638, 28.1449178 ], [ 73.1463406, 28.1449175 ], [ 73.1463458, 28.1446142 ] ], [ [ 73.1462899, 28.1446134 ], [ 73.146313, 28.1446137 ], [ 73.1463078, 28.144917 ], [ 73.1462846, 28.1449167 ], [ 73.1462899, 28.1446134 ] ], [ [ 73.1463619, 28.143683 ], [ 73.146385, 28.1436833 ], [ 73.1463798, 28.1439866 ], [ 73.1463567, 28.1439863 ], [ 73.1463619, 28.143683 ] ], [ [ 73.1463059, 28.1436823 ], [ 73.146329, 28.1436826 ], [ 73.1463238, 28.1439859 ], [ 73.1463007, 28.1439855 ], [ 73.1463059, 28.1436823 ] ], [ [ 73.1463565, 28.1439947 ], [ 73.1463796, 28.143995 ], [ 73.1463744, 28.1442983 ], [ 73.1463513, 28.144298 ], [ 73.1463565, 28.1439947 ] ], [ [ 73.1463005, 28.143994 ], [ 73.1463237, 28.1439943 ], [ 73.1463184, 28.1442975 ], [ 73.1462953, 28.1442972 ], [ 73.1463005, 28.143994 ] ], [ [ 73.1462393, 28.144301 ], [ 73.1462624, 28.1443013 ], [ 73.1462572, 28.1446046 ], [ 73.146234, 28.1446043 ], [ 73.1462393, 28.144301 ] ], [ [ 73.1461833, 28.1443002 ], [ 73.1462064, 28.1443005 ], [ 73.1462012, 28.1446038 ], [ 73.146178, 28.1446035 ], [ 73.1461833, 28.1443002 ] ], [ [ 73.1462339, 28.1446127 ], [ 73.146257, 28.144613 ], [ 73.1462518, 28.1449163 ], [ 73.1462287, 28.1449159 ], [ 73.1462339, 28.1446127 ] ], [ [ 73.1461779, 28.1446119 ], [ 73.146201, 28.1446122 ], [ 73.1461958, 28.1449155 ], [ 73.1461727, 28.1449152 ], [ 73.1461779, 28.1446119 ] ], [ [ 73.1462499, 28.1436815 ], [ 73.146273, 28.1436818 ], [ 73.1462678, 28.1439851 ], [ 73.1462447, 28.1439848 ], [ 73.1462499, 28.1436815 ] ], [ [ 73.1461939, 28.1436808 ], [ 73.1462171, 28.1436811 ], [ 73.1462118, 28.1439843 ], [ 73.1461887, 28.143984 ], [ 73.1461939, 28.1436808 ] ], [ [ 73.1462446, 28.1439932 ], [ 73.1462677, 28.1439935 ], [ 73.1462625, 28.1442968 ], [ 73.1462393, 28.1442965 ], [ 73.1462446, 28.1439932 ] ], [ [ 73.1461886, 28.1439924 ], [ 73.1462117, 28.1439928 ], [ 73.1462065, 28.144296 ], [ 73.1461833, 28.1442957 ], [ 73.1461886, 28.1439924 ] ], [ [ 73.1461273, 28.1442995 ], [ 73.1461504, 28.1442998 ], [ 73.1461452, 28.1446031 ], [ 73.1461221, 28.1446027 ], [ 73.1461273, 28.1442995 ] ], [ [ 73.1460713, 28.1442987 ], [ 73.1460944, 28.144299 ], [ 73.1460892, 28.1446023 ], [ 73.1460661, 28.144602 ], [ 73.1460713, 28.1442987 ] ], [ [ 73.1461219, 28.1446112 ], [ 73.146145, 28.1446115 ], [ 73.1461398, 28.1449147 ], [ 73.1461167, 28.1449144 ], [ 73.1461219, 28.1446112 ] ], [ [ 73.1460659, 28.1446104 ], [ 73.1460891, 28.1446107 ], [ 73.1460838, 28.144914 ], [ 73.1460607, 28.1449137 ], [ 73.1460659, 28.1446104 ] ], [ [ 73.146138, 28.14368 ], [ 73.1461611, 28.1436803 ], [ 73.1461559, 28.1439836 ], [ 73.1461327, 28.1439833 ], [ 73.146138, 28.14368 ] ], [ [ 73.146082, 28.1436792 ], [ 73.1461051, 28.1436796 ], [ 73.1460999, 28.1439828 ], [ 73.1460767, 28.1439825 ], [ 73.146082, 28.1436792 ] ], [ [ 73.1461326, 28.1439917 ], [ 73.1461557, 28.143992 ], [ 73.1461505, 28.1442953 ], [ 73.1461274, 28.144295 ], [ 73.1461326, 28.1439917 ] ], [ [ 73.1460766, 28.1439909 ], [ 73.1460997, 28.1439912 ], [ 73.1460945, 28.1442945 ], [ 73.1460714, 28.1442942 ], [ 73.1460766, 28.1439909 ] ], [ [ 73.1460153, 28.144298 ], [ 73.1460384, 28.1442983 ], [ 73.1460332, 28.1446015 ], [ 73.1460101, 28.1446012 ], [ 73.1460153, 28.144298 ] ], [ [ 73.1459593, 28.1442972 ], [ 73.1459825, 28.1442975 ], [ 73.1459772, 28.1446008 ], [ 73.1459541, 28.1446005 ], [ 73.1459593, 28.1442972 ] ], [ [ 73.1460099, 28.1446096 ], [ 73.1460331, 28.14461 ], [ 73.1460278, 28.1449132 ], [ 73.1460047, 28.1449129 ], [ 73.1460099, 28.1446096 ] ], [ [ 73.145954, 28.1446089 ], [ 73.1459771, 28.1446092 ], [ 73.1459719, 28.1449125 ], [ 73.1459487, 28.1449122 ], [ 73.145954, 28.1446089 ] ], [ [ 73.146026, 28.1436785 ], [ 73.1460491, 28.1436788 ], [ 73.1460439, 28.1439821 ], [ 73.1460208, 28.1439818 ], [ 73.146026, 28.1436785 ] ], [ [ 73.14597, 28.1436777 ], [ 73.1459931, 28.143678 ], [ 73.1459879, 28.1439813 ], [ 73.1459648, 28.143981 ], [ 73.14597, 28.1436777 ] ], [ [ 73.1460206, 28.1439902 ], [ 73.1460437, 28.1439905 ], [ 73.1460385, 28.1442938 ], [ 73.1460154, 28.1442934 ], [ 73.1460206, 28.1439902 ] ], [ [ 73.1459646, 28.1439894 ], [ 73.1459878, 28.1439897 ], [ 73.1459825, 28.144293 ], [ 73.1459594, 28.1442927 ], [ 73.1459646, 28.1439894 ] ], [ [ 73.1459033, 28.1442964 ], [ 73.1459265, 28.1442968 ], [ 73.1459213, 28.1446 ], [ 73.1458981, 28.1445997 ], [ 73.1459033, 28.1442964 ] ], [ [ 73.1458474, 28.1442957 ], [ 73.1458705, 28.144296 ], [ 73.1458653, 28.1445993 ], [ 73.1458421, 28.1445989 ], [ 73.1458474, 28.1442957 ] ], [ [ 73.145898, 28.1446081 ], [ 73.1459211, 28.1446084 ], [ 73.1459159, 28.1449117 ], [ 73.1458928, 28.1449114 ], [ 73.145898, 28.1446081 ] ], [ [ 73.145842, 28.1446074 ], [ 73.1458651, 28.1446077 ], [ 73.1458599, 28.1449109 ], [ 73.1458368, 28.1449106 ], [ 73.145842, 28.1446074 ] ], [ [ 73.145914, 28.143677 ], [ 73.1459371, 28.1436773 ], [ 73.1459319, 28.1439806 ], [ 73.1459088, 28.1439802 ], [ 73.145914, 28.143677 ] ], [ [ 73.145858, 28.1436762 ], [ 73.1458812, 28.1436765 ], [ 73.1458759, 28.1439798 ], [ 73.1458528, 28.1439795 ], [ 73.145858, 28.1436762 ] ], [ [ 73.1459087, 28.1439887 ], [ 73.1459318, 28.143989 ], [ 73.1459266, 28.1442922 ], [ 73.1459034, 28.1442919 ], [ 73.1459087, 28.1439887 ] ], [ [ 73.1458527, 28.1439879 ], [ 73.1458758, 28.1439882 ], [ 73.1458706, 28.1442915 ], [ 73.1458474, 28.1442912 ], [ 73.1458527, 28.1439879 ] ], [ [ 73.1458021, 28.1436755 ], [ 73.1458252, 28.1436758 ], [ 73.14582, 28.143979 ], [ 73.1457968, 28.1439787 ], [ 73.1458021, 28.1436755 ] ], [ [ 73.1457461, 28.1436747 ], [ 73.1457692, 28.143675 ], [ 73.145764, 28.1439783 ], [ 73.1457408, 28.143978 ], [ 73.1457461, 28.1436747 ] ], [ [ 73.1457967, 28.1439871 ], [ 73.1458198, 28.1439875 ], [ 73.1458146, 28.1442907 ], [ 73.1457915, 28.1442904 ], [ 73.1457967, 28.1439871 ] ], [ [ 73.1457407, 28.1439864 ], [ 73.1457638, 28.1439867 ], [ 73.1457586, 28.14429 ], [ 73.1457355, 28.1442897 ], [ 73.1457407, 28.1439864 ] ], [ [ 73.1456802, 28.1442483 ], [ 73.1457033, 28.1442486 ], [ 73.1456981, 28.1445519 ], [ 73.145675, 28.1445516 ], [ 73.1456802, 28.1442483 ] ], [ [ 73.1456242, 28.1442475 ], [ 73.1456473, 28.1442479 ], [ 73.1456421, 28.1445511 ], [ 73.145619, 28.1445508 ], [ 73.1456242, 28.1442475 ] ], [ [ 73.1456748, 28.14456 ], [ 73.1456979, 28.1445603 ], [ 73.1456927, 28.1448636 ], [ 73.1456696, 28.1448632 ], [ 73.1456748, 28.14456 ] ], [ [ 73.1456188, 28.1445592 ], [ 73.145642, 28.1445595 ], [ 73.1456367, 28.1448628 ], [ 73.1456136, 28.1448625 ], [ 73.1456188, 28.1445592 ] ], [ [ 73.1456909, 28.1436288 ], [ 73.145714, 28.1436291 ], [ 73.1457088, 28.1439324 ], [ 73.1456856, 28.1439321 ], [ 73.1456909, 28.1436288 ] ], [ [ 73.1456349, 28.1436281 ], [ 73.145658, 28.1436284 ], [ 73.1456528, 28.1439317 ], [ 73.1456297, 28.1439313 ], [ 73.1456349, 28.1436281 ] ], [ [ 73.1456855, 28.1439405 ], [ 73.1457086, 28.1439408 ], [ 73.1457034, 28.1442441 ], [ 73.1456803, 28.1442438 ], [ 73.1456855, 28.1439405 ] ], [ [ 73.1456295, 28.1439398 ], [ 73.1456526, 28.1439401 ], [ 73.1456474, 28.1442433 ], [ 73.1456243, 28.144243 ], [ 73.1456295, 28.1439398 ] ], [ [ 73.1455896, 28.1430078 ], [ 73.1456127, 28.1430082 ], [ 73.1456075, 28.1433114 ], [ 73.1455843, 28.1433111 ], [ 73.1455896, 28.1430078 ] ], [ [ 73.1455336, 28.1430071 ], [ 73.1455567, 28.1430074 ], [ 73.1455515, 28.1433107 ], [ 73.1455284, 28.1433104 ], [ 73.1455336, 28.1430071 ] ], [ [ 73.1455842, 28.1433195 ], [ 73.1456073, 28.1433198 ], [ 73.1456021, 28.1436231 ], [ 73.145579, 28.1436228 ], [ 73.1455842, 28.1433195 ] ], [ [ 73.1455282, 28.1433188 ], [ 73.1455513, 28.1433191 ], [ 73.1455461, 28.1436224 ], [ 73.145523, 28.143622 ], [ 73.1455282, 28.1433188 ] ], [ [ 73.1455789, 28.1436273 ], [ 73.145602, 28.1436276 ], [ 73.1455968, 28.1439309 ], [ 73.1455737, 28.1439306 ], [ 73.1455789, 28.1436273 ] ], [ [ 73.1455229, 28.1436266 ], [ 73.145546, 28.1436269 ], [ 73.1455408, 28.1439301 ], [ 73.1455177, 28.1439298 ], [ 73.1455229, 28.1436266 ] ], [ [ 73.1455735, 28.143939 ], [ 73.1455967, 28.1439393 ], [ 73.1455914, 28.1442426 ], [ 73.1455683, 28.1442423 ], [ 73.1455735, 28.143939 ] ], [ [ 73.1455175, 28.1439382 ], [ 73.1455407, 28.1439386 ], [ 73.1455354, 28.1442418 ], [ 73.1455123, 28.1442415 ], [ 73.1455175, 28.1439382 ] ], [ [ 73.1454776, 28.1430063 ], [ 73.1455007, 28.1430066 ], [ 73.1454955, 28.1433099 ], [ 73.1454724, 28.1433096 ], [ 73.1454776, 28.1430063 ] ], [ [ 73.1454216, 28.1430056 ], [ 73.1454447, 28.1430059 ], [ 73.1454395, 28.1433092 ], [ 73.1454164, 28.1433088 ], [ 73.1454216, 28.1430056 ] ], [ [ 73.1454722, 28.143318 ], [ 73.1454954, 28.1433183 ], [ 73.1454901, 28.1436216 ], [ 73.145467, 28.1436213 ], [ 73.1454722, 28.143318 ] ], [ [ 73.1454162, 28.1433173 ], [ 73.1454394, 28.1433176 ], [ 73.1454342, 28.1436208 ], [ 73.145411, 28.1436205 ], [ 73.1454162, 28.1433173 ] ], [ [ 73.1454563, 28.1442453 ], [ 73.1454794, 28.1442456 ], [ 73.1454742, 28.1445488 ], [ 73.145451, 28.1445485 ], [ 73.1454563, 28.1442453 ] ], [ [ 73.1454003, 28.1442445 ], [ 73.1454234, 28.1442448 ], [ 73.1454182, 28.1445481 ], [ 73.145395, 28.1445478 ], [ 73.1454003, 28.1442445 ] ], [ [ 73.1454509, 28.1445569 ], [ 73.145474, 28.1445573 ], [ 73.1454688, 28.1448605 ], [ 73.1454457, 28.1448602 ], [ 73.1454509, 28.1445569 ] ], [ [ 73.1453949, 28.1445562 ], [ 73.145418, 28.1445565 ], [ 73.1454128, 28.1448598 ], [ 73.1453897, 28.1448595 ], [ 73.1453949, 28.1445562 ] ], [ [ 73.1454669, 28.1436258 ], [ 73.1454901, 28.1436261 ], [ 73.1454848, 28.1439294 ], [ 73.1454617, 28.1439291 ], [ 73.1454669, 28.1436258 ] ], [ [ 73.1454109, 28.143625 ], [ 73.1454341, 28.1436254 ], [ 73.1454288, 28.1439286 ], [ 73.1454057, 28.1439283 ], [ 73.1454109, 28.143625 ] ], [ [ 73.1454616, 28.1439375 ], [ 73.1454847, 28.1439378 ], [ 73.1454795, 28.1442411 ], [ 73.1454563, 28.1442408 ], [ 73.1454616, 28.1439375 ] ], [ [ 73.1454056, 28.1439367 ], [ 73.1454287, 28.143937 ], [ 73.1454235, 28.1442403 ], [ 73.1454004, 28.14424 ], [ 73.1454056, 28.1439367 ] ], [ [ 73.1453656, 28.1430048 ], [ 73.1453888, 28.1430051 ], [ 73.1453835, 28.1433084 ], [ 73.1453604, 28.1433081 ], [ 73.1453656, 28.1430048 ] ], [ [ 73.1453097, 28.1430041 ], [ 73.1453328, 28.1430044 ], [ 73.1453276, 28.1433076 ], [ 73.1453044, 28.1433073 ], [ 73.1453097, 28.1430041 ] ], [ [ 73.1453603, 28.1433165 ], [ 73.1453834, 28.1433168 ], [ 73.1453782, 28.1436201 ], [ 73.145355, 28.1436198 ], [ 73.1453603, 28.1433165 ] ], [ [ 73.1453043, 28.1433157 ], [ 73.1453274, 28.1433161 ], [ 73.1453222, 28.1436193 ], [ 73.1452991, 28.143619 ], [ 73.1453043, 28.1433157 ] ], [ [ 73.1453443, 28.1442437 ], [ 73.1453674, 28.1442441 ], [ 73.1453622, 28.1445473 ], [ 73.1453391, 28.144547 ], [ 73.1453443, 28.1442437 ] ], [ [ 73.1452883, 28.144243 ], [ 73.1453114, 28.1442433 ], [ 73.1453062, 28.1445466 ], [ 73.1452831, 28.1445463 ], [ 73.1452883, 28.144243 ] ], [ [ 73.1453389, 28.1445554 ], [ 73.145362, 28.1445557 ], [ 73.1453568, 28.144859 ], [ 73.1453337, 28.1448587 ], [ 73.1453389, 28.1445554 ] ], [ [ 73.1452829, 28.1445547 ], [ 73.1453061, 28.144555 ], [ 73.1453008, 28.1448583 ], [ 73.1452777, 28.1448579 ], [ 73.1452829, 28.1445547 ] ], [ [ 73.145355, 28.1436243 ], [ 73.1453781, 28.1436246 ], [ 73.1453729, 28.1439279 ], [ 73.1453497, 28.1439275 ], [ 73.145355, 28.1436243 ] ], [ [ 73.145299, 28.1436235 ], [ 73.1453221, 28.1436238 ], [ 73.1453169, 28.1439271 ], [ 73.1452938, 28.1439268 ], [ 73.145299, 28.1436235 ] ], [ [ 73.1453496, 28.143936 ], [ 73.1453727, 28.1439363 ], [ 73.1453675, 28.1442395 ], [ 73.1453444, 28.1442392 ], [ 73.1453496, 28.143936 ] ], [ [ 73.1452936, 28.1439352 ], [ 73.1453167, 28.1439355 ], [ 73.1453115, 28.1442388 ], [ 73.1452884, 28.1442385 ], [ 73.1452936, 28.1439352 ] ], [ [ 73.1452537, 28.1430033 ], [ 73.1452768, 28.1430036 ], [ 73.1452716, 28.1433069 ], [ 73.1452484, 28.1433066 ], [ 73.1452537, 28.1430033 ] ], [ [ 73.1451977, 28.1430025 ], [ 73.1452208, 28.1430029 ], [ 73.1452156, 28.1433061 ], [ 73.1451925, 28.1433058 ], [ 73.1451977, 28.1430025 ] ], [ [ 73.1452483, 28.143315 ], [ 73.1452714, 28.1433153 ], [ 73.1452662, 28.1436186 ], [ 73.1452431, 28.1436183 ], [ 73.1452483, 28.143315 ] ], [ [ 73.1451923, 28.1433142 ], [ 73.1452154, 28.1433145 ], [ 73.1452102, 28.1436178 ], [ 73.1451871, 28.1436175 ], [ 73.1451923, 28.1433142 ] ], [ [ 73.1452323, 28.1442422 ], [ 73.1452554, 28.1442425 ], [ 73.1452502, 28.1445458 ], [ 73.1452271, 28.1445455 ], [ 73.1452323, 28.1442422 ] ], [ [ 73.1451763, 28.1442415 ], [ 73.1451995, 28.1442418 ], [ 73.1451942, 28.1445451 ], [ 73.1451711, 28.1445447 ], [ 73.1451763, 28.1442415 ] ], [ [ 73.145227, 28.1445539 ], [ 73.1452501, 28.1445542 ], [ 73.1452449, 28.1448575 ], [ 73.1452217, 28.1448572 ], [ 73.145227, 28.1445539 ] ], [ [ 73.145171, 28.1445532 ], [ 73.1451941, 28.1445535 ], [ 73.1451889, 28.1448567 ], [ 73.1451657, 28.1448564 ], [ 73.145171, 28.1445532 ] ], [ [ 73.145243, 28.1436228 ], [ 73.1452661, 28.1436231 ], [ 73.1452609, 28.1439263 ], [ 73.1452378, 28.143926 ], [ 73.145243, 28.1436228 ] ], [ [ 73.145187, 28.143622 ], [ 73.1452101, 28.1436223 ], [ 73.1452049, 28.1439256 ], [ 73.1451818, 28.1439253 ], [ 73.145187, 28.143622 ] ], [ [ 73.1452376, 28.1439345 ], [ 73.1452608, 28.1439348 ], [ 73.1452555, 28.144238 ], [ 73.1452324, 28.1442377 ], [ 73.1452376, 28.1439345 ] ], [ [ 73.1451816, 28.1439337 ], [ 73.1452048, 28.143934 ], [ 73.1451995, 28.1442373 ], [ 73.1451764, 28.144237 ], [ 73.1451816, 28.1439337 ] ], [ [ 73.1451417, 28.1430018 ], [ 73.1451648, 28.1430021 ], [ 73.1451596, 28.1433054 ], [ 73.1451365, 28.1433051 ], [ 73.1451417, 28.1430018 ] ], [ [ 73.1450857, 28.143001 ], [ 73.1451088, 28.1430013 ], [ 73.1451036, 28.1433046 ], [ 73.1450805, 28.1433043 ], [ 73.1450857, 28.143001 ] ], [ [ 73.1451363, 28.1433135 ], [ 73.1451595, 28.1433138 ], [ 73.1451542, 28.1436171 ], [ 73.1451311, 28.1436167 ], [ 73.1451363, 28.1433135 ] ], [ [ 73.1450804, 28.1433127 ], [ 73.1451035, 28.143313 ], [ 73.1450983, 28.1436163 ], [ 73.1450751, 28.143616 ], [ 73.1450804, 28.1433127 ] ], [ [ 73.1451204, 28.1442407 ], [ 73.1451435, 28.144241 ], [ 73.1451383, 28.1445443 ], [ 73.1451151, 28.144544 ], [ 73.1451204, 28.1442407 ] ], [ [ 73.1450644, 28.14424 ], [ 73.1450875, 28.1442403 ], [ 73.1450823, 28.1445435 ], [ 73.1450591, 28.1445432 ], [ 73.1450644, 28.14424 ] ], [ [ 73.145115, 28.1445524 ], [ 73.1451381, 28.1445527 ], [ 73.1451329, 28.144856 ], [ 73.1451098, 28.1448557 ], [ 73.145115, 28.1445524 ] ], [ [ 73.145059, 28.1445516 ], [ 73.1450821, 28.144552 ], [ 73.1450769, 28.1448552 ], [ 73.1450538, 28.1448549 ], [ 73.145059, 28.1445516 ] ], [ [ 73.145131, 28.1436212 ], [ 73.1451542, 28.1436216 ], [ 73.1451489, 28.1439248 ], [ 73.1451258, 28.1439245 ], [ 73.145131, 28.1436212 ] ], [ [ 73.145075, 28.1436205 ], [ 73.1450982, 28.1436208 ], [ 73.1450929, 28.1439241 ], [ 73.1450698, 28.1439238 ], [ 73.145075, 28.1436205 ] ], [ [ 73.1451257, 28.1439329 ], [ 73.1451488, 28.1439332 ], [ 73.1451436, 28.1442365 ], [ 73.1451204, 28.1442362 ], [ 73.1451257, 28.1439329 ] ], [ [ 73.1450697, 28.1439322 ], [ 73.1450928, 28.1439325 ], [ 73.1450876, 28.1442358 ], [ 73.1450644, 28.1442354 ], [ 73.1450697, 28.1439322 ] ], [ [ 73.1450297, 28.1430003 ], [ 73.1450529, 28.1430006 ], [ 73.1450476, 28.1433038 ], [ 73.1450245, 28.1433035 ], [ 73.1450297, 28.1430003 ] ], [ [ 73.1449738, 28.1429995 ], [ 73.1449969, 28.1429998 ], [ 73.1449917, 28.1433031 ], [ 73.1449685, 28.1433028 ], [ 73.1449738, 28.1429995 ] ], [ [ 73.1450244, 28.143312 ], [ 73.1450475, 28.1433123 ], [ 73.1450423, 28.1436155 ], [ 73.1450191, 28.1436152 ], [ 73.1450244, 28.143312 ] ], [ [ 73.1449684, 28.1433112 ], [ 73.1449915, 28.1433115 ], [ 73.1449863, 28.1436148 ], [ 73.1449632, 28.1436145 ], [ 73.1449684, 28.1433112 ] ], [ [ 73.1450084, 28.1442392 ], [ 73.1450315, 28.1442395 ], [ 73.1450263, 28.1445428 ], [ 73.1450032, 28.1445425 ], [ 73.1450084, 28.1442392 ] ], [ [ 73.1449524, 28.1442384 ], [ 73.1449755, 28.1442388 ], [ 73.1449703, 28.144542 ], [ 73.1449472, 28.1445417 ], [ 73.1449524, 28.1442384 ] ], [ [ 73.145003, 28.1445509 ], [ 73.1450261, 28.1445512 ], [ 73.1450209, 28.1448545 ], [ 73.1449978, 28.1448542 ], [ 73.145003, 28.1445509 ] ], [ [ 73.144947, 28.1445501 ], [ 73.1449702, 28.1445504 ], [ 73.1449649, 28.1448537 ], [ 73.1449418, 28.1448534 ], [ 73.144947, 28.1445501 ] ], [ [ 73.1450191, 28.1436197 ], [ 73.1450422, 28.14362 ], [ 73.145037, 28.1439233 ], [ 73.1450138, 28.143923 ], [ 73.1450191, 28.1436197 ] ], [ [ 73.1449631, 28.143619 ], [ 73.1449862, 28.1436193 ], [ 73.144981, 28.1439226 ], [ 73.1449579, 28.1439222 ], [ 73.1449631, 28.143619 ] ], [ [ 73.1450137, 28.1439314 ], [ 73.1450368, 28.1439317 ], [ 73.1450316, 28.144235 ], [ 73.1450085, 28.1442347 ], [ 73.1450137, 28.1439314 ] ], [ [ 73.1449577, 28.1439307 ], [ 73.1449808, 28.143931 ], [ 73.1449756, 28.1442342 ], [ 73.1449525, 28.1442339 ], [ 73.1449577, 28.1439307 ] ], [ [ 73.1449178, 28.1429988 ], [ 73.1449409, 28.1429991 ], [ 73.1449357, 28.1433023 ], [ 73.1449125, 28.143302 ], [ 73.1449178, 28.1429988 ] ], [ [ 73.1448618, 28.142998 ], [ 73.1448849, 28.1429983 ], [ 73.1448797, 28.1433016 ], [ 73.1448566, 28.1433013 ], [ 73.1448618, 28.142998 ] ], [ [ 73.1449124, 28.1433104 ], [ 73.1449355, 28.1433108 ], [ 73.1449303, 28.143614 ], [ 73.1449072, 28.1436137 ], [ 73.1449124, 28.1433104 ] ], [ [ 73.1448564, 28.1433097 ], [ 73.1448795, 28.14331 ], [ 73.1448743, 28.1436133 ], [ 73.1448512, 28.1436129 ], [ 73.1448564, 28.1433097 ] ], [ [ 73.1448964, 28.1442377 ], [ 73.1449195, 28.144238 ], [ 73.1449143, 28.1445413 ], [ 73.1448912, 28.144541 ], [ 73.1448964, 28.1442377 ] ], [ [ 73.1448404, 28.1442369 ], [ 73.1448636, 28.1442372 ], [ 73.1448583, 28.1445405 ], [ 73.1448352, 28.1445402 ], [ 73.1448404, 28.1442369 ] ], [ [ 73.144891, 28.1445494 ], [ 73.1449142, 28.1445497 ], [ 73.1449089, 28.144853 ], [ 73.1448858, 28.1448526 ], [ 73.144891, 28.1445494 ] ], [ [ 73.1448351, 28.1445486 ], [ 73.1448582, 28.1445489 ], [ 73.144853, 28.1448522 ], [ 73.1448298, 28.1448519 ], [ 73.1448351, 28.1445486 ] ], [ [ 73.1449071, 28.1436182 ], [ 73.1449302, 28.1436185 ], [ 73.144925, 28.1439218 ], [ 73.1449019, 28.1439215 ], [ 73.1449071, 28.1436182 ] ], [ [ 73.1448511, 28.1436175 ], [ 73.1448742, 28.1436178 ], [ 73.144869, 28.143921 ], [ 73.1448459, 28.1439207 ], [ 73.1448511, 28.1436175 ] ], [ [ 73.1449017, 28.1439299 ], [ 73.1449249, 28.1439302 ], [ 73.1449196, 28.1442335 ], [ 73.1448965, 28.1442332 ], [ 73.1449017, 28.1439299 ] ], [ [ 73.1448457, 28.1439291 ], [ 73.1448689, 28.1439295 ], [ 73.1448636, 28.1442327 ], [ 73.1448405, 28.1442324 ], [ 73.1448457, 28.1439291 ] ], [ [ 73.1448058, 28.1429972 ], [ 73.1448289, 28.1429975 ], [ 73.1448237, 28.1433008 ], [ 73.1448006, 28.1433005 ], [ 73.1448058, 28.1429972 ] ], [ [ 73.1447498, 28.1429965 ], [ 73.144773, 28.1429968 ], [ 73.1447677, 28.1433001 ], [ 73.1447446, 28.1432997 ], [ 73.1447498, 28.1429965 ] ], [ [ 73.1448004, 28.1433089 ], [ 73.1448236, 28.1433092 ], [ 73.1448183, 28.1436125 ], [ 73.1447952, 28.1436122 ], [ 73.1448004, 28.1433089 ] ], [ [ 73.1447445, 28.1433082 ], [ 73.1447676, 28.1433085 ], [ 73.1447624, 28.1436117 ], [ 73.1447392, 28.1436114 ], [ 73.1447445, 28.1433082 ] ], [ [ 73.1447738, 28.1448556 ], [ 73.1447969, 28.1448559 ], [ 73.1447917, 28.1451592 ], [ 73.1447685, 28.1451589 ], [ 73.1447738, 28.1448556 ] ], [ [ 73.1447178, 28.1448549 ], [ 73.1447409, 28.1448552 ], [ 73.1447357, 28.1451585 ], [ 73.1447126, 28.1451581 ], [ 73.1447178, 28.1448549 ] ], [ [ 73.1447684, 28.1451673 ], [ 73.1447915, 28.1451676 ], [ 73.1447863, 28.1454709 ], [ 73.1447632, 28.1454706 ], [ 73.1447684, 28.1451673 ] ], [ [ 73.1447124, 28.1451666 ], [ 73.1447355, 28.1451669 ], [ 73.1447303, 28.1454701 ], [ 73.1447072, 28.1454698 ], [ 73.1447124, 28.1451666 ] ], [ [ 73.1447845, 28.1442362 ], [ 73.1448076, 28.1442365 ], [ 73.1448024, 28.1445397 ], [ 73.1447792, 28.1445394 ], [ 73.1447845, 28.1442362 ] ], [ [ 73.1447285, 28.1442354 ], [ 73.1447516, 28.1442357 ], [ 73.1447464, 28.144539 ], [ 73.1447232, 28.1445387 ], [ 73.1447285, 28.1442354 ] ], [ [ 73.1447791, 28.1445479 ], [ 73.1448022, 28.1445482 ], [ 73.144797, 28.1448514 ], [ 73.1447739, 28.1448511 ], [ 73.1447791, 28.1445479 ] ], [ [ 73.1447231, 28.1445471 ], [ 73.1447462, 28.1445474 ], [ 73.144741, 28.1448507 ], [ 73.1447179, 28.1448504 ], [ 73.1447231, 28.1445471 ] ], [ [ 73.1447951, 28.1436167 ], [ 73.1448183, 28.143617 ], [ 73.144813, 28.1439203 ], [ 73.1447899, 28.14392 ], [ 73.1447951, 28.1436167 ] ], [ [ 73.1447391, 28.1436159 ], [ 73.1447623, 28.1436163 ], [ 73.144757, 28.1439195 ], [ 73.1447339, 28.1439192 ], [ 73.1447391, 28.1436159 ] ], [ [ 73.1447898, 28.1439284 ], [ 73.1448129, 28.1439287 ], [ 73.1448077, 28.144232 ], [ 73.1447845, 28.1442317 ], [ 73.1447898, 28.1439284 ] ], [ [ 73.1447338, 28.1439276 ], [ 73.1447569, 28.1439279 ], [ 73.1447517, 28.1442312 ], [ 73.1447285, 28.1442309 ], [ 73.1447338, 28.1439276 ] ], [ [ 73.1447045, 28.1423763 ], [ 73.1447276, 28.1423766 ], [ 73.1447224, 28.1426798 ], [ 73.1446993, 28.1426795 ], [ 73.1447045, 28.1423763 ] ], [ [ 73.1446485, 28.1423755 ], [ 73.1446717, 28.1423758 ], [ 73.1446664, 28.1426791 ], [ 73.1446433, 28.1426788 ], [ 73.1446485, 28.1423755 ] ], [ [ 73.1446991, 28.1426879 ], [ 73.1447223, 28.1426883 ], [ 73.144717, 28.1429915 ], [ 73.1446939, 28.1429912 ], [ 73.1446991, 28.1426879 ] ], [ [ 73.1446432, 28.1426872 ], [ 73.1446663, 28.1426875 ], [ 73.1446611, 28.1429908 ], [ 73.1446379, 28.1429904 ], [ 73.1446432, 28.1426872 ] ], [ [ 73.1446938, 28.1429957 ], [ 73.144717, 28.142996 ], [ 73.1447117, 28.1432993 ], [ 73.1446886, 28.143299 ], [ 73.1446938, 28.1429957 ] ], [ [ 73.1446379, 28.142995 ], [ 73.144661, 28.1429953 ], [ 73.1446558, 28.1432985 ], [ 73.1446326, 28.1432982 ], [ 73.1446379, 28.142995 ] ], [ [ 73.1446885, 28.1433074 ], [ 73.1447116, 28.1433077 ], [ 73.1447064, 28.143611 ], [ 73.1446832, 28.1436107 ], [ 73.1446885, 28.1433074 ] ], [ [ 73.1446325, 28.1433066 ], [ 73.1446556, 28.143307 ], [ 73.1446504, 28.1436102 ], [ 73.1446273, 28.1436099 ], [ 73.1446325, 28.1433066 ] ], [ [ 73.1446618, 28.1448541 ], [ 73.1446849, 28.1448544 ], [ 73.1446797, 28.1451577 ], [ 73.1446566, 28.1451574 ], [ 73.1446618, 28.1448541 ] ], [ [ 73.1446058, 28.1448534 ], [ 73.1446289, 28.1448537 ], [ 73.1446237, 28.1451569 ], [ 73.1446006, 28.1451566 ], [ 73.1446058, 28.1448534 ] ], [ [ 73.1446564, 28.1451658 ], [ 73.1446796, 28.1451661 ], [ 73.1446743, 28.1454694 ], [ 73.1446512, 28.1454691 ], [ 73.1446564, 28.1451658 ] ], [ [ 73.1446004, 28.145165 ], [ 73.1446236, 28.1451654 ], [ 73.1446183, 28.1454686 ], [ 73.1445952, 28.1454683 ], [ 73.1446004, 28.145165 ] ], [ [ 73.1446725, 28.1442347 ], [ 73.1446956, 28.144235 ], [ 73.1446904, 28.1445382 ], [ 73.1446673, 28.1445379 ], [ 73.1446725, 28.1442347 ] ], [ [ 73.1446165, 28.1442339 ], [ 73.1446396, 28.1442342 ], [ 73.1446344, 28.1445375 ], [ 73.1446113, 28.1445372 ], [ 73.1446165, 28.1442339 ] ], [ [ 73.1446671, 28.1445463 ], [ 73.1446902, 28.1445467 ], [ 73.144685, 28.1448499 ], [ 73.1446619, 28.1448496 ], [ 73.1446671, 28.1445463 ] ], [ [ 73.1446111, 28.1445456 ], [ 73.1446343, 28.1445459 ], [ 73.144629, 28.1448492 ], [ 73.1446059, 28.1448488 ], [ 73.1446111, 28.1445456 ] ], [ [ 73.1446832, 28.1436152 ], [ 73.1447063, 28.1436155 ], [ 73.1447011, 28.1439188 ], [ 73.1446779, 28.1439185 ], [ 73.1446832, 28.1436152 ] ], [ [ 73.1446272, 28.1436144 ], [ 73.1446503, 28.1436147 ], [ 73.1446451, 28.143918 ], [ 73.144622, 28.1439177 ], [ 73.1446272, 28.1436144 ] ], [ [ 73.1446778, 28.1439269 ], [ 73.1447009, 28.1439272 ], [ 73.1446957, 28.1442305 ], [ 73.1446726, 28.1442301 ], [ 73.1446778, 28.1439269 ] ], [ [ 73.1446218, 28.1439261 ], [ 73.1446449, 28.1439264 ], [ 73.1446397, 28.1442297 ], [ 73.1446166, 28.1442294 ], [ 73.1446218, 28.1439261 ] ], [ [ 73.1445926, 28.1423747 ], [ 73.1446157, 28.142375 ], [ 73.1446105, 28.1426783 ], [ 73.1445873, 28.142678 ], [ 73.1445926, 28.1423747 ] ], [ [ 73.1445366, 28.142374 ], [ 73.1445597, 28.1423743 ], [ 73.1445545, 28.1426776 ], [ 73.1445313, 28.1426772 ], [ 73.1445366, 28.142374 ] ], [ [ 73.1445872, 28.1426864 ], [ 73.1446103, 28.1426867 ], [ 73.1446051, 28.14299 ], [ 73.144582, 28.1429897 ], [ 73.1445872, 28.1426864 ] ], [ [ 73.1445312, 28.1426857 ], [ 73.1445543, 28.142686 ], [ 73.1445491, 28.1429892 ], [ 73.144526, 28.1429889 ], [ 73.1445312, 28.1426857 ] ], [ [ 73.1445819, 28.1429942 ], [ 73.144605, 28.1429945 ], [ 73.1445998, 28.1432978 ], [ 73.1445766, 28.1432975 ], [ 73.1445819, 28.1429942 ] ], [ [ 73.1445259, 28.1429934 ], [ 73.144549, 28.1429938 ], [ 73.1445438, 28.143297 ], [ 73.1445207, 28.1432967 ], [ 73.1445259, 28.1429934 ] ], [ [ 73.1445765, 28.1433059 ], [ 73.1445996, 28.1433062 ], [ 73.1445944, 28.1436095 ], [ 73.1445713, 28.1436092 ], [ 73.1445765, 28.1433059 ] ], [ [ 73.1445205, 28.1433051 ], [ 73.1445436, 28.1433054 ], [ 73.1445384, 28.1436087 ], [ 73.1445153, 28.1436084 ], [ 73.1445205, 28.1433051 ] ], [ [ 73.1445498, 28.1448526 ], [ 73.144573, 28.1448529 ], [ 73.1445677, 28.1451562 ], [ 73.1445446, 28.1451559 ], [ 73.1445498, 28.1448526 ] ], [ [ 73.1444939, 28.1448518 ], [ 73.144517, 28.1448522 ], [ 73.1445118, 28.1451554 ], [ 73.1444886, 28.1451551 ], [ 73.1444939, 28.1448518 ] ], [ [ 73.1445445, 28.1451643 ], [ 73.1445676, 28.1451646 ], [ 73.1445624, 28.1454679 ], [ 73.1445392, 28.1454676 ], [ 73.1445445, 28.1451643 ] ], [ [ 73.1444885, 28.1451635 ], [ 73.1445116, 28.1451638 ], [ 73.1445064, 28.1454671 ], [ 73.1444833, 28.1454668 ], [ 73.1444885, 28.1451635 ] ], [ [ 73.1445605, 28.1442331 ], [ 73.1445836, 28.1442334 ], [ 73.1445784, 28.1445367 ], [ 73.1445553, 28.1445364 ], [ 73.1445605, 28.1442331 ] ], [ [ 73.1445045, 28.1442324 ], [ 73.1445277, 28.1442327 ], [ 73.1445224, 28.144536 ], [ 73.1444993, 28.1445356 ], [ 73.1445045, 28.1442324 ] ], [ [ 73.1445551, 28.1445448 ], [ 73.1445783, 28.1445451 ], [ 73.144573, 28.1448484 ], [ 73.1445499, 28.1448481 ], [ 73.1445551, 28.1445448 ] ], [ [ 73.1444992, 28.1445441 ], [ 73.1445223, 28.1445444 ], [ 73.1445171, 28.1448476 ], [ 73.1444939, 28.1448473 ], [ 73.1444992, 28.1445441 ] ], [ [ 73.1445712, 28.1436137 ], [ 73.1445943, 28.143614 ], [ 73.1445891, 28.1439172 ], [ 73.144566, 28.1439169 ], [ 73.1445712, 28.1436137 ] ], [ [ 73.1445152, 28.1436129 ], [ 73.1445383, 28.1436132 ], [ 73.1445331, 28.1439165 ], [ 73.14451, 28.1439162 ], [ 73.1445152, 28.1436129 ] ], [ [ 73.1445658, 28.1439254 ], [ 73.1445889, 28.1439257 ], [ 73.1445837, 28.1442289 ], [ 73.1445606, 28.1442286 ], [ 73.1445658, 28.1439254 ] ], [ [ 73.1445098, 28.1439246 ], [ 73.144533, 28.1439249 ], [ 73.1445277, 28.1442282 ], [ 73.1445046, 28.1442279 ], [ 73.1445098, 28.1439246 ] ], [ [ 73.1428545, 28.1392531 ], [ 73.1428777, 28.1392534 ], [ 73.1428724, 28.1395567 ], [ 73.1428493, 28.1395564 ], [ 73.1428545, 28.1392531 ] ], [ [ 73.1427986, 28.1392524 ], [ 73.1428217, 28.1392527 ], [ 73.1428165, 28.139556 ], [ 73.1427933, 28.1395556 ], [ 73.1427986, 28.1392524 ] ], [ [ 73.1428492, 28.1395648 ], [ 73.1428723, 28.1395651 ], [ 73.1428671, 28.1398684 ], [ 73.1428439, 28.1398681 ], [ 73.1428492, 28.1395648 ] ], [ [ 73.1427932, 28.1395641 ], [ 73.1428163, 28.1395644 ], [ 73.1428111, 28.1398676 ], [ 73.142788, 28.1398673 ], [ 73.1427932, 28.1395641 ] ], [ [ 73.1427426, 28.1392516 ], [ 73.1427657, 28.1392519 ], [ 73.1427605, 28.1395552 ], [ 73.1427374, 28.1395549 ], [ 73.1427426, 28.1392516 ] ], [ [ 73.1426866, 28.1392509 ], [ 73.1427097, 28.1392512 ], [ 73.1427045, 28.1395544 ], [ 73.1426814, 28.1395541 ], [ 73.1426866, 28.1392509 ] ], [ [ 73.1427372, 28.1395633 ], [ 73.1427603, 28.1395636 ], [ 73.1427551, 28.1398669 ], [ 73.142732, 28.1398666 ], [ 73.1427372, 28.1395633 ] ], [ [ 73.1426812, 28.1395625 ], [ 73.1427044, 28.1395629 ], [ 73.1426991, 28.1398661 ], [ 73.142676, 28.1398658 ], [ 73.1426812, 28.1395625 ] ], [ [ 73.1426306, 28.1392501 ], [ 73.1426537, 28.1392504 ], [ 73.1426485, 28.1395537 ], [ 73.1426254, 28.1395534 ], [ 73.1426306, 28.1392501 ] ], [ [ 73.1425746, 28.1392493 ], [ 73.1425978, 28.1392497 ], [ 73.1425925, 28.1395529 ], [ 73.1425694, 28.1395526 ], [ 73.1425746, 28.1392493 ] ], [ [ 73.1426252, 28.1395618 ], [ 73.1426484, 28.1395621 ], [ 73.1426431, 28.1398654 ], [ 73.14262, 28.1398651 ], [ 73.1426252, 28.1395618 ] ], [ [ 73.1425693, 28.139561 ], [ 73.1425924, 28.1395613 ], [ 73.1425872, 28.1398646 ], [ 73.142564, 28.1398643 ], [ 73.1425693, 28.139561 ] ], [ [ 73.1425187, 28.1392486 ], [ 73.1425418, 28.1392489 ], [ 73.1425366, 28.1395522 ], [ 73.1425134, 28.1395518 ], [ 73.1425187, 28.1392486 ] ], [ [ 73.1424627, 28.1392478 ], [ 73.1424858, 28.1392481 ], [ 73.1424806, 28.1395514 ], [ 73.1424574, 28.1395511 ], [ 73.1424627, 28.1392478 ] ], [ [ 73.1425133, 28.1395603 ], [ 73.1425364, 28.1395606 ], [ 73.1425312, 28.1398638 ], [ 73.1425081, 28.1398635 ], [ 73.1425133, 28.1395603 ] ], [ [ 73.1424573, 28.1395595 ], [ 73.1424804, 28.1395598 ], [ 73.1424752, 28.1398631 ], [ 73.1424521, 28.1398628 ], [ 73.1424573, 28.1395595 ] ], [ [ 73.1424067, 28.1392471 ], [ 73.1424298, 28.1392474 ], [ 73.1424246, 28.1395506 ], [ 73.1424015, 28.1395503 ], [ 73.1424067, 28.1392471 ] ], [ [ 73.1423507, 28.1392463 ], [ 73.1423738, 28.1392466 ], [ 73.1423686, 28.1395499 ], [ 73.1423455, 28.1395496 ], [ 73.1423507, 28.1392463 ] ], [ [ 73.1424013, 28.1395587 ], [ 73.1424244, 28.1395591 ], [ 73.1424192, 28.1398623 ], [ 73.1423961, 28.139862 ], [ 73.1424013, 28.1395587 ] ], [ [ 73.1423453, 28.139558 ], [ 73.1423685, 28.1395583 ], [ 73.1423632, 28.1398616 ], [ 73.1423401, 28.1398613 ], [ 73.1423453, 28.139558 ] ], [ [ 73.1422947, 28.1392455 ], [ 73.1423179, 28.1392459 ], [ 73.1423126, 28.1395491 ], [ 73.1422895, 28.1395488 ], [ 73.1422947, 28.1392455 ] ], [ [ 73.1422388, 28.1392448 ], [ 73.1422619, 28.1392451 ], [ 73.1422566, 28.1395484 ], [ 73.1422335, 28.1395481 ], [ 73.1422388, 28.1392448 ] ], [ [ 73.1422894, 28.1395572 ], [ 73.1423125, 28.1395575 ], [ 73.1423073, 28.1398608 ], [ 73.1422841, 28.1398605 ], [ 73.1422894, 28.1395572 ] ], [ [ 73.1422334, 28.1395565 ], [ 73.1422565, 28.1395568 ], [ 73.1422513, 28.1398601 ], [ 73.1422281, 28.1398597 ], [ 73.1422334, 28.1395565 ] ], [ [ 73.1421828, 28.139244 ], [ 73.1422059, 28.1392443 ], [ 73.1422007, 28.1395476 ], [ 73.1421775, 28.1395473 ], [ 73.1421828, 28.139244 ] ], [ [ 73.1421268, 28.1392433 ], [ 73.1421499, 28.1392436 ], [ 73.1421447, 28.1395468 ], [ 73.1421216, 28.1395465 ], [ 73.1421268, 28.1392433 ] ], [ [ 73.1421774, 28.1395557 ], [ 73.1422005, 28.139556 ], [ 73.1421953, 28.1398593 ], [ 73.1421722, 28.139859 ], [ 73.1421774, 28.1395557 ] ], [ [ 73.1421214, 28.139555 ], [ 73.1421445, 28.1395553 ], [ 73.1421393, 28.1398585 ], [ 73.1421162, 28.1398582 ], [ 73.1421214, 28.139555 ] ], [ [ 73.1420708, 28.1392425 ], [ 73.1420939, 28.1392428 ], [ 73.1420887, 28.1395461 ], [ 73.1420656, 28.1395458 ], [ 73.1420708, 28.1392425 ] ], [ [ 73.1420148, 28.1392417 ], [ 73.142038, 28.1392421 ], [ 73.1420327, 28.1395453 ], [ 73.1420096, 28.139545 ], [ 73.1420148, 28.1392417 ] ], [ [ 73.1420654, 28.1395542 ], [ 73.1420886, 28.1395545 ], [ 73.1420833, 28.1398578 ], [ 73.1420602, 28.1398575 ], [ 73.1420654, 28.1395542 ] ], [ [ 73.1420095, 28.1395534 ], [ 73.1420326, 28.1395537 ], [ 73.1420273, 28.139857 ], [ 73.1420042, 28.1398567 ], [ 73.1420095, 28.1395534 ] ], [ [ 73.1419589, 28.139241 ], [ 73.141982, 28.1392413 ], [ 73.1419767, 28.1395446 ], [ 73.1419536, 28.1395443 ], [ 73.1419589, 28.139241 ] ], [ [ 73.1419029, 28.1392402 ], [ 73.141926, 28.1392405 ], [ 73.1419208, 28.1395438 ], [ 73.1418976, 28.1395435 ], [ 73.1419029, 28.1392402 ] ], [ [ 73.1419535, 28.1395527 ], [ 73.1419766, 28.139553 ], [ 73.1419714, 28.1398563 ], [ 73.1419482, 28.1398559 ], [ 73.1419535, 28.1395527 ] ], [ [ 73.1418975, 28.1395519 ], [ 73.1419206, 28.1395522 ], [ 73.1419154, 28.1398555 ], [ 73.1418923, 28.1398552 ], [ 73.1418975, 28.1395519 ] ], [ [ 73.1418469, 28.1392395 ], [ 73.14187, 28.1392398 ], [ 73.1418648, 28.1395431 ], [ 73.1418417, 28.1395427 ], [ 73.1418469, 28.1392395 ] ], [ [ 73.1417909, 28.1392387 ], [ 73.141814, 28.139239 ], [ 73.1418088, 28.1395423 ], [ 73.1417857, 28.139542 ], [ 73.1417909, 28.1392387 ] ], [ [ 73.1418415, 28.1395512 ], [ 73.1418646, 28.1395515 ], [ 73.1418594, 28.1398547 ], [ 73.1418363, 28.1398544 ], [ 73.1418415, 28.1395512 ] ], [ [ 73.1417855, 28.1395504 ], [ 73.1418087, 28.1395507 ], [ 73.1418034, 28.139854 ], [ 73.1417803, 28.1398537 ], [ 73.1417855, 28.1395504 ] ], [ [ 73.1417349, 28.139238 ], [ 73.1417581, 28.1392383 ], [ 73.1417528, 28.1395415 ], [ 73.1417297, 28.1395412 ], [ 73.1417349, 28.139238 ] ], [ [ 73.1416789, 28.1392372 ], [ 73.1417021, 28.1392375 ], [ 73.1416968, 28.1395408 ], [ 73.1416737, 28.1395405 ], [ 73.1416789, 28.1392372 ] ], [ [ 73.1417295, 28.1395496 ], [ 73.1417527, 28.13955 ], [ 73.1417474, 28.1398532 ], [ 73.1417243, 28.1398529 ], [ 73.1417295, 28.1395496 ] ], [ [ 73.1416736, 28.1395489 ], [ 73.1416967, 28.1395492 ], [ 73.1416915, 28.1398525 ], [ 73.1416683, 28.1398521 ], [ 73.1416736, 28.1395489 ] ], [ [ 73.141623, 28.1392364 ], [ 73.1416461, 28.1392367 ], [ 73.1416409, 28.13954 ], [ 73.1416177, 28.1395397 ], [ 73.141623, 28.1392364 ] ], [ [ 73.141567, 28.1392357 ], [ 73.1415901, 28.139236 ], [ 73.1415849, 28.1395393 ], [ 73.1415617, 28.1395389 ], [ 73.141567, 28.1392357 ] ], [ [ 73.1416176, 28.1395481 ], [ 73.1416407, 28.1395484 ], [ 73.1416355, 28.1398517 ], [ 73.1416123, 28.1398514 ], [ 73.1416176, 28.1395481 ] ], [ [ 73.1415616, 28.1395474 ], [ 73.1415847, 28.1395477 ], [ 73.1415795, 28.1398509 ], [ 73.1415564, 28.1398506 ], [ 73.1415616, 28.1395474 ] ], [ [ 73.141511, 28.1392349 ], [ 73.1415341, 28.1392352 ], [ 73.1415289, 28.1395385 ], [ 73.1415058, 28.1395382 ], [ 73.141511, 28.1392349 ] ], [ [ 73.141455, 28.1392342 ], [ 73.1414781, 28.1392345 ], [ 73.1414729, 28.1395377 ], [ 73.1414498, 28.1395374 ], [ 73.141455, 28.1392342 ] ], [ [ 73.1415056, 28.1395466 ], [ 73.1415287, 28.1395469 ], [ 73.1415235, 28.1398502 ], [ 73.1415004, 28.1398499 ], [ 73.1415056, 28.1395466 ] ], [ [ 73.1414496, 28.1395458 ], [ 73.1414728, 28.1395462 ], [ 73.1414675, 28.1398494 ], [ 73.1414444, 28.1398491 ], [ 73.1414496, 28.1395458 ] ], [ [ 73.141399, 28.1392334 ], [ 73.1414222, 28.1392337 ], [ 73.1414169, 28.139537 ], [ 73.1413938, 28.1395367 ], [ 73.141399, 28.1392334 ] ], [ [ 73.1413431, 28.1392326 ], [ 73.1413662, 28.139233 ], [ 73.141361, 28.1395362 ], [ 73.1413378, 28.1395359 ], [ 73.1413431, 28.1392326 ] ], [ [ 73.1413937, 28.1395451 ], [ 73.1414168, 28.1395454 ], [ 73.1414116, 28.1398487 ], [ 73.1413884, 28.1398484 ], [ 73.1413937, 28.1395451 ] ], [ [ 73.1413377, 28.1395443 ], [ 73.1413608, 28.1395446 ], [ 73.1413556, 28.1398479 ], [ 73.1413324, 28.1398476 ], [ 73.1413377, 28.1395443 ] ], [ [ 73.1412871, 28.1392319 ], [ 73.1413102, 28.1392322 ], [ 73.141305, 28.1395355 ], [ 73.1412818, 28.1395351 ], [ 73.1412871, 28.1392319 ] ], [ [ 73.1412311, 28.1392311 ], [ 73.1412542, 28.1392314 ], [ 73.141249, 28.1395347 ], [ 73.1412259, 28.1395344 ], [ 73.1412311, 28.1392311 ] ], [ [ 73.1412817, 28.1395436 ], [ 73.1413048, 28.1395439 ], [ 73.1412996, 28.1398471 ], [ 73.1412765, 28.1398468 ], [ 73.1412817, 28.1395436 ] ], [ [ 73.1412257, 28.1395428 ], [ 73.1412488, 28.1395431 ], [ 73.1412436, 28.1398464 ], [ 73.1412205, 28.1398461 ], [ 73.1412257, 28.1395428 ] ], [ [ 73.1411751, 28.1392304 ], [ 73.1411982, 28.1392307 ], [ 73.141193, 28.1395339 ], [ 73.1411699, 28.1395336 ], [ 73.1411751, 28.1392304 ] ], [ [ 73.1411191, 28.1392296 ], [ 73.1411423, 28.1392299 ], [ 73.141137, 28.1395332 ], [ 73.1411139, 28.1395329 ], [ 73.1411191, 28.1392296 ] ], [ [ 73.1411697, 28.139542 ], [ 73.1411929, 28.1395424 ], [ 73.1411876, 28.1398456 ], [ 73.1411645, 28.1398453 ], [ 73.1411697, 28.139542 ] ], [ [ 73.1411138, 28.1395413 ], [ 73.1411369, 28.1395416 ], [ 73.1411316, 28.1398449 ], [ 73.1411085, 28.1398446 ], [ 73.1411138, 28.1395413 ] ], [ [ 73.1410632, 28.1392288 ], [ 73.1410863, 28.1392292 ], [ 73.141081, 28.1395324 ], [ 73.1410579, 28.1395321 ], [ 73.1410632, 28.1392288 ] ], [ [ 73.1410072, 28.1392281 ], [ 73.1410303, 28.1392284 ], [ 73.1410251, 28.1395317 ], [ 73.1410019, 28.1395313 ], [ 73.1410072, 28.1392281 ] ], [ [ 73.1410578, 28.1395405 ], [ 73.1410809, 28.1395408 ], [ 73.1410757, 28.1398441 ], [ 73.1410525, 28.1398438 ], [ 73.1410578, 28.1395405 ] ], [ [ 73.1410018, 28.1395398 ], [ 73.1410249, 28.1395401 ], [ 73.1410197, 28.1398433 ], [ 73.1409966, 28.139843 ], [ 73.1410018, 28.1395398 ] ], [ [ 73.1409512, 28.1392273 ], [ 73.1409743, 28.1392276 ], [ 73.1409691, 28.1395309 ], [ 73.140946, 28.1395306 ], [ 73.1409512, 28.1392273 ] ], [ [ 73.1408952, 28.1392266 ], [ 73.1409183, 28.1392269 ], [ 73.1409131, 28.1395301 ], [ 73.14089, 28.1395298 ], [ 73.1408952, 28.1392266 ] ], [ [ 73.1409458, 28.139539 ], [ 73.1409689, 28.1395393 ], [ 73.1409637, 28.1398426 ], [ 73.1409406, 28.1398423 ], [ 73.1409458, 28.139539 ] ], [ [ 73.1408898, 28.1395382 ], [ 73.140913, 28.1395386 ], [ 73.1409077, 28.1398418 ], [ 73.1408846, 28.1398415 ], [ 73.1408898, 28.1395382 ] ], [ [ 73.1408392, 28.1392258 ], [ 73.1408624, 28.1392261 ], [ 73.1408571, 28.1395294 ], [ 73.140834, 28.1395291 ], [ 73.1408392, 28.1392258 ] ], [ [ 73.1407833, 28.139225 ], [ 73.1408064, 28.1392254 ], [ 73.1408011, 28.1395286 ], [ 73.140778, 28.1395283 ], [ 73.1407833, 28.139225 ] ], [ [ 73.1408339, 28.1395375 ], [ 73.140857, 28.1395378 ], [ 73.1408517, 28.1398411 ], [ 73.1408286, 28.1398408 ], [ 73.1408339, 28.1395375 ] ], [ [ 73.1407779, 28.1395367 ], [ 73.140801, 28.139537 ], [ 73.1407958, 28.1398403 ], [ 73.1407726, 28.13984 ], [ 73.1407779, 28.1395367 ] ], [ [ 73.1407273, 28.1392243 ], [ 73.1407504, 28.1392246 ], [ 73.1407452, 28.1395279 ], [ 73.140722, 28.1395275 ], [ 73.1407273, 28.1392243 ] ], [ [ 73.1406713, 28.1392235 ], [ 73.1406944, 28.1392238 ], [ 73.1406892, 28.1395271 ], [ 73.1406661, 28.1395268 ], [ 73.1406713, 28.1392235 ] ], [ [ 73.1407219, 28.139536 ], [ 73.140745, 28.1395363 ], [ 73.1407398, 28.1398395 ], [ 73.1407167, 28.1398392 ], [ 73.1407219, 28.139536 ] ], [ [ 73.1406659, 28.1395352 ], [ 73.140689, 28.1395355 ], [ 73.1406838, 28.1398388 ], [ 73.1406607, 28.1398385 ], [ 73.1406659, 28.1395352 ] ], [ [ 73.1435156, 28.1398817 ], [ 73.1435388, 28.139882 ], [ 73.1435335, 28.1401853 ], [ 73.1435104, 28.140185 ], [ 73.1435156, 28.1398817 ] ], [ [ 73.1434597, 28.1398809 ], [ 73.1434828, 28.1398813 ], [ 73.1434775, 28.1401845 ], [ 73.1434544, 28.1401842 ], [ 73.1434597, 28.1398809 ] ], [ [ 73.1435103, 28.1401934 ], [ 73.1435334, 28.1401937 ], [ 73.1435282, 28.140497 ], [ 73.143505, 28.1404967 ], [ 73.1435103, 28.1401934 ] ], [ [ 73.1434543, 28.1401926 ], [ 73.1434774, 28.1401929 ], [ 73.1434722, 28.1404962 ], [ 73.143449, 28.1404959 ], [ 73.1434543, 28.1401926 ] ], [ [ 73.1434037, 28.1398802 ], [ 73.1434268, 28.1398805 ], [ 73.1434216, 28.1401838 ], [ 73.1433984, 28.1401835 ], [ 73.1434037, 28.1398802 ] ], [ [ 73.1433477, 28.1398794 ], [ 73.1433708, 28.1398797 ], [ 73.1433656, 28.140183 ], [ 73.1433425, 28.1401827 ], [ 73.1433477, 28.1398794 ] ], [ [ 73.1433983, 28.1401919 ], [ 73.1434214, 28.1401922 ], [ 73.1434162, 28.1404955 ], [ 73.1433931, 28.1404951 ], [ 73.1433983, 28.1401919 ] ], [ [ 73.1433423, 28.1401911 ], [ 73.1433654, 28.1401914 ], [ 73.1433602, 28.1404947 ], [ 73.1433371, 28.1404944 ], [ 73.1433423, 28.1401911 ] ], [ [ 73.1432917, 28.1398787 ], [ 73.1433148, 28.139879 ], [ 73.1433096, 28.1401823 ], [ 73.1432865, 28.1401819 ], [ 73.1432917, 28.1398787 ] ], [ [ 73.1432357, 28.1398779 ], [ 73.1432589, 28.1398782 ], [ 73.1432536, 28.1401815 ], [ 73.1432305, 28.1401812 ], [ 73.1432357, 28.1398779 ] ], [ [ 73.1432863, 28.1401904 ], [ 73.1433095, 28.1401907 ], [ 73.1433042, 28.1404939 ], [ 73.1432811, 28.1404936 ], [ 73.1432863, 28.1401904 ] ], [ [ 73.1432304, 28.1401896 ], [ 73.1432535, 28.1401899 ], [ 73.1432482, 28.1404932 ], [ 73.1432251, 28.1404929 ], [ 73.1432304, 28.1401896 ] ], [ [ 73.1431797, 28.1398772 ], [ 73.1432029, 28.1398775 ], [ 73.1431976, 28.1401807 ], [ 73.1431745, 28.1401804 ], [ 73.1431797, 28.1398772 ] ], [ [ 73.1431238, 28.1398764 ], [ 73.1431469, 28.1398767 ], [ 73.1431417, 28.14018 ], [ 73.1431185, 28.1401797 ], [ 73.1431238, 28.1398764 ] ], [ [ 73.1431744, 28.1401888 ], [ 73.1431975, 28.1401892 ], [ 73.1431923, 28.1404924 ], [ 73.1431691, 28.1404921 ], [ 73.1431744, 28.1401888 ] ], [ [ 73.1431184, 28.1401881 ], [ 73.1431415, 28.1401884 ], [ 73.1431363, 28.1404917 ], [ 73.1431132, 28.1404913 ], [ 73.1431184, 28.1401881 ] ], [ [ 73.1430678, 28.1398756 ], [ 73.1430909, 28.1398759 ], [ 73.1430857, 28.1401792 ], [ 73.1430626, 28.1401789 ], [ 73.1430678, 28.1398756 ] ], [ [ 73.1430118, 28.1398749 ], [ 73.1430349, 28.1398752 ], [ 73.1430297, 28.1401785 ], [ 73.1430066, 28.1401781 ], [ 73.1430118, 28.1398749 ] ], [ [ 73.1430624, 28.1401873 ], [ 73.1430855, 28.1401876 ], [ 73.1430803, 28.1404909 ], [ 73.1430572, 28.1404906 ], [ 73.1430624, 28.1401873 ] ], [ [ 73.1430064, 28.1401866 ], [ 73.1430296, 28.1401869 ], [ 73.1430243, 28.1404901 ], [ 73.1430012, 28.1404898 ], [ 73.1430064, 28.1401866 ] ], [ [ 73.1429558, 28.1398741 ], [ 73.1429789, 28.1398744 ], [ 73.1429737, 28.1401777 ], [ 73.1429506, 28.1401774 ], [ 73.1429558, 28.1398741 ] ], [ [ 73.1428998, 28.1398734 ], [ 73.142923, 28.1398737 ], [ 73.1429177, 28.1401769 ], [ 73.1428946, 28.1401766 ], [ 73.1428998, 28.1398734 ] ], [ [ 73.1429504, 28.1401858 ], [ 73.1429736, 28.1401861 ], [ 73.1429683, 28.1404894 ], [ 73.1429452, 28.1404891 ], [ 73.1429504, 28.1401858 ] ], [ [ 73.1428945, 28.140185 ], [ 73.1429176, 28.1401854 ], [ 73.1429124, 28.1404886 ], [ 73.1428892, 28.1404883 ], [ 73.1428945, 28.140185 ] ], [ [ 73.1428439, 28.1398726 ], [ 73.142867, 28.1398729 ], [ 73.1428618, 28.1401762 ], [ 73.1428386, 28.1401759 ], [ 73.1428439, 28.1398726 ] ], [ [ 73.1427879, 28.1398718 ], [ 73.142811, 28.1398722 ], [ 73.1428058, 28.1401754 ], [ 73.1427826, 28.1401751 ], [ 73.1427879, 28.1398718 ] ], [ [ 73.1428385, 28.1401843 ], [ 73.1428616, 28.1401846 ], [ 73.1428564, 28.1404879 ], [ 73.1428333, 28.1404876 ], [ 73.1428385, 28.1401843 ] ], [ [ 73.1427825, 28.1401835 ], [ 73.1428056, 28.1401838 ], [ 73.1428004, 28.1404871 ], [ 73.1427773, 28.1404868 ], [ 73.1427825, 28.1401835 ] ], [ [ 73.1427319, 28.1398711 ], [ 73.142755, 28.1398714 ], [ 73.1427498, 28.1401747 ], [ 73.1427267, 28.1401744 ], [ 73.1427319, 28.1398711 ] ], [ [ 73.1426759, 28.1398703 ], [ 73.142699, 28.1398706 ], [ 73.1426938, 28.1401739 ], [ 73.1426707, 28.1401736 ], [ 73.1426759, 28.1398703 ] ], [ [ 73.1427265, 28.1401828 ], [ 73.1427496, 28.1401831 ], [ 73.1427444, 28.1404863 ], [ 73.1427213, 28.140486 ], [ 73.1427265, 28.1401828 ] ], [ [ 73.1426705, 28.140182 ], [ 73.1426937, 28.1401823 ], [ 73.1426884, 28.1404856 ], [ 73.1426653, 28.1404853 ], [ 73.1426705, 28.140182 ] ], [ [ 73.1426199, 28.1398696 ], [ 73.1426431, 28.1398699 ], [ 73.1426378, 28.1401731 ], [ 73.1426147, 28.1401728 ], [ 73.1426199, 28.1398696 ] ], [ [ 73.142564, 28.1398688 ], [ 73.1425871, 28.1398691 ], [ 73.1425818, 28.1401724 ], [ 73.1425587, 28.1401721 ], [ 73.142564, 28.1398688 ] ], [ [ 73.1426146, 28.1401813 ], [ 73.1426377, 28.1401816 ], [ 73.1426324, 28.1404848 ], [ 73.1426093, 28.1404845 ], [ 73.1426146, 28.1401813 ] ], [ [ 73.1425586, 28.1401805 ], [ 73.1425817, 28.1401808 ], [ 73.1425765, 28.1404841 ], [ 73.1425533, 28.1404838 ], [ 73.1425586, 28.1401805 ] ], [ [ 73.142508, 28.139868 ], [ 73.1425311, 28.1398684 ], [ 73.1425259, 28.1401716 ], [ 73.1425027, 28.1401713 ], [ 73.142508, 28.139868 ] ], [ [ 73.142452, 28.1398673 ], [ 73.1424751, 28.1398676 ], [ 73.1424699, 28.1401709 ], [ 73.1424468, 28.1401706 ], [ 73.142452, 28.1398673 ] ], [ [ 73.1425026, 28.1401797 ], [ 73.1425257, 28.14018 ], [ 73.1425205, 28.1404833 ], [ 73.1424974, 28.140483 ], [ 73.1425026, 28.1401797 ] ], [ [ 73.1424466, 28.140179 ], [ 73.1424697, 28.1401793 ], [ 73.1424645, 28.1404826 ], [ 73.1424414, 28.1404822 ], [ 73.1424466, 28.140179 ] ], [ [ 73.142396, 28.1398665 ], [ 73.1424191, 28.1398668 ], [ 73.1424139, 28.1401701 ], [ 73.1423908, 28.1401698 ], [ 73.142396, 28.1398665 ] ], [ [ 73.14234, 28.1398658 ], [ 73.1423632, 28.1398661 ], [ 73.1423579, 28.1401694 ], [ 73.1423348, 28.140169 ], [ 73.14234, 28.1398658 ] ], [ [ 73.1423906, 28.1401782 ], [ 73.1424138, 28.1401785 ], [ 73.1424085, 28.1404818 ], [ 73.1423854, 28.1404815 ], [ 73.1423906, 28.1401782 ] ], [ [ 73.1423346, 28.1401775 ], [ 73.1423578, 28.1401778 ], [ 73.1423525, 28.140481 ], [ 73.1423294, 28.1404807 ], [ 73.1423346, 28.1401775 ] ], [ [ 73.142284, 28.139865 ], [ 73.1423072, 28.1398653 ], [ 73.1423019, 28.1401686 ], [ 73.1422788, 28.1401683 ], [ 73.142284, 28.139865 ] ], [ [ 73.1422281, 28.1398643 ], [ 73.1422512, 28.1398646 ], [ 73.142246, 28.1401678 ], [ 73.1422228, 28.1401675 ], [ 73.1422281, 28.1398643 ] ], [ [ 73.1422787, 28.1401767 ], [ 73.1423018, 28.140177 ], [ 73.1422966, 28.1404803 ], [ 73.1422734, 28.14048 ], [ 73.1422787, 28.1401767 ] ], [ [ 73.1422227, 28.1401759 ], [ 73.1422458, 28.1401763 ], [ 73.1422406, 28.1404795 ], [ 73.1422175, 28.1404792 ], [ 73.1422227, 28.1401759 ] ], [ [ 73.1421721, 28.1398635 ], [ 73.1421952, 28.1398638 ], [ 73.14219, 28.1401671 ], [ 73.1421669, 28.1401668 ], [ 73.1421721, 28.1398635 ] ], [ [ 73.1421161, 28.1398627 ], [ 73.1421392, 28.139863 ], [ 73.142134, 28.1401663 ], [ 73.1421109, 28.140166 ], [ 73.1421161, 28.1398627 ] ], [ [ 73.1421667, 28.1401752 ], [ 73.1421898, 28.1401755 ], [ 73.1421846, 28.1404788 ], [ 73.1421615, 28.1404784 ], [ 73.1421667, 28.1401752 ] ], [ [ 73.1421107, 28.1401744 ], [ 73.1421338, 28.1401747 ], [ 73.1421286, 28.140478 ], [ 73.1421055, 28.1404777 ], [ 73.1421107, 28.1401744 ] ], [ [ 73.1420601, 28.139862 ], [ 73.1420832, 28.1398623 ], [ 73.142078, 28.1401656 ], [ 73.1420549, 28.1401652 ], [ 73.1420601, 28.139862 ] ], [ [ 73.1420041, 28.1398612 ], [ 73.1420273, 28.1398615 ], [ 73.142022, 28.1401648 ], [ 73.1419989, 28.1401645 ], [ 73.1420041, 28.1398612 ] ], [ [ 73.1420547, 28.1401737 ], [ 73.1420779, 28.140174 ], [ 73.1420726, 28.1404772 ], [ 73.1420495, 28.1404769 ], [ 73.1420547, 28.1401737 ] ], [ [ 73.1419988, 28.1401729 ], [ 73.1420219, 28.1401732 ], [ 73.1420167, 28.1404765 ], [ 73.1419935, 28.1404762 ], [ 73.1419988, 28.1401729 ] ], [ [ 73.1419482, 28.1398605 ], [ 73.1419713, 28.1398608 ], [ 73.1419661, 28.140164 ], [ 73.1419429, 28.1401637 ], [ 73.1419482, 28.1398605 ] ], [ [ 73.1418922, 28.1398597 ], [ 73.1419153, 28.13986 ], [ 73.1419101, 28.1401633 ], [ 73.1418869, 28.140163 ], [ 73.1418922, 28.1398597 ] ], [ [ 73.1419428, 28.1401721 ], [ 73.1419659, 28.1401725 ], [ 73.1419607, 28.1404757 ], [ 73.1419375, 28.1404754 ], [ 73.1419428, 28.1401721 ] ], [ [ 73.1418868, 28.1401714 ], [ 73.1419099, 28.1401717 ], [ 73.1419047, 28.140475 ], [ 73.1418816, 28.1404746 ], [ 73.1418868, 28.1401714 ] ], [ [ 73.1418362, 28.1398589 ], [ 73.1418593, 28.1398593 ], [ 73.1418541, 28.1401625 ], [ 73.141831, 28.1401622 ], [ 73.1418362, 28.1398589 ] ], [ [ 73.1417802, 28.1398582 ], [ 73.1418033, 28.1398585 ], [ 73.1417981, 28.1401618 ], [ 73.141775, 28.1401614 ], [ 73.1417802, 28.1398582 ] ], [ [ 73.1418308, 28.1401706 ], [ 73.1418539, 28.1401709 ], [ 73.1418487, 28.1404742 ], [ 73.1418256, 28.1404739 ], [ 73.1418308, 28.1401706 ] ], [ [ 73.1417748, 28.1401699 ], [ 73.141798, 28.1401702 ], [ 73.1417927, 28.1404734 ], [ 73.1417696, 28.1404731 ], [ 73.1417748, 28.1401699 ] ], [ [ 73.1417242, 28.1398574 ], [ 73.1417474, 28.1398577 ], [ 73.1417421, 28.140161 ], [ 73.141719, 28.1401607 ], [ 73.1417242, 28.1398574 ] ], [ [ 73.1416683, 28.1398567 ], [ 73.1416914, 28.139857 ], [ 73.1416861, 28.1401602 ], [ 73.141663, 28.1401599 ], [ 73.1416683, 28.1398567 ] ], [ [ 73.1417189, 28.1401691 ], [ 73.141742, 28.1401694 ], [ 73.1417367, 28.1404727 ], [ 73.1417136, 28.1404724 ], [ 73.1417189, 28.1401691 ] ], [ [ 73.1416629, 28.1401683 ], [ 73.141686, 28.1401687 ], [ 73.1416808, 28.1404719 ], [ 73.1416576, 28.1404716 ], [ 73.1416629, 28.1401683 ] ], [ [ 73.143281, 28.1404981 ], [ 73.1433042, 28.1404984 ], [ 73.1432989, 28.1408017 ], [ 73.1432758, 28.1408014 ], [ 73.143281, 28.1404981 ] ], [ [ 73.143225, 28.1404974 ], [ 73.1432482, 28.1404977 ], [ 73.1432429, 28.140801 ], [ 73.1432198, 28.1408006 ], [ 73.143225, 28.1404974 ] ], [ [ 73.1432756, 28.1408098 ], [ 73.1432988, 28.1408101 ], [ 73.1432935, 28.1411134 ], [ 73.1432704, 28.1411131 ], [ 73.1432756, 28.1408098 ] ], [ [ 73.1432197, 28.1408091 ], [ 73.1432428, 28.1408094 ], [ 73.1432376, 28.1411126 ], [ 73.1432144, 28.1411123 ], [ 73.1432197, 28.1408091 ] ], [ [ 73.1431691, 28.1404966 ], [ 73.1431922, 28.1404969 ], [ 73.143187, 28.1408002 ], [ 73.1431638, 28.1407999 ], [ 73.1431691, 28.1404966 ] ], [ [ 73.1431131, 28.1404959 ], [ 73.1431362, 28.1404962 ], [ 73.143131, 28.1407994 ], [ 73.1431078, 28.1407991 ], [ 73.1431131, 28.1404959 ] ], [ [ 73.1431637, 28.1408083 ], [ 73.1431868, 28.1408086 ], [ 73.1431816, 28.1411119 ], [ 73.1431585, 28.1411116 ], [ 73.1431637, 28.1408083 ] ], [ [ 73.1431077, 28.1408075 ], [ 73.1431308, 28.1408079 ], [ 73.1431256, 28.1411111 ], [ 73.1431025, 28.1411108 ], [ 73.1431077, 28.1408075 ] ], [ [ 73.1430571, 28.1404951 ], [ 73.1430802, 28.1404954 ], [ 73.143075, 28.1407987 ], [ 73.1430519, 28.1407984 ], [ 73.1430571, 28.1404951 ] ], [ [ 73.1430011, 28.1404943 ], [ 73.1430242, 28.1404947 ], [ 73.143019, 28.1407979 ], [ 73.1429959, 28.1407976 ], [ 73.1430011, 28.1404943 ] ], [ [ 73.1430517, 28.1408068 ], [ 73.1430748, 28.1408071 ], [ 73.1430696, 28.1411104 ], [ 73.1430465, 28.1411101 ], [ 73.1430517, 28.1408068 ] ], [ [ 73.1429957, 28.140806 ], [ 73.1430189, 28.1408063 ], [ 73.1430136, 28.1411096 ], [ 73.1429905, 28.1411093 ], [ 73.1429957, 28.140806 ] ], [ [ 73.1429451, 28.1404936 ], [ 73.1429683, 28.1404939 ], [ 73.142963, 28.1407972 ], [ 73.1429399, 28.1407969 ], [ 73.1429451, 28.1404936 ] ], [ [ 73.1428892, 28.1404928 ], [ 73.1429123, 28.1404931 ], [ 73.142907, 28.1407964 ], [ 73.1428839, 28.1407961 ], [ 73.1428892, 28.1404928 ] ], [ [ 73.1429398, 28.1408053 ], [ 73.1429629, 28.1408056 ], [ 73.1429577, 28.1411089 ], [ 73.1429345, 28.1411085 ], [ 73.1429398, 28.1408053 ] ], [ [ 73.1428838, 28.1408045 ], [ 73.1429069, 28.1408048 ], [ 73.1429017, 28.1411081 ], [ 73.1428785, 28.1411078 ], [ 73.1428838, 28.1408045 ] ], [ [ 73.1428332, 28.1404921 ], [ 73.1428563, 28.1404924 ], [ 73.1428511, 28.1407956 ], [ 73.1428279, 28.1407953 ], [ 73.1428332, 28.1404921 ] ], [ [ 73.1427772, 28.1404913 ], [ 73.1428003, 28.1404916 ], [ 73.1427951, 28.1407949 ], [ 73.142772, 28.1407946 ], [ 73.1427772, 28.1404913 ] ], [ [ 73.1428278, 28.1408038 ], [ 73.1428509, 28.1408041 ], [ 73.1428457, 28.1411073 ], [ 73.1428226, 28.141107 ], [ 73.1428278, 28.1408038 ] ], [ [ 73.1427718, 28.140803 ], [ 73.1427949, 28.1408033 ], [ 73.1427897, 28.1411066 ], [ 73.1427666, 28.1411063 ], [ 73.1427718, 28.140803 ] ], [ [ 73.1427212, 28.1404905 ], [ 73.1427443, 28.1404909 ], [ 73.1427391, 28.1407941 ], [ 73.142716, 28.1407938 ], [ 73.1427212, 28.1404905 ] ], [ [ 73.1426652, 28.1404898 ], [ 73.1426884, 28.1404901 ], [ 73.1426831, 28.1407934 ], [ 73.14266, 28.1407931 ], [ 73.1426652, 28.1404898 ] ], [ [ 73.1427158, 28.1408022 ], [ 73.142739, 28.1408025 ], [ 73.1427337, 28.1411058 ], [ 73.1427106, 28.1411055 ], [ 73.1427158, 28.1408022 ] ], [ [ 73.1426599, 28.1408015 ], [ 73.142683, 28.1408018 ], [ 73.1426777, 28.1411051 ], [ 73.1426546, 28.1411047 ], [ 73.1426599, 28.1408015 ] ], [ [ 73.1426092, 28.140489 ], [ 73.1426324, 28.1404893 ], [ 73.1426271, 28.1407926 ], [ 73.142604, 28.1407923 ], [ 73.1426092, 28.140489 ] ], [ [ 73.1425533, 28.1404883 ], [ 73.1425764, 28.1404886 ], [ 73.1425712, 28.1407919 ], [ 73.142548, 28.1407915 ], [ 73.1425533, 28.1404883 ] ], [ [ 73.1426039, 28.1408007 ], [ 73.142627, 28.140801 ], [ 73.1426218, 28.1411043 ], [ 73.1425986, 28.141104 ], [ 73.1426039, 28.1408007 ] ], [ [ 73.1425479, 28.1408 ], [ 73.142571, 28.1408003 ], [ 73.1425658, 28.1411035 ], [ 73.1425427, 28.1411032 ], [ 73.1425479, 28.1408 ] ], [ [ 73.1424973, 28.1404875 ], [ 73.1425204, 28.1404878 ], [ 73.1425152, 28.1407911 ], [ 73.1424921, 28.1407908 ], [ 73.1424973, 28.1404875 ] ], [ [ 73.1424413, 28.1404868 ], [ 73.1424644, 28.1404871 ], [ 73.1424592, 28.1407903 ], [ 73.1424361, 28.14079 ], [ 73.1424413, 28.1404868 ] ], [ [ 73.1424919, 28.1407992 ], [ 73.142515, 28.1407995 ], [ 73.1425098, 28.1411028 ], [ 73.1424867, 28.1411025 ], [ 73.1424919, 28.1407992 ] ], [ [ 73.1424359, 28.1407984 ], [ 73.142459, 28.1407988 ], [ 73.1424538, 28.141102 ], [ 73.1424307, 28.1411017 ], [ 73.1424359, 28.1407984 ] ], [ [ 73.1423853, 28.140486 ], [ 73.1424084, 28.1404863 ], [ 73.1424032, 28.1407896 ], [ 73.1423801, 28.1407893 ], [ 73.1423853, 28.140486 ] ], [ [ 73.1423293, 28.1404852 ], [ 73.1423525, 28.1404855 ], [ 73.1423472, 28.1407888 ], [ 73.1423241, 28.1407885 ], [ 73.1423293, 28.1404852 ] ], [ [ 73.1423799, 28.1407977 ], [ 73.1424031, 28.140798 ], [ 73.1423978, 28.1411013 ], [ 73.1423747, 28.1411009 ], [ 73.1423799, 28.1407977 ] ], [ [ 73.142324, 28.1407969 ], [ 73.1423471, 28.1407972 ], [ 73.1423419, 28.1411005 ], [ 73.1423187, 28.1411002 ], [ 73.142324, 28.1407969 ] ], [ [ 73.1422734, 28.1404845 ], [ 73.1422965, 28.1404848 ], [ 73.1422912, 28.1407881 ], [ 73.1422681, 28.1407877 ], [ 73.1422734, 28.1404845 ] ], [ [ 73.1422174, 28.1404837 ], [ 73.1422405, 28.140484 ], [ 73.1422353, 28.1407873 ], [ 73.1422121, 28.140787 ], [ 73.1422174, 28.1404837 ] ], [ [ 73.142268, 28.1407962 ], [ 73.1422911, 28.1407965 ], [ 73.1422859, 28.1410997 ], [ 73.1422627, 28.1410994 ], [ 73.142268, 28.1407962 ] ], [ [ 73.142212, 28.1407954 ], [ 73.1422351, 28.1407957 ], [ 73.1422299, 28.141099 ], [ 73.1422068, 28.1410987 ], [ 73.142212, 28.1407954 ] ], [ [ 73.1421614, 28.140483 ], [ 73.1421845, 28.1404833 ], [ 73.1421793, 28.1407865 ], [ 73.1421562, 28.1407862 ], [ 73.1421614, 28.140483 ] ], [ [ 73.1421054, 28.1404822 ], [ 73.1421285, 28.1404825 ], [ 73.1421233, 28.1407858 ], [ 73.1421002, 28.1407855 ], [ 73.1421054, 28.1404822 ] ], [ [ 73.142156, 28.1407946 ], [ 73.1421791, 28.140795 ], [ 73.1421739, 28.1410982 ], [ 73.1421508, 28.1410979 ], [ 73.142156, 28.1407946 ] ], [ [ 73.1421, 28.1407939 ], [ 73.1421232, 28.1407942 ], [ 73.1421179, 28.1410975 ], [ 73.1420948, 28.1410972 ], [ 73.1421, 28.1407939 ] ], [ [ 73.1420494, 28.1404814 ], [ 73.1420726, 28.1404818 ], [ 73.1420673, 28.140785 ], [ 73.1420442, 28.1407847 ], [ 73.1420494, 28.1404814 ] ], [ [ 73.1419934, 28.1404807 ], [ 73.1420166, 28.140481 ], [ 73.1420113, 28.1407843 ], [ 73.1419882, 28.1407839 ], [ 73.1419934, 28.1404807 ] ], [ [ 73.1420441, 28.1407931 ], [ 73.1420672, 28.1407934 ], [ 73.1420619, 28.1410967 ], [ 73.1420388, 28.1410964 ], [ 73.1420441, 28.1407931 ] ], [ [ 73.1419881, 28.1407924 ], [ 73.1420112, 28.1407927 ], [ 73.142006, 28.1410959 ], [ 73.1419828, 28.1410956 ], [ 73.1419881, 28.1407924 ] ], [ [ 73.1419375, 28.1404799 ], [ 73.1419606, 28.1404802 ], [ 73.1419554, 28.1407835 ], [ 73.1419322, 28.1407832 ], [ 73.1419375, 28.1404799 ] ], [ [ 73.1418815, 28.1404792 ], [ 73.1419046, 28.1404795 ], [ 73.1418994, 28.1407827 ], [ 73.1418763, 28.1407824 ], [ 73.1418815, 28.1404792 ] ], [ [ 73.1419321, 28.1407916 ], [ 73.1419552, 28.1407919 ], [ 73.14195, 28.1410952 ], [ 73.1419269, 28.1410949 ], [ 73.1419321, 28.1407916 ] ], [ [ 73.1418761, 28.1407908 ], [ 73.1418992, 28.1407912 ], [ 73.141894, 28.1410944 ], [ 73.1418709, 28.1410941 ], [ 73.1418761, 28.1407908 ] ], [ [ 73.1431584, 28.1411161 ], [ 73.1431815, 28.1411164 ], [ 73.1431763, 28.1414197 ], [ 73.1431531, 28.1414194 ], [ 73.1431584, 28.1411161 ] ], [ [ 73.1431024, 28.1411153 ], [ 73.1431255, 28.1411156 ], [ 73.1431203, 28.1414189 ], [ 73.1430972, 28.1414186 ], [ 73.1431024, 28.1411153 ] ], [ [ 73.143153, 28.1414278 ], [ 73.1431761, 28.1414281 ], [ 73.1431709, 28.1417314 ], [ 73.1431478, 28.141731 ], [ 73.143153, 28.1414278 ] ], [ [ 73.143097, 28.141427 ], [ 73.1431201, 28.1414273 ], [ 73.1431149, 28.1417306 ], [ 73.1430918, 28.1417303 ], [ 73.143097, 28.141427 ] ], [ [ 73.1430464, 28.1411146 ], [ 73.1430695, 28.1411149 ], [ 73.1430643, 28.1414181 ], [ 73.1430412, 28.1414178 ], [ 73.1430464, 28.1411146 ] ], [ [ 73.1429904, 28.1411138 ], [ 73.1430136, 28.1411141 ], [ 73.1430083, 28.1414174 ], [ 73.1429852, 28.1414171 ], [ 73.1429904, 28.1411138 ] ], [ [ 73.143041, 28.1414263 ], [ 73.1430642, 28.1414266 ], [ 73.1430589, 28.1417298 ], [ 73.1430358, 28.1417295 ], [ 73.143041, 28.1414263 ] ], [ [ 73.1429851, 28.1414255 ], [ 73.1430082, 28.1414258 ], [ 73.1430029, 28.1417291 ], [ 73.1429798, 28.1417288 ], [ 73.1429851, 28.1414255 ] ], [ [ 73.1429344, 28.141113 ], [ 73.1429576, 28.1411134 ], [ 73.1429523, 28.1414166 ], [ 73.1429292, 28.1414163 ], [ 73.1429344, 28.141113 ] ], [ [ 73.1428785, 28.1411123 ], [ 73.1429016, 28.1411126 ], [ 73.1428964, 28.1414159 ], [ 73.1428732, 28.1414156 ], [ 73.1428785, 28.1411123 ] ], [ [ 73.1429291, 28.1414247 ], [ 73.1429522, 28.141425 ], [ 73.142947, 28.1417283 ], [ 73.1429238, 28.141728 ], [ 73.1429291, 28.1414247 ] ], [ [ 73.1428731, 28.141424 ], [ 73.1428962, 28.1414243 ], [ 73.142891, 28.1417276 ], [ 73.1428679, 28.1417272 ], [ 73.1428731, 28.141424 ] ], [ [ 73.1428225, 28.1411115 ], [ 73.1428456, 28.1411118 ], [ 73.1428404, 28.1414151 ], [ 73.1428173, 28.1414148 ], [ 73.1428225, 28.1411115 ] ], [ [ 73.1427665, 28.1411108 ], [ 73.1427896, 28.1411111 ], [ 73.1427844, 28.1414144 ], [ 73.1427613, 28.141414 ], [ 73.1427665, 28.1411108 ] ], [ [ 73.1428171, 28.1414232 ], [ 73.1428402, 28.1414235 ], [ 73.142835, 28.1417268 ], [ 73.1428119, 28.1417265 ], [ 73.1428171, 28.1414232 ] ], [ [ 73.1427611, 28.1414225 ], [ 73.1427843, 28.1414228 ], [ 73.142779, 28.141726 ], [ 73.1427559, 28.1417257 ], [ 73.1427611, 28.1414225 ] ], [ [ 73.1427105, 28.14111 ], [ 73.1427336, 28.1411103 ], [ 73.1427284, 28.1414136 ], [ 73.1427053, 28.1414133 ], [ 73.1427105, 28.14111 ] ], [ [ 73.1426545, 28.1411093 ], [ 73.1426777, 28.1411096 ], [ 73.1426724, 28.1414128 ], [ 73.1426493, 28.1414125 ], [ 73.1426545, 28.1411093 ] ], [ [ 73.1427051, 28.1414217 ], [ 73.1427283, 28.141422 ], [ 73.142723, 28.1417253 ], [ 73.1426999, 28.141725 ], [ 73.1427051, 28.1414217 ] ], [ [ 73.1426492, 28.1414209 ], [ 73.1426723, 28.1414213 ], [ 73.1426671, 28.1417245 ], [ 73.1426439, 28.1417242 ], [ 73.1426492, 28.1414209 ] ], [ [ 73.1425986, 28.1411085 ], [ 73.1426217, 28.1411088 ], [ 73.1426165, 28.1414121 ], [ 73.1425933, 28.1414118 ], [ 73.1425986, 28.1411085 ] ], [ [ 73.1425426, 28.1411077 ], [ 73.1425657, 28.141108 ], [ 73.1425605, 28.1414113 ], [ 73.1425373, 28.141411 ], [ 73.1425426, 28.1411077 ] ], [ [ 73.1425932, 28.1414202 ], [ 73.1426163, 28.1414205 ], [ 73.1426111, 28.1417238 ], [ 73.1425879, 28.1417234 ], [ 73.1425932, 28.1414202 ] ], [ [ 73.1425372, 28.1414194 ], [ 73.1425603, 28.1414197 ], [ 73.1425551, 28.141723 ], [ 73.142532, 28.1417227 ], [ 73.1425372, 28.1414194 ] ], [ [ 73.1424866, 28.141107 ], [ 73.1425097, 28.1411073 ], [ 73.1425045, 28.1414106 ], [ 73.1424814, 28.1414102 ], [ 73.1424866, 28.141107 ] ], [ [ 73.1424306, 28.1411062 ], [ 73.1424537, 28.1411065 ], [ 73.1424485, 28.1414098 ], [ 73.1424254, 28.1414095 ], [ 73.1424306, 28.1411062 ] ], [ [ 73.1424812, 28.1414187 ], [ 73.1425043, 28.141419 ], [ 73.1424991, 28.1417222 ], [ 73.142476, 28.1417219 ], [ 73.1424812, 28.1414187 ] ], [ [ 73.1424252, 28.1414179 ], [ 73.1424484, 28.1414182 ], [ 73.1424431, 28.1417215 ], [ 73.14242, 28.1417212 ], [ 73.1424252, 28.1414179 ] ], [ [ 73.1423746, 28.1411055 ], [ 73.1423978, 28.1411058 ], [ 73.1423925, 28.141409 ], [ 73.1423694, 28.1414087 ], [ 73.1423746, 28.1411055 ] ], [ [ 73.1423186, 28.1411047 ], [ 73.1423418, 28.141105 ], [ 73.1423365, 28.1414083 ], [ 73.1423134, 28.141408 ], [ 73.1423186, 28.1411047 ] ], [ [ 73.1423693, 28.1414171 ], [ 73.1423924, 28.1414175 ], [ 73.1423871, 28.1417207 ], [ 73.142364, 28.1417204 ], [ 73.1423693, 28.1414171 ] ], [ [ 73.1423133, 28.1414164 ], [ 73.1423364, 28.1414167 ], [ 73.1423312, 28.14172 ], [ 73.142308, 28.1417197 ], [ 73.1423133, 28.1414164 ] ], [ [ 73.1422627, 28.1411039 ], [ 73.1422858, 28.1411043 ], [ 73.1422806, 28.1414075 ], [ 73.1422574, 28.1414072 ], [ 73.1422627, 28.1411039 ] ], [ [ 73.1422067, 28.1411032 ], [ 73.1422298, 28.1411035 ], [ 73.1422246, 28.1414068 ], [ 73.1422015, 28.1414064 ], [ 73.1422067, 28.1411032 ] ], [ [ 73.1422573, 28.1414156 ], [ 73.1422804, 28.1414159 ], [ 73.1422752, 28.1417192 ], [ 73.1422521, 28.1417189 ], [ 73.1422573, 28.1414156 ] ], [ [ 73.1422013, 28.1414149 ], [ 73.1422244, 28.1414152 ], [ 73.1422192, 28.1417184 ], [ 73.1421961, 28.1417181 ], [ 73.1422013, 28.1414149 ] ], [ [ 73.1421507, 28.1411024 ], [ 73.1421738, 28.1411027 ], [ 73.1421686, 28.141406 ], [ 73.1421455, 28.1414057 ], [ 73.1421507, 28.1411024 ] ], [ [ 73.1420947, 28.1411017 ], [ 73.1421178, 28.141102 ], [ 73.1421126, 28.1414052 ], [ 73.1420895, 28.1414049 ], [ 73.1420947, 28.1411017 ] ], [ [ 73.1421453, 28.1414141 ], [ 73.1421684, 28.1414144 ], [ 73.1421632, 28.1417177 ], [ 73.1421401, 28.1417174 ], [ 73.1421453, 28.1414141 ] ], [ [ 73.1420893, 28.1414133 ], [ 73.1421125, 28.1414137 ], [ 73.1421072, 28.1417169 ], [ 73.1420841, 28.1417166 ], [ 73.1420893, 28.1414133 ] ], [ [ 73.1420387, 28.1411009 ], [ 73.1420619, 28.1411012 ], [ 73.1420566, 28.1414045 ], [ 73.1420335, 28.1414042 ], [ 73.1420387, 28.1411009 ] ], [ [ 73.1419828, 28.1411001 ], [ 73.1420059, 28.1411005 ], [ 73.1420006, 28.1414037 ], [ 73.1419775, 28.1414034 ], [ 73.1419828, 28.1411001 ] ], [ [ 73.1420334, 28.1414126 ], [ 73.1420565, 28.1414129 ], [ 73.1420512, 28.1417162 ], [ 73.1420281, 28.1417159 ], [ 73.1420334, 28.1414126 ] ], [ [ 73.1419774, 28.1414118 ], [ 73.1420005, 28.1414121 ], [ 73.1419953, 28.1417154 ], [ 73.1419721, 28.1417151 ], [ 73.1419774, 28.1414118 ] ], [ [ 73.1419268, 28.1410994 ], [ 73.1419499, 28.1410997 ], [ 73.1419447, 28.141403 ], [ 73.1419215, 28.1414027 ], [ 73.1419268, 28.1410994 ] ], [ [ 73.1418708, 28.1410986 ], [ 73.1418939, 28.1410989 ], [ 73.1418887, 28.1414022 ], [ 73.1418656, 28.1414019 ], [ 73.1418708, 28.1410986 ] ], [ [ 73.1419214, 28.1414111 ], [ 73.1419445, 28.1414114 ], [ 73.1419393, 28.1417147 ], [ 73.1419162, 28.1417143 ], [ 73.1419214, 28.1414111 ] ], [ [ 73.1418654, 28.1414103 ], [ 73.1418885, 28.1414106 ], [ 73.1418833, 28.1417139 ], [ 73.1418602, 28.1417136 ], [ 73.1418654, 28.1414103 ] ], [ [ 73.1437075, 28.1417431 ], [ 73.1437306, 28.1417434 ], [ 73.1437254, 28.1420467 ], [ 73.1437023, 28.1420464 ], [ 73.1437075, 28.1417431 ] ], [ [ 73.1436515, 28.1417424 ], [ 73.1436747, 28.1417427 ], [ 73.1436694, 28.142046 ], [ 73.1436463, 28.1420456 ], [ 73.1436515, 28.1417424 ] ], [ [ 73.1437021, 28.1420548 ], [ 73.1437253, 28.1420551 ], [ 73.14372, 28.1423584 ], [ 73.1436969, 28.1423581 ], [ 73.1437021, 28.1420548 ] ], [ [ 73.1436462, 28.1420541 ], [ 73.1436693, 28.1420544 ], [ 73.1436641, 28.1423576 ], [ 73.1436409, 28.1423573 ], [ 73.1436462, 28.1420541 ] ], [ [ 73.1435955, 28.1417416 ], [ 73.1436187, 28.1417419 ], [ 73.1436134, 28.1420452 ], [ 73.1435903, 28.1420449 ], [ 73.1435955, 28.1417416 ] ], [ [ 73.1435396, 28.1417409 ], [ 73.1435627, 28.1417412 ], [ 73.1435575, 28.1420444 ], [ 73.1435343, 28.1420441 ], [ 73.1435396, 28.1417409 ] ], [ [ 73.1435902, 28.1420533 ], [ 73.1436133, 28.1420536 ], [ 73.1436081, 28.1423569 ], [ 73.1435849, 28.1423566 ], [ 73.1435902, 28.1420533 ] ], [ [ 73.1435342, 28.1420525 ], [ 73.1435573, 28.1420529 ], [ 73.1435521, 28.1423561 ], [ 73.143529, 28.1423558 ], [ 73.1435342, 28.1420525 ] ], [ [ 73.1434836, 28.1417401 ], [ 73.1435067, 28.1417404 ], [ 73.1435015, 28.1420437 ], [ 73.1434784, 28.1420434 ], [ 73.1434836, 28.1417401 ] ], [ [ 73.1434276, 28.1417393 ], [ 73.1434507, 28.1417397 ], [ 73.1434455, 28.1420429 ], [ 73.1434224, 28.1420426 ], [ 73.1434276, 28.1417393 ] ], [ [ 73.1434782, 28.1420518 ], [ 73.1435013, 28.1420521 ], [ 73.1434961, 28.1423554 ], [ 73.143473, 28.1423551 ], [ 73.1434782, 28.1420518 ] ], [ [ 73.1434222, 28.142051 ], [ 73.1434454, 28.1420513 ], [ 73.1434401, 28.1423546 ], [ 73.143417, 28.1423543 ], [ 73.1434222, 28.142051 ] ], [ [ 73.1433716, 28.1417386 ], [ 73.1433947, 28.1417389 ], [ 73.1433895, 28.1420422 ], [ 73.1433664, 28.1420419 ], [ 73.1433716, 28.1417386 ] ], [ [ 73.1433156, 28.1417378 ], [ 73.1433388, 28.1417381 ], [ 73.1433335, 28.1420414 ], [ 73.1433104, 28.1420411 ], [ 73.1433156, 28.1417378 ] ], [ [ 73.1433662, 28.1420503 ], [ 73.1433894, 28.1420506 ], [ 73.1433841, 28.1423539 ], [ 73.143361, 28.1423535 ], [ 73.1433662, 28.1420503 ] ], [ [ 73.1433103, 28.1420495 ], [ 73.1433334, 28.1420498 ], [ 73.1433282, 28.1423531 ], [ 73.143305, 28.1423528 ], [ 73.1433103, 28.1420495 ] ], [ [ 73.1432597, 28.1417371 ], [ 73.1432828, 28.1417374 ], [ 73.1432776, 28.1420406 ], [ 73.1432544, 28.1420403 ], [ 73.1432597, 28.1417371 ] ], [ [ 73.1432037, 28.1417363 ], [ 73.1432268, 28.1417366 ], [ 73.1432216, 28.1420399 ], [ 73.1431984, 28.1420396 ], [ 73.1432037, 28.1417363 ] ], [ [ 73.1432543, 28.1420488 ], [ 73.1432774, 28.1420491 ], [ 73.1432722, 28.1423523 ], [ 73.143249, 28.142352 ], [ 73.1432543, 28.1420488 ] ], [ [ 73.1431983, 28.142048 ], [ 73.1432214, 28.1420483 ], [ 73.1432162, 28.1423516 ], [ 73.1431931, 28.1423513 ], [ 73.1431983, 28.142048 ] ], [ [ 73.1431477, 28.1417355 ], [ 73.1431708, 28.1417359 ], [ 73.1431656, 28.1420391 ], [ 73.1431425, 28.1420388 ], [ 73.1431477, 28.1417355 ] ], [ [ 73.1430917, 28.1417348 ], [ 73.1431148, 28.1417351 ], [ 73.1431096, 28.1420384 ], [ 73.1430865, 28.1420381 ], [ 73.1430917, 28.1417348 ] ], [ [ 73.1431423, 28.1420472 ], [ 73.1431654, 28.1420475 ], [ 73.1431602, 28.1423508 ], [ 73.1431371, 28.1423505 ], [ 73.1431423, 28.1420472 ] ], [ [ 73.1430863, 28.1420465 ], [ 73.1431095, 28.1420468 ], [ 73.1431042, 28.1423501 ], [ 73.1430811, 28.1423497 ], [ 73.1430863, 28.1420465 ] ], [ [ 73.1430357, 28.141734 ], [ 73.1430589, 28.1417343 ], [ 73.1430536, 28.1420376 ], [ 73.1430305, 28.1420373 ], [ 73.1430357, 28.141734 ] ], [ [ 73.1429797, 28.1417333 ], [ 73.1430029, 28.1417336 ], [ 73.1429976, 28.1420369 ], [ 73.1429745, 28.1420365 ], [ 73.1429797, 28.1417333 ] ], [ [ 73.1430303, 28.1420457 ], [ 73.1430535, 28.142046 ], [ 73.1430482, 28.1423493 ], [ 73.1430251, 28.142349 ], [ 73.1430303, 28.1420457 ] ], [ [ 73.1429744, 28.142045 ], [ 73.1429975, 28.1420453 ], [ 73.1429923, 28.1423485 ], [ 73.1429691, 28.1423482 ], [ 73.1429744, 28.142045 ] ], [ [ 73.1429238, 28.1417325 ], [ 73.1429469, 28.1417328 ], [ 73.1429417, 28.1420361 ], [ 73.1429185, 28.1420358 ], [ 73.1429238, 28.1417325 ] ], [ [ 73.1428678, 28.1417318 ], [ 73.1428909, 28.1417321 ], [ 73.1428857, 28.1420353 ], [ 73.1428625, 28.142035 ], [ 73.1428678, 28.1417318 ] ], [ [ 73.1429184, 28.1420442 ], [ 73.1429415, 28.1420445 ], [ 73.1429363, 28.1423478 ], [ 73.1429132, 28.1423475 ], [ 73.1429184, 28.1420442 ] ], [ [ 73.1428624, 28.1420434 ], [ 73.1428855, 28.1420438 ], [ 73.1428803, 28.142347 ], [ 73.1428572, 28.1423467 ], [ 73.1428624, 28.1420434 ] ], [ [ 73.1428118, 28.141731 ], [ 73.1428349, 28.1417313 ], [ 73.1428297, 28.1420346 ], [ 73.1428066, 28.1420343 ], [ 73.1428118, 28.141731 ] ], [ [ 73.1427558, 28.1417302 ], [ 73.1427789, 28.1417306 ], [ 73.1427737, 28.1420338 ], [ 73.1427506, 28.1420335 ], [ 73.1427558, 28.1417302 ] ], [ [ 73.1428064, 28.1420427 ], [ 73.1428295, 28.142043 ], [ 73.1428243, 28.1423463 ], [ 73.1428012, 28.142346 ], [ 73.1428064, 28.1420427 ] ], [ [ 73.1427504, 28.1420419 ], [ 73.1427736, 28.1420422 ], [ 73.1427683, 28.1423455 ], [ 73.1427452, 28.1423452 ], [ 73.1427504, 28.1420419 ] ], [ [ 73.1426998, 28.1417295 ], [ 73.142723, 28.1417298 ], [ 73.1427177, 28.1420331 ], [ 73.1426946, 28.1420327 ], [ 73.1426998, 28.1417295 ] ], [ [ 73.1426439, 28.1417287 ], [ 73.142667, 28.141729 ], [ 73.1426617, 28.1420323 ], [ 73.1426386, 28.142032 ], [ 73.1426439, 28.1417287 ] ], [ [ 73.1426945, 28.1420412 ], [ 73.1427176, 28.1420415 ], [ 73.1427123, 28.1423447 ], [ 73.1426892, 28.1423444 ], [ 73.1426945, 28.1420412 ] ], [ [ 73.1426385, 28.1420404 ], [ 73.1426616, 28.1420407 ], [ 73.1426564, 28.142344 ], [ 73.1426332, 28.1423437 ], [ 73.1426385, 28.1420404 ] ], [ [ 73.1425879, 28.141728 ], [ 73.142611, 28.1417283 ], [ 73.1426058, 28.1420315 ], [ 73.1425826, 28.1420312 ], [ 73.1425879, 28.141728 ] ], [ [ 73.1425319, 28.1417272 ], [ 73.142555, 28.1417275 ], [ 73.1425498, 28.1420308 ], [ 73.1425267, 28.1420305 ], [ 73.1425319, 28.1417272 ] ], [ [ 73.1425825, 28.1420396 ], [ 73.1426056, 28.14204 ], [ 73.1426004, 28.1423432 ], [ 73.1425773, 28.1423429 ], [ 73.1425825, 28.1420396 ] ], [ [ 73.1425265, 28.1420389 ], [ 73.1425496, 28.1420392 ], [ 73.1425444, 28.1423425 ], [ 73.1425213, 28.1423422 ], [ 73.1425265, 28.1420389 ] ], [ [ 73.1424759, 28.1417264 ], [ 73.142499, 28.1417268 ], [ 73.1424938, 28.14203 ], [ 73.1424707, 28.1420297 ], [ 73.1424759, 28.1417264 ] ], [ [ 73.1424199, 28.1417257 ], [ 73.142443, 28.141726 ], [ 73.1424378, 28.1420293 ], [ 73.1424147, 28.142029 ], [ 73.1424199, 28.1417257 ] ], [ [ 73.1424705, 28.1420381 ], [ 73.1424937, 28.1420384 ], [ 73.1424884, 28.1423417 ], [ 73.1424653, 28.1423414 ], [ 73.1424705, 28.1420381 ] ], [ [ 73.1424145, 28.1420374 ], [ 73.1424377, 28.1420377 ], [ 73.1424324, 28.142341 ], [ 73.1424093, 28.1423406 ], [ 73.1424145, 28.1420374 ] ], [ [ 73.1423639, 28.1417249 ], [ 73.1423871, 28.1417252 ], [ 73.1423818, 28.1420285 ], [ 73.1423587, 28.1420282 ], [ 73.1423639, 28.1417249 ] ], [ [ 73.142308, 28.1417242 ], [ 73.1423311, 28.1417245 ], [ 73.1423258, 28.1420277 ], [ 73.1423027, 28.1420274 ], [ 73.142308, 28.1417242 ] ], [ [ 73.1423586, 28.1420366 ], [ 73.1423817, 28.1420369 ], [ 73.1423765, 28.1423402 ], [ 73.1423533, 28.1423399 ], [ 73.1423586, 28.1420366 ] ], [ [ 73.1423026, 28.1420359 ], [ 73.1423257, 28.1420362 ], [ 73.1423205, 28.1423394 ], [ 73.1422973, 28.1423391 ], [ 73.1423026, 28.1420359 ] ], [ [ 73.142252, 28.1417234 ], [ 73.1422751, 28.1417237 ], [ 73.1422699, 28.142027 ], [ 73.1422467, 28.1420267 ], [ 73.142252, 28.1417234 ] ], [ [ 73.142196, 28.1417226 ], [ 73.1422191, 28.141723 ], [ 73.1422139, 28.1420262 ], [ 73.1421908, 28.1420259 ], [ 73.142196, 28.1417226 ] ], [ [ 73.1422466, 28.1420351 ], [ 73.1422697, 28.1420354 ], [ 73.1422645, 28.1423387 ], [ 73.1422414, 28.1423384 ], [ 73.1422466, 28.1420351 ] ], [ [ 73.1421906, 28.1420343 ], [ 73.1422137, 28.1420346 ], [ 73.1422085, 28.1423379 ], [ 73.1421854, 28.1423376 ], [ 73.1421906, 28.1420343 ] ], [ [ 73.14214, 28.1417219 ], [ 73.1421631, 28.1417222 ], [ 73.1421579, 28.1420255 ], [ 73.1421348, 28.1420252 ], [ 73.14214, 28.1417219 ] ], [ [ 73.142084, 28.1417211 ], [ 73.1421072, 28.1417214 ], [ 73.1421019, 28.1420247 ], [ 73.1420788, 28.1420244 ], [ 73.142084, 28.1417211 ] ], [ [ 73.1421346, 28.1420336 ], [ 73.1421578, 28.1420339 ], [ 73.1421525, 28.1423372 ], [ 73.1421294, 28.1423368 ], [ 73.1421346, 28.1420336 ] ], [ [ 73.1420786, 28.1420328 ], [ 73.1421018, 28.1420331 ], [ 73.1420965, 28.1423364 ], [ 73.1420734, 28.1423361 ], [ 73.1420786, 28.1420328 ] ], [ [ 73.142028, 28.1417204 ], [ 73.1420512, 28.1417207 ], [ 73.1420459, 28.142024 ], [ 73.1420228, 28.1420236 ], [ 73.142028, 28.1417204 ] ], [ [ 73.1419721, 28.1417196 ], [ 73.1419952, 28.1417199 ], [ 73.14199, 28.1420232 ], [ 73.1419668, 28.1420229 ], [ 73.1419721, 28.1417196 ] ], [ [ 73.1420227, 28.1420321 ], [ 73.1420458, 28.1420324 ], [ 73.1420406, 28.1423356 ], [ 73.1420174, 28.1423353 ], [ 73.1420227, 28.1420321 ] ], [ [ 73.1419667, 28.1420313 ], [ 73.1419898, 28.1420316 ], [ 73.1419846, 28.1423349 ], [ 73.1419614, 28.1423346 ], [ 73.1419667, 28.1420313 ] ], [ [ 73.1419161, 28.1417189 ], [ 73.1419392, 28.1417192 ], [ 73.141934, 28.1420224 ], [ 73.1419108, 28.1420221 ], [ 73.1419161, 28.1417189 ] ], [ [ 73.1418601, 28.1417181 ], [ 73.1418832, 28.1417184 ], [ 73.141878, 28.1420217 ], [ 73.1418549, 28.1420214 ], [ 73.1418601, 28.1417181 ] ], [ [ 73.1419107, 28.1420305 ], [ 73.1419338, 28.1420309 ], [ 73.1419286, 28.1423341 ], [ 73.1419055, 28.1423338 ], [ 73.1419107, 28.1420305 ] ], [ [ 73.1418547, 28.1420298 ], [ 73.1418778, 28.1420301 ], [ 73.1418726, 28.1423334 ], [ 73.1418495, 28.142333 ], [ 73.1418547, 28.1420298 ] ], [ [ 73.1444806, 28.1423732 ], [ 73.1445037, 28.1423735 ], [ 73.1444985, 28.1426768 ], [ 73.1444754, 28.1426765 ], [ 73.1444806, 28.1423732 ] ], [ [ 73.1444246, 28.1423725 ], [ 73.1444477, 28.1423728 ], [ 73.1444425, 28.142676 ], [ 73.1444194, 28.1426757 ], [ 73.1444246, 28.1423725 ] ], [ [ 73.1444752, 28.1426849 ], [ 73.1444983, 28.1426852 ], [ 73.1444931, 28.1429885 ], [ 73.14447, 28.1429882 ], [ 73.1444752, 28.1426849 ] ], [ [ 73.1444192, 28.1426841 ], [ 73.1444424, 28.1426845 ], [ 73.1444371, 28.1429877 ], [ 73.144414, 28.1429874 ], [ 73.1444192, 28.1426841 ] ], [ [ 73.1443686, 28.1423717 ], [ 73.1443917, 28.142372 ], [ 73.1443865, 28.1426753 ], [ 73.1443634, 28.142675 ], [ 73.1443686, 28.1423717 ] ], [ [ 73.1443126, 28.1423709 ], [ 73.1443358, 28.1423713 ], [ 73.1443305, 28.1426745 ], [ 73.1443074, 28.1426742 ], [ 73.1443126, 28.1423709 ] ], [ [ 73.1443632, 28.1426834 ], [ 73.1443864, 28.1426837 ], [ 73.1443811, 28.142987 ], [ 73.144358, 28.1429867 ], [ 73.1443632, 28.1426834 ] ], [ [ 73.1443073, 28.1426826 ], [ 73.1443304, 28.1426829 ], [ 73.1443252, 28.1429862 ], [ 73.144302, 28.1429859 ], [ 73.1443073, 28.1426826 ] ], [ [ 73.1442567, 28.1423702 ], [ 73.1442798, 28.1423705 ], [ 73.1442746, 28.1426738 ], [ 73.1442514, 28.1426735 ], [ 73.1442567, 28.1423702 ] ], [ [ 73.1442007, 28.1423694 ], [ 73.1442238, 28.1423697 ], [ 73.1442186, 28.142673 ], [ 73.1441954, 28.1426727 ], [ 73.1442007, 28.1423694 ] ], [ [ 73.1442513, 28.1426819 ], [ 73.1442744, 28.1426822 ], [ 73.1442692, 28.1429855 ], [ 73.1442461, 28.1429851 ], [ 73.1442513, 28.1426819 ] ], [ [ 73.1441953, 28.1426811 ], [ 73.1442184, 28.1426814 ], [ 73.1442132, 28.1429847 ], [ 73.1441901, 28.1429844 ], [ 73.1441953, 28.1426811 ] ], [ [ 73.1441447, 28.1423687 ], [ 73.1441678, 28.142369 ], [ 73.1441626, 28.1426723 ], [ 73.1441395, 28.1426719 ], [ 73.1441447, 28.1423687 ] ], [ [ 73.1440887, 28.1423679 ], [ 73.1441118, 28.1423682 ], [ 73.1441066, 28.1426715 ], [ 73.1440835, 28.1426712 ], [ 73.1440887, 28.1423679 ] ], [ [ 73.1441393, 28.1426804 ], [ 73.1441624, 28.1426807 ], [ 73.1441572, 28.1429839 ], [ 73.1441341, 28.1429836 ], [ 73.1441393, 28.1426804 ] ], [ [ 73.1440833, 28.1426796 ], [ 73.1441065, 28.1426799 ], [ 73.1441012, 28.1429832 ], [ 73.1440781, 28.1429829 ], [ 73.1440833, 28.1426796 ] ], [ [ 73.1440327, 28.1423672 ], [ 73.1440559, 28.1423675 ], [ 73.1440506, 28.1426707 ], [ 73.1440275, 28.1426704 ], [ 73.1440327, 28.1423672 ] ], [ [ 73.1439767, 28.1423664 ], [ 73.1439999, 28.1423667 ], [ 73.1439946, 28.14267 ], [ 73.1439715, 28.1426697 ], [ 73.1439767, 28.1423664 ] ], [ [ 73.1440274, 28.1426788 ], [ 73.1440505, 28.1426792 ], [ 73.1440452, 28.1429824 ], [ 73.1440221, 28.1429821 ], [ 73.1440274, 28.1426788 ] ], [ [ 73.1439714, 28.1426781 ], [ 73.1439945, 28.1426784 ], [ 73.1439893, 28.1429817 ], [ 73.1439661, 28.1429813 ], [ 73.1439714, 28.1426781 ] ], [ [ 73.1439208, 28.1423656 ], [ 73.1439439, 28.1423659 ], [ 73.1439387, 28.1426692 ], [ 73.1439155, 28.1426689 ], [ 73.1439208, 28.1423656 ] ], [ [ 73.1438648, 28.1423649 ], [ 73.1438879, 28.1423652 ], [ 73.1438827, 28.1426685 ], [ 73.1438595, 28.1426681 ], [ 73.1438648, 28.1423649 ] ], [ [ 73.1439154, 28.1426773 ], [ 73.1439385, 28.1426776 ], [ 73.1439333, 28.1429809 ], [ 73.1439102, 28.1429806 ], [ 73.1439154, 28.1426773 ] ], [ [ 73.1438594, 28.1426766 ], [ 73.1438825, 28.1426769 ], [ 73.1438773, 28.1429801 ], [ 73.1438542, 28.1429798 ], [ 73.1438594, 28.1426766 ] ], [ [ 73.1438088, 28.1423641 ], [ 73.1438319, 28.1423644 ], [ 73.1438267, 28.1426677 ], [ 73.1438036, 28.1426674 ], [ 73.1438088, 28.1423641 ] ], [ [ 73.1437528, 28.1423634 ], [ 73.1437759, 28.1423637 ], [ 73.1437707, 28.1426669 ], [ 73.1437476, 28.1426666 ], [ 73.1437528, 28.1423634 ] ], [ [ 73.1438034, 28.1426758 ], [ 73.1438265, 28.1426761 ], [ 73.1438213, 28.1429794 ], [ 73.1437982, 28.1429791 ], [ 73.1438034, 28.1426758 ] ], [ [ 73.1437474, 28.142675 ], [ 73.1437706, 28.1426754 ], [ 73.1437653, 28.1429786 ], [ 73.1437422, 28.1429783 ], [ 73.1437474, 28.142675 ] ], [ [ 73.1436968, 28.1423626 ], [ 73.14372, 28.1423629 ], [ 73.1437147, 28.1426662 ], [ 73.1436916, 28.1426659 ], [ 73.1436968, 28.1423626 ] ], [ [ 73.1436408, 28.1423618 ], [ 73.143664, 28.1423622 ], [ 73.1436587, 28.1426654 ], [ 73.1436356, 28.1426651 ], [ 73.1436408, 28.1423618 ] ], [ [ 73.1436915, 28.1426743 ], [ 73.1437146, 28.1426746 ], [ 73.1437094, 28.1429779 ], [ 73.1436862, 28.1429776 ], [ 73.1436915, 28.1426743 ] ], [ [ 73.1436355, 28.1426735 ], [ 73.1436586, 28.1426738 ], [ 73.1436534, 28.1429771 ], [ 73.1436302, 28.1429768 ], [ 73.1436355, 28.1426735 ] ], [ [ 73.1435849, 28.1423611 ], [ 73.143608, 28.1423614 ], [ 73.1436028, 28.1426647 ], [ 73.1435796, 28.1426644 ], [ 73.1435849, 28.1423611 ] ], [ [ 73.1435289, 28.1423603 ], [ 73.143552, 28.1423606 ], [ 73.1435468, 28.1426639 ], [ 73.1435237, 28.1426636 ], [ 73.1435289, 28.1423603 ] ], [ [ 73.1435795, 28.1426728 ], [ 73.1436026, 28.1426731 ], [ 73.1435974, 28.1429764 ], [ 73.1435743, 28.142976 ], [ 73.1435795, 28.1426728 ] ], [ [ 73.1435235, 28.142672 ], [ 73.1435466, 28.1426723 ], [ 73.1435414, 28.1429756 ], [ 73.1435183, 28.1429753 ], [ 73.1435235, 28.142672 ] ], [ [ 73.1434729, 28.1423596 ], [ 73.143496, 28.1423599 ], [ 73.1434908, 28.1426631 ], [ 73.1434677, 28.1426628 ], [ 73.1434729, 28.1423596 ] ], [ [ 73.1434169, 28.1423588 ], [ 73.14344, 28.1423591 ], [ 73.1434348, 28.1426624 ], [ 73.1434117, 28.1426621 ], [ 73.1434169, 28.1423588 ] ], [ [ 73.1434675, 28.1426713 ], [ 73.1434907, 28.1426716 ], [ 73.1434854, 28.1429748 ], [ 73.1434623, 28.1429745 ], [ 73.1434675, 28.1426713 ] ], [ [ 73.1434115, 28.1426705 ], [ 73.1434347, 28.1426708 ], [ 73.1434294, 28.1429741 ], [ 73.1434063, 28.1429738 ], [ 73.1434115, 28.1426705 ] ], [ [ 73.1433609, 28.1423581 ], [ 73.1433841, 28.1423584 ], [ 73.1433788, 28.1426616 ], [ 73.1433557, 28.1426613 ], [ 73.1433609, 28.1423581 ] ], [ [ 73.143305, 28.1423573 ], [ 73.1433281, 28.1423576 ], [ 73.1433228, 28.1426609 ], [ 73.1432997, 28.1426606 ], [ 73.143305, 28.1423573 ] ], [ [ 73.1433556, 28.1426697 ], [ 73.1433787, 28.14267 ], [ 73.1433735, 28.1429733 ], [ 73.1433503, 28.142973 ], [ 73.1433556, 28.1426697 ] ], [ [ 73.1432996, 28.142669 ], [ 73.1433227, 28.1426693 ], [ 73.1433175, 28.1429726 ], [ 73.1432943, 28.1429722 ], [ 73.1432996, 28.142669 ] ], [ [ 73.143249, 28.1423565 ], [ 73.1432721, 28.1423568 ], [ 73.1432669, 28.1426601 ], [ 73.1432437, 28.1426598 ], [ 73.143249, 28.1423565 ] ], [ [ 73.143193, 28.1423558 ], [ 73.1432161, 28.1423561 ], [ 73.1432109, 28.1426594 ], [ 73.1431878, 28.142659 ], [ 73.143193, 28.1423558 ] ], [ [ 73.1432436, 28.1426682 ], [ 73.1432667, 28.1426685 ], [ 73.1432615, 28.1429718 ], [ 73.1432384, 28.1429715 ], [ 73.1432436, 28.1426682 ] ], [ [ 73.1431876, 28.1426675 ], [ 73.1432107, 28.1426678 ], [ 73.1432055, 28.142971 ], [ 73.1431824, 28.1429707 ], [ 73.1431876, 28.1426675 ] ], [ [ 73.143137, 28.142355 ], [ 73.1431601, 28.1423553 ], [ 73.1431549, 28.1426586 ], [ 73.1431318, 28.1426583 ], [ 73.143137, 28.142355 ] ], [ [ 73.143081, 28.1423543 ], [ 73.1431041, 28.1423546 ], [ 73.1430989, 28.1426578 ], [ 73.1430758, 28.1426575 ], [ 73.143081, 28.1423543 ] ], [ [ 73.1431316, 28.1426667 ], [ 73.1431548, 28.142667 ], [ 73.1431495, 28.1429703 ], [ 73.1431264, 28.14297 ], [ 73.1431316, 28.1426667 ] ], [ [ 73.1430756, 28.1426659 ], [ 73.1430988, 28.1426663 ], [ 73.1430935, 28.1429695 ], [ 73.1430704, 28.1429692 ], [ 73.1430756, 28.1426659 ] ], [ [ 73.143025, 28.1423535 ], [ 73.1430482, 28.1423538 ], [ 73.1430429, 28.1426571 ], [ 73.1430198, 28.1426568 ], [ 73.143025, 28.1423535 ] ], [ [ 73.1429691, 28.1423527 ], [ 73.1429922, 28.1423531 ], [ 73.142987, 28.1426563 ], [ 73.1429638, 28.142656 ], [ 73.1429691, 28.1423527 ] ], [ [ 73.1430197, 28.1426652 ], [ 73.1430428, 28.1426655 ], [ 73.1430376, 28.1429688 ], [ 73.1430144, 28.1429685 ], [ 73.1430197, 28.1426652 ] ], [ [ 73.1429637, 28.1426644 ], [ 73.1429868, 28.1426647 ], [ 73.1429816, 28.142968 ], [ 73.1429584, 28.1429677 ], [ 73.1429637, 28.1426644 ] ], [ [ 73.1429131, 28.142352 ], [ 73.1429362, 28.1423523 ], [ 73.142931, 28.1426556 ], [ 73.1429078, 28.1426552 ], [ 73.1429131, 28.142352 ] ], [ [ 73.1428571, 28.1423512 ], [ 73.1428802, 28.1423515 ], [ 73.142875, 28.1426548 ], [ 73.1428519, 28.1426545 ], [ 73.1428571, 28.1423512 ] ], [ [ 73.1429077, 28.1426637 ], [ 73.1429308, 28.142664 ], [ 73.1429256, 28.1429672 ], [ 73.1429025, 28.1429669 ], [ 73.1429077, 28.1426637 ] ], [ [ 73.1428517, 28.1426629 ], [ 73.1428748, 28.1426632 ], [ 73.1428696, 28.1429665 ], [ 73.1428465, 28.1429662 ], [ 73.1428517, 28.1426629 ] ], [ [ 73.1428011, 28.1423505 ], [ 73.1428242, 28.1423508 ], [ 73.142819, 28.142654 ], [ 73.1427959, 28.1426537 ], [ 73.1428011, 28.1423505 ] ], [ [ 73.1427451, 28.1423497 ], [ 73.1427683, 28.14235 ], [ 73.142763, 28.1426533 ], [ 73.1427399, 28.142653 ], [ 73.1427451, 28.1423497 ] ], [ [ 73.1427957, 28.1426621 ], [ 73.1428189, 28.1426625 ], [ 73.1428136, 28.1429657 ], [ 73.1427905, 28.1429654 ], [ 73.1427957, 28.1426621 ] ], [ [ 73.1427397, 28.1426614 ], [ 73.1427629, 28.1426617 ], [ 73.1427576, 28.142965 ], [ 73.1427345, 28.1429647 ], [ 73.1427397, 28.1426614 ] ], [ [ 73.1426891, 28.1423489 ], [ 73.1427123, 28.1423493 ], [ 73.142707, 28.1426525 ], [ 73.1426839, 28.1426522 ], [ 73.1426891, 28.1423489 ] ], [ [ 73.1426332, 28.1423482 ], [ 73.1426563, 28.1423485 ], [ 73.1426511, 28.1426518 ], [ 73.1426279, 28.1426515 ], [ 73.1426332, 28.1423482 ] ], [ [ 73.1426838, 28.1426606 ], [ 73.1427069, 28.1426609 ], [ 73.1427017, 28.1429642 ], [ 73.1426785, 28.1429639 ], [ 73.1426838, 28.1426606 ] ], [ [ 73.1426278, 28.1426599 ], [ 73.1426509, 28.1426602 ], [ 73.1426457, 28.1429635 ], [ 73.1426226, 28.1429631 ], [ 73.1426278, 28.1426599 ] ], [ [ 73.1425772, 28.1423474 ], [ 73.1426003, 28.1423477 ], [ 73.1425951, 28.142651 ], [ 73.1425719, 28.1426507 ], [ 73.1425772, 28.1423474 ] ], [ [ 73.1425212, 28.1423467 ], [ 73.1425443, 28.142347 ], [ 73.1425391, 28.1426502 ], [ 73.142516, 28.1426499 ], [ 73.1425212, 28.1423467 ] ], [ [ 73.1425718, 28.1426591 ], [ 73.1425949, 28.1426594 ], [ 73.1425897, 28.1429627 ], [ 73.1425666, 28.1429624 ], [ 73.1425718, 28.1426591 ] ], [ [ 73.1425158, 28.1426584 ], [ 73.1425389, 28.1426587 ], [ 73.1425337, 28.1429619 ], [ 73.1425106, 28.1429616 ], [ 73.1425158, 28.1426584 ] ], [ [ 73.1424652, 28.1423459 ], [ 73.1424883, 28.1423462 ], [ 73.1424831, 28.1426495 ], [ 73.14246, 28.1426492 ], [ 73.1424652, 28.1423459 ] ], [ [ 73.1424092, 28.1423451 ], [ 73.1424324, 28.1423455 ], [ 73.1424271, 28.1426487 ], [ 73.142404, 28.1426484 ], [ 73.1424092, 28.1423451 ] ], [ [ 73.1424598, 28.1426576 ], [ 73.142483, 28.1426579 ], [ 73.1424777, 28.1429612 ], [ 73.1424546, 28.1429609 ], [ 73.1424598, 28.1426576 ] ], [ [ 73.1424039, 28.1426568 ], [ 73.142427, 28.1426571 ], [ 73.1424217, 28.1429604 ], [ 73.1423986, 28.1429601 ], [ 73.1424039, 28.1426568 ] ], [ [ 73.1423532, 28.1423444 ], [ 73.1423764, 28.1423447 ], [ 73.1423711, 28.142648 ], [ 73.142348, 28.1426477 ], [ 73.1423532, 28.1423444 ] ], [ [ 73.1422973, 28.1423436 ], [ 73.1423204, 28.1423439 ], [ 73.1423152, 28.1426472 ], [ 73.142292, 28.1426469 ], [ 73.1422973, 28.1423436 ] ], [ [ 73.1423479, 28.1426561 ], [ 73.142371, 28.1426564 ], [ 73.1423658, 28.1429597 ], [ 73.1423426, 28.1429593 ], [ 73.1423479, 28.1426561 ] ], [ [ 73.1422919, 28.1426553 ], [ 73.142315, 28.1426556 ], [ 73.1423098, 28.1429589 ], [ 73.1422867, 28.1429586 ], [ 73.1422919, 28.1426553 ] ], [ [ 73.1422413, 28.1423429 ], [ 73.1422644, 28.1423432 ], [ 73.1422592, 28.1426465 ], [ 73.142236, 28.1426461 ], [ 73.1422413, 28.1423429 ] ], [ [ 73.1421853, 28.1423421 ], [ 73.1422084, 28.1423424 ], [ 73.1422032, 28.1426457 ], [ 73.1421801, 28.1426454 ], [ 73.1421853, 28.1423421 ] ], [ [ 73.1422359, 28.1426546 ], [ 73.142259, 28.1426549 ], [ 73.1422538, 28.1429581 ], [ 73.1422307, 28.1429578 ], [ 73.1422359, 28.1426546 ] ], [ [ 73.1421799, 28.1426538 ], [ 73.142203, 28.1426541 ], [ 73.1421978, 28.1429574 ], [ 73.1421747, 28.1429571 ], [ 73.1421799, 28.1426538 ] ], [ [ 73.1421293, 28.1423414 ], [ 73.1421524, 28.1423417 ], [ 73.1421472, 28.1426449 ], [ 73.1421241, 28.1426446 ], [ 73.1421293, 28.1423414 ] ], [ [ 73.1420733, 28.1423406 ], [ 73.1420965, 28.1423409 ], [ 73.1420912, 28.1426442 ], [ 73.1420681, 28.1426439 ], [ 73.1420733, 28.1423406 ] ], [ [ 73.1421239, 28.142653 ], [ 73.1421471, 28.1426534 ], [ 73.1421418, 28.1429566 ], [ 73.1421187, 28.1429563 ], [ 73.1421239, 28.142653 ] ], [ [ 73.142068, 28.1426523 ], [ 73.1420911, 28.1426526 ], [ 73.1420858, 28.1429559 ], [ 73.1420627, 28.1429555 ], [ 73.142068, 28.1426523 ] ], [ [ 73.1420174, 28.1423398 ], [ 73.1420405, 28.1423401 ], [ 73.1420352, 28.1426434 ], [ 73.1420121, 28.1426431 ], [ 73.1420174, 28.1423398 ] ], [ [ 73.1419614, 28.1423391 ], [ 73.1419845, 28.1423394 ], [ 73.1419793, 28.1426427 ], [ 73.1419561, 28.1426423 ], [ 73.1419614, 28.1423391 ] ], [ [ 73.142012, 28.1426515 ], [ 73.1420351, 28.1426518 ], [ 73.1420299, 28.1429551 ], [ 73.1420067, 28.1429548 ], [ 73.142012, 28.1426515 ] ], [ [ 73.141956, 28.1426508 ], [ 73.1419791, 28.1426511 ], [ 73.1419739, 28.1429543 ], [ 73.1419508, 28.142954 ], [ 73.141956, 28.1426508 ] ], [ [ 73.1419054, 28.1423383 ], [ 73.1419285, 28.1423386 ], [ 73.1419233, 28.1426419 ], [ 73.1419002, 28.1426416 ], [ 73.1419054, 28.1423383 ] ], [ [ 73.1418494, 28.1423376 ], [ 73.1418725, 28.1423379 ], [ 73.1418673, 28.1426411 ], [ 73.1418442, 28.1426408 ], [ 73.1418494, 28.1423376 ] ], [ [ 73.1419, 28.14265 ], [ 73.1419231, 28.1426503 ], [ 73.1419179, 28.1429536 ], [ 73.1418948, 28.1429533 ], [ 73.1419, 28.14265 ] ], [ [ 73.141844, 28.1426492 ], [ 73.1418672, 28.1426496 ], [ 73.1418619, 28.1429528 ], [ 73.1418388, 28.1429525 ], [ 73.141844, 28.1426492 ] ], [ [ 73.1444699, 28.1429927 ], [ 73.144493, 28.142993 ], [ 73.1444878, 28.1432963 ], [ 73.1444647, 28.143296 ], [ 73.1444699, 28.1429927 ] ], [ [ 73.1444139, 28.1429919 ], [ 73.1444371, 28.1429922 ], [ 73.1444318, 28.1432955 ], [ 73.1444087, 28.1432952 ], [ 73.1444139, 28.1429919 ] ], [ [ 73.1444645, 28.1433044 ], [ 73.1444877, 28.1433047 ], [ 73.1444824, 28.143608 ], [ 73.1444593, 28.1436076 ], [ 73.1444645, 28.1433044 ] ], [ [ 73.1444086, 28.1433036 ], [ 73.1444317, 28.1433039 ], [ 73.1444265, 28.1436072 ], [ 73.1444033, 28.1436069 ], [ 73.1444086, 28.1433036 ] ], [ [ 73.1443579, 28.1429912 ], [ 73.1443811, 28.1429915 ], [ 73.1443758, 28.1432948 ], [ 73.1443527, 28.1432944 ], [ 73.1443579, 28.1429912 ] ], [ [ 73.144302, 28.1429904 ], [ 73.1443251, 28.1429907 ], [ 73.1443199, 28.143294 ], [ 73.1442967, 28.1432937 ], [ 73.144302, 28.1429904 ] ], [ [ 73.1443526, 28.1433029 ], [ 73.1443757, 28.1433032 ], [ 73.1443705, 28.1436064 ], [ 73.1443473, 28.1436061 ], [ 73.1443526, 28.1433029 ] ], [ [ 73.1442966, 28.1433021 ], [ 73.1443197, 28.1433024 ], [ 73.1443145, 28.1436057 ], [ 73.1442914, 28.1436054 ], [ 73.1442966, 28.1433021 ] ], [ [ 73.144246, 28.1429897 ], [ 73.1442691, 28.14299 ], [ 73.1442639, 28.1432932 ], [ 73.1442407, 28.1432929 ], [ 73.144246, 28.1429897 ] ], [ [ 73.14419, 28.1429889 ], [ 73.1442131, 28.1429892 ], [ 73.1442079, 28.1432925 ], [ 73.1441848, 28.1432922 ], [ 73.14419, 28.1429889 ] ], [ [ 73.1442406, 28.1433013 ], [ 73.1442637, 28.1433017 ], [ 73.1442585, 28.1436049 ], [ 73.1442354, 28.1436046 ], [ 73.1442406, 28.1433013 ] ], [ [ 73.1441846, 28.1433006 ], [ 73.1442077, 28.1433009 ], [ 73.1442025, 28.1436042 ], [ 73.1441794, 28.1436038 ], [ 73.1441846, 28.1433006 ] ], [ [ 73.144134, 28.1429881 ], [ 73.1441571, 28.1429884 ], [ 73.1441519, 28.1432917 ], [ 73.1441288, 28.1432914 ], [ 73.144134, 28.1429881 ] ], [ [ 73.144078, 28.1429874 ], [ 73.1441012, 28.1429877 ], [ 73.1440959, 28.143291 ], [ 73.1440728, 28.1432906 ], [ 73.144078, 28.1429874 ] ], [ [ 73.1441286, 28.1432998 ], [ 73.1441518, 28.1433001 ], [ 73.1441465, 28.1436034 ], [ 73.1441234, 28.1436031 ], [ 73.1441286, 28.1432998 ] ], [ [ 73.1440727, 28.1432991 ], [ 73.1440958, 28.1432994 ], [ 73.1440906, 28.1436026 ], [ 73.1440674, 28.1436023 ], [ 73.1440727, 28.1432991 ] ], [ [ 73.144022, 28.1429866 ], [ 73.1440452, 28.1429869 ], [ 73.1440399, 28.1432902 ], [ 73.1440168, 28.1432899 ], [ 73.144022, 28.1429866 ] ], [ [ 73.1439661, 28.1429859 ], [ 73.1439892, 28.1429862 ], [ 73.143984, 28.1432894 ], [ 73.1439608, 28.1432891 ], [ 73.1439661, 28.1429859 ] ], [ [ 73.1440167, 28.1432983 ], [ 73.1440398, 28.1432986 ], [ 73.1440346, 28.1436019 ], [ 73.1440114, 28.1436016 ], [ 73.1440167, 28.1432983 ] ], [ [ 73.1439607, 28.1432975 ], [ 73.1439838, 28.1432979 ], [ 73.1439786, 28.1436011 ], [ 73.1439555, 28.1436008 ], [ 73.1439607, 28.1432975 ] ], [ [ 73.1439101, 28.1429851 ], [ 73.1439332, 28.1429854 ], [ 73.143928, 28.1432887 ], [ 73.1439048, 28.1432884 ], [ 73.1439101, 28.1429851 ] ], [ [ 73.1438541, 28.1429843 ], [ 73.1438772, 28.1429847 ], [ 73.143872, 28.1432879 ], [ 73.1438489, 28.1432876 ], [ 73.1438541, 28.1429843 ] ], [ [ 73.1439047, 28.1432968 ], [ 73.1439278, 28.1432971 ], [ 73.1439226, 28.1436004 ], [ 73.1438995, 28.1436001 ], [ 73.1439047, 28.1432968 ] ], [ [ 73.1438487, 28.143296 ], [ 73.1438718, 28.1432963 ], [ 73.1438666, 28.1435996 ], [ 73.1438435, 28.1435993 ], [ 73.1438487, 28.143296 ] ], [ [ 73.1437981, 28.1429836 ], [ 73.1438212, 28.1429839 ], [ 73.143816, 28.1432872 ], [ 73.1437929, 28.1432869 ], [ 73.1437981, 28.1429836 ] ], [ [ 73.1437421, 28.1429828 ], [ 73.1437653, 28.1429831 ], [ 73.14376, 28.1432864 ], [ 73.1437369, 28.1432861 ], [ 73.1437421, 28.1429828 ] ], [ [ 73.1437927, 28.1432953 ], [ 73.1438159, 28.1432956 ], [ 73.1438106, 28.1435989 ], [ 73.1437875, 28.1435985 ], [ 73.1437927, 28.1432953 ] ], [ [ 73.1437368, 28.1432945 ], [ 73.1437599, 28.1432948 ], [ 73.1437547, 28.1435981 ], [ 73.1437315, 28.1435978 ], [ 73.1437368, 28.1432945 ] ], [ [ 73.1436861, 28.1429821 ], [ 73.1437093, 28.1429824 ], [ 73.143704, 28.1432856 ], [ 73.1436809, 28.1432853 ], [ 73.1436861, 28.1429821 ] ], [ [ 73.1436302, 28.1429813 ], [ 73.1436533, 28.1429816 ], [ 73.1436481, 28.1432849 ], [ 73.1436249, 28.1432846 ], [ 73.1436302, 28.1429813 ] ], [ [ 73.1436808, 28.1432938 ], [ 73.1437039, 28.1432941 ], [ 73.1436987, 28.1435973 ], [ 73.1436755, 28.143597 ], [ 73.1436808, 28.1432938 ] ], [ [ 73.1436248, 28.143293 ], [ 73.1436479, 28.1432933 ], [ 73.1436427, 28.1435966 ], [ 73.1436196, 28.1435963 ], [ 73.1436248, 28.143293 ] ], [ [ 73.1435742, 28.1429806 ], [ 73.1435973, 28.1429809 ], [ 73.1435921, 28.1432841 ], [ 73.143569, 28.1432838 ], [ 73.1435742, 28.1429806 ] ], [ [ 73.1435182, 28.1429798 ], [ 73.1435413, 28.1429801 ], [ 73.1435361, 28.1432834 ], [ 73.143513, 28.1432831 ], [ 73.1435182, 28.1429798 ] ], [ [ 73.1435688, 28.1432922 ], [ 73.1435919, 28.1432926 ], [ 73.1435867, 28.1435958 ], [ 73.1435636, 28.1435955 ], [ 73.1435688, 28.1432922 ] ], [ [ 73.1435128, 28.1432915 ], [ 73.1435359, 28.1432918 ], [ 73.1435307, 28.1435951 ], [ 73.1435076, 28.1435947 ], [ 73.1435128, 28.1432915 ] ], [ [ 73.1434622, 28.142979 ], [ 73.1434853, 28.1429793 ], [ 73.1434801, 28.1432826 ], [ 73.143457, 28.1432823 ], [ 73.1434622, 28.142979 ] ], [ [ 73.1434062, 28.1429783 ], [ 73.1434294, 28.1429786 ], [ 73.1434241, 28.1432819 ], [ 73.143401, 28.1432815 ], [ 73.1434062, 28.1429783 ] ], [ [ 73.1434568, 28.1432907 ], [ 73.14348, 28.143291 ], [ 73.1434747, 28.1435943 ], [ 73.1434516, 28.143594 ], [ 73.1434568, 28.1432907 ] ], [ [ 73.1434009, 28.14329 ], [ 73.143424, 28.1432903 ], [ 73.1434188, 28.1435935 ], [ 73.1433956, 28.1435932 ], [ 73.1434009, 28.14329 ] ], [ [ 73.1433503, 28.1429775 ], [ 73.1433734, 28.1429778 ], [ 73.1433681, 28.1432811 ], [ 73.143345, 28.1432808 ], [ 73.1433503, 28.1429775 ] ], [ [ 73.1432943, 28.1429768 ], [ 73.1433174, 28.1429771 ], [ 73.1433122, 28.1432803 ], [ 73.143289, 28.14328 ], [ 73.1432943, 28.1429768 ] ], [ [ 73.1433449, 28.1432892 ], [ 73.143368, 28.1432895 ], [ 73.1433628, 28.1435928 ], [ 73.1433396, 28.1435925 ], [ 73.1433449, 28.1432892 ] ], [ [ 73.1432889, 28.1432884 ], [ 73.143312, 28.1432888 ], [ 73.1433068, 28.143592 ], [ 73.1432837, 28.1435917 ], [ 73.1432889, 28.1432884 ] ], [ [ 73.1432383, 28.142976 ], [ 73.1432614, 28.1429763 ], [ 73.1432562, 28.1432796 ], [ 73.1432331, 28.1432793 ], [ 73.1432383, 28.142976 ] ], [ [ 73.1431823, 28.1429752 ], [ 73.1432054, 28.1429756 ], [ 73.1432002, 28.1432788 ], [ 73.1431771, 28.1432785 ], [ 73.1431823, 28.1429752 ] ], [ [ 73.1432329, 28.1432877 ], [ 73.143256, 28.143288 ], [ 73.1432508, 28.1435913 ], [ 73.1432277, 28.143591 ], [ 73.1432329, 28.1432877 ] ], [ [ 73.1431769, 28.1432869 ], [ 73.1432001, 28.1432872 ], [ 73.1431948, 28.1435905 ], [ 73.1431717, 28.1435902 ], [ 73.1431769, 28.1432869 ] ], [ [ 73.1431263, 28.1429745 ], [ 73.1431494, 28.1429748 ], [ 73.1431442, 28.1432781 ], [ 73.1431211, 28.1432777 ], [ 73.1431263, 28.1429745 ] ], [ [ 73.1430703, 28.1429737 ], [ 73.1430935, 28.142974 ], [ 73.1430882, 28.1432773 ], [ 73.1430651, 28.143277 ], [ 73.1430703, 28.1429737 ] ], [ [ 73.1431209, 28.1432862 ], [ 73.1431441, 28.1432865 ], [ 73.1431388, 28.1435897 ], [ 73.1431157, 28.1435894 ], [ 73.1431209, 28.1432862 ] ], [ [ 73.143065, 28.1432854 ], [ 73.1430881, 28.1432857 ], [ 73.1430829, 28.143589 ], [ 73.1430597, 28.1435887 ], [ 73.143065, 28.1432854 ] ], [ [ 73.1430144, 28.142973 ], [ 73.1430375, 28.1429733 ], [ 73.1430322, 28.1432765 ], [ 73.1430091, 28.1432762 ], [ 73.1430144, 28.142973 ] ], [ [ 73.1429584, 28.1429722 ], [ 73.1429815, 28.1429725 ], [ 73.1429763, 28.1432758 ], [ 73.1429531, 28.1432755 ], [ 73.1429584, 28.1429722 ] ], [ [ 73.143009, 28.1432846 ], [ 73.1430321, 28.143285 ], [ 73.1430269, 28.1435882 ], [ 73.1430037, 28.1435879 ], [ 73.143009, 28.1432846 ] ], [ [ 73.142953, 28.1432839 ], [ 73.1429761, 28.1432842 ], [ 73.1429709, 28.1435875 ], [ 73.1429478, 28.1435872 ], [ 73.142953, 28.1432839 ] ], [ [ 73.1429024, 28.1429714 ], [ 73.1429255, 28.1429718 ], [ 73.1429203, 28.143275 ], [ 73.1428972, 28.1432747 ], [ 73.1429024, 28.1429714 ] ], [ [ 73.1428464, 28.1429707 ], [ 73.1428695, 28.142971 ], [ 73.1428643, 28.1432743 ], [ 73.1428412, 28.143274 ], [ 73.1428464, 28.1429707 ] ], [ [ 73.142897, 28.1432831 ], [ 73.1429201, 28.1432834 ], [ 73.1429149, 28.1435867 ], [ 73.1428918, 28.1435864 ], [ 73.142897, 28.1432831 ] ], [ [ 73.142841, 28.1432824 ], [ 73.1428642, 28.1432827 ], [ 73.1428589, 28.143586 ], [ 73.1428358, 28.1435856 ], [ 73.142841, 28.1432824 ] ], [ [ 73.1427904, 28.1429699 ], [ 73.1428135, 28.1429702 ], [ 73.1428083, 28.1432735 ], [ 73.1427852, 28.1432732 ], [ 73.1427904, 28.1429699 ] ], [ [ 73.1427344, 28.1429692 ], [ 73.1427576, 28.1429695 ], [ 73.1427523, 28.1432728 ], [ 73.1427292, 28.1432724 ], [ 73.1427344, 28.1429692 ] ], [ [ 73.142785, 28.1432816 ], [ 73.1428082, 28.1432819 ], [ 73.1428029, 28.1435852 ], [ 73.1427798, 28.1435849 ], [ 73.142785, 28.1432816 ] ], [ [ 73.1427291, 28.1432809 ], [ 73.1427522, 28.1432812 ], [ 73.142747, 28.1435844 ], [ 73.1427238, 28.1435841 ], [ 73.1427291, 28.1432809 ] ], [ [ 73.1426785, 28.1429684 ], [ 73.1427016, 28.1429687 ], [ 73.1426963, 28.143272 ], [ 73.1426732, 28.1432717 ], [ 73.1426785, 28.1429684 ] ], [ [ 73.1426225, 28.1429677 ], [ 73.1426456, 28.142968 ], [ 73.1426404, 28.1432712 ], [ 73.1426172, 28.1432709 ], [ 73.1426225, 28.1429677 ] ], [ [ 73.1426731, 28.1432801 ], [ 73.1426962, 28.1432804 ], [ 73.142691, 28.1435837 ], [ 73.1426678, 28.1435834 ], [ 73.1426731, 28.1432801 ] ], [ [ 73.1426171, 28.1432793 ], [ 73.1426402, 28.1432796 ], [ 73.142635, 28.1435829 ], [ 73.1426119, 28.1435826 ], [ 73.1426171, 28.1432793 ] ], [ [ 73.1425665, 28.1429669 ], [ 73.1425896, 28.1429672 ], [ 73.1425844, 28.1432705 ], [ 73.1425613, 28.1432702 ], [ 73.1425665, 28.1429669 ] ], [ [ 73.1425105, 28.1429661 ], [ 73.1425336, 28.1429664 ], [ 73.1425284, 28.1432697 ], [ 73.1425053, 28.1432694 ], [ 73.1425105, 28.1429661 ] ], [ [ 73.1425611, 28.1432786 ], [ 73.1425842, 28.1432789 ], [ 73.142579, 28.1435822 ], [ 73.1425559, 28.1435818 ], [ 73.1425611, 28.1432786 ] ], [ [ 73.1425051, 28.1432778 ], [ 73.1425283, 28.1432781 ], [ 73.142523, 28.1435814 ], [ 73.1424999, 28.1435811 ], [ 73.1425051, 28.1432778 ] ], [ [ 73.1424545, 28.1429654 ], [ 73.1424776, 28.1429657 ], [ 73.1424724, 28.143269 ], [ 73.1424493, 28.1432686 ], [ 73.1424545, 28.1429654 ] ], [ [ 73.1423985, 28.1429646 ], [ 73.1424217, 28.1429649 ], [ 73.1424164, 28.1432682 ], [ 73.1423933, 28.1432679 ], [ 73.1423985, 28.1429646 ] ], [ [ 73.1424491, 28.1432771 ], [ 73.1424723, 28.1432774 ], [ 73.142467, 28.1435806 ], [ 73.1424439, 28.1435803 ], [ 73.1424491, 28.1432771 ] ], [ [ 73.1423932, 28.1432763 ], [ 73.1424163, 28.1432766 ], [ 73.1424111, 28.1435799 ], [ 73.1423879, 28.1435796 ], [ 73.1423932, 28.1432763 ] ], [ [ 73.1423426, 28.1429639 ], [ 73.1423657, 28.1429642 ], [ 73.1423604, 28.1432674 ], [ 73.1423373, 28.1432671 ], [ 73.1423426, 28.1429639 ] ], [ [ 73.1422866, 28.1429631 ], [ 73.1423097, 28.1429634 ], [ 73.1423045, 28.1432667 ], [ 73.1422813, 28.1432664 ], [ 73.1422866, 28.1429631 ] ], [ [ 73.1423372, 28.1432755 ], [ 73.1423603, 28.1432759 ], [ 73.1423551, 28.1435791 ], [ 73.1423319, 28.1435788 ], [ 73.1423372, 28.1432755 ] ], [ [ 73.1422812, 28.1432748 ], [ 73.1423043, 28.1432751 ], [ 73.1422991, 28.1435784 ], [ 73.142276, 28.143578 ], [ 73.1422812, 28.1432748 ] ], [ [ 73.1422306, 28.1429623 ], [ 73.1422537, 28.1429627 ], [ 73.1422485, 28.1432659 ], [ 73.1422254, 28.1432656 ], [ 73.1422306, 28.1429623 ] ], [ [ 73.1421746, 28.1429616 ], [ 73.1421977, 28.1429619 ], [ 73.1421925, 28.1432652 ], [ 73.1421694, 28.1432648 ], [ 73.1421746, 28.1429616 ] ], [ [ 73.1422252, 28.143274 ], [ 73.1422483, 28.1432743 ], [ 73.1422431, 28.1435776 ], [ 73.14222, 28.1435773 ], [ 73.1422252, 28.143274 ] ], [ [ 73.1421692, 28.1432733 ], [ 73.1421924, 28.1432736 ], [ 73.1421871, 28.1435768 ], [ 73.142164, 28.1435765 ], [ 73.1421692, 28.1432733 ] ], [ [ 73.1421186, 28.1429608 ], [ 73.1421418, 28.1429611 ], [ 73.1421365, 28.1432644 ], [ 73.1421134, 28.1432641 ], [ 73.1421186, 28.1429608 ] ], [ [ 73.1420626, 28.1429601 ], [ 73.1420858, 28.1429604 ], [ 73.1420805, 28.1432636 ], [ 73.1420574, 28.1432633 ], [ 73.1420626, 28.1429601 ] ], [ [ 73.1421132, 28.1432725 ], [ 73.1421364, 28.1432728 ], [ 73.1421311, 28.1435761 ], [ 73.142108, 28.1435758 ], [ 73.1421132, 28.1432725 ] ], [ [ 73.1420573, 28.1432717 ], [ 73.1420804, 28.1432721 ], [ 73.1420752, 28.1435753 ], [ 73.142052, 28.143575 ], [ 73.1420573, 28.1432717 ] ], [ [ 73.1420067, 28.1429593 ], [ 73.1420298, 28.1429596 ], [ 73.1420246, 28.1432629 ], [ 73.1420014, 28.1432626 ], [ 73.1420067, 28.1429593 ] ], [ [ 73.1419507, 28.1429585 ], [ 73.1419738, 28.1429589 ], [ 73.1419686, 28.1432621 ], [ 73.1419454, 28.1432618 ], [ 73.1419507, 28.1429585 ] ], [ [ 73.1420013, 28.143271 ], [ 73.1420244, 28.1432713 ], [ 73.1420192, 28.1435746 ], [ 73.141996, 28.1435743 ], [ 73.1420013, 28.143271 ] ], [ [ 73.1419453, 28.1432702 ], [ 73.1419684, 28.1432705 ], [ 73.1419632, 28.1435738 ], [ 73.1419401, 28.1435735 ], [ 73.1419453, 28.1432702 ] ], [ [ 73.1444379, 28.1448511 ], [ 73.144461, 28.1448514 ], [ 73.1444558, 28.1451547 ], [ 73.1444326, 28.1451544 ], [ 73.1444379, 28.1448511 ] ], [ [ 73.1443819, 28.1448503 ], [ 73.144405, 28.1448506 ], [ 73.1443998, 28.1451539 ], [ 73.1443767, 28.1451536 ], [ 73.1443819, 28.1448503 ] ], [ [ 73.1444325, 28.1451628 ], [ 73.1444556, 28.1451631 ], [ 73.1444504, 28.1454664 ], [ 73.1444273, 28.145466 ], [ 73.1444325, 28.1451628 ] ], [ [ 73.1443765, 28.145162 ], [ 73.1443996, 28.1451623 ], [ 73.1443944, 28.1454656 ], [ 73.1443713, 28.1454653 ], [ 73.1443765, 28.145162 ] ], [ [ 73.1444486, 28.1442316 ], [ 73.1444717, 28.1442319 ], [ 73.1444664, 28.1445352 ], [ 73.1444433, 28.1445349 ], [ 73.1444486, 28.1442316 ] ], [ [ 73.1443926, 28.1442309 ], [ 73.1444157, 28.1442312 ], [ 73.1444105, 28.1445344 ], [ 73.1443873, 28.1445341 ], [ 73.1443926, 28.1442309 ] ], [ [ 73.1444432, 28.1445433 ], [ 73.1444663, 28.1445436 ], [ 73.1444611, 28.1448469 ], [ 73.1444379, 28.1448466 ], [ 73.1444432, 28.1445433 ] ], [ [ 73.1443872, 28.1445425 ], [ 73.1444103, 28.1445429 ], [ 73.1444051, 28.1448461 ], [ 73.144382, 28.1448458 ], [ 73.1443872, 28.1445425 ] ], [ [ 73.1443152, 28.145469 ], [ 73.1443383, 28.1454693 ], [ 73.1443331, 28.1457726 ], [ 73.14431, 28.1457723 ], [ 73.1443152, 28.145469 ] ], [ [ 73.1442592, 28.1454683 ], [ 73.1442824, 28.1454686 ], [ 73.1442771, 28.1457719 ], [ 73.144254, 28.1457715 ], [ 73.1442592, 28.1454683 ] ], [ [ 73.1443098, 28.1457807 ], [ 73.144333, 28.145781 ], [ 73.1443277, 28.1460843 ], [ 73.1443046, 28.146084 ], [ 73.1443098, 28.1457807 ] ], [ [ 73.1442539, 28.14578 ], [ 73.144277, 28.1457803 ], [ 73.1442718, 28.1460835 ], [ 73.1442486, 28.1460832 ], [ 73.1442539, 28.14578 ] ], [ [ 73.1443259, 28.1448496 ], [ 73.144349, 28.1448499 ], [ 73.1443438, 28.1451531 ], [ 73.1443207, 28.1451528 ], [ 73.1443259, 28.1448496 ] ], [ [ 73.1442699, 28.1448488 ], [ 73.144293, 28.1448491 ], [ 73.1442878, 28.1451524 ], [ 73.1442647, 28.1451521 ], [ 73.1442699, 28.1448488 ] ], [ [ 73.1443205, 28.1451613 ], [ 73.1443437, 28.1451616 ], [ 73.1443384, 28.1454648 ], [ 73.1443153, 28.1454645 ], [ 73.1443205, 28.1451613 ] ], [ [ 73.1442645, 28.1451605 ], [ 73.1442877, 28.1451608 ], [ 73.1442824, 28.1454641 ], [ 73.1442593, 28.1454638 ], [ 73.1442645, 28.1451605 ] ], [ [ 73.1443366, 28.1442301 ], [ 73.1443597, 28.1442304 ], [ 73.1443545, 28.1445337 ], [ 73.1443314, 28.1445334 ], [ 73.1443366, 28.1442301 ] ], [ [ 73.1442806, 28.1442293 ], [ 73.1443037, 28.1442297 ], [ 73.1442985, 28.1445329 ], [ 73.1442754, 28.1445326 ], [ 73.1442806, 28.1442293 ] ], [ [ 73.1443312, 28.1445418 ], [ 73.1443543, 28.1445421 ], [ 73.1443491, 28.1448454 ], [ 73.144326, 28.1448451 ], [ 73.1443312, 28.1445418 ] ], [ [ 73.1442752, 28.144541 ], [ 73.1442984, 28.1445413 ], [ 73.1442931, 28.1448446 ], [ 73.14427, 28.1448443 ], [ 73.1442752, 28.144541 ] ], [ [ 73.1442033, 28.1454675 ], [ 73.1442264, 28.1454678 ], [ 73.1442212, 28.1457711 ], [ 73.144198, 28.1457708 ], [ 73.1442033, 28.1454675 ] ], [ [ 73.1441473, 28.1454668 ], [ 73.1441704, 28.1454671 ], [ 73.1441652, 28.1457703 ], [ 73.144142, 28.14577 ], [ 73.1441473, 28.1454668 ] ], [ [ 73.1441979, 28.1457792 ], [ 73.144221, 28.1457795 ], [ 73.1442158, 28.1460828 ], [ 73.1441926, 28.1460825 ], [ 73.1441979, 28.1457792 ] ], [ [ 73.1441419, 28.1457784 ], [ 73.144165, 28.1457788 ], [ 73.1441598, 28.146082 ], [ 73.1441367, 28.1460817 ], [ 73.1441419, 28.1457784 ] ], [ [ 73.1442139, 28.144848 ], [ 73.1442371, 28.1448484 ], [ 73.1442318, 28.1451516 ], [ 73.1442087, 28.1451513 ], [ 73.1442139, 28.144848 ] ], [ [ 73.144158, 28.1448473 ], [ 73.1441811, 28.1448476 ], [ 73.1441758, 28.1451509 ], [ 73.1441527, 28.1451506 ], [ 73.144158, 28.1448473 ] ], [ [ 73.1442086, 28.1451597 ], [ 73.1442317, 28.14516 ], [ 73.1442265, 28.1454633 ], [ 73.1442033, 28.145463 ], [ 73.1442086, 28.1451597 ] ], [ [ 73.1441526, 28.145159 ], [ 73.1441757, 28.1451593 ], [ 73.1441705, 28.1454626 ], [ 73.1441473, 28.1454622 ], [ 73.1441526, 28.145159 ] ], [ [ 73.1442246, 28.1442286 ], [ 73.1442477, 28.1442289 ], [ 73.1442425, 28.1445322 ], [ 73.1442194, 28.1445319 ], [ 73.1442246, 28.1442286 ] ], [ [ 73.1441686, 28.1442278 ], [ 73.1441918, 28.1442281 ], [ 73.1441865, 28.1445314 ], [ 73.1441634, 28.1445311 ], [ 73.1441686, 28.1442278 ] ], [ [ 73.1442192, 28.1445403 ], [ 73.1442424, 28.1445406 ], [ 73.1442371, 28.1448439 ], [ 73.144214, 28.1448435 ], [ 73.1442192, 28.1445403 ] ], [ [ 73.1441633, 28.1445395 ], [ 73.1441864, 28.1445398 ], [ 73.1441812, 28.1448431 ], [ 73.144158, 28.1448428 ], [ 73.1441633, 28.1445395 ] ], [ [ 73.1439793, 28.1454645 ], [ 73.1440024, 28.1454648 ], [ 73.1439972, 28.1457681 ], [ 73.1439741, 28.1457677 ], [ 73.1439793, 28.1454645 ] ], [ [ 73.1439233, 28.1454637 ], [ 73.1439465, 28.145464 ], [ 73.1439412, 28.1457673 ], [ 73.1439181, 28.145767 ], [ 73.1439233, 28.1454637 ] ], [ [ 73.1439739, 28.1457762 ], [ 73.1439971, 28.1457765 ], [ 73.1439918, 28.1460797 ], [ 73.1439687, 28.1460794 ], [ 73.1439739, 28.1457762 ] ], [ [ 73.143918, 28.1457754 ], [ 73.1439411, 28.1457757 ], [ 73.1439359, 28.146079 ], [ 73.1439127, 28.1460787 ], [ 73.143918, 28.1457754 ] ], [ [ 73.14399, 28.144845 ], [ 73.1440131, 28.1448453 ], [ 73.1440079, 28.1451486 ], [ 73.1439848, 28.1451483 ], [ 73.14399, 28.144845 ] ], [ [ 73.143934, 28.1448443 ], [ 73.1439571, 28.1448446 ], [ 73.1439519, 28.1451478 ], [ 73.1439288, 28.1451475 ], [ 73.143934, 28.1448443 ] ], [ [ 73.1439846, 28.1451567 ], [ 73.1440078, 28.145157 ], [ 73.1440025, 28.1454603 ], [ 73.1439794, 28.14546 ], [ 73.1439846, 28.1451567 ] ], [ [ 73.1439286, 28.1451559 ], [ 73.1439518, 28.1451563 ], [ 73.1439465, 28.1454595 ], [ 73.1439234, 28.1454592 ], [ 73.1439286, 28.1451559 ] ], [ [ 73.1438673, 28.145463 ], [ 73.1438905, 28.1454633 ], [ 73.1438852, 28.1457665 ], [ 73.1438621, 28.1457662 ], [ 73.1438673, 28.145463 ] ], [ [ 73.1438114, 28.1454622 ], [ 73.1438345, 28.1454625 ], [ 73.1438293, 28.1457658 ], [ 73.1438061, 28.1457655 ], [ 73.1438114, 28.1454622 ] ], [ [ 73.143862, 28.1457747 ], [ 73.1438851, 28.145775 ], [ 73.1438799, 28.1460782 ], [ 73.1438567, 28.1460779 ], [ 73.143862, 28.1457747 ] ], [ [ 73.143806, 28.1457739 ], [ 73.1438291, 28.1457742 ], [ 73.1438239, 28.1460775 ], [ 73.1438008, 28.1460772 ], [ 73.143806, 28.1457739 ] ], [ [ 73.143878, 28.1448435 ], [ 73.1439012, 28.1448438 ], [ 73.1438959, 28.1451471 ], [ 73.1438728, 28.1451468 ], [ 73.143878, 28.1448435 ] ], [ [ 73.143822, 28.1448427 ], [ 73.1438452, 28.1448431 ], [ 73.1438399, 28.1451463 ], [ 73.1438168, 28.145146 ], [ 73.143822, 28.1448427 ] ], [ [ 73.1438727, 28.1451552 ], [ 73.1438958, 28.1451555 ], [ 73.1438906, 28.1454588 ], [ 73.1438674, 28.1454585 ], [ 73.1438727, 28.1451552 ] ], [ [ 73.1438167, 28.1451544 ], [ 73.1438398, 28.1451547 ], [ 73.1438346, 28.145458 ], [ 73.1438114, 28.1454577 ], [ 73.1438167, 28.1451544 ] ], [ [ 73.1438887, 28.144224 ], [ 73.1439118, 28.1442243 ], [ 73.1439066, 28.1445276 ], [ 73.1438835, 28.1445273 ], [ 73.1438887, 28.144224 ] ], [ [ 73.1438327, 28.1442233 ], [ 73.1438559, 28.1442236 ], [ 73.1438506, 28.1445269 ], [ 73.1438275, 28.1445265 ], [ 73.1438327, 28.1442233 ] ], [ [ 73.1438833, 28.1445357 ], [ 73.1439065, 28.144536 ], [ 73.1439012, 28.1448393 ], [ 73.1438781, 28.144839 ], [ 73.1438833, 28.1445357 ] ], [ [ 73.1438274, 28.144535 ], [ 73.1438505, 28.1445353 ], [ 73.1438453, 28.1448385 ], [ 73.1438221, 28.1448382 ], [ 73.1438274, 28.144535 ] ], [ [ 73.1437447, 28.1460809 ], [ 73.1437678, 28.1460812 ], [ 73.1437626, 28.1463845 ], [ 73.1437395, 28.1463842 ], [ 73.1437447, 28.1460809 ] ], [ [ 73.1436887, 28.1460802 ], [ 73.1437118, 28.1460805 ], [ 73.1437066, 28.1463837 ], [ 73.1436835, 28.1463834 ], [ 73.1436887, 28.1460802 ] ], [ [ 73.1437393, 28.1463926 ], [ 73.1437624, 28.1463929 ], [ 73.1437572, 28.1466962 ], [ 73.1437341, 28.1466959 ], [ 73.1437393, 28.1463926 ] ], [ [ 73.1436833, 28.1463918 ], [ 73.1437065, 28.1463922 ], [ 73.1437012, 28.1466954 ], [ 73.1436781, 28.1466951 ], [ 73.1436833, 28.1463918 ] ], [ [ 73.1437554, 28.1454614 ], [ 73.1437785, 28.1454618 ], [ 73.1437733, 28.145765 ], [ 73.1437501, 28.1457647 ], [ 73.1437554, 28.1454614 ] ], [ [ 73.1436994, 28.1454607 ], [ 73.1437225, 28.145461 ], [ 73.1437173, 28.1457643 ], [ 73.1436942, 28.145764 ], [ 73.1436994, 28.1454607 ] ], [ [ 73.14375, 28.1457731 ], [ 73.1437731, 28.1457734 ], [ 73.1437679, 28.1460767 ], [ 73.1437448, 28.1460764 ], [ 73.14375, 28.1457731 ] ], [ [ 73.143694, 28.1457724 ], [ 73.1437171, 28.1457727 ], [ 73.1437119, 28.146076 ], [ 73.1436888, 28.1460756 ], [ 73.143694, 28.1457724 ] ], [ [ 73.1437661, 28.144842 ], [ 73.1437892, 28.1448423 ], [ 73.143784, 28.1451456 ], [ 73.1437608, 28.1451453 ], [ 73.1437661, 28.144842 ] ], [ [ 73.1437101, 28.1448412 ], [ 73.1437332, 28.1448415 ], [ 73.143728, 28.1451448 ], [ 73.1437048, 28.1451445 ], [ 73.1437101, 28.1448412 ] ], [ [ 73.1437607, 28.1451537 ], [ 73.1437838, 28.145154 ], [ 73.1437786, 28.1454572 ], [ 73.1437555, 28.1454569 ], [ 73.1437607, 28.1451537 ] ], [ [ 73.1437047, 28.1451529 ], [ 73.1437278, 28.1451532 ], [ 73.1437226, 28.1454565 ], [ 73.1436995, 28.1454562 ], [ 73.1437047, 28.1451529 ] ], [ [ 73.1437767, 28.1442225 ], [ 73.1437999, 28.1442228 ], [ 73.1437946, 28.1445261 ], [ 73.1437715, 28.1445258 ], [ 73.1437767, 28.1442225 ] ], [ [ 73.1437208, 28.1442218 ], [ 73.1437439, 28.1442221 ], [ 73.1437387, 28.1445253 ], [ 73.1437155, 28.144525 ], [ 73.1437208, 28.1442218 ] ], [ [ 73.1437714, 28.1445342 ], [ 73.1437945, 28.1445345 ], [ 73.1437893, 28.1448378 ], [ 73.1437661, 28.1448375 ], [ 73.1437714, 28.1445342 ] ], [ [ 73.1437154, 28.1445334 ], [ 73.1437385, 28.1445338 ], [ 73.1437333, 28.144837 ], [ 73.1437102, 28.1448367 ], [ 73.1437154, 28.1445334 ] ], [ [ 73.1436327, 28.1460794 ], [ 73.1436559, 28.1460797 ], [ 73.1436506, 28.146383 ], [ 73.1436275, 28.1463827 ], [ 73.1436327, 28.1460794 ] ], [ [ 73.1435767, 28.1460786 ], [ 73.1435999, 28.146079 ], [ 73.1435946, 28.1463822 ], [ 73.1435715, 28.1463819 ], [ 73.1435767, 28.1460786 ] ], [ [ 73.1436273, 28.1463911 ], [ 73.1436505, 28.1463914 ], [ 73.1436452, 28.1466947 ], [ 73.1436221, 28.1466943 ], [ 73.1436273, 28.1463911 ] ], [ [ 73.1435714, 28.1463903 ], [ 73.1435945, 28.1463906 ], [ 73.1435893, 28.1466939 ], [ 73.1435661, 28.1466936 ], [ 73.1435714, 28.1463903 ] ], [ [ 73.1436434, 28.1454599 ], [ 73.1436665, 28.1454602 ], [ 73.1436613, 28.1457635 ], [ 73.1436382, 28.1457632 ], [ 73.1436434, 28.1454599 ] ], [ [ 73.1435874, 28.1454592 ], [ 73.1436106, 28.1454595 ], [ 73.1436053, 28.1457628 ], [ 73.1435822, 28.1457624 ], [ 73.1435874, 28.1454592 ] ], [ [ 73.143638, 28.1457716 ], [ 73.1436612, 28.1457719 ], [ 73.1436559, 28.1460752 ], [ 73.1436328, 28.1460749 ], [ 73.143638, 28.1457716 ] ], [ [ 73.1435821, 28.1457709 ], [ 73.1436052, 28.1457712 ], [ 73.1435999, 28.1460744 ], [ 73.1435768, 28.1460741 ], [ 73.1435821, 28.1457709 ] ], [ [ 73.1436541, 28.1448405 ], [ 73.1436772, 28.1448408 ], [ 73.143672, 28.145144 ], [ 73.1436489, 28.1451437 ], [ 73.1436541, 28.1448405 ] ], [ [ 73.1435981, 28.1448397 ], [ 73.1436212, 28.14484 ], [ 73.143616, 28.1451433 ], [ 73.1435929, 28.145143 ], [ 73.1435981, 28.1448397 ] ], [ [ 73.1436487, 28.1451522 ], [ 73.1436718, 28.1451525 ], [ 73.1436666, 28.1454557 ], [ 73.1436435, 28.1454554 ], [ 73.1436487, 28.1451522 ] ], [ [ 73.1435927, 28.1451514 ], [ 73.1436159, 28.1451517 ], [ 73.1436106, 28.145455 ], [ 73.1435875, 28.1454547 ], [ 73.1435927, 28.1451514 ] ], [ [ 73.1436648, 28.144221 ], [ 73.1436879, 28.1442213 ], [ 73.1436827, 28.1445246 ], [ 73.1436595, 28.1445243 ], [ 73.1436648, 28.144221 ] ], [ [ 73.1436088, 28.1442202 ], [ 73.1436319, 28.1442206 ], [ 73.1436267, 28.1445238 ], [ 73.1436036, 28.1445235 ], [ 73.1436088, 28.1442202 ] ], [ [ 73.1436594, 28.1445327 ], [ 73.1436825, 28.144533 ], [ 73.1436773, 28.1448363 ], [ 73.1436542, 28.144836 ], [ 73.1436594, 28.1445327 ] ], [ [ 73.1436034, 28.1445319 ], [ 73.1436265, 28.1445322 ], [ 73.1436213, 28.1448355 ], [ 73.1435982, 28.1448352 ], [ 73.1436034, 28.1445319 ] ], [ [ 73.1435208, 28.1460779 ], [ 73.1435439, 28.1460782 ], [ 73.1435387, 28.1463815 ], [ 73.1435155, 28.1463811 ], [ 73.1435208, 28.1460779 ] ], [ [ 73.1434648, 28.1460771 ], [ 73.1434879, 28.1460774 ], [ 73.1434827, 28.1463807 ], [ 73.1434595, 28.1463804 ], [ 73.1434648, 28.1460771 ] ], [ [ 73.1435154, 28.1463896 ], [ 73.1435385, 28.1463899 ], [ 73.1435333, 28.1466931 ], [ 73.1435101, 28.1466928 ], [ 73.1435154, 28.1463896 ] ], [ [ 73.1434594, 28.1463888 ], [ 73.1434825, 28.1463891 ], [ 73.1434773, 28.1466924 ], [ 73.1434542, 28.1466921 ], [ 73.1434594, 28.1463888 ] ], [ [ 73.1435314, 28.1454584 ], [ 73.1435546, 28.1454587 ], [ 73.1435493, 28.145762 ], [ 73.1435262, 28.1457617 ], [ 73.1435314, 28.1454584 ] ], [ [ 73.1434755, 28.1454577 ], [ 73.1434986, 28.145458 ], [ 73.1434934, 28.1457612 ], [ 73.1434702, 28.1457609 ], [ 73.1434755, 28.1454577 ] ], [ [ 73.1435261, 28.1457701 ], [ 73.1435492, 28.1457704 ], [ 73.143544, 28.1460737 ], [ 73.1435208, 28.1460734 ], [ 73.1435261, 28.1457701 ] ], [ [ 73.1434701, 28.1457693 ], [ 73.1434932, 28.1457697 ], [ 73.143488, 28.1460729 ], [ 73.1434649, 28.1460726 ], [ 73.1434701, 28.1457693 ] ], [ [ 73.1435421, 28.1448389 ], [ 73.1435653, 28.1448393 ], [ 73.14356, 28.1451425 ], [ 73.1435369, 28.1451422 ], [ 73.1435421, 28.1448389 ] ], [ [ 73.1434861, 28.1448382 ], [ 73.1435093, 28.1448385 ], [ 73.143504, 28.1451418 ], [ 73.1434809, 28.1451415 ], [ 73.1434861, 28.1448382 ] ], [ [ 73.1435368, 28.1451506 ], [ 73.1435599, 28.1451509 ], [ 73.1435546, 28.1454542 ], [ 73.1435315, 28.1454539 ], [ 73.1435368, 28.1451506 ] ], [ [ 73.1434808, 28.1451499 ], [ 73.1435039, 28.1451502 ], [ 73.1434987, 28.1454535 ], [ 73.1434755, 28.1454531 ], [ 73.1434808, 28.1451499 ] ], [ [ 73.1435528, 28.1442195 ], [ 73.1435759, 28.1442198 ], [ 73.1435707, 28.1445231 ], [ 73.1435476, 28.1445227 ], [ 73.1435528, 28.1442195 ] ], [ [ 73.1434968, 28.1442187 ], [ 73.14352, 28.144219 ], [ 73.1435147, 28.1445223 ], [ 73.1434916, 28.144522 ], [ 73.1434968, 28.1442187 ] ], [ [ 73.1435474, 28.1445312 ], [ 73.1435706, 28.1445315 ], [ 73.1435653, 28.1448347 ], [ 73.1435422, 28.1448344 ], [ 73.1435474, 28.1445312 ] ], [ [ 73.1434915, 28.1445304 ], [ 73.1435146, 28.1445307 ], [ 73.1435093, 28.144834 ], [ 73.1434862, 28.1448337 ], [ 73.1434915, 28.1445304 ] ], [ [ 73.1435635, 28.1436 ], [ 73.1435866, 28.1436003 ], [ 73.1435814, 28.1439036 ], [ 73.1435583, 28.1439033 ], [ 73.1435635, 28.1436 ] ], [ [ 73.1435075, 28.1435993 ], [ 73.1435306, 28.1435996 ], [ 73.1435254, 28.1439028 ], [ 73.1435023, 28.1439025 ], [ 73.1435075, 28.1435993 ] ], [ [ 73.1435581, 28.1439117 ], [ 73.1435812, 28.143912 ], [ 73.143576, 28.1442153 ], [ 73.1435529, 28.144215 ], [ 73.1435581, 28.1439117 ] ], [ [ 73.1435021, 28.1439109 ], [ 73.1435253, 28.1439113 ], [ 73.14352, 28.1442145 ], [ 73.1434969, 28.1442142 ], [ 73.1435021, 28.1439109 ] ], [ [ 73.1434088, 28.1460764 ], [ 73.1434319, 28.1460767 ], [ 73.1434267, 28.1463799 ], [ 73.1434036, 28.1463796 ], [ 73.1434088, 28.1460764 ] ], [ [ 73.1433528, 28.1460756 ], [ 73.1433759, 28.1460759 ], [ 73.1433707, 28.1463792 ], [ 73.1433476, 28.1463789 ], [ 73.1433528, 28.1460756 ] ], [ [ 73.1434034, 28.146388 ], [ 73.1434265, 28.1463884 ], [ 73.1434213, 28.1466916 ], [ 73.1433982, 28.1466913 ], [ 73.1434034, 28.146388 ] ], [ [ 73.1433474, 28.1463873 ], [ 73.1433706, 28.1463876 ], [ 73.1433653, 28.1466909 ], [ 73.1433422, 28.1466906 ], [ 73.1433474, 28.1463873 ] ], [ [ 73.1434195, 28.1454569 ], [ 73.1434426, 28.1454572 ], [ 73.1434374, 28.1457605 ], [ 73.1434142, 28.1457602 ], [ 73.1434195, 28.1454569 ] ], [ [ 73.1433635, 28.1454561 ], [ 73.1433866, 28.1454564 ], [ 73.1433814, 28.1457597 ], [ 73.1433583, 28.1457594 ], [ 73.1433635, 28.1454561 ] ], [ [ 73.1434141, 28.1457686 ], [ 73.1434372, 28.1457689 ], [ 73.143432, 28.1460722 ], [ 73.1434089, 28.1460718 ], [ 73.1434141, 28.1457686 ] ], [ [ 73.1433581, 28.1457678 ], [ 73.1433812, 28.1457681 ], [ 73.143376, 28.1460714 ], [ 73.1433529, 28.1460711 ], [ 73.1433581, 28.1457678 ] ], [ [ 73.1434302, 28.1448374 ], [ 73.1434533, 28.1448377 ], [ 73.1434481, 28.145141 ], [ 73.1434249, 28.1451407 ], [ 73.1434302, 28.1448374 ] ], [ [ 73.1433742, 28.1448367 ], [ 73.1433973, 28.144837 ], [ 73.1433921, 28.1451403 ], [ 73.1433689, 28.1451399 ], [ 73.1433742, 28.1448367 ] ], [ [ 73.1434248, 28.1451491 ], [ 73.1434479, 28.1451494 ], [ 73.1434427, 28.1454527 ], [ 73.1434196, 28.1454524 ], [ 73.1434248, 28.1451491 ] ], [ [ 73.1433688, 28.1451484 ], [ 73.1433919, 28.1451487 ], [ 73.1433867, 28.1454519 ], [ 73.1433636, 28.1454516 ], [ 73.1433688, 28.1451484 ] ], [ [ 73.1434408, 28.144218 ], [ 73.143464, 28.1442183 ], [ 73.1434587, 28.1445215 ], [ 73.1434356, 28.1445212 ], [ 73.1434408, 28.144218 ] ], [ [ 73.1433849, 28.1442172 ], [ 73.143408, 28.1442175 ], [ 73.1434028, 28.1445208 ], [ 73.1433796, 28.1445205 ], [ 73.1433849, 28.1442172 ] ], [ [ 73.1434355, 28.1445297 ], [ 73.1434586, 28.14453 ], [ 73.1434534, 28.1448332 ], [ 73.1434302, 28.1448329 ], [ 73.1434355, 28.1445297 ] ], [ [ 73.1433795, 28.1445289 ], [ 73.1434026, 28.1445292 ], [ 73.1433974, 28.1448325 ], [ 73.1433743, 28.1448322 ], [ 73.1433795, 28.1445289 ] ], [ [ 73.1434515, 28.1435985 ], [ 73.1434747, 28.1435988 ], [ 73.1434694, 28.1439021 ], [ 73.1434463, 28.1439018 ], [ 73.1434515, 28.1435985 ] ], [ [ 73.1433955, 28.1435977 ], [ 73.1434187, 28.1435981 ], [ 73.1434134, 28.1439013 ], [ 73.1433903, 28.143901 ], [ 73.1433955, 28.1435977 ] ], [ [ 73.1434462, 28.1439102 ], [ 73.1434693, 28.1439105 ], [ 73.143464, 28.1442138 ], [ 73.1434409, 28.1442135 ], [ 73.1434462, 28.1439102 ] ], [ [ 73.1433902, 28.1439094 ], [ 73.1434133, 28.1439097 ], [ 73.1434081, 28.144213 ], [ 73.1433849, 28.1442127 ], [ 73.1433902, 28.1439094 ] ], [ [ 73.1432968, 28.1460748 ], [ 73.1433199, 28.1460752 ], [ 73.1433147, 28.1463784 ], [ 73.1432916, 28.1463781 ], [ 73.1432968, 28.1460748 ] ], [ [ 73.1432408, 28.1460741 ], [ 73.143264, 28.1460744 ], [ 73.1432587, 28.1463777 ], [ 73.1432356, 28.1463774 ], [ 73.1432408, 28.1460741 ] ], [ [ 73.1432914, 28.1463865 ], [ 73.1433146, 28.1463868 ], [ 73.1433093, 28.1466901 ], [ 73.1432862, 28.1466898 ], [ 73.1432914, 28.1463865 ] ], [ [ 73.1432355, 28.1463858 ], [ 73.1432586, 28.1463861 ], [ 73.1432534, 28.1466894 ], [ 73.1432302, 28.146689 ], [ 73.1432355, 28.1463858 ] ], [ [ 73.1433075, 28.1454554 ], [ 73.1433306, 28.1454557 ], [ 73.1433254, 28.145759 ], [ 73.1433023, 28.1457586 ], [ 73.1433075, 28.1454554 ] ], [ [ 73.1432515, 28.1454546 ], [ 73.1432746, 28.1454549 ], [ 73.1432694, 28.1457582 ], [ 73.1432463, 28.1457579 ], [ 73.1432515, 28.1454546 ] ], [ [ 73.1433021, 28.1457671 ], [ 73.1433253, 28.1457674 ], [ 73.14332, 28.1460706 ], [ 73.1432969, 28.1460703 ], [ 73.1433021, 28.1457671 ] ], [ [ 73.1432461, 28.1457663 ], [ 73.1432693, 28.1457666 ], [ 73.143264, 28.1460699 ], [ 73.1432409, 28.1460696 ], [ 73.1432461, 28.1457663 ] ], [ [ 73.1433182, 28.1448359 ], [ 73.1433413, 28.1448362 ], [ 73.1433361, 28.1451395 ], [ 73.143313, 28.1451392 ], [ 73.1433182, 28.1448359 ] ], [ [ 73.1432622, 28.1448352 ], [ 73.1432853, 28.1448355 ], [ 73.1432801, 28.1451387 ], [ 73.143257, 28.1451384 ], [ 73.1432622, 28.1448352 ] ], [ [ 73.1433128, 28.1451476 ], [ 73.1433359, 28.1451479 ], [ 73.1433307, 28.1454512 ], [ 73.1433076, 28.1454509 ], [ 73.1433128, 28.1451476 ] ], [ [ 73.1432568, 28.1451468 ], [ 73.14328, 28.1451472 ], [ 73.1432747, 28.1454504 ], [ 73.1432516, 28.1454501 ], [ 73.1432568, 28.1451468 ] ], [ [ 73.1433289, 28.1442164 ], [ 73.143352, 28.1442168 ], [ 73.1433468, 28.14452 ], [ 73.1433236, 28.1445197 ], [ 73.1433289, 28.1442164 ] ], [ [ 73.1432729, 28.1442157 ], [ 73.143296, 28.144216 ], [ 73.1432908, 28.1445193 ], [ 73.1432677, 28.144519 ], [ 73.1432729, 28.1442157 ] ], [ [ 73.1433235, 28.1445281 ], [ 73.1433466, 28.1445284 ], [ 73.1433414, 28.1448317 ], [ 73.1433183, 28.1448314 ], [ 73.1433235, 28.1445281 ] ], [ [ 73.1432675, 28.1445274 ], [ 73.1432906, 28.1445277 ], [ 73.1432854, 28.144831 ], [ 73.1432623, 28.1448306 ], [ 73.1432675, 28.1445274 ] ], [ [ 73.1433396, 28.143597 ], [ 73.1433627, 28.1435973 ], [ 73.1433575, 28.1439006 ], [ 73.1433343, 28.1439002 ], [ 73.1433396, 28.143597 ] ], [ [ 73.1432836, 28.1435962 ], [ 73.1433067, 28.1435965 ], [ 73.1433015, 28.1438998 ], [ 73.1432783, 28.1438995 ], [ 73.1432836, 28.1435962 ] ], [ [ 73.1433342, 28.1439087 ], [ 73.1433573, 28.143909 ], [ 73.1433521, 28.1442122 ], [ 73.143329, 28.1442119 ], [ 73.1433342, 28.1439087 ] ], [ [ 73.1432782, 28.1439079 ], [ 73.1433013, 28.1439082 ], [ 73.1432961, 28.1442115 ], [ 73.143273, 28.1442112 ], [ 73.1432782, 28.1439079 ] ], [ [ 73.1431848, 28.1460733 ], [ 73.143208, 28.1460736 ], [ 73.1432027, 28.1463769 ], [ 73.1431796, 28.1463766 ], [ 73.1431848, 28.1460733 ] ], [ [ 73.1431289, 28.1460726 ], [ 73.143152, 28.1460729 ], [ 73.1431468, 28.1463761 ], [ 73.1431236, 28.1463758 ], [ 73.1431289, 28.1460726 ] ], [ [ 73.1431795, 28.146385 ], [ 73.1432026, 28.1463853 ], [ 73.1431974, 28.1466886 ], [ 73.1431742, 28.1466883 ], [ 73.1431795, 28.146385 ] ], [ [ 73.1431235, 28.1463843 ], [ 73.1431466, 28.1463846 ], [ 73.1431414, 28.1466878 ], [ 73.1431183, 28.1466875 ], [ 73.1431235, 28.1463843 ] ], [ [ 73.1431955, 28.1454539 ], [ 73.1432187, 28.1454542 ], [ 73.1432134, 28.1457574 ], [ 73.1431903, 28.1457571 ], [ 73.1431955, 28.1454539 ] ], [ [ 73.1431396, 28.1454531 ], [ 73.1431627, 28.1454534 ], [ 73.1431574, 28.1457567 ], [ 73.1431343, 28.1457564 ], [ 73.1431396, 28.1454531 ] ], [ [ 73.1431902, 28.1457655 ], [ 73.1432133, 28.1457659 ], [ 73.1432081, 28.1460691 ], [ 73.1431849, 28.1460688 ], [ 73.1431902, 28.1457655 ] ], [ [ 73.1431342, 28.1457648 ], [ 73.1431573, 28.1457651 ], [ 73.1431521, 28.1460684 ], [ 73.1431289, 28.1460681 ], [ 73.1431342, 28.1457648 ] ], [ [ 73.1432062, 28.1448344 ], [ 73.1432294, 28.1448347 ], [ 73.1432241, 28.145138 ], [ 73.143201, 28.1451377 ], [ 73.1432062, 28.1448344 ] ], [ [ 73.1431502, 28.1448336 ], [ 73.1431734, 28.1448339 ], [ 73.1431681, 28.1451372 ], [ 73.143145, 28.1451369 ], [ 73.1431502, 28.1448336 ] ], [ [ 73.1432008, 28.1451461 ], [ 73.143224, 28.1451464 ], [ 73.1432187, 28.1454497 ], [ 73.1431956, 28.1454493 ], [ 73.1432008, 28.1451461 ] ], [ [ 73.1431449, 28.1451453 ], [ 73.143168, 28.1451456 ], [ 73.1431628, 28.1454489 ], [ 73.1431396, 28.1454486 ], [ 73.1431449, 28.1451453 ] ], [ [ 73.1432169, 28.1442149 ], [ 73.14324, 28.1442152 ], [ 73.1432348, 28.1445185 ], [ 73.1432117, 28.1445182 ], [ 73.1432169, 28.1442149 ] ], [ [ 73.1431609, 28.1442142 ], [ 73.1431841, 28.1442145 ], [ 73.1431788, 28.1445178 ], [ 73.1431557, 28.1445174 ], [ 73.1431609, 28.1442142 ] ], [ [ 73.1432115, 28.1445266 ], [ 73.1432347, 28.1445269 ], [ 73.1432294, 28.1448302 ], [ 73.1432063, 28.1448299 ], [ 73.1432115, 28.1445266 ] ], [ [ 73.1431556, 28.1445259 ], [ 73.1431787, 28.1445262 ], [ 73.1431734, 28.1448294 ], [ 73.1431503, 28.1448291 ], [ 73.1431556, 28.1445259 ] ], [ [ 73.1432276, 28.1435955 ], [ 73.1432507, 28.1435958 ], [ 73.1432455, 28.143899 ], [ 73.1432224, 28.1438987 ], [ 73.1432276, 28.1435955 ] ], [ [ 73.1431716, 28.1435947 ], [ 73.1431947, 28.143595 ], [ 73.1431895, 28.1438983 ], [ 73.1431664, 28.143898 ], [ 73.1431716, 28.1435947 ] ], [ [ 73.1432222, 28.1439071 ], [ 73.1432453, 28.1439075 ], [ 73.1432401, 28.1442107 ], [ 73.143217, 28.1442104 ], [ 73.1432222, 28.1439071 ] ], [ [ 73.1431662, 28.1439064 ], [ 73.1431894, 28.1439067 ], [ 73.1431841, 28.14421 ], [ 73.143161, 28.1442097 ], [ 73.1431662, 28.1439064 ] ], [ [ 73.1430729, 28.1460718 ], [ 73.143096, 28.1460721 ], [ 73.1430908, 28.1463754 ], [ 73.1430676, 28.1463751 ], [ 73.1430729, 28.1460718 ] ], [ [ 73.1430169, 28.146071 ], [ 73.14304, 28.1460714 ], [ 73.1430348, 28.1463746 ], [ 73.1430117, 28.1463743 ], [ 73.1430169, 28.146071 ] ], [ [ 73.1430675, 28.1463835 ], [ 73.1430906, 28.1463838 ], [ 73.1430854, 28.1466871 ], [ 73.1430623, 28.1466868 ], [ 73.1430675, 28.1463835 ] ], [ [ 73.1430115, 28.1463827 ], [ 73.1430346, 28.146383 ], [ 73.1430294, 28.1466863 ], [ 73.1430063, 28.146686 ], [ 73.1430115, 28.1463827 ] ], [ [ 73.1430836, 28.1454523 ], [ 73.1431067, 28.1454527 ], [ 73.1431015, 28.1457559 ], [ 73.1430783, 28.1457556 ], [ 73.1430836, 28.1454523 ] ], [ [ 73.1430276, 28.1454516 ], [ 73.1430507, 28.1454519 ], [ 73.1430455, 28.1457552 ], [ 73.1430224, 28.1457549 ], [ 73.1430276, 28.1454516 ] ], [ [ 73.1430782, 28.145764 ], [ 73.1431013, 28.1457643 ], [ 73.1430961, 28.1460676 ], [ 73.143073, 28.1460673 ], [ 73.1430782, 28.145764 ] ], [ [ 73.1430222, 28.1457633 ], [ 73.1430453, 28.1457636 ], [ 73.1430401, 28.1460669 ], [ 73.143017, 28.1460665 ], [ 73.1430222, 28.1457633 ] ], [ [ 73.1430943, 28.1448329 ], [ 73.1431174, 28.1448332 ], [ 73.1431122, 28.1451365 ], [ 73.143089, 28.1451361 ], [ 73.1430943, 28.1448329 ] ], [ [ 73.1430383, 28.1448321 ], [ 73.1430614, 28.1448324 ], [ 73.1430562, 28.1451357 ], [ 73.143033, 28.1451354 ], [ 73.1430383, 28.1448321 ] ], [ [ 73.1430889, 28.1451446 ], [ 73.143112, 28.1451449 ], [ 73.1431068, 28.1454481 ], [ 73.1430836, 28.1454478 ], [ 73.1430889, 28.1451446 ] ], [ [ 73.1430329, 28.1451438 ], [ 73.143056, 28.1451441 ], [ 73.1430508, 28.1454474 ], [ 73.1430277, 28.1454471 ], [ 73.1430329, 28.1451438 ] ], [ [ 73.1431049, 28.1442134 ], [ 73.1431281, 28.1442137 ], [ 73.1431228, 28.144517 ], [ 73.1430997, 28.1445167 ], [ 73.1431049, 28.1442134 ] ], [ [ 73.143049, 28.1442127 ], [ 73.1430721, 28.144213 ], [ 73.1430669, 28.1445162 ], [ 73.1430437, 28.1445159 ], [ 73.143049, 28.1442127 ] ], [ [ 73.1430996, 28.1445251 ], [ 73.1431227, 28.1445254 ], [ 73.1431175, 28.1448287 ], [ 73.1430943, 28.1448284 ], [ 73.1430996, 28.1445251 ] ], [ [ 73.1430436, 28.1445243 ], [ 73.1430667, 28.1445247 ], [ 73.1430615, 28.1448279 ], [ 73.1430384, 28.1448276 ], [ 73.1430436, 28.1445243 ] ], [ [ 73.1431156, 28.1435939 ], [ 73.1431388, 28.1435943 ], [ 73.1431335, 28.1438975 ], [ 73.1431104, 28.1438972 ], [ 73.1431156, 28.1435939 ] ], [ [ 73.1430596, 28.1435932 ], [ 73.1430828, 28.1435935 ], [ 73.1430775, 28.1438968 ], [ 73.1430544, 28.1438965 ], [ 73.1430596, 28.1435932 ] ], [ [ 73.1431103, 28.1439056 ], [ 73.1431334, 28.1439059 ], [ 73.1431281, 28.1442092 ], [ 73.143105, 28.1442089 ], [ 73.1431103, 28.1439056 ] ], [ [ 73.1430543, 28.1439049 ], [ 73.1430774, 28.1439052 ], [ 73.1430722, 28.1442085 ], [ 73.143049, 28.1442081 ], [ 73.1430543, 28.1439049 ] ], [ [ 73.1429609, 28.1460703 ], [ 73.142984, 28.1460706 ], [ 73.1429788, 28.1463739 ], [ 73.1429557, 28.1463736 ], [ 73.1429609, 28.1460703 ] ], [ [ 73.1429049, 28.1460695 ], [ 73.1429281, 28.1460698 ], [ 73.1429228, 28.1463731 ], [ 73.1428997, 28.1463728 ], [ 73.1429049, 28.1460695 ] ], [ [ 73.1429555, 28.146382 ], [ 73.1429787, 28.1463823 ], [ 73.1429734, 28.1466856 ], [ 73.1429503, 28.1466852 ], [ 73.1429555, 28.146382 ] ], [ [ 73.1428995, 28.1463812 ], [ 73.1429227, 28.1463815 ], [ 73.1429174, 28.1466848 ], [ 73.1428943, 28.1466845 ], [ 73.1428995, 28.1463812 ] ], [ [ 73.1429716, 28.1454508 ], [ 73.1429947, 28.1454511 ], [ 73.1429895, 28.1457544 ], [ 73.1429664, 28.1457541 ], [ 73.1429716, 28.1454508 ] ], [ [ 73.1429156, 28.1454501 ], [ 73.1429387, 28.1454504 ], [ 73.1429335, 28.1457536 ], [ 73.1429104, 28.1457533 ], [ 73.1429156, 28.1454501 ] ], [ [ 73.1429662, 28.1457625 ], [ 73.1429893, 28.1457628 ], [ 73.1429841, 28.1460661 ], [ 73.142961, 28.1460658 ], [ 73.1429662, 28.1457625 ] ], [ [ 73.1429102, 28.1457618 ], [ 73.1429334, 28.1457621 ], [ 73.1429281, 28.1460653 ], [ 73.142905, 28.146065 ], [ 73.1429102, 28.1457618 ] ], [ [ 73.1429823, 28.1448314 ], [ 73.1430054, 28.1448317 ], [ 73.1430002, 28.1451349 ], [ 73.1429771, 28.1451346 ], [ 73.1429823, 28.1448314 ] ], [ [ 73.1429263, 28.1448306 ], [ 73.1429494, 28.1448309 ], [ 73.1429442, 28.1451342 ], [ 73.1429211, 28.1451339 ], [ 73.1429263, 28.1448306 ] ], [ [ 73.1429769, 28.145143 ], [ 73.143, 28.1451434 ], [ 73.1429948, 28.1454466 ], [ 73.1429717, 28.1454463 ], [ 73.1429769, 28.145143 ] ], [ [ 73.1429209, 28.1451423 ], [ 73.1429441, 28.1451426 ], [ 73.1429388, 28.1454459 ], [ 73.1429157, 28.1454456 ], [ 73.1429209, 28.1451423 ] ], [ [ 73.142993, 28.1442119 ], [ 73.1430161, 28.1442122 ], [ 73.1430109, 28.1445155 ], [ 73.1429877, 28.1445152 ], [ 73.142993, 28.1442119 ] ], [ [ 73.142937, 28.1442111 ], [ 73.1429601, 28.1442114 ], [ 73.1429549, 28.1445147 ], [ 73.1429318, 28.1445144 ], [ 73.142937, 28.1442111 ] ], [ [ 73.1429876, 28.1445236 ], [ 73.1430107, 28.1445239 ], [ 73.1430055, 28.1448272 ], [ 73.1429824, 28.1448268 ], [ 73.1429876, 28.1445236 ] ], [ [ 73.1429316, 28.1445228 ], [ 73.1429547, 28.1445231 ], [ 73.1429495, 28.1448264 ], [ 73.1429264, 28.1448261 ], [ 73.1429316, 28.1445228 ] ], [ [ 73.1430037, 28.1435924 ], [ 73.1430268, 28.1435927 ], [ 73.1430216, 28.143896 ], [ 73.1429984, 28.1438957 ], [ 73.1430037, 28.1435924 ] ], [ [ 73.1429477, 28.1435917 ], [ 73.1429708, 28.143592 ], [ 73.1429656, 28.1438953 ], [ 73.1429424, 28.1438949 ], [ 73.1429477, 28.1435917 ] ], [ [ 73.1429983, 28.1439041 ], [ 73.1430214, 28.1439044 ], [ 73.1430162, 28.1442077 ], [ 73.1429931, 28.1442074 ], [ 73.1429983, 28.1439041 ] ], [ [ 73.1429423, 28.1439034 ], [ 73.1429654, 28.1439037 ], [ 73.1429602, 28.1442069 ], [ 73.1429371, 28.1442066 ], [ 73.1429423, 28.1439034 ] ], [ [ 73.1428489, 28.1460688 ], [ 73.1428721, 28.1460691 ], [ 73.1428668, 28.1463724 ], [ 73.1428437, 28.146372 ], [ 73.1428489, 28.1460688 ] ], [ [ 73.142793, 28.146068 ], [ 73.1428161, 28.1460683 ], [ 73.1428109, 28.1463716 ], [ 73.1427877, 28.1463713 ], [ 73.142793, 28.146068 ] ], [ [ 73.1428436, 28.1463805 ], [ 73.1428667, 28.1463808 ], [ 73.1428615, 28.146684 ], [ 73.1428383, 28.1466837 ], [ 73.1428436, 28.1463805 ] ], [ [ 73.1427876, 28.1463797 ], [ 73.1428107, 28.14638 ], [ 73.1428055, 28.1466833 ], [ 73.1427823, 28.146683 ], [ 73.1427876, 28.1463797 ] ], [ [ 73.1428596, 28.1454493 ], [ 73.1428828, 28.1454496 ], [ 73.1428775, 28.1457529 ], [ 73.1428544, 28.1457526 ], [ 73.1428596, 28.1454493 ] ], [ [ 73.1428036, 28.1454485 ], [ 73.1428268, 28.1454489 ], [ 73.1428215, 28.1457521 ], [ 73.1427984, 28.1457518 ], [ 73.1428036, 28.1454485 ] ], [ [ 73.1428543, 28.145761 ], [ 73.1428774, 28.1457613 ], [ 73.1428721, 28.1460646 ], [ 73.142849, 28.1460643 ], [ 73.1428543, 28.145761 ] ], [ [ 73.1427983, 28.1457602 ], [ 73.1428214, 28.1457605 ], [ 73.1428162, 28.1460638 ], [ 73.142793, 28.1460635 ], [ 73.1427983, 28.1457602 ] ], [ [ 73.1428703, 28.1448298 ], [ 73.1428934, 28.1448302 ], [ 73.1428882, 28.1451334 ], [ 73.1428651, 28.1451331 ], [ 73.1428703, 28.1448298 ] ], [ [ 73.1428143, 28.1448291 ], [ 73.1428375, 28.1448294 ], [ 73.1428322, 28.1451327 ], [ 73.1428091, 28.1451324 ], [ 73.1428143, 28.1448291 ] ], [ [ 73.1428649, 28.1451415 ], [ 73.1428881, 28.1451418 ], [ 73.1428828, 28.1454451 ], [ 73.1428597, 28.1454448 ], [ 73.1428649, 28.1451415 ] ], [ [ 73.142809, 28.1451408 ], [ 73.1428321, 28.1451411 ], [ 73.1428269, 28.1454443 ], [ 73.1428037, 28.145444 ], [ 73.142809, 28.1451408 ] ], [ [ 73.142881, 28.1442104 ], [ 73.1429041, 28.1442107 ], [ 73.1428989, 28.144514 ], [ 73.1428758, 28.1445136 ], [ 73.142881, 28.1442104 ] ], [ [ 73.142825, 28.1442096 ], [ 73.1428482, 28.1442099 ], [ 73.1428429, 28.1445132 ], [ 73.1428198, 28.1445129 ], [ 73.142825, 28.1442096 ] ], [ [ 73.1428756, 28.1445221 ], [ 73.1428988, 28.1445224 ], [ 73.1428935, 28.1448256 ], [ 73.1428704, 28.1448253 ], [ 73.1428756, 28.1445221 ] ], [ [ 73.1428196, 28.1445213 ], [ 73.1428428, 28.1445216 ], [ 73.1428375, 28.1448249 ], [ 73.1428144, 28.1448246 ], [ 73.1428196, 28.1445213 ] ], [ [ 73.1428917, 28.1435909 ], [ 73.1429148, 28.1435912 ], [ 73.1429096, 28.1438945 ], [ 73.1428865, 28.1438942 ], [ 73.1428917, 28.1435909 ] ], [ [ 73.1428357, 28.1435902 ], [ 73.1428588, 28.1435905 ], [ 73.1428536, 28.1438937 ], [ 73.1428305, 28.1438934 ], [ 73.1428357, 28.1435902 ] ], [ [ 73.1428863, 28.1439026 ], [ 73.1429094, 28.1439029 ], [ 73.1429042, 28.1442062 ], [ 73.1428811, 28.1442059 ], [ 73.1428863, 28.1439026 ] ], [ [ 73.1428303, 28.1439018 ], [ 73.1428535, 28.1439022 ], [ 73.1428482, 28.1442054 ], [ 73.1428251, 28.1442051 ], [ 73.1428303, 28.1439018 ] ], [ [ 73.142737, 28.1460673 ], [ 73.1427601, 28.1460676 ], [ 73.1427549, 28.1463708 ], [ 73.1427317, 28.1463705 ], [ 73.142737, 28.1460673 ] ], [ [ 73.142681, 28.1460665 ], [ 73.1427041, 28.1460668 ], [ 73.1426989, 28.1463701 ], [ 73.1426758, 28.1463698 ], [ 73.142681, 28.1460665 ] ], [ [ 73.1427316, 28.1463789 ], [ 73.1427547, 28.1463793 ], [ 73.1427495, 28.1466825 ], [ 73.1427264, 28.1466822 ], [ 73.1427316, 28.1463789 ] ], [ [ 73.1426756, 28.1463782 ], [ 73.1426987, 28.1463785 ], [ 73.1426935, 28.1466818 ], [ 73.1426704, 28.1466814 ], [ 73.1426756, 28.1463782 ] ], [ [ 73.1427477, 28.1454478 ], [ 73.1427708, 28.1454481 ], [ 73.1427656, 28.1457514 ], [ 73.1427424, 28.1457511 ], [ 73.1427477, 28.1454478 ] ], [ [ 73.1426917, 28.145447 ], [ 73.1427148, 28.1454473 ], [ 73.1427096, 28.1457506 ], [ 73.1426864, 28.1457503 ], [ 73.1426917, 28.145447 ] ], [ [ 73.1427423, 28.1457595 ], [ 73.1427654, 28.1457598 ], [ 73.1427602, 28.1460631 ], [ 73.1427371, 28.1460627 ], [ 73.1427423, 28.1457595 ] ], [ [ 73.1426863, 28.1457587 ], [ 73.1427094, 28.145759 ], [ 73.1427042, 28.1460623 ], [ 73.1426811, 28.146062 ], [ 73.1426863, 28.1457587 ] ], [ [ 73.1427584, 28.1448283 ], [ 73.1427815, 28.1448286 ], [ 73.1427762, 28.1451319 ], [ 73.1427531, 28.1451316 ], [ 73.1427584, 28.1448283 ] ], [ [ 73.1427024, 28.1448276 ], [ 73.1427255, 28.1448279 ], [ 73.1427203, 28.1451311 ], [ 73.1426971, 28.1451308 ], [ 73.1427024, 28.1448276 ] ], [ [ 73.142753, 28.14514 ], [ 73.1427761, 28.1451403 ], [ 73.1427709, 28.1454436 ], [ 73.1427477, 28.1454433 ], [ 73.142753, 28.14514 ] ], [ [ 73.142697, 28.1451393 ], [ 73.1427201, 28.1451396 ], [ 73.1427149, 28.1454428 ], [ 73.1426918, 28.1454425 ], [ 73.142697, 28.1451393 ] ], [ [ 73.142769, 28.1442089 ], [ 73.1427922, 28.1442092 ], [ 73.1427869, 28.1445124 ], [ 73.1427638, 28.1445121 ], [ 73.142769, 28.1442089 ] ], [ [ 73.1427131, 28.1442081 ], [ 73.1427362, 28.1442084 ], [ 73.142731, 28.1445117 ], [ 73.1427078, 28.1445114 ], [ 73.1427131, 28.1442081 ] ], [ [ 73.1427637, 28.1445205 ], [ 73.1427868, 28.1445209 ], [ 73.1427816, 28.1448241 ], [ 73.1427584, 28.1448238 ], [ 73.1427637, 28.1445205 ] ], [ [ 73.1427077, 28.1445198 ], [ 73.1427308, 28.1445201 ], [ 73.1427256, 28.1448234 ], [ 73.1427024, 28.1448231 ], [ 73.1427077, 28.1445198 ] ], [ [ 73.1427797, 28.1435894 ], [ 73.1428029, 28.1435897 ], [ 73.1427976, 28.143893 ], [ 73.1427745, 28.1438927 ], [ 73.1427797, 28.1435894 ] ], [ [ 73.1427237, 28.1435886 ], [ 73.1427469, 28.1435889 ], [ 73.1427416, 28.1438922 ], [ 73.1427185, 28.1438919 ], [ 73.1427237, 28.1435886 ] ], [ [ 73.1427744, 28.1439011 ], [ 73.1427975, 28.1439014 ], [ 73.1427922, 28.1442047 ], [ 73.1427691, 28.1442043 ], [ 73.1427744, 28.1439011 ] ], [ [ 73.1427184, 28.1439003 ], [ 73.1427415, 28.1439006 ], [ 73.1427363, 28.1442039 ], [ 73.1427131, 28.1442036 ], [ 73.1427184, 28.1439003 ] ], [ [ 73.142625, 28.1460657 ], [ 73.1426481, 28.146066 ], [ 73.1426429, 28.1463693 ], [ 73.1426198, 28.146369 ], [ 73.142625, 28.1460657 ] ], [ [ 73.142569, 28.146065 ], [ 73.1425921, 28.1460653 ], [ 73.1425869, 28.1463686 ], [ 73.1425638, 28.1463682 ], [ 73.142569, 28.146065 ] ], [ [ 73.1426196, 28.1463774 ], [ 73.1426428, 28.1463777 ], [ 73.1426375, 28.146681 ], [ 73.1426144, 28.1466807 ], [ 73.1426196, 28.1463774 ] ], [ [ 73.1425636, 28.1463767 ], [ 73.1425868, 28.146377 ], [ 73.1425815, 28.1466802 ], [ 73.1425584, 28.1466799 ], [ 73.1425636, 28.1463767 ] ], [ [ 73.1426357, 28.1454463 ], [ 73.1426588, 28.1454466 ], [ 73.1426536, 28.1457499 ], [ 73.1426305, 28.1457495 ], [ 73.1426357, 28.1454463 ] ], [ [ 73.1425797, 28.1454455 ], [ 73.1426028, 28.1454458 ], [ 73.1425976, 28.1457491 ], [ 73.1425745, 28.1457488 ], [ 73.1425797, 28.1454455 ] ], [ [ 73.1426303, 28.145758 ], [ 73.1426534, 28.1457583 ], [ 73.1426482, 28.1460615 ], [ 73.1426251, 28.1460612 ], [ 73.1426303, 28.145758 ] ], [ [ 73.1425743, 28.1457572 ], [ 73.1425975, 28.1457575 ], [ 73.1425922, 28.1460608 ], [ 73.1425691, 28.1460605 ], [ 73.1425743, 28.1457572 ] ], [ [ 73.1426464, 28.1448268 ], [ 73.1426695, 28.1448271 ], [ 73.1426643, 28.1451304 ], [ 73.1426412, 28.1451301 ], [ 73.1426464, 28.1448268 ] ], [ [ 73.1425904, 28.144826 ], [ 73.1426135, 28.1448264 ], [ 73.1426083, 28.1451296 ], [ 73.1425852, 28.1451293 ], [ 73.1425904, 28.144826 ] ], [ [ 73.142641, 28.1451385 ], [ 73.1426641, 28.1451388 ], [ 73.1426589, 28.1454421 ], [ 73.1426358, 28.1454418 ], [ 73.142641, 28.1451385 ] ], [ [ 73.142585, 28.1451377 ], [ 73.1426081, 28.145138 ], [ 73.1426029, 28.1454413 ], [ 73.1425798, 28.145441 ], [ 73.142585, 28.1451377 ] ], [ [ 73.1426571, 28.1442073 ], [ 73.1426802, 28.1442077 ], [ 73.142675, 28.1445109 ], [ 73.1426518, 28.1445106 ], [ 73.1426571, 28.1442073 ] ], [ [ 73.1426011, 28.1442066 ], [ 73.1426242, 28.1442069 ], [ 73.142619, 28.1445102 ], [ 73.1425959, 28.1445098 ], [ 73.1426011, 28.1442066 ] ], [ [ 73.1426517, 28.144519 ], [ 73.1426748, 28.1445193 ], [ 73.1426696, 28.1448226 ], [ 73.1426465, 28.1448223 ], [ 73.1426517, 28.144519 ] ], [ [ 73.1425957, 28.1445183 ], [ 73.1426188, 28.1445186 ], [ 73.1426136, 28.1448218 ], [ 73.1425905, 28.1448215 ], [ 73.1425957, 28.1445183 ] ], [ [ 73.1426678, 28.1435879 ], [ 73.1426909, 28.1435882 ], [ 73.1426857, 28.1438915 ], [ 73.1426625, 28.1438911 ], [ 73.1426678, 28.1435879 ] ], [ [ 73.1426118, 28.1435871 ], [ 73.1426349, 28.1435874 ], [ 73.1426297, 28.1438907 ], [ 73.1426065, 28.1438904 ], [ 73.1426118, 28.1435871 ] ], [ [ 73.1426624, 28.1438996 ], [ 73.1426855, 28.1438999 ], [ 73.1426803, 28.1442031 ], [ 73.1426572, 28.1442028 ], [ 73.1426624, 28.1438996 ] ], [ [ 73.1426064, 28.1438988 ], [ 73.1426295, 28.1438991 ], [ 73.1426243, 28.1442024 ], [ 73.1426012, 28.1442021 ], [ 73.1426064, 28.1438988 ] ], [ [ 73.142513, 28.1460642 ], [ 73.1425362, 28.1460645 ], [ 73.1425309, 28.1463678 ], [ 73.1425078, 28.1463675 ], [ 73.142513, 28.1460642 ] ], [ [ 73.1424571, 28.1460635 ], [ 73.1424802, 28.1460638 ], [ 73.1424749, 28.146367 ], [ 73.1424518, 28.1463667 ], [ 73.1424571, 28.1460635 ] ], [ [ 73.1425077, 28.1463759 ], [ 73.1425308, 28.1463762 ], [ 73.1425255, 28.1466795 ], [ 73.1425024, 28.1466792 ], [ 73.1425077, 28.1463759 ] ], [ [ 73.1424517, 28.1463751 ], [ 73.1424748, 28.1463755 ], [ 73.1424696, 28.1466787 ], [ 73.1424464, 28.1466784 ], [ 73.1424517, 28.1463751 ] ], [ [ 73.1425237, 28.1454448 ], [ 73.1425469, 28.1454451 ], [ 73.1425416, 28.1457483 ], [ 73.1425185, 28.145748 ], [ 73.1425237, 28.1454448 ] ], [ [ 73.1424677, 28.145444 ], [ 73.1424909, 28.1454443 ], [ 73.1424856, 28.1457476 ], [ 73.1424625, 28.1457473 ], [ 73.1424677, 28.145444 ] ], [ [ 73.1425183, 28.1457564 ], [ 73.1425415, 28.1457568 ], [ 73.1425362, 28.14606 ], [ 73.1425131, 28.1460597 ], [ 73.1425183, 28.1457564 ] ], [ [ 73.1424624, 28.1457557 ], [ 73.1424855, 28.145756 ], [ 73.1424803, 28.1460593 ], [ 73.1424571, 28.1460589 ], [ 73.1424624, 28.1457557 ] ], [ [ 73.1425344, 28.1448253 ], [ 73.1425575, 28.1448256 ], [ 73.1425523, 28.1451289 ], [ 73.1425292, 28.1451286 ], [ 73.1425344, 28.1448253 ] ], [ [ 73.1424784, 28.1448245 ], [ 73.1425016, 28.1448248 ], [ 73.1424963, 28.1451281 ], [ 73.1424732, 28.1451278 ], [ 73.1424784, 28.1448245 ] ], [ [ 73.142529, 28.145137 ], [ 73.1425522, 28.1451373 ], [ 73.1425469, 28.1454406 ], [ 73.1425238, 28.1454402 ], [ 73.142529, 28.145137 ] ], [ [ 73.1424731, 28.1451362 ], [ 73.1424962, 28.1451365 ], [ 73.1424909, 28.1454398 ], [ 73.1424678, 28.1454395 ], [ 73.1424731, 28.1451362 ] ], [ [ 73.1425451, 28.1442058 ], [ 73.1425682, 28.1442061 ], [ 73.142563, 28.1445094 ], [ 73.1425399, 28.1445091 ], [ 73.1425451, 28.1442058 ] ], [ [ 73.1424891, 28.1442051 ], [ 73.1425123, 28.1442054 ], [ 73.142507, 28.1445086 ], [ 73.1424839, 28.1445083 ], [ 73.1424891, 28.1442051 ] ], [ [ 73.1425397, 28.1445175 ], [ 73.1425629, 28.1445178 ], [ 73.1425576, 28.1448211 ], [ 73.1425345, 28.1448208 ], [ 73.1425397, 28.1445175 ] ], [ [ 73.1424837, 28.1445167 ], [ 73.1425069, 28.1445171 ], [ 73.1425016, 28.1448203 ], [ 73.1424785, 28.14482 ], [ 73.1424837, 28.1445167 ] ], [ [ 73.1425558, 28.1435864 ], [ 73.1425789, 28.1435867 ], [ 73.1425737, 28.1438899 ], [ 73.1425506, 28.1438896 ], [ 73.1425558, 28.1435864 ] ], [ [ 73.1424998, 28.1435856 ], [ 73.1425229, 28.1435859 ], [ 73.1425177, 28.1438892 ], [ 73.1424946, 28.1438889 ], [ 73.1424998, 28.1435856 ] ], [ [ 73.1425504, 28.143898 ], [ 73.1425735, 28.1438984 ], [ 73.1425683, 28.1442016 ], [ 73.1425452, 28.1442013 ], [ 73.1425504, 28.143898 ] ], [ [ 73.1424944, 28.1438973 ], [ 73.1425176, 28.1438976 ], [ 73.1425123, 28.1442009 ], [ 73.1424892, 28.1442006 ], [ 73.1424944, 28.1438973 ] ], [ [ 73.1424011, 28.1460627 ], [ 73.1424242, 28.146063 ], [ 73.142419, 28.1463663 ], [ 73.1423958, 28.146366 ], [ 73.1424011, 28.1460627 ] ], [ [ 73.1423451, 28.1460619 ], [ 73.1423682, 28.1460623 ], [ 73.142363, 28.1463655 ], [ 73.1423398, 28.1463652 ], [ 73.1423451, 28.1460619 ] ], [ [ 73.1423957, 28.1463744 ], [ 73.1424188, 28.1463747 ], [ 73.1424136, 28.146678 ], [ 73.1423905, 28.1466777 ], [ 73.1423957, 28.1463744 ] ], [ [ 73.1423397, 28.1463736 ], [ 73.1423628, 28.1463739 ], [ 73.1423576, 28.1466772 ], [ 73.1423345, 28.1466769 ], [ 73.1423397, 28.1463736 ] ], [ [ 73.1424118, 28.1454432 ], [ 73.1424349, 28.1454435 ], [ 73.1424297, 28.1457468 ], [ 73.1424065, 28.1457465 ], [ 73.1424118, 28.1454432 ] ], [ [ 73.1423558, 28.1454425 ], [ 73.1423789, 28.1454428 ], [ 73.1423737, 28.1457461 ], [ 73.1423505, 28.1457457 ], [ 73.1423558, 28.1454425 ] ], [ [ 73.1424064, 28.1457549 ], [ 73.1424295, 28.1457552 ], [ 73.1424243, 28.1460585 ], [ 73.1424011, 28.1460582 ], [ 73.1424064, 28.1457549 ] ], [ [ 73.1423504, 28.1457542 ], [ 73.1423735, 28.1457545 ], [ 73.1423683, 28.1460577 ], [ 73.1423452, 28.1460574 ], [ 73.1423504, 28.1457542 ] ], [ [ 73.1424225, 28.1448238 ], [ 73.1424456, 28.1448241 ], [ 73.1424403, 28.1451274 ], [ 73.1424172, 28.145127 ], [ 73.1424225, 28.1448238 ] ], [ [ 73.1423665, 28.144823 ], [ 73.1423896, 28.1448233 ], [ 73.1423844, 28.1451266 ], [ 73.1423612, 28.1451263 ], [ 73.1423665, 28.144823 ] ], [ [ 73.1424171, 28.1451355 ], [ 73.1424402, 28.1451358 ], [ 73.142435, 28.145439 ], [ 73.1424118, 28.1454387 ], [ 73.1424171, 28.1451355 ] ], [ [ 73.1423611, 28.1451347 ], [ 73.1423842, 28.145135 ], [ 73.142379, 28.1454383 ], [ 73.1423559, 28.145438 ], [ 73.1423611, 28.1451347 ] ], [ [ 73.1424331, 28.1442043 ], [ 73.1424563, 28.1442046 ], [ 73.142451, 28.1445079 ], [ 73.1424279, 28.1445076 ], [ 73.1424331, 28.1442043 ] ], [ [ 73.1423772, 28.1442035 ], [ 73.1424003, 28.1442039 ], [ 73.1423951, 28.1445071 ], [ 73.1423719, 28.1445068 ], [ 73.1423772, 28.1442035 ] ], [ [ 73.1424278, 28.144516 ], [ 73.1424509, 28.1445163 ], [ 73.1424457, 28.1448196 ], [ 73.1424225, 28.1448193 ], [ 73.1424278, 28.144516 ] ], [ [ 73.1423718, 28.1445152 ], [ 73.1423949, 28.1445155 ], [ 73.1423897, 28.1448188 ], [ 73.1423665, 28.1448185 ], [ 73.1423718, 28.1445152 ] ], [ [ 73.1424438, 28.1435848 ], [ 73.142467, 28.1435852 ], [ 73.1424617, 28.1438884 ], [ 73.1424386, 28.1438881 ], [ 73.1424438, 28.1435848 ] ], [ [ 73.1423878, 28.1435841 ], [ 73.142411, 28.1435844 ], [ 73.1424057, 28.1438877 ], [ 73.1423826, 28.1438873 ], [ 73.1423878, 28.1435841 ] ], [ [ 73.1424385, 28.1438965 ], [ 73.1424616, 28.1438968 ], [ 73.1424563, 28.1442001 ], [ 73.1424332, 28.1441998 ], [ 73.1424385, 28.1438965 ] ], [ [ 73.1423825, 28.1438958 ], [ 73.1424056, 28.1438961 ], [ 73.1424004, 28.1441993 ], [ 73.1423772, 28.144199 ], [ 73.1423825, 28.1438958 ] ], [ [ 73.1422891, 28.1460612 ], [ 73.1423122, 28.1460615 ], [ 73.142307, 28.1463648 ], [ 73.1422839, 28.1463644 ], [ 73.1422891, 28.1460612 ] ], [ [ 73.1422331, 28.1460604 ], [ 73.1422562, 28.1460607 ], [ 73.142251, 28.146364 ], [ 73.1422279, 28.1463637 ], [ 73.1422331, 28.1460604 ] ], [ [ 73.1422837, 28.1463729 ], [ 73.1423068, 28.1463732 ], [ 73.1423016, 28.1466764 ], [ 73.1422785, 28.1466761 ], [ 73.1422837, 28.1463729 ] ], [ [ 73.1422277, 28.1463721 ], [ 73.1422509, 28.1463724 ], [ 73.1422456, 28.1466757 ], [ 73.1422225, 28.1466754 ], [ 73.1422277, 28.1463721 ] ], [ [ 73.1422998, 28.1454417 ], [ 73.1423229, 28.145442 ], [ 73.1423177, 28.1457453 ], [ 73.1422946, 28.145745 ], [ 73.1422998, 28.1454417 ] ], [ [ 73.1422438, 28.145441 ], [ 73.1422669, 28.1454413 ], [ 73.1422617, 28.1457445 ], [ 73.1422386, 28.1457442 ], [ 73.1422438, 28.145441 ] ], [ [ 73.1422944, 28.1457534 ], [ 73.1423175, 28.1457537 ], [ 73.1423123, 28.146057 ], [ 73.1422892, 28.1460567 ], [ 73.1422944, 28.1457534 ] ], [ [ 73.1422384, 28.1457526 ], [ 73.1422616, 28.145753 ], [ 73.1422563, 28.1460562 ], [ 73.1422332, 28.1460559 ], [ 73.1422384, 28.1457526 ] ], [ [ 73.1423105, 28.1448223 ], [ 73.1423336, 28.1448226 ], [ 73.1423284, 28.1451258 ], [ 73.1423052, 28.1451255 ], [ 73.1423105, 28.1448223 ] ], [ [ 73.1422545, 28.1448215 ], [ 73.1422776, 28.1448218 ], [ 73.1422724, 28.1451251 ], [ 73.1422493, 28.1451248 ], [ 73.1422545, 28.1448215 ] ], [ [ 73.1423051, 28.1451339 ], [ 73.1423282, 28.1451342 ], [ 73.142323, 28.1454375 ], [ 73.1422999, 28.1454372 ], [ 73.1423051, 28.1451339 ] ], [ [ 73.1422491, 28.1451332 ], [ 73.1422722, 28.1451335 ], [ 73.142267, 28.1454368 ], [ 73.1422439, 28.1454364 ], [ 73.1422491, 28.1451332 ] ], [ [ 73.1423212, 28.1442028 ], [ 73.1423443, 28.1442031 ], [ 73.1423391, 28.1445064 ], [ 73.1423159, 28.1445061 ], [ 73.1423212, 28.1442028 ] ], [ [ 73.1422652, 28.144202 ], [ 73.1422883, 28.1442023 ], [ 73.1422831, 28.1445056 ], [ 73.14226, 28.1445053 ], [ 73.1422652, 28.144202 ] ], [ [ 73.1423158, 28.1445145 ], [ 73.1423389, 28.1445148 ], [ 73.1423337, 28.1448181 ], [ 73.1423106, 28.1448177 ], [ 73.1423158, 28.1445145 ] ], [ [ 73.1422598, 28.1445137 ], [ 73.1422829, 28.144514 ], [ 73.1422777, 28.1448173 ], [ 73.1422546, 28.144817 ], [ 73.1422598, 28.1445137 ] ], [ [ 73.1423319, 28.1435833 ], [ 73.142355, 28.1435836 ], [ 73.1423498, 28.1438869 ], [ 73.1423266, 28.1438866 ], [ 73.1423319, 28.1435833 ] ], [ [ 73.1422759, 28.1435826 ], [ 73.142299, 28.1435829 ], [ 73.1422938, 28.1438861 ], [ 73.1422706, 28.1438858 ], [ 73.1422759, 28.1435826 ] ], [ [ 73.1423265, 28.143895 ], [ 73.1423496, 28.1438953 ], [ 73.1423444, 28.1441986 ], [ 73.1423213, 28.1441983 ], [ 73.1423265, 28.143895 ] ], [ [ 73.1422705, 28.1438942 ], [ 73.1422936, 28.1438946 ], [ 73.1422884, 28.1441978 ], [ 73.1422653, 28.1441975 ], [ 73.1422705, 28.1438942 ] ], [ [ 73.1421771, 28.1460597 ], [ 73.1422003, 28.14606 ], [ 73.142195, 28.1463632 ], [ 73.1421719, 28.1463629 ], [ 73.1421771, 28.1460597 ] ], [ [ 73.1421211, 28.1460589 ], [ 73.1421443, 28.1460592 ], [ 73.142139, 28.1463625 ], [ 73.1421159, 28.1463622 ], [ 73.1421211, 28.1460589 ] ], [ [ 73.1421717, 28.1463713 ], [ 73.1421949, 28.1463717 ], [ 73.1421896, 28.1466749 ], [ 73.1421665, 28.1466746 ], [ 73.1421717, 28.1463713 ] ], [ [ 73.1421158, 28.1463706 ], [ 73.1421389, 28.1463709 ], [ 73.1421337, 28.1466742 ], [ 73.1421105, 28.1466739 ], [ 73.1421158, 28.1463706 ] ], [ [ 73.1421878, 28.1454402 ], [ 73.1422109, 28.1454405 ], [ 73.1422057, 28.1457438 ], [ 73.1421826, 28.1457435 ], [ 73.1421878, 28.1454402 ] ], [ [ 73.1421318, 28.1454394 ], [ 73.142155, 28.1454398 ], [ 73.1421497, 28.145743 ], [ 73.1421266, 28.1457427 ], [ 73.1421318, 28.1454394 ] ], [ [ 73.1421824, 28.1457519 ], [ 73.1422056, 28.1457522 ], [ 73.1422003, 28.1460555 ], [ 73.1421772, 28.1460552 ], [ 73.1421824, 28.1457519 ] ], [ [ 73.1421265, 28.1457511 ], [ 73.1421496, 28.1457514 ], [ 73.1421443, 28.1460547 ], [ 73.1421212, 28.1460544 ], [ 73.1421265, 28.1457511 ] ], [ [ 73.1421985, 28.1448207 ], [ 73.1422216, 28.144821 ], [ 73.1422164, 28.1451243 ], [ 73.1421933, 28.145124 ], [ 73.1421985, 28.1448207 ] ], [ [ 73.1421425, 28.14482 ], [ 73.1421657, 28.1448203 ], [ 73.1421604, 28.1451236 ], [ 73.1421373, 28.1451232 ], [ 73.1421425, 28.14482 ] ], [ [ 73.1421931, 28.1451324 ], [ 73.1422163, 28.1451327 ], [ 73.142211, 28.145436 ], [ 73.1421879, 28.1454357 ], [ 73.1421931, 28.1451324 ] ], [ [ 73.1421372, 28.1451317 ], [ 73.1421603, 28.145132 ], [ 73.142155, 28.1454352 ], [ 73.1421319, 28.1454349 ], [ 73.1421372, 28.1451317 ] ], [ [ 73.1422092, 28.1442013 ], [ 73.1422323, 28.1442016 ], [ 73.1422271, 28.1445048 ], [ 73.142204, 28.1445045 ], [ 73.1422092, 28.1442013 ] ], [ [ 73.1421532, 28.1442005 ], [ 73.1421764, 28.1442008 ], [ 73.1421711, 28.1445041 ], [ 73.142148, 28.1445038 ], [ 73.1421532, 28.1442005 ] ], [ [ 73.1422038, 28.144513 ], [ 73.142227, 28.1445133 ], [ 73.1422217, 28.1448165 ], [ 73.1421986, 28.1448162 ], [ 73.1422038, 28.144513 ] ], [ [ 73.1421478, 28.1445122 ], [ 73.142171, 28.1445125 ], [ 73.1421657, 28.1448158 ], [ 73.1421426, 28.1448155 ], [ 73.1421478, 28.1445122 ] ], [ [ 73.1422199, 28.1435818 ], [ 73.142243, 28.1435821 ], [ 73.1422378, 28.1438854 ], [ 73.1422147, 28.1438851 ], [ 73.1422199, 28.1435818 ] ], [ [ 73.1421639, 28.143581 ], [ 73.142187, 28.1435814 ], [ 73.1421818, 28.1438846 ], [ 73.1421587, 28.1438843 ], [ 73.1421639, 28.143581 ] ], [ [ 73.1422145, 28.1438935 ], [ 73.1422376, 28.1438938 ], [ 73.1422324, 28.1441971 ], [ 73.1422093, 28.1441968 ], [ 73.1422145, 28.1438935 ] ], [ [ 73.1421585, 28.1438927 ], [ 73.1421817, 28.143893 ], [ 73.1421764, 28.1441963 ], [ 73.1421533, 28.144196 ], [ 73.1421585, 28.1438927 ] ], [ [ 73.1420652, 28.1460581 ], [ 73.1420883, 28.1460585 ], [ 73.1420831, 28.1463617 ], [ 73.1420599, 28.1463614 ], [ 73.1420652, 28.1460581 ] ], [ [ 73.1420092, 28.1460574 ], [ 73.1420323, 28.1460577 ], [ 73.1420271, 28.146361 ], [ 73.1420039, 28.1463607 ], [ 73.1420092, 28.1460574 ] ], [ [ 73.1420598, 28.1463698 ], [ 73.1420829, 28.1463701 ], [ 73.1420777, 28.1466734 ], [ 73.1420545, 28.1466731 ], [ 73.1420598, 28.1463698 ] ], [ [ 73.1420038, 28.1463691 ], [ 73.1420269, 28.1463694 ], [ 73.1420217, 28.1466727 ], [ 73.1419986, 28.1466723 ], [ 73.1420038, 28.1463691 ] ], [ [ 73.1420759, 28.1454387 ], [ 73.142099, 28.145439 ], [ 73.1420937, 28.1457423 ], [ 73.1420706, 28.1457419 ], [ 73.1420759, 28.1454387 ] ], [ [ 73.1420199, 28.1454379 ], [ 73.142043, 28.1454382 ], [ 73.1420378, 28.1457415 ], [ 73.1420146, 28.1457412 ], [ 73.1420199, 28.1454379 ] ], [ [ 73.1420705, 28.1457504 ], [ 73.1420936, 28.1457507 ], [ 73.1420884, 28.1460539 ], [ 73.1420652, 28.1460536 ], [ 73.1420705, 28.1457504 ] ], [ [ 73.1420145, 28.1457496 ], [ 73.1420376, 28.1457499 ], [ 73.1420324, 28.1460532 ], [ 73.1420093, 28.1460529 ], [ 73.1420145, 28.1457496 ] ], [ [ 73.1420865, 28.1448192 ], [ 73.1421097, 28.1448195 ], [ 73.1421044, 28.1451228 ], [ 73.1420813, 28.1451225 ], [ 73.1420865, 28.1448192 ] ], [ [ 73.1420306, 28.1448185 ], [ 73.1420537, 28.1448188 ], [ 73.1420485, 28.145122 ], [ 73.1420253, 28.1451217 ], [ 73.1420306, 28.1448185 ] ], [ [ 73.1420812, 28.1451309 ], [ 73.1421043, 28.1451312 ], [ 73.1420991, 28.1454345 ], [ 73.1420759, 28.1454342 ], [ 73.1420812, 28.1451309 ] ], [ [ 73.1420252, 28.1451301 ], [ 73.1420483, 28.1451305 ], [ 73.1420431, 28.1454337 ], [ 73.1420199, 28.1454334 ], [ 73.1420252, 28.1451301 ] ], [ [ 73.1420972, 28.1441997 ], [ 73.1421204, 28.1442001 ], [ 73.1421151, 28.1445033 ], [ 73.142092, 28.144503 ], [ 73.1420972, 28.1441997 ] ], [ [ 73.1420413, 28.144199 ], [ 73.1420644, 28.1441993 ], [ 73.1420591, 28.1445026 ], [ 73.142036, 28.1445023 ], [ 73.1420413, 28.144199 ] ], [ [ 73.1420919, 28.1445114 ], [ 73.142115, 28.1445117 ], [ 73.1421098, 28.144815 ], [ 73.1420866, 28.1448147 ], [ 73.1420919, 28.1445114 ] ], [ [ 73.1420359, 28.1445107 ], [ 73.142059, 28.144511 ], [ 73.1420538, 28.1448143 ], [ 73.1420306, 28.1448139 ], [ 73.1420359, 28.1445107 ] ], [ [ 73.1419532, 28.1460566 ], [ 73.1419763, 28.1460569 ], [ 73.1419711, 28.1463602 ], [ 73.141948, 28.1463599 ], [ 73.1419532, 28.1460566 ] ], [ [ 73.1418972, 28.1460559 ], [ 73.1419203, 28.1460562 ], [ 73.1419151, 28.1463594 ], [ 73.141892, 28.1463591 ], [ 73.1418972, 28.1460559 ] ], [ [ 73.1419478, 28.1463683 ], [ 73.1419709, 28.1463686 ], [ 73.1419657, 28.1466719 ], [ 73.1419426, 28.1466716 ], [ 73.1419478, 28.1463683 ] ], [ [ 73.1418918, 28.1463676 ], [ 73.141915, 28.1463679 ], [ 73.1419097, 28.1466711 ], [ 73.1418866, 28.1466708 ], [ 73.1418918, 28.1463676 ] ] ] } },
{ "type": "Feature", "properties": { "id": "kml_4", "Name": "TRACKERS", "tessellate": -1, "extrude": 0, "visibility": -1, "snippet": "", "layer": "LINES-1", "path": "MultiLineString?crs=EPSG:4326&field=id:string(0,0)&field=Name:string(0,0)&field=tessellate:integer(0,0)&field=extrude:integer(0,0)&field=visibility:integer(0,0)&field=snippet:string(0,0)&uid={f755eb1e-86ee-4e06-8e74-06a57cdb8271}" }, "bbox": [ 73.1442115, 28.1440566, 73.1442141, 28.1440589 ], "geometry": { "type": "MultiLineString", "coordinates": [ [ [ 73.1442141, 28.1440578 ], [ 73.1442141, 28.1440579 ], [ 73.1442141, 28.144058 ], [ 73.1442141, 28.1440581 ], [ 73.144214, 28.1440582 ], [ 73.144214, 28.1440583 ], [ 73.1442139, 28.1440584 ], [ 73.1442139, 28.1440585 ], [ 73.1442138, 28.1440585 ], [ 73.1442137, 28.1440586 ], [ 73.1442136, 28.1440587 ], [ 73.1442135, 28.1440587 ], [ 73.1442134, 28.1440588 ], [ 73.1442133, 28.1440588 ], [ 73.1442132, 28.1440589 ], [ 73.1442131, 28.1440589 ], [ 73.144213, 28.1440589 ], [ 73.1442129, 28.1440589 ], [ 73.1442128, 28.1440589 ], [ 73.1442127, 28.1440589 ], [ 73.1442126, 28.1440589 ], [ 73.1442125, 28.1440589 ], [ 73.1442124, 28.1440589 ], [ 73.1442123, 28.1440588 ], [ 73.1442122, 28.1440588 ], [ 73.1442121, 28.1440587 ], [ 73.144212, 28.1440586 ], [ 73.1442119, 28.1440586 ], [ 73.1442118, 28.1440585 ], [ 73.1442117, 28.1440584 ], [ 73.1442117, 28.1440583 ], [ 73.1442116, 28.1440582 ], [ 73.1442116, 28.1440582 ], [ 73.1442116, 28.1440581 ], [ 73.1442115, 28.144058 ], [ 73.1442115, 28.1440579 ], [ 73.1442115, 28.1440578 ], [ 73.1442115, 28.1440577 ], [ 73.1442115, 28.1440576 ], [ 73.1442116, 28.1440575 ], [ 73.1442116, 28.1440574 ], [ 73.1442117, 28.1440573 ], [ 73.1442117, 28.1440572 ], [ 73.1442118, 28.1440571 ], [ 73.1442118, 28.144057 ], [ 73.1442119, 28.144057 ], [ 73.144212, 28.1440569 ], [ 73.1442121, 28.1440568 ], [ 73.1442122, 28.1440568 ], [ 73.1442123, 28.1440567 ], [ 73.1442124, 28.1440567 ], [ 73.1442125, 28.1440567 ], [ 73.1442126, 28.1440566 ], [ 73.1442127, 28.1440566 ], [ 73.1442128, 28.1440566 ], [ 73.144213, 28.1440566 ], [ 73.1442131, 28.1440567 ], [ 73.1442132, 28.1440567 ], [ 73.1442133, 28.1440567 ], [ 73.1442134, 28.1440567 ], [ 73.1442135, 28.1440568 ], [ 73.1442136, 28.1440569 ], [ 73.1442137, 28.1440569 ], [ 73.1442137, 28.144057 ], [ 73.1442138, 28.1440571 ], [ 73.1442139, 28.1440571 ], [ 73.1442139, 28.1440572 ], [ 73.144214, 28.1440573 ], [ 73.144214, 28.1440574 ], [ 73.1442141, 28.1440575 ], [ 73.1442141, 28.1440576 ], [ 73.1442141, 28.1440577 ], [ 73.1442141, 28.1440578 ] ] ] } },
{ "type": "Feature", "properties": { "id": "kml_10", "Name": "kml_10", "tessellate": -1, "extrude": 0, "visibility": -1, "snippet": "", "layer": "LINES-1", "path": "MultiLineString?crs=EPSG:4326&field=id:string(0,0)&field=Name:string(0,0)&field=tessellate:integer(0,0)&field=extrude:integer(0,0)&field=visibility:integer(0,0)&field=snippet:string(0,0)&uid={f755eb1e-86ee-4e06-8e74-06a57cdb8271}" }, "bbox": [ 73.1406101, 28.1392228, 73.1406384, 28.1395263 ], "geometry": { "type": "MultiLineString", "coordinates": [ [ [ 73.1406153, 28.1392228 ], [ 73.1406384, 28.1392231 ], [ 73.1406332, 28.1395263 ], [ 73.1406101, 28.139526 ], [ 73.1406153, 28.1392228 ] ] ] } },
{ "type": "Feature", "properties": { "id": "kml_10", "Name": "kml_10", "tessellate": -1, "extrude": 0, "visibility": -1, "snippet": "", "layer": "LINES-1", "path": "MultiLineString?crs=EPSG:4326&field=id:string(0,0)&field=Name:string(0,0)&field=tessellate:integer(0,0)&field=extrude:integer(0,0)&field=visibility:integer(0,0)&field=snippet:string(0,0)&uid={f755eb1e-86ee-4e06-8e74-06a57cdb8271}" }, "bbox": [ 73.1405541, 28.139222, 73.1405825, 28.1395256 ], "geometry": { "type": "MultiLineString", "coordinates": [ [ [ 73.1405593, 28.139222 ], [ 73.1405825, 28.1392223 ], [ 73.1405772, 28.1395256 ], [ 73.1405541, 28.1395253 ], [ 73.1405593, 28.139222 ] ] ] } },
{ "type": "Feature", "properties": { "id": "kml_10", "Name": "kml_10", "tessellate": -1, "extrude": 0, "visibility": -1, "snippet": "", "layer": "LINES-1", "path": "MultiLineString?crs=EPSG:4326&field=id:string(0,0)&field=Name:string(0,0)&field=tessellate:integer(0,0)&field=extrude:integer(0,0)&field=visibility:integer(0,0)&field=snippet:string(0,0)&uid={f755eb1e-86ee-4e06-8e74-06a57cdb8271}" }, "bbox": [ 73.1406047, 28.1395344, 73.1406331, 28.139838 ], "geometry": { "type": "MultiLineString", "coordinates": [ [ [ 73.1406099, 28.1395344 ], [ 73.1406331, 28.1395348 ], [ 73.1406278, 28.139838 ], [ 73.1406047, 28.1398377 ], [ 73.1406099, 28.1395344 ] ] ] } },
{ "type": "Feature", "properties": { "id": "kml_10", "Name": "kml_10", "tessellate": -1, "extrude": 0, "visibility": -1, "snippet": "", "layer": "LINES-1", "path": "MultiLineString?crs=EPSG:4326&field=id:string(0,0)&field=Name:string(0,0)&field=tessellate:integer(0,0)&field=extrude:integer(0,0)&field=visibility:integer(0,0)&field=snippet:string(0,0)&uid={f755eb1e-86ee-4e06-8e74-06a57cdb8271}" }, "bbox": [ 73.1405487, 28.1395337, 73.1405771, 28.1398373 ], "geometry": { "type": "MultiLineString", "coordinates": [ [ [ 73.1405539, 28.1395337 ], [ 73.1405771, 28.139534 ], [ 73.1405718, 28.1398373 ], [ 73.1405487, 28.139837 ], [ 73.1405539, 28.1395337 ] ] ] } },
{ "type": "Feature", "properties": { "id": "kml_10", "Name": "kml_10", "tessellate": -1, "extrude": 0, "visibility": -1, "snippet": "", "layer": "LINES-1", "path": "MultiLineString?crs=EPSG:4326&field=id:string(0,0)&field=Name:string(0,0)&field=tessellate:integer(0,0)&field=extrude:integer(0,0)&field=visibility:integer(0,0)&field=snippet:string(0,0)&uid={f755eb1e-86ee-4e06-8e74-06a57cdb8271}" }, "bbox": [ 73.1456963, 28.1430094, 73.1457247, 28.1433129 ], "geometry": { "type": "MultiLineString", "coordinates": [ [ [ 73.1457015, 28.1430094 ], [ 73.1457247, 28.1430097 ], [ 73.1457194, 28.1433129 ], [ 73.1456963, 28.1433126 ], [ 73.1457015, 28.1430094 ] ] ] } },
{ "type": "Feature", "properties": { "id": "kml_10", "Name": "kml_10", "tessellate": -1, "extrude": 0, "visibility": -1, "snippet": "", "layer": "LINES-1", "path": "MultiLineString?crs=EPSG:4326&field=id:string(0,0)&field=Name:string(0,0)&field=tessellate:integer(0,0)&field=extrude:integer(0,0)&field=visibility:integer(0,0)&field=snippet:string(0,0)&uid={f755eb1e-86ee-4e06-8e74-06a57cdb8271}" }, "bbox": [ 73.1456403, 28.1430086, 73.1456687, 28.1433122 ], "geometry": { "type": "MultiLineString", "coordinates": [ [ [ 73.1456456, 28.1430086 ], [ 73.1456687, 28.1430089 ], [ 73.1456635, 28.1433122 ], [ 73.1456403, 28.1433119 ], [ 73.1456456, 28.1430086 ] ] ] } },
{ "type": "Feature", "properties": { "id": "kml_10", "Name": "kml_10", "tessellate": -1, "extrude": 0, "visibility": -1, "snippet": "", "layer": "LINES-1", "path": "MultiLineString?crs=EPSG:4326&field=id:string(0,0)&field=Name:string(0,0)&field=tessellate:integer(0,0)&field=extrude:integer(0,0)&field=visibility:integer(0,0)&field=snippet:string(0,0)&uid={f755eb1e-86ee-4e06-8e74-06a57cdb8271}" }, "bbox": [ 73.1456909, 28.143321, 73.1457193, 28.1436246 ], "geometry": { "type": "MultiLineString", "coordinates": [ [ [ 73.1456962, 28.143321 ], [ 73.1457193, 28.1433214 ], [ 73.1457141, 28.1436246 ], [ 73.1456909, 28.1436243 ], [ 73.1456962, 28.143321 ] ] ] } },
{ "type": "Feature", "properties": { "id": "kml_10", "Name": "kml_10", "tessellate": -1, "extrude": 0, "visibility": -1, "snippet": "", "layer": "LINES-1", "path": "MultiLineString?crs=EPSG:4326&field=id:string(0,0)&field=Name:string(0,0)&field=tessellate:integer(0,0)&field=extrude:integer(0,0)&field=visibility:integer(0,0)&field=snippet:string(0,0)&uid={f755eb1e-86ee-4e06-8e74-06a57cdb8271}" }, "bbox": [ 73.145635, 28.1433203, 73.1456633, 28.1436239 ], "geometry": { "type": "MultiLineString", "coordinates": [ [ [ 73.1456402, 28.1433203 ], [ 73.1456633, 28.1433206 ], [ 73.1456581, 28.1436239 ], [ 73.145635, 28.1436236 ], [ 73.1456402, 28.1433203 ] ] ] } },
{ "type": "Feature", "properties": { "id": "kml_10", "Name": "kml_10", "tessellate": -1, "extrude": 0, "visibility": -1, "snippet": "", "layer": "LINES-1", "path": "MultiLineString?crs=EPSG:4326&field=id:string(0,0)&field=Name:string(0,0)&field=tessellate:integer(0,0)&field=extrude:integer(0,0)&field=visibility:integer(0,0)&field=snippet:string(0,0)&uid={f755eb1e-86ee-4e06-8e74-06a57cdb8271}" }, "bbox": [ 73.1457862, 28.1442949, 73.1458145, 28.1445985 ], "geometry": { "type": "MultiLineString", "coordinates": [ [ [ 73.1457914, 28.1442949 ], [ 73.1458145, 28.1442952 ], [ 73.1458093, 28.1445985 ], [ 73.1457862, 28.1445982 ], [ 73.1457914, 28.1442949 ] ] ] } },
{ "type": "Feature", "properties": { "id": "kml_10", "Name": "kml_10", "tessellate": -1, "extrude": 0, "visibility": -1, "snippet": "", "layer": "LINES-1", "path": "MultiLineString?crs=EPSG:4326&field=id:string(0,0)&field=Name:string(0,0)&field=tessellate:integer(0,0)&field=extrude:integer(0,0)&field=visibility:integer(0,0)&field=snippet:string(0,0)&uid={f755eb1e-86ee-4e06-8e74-06a57cdb8271}" }, "bbox": [ 73.1457302, 28.1442942, 73.1457585, 28.1445977 ], "geometry": { "type": "MultiLineString", "coordinates": [ [ [ 73.1457354, 28.1442942 ], [ 73.1457585, 28.1442945 ], [ 73.1457533, 28.1445977 ], [ 73.1457302, 28.1445974 ], [ 73.1457354, 28.1442942 ] ] ] } },
{ "type": "Feature", "properties": { "id": "kml_10", "Name": "kml_10", "tessellate": -1, "extrude": 0, "visibility": -1, "snippet": "", "layer": "LINES-1", "path": "MultiLineString?crs=EPSG:4326&field=id:string(0,0)&field=Name:string(0,0)&field=tessellate:integer(0,0)&field=extrude:integer(0,0)&field=visibility:integer(0,0)&field=snippet:string(0,0)&uid={f755eb1e-86ee-4e06-8e74-06a57cdb8271}" }, "bbox": [ 73.1457808, 28.1446066, 73.1458091, 28.1449102 ], "geometry": { "type": "MultiLineString", "coordinates": [ [ [ 73.145786, 28.1446066 ], [ 73.1458091, 28.1446069 ], [ 73.1458039, 28.1449102 ], [ 73.1457808, 28.1449099 ], [ 73.145786, 28.1446066 ] ] ] } },
{ "type": "Feature", "properties": { "id": "kml_10", "Name": "kml_10", "tessellate": -1, "extrude": 0, "visibility": -1, "snippet": "", "layer": "LINES-1", "path": "MultiLineString?crs=EPSG:4326&field=id:string(0,0)&field=Name:string(0,0)&field=tessellate:integer(0,0)&field=extrude:integer(0,0)&field=visibility:integer(0,0)&field=snippet:string(0,0)&uid={f755eb1e-86ee-4e06-8e74-06a57cdb8271}" }, "bbox": [ 73.1457248, 28.1446059, 73.1457532, 28.1449094 ], "geometry": { "type": "MultiLineString", "coordinates": [ [ [ 73.14573, 28.1446059 ], [ 73.1457532, 28.1446062 ], [ 73.1457479, 28.1449094 ], [ 73.1457248, 28.1449091 ], [ 73.14573, 28.1446059 ] ] ] } },
{ "type": "Feature", "properties": { "id": "kml_10", "Name": "kml_10", "tessellate": -1, "extrude": 0, "visibility": -1, "snippet": "", "layer": "LINES-1", "path": "MultiLineString?crs=EPSG:4326&field=id:string(0,0)&field=Name:string(0,0)&field=tessellate:integer(0,0)&field=extrude:integer(0,0)&field=visibility:integer(0,0)&field=snippet:string(0,0)&uid={f755eb1e-86ee-4e06-8e74-06a57cdb8271}" }, "bbox": [ 73.1470155, 28.1444436, 73.1470439, 28.1447472 ], "geometry": { "type": "MultiLineString", "coordinates": [ [ [ 73.1470207, 28.1444436 ], [ 73.1470439, 28.1444439 ], [ 73.1470387, 28.1447472 ], [ 73.1470155, 28.1447469 ], [ 73.1470207, 28.1444436 ] ] ] } },
{ "type": "Feature", "properties": { "id": "kml_10", "Name": "kml_10", "tessellate": -1, "extrude": 0, "visibility": -1, "snippet": "", "layer": "LINES-1", "path": "MultiLineString?crs=EPSG:4326&field=id:string(0,0)&field=Name:string(0,0)&field=tessellate:integer(0,0)&field=extrude:integer(0,0)&field=visibility:integer(0,0)&field=snippet:string(0,0)&uid={f755eb1e-86ee-4e06-8e74-06a57cdb8271}" }, "bbox": [ 73.1469595, 28.1444429, 73.1469879, 28.1447464 ], "geometry": { "type": "MultiLineString", "coordinates": [ [ [ 73.1469648, 28.1444429 ], [ 73.1469879, 28.1444432 ], [ 73.1469827, 28.1447464 ], [ 73.1469595, 28.1447461 ], [ 73.1469648, 28.1444429 ] ] ] } },
{ "type": "Feature", "properties": { "id": "kml_10", "Name": "kml_10", "tessellate": -1, "extrude": 0, "visibility": -1, "snippet": "", "layer": "LINES-1", "path": "MultiLineString?crs=EPSG:4326&field=id:string(0,0)&field=Name:string(0,0)&field=tessellate:integer(0,0)&field=extrude:integer(0,0)&field=visibility:integer(0,0)&field=snippet:string(0,0)&uid={f755eb1e-86ee-4e06-8e74-06a57cdb8271}" }, "bbox": [ 73.1470102, 28.1447553, 73.1470385, 28.1450589 ], "geometry": { "type": "MultiLineString", "coordinates": [ [ [ 73.1470154, 28.1447553 ], [ 73.1470385, 28.1447556 ], [ 73.1470333, 28.1450589 ], [ 73.1470102, 28.1450586 ], [ 73.1470154, 28.1447553 ] ] ] } },
{ "type": "Feature", "properties": { "id": "kml_10", "Name": "kml_10", "tessellate": -1, "extrude": 0, "visibility": -1, "snippet": "", "layer": "LINES-1", "path": "MultiLineString?crs=EPSG:4326&field=id:string(0,0)&field=Name:string(0,0)&field=tessellate:integer(0,0)&field=extrude:integer(0,0)&field=visibility:integer(0,0)&field=snippet:string(0,0)&uid={f755eb1e-86ee-4e06-8e74-06a57cdb8271}" }, "bbox": [ 73.1469542, 28.1447546, 73.1469825, 28.1450581 ], "geometry": { "type": "MultiLineString", "coordinates": [ [ [ 73.1469594, 28.1447546 ], [ 73.1469825, 28.1447549 ], [ 73.1469773, 28.1450581 ], [ 73.1469542, 28.1450578 ], [ 73.1469594, 28.1447546 ] ] ] } },
{ "type": "Feature", "properties": { "id": "kml_10", "Name": "kml_10", "tessellate": -1, "extrude": 0, "visibility": -1, "snippet": "", "layer": "LINES-1", "path": "MultiLineString?crs=EPSG:4326&field=id:string(0,0)&field=Name:string(0,0)&field=tessellate:integer(0,0)&field=extrude:integer(0,0)&field=visibility:integer(0,0)&field=snippet:string(0,0)&uid={f755eb1e-86ee-4e06-8e74-06a57cdb8271}" }, "bbox": [ 73.1442301, 28.1436091, 73.1442584, 28.1439127 ], "geometry": { "type": "MultiLineString", "coordinates": [ [ [ 73.1442353, 28.1436091 ], [ 73.1442584, 28.1436094 ], [ 73.1442532, 28.1439127 ], [ 73.1442301, 28.1439124 ], [ 73.1442353, 28.1436091 ] ] ] } },
{ "type": "Feature", "properties": { "id": "kml_10", "Name": "kml_10", "tessellate": -1, "extrude": 0, "visibility": -1, "snippet": "", "layer": "LINES-1", "path": "MultiLineString?crs=EPSG:4326&field=id:string(0,0)&field=Name:string(0,0)&field=tessellate:integer(0,0)&field=extrude:integer(0,0)&field=visibility:integer(0,0)&field=snippet:string(0,0)&uid={f755eb1e-86ee-4e06-8e74-06a57cdb8271}" }, "bbox": [ 73.1441741, 28.1436084, 73.1442024, 28.1439119 ], "geometry": { "type": "MultiLineString", "coordinates": [ [ [ 73.1441793, 28.1436084 ], [ 73.1442024, 28.1436087 ], [ 73.1441972, 28.1439119 ], [ 73.1441741, 28.1439116 ], [ 73.1441793, 28.1436084 ] ] ] } },
{ "type": "Feature", "properties": { "id": "kml_10", "Name": "kml_10", "tessellate": -1, "extrude": 0, "visibility": -1, "snippet": "", "layer": "LINES-1", "path": "MultiLineString?crs=EPSG:4326&field=id:string(0,0)&field=Name:string(0,0)&field=tessellate:integer(0,0)&field=extrude:integer(0,0)&field=visibility:integer(0,0)&field=snippet:string(0,0)&uid={f755eb1e-86ee-4e06-8e74-06a57cdb8271}" }, "bbox": [ 73.1442247, 28.1439208, 73.144253, 28.1442244 ], "geometry": { "type": "MultiLineString", "coordinates": [ [ [ 73.1442299, 28.1439208 ], [ 73.144253, 28.1439211 ], [ 73.1442478, 28.1442244 ], [ 73.1442247, 28.1442241 ], [ 73.1442299, 28.1439208 ] ] ] } },
{ "type": "Feature", "properties": { "id": "kml_10", "Name": "kml_10", "tessellate": -1, "extrude": 0, "visibility": -1, "snippet": "", "layer": "LINES-1", "path": "MultiLineString?crs=EPSG:4326&field=id:string(0,0)&field=Name:string(0,0)&field=tessellate:integer(0,0)&field=extrude:integer(0,0)&field=visibility:integer(0,0)&field=snippet:string(0,0)&uid={f755eb1e-86ee-4e06-8e74-06a57cdb8271}" }, "bbox": [ 73.1441687, 28.14392, 73.1441971, 28.1442236 ], "geometry": { "type": "MultiLineString", "coordinates": [ [ [ 73.1441739, 28.14392 ], [ 73.1441971, 28.1439204 ], [ 73.1441918, 28.1442236 ], [ 73.1441687, 28.1442233 ], [ 73.1441739, 28.14392 ] ] ] } },
{ "type": "Feature", "properties": { "id": "kml_10", "Name": "kml_10", "tessellate": -1, "extrude": 0, "visibility": -1, "snippet": "", "layer": "LINES-1", "path": "MultiLineString?crs=EPSG:4326&field=id:string(0,0)&field=Name:string(0,0)&field=tessellate:integer(0,0)&field=extrude:integer(0,0)&field=visibility:integer(0,0)&field=snippet:string(0,0)&uid={f755eb1e-86ee-4e06-8e74-06a57cdb8271}" }, "bbox": [ 73.1429613, 28.1392547, 73.1429896, 28.1395582 ], "geometry": { "type": "MultiLineString", "coordinates": [ [ [ 73.1429665, 28.1392547 ], [ 73.1429896, 28.139255 ], [ 73.1429844, 28.1395582 ], [ 73.1429613, 28.1395579 ], [ 73.1429665, 28.1392547 ] ] ] } },
{ "type": "Feature", "properties": { "id": "kml_10", "Name": "kml_10", "tessellate": -1, "extrude": 0, "visibility": -1, "snippet": "", "layer": "LINES-1", "path": "MultiLineString?crs=EPSG:4326&field=id:string(0,0)&field=Name:string(0,0)&field=tessellate:integer(0,0)&field=extrude:integer(0,0)&field=visibility:integer(0,0)&field=snippet:string(0,0)&uid={f755eb1e-86ee-4e06-8e74-06a57cdb8271}" }, "bbox": [ 73.1429053, 28.1392539, 73.1429337, 28.1395575 ], "geometry": { "type": "MultiLineString", "coordinates": [ [ [ 73.1429105, 28.1392539 ], [ 73.1429337, 28.1392542 ], [ 73.1429284, 28.1395575 ], [ 73.1429053, 28.1395572 ], [ 73.1429105, 28.1392539 ] ] ] } },
{ "type": "Feature", "properties": { "id": "kml_10", "Name": "kml_10", "tessellate": -1, "extrude": 0, "visibility": -1, "snippet": "", "layer": "LINES-1", "path": "MultiLineString?crs=EPSG:4326&field=id:string(0,0)&field=Name:string(0,0)&field=tessellate:integer(0,0)&field=extrude:integer(0,0)&field=visibility:integer(0,0)&field=snippet:string(0,0)&uid={f755eb1e-86ee-4e06-8e74-06a57cdb8271}" }, "bbox": [ 73.1429559, 28.1395663, 73.1429843, 28.1398699 ], "geometry": { "type": "MultiLineString", "coordinates": [ [ [ 73.1429611, 28.1395663 ], [ 73.1429843, 28.1395667 ], [ 73.142979, 28.1398699 ], [ 73.1429559, 28.1398696 ], [ 73.1429611, 28.1395663 ] ] ] } },
{ "type": "Feature", "properties": { "id": "kml_10", "Name": "kml_10", "tessellate": -1, "extrude": 0, "visibility": -1, "snippet": "", "layer": "LINES-1", "path": "MultiLineString?crs=EPSG:4326&field=id:string(0,0)&field=Name:string(0,0)&field=tessellate:integer(0,0)&field=extrude:integer(0,0)&field=visibility:integer(0,0)&field=snippet:string(0,0)&uid={f755eb1e-86ee-4e06-8e74-06a57cdb8271}" }, "bbox": [ 73.1428999, 28.1395656, 73.1429283, 28.1398692 ], "geometry": { "type": "MultiLineString", "coordinates": [ [ [ 73.1429052, 28.1395656 ], [ 73.1429283, 28.1395659 ], [ 73.142923, 28.1398692 ], [ 73.1428999, 28.1398688 ], [ 73.1429052, 28.1395656 ] ] ] } },
{ "type": "Feature", "properties": { "id": "kml_10", "Name": "kml_10", "tessellate": -1, "extrude": 0, "visibility": -1, "snippet": "", "layer": "LINES-1", "path": "MultiLineString?crs=EPSG:4326&field=id:string(0,0)&field=Name:string(0,0)&field=tessellate:integer(0,0)&field=extrude:integer(0,0)&field=visibility:integer(0,0)&field=snippet:string(0,0)&uid={f755eb1e-86ee-4e06-8e74-06a57cdb8271}" }, "bbox": [ 73.1458075, 28.143056, 73.1458359, 28.1433596 ], "geometry": { "type": "MultiLineString", "coordinates": [ [ [ 73.1458127, 28.143056 ], [ 73.1458359, 28.1430563 ], [ 73.1458306, 28.1433596 ], [ 73.1458075, 28.1433593 ], [ 73.1458127, 28.143056 ] ] ] } },
{ "type": "Feature", "properties": { "id": "kml_10", "Name": "kml_10", "tessellate": -1, "extrude": 0, "visibility": -1, "snippet": "", "layer": "LINES-1", "path": "MultiLineString?crs=EPSG:4326&field=id:string(0,0)&field=Name:string(0,0)&field=tessellate:integer(0,0)&field=extrude:integer(0,0)&field=visibility:integer(0,0)&field=snippet:string(0,0)&uid={f755eb1e-86ee-4e06-8e74-06a57cdb8271}" }, "bbox": [ 73.1457515, 28.1430552, 73.1457799, 28.1433588 ], "geometry": { "type": "MultiLineString", "coordinates": [ [ [ 73.1457567, 28.1430552 ], [ 73.1457799, 28.1430555 ], [ 73.1457746, 28.1433588 ], [ 73.1457515, 28.1433585 ], [ 73.1457567, 28.1430552 ] ] ] } },
{ "type": "Feature", "properties": { "id": "kml_10", "Name": "kml_10", "tessellate": -1, "extrude": 0, "visibility": -1, "snippet": "", "layer": "LINES-1", "path": "MultiLineString?crs=EPSG:4326&field=id:string(0,0)&field=Name:string(0,0)&field=tessellate:integer(0,0)&field=extrude:integer(0,0)&field=visibility:integer(0,0)&field=snippet:string(0,0)&uid={f755eb1e-86ee-4e06-8e74-06a57cdb8271}" }, "bbox": [ 73.1458021, 28.1433677, 73.1458305, 28.1436713 ], "geometry": { "type": "MultiLineString", "coordinates": [ [ [ 73.1458074, 28.1433677 ], [ 73.1458305, 28.143368 ], [ 73.1458253, 28.1436713 ], [ 73.1458021, 28.1436709 ], [ 73.1458074, 28.1433677 ] ] ] } },
{ "type": "Feature", "properties": { "id": "kml_10", "Name": "kml_10", "tessellate": -1, "extrude": 0, "visibility": -1, "snippet": "", "layer": "LINES-1", "path": "MultiLineString?crs=EPSG:4326&field=id:string(0,0)&field=Name:string(0,0)&field=tessellate:integer(0,0)&field=extrude:integer(0,0)&field=visibility:integer(0,0)&field=snippet:string(0,0)&uid={f755eb1e-86ee-4e06-8e74-06a57cdb8271}" }, "bbox": [ 73.1457461, 28.1433669, 73.1457745, 28.1436705 ], "geometry": { "type": "MultiLineString", "coordinates": [ [ [ 73.1457514, 28.1433669 ], [ 73.1457745, 28.1433672 ], [ 73.1457693, 28.1436705 ], [ 73.1457461, 28.1436702 ], [ 73.1457514, 28.1433669 ] ] ] } },
{ "type": "Feature", "properties": { "id": "kml_10", "Name": "kml_10", "tessellate": -1, "extrude": 0, "visibility": -1, "snippet": "", "layer": "LINES-1", "path": "MultiLineString?crs=EPSG:4326&field=id:string(0,0)&field=Name:string(0,0)&field=tessellate:integer(0,0)&field=extrude:integer(0,0)&field=visibility:integer(0,0)&field=snippet:string(0,0)&uid={f755eb1e-86ee-4e06-8e74-06a57cdb8271}" }, "bbox": [ 73.1473621, 28.1438287, 73.1473904, 28.1441323 ], "geometry": { "type": "MultiLineString", "coordinates": [ [ [ 73.1473673, 28.1438287 ], [ 73.1473904, 28.143829 ], [ 73.1473852, 28.1441323 ], [ 73.1473621, 28.144132 ], [ 73.1473673, 28.1438287 ] ] ] } },
{ "type": "Feature", "properties": { "id": "kml_10", "Name": "kml_10", "tessellate": -1, "extrude": 0, "visibility": -1, "snippet": "", "layer": "LINES-1", "path": "MultiLineString?crs=EPSG:4326&field=id:string(0,0)&field=Name:string(0,0)&field=tessellate:integer(0,0)&field=extrude:integer(0,0)&field=visibility:integer(0,0)&field=snippet:string(0,0)&uid={f755eb1e-86ee-4e06-8e74-06a57cdb8271}" }, "bbox": [ 73.1473061, 28.1438279, 73.1473345, 28.1441315 ], "geometry": { "type": "MultiLineString", "coordinates": [ [ [ 73.1473113, 28.1438279 ], [ 73.1473345, 28.1438283 ], [ 73.1473292, 28.1441315 ], [ 73.1473061, 28.1441312 ], [ 73.1473113, 28.1438279 ] ] ] } },
{ "type": "Feature", "properties": { "id": "kml_10", "Name": "kml_10", "tessellate": -1, "extrude": 0, "visibility": -1, "snippet": "", "layer": "LINES-1", "path": "MultiLineString?crs=EPSG:4326&field=id:string(0,0)&field=Name:string(0,0)&field=tessellate:integer(0,0)&field=extrude:integer(0,0)&field=visibility:integer(0,0)&field=snippet:string(0,0)&uid={f755eb1e-86ee-4e06-8e74-06a57cdb8271}" }, "bbox": [ 73.1473567, 28.1441404, 73.1473851, 28.144444 ], "geometry": { "type": "MultiLineString", "coordinates": [ [ [ 73.147362, 28.1441404 ], [ 73.1473851, 28.1441407 ], [ 73.1473799, 28.144444 ], [ 73.1473567, 28.1444437 ], [ 73.147362, 28.1441404 ] ] ] } },
{ "type": "Feature", "properties": { "id": "kml_10", "Name": "kml_10", "tessellate": -1, "extrude": 0, "visibility": -1, "snippet": "", "layer": "LINES-1", "path": "MultiLineString?crs=EPSG:4326&field=id:string(0,0)&field=Name:string(0,0)&field=tessellate:integer(0,0)&field=extrude:integer(0,0)&field=visibility:integer(0,0)&field=snippet:string(0,0)&uid={f755eb1e-86ee-4e06-8e74-06a57cdb8271}" }, "bbox": [ 73.1473007, 28.1441396, 73.1473291, 28.1444432 ], "geometry": { "type": "MultiLineString", "coordinates": [ [ [ 73.147306, 28.1441396 ], [ 73.1473291, 28.1441399 ], [ 73.1473239, 28.1444432 ], [ 73.1473007, 28.1444429 ], [ 73.147306, 28.1441396 ] ] ] } },
{ "type": "Feature", "properties": { "id": "kml_10", "Name": "kml_10", "tessellate": -1, "extrude": 0, "visibility": -1, "snippet": "", "layer": "LINES-1", "path": "MultiLineString?crs=EPSG:4326&field=id:string(0,0)&field=Name:string(0,0)&field=tessellate:integer(0,0)&field=extrude:integer(0,0)&field=visibility:integer(0,0)&field=snippet:string(0,0)&uid={f755eb1e-86ee-4e06-8e74-06a57cdb8271}" }, "bbox": [ 73.1469165, 28.1436906, 73.1469448, 28.1439942 ], "geometry": { "type": "MultiLineString", "coordinates": [ [ [ 73.1469217, 28.1436906 ], [ 73.1469448, 28.1436909 ], [ 73.1469396, 28.1439942 ], [ 73.1469165, 28.1439939 ], [ 73.1469217, 28.1436906 ] ] ] } },
{ "type": "Feature", "properties": { "id": "kml_10", "Name": "kml_10", "tessellate": -1, "extrude": 0, "visibility": -1, "snippet": "", "layer": "LINES-1", "path": "MultiLineString?crs=EPSG:4326&field=id:string(0,0)&field=Name:string(0,0)&field=tessellate:integer(0,0)&field=extrude:integer(0,0)&field=visibility:integer(0,0)&field=snippet:string(0,0)&uid={f755eb1e-86ee-4e06-8e74-06a57cdb8271}" }, "bbox": [ 73.1468605, 28.1436898, 73.1468889, 28.1439934 ], "geometry": { "type": "MultiLineString", "coordinates": [ [ [ 73.1468657, 28.1436898 ], [ 73.1468889, 28.1436902 ], [ 73.1468836, 28.1439934 ], [ 73.1468605, 28.1439931 ], [ 73.1468657, 28.1436898 ] ] ] } },
{ "type": "Feature", "properties": { "id": "kml_10", "Name": "kml_10", "tessellate": -1, "extrude": 0, "visibility": -1, "snippet": "", "layer": "LINES-1", "path": "MultiLineString?crs=EPSG:4326&field=id:string(0,0)&field=Name:string(0,0)&field=tessellate:integer(0,0)&field=extrude:integer(0,0)&field=visibility:integer(0,0)&field=snippet:string(0,0)&uid={f755eb1e-86ee-4e06-8e74-06a57cdb8271}" }, "bbox": [ 73.1469111, 28.1440023, 73.1469395, 28.1443059 ], "geometry": { "type": "MultiLineString", "coordinates": [ [ [ 73.1469164, 28.1440023 ], [ 73.1469395, 28.1440026 ], [ 73.1469343, 28.1443059 ], [ 73.1469111, 28.1443056 ], [ 73.1469164, 28.1440023 ] ] ] } },
{ "type": "Feature", "properties": { "id": "kml_10", "Name": "kml_10", "tessellate": -1, "extrude": 0, "visibility": -1, "snippet": "", "layer": "LINES-1", "path": "MultiLineString?crs=EPSG:4326&field=id:string(0,0)&field=Name:string(0,0)&field=tessellate:integer(0,0)&field=extrude:integer(0,0)&field=visibility:integer(0,0)&field=snippet:string(0,0)&uid={f755eb1e-86ee-4e06-8e74-06a57cdb8271}" }, "bbox": [ 73.1468551, 28.1440015, 73.1468835, 28.1443051 ], "geometry": { "type": "MultiLineString", "coordinates": [ [ [ 73.1468604, 28.1440015 ], [ 73.1468835, 28.1440018 ], [ 73.1468783, 28.1443051 ], [ 73.1468551, 28.1443048 ], [ 73.1468604, 28.1440015 ] ] ] } },
{ "type": "Feature", "properties": { "id": "kml_10", "Name": "kml_10", "tessellate": -1, "extrude": 0, "visibility": -1, "snippet": "", "layer": "LINES-1", "path": "MultiLineString?crs=EPSG:4326&field=id:string(0,0)&field=Name:string(0,0)&field=tessellate:integer(0,0)&field=extrude:integer(0,0)&field=visibility:integer(0,0)&field=snippet:string(0,0)&uid={f755eb1e-86ee-4e06-8e74-06a57cdb8271}" }, "bbox": [ 73.1431582, 28.1473123, 73.1431866, 28.1476158 ], "geometry": { "type": "MultiLineString", "coordinates": [ [ [ 73.1431635, 28.1473123 ], [ 73.1431866, 28.1473126 ], [ 73.1431814, 28.1476158 ], [ 73.1431582, 28.1476155 ], [ 73.1431635, 28.1473123 ] ] ] } },
{ "type": "Feature", "properties": { "id": "kml_10", "Name": "kml_10", "tessellate": -1, "extrude": 0, "visibility": -1, "snippet": "", "layer": "LINES-1", "path": "MultiLineString?crs=EPSG:4326&field=id:string(0,0)&field=Name:string(0,0)&field=tessellate:integer(0,0)&field=extrude:integer(0,0)&field=visibility:integer(0,0)&field=snippet:string(0,0)&uid={f755eb1e-86ee-4e06-8e74-06a57cdb8271}" }, "bbox": [ 73.1431023, 28.1473115, 73.1431306, 28.1476151 ], "geometry": { "type": "MultiLineString", "coordinates": [ [ [ 73.1431075, 28.1473115 ], [ 73.1431306, 28.1473118 ], [ 73.1431254, 28.1476151 ], [ 73.1431023, 28.1476148 ], [ 73.1431075, 28.1473115 ] ] ] } },
{ "type": "Feature", "properties": { "id": "kml_10", "Name": "kml_10", "tessellate": -1, "extrude": 0, "visibility": -1, "snippet": "", "layer": "LINES-1", "path": "MultiLineString?crs=EPSG:4326&field=id:string(0,0)&field=Name:string(0,0)&field=tessellate:integer(0,0)&field=extrude:integer(0,0)&field=visibility:integer(0,0)&field=snippet:string(0,0)&uid={f755eb1e-86ee-4e06-8e74-06a57cdb8271}" }, "bbox": [ 73.1431529, 28.1476239, 73.1431812, 28.1479275 ], "geometry": { "type": "MultiLineString", "coordinates": [ [ [ 73.1431581, 28.1476239 ], [ 73.1431812, 28.1476243 ], [ 73.143176, 28.1479275 ], [ 73.1431529, 28.1479272 ], [ 73.1431581, 28.1476239 ] ] ] } },
{ "type": "Feature", "properties": { "id": "kml_10", "Name": "kml_10", "tessellate": -1, "extrude": 0, "visibility": -1, "snippet": "", "layer": "LINES-1", "path": "MultiLineString?crs=EPSG:4326&field=id:string(0,0)&field=Name:string(0,0)&field=tessellate:integer(0,0)&field=extrude:integer(0,0)&field=visibility:integer(0,0)&field=snippet:string(0,0)&uid={f755eb1e-86ee-4e06-8e74-06a57cdb8271}" }, "bbox": [ 73.1430969, 28.1476232, 73.1431252, 28.1479268 ], "geometry": { "type": "MultiLineString", "coordinates": [ [ [ 73.1431021, 28.1476232 ], [ 73.1431252, 28.1476235 ], [ 73.14312, 28.1479268 ], [ 73.1430969, 28.1479265 ], [ 73.1431021, 28.1476232 ] ] ] } },
{ "type": "Feature", "properties": { "id": "kml_10", "Name": "kml_10", "tessellate": -1, "extrude": 0, "visibility": -1, "snippet": "", "layer": "LINES-1", "path": "MultiLineString?crs=EPSG:4326&field=id:string(0,0)&field=Name:string(0,0)&field=tessellate:integer(0,0)&field=extrude:integer(0,0)&field=visibility:integer(0,0)&field=snippet:string(0,0)&uid={f755eb1e-86ee-4e06-8e74-06a57cdb8271}" }, "bbox": [ 73.1418146, 28.147294, 73.141843, 28.1475976 ], "geometry": { "type": "MultiLineString", "coordinates": [ [ [ 73.1418198, 28.147294 ], [ 73.141843, 28.1472943 ], [ 73.1418377, 28.1475976 ], [ 73.1418146, 28.1475973 ], [ 73.1418198, 28.147294 ] ] ] } },
{ "type": "Feature", "properties": { "id": "kml_10", "Name": "kml_10", "tessellate": -1, "extrude": 0, "visibility": -1, "snippet": "", "layer": "LINES-1", "path": "MultiLineString?crs=EPSG:4326&field=id:string(0,0)&field=Name:string(0,0)&field=tessellate:integer(0,0)&field=extrude:integer(0,0)&field=visibility:integer(0,0)&field=snippet:string(0,0)&uid={f755eb1e-86ee-4e06-8e74-06a57cdb8271}" }, "bbox": [ 73.1417586, 28.1472933, 73.141787, 28.1475969 ], "geometry": { "type": "MultiLineString", "coordinates": [ [ [ 73.1417638, 28.1472933 ], [ 73.141787, 28.1472936 ], [ 73.1417817, 28.1475969 ], [ 73.1417586, 28.1475965 ], [ 73.1417638, 28.1472933 ] ] ] } },
{ "type": "Feature", "properties": { "id": "kml_10", "Name": "kml_10", "tessellate": -1, "extrude": 0, "visibility": -1, "snippet": "", "layer": "LINES-1", "path": "MultiLineString?crs=EPSG:4326&field=id:string(0,0)&field=Name:string(0,0)&field=tessellate:integer(0,0)&field=extrude:integer(0,0)&field=visibility:integer(0,0)&field=snippet:string(0,0)&uid={f755eb1e-86ee-4e06-8e74-06a57cdb8271}" }, "bbox": [ 73.1418092, 28.1476057, 73.1418376, 28.1479093 ], "geometry": { "type": "MultiLineString", "coordinates": [ [ [ 73.1418144, 28.1476057 ], [ 73.1418376, 28.147606 ], [ 73.1418323, 28.1479093 ], [ 73.1418092, 28.147909 ], [ 73.1418144, 28.1476057 ] ] ] } },
{ "type": "Feature", "properties": { "id": "kml_10", "Name": "kml_10", "tessellate": -1, "extrude": 0, "visibility": -1, "snippet": "", "layer": "LINES-1", "path": "MultiLineString?crs=EPSG:4326&field=id:string(0,0)&field=Name:string(0,0)&field=tessellate:integer(0,0)&field=extrude:integer(0,0)&field=visibility:integer(0,0)&field=snippet:string(0,0)&uid={f755eb1e-86ee-4e06-8e74-06a57cdb8271}" }, "bbox": [ 73.1417532, 28.147605, 73.1417816, 28.1479085 ], "geometry": { "type": "MultiLineString", "coordinates": [ [ [ 73.1417585, 28.147605 ], [ 73.1417816, 28.1476053 ], [ 73.1417764, 28.1479085 ], [ 73.1417532, 28.1479082 ], [ 73.1417585, 28.147605 ] ] ] } },
{ "type": "Feature", "properties": { "id": "kml_10", "Name": "kml_10", "tessellate": -1, "extrude": 0, "visibility": -1, "snippet": "", "layer": "LINES-1", "path": "MultiLineString?crs=EPSG:4326&field=id:string(0,0)&field=Name:string(0,0)&field=tessellate:integer(0,0)&field=extrude:integer(0,0)&field=visibility:integer(0,0)&field=snippet:string(0,0)&uid={f755eb1e-86ee-4e06-8e74-06a57cdb8271}" }, "bbox": [ 73.1435048, 28.1466973, 73.1435332, 28.1470009 ], "geometry": { "type": "MultiLineString", "coordinates": [ [ [ 73.1435101, 28.1466973 ], [ 73.1435332, 28.1466977 ], [ 73.143528, 28.1470009 ], [ 73.1435048, 28.1470006 ], [ 73.1435101, 28.1466973 ] ] ] } },
{ "type": "Feature", "properties": { "id": "kml_10", "Name": "kml_10", "tessellate": -1, "extrude": 0, "visibility": -1, "snippet": "", "layer": "LINES-1", "path": "MultiLineString?crs=EPSG:4326&field=id:string(0,0)&field=Name:string(0,0)&field=tessellate:integer(0,0)&field=extrude:integer(0,0)&field=visibility:integer(0,0)&field=snippet:string(0,0)&uid={f755eb1e-86ee-4e06-8e74-06a57cdb8271}" }, "bbox": [ 73.1434489, 28.1466966, 73.1434772, 28.1470002 ], "geometry": { "type": "MultiLineString", "coordinates": [ [ [ 73.1434541, 28.1466966 ], [ 73.1434772, 28.1466969 ], [ 73.143472, 28.1470002 ], [ 73.1434489, 28.1469999 ], [ 73.1434541, 28.1466966 ] ] ] } },
{ "type": "Feature", "properties": { "id": "kml_10", "Name": "kml_10", "tessellate": -1, "extrude": 0, "visibility": -1, "snippet": "", "layer": "LINES-1", "path": "MultiLineString?crs=EPSG:4326&field=id:string(0,0)&field=Name:string(0,0)&field=tessellate:integer(0,0)&field=extrude:integer(0,0)&field=visibility:integer(0,0)&field=snippet:string(0,0)&uid={f755eb1e-86ee-4e06-8e74-06a57cdb8271}" }, "bbox": [ 73.1434995, 28.147009, 73.1435278, 28.1473126 ], "geometry": { "type": "MultiLineString", "coordinates": [ [ [ 73.1435047, 28.147009 ], [ 73.1435278, 28.1470093 ], [ 73.1435226, 28.1473126 ], [ 73.1434995, 28.1473123 ], [ 73.1435047, 28.147009 ] ] ] } },
{ "type": "Feature", "properties": { "id": "kml_10", "Name": "kml_10", "tessellate": -1, "extrude": 0, "visibility": -1, "snippet": "", "layer": "LINES-1", "path": "MultiLineString?crs=EPSG:4326&field=id:string(0,0)&field=Name:string(0,0)&field=tessellate:integer(0,0)&field=extrude:integer(0,0)&field=visibility:integer(0,0)&field=snippet:string(0,0)&uid={f755eb1e-86ee-4e06-8e74-06a57cdb8271}" }, "bbox": [ 73.1434435, 28.1470083, 73.1434718, 28.1473119 ], "geometry": { "type": "MultiLineString", "coordinates": [ [ [ 73.1434487, 28.1470083 ], [ 73.1434718, 28.1470086 ], [ 73.1434666, 28.1473119 ], [ 73.1434435, 28.1473115 ], [ 73.1434487, 28.1470083 ] ] ] } },
{ "type": "Feature", "properties": { "id": "kml_10", "Name": "kml_10", "tessellate": -1, "extrude": 0, "visibility": -1, "snippet": "", "layer": "LINES-1", "path": "MultiLineString?crs=EPSG:4326&field=id:string(0,0)&field=Name:string(0,0)&field=tessellate:integer(0,0)&field=extrude:integer(0,0)&field=visibility:integer(0,0)&field=snippet:string(0,0)&uid={f755eb1e-86ee-4e06-8e74-06a57cdb8271}" }, "bbox": [ 73.1448805, 28.1448571, 73.1449089, 28.1451607 ], "geometry": { "type": "MultiLineString", "coordinates": [ [ [ 73.1448857, 28.1448571 ], [ 73.1449089, 28.1448575 ], [ 73.1449036, 28.1451607 ], [ 73.1448805, 28.1451604 ], [ 73.1448857, 28.1448571 ] ] ] } },
{ "type": "Feature", "properties": { "id": "kml_10", "Name": "kml_10", "tessellate": -1, "extrude": 0, "visibility": -1, "snippet": "", "layer": "LINES-1", "path": "MultiLineString?crs=EPSG:4326&field=id:string(0,0)&field=Name:string(0,0)&field=tessellate:integer(0,0)&field=extrude:integer(0,0)&field=visibility:integer(0,0)&field=snippet:string(0,0)&uid={f755eb1e-86ee-4e06-8e74-06a57cdb8271}" }, "bbox": [ 73.1448245, 28.1448564, 73.1448529, 28.14516 ], "geometry": { "type": "MultiLineString", "coordinates": [ [ [ 73.1448298, 28.1448564 ], [ 73.1448529, 28.1448567 ], [ 73.1448477, 28.14516 ], [ 73.1448245, 28.1451597 ], [ 73.1448298, 28.1448564 ] ] ] } },
{ "type": "Feature", "properties": { "id": "kml_10", "Name": "kml_10", "tessellate": -1, "extrude": 0, "visibility": -1, "snippet": "", "layer": "LINES-1", "path": "MultiLineString?crs=EPSG:4326&field=id:string(0,0)&field=Name:string(0,0)&field=tessellate:integer(0,0)&field=extrude:integer(0,0)&field=visibility:integer(0,0)&field=snippet:string(0,0)&uid={f755eb1e-86ee-4e06-8e74-06a57cdb8271}" }, "bbox": [ 73.1448751, 28.1451688, 73.1449035, 28.1454724 ], "geometry": { "type": "MultiLineString", "coordinates": [ [ [ 73.1448804, 28.1451688 ], [ 73.1449035, 28.1451691 ], [ 73.1448983, 28.1454724 ], [ 73.1448751, 28.1454721 ], [ 73.1448804, 28.1451688 ] ] ] } },
{ "type": "Feature", "properties": { "id": "kml_10", "Name": "kml_10", "tessellate": -1, "extrude": 0, "visibility": -1, "snippet": "", "layer": "LINES-1", "path": "MultiLineString?crs=EPSG:4326&field=id:string(0,0)&field=Name:string(0,0)&field=tessellate:integer(0,0)&field=extrude:integer(0,0)&field=visibility:integer(0,0)&field=snippet:string(0,0)&uid={f755eb1e-86ee-4e06-8e74-06a57cdb8271}" }, "bbox": [ 73.1448192, 28.1451681, 73.1448475, 28.1454717 ], "geometry": { "type": "MultiLineString", "coordinates": [ [ [ 73.1448244, 28.1451681 ], [ 73.1448475, 28.1451684 ], [ 73.1448423, 28.1454717 ], [ 73.1448192, 28.1454713 ], [ 73.1448244, 28.1451681 ] ] ] } },
{ "type": "Feature", "properties": { "id": "kml_10", "Name": "kml_10", "tessellate": -1, "extrude": 0, "visibility": -1, "snippet": "", "layer": "LINES-1", "path": "MultiLineString?crs=EPSG:4326&field=id:string(0,0)&field=Name:string(0,0)&field=tessellate:integer(0,0)&field=extrude:integer(0,0)&field=visibility:integer(0,0)&field=snippet:string(0,0)&uid={f755eb1e-86ee-4e06-8e74-06a57cdb8271}" }, "bbox": [ 73.1448113, 28.1423778, 73.1448396, 28.1426814 ], "geometry": { "type": "MultiLineString", "coordinates": [ [ [ 73.1448165, 28.1423778 ], [ 73.1448396, 28.1423781 ], [ 73.1448344, 28.1426814 ], [ 73.1448113, 28.142681 ], [ 73.1448165, 28.1423778 ] ] ] } },
{ "type": "Feature", "properties": { "id": "kml_10", "Name": "kml_10", "tessellate": -1, "extrude": 0, "visibility": -1, "snippet": "", "layer": "LINES-1", "path": "MultiLineString?crs=EPSG:4326&field=id:string(0,0)&field=Name:string(0,0)&field=tessellate:integer(0,0)&field=extrude:integer(0,0)&field=visibility:integer(0,0)&field=snippet:string(0,0)&uid={f755eb1e-86ee-4e06-8e74-06a57cdb8271}" }, "bbox": [ 73.1447553, 28.142377, 73.1447836, 28.1426806 ], "geometry": { "type": "MultiLineString", "coordinates": [ [ [ 73.1447605, 28.142377 ], [ 73.1447836, 28.1423773 ], [ 73.1447784, 28.1426806 ], [ 73.1447553, 28.1426803 ], [ 73.1447605, 28.142377 ] ] ] } },
{ "type": "Feature", "properties": { "id": "kml_10", "Name": "kml_10", "tessellate": -1, "extrude": 0, "visibility": -1, "snippet": "", "layer": "LINES-1", "path": "MultiLineString?crs=EPSG:4326&field=id:string(0,0)&field=Name:string(0,0)&field=tessellate:integer(0,0)&field=extrude:integer(0,0)&field=visibility:integer(0,0)&field=snippet:string(0,0)&uid={f755eb1e-86ee-4e06-8e74-06a57cdb8271}" }, "bbox": [ 73.1448059, 28.1426895, 73.1448342, 28.142993 ], "geometry": { "type": "MultiLineString", "coordinates": [ [ [ 73.1448111, 28.1426895 ], [ 73.1448342, 28.1426898 ], [ 73.144829, 28.142993 ], [ 73.1448059, 28.1429927 ], [ 73.1448111, 28.1426895 ] ] ] } },
{ "type": "Feature", "properties": { "id": "kml_10", "Name": "kml_10", "tessellate": -1, "extrude": 0, "visibility": -1, "snippet": "", "layer": "LINES-1", "path": "MultiLineString?crs=EPSG:4326&field=id:string(0,0)&field=Name:string(0,0)&field=tessellate:integer(0,0)&field=extrude:integer(0,0)&field=visibility:integer(0,0)&field=snippet:string(0,0)&uid={f755eb1e-86ee-4e06-8e74-06a57cdb8271}" }, "bbox": [ 73.1447499, 28.1426887, 73.1447783, 28.1429923 ], "geometry": { "type": "MultiLineString", "coordinates": [ [ [ 73.1447551, 28.1426887 ], [ 73.1447783, 28.142689 ], [ 73.144773, 28.1429923 ], [ 73.1447499, 28.142992 ], [ 73.1447551, 28.1426887 ] ] ] } },
{ "type": "Feature", "properties": { "id": "kml_10", "Name": "kml_10", "tessellate": -1, "extrude": 0, "visibility": -1, "snippet": "", "layer": "LINES-1", "path": "MultiLineString?crs=EPSG:4326&field=id:string(0,0)&field=Name:string(0,0)&field=tessellate:integer(0,0)&field=extrude:integer(0,0)&field=visibility:integer(0,0)&field=snippet:string(0,0)&uid={f755eb1e-86ee-4e06-8e74-06a57cdb8271}" }, "bbox": [ 73.1436224, 28.1398832, 73.1436507, 28.1401868 ], "geometry": { "type": "MultiLineString", "coordinates": [ [ [ 73.1436276, 28.1398832 ], [ 73.1436507, 28.1398835 ], [ 73.1436455, 28.1401868 ], [ 73.1436224, 28.1401865 ], [ 73.1436276, 28.1398832 ] ] ] } },
{ "type": "Feature", "properties": { "id": "kml_10", "Name": "kml_10", "tessellate": -1, "extrude": 0, "visibility": -1, "snippet": "", "layer": "LINES-1", "path": "MultiLineString?crs=EPSG:4326&field=id:string(0,0)&field=Name:string(0,0)&field=tessellate:integer(0,0)&field=extrude:integer(0,0)&field=visibility:integer(0,0)&field=snippet:string(0,0)&uid={f755eb1e-86ee-4e06-8e74-06a57cdb8271}" }, "bbox": [ 73.1435664, 28.1398825, 73.1435947, 28.140186 ], "geometry": { "type": "MultiLineString", "coordinates": [ [ [ 73.1435716, 28.1398825 ], [ 73.1435947, 28.1398828 ], [ 73.1435895, 28.140186 ], [ 73.1435664, 28.1401857 ], [ 73.1435716, 28.1398825 ] ] ] } },
{ "type": "Feature", "properties": { "id": "kml_10", "Name": "kml_10", "tessellate": -1, "extrude": 0, "visibility": -1, "snippet": "", "layer": "LINES-1", "path": "MultiLineString?crs=EPSG:4326&field=id:string(0,0)&field=Name:string(0,0)&field=tessellate:integer(0,0)&field=extrude:integer(0,0)&field=visibility:integer(0,0)&field=snippet:string(0,0)&uid={f755eb1e-86ee-4e06-8e74-06a57cdb8271}" }, "bbox": [ 73.143617, 28.1401949, 73.1436453, 28.1404985 ], "geometry": { "type": "MultiLineString", "coordinates": [ [ [ 73.1436222, 28.1401949 ], [ 73.1436453, 28.1401952 ], [ 73.1436401, 28.1404985 ], [ 73.143617, 28.1404982 ], [ 73.1436222, 28.1401949 ] ] ] } },
{ "type": "Feature", "properties": { "id": "kml_10", "Name": "kml_10", "tessellate": -1, "extrude": 0, "visibility": -1, "snippet": "", "layer": "LINES-1", "path": "MultiLineString?crs=EPSG:4326&field=id:string(0,0)&field=Name:string(0,0)&field=tessellate:integer(0,0)&field=extrude:integer(0,0)&field=visibility:integer(0,0)&field=snippet:string(0,0)&uid={f755eb1e-86ee-4e06-8e74-06a57cdb8271}" }, "bbox": [ 73.143561, 28.1401941, 73.1435894, 28.1404977 ], "geometry": { "type": "MultiLineString", "coordinates": [ [ [ 73.1435662, 28.1401941 ], [ 73.1435894, 28.1401945 ], [ 73.1435841, 28.1404977 ], [ 73.143561, 28.1404974 ], [ 73.1435662, 28.1401941 ] ] ] } },
{ "type": "Feature", "properties": { "id": "kml_10", "Name": "kml_10", "tessellate": -1, "extrude": 0, "visibility": -1, "snippet": "", "layer": "LINES-1", "path": "MultiLineString?crs=EPSG:4326&field=id:string(0,0)&field=Name:string(0,0)&field=tessellate:integer(0,0)&field=extrude:integer(0,0)&field=visibility:integer(0,0)&field=snippet:string(0,0)&uid={f755eb1e-86ee-4e06-8e74-06a57cdb8271}" }, "bbox": [ 73.1433878, 28.1404997, 73.1434161, 28.1408032 ], "geometry": { "type": "MultiLineString", "coordinates": [ [ [ 73.143393, 28.1404997 ], [ 73.1434161, 28.1405 ], [ 73.1434109, 28.1408032 ], [ 73.1433878, 28.1408029 ], [ 73.143393, 28.1404997 ] ] ] } },
{ "type": "Feature", "properties": { "id": "kml_10", "Name": "kml_10", "tessellate": -1, "extrude": 0, "visibility": -1, "snippet": "", "layer": "LINES-1", "path": "MultiLineString?crs=EPSG:4326&field=id:string(0,0)&field=Name:string(0,0)&field=tessellate:integer(0,0)&field=extrude:integer(0,0)&field=visibility:integer(0,0)&field=snippet:string(0,0)&uid={f755eb1e-86ee-4e06-8e74-06a57cdb8271}" }, "bbox": [ 73.1433318, 28.1404989, 73.1433601, 28.1408025 ], "geometry": { "type": "MultiLineString", "coordinates": [ [ [ 73.143337, 28.1404989 ], [ 73.1433601, 28.1404992 ], [ 73.1433549, 28.1408025 ], [ 73.1433318, 28.1408022 ], [ 73.143337, 28.1404989 ] ] ] } },
{ "type": "Feature", "properties": { "id": "kml_10", "Name": "kml_10", "tessellate": -1, "extrude": 0, "visibility": -1, "snippet": "", "layer": "LINES-1", "path": "MultiLineString?crs=EPSG:4326&field=id:string(0,0)&field=Name:string(0,0)&field=tessellate:integer(0,0)&field=extrude:integer(0,0)&field=visibility:integer(0,0)&field=snippet:string(0,0)&uid={f755eb1e-86ee-4e06-8e74-06a57cdb8271}" }, "bbox": [ 73.1433824, 28.1408113, 73.1434107, 28.1411149 ], "geometry": { "type": "MultiLineString", "coordinates": [ [ [ 73.1433876, 28.1408113 ], [ 73.1434107, 28.1408117 ], [ 73.1434055, 28.1411149 ], [ 73.1433824, 28.1411146 ], [ 73.1433876, 28.1408113 ] ] ] } },
{ "type": "Feature", "properties": { "id": "kml_10", "Name": "kml_10", "tessellate": -1, "extrude": 0, "visibility": -1, "snippet": "", "layer": "LINES-1", "path": "MultiLineString?crs=EPSG:4326&field=id:string(0,0)&field=Name:string(0,0)&field=tessellate:integer(0,0)&field=extrude:integer(0,0)&field=visibility:integer(0,0)&field=snippet:string(0,0)&uid={f755eb1e-86ee-4e06-8e74-06a57cdb8271}" }, "bbox": [ 73.1433264, 28.1408106, 73.1433548, 28.1411142 ], "geometry": { "type": "MultiLineString", "coordinates": [ [ [ 73.1433316, 28.1408106 ], [ 73.1433548, 28.1408109 ], [ 73.1433495, 28.1411142 ], [ 73.1433264, 28.1411138 ], [ 73.1433316, 28.1408106 ] ] ] } },
{ "type": "Feature", "properties": { "id": "kml_10", "Name": "kml_10", "tessellate": -1, "extrude": 0, "visibility": -1, "snippet": "", "layer": "LINES-1", "path": "MultiLineString?crs=EPSG:4326&field=id:string(0,0)&field=Name:string(0,0)&field=tessellate:integer(0,0)&field=extrude:integer(0,0)&field=visibility:integer(0,0)&field=snippet:string(0,0)&uid={f755eb1e-86ee-4e06-8e74-06a57cdb8271}" }, "bbox": [ 73.1432651, 28.1411176, 73.1432935, 28.1414212 ], "geometry": { "type": "MultiLineString", "coordinates": [ [ [ 73.1432703, 28.1411176 ], [ 73.1432935, 28.1411179 ], [ 73.1432882, 28.1414212 ], [ 73.1432651, 28.1414209 ], [ 73.1432703, 28.1411176 ] ] ] } },
{ "type": "Feature", "properties": { "id": "kml_10", "Name": "kml_10", "tessellate": -1, "extrude": 0, "visibility": -1, "snippet": "", "layer": "LINES-1", "path": "MultiLineString?crs=EPSG:4326&field=id:string(0,0)&field=Name:string(0,0)&field=tessellate:integer(0,0)&field=extrude:integer(0,0)&field=visibility:integer(0,0)&field=snippet:string(0,0)&uid={f755eb1e-86ee-4e06-8e74-06a57cdb8271}" }, "bbox": [ 73.1432091, 28.1411168, 73.1432375, 28.1414204 ], "geometry": { "type": "MultiLineString", "coordinates": [ [ [ 73.1432144, 28.1411168 ], [ 73.1432375, 28.1411172 ], [ 73.1432323, 28.1414204 ], [ 73.1432091, 28.1414201 ], [ 73.1432144, 28.1411168 ] ] ] } },
{ "type": "Feature", "properties": { "id": "kml_10", "Name": "kml_10", "tessellate": -1, "extrude": 0, "visibility": -1, "snippet": "", "layer": "LINES-1", "path": "MultiLineString?crs=EPSG:4326&field=id:string(0,0)&field=Name:string(0,0)&field=tessellate:integer(0,0)&field=extrude:integer(0,0)&field=visibility:integer(0,0)&field=snippet:string(0,0)&uid={f755eb1e-86ee-4e06-8e74-06a57cdb8271}" }, "bbox": [ 73.1432597, 28.1414293, 73.1432881, 28.1417329 ], "geometry": { "type": "MultiLineString", "coordinates": [ [ [ 73.143265, 28.1414293 ], [ 73.1432881, 28.1414296 ], [ 73.1432829, 28.1417329 ], [ 73.1432597, 28.1417326 ], [ 73.143265, 28.1414293 ] ] ] } },
{ "type": "Feature", "properties": { "id": "kml_10", "Name": "kml_10", "tessellate": -1, "extrude": 0, "visibility": -1, "snippet": "", "layer": "LINES-1", "path": "MultiLineString?crs=EPSG:4326&field=id:string(0,0)&field=Name:string(0,0)&field=tessellate:integer(0,0)&field=extrude:integer(0,0)&field=visibility:integer(0,0)&field=snippet:string(0,0)&uid={f755eb1e-86ee-4e06-8e74-06a57cdb8271}" }, "bbox": [ 73.1432038, 28.1414285, 73.1432321, 28.1417321 ], "geometry": { "type": "MultiLineString", "coordinates": [ [ [ 73.143209, 28.1414285 ], [ 73.1432321, 28.1414288 ], [ 73.1432269, 28.1417321 ], [ 73.1432038, 28.1417318 ], [ 73.143209, 28.1414285 ] ] ] } },
{ "type": "Feature", "properties": { "id": "kml_10", "Name": "kml_10", "tessellate": -1, "extrude": 0, "visibility": -1, "snippet": "", "layer": "LINES-1", "path": "MultiLineString?crs=EPSG:4326&field=id:string(0,0)&field=Name:string(0,0)&field=tessellate:integer(0,0)&field=extrude:integer(0,0)&field=visibility:integer(0,0)&field=snippet:string(0,0)&uid={f755eb1e-86ee-4e06-8e74-06a57cdb8271}" }, "bbox": [ 73.1438142, 28.1417447, 73.1438426, 28.1420482 ], "geometry": { "type": "MultiLineString", "coordinates": [ [ [ 73.1438195, 28.1417447 ], [ 73.1438426, 28.141745 ], [ 73.1438374, 28.1420482 ], [ 73.1438142, 28.1420479 ], [ 73.1438195, 28.1417447 ] ] ] } },
{ "type": "Feature", "properties": { "id": "kml_10", "Name": "kml_10", "tessellate": -1, "extrude": 0, "visibility": -1, "snippet": "", "layer": "LINES-1", "path": "MultiLineString?crs=EPSG:4326&field=id:string(0,0)&field=Name:string(0,0)&field=tessellate:integer(0,0)&field=extrude:integer(0,0)&field=visibility:integer(0,0)&field=snippet:string(0,0)&uid={f755eb1e-86ee-4e06-8e74-06a57cdb8271}" }, "bbox": [ 73.1437583, 28.1417439, 73.1437866, 28.1420475 ], "geometry": { "type": "MultiLineString", "coordinates": [ [ [ 73.1437635, 28.1417439 ], [ 73.1437866, 28.1417442 ], [ 73.1437814, 28.1420475 ], [ 73.1437583, 28.1420472 ], [ 73.1437635, 28.1417439 ] ] ] } },
{ "type": "Feature", "properties": { "id": "kml_10", "Name": "kml_10", "tessellate": -1, "extrude": 0, "visibility": -1, "snippet": "", "layer": "LINES-1", "path": "MultiLineString?crs=EPSG:4326&field=id:string(0,0)&field=Name:string(0,0)&field=tessellate:integer(0,0)&field=extrude:integer(0,0)&field=visibility:integer(0,0)&field=snippet:string(0,0)&uid={f755eb1e-86ee-4e06-8e74-06a57cdb8271}" }, "bbox": [ 73.1438089, 28.1420563, 73.1438372, 28.1423599 ], "geometry": { "type": "MultiLineString", "coordinates": [ [ [ 73.1438141, 28.1420563 ], [ 73.1438372, 28.1420567 ], [ 73.143832, 28.1423599 ], [ 73.1438089, 28.1423596 ], [ 73.1438141, 28.1420563 ] ] ] } },
{ "type": "Feature", "properties": { "id": "kml_10", "Name": "kml_10", "tessellate": -1, "extrude": 0, "visibility": -1, "snippet": "", "layer": "LINES-1", "path": "MultiLineString?crs=EPSG:4326&field=id:string(0,0)&field=Name:string(0,0)&field=tessellate:integer(0,0)&field=extrude:integer(0,0)&field=visibility:integer(0,0)&field=snippet:string(0,0)&uid={f755eb1e-86ee-4e06-8e74-06a57cdb8271}" }, "bbox": [ 73.1437529, 28.1420556, 73.1437812, 28.1423592 ], "geometry": { "type": "MultiLineString", "coordinates": [ [ [ 73.1437581, 28.1420556 ], [ 73.1437812, 28.1420559 ], [ 73.143776, 28.1423592 ], [ 73.1437529, 28.1423588 ], [ 73.1437581, 28.1420556 ] ] ] } },
{ "type": "Feature", "properties": { "id": "kml_10", "Name": "kml_10", "tessellate": -1, "extrude": 0, "visibility": -1, "snippet": "", "layer": "LINES-1", "path": "MultiLineString?crs=EPSG:4326&field=id:string(0,0)&field=Name:string(0,0)&field=tessellate:integer(0,0)&field=extrude:integer(0,0)&field=visibility:integer(0,0)&field=snippet:string(0,0)&uid={f755eb1e-86ee-4e06-8e74-06a57cdb8271}" }, "bbox": [ 73.144422, 28.1454705, 73.1444503, 28.1457741 ], "geometry": { "type": "MultiLineString", "coordinates": [ [ [ 73.1444272, 28.1454705 ], [ 73.1444503, 28.1454709 ], [ 73.1444451, 28.1457741 ], [ 73.144422, 28.1457738 ], [ 73.1444272, 28.1454705 ] ] ] } },
{ "type": "Feature", "properties": { "id": "kml_10", "Name": "kml_10", "tessellate": -1, "extrude": 0, "visibility": -1, "snippet": "", "layer": "LINES-1", "path": "MultiLineString?crs=EPSG:4326&field=id:string(0,0)&field=Name:string(0,0)&field=tessellate:integer(0,0)&field=extrude:integer(0,0)&field=visibility:integer(0,0)&field=snippet:string(0,0)&uid={f755eb1e-86ee-4e06-8e74-06a57cdb8271}" }, "bbox": [ 73.144366, 28.1454698, 73.1443943, 28.1457734 ], "geometry": { "type": "MultiLineString", "coordinates": [ [ [ 73.1443712, 28.1454698 ], [ 73.1443943, 28.1454701 ], [ 73.1443891, 28.1457734 ], [ 73.144366, 28.1457731 ], [ 73.1443712, 28.1454698 ] ] ] } },
{ "type": "Feature", "properties": { "id": "kml_10", "Name": "kml_10", "tessellate": -1, "extrude": 0, "visibility": -1, "snippet": "", "layer": "LINES-1", "path": "MultiLineString?crs=EPSG:4326&field=id:string(0,0)&field=Name:string(0,0)&field=tessellate:integer(0,0)&field=extrude:integer(0,0)&field=visibility:integer(0,0)&field=snippet:string(0,0)&uid={f755eb1e-86ee-4e06-8e74-06a57cdb8271}" }, "bbox": [ 73.1444166, 28.1457822, 73.1444449, 28.1460858 ], "geometry": { "type": "MultiLineString", "coordinates": [ [ [ 73.1444218, 28.1457822 ], [ 73.1444449, 28.1457825 ], [ 73.1444397, 28.1460858 ], [ 73.1444166, 28.1460855 ], [ 73.1444218, 28.1457822 ] ] ] } },
{ "type": "Feature", "properties": { "id": "kml_10", "Name": "kml_10", "tessellate": -1, "extrude": 0, "visibility": -1, "snippet": "", "layer": "LINES-1", "path": "MultiLineString?crs=EPSG:4326&field=id:string(0,0)&field=Name:string(0,0)&field=tessellate:integer(0,0)&field=extrude:integer(0,0)&field=visibility:integer(0,0)&field=snippet:string(0,0)&uid={f755eb1e-86ee-4e06-8e74-06a57cdb8271}" }, "bbox": [ 73.1443606, 28.1457815, 73.144389, 28.1460851 ], "geometry": { "type": "MultiLineString", "coordinates": [ [ [ 73.1443658, 28.1457815 ], [ 73.144389, 28.1457818 ], [ 73.1443837, 28.1460851 ], [ 73.1443606, 28.1460847 ], [ 73.1443658, 28.1457815 ] ] ] } },
{ "type": "Feature", "properties": { "id": "kml_10", "Name": "kml_10", "tessellate": -1, "extrude": 0, "visibility": -1, "snippet": "", "layer": "LINES-1", "path": "MultiLineString?crs=EPSG:4326&field=id:string(0,0)&field=Name:string(0,0)&field=tessellate:integer(0,0)&field=extrude:integer(0,0)&field=visibility:integer(0,0)&field=snippet:string(0,0)&uid={f755eb1e-86ee-4e06-8e74-06a57cdb8271}" }, "bbox": [ 73.1438514, 28.1460824, 73.1438798, 28.146386 ], "geometry": { "type": "MultiLineString", "coordinates": [ [ [ 73.1438567, 28.1460824 ], [ 73.1438798, 28.1460827 ], [ 73.1438746, 28.146386 ], [ 73.1438514, 28.1463857 ], [ 73.1438567, 28.1460824 ] ] ] } },
{ "type": "Feature", "properties": { "id": "kml_10", "Name": "kml_10", "tessellate": -1, "extrude": 0, "visibility": -1, "snippet": "", "layer": "LINES-1", "path": "MultiLineString?crs=EPSG:4326&field=id:string(0,0)&field=Name:string(0,0)&field=tessellate:integer(0,0)&field=extrude:integer(0,0)&field=visibility:integer(0,0)&field=snippet:string(0,0)&uid={f755eb1e-86ee-4e06-8e74-06a57cdb8271}" }, "bbox": [ 73.1437954, 28.1460817, 73.1438238, 28.1463853 ], "geometry": { "type": "MultiLineString", "coordinates": [ [ [ 73.1438007, 28.1460817 ], [ 73.1438238, 28.146082 ], [ 73.1438186, 28.1463853 ], [ 73.1437954, 28.1463849 ], [ 73.1438007, 28.1460817 ] ] ] } },
{ "type": "Feature", "properties": { "id": "kml_10", "Name": "kml_10", "tessellate": -1, "extrude": 0, "visibility": -1, "snippet": "", "layer": "LINES-1", "path": "MultiLineString?crs=EPSG:4326&field=id:string(0,0)&field=Name:string(0,0)&field=tessellate:integer(0,0)&field=extrude:integer(0,0)&field=visibility:integer(0,0)&field=snippet:string(0,0)&uid={f755eb1e-86ee-4e06-8e74-06a57cdb8271}" }, "bbox": [ 73.1438461, 28.1463941, 73.1438744, 28.1466977 ], "geometry": { "type": "MultiLineString", "coordinates": [ [ [ 73.1438513, 28.1463941 ], [ 73.1438744, 28.1463944 ], [ 73.1438692, 28.1466977 ], [ 73.1438461, 28.1466974 ], [ 73.1438513, 28.1463941 ] ] ] } },
{ "type": "Feature", "properties": { "id": "kml_10", "Name": "kml_10", "tessellate": -1, "extrude": 0, "visibility": -1, "snippet": "", "layer": "LINES-1", "path": "MultiLineString?crs=EPSG:4326&field=id:string(0,0)&field=Name:string(0,0)&field=tessellate:integer(0,0)&field=extrude:integer(0,0)&field=visibility:integer(0,0)&field=snippet:string(0,0)&uid={f755eb1e-86ee-4e06-8e74-06a57cdb8271}" }, "bbox": [ 73.1437901, 28.1463934, 73.1438184, 28.1466969 ], "geometry": { "type": "MultiLineString", "coordinates": [ [ [ 73.1437953, 28.1463934 ], [ 73.1438184, 28.1463937 ], [ 73.1438132, 28.1466969 ], [ 73.1437901, 28.1466966 ], [ 73.1437953, 28.1463934 ] ] ] } },
{ "type": "Feature", "properties": { "id": "kml_10", "Name": "kml_10", "tessellate": -1, "extrude": 0, "visibility": -1, "snippet": "", "layer": "LINES-1", "path": "MultiLineString?crs=EPSG:4326&field=id:string(0,0)&field=Name:string(0,0)&field=tessellate:integer(0,0)&field=extrude:integer(0,0)&field=visibility:integer(0,0)&field=snippet:string(0,0)&uid={f755eb1e-86ee-4e06-8e74-06a57cdb8271}" }, "bbox": [ 73.1436702, 28.1436015, 73.1436986, 28.1439051 ], "geometry": { "type": "MultiLineString", "coordinates": [ [ [ 73.1436755, 28.1436015 ], [ 73.1436986, 28.1436018 ], [ 73.1436934, 28.1439051 ], [ 73.1436702, 28.1439048 ], [ 73.1436755, 28.1436015 ] ] ] } },
{ "type": "Feature", "properties": { "id": "kml_10", "Name": "kml_10", "tessellate": -1, "extrude": 0, "visibility": -1, "snippet": "", "layer": "LINES-1", "path": "MultiLineString?crs=EPSG:4326&field=id:string(0,0)&field=Name:string(0,0)&field=tessellate:integer(0,0)&field=extrude:integer(0,0)&field=visibility:integer(0,0)&field=snippet:string(0,0)&uid={f755eb1e-86ee-4e06-8e74-06a57cdb8271}" }, "bbox": [ 73.1436143, 28.1436008, 73.1436426, 28.1439044 ], "geometry": { "type": "MultiLineString", "coordinates": [ [ [ 73.1436195, 28.1436008 ], [ 73.1436426, 28.1436011 ], [ 73.1436374, 28.1439044 ], [ 73.1436143, 28.143904 ], [ 73.1436195, 28.1436008 ] ] ] } },
{ "type": "Feature", "properties": { "id": "kml_10", "Name": "kml_10", "tessellate": -1, "extrude": 0, "visibility": -1, "snippet": "", "layer": "LINES-1", "path": "MultiLineString?crs=EPSG:4326&field=id:string(0,0)&field=Name:string(0,0)&field=tessellate:integer(0,0)&field=extrude:integer(0,0)&field=visibility:integer(0,0)&field=snippet:string(0,0)&uid={f755eb1e-86ee-4e06-8e74-06a57cdb8271}" }, "bbox": [ 73.1436649, 28.1439132, 73.1436932, 28.1442168 ], "geometry": { "type": "MultiLineString", "coordinates": [ [ [ 73.1436701, 28.1439132 ], [ 73.1436932, 28.1439135 ], [ 73.143688, 28.1442168 ], [ 73.1436649, 28.1442165 ], [ 73.1436701, 28.1439132 ] ] ] } },
{ "type": "Feature", "properties": { "id": "kml_10", "Name": "kml_10", "tessellate": -1, "extrude": 0, "visibility": -1, "snippet": "", "layer": "LINES-1", "path": "MultiLineString?crs=EPSG:4326&field=id:string(0,0)&field=Name:string(0,0)&field=tessellate:integer(0,0)&field=extrude:integer(0,0)&field=visibility:integer(0,0)&field=snippet:string(0,0)&uid={f755eb1e-86ee-4e06-8e74-06a57cdb8271}" }, "bbox": [ 73.1436089, 28.1439125, 73.1436372, 28.144216 ], "geometry": { "type": "MultiLineString", "coordinates": [ [ [ 73.1436141, 28.1439125 ], [ 73.1436372, 28.1439128 ], [ 73.143632, 28.144216 ], [ 73.1436089, 28.1442157 ], [ 73.1436141, 28.1439125 ] ] ] } }
]
}
