{
"type": "FeatureCollection",
"name": "ITC-6 strings",
"bbox": [ 73.1257964, 28.1446478, 0.0000000, 73.1326997, 28.1514156, 0.0000000 ],                                                  
"features": [
{ "type": "Feature", "properties": { "id": "kml_5", "Name": "EDGE TRACKERS", "description": null, "timestamp": null, "begin": null, "end": null, "altitudeMode": null, "tessellate": -1, "extrude": 0, "visibility": -1, "drawOrder": null, "icon": null }, "bbox": [ 73.1263563, 28.1446616, 0.0, 73.1326997, 28.1514156, 0.0 ], "geometry": { "type": "MultiLineString", "coordinates": [ [ [ 73.130996, 28.1449998, 0.0 ], [ 73.1310192, 28.1450002, 0.0 ], [ 73.1310139, 28.1453034, 0.0 ], [ 73.1309908, 28.1453031, 0.0 ], [ 73.130996, 28.1449998, 0.0 ] ], [ [ 73.13094, 28.1449991, 0.0 ], [ 73.1309632, 28.1449994, 0.0 ], [ 73.1309579, 28.1453027, 0.0 ], [ 73.1309348, 28.1453024, 0.0 ], [ 73.13094, 28.1449991, 0.0 ] ], [ [ 73.1309906, 28.1453115, 0.0 ], [ 73.1310137, 28.1453118, 0.0 ], [ 73.1310085, 28.1456151, 0.0 ], [ 73.1309854, 28.1456148, 0.0 ], [ 73.1309906, 28.1453115, 0.0 ] ], [ [ 73.1309346, 28.1453108, 0.0 ], [ 73.1309578, 28.1453111, 0.0 ], [ 73.1309525, 28.1456143, 0.0 ], [ 73.1309294, 28.145614, 0.0 ], [ 73.1309346, 28.1453108, 0.0 ] ], [ [ 73.1308859, 28.1448908, 0.0 ], [ 73.1309091, 28.1448911, 0.0 ], [ 73.1309038, 28.1451944, 0.0 ], [ 73.1308807, 28.1451941, 0.0 ], [ 73.1308859, 28.1448908, 0.0 ] ], [ [ 73.1308299, 28.14489, 0.0 ], [ 73.1308531, 28.1448904, 0.0 ], [ 73.1308478, 28.1451936, 0.0 ], [ 73.1308247, 28.1451933, 0.0 ], [ 73.1308299, 28.14489, 0.0 ] ], [ [ 73.1308805, 28.1452025, 0.0 ], [ 73.1309036, 28.1452028, 0.0 ], [ 73.1308984, 28.1455061, 0.0 ], [ 73.1308753, 28.1455057, 0.0 ], [ 73.1308805, 28.1452025, 0.0 ] ], [ [ 73.1308245, 28.1452017, 0.0 ], [ 73.1308477, 28.145202, 0.0 ], [ 73.1308424, 28.1455053, 0.0 ], [ 73.1308193, 28.145505, 0.0 ], [ 73.1308245, 28.1452017, 0.0 ] ], [ [ 73.1265093, 28.1454034, 0.0 ], [ 73.1265324, 28.1454037, 0.0 ], [ 73.1265271, 28.145707, 0.0 ], [ 73.126504, 28.1457067, 0.0 ], [ 73.1265093, 28.1454034, 0.0 ] ], [ [ 73.1264533, 28.1454026, 0.0 ], [ 73.1264764, 28.145403, 0.0 ], [ 73.1264711, 28.1457062, 0.0 ], [ 73.126448, 28.1457059, 0.0 ], [ 73.1264533, 28.1454026, 0.0 ] ], [ [ 73.1265038, 28.1457151, 0.0 ], [ 73.126527, 28.1457154, 0.0 ], [ 73.1265217, 28.1460187, 0.0 ], [ 73.1264986, 28.1460184, 0.0 ], [ 73.1265038, 28.1457151, 0.0 ] ], [ [ 73.1264479, 28.1457143, 0.0 ], [ 73.126471, 28.1457146, 0.0 ], [ 73.1264657, 28.1460179, 0.0 ], [ 73.1264426, 28.1460176, 0.0 ], [ 73.1264479, 28.1457143, 0.0 ] ], [ [ 73.1285819, 28.1485821, 0.0 ], [ 73.128605, 28.1485824, 0.0 ], [ 73.1285997, 28.1488857, 0.0 ], [ 73.1285766, 28.1488854, 0.0 ], [ 73.1285819, 28.1485821, 0.0 ] ], [ [ 73.1285259, 28.1485814, 0.0 ], [ 73.128549, 28.1485817, 0.0 ], [ 73.1285437, 28.1488849, 0.0 ], [ 73.1285206, 28.1488846, 0.0 ], [ 73.1285259, 28.1485814, 0.0 ] ], [ [ 73.1285765, 28.1488938, 0.0 ], [ 73.1285996, 28.1488941, 0.0 ], [ 73.1285943, 28.1491974, 0.0 ], [ 73.1285712, 28.1491971, 0.0 ], [ 73.1285765, 28.1488938, 0.0 ] ], [ [ 73.1285205, 28.148893, 0.0 ], [ 73.1285436, 28.1488933, 0.0 ], [ 73.1285383, 28.1491966, 0.0 ], [ 73.1285152, 28.1491963, 0.0 ], [ 73.1285205, 28.148893, 0.0 ] ], [ [ 73.1310631, 28.1489078, 0.0 ], [ 73.1310863, 28.1489081, 0.0 ], [ 73.131081, 28.1492114, 0.0 ], [ 73.1310579, 28.1492111, 0.0 ], [ 73.1310631, 28.1489078, 0.0 ] ], [ [ 73.1310072, 28.148907, 0.0 ], [ 73.1310303, 28.1489074, 0.0 ], [ 73.131025, 28.1492106, 0.0 ], [ 73.1310019, 28.1492103, 0.0 ], [ 73.1310072, 28.148907, 0.0 ] ], [ [ 73.1310577, 28.1492195, 0.0 ], [ 73.1310809, 28.1492198, 0.0 ], [ 73.1310756, 28.1495231, 0.0 ], [ 73.1310525, 28.1495228, 0.0 ], [ 73.1310577, 28.1492195, 0.0 ] ], [ [ 73.1310017, 28.1492187, 0.0 ], [ 73.1310249, 28.149219, 0.0 ], [ 73.1310196, 28.1495223, 0.0 ], [ 73.1309965, 28.149522, 0.0 ], [ 73.1310017, 28.1492187, 0.0 ] ], [ [ 73.1314425, 28.1450885, 0.0 ], [ 73.1314656, 28.1450888, 0.0 ], [ 73.1314603, 28.1453921, 0.0 ], [ 73.1314372, 28.1453918, 0.0 ], [ 73.1314425, 28.1450885, 0.0 ] ], [ [ 73.1313865, 28.1450877, 0.0 ], [ 73.1314096, 28.1450881, 0.0 ], [ 73.1314043, 28.1453913, 0.0 ], [ 73.1313812, 28.145391, 0.0 ], [ 73.1313865, 28.1450877, 0.0 ] ], [ [ 73.1314371, 28.1454002, 0.0 ], [ 73.1314602, 28.1454005, 0.0 ], [ 73.1314549, 28.1457038, 0.0 ], [ 73.1314318, 28.1457035, 0.0 ], [ 73.1314371, 28.1454002, 0.0 ] ], [ [ 73.1313811, 28.1453994, 0.0 ], [ 73.1314042, 28.1453997, 0.0 ], [ 73.1313989, 28.145703, 0.0 ], [ 73.1313758, 28.1457027, 0.0 ], [ 73.1313811, 28.1453994, 0.0 ] ], [ [ 73.1299735, 28.145837, 0.0 ], [ 73.1299967, 28.1458373, 0.0 ], [ 73.1299914, 28.1461406, 0.0 ], [ 73.1299683, 28.1461403, 0.0 ], [ 73.1299735, 28.145837, 0.0 ] ], [ [ 73.1299176, 28.1458362, 0.0 ], [ 73.1299407, 28.1458365, 0.0 ], [ 73.1299354, 28.1461398, 0.0 ], [ 73.1299123, 28.1461395, 0.0 ], [ 73.1299176, 28.1458362, 0.0 ] ], [ [ 73.1299681, 28.1461487, 0.0 ], [ 73.1299913, 28.146149, 0.0 ], [ 73.129986, 28.1464523, 0.0 ], [ 73.1299629, 28.1464519, 0.0 ], [ 73.1299681, 28.1461487, 0.0 ] ], [ [ 73.1299121, 28.1461479, 0.0 ], [ 73.1299353, 28.1461482, 0.0 ], [ 73.12993, 28.1464515, 0.0 ], [ 73.1299069, 28.1464512, 0.0 ], [ 73.1299121, 28.1461479, 0.0 ] ], [ [ 73.1312871, 28.1489109, 0.0 ], [ 73.1313102, 28.1489112, 0.0 ], [ 73.1313049, 28.1492144, 0.0 ], [ 73.1312818, 28.1492141, 0.0 ], [ 73.1312871, 28.1489109, 0.0 ] ], [ [ 73.1312311, 28.1489101, 0.0 ], [ 73.1312542, 28.1489104, 0.0 ], [ 73.131249, 28.1492137, 0.0 ], [ 73.1312258, 28.1492134, 0.0 ], [ 73.1312311, 28.1489101, 0.0 ] ], [ [ 73.1312817, 28.1492225, 0.0 ], [ 73.1313048, 28.1492229, 0.0 ], [ 73.1312995, 28.1495261, 0.0 ], [ 73.1312764, 28.1495258, 0.0 ], [ 73.1312817, 28.1492225, 0.0 ] ], [ [ 73.1312257, 28.1492218, 0.0 ], [ 73.1312488, 28.1492221, 0.0 ], [ 73.1312435, 28.1495254, 0.0 ], [ 73.1312204, 28.1495251, 0.0 ], [ 73.1312257, 28.1492218, 0.0 ] ], [ [ 73.1313122, 28.146141, 0.0 ], [ 73.1313353, 28.1461413, 0.0 ], [ 73.1313301, 28.1464445, 0.0 ], [ 73.1313069, 28.1464442, 0.0 ], [ 73.1313122, 28.146141, 0.0 ] ], [ [ 73.1312562, 28.1461402, 0.0 ], [ 73.1312793, 28.1461405, 0.0 ], [ 73.1312741, 28.1464438, 0.0 ], [ 73.1312509, 28.1464435, 0.0 ], [ 73.1312562, 28.1461402, 0.0 ] ], [ [ 73.1313068, 28.1464526, 0.0 ], [ 73.1313299, 28.146453, 0.0 ], [ 73.1313246, 28.1467562, 0.0 ], [ 73.1313015, 28.1467559, 0.0 ], [ 73.1313068, 28.1464526, 0.0 ] ], [ [ 73.1312508, 28.1464519, 0.0 ], [ 73.1312739, 28.1464522, 0.0 ], [ 73.1312687, 28.1467555, 0.0 ], [ 73.1312455, 28.1467551, 0.0 ], [ 73.1312508, 28.1464519, 0.0 ] ], [ [ 73.1288797, 28.1507789, 0.0 ], [ 73.1289028, 28.1507792, 0.0 ], [ 73.1288975, 28.1510825, 0.0 ], [ 73.1288744, 28.1510822, 0.0 ], [ 73.1288797, 28.1507789, 0.0 ] ], [ [ 73.1288237, 28.1507781, 0.0 ], [ 73.1288468, 28.1507785, 0.0 ], [ 73.1288415, 28.1510817, 0.0 ], [ 73.1288184, 28.1510814, 0.0 ], [ 73.1288237, 28.1507781, 0.0 ] ], [ [ 73.1288742, 28.1510906, 0.0 ], [ 73.1288974, 28.1510909, 0.0 ], [ 73.1288921, 28.1513942, 0.0 ], [ 73.128869, 28.1513939, 0.0 ], [ 73.1288742, 28.1510906, 0.0 ] ], [ [ 73.1288183, 28.1510898, 0.0 ], [ 73.1288414, 28.1510901, 0.0 ], [ 73.1288361, 28.1513934, 0.0 ], [ 73.128813, 28.1513931, 0.0 ], [ 73.1288183, 28.1510898, 0.0 ] ], [ [ 73.1304581, 28.1501809, 0.0 ], [ 73.1304812, 28.1501812, 0.0 ], [ 73.1304759, 28.1504844, 0.0 ], [ 73.1304528, 28.1504841, 0.0 ], [ 73.1304581, 28.1501809, 0.0 ] ], [ [ 73.1304021, 28.1501801, 0.0 ], [ 73.1304252, 28.1501804, 0.0 ], [ 73.1304199, 28.1504837, 0.0 ], [ 73.1303968, 28.1504834, 0.0 ], [ 73.1304021, 28.1501801, 0.0 ] ], [ [ 73.1304526, 28.1504925, 0.0 ], [ 73.1304758, 28.1504929, 0.0 ], [ 73.1304705, 28.1507961, 0.0 ], [ 73.1304474, 28.1507958, 0.0 ], [ 73.1304526, 28.1504925, 0.0 ] ], [ [ 73.1303966, 28.1504918, 0.0 ], [ 73.1304198, 28.1504921, 0.0 ], [ 73.1304145, 28.1507954, 0.0 ], [ 73.1303914, 28.150795, 0.0 ], [ 73.1303966, 28.1504918, 0.0 ] ], [ [ 73.1303568, 28.1495599, 0.0 ], [ 73.13038, 28.1495602, 0.0 ], [ 73.1303747, 28.1498634, 0.0 ], [ 73.1303516, 28.1498631, 0.0 ], [ 73.1303568, 28.1495599, 0.0 ] ], [ [ 73.1303009, 28.1495591, 0.0 ], [ 73.130324, 28.1495594, 0.0 ], [ 73.1303187, 28.1498627, 0.0 ], [ 73.1302956, 28.1498624, 0.0 ], [ 73.1303009, 28.1495591, 0.0 ] ], [ [ 73.1303514, 28.1498715, 0.0 ], [ 73.1303746, 28.1498719, 0.0 ], [ 73.1303693, 28.1501751, 0.0 ], [ 73.1303462, 28.1501748, 0.0 ], [ 73.1303514, 28.1498715, 0.0 ] ], [ [ 73.1302954, 28.1498708, 0.0 ], [ 73.1303186, 28.1498711, 0.0 ], [ 73.1303133, 28.1501744, 0.0 ], [ 73.1302902, 28.150174, 0.0 ], [ 73.1302954, 28.1498708, 0.0 ] ], [ [ 73.1288216, 28.1476801, 0.0 ], [ 73.1288447, 28.1476804, 0.0 ], [ 73.1288394, 28.1479837, 0.0 ], [ 73.1288163, 28.1479833, 0.0 ], [ 73.1288216, 28.1476801, 0.0 ] ], [ [ 73.1287656, 28.1476793, 0.0 ], [ 73.1287887, 28.1476796, 0.0 ], [ 73.1287834, 28.1479829, 0.0 ], [ 73.1287603, 28.1479826, 0.0 ], [ 73.1287656, 28.1476793, 0.0 ] ], [ [ 73.1288161, 28.1479918, 0.0 ], [ 73.1288393, 28.1479921, 0.0 ], [ 73.128834, 28.1482953, 0.0 ], [ 73.1288109, 28.148295, 0.0 ], [ 73.1288161, 28.1479918, 0.0 ] ], [ [ 73.1287601, 28.147991, 0.0 ], [ 73.1287833, 28.1479913, 0.0 ], [ 73.128778, 28.1482946, 0.0 ], [ 73.1287549, 28.1482943, 0.0 ], [ 73.1287601, 28.147991, 0.0 ] ], [ [ 73.1288431, 28.1464412, 0.0 ], [ 73.1288662, 28.1464415, 0.0 ], [ 73.1288609, 28.1467447, 0.0 ], [ 73.1288378, 28.1467444, 0.0 ], [ 73.1288431, 28.1464412, 0.0 ] ], [ [ 73.1287871, 28.1464404, 0.0 ], [ 73.1288102, 28.1464407, 0.0 ], [ 73.128805, 28.146744, 0.0 ], [ 73.1287818, 28.1467437, 0.0 ], [ 73.1287871, 28.1464404, 0.0 ] ], [ [ 73.1288377, 28.1467528, 0.0 ], [ 73.1288608, 28.1467532, 0.0 ], [ 73.1288555, 28.1470564, 0.0 ], [ 73.1288324, 28.1470561, 0.0 ], [ 73.1288377, 28.1467528, 0.0 ] ], [ [ 73.1287817, 28.1467521, 0.0 ], [ 73.1288048, 28.1467524, 0.0 ], [ 73.1287995, 28.1470557, 0.0 ], [ 73.1287764, 28.1470553, 0.0 ], [ 73.1287817, 28.1467521, 0.0 ] ], [ [ 73.1288108, 28.1482995, 0.0 ], [ 73.1288339, 28.1482999, 0.0 ], [ 73.1288286, 28.1486031, 0.0 ], [ 73.1288055, 28.1486028, 0.0 ], [ 73.1288108, 28.1482995, 0.0 ] ], [ [ 73.1287548, 28.1482988, 0.0 ], [ 73.1287779, 28.1482991, 0.0 ], [ 73.1287726, 28.1486024, 0.0 ], [ 73.1287495, 28.148602, 0.0 ], [ 73.1287548, 28.1482988, 0.0 ] ], [ [ 73.1288054, 28.1486112, 0.0 ], [ 73.1288285, 28.1486115, 0.0 ], [ 73.1288232, 28.1489148, 0.0 ], [ 73.1288001, 28.1489145, 0.0 ], [ 73.1288054, 28.1486112, 0.0 ] ], [ [ 73.1287494, 28.1486105, 0.0 ], [ 73.1287725, 28.1486108, 0.0 ], [ 73.1287672, 28.148914, 0.0 ], [ 73.1287441, 28.1489137, 0.0 ], [ 73.1287494, 28.1486105, 0.0 ] ], [ [ 73.129024, 28.1489221, 0.0 ], [ 73.1290471, 28.1489224, 0.0 ], [ 73.1290418, 28.1492256, 0.0 ], [ 73.1290187, 28.1492253, 0.0 ], [ 73.129024, 28.1489221, 0.0 ] ], [ [ 73.128968, 28.1489213, 0.0 ], [ 73.1289911, 28.1489216, 0.0 ], [ 73.1289858, 28.1492249, 0.0 ], [ 73.1289627, 28.1492246, 0.0 ], [ 73.128968, 28.1489213, 0.0 ] ], [ [ 73.1290185, 28.1492337, 0.0 ], [ 73.1290417, 28.1492341, 0.0 ], [ 73.1290364, 28.1495373, 0.0 ], [ 73.1290133, 28.149537, 0.0 ], [ 73.1290185, 28.1492337, 0.0 ] ], [ [ 73.1289625, 28.149233, 0.0 ], [ 73.1289857, 28.1492333, 0.0 ], [ 73.1289804, 28.1495366, 0.0 ], [ 73.1289573, 28.1495362, 0.0 ], [ 73.1289625, 28.149233, 0.0 ] ], [ [ 73.1305539, 28.1446623, 0.0 ], [ 73.130577, 28.1446626, 0.0 ], [ 73.1305718, 28.1449659, 0.0 ], [ 73.1305487, 28.1449656, 0.0 ], [ 73.1305539, 28.1446623, 0.0 ] ], [ [ 73.1304979, 28.1446616, 0.0 ], [ 73.1305211, 28.1446619, 0.0 ], [ 73.1305158, 28.1449651, 0.0 ], [ 73.1304927, 28.1449648, 0.0 ], [ 73.1304979, 28.1446616, 0.0 ] ], [ [ 73.1305485, 28.144974, 0.0 ], [ 73.1305716, 28.1449743, 0.0 ], [ 73.1305664, 28.1452776, 0.0 ], [ 73.1305432, 28.1452773, 0.0 ], [ 73.1305485, 28.144974, 0.0 ] ], [ [ 73.1304925, 28.1449732, 0.0 ], [ 73.1305156, 28.1449736, 0.0 ], [ 73.1305104, 28.1452768, 0.0 ], [ 73.1304873, 28.1452765, 0.0 ], [ 73.1304925, 28.1449732, 0.0 ] ], [ [ 73.130662, 28.1448877, 0.0 ], [ 73.1306851, 28.1448881, 0.0 ], [ 73.1306799, 28.1451913, 0.0 ], [ 73.1306567, 28.145191, 0.0 ], [ 73.130662, 28.1448877, 0.0 ] ], [ [ 73.130606, 28.144887, 0.0 ], [ 73.1306291, 28.1448873, 0.0 ], [ 73.1306239, 28.1451906, 0.0 ], [ 73.1306007, 28.1451902, 0.0 ], [ 73.130606, 28.144887, 0.0 ] ], [ [ 73.1306566, 28.1451994, 0.0 ], [ 73.1306797, 28.1451997, 0.0 ], [ 73.1306744, 28.145503, 0.0 ], [ 73.1306513, 28.1455027, 0.0 ], [ 73.1306566, 28.1451994, 0.0 ] ], [ [ 73.1306006, 28.1451987, 0.0 ], [ 73.1306237, 28.145199, 0.0 ], [ 73.1306185, 28.1455022, 0.0 ], [ 73.1305953, 28.1455019, 0.0 ], [ 73.1306006, 28.1451987, 0.0 ] ], [ [ 73.1313319, 28.1450044, 0.0 ], [ 73.1313551, 28.1450047, 0.0 ], [ 73.1313498, 28.145308, 0.0 ], [ 73.1313267, 28.1453077, 0.0 ], [ 73.1313319, 28.1450044, 0.0 ] ], [ [ 73.131276, 28.1450037, 0.0 ], [ 73.1312991, 28.145004, 0.0 ], [ 73.1312938, 28.1453072, 0.0 ], [ 73.1312707, 28.1453069, 0.0 ], [ 73.131276, 28.1450037, 0.0 ] ], [ [ 73.1313265, 28.1453161, 0.0 ], [ 73.1313496, 28.1453164, 0.0 ], [ 73.1313444, 28.1456197, 0.0 ], [ 73.1313213, 28.1456194, 0.0 ], [ 73.1313265, 28.1453161, 0.0 ] ], [ [ 73.1312705, 28.1453154, 0.0 ], [ 73.1312937, 28.1453157, 0.0 ], [ 73.1312884, 28.1456189, 0.0 ], [ 73.1312653, 28.1456186, 0.0 ], [ 73.1312705, 28.1453154, 0.0 ] ], [ [ 73.1293017, 28.1458278, 0.0 ], [ 73.1293249, 28.1458281, 0.0 ], [ 73.1293196, 28.1461314, 0.0 ], [ 73.1292965, 28.1461311, 0.0 ], [ 73.1293017, 28.1458278, 0.0 ] ], [ [ 73.1292458, 28.1458271, 0.0 ], [ 73.1292689, 28.1458274, 0.0 ], [ 73.1292636, 28.1461306, 0.0 ], [ 73.1292405, 28.1461303, 0.0 ], [ 73.1292458, 28.1458271, 0.0 ] ], [ [ 73.1292963, 28.1461395, 0.0 ], [ 73.1293194, 28.1461398, 0.0 ], [ 73.1293142, 28.1464431, 0.0 ], [ 73.129291, 28.1464428, 0.0 ], [ 73.1292963, 28.1461395, 0.0 ] ], [ [ 73.1292403, 28.1461387, 0.0 ], [ 73.1292635, 28.146139, 0.0 ], [ 73.1292582, 28.1464423, 0.0 ], [ 73.1292351, 28.146442, 0.0 ], [ 73.1292403, 28.1461387, 0.0 ] ], [ [ 73.1309548, 28.1473753, 0.0 ], [ 73.1309779, 28.1473756, 0.0 ], [ 73.1309726, 28.1476789, 0.0 ], [ 73.1309495, 28.1476786, 0.0 ], [ 73.1309548, 28.1473753, 0.0 ] ], [ [ 73.1308988, 28.1473745, 0.0 ], [ 73.1309219, 28.1473749, 0.0 ], [ 73.1309167, 28.1476781, 0.0 ], [ 73.1308935, 28.1476778, 0.0 ], [ 73.1308988, 28.1473745, 0.0 ] ], [ [ 73.1309494, 28.147687, 0.0 ], [ 73.1309725, 28.1476873, 0.0 ], [ 73.1309672, 28.1479906, 0.0 ], [ 73.1309441, 28.1479902, 0.0 ], [ 73.1309494, 28.147687, 0.0 ] ], [ [ 73.1308934, 28.1476862, 0.0 ], [ 73.1309165, 28.1476865, 0.0 ], [ 73.1309112, 28.1479898, 0.0 ], [ 73.1308881, 28.1479895, 0.0 ], [ 73.1308934, 28.1476862, 0.0 ] ], [ [ 73.1318927, 28.149393, 0.0 ], [ 73.1319159, 28.1493933, 0.0 ], [ 73.1319106, 28.1496965, 0.0 ], [ 73.1318875, 28.1496962, 0.0 ], [ 73.1318927, 28.149393, 0.0 ] ], [ [ 73.1318368, 28.1493922, 0.0 ], [ 73.1318599, 28.1493925, 0.0 ], [ 73.1318546, 28.1496958, 0.0 ], [ 73.1318315, 28.1496955, 0.0 ], [ 73.1318368, 28.1493922, 0.0 ] ], [ [ 73.1318873, 28.1497046, 0.0 ], [ 73.1319105, 28.149705, 0.0 ], [ 73.1319052, 28.1500082, 0.0 ], [ 73.1318821, 28.1500079, 0.0 ], [ 73.1318873, 28.1497046, 0.0 ] ], [ [ 73.1318313, 28.1497039, 0.0 ], [ 73.1318545, 28.1497042, 0.0 ], [ 73.1318492, 28.1500075, 0.0 ], [ 73.1318261, 28.1500071, 0.0 ], [ 73.1318313, 28.1497039, 0.0 ] ], [ [ 73.131882, 28.1500124, 0.0 ], [ 73.1319051, 28.1500127, 0.0 ], [ 73.1318998, 28.150316, 0.0 ], [ 73.1318767, 28.1503157, 0.0 ], [ 73.131882, 28.1500124, 0.0 ] ], [ [ 73.131826, 28.1500117, 0.0 ], [ 73.1318491, 28.150012, 0.0 ], [ 73.1318439, 28.1503152, 0.0 ], [ 73.1318207, 28.1503149, 0.0 ], [ 73.131826, 28.1500117, 0.0 ] ], [ [ 73.1318766, 28.1503241, 0.0 ], [ 73.1318997, 28.1503244, 0.0 ], [ 73.1318944, 28.1506277, 0.0 ], [ 73.1318713, 28.1506274, 0.0 ], [ 73.1318766, 28.1503241, 0.0 ] ], [ [ 73.1318206, 28.1503233, 0.0 ], [ 73.1318437, 28.1503237, 0.0 ], [ 73.1318384, 28.1506269, 0.0 ], [ 73.1318153, 28.1506266, 0.0 ], [ 73.1318206, 28.1503233, 0.0 ] ], [ [ 73.1326658, 28.1500231, 0.0 ], [ 73.1326889, 28.1500234, 0.0 ], [ 73.1326837, 28.1503267, 0.0 ], [ 73.1326605, 28.1503264, 0.0 ], [ 73.1326658, 28.1500231, 0.0 ] ], [ [ 73.1326098, 28.1500223, 0.0 ], [ 73.1326329, 28.1500227, 0.0 ], [ 73.1326277, 28.1503259, 0.0 ], [ 73.1326045, 28.1503256, 0.0 ], [ 73.1326098, 28.1500223, 0.0 ] ], [ [ 73.1326604, 28.1503348, 0.0 ], [ 73.1326835, 28.1503351, 0.0 ], [ 73.1326782, 28.1506384, 0.0 ], [ 73.1326551, 28.1506381, 0.0 ], [ 73.1326604, 28.1503348, 0.0 ] ], [ [ 73.1326044, 28.150334, 0.0 ], [ 73.1326275, 28.1503343, 0.0 ], [ 73.1326223, 28.1506376, 0.0 ], [ 73.1325991, 28.1506373, 0.0 ], [ 73.1326044, 28.150334, 0.0 ] ], [ [ 73.1326765, 28.1494036, 0.0 ], [ 73.1326997, 28.149404, 0.0 ], [ 73.1326944, 28.1497072, 0.0 ], [ 73.1326713, 28.1497069, 0.0 ], [ 73.1326765, 28.1494036, 0.0 ] ], [ [ 73.1326206, 28.1494029, 0.0 ], [ 73.1326437, 28.1494032, 0.0 ], [ 73.1326384, 28.1497065, 0.0 ], [ 73.1326153, 28.1497061, 0.0 ], [ 73.1326206, 28.1494029, 0.0 ] ], [ [ 73.1326711, 28.1497153, 0.0 ], [ 73.1326943, 28.1497156, 0.0 ], [ 73.132689, 28.1500189, 0.0 ], [ 73.1326659, 28.1500186, 0.0 ], [ 73.1326711, 28.1497153, 0.0 ] ], [ [ 73.1326151, 28.1497146, 0.0 ], [ 73.1326383, 28.1497149, 0.0 ], [ 73.132633, 28.1500181, 0.0 ], [ 73.1326099, 28.1500178, 0.0 ], [ 73.1326151, 28.1497146, 0.0 ] ], [ [ 73.1304473, 28.1508003, 0.0 ], [ 73.1304704, 28.1508006, 0.0 ], [ 73.1304651, 28.1511039, 0.0 ], [ 73.130442, 28.1511036, 0.0 ], [ 73.1304473, 28.1508003, 0.0 ] ], [ [ 73.1303913, 28.1507995, 0.0 ], [ 73.1304144, 28.1507999, 0.0 ], [ 73.1304092, 28.1511031, 0.0 ], [ 73.130386, 28.1511028, 0.0 ], [ 73.1303913, 28.1507995, 0.0 ] ], [ [ 73.1304419, 28.151112, 0.0 ], [ 73.130465, 28.1511123, 0.0 ], [ 73.1304597, 28.1514156, 0.0 ], [ 73.1304366, 28.1514153, 0.0 ], [ 73.1304419, 28.151112, 0.0 ] ], [ [ 73.1303859, 28.1511112, 0.0 ], [ 73.130409, 28.1511115, 0.0 ], [ 73.1304037, 28.1514148, 0.0 ], [ 73.1303806, 28.1514145, 0.0 ], [ 73.1303859, 28.1511112, 0.0 ] ], [ [ 73.1288904, 28.1501594, 0.0 ], [ 73.1289136, 28.1501598, 0.0 ], [ 73.1289083, 28.150463, 0.0 ], [ 73.1288852, 28.1504627, 0.0 ], [ 73.1288904, 28.1501594, 0.0 ] ], [ [ 73.1288345, 28.1501587, 0.0 ], [ 73.1288576, 28.150159, 0.0 ], [ 73.1288523, 28.1504623, 0.0 ], [ 73.1288292, 28.1504619, 0.0 ], [ 73.1288345, 28.1501587, 0.0 ] ], [ [ 73.128885, 28.1504711, 0.0 ], [ 73.1289081, 28.1504714, 0.0 ], [ 73.1289029, 28.1507747, 0.0 ], [ 73.1288797, 28.1507744, 0.0 ], [ 73.128885, 28.1504711, 0.0 ] ], [ [ 73.128829, 28.1504704, 0.0 ], [ 73.1288522, 28.1504707, 0.0 ], [ 73.1288469, 28.1507739, 0.0 ], [ 73.1288238, 28.1507736, 0.0 ], [ 73.128829, 28.1504704, 0.0 ] ], [ [ 73.1290132, 28.1495415, 0.0 ], [ 73.1290363, 28.1495418, 0.0 ], [ 73.129031, 28.1498451, 0.0 ], [ 73.1290079, 28.1498448, 0.0 ], [ 73.1290132, 28.1495415, 0.0 ] ], [ [ 73.1289572, 28.1495408, 0.0 ], [ 73.1289803, 28.1495411, 0.0 ], [ 73.128975, 28.1498443, 0.0 ], [ 73.1289519, 28.149844, 0.0 ], [ 73.1289572, 28.1495408, 0.0 ] ], [ [ 73.1290078, 28.1498532, 0.0 ], [ 73.1290309, 28.1498535, 0.0 ], [ 73.1290256, 28.1501568, 0.0 ], [ 73.1290025, 28.1501565, 0.0 ], [ 73.1290078, 28.1498532, 0.0 ] ], [ [ 73.1289518, 28.1498524, 0.0 ], [ 73.1289749, 28.1498528, 0.0 ], [ 73.1289696, 28.150156, 0.0 ], [ 73.1289465, 28.1501557, 0.0 ], [ 73.1289518, 28.1498524, 0.0 ] ], [ [ 73.126423, 28.1503591, 0.0 ], [ 73.1264461, 28.1503594, 0.0 ], [ 73.1264408, 28.1506627, 0.0 ], [ 73.1264177, 28.1506623, 0.0 ], [ 73.126423, 28.1503591, 0.0 ] ], [ [ 73.126367, 28.1503583, 0.0 ], [ 73.1263901, 28.1503586, 0.0 ], [ 73.1263848, 28.1506619, 0.0 ], [ 73.1263617, 28.1506616, 0.0 ], [ 73.126367, 28.1503583, 0.0 ] ], [ [ 73.1264176, 28.1506708, 0.0 ], [ 73.1264407, 28.1506711, 0.0 ], [ 73.1264354, 28.1509743, 0.0 ], [ 73.1264123, 28.150974, 0.0 ], [ 73.1264176, 28.1506708, 0.0 ] ], [ [ 73.1263616, 28.15067, 0.0 ], [ 73.1263847, 28.1506703, 0.0 ], [ 73.1263794, 28.1509736, 0.0 ], [ 73.1263563, 28.1509733, 0.0 ], [ 73.1263616, 28.15067, 0.0 ] ], [ [ 73.1274406, 28.1498057, 0.0 ], [ 73.1274637, 28.149806, 0.0 ], [ 73.1274585, 28.1501093, 0.0 ], [ 73.1274353, 28.150109, 0.0 ], [ 73.1274406, 28.1498057, 0.0 ] ], [ [ 73.1273846, 28.149805, 0.0 ], [ 73.1274077, 28.1498053, 0.0 ], [ 73.1274025, 28.1501085, 0.0 ], [ 73.1273793, 28.1501082, 0.0 ], [ 73.1273846, 28.149805, 0.0 ] ], [ [ 73.1274352, 28.1501174, 0.0 ], [ 73.1274583, 28.1501177, 0.0 ], [ 73.127453, 28.150421, 0.0 ], [ 73.1274299, 28.1504207, 0.0 ], [ 73.1274352, 28.1501174, 0.0 ] ], [ [ 73.1273792, 28.1501166, 0.0 ], [ 73.1274023, 28.150117, 0.0 ], [ 73.127397, 28.1504202, 0.0 ], [ 73.1273739, 28.1504199, 0.0 ], [ 73.1273792, 28.1501166, 0.0 ] ], [ [ 73.1274514, 28.1491863, 0.0 ], [ 73.1274745, 28.1491866, 0.0 ], [ 73.1274692, 28.1494899, 0.0 ], [ 73.1274461, 28.1494895, 0.0 ], [ 73.1274514, 28.1491863, 0.0 ] ], [ [ 73.1273954, 28.1491855, 0.0 ], [ 73.1274185, 28.1491858, 0.0 ], [ 73.1274132, 28.1494891, 0.0 ], [ 73.1273901, 28.1494888, 0.0 ], [ 73.1273954, 28.1491855, 0.0 ] ], [ [ 73.127446, 28.149498, 0.0 ], [ 73.1274691, 28.1494983, 0.0 ], [ 73.1274638, 28.1498015, 0.0 ], [ 73.1274407, 28.1498012, 0.0 ], [ 73.127446, 28.149498, 0.0 ] ], [ [ 73.12739, 28.1494972, 0.0 ], [ 73.1274131, 28.1494975, 0.0 ], [ 73.1274078, 28.1498008, 0.0 ], [ 73.1273847, 28.1498005, 0.0 ], [ 73.12739, 28.1494972, 0.0 ] ], [ [ 73.1313014, 28.1467604, 0.0 ], [ 73.1313246, 28.1467607, 0.0 ], [ 73.1313193, 28.147064, 0.0 ], [ 73.1312962, 28.1470637, 0.0 ], [ 73.1313014, 28.1467604, 0.0 ] ], [ [ 73.1312455, 28.1467597, 0.0 ], [ 73.1312686, 28.14676, 0.0 ], [ 73.1312633, 28.1470632, 0.0 ], [ 73.1312402, 28.1470629, 0.0 ], [ 73.1312455, 28.1467597, 0.0 ] ], [ [ 73.131296, 28.1470721, 0.0 ], [ 73.1313192, 28.1470724, 0.0 ], [ 73.1313139, 28.1473757, 0.0 ], [ 73.1312908, 28.1473754, 0.0 ], [ 73.131296, 28.1470721, 0.0 ] ], [ [ 73.13124, 28.1470713, 0.0 ], [ 73.1312632, 28.1470717, 0.0 ], [ 73.1312579, 28.1473749, 0.0 ], [ 73.1312348, 28.1473746, 0.0 ], [ 73.13124, 28.1470713, 0.0 ] ], [ [ 73.1304961, 28.1479886, 0.0 ], [ 73.1305193, 28.147989, 0.0 ], [ 73.130514, 28.1482922, 0.0 ], [ 73.1304909, 28.1482919, 0.0 ], [ 73.1304961, 28.1479886, 0.0 ] ], [ [ 73.1304402, 28.1479879, 0.0 ], [ 73.1304633, 28.1479882, 0.0 ], [ 73.130458, 28.1482915, 0.0 ], [ 73.1304349, 28.1482911, 0.0 ], [ 73.1304402, 28.1479879, 0.0 ] ], [ [ 73.1304907, 28.1483003, 0.0 ], [ 73.1305139, 28.1483006, 0.0 ], [ 73.1305086, 28.1486039, 0.0 ], [ 73.1304855, 28.1486036, 0.0 ], [ 73.1304907, 28.1483003, 0.0 ] ], [ [ 73.1304347, 28.1482996, 0.0 ], [ 73.1304579, 28.1482999, 0.0 ], [ 73.1304526, 28.1486031, 0.0 ], [ 73.1304295, 28.1486028, 0.0 ], [ 73.1304347, 28.1482996, 0.0 ] ], [ [ 73.1304165, 28.1461287, 0.0 ], [ 73.1304396, 28.1461291, 0.0 ], [ 73.1304343, 28.1464323, 0.0 ], [ 73.1304112, 28.146432, 0.0 ], [ 73.1304165, 28.1461287, 0.0 ] ], [ [ 73.1303605, 28.146128, 0.0 ], [ 73.1303836, 28.1461283, 0.0 ], [ 73.1303783, 28.1464316, 0.0 ], [ 73.1303552, 28.1464312, 0.0 ], [ 73.1303605, 28.146128, 0.0 ] ], [ [ 73.130411, 28.1464404, 0.0 ], [ 73.1304342, 28.1464407, 0.0 ], [ 73.1304289, 28.146744, 0.0 ], [ 73.1304058, 28.1467437, 0.0 ], [ 73.130411, 28.1464404, 0.0 ] ], [ [ 73.1303551, 28.1464397, 0.0 ], [ 73.1303782, 28.14644, 0.0 ], [ 73.1303729, 28.1467432, 0.0 ], [ 73.1303498, 28.1467429, 0.0 ], [ 73.1303551, 28.1464397, 0.0 ] ], [ [ 73.1300317, 28.1489358, 0.0 ], [ 73.1300548, 28.1489361, 0.0 ], [ 73.1300495, 28.1492394, 0.0 ], [ 73.1300264, 28.1492391, 0.0 ], [ 73.1300317, 28.1489358, 0.0 ] ], [ [ 73.1299757, 28.1489351, 0.0 ], [ 73.1299988, 28.1489354, 0.0 ], [ 73.1299936, 28.1492386, 0.0 ], [ 73.1299704, 28.1492383, 0.0 ], [ 73.1299757, 28.1489351, 0.0 ] ], [ [ 73.1300263, 28.1492475, 0.0 ], [ 73.1300494, 28.1492478, 0.0 ], [ 73.1300441, 28.1495511, 0.0 ], [ 73.130021, 28.1495508, 0.0 ], [ 73.1300263, 28.1492475, 0.0 ] ], [ [ 73.1299703, 28.1492467, 0.0 ], [ 73.1299934, 28.1492471, 0.0 ], [ 73.1299881, 28.1495503, 0.0 ], [ 73.129965, 28.14955, 0.0 ], [ 73.1299703, 28.1492467, 0.0 ] ], [ [ 73.1302664, 28.1483194, 0.0 ], [ 73.1302895, 28.1483197, 0.0 ], [ 73.1302843, 28.148623, 0.0 ], [ 73.1302611, 28.1486227, 0.0 ], [ 73.1302664, 28.1483194, 0.0 ] ], [ [ 73.1302104, 28.1483187, 0.0 ], [ 73.1302335, 28.148319, 0.0 ], [ 73.1302283, 28.1486222, 0.0 ], [ 73.1302051, 28.1486219, 0.0 ], [ 73.1302104, 28.1483187, 0.0 ] ], [ [ 73.130261, 28.1486311, 0.0 ], [ 73.1302841, 28.1486314, 0.0 ], [ 73.1302788, 28.1489347, 0.0 ], [ 73.1302557, 28.1489344, 0.0 ], [ 73.130261, 28.1486311, 0.0 ] ], [ [ 73.130205, 28.1486303, 0.0 ], [ 73.1302281, 28.1486307, 0.0 ], [ 73.1302229, 28.1489339, 0.0 ], [ 73.1301997, 28.1489336, 0.0 ], [ 73.130205, 28.1486303, 0.0 ] ], [ [ 73.1282567, 28.1479581, 0.0 ], [ 73.1282799, 28.1479584, 0.0 ], [ 73.1282746, 28.1482616, 0.0 ], [ 73.1282515, 28.1482613, 0.0 ], [ 73.1282567, 28.1479581, 0.0 ] ], [ [ 73.1282007, 28.1479573, 0.0 ], [ 73.1282239, 28.1479576, 0.0 ], [ 73.1282186, 28.1482609, 0.0 ], [ 73.1281955, 28.1482606, 0.0 ], [ 73.1282007, 28.1479573, 0.0 ] ], [ [ 73.1282513, 28.1482697, 0.0 ], [ 73.1282744, 28.1482701, 0.0 ], [ 73.1282692, 28.1485733, 0.0 ], [ 73.128246, 28.148573, 0.0 ], [ 73.1282513, 28.1482697, 0.0 ] ], [ [ 73.1281953, 28.148269, 0.0 ], [ 73.1282185, 28.1482693, 0.0 ], [ 73.1282132, 28.1485726, 0.0 ], [ 73.1281901, 28.1485722, 0.0 ], [ 73.1281953, 28.148269, 0.0 ] ], [ [ 73.1272921, 28.1454665, 0.0 ], [ 73.1273152, 28.1454668, 0.0 ], [ 73.12731, 28.14577, 0.0 ], [ 73.1272868, 28.1457697, 0.0 ], [ 73.1272921, 28.1454665, 0.0 ] ], [ [ 73.1272361, 28.1454657, 0.0 ], [ 73.1272593, 28.145466, 0.0 ], [ 73.127254, 28.1457693, 0.0 ], [ 73.1272309, 28.145769, 0.0 ], [ 73.1272361, 28.1454657, 0.0 ] ], [ [ 73.1272867, 28.1457781, 0.0 ], [ 73.1273098, 28.1457785, 0.0 ], [ 73.1273045, 28.1460817, 0.0 ], [ 73.1272814, 28.1460814, 0.0 ], [ 73.1272867, 28.1457781, 0.0 ] ], [ [ 73.1272307, 28.1457774, 0.0 ], [ 73.1272538, 28.1457777, 0.0 ], [ 73.1272486, 28.146081, 0.0 ], [ 73.1272254, 28.1460806, 0.0 ], [ 73.1272307, 28.1457774, 0.0 ] ], [ [ 73.1272813, 28.1460859, 0.0 ], [ 73.1273045, 28.1460862, 0.0 ], [ 73.1272992, 28.1463895, 0.0 ], [ 73.1272761, 28.1463892, 0.0 ], [ 73.1272813, 28.1460859, 0.0 ] ], [ [ 73.1272254, 28.1460851, 0.0 ], [ 73.1272485, 28.1460855, 0.0 ], [ 73.1272432, 28.1463887, 0.0 ], [ 73.1272201, 28.1463884, 0.0 ], [ 73.1272254, 28.1460851, 0.0 ] ], [ [ 73.1272759, 28.1463976, 0.0 ], [ 73.127299, 28.1463979, 0.0 ], [ 73.1272938, 28.1467012, 0.0 ], [ 73.1272706, 28.1467009, 0.0 ], [ 73.1272759, 28.1463976, 0.0 ] ], [ [ 73.1272199, 28.1463968, 0.0 ], [ 73.1272431, 28.1463971, 0.0 ], [ 73.1272378, 28.1467004, 0.0 ], [ 73.1272147, 28.1467001, 0.0 ], [ 73.1272199, 28.1463968, 0.0 ] ] ] } },
{ "type": "Feature", "properties": { "id": "kml_1", "Name": "TRACKERS", "description": null, "timestamp": null, "begin": null, "end": null, "altitudeMode": null, "tessellate": -1, "extrude": 0, "visibility": -1, "drawOrder": null, "icon": null }, "bbox": [ 73.1257964, 28.1446478, 0.0, 73.1325877, 28.1514141, 0.0 ], "geometry": { "type": "MultiLineString", "coordinates": [ [ [ 73.1284699, 28.1485806, 0.0 ], [ 73.128493, 28.1485809, 0.0 ], [ 73.1284878, 28.1488842, 0.0 ], [ 73.1284646, 28.1488839, 0.0 ], [ 73.1284699, 28.1485806, 0.0 ] ], [ [ 73.1284139, 28.1485798, 0.0 ], [ 73.128437, 28.1485801, 0.0 ], [ 73.1284318, 28.1488834, 0.0 ], [ 73.1284086, 28.1488831, 0.0 ], [ 73.1284139, 28.1485798, 0.0 ] ], [ [ 73.1284645, 28.1488923, 0.0 ], [ 73.1284876, 28.1488926, 0.0 ], [ 73.1284823, 28.1491958, 0.0 ], [ 73.1284592, 28.1491955, 0.0 ], [ 73.1284645, 28.1488923, 0.0 ] ], [ [ 73.1284085, 28.1488915, 0.0 ], [ 73.1284316, 28.1488918, 0.0 ], [ 73.1284263, 28.1491951, 0.0 ], [ 73.1284032, 28.1491948, 0.0 ], [ 73.1284085, 28.1488915, 0.0 ] ], [ [ 73.1298616, 28.1458355, 0.0 ], [ 73.1298847, 28.1458358, 0.0 ], [ 73.1298794, 28.146139, 0.0 ], [ 73.1298563, 28.1461387, 0.0 ], [ 73.1298616, 28.1458355, 0.0 ] ], [ [ 73.1298056, 28.1458347, 0.0 ], [ 73.1298287, 28.145835, 0.0 ], [ 73.1298234, 28.1461383, 0.0 ], [ 73.1298003, 28.146138, 0.0 ], [ 73.1298056, 28.1458347, 0.0 ] ], [ [ 73.1298562, 28.1461471, 0.0 ], [ 73.1298793, 28.1461475, 0.0 ], [ 73.129874, 28.1464507, 0.0 ], [ 73.1298509, 28.1464504, 0.0 ], [ 73.1298562, 28.1461471, 0.0 ] ], [ [ 73.1298002, 28.1461464, 0.0 ], [ 73.1298233, 28.1461467, 0.0 ], [ 73.129818, 28.14645, 0.0 ], [ 73.1297949, 28.1464496, 0.0 ], [ 73.1298002, 28.1461464, 0.0 ] ], [ [ 73.1311751, 28.1489093, 0.0 ], [ 73.1311982, 28.1489097, 0.0 ], [ 73.131193, 28.1492129, 0.0 ], [ 73.1311698, 28.1492126, 0.0 ], [ 73.1311751, 28.1489093, 0.0 ] ], [ [ 73.1311191, 28.1489086, 0.0 ], [ 73.1311423, 28.1489089, 0.0 ], [ 73.131137, 28.1492122, 0.0 ], [ 73.1311139, 28.1492118, 0.0 ], [ 73.1311191, 28.1489086, 0.0 ] ], [ [ 73.1311697, 28.149221, 0.0 ], [ 73.1311928, 28.1492213, 0.0 ], [ 73.1311876, 28.1495246, 0.0 ], [ 73.1311644, 28.1495243, 0.0 ], [ 73.1311697, 28.149221, 0.0 ] ], [ [ 73.1311137, 28.1492203, 0.0 ], [ 73.1311368, 28.1492206, 0.0 ], [ 73.1311316, 28.1495238, 0.0 ], [ 73.1311084, 28.1495235, 0.0 ], [ 73.1311137, 28.1492203, 0.0 ] ], [ [ 73.1271694, 28.1460844, 0.0 ], [ 73.1271925, 28.1460847, 0.0 ], [ 73.1271872, 28.146388, 0.0 ], [ 73.1271641, 28.1463876, 0.0 ], [ 73.1271694, 28.1460844, 0.0 ] ], [ [ 73.1271134, 28.1460836, 0.0 ], [ 73.1271365, 28.1460839, 0.0 ], [ 73.1271312, 28.1463872, 0.0 ], [ 73.1271081, 28.1463869, 0.0 ], [ 73.1271134, 28.1460836, 0.0 ] ], [ [ 73.127164, 28.1463961, 0.0 ], [ 73.1271871, 28.1463964, 0.0 ], [ 73.1271818, 28.1466996, 0.0 ], [ 73.1271587, 28.1466993, 0.0 ], [ 73.127164, 28.1463961, 0.0 ] ], [ [ 73.127108, 28.1463953, 0.0 ], [ 73.1271311, 28.1463956, 0.0 ], [ 73.1271258, 28.1466989, 0.0 ], [ 73.1271027, 28.1466986, 0.0 ], [ 73.127108, 28.1463953, 0.0 ] ], [ [ 73.1294137, 28.1458293, 0.0 ], [ 73.1294368, 28.1458297, 0.0 ], [ 73.1294316, 28.1461329, 0.0 ], [ 73.1294084, 28.1461326, 0.0 ], [ 73.1294137, 28.1458293, 0.0 ] ], [ [ 73.1293577, 28.1458286, 0.0 ], [ 73.1293808, 28.1458289, 0.0 ], [ 73.1293756, 28.1461322, 0.0 ], [ 73.1293524, 28.1461318, 0.0 ], [ 73.1293577, 28.1458286, 0.0 ] ], [ [ 73.1294083, 28.146141, 0.0 ], [ 73.1294314, 28.1461413, 0.0 ], [ 73.1294261, 28.1464446, 0.0 ], [ 73.129403, 28.1464443, 0.0 ], [ 73.1294083, 28.146141, 0.0 ] ], [ [ 73.1293523, 28.1461403, 0.0 ], [ 73.1293754, 28.1461406, 0.0 ], [ 73.1293702, 28.1464438, 0.0 ], [ 73.129347, 28.1464435, 0.0 ], [ 73.1293523, 28.1461403, 0.0 ] ], [ [ 73.1312002, 28.1461394, 0.0 ], [ 73.1312234, 28.1461397, 0.0 ], [ 73.1312181, 28.146443, 0.0 ], [ 73.131195, 28.1464427, 0.0 ], [ 73.1312002, 28.1461394, 0.0 ] ], [ [ 73.1311442, 28.1461387, 0.0 ], [ 73.1311674, 28.146139, 0.0 ], [ 73.1311621, 28.1464423, 0.0 ], [ 73.131139, 28.1464419, 0.0 ], [ 73.1311442, 28.1461387, 0.0 ] ], [ [ 73.1311948, 28.1464511, 0.0 ], [ 73.1312179, 28.1464514, 0.0 ], [ 73.1312127, 28.1467547, 0.0 ], [ 73.1311896, 28.1467544, 0.0 ], [ 73.1311948, 28.1464511, 0.0 ] ], [ [ 73.1311388, 28.1464504, 0.0 ], [ 73.131162, 28.1464507, 0.0 ], [ 73.1311567, 28.1467539, 0.0 ], [ 73.1311336, 28.1467536, 0.0 ], [ 73.1311388, 28.1464504, 0.0 ] ], [ [ 73.126311, 28.1503575, 0.0 ], [ 73.1263341, 28.1503579, 0.0 ], [ 73.1263289, 28.1506611, 0.0 ], [ 73.1263057, 28.1506608, 0.0 ], [ 73.126311, 28.1503575, 0.0 ] ], [ [ 73.126255, 28.1503568, 0.0 ], [ 73.1262782, 28.1503571, 0.0 ], [ 73.1262729, 28.1506604, 0.0 ], [ 73.1262497, 28.15066, 0.0 ], [ 73.126255, 28.1503568, 0.0 ] ], [ [ 73.1263056, 28.1506692, 0.0 ], [ 73.1263287, 28.1506695, 0.0 ], [ 73.1263234, 28.1509728, 0.0 ], [ 73.1263003, 28.1509725, 0.0 ], [ 73.1263056, 28.1506692, 0.0 ] ], [ [ 73.1262496, 28.1506685, 0.0 ], [ 73.1262727, 28.1506688, 0.0 ], [ 73.1262674, 28.150972, 0.0 ], [ 73.1262443, 28.1509717, 0.0 ], [ 73.1262496, 28.1506685, 0.0 ] ], [ [ 73.1289916, 28.1507804, 0.0 ], [ 73.1290148, 28.1507808, 0.0 ], [ 73.1290095, 28.151084, 0.0 ], [ 73.1289864, 28.1510837, 0.0 ], [ 73.1289916, 28.1507804, 0.0 ] ], [ [ 73.1289357, 28.1507797, 0.0 ], [ 73.1289588, 28.15078, 0.0 ], [ 73.1289535, 28.1510833, 0.0 ], [ 73.1289304, 28.1510829, 0.0 ], [ 73.1289357, 28.1507797, 0.0 ] ], [ [ 73.1289862, 28.1510921, 0.0 ], [ 73.1290093, 28.1510924, 0.0 ], [ 73.1290041, 28.1513957, 0.0 ], [ 73.1289809, 28.1513954, 0.0 ], [ 73.1289862, 28.1510921, 0.0 ] ], [ [ 73.1289302, 28.1510914, 0.0 ], [ 73.1289534, 28.1510917, 0.0 ], [ 73.1289481, 28.1513949, 0.0 ], [ 73.128925, 28.1513946, 0.0 ], [ 73.1289302, 28.1510914, 0.0 ] ], [ [ 73.1291036, 28.150782, 0.0 ], [ 73.1291267, 28.1507823, 0.0 ], [ 73.1291215, 28.1510855, 0.0 ], [ 73.1290983, 28.1510852, 0.0 ], [ 73.1291036, 28.150782, 0.0 ] ], [ [ 73.1290476, 28.1507812, 0.0 ], [ 73.1290708, 28.1507815, 0.0 ], [ 73.1290655, 28.1510848, 0.0 ], [ 73.1290424, 28.1510845, 0.0 ], [ 73.1290476, 28.1507812, 0.0 ] ], [ [ 73.1290982, 28.1510936, 0.0 ], [ 73.1291213, 28.151094, 0.0 ], [ 73.129116, 28.1513972, 0.0 ], [ 73.1290929, 28.1513969, 0.0 ], [ 73.1290982, 28.1510936, 0.0 ] ], [ [ 73.1290422, 28.1510929, 0.0 ], [ 73.1290653, 28.1510932, 0.0 ], [ 73.1290601, 28.1513965, 0.0 ], [ 73.1290369, 28.1513962, 0.0 ], [ 73.1290422, 28.1510929, 0.0 ] ], [ [ 73.1288323, 28.1470606, 0.0 ], [ 73.1288554, 28.1470609, 0.0 ], [ 73.1288502, 28.1473642, 0.0 ], [ 73.128827, 28.1473639, 0.0 ], [ 73.1288323, 28.1470606, 0.0 ] ], [ [ 73.1287763, 28.1470599, 0.0 ], [ 73.1287995, 28.1470602, 0.0 ], [ 73.1287942, 28.1473634, 0.0 ], [ 73.1287711, 28.1473631, 0.0 ], [ 73.1287763, 28.1470599, 0.0 ] ], [ [ 73.1288269, 28.1473723, 0.0 ], [ 73.12885, 28.1473726, 0.0 ], [ 73.1288448, 28.1476759, 0.0 ], [ 73.1288216, 28.1476756, 0.0 ], [ 73.1288269, 28.1473723, 0.0 ] ], [ [ 73.1287709, 28.1473715, 0.0 ], [ 73.128794, 28.1473719, 0.0 ], [ 73.1287888, 28.1476751, 0.0 ], [ 73.1287656, 28.1476748, 0.0 ], [ 73.1287709, 28.1473715, 0.0 ] ], [ [ 73.1289335, 28.1476816, 0.0 ], [ 73.1289566, 28.1476819, 0.0 ], [ 73.1289514, 28.1479852, 0.0 ], [ 73.1289282, 28.1479849, 0.0 ], [ 73.1289335, 28.1476816, 0.0 ] ], [ [ 73.1288775, 28.1476808, 0.0 ], [ 73.1289007, 28.1476812, 0.0 ], [ 73.1288954, 28.1479844, 0.0 ], [ 73.1288723, 28.1479841, 0.0 ], [ 73.1288775, 28.1476808, 0.0 ] ], [ [ 73.1289281, 28.1479933, 0.0 ], [ 73.1289512, 28.1479936, 0.0 ], [ 73.128946, 28.1482969, 0.0 ], [ 73.1289228, 28.1482966, 0.0 ], [ 73.1289281, 28.1479933, 0.0 ] ], [ [ 73.1288721, 28.1479925, 0.0 ], [ 73.1288952, 28.1479928, 0.0 ], [ 73.12889, 28.1482961, 0.0 ], [ 73.1288668, 28.1482958, 0.0 ], [ 73.1288721, 28.1479925, 0.0 ] ], [ [ 73.1289443, 28.1470621, 0.0 ], [ 73.1289674, 28.1470625, 0.0 ], [ 73.1289621, 28.1473657, 0.0 ], [ 73.128939, 28.1473654, 0.0 ], [ 73.1289443, 28.1470621, 0.0 ] ], [ [ 73.1288883, 28.1470614, 0.0 ], [ 73.1289114, 28.1470617, 0.0 ], [ 73.1289062, 28.147365, 0.0 ], [ 73.128883, 28.1473646, 0.0 ], [ 73.1288883, 28.1470614, 0.0 ] ], [ [ 73.1289389, 28.1473738, 0.0 ], [ 73.128962, 28.1473741, 0.0 ], [ 73.1289567, 28.1476774, 0.0 ], [ 73.1289336, 28.1476771, 0.0 ], [ 73.1289389, 28.1473738, 0.0 ] ], [ [ 73.1288829, 28.1473731, 0.0 ], [ 73.128906, 28.1473734, 0.0 ], [ 73.1289007, 28.1476766, 0.0 ], [ 73.1288776, 28.1476763, 0.0 ], [ 73.1288829, 28.1473731, 0.0 ] ], [ [ 73.1289551, 28.1464427, 0.0 ], [ 73.1289782, 28.146443, 0.0 ], [ 73.1289729, 28.1467463, 0.0 ], [ 73.1289498, 28.146746, 0.0 ], [ 73.1289551, 28.1464427, 0.0 ] ], [ [ 73.1288991, 28.1464419, 0.0 ], [ 73.1289222, 28.1464422, 0.0 ], [ 73.1289169, 28.1467455, 0.0 ], [ 73.1288938, 28.1467452, 0.0 ], [ 73.1288991, 28.1464419, 0.0 ] ], [ [ 73.1289496, 28.1467544, 0.0 ], [ 73.1289728, 28.1467547, 0.0 ], [ 73.1289675, 28.147058, 0.0 ], [ 73.1289444, 28.1470576, 0.0 ], [ 73.1289496, 28.1467544, 0.0 ] ], [ [ 73.1288937, 28.1467536, 0.0 ], [ 73.1289168, 28.1467539, 0.0 ], [ 73.1289115, 28.1470572, 0.0 ], [ 73.1288884, 28.1470569, 0.0 ], [ 73.1288937, 28.1467536, 0.0 ] ], [ [ 73.1290455, 28.1476831, 0.0 ], [ 73.1290686, 28.1476835, 0.0 ], [ 73.1290633, 28.1479867, 0.0 ], [ 73.1290402, 28.1479864, 0.0 ], [ 73.1290455, 28.1476831, 0.0 ] ], [ [ 73.1289895, 28.1476824, 0.0 ], [ 73.1290126, 28.1476827, 0.0 ], [ 73.1290074, 28.147986, 0.0 ], [ 73.1289842, 28.1479856, 0.0 ], [ 73.1289895, 28.1476824, 0.0 ] ], [ [ 73.1290401, 28.1479948, 0.0 ], [ 73.1290632, 28.1479951, 0.0 ], [ 73.1290579, 28.1482984, 0.0 ], [ 73.1290348, 28.1482981, 0.0 ], [ 73.1290401, 28.1479948, 0.0 ] ], [ [ 73.1289841, 28.1479941, 0.0 ], [ 73.1290072, 28.1479944, 0.0 ], [ 73.1290019, 28.1482976, 0.0 ], [ 73.1289788, 28.1482973, 0.0 ], [ 73.1289841, 28.1479941, 0.0 ] ], [ [ 73.1290563, 28.1470637, 0.0 ], [ 73.1290794, 28.147064, 0.0 ], [ 73.1290741, 28.1473673, 0.0 ], [ 73.129051, 28.1473669, 0.0 ], [ 73.1290563, 28.1470637, 0.0 ] ], [ [ 73.1290003, 28.1470629, 0.0 ], [ 73.1290234, 28.1470632, 0.0 ], [ 73.1290181, 28.1473665, 0.0 ], [ 73.128995, 28.1473662, 0.0 ], [ 73.1290003, 28.1470629, 0.0 ] ], [ [ 73.1290508, 28.1473754, 0.0 ], [ 73.129074, 28.1473757, 0.0 ], [ 73.1290687, 28.1476789, 0.0 ], [ 73.1290456, 28.1476786, 0.0 ], [ 73.1290508, 28.1473754, 0.0 ] ], [ [ 73.1289949, 28.1473746, 0.0 ], [ 73.129018, 28.1473749, 0.0 ], [ 73.1290127, 28.1476782, 0.0 ], [ 73.1289896, 28.1476779, 0.0 ], [ 73.1289949, 28.1473746, 0.0 ] ], [ [ 73.129067, 28.1464442, 0.0 ], [ 73.1290902, 28.1464445, 0.0 ], [ 73.1290849, 28.1467478, 0.0 ], [ 73.1290618, 28.1467475, 0.0 ], [ 73.129067, 28.1464442, 0.0 ] ], [ [ 73.129011, 28.1464435, 0.0 ], [ 73.1290342, 28.1464438, 0.0 ], [ 73.1290289, 28.146747, 0.0 ], [ 73.1290058, 28.1467467, 0.0 ], [ 73.129011, 28.1464435, 0.0 ] ], [ [ 73.1290616, 28.1467559, 0.0 ], [ 73.1290847, 28.1467562, 0.0 ], [ 73.1290795, 28.1470595, 0.0 ], [ 73.1290563, 28.1470592, 0.0 ], [ 73.1290616, 28.1467559, 0.0 ] ], [ [ 73.1290056, 28.1467551, 0.0 ], [ 73.1290288, 28.1467555, 0.0 ], [ 73.1290235, 28.1470587, 0.0 ], [ 73.1290004, 28.1470584, 0.0 ], [ 73.1290056, 28.1467551, 0.0 ] ], [ [ 73.1291575, 28.1476847, 0.0 ], [ 73.1291806, 28.147685, 0.0 ], [ 73.1291753, 28.1479882, 0.0 ], [ 73.1291522, 28.1479879, 0.0 ], [ 73.1291575, 28.1476847, 0.0 ] ], [ [ 73.1291015, 28.1476839, 0.0 ], [ 73.1291246, 28.1476842, 0.0 ], [ 73.1291193, 28.1479875, 0.0 ], [ 73.1290962, 28.1479872, 0.0 ], [ 73.1291015, 28.1476839, 0.0 ] ], [ [ 73.129152, 28.1479964, 0.0 ], [ 73.1291752, 28.1479967, 0.0 ], [ 73.1291699, 28.1482999, 0.0 ], [ 73.1291468, 28.1482996, 0.0 ], [ 73.129152, 28.1479964, 0.0 ] ], [ [ 73.1290961, 28.1479956, 0.0 ], [ 73.1291192, 28.1479959, 0.0 ], [ 73.1291139, 28.1482992, 0.0 ], [ 73.1290908, 28.1482989, 0.0 ], [ 73.1290961, 28.1479956, 0.0 ] ], [ [ 73.1291682, 28.1470652, 0.0 ], [ 73.1291914, 28.1470655, 0.0 ], [ 73.1291861, 28.1473688, 0.0 ], [ 73.129163, 28.1473685, 0.0 ], [ 73.1291682, 28.1470652, 0.0 ] ], [ [ 73.1291122, 28.1470644, 0.0 ], [ 73.1291354, 28.1470648, 0.0 ], [ 73.1291301, 28.147368, 0.0 ], [ 73.129107, 28.1473677, 0.0 ], [ 73.1291122, 28.1470644, 0.0 ] ], [ [ 73.1291628, 28.1473769, 0.0 ], [ 73.1291859, 28.1473772, 0.0 ], [ 73.1291807, 28.1476805, 0.0 ], [ 73.1291575, 28.1476802, 0.0 ], [ 73.1291628, 28.1473769, 0.0 ] ], [ [ 73.1291068, 28.1473761, 0.0 ], [ 73.12913, 28.1473764, 0.0 ], [ 73.1291247, 28.1476797, 0.0 ], [ 73.1291016, 28.1476794, 0.0 ], [ 73.1291068, 28.1473761, 0.0 ] ], [ [ 73.129179, 28.1464457, 0.0 ], [ 73.1292021, 28.1464461, 0.0 ], [ 73.1291969, 28.1467493, 0.0 ], [ 73.1291737, 28.146749, 0.0 ], [ 73.129179, 28.1464457, 0.0 ] ], [ [ 73.129123, 28.146445, 0.0 ], [ 73.1291461, 28.1464453, 0.0 ], [ 73.1291409, 28.1467486, 0.0 ], [ 73.1291177, 28.1467482, 0.0 ], [ 73.129123, 28.146445, 0.0 ] ], [ [ 73.1291736, 28.1467574, 0.0 ], [ 73.1291967, 28.1467577, 0.0 ], [ 73.1291914, 28.147061, 0.0 ], [ 73.1291683, 28.1470607, 0.0 ], [ 73.1291736, 28.1467574, 0.0 ] ], [ [ 73.1291176, 28.1467567, 0.0 ], [ 73.1291407, 28.146757, 0.0 ], [ 73.1291355, 28.1470602, 0.0 ], [ 73.1291123, 28.1470599, 0.0 ], [ 73.1291176, 28.1467567, 0.0 ] ], [ [ 73.1291467, 28.1483041, 0.0 ], [ 73.1291698, 28.1483044, 0.0 ], [ 73.1291645, 28.1486077, 0.0 ], [ 73.1291414, 28.1486074, 0.0 ], [ 73.1291467, 28.1483041, 0.0 ] ], [ [ 73.1290907, 28.1483034, 0.0 ], [ 73.1291138, 28.1483037, 0.0 ], [ 73.1291086, 28.1486069, 0.0 ], [ 73.1290854, 28.1486066, 0.0 ], [ 73.1290907, 28.1483034, 0.0 ] ], [ [ 73.1291413, 28.1486158, 0.0 ], [ 73.1291644, 28.1486161, 0.0 ], [ 73.1291591, 28.1489194, 0.0 ], [ 73.129136, 28.1489191, 0.0 ], [ 73.1291413, 28.1486158, 0.0 ] ], [ [ 73.1290853, 28.148615, 0.0 ], [ 73.1291084, 28.1486154, 0.0 ], [ 73.1291031, 28.1489186, 0.0 ], [ 73.12908, 28.1489183, 0.0 ], [ 73.1290853, 28.148615, 0.0 ] ], [ [ 73.1290347, 28.1483026, 0.0 ], [ 73.1290578, 28.1483029, 0.0 ], [ 73.1290526, 28.1486062, 0.0 ], [ 73.1290294, 28.1486059, 0.0 ], [ 73.1290347, 28.1483026, 0.0 ] ], [ [ 73.1289787, 28.1483018, 0.0 ], [ 73.1290019, 28.1483021, 0.0 ], [ 73.1289966, 28.1486054, 0.0 ], [ 73.1289735, 28.1486051, 0.0 ], [ 73.1289787, 28.1483018, 0.0 ] ], [ [ 73.1290293, 28.1486143, 0.0 ], [ 73.1290524, 28.1486146, 0.0 ], [ 73.1290472, 28.1489179, 0.0 ], [ 73.129024, 28.1489175, 0.0 ], [ 73.1290293, 28.1486143, 0.0 ] ], [ [ 73.1289733, 28.1486135, 0.0 ], [ 73.1289964, 28.1486138, 0.0 ], [ 73.1289912, 28.1489171, 0.0 ], [ 73.128968, 28.1489168, 0.0 ], [ 73.1289733, 28.1486135, 0.0 ] ], [ [ 73.1289228, 28.1483011, 0.0 ], [ 73.1289459, 28.1483014, 0.0 ], [ 73.1289406, 28.1486046, 0.0 ], [ 73.1289175, 28.1486043, 0.0 ], [ 73.1289228, 28.1483011, 0.0 ] ], [ [ 73.1288668, 28.1483003, 0.0 ], [ 73.1288899, 28.1483006, 0.0 ], [ 73.1288846, 28.1486039, 0.0 ], [ 73.1288615, 28.1486036, 0.0 ], [ 73.1288668, 28.1483003, 0.0 ] ], [ [ 73.1289173, 28.1486128, 0.0 ], [ 73.1289405, 28.1486131, 0.0 ], [ 73.1289352, 28.1489163, 0.0 ], [ 73.1289121, 28.148916, 0.0 ], [ 73.1289173, 28.1486128, 0.0 ] ], [ [ 73.1288613, 28.148612, 0.0 ], [ 73.1288845, 28.1486123, 0.0 ], [ 73.1288792, 28.1489156, 0.0 ], [ 73.1288561, 28.1489153, 0.0 ], [ 73.1288613, 28.148612, 0.0 ] ], [ [ 73.1291359, 28.1489236, 0.0 ], [ 73.129159, 28.1489239, 0.0 ], [ 73.1291538, 28.1492272, 0.0 ], [ 73.1291306, 28.1492269, 0.0 ], [ 73.1291359, 28.1489236, 0.0 ] ], [ [ 73.1290799, 28.1489228, 0.0 ], [ 73.1291031, 28.1489231, 0.0 ], [ 73.1290978, 28.1492264, 0.0 ], [ 73.1290747, 28.1492261, 0.0 ], [ 73.1290799, 28.1489228, 0.0 ] ], [ [ 73.1291305, 28.1492353, 0.0 ], [ 73.1291536, 28.1492356, 0.0 ], [ 73.1291484, 28.1495389, 0.0 ], [ 73.1291252, 28.1495385, 0.0 ], [ 73.1291305, 28.1492353, 0.0 ] ], [ [ 73.1290745, 28.1492345, 0.0 ], [ 73.1290976, 28.1492348, 0.0 ], [ 73.1290924, 28.1495381, 0.0 ], [ 73.1290692, 28.1495378, 0.0 ], [ 73.1290745, 28.1492345, 0.0 ] ], [ [ 73.1297496, 28.1458339, 0.0 ], [ 73.1297727, 28.1458342, 0.0 ], [ 73.1297675, 28.1461375, 0.0 ], [ 73.1297443, 28.1461372, 0.0 ], [ 73.1297496, 28.1458339, 0.0 ] ], [ [ 73.1296936, 28.1458332, 0.0 ], [ 73.1297167, 28.1458335, 0.0 ], [ 73.1297115, 28.1461367, 0.0 ], [ 73.1296884, 28.1461364, 0.0 ], [ 73.1296936, 28.1458332, 0.0 ] ], [ [ 73.1297442, 28.1461456, 0.0 ], [ 73.1297673, 28.1461459, 0.0 ], [ 73.129762, 28.1464492, 0.0 ], [ 73.1297389, 28.1464489, 0.0 ], [ 73.1297442, 28.1461456, 0.0 ] ], [ [ 73.1296882, 28.1461448, 0.0 ], [ 73.1297113, 28.1461452, 0.0 ], [ 73.1297061, 28.1464484, 0.0 ], [ 73.1296829, 28.1464481, 0.0 ], [ 73.1296882, 28.1461448, 0.0 ] ], [ [ 73.1296376, 28.1458324, 0.0 ], [ 73.1296608, 28.1458327, 0.0 ], [ 73.1296555, 28.146136, 0.0 ], [ 73.1296324, 28.1461357, 0.0 ], [ 73.1296376, 28.1458324, 0.0 ] ], [ [ 73.1295817, 28.1458316, 0.0 ], [ 73.1296048, 28.145832, 0.0 ], [ 73.1295995, 28.1461352, 0.0 ], [ 73.1295764, 28.1461349, 0.0 ], [ 73.1295817, 28.1458316, 0.0 ] ], [ [ 73.1296322, 28.1461441, 0.0 ], [ 73.1296553, 28.1461444, 0.0 ], [ 73.1296501, 28.1464477, 0.0 ], [ 73.129627, 28.1464474, 0.0 ], [ 73.1296322, 28.1461441, 0.0 ] ], [ [ 73.1295762, 28.1461433, 0.0 ], [ 73.1295994, 28.1461436, 0.0 ], [ 73.1295941, 28.1464469, 0.0 ], [ 73.129571, 28.1464466, 0.0 ], [ 73.1295762, 28.1461433, 0.0 ] ], [ [ 73.1295257, 28.1458309, 0.0 ], [ 73.1295488, 28.1458312, 0.0 ], [ 73.1295435, 28.1461345, 0.0 ], [ 73.1295204, 28.1461341, 0.0 ], [ 73.1295257, 28.1458309, 0.0 ] ], [ [ 73.1294697, 28.1458301, 0.0 ], [ 73.1294928, 28.1458304, 0.0 ], [ 73.1294875, 28.1461337, 0.0 ], [ 73.1294644, 28.1461334, 0.0 ], [ 73.1294697, 28.1458301, 0.0 ] ], [ [ 73.1295203, 28.1461426, 0.0 ], [ 73.1295434, 28.1461429, 0.0 ], [ 73.1295381, 28.1464461, 0.0 ], [ 73.129515, 28.1464458, 0.0 ], [ 73.1295203, 28.1461426, 0.0 ] ], [ [ 73.1294643, 28.1461418, 0.0 ], [ 73.1294874, 28.1461421, 0.0 ], [ 73.1294821, 28.1464454, 0.0 ], [ 73.129459, 28.1464451, 0.0 ], [ 73.1294643, 28.1461418, 0.0 ] ], [ [ 73.1292587, 28.1483057, 0.0 ], [ 73.1292818, 28.148306, 0.0 ], [ 73.1292765, 28.1486092, 0.0 ], [ 73.1292534, 28.1486089, 0.0 ], [ 73.1292587, 28.1483057, 0.0 ] ], [ [ 73.1292027, 28.1483049, 0.0 ], [ 73.1292258, 28.1483052, 0.0 ], [ 73.1292205, 28.1486085, 0.0 ], [ 73.1291974, 28.1486082, 0.0 ], [ 73.1292027, 28.1483049, 0.0 ] ], [ [ 73.1292532, 28.1486173, 0.0 ], [ 73.1292764, 28.1486177, 0.0 ], [ 73.1292711, 28.1489209, 0.0 ], [ 73.129248, 28.1489206, 0.0 ], [ 73.1292532, 28.1486173, 0.0 ] ], [ [ 73.1291973, 28.1486166, 0.0 ], [ 73.1292204, 28.1486169, 0.0 ], [ 73.1292151, 28.1489202, 0.0 ], [ 73.129192, 28.1489198, 0.0 ], [ 73.1291973, 28.1486166, 0.0 ] ], [ [ 73.1320047, 28.1493945, 0.0 ], [ 73.1320278, 28.1493948, 0.0 ], [ 73.1320226, 28.1496981, 0.0 ], [ 73.1319994, 28.1496977, 0.0 ], [ 73.1320047, 28.1493945, 0.0 ] ], [ [ 73.1319487, 28.1493937, 0.0 ], [ 73.1319719, 28.149394, 0.0 ], [ 73.1319666, 28.1496973, 0.0 ], [ 73.1319435, 28.149697, 0.0 ], [ 73.1319487, 28.1493937, 0.0 ] ], [ [ 73.1319993, 28.1497062, 0.0 ], [ 73.1320224, 28.1497065, 0.0 ], [ 73.1320172, 28.1500097, 0.0 ], [ 73.131994, 28.1500094, 0.0 ], [ 73.1319993, 28.1497062, 0.0 ] ], [ [ 73.1319433, 28.1497054, 0.0 ], [ 73.1319664, 28.1497057, 0.0 ], [ 73.1319612, 28.150009, 0.0 ], [ 73.131938, 28.1500087, 0.0 ], [ 73.1319433, 28.1497054, 0.0 ] ], [ [ 73.131994, 28.1500139, 0.0 ], [ 73.1320171, 28.1500143, 0.0 ], [ 73.1320118, 28.1503175, 0.0 ], [ 73.1319887, 28.1503172, 0.0 ], [ 73.131994, 28.1500139, 0.0 ] ], [ [ 73.131938, 28.1500132, 0.0 ], [ 73.1319611, 28.1500135, 0.0 ], [ 73.1319558, 28.1503168, 0.0 ], [ 73.1319327, 28.1503164, 0.0 ], [ 73.131938, 28.1500132, 0.0 ] ], [ [ 73.1319885, 28.1503256, 0.0 ], [ 73.1320117, 28.1503259, 0.0 ], [ 73.1320064, 28.1506292, 0.0 ], [ 73.1319833, 28.1506289, 0.0 ], [ 73.1319885, 28.1503256, 0.0 ] ], [ [ 73.1319326, 28.1503249, 0.0 ], [ 73.1319557, 28.1503252, 0.0 ], [ 73.1319504, 28.1506284, 0.0 ], [ 73.1319273, 28.1506281, 0.0 ], [ 73.1319326, 28.1503249, 0.0 ] ], [ [ 73.1321059, 28.1500155, 0.0 ], [ 73.1321291, 28.1500158, 0.0 ], [ 73.1321238, 28.1503191, 0.0 ], [ 73.1321007, 28.1503187, 0.0 ], [ 73.1321059, 28.1500155, 0.0 ] ], [ [ 73.1320499, 28.1500147, 0.0 ], [ 73.1320731, 28.150015, 0.0 ], [ 73.1320678, 28.1503183, 0.0 ], [ 73.1320447, 28.150318, 0.0 ], [ 73.1320499, 28.1500147, 0.0 ] ], [ [ 73.1321005, 28.1503272, 0.0 ], [ 73.1321236, 28.1503275, 0.0 ], [ 73.1321184, 28.1506307, 0.0 ], [ 73.1320953, 28.1506304, 0.0 ], [ 73.1321005, 28.1503272, 0.0 ] ], [ [ 73.1320445, 28.1503264, 0.0 ], [ 73.1320677, 28.1503267, 0.0 ], [ 73.1320624, 28.15063, 0.0 ], [ 73.1320393, 28.1506297, 0.0 ], [ 73.1320445, 28.1503264, 0.0 ] ], [ [ 73.1321167, 28.149396, 0.0 ], [ 73.1321398, 28.1493963, 0.0 ], [ 73.1321345, 28.1496996, 0.0 ], [ 73.1321114, 28.1496993, 0.0 ], [ 73.1321167, 28.149396, 0.0 ] ], [ [ 73.1320607, 28.1493952, 0.0 ], [ 73.1320838, 28.1493956, 0.0 ], [ 73.1320786, 28.1496988, 0.0 ], [ 73.1320554, 28.1496985, 0.0 ], [ 73.1320607, 28.1493952, 0.0 ] ], [ [ 73.1321113, 28.1497077, 0.0 ], [ 73.1321344, 28.149708, 0.0 ], [ 73.1321291, 28.1500113, 0.0 ], [ 73.132106, 28.150011, 0.0 ], [ 73.1321113, 28.1497077, 0.0 ] ], [ [ 73.1320553, 28.1497069, 0.0 ], [ 73.1320784, 28.1497072, 0.0 ], [ 73.1320731, 28.1500105, 0.0 ], [ 73.13205, 28.1500102, 0.0 ], [ 73.1320553, 28.1497069, 0.0 ] ], [ [ 73.1325538, 28.1500216, 0.0 ], [ 73.1325769, 28.1500219, 0.0 ], [ 73.1325717, 28.1503252, 0.0 ], [ 73.1325486, 28.1503248, 0.0 ], [ 73.1325538, 28.1500216, 0.0 ] ], [ [ 73.1324978, 28.1500208, 0.0 ], [ 73.132521, 28.1500211, 0.0 ], [ 73.1325157, 28.1503244, 0.0 ], [ 73.1324926, 28.1503241, 0.0 ], [ 73.1324978, 28.1500208, 0.0 ] ], [ [ 73.1325484, 28.1503333, 0.0 ], [ 73.1325715, 28.1503336, 0.0 ], [ 73.1325663, 28.1506368, 0.0 ], [ 73.1325431, 28.1506365, 0.0 ], [ 73.1325484, 28.1503333, 0.0 ] ], [ [ 73.1324924, 28.1503325, 0.0 ], [ 73.1325156, 28.1503328, 0.0 ], [ 73.1325103, 28.1506361, 0.0 ], [ 73.1324872, 28.1506358, 0.0 ], [ 73.1324924, 28.1503325, 0.0 ] ], [ [ 73.1325646, 28.1494021, 0.0 ], [ 73.1325877, 28.1494024, 0.0 ], [ 73.1325824, 28.1497057, 0.0 ], [ 73.1325593, 28.1497054, 0.0 ], [ 73.1325646, 28.1494021, 0.0 ] ], [ [ 73.1325086, 28.1494014, 0.0 ], [ 73.1325317, 28.1494017, 0.0 ], [ 73.1325264, 28.1497049, 0.0 ], [ 73.1325033, 28.1497046, 0.0 ], [ 73.1325086, 28.1494014, 0.0 ] ], [ [ 73.1325592, 28.1497138, 0.0 ], [ 73.1325823, 28.1497141, 0.0 ], [ 73.132577, 28.1500174, 0.0 ], [ 73.1325539, 28.1500171, 0.0 ], [ 73.1325592, 28.1497138, 0.0 ] ], [ [ 73.1325032, 28.149713, 0.0 ], [ 73.1325263, 28.1497134, 0.0 ], [ 73.132521, 28.1500166, 0.0 ], [ 73.1324979, 28.1500163, 0.0 ], [ 73.1325032, 28.149713, 0.0 ] ], [ [ 73.1324418, 28.1500201, 0.0 ], [ 73.132465, 28.1500204, 0.0 ], [ 73.1324597, 28.1503236, 0.0 ], [ 73.1324366, 28.1503233, 0.0 ], [ 73.1324418, 28.1500201, 0.0 ] ], [ [ 73.1323859, 28.1500193, 0.0 ], [ 73.132409, 28.1500196, 0.0 ], [ 73.1324037, 28.1503229, 0.0 ], [ 73.1323806, 28.1503226, 0.0 ], [ 73.1323859, 28.1500193, 0.0 ] ], [ [ 73.1324364, 28.1503317, 0.0 ], [ 73.1324596, 28.150332, 0.0 ], [ 73.1324543, 28.1506353, 0.0 ], [ 73.1324312, 28.150635, 0.0 ], [ 73.1324364, 28.1503317, 0.0 ] ], [ [ 73.1323805, 28.150331, 0.0 ], [ 73.1324036, 28.1503313, 0.0 ], [ 73.1323983, 28.1506346, 0.0 ], [ 73.1323752, 28.1506342, 0.0 ], [ 73.1323805, 28.150331, 0.0 ] ], [ [ 73.1324526, 28.1494006, 0.0 ], [ 73.1324757, 28.1494009, 0.0 ], [ 73.1324705, 28.1497042, 0.0 ], [ 73.1324473, 28.1497039, 0.0 ], [ 73.1324526, 28.1494006, 0.0 ] ], [ [ 73.1323966, 28.1493998, 0.0 ], [ 73.1324197, 28.1494001, 0.0 ], [ 73.1324145, 28.1497034, 0.0 ], [ 73.1323913, 28.1497031, 0.0 ], [ 73.1323966, 28.1493998, 0.0 ] ], [ [ 73.1324472, 28.1497123, 0.0 ], [ 73.1324703, 28.1497126, 0.0 ], [ 73.1324651, 28.1500159, 0.0 ], [ 73.1324419, 28.1500155, 0.0 ], [ 73.1324472, 28.1497123, 0.0 ] ], [ [ 73.1323912, 28.1497115, 0.0 ], [ 73.1324143, 28.1497118, 0.0 ], [ 73.1324091, 28.1500151, 0.0 ], [ 73.1323859, 28.1500148, 0.0 ], [ 73.1323912, 28.1497115, 0.0 ] ], [ [ 73.1323299, 28.1500185, 0.0 ], [ 73.132353, 28.1500188, 0.0 ], [ 73.1323477, 28.1503221, 0.0 ], [ 73.1323246, 28.1503218, 0.0 ], [ 73.1323299, 28.1500185, 0.0 ] ], [ [ 73.1322739, 28.1500178, 0.0 ], [ 73.132297, 28.1500181, 0.0 ], [ 73.1322918, 28.1503213, 0.0 ], [ 73.1322686, 28.150321, 0.0 ], [ 73.1322739, 28.1500178, 0.0 ] ], [ [ 73.1323245, 28.1503302, 0.0 ], [ 73.1323476, 28.1503305, 0.0 ], [ 73.1323423, 28.1506338, 0.0 ], [ 73.1323192, 28.1506335, 0.0 ], [ 73.1323245, 28.1503302, 0.0 ] ], [ [ 73.1322685, 28.1503294, 0.0 ], [ 73.1322916, 28.1503298, 0.0 ], [ 73.1322863, 28.150633, 0.0 ], [ 73.1322632, 28.1506327, 0.0 ], [ 73.1322685, 28.1503294, 0.0 ] ], [ [ 73.1323406, 28.1493991, 0.0 ], [ 73.1323638, 28.1493994, 0.0 ], [ 73.1323585, 28.1497026, 0.0 ], [ 73.1323354, 28.1497023, 0.0 ], [ 73.1323406, 28.1493991, 0.0 ] ], [ [ 73.1322846, 28.1493983, 0.0 ], [ 73.1323078, 28.1493986, 0.0 ], [ 73.1323025, 28.1497019, 0.0 ], [ 73.1322794, 28.1497016, 0.0 ], [ 73.1322846, 28.1493983, 0.0 ] ], [ [ 73.1323352, 28.1497107, 0.0 ], [ 73.1323583, 28.1497111, 0.0 ], [ 73.1323531, 28.1500143, 0.0 ], [ 73.13233, 28.150014, 0.0 ], [ 73.1323352, 28.1497107, 0.0 ] ], [ [ 73.1322792, 28.14971, 0.0 ], [ 73.1323024, 28.1497103, 0.0 ], [ 73.1322971, 28.1500136, 0.0 ], [ 73.132274, 28.1500132, 0.0 ], [ 73.1322792, 28.14971, 0.0 ] ], [ [ 73.1322179, 28.150017, 0.0 ], [ 73.132241, 28.1500173, 0.0 ], [ 73.1322358, 28.1503206, 0.0 ], [ 73.1322126, 28.1503203, 0.0 ], [ 73.1322179, 28.150017, 0.0 ] ], [ [ 73.1321619, 28.1500162, 0.0 ], [ 73.132185, 28.1500165, 0.0 ], [ 73.1321798, 28.1503198, 0.0 ], [ 73.1321567, 28.1503195, 0.0 ], [ 73.1321619, 28.1500162, 0.0 ] ], [ [ 73.1322125, 28.1503287, 0.0 ], [ 73.1322356, 28.150329, 0.0 ], [ 73.1322304, 28.1506323, 0.0 ], [ 73.1322072, 28.1506319, 0.0 ], [ 73.1322125, 28.1503287, 0.0 ] ], [ [ 73.1321565, 28.1503279, 0.0 ], [ 73.1321796, 28.1503282, 0.0 ], [ 73.1321744, 28.1506315, 0.0 ], [ 73.1321512, 28.1506312, 0.0 ], [ 73.1321565, 28.1503279, 0.0 ] ], [ [ 73.1322287, 28.1493975, 0.0 ], [ 73.1322518, 28.1493979, 0.0 ], [ 73.1322465, 28.1497011, 0.0 ], [ 73.1322234, 28.1497008, 0.0 ], [ 73.1322287, 28.1493975, 0.0 ] ], [ [ 73.1321727, 28.1493968, 0.0 ], [ 73.1321958, 28.1493971, 0.0 ], [ 73.1321905, 28.1497004, 0.0 ], [ 73.1321674, 28.1497, 0.0 ], [ 73.1321727, 28.1493968, 0.0 ] ], [ [ 73.1322232, 28.1497092, 0.0 ], [ 73.1322464, 28.1497095, 0.0 ], [ 73.1322411, 28.1500128, 0.0 ], [ 73.132218, 28.1500125, 0.0 ], [ 73.1322232, 28.1497092, 0.0 ] ], [ [ 73.1321673, 28.1497085, 0.0 ], [ 73.1321904, 28.1497088, 0.0 ], [ 73.1321851, 28.150012, 0.0 ], [ 73.132162, 28.1500117, 0.0 ], [ 73.1321673, 28.1497085, 0.0 ] ], [ [ 73.1310883, 28.1461379, 0.0 ], [ 73.1311114, 28.1461382, 0.0 ], [ 73.1311061, 28.1464415, 0.0 ], [ 73.131083, 28.1464412, 0.0 ], [ 73.1310883, 28.1461379, 0.0 ] ], [ [ 73.1310323, 28.1461371, 0.0 ], [ 73.1310554, 28.1461375, 0.0 ], [ 73.1310501, 28.1464407, 0.0 ], [ 73.131027, 28.1464404, 0.0 ], [ 73.1310323, 28.1461371, 0.0 ] ], [ [ 73.1310829, 28.1464496, 0.0 ], [ 73.131106, 28.1464499, 0.0 ], [ 73.1311007, 28.1467532, 0.0 ], [ 73.1310776, 28.1467529, 0.0 ], [ 73.1310829, 28.1464496, 0.0 ] ], [ [ 73.1310269, 28.1464488, 0.0 ], [ 73.13105, 28.1464491, 0.0 ], [ 73.1310447, 28.1467524, 0.0 ], [ 73.1310216, 28.1467521, 0.0 ], [ 73.1310269, 28.1464488, 0.0 ] ], [ [ 73.1303353, 28.1507988, 0.0 ], [ 73.1303584, 28.1507991, 0.0 ], [ 73.1303532, 28.1511024, 0.0 ], [ 73.13033, 28.1511021, 0.0 ], [ 73.1303353, 28.1507988, 0.0 ] ], [ [ 73.1302793, 28.150798, 0.0 ], [ 73.1303025, 28.1507983, 0.0 ], [ 73.1302972, 28.1511016, 0.0 ], [ 73.1302741, 28.1511013, 0.0 ], [ 73.1302793, 28.150798, 0.0 ] ], [ [ 73.1303299, 28.1511105, 0.0 ], [ 73.130353, 28.1511108, 0.0 ], [ 73.1303478, 28.1514141, 0.0 ], [ 73.1303246, 28.1514137, 0.0 ], [ 73.1303299, 28.1511105, 0.0 ] ], [ [ 73.1302739, 28.1511097, 0.0 ], [ 73.130297, 28.15111, 0.0 ], [ 73.1302918, 28.1514133, 0.0 ], [ 73.1302686, 28.151413, 0.0 ], [ 73.1302739, 28.1511097, 0.0 ] ], [ [ 73.1303461, 28.1501793, 0.0 ], [ 73.1303692, 28.1501796, 0.0 ], [ 73.1303639, 28.1504829, 0.0 ], [ 73.1303408, 28.1504826, 0.0 ], [ 73.1303461, 28.1501793, 0.0 ] ], [ [ 73.1302901, 28.1501786, 0.0 ], [ 73.1303132, 28.1501789, 0.0 ], [ 73.130308, 28.1504821, 0.0 ], [ 73.1302848, 28.1504818, 0.0 ], [ 73.1302901, 28.1501786, 0.0 ] ], [ [ 73.1303407, 28.150491, 0.0 ], [ 73.1303638, 28.1504913, 0.0 ], [ 73.1303585, 28.1507946, 0.0 ], [ 73.1303354, 28.1507943, 0.0 ], [ 73.1303407, 28.150491, 0.0 ] ], [ [ 73.1302847, 28.1504902, 0.0 ], [ 73.1303078, 28.1504906, 0.0 ], [ 73.1303025, 28.1507938, 0.0 ], [ 73.1302794, 28.1507935, 0.0 ], [ 73.1302847, 28.1504902, 0.0 ] ], [ [ 73.1302233, 28.1507973, 0.0 ], [ 73.1302465, 28.1507976, 0.0 ], [ 73.1302412, 28.1511008, 0.0 ], [ 73.1302181, 28.1511005, 0.0 ], [ 73.1302233, 28.1507973, 0.0 ] ], [ [ 73.1301674, 28.1507965, 0.0 ], [ 73.1301905, 28.1507968, 0.0 ], [ 73.1301852, 28.1511001, 0.0 ], [ 73.1301621, 28.1510998, 0.0 ], [ 73.1301674, 28.1507965, 0.0 ] ], [ [ 73.1302179, 28.1511089, 0.0 ], [ 73.1302411, 28.1511093, 0.0 ], [ 73.1302358, 28.1514125, 0.0 ], [ 73.1302127, 28.1514122, 0.0 ], [ 73.1302179, 28.1511089, 0.0 ] ], [ [ 73.1301619, 28.1511082, 0.0 ], [ 73.1301851, 28.1511085, 0.0 ], [ 73.1301798, 28.1514118, 0.0 ], [ 73.1301567, 28.1514114, 0.0 ], [ 73.1301619, 28.1511082, 0.0 ] ], [ [ 73.1302341, 28.1501778, 0.0 ], [ 73.1302572, 28.1501781, 0.0 ], [ 73.130252, 28.1504814, 0.0 ], [ 73.1302288, 28.1504811, 0.0 ], [ 73.1302341, 28.1501778, 0.0 ] ], [ [ 73.1301781, 28.150177, 0.0 ], [ 73.1302012, 28.1501773, 0.0 ], [ 73.130196, 28.1504806, 0.0 ], [ 73.1301729, 28.1504803, 0.0 ], [ 73.1301781, 28.150177, 0.0 ] ], [ [ 73.1302287, 28.1504895, 0.0 ], [ 73.1302518, 28.1504898, 0.0 ], [ 73.1302465, 28.1507931, 0.0 ], [ 73.1302234, 28.1507927, 0.0 ], [ 73.1302287, 28.1504895, 0.0 ] ], [ [ 73.1301727, 28.1504887, 0.0 ], [ 73.1301958, 28.150489, 0.0 ], [ 73.1301906, 28.1507923, 0.0 ], [ 73.1301674, 28.150792, 0.0 ], [ 73.1301727, 28.1504887, 0.0 ] ], [ [ 73.1302449, 28.1495583, 0.0 ], [ 73.130268, 28.1495587, 0.0 ], [ 73.1302627, 28.1498619, 0.0 ], [ 73.1302396, 28.1498616, 0.0 ], [ 73.1302449, 28.1495583, 0.0 ] ], [ [ 73.1301889, 28.1495576, 0.0 ], [ 73.130212, 28.1495579, 0.0 ], [ 73.1302067, 28.1498612, 0.0 ], [ 73.1301836, 28.1498608, 0.0 ], [ 73.1301889, 28.1495576, 0.0 ] ], [ [ 73.1302395, 28.14987, 0.0 ], [ 73.1302626, 28.1498703, 0.0 ], [ 73.1302573, 28.1501736, 0.0 ], [ 73.1302342, 28.1501733, 0.0 ], [ 73.1302395, 28.14987, 0.0 ] ], [ [ 73.1301835, 28.1498693, 0.0 ], [ 73.1302066, 28.1498696, 0.0 ], [ 73.1302013, 28.1501728, 0.0 ], [ 73.1301782, 28.1501725, 0.0 ], [ 73.1301835, 28.1498693, 0.0 ] ], [ [ 73.1301114, 28.1507957, 0.0 ], [ 73.1301345, 28.150796, 0.0 ], [ 73.1301292, 28.1510993, 0.0 ], [ 73.1301061, 28.151099, 0.0 ], [ 73.1301114, 28.1507957, 0.0 ] ], [ [ 73.1300554, 28.150795, 0.0 ], [ 73.1300785, 28.1507953, 0.0 ], [ 73.1300732, 28.1510985, 0.0 ], [ 73.1300501, 28.1510982, 0.0 ], [ 73.1300554, 28.150795, 0.0 ] ], [ [ 73.130106, 28.1511074, 0.0 ], [ 73.1301291, 28.1511077, 0.0 ], [ 73.1301238, 28.151411, 0.0 ], [ 73.1301007, 28.1514107, 0.0 ], [ 73.130106, 28.1511074, 0.0 ] ], [ [ 73.13005, 28.1511066, 0.0 ], [ 73.1300731, 28.151107, 0.0 ], [ 73.1300678, 28.1514102, 0.0 ], [ 73.1300447, 28.1514099, 0.0 ], [ 73.13005, 28.1511066, 0.0 ] ], [ [ 73.1301221, 28.1501763, 0.0 ], [ 73.1301453, 28.1501766, 0.0 ], [ 73.13014, 28.1504798, 0.0 ], [ 73.1301169, 28.1504795, 0.0 ], [ 73.1301221, 28.1501763, 0.0 ] ], [ [ 73.1300661, 28.1501755, 0.0 ], [ 73.1300893, 28.1501758, 0.0 ], [ 73.130084, 28.1504791, 0.0 ], [ 73.1300609, 28.1504788, 0.0 ], [ 73.1300661, 28.1501755, 0.0 ] ], [ [ 73.1301167, 28.150488, 0.0 ], [ 73.1301398, 28.1504883, 0.0 ], [ 73.1301346, 28.1507915, 0.0 ], [ 73.1301114, 28.1507912, 0.0 ], [ 73.1301167, 28.150488, 0.0 ] ], [ [ 73.1300607, 28.1504872, 0.0 ], [ 73.1300839, 28.1504875, 0.0 ], [ 73.1300786, 28.1507908, 0.0 ], [ 73.1300555, 28.1507905, 0.0 ], [ 73.1300607, 28.1504872, 0.0 ] ], [ [ 73.1301329, 28.1495568, 0.0 ], [ 73.130156, 28.1495571, 0.0 ], [ 73.1301508, 28.1498604, 0.0 ], [ 73.1301276, 28.1498601, 0.0 ], [ 73.1301329, 28.1495568, 0.0 ] ], [ [ 73.1300769, 28.149556, 0.0 ], [ 73.1301, 28.1495564, 0.0 ], [ 73.1300948, 28.1498596, 0.0 ], [ 73.1300716, 28.1498593, 0.0 ], [ 73.1300769, 28.149556, 0.0 ] ], [ [ 73.1301275, 28.1498685, 0.0 ], [ 73.1301506, 28.1498688, 0.0 ], [ 73.1301453, 28.1501721, 0.0 ], [ 73.1301222, 28.1501718, 0.0 ], [ 73.1301275, 28.1498685, 0.0 ] ], [ [ 73.1300715, 28.1498677, 0.0 ], [ 73.1300946, 28.149868, 0.0 ], [ 73.1300894, 28.1501713, 0.0 ], [ 73.1300662, 28.150171, 0.0 ], [ 73.1300715, 28.1498677, 0.0 ] ], [ [ 73.1299994, 28.1507942, 0.0 ], [ 73.1300225, 28.1507945, 0.0 ], [ 73.1300173, 28.1510978, 0.0 ], [ 73.1299941, 28.1510975, 0.0 ], [ 73.1299994, 28.1507942, 0.0 ] ], [ [ 73.1299434, 28.1507934, 0.0 ], [ 73.1299665, 28.1507938, 0.0 ], [ 73.1299613, 28.151097, 0.0 ], [ 73.1299381, 28.1510967, 0.0 ], [ 73.1299434, 28.1507934, 0.0 ] ], [ [ 73.129994, 28.1511059, 0.0 ], [ 73.1300171, 28.1511062, 0.0 ], [ 73.1300118, 28.1514095, 0.0 ], [ 73.1299887, 28.1514091, 0.0 ], [ 73.129994, 28.1511059, 0.0 ] ], [ [ 73.129938, 28.1511051, 0.0 ], [ 73.1299611, 28.1511054, 0.0 ], [ 73.1299558, 28.1514087, 0.0 ], [ 73.1299327, 28.1514084, 0.0 ], [ 73.129938, 28.1511051, 0.0 ] ], [ [ 73.1298874, 28.1507927, 0.0 ], [ 73.1299106, 28.150793, 0.0 ], [ 73.1299053, 28.1510963, 0.0 ], [ 73.1298822, 28.1510959, 0.0 ], [ 73.1298874, 28.1507927, 0.0 ] ], [ [ 73.1298314, 28.1507919, 0.0 ], [ 73.1298546, 28.1507922, 0.0 ], [ 73.1298493, 28.1510955, 0.0 ], [ 73.1298262, 28.1510952, 0.0 ], [ 73.1298314, 28.1507919, 0.0 ] ], [ [ 73.129882, 28.1511044, 0.0 ], [ 73.1299051, 28.1511047, 0.0 ], [ 73.1298999, 28.1514079, 0.0 ], [ 73.1298767, 28.1514076, 0.0 ], [ 73.129882, 28.1511044, 0.0 ] ], [ [ 73.129826, 28.1511036, 0.0 ], [ 73.1298491, 28.1511039, 0.0 ], [ 73.1298439, 28.1514072, 0.0 ], [ 73.1298207, 28.1514069, 0.0 ], [ 73.129826, 28.1511036, 0.0 ] ], [ [ 73.1297754, 28.1507911, 0.0 ], [ 73.1297986, 28.1507915, 0.0 ], [ 73.1297933, 28.1510947, 0.0 ], [ 73.1297702, 28.1510944, 0.0 ], [ 73.1297754, 28.1507911, 0.0 ] ], [ [ 73.1297195, 28.1507904, 0.0 ], [ 73.1297426, 28.1507907, 0.0 ], [ 73.1297373, 28.151094, 0.0 ], [ 73.1297142, 28.1510936, 0.0 ], [ 73.1297195, 28.1507904, 0.0 ] ], [ [ 73.12977, 28.1511028, 0.0 ], [ 73.1297932, 28.1511031, 0.0 ], [ 73.1297879, 28.1514064, 0.0 ], [ 73.1297648, 28.1514061, 0.0 ], [ 73.12977, 28.1511028, 0.0 ] ], [ [ 73.129714, 28.1511021, 0.0 ], [ 73.1297372, 28.1511024, 0.0 ], [ 73.1297319, 28.1514056, 0.0 ], [ 73.1297088, 28.1514053, 0.0 ], [ 73.129714, 28.1511021, 0.0 ] ], [ [ 73.1296635, 28.1507896, 0.0 ], [ 73.1296866, 28.1507899, 0.0 ], [ 73.1296813, 28.1510932, 0.0 ], [ 73.1296582, 28.1510929, 0.0 ], [ 73.1296635, 28.1507896, 0.0 ] ], [ [ 73.1296075, 28.1507888, 0.0 ], [ 73.1296306, 28.1507892, 0.0 ], [ 73.1296253, 28.1510924, 0.0 ], [ 73.1296022, 28.1510921, 0.0 ], [ 73.1296075, 28.1507888, 0.0 ] ], [ [ 73.1296581, 28.1511013, 0.0 ], [ 73.1296812, 28.1511016, 0.0 ], [ 73.1296759, 28.1514049, 0.0 ], [ 73.1296528, 28.1514046, 0.0 ], [ 73.1296581, 28.1511013, 0.0 ] ], [ [ 73.1296021, 28.1511005, 0.0 ], [ 73.1296252, 28.1511008, 0.0 ], [ 73.1296199, 28.1514041, 0.0 ], [ 73.1295968, 28.1514038, 0.0 ], [ 73.1296021, 28.1511005, 0.0 ] ], [ [ 73.1295515, 28.1507881, 0.0 ], [ 73.1295746, 28.1507884, 0.0 ], [ 73.1295694, 28.1510917, 0.0 ], [ 73.1295462, 28.1510913, 0.0 ], [ 73.1295515, 28.1507881, 0.0 ] ], [ [ 73.1294955, 28.1507873, 0.0 ], [ 73.1295186, 28.1507876, 0.0 ], [ 73.1295134, 28.1510909, 0.0 ], [ 73.1294902, 28.1510906, 0.0 ], [ 73.1294955, 28.1507873, 0.0 ] ], [ [ 73.1295461, 28.1510998, 0.0 ], [ 73.1295692, 28.1511001, 0.0 ], [ 73.1295639, 28.1514033, 0.0 ], [ 73.1295408, 28.151403, 0.0 ], [ 73.1295461, 28.1510998, 0.0 ] ], [ [ 73.1294901, 28.151099, 0.0 ], [ 73.1295132, 28.1510993, 0.0 ], [ 73.129508, 28.1514026, 0.0 ], [ 73.1294848, 28.1514023, 0.0 ], [ 73.1294901, 28.151099, 0.0 ] ], [ [ 73.1294395, 28.1507866, 0.0 ], [ 73.1294627, 28.1507869, 0.0 ], [ 73.1294574, 28.1510901, 0.0 ], [ 73.1294343, 28.1510898, 0.0 ], [ 73.1294395, 28.1507866, 0.0 ] ], [ [ 73.1293835, 28.1507858, 0.0 ], [ 73.1294067, 28.1507861, 0.0 ], [ 73.1294014, 28.1510894, 0.0 ], [ 73.1293783, 28.1510891, 0.0 ], [ 73.1293835, 28.1507858, 0.0 ] ], [ [ 73.1294341, 28.1510982, 0.0 ], [ 73.1294572, 28.1510986, 0.0 ], [ 73.129452, 28.1514018, 0.0 ], [ 73.1294288, 28.1514015, 0.0 ], [ 73.1294341, 28.1510982, 0.0 ] ], [ [ 73.1293781, 28.1510975, 0.0 ], [ 73.1294013, 28.1510978, 0.0 ], [ 73.129396, 28.1514011, 0.0 ], [ 73.1293729, 28.1514007, 0.0 ], [ 73.1293781, 28.1510975, 0.0 ] ], [ [ 73.1293276, 28.150785, 0.0 ], [ 73.1293507, 28.1507853, 0.0 ], [ 73.1293454, 28.1510886, 0.0 ], [ 73.1293223, 28.1510883, 0.0 ], [ 73.1293276, 28.150785, 0.0 ] ], [ [ 73.1292716, 28.1507843, 0.0 ], [ 73.1292947, 28.1507846, 0.0 ], [ 73.1292894, 28.1510878, 0.0 ], [ 73.1292663, 28.1510875, 0.0 ], [ 73.1292716, 28.1507843, 0.0 ] ], [ [ 73.1293221, 28.1510967, 0.0 ], [ 73.1293453, 28.151097, 0.0 ], [ 73.12934, 28.1514003, 0.0 ], [ 73.1293169, 28.1514, 0.0 ], [ 73.1293221, 28.1510967, 0.0 ] ], [ [ 73.1292662, 28.1510959, 0.0 ], [ 73.1292893, 28.1510963, 0.0 ], [ 73.129284, 28.1513995, 0.0 ], [ 73.1292609, 28.1513992, 0.0 ], [ 73.1292662, 28.1510959, 0.0 ] ], [ [ 73.1292156, 28.1507835, 0.0 ], [ 73.1292387, 28.1507838, 0.0 ], [ 73.1292334, 28.1510871, 0.0 ], [ 73.1292103, 28.1510868, 0.0 ], [ 73.1292156, 28.1507835, 0.0 ] ], [ [ 73.1291596, 28.1507827, 0.0 ], [ 73.1291827, 28.150783, 0.0 ], [ 73.1291775, 28.1510863, 0.0 ], [ 73.1291543, 28.151086, 0.0 ], [ 73.1291596, 28.1507827, 0.0 ] ], [ [ 73.1292102, 28.1510952, 0.0 ], [ 73.1292333, 28.1510955, 0.0 ], [ 73.129228, 28.1513988, 0.0 ], [ 73.1292049, 28.1513984, 0.0 ], [ 73.1292102, 28.1510952, 0.0 ] ], [ [ 73.1291542, 28.1510944, 0.0 ], [ 73.1291773, 28.1510947, 0.0 ], [ 73.129172, 28.151398, 0.0 ], [ 73.1291489, 28.1513977, 0.0 ], [ 73.1291542, 28.1510944, 0.0 ] ], [ [ 73.1291144, 28.1501625, 0.0 ], [ 73.1291375, 28.1501628, 0.0 ], [ 73.1291322, 28.1504661, 0.0 ], [ 73.1291091, 28.1504658, 0.0 ], [ 73.1291144, 28.1501625, 0.0 ] ], [ [ 73.1290584, 28.1501617, 0.0 ], [ 73.1290815, 28.1501621, 0.0 ], [ 73.1290762, 28.1504653, 0.0 ], [ 73.1290531, 28.150465, 0.0 ], [ 73.1290584, 28.1501617, 0.0 ] ], [ [ 73.129109, 28.1504742, 0.0 ], [ 73.1291321, 28.1504745, 0.0 ], [ 73.1291268, 28.1507778, 0.0 ], [ 73.1291037, 28.1507775, 0.0 ], [ 73.129109, 28.1504742, 0.0 ] ], [ [ 73.129053, 28.1504734, 0.0 ], [ 73.1290761, 28.1504737, 0.0 ], [ 73.1290708, 28.150777, 0.0 ], [ 73.1290477, 28.1507767, 0.0 ], [ 73.129053, 28.1504734, 0.0 ] ], [ [ 73.1290024, 28.150161, 0.0 ], [ 73.1290255, 28.1501613, 0.0 ], [ 73.1290203, 28.1504646, 0.0 ], [ 73.1289971, 28.1504642, 0.0 ], [ 73.1290024, 28.150161, 0.0 ] ], [ [ 73.1289464, 28.1501602, 0.0 ], [ 73.1289696, 28.1501605, 0.0 ], [ 73.1289643, 28.1504638, 0.0 ], [ 73.1289411, 28.1504635, 0.0 ], [ 73.1289464, 28.1501602, 0.0 ] ], [ [ 73.128997, 28.1504727, 0.0 ], [ 73.1290201, 28.150473, 0.0 ], [ 73.1290148, 28.1507762, 0.0 ], [ 73.1289917, 28.1507759, 0.0 ], [ 73.128997, 28.1504727, 0.0 ] ], [ [ 73.128941, 28.1504719, 0.0 ], [ 73.1289641, 28.1504722, 0.0 ], [ 73.1289589, 28.1507755, 0.0 ], [ 73.1289357, 28.1507752, 0.0 ], [ 73.128941, 28.1504719, 0.0 ] ], [ [ 73.1300102, 28.1501747, 0.0 ], [ 73.1300333, 28.1501751, 0.0 ], [ 73.130028, 28.1504783, 0.0 ], [ 73.1300049, 28.150478, 0.0 ], [ 73.1300102, 28.1501747, 0.0 ] ], [ [ 73.1299542, 28.150174, 0.0 ], [ 73.1299773, 28.1501743, 0.0 ], [ 73.129972, 28.1504776, 0.0 ], [ 73.1299489, 28.1504772, 0.0 ], [ 73.1299542, 28.150174, 0.0 ] ], [ [ 73.1300047, 28.1504864, 0.0 ], [ 73.1300279, 28.1504867, 0.0 ], [ 73.1300226, 28.15079, 0.0 ], [ 73.1299995, 28.1507897, 0.0 ], [ 73.1300047, 28.1504864, 0.0 ] ], [ [ 73.1299488, 28.1504857, 0.0 ], [ 73.1299719, 28.150486, 0.0 ], [ 73.1299666, 28.1507892, 0.0 ], [ 73.1299435, 28.1507889, 0.0 ], [ 73.1299488, 28.1504857, 0.0 ] ], [ [ 73.1298982, 28.1501732, 0.0 ], [ 73.1299213, 28.1501735, 0.0 ], [ 73.129916, 28.1504768, 0.0 ], [ 73.1298929, 28.1504765, 0.0 ], [ 73.1298982, 28.1501732, 0.0 ] ], [ [ 73.1298422, 28.1501724, 0.0 ], [ 73.1298653, 28.1501728, 0.0 ], [ 73.1298601, 28.150476, 0.0 ], [ 73.1298369, 28.1504757, 0.0 ], [ 73.1298422, 28.1501724, 0.0 ] ], [ [ 73.1298928, 28.1504849, 0.0 ], [ 73.1299159, 28.1504852, 0.0 ], [ 73.1299106, 28.1507885, 0.0 ], [ 73.1298875, 28.1507882, 0.0 ], [ 73.1298928, 28.1504849, 0.0 ] ], [ [ 73.1298368, 28.1504841, 0.0 ], [ 73.1298599, 28.1504844, 0.0 ], [ 73.1298546, 28.1507877, 0.0 ], [ 73.1298315, 28.1507874, 0.0 ], [ 73.1298368, 28.1504841, 0.0 ] ], [ [ 73.1297862, 28.1501717, 0.0 ], [ 73.1298093, 28.150172, 0.0 ], [ 73.1298041, 28.1504753, 0.0 ], [ 73.1297809, 28.1504749, 0.0 ], [ 73.1297862, 28.1501717, 0.0 ] ], [ [ 73.1297302, 28.1501709, 0.0 ], [ 73.1297534, 28.1501712, 0.0 ], [ 73.1297481, 28.1504745, 0.0 ], [ 73.129725, 28.1504742, 0.0 ], [ 73.1297302, 28.1501709, 0.0 ] ], [ [ 73.1297808, 28.1504834, 0.0 ], [ 73.1298039, 28.1504837, 0.0 ], [ 73.1297987, 28.1507869, 0.0 ], [ 73.1297755, 28.1507866, 0.0 ], [ 73.1297808, 28.1504834, 0.0 ] ], [ [ 73.1297248, 28.1504826, 0.0 ], [ 73.1297479, 28.1504829, 0.0 ], [ 73.1297427, 28.1507862, 0.0 ], [ 73.1297195, 28.1507859, 0.0 ], [ 73.1297248, 28.1504826, 0.0 ] ], [ [ 73.1296742, 28.1501702, 0.0 ], [ 73.1296974, 28.1501705, 0.0 ], [ 73.1296921, 28.1504737, 0.0 ], [ 73.129669, 28.1504734, 0.0 ], [ 73.1296742, 28.1501702, 0.0 ] ], [ [ 73.1296183, 28.1501694, 0.0 ], [ 73.1296414, 28.1501697, 0.0 ], [ 73.1296361, 28.150473, 0.0 ], [ 73.129613, 28.1504727, 0.0 ], [ 73.1296183, 28.1501694, 0.0 ] ], [ [ 73.1296688, 28.1504818, 0.0 ], [ 73.129692, 28.1504822, 0.0 ], [ 73.1296867, 28.1507854, 0.0 ], [ 73.1296636, 28.1507851, 0.0 ], [ 73.1296688, 28.1504818, 0.0 ] ], [ [ 73.1296128, 28.1504811, 0.0 ], [ 73.129636, 28.1504814, 0.0 ], [ 73.1296307, 28.1507847, 0.0 ], [ 73.1296076, 28.1507843, 0.0 ], [ 73.1296128, 28.1504811, 0.0 ] ], [ [ 73.1295623, 28.1501686, 0.0 ], [ 73.1295854, 28.1501689, 0.0 ], [ 73.1295801, 28.1504722, 0.0 ], [ 73.129557, 28.1504719, 0.0 ], [ 73.1295623, 28.1501686, 0.0 ] ], [ [ 73.1295063, 28.1501679, 0.0 ], [ 73.1295294, 28.1501682, 0.0 ], [ 73.1295241, 28.1504714, 0.0 ], [ 73.129501, 28.1504711, 0.0 ], [ 73.1295063, 28.1501679, 0.0 ] ], [ [ 73.1295569, 28.1504803, 0.0 ], [ 73.12958, 28.1504806, 0.0 ], [ 73.1295747, 28.1507839, 0.0 ], [ 73.1295516, 28.1507836, 0.0 ], [ 73.1295569, 28.1504803, 0.0 ] ], [ [ 73.1295009, 28.1504795, 0.0 ], [ 73.129524, 28.1504799, 0.0 ], [ 73.1295187, 28.1507831, 0.0 ], [ 73.1294956, 28.1507828, 0.0 ], [ 73.1295009, 28.1504795, 0.0 ] ], [ [ 73.1294503, 28.1501671, 0.0 ], [ 73.1294734, 28.1501674, 0.0 ], [ 73.1294682, 28.1504707, 0.0 ], [ 73.129445, 28.1504704, 0.0 ], [ 73.1294503, 28.1501671, 0.0 ] ], [ [ 73.1293943, 28.1501663, 0.0 ], [ 73.1294174, 28.1501666, 0.0 ], [ 73.1294122, 28.1504699, 0.0 ], [ 73.129389, 28.1504696, 0.0 ], [ 73.1293943, 28.1501663, 0.0 ] ], [ [ 73.1294449, 28.1504788, 0.0 ], [ 73.129468, 28.1504791, 0.0 ], [ 73.1294627, 28.1507824, 0.0 ], [ 73.1294396, 28.150782, 0.0 ], [ 73.1294449, 28.1504788, 0.0 ] ], [ [ 73.1293889, 28.150478, 0.0 ], [ 73.129412, 28.1504783, 0.0 ], [ 73.1294067, 28.1507816, 0.0 ], [ 73.1293836, 28.1507813, 0.0 ], [ 73.1293889, 28.150478, 0.0 ] ], [ [ 73.1293383, 28.1501656, 0.0 ], [ 73.1293615, 28.1501659, 0.0 ], [ 73.1293562, 28.1504691, 0.0 ], [ 73.1293331, 28.1504688, 0.0 ], [ 73.1293383, 28.1501656, 0.0 ] ], [ [ 73.1292823, 28.1501648, 0.0 ], [ 73.1293055, 28.1501651, 0.0 ], [ 73.1293002, 28.1504684, 0.0 ], [ 73.1292771, 28.1504681, 0.0 ], [ 73.1292823, 28.1501648, 0.0 ] ], [ [ 73.1293329, 28.1504772, 0.0 ], [ 73.129356, 28.1504776, 0.0 ], [ 73.1293508, 28.1507808, 0.0 ], [ 73.1293276, 28.1507805, 0.0 ], [ 73.1293329, 28.1504772, 0.0 ] ], [ [ 73.1292769, 28.1504765, 0.0 ], [ 73.1293, 28.1504768, 0.0 ], [ 73.1292948, 28.1507801, 0.0 ], [ 73.1292716, 28.1507797, 0.0 ], [ 73.1292769, 28.1504765, 0.0 ] ], [ [ 73.1292264, 28.150164, 0.0 ], [ 73.1292495, 28.1501644, 0.0 ], [ 73.1292442, 28.1504676, 0.0 ], [ 73.1292211, 28.1504673, 0.0 ], [ 73.1292264, 28.150164, 0.0 ] ], [ [ 73.1291704, 28.1501633, 0.0 ], [ 73.1291935, 28.1501636, 0.0 ], [ 73.1291882, 28.1504669, 0.0 ], [ 73.1291651, 28.1504665, 0.0 ], [ 73.1291704, 28.1501633, 0.0 ] ], [ [ 73.1292209, 28.1504757, 0.0 ], [ 73.1292441, 28.150476, 0.0 ], [ 73.1292388, 28.1507793, 0.0 ], [ 73.1292157, 28.150779, 0.0 ], [ 73.1292209, 28.1504757, 0.0 ] ], [ [ 73.1291649, 28.150475, 0.0 ], [ 73.1291881, 28.1504753, 0.0 ], [ 73.1291828, 28.1507785, 0.0 ], [ 73.1291597, 28.1507782, 0.0 ], [ 73.1291649, 28.150475, 0.0 ] ], [ [ 73.1291252, 28.149543, 0.0 ], [ 73.1291483, 28.1495434, 0.0 ], [ 73.129143, 28.1498466, 0.0 ], [ 73.1291199, 28.1498463, 0.0 ], [ 73.1291252, 28.149543, 0.0 ] ], [ [ 73.1290692, 28.1495423, 0.0 ], [ 73.1290923, 28.1495426, 0.0 ], [ 73.129087, 28.1498459, 0.0 ], [ 73.1290639, 28.1498455, 0.0 ], [ 73.1290692, 28.1495423, 0.0 ] ], [ [ 73.1291197, 28.1498547, 0.0 ], [ 73.1291429, 28.149855, 0.0 ], [ 73.1291376, 28.1501583, 0.0 ], [ 73.1291145, 28.150158, 0.0 ], [ 73.1291197, 28.1498547, 0.0 ] ], [ [ 73.1290637, 28.149854, 0.0 ], [ 73.1290869, 28.1498543, 0.0 ], [ 73.1290816, 28.1501575, 0.0 ], [ 73.1290585, 28.1501572, 0.0 ], [ 73.1290637, 28.149854, 0.0 ] ], [ [ 73.1300209, 28.1495553, 0.0 ], [ 73.1300441, 28.1495556, 0.0 ], [ 73.1300388, 28.1498589, 0.0 ], [ 73.1300157, 28.1498585, 0.0 ], [ 73.1300209, 28.1495553, 0.0 ] ], [ [ 73.1299649, 28.1495545, 0.0 ], [ 73.1299881, 28.1495548, 0.0 ], [ 73.1299828, 28.1498581, 0.0 ], [ 73.1299597, 28.1498578, 0.0 ], [ 73.1299649, 28.1495545, 0.0 ] ], [ [ 73.1300155, 28.149867, 0.0 ], [ 73.1300386, 28.1498673, 0.0 ], [ 73.1300334, 28.1501705, 0.0 ], [ 73.1300102, 28.1501702, 0.0 ], [ 73.1300155, 28.149867, 0.0 ] ], [ [ 73.1299595, 28.1498662, 0.0 ], [ 73.1299827, 28.1498665, 0.0 ], [ 73.1299774, 28.1501698, 0.0 ], [ 73.1299543, 28.1501695, 0.0 ], [ 73.1299595, 28.1498662, 0.0 ] ], [ [ 73.129909, 28.1495538, 0.0 ], [ 73.1299321, 28.1495541, 0.0 ], [ 73.1299268, 28.1498573, 0.0 ], [ 73.1299037, 28.149857, 0.0 ], [ 73.129909, 28.1495538, 0.0 ] ], [ [ 73.129853, 28.149553, 0.0 ], [ 73.1298761, 28.1495533, 0.0 ], [ 73.1298708, 28.1498566, 0.0 ], [ 73.1298477, 28.1498563, 0.0 ], [ 73.129853, 28.149553, 0.0 ] ], [ [ 73.1299035, 28.1498654, 0.0 ], [ 73.1299267, 28.1498657, 0.0 ], [ 73.1299214, 28.150169, 0.0 ], [ 73.1298983, 28.1501687, 0.0 ], [ 73.1299035, 28.1498654, 0.0 ] ], [ [ 73.1298476, 28.1498647, 0.0 ], [ 73.1298707, 28.149865, 0.0 ], [ 73.1298654, 28.1501683, 0.0 ], [ 73.1298423, 28.1501679, 0.0 ], [ 73.1298476, 28.1498647, 0.0 ] ], [ [ 73.129797, 28.1495522, 0.0 ], [ 73.1298201, 28.1495525, 0.0 ], [ 73.1298148, 28.1498558, 0.0 ], [ 73.1297917, 28.1498555, 0.0 ], [ 73.129797, 28.1495522, 0.0 ] ], [ [ 73.129741, 28.1495515, 0.0 ], [ 73.1297641, 28.1495518, 0.0 ], [ 73.1297589, 28.149855, 0.0 ], [ 73.1297357, 28.1498547, 0.0 ], [ 73.129741, 28.1495515, 0.0 ] ], [ [ 73.1297916, 28.1498639, 0.0 ], [ 73.1298147, 28.1498642, 0.0 ], [ 73.1298094, 28.1501675, 0.0 ], [ 73.1297863, 28.1501672, 0.0 ], [ 73.1297916, 28.1498639, 0.0 ] ], [ [ 73.1297356, 28.1498631, 0.0 ], [ 73.1297587, 28.1498635, 0.0 ], [ 73.1297534, 28.1501667, 0.0 ], [ 73.1297303, 28.1501664, 0.0 ], [ 73.1297356, 28.1498631, 0.0 ] ], [ [ 73.129685, 28.1495507, 0.0 ], [ 73.1297081, 28.149551, 0.0 ], [ 73.1297029, 28.1498543, 0.0 ], [ 73.1296797, 28.149854, 0.0 ], [ 73.129685, 28.1495507, 0.0 ] ], [ [ 73.129629, 28.1495499, 0.0 ], [ 73.1296522, 28.1495502, 0.0 ], [ 73.1296469, 28.1498535, 0.0 ], [ 73.1296238, 28.1498532, 0.0 ], [ 73.129629, 28.1495499, 0.0 ] ], [ [ 73.1296796, 28.1498624, 0.0 ], [ 73.1297027, 28.1498627, 0.0 ], [ 73.1296974, 28.150166, 0.0 ], [ 73.1296743, 28.1501656, 0.0 ], [ 73.1296796, 28.1498624, 0.0 ] ], [ [ 73.1296236, 28.1498616, 0.0 ], [ 73.1296467, 28.1498619, 0.0 ], [ 73.1296415, 28.1501652, 0.0 ], [ 73.1296183, 28.1501649, 0.0 ], [ 73.1296236, 28.1498616, 0.0 ] ], [ [ 73.129573, 28.1495492, 0.0 ], [ 73.1295962, 28.1495495, 0.0 ], [ 73.1295909, 28.1498527, 0.0 ], [ 73.1295678, 28.1498524, 0.0 ], [ 73.129573, 28.1495492, 0.0 ] ], [ [ 73.1295171, 28.1495484, 0.0 ], [ 73.1295402, 28.1495487, 0.0 ], [ 73.1295349, 28.149852, 0.0 ], [ 73.1295118, 28.1498517, 0.0 ], [ 73.1295171, 28.1495484, 0.0 ] ], [ [ 73.1295676, 28.1498608, 0.0 ], [ 73.1295907, 28.1498612, 0.0 ], [ 73.1295855, 28.1501644, 0.0 ], [ 73.1295623, 28.1501641, 0.0 ], [ 73.1295676, 28.1498608, 0.0 ] ], [ [ 73.1295116, 28.1498601, 0.0 ], [ 73.1295348, 28.1498604, 0.0 ], [ 73.1295295, 28.1501637, 0.0 ], [ 73.1295064, 28.1501633, 0.0 ], [ 73.1295116, 28.1498601, 0.0 ] ], [ [ 73.1294611, 28.1495476, 0.0 ], [ 73.1294842, 28.149548, 0.0 ], [ 73.1294789, 28.1498512, 0.0 ], [ 73.1294558, 28.1498509, 0.0 ], [ 73.1294611, 28.1495476, 0.0 ] ], [ [ 73.1294051, 28.1495469, 0.0 ], [ 73.1294282, 28.1495472, 0.0 ], [ 73.1294229, 28.1498505, 0.0 ], [ 73.1293998, 28.1498501, 0.0 ], [ 73.1294051, 28.1495469, 0.0 ] ], [ [ 73.1294556, 28.1498593, 0.0 ], [ 73.1294788, 28.1498596, 0.0 ], [ 73.1294735, 28.1501629, 0.0 ], [ 73.1294504, 28.1501626, 0.0 ], [ 73.1294556, 28.1498593, 0.0 ] ], [ [ 73.1293997, 28.1498586, 0.0 ], [ 73.1294228, 28.1498589, 0.0 ], [ 73.1294175, 28.1501621, 0.0 ], [ 73.1293944, 28.1501618, 0.0 ], [ 73.1293997, 28.1498586, 0.0 ] ], [ [ 73.1293491, 28.1495461, 0.0 ], [ 73.1293722, 28.1495464, 0.0 ], [ 73.129367, 28.1498497, 0.0 ], [ 73.1293438, 28.1498494, 0.0 ], [ 73.1293491, 28.1495461, 0.0 ] ], [ [ 73.1292931, 28.1495453, 0.0 ], [ 73.1293162, 28.1495457, 0.0 ], [ 73.129311, 28.1498489, 0.0 ], [ 73.1292878, 28.1498486, 0.0 ], [ 73.1292931, 28.1495453, 0.0 ] ], [ [ 73.1293437, 28.1498578, 0.0 ], [ 73.1293668, 28.1498581, 0.0 ], [ 73.1293615, 28.1501614, 0.0 ], [ 73.1293384, 28.1501611, 0.0 ], [ 73.1293437, 28.1498578, 0.0 ] ], [ [ 73.1292877, 28.149857, 0.0 ], [ 73.1293108, 28.1498573, 0.0 ], [ 73.1293055, 28.1501606, 0.0 ], [ 73.1292824, 28.1501603, 0.0 ], [ 73.1292877, 28.149857, 0.0 ] ], [ [ 73.1292371, 28.1495446, 0.0 ], [ 73.1292603, 28.1495449, 0.0 ], [ 73.129255, 28.1498482, 0.0 ], [ 73.1292319, 28.1498478, 0.0 ], [ 73.1292371, 28.1495446, 0.0 ] ], [ [ 73.1291811, 28.1495438, 0.0 ], [ 73.1292043, 28.1495441, 0.0 ], [ 73.129199, 28.1498474, 0.0 ], [ 73.1291759, 28.1498471, 0.0 ], [ 73.1291811, 28.1495438, 0.0 ] ], [ [ 73.1292317, 28.1498563, 0.0 ], [ 73.1292548, 28.1498566, 0.0 ], [ 73.1292496, 28.1501598, 0.0 ], [ 73.1292264, 28.1501595, 0.0 ], [ 73.1292317, 28.1498563, 0.0 ] ], [ [ 73.1291757, 28.1498555, 0.0 ], [ 73.1291988, 28.1498558, 0.0 ], [ 73.1291936, 28.1501591, 0.0 ], [ 73.1291704, 28.1501588, 0.0 ], [ 73.1291757, 28.1498555, 0.0 ] ], [ [ 73.126199, 28.150356, 0.0 ], [ 73.1262222, 28.1503563, 0.0 ], [ 73.1262169, 28.1506596, 0.0 ], [ 73.1261938, 28.1506593, 0.0 ], [ 73.126199, 28.150356, 0.0 ] ], [ [ 73.1261431, 28.1503553, 0.0 ], [ 73.1261662, 28.1503556, 0.0 ], [ 73.1261609, 28.1506588, 0.0 ], [ 73.1261378, 28.1506585, 0.0 ], [ 73.1261431, 28.1503553, 0.0 ] ], [ [ 73.1261936, 28.1506677, 0.0 ], [ 73.1262167, 28.150668, 0.0 ], [ 73.1262115, 28.1509713, 0.0 ], [ 73.1261883, 28.150971, 0.0 ], [ 73.1261936, 28.1506677, 0.0 ] ], [ [ 73.1261376, 28.1506669, 0.0 ], [ 73.1261608, 28.1506673, 0.0 ], [ 73.1261555, 28.1509705, 0.0 ], [ 73.1261323, 28.1509702, 0.0 ], [ 73.1261376, 28.1506669, 0.0 ] ], [ [ 73.1260871, 28.1503545, 0.0 ], [ 73.1261102, 28.1503548, 0.0 ], [ 73.1261049, 28.1506581, 0.0 ], [ 73.1260818, 28.1506577, 0.0 ], [ 73.1260871, 28.1503545, 0.0 ] ], [ [ 73.1260311, 28.1503537, 0.0 ], [ 73.1260542, 28.150354, 0.0 ], [ 73.1260489, 28.1506573, 0.0 ], [ 73.1260258, 28.150657, 0.0 ], [ 73.1260311, 28.1503537, 0.0 ] ], [ [ 73.1260816, 28.1506662, 0.0 ], [ 73.1261048, 28.1506665, 0.0 ], [ 73.1260995, 28.1509697, 0.0 ], [ 73.1260764, 28.1509694, 0.0 ], [ 73.1260816, 28.1506662, 0.0 ] ], [ [ 73.1260257, 28.1506654, 0.0 ], [ 73.1260488, 28.1506657, 0.0 ], [ 73.1260435, 28.150969, 0.0 ], [ 73.1260204, 28.1509687, 0.0 ], [ 73.1260257, 28.1506654, 0.0 ] ], [ [ 73.1259751, 28.150353, 0.0 ], [ 73.1259982, 28.1503533, 0.0 ], [ 73.1259929, 28.1506565, 0.0 ], [ 73.1259698, 28.1506562, 0.0 ], [ 73.1259751, 28.150353, 0.0 ] ], [ [ 73.1259191, 28.1503522, 0.0 ], [ 73.1259422, 28.1503525, 0.0 ], [ 73.125937, 28.1506558, 0.0 ], [ 73.1259138, 28.1506555, 0.0 ], [ 73.1259191, 28.1503522, 0.0 ] ], [ [ 73.1259697, 28.1506646, 0.0 ], [ 73.1259928, 28.150665, 0.0 ], [ 73.1259875, 28.1509682, 0.0 ], [ 73.1259644, 28.1509679, 0.0 ], [ 73.1259697, 28.1506646, 0.0 ] ], [ [ 73.1259137, 28.1506639, 0.0 ], [ 73.1259368, 28.1506642, 0.0 ], [ 73.1259315, 28.1509675, 0.0 ], [ 73.1259084, 28.1509671, 0.0 ], [ 73.1259137, 28.1506639, 0.0 ] ], [ [ 73.1258631, 28.1503514, 0.0 ], [ 73.1258862, 28.1503517, 0.0 ], [ 73.125881, 28.150655, 0.0 ], [ 73.1258578, 28.1506547, 0.0 ], [ 73.1258631, 28.1503514, 0.0 ] ], [ [ 73.1258071, 28.1503507, 0.0 ], [ 73.1258303, 28.150351, 0.0 ], [ 73.125825, 28.1506542, 0.0 ], [ 73.1258019, 28.1506539, 0.0 ], [ 73.1258071, 28.1503507, 0.0 ] ], [ [ 73.1258577, 28.1506631, 0.0 ], [ 73.1258808, 28.1506634, 0.0 ], [ 73.1258755, 28.1509667, 0.0 ], [ 73.1258524, 28.1509664, 0.0 ], [ 73.1258577, 28.1506631, 0.0 ] ], [ [ 73.1258017, 28.1506623, 0.0 ], [ 73.1258248, 28.1506627, 0.0 ], [ 73.1258196, 28.1509659, 0.0 ], [ 73.1257964, 28.1509656, 0.0 ], [ 73.1258017, 28.1506623, 0.0 ] ], [ [ 73.1273286, 28.1498042, 0.0 ], [ 73.1273518, 28.1498045, 0.0 ], [ 73.1273465, 28.1501078, 0.0 ], [ 73.1273234, 28.1501075, 0.0 ], [ 73.1273286, 28.1498042, 0.0 ] ], [ [ 73.1272726, 28.1498034, 0.0 ], [ 73.1272958, 28.1498038, 0.0 ], [ 73.1272905, 28.150107, 0.0 ], [ 73.1272674, 28.1501067, 0.0 ], [ 73.1272726, 28.1498034, 0.0 ] ], [ [ 73.1273232, 28.1501159, 0.0 ], [ 73.1273463, 28.1501162, 0.0 ], [ 73.1273411, 28.1504195, 0.0 ], [ 73.1273179, 28.1504191, 0.0 ], [ 73.1273232, 28.1501159, 0.0 ] ], [ [ 73.1272672, 28.1501151, 0.0 ], [ 73.1272904, 28.1501154, 0.0 ], [ 73.1272851, 28.1504187, 0.0 ], [ 73.1272619, 28.1504184, 0.0 ], [ 73.1272672, 28.1501151, 0.0 ] ], [ [ 73.1272167, 28.1498027, 0.0 ], [ 73.1272398, 28.149803, 0.0 ], [ 73.1272345, 28.1501063, 0.0 ], [ 73.1272114, 28.1501059, 0.0 ], [ 73.1272167, 28.1498027, 0.0 ] ], [ [ 73.1271607, 28.1498019, 0.0 ], [ 73.1271838, 28.1498022, 0.0 ], [ 73.1271785, 28.1501055, 0.0 ], [ 73.1271554, 28.1501052, 0.0 ], [ 73.1271607, 28.1498019, 0.0 ] ], [ [ 73.1272112, 28.1501144, 0.0 ], [ 73.1272344, 28.1501147, 0.0 ], [ 73.1272291, 28.1504179, 0.0 ], [ 73.127206, 28.1504176, 0.0 ], [ 73.1272112, 28.1501144, 0.0 ] ], [ [ 73.1271553, 28.1501136, 0.0 ], [ 73.1271784, 28.1501139, 0.0 ], [ 73.1271731, 28.1504172, 0.0 ], [ 73.12715, 28.1504169, 0.0 ], [ 73.1271553, 28.1501136, 0.0 ] ], [ [ 73.1271047, 28.1498011, 0.0 ], [ 73.1271278, 28.1498015, 0.0 ], [ 73.1271225, 28.1501047, 0.0 ], [ 73.1270994, 28.1501044, 0.0 ], [ 73.1271047, 28.1498011, 0.0 ] ], [ [ 73.1270487, 28.1498004, 0.0 ], [ 73.1270718, 28.1498007, 0.0 ], [ 73.1270666, 28.150104, 0.0 ], [ 73.1270434, 28.1501036, 0.0 ], [ 73.1270487, 28.1498004, 0.0 ] ], [ [ 73.1270993, 28.1501128, 0.0 ], [ 73.1271224, 28.1501131, 0.0 ], [ 73.1271171, 28.1504164, 0.0 ], [ 73.127094, 28.1504161, 0.0 ], [ 73.1270993, 28.1501128, 0.0 ] ], [ [ 73.1270433, 28.1501121, 0.0 ], [ 73.1270664, 28.1501124, 0.0 ], [ 73.1270611, 28.1504156, 0.0 ], [ 73.127038, 28.1504153, 0.0 ], [ 73.1270433, 28.1501121, 0.0 ] ], [ [ 73.1269927, 28.1497996, 0.0 ], [ 73.1270158, 28.1497999, 0.0 ], [ 73.1270106, 28.1501032, 0.0 ], [ 73.1269874, 28.1501029, 0.0 ], [ 73.1269927, 28.1497996, 0.0 ] ], [ [ 73.1269367, 28.1497988, 0.0 ], [ 73.1269599, 28.1497992, 0.0 ], [ 73.1269546, 28.1501024, 0.0 ], [ 73.1269315, 28.1501021, 0.0 ], [ 73.1269367, 28.1497988, 0.0 ] ], [ [ 73.1269873, 28.1501113, 0.0 ], [ 73.1270104, 28.1501116, 0.0 ], [ 73.1270051, 28.1504149, 0.0 ], [ 73.126982, 28.1504146, 0.0 ], [ 73.1269873, 28.1501113, 0.0 ] ], [ [ 73.1269313, 28.1501105, 0.0 ], [ 73.1269544, 28.1501108, 0.0 ], [ 73.1269492, 28.1504141, 0.0 ], [ 73.126926, 28.1504138, 0.0 ], [ 73.1269313, 28.1501105, 0.0 ] ], [ [ 73.1268807, 28.1497981, 0.0 ], [ 73.1269039, 28.1497984, 0.0 ], [ 73.1268986, 28.1501017, 0.0 ], [ 73.1268755, 28.1501013, 0.0 ], [ 73.1268807, 28.1497981, 0.0 ] ], [ [ 73.1268248, 28.1497973, 0.0 ], [ 73.1268479, 28.1497976, 0.0 ], [ 73.1268426, 28.1501009, 0.0 ], [ 73.1268195, 28.1501006, 0.0 ], [ 73.1268248, 28.1497973, 0.0 ] ], [ [ 73.1268753, 28.1501098, 0.0 ], [ 73.1268984, 28.1501101, 0.0 ], [ 73.1268932, 28.1504133, 0.0 ], [ 73.12687, 28.150413, 0.0 ], [ 73.1268753, 28.1501098, 0.0 ] ], [ [ 73.1268193, 28.150109, 0.0 ], [ 73.1268425, 28.1501093, 0.0 ], [ 73.1268372, 28.1504126, 0.0 ], [ 73.1268141, 28.1504123, 0.0 ], [ 73.1268193, 28.150109, 0.0 ] ], [ [ 73.1267688, 28.1497965, 0.0 ], [ 73.1267919, 28.1497969, 0.0 ], [ 73.1267866, 28.1501001, 0.0 ], [ 73.1267635, 28.1500998, 0.0 ], [ 73.1267688, 28.1497965, 0.0 ] ], [ [ 73.1267128, 28.1497958, 0.0 ], [ 73.1267359, 28.1497961, 0.0 ], [ 73.1267306, 28.1500994, 0.0 ], [ 73.1267075, 28.150099, 0.0 ], [ 73.1267128, 28.1497958, 0.0 ] ], [ [ 73.1267633, 28.1501082, 0.0 ], [ 73.1267865, 28.1501085, 0.0 ], [ 73.1267812, 28.1504118, 0.0 ], [ 73.1267581, 28.1504115, 0.0 ], [ 73.1267633, 28.1501082, 0.0 ] ], [ [ 73.1267074, 28.1501075, 0.0 ], [ 73.1267305, 28.1501078, 0.0 ], [ 73.1267252, 28.150411, 0.0 ], [ 73.1267021, 28.1504107, 0.0 ], [ 73.1267074, 28.1501075, 0.0 ] ], [ [ 73.1266568, 28.149795, 0.0 ], [ 73.1266799, 28.1497953, 0.0 ], [ 73.1266746, 28.1500986, 0.0 ], [ 73.1266515, 28.1500983, 0.0 ], [ 73.1266568, 28.149795, 0.0 ] ], [ [ 73.1266008, 28.1497942, 0.0 ], [ 73.1266239, 28.1497946, 0.0 ], [ 73.1266187, 28.1500978, 0.0 ], [ 73.1265955, 28.1500975, 0.0 ], [ 73.1266008, 28.1497942, 0.0 ] ], [ [ 73.1266514, 28.1501067, 0.0 ], [ 73.1266745, 28.150107, 0.0 ], [ 73.1266692, 28.1504103, 0.0 ], [ 73.1266461, 28.15041, 0.0 ], [ 73.1266514, 28.1501067, 0.0 ] ], [ [ 73.1265954, 28.1501059, 0.0 ], [ 73.1266185, 28.1501062, 0.0 ], [ 73.1266132, 28.1504095, 0.0 ], [ 73.1265901, 28.1504092, 0.0 ], [ 73.1265954, 28.1501059, 0.0 ] ], [ [ 73.1265448, 28.1497935, 0.0 ], [ 73.126568, 28.1497938, 0.0 ], [ 73.1265627, 28.1500971, 0.0 ], [ 73.1265396, 28.1500967, 0.0 ], [ 73.1265448, 28.1497935, 0.0 ] ], [ [ 73.1264888, 28.1497927, 0.0 ], [ 73.126512, 28.149793, 0.0 ], [ 73.1265067, 28.1500963, 0.0 ], [ 73.1264836, 28.150096, 0.0 ], [ 73.1264888, 28.1497927, 0.0 ] ], [ [ 73.1265394, 28.1501052, 0.0 ], [ 73.1265625, 28.1501055, 0.0 ], [ 73.1265573, 28.1504087, 0.0 ], [ 73.1265341, 28.1504084, 0.0 ], [ 73.1265394, 28.1501052, 0.0 ] ], [ [ 73.1264834, 28.1501044, 0.0 ], [ 73.1265065, 28.1501047, 0.0 ], [ 73.1265013, 28.150408, 0.0 ], [ 73.1264781, 28.1504077, 0.0 ], [ 73.1264834, 28.1501044, 0.0 ] ], [ [ 73.1264338, 28.1497396, 0.0 ], [ 73.1264569, 28.1497399, 0.0 ], [ 73.1264516, 28.1500432, 0.0 ], [ 73.1264285, 28.1500429, 0.0 ], [ 73.1264338, 28.1497396, 0.0 ] ], [ [ 73.1263778, 28.1497389, 0.0 ], [ 73.1264009, 28.1497392, 0.0 ], [ 73.1263956, 28.1500424, 0.0 ], [ 73.1263725, 28.1500421, 0.0 ], [ 73.1263778, 28.1497389, 0.0 ] ], [ [ 73.1264283, 28.1500513, 0.0 ], [ 73.1264515, 28.1500516, 0.0 ], [ 73.1264462, 28.1503549, 0.0 ], [ 73.1264231, 28.1503546, 0.0 ], [ 73.1264283, 28.1500513, 0.0 ] ], [ [ 73.1263724, 28.1500505, 0.0 ], [ 73.1263955, 28.1500509, 0.0 ], [ 73.1263902, 28.1503541, 0.0 ], [ 73.1263671, 28.1503538, 0.0 ], [ 73.1263724, 28.1500505, 0.0 ] ], [ [ 73.1263218, 28.1497381, 0.0 ], [ 73.1263449, 28.1497384, 0.0 ], [ 73.1263396, 28.1500417, 0.0 ], [ 73.1263165, 28.1500414, 0.0 ], [ 73.1263218, 28.1497381, 0.0 ] ], [ [ 73.1262658, 28.1497373, 0.0 ], [ 73.1262889, 28.1497376, 0.0 ], [ 73.1262837, 28.1500409, 0.0 ], [ 73.1262605, 28.1500406, 0.0 ], [ 73.1262658, 28.1497373, 0.0 ] ], [ [ 73.1263164, 28.1500498, 0.0 ], [ 73.1263395, 28.1500501, 0.0 ], [ 73.1263342, 28.1503534, 0.0 ], [ 73.1263111, 28.150353, 0.0 ], [ 73.1263164, 28.1500498, 0.0 ] ], [ [ 73.1262604, 28.150049, 0.0 ], [ 73.1262835, 28.1500493, 0.0 ], [ 73.1262782, 28.1503526, 0.0 ], [ 73.1262551, 28.1503523, 0.0 ], [ 73.1262604, 28.150049, 0.0 ] ], [ [ 73.1262098, 28.1497366, 0.0 ], [ 73.126233, 28.1497369, 0.0 ], [ 73.1262277, 28.1500401, 0.0 ], [ 73.1262045, 28.1500398, 0.0 ], [ 73.1262098, 28.1497366, 0.0 ] ], [ [ 73.1261538, 28.1497358, 0.0 ], [ 73.126177, 28.1497361, 0.0 ], [ 73.1261717, 28.1500394, 0.0 ], [ 73.1261486, 28.1500391, 0.0 ], [ 73.1261538, 28.1497358, 0.0 ] ], [ [ 73.1262044, 28.1500482, 0.0 ], [ 73.1262275, 28.1500486, 0.0 ], [ 73.1262222, 28.1503518, 0.0 ], [ 73.1261991, 28.1503515, 0.0 ], [ 73.1262044, 28.1500482, 0.0 ] ], [ [ 73.1261484, 28.1500475, 0.0 ], [ 73.1261715, 28.1500478, 0.0 ], [ 73.1261663, 28.1503511, 0.0 ], [ 73.1261431, 28.1503507, 0.0 ], [ 73.1261484, 28.1500475, 0.0 ] ], [ [ 73.1260979, 28.149735, 0.0 ], [ 73.126121, 28.1497353, 0.0 ], [ 73.1261157, 28.1500386, 0.0 ], [ 73.1260926, 28.1500383, 0.0 ], [ 73.1260979, 28.149735, 0.0 ] ], [ [ 73.1260419, 28.1497343, 0.0 ], [ 73.126065, 28.1497346, 0.0 ], [ 73.1260597, 28.1500378, 0.0 ], [ 73.1260366, 28.1500375, 0.0 ], [ 73.1260419, 28.1497343, 0.0 ] ], [ [ 73.1260924, 28.1500467, 0.0 ], [ 73.1261156, 28.150047, 0.0 ], [ 73.1261103, 28.1503503, 0.0 ], [ 73.1260871, 28.15035, 0.0 ], [ 73.1260924, 28.1500467, 0.0 ] ], [ [ 73.1260364, 28.1500459, 0.0 ], [ 73.1260596, 28.1500463, 0.0 ], [ 73.1260543, 28.1503495, 0.0 ], [ 73.1260312, 28.1503492, 0.0 ], [ 73.1260364, 28.1500459, 0.0 ] ], [ [ 73.1259859, 28.1497335, 0.0 ], [ 73.126009, 28.1497338, 0.0 ], [ 73.1260037, 28.1500371, 0.0 ], [ 73.1259806, 28.1500368, 0.0 ], [ 73.1259859, 28.1497335, 0.0 ] ], [ [ 73.1259299, 28.1497327, 0.0 ], [ 73.125953, 28.149733, 0.0 ], [ 73.1259477, 28.1500363, 0.0 ], [ 73.1259246, 28.150036, 0.0 ], [ 73.1259299, 28.1497327, 0.0 ] ], [ [ 73.1259805, 28.1500452, 0.0 ], [ 73.1260036, 28.1500455, 0.0 ], [ 73.1259983, 28.1503488, 0.0 ], [ 73.1259752, 28.1503484, 0.0 ], [ 73.1259805, 28.1500452, 0.0 ] ], [ [ 73.1259245, 28.1500444, 0.0 ], [ 73.1259476, 28.1500447, 0.0 ], [ 73.1259423, 28.150348, 0.0 ], [ 73.1259192, 28.1503477, 0.0 ], [ 73.1259245, 28.1500444, 0.0 ] ], [ [ 73.1273394, 28.1491847, 0.0 ], [ 73.1273625, 28.1491851, 0.0 ], [ 73.1273573, 28.1494883, 0.0 ], [ 73.1273341, 28.149488, 0.0 ], [ 73.1273394, 28.1491847, 0.0 ] ], [ [ 73.1272834, 28.149184, 0.0 ], [ 73.1273066, 28.1491843, 0.0 ], [ 73.1273013, 28.1494876, 0.0 ], [ 73.1272782, 28.1494872, 0.0 ], [ 73.1272834, 28.149184, 0.0 ] ], [ [ 73.127334, 28.1494964, 0.0 ], [ 73.1273571, 28.1494967, 0.0 ], [ 73.1273518, 28.1498, 0.0 ], [ 73.1273287, 28.1497997, 0.0 ], [ 73.127334, 28.1494964, 0.0 ] ], [ [ 73.127278, 28.1494957, 0.0 ], [ 73.1273011, 28.149496, 0.0 ], [ 73.1272959, 28.1497992, 0.0 ], [ 73.1272727, 28.1497989, 0.0 ], [ 73.127278, 28.1494957, 0.0 ] ], [ [ 73.1272274, 28.1491832, 0.0 ], [ 73.1272506, 28.1491835, 0.0 ], [ 73.1272453, 28.1494868, 0.0 ], [ 73.1272222, 28.1494865, 0.0 ], [ 73.1272274, 28.1491832, 0.0 ] ], [ [ 73.1271715, 28.1491824, 0.0 ], [ 73.1271946, 28.1491828, 0.0 ], [ 73.1271893, 28.149486, 0.0 ], [ 73.1271662, 28.1494857, 0.0 ], [ 73.1271715, 28.1491824, 0.0 ] ], [ [ 73.127222, 28.1494949, 0.0 ], [ 73.1272451, 28.1494952, 0.0 ], [ 73.1272399, 28.1497985, 0.0 ], [ 73.1272167, 28.1497982, 0.0 ], [ 73.127222, 28.1494949, 0.0 ] ], [ [ 73.127166, 28.1494941, 0.0 ], [ 73.1271892, 28.1494944, 0.0 ], [ 73.1271839, 28.1497977, 0.0 ], [ 73.1271608, 28.1497974, 0.0 ], [ 73.127166, 28.1494941, 0.0 ] ], [ [ 73.1271155, 28.1491817, 0.0 ], [ 73.1271386, 28.149182, 0.0 ], [ 73.1271333, 28.1494853, 0.0 ], [ 73.1271102, 28.1494849, 0.0 ], [ 73.1271155, 28.1491817, 0.0 ] ], [ [ 73.1270595, 28.1491809, 0.0 ], [ 73.1270826, 28.1491812, 0.0 ], [ 73.1270773, 28.1494845, 0.0 ], [ 73.1270542, 28.1494842, 0.0 ], [ 73.1270595, 28.1491809, 0.0 ] ], [ [ 73.12711, 28.1494934, 0.0 ], [ 73.1271332, 28.1494937, 0.0 ], [ 73.1271279, 28.1497969, 0.0 ], [ 73.1271048, 28.1497966, 0.0 ], [ 73.12711, 28.1494934, 0.0 ] ], [ [ 73.1270541, 28.1494926, 0.0 ], [ 73.1270772, 28.1494929, 0.0 ], [ 73.1270719, 28.1497962, 0.0 ], [ 73.1270488, 28.1497959, 0.0 ], [ 73.1270541, 28.1494926, 0.0 ] ], [ [ 73.1270035, 28.1491801, 0.0 ], [ 73.1270266, 28.1491805, 0.0 ], [ 73.1270213, 28.1494837, 0.0 ], [ 73.1269982, 28.1494834, 0.0 ], [ 73.1270035, 28.1491801, 0.0 ] ], [ [ 73.1269475, 28.1491794, 0.0 ], [ 73.1269706, 28.1491797, 0.0 ], [ 73.1269654, 28.149483, 0.0 ], [ 73.1269422, 28.1494826, 0.0 ], [ 73.1269475, 28.1491794, 0.0 ] ], [ [ 73.1269981, 28.1494918, 0.0 ], [ 73.1270212, 28.1494921, 0.0 ], [ 73.1270159, 28.1497954, 0.0 ], [ 73.1269928, 28.1497951, 0.0 ], [ 73.1269981, 28.1494918, 0.0 ] ], [ [ 73.1269421, 28.1494911, 0.0 ], [ 73.1269652, 28.1494914, 0.0 ], [ 73.1269599, 28.1497946, 0.0 ], [ 73.1269368, 28.1497943, 0.0 ], [ 73.1269421, 28.1494911, 0.0 ] ], [ [ 73.1268915, 28.1491786, 0.0 ], [ 73.1269147, 28.1491789, 0.0 ], [ 73.1269094, 28.1494822, 0.0 ], [ 73.1268862, 28.1494819, 0.0 ], [ 73.1268915, 28.1491786, 0.0 ] ], [ [ 73.1268355, 28.1491779, 0.0 ], [ 73.1268587, 28.1491782, 0.0 ], [ 73.1268534, 28.1494814, 0.0 ], [ 73.1268303, 28.1494811, 0.0 ], [ 73.1268355, 28.1491779, 0.0 ] ], [ [ 73.1268861, 28.1494903, 0.0 ], [ 73.1269092, 28.1494906, 0.0 ], [ 73.126904, 28.1497939, 0.0 ], [ 73.1268808, 28.1497936, 0.0 ], [ 73.1268861, 28.1494903, 0.0 ] ], [ [ 73.1268301, 28.1494895, 0.0 ], [ 73.1268532, 28.1494899, 0.0 ], [ 73.126848, 28.1497931, 0.0 ], [ 73.1268248, 28.1497928, 0.0 ], [ 73.1268301, 28.1494895, 0.0 ] ], [ [ 73.1267796, 28.1491771, 0.0 ], [ 73.1268027, 28.1491774, 0.0 ], [ 73.1267974, 28.1494807, 0.0 ], [ 73.1267743, 28.1494804, 0.0 ], [ 73.1267796, 28.1491771, 0.0 ] ], [ [ 73.1267236, 28.1491763, 0.0 ], [ 73.1267467, 28.1491766, 0.0 ], [ 73.1267414, 28.1494799, 0.0 ], [ 73.1267183, 28.1494796, 0.0 ], [ 73.1267236, 28.1491763, 0.0 ] ], [ [ 73.1267741, 28.1494888, 0.0 ], [ 73.1267973, 28.1494891, 0.0 ], [ 73.126792, 28.1497924, 0.0 ], [ 73.1267689, 28.149792, 0.0 ], [ 73.1267741, 28.1494888, 0.0 ] ], [ [ 73.1267181, 28.149488, 0.0 ], [ 73.1267413, 28.1494883, 0.0 ], [ 73.126736, 28.1497916, 0.0 ], [ 73.1267129, 28.1497913, 0.0 ], [ 73.1267181, 28.149488, 0.0 ] ], [ [ 73.1266676, 28.1491756, 0.0 ], [ 73.1266907, 28.1491759, 0.0 ], [ 73.1266854, 28.1494791, 0.0 ], [ 73.1266623, 28.1494788, 0.0 ], [ 73.1266676, 28.1491756, 0.0 ] ], [ [ 73.1266116, 28.1491748, 0.0 ], [ 73.1266347, 28.1491751, 0.0 ], [ 73.1266294, 28.1494784, 0.0 ], [ 73.1266063, 28.1494781, 0.0 ], [ 73.1266116, 28.1491748, 0.0 ] ], [ [ 73.1266622, 28.1494872, 0.0 ], [ 73.1266853, 28.1494876, 0.0 ], [ 73.12668, 28.1497908, 0.0 ], [ 73.1266569, 28.1497905, 0.0 ], [ 73.1266622, 28.1494872, 0.0 ] ], [ [ 73.1266062, 28.1494865, 0.0 ], [ 73.1266293, 28.1494868, 0.0 ], [ 73.126624, 28.1497901, 0.0 ], [ 73.1266009, 28.1497897, 0.0 ], [ 73.1266062, 28.1494865, 0.0 ] ], [ [ 73.1265556, 28.149174, 0.0 ], [ 73.1265787, 28.1491743, 0.0 ], [ 73.1265735, 28.1494776, 0.0 ], [ 73.1265503, 28.1494773, 0.0 ], [ 73.1265556, 28.149174, 0.0 ] ], [ [ 73.1264996, 28.1491733, 0.0 ], [ 73.1265228, 28.1491736, 0.0 ], [ 73.1265175, 28.1494768, 0.0 ], [ 73.1264943, 28.1494765, 0.0 ], [ 73.1264996, 28.1491733, 0.0 ] ], [ [ 73.1265502, 28.1494857, 0.0 ], [ 73.1265733, 28.149486, 0.0 ], [ 73.126568, 28.1497893, 0.0 ], [ 73.1265449, 28.149789, 0.0 ], [ 73.1265502, 28.1494857, 0.0 ] ], [ [ 73.1264942, 28.1494849, 0.0 ], [ 73.1265173, 28.1494853, 0.0 ], [ 73.1265121, 28.1497885, 0.0 ], [ 73.1264889, 28.1497882, 0.0 ], [ 73.1264942, 28.1494849, 0.0 ] ], [ [ 73.1264446, 28.1491202, 0.0 ], [ 73.1264677, 28.1491205, 0.0 ], [ 73.1264624, 28.1494237, 0.0 ], [ 73.1264393, 28.1494234, 0.0 ], [ 73.1264446, 28.1491202, 0.0 ] ], [ [ 73.1263886, 28.1491194, 0.0 ], [ 73.1264117, 28.1491197, 0.0 ], [ 73.1264064, 28.149423, 0.0 ], [ 73.1263833, 28.1494227, 0.0 ], [ 73.1263886, 28.1491194, 0.0 ] ], [ [ 73.1264391, 28.1494318, 0.0 ], [ 73.1264623, 28.1494322, 0.0 ], [ 73.126457, 28.1497354, 0.0 ], [ 73.1264338, 28.1497351, 0.0 ], [ 73.1264391, 28.1494318, 0.0 ] ], [ [ 73.1263831, 28.1494311, 0.0 ], [ 73.1264063, 28.1494314, 0.0 ], [ 73.126401, 28.1497347, 0.0 ], [ 73.1263779, 28.1497343, 0.0 ], [ 73.1263831, 28.1494311, 0.0 ] ], [ [ 73.1263326, 28.1491186, 0.0 ], [ 73.1263557, 28.1491189, 0.0 ], [ 73.1263504, 28.1494222, 0.0 ], [ 73.1263273, 28.1494219, 0.0 ], [ 73.1263326, 28.1491186, 0.0 ] ], [ [ 73.1262766, 28.1491179, 0.0 ], [ 73.1262997, 28.1491182, 0.0 ], [ 73.1262944, 28.1494214, 0.0 ], [ 73.1262713, 28.1494211, 0.0 ], [ 73.1262766, 28.1491179, 0.0 ] ], [ [ 73.1263272, 28.1494303, 0.0 ], [ 73.1263503, 28.1494306, 0.0 ], [ 73.126345, 28.1497339, 0.0 ], [ 73.1263219, 28.1497336, 0.0 ], [ 73.1263272, 28.1494303, 0.0 ] ], [ [ 73.1262712, 28.1494295, 0.0 ], [ 73.1262943, 28.1494299, 0.0 ], [ 73.126289, 28.1497331, 0.0 ], [ 73.1262659, 28.1497328, 0.0 ], [ 73.1262712, 28.1494295, 0.0 ] ], [ [ 73.1262206, 28.1491171, 0.0 ], [ 73.1262437, 28.1491174, 0.0 ], [ 73.1262385, 28.1494207, 0.0 ], [ 73.1262153, 28.1494204, 0.0 ], [ 73.1262206, 28.1491171, 0.0 ] ], [ [ 73.1261646, 28.1491163, 0.0 ], [ 73.1261878, 28.1491166, 0.0 ], [ 73.1261825, 28.1494199, 0.0 ], [ 73.1261593, 28.1494196, 0.0 ], [ 73.1261646, 28.1491163, 0.0 ] ], [ [ 73.1262152, 28.1494288, 0.0 ], [ 73.1262383, 28.1494291, 0.0 ], [ 73.126233, 28.1497324, 0.0 ], [ 73.1262099, 28.149732, 0.0 ], [ 73.1262152, 28.1494288, 0.0 ] ], [ [ 73.1261592, 28.149428, 0.0 ], [ 73.1261823, 28.1494283, 0.0 ], [ 73.126177, 28.1497316, 0.0 ], [ 73.1261539, 28.1497313, 0.0 ], [ 73.1261592, 28.149428, 0.0 ] ], [ [ 73.1261086, 28.1491156, 0.0 ], [ 73.1261318, 28.1491159, 0.0 ], [ 73.1261265, 28.1494191, 0.0 ], [ 73.1261034, 28.1494188, 0.0 ], [ 73.1261086, 28.1491156, 0.0 ] ], [ [ 73.1260527, 28.1491148, 0.0 ], [ 73.1260758, 28.1491151, 0.0 ], [ 73.1260705, 28.1494184, 0.0 ], [ 73.1260474, 28.1494181, 0.0 ], [ 73.1260527, 28.1491148, 0.0 ] ], [ [ 73.1261032, 28.1494273, 0.0 ], [ 73.1261263, 28.1494276, 0.0 ], [ 73.1261211, 28.1497308, 0.0 ], [ 73.1260979, 28.1497305, 0.0 ], [ 73.1261032, 28.1494273, 0.0 ] ], [ [ 73.1260472, 28.1494265, 0.0 ], [ 73.1260704, 28.1494268, 0.0 ], [ 73.1260651, 28.1497301, 0.0 ], [ 73.1260419, 28.1497297, 0.0 ], [ 73.1260472, 28.1494265, 0.0 ] ], [ [ 73.1259967, 28.149114, 0.0 ], [ 73.1260198, 28.1491144, 0.0 ], [ 73.1260145, 28.1494176, 0.0 ], [ 73.1259914, 28.1494173, 0.0 ], [ 73.1259967, 28.149114, 0.0 ] ], [ [ 73.1259407, 28.1491133, 0.0 ], [ 73.1259638, 28.1491136, 0.0 ], [ 73.1259585, 28.1494169, 0.0 ], [ 73.1259354, 28.1494165, 0.0 ], [ 73.1259407, 28.1491133, 0.0 ] ], [ [ 73.1259912, 28.1494257, 0.0 ], [ 73.1260144, 28.149426, 0.0 ], [ 73.1260091, 28.1497293, 0.0 ], [ 73.125986, 28.149729, 0.0 ], [ 73.1259912, 28.1494257, 0.0 ] ], [ [ 73.1259353, 28.149425, 0.0 ], [ 73.1259584, 28.1494253, 0.0 ], [ 73.1259531, 28.1497285, 0.0 ], [ 73.12593, 28.1497282, 0.0 ], [ 73.1259353, 28.149425, 0.0 ] ], [ [ 73.1311895, 28.1467589, 0.0 ], [ 73.1312126, 28.1467592, 0.0 ], [ 73.1312073, 28.1470625, 0.0 ], [ 73.1311842, 28.1470622, 0.0 ], [ 73.1311895, 28.1467589, 0.0 ] ], [ [ 73.1311335, 28.1467581, 0.0 ], [ 73.1311566, 28.1467584, 0.0 ], [ 73.1311514, 28.1470617, 0.0 ], [ 73.1311282, 28.1470614, 0.0 ], [ 73.1311335, 28.1467581, 0.0 ] ], [ [ 73.1311841, 28.1470706, 0.0 ], [ 73.1312072, 28.1470709, 0.0 ], [ 73.1312019, 28.1473742, 0.0 ], [ 73.1311788, 28.1473738, 0.0 ], [ 73.1311841, 28.1470706, 0.0 ] ], [ [ 73.1311281, 28.1470698, 0.0 ], [ 73.1311512, 28.1470701, 0.0 ], [ 73.1311459, 28.1473734, 0.0 ], [ 73.1311228, 28.1473731, 0.0 ], [ 73.1311281, 28.1470698, 0.0 ] ], [ [ 73.1310775, 28.1467574, 0.0 ], [ 73.1311006, 28.1467577, 0.0 ], [ 73.1310954, 28.1470609, 0.0 ], [ 73.1310722, 28.1470606, 0.0 ], [ 73.1310775, 28.1467574, 0.0 ] ], [ [ 73.1310215, 28.1467566, 0.0 ], [ 73.1310446, 28.1467569, 0.0 ], [ 73.1310394, 28.1470602, 0.0 ], [ 73.1310163, 28.1470599, 0.0 ], [ 73.1310215, 28.1467566, 0.0 ] ], [ [ 73.1310721, 28.147069, 0.0 ], [ 73.1310952, 28.1470694, 0.0 ], [ 73.13109, 28.1473726, 0.0 ], [ 73.1310668, 28.1473723, 0.0 ], [ 73.1310721, 28.147069, 0.0 ] ], [ [ 73.1310161, 28.1470683, 0.0 ], [ 73.1310392, 28.1470686, 0.0 ], [ 73.131034, 28.1473719, 0.0 ], [ 73.1310108, 28.1473716, 0.0 ], [ 73.1310161, 28.1470683, 0.0 ] ], [ [ 73.1309655, 28.1467558, 0.0 ], [ 73.1309887, 28.1467562, 0.0 ], [ 73.1309834, 28.1470594, 0.0 ], [ 73.1309603, 28.1470591, 0.0 ], [ 73.1309655, 28.1467558, 0.0 ] ], [ [ 73.1309096, 28.1467551, 0.0 ], [ 73.1309327, 28.1467554, 0.0 ], [ 73.1309274, 28.1470587, 0.0 ], [ 73.1309043, 28.1470583, 0.0 ], [ 73.1309096, 28.1467551, 0.0 ] ], [ [ 73.1309601, 28.1470675, 0.0 ], [ 73.1309833, 28.1470678, 0.0 ], [ 73.130978, 28.1473711, 0.0 ], [ 73.1309549, 28.1473708, 0.0 ], [ 73.1309601, 28.1470675, 0.0 ] ], [ [ 73.1309041, 28.1470668, 0.0 ], [ 73.1309273, 28.1470671, 0.0 ], [ 73.130922, 28.1473703, 0.0 ], [ 73.1308989, 28.14737, 0.0 ], [ 73.1309041, 28.1470668, 0.0 ] ], [ [ 73.1309763, 28.1461364, 0.0 ], [ 73.1309994, 28.1461367, 0.0 ], [ 73.1309942, 28.14644, 0.0 ], [ 73.130971, 28.1464396, 0.0 ], [ 73.1309763, 28.1461364, 0.0 ] ], [ [ 73.1309203, 28.1461356, 0.0 ], [ 73.1309434, 28.1461359, 0.0 ], [ 73.1309382, 28.1464392, 0.0 ], [ 73.130915, 28.1464389, 0.0 ], [ 73.1309203, 28.1461356, 0.0 ] ], [ [ 73.1309709, 28.1464481, 0.0 ], [ 73.130994, 28.1464484, 0.0 ], [ 73.1309887, 28.1467516, 0.0 ], [ 73.1309656, 28.1467513, 0.0 ], [ 73.1309709, 28.1464481, 0.0 ] ], [ [ 73.1309149, 28.1464473, 0.0 ], [ 73.130938, 28.1464476, 0.0 ], [ 73.1309328, 28.1467509, 0.0 ], [ 73.1309096, 28.1467506, 0.0 ], [ 73.1309149, 28.1464473, 0.0 ] ], [ [ 73.1308428, 28.1473738, 0.0 ], [ 73.1308659, 28.1473741, 0.0 ], [ 73.1308607, 28.1476774, 0.0 ], [ 73.1308375, 28.147677, 0.0 ], [ 73.1308428, 28.1473738, 0.0 ] ], [ [ 73.1307868, 28.147373, 0.0 ], [ 73.13081, 28.1473733, 0.0 ], [ 73.1308047, 28.1476766, 0.0 ], [ 73.1307816, 28.1476763, 0.0 ], [ 73.1307868, 28.147373, 0.0 ] ], [ [ 73.1308374, 28.1476855, 0.0 ], [ 73.1308605, 28.1476858, 0.0 ], [ 73.1308553, 28.147989, 0.0 ], [ 73.1308321, 28.1479887, 0.0 ], [ 73.1308374, 28.1476855, 0.0 ] ], [ [ 73.1307814, 28.1476847, 0.0 ], [ 73.1308045, 28.147685, 0.0 ], [ 73.1307993, 28.1479883, 0.0 ], [ 73.1307761, 28.147988, 0.0 ], [ 73.1307814, 28.1476847, 0.0 ] ], [ [ 73.1308536, 28.1467543, 0.0 ], [ 73.1308767, 28.1467546, 0.0 ], [ 73.1308714, 28.1470579, 0.0 ], [ 73.1308483, 28.1470576, 0.0 ], [ 73.1308536, 28.1467543, 0.0 ] ], [ [ 73.1307976, 28.1467535, 0.0 ], [ 73.1308207, 28.1467539, 0.0 ], [ 73.1308154, 28.1470571, 0.0 ], [ 73.1307923, 28.1470568, 0.0 ], [ 73.1307976, 28.1467535, 0.0 ] ], [ [ 73.1308482, 28.147066, 0.0 ], [ 73.1308713, 28.1470663, 0.0 ], [ 73.130866, 28.1473696, 0.0 ], [ 73.1308429, 28.1473693, 0.0 ], [ 73.1308482, 28.147066, 0.0 ] ], [ [ 73.1307922, 28.1470652, 0.0 ], [ 73.1308153, 28.1470655, 0.0 ], [ 73.13081, 28.1473688, 0.0 ], [ 73.1307869, 28.1473685, 0.0 ], [ 73.1307922, 28.1470652, 0.0 ] ], [ [ 73.1308643, 28.1461348, 0.0 ], [ 73.1308875, 28.1461352, 0.0 ], [ 73.1308822, 28.1464384, 0.0 ], [ 73.1308591, 28.1464381, 0.0 ], [ 73.1308643, 28.1461348, 0.0 ] ], [ [ 73.1308083, 28.1461341, 0.0 ], [ 73.1308315, 28.1461344, 0.0 ], [ 73.1308262, 28.1464377, 0.0 ], [ 73.1308031, 28.1464374, 0.0 ], [ 73.1308083, 28.1461341, 0.0 ] ], [ [ 73.1308589, 28.1464465, 0.0 ], [ 73.130882, 28.1464468, 0.0 ], [ 73.1308768, 28.1467501, 0.0 ], [ 73.1308536, 28.1467498, 0.0 ], [ 73.1308589, 28.1464465, 0.0 ] ], [ [ 73.1308029, 28.1464458, 0.0 ], [ 73.1308261, 28.1464461, 0.0 ], [ 73.1308208, 28.1467494, 0.0 ], [ 73.1307977, 28.146749, 0.0 ], [ 73.1308029, 28.1464458, 0.0 ] ], [ [ 73.1307308, 28.1473722, 0.0 ], [ 73.130754, 28.1473726, 0.0 ], [ 73.1307487, 28.1476758, 0.0 ], [ 73.1307256, 28.1476755, 0.0 ], [ 73.1307308, 28.1473722, 0.0 ] ], [ [ 73.1306749, 28.1473715, 0.0 ], [ 73.130698, 28.1473718, 0.0 ], [ 73.1306927, 28.1476751, 0.0 ], [ 73.1306696, 28.1476747, 0.0 ], [ 73.1306749, 28.1473715, 0.0 ] ], [ [ 73.1307254, 28.1476839, 0.0 ], [ 73.1307486, 28.1476842, 0.0 ], [ 73.1307433, 28.1479875, 0.0 ], [ 73.1307202, 28.1479872, 0.0 ], [ 73.1307254, 28.1476839, 0.0 ] ], [ [ 73.1306694, 28.1476832, 0.0 ], [ 73.1306926, 28.1476835, 0.0 ], [ 73.1306873, 28.1479867, 0.0 ], [ 73.1306642, 28.1479864, 0.0 ], [ 73.1306694, 28.1476832, 0.0 ] ], [ [ 73.1307416, 28.1467528, 0.0 ], [ 73.1307647, 28.1467531, 0.0 ], [ 73.1307595, 28.1470564, 0.0 ], [ 73.1307363, 28.147056, 0.0 ], [ 73.1307416, 28.1467528, 0.0 ] ], [ [ 73.1306856, 28.146752, 0.0 ], [ 73.1307087, 28.1467523, 0.0 ], [ 73.1307035, 28.1470556, 0.0 ], [ 73.1306803, 28.1470553, 0.0 ], [ 73.1306856, 28.146752, 0.0 ] ], [ [ 73.1307362, 28.1470645, 0.0 ], [ 73.1307593, 28.1470648, 0.0 ], [ 73.130754, 28.147368, 0.0 ], [ 73.1307309, 28.1473677, 0.0 ], [ 73.1307362, 28.1470645, 0.0 ] ], [ [ 73.1306802, 28.1470637, 0.0 ], [ 73.1307033, 28.147064, 0.0 ], [ 73.1306981, 28.1473673, 0.0 ], [ 73.1306749, 28.147367, 0.0 ], [ 73.1306802, 28.1470637, 0.0 ] ], [ [ 73.1307524, 28.1461333, 0.0 ], [ 73.1307755, 28.1461336, 0.0 ], [ 73.1307702, 28.1464369, 0.0 ], [ 73.1307471, 28.1464366, 0.0 ], [ 73.1307524, 28.1461333, 0.0 ] ], [ [ 73.1306964, 28.1461326, 0.0 ], [ 73.1307195, 28.1461329, 0.0 ], [ 73.1307142, 28.1464361, 0.0 ], [ 73.1306911, 28.1464358, 0.0 ], [ 73.1306964, 28.1461326, 0.0 ] ], [ [ 73.1307469, 28.146445, 0.0 ], [ 73.1307701, 28.1464453, 0.0 ], [ 73.1307648, 28.1467486, 0.0 ], [ 73.1307417, 28.1467483, 0.0 ], [ 73.1307469, 28.146445, 0.0 ] ], [ [ 73.130691, 28.1464442, 0.0 ], [ 73.1307141, 28.1464446, 0.0 ], [ 73.1307088, 28.1467478, 0.0 ], [ 73.1306857, 28.1467475, 0.0 ], [ 73.130691, 28.1464442, 0.0 ] ], [ [ 73.1306189, 28.1473707, 0.0 ], [ 73.130642, 28.147371, 0.0 ], [ 73.1306367, 28.1476743, 0.0 ], [ 73.1306136, 28.147674, 0.0 ], [ 73.1306189, 28.1473707, 0.0 ] ], [ [ 73.1305629, 28.14737, 0.0 ], [ 73.130586, 28.1473703, 0.0 ], [ 73.1305807, 28.1476735, 0.0 ], [ 73.1305576, 28.1476732, 0.0 ], [ 73.1305629, 28.14737, 0.0 ] ], [ [ 73.1306135, 28.1476824, 0.0 ], [ 73.1306366, 28.1476827, 0.0 ], [ 73.1306313, 28.147986, 0.0 ], [ 73.1306082, 28.1479857, 0.0 ], [ 73.1306135, 28.1476824, 0.0 ] ], [ [ 73.1305575, 28.1476816, 0.0 ], [ 73.1305806, 28.147682, 0.0 ], [ 73.1305753, 28.1479852, 0.0 ], [ 73.1305522, 28.1479849, 0.0 ], [ 73.1305575, 28.1476816, 0.0 ] ], [ [ 73.1306296, 28.1467513, 0.0 ], [ 73.1306528, 28.1467516, 0.0 ], [ 73.1306475, 28.1470548, 0.0 ], [ 73.1306244, 28.1470545, 0.0 ], [ 73.1306296, 28.1467513, 0.0 ] ], [ [ 73.1305736, 28.1467505, 0.0 ], [ 73.1305968, 28.1467508, 0.0 ], [ 73.1305915, 28.1470541, 0.0 ], [ 73.1305684, 28.1470538, 0.0 ], [ 73.1305736, 28.1467505, 0.0 ] ], [ [ 73.1306242, 28.1470629, 0.0 ], [ 73.1306473, 28.1470633, 0.0 ], [ 73.1306421, 28.1473665, 0.0 ], [ 73.1306189, 28.1473662, 0.0 ], [ 73.1306242, 28.1470629, 0.0 ] ], [ [ 73.1305682, 28.1470622, 0.0 ], [ 73.1305914, 28.1470625, 0.0 ], [ 73.1305861, 28.1473658, 0.0 ], [ 73.130563, 28.1473654, 0.0 ], [ 73.1305682, 28.1470622, 0.0 ] ], [ [ 73.1306404, 28.1461318, 0.0 ], [ 73.1306635, 28.1461321, 0.0 ], [ 73.1306582, 28.1464354, 0.0 ], [ 73.1306351, 28.1464351, 0.0 ], [ 73.1306404, 28.1461318, 0.0 ] ], [ [ 73.1305844, 28.146131, 0.0 ], [ 73.1306075, 28.1461313, 0.0 ], [ 73.1306023, 28.1464346, 0.0 ], [ 73.1305791, 28.1464343, 0.0 ], [ 73.1305844, 28.146131, 0.0 ] ], [ [ 73.130635, 28.1464435, 0.0 ], [ 73.1306581, 28.1464438, 0.0 ], [ 73.1306528, 28.1467471, 0.0 ], [ 73.1306297, 28.1467467, 0.0 ], [ 73.130635, 28.1464435, 0.0 ] ], [ [ 73.130579, 28.1464427, 0.0 ], [ 73.1306021, 28.146443, 0.0 ], [ 73.1305969, 28.1467463, 0.0 ], [ 73.1305737, 28.146746, 0.0 ], [ 73.130579, 28.1464427, 0.0 ] ], [ [ 73.1305069, 28.1473692, 0.0 ], [ 73.13053, 28.1473695, 0.0 ], [ 73.1305248, 28.1476728, 0.0 ], [ 73.1305016, 28.1476725, 0.0 ], [ 73.1305069, 28.1473692, 0.0 ] ], [ [ 73.1304509, 28.1473684, 0.0 ], [ 73.130474, 28.1473687, 0.0 ], [ 73.1304688, 28.147672, 0.0 ], [ 73.1304456, 28.1476717, 0.0 ], [ 73.1304509, 28.1473684, 0.0 ] ], [ [ 73.1305015, 28.1476809, 0.0 ], [ 73.1305246, 28.1476812, 0.0 ], [ 73.1305193, 28.1479845, 0.0 ], [ 73.1304962, 28.1479841, 0.0 ], [ 73.1305015, 28.1476809, 0.0 ] ], [ [ 73.1304455, 28.1476801, 0.0 ], [ 73.1304686, 28.1476804, 0.0 ], [ 73.1304634, 28.1479837, 0.0 ], [ 73.1304402, 28.1479834, 0.0 ], [ 73.1304455, 28.1476801, 0.0 ] ], [ [ 73.1305177, 28.1467497, 0.0 ], [ 73.1305408, 28.14675, 0.0 ], [ 73.1305355, 28.1470533, 0.0 ], [ 73.1305124, 28.147053, 0.0 ], [ 73.1305177, 28.1467497, 0.0 ] ], [ [ 73.1304617, 28.146749, 0.0 ], [ 73.1304848, 28.1467493, 0.0 ], [ 73.1304795, 28.1470525, 0.0 ], [ 73.1304564, 28.1470522, 0.0 ], [ 73.1304617, 28.146749, 0.0 ] ], [ [ 73.1305122, 28.1470614, 0.0 ], [ 73.1305354, 28.1470617, 0.0 ], [ 73.1305301, 28.147365, 0.0 ], [ 73.130507, 28.1473647, 0.0 ], [ 73.1305122, 28.1470614, 0.0 ] ], [ [ 73.1304563, 28.1470606, 0.0 ], [ 73.1304794, 28.147061, 0.0 ], [ 73.1304741, 28.1473642, 0.0 ], [ 73.130451, 28.1473639, 0.0 ], [ 73.1304563, 28.1470606, 0.0 ] ], [ [ 73.1305284, 28.1461303, 0.0 ], [ 73.1305515, 28.1461306, 0.0 ], [ 73.1305463, 28.1464338, 0.0 ], [ 73.1305232, 28.1464335, 0.0 ], [ 73.1305284, 28.1461303, 0.0 ] ], [ [ 73.1304724, 28.1461295, 0.0 ], [ 73.1304956, 28.1461298, 0.0 ], [ 73.1304903, 28.1464331, 0.0 ], [ 73.1304672, 28.1464328, 0.0 ], [ 73.1304724, 28.1461295, 0.0 ] ], [ [ 73.130523, 28.1464419, 0.0 ], [ 73.1305461, 28.1464423, 0.0 ], [ 73.1305409, 28.1467455, 0.0 ], [ 73.1305177, 28.1467452, 0.0 ], [ 73.130523, 28.1464419, 0.0 ] ], [ [ 73.130467, 28.1464412, 0.0 ], [ 73.1304901, 28.1464415, 0.0 ], [ 73.1304849, 28.1467448, 0.0 ], [ 73.1304618, 28.1467445, 0.0 ], [ 73.130467, 28.1464412, 0.0 ] ], [ [ 73.1303842, 28.1479871, 0.0 ], [ 73.1304073, 28.1479874, 0.0 ], [ 73.130402, 28.1482907, 0.0 ], [ 73.1303789, 28.1482904, 0.0 ], [ 73.1303842, 28.1479871, 0.0 ] ], [ [ 73.1303282, 28.1479864, 0.0 ], [ 73.1303513, 28.1479867, 0.0 ], [ 73.130346, 28.1482899, 0.0 ], [ 73.1303229, 28.1482896, 0.0 ], [ 73.1303282, 28.1479864, 0.0 ] ], [ [ 73.1303788, 28.1482988, 0.0 ], [ 73.1304019, 28.1482991, 0.0 ], [ 73.1303966, 28.1486024, 0.0 ], [ 73.1303735, 28.1486021, 0.0 ], [ 73.1303788, 28.1482988, 0.0 ] ], [ [ 73.1303228, 28.148298, 0.0 ], [ 73.1303459, 28.1482984, 0.0 ], [ 73.1303406, 28.1486016, 0.0 ], [ 73.1303175, 28.1486013, 0.0 ], [ 73.1303228, 28.148298, 0.0 ] ], [ [ 73.1303949, 28.1473677, 0.0 ], [ 73.1304181, 28.147368, 0.0 ], [ 73.1304128, 28.1476712, 0.0 ], [ 73.1303897, 28.1476709, 0.0 ], [ 73.1303949, 28.1473677, 0.0 ] ], [ [ 73.1303389, 28.1473669, 0.0 ], [ 73.1303621, 28.1473672, 0.0 ], [ 73.1303568, 28.1476705, 0.0 ], [ 73.1303337, 28.1476702, 0.0 ], [ 73.1303389, 28.1473669, 0.0 ] ], [ [ 73.1303895, 28.1476793, 0.0 ], [ 73.1304126, 28.1476797, 0.0 ], [ 73.1304074, 28.1479829, 0.0 ], [ 73.1303842, 28.1479826, 0.0 ], [ 73.1303895, 28.1476793, 0.0 ] ], [ [ 73.1303335, 28.1476786, 0.0 ], [ 73.1303567, 28.1476789, 0.0 ], [ 73.1303514, 28.1479822, 0.0 ], [ 73.1303283, 28.1479818, 0.0 ], [ 73.1303335, 28.1476786, 0.0 ] ], [ [ 73.1304057, 28.1467482, 0.0 ], [ 73.1304288, 28.1467485, 0.0 ], [ 73.1304235, 28.1470518, 0.0 ], [ 73.1304004, 28.1470515, 0.0 ], [ 73.1304057, 28.1467482, 0.0 ] ], [ [ 73.1303497, 28.1467474, 0.0 ], [ 73.1303728, 28.1467477, 0.0 ], [ 73.1303676, 28.147051, 0.0 ], [ 73.1303444, 28.1470507, 0.0 ], [ 73.1303497, 28.1467474, 0.0 ] ], [ [ 73.1304003, 28.1470599, 0.0 ], [ 73.1304234, 28.1470602, 0.0 ], [ 73.1304181, 28.1473635, 0.0 ], [ 73.130395, 28.1473631, 0.0 ], [ 73.1304003, 28.1470599, 0.0 ] ], [ [ 73.1303443, 28.1470591, 0.0 ], [ 73.1303674, 28.1470594, 0.0 ], [ 73.1303622, 28.1473627, 0.0 ], [ 73.130339, 28.1473624, 0.0 ], [ 73.1303443, 28.1470591, 0.0 ] ], [ [ 73.1302772, 28.1477, 0.0 ], [ 73.1303003, 28.1477003, 0.0 ], [ 73.130295, 28.1480035, 0.0 ], [ 73.1302719, 28.1480032, 0.0 ], [ 73.1302772, 28.1477, 0.0 ] ], [ [ 73.1302212, 28.1476992, 0.0 ], [ 73.1302443, 28.1476995, 0.0 ], [ 73.130239, 28.1480028, 0.0 ], [ 73.1302159, 28.1480025, 0.0 ], [ 73.1302212, 28.1476992, 0.0 ] ], [ [ 73.1302717, 28.1480116, 0.0 ], [ 73.1302949, 28.148012, 0.0 ], [ 73.1302896, 28.1483152, 0.0 ], [ 73.1302665, 28.1483149, 0.0 ], [ 73.1302717, 28.1480116, 0.0 ] ], [ [ 73.1302158, 28.1480109, 0.0 ], [ 73.1302389, 28.1480112, 0.0 ], [ 73.1302336, 28.1483145, 0.0 ], [ 73.1302105, 28.1483141, 0.0 ], [ 73.1302158, 28.1480109, 0.0 ] ], [ [ 73.1302879, 28.1470805, 0.0 ], [ 73.130311, 28.1470808, 0.0 ], [ 73.1303058, 28.1473841, 0.0 ], [ 73.1302827, 28.1473838, 0.0 ], [ 73.1302879, 28.1470805, 0.0 ] ], [ [ 73.1302319, 28.1470797, 0.0 ], [ 73.1302551, 28.14708, 0.0 ], [ 73.1302498, 28.1473833, 0.0 ], [ 73.1302267, 28.147383, 0.0 ], [ 73.1302319, 28.1470797, 0.0 ] ], [ [ 73.1302825, 28.1473922, 0.0 ], [ 73.1303056, 28.1473925, 0.0 ], [ 73.1303004, 28.1476958, 0.0 ], [ 73.1302772, 28.1476954, 0.0 ], [ 73.1302825, 28.1473922, 0.0 ] ], [ [ 73.1302265, 28.1473914, 0.0 ], [ 73.1302496, 28.1473917, 0.0 ], [ 73.1302444, 28.147695, 0.0 ], [ 73.1302213, 28.1476947, 0.0 ], [ 73.1302265, 28.1473914, 0.0 ] ], [ [ 73.1302987, 28.146461, 0.0 ], [ 73.1303218, 28.1464613, 0.0 ], [ 73.1303165, 28.1467646, 0.0 ], [ 73.1302934, 28.1467643, 0.0 ], [ 73.1302987, 28.146461, 0.0 ] ], [ [ 73.1302427, 28.1464603, 0.0 ], [ 73.1302658, 28.1464606, 0.0 ], [ 73.1302606, 28.1467639, 0.0 ], [ 73.1302374, 28.1467635, 0.0 ], [ 73.1302427, 28.1464603, 0.0 ] ], [ [ 73.1302933, 28.1467727, 0.0 ], [ 73.1303164, 28.146773, 0.0 ], [ 73.1303111, 28.1470763, 0.0 ], [ 73.130288, 28.147076, 0.0 ], [ 73.1302933, 28.1467727, 0.0 ] ], [ [ 73.1302373, 28.146772, 0.0 ], [ 73.1302604, 28.1467723, 0.0 ], [ 73.1302551, 28.1470755, 0.0 ], [ 73.130232, 28.1470752, 0.0 ], [ 73.1302373, 28.146772, 0.0 ] ], [ [ 73.1301544, 28.1483179, 0.0 ], [ 73.1301776, 28.1483182, 0.0 ], [ 73.1301723, 28.1486215, 0.0 ], [ 73.1301492, 28.1486212, 0.0 ], [ 73.1301544, 28.1483179, 0.0 ] ], [ [ 73.1300984, 28.1483171, 0.0 ], [ 73.1301216, 28.1483174, 0.0 ], [ 73.1301163, 28.1486207, 0.0 ], [ 73.1300932, 28.1486204, 0.0 ], [ 73.1300984, 28.1483171, 0.0 ] ], [ [ 73.130149, 28.1486296, 0.0 ], [ 73.1301721, 28.1486299, 0.0 ], [ 73.1301669, 28.1489332, 0.0 ], [ 73.1301437, 28.1489328, 0.0 ], [ 73.130149, 28.1486296, 0.0 ] ], [ [ 73.130093, 28.1486288, 0.0 ], [ 73.1301162, 28.1486291, 0.0 ], [ 73.1301109, 28.1489324, 0.0 ], [ 73.1300878, 28.1489321, 0.0 ], [ 73.130093, 28.1486288, 0.0 ] ], [ [ 73.1301652, 28.1476984, 0.0 ], [ 73.1301883, 28.1476987, 0.0 ], [ 73.130183, 28.148002, 0.0 ], [ 73.1301599, 28.1480017, 0.0 ], [ 73.1301652, 28.1476984, 0.0 ] ], [ [ 73.1301092, 28.1476977, 0.0 ], [ 73.1301323, 28.147698, 0.0 ], [ 73.1301271, 28.1480012, 0.0 ], [ 73.1301039, 28.1480009, 0.0 ], [ 73.1301092, 28.1476977, 0.0 ] ], [ [ 73.1301598, 28.1480101, 0.0 ], [ 73.1301829, 28.1480104, 0.0 ], [ 73.1301776, 28.1483137, 0.0 ], [ 73.1301545, 28.1483134, 0.0 ], [ 73.1301598, 28.1480101, 0.0 ] ], [ [ 73.1301038, 28.1480093, 0.0 ], [ 73.1301269, 28.1480097, 0.0 ], [ 73.1301216, 28.1483129, 0.0 ], [ 73.1300985, 28.1483126, 0.0 ], [ 73.1301038, 28.1480093, 0.0 ] ], [ [ 73.130176, 28.147079, 0.0 ], [ 73.1301991, 28.1470793, 0.0 ], [ 73.1301938, 28.1473825, 0.0 ], [ 73.1301707, 28.1473822, 0.0 ], [ 73.130176, 28.147079, 0.0 ] ], [ [ 73.13012, 28.1470782, 0.0 ], [ 73.1301431, 28.1470785, 0.0 ], [ 73.1301378, 28.1473818, 0.0 ], [ 73.1301147, 28.1473815, 0.0 ], [ 73.13012, 28.1470782, 0.0 ] ], [ [ 73.1301705, 28.1473906, 0.0 ], [ 73.1301937, 28.147391, 0.0 ], [ 73.1301884, 28.1476942, 0.0 ], [ 73.1301653, 28.1476939, 0.0 ], [ 73.1301705, 28.1473906, 0.0 ] ], [ [ 73.1301146, 28.1473899, 0.0 ], [ 73.1301377, 28.1473902, 0.0 ], [ 73.1301324, 28.1476935, 0.0 ], [ 73.1301093, 28.1476932, 0.0 ], [ 73.1301146, 28.1473899, 0.0 ] ], [ [ 73.1301867, 28.1464595, 0.0 ], [ 73.1302098, 28.1464598, 0.0 ], [ 73.1302046, 28.1467631, 0.0 ], [ 73.1301814, 28.1467628, 0.0 ], [ 73.1301867, 28.1464595, 0.0 ] ], [ [ 73.1301307, 28.1464587, 0.0 ], [ 73.1301539, 28.1464591, 0.0 ], [ 73.1301486, 28.1467623, 0.0 ], [ 73.1301255, 28.146762, 0.0 ], [ 73.1301307, 28.1464587, 0.0 ] ], [ [ 73.1301813, 28.1467712, 0.0 ], [ 73.1302044, 28.1467715, 0.0 ], [ 73.1301992, 28.1470748, 0.0 ], [ 73.130176, 28.1470745, 0.0 ], [ 73.1301813, 28.1467712, 0.0 ] ], [ [ 73.1301253, 28.1467704, 0.0 ], [ 73.1301484, 28.1467707, 0.0 ], [ 73.1301432, 28.147074, 0.0 ], [ 73.13012, 28.1470737, 0.0 ], [ 73.1301253, 28.1467704, 0.0 ] ], [ [ 73.1300425, 28.1483164, 0.0 ], [ 73.1300656, 28.1483167, 0.0 ], [ 73.1300603, 28.1486199, 0.0 ], [ 73.1300372, 28.1486196, 0.0 ], [ 73.1300425, 28.1483164, 0.0 ] ], [ [ 73.1299865, 28.1483156, 0.0 ], [ 73.1300096, 28.1483159, 0.0 ], [ 73.1300043, 28.1486192, 0.0 ], [ 73.1299812, 28.1486189, 0.0 ], [ 73.1299865, 28.1483156, 0.0 ] ], [ [ 73.130037, 28.148628, 0.0 ], [ 73.1300602, 28.1486284, 0.0 ], [ 73.1300549, 28.1489316, 0.0 ], [ 73.1300318, 28.1489313, 0.0 ], [ 73.130037, 28.148628, 0.0 ] ], [ [ 73.1299811, 28.1486273, 0.0 ], [ 73.1300042, 28.1486276, 0.0 ], [ 73.1299989, 28.1489309, 0.0 ], [ 73.1299758, 28.1489305, 0.0 ], [ 73.1299811, 28.1486273, 0.0 ] ], [ [ 73.1300532, 28.1476969, 0.0 ], [ 73.1300763, 28.1476972, 0.0 ], [ 73.1300711, 28.1480005, 0.0 ], [ 73.130048, 28.1480002, 0.0 ], [ 73.1300532, 28.1476969, 0.0 ] ], [ [ 73.1299972, 28.1476961, 0.0 ], [ 73.1300204, 28.1476964, 0.0 ], [ 73.1300151, 28.1479997, 0.0 ], [ 73.129992, 28.1479994, 0.0 ], [ 73.1299972, 28.1476961, 0.0 ] ], [ [ 73.1300478, 28.1480086, 0.0 ], [ 73.1300709, 28.1480089, 0.0 ], [ 73.1300657, 28.1483122, 0.0 ], [ 73.1300425, 28.1483118, 0.0 ], [ 73.1300478, 28.1480086, 0.0 ] ], [ [ 73.1299918, 28.1480078, 0.0 ], [ 73.1300149, 28.1480081, 0.0 ], [ 73.1300097, 28.1483114, 0.0 ], [ 73.1299865, 28.1483111, 0.0 ], [ 73.1299918, 28.1480078, 0.0 ] ], [ [ 73.130064, 28.1470774, 0.0 ], [ 73.1300871, 28.1470778, 0.0 ], [ 73.1300818, 28.147381, 0.0 ], [ 73.1300587, 28.1473807, 0.0 ], [ 73.130064, 28.1470774, 0.0 ] ], [ [ 73.130008, 28.1470767, 0.0 ], [ 73.1300311, 28.147077, 0.0 ], [ 73.1300259, 28.1473803, 0.0 ], [ 73.1300027, 28.1473799, 0.0 ], [ 73.130008, 28.1470767, 0.0 ] ], [ [ 73.1300586, 28.1473891, 0.0 ], [ 73.1300817, 28.1473894, 0.0 ], [ 73.1300764, 28.1476927, 0.0 ], [ 73.1300533, 28.1476924, 0.0 ], [ 73.1300586, 28.1473891, 0.0 ] ], [ [ 73.1300026, 28.1473884, 0.0 ], [ 73.1300257, 28.1473887, 0.0 ], [ 73.1300204, 28.1476919, 0.0 ], [ 73.1299973, 28.1476916, 0.0 ], [ 73.1300026, 28.1473884, 0.0 ] ], [ [ 73.1300747, 28.146458, 0.0 ], [ 73.1300979, 28.1464583, 0.0 ], [ 73.1300926, 28.1467616, 0.0 ], [ 73.1300695, 28.1467612, 0.0 ], [ 73.1300747, 28.146458, 0.0 ] ], [ [ 73.1300188, 28.1464572, 0.0 ], [ 73.1300419, 28.1464575, 0.0 ], [ 73.1300366, 28.1467608, 0.0 ], [ 73.1300135, 28.1467605, 0.0 ], [ 73.1300188, 28.1464572, 0.0 ] ], [ [ 73.1300693, 28.1467697, 0.0 ], [ 73.1300925, 28.14677, 0.0 ], [ 73.1300872, 28.1470732, 0.0 ], [ 73.1300641, 28.1470729, 0.0 ], [ 73.1300693, 28.1467697, 0.0 ] ], [ [ 73.1300133, 28.1467689, 0.0 ], [ 73.1300365, 28.1467692, 0.0 ], [ 73.1300312, 28.1470725, 0.0 ], [ 73.1300081, 28.1470722, 0.0 ], [ 73.1300133, 28.1467689, 0.0 ] ], [ [ 73.1299197, 28.1489343, 0.0 ], [ 73.1299428, 28.1489346, 0.0 ], [ 73.1299376, 28.1492379, 0.0 ], [ 73.1299144, 28.1492376, 0.0 ], [ 73.1299197, 28.1489343, 0.0 ] ], [ [ 73.1298637, 28.1489335, 0.0 ], [ 73.1298869, 28.1489338, 0.0 ], [ 73.1298816, 28.1492371, 0.0 ], [ 73.1298585, 28.1492368, 0.0 ], [ 73.1298637, 28.1489335, 0.0 ] ], [ [ 73.1299143, 28.149246, 0.0 ], [ 73.1299374, 28.1492463, 0.0 ], [ 73.1299322, 28.1495496, 0.0 ], [ 73.129909, 28.1495492, 0.0 ], [ 73.1299143, 28.149246, 0.0 ] ], [ [ 73.1298583, 28.1492452, 0.0 ], [ 73.1298814, 28.1492455, 0.0 ], [ 73.1298762, 28.1495488, 0.0 ], [ 73.129853, 28.1495485, 0.0 ], [ 73.1298583, 28.1492452, 0.0 ] ], [ [ 73.1299305, 28.1483148, 0.0 ], [ 73.1299536, 28.1483151, 0.0 ], [ 73.1299483, 28.1486184, 0.0 ], [ 73.1299252, 28.1486181, 0.0 ], [ 73.1299305, 28.1483148, 0.0 ] ], [ [ 73.1298745, 28.1483141, 0.0 ], [ 73.1298976, 28.1483144, 0.0 ], [ 73.1298924, 28.1486176, 0.0 ], [ 73.1298692, 28.1486173, 0.0 ], [ 73.1298745, 28.1483141, 0.0 ] ], [ [ 73.1299251, 28.1486265, 0.0 ], [ 73.1299482, 28.1486268, 0.0 ], [ 73.1299429, 28.1489301, 0.0 ], [ 73.1299198, 28.1489298, 0.0 ], [ 73.1299251, 28.1486265, 0.0 ] ], [ [ 73.1298691, 28.1486257, 0.0 ], [ 73.1298922, 28.1486261, 0.0 ], [ 73.1298869, 28.1489293, 0.0 ], [ 73.1298638, 28.148929, 0.0 ], [ 73.1298691, 28.1486257, 0.0 ] ], [ [ 73.1299413, 28.1476954, 0.0 ], [ 73.1299644, 28.1476957, 0.0 ], [ 73.1299591, 28.147999, 0.0 ], [ 73.129936, 28.1479986, 0.0 ], [ 73.1299413, 28.1476954, 0.0 ] ], [ [ 73.1298853, 28.1476946, 0.0 ], [ 73.1299084, 28.1476949, 0.0 ], [ 73.1299031, 28.1479982, 0.0 ], [ 73.12988, 28.1479979, 0.0 ], [ 73.1298853, 28.1476946, 0.0 ] ], [ [ 73.1299358, 28.1480071, 0.0 ], [ 73.129959, 28.1480074, 0.0 ], [ 73.1299537, 28.1483106, 0.0 ], [ 73.1299306, 28.1483103, 0.0 ], [ 73.1299358, 28.1480071, 0.0 ] ], [ [ 73.1298798, 28.1480063, 0.0 ], [ 73.129903, 28.1480066, 0.0 ], [ 73.1298977, 28.1483099, 0.0 ], [ 73.1298746, 28.1483096, 0.0 ], [ 73.1298798, 28.1480063, 0.0 ] ], [ [ 73.129952, 28.1470759, 0.0 ], [ 73.1299751, 28.1470762, 0.0 ], [ 73.1299699, 28.1473795, 0.0 ], [ 73.1299467, 28.1473792, 0.0 ], [ 73.129952, 28.1470759, 0.0 ] ], [ [ 73.129896, 28.1470751, 0.0 ], [ 73.1299192, 28.1470755, 0.0 ], [ 73.1299139, 28.1473787, 0.0 ], [ 73.1298908, 28.1473784, 0.0 ], [ 73.129896, 28.1470751, 0.0 ] ], [ [ 73.1299466, 28.1473876, 0.0 ], [ 73.1299697, 28.1473879, 0.0 ], [ 73.1299645, 28.1476912, 0.0 ], [ 73.1299413, 28.1476909, 0.0 ], [ 73.1299466, 28.1473876, 0.0 ] ], [ [ 73.1298906, 28.1473868, 0.0 ], [ 73.1299137, 28.1473871, 0.0 ], [ 73.1299085, 28.1476904, 0.0 ], [ 73.1298853, 28.1476901, 0.0 ], [ 73.1298906, 28.1473868, 0.0 ] ], [ [ 73.1299628, 28.1464564, 0.0 ], [ 73.1299859, 28.1464568, 0.0 ], [ 73.1299806, 28.14676, 0.0 ], [ 73.1299575, 28.1467597, 0.0 ], [ 73.1299628, 28.1464564, 0.0 ] ], [ [ 73.1299068, 28.1464557, 0.0 ], [ 73.1299299, 28.146456, 0.0 ], [ 73.1299247, 28.1467593, 0.0 ], [ 73.1299015, 28.1467589, 0.0 ], [ 73.1299068, 28.1464557, 0.0 ] ], [ [ 73.1299574, 28.1467681, 0.0 ], [ 73.1299805, 28.1467684, 0.0 ], [ 73.1299752, 28.1470717, 0.0 ], [ 73.1299521, 28.1470714, 0.0 ], [ 73.1299574, 28.1467681, 0.0 ] ], [ [ 73.1299014, 28.1467674, 0.0 ], [ 73.1299245, 28.1467677, 0.0 ], [ 73.1299192, 28.1470709, 0.0 ], [ 73.1298961, 28.1470706, 0.0 ], [ 73.1299014, 28.1467674, 0.0 ] ], [ [ 73.1298077, 28.1489328, 0.0 ], [ 73.1298309, 28.1489331, 0.0 ], [ 73.1298256, 28.1492363, 0.0 ], [ 73.1298025, 28.149236, 0.0 ], [ 73.1298077, 28.1489328, 0.0 ] ], [ [ 73.1297518, 28.148932, 0.0 ], [ 73.1297749, 28.1489323, 0.0 ], [ 73.1297696, 28.1492356, 0.0 ], [ 73.1297465, 28.1492353, 0.0 ], [ 73.1297518, 28.148932, 0.0 ] ], [ [ 73.1298023, 28.1492444, 0.0 ], [ 73.1298255, 28.1492448, 0.0 ], [ 73.1298202, 28.149548, 0.0 ], [ 73.1297971, 28.1495477, 0.0 ], [ 73.1298023, 28.1492444, 0.0 ] ], [ [ 73.1297463, 28.1492437, 0.0 ], [ 73.1297695, 28.149244, 0.0 ], [ 73.1297642, 28.1495473, 0.0 ], [ 73.1297411, 28.1495469, 0.0 ], [ 73.1297463, 28.1492437, 0.0 ] ], [ [ 73.1298185, 28.1483133, 0.0 ], [ 73.1298416, 28.1483136, 0.0 ], [ 73.1298364, 28.1486169, 0.0 ], [ 73.1298132, 28.1486166, 0.0 ], [ 73.1298185, 28.1483133, 0.0 ] ], [ [ 73.1297625, 28.1483125, 0.0 ], [ 73.1297857, 28.1483129, 0.0 ], [ 73.1297804, 28.1486161, 0.0 ], [ 73.1297573, 28.1486158, 0.0 ], [ 73.1297625, 28.1483125, 0.0 ] ], [ [ 73.1298131, 28.148625, 0.0 ], [ 73.1298362, 28.1486253, 0.0 ], [ 73.129831, 28.1489286, 0.0 ], [ 73.1298078, 28.1489283, 0.0 ], [ 73.1298131, 28.148625, 0.0 ] ], [ [ 73.1297571, 28.1486242, 0.0 ], [ 73.1297802, 28.1486245, 0.0 ], [ 73.129775, 28.1489278, 0.0 ], [ 73.1297518, 28.1489275, 0.0 ], [ 73.1297571, 28.1486242, 0.0 ] ], [ [ 73.1298293, 28.1476938, 0.0 ], [ 73.1298524, 28.1476942, 0.0 ], [ 73.1298471, 28.1479974, 0.0 ], [ 73.129824, 28.1479971, 0.0 ], [ 73.1298293, 28.1476938, 0.0 ] ], [ [ 73.1297733, 28.1476931, 0.0 ], [ 73.1297964, 28.1476934, 0.0 ], [ 73.1297912, 28.1479967, 0.0 ], [ 73.129768, 28.1479963, 0.0 ], [ 73.1297733, 28.1476931, 0.0 ] ], [ [ 73.1298239, 28.1480055, 0.0 ], [ 73.129847, 28.1480058, 0.0 ], [ 73.1298417, 28.1483091, 0.0 ], [ 73.1298186, 28.1483088, 0.0 ], [ 73.1298239, 28.1480055, 0.0 ] ], [ [ 73.1297679, 28.1480048, 0.0 ], [ 73.129791, 28.1480051, 0.0 ], [ 73.1297857, 28.1483083, 0.0 ], [ 73.1297626, 28.148308, 0.0 ], [ 73.1297679, 28.1480048, 0.0 ] ], [ [ 73.12984, 28.1470744, 0.0 ], [ 73.1298632, 28.1470747, 0.0 ], [ 73.1298579, 28.147378, 0.0 ], [ 73.1298348, 28.1473776, 0.0 ], [ 73.12984, 28.1470744, 0.0 ] ], [ [ 73.1297841, 28.1470736, 0.0 ], [ 73.1298072, 28.1470739, 0.0 ], [ 73.1298019, 28.1473772, 0.0 ], [ 73.1297788, 28.1473769, 0.0 ], [ 73.1297841, 28.1470736, 0.0 ] ], [ [ 73.1298346, 28.1473861, 0.0 ], [ 73.1298578, 28.1473864, 0.0 ], [ 73.1298525, 28.1476896, 0.0 ], [ 73.1298294, 28.1476893, 0.0 ], [ 73.1298346, 28.1473861, 0.0 ] ], [ [ 73.1297786, 28.1473853, 0.0 ], [ 73.1298018, 28.1473856, 0.0 ], [ 73.1297965, 28.1476889, 0.0 ], [ 73.1297734, 28.1476886, 0.0 ], [ 73.1297786, 28.1473853, 0.0 ] ], [ [ 73.1298508, 28.1464549, 0.0 ], [ 73.1298739, 28.1464552, 0.0 ], [ 73.1298687, 28.1467585, 0.0 ], [ 73.1298455, 28.1467582, 0.0 ], [ 73.1298508, 28.1464549, 0.0 ] ], [ [ 73.1297948, 28.1464542, 0.0 ], [ 73.129818, 28.1464545, 0.0 ], [ 73.1298127, 28.1467577, 0.0 ], [ 73.1297896, 28.1467574, 0.0 ], [ 73.1297948, 28.1464542, 0.0 ] ], [ [ 73.1298454, 28.1467666, 0.0 ], [ 73.1298685, 28.1467669, 0.0 ], [ 73.1298633, 28.1470702, 0.0 ], [ 73.1298401, 28.1470699, 0.0 ], [ 73.1298454, 28.1467666, 0.0 ] ], [ [ 73.1297894, 28.1467658, 0.0 ], [ 73.1298125, 28.1467662, 0.0 ], [ 73.1298073, 28.1470694, 0.0 ], [ 73.1297841, 28.1470691, 0.0 ], [ 73.1297894, 28.1467658, 0.0 ] ], [ [ 73.1296958, 28.1489312, 0.0 ], [ 73.1297189, 28.1489315, 0.0 ], [ 73.1297136, 28.1492348, 0.0 ], [ 73.1296905, 28.1492345, 0.0 ], [ 73.1296958, 28.1489312, 0.0 ] ], [ [ 73.1296398, 28.1489305, 0.0 ], [ 73.1296629, 28.1489308, 0.0 ], [ 73.1296576, 28.149234, 0.0 ], [ 73.1296345, 28.1492337, 0.0 ], [ 73.1296398, 28.1489305, 0.0 ] ], [ [ 73.1296904, 28.1492429, 0.0 ], [ 73.1297135, 28.1492432, 0.0 ], [ 73.1297082, 28.1495465, 0.0 ], [ 73.1296851, 28.1495462, 0.0 ], [ 73.1296904, 28.1492429, 0.0 ] ], [ [ 73.1296344, 28.1492422, 0.0 ], [ 73.1296575, 28.1492425, 0.0 ], [ 73.1296522, 28.1495457, 0.0 ], [ 73.1296291, 28.1495454, 0.0 ], [ 73.1296344, 28.1492422, 0.0 ] ], [ [ 73.1297065, 28.1483118, 0.0 ], [ 73.1297297, 28.1483121, 0.0 ], [ 73.1297244, 28.1486154, 0.0 ], [ 73.1297013, 28.148615, 0.0 ], [ 73.1297065, 28.1483118, 0.0 ] ], [ [ 73.1296506, 28.148311, 0.0 ], [ 73.1296737, 28.1483113, 0.0 ], [ 73.1296684, 28.1486146, 0.0 ], [ 73.1296453, 28.1486143, 0.0 ], [ 73.1296506, 28.148311, 0.0 ] ], [ [ 73.1297011, 28.1486235, 0.0 ], [ 73.1297243, 28.1486238, 0.0 ], [ 73.129719, 28.148927, 0.0 ], [ 73.1296959, 28.1489267, 0.0 ], [ 73.1297011, 28.1486235, 0.0 ] ], [ [ 73.1296451, 28.1486227, 0.0 ], [ 73.1296683, 28.148623, 0.0 ], [ 73.129663, 28.1489263, 0.0 ], [ 73.1296399, 28.148926, 0.0 ], [ 73.1296451, 28.1486227, 0.0 ] ], [ [ 73.1297173, 28.1476923, 0.0 ], [ 73.1297404, 28.1476926, 0.0 ], [ 73.1297352, 28.1479959, 0.0 ], [ 73.129712, 28.1479956, 0.0 ], [ 73.1297173, 28.1476923, 0.0 ] ], [ [ 73.1296613, 28.1476915, 0.0 ], [ 73.1296845, 28.1476919, 0.0 ], [ 73.1296792, 28.1479951, 0.0 ], [ 73.1296561, 28.1479948, 0.0 ], [ 73.1296613, 28.1476915, 0.0 ] ], [ [ 73.1297119, 28.148004, 0.0 ], [ 73.129735, 28.1480043, 0.0 ], [ 73.1297297, 28.1483076, 0.0 ], [ 73.1297066, 28.1483073, 0.0 ], [ 73.1297119, 28.148004, 0.0 ] ], [ [ 73.1296559, 28.1480032, 0.0 ], [ 73.129679, 28.1480035, 0.0 ], [ 73.1296738, 28.1483068, 0.0 ], [ 73.1296506, 28.1483065, 0.0 ], [ 73.1296559, 28.1480032, 0.0 ] ], [ [ 73.1297281, 28.1470729, 0.0 ], [ 73.1297512, 28.1470732, 0.0 ], [ 73.1297459, 28.1473764, 0.0 ], [ 73.1297228, 28.1473761, 0.0 ], [ 73.1297281, 28.1470729, 0.0 ] ], [ [ 73.1296721, 28.1470721, 0.0 ], [ 73.1296952, 28.1470724, 0.0 ], [ 73.1296899, 28.1473757, 0.0 ], [ 73.1296668, 28.1473754, 0.0 ], [ 73.1296721, 28.1470721, 0.0 ] ], [ [ 73.1297227, 28.1473845, 0.0 ], [ 73.1297458, 28.1473849, 0.0 ], [ 73.1297405, 28.1476881, 0.0 ], [ 73.1297174, 28.1476878, 0.0 ], [ 73.1297227, 28.1473845, 0.0 ] ], [ [ 73.1296667, 28.1473838, 0.0 ], [ 73.1296898, 28.1473841, 0.0 ], [ 73.1296845, 28.1476874, 0.0 ], [ 73.1296614, 28.147687, 0.0 ], [ 73.1296667, 28.1473838, 0.0 ] ], [ [ 73.1297388, 28.1464534, 0.0 ], [ 73.129762, 28.1464537, 0.0 ], [ 73.1297567, 28.146757, 0.0 ], [ 73.1297336, 28.1467567, 0.0 ], [ 73.1297388, 28.1464534, 0.0 ] ], [ [ 73.1296829, 28.1464526, 0.0 ], [ 73.129706, 28.1464529, 0.0 ], [ 73.1297007, 28.1467562, 0.0 ], [ 73.1296776, 28.1467559, 0.0 ], [ 73.1296829, 28.1464526, 0.0 ] ], [ [ 73.1297334, 28.1467651, 0.0 ], [ 73.1297566, 28.1467654, 0.0 ], [ 73.1297513, 28.1470687, 0.0 ], [ 73.1297282, 28.1470683, 0.0 ], [ 73.1297334, 28.1467651, 0.0 ] ], [ [ 73.1296774, 28.1467643, 0.0 ], [ 73.1297006, 28.1467646, 0.0 ], [ 73.1296953, 28.1470679, 0.0 ], [ 73.1296722, 28.1470676, 0.0 ], [ 73.1296774, 28.1467643, 0.0 ] ], [ [ 73.1295838, 28.1489297, 0.0 ], [ 73.1296069, 28.14893, 0.0 ], [ 73.1296017, 28.1492333, 0.0 ], [ 73.1295785, 28.149233, 0.0 ], [ 73.1295838, 28.1489297, 0.0 ] ], [ [ 73.1295278, 28.1489289, 0.0 ], [ 73.1295509, 28.1489293, 0.0 ], [ 73.1295457, 28.1492325, 0.0 ], [ 73.1295225, 28.1492322, 0.0 ], [ 73.1295278, 28.1489289, 0.0 ] ], [ [ 73.1295784, 28.1492414, 0.0 ], [ 73.1296015, 28.1492417, 0.0 ], [ 73.1295962, 28.149545, 0.0 ], [ 73.1295731, 28.1495447, 0.0 ], [ 73.1295784, 28.1492414, 0.0 ] ], [ [ 73.1295224, 28.1492406, 0.0 ], [ 73.1295455, 28.1492409, 0.0 ], [ 73.1295403, 28.1495442, 0.0 ], [ 73.1295171, 28.1495439, 0.0 ], [ 73.1295224, 28.1492406, 0.0 ] ], [ [ 73.1295946, 28.1483102, 0.0 ], [ 73.1296177, 28.1483106, 0.0 ], [ 73.1296124, 28.1486138, 0.0 ], [ 73.1295893, 28.1486135, 0.0 ], [ 73.1295946, 28.1483102, 0.0 ] ], [ [ 73.1295386, 28.1483095, 0.0 ], [ 73.1295617, 28.1483098, 0.0 ], [ 73.1295564, 28.1486131, 0.0 ], [ 73.1295333, 28.1486127, 0.0 ], [ 73.1295386, 28.1483095, 0.0 ] ], [ [ 73.1295892, 28.1486219, 0.0 ], [ 73.1296123, 28.1486222, 0.0 ], [ 73.129607, 28.1489255, 0.0 ], [ 73.1295839, 28.1489252, 0.0 ], [ 73.1295892, 28.1486219, 0.0 ] ], [ [ 73.1295332, 28.1486212, 0.0 ], [ 73.1295563, 28.1486215, 0.0 ], [ 73.129551, 28.1489247, 0.0 ], [ 73.1295279, 28.1489244, 0.0 ], [ 73.1295332, 28.1486212, 0.0 ] ], [ [ 73.1296053, 28.1476908, 0.0 ], [ 73.1296285, 28.1476911, 0.0 ], [ 73.1296232, 28.1479944, 0.0 ], [ 73.1296001, 28.147994, 0.0 ], [ 73.1296053, 28.1476908, 0.0 ] ], [ [ 73.1295494, 28.14769, 0.0 ], [ 73.1295725, 28.1476903, 0.0 ], [ 73.1295672, 28.1479936, 0.0 ], [ 73.1295441, 28.1479933, 0.0 ], [ 73.1295494, 28.14769, 0.0 ] ], [ [ 73.1295999, 28.1480025, 0.0 ], [ 73.1296231, 28.1480028, 0.0 ], [ 73.1296178, 28.148306, 0.0 ], [ 73.1295947, 28.1483057, 0.0 ], [ 73.1295999, 28.1480025, 0.0 ] ], [ [ 73.1295439, 28.1480017, 0.0 ], [ 73.1295671, 28.148002, 0.0 ], [ 73.1295618, 28.1483053, 0.0 ], [ 73.1295387, 28.148305, 0.0 ], [ 73.1295439, 28.1480017, 0.0 ] ], [ [ 73.1296161, 28.1470713, 0.0 ], [ 73.1296392, 28.1470716, 0.0 ], [ 73.129634, 28.1473749, 0.0 ], [ 73.1296108, 28.1473746, 0.0 ], [ 73.1296161, 28.1470713, 0.0 ] ], [ [ 73.1295601, 28.1470706, 0.0 ], [ 73.1295832, 28.1470709, 0.0 ], [ 73.129578, 28.1473741, 0.0 ], [ 73.1295549, 28.1473738, 0.0 ], [ 73.1295601, 28.1470706, 0.0 ] ], [ [ 73.1296107, 28.147383, 0.0 ], [ 73.1296338, 28.1473833, 0.0 ], [ 73.1296285, 28.1476866, 0.0 ], [ 73.1296054, 28.1476863, 0.0 ], [ 73.1296107, 28.147383, 0.0 ] ], [ [ 73.1295547, 28.1473822, 0.0 ], [ 73.1295778, 28.1473826, 0.0 ], [ 73.1295726, 28.1476858, 0.0 ], [ 73.1295494, 28.1476855, 0.0 ], [ 73.1295547, 28.1473822, 0.0 ] ], [ [ 73.1296269, 28.1464519, 0.0 ], [ 73.12965, 28.1464522, 0.0 ], [ 73.1296447, 28.1467554, 0.0 ], [ 73.1296216, 28.1467551, 0.0 ], [ 73.1296269, 28.1464519, 0.0 ] ], [ [ 73.1295709, 28.1464511, 0.0 ], [ 73.129594, 28.1464514, 0.0 ], [ 73.1295887, 28.1467547, 0.0 ], [ 73.1295656, 28.1467544, 0.0 ], [ 73.1295709, 28.1464511, 0.0 ] ], [ [ 73.1296215, 28.1467635, 0.0 ], [ 73.1296446, 28.1467639, 0.0 ], [ 73.1296393, 28.1470671, 0.0 ], [ 73.1296162, 28.1470668, 0.0 ], [ 73.1296215, 28.1467635, 0.0 ] ], [ [ 73.1295655, 28.1467628, 0.0 ], [ 73.1295886, 28.1467631, 0.0 ], [ 73.1295833, 28.1470664, 0.0 ], [ 73.1295602, 28.147066, 0.0 ], [ 73.1295655, 28.1467628, 0.0 ] ], [ [ 73.1294718, 28.1489282, 0.0 ], [ 73.129495, 28.1489285, 0.0 ], [ 73.1294897, 28.1492318, 0.0 ], [ 73.1294666, 28.1492314, 0.0 ], [ 73.1294718, 28.1489282, 0.0 ] ], [ [ 73.1294158, 28.1489274, 0.0 ], [ 73.129439, 28.1489277, 0.0 ], [ 73.1294337, 28.149231, 0.0 ], [ 73.1294106, 28.1492307, 0.0 ], [ 73.1294158, 28.1489274, 0.0 ] ], [ [ 73.1294664, 28.1492399, 0.0 ], [ 73.1294895, 28.1492402, 0.0 ], [ 73.1294843, 28.1495434, 0.0 ], [ 73.1294611, 28.1495431, 0.0 ], [ 73.1294664, 28.1492399, 0.0 ] ], [ [ 73.1294104, 28.1492391, 0.0 ], [ 73.1294336, 28.1492394, 0.0 ], [ 73.1294283, 28.1495427, 0.0 ], [ 73.1294052, 28.1495424, 0.0 ], [ 73.1294104, 28.1492391, 0.0 ] ], [ [ 73.1294826, 28.1483087, 0.0 ], [ 73.1295057, 28.148309, 0.0 ], [ 73.1295005, 28.1486123, 0.0 ], [ 73.1294773, 28.148612, 0.0 ], [ 73.1294826, 28.1483087, 0.0 ] ], [ [ 73.1294266, 28.1483079, 0.0 ], [ 73.1294497, 28.1483083, 0.0 ], [ 73.1294445, 28.1486115, 0.0 ], [ 73.1294213, 28.1486112, 0.0 ], [ 73.1294266, 28.1483079, 0.0 ] ], [ [ 73.1294772, 28.1486204, 0.0 ], [ 73.1295003, 28.1486207, 0.0 ], [ 73.129495, 28.148924, 0.0 ], [ 73.1294719, 28.1489237, 0.0 ], [ 73.1294772, 28.1486204, 0.0 ] ], [ [ 73.1294212, 28.1486196, 0.0 ], [ 73.1294443, 28.1486199, 0.0 ], [ 73.1294391, 28.1489232, 0.0 ], [ 73.1294159, 28.1489229, 0.0 ], [ 73.1294212, 28.1486196, 0.0 ] ], [ [ 73.1294934, 28.1476893, 0.0 ], [ 73.1295165, 28.1476896, 0.0 ], [ 73.1295112, 28.1479928, 0.0 ], [ 73.1294881, 28.1479925, 0.0 ], [ 73.1294934, 28.1476893, 0.0 ] ], [ [ 73.1294374, 28.1476885, 0.0 ], [ 73.1294605, 28.1476888, 0.0 ], [ 73.1294552, 28.1479921, 0.0 ], [ 73.1294321, 28.1479918, 0.0 ], [ 73.1294374, 28.1476885, 0.0 ] ], [ [ 73.129488, 28.1480009, 0.0 ], [ 73.1295111, 28.1480013, 0.0 ], [ 73.1295058, 28.1483045, 0.0 ], [ 73.1294827, 28.1483042, 0.0 ], [ 73.129488, 28.1480009, 0.0 ] ], [ [ 73.129432, 28.1480002, 0.0 ], [ 73.1294551, 28.1480005, 0.0 ], [ 73.1294498, 28.1483038, 0.0 ], [ 73.1294267, 28.1483034, 0.0 ], [ 73.129432, 28.1480002, 0.0 ] ], [ [ 73.1295041, 28.1470698, 0.0 ], [ 73.1295273, 28.1470701, 0.0 ], [ 73.129522, 28.1473734, 0.0 ], [ 73.1294989, 28.1473731, 0.0 ], [ 73.1295041, 28.1470698, 0.0 ] ], [ [ 73.1294482, 28.147069, 0.0 ], [ 73.1294713, 28.1470693, 0.0 ], [ 73.129466, 28.1473726, 0.0 ], [ 73.1294429, 28.1473723, 0.0 ], [ 73.1294482, 28.147069, 0.0 ] ], [ [ 73.1294987, 28.1473815, 0.0 ], [ 73.1295218, 28.1473818, 0.0 ], [ 73.1295166, 28.1476851, 0.0 ], [ 73.1294934, 28.1476847, 0.0 ], [ 73.1294987, 28.1473815, 0.0 ] ], [ [ 73.1294427, 28.1473807, 0.0 ], [ 73.1294659, 28.147381, 0.0 ], [ 73.1294606, 28.1476843, 0.0 ], [ 73.1294375, 28.147684, 0.0 ], [ 73.1294427, 28.1473807, 0.0 ] ], [ [ 73.1295149, 28.1464503, 0.0 ], [ 73.129538, 28.1464506, 0.0 ], [ 73.1295328, 28.1467539, 0.0 ], [ 73.1295096, 28.1467536, 0.0 ], [ 73.1295149, 28.1464503, 0.0 ] ], [ [ 73.1294589, 28.1464496, 0.0 ], [ 73.129482, 28.1464499, 0.0 ], [ 73.1294768, 28.1467532, 0.0 ], [ 73.1294536, 28.1467528, 0.0 ], [ 73.1294589, 28.1464496, 0.0 ] ], [ [ 73.1295095, 28.146762, 0.0 ], [ 73.1295326, 28.1467623, 0.0 ], [ 73.1295273, 28.1470656, 0.0 ], [ 73.1295042, 28.1470653, 0.0 ], [ 73.1295095, 28.146762, 0.0 ] ], [ [ 73.1294535, 28.1467613, 0.0 ], [ 73.1294766, 28.1467616, 0.0 ], [ 73.1294714, 28.1470648, 0.0 ], [ 73.1294482, 28.1470645, 0.0 ], [ 73.1294535, 28.1467613, 0.0 ] ], [ [ 73.1293599, 28.1489266, 0.0 ], [ 73.129383, 28.148927, 0.0 ], [ 73.1293777, 28.1492302, 0.0 ], [ 73.1293546, 28.1492299, 0.0 ], [ 73.1293599, 28.1489266, 0.0 ] ], [ [ 73.1293039, 28.1489259, 0.0 ], [ 73.129327, 28.1489262, 0.0 ], [ 73.1293217, 28.1492295, 0.0 ], [ 73.1292986, 28.1492291, 0.0 ], [ 73.1293039, 28.1489259, 0.0 ] ], [ [ 73.1293544, 28.1492383, 0.0 ], [ 73.1293776, 28.1492386, 0.0 ], [ 73.1293723, 28.1495419, 0.0 ], [ 73.1293492, 28.1495416, 0.0 ], [ 73.1293544, 28.1492383, 0.0 ] ], [ [ 73.1292985, 28.1492376, 0.0 ], [ 73.1293216, 28.1492379, 0.0 ], [ 73.1293163, 28.1495411, 0.0 ], [ 73.1292932, 28.1495408, 0.0 ], [ 73.1292985, 28.1492376, 0.0 ] ], [ [ 73.1293706, 28.1483072, 0.0 ], [ 73.1293938, 28.1483075, 0.0 ], [ 73.1293885, 28.1486108, 0.0 ], [ 73.1293654, 28.1486105, 0.0 ], [ 73.1293706, 28.1483072, 0.0 ] ], [ [ 73.1293146, 28.1483064, 0.0 ], [ 73.1293378, 28.1483067, 0.0 ], [ 73.1293325, 28.14861, 0.0 ], [ 73.1293094, 28.1486097, 0.0 ], [ 73.1293146, 28.1483064, 0.0 ] ], [ [ 73.1293652, 28.1486189, 0.0 ], [ 73.1293883, 28.1486192, 0.0 ], [ 73.1293831, 28.1489225, 0.0 ], [ 73.1293599, 28.1489221, 0.0 ], [ 73.1293652, 28.1486189, 0.0 ] ], [ [ 73.1293092, 28.1486181, 0.0 ], [ 73.1293324, 28.1486184, 0.0 ], [ 73.1293271, 28.1489217, 0.0 ], [ 73.129304, 28.1489214, 0.0 ], [ 73.1293092, 28.1486181, 0.0 ] ], [ [ 73.1293814, 28.1476877, 0.0 ], [ 73.1294045, 28.147688, 0.0 ], [ 73.1293993, 28.1479913, 0.0 ], [ 73.1293761, 28.147991, 0.0 ], [ 73.1293814, 28.1476877, 0.0 ] ], [ [ 73.1293254, 28.147687, 0.0 ], [ 73.1293485, 28.1476873, 0.0 ], [ 73.1293433, 28.1479905, 0.0 ], [ 73.1293201, 28.1479902, 0.0 ], [ 73.1293254, 28.147687, 0.0 ] ], [ [ 73.129376, 28.1479994, 0.0 ], [ 73.1293991, 28.1479997, 0.0 ], [ 73.1293938, 28.148303, 0.0 ], [ 73.1293707, 28.1483027, 0.0 ], [ 73.129376, 28.1479994, 0.0 ] ], [ [ 73.12932, 28.1479986, 0.0 ], [ 73.1293431, 28.147999, 0.0 ], [ 73.1293379, 28.1483022, 0.0 ], [ 73.1293147, 28.1483019, 0.0 ], [ 73.12932, 28.1479986, 0.0 ] ], [ [ 73.1293922, 28.1470683, 0.0 ], [ 73.1294153, 28.1470686, 0.0 ], [ 73.12941, 28.1473718, 0.0 ], [ 73.1293869, 28.1473715, 0.0 ], [ 73.1293922, 28.1470683, 0.0 ] ], [ [ 73.1293362, 28.1470675, 0.0 ], [ 73.1293593, 28.1470678, 0.0 ], [ 73.129354, 28.1473711, 0.0 ], [ 73.1293309, 28.1473708, 0.0 ], [ 73.1293362, 28.1470675, 0.0 ] ], [ [ 73.1293868, 28.1473799, 0.0 ], [ 73.1294099, 28.1473803, 0.0 ], [ 73.1294046, 28.1476835, 0.0 ], [ 73.1293815, 28.1476832, 0.0 ], [ 73.1293868, 28.1473799, 0.0 ] ], [ [ 73.1293308, 28.1473792, 0.0 ], [ 73.1293539, 28.1473795, 0.0 ], [ 73.1293486, 28.1476828, 0.0 ], [ 73.1293255, 28.1476824, 0.0 ], [ 73.1293308, 28.1473792, 0.0 ] ], [ [ 73.1294029, 28.1464488, 0.0 ], [ 73.1294261, 28.1464491, 0.0 ], [ 73.1294208, 28.1467524, 0.0 ], [ 73.1293977, 28.1467521, 0.0 ], [ 73.1294029, 28.1464488, 0.0 ] ], [ [ 73.129347, 28.146448, 0.0 ], [ 73.1293701, 28.1464484, 0.0 ], [ 73.1293648, 28.1467516, 0.0 ], [ 73.1293417, 28.1467513, 0.0 ], [ 73.129347, 28.146448, 0.0 ] ], [ [ 73.1293975, 28.1467605, 0.0 ], [ 73.1294206, 28.1467608, 0.0 ], [ 73.1294154, 28.1470641, 0.0 ], [ 73.1293922, 28.1470638, 0.0 ], [ 73.1293975, 28.1467605, 0.0 ] ], [ [ 73.1293415, 28.1467597, 0.0 ], [ 73.1293647, 28.14676, 0.0 ], [ 73.1293594, 28.1470633, 0.0 ], [ 73.1293363, 28.147063, 0.0 ], [ 73.1293415, 28.1467597, 0.0 ] ], [ [ 73.1292479, 28.1489251, 0.0 ], [ 73.129271, 28.1489254, 0.0 ], [ 73.1292657, 28.1492287, 0.0 ], [ 73.1292426, 28.1492284, 0.0 ], [ 73.1292479, 28.1489251, 0.0 ] ], [ [ 73.1291919, 28.1489244, 0.0 ], [ 73.129215, 28.1489247, 0.0 ], [ 73.1292098, 28.1492279, 0.0 ], [ 73.1291866, 28.1492276, 0.0 ], [ 73.1291919, 28.1489244, 0.0 ] ], [ [ 73.1292425, 28.1492368, 0.0 ], [ 73.1292656, 28.1492371, 0.0 ], [ 73.1292603, 28.1495404, 0.0 ], [ 73.1292372, 28.1495401, 0.0 ], [ 73.1292425, 28.1492368, 0.0 ] ], [ [ 73.1291865, 28.149236, 0.0 ], [ 73.1292096, 28.1492364, 0.0 ], [ 73.1292043, 28.1495396, 0.0 ], [ 73.1291812, 28.1495393, 0.0 ], [ 73.1291865, 28.149236, 0.0 ] ], [ [ 73.1292694, 28.1476862, 0.0 ], [ 73.1292926, 28.1476865, 0.0 ], [ 73.1292873, 28.1479898, 0.0 ], [ 73.1292642, 28.1479895, 0.0 ], [ 73.1292694, 28.1476862, 0.0 ] ], [ [ 73.1292134, 28.1476854, 0.0 ], [ 73.1292366, 28.1476857, 0.0 ], [ 73.1292313, 28.147989, 0.0 ], [ 73.1292082, 28.1479887, 0.0 ], [ 73.1292134, 28.1476854, 0.0 ] ], [ [ 73.129264, 28.1479979, 0.0 ], [ 73.1292871, 28.1479982, 0.0 ], [ 73.1292819, 28.1483015, 0.0 ], [ 73.1292587, 28.1483011, 0.0 ], [ 73.129264, 28.1479979, 0.0 ] ], [ [ 73.129208, 28.1479971, 0.0 ], [ 73.1292312, 28.1479974, 0.0 ], [ 73.1292259, 28.1483007, 0.0 ], [ 73.1292028, 28.1483004, 0.0 ], [ 73.129208, 28.1479971, 0.0 ] ], [ [ 73.1292802, 28.1470667, 0.0 ], [ 73.1293033, 28.1470671, 0.0 ], [ 73.1292981, 28.1473703, 0.0 ], [ 73.1292749, 28.14737, 0.0 ], [ 73.1292802, 28.1470667, 0.0 ] ], [ [ 73.1292242, 28.147066, 0.0 ], [ 73.1292473, 28.1470663, 0.0 ], [ 73.1292421, 28.1473696, 0.0 ], [ 73.1292189, 28.1473692, 0.0 ], [ 73.1292242, 28.147066, 0.0 ] ], [ [ 73.1292748, 28.1473784, 0.0 ], [ 73.1292979, 28.1473787, 0.0 ], [ 73.1292926, 28.147682, 0.0 ], [ 73.1292695, 28.1476817, 0.0 ], [ 73.1292748, 28.1473784, 0.0 ] ], [ [ 73.1292188, 28.1473777, 0.0 ], [ 73.1292419, 28.147378, 0.0 ], [ 73.1292367, 28.1476812, 0.0 ], [ 73.1292135, 28.1476809, 0.0 ], [ 73.1292188, 28.1473777, 0.0 ] ], [ [ 73.129291, 28.1464473, 0.0 ], [ 73.1293141, 28.1464476, 0.0 ], [ 73.1293088, 28.1467509, 0.0 ], [ 73.1292857, 28.1467505, 0.0 ], [ 73.129291, 28.1464473, 0.0 ] ], [ [ 73.129235, 28.1464465, 0.0 ], [ 73.1292581, 28.1464468, 0.0 ], [ 73.1292528, 28.1467501, 0.0 ], [ 73.1292297, 28.1467498, 0.0 ], [ 73.129235, 28.1464465, 0.0 ] ], [ [ 73.1292855, 28.146759, 0.0 ], [ 73.1293087, 28.1467593, 0.0 ], [ 73.1293034, 28.1470625, 0.0 ], [ 73.1292803, 28.1470622, 0.0 ], [ 73.1292855, 28.146759, 0.0 ] ], [ [ 73.1292296, 28.1467582, 0.0 ], [ 73.1292527, 28.1467585, 0.0 ], [ 73.1292474, 28.1470618, 0.0 ], [ 73.1292243, 28.1470615, 0.0 ], [ 73.1292296, 28.1467582, 0.0 ] ], [ [ 73.1286034, 28.1473432, 0.0 ], [ 73.1286265, 28.1473435, 0.0 ], [ 73.1286213, 28.1476468, 0.0 ], [ 73.1285981, 28.1476465, 0.0 ], [ 73.1286034, 28.1473432, 0.0 ] ], [ [ 73.1285474, 28.1473424, 0.0 ], [ 73.1285706, 28.1473427, 0.0 ], [ 73.1285653, 28.147646, 0.0 ], [ 73.1285422, 28.1476457, 0.0 ], [ 73.1285474, 28.1473424, 0.0 ] ], [ [ 73.128598, 28.1476549, 0.0 ], [ 73.1286211, 28.1476552, 0.0 ], [ 73.1286159, 28.1479585, 0.0 ], [ 73.1285927, 28.1479581, 0.0 ], [ 73.128598, 28.1476549, 0.0 ] ], [ [ 73.128542, 28.1476541, 0.0 ], [ 73.1285651, 28.1476544, 0.0 ], [ 73.1285599, 28.1479577, 0.0 ], [ 73.1285367, 28.1479574, 0.0 ], [ 73.128542, 28.1476541, 0.0 ] ], [ [ 73.1286142, 28.1467237, 0.0 ], [ 73.1286373, 28.1467241, 0.0 ], [ 73.128632, 28.1470273, 0.0 ], [ 73.1286089, 28.147027, 0.0 ], [ 73.1286142, 28.1467237, 0.0 ] ], [ [ 73.1285582, 28.146723, 0.0 ], [ 73.1285813, 28.1467233, 0.0 ], [ 73.1285761, 28.1470266, 0.0 ], [ 73.1285529, 28.1470262, 0.0 ], [ 73.1285582, 28.146723, 0.0 ] ], [ [ 73.1286088, 28.1470354, 0.0 ], [ 73.1286319, 28.1470357, 0.0 ], [ 73.1286266, 28.147339, 0.0 ], [ 73.1286035, 28.1473387, 0.0 ], [ 73.1286088, 28.1470354, 0.0 ] ], [ [ 73.1285528, 28.1470347, 0.0 ], [ 73.1285759, 28.147035, 0.0 ], [ 73.1285706, 28.1473382, 0.0 ], [ 73.1285475, 28.1473379, 0.0 ], [ 73.1285528, 28.1470347, 0.0 ] ], [ [ 73.1284914, 28.1473417, 0.0 ], [ 73.1285146, 28.147342, 0.0 ], [ 73.1285093, 28.1476452, 0.0 ], [ 73.1284862, 28.1476449, 0.0 ], [ 73.1284914, 28.1473417, 0.0 ] ], [ [ 73.1284355, 28.1473409, 0.0 ], [ 73.1284586, 28.1473412, 0.0 ], [ 73.1284533, 28.1476445, 0.0 ], [ 73.1284302, 28.1476442, 0.0 ], [ 73.1284355, 28.1473409, 0.0 ] ], [ [ 73.128486, 28.1476533, 0.0 ], [ 73.1285092, 28.1476537, 0.0 ], [ 73.1285039, 28.1479569, 0.0 ], [ 73.1284808, 28.1479566, 0.0 ], [ 73.128486, 28.1476533, 0.0 ] ], [ [ 73.12843, 28.1476526, 0.0 ], [ 73.1284532, 28.1476529, 0.0 ], [ 73.1284479, 28.1479562, 0.0 ], [ 73.1284248, 28.1479558, 0.0 ], [ 73.12843, 28.1476526, 0.0 ] ], [ [ 73.1285022, 28.1467222, 0.0 ], [ 73.1285253, 28.1467225, 0.0 ], [ 73.1285201, 28.1470258, 0.0 ], [ 73.1284969, 28.1470255, 0.0 ], [ 73.1285022, 28.1467222, 0.0 ] ], [ [ 73.1284462, 28.1467214, 0.0 ], [ 73.1284694, 28.1467218, 0.0 ], [ 73.1284641, 28.147025, 0.0 ], [ 73.128441, 28.1470247, 0.0 ], [ 73.1284462, 28.1467214, 0.0 ] ], [ [ 73.1284968, 28.1470339, 0.0 ], [ 73.1285199, 28.1470342, 0.0 ], [ 73.1285147, 28.1473375, 0.0 ], [ 73.1284915, 28.1473372, 0.0 ], [ 73.1284968, 28.1470339, 0.0 ] ], [ [ 73.1284408, 28.1470331, 0.0 ], [ 73.1284639, 28.1470334, 0.0 ], [ 73.1284587, 28.1473367, 0.0 ], [ 73.1284355, 28.1473364, 0.0 ], [ 73.1284408, 28.1470331, 0.0 ] ], [ [ 73.1283579, 28.1485791, 0.0 ], [ 73.1283811, 28.1485794, 0.0 ], [ 73.1283758, 28.1488826, 0.0 ], [ 73.1283527, 28.1488823, 0.0 ], [ 73.1283579, 28.1485791, 0.0 ] ], [ [ 73.1283019, 28.1485783, 0.0 ], [ 73.1283251, 28.1485786, 0.0 ], [ 73.1283198, 28.1488819, 0.0 ], [ 73.1282967, 28.1488816, 0.0 ], [ 73.1283019, 28.1485783, 0.0 ] ], [ [ 73.1283525, 28.1488907, 0.0 ], [ 73.1283756, 28.1488911, 0.0 ], [ 73.1283704, 28.1491943, 0.0 ], [ 73.1283472, 28.149194, 0.0 ], [ 73.1283525, 28.1488907, 0.0 ] ], [ [ 73.1282965, 28.14889, 0.0 ], [ 73.1283197, 28.1488903, 0.0 ], [ 73.1283144, 28.1491936, 0.0 ], [ 73.1282912, 28.1491932, 0.0 ], [ 73.1282965, 28.14889, 0.0 ] ], [ [ 73.1283795, 28.1473401, 0.0 ], [ 73.1284026, 28.1473405, 0.0 ], [ 73.1283973, 28.1476437, 0.0 ], [ 73.1283742, 28.1476434, 0.0 ], [ 73.1283795, 28.1473401, 0.0 ] ], [ [ 73.1283235, 28.1473394, 0.0 ], [ 73.1283466, 28.1473397, 0.0 ], [ 73.1283413, 28.147643, 0.0 ], [ 73.1283182, 28.1476426, 0.0 ], [ 73.1283235, 28.1473394, 0.0 ] ], [ [ 73.1283741, 28.1476518, 0.0 ], [ 73.1283972, 28.1476521, 0.0 ], [ 73.1283919, 28.1479554, 0.0 ], [ 73.1283688, 28.1479551, 0.0 ], [ 73.1283741, 28.1476518, 0.0 ] ], [ [ 73.1283181, 28.1476511, 0.0 ], [ 73.1283412, 28.1476514, 0.0 ], [ 73.1283359, 28.1479546, 0.0 ], [ 73.1283128, 28.1479543, 0.0 ], [ 73.1283181, 28.1476511, 0.0 ] ], [ [ 73.1283903, 28.1467207, 0.0 ], [ 73.1284134, 28.146721, 0.0 ], [ 73.1284081, 28.1470243, 0.0 ], [ 73.128385, 28.1470239, 0.0 ], [ 73.1283903, 28.1467207, 0.0 ] ], [ [ 73.1283343, 28.1467199, 0.0 ], [ 73.1283574, 28.1467202, 0.0 ], [ 73.1283521, 28.1470235, 0.0 ], [ 73.128329, 28.1470232, 0.0 ], [ 73.1283343, 28.1467199, 0.0 ] ], [ [ 73.1283848, 28.1470324, 0.0 ], [ 73.128408, 28.1470327, 0.0 ], [ 73.1284027, 28.1473359, 0.0 ], [ 73.1283796, 28.1473356, 0.0 ], [ 73.1283848, 28.1470324, 0.0 ] ], [ [ 73.1283288, 28.1470316, 0.0 ], [ 73.128352, 28.1470319, 0.0 ], [ 73.1283467, 28.1473352, 0.0 ], [ 73.1283236, 28.1473349, 0.0 ], [ 73.1283288, 28.1470316, 0.0 ] ], [ [ 73.128246, 28.1485775, 0.0 ], [ 73.1282691, 28.1485778, 0.0 ], [ 73.1282638, 28.1488811, 0.0 ], [ 73.1282407, 28.1488808, 0.0 ], [ 73.128246, 28.1485775, 0.0 ] ], [ [ 73.12819, 28.1485768, 0.0 ], [ 73.1282131, 28.1485771, 0.0 ], [ 73.1282078, 28.1488803, 0.0 ], [ 73.1281847, 28.14888, 0.0 ], [ 73.12819, 28.1485768, 0.0 ] ], [ [ 73.1282405, 28.1488892, 0.0 ], [ 73.1282637, 28.1488895, 0.0 ], [ 73.1282584, 28.1491928, 0.0 ], [ 73.1282353, 28.1491925, 0.0 ], [ 73.1282405, 28.1488892, 0.0 ] ], [ [ 73.1281846, 28.1488884, 0.0 ], [ 73.1282077, 28.1488888, 0.0 ], [ 73.1282024, 28.149192, 0.0 ], [ 73.1281793, 28.1491917, 0.0 ], [ 73.1281846, 28.1488884, 0.0 ] ], [ [ 73.1282675, 28.1473386, 0.0 ], [ 73.1282906, 28.1473389, 0.0 ], [ 73.1282854, 28.1476422, 0.0 ], [ 73.1282622, 28.1476419, 0.0 ], [ 73.1282675, 28.1473386, 0.0 ] ], [ [ 73.1282115, 28.1473378, 0.0 ], [ 73.1282347, 28.1473382, 0.0 ], [ 73.1282294, 28.1476414, 0.0 ], [ 73.1282062, 28.1476411, 0.0 ], [ 73.1282115, 28.1473378, 0.0 ] ], [ [ 73.1282621, 28.1476503, 0.0 ], [ 73.1282852, 28.1476506, 0.0 ], [ 73.1282799, 28.1479539, 0.0 ], [ 73.1282568, 28.1479536, 0.0 ], [ 73.1282621, 28.1476503, 0.0 ] ], [ [ 73.1282061, 28.1476495, 0.0 ], [ 73.1282292, 28.1476498, 0.0 ], [ 73.128224, 28.1479531, 0.0 ], [ 73.1282008, 28.1479528, 0.0 ], [ 73.1282061, 28.1476495, 0.0 ] ], [ [ 73.1282783, 28.1467191, 0.0 ], [ 73.1283014, 28.1467195, 0.0 ], [ 73.1282961, 28.1470227, 0.0 ], [ 73.128273, 28.1470224, 0.0 ], [ 73.1282783, 28.1467191, 0.0 ] ], [ [ 73.1282223, 28.1467184, 0.0 ], [ 73.1282454, 28.1467187, 0.0 ], [ 73.1282402, 28.147022, 0.0 ], [ 73.128217, 28.1470216, 0.0 ], [ 73.1282223, 28.1467184, 0.0 ] ], [ [ 73.1282729, 28.1470308, 0.0 ], [ 73.128296, 28.1470311, 0.0 ], [ 73.1282907, 28.1473344, 0.0 ], [ 73.1282676, 28.1473341, 0.0 ], [ 73.1282729, 28.1470308, 0.0 ] ], [ [ 73.1282169, 28.1470301, 0.0 ], [ 73.12824, 28.1470304, 0.0 ], [ 73.1282347, 28.1473336, 0.0 ], [ 73.1282116, 28.1473333, 0.0 ], [ 73.1282169, 28.1470301, 0.0 ] ], [ [ 73.128134, 28.148576, 0.0 ], [ 73.1281571, 28.1485763, 0.0 ], [ 73.1281518, 28.1488796, 0.0 ], [ 73.1281287, 28.1488793, 0.0 ], [ 73.128134, 28.148576, 0.0 ] ], [ [ 73.128078, 28.1485752, 0.0 ], [ 73.1281011, 28.1485755, 0.0 ], [ 73.1280959, 28.1488788, 0.0 ], [ 73.1280727, 28.1488785, 0.0 ], [ 73.128078, 28.1485752, 0.0 ] ], [ [ 73.1281286, 28.1488877, 0.0 ], [ 73.1281517, 28.148888, 0.0 ], [ 73.1281464, 28.1491913, 0.0 ], [ 73.1281233, 28.1491909, 0.0 ], [ 73.1281286, 28.1488877, 0.0 ] ], [ [ 73.1280726, 28.1488869, 0.0 ], [ 73.1280957, 28.1488872, 0.0 ], [ 73.1280904, 28.1491905, 0.0 ], [ 73.1280673, 28.1491902, 0.0 ], [ 73.1280726, 28.1488869, 0.0 ] ], [ [ 73.1281448, 28.1479565, 0.0 ], [ 73.1281679, 28.1479569, 0.0 ], [ 73.1281626, 28.1482601, 0.0 ], [ 73.1281395, 28.1482598, 0.0 ], [ 73.1281448, 28.1479565, 0.0 ] ], [ [ 73.1280888, 28.1479558, 0.0 ], [ 73.1281119, 28.1479561, 0.0 ], [ 73.1281066, 28.1482594, 0.0 ], [ 73.1280835, 28.148259, 0.0 ], [ 73.1280888, 28.1479558, 0.0 ] ], [ [ 73.1281393, 28.1482682, 0.0 ], [ 73.1281625, 28.1482685, 0.0 ], [ 73.1281572, 28.1485718, 0.0 ], [ 73.1281341, 28.1485715, 0.0 ], [ 73.1281393, 28.1482682, 0.0 ] ], [ [ 73.1280834, 28.1482675, 0.0 ], [ 73.1281065, 28.1482678, 0.0 ], [ 73.1281012, 28.148571, 0.0 ], [ 73.1280781, 28.1485707, 0.0 ], [ 73.1280834, 28.1482675, 0.0 ] ], [ [ 73.1281555, 28.1473371, 0.0 ], [ 73.1281787, 28.1473374, 0.0 ], [ 73.1281734, 28.1476407, 0.0 ], [ 73.1281503, 28.1476403, 0.0 ], [ 73.1281555, 28.1473371, 0.0 ] ], [ [ 73.1280996, 28.1473363, 0.0 ], [ 73.1281227, 28.1473366, 0.0 ], [ 73.1281174, 28.1476399, 0.0 ], [ 73.1280943, 28.1476396, 0.0 ], [ 73.1280996, 28.1473363, 0.0 ] ], [ [ 73.1281501, 28.1476488, 0.0 ], [ 73.1281732, 28.1476491, 0.0 ], [ 73.128168, 28.1479523, 0.0 ], [ 73.1281448, 28.147952, 0.0 ], [ 73.1281501, 28.1476488, 0.0 ] ], [ [ 73.1280941, 28.147648, 0.0 ], [ 73.1281173, 28.1476483, 0.0 ], [ 73.128112, 28.1479516, 0.0 ], [ 73.1280889, 28.1479513, 0.0 ], [ 73.1280941, 28.147648, 0.0 ] ], [ [ 73.1281663, 28.1467176, 0.0 ], [ 73.1281894, 28.1467179, 0.0 ], [ 73.1281842, 28.1470212, 0.0 ], [ 73.128161, 28.1470209, 0.0 ], [ 73.1281663, 28.1467176, 0.0 ] ], [ [ 73.1281103, 28.1467169, 0.0 ], [ 73.1281335, 28.1467172, 0.0 ], [ 73.1281282, 28.1470204, 0.0 ], [ 73.1281051, 28.1470201, 0.0 ], [ 73.1281103, 28.1467169, 0.0 ] ], [ [ 73.1281609, 28.1470293, 0.0 ], [ 73.128184, 28.1470296, 0.0 ], [ 73.1281787, 28.1473329, 0.0 ], [ 73.1281556, 28.1473326, 0.0 ], [ 73.1281609, 28.1470293, 0.0 ] ], [ [ 73.1281049, 28.1470285, 0.0 ], [ 73.128128, 28.1470288, 0.0 ], [ 73.1281228, 28.1473321, 0.0 ], [ 73.1280996, 28.1473318, 0.0 ], [ 73.1281049, 28.1470285, 0.0 ] ], [ [ 73.128022, 28.1485745, 0.0 ], [ 73.1280451, 28.1485748, 0.0 ], [ 73.1280399, 28.148878, 0.0 ], [ 73.1280167, 28.1488777, 0.0 ], [ 73.128022, 28.1485745, 0.0 ] ], [ [ 73.127966, 28.1485737, 0.0 ], [ 73.1279892, 28.148574, 0.0 ], [ 73.1279839, 28.1488773, 0.0 ], [ 73.1279608, 28.148877, 0.0 ], [ 73.127966, 28.1485737, 0.0 ] ], [ [ 73.1280166, 28.1488861, 0.0 ], [ 73.1280397, 28.1488865, 0.0 ], [ 73.1280344, 28.1491897, 0.0 ], [ 73.1280113, 28.1491894, 0.0 ], [ 73.1280166, 28.1488861, 0.0 ] ], [ [ 73.1279606, 28.1488854, 0.0 ], [ 73.1279837, 28.1488857, 0.0 ], [ 73.1279785, 28.149189, 0.0 ], [ 73.1279553, 28.1491886, 0.0 ], [ 73.1279606, 28.1488854, 0.0 ] ], [ [ 73.1280328, 28.147955, 0.0 ], [ 73.1280559, 28.1479553, 0.0 ], [ 73.1280506, 28.1482586, 0.0 ], [ 73.1280275, 28.1482583, 0.0 ], [ 73.1280328, 28.147955, 0.0 ] ], [ [ 73.1279768, 28.1479542, 0.0 ], [ 73.1279999, 28.1479546, 0.0 ], [ 73.1279947, 28.1482578, 0.0 ], [ 73.1279715, 28.1482575, 0.0 ], [ 73.1279768, 28.1479542, 0.0 ] ], [ [ 73.1280274, 28.1482667, 0.0 ], [ 73.1280505, 28.148267, 0.0 ], [ 73.1280452, 28.1485703, 0.0 ], [ 73.1280221, 28.14857, 0.0 ], [ 73.1280274, 28.1482667, 0.0 ] ], [ [ 73.1279714, 28.1482659, 0.0 ], [ 73.1279945, 28.1482662, 0.0 ], [ 73.1279892, 28.1485695, 0.0 ], [ 73.1279661, 28.1485692, 0.0 ], [ 73.1279714, 28.1482659, 0.0 ] ], [ [ 73.1280436, 28.1473355, 0.0 ], [ 73.1280667, 28.1473359, 0.0 ], [ 73.1280614, 28.1476391, 0.0 ], [ 73.1280383, 28.1476388, 0.0 ], [ 73.1280436, 28.1473355, 0.0 ] ], [ [ 73.1279876, 28.1473348, 0.0 ], [ 73.1280107, 28.1473351, 0.0 ], [ 73.1280054, 28.1476384, 0.0 ], [ 73.1279823, 28.147638, 0.0 ], [ 73.1279876, 28.1473348, 0.0 ] ], [ [ 73.1280381, 28.1476472, 0.0 ], [ 73.1280613, 28.1476475, 0.0 ], [ 73.128056, 28.1479508, 0.0 ], [ 73.1280329, 28.1479505, 0.0 ], [ 73.1280381, 28.1476472, 0.0 ] ], [ [ 73.1279822, 28.1476465, 0.0 ], [ 73.1280053, 28.1476468, 0.0 ], [ 73.128, 28.14795, 0.0 ], [ 73.1279769, 28.1479497, 0.0 ], [ 73.1279822, 28.1476465, 0.0 ] ], [ [ 73.1280543, 28.1467161, 0.0 ], [ 73.1280775, 28.1467164, 0.0 ], [ 73.1280722, 28.1470197, 0.0 ], [ 73.1280491, 28.1470194, 0.0 ], [ 73.1280543, 28.1467161, 0.0 ] ], [ [ 73.1279984, 28.1467153, 0.0 ], [ 73.1280215, 28.1467156, 0.0 ], [ 73.1280162, 28.1470189, 0.0 ], [ 73.1279931, 28.1470186, 0.0 ], [ 73.1279984, 28.1467153, 0.0 ] ], [ [ 73.1280489, 28.1470278, 0.0 ], [ 73.1280721, 28.1470281, 0.0 ], [ 73.1280668, 28.1473314, 0.0 ], [ 73.1280436, 28.147331, 0.0 ], [ 73.1280489, 28.1470278, 0.0 ] ], [ [ 73.1279929, 28.147027, 0.0 ], [ 73.1280161, 28.1470273, 0.0 ], [ 73.1280108, 28.1473306, 0.0 ], [ 73.1279877, 28.1473303, 0.0 ], [ 73.1279929, 28.147027, 0.0 ] ], [ [ 73.12791, 28.1485729, 0.0 ], [ 73.1279332, 28.1485733, 0.0 ], [ 73.1279279, 28.1488765, 0.0 ], [ 73.1279048, 28.1488762, 0.0 ], [ 73.12791, 28.1485729, 0.0 ] ], [ [ 73.1278541, 28.1485722, 0.0 ], [ 73.1278772, 28.1485725, 0.0 ], [ 73.1278719, 28.1488758, 0.0 ], [ 73.1278488, 28.1488754, 0.0 ], [ 73.1278541, 28.1485722, 0.0 ] ], [ [ 73.1279046, 28.1488846, 0.0 ], [ 73.1279278, 28.1488849, 0.0 ], [ 73.1279225, 28.1491882, 0.0 ], [ 73.1278993, 28.1491879, 0.0 ], [ 73.1279046, 28.1488846, 0.0 ] ], [ [ 73.1278486, 28.1488839, 0.0 ], [ 73.1278718, 28.1488842, 0.0 ], [ 73.1278665, 28.1491874, 0.0 ], [ 73.1278434, 28.1491871, 0.0 ], [ 73.1278486, 28.1488839, 0.0 ] ], [ [ 73.1279208, 28.1479535, 0.0 ], [ 73.127944, 28.1479538, 0.0 ], [ 73.1279387, 28.1482571, 0.0 ], [ 73.1279155, 28.1482567, 0.0 ], [ 73.1279208, 28.1479535, 0.0 ] ], [ [ 73.1278648, 28.1479527, 0.0 ], [ 73.127888, 28.147953, 0.0 ], [ 73.1278827, 28.1482563, 0.0 ], [ 73.1278596, 28.148256, 0.0 ], [ 73.1278648, 28.1479527, 0.0 ] ], [ [ 73.1279154, 28.1482652, 0.0 ], [ 73.1279385, 28.1482655, 0.0 ], [ 73.1279333, 28.1485687, 0.0 ], [ 73.1279101, 28.1485684, 0.0 ], [ 73.1279154, 28.1482652, 0.0 ] ], [ [ 73.1278594, 28.1482644, 0.0 ], [ 73.1278825, 28.1482647, 0.0 ], [ 73.1278773, 28.148568, 0.0 ], [ 73.1278541, 28.1485677, 0.0 ], [ 73.1278594, 28.1482644, 0.0 ] ], [ [ 73.1279316, 28.147334, 0.0 ], [ 73.1279547, 28.1473343, 0.0 ], [ 73.1279495, 28.1476376, 0.0 ], [ 73.1279263, 28.1476373, 0.0 ], [ 73.1279316, 28.147334, 0.0 ] ], [ [ 73.1278756, 28.1473333, 0.0 ], [ 73.1278987, 28.1473336, 0.0 ], [ 73.1278935, 28.1476368, 0.0 ], [ 73.1278703, 28.1476365, 0.0 ], [ 73.1278756, 28.1473333, 0.0 ] ], [ [ 73.1279262, 28.1476457, 0.0 ], [ 73.1279493, 28.147646, 0.0 ], [ 73.127944, 28.1479493, 0.0 ], [ 73.1279209, 28.147949, 0.0 ], [ 73.1279262, 28.1476457, 0.0 ] ], [ [ 73.1278702, 28.1476449, 0.0 ], [ 73.1278933, 28.1476452, 0.0 ], [ 73.127888, 28.1479485, 0.0 ], [ 73.1278649, 28.1479482, 0.0 ], [ 73.1278702, 28.1476449, 0.0 ] ], [ [ 73.1279424, 28.1467146, 0.0 ], [ 73.1279655, 28.1467149, 0.0 ], [ 73.1279602, 28.1470181, 0.0 ], [ 73.1279371, 28.1470178, 0.0 ], [ 73.1279424, 28.1467146, 0.0 ] ], [ [ 73.1278864, 28.1467138, 0.0 ], [ 73.1279095, 28.1467141, 0.0 ], [ 73.1279042, 28.1470174, 0.0 ], [ 73.1278811, 28.1470171, 0.0 ], [ 73.1278864, 28.1467138, 0.0 ] ], [ [ 73.127937, 28.1470262, 0.0 ], [ 73.1279601, 28.1470266, 0.0 ], [ 73.1279548, 28.1473298, 0.0 ], [ 73.1279317, 28.1473295, 0.0 ], [ 73.127937, 28.1470262, 0.0 ] ], [ [ 73.127881, 28.1470255, 0.0 ], [ 73.1279041, 28.1470258, 0.0 ], [ 73.1278988, 28.1473291, 0.0 ], [ 73.1278757, 28.1473287, 0.0 ], [ 73.127881, 28.1470255, 0.0 ] ], [ [ 73.1277981, 28.1485714, 0.0 ], [ 73.1278212, 28.1485717, 0.0 ], [ 73.1278159, 28.148875, 0.0 ], [ 73.1277928, 28.1488747, 0.0 ], [ 73.1277981, 28.1485714, 0.0 ] ], [ [ 73.1277421, 28.1485706, 0.0 ], [ 73.1277652, 28.148571, 0.0 ], [ 73.1277599, 28.1488742, 0.0 ], [ 73.1277368, 28.1488739, 0.0 ], [ 73.1277421, 28.1485706, 0.0 ] ], [ [ 73.1277927, 28.1488831, 0.0 ], [ 73.1278158, 28.1488834, 0.0 ], [ 73.1278105, 28.1491867, 0.0 ], [ 73.1277874, 28.1491864, 0.0 ], [ 73.1277927, 28.1488831, 0.0 ] ], [ [ 73.1277367, 28.1488823, 0.0 ], [ 73.1277598, 28.1488826, 0.0 ], [ 73.1277545, 28.1491859, 0.0 ], [ 73.1277314, 28.1491856, 0.0 ], [ 73.1277367, 28.1488823, 0.0 ] ], [ [ 73.1278089, 28.1479519, 0.0 ], [ 73.127832, 28.1479523, 0.0 ], [ 73.1278267, 28.1482555, 0.0 ], [ 73.1278036, 28.1482552, 0.0 ], [ 73.1278089, 28.1479519, 0.0 ] ], [ [ 73.1277529, 28.1479512, 0.0 ], [ 73.127776, 28.1479515, 0.0 ], [ 73.1277707, 28.1482548, 0.0 ], [ 73.1277476, 28.1482544, 0.0 ], [ 73.1277529, 28.1479512, 0.0 ] ], [ [ 73.1278034, 28.1482636, 0.0 ], [ 73.1278266, 28.1482639, 0.0 ], [ 73.1278213, 28.1485672, 0.0 ], [ 73.1277982, 28.1485669, 0.0 ], [ 73.1278034, 28.1482636, 0.0 ] ], [ [ 73.1277474, 28.1482629, 0.0 ], [ 73.1277706, 28.1482632, 0.0 ], [ 73.1277653, 28.1485664, 0.0 ], [ 73.1277422, 28.1485661, 0.0 ], [ 73.1277474, 28.1482629, 0.0 ] ], [ [ 73.1278196, 28.1473325, 0.0 ], [ 73.1278428, 28.1473328, 0.0 ], [ 73.1278375, 28.1476361, 0.0 ], [ 73.1278144, 28.1476358, 0.0 ], [ 73.1278196, 28.1473325, 0.0 ] ], [ [ 73.1277636, 28.1473317, 0.0 ], [ 73.1277868, 28.147332, 0.0 ], [ 73.1277815, 28.1476353, 0.0 ], [ 73.1277584, 28.147635, 0.0 ], [ 73.1277636, 28.1473317, 0.0 ] ], [ [ 73.1278142, 28.1476442, 0.0 ], [ 73.1278373, 28.1476445, 0.0 ], [ 73.1278321, 28.1479477, 0.0 ], [ 73.1278089, 28.1479474, 0.0 ], [ 73.1278142, 28.1476442, 0.0 ] ], [ [ 73.1277582, 28.1476434, 0.0 ], [ 73.1277814, 28.1476437, 0.0 ], [ 73.1277761, 28.147947, 0.0 ], [ 73.1277529, 28.1479467, 0.0 ], [ 73.1277582, 28.1476434, 0.0 ] ], [ [ 73.1278304, 28.146713, 0.0 ], [ 73.1278535, 28.1467133, 0.0 ], [ 73.1278483, 28.1470166, 0.0 ], [ 73.1278251, 28.1470163, 0.0 ], [ 73.1278304, 28.146713, 0.0 ] ], [ [ 73.1277744, 28.1467123, 0.0 ], [ 73.1277976, 28.1467126, 0.0 ], [ 73.1277923, 28.1470158, 0.0 ], [ 73.1277691, 28.1470155, 0.0 ], [ 73.1277744, 28.1467123, 0.0 ] ], [ [ 73.127825, 28.1470247, 0.0 ], [ 73.1278481, 28.147025, 0.0 ], [ 73.1278428, 28.1473283, 0.0 ], [ 73.1278197, 28.147328, 0.0 ], [ 73.127825, 28.1470247, 0.0 ] ], [ [ 73.127769, 28.1470239, 0.0 ], [ 73.1277921, 28.1470243, 0.0 ], [ 73.1277869, 28.1473275, 0.0 ], [ 73.1277637, 28.1473272, 0.0 ], [ 73.127769, 28.1470239, 0.0 ] ], [ [ 73.1276861, 28.1485699, 0.0 ], [ 73.1277092, 28.1485702, 0.0 ], [ 73.127704, 28.1488735, 0.0 ], [ 73.1276808, 28.1488731, 0.0 ], [ 73.1276861, 28.1485699, 0.0 ] ], [ [ 73.1276301, 28.1485691, 0.0 ], [ 73.1276532, 28.1485694, 0.0 ], [ 73.127648, 28.1488727, 0.0 ], [ 73.1276248, 28.1488724, 0.0 ], [ 73.1276301, 28.1485691, 0.0 ] ], [ [ 73.1276807, 28.1488816, 0.0 ], [ 73.1277038, 28.1488819, 0.0 ], [ 73.1276985, 28.1491851, 0.0 ], [ 73.1276754, 28.1491848, 0.0 ], [ 73.1276807, 28.1488816, 0.0 ] ], [ [ 73.1276247, 28.1488808, 0.0 ], [ 73.1276478, 28.1488811, 0.0 ], [ 73.1276425, 28.1491844, 0.0 ], [ 73.1276194, 28.1491841, 0.0 ], [ 73.1276247, 28.1488808, 0.0 ] ], [ [ 73.1276969, 28.1479504, 0.0 ], [ 73.12772, 28.1479507, 0.0 ], [ 73.1277147, 28.148254, 0.0 ], [ 73.1276916, 28.1482537, 0.0 ], [ 73.1276969, 28.1479504, 0.0 ] ], [ [ 73.1276409, 28.1479496, 0.0 ], [ 73.127664, 28.14795, 0.0 ], [ 73.1276587, 28.1482532, 0.0 ], [ 73.1276356, 28.1482529, 0.0 ], [ 73.1276409, 28.1479496, 0.0 ] ], [ [ 73.1276915, 28.1482621, 0.0 ], [ 73.1277146, 28.1482624, 0.0 ], [ 73.1277093, 28.1485657, 0.0 ], [ 73.1276862, 28.1485654, 0.0 ], [ 73.1276915, 28.1482621, 0.0 ] ], [ [ 73.1276355, 28.1482613, 0.0 ], [ 73.1276586, 28.1482616, 0.0 ], [ 73.1276533, 28.1485649, 0.0 ], [ 73.1276302, 28.1485646, 0.0 ], [ 73.1276355, 28.1482613, 0.0 ] ], [ [ 73.1277077, 28.147331, 0.0 ], [ 73.1277308, 28.1473313, 0.0 ], [ 73.1277255, 28.1476345, 0.0 ], [ 73.1277024, 28.1476342, 0.0 ], [ 73.1277077, 28.147331, 0.0 ] ], [ [ 73.1276517, 28.1473302, 0.0 ], [ 73.1276748, 28.1473305, 0.0 ], [ 73.1276695, 28.1476338, 0.0 ], [ 73.1276464, 28.1476335, 0.0 ], [ 73.1276517, 28.1473302, 0.0 ] ], [ [ 73.1277022, 28.1476426, 0.0 ], [ 73.1277254, 28.147643, 0.0 ], [ 73.1277201, 28.1479462, 0.0 ], [ 73.127697, 28.1479459, 0.0 ], [ 73.1277022, 28.1476426, 0.0 ] ], [ [ 73.1276463, 28.1476419, 0.0 ], [ 73.1276694, 28.1476422, 0.0 ], [ 73.1276641, 28.1479455, 0.0 ], [ 73.127641, 28.1479451, 0.0 ], [ 73.1276463, 28.1476419, 0.0 ] ], [ [ 73.1277184, 28.1467115, 0.0 ], [ 73.1277416, 28.1467118, 0.0 ], [ 73.1277363, 28.1470151, 0.0 ], [ 73.1277132, 28.1470148, 0.0 ], [ 73.1277184, 28.1467115, 0.0 ] ], [ [ 73.1276625, 28.1467107, 0.0 ], [ 73.1276856, 28.146711, 0.0 ], [ 73.1276803, 28.1470143, 0.0 ], [ 73.1276572, 28.147014, 0.0 ], [ 73.1276625, 28.1467107, 0.0 ] ], [ [ 73.127713, 28.1470232, 0.0 ], [ 73.1277361, 28.1470235, 0.0 ], [ 73.1277309, 28.1473268, 0.0 ], [ 73.1277077, 28.1473264, 0.0 ], [ 73.127713, 28.1470232, 0.0 ] ], [ [ 73.127657, 28.1470224, 0.0 ], [ 73.1276802, 28.1470227, 0.0 ], [ 73.1276749, 28.147326, 0.0 ], [ 73.1276518, 28.1473257, 0.0 ], [ 73.127657, 28.1470224, 0.0 ] ], [ [ 73.1275741, 28.1485683, 0.0 ], [ 73.1275973, 28.1485687, 0.0 ], [ 73.127592, 28.1488719, 0.0 ], [ 73.1275689, 28.1488716, 0.0 ], [ 73.1275741, 28.1485683, 0.0 ] ], [ [ 73.1275182, 28.1485676, 0.0 ], [ 73.1275413, 28.1485679, 0.0 ], [ 73.127536, 28.1488712, 0.0 ], [ 73.1275129, 28.1488708, 0.0 ], [ 73.1275182, 28.1485676, 0.0 ] ], [ [ 73.1275687, 28.14888, 0.0 ], [ 73.1275918, 28.1488803, 0.0 ], [ 73.1275866, 28.1491836, 0.0 ], [ 73.1275634, 28.1491833, 0.0 ], [ 73.1275687, 28.14888, 0.0 ] ], [ [ 73.1275127, 28.1488793, 0.0 ], [ 73.1275359, 28.1488796, 0.0 ], [ 73.1275306, 28.1491828, 0.0 ], [ 73.1275074, 28.1491825, 0.0 ], [ 73.1275127, 28.1488793, 0.0 ] ], [ [ 73.1275849, 28.1479489, 0.0 ], [ 73.127608, 28.1479492, 0.0 ], [ 73.1276028, 28.1482525, 0.0 ], [ 73.1275796, 28.1482521, 0.0 ], [ 73.1275849, 28.1479489, 0.0 ] ], [ [ 73.1275289, 28.1479481, 0.0 ], [ 73.1275521, 28.1479484, 0.0 ], [ 73.1275468, 28.1482517, 0.0 ], [ 73.1275237, 28.1482514, 0.0 ], [ 73.1275289, 28.1479481, 0.0 ] ], [ [ 73.1275795, 28.1482606, 0.0 ], [ 73.1276026, 28.1482609, 0.0 ], [ 73.1275973, 28.1485641, 0.0 ], [ 73.1275742, 28.1485638, 0.0 ], [ 73.1275795, 28.1482606, 0.0 ] ], [ [ 73.1275235, 28.1482598, 0.0 ], [ 73.1275466, 28.1482601, 0.0 ], [ 73.1275414, 28.1485634, 0.0 ], [ 73.1275182, 28.1485631, 0.0 ], [ 73.1275235, 28.1482598, 0.0 ] ], [ [ 73.1275957, 28.1473294, 0.0 ], [ 73.1276188, 28.1473297, 0.0 ], [ 73.1276135, 28.147633, 0.0 ], [ 73.1275904, 28.1476327, 0.0 ], [ 73.1275957, 28.1473294, 0.0 ] ], [ [ 73.1275397, 28.1473287, 0.0 ], [ 73.1275628, 28.147329, 0.0 ], [ 73.1275576, 28.1476322, 0.0 ], [ 73.1275344, 28.1476319, 0.0 ], [ 73.1275397, 28.1473287, 0.0 ] ], [ [ 73.1275903, 28.1476411, 0.0 ], [ 73.1276134, 28.1476414, 0.0 ], [ 73.1276081, 28.1479447, 0.0 ], [ 73.127585, 28.1479444, 0.0 ], [ 73.1275903, 28.1476411, 0.0 ] ], [ [ 73.1275343, 28.1476403, 0.0 ], [ 73.1275574, 28.1476407, 0.0 ], [ 73.1275521, 28.1479439, 0.0 ], [ 73.127529, 28.1479436, 0.0 ], [ 73.1275343, 28.1476403, 0.0 ] ], [ [ 73.1276065, 28.14671, 0.0 ], [ 73.1276296, 28.1467103, 0.0 ], [ 73.1276243, 28.1470135, 0.0 ], [ 73.1276012, 28.1470132, 0.0 ], [ 73.1276065, 28.14671, 0.0 ] ], [ [ 73.1275505, 28.1467092, 0.0 ], [ 73.1275736, 28.1467095, 0.0 ], [ 73.1275683, 28.1470128, 0.0 ], [ 73.1275452, 28.1470125, 0.0 ], [ 73.1275505, 28.1467092, 0.0 ] ], [ [ 73.127601, 28.1470216, 0.0 ], [ 73.1276242, 28.147022, 0.0 ], [ 73.1276189, 28.1473252, 0.0 ], [ 73.1275958, 28.1473249, 0.0 ], [ 73.127601, 28.1470216, 0.0 ] ], [ [ 73.1275451, 28.1470209, 0.0 ], [ 73.1275682, 28.1470212, 0.0 ], [ 73.1275629, 28.1473245, 0.0 ], [ 73.1275398, 28.1473241, 0.0 ], [ 73.1275451, 28.1470209, 0.0 ] ], [ [ 73.1274622, 28.1485668, 0.0 ], [ 73.1274853, 28.1485671, 0.0 ], [ 73.12748, 28.1488704, 0.0 ], [ 73.1274569, 28.1488701, 0.0 ], [ 73.1274622, 28.1485668, 0.0 ] ], [ [ 73.1274062, 28.148566, 0.0 ], [ 73.1274293, 28.1485664, 0.0 ], [ 73.127424, 28.1488696, 0.0 ], [ 73.1274009, 28.1488693, 0.0 ], [ 73.1274062, 28.148566, 0.0 ] ], [ [ 73.1274567, 28.1488785, 0.0 ], [ 73.1274799, 28.1488788, 0.0 ], [ 73.1274746, 28.1491821, 0.0 ], [ 73.1274515, 28.1491818, 0.0 ], [ 73.1274567, 28.1488785, 0.0 ] ], [ [ 73.1274008, 28.1488777, 0.0 ], [ 73.1274239, 28.148878, 0.0 ], [ 73.1274186, 28.1491813, 0.0 ], [ 73.1273955, 28.149181, 0.0 ], [ 73.1274008, 28.1488777, 0.0 ] ], [ [ 73.1274729, 28.1479474, 0.0 ], [ 73.1274961, 28.1479477, 0.0 ], [ 73.1274908, 28.1482509, 0.0 ], [ 73.1274677, 28.1482506, 0.0 ], [ 73.1274729, 28.1479474, 0.0 ] ], [ [ 73.127417, 28.1479466, 0.0 ], [ 73.1274401, 28.1479469, 0.0 ], [ 73.1274348, 28.1482502, 0.0 ], [ 73.1274117, 28.1482499, 0.0 ], [ 73.127417, 28.1479466, 0.0 ] ], [ [ 73.1274675, 28.148259, 0.0 ], [ 73.1274906, 28.1482594, 0.0 ], [ 73.1274854, 28.1485626, 0.0 ], [ 73.1274622, 28.1485623, 0.0 ], [ 73.1274675, 28.148259, 0.0 ] ], [ [ 73.1274115, 28.1482583, 0.0 ], [ 73.1274347, 28.1482586, 0.0 ], [ 73.1274294, 28.1485619, 0.0 ], [ 73.1274063, 28.1485615, 0.0 ], [ 73.1274115, 28.1482583, 0.0 ] ], [ [ 73.1274837, 28.1473279, 0.0 ], [ 73.1275068, 28.1473282, 0.0 ], [ 73.1275016, 28.1476315, 0.0 ], [ 73.1274784, 28.1476312, 0.0 ], [ 73.1274837, 28.1473279, 0.0 ] ], [ [ 73.1274277, 28.1473271, 0.0 ], [ 73.1274509, 28.1473274, 0.0 ], [ 73.1274456, 28.1476307, 0.0 ], [ 73.1274225, 28.1476304, 0.0 ], [ 73.1274277, 28.1473271, 0.0 ] ], [ [ 73.1274783, 28.1476396, 0.0 ], [ 73.1275014, 28.1476399, 0.0 ], [ 73.1274961, 28.1479432, 0.0 ], [ 73.127473, 28.1479428, 0.0 ], [ 73.1274783, 28.1476396, 0.0 ] ], [ [ 73.1274223, 28.1476388, 0.0 ], [ 73.1274454, 28.1476391, 0.0 ], [ 73.1274402, 28.1479424, 0.0 ], [ 73.127417, 28.1479421, 0.0 ], [ 73.1274223, 28.1476388, 0.0 ] ], [ [ 73.1274945, 28.1467084, 0.0 ], [ 73.1275176, 28.1467087, 0.0 ], [ 73.1275124, 28.147012, 0.0 ], [ 73.1274892, 28.1470117, 0.0 ], [ 73.1274945, 28.1467084, 0.0 ] ], [ [ 73.1274385, 28.1467077, 0.0 ], [ 73.1274616, 28.146708, 0.0 ], [ 73.1274564, 28.1470112, 0.0 ], [ 73.1274332, 28.1470109, 0.0 ], [ 73.1274385, 28.1467077, 0.0 ] ], [ [ 73.1274891, 28.1470201, 0.0 ], [ 73.1275122, 28.1470204, 0.0 ], [ 73.1275069, 28.1473237, 0.0 ], [ 73.1274838, 28.1473234, 0.0 ], [ 73.1274891, 28.1470201, 0.0 ] ], [ [ 73.1274331, 28.1470194, 0.0 ], [ 73.1274562, 28.1470197, 0.0 ], [ 73.1274509, 28.1473229, 0.0 ], [ 73.1274278, 28.1473226, 0.0 ], [ 73.1274331, 28.1470194, 0.0 ] ], [ [ 73.1273502, 28.1485653, 0.0 ], [ 73.1273733, 28.1485656, 0.0 ], [ 73.127368, 28.1488689, 0.0 ], [ 73.1273449, 28.1488685, 0.0 ], [ 73.1273502, 28.1485653, 0.0 ] ], [ [ 73.1272942, 28.1485645, 0.0 ], [ 73.1273173, 28.1485648, 0.0 ], [ 73.1273121, 28.1488681, 0.0 ], [ 73.1272889, 28.1488678, 0.0 ], [ 73.1272942, 28.1485645, 0.0 ] ], [ [ 73.1273448, 28.148877, 0.0 ], [ 73.1273679, 28.1488773, 0.0 ], [ 73.1273626, 28.1491805, 0.0 ], [ 73.1273395, 28.1491802, 0.0 ], [ 73.1273448, 28.148877, 0.0 ] ], [ [ 73.1272888, 28.1488762, 0.0 ], [ 73.1273119, 28.1488765, 0.0 ], [ 73.1273066, 28.1491798, 0.0 ], [ 73.1272835, 28.1491795, 0.0 ], [ 73.1272888, 28.1488762, 0.0 ] ], [ [ 73.127361, 28.1479458, 0.0 ], [ 73.1273841, 28.1479461, 0.0 ], [ 73.1273788, 28.1482494, 0.0 ], [ 73.1273557, 28.1482491, 0.0 ], [ 73.127361, 28.1479458, 0.0 ] ], [ [ 73.127305, 28.1479451, 0.0 ], [ 73.1273281, 28.1479454, 0.0 ], [ 73.1273228, 28.1482486, 0.0 ], [ 73.1272997, 28.1482483, 0.0 ], [ 73.127305, 28.1479451, 0.0 ] ], [ [ 73.1273556, 28.1482575, 0.0 ], [ 73.1273787, 28.1482578, 0.0 ], [ 73.1273734, 28.1485611, 0.0 ], [ 73.1273503, 28.1485608, 0.0 ], [ 73.1273556, 28.1482575, 0.0 ] ], [ [ 73.1272996, 28.1482567, 0.0 ], [ 73.1273227, 28.1482571, 0.0 ], [ 73.1273174, 28.1485603, 0.0 ], [ 73.1272943, 28.14856, 0.0 ], [ 73.1272996, 28.1482567, 0.0 ] ], [ [ 73.1273718, 28.1473264, 0.0 ], [ 73.1273949, 28.1473267, 0.0 ], [ 73.1273896, 28.1476299, 0.0 ], [ 73.1273665, 28.1476296, 0.0 ], [ 73.1273718, 28.1473264, 0.0 ] ], [ [ 73.1273158, 28.1473256, 0.0 ], [ 73.1273389, 28.1473259, 0.0 ], [ 73.1273336, 28.1476292, 0.0 ], [ 73.1273105, 28.1476289, 0.0 ], [ 73.1273158, 28.1473256, 0.0 ] ], [ [ 73.1273663, 28.147638, 0.0 ], [ 73.1273895, 28.1476384, 0.0 ], [ 73.1273842, 28.1479416, 0.0 ], [ 73.1273611, 28.1479413, 0.0 ], [ 73.1273663, 28.147638, 0.0 ] ], [ [ 73.1273103, 28.1476373, 0.0 ], [ 73.1273335, 28.1476376, 0.0 ], [ 73.1273282, 28.1479409, 0.0 ], [ 73.1273051, 28.1479405, 0.0 ], [ 73.1273103, 28.1476373, 0.0 ] ], [ [ 73.1273825, 28.1467069, 0.0 ], [ 73.1274057, 28.1467072, 0.0 ], [ 73.1274004, 28.1470105, 0.0 ], [ 73.1273773, 28.1470102, 0.0 ], [ 73.1273825, 28.1467069, 0.0 ] ], [ [ 73.1273265, 28.1467061, 0.0 ], [ 73.1273497, 28.1467065, 0.0 ], [ 73.1273444, 28.1470097, 0.0 ], [ 73.1273213, 28.1470094, 0.0 ], [ 73.1273265, 28.1467061, 0.0 ] ], [ [ 73.1273771, 28.1470186, 0.0 ], [ 73.1274002, 28.1470189, 0.0 ], [ 73.127395, 28.1473222, 0.0 ], [ 73.1273718, 28.1473219, 0.0 ], [ 73.1273771, 28.1470186, 0.0 ] ], [ [ 73.1273211, 28.1470178, 0.0 ], [ 73.1273443, 28.1470181, 0.0 ], [ 73.127339, 28.1473214, 0.0 ], [ 73.1273158, 28.1473211, 0.0 ], [ 73.1273211, 28.1470178, 0.0 ] ], [ [ 73.1272382, 28.1485638, 0.0 ], [ 73.1272614, 28.1485641, 0.0 ], [ 73.1272561, 28.1488673, 0.0 ], [ 73.1272329, 28.148867, 0.0 ], [ 73.1272382, 28.1485638, 0.0 ] ], [ [ 73.1271822, 28.148563, 0.0 ], [ 73.1272054, 28.1485633, 0.0 ], [ 73.1272001, 28.1488666, 0.0 ], [ 73.127177, 28.1488663, 0.0 ], [ 73.1271822, 28.148563, 0.0 ] ], [ [ 73.1272328, 28.1488754, 0.0 ], [ 73.1272559, 28.1488758, 0.0 ], [ 73.1272506, 28.149179, 0.0 ], [ 73.1272275, 28.1491787, 0.0 ], [ 73.1272328, 28.1488754, 0.0 ] ], [ [ 73.1271768, 28.1488747, 0.0 ], [ 73.1271999, 28.148875, 0.0 ], [ 73.1271947, 28.1491782, 0.0 ], [ 73.1271715, 28.1491779, 0.0 ], [ 73.1271768, 28.1488747, 0.0 ] ], [ [ 73.127249, 28.1479443, 0.0 ], [ 73.1272721, 28.1479446, 0.0 ], [ 73.1272669, 28.1482479, 0.0 ], [ 73.1272437, 28.1482476, 0.0 ], [ 73.127249, 28.1479443, 0.0 ] ], [ [ 73.127193, 28.1479435, 0.0 ], [ 73.1272161, 28.1479438, 0.0 ], [ 73.1272109, 28.1482471, 0.0 ], [ 73.1271877, 28.1482468, 0.0 ], [ 73.127193, 28.1479435, 0.0 ] ], [ [ 73.1272436, 28.148256, 0.0 ], [ 73.1272667, 28.1482563, 0.0 ], [ 73.1272614, 28.1485596, 0.0 ], [ 73.1272383, 28.1485592, 0.0 ], [ 73.1272436, 28.148256, 0.0 ] ], [ [ 73.1271876, 28.1482552, 0.0 ], [ 73.1272107, 28.1482555, 0.0 ], [ 73.1272054, 28.1485588, 0.0 ], [ 73.1271823, 28.1485585, 0.0 ], [ 73.1271876, 28.1482552, 0.0 ] ], [ [ 73.1272598, 28.1473248, 0.0 ], [ 73.1272829, 28.1473251, 0.0 ], [ 73.1272776, 28.1476284, 0.0 ], [ 73.1272545, 28.1476281, 0.0 ], [ 73.1272598, 28.1473248, 0.0 ] ], [ [ 73.1272038, 28.1473241, 0.0 ], [ 73.1272269, 28.1473244, 0.0 ], [ 73.1272216, 28.1476276, 0.0 ], [ 73.1271985, 28.1476273, 0.0 ], [ 73.1272038, 28.1473241, 0.0 ] ], [ [ 73.1272544, 28.1476365, 0.0 ], [ 73.1272775, 28.1476368, 0.0 ], [ 73.1272722, 28.1479401, 0.0 ], [ 73.1272491, 28.1479398, 0.0 ], [ 73.1272544, 28.1476365, 0.0 ] ], [ [ 73.1271984, 28.1476357, 0.0 ], [ 73.1272215, 28.1476361, 0.0 ], [ 73.1272162, 28.1479393, 0.0 ], [ 73.1271931, 28.147939, 0.0 ], [ 73.1271984, 28.1476357, 0.0 ] ], [ [ 73.1272706, 28.1467054, 0.0 ], [ 73.1272937, 28.1467057, 0.0 ], [ 73.1272884, 28.147009, 0.0 ], [ 73.1272653, 28.1470086, 0.0 ], [ 73.1272706, 28.1467054, 0.0 ] ], [ [ 73.1272146, 28.1467046, 0.0 ], [ 73.1272377, 28.1467049, 0.0 ], [ 73.1272324, 28.1470082, 0.0 ], [ 73.1272093, 28.1470079, 0.0 ], [ 73.1272146, 28.1467046, 0.0 ] ], [ [ 73.1272651, 28.1470171, 0.0 ], [ 73.1272883, 28.1470174, 0.0 ], [ 73.127283, 28.1473206, 0.0 ], [ 73.1272599, 28.1473203, 0.0 ], [ 73.1272651, 28.1470171, 0.0 ] ], [ [ 73.1272092, 28.1470163, 0.0 ], [ 73.1272323, 28.1470166, 0.0 ], [ 73.127227, 28.1473199, 0.0 ], [ 73.1272039, 28.1473196, 0.0 ], [ 73.1272092, 28.1470163, 0.0 ] ], [ [ 73.1271263, 28.1485622, 0.0 ], [ 73.1271494, 28.1485625, 0.0 ], [ 73.1271441, 28.1488658, 0.0 ], [ 73.127121, 28.1488655, 0.0 ], [ 73.1271263, 28.1485622, 0.0 ] ], [ [ 73.1270703, 28.1485615, 0.0 ], [ 73.1270934, 28.1485618, 0.0 ], [ 73.1270881, 28.148865, 0.0 ], [ 73.127065, 28.1488647, 0.0 ], [ 73.1270703, 28.1485615, 0.0 ] ], [ [ 73.1271208, 28.1488739, 0.0 ], [ 73.127144, 28.1488742, 0.0 ], [ 73.1271387, 28.1491775, 0.0 ], [ 73.1271155, 28.1491772, 0.0 ], [ 73.1271208, 28.1488739, 0.0 ] ], [ [ 73.1270648, 28.1488731, 0.0 ], [ 73.127088, 28.1488735, 0.0 ], [ 73.1270827, 28.1491767, 0.0 ], [ 73.1270596, 28.1491764, 0.0 ], [ 73.1270648, 28.1488731, 0.0 ] ], [ [ 73.127137, 28.1479428, 0.0 ], [ 73.1271602, 28.1479431, 0.0 ], [ 73.1271549, 28.1482463, 0.0 ], [ 73.1271318, 28.148246, 0.0 ], [ 73.127137, 28.1479428, 0.0 ] ], [ [ 73.127081, 28.147942, 0.0 ], [ 73.1271042, 28.1479423, 0.0 ], [ 73.1270989, 28.1482456, 0.0 ], [ 73.1270758, 28.1482453, 0.0 ], [ 73.127081, 28.147942, 0.0 ] ], [ [ 73.1271316, 28.1482544, 0.0 ], [ 73.1271547, 28.1482548, 0.0 ], [ 73.1271495, 28.148558, 0.0 ], [ 73.1271263, 28.1485577, 0.0 ], [ 73.1271316, 28.1482544, 0.0 ] ], [ [ 73.1270756, 28.1482537, 0.0 ], [ 73.1270988, 28.148254, 0.0 ], [ 73.1270935, 28.1485573, 0.0 ], [ 73.1270703, 28.1485569, 0.0 ], [ 73.1270756, 28.1482537, 0.0 ] ], [ [ 73.1271478, 28.1473233, 0.0 ], [ 73.1271709, 28.1473236, 0.0 ], [ 73.1271657, 28.1476269, 0.0 ], [ 73.1271425, 28.1476266, 0.0 ], [ 73.1271478, 28.1473233, 0.0 ] ], [ [ 73.1270918, 28.1473225, 0.0 ], [ 73.127115, 28.1473229, 0.0 ], [ 73.1271097, 28.1476261, 0.0 ], [ 73.1270866, 28.1476258, 0.0 ], [ 73.1270918, 28.1473225, 0.0 ] ], [ [ 73.1271424, 28.147635, 0.0 ], [ 73.1271655, 28.1476353, 0.0 ], [ 73.1271602, 28.1479386, 0.0 ], [ 73.1271371, 28.1479382, 0.0 ], [ 73.1271424, 28.147635, 0.0 ] ], [ [ 73.1270864, 28.1476342, 0.0 ], [ 73.1271095, 28.1476345, 0.0 ], [ 73.1271043, 28.1479378, 0.0 ], [ 73.1270811, 28.1479375, 0.0 ], [ 73.1270864, 28.1476342, 0.0 ] ], [ [ 73.1271586, 28.1467038, 0.0 ], [ 73.1271817, 28.1467042, 0.0 ], [ 73.1271764, 28.1470074, 0.0 ], [ 73.1271533, 28.1470071, 0.0 ], [ 73.1271586, 28.1467038, 0.0 ] ], [ [ 73.1271026, 28.1467031, 0.0 ], [ 73.1271257, 28.1467034, 0.0 ], [ 73.1271205, 28.1470067, 0.0 ], [ 73.1270973, 28.1470063, 0.0 ], [ 73.1271026, 28.1467031, 0.0 ] ], [ [ 73.1271532, 28.1470155, 0.0 ], [ 73.1271763, 28.1470158, 0.0 ], [ 73.127171, 28.1473191, 0.0 ], [ 73.1271479, 28.1473188, 0.0 ], [ 73.1271532, 28.1470155, 0.0 ] ], [ [ 73.1270972, 28.1470148, 0.0 ], [ 73.1271203, 28.1470151, 0.0 ], [ 73.127115, 28.1473183, 0.0 ], [ 73.1270919, 28.147318, 0.0 ], [ 73.1270972, 28.1470148, 0.0 ] ], [ [ 73.1271802, 28.1454649, 0.0 ], [ 73.1272033, 28.1454652, 0.0 ], [ 73.127198, 28.1457685, 0.0 ], [ 73.1271749, 28.1457682, 0.0 ], [ 73.1271802, 28.1454649, 0.0 ] ], [ [ 73.1271242, 28.1454642, 0.0 ], [ 73.1271473, 28.1454645, 0.0 ], [ 73.127142, 28.1457677, 0.0 ], [ 73.1271189, 28.1457674, 0.0 ], [ 73.1271242, 28.1454642, 0.0 ] ], [ [ 73.1271747, 28.1457766, 0.0 ], [ 73.1271979, 28.1457769, 0.0 ], [ 73.1271926, 28.1460802, 0.0 ], [ 73.1271695, 28.1460799, 0.0 ], [ 73.1271747, 28.1457766, 0.0 ] ], [ [ 73.1271187, 28.1457758, 0.0 ], [ 73.1271419, 28.1457762, 0.0 ], [ 73.1271366, 28.1460794, 0.0 ], [ 73.1271135, 28.1460791, 0.0 ], [ 73.1271187, 28.1457758, 0.0 ] ], [ [ 73.1270143, 28.1485607, 0.0 ], [ 73.1270374, 28.148561, 0.0 ], [ 73.1270321, 28.1488643, 0.0 ], [ 73.127009, 28.148864, 0.0 ], [ 73.1270143, 28.1485607, 0.0 ] ], [ [ 73.1269583, 28.1485599, 0.0 ], [ 73.1269814, 28.1485602, 0.0 ], [ 73.1269761, 28.1488635, 0.0 ], [ 73.126953, 28.1488632, 0.0 ], [ 73.1269583, 28.1485599, 0.0 ] ], [ [ 73.1270089, 28.1488724, 0.0 ], [ 73.127032, 28.1488727, 0.0 ], [ 73.1270267, 28.149176, 0.0 ], [ 73.1270036, 28.1491756, 0.0 ], [ 73.1270089, 28.1488724, 0.0 ] ], [ [ 73.1269529, 28.1488716, 0.0 ], [ 73.126976, 28.1488719, 0.0 ], [ 73.1269707, 28.1491752, 0.0 ], [ 73.1269476, 28.1491749, 0.0 ], [ 73.1269529, 28.1488716, 0.0 ] ], [ [ 73.1270251, 28.1479412, 0.0 ], [ 73.1270482, 28.1479415, 0.0 ], [ 73.1270429, 28.1482448, 0.0 ], [ 73.1270198, 28.1482445, 0.0 ], [ 73.1270251, 28.1479412, 0.0 ] ], [ [ 73.1269691, 28.1479405, 0.0 ], [ 73.1269922, 28.1479408, 0.0 ], [ 73.1269869, 28.148244, 0.0 ], [ 73.1269638, 28.1482437, 0.0 ], [ 73.1269691, 28.1479405, 0.0 ] ], [ [ 73.1270196, 28.1482529, 0.0 ], [ 73.1270428, 28.1482532, 0.0 ], [ 73.1270375, 28.1485565, 0.0 ], [ 73.1270144, 28.1485562, 0.0 ], [ 73.1270196, 28.1482529, 0.0 ] ], [ [ 73.1269637, 28.1482521, 0.0 ], [ 73.1269868, 28.1482525, 0.0 ], [ 73.1269815, 28.1485557, 0.0 ], [ 73.1269584, 28.1485554, 0.0 ], [ 73.1269637, 28.1482521, 0.0 ] ], [ [ 73.1270358, 28.1473218, 0.0 ], [ 73.127059, 28.1473221, 0.0 ], [ 73.1270537, 28.1476254, 0.0 ], [ 73.1270306, 28.147625, 0.0 ], [ 73.1270358, 28.1473218, 0.0 ] ], [ [ 73.1269799, 28.147321, 0.0 ], [ 73.127003, 28.1473213, 0.0 ], [ 73.1269977, 28.1476246, 0.0 ], [ 73.1269746, 28.1476243, 0.0 ], [ 73.1269799, 28.147321, 0.0 ] ], [ [ 73.1270304, 28.1476335, 0.0 ], [ 73.1270535, 28.1476338, 0.0 ], [ 73.1270483, 28.147937, 0.0 ], [ 73.1270251, 28.1479367, 0.0 ], [ 73.1270304, 28.1476335, 0.0 ] ], [ [ 73.1269744, 28.1476327, 0.0 ], [ 73.1269976, 28.147633, 0.0 ], [ 73.1269923, 28.1479363, 0.0 ], [ 73.1269692, 28.147936, 0.0 ], [ 73.1269744, 28.1476327, 0.0 ] ], [ [ 73.1270466, 28.1467023, 0.0 ], [ 73.1270698, 28.1467026, 0.0 ], [ 73.1270645, 28.1470059, 0.0 ], [ 73.1270413, 28.1470056, 0.0 ], [ 73.1270466, 28.1467023, 0.0 ] ], [ [ 73.1269906, 28.1467015, 0.0 ], [ 73.1270138, 28.1467019, 0.0 ], [ 73.1270085, 28.1470051, 0.0 ], [ 73.1269854, 28.1470048, 0.0 ], [ 73.1269906, 28.1467015, 0.0 ] ], [ [ 73.1270412, 28.147014, 0.0 ], [ 73.1270643, 28.1470143, 0.0 ], [ 73.1270591, 28.1473176, 0.0 ], [ 73.1270359, 28.1473173, 0.0 ], [ 73.1270412, 28.147014, 0.0 ] ], [ [ 73.1269852, 28.1470132, 0.0 ], [ 73.1270083, 28.1470135, 0.0 ], [ 73.1270031, 28.1473168, 0.0 ], [ 73.1269799, 28.1473165, 0.0 ], [ 73.1269852, 28.1470132, 0.0 ] ], [ [ 73.1270574, 28.1460829, 0.0 ], [ 73.1270805, 28.1460832, 0.0 ], [ 73.1270753, 28.1463864, 0.0 ], [ 73.1270521, 28.1463861, 0.0 ], [ 73.1270574, 28.1460829, 0.0 ] ], [ [ 73.1270014, 28.1460821, 0.0 ], [ 73.1270245, 28.1460824, 0.0 ], [ 73.1270193, 28.1463857, 0.0 ], [ 73.1269961, 28.1463854, 0.0 ], [ 73.1270014, 28.1460821, 0.0 ] ], [ [ 73.127052, 28.1463945, 0.0 ], [ 73.1270751, 28.1463949, 0.0 ], [ 73.1270698, 28.1466981, 0.0 ], [ 73.1270467, 28.1466978, 0.0 ], [ 73.127052, 28.1463945, 0.0 ] ], [ [ 73.126996, 28.1463938, 0.0 ], [ 73.1270191, 28.1463941, 0.0 ], [ 73.1270138, 28.1466974, 0.0 ], [ 73.1269907, 28.146697, 0.0 ], [ 73.126996, 28.1463938, 0.0 ] ], [ [ 73.1270682, 28.1454634, 0.0 ], [ 73.1270913, 28.1454637, 0.0 ], [ 73.127086, 28.145767, 0.0 ], [ 73.1270629, 28.1457667, 0.0 ], [ 73.1270682, 28.1454634, 0.0 ] ], [ [ 73.1270122, 28.1454626, 0.0 ], [ 73.1270353, 28.1454629, 0.0 ], [ 73.1270301, 28.1457662, 0.0 ], [ 73.1270069, 28.1457659, 0.0 ], [ 73.1270122, 28.1454626, 0.0 ] ], [ [ 73.1270628, 28.1457751, 0.0 ], [ 73.1270859, 28.1457754, 0.0 ], [ 73.1270806, 28.1460787, 0.0 ], [ 73.1270575, 28.1460783, 0.0 ], [ 73.1270628, 28.1457751, 0.0 ] ], [ [ 73.1270068, 28.1457743, 0.0 ], [ 73.1270299, 28.1457746, 0.0 ], [ 73.1270246, 28.1460779, 0.0 ], [ 73.1270015, 28.1460776, 0.0 ], [ 73.1270068, 28.1457743, 0.0 ] ], [ [ 73.1269023, 28.1485592, 0.0 ], [ 73.1269254, 28.1485595, 0.0 ], [ 73.1269202, 28.1488627, 0.0 ], [ 73.126897, 28.1488624, 0.0 ], [ 73.1269023, 28.1485592, 0.0 ] ], [ [ 73.1268463, 28.1485584, 0.0 ], [ 73.1268695, 28.1485587, 0.0 ], [ 73.1268642, 28.148862, 0.0 ], [ 73.126841, 28.1488617, 0.0 ], [ 73.1268463, 28.1485584, 0.0 ] ], [ [ 73.1268969, 28.1488708, 0.0 ], [ 73.12692, 28.1488712, 0.0 ], [ 73.1269147, 28.1491744, 0.0 ], [ 73.1268916, 28.1491741, 0.0 ], [ 73.1268969, 28.1488708, 0.0 ] ], [ [ 73.1268409, 28.1488701, 0.0 ], [ 73.126864, 28.1488704, 0.0 ], [ 73.1268587, 28.1491737, 0.0 ], [ 73.1268356, 28.1491733, 0.0 ], [ 73.1268409, 28.1488701, 0.0 ] ], [ [ 73.1269131, 28.1479397, 0.0 ], [ 73.1269362, 28.14794, 0.0 ], [ 73.1269309, 28.1482433, 0.0 ], [ 73.1269078, 28.148243, 0.0 ], [ 73.1269131, 28.1479397, 0.0 ] ], [ [ 73.1268571, 28.1479389, 0.0 ], [ 73.1268802, 28.1479392, 0.0 ], [ 73.126875, 28.1482425, 0.0 ], [ 73.1268518, 28.1482422, 0.0 ], [ 73.1268571, 28.1479389, 0.0 ] ], [ [ 73.1269077, 28.1482514, 0.0 ], [ 73.1269308, 28.1482517, 0.0 ], [ 73.1269255, 28.148555, 0.0 ], [ 73.1269024, 28.1485546, 0.0 ], [ 73.1269077, 28.1482514, 0.0 ] ], [ [ 73.1268517, 28.1482506, 0.0 ], [ 73.1268748, 28.1482509, 0.0 ], [ 73.1268695, 28.1485542, 0.0 ], [ 73.1268464, 28.1485539, 0.0 ], [ 73.1268517, 28.1482506, 0.0 ] ], [ [ 73.1269239, 28.1473202, 0.0 ], [ 73.126947, 28.1473206, 0.0 ], [ 73.1269417, 28.1476238, 0.0 ], [ 73.1269186, 28.1476235, 0.0 ], [ 73.1269239, 28.1473202, 0.0 ] ], [ [ 73.1268679, 28.1473195, 0.0 ], [ 73.126891, 28.1473198, 0.0 ], [ 73.1268857, 28.1476231, 0.0 ], [ 73.1268626, 28.1476227, 0.0 ], [ 73.1268679, 28.1473195, 0.0 ] ], [ [ 73.1269185, 28.1476319, 0.0 ], [ 73.1269416, 28.1476322, 0.0 ], [ 73.1269363, 28.1479355, 0.0 ], [ 73.1269132, 28.1479352, 0.0 ], [ 73.1269185, 28.1476319, 0.0 ] ], [ [ 73.1268625, 28.1476312, 0.0 ], [ 73.1268856, 28.1476315, 0.0 ], [ 73.1268803, 28.1479347, 0.0 ], [ 73.1268572, 28.1479344, 0.0 ], [ 73.1268625, 28.1476312, 0.0 ] ], [ [ 73.1269347, 28.1467008, 0.0 ], [ 73.1269578, 28.1467011, 0.0 ], [ 73.1269525, 28.1470044, 0.0 ], [ 73.1269294, 28.147004, 0.0 ], [ 73.1269347, 28.1467008, 0.0 ] ], [ [ 73.1268787, 28.1467, 0.0 ], [ 73.1269018, 28.1467003, 0.0 ], [ 73.1268965, 28.1470036, 0.0 ], [ 73.1268734, 28.1470033, 0.0 ], [ 73.1268787, 28.1467, 0.0 ] ], [ [ 73.1269292, 28.1470125, 0.0 ], [ 73.1269524, 28.1470128, 0.0 ], [ 73.1269471, 28.147316, 0.0 ], [ 73.126924, 28.1473157, 0.0 ], [ 73.1269292, 28.1470125, 0.0 ] ], [ [ 73.1268732, 28.1470117, 0.0 ], [ 73.1268964, 28.147012, 0.0 ], [ 73.1268911, 28.1473153, 0.0 ], [ 73.126868, 28.147315, 0.0 ], [ 73.1268732, 28.1470117, 0.0 ] ], [ [ 73.1269454, 28.1460813, 0.0 ], [ 73.1269686, 28.1460816, 0.0 ], [ 73.1269633, 28.1463849, 0.0 ], [ 73.1269402, 28.1463846, 0.0 ], [ 73.1269454, 28.1460813, 0.0 ] ], [ [ 73.1268895, 28.1460806, 0.0 ], [ 73.1269126, 28.1460809, 0.0 ], [ 73.1269073, 28.1463841, 0.0 ], [ 73.1268842, 28.1463838, 0.0 ], [ 73.1268895, 28.1460806, 0.0 ] ], [ [ 73.12694, 28.146393, 0.0 ], [ 73.1269631, 28.1463933, 0.0 ], [ 73.1269579, 28.1466966, 0.0 ], [ 73.1269347, 28.1466963, 0.0 ], [ 73.12694, 28.146393, 0.0 ] ], [ [ 73.126884, 28.1463922, 0.0 ], [ 73.1269072, 28.1463926, 0.0 ], [ 73.1269019, 28.1466958, 0.0 ], [ 73.1268788, 28.1466955, 0.0 ], [ 73.126884, 28.1463922, 0.0 ] ], [ [ 73.1269562, 28.1454619, 0.0 ], [ 73.1269793, 28.1454622, 0.0 ], [ 73.1269741, 28.1457654, 0.0 ], [ 73.1269509, 28.1457651, 0.0 ], [ 73.1269562, 28.1454619, 0.0 ] ], [ [ 73.1269002, 28.1454611, 0.0 ], [ 73.1269234, 28.1454614, 0.0 ], [ 73.1269181, 28.1457647, 0.0 ], [ 73.126895, 28.1457644, 0.0 ], [ 73.1269002, 28.1454611, 0.0 ] ], [ [ 73.1269508, 28.1457735, 0.0 ], [ 73.1269739, 28.1457739, 0.0 ], [ 73.1269686, 28.1460771, 0.0 ], [ 73.1269455, 28.1460768, 0.0 ], [ 73.1269508, 28.1457735, 0.0 ] ], [ [ 73.1268948, 28.1457728, 0.0 ], [ 73.1269179, 28.1457731, 0.0 ], [ 73.1269127, 28.1460764, 0.0 ], [ 73.1268895, 28.146076, 0.0 ], [ 73.1268948, 28.1457728, 0.0 ] ], [ [ 73.1267903, 28.1485576, 0.0 ], [ 73.1268135, 28.1485579, 0.0 ], [ 73.1268082, 28.1488612, 0.0 ], [ 73.1267851, 28.1488609, 0.0 ], [ 73.1267903, 28.1485576, 0.0 ] ], [ [ 73.1267344, 28.1485569, 0.0 ], [ 73.1267575, 28.1485572, 0.0 ], [ 73.1267522, 28.1488604, 0.0 ], [ 73.1267291, 28.1488601, 0.0 ], [ 73.1267344, 28.1485569, 0.0 ] ], [ [ 73.1267849, 28.1488693, 0.0 ], [ 73.126808, 28.1488696, 0.0 ], [ 73.1268028, 28.1491729, 0.0 ], [ 73.1267796, 28.1491726, 0.0 ], [ 73.1267849, 28.1488693, 0.0 ] ], [ [ 73.1267289, 28.1488685, 0.0 ], [ 73.1267521, 28.1488689, 0.0 ], [ 73.1267468, 28.1491721, 0.0 ], [ 73.1267237, 28.1491718, 0.0 ], [ 73.1267289, 28.1488685, 0.0 ] ], [ [ 73.1268011, 28.1479382, 0.0 ], [ 73.1268243, 28.1479385, 0.0 ], [ 73.126819, 28.1482417, 0.0 ], [ 73.1267958, 28.1482414, 0.0 ], [ 73.1268011, 28.1479382, 0.0 ] ], [ [ 73.1267451, 28.1479374, 0.0 ], [ 73.1267683, 28.1479377, 0.0 ], [ 73.126763, 28.148241, 0.0 ], [ 73.1267399, 28.1482407, 0.0 ], [ 73.1267451, 28.1479374, 0.0 ] ], [ [ 73.1267957, 28.1482499, 0.0 ], [ 73.1268188, 28.1482502, 0.0 ], [ 73.1268135, 28.1485534, 0.0 ], [ 73.1267904, 28.1485531, 0.0 ], [ 73.1267957, 28.1482499, 0.0 ] ], [ [ 73.1267397, 28.1482491, 0.0 ], [ 73.1267628, 28.1482494, 0.0 ], [ 73.1267576, 28.1485527, 0.0 ], [ 73.1267344, 28.1485523, 0.0 ], [ 73.1267397, 28.1482491, 0.0 ] ], [ [ 73.1268119, 28.1473187, 0.0 ], [ 73.126835, 28.147319, 0.0 ], [ 73.1268298, 28.1476223, 0.0 ], [ 73.1268066, 28.147622, 0.0 ], [ 73.1268119, 28.1473187, 0.0 ] ], [ [ 73.1267559, 28.1473179, 0.0 ], [ 73.126779, 28.1473183, 0.0 ], [ 73.1267738, 28.1476215, 0.0 ], [ 73.1267506, 28.1476212, 0.0 ], [ 73.1267559, 28.1473179, 0.0 ] ], [ [ 73.1268065, 28.1476304, 0.0 ], [ 73.1268296, 28.1476307, 0.0 ], [ 73.1268243, 28.147934, 0.0 ], [ 73.1268012, 28.1479337, 0.0 ], [ 73.1268065, 28.1476304, 0.0 ] ], [ [ 73.1267505, 28.1476296, 0.0 ], [ 73.1267736, 28.1476299, 0.0 ], [ 73.1267683, 28.1479332, 0.0 ], [ 73.1267452, 28.1479329, 0.0 ], [ 73.1267505, 28.1476296, 0.0 ] ], [ [ 73.1268227, 28.1466992, 0.0 ], [ 73.1268458, 28.1466996, 0.0 ], [ 73.1268405, 28.1470028, 0.0 ], [ 73.1268174, 28.1470025, 0.0 ], [ 73.1268227, 28.1466992, 0.0 ] ], [ [ 73.1267667, 28.1466985, 0.0 ], [ 73.1267898, 28.1466988, 0.0 ], [ 73.1267846, 28.1470021, 0.0 ], [ 73.1267614, 28.1470017, 0.0 ], [ 73.1267667, 28.1466985, 0.0 ] ], [ [ 73.1268173, 28.1470109, 0.0 ], [ 73.1268404, 28.1470112, 0.0 ], [ 73.1268351, 28.1473145, 0.0 ], [ 73.126812, 28.1473142, 0.0 ], [ 73.1268173, 28.1470109, 0.0 ] ], [ [ 73.1267613, 28.1470102, 0.0 ], [ 73.1267844, 28.1470105, 0.0 ], [ 73.1267791, 28.1473137, 0.0 ], [ 73.126756, 28.1473134, 0.0 ], [ 73.1267613, 28.1470102, 0.0 ] ], [ [ 73.1268335, 28.1460798, 0.0 ], [ 73.1268566, 28.1460801, 0.0 ], [ 73.1268513, 28.1463834, 0.0 ], [ 73.1268282, 28.1463831, 0.0 ], [ 73.1268335, 28.1460798, 0.0 ] ], [ [ 73.1267775, 28.146079, 0.0 ], [ 73.1268006, 28.1460793, 0.0 ], [ 73.1267953, 28.1463826, 0.0 ], [ 73.1267722, 28.1463823, 0.0 ], [ 73.1267775, 28.146079, 0.0 ] ], [ [ 73.126828, 28.1463915, 0.0 ], [ 73.1268512, 28.1463918, 0.0 ], [ 73.1268459, 28.1466951, 0.0 ], [ 73.1268228, 28.1466947, 0.0 ], [ 73.126828, 28.1463915, 0.0 ] ], [ [ 73.1267721, 28.1463907, 0.0 ], [ 73.1267952, 28.146391, 0.0 ], [ 73.1267899, 28.1466943, 0.0 ], [ 73.1267668, 28.146694, 0.0 ], [ 73.1267721, 28.1463907, 0.0 ] ], [ [ 73.1268443, 28.1454603, 0.0 ], [ 73.1268674, 28.1454606, 0.0 ], [ 73.1268621, 28.1457639, 0.0 ], [ 73.126839, 28.1457636, 0.0 ], [ 73.1268443, 28.1454603, 0.0 ] ], [ [ 73.1267883, 28.1454596, 0.0 ], [ 73.1268114, 28.1454599, 0.0 ], [ 73.1268061, 28.1457631, 0.0 ], [ 73.126783, 28.1457628, 0.0 ], [ 73.1267883, 28.1454596, 0.0 ] ], [ [ 73.1268388, 28.145772, 0.0 ], [ 73.126862, 28.1457723, 0.0 ], [ 73.1268567, 28.1460756, 0.0 ], [ 73.1268335, 28.1460753, 0.0 ], [ 73.1268388, 28.145772, 0.0 ] ], [ [ 73.1267828, 28.1457712, 0.0 ], [ 73.126806, 28.1457716, 0.0 ], [ 73.1268007, 28.1460748, 0.0 ], [ 73.1267776, 28.1460745, 0.0 ], [ 73.1267828, 28.1457712, 0.0 ] ], [ [ 73.1266784, 28.1485561, 0.0 ], [ 73.1267015, 28.1485564, 0.0 ], [ 73.1266962, 28.1488597, 0.0 ], [ 73.1266731, 28.1488594, 0.0 ], [ 73.1266784, 28.1485561, 0.0 ] ], [ [ 73.1266224, 28.1485553, 0.0 ], [ 73.1266455, 28.1485556, 0.0 ], [ 73.1266402, 28.1488589, 0.0 ], [ 73.1266171, 28.1488586, 0.0 ], [ 73.1266224, 28.1485553, 0.0 ] ], [ [ 73.1266729, 28.1488678, 0.0 ], [ 73.1266961, 28.1488681, 0.0 ], [ 73.1266908, 28.1491714, 0.0 ], [ 73.1266677, 28.149171, 0.0 ], [ 73.1266729, 28.1488678, 0.0 ] ], [ [ 73.126617, 28.148867, 0.0 ], [ 73.1266401, 28.1488673, 0.0 ], [ 73.1266348, 28.1491706, 0.0 ], [ 73.1266117, 28.1491703, 0.0 ], [ 73.126617, 28.148867, 0.0 ] ], [ [ 73.1266892, 28.1479366, 0.0 ], [ 73.1267123, 28.147937, 0.0 ], [ 73.126707, 28.1482402, 0.0 ], [ 73.1266839, 28.1482399, 0.0 ], [ 73.1266892, 28.1479366, 0.0 ] ], [ [ 73.1266332, 28.1479359, 0.0 ], [ 73.1266563, 28.1479362, 0.0 ], [ 73.126651, 28.1482395, 0.0 ], [ 73.1266279, 28.1482391, 0.0 ], [ 73.1266332, 28.1479359, 0.0 ] ], [ [ 73.1266837, 28.1482483, 0.0 ], [ 73.1267069, 28.1482486, 0.0 ], [ 73.1267016, 28.1485519, 0.0 ], [ 73.1266784, 28.1485516, 0.0 ], [ 73.1266837, 28.1482483, 0.0 ] ], [ [ 73.1266277, 28.1482476, 0.0 ], [ 73.1266509, 28.1482479, 0.0 ], [ 73.1266456, 28.1485511, 0.0 ], [ 73.1266225, 28.1485508, 0.0 ], [ 73.1266277, 28.1482476, 0.0 ] ], [ [ 73.1266999, 28.1473172, 0.0 ], [ 73.1267231, 28.1473175, 0.0 ], [ 73.1267178, 28.1476208, 0.0 ], [ 73.1266947, 28.1476204, 0.0 ], [ 73.1266999, 28.1473172, 0.0 ] ], [ [ 73.126644, 28.1473164, 0.0 ], [ 73.1266671, 28.1473167, 0.0 ], [ 73.1266618, 28.14762, 0.0 ], [ 73.1266387, 28.1476197, 0.0 ], [ 73.126644, 28.1473164, 0.0 ] ], [ [ 73.1266945, 28.1476289, 0.0 ], [ 73.1267176, 28.1476292, 0.0 ], [ 73.1267124, 28.1479324, 0.0 ], [ 73.1266892, 28.1479321, 0.0 ], [ 73.1266945, 28.1476289, 0.0 ] ], [ [ 73.1266385, 28.1476281, 0.0 ], [ 73.1266617, 28.1476284, 0.0 ], [ 73.1266564, 28.1479317, 0.0 ], [ 73.1266332, 28.1479314, 0.0 ], [ 73.1266385, 28.1476281, 0.0 ] ], [ [ 73.1267107, 28.1466977, 0.0 ], [ 73.1267338, 28.146698, 0.0 ], [ 73.1267286, 28.1470013, 0.0 ], [ 73.1267054, 28.147001, 0.0 ], [ 73.1267107, 28.1466977, 0.0 ] ], [ [ 73.1266547, 28.146697, 0.0 ], [ 73.1266779, 28.1466973, 0.0 ], [ 73.1266726, 28.1470005, 0.0 ], [ 73.1266495, 28.1470002, 0.0 ], [ 73.1266547, 28.146697, 0.0 ] ], [ [ 73.1267053, 28.1470094, 0.0 ], [ 73.1267284, 28.1470097, 0.0 ], [ 73.1267231, 28.147313, 0.0 ], [ 73.1267, 28.1473127, 0.0 ], [ 73.1267053, 28.1470094, 0.0 ] ], [ [ 73.1266493, 28.1470086, 0.0 ], [ 73.1266724, 28.147009, 0.0 ], [ 73.1266672, 28.1473122, 0.0 ], [ 73.126644, 28.1473119, 0.0 ], [ 73.1266493, 28.1470086, 0.0 ] ], [ [ 73.1267215, 28.1460783, 0.0 ], [ 73.1267446, 28.1460786, 0.0 ], [ 73.1267394, 28.1463818, 0.0 ], [ 73.1267162, 28.1463815, 0.0 ], [ 73.1267215, 28.1460783, 0.0 ] ], [ [ 73.1266655, 28.1460775, 0.0 ], [ 73.1266886, 28.1460778, 0.0 ], [ 73.1266834, 28.1463811, 0.0 ], [ 73.1266602, 28.1463808, 0.0 ], [ 73.1266655, 28.1460775, 0.0 ] ], [ [ 73.1267161, 28.1463899, 0.0 ], [ 73.1267392, 28.1463903, 0.0 ], [ 73.1267339, 28.1466935, 0.0 ], [ 73.1267108, 28.1466932, 0.0 ], [ 73.1267161, 28.1463899, 0.0 ] ], [ [ 73.1266601, 28.1463892, 0.0 ], [ 73.1266832, 28.1463895, 0.0 ], [ 73.1266779, 28.1466928, 0.0 ], [ 73.1266548, 28.1466924, 0.0 ], [ 73.1266601, 28.1463892, 0.0 ] ], [ [ 73.1267323, 28.1454588, 0.0 ], [ 73.1267554, 28.1454591, 0.0 ], [ 73.1267501, 28.1457624, 0.0 ], [ 73.126727, 28.1457621, 0.0 ], [ 73.1267323, 28.1454588, 0.0 ] ], [ [ 73.1266763, 28.145458, 0.0 ], [ 73.1266994, 28.1454583, 0.0 ], [ 73.1266941, 28.1457616, 0.0 ], [ 73.126671, 28.1457613, 0.0 ], [ 73.1266763, 28.145458, 0.0 ] ], [ [ 73.1267269, 28.1457705, 0.0 ], [ 73.12675, 28.1457708, 0.0 ], [ 73.1267447, 28.1460741, 0.0 ], [ 73.1267216, 28.1460737, 0.0 ], [ 73.1267269, 28.1457705, 0.0 ] ], [ [ 73.1266709, 28.1457697, 0.0 ], [ 73.126694, 28.14577, 0.0 ], [ 73.1266887, 28.1460733, 0.0 ], [ 73.1266656, 28.146073, 0.0 ], [ 73.1266709, 28.1457697, 0.0 ] ], [ [ 73.1265664, 28.1485546, 0.0 ], [ 73.1265895, 28.1485549, 0.0 ], [ 73.1265842, 28.1488581, 0.0 ], [ 73.1265611, 28.1488578, 0.0 ], [ 73.1265664, 28.1485546, 0.0 ] ], [ [ 73.1265104, 28.1485538, 0.0 ], [ 73.1265335, 28.1485541, 0.0 ], [ 73.1265283, 28.1488574, 0.0 ], [ 73.1265051, 28.1488571, 0.0 ], [ 73.1265104, 28.1485538, 0.0 ] ], [ [ 73.126561, 28.1488662, 0.0 ], [ 73.1265841, 28.1488666, 0.0 ], [ 73.1265788, 28.1491698, 0.0 ], [ 73.1265557, 28.1491695, 0.0 ], [ 73.126561, 28.1488662, 0.0 ] ], [ [ 73.126505, 28.1488655, 0.0 ], [ 73.1265281, 28.1488658, 0.0 ], [ 73.1265228, 28.1491691, 0.0 ], [ 73.1264997, 28.1491687, 0.0 ], [ 73.126505, 28.1488655, 0.0 ] ], [ [ 73.1265772, 28.1479351, 0.0 ], [ 73.1266003, 28.1479354, 0.0 ], [ 73.126595, 28.1482387, 0.0 ], [ 73.1265719, 28.1482384, 0.0 ], [ 73.1265772, 28.1479351, 0.0 ] ], [ [ 73.1265212, 28.1479343, 0.0 ], [ 73.1265443, 28.1479347, 0.0 ], [ 73.126539, 28.1482379, 0.0 ], [ 73.1265159, 28.1482376, 0.0 ], [ 73.1265212, 28.1479343, 0.0 ] ], [ [ 73.1265718, 28.1482468, 0.0 ], [ 73.1265949, 28.1482471, 0.0 ], [ 73.1265896, 28.1485504, 0.0 ], [ 73.1265665, 28.1485501, 0.0 ], [ 73.1265718, 28.1482468, 0.0 ] ], [ [ 73.1265158, 28.148246, 0.0 ], [ 73.1265389, 28.1482463, 0.0 ], [ 73.1265336, 28.1485496, 0.0 ], [ 73.1265105, 28.1485493, 0.0 ], [ 73.1265158, 28.148246, 0.0 ] ], [ [ 73.126588, 28.1473156, 0.0 ], [ 73.1266111, 28.147316, 0.0 ], [ 73.1266058, 28.1476192, 0.0 ], [ 73.1265827, 28.1476189, 0.0 ], [ 73.126588, 28.1473156, 0.0 ] ], [ [ 73.126532, 28.1473149, 0.0 ], [ 73.1265551, 28.1473152, 0.0 ], [ 73.1265498, 28.1476185, 0.0 ], [ 73.1265267, 28.1476181, 0.0 ], [ 73.126532, 28.1473149, 0.0 ] ], [ [ 73.1265825, 28.1476273, 0.0 ], [ 73.1266057, 28.1476276, 0.0 ], [ 73.1266004, 28.1479309, 0.0 ], [ 73.1265773, 28.1479306, 0.0 ], [ 73.1265825, 28.1476273, 0.0 ] ], [ [ 73.1265266, 28.1476266, 0.0 ], [ 73.1265497, 28.1476269, 0.0 ], [ 73.1265444, 28.1479301, 0.0 ], [ 73.1265213, 28.1479298, 0.0 ], [ 73.1265266, 28.1476266, 0.0 ] ], [ [ 73.1265988, 28.1466962, 0.0 ], [ 73.1266219, 28.1466965, 0.0 ], [ 73.1266166, 28.1469998, 0.0 ], [ 73.1265935, 28.1469995, 0.0 ], [ 73.1265988, 28.1466962, 0.0 ] ], [ [ 73.1265428, 28.1466954, 0.0 ], [ 73.1265659, 28.1466957, 0.0 ], [ 73.1265606, 28.146999, 0.0 ], [ 73.1265375, 28.1469987, 0.0 ], [ 73.1265428, 28.1466954, 0.0 ] ], [ [ 73.1265933, 28.1470079, 0.0 ], [ 73.1266165, 28.1470082, 0.0 ], [ 73.1266112, 28.1473115, 0.0 ], [ 73.126588, 28.1473111, 0.0 ], [ 73.1265933, 28.1470079, 0.0 ] ], [ [ 73.1265373, 28.1470071, 0.0 ], [ 73.1265605, 28.1470074, 0.0 ], [ 73.1265552, 28.1473107, 0.0 ], [ 73.1265321, 28.1473104, 0.0 ], [ 73.1265373, 28.1470071, 0.0 ] ], [ [ 73.1266095, 28.1460767, 0.0 ], [ 73.1266327, 28.146077, 0.0 ], [ 73.1266274, 28.1463803, 0.0 ], [ 73.1266043, 28.14638, 0.0 ], [ 73.1266095, 28.1460767, 0.0 ] ], [ [ 73.1265536, 28.146076, 0.0 ], [ 73.1265767, 28.1460763, 0.0 ], [ 73.1265714, 28.1463795, 0.0 ], [ 73.1265483, 28.1463792, 0.0 ], [ 73.1265536, 28.146076, 0.0 ] ], [ [ 73.1266041, 28.1463884, 0.0 ], [ 73.1266272, 28.1463887, 0.0 ], [ 73.126622, 28.146692, 0.0 ], [ 73.1265988, 28.1466917, 0.0 ], [ 73.1266041, 28.1463884, 0.0 ] ], [ [ 73.1265481, 28.1463876, 0.0 ], [ 73.1265713, 28.146388, 0.0 ], [ 73.126566, 28.1466912, 0.0 ], [ 73.1265428, 28.1466909, 0.0 ], [ 73.1265481, 28.1463876, 0.0 ] ], [ [ 73.1266203, 28.1454573, 0.0 ], [ 73.1266434, 28.1454576, 0.0 ], [ 73.1266382, 28.1457608, 0.0 ], [ 73.126615, 28.1457605, 0.0 ], [ 73.1266203, 28.1454573, 0.0 ] ], [ [ 73.1265643, 28.1454565, 0.0 ], [ 73.1265875, 28.1454568, 0.0 ], [ 73.1265822, 28.1457601, 0.0 ], [ 73.1265591, 28.1457598, 0.0 ], [ 73.1265643, 28.1454565, 0.0 ] ], [ [ 73.1266149, 28.145769, 0.0 ], [ 73.126638, 28.1457693, 0.0 ], [ 73.1266327, 28.1460725, 0.0 ], [ 73.1266096, 28.1460722, 0.0 ], [ 73.1266149, 28.145769, 0.0 ] ], [ [ 73.1265589, 28.1457682, 0.0 ], [ 73.126582, 28.1457685, 0.0 ], [ 73.1265768, 28.1460718, 0.0 ], [ 73.1265536, 28.1460714, 0.0 ], [ 73.1265589, 28.1457682, 0.0 ] ], [ [ 73.1264553, 28.1485007, 0.0 ], [ 73.1264785, 28.148501, 0.0 ], [ 73.1264732, 28.1488043, 0.0 ], [ 73.1264501, 28.148804, 0.0 ], [ 73.1264553, 28.1485007, 0.0 ] ], [ [ 73.1263994, 28.1484999, 0.0 ], [ 73.1264225, 28.1485003, 0.0 ], [ 73.1264172, 28.1488035, 0.0 ], [ 73.1263941, 28.1488032, 0.0 ], [ 73.1263994, 28.1484999, 0.0 ] ], [ [ 73.1264499, 28.1488124, 0.0 ], [ 73.126473, 28.1488127, 0.0 ], [ 73.1264678, 28.149116, 0.0 ], [ 73.1264446, 28.1491157, 0.0 ], [ 73.1264499, 28.1488124, 0.0 ] ], [ [ 73.1263939, 28.1488116, 0.0 ], [ 73.1264171, 28.1488119, 0.0 ], [ 73.1264118, 28.1491152, 0.0 ], [ 73.1263886, 28.1491149, 0.0 ], [ 73.1263939, 28.1488116, 0.0 ] ], [ [ 73.1264661, 28.1478812, 0.0 ], [ 73.1264893, 28.1478816, 0.0 ], [ 73.126484, 28.1481848, 0.0 ], [ 73.1264608, 28.1481845, 0.0 ], [ 73.1264661, 28.1478812, 0.0 ] ], [ [ 73.1264101, 28.1478805, 0.0 ], [ 73.1264333, 28.1478808, 0.0 ], [ 73.126428, 28.1481841, 0.0 ], [ 73.1264049, 28.1481837, 0.0 ], [ 73.1264101, 28.1478805, 0.0 ] ], [ [ 73.1264607, 28.1481929, 0.0 ], [ 73.1264838, 28.1481932, 0.0 ], [ 73.1264785, 28.1484965, 0.0 ], [ 73.1264554, 28.1484962, 0.0 ], [ 73.1264607, 28.1481929, 0.0 ] ], [ [ 73.1264047, 28.1481922, 0.0 ], [ 73.1264278, 28.1481925, 0.0 ], [ 73.1264226, 28.1484957, 0.0 ], [ 73.1263994, 28.1484954, 0.0 ], [ 73.1264047, 28.1481922, 0.0 ] ], [ [ 73.1264769, 28.1472618, 0.0 ], [ 73.1265, 28.1472621, 0.0 ], [ 73.1264948, 28.1475654, 0.0 ], [ 73.1264716, 28.1475651, 0.0 ], [ 73.1264769, 28.1472618, 0.0 ] ], [ [ 73.1264209, 28.147261, 0.0 ], [ 73.1264441, 28.1472613, 0.0 ], [ 73.1264388, 28.1475646, 0.0 ], [ 73.1264156, 28.1475643, 0.0 ], [ 73.1264209, 28.147261, 0.0 ] ], [ [ 73.1264715, 28.1475735, 0.0 ], [ 73.1264946, 28.1475738, 0.0 ], [ 73.1264893, 28.147877, 0.0 ], [ 73.1264662, 28.1478767, 0.0 ], [ 73.1264715, 28.1475735, 0.0 ] ], [ [ 73.1264155, 28.1475727, 0.0 ], [ 73.1264386, 28.147573, 0.0 ], [ 73.1264333, 28.1478763, 0.0 ], [ 73.1264102, 28.147876, 0.0 ], [ 73.1264155, 28.1475727, 0.0 ] ], [ [ 73.1264877, 28.1466423, 0.0 ], [ 73.1265108, 28.1466426, 0.0 ], [ 73.1265055, 28.1469459, 0.0 ], [ 73.1264824, 28.1469456, 0.0 ], [ 73.1264877, 28.1466423, 0.0 ] ], [ [ 73.1264317, 28.1466416, 0.0 ], [ 73.1264548, 28.1466419, 0.0 ], [ 73.1264496, 28.1469451, 0.0 ], [ 73.1264264, 28.1469448, 0.0 ], [ 73.1264317, 28.1466416, 0.0 ] ], [ [ 73.1264823, 28.146954, 0.0 ], [ 73.1265054, 28.1469543, 0.0 ], [ 73.1265001, 28.1472576, 0.0 ], [ 73.126477, 28.1472573, 0.0 ], [ 73.1264823, 28.146954, 0.0 ] ], [ [ 73.1264263, 28.1469532, 0.0 ], [ 73.1264494, 28.1469536, 0.0 ], [ 73.1264441, 28.1472568, 0.0 ], [ 73.126421, 28.1472565, 0.0 ], [ 73.1264263, 28.1469532, 0.0 ] ], [ [ 73.1264985, 28.1460229, 0.0 ], [ 73.1265216, 28.1460232, 0.0 ], [ 73.1265163, 28.1463264, 0.0 ], [ 73.1264932, 28.1463261, 0.0 ], [ 73.1264985, 28.1460229, 0.0 ] ], [ [ 73.1264425, 28.1460221, 0.0 ], [ 73.1264656, 28.1460224, 0.0 ], [ 73.1264603, 28.1463257, 0.0 ], [ 73.1264372, 28.1463254, 0.0 ], [ 73.1264425, 28.1460221, 0.0 ] ], [ [ 73.1264931, 28.1463345, 0.0 ], [ 73.1265162, 28.1463349, 0.0 ], [ 73.1265109, 28.1466381, 0.0 ], [ 73.1264878, 28.1466378, 0.0 ], [ 73.1264931, 28.1463345, 0.0 ] ], [ [ 73.1264371, 28.1463338, 0.0 ], [ 73.1264602, 28.1463341, 0.0 ], [ 73.1264549, 28.1466374, 0.0 ], [ 73.1264318, 28.146637, 0.0 ], [ 73.1264371, 28.1463338, 0.0 ] ], [ [ 73.1263434, 28.1484992, 0.0 ], [ 73.1263665, 28.1484995, 0.0 ], [ 73.1263612, 28.1488028, 0.0 ], [ 73.1263381, 28.1488024, 0.0 ], [ 73.1263434, 28.1484992, 0.0 ] ], [ [ 73.1262874, 28.1484984, 0.0 ], [ 73.1263105, 28.1484987, 0.0 ], [ 73.1263052, 28.148802, 0.0 ], [ 73.1262821, 28.1488017, 0.0 ], [ 73.1262874, 28.1484984, 0.0 ] ], [ [ 73.1263379, 28.1488109, 0.0 ], [ 73.1263611, 28.1488112, 0.0 ], [ 73.1263558, 28.1491144, 0.0 ], [ 73.1263327, 28.1491141, 0.0 ], [ 73.1263379, 28.1488109, 0.0 ] ], [ [ 73.126282, 28.1488101, 0.0 ], [ 73.1263051, 28.1488104, 0.0 ], [ 73.1262998, 28.1491137, 0.0 ], [ 73.1262767, 28.1491134, 0.0 ], [ 73.126282, 28.1488101, 0.0 ] ], [ [ 73.1263542, 28.1478797, 0.0 ], [ 73.1263773, 28.14788, 0.0 ], [ 73.126372, 28.1481833, 0.0 ], [ 73.1263489, 28.148183, 0.0 ], [ 73.1263542, 28.1478797, 0.0 ] ], [ [ 73.1262982, 28.1478789, 0.0 ], [ 73.1263213, 28.1478793, 0.0 ], [ 73.126316, 28.1481825, 0.0 ], [ 73.1262929, 28.1481822, 0.0 ], [ 73.1262982, 28.1478789, 0.0 ] ], [ [ 73.1263487, 28.1481914, 0.0 ], [ 73.1263719, 28.1481917, 0.0 ], [ 73.1263666, 28.148495, 0.0 ], [ 73.1263434, 28.1484947, 0.0 ], [ 73.1263487, 28.1481914, 0.0 ] ], [ [ 73.1262927, 28.1481906, 0.0 ], [ 73.1263159, 28.1481909, 0.0 ], [ 73.1263106, 28.1484942, 0.0 ], [ 73.1262875, 28.1484939, 0.0 ], [ 73.1262927, 28.1481906, 0.0 ] ], [ [ 73.1263649, 28.1472603, 0.0 ], [ 73.1263881, 28.1472606, 0.0 ], [ 73.1263828, 28.1475638, 0.0 ], [ 73.1263597, 28.1475635, 0.0 ], [ 73.1263649, 28.1472603, 0.0 ] ], [ [ 73.126309, 28.1472595, 0.0 ], [ 73.1263321, 28.1472598, 0.0 ], [ 73.1263268, 28.1475631, 0.0 ], [ 73.1263037, 28.1475628, 0.0 ], [ 73.126309, 28.1472595, 0.0 ] ], [ [ 73.1263595, 28.1475719, 0.0 ], [ 73.1263826, 28.1475723, 0.0 ], [ 73.1263774, 28.1478755, 0.0 ], [ 73.1263542, 28.1478752, 0.0 ], [ 73.1263595, 28.1475719, 0.0 ] ], [ [ 73.1263035, 28.1475712, 0.0 ], [ 73.1263267, 28.1475715, 0.0 ], [ 73.1263214, 28.1478748, 0.0 ], [ 73.1262982, 28.1478744, 0.0 ], [ 73.1263035, 28.1475712, 0.0 ] ], [ [ 73.1263757, 28.1466408, 0.0 ], [ 73.1263989, 28.1466411, 0.0 ], [ 73.1263936, 28.1469444, 0.0 ], [ 73.1263704, 28.1469441, 0.0 ], [ 73.1263757, 28.1466408, 0.0 ] ], [ [ 73.1263197, 28.14664, 0.0 ], [ 73.1263429, 28.1466403, 0.0 ], [ 73.1263376, 28.1469436, 0.0 ], [ 73.1263145, 28.1469433, 0.0 ], [ 73.1263197, 28.14664, 0.0 ] ], [ [ 73.1263703, 28.1469525, 0.0 ], [ 73.1263934, 28.1469528, 0.0 ], [ 73.1263881, 28.1472561, 0.0 ], [ 73.126365, 28.1472557, 0.0 ], [ 73.1263703, 28.1469525, 0.0 ] ], [ [ 73.1263143, 28.1469517, 0.0 ], [ 73.1263374, 28.146952, 0.0 ], [ 73.1263322, 28.1472553, 0.0 ], [ 73.126309, 28.147255, 0.0 ], [ 73.1263143, 28.1469517, 0.0 ] ], [ [ 73.1263865, 28.1460213, 0.0 ], [ 73.1264096, 28.1460217, 0.0 ], [ 73.1264044, 28.1463249, 0.0 ], [ 73.1263812, 28.1463246, 0.0 ], [ 73.1263865, 28.1460213, 0.0 ] ], [ [ 73.1263305, 28.1460206, 0.0 ], [ 73.1263537, 28.1460209, 0.0 ], [ 73.1263484, 28.1463242, 0.0 ], [ 73.1263252, 28.1463238, 0.0 ], [ 73.1263305, 28.1460206, 0.0 ] ], [ [ 73.1263811, 28.146333, 0.0 ], [ 73.1264042, 28.1463333, 0.0 ], [ 73.1263989, 28.1466366, 0.0 ], [ 73.1263758, 28.1466363, 0.0 ], [ 73.1263811, 28.146333, 0.0 ] ], [ [ 73.1263251, 28.1463323, 0.0 ], [ 73.1263482, 28.1463326, 0.0 ], [ 73.1263429, 28.1466358, 0.0 ], [ 73.1263198, 28.1466355, 0.0 ], [ 73.1263251, 28.1463323, 0.0 ] ], [ [ 73.1263973, 28.1454019, 0.0 ], [ 73.1264204, 28.1454022, 0.0 ], [ 73.1264151, 28.1457055, 0.0 ], [ 73.126392, 28.1457051, 0.0 ], [ 73.1263973, 28.1454019, 0.0 ] ], [ [ 73.1263413, 28.1454011, 0.0 ], [ 73.1263644, 28.1454014, 0.0 ], [ 73.1263592, 28.1457047, 0.0 ], [ 73.126336, 28.1457044, 0.0 ], [ 73.1263413, 28.1454011, 0.0 ] ], [ [ 73.1263919, 28.1457136, 0.0 ], [ 73.126415, 28.1457139, 0.0 ], [ 73.1264097, 28.1460171, 0.0 ], [ 73.1263866, 28.1460168, 0.0 ], [ 73.1263919, 28.1457136, 0.0 ] ], [ [ 73.1263359, 28.1457128, 0.0 ], [ 73.126359, 28.1457131, 0.0 ], [ 73.1263537, 28.1460164, 0.0 ], [ 73.1263306, 28.1460161, 0.0 ], [ 73.1263359, 28.1457128, 0.0 ] ], [ [ 73.1262314, 28.1484976, 0.0 ], [ 73.1262545, 28.148498, 0.0 ], [ 73.1262492, 28.1488012, 0.0 ], [ 73.1262261, 28.1488009, 0.0 ], [ 73.1262314, 28.1484976, 0.0 ] ], [ [ 73.1261754, 28.1484969, 0.0 ], [ 73.1261985, 28.1484972, 0.0 ], [ 73.1261933, 28.1488005, 0.0 ], [ 73.1261701, 28.1488001, 0.0 ], [ 73.1261754, 28.1484969, 0.0 ] ], [ [ 73.126226, 28.1488093, 0.0 ], [ 73.1262491, 28.1488096, 0.0 ], [ 73.1262438, 28.1491129, 0.0 ], [ 73.1262207, 28.1491126, 0.0 ], [ 73.126226, 28.1488093, 0.0 ] ], [ [ 73.12617, 28.1488086, 0.0 ], [ 73.1261931, 28.1488089, 0.0 ], [ 73.1261878, 28.1491121, 0.0 ], [ 73.1261647, 28.1491118, 0.0 ], [ 73.12617, 28.1488086, 0.0 ] ], [ [ 73.1262422, 28.1478782, 0.0 ], [ 73.1262653, 28.1478785, 0.0 ], [ 73.12626, 28.1481818, 0.0 ], [ 73.1262369, 28.1481814, 0.0 ], [ 73.1262422, 28.1478782, 0.0 ] ], [ [ 73.1261862, 28.1478774, 0.0 ], [ 73.1262093, 28.1478777, 0.0 ], [ 73.126204, 28.148181, 0.0 ], [ 73.1261809, 28.1481807, 0.0 ], [ 73.1261862, 28.1478774, 0.0 ] ], [ [ 73.1262368, 28.1481899, 0.0 ], [ 73.1262599, 28.1481902, 0.0 ], [ 73.1262546, 28.1484934, 0.0 ], [ 73.1262315, 28.1484931, 0.0 ], [ 73.1262368, 28.1481899, 0.0 ] ], [ [ 73.1261808, 28.1481891, 0.0 ], [ 73.1262039, 28.1481894, 0.0 ], [ 73.1261986, 28.1484927, 0.0 ], [ 73.1261755, 28.1484924, 0.0 ], [ 73.1261808, 28.1481891, 0.0 ] ], [ [ 73.126253, 28.1472587, 0.0 ], [ 73.1262761, 28.147259, 0.0 ], [ 73.1262708, 28.1475623, 0.0 ], [ 73.1262477, 28.147562, 0.0 ], [ 73.126253, 28.1472587, 0.0 ] ], [ [ 73.126197, 28.147258, 0.0 ], [ 73.1262201, 28.1472583, 0.0 ], [ 73.1262148, 28.1475615, 0.0 ], [ 73.1261917, 28.1475612, 0.0 ], [ 73.126197, 28.147258, 0.0 ] ], [ [ 73.1262475, 28.1475704, 0.0 ], [ 73.1262707, 28.1475707, 0.0 ], [ 73.1262654, 28.147874, 0.0 ], [ 73.1262423, 28.1478737, 0.0 ], [ 73.1262475, 28.1475704, 0.0 ] ], [ [ 73.1261916, 28.1475696, 0.0 ], [ 73.1262147, 28.14757, 0.0 ], [ 73.1262094, 28.1478732, 0.0 ], [ 73.1261863, 28.1478729, 0.0 ], [ 73.1261916, 28.1475696, 0.0 ] ], [ [ 73.1262638, 28.1466393, 0.0 ], [ 73.1262869, 28.1466396, 0.0 ], [ 73.1262816, 28.1469428, 0.0 ], [ 73.1262585, 28.1469425, 0.0 ], [ 73.1262638, 28.1466393, 0.0 ] ], [ [ 73.1262078, 28.1466385, 0.0 ], [ 73.1262309, 28.1466388, 0.0 ], [ 73.1262256, 28.1469421, 0.0 ], [ 73.1262025, 28.1469418, 0.0 ], [ 73.1262078, 28.1466385, 0.0 ] ], [ [ 73.1262583, 28.1469509, 0.0 ], [ 73.1262815, 28.1469513, 0.0 ], [ 73.1262762, 28.1472545, 0.0 ], [ 73.1262531, 28.1472542, 0.0 ], [ 73.1262583, 28.1469509, 0.0 ] ], [ [ 73.1262023, 28.1469502, 0.0 ], [ 73.1262255, 28.1469505, 0.0 ], [ 73.1262202, 28.1472538, 0.0 ], [ 73.1261971, 28.1472534, 0.0 ], [ 73.1262023, 28.1469502, 0.0 ] ], [ [ 73.1262745, 28.1460198, 0.0 ], [ 73.1262977, 28.1460201, 0.0 ], [ 73.1262924, 28.1463234, 0.0 ], [ 73.1262693, 28.1463231, 0.0 ], [ 73.1262745, 28.1460198, 0.0 ] ], [ [ 73.1262186, 28.146019, 0.0 ], [ 73.1262417, 28.1460194, 0.0 ], [ 73.1262364, 28.1463226, 0.0 ], [ 73.1262133, 28.1463223, 0.0 ], [ 73.1262186, 28.146019, 0.0 ] ], [ [ 73.1262691, 28.1463315, 0.0 ], [ 73.1262922, 28.1463318, 0.0 ], [ 73.126287, 28.1466351, 0.0 ], [ 73.1262638, 28.1466348, 0.0 ], [ 73.1262691, 28.1463315, 0.0 ] ], [ [ 73.1262131, 28.1463307, 0.0 ], [ 73.1262363, 28.146331, 0.0 ], [ 73.126231, 28.1466343, 0.0 ], [ 73.1262079, 28.146634, 0.0 ], [ 73.1262131, 28.1463307, 0.0 ] ], [ [ 73.1262853, 28.1454003, 0.0 ], [ 73.1263085, 28.1454007, 0.0 ], [ 73.1263032, 28.1457039, 0.0 ], [ 73.12628, 28.1457036, 0.0 ], [ 73.1262853, 28.1454003, 0.0 ] ], [ [ 73.1262293, 28.1453996, 0.0 ], [ 73.1262525, 28.1453999, 0.0 ], [ 73.1262472, 28.1457032, 0.0 ], [ 73.1262241, 28.1457028, 0.0 ], [ 73.1262293, 28.1453996, 0.0 ] ], [ [ 73.1262799, 28.145712, 0.0 ], [ 73.126303, 28.1457123, 0.0 ], [ 73.1262977, 28.1460156, 0.0 ], [ 73.1262746, 28.1460153, 0.0 ], [ 73.1262799, 28.145712, 0.0 ] ], [ [ 73.1262239, 28.1457113, 0.0 ], [ 73.126247, 28.1457116, 0.0 ], [ 73.1262418, 28.1460148, 0.0 ], [ 73.1262186, 28.1460145, 0.0 ], [ 73.1262239, 28.1457113, 0.0 ] ], [ [ 73.1261194, 28.1484961, 0.0 ], [ 73.1261426, 28.1484964, 0.0 ], [ 73.1261373, 28.1487997, 0.0 ], [ 73.1261141, 28.1487994, 0.0 ], [ 73.1261194, 28.1484961, 0.0 ] ], [ [ 73.1260634, 28.1484953, 0.0 ], [ 73.1260866, 28.1484957, 0.0 ], [ 73.1260813, 28.1487989, 0.0 ], [ 73.1260582, 28.1487986, 0.0 ], [ 73.1260634, 28.1484953, 0.0 ] ], [ [ 73.126114, 28.1488078, 0.0 ], [ 73.1261371, 28.1488081, 0.0 ], [ 73.1261318, 28.1491114, 0.0 ], [ 73.1261087, 28.1491111, 0.0 ], [ 73.126114, 28.1488078, 0.0 ] ], [ [ 73.126058, 28.148807, 0.0 ], [ 73.1260811, 28.1488073, 0.0 ], [ 73.1260759, 28.1491106, 0.0 ], [ 73.1260527, 28.1491103, 0.0 ], [ 73.126058, 28.148807, 0.0 ] ], [ [ 73.126141, 28.1472572, 0.0 ], [ 73.1261641, 28.1472575, 0.0 ], [ 73.1261588, 28.1475608, 0.0 ], [ 73.1261357, 28.1475605, 0.0 ], [ 73.126141, 28.1472572, 0.0 ] ], [ [ 73.126085, 28.1472564, 0.0 ], [ 73.1261081, 28.1472567, 0.0 ], [ 73.1261029, 28.14756, 0.0 ], [ 73.1260797, 28.1475597, 0.0 ], [ 73.126085, 28.1472564, 0.0 ] ], [ [ 73.1261356, 28.1475689, 0.0 ], [ 73.1261587, 28.1475692, 0.0 ], [ 73.1261534, 28.1478725, 0.0 ], [ 73.1261303, 28.1478721, 0.0 ], [ 73.1261356, 28.1475689, 0.0 ] ], [ [ 73.1260796, 28.1475681, 0.0 ], [ 73.1261027, 28.1475684, 0.0 ], [ 73.1260974, 28.1478717, 0.0 ], [ 73.1260743, 28.1478714, 0.0 ], [ 73.1260796, 28.1475681, 0.0 ] ], [ [ 73.1261518, 28.1466377, 0.0 ], [ 73.1261749, 28.146638, 0.0 ], [ 73.1261696, 28.1469413, 0.0 ], [ 73.1261465, 28.146941, 0.0 ], [ 73.1261518, 28.1466377, 0.0 ] ], [ [ 73.1260958, 28.146637, 0.0 ], [ 73.1261189, 28.1466373, 0.0 ], [ 73.1261137, 28.1469405, 0.0 ], [ 73.1260905, 28.1469402, 0.0 ], [ 73.1260958, 28.146637, 0.0 ] ], [ [ 73.1261464, 28.1469494, 0.0 ], [ 73.1261695, 28.1469497, 0.0 ], [ 73.1261642, 28.147253, 0.0 ], [ 73.1261411, 28.1472527, 0.0 ], [ 73.1261464, 28.1469494, 0.0 ] ], [ [ 73.1260904, 28.1469486, 0.0 ], [ 73.1261135, 28.146949, 0.0 ], [ 73.1261082, 28.1472522, 0.0 ], [ 73.1260851, 28.1472519, 0.0 ], [ 73.1260904, 28.1469486, 0.0 ] ], [ [ 73.1261626, 28.1460183, 0.0 ], [ 73.1261857, 28.1460186, 0.0 ], [ 73.1261804, 28.1463219, 0.0 ], [ 73.1261573, 28.1463215, 0.0 ], [ 73.1261626, 28.1460183, 0.0 ] ], [ [ 73.1261066, 28.1460175, 0.0 ], [ 73.1261297, 28.1460178, 0.0 ], [ 73.1261244, 28.1463211, 0.0 ], [ 73.1261013, 28.1463208, 0.0 ], [ 73.1261066, 28.1460175, 0.0 ] ], [ [ 73.1261571, 28.14633, 0.0 ], [ 73.1261803, 28.1463303, 0.0 ], [ 73.126175, 28.1466335, 0.0 ], [ 73.1261519, 28.1466332, 0.0 ], [ 73.1261571, 28.14633, 0.0 ] ], [ [ 73.1261012, 28.1463292, 0.0 ], [ 73.1261243, 28.1463295, 0.0 ], [ 73.126119, 28.1466328, 0.0 ], [ 73.1260959, 28.1466325, 0.0 ], [ 73.1261012, 28.1463292, 0.0 ] ], [ [ 73.1261734, 28.1453988, 0.0 ], [ 73.1261965, 28.1453991, 0.0 ], [ 73.1261912, 28.1457024, 0.0 ], [ 73.1261681, 28.1457021, 0.0 ], [ 73.1261734, 28.1453988, 0.0 ] ], [ [ 73.1261174, 28.145398, 0.0 ], [ 73.1261405, 28.1453984, 0.0 ], [ 73.1261352, 28.1457016, 0.0 ], [ 73.1261121, 28.1457013, 0.0 ], [ 73.1261174, 28.145398, 0.0 ] ], [ [ 73.1261679, 28.1457105, 0.0 ], [ 73.1261911, 28.1457108, 0.0 ], [ 73.1261858, 28.1460141, 0.0 ], [ 73.1261627, 28.1460138, 0.0 ], [ 73.1261679, 28.1457105, 0.0 ] ], [ [ 73.1261119, 28.1457097, 0.0 ], [ 73.1261351, 28.14571, 0.0 ], [ 73.1261298, 28.1460133, 0.0 ], [ 73.1261067, 28.146013, 0.0 ], [ 73.1261119, 28.1457097, 0.0 ] ], [ [ 73.1260614, 28.1453973, 0.0 ], [ 73.1260845, 28.1453976, 0.0 ], [ 73.1260792, 28.1457009, 0.0 ], [ 73.1260561, 28.1457005, 0.0 ], [ 73.1260614, 28.1453973, 0.0 ] ], [ [ 73.1260054, 28.1453965, 0.0 ], [ 73.1260285, 28.1453968, 0.0 ], [ 73.1260233, 28.1457001, 0.0 ], [ 73.1260001, 28.1456998, 0.0 ], [ 73.1260054, 28.1453965, 0.0 ] ], [ [ 73.126056, 28.145709, 0.0 ], [ 73.1260791, 28.1457093, 0.0 ], [ 73.1260738, 28.1460125, 0.0 ], [ 73.1260507, 28.1460122, 0.0 ], [ 73.126056, 28.145709, 0.0 ] ], [ [ 73.126, 28.1457082, 0.0 ], [ 73.1260231, 28.1457085, 0.0 ], [ 73.1260178, 28.1460118, 0.0 ], [ 73.1259947, 28.1460115, 0.0 ], [ 73.126, 28.1457082, 0.0 ] ], [ [ 73.13122, 28.1450029, 0.0 ], [ 73.1312431, 28.1450032, 0.0 ], [ 73.1312378, 28.1453065, 0.0 ], [ 73.1312147, 28.1453062, 0.0 ], [ 73.13122, 28.1450029, 0.0 ] ], [ [ 73.131164, 28.1450021, 0.0 ], [ 73.1311871, 28.1450025, 0.0 ], [ 73.1311818, 28.1453057, 0.0 ], [ 73.1311587, 28.1453054, 0.0 ], [ 73.131164, 28.1450021, 0.0 ] ], [ [ 73.1312146, 28.1453146, 0.0 ], [ 73.1312377, 28.1453149, 0.0 ], [ 73.1312324, 28.1456182, 0.0 ], [ 73.1312093, 28.1456179, 0.0 ], [ 73.1312146, 28.1453146, 0.0 ] ], [ [ 73.1311586, 28.1453138, 0.0 ], [ 73.1311817, 28.1453141, 0.0 ], [ 73.1311764, 28.1456174, 0.0 ], [ 73.1311533, 28.1456171, 0.0 ], [ 73.1311586, 28.1453138, 0.0 ] ], [ [ 73.131108, 28.1450014, 0.0 ], [ 73.1311311, 28.1450017, 0.0 ], [ 73.1311259, 28.145305, 0.0 ], [ 73.1311027, 28.1453046, 0.0 ], [ 73.131108, 28.1450014, 0.0 ] ], [ [ 73.131052, 28.1450006, 0.0 ], [ 73.1310751, 28.1450009, 0.0 ], [ 73.1310699, 28.1453042, 0.0 ], [ 73.1310467, 28.1453039, 0.0 ], [ 73.131052, 28.1450006, 0.0 ] ], [ [ 73.1311026, 28.1453131, 0.0 ], [ 73.1311257, 28.1453134, 0.0 ], [ 73.1311204, 28.1456166, 0.0 ], [ 73.1310973, 28.1456163, 0.0 ], [ 73.1311026, 28.1453131, 0.0 ] ], [ [ 73.1310466, 28.1453123, 0.0 ], [ 73.1310697, 28.1453126, 0.0 ], [ 73.1310645, 28.1456159, 0.0 ], [ 73.1310413, 28.1456156, 0.0 ], [ 73.1310466, 28.1453123, 0.0 ] ], [ [ 73.130774, 28.1448893, 0.0 ], [ 73.1307971, 28.1448896, 0.0 ], [ 73.1307918, 28.1451929, 0.0 ], [ 73.1307687, 28.1451925, 0.0 ], [ 73.130774, 28.1448893, 0.0 ] ], [ [ 73.130718, 28.1448885, 0.0 ], [ 73.1307411, 28.1448888, 0.0 ], [ 73.1307358, 28.1451921, 0.0 ], [ 73.1307127, 28.1451918, 0.0 ], [ 73.130718, 28.1448885, 0.0 ] ], [ [ 73.1307686, 28.145201, 0.0 ], [ 73.1307917, 28.1452013, 0.0 ], [ 73.1307864, 28.1455045, 0.0 ], [ 73.1307633, 28.1455042, 0.0 ], [ 73.1307686, 28.145201, 0.0 ] ], [ [ 73.1307126, 28.1452002, 0.0 ], [ 73.1307357, 28.1452005, 0.0 ], [ 73.1307304, 28.1455038, 0.0 ], [ 73.1307073, 28.1455035, 0.0 ], [ 73.1307126, 28.1452002, 0.0 ] ], [ [ 73.130442, 28.1446608, 0.0 ], [ 73.1304651, 28.1446611, 0.0 ], [ 73.1304598, 28.1449644, 0.0 ], [ 73.1304367, 28.1449641, 0.0 ], [ 73.130442, 28.1446608, 0.0 ] ], [ [ 73.130386, 28.14466, 0.0 ], [ 73.1304091, 28.1446603, 0.0 ], [ 73.1304038, 28.1449636, 0.0 ], [ 73.1303807, 28.1449633, 0.0 ], [ 73.130386, 28.14466, 0.0 ] ], [ [ 73.1304365, 28.1449725, 0.0 ], [ 73.1304597, 28.1449728, 0.0 ], [ 73.1304544, 28.1452761, 0.0 ], [ 73.1304313, 28.1452757, 0.0 ], [ 73.1304365, 28.1449725, 0.0 ] ], [ [ 73.1303806, 28.1449717, 0.0 ], [ 73.1304037, 28.144972, 0.0 ], [ 73.1303984, 28.1452753, 0.0 ], [ 73.1303753, 28.145275, 0.0 ], [ 73.1303806, 28.1449717, 0.0 ] ], [ [ 73.13033, 28.1446593, 0.0 ], [ 73.1303531, 28.1446596, 0.0 ], [ 73.1303478, 28.1449628, 0.0 ], [ 73.1303247, 28.1449625, 0.0 ], [ 73.13033, 28.1446593, 0.0 ] ], [ [ 73.130274, 28.1446585, 0.0 ], [ 73.1302971, 28.1446588, 0.0 ], [ 73.1302919, 28.1449621, 0.0 ], [ 73.1302687, 28.1449618, 0.0 ], [ 73.130274, 28.1446585, 0.0 ] ], [ [ 73.1303246, 28.1449709, 0.0 ], [ 73.1303477, 28.1449713, 0.0 ], [ 73.1303424, 28.1452745, 0.0 ], [ 73.1303193, 28.1452742, 0.0 ], [ 73.1303246, 28.1449709, 0.0 ] ], [ [ 73.1302686, 28.1449702, 0.0 ], [ 73.1302917, 28.1449705, 0.0 ], [ 73.1302864, 28.1452738, 0.0 ], [ 73.1302633, 28.1452734, 0.0 ], [ 73.1302686, 28.1449702, 0.0 ] ], [ [ 73.130218, 28.1446577, 0.0 ], [ 73.1302411, 28.144658, 0.0 ], [ 73.1302359, 28.1449613, 0.0 ], [ 73.1302128, 28.144961, 0.0 ], [ 73.130218, 28.1446577, 0.0 ] ], [ [ 73.130162, 28.144657, 0.0 ], [ 73.1301852, 28.1446573, 0.0 ], [ 73.1301799, 28.1449605, 0.0 ], [ 73.1301568, 28.1449602, 0.0 ], [ 73.130162, 28.144657, 0.0 ] ], [ [ 73.1302126, 28.1449694, 0.0 ], [ 73.1302357, 28.1449697, 0.0 ], [ 73.1302305, 28.145273, 0.0 ], [ 73.1302073, 28.1452727, 0.0 ], [ 73.1302126, 28.1449694, 0.0 ] ], [ [ 73.1301566, 28.1449687, 0.0 ], [ 73.1301797, 28.144969, 0.0 ], [ 73.1301745, 28.1452722, 0.0 ], [ 73.1301514, 28.1452719, 0.0 ], [ 73.1301566, 28.1449687, 0.0 ] ], [ [ 73.1301061, 28.1446562, 0.0 ], [ 73.1301292, 28.1446565, 0.0 ], [ 73.1301239, 28.1449598, 0.0 ], [ 73.1301008, 28.1449595, 0.0 ], [ 73.1301061, 28.1446562, 0.0 ] ], [ [ 73.1300501, 28.1446554, 0.0 ], [ 73.1300732, 28.1446558, 0.0 ], [ 73.1300679, 28.144959, 0.0 ], [ 73.1300448, 28.1449587, 0.0 ], [ 73.1300501, 28.1446554, 0.0 ] ], [ [ 73.1301006, 28.1449679, 0.0 ], [ 73.1301238, 28.1449682, 0.0 ], [ 73.1301185, 28.1452715, 0.0 ], [ 73.1300954, 28.1452712, 0.0 ], [ 73.1301006, 28.1449679, 0.0 ] ], [ [ 73.1300447, 28.1449671, 0.0 ], [ 73.1300678, 28.1449674, 0.0 ], [ 73.1300625, 28.1452707, 0.0 ], [ 73.1300394, 28.1452704, 0.0 ], [ 73.1300447, 28.1449671, 0.0 ] ], [ [ 73.1299941, 28.1446547, 0.0 ], [ 73.1300172, 28.144655, 0.0 ], [ 73.1300119, 28.1449583, 0.0 ], [ 73.1299888, 28.1449579, 0.0 ], [ 73.1299941, 28.1446547, 0.0 ] ], [ [ 73.1299381, 28.1446539, 0.0 ], [ 73.1299612, 28.1446542, 0.0 ], [ 73.129956, 28.1449575, 0.0 ], [ 73.1299328, 28.1449572, 0.0 ], [ 73.1299381, 28.1446539, 0.0 ] ], [ [ 73.1299887, 28.1449664, 0.0 ], [ 73.1300118, 28.1449667, 0.0 ], [ 73.1300065, 28.1452699, 0.0 ], [ 73.1299834, 28.1452696, 0.0 ], [ 73.1299887, 28.1449664, 0.0 ] ], [ [ 73.1299327, 28.1449656, 0.0 ], [ 73.1299558, 28.1449659, 0.0 ], [ 73.1299505, 28.1452692, 0.0 ], [ 73.1299274, 28.1452689, 0.0 ], [ 73.1299327, 28.1449656, 0.0 ] ], [ [ 73.1298821, 28.1446531, 0.0 ], [ 73.1299052, 28.1446535, 0.0 ], [ 73.1299, 28.1449567, 0.0 ], [ 73.1298768, 28.1449564, 0.0 ], [ 73.1298821, 28.1446531, 0.0 ] ], [ [ 73.1298261, 28.1446524, 0.0 ], [ 73.1298493, 28.1446527, 0.0 ], [ 73.129844, 28.144956, 0.0 ], [ 73.1298209, 28.1449556, 0.0 ], [ 73.1298261, 28.1446524, 0.0 ] ], [ [ 73.1298767, 28.1449648, 0.0 ], [ 73.1298998, 28.1449651, 0.0 ], [ 73.1298946, 28.1452684, 0.0 ], [ 73.1298714, 28.1452681, 0.0 ], [ 73.1298767, 28.1449648, 0.0 ] ], [ [ 73.1298207, 28.1449641, 0.0 ], [ 73.1298438, 28.1449644, 0.0 ], [ 73.1298386, 28.1452676, 0.0 ], [ 73.1298155, 28.1452673, 0.0 ], [ 73.1298207, 28.1449641, 0.0 ] ], [ [ 73.1297702, 28.1446516, 0.0 ], [ 73.1297933, 28.1446519, 0.0 ], [ 73.129788, 28.1449552, 0.0 ], [ 73.1297649, 28.1449549, 0.0 ], [ 73.1297702, 28.1446516, 0.0 ] ], [ [ 73.1297142, 28.1446509, 0.0 ], [ 73.1297373, 28.1446512, 0.0 ], [ 73.129732, 28.1449544, 0.0 ], [ 73.1297089, 28.1449541, 0.0 ], [ 73.1297142, 28.1446509, 0.0 ] ], [ [ 73.1297647, 28.1449633, 0.0 ], [ 73.1297879, 28.1449636, 0.0 ], [ 73.1297826, 28.1452669, 0.0 ], [ 73.1297595, 28.1452666, 0.0 ], [ 73.1297647, 28.1449633, 0.0 ] ], [ [ 73.1297088, 28.1449625, 0.0 ], [ 73.1297319, 28.1449629, 0.0 ], [ 73.1297266, 28.1452661, 0.0 ], [ 73.1297035, 28.1452658, 0.0 ], [ 73.1297088, 28.1449625, 0.0 ] ], [ [ 73.1296582, 28.1446501, 0.0 ], [ 73.1296813, 28.1446504, 0.0 ], [ 73.129676, 28.1449537, 0.0 ], [ 73.1296529, 28.1449534, 0.0 ], [ 73.1296582, 28.1446501, 0.0 ] ], [ [ 73.1296022, 28.1446493, 0.0 ], [ 73.1296253, 28.1446496, 0.0 ], [ 73.1296201, 28.1449529, 0.0 ], [ 73.1295969, 28.1449526, 0.0 ], [ 73.1296022, 28.1446493, 0.0 ] ], [ [ 73.1296528, 28.1449618, 0.0 ], [ 73.1296759, 28.1449621, 0.0 ], [ 73.1296706, 28.1452654, 0.0 ], [ 73.1296475, 28.145265, 0.0 ], [ 73.1296528, 28.1449618, 0.0 ] ], [ [ 73.1295968, 28.144961, 0.0 ], [ 73.1296199, 28.1449613, 0.0 ], [ 73.1296146, 28.1452646, 0.0 ], [ 73.1295915, 28.1452643, 0.0 ], [ 73.1295968, 28.144961, 0.0 ] ], [ [ 73.1295462, 28.1446486, 0.0 ], [ 73.1295693, 28.1446489, 0.0 ], [ 73.1295641, 28.1449521, 0.0 ], [ 73.1295409, 28.1449518, 0.0 ], [ 73.1295462, 28.1446486, 0.0 ] ], [ [ 73.1294902, 28.1446478, 0.0 ], [ 73.1295134, 28.1446481, 0.0 ], [ 73.1295081, 28.1449514, 0.0 ], [ 73.129485, 28.1449511, 0.0 ], [ 73.1294902, 28.1446478, 0.0 ] ], [ [ 73.1295408, 28.1449602, 0.0 ], [ 73.1295639, 28.1449606, 0.0 ], [ 73.1295587, 28.1452638, 0.0 ], [ 73.1295355, 28.1452635, 0.0 ], [ 73.1295408, 28.1449602, 0.0 ] ], [ [ 73.1294848, 28.1449595, 0.0 ], [ 73.1295079, 28.1449598, 0.0 ], [ 73.1295027, 28.1452631, 0.0 ], [ 73.1294795, 28.1452627, 0.0 ], [ 73.1294848, 28.1449595, 0.0 ] ] ] } }
]
}
