{
"type": "FeatureCollection",
"name": "ITC-4 strings",
"bbox": [ 73.1218922, 28.1402963, 0.0000000, 73.1300495, 28.1446955, 0.0000000 ],                                                  
"features": [
{ "type": "Feature", "properties": { "id": "kml_1", "Name": "EDGE TRACKERS", "description": null, "timestamp": null, "begin": null, "end": null, "altitudeMode": null, "tessellate": -1, "extrude": 0, "visibility": -1, "drawOrder": null, "icon": null }, "bbox": [ 73.1218922, 28.1402963, 0.0, 73.1285251, 28.1446955, 0.0 ], "geometry": { "type": "MultiLineString", "coordinates": [ [ [ 73.1228762, 28.141804, 0.0 ], [ 73.1228994, 28.1418043, 0.0 ], [ 73.1228941, 28.1421075, 0.0 ], [ 73.122871, 28.1421072, 0.0 ], [ 73.1228762, 28.141804, 0.0 ] ], [ [ 73.1228203, 28.1418032, 0.0 ], [ 73.1228434, 28.1418035, 0.0 ], [ 73.1228381, 28.1421068, 0.0 ], [ 73.122815, 28.1421065, 0.0 ], [ 73.1228203, 28.1418032, 0.0 ] ], [ [ 73.1228708, 28.1421156, 0.0 ], [ 73.1228939, 28.142116, 0.0 ], [ 73.1228886, 28.1424192, 0.0 ], [ 73.1228655, 28.1424189, 0.0 ], [ 73.1228708, 28.1421156, 0.0 ] ], [ [ 73.1228148, 28.1421149, 0.0 ], [ 73.1228379, 28.1421152, 0.0 ], [ 73.1228327, 28.1424185, 0.0 ], [ 73.1228095, 28.1424181, 0.0 ], [ 73.1228148, 28.1421149, 0.0 ] ], [ [ 73.122999, 28.141186, 0.0 ], [ 73.1230221, 28.1411864, 0.0 ], [ 73.1230168, 28.1414896, 0.0 ], [ 73.1229937, 28.1414893, 0.0 ], [ 73.122999, 28.141186, 0.0 ] ], [ [ 73.122943, 28.1411853, 0.0 ], [ 73.1229661, 28.1411856, 0.0 ], [ 73.1229609, 28.1414889, 0.0 ], [ 73.1229377, 28.1414885, 0.0 ], [ 73.122943, 28.1411853, 0.0 ] ], [ [ 73.1229936, 28.1414977, 0.0 ], [ 73.1230167, 28.141498, 0.0 ], [ 73.1230114, 28.1418013, 0.0 ], [ 73.1229883, 28.141801, 0.0 ], [ 73.1229936, 28.1414977, 0.0 ] ], [ [ 73.1229376, 28.141497, 0.0 ], [ 73.1229607, 28.1414973, 0.0 ], [ 73.1229554, 28.1418005, 0.0 ], [ 73.1229323, 28.1418002, 0.0 ], [ 73.1229376, 28.141497, 0.0 ] ], [ [ 73.1277642, 28.1440802, 0.0 ], [ 73.1277873, 28.1440805, 0.0 ], [ 73.1277821, 28.1443838, 0.0 ], [ 73.1277589, 28.1443835, 0.0 ], [ 73.1277642, 28.1440802, 0.0 ] ], [ [ 73.1277082, 28.1440795, 0.0 ], [ 73.1277314, 28.1440798, 0.0 ], [ 73.1277261, 28.144383, 0.0 ], [ 73.127703, 28.1443827, 0.0 ], [ 73.1277082, 28.1440795, 0.0 ] ], [ [ 73.1277588, 28.1443919, 0.0 ], [ 73.1277819, 28.1443922, 0.0 ], [ 73.1277766, 28.1446955, 0.0 ], [ 73.1277535, 28.1446952, 0.0 ], [ 73.1277588, 28.1443919, 0.0 ] ], [ [ 73.1277028, 28.1443911, 0.0 ], [ 73.1277259, 28.1443915, 0.0 ], [ 73.1277207, 28.1446947, 0.0 ], [ 73.1276975, 28.1446944, 0.0 ], [ 73.1277028, 28.1443911, 0.0 ] ], [ [ 73.1261405, 28.1408528, 0.0 ], [ 73.1261636, 28.1408531, 0.0 ], [ 73.1261584, 28.1411564, 0.0 ], [ 73.1261352, 28.1411561, 0.0 ], [ 73.1261405, 28.1408528, 0.0 ] ], [ [ 73.1260845, 28.140852, 0.0 ], [ 73.1261077, 28.1408523, 0.0 ], [ 73.1261024, 28.1411556, 0.0 ], [ 73.1260793, 28.1411553, 0.0 ], [ 73.1260845, 28.140852, 0.0 ] ], [ [ 73.1261351, 28.1411645, 0.0 ], [ 73.1261582, 28.1411648, 0.0 ], [ 73.1261529, 28.1414681, 0.0 ], [ 73.1261298, 28.1414677, 0.0 ], [ 73.1261351, 28.1411645, 0.0 ] ], [ [ 73.1260791, 28.1411637, 0.0 ], [ 73.1261022, 28.141164, 0.0 ], [ 73.126097, 28.1414673, 0.0 ], [ 73.1260738, 28.141467, 0.0 ], [ 73.1260791, 28.1411637, 0.0 ] ], [ [ 73.1264548, 28.1420963, 0.0 ], [ 73.126478, 28.1420966, 0.0 ], [ 73.1264727, 28.1423999, 0.0 ], [ 73.1264496, 28.1423996, 0.0 ], [ 73.1264548, 28.1420963, 0.0 ] ], [ [ 73.1263989, 28.1420955, 0.0 ], [ 73.126422, 28.1420959, 0.0 ], [ 73.1264167, 28.1423991, 0.0 ], [ 73.1263936, 28.1423988, 0.0 ], [ 73.1263989, 28.1420955, 0.0 ] ], [ [ 73.1264494, 28.142408, 0.0 ], [ 73.1264725, 28.1424083, 0.0 ], [ 73.1264673, 28.1427116, 0.0 ], [ 73.1264441, 28.1427112, 0.0 ], [ 73.1264494, 28.142408, 0.0 ] ], [ [ 73.1263934, 28.1424072, 0.0 ], [ 73.1264166, 28.1424075, 0.0 ], [ 73.1264113, 28.1427108, 0.0 ], [ 73.1263881, 28.1427105, 0.0 ], [ 73.1263934, 28.1424072, 0.0 ] ], [ [ 73.1248592, 28.1436899, 0.0 ], [ 73.1248823, 28.1436903, 0.0 ], [ 73.124877, 28.1439935, 0.0 ], [ 73.1248539, 28.1439932, 0.0 ], [ 73.1248592, 28.1436899, 0.0 ] ], [ [ 73.1248032, 28.1436892, 0.0 ], [ 73.1248263, 28.1436895, 0.0 ], [ 73.1248211, 28.1439928, 0.0 ], [ 73.1247979, 28.1439924, 0.0 ], [ 73.1248032, 28.1436892, 0.0 ] ], [ [ 73.1248538, 28.1440016, 0.0 ], [ 73.1248769, 28.1440019, 0.0 ], [ 73.1248716, 28.1443052, 0.0 ], [ 73.1248485, 28.1443049, 0.0 ], [ 73.1248538, 28.1440016, 0.0 ] ], [ [ 73.1247978, 28.1440009, 0.0 ], [ 73.1248209, 28.1440012, 0.0 ], [ 73.1248156, 28.1443044, 0.0 ], [ 73.1247925, 28.1443041, 0.0 ], [ 73.1247978, 28.1440009, 0.0 ] ], [ [ 73.1260866, 28.1439501, 0.0 ], [ 73.1261097, 28.1439504, 0.0 ], [ 73.1261044, 28.1442537, 0.0 ], [ 73.1260813, 28.1442534, 0.0 ], [ 73.1260866, 28.1439501, 0.0 ] ], [ [ 73.1260306, 28.1439493, 0.0 ], [ 73.1260537, 28.1439496, 0.0 ], [ 73.1260485, 28.1442529, 0.0 ], [ 73.1260253, 28.1442526, 0.0 ], [ 73.1260306, 28.1439493, 0.0 ] ], [ [ 73.1260812, 28.1442618, 0.0 ], [ 73.1261043, 28.1442621, 0.0 ], [ 73.126099, 28.1445653, 0.0 ], [ 73.1260759, 28.144565, 0.0 ], [ 73.1260812, 28.1442618, 0.0 ] ], [ [ 73.1260252, 28.144261, 0.0 ], [ 73.1260483, 28.1442613, 0.0 ], [ 73.126043, 28.1445646, 0.0 ], [ 73.1260199, 28.1445643, 0.0 ], [ 73.1260252, 28.144261, 0.0 ] ], [ [ 73.1219589, 28.1430306, 0.0 ], [ 73.121982, 28.1430309, 0.0 ], [ 73.1219768, 28.1433342, 0.0 ], [ 73.1219536, 28.1433339, 0.0 ], [ 73.1219589, 28.1430306, 0.0 ] ], [ [ 73.1219029, 28.1430298, 0.0 ], [ 73.1219261, 28.1430302, 0.0 ], [ 73.1219208, 28.1433334, 0.0 ], [ 73.1218976, 28.1433331, 0.0 ], [ 73.1219029, 28.1430298, 0.0 ] ], [ [ 73.1219535, 28.1433423, 0.0 ], [ 73.1219766, 28.1433426, 0.0 ], [ 73.1219713, 28.1436459, 0.0 ], [ 73.1219482, 28.1436456, 0.0 ], [ 73.1219535, 28.1433423, 0.0 ] ], [ [ 73.1218975, 28.1433415, 0.0 ], [ 73.1219206, 28.1433418, 0.0 ], [ 73.1219153, 28.1436451, 0.0 ], [ 73.1218922, 28.1436448, 0.0 ], [ 73.1218975, 28.1433415, 0.0 ] ], [ [ 73.1224176, 28.1424173, 0.0 ], [ 73.1224407, 28.1424176, 0.0 ], [ 73.1224354, 28.1427209, 0.0 ], [ 73.1224123, 28.1427206, 0.0 ], [ 73.1224176, 28.1424173, 0.0 ] ], [ [ 73.1223616, 28.1424165, 0.0 ], [ 73.1223847, 28.1424168, 0.0 ], [ 73.1223794, 28.1427201, 0.0 ], [ 73.1223563, 28.1427198, 0.0 ], [ 73.1223616, 28.1424165, 0.0 ] ], [ [ 73.1224121, 28.142729, 0.0 ], [ 73.1224353, 28.1427293, 0.0 ], [ 73.12243, 28.1430326, 0.0 ], [ 73.1224069, 28.1430322, 0.0 ], [ 73.1224121, 28.142729, 0.0 ] ], [ [ 73.1223562, 28.1427282, 0.0 ], [ 73.1223793, 28.1427285, 0.0 ], [ 73.122374, 28.1430318, 0.0 ], [ 73.1223509, 28.1430315, 0.0 ], [ 73.1223562, 28.1427282, 0.0 ] ], [ [ 73.1264764, 28.1408574, 0.0 ], [ 73.1264995, 28.1408577, 0.0 ], [ 73.1264942, 28.141161, 0.0 ], [ 73.1264711, 28.1411606, 0.0 ], [ 73.1264764, 28.1408574, 0.0 ] ], [ [ 73.1264204, 28.1408566, 0.0 ], [ 73.1264435, 28.1408569, 0.0 ], [ 73.1264383, 28.1411602, 0.0 ], [ 73.1264151, 28.1411599, 0.0 ], [ 73.1264204, 28.1408566, 0.0 ] ], [ [ 73.126471, 28.1411691, 0.0 ], [ 73.1264941, 28.1411694, 0.0 ], [ 73.1264888, 28.1414726, 0.0 ], [ 73.1264657, 28.1414723, 0.0 ], [ 73.126471, 28.1411691, 0.0 ] ], [ [ 73.126415, 28.1411683, 0.0 ], [ 73.1264381, 28.1411686, 0.0 ], [ 73.1264328, 28.1414719, 0.0 ], [ 73.1264097, 28.1414716, 0.0 ], [ 73.126415, 28.1411683, 0.0 ] ], [ [ 73.1270126, 28.1422111, 0.0 ], [ 73.1270357, 28.1422114, 0.0 ], [ 73.1270305, 28.1425147, 0.0 ], [ 73.1270073, 28.1425144, 0.0 ], [ 73.1270126, 28.1422111, 0.0 ] ], [ [ 73.1269566, 28.1422104, 0.0 ], [ 73.1269798, 28.1422107, 0.0 ], [ 73.1269745, 28.1425139, 0.0 ], [ 73.1269514, 28.1425136, 0.0 ], [ 73.1269566, 28.1422104, 0.0 ] ], [ [ 73.1270072, 28.1425228, 0.0 ], [ 73.1270303, 28.1425231, 0.0 ], [ 73.127025, 28.1428264, 0.0 ], [ 73.1270019, 28.1428261, 0.0 ], [ 73.1270072, 28.1425228, 0.0 ] ], [ [ 73.1269512, 28.142522, 0.0 ], [ 73.1269743, 28.1425224, 0.0 ], [ 73.1269691, 28.1428256, 0.0 ], [ 73.1269459, 28.1428253, 0.0 ], [ 73.1269512, 28.142522, 0.0 ] ], [ [ 73.1285019, 28.140297, 0.0 ], [ 73.1285251, 28.1402974, 0.0 ], [ 73.1285198, 28.1406006, 0.0 ], [ 73.1284967, 28.1406003, 0.0 ], [ 73.1285019, 28.140297, 0.0 ] ], [ [ 73.128446, 28.1402963, 0.0 ], [ 73.1284691, 28.1402966, 0.0 ], [ 73.1284638, 28.1405999, 0.0 ], [ 73.1284407, 28.1405995, 0.0 ], [ 73.128446, 28.1402963, 0.0 ] ], [ [ 73.1284965, 28.1406087, 0.0 ], [ 73.1285197, 28.140609, 0.0 ], [ 73.1285144, 28.1409123, 0.0 ], [ 73.1284913, 28.140912, 0.0 ], [ 73.1284965, 28.1406087, 0.0 ] ], [ [ 73.1284405, 28.140608, 0.0 ], [ 73.1284637, 28.1406083, 0.0 ], [ 73.1284584, 28.1409115, 0.0 ], [ 73.1284353, 28.1409112, 0.0 ], [ 73.1284405, 28.140608, 0.0 ] ] ] } },
{ "type": "Feature", "properties": { "id": "kml_49", "Name": "TRACKERS", "description": null, "timestamp": null, "begin": null, "end": null, "altitudeMode": null, "tessellate": -1, "extrude": 0, "visibility": -1, "drawOrder": null, "icon": null }, "bbox": [ 73.1220042, 28.1402978, 0.0, 73.1300495, 28.144694, 0.0 ], "geometry": { "type": "MultiLineString", "coordinates": [ [ [ 73.1229882, 28.1418055, 0.0 ], [ 73.1230113, 28.1418058, 0.0 ], [ 73.123006, 28.1421091, 0.0 ], [ 73.1229829, 28.1421088, 0.0 ], [ 73.1229882, 28.1418055, 0.0 ] ], [ [ 73.1229322, 28.1418047, 0.0 ], [ 73.1229553, 28.1418051, 0.0 ], [ 73.1229501, 28.1421083, 0.0 ], [ 73.1229269, 28.142108, 0.0 ], [ 73.1229322, 28.1418047, 0.0 ] ], [ [ 73.1229828, 28.1421172, 0.0 ], [ 73.1230059, 28.1421175, 0.0 ], [ 73.1230006, 28.1424208, 0.0 ], [ 73.1229775, 28.1424204, 0.0 ], [ 73.1229828, 28.1421172, 0.0 ] ], [ [ 73.1229268, 28.1421164, 0.0 ], [ 73.1229499, 28.1421167, 0.0 ], [ 73.1229446, 28.14242, 0.0 ], [ 73.1229215, 28.1424197, 0.0 ], [ 73.1229268, 28.1421164, 0.0 ] ], [ [ 73.1249712, 28.1436915, 0.0 ], [ 73.1249943, 28.1436918, 0.0 ], [ 73.124989, 28.1439951, 0.0 ], [ 73.1249659, 28.1439947, 0.0 ], [ 73.1249712, 28.1436915, 0.0 ] ], [ [ 73.1249152, 28.1436907, 0.0 ], [ 73.1249383, 28.143691, 0.0 ], [ 73.124933, 28.1439943, 0.0 ], [ 73.1249099, 28.143994, 0.0 ], [ 73.1249152, 28.1436907, 0.0 ] ], [ [ 73.1249657, 28.1440032, 0.0 ], [ 73.1249889, 28.1440035, 0.0 ], [ 73.1249836, 28.1443067, 0.0 ], [ 73.1249605, 28.1443064, 0.0 ], [ 73.1249657, 28.1440032, 0.0 ] ], [ [ 73.1249098, 28.1440024, 0.0 ], [ 73.1249329, 28.1440027, 0.0 ], [ 73.1249276, 28.144306, 0.0 ], [ 73.1249045, 28.1443057, 0.0 ], [ 73.1249098, 28.1440024, 0.0 ] ], [ [ 73.1264441, 28.1427157, 0.0 ], [ 73.1264672, 28.142716, 0.0 ], [ 73.1264619, 28.1430193, 0.0 ], [ 73.1264388, 28.143019, 0.0 ], [ 73.1264441, 28.1427157, 0.0 ] ], [ [ 73.1263881, 28.142715, 0.0 ], [ 73.1264112, 28.1427153, 0.0 ], [ 73.1264059, 28.1430185, 0.0 ], [ 73.1263828, 28.1430182, 0.0 ], [ 73.1263881, 28.142715, 0.0 ] ], [ [ 73.1264386, 28.1430274, 0.0 ], [ 73.1264618, 28.1430277, 0.0 ], [ 73.1264565, 28.143331, 0.0 ], [ 73.1264333, 28.1433307, 0.0 ], [ 73.1264386, 28.1430274, 0.0 ] ], [ [ 73.1263826, 28.1430266, 0.0 ], [ 73.1264058, 28.143027, 0.0 ], [ 73.1264005, 28.1433302, 0.0 ], [ 73.1263774, 28.1433299, 0.0 ], [ 73.1263826, 28.1430266, 0.0 ] ], [ [ 73.1265558, 28.1427173, 0.0 ], [ 73.126579, 28.1427176, 0.0 ], [ 73.1265737, 28.1430208, 0.0 ], [ 73.1265506, 28.1430205, 0.0 ], [ 73.1265558, 28.1427173, 0.0 ] ], [ [ 73.1264999, 28.1427165, 0.0 ], [ 73.126523, 28.1427168, 0.0 ], [ 73.1265177, 28.1430201, 0.0 ], [ 73.1264946, 28.1430198, 0.0 ], [ 73.1264999, 28.1427165, 0.0 ] ], [ [ 73.1265504, 28.1430289, 0.0 ], [ 73.1265735, 28.1430293, 0.0 ], [ 73.1265683, 28.1433325, 0.0 ], [ 73.1265451, 28.1433322, 0.0 ], [ 73.1265504, 28.1430289, 0.0 ] ], [ [ 73.1264944, 28.1430282, 0.0 ], [ 73.1265176, 28.1430285, 0.0 ], [ 73.1265123, 28.1433318, 0.0 ], [ 73.1264892, 28.1433314, 0.0 ], [ 73.1264944, 28.1430282, 0.0 ] ], [ [ 73.1270017, 28.1428306, 0.0 ], [ 73.1270248, 28.1428309, 0.0 ], [ 73.1270195, 28.1431342, 0.0 ], [ 73.1269964, 28.1431338, 0.0 ], [ 73.1270017, 28.1428306, 0.0 ] ], [ [ 73.1269457, 28.1428298, 0.0 ], [ 73.1269688, 28.1428301, 0.0 ], [ 73.1269635, 28.1431334, 0.0 ], [ 73.1269404, 28.1431331, 0.0 ], [ 73.1269457, 28.1428298, 0.0 ] ], [ [ 73.1269962, 28.1431423, 0.0 ], [ 73.1270194, 28.1431426, 0.0 ], [ 73.1270141, 28.1434458, 0.0 ], [ 73.126991, 28.1434455, 0.0 ], [ 73.1269962, 28.1431423, 0.0 ] ], [ [ 73.1269403, 28.1431415, 0.0 ], [ 73.1269634, 28.1431418, 0.0 ], [ 73.1269581, 28.1434451, 0.0 ], [ 73.126935, 28.1434448, 0.0 ], [ 73.1269403, 28.1431415, 0.0 ] ], [ [ 73.1266678, 28.1427188, 0.0 ], [ 73.1266909, 28.1427191, 0.0 ], [ 73.1266857, 28.1430224, 0.0 ], [ 73.1266625, 28.143022, 0.0 ], [ 73.1266678, 28.1427188, 0.0 ] ], [ [ 73.1266118, 28.142718, 0.0 ], [ 73.1266349, 28.1427183, 0.0 ], [ 73.1266297, 28.1430216, 0.0 ], [ 73.1266065, 28.1430213, 0.0 ], [ 73.1266118, 28.142718, 0.0 ] ], [ [ 73.1266624, 28.1430305, 0.0 ], [ 73.1266855, 28.1430308, 0.0 ], [ 73.1266802, 28.143334, 0.0 ], [ 73.1266571, 28.1433337, 0.0 ], [ 73.1266624, 28.1430305, 0.0 ] ], [ [ 73.1266064, 28.1430297, 0.0 ], [ 73.1266295, 28.14303, 0.0 ], [ 73.1266242, 28.1433333, 0.0 ], [ 73.1266011, 28.143333, 0.0 ], [ 73.1266064, 28.1430297, 0.0 ] ], [ [ 73.1267798, 28.1427203, 0.0 ], [ 73.1268029, 28.1427206, 0.0 ], [ 73.1267976, 28.1430239, 0.0 ], [ 73.1267745, 28.1430236, 0.0 ], [ 73.1267798, 28.1427203, 0.0 ] ], [ [ 73.1267238, 28.1427195, 0.0 ], [ 73.1267469, 28.1427199, 0.0 ], [ 73.1267416, 28.1430231, 0.0 ], [ 73.1267185, 28.1430228, 0.0 ], [ 73.1267238, 28.1427195, 0.0 ] ], [ [ 73.1267743, 28.143032, 0.0 ], [ 73.1267975, 28.1430323, 0.0 ], [ 73.1267922, 28.1433356, 0.0 ], [ 73.1267691, 28.1433353, 0.0 ], [ 73.1267743, 28.143032, 0.0 ] ], [ [ 73.1267184, 28.1430312, 0.0 ], [ 73.1267415, 28.1430315, 0.0 ], [ 73.1267362, 28.1433348, 0.0 ], [ 73.1267131, 28.1433345, 0.0 ], [ 73.1267184, 28.1430312, 0.0 ] ], [ [ 73.1261082, 28.1427112, 0.0 ], [ 73.1261313, 28.1427115, 0.0 ], [ 73.126126, 28.1430147, 0.0 ], [ 73.1261029, 28.1430144, 0.0 ], [ 73.1261082, 28.1427112, 0.0 ] ], [ [ 73.1260522, 28.1427104, 0.0 ], [ 73.1260753, 28.1427107, 0.0 ], [ 73.12607, 28.143014, 0.0 ], [ 73.1260469, 28.1430137, 0.0 ], [ 73.1260522, 28.1427104, 0.0 ] ], [ [ 73.1261027, 28.1430228, 0.0 ], [ 73.1261259, 28.1430232, 0.0 ], [ 73.1261206, 28.1433264, 0.0 ], [ 73.1260975, 28.1433261, 0.0 ], [ 73.1261027, 28.1430228, 0.0 ] ], [ [ 73.1260468, 28.1430221, 0.0 ], [ 73.1260699, 28.1430224, 0.0 ], [ 73.1260646, 28.1433257, 0.0 ], [ 73.1260415, 28.1433253, 0.0 ], [ 73.1260468, 28.1430221, 0.0 ] ], [ [ 73.1261189, 28.1420917, 0.0 ], [ 73.1261421, 28.142092, 0.0 ], [ 73.1261368, 28.1423953, 0.0 ], [ 73.1261137, 28.142395, 0.0 ], [ 73.1261189, 28.1420917, 0.0 ] ], [ [ 73.126063, 28.1420909, 0.0 ], [ 73.1260861, 28.1420913, 0.0 ], [ 73.1260808, 28.1423945, 0.0 ], [ 73.1260577, 28.1423942, 0.0 ], [ 73.126063, 28.1420909, 0.0 ] ], [ [ 73.1261135, 28.1424034, 0.0 ], [ 73.1261366, 28.1424037, 0.0 ], [ 73.1261314, 28.142707, 0.0 ], [ 73.1261082, 28.1427067, 0.0 ], [ 73.1261135, 28.1424034, 0.0 ] ], [ [ 73.1260575, 28.1424026, 0.0 ], [ 73.1260807, 28.1424029, 0.0 ], [ 73.1260754, 28.1427062, 0.0 ], [ 73.1260523, 28.1427059, 0.0 ], [ 73.1260575, 28.1424026, 0.0 ] ], [ [ 73.1261297, 28.1414722, 0.0 ], [ 73.1261529, 28.1414726, 0.0 ], [ 73.1261476, 28.1417758, 0.0 ], [ 73.1261244, 28.1417755, 0.0 ], [ 73.1261297, 28.1414722, 0.0 ] ], [ [ 73.1260737, 28.1414715, 0.0 ], [ 73.1260969, 28.1414718, 0.0 ], [ 73.1260916, 28.1417751, 0.0 ], [ 73.1260685, 28.1417747, 0.0 ], [ 73.1260737, 28.1414715, 0.0 ] ], [ [ 73.1261243, 28.1417839, 0.0 ], [ 73.1261474, 28.1417842, 0.0 ], [ 73.1261421, 28.1420875, 0.0 ], [ 73.126119, 28.1420872, 0.0 ], [ 73.1261243, 28.1417839, 0.0 ] ], [ [ 73.1260683, 28.1417832, 0.0 ], [ 73.1260914, 28.1417835, 0.0 ], [ 73.1260862, 28.1420867, 0.0 ], [ 73.126063, 28.1420864, 0.0 ], [ 73.1260683, 28.1417832, 0.0 ] ], [ [ 73.1263321, 28.1427142, 0.0 ], [ 73.1263552, 28.1427145, 0.0 ], [ 73.1263499, 28.1430178, 0.0 ], [ 73.1263268, 28.1430175, 0.0 ], [ 73.1263321, 28.1427142, 0.0 ] ], [ [ 73.1262761, 28.1427135, 0.0 ], [ 73.1262992, 28.1427138, 0.0 ], [ 73.126294, 28.143017, 0.0 ], [ 73.1262708, 28.1430167, 0.0 ], [ 73.1262761, 28.1427135, 0.0 ] ], [ [ 73.1263267, 28.1430259, 0.0 ], [ 73.1263498, 28.1430262, 0.0 ], [ 73.1263445, 28.1433295, 0.0 ], [ 73.1263214, 28.1433292, 0.0 ], [ 73.1263267, 28.1430259, 0.0 ] ], [ [ 73.1262707, 28.1430251, 0.0 ], [ 73.1262938, 28.1430255, 0.0 ], [ 73.1262885, 28.1433287, 0.0 ], [ 73.1262654, 28.1433284, 0.0 ], [ 73.1262707, 28.1430251, 0.0 ] ], [ [ 73.1262201, 28.1427127, 0.0 ], [ 73.1262433, 28.142713, 0.0 ], [ 73.126238, 28.1430163, 0.0 ], [ 73.1262148, 28.143016, 0.0 ], [ 73.1262201, 28.1427127, 0.0 ] ], [ [ 73.1261641, 28.1427119, 0.0 ], [ 73.1261873, 28.1427122, 0.0 ], [ 73.126182, 28.1430155, 0.0 ], [ 73.1261589, 28.1430152, 0.0 ], [ 73.1261641, 28.1427119, 0.0 ] ], [ [ 73.1262147, 28.1430244, 0.0 ], [ 73.1262378, 28.1430247, 0.0 ], [ 73.1262325, 28.143328, 0.0 ], [ 73.1262094, 28.1433276, 0.0 ], [ 73.1262147, 28.1430244, 0.0 ] ], [ [ 73.1261587, 28.1430236, 0.0 ], [ 73.1261818, 28.1430239, 0.0 ], [ 73.1261766, 28.1433272, 0.0 ], [ 73.1261534, 28.1433269, 0.0 ], [ 73.1261587, 28.1430236, 0.0 ] ], [ [ 73.1243102, 28.1430628, 0.0 ], [ 73.1243333, 28.1430631, 0.0 ], [ 73.124328, 28.1433664, 0.0 ], [ 73.1243049, 28.1433661, 0.0 ], [ 73.1243102, 28.1430628, 0.0 ] ], [ [ 73.1242542, 28.1430621, 0.0 ], [ 73.1242773, 28.1430624, 0.0 ], [ 73.124272, 28.1433656, 0.0 ], [ 73.1242489, 28.1433653, 0.0 ], [ 73.1242542, 28.1430621, 0.0 ] ], [ [ 73.1243047, 28.1433745, 0.0 ], [ 73.1243279, 28.1433748, 0.0 ], [ 73.1243226, 28.1436781, 0.0 ], [ 73.1242995, 28.1436778, 0.0 ], [ 73.1243047, 28.1433745, 0.0 ] ], [ [ 73.1242488, 28.1433737, 0.0 ], [ 73.1242719, 28.1433741, 0.0 ], [ 73.1242666, 28.1436773, 0.0 ], [ 73.1242435, 28.143677, 0.0 ], [ 73.1242488, 28.1433737, 0.0 ] ], [ [ 73.1241982, 28.1430613, 0.0 ], [ 73.1242213, 28.1430616, 0.0 ], [ 73.1242161, 28.1433649, 0.0 ], [ 73.1241929, 28.1433646, 0.0 ], [ 73.1241982, 28.1430613, 0.0 ] ], [ [ 73.1241422, 28.1430605, 0.0 ], [ 73.1241654, 28.1430608, 0.0 ], [ 73.1241601, 28.1433641, 0.0 ], [ 73.1241369, 28.1433638, 0.0 ], [ 73.1241422, 28.1430605, 0.0 ] ], [ [ 73.1241928, 28.143373, 0.0 ], [ 73.1242159, 28.1433733, 0.0 ], [ 73.1242106, 28.1436766, 0.0 ], [ 73.1241875, 28.1436762, 0.0 ], [ 73.1241928, 28.143373, 0.0 ] ], [ [ 73.1241368, 28.1433722, 0.0 ], [ 73.1241599, 28.1433725, 0.0 ], [ 73.1241546, 28.1436758, 0.0 ], [ 73.1241315, 28.1436755, 0.0 ], [ 73.1241368, 28.1433722, 0.0 ] ], [ [ 73.1240862, 28.1430598, 0.0 ], [ 73.1241094, 28.1430601, 0.0 ], [ 73.1241041, 28.1433633, 0.0 ], [ 73.124081, 28.143363, 0.0 ], [ 73.1240862, 28.1430598, 0.0 ] ], [ [ 73.1240303, 28.143059, 0.0 ], [ 73.1240534, 28.1430593, 0.0 ], [ 73.1240481, 28.1433626, 0.0 ], [ 73.124025, 28.1433623, 0.0 ], [ 73.1240303, 28.143059, 0.0 ] ], [ [ 73.1240808, 28.1433714, 0.0 ], [ 73.1241039, 28.1433718, 0.0 ], [ 73.1240987, 28.143675, 0.0 ], [ 73.1240755, 28.1436747, 0.0 ], [ 73.1240808, 28.1433714, 0.0 ] ], [ [ 73.1240248, 28.1433707, 0.0 ], [ 73.124048, 28.143371, 0.0 ], [ 73.1240427, 28.1436743, 0.0 ], [ 73.1240195, 28.1436739, 0.0 ], [ 73.1240248, 28.1433707, 0.0 ] ], [ [ 73.1239743, 28.1430582, 0.0 ], [ 73.1239974, 28.1430585, 0.0 ], [ 73.1239921, 28.1433618, 0.0 ], [ 73.123969, 28.1433615, 0.0 ], [ 73.1239743, 28.1430582, 0.0 ] ], [ [ 73.1239183, 28.1430575, 0.0 ], [ 73.1239414, 28.1430578, 0.0 ], [ 73.1239361, 28.143361, 0.0 ], [ 73.123913, 28.1433607, 0.0 ], [ 73.1239183, 28.1430575, 0.0 ] ], [ [ 73.1239688, 28.1433699, 0.0 ], [ 73.123992, 28.1433702, 0.0 ], [ 73.1239867, 28.1436735, 0.0 ], [ 73.1239636, 28.1436732, 0.0 ], [ 73.1239688, 28.1433699, 0.0 ] ], [ [ 73.1239129, 28.1433691, 0.0 ], [ 73.123936, 28.1433695, 0.0 ], [ 73.1239307, 28.1436727, 0.0 ], [ 73.1239076, 28.1436724, 0.0 ], [ 73.1239129, 28.1433691, 0.0 ] ], [ [ 73.1260974, 28.1433306, 0.0 ], [ 73.1261205, 28.1433309, 0.0 ], [ 73.1261152, 28.1436342, 0.0 ], [ 73.1260921, 28.1436339, 0.0 ], [ 73.1260974, 28.1433306, 0.0 ] ], [ [ 73.1260414, 28.1433299, 0.0 ], [ 73.1260645, 28.1433302, 0.0 ], [ 73.1260592, 28.1436334, 0.0 ], [ 73.1260361, 28.1436331, 0.0 ], [ 73.1260414, 28.1433299, 0.0 ] ], [ [ 73.1260919, 28.1436423, 0.0 ], [ 73.1261151, 28.1436426, 0.0 ], [ 73.1261098, 28.1439459, 0.0 ], [ 73.1260867, 28.1439456, 0.0 ], [ 73.1260919, 28.1436423, 0.0 ] ], [ [ 73.126036, 28.1436415, 0.0 ], [ 73.1260591, 28.1436419, 0.0 ], [ 73.1260538, 28.1439451, 0.0 ], [ 73.1260307, 28.1439448, 0.0 ], [ 73.126036, 28.1436415, 0.0 ] ], [ [ 73.1267584, 28.1439593, 0.0 ], [ 73.1267815, 28.1439596, 0.0 ], [ 73.1267762, 28.1442629, 0.0 ], [ 73.1267531, 28.1442625, 0.0 ], [ 73.1267584, 28.1439593, 0.0 ] ], [ [ 73.1267024, 28.1439585, 0.0 ], [ 73.1267255, 28.1439588, 0.0 ], [ 73.1267202, 28.1442621, 0.0 ], [ 73.1266971, 28.1442618, 0.0 ], [ 73.1267024, 28.1439585, 0.0 ] ], [ [ 73.126753, 28.144271, 0.0 ], [ 73.1267761, 28.1442713, 0.0 ], [ 73.1267708, 28.1445745, 0.0 ], [ 73.1267477, 28.1445742, 0.0 ], [ 73.126753, 28.144271, 0.0 ] ], [ [ 73.126697, 28.1442702, 0.0 ], [ 73.1267201, 28.1442705, 0.0 ], [ 73.1267148, 28.1445738, 0.0 ], [ 73.1266917, 28.1445735, 0.0 ], [ 73.126697, 28.1442702, 0.0 ] ], [ [ 73.1268702, 28.1439608, 0.0 ], [ 73.1268933, 28.1439611, 0.0 ], [ 73.126888, 28.1442643, 0.0 ], [ 73.1268649, 28.144264, 0.0 ], [ 73.1268702, 28.1439608, 0.0 ] ], [ [ 73.1268142, 28.14396, 0.0 ], [ 73.1268373, 28.1439603, 0.0 ], [ 73.126832, 28.1442636, 0.0 ], [ 73.1268089, 28.1442633, 0.0 ], [ 73.1268142, 28.14396, 0.0 ] ], [ [ 73.1268647, 28.1442724, 0.0 ], [ 73.1268879, 28.1442728, 0.0 ], [ 73.1268826, 28.144576, 0.0 ], [ 73.1268595, 28.1445757, 0.0 ], [ 73.1268647, 28.1442724, 0.0 ] ], [ [ 73.1268088, 28.1442717, 0.0 ], [ 73.1268319, 28.144272, 0.0 ], [ 73.1268266, 28.1445753, 0.0 ], [ 73.1268035, 28.1445749, 0.0 ], [ 73.1268088, 28.1442717, 0.0 ] ], [ [ 73.1269803, 28.1440695, 0.0 ], [ 73.1270034, 28.1440698, 0.0 ], [ 73.1269981, 28.1443731, 0.0 ], [ 73.126975, 28.1443728, 0.0 ], [ 73.1269803, 28.1440695, 0.0 ] ], [ [ 73.1269243, 28.1440687, 0.0 ], [ 73.1269474, 28.1440691, 0.0 ], [ 73.1269421, 28.1443723, 0.0 ], [ 73.126919, 28.144372, 0.0 ], [ 73.1269243, 28.1440687, 0.0 ] ], [ [ 73.1269749, 28.1443812, 0.0 ], [ 73.126998, 28.1443815, 0.0 ], [ 73.1269927, 28.1446848, 0.0 ], [ 73.1269696, 28.1446845, 0.0 ], [ 73.1269749, 28.1443812, 0.0 ] ], [ [ 73.1269189, 28.1443804, 0.0 ], [ 73.126942, 28.1443807, 0.0 ], [ 73.1269367, 28.144684, 0.0 ], [ 73.1269136, 28.1446837, 0.0 ], [ 73.1269189, 28.1443804, 0.0 ] ], [ [ 73.1270922, 28.144071, 0.0 ], [ 73.1271154, 28.1440713, 0.0 ], [ 73.1271101, 28.1443746, 0.0 ], [ 73.127087, 28.1443743, 0.0 ], [ 73.1270922, 28.144071, 0.0 ] ], [ [ 73.1270363, 28.1440703, 0.0 ], [ 73.1270594, 28.1440706, 0.0 ], [ 73.1270541, 28.1443738, 0.0 ], [ 73.127031, 28.1443735, 0.0 ], [ 73.1270363, 28.1440703, 0.0 ] ], [ [ 73.1270868, 28.1443827, 0.0 ], [ 73.1271099, 28.144383, 0.0 ], [ 73.1271047, 28.1446863, 0.0 ], [ 73.1270815, 28.144686, 0.0 ], [ 73.1270868, 28.1443827, 0.0 ] ], [ [ 73.1270308, 28.144382, 0.0 ], [ 73.127054, 28.1443823, 0.0 ], [ 73.1270487, 28.1446855, 0.0 ], [ 73.1270256, 28.1446852, 0.0 ], [ 73.1270308, 28.144382, 0.0 ] ], [ [ 73.1272044, 28.1440726, 0.0 ], [ 73.1272275, 28.1440729, 0.0 ], [ 73.1272222, 28.1443761, 0.0 ], [ 73.1271991, 28.1443758, 0.0 ], [ 73.1272044, 28.1440726, 0.0 ] ], [ [ 73.1271484, 28.1440718, 0.0 ], [ 73.1271715, 28.1440721, 0.0 ], [ 73.1271662, 28.1443754, 0.0 ], [ 73.1271431, 28.1443751, 0.0 ], [ 73.1271484, 28.1440718, 0.0 ] ], [ [ 73.127199, 28.1443842, 0.0 ], [ 73.1272221, 28.1443846, 0.0 ], [ 73.1272168, 28.1446878, 0.0 ], [ 73.1271937, 28.1446875, 0.0 ], [ 73.127199, 28.1443842, 0.0 ] ], [ [ 73.127143, 28.1443835, 0.0 ], [ 73.1271661, 28.1443838, 0.0 ], [ 73.1271608, 28.1446871, 0.0 ], [ 73.1271377, 28.1446867, 0.0 ], [ 73.127143, 28.1443835, 0.0 ] ], [ [ 73.1273163, 28.1440741, 0.0 ], [ 73.1273395, 28.1440744, 0.0 ], [ 73.1273342, 28.1443777, 0.0 ], [ 73.1273111, 28.1443774, 0.0 ], [ 73.1273163, 28.1440741, 0.0 ] ], [ [ 73.1272604, 28.1440733, 0.0 ], [ 73.1272835, 28.1440736, 0.0 ], [ 73.1272782, 28.1443769, 0.0 ], [ 73.1272551, 28.1443766, 0.0 ], [ 73.1272604, 28.1440733, 0.0 ] ], [ [ 73.1273109, 28.1443858, 0.0 ], [ 73.1273341, 28.1443861, 0.0 ], [ 73.1273288, 28.1446894, 0.0 ], [ 73.1273056, 28.144689, 0.0 ], [ 73.1273109, 28.1443858, 0.0 ] ], [ [ 73.1272549, 28.144385, 0.0 ], [ 73.1272781, 28.1443853, 0.0 ], [ 73.1272728, 28.1446886, 0.0 ], [ 73.1272497, 28.1446883, 0.0 ], [ 73.1272549, 28.144385, 0.0 ] ], [ [ 73.1274283, 28.1440756, 0.0 ], [ 73.1274514, 28.1440759, 0.0 ], [ 73.1274462, 28.1443792, 0.0 ], [ 73.127423, 28.1443789, 0.0 ], [ 73.1274283, 28.1440756, 0.0 ] ], [ [ 73.1273723, 28.1440749, 0.0 ], [ 73.1273955, 28.1440752, 0.0 ], [ 73.1273902, 28.1443784, 0.0 ], [ 73.1273671, 28.1443781, 0.0 ], [ 73.1273723, 28.1440749, 0.0 ] ], [ [ 73.1274229, 28.1443873, 0.0 ], [ 73.127446, 28.1443876, 0.0 ], [ 73.1274407, 28.1446909, 0.0 ], [ 73.1274176, 28.1446906, 0.0 ], [ 73.1274229, 28.1443873, 0.0 ] ], [ [ 73.1273669, 28.1443865, 0.0 ], [ 73.12739, 28.1443869, 0.0 ], [ 73.1273848, 28.1446901, 0.0 ], [ 73.1273616, 28.1446898, 0.0 ], [ 73.1273669, 28.1443865, 0.0 ] ], [ [ 73.1275403, 28.1440772, 0.0 ], [ 73.1275634, 28.1440775, 0.0 ], [ 73.1275581, 28.1443807, 0.0 ], [ 73.127535, 28.1443804, 0.0 ], [ 73.1275403, 28.1440772, 0.0 ] ], [ [ 73.1274843, 28.1440764, 0.0 ], [ 73.1275074, 28.1440767, 0.0 ], [ 73.1275021, 28.14438, 0.0 ], [ 73.127479, 28.1443797, 0.0 ], [ 73.1274843, 28.1440764, 0.0 ] ], [ [ 73.1275349, 28.1443888, 0.0 ], [ 73.127558, 28.1443892, 0.0 ], [ 73.1275527, 28.1446924, 0.0 ], [ 73.1275296, 28.1446921, 0.0 ], [ 73.1275349, 28.1443888, 0.0 ] ], [ [ 73.1274789, 28.1443881, 0.0 ], [ 73.127502, 28.1443884, 0.0 ], [ 73.1274967, 28.1446917, 0.0 ], [ 73.1274736, 28.1446913, 0.0 ], [ 73.1274789, 28.1443881, 0.0 ] ], [ [ 73.1276522, 28.1440787, 0.0 ], [ 73.1276754, 28.144079, 0.0 ], [ 73.1276701, 28.1443823, 0.0 ], [ 73.127647, 28.144382, 0.0 ], [ 73.1276522, 28.1440787, 0.0 ] ], [ [ 73.1275963, 28.1440779, 0.0 ], [ 73.1276194, 28.1440782, 0.0 ], [ 73.1276141, 28.1443815, 0.0 ], [ 73.127591, 28.1443812, 0.0 ], [ 73.1275963, 28.1440779, 0.0 ] ], [ [ 73.1276468, 28.1443904, 0.0 ], [ 73.12767, 28.1443907, 0.0 ], [ 73.1276647, 28.144694, 0.0 ], [ 73.1276415, 28.1446936, 0.0 ], [ 73.1276468, 28.1443904, 0.0 ] ], [ [ 73.1275908, 28.1443896, 0.0 ], [ 73.127614, 28.1443899, 0.0 ], [ 73.1276087, 28.1446932, 0.0 ], [ 73.1275856, 28.1446929, 0.0 ], [ 73.1275908, 28.1443896, 0.0 ] ], [ [ 73.1261986, 28.1439516, 0.0 ], [ 73.1262217, 28.1439519, 0.0 ], [ 73.1262164, 28.1442552, 0.0 ], [ 73.1261933, 28.1442549, 0.0 ], [ 73.1261986, 28.1439516, 0.0 ] ], [ [ 73.1261426, 28.1439509, 0.0 ], [ 73.1261657, 28.1439512, 0.0 ], [ 73.1261604, 28.1442544, 0.0 ], [ 73.1261373, 28.1442541, 0.0 ], [ 73.1261426, 28.1439509, 0.0 ] ], [ [ 73.1261931, 28.1442633, 0.0 ], [ 73.1262163, 28.1442636, 0.0 ], [ 73.126211, 28.1445669, 0.0 ], [ 73.1261878, 28.1445666, 0.0 ], [ 73.1261931, 28.1442633, 0.0 ] ], [ [ 73.1261371, 28.1442625, 0.0 ], [ 73.1261603, 28.1442629, 0.0 ], [ 73.126155, 28.1445661, 0.0 ], [ 73.1261319, 28.1445658, 0.0 ], [ 73.1261371, 28.1442625, 0.0 ] ], [ [ 73.1266464, 28.1439577, 0.0 ], [ 73.1266695, 28.1439581, 0.0 ], [ 73.1266643, 28.1442613, 0.0 ], [ 73.1266411, 28.144261, 0.0 ], [ 73.1266464, 28.1439577, 0.0 ] ], [ [ 73.1265904, 28.143957, 0.0 ], [ 73.1266136, 28.1439573, 0.0 ], [ 73.1266083, 28.1442606, 0.0 ], [ 73.1265852, 28.1442602, 0.0 ], [ 73.1265904, 28.143957, 0.0 ] ], [ [ 73.126641, 28.1442694, 0.0 ], [ 73.1266641, 28.1442697, 0.0 ], [ 73.1266588, 28.144573, 0.0 ], [ 73.1266357, 28.1445727, 0.0 ], [ 73.126641, 28.1442694, 0.0 ] ], [ [ 73.126585, 28.1442687, 0.0 ], [ 73.1266081, 28.144269, 0.0 ], [ 73.1266029, 28.1445722, 0.0 ], [ 73.1265797, 28.1445719, 0.0 ], [ 73.126585, 28.1442687, 0.0 ] ], [ [ 73.1265345, 28.1439562, 0.0 ], [ 73.1265576, 28.1439565, 0.0 ], [ 73.1265523, 28.1442598, 0.0 ], [ 73.1265292, 28.1442595, 0.0 ], [ 73.1265345, 28.1439562, 0.0 ] ], [ [ 73.1264785, 28.1439554, 0.0 ], [ 73.1265016, 28.1439558, 0.0 ], [ 73.1264963, 28.144259, 0.0 ], [ 73.1264732, 28.1442587, 0.0 ], [ 73.1264785, 28.1439554, 0.0 ] ], [ [ 73.126529, 28.1442679, 0.0 ], [ 73.1265522, 28.1442682, 0.0 ], [ 73.1265469, 28.1445715, 0.0 ], [ 73.1265237, 28.1445712, 0.0 ], [ 73.126529, 28.1442679, 0.0 ] ], [ [ 73.126473, 28.1442671, 0.0 ], [ 73.1264962, 28.1442674, 0.0 ], [ 73.1264909, 28.1445707, 0.0 ], [ 73.1264678, 28.1445704, 0.0 ], [ 73.126473, 28.1442671, 0.0 ] ], [ [ 73.1264225, 28.1439547, 0.0 ], [ 73.1264456, 28.143955, 0.0 ], [ 73.1264403, 28.1442583, 0.0 ], [ 73.1264172, 28.1442579, 0.0 ], [ 73.1264225, 28.1439547, 0.0 ] ], [ [ 73.1263665, 28.1439539, 0.0 ], [ 73.1263896, 28.1439542, 0.0 ], [ 73.1263844, 28.1442575, 0.0 ], [ 73.1263612, 28.1442572, 0.0 ], [ 73.1263665, 28.1439539, 0.0 ] ], [ [ 73.1264171, 28.1442664, 0.0 ], [ 73.1264402, 28.1442667, 0.0 ], [ 73.1264349, 28.1445699, 0.0 ], [ 73.1264118, 28.1445696, 0.0 ], [ 73.1264171, 28.1442664, 0.0 ] ], [ [ 73.1263611, 28.1442656, 0.0 ], [ 73.1263842, 28.1442659, 0.0 ], [ 73.1263789, 28.1445692, 0.0 ], [ 73.1263558, 28.1445689, 0.0 ], [ 73.1263611, 28.1442656, 0.0 ] ], [ [ 73.1263105, 28.1439531, 0.0 ], [ 73.1263336, 28.1439535, 0.0 ], [ 73.1263284, 28.1442567, 0.0 ], [ 73.1263052, 28.1442564, 0.0 ], [ 73.1263105, 28.1439531, 0.0 ] ], [ [ 73.1262545, 28.1439524, 0.0 ], [ 73.1262777, 28.1439527, 0.0 ], [ 73.1262724, 28.144256, 0.0 ], [ 73.1262493, 28.1442556, 0.0 ], [ 73.1262545, 28.1439524, 0.0 ] ], [ [ 73.1263051, 28.1442648, 0.0 ], [ 73.1263282, 28.1442651, 0.0 ], [ 73.1263229, 28.1445684, 0.0 ], [ 73.1262998, 28.1445681, 0.0 ], [ 73.1263051, 28.1442648, 0.0 ] ], [ [ 73.1262491, 28.1442641, 0.0 ], [ 73.1262722, 28.1442644, 0.0 ], [ 73.126267, 28.1445676, 0.0 ], [ 73.1262438, 28.1445673, 0.0 ], [ 73.1262491, 28.1442641, 0.0 ] ], [ [ 73.1258669, 28.1437037, 0.0 ], [ 73.12589, 28.143704, 0.0 ], [ 73.1258847, 28.1440073, 0.0 ], [ 73.1258616, 28.144007, 0.0 ], [ 73.1258669, 28.1437037, 0.0 ] ], [ [ 73.1258109, 28.143703, 0.0 ], [ 73.125834, 28.1437033, 0.0 ], [ 73.1258288, 28.1440065, 0.0 ], [ 73.1258056, 28.1440062, 0.0 ], [ 73.1258109, 28.143703, 0.0 ] ], [ [ 73.1258615, 28.1440154, 0.0 ], [ 73.1258846, 28.1440157, 0.0 ], [ 73.1258793, 28.144319, 0.0 ], [ 73.1258562, 28.1443187, 0.0 ], [ 73.1258615, 28.1440154, 0.0 ] ], [ [ 73.1258055, 28.1440147, 0.0 ], [ 73.1258286, 28.144015, 0.0 ], [ 73.1258233, 28.1443182, 0.0 ], [ 73.1258002, 28.1443179, 0.0 ], [ 73.1258055, 28.1440147, 0.0 ] ], [ [ 73.1257549, 28.1437022, 0.0 ], [ 73.1257781, 28.1437025, 0.0 ], [ 73.1257728, 28.1440058, 0.0 ], [ 73.1257496, 28.1440055, 0.0 ], [ 73.1257549, 28.1437022, 0.0 ] ], [ [ 73.1256989, 28.1437014, 0.0 ], [ 73.1257221, 28.1437018, 0.0 ], [ 73.1257168, 28.144005, 0.0 ], [ 73.1256937, 28.1440047, 0.0 ], [ 73.1256989, 28.1437014, 0.0 ] ], [ [ 73.1257495, 28.1440139, 0.0 ], [ 73.1257726, 28.1440142, 0.0 ], [ 73.1257673, 28.1443175, 0.0 ], [ 73.1257442, 28.1443171, 0.0 ], [ 73.1257495, 28.1440139, 0.0 ] ], [ [ 73.1256935, 28.1440131, 0.0 ], [ 73.1257166, 28.1440134, 0.0 ], [ 73.1257114, 28.1443167, 0.0 ], [ 73.1256882, 28.1443164, 0.0 ], [ 73.1256935, 28.1440131, 0.0 ] ], [ [ 73.125643, 28.1437007, 0.0 ], [ 73.1256661, 28.143701, 0.0 ], [ 73.1256608, 28.1440043, 0.0 ], [ 73.1256377, 28.1440039, 0.0 ], [ 73.125643, 28.1437007, 0.0 ] ], [ [ 73.125587, 28.1436999, 0.0 ], [ 73.1256101, 28.1437002, 0.0 ], [ 73.1256048, 28.1440035, 0.0 ], [ 73.1255817, 28.1440032, 0.0 ], [ 73.125587, 28.1436999, 0.0 ] ], [ [ 73.1256375, 28.1440124, 0.0 ], [ 73.1256607, 28.1440127, 0.0 ], [ 73.1256554, 28.1443159, 0.0 ], [ 73.1256323, 28.1443156, 0.0 ], [ 73.1256375, 28.1440124, 0.0 ] ], [ [ 73.1255816, 28.1440116, 0.0 ], [ 73.1256047, 28.1440119, 0.0 ], [ 73.1255994, 28.1443152, 0.0 ], [ 73.1255763, 28.1443149, 0.0 ], [ 73.1255816, 28.1440116, 0.0 ] ], [ [ 73.125531, 28.1436991, 0.0 ], [ 73.1255541, 28.1436995, 0.0 ], [ 73.1255488, 28.1440027, 0.0 ], [ 73.1255257, 28.1440024, 0.0 ], [ 73.125531, 28.1436991, 0.0 ] ], [ [ 73.125475, 28.1436984, 0.0 ], [ 73.1254981, 28.1436987, 0.0 ], [ 73.1254929, 28.144002, 0.0 ], [ 73.1254697, 28.1440016, 0.0 ], [ 73.125475, 28.1436984, 0.0 ] ], [ [ 73.1255256, 28.1440108, 0.0 ], [ 73.1255487, 28.1440111, 0.0 ], [ 73.1255434, 28.1443144, 0.0 ], [ 73.1255203, 28.1443141, 0.0 ], [ 73.1255256, 28.1440108, 0.0 ] ], [ [ 73.1254696, 28.1440101, 0.0 ], [ 73.1254927, 28.1440104, 0.0 ], [ 73.1254874, 28.1443136, 0.0 ], [ 73.1254643, 28.1443133, 0.0 ], [ 73.1254696, 28.1440101, 0.0 ] ], [ [ 73.125419, 28.1436976, 0.0 ], [ 73.1254422, 28.1436979, 0.0 ], [ 73.1254369, 28.1440012, 0.0 ], [ 73.1254138, 28.1440009, 0.0 ], [ 73.125419, 28.1436976, 0.0 ] ], [ [ 73.1253631, 28.1436968, 0.0 ], [ 73.1253862, 28.1436972, 0.0 ], [ 73.1253809, 28.1440004, 0.0 ], [ 73.1253578, 28.1440001, 0.0 ], [ 73.1253631, 28.1436968, 0.0 ] ], [ [ 73.1254136, 28.1440093, 0.0 ], [ 73.1254367, 28.1440096, 0.0 ], [ 73.1254314, 28.1443129, 0.0 ], [ 73.1254083, 28.1443126, 0.0 ], [ 73.1254136, 28.1440093, 0.0 ] ], [ [ 73.1253576, 28.1440085, 0.0 ], [ 73.1253807, 28.1440088, 0.0 ], [ 73.1253755, 28.1443121, 0.0 ], [ 73.1253523, 28.1443118, 0.0 ], [ 73.1253576, 28.1440085, 0.0 ] ], [ [ 73.1253071, 28.1436961, 0.0 ], [ 73.1253302, 28.1436964, 0.0 ], [ 73.1253249, 28.1439997, 0.0 ], [ 73.1253018, 28.1439993, 0.0 ], [ 73.1253071, 28.1436961, 0.0 ] ], [ [ 73.1252511, 28.1436953, 0.0 ], [ 73.1252742, 28.1436956, 0.0 ], [ 73.1252689, 28.1439989, 0.0 ], [ 73.1252458, 28.1439986, 0.0 ], [ 73.1252511, 28.1436953, 0.0 ] ], [ [ 73.1253016, 28.1440078, 0.0 ], [ 73.1253248, 28.1440081, 0.0 ], [ 73.1253195, 28.1443113, 0.0 ], [ 73.1252964, 28.144311, 0.0 ], [ 73.1253016, 28.1440078, 0.0 ] ], [ [ 73.1252457, 28.144007, 0.0 ], [ 73.1252688, 28.1440073, 0.0 ], [ 73.1252635, 28.1443106, 0.0 ], [ 73.1252404, 28.1443103, 0.0 ], [ 73.1252457, 28.144007, 0.0 ] ], [ [ 73.1251951, 28.1436945, 0.0 ], [ 73.1252182, 28.1436949, 0.0 ], [ 73.1252129, 28.1439981, 0.0 ], [ 73.1251898, 28.1439978, 0.0 ], [ 73.1251951, 28.1436945, 0.0 ] ], [ [ 73.1251391, 28.1436938, 0.0 ], [ 73.1251622, 28.1436941, 0.0 ], [ 73.125157, 28.1439974, 0.0 ], [ 73.1251338, 28.143997, 0.0 ], [ 73.1251391, 28.1436938, 0.0 ] ], [ [ 73.1251897, 28.1440062, 0.0 ], [ 73.1252128, 28.1440065, 0.0 ], [ 73.1252075, 28.1443098, 0.0 ], [ 73.1251844, 28.1443095, 0.0 ], [ 73.1251897, 28.1440062, 0.0 ] ], [ [ 73.1251337, 28.1440055, 0.0 ], [ 73.1251568, 28.1440058, 0.0 ], [ 73.1251515, 28.144309, 0.0 ], [ 73.1251284, 28.1443087, 0.0 ], [ 73.1251337, 28.1440055, 0.0 ] ], [ [ 73.1250831, 28.143693, 0.0 ], [ 73.1251063, 28.1436933, 0.0 ], [ 73.125101, 28.1439966, 0.0 ], [ 73.1250779, 28.1439963, 0.0 ], [ 73.1250831, 28.143693, 0.0 ] ], [ [ 73.1250272, 28.1436922, 0.0 ], [ 73.1250503, 28.1436926, 0.0 ], [ 73.125045, 28.1439958, 0.0 ], [ 73.1250219, 28.1439955, 0.0 ], [ 73.1250272, 28.1436922, 0.0 ] ], [ [ 73.1250777, 28.1440047, 0.0 ], [ 73.1251008, 28.144005, 0.0 ], [ 73.1250956, 28.1443083, 0.0 ], [ 73.1250724, 28.144308, 0.0 ], [ 73.1250777, 28.1440047, 0.0 ] ], [ [ 73.1250217, 28.1440039, 0.0 ], [ 73.1250449, 28.1440042, 0.0 ], [ 73.1250396, 28.1443075, 0.0 ], [ 73.1250164, 28.1443072, 0.0 ], [ 73.1250217, 28.1440039, 0.0 ] ], [ [ 73.1262093, 28.1433322, 0.0 ], [ 73.1262325, 28.1433325, 0.0 ], [ 73.1262272, 28.1436357, 0.0 ], [ 73.1262041, 28.1436354, 0.0 ], [ 73.1262093, 28.1433322, 0.0 ] ], [ [ 73.1261534, 28.1433314, 0.0 ], [ 73.1261765, 28.1433317, 0.0 ], [ 73.1261712, 28.143635, 0.0 ], [ 73.1261481, 28.1436347, 0.0 ], [ 73.1261534, 28.1433314, 0.0 ] ], [ [ 73.1262039, 28.1436438, 0.0 ], [ 73.126227, 28.1436442, 0.0 ], [ 73.1262218, 28.1439474, 0.0 ], [ 73.1261986, 28.1439471, 0.0 ], [ 73.1262039, 28.1436438, 0.0 ] ], [ [ 73.1261479, 28.1436431, 0.0 ], [ 73.1261711, 28.1436434, 0.0 ], [ 73.1261658, 28.1439467, 0.0 ], [ 73.1261427, 28.1439463, 0.0 ], [ 73.1261479, 28.1436431, 0.0 ] ], [ [ 73.1259789, 28.1437053, 0.0 ], [ 73.126002, 28.1437056, 0.0 ], [ 73.1259967, 28.1440088, 0.0 ], [ 73.1259736, 28.1440085, 0.0 ], [ 73.1259789, 28.1437053, 0.0 ] ], [ [ 73.1259229, 28.1437045, 0.0 ], [ 73.125946, 28.1437048, 0.0 ], [ 73.1259407, 28.1440081, 0.0 ], [ 73.1259176, 28.1440078, 0.0 ], [ 73.1259229, 28.1437045, 0.0 ] ], [ [ 73.1259734, 28.1440169, 0.0 ], [ 73.1259966, 28.1440173, 0.0 ], [ 73.1259913, 28.1443205, 0.0 ], [ 73.1259682, 28.1443202, 0.0 ], [ 73.1259734, 28.1440169, 0.0 ] ], [ [ 73.1259175, 28.1440162, 0.0 ], [ 73.1259406, 28.1440165, 0.0 ], [ 73.1259353, 28.1443198, 0.0 ], [ 73.1259122, 28.1443194, 0.0 ], [ 73.1259175, 28.1440162, 0.0 ] ], [ [ 73.1220709, 28.1430321, 0.0 ], [ 73.122094, 28.1430325, 0.0 ], [ 73.1220887, 28.1433357, 0.0 ], [ 73.1220656, 28.1433354, 0.0 ], [ 73.1220709, 28.1430321, 0.0 ] ], [ [ 73.1220149, 28.1430314, 0.0 ], [ 73.122038, 28.1430317, 0.0 ], [ 73.1220327, 28.143335, 0.0 ], [ 73.1220096, 28.1433346, 0.0 ], [ 73.1220149, 28.1430314, 0.0 ] ], [ [ 73.1220654, 28.1433438, 0.0 ], [ 73.1220886, 28.1433441, 0.0 ], [ 73.1220833, 28.1436474, 0.0 ], [ 73.1220602, 28.1436471, 0.0 ], [ 73.1220654, 28.1433438, 0.0 ] ], [ [ 73.1220095, 28.1433431, 0.0 ], [ 73.1220326, 28.1433434, 0.0 ], [ 73.1220273, 28.1436466, 0.0 ], [ 73.1220042, 28.1436463, 0.0 ], [ 73.1220095, 28.1433431, 0.0 ] ], [ [ 73.1221828, 28.1430337, 0.0 ], [ 73.122206, 28.143034, 0.0 ], [ 73.1222007, 28.1433373, 0.0 ], [ 73.1221776, 28.1433369, 0.0 ], [ 73.1221828, 28.1430337, 0.0 ] ], [ [ 73.1221269, 28.1430329, 0.0 ], [ 73.12215, 28.1430332, 0.0 ], [ 73.1221447, 28.1433365, 0.0 ], [ 73.1221216, 28.1433362, 0.0 ], [ 73.1221269, 28.1430329, 0.0 ] ], [ [ 73.1221774, 28.1433454, 0.0 ], [ 73.1222005, 28.1433457, 0.0 ], [ 73.1221952, 28.1436489, 0.0 ], [ 73.1221721, 28.1436486, 0.0 ], [ 73.1221774, 28.1433454, 0.0 ] ], [ [ 73.1221214, 28.1433446, 0.0 ], [ 73.1221446, 28.1433449, 0.0 ], [ 73.1221393, 28.1436482, 0.0 ], [ 73.1221161, 28.1436479, 0.0 ], [ 73.1221214, 28.1433446, 0.0 ] ], [ [ 73.1222948, 28.1430352, 0.0 ], [ 73.1223179, 28.1430355, 0.0 ], [ 73.1223126, 28.1433388, 0.0 ], [ 73.1222895, 28.1433385, 0.0 ], [ 73.1222948, 28.1430352, 0.0 ] ], [ [ 73.1222388, 28.1430344, 0.0 ], [ 73.122262, 28.1430348, 0.0 ], [ 73.1222567, 28.143338, 0.0 ], [ 73.1222335, 28.1433377, 0.0 ], [ 73.1222388, 28.1430344, 0.0 ] ], [ [ 73.1222894, 28.1433469, 0.0 ], [ 73.1223125, 28.1433472, 0.0 ], [ 73.1223072, 28.1436505, 0.0 ], [ 73.1222841, 28.1436502, 0.0 ], [ 73.1222894, 28.1433469, 0.0 ] ], [ [ 73.1222334, 28.1433461, 0.0 ], [ 73.1222565, 28.1433464, 0.0 ], [ 73.1222512, 28.1436497, 0.0 ], [ 73.1222281, 28.1436494, 0.0 ], [ 73.1222334, 28.1433461, 0.0 ] ], [ [ 73.1225187, 28.1430383, 0.0 ], [ 73.1225419, 28.1430386, 0.0 ], [ 73.1225366, 28.1433419, 0.0 ], [ 73.1225134, 28.1433415, 0.0 ], [ 73.1225187, 28.1430383, 0.0 ] ], [ [ 73.1224628, 28.1430375, 0.0 ], [ 73.1224859, 28.1430378, 0.0 ], [ 73.1224806, 28.1433411, 0.0 ], [ 73.1224575, 28.1433408, 0.0 ], [ 73.1224628, 28.1430375, 0.0 ] ], [ [ 73.1225133, 28.14335, 0.0 ], [ 73.1225364, 28.1433503, 0.0 ], [ 73.1225311, 28.1436535, 0.0 ], [ 73.122508, 28.1436532, 0.0 ], [ 73.1225133, 28.14335, 0.0 ] ], [ [ 73.1224573, 28.1433492, 0.0 ], [ 73.1224804, 28.1433495, 0.0 ], [ 73.1224752, 28.1436528, 0.0 ], [ 73.122452, 28.1436525, 0.0 ], [ 73.1224573, 28.1433492, 0.0 ] ], [ [ 73.1224068, 28.1430367, 0.0 ], [ 73.1224299, 28.1430371, 0.0 ], [ 73.1224246, 28.1433403, 0.0 ], [ 73.1224015, 28.14334, 0.0 ], [ 73.1224068, 28.1430367, 0.0 ] ], [ [ 73.1223508, 28.143036, 0.0 ], [ 73.1223739, 28.1430363, 0.0 ], [ 73.1223686, 28.1433396, 0.0 ], [ 73.1223455, 28.1433392, 0.0 ], [ 73.1223508, 28.143036, 0.0 ] ], [ [ 73.1224013, 28.1433484, 0.0 ], [ 73.1224245, 28.1433487, 0.0 ], [ 73.1224192, 28.143652, 0.0 ], [ 73.122396, 28.1436517, 0.0 ], [ 73.1224013, 28.1433484, 0.0 ] ], [ [ 73.1223454, 28.1433477, 0.0 ], [ 73.1223685, 28.143348, 0.0 ], [ 73.1223632, 28.1436512, 0.0 ], [ 73.1223401, 28.1436509, 0.0 ], [ 73.1223454, 28.1433477, 0.0 ] ], [ [ 73.1230786, 28.143046, 0.0 ], [ 73.1231017, 28.1430463, 0.0 ], [ 73.1230964, 28.1433495, 0.0 ], [ 73.1230733, 28.1433492, 0.0 ], [ 73.1230786, 28.143046, 0.0 ] ], [ [ 73.1230226, 28.1430452, 0.0 ], [ 73.1230457, 28.1430455, 0.0 ], [ 73.1230404, 28.1433488, 0.0 ], [ 73.1230173, 28.1433484, 0.0 ], [ 73.1230226, 28.1430452, 0.0 ] ], [ [ 73.1230731, 28.1433576, 0.0 ], [ 73.1230963, 28.143358, 0.0 ], [ 73.123091, 28.1436612, 0.0 ], [ 73.1230678, 28.1436609, 0.0 ], [ 73.1230731, 28.1433576, 0.0 ] ], [ [ 73.1230171, 28.1433569, 0.0 ], [ 73.1230403, 28.1433572, 0.0 ], [ 73.123035, 28.1436604, 0.0 ], [ 73.1230119, 28.1436601, 0.0 ], [ 73.1230171, 28.1433569, 0.0 ] ], [ [ 73.1229666, 28.1430444, 0.0 ], [ 73.1229897, 28.1430447, 0.0 ], [ 73.1229844, 28.143348, 0.0 ], [ 73.1229613, 28.1433477, 0.0 ], [ 73.1229666, 28.1430444, 0.0 ] ], [ [ 73.1229106, 28.1430437, 0.0 ], [ 73.1229337, 28.143044, 0.0 ], [ 73.1229285, 28.1433472, 0.0 ], [ 73.1229053, 28.1433469, 0.0 ], [ 73.1229106, 28.1430437, 0.0 ] ], [ [ 73.1229612, 28.1433561, 0.0 ], [ 73.1229843, 28.1433564, 0.0 ], [ 73.122979, 28.1436597, 0.0 ], [ 73.1229559, 28.1436594, 0.0 ], [ 73.1229612, 28.1433561, 0.0 ] ], [ [ 73.1229052, 28.1433553, 0.0 ], [ 73.1229283, 28.1433557, 0.0 ], [ 73.122923, 28.1436589, 0.0 ], [ 73.1228999, 28.1436586, 0.0 ], [ 73.1229052, 28.1433553, 0.0 ] ], [ [ 73.1228546, 28.1430429, 0.0 ], [ 73.1228778, 28.1430432, 0.0 ], [ 73.1228725, 28.1433465, 0.0 ], [ 73.1228493, 28.1433461, 0.0 ], [ 73.1228546, 28.1430429, 0.0 ] ], [ [ 73.1227987, 28.1430421, 0.0 ], [ 73.1228218, 28.1430424, 0.0 ], [ 73.1228165, 28.1433457, 0.0 ], [ 73.1227934, 28.1433454, 0.0 ], [ 73.1227987, 28.1430421, 0.0 ] ], [ [ 73.1228492, 28.1433546, 0.0 ], [ 73.1228723, 28.1433549, 0.0 ], [ 73.122867, 28.1436581, 0.0 ], [ 73.1228439, 28.1436578, 0.0 ], [ 73.1228492, 28.1433546, 0.0 ] ], [ [ 73.1227932, 28.1433538, 0.0 ], [ 73.1228163, 28.1433541, 0.0 ], [ 73.1228111, 28.1436574, 0.0 ], [ 73.1227879, 28.1436571, 0.0 ], [ 73.1227932, 28.1433538, 0.0 ] ], [ [ 73.1227427, 28.1430413, 0.0 ], [ 73.1227658, 28.1430417, 0.0 ], [ 73.1227605, 28.1433449, 0.0 ], [ 73.1227374, 28.1433446, 0.0 ], [ 73.1227427, 28.1430413, 0.0 ] ], [ [ 73.1226867, 28.1430406, 0.0 ], [ 73.1227098, 28.1430409, 0.0 ], [ 73.1227045, 28.1433442, 0.0 ], [ 73.1226814, 28.1433438, 0.0 ], [ 73.1226867, 28.1430406, 0.0 ] ], [ [ 73.1227372, 28.143353, 0.0 ], [ 73.1227604, 28.1433533, 0.0 ], [ 73.1227551, 28.1436566, 0.0 ], [ 73.1227319, 28.1436563, 0.0 ], [ 73.1227372, 28.143353, 0.0 ] ], [ [ 73.1226813, 28.1433523, 0.0 ], [ 73.1227044, 28.1433526, 0.0 ], [ 73.1226991, 28.1436558, 0.0 ], [ 73.122676, 28.1436555, 0.0 ], [ 73.1226813, 28.1433523, 0.0 ] ], [ [ 73.1226307, 28.1430398, 0.0 ], [ 73.1226538, 28.1430401, 0.0 ], [ 73.1226485, 28.1433434, 0.0 ], [ 73.1226254, 28.1433431, 0.0 ], [ 73.1226307, 28.1430398, 0.0 ] ], [ [ 73.1225747, 28.143039, 0.0 ], [ 73.1225978, 28.1430394, 0.0 ], [ 73.1225926, 28.1433426, 0.0 ], [ 73.1225694, 28.1433423, 0.0 ], [ 73.1225747, 28.143039, 0.0 ] ], [ [ 73.1226253, 28.1433515, 0.0 ], [ 73.1226484, 28.1433518, 0.0 ], [ 73.1226431, 28.1436551, 0.0 ], [ 73.12262, 28.1436548, 0.0 ], [ 73.1226253, 28.1433515, 0.0 ] ], [ [ 73.1225693, 28.1433507, 0.0 ], [ 73.1225924, 28.143351, 0.0 ], [ 73.1225871, 28.1436543, 0.0 ], [ 73.122564, 28.143654, 0.0 ], [ 73.1225693, 28.1433507, 0.0 ] ], [ [ 73.1267692, 28.1433398, 0.0 ], [ 73.1267923, 28.1433401, 0.0 ], [ 73.126787, 28.1436434, 0.0 ], [ 73.1267639, 28.1436431, 0.0 ], [ 73.1267692, 28.1433398, 0.0 ] ], [ [ 73.1267132, 28.143339, 0.0 ], [ 73.1267363, 28.1433394, 0.0 ], [ 73.126731, 28.1436426, 0.0 ], [ 73.1267079, 28.1436423, 0.0 ], [ 73.1267132, 28.143339, 0.0 ] ], [ [ 73.1267637, 28.1436515, 0.0 ], [ 73.1267869, 28.1436518, 0.0 ], [ 73.1267816, 28.1439551, 0.0 ], [ 73.1267585, 28.1439548, 0.0 ], [ 73.1267637, 28.1436515, 0.0 ] ], [ [ 73.1267078, 28.1436507, 0.0 ], [ 73.1267309, 28.143651, 0.0 ], [ 73.1267256, 28.1439543, 0.0 ], [ 73.1267025, 28.143954, 0.0 ], [ 73.1267078, 28.1436507, 0.0 ] ], [ [ 73.1266572, 28.1433383, 0.0 ], [ 73.1266803, 28.1433386, 0.0 ], [ 73.126675, 28.1436419, 0.0 ], [ 73.1266519, 28.1436415, 0.0 ], [ 73.1266572, 28.1433383, 0.0 ] ], [ [ 73.1266012, 28.1433375, 0.0 ], [ 73.1266243, 28.1433378, 0.0 ], [ 73.1266191, 28.1436411, 0.0 ], [ 73.1265959, 28.1436408, 0.0 ], [ 73.1266012, 28.1433375, 0.0 ] ], [ [ 73.1266518, 28.14365, 0.0 ], [ 73.1266749, 28.1436503, 0.0 ], [ 73.1266696, 28.1439535, 0.0 ], [ 73.1266465, 28.1439532, 0.0 ], [ 73.1266518, 28.14365, 0.0 ] ], [ [ 73.1265958, 28.1436492, 0.0 ], [ 73.1266189, 28.1436495, 0.0 ], [ 73.1266136, 28.1439528, 0.0 ], [ 73.1265905, 28.1439525, 0.0 ], [ 73.1265958, 28.1436492, 0.0 ] ], [ [ 73.1265452, 28.1433368, 0.0 ], [ 73.1265684, 28.1433371, 0.0 ], [ 73.1265631, 28.1436403, 0.0 ], [ 73.12654, 28.14364, 0.0 ], [ 73.1265452, 28.1433368, 0.0 ] ], [ [ 73.1264893, 28.143336, 0.0 ], [ 73.1265124, 28.1433363, 0.0 ], [ 73.1265071, 28.1436396, 0.0 ], [ 73.126484, 28.1436393, 0.0 ], [ 73.1264893, 28.143336, 0.0 ] ], [ [ 73.1265398, 28.1436484, 0.0 ], [ 73.1265629, 28.1436488, 0.0 ], [ 73.1265577, 28.143952, 0.0 ], [ 73.1265345, 28.1439517, 0.0 ], [ 73.1265398, 28.1436484, 0.0 ] ], [ [ 73.1264838, 28.1436477, 0.0 ], [ 73.126507, 28.143648, 0.0 ], [ 73.1265017, 28.1439513, 0.0 ], [ 73.1264785, 28.1439509, 0.0 ], [ 73.1264838, 28.1436477, 0.0 ] ], [ [ 73.1264333, 28.1433352, 0.0 ], [ 73.1264564, 28.1433355, 0.0 ], [ 73.1264511, 28.1436388, 0.0 ], [ 73.126428, 28.1436385, 0.0 ], [ 73.1264333, 28.1433352, 0.0 ] ], [ [ 73.1263773, 28.1433345, 0.0 ], [ 73.1264004, 28.1433348, 0.0 ], [ 73.1263951, 28.143638, 0.0 ], [ 73.126372, 28.1436377, 0.0 ], [ 73.1263773, 28.1433345, 0.0 ] ], [ [ 73.1264278, 28.1436469, 0.0 ], [ 73.126451, 28.1436472, 0.0 ], [ 73.1264457, 28.1439505, 0.0 ], [ 73.1264226, 28.1439502, 0.0 ], [ 73.1264278, 28.1436469, 0.0 ] ], [ [ 73.1263719, 28.1436461, 0.0 ], [ 73.126395, 28.1436465, 0.0 ], [ 73.1263897, 28.1439497, 0.0 ], [ 73.1263666, 28.1439494, 0.0 ], [ 73.1263719, 28.1436461, 0.0 ] ], [ [ 73.1263213, 28.1433337, 0.0 ], [ 73.1263444, 28.143334, 0.0 ], [ 73.1263392, 28.1436373, 0.0 ], [ 73.126316, 28.143637, 0.0 ], [ 73.1263213, 28.1433337, 0.0 ] ], [ [ 73.1262653, 28.1433329, 0.0 ], [ 73.1262884, 28.1433332, 0.0 ], [ 73.1262832, 28.1436365, 0.0 ], [ 73.12626, 28.1436362, 0.0 ], [ 73.1262653, 28.1433329, 0.0 ] ], [ [ 73.1263159, 28.1436454, 0.0 ], [ 73.126339, 28.1436457, 0.0 ], [ 73.1263337, 28.143949, 0.0 ], [ 73.1263106, 28.1439486, 0.0 ], [ 73.1263159, 28.1436454, 0.0 ] ], [ [ 73.1262599, 28.1436446, 0.0 ], [ 73.126283, 28.1436449, 0.0 ], [ 73.1262777, 28.1439482, 0.0 ], [ 73.1262546, 28.1439479, 0.0 ], [ 73.1262599, 28.1436446, 0.0 ] ], [ [ 73.1274391, 28.1434562, 0.0 ], [ 73.1274622, 28.1434565, 0.0 ], [ 73.1274569, 28.1437597, 0.0 ], [ 73.1274338, 28.1437594, 0.0 ], [ 73.1274391, 28.1434562, 0.0 ] ], [ [ 73.1273831, 28.1434554, 0.0 ], [ 73.1274062, 28.1434557, 0.0 ], [ 73.127401, 28.143759, 0.0 ], [ 73.1273778, 28.1437587, 0.0 ], [ 73.1273831, 28.1434554, 0.0 ] ], [ [ 73.1274337, 28.1437679, 0.0 ], [ 73.1274568, 28.1437682, 0.0 ], [ 73.1274515, 28.1440714, 0.0 ], [ 73.1274284, 28.1440711, 0.0 ], [ 73.1274337, 28.1437679, 0.0 ] ], [ [ 73.1273777, 28.1437671, 0.0 ], [ 73.1274008, 28.1437674, 0.0 ], [ 73.1273955, 28.1440707, 0.0 ], [ 73.1273724, 28.1440704, 0.0 ], [ 73.1273777, 28.1437671, 0.0 ] ], [ [ 73.1273271, 28.1434546, 0.0 ], [ 73.1273503, 28.143455, 0.0 ], [ 73.127345, 28.1437582, 0.0 ], [ 73.1273219, 28.1437579, 0.0 ], [ 73.1273271, 28.1434546, 0.0 ] ], [ [ 73.1272711, 28.1434539, 0.0 ], [ 73.1272943, 28.1434542, 0.0 ], [ 73.127289, 28.1437575, 0.0 ], [ 73.1272659, 28.1437571, 0.0 ], [ 73.1272711, 28.1434539, 0.0 ] ], [ [ 73.1273217, 28.1437663, 0.0 ], [ 73.1273448, 28.1437666, 0.0 ], [ 73.1273396, 28.1440699, 0.0 ], [ 73.1273164, 28.1440696, 0.0 ], [ 73.1273217, 28.1437663, 0.0 ] ], [ [ 73.1272657, 28.1437656, 0.0 ], [ 73.1272888, 28.1437659, 0.0 ], [ 73.1272836, 28.1440691, 0.0 ], [ 73.1272604, 28.1440688, 0.0 ], [ 73.1272657, 28.1437656, 0.0 ] ], [ [ 73.1272152, 28.1434531, 0.0 ], [ 73.1272383, 28.1434534, 0.0 ], [ 73.127233, 28.1437567, 0.0 ], [ 73.1272099, 28.1437564, 0.0 ], [ 73.1272152, 28.1434531, 0.0 ] ], [ [ 73.1271592, 28.1434523, 0.0 ], [ 73.1271823, 28.1434527, 0.0 ], [ 73.127177, 28.1437559, 0.0 ], [ 73.1271539, 28.1437556, 0.0 ], [ 73.1271592, 28.1434523, 0.0 ] ], [ [ 73.1272097, 28.1437648, 0.0 ], [ 73.1272329, 28.1437651, 0.0 ], [ 73.1272276, 28.1440684, 0.0 ], [ 73.1272045, 28.1440681, 0.0 ], [ 73.1272097, 28.1437648, 0.0 ] ], [ [ 73.1271538, 28.143764, 0.0 ], [ 73.1271769, 28.1437643, 0.0 ], [ 73.1271716, 28.1440676, 0.0 ], [ 73.1271485, 28.1440673, 0.0 ], [ 73.1271538, 28.143764, 0.0 ] ], [ [ 73.127103, 28.1434516, 0.0 ], [ 73.1271261, 28.1434519, 0.0 ], [ 73.1271209, 28.1437552, 0.0 ], [ 73.1270977, 28.1437548, 0.0 ], [ 73.127103, 28.1434516, 0.0 ] ], [ [ 73.127047, 28.1434508, 0.0 ], [ 73.1270702, 28.1434511, 0.0 ], [ 73.1270649, 28.1437544, 0.0 ], [ 73.1270418, 28.1437541, 0.0 ], [ 73.127047, 28.1434508, 0.0 ] ], [ [ 73.1270976, 28.1437633, 0.0 ], [ 73.1271207, 28.1437636, 0.0 ], [ 73.1271154, 28.1440668, 0.0 ], [ 73.1270923, 28.1440665, 0.0 ], [ 73.1270976, 28.1437633, 0.0 ] ], [ [ 73.1270416, 28.1437625, 0.0 ], [ 73.1270647, 28.1437628, 0.0 ], [ 73.1270595, 28.1440661, 0.0 ], [ 73.1270363, 28.1440658, 0.0 ], [ 73.1270416, 28.1437625, 0.0 ] ], [ [ 73.1269911, 28.14345, 0.0 ], [ 73.1270142, 28.1434504, 0.0 ], [ 73.1270089, 28.1437536, 0.0 ], [ 73.1269858, 28.1437533, 0.0 ], [ 73.1269911, 28.14345, 0.0 ] ], [ [ 73.1269351, 28.1434493, 0.0 ], [ 73.1269582, 28.1434496, 0.0 ], [ 73.1269529, 28.1437529, 0.0 ], [ 73.1269298, 28.1437525, 0.0 ], [ 73.1269351, 28.1434493, 0.0 ] ], [ [ 73.1269856, 28.1437617, 0.0 ], [ 73.1270088, 28.143762, 0.0 ], [ 73.1270035, 28.1440653, 0.0 ], [ 73.1269804, 28.144065, 0.0 ], [ 73.1269856, 28.1437617, 0.0 ] ], [ [ 73.1269296, 28.143761, 0.0 ], [ 73.1269528, 28.1437613, 0.0 ], [ 73.1269475, 28.1440645, 0.0 ], [ 73.1269244, 28.1440642, 0.0 ], [ 73.1269296, 28.143761, 0.0 ] ], [ [ 73.126881, 28.1433413, 0.0 ], [ 73.1269041, 28.1433416, 0.0 ], [ 73.1268988, 28.1436449, 0.0 ], [ 73.1268757, 28.1436446, 0.0 ], [ 73.126881, 28.1433413, 0.0 ] ], [ [ 73.126825, 28.1433405, 0.0 ], [ 73.1268481, 28.1433409, 0.0 ], [ 73.1268428, 28.1436441, 0.0 ], [ 73.1268197, 28.1436438, 0.0 ], [ 73.126825, 28.1433405, 0.0 ] ], [ [ 73.1268755, 28.143653, 0.0 ], [ 73.1268987, 28.1436533, 0.0 ], [ 73.1268934, 28.1439566, 0.0 ], [ 73.1268703, 28.1439563, 0.0 ], [ 73.1268755, 28.143653, 0.0 ] ], [ [ 73.1268195, 28.1436522, 0.0 ], [ 73.1268427, 28.1436525, 0.0 ], [ 73.1268374, 28.1439558, 0.0 ], [ 73.1268143, 28.1439555, 0.0 ], [ 73.1268195, 28.1436522, 0.0 ] ], [ [ 73.1278775, 28.1440062, 0.0 ], [ 73.1279006, 28.1440065, 0.0 ], [ 73.1278953, 28.1443097, 0.0 ], [ 73.1278722, 28.1443094, 0.0 ], [ 73.1278775, 28.1440062, 0.0 ] ], [ [ 73.1278215, 28.1440054, 0.0 ], [ 73.1278446, 28.1440057, 0.0 ], [ 73.1278394, 28.144309, 0.0 ], [ 73.1278162, 28.1443087, 0.0 ], [ 73.1278215, 28.1440054, 0.0 ] ], [ [ 73.1278721, 28.1443178, 0.0 ], [ 73.1278952, 28.1443182, 0.0 ], [ 73.1278899, 28.1446214, 0.0 ], [ 73.1278668, 28.1446211, 0.0 ], [ 73.1278721, 28.1443178, 0.0 ] ], [ [ 73.1278161, 28.1443171, 0.0 ], [ 73.1278392, 28.1443174, 0.0 ], [ 73.1278339, 28.1446207, 0.0 ], [ 73.1278108, 28.1446203, 0.0 ], [ 73.1278161, 28.1443171, 0.0 ] ], [ [ 73.127775, 28.1434608, 0.0 ], [ 73.1277981, 28.1434611, 0.0 ], [ 73.1277928, 28.1437643, 0.0 ], [ 73.1277697, 28.143764, 0.0 ], [ 73.127775, 28.1434608, 0.0 ] ], [ [ 73.127719, 28.14346, 0.0 ], [ 73.1277421, 28.1434603, 0.0 ], [ 73.1277369, 28.1437636, 0.0 ], [ 73.1277137, 28.1437633, 0.0 ], [ 73.127719, 28.14346, 0.0 ] ], [ [ 73.1277696, 28.1437724, 0.0 ], [ 73.1277927, 28.1437728, 0.0 ], [ 73.1277874, 28.144076, 0.0 ], [ 73.1277643, 28.1440757, 0.0 ], [ 73.1277696, 28.1437724, 0.0 ] ], [ [ 73.1277136, 28.1437717, 0.0 ], [ 73.1277367, 28.143772, 0.0 ], [ 73.1277314, 28.1440753, 0.0 ], [ 73.1277083, 28.1440749, 0.0 ], [ 73.1277136, 28.1437717, 0.0 ] ], [ [ 73.127663, 28.1434592, 0.0 ], [ 73.1276861, 28.1434595, 0.0 ], [ 73.1276809, 28.1437628, 0.0 ], [ 73.1276577, 28.1437625, 0.0 ], [ 73.127663, 28.1434592, 0.0 ] ], [ [ 73.127607, 28.1434585, 0.0 ], [ 73.1276302, 28.1434588, 0.0 ], [ 73.1276249, 28.143762, 0.0 ], [ 73.1276018, 28.1437617, 0.0 ], [ 73.127607, 28.1434585, 0.0 ] ], [ [ 73.1276576, 28.1437709, 0.0 ], [ 73.1276807, 28.1437712, 0.0 ], [ 73.1276755, 28.1440745, 0.0 ], [ 73.1276523, 28.1440742, 0.0 ], [ 73.1276576, 28.1437709, 0.0 ] ], [ [ 73.1276016, 28.1437701, 0.0 ], [ 73.1276247, 28.1437705, 0.0 ], [ 73.1276195, 28.1440737, 0.0 ], [ 73.1275963, 28.1440734, 0.0 ], [ 73.1276016, 28.1437701, 0.0 ] ], [ [ 73.1275511, 28.1434577, 0.0 ], [ 73.1275742, 28.143458, 0.0 ], [ 73.1275689, 28.1437613, 0.0 ], [ 73.1275458, 28.143761, 0.0 ], [ 73.1275511, 28.1434577, 0.0 ] ], [ [ 73.1274951, 28.1434569, 0.0 ], [ 73.1275182, 28.1434572, 0.0 ], [ 73.1275129, 28.1437605, 0.0 ], [ 73.1274898, 28.1437602, 0.0 ], [ 73.1274951, 28.1434569, 0.0 ] ], [ [ 73.1275456, 28.1437694, 0.0 ], [ 73.1275688, 28.1437697, 0.0 ], [ 73.1275635, 28.144073, 0.0 ], [ 73.1275404, 28.1440726, 0.0 ], [ 73.1275456, 28.1437694, 0.0 ] ], [ [ 73.1274897, 28.1437686, 0.0 ], [ 73.1275128, 28.1437689, 0.0 ], [ 73.1275075, 28.1440722, 0.0 ], [ 73.1274844, 28.1440719, 0.0 ], [ 73.1274897, 28.1437686, 0.0 ] ], [ [ 73.1234145, 28.1430506, 0.0 ], [ 73.1234376, 28.1430509, 0.0 ], [ 73.1234323, 28.1433541, 0.0 ], [ 73.1234092, 28.1433538, 0.0 ], [ 73.1234145, 28.1430506, 0.0 ] ], [ [ 73.1233585, 28.1430498, 0.0 ], [ 73.1233816, 28.1430501, 0.0 ], [ 73.1233763, 28.1433534, 0.0 ], [ 73.1233532, 28.1433531, 0.0 ], [ 73.1233585, 28.1430498, 0.0 ] ], [ [ 73.123409, 28.1433622, 0.0 ], [ 73.1234321, 28.1433626, 0.0 ], [ 73.1234269, 28.1436658, 0.0 ], [ 73.1234037, 28.1436655, 0.0 ], [ 73.123409, 28.1433622, 0.0 ] ], [ [ 73.123353, 28.1433615, 0.0 ], [ 73.1233762, 28.1433618, 0.0 ], [ 73.1233709, 28.1436651, 0.0 ], [ 73.1233478, 28.1436647, 0.0 ], [ 73.123353, 28.1433615, 0.0 ] ], [ [ 73.1233025, 28.143049, 0.0 ], [ 73.1233256, 28.1430493, 0.0 ], [ 73.1233203, 28.1433526, 0.0 ], [ 73.1232972, 28.1433523, 0.0 ], [ 73.1233025, 28.143049, 0.0 ] ], [ [ 73.1232465, 28.1430483, 0.0 ], [ 73.1232696, 28.1430486, 0.0 ], [ 73.1232643, 28.1433518, 0.0 ], [ 73.1232412, 28.1433515, 0.0 ], [ 73.1232465, 28.1430483, 0.0 ] ], [ [ 73.1232971, 28.1433607, 0.0 ], [ 73.1233202, 28.143361, 0.0 ], [ 73.1233149, 28.1436643, 0.0 ], [ 73.1232918, 28.143664, 0.0 ], [ 73.1232971, 28.1433607, 0.0 ] ], [ [ 73.1232411, 28.1433599, 0.0 ], [ 73.1232642, 28.1433603, 0.0 ], [ 73.1232589, 28.1436635, 0.0 ], [ 73.1232358, 28.1436632, 0.0 ], [ 73.1232411, 28.1433599, 0.0 ] ], [ [ 73.1231905, 28.1430475, 0.0 ], [ 73.1232137, 28.1430478, 0.0 ], [ 73.1232084, 28.1433511, 0.0 ], [ 73.1231852, 28.1433508, 0.0 ], [ 73.1231905, 28.1430475, 0.0 ] ], [ [ 73.1231345, 28.1430467, 0.0 ], [ 73.1231577, 28.143047, 0.0 ], [ 73.1231524, 28.1433503, 0.0 ], [ 73.1231293, 28.14335, 0.0 ], [ 73.1231345, 28.1430467, 0.0 ] ], [ [ 73.1231851, 28.1433592, 0.0 ], [ 73.1232082, 28.1433595, 0.0 ], [ 73.1232029, 28.1436628, 0.0 ], [ 73.1231798, 28.1436624, 0.0 ], [ 73.1231851, 28.1433592, 0.0 ] ], [ [ 73.1231291, 28.1433584, 0.0 ], [ 73.1231522, 28.1433587, 0.0 ], [ 73.1231469, 28.143662, 0.0 ], [ 73.1231238, 28.1436617, 0.0 ], [ 73.1231291, 28.1433584, 0.0 ] ], [ [ 73.1237504, 28.1430552, 0.0 ], [ 73.1237735, 28.1430555, 0.0 ], [ 73.1237682, 28.1433587, 0.0 ], [ 73.1237451, 28.1433584, 0.0 ], [ 73.1237504, 28.1430552, 0.0 ] ], [ [ 73.1236944, 28.1430544, 0.0 ], [ 73.1237175, 28.1430547, 0.0 ], [ 73.1237122, 28.143358, 0.0 ], [ 73.1236891, 28.1433577, 0.0 ], [ 73.1236944, 28.1430544, 0.0 ] ], [ [ 73.1237449, 28.1433668, 0.0 ], [ 73.123768, 28.1433672, 0.0 ], [ 73.1237628, 28.1436704, 0.0 ], [ 73.1237396, 28.1436701, 0.0 ], [ 73.1237449, 28.1433668, 0.0 ] ], [ [ 73.1236889, 28.1433661, 0.0 ], [ 73.1237121, 28.1433664, 0.0 ], [ 73.1237068, 28.1436697, 0.0 ], [ 73.1236836, 28.1436693, 0.0 ], [ 73.1236889, 28.1433661, 0.0 ] ], [ [ 73.1236384, 28.1430536, 0.0 ], [ 73.1236615, 28.1430539, 0.0 ], [ 73.1236562, 28.1433572, 0.0 ], [ 73.1236331, 28.1433569, 0.0 ], [ 73.1236384, 28.1430536, 0.0 ] ], [ [ 73.1235824, 28.1430529, 0.0 ], [ 73.1236055, 28.1430532, 0.0 ], [ 73.1236002, 28.1433564, 0.0 ], [ 73.1235771, 28.1433561, 0.0 ], [ 73.1235824, 28.1430529, 0.0 ] ], [ [ 73.123633, 28.1433653, 0.0 ], [ 73.1236561, 28.1433656, 0.0 ], [ 73.1236508, 28.1436689, 0.0 ], [ 73.1236277, 28.1436686, 0.0 ], [ 73.123633, 28.1433653, 0.0 ] ], [ [ 73.123577, 28.1433645, 0.0 ], [ 73.1236001, 28.1433649, 0.0 ], [ 73.1235948, 28.1436681, 0.0 ], [ 73.1235717, 28.1436678, 0.0 ], [ 73.123577, 28.1433645, 0.0 ] ], [ [ 73.1235264, 28.1430521, 0.0 ], [ 73.1235495, 28.1430524, 0.0 ], [ 73.1235443, 28.1433557, 0.0 ], [ 73.1235211, 28.1433554, 0.0 ], [ 73.1235264, 28.1430521, 0.0 ] ], [ [ 73.1234704, 28.1430513, 0.0 ], [ 73.1234936, 28.1430516, 0.0 ], [ 73.1234883, 28.1433549, 0.0 ], [ 73.1234652, 28.1433546, 0.0 ], [ 73.1234704, 28.1430513, 0.0 ] ], [ [ 73.123521, 28.1433638, 0.0 ], [ 73.1235441, 28.1433641, 0.0 ], [ 73.1235388, 28.1436674, 0.0 ], [ 73.1235157, 28.143667, 0.0 ], [ 73.123521, 28.1433638, 0.0 ] ], [ [ 73.123465, 28.143363, 0.0 ], [ 73.1234881, 28.1433633, 0.0 ], [ 73.1234828, 28.1436666, 0.0 ], [ 73.1234597, 28.1436663, 0.0 ], [ 73.123465, 28.143363, 0.0 ] ], [ [ 73.1246461, 28.1430674, 0.0 ], [ 73.1246692, 28.1430677, 0.0 ], [ 73.1246639, 28.143371, 0.0 ], [ 73.1246408, 28.1433707, 0.0 ], [ 73.1246461, 28.1430674, 0.0 ] ], [ [ 73.1245901, 28.1430667, 0.0 ], [ 73.1246132, 28.143067, 0.0 ], [ 73.1246079, 28.1433702, 0.0 ], [ 73.1245848, 28.1433699, 0.0 ], [ 73.1245901, 28.1430667, 0.0 ] ], [ [ 73.1246406, 28.1433791, 0.0 ], [ 73.1246638, 28.1433794, 0.0 ], [ 73.1246585, 28.1436827, 0.0 ], [ 73.1246354, 28.1436824, 0.0 ], [ 73.1246406, 28.1433791, 0.0 ] ], [ [ 73.1245847, 28.1433783, 0.0 ], [ 73.1246078, 28.1433787, 0.0 ], [ 73.1246025, 28.1436819, 0.0 ], [ 73.1245794, 28.1436816, 0.0 ], [ 73.1245847, 28.1433783, 0.0 ] ], [ [ 73.1245341, 28.1430659, 0.0 ], [ 73.1245572, 28.1430662, 0.0 ], [ 73.1245519, 28.1433695, 0.0 ], [ 73.1245288, 28.1433692, 0.0 ], [ 73.1245341, 28.1430659, 0.0 ] ], [ [ 73.1244781, 28.1430651, 0.0 ], [ 73.1245012, 28.1430654, 0.0 ], [ 73.124496, 28.1433687, 0.0 ], [ 73.1244728, 28.1433684, 0.0 ], [ 73.1244781, 28.1430651, 0.0 ] ], [ [ 73.1245287, 28.1433776, 0.0 ], [ 73.1245518, 28.1433779, 0.0 ], [ 73.1245465, 28.1436812, 0.0 ], [ 73.1245234, 28.1436808, 0.0 ], [ 73.1245287, 28.1433776, 0.0 ] ], [ [ 73.1244727, 28.1433768, 0.0 ], [ 73.1244958, 28.1433771, 0.0 ], [ 73.1244905, 28.1436804, 0.0 ], [ 73.1244674, 28.1436801, 0.0 ], [ 73.1244727, 28.1433768, 0.0 ] ], [ [ 73.1244221, 28.1430644, 0.0 ], [ 73.1244453, 28.1430647, 0.0 ], [ 73.12444, 28.1433679, 0.0 ], [ 73.1244169, 28.1433676, 0.0 ], [ 73.1244221, 28.1430644, 0.0 ] ], [ [ 73.1243662, 28.1430636, 0.0 ], [ 73.1243893, 28.1430639, 0.0 ], [ 73.124384, 28.1433672, 0.0 ], [ 73.1243609, 28.1433669, 0.0 ], [ 73.1243662, 28.1430636, 0.0 ] ], [ [ 73.1244167, 28.143376, 0.0 ], [ 73.1244398, 28.1433764, 0.0 ], [ 73.1244345, 28.1436796, 0.0 ], [ 73.1244114, 28.1436793, 0.0 ], [ 73.1244167, 28.143376, 0.0 ] ], [ [ 73.1243607, 28.1433753, 0.0 ], [ 73.1243839, 28.1433756, 0.0 ], [ 73.1243786, 28.1436789, 0.0 ], [ 73.1243554, 28.1436785, 0.0 ], [ 73.1243607, 28.1433753, 0.0 ] ], [ [ 73.1238623, 28.1430567, 0.0 ], [ 73.1238854, 28.143057, 0.0 ], [ 73.1238802, 28.1433603, 0.0 ], [ 73.123857, 28.14336, 0.0 ], [ 73.1238623, 28.1430567, 0.0 ] ], [ [ 73.1238063, 28.1430559, 0.0 ], [ 73.1238295, 28.1430562, 0.0 ], [ 73.1238242, 28.1433595, 0.0 ], [ 73.123801, 28.1433592, 0.0 ], [ 73.1238063, 28.1430559, 0.0 ] ], [ [ 73.1238569, 28.1433684, 0.0 ], [ 73.12388, 28.1433687, 0.0 ], [ 73.1238747, 28.143672, 0.0 ], [ 73.1238516, 28.1436716, 0.0 ], [ 73.1238569, 28.1433684, 0.0 ] ], [ [ 73.1238009, 28.1433676, 0.0 ], [ 73.123824, 28.1433679, 0.0 ], [ 73.1238187, 28.1436712, 0.0 ], [ 73.1237956, 28.1436709, 0.0 ], [ 73.1238009, 28.1433676, 0.0 ] ], [ [ 73.124982, 28.143072, 0.0 ], [ 73.1250051, 28.1430723, 0.0 ], [ 73.1249998, 28.1433756, 0.0 ], [ 73.1249767, 28.1433753, 0.0 ], [ 73.124982, 28.143072, 0.0 ] ], [ [ 73.124926, 28.1430713, 0.0 ], [ 73.1249491, 28.1430716, 0.0 ], [ 73.1249438, 28.1433748, 0.0 ], [ 73.1249207, 28.1433745, 0.0 ], [ 73.124926, 28.1430713, 0.0 ] ], [ [ 73.1249765, 28.1433837, 0.0 ], [ 73.1249997, 28.143384, 0.0 ], [ 73.1249944, 28.1436873, 0.0 ], [ 73.1249712, 28.143687, 0.0 ], [ 73.1249765, 28.1433837, 0.0 ] ], [ [ 73.1249206, 28.1433829, 0.0 ], [ 73.1249437, 28.1433833, 0.0 ], [ 73.1249384, 28.1436865, 0.0 ], [ 73.1249153, 28.1436862, 0.0 ], [ 73.1249206, 28.1433829, 0.0 ] ], [ [ 73.12487, 28.1430705, 0.0 ], [ 73.1248931, 28.1430708, 0.0 ], [ 73.1248878, 28.1433741, 0.0 ], [ 73.1248647, 28.1433737, 0.0 ], [ 73.12487, 28.1430705, 0.0 ] ], [ [ 73.124814, 28.1430697, 0.0 ], [ 73.1248371, 28.14307, 0.0 ], [ 73.1248319, 28.1433733, 0.0 ], [ 73.1248087, 28.143373, 0.0 ], [ 73.124814, 28.1430697, 0.0 ] ], [ [ 73.1248646, 28.1433822, 0.0 ], [ 73.1248877, 28.1433825, 0.0 ], [ 73.1248824, 28.1436857, 0.0 ], [ 73.1248593, 28.1436854, 0.0 ], [ 73.1248646, 28.1433822, 0.0 ] ], [ [ 73.1248086, 28.1433814, 0.0 ], [ 73.1248317, 28.1433817, 0.0 ], [ 73.1248264, 28.143685, 0.0 ], [ 73.1248033, 28.1436847, 0.0 ], [ 73.1248086, 28.1433814, 0.0 ] ], [ [ 73.124758, 28.143069, 0.0 ], [ 73.1247812, 28.1430693, 0.0 ], [ 73.1247759, 28.1433725, 0.0 ], [ 73.1247527, 28.1433722, 0.0 ], [ 73.124758, 28.143069, 0.0 ] ], [ [ 73.1247021, 28.1430682, 0.0 ], [ 73.1247252, 28.1430685, 0.0 ], [ 73.1247199, 28.1433718, 0.0 ], [ 73.1246968, 28.1433715, 0.0 ], [ 73.1247021, 28.1430682, 0.0 ] ], [ [ 73.1247526, 28.1433806, 0.0 ], [ 73.1247757, 28.143381, 0.0 ], [ 73.1247704, 28.1436842, 0.0 ], [ 73.1247473, 28.1436839, 0.0 ], [ 73.1247526, 28.1433806, 0.0 ] ], [ [ 73.1246966, 28.1433799, 0.0 ], [ 73.1247197, 28.1433802, 0.0 ], [ 73.1247145, 28.1436835, 0.0 ], [ 73.1246913, 28.1436831, 0.0 ], [ 73.1246966, 28.1433799, 0.0 ] ], [ [ 73.1225295, 28.1424188, 0.0 ], [ 73.1225527, 28.1424191, 0.0 ], [ 73.1225474, 28.1427224, 0.0 ], [ 73.1225243, 28.1427221, 0.0 ], [ 73.1225295, 28.1424188, 0.0 ] ], [ [ 73.1224736, 28.1424181, 0.0 ], [ 73.1224967, 28.1424184, 0.0 ], [ 73.1224914, 28.1427216, 0.0 ], [ 73.1224683, 28.1427213, 0.0 ], [ 73.1224736, 28.1424181, 0.0 ] ], [ [ 73.1225241, 28.1427305, 0.0 ], [ 73.1225472, 28.1427308, 0.0 ], [ 73.1225419, 28.1430341, 0.0 ], [ 73.1225188, 28.1430338, 0.0 ], [ 73.1225241, 28.1427305, 0.0 ] ], [ [ 73.1224681, 28.1427297, 0.0 ], [ 73.1224913, 28.1427301, 0.0 ], [ 73.122486, 28.1430333, 0.0 ], [ 73.1224628, 28.143033, 0.0 ], [ 73.1224681, 28.1427297, 0.0 ] ], [ [ 73.1234253, 28.1424311, 0.0 ], [ 73.1234484, 28.1424314, 0.0 ], [ 73.1234431, 28.1427347, 0.0 ], [ 73.12342, 28.1427344, 0.0 ], [ 73.1234253, 28.1424311, 0.0 ] ], [ [ 73.1233693, 28.1424303, 0.0 ], [ 73.1233924, 28.1424306, 0.0 ], [ 73.1233871, 28.1427339, 0.0 ], [ 73.123364, 28.1427336, 0.0 ], [ 73.1233693, 28.1424303, 0.0 ] ], [ [ 73.1234198, 28.1427428, 0.0 ], [ 73.1234429, 28.1427431, 0.0 ], [ 73.1234377, 28.1430464, 0.0 ], [ 73.1234145, 28.143046, 0.0 ], [ 73.1234198, 28.1427428, 0.0 ] ], [ [ 73.1233638, 28.142742, 0.0 ], [ 73.123387, 28.1427423, 0.0 ], [ 73.1233817, 28.1430456, 0.0 ], [ 73.1233586, 28.1430453, 0.0 ], [ 73.1233638, 28.142742, 0.0 ] ], [ [ 73.1233133, 28.1424296, 0.0 ], [ 73.1233364, 28.1424299, 0.0 ], [ 73.1233311, 28.1427331, 0.0 ], [ 73.123308, 28.1427328, 0.0 ], [ 73.1233133, 28.1424296, 0.0 ] ], [ [ 73.1232573, 28.1424288, 0.0 ], [ 73.1232804, 28.1424291, 0.0 ], [ 73.1232751, 28.1427324, 0.0 ], [ 73.123252, 28.1427321, 0.0 ], [ 73.1232573, 28.1424288, 0.0 ] ], [ [ 73.1233079, 28.1427412, 0.0 ], [ 73.123331, 28.1427416, 0.0 ], [ 73.1233257, 28.1430448, 0.0 ], [ 73.1233026, 28.1430445, 0.0 ], [ 73.1233079, 28.1427412, 0.0 ] ], [ [ 73.1232519, 28.1427405, 0.0 ], [ 73.123275, 28.1427408, 0.0 ], [ 73.1232697, 28.1430441, 0.0 ], [ 73.1232466, 28.1430437, 0.0 ], [ 73.1232519, 28.1427405, 0.0 ] ], [ [ 73.1232013, 28.142428, 0.0 ], [ 73.1232245, 28.1424283, 0.0 ], [ 73.1232192, 28.1427316, 0.0 ], [ 73.123196, 28.1427313, 0.0 ], [ 73.1232013, 28.142428, 0.0 ] ], [ [ 73.1231453, 28.1424273, 0.0 ], [ 73.1231685, 28.1424276, 0.0 ], [ 73.1231632, 28.1427308, 0.0 ], [ 73.1231401, 28.1427305, 0.0 ], [ 73.1231453, 28.1424273, 0.0 ] ], [ [ 73.1231959, 28.1427397, 0.0 ], [ 73.123219, 28.14274, 0.0 ], [ 73.1232137, 28.1430433, 0.0 ], [ 73.1231906, 28.143043, 0.0 ], [ 73.1231959, 28.1427397, 0.0 ] ], [ [ 73.1231399, 28.1427389, 0.0 ], [ 73.123163, 28.1427393, 0.0 ], [ 73.1231577, 28.1430425, 0.0 ], [ 73.1231346, 28.1430422, 0.0 ], [ 73.1231399, 28.1427389, 0.0 ] ], [ [ 73.1230894, 28.1424265, 0.0 ], [ 73.1231125, 28.1424268, 0.0 ], [ 73.1231072, 28.1427301, 0.0 ], [ 73.1230841, 28.1427298, 0.0 ], [ 73.1230894, 28.1424265, 0.0 ] ], [ [ 73.1230334, 28.1424257, 0.0 ], [ 73.1230565, 28.142426, 0.0 ], [ 73.1230512, 28.1427293, 0.0 ], [ 73.1230281, 28.142729, 0.0 ], [ 73.1230334, 28.1424257, 0.0 ] ], [ [ 73.1230839, 28.1427382, 0.0 ], [ 73.1231071, 28.1427385, 0.0 ], [ 73.1231018, 28.1430418, 0.0 ], [ 73.1230786, 28.1430414, 0.0 ], [ 73.1230839, 28.1427382, 0.0 ] ], [ [ 73.1230279, 28.1427374, 0.0 ], [ 73.1230511, 28.1427377, 0.0 ], [ 73.1230458, 28.143041, 0.0 ], [ 73.1230227, 28.1430407, 0.0 ], [ 73.1230279, 28.1427374, 0.0 ] ], [ [ 73.1229774, 28.142425, 0.0 ], [ 73.1230005, 28.1424253, 0.0 ], [ 73.1229952, 28.1427285, 0.0 ], [ 73.1229721, 28.1427282, 0.0 ], [ 73.1229774, 28.142425, 0.0 ] ], [ [ 73.1229214, 28.1424242, 0.0 ], [ 73.1229445, 28.1424245, 0.0 ], [ 73.1229393, 28.1427278, 0.0 ], [ 73.1229161, 28.1427275, 0.0 ], [ 73.1229214, 28.1424242, 0.0 ] ], [ [ 73.122972, 28.1427366, 0.0 ], [ 73.1229951, 28.142737, 0.0 ], [ 73.1229898, 28.1430402, 0.0 ], [ 73.1229667, 28.1430399, 0.0 ], [ 73.122972, 28.1427366, 0.0 ] ], [ [ 73.122916, 28.1427359, 0.0 ], [ 73.1229391, 28.1427362, 0.0 ], [ 73.1229338, 28.1430395, 0.0 ], [ 73.1229107, 28.1430391, 0.0 ], [ 73.122916, 28.1427359, 0.0 ] ], [ [ 73.1228654, 28.1424234, 0.0 ], [ 73.1228886, 28.1424237, 0.0 ], [ 73.1228833, 28.142727, 0.0 ], [ 73.1228601, 28.1427267, 0.0 ], [ 73.1228654, 28.1424234, 0.0 ] ], [ [ 73.1228095, 28.1424227, 0.0 ], [ 73.1228326, 28.142423, 0.0 ], [ 73.1228273, 28.1427262, 0.0 ], [ 73.1228042, 28.1427259, 0.0 ], [ 73.1228095, 28.1424227, 0.0 ] ], [ [ 73.12286, 28.1427351, 0.0 ], [ 73.1228831, 28.1427354, 0.0 ], [ 73.1228778, 28.1430387, 0.0 ], [ 73.1228547, 28.1430384, 0.0 ], [ 73.12286, 28.1427351, 0.0 ] ], [ [ 73.122804, 28.1427343, 0.0 ], [ 73.1228271, 28.1427347, 0.0 ], [ 73.1228219, 28.1430379, 0.0 ], [ 73.1227987, 28.1430376, 0.0 ], [ 73.122804, 28.1427343, 0.0 ] ], [ [ 73.1227535, 28.1424219, 0.0 ], [ 73.1227766, 28.1424222, 0.0 ], [ 73.1227713, 28.1427255, 0.0 ], [ 73.1227482, 28.1427252, 0.0 ], [ 73.1227535, 28.1424219, 0.0 ] ], [ [ 73.1226975, 28.1424211, 0.0 ], [ 73.1227206, 28.1424214, 0.0 ], [ 73.1227153, 28.1427247, 0.0 ], [ 73.1226922, 28.1427244, 0.0 ], [ 73.1226975, 28.1424211, 0.0 ] ], [ [ 73.122748, 28.1427336, 0.0 ], [ 73.1227712, 28.1427339, 0.0 ], [ 73.1227659, 28.1430372, 0.0 ], [ 73.1227427, 28.1430368, 0.0 ], [ 73.122748, 28.1427336, 0.0 ] ], [ [ 73.1226921, 28.1427328, 0.0 ], [ 73.1227152, 28.1427331, 0.0 ], [ 73.1227099, 28.1430364, 0.0 ], [ 73.1226868, 28.1430361, 0.0 ], [ 73.1226921, 28.1427328, 0.0 ] ], [ [ 73.1226415, 28.1424204, 0.0 ], [ 73.1226646, 28.1424207, 0.0 ], [ 73.1226593, 28.1427239, 0.0 ], [ 73.1226362, 28.1427236, 0.0 ], [ 73.1226415, 28.1424204, 0.0 ] ], [ [ 73.1225855, 28.1424196, 0.0 ], [ 73.1226087, 28.1424199, 0.0 ], [ 73.1226034, 28.1427232, 0.0 ], [ 73.1225802, 28.1427229, 0.0 ], [ 73.1225855, 28.1424196, 0.0 ] ], [ [ 73.1226361, 28.142732, 0.0 ], [ 73.1226592, 28.1427324, 0.0 ], [ 73.1226539, 28.1430356, 0.0 ], [ 73.1226308, 28.1430353, 0.0 ], [ 73.1226361, 28.142732, 0.0 ] ], [ [ 73.1225801, 28.1427313, 0.0 ], [ 73.1226032, 28.1427316, 0.0 ], [ 73.1225979, 28.1430349, 0.0 ], [ 73.1225748, 28.1430345, 0.0 ], [ 73.1225801, 28.1427313, 0.0 ] ], [ [ 73.1234469, 28.1411922, 0.0 ], [ 73.12347, 28.1411925, 0.0 ], [ 73.1234647, 28.1414958, 0.0 ], [ 73.1234416, 28.1414954, 0.0 ], [ 73.1234469, 28.1411922, 0.0 ] ], [ [ 73.1233909, 28.1411914, 0.0 ], [ 73.123414, 28.1411917, 0.0 ], [ 73.1234087, 28.141495, 0.0 ], [ 73.1233856, 28.1414947, 0.0 ], [ 73.1233909, 28.1411914, 0.0 ] ], [ [ 73.1234414, 28.1415039, 0.0 ], [ 73.1234645, 28.1415042, 0.0 ], [ 73.1234593, 28.1418074, 0.0 ], [ 73.1234361, 28.1418071, 0.0 ], [ 73.1234414, 28.1415039, 0.0 ] ], [ [ 73.1233854, 28.1415031, 0.0 ], [ 73.1234086, 28.1415034, 0.0 ], [ 73.1234033, 28.1418067, 0.0 ], [ 73.1233802, 28.1418064, 0.0 ], [ 73.1233854, 28.1415031, 0.0 ] ], [ [ 73.1233349, 28.1411906, 0.0 ], [ 73.123358, 28.141191, 0.0 ], [ 73.1233527, 28.1414942, 0.0 ], [ 73.1233296, 28.1414939, 0.0 ], [ 73.1233349, 28.1411906, 0.0 ] ], [ [ 73.1232789, 28.1411899, 0.0 ], [ 73.123302, 28.1411902, 0.0 ], [ 73.1232967, 28.1414935, 0.0 ], [ 73.1232736, 28.1414931, 0.0 ], [ 73.1232789, 28.1411899, 0.0 ] ], [ [ 73.1233295, 28.1415023, 0.0 ], [ 73.1233526, 28.1415026, 0.0 ], [ 73.1233473, 28.1418059, 0.0 ], [ 73.1233242, 28.1418056, 0.0 ], [ 73.1233295, 28.1415023, 0.0 ] ], [ [ 73.1232735, 28.1415016, 0.0 ], [ 73.1232966, 28.1415019, 0.0 ], [ 73.1232913, 28.1418051, 0.0 ], [ 73.1232682, 28.1418048, 0.0 ], [ 73.1232735, 28.1415016, 0.0 ] ], [ [ 73.1232229, 28.1411891, 0.0 ], [ 73.1232461, 28.1411894, 0.0 ], [ 73.1232408, 28.1414927, 0.0 ], [ 73.1232176, 28.1414924, 0.0 ], [ 73.1232229, 28.1411891, 0.0 ] ], [ [ 73.1231669, 28.1411883, 0.0 ], [ 73.1231901, 28.1411887, 0.0 ], [ 73.1231848, 28.1414919, 0.0 ], [ 73.1231617, 28.1414916, 0.0 ], [ 73.1231669, 28.1411883, 0.0 ] ], [ [ 73.1232175, 28.1415008, 0.0 ], [ 73.1232406, 28.1415011, 0.0 ], [ 73.1232353, 28.1418044, 0.0 ], [ 73.1232122, 28.1418041, 0.0 ], [ 73.1232175, 28.1415008, 0.0 ] ], [ [ 73.1231615, 28.1415, 0.0 ], [ 73.1231846, 28.1415003, 0.0 ], [ 73.1231794, 28.1418036, 0.0 ], [ 73.1231562, 28.1418033, 0.0 ], [ 73.1231615, 28.1415, 0.0 ] ], [ [ 73.123111, 28.1411876, 0.0 ], [ 73.1231341, 28.1411879, 0.0 ], [ 73.1231288, 28.1414912, 0.0 ], [ 73.1231057, 28.1414908, 0.0 ], [ 73.123111, 28.1411876, 0.0 ] ], [ [ 73.123055, 28.1411868, 0.0 ], [ 73.1230781, 28.1411871, 0.0 ], [ 73.1230728, 28.1414904, 0.0 ], [ 73.1230497, 28.1414901, 0.0 ], [ 73.123055, 28.1411868, 0.0 ] ], [ [ 73.1231055, 28.1414993, 0.0 ], [ 73.1231287, 28.1414996, 0.0 ], [ 73.1231234, 28.1418028, 0.0 ], [ 73.1231002, 28.1418025, 0.0 ], [ 73.1231055, 28.1414993, 0.0 ] ], [ [ 73.1230496, 28.1414985, 0.0 ], [ 73.1230727, 28.1414988, 0.0 ], [ 73.1230674, 28.1418021, 0.0 ], [ 73.1230443, 28.1418018, 0.0 ], [ 73.1230496, 28.1414985, 0.0 ] ], [ [ 73.1234361, 28.1418116, 0.0 ], [ 73.1234592, 28.141812, 0.0 ], [ 73.1234539, 28.1421152, 0.0 ], [ 73.1234308, 28.1421149, 0.0 ], [ 73.1234361, 28.1418116, 0.0 ] ], [ [ 73.1233801, 28.1418109, 0.0 ], [ 73.1234032, 28.1418112, 0.0 ], [ 73.1233979, 28.1421145, 0.0 ], [ 73.1233748, 28.1421141, 0.0 ], [ 73.1233801, 28.1418109, 0.0 ] ], [ [ 73.1234306, 28.1421233, 0.0 ], [ 73.1234537, 28.1421236, 0.0 ], [ 73.1234485, 28.1424269, 0.0 ], [ 73.1234253, 28.1424266, 0.0 ], [ 73.1234306, 28.1421233, 0.0 ] ], [ [ 73.1233746, 28.1421226, 0.0 ], [ 73.1233978, 28.1421229, 0.0 ], [ 73.1233925, 28.1424261, 0.0 ], [ 73.1233694, 28.1424258, 0.0 ], [ 73.1233746, 28.1421226, 0.0 ] ], [ [ 73.1233241, 28.1418101, 0.0 ], [ 73.1233472, 28.1418104, 0.0 ], [ 73.1233419, 28.1421137, 0.0 ], [ 73.1233188, 28.1421134, 0.0 ], [ 73.1233241, 28.1418101, 0.0 ] ], [ [ 73.1232681, 28.1418093, 0.0 ], [ 73.1232912, 28.1418097, 0.0 ], [ 73.1232859, 28.1421129, 0.0 ], [ 73.1232628, 28.1421126, 0.0 ], [ 73.1232681, 28.1418093, 0.0 ] ], [ [ 73.1233187, 28.1421218, 0.0 ], [ 73.1233418, 28.1421221, 0.0 ], [ 73.1233365, 28.1424254, 0.0 ], [ 73.1233134, 28.1424251, 0.0 ], [ 73.1233187, 28.1421218, 0.0 ] ], [ [ 73.1232627, 28.142121, 0.0 ], [ 73.1232858, 28.1421213, 0.0 ], [ 73.1232805, 28.1424246, 0.0 ], [ 73.1232574, 28.1424243, 0.0 ], [ 73.1232627, 28.142121, 0.0 ] ], [ [ 73.1232121, 28.1418086, 0.0 ], [ 73.1232353, 28.1418089, 0.0 ], [ 73.12323, 28.1421122, 0.0 ], [ 73.1232068, 28.1421118, 0.0 ], [ 73.1232121, 28.1418086, 0.0 ] ], [ [ 73.1231561, 28.1418078, 0.0 ], [ 73.1231793, 28.1418081, 0.0 ], [ 73.123174, 28.1421114, 0.0 ], [ 73.1231509, 28.1421111, 0.0 ], [ 73.1231561, 28.1418078, 0.0 ] ], [ [ 73.1232067, 28.1421203, 0.0 ], [ 73.1232298, 28.1421206, 0.0 ], [ 73.1232245, 28.1424238, 0.0 ], [ 73.1232014, 28.1424235, 0.0 ], [ 73.1232067, 28.1421203, 0.0 ] ], [ [ 73.1231507, 28.1421195, 0.0 ], [ 73.1231738, 28.1421198, 0.0 ], [ 73.1231686, 28.1424231, 0.0 ], [ 73.1231454, 28.1424227, 0.0 ], [ 73.1231507, 28.1421195, 0.0 ] ], [ [ 73.1231002, 28.141807, 0.0 ], [ 73.1231233, 28.1418074, 0.0 ], [ 73.123118, 28.1421106, 0.0 ], [ 73.1230949, 28.1421103, 0.0 ], [ 73.1231002, 28.141807, 0.0 ] ], [ [ 73.1230442, 28.1418063, 0.0 ], [ 73.1230673, 28.1418066, 0.0 ], [ 73.123062, 28.1421098, 0.0 ], [ 73.1230389, 28.1421095, 0.0 ], [ 73.1230442, 28.1418063, 0.0 ] ], [ [ 73.1230947, 28.1421187, 0.0 ], [ 73.1231179, 28.142119, 0.0 ], [ 73.1231126, 28.1424223, 0.0 ], [ 73.1230894, 28.142422, 0.0 ], [ 73.1230947, 28.1421187, 0.0 ] ], [ [ 73.1230387, 28.142118, 0.0 ], [ 73.1230619, 28.1421183, 0.0 ], [ 73.1230566, 28.1424215, 0.0 ], [ 73.1230335, 28.1424212, 0.0 ], [ 73.1230387, 28.142118, 0.0 ] ], [ [ 73.1237611, 28.1424357, 0.0 ], [ 73.1237843, 28.142436, 0.0 ], [ 73.123779, 28.1427393, 0.0 ], [ 73.1237559, 28.142739, 0.0 ], [ 73.1237611, 28.1424357, 0.0 ] ], [ [ 73.1237052, 28.1424349, 0.0 ], [ 73.1237283, 28.1424352, 0.0 ], [ 73.123723, 28.1427385, 0.0 ], [ 73.1236999, 28.1427382, 0.0 ], [ 73.1237052, 28.1424349, 0.0 ] ], [ [ 73.1237557, 28.1427474, 0.0 ], [ 73.1237788, 28.1427477, 0.0 ], [ 73.1237736, 28.143051, 0.0 ], [ 73.1237504, 28.1430506, 0.0 ], [ 73.1237557, 28.1427474, 0.0 ] ], [ [ 73.1236997, 28.1427466, 0.0 ], [ 73.1237229, 28.1427469, 0.0 ], [ 73.1237176, 28.1430502, 0.0 ], [ 73.1236944, 28.1430499, 0.0 ], [ 73.1236997, 28.1427466, 0.0 ] ], [ [ 73.1236492, 28.1424342, 0.0 ], [ 73.1236723, 28.1424345, 0.0 ], [ 73.123667, 28.1427377, 0.0 ], [ 73.1236439, 28.1427374, 0.0 ], [ 73.1236492, 28.1424342, 0.0 ] ], [ [ 73.1235932, 28.1424334, 0.0 ], [ 73.1236163, 28.1424337, 0.0 ], [ 73.123611, 28.142737, 0.0 ], [ 73.1235879, 28.1427367, 0.0 ], [ 73.1235932, 28.1424334, 0.0 ] ], [ [ 73.1236438, 28.1427458, 0.0 ], [ 73.1236669, 28.1427462, 0.0 ], [ 73.1236616, 28.1430494, 0.0 ], [ 73.1236385, 28.1430491, 0.0 ], [ 73.1236438, 28.1427458, 0.0 ] ], [ [ 73.1235878, 28.1427451, 0.0 ], [ 73.1236109, 28.1427454, 0.0 ], [ 73.1236056, 28.1430487, 0.0 ], [ 73.1235825, 28.1430483, 0.0 ], [ 73.1235878, 28.1427451, 0.0 ] ], [ [ 73.1235372, 28.1424326, 0.0 ], [ 73.1235603, 28.1424329, 0.0 ], [ 73.1235551, 28.1427362, 0.0 ], [ 73.1235319, 28.1427359, 0.0 ], [ 73.1235372, 28.1424326, 0.0 ] ], [ [ 73.1234812, 28.1424319, 0.0 ], [ 73.1235044, 28.1424322, 0.0 ], [ 73.1234991, 28.1427354, 0.0 ], [ 73.123476, 28.1427351, 0.0 ], [ 73.1234812, 28.1424319, 0.0 ] ], [ [ 73.1235318, 28.1427443, 0.0 ], [ 73.1235549, 28.1427446, 0.0 ], [ 73.1235496, 28.1430479, 0.0 ], [ 73.1235265, 28.1430476, 0.0 ], [ 73.1235318, 28.1427443, 0.0 ] ], [ [ 73.1234758, 28.1427435, 0.0 ], [ 73.1234989, 28.1427439, 0.0 ], [ 73.1234936, 28.1430471, 0.0 ], [ 73.1234705, 28.1430468, 0.0 ], [ 73.1234758, 28.1427435, 0.0 ] ], [ [ 73.1237827, 28.1411968, 0.0 ], [ 73.1238059, 28.1411971, 0.0 ], [ 73.1238006, 28.1415004, 0.0 ], [ 73.1237775, 28.1415, 0.0 ], [ 73.1237827, 28.1411968, 0.0 ] ], [ [ 73.1237268, 28.141196, 0.0 ], [ 73.1237499, 28.1411963, 0.0 ], [ 73.1237446, 28.1414996, 0.0 ], [ 73.1237215, 28.1414993, 0.0 ], [ 73.1237268, 28.141196, 0.0 ] ], [ [ 73.1237773, 28.1415085, 0.0 ], [ 73.1238004, 28.1415088, 0.0 ], [ 73.1237952, 28.141812, 0.0 ], [ 73.123772, 28.1418117, 0.0 ], [ 73.1237773, 28.1415085, 0.0 ] ], [ [ 73.1237213, 28.1415077, 0.0 ], [ 73.1237445, 28.141508, 0.0 ], [ 73.1237392, 28.1418113, 0.0 ], [ 73.123716, 28.141811, 0.0 ], [ 73.1237213, 28.1415077, 0.0 ] ], [ [ 73.1236708, 28.1411952, 0.0 ], [ 73.1236939, 28.1411956, 0.0 ], [ 73.1236886, 28.1414988, 0.0 ], [ 73.1236655, 28.1414985, 0.0 ], [ 73.1236708, 28.1411952, 0.0 ] ], [ [ 73.1236148, 28.1411945, 0.0 ], [ 73.1236379, 28.1411948, 0.0 ], [ 73.1236326, 28.1414981, 0.0 ], [ 73.1236095, 28.1414977, 0.0 ], [ 73.1236148, 28.1411945, 0.0 ] ], [ [ 73.1236653, 28.1415069, 0.0 ], [ 73.1236885, 28.1415072, 0.0 ], [ 73.1236832, 28.1418105, 0.0 ], [ 73.1236601, 28.1418102, 0.0 ], [ 73.1236653, 28.1415069, 0.0 ] ], [ [ 73.1236094, 28.1415062, 0.0 ], [ 73.1236325, 28.1415065, 0.0 ], [ 73.1236272, 28.1418097, 0.0 ], [ 73.1236041, 28.1418094, 0.0 ], [ 73.1236094, 28.1415062, 0.0 ] ], [ [ 73.1235588, 28.1411937, 0.0 ], [ 73.1235819, 28.141194, 0.0 ], [ 73.1235767, 28.1414973, 0.0 ], [ 73.1235535, 28.141497, 0.0 ], [ 73.1235588, 28.1411937, 0.0 ] ], [ [ 73.1235028, 28.1411929, 0.0 ], [ 73.123526, 28.1411933, 0.0 ], [ 73.1235207, 28.1414965, 0.0 ], [ 73.1234976, 28.1414962, 0.0 ], [ 73.1235028, 28.1411929, 0.0 ] ], [ [ 73.1235534, 28.1415054, 0.0 ], [ 73.1235765, 28.1415057, 0.0 ], [ 73.1235712, 28.141809, 0.0 ], [ 73.1235481, 28.1418087, 0.0 ], [ 73.1235534, 28.1415054, 0.0 ] ], [ [ 73.1234974, 28.1415046, 0.0 ], [ 73.1235205, 28.1415049, 0.0 ], [ 73.1235152, 28.1418082, 0.0 ], [ 73.1234921, 28.1418079, 0.0 ], [ 73.1234974, 28.1415046, 0.0 ] ], [ [ 73.1237719, 28.1418162, 0.0 ], [ 73.1237951, 28.1418166, 0.0 ], [ 73.1237898, 28.1421198, 0.0 ], [ 73.1237667, 28.1421195, 0.0 ], [ 73.1237719, 28.1418162, 0.0 ] ], [ [ 73.123716, 28.1418155, 0.0 ], [ 73.1237391, 28.1418158, 0.0 ], [ 73.1237338, 28.1421191, 0.0 ], [ 73.1237107, 28.1421187, 0.0 ], [ 73.123716, 28.1418155, 0.0 ] ], [ [ 73.1237665, 28.1421279, 0.0 ], [ 73.1237896, 28.1421282, 0.0 ], [ 73.1237844, 28.1424315, 0.0 ], [ 73.1237612, 28.1424312, 0.0 ], [ 73.1237665, 28.1421279, 0.0 ] ], [ [ 73.1237105, 28.1421272, 0.0 ], [ 73.1237337, 28.1421275, 0.0 ], [ 73.1237284, 28.1424307, 0.0 ], [ 73.1237052, 28.1424304, 0.0 ], [ 73.1237105, 28.1421272, 0.0 ] ], [ [ 73.12366, 28.1418147, 0.0 ], [ 73.1236831, 28.141815, 0.0 ], [ 73.1236778, 28.1421183, 0.0 ], [ 73.1236547, 28.142118, 0.0 ], [ 73.12366, 28.1418147, 0.0 ] ], [ [ 73.123604, 28.1418139, 0.0 ], [ 73.1236271, 28.1418143, 0.0 ], [ 73.1236218, 28.1421175, 0.0 ], [ 73.1235987, 28.1421172, 0.0 ], [ 73.123604, 28.1418139, 0.0 ] ], [ [ 73.1236545, 28.1421264, 0.0 ], [ 73.1236777, 28.1421267, 0.0 ], [ 73.1236724, 28.14243, 0.0 ], [ 73.1236493, 28.1424297, 0.0 ], [ 73.1236545, 28.1421264, 0.0 ] ], [ [ 73.1235986, 28.1421256, 0.0 ], [ 73.1236217, 28.1421259, 0.0 ], [ 73.1236164, 28.1424292, 0.0 ], [ 73.1235933, 28.1424289, 0.0 ], [ 73.1235986, 28.1421256, 0.0 ] ], [ [ 73.123548, 28.1418132, 0.0 ], [ 73.1235711, 28.1418135, 0.0 ], [ 73.1235659, 28.1421168, 0.0 ], [ 73.1235427, 28.1421164, 0.0 ], [ 73.123548, 28.1418132, 0.0 ] ], [ [ 73.123492, 28.1418124, 0.0 ], [ 73.1235152, 28.1418127, 0.0 ], [ 73.1235099, 28.142116, 0.0 ], [ 73.1234868, 28.1421157, 0.0 ], [ 73.123492, 28.1418124, 0.0 ] ], [ [ 73.1235426, 28.1421249, 0.0 ], [ 73.1235657, 28.1421252, 0.0 ], [ 73.1235604, 28.1424284, 0.0 ], [ 73.1235373, 28.1424281, 0.0 ], [ 73.1235426, 28.1421249, 0.0 ] ], [ [ 73.1234866, 28.1421241, 0.0 ], [ 73.1235097, 28.1421244, 0.0 ], [ 73.1235044, 28.1424277, 0.0 ], [ 73.1234813, 28.1424274, 0.0 ], [ 73.1234866, 28.1421241, 0.0 ] ], [ [ 73.1246569, 28.142448, 0.0 ], [ 73.12468, 28.1424483, 0.0 ], [ 73.1246747, 28.1427515, 0.0 ], [ 73.1246516, 28.1427512, 0.0 ], [ 73.1246569, 28.142448, 0.0 ] ], [ [ 73.1246009, 28.1424472, 0.0 ], [ 73.124624, 28.1424475, 0.0 ], [ 73.1246187, 28.1427508, 0.0 ], [ 73.1245956, 28.1427505, 0.0 ], [ 73.1246009, 28.1424472, 0.0 ] ], [ [ 73.1246514, 28.1427596, 0.0 ], [ 73.1246746, 28.14276, 0.0 ], [ 73.1246693, 28.1430632, 0.0 ], [ 73.1246461, 28.1430629, 0.0 ], [ 73.1246514, 28.1427596, 0.0 ] ], [ [ 73.1245954, 28.1427589, 0.0 ], [ 73.1246186, 28.1427592, 0.0 ], [ 73.1246133, 28.1430625, 0.0 ], [ 73.1245902, 28.1430621, 0.0 ], [ 73.1245954, 28.1427589, 0.0 ] ], [ [ 73.1245449, 28.1424464, 0.0 ], [ 73.124568, 28.1424467, 0.0 ], [ 73.1245627, 28.14275, 0.0 ], [ 73.1245396, 28.1427497, 0.0 ], [ 73.1245449, 28.1424464, 0.0 ] ], [ [ 73.1244889, 28.1424457, 0.0 ], [ 73.124512, 28.142446, 0.0 ], [ 73.1245068, 28.1427492, 0.0 ], [ 73.1244836, 28.1427489, 0.0 ], [ 73.1244889, 28.1424457, 0.0 ] ], [ [ 73.1245395, 28.1427581, 0.0 ], [ 73.1245626, 28.1427584, 0.0 ], [ 73.1245573, 28.1430617, 0.0 ], [ 73.1245342, 28.1430614, 0.0 ], [ 73.1245395, 28.1427581, 0.0 ] ], [ [ 73.1244835, 28.1427573, 0.0 ], [ 73.1245066, 28.1427577, 0.0 ], [ 73.1245013, 28.1430609, 0.0 ], [ 73.1244782, 28.1430606, 0.0 ], [ 73.1244835, 28.1427573, 0.0 ] ], [ [ 73.1244329, 28.1424449, 0.0 ], [ 73.1244561, 28.1424452, 0.0 ], [ 73.1244508, 28.1427485, 0.0 ], [ 73.1244276, 28.1427482, 0.0 ], [ 73.1244329, 28.1424449, 0.0 ] ], [ [ 73.124377, 28.1424441, 0.0 ], [ 73.1244001, 28.1424444, 0.0 ], [ 73.1243948, 28.1427477, 0.0 ], [ 73.1243717, 28.1427474, 0.0 ], [ 73.124377, 28.1424441, 0.0 ] ], [ [ 73.1244275, 28.1427566, 0.0 ], [ 73.1244506, 28.1427569, 0.0 ], [ 73.1244453, 28.1430602, 0.0 ], [ 73.1244222, 28.1430598, 0.0 ], [ 73.1244275, 28.1427566, 0.0 ] ], [ [ 73.1243715, 28.1427558, 0.0 ], [ 73.1243946, 28.1427561, 0.0 ], [ 73.1243894, 28.1430594, 0.0 ], [ 73.1243662, 28.1430591, 0.0 ], [ 73.1243715, 28.1427558, 0.0 ] ], [ [ 73.124321, 28.1424434, 0.0 ], [ 73.1243441, 28.1424437, 0.0 ], [ 73.1243388, 28.1427469, 0.0 ], [ 73.1243157, 28.1427466, 0.0 ], [ 73.124321, 28.1424434, 0.0 ] ], [ [ 73.124265, 28.1424426, 0.0 ], [ 73.1242881, 28.1424429, 0.0 ], [ 73.1242828, 28.1427462, 0.0 ], [ 73.1242597, 28.1427459, 0.0 ], [ 73.124265, 28.1424426, 0.0 ] ], [ [ 73.1243155, 28.142755, 0.0 ], [ 73.1243387, 28.1427554, 0.0 ], [ 73.1243334, 28.1430586, 0.0 ], [ 73.1243103, 28.1430583, 0.0 ], [ 73.1243155, 28.142755, 0.0 ] ], [ [ 73.1242596, 28.1427543, 0.0 ], [ 73.1242827, 28.1427546, 0.0 ], [ 73.1242774, 28.1430579, 0.0 ], [ 73.1242543, 28.1430575, 0.0 ], [ 73.1242596, 28.1427543, 0.0 ] ], [ [ 73.124209, 28.1424418, 0.0 ], [ 73.1242321, 28.1424421, 0.0 ], [ 73.1242268, 28.1427454, 0.0 ], [ 73.1242037, 28.1427451, 0.0 ], [ 73.124209, 28.1424418, 0.0 ] ], [ [ 73.124153, 28.1424411, 0.0 ], [ 73.1241761, 28.1424414, 0.0 ], [ 73.1241709, 28.1427446, 0.0 ], [ 73.1241477, 28.1427443, 0.0 ], [ 73.124153, 28.1424411, 0.0 ] ], [ [ 73.1242036, 28.1427535, 0.0 ], [ 73.1242267, 28.1427538, 0.0 ], [ 73.1242214, 28.1430571, 0.0 ], [ 73.1241983, 28.1430568, 0.0 ], [ 73.1242036, 28.1427535, 0.0 ] ], [ [ 73.1241476, 28.1427527, 0.0 ], [ 73.1241707, 28.1427531, 0.0 ], [ 73.1241654, 28.1430563, 0.0 ], [ 73.1241423, 28.143056, 0.0 ], [ 73.1241476, 28.1427527, 0.0 ] ], [ [ 73.124097, 28.1424403, 0.0 ], [ 73.1241202, 28.1424406, 0.0 ], [ 73.1241149, 28.1427439, 0.0 ], [ 73.1240918, 28.1427436, 0.0 ], [ 73.124097, 28.1424403, 0.0 ] ], [ [ 73.1240411, 28.1424395, 0.0 ], [ 73.1240642, 28.1424398, 0.0 ], [ 73.1240589, 28.1427431, 0.0 ], [ 73.1240358, 28.1427428, 0.0 ], [ 73.1240411, 28.1424395, 0.0 ] ], [ [ 73.1240916, 28.142752, 0.0 ], [ 73.1241147, 28.1427523, 0.0 ], [ 73.1241094, 28.1430556, 0.0 ], [ 73.1240863, 28.1430552, 0.0 ], [ 73.1240916, 28.142752, 0.0 ] ], [ [ 73.1240356, 28.1427512, 0.0 ], [ 73.1240588, 28.1427515, 0.0 ], [ 73.1240535, 28.1430548, 0.0 ], [ 73.1240303, 28.1430545, 0.0 ], [ 73.1240356, 28.1427512, 0.0 ] ], [ [ 73.1239851, 28.1424388, 0.0 ], [ 73.1240082, 28.1424391, 0.0 ], [ 73.1240029, 28.1427423, 0.0 ], [ 73.1239798, 28.142742, 0.0 ], [ 73.1239851, 28.1424388, 0.0 ] ], [ [ 73.1239291, 28.142438, 0.0 ], [ 73.1239522, 28.1424383, 0.0 ], [ 73.1239469, 28.1427416, 0.0 ], [ 73.1239238, 28.1427413, 0.0 ], [ 73.1239291, 28.142438, 0.0 ] ], [ [ 73.1239796, 28.1427504, 0.0 ], [ 73.1240028, 28.1427508, 0.0 ], [ 73.1239975, 28.143054, 0.0 ], [ 73.1239744, 28.1430537, 0.0 ], [ 73.1239796, 28.1427504, 0.0 ] ], [ [ 73.1239237, 28.1427497, 0.0 ], [ 73.1239468, 28.14275, 0.0 ], [ 73.1239415, 28.1430533, 0.0 ], [ 73.1239184, 28.1430529, 0.0 ], [ 73.1239237, 28.1427497, 0.0 ] ], [ [ 73.1238731, 28.1424372, 0.0 ], [ 73.1238962, 28.1424375, 0.0 ], [ 73.123891, 28.1427408, 0.0 ], [ 73.1238678, 28.1427405, 0.0 ], [ 73.1238731, 28.1424372, 0.0 ] ], [ [ 73.1238171, 28.1424365, 0.0 ], [ 73.1238403, 28.1424368, 0.0 ], [ 73.123835, 28.14274, 0.0 ], [ 73.1238118, 28.1427397, 0.0 ], [ 73.1238171, 28.1424365, 0.0 ] ], [ [ 73.1238677, 28.1427489, 0.0 ], [ 73.1238908, 28.1427492, 0.0 ], [ 73.1238855, 28.1430525, 0.0 ], [ 73.1238624, 28.1430522, 0.0 ], [ 73.1238677, 28.1427489, 0.0 ] ], [ [ 73.1238117, 28.1427481, 0.0 ], [ 73.1238348, 28.1427485, 0.0 ], [ 73.1238295, 28.1430517, 0.0 ], [ 73.1238064, 28.1430514, 0.0 ], [ 73.1238117, 28.1427481, 0.0 ] ], [ [ 73.1246784, 28.141209, 0.0 ], [ 73.1247016, 28.1412094, 0.0 ], [ 73.1246963, 28.1415126, 0.0 ], [ 73.1246732, 28.1415123, 0.0 ], [ 73.1246784, 28.141209, 0.0 ] ], [ [ 73.1246225, 28.1412083, 0.0 ], [ 73.1246456, 28.1412086, 0.0 ], [ 73.1246403, 28.1415119, 0.0 ], [ 73.1246172, 28.1415115, 0.0 ], [ 73.1246225, 28.1412083, 0.0 ] ], [ [ 73.124673, 28.1415207, 0.0 ], [ 73.1246961, 28.141521, 0.0 ], [ 73.1246909, 28.1418243, 0.0 ], [ 73.1246677, 28.141824, 0.0 ], [ 73.124673, 28.1415207, 0.0 ] ], [ [ 73.124617, 28.14152, 0.0 ], [ 73.1246402, 28.1415203, 0.0 ], [ 73.1246349, 28.1418235, 0.0 ], [ 73.1246118, 28.1418232, 0.0 ], [ 73.124617, 28.14152, 0.0 ] ], [ [ 73.1245665, 28.1412075, 0.0 ], [ 73.1245896, 28.1412078, 0.0 ], [ 73.1245843, 28.1415111, 0.0 ], [ 73.1245612, 28.1415108, 0.0 ], [ 73.1245665, 28.1412075, 0.0 ] ], [ [ 73.1245105, 28.1412067, 0.0 ], [ 73.1245336, 28.1412071, 0.0 ], [ 73.1245283, 28.1415103, 0.0 ], [ 73.1245052, 28.14151, 0.0 ], [ 73.1245105, 28.1412067, 0.0 ] ], [ [ 73.1245611, 28.1415192, 0.0 ], [ 73.1245842, 28.1415195, 0.0 ], [ 73.1245789, 28.1418228, 0.0 ], [ 73.1245558, 28.1418225, 0.0 ], [ 73.1245611, 28.1415192, 0.0 ] ], [ [ 73.1245051, 28.1415184, 0.0 ], [ 73.1245282, 28.1415187, 0.0 ], [ 73.1245229, 28.141822, 0.0 ], [ 73.1244998, 28.1418217, 0.0 ], [ 73.1245051, 28.1415184, 0.0 ] ], [ [ 73.1244545, 28.141206, 0.0 ], [ 73.1244776, 28.1412063, 0.0 ], [ 73.1244724, 28.1415096, 0.0 ], [ 73.1244492, 28.1415092, 0.0 ], [ 73.1244545, 28.141206, 0.0 ] ], [ [ 73.1243985, 28.1412052, 0.0 ], [ 73.1244217, 28.1412055, 0.0 ], [ 73.1244164, 28.1415088, 0.0 ], [ 73.1243933, 28.1415085, 0.0 ], [ 73.1243985, 28.1412052, 0.0 ] ], [ [ 73.1244491, 28.1415177, 0.0 ], [ 73.1244722, 28.141518, 0.0 ], [ 73.1244669, 28.1418212, 0.0 ], [ 73.1244438, 28.1418209, 0.0 ], [ 73.1244491, 28.1415177, 0.0 ] ], [ [ 73.1243931, 28.1415169, 0.0 ], [ 73.1244162, 28.1415172, 0.0 ], [ 73.1244109, 28.1418205, 0.0 ], [ 73.1243878, 28.1418202, 0.0 ], [ 73.1243931, 28.1415169, 0.0 ] ], [ [ 73.1243426, 28.1412044, 0.0 ], [ 73.1243657, 28.1412048, 0.0 ], [ 73.1243604, 28.141508, 0.0 ], [ 73.1243373, 28.1415077, 0.0 ], [ 73.1243426, 28.1412044, 0.0 ] ], [ [ 73.1242866, 28.1412037, 0.0 ], [ 73.1243097, 28.141204, 0.0 ], [ 73.1243044, 28.1415073, 0.0 ], [ 73.1242813, 28.1415069, 0.0 ], [ 73.1242866, 28.1412037, 0.0 ] ], [ [ 73.1243371, 28.1415161, 0.0 ], [ 73.1243603, 28.1415164, 0.0 ], [ 73.124355, 28.1418197, 0.0 ], [ 73.1243318, 28.1418194, 0.0 ], [ 73.1243371, 28.1415161, 0.0 ] ], [ [ 73.1242811, 28.1415154, 0.0 ], [ 73.1243043, 28.1415157, 0.0 ], [ 73.124299, 28.1418189, 0.0 ], [ 73.1242759, 28.1418186, 0.0 ], [ 73.1242811, 28.1415154, 0.0 ] ], [ [ 73.1242306, 28.1412029, 0.0 ], [ 73.1242537, 28.1412032, 0.0 ], [ 73.1242484, 28.1415065, 0.0 ], [ 73.1242253, 28.1415062, 0.0 ], [ 73.1242306, 28.1412029, 0.0 ] ], [ [ 73.1241746, 28.1412021, 0.0 ], [ 73.1241977, 28.1412025, 0.0 ], [ 73.1241925, 28.1415057, 0.0 ], [ 73.1241693, 28.1415054, 0.0 ], [ 73.1241746, 28.1412021, 0.0 ] ], [ [ 73.1242252, 28.1415146, 0.0 ], [ 73.1242483, 28.1415149, 0.0 ], [ 73.124243, 28.1418182, 0.0 ], [ 73.1242199, 28.1418179, 0.0 ], [ 73.1242252, 28.1415146, 0.0 ] ], [ [ 73.1241692, 28.1415138, 0.0 ], [ 73.1241923, 28.1415141, 0.0 ], [ 73.124187, 28.1418174, 0.0 ], [ 73.1241639, 28.1418171, 0.0 ], [ 73.1241692, 28.1415138, 0.0 ] ], [ [ 73.1241186, 28.1412014, 0.0 ], [ 73.1241418, 28.1412017, 0.0 ], [ 73.1241365, 28.141505, 0.0 ], [ 73.1241133, 28.1415046, 0.0 ], [ 73.1241186, 28.1412014, 0.0 ] ], [ [ 73.1240627, 28.1412006, 0.0 ], [ 73.1240858, 28.1412009, 0.0 ], [ 73.1240805, 28.1415042, 0.0 ], [ 73.1240574, 28.1415039, 0.0 ], [ 73.1240627, 28.1412006, 0.0 ] ], [ [ 73.1241132, 28.1415131, 0.0 ], [ 73.1241363, 28.1415134, 0.0 ], [ 73.124131, 28.1418166, 0.0 ], [ 73.1241079, 28.1418163, 0.0 ], [ 73.1241132, 28.1415131, 0.0 ] ], [ [ 73.1240572, 28.1415123, 0.0 ], [ 73.1240803, 28.1415126, 0.0 ], [ 73.1240751, 28.1418159, 0.0 ], [ 73.1240519, 28.1418156, 0.0 ], [ 73.1240572, 28.1415123, 0.0 ] ], [ [ 73.1240067, 28.1411998, 0.0 ], [ 73.1240298, 28.1412002, 0.0 ], [ 73.1240245, 28.1415034, 0.0 ], [ 73.1240014, 28.1415031, 0.0 ], [ 73.1240067, 28.1411998, 0.0 ] ], [ [ 73.1239507, 28.1411991, 0.0 ], [ 73.1239738, 28.1411994, 0.0 ], [ 73.1239685, 28.1415027, 0.0 ], [ 73.1239454, 28.1415023, 0.0 ], [ 73.1239507, 28.1411991, 0.0 ] ], [ [ 73.1240012, 28.1415115, 0.0 ], [ 73.1240244, 28.1415118, 0.0 ], [ 73.1240191, 28.1418151, 0.0 ], [ 73.123996, 28.1418148, 0.0 ], [ 73.1240012, 28.1415115, 0.0 ] ], [ [ 73.1239453, 28.1415108, 0.0 ], [ 73.1239684, 28.1415111, 0.0 ], [ 73.1239631, 28.1418143, 0.0 ], [ 73.12394, 28.141814, 0.0 ], [ 73.1239453, 28.1415108, 0.0 ] ], [ [ 73.1238947, 28.1411983, 0.0 ], [ 73.1239178, 28.1411986, 0.0 ], [ 73.1239125, 28.1415019, 0.0 ], [ 73.1238894, 28.1415016, 0.0 ], [ 73.1238947, 28.1411983, 0.0 ] ], [ [ 73.1238387, 28.1411975, 0.0 ], [ 73.1238619, 28.1411979, 0.0 ], [ 73.1238566, 28.1415011, 0.0 ], [ 73.1238334, 28.1415008, 0.0 ], [ 73.1238387, 28.1411975, 0.0 ] ], [ [ 73.1238893, 28.14151, 0.0 ], [ 73.1239124, 28.1415103, 0.0 ], [ 73.1239071, 28.1418136, 0.0 ], [ 73.123884, 28.1418133, 0.0 ], [ 73.1238893, 28.14151, 0.0 ] ], [ [ 73.1238333, 28.1415092, 0.0 ], [ 73.1238564, 28.1415095, 0.0 ], [ 73.1238511, 28.1418128, 0.0 ], [ 73.123828, 28.1418125, 0.0 ], [ 73.1238333, 28.1415092, 0.0 ] ], [ [ 73.1246677, 28.1418285, 0.0 ], [ 73.1246908, 28.1418288, 0.0 ], [ 73.1246855, 28.1421321, 0.0 ], [ 73.1246624, 28.1421318, 0.0 ], [ 73.1246677, 28.1418285, 0.0 ] ], [ [ 73.1246117, 28.1418277, 0.0 ], [ 73.1246348, 28.1418281, 0.0 ], [ 73.1246295, 28.1421313, 0.0 ], [ 73.1246064, 28.142131, 0.0 ], [ 73.1246117, 28.1418277, 0.0 ] ], [ [ 73.1246622, 28.1421402, 0.0 ], [ 73.1246853, 28.1421405, 0.0 ], [ 73.1246801, 28.1424438, 0.0 ], [ 73.1246569, 28.1424434, 0.0 ], [ 73.1246622, 28.1421402, 0.0 ] ], [ [ 73.1246062, 28.1421394, 0.0 ], [ 73.1246294, 28.1421397, 0.0 ], [ 73.1246241, 28.142443, 0.0 ], [ 73.124601, 28.1424427, 0.0 ], [ 73.1246062, 28.1421394, 0.0 ] ], [ [ 73.1245557, 28.141827, 0.0 ], [ 73.1245788, 28.1418273, 0.0 ], [ 73.1245735, 28.1421306, 0.0 ], [ 73.1245504, 28.1421302, 0.0 ], [ 73.1245557, 28.141827, 0.0 ] ], [ [ 73.1244997, 28.1418262, 0.0 ], [ 73.1245228, 28.1418265, 0.0 ], [ 73.1245176, 28.1421298, 0.0 ], [ 73.1244944, 28.1421295, 0.0 ], [ 73.1244997, 28.1418262, 0.0 ] ], [ [ 73.1245503, 28.1421387, 0.0 ], [ 73.1245734, 28.142139, 0.0 ], [ 73.1245681, 28.1424422, 0.0 ], [ 73.124545, 28.1424419, 0.0 ], [ 73.1245503, 28.1421387, 0.0 ] ], [ [ 73.1244943, 28.1421379, 0.0 ], [ 73.1245174, 28.1421382, 0.0 ], [ 73.1245121, 28.1424415, 0.0 ], [ 73.124489, 28.1424412, 0.0 ], [ 73.1244943, 28.1421379, 0.0 ] ], [ [ 73.1244437, 28.1418254, 0.0 ], [ 73.1244669, 28.1418258, 0.0 ], [ 73.1244616, 28.142129, 0.0 ], [ 73.1244384, 28.1421287, 0.0 ], [ 73.1244437, 28.1418254, 0.0 ] ], [ [ 73.1243877, 28.1418247, 0.0 ], [ 73.1244109, 28.141825, 0.0 ], [ 73.1244056, 28.1421283, 0.0 ], [ 73.1243825, 28.1421279, 0.0 ], [ 73.1243877, 28.1418247, 0.0 ] ], [ [ 73.1244383, 28.1421371, 0.0 ], [ 73.1244614, 28.1421374, 0.0 ], [ 73.1244561, 28.1424407, 0.0 ], [ 73.124433, 28.1424404, 0.0 ], [ 73.1244383, 28.1421371, 0.0 ] ], [ [ 73.1243823, 28.1421364, 0.0 ], [ 73.1244054, 28.1421367, 0.0 ], [ 73.1244002, 28.1424399, 0.0 ], [ 73.124377, 28.1424396, 0.0 ], [ 73.1243823, 28.1421364, 0.0 ] ], [ [ 73.1243318, 28.1418239, 0.0 ], [ 73.1243549, 28.1418242, 0.0 ], [ 73.1243496, 28.1421275, 0.0 ], [ 73.1243265, 28.1421272, 0.0 ], [ 73.1243318, 28.1418239, 0.0 ] ], [ [ 73.1242758, 28.1418231, 0.0 ], [ 73.1242989, 28.1418235, 0.0 ], [ 73.1242936, 28.1421267, 0.0 ], [ 73.1242705, 28.1421264, 0.0 ], [ 73.1242758, 28.1418231, 0.0 ] ], [ [ 73.1243263, 28.1421356, 0.0 ], [ 73.1243495, 28.1421359, 0.0 ], [ 73.1243442, 28.1424392, 0.0 ], [ 73.124321, 28.1424389, 0.0 ], [ 73.1243263, 28.1421356, 0.0 ] ], [ [ 73.1242704, 28.1421348, 0.0 ], [ 73.1242935, 28.1421351, 0.0 ], [ 73.1242882, 28.1424384, 0.0 ], [ 73.1242651, 28.1424381, 0.0 ], [ 73.1242704, 28.1421348, 0.0 ] ], [ [ 73.1242198, 28.1418224, 0.0 ], [ 73.1242429, 28.1418227, 0.0 ], [ 73.1242376, 28.142126, 0.0 ], [ 73.1242145, 28.1421256, 0.0 ], [ 73.1242198, 28.1418224, 0.0 ] ], [ [ 73.1241638, 28.1418216, 0.0 ], [ 73.1241869, 28.1418219, 0.0 ], [ 73.1241817, 28.1421252, 0.0 ], [ 73.1241585, 28.1421249, 0.0 ], [ 73.1241638, 28.1418216, 0.0 ] ], [ [ 73.1242144, 28.1421341, 0.0 ], [ 73.1242375, 28.1421344, 0.0 ], [ 73.1242322, 28.1424376, 0.0 ], [ 73.1242091, 28.1424373, 0.0 ], [ 73.1242144, 28.1421341, 0.0 ] ], [ [ 73.1241584, 28.1421333, 0.0 ], [ 73.1241815, 28.1421336, 0.0 ], [ 73.1241762, 28.1424369, 0.0 ], [ 73.1241531, 28.1424366, 0.0 ], [ 73.1241584, 28.1421333, 0.0 ] ], [ [ 73.1241078, 28.1418208, 0.0 ], [ 73.124131, 28.1418212, 0.0 ], [ 73.1241257, 28.1421244, 0.0 ], [ 73.1241026, 28.1421241, 0.0 ], [ 73.1241078, 28.1418208, 0.0 ] ], [ [ 73.1240519, 28.1418201, 0.0 ], [ 73.124075, 28.1418204, 0.0 ], [ 73.1240697, 28.1421237, 0.0 ], [ 73.1240466, 28.1421233, 0.0 ], [ 73.1240519, 28.1418201, 0.0 ] ], [ [ 73.1241024, 28.1421325, 0.0 ], [ 73.1241255, 28.1421328, 0.0 ], [ 73.1241202, 28.1424361, 0.0 ], [ 73.1240971, 28.1424358, 0.0 ], [ 73.1241024, 28.1421325, 0.0 ] ], [ [ 73.1240464, 28.1421318, 0.0 ], [ 73.1240695, 28.1421321, 0.0 ], [ 73.1240643, 28.1424353, 0.0 ], [ 73.1240411, 28.142435, 0.0 ], [ 73.1240464, 28.1421318, 0.0 ] ], [ [ 73.1239959, 28.1418193, 0.0 ], [ 73.124019, 28.1418196, 0.0 ], [ 73.1240137, 28.1421229, 0.0 ], [ 73.1239906, 28.1421226, 0.0 ], [ 73.1239959, 28.1418193, 0.0 ] ], [ [ 73.1239399, 28.1418185, 0.0 ], [ 73.123963, 28.1418189, 0.0 ], [ 73.1239577, 28.1421221, 0.0 ], [ 73.1239346, 28.1421218, 0.0 ], [ 73.1239399, 28.1418185, 0.0 ] ], [ [ 73.1239904, 28.142131, 0.0 ], [ 73.1240136, 28.1421313, 0.0 ], [ 73.1240083, 28.1424346, 0.0 ], [ 73.1239852, 28.1424343, 0.0 ], [ 73.1239904, 28.142131, 0.0 ] ], [ [ 73.1239345, 28.1421302, 0.0 ], [ 73.1239576, 28.1421305, 0.0 ], [ 73.1239523, 28.1424338, 0.0 ], [ 73.1239292, 28.1424335, 0.0 ], [ 73.1239345, 28.1421302, 0.0 ] ], [ [ 73.1238839, 28.1418178, 0.0 ], [ 73.123907, 28.1418181, 0.0 ], [ 73.1239017, 28.1421214, 0.0 ], [ 73.1238786, 28.142121, 0.0 ], [ 73.1238839, 28.1418178, 0.0 ] ], [ [ 73.1238279, 28.141817, 0.0 ], [ 73.1238511, 28.1418173, 0.0 ], [ 73.1238458, 28.1421206, 0.0 ], [ 73.1238226, 28.1421203, 0.0 ], [ 73.1238279, 28.141817, 0.0 ] ], [ [ 73.1238785, 28.1421295, 0.0 ], [ 73.1239016, 28.1421298, 0.0 ], [ 73.1238963, 28.142433, 0.0 ], [ 73.1238732, 28.1424327, 0.0 ], [ 73.1238785, 28.1421295, 0.0 ] ], [ [ 73.1238225, 28.1421287, 0.0 ], [ 73.1238456, 28.142129, 0.0 ], [ 73.1238403, 28.1424323, 0.0 ], [ 73.1238172, 28.142432, 0.0 ], [ 73.1238225, 28.1421287, 0.0 ] ], [ [ 73.1249928, 28.1424526, 0.0 ], [ 73.1250159, 28.1424529, 0.0 ], [ 73.1250106, 28.1427561, 0.0 ], [ 73.1249875, 28.1427558, 0.0 ], [ 73.1249928, 28.1424526, 0.0 ] ], [ [ 73.1249368, 28.1424518, 0.0 ], [ 73.1249599, 28.1424521, 0.0 ], [ 73.1249546, 28.1427554, 0.0 ], [ 73.1249315, 28.1427551, 0.0 ], [ 73.1249368, 28.1424518, 0.0 ] ], [ [ 73.1249873, 28.1427642, 0.0 ], [ 73.1250104, 28.1427646, 0.0 ], [ 73.1250052, 28.1430678, 0.0 ], [ 73.124982, 28.1430675, 0.0 ], [ 73.1249873, 28.1427642, 0.0 ] ], [ [ 73.1249313, 28.1427635, 0.0 ], [ 73.1249545, 28.1427638, 0.0 ], [ 73.1249492, 28.1430671, 0.0 ], [ 73.1249261, 28.1430667, 0.0 ], [ 73.1249313, 28.1427635, 0.0 ] ], [ [ 73.1248808, 28.142451, 0.0 ], [ 73.1249039, 28.1424513, 0.0 ], [ 73.1248986, 28.1427546, 0.0 ], [ 73.1248755, 28.1427543, 0.0 ], [ 73.1248808, 28.142451, 0.0 ] ], [ [ 73.1248248, 28.1424503, 0.0 ], [ 73.1248479, 28.1424506, 0.0 ], [ 73.1248426, 28.1427538, 0.0 ], [ 73.1248195, 28.1427535, 0.0 ], [ 73.1248248, 28.1424503, 0.0 ] ], [ [ 73.1248754, 28.1427627, 0.0 ], [ 73.1248985, 28.142763, 0.0 ], [ 73.1248932, 28.1430663, 0.0 ], [ 73.1248701, 28.143066, 0.0 ], [ 73.1248754, 28.1427627, 0.0 ] ], [ [ 73.1248194, 28.1427619, 0.0 ], [ 73.1248425, 28.1427623, 0.0 ], [ 73.1248372, 28.1430655, 0.0 ], [ 73.1248141, 28.1430652, 0.0 ], [ 73.1248194, 28.1427619, 0.0 ] ], [ [ 73.1247688, 28.1424495, 0.0 ], [ 73.124792, 28.1424498, 0.0 ], [ 73.1247867, 28.1427531, 0.0 ], [ 73.1247635, 28.1427528, 0.0 ], [ 73.1247688, 28.1424495, 0.0 ] ], [ [ 73.1247128, 28.1424487, 0.0 ], [ 73.124736, 28.142449, 0.0 ], [ 73.1247307, 28.1427523, 0.0 ], [ 73.1247076, 28.142752, 0.0 ], [ 73.1247128, 28.1424487, 0.0 ] ], [ [ 73.1247634, 28.1427612, 0.0 ], [ 73.1247865, 28.1427615, 0.0 ], [ 73.1247812, 28.1430648, 0.0 ], [ 73.1247581, 28.1430644, 0.0 ], [ 73.1247634, 28.1427612, 0.0 ] ], [ [ 73.1247074, 28.1427604, 0.0 ], [ 73.1247305, 28.1427607, 0.0 ], [ 73.1247253, 28.143064, 0.0 ], [ 73.1247021, 28.1430637, 0.0 ], [ 73.1247074, 28.1427604, 0.0 ] ], [ [ 73.1250143, 28.1412136, 0.0 ], [ 73.1250375, 28.141214, 0.0 ], [ 73.1250322, 28.1415172, 0.0 ], [ 73.1250091, 28.1415169, 0.0 ], [ 73.1250143, 28.1412136, 0.0 ] ], [ [ 73.1249584, 28.1412129, 0.0 ], [ 73.1249815, 28.1412132, 0.0 ], [ 73.1249762, 28.1415165, 0.0 ], [ 73.1249531, 28.1415161, 0.0 ], [ 73.1249584, 28.1412129, 0.0 ] ], [ [ 73.1250089, 28.1415253, 0.0 ], [ 73.125032, 28.1415256, 0.0 ], [ 73.1250267, 28.1418289, 0.0 ], [ 73.1250036, 28.1418286, 0.0 ], [ 73.1250089, 28.1415253, 0.0 ] ], [ [ 73.1249529, 28.1415246, 0.0 ], [ 73.124976, 28.1415249, 0.0 ], [ 73.1249708, 28.1418281, 0.0 ], [ 73.1249476, 28.1418278, 0.0 ], [ 73.1249529, 28.1415246, 0.0 ] ], [ [ 73.1249024, 28.1412121, 0.0 ], [ 73.1249255, 28.1412124, 0.0 ], [ 73.1249202, 28.1415157, 0.0 ], [ 73.1248971, 28.1415154, 0.0 ], [ 73.1249024, 28.1412121, 0.0 ] ], [ [ 73.1248464, 28.1412113, 0.0 ], [ 73.1248695, 28.1412117, 0.0 ], [ 73.1248642, 28.1415149, 0.0 ], [ 73.1248411, 28.1415146, 0.0 ], [ 73.1248464, 28.1412113, 0.0 ] ], [ [ 73.1248969, 28.1415238, 0.0 ], [ 73.1249201, 28.1415241, 0.0 ], [ 73.1249148, 28.1418274, 0.0 ], [ 73.1248917, 28.1418271, 0.0 ], [ 73.1248969, 28.1415238, 0.0 ] ], [ [ 73.124841, 28.141523, 0.0 ], [ 73.1248641, 28.1415233, 0.0 ], [ 73.1248588, 28.1418266, 0.0 ], [ 73.1248357, 28.1418263, 0.0 ], [ 73.124841, 28.141523, 0.0 ] ], [ [ 73.1247904, 28.1412106, 0.0 ], [ 73.1248135, 28.1412109, 0.0 ], [ 73.1248083, 28.1415142, 0.0 ], [ 73.1247851, 28.1415138, 0.0 ], [ 73.1247904, 28.1412106, 0.0 ] ], [ [ 73.1247344, 28.1412098, 0.0 ], [ 73.1247576, 28.1412101, 0.0 ], [ 73.1247523, 28.1415134, 0.0 ], [ 73.1247291, 28.1415131, 0.0 ], [ 73.1247344, 28.1412098, 0.0 ] ], [ [ 73.124785, 28.1415223, 0.0 ], [ 73.1248081, 28.1415226, 0.0 ], [ 73.1248028, 28.1418258, 0.0 ], [ 73.1247797, 28.1418255, 0.0 ], [ 73.124785, 28.1415223, 0.0 ] ], [ [ 73.124729, 28.1415215, 0.0 ], [ 73.1247521, 28.1415218, 0.0 ], [ 73.1247468, 28.1418251, 0.0 ], [ 73.1247237, 28.1418248, 0.0 ], [ 73.124729, 28.1415215, 0.0 ] ], [ [ 73.1250035, 28.1418331, 0.0 ], [ 73.1250267, 28.1418334, 0.0 ], [ 73.1250214, 28.1421367, 0.0 ], [ 73.1249983, 28.1421364, 0.0 ], [ 73.1250035, 28.1418331, 0.0 ] ], [ [ 73.1249476, 28.1418323, 0.0 ], [ 73.1249707, 28.1418326, 0.0 ], [ 73.1249654, 28.1421359, 0.0 ], [ 73.1249423, 28.1421356, 0.0 ], [ 73.1249476, 28.1418323, 0.0 ] ], [ [ 73.1249981, 28.1421448, 0.0 ], [ 73.1250212, 28.1421451, 0.0 ], [ 73.125016, 28.1424484, 0.0 ], [ 73.1249928, 28.142448, 0.0 ], [ 73.1249981, 28.1421448, 0.0 ] ], [ [ 73.1249421, 28.142144, 0.0 ], [ 73.1249653, 28.1421443, 0.0 ], [ 73.12496, 28.1424476, 0.0 ], [ 73.1249369, 28.1424473, 0.0 ], [ 73.1249421, 28.142144, 0.0 ] ], [ [ 73.1248916, 28.1418316, 0.0 ], [ 73.1249147, 28.1418319, 0.0 ], [ 73.1249094, 28.1421351, 0.0 ], [ 73.1248863, 28.1421348, 0.0 ], [ 73.1248916, 28.1418316, 0.0 ] ], [ [ 73.1248356, 28.1418308, 0.0 ], [ 73.1248587, 28.1418311, 0.0 ], [ 73.1248534, 28.1421344, 0.0 ], [ 73.1248303, 28.1421341, 0.0 ], [ 73.1248356, 28.1418308, 0.0 ] ], [ [ 73.1248862, 28.1421432, 0.0 ], [ 73.1249093, 28.1421436, 0.0 ], [ 73.124904, 28.1424468, 0.0 ], [ 73.1248809, 28.1424465, 0.0 ], [ 73.1248862, 28.1421432, 0.0 ] ], [ [ 73.1248302, 28.1421425, 0.0 ], [ 73.1248533, 28.1421428, 0.0 ], [ 73.124848, 28.1424461, 0.0 ], [ 73.1248249, 28.1424457, 0.0 ], [ 73.1248302, 28.1421425, 0.0 ] ], [ [ 73.1247796, 28.14183, 0.0 ], [ 73.1248027, 28.1418304, 0.0 ], [ 73.1247975, 28.1421336, 0.0 ], [ 73.1247743, 28.1421333, 0.0 ], [ 73.1247796, 28.14183, 0.0 ] ], [ [ 73.1247236, 28.1418293, 0.0 ], [ 73.1247468, 28.1418296, 0.0 ], [ 73.1247415, 28.1421328, 0.0 ], [ 73.1247184, 28.1421325, 0.0 ], [ 73.1247236, 28.1418293, 0.0 ] ], [ [ 73.1247742, 28.1421417, 0.0 ], [ 73.1247973, 28.142142, 0.0 ], [ 73.124792, 28.1424453, 0.0 ], [ 73.1247689, 28.142445, 0.0 ], [ 73.1247742, 28.1421417, 0.0 ] ], [ [ 73.1247182, 28.142141, 0.0 ], [ 73.1247413, 28.1421413, 0.0 ], [ 73.124736, 28.1424445, 0.0 ], [ 73.1247129, 28.1424442, 0.0 ], [ 73.1247182, 28.142141, 0.0 ] ], [ [ 73.1258777, 28.1430843, 0.0 ], [ 73.1259008, 28.1430846, 0.0 ], [ 73.1258955, 28.1433879, 0.0 ], [ 73.1258724, 28.1433875, 0.0 ], [ 73.1258777, 28.1430843, 0.0 ] ], [ [ 73.1258217, 28.1430835, 0.0 ], [ 73.1258448, 28.1430838, 0.0 ], [ 73.1258395, 28.1433871, 0.0 ], [ 73.1258164, 28.1433868, 0.0 ], [ 73.1258217, 28.1430835, 0.0 ] ], [ [ 73.1258723, 28.143396, 0.0 ], [ 73.1258954, 28.1433963, 0.0 ], [ 73.1258901, 28.1436995, 0.0 ], [ 73.125867, 28.1436992, 0.0 ], [ 73.1258723, 28.143396, 0.0 ] ], [ [ 73.1258163, 28.1433952, 0.0 ], [ 73.1258394, 28.1433955, 0.0 ], [ 73.1258341, 28.1436988, 0.0 ], [ 73.125811, 28.1436985, 0.0 ], [ 73.1258163, 28.1433952, 0.0 ] ], [ [ 73.1257657, 28.1430827, 0.0 ], [ 73.1257888, 28.1430831, 0.0 ], [ 73.1257836, 28.1433863, 0.0 ], [ 73.1257604, 28.143386, 0.0 ], [ 73.1257657, 28.1430827, 0.0 ] ], [ [ 73.1257097, 28.143082, 0.0 ], [ 73.1257329, 28.1430823, 0.0 ], [ 73.1257276, 28.1433856, 0.0 ], [ 73.1257045, 28.1433852, 0.0 ], [ 73.1257097, 28.143082, 0.0 ] ], [ [ 73.1257603, 28.1433944, 0.0 ], [ 73.1257834, 28.1433947, 0.0 ], [ 73.1257781, 28.143698, 0.0 ], [ 73.125755, 28.1436977, 0.0 ], [ 73.1257603, 28.1433944, 0.0 ] ], [ [ 73.1257043, 28.1433937, 0.0 ], [ 73.1257274, 28.143394, 0.0 ], [ 73.1257222, 28.1436972, 0.0 ], [ 73.125699, 28.1436969, 0.0 ], [ 73.1257043, 28.1433937, 0.0 ] ], [ [ 73.1256538, 28.1430812, 0.0 ], [ 73.1256769, 28.1430815, 0.0 ], [ 73.1256716, 28.1433848, 0.0 ], [ 73.1256485, 28.1433845, 0.0 ], [ 73.1256538, 28.1430812, 0.0 ] ], [ [ 73.1255978, 28.1430804, 0.0 ], [ 73.1256209, 28.1430808, 0.0 ], [ 73.1256156, 28.143384, 0.0 ], [ 73.1255925, 28.1433837, 0.0 ], [ 73.1255978, 28.1430804, 0.0 ] ], [ [ 73.1256483, 28.1433929, 0.0 ], [ 73.1256714, 28.1433932, 0.0 ], [ 73.1256662, 28.1436965, 0.0 ], [ 73.125643, 28.1436962, 0.0 ], [ 73.1256483, 28.1433929, 0.0 ] ], [ [ 73.1255923, 28.1433921, 0.0 ], [ 73.1256155, 28.1433924, 0.0 ], [ 73.1256102, 28.1436957, 0.0 ], [ 73.1255871, 28.1436954, 0.0 ], [ 73.1255923, 28.1433921, 0.0 ] ], [ [ 73.1255418, 28.1430797, 0.0 ], [ 73.1255649, 28.14308, 0.0 ], [ 73.1255596, 28.1433833, 0.0 ], [ 73.1255365, 28.1433829, 0.0 ], [ 73.1255418, 28.1430797, 0.0 ] ], [ [ 73.1254858, 28.1430789, 0.0 ], [ 73.1255089, 28.1430792, 0.0 ], [ 73.1255036, 28.1433825, 0.0 ], [ 73.1254805, 28.1433822, 0.0 ], [ 73.1254858, 28.1430789, 0.0 ] ], [ [ 73.1255364, 28.1433914, 0.0 ], [ 73.1255595, 28.1433917, 0.0 ], [ 73.1255542, 28.1436949, 0.0 ], [ 73.1255311, 28.1436946, 0.0 ], [ 73.1255364, 28.1433914, 0.0 ] ], [ [ 73.1254804, 28.1433906, 0.0 ], [ 73.1255035, 28.1433909, 0.0 ], [ 73.1254982, 28.1436942, 0.0 ], [ 73.1254751, 28.1436939, 0.0 ], [ 73.1254804, 28.1433906, 0.0 ] ], [ [ 73.1254298, 28.1430781, 0.0 ], [ 73.1254529, 28.1430785, 0.0 ], [ 73.1254477, 28.1433817, 0.0 ], [ 73.1254245, 28.1433814, 0.0 ], [ 73.1254298, 28.1430781, 0.0 ] ], [ [ 73.1253738, 28.1430774, 0.0 ], [ 73.125397, 28.1430777, 0.0 ], [ 73.1253917, 28.143381, 0.0 ], [ 73.1253686, 28.1433806, 0.0 ], [ 73.1253738, 28.1430774, 0.0 ] ], [ [ 73.1254244, 28.1433898, 0.0 ], [ 73.1254475, 28.1433901, 0.0 ], [ 73.1254422, 28.1436934, 0.0 ], [ 73.1254191, 28.1436931, 0.0 ], [ 73.1254244, 28.1433898, 0.0 ] ], [ [ 73.1253684, 28.1433891, 0.0 ], [ 73.1253915, 28.1433894, 0.0 ], [ 73.1253863, 28.1436926, 0.0 ], [ 73.1253631, 28.1436923, 0.0 ], [ 73.1253684, 28.1433891, 0.0 ] ], [ [ 73.1253179, 28.1430766, 0.0 ], [ 73.125341, 28.1430769, 0.0 ], [ 73.1253357, 28.1433802, 0.0 ], [ 73.1253126, 28.1433799, 0.0 ], [ 73.1253179, 28.1430766, 0.0 ] ], [ [ 73.1252619, 28.1430758, 0.0 ], [ 73.125285, 28.1430762, 0.0 ], [ 73.1252797, 28.1433794, 0.0 ], [ 73.1252566, 28.1433791, 0.0 ], [ 73.1252619, 28.1430758, 0.0 ] ], [ [ 73.1253124, 28.1433883, 0.0 ], [ 73.1253356, 28.1433886, 0.0 ], [ 73.1253303, 28.1436919, 0.0 ], [ 73.1253071, 28.1436916, 0.0 ], [ 73.1253124, 28.1433883, 0.0 ] ], [ [ 73.1252564, 28.1433875, 0.0 ], [ 73.1252796, 28.1433878, 0.0 ], [ 73.1252743, 28.1436911, 0.0 ], [ 73.1252512, 28.1436908, 0.0 ], [ 73.1252564, 28.1433875, 0.0 ] ], [ [ 73.1252059, 28.1430751, 0.0 ], [ 73.125229, 28.1430754, 0.0 ], [ 73.1252237, 28.1433787, 0.0 ], [ 73.1252006, 28.1433783, 0.0 ], [ 73.1252059, 28.1430751, 0.0 ] ], [ [ 73.1251499, 28.1430743, 0.0 ], [ 73.125173, 28.1430746, 0.0 ], [ 73.1251678, 28.1433779, 0.0 ], [ 73.1251446, 28.1433776, 0.0 ], [ 73.1251499, 28.1430743, 0.0 ] ], [ [ 73.1252005, 28.1433868, 0.0 ], [ 73.1252236, 28.1433871, 0.0 ], [ 73.1252183, 28.1436903, 0.0 ], [ 73.1251952, 28.14369, 0.0 ], [ 73.1252005, 28.1433868, 0.0 ] ], [ [ 73.1251445, 28.143386, 0.0 ], [ 73.1251676, 28.1433863, 0.0 ], [ 73.1251623, 28.1436896, 0.0 ], [ 73.1251392, 28.1436893, 0.0 ], [ 73.1251445, 28.143386, 0.0 ] ], [ [ 73.1250939, 28.1430735, 0.0 ], [ 73.1251171, 28.1430739, 0.0 ], [ 73.1251118, 28.1433771, 0.0 ], [ 73.1250886, 28.1433768, 0.0 ], [ 73.1250939, 28.1430735, 0.0 ] ], [ [ 73.1250379, 28.1430728, 0.0 ], [ 73.1250611, 28.1430731, 0.0 ], [ 73.1250558, 28.1433764, 0.0 ], [ 73.1250327, 28.143376, 0.0 ], [ 73.1250379, 28.1430728, 0.0 ] ], [ [ 73.1250885, 28.1433852, 0.0 ], [ 73.1251116, 28.1433855, 0.0 ], [ 73.1251063, 28.1436888, 0.0 ], [ 73.1250832, 28.1436885, 0.0 ], [ 73.1250885, 28.1433852, 0.0 ] ], [ [ 73.1250325, 28.1433845, 0.0 ], [ 73.1250556, 28.1433848, 0.0 ], [ 73.1250504, 28.143688, 0.0 ], [ 73.1250272, 28.1436877, 0.0 ], [ 73.1250325, 28.1433845, 0.0 ] ], [ [ 73.1258885, 28.1424648, 0.0 ], [ 73.1259116, 28.1424651, 0.0 ], [ 73.1259063, 28.1427684, 0.0 ], [ 73.1258832, 28.1427681, 0.0 ], [ 73.1258885, 28.1424648, 0.0 ] ], [ [ 73.1258325, 28.142464, 0.0 ], [ 73.1258556, 28.1424644, 0.0 ], [ 73.1258503, 28.1427676, 0.0 ], [ 73.1258272, 28.1427673, 0.0 ], [ 73.1258325, 28.142464, 0.0 ] ], [ [ 73.125883, 28.1427765, 0.0 ], [ 73.1259062, 28.1427768, 0.0 ], [ 73.1259009, 28.1430801, 0.0 ], [ 73.1258778, 28.1430798, 0.0 ], [ 73.125883, 28.1427765, 0.0 ] ], [ [ 73.1258271, 28.1427757, 0.0 ], [ 73.1258502, 28.142776, 0.0 ], [ 73.1258449, 28.1430793, 0.0 ], [ 73.1258218, 28.143079, 0.0 ], [ 73.1258271, 28.1427757, 0.0 ] ], [ [ 73.1257765, 28.1424633, 0.0 ], [ 73.1257996, 28.1424636, 0.0 ], [ 73.1257943, 28.1427669, 0.0 ], [ 73.1257712, 28.1427665, 0.0 ], [ 73.1257765, 28.1424633, 0.0 ] ], [ [ 73.1257205, 28.1424625, 0.0 ], [ 73.1257436, 28.1424628, 0.0 ], [ 73.1257384, 28.1427661, 0.0 ], [ 73.1257152, 28.1427658, 0.0 ], [ 73.1257205, 28.1424625, 0.0 ] ], [ [ 73.1257711, 28.142775, 0.0 ], [ 73.1257942, 28.1427753, 0.0 ], [ 73.1257889, 28.1430785, 0.0 ], [ 73.1257658, 28.1430782, 0.0 ], [ 73.1257711, 28.142775, 0.0 ] ], [ [ 73.1257151, 28.1427742, 0.0 ], [ 73.1257382, 28.1427745, 0.0 ], [ 73.1257329, 28.1430778, 0.0 ], [ 73.1257098, 28.1430775, 0.0 ], [ 73.1257151, 28.1427742, 0.0 ] ], [ [ 73.1256645, 28.1424618, 0.0 ], [ 73.1256877, 28.1424621, 0.0 ], [ 73.1256824, 28.1427653, 0.0 ], [ 73.1256593, 28.142765, 0.0 ], [ 73.1256645, 28.1424618, 0.0 ] ], [ [ 73.1256086, 28.142461, 0.0 ], [ 73.1256317, 28.1424613, 0.0 ], [ 73.1256264, 28.1427646, 0.0 ], [ 73.1256033, 28.1427643, 0.0 ], [ 73.1256086, 28.142461, 0.0 ] ], [ [ 73.1256591, 28.1427734, 0.0 ], [ 73.1256822, 28.1427738, 0.0 ], [ 73.125677, 28.143077, 0.0 ], [ 73.1256538, 28.1430767, 0.0 ], [ 73.1256591, 28.1427734, 0.0 ] ], [ [ 73.1256031, 28.1427727, 0.0 ], [ 73.1256263, 28.142773, 0.0 ], [ 73.125621, 28.1430762, 0.0 ], [ 73.1255978, 28.1430759, 0.0 ], [ 73.1256031, 28.1427727, 0.0 ] ], [ [ 73.1255526, 28.1424602, 0.0 ], [ 73.1255757, 28.1424605, 0.0 ], [ 73.1255704, 28.1427638, 0.0 ], [ 73.1255473, 28.1427635, 0.0 ], [ 73.1255526, 28.1424602, 0.0 ] ], [ [ 73.1254966, 28.1424595, 0.0 ], [ 73.1255197, 28.1424598, 0.0 ], [ 73.1255144, 28.142763, 0.0 ], [ 73.1254913, 28.1427627, 0.0 ], [ 73.1254966, 28.1424595, 0.0 ] ], [ [ 73.1255471, 28.1427719, 0.0 ], [ 73.1255703, 28.1427722, 0.0 ], [ 73.125565, 28.1430755, 0.0 ], [ 73.1255419, 28.1430752, 0.0 ], [ 73.1255471, 28.1427719, 0.0 ] ], [ [ 73.1254912, 28.1427711, 0.0 ], [ 73.1255143, 28.1427715, 0.0 ], [ 73.125509, 28.1430747, 0.0 ], [ 73.1254859, 28.1430744, 0.0 ], [ 73.1254912, 28.1427711, 0.0 ] ], [ [ 73.1254406, 28.1424587, 0.0 ], [ 73.1254637, 28.142459, 0.0 ], [ 73.1254585, 28.1427623, 0.0 ], [ 73.1254353, 28.142762, 0.0 ], [ 73.1254406, 28.1424587, 0.0 ] ], [ [ 73.1253846, 28.1424579, 0.0 ], [ 73.1254078, 28.1424582, 0.0 ], [ 73.1254025, 28.1427615, 0.0 ], [ 73.1253793, 28.1427612, 0.0 ], [ 73.1253846, 28.1424579, 0.0 ] ], [ [ 73.1254352, 28.1427704, 0.0 ], [ 73.1254583, 28.1427707, 0.0 ], [ 73.125453, 28.143074, 0.0 ], [ 73.1254299, 28.1430736, 0.0 ], [ 73.1254352, 28.1427704, 0.0 ] ], [ [ 73.1253792, 28.1427696, 0.0 ], [ 73.1254023, 28.1427699, 0.0 ], [ 73.125397, 28.1430732, 0.0 ], [ 73.1253739, 28.1430729, 0.0 ], [ 73.1253792, 28.1427696, 0.0 ] ], [ [ 73.1253286, 28.1424572, 0.0 ], [ 73.1253518, 28.1424575, 0.0 ], [ 73.1253465, 28.1427607, 0.0 ], [ 73.1253234, 28.1427604, 0.0 ], [ 73.1253286, 28.1424572, 0.0 ] ], [ [ 73.1252727, 28.1424564, 0.0 ], [ 73.1252958, 28.1424567, 0.0 ], [ 73.1252905, 28.14276, 0.0 ], [ 73.1252674, 28.1427597, 0.0 ], [ 73.1252727, 28.1424564, 0.0 ] ], [ [ 73.1253232, 28.1427688, 0.0 ], [ 73.1253463, 28.1427692, 0.0 ], [ 73.1253411, 28.1430724, 0.0 ], [ 73.1253179, 28.1430721, 0.0 ], [ 73.1253232, 28.1427688, 0.0 ] ], [ [ 73.1252672, 28.1427681, 0.0 ], [ 73.1252904, 28.1427684, 0.0 ], [ 73.1252851, 28.1430717, 0.0 ], [ 73.125262, 28.1430713, 0.0 ], [ 73.1252672, 28.1427681, 0.0 ] ], [ [ 73.1252167, 28.1424556, 0.0 ], [ 73.1252398, 28.1424559, 0.0 ], [ 73.1252345, 28.1427592, 0.0 ], [ 73.1252114, 28.1427589, 0.0 ], [ 73.1252167, 28.1424556, 0.0 ] ], [ [ 73.1251607, 28.1424549, 0.0 ], [ 73.1251838, 28.1424552, 0.0 ], [ 73.1251785, 28.1427584, 0.0 ], [ 73.1251554, 28.1427581, 0.0 ], [ 73.1251607, 28.1424549, 0.0 ] ], [ [ 73.1252113, 28.1427673, 0.0 ], [ 73.1252344, 28.1427676, 0.0 ], [ 73.1252291, 28.1430709, 0.0 ], [ 73.125206, 28.1430706, 0.0 ], [ 73.1252113, 28.1427673, 0.0 ] ], [ [ 73.1251553, 28.1427665, 0.0 ], [ 73.1251784, 28.1427669, 0.0 ], [ 73.1251731, 28.1430701, 0.0 ], [ 73.12515, 28.1430698, 0.0 ], [ 73.1251553, 28.1427665, 0.0 ] ], [ [ 73.1251047, 28.1424541, 0.0 ], [ 73.1251278, 28.1424544, 0.0 ], [ 73.1251226, 28.1427577, 0.0 ], [ 73.1250994, 28.1427574, 0.0 ], [ 73.1251047, 28.1424541, 0.0 ] ], [ [ 73.1250487, 28.1424533, 0.0 ], [ 73.1250719, 28.1424536, 0.0 ], [ 73.1250666, 28.1427569, 0.0 ], [ 73.1250435, 28.1427566, 0.0 ], [ 73.1250487, 28.1424533, 0.0 ] ], [ [ 73.1250993, 28.1427658, 0.0 ], [ 73.1251224, 28.1427661, 0.0 ], [ 73.1251171, 28.1430694, 0.0 ], [ 73.125094, 28.143069, 0.0 ], [ 73.1250993, 28.1427658, 0.0 ] ], [ [ 73.1250433, 28.142765, 0.0 ], [ 73.1250664, 28.1427653, 0.0 ], [ 73.1250611, 28.1430686, 0.0 ], [ 73.125038, 28.1430683, 0.0 ], [ 73.1250433, 28.142765, 0.0 ] ], [ [ 73.12591, 28.1412259, 0.0 ], [ 73.1259332, 28.1412262, 0.0 ], [ 73.1259279, 28.1415295, 0.0 ], [ 73.1259048, 28.1415292, 0.0 ], [ 73.12591, 28.1412259, 0.0 ] ], [ [ 73.1258541, 28.1412251, 0.0 ], [ 73.1258772, 28.1412254, 0.0 ], [ 73.1258719, 28.1415287, 0.0 ], [ 73.1258488, 28.1415284, 0.0 ], [ 73.1258541, 28.1412251, 0.0 ] ], [ [ 73.1259046, 28.1415376, 0.0 ], [ 73.1259277, 28.1415379, 0.0 ], [ 73.1259225, 28.1418412, 0.0 ], [ 73.1258993, 28.1418408, 0.0 ], [ 73.1259046, 28.1415376, 0.0 ] ], [ [ 73.1258486, 28.1415368, 0.0 ], [ 73.1258718, 28.1415371, 0.0 ], [ 73.1258665, 28.1418404, 0.0 ], [ 73.1258433, 28.1418401, 0.0 ], [ 73.1258486, 28.1415368, 0.0 ] ], [ [ 73.1257981, 28.1412244, 0.0 ], [ 73.1258212, 28.1412247, 0.0 ], [ 73.1258159, 28.1415279, 0.0 ], [ 73.1257928, 28.1415276, 0.0 ], [ 73.1257981, 28.1412244, 0.0 ] ], [ [ 73.1257421, 28.1412236, 0.0 ], [ 73.1257652, 28.1412239, 0.0 ], [ 73.1257599, 28.1415272, 0.0 ], [ 73.1257368, 28.1415269, 0.0 ], [ 73.1257421, 28.1412236, 0.0 ] ], [ [ 73.1257926, 28.141536, 0.0 ], [ 73.1258158, 28.1415364, 0.0 ], [ 73.1258105, 28.1418396, 0.0 ], [ 73.1257874, 28.1418393, 0.0 ], [ 73.1257926, 28.141536, 0.0 ] ], [ [ 73.1257367, 28.1415353, 0.0 ], [ 73.1257598, 28.1415356, 0.0 ], [ 73.1257545, 28.1418389, 0.0 ], [ 73.1257314, 28.1418385, 0.0 ], [ 73.1257367, 28.1415353, 0.0 ] ], [ [ 73.1256861, 28.1412228, 0.0 ], [ 73.1257092, 28.1412231, 0.0 ], [ 73.125704, 28.1415264, 0.0 ], [ 73.1256808, 28.1415261, 0.0 ], [ 73.1256861, 28.1412228, 0.0 ] ], [ [ 73.1256301, 28.1412221, 0.0 ], [ 73.1256533, 28.1412224, 0.0 ], [ 73.125648, 28.1415256, 0.0 ], [ 73.1256248, 28.1415253, 0.0 ], [ 73.1256301, 28.1412221, 0.0 ] ], [ [ 73.1256807, 28.1415345, 0.0 ], [ 73.1257038, 28.1415348, 0.0 ], [ 73.1256985, 28.1418381, 0.0 ], [ 73.1256754, 28.1418378, 0.0 ], [ 73.1256807, 28.1415345, 0.0 ] ], [ [ 73.1256247, 28.1415337, 0.0 ], [ 73.1256478, 28.1415341, 0.0 ], [ 73.1256425, 28.1418373, 0.0 ], [ 73.1256194, 28.141837, 0.0 ], [ 73.1256247, 28.1415337, 0.0 ] ], [ [ 73.1255741, 28.1412213, 0.0 ], [ 73.1255973, 28.1412216, 0.0 ], [ 73.125592, 28.1415249, 0.0 ], [ 73.1255689, 28.1415246, 0.0 ], [ 73.1255741, 28.1412213, 0.0 ] ], [ [ 73.1255182, 28.1412205, 0.0 ], [ 73.1255413, 28.1412209, 0.0 ], [ 73.125536, 28.1415241, 0.0 ], [ 73.1255129, 28.1415238, 0.0 ], [ 73.1255182, 28.1412205, 0.0 ] ], [ [ 73.1255687, 28.141533, 0.0 ], [ 73.1255918, 28.1415333, 0.0 ], [ 73.1255866, 28.1418366, 0.0 ], [ 73.1255634, 28.1418362, 0.0 ], [ 73.1255687, 28.141533, 0.0 ] ], [ [ 73.1255127, 28.1415322, 0.0 ], [ 73.1255359, 28.1415325, 0.0 ], [ 73.1255306, 28.1418358, 0.0 ], [ 73.1255075, 28.1418355, 0.0 ], [ 73.1255127, 28.1415322, 0.0 ] ], [ [ 73.1254622, 28.1412198, 0.0 ], [ 73.1254853, 28.1412201, 0.0 ], [ 73.12548, 28.1415234, 0.0 ], [ 73.1254569, 28.141523, 0.0 ], [ 73.1254622, 28.1412198, 0.0 ] ], [ [ 73.1254062, 28.141219, 0.0 ], [ 73.1254293, 28.1412193, 0.0 ], [ 73.125424, 28.1415226, 0.0 ], [ 73.1254009, 28.1415223, 0.0 ], [ 73.1254062, 28.141219, 0.0 ] ], [ [ 73.1254568, 28.1415315, 0.0 ], [ 73.1254799, 28.1415318, 0.0 ], [ 73.1254746, 28.141835, 0.0 ], [ 73.1254515, 28.1418347, 0.0 ], [ 73.1254568, 28.1415315, 0.0 ] ], [ [ 73.1254008, 28.1415307, 0.0 ], [ 73.1254239, 28.141531, 0.0 ], [ 73.1254186, 28.1418343, 0.0 ], [ 73.1253955, 28.141834, 0.0 ], [ 73.1254008, 28.1415307, 0.0 ] ], [ [ 73.1253502, 28.1412182, 0.0 ], [ 73.1253733, 28.1412186, 0.0 ], [ 73.1253681, 28.1415218, 0.0 ], [ 73.1253449, 28.1415215, 0.0 ], [ 73.1253502, 28.1412182, 0.0 ] ], [ [ 73.1252942, 28.1412175, 0.0 ], [ 73.1253174, 28.1412178, 0.0 ], [ 73.1253121, 28.1415211, 0.0 ], [ 73.125289, 28.1415207, 0.0 ], [ 73.1252942, 28.1412175, 0.0 ] ], [ [ 73.1253448, 28.1415299, 0.0 ], [ 73.1253679, 28.1415302, 0.0 ], [ 73.1253626, 28.1418335, 0.0 ], [ 73.1253395, 28.1418332, 0.0 ], [ 73.1253448, 28.1415299, 0.0 ] ], [ [ 73.1252888, 28.1415292, 0.0 ], [ 73.1253119, 28.1415295, 0.0 ], [ 73.1253067, 28.1418327, 0.0 ], [ 73.1252835, 28.1418324, 0.0 ], [ 73.1252888, 28.1415292, 0.0 ] ], [ [ 73.1252383, 28.1412167, 0.0 ], [ 73.1252614, 28.141217, 0.0 ], [ 73.1252561, 28.1415203, 0.0 ], [ 73.125233, 28.14152, 0.0 ], [ 73.1252383, 28.1412167, 0.0 ] ], [ [ 73.1251823, 28.1412159, 0.0 ], [ 73.1252054, 28.1412163, 0.0 ], [ 73.1252001, 28.1415195, 0.0 ], [ 73.125177, 28.1415192, 0.0 ], [ 73.1251823, 28.1412159, 0.0 ] ], [ [ 73.1252328, 28.1415284, 0.0 ], [ 73.125256, 28.1415287, 0.0 ], [ 73.1252507, 28.141832, 0.0 ], [ 73.1252275, 28.1418317, 0.0 ], [ 73.1252328, 28.1415284, 0.0 ] ], [ [ 73.1251769, 28.1415276, 0.0 ], [ 73.1252, 28.1415279, 0.0 ], [ 73.1251947, 28.1418312, 0.0 ], [ 73.1251716, 28.1418309, 0.0 ], [ 73.1251769, 28.1415276, 0.0 ] ], [ [ 73.1251263, 28.1412152, 0.0 ], [ 73.1251494, 28.1412155, 0.0 ], [ 73.1251441, 28.1415188, 0.0 ], [ 73.125121, 28.1415184, 0.0 ], [ 73.1251263, 28.1412152, 0.0 ] ], [ [ 73.1250703, 28.1412144, 0.0 ], [ 73.1250934, 28.1412147, 0.0 ], [ 73.1250882, 28.141518, 0.0 ], [ 73.125065, 28.1415177, 0.0 ], [ 73.1250703, 28.1412144, 0.0 ] ], [ [ 73.1251209, 28.1415269, 0.0 ], [ 73.125144, 28.1415272, 0.0 ], [ 73.1251387, 28.1418304, 0.0 ], [ 73.1251156, 28.1418301, 0.0 ], [ 73.1251209, 28.1415269, 0.0 ] ], [ [ 73.1250649, 28.1415261, 0.0 ], [ 73.125088, 28.1415264, 0.0 ], [ 73.1250827, 28.1418297, 0.0 ], [ 73.1250596, 28.1418294, 0.0 ], [ 73.1250649, 28.1415261, 0.0 ] ], [ [ 73.1258993, 28.1418454, 0.0 ], [ 73.1259224, 28.1418457, 0.0 ], [ 73.1259171, 28.1421489, 0.0 ], [ 73.125894, 28.1421486, 0.0 ], [ 73.1258993, 28.1418454, 0.0 ] ], [ [ 73.1258433, 28.1418446, 0.0 ], [ 73.1258664, 28.1418449, 0.0 ], [ 73.1258611, 28.1421482, 0.0 ], [ 73.125838, 28.1421479, 0.0 ], [ 73.1258433, 28.1418446, 0.0 ] ], [ [ 73.1258938, 28.142157, 0.0 ], [ 73.125917, 28.1421574, 0.0 ], [ 73.1259117, 28.1424606, 0.0 ], [ 73.1258885, 28.1424603, 0.0 ], [ 73.1258938, 28.142157, 0.0 ] ], [ [ 73.1258378, 28.1421563, 0.0 ], [ 73.125861, 28.1421566, 0.0 ], [ 73.1258557, 28.1424599, 0.0 ], [ 73.1258326, 28.1424595, 0.0 ], [ 73.1258378, 28.1421563, 0.0 ] ], [ [ 73.1257873, 28.1418438, 0.0 ], [ 73.1258104, 28.1418441, 0.0 ], [ 73.1258051, 28.1421474, 0.0 ], [ 73.125782, 28.1421471, 0.0 ], [ 73.1257873, 28.1418438, 0.0 ] ], [ [ 73.1257313, 28.1418431, 0.0 ], [ 73.1257544, 28.1418434, 0.0 ], [ 73.1257492, 28.1421466, 0.0 ], [ 73.125726, 28.1421463, 0.0 ], [ 73.1257313, 28.1418431, 0.0 ] ], [ [ 73.1257819, 28.1421555, 0.0 ], [ 73.125805, 28.1421558, 0.0 ], [ 73.1257997, 28.1424591, 0.0 ], [ 73.1257766, 28.1424588, 0.0 ], [ 73.1257819, 28.1421555, 0.0 ] ], [ [ 73.1257259, 28.1421547, 0.0 ], [ 73.125749, 28.1421551, 0.0 ], [ 73.1257437, 28.1424583, 0.0 ], [ 73.1257206, 28.142458, 0.0 ], [ 73.1257259, 28.1421547, 0.0 ] ], [ [ 73.1256753, 28.1418423, 0.0 ], [ 73.1256985, 28.1418426, 0.0 ], [ 73.1256932, 28.1421459, 0.0 ], [ 73.12567, 28.1421456, 0.0 ], [ 73.1256753, 28.1418423, 0.0 ] ], [ [ 73.1256193, 28.1418415, 0.0 ], [ 73.1256425, 28.1418418, 0.0 ], [ 73.1256372, 28.1421451, 0.0 ], [ 73.1256141, 28.1421448, 0.0 ], [ 73.1256193, 28.1418415, 0.0 ] ], [ [ 73.1256699, 28.142154, 0.0 ], [ 73.125693, 28.1421543, 0.0 ], [ 73.1256877, 28.1424576, 0.0 ], [ 73.1256646, 28.1424572, 0.0 ], [ 73.1256699, 28.142154, 0.0 ] ], [ [ 73.1256139, 28.1421532, 0.0 ], [ 73.125637, 28.1421535, 0.0 ], [ 73.1256318, 28.1424568, 0.0 ], [ 73.1256086, 28.1424565, 0.0 ], [ 73.1256139, 28.1421532, 0.0 ] ], [ [ 73.1255634, 28.1418408, 0.0 ], [ 73.1255865, 28.1418411, 0.0 ], [ 73.1255812, 28.1421443, 0.0 ], [ 73.1255581, 28.142144, 0.0 ], [ 73.1255634, 28.1418408, 0.0 ] ], [ [ 73.1255074, 28.14184, 0.0 ], [ 73.1255305, 28.1418403, 0.0 ], [ 73.1255252, 28.1421436, 0.0 ], [ 73.1255021, 28.1421433, 0.0 ], [ 73.1255074, 28.14184, 0.0 ] ], [ [ 73.1255579, 28.1421524, 0.0 ], [ 73.1255811, 28.1421528, 0.0 ], [ 73.1255758, 28.142456, 0.0 ], [ 73.1255527, 28.1424557, 0.0 ], [ 73.1255579, 28.1421524, 0.0 ] ], [ [ 73.125502, 28.1421517, 0.0 ], [ 73.1255251, 28.142152, 0.0 ], [ 73.1255198, 28.1424553, 0.0 ], [ 73.1254967, 28.1424549, 0.0 ], [ 73.125502, 28.1421517, 0.0 ] ], [ [ 73.1254514, 28.1418392, 0.0 ], [ 73.1254745, 28.1418395, 0.0 ], [ 73.1254692, 28.1421428, 0.0 ], [ 73.1254461, 28.1421425, 0.0 ], [ 73.1254514, 28.1418392, 0.0 ] ], [ [ 73.1253954, 28.1418385, 0.0 ], [ 73.1254185, 28.1418388, 0.0 ], [ 73.1254133, 28.142142, 0.0 ], [ 73.1253901, 28.1421417, 0.0 ], [ 73.1253954, 28.1418385, 0.0 ] ], [ [ 73.125446, 28.1421509, 0.0 ], [ 73.1254691, 28.1421512, 0.0 ], [ 73.1254638, 28.1424545, 0.0 ], [ 73.1254407, 28.1424542, 0.0 ], [ 73.125446, 28.1421509, 0.0 ] ], [ [ 73.12539, 28.1421501, 0.0 ], [ 73.1254131, 28.1421505, 0.0 ], [ 73.1254078, 28.1424537, 0.0 ], [ 73.1253847, 28.1424534, 0.0 ], [ 73.12539, 28.1421501, 0.0 ] ], [ [ 73.1253394, 28.1418377, 0.0 ], [ 73.1253626, 28.141838, 0.0 ], [ 73.1253573, 28.1421413, 0.0 ], [ 73.1253342, 28.142141, 0.0 ], [ 73.1253394, 28.1418377, 0.0 ] ], [ [ 73.1252835, 28.1418369, 0.0 ], [ 73.1253066, 28.1418372, 0.0 ], [ 73.1253013, 28.1421405, 0.0 ], [ 73.1252782, 28.1421402, 0.0 ], [ 73.1252835, 28.1418369, 0.0 ] ], [ [ 73.125334, 28.1421494, 0.0 ], [ 73.1253571, 28.1421497, 0.0 ], [ 73.1253519, 28.142453, 0.0 ], [ 73.1253287, 28.1424526, 0.0 ], [ 73.125334, 28.1421494, 0.0 ] ], [ [ 73.125278, 28.1421486, 0.0 ], [ 73.1253012, 28.1421489, 0.0 ], [ 73.1252959, 28.1424522, 0.0 ], [ 73.1252727, 28.1424519, 0.0 ], [ 73.125278, 28.1421486, 0.0 ] ], [ [ 73.1252275, 28.1418362, 0.0 ], [ 73.1252506, 28.1418365, 0.0 ], [ 73.1252453, 28.1421397, 0.0 ], [ 73.1252222, 28.1421394, 0.0 ], [ 73.1252275, 28.1418362, 0.0 ] ], [ [ 73.1251715, 28.1418354, 0.0 ], [ 73.1251946, 28.1418357, 0.0 ], [ 73.1251893, 28.142139, 0.0 ], [ 73.1251662, 28.1421387, 0.0 ], [ 73.1251715, 28.1418354, 0.0 ] ], [ [ 73.125222, 28.1421478, 0.0 ], [ 73.1252452, 28.1421482, 0.0 ], [ 73.1252399, 28.1424514, 0.0 ], [ 73.1252168, 28.1424511, 0.0 ], [ 73.125222, 28.1421478, 0.0 ] ], [ [ 73.1251661, 28.1421471, 0.0 ], [ 73.1251892, 28.1421474, 0.0 ], [ 73.1251839, 28.1424507, 0.0 ], [ 73.1251608, 28.1424503, 0.0 ], [ 73.1251661, 28.1421471, 0.0 ] ], [ [ 73.1251155, 28.1418346, 0.0 ], [ 73.1251386, 28.1418349, 0.0 ], [ 73.1251334, 28.1421382, 0.0 ], [ 73.1251102, 28.1421379, 0.0 ], [ 73.1251155, 28.1418346, 0.0 ] ], [ [ 73.1250595, 28.1418339, 0.0 ], [ 73.1250827, 28.1418342, 0.0 ], [ 73.1250774, 28.1421374, 0.0 ], [ 73.1250542, 28.1421371, 0.0 ], [ 73.1250595, 28.1418339, 0.0 ] ], [ [ 73.1251101, 28.1421463, 0.0 ], [ 73.1251332, 28.1421466, 0.0 ], [ 73.1251279, 28.1424499, 0.0 ], [ 73.1251048, 28.1424496, 0.0 ], [ 73.1251101, 28.1421463, 0.0 ] ], [ [ 73.1250541, 28.1421455, 0.0 ], [ 73.1250772, 28.1421459, 0.0 ], [ 73.1250719, 28.1424491, 0.0 ], [ 73.1250488, 28.1424488, 0.0 ], [ 73.1250541, 28.1421455, 0.0 ] ], [ [ 73.1263429, 28.1420948, 0.0 ], [ 73.126366, 28.1420951, 0.0 ], [ 73.1263607, 28.1423984, 0.0 ], [ 73.1263376, 28.142398, 0.0 ], [ 73.1263429, 28.1420948, 0.0 ] ], [ [ 73.1262869, 28.142094, 0.0 ], [ 73.12631, 28.1420943, 0.0 ], [ 73.1263047, 28.1423976, 0.0 ], [ 73.1262816, 28.1423973, 0.0 ], [ 73.1262869, 28.142094, 0.0 ] ], [ [ 73.1263374, 28.1424065, 0.0 ], [ 73.1263606, 28.1424068, 0.0 ], [ 73.1263553, 28.14271, 0.0 ], [ 73.1263322, 28.1427097, 0.0 ], [ 73.1263374, 28.1424065, 0.0 ] ], [ [ 73.1262815, 28.1424057, 0.0 ], [ 73.1263046, 28.142406, 0.0 ], [ 73.1262993, 28.1427093, 0.0 ], [ 73.1262762, 28.142709, 0.0 ], [ 73.1262815, 28.1424057, 0.0 ] ], [ [ 73.1262309, 28.1420932, 0.0 ], [ 73.126254, 28.1420936, 0.0 ], [ 73.1262488, 28.1423968, 0.0 ], [ 73.1262256, 28.1423965, 0.0 ], [ 73.1262309, 28.1420932, 0.0 ] ], [ [ 73.1261749, 28.1420925, 0.0 ], [ 73.1261981, 28.1420928, 0.0 ], [ 73.1261928, 28.1423961, 0.0 ], [ 73.1261696, 28.1423957, 0.0 ], [ 73.1261749, 28.1420925, 0.0 ] ], [ [ 73.1262255, 28.1424049, 0.0 ], [ 73.1262486, 28.1424052, 0.0 ], [ 73.1262433, 28.1427085, 0.0 ], [ 73.1262202, 28.1427082, 0.0 ], [ 73.1262255, 28.1424049, 0.0 ] ], [ [ 73.1261695, 28.1424042, 0.0 ], [ 73.1261926, 28.1424045, 0.0 ], [ 73.1261873, 28.1427077, 0.0 ], [ 73.1261642, 28.1427074, 0.0 ], [ 73.1261695, 28.1424042, 0.0 ] ], [ [ 73.1259896, 28.1430858, 0.0 ], [ 73.1260128, 28.1430861, 0.0 ], [ 73.1260075, 28.1433894, 0.0 ], [ 73.1259844, 28.1433891, 0.0 ], [ 73.1259896, 28.1430858, 0.0 ] ], [ [ 73.1259337, 28.143085, 0.0 ], [ 73.1259568, 28.1430854, 0.0 ], [ 73.1259515, 28.1433886, 0.0 ], [ 73.1259284, 28.1433883, 0.0 ], [ 73.1259337, 28.143085, 0.0 ] ], [ [ 73.1259842, 28.1433975, 0.0 ], [ 73.1260073, 28.1433978, 0.0 ], [ 73.1260021, 28.1437011, 0.0 ], [ 73.1259789, 28.1437008, 0.0 ], [ 73.1259842, 28.1433975, 0.0 ] ], [ [ 73.1259282, 28.1433967, 0.0 ], [ 73.1259514, 28.143397, 0.0 ], [ 73.1259461, 28.1437003, 0.0 ], [ 73.125923, 28.1437, 0.0 ], [ 73.1259282, 28.1433967, 0.0 ] ], [ [ 73.1260004, 28.1424663, 0.0 ], [ 73.1260236, 28.1424667, 0.0 ], [ 73.1260183, 28.1427699, 0.0 ], [ 73.1259952, 28.1427696, 0.0 ], [ 73.1260004, 28.1424663, 0.0 ] ], [ [ 73.1259444, 28.1424656, 0.0 ], [ 73.1259676, 28.1424659, 0.0 ], [ 73.1259623, 28.1427692, 0.0 ], [ 73.1259392, 28.1427688, 0.0 ], [ 73.1259444, 28.1424656, 0.0 ] ], [ [ 73.125995, 28.142778, 0.0 ], [ 73.1260181, 28.1427783, 0.0 ], [ 73.1260129, 28.1430816, 0.0 ], [ 73.1259897, 28.1430813, 0.0 ], [ 73.125995, 28.142778, 0.0 ] ], [ [ 73.125939, 28.1427773, 0.0 ], [ 73.1259621, 28.1427776, 0.0 ], [ 73.1259569, 28.1430808, 0.0 ], [ 73.1259337, 28.1430805, 0.0 ], [ 73.125939, 28.1427773, 0.0 ] ], [ [ 73.1268104, 28.1409692, 0.0 ], [ 73.1268335, 28.1409695, 0.0 ], [ 73.1268283, 28.1412728, 0.0 ], [ 73.1268051, 28.1412724, 0.0 ], [ 73.1268104, 28.1409692, 0.0 ] ], [ [ 73.1267544, 28.1409684, 0.0 ], [ 73.1267776, 28.1409687, 0.0 ], [ 73.1267723, 28.141272, 0.0 ], [ 73.1267492, 28.1412717, 0.0 ], [ 73.1267544, 28.1409684, 0.0 ] ], [ [ 73.126805, 28.1412809, 0.0 ], [ 73.1268281, 28.1412812, 0.0 ], [ 73.1268228, 28.1415844, 0.0 ], [ 73.1267997, 28.1415841, 0.0 ], [ 73.126805, 28.1412809, 0.0 ] ], [ [ 73.126749, 28.1412801, 0.0 ], [ 73.1267721, 28.1412804, 0.0 ], [ 73.1267669, 28.1415837, 0.0 ], [ 73.1267437, 28.1415834, 0.0 ], [ 73.126749, 28.1412801, 0.0 ] ], [ [ 73.1266985, 28.1409677, 0.0 ], [ 73.1267216, 28.140968, 0.0 ], [ 73.1267163, 28.1412712, 0.0 ], [ 73.1266932, 28.1412709, 0.0 ], [ 73.1266985, 28.1409677, 0.0 ] ], [ [ 73.1266425, 28.1409669, 0.0 ], [ 73.1266656, 28.1409672, 0.0 ], [ 73.1266603, 28.1412705, 0.0 ], [ 73.1266372, 28.1412702, 0.0 ], [ 73.1266425, 28.1409669, 0.0 ] ], [ [ 73.126693, 28.1412793, 0.0 ], [ 73.1267162, 28.1412796, 0.0 ], [ 73.1267109, 28.1415829, 0.0 ], [ 73.1266878, 28.1415826, 0.0 ], [ 73.126693, 28.1412793, 0.0 ] ], [ [ 73.1266371, 28.1412786, 0.0 ], [ 73.1266602, 28.1412789, 0.0 ], [ 73.1266549, 28.1415821, 0.0 ], [ 73.1266318, 28.1415818, 0.0 ], [ 73.1266371, 28.1412786, 0.0 ] ], [ [ 73.1263644, 28.1408559, 0.0 ], [ 73.1263876, 28.1408562, 0.0 ], [ 73.1263823, 28.1411594, 0.0 ], [ 73.1263592, 28.1411591, 0.0 ], [ 73.1263644, 28.1408559, 0.0 ] ], [ [ 73.1263085, 28.1408551, 0.0 ], [ 73.1263316, 28.1408554, 0.0 ], [ 73.1263263, 28.1411587, 0.0 ], [ 73.1263032, 28.1411583, 0.0 ], [ 73.1263085, 28.1408551, 0.0 ] ], [ [ 73.126359, 28.1411675, 0.0 ], [ 73.1263821, 28.1411678, 0.0 ], [ 73.1263769, 28.1414711, 0.0 ], [ 73.1263537, 28.1414708, 0.0 ], [ 73.126359, 28.1411675, 0.0 ] ], [ [ 73.126303, 28.1411668, 0.0 ], [ 73.1263262, 28.1411671, 0.0 ], [ 73.1263209, 28.1414703, 0.0 ], [ 73.1262978, 28.14147, 0.0 ], [ 73.126303, 28.1411668, 0.0 ] ], [ [ 73.1262525, 28.1408543, 0.0 ], [ 73.1262756, 28.1408546, 0.0 ], [ 73.1262703, 28.1411579, 0.0 ], [ 73.1262472, 28.1411576, 0.0 ], [ 73.1262525, 28.1408543, 0.0 ] ], [ [ 73.1261965, 28.1408536, 0.0 ], [ 73.1262196, 28.1408539, 0.0 ], [ 73.1262143, 28.1411571, 0.0 ], [ 73.1261912, 28.1411568, 0.0 ], [ 73.1261965, 28.1408536, 0.0 ] ], [ [ 73.126247, 28.141166, 0.0 ], [ 73.1262702, 28.1411663, 0.0 ], [ 73.1262649, 28.1414696, 0.0 ], [ 73.1262418, 28.1414693, 0.0 ], [ 73.126247, 28.141166, 0.0 ] ], [ [ 73.1261911, 28.1411652, 0.0 ], [ 73.1262142, 28.1411656, 0.0 ], [ 73.1262089, 28.1414688, 0.0 ], [ 73.1261858, 28.1414685, 0.0 ], [ 73.1261911, 28.1411652, 0.0 ] ], [ [ 73.126022, 28.1412274, 0.0 ], [ 73.1260451, 28.1412277, 0.0 ], [ 73.1260398, 28.141531, 0.0 ], [ 73.1260167, 28.1415307, 0.0 ], [ 73.126022, 28.1412274, 0.0 ] ], [ [ 73.125966, 28.1412267, 0.0 ], [ 73.1259891, 28.141227, 0.0 ], [ 73.1259839, 28.1415302, 0.0 ], [ 73.1259607, 28.1415299, 0.0 ], [ 73.125966, 28.1412267, 0.0 ] ], [ [ 73.1260166, 28.1415391, 0.0 ], [ 73.1260397, 28.1415394, 0.0 ], [ 73.1260344, 28.1418427, 0.0 ], [ 73.1260113, 28.1418424, 0.0 ], [ 73.1260166, 28.1415391, 0.0 ] ], [ [ 73.1259606, 28.1415383, 0.0 ], [ 73.1259837, 28.1415387, 0.0 ], [ 73.1259784, 28.1418419, 0.0 ], [ 73.1259553, 28.1418416, 0.0 ], [ 73.1259606, 28.1415383, 0.0 ] ], [ [ 73.1267996, 28.1415886, 0.0 ], [ 73.1268228, 28.141589, 0.0 ], [ 73.1268175, 28.1418922, 0.0 ], [ 73.1267944, 28.1418919, 0.0 ], [ 73.1267996, 28.1415886, 0.0 ] ], [ [ 73.1267437, 28.1415879, 0.0 ], [ 73.1267668, 28.1415882, 0.0 ], [ 73.1267615, 28.1418915, 0.0 ], [ 73.1267384, 28.1418911, 0.0 ], [ 73.1267437, 28.1415879, 0.0 ] ], [ [ 73.1267889, 28.1422036, 0.0 ], [ 73.1267942, 28.1419003, 0.0 ], [ 73.1268173, 28.1419006, 0.0 ], [ 73.1268121, 28.1422039, 0.0 ], [ 73.126733, 28.1422028, 0.0 ], [ 73.1267382, 28.1418996, 0.0 ], [ 73.1267614, 28.1418999, 0.0 ], [ 73.1267561, 28.1422031, 0.0 ] ], [ [ 73.1266877, 28.1415871, 0.0 ], [ 73.1267108, 28.1415874, 0.0 ], [ 73.1267055, 28.1418907, 0.0 ], [ 73.1266824, 28.1418904, 0.0 ], [ 73.1266877, 28.1415871, 0.0 ] ], [ [ 73.1266317, 28.1415863, 0.0 ], [ 73.1266548, 28.1415867, 0.0 ], [ 73.1266495, 28.1418899, 0.0 ], [ 73.1266264, 28.1418896, 0.0 ], [ 73.1266317, 28.1415863, 0.0 ] ], [ [ 73.1266823, 28.1418988, 0.0 ], [ 73.1267054, 28.1418991, 0.0 ], [ 73.1267001, 28.1422024, 0.0 ], [ 73.126677, 28.1422021, 0.0 ], [ 73.1266823, 28.1418988, 0.0 ] ], [ [ 73.1266263, 28.141898, 0.0 ], [ 73.1266494, 28.1418983, 0.0 ], [ 73.1266441, 28.1422016, 0.0 ], [ 73.126621, 28.1422013, 0.0 ], [ 73.1266263, 28.141898, 0.0 ] ], [ [ 73.1264656, 28.1414768, 0.0 ], [ 73.1264887, 28.1414772, 0.0 ], [ 73.1264835, 28.1417804, 0.0 ], [ 73.1264603, 28.1417801, 0.0 ], [ 73.1264656, 28.1414768, 0.0 ] ], [ [ 73.1264096, 28.1414761, 0.0 ], [ 73.1264328, 28.1414764, 0.0 ], [ 73.1264275, 28.1417797, 0.0 ], [ 73.1264044, 28.1417793, 0.0 ], [ 73.1264096, 28.1414761, 0.0 ] ], [ [ 73.1264602, 28.1417885, 0.0 ], [ 73.1264833, 28.1417888, 0.0 ], [ 73.126478, 28.1420921, 0.0 ], [ 73.1264549, 28.1420918, 0.0 ], [ 73.1264602, 28.1417885, 0.0 ] ], [ [ 73.1264042, 28.1417878, 0.0 ], [ 73.1264273, 28.1417881, 0.0 ], [ 73.1264221, 28.1420913, 0.0 ], [ 73.1263989, 28.142091, 0.0 ], [ 73.1264042, 28.1417878, 0.0 ] ], [ [ 73.1263537, 28.1414753, 0.0 ], [ 73.1263768, 28.1414756, 0.0 ], [ 73.1263715, 28.1417789, 0.0 ], [ 73.1263484, 28.1417786, 0.0 ], [ 73.1263537, 28.1414753, 0.0 ] ], [ [ 73.1262977, 28.1414745, 0.0 ], [ 73.1263208, 28.1414749, 0.0 ], [ 73.1263155, 28.1417781, 0.0 ], [ 73.1262924, 28.1417778, 0.0 ], [ 73.1262977, 28.1414745, 0.0 ] ], [ [ 73.1263482, 28.141787, 0.0 ], [ 73.1263714, 28.1417873, 0.0 ], [ 73.1263661, 28.1420906, 0.0 ], [ 73.126343, 28.1420903, 0.0 ], [ 73.1263482, 28.141787, 0.0 ] ], [ [ 73.1262922, 28.1417862, 0.0 ], [ 73.1263154, 28.1417865, 0.0 ], [ 73.1263101, 28.1420898, 0.0 ], [ 73.126287, 28.1420895, 0.0 ], [ 73.1262922, 28.1417862, 0.0 ] ], [ [ 73.1262417, 28.1414738, 0.0 ], [ 73.1262648, 28.1414741, 0.0 ], [ 73.1262595, 28.1417774, 0.0 ], [ 73.1262364, 28.141777, 0.0 ], [ 73.1262417, 28.1414738, 0.0 ] ], [ [ 73.1261857, 28.141473, 0.0 ], [ 73.1262088, 28.1414733, 0.0 ], [ 73.1262036, 28.1417766, 0.0 ], [ 73.1261804, 28.1417763, 0.0 ], [ 73.1261857, 28.141473, 0.0 ] ], [ [ 73.1262363, 28.1417855, 0.0 ], [ 73.1262594, 28.1417858, 0.0 ], [ 73.1262541, 28.142089, 0.0 ], [ 73.126231, 28.1420887, 0.0 ], [ 73.1262363, 28.1417855, 0.0 ] ], [ [ 73.1261803, 28.1417847, 0.0 ], [ 73.1262034, 28.141785, 0.0 ], [ 73.1261981, 28.1420883, 0.0 ], [ 73.126175, 28.142088, 0.0 ], [ 73.1261803, 28.1417847, 0.0 ] ], [ [ 73.1260112, 28.1418469, 0.0 ], [ 73.1260343, 28.1418472, 0.0 ], [ 73.1260291, 28.1421505, 0.0 ], [ 73.1260059, 28.1421502, 0.0 ], [ 73.1260112, 28.1418469, 0.0 ] ], [ [ 73.1259552, 28.1418461, 0.0 ], [ 73.1259784, 28.1418464, 0.0 ], [ 73.1259731, 28.1421497, 0.0 ], [ 73.12595, 28.1421494, 0.0 ], [ 73.1259552, 28.1418461, 0.0 ] ], [ [ 73.1260058, 28.1421586, 0.0 ], [ 73.1260289, 28.1421589, 0.0 ], [ 73.1260236, 28.1424622, 0.0 ], [ 73.1260005, 28.1424618, 0.0 ], [ 73.1260058, 28.1421586, 0.0 ] ], [ [ 73.1259498, 28.1421578, 0.0 ], [ 73.1259729, 28.1421581, 0.0 ], [ 73.1259677, 28.1424614, 0.0 ], [ 73.1259445, 28.1424611, 0.0 ], [ 73.1259498, 28.1421578, 0.0 ] ], [ [ 73.1274499, 28.1428367, 0.0 ], [ 73.127473, 28.142837, 0.0 ], [ 73.1274677, 28.1431403, 0.0 ], [ 73.1274446, 28.14314, 0.0 ], [ 73.1274499, 28.1428367, 0.0 ] ], [ [ 73.1273939, 28.1428359, 0.0 ], [ 73.127417, 28.1428363, 0.0 ], [ 73.1274117, 28.1431395, 0.0 ], [ 73.1273886, 28.1431392, 0.0 ], [ 73.1273939, 28.1428359, 0.0 ] ], [ [ 73.1274444, 28.1431484, 0.0 ], [ 73.1274676, 28.1431487, 0.0 ], [ 73.1274623, 28.143452, 0.0 ], [ 73.1274392, 28.1434517, 0.0 ], [ 73.1274444, 28.1431484, 0.0 ] ], [ [ 73.1273885, 28.1431476, 0.0 ], [ 73.1274116, 28.1431479, 0.0 ], [ 73.1274063, 28.1434512, 0.0 ], [ 73.1273832, 28.1434509, 0.0 ], [ 73.1273885, 28.1431476, 0.0 ] ], [ [ 73.1273379, 28.1428352, 0.0 ], [ 73.127361, 28.1428355, 0.0 ], [ 73.1273558, 28.1431388, 0.0 ], [ 73.1273326, 28.1431384, 0.0 ], [ 73.1273379, 28.1428352, 0.0 ] ], [ [ 73.1272819, 28.1428344, 0.0 ], [ 73.127305, 28.1428347, 0.0 ], [ 73.1272998, 28.143138, 0.0 ], [ 73.1272766, 28.1431377, 0.0 ], [ 73.1272819, 28.1428344, 0.0 ] ], [ [ 73.1273325, 28.1431469, 0.0 ], [ 73.1273556, 28.1431472, 0.0 ], [ 73.1273503, 28.1434504, 0.0 ], [ 73.1273272, 28.1434501, 0.0 ], [ 73.1273325, 28.1431469, 0.0 ] ], [ [ 73.1272765, 28.1431461, 0.0 ], [ 73.1272996, 28.1431464, 0.0 ], [ 73.1272943, 28.1434497, 0.0 ], [ 73.1272712, 28.1434494, 0.0 ], [ 73.1272765, 28.1431461, 0.0 ] ], [ [ 73.1272259, 28.1428336, 0.0 ], [ 73.1272491, 28.142834, 0.0 ], [ 73.1272438, 28.1431372, 0.0 ], [ 73.1272207, 28.1431369, 0.0 ], [ 73.1272259, 28.1428336, 0.0 ] ], [ [ 73.12717, 28.1428329, 0.0 ], [ 73.1271931, 28.1428332, 0.0 ], [ 73.1271878, 28.1431365, 0.0 ], [ 73.1271647, 28.1431361, 0.0 ], [ 73.12717, 28.1428329, 0.0 ] ], [ [ 73.1272205, 28.1431453, 0.0 ], [ 73.1272436, 28.1431456, 0.0 ], [ 73.1272384, 28.1434489, 0.0 ], [ 73.1272152, 28.1434486, 0.0 ], [ 73.1272205, 28.1431453, 0.0 ] ], [ [ 73.1271645, 28.1431446, 0.0 ], [ 73.1271877, 28.1431449, 0.0 ], [ 73.1271824, 28.1434481, 0.0 ], [ 73.1271593, 28.1434478, 0.0 ], [ 73.1271645, 28.1431446, 0.0 ] ], [ [ 73.1271138, 28.1428321, 0.0 ], [ 73.1271369, 28.1428324, 0.0 ], [ 73.1271316, 28.1431357, 0.0 ], [ 73.1271085, 28.1431354, 0.0 ], [ 73.1271138, 28.1428321, 0.0 ] ], [ [ 73.1270578, 28.1428313, 0.0 ], [ 73.1270809, 28.1428317, 0.0 ], [ 73.1270757, 28.1431349, 0.0 ], [ 73.1270525, 28.1431346, 0.0 ], [ 73.1270578, 28.1428313, 0.0 ] ], [ [ 73.1271084, 28.1431438, 0.0 ], [ 73.1271315, 28.1431441, 0.0 ], [ 73.1271262, 28.1434474, 0.0 ], [ 73.1271031, 28.1434471, 0.0 ], [ 73.1271084, 28.1431438, 0.0 ] ], [ [ 73.1270524, 28.143143, 0.0 ], [ 73.1270755, 28.1431433, 0.0 ], [ 73.1270702, 28.1434466, 0.0 ], [ 73.1270471, 28.1434463, 0.0 ], [ 73.1270524, 28.143143, 0.0 ] ], [ [ 73.1274606, 28.1422172, 0.0 ], [ 73.1274838, 28.1422176, 0.0 ], [ 73.1274785, 28.1425208, 0.0 ], [ 73.1274554, 28.1425205, 0.0 ], [ 73.1274606, 28.1422172, 0.0 ] ], [ [ 73.1274047, 28.1422165, 0.0 ], [ 73.1274278, 28.1422168, 0.0 ], [ 73.1274225, 28.1425201, 0.0 ], [ 73.1273994, 28.1425197, 0.0 ], [ 73.1274047, 28.1422165, 0.0 ] ], [ [ 73.1274552, 28.1425289, 0.0 ], [ 73.1274784, 28.1425292, 0.0 ], [ 73.1274731, 28.1428325, 0.0 ], [ 73.1274499, 28.1428322, 0.0 ], [ 73.1274552, 28.1425289, 0.0 ] ], [ [ 73.1273992, 28.1425282, 0.0 ], [ 73.1274224, 28.1425285, 0.0 ], [ 73.1274171, 28.1428317, 0.0 ], [ 73.127394, 28.1428314, 0.0 ], [ 73.1273992, 28.1425282, 0.0 ] ], [ [ 73.1273487, 28.1422157, 0.0 ], [ 73.1273718, 28.142216, 0.0 ], [ 73.1273665, 28.1425193, 0.0 ], [ 73.1273434, 28.142519, 0.0 ], [ 73.1273487, 28.1422157, 0.0 ] ], [ [ 73.1272927, 28.142215, 0.0 ], [ 73.1273158, 28.1422153, 0.0 ], [ 73.1273106, 28.1425185, 0.0 ], [ 73.1272874, 28.1425182, 0.0 ], [ 73.1272927, 28.142215, 0.0 ] ], [ [ 73.1273433, 28.1425274, 0.0 ], [ 73.1273664, 28.1425277, 0.0 ], [ 73.1273611, 28.142831, 0.0 ], [ 73.127338, 28.1428307, 0.0 ], [ 73.1273433, 28.1425274, 0.0 ] ], [ [ 73.1272873, 28.1425266, 0.0 ], [ 73.1273104, 28.142527, 0.0 ], [ 73.1273051, 28.1428302, 0.0 ], [ 73.127282, 28.1428299, 0.0 ], [ 73.1272873, 28.1425266, 0.0 ] ], [ [ 73.1272367, 28.1422142, 0.0 ], [ 73.1272598, 28.1422145, 0.0 ], [ 73.1272546, 28.1425178, 0.0 ], [ 73.1272314, 28.1425175, 0.0 ], [ 73.1272367, 28.1422142, 0.0 ] ], [ [ 73.1271807, 28.1422134, 0.0 ], [ 73.1272039, 28.1422137, 0.0 ], [ 73.1271986, 28.142517, 0.0 ], [ 73.1271755, 28.1425167, 0.0 ], [ 73.1271807, 28.1422134, 0.0 ] ], [ [ 73.1272313, 28.1425259, 0.0 ], [ 73.1272544, 28.1425262, 0.0 ], [ 73.1272491, 28.1428295, 0.0 ], [ 73.127226, 28.1428291, 0.0 ], [ 73.1272313, 28.1425259, 0.0 ] ], [ [ 73.1271753, 28.1425251, 0.0 ], [ 73.1271984, 28.1425254, 0.0 ], [ 73.1271932, 28.1428287, 0.0 ], [ 73.12717, 28.1428284, 0.0 ], [ 73.1271753, 28.1425251, 0.0 ] ], [ [ 73.1271246, 28.1422127, 0.0 ], [ 73.1271477, 28.142213, 0.0 ], [ 73.1271424, 28.1425162, 0.0 ], [ 73.1271193, 28.1425159, 0.0 ], [ 73.1271246, 28.1422127, 0.0 ] ], [ [ 73.1270686, 28.1422119, 0.0 ], [ 73.1270917, 28.1422122, 0.0 ], [ 73.1270864, 28.1425155, 0.0 ], [ 73.1270633, 28.1425152, 0.0 ], [ 73.1270686, 28.1422119, 0.0 ] ], [ [ 73.1271192, 28.1425243, 0.0 ], [ 73.1271423, 28.1425247, 0.0 ], [ 73.127137, 28.1428279, 0.0 ], [ 73.1271139, 28.1428276, 0.0 ], [ 73.1271192, 28.1425243, 0.0 ] ], [ [ 73.1270632, 28.1425236, 0.0 ], [ 73.1270863, 28.1425239, 0.0 ], [ 73.127081, 28.1428272, 0.0 ], [ 73.1270579, 28.1428268, 0.0 ], [ 73.1270632, 28.1425236, 0.0 ] ], [ [ 73.1274822, 28.1409783, 0.0 ], [ 73.1275053, 28.1409786, 0.0 ], [ 73.1275, 28.1412819, 0.0 ], [ 73.1274769, 28.1412816, 0.0 ], [ 73.1274822, 28.1409783, 0.0 ] ], [ [ 73.1274262, 28.1409776, 0.0 ], [ 73.1274493, 28.1409779, 0.0 ], [ 73.1274441, 28.1412811, 0.0 ], [ 73.1274209, 28.1412808, 0.0 ], [ 73.1274262, 28.1409776, 0.0 ] ], [ [ 73.1274768, 28.14129, 0.0 ], [ 73.1274999, 28.1412903, 0.0 ], [ 73.1274946, 28.1415936, 0.0 ], [ 73.1274715, 28.1415933, 0.0 ], [ 73.1274768, 28.14129, 0.0 ] ], [ [ 73.1274208, 28.1412892, 0.0 ], [ 73.1274439, 28.1412896, 0.0 ], [ 73.1274386, 28.1415928, 0.0 ], [ 73.1274155, 28.1415925, 0.0 ], [ 73.1274208, 28.1412892, 0.0 ] ], [ [ 73.1273702, 28.1409768, 0.0 ], [ 73.1273934, 28.1409771, 0.0 ], [ 73.1273881, 28.1412804, 0.0 ], [ 73.127365, 28.1412801, 0.0 ], [ 73.1273702, 28.1409768, 0.0 ] ], [ [ 73.1273143, 28.140976, 0.0 ], [ 73.1273374, 28.1409763, 0.0 ], [ 73.1273321, 28.1412796, 0.0 ], [ 73.127309, 28.1412793, 0.0 ], [ 73.1273143, 28.140976, 0.0 ] ], [ [ 73.1273648, 28.1412885, 0.0 ], [ 73.1273879, 28.1412888, 0.0 ], [ 73.1273827, 28.1415921, 0.0 ], [ 73.1273595, 28.1415917, 0.0 ], [ 73.1273648, 28.1412885, 0.0 ] ], [ [ 73.1273088, 28.1412877, 0.0 ], [ 73.127332, 28.141288, 0.0 ], [ 73.1273267, 28.1415913, 0.0 ], [ 73.1273036, 28.141591, 0.0 ], [ 73.1273088, 28.1412877, 0.0 ] ], [ [ 73.1272583, 28.1409753, 0.0 ], [ 73.1272814, 28.1409756, 0.0 ], [ 73.1272761, 28.1412788, 0.0 ], [ 73.127253, 28.1412785, 0.0 ], [ 73.1272583, 28.1409753, 0.0 ] ], [ [ 73.1272023, 28.1409745, 0.0 ], [ 73.1272254, 28.1409748, 0.0 ], [ 73.1272201, 28.1412781, 0.0 ], [ 73.127197, 28.1412778, 0.0 ], [ 73.1272023, 28.1409745, 0.0 ] ], [ [ 73.1272529, 28.1412869, 0.0 ], [ 73.127276, 28.1412873, 0.0 ], [ 73.1272707, 28.1415905, 0.0 ], [ 73.1272476, 28.1415902, 0.0 ], [ 73.1272529, 28.1412869, 0.0 ] ], [ [ 73.1271969, 28.1412862, 0.0 ], [ 73.12722, 28.1412865, 0.0 ], [ 73.1272147, 28.1415898, 0.0 ], [ 73.1271916, 28.1415894, 0.0 ], [ 73.1271969, 28.1412862, 0.0 ] ], [ [ 73.1271461, 28.1409737, 0.0 ], [ 73.1271693, 28.140974, 0.0 ], [ 73.127164, 28.1412773, 0.0 ], [ 73.1271409, 28.141277, 0.0 ], [ 73.1271461, 28.1409737, 0.0 ] ], [ [ 73.1270902, 28.140973, 0.0 ], [ 73.1271133, 28.1409733, 0.0 ], [ 73.127108, 28.1412765, 0.0 ], [ 73.1270849, 28.1412762, 0.0 ], [ 73.1270902, 28.140973, 0.0 ] ], [ [ 73.1271407, 28.1412854, 0.0 ], [ 73.1271638, 28.1412857, 0.0 ], [ 73.1271586, 28.141589, 0.0 ], [ 73.1271354, 28.1415887, 0.0 ], [ 73.1271407, 28.1412854, 0.0 ] ], [ [ 73.1270847, 28.1412847, 0.0 ], [ 73.1271079, 28.141285, 0.0 ], [ 73.1271026, 28.1415882, 0.0 ], [ 73.1270795, 28.1415879, 0.0 ], [ 73.1270847, 28.1412847, 0.0 ] ], [ [ 73.1270342, 28.1409722, 0.0 ], [ 73.1270573, 28.1409725, 0.0 ], [ 73.127052, 28.1412758, 0.0 ], [ 73.1270289, 28.1412755, 0.0 ], [ 73.1270342, 28.1409722, 0.0 ] ], [ [ 73.1269782, 28.1409714, 0.0 ], [ 73.1270013, 28.1409718, 0.0 ], [ 73.126996, 28.141275, 0.0 ], [ 73.1269729, 28.1412747, 0.0 ], [ 73.1269782, 28.1409714, 0.0 ] ], [ [ 73.1270287, 28.1412839, 0.0 ], [ 73.1270519, 28.1412842, 0.0 ], [ 73.1270466, 28.1415875, 0.0 ], [ 73.1270235, 28.1415872, 0.0 ], [ 73.1270287, 28.1412839, 0.0 ] ], [ [ 73.1269728, 28.1412831, 0.0 ], [ 73.1269959, 28.1412834, 0.0 ], [ 73.1269906, 28.1415867, 0.0 ], [ 73.1269675, 28.1415864, 0.0 ], [ 73.1269728, 28.1412831, 0.0 ] ], [ [ 73.1269222, 28.1409707, 0.0 ], [ 73.1269453, 28.140971, 0.0 ], [ 73.1269401, 28.1412743, 0.0 ], [ 73.1269169, 28.1412739, 0.0 ], [ 73.1269222, 28.1409707, 0.0 ] ], [ [ 73.1268662, 28.1409699, 0.0 ], [ 73.1268894, 28.1409702, 0.0 ], [ 73.1268841, 28.1412735, 0.0 ], [ 73.1268609, 28.1412732, 0.0 ], [ 73.1268662, 28.1409699, 0.0 ] ], [ [ 73.1269168, 28.1412824, 0.0 ], [ 73.1269399, 28.1412827, 0.0 ], [ 73.1269346, 28.1415859, 0.0 ], [ 73.1269115, 28.1415856, 0.0 ], [ 73.1269168, 28.1412824, 0.0 ] ], [ [ 73.1268608, 28.1412816, 0.0 ], [ 73.1268839, 28.1412819, 0.0 ], [ 73.1268787, 28.1415852, 0.0 ], [ 73.1268555, 28.1415849, 0.0 ], [ 73.1268608, 28.1412816, 0.0 ] ], [ [ 73.1274714, 28.1415978, 0.0 ], [ 73.1274945, 28.1415981, 0.0 ], [ 73.1274893, 28.1419014, 0.0 ], [ 73.1274661, 28.1419011, 0.0 ], [ 73.1274714, 28.1415978, 0.0 ] ], [ [ 73.1274154, 28.141597, 0.0 ], [ 73.1274386, 28.1415973, 0.0 ], [ 73.1274333, 28.1419006, 0.0 ], [ 73.1274102, 28.1419003, 0.0 ], [ 73.1274154, 28.141597, 0.0 ] ], [ [ 73.127466, 28.1419095, 0.0 ], [ 73.1274891, 28.1419098, 0.0 ], [ 73.1274839, 28.1422131, 0.0 ], [ 73.1274607, 28.1422127, 0.0 ], [ 73.127466, 28.1419095, 0.0 ] ], [ [ 73.12741, 28.1419087, 0.0 ], [ 73.1274331, 28.141909, 0.0 ], [ 73.1274279, 28.1422123, 0.0 ], [ 73.1274047, 28.142212, 0.0 ], [ 73.12741, 28.1419087, 0.0 ] ], [ [ 73.1273595, 28.1415963, 0.0 ], [ 73.1273826, 28.1415966, 0.0 ], [ 73.1273773, 28.1418998, 0.0 ], [ 73.1273542, 28.1418995, 0.0 ], [ 73.1273595, 28.1415963, 0.0 ] ], [ [ 73.1273035, 28.1415955, 0.0 ], [ 73.1273266, 28.1415958, 0.0 ], [ 73.1273213, 28.1418991, 0.0 ], [ 73.1272982, 28.1418988, 0.0 ], [ 73.1273035, 28.1415955, 0.0 ] ], [ [ 73.127354, 28.1419079, 0.0 ], [ 73.1273772, 28.1419083, 0.0 ], [ 73.1273719, 28.1422115, 0.0 ], [ 73.1273488, 28.1422112, 0.0 ], [ 73.127354, 28.1419079, 0.0 ] ], [ [ 73.1272981, 28.1419072, 0.0 ], [ 73.1273212, 28.1419075, 0.0 ], [ 73.1273159, 28.1422108, 0.0 ], [ 73.1272928, 28.1422104, 0.0 ], [ 73.1272981, 28.1419072, 0.0 ] ], [ [ 73.1272475, 28.1415947, 0.0 ], [ 73.1272706, 28.141595, 0.0 ], [ 73.1272653, 28.1418983, 0.0 ], [ 73.1272422, 28.141898, 0.0 ], [ 73.1272475, 28.1415947, 0.0 ] ], [ [ 73.1271915, 28.141594, 0.0 ], [ 73.1272146, 28.1415943, 0.0 ], [ 73.1272094, 28.1418975, 0.0 ], [ 73.1271862, 28.1418972, 0.0 ], [ 73.1271915, 28.141594, 0.0 ] ], [ [ 73.1272421, 28.1419064, 0.0 ], [ 73.1272652, 28.1419067, 0.0 ], [ 73.1272599, 28.14221, 0.0 ], [ 73.1272368, 28.1422097, 0.0 ], [ 73.1272421, 28.1419064, 0.0 ] ], [ [ 73.1271861, 28.1419056, 0.0 ], [ 73.1272092, 28.141906, 0.0 ], [ 73.1272039, 28.1422092, 0.0 ], [ 73.1271808, 28.1422089, 0.0 ], [ 73.1271861, 28.1419056, 0.0 ] ], [ [ 73.1271354, 28.1415932, 0.0 ], [ 73.1271585, 28.1415935, 0.0 ], [ 73.1271532, 28.1418968, 0.0 ], [ 73.1271301, 28.1418965, 0.0 ], [ 73.1271354, 28.1415932, 0.0 ] ], [ [ 73.1270794, 28.1415924, 0.0 ], [ 73.1271025, 28.1415927, 0.0 ], [ 73.1270972, 28.141896, 0.0 ], [ 73.1270741, 28.1418957, 0.0 ], [ 73.1270794, 28.1415924, 0.0 ] ], [ [ 73.1271299, 28.1419049, 0.0 ], [ 73.1271531, 28.1419052, 0.0 ], [ 73.1271478, 28.1422085, 0.0 ], [ 73.1271247, 28.1422081, 0.0 ], [ 73.1271299, 28.1419049, 0.0 ] ], [ [ 73.127074, 28.1419041, 0.0 ], [ 73.1270971, 28.1419044, 0.0 ], [ 73.1270918, 28.1422077, 0.0 ], [ 73.1270687, 28.1422074, 0.0 ], [ 73.127074, 28.1419041, 0.0 ] ], [ [ 73.1270234, 28.1415917, 0.0 ], [ 73.1270465, 28.141592, 0.0 ], [ 73.1270412, 28.1418952, 0.0 ], [ 73.1270181, 28.1418949, 0.0 ], [ 73.1270234, 28.1415917, 0.0 ] ], [ [ 73.1269674, 28.1415909, 0.0 ], [ 73.1269905, 28.1415912, 0.0 ], [ 73.1269853, 28.1418945, 0.0 ], [ 73.1269621, 28.1418942, 0.0 ], [ 73.1269674, 28.1415909, 0.0 ] ], [ [ 73.127018, 28.1419033, 0.0 ], [ 73.1270411, 28.1419037, 0.0 ], [ 73.1270358, 28.1422069, 0.0 ], [ 73.1270127, 28.1422066, 0.0 ], [ 73.127018, 28.1419033, 0.0 ] ], [ [ 73.126962, 28.1419026, 0.0 ], [ 73.1269851, 28.1419029, 0.0 ], [ 73.1269798, 28.1422062, 0.0 ], [ 73.1269567, 28.1422058, 0.0 ], [ 73.126962, 28.1419026, 0.0 ] ], [ [ 73.1269114, 28.1415901, 0.0 ], [ 73.1269346, 28.1415904, 0.0 ], [ 73.1269293, 28.1418937, 0.0 ], [ 73.1269062, 28.1418934, 0.0 ], [ 73.1269114, 28.1415901, 0.0 ] ], [ [ 73.1268554, 28.1415894, 0.0 ], [ 73.1268786, 28.1415897, 0.0 ], [ 73.1268733, 28.1418929, 0.0 ], [ 73.1268502, 28.1418926, 0.0 ], [ 73.1268554, 28.1415894, 0.0 ] ], [ [ 73.126906, 28.1419018, 0.0 ], [ 73.1269291, 28.1419021, 0.0 ], [ 73.1269239, 28.1422054, 0.0 ], [ 73.1269007, 28.1422051, 0.0 ], [ 73.126906, 28.1419018, 0.0 ] ], [ [ 73.12685, 28.141901, 0.0 ], [ 73.1268731, 28.1419014, 0.0 ], [ 73.1268679, 28.1422046, 0.0 ], [ 73.1268447, 28.1422043, 0.0 ], [ 73.12685, 28.141901, 0.0 ] ], [ [ 73.1283361, 28.1433928, 0.0 ], [ 73.1283593, 28.1433931, 0.0 ], [ 73.128354, 28.1436964, 0.0 ], [ 73.1283309, 28.1436961, 0.0 ], [ 73.1283361, 28.1433928, 0.0 ] ], [ [ 73.1282801, 28.1433921, 0.0 ], [ 73.1283033, 28.1433924, 0.0 ], [ 73.128298, 28.1436956, 0.0 ], [ 73.1282749, 28.1436953, 0.0 ], [ 73.1282801, 28.1433921, 0.0 ] ], [ [ 73.1283307, 28.1437045, 0.0 ], [ 73.1283538, 28.1437048, 0.0 ], [ 73.1283486, 28.1440081, 0.0 ], [ 73.1283254, 28.1440078, 0.0 ], [ 73.1283307, 28.1437045, 0.0 ] ], [ [ 73.1282747, 28.1437037, 0.0 ], [ 73.1282979, 28.1437041, 0.0 ], [ 73.1282926, 28.1440073, 0.0 ], [ 73.1282695, 28.144007, 0.0 ], [ 73.1282747, 28.1437037, 0.0 ] ], [ [ 73.1282242, 28.1433913, 0.0 ], [ 73.1282473, 28.1433916, 0.0 ], [ 73.128242, 28.1436949, 0.0 ], [ 73.1282189, 28.1436946, 0.0 ], [ 73.1282242, 28.1433913, 0.0 ] ], [ [ 73.1281682, 28.1433905, 0.0 ], [ 73.1281913, 28.1433908, 0.0 ], [ 73.128186, 28.1436941, 0.0 ], [ 73.1281629, 28.1436938, 0.0 ], [ 73.1281682, 28.1433905, 0.0 ] ], [ [ 73.1282187, 28.143703, 0.0 ], [ 73.1282419, 28.1437033, 0.0 ], [ 73.1282366, 28.1440066, 0.0 ], [ 73.1282135, 28.1440062, 0.0 ], [ 73.1282187, 28.143703, 0.0 ] ], [ [ 73.1281628, 28.1437022, 0.0 ], [ 73.1281859, 28.1437025, 0.0 ], [ 73.1281806, 28.1440058, 0.0 ], [ 73.1281575, 28.1440055, 0.0 ], [ 73.1281628, 28.1437022, 0.0 ] ], [ [ 73.1281122, 28.1433898, 0.0 ], [ 73.1281353, 28.1433901, 0.0 ], [ 73.1281301, 28.1436933, 0.0 ], [ 73.1281069, 28.143693, 0.0 ], [ 73.1281122, 28.1433898, 0.0 ] ], [ [ 73.1280562, 28.143389, 0.0 ], [ 73.1280793, 28.1433893, 0.0 ], [ 73.1280741, 28.1436926, 0.0 ], [ 73.1280509, 28.1436923, 0.0 ], [ 73.1280562, 28.143389, 0.0 ] ], [ [ 73.1281068, 28.1437014, 0.0 ], [ 73.1281299, 28.1437018, 0.0 ], [ 73.1281246, 28.144005, 0.0 ], [ 73.1281015, 28.1440047, 0.0 ], [ 73.1281068, 28.1437014, 0.0 ] ], [ [ 73.1280508, 28.1437007, 0.0 ], [ 73.1280739, 28.143701, 0.0 ], [ 73.1280686, 28.1440043, 0.0 ], [ 73.1280455, 28.1440039, 0.0 ], [ 73.1280508, 28.1437007, 0.0 ] ], [ [ 73.1280002, 28.1433882, 0.0 ], [ 73.1280234, 28.1433885, 0.0 ], [ 73.1280181, 28.1436918, 0.0 ], [ 73.127995, 28.1436915, 0.0 ], [ 73.1280002, 28.1433882, 0.0 ] ], [ [ 73.1279443, 28.1433875, 0.0 ], [ 73.1279674, 28.1433878, 0.0 ], [ 73.1279621, 28.143691, 0.0 ], [ 73.127939, 28.1436907, 0.0 ], [ 73.1279443, 28.1433875, 0.0 ] ], [ [ 73.1279948, 28.1436999, 0.0 ], [ 73.1280179, 28.1437002, 0.0 ], [ 73.1280127, 28.1440035, 0.0 ], [ 73.1279895, 28.1440032, 0.0 ], [ 73.1279948, 28.1436999, 0.0 ] ], [ [ 73.1279388, 28.1436991, 0.0 ], [ 73.127962, 28.1436995, 0.0 ], [ 73.1279567, 28.1440027, 0.0 ], [ 73.1279336, 28.1440024, 0.0 ], [ 73.1279388, 28.1436991, 0.0 ] ], [ [ 73.1278883, 28.1433867, 0.0 ], [ 73.1279114, 28.143387, 0.0 ], [ 73.1279061, 28.1436903, 0.0 ], [ 73.127883, 28.14369, 0.0 ], [ 73.1278883, 28.1433867, 0.0 ] ], [ [ 73.1278323, 28.1433859, 0.0 ], [ 73.1278554, 28.1433862, 0.0 ], [ 73.1278501, 28.1436895, 0.0 ], [ 73.127827, 28.1436892, 0.0 ], [ 73.1278323, 28.1433859, 0.0 ] ], [ [ 73.1278828, 28.1436984, 0.0 ], [ 73.127906, 28.1436987, 0.0 ], [ 73.1279007, 28.144002, 0.0 ], [ 73.1278776, 28.1440016, 0.0 ], [ 73.1278828, 28.1436984, 0.0 ] ], [ [ 73.1278269, 28.1436976, 0.0 ], [ 73.12785, 28.1436979, 0.0 ], [ 73.1278447, 28.1440012, 0.0 ], [ 73.1278216, 28.1440009, 0.0 ], [ 73.1278269, 28.1436976, 0.0 ] ], [ [ 73.1277858, 28.1428413, 0.0 ], [ 73.1278089, 28.1428416, 0.0 ], [ 73.1278036, 28.1431449, 0.0 ], [ 73.1277805, 28.1431446, 0.0 ], [ 73.1277858, 28.1428413, 0.0 ] ], [ [ 73.1277298, 28.1428405, 0.0 ], [ 73.1277529, 28.1428408, 0.0 ], [ 73.1277476, 28.1431441, 0.0 ], [ 73.1277245, 28.1431438, 0.0 ], [ 73.1277298, 28.1428405, 0.0 ] ], [ [ 73.1277803, 28.143153, 0.0 ], [ 73.1278035, 28.1431533, 0.0 ], [ 73.1277982, 28.1434566, 0.0 ], [ 73.1277751, 28.1434562, 0.0 ], [ 73.1277803, 28.143153, 0.0 ] ], [ [ 73.1277244, 28.1431522, 0.0 ], [ 73.1277475, 28.1431525, 0.0 ], [ 73.1277422, 28.1434558, 0.0 ], [ 73.1277191, 28.1434555, 0.0 ], [ 73.1277244, 28.1431522, 0.0 ] ], [ [ 73.1276738, 28.1428398, 0.0 ], [ 73.1276969, 28.1428401, 0.0 ], [ 73.1276917, 28.1431433, 0.0 ], [ 73.1276685, 28.143143, 0.0 ], [ 73.1276738, 28.1428398, 0.0 ] ], [ [ 73.1276178, 28.142839, 0.0 ], [ 73.1276409, 28.1428393, 0.0 ], [ 73.1276357, 28.1431426, 0.0 ], [ 73.1276125, 28.1431423, 0.0 ], [ 73.1276178, 28.142839, 0.0 ] ], [ [ 73.1276684, 28.1431515, 0.0 ], [ 73.1276915, 28.1431518, 0.0 ], [ 73.1276862, 28.143455, 0.0 ], [ 73.1276631, 28.1434547, 0.0 ], [ 73.1276684, 28.1431515, 0.0 ] ], [ [ 73.1276124, 28.1431507, 0.0 ], [ 73.1276355, 28.143151, 0.0 ], [ 73.1276302, 28.1434543, 0.0 ], [ 73.1276071, 28.143454, 0.0 ], [ 73.1276124, 28.1431507, 0.0 ] ], [ [ 73.1275618, 28.1428382, 0.0 ], [ 73.127585, 28.1428386, 0.0 ], [ 73.1275797, 28.1431418, 0.0 ], [ 73.1275566, 28.1431415, 0.0 ], [ 73.1275618, 28.1428382, 0.0 ] ], [ [ 73.1275059, 28.1428375, 0.0 ], [ 73.127529, 28.1428378, 0.0 ], [ 73.1275237, 28.1431411, 0.0 ], [ 73.1275006, 28.1431407, 0.0 ], [ 73.1275059, 28.1428375, 0.0 ] ], [ [ 73.1275564, 28.1431499, 0.0 ], [ 73.1275795, 28.1431502, 0.0 ], [ 73.1275743, 28.1434535, 0.0 ], [ 73.1275511, 28.1434532, 0.0 ], [ 73.1275564, 28.1431499, 0.0 ] ], [ [ 73.1275004, 28.1431492, 0.0 ], [ 73.1275236, 28.1431495, 0.0 ], [ 73.1275183, 28.1434527, 0.0 ], [ 73.1274952, 28.1434524, 0.0 ], [ 73.1275004, 28.1431492, 0.0 ] ], [ [ 73.1283469, 28.1427734, 0.0 ], [ 73.12837, 28.1427737, 0.0 ], [ 73.1283648, 28.1430769, 0.0 ], [ 73.1283416, 28.1430766, 0.0 ], [ 73.1283469, 28.1427734, 0.0 ] ], [ [ 73.1282909, 28.1427726, 0.0 ], [ 73.128314, 28.1427729, 0.0 ], [ 73.1283088, 28.1430762, 0.0 ], [ 73.1282856, 28.1430759, 0.0 ], [ 73.1282909, 28.1427726, 0.0 ] ], [ [ 73.1283415, 28.143085, 0.0 ], [ 73.1283646, 28.1430854, 0.0 ], [ 73.1283593, 28.1433886, 0.0 ], [ 73.1283362, 28.1433883, 0.0 ], [ 73.1283415, 28.143085, 0.0 ] ], [ [ 73.1282855, 28.1430843, 0.0 ], [ 73.1283086, 28.1430846, 0.0 ], [ 73.1283034, 28.1433879, 0.0 ], [ 73.1282802, 28.1433875, 0.0 ], [ 73.1282855, 28.1430843, 0.0 ] ], [ [ 73.1282349, 28.1427718, 0.0 ], [ 73.1282581, 28.1427721, 0.0 ], [ 73.1282528, 28.1430754, 0.0 ], [ 73.1282297, 28.1430751, 0.0 ], [ 73.1282349, 28.1427718, 0.0 ] ], [ [ 73.128179, 28.1427711, 0.0 ], [ 73.1282021, 28.1427714, 0.0 ], [ 73.1281968, 28.1430746, 0.0 ], [ 73.1281737, 28.1430743, 0.0 ], [ 73.128179, 28.1427711, 0.0 ] ], [ [ 73.1282295, 28.1430835, 0.0 ], [ 73.1282526, 28.1430838, 0.0 ], [ 73.1282474, 28.1433871, 0.0 ], [ 73.1282242, 28.1433868, 0.0 ], [ 73.1282295, 28.1430835, 0.0 ] ], [ [ 73.1281735, 28.1430827, 0.0 ], [ 73.1281967, 28.1430831, 0.0 ], [ 73.1281914, 28.1433863, 0.0 ], [ 73.1281683, 28.143386, 0.0 ], [ 73.1281735, 28.1430827, 0.0 ] ], [ [ 73.128123, 28.1427703, 0.0 ], [ 73.1281461, 28.1427706, 0.0 ], [ 73.1281408, 28.1430739, 0.0 ], [ 73.1281177, 28.1430736, 0.0 ], [ 73.128123, 28.1427703, 0.0 ] ], [ [ 73.128067, 28.1427695, 0.0 ], [ 73.1280901, 28.1427698, 0.0 ], [ 73.1280848, 28.1430731, 0.0 ], [ 73.1280617, 28.1430728, 0.0 ], [ 73.128067, 28.1427695, 0.0 ] ], [ [ 73.1281176, 28.143082, 0.0 ], [ 73.1281407, 28.1430823, 0.0 ], [ 73.1281354, 28.1433856, 0.0 ], [ 73.1281123, 28.1433852, 0.0 ], [ 73.1281176, 28.143082, 0.0 ] ], [ [ 73.1280616, 28.1430812, 0.0 ], [ 73.1280847, 28.1430815, 0.0 ], [ 73.1280794, 28.1433848, 0.0 ], [ 73.1280563, 28.1433845, 0.0 ], [ 73.1280616, 28.1430812, 0.0 ] ], [ [ 73.128011, 28.1427688, 0.0 ], [ 73.1280341, 28.1427691, 0.0 ], [ 73.1280289, 28.1430723, 0.0 ], [ 73.1280057, 28.143072, 0.0 ], [ 73.128011, 28.1427688, 0.0 ] ], [ [ 73.127955, 28.142768, 0.0 ], [ 73.1279782, 28.1427683, 0.0 ], [ 73.1279729, 28.1430716, 0.0 ], [ 73.1279498, 28.1430713, 0.0 ], [ 73.127955, 28.142768, 0.0 ] ], [ [ 73.1280056, 28.1430805, 0.0 ], [ 73.1280287, 28.1430808, 0.0 ], [ 73.1280234, 28.143384, 0.0 ], [ 73.1280003, 28.1433837, 0.0 ], [ 73.1280056, 28.1430805, 0.0 ] ], [ [ 73.1279496, 28.1430797, 0.0 ], [ 73.1279727, 28.14308, 0.0 ], [ 73.1279675, 28.1433833, 0.0 ], [ 73.1279443, 28.143383, 0.0 ], [ 73.1279496, 28.1430797, 0.0 ] ], [ [ 73.127899, 28.1427672, 0.0 ], [ 73.1279222, 28.1427676, 0.0 ], [ 73.1279169, 28.1430708, 0.0 ], [ 73.1278938, 28.1430705, 0.0 ], [ 73.127899, 28.1427672, 0.0 ] ], [ [ 73.1278431, 28.1427665, 0.0 ], [ 73.1278662, 28.1427668, 0.0 ], [ 73.1278609, 28.1430701, 0.0 ], [ 73.1278378, 28.1430697, 0.0 ], [ 73.1278431, 28.1427665, 0.0 ] ], [ [ 73.1278936, 28.1430789, 0.0 ], [ 73.1279167, 28.1430792, 0.0 ], [ 73.1279115, 28.1433825, 0.0 ], [ 73.1278883, 28.1433822, 0.0 ], [ 73.1278936, 28.1430789, 0.0 ] ], [ [ 73.1278376, 28.1430782, 0.0 ], [ 73.1278608, 28.1430785, 0.0 ], [ 73.1278555, 28.1433817, 0.0 ], [ 73.1278324, 28.1433814, 0.0 ], [ 73.1278376, 28.1430782, 0.0 ] ], [ [ 73.1277965, 28.1422218, 0.0 ], [ 73.1278197, 28.1422222, 0.0 ], [ 73.1278144, 28.1425254, 0.0 ], [ 73.1277913, 28.1425251, 0.0 ], [ 73.1277965, 28.1422218, 0.0 ] ], [ [ 73.1277406, 28.1422211, 0.0 ], [ 73.1277637, 28.1422214, 0.0 ], [ 73.1277584, 28.1425247, 0.0 ], [ 73.1277353, 28.1425243, 0.0 ], [ 73.1277406, 28.1422211, 0.0 ] ], [ [ 73.1277911, 28.1425335, 0.0 ], [ 73.1278142, 28.1425338, 0.0 ], [ 73.127809, 28.1428371, 0.0 ], [ 73.1277858, 28.1428368, 0.0 ], [ 73.1277911, 28.1425335, 0.0 ] ], [ [ 73.1277351, 28.1425328, 0.0 ], [ 73.1277583, 28.1425331, 0.0 ], [ 73.127753, 28.1428363, 0.0 ], [ 73.1277299, 28.142836, 0.0 ], [ 73.1277351, 28.1425328, 0.0 ] ], [ [ 73.1276846, 28.1422203, 0.0 ], [ 73.1277077, 28.1422206, 0.0 ], [ 73.1277024, 28.1425239, 0.0 ], [ 73.1276793, 28.1425236, 0.0 ], [ 73.1276846, 28.1422203, 0.0 ] ], [ [ 73.1276286, 28.1422195, 0.0 ], [ 73.1276517, 28.1422199, 0.0 ], [ 73.1276464, 28.1425231, 0.0 ], [ 73.1276233, 28.1425228, 0.0 ], [ 73.1276286, 28.1422195, 0.0 ] ], [ [ 73.1276792, 28.142532, 0.0 ], [ 73.1277023, 28.1425323, 0.0 ], [ 73.127697, 28.1428356, 0.0 ], [ 73.1276739, 28.1428353, 0.0 ], [ 73.1276792, 28.142532, 0.0 ] ], [ [ 73.1276232, 28.1425312, 0.0 ], [ 73.1276463, 28.1425315, 0.0 ], [ 73.127641, 28.1428348, 0.0 ], [ 73.1276179, 28.1428345, 0.0 ], [ 73.1276232, 28.1425312, 0.0 ] ], [ [ 73.1275726, 28.1422188, 0.0 ], [ 73.1275957, 28.1422191, 0.0 ], [ 73.1275905, 28.1425224, 0.0 ], [ 73.1275673, 28.142522, 0.0 ], [ 73.1275726, 28.1422188, 0.0 ] ], [ [ 73.1275166, 28.142218, 0.0 ], [ 73.1275398, 28.1422183, 0.0 ], [ 73.1275345, 28.1425216, 0.0 ], [ 73.1275114, 28.1425213, 0.0 ], [ 73.1275166, 28.142218, 0.0 ] ], [ [ 73.1275672, 28.1425305, 0.0 ], [ 73.1275903, 28.1425308, 0.0 ], [ 73.127585, 28.142834, 0.0 ], [ 73.1275619, 28.1428337, 0.0 ], [ 73.1275672, 28.1425305, 0.0 ] ], [ [ 73.1275112, 28.1425297, 0.0 ], [ 73.1275343, 28.14253, 0.0 ], [ 73.1275291, 28.1428333, 0.0 ], [ 73.1275059, 28.142833, 0.0 ], [ 73.1275112, 28.1425297, 0.0 ] ], [ [ 73.1283792, 28.140915, 0.0 ], [ 73.1284023, 28.1409153, 0.0 ], [ 73.1283971, 28.1412186, 0.0 ], [ 73.1283739, 28.1412182, 0.0 ], [ 73.1283792, 28.140915, 0.0 ] ], [ [ 73.1283232, 28.1409142, 0.0 ], [ 73.1283464, 28.1409145, 0.0 ], [ 73.1283411, 28.1412178, 0.0 ], [ 73.128318, 28.1412175, 0.0 ], [ 73.1283232, 28.1409142, 0.0 ] ], [ [ 73.1283738, 28.1412267, 0.0 ], [ 73.1283969, 28.141227, 0.0 ], [ 73.1283916, 28.1415302, 0.0 ], [ 73.1283685, 28.1415299, 0.0 ], [ 73.1283738, 28.1412267, 0.0 ] ], [ [ 73.1283178, 28.1412259, 0.0 ], [ 73.1283409, 28.1412262, 0.0 ], [ 73.1283357, 28.1415295, 0.0 ], [ 73.1283125, 28.1415292, 0.0 ], [ 73.1283178, 28.1412259, 0.0 ] ], [ [ 73.1282673, 28.1409134, 0.0 ], [ 73.1282904, 28.1409138, 0.0 ], [ 73.1282851, 28.141217, 0.0 ], [ 73.128262, 28.1412167, 0.0 ], [ 73.1282673, 28.1409134, 0.0 ] ], [ [ 73.1282113, 28.1409127, 0.0 ], [ 73.1282344, 28.140913, 0.0 ], [ 73.1282291, 28.1412163, 0.0 ], [ 73.128206, 28.1412159, 0.0 ], [ 73.1282113, 28.1409127, 0.0 ] ], [ [ 73.1282618, 28.1412251, 0.0 ], [ 73.128285, 28.1412254, 0.0 ], [ 73.1282797, 28.1415287, 0.0 ], [ 73.1282566, 28.1415284, 0.0 ], [ 73.1282618, 28.1412251, 0.0 ] ], [ [ 73.1282059, 28.1412244, 0.0 ], [ 73.128229, 28.1412247, 0.0 ], [ 73.1282237, 28.1415279, 0.0 ], [ 73.1282006, 28.1415276, 0.0 ], [ 73.1282059, 28.1412244, 0.0 ] ], [ [ 73.1281553, 28.1409119, 0.0 ], [ 73.1281784, 28.1409122, 0.0 ], [ 73.1281731, 28.1412155, 0.0 ], [ 73.12815, 28.1412152, 0.0 ], [ 73.1281553, 28.1409119, 0.0 ] ], [ [ 73.1280993, 28.1409112, 0.0 ], [ 73.1281224, 28.1409115, 0.0 ], [ 73.1281172, 28.1412147, 0.0 ], [ 73.128094, 28.1412144, 0.0 ], [ 73.1280993, 28.1409112, 0.0 ] ], [ [ 73.1281499, 28.1412236, 0.0 ], [ 73.128173, 28.1412239, 0.0 ], [ 73.1281677, 28.1415272, 0.0 ], [ 73.1281446, 28.1415269, 0.0 ], [ 73.1281499, 28.1412236, 0.0 ] ], [ [ 73.1280939, 28.1412228, 0.0 ], [ 73.128117, 28.1412232, 0.0 ], [ 73.1281117, 28.1415264, 0.0 ], [ 73.1280886, 28.1415261, 0.0 ], [ 73.1280939, 28.1412228, 0.0 ] ], [ [ 73.1280433, 28.1409104, 0.0 ], [ 73.1280665, 28.1409107, 0.0 ], [ 73.1280612, 28.141214, 0.0 ], [ 73.1280381, 28.1412137, 0.0 ], [ 73.1280433, 28.1409104, 0.0 ] ], [ [ 73.1279873, 28.1409096, 0.0 ], [ 73.1280105, 28.1409099, 0.0 ], [ 73.1280052, 28.1412132, 0.0 ], [ 73.1279821, 28.1412129, 0.0 ], [ 73.1279873, 28.1409096, 0.0 ] ], [ [ 73.1280379, 28.1412221, 0.0 ], [ 73.128061, 28.1412224, 0.0 ], [ 73.1280558, 28.1415257, 0.0 ], [ 73.1280326, 28.1415253, 0.0 ], [ 73.1280379, 28.1412221, 0.0 ] ], [ [ 73.1279819, 28.1412213, 0.0 ], [ 73.1280051, 28.1412216, 0.0 ], [ 73.1279998, 28.1415249, 0.0 ], [ 73.1279767, 28.1415246, 0.0 ], [ 73.1279819, 28.1412213, 0.0 ] ], [ [ 73.1283684, 28.1415344, 0.0 ], [ 73.1283916, 28.1415348, 0.0 ], [ 73.1283863, 28.141838, 0.0 ], [ 73.1283632, 28.1418377, 0.0 ], [ 73.1283684, 28.1415344, 0.0 ] ], [ [ 73.1283125, 28.1415337, 0.0 ], [ 73.1283356, 28.141534, 0.0 ], [ 73.1283303, 28.1418373, 0.0 ], [ 73.1283072, 28.1418369, 0.0 ], [ 73.1283125, 28.1415337, 0.0 ] ], [ [ 73.128363, 28.1418461, 0.0 ], [ 73.1283862, 28.1418464, 0.0 ], [ 73.1283809, 28.1421497, 0.0 ], [ 73.1283578, 28.1421494, 0.0 ], [ 73.128363, 28.1418461, 0.0 ] ], [ [ 73.128307, 28.1418454, 0.0 ], [ 73.1283302, 28.1418457, 0.0 ], [ 73.1283249, 28.1421489, 0.0 ], [ 73.1283018, 28.1421486, 0.0 ], [ 73.128307, 28.1418454, 0.0 ] ], [ [ 73.1282565, 28.1415329, 0.0 ], [ 73.1282796, 28.1415332, 0.0 ], [ 73.1282743, 28.1418365, 0.0 ], [ 73.1282512, 28.1418362, 0.0 ], [ 73.1282565, 28.1415329, 0.0 ] ], [ [ 73.1282005, 28.1415321, 0.0 ], [ 73.1282236, 28.1415325, 0.0 ], [ 73.1282184, 28.1418357, 0.0 ], [ 73.1281952, 28.1418354, 0.0 ], [ 73.1282005, 28.1415321, 0.0 ] ], [ [ 73.1282511, 28.1418446, 0.0 ], [ 73.1282742, 28.1418449, 0.0 ], [ 73.1282689, 28.1421482, 0.0 ], [ 73.1282458, 28.1421479, 0.0 ], [ 73.1282511, 28.1418446, 0.0 ] ], [ [ 73.1281951, 28.1418438, 0.0 ], [ 73.1282182, 28.1418441, 0.0 ], [ 73.1282129, 28.1421474, 0.0 ], [ 73.1281898, 28.1421471, 0.0 ], [ 73.1281951, 28.1418438, 0.0 ] ], [ [ 73.1281445, 28.1415314, 0.0 ], [ 73.1281676, 28.1415317, 0.0 ], [ 73.1281624, 28.141835, 0.0 ], [ 73.1281392, 28.1418346, 0.0 ], [ 73.1281445, 28.1415314, 0.0 ] ], [ [ 73.1280885, 28.1415306, 0.0 ], [ 73.1281117, 28.1415309, 0.0 ], [ 73.1281064, 28.1418342, 0.0 ], [ 73.1280833, 28.1418339, 0.0 ], [ 73.1280885, 28.1415306, 0.0 ] ], [ [ 73.1281391, 28.1418431, 0.0 ], [ 73.1281622, 28.1418434, 0.0 ], [ 73.128157, 28.1421466, 0.0 ], [ 73.1281338, 28.1421463, 0.0 ], [ 73.1281391, 28.1418431, 0.0 ] ], [ [ 73.1280831, 28.1418423, 0.0 ], [ 73.1281062, 28.1418426, 0.0 ], [ 73.128101, 28.1421459, 0.0 ], [ 73.1280778, 28.1421456, 0.0 ], [ 73.1280831, 28.1418423, 0.0 ] ], [ [ 73.1280326, 28.1415298, 0.0 ], [ 73.1280557, 28.1415302, 0.0 ], [ 73.1280504, 28.1418334, 0.0 ], [ 73.1280273, 28.1418331, 0.0 ], [ 73.1280326, 28.1415298, 0.0 ] ], [ [ 73.1279766, 28.1415291, 0.0 ], [ 73.1279997, 28.1415294, 0.0 ], [ 73.1279944, 28.1418327, 0.0 ], [ 73.1279713, 28.1418323, 0.0 ], [ 73.1279766, 28.1415291, 0.0 ] ], [ [ 73.1280271, 28.1418415, 0.0 ], [ 73.1280503, 28.1418418, 0.0 ], [ 73.128045, 28.1421451, 0.0 ], [ 73.1280219, 28.1421448, 0.0 ], [ 73.1280271, 28.1418415, 0.0 ] ], [ [ 73.1279712, 28.1418408, 0.0 ], [ 73.1279943, 28.1418411, 0.0 ], [ 73.127989, 28.1421443, 0.0 ], [ 73.1279659, 28.142144, 0.0 ], [ 73.1279712, 28.1418408, 0.0 ] ], [ [ 73.1279206, 28.1415283, 0.0 ], [ 73.1279437, 28.1415286, 0.0 ], [ 73.1279384, 28.1418319, 0.0 ], [ 73.1279153, 28.1418316, 0.0 ], [ 73.1279206, 28.1415283, 0.0 ] ], [ [ 73.1278646, 28.1415276, 0.0 ], [ 73.1278877, 28.1415279, 0.0 ], [ 73.1278825, 28.1418311, 0.0 ], [ 73.1278593, 28.1418308, 0.0 ], [ 73.1278646, 28.1415276, 0.0 ] ], [ [ 73.1279152, 28.14184, 0.0 ], [ 73.1279383, 28.1418403, 0.0 ], [ 73.127933, 28.1421436, 0.0 ], [ 73.1279099, 28.1421433, 0.0 ], [ 73.1279152, 28.14184, 0.0 ] ], [ [ 73.1278592, 28.1418392, 0.0 ], [ 73.1278823, 28.1418396, 0.0 ], [ 73.127877, 28.1421428, 0.0 ], [ 73.1278539, 28.1421425, 0.0 ], [ 73.1278592, 28.1418392, 0.0 ] ], [ [ 73.1278181, 28.1409829, 0.0 ], [ 73.1278412, 28.1409832, 0.0 ], [ 73.1278359, 28.1412865, 0.0 ], [ 73.1278128, 28.1412862, 0.0 ], [ 73.1278181, 28.1409829, 0.0 ] ], [ [ 73.1277621, 28.1409822, 0.0 ], [ 73.1277852, 28.1409825, 0.0 ], [ 73.12778, 28.1412857, 0.0 ], [ 73.1277568, 28.1412854, 0.0 ], [ 73.1277621, 28.1409822, 0.0 ] ], [ [ 73.1278127, 28.1412946, 0.0 ], [ 73.1278358, 28.1412949, 0.0 ], [ 73.1278305, 28.1415982, 0.0 ], [ 73.1278074, 28.1415979, 0.0 ], [ 73.1278127, 28.1412946, 0.0 ] ], [ [ 73.1277567, 28.1412938, 0.0 ], [ 73.1277798, 28.1412942, 0.0 ], [ 73.1277745, 28.1415974, 0.0 ], [ 73.1277514, 28.1415971, 0.0 ], [ 73.1277567, 28.1412938, 0.0 ] ], [ [ 73.1277061, 28.1409814, 0.0 ], [ 73.1277293, 28.1409817, 0.0 ], [ 73.127724, 28.141285, 0.0 ], [ 73.1277008, 28.1412847, 0.0 ], [ 73.1277061, 28.1409814, 0.0 ] ], [ [ 73.1276501, 28.1409806, 0.0 ], [ 73.1276733, 28.1409809, 0.0 ], [ 73.127668, 28.1412842, 0.0 ], [ 73.1276449, 28.1412839, 0.0 ], [ 73.1276501, 28.1409806, 0.0 ] ], [ [ 73.1277007, 28.1412931, 0.0 ], [ 73.1277238, 28.1412934, 0.0 ], [ 73.1277186, 28.1415967, 0.0 ], [ 73.1276954, 28.1415963, 0.0 ], [ 73.1277007, 28.1412931, 0.0 ] ], [ [ 73.1276447, 28.1412923, 0.0 ], [ 73.1276678, 28.1412926, 0.0 ], [ 73.1276626, 28.1415959, 0.0 ], [ 73.1276394, 28.1415956, 0.0 ], [ 73.1276447, 28.1412923, 0.0 ] ], [ [ 73.1275942, 28.1409799, 0.0 ], [ 73.1276173, 28.1409802, 0.0 ], [ 73.127612, 28.1412834, 0.0 ], [ 73.1275889, 28.1412831, 0.0 ], [ 73.1275942, 28.1409799, 0.0 ] ], [ [ 73.1275382, 28.1409791, 0.0 ], [ 73.1275613, 28.1409794, 0.0 ], [ 73.127556, 28.1412827, 0.0 ], [ 73.1275329, 28.1412824, 0.0 ], [ 73.1275382, 28.1409791, 0.0 ] ], [ [ 73.1275887, 28.1412915, 0.0 ], [ 73.1276119, 28.1412919, 0.0 ], [ 73.1276066, 28.1415951, 0.0 ], [ 73.1275835, 28.1415948, 0.0 ], [ 73.1275887, 28.1412915, 0.0 ] ], [ [ 73.1275328, 28.1412908, 0.0 ], [ 73.1275559, 28.1412911, 0.0 ], [ 73.1275506, 28.1415944, 0.0 ], [ 73.1275275, 28.141594, 0.0 ], [ 73.1275328, 28.1412908, 0.0 ] ], [ [ 73.1283577, 28.1421539, 0.0 ], [ 73.1283808, 28.1421542, 0.0 ], [ 73.1283755, 28.1424575, 0.0 ], [ 73.1283524, 28.1424572, 0.0 ], [ 73.1283577, 28.1421539, 0.0 ] ], [ [ 73.1283017, 28.1421531, 0.0 ], [ 73.1283248, 28.1421534, 0.0 ], [ 73.1283195, 28.1424567, 0.0 ], [ 73.1282964, 28.1424564, 0.0 ], [ 73.1283017, 28.1421531, 0.0 ] ], [ [ 73.1283523, 28.1424656, 0.0 ], [ 73.1283754, 28.1424659, 0.0 ], [ 73.1283701, 28.1427692, 0.0 ], [ 73.128347, 28.1427688, 0.0 ], [ 73.1283523, 28.1424656, 0.0 ] ], [ [ 73.1282963, 28.1424648, 0.0 ], [ 73.1283194, 28.1424651, 0.0 ], [ 73.1283141, 28.1427684, 0.0 ], [ 73.128291, 28.1427681, 0.0 ], [ 73.1282963, 28.1424648, 0.0 ] ], [ [ 73.1282457, 28.1421524, 0.0 ], [ 73.1282688, 28.1421527, 0.0 ], [ 73.1282636, 28.1424559, 0.0 ], [ 73.1282404, 28.1424556, 0.0 ], [ 73.1282457, 28.1421524, 0.0 ] ], [ [ 73.1281897, 28.1421516, 0.0 ], [ 73.1282129, 28.1421519, 0.0 ], [ 73.1282076, 28.1424552, 0.0 ], [ 73.1281845, 28.1424549, 0.0 ], [ 73.1281897, 28.1421516, 0.0 ] ], [ [ 73.1282403, 28.142464, 0.0 ], [ 73.1282634, 28.1424644, 0.0 ], [ 73.1282581, 28.1427676, 0.0 ], [ 73.128235, 28.1427673, 0.0 ], [ 73.1282403, 28.142464, 0.0 ] ], [ [ 73.1281843, 28.1424633, 0.0 ], [ 73.1282074, 28.1424636, 0.0 ], [ 73.1282022, 28.1427669, 0.0 ], [ 73.128179, 28.1427666, 0.0 ], [ 73.1281843, 28.1424633, 0.0 ] ], [ [ 73.1281337, 28.1421508, 0.0 ], [ 73.1281569, 28.1421512, 0.0 ], [ 73.1281516, 28.1424544, 0.0 ], [ 73.1281285, 28.1424541, 0.0 ], [ 73.1281337, 28.1421508, 0.0 ] ], [ [ 73.1280778, 28.1421501, 0.0 ], [ 73.1281009, 28.1421504, 0.0 ], [ 73.1280956, 28.1424537, 0.0 ], [ 73.1280725, 28.1424533, 0.0 ], [ 73.1280778, 28.1421501, 0.0 ] ], [ [ 73.1281283, 28.1424625, 0.0 ], [ 73.1281515, 28.1424628, 0.0 ], [ 73.1281462, 28.1427661, 0.0 ], [ 73.1281231, 28.1427658, 0.0 ], [ 73.1281283, 28.1424625, 0.0 ] ], [ [ 73.1280723, 28.1424618, 0.0 ], [ 73.1280955, 28.1424621, 0.0 ], [ 73.1280902, 28.1427653, 0.0 ], [ 73.1280671, 28.142765, 0.0 ], [ 73.1280723, 28.1424618, 0.0 ] ], [ [ 73.1280218, 28.1421493, 0.0 ], [ 73.1280449, 28.1421496, 0.0 ], [ 73.1280396, 28.1424529, 0.0 ], [ 73.1280165, 28.1424526, 0.0 ], [ 73.1280218, 28.1421493, 0.0 ] ], [ [ 73.1279658, 28.1421485, 0.0 ], [ 73.1279889, 28.1421489, 0.0 ], [ 73.1279837, 28.1424521, 0.0 ], [ 73.1279605, 28.1424518, 0.0 ], [ 73.1279658, 28.1421485, 0.0 ] ], [ [ 73.1280164, 28.142461, 0.0 ], [ 73.1280395, 28.1424613, 0.0 ], [ 73.1280342, 28.1427646, 0.0 ], [ 73.1280111, 28.1427643, 0.0 ], [ 73.1280164, 28.142461, 0.0 ] ], [ [ 73.1279604, 28.1424602, 0.0 ], [ 73.1279835, 28.1424605, 0.0 ], [ 73.1279782, 28.1427638, 0.0 ], [ 73.1279551, 28.1427635, 0.0 ], [ 73.1279604, 28.1424602, 0.0 ] ], [ [ 73.1279098, 28.1421478, 0.0 ], [ 73.1279329, 28.1421481, 0.0 ], [ 73.1279277, 28.1424514, 0.0 ], [ 73.1279045, 28.142451, 0.0 ], [ 73.1279098, 28.1421478, 0.0 ] ], [ [ 73.1278538, 28.142147, 0.0 ], [ 73.127877, 28.1421473, 0.0 ], [ 73.1278717, 28.1424506, 0.0 ], [ 73.1278486, 28.1424503, 0.0 ], [ 73.1278538, 28.142147, 0.0 ] ], [ [ 73.1279044, 28.1424595, 0.0 ], [ 73.1279275, 28.1424598, 0.0 ], [ 73.1279222, 28.142763, 0.0 ], [ 73.1278991, 28.1427627, 0.0 ], [ 73.1279044, 28.1424595, 0.0 ] ], [ [ 73.1278484, 28.1424587, 0.0 ], [ 73.1278715, 28.142459, 0.0 ], [ 73.1278663, 28.1427623, 0.0 ], [ 73.1278431, 28.142762, 0.0 ], [ 73.1278484, 28.1424587, 0.0 ] ], [ [ 73.1278073, 28.1416024, 0.0 ], [ 73.1278304, 28.1416027, 0.0 ], [ 73.1278252, 28.141906, 0.0 ], [ 73.127802, 28.1419056, 0.0 ], [ 73.1278073, 28.1416024, 0.0 ] ], [ [ 73.1277513, 28.1416016, 0.0 ], [ 73.1277745, 28.1416019, 0.0 ], [ 73.1277692, 28.1419052, 0.0 ], [ 73.1277461, 28.1419049, 0.0 ], [ 73.1277513, 28.1416016, 0.0 ] ], [ [ 73.1278019, 28.1419141, 0.0 ], [ 73.127825, 28.1419144, 0.0 ], [ 73.1278197, 28.1422176, 0.0 ], [ 73.1277966, 28.1422173, 0.0 ], [ 73.1278019, 28.1419141, 0.0 ] ], [ [ 73.1277459, 28.1419133, 0.0 ], [ 73.127769, 28.1419136, 0.0 ], [ 73.1277638, 28.1422169, 0.0 ], [ 73.1277406, 28.1422166, 0.0 ], [ 73.1277459, 28.1419133, 0.0 ] ], [ [ 73.1276954, 28.1416008, 0.0 ], [ 73.1277185, 28.1416012, 0.0 ], [ 73.1277132, 28.1419044, 0.0 ], [ 73.1276901, 28.1419041, 0.0 ], [ 73.1276954, 28.1416008, 0.0 ] ], [ [ 73.1276394, 28.1416001, 0.0 ], [ 73.1276625, 28.1416004, 0.0 ], [ 73.1276572, 28.1419037, 0.0 ], [ 73.1276341, 28.1419033, 0.0 ], [ 73.1276394, 28.1416001, 0.0 ] ], [ [ 73.1276899, 28.1419125, 0.0 ], [ 73.1277131, 28.1419128, 0.0 ], [ 73.1277078, 28.1422161, 0.0 ], [ 73.1276847, 28.1422158, 0.0 ], [ 73.1276899, 28.1419125, 0.0 ] ], [ [ 73.1276339, 28.1419118, 0.0 ], [ 73.1276571, 28.1419121, 0.0 ], [ 73.1276518, 28.1422153, 0.0 ], [ 73.1276287, 28.142215, 0.0 ], [ 73.1276339, 28.1419118, 0.0 ] ], [ [ 73.1275834, 28.1415993, 0.0 ], [ 73.1276065, 28.1415996, 0.0 ], [ 73.1276012, 28.1419029, 0.0 ], [ 73.1275781, 28.1419026, 0.0 ], [ 73.1275834, 28.1415993, 0.0 ] ], [ [ 73.1275274, 28.1415986, 0.0 ], [ 73.1275505, 28.1415989, 0.0 ], [ 73.1275453, 28.1419021, 0.0 ], [ 73.1275221, 28.1419018, 0.0 ], [ 73.1275274, 28.1415986, 0.0 ] ], [ [ 73.127578, 28.141911, 0.0 ], [ 73.1276011, 28.1419113, 0.0 ], [ 73.1275958, 28.1422146, 0.0 ], [ 73.1275727, 28.1422143, 0.0 ], [ 73.127578, 28.141911, 0.0 ] ], [ [ 73.127522, 28.1419102, 0.0 ], [ 73.1275451, 28.1419106, 0.0 ], [ 73.1275398, 28.1422138, 0.0 ], [ 73.1275167, 28.1422135, 0.0 ], [ 73.127522, 28.1419102, 0.0 ] ], [ [ 73.1292319, 28.1434051, 0.0 ], [ 73.129255, 28.1434054, 0.0 ], [ 73.1292497, 28.1437086, 0.0 ], [ 73.1292266, 28.1437083, 0.0 ], [ 73.1292319, 28.1434051, 0.0 ] ], [ [ 73.1291759, 28.1434043, 0.0 ], [ 73.129199, 28.1434046, 0.0 ], [ 73.1291937, 28.1437079, 0.0 ], [ 73.1291706, 28.1437076, 0.0 ], [ 73.1291759, 28.1434043, 0.0 ] ], [ [ 73.1292264, 28.1437167, 0.0 ], [ 73.1292496, 28.1437171, 0.0 ], [ 73.1292443, 28.1440203, 0.0 ], [ 73.1292212, 28.14402, 0.0 ], [ 73.1292264, 28.1437167, 0.0 ] ], [ [ 73.1291705, 28.143716, 0.0 ], [ 73.1291936, 28.1437163, 0.0 ], [ 73.1291883, 28.1440196, 0.0 ], [ 73.1291652, 28.1440192, 0.0 ], [ 73.1291705, 28.143716, 0.0 ] ], [ [ 73.1291199, 28.1434035, 0.0 ], [ 73.129143, 28.1434038, 0.0 ], [ 73.1291377, 28.1437071, 0.0 ], [ 73.1291146, 28.1437068, 0.0 ], [ 73.1291199, 28.1434035, 0.0 ] ], [ [ 73.1290639, 28.1434028, 0.0 ], [ 73.129087, 28.1434031, 0.0 ], [ 73.1290818, 28.1437063, 0.0 ], [ 73.1290586, 28.143706, 0.0 ], [ 73.1290639, 28.1434028, 0.0 ] ], [ [ 73.1291145, 28.1437152, 0.0 ], [ 73.1291376, 28.1437155, 0.0 ], [ 73.1291323, 28.1440188, 0.0 ], [ 73.1291092, 28.1440185, 0.0 ], [ 73.1291145, 28.1437152, 0.0 ] ], [ [ 73.1290585, 28.1437144, 0.0 ], [ 73.1290816, 28.1437148, 0.0 ], [ 73.1290763, 28.144018, 0.0 ], [ 73.1290532, 28.1440177, 0.0 ], [ 73.1290585, 28.1437144, 0.0 ] ], [ [ 73.1290079, 28.143402, 0.0 ], [ 73.129031, 28.1434023, 0.0 ], [ 73.1290258, 28.1437056, 0.0 ], [ 73.1290027, 28.1437053, 0.0 ], [ 73.1290079, 28.143402, 0.0 ] ], [ [ 73.1289519, 28.1434012, 0.0 ], [ 73.1289751, 28.1434015, 0.0 ], [ 73.1289698, 28.1437048, 0.0 ], [ 73.1289467, 28.1437045, 0.0 ], [ 73.1289519, 28.1434012, 0.0 ] ], [ [ 73.1290025, 28.1437137, 0.0 ], [ 73.1290256, 28.143714, 0.0 ], [ 73.1290204, 28.1440173, 0.0 ], [ 73.1289972, 28.1440169, 0.0 ], [ 73.1290025, 28.1437137, 0.0 ] ], [ [ 73.1289465, 28.1437129, 0.0 ], [ 73.1289696, 28.1437132, 0.0 ], [ 73.1289644, 28.1440165, 0.0 ], [ 73.1289412, 28.1440162, 0.0 ], [ 73.1289465, 28.1437129, 0.0 ] ], [ [ 73.128896, 28.1434005, 0.0 ], [ 73.1289191, 28.1434008, 0.0 ], [ 73.1289138, 28.143704, 0.0 ], [ 73.1288907, 28.1437037, 0.0 ], [ 73.128896, 28.1434005, 0.0 ] ], [ [ 73.12884, 28.1433997, 0.0 ], [ 73.1288631, 28.1434, 0.0 ], [ 73.1288578, 28.1437033, 0.0 ], [ 73.1288347, 28.143703, 0.0 ], [ 73.12884, 28.1433997, 0.0 ] ], [ [ 73.1288905, 28.1437121, 0.0 ], [ 73.1289137, 28.1437125, 0.0 ], [ 73.1289084, 28.1440157, 0.0 ], [ 73.1288853, 28.1440154, 0.0 ], [ 73.1288905, 28.1437121, 0.0 ] ], [ [ 73.1288346, 28.1437114, 0.0 ], [ 73.1288577, 28.1437117, 0.0 ], [ 73.1288524, 28.144015, 0.0 ], [ 73.1288293, 28.1440146, 0.0 ], [ 73.1288346, 28.1437114, 0.0 ] ], [ [ 73.128784, 28.1433989, 0.0 ], [ 73.1288071, 28.1433993, 0.0 ], [ 73.1288018, 28.1437025, 0.0 ], [ 73.1287787, 28.1437022, 0.0 ], [ 73.128784, 28.1433989, 0.0 ] ], [ [ 73.128728, 28.1433982, 0.0 ], [ 73.1287511, 28.1433985, 0.0 ], [ 73.1287459, 28.1437018, 0.0 ], [ 73.1287227, 28.1437014, 0.0 ], [ 73.128728, 28.1433982, 0.0 ] ], [ [ 73.1287786, 28.1437106, 0.0 ], [ 73.1288017, 28.1437109, 0.0 ], [ 73.1287964, 28.1440142, 0.0 ], [ 73.1287733, 28.1440139, 0.0 ], [ 73.1287786, 28.1437106, 0.0 ] ], [ [ 73.1287226, 28.1437099, 0.0 ], [ 73.1287457, 28.1437102, 0.0 ], [ 73.1287404, 28.1440134, 0.0 ], [ 73.1287173, 28.1440131, 0.0 ], [ 73.1287226, 28.1437099, 0.0 ] ], [ [ 73.128672, 28.1433974, 0.0 ], [ 73.1286952, 28.1433977, 0.0 ], [ 73.1286899, 28.143701, 0.0 ], [ 73.1286668, 28.1437007, 0.0 ], [ 73.128672, 28.1433974, 0.0 ] ], [ [ 73.128616, 28.1433966, 0.0 ], [ 73.1286392, 28.143397, 0.0 ], [ 73.1286339, 28.1437002, 0.0 ], [ 73.1286108, 28.1436999, 0.0 ], [ 73.128616, 28.1433966, 0.0 ] ], [ [ 73.1286666, 28.1437091, 0.0 ], [ 73.1286897, 28.1437094, 0.0 ], [ 73.1286845, 28.1440127, 0.0 ], [ 73.1286613, 28.1440124, 0.0 ], [ 73.1286666, 28.1437091, 0.0 ] ], [ [ 73.1286106, 28.1437083, 0.0 ], [ 73.1286338, 28.1437086, 0.0 ], [ 73.1286285, 28.1440119, 0.0 ], [ 73.1286054, 28.1440116, 0.0 ], [ 73.1286106, 28.1437083, 0.0 ] ], [ [ 73.1285601, 28.1433959, 0.0 ], [ 73.1285832, 28.1433962, 0.0 ], [ 73.1285779, 28.1436995, 0.0 ], [ 73.1285548, 28.1436991, 0.0 ], [ 73.1285601, 28.1433959, 0.0 ] ], [ [ 73.1285041, 28.1433951, 0.0 ], [ 73.1285272, 28.1433954, 0.0 ], [ 73.1285219, 28.1436987, 0.0 ], [ 73.1284988, 28.1436984, 0.0 ], [ 73.1285041, 28.1433951, 0.0 ] ], [ [ 73.1285546, 28.1437076, 0.0 ], [ 73.1285778, 28.1437079, 0.0 ], [ 73.1285725, 28.1440111, 0.0 ], [ 73.1285494, 28.1440108, 0.0 ], [ 73.1285546, 28.1437076, 0.0 ] ], [ [ 73.1284987, 28.1437068, 0.0 ], [ 73.1285218, 28.1437071, 0.0 ], [ 73.1285165, 28.1440104, 0.0 ], [ 73.1284934, 28.1440101, 0.0 ], [ 73.1284987, 28.1437068, 0.0 ] ], [ [ 73.1284481, 28.1433943, 0.0 ], [ 73.1284712, 28.1433947, 0.0 ], [ 73.1284659, 28.1436979, 0.0 ], [ 73.1284428, 28.1436976, 0.0 ], [ 73.1284481, 28.1433943, 0.0 ] ], [ [ 73.1283921, 28.1433936, 0.0 ], [ 73.1284152, 28.1433939, 0.0 ], [ 73.12841, 28.1436972, 0.0 ], [ 73.1283868, 28.1436968, 0.0 ], [ 73.1283921, 28.1433936, 0.0 ] ], [ [ 73.1284427, 28.143706, 0.0 ], [ 73.1284658, 28.1437063, 0.0 ], [ 73.1284605, 28.1440096, 0.0 ], [ 73.1284374, 28.1440093, 0.0 ], [ 73.1284427, 28.143706, 0.0 ] ], [ [ 73.1283867, 28.1437053, 0.0 ], [ 73.1284098, 28.1437056, 0.0 ], [ 73.1284045, 28.1440088, 0.0 ], [ 73.1283814, 28.1440085, 0.0 ], [ 73.1283867, 28.1437053, 0.0 ] ], [ [ 73.1292426, 28.1427856, 0.0 ], [ 73.1292657, 28.1427859, 0.0 ], [ 73.1292605, 28.1430892, 0.0 ], [ 73.1292373, 28.1430889, 0.0 ], [ 73.1292426, 28.1427856, 0.0 ] ], [ [ 73.1291866, 28.1427848, 0.0 ], [ 73.1292098, 28.1427851, 0.0 ], [ 73.1292045, 28.1430884, 0.0 ], [ 73.1291814, 28.1430881, 0.0 ], [ 73.1291866, 28.1427848, 0.0 ] ], [ [ 73.1292372, 28.1430973, 0.0 ], [ 73.1292603, 28.1430976, 0.0 ], [ 73.1292551, 28.1434009, 0.0 ], [ 73.1292319, 28.1434005, 0.0 ], [ 73.1292372, 28.1430973, 0.0 ] ], [ [ 73.1291812, 28.1430965, 0.0 ], [ 73.1292043, 28.1430968, 0.0 ], [ 73.1291991, 28.1434001, 0.0 ], [ 73.1291759, 28.1433998, 0.0 ], [ 73.1291812, 28.1430965, 0.0 ] ], [ [ 73.1291307, 28.1427841, 0.0 ], [ 73.1291538, 28.1427844, 0.0 ], [ 73.1291485, 28.1430876, 0.0 ], [ 73.1291254, 28.1430873, 0.0 ], [ 73.1291307, 28.1427841, 0.0 ] ], [ [ 73.1290747, 28.1427833, 0.0 ], [ 73.1290978, 28.1427836, 0.0 ], [ 73.1290925, 28.1430869, 0.0 ], [ 73.1290694, 28.1430866, 0.0 ], [ 73.1290747, 28.1427833, 0.0 ] ], [ [ 73.1291252, 28.1430957, 0.0 ], [ 73.1291484, 28.1430961, 0.0 ], [ 73.1291431, 28.1433993, 0.0 ], [ 73.12912, 28.143399, 0.0 ], [ 73.1291252, 28.1430957, 0.0 ] ], [ [ 73.1290693, 28.143095, 0.0 ], [ 73.1290924, 28.1430953, 0.0 ], [ 73.1290871, 28.1433986, 0.0 ], [ 73.129064, 28.1433982, 0.0 ], [ 73.1290693, 28.143095, 0.0 ] ], [ [ 73.1290187, 28.1427825, 0.0 ], [ 73.1290418, 28.1427828, 0.0 ], [ 73.1290365, 28.1430861, 0.0 ], [ 73.1290134, 28.1430858, 0.0 ], [ 73.1290187, 28.1427825, 0.0 ] ], [ [ 73.1289627, 28.1427818, 0.0 ], [ 73.1289858, 28.1427821, 0.0 ], [ 73.1289806, 28.1430854, 0.0 ], [ 73.1289574, 28.143085, 0.0 ], [ 73.1289627, 28.1427818, 0.0 ] ], [ [ 73.1290133, 28.1430942, 0.0 ], [ 73.1290364, 28.1430945, 0.0 ], [ 73.1290311, 28.1433978, 0.0 ], [ 73.129008, 28.1433975, 0.0 ], [ 73.1290133, 28.1430942, 0.0 ] ], [ [ 73.1289573, 28.1430935, 0.0 ], [ 73.1289804, 28.1430938, 0.0 ], [ 73.1289751, 28.143397, 0.0 ], [ 73.128952, 28.1433967, 0.0 ], [ 73.1289573, 28.1430935, 0.0 ] ], [ [ 73.1289067, 28.142781, 0.0 ], [ 73.1289299, 28.1427813, 0.0 ], [ 73.1289246, 28.1430846, 0.0 ], [ 73.1289015, 28.1430843, 0.0 ], [ 73.1289067, 28.142781, 0.0 ] ], [ [ 73.1288507, 28.1427802, 0.0 ], [ 73.1288739, 28.1427806, 0.0 ], [ 73.1288686, 28.1430838, 0.0 ], [ 73.1288455, 28.1430835, 0.0 ], [ 73.1288507, 28.1427802, 0.0 ] ], [ [ 73.1289013, 28.1430927, 0.0 ], [ 73.1289244, 28.143093, 0.0 ], [ 73.1289192, 28.1433963, 0.0 ], [ 73.128896, 28.143396, 0.0 ], [ 73.1289013, 28.1430927, 0.0 ] ], [ [ 73.1288453, 28.1430919, 0.0 ], [ 73.1288685, 28.1430922, 0.0 ], [ 73.1288632, 28.1433955, 0.0 ], [ 73.1288401, 28.1433952, 0.0 ], [ 73.1288453, 28.1430919, 0.0 ] ], [ [ 73.1287948, 28.1427795, 0.0 ], [ 73.1288179, 28.1427798, 0.0 ], [ 73.1288126, 28.1430831, 0.0 ], [ 73.1287895, 28.1430827, 0.0 ], [ 73.1287948, 28.1427795, 0.0 ] ], [ [ 73.1287388, 28.1427787, 0.0 ], [ 73.1287619, 28.142779, 0.0 ], [ 73.1287566, 28.1430823, 0.0 ], [ 73.1287335, 28.143082, 0.0 ], [ 73.1287388, 28.1427787, 0.0 ] ], [ [ 73.1287893, 28.1430912, 0.0 ], [ 73.1288125, 28.1430915, 0.0 ], [ 73.1288072, 28.1433947, 0.0 ], [ 73.1287841, 28.1433944, 0.0 ], [ 73.1287893, 28.1430912, 0.0 ] ], [ [ 73.1287334, 28.1430904, 0.0 ], [ 73.1287565, 28.1430907, 0.0 ], [ 73.1287512, 28.143394, 0.0 ], [ 73.1287281, 28.1433937, 0.0 ], [ 73.1287334, 28.1430904, 0.0 ] ], [ [ 73.1286828, 28.1427779, 0.0 ], [ 73.1287059, 28.1427783, 0.0 ], [ 73.1287006, 28.1430815, 0.0 ], [ 73.1286775, 28.1430812, 0.0 ], [ 73.1286828, 28.1427779, 0.0 ] ], [ [ 73.1286268, 28.1427772, 0.0 ], [ 73.1286499, 28.1427775, 0.0 ], [ 73.1286447, 28.1430808, 0.0 ], [ 73.1286215, 28.1430804, 0.0 ], [ 73.1286268, 28.1427772, 0.0 ] ], [ [ 73.1286774, 28.1430896, 0.0 ], [ 73.1287005, 28.1430899, 0.0 ], [ 73.1286952, 28.1433932, 0.0 ], [ 73.1286721, 28.1433929, 0.0 ], [ 73.1286774, 28.1430896, 0.0 ] ], [ [ 73.1286214, 28.1430889, 0.0 ], [ 73.1286445, 28.1430892, 0.0 ], [ 73.1286392, 28.1433924, 0.0 ], [ 73.1286161, 28.1433921, 0.0 ], [ 73.1286214, 28.1430889, 0.0 ] ], [ [ 73.1285708, 28.1427764, 0.0 ], [ 73.128594, 28.1427767, 0.0 ], [ 73.1285887, 28.14308, 0.0 ], [ 73.1285656, 28.1430797, 0.0 ], [ 73.1285708, 28.1427764, 0.0 ] ], [ [ 73.1285148, 28.1427757, 0.0 ], [ 73.128538, 28.142776, 0.0 ], [ 73.1285327, 28.1430792, 0.0 ], [ 73.1285096, 28.1430789, 0.0 ], [ 73.1285148, 28.1427757, 0.0 ] ], [ [ 73.1285654, 28.1430881, 0.0 ], [ 73.1285885, 28.1430884, 0.0 ], [ 73.1285833, 28.1433917, 0.0 ], [ 73.1285601, 28.1433914, 0.0 ], [ 73.1285654, 28.1430881, 0.0 ] ], [ [ 73.1285094, 28.1430873, 0.0 ], [ 73.1285326, 28.1430877, 0.0 ], [ 73.1285273, 28.1433909, 0.0 ], [ 73.1285042, 28.1433906, 0.0 ], [ 73.1285094, 28.1430873, 0.0 ] ], [ [ 73.1284589, 28.1427749, 0.0 ], [ 73.128482, 28.1427752, 0.0 ], [ 73.1284767, 28.1430785, 0.0 ], [ 73.1284536, 28.1430782, 0.0 ], [ 73.1284589, 28.1427749, 0.0 ] ], [ [ 73.1284029, 28.1427741, 0.0 ], [ 73.128426, 28.1427744, 0.0 ], [ 73.1284207, 28.1430777, 0.0 ], [ 73.1283976, 28.1430774, 0.0 ], [ 73.1284029, 28.1427741, 0.0 ] ], [ [ 73.1284534, 28.1430866, 0.0 ], [ 73.1284766, 28.1430869, 0.0 ], [ 73.1284713, 28.1433902, 0.0 ], [ 73.1284482, 28.1433898, 0.0 ], [ 73.1284534, 28.1430866, 0.0 ] ], [ [ 73.1283975, 28.1430858, 0.0 ], [ 73.1284206, 28.1430861, 0.0 ], [ 73.1284153, 28.1433894, 0.0 ], [ 73.1283922, 28.1433891, 0.0 ], [ 73.1283975, 28.1430858, 0.0 ] ], [ [ 73.1292857, 28.1403077, 0.0 ], [ 73.1293088, 28.1403081, 0.0 ], [ 73.1293035, 28.1406113, 0.0 ], [ 73.1292804, 28.140611, 0.0 ], [ 73.1292857, 28.1403077, 0.0 ] ], [ [ 73.1292297, 28.140307, 0.0 ], [ 73.1292528, 28.1403073, 0.0 ], [ 73.1292476, 28.1406106, 0.0 ], [ 73.1292244, 28.1406102, 0.0 ], [ 73.1292297, 28.140307, 0.0 ] ], [ [ 73.1292803, 28.1406194, 0.0 ], [ 73.1293034, 28.1406197, 0.0 ], [ 73.1292981, 28.140923, 0.0 ], [ 73.129275, 28.1409227, 0.0 ], [ 73.1292803, 28.1406194, 0.0 ] ], [ [ 73.1292243, 28.1406187, 0.0 ], [ 73.1292474, 28.140619, 0.0 ], [ 73.1292421, 28.1409222, 0.0 ], [ 73.129219, 28.1409219, 0.0 ], [ 73.1292243, 28.1406187, 0.0 ] ], [ [ 73.1291737, 28.1403062, 0.0 ], [ 73.1291968, 28.1403065, 0.0 ], [ 73.1291916, 28.1406098, 0.0 ], [ 73.1291685, 28.1406095, 0.0 ], [ 73.1291737, 28.1403062, 0.0 ] ], [ [ 73.1291177, 28.1403055, 0.0 ], [ 73.1291409, 28.1403058, 0.0 ], [ 73.1291356, 28.140609, 0.0 ], [ 73.1291125, 28.1406087, 0.0 ], [ 73.1291177, 28.1403055, 0.0 ] ], [ [ 73.1291683, 28.1406179, 0.0 ], [ 73.1291914, 28.1406182, 0.0 ], [ 73.1291862, 28.1409215, 0.0 ], [ 73.129163, 28.1409212, 0.0 ], [ 73.1291683, 28.1406179, 0.0 ] ], [ [ 73.1291123, 28.1406171, 0.0 ], [ 73.1291354, 28.1406175, 0.0 ], [ 73.1291302, 28.1409207, 0.0 ], [ 73.1291071, 28.1409204, 0.0 ], [ 73.1291123, 28.1406171, 0.0 ] ], [ [ 73.1290618, 28.1403047, 0.0 ], [ 73.1290849, 28.140305, 0.0 ], [ 73.1290796, 28.1406083, 0.0 ], [ 73.1290565, 28.140608, 0.0 ], [ 73.1290618, 28.1403047, 0.0 ] ], [ [ 73.1290058, 28.1403039, 0.0 ], [ 73.1290289, 28.1403042, 0.0 ], [ 73.1290236, 28.1406075, 0.0 ], [ 73.1290005, 28.1406072, 0.0 ], [ 73.1290058, 28.1403039, 0.0 ] ], [ [ 73.1290563, 28.1406164, 0.0 ], [ 73.1290795, 28.1406167, 0.0 ], [ 73.1290742, 28.14092, 0.0 ], [ 73.1290511, 28.1409196, 0.0 ], [ 73.1290563, 28.1406164, 0.0 ] ], [ [ 73.1290004, 28.1406156, 0.0 ], [ 73.1290235, 28.1406159, 0.0 ], [ 73.1290182, 28.1409192, 0.0 ], [ 73.1289951, 28.1409189, 0.0 ], [ 73.1290004, 28.1406156, 0.0 ] ], [ [ 73.1289498, 28.1403032, 0.0 ], [ 73.1289729, 28.1403035, 0.0 ], [ 73.1289677, 28.1406067, 0.0 ], [ 73.1289445, 28.1406064, 0.0 ], [ 73.1289498, 28.1403032, 0.0 ] ], [ [ 73.1288938, 28.1403024, 0.0 ], [ 73.1289169, 28.1403027, 0.0 ], [ 73.1289117, 28.140606, 0.0 ], [ 73.1288885, 28.1406057, 0.0 ], [ 73.1288938, 28.1403024, 0.0 ] ], [ [ 73.1289444, 28.1406148, 0.0 ], [ 73.1289675, 28.1406152, 0.0 ], [ 73.1289622, 28.1409184, 0.0 ], [ 73.1289391, 28.1409181, 0.0 ], [ 73.1289444, 28.1406148, 0.0 ] ], [ [ 73.1288884, 28.1406141, 0.0 ], [ 73.1289115, 28.1406144, 0.0 ], [ 73.1289063, 28.1409177, 0.0 ], [ 73.1288831, 28.1409173, 0.0 ], [ 73.1288884, 28.1406141, 0.0 ] ], [ [ 73.1288378, 28.1403016, 0.0 ], [ 73.128861, 28.1403019, 0.0 ], [ 73.1288557, 28.1406052, 0.0 ], [ 73.1288326, 28.1406049, 0.0 ], [ 73.1288378, 28.1403016, 0.0 ] ], [ [ 73.1287819, 28.1403009, 0.0 ], [ 73.128805, 28.1403012, 0.0 ], [ 73.1287997, 28.1406044, 0.0 ], [ 73.1287766, 28.1406041, 0.0 ], [ 73.1287819, 28.1403009, 0.0 ] ], [ [ 73.1288324, 28.1406133, 0.0 ], [ 73.1288555, 28.1406136, 0.0 ], [ 73.1288503, 28.1409169, 0.0 ], [ 73.1288271, 28.1409166, 0.0 ], [ 73.1288324, 28.1406133, 0.0 ] ], [ [ 73.1287764, 28.1406126, 0.0 ], [ 73.1287996, 28.1406129, 0.0 ], [ 73.1287943, 28.1409161, 0.0 ], [ 73.1287712, 28.1409158, 0.0 ], [ 73.1287764, 28.1406126, 0.0 ] ], [ [ 73.1287259, 28.1403001, 0.0 ], [ 73.128749, 28.1403004, 0.0 ], [ 73.1287437, 28.1406037, 0.0 ], [ 73.1287206, 28.1406034, 0.0 ], [ 73.1287259, 28.1403001, 0.0 ] ], [ [ 73.1286699, 28.1402993, 0.0 ], [ 73.128693, 28.1402997, 0.0 ], [ 73.1286877, 28.1406029, 0.0 ], [ 73.1286646, 28.1406026, 0.0 ], [ 73.1286699, 28.1402993, 0.0 ] ], [ [ 73.1287205, 28.1406118, 0.0 ], [ 73.1287436, 28.1406121, 0.0 ], [ 73.1287383, 28.1409154, 0.0 ], [ 73.1287152, 28.1409151, 0.0 ], [ 73.1287205, 28.1406118, 0.0 ] ], [ [ 73.1286645, 28.140611, 0.0 ], [ 73.1286876, 28.1406113, 0.0 ], [ 73.1286823, 28.1409146, 0.0 ], [ 73.1286592, 28.1409143, 0.0 ], [ 73.1286645, 28.140611, 0.0 ] ], [ [ 73.1286139, 28.1402986, 0.0 ], [ 73.128637, 28.1402989, 0.0 ], [ 73.1286318, 28.1406022, 0.0 ], [ 73.1286086, 28.1406018, 0.0 ], [ 73.1286139, 28.1402986, 0.0 ] ], [ [ 73.1285579, 28.1402978, 0.0 ], [ 73.1285811, 28.1402981, 0.0 ], [ 73.1285758, 28.1406014, 0.0 ], [ 73.1285527, 28.1406011, 0.0 ], [ 73.1285579, 28.1402978, 0.0 ] ], [ [ 73.1286085, 28.1406103, 0.0 ], [ 73.1286316, 28.1406106, 0.0 ], [ 73.1286263, 28.1409138, 0.0 ], [ 73.1286032, 28.1409135, 0.0 ], [ 73.1286085, 28.1406103, 0.0 ] ], [ [ 73.1285525, 28.1406095, 0.0 ], [ 73.1285756, 28.1406098, 0.0 ], [ 73.1285704, 28.1409131, 0.0 ], [ 73.1285472, 28.1409128, 0.0 ], [ 73.1285525, 28.1406095, 0.0 ] ], [ [ 73.1292749, 28.1409272, 0.0 ], [ 73.129298, 28.1409275, 0.0 ], [ 73.1292928, 28.1412308, 0.0 ], [ 73.1292696, 28.1412305, 0.0 ], [ 73.1292749, 28.1409272, 0.0 ] ], [ [ 73.1292189, 28.1409264, 0.0 ], [ 73.1292421, 28.1409268, 0.0 ], [ 73.1292368, 28.14123, 0.0 ], [ 73.1292137, 28.1412297, 0.0 ], [ 73.1292189, 28.1409264, 0.0 ] ], [ [ 73.1292695, 28.1412389, 0.0 ], [ 73.1292926, 28.1412392, 0.0 ], [ 73.1292874, 28.1415425, 0.0 ], [ 73.1292642, 28.1415422, 0.0 ], [ 73.1292695, 28.1412389, 0.0 ] ], [ [ 73.1292135, 28.1412381, 0.0 ], [ 73.1292366, 28.1412384, 0.0 ], [ 73.1292314, 28.1415417, 0.0 ], [ 73.1292082, 28.1415414, 0.0 ], [ 73.1292135, 28.1412381, 0.0 ] ], [ [ 73.129163, 28.1409257, 0.0 ], [ 73.1291861, 28.140926, 0.0 ], [ 73.1291808, 28.1412293, 0.0 ], [ 73.1291577, 28.1412289, 0.0 ], [ 73.129163, 28.1409257, 0.0 ] ], [ [ 73.129107, 28.1409249, 0.0 ], [ 73.1291301, 28.1409252, 0.0 ], [ 73.1291248, 28.1412285, 0.0 ], [ 73.1291017, 28.1412282, 0.0 ], [ 73.129107, 28.1409249, 0.0 ] ], [ [ 73.1291575, 28.1412374, 0.0 ], [ 73.1291807, 28.1412377, 0.0 ], [ 73.1291754, 28.1415409, 0.0 ], [ 73.1291523, 28.1415406, 0.0 ], [ 73.1291575, 28.1412374, 0.0 ] ], [ [ 73.1291016, 28.1412366, 0.0 ], [ 73.1291247, 28.1412369, 0.0 ], [ 73.1291194, 28.1415402, 0.0 ], [ 73.1290963, 28.1415399, 0.0 ], [ 73.1291016, 28.1412366, 0.0 ] ], [ [ 73.129051, 28.1409242, 0.0 ], [ 73.1290741, 28.1409245, 0.0 ], [ 73.1290688, 28.1412277, 0.0 ], [ 73.1290457, 28.1412274, 0.0 ], [ 73.129051, 28.1409242, 0.0 ] ], [ [ 73.128995, 28.1409234, 0.0 ], [ 73.1290181, 28.1409237, 0.0 ], [ 73.1290129, 28.141227, 0.0 ], [ 73.1289897, 28.1412267, 0.0 ], [ 73.128995, 28.1409234, 0.0 ] ], [ [ 73.1290456, 28.1412358, 0.0 ], [ 73.1290687, 28.1412362, 0.0 ], [ 73.1290634, 28.1415394, 0.0 ], [ 73.1290403, 28.1415391, 0.0 ], [ 73.1290456, 28.1412358, 0.0 ] ], [ [ 73.1289896, 28.1412351, 0.0 ], [ 73.1290127, 28.1412354, 0.0 ], [ 73.1290074, 28.1415387, 0.0 ], [ 73.1289843, 28.1415383, 0.0 ], [ 73.1289896, 28.1412351, 0.0 ] ], [ [ 73.128939, 28.1409226, 0.0 ], [ 73.1289622, 28.1409229, 0.0 ], [ 73.1289569, 28.1412262, 0.0 ], [ 73.1289338, 28.1412259, 0.0 ], [ 73.128939, 28.1409226, 0.0 ] ], [ [ 73.128883, 28.1409219, 0.0 ], [ 73.1289062, 28.1409222, 0.0 ], [ 73.1289009, 28.1412254, 0.0 ], [ 73.1288778, 28.1412251, 0.0 ], [ 73.128883, 28.1409219, 0.0 ] ], [ [ 73.1289336, 28.1412343, 0.0 ], [ 73.1289567, 28.1412346, 0.0 ], [ 73.1289515, 28.1415379, 0.0 ], [ 73.1289283, 28.1415376, 0.0 ], [ 73.1289336, 28.1412343, 0.0 ] ], [ [ 73.1288776, 28.1412335, 0.0 ], [ 73.1289008, 28.1412339, 0.0 ], [ 73.1288955, 28.1415371, 0.0 ], [ 73.1288724, 28.1415368, 0.0 ], [ 73.1288776, 28.1412335, 0.0 ] ], [ [ 73.1288271, 28.1409211, 0.0 ], [ 73.1288502, 28.1409214, 0.0 ], [ 73.1288449, 28.1412247, 0.0 ], [ 73.1288218, 28.1412244, 0.0 ], [ 73.1288271, 28.1409211, 0.0 ] ], [ [ 73.1287711, 28.1409203, 0.0 ], [ 73.1287942, 28.1409206, 0.0 ], [ 73.1287889, 28.1412239, 0.0 ], [ 73.1287658, 28.1412236, 0.0 ], [ 73.1287711, 28.1409203, 0.0 ] ], [ [ 73.1288216, 28.1412328, 0.0 ], [ 73.1288448, 28.1412331, 0.0 ], [ 73.1288395, 28.1415364, 0.0 ], [ 73.1288164, 28.141536, 0.0 ], [ 73.1288216, 28.1412328, 0.0 ] ], [ [ 73.1287657, 28.141232, 0.0 ], [ 73.1287888, 28.1412323, 0.0 ], [ 73.1287835, 28.1415356, 0.0 ], [ 73.1287604, 28.1415353, 0.0 ], [ 73.1287657, 28.141232, 0.0 ] ], [ [ 73.1287151, 28.1409196, 0.0 ], [ 73.1287382, 28.1409199, 0.0 ], [ 73.128733, 28.1412231, 0.0 ], [ 73.1287098, 28.1412228, 0.0 ], [ 73.1287151, 28.1409196, 0.0 ] ], [ [ 73.1286591, 28.1409188, 0.0 ], [ 73.1286822, 28.1409191, 0.0 ], [ 73.128677, 28.1412224, 0.0 ], [ 73.1286539, 28.1412221, 0.0 ], [ 73.1286591, 28.1409188, 0.0 ] ], [ [ 73.1287097, 28.1412312, 0.0 ], [ 73.1287328, 28.1412316, 0.0 ], [ 73.1287275, 28.1415348, 0.0 ], [ 73.1287044, 28.1415345, 0.0 ], [ 73.1287097, 28.1412312, 0.0 ] ], [ [ 73.1286537, 28.1412305, 0.0 ], [ 73.1286768, 28.1412308, 0.0 ], [ 73.1286716, 28.1415341, 0.0 ], [ 73.1286484, 28.1415337, 0.0 ], [ 73.1286537, 28.1412305, 0.0 ] ], [ [ 73.1286031, 28.140918, 0.0 ], [ 73.1286263, 28.1409184, 0.0 ], [ 73.128621, 28.1412216, 0.0 ], [ 73.1285979, 28.1412213, 0.0 ], [ 73.1286031, 28.140918, 0.0 ] ], [ [ 73.1285472, 28.1409173, 0.0 ], [ 73.1285703, 28.1409176, 0.0 ], [ 73.128565, 28.1412209, 0.0 ], [ 73.1285419, 28.1412205, 0.0 ], [ 73.1285472, 28.1409173, 0.0 ] ], [ [ 73.1285977, 28.1412297, 0.0 ], [ 73.1286208, 28.14123, 0.0 ], [ 73.1286156, 28.1415333, 0.0 ], [ 73.1285925, 28.141533, 0.0 ], [ 73.1285977, 28.1412297, 0.0 ] ], [ [ 73.1285417, 28.141229, 0.0 ], [ 73.1285649, 28.1412293, 0.0 ], [ 73.1285596, 28.1415325, 0.0 ], [ 73.1285365, 28.1415322, 0.0 ], [ 73.1285417, 28.141229, 0.0 ] ], [ [ 73.1284912, 28.1409165, 0.0 ], [ 73.1285143, 28.1409168, 0.0 ], [ 73.128509, 28.1412201, 0.0 ], [ 73.1284859, 28.1412198, 0.0 ], [ 73.1284912, 28.1409165, 0.0 ] ], [ [ 73.1284352, 28.1409157, 0.0 ], [ 73.1284583, 28.1409161, 0.0 ], [ 73.1284531, 28.1412193, 0.0 ], [ 73.1284299, 28.141219, 0.0 ], [ 73.1284352, 28.1409157, 0.0 ] ], [ [ 73.1284858, 28.1412282, 0.0 ], [ 73.1285089, 28.1412285, 0.0 ], [ 73.1285036, 28.1415318, 0.0 ], [ 73.1284805, 28.1415315, 0.0 ], [ 73.1284858, 28.1412282, 0.0 ] ], [ [ 73.1284298, 28.1412274, 0.0 ], [ 73.1284529, 28.1412277, 0.0 ], [ 73.1284476, 28.141531, 0.0 ], [ 73.1284245, 28.1415307, 0.0 ], [ 73.1284298, 28.1412274, 0.0 ] ], [ [ 73.1292642, 28.1415467, 0.0 ], [ 73.1292873, 28.141547, 0.0 ], [ 73.129282, 28.1418503, 0.0 ], [ 73.1292589, 28.1418499, 0.0 ], [ 73.1292642, 28.1415467, 0.0 ] ], [ [ 73.1292082, 28.1415459, 0.0 ], [ 73.1292313, 28.1415462, 0.0 ], [ 73.129226, 28.1418495, 0.0 ], [ 73.1292029, 28.1418492, 0.0 ], [ 73.1292082, 28.1415459, 0.0 ] ], [ [ 73.1292587, 28.1418584, 0.0 ], [ 73.1292819, 28.1418587, 0.0 ], [ 73.1292766, 28.1421619, 0.0 ], [ 73.1292535, 28.1421616, 0.0 ], [ 73.1292587, 28.1418584, 0.0 ] ], [ [ 73.1292028, 28.1418576, 0.0 ], [ 73.1292259, 28.1418579, 0.0 ], [ 73.1292206, 28.1421612, 0.0 ], [ 73.1291975, 28.1421609, 0.0 ], [ 73.1292028, 28.1418576, 0.0 ] ], [ [ 73.1291522, 28.1415451, 0.0 ], [ 73.1291753, 28.1415455, 0.0 ], [ 73.12917, 28.1418487, 0.0 ], [ 73.1291469, 28.1418484, 0.0 ], [ 73.1291522, 28.1415451, 0.0 ] ], [ [ 73.1290962, 28.1415444, 0.0 ], [ 73.1291193, 28.1415447, 0.0 ], [ 73.1291141, 28.141848, 0.0 ], [ 73.1290909, 28.1418476, 0.0 ], [ 73.1290962, 28.1415444, 0.0 ] ], [ [ 73.1291468, 28.1418568, 0.0 ], [ 73.1291699, 28.1418571, 0.0 ], [ 73.1291646, 28.1421604, 0.0 ], [ 73.1291415, 28.1421601, 0.0 ], [ 73.1291468, 28.1418568, 0.0 ] ], [ [ 73.1290908, 28.1418561, 0.0 ], [ 73.1291139, 28.1418564, 0.0 ], [ 73.1291086, 28.1421596, 0.0 ], [ 73.1290855, 28.1421593, 0.0 ], [ 73.1290908, 28.1418561, 0.0 ] ], [ [ 73.1290402, 28.1415436, 0.0 ], [ 73.1290634, 28.1415439, 0.0 ], [ 73.1290581, 28.1418472, 0.0 ], [ 73.129035, 28.1418469, 0.0 ], [ 73.1290402, 28.1415436, 0.0 ] ], [ [ 73.1289842, 28.1415428, 0.0 ], [ 73.1290074, 28.1415432, 0.0 ], [ 73.1290021, 28.1418464, 0.0 ], [ 73.128979, 28.1418461, 0.0 ], [ 73.1289842, 28.1415428, 0.0 ] ], [ [ 73.1290348, 28.1418553, 0.0 ], [ 73.1290579, 28.1418556, 0.0 ], [ 73.1290527, 28.1421589, 0.0 ], [ 73.1290295, 28.1421586, 0.0 ], [ 73.1290348, 28.1418553, 0.0 ] ], [ [ 73.1289788, 28.1418545, 0.0 ], [ 73.129002, 28.1418548, 0.0 ], [ 73.1289967, 28.1421581, 0.0 ], [ 73.1289736, 28.1421578, 0.0 ], [ 73.1289788, 28.1418545, 0.0 ] ], [ [ 73.1289283, 28.1415421, 0.0 ], [ 73.1289514, 28.1415424, 0.0 ], [ 73.1289461, 28.1418457, 0.0 ], [ 73.128923, 28.1418453, 0.0 ], [ 73.1289283, 28.1415421, 0.0 ] ], [ [ 73.1288723, 28.1415413, 0.0 ], [ 73.1288954, 28.1415416, 0.0 ], [ 73.1288901, 28.1418449, 0.0 ], [ 73.128867, 28.1418446, 0.0 ], [ 73.1288723, 28.1415413, 0.0 ] ], [ [ 73.1289228, 28.1418538, 0.0 ], [ 73.128946, 28.1418541, 0.0 ], [ 73.1289407, 28.1421573, 0.0 ], [ 73.1289176, 28.142157, 0.0 ], [ 73.1289228, 28.1418538, 0.0 ] ], [ [ 73.1288669, 28.141853, 0.0 ], [ 73.12889, 28.1418533, 0.0 ], [ 73.1288847, 28.1421566, 0.0 ], [ 73.1288616, 28.1421563, 0.0 ], [ 73.1288669, 28.141853, 0.0 ] ], [ [ 73.1288163, 28.1415406, 0.0 ], [ 73.1288394, 28.1415409, 0.0 ], [ 73.1288342, 28.1418441, 0.0 ], [ 73.128811, 28.1418438, 0.0 ], [ 73.1288163, 28.1415406, 0.0 ] ], [ [ 73.1287603, 28.1415398, 0.0 ], [ 73.1287834, 28.1415401, 0.0 ], [ 73.1287782, 28.1418434, 0.0 ], [ 73.128755, 28.1418431, 0.0 ], [ 73.1287603, 28.1415398, 0.0 ] ], [ [ 73.1288109, 28.1418522, 0.0 ], [ 73.128834, 28.1418526, 0.0 ], [ 73.1288287, 28.1421558, 0.0 ], [ 73.1288056, 28.1421555, 0.0 ], [ 73.1288109, 28.1418522, 0.0 ] ], [ [ 73.1287549, 28.1418515, 0.0 ], [ 73.128778, 28.1418518, 0.0 ], [ 73.1287728, 28.1421551, 0.0 ], [ 73.1287496, 28.1421547, 0.0 ], [ 73.1287549, 28.1418515, 0.0 ] ], [ [ 73.1287043, 28.141539, 0.0 ], [ 73.1287275, 28.1415393, 0.0 ], [ 73.1287222, 28.1418426, 0.0 ], [ 73.1286991, 28.1418423, 0.0 ], [ 73.1287043, 28.141539, 0.0 ] ], [ [ 73.1286484, 28.1415383, 0.0 ], [ 73.1286715, 28.1415386, 0.0 ], [ 73.1286662, 28.1418418, 0.0 ], [ 73.1286431, 28.1418415, 0.0 ], [ 73.1286484, 28.1415383, 0.0 ] ], [ [ 73.1286989, 28.1418507, 0.0 ], [ 73.128722, 28.141851, 0.0 ], [ 73.1287168, 28.1421543, 0.0 ], [ 73.1286936, 28.142154, 0.0 ], [ 73.1286989, 28.1418507, 0.0 ] ], [ [ 73.1286429, 28.1418499, 0.0 ], [ 73.1286661, 28.1418503, 0.0 ], [ 73.1286608, 28.1421535, 0.0 ], [ 73.1286377, 28.1421532, 0.0 ], [ 73.1286429, 28.1418499, 0.0 ] ], [ [ 73.1285924, 28.1415375, 0.0 ], [ 73.1286155, 28.1415378, 0.0 ], [ 73.1286102, 28.1418411, 0.0 ], [ 73.1285871, 28.1418408, 0.0 ], [ 73.1285924, 28.1415375, 0.0 ] ], [ [ 73.1285364, 28.1415367, 0.0 ], [ 73.1285595, 28.141537, 0.0 ], [ 73.1285542, 28.1418403, 0.0 ], [ 73.1285311, 28.14184, 0.0 ], [ 73.1285364, 28.1415367, 0.0 ] ], [ [ 73.128587, 28.1418492, 0.0 ], [ 73.1286101, 28.1418495, 0.0 ], [ 73.1286048, 28.1421528, 0.0 ], [ 73.1285817, 28.1421524, 0.0 ], [ 73.128587, 28.1418492, 0.0 ] ], [ [ 73.128531, 28.1418484, 0.0 ], [ 73.1285541, 28.1418487, 0.0 ], [ 73.1285488, 28.142152, 0.0 ], [ 73.1285257, 28.1421517, 0.0 ], [ 73.128531, 28.1418484, 0.0 ] ], [ [ 73.1284804, 28.141536, 0.0 ], [ 73.1285035, 28.1415363, 0.0 ], [ 73.1284983, 28.1418395, 0.0 ], [ 73.1284751, 28.1418392, 0.0 ], [ 73.1284804, 28.141536, 0.0 ] ], [ [ 73.1284244, 28.1415352, 0.0 ], [ 73.1284476, 28.1415355, 0.0 ], [ 73.1284423, 28.1418388, 0.0 ], [ 73.1284192, 28.1418385, 0.0 ], [ 73.1284244, 28.1415352, 0.0 ] ], [ [ 73.128475, 28.1418476, 0.0 ], [ 73.1284981, 28.141848, 0.0 ], [ 73.1284928, 28.1421512, 0.0 ], [ 73.1284697, 28.1421509, 0.0 ], [ 73.128475, 28.1418476, 0.0 ] ], [ [ 73.128419, 28.1418469, 0.0 ], [ 73.1284421, 28.1418472, 0.0 ], [ 73.1284369, 28.1421505, 0.0 ], [ 73.1284137, 28.1421501, 0.0 ], [ 73.128419, 28.1418469, 0.0 ] ], [ [ 73.1292534, 28.1421661, 0.0 ], [ 73.1292765, 28.1421664, 0.0 ], [ 73.1292712, 28.1424697, 0.0 ], [ 73.1292481, 28.1424694, 0.0 ], [ 73.1292534, 28.1421661, 0.0 ] ], [ [ 73.1291974, 28.1421654, 0.0 ], [ 73.1292205, 28.1421657, 0.0 ], [ 73.1292153, 28.1424689, 0.0 ], [ 73.1291921, 28.1424686, 0.0 ], [ 73.1291974, 28.1421654, 0.0 ] ], [ [ 73.129248, 28.1424778, 0.0 ], [ 73.1292711, 28.1424781, 0.0 ], [ 73.1292658, 28.1427814, 0.0 ], [ 73.1292427, 28.1427811, 0.0 ], [ 73.129248, 28.1424778, 0.0 ] ], [ [ 73.129192, 28.142477, 0.0 ], [ 73.1292151, 28.1424774, 0.0 ], [ 73.1292098, 28.1427806, 0.0 ], [ 73.1291867, 28.1427803, 0.0 ], [ 73.129192, 28.142477, 0.0 ] ], [ [ 73.1291414, 28.1421646, 0.0 ], [ 73.1291645, 28.1421649, 0.0 ], [ 73.1291593, 28.1424682, 0.0 ], [ 73.1291362, 28.1424679, 0.0 ], [ 73.1291414, 28.1421646, 0.0 ] ], [ [ 73.1290854, 28.1421638, 0.0 ], [ 73.1291086, 28.1421642, 0.0 ], [ 73.1291033, 28.1424674, 0.0 ], [ 73.1290802, 28.1424671, 0.0 ], [ 73.1290854, 28.1421638, 0.0 ] ], [ [ 73.129136, 28.1424763, 0.0 ], [ 73.1291591, 28.1424766, 0.0 ], [ 73.1291539, 28.1427799, 0.0 ], [ 73.1291307, 28.1427796, 0.0 ], [ 73.129136, 28.1424763, 0.0 ] ], [ [ 73.12908, 28.1424755, 0.0 ], [ 73.1291031, 28.1424758, 0.0 ], [ 73.1290979, 28.1427791, 0.0 ], [ 73.1290748, 28.1427788, 0.0 ], [ 73.12908, 28.1424755, 0.0 ] ], [ [ 73.1290295, 28.1421631, 0.0 ], [ 73.1290526, 28.1421634, 0.0 ], [ 73.1290473, 28.1424667, 0.0 ], [ 73.1290242, 28.1424663, 0.0 ], [ 73.1290295, 28.1421631, 0.0 ] ], [ [ 73.1289735, 28.1421623, 0.0 ], [ 73.1289966, 28.1421626, 0.0 ], [ 73.1289913, 28.1424659, 0.0 ], [ 73.1289682, 28.1424656, 0.0 ], [ 73.1289735, 28.1421623, 0.0 ] ], [ [ 73.129024, 28.1424748, 0.0 ], [ 73.1290472, 28.1424751, 0.0 ], [ 73.1290419, 28.1427783, 0.0 ], [ 73.1290188, 28.142778, 0.0 ], [ 73.129024, 28.1424748, 0.0 ] ], [ [ 73.1289681, 28.142474, 0.0 ], [ 73.1289912, 28.1424743, 0.0 ], [ 73.1289859, 28.1427776, 0.0 ], [ 73.1289628, 28.1427773, 0.0 ], [ 73.1289681, 28.142474, 0.0 ] ], [ [ 73.1289175, 28.1421615, 0.0 ], [ 73.1289406, 28.1421619, 0.0 ], [ 73.1289353, 28.1424651, 0.0 ], [ 73.1289122, 28.1424648, 0.0 ], [ 73.1289175, 28.1421615, 0.0 ] ], [ [ 73.1288615, 28.1421608, 0.0 ], [ 73.1288846, 28.1421611, 0.0 ], [ 73.1288794, 28.1424644, 0.0 ], [ 73.1288562, 28.142464, 0.0 ], [ 73.1288615, 28.1421608, 0.0 ] ], [ [ 73.1289121, 28.1424732, 0.0 ], [ 73.1289352, 28.1424735, 0.0 ], [ 73.1289299, 28.1427768, 0.0 ], [ 73.1289068, 28.1427765, 0.0 ], [ 73.1289121, 28.1424732, 0.0 ] ], [ [ 73.1288561, 28.1424725, 0.0 ], [ 73.1288792, 28.1424728, 0.0 ], [ 73.1288739, 28.142776, 0.0 ], [ 73.1288508, 28.1427757, 0.0 ], [ 73.1288561, 28.1424725, 0.0 ] ], [ [ 73.1288055, 28.14216, 0.0 ], [ 73.1288287, 28.1421603, 0.0 ], [ 73.1288234, 28.1424636, 0.0 ], [ 73.1288003, 28.1424633, 0.0 ], [ 73.1288055, 28.14216, 0.0 ] ], [ [ 73.1287495, 28.1421592, 0.0 ], [ 73.1287727, 28.1421596, 0.0 ], [ 73.1287674, 28.1424628, 0.0 ], [ 73.1287443, 28.1424625, 0.0 ], [ 73.1287495, 28.1421592, 0.0 ] ], [ [ 73.1288001, 28.1424717, 0.0 ], [ 73.1288232, 28.142472, 0.0 ], [ 73.128818, 28.1427753, 0.0 ], [ 73.1287948, 28.142775, 0.0 ], [ 73.1288001, 28.1424717, 0.0 ] ], [ [ 73.1287441, 28.1424709, 0.0 ], [ 73.1287673, 28.1424712, 0.0 ], [ 73.128762, 28.1427745, 0.0 ], [ 73.1287389, 28.1427742, 0.0 ], [ 73.1287441, 28.1424709, 0.0 ] ], [ [ 73.1286936, 28.1421585, 0.0 ], [ 73.1287167, 28.1421588, 0.0 ], [ 73.1287114, 28.1424621, 0.0 ], [ 73.1286883, 28.1424618, 0.0 ], [ 73.1286936, 28.1421585, 0.0 ] ], [ [ 73.1286376, 28.1421577, 0.0 ], [ 73.1286607, 28.142158, 0.0 ], [ 73.1286554, 28.1424613, 0.0 ], [ 73.1286323, 28.142461, 0.0 ], [ 73.1286376, 28.1421577, 0.0 ] ], [ [ 73.1286881, 28.1424702, 0.0 ], [ 73.1287113, 28.1424705, 0.0 ], [ 73.128706, 28.1427737, 0.0 ], [ 73.1286829, 28.1427734, 0.0 ], [ 73.1286881, 28.1424702, 0.0 ] ], [ [ 73.1286322, 28.1424694, 0.0 ], [ 73.1286553, 28.1424697, 0.0 ], [ 73.12865, 28.142773, 0.0 ], [ 73.1286269, 28.1427727, 0.0 ], [ 73.1286322, 28.1424694, 0.0 ] ], [ [ 73.1285816, 28.142157, 0.0 ], [ 73.1286047, 28.1421573, 0.0 ], [ 73.1285995, 28.1424605, 0.0 ], [ 73.1285763, 28.1424602, 0.0 ], [ 73.1285816, 28.142157, 0.0 ] ], [ [ 73.1285256, 28.1421562, 0.0 ], [ 73.1285487, 28.1421565, 0.0 ], [ 73.1285435, 28.1424598, 0.0 ], [ 73.1285203, 28.1424595, 0.0 ], [ 73.1285256, 28.1421562, 0.0 ] ], [ [ 73.1285762, 28.1424686, 0.0 ], [ 73.1285993, 28.142469, 0.0 ], [ 73.128594, 28.1427722, 0.0 ], [ 73.1285709, 28.1427719, 0.0 ], [ 73.1285762, 28.1424686, 0.0 ] ], [ [ 73.1285202, 28.1424679, 0.0 ], [ 73.1285433, 28.1424682, 0.0 ], [ 73.1285381, 28.1427715, 0.0 ], [ 73.1285149, 28.1427711, 0.0 ], [ 73.1285202, 28.1424679, 0.0 ] ], [ [ 73.1284696, 28.1421554, 0.0 ], [ 73.1284928, 28.1421557, 0.0 ], [ 73.1284875, 28.142459, 0.0 ], [ 73.1284644, 28.1424587, 0.0 ], [ 73.1284696, 28.1421554, 0.0 ] ], [ [ 73.1284137, 28.1421547, 0.0 ], [ 73.1284368, 28.142155, 0.0 ], [ 73.1284315, 28.1424582, 0.0 ], [ 73.1284084, 28.1424579, 0.0 ], [ 73.1284137, 28.1421547, 0.0 ] ], [ [ 73.1284642, 28.1424671, 0.0 ], [ 73.1284873, 28.1424674, 0.0 ], [ 73.1284821, 28.1427707, 0.0 ], [ 73.1284589, 28.1427704, 0.0 ], [ 73.1284642, 28.1424671, 0.0 ] ], [ [ 73.1284082, 28.1424663, 0.0 ], [ 73.1284314, 28.1424667, 0.0 ], [ 73.1284261, 28.1427699, 0.0 ], [ 73.128403, 28.1427696, 0.0 ], [ 73.1284082, 28.1424663, 0.0 ] ], [ [ 73.1300156, 28.1434158, 0.0 ], [ 73.1300387, 28.1434161, 0.0 ], [ 73.1300335, 28.1437193, 0.0 ], [ 73.1300103, 28.143719, 0.0 ], [ 73.1300156, 28.1434158, 0.0 ] ], [ [ 73.1299596, 28.143415, 0.0 ], [ 73.1299828, 28.1434153, 0.0 ], [ 73.1299775, 28.1437186, 0.0 ], [ 73.1299544, 28.1437183, 0.0 ], [ 73.1299596, 28.143415, 0.0 ] ], [ [ 73.1300102, 28.1437274, 0.0 ], [ 73.1300333, 28.1437278, 0.0 ], [ 73.1300281, 28.144031, 0.0 ], [ 73.1300049, 28.1440307, 0.0 ], [ 73.1300102, 28.1437274, 0.0 ] ], [ [ 73.1299542, 28.1437267, 0.0 ], [ 73.1299773, 28.143727, 0.0 ], [ 73.1299721, 28.1440303, 0.0 ], [ 73.1299489, 28.1440299, 0.0 ], [ 73.1299542, 28.1437267, 0.0 ] ], [ [ 73.1299036, 28.1434142, 0.0 ], [ 73.1299268, 28.1434145, 0.0 ], [ 73.1299215, 28.1437178, 0.0 ], [ 73.1298984, 28.1437175, 0.0 ], [ 73.1299036, 28.1434142, 0.0 ] ], [ [ 73.1298477, 28.1434135, 0.0 ], [ 73.1298708, 28.1434138, 0.0 ], [ 73.1298655, 28.143717, 0.0 ], [ 73.1298424, 28.1437167, 0.0 ], [ 73.1298477, 28.1434135, 0.0 ] ], [ [ 73.1298982, 28.1437259, 0.0 ], [ 73.1299214, 28.1437262, 0.0 ], [ 73.1299161, 28.1440295, 0.0 ], [ 73.129893, 28.1440292, 0.0 ], [ 73.1298982, 28.1437259, 0.0 ] ], [ [ 73.1298422, 28.1437251, 0.0 ], [ 73.1298654, 28.1437255, 0.0 ], [ 73.1298601, 28.1440287, 0.0 ], [ 73.129837, 28.1440284, 0.0 ], [ 73.1298422, 28.1437251, 0.0 ] ], [ [ 73.1297917, 28.1434127, 0.0 ], [ 73.1298148, 28.143413, 0.0 ], [ 73.1298095, 28.1437163, 0.0 ], [ 73.1297864, 28.143716, 0.0 ], [ 73.1297917, 28.1434127, 0.0 ] ], [ [ 73.1297357, 28.1434119, 0.0 ], [ 73.1297588, 28.1434122, 0.0 ], [ 73.1297536, 28.1437155, 0.0 ], [ 73.1297304, 28.1437152, 0.0 ], [ 73.1297357, 28.1434119, 0.0 ] ], [ [ 73.1297863, 28.1437244, 0.0 ], [ 73.1298094, 28.1437247, 0.0 ], [ 73.1298041, 28.144028, 0.0 ], [ 73.129781, 28.1440276, 0.0 ], [ 73.1297863, 28.1437244, 0.0 ] ], [ [ 73.1297303, 28.1437236, 0.0 ], [ 73.1297534, 28.1437239, 0.0 ], [ 73.1297481, 28.1440272, 0.0 ], [ 73.129725, 28.1440269, 0.0 ], [ 73.1297303, 28.1437236, 0.0 ] ], [ [ 73.1296797, 28.1434112, 0.0 ], [ 73.1297028, 28.1434115, 0.0 ], [ 73.1296976, 28.1437147, 0.0 ], [ 73.1296744, 28.1437144, 0.0 ], [ 73.1296797, 28.1434112, 0.0 ] ], [ [ 73.1296237, 28.1434104, 0.0 ], [ 73.1296469, 28.1434107, 0.0 ], [ 73.1296416, 28.143714, 0.0 ], [ 73.1296185, 28.1437137, 0.0 ], [ 73.1296237, 28.1434104, 0.0 ] ], [ [ 73.1296743, 28.1437229, 0.0 ], [ 73.1296974, 28.1437232, 0.0 ], [ 73.1296922, 28.1440264, 0.0 ], [ 73.129669, 28.1440261, 0.0 ], [ 73.1296743, 28.1437229, 0.0 ] ], [ [ 73.1296183, 28.1437221, 0.0 ], [ 73.1296414, 28.1437224, 0.0 ], [ 73.1296362, 28.1440257, 0.0 ], [ 73.129613, 28.1440254, 0.0 ], [ 73.1296183, 28.1437221, 0.0 ] ], [ [ 73.1295677, 28.1434096, 0.0 ], [ 73.1295909, 28.14341, 0.0 ], [ 73.1295856, 28.1437132, 0.0 ], [ 73.1295625, 28.1437129, 0.0 ], [ 73.1295677, 28.1434096, 0.0 ] ], [ [ 73.1295118, 28.1434089, 0.0 ], [ 73.1295349, 28.1434092, 0.0 ], [ 73.1295296, 28.1437125, 0.0 ], [ 73.1295065, 28.1437121, 0.0 ], [ 73.1295118, 28.1434089, 0.0 ] ], [ [ 73.1295623, 28.1437213, 0.0 ], [ 73.1295855, 28.1437216, 0.0 ], [ 73.1295802, 28.1440249, 0.0 ], [ 73.1295571, 28.1440246, 0.0 ], [ 73.1295623, 28.1437213, 0.0 ] ], [ [ 73.1295064, 28.1437206, 0.0 ], [ 73.1295295, 28.1437209, 0.0 ], [ 73.1295242, 28.1440241, 0.0 ], [ 73.1295011, 28.1440238, 0.0 ], [ 73.1295064, 28.1437206, 0.0 ] ], [ [ 73.1294558, 28.1434081, 0.0 ], [ 73.1294789, 28.1434084, 0.0 ], [ 73.1294736, 28.1437117, 0.0 ], [ 73.1294505, 28.1437114, 0.0 ], [ 73.1294558, 28.1434081, 0.0 ] ], [ [ 73.1293998, 28.1434073, 0.0 ], [ 73.1294229, 28.1434077, 0.0 ], [ 73.1294177, 28.1437109, 0.0 ], [ 73.1293945, 28.1437106, 0.0 ], [ 73.1293998, 28.1434073, 0.0 ] ], [ [ 73.1294504, 28.1437198, 0.0 ], [ 73.1294735, 28.1437201, 0.0 ], [ 73.1294682, 28.1440234, 0.0 ], [ 73.1294451, 28.1440231, 0.0 ], [ 73.1294504, 28.1437198, 0.0 ] ], [ [ 73.1293944, 28.143719, 0.0 ], [ 73.1294175, 28.1437193, 0.0 ], [ 73.1294122, 28.1440226, 0.0 ], [ 73.1293891, 28.1440223, 0.0 ], [ 73.1293944, 28.143719, 0.0 ] ], [ [ 73.1293438, 28.1434066, 0.0 ], [ 73.1293669, 28.1434069, 0.0 ], [ 73.1293617, 28.1437102, 0.0 ], [ 73.1293385, 28.1437098, 0.0 ], [ 73.1293438, 28.1434066, 0.0 ] ], [ [ 73.1292878, 28.1434058, 0.0 ], [ 73.129311, 28.1434061, 0.0 ], [ 73.1293057, 28.1437094, 0.0 ], [ 73.1292826, 28.1437091, 0.0 ], [ 73.1292878, 28.1434058, 0.0 ] ], [ [ 73.1293384, 28.1437183, 0.0 ], [ 73.1293615, 28.1437186, 0.0 ], [ 73.1293563, 28.1440218, 0.0 ], [ 73.1293331, 28.1440215, 0.0 ], [ 73.1293384, 28.1437183, 0.0 ] ], [ [ 73.1292824, 28.1437175, 0.0 ], [ 73.1293055, 28.1437178, 0.0 ], [ 73.1293003, 28.1440211, 0.0 ], [ 73.1292771, 28.1440208, 0.0 ], [ 73.1292824, 28.1437175, 0.0 ] ], [ [ 73.1300264, 28.1427963, 0.0 ], [ 73.1300495, 28.1427966, 0.0 ], [ 73.1300442, 28.1430999, 0.0 ], [ 73.1300211, 28.1430996, 0.0 ], [ 73.1300264, 28.1427963, 0.0 ] ], [ [ 73.1299704, 28.1427955, 0.0 ], [ 73.1299935, 28.1427958, 0.0 ], [ 73.1299882, 28.1430991, 0.0 ], [ 73.1299651, 28.1430988, 0.0 ], [ 73.1299704, 28.1427955, 0.0 ] ], [ [ 73.130021, 28.143108, 0.0 ], [ 73.1300441, 28.1431083, 0.0 ], [ 73.1300388, 28.1434116, 0.0 ], [ 73.1300157, 28.1434112, 0.0 ], [ 73.130021, 28.143108, 0.0 ] ], [ [ 73.129965, 28.1431072, 0.0 ], [ 73.1299881, 28.1431075, 0.0 ], [ 73.1299828, 28.1434108, 0.0 ], [ 73.1299597, 28.1434105, 0.0 ], [ 73.129965, 28.1431072, 0.0 ] ], [ [ 73.1299144, 28.1427948, 0.0 ], [ 73.1299375, 28.1427951, 0.0 ], [ 73.1299323, 28.1430983, 0.0 ], [ 73.1299091, 28.143098, 0.0 ], [ 73.1299144, 28.1427948, 0.0 ] ], [ [ 73.1298584, 28.142794, 0.0 ], [ 73.1298816, 28.1427943, 0.0 ], [ 73.1298763, 28.1430976, 0.0 ], [ 73.1298532, 28.1430973, 0.0 ], [ 73.1298584, 28.142794, 0.0 ] ], [ [ 73.129909, 28.1431064, 0.0 ], [ 73.1299321, 28.1431068, 0.0 ], [ 73.1299269, 28.14341, 0.0 ], [ 73.1299037, 28.1434097, 0.0 ], [ 73.129909, 28.1431064, 0.0 ] ], [ [ 73.129853, 28.1431057, 0.0 ], [ 73.1298761, 28.143106, 0.0 ], [ 73.1298709, 28.1434093, 0.0 ], [ 73.1298477, 28.1434089, 0.0 ], [ 73.129853, 28.1431057, 0.0 ] ], [ [ 73.1298024, 28.1427932, 0.0 ], [ 73.1298256, 28.1427936, 0.0 ], [ 73.1298203, 28.1430968, 0.0 ], [ 73.1297972, 28.1430965, 0.0 ], [ 73.1298024, 28.1427932, 0.0 ] ], [ [ 73.1297465, 28.1427925, 0.0 ], [ 73.1297696, 28.1427928, 0.0 ], [ 73.1297643, 28.1430961, 0.0 ], [ 73.1297412, 28.1430957, 0.0 ], [ 73.1297465, 28.1427925, 0.0 ] ], [ [ 73.129797, 28.1431049, 0.0 ], [ 73.1298202, 28.1431052, 0.0 ], [ 73.1298149, 28.1434085, 0.0 ], [ 73.1297918, 28.1434082, 0.0 ], [ 73.129797, 28.1431049, 0.0 ] ], [ [ 73.129741, 28.1431042, 0.0 ], [ 73.1297642, 28.1431045, 0.0 ], [ 73.1297589, 28.1434077, 0.0 ], [ 73.1297358, 28.1434074, 0.0 ], [ 73.129741, 28.1431042, 0.0 ] ], [ [ 73.1296905, 28.1427917, 0.0 ], [ 73.1297136, 28.142792, 0.0 ], [ 73.1297083, 28.1430953, 0.0 ], [ 73.1296852, 28.143095, 0.0 ], [ 73.1296905, 28.1427917, 0.0 ] ], [ [ 73.1296345, 28.1427909, 0.0 ], [ 73.1296576, 28.1427913, 0.0 ], [ 73.1296524, 28.1430945, 0.0 ], [ 73.1296292, 28.1430942, 0.0 ], [ 73.1296345, 28.1427909, 0.0 ] ], [ [ 73.1296851, 28.1431034, 0.0 ], [ 73.1297082, 28.1431037, 0.0 ], [ 73.1297029, 28.143407, 0.0 ], [ 73.1296798, 28.1434067, 0.0 ], [ 73.1296851, 28.1431034, 0.0 ] ], [ [ 73.1296291, 28.1431026, 0.0 ], [ 73.1296522, 28.1431029, 0.0 ], [ 73.1296469, 28.1434062, 0.0 ], [ 73.1296238, 28.1434059, 0.0 ], [ 73.1296291, 28.1431026, 0.0 ] ], [ [ 73.1295785, 28.1427902, 0.0 ], [ 73.1296016, 28.1427905, 0.0 ], [ 73.1295964, 28.1430938, 0.0 ], [ 73.1295732, 28.1430934, 0.0 ], [ 73.1295785, 28.1427902, 0.0 ] ], [ [ 73.1295225, 28.1427894, 0.0 ], [ 73.1295457, 28.1427897, 0.0 ], [ 73.1295404, 28.143093, 0.0 ], [ 73.1295173, 28.1430927, 0.0 ], [ 73.1295225, 28.1427894, 0.0 ] ], [ [ 73.1295731, 28.1431019, 0.0 ], [ 73.1295962, 28.1431022, 0.0 ], [ 73.129591, 28.1434054, 0.0 ], [ 73.1295678, 28.1434051, 0.0 ], [ 73.1295731, 28.1431019, 0.0 ] ], [ [ 73.1295171, 28.1431011, 0.0 ], [ 73.1295402, 28.1431014, 0.0 ], [ 73.129535, 28.1434047, 0.0 ], [ 73.1295118, 28.1434044, 0.0 ], [ 73.1295171, 28.1431011, 0.0 ] ], [ [ 73.1294665, 28.1427886, 0.0 ], [ 73.1294897, 28.142789, 0.0 ], [ 73.1294844, 28.1430922, 0.0 ], [ 73.1294613, 28.1430919, 0.0 ], [ 73.1294665, 28.1427886, 0.0 ] ], [ [ 73.1294106, 28.1427879, 0.0 ], [ 73.1294337, 28.1427882, 0.0 ], [ 73.1294284, 28.1430915, 0.0 ], [ 73.1294053, 28.1430912, 0.0 ], [ 73.1294106, 28.1427879, 0.0 ] ], [ [ 73.1294611, 28.1431003, 0.0 ], [ 73.1294843, 28.1431006, 0.0 ], [ 73.129479, 28.1434039, 0.0 ], [ 73.1294559, 28.1434036, 0.0 ], [ 73.1294611, 28.1431003, 0.0 ] ], [ [ 73.1294052, 28.1430996, 0.0 ], [ 73.1294283, 28.1430999, 0.0 ], [ 73.129423, 28.1434031, 0.0 ], [ 73.1293999, 28.1434028, 0.0 ], [ 73.1294052, 28.1430996, 0.0 ] ], [ [ 73.1293546, 28.1427871, 0.0 ], [ 73.1293777, 28.1427874, 0.0 ], [ 73.1293724, 28.1430907, 0.0 ], [ 73.1293493, 28.1430904, 0.0 ], [ 73.1293546, 28.1427871, 0.0 ] ], [ [ 73.1292986, 28.1427864, 0.0 ], [ 73.1293217, 28.1427867, 0.0 ], [ 73.1293165, 28.1430899, 0.0 ], [ 73.1292933, 28.1430896, 0.0 ], [ 73.1292986, 28.1427864, 0.0 ] ], [ [ 73.1293492, 28.1430988, 0.0 ], [ 73.1293723, 28.1430991, 0.0 ], [ 73.129367, 28.1434024, 0.0 ], [ 73.1293439, 28.1434021, 0.0 ], [ 73.1293492, 28.1430988, 0.0 ] ], [ [ 73.1292932, 28.143098, 0.0 ], [ 73.1293163, 28.1430984, 0.0 ], [ 73.129311, 28.1434016, 0.0 ], [ 73.1292879, 28.1434013, 0.0 ], [ 73.1292932, 28.143098, 0.0 ] ], [ [ 73.1293976, 28.1403093, 0.0 ], [ 73.1294208, 28.1403096, 0.0 ], [ 73.1294155, 28.1406129, 0.0 ], [ 73.1293924, 28.1406125, 0.0 ], [ 73.1293976, 28.1403093, 0.0 ] ], [ [ 73.1293417, 28.1403085, 0.0 ], [ 73.1293648, 28.1403088, 0.0 ], [ 73.1293595, 28.1406121, 0.0 ], [ 73.1293364, 28.1406118, 0.0 ], [ 73.1293417, 28.1403085, 0.0 ] ], [ [ 73.1293922, 28.140621, 0.0 ], [ 73.1294154, 28.1406213, 0.0 ], [ 73.1294101, 28.1409245, 0.0 ], [ 73.129387, 28.1409242, 0.0 ], [ 73.1293922, 28.140621, 0.0 ] ], [ [ 73.1293362, 28.1406202, 0.0 ], [ 73.1293594, 28.1406205, 0.0 ], [ 73.1293541, 28.1409238, 0.0 ], [ 73.129331, 28.1409235, 0.0 ], [ 73.1293362, 28.1406202, 0.0 ] ], [ [ 73.1296108, 28.1409318, 0.0 ], [ 73.1296339, 28.1409321, 0.0 ], [ 73.1296287, 28.1412354, 0.0 ], [ 73.1296055, 28.1412351, 0.0 ], [ 73.1296108, 28.1409318, 0.0 ] ], [ [ 73.1295548, 28.140931, 0.0 ], [ 73.129578, 28.1409313, 0.0 ], [ 73.1295727, 28.1412346, 0.0 ], [ 73.1295496, 28.1412343, 0.0 ], [ 73.1295548, 28.140931, 0.0 ] ], [ [ 73.1296054, 28.1412435, 0.0 ], [ 73.1296285, 28.1412438, 0.0 ], [ 73.1296232, 28.1415471, 0.0 ], [ 73.1296001, 28.1415467, 0.0 ], [ 73.1296054, 28.1412435, 0.0 ] ], [ [ 73.1295494, 28.1412427, 0.0 ], [ 73.1295725, 28.141243, 0.0 ], [ 73.1295673, 28.1415463, 0.0 ], [ 73.1295441, 28.141546, 0.0 ], [ 73.1295494, 28.1412427, 0.0 ] ], [ [ 73.1294988, 28.1409303, 0.0 ], [ 73.129522, 28.1409306, 0.0 ], [ 73.1295167, 28.1412338, 0.0 ], [ 73.1294936, 28.1412335, 0.0 ], [ 73.1294988, 28.1409303, 0.0 ] ], [ [ 73.1294429, 28.1409295, 0.0 ], [ 73.129466, 28.1409298, 0.0 ], [ 73.1294607, 28.1412331, 0.0 ], [ 73.1294376, 28.1412328, 0.0 ], [ 73.1294429, 28.1409295, 0.0 ] ], [ [ 73.1294934, 28.141242, 0.0 ], [ 73.1295166, 28.1412423, 0.0 ], [ 73.1295113, 28.1415455, 0.0 ], [ 73.1294882, 28.1415452, 0.0 ], [ 73.1294934, 28.141242, 0.0 ] ], [ [ 73.1294374, 28.1412412, 0.0 ], [ 73.1294606, 28.1412415, 0.0 ], [ 73.1294553, 28.1415448, 0.0 ], [ 73.1294322, 28.1415445, 0.0 ], [ 73.1294374, 28.1412412, 0.0 ] ], [ [ 73.1293869, 28.1409287, 0.0 ], [ 73.12941, 28.1409291, 0.0 ], [ 73.1294047, 28.1412323, 0.0 ], [ 73.1293816, 28.141232, 0.0 ], [ 73.1293869, 28.1409287, 0.0 ] ], [ [ 73.1293309, 28.140928, 0.0 ], [ 73.129354, 28.1409283, 0.0 ], [ 73.1293488, 28.1412316, 0.0 ], [ 73.1293256, 28.1412312, 0.0 ], [ 73.1293309, 28.140928, 0.0 ] ], [ [ 73.1293815, 28.1412404, 0.0 ], [ 73.1294046, 28.1412407, 0.0 ], [ 73.1293993, 28.141544, 0.0 ], [ 73.1293762, 28.1415437, 0.0 ], [ 73.1293815, 28.1412404, 0.0 ] ], [ [ 73.1293255, 28.1412397, 0.0 ], [ 73.1293486, 28.14124, 0.0 ], [ 73.1293433, 28.1415432, 0.0 ], [ 73.1293202, 28.1415429, 0.0 ], [ 73.1293255, 28.1412397, 0.0 ] ], [ [ 73.1296, 28.1415513, 0.0 ], [ 73.1296232, 28.1415516, 0.0 ], [ 73.1296179, 28.1418548, 0.0 ], [ 73.1295948, 28.1418545, 0.0 ], [ 73.1296, 28.1415513, 0.0 ] ], [ [ 73.1295441, 28.1415505, 0.0 ], [ 73.1295672, 28.1415508, 0.0 ], [ 73.1295619, 28.1418541, 0.0 ], [ 73.1295388, 28.1418538, 0.0 ], [ 73.1295441, 28.1415505, 0.0 ] ], [ [ 73.1295946, 28.1418629, 0.0 ], [ 73.1296178, 28.1418633, 0.0 ], [ 73.1296125, 28.1421665, 0.0 ], [ 73.1295894, 28.1421662, 0.0 ], [ 73.1295946, 28.1418629, 0.0 ] ], [ [ 73.1295386, 28.1418622, 0.0 ], [ 73.1295618, 28.1418625, 0.0 ], [ 73.1295565, 28.1421658, 0.0 ], [ 73.1295334, 28.1421654, 0.0 ], [ 73.1295386, 28.1418622, 0.0 ] ], [ [ 73.1294881, 28.1415497, 0.0 ], [ 73.1295112, 28.14155, 0.0 ], [ 73.1295059, 28.1418533, 0.0 ], [ 73.1294828, 28.141853, 0.0 ], [ 73.1294881, 28.1415497, 0.0 ] ], [ [ 73.1294321, 28.141549, 0.0 ], [ 73.1294552, 28.1415493, 0.0 ], [ 73.12945, 28.1418525, 0.0 ], [ 73.1294268, 28.1418522, 0.0 ], [ 73.1294321, 28.141549, 0.0 ] ], [ [ 73.1294827, 28.1418614, 0.0 ], [ 73.1295058, 28.1418617, 0.0 ], [ 73.1295005, 28.142165, 0.0 ], [ 73.1294774, 28.1421647, 0.0 ], [ 73.1294827, 28.1418614, 0.0 ] ], [ [ 73.1294267, 28.1418606, 0.0 ], [ 73.1294498, 28.141861, 0.0 ], [ 73.1294445, 28.1421642, 0.0 ], [ 73.1294214, 28.1421639, 0.0 ], [ 73.1294267, 28.1418606, 0.0 ] ], [ [ 73.1293761, 28.1415482, 0.0 ], [ 73.1293992, 28.1415485, 0.0 ], [ 73.129394, 28.1418518, 0.0 ], [ 73.1293708, 28.1418515, 0.0 ], [ 73.1293761, 28.1415482, 0.0 ] ], [ [ 73.1293201, 28.1415474, 0.0 ], [ 73.1293433, 28.1415477, 0.0 ], [ 73.129338, 28.141851, 0.0 ], [ 73.1293149, 28.1418507, 0.0 ], [ 73.1293201, 28.1415474, 0.0 ] ], [ [ 73.1293707, 28.1418599, 0.0 ], [ 73.1293938, 28.1418602, 0.0 ], [ 73.1293886, 28.1421635, 0.0 ], [ 73.1293654, 28.1421631, 0.0 ], [ 73.1293707, 28.1418599, 0.0 ] ], [ [ 73.1293147, 28.1418591, 0.0 ], [ 73.1293378, 28.1418594, 0.0 ], [ 73.1293326, 28.1421627, 0.0 ], [ 73.1293094, 28.1421624, 0.0 ], [ 73.1293147, 28.1418591, 0.0 ] ], [ [ 73.1294773, 28.1421692, 0.0 ], [ 73.1295004, 28.1421695, 0.0 ], [ 73.1294952, 28.1424728, 0.0 ], [ 73.129472, 28.1424725, 0.0 ], [ 73.1294773, 28.1421692, 0.0 ] ], [ [ 73.1294213, 28.1421684, 0.0 ], [ 73.1294445, 28.1421687, 0.0 ], [ 73.1294392, 28.142472, 0.0 ], [ 73.1294161, 28.1424717, 0.0 ], [ 73.1294213, 28.1421684, 0.0 ] ], [ [ 73.1294719, 28.1424809, 0.0 ], [ 73.129495, 28.1424812, 0.0 ], [ 73.1294898, 28.1427845, 0.0 ], [ 73.1294666, 28.1427841, 0.0 ], [ 73.1294719, 28.1424809, 0.0 ] ], [ [ 73.1294159, 28.1424801, 0.0 ], [ 73.129439, 28.1424804, 0.0 ], [ 73.1294338, 28.1427837, 0.0 ], [ 73.1294106, 28.1427834, 0.0 ], [ 73.1294159, 28.1424801, 0.0 ] ], [ [ 73.1293654, 28.1421677, 0.0 ], [ 73.1293885, 28.142168, 0.0 ], [ 73.1293832, 28.1424712, 0.0 ], [ 73.1293601, 28.1424709, 0.0 ], [ 73.1293654, 28.1421677, 0.0 ] ], [ [ 73.1293094, 28.1421669, 0.0 ], [ 73.1293325, 28.1421672, 0.0 ], [ 73.1293272, 28.1424705, 0.0 ], [ 73.1293041, 28.1424702, 0.0 ], [ 73.1293094, 28.1421669, 0.0 ] ], [ [ 73.1293599, 28.1424793, 0.0 ], [ 73.1293831, 28.1424797, 0.0 ], [ 73.1293778, 28.1427829, 0.0 ], [ 73.1293547, 28.1427826, 0.0 ], [ 73.1293599, 28.1424793, 0.0 ] ], [ [ 73.129304, 28.1424786, 0.0 ], [ 73.1293271, 28.1424789, 0.0 ], [ 73.1293218, 28.1427822, 0.0 ], [ 73.1292987, 28.1427818, 0.0 ], [ 73.129304, 28.1424786, 0.0 ] ] ] } }
]
}
