{
"type": "FeatureCollection",
"name": "ITC-13 strings",
"bbox": [ 73.1382186, 28.1567869, 0.0000000, 73.1474908, 28.1612199, 0.0000000 ],                                                  
"features": [
{ "type": "Feature", "properties": { "id": "kml_1", "Name": "EDGE TRACKERS", "description": null, "timestamp": null, "begin": null, "end": null, "altitudeMode": null, "tessellate": -1, "extrude": 0, "visibility": -1, "drawOrder": null, "icon": null }, "bbox": [ 73.1382186, 28.1573881, 0.0, 73.1474802, 28.1612199, 0.0 ], "geometry": { "type": "MultiLineString", "coordinates": [ [ [ 73.1464278, 28.1593581, 0.0 ], [ 73.146451, 28.1593585, 0.0 ], [ 73.1464458, 28.1596617, 0.0 ], [ 73.1464226, 28.1596614, 0.0 ], [ 73.1464278, 28.1593581, 0.0 ] ], [ [ 73.1463719, 28.1593574, 0.0 ], [ 73.146395, 28.1593577, 0.0 ], [ 73.1463898, 28.159661, 0.0 ], [ 73.1463666, 28.1596607, 0.0 ], [ 73.1463719, 28.1593574, 0.0 ] ], [ [ 73.1464225, 28.1596698, 0.0 ], [ 73.1464456, 28.1596701, 0.0 ], [ 73.1464404, 28.1599734, 0.0 ], [ 73.1464173, 28.1599731, 0.0 ], [ 73.1464225, 28.1596698, 0.0 ] ], [ [ 73.1463665, 28.1596691, 0.0 ], [ 73.1463896, 28.1596694, 0.0 ], [ 73.1463844, 28.1599727, 0.0 ], [ 73.1463613, 28.1599723, 0.0 ], [ 73.1463665, 28.1596691, 0.0 ] ], [ [ 73.1469664, 28.1606047, 0.0 ], [ 73.1469896, 28.160605, 0.0 ], [ 73.1469843, 28.1609082, 0.0 ], [ 73.1469612, 28.1609079, 0.0 ], [ 73.1469664, 28.1606047, 0.0 ] ], [ [ 73.1469104, 28.1606039, 0.0 ], [ 73.1469336, 28.1606042, 0.0 ], [ 73.1469283, 28.1609075, 0.0 ], [ 73.1469052, 28.1609072, 0.0 ], [ 73.1469104, 28.1606039, 0.0 ] ], [ [ 73.1469611, 28.1609163, 0.0 ], [ 73.1469842, 28.1609167, 0.0 ], [ 73.146979, 28.1612199, 0.0 ], [ 73.1469558, 28.1612196, 0.0 ], [ 73.1469611, 28.1609163, 0.0 ] ], [ [ 73.1469051, 28.1609156, 0.0 ], [ 73.1469282, 28.1609159, 0.0 ], [ 73.146923, 28.1612192, 0.0 ], [ 73.1468998, 28.1612188, 0.0 ], [ 73.1469051, 28.1609156, 0.0 ] ], [ [ 73.1413779, 28.1599093, 0.0 ], [ 73.141401, 28.1599096, 0.0 ], [ 73.1413958, 28.1602129, 0.0 ], [ 73.1413727, 28.1602126, 0.0 ], [ 73.1413779, 28.1599093, 0.0 ] ], [ [ 73.1413219, 28.1599085, 0.0 ], [ 73.1413451, 28.1599089, 0.0 ], [ 73.1413398, 28.1602121, 0.0 ], [ 73.1413167, 28.1602118, 0.0 ], [ 73.1413219, 28.1599085, 0.0 ] ], [ [ 73.1413725, 28.160221, 0.0 ], [ 73.1413957, 28.1602213, 0.0 ], [ 73.1413904, 28.1605246, 0.0 ], [ 73.1413673, 28.1605243, 0.0 ], [ 73.1413725, 28.160221, 0.0 ] ], [ [ 73.1413165, 28.1602202, 0.0 ], [ 73.1413397, 28.1602205, 0.0 ], [ 73.1413344, 28.1605238, 0.0 ], [ 73.1413113, 28.1605235, 0.0 ], [ 73.1413165, 28.1602202, 0.0 ] ], [ [ 73.1393944, 28.1580235, 0.0 ], [ 73.1394175, 28.1580239, 0.0 ], [ 73.1394122, 28.1583271, 0.0 ], [ 73.1393891, 28.1583268, 0.0 ], [ 73.1393944, 28.1580235, 0.0 ] ], [ [ 73.1393384, 28.1580228, 0.0 ], [ 73.1393615, 28.1580231, 0.0 ], [ 73.1393563, 28.1583264, 0.0 ], [ 73.1393331, 28.1583261, 0.0 ], [ 73.1393384, 28.1580228, 0.0 ] ], [ [ 73.139389, 28.1583352, 0.0 ], [ 73.1394121, 28.1583355, 0.0 ], [ 73.1394069, 28.1586388, 0.0 ], [ 73.1393837, 28.1586385, 0.0 ], [ 73.139389, 28.1583352, 0.0 ] ], [ [ 73.139333, 28.1583345, 0.0 ], [ 73.1393561, 28.1583348, 0.0 ], [ 73.1393509, 28.1586381, 0.0 ], [ 73.1393277, 28.1586377, 0.0 ], [ 73.139333, 28.1583345, 0.0 ] ], [ [ 73.147457, 28.1581329, 0.0 ], [ 73.1474802, 28.1581332, 0.0 ], [ 73.1474749, 28.1584364, 0.0 ], [ 73.1474518, 28.1584361, 0.0 ], [ 73.147457, 28.1581329, 0.0 ] ], [ [ 73.147401, 28.1581321, 0.0 ], [ 73.1474242, 28.1581324, 0.0 ], [ 73.147419, 28.1584357, 0.0 ], [ 73.1473958, 28.1584354, 0.0 ], [ 73.147401, 28.1581321, 0.0 ] ], [ [ 73.1474517, 28.1584445, 0.0 ], [ 73.1474748, 28.1584449, 0.0 ], [ 73.1474696, 28.1587481, 0.0 ], [ 73.1474464, 28.1587478, 0.0 ], [ 73.1474517, 28.1584445, 0.0 ] ], [ [ 73.1473957, 28.1584438, 0.0 ], [ 73.1474188, 28.1584441, 0.0 ], [ 73.1474136, 28.1587474, 0.0 ], [ 73.1473905, 28.158747, 0.0 ], [ 73.1473957, 28.1584438, 0.0 ] ], [ [ 73.1468865, 28.1587447, 0.0 ], [ 73.1469096, 28.1587451, 0.0 ], [ 73.1469044, 28.1590483, 0.0 ], [ 73.1468812, 28.159048, 0.0 ], [ 73.1468865, 28.1587447, 0.0 ] ], [ [ 73.1468305, 28.158744, 0.0 ], [ 73.1468536, 28.1587443, 0.0 ], [ 73.1468484, 28.1590476, 0.0 ], [ 73.1468252, 28.1590473, 0.0 ], [ 73.1468305, 28.158744, 0.0 ] ], [ [ 73.1468811, 28.1590564, 0.0 ], [ 73.1469042, 28.1590567, 0.0 ], [ 73.146899, 28.15936, 0.0 ], [ 73.1468759, 28.1593597, 0.0 ], [ 73.1468811, 28.1590564, 0.0 ] ], [ [ 73.1468251, 28.1590557, 0.0 ], [ 73.1468482, 28.159056, 0.0 ], [ 73.146843, 28.1593593, 0.0 ], [ 73.1468199, 28.1593589, 0.0 ], [ 73.1468251, 28.1590557, 0.0 ] ], [ [ 73.1463052, 28.1599761, 0.0 ], [ 73.1463283, 28.1599764, 0.0 ], [ 73.1463231, 28.1602797, 0.0 ], [ 73.1463, 28.1602794, 0.0 ], [ 73.1463052, 28.1599761, 0.0 ] ], [ [ 73.1462492, 28.1599753, 0.0 ], [ 73.1462723, 28.1599756, 0.0 ], [ 73.1462671, 28.1602789, 0.0 ], [ 73.146244, 28.1602786, 0.0 ], [ 73.1462492, 28.1599753, 0.0 ] ], [ [ 73.1462998, 28.1602878, 0.0 ], [ 73.1463229, 28.1602881, 0.0 ], [ 73.1463177, 28.1605914, 0.0 ], [ 73.1462946, 28.160591, 0.0 ], [ 73.1462998, 28.1602878, 0.0 ] ], [ [ 73.1462438, 28.160287, 0.0 ], [ 73.146267, 28.1602873, 0.0 ], [ 73.1462617, 28.1605906, 0.0 ], [ 73.1462386, 28.1605903, 0.0 ], [ 73.1462438, 28.160287, 0.0 ] ], [ [ 73.1413886, 28.1592898, 0.0 ], [ 73.1414117, 28.1592902, 0.0 ], [ 73.1414065, 28.1595934, 0.0 ], [ 73.1413834, 28.1595931, 0.0 ], [ 73.1413886, 28.1592898, 0.0 ] ], [ [ 73.1413326, 28.1592891, 0.0 ], [ 73.1413558, 28.1592894, 0.0 ], [ 73.1413505, 28.1595927, 0.0 ], [ 73.1413274, 28.1595924, 0.0 ], [ 73.1413326, 28.1592891, 0.0 ] ], [ [ 73.1413832, 28.1596015, 0.0 ], [ 73.1414064, 28.1596018, 0.0 ], [ 73.1414011, 28.1599051, 0.0 ], [ 73.141378, 28.1599048, 0.0 ], [ 73.1413832, 28.1596015, 0.0 ] ], [ [ 73.1413272, 28.1596008, 0.0 ], [ 73.1413504, 28.1596011, 0.0 ], [ 73.1413451, 28.1599043, 0.0 ], [ 73.141322, 28.159904, 0.0 ], [ 73.1413272, 28.1596008, 0.0 ] ], [ [ 73.1438629, 28.1587038, 0.0 ], [ 73.1438861, 28.1587041, 0.0 ], [ 73.1438808, 28.1590074, 0.0 ], [ 73.1438577, 28.1590071, 0.0 ], [ 73.1438629, 28.1587038, 0.0 ] ], [ [ 73.1438069, 28.158703, 0.0 ], [ 73.1438301, 28.1587033, 0.0 ], [ 73.1438248, 28.1590066, 0.0 ], [ 73.1438017, 28.1590063, 0.0 ], [ 73.1438069, 28.158703, 0.0 ] ], [ [ 73.1438576, 28.1590155, 0.0 ], [ 73.1438807, 28.1590158, 0.0 ], [ 73.1438754, 28.1593191, 0.0 ], [ 73.1438523, 28.1593187, 0.0 ], [ 73.1438576, 28.1590155, 0.0 ] ], [ [ 73.1438016, 28.1590147, 0.0 ], [ 73.1438247, 28.159015, 0.0 ], [ 73.1438195, 28.1593183, 0.0 ], [ 73.1437963, 28.159318, 0.0 ], [ 73.1438016, 28.1590147, 0.0 ] ], [ [ 73.143303, 28.1586962, 0.0 ], [ 73.1433261, 28.1586965, 0.0 ], [ 73.1433209, 28.1589998, 0.0 ], [ 73.1432978, 28.1589995, 0.0 ], [ 73.143303, 28.1586962, 0.0 ] ], [ [ 73.143247, 28.1586954, 0.0 ], [ 73.1432702, 28.1586958, 0.0 ], [ 73.1432649, 28.158999, 0.0 ], [ 73.1432418, 28.1589987, 0.0 ], [ 73.143247, 28.1586954, 0.0 ] ], [ [ 73.1432976, 28.1590079, 0.0 ], [ 73.1433208, 28.1590082, 0.0 ], [ 73.1433155, 28.1593115, 0.0 ], [ 73.1432924, 28.1593112, 0.0 ], [ 73.1432976, 28.1590079, 0.0 ] ], [ [ 73.1432416, 28.1590071, 0.0 ], [ 73.1432648, 28.1590074, 0.0 ], [ 73.1432595, 28.1593107, 0.0 ], [ 73.1432364, 28.1593104, 0.0 ], [ 73.1432416, 28.1590071, 0.0 ] ], [ [ 73.1403915, 28.1586567, 0.0 ], [ 73.1404146, 28.158657, 0.0 ], [ 73.1404094, 28.1589603, 0.0 ], [ 73.1403862, 28.15896, 0.0 ], [ 73.1403915, 28.1586567, 0.0 ] ], [ [ 73.1403355, 28.1586559, 0.0 ], [ 73.1403586, 28.1586563, 0.0 ], [ 73.1403534, 28.1589595, 0.0 ], [ 73.1403302, 28.1589592, 0.0 ], [ 73.1403355, 28.1586559, 0.0 ] ], [ [ 73.1403861, 28.1589684, 0.0 ], [ 73.1404092, 28.1589687, 0.0 ], [ 73.140404, 28.159272, 0.0 ], [ 73.1403809, 28.1592716, 0.0 ], [ 73.1403861, 28.1589684, 0.0 ] ], [ [ 73.1403301, 28.1589676, 0.0 ], [ 73.1403532, 28.1589679, 0.0 ], [ 73.140348, 28.1592712, 0.0 ], [ 73.1403249, 28.1592709, 0.0 ], [ 73.1403301, 28.1589676, 0.0 ] ], [ [ 73.1382853, 28.1573889, 0.0 ], [ 73.1383084, 28.1573892, 0.0 ], [ 73.1383032, 28.1576924, 0.0 ], [ 73.13828, 28.1576921, 0.0 ], [ 73.1382853, 28.1573889, 0.0 ] ], [ [ 73.1382293, 28.1573881, 0.0 ], [ 73.1382524, 28.1573884, 0.0 ], [ 73.1382472, 28.1576917, 0.0 ], [ 73.138224, 28.1576914, 0.0 ], [ 73.1382293, 28.1573881, 0.0 ] ], [ [ 73.1382799, 28.1577005, 0.0 ], [ 73.138303, 28.1577009, 0.0 ], [ 73.1382978, 28.1580041, 0.0 ], [ 73.1382746, 28.1580038, 0.0 ], [ 73.1382799, 28.1577005, 0.0 ] ], [ [ 73.1382239, 28.1576998, 0.0 ], [ 73.138247, 28.1577001, 0.0 ], [ 73.1382418, 28.1580034, 0.0 ], [ 73.1382186, 28.1580031, 0.0 ], [ 73.1382239, 28.1576998, 0.0 ] ] ] } },
{ "type": "Feature", "properties": { "id": "kml_49", "Name": "TRACKERS", "description": null, "timestamp": null, "begin": null, "end": null, "altitudeMode": null, "tessellate": -1, "extrude": 0, "visibility": -1, "drawOrder": null, "icon": null }, "bbox": [ 73.1383306, 28.1567869, 0.0, 73.1474908, 28.1612184, 0.0 ], "geometry": { "type": "MultiLineString", "coordinates": [ [ [ 73.1473451, 28.1581313, 0.0 ], [ 73.1473682, 28.1581316, 0.0 ], [ 73.147363, 28.1584349, 0.0 ], [ 73.1473398, 28.1584346, 0.0 ], [ 73.1473451, 28.1581313, 0.0 ] ], [ [ 73.1472891, 28.1581306, 0.0 ], [ 73.1473122, 28.1581309, 0.0 ], [ 73.147307, 28.1584342, 0.0 ], [ 73.1472838, 28.1584338, 0.0 ], [ 73.1472891, 28.1581306, 0.0 ] ], [ [ 73.1473397, 28.158443, 0.0 ], [ 73.1473628, 28.1584433, 0.0 ], [ 73.1473576, 28.1587466, 0.0 ], [ 73.1473345, 28.1587463, 0.0 ], [ 73.1473397, 28.158443, 0.0 ] ], [ [ 73.1472837, 28.1584423, 0.0 ], [ 73.1473068, 28.1584426, 0.0 ], [ 73.1473016, 28.1587458, 0.0 ], [ 73.1472785, 28.1587455, 0.0 ], [ 73.1472837, 28.1584423, 0.0 ] ], [ [ 73.1463159, 28.1593566, 0.0 ], [ 73.146339, 28.1593569, 0.0 ], [ 73.1463338, 28.1596602, 0.0 ], [ 73.1463106, 28.1596599, 0.0 ], [ 73.1463159, 28.1593566, 0.0 ] ], [ [ 73.1462599, 28.1593559, 0.0 ], [ 73.146283, 28.1593562, 0.0 ], [ 73.1462778, 28.1596595, 0.0 ], [ 73.1462546, 28.1596591, 0.0 ], [ 73.1462599, 28.1593559, 0.0 ] ], [ [ 73.1463105, 28.1596683, 0.0 ], [ 73.1463336, 28.1596686, 0.0 ], [ 73.1463284, 28.1599719, 0.0 ], [ 73.1463053, 28.1599716, 0.0 ], [ 73.1463105, 28.1596683, 0.0 ] ], [ [ 73.1462545, 28.1596676, 0.0 ], [ 73.1462776, 28.1596679, 0.0 ], [ 73.1462724, 28.1599711, 0.0 ], [ 73.1462493, 28.1599708, 0.0 ], [ 73.1462545, 28.1596676, 0.0 ] ], [ [ 73.1474677, 28.1575134, 0.0 ], [ 73.1474908, 28.1575137, 0.0 ], [ 73.1474856, 28.157817, 0.0 ], [ 73.1474625, 28.1578167, 0.0 ], [ 73.1474677, 28.1575134, 0.0 ] ], [ [ 73.1474117, 28.1575126, 0.0 ], [ 73.1474348, 28.1575129, 0.0 ], [ 73.1474296, 28.1578162, 0.0 ], [ 73.1474065, 28.1578159, 0.0 ], [ 73.1474117, 28.1575126, 0.0 ] ], [ [ 73.1474623, 28.1578251, 0.0 ], [ 73.1474855, 28.1578254, 0.0 ], [ 73.1474802, 28.1581287, 0.0 ], [ 73.1474571, 28.1581283, 0.0 ], [ 73.1474623, 28.1578251, 0.0 ] ], [ [ 73.1474063, 28.1578243, 0.0 ], [ 73.1474295, 28.1578246, 0.0 ], [ 73.1474243, 28.1581279, 0.0 ], [ 73.1474011, 28.1581276, 0.0 ], [ 73.1474063, 28.1578243, 0.0 ] ], [ [ 73.1473557, 28.1575119, 0.0 ], [ 73.1473789, 28.1575122, 0.0 ], [ 73.1473736, 28.1578155, 0.0 ], [ 73.1473505, 28.1578151, 0.0 ], [ 73.1473557, 28.1575119, 0.0 ] ], [ [ 73.1472997, 28.1575111, 0.0 ], [ 73.1473229, 28.1575114, 0.0 ], [ 73.1473176, 28.1578147, 0.0 ], [ 73.1472945, 28.1578144, 0.0 ], [ 73.1472997, 28.1575111, 0.0 ] ], [ [ 73.1473504, 28.1578236, 0.0 ], [ 73.1473735, 28.1578239, 0.0 ], [ 73.1473683, 28.1581271, 0.0 ], [ 73.1473451, 28.1581268, 0.0 ], [ 73.1473504, 28.1578236, 0.0 ] ], [ [ 73.1472944, 28.1578228, 0.0 ], [ 73.1473175, 28.1578231, 0.0 ], [ 73.1473123, 28.1581264, 0.0 ], [ 73.1472891, 28.1581261, 0.0 ], [ 73.1472944, 28.1578228, 0.0 ] ], [ [ 73.1472331, 28.1581298, 0.0 ], [ 73.1472562, 28.1581301, 0.0 ], [ 73.147251, 28.1584334, 0.0 ], [ 73.1472278, 28.1584331, 0.0 ], [ 73.1472331, 28.1581298, 0.0 ] ], [ [ 73.1471771, 28.1581291, 0.0 ], [ 73.1472002, 28.1581294, 0.0 ], [ 73.147195, 28.1584326, 0.0 ], [ 73.1471719, 28.1584323, 0.0 ], [ 73.1471771, 28.1581291, 0.0 ] ], [ [ 73.1472277, 28.1584415, 0.0 ], [ 73.1472508, 28.1584418, 0.0 ], [ 73.1472456, 28.1587451, 0.0 ], [ 73.1472225, 28.1587448, 0.0 ], [ 73.1472277, 28.1584415, 0.0 ] ], [ [ 73.1471717, 28.1584407, 0.0 ], [ 73.1471948, 28.1584411, 0.0 ], [ 73.1471896, 28.1587443, 0.0 ], [ 73.1471665, 28.158744, 0.0 ], [ 73.1471717, 28.1584407, 0.0 ] ], [ [ 73.1472437, 28.1575104, 0.0 ], [ 73.1472669, 28.1575107, 0.0 ], [ 73.1472616, 28.1578139, 0.0 ], [ 73.1472385, 28.1578136, 0.0 ], [ 73.1472437, 28.1575104, 0.0 ] ], [ [ 73.1471878, 28.1575096, 0.0 ], [ 73.1472109, 28.1575099, 0.0 ], [ 73.1472057, 28.1578132, 0.0 ], [ 73.1471825, 28.1578129, 0.0 ], [ 73.1471878, 28.1575096, 0.0 ] ], [ [ 73.1472384, 28.157822, 0.0 ], [ 73.1472615, 28.1578224, 0.0 ], [ 73.1472563, 28.1581256, 0.0 ], [ 73.1472331, 28.1581253, 0.0 ], [ 73.1472384, 28.157822, 0.0 ] ], [ [ 73.1471824, 28.1578213, 0.0 ], [ 73.1472055, 28.1578216, 0.0 ], [ 73.1472003, 28.1581249, 0.0 ], [ 73.1471772, 28.1581246, 0.0 ], [ 73.1471824, 28.1578213, 0.0 ] ], [ [ 73.1471211, 28.1581283, 0.0 ], [ 73.1471442, 28.1581286, 0.0 ], [ 73.147139, 28.1584319, 0.0 ], [ 73.1471159, 28.1584316, 0.0 ], [ 73.1471211, 28.1581283, 0.0 ] ], [ [ 73.1470651, 28.1581275, 0.0 ], [ 73.1470882, 28.1581279, 0.0 ], [ 73.147083, 28.1584311, 0.0 ], [ 73.1470599, 28.1584308, 0.0 ], [ 73.1470651, 28.1581275, 0.0 ] ], [ [ 73.1471157, 28.15844, 0.0 ], [ 73.1471388, 28.1584403, 0.0 ], [ 73.1471336, 28.1587436, 0.0 ], [ 73.1471105, 28.1587433, 0.0 ], [ 73.1471157, 28.15844, 0.0 ] ], [ [ 73.1470597, 28.1584392, 0.0 ], [ 73.1470829, 28.1584395, 0.0 ], [ 73.1470776, 28.1587428, 0.0 ], [ 73.1470545, 28.1587425, 0.0 ], [ 73.1470597, 28.1584392, 0.0 ] ], [ [ 73.1471318, 28.1575088, 0.0 ], [ 73.1471549, 28.1575092, 0.0 ], [ 73.1471497, 28.1578124, 0.0 ], [ 73.1471265, 28.1578121, 0.0 ], [ 73.1471318, 28.1575088, 0.0 ] ], [ [ 73.1470758, 28.1575081, 0.0 ], [ 73.1470989, 28.1575084, 0.0 ], [ 73.1470937, 28.1578117, 0.0 ], [ 73.1470705, 28.1578114, 0.0 ], [ 73.1470758, 28.1575081, 0.0 ] ], [ [ 73.1471264, 28.1578205, 0.0 ], [ 73.1471495, 28.1578208, 0.0 ], [ 73.1471443, 28.1581241, 0.0 ], [ 73.1471212, 28.1581238, 0.0 ], [ 73.1471264, 28.1578205, 0.0 ] ], [ [ 73.1470704, 28.1578198, 0.0 ], [ 73.1470935, 28.1578201, 0.0 ], [ 73.1470883, 28.1581234, 0.0 ], [ 73.1470652, 28.158123, 0.0 ], [ 73.1470704, 28.1578198, 0.0 ] ], [ [ 73.1470091, 28.1581268, 0.0 ], [ 73.1470322, 28.1581271, 0.0 ], [ 73.147027, 28.1584304, 0.0 ], [ 73.1470039, 28.1584301, 0.0 ], [ 73.1470091, 28.1581268, 0.0 ] ], [ [ 73.1469531, 28.158126, 0.0 ], [ 73.1469762, 28.1581263, 0.0 ], [ 73.146971, 28.1584296, 0.0 ], [ 73.1469479, 28.1584293, 0.0 ], [ 73.1469531, 28.158126, 0.0 ] ], [ [ 73.1470037, 28.1584385, 0.0 ], [ 73.1470269, 28.1584388, 0.0 ], [ 73.1470216, 28.1587421, 0.0 ], [ 73.1469985, 28.1587417, 0.0 ], [ 73.1470037, 28.1584385, 0.0 ] ], [ [ 73.1469477, 28.1584377, 0.0 ], [ 73.1469709, 28.158438, 0.0 ], [ 73.1469657, 28.1587413, 0.0 ], [ 73.1469425, 28.158741, 0.0 ], [ 73.1469477, 28.1584377, 0.0 ] ], [ [ 73.1470198, 28.1575073, 0.0 ], [ 73.1470429, 28.1575076, 0.0 ], [ 73.1470377, 28.1578109, 0.0 ], [ 73.1470146, 28.1578106, 0.0 ], [ 73.1470198, 28.1575073, 0.0 ] ], [ [ 73.1469638, 28.1575066, 0.0 ], [ 73.1469869, 28.1575069, 0.0 ], [ 73.1469817, 28.1578101, 0.0 ], [ 73.1469586, 28.1578098, 0.0 ], [ 73.1469638, 28.1575066, 0.0 ] ], [ [ 73.1470144, 28.157819, 0.0 ], [ 73.1470375, 28.1578193, 0.0 ], [ 73.1470323, 28.1581226, 0.0 ], [ 73.1470092, 28.1581223, 0.0 ], [ 73.1470144, 28.157819, 0.0 ] ], [ [ 73.1469584, 28.1578183, 0.0 ], [ 73.1469815, 28.1578186, 0.0 ], [ 73.1469763, 28.1581218, 0.0 ], [ 73.1469532, 28.1581215, 0.0 ], [ 73.1469584, 28.1578183, 0.0 ] ], [ [ 73.1468544, 28.1606031, 0.0 ], [ 73.1468776, 28.1606035, 0.0 ], [ 73.1468723, 28.1609067, 0.0 ], [ 73.1468492, 28.1609064, 0.0 ], [ 73.1468544, 28.1606031, 0.0 ] ], [ [ 73.1467984, 28.1606024, 0.0 ], [ 73.1468216, 28.1606027, 0.0 ], [ 73.1468163, 28.160906, 0.0 ], [ 73.1467932, 28.1609056, 0.0 ], [ 73.1467984, 28.1606024, 0.0 ] ], [ [ 73.1468491, 28.1609148, 0.0 ], [ 73.1468722, 28.1609151, 0.0 ], [ 73.146867, 28.1612184, 0.0 ], [ 73.1468438, 28.1612181, 0.0 ], [ 73.1468491, 28.1609148, 0.0 ] ], [ [ 73.1467931, 28.1609141, 0.0 ], [ 73.1468162, 28.1609144, 0.0 ], [ 73.146811, 28.1612176, 0.0 ], [ 73.1467878, 28.1612173, 0.0 ], [ 73.1467931, 28.1609141, 0.0 ] ], [ [ 73.1468971, 28.1581253, 0.0 ], [ 73.1469203, 28.1581256, 0.0 ], [ 73.146915, 28.1584289, 0.0 ], [ 73.1468919, 28.1584285, 0.0 ], [ 73.1468971, 28.1581253, 0.0 ] ], [ [ 73.1468411, 28.1581245, 0.0 ], [ 73.1468643, 28.1581248, 0.0 ], [ 73.146859, 28.1584281, 0.0 ], [ 73.1468359, 28.1584278, 0.0 ], [ 73.1468411, 28.1581245, 0.0 ] ], [ [ 73.1468918, 28.158437, 0.0 ], [ 73.1469149, 28.1584373, 0.0 ], [ 73.1469097, 28.1587405, 0.0 ], [ 73.1468865, 28.1587402, 0.0 ], [ 73.1468918, 28.158437, 0.0 ] ], [ [ 73.1468358, 28.1584362, 0.0 ], [ 73.1468589, 28.1584365, 0.0 ], [ 73.1468537, 28.1587398, 0.0 ], [ 73.1468305, 28.1587395, 0.0 ], [ 73.1468358, 28.1584362, 0.0 ] ], [ [ 73.1469078, 28.1575058, 0.0 ], [ 73.1469309, 28.1575061, 0.0 ], [ 73.1469257, 28.1578094, 0.0 ], [ 73.1469026, 28.1578091, 0.0 ], [ 73.1469078, 28.1575058, 0.0 ] ], [ [ 73.1468518, 28.1575051, 0.0 ], [ 73.1468749, 28.1575054, 0.0 ], [ 73.1468697, 28.1578086, 0.0 ], [ 73.1468466, 28.1578083, 0.0 ], [ 73.1468518, 28.1575051, 0.0 ] ], [ [ 73.1469024, 28.1578175, 0.0 ], [ 73.1469256, 28.1578178, 0.0 ], [ 73.1469203, 28.1581211, 0.0 ], [ 73.1468972, 28.1581208, 0.0 ], [ 73.1469024, 28.1578175, 0.0 ] ], [ [ 73.1468464, 28.1578167, 0.0 ], [ 73.1468696, 28.1578171, 0.0 ], [ 73.1468643, 28.1581203, 0.0 ], [ 73.1468412, 28.15812, 0.0 ], [ 73.1468464, 28.1578167, 0.0 ] ], [ [ 73.1467425, 28.1606016, 0.0 ], [ 73.1467656, 28.1606019, 0.0 ], [ 73.1467604, 28.1609052, 0.0 ], [ 73.1467372, 28.1609049, 0.0 ], [ 73.1467425, 28.1606016, 0.0 ] ], [ [ 73.1466865, 28.1606009, 0.0 ], [ 73.1467096, 28.1606012, 0.0 ], [ 73.1467044, 28.1609044, 0.0 ], [ 73.1466812, 28.1609041, 0.0 ], [ 73.1466865, 28.1606009, 0.0 ] ], [ [ 73.1467371, 28.1609133, 0.0 ], [ 73.1467602, 28.1609136, 0.0 ], [ 73.146755, 28.1612169, 0.0 ], [ 73.1467319, 28.1612166, 0.0 ], [ 73.1467371, 28.1609133, 0.0 ] ], [ [ 73.1466811, 28.1609125, 0.0 ], [ 73.1467042, 28.1609129, 0.0 ], [ 73.146699, 28.1612161, 0.0 ], [ 73.1466759, 28.1612158, 0.0 ], [ 73.1466811, 28.1609125, 0.0 ] ], [ [ 73.1467745, 28.1587432, 0.0 ], [ 73.1467976, 28.1587435, 0.0 ], [ 73.1467924, 28.1590468, 0.0 ], [ 73.1467692, 28.1590465, 0.0 ], [ 73.1467745, 28.1587432, 0.0 ] ], [ [ 73.1467185, 28.1587425, 0.0 ], [ 73.1467416, 28.1587428, 0.0 ], [ 73.1467364, 28.159046, 0.0 ], [ 73.1467133, 28.1590457, 0.0 ], [ 73.1467185, 28.1587425, 0.0 ] ], [ [ 73.1467691, 28.1590549, 0.0 ], [ 73.1467922, 28.1590552, 0.0 ], [ 73.146787, 28.1593585, 0.0 ], [ 73.1467639, 28.1593582, 0.0 ], [ 73.1467691, 28.1590549, 0.0 ] ], [ [ 73.1467131, 28.1590542, 0.0 ], [ 73.1467362, 28.1590545, 0.0 ], [ 73.146731, 28.1593577, 0.0 ], [ 73.1467079, 28.1593574, 0.0 ], [ 73.1467131, 28.1590542, 0.0 ] ], [ [ 73.1467851, 28.1581238, 0.0 ], [ 73.1468083, 28.1581241, 0.0 ], [ 73.146803, 28.1584273, 0.0 ], [ 73.1467799, 28.158427, 0.0 ], [ 73.1467851, 28.1581238, 0.0 ] ], [ [ 73.1467292, 28.158123, 0.0 ], [ 73.1467523, 28.1581233, 0.0 ], [ 73.1467471, 28.1584266, 0.0 ], [ 73.1467239, 28.1584263, 0.0 ], [ 73.1467292, 28.158123, 0.0 ] ], [ [ 73.1467798, 28.1584354, 0.0 ], [ 73.1468029, 28.1584358, 0.0 ], [ 73.1467977, 28.158739, 0.0 ], [ 73.1467745, 28.1587387, 0.0 ], [ 73.1467798, 28.1584354, 0.0 ] ], [ [ 73.1467238, 28.1584347, 0.0 ], [ 73.1467469, 28.158435, 0.0 ], [ 73.1467417, 28.1587383, 0.0 ], [ 73.1467186, 28.158738, 0.0 ], [ 73.1467238, 28.1584347, 0.0 ] ], [ [ 73.1467958, 28.1575043, 0.0 ], [ 73.1468189, 28.1575046, 0.0 ], [ 73.1468137, 28.1578079, 0.0 ], [ 73.1467906, 28.1578076, 0.0 ], [ 73.1467958, 28.1575043, 0.0 ] ], [ [ 73.1467398, 28.1575035, 0.0 ], [ 73.146763, 28.1575039, 0.0 ], [ 73.1467577, 28.1578071, 0.0 ], [ 73.1467346, 28.1578068, 0.0 ], [ 73.1467398, 28.1575035, 0.0 ] ], [ [ 73.1467904, 28.157816, 0.0 ], [ 73.1468136, 28.1578163, 0.0 ], [ 73.1468084, 28.1581196, 0.0 ], [ 73.1467852, 28.1581192, 0.0 ], [ 73.1467904, 28.157816, 0.0 ] ], [ [ 73.1467345, 28.1578152, 0.0 ], [ 73.1467576, 28.1578155, 0.0 ], [ 73.1467524, 28.1581188, 0.0 ], [ 73.1467292, 28.1581185, 0.0 ], [ 73.1467345, 28.1578152, 0.0 ] ], [ [ 73.1466305, 28.1606001, 0.0 ], [ 73.1466536, 28.1606004, 0.0 ], [ 73.1466484, 28.1609037, 0.0 ], [ 73.1466252, 28.1609034, 0.0 ], [ 73.1466305, 28.1606001, 0.0 ] ], [ [ 73.1465745, 28.1605993, 0.0 ], [ 73.1465976, 28.1605997, 0.0 ], [ 73.1465924, 28.1609029, 0.0 ], [ 73.1465692, 28.1609026, 0.0 ], [ 73.1465745, 28.1605993, 0.0 ] ], [ [ 73.1466251, 28.1609118, 0.0 ], [ 73.1466482, 28.1609121, 0.0 ], [ 73.146643, 28.1612154, 0.0 ], [ 73.1466199, 28.1612151, 0.0 ], [ 73.1466251, 28.1609118, 0.0 ] ], [ [ 73.1465691, 28.160911, 0.0 ], [ 73.1465922, 28.1609113, 0.0 ], [ 73.146587, 28.1612146, 0.0 ], [ 73.1465639, 28.1612143, 0.0 ], [ 73.1465691, 28.160911, 0.0 ] ], [ [ 73.1466625, 28.1587417, 0.0 ], [ 73.1466856, 28.158742, 0.0 ], [ 73.1466804, 28.1590453, 0.0 ], [ 73.1466573, 28.159045, 0.0 ], [ 73.1466625, 28.1587417, 0.0 ] ], [ [ 73.1466065, 28.158741, 0.0 ], [ 73.1466296, 28.1587413, 0.0 ], [ 73.1466244, 28.1590445, 0.0 ], [ 73.1466013, 28.1590442, 0.0 ], [ 73.1466065, 28.158741, 0.0 ] ], [ [ 73.1466571, 28.1590534, 0.0 ], [ 73.1466802, 28.1590537, 0.0 ], [ 73.146675, 28.159357, 0.0 ], [ 73.1466519, 28.1593567, 0.0 ], [ 73.1466571, 28.1590534, 0.0 ] ], [ [ 73.1466011, 28.1590526, 0.0 ], [ 73.1466243, 28.159053, 0.0 ], [ 73.146619, 28.1593562, 0.0 ], [ 73.1465959, 28.1593559, 0.0 ], [ 73.1466011, 28.1590526, 0.0 ] ], [ [ 73.1466732, 28.1581222, 0.0 ], [ 73.1466963, 28.1581226, 0.0 ], [ 73.1466911, 28.1584258, 0.0 ], [ 73.1466679, 28.1584255, 0.0 ], [ 73.1466732, 28.1581222, 0.0 ] ], [ [ 73.1466172, 28.1581215, 0.0 ], [ 73.1466403, 28.1581218, 0.0 ], [ 73.1466351, 28.1584251, 0.0 ], [ 73.1466119, 28.1584248, 0.0 ], [ 73.1466172, 28.1581215, 0.0 ] ], [ [ 73.1466678, 28.1584339, 0.0 ], [ 73.1466909, 28.1584342, 0.0 ], [ 73.1466857, 28.1587375, 0.0 ], [ 73.1466626, 28.1587372, 0.0 ], [ 73.1466678, 28.1584339, 0.0 ] ], [ [ 73.1466118, 28.1584332, 0.0 ], [ 73.1466349, 28.1584335, 0.0 ], [ 73.1466297, 28.1587368, 0.0 ], [ 73.1466066, 28.1587364, 0.0 ], [ 73.1466118, 28.1584332, 0.0 ] ], [ [ 73.1466838, 28.1575028, 0.0 ], [ 73.146707, 28.1575031, 0.0 ], [ 73.1467017, 28.1578064, 0.0 ], [ 73.1466786, 28.157806, 0.0 ], [ 73.1466838, 28.1575028, 0.0 ] ], [ [ 73.1466278, 28.157502, 0.0 ], [ 73.146651, 28.1575023, 0.0 ], [ 73.1466457, 28.1578056, 0.0 ], [ 73.1466226, 28.1578053, 0.0 ], [ 73.1466278, 28.157502, 0.0 ] ], [ [ 73.1466785, 28.1578145, 0.0 ], [ 73.1467016, 28.1578148, 0.0 ], [ 73.1466964, 28.158118, 0.0 ], [ 73.1466732, 28.1581177, 0.0 ], [ 73.1466785, 28.1578145, 0.0 ] ], [ [ 73.1466225, 28.1578137, 0.0 ], [ 73.1466456, 28.157814, 0.0 ], [ 73.1466404, 28.1581173, 0.0 ], [ 73.1466172, 28.158117, 0.0 ], [ 73.1466225, 28.1578137, 0.0 ] ], [ [ 73.1465185, 28.1605986, 0.0 ], [ 73.1465416, 28.1605989, 0.0 ], [ 73.1465364, 28.1609022, 0.0 ], [ 73.1465133, 28.1609019, 0.0 ], [ 73.1465185, 28.1605986, 0.0 ] ], [ [ 73.1464625, 28.1605978, 0.0 ], [ 73.1464856, 28.1605981, 0.0 ], [ 73.1464804, 28.1609014, 0.0 ], [ 73.1464573, 28.1609011, 0.0 ], [ 73.1464625, 28.1605978, 0.0 ] ], [ [ 73.1465131, 28.1609103, 0.0 ], [ 73.1465362, 28.1609106, 0.0 ], [ 73.146531, 28.1612139, 0.0 ], [ 73.1465079, 28.1612135, 0.0 ], [ 73.1465131, 28.1609103, 0.0 ] ], [ [ 73.1464571, 28.1609095, 0.0 ], [ 73.1464802, 28.1609098, 0.0 ], [ 73.146475, 28.1612131, 0.0 ], [ 73.1464519, 28.1612128, 0.0 ], [ 73.1464571, 28.1609095, 0.0 ] ], [ [ 73.1465505, 28.1587402, 0.0 ], [ 73.1465736, 28.1587405, 0.0 ], [ 73.1465684, 28.1590438, 0.0 ], [ 73.1465453, 28.1590435, 0.0 ], [ 73.1465505, 28.1587402, 0.0 ] ], [ [ 73.1464945, 28.1587394, 0.0 ], [ 73.1465176, 28.1587398, 0.0 ], [ 73.1465124, 28.159043, 0.0 ], [ 73.1464893, 28.1590427, 0.0 ], [ 73.1464945, 28.1587394, 0.0 ] ], [ [ 73.1465451, 28.1590519, 0.0 ], [ 73.1465683, 28.1590522, 0.0 ], [ 73.146563, 28.1593555, 0.0 ], [ 73.1465399, 28.1593551, 0.0 ], [ 73.1465451, 28.1590519, 0.0 ] ], [ [ 73.1464891, 28.1590511, 0.0 ], [ 73.1465123, 28.1590514, 0.0 ], [ 73.146507, 28.1593547, 0.0 ], [ 73.1464839, 28.1593544, 0.0 ], [ 73.1464891, 28.1590511, 0.0 ] ], [ [ 73.1465612, 28.1581207, 0.0 ], [ 73.1465843, 28.158121, 0.0 ], [ 73.1465791, 28.1584243, 0.0 ], [ 73.146556, 28.158424, 0.0 ], [ 73.1465612, 28.1581207, 0.0 ] ], [ [ 73.1465052, 28.15812, 0.0 ], [ 73.1465283, 28.1581203, 0.0 ], [ 73.1465231, 28.1584236, 0.0 ], [ 73.1465, 28.1584232, 0.0 ], [ 73.1465052, 28.15812, 0.0 ] ], [ [ 73.1465558, 28.1584324, 0.0 ], [ 73.1465789, 28.1584327, 0.0 ], [ 73.1465737, 28.158736, 0.0 ], [ 73.1465506, 28.1587357, 0.0 ], [ 73.1465558, 28.1584324, 0.0 ] ], [ [ 73.1464998, 28.1584317, 0.0 ], [ 73.1465229, 28.158432, 0.0 ], [ 73.1465177, 28.1587352, 0.0 ], [ 73.1464946, 28.1587349, 0.0 ], [ 73.1464998, 28.1584317, 0.0 ] ], [ [ 73.1465719, 28.1575013, 0.0 ], [ 73.146595, 28.1575016, 0.0 ], [ 73.1465898, 28.1578048, 0.0 ], [ 73.1465666, 28.1578045, 0.0 ], [ 73.1465719, 28.1575013, 0.0 ] ], [ [ 73.1465159, 28.1575005, 0.0 ], [ 73.146539, 28.1575008, 0.0 ], [ 73.1465338, 28.1578041, 0.0 ], [ 73.1465106, 28.1578038, 0.0 ], [ 73.1465159, 28.1575005, 0.0 ] ], [ [ 73.1465665, 28.157813, 0.0 ], [ 73.1465896, 28.1578133, 0.0 ], [ 73.1465844, 28.1581165, 0.0 ], [ 73.1465613, 28.1581162, 0.0 ], [ 73.1465665, 28.157813, 0.0 ] ], [ [ 73.1465105, 28.1578122, 0.0 ], [ 73.1465336, 28.1578125, 0.0 ], [ 73.1465284, 28.1581158, 0.0 ], [ 73.1465053, 28.1581155, 0.0 ], [ 73.1465105, 28.1578122, 0.0 ] ], [ [ 73.1464065, 28.1605971, 0.0 ], [ 73.1464296, 28.1605974, 0.0 ], [ 73.1464244, 28.1609007, 0.0 ], [ 73.1464013, 28.1609003, 0.0 ], [ 73.1464065, 28.1605971, 0.0 ] ], [ [ 73.1463505, 28.1605963, 0.0 ], [ 73.1463736, 28.1605966, 0.0 ], [ 73.1463684, 28.1608999, 0.0 ], [ 73.1463453, 28.1608996, 0.0 ], [ 73.1463505, 28.1605963, 0.0 ] ], [ [ 73.1464011, 28.1609088, 0.0 ], [ 73.1464243, 28.1609091, 0.0 ], [ 73.146419, 28.1612123, 0.0 ], [ 73.1463959, 28.161212, 0.0 ], [ 73.1464011, 28.1609088, 0.0 ] ], [ [ 73.1463451, 28.160908, 0.0 ], [ 73.1463683, 28.1609083, 0.0 ], [ 73.146363, 28.1612116, 0.0 ], [ 73.1463399, 28.1612113, 0.0 ], [ 73.1463451, 28.160908, 0.0 ] ], [ [ 73.1464385, 28.1587387, 0.0 ], [ 73.1464617, 28.158739, 0.0 ], [ 73.1464564, 28.1590423, 0.0 ], [ 73.1464333, 28.1590419, 0.0 ], [ 73.1464385, 28.1587387, 0.0 ] ], [ [ 73.1463825, 28.1587379, 0.0 ], [ 73.1464057, 28.1587382, 0.0 ], [ 73.1464004, 28.1590415, 0.0 ], [ 73.1463773, 28.1590412, 0.0 ], [ 73.1463825, 28.1587379, 0.0 ] ], [ [ 73.1464332, 28.1590504, 0.0 ], [ 73.1464563, 28.1590507, 0.0 ], [ 73.1464511, 28.1593539, 0.0 ], [ 73.1464279, 28.1593536, 0.0 ], [ 73.1464332, 28.1590504, 0.0 ] ], [ [ 73.1463772, 28.1590496, 0.0 ], [ 73.1464003, 28.1590499, 0.0 ], [ 73.1463951, 28.1593532, 0.0 ], [ 73.1463719, 28.1593529, 0.0 ], [ 73.1463772, 28.1590496, 0.0 ] ], [ [ 73.1464492, 28.1581192, 0.0 ], [ 73.1464723, 28.1581195, 0.0 ], [ 73.1464671, 28.1584228, 0.0 ], [ 73.146444, 28.1584225, 0.0 ], [ 73.1464492, 28.1581192, 0.0 ] ], [ [ 73.1463932, 28.1581185, 0.0 ], [ 73.1464163, 28.1581188, 0.0 ], [ 73.1464111, 28.158422, 0.0 ], [ 73.146388, 28.1584217, 0.0 ], [ 73.1463932, 28.1581185, 0.0 ] ], [ [ 73.1464438, 28.1584309, 0.0 ], [ 73.146467, 28.1584312, 0.0 ], [ 73.1464617, 28.1587345, 0.0 ], [ 73.1464386, 28.1587342, 0.0 ], [ 73.1464438, 28.1584309, 0.0 ] ], [ [ 73.1463878, 28.1584301, 0.0 ], [ 73.146411, 28.1584305, 0.0 ], [ 73.1464057, 28.1587337, 0.0 ], [ 73.1463826, 28.1587334, 0.0 ], [ 73.1463878, 28.1584301, 0.0 ] ], [ [ 73.1464599, 28.1574997, 0.0 ], [ 73.146483, 28.1575001, 0.0 ], [ 73.1464778, 28.1578033, 0.0 ], [ 73.1464546, 28.157803, 0.0 ], [ 73.1464599, 28.1574997, 0.0 ] ], [ [ 73.1464039, 28.157499, 0.0 ], [ 73.146427, 28.1574993, 0.0 ], [ 73.1464218, 28.1578026, 0.0 ], [ 73.1463987, 28.1578023, 0.0 ], [ 73.1464039, 28.157499, 0.0 ] ], [ [ 73.1464545, 28.1578114, 0.0 ], [ 73.1464776, 28.1578117, 0.0 ], [ 73.1464724, 28.158115, 0.0 ], [ 73.1464493, 28.1581147, 0.0 ], [ 73.1464545, 28.1578114, 0.0 ] ], [ [ 73.1463985, 28.1578107, 0.0 ], [ 73.1464216, 28.157811, 0.0 ], [ 73.1464164, 28.1581143, 0.0 ], [ 73.1463933, 28.1581139, 0.0 ], [ 73.1463985, 28.1578107, 0.0 ] ], [ [ 73.1462945, 28.1605956, 0.0 ], [ 73.1463176, 28.1605959, 0.0 ], [ 73.1463124, 28.1608991, 0.0 ], [ 73.1462893, 28.1608988, 0.0 ], [ 73.1462945, 28.1605956, 0.0 ] ], [ [ 73.1462385, 28.1605948, 0.0 ], [ 73.1462617, 28.1605951, 0.0 ], [ 73.1462564, 28.1608984, 0.0 ], [ 73.1462333, 28.1608981, 0.0 ], [ 73.1462385, 28.1605948, 0.0 ] ], [ [ 73.1462891, 28.1609072, 0.0 ], [ 73.1463123, 28.1609076, 0.0 ], [ 73.146307, 28.1612108, 0.0 ], [ 73.1462839, 28.1612105, 0.0 ], [ 73.1462891, 28.1609072, 0.0 ] ], [ [ 73.1462331, 28.1609065, 0.0 ], [ 73.1462563, 28.1609068, 0.0 ], [ 73.1462511, 28.1612101, 0.0 ], [ 73.1462279, 28.1612098, 0.0 ], [ 73.1462331, 28.1609065, 0.0 ] ], [ [ 73.1463265, 28.1587372, 0.0 ], [ 73.1463497, 28.1587375, 0.0 ], [ 73.1463444, 28.1590407, 0.0 ], [ 73.1463213, 28.1590404, 0.0 ], [ 73.1463265, 28.1587372, 0.0 ] ], [ [ 73.1462706, 28.1587364, 0.0 ], [ 73.1462937, 28.1587367, 0.0 ], [ 73.1462885, 28.15904, 0.0 ], [ 73.1462653, 28.1590397, 0.0 ], [ 73.1462706, 28.1587364, 0.0 ] ], [ [ 73.1463212, 28.1590488, 0.0 ], [ 73.1463443, 28.1590492, 0.0 ], [ 73.1463391, 28.1593524, 0.0 ], [ 73.1463159, 28.1593521, 0.0 ], [ 73.1463212, 28.1590488, 0.0 ] ], [ [ 73.1462652, 28.1590481, 0.0 ], [ 73.1462883, 28.1590484, 0.0 ], [ 73.1462831, 28.1593517, 0.0 ], [ 73.14626, 28.1593514, 0.0 ], [ 73.1462652, 28.1590481, 0.0 ] ], [ [ 73.1463372, 28.1581177, 0.0 ], [ 73.1463603, 28.158118, 0.0 ], [ 73.1463551, 28.1584213, 0.0 ], [ 73.146332, 28.158421, 0.0 ], [ 73.1463372, 28.1581177, 0.0 ] ], [ [ 73.1462812, 28.1581169, 0.0 ], [ 73.1463044, 28.1581173, 0.0 ], [ 73.1462991, 28.1584205, 0.0 ], [ 73.146276, 28.1584202, 0.0 ], [ 73.1462812, 28.1581169, 0.0 ] ], [ [ 73.1463318, 28.1584294, 0.0 ], [ 73.146355, 28.1584297, 0.0 ], [ 73.1463497, 28.158733, 0.0 ], [ 73.1463266, 28.1587327, 0.0 ], [ 73.1463318, 28.1584294, 0.0 ] ], [ [ 73.1462759, 28.1584286, 0.0 ], [ 73.146299, 28.1584289, 0.0 ], [ 73.1462938, 28.1587322, 0.0 ], [ 73.1462706, 28.1587319, 0.0 ], [ 73.1462759, 28.1584286, 0.0 ] ], [ [ 73.1463479, 28.1574982, 0.0 ], [ 73.146371, 28.1574985, 0.0 ], [ 73.1463658, 28.1578018, 0.0 ], [ 73.1463427, 28.1578015, 0.0 ], [ 73.1463479, 28.1574982, 0.0 ] ], [ [ 73.1462919, 28.1574975, 0.0 ], [ 73.146315, 28.1574978, 0.0 ], [ 73.1463098, 28.1578011, 0.0 ], [ 73.1462867, 28.1578007, 0.0 ], [ 73.1462919, 28.1574975, 0.0 ] ], [ [ 73.1463425, 28.1578099, 0.0 ], [ 73.1463656, 28.1578102, 0.0 ], [ 73.1463604, 28.1581135, 0.0 ], [ 73.1463373, 28.1581132, 0.0 ], [ 73.1463425, 28.1578099, 0.0 ] ], [ [ 73.1462865, 28.1578092, 0.0 ], [ 73.1463097, 28.1578095, 0.0 ], [ 73.1463044, 28.1581127, 0.0 ], [ 73.1462813, 28.1581124, 0.0 ], [ 73.1462865, 28.1578092, 0.0 ] ], [ [ 73.1461825, 28.160594, 0.0 ], [ 73.1462057, 28.1605944, 0.0 ], [ 73.1462004, 28.1608976, 0.0 ], [ 73.1461773, 28.1608973, 0.0 ], [ 73.1461825, 28.160594, 0.0 ] ], [ [ 73.1461265, 28.1605933, 0.0 ], [ 73.1461497, 28.1605936, 0.0 ], [ 73.1461444, 28.1608969, 0.0 ], [ 73.1461213, 28.1608966, 0.0 ], [ 73.1461265, 28.1605933, 0.0 ] ], [ [ 73.1461772, 28.1609057, 0.0 ], [ 73.1462003, 28.160906, 0.0 ], [ 73.1461951, 28.1612093, 0.0 ], [ 73.1461719, 28.161209, 0.0 ], [ 73.1461772, 28.1609057, 0.0 ] ], [ [ 73.1461212, 28.160905, 0.0 ], [ 73.1461443, 28.1609053, 0.0 ], [ 73.1461391, 28.1612086, 0.0 ], [ 73.1461159, 28.1612082, 0.0 ], [ 73.1461212, 28.160905, 0.0 ] ], [ [ 73.1461932, 28.1599746, 0.0 ], [ 73.1462163, 28.1599749, 0.0 ], [ 73.1462111, 28.1602782, 0.0 ], [ 73.146188, 28.1602778, 0.0 ], [ 73.1461932, 28.1599746, 0.0 ] ], [ [ 73.1461372, 28.1599738, 0.0 ], [ 73.1461603, 28.1599741, 0.0 ], [ 73.1461551, 28.1602774, 0.0 ], [ 73.146132, 28.1602771, 0.0 ], [ 73.1461372, 28.1599738, 0.0 ] ], [ [ 73.1461878, 28.1602863, 0.0 ], [ 73.146211, 28.1602866, 0.0 ], [ 73.1462057, 28.1605898, 0.0 ], [ 73.1461826, 28.1605895, 0.0 ], [ 73.1461878, 28.1602863, 0.0 ] ], [ [ 73.1461318, 28.1602855, 0.0 ], [ 73.146155, 28.1602858, 0.0 ], [ 73.1461497, 28.1605891, 0.0 ], [ 73.1461266, 28.1605888, 0.0 ], [ 73.1461318, 28.1602855, 0.0 ] ], [ [ 73.1462039, 28.1593551, 0.0 ], [ 73.146227, 28.1593554, 0.0 ], [ 73.1462218, 28.1596587, 0.0 ], [ 73.1461987, 28.1596584, 0.0 ], [ 73.1462039, 28.1593551, 0.0 ] ], [ [ 73.1461479, 28.1593544, 0.0 ], [ 73.146171, 28.1593547, 0.0 ], [ 73.1461658, 28.1596579, 0.0 ], [ 73.1461427, 28.1596576, 0.0 ], [ 73.1461479, 28.1593544, 0.0 ] ], [ [ 73.1461985, 28.1596668, 0.0 ], [ 73.1462216, 28.1596671, 0.0 ], [ 73.1462164, 28.1599704, 0.0 ], [ 73.1461933, 28.1599701, 0.0 ], [ 73.1461985, 28.1596668, 0.0 ] ], [ [ 73.1461425, 28.159666, 0.0 ], [ 73.1461656, 28.1596664, 0.0 ], [ 73.1461604, 28.1599696, 0.0 ], [ 73.1461373, 28.1599693, 0.0 ], [ 73.1461425, 28.159666, 0.0 ] ], [ [ 73.1462146, 28.1587356, 0.0 ], [ 73.1462377, 28.158736, 0.0 ], [ 73.1462325, 28.1590392, 0.0 ], [ 73.1462093, 28.1590389, 0.0 ], [ 73.1462146, 28.1587356, 0.0 ] ], [ [ 73.1461586, 28.1587349, 0.0 ], [ 73.1461817, 28.1587352, 0.0 ], [ 73.1461765, 28.1590385, 0.0 ], [ 73.1461533, 28.1590382, 0.0 ], [ 73.1461586, 28.1587349, 0.0 ] ], [ [ 73.1462092, 28.1590473, 0.0 ], [ 73.1462323, 28.1590476, 0.0 ], [ 73.1462271, 28.1593509, 0.0 ], [ 73.146204, 28.1593506, 0.0 ], [ 73.1462092, 28.1590473, 0.0 ] ], [ [ 73.1461532, 28.1590466, 0.0 ], [ 73.1461763, 28.1590469, 0.0 ], [ 73.1461711, 28.1593502, 0.0 ], [ 73.146148, 28.1593498, 0.0 ], [ 73.1461532, 28.1590466, 0.0 ] ], [ [ 73.1462252, 28.1581162, 0.0 ], [ 73.1462484, 28.1581165, 0.0 ], [ 73.1462431, 28.1584198, 0.0 ], [ 73.14622, 28.1584195, 0.0 ], [ 73.1462252, 28.1581162, 0.0 ] ], [ [ 73.1461692, 28.1581154, 0.0 ], [ 73.1461924, 28.1581157, 0.0 ], [ 73.1461871, 28.158419, 0.0 ], [ 73.146164, 28.1584187, 0.0 ], [ 73.1461692, 28.1581154, 0.0 ] ], [ [ 73.1462199, 28.1584279, 0.0 ], [ 73.146243, 28.1584282, 0.0 ], [ 73.1462378, 28.1587314, 0.0 ], [ 73.1462146, 28.1587311, 0.0 ], [ 73.1462199, 28.1584279, 0.0 ] ], [ [ 73.1461639, 28.1584271, 0.0 ], [ 73.146187, 28.1584274, 0.0 ], [ 73.1461818, 28.1587307, 0.0 ], [ 73.1461586, 28.1587304, 0.0 ], [ 73.1461639, 28.1584271, 0.0 ] ], [ [ 73.1462359, 28.1574967, 0.0 ], [ 73.146259, 28.157497, 0.0 ], [ 73.1462538, 28.1578003, 0.0 ], [ 73.1462307, 28.1578, 0.0 ], [ 73.1462359, 28.1574967, 0.0 ] ], [ [ 73.1461799, 28.157496, 0.0 ], [ 73.146203, 28.1574963, 0.0 ], [ 73.1461978, 28.1577995, 0.0 ], [ 73.1461747, 28.1577992, 0.0 ], [ 73.1461799, 28.157496, 0.0 ] ], [ [ 73.1462305, 28.1578084, 0.0 ], [ 73.1462537, 28.1578087, 0.0 ], [ 73.1462484, 28.158112, 0.0 ], [ 73.1462253, 28.1581117, 0.0 ], [ 73.1462305, 28.1578084, 0.0 ] ], [ [ 73.1461745, 28.1578076, 0.0 ], [ 73.1461977, 28.157808, 0.0 ], [ 73.1461925, 28.1581112, 0.0 ], [ 73.1461693, 28.1581109, 0.0 ], [ 73.1461745, 28.1578076, 0.0 ] ], [ [ 73.1460705, 28.1605925, 0.0 ], [ 73.1460937, 28.1605928, 0.0 ], [ 73.1460884, 28.1608961, 0.0 ], [ 73.1460653, 28.1608958, 0.0 ], [ 73.1460705, 28.1605925, 0.0 ] ], [ [ 73.1460146, 28.1605918, 0.0 ], [ 73.1460377, 28.1605921, 0.0 ], [ 73.1460325, 28.1608953, 0.0 ], [ 73.1460093, 28.160895, 0.0 ], [ 73.1460146, 28.1605918, 0.0 ] ], [ [ 73.1460652, 28.1609042, 0.0 ], [ 73.1460883, 28.1609045, 0.0 ], [ 73.1460831, 28.1612078, 0.0 ], [ 73.1460599, 28.1612075, 0.0 ], [ 73.1460652, 28.1609042, 0.0 ] ], [ [ 73.1460092, 28.1609035, 0.0 ], [ 73.1460323, 28.1609038, 0.0 ], [ 73.1460271, 28.161207, 0.0 ], [ 73.146004, 28.1612067, 0.0 ], [ 73.1460092, 28.1609035, 0.0 ] ], [ [ 73.1460812, 28.1599731, 0.0 ], [ 73.1461044, 28.1599734, 0.0 ], [ 73.1460991, 28.1602766, 0.0 ], [ 73.146076, 28.1602763, 0.0 ], [ 73.1460812, 28.1599731, 0.0 ] ], [ [ 73.1460252, 28.1599723, 0.0 ], [ 73.1460484, 28.1599726, 0.0 ], [ 73.1460431, 28.1602759, 0.0 ], [ 73.14602, 28.1602756, 0.0 ], [ 73.1460252, 28.1599723, 0.0 ] ], [ [ 73.1460759, 28.1602847, 0.0 ], [ 73.146099, 28.1602851, 0.0 ], [ 73.1460938, 28.1605883, 0.0 ], [ 73.1460706, 28.160588, 0.0 ], [ 73.1460759, 28.1602847, 0.0 ] ], [ [ 73.1460199, 28.160284, 0.0 ], [ 73.146043, 28.1602843, 0.0 ], [ 73.1460378, 28.1605876, 0.0 ], [ 73.1460146, 28.1605873, 0.0 ], [ 73.1460199, 28.160284, 0.0 ] ], [ [ 73.1460919, 28.1593536, 0.0 ], [ 73.146115, 28.1593539, 0.0 ], [ 73.1461098, 28.1596572, 0.0 ], [ 73.1460867, 28.1596569, 0.0 ], [ 73.1460919, 28.1593536, 0.0 ] ], [ [ 73.1460359, 28.1593528, 0.0 ], [ 73.146059, 28.1593532, 0.0 ], [ 73.1460538, 28.1596564, 0.0 ], [ 73.1460307, 28.1596561, 0.0 ], [ 73.1460359, 28.1593528, 0.0 ] ], [ [ 73.1460865, 28.1596653, 0.0 ], [ 73.1461097, 28.1596656, 0.0 ], [ 73.1461044, 28.1599689, 0.0 ], [ 73.1460813, 28.1599686, 0.0 ], [ 73.1460865, 28.1596653, 0.0 ] ], [ [ 73.1460305, 28.1596645, 0.0 ], [ 73.1460537, 28.1596648, 0.0 ], [ 73.1460484, 28.1599681, 0.0 ], [ 73.1460253, 28.1599678, 0.0 ], [ 73.1460305, 28.1596645, 0.0 ] ], [ [ 73.1461026, 28.1587341, 0.0 ], [ 73.1461257, 28.1587344, 0.0 ], [ 73.1461205, 28.1590377, 0.0 ], [ 73.1460973, 28.1590374, 0.0 ], [ 73.1461026, 28.1587341, 0.0 ] ], [ [ 73.1460466, 28.1587334, 0.0 ], [ 73.1460697, 28.1587337, 0.0 ], [ 73.1460645, 28.159037, 0.0 ], [ 73.1460414, 28.1590366, 0.0 ], [ 73.1460466, 28.1587334, 0.0 ] ], [ [ 73.1460972, 28.1590458, 0.0 ], [ 73.1461203, 28.1590461, 0.0 ], [ 73.1461151, 28.1593494, 0.0 ], [ 73.146092, 28.1593491, 0.0 ], [ 73.1460972, 28.1590458, 0.0 ] ], [ [ 73.1460412, 28.1590451, 0.0 ], [ 73.1460643, 28.1590454, 0.0 ], [ 73.1460591, 28.1593486, 0.0 ], [ 73.146036, 28.1593483, 0.0 ], [ 73.1460412, 28.1590451, 0.0 ] ], [ [ 73.1461133, 28.1581147, 0.0 ], [ 73.1461364, 28.158115, 0.0 ], [ 73.1461312, 28.1584182, 0.0 ], [ 73.146108, 28.1584179, 0.0 ], [ 73.1461133, 28.1581147, 0.0 ] ], [ [ 73.1460573, 28.1581139, 0.0 ], [ 73.1460804, 28.1581142, 0.0 ], [ 73.1460752, 28.1584175, 0.0 ], [ 73.146052, 28.1584172, 0.0 ], [ 73.1460573, 28.1581139, 0.0 ] ], [ [ 73.1461079, 28.1584264, 0.0 ], [ 73.146131, 28.1584267, 0.0 ], [ 73.1461258, 28.1587299, 0.0 ], [ 73.1461027, 28.1587296, 0.0 ], [ 73.1461079, 28.1584264, 0.0 ] ], [ [ 73.1460519, 28.1584256, 0.0 ], [ 73.146075, 28.1584259, 0.0 ], [ 73.1460698, 28.1587292, 0.0 ], [ 73.1460467, 28.1587289, 0.0 ], [ 73.1460519, 28.1584256, 0.0 ] ], [ [ 73.1461239, 28.1574952, 0.0 ], [ 73.1461471, 28.1574955, 0.0 ], [ 73.1461418, 28.1577988, 0.0 ], [ 73.1461187, 28.1577985, 0.0 ], [ 73.1461239, 28.1574952, 0.0 ] ], [ [ 73.1460679, 28.1574944, 0.0 ], [ 73.1460911, 28.1574948, 0.0 ], [ 73.1460858, 28.157798, 0.0 ], [ 73.1460627, 28.1577977, 0.0 ], [ 73.1460679, 28.1574944, 0.0 ] ], [ [ 73.1461186, 28.1578069, 0.0 ], [ 73.1461417, 28.1578072, 0.0 ], [ 73.1461365, 28.1581105, 0.0 ], [ 73.1461133, 28.1581102, 0.0 ], [ 73.1461186, 28.1578069, 0.0 ] ], [ [ 73.1460626, 28.1578061, 0.0 ], [ 73.1460857, 28.1578064, 0.0 ], [ 73.1460805, 28.1581097, 0.0 ], [ 73.1460573, 28.1581094, 0.0 ], [ 73.1460626, 28.1578061, 0.0 ] ], [ [ 73.1459586, 28.160591, 0.0 ], [ 73.1459817, 28.1605913, 0.0 ], [ 73.1459765, 28.1608946, 0.0 ], [ 73.1459533, 28.1608943, 0.0 ], [ 73.1459586, 28.160591, 0.0 ] ], [ [ 73.1459026, 28.1605903, 0.0 ], [ 73.1459257, 28.1605906, 0.0 ], [ 73.1459205, 28.1608938, 0.0 ], [ 73.1458973, 28.1608935, 0.0 ], [ 73.1459026, 28.1605903, 0.0 ] ], [ [ 73.1459532, 28.1609027, 0.0 ], [ 73.1459763, 28.160903, 0.0 ], [ 73.1459711, 28.1612063, 0.0 ], [ 73.145948, 28.161206, 0.0 ], [ 73.1459532, 28.1609027, 0.0 ] ], [ [ 73.1458972, 28.1609019, 0.0 ], [ 73.1459203, 28.1609023, 0.0 ], [ 73.1459151, 28.1612055, 0.0 ], [ 73.145892, 28.1612052, 0.0 ], [ 73.1458972, 28.1609019, 0.0 ] ], [ [ 73.1459692, 28.1599715, 0.0 ], [ 73.1459924, 28.1599719, 0.0 ], [ 73.1459871, 28.1602751, 0.0 ], [ 73.145964, 28.1602748, 0.0 ], [ 73.1459692, 28.1599715, 0.0 ] ], [ [ 73.1459132, 28.1599708, 0.0 ], [ 73.1459364, 28.1599711, 0.0 ], [ 73.1459311, 28.1602744, 0.0 ], [ 73.145908, 28.1602741, 0.0 ], [ 73.1459132, 28.1599708, 0.0 ] ], [ [ 73.1459639, 28.1602832, 0.0 ], [ 73.145987, 28.1602835, 0.0 ], [ 73.1459818, 28.1605868, 0.0 ], [ 73.1459586, 28.1605865, 0.0 ], [ 73.1459639, 28.1602832, 0.0 ] ], [ [ 73.1459079, 28.1602825, 0.0 ], [ 73.145931, 28.1602828, 0.0 ], [ 73.1459258, 28.1605861, 0.0 ], [ 73.1459026, 28.1605857, 0.0 ], [ 73.1459079, 28.1602825, 0.0 ] ], [ [ 73.1459799, 28.1593521, 0.0 ], [ 73.146003, 28.1593524, 0.0 ], [ 73.1459978, 28.1596557, 0.0 ], [ 73.1459747, 28.1596553, 0.0 ], [ 73.1459799, 28.1593521, 0.0 ] ], [ [ 73.1459239, 28.1593513, 0.0 ], [ 73.1459471, 28.1593516, 0.0 ], [ 73.1459418, 28.1596549, 0.0 ], [ 73.1459187, 28.1596546, 0.0 ], [ 73.1459239, 28.1593513, 0.0 ] ], [ [ 73.1459745, 28.1596638, 0.0 ], [ 73.1459977, 28.1596641, 0.0 ], [ 73.1459924, 28.1599673, 0.0 ], [ 73.1459693, 28.159967, 0.0 ], [ 73.1459745, 28.1596638, 0.0 ] ], [ [ 73.1459186, 28.159663, 0.0 ], [ 73.1459417, 28.1596633, 0.0 ], [ 73.1459365, 28.1599666, 0.0 ], [ 73.1459133, 28.1599663, 0.0 ], [ 73.1459186, 28.159663, 0.0 ] ], [ [ 73.1459906, 28.1587326, 0.0 ], [ 73.1460137, 28.1587329, 0.0 ], [ 73.1460085, 28.1590362, 0.0 ], [ 73.1459854, 28.1590359, 0.0 ], [ 73.1459906, 28.1587326, 0.0 ] ], [ [ 73.1459346, 28.1587319, 0.0 ], [ 73.1459577, 28.1587322, 0.0 ], [ 73.1459525, 28.1590354, 0.0 ], [ 73.1459294, 28.1590351, 0.0 ], [ 73.1459346, 28.1587319, 0.0 ] ], [ [ 73.1459852, 28.1590443, 0.0 ], [ 73.1460084, 28.1590446, 0.0 ], [ 73.1460031, 28.1593479, 0.0 ], [ 73.14598, 28.1593476, 0.0 ], [ 73.1459852, 28.1590443, 0.0 ] ], [ [ 73.1459292, 28.1590435, 0.0 ], [ 73.1459524, 28.1590439, 0.0 ], [ 73.1459471, 28.1593471, 0.0 ], [ 73.145924, 28.1593468, 0.0 ], [ 73.1459292, 28.1590435, 0.0 ] ], [ [ 73.1460013, 28.1581132, 0.0 ], [ 73.1460244, 28.1581135, 0.0 ], [ 73.1460192, 28.1584167, 0.0 ], [ 73.145996, 28.1584164, 0.0 ], [ 73.1460013, 28.1581132, 0.0 ] ], [ [ 73.1459453, 28.1581124, 0.0 ], [ 73.1459684, 28.1581127, 0.0 ], [ 73.1459632, 28.158416, 0.0 ], [ 73.1459401, 28.1584157, 0.0 ], [ 73.1459453, 28.1581124, 0.0 ] ], [ [ 73.1459959, 28.1584248, 0.0 ], [ 73.146019, 28.1584251, 0.0 ], [ 73.1460138, 28.1587284, 0.0 ], [ 73.1459907, 28.1587281, 0.0 ], [ 73.1459959, 28.1584248, 0.0 ] ], [ [ 73.1459399, 28.1584241, 0.0 ], [ 73.145963, 28.1584244, 0.0 ], [ 73.1459578, 28.1587277, 0.0 ], [ 73.1459347, 28.1587273, 0.0 ], [ 73.1459399, 28.1584241, 0.0 ] ], [ [ 73.1460119, 28.1574937, 0.0 ], [ 73.1460351, 28.157494, 0.0 ], [ 73.1460299, 28.1577973, 0.0 ], [ 73.1460067, 28.157797, 0.0 ], [ 73.1460119, 28.1574937, 0.0 ] ], [ [ 73.145956, 28.1574929, 0.0 ], [ 73.1459791, 28.1574932, 0.0 ], [ 73.1459739, 28.1577965, 0.0 ], [ 73.1459507, 28.1577962, 0.0 ], [ 73.145956, 28.1574929, 0.0 ] ], [ [ 73.1460066, 28.1578054, 0.0 ], [ 73.1460297, 28.1578057, 0.0 ], [ 73.1460245, 28.158109, 0.0 ], [ 73.1460013, 28.1581086, 0.0 ], [ 73.1460066, 28.1578054, 0.0 ] ], [ [ 73.1459506, 28.1578046, 0.0 ], [ 73.1459737, 28.1578049, 0.0 ], [ 73.1459685, 28.1581082, 0.0 ], [ 73.1459454, 28.1581079, 0.0 ], [ 73.1459506, 28.1578046, 0.0 ] ], [ [ 73.1458466, 28.1605895, 0.0 ], [ 73.1458697, 28.1605898, 0.0 ], [ 73.1458645, 28.1608931, 0.0 ], [ 73.1458413, 28.1608928, 0.0 ], [ 73.1458466, 28.1605895, 0.0 ] ], [ [ 73.1457906, 28.1605887, 0.0 ], [ 73.1458137, 28.160589, 0.0 ], [ 73.1458085, 28.1608923, 0.0 ], [ 73.1457854, 28.160892, 0.0 ], [ 73.1457906, 28.1605887, 0.0 ] ], [ [ 73.1458412, 28.1609012, 0.0 ], [ 73.1458643, 28.1609015, 0.0 ], [ 73.1458591, 28.1612048, 0.0 ], [ 73.145836, 28.1612044, 0.0 ], [ 73.1458412, 28.1609012, 0.0 ] ], [ [ 73.1457852, 28.1609004, 0.0 ], [ 73.1458083, 28.1609007, 0.0 ], [ 73.1458031, 28.161204, 0.0 ], [ 73.14578, 28.1612037, 0.0 ], [ 73.1457852, 28.1609004, 0.0 ] ], [ [ 73.1458573, 28.15997, 0.0 ], [ 73.1458804, 28.1599703, 0.0 ], [ 73.1458752, 28.1602736, 0.0 ], [ 73.145852, 28.1602733, 0.0 ], [ 73.1458573, 28.15997, 0.0 ] ], [ [ 73.1458013, 28.1599693, 0.0 ], [ 73.1458244, 28.1599696, 0.0 ], [ 73.1458192, 28.1602729, 0.0 ], [ 73.145796, 28.1602725, 0.0 ], [ 73.1458013, 28.1599693, 0.0 ] ], [ [ 73.1458519, 28.1602817, 0.0 ], [ 73.145875, 28.160282, 0.0 ], [ 73.1458698, 28.1605853, 0.0 ], [ 73.1458467, 28.160585, 0.0 ], [ 73.1458519, 28.1602817, 0.0 ] ], [ [ 73.1457959, 28.160281, 0.0 ], [ 73.145819, 28.1602813, 0.0 ], [ 73.1458138, 28.1605845, 0.0 ], [ 73.1457907, 28.1605842, 0.0 ], [ 73.1457959, 28.160281, 0.0 ] ], [ [ 73.1458679, 28.1593506, 0.0 ], [ 73.1458911, 28.1593509, 0.0 ], [ 73.1458858, 28.1596541, 0.0 ], [ 73.1458627, 28.1596538, 0.0 ], [ 73.1458679, 28.1593506, 0.0 ] ], [ [ 73.1458119, 28.1593498, 0.0 ], [ 73.1458351, 28.1593501, 0.0 ], [ 73.1458298, 28.1596534, 0.0 ], [ 73.1458067, 28.1596531, 0.0 ], [ 73.1458119, 28.1593498, 0.0 ] ], [ [ 73.1458626, 28.1596623, 0.0 ], [ 73.1458857, 28.1596626, 0.0 ], [ 73.1458805, 28.1599658, 0.0 ], [ 73.1458573, 28.1599655, 0.0 ], [ 73.1458626, 28.1596623, 0.0 ] ], [ [ 73.1458066, 28.1596615, 0.0 ], [ 73.1458297, 28.1596618, 0.0 ], [ 73.1458245, 28.1599651, 0.0 ], [ 73.1458013, 28.1599648, 0.0 ], [ 73.1458066, 28.1596615, 0.0 ] ], [ [ 73.1458786, 28.1587311, 0.0 ], [ 73.1459017, 28.1587314, 0.0 ], [ 73.1458965, 28.1590347, 0.0 ], [ 73.1458734, 28.1590344, 0.0 ], [ 73.1458786, 28.1587311, 0.0 ] ], [ [ 73.1458226, 28.1587303, 0.0 ], [ 73.1458457, 28.1587307, 0.0 ], [ 73.1458405, 28.1590339, 0.0 ], [ 73.1458174, 28.1590336, 0.0 ], [ 73.1458226, 28.1587303, 0.0 ] ], [ [ 73.1458732, 28.1590428, 0.0 ], [ 73.1458964, 28.1590431, 0.0 ], [ 73.1458911, 28.1593464, 0.0 ], [ 73.145868, 28.1593461, 0.0 ], [ 73.1458732, 28.1590428, 0.0 ] ], [ [ 73.1458172, 28.159042, 0.0 ], [ 73.1458404, 28.1590423, 0.0 ], [ 73.1458351, 28.1593456, 0.0 ], [ 73.145812, 28.1593453, 0.0 ], [ 73.1458172, 28.159042, 0.0 ] ], [ [ 73.1458893, 28.1581116, 0.0 ], [ 73.1459124, 28.1581119, 0.0 ], [ 73.1459072, 28.1584152, 0.0 ], [ 73.1458841, 28.1584149, 0.0 ], [ 73.1458893, 28.1581116, 0.0 ] ], [ [ 73.1458333, 28.1581109, 0.0 ], [ 73.1458564, 28.1581112, 0.0 ], [ 73.1458512, 28.1584145, 0.0 ], [ 73.1458281, 28.1584141, 0.0 ], [ 73.1458333, 28.1581109, 0.0 ] ], [ [ 73.1458839, 28.1584233, 0.0 ], [ 73.145907, 28.1584236, 0.0 ], [ 73.1459018, 28.1587269, 0.0 ], [ 73.1458787, 28.1587266, 0.0 ], [ 73.1458839, 28.1584233, 0.0 ] ], [ [ 73.1458279, 28.1584226, 0.0 ], [ 73.1458511, 28.1584229, 0.0 ], [ 73.1458458, 28.1587261, 0.0 ], [ 73.1458227, 28.1587258, 0.0 ], [ 73.1458279, 28.1584226, 0.0 ] ], [ [ 73.1459, 28.1574922, 0.0 ], [ 73.1459231, 28.1574925, 0.0 ], [ 73.1459179, 28.1577958, 0.0 ], [ 73.1458947, 28.1577954, 0.0 ], [ 73.1459, 28.1574922, 0.0 ] ], [ [ 73.145844, 28.1574914, 0.0 ], [ 73.1458671, 28.1574917, 0.0 ], [ 73.1458619, 28.157795, 0.0 ], [ 73.1458387, 28.1577947, 0.0 ], [ 73.145844, 28.1574914, 0.0 ] ], [ [ 73.1458946, 28.1578039, 0.0 ], [ 73.1459177, 28.1578042, 0.0 ], [ 73.1459125, 28.1581074, 0.0 ], [ 73.1458894, 28.1581071, 0.0 ], [ 73.1458946, 28.1578039, 0.0 ] ], [ [ 73.1458386, 28.1578031, 0.0 ], [ 73.1458617, 28.1578034, 0.0 ], [ 73.1458565, 28.1581067, 0.0 ], [ 73.1458334, 28.1581064, 0.0 ], [ 73.1458386, 28.1578031, 0.0 ] ], [ [ 73.1457346, 28.160588, 0.0 ], [ 73.1457577, 28.1605883, 0.0 ], [ 73.1457525, 28.1608916, 0.0 ], [ 73.1457294, 28.1608912, 0.0 ], [ 73.1457346, 28.160588, 0.0 ] ], [ [ 73.1456786, 28.1605872, 0.0 ], [ 73.1457017, 28.1605875, 0.0 ], [ 73.1456965, 28.1608908, 0.0 ], [ 73.1456734, 28.1608905, 0.0 ], [ 73.1456786, 28.1605872, 0.0 ] ], [ [ 73.1457292, 28.1608997, 0.0 ], [ 73.1457523, 28.1609, 0.0 ], [ 73.1457471, 28.1612032, 0.0 ], [ 73.145724, 28.1612029, 0.0 ], [ 73.1457292, 28.1608997, 0.0 ] ], [ [ 73.1456732, 28.1608989, 0.0 ], [ 73.1456964, 28.1608992, 0.0 ], [ 73.1456911, 28.1612025, 0.0 ], [ 73.145668, 28.1612022, 0.0 ], [ 73.1456732, 28.1608989, 0.0 ] ], [ [ 73.1457453, 28.1599685, 0.0 ], [ 73.1457684, 28.1599688, 0.0 ], [ 73.1457632, 28.1602721, 0.0 ], [ 73.14574, 28.1602718, 0.0 ], [ 73.1457453, 28.1599685, 0.0 ] ], [ [ 73.1456893, 28.1599678, 0.0 ], [ 73.1457124, 28.1599681, 0.0 ], [ 73.1457072, 28.1602713, 0.0 ], [ 73.1456841, 28.160271, 0.0 ], [ 73.1456893, 28.1599678, 0.0 ] ], [ [ 73.1457399, 28.1602802, 0.0 ], [ 73.145763, 28.1602805, 0.0 ], [ 73.1457578, 28.1605838, 0.0 ], [ 73.1457347, 28.1605835, 0.0 ], [ 73.1457399, 28.1602802, 0.0 ] ], [ [ 73.1456839, 28.1602794, 0.0 ], [ 73.145707, 28.1602798, 0.0 ], [ 73.1457018, 28.160583, 0.0 ], [ 73.1456787, 28.1605827, 0.0 ], [ 73.1456839, 28.1602794, 0.0 ] ], [ [ 73.145756, 28.159349, 0.0 ], [ 73.1457791, 28.1593494, 0.0 ], [ 73.1457739, 28.1596526, 0.0 ], [ 73.1457507, 28.1596523, 0.0 ], [ 73.145756, 28.159349, 0.0 ] ], [ [ 73.1457, 28.1593483, 0.0 ], [ 73.1457231, 28.1593486, 0.0 ], [ 73.1457179, 28.1596519, 0.0 ], [ 73.1456947, 28.1596516, 0.0 ], [ 73.1457, 28.1593483, 0.0 ] ], [ [ 73.1457506, 28.1596607, 0.0 ], [ 73.1457737, 28.159661, 0.0 ], [ 73.1457685, 28.1599643, 0.0 ], [ 73.1457453, 28.159964, 0.0 ], [ 73.1457506, 28.1596607, 0.0 ] ], [ [ 73.1456946, 28.15966, 0.0 ], [ 73.1457177, 28.1596603, 0.0 ], [ 73.1457125, 28.1599636, 0.0 ], [ 73.1456894, 28.1599632, 0.0 ], [ 73.1456946, 28.15966, 0.0 ] ], [ [ 73.1457666, 28.1587296, 0.0 ], [ 73.1457898, 28.1587299, 0.0 ], [ 73.1457845, 28.1590332, 0.0 ], [ 73.1457614, 28.1590329, 0.0 ], [ 73.1457666, 28.1587296, 0.0 ] ], [ [ 73.1457106, 28.1587288, 0.0 ], [ 73.1457338, 28.1587291, 0.0 ], [ 73.1457285, 28.1590324, 0.0 ], [ 73.1457054, 28.1590321, 0.0 ], [ 73.1457106, 28.1587288, 0.0 ] ], [ [ 73.1457613, 28.1590413, 0.0 ], [ 73.1457844, 28.1590416, 0.0 ], [ 73.1457792, 28.1593449, 0.0 ], [ 73.145756, 28.1593445, 0.0 ], [ 73.1457613, 28.1590413, 0.0 ] ], [ [ 73.1457053, 28.1590405, 0.0 ], [ 73.1457284, 28.1590408, 0.0 ], [ 73.1457232, 28.1593441, 0.0 ], [ 73.1457, 28.1593438, 0.0 ], [ 73.1457053, 28.1590405, 0.0 ] ], [ [ 73.1457773, 28.1581101, 0.0 ], [ 73.1458004, 28.1581104, 0.0 ], [ 73.1457952, 28.1584137, 0.0 ], [ 73.1457721, 28.1584134, 0.0 ], [ 73.1457773, 28.1581101, 0.0 ] ], [ [ 73.1457213, 28.1581094, 0.0 ], [ 73.1457444, 28.1581097, 0.0 ], [ 73.1457392, 28.1584129, 0.0 ], [ 73.1457161, 28.1584126, 0.0 ], [ 73.1457213, 28.1581094, 0.0 ] ], [ [ 73.1457719, 28.1584218, 0.0 ], [ 73.1457951, 28.1584221, 0.0 ], [ 73.1457898, 28.1587254, 0.0 ], [ 73.1457667, 28.1587251, 0.0 ], [ 73.1457719, 28.1584218, 0.0 ] ], [ [ 73.1457159, 28.158421, 0.0 ], [ 73.1457391, 28.1584214, 0.0 ], [ 73.1457338, 28.1587246, 0.0 ], [ 73.1457107, 28.1587243, 0.0 ], [ 73.1457159, 28.158421, 0.0 ] ], [ [ 73.145788, 28.1574907, 0.0 ], [ 73.1458111, 28.157491, 0.0 ], [ 73.1458059, 28.1577942, 0.0 ], [ 73.1457828, 28.1577939, 0.0 ], [ 73.145788, 28.1574907, 0.0 ] ], [ [ 73.145732, 28.1574899, 0.0 ], [ 73.1457551, 28.1574902, 0.0 ], [ 73.1457499, 28.1577935, 0.0 ], [ 73.1457268, 28.1577932, 0.0 ], [ 73.145732, 28.1574899, 0.0 ] ], [ [ 73.1457826, 28.1578023, 0.0 ], [ 73.1458057, 28.1578027, 0.0 ], [ 73.1458005, 28.1581059, 0.0 ], [ 73.1457774, 28.1581056, 0.0 ], [ 73.1457826, 28.1578023, 0.0 ] ], [ [ 73.1457266, 28.1578016, 0.0 ], [ 73.1457498, 28.1578019, 0.0 ], [ 73.1457445, 28.1581052, 0.0 ], [ 73.1457214, 28.1581048, 0.0 ], [ 73.1457266, 28.1578016, 0.0 ] ], [ [ 73.1456226, 28.1605865, 0.0 ], [ 73.1456457, 28.1605868, 0.0 ], [ 73.1456405, 28.16089, 0.0 ], [ 73.1456174, 28.1608897, 0.0 ], [ 73.1456226, 28.1605865, 0.0 ] ], [ [ 73.1455666, 28.1605857, 0.0 ], [ 73.1455897, 28.160586, 0.0 ], [ 73.1455845, 28.1608893, 0.0 ], [ 73.1455614, 28.160889, 0.0 ], [ 73.1455666, 28.1605857, 0.0 ] ], [ [ 73.1456172, 28.1608981, 0.0 ], [ 73.1456404, 28.1608985, 0.0 ], [ 73.1456351, 28.1612017, 0.0 ], [ 73.145612, 28.1612014, 0.0 ], [ 73.1456172, 28.1608981, 0.0 ] ], [ [ 73.1455612, 28.1608974, 0.0 ], [ 73.1455844, 28.1608977, 0.0 ], [ 73.1455791, 28.161201, 0.0 ], [ 73.145556, 28.1612007, 0.0 ], [ 73.1455612, 28.1608974, 0.0 ] ], [ [ 73.1456333, 28.159967, 0.0 ], [ 73.1456564, 28.1599673, 0.0 ], [ 73.1456512, 28.1602706, 0.0 ], [ 73.1456281, 28.1602703, 0.0 ], [ 73.1456333, 28.159967, 0.0 ] ], [ [ 73.1455773, 28.1599662, 0.0 ], [ 73.1456004, 28.1599666, 0.0 ], [ 73.1455952, 28.1602698, 0.0 ], [ 73.1455721, 28.1602695, 0.0 ], [ 73.1455773, 28.1599662, 0.0 ] ], [ [ 73.1456279, 28.1602787, 0.0 ], [ 73.145651, 28.160279, 0.0 ], [ 73.1456458, 28.1605823, 0.0 ], [ 73.1456227, 28.160582, 0.0 ], [ 73.1456279, 28.1602787, 0.0 ] ], [ [ 73.1455719, 28.1602779, 0.0 ], [ 73.1455951, 28.1602782, 0.0 ], [ 73.1455898, 28.1605815, 0.0 ], [ 73.1455667, 28.1605812, 0.0 ], [ 73.1455719, 28.1602779, 0.0 ] ], [ [ 73.145644, 28.1593475, 0.0 ], [ 73.1456671, 28.1593478, 0.0 ], [ 73.1456619, 28.1596511, 0.0 ], [ 73.1456387, 28.1596508, 0.0 ], [ 73.145644, 28.1593475, 0.0 ] ], [ [ 73.145588, 28.1593468, 0.0 ], [ 73.1456111, 28.1593471, 0.0 ], [ 73.1456059, 28.1596504, 0.0 ], [ 73.1455827, 28.15965, 0.0 ], [ 73.145588, 28.1593468, 0.0 ] ], [ [ 73.1456386, 28.1596592, 0.0 ], [ 73.1456617, 28.1596595, 0.0 ], [ 73.1456565, 28.1599628, 0.0 ], [ 73.1456334, 28.1599625, 0.0 ], [ 73.1456386, 28.1596592, 0.0 ] ], [ [ 73.1455826, 28.1596585, 0.0 ], [ 73.1456057, 28.1596588, 0.0 ], [ 73.1456005, 28.159962, 0.0 ], [ 73.1455774, 28.1599617, 0.0 ], [ 73.1455826, 28.1596585, 0.0 ] ], [ [ 73.1456546, 28.1587281, 0.0 ], [ 73.1456778, 28.1587284, 0.0 ], [ 73.1456725, 28.1590316, 0.0 ], [ 73.1456494, 28.1590313, 0.0 ], [ 73.1456546, 28.1587281, 0.0 ] ], [ [ 73.1455987, 28.1587273, 0.0 ], [ 73.1456218, 28.1587276, 0.0 ], [ 73.1456166, 28.1590309, 0.0 ], [ 73.1455934, 28.1590306, 0.0 ], [ 73.1455987, 28.1587273, 0.0 ] ], [ [ 73.1456493, 28.1590398, 0.0 ], [ 73.1456724, 28.1590401, 0.0 ], [ 73.1456672, 28.1593433, 0.0 ], [ 73.145644, 28.159343, 0.0 ], [ 73.1456493, 28.1590398, 0.0 ] ], [ [ 73.1455933, 28.159039, 0.0 ], [ 73.1456164, 28.1590393, 0.0 ], [ 73.1456112, 28.1593426, 0.0 ], [ 73.1455881, 28.1593423, 0.0 ], [ 73.1455933, 28.159039, 0.0 ] ], [ [ 73.1456653, 28.1581086, 0.0 ], [ 73.1456885, 28.1581089, 0.0 ], [ 73.1456832, 28.1584122, 0.0 ], [ 73.1456601, 28.1584119, 0.0 ], [ 73.1456653, 28.1581086, 0.0 ] ], [ [ 73.1456093, 28.1581078, 0.0 ], [ 73.1456325, 28.1581082, 0.0 ], [ 73.1456272, 28.1584114, 0.0 ], [ 73.1456041, 28.1584111, 0.0 ], [ 73.1456093, 28.1581078, 0.0 ] ], [ [ 73.14566, 28.1584203, 0.0 ], [ 73.1456831, 28.1584206, 0.0 ], [ 73.1456779, 28.1587239, 0.0 ], [ 73.1456547, 28.1587236, 0.0 ], [ 73.14566, 28.1584203, 0.0 ] ], [ [ 73.145604, 28.1584195, 0.0 ], [ 73.1456271, 28.1584198, 0.0 ], [ 73.1456219, 28.1587231, 0.0 ], [ 73.1455987, 28.1587228, 0.0 ], [ 73.145604, 28.1584195, 0.0 ] ], [ [ 73.145676, 28.1574891, 0.0 ], [ 73.1456991, 28.1574895, 0.0 ], [ 73.1456939, 28.1577927, 0.0 ], [ 73.1456708, 28.1577924, 0.0 ], [ 73.145676, 28.1574891, 0.0 ] ], [ [ 73.14562, 28.1574884, 0.0 ], [ 73.1456431, 28.1574887, 0.0 ], [ 73.1456379, 28.157792, 0.0 ], [ 73.1456148, 28.1577916, 0.0 ], [ 73.14562, 28.1574884, 0.0 ] ], [ [ 73.1456706, 28.1578008, 0.0 ], [ 73.1456938, 28.1578011, 0.0 ], [ 73.1456885, 28.1581044, 0.0 ], [ 73.1456654, 28.1581041, 0.0 ], [ 73.1456706, 28.1578008, 0.0 ] ], [ [ 73.1456146, 28.1578001, 0.0 ], [ 73.1456378, 28.1578004, 0.0 ], [ 73.1456325, 28.1581036, 0.0 ], [ 73.1456094, 28.1581033, 0.0 ], [ 73.1456146, 28.1578001, 0.0 ] ], [ [ 73.1455106, 28.1605849, 0.0 ], [ 73.1455338, 28.1605853, 0.0 ], [ 73.1455285, 28.1608885, 0.0 ], [ 73.1455054, 28.1608882, 0.0 ], [ 73.1455106, 28.1605849, 0.0 ] ], [ [ 73.1454546, 28.1605842, 0.0 ], [ 73.1454778, 28.1605845, 0.0 ], [ 73.1454725, 28.1608878, 0.0 ], [ 73.1454494, 28.1608875, 0.0 ], [ 73.1454546, 28.1605842, 0.0 ] ], [ [ 73.1455052, 28.1608966, 0.0 ], [ 73.1455284, 28.1608969, 0.0 ], [ 73.1455231, 28.1612002, 0.0 ], [ 73.1455, 28.1611999, 0.0 ], [ 73.1455052, 28.1608966, 0.0 ] ], [ [ 73.1454493, 28.1608959, 0.0 ], [ 73.1454724, 28.1608962, 0.0 ], [ 73.1454672, 28.1611995, 0.0 ], [ 73.145444, 28.1611991, 0.0 ], [ 73.1454493, 28.1608959, 0.0 ] ], [ [ 73.1455213, 28.1599655, 0.0 ], [ 73.1455444, 28.1599658, 0.0 ], [ 73.1455392, 28.1602691, 0.0 ], [ 73.1455161, 28.1602687, 0.0 ], [ 73.1455213, 28.1599655, 0.0 ] ], [ [ 73.1454653, 28.1599647, 0.0 ], [ 73.1454884, 28.159965, 0.0 ], [ 73.1454832, 28.1602683, 0.0 ], [ 73.1454601, 28.160268, 0.0 ], [ 73.1454653, 28.1599647, 0.0 ] ], [ [ 73.1455159, 28.1602772, 0.0 ], [ 73.1455391, 28.1602775, 0.0 ], [ 73.1455338, 28.1605807, 0.0 ], [ 73.1455107, 28.1605804, 0.0 ], [ 73.1455159, 28.1602772, 0.0 ] ], [ [ 73.1454599, 28.1602764, 0.0 ], [ 73.1454831, 28.1602767, 0.0 ], [ 73.1454778, 28.16058, 0.0 ], [ 73.1454547, 28.1605797, 0.0 ], [ 73.1454599, 28.1602764, 0.0 ] ], [ [ 73.145532, 28.159346, 0.0 ], [ 73.1455551, 28.1593463, 0.0 ], [ 73.1455499, 28.1596496, 0.0 ], [ 73.1455268, 28.1596493, 0.0 ], [ 73.145532, 28.159346, 0.0 ] ], [ [ 73.145476, 28.1593453, 0.0 ], [ 73.1454991, 28.1593456, 0.0 ], [ 73.1454939, 28.1596488, 0.0 ], [ 73.1454708, 28.1596485, 0.0 ], [ 73.145476, 28.1593453, 0.0 ] ], [ [ 73.1455266, 28.1596577, 0.0 ], [ 73.1455497, 28.159658, 0.0 ], [ 73.1455445, 28.1599613, 0.0 ], [ 73.1455214, 28.159961, 0.0 ], [ 73.1455266, 28.1596577, 0.0 ] ], [ [ 73.1454706, 28.1596569, 0.0 ], [ 73.1454937, 28.1596573, 0.0 ], [ 73.1454885, 28.1599605, 0.0 ], [ 73.1454654, 28.1599602, 0.0 ], [ 73.1454706, 28.1596569, 0.0 ] ], [ [ 73.1455427, 28.1587266, 0.0 ], [ 73.1455658, 28.1587269, 0.0 ], [ 73.1455606, 28.1590301, 0.0 ], [ 73.1455374, 28.1590298, 0.0 ], [ 73.1455427, 28.1587266, 0.0 ] ], [ [ 73.1454867, 28.1587258, 0.0 ], [ 73.1455098, 28.1587261, 0.0 ], [ 73.1455046, 28.1590294, 0.0 ], [ 73.1454814, 28.1590291, 0.0 ], [ 73.1454867, 28.1587258, 0.0 ] ], [ [ 73.1455373, 28.1590382, 0.0 ], [ 73.1455604, 28.1590385, 0.0 ], [ 73.1455552, 28.1593418, 0.0 ], [ 73.1455321, 28.1593415, 0.0 ], [ 73.1455373, 28.1590382, 0.0 ] ], [ [ 73.1454813, 28.1590375, 0.0 ], [ 73.1455044, 28.1590378, 0.0 ], [ 73.1454992, 28.1593411, 0.0 ], [ 73.1454761, 28.1593407, 0.0 ], [ 73.1454813, 28.1590375, 0.0 ] ], [ [ 73.1455533, 28.1581071, 0.0 ], [ 73.1455765, 28.1581074, 0.0 ], [ 73.1455712, 28.1584107, 0.0 ], [ 73.1455481, 28.1584104, 0.0 ], [ 73.1455533, 28.1581071, 0.0 ] ], [ [ 73.1454974, 28.1581063, 0.0 ], [ 73.1455205, 28.1581066, 0.0 ], [ 73.1455153, 28.1584099, 0.0 ], [ 73.1454921, 28.1584096, 0.0 ], [ 73.1454974, 28.1581063, 0.0 ] ], [ [ 73.145548, 28.1584188, 0.0 ], [ 73.1455711, 28.1584191, 0.0 ], [ 73.1455659, 28.1587224, 0.0 ], [ 73.1455427, 28.158722, 0.0 ], [ 73.145548, 28.1584188, 0.0 ] ], [ [ 73.145492, 28.158418, 0.0 ], [ 73.1455151, 28.1584183, 0.0 ], [ 73.1455099, 28.1587216, 0.0 ], [ 73.1454868, 28.1587213, 0.0 ], [ 73.145492, 28.158418, 0.0 ] ], [ [ 73.145564, 28.1574876, 0.0 ], [ 73.1455872, 28.1574879, 0.0 ], [ 73.1455819, 28.1577912, 0.0 ], [ 73.1455588, 28.1577909, 0.0 ], [ 73.145564, 28.1574876, 0.0 ] ], [ [ 73.145508, 28.1574869, 0.0 ], [ 73.1455312, 28.1574872, 0.0 ], [ 73.1455259, 28.1577904, 0.0 ], [ 73.1455028, 28.1577901, 0.0 ], [ 73.145508, 28.1574869, 0.0 ] ], [ [ 73.1455587, 28.1577993, 0.0 ], [ 73.1455818, 28.1577996, 0.0 ], [ 73.1455766, 28.1581029, 0.0 ], [ 73.1455534, 28.1581026, 0.0 ], [ 73.1455587, 28.1577993, 0.0 ] ], [ [ 73.1455027, 28.1577985, 0.0 ], [ 73.1455258, 28.1577989, 0.0 ], [ 73.1455206, 28.1581021, 0.0 ], [ 73.1454974, 28.1581018, 0.0 ], [ 73.1455027, 28.1577985, 0.0 ] ], [ [ 73.1453986, 28.1605834, 0.0 ], [ 73.1454218, 28.1605837, 0.0 ], [ 73.1454165, 28.160887, 0.0 ], [ 73.1453934, 28.1608867, 0.0 ], [ 73.1453986, 28.1605834, 0.0 ] ], [ [ 73.1453426, 28.1605827, 0.0 ], [ 73.1453658, 28.160583, 0.0 ], [ 73.1453605, 28.1608863, 0.0 ], [ 73.1453374, 28.1608859, 0.0 ], [ 73.1453426, 28.1605827, 0.0 ] ], [ [ 73.1453933, 28.1608951, 0.0 ], [ 73.1454164, 28.1608954, 0.0 ], [ 73.1454112, 28.1611987, 0.0 ], [ 73.145388, 28.1611984, 0.0 ], [ 73.1453933, 28.1608951, 0.0 ] ], [ [ 73.1453373, 28.1608944, 0.0 ], [ 73.1453604, 28.1608947, 0.0 ], [ 73.1453552, 28.1611979, 0.0 ], [ 73.145332, 28.1611976, 0.0 ], [ 73.1453373, 28.1608944, 0.0 ] ], [ [ 73.1454093, 28.159964, 0.0 ], [ 73.1454325, 28.1599643, 0.0 ], [ 73.1454272, 28.1602675, 0.0 ], [ 73.1454041, 28.1602672, 0.0 ], [ 73.1454093, 28.159964, 0.0 ] ], [ [ 73.1453533, 28.1599632, 0.0 ], [ 73.1453765, 28.1599635, 0.0 ], [ 73.1453712, 28.1602668, 0.0 ], [ 73.1453481, 28.1602665, 0.0 ], [ 73.1453533, 28.1599632, 0.0 ] ], [ [ 73.1454039, 28.1602756, 0.0 ], [ 73.1454271, 28.160276, 0.0 ], [ 73.1454218, 28.1605792, 0.0 ], [ 73.1453987, 28.1605789, 0.0 ], [ 73.1454039, 28.1602756, 0.0 ] ], [ [ 73.145348, 28.1602749, 0.0 ], [ 73.1453711, 28.1602752, 0.0 ], [ 73.1453659, 28.1605785, 0.0 ], [ 73.1453427, 28.1605782, 0.0 ], [ 73.145348, 28.1602749, 0.0 ] ], [ [ 73.14542, 28.1593445, 0.0 ], [ 73.1454431, 28.1593448, 0.0 ], [ 73.1454379, 28.1596481, 0.0 ], [ 73.1454148, 28.1596478, 0.0 ], [ 73.14542, 28.1593445, 0.0 ] ], [ [ 73.145364, 28.1593437, 0.0 ], [ 73.1453871, 28.1593441, 0.0 ], [ 73.1453819, 28.1596473, 0.0 ], [ 73.1453588, 28.159647, 0.0 ], [ 73.145364, 28.1593437, 0.0 ] ], [ [ 73.1454146, 28.1596562, 0.0 ], [ 73.1454378, 28.1596565, 0.0 ], [ 73.1454325, 28.1599598, 0.0 ], [ 73.1454094, 28.1599595, 0.0 ], [ 73.1454146, 28.1596562, 0.0 ] ], [ [ 73.1453586, 28.1596554, 0.0 ], [ 73.1453818, 28.1596557, 0.0 ], [ 73.1453765, 28.159959, 0.0 ], [ 73.1453534, 28.1599587, 0.0 ], [ 73.1453586, 28.1596554, 0.0 ] ], [ [ 73.1454307, 28.158725, 0.0 ], [ 73.1454538, 28.1587253, 0.0 ], [ 73.1454486, 28.1590286, 0.0 ], [ 73.1454255, 28.1590283, 0.0 ], [ 73.1454307, 28.158725, 0.0 ] ], [ [ 73.1453747, 28.1587243, 0.0 ], [ 73.1453978, 28.1587246, 0.0 ], [ 73.1453926, 28.1590279, 0.0 ], [ 73.1453695, 28.1590275, 0.0 ], [ 73.1453747, 28.1587243, 0.0 ] ], [ [ 73.1454253, 28.1590367, 0.0 ], [ 73.1454484, 28.159037, 0.0 ], [ 73.1454432, 28.1593403, 0.0 ], [ 73.1454201, 28.15934, 0.0 ], [ 73.1454253, 28.1590367, 0.0 ] ], [ [ 73.1453693, 28.159036, 0.0 ], [ 73.1453924, 28.1590363, 0.0 ], [ 73.1453872, 28.1593395, 0.0 ], [ 73.1453641, 28.1593392, 0.0 ], [ 73.1453693, 28.159036, 0.0 ] ], [ [ 73.1454414, 28.1581056, 0.0 ], [ 73.1454645, 28.1581059, 0.0 ], [ 73.1454593, 28.1584092, 0.0 ], [ 73.1454361, 28.1584088, 0.0 ], [ 73.1454414, 28.1581056, 0.0 ] ], [ [ 73.1453854, 28.1581048, 0.0 ], [ 73.1454085, 28.1581051, 0.0 ], [ 73.1454033, 28.1584084, 0.0 ], [ 73.1453801, 28.1584081, 0.0 ], [ 73.1453854, 28.1581048, 0.0 ] ], [ [ 73.145436, 28.1584173, 0.0 ], [ 73.1454591, 28.1584176, 0.0 ], [ 73.1454539, 28.1587208, 0.0 ], [ 73.1454308, 28.1587205, 0.0 ], [ 73.145436, 28.1584173, 0.0 ] ], [ [ 73.14538, 28.1584165, 0.0 ], [ 73.1454031, 28.1584168, 0.0 ], [ 73.1453979, 28.1587201, 0.0 ], [ 73.1453748, 28.1587198, 0.0 ], [ 73.14538, 28.1584165, 0.0 ] ], [ [ 73.145452, 28.1574861, 0.0 ], [ 73.1454752, 28.1574864, 0.0 ], [ 73.1454699, 28.1577897, 0.0 ], [ 73.1454468, 28.1577894, 0.0 ], [ 73.145452, 28.1574861, 0.0 ] ], [ [ 73.1453961, 28.1574853, 0.0 ], [ 73.1454192, 28.1574857, 0.0 ], [ 73.145414, 28.1577889, 0.0 ], [ 73.1453908, 28.1577886, 0.0 ], [ 73.1453961, 28.1574853, 0.0 ] ], [ [ 73.1454467, 28.1577978, 0.0 ], [ 73.1454698, 28.1577981, 0.0 ], [ 73.1454646, 28.1581014, 0.0 ], [ 73.1454414, 28.1581011, 0.0 ], [ 73.1454467, 28.1577978, 0.0 ] ], [ [ 73.1453907, 28.157797, 0.0 ], [ 73.1454138, 28.1577973, 0.0 ], [ 73.1454086, 28.1581006, 0.0 ], [ 73.1453854, 28.1581003, 0.0 ], [ 73.1453907, 28.157797, 0.0 ] ], [ [ 73.1452973, 28.1599624, 0.0 ], [ 73.1453205, 28.1599628, 0.0 ], [ 73.1453152, 28.160266, 0.0 ], [ 73.1452921, 28.1602657, 0.0 ], [ 73.1452973, 28.1599624, 0.0 ] ], [ [ 73.1452413, 28.1599617, 0.0 ], [ 73.1452645, 28.159962, 0.0 ], [ 73.1452592, 28.1602653, 0.0 ], [ 73.1452361, 28.160265, 0.0 ], [ 73.1452413, 28.1599617, 0.0 ] ], [ [ 73.145292, 28.1602741, 0.0 ], [ 73.1453151, 28.1602744, 0.0 ], [ 73.1453099, 28.1605777, 0.0 ], [ 73.1452867, 28.1605774, 0.0 ], [ 73.145292, 28.1602741, 0.0 ] ], [ [ 73.145236, 28.1602734, 0.0 ], [ 73.1452591, 28.1602737, 0.0 ], [ 73.1452539, 28.160577, 0.0 ], [ 73.1452307, 28.1605766, 0.0 ], [ 73.145236, 28.1602734, 0.0 ] ], [ [ 73.145308, 28.159343, 0.0 ], [ 73.1453311, 28.1593433, 0.0 ], [ 73.1453259, 28.1596466, 0.0 ], [ 73.1453028, 28.1596463, 0.0 ], [ 73.145308, 28.159343, 0.0 ] ], [ [ 73.145252, 28.1593422, 0.0 ], [ 73.1452752, 28.1593425, 0.0 ], [ 73.1452699, 28.1596458, 0.0 ], [ 73.1452468, 28.1596455, 0.0 ], [ 73.145252, 28.1593422, 0.0 ] ], [ [ 73.1453026, 28.1596547, 0.0 ], [ 73.1453258, 28.159655, 0.0 ], [ 73.1453205, 28.1599582, 0.0 ], [ 73.1452974, 28.1599579, 0.0 ], [ 73.1453026, 28.1596547, 0.0 ] ], [ [ 73.1452467, 28.1596539, 0.0 ], [ 73.1452698, 28.1596542, 0.0 ], [ 73.1452646, 28.1599575, 0.0 ], [ 73.1452414, 28.1599572, 0.0 ], [ 73.1452467, 28.1596539, 0.0 ] ], [ [ 73.1453187, 28.1587235, 0.0 ], [ 73.1453418, 28.1587238, 0.0 ], [ 73.1453366, 28.1590271, 0.0 ], [ 73.1453135, 28.1590268, 0.0 ], [ 73.1453187, 28.1587235, 0.0 ] ], [ [ 73.1452627, 28.1587228, 0.0 ], [ 73.1452858, 28.1587231, 0.0 ], [ 73.1452806, 28.1590263, 0.0 ], [ 73.1452575, 28.159026, 0.0 ], [ 73.1452627, 28.1587228, 0.0 ] ], [ [ 73.1453133, 28.1590352, 0.0 ], [ 73.1453365, 28.1590355, 0.0 ], [ 73.1453312, 28.1593388, 0.0 ], [ 73.1453081, 28.1593385, 0.0 ], [ 73.1453133, 28.1590352, 0.0 ] ], [ [ 73.1452573, 28.1590344, 0.0 ], [ 73.1452805, 28.1590348, 0.0 ], [ 73.1452752, 28.159338, 0.0 ], [ 73.1452521, 28.1593377, 0.0 ], [ 73.1452573, 28.1590344, 0.0 ] ], [ [ 73.1453294, 28.1581041, 0.0 ], [ 73.1453525, 28.1581044, 0.0 ], [ 73.1453473, 28.1584076, 0.0 ], [ 73.1453242, 28.1584073, 0.0 ], [ 73.1453294, 28.1581041, 0.0 ] ], [ [ 73.1452734, 28.1581033, 0.0 ], [ 73.1452965, 28.1581036, 0.0 ], [ 73.1452913, 28.1584069, 0.0 ], [ 73.1452682, 28.1584066, 0.0 ], [ 73.1452734, 28.1581033, 0.0 ] ], [ [ 73.145324, 28.1584157, 0.0 ], [ 73.1453471, 28.1584161, 0.0 ], [ 73.1453419, 28.1587193, 0.0 ], [ 73.1453188, 28.158719, 0.0 ], [ 73.145324, 28.1584157, 0.0 ] ], [ [ 73.145268, 28.158415, 0.0 ], [ 73.1452911, 28.1584153, 0.0 ], [ 73.1452859, 28.1587186, 0.0 ], [ 73.1452628, 28.1587182, 0.0 ], [ 73.145268, 28.158415, 0.0 ] ], [ [ 73.1453401, 28.1574846, 0.0 ], [ 73.1453632, 28.1574849, 0.0 ], [ 73.145358, 28.1577882, 0.0 ], [ 73.1453348, 28.1577879, 0.0 ], [ 73.1453401, 28.1574846, 0.0 ] ], [ [ 73.1452841, 28.1574838, 0.0 ], [ 73.1453072, 28.1574841, 0.0 ], [ 73.145302, 28.1577874, 0.0 ], [ 73.1452788, 28.1577871, 0.0 ], [ 73.1452841, 28.1574838, 0.0 ] ], [ [ 73.1453347, 28.1577963, 0.0 ], [ 73.1453578, 28.1577966, 0.0 ], [ 73.1453526, 28.1580999, 0.0 ], [ 73.1453295, 28.1580995, 0.0 ], [ 73.1453347, 28.1577963, 0.0 ] ], [ [ 73.1452787, 28.1577955, 0.0 ], [ 73.1453018, 28.1577958, 0.0 ], [ 73.1452966, 28.1580991, 0.0 ], [ 73.1452735, 28.1580988, 0.0 ], [ 73.1452787, 28.1577955, 0.0 ] ], [ [ 73.1451854, 28.1599609, 0.0 ], [ 73.1452085, 28.1599612, 0.0 ], [ 73.1452033, 28.1602645, 0.0 ], [ 73.1451801, 28.1602642, 0.0 ], [ 73.1451854, 28.1599609, 0.0 ] ], [ [ 73.1451294, 28.1599602, 0.0 ], [ 73.1451525, 28.1599605, 0.0 ], [ 73.1451473, 28.1602638, 0.0 ], [ 73.1451241, 28.1602634, 0.0 ], [ 73.1451294, 28.1599602, 0.0 ] ], [ [ 73.14518, 28.1602726, 0.0 ], [ 73.1452031, 28.1602729, 0.0 ], [ 73.1451979, 28.1605762, 0.0 ], [ 73.1451747, 28.1605759, 0.0 ], [ 73.14518, 28.1602726, 0.0 ] ], [ [ 73.145124, 28.1602719, 0.0 ], [ 73.1451471, 28.1602722, 0.0 ], [ 73.1451419, 28.1605754, 0.0 ], [ 73.1451188, 28.1605751, 0.0 ], [ 73.145124, 28.1602719, 0.0 ] ], [ [ 73.145196, 28.1593415, 0.0 ], [ 73.1452192, 28.1593418, 0.0 ], [ 73.1452139, 28.159645, 0.0 ], [ 73.1451908, 28.1596447, 0.0 ], [ 73.145196, 28.1593415, 0.0 ] ], [ [ 73.14514, 28.1593407, 0.0 ], [ 73.1451632, 28.159341, 0.0 ], [ 73.1451579, 28.1596443, 0.0 ], [ 73.1451348, 28.159644, 0.0 ], [ 73.14514, 28.1593407, 0.0 ] ], [ [ 73.1451907, 28.1596532, 0.0 ], [ 73.1452138, 28.1596535, 0.0 ], [ 73.1452086, 28.1599567, 0.0 ], [ 73.1451854, 28.1599564, 0.0 ], [ 73.1451907, 28.1596532, 0.0 ] ], [ [ 73.1451347, 28.1596524, 0.0 ], [ 73.1451578, 28.1596527, 0.0 ], [ 73.1451526, 28.159956, 0.0 ], [ 73.1451294, 28.1599557, 0.0 ], [ 73.1451347, 28.1596524, 0.0 ] ], [ [ 73.1452067, 28.158722, 0.0 ], [ 73.1452298, 28.1587223, 0.0 ], [ 73.1452246, 28.1590256, 0.0 ], [ 73.1452015, 28.1590253, 0.0 ], [ 73.1452067, 28.158722, 0.0 ] ], [ [ 73.1451507, 28.1587212, 0.0 ], [ 73.1451739, 28.1587216, 0.0 ], [ 73.1451686, 28.1590248, 0.0 ], [ 73.1451455, 28.1590245, 0.0 ], [ 73.1451507, 28.1587212, 0.0 ] ], [ [ 73.1452013, 28.1590337, 0.0 ], [ 73.1452245, 28.159034, 0.0 ], [ 73.1452192, 28.1593373, 0.0 ], [ 73.1451961, 28.159337, 0.0 ], [ 73.1452013, 28.1590337, 0.0 ] ], [ [ 73.1451454, 28.1590329, 0.0 ], [ 73.1451685, 28.1590332, 0.0 ], [ 73.1451633, 28.1593365, 0.0 ], [ 73.1451401, 28.1593362, 0.0 ], [ 73.1451454, 28.1590329, 0.0 ] ], [ [ 73.1452174, 28.1581025, 0.0 ], [ 73.1452405, 28.1581028, 0.0 ], [ 73.1452353, 28.1584061, 0.0 ], [ 73.1452122, 28.1584058, 0.0 ], [ 73.1452174, 28.1581025, 0.0 ] ], [ [ 73.1451614, 28.1581018, 0.0 ], [ 73.1451845, 28.1581021, 0.0 ], [ 73.1451793, 28.1584054, 0.0 ], [ 73.1451562, 28.158405, 0.0 ], [ 73.1451614, 28.1581018, 0.0 ] ], [ [ 73.145212, 28.1584142, 0.0 ], [ 73.1452352, 28.1584145, 0.0 ], [ 73.1452299, 28.1587178, 0.0 ], [ 73.1452068, 28.1587175, 0.0 ], [ 73.145212, 28.1584142, 0.0 ] ], [ [ 73.145156, 28.1584135, 0.0 ], [ 73.1451792, 28.1584138, 0.0 ], [ 73.1451739, 28.158717, 0.0 ], [ 73.1451508, 28.1587167, 0.0 ], [ 73.145156, 28.1584135, 0.0 ] ], [ [ 73.1452281, 28.1574831, 0.0 ], [ 73.1452512, 28.1574834, 0.0 ], [ 73.145246, 28.1577867, 0.0 ], [ 73.1452229, 28.1577863, 0.0 ], [ 73.1452281, 28.1574831, 0.0 ] ], [ [ 73.1451721, 28.1574823, 0.0 ], [ 73.1451952, 28.1574826, 0.0 ], [ 73.14519, 28.1577859, 0.0 ], [ 73.1451669, 28.1577856, 0.0 ], [ 73.1451721, 28.1574823, 0.0 ] ], [ [ 73.1452227, 28.1577948, 0.0 ], [ 73.1452458, 28.1577951, 0.0 ], [ 73.1452406, 28.1580983, 0.0 ], [ 73.1452175, 28.158098, 0.0 ], [ 73.1452227, 28.1577948, 0.0 ] ], [ [ 73.1451667, 28.157794, 0.0 ], [ 73.1451898, 28.1577943, 0.0 ], [ 73.1451846, 28.1580976, 0.0 ], [ 73.1451615, 28.1580973, 0.0 ], [ 73.1451667, 28.157794, 0.0 ] ], [ [ 73.1450734, 28.1599594, 0.0 ], [ 73.1450965, 28.1599597, 0.0 ], [ 73.1450913, 28.160263, 0.0 ], [ 73.1450681, 28.1602627, 0.0 ], [ 73.1450734, 28.1599594, 0.0 ] ], [ [ 73.1450174, 28.1599587, 0.0 ], [ 73.1450405, 28.159959, 0.0 ], [ 73.1450353, 28.1602622, 0.0 ], [ 73.1450121, 28.1602619, 0.0 ], [ 73.1450174, 28.1599587, 0.0 ] ], [ [ 73.145068, 28.1602711, 0.0 ], [ 73.1450911, 28.1602714, 0.0 ], [ 73.1450859, 28.1605747, 0.0 ], [ 73.1450628, 28.1605744, 0.0 ], [ 73.145068, 28.1602711, 0.0 ] ], [ [ 73.145012, 28.1602703, 0.0 ], [ 73.1450351, 28.1602707, 0.0 ], [ 73.1450299, 28.1605739, 0.0 ], [ 73.1450068, 28.1605736, 0.0 ], [ 73.145012, 28.1602703, 0.0 ] ], [ [ 73.1450841, 28.1593399, 0.0 ], [ 73.1451072, 28.1593403, 0.0 ], [ 73.145102, 28.1596435, 0.0 ], [ 73.1450788, 28.1596432, 0.0 ], [ 73.1450841, 28.1593399, 0.0 ] ], [ [ 73.1450281, 28.1593392, 0.0 ], [ 73.1450512, 28.1593395, 0.0 ], [ 73.145046, 28.1596428, 0.0 ], [ 73.1450228, 28.1596425, 0.0 ], [ 73.1450281, 28.1593392, 0.0 ] ], [ [ 73.1450787, 28.1596516, 0.0 ], [ 73.1451018, 28.1596519, 0.0 ], [ 73.1450966, 28.1599552, 0.0 ], [ 73.1450734, 28.1599549, 0.0 ], [ 73.1450787, 28.1596516, 0.0 ] ], [ [ 73.1450227, 28.1596509, 0.0 ], [ 73.1450458, 28.1596512, 0.0 ], [ 73.1450406, 28.1599545, 0.0 ], [ 73.1450175, 28.1599541, 0.0 ], [ 73.1450227, 28.1596509, 0.0 ] ], [ [ 73.1450947, 28.1587205, 0.0 ], [ 73.1451179, 28.1587208, 0.0 ], [ 73.1451126, 28.1590241, 0.0 ], [ 73.1450895, 28.1590238, 0.0 ], [ 73.1450947, 28.1587205, 0.0 ] ], [ [ 73.1450387, 28.1587197, 0.0 ], [ 73.1450619, 28.15872, 0.0 ], [ 73.1450566, 28.1590233, 0.0 ], [ 73.1450335, 28.159023, 0.0 ], [ 73.1450387, 28.1587197, 0.0 ] ], [ [ 73.1450894, 28.1590322, 0.0 ], [ 73.1451125, 28.1590325, 0.0 ], [ 73.1451073, 28.1593358, 0.0 ], [ 73.1450841, 28.1593354, 0.0 ], [ 73.1450894, 28.1590322, 0.0 ] ], [ [ 73.1450334, 28.1590314, 0.0 ], [ 73.1450565, 28.1590317, 0.0 ], [ 73.1450513, 28.159335, 0.0 ], [ 73.1450281, 28.1593347, 0.0 ], [ 73.1450334, 28.1590314, 0.0 ] ], [ [ 73.1451054, 28.158101, 0.0 ], [ 73.1451285, 28.1581013, 0.0 ], [ 73.1451233, 28.1584046, 0.0 ], [ 73.1451002, 28.1584043, 0.0 ], [ 73.1451054, 28.158101, 0.0 ] ], [ [ 73.1450494, 28.1581003, 0.0 ], [ 73.1450726, 28.1581006, 0.0 ], [ 73.1450673, 28.1584038, 0.0 ], [ 73.1450442, 28.1584035, 0.0 ], [ 73.1450494, 28.1581003, 0.0 ] ], [ [ 73.1451, 28.1584127, 0.0 ], [ 73.1451232, 28.158413, 0.0 ], [ 73.1451179, 28.1587163, 0.0 ], [ 73.1450948, 28.158716, 0.0 ], [ 73.1451, 28.1584127, 0.0 ] ], [ [ 73.1450441, 28.1584119, 0.0 ], [ 73.1450672, 28.1584123, 0.0 ], [ 73.145062, 28.1587155, 0.0 ], [ 73.1450388, 28.1587152, 0.0 ], [ 73.1450441, 28.1584119, 0.0 ] ], [ [ 73.1451161, 28.1574816, 0.0 ], [ 73.1451392, 28.1574819, 0.0 ], [ 73.145134, 28.1577851, 0.0 ], [ 73.1451109, 28.1577848, 0.0 ], [ 73.1451161, 28.1574816, 0.0 ] ], [ [ 73.1450601, 28.1574808, 0.0 ], [ 73.1450832, 28.1574811, 0.0 ], [ 73.145078, 28.1577844, 0.0 ], [ 73.1450549, 28.1577841, 0.0 ], [ 73.1450601, 28.1574808, 0.0 ] ], [ [ 73.1451107, 28.1577932, 0.0 ], [ 73.1451339, 28.1577936, 0.0 ], [ 73.1451286, 28.1580968, 0.0 ], [ 73.1451055, 28.1580965, 0.0 ], [ 73.1451107, 28.1577932, 0.0 ] ], [ [ 73.1450547, 28.1577925, 0.0 ], [ 73.1450779, 28.1577928, 0.0 ], [ 73.1450726, 28.1580961, 0.0 ], [ 73.1450495, 28.1580957, 0.0 ], [ 73.1450547, 28.1577925, 0.0 ] ], [ [ 73.1449614, 28.1599579, 0.0 ], [ 73.1449845, 28.1599582, 0.0 ], [ 73.1449793, 28.1602615, 0.0 ], [ 73.1449562, 28.1602612, 0.0 ], [ 73.1449614, 28.1599579, 0.0 ] ], [ [ 73.1449054, 28.1599571, 0.0 ], [ 73.1449285, 28.1599575, 0.0 ], [ 73.1449233, 28.1602607, 0.0 ], [ 73.1449002, 28.1602604, 0.0 ], [ 73.1449054, 28.1599571, 0.0 ] ], [ [ 73.144956, 28.1602696, 0.0 ], [ 73.1449791, 28.1602699, 0.0 ], [ 73.1449739, 28.1605732, 0.0 ], [ 73.1449508, 28.1605729, 0.0 ], [ 73.144956, 28.1602696, 0.0 ] ], [ [ 73.1449, 28.1602688, 0.0 ], [ 73.1449231, 28.1602691, 0.0 ], [ 73.1449179, 28.1605724, 0.0 ], [ 73.1448948, 28.1605721, 0.0 ], [ 73.1449, 28.1602688, 0.0 ] ], [ [ 73.1449721, 28.1593384, 0.0 ], [ 73.1449952, 28.1593387, 0.0 ], [ 73.14499, 28.159642, 0.0 ], [ 73.1449668, 28.1596417, 0.0 ], [ 73.1449721, 28.1593384, 0.0 ] ], [ [ 73.1449161, 28.1593377, 0.0 ], [ 73.1449392, 28.159338, 0.0 ], [ 73.144934, 28.1596413, 0.0 ], [ 73.1449108, 28.1596409, 0.0 ], [ 73.1449161, 28.1593377, 0.0 ] ], [ [ 73.1449667, 28.1596501, 0.0 ], [ 73.1449898, 28.1596504, 0.0 ], [ 73.1449846, 28.1599537, 0.0 ], [ 73.1449615, 28.1599534, 0.0 ], [ 73.1449667, 28.1596501, 0.0 ] ], [ [ 73.1449107, 28.1596494, 0.0 ], [ 73.1449338, 28.1596497, 0.0 ], [ 73.1449286, 28.1599529, 0.0 ], [ 73.1449055, 28.1599526, 0.0 ], [ 73.1449107, 28.1596494, 0.0 ] ], [ [ 73.1449828, 28.158719, 0.0 ], [ 73.1450059, 28.1587193, 0.0 ], [ 73.1450007, 28.1590225, 0.0 ], [ 73.1449775, 28.1590222, 0.0 ], [ 73.1449828, 28.158719, 0.0 ] ], [ [ 73.1449268, 28.1587182, 0.0 ], [ 73.1449499, 28.1587185, 0.0 ], [ 73.1449447, 28.1590218, 0.0 ], [ 73.1449215, 28.1590215, 0.0 ], [ 73.1449268, 28.1587182, 0.0 ] ], [ [ 73.1449774, 28.1590307, 0.0 ], [ 73.1450005, 28.159031, 0.0 ], [ 73.1449953, 28.1593342, 0.0 ], [ 73.1449721, 28.1593339, 0.0 ], [ 73.1449774, 28.1590307, 0.0 ] ], [ [ 73.1449214, 28.1590299, 0.0 ], [ 73.1449445, 28.1590302, 0.0 ], [ 73.1449393, 28.1593335, 0.0 ], [ 73.1449162, 28.1593332, 0.0 ], [ 73.1449214, 28.1590299, 0.0 ] ], [ [ 73.1449934, 28.1580995, 0.0 ], [ 73.1450166, 28.1580998, 0.0 ], [ 73.1450113, 28.1584031, 0.0 ], [ 73.1449882, 28.1584028, 0.0 ], [ 73.1449934, 28.1580995, 0.0 ] ], [ [ 73.1449374, 28.1580987, 0.0 ], [ 73.1449606, 28.1580991, 0.0 ], [ 73.1449553, 28.1584023, 0.0 ], [ 73.1449322, 28.158402, 0.0 ], [ 73.1449374, 28.1580987, 0.0 ] ], [ [ 73.1449881, 28.1584112, 0.0 ], [ 73.1450112, 28.1584115, 0.0 ], [ 73.145006, 28.1587148, 0.0 ], [ 73.1449828, 28.1587145, 0.0 ], [ 73.1449881, 28.1584112, 0.0 ] ], [ [ 73.1449321, 28.1584104, 0.0 ], [ 73.1449552, 28.1584107, 0.0 ], [ 73.14495, 28.158714, 0.0 ], [ 73.1449268, 28.1587137, 0.0 ], [ 73.1449321, 28.1584104, 0.0 ] ], [ [ 73.1450041, 28.15748, 0.0 ], [ 73.1450272, 28.1574804, 0.0 ], [ 73.145022, 28.1577836, 0.0 ], [ 73.1449989, 28.1577833, 0.0 ], [ 73.1450041, 28.15748, 0.0 ] ], [ [ 73.1449481, 28.1574793, 0.0 ], [ 73.1449713, 28.1574796, 0.0 ], [ 73.144966, 28.1577829, 0.0 ], [ 73.1449429, 28.1577825, 0.0 ], [ 73.1449481, 28.1574793, 0.0 ] ], [ [ 73.1449987, 28.1577917, 0.0 ], [ 73.1450219, 28.157792, 0.0 ], [ 73.1450166, 28.1580953, 0.0 ], [ 73.1449935, 28.158095, 0.0 ], [ 73.1449987, 28.1577917, 0.0 ] ], [ [ 73.1449428, 28.157791, 0.0 ], [ 73.1449659, 28.1577913, 0.0 ], [ 73.1449607, 28.1580945, 0.0 ], [ 73.1449375, 28.1580942, 0.0 ], [ 73.1449428, 28.157791, 0.0 ] ], [ [ 73.1448494, 28.1599564, 0.0 ], [ 73.1448725, 28.1599567, 0.0 ], [ 73.1448673, 28.16026, 0.0 ], [ 73.1448442, 28.1602596, 0.0 ], [ 73.1448494, 28.1599564, 0.0 ] ], [ [ 73.1447934, 28.1599556, 0.0 ], [ 73.1448165, 28.1599559, 0.0 ], [ 73.1448113, 28.1602592, 0.0 ], [ 73.1447882, 28.1602589, 0.0 ], [ 73.1447934, 28.1599556, 0.0 ] ], [ [ 73.144844, 28.1602681, 0.0 ], [ 73.1448672, 28.1602684, 0.0 ], [ 73.1448619, 28.1605716, 0.0 ], [ 73.1448388, 28.1605713, 0.0 ], [ 73.144844, 28.1602681, 0.0 ] ], [ [ 73.144788, 28.1602673, 0.0 ], [ 73.1448112, 28.1602676, 0.0 ], [ 73.1448059, 28.1605709, 0.0 ], [ 73.1447828, 28.1605706, 0.0 ], [ 73.144788, 28.1602673, 0.0 ] ], [ [ 73.1448601, 28.1593369, 0.0 ], [ 73.1448832, 28.1593372, 0.0 ], [ 73.144878, 28.1596405, 0.0 ], [ 73.1448549, 28.1596402, 0.0 ], [ 73.1448601, 28.1593369, 0.0 ] ], [ [ 73.1448041, 28.1593362, 0.0 ], [ 73.1448272, 28.1593365, 0.0 ], [ 73.144822, 28.1596397, 0.0 ], [ 73.1447989, 28.1596394, 0.0 ], [ 73.1448041, 28.1593362, 0.0 ] ], [ [ 73.1448547, 28.1596486, 0.0 ], [ 73.1448778, 28.1596489, 0.0 ], [ 73.1448726, 28.1599522, 0.0 ], [ 73.1448495, 28.1599519, 0.0 ], [ 73.1448547, 28.1596486, 0.0 ] ], [ [ 73.1447987, 28.1596478, 0.0 ], [ 73.1448218, 28.1596482, 0.0 ], [ 73.1448166, 28.1599514, 0.0 ], [ 73.1447935, 28.1599511, 0.0 ], [ 73.1447987, 28.1596478, 0.0 ] ], [ [ 73.1448708, 28.1587175, 0.0 ], [ 73.1448939, 28.1587178, 0.0 ], [ 73.1448887, 28.159021, 0.0 ], [ 73.1448655, 28.1590207, 0.0 ], [ 73.1448708, 28.1587175, 0.0 ] ], [ [ 73.1448148, 28.1587167, 0.0 ], [ 73.1448379, 28.158717, 0.0 ], [ 73.1448327, 28.1590203, 0.0 ], [ 73.1448095, 28.15902, 0.0 ], [ 73.1448148, 28.1587167, 0.0 ] ], [ [ 73.1448654, 28.1590291, 0.0 ], [ 73.1448885, 28.1590294, 0.0 ], [ 73.1448833, 28.1593327, 0.0 ], [ 73.1448602, 28.1593324, 0.0 ], [ 73.1448654, 28.1590291, 0.0 ] ], [ [ 73.1448094, 28.1590284, 0.0 ], [ 73.1448325, 28.1590287, 0.0 ], [ 73.1448273, 28.159332, 0.0 ], [ 73.1448042, 28.1593316, 0.0 ], [ 73.1448094, 28.1590284, 0.0 ] ], [ [ 73.1448815, 28.158098, 0.0 ], [ 73.1449046, 28.1580983, 0.0 ], [ 73.1448994, 28.1584016, 0.0 ], [ 73.1448762, 28.1584013, 0.0 ], [ 73.1448815, 28.158098, 0.0 ] ], [ [ 73.1448255, 28.1580972, 0.0 ], [ 73.1448486, 28.1580975, 0.0 ], [ 73.1448434, 28.1584008, 0.0 ], [ 73.1448202, 28.1584005, 0.0 ], [ 73.1448255, 28.1580972, 0.0 ] ], [ [ 73.1448761, 28.1584097, 0.0 ], [ 73.1448992, 28.15841, 0.0 ], [ 73.144894, 28.1587133, 0.0 ], [ 73.1448708, 28.1587129, 0.0 ], [ 73.1448761, 28.1584097, 0.0 ] ], [ [ 73.1448201, 28.1584089, 0.0 ], [ 73.1448432, 28.1584092, 0.0 ], [ 73.144838, 28.1587125, 0.0 ], [ 73.1448149, 28.1587122, 0.0 ], [ 73.1448201, 28.1584089, 0.0 ] ], [ [ 73.1448921, 28.1574785, 0.0 ], [ 73.1449153, 28.1574788, 0.0 ], [ 73.14491, 28.1577821, 0.0 ], [ 73.1448869, 28.1577818, 0.0 ], [ 73.1448921, 28.1574785, 0.0 ] ], [ [ 73.1448361, 28.1574778, 0.0 ], [ 73.1448593, 28.1574781, 0.0 ], [ 73.144854, 28.1577813, 0.0 ], [ 73.1448309, 28.157781, 0.0 ], [ 73.1448361, 28.1574778, 0.0 ] ], [ [ 73.1448868, 28.1577902, 0.0 ], [ 73.1449099, 28.1577905, 0.0 ], [ 73.1449047, 28.1580938, 0.0 ], [ 73.1448815, 28.1580935, 0.0 ], [ 73.1448868, 28.1577902, 0.0 ] ], [ [ 73.1448308, 28.1577894, 0.0 ], [ 73.1448539, 28.1577898, 0.0 ], [ 73.1448487, 28.158093, 0.0 ], [ 73.1448255, 28.1580927, 0.0 ], [ 73.1448308, 28.1577894, 0.0 ] ], [ [ 73.1447374, 28.1599549, 0.0 ], [ 73.1447605, 28.1599552, 0.0 ], [ 73.1447553, 28.1602584, 0.0 ], [ 73.1447322, 28.1602581, 0.0 ], [ 73.1447374, 28.1599549, 0.0 ] ], [ [ 73.1446814, 28.1599541, 0.0 ], [ 73.1447046, 28.1599544, 0.0 ], [ 73.1446993, 28.1602577, 0.0 ], [ 73.1446762, 28.1602574, 0.0 ], [ 73.1446814, 28.1599541, 0.0 ] ], [ [ 73.144732, 28.1602665, 0.0 ], [ 73.1447552, 28.1602669, 0.0 ], [ 73.1447499, 28.1605701, 0.0 ], [ 73.1447268, 28.1605698, 0.0 ], [ 73.144732, 28.1602665, 0.0 ] ], [ [ 73.1446761, 28.1602658, 0.0 ], [ 73.1446992, 28.1602661, 0.0 ], [ 73.1446939, 28.1605694, 0.0 ], [ 73.1446708, 28.1605691, 0.0 ], [ 73.1446761, 28.1602658, 0.0 ] ], [ [ 73.1447481, 28.1593354, 0.0 ], [ 73.1447712, 28.1593357, 0.0 ], [ 73.144766, 28.159639, 0.0 ], [ 73.1447429, 28.1596387, 0.0 ], [ 73.1447481, 28.1593354, 0.0 ] ], [ [ 73.1446921, 28.1593346, 0.0 ], [ 73.1447152, 28.159335, 0.0 ], [ 73.14471, 28.1596382, 0.0 ], [ 73.1446869, 28.1596379, 0.0 ], [ 73.1446921, 28.1593346, 0.0 ] ], [ [ 73.1447427, 28.1596471, 0.0 ], [ 73.1447659, 28.1596474, 0.0 ], [ 73.1447606, 28.1599507, 0.0 ], [ 73.1447375, 28.1599504, 0.0 ], [ 73.1447427, 28.1596471, 0.0 ] ], [ [ 73.1446867, 28.1596463, 0.0 ], [ 73.1447099, 28.1596466, 0.0 ], [ 73.1447046, 28.1599499, 0.0 ], [ 73.1446815, 28.1599496, 0.0 ], [ 73.1446867, 28.1596463, 0.0 ] ], [ [ 73.1447588, 28.1587159, 0.0 ], [ 73.1447819, 28.1587162, 0.0 ], [ 73.1447767, 28.1590195, 0.0 ], [ 73.1447536, 28.1590192, 0.0 ], [ 73.1447588, 28.1587159, 0.0 ] ], [ [ 73.1447028, 28.1587152, 0.0 ], [ 73.1447259, 28.1587155, 0.0 ], [ 73.1447207, 28.1590188, 0.0 ], [ 73.1446976, 28.1590184, 0.0 ], [ 73.1447028, 28.1587152, 0.0 ] ], [ [ 73.1447534, 28.1590276, 0.0 ], [ 73.1447765, 28.1590279, 0.0 ], [ 73.1447713, 28.1593312, 0.0 ], [ 73.1447482, 28.1593309, 0.0 ], [ 73.1447534, 28.1590276, 0.0 ] ], [ [ 73.1446974, 28.1590269, 0.0 ], [ 73.1447206, 28.1590272, 0.0 ], [ 73.1447153, 28.1593304, 0.0 ], [ 73.1446922, 28.1593301, 0.0 ], [ 73.1446974, 28.1590269, 0.0 ] ], [ [ 73.1447695, 28.1580965, 0.0 ], [ 73.1447926, 28.1580968, 0.0 ], [ 73.1447874, 28.1584, 0.0 ], [ 73.1447642, 28.1583997, 0.0 ], [ 73.1447695, 28.1580965, 0.0 ] ], [ [ 73.1447135, 28.1580957, 0.0 ], [ 73.1447366, 28.158096, 0.0 ], [ 73.1447314, 28.1583993, 0.0 ], [ 73.1447083, 28.158399, 0.0 ], [ 73.1447135, 28.1580957, 0.0 ] ], [ [ 73.1447641, 28.1584082, 0.0 ], [ 73.1447872, 28.1584085, 0.0 ], [ 73.144782, 28.1587117, 0.0 ], [ 73.1447589, 28.1587114, 0.0 ], [ 73.1447641, 28.1584082, 0.0 ] ], [ [ 73.1447081, 28.1584074, 0.0 ], [ 73.1447312, 28.1584077, 0.0 ], [ 73.144726, 28.158711, 0.0 ], [ 73.1447029, 28.1587107, 0.0 ], [ 73.1447081, 28.1584074, 0.0 ] ], [ [ 73.1447802, 28.157477, 0.0 ], [ 73.1448033, 28.1574773, 0.0 ], [ 73.1447981, 28.1577806, 0.0 ], [ 73.1447749, 28.1577803, 0.0 ], [ 73.1447802, 28.157477, 0.0 ] ], [ [ 73.1447242, 28.1574762, 0.0 ], [ 73.1447473, 28.1574766, 0.0 ], [ 73.1447421, 28.1577798, 0.0 ], [ 73.1447189, 28.1577795, 0.0 ], [ 73.1447242, 28.1574762, 0.0 ] ], [ [ 73.1447748, 28.1577887, 0.0 ], [ 73.1447979, 28.157789, 0.0 ], [ 73.1447927, 28.1580923, 0.0 ], [ 73.1447695, 28.158092, 0.0 ], [ 73.1447748, 28.1577887, 0.0 ] ], [ [ 73.1447188, 28.1577879, 0.0 ], [ 73.1447419, 28.1577882, 0.0 ], [ 73.1447367, 28.1580915, 0.0 ], [ 73.1447136, 28.1580912, 0.0 ], [ 73.1447188, 28.1577879, 0.0 ] ], [ [ 73.1446254, 28.1599533, 0.0 ], [ 73.1446486, 28.1599537, 0.0 ], [ 73.1446433, 28.1602569, 0.0 ], [ 73.1446202, 28.1602566, 0.0 ], [ 73.1446254, 28.1599533, 0.0 ] ], [ [ 73.1445694, 28.1599526, 0.0 ], [ 73.1445926, 28.1599529, 0.0 ], [ 73.1445873, 28.1602562, 0.0 ], [ 73.1445642, 28.1602559, 0.0 ], [ 73.1445694, 28.1599526, 0.0 ] ], [ [ 73.1446201, 28.160265, 0.0 ], [ 73.1446432, 28.1602653, 0.0 ], [ 73.144638, 28.1605686, 0.0 ], [ 73.1446148, 28.1605683, 0.0 ], [ 73.1446201, 28.160265, 0.0 ] ], [ [ 73.1445641, 28.1602643, 0.0 ], [ 73.1445872, 28.1602646, 0.0 ], [ 73.144582, 28.1605679, 0.0 ], [ 73.1445588, 28.1605675, 0.0 ], [ 73.1445641, 28.1602643, 0.0 ] ], [ [ 73.1446361, 28.1593339, 0.0 ], [ 73.1446592, 28.1593342, 0.0 ], [ 73.144654, 28.1596375, 0.0 ], [ 73.1446309, 28.1596371, 0.0 ], [ 73.1446361, 28.1593339, 0.0 ] ], [ [ 73.1445801, 28.1593331, 0.0 ], [ 73.1446033, 28.1593334, 0.0 ], [ 73.144598, 28.1596367, 0.0 ], [ 73.1445749, 28.1596364, 0.0 ], [ 73.1445801, 28.1593331, 0.0 ] ], [ [ 73.1446307, 28.1596456, 0.0 ], [ 73.1446539, 28.1596459, 0.0 ], [ 73.1446486, 28.1599491, 0.0 ], [ 73.1446255, 28.1599488, 0.0 ], [ 73.1446307, 28.1596456, 0.0 ] ], [ [ 73.1445748, 28.1596448, 0.0 ], [ 73.1445979, 28.1596451, 0.0 ], [ 73.1445927, 28.1599484, 0.0 ], [ 73.1445695, 28.1599481, 0.0 ], [ 73.1445748, 28.1596448, 0.0 ] ], [ [ 73.1446468, 28.1587144, 0.0 ], [ 73.1446699, 28.1587147, 0.0 ], [ 73.1446647, 28.159018, 0.0 ], [ 73.1446416, 28.1590177, 0.0 ], [ 73.1446468, 28.1587144, 0.0 ] ], [ [ 73.1445908, 28.1587137, 0.0 ], [ 73.1446139, 28.158714, 0.0 ], [ 73.1446087, 28.1590172, 0.0 ], [ 73.1445856, 28.1590169, 0.0 ], [ 73.1445908, 28.1587137, 0.0 ] ], [ [ 73.1446414, 28.1590261, 0.0 ], [ 73.1446646, 28.1590264, 0.0 ], [ 73.1446593, 28.1593297, 0.0 ], [ 73.1446362, 28.1593294, 0.0 ], [ 73.1446414, 28.1590261, 0.0 ] ], [ [ 73.1445854, 28.1590253, 0.0 ], [ 73.1446086, 28.1590257, 0.0 ], [ 73.1446033, 28.1593289, 0.0 ], [ 73.1445802, 28.1593286, 0.0 ], [ 73.1445854, 28.1590253, 0.0 ] ], [ [ 73.1446575, 28.158095, 0.0 ], [ 73.1446806, 28.1580953, 0.0 ], [ 73.1446754, 28.1583985, 0.0 ], [ 73.1446523, 28.1583982, 0.0 ], [ 73.1446575, 28.158095, 0.0 ] ], [ [ 73.1446015, 28.1580942, 0.0 ], [ 73.1446246, 28.1580945, 0.0 ], [ 73.1446194, 28.1583978, 0.0 ], [ 73.1445963, 28.1583975, 0.0 ], [ 73.1446015, 28.1580942, 0.0 ] ], [ [ 73.1446521, 28.1584066, 0.0 ], [ 73.1446752, 28.158407, 0.0 ], [ 73.14467, 28.1587102, 0.0 ], [ 73.1446469, 28.1587099, 0.0 ], [ 73.1446521, 28.1584066, 0.0 ] ], [ [ 73.1445961, 28.1584059, 0.0 ], [ 73.1446193, 28.1584062, 0.0 ], [ 73.144614, 28.1587095, 0.0 ], [ 73.1445909, 28.1587091, 0.0 ], [ 73.1445961, 28.1584059, 0.0 ] ], [ [ 73.1446682, 28.1574755, 0.0 ], [ 73.1446913, 28.1574758, 0.0 ], [ 73.1446861, 28.1577791, 0.0 ], [ 73.1446629, 28.1577788, 0.0 ], [ 73.1446682, 28.1574755, 0.0 ] ], [ [ 73.1446122, 28.1574747, 0.0 ], [ 73.1446353, 28.157475, 0.0 ], [ 73.1446301, 28.1577783, 0.0 ], [ 73.144607, 28.157778, 0.0 ], [ 73.1446122, 28.1574747, 0.0 ] ], [ [ 73.1446628, 28.1577872, 0.0 ], [ 73.1446859, 28.1577875, 0.0 ], [ 73.1446807, 28.1580908, 0.0 ], [ 73.1446576, 28.1580904, 0.0 ], [ 73.1446628, 28.1577872, 0.0 ] ], [ [ 73.1446068, 28.1577864, 0.0 ], [ 73.1446299, 28.1577867, 0.0 ], [ 73.1446247, 28.15809, 0.0 ], [ 73.1446016, 28.1580897, 0.0 ], [ 73.1446068, 28.1577864, 0.0 ] ], [ [ 73.1445135, 28.1599518, 0.0 ], [ 73.1445366, 28.1599521, 0.0 ], [ 73.1445313, 28.1602554, 0.0 ], [ 73.1445082, 28.1602551, 0.0 ], [ 73.1445135, 28.1599518, 0.0 ] ], [ [ 73.1444575, 28.1599511, 0.0 ], [ 73.1444806, 28.1599514, 0.0 ], [ 73.1444754, 28.1602547, 0.0 ], [ 73.1444522, 28.1602543, 0.0 ], [ 73.1444575, 28.1599511, 0.0 ] ], [ [ 73.1445081, 28.1602635, 0.0 ], [ 73.1445312, 28.1602638, 0.0 ], [ 73.144526, 28.1605671, 0.0 ], [ 73.1445028, 28.1605668, 0.0 ], [ 73.1445081, 28.1602635, 0.0 ] ], [ [ 73.1444521, 28.1602628, 0.0 ], [ 73.1444752, 28.1602631, 0.0 ], [ 73.14447, 28.1605663, 0.0 ], [ 73.1444469, 28.160566, 0.0 ], [ 73.1444521, 28.1602628, 0.0 ] ], [ [ 73.1444015, 28.1599503, 0.0 ], [ 73.1444246, 28.1599506, 0.0 ], [ 73.1444194, 28.1602539, 0.0 ], [ 73.1443962, 28.1602536, 0.0 ], [ 73.1444015, 28.1599503, 0.0 ] ], [ [ 73.1443455, 28.1599496, 0.0 ], [ 73.1443686, 28.1599499, 0.0 ], [ 73.1443634, 28.1602531, 0.0 ], [ 73.1443402, 28.1602528, 0.0 ], [ 73.1443455, 28.1599496, 0.0 ] ], [ [ 73.1443961, 28.160262, 0.0 ], [ 73.1444192, 28.1602623, 0.0 ], [ 73.144414, 28.1605656, 0.0 ], [ 73.1443909, 28.1605653, 0.0 ], [ 73.1443961, 28.160262, 0.0 ] ], [ [ 73.1443401, 28.1602612, 0.0 ], [ 73.1443632, 28.1602616, 0.0 ], [ 73.144358, 28.1605648, 0.0 ], [ 73.1443349, 28.1605645, 0.0 ], [ 73.1443401, 28.1602612, 0.0 ] ], [ [ 73.1442895, 28.1599488, 0.0 ], [ 73.1443126, 28.1599491, 0.0 ], [ 73.1443074, 28.1602524, 0.0 ], [ 73.1442843, 28.1602521, 0.0 ], [ 73.1442895, 28.1599488, 0.0 ] ], [ [ 73.1442335, 28.159948, 0.0 ], [ 73.1442566, 28.1599483, 0.0 ], [ 73.1442514, 28.1602516, 0.0 ], [ 73.1442283, 28.1602513, 0.0 ], [ 73.1442335, 28.159948, 0.0 ] ], [ [ 73.1442841, 28.1602605, 0.0 ], [ 73.1443072, 28.1602608, 0.0 ], [ 73.144302, 28.1605641, 0.0 ], [ 73.1442789, 28.1605637, 0.0 ], [ 73.1442841, 28.1602605, 0.0 ] ], [ [ 73.1442281, 28.1602597, 0.0 ], [ 73.1442512, 28.16026, 0.0 ], [ 73.144246, 28.1605633, 0.0 ], [ 73.1442229, 28.160563, 0.0 ], [ 73.1442281, 28.1602597, 0.0 ] ], [ [ 73.1441775, 28.1599473, 0.0 ], [ 73.1442006, 28.1599476, 0.0 ], [ 73.1441954, 28.1602509, 0.0 ], [ 73.1441723, 28.1602505, 0.0 ], [ 73.1441775, 28.1599473, 0.0 ] ], [ [ 73.1441215, 28.1599465, 0.0 ], [ 73.1441446, 28.1599468, 0.0 ], [ 73.1441394, 28.1602501, 0.0 ], [ 73.1441163, 28.1602498, 0.0 ], [ 73.1441215, 28.1599465, 0.0 ] ], [ [ 73.1441721, 28.160259, 0.0 ], [ 73.1441953, 28.1602593, 0.0 ], [ 73.14419, 28.1605625, 0.0 ], [ 73.1441669, 28.1605622, 0.0 ], [ 73.1441721, 28.160259, 0.0 ] ], [ [ 73.1441161, 28.1602582, 0.0 ], [ 73.1441393, 28.1602585, 0.0 ], [ 73.144134, 28.1605618, 0.0 ], [ 73.1441109, 28.1605615, 0.0 ], [ 73.1441161, 28.1602582, 0.0 ] ], [ [ 73.1440655, 28.1599458, 0.0 ], [ 73.1440886, 28.1599461, 0.0 ], [ 73.1440834, 28.1602493, 0.0 ], [ 73.1440603, 28.160249, 0.0 ], [ 73.1440655, 28.1599458, 0.0 ] ], [ [ 73.1440095, 28.159945, 0.0 ], [ 73.1440327, 28.1599453, 0.0 ], [ 73.1440274, 28.1602486, 0.0 ], [ 73.1440043, 28.1602483, 0.0 ], [ 73.1440095, 28.159945, 0.0 ] ], [ [ 73.1440601, 28.1602574, 0.0 ], [ 73.1440833, 28.1602578, 0.0 ], [ 73.144078, 28.160561, 0.0 ], [ 73.1440549, 28.1605607, 0.0 ], [ 73.1440601, 28.1602574, 0.0 ] ], [ [ 73.1440041, 28.1602567, 0.0 ], [ 73.1440273, 28.160257, 0.0 ], [ 73.144022, 28.1605603, 0.0 ], [ 73.1439989, 28.16056, 0.0 ], [ 73.1440041, 28.1602567, 0.0 ] ], [ [ 73.1438415, 28.1599427, 0.0 ], [ 73.1438647, 28.159943, 0.0 ], [ 73.1438594, 28.1602463, 0.0 ], [ 73.1438363, 28.160246, 0.0 ], [ 73.1438415, 28.1599427, 0.0 ] ], [ [ 73.1437856, 28.159942, 0.0 ], [ 73.1438087, 28.1599423, 0.0 ], [ 73.1438035, 28.1602455, 0.0 ], [ 73.1437803, 28.1602452, 0.0 ], [ 73.1437856, 28.159942, 0.0 ] ], [ [ 73.1438362, 28.1602544, 0.0 ], [ 73.1438593, 28.1602547, 0.0 ], [ 73.1438541, 28.160558, 0.0 ], [ 73.1438309, 28.1605577, 0.0 ], [ 73.1438362, 28.1602544, 0.0 ] ], [ [ 73.1437802, 28.1602536, 0.0 ], [ 73.1438033, 28.160254, 0.0 ], [ 73.1437981, 28.1605572, 0.0 ], [ 73.1437749, 28.1605569, 0.0 ], [ 73.1437802, 28.1602536, 0.0 ] ], [ [ 73.1437296, 28.1599412, 0.0 ], [ 73.1437527, 28.1599415, 0.0 ], [ 73.1437475, 28.1602448, 0.0 ], [ 73.1437243, 28.1602445, 0.0 ], [ 73.1437296, 28.1599412, 0.0 ] ], [ [ 73.1436736, 28.1599404, 0.0 ], [ 73.1436967, 28.1599408, 0.0 ], [ 73.1436915, 28.160244, 0.0 ], [ 73.1436683, 28.1602437, 0.0 ], [ 73.1436736, 28.1599404, 0.0 ] ], [ [ 73.1437242, 28.1602529, 0.0 ], [ 73.1437473, 28.1602532, 0.0 ], [ 73.1437421, 28.1605565, 0.0 ], [ 73.143719, 28.1605562, 0.0 ], [ 73.1437242, 28.1602529, 0.0 ] ], [ [ 73.1436682, 28.1602521, 0.0 ], [ 73.1436913, 28.1602524, 0.0 ], [ 73.1436861, 28.1605557, 0.0 ], [ 73.143663, 28.1605554, 0.0 ], [ 73.1436682, 28.1602521, 0.0 ] ], [ [ 73.1436176, 28.1599397, 0.0 ], [ 73.1436407, 28.15994, 0.0 ], [ 73.1436355, 28.1602433, 0.0 ], [ 73.1436123, 28.160243, 0.0 ], [ 73.1436176, 28.1599397, 0.0 ] ], [ [ 73.1435616, 28.1599389, 0.0 ], [ 73.1435847, 28.1599392, 0.0 ], [ 73.1435795, 28.1602425, 0.0 ], [ 73.1435564, 28.1602422, 0.0 ], [ 73.1435616, 28.1599389, 0.0 ] ], [ [ 73.1436122, 28.1602514, 0.0 ], [ 73.1436353, 28.1602517, 0.0 ], [ 73.1436301, 28.160555, 0.0 ], [ 73.143607, 28.1605546, 0.0 ], [ 73.1436122, 28.1602514, 0.0 ] ], [ [ 73.1435562, 28.1602506, 0.0 ], [ 73.1435793, 28.1602509, 0.0 ], [ 73.1435741, 28.1605542, 0.0 ], [ 73.143551, 28.1605539, 0.0 ], [ 73.1435562, 28.1602506, 0.0 ] ], [ [ 73.1435056, 28.1599382, 0.0 ], [ 73.1435287, 28.1599385, 0.0 ], [ 73.1435235, 28.1602417, 0.0 ], [ 73.1435004, 28.1602414, 0.0 ], [ 73.1435056, 28.1599382, 0.0 ] ], [ [ 73.1434496, 28.1599374, 0.0 ], [ 73.1434727, 28.1599377, 0.0 ], [ 73.1434675, 28.160241, 0.0 ], [ 73.1434444, 28.1602407, 0.0 ], [ 73.1434496, 28.1599374, 0.0 ] ], [ [ 73.1435002, 28.1602499, 0.0 ], [ 73.1435233, 28.1602502, 0.0 ], [ 73.1435181, 28.1605534, 0.0 ], [ 73.143495, 28.1605531, 0.0 ], [ 73.1435002, 28.1602499, 0.0 ] ], [ [ 73.1434442, 28.1602491, 0.0 ], [ 73.1434674, 28.1602494, 0.0 ], [ 73.1434621, 28.1605527, 0.0 ], [ 73.143439, 28.1605524, 0.0 ], [ 73.1434442, 28.1602491, 0.0 ] ], [ [ 73.1439535, 28.1599442, 0.0 ], [ 73.1439767, 28.1599446, 0.0 ], [ 73.1439714, 28.1602478, 0.0 ], [ 73.1439483, 28.1602475, 0.0 ], [ 73.1439535, 28.1599442, 0.0 ] ], [ [ 73.1438975, 28.1599435, 0.0 ], [ 73.1439207, 28.1599438, 0.0 ], [ 73.1439154, 28.1602471, 0.0 ], [ 73.1438923, 28.1602467, 0.0 ], [ 73.1438975, 28.1599435, 0.0 ] ], [ [ 73.1439482, 28.1602559, 0.0 ], [ 73.1439713, 28.1602562, 0.0 ], [ 73.1439661, 28.1605595, 0.0 ], [ 73.1439429, 28.1605592, 0.0 ], [ 73.1439482, 28.1602559, 0.0 ] ], [ [ 73.1438922, 28.1602552, 0.0 ], [ 73.1439153, 28.1602555, 0.0 ], [ 73.1439101, 28.1605587, 0.0 ], [ 73.1438869, 28.1605584, 0.0 ], [ 73.1438922, 28.1602552, 0.0 ] ], [ [ 73.1432816, 28.1599351, 0.0 ], [ 73.1433048, 28.1599354, 0.0 ], [ 73.1432995, 28.1602387, 0.0 ], [ 73.1432764, 28.1602384, 0.0 ], [ 73.1432816, 28.1599351, 0.0 ] ], [ [ 73.1432256, 28.1599344, 0.0 ], [ 73.1432488, 28.1599347, 0.0 ], [ 73.1432435, 28.160238, 0.0 ], [ 73.1432204, 28.1602376, 0.0 ], [ 73.1432256, 28.1599344, 0.0 ] ], [ [ 73.1432763, 28.1602468, 0.0 ], [ 73.1432994, 28.1602471, 0.0 ], [ 73.1432941, 28.1605504, 0.0 ], [ 73.143271, 28.1605501, 0.0 ], [ 73.1432763, 28.1602468, 0.0 ] ], [ [ 73.1432203, 28.1602461, 0.0 ], [ 73.1432434, 28.1602464, 0.0 ], [ 73.1432382, 28.1605496, 0.0 ], [ 73.143215, 28.1605493, 0.0 ], [ 73.1432203, 28.1602461, 0.0 ] ], [ [ 73.1431696, 28.1599336, 0.0 ], [ 73.1431928, 28.1599339, 0.0 ], [ 73.1431875, 28.1602372, 0.0 ], [ 73.1431644, 28.1602369, 0.0 ], [ 73.1431696, 28.1599336, 0.0 ] ], [ [ 73.1431137, 28.1599329, 0.0 ], [ 73.1431368, 28.1599332, 0.0 ], [ 73.1431316, 28.1602364, 0.0 ], [ 73.1431084, 28.1602361, 0.0 ], [ 73.1431137, 28.1599329, 0.0 ] ], [ [ 73.1431643, 28.1602453, 0.0 ], [ 73.1431874, 28.1602456, 0.0 ], [ 73.1431822, 28.1605489, 0.0 ], [ 73.143159, 28.1605486, 0.0 ], [ 73.1431643, 28.1602453, 0.0 ] ], [ [ 73.1431083, 28.1602445, 0.0 ], [ 73.1431314, 28.1602449, 0.0 ], [ 73.1431262, 28.1605481, 0.0 ], [ 73.143103, 28.1605478, 0.0 ], [ 73.1431083, 28.1602445, 0.0 ] ], [ [ 73.1430577, 28.1599321, 0.0 ], [ 73.1430808, 28.1599324, 0.0 ], [ 73.1430756, 28.1602357, 0.0 ], [ 73.1430524, 28.1602354, 0.0 ], [ 73.1430577, 28.1599321, 0.0 ] ], [ [ 73.1430017, 28.1599313, 0.0 ], [ 73.1430248, 28.1599316, 0.0 ], [ 73.1430196, 28.1602349, 0.0 ], [ 73.1429964, 28.1602346, 0.0 ], [ 73.1430017, 28.1599313, 0.0 ] ], [ [ 73.1430523, 28.1602438, 0.0 ], [ 73.1430754, 28.1602441, 0.0 ], [ 73.1430702, 28.1605474, 0.0 ], [ 73.143047, 28.160547, 0.0 ], [ 73.1430523, 28.1602438, 0.0 ] ], [ [ 73.1429963, 28.160243, 0.0 ], [ 73.1430194, 28.1602433, 0.0 ], [ 73.1430142, 28.1605466, 0.0 ], [ 73.1429911, 28.1605463, 0.0 ], [ 73.1429963, 28.160243, 0.0 ] ], [ [ 73.1429457, 28.1599306, 0.0 ], [ 73.1429688, 28.1599309, 0.0 ], [ 73.1429636, 28.1602342, 0.0 ], [ 73.1429404, 28.1602338, 0.0 ], [ 73.1429457, 28.1599306, 0.0 ] ], [ [ 73.1428897, 28.1599298, 0.0 ], [ 73.1429128, 28.1599301, 0.0 ], [ 73.1429076, 28.1602334, 0.0 ], [ 73.1428845, 28.1602331, 0.0 ], [ 73.1428897, 28.1599298, 0.0 ] ], [ [ 73.1429403, 28.1602423, 0.0 ], [ 73.1429634, 28.1602426, 0.0 ], [ 73.1429582, 28.1605458, 0.0 ], [ 73.1429351, 28.1605455, 0.0 ], [ 73.1429403, 28.1602423, 0.0 ] ], [ [ 73.1428843, 28.1602415, 0.0 ], [ 73.1429074, 28.1602418, 0.0 ], [ 73.1429022, 28.1605451, 0.0 ], [ 73.1428791, 28.1605448, 0.0 ], [ 73.1428843, 28.1602415, 0.0 ] ], [ [ 73.1428337, 28.1599291, 0.0 ], [ 73.1428568, 28.1599294, 0.0 ], [ 73.1428516, 28.1602326, 0.0 ], [ 73.1428285, 28.1602323, 0.0 ], [ 73.1428337, 28.1599291, 0.0 ] ], [ [ 73.1427777, 28.1599283, 0.0 ], [ 73.1428008, 28.1599286, 0.0 ], [ 73.1427956, 28.1602319, 0.0 ], [ 73.1427725, 28.1602316, 0.0 ], [ 73.1427777, 28.1599283, 0.0 ] ], [ [ 73.1428283, 28.1602407, 0.0 ], [ 73.1428514, 28.1602411, 0.0 ], [ 73.1428462, 28.1605443, 0.0 ], [ 73.1428231, 28.160544, 0.0 ], [ 73.1428283, 28.1602407, 0.0 ] ], [ [ 73.1427723, 28.16024, 0.0 ], [ 73.1427955, 28.1602403, 0.0 ], [ 73.1427902, 28.1605436, 0.0 ], [ 73.1427671, 28.1605433, 0.0 ], [ 73.1427723, 28.16024, 0.0 ] ], [ [ 73.1427217, 28.1599275, 0.0 ], [ 73.1427448, 28.1599279, 0.0 ], [ 73.1427396, 28.1602311, 0.0 ], [ 73.1427165, 28.1602308, 0.0 ], [ 73.1427217, 28.1599275, 0.0 ] ], [ [ 73.1426657, 28.1599268, 0.0 ], [ 73.1426889, 28.1599271, 0.0 ], [ 73.1426836, 28.1602304, 0.0 ], [ 73.1426605, 28.16023, 0.0 ], [ 73.1426657, 28.1599268, 0.0 ] ], [ [ 73.1427163, 28.1602392, 0.0 ], [ 73.1427395, 28.1602395, 0.0 ], [ 73.1427342, 28.1605428, 0.0 ], [ 73.1427111, 28.1605425, 0.0 ], [ 73.1427163, 28.1602392, 0.0 ] ], [ [ 73.1426603, 28.1602385, 0.0 ], [ 73.1426835, 28.1602388, 0.0 ], [ 73.1426782, 28.160542, 0.0 ], [ 73.1426551, 28.1605417, 0.0 ], [ 73.1426603, 28.1602385, 0.0 ] ], [ [ 73.1426097, 28.159926, 0.0 ], [ 73.1426329, 28.1599263, 0.0 ], [ 73.1426276, 28.1602296, 0.0 ], [ 73.1426045, 28.1602293, 0.0 ], [ 73.1426097, 28.159926, 0.0 ] ], [ [ 73.1425537, 28.1599253, 0.0 ], [ 73.1425769, 28.1599256, 0.0 ], [ 73.1425716, 28.1602288, 0.0 ], [ 73.1425485, 28.1602285, 0.0 ], [ 73.1425537, 28.1599253, 0.0 ] ], [ [ 73.1426043, 28.1602377, 0.0 ], [ 73.1426275, 28.160238, 0.0 ], [ 73.1426222, 28.1605413, 0.0 ], [ 73.1425991, 28.160541, 0.0 ], [ 73.1426043, 28.1602377, 0.0 ] ], [ [ 73.1425484, 28.1602369, 0.0 ], [ 73.1425715, 28.1602373, 0.0 ], [ 73.1425662, 28.1605405, 0.0 ], [ 73.1425431, 28.1605402, 0.0 ], [ 73.1425484, 28.1602369, 0.0 ] ], [ [ 73.1424977, 28.1599245, 0.0 ], [ 73.1425209, 28.1599248, 0.0 ], [ 73.1425156, 28.1602281, 0.0 ], [ 73.1424925, 28.1602278, 0.0 ], [ 73.1424977, 28.1599245, 0.0 ] ], [ [ 73.1424418, 28.1599237, 0.0 ], [ 73.1424649, 28.1599241, 0.0 ], [ 73.1424596, 28.1602273, 0.0 ], [ 73.1424365, 28.160227, 0.0 ], [ 73.1424418, 28.1599237, 0.0 ] ], [ [ 73.1424924, 28.1602362, 0.0 ], [ 73.1425155, 28.1602365, 0.0 ], [ 73.1425103, 28.1605398, 0.0 ], [ 73.1424871, 28.1605395, 0.0 ], [ 73.1424924, 28.1602362, 0.0 ] ], [ [ 73.1424364, 28.1602354, 0.0 ], [ 73.1424595, 28.1602357, 0.0 ], [ 73.1424543, 28.160539, 0.0 ], [ 73.1424311, 28.1605387, 0.0 ], [ 73.1424364, 28.1602354, 0.0 ] ], [ [ 73.1423858, 28.159923, 0.0 ], [ 73.1424089, 28.1599233, 0.0 ], [ 73.1424037, 28.1602266, 0.0 ], [ 73.1423805, 28.1602262, 0.0 ], [ 73.1423858, 28.159923, 0.0 ] ], [ [ 73.1423298, 28.1599222, 0.0 ], [ 73.1423529, 28.1599225, 0.0 ], [ 73.1423477, 28.1602258, 0.0 ], [ 73.1423245, 28.1602255, 0.0 ], [ 73.1423298, 28.1599222, 0.0 ] ], [ [ 73.1423804, 28.1602347, 0.0 ], [ 73.1424035, 28.160235, 0.0 ], [ 73.1423983, 28.1605382, 0.0 ], [ 73.1423751, 28.1605379, 0.0 ], [ 73.1423804, 28.1602347, 0.0 ] ], [ [ 73.1423244, 28.1602339, 0.0 ], [ 73.1423475, 28.1602342, 0.0 ], [ 73.1423423, 28.1605375, 0.0 ], [ 73.1423192, 28.1605372, 0.0 ], [ 73.1423244, 28.1602339, 0.0 ] ], [ [ 73.1422738, 28.1599215, 0.0 ], [ 73.1422969, 28.1599218, 0.0 ], [ 73.1422917, 28.160225, 0.0 ], [ 73.1422685, 28.1602247, 0.0 ], [ 73.1422738, 28.1599215, 0.0 ] ], [ [ 73.1422178, 28.1599207, 0.0 ], [ 73.1422409, 28.159921, 0.0 ], [ 73.1422357, 28.1602243, 0.0 ], [ 73.1422126, 28.160224, 0.0 ], [ 73.1422178, 28.1599207, 0.0 ] ], [ [ 73.1422684, 28.1602331, 0.0 ], [ 73.1422915, 28.1602335, 0.0 ], [ 73.1422863, 28.1605367, 0.0 ], [ 73.1422632, 28.1605364, 0.0 ], [ 73.1422684, 28.1602331, 0.0 ] ], [ [ 73.1422124, 28.1602324, 0.0 ], [ 73.1422355, 28.1602327, 0.0 ], [ 73.1422303, 28.160536, 0.0 ], [ 73.1422072, 28.1605357, 0.0 ], [ 73.1422124, 28.1602324, 0.0 ] ], [ [ 73.1421618, 28.1599199, 0.0 ], [ 73.1421849, 28.1599203, 0.0 ], [ 73.1421797, 28.1602235, 0.0 ], [ 73.1421566, 28.1602232, 0.0 ], [ 73.1421618, 28.1599199, 0.0 ] ], [ [ 73.1421058, 28.1599192, 0.0 ], [ 73.1421289, 28.1599195, 0.0 ], [ 73.1421237, 28.1602228, 0.0 ], [ 73.1421006, 28.1602225, 0.0 ], [ 73.1421058, 28.1599192, 0.0 ] ], [ [ 73.1421564, 28.1602316, 0.0 ], [ 73.1421795, 28.1602319, 0.0 ], [ 73.1421743, 28.1605352, 0.0 ], [ 73.1421512, 28.1605349, 0.0 ], [ 73.1421564, 28.1602316, 0.0 ] ], [ [ 73.1421004, 28.1602309, 0.0 ], [ 73.1421236, 28.1602312, 0.0 ], [ 73.1421183, 28.1605345, 0.0 ], [ 73.1420952, 28.1605341, 0.0 ], [ 73.1421004, 28.1602309, 0.0 ] ], [ [ 73.1420498, 28.1599184, 0.0 ], [ 73.1420729, 28.1599187, 0.0 ], [ 73.1420677, 28.160222, 0.0 ], [ 73.1420446, 28.1602217, 0.0 ], [ 73.1420498, 28.1599184, 0.0 ] ], [ [ 73.1419938, 28.1599177, 0.0 ], [ 73.142017, 28.159918, 0.0 ], [ 73.1420117, 28.1602212, 0.0 ], [ 73.1419886, 28.1602209, 0.0 ], [ 73.1419938, 28.1599177, 0.0 ] ], [ [ 73.1420444, 28.1602301, 0.0 ], [ 73.1420676, 28.1602304, 0.0 ], [ 73.1420623, 28.1605337, 0.0 ], [ 73.1420392, 28.1605334, 0.0 ], [ 73.1420444, 28.1602301, 0.0 ] ], [ [ 73.1419884, 28.1602293, 0.0 ], [ 73.1420116, 28.1602297, 0.0 ], [ 73.1420063, 28.1605329, 0.0 ], [ 73.1419832, 28.1605326, 0.0 ], [ 73.1419884, 28.1602293, 0.0 ] ], [ [ 73.1419378, 28.1599169, 0.0 ], [ 73.141961, 28.1599172, 0.0 ], [ 73.1419557, 28.1602205, 0.0 ], [ 73.1419326, 28.1602202, 0.0 ], [ 73.1419378, 28.1599169, 0.0 ] ], [ [ 73.1418818, 28.1599161, 0.0 ], [ 73.141905, 28.1599165, 0.0 ], [ 73.1418997, 28.1602197, 0.0 ], [ 73.1418766, 28.1602194, 0.0 ], [ 73.1418818, 28.1599161, 0.0 ] ], [ [ 73.1419324, 28.1602286, 0.0 ], [ 73.1419556, 28.1602289, 0.0 ], [ 73.1419503, 28.1605322, 0.0 ], [ 73.1419272, 28.1605319, 0.0 ], [ 73.1419324, 28.1602286, 0.0 ] ], [ [ 73.1418765, 28.1602278, 0.0 ], [ 73.1418996, 28.1602281, 0.0 ], [ 73.1418943, 28.1605314, 0.0 ], [ 73.1418712, 28.1605311, 0.0 ], [ 73.1418765, 28.1602278, 0.0 ] ], [ [ 73.1418258, 28.1599154, 0.0 ], [ 73.141849, 28.1599157, 0.0 ], [ 73.1418437, 28.160219, 0.0 ], [ 73.1418206, 28.1602187, 0.0 ], [ 73.1418258, 28.1599154, 0.0 ] ], [ [ 73.1417699, 28.1599146, 0.0 ], [ 73.141793, 28.1599149, 0.0 ], [ 73.1417877, 28.1602182, 0.0 ], [ 73.1417646, 28.1602179, 0.0 ], [ 73.1417699, 28.1599146, 0.0 ] ], [ [ 73.1418205, 28.1602271, 0.0 ], [ 73.1418436, 28.1602274, 0.0 ], [ 73.1418384, 28.1605307, 0.0 ], [ 73.1418152, 28.1605303, 0.0 ], [ 73.1418205, 28.1602271, 0.0 ] ], [ [ 73.1417645, 28.1602263, 0.0 ], [ 73.1417876, 28.1602266, 0.0 ], [ 73.1417824, 28.1605299, 0.0 ], [ 73.1417592, 28.1605296, 0.0 ], [ 73.1417645, 28.1602263, 0.0 ] ], [ [ 73.1417139, 28.1599139, 0.0 ], [ 73.141737, 28.1599142, 0.0 ], [ 73.1417318, 28.1602174, 0.0 ], [ 73.1417086, 28.1602171, 0.0 ], [ 73.1417139, 28.1599139, 0.0 ] ], [ [ 73.1416579, 28.1599131, 0.0 ], [ 73.141681, 28.1599134, 0.0 ], [ 73.1416758, 28.1602167, 0.0 ], [ 73.1416526, 28.1602164, 0.0 ], [ 73.1416579, 28.1599131, 0.0 ] ], [ [ 73.1417085, 28.1602256, 0.0 ], [ 73.1417316, 28.1602259, 0.0 ], [ 73.1417264, 28.1605291, 0.0 ], [ 73.1417032, 28.1605288, 0.0 ], [ 73.1417085, 28.1602256, 0.0 ] ], [ [ 73.1416525, 28.1602248, 0.0 ], [ 73.1416756, 28.1602251, 0.0 ], [ 73.1416704, 28.1605284, 0.0 ], [ 73.1416472, 28.1605281, 0.0 ], [ 73.1416525, 28.1602248, 0.0 ] ], [ [ 73.1416019, 28.1599123, 0.0 ], [ 73.141625, 28.1599127, 0.0 ], [ 73.1416198, 28.1602159, 0.0 ], [ 73.1415966, 28.1602156, 0.0 ], [ 73.1416019, 28.1599123, 0.0 ] ], [ [ 73.1415459, 28.1599116, 0.0 ], [ 73.141569, 28.1599119, 0.0 ], [ 73.1415638, 28.1602152, 0.0 ], [ 73.1415406, 28.1602149, 0.0 ], [ 73.1415459, 28.1599116, 0.0 ] ], [ [ 73.1415965, 28.160224, 0.0 ], [ 73.1416196, 28.1602243, 0.0 ], [ 73.1416144, 28.1605276, 0.0 ], [ 73.1415913, 28.1605273, 0.0 ], [ 73.1415965, 28.160224, 0.0 ] ], [ [ 73.1415405, 28.1602233, 0.0 ], [ 73.1415636, 28.1602236, 0.0 ], [ 73.1415584, 28.1605269, 0.0 ], [ 73.1415353, 28.1605265, 0.0 ], [ 73.1415405, 28.1602233, 0.0 ] ], [ [ 73.1414899, 28.1599108, 0.0 ], [ 73.141513, 28.1599111, 0.0 ], [ 73.1415078, 28.1602144, 0.0 ], [ 73.1414847, 28.1602141, 0.0 ], [ 73.1414899, 28.1599108, 0.0 ] ], [ [ 73.1414339, 28.1599101, 0.0 ], [ 73.141457, 28.1599104, 0.0 ], [ 73.1414518, 28.1602136, 0.0 ], [ 73.1414287, 28.1602133, 0.0 ], [ 73.1414339, 28.1599101, 0.0 ] ], [ [ 73.1414845, 28.1602225, 0.0 ], [ 73.1415076, 28.1602228, 0.0 ], [ 73.1415024, 28.1605261, 0.0 ], [ 73.1414793, 28.1605258, 0.0 ], [ 73.1414845, 28.1602225, 0.0 ] ], [ [ 73.1414285, 28.1602218, 0.0 ], [ 73.1414516, 28.1602221, 0.0 ], [ 73.1414464, 28.1605253, 0.0 ], [ 73.1414233, 28.160525, 0.0 ], [ 73.1414285, 28.1602218, 0.0 ] ], [ [ 73.1445241, 28.1593324, 0.0 ], [ 73.1445473, 28.1593327, 0.0 ], [ 73.144542, 28.1596359, 0.0 ], [ 73.1445189, 28.1596356, 0.0 ], [ 73.1445241, 28.1593324, 0.0 ] ], [ [ 73.1444681, 28.1593316, 0.0 ], [ 73.1444913, 28.1593319, 0.0 ], [ 73.144486, 28.1596352, 0.0 ], [ 73.1444629, 28.1596349, 0.0 ], [ 73.1444681, 28.1593316, 0.0 ] ], [ [ 73.1445188, 28.159644, 0.0 ], [ 73.1445419, 28.1596444, 0.0 ], [ 73.1445367, 28.1599476, 0.0 ], [ 73.1445135, 28.1599473, 0.0 ], [ 73.1445188, 28.159644, 0.0 ] ], [ [ 73.1444628, 28.1596433, 0.0 ], [ 73.1444859, 28.1596436, 0.0 ], [ 73.1444807, 28.1599469, 0.0 ], [ 73.1444575, 28.1599466, 0.0 ], [ 73.1444628, 28.1596433, 0.0 ] ], [ [ 73.1444122, 28.1593308, 0.0 ], [ 73.1444353, 28.1593312, 0.0 ], [ 73.1444301, 28.1596344, 0.0 ], [ 73.1444069, 28.1596341, 0.0 ], [ 73.1444122, 28.1593308, 0.0 ] ], [ [ 73.1443562, 28.1593301, 0.0 ], [ 73.1443793, 28.1593304, 0.0 ], [ 73.1443741, 28.1596337, 0.0 ], [ 73.1443509, 28.1596334, 0.0 ], [ 73.1443562, 28.1593301, 0.0 ] ], [ [ 73.1444068, 28.1596425, 0.0 ], [ 73.1444299, 28.1596428, 0.0 ], [ 73.1444247, 28.1599461, 0.0 ], [ 73.1444015, 28.1599458, 0.0 ], [ 73.1444068, 28.1596425, 0.0 ] ], [ [ 73.1443508, 28.1596418, 0.0 ], [ 73.1443739, 28.1596421, 0.0 ], [ 73.1443687, 28.1599454, 0.0 ], [ 73.1443456, 28.159945, 0.0 ], [ 73.1443508, 28.1596418, 0.0 ] ], [ [ 73.1443002, 28.1593293, 0.0 ], [ 73.1443233, 28.1593296, 0.0 ], [ 73.1443181, 28.1596329, 0.0 ], [ 73.1442949, 28.1596326, 0.0 ], [ 73.1443002, 28.1593293, 0.0 ] ], [ [ 73.1442442, 28.1593286, 0.0 ], [ 73.1442673, 28.1593289, 0.0 ], [ 73.1442621, 28.1596322, 0.0 ], [ 73.1442389, 28.1596318, 0.0 ], [ 73.1442442, 28.1593286, 0.0 ] ], [ [ 73.1442948, 28.159641, 0.0 ], [ 73.1443179, 28.1596413, 0.0 ], [ 73.1443127, 28.1599446, 0.0 ], [ 73.1442896, 28.1599443, 0.0 ], [ 73.1442948, 28.159641, 0.0 ] ], [ [ 73.1442388, 28.1596403, 0.0 ], [ 73.1442619, 28.1596406, 0.0 ], [ 73.1442567, 28.1599438, 0.0 ], [ 73.1442336, 28.1599435, 0.0 ], [ 73.1442388, 28.1596403, 0.0 ] ], [ [ 73.1441882, 28.1593278, 0.0 ], [ 73.1442113, 28.1593281, 0.0 ], [ 73.1442061, 28.1596314, 0.0 ], [ 73.144183, 28.1596311, 0.0 ], [ 73.1441882, 28.1593278, 0.0 ] ], [ [ 73.1441322, 28.1593271, 0.0 ], [ 73.1441553, 28.1593274, 0.0 ], [ 73.1441501, 28.1596306, 0.0 ], [ 73.144127, 28.1596303, 0.0 ], [ 73.1441322, 28.1593271, 0.0 ] ], [ [ 73.1441828, 28.1596395, 0.0 ], [ 73.1442059, 28.1596398, 0.0 ], [ 73.1442007, 28.1599431, 0.0 ], [ 73.1441776, 28.1599428, 0.0 ], [ 73.1441828, 28.1596395, 0.0 ] ], [ [ 73.1441268, 28.1596387, 0.0 ], [ 73.1441499, 28.1596391, 0.0 ], [ 73.1441447, 28.1599423, 0.0 ], [ 73.1441216, 28.159942, 0.0 ], [ 73.1441268, 28.1596387, 0.0 ] ], [ [ 73.1440762, 28.1593263, 0.0 ], [ 73.1440993, 28.1593266, 0.0 ], [ 73.1440941, 28.1596299, 0.0 ], [ 73.144071, 28.1596296, 0.0 ], [ 73.1440762, 28.1593263, 0.0 ] ], [ [ 73.1440202, 28.1593255, 0.0 ], [ 73.1440433, 28.1593258, 0.0 ], [ 73.1440381, 28.1596291, 0.0 ], [ 73.144015, 28.1596288, 0.0 ], [ 73.1440202, 28.1593255, 0.0 ] ], [ [ 73.1440708, 28.159638, 0.0 ], [ 73.144094, 28.1596383, 0.0 ], [ 73.1440887, 28.1599416, 0.0 ], [ 73.1440656, 28.1599412, 0.0 ], [ 73.1440708, 28.159638, 0.0 ] ], [ [ 73.1440148, 28.1596372, 0.0 ], [ 73.144038, 28.1596375, 0.0 ], [ 73.1440327, 28.1599408, 0.0 ], [ 73.1440096, 28.1599405, 0.0 ], [ 73.1440148, 28.1596372, 0.0 ] ], [ [ 73.1438522, 28.1593233, 0.0 ], [ 73.1438754, 28.1593236, 0.0 ], [ 73.1438701, 28.1596268, 0.0 ], [ 73.143847, 28.1596265, 0.0 ], [ 73.1438522, 28.1593233, 0.0 ] ], [ [ 73.1437962, 28.1593225, 0.0 ], [ 73.1438194, 28.1593228, 0.0 ], [ 73.1438141, 28.1596261, 0.0 ], [ 73.143791, 28.1596258, 0.0 ], [ 73.1437962, 28.1593225, 0.0 ] ], [ [ 73.1438469, 28.1596349, 0.0 ], [ 73.14387, 28.1596353, 0.0 ], [ 73.1438648, 28.1599385, 0.0 ], [ 73.1438416, 28.1599382, 0.0 ], [ 73.1438469, 28.1596349, 0.0 ] ], [ [ 73.1437909, 28.1596342, 0.0 ], [ 73.143814, 28.1596345, 0.0 ], [ 73.1438088, 28.1599378, 0.0 ], [ 73.1437856, 28.1599375, 0.0 ], [ 73.1437909, 28.1596342, 0.0 ] ], [ [ 73.1437403, 28.1593217, 0.0 ], [ 73.1437634, 28.1593221, 0.0 ], [ 73.1437582, 28.1596253, 0.0 ], [ 73.143735, 28.159625, 0.0 ], [ 73.1437403, 28.1593217, 0.0 ] ], [ [ 73.1436843, 28.159321, 0.0 ], [ 73.1437074, 28.1593213, 0.0 ], [ 73.1437022, 28.1596246, 0.0 ], [ 73.143679, 28.1596242, 0.0 ], [ 73.1436843, 28.159321, 0.0 ] ], [ [ 73.1437349, 28.1596334, 0.0 ], [ 73.143758, 28.1596337, 0.0 ], [ 73.1437528, 28.159937, 0.0 ], [ 73.1437296, 28.1599367, 0.0 ], [ 73.1437349, 28.1596334, 0.0 ] ], [ [ 73.1436789, 28.1596327, 0.0 ], [ 73.143702, 28.159633, 0.0 ], [ 73.1436968, 28.1599362, 0.0 ], [ 73.1436737, 28.1599359, 0.0 ], [ 73.1436789, 28.1596327, 0.0 ] ], [ [ 73.1436283, 28.1593202, 0.0 ], [ 73.1436514, 28.1593205, 0.0 ], [ 73.1436462, 28.1596238, 0.0 ], [ 73.143623, 28.1596235, 0.0 ], [ 73.1436283, 28.1593202, 0.0 ] ], [ [ 73.1435723, 28.1593195, 0.0 ], [ 73.1435954, 28.1593198, 0.0 ], [ 73.1435902, 28.159623, 0.0 ], [ 73.143567, 28.1596227, 0.0 ], [ 73.1435723, 28.1593195, 0.0 ] ], [ [ 73.1436229, 28.1596319, 0.0 ], [ 73.143646, 28.1596322, 0.0 ], [ 73.1436408, 28.1599355, 0.0 ], [ 73.1436177, 28.1599352, 0.0 ], [ 73.1436229, 28.1596319, 0.0 ] ], [ [ 73.1435669, 28.1596311, 0.0 ], [ 73.14359, 28.1596315, 0.0 ], [ 73.1435848, 28.1599347, 0.0 ], [ 73.1435617, 28.1599344, 0.0 ], [ 73.1435669, 28.1596311, 0.0 ] ], [ [ 73.1439642, 28.1593248, 0.0 ], [ 73.1439874, 28.1593251, 0.0 ], [ 73.1439821, 28.1596284, 0.0 ], [ 73.143959, 28.159628, 0.0 ], [ 73.1439642, 28.1593248, 0.0 ] ], [ [ 73.1439082, 28.159324, 0.0 ], [ 73.1439314, 28.1593243, 0.0 ], [ 73.1439261, 28.1596276, 0.0 ], [ 73.143903, 28.1596273, 0.0 ], [ 73.1439082, 28.159324, 0.0 ] ], [ [ 73.1439588, 28.1596365, 0.0 ], [ 73.143982, 28.1596368, 0.0 ], [ 73.1439767, 28.15994, 0.0 ], [ 73.1439536, 28.1599397, 0.0 ], [ 73.1439588, 28.1596365, 0.0 ] ], [ [ 73.1439029, 28.1596357, 0.0 ], [ 73.143926, 28.159636, 0.0 ], [ 73.1439207, 28.1599393, 0.0 ], [ 73.1438976, 28.159939, 0.0 ], [ 73.1439029, 28.1596357, 0.0 ] ], [ [ 73.1432923, 28.1593157, 0.0 ], [ 73.1433155, 28.159316, 0.0 ], [ 73.1433102, 28.1596192, 0.0 ], [ 73.1432871, 28.1596189, 0.0 ], [ 73.1432923, 28.1593157, 0.0 ] ], [ [ 73.1432363, 28.1593149, 0.0 ], [ 73.1432595, 28.1593152, 0.0 ], [ 73.1432542, 28.1596185, 0.0 ], [ 73.1432311, 28.1596182, 0.0 ], [ 73.1432363, 28.1593149, 0.0 ] ], [ [ 73.1432869, 28.1596274, 0.0 ], [ 73.1433101, 28.1596277, 0.0 ], [ 73.1433048, 28.1599309, 0.0 ], [ 73.1432817, 28.1599306, 0.0 ], [ 73.1432869, 28.1596274, 0.0 ] ], [ [ 73.143231, 28.1596266, 0.0 ], [ 73.1432541, 28.1596269, 0.0 ], [ 73.1432488, 28.1599302, 0.0 ], [ 73.1432257, 28.1599299, 0.0 ], [ 73.143231, 28.1596266, 0.0 ] ], [ [ 73.1431803, 28.1593141, 0.0 ], [ 73.1432035, 28.1593145, 0.0 ], [ 73.1431982, 28.1596177, 0.0 ], [ 73.1431751, 28.1596174, 0.0 ], [ 73.1431803, 28.1593141, 0.0 ] ], [ [ 73.1431244, 28.1593134, 0.0 ], [ 73.1431475, 28.1593137, 0.0 ], [ 73.1431422, 28.159617, 0.0 ], [ 73.1431191, 28.1596167, 0.0 ], [ 73.1431244, 28.1593134, 0.0 ] ], [ [ 73.143175, 28.1596258, 0.0 ], [ 73.1431981, 28.1596261, 0.0 ], [ 73.1431929, 28.1599294, 0.0 ], [ 73.1431697, 28.1599291, 0.0 ], [ 73.143175, 28.1596258, 0.0 ] ], [ [ 73.143119, 28.1596251, 0.0 ], [ 73.1431421, 28.1596254, 0.0 ], [ 73.1431369, 28.1599287, 0.0 ], [ 73.1431137, 28.1599283, 0.0 ], [ 73.143119, 28.1596251, 0.0 ] ], [ [ 73.1430684, 28.1593126, 0.0 ], [ 73.1430915, 28.1593129, 0.0 ], [ 73.1430863, 28.1596162, 0.0 ], [ 73.1430631, 28.1596159, 0.0 ], [ 73.1430684, 28.1593126, 0.0 ] ], [ [ 73.1430124, 28.1593119, 0.0 ], [ 73.1430355, 28.1593122, 0.0 ], [ 73.1430303, 28.1596155, 0.0 ], [ 73.1430071, 28.1596151, 0.0 ], [ 73.1430124, 28.1593119, 0.0 ] ], [ [ 73.143063, 28.1596243, 0.0 ], [ 73.1430861, 28.1596246, 0.0 ], [ 73.1430809, 28.1599279, 0.0 ], [ 73.1430577, 28.1599276, 0.0 ], [ 73.143063, 28.1596243, 0.0 ] ], [ [ 73.143007, 28.1596236, 0.0 ], [ 73.1430301, 28.1596239, 0.0 ], [ 73.1430249, 28.1599271, 0.0 ], [ 73.1430018, 28.1599268, 0.0 ], [ 73.143007, 28.1596236, 0.0 ] ], [ [ 73.1429564, 28.1593111, 0.0 ], [ 73.1429795, 28.1593114, 0.0 ], [ 73.1429743, 28.1596147, 0.0 ], [ 73.1429511, 28.1596144, 0.0 ], [ 73.1429564, 28.1593111, 0.0 ] ], [ [ 73.1429004, 28.1593104, 0.0 ], [ 73.1429235, 28.1593107, 0.0 ], [ 73.1429183, 28.1596139, 0.0 ], [ 73.1428951, 28.1596136, 0.0 ], [ 73.1429004, 28.1593104, 0.0 ] ], [ [ 73.142951, 28.1596228, 0.0 ], [ 73.1429741, 28.1596231, 0.0 ], [ 73.1429689, 28.1599264, 0.0 ], [ 73.1429458, 28.1599261, 0.0 ], [ 73.142951, 28.1596228, 0.0 ] ], [ [ 73.142895, 28.159622, 0.0 ], [ 73.1429181, 28.1596224, 0.0 ], [ 73.1429129, 28.1599256, 0.0 ], [ 73.1428898, 28.1599253, 0.0 ], [ 73.142895, 28.159622, 0.0 ] ], [ [ 73.1428444, 28.1593096, 0.0 ], [ 73.1428675, 28.1593099, 0.0 ], [ 73.1428623, 28.1596132, 0.0 ], [ 73.1428392, 28.1596129, 0.0 ], [ 73.1428444, 28.1593096, 0.0 ] ], [ [ 73.1427884, 28.1593088, 0.0 ], [ 73.1428115, 28.1593091, 0.0 ], [ 73.1428063, 28.1596124, 0.0 ], [ 73.1427832, 28.1596121, 0.0 ], [ 73.1427884, 28.1593088, 0.0 ] ], [ [ 73.142839, 28.1596213, 0.0 ], [ 73.1428621, 28.1596216, 0.0 ], [ 73.1428569, 28.1599249, 0.0 ], [ 73.1428338, 28.1599245, 0.0 ], [ 73.142839, 28.1596213, 0.0 ] ], [ [ 73.142783, 28.1596205, 0.0 ], [ 73.1428062, 28.1596208, 0.0 ], [ 73.1428009, 28.1599241, 0.0 ], [ 73.1427778, 28.1599238, 0.0 ], [ 73.142783, 28.1596205, 0.0 ] ], [ [ 73.1427324, 28.1593081, 0.0 ], [ 73.1427555, 28.1593084, 0.0 ], [ 73.1427503, 28.1596117, 0.0 ], [ 73.1427272, 28.1596113, 0.0 ], [ 73.1427324, 28.1593081, 0.0 ] ], [ [ 73.1426764, 28.1593073, 0.0 ], [ 73.1426995, 28.1593076, 0.0 ], [ 73.1426943, 28.1596109, 0.0 ], [ 73.1426712, 28.1596106, 0.0 ], [ 73.1426764, 28.1593073, 0.0 ] ], [ [ 73.142727, 28.1596198, 0.0 ], [ 73.1427502, 28.1596201, 0.0 ], [ 73.1427449, 28.1599233, 0.0 ], [ 73.1427218, 28.159923, 0.0 ], [ 73.142727, 28.1596198, 0.0 ] ], [ [ 73.142671, 28.159619, 0.0 ], [ 73.1426942, 28.1596193, 0.0 ], [ 73.1426889, 28.1599226, 0.0 ], [ 73.1426658, 28.1599223, 0.0 ], [ 73.142671, 28.159619, 0.0 ] ], [ [ 73.1426204, 28.1593066, 0.0 ], [ 73.1426436, 28.1593069, 0.0 ], [ 73.1426383, 28.1596101, 0.0 ], [ 73.1426152, 28.1596098, 0.0 ], [ 73.1426204, 28.1593066, 0.0 ] ], [ [ 73.1425644, 28.1593058, 0.0 ], [ 73.1425876, 28.1593061, 0.0 ], [ 73.1425823, 28.1596094, 0.0 ], [ 73.1425592, 28.1596091, 0.0 ], [ 73.1425644, 28.1593058, 0.0 ] ], [ [ 73.142615, 28.1596182, 0.0 ], [ 73.1426382, 28.1596186, 0.0 ], [ 73.1426329, 28.1599218, 0.0 ], [ 73.1426098, 28.1599215, 0.0 ], [ 73.142615, 28.1596182, 0.0 ] ], [ [ 73.1425591, 28.1596175, 0.0 ], [ 73.1425822, 28.1596178, 0.0 ], [ 73.1425769, 28.1599211, 0.0 ], [ 73.1425538, 28.1599207, 0.0 ], [ 73.1425591, 28.1596175, 0.0 ] ], [ [ 73.1425084, 28.159305, 0.0 ], [ 73.1425316, 28.1593054, 0.0 ], [ 73.1425263, 28.1596086, 0.0 ], [ 73.1425032, 28.1596083, 0.0 ], [ 73.1425084, 28.159305, 0.0 ] ], [ [ 73.1424525, 28.1593043, 0.0 ], [ 73.1424756, 28.1593046, 0.0 ], [ 73.1424703, 28.1596079, 0.0 ], [ 73.1424472, 28.1596075, 0.0 ], [ 73.1424525, 28.1593043, 0.0 ] ], [ [ 73.1425031, 28.1596167, 0.0 ], [ 73.1425262, 28.159617, 0.0 ], [ 73.142521, 28.1599203, 0.0 ], [ 73.1424978, 28.15992, 0.0 ], [ 73.1425031, 28.1596167, 0.0 ] ], [ [ 73.1424471, 28.159616, 0.0 ], [ 73.1424702, 28.1596163, 0.0 ], [ 73.142465, 28.1599195, 0.0 ], [ 73.1424418, 28.1599192, 0.0 ], [ 73.1424471, 28.159616, 0.0 ] ], [ [ 73.1423965, 28.1593035, 0.0 ], [ 73.1424196, 28.1593038, 0.0 ], [ 73.1424144, 28.1596071, 0.0 ], [ 73.1423912, 28.1596068, 0.0 ], [ 73.1423965, 28.1593035, 0.0 ] ], [ [ 73.1423405, 28.1593028, 0.0 ], [ 73.1423636, 28.1593031, 0.0 ], [ 73.1423584, 28.1596063, 0.0 ], [ 73.1423352, 28.159606, 0.0 ], [ 73.1423405, 28.1593028, 0.0 ] ], [ [ 73.1423911, 28.1596152, 0.0 ], [ 73.1424142, 28.1596155, 0.0 ], [ 73.142409, 28.1599188, 0.0 ], [ 73.1423858, 28.1599185, 0.0 ], [ 73.1423911, 28.1596152, 0.0 ] ], [ [ 73.1423351, 28.1596144, 0.0 ], [ 73.1423582, 28.1596148, 0.0 ], [ 73.142353, 28.159918, 0.0 ], [ 73.1423299, 28.1599177, 0.0 ], [ 73.1423351, 28.1596144, 0.0 ] ], [ [ 73.1422845, 28.159302, 0.0 ], [ 73.1423076, 28.1593023, 0.0 ], [ 73.1423024, 28.1596056, 0.0 ], [ 73.1422792, 28.1596053, 0.0 ], [ 73.1422845, 28.159302, 0.0 ] ], [ [ 73.1422285, 28.1593012, 0.0 ], [ 73.1422516, 28.1593016, 0.0 ], [ 73.1422464, 28.1596048, 0.0 ], [ 73.1422233, 28.1596045, 0.0 ], [ 73.1422285, 28.1593012, 0.0 ] ], [ [ 73.1422791, 28.1596137, 0.0 ], [ 73.1423022, 28.159614, 0.0 ], [ 73.142297, 28.1599173, 0.0 ], [ 73.1422739, 28.159917, 0.0 ], [ 73.1422791, 28.1596137, 0.0 ] ], [ [ 73.1422231, 28.1596129, 0.0 ], [ 73.1422462, 28.1596132, 0.0 ], [ 73.142241, 28.1599165, 0.0 ], [ 73.1422179, 28.1599162, 0.0 ], [ 73.1422231, 28.1596129, 0.0 ] ], [ [ 73.1421725, 28.1593005, 0.0 ], [ 73.1421956, 28.1593008, 0.0 ], [ 73.1421904, 28.1596041, 0.0 ], [ 73.1421673, 28.1596037, 0.0 ], [ 73.1421725, 28.1593005, 0.0 ] ], [ [ 73.1421165, 28.1592997, 0.0 ], [ 73.1421396, 28.1593, 0.0 ], [ 73.1421344, 28.1596033, 0.0 ], [ 73.1421113, 28.159603, 0.0 ], [ 73.1421165, 28.1592997, 0.0 ] ], [ [ 73.1421671, 28.1596122, 0.0 ], [ 73.1421902, 28.1596125, 0.0 ], [ 73.142185, 28.1599157, 0.0 ], [ 73.1421619, 28.1599154, 0.0 ], [ 73.1421671, 28.1596122, 0.0 ] ], [ [ 73.1421111, 28.1596114, 0.0 ], [ 73.1421343, 28.1596117, 0.0 ], [ 73.142129, 28.159915, 0.0 ], [ 73.1421059, 28.1599147, 0.0 ], [ 73.1421111, 28.1596114, 0.0 ] ], [ [ 73.1420605, 28.159299, 0.0 ], [ 73.1420836, 28.1592993, 0.0 ], [ 73.1420784, 28.1596025, 0.0 ], [ 73.1420553, 28.1596022, 0.0 ], [ 73.1420605, 28.159299, 0.0 ] ], [ [ 73.1420045, 28.1592982, 0.0 ], [ 73.1420277, 28.1592985, 0.0 ], [ 73.1420224, 28.1596018, 0.0 ], [ 73.1419993, 28.1596015, 0.0 ], [ 73.1420045, 28.1592982, 0.0 ] ], [ [ 73.1420551, 28.1596106, 0.0 ], [ 73.1420783, 28.159611, 0.0 ], [ 73.142073, 28.1599142, 0.0 ], [ 73.1420499, 28.1599139, 0.0 ], [ 73.1420551, 28.1596106, 0.0 ] ], [ [ 73.1419991, 28.1596099, 0.0 ], [ 73.1420223, 28.1596102, 0.0 ], [ 73.142017, 28.1599135, 0.0 ], [ 73.1419939, 28.1599132, 0.0 ], [ 73.1419991, 28.1596099, 0.0 ] ], [ [ 73.1419485, 28.1592974, 0.0 ], [ 73.1419717, 28.1592978, 0.0 ], [ 73.1419664, 28.159601, 0.0 ], [ 73.1419433, 28.1596007, 0.0 ], [ 73.1419485, 28.1592974, 0.0 ] ], [ [ 73.1418925, 28.1592967, 0.0 ], [ 73.1419157, 28.159297, 0.0 ], [ 73.1419104, 28.1596003, 0.0 ], [ 73.1418873, 28.1595999, 0.0 ], [ 73.1418925, 28.1592967, 0.0 ] ], [ [ 73.1419431, 28.1596091, 0.0 ], [ 73.1419663, 28.1596094, 0.0 ], [ 73.141961, 28.1599127, 0.0 ], [ 73.1419379, 28.1599124, 0.0 ], [ 73.1419431, 28.1596091, 0.0 ] ], [ [ 73.1418872, 28.1596084, 0.0 ], [ 73.1419103, 28.1596087, 0.0 ], [ 73.141905, 28.1599119, 0.0 ], [ 73.1418819, 28.1599116, 0.0 ], [ 73.1418872, 28.1596084, 0.0 ] ], [ [ 73.1418365, 28.1592959, 0.0 ], [ 73.1418597, 28.1592962, 0.0 ], [ 73.1418544, 28.1595995, 0.0 ], [ 73.1418313, 28.1595992, 0.0 ], [ 73.1418365, 28.1592959, 0.0 ] ], [ [ 73.1417806, 28.1592952, 0.0 ], [ 73.1418037, 28.1592955, 0.0 ], [ 73.1417984, 28.1595987, 0.0 ], [ 73.1417753, 28.1595984, 0.0 ], [ 73.1417806, 28.1592952, 0.0 ] ], [ [ 73.1418312, 28.1596076, 0.0 ], [ 73.1418543, 28.1596079, 0.0 ], [ 73.1418491, 28.1599112, 0.0 ], [ 73.1418259, 28.1599109, 0.0 ], [ 73.1418312, 28.1596076, 0.0 ] ], [ [ 73.1417752, 28.1596068, 0.0 ], [ 73.1417983, 28.1596072, 0.0 ], [ 73.1417931, 28.1599104, 0.0 ], [ 73.1417699, 28.1599101, 0.0 ], [ 73.1417752, 28.1596068, 0.0 ] ], [ [ 73.1417246, 28.1592944, 0.0 ], [ 73.1417477, 28.1592947, 0.0 ], [ 73.1417425, 28.159598, 0.0 ], [ 73.1417193, 28.1595977, 0.0 ], [ 73.1417246, 28.1592944, 0.0 ] ], [ [ 73.1416686, 28.1592936, 0.0 ], [ 73.1416917, 28.159294, 0.0 ], [ 73.1416865, 28.1595972, 0.0 ], [ 73.1416633, 28.1595969, 0.0 ], [ 73.1416686, 28.1592936, 0.0 ] ], [ [ 73.1417192, 28.1596061, 0.0 ], [ 73.1417423, 28.1596064, 0.0 ], [ 73.1417371, 28.1599097, 0.0 ], [ 73.1417139, 28.1599094, 0.0 ], [ 73.1417192, 28.1596061, 0.0 ] ], [ [ 73.1416632, 28.1596053, 0.0 ], [ 73.1416863, 28.1596056, 0.0 ], [ 73.1416811, 28.1599089, 0.0 ], [ 73.141658, 28.1599086, 0.0 ], [ 73.1416632, 28.1596053, 0.0 ] ], [ [ 73.1416126, 28.1592929, 0.0 ], [ 73.1416357, 28.1592932, 0.0 ], [ 73.1416305, 28.1595965, 0.0 ], [ 73.1416073, 28.1595962, 0.0 ], [ 73.1416126, 28.1592929, 0.0 ] ], [ [ 73.1415566, 28.1592921, 0.0 ], [ 73.1415797, 28.1592924, 0.0 ], [ 73.1415745, 28.1595957, 0.0 ], [ 73.1415514, 28.1595954, 0.0 ], [ 73.1415566, 28.1592921, 0.0 ] ], [ [ 73.1416072, 28.1596046, 0.0 ], [ 73.1416303, 28.1596049, 0.0 ], [ 73.1416251, 28.1599081, 0.0 ], [ 73.141602, 28.1599078, 0.0 ], [ 73.1416072, 28.1596046, 0.0 ] ], [ [ 73.1415512, 28.1596038, 0.0 ], [ 73.1415743, 28.1596041, 0.0 ], [ 73.1415691, 28.1599074, 0.0 ], [ 73.141546, 28.1599071, 0.0 ], [ 73.1415512, 28.1596038, 0.0 ] ], [ [ 73.1415006, 28.1592914, 0.0 ], [ 73.1415237, 28.1592917, 0.0 ], [ 73.1415185, 28.1595949, 0.0 ], [ 73.1414954, 28.1595946, 0.0 ], [ 73.1415006, 28.1592914, 0.0 ] ], [ [ 73.1414446, 28.1592906, 0.0 ], [ 73.1414677, 28.1592909, 0.0 ], [ 73.1414625, 28.1595942, 0.0 ], [ 73.1414394, 28.1595939, 0.0 ], [ 73.1414446, 28.1592906, 0.0 ] ], [ [ 73.1414952, 28.159603, 0.0 ], [ 73.1415183, 28.1596034, 0.0 ], [ 73.1415131, 28.1599066, 0.0 ], [ 73.14149, 28.1599063, 0.0 ], [ 73.1414952, 28.159603, 0.0 ] ], [ [ 73.1414392, 28.1596023, 0.0 ], [ 73.1414624, 28.1596026, 0.0 ], [ 73.1414571, 28.1599059, 0.0 ], [ 73.141434, 28.1599056, 0.0 ], [ 73.1414392, 28.1596023, 0.0 ] ], [ [ 73.1445348, 28.1587129, 0.0 ], [ 73.144558, 28.1587132, 0.0 ], [ 73.1445527, 28.1590165, 0.0 ], [ 73.1445296, 28.1590162, 0.0 ], [ 73.1445348, 28.1587129, 0.0 ] ], [ [ 73.1444788, 28.1587121, 0.0 ], [ 73.144502, 28.1587125, 0.0 ], [ 73.1444967, 28.1590157, 0.0 ], [ 73.1444736, 28.1590154, 0.0 ], [ 73.1444788, 28.1587121, 0.0 ] ], [ [ 73.1445294, 28.1590246, 0.0 ], [ 73.1445526, 28.1590249, 0.0 ], [ 73.1445473, 28.1593282, 0.0 ], [ 73.1445242, 28.1593279, 0.0 ], [ 73.1445294, 28.1590246, 0.0 ] ], [ [ 73.1444735, 28.1590238, 0.0 ], [ 73.1444966, 28.1590241, 0.0 ], [ 73.1444914, 28.1593274, 0.0 ], [ 73.1444682, 28.1593271, 0.0 ], [ 73.1444735, 28.1590238, 0.0 ] ], [ [ 73.1444228, 28.1587114, 0.0 ], [ 73.144446, 28.1587117, 0.0 ], [ 73.1444407, 28.159015, 0.0 ], [ 73.1444176, 28.1590146, 0.0 ], [ 73.1444228, 28.1587114, 0.0 ] ], [ [ 73.1443668, 28.1587106, 0.0 ], [ 73.14439, 28.1587109, 0.0 ], [ 73.1443847, 28.1590142, 0.0 ], [ 73.1443616, 28.1590139, 0.0 ], [ 73.1443668, 28.1587106, 0.0 ] ], [ [ 73.1444175, 28.1590231, 0.0 ], [ 73.1444406, 28.1590234, 0.0 ], [ 73.1444354, 28.1593266, 0.0 ], [ 73.1444122, 28.1593263, 0.0 ], [ 73.1444175, 28.1590231, 0.0 ] ], [ [ 73.1443615, 28.1590223, 0.0 ], [ 73.1443846, 28.1590226, 0.0 ], [ 73.1443794, 28.1593259, 0.0 ], [ 73.1443562, 28.1593256, 0.0 ], [ 73.1443615, 28.1590223, 0.0 ] ], [ [ 73.1443109, 28.1587099, 0.0 ], [ 73.144334, 28.1587102, 0.0 ], [ 73.1443288, 28.1590134, 0.0 ], [ 73.1443056, 28.1590131, 0.0 ], [ 73.1443109, 28.1587099, 0.0 ] ], [ [ 73.1442549, 28.1587091, 0.0 ], [ 73.144278, 28.1587094, 0.0 ], [ 73.1442728, 28.1590127, 0.0 ], [ 73.1442496, 28.1590124, 0.0 ], [ 73.1442549, 28.1587091, 0.0 ] ], [ [ 73.1443055, 28.1590215, 0.0 ], [ 73.1443286, 28.1590219, 0.0 ], [ 73.1443234, 28.1593251, 0.0 ], [ 73.1443002, 28.1593248, 0.0 ], [ 73.1443055, 28.1590215, 0.0 ] ], [ [ 73.1442495, 28.1590208, 0.0 ], [ 73.1442726, 28.1590211, 0.0 ], [ 73.1442674, 28.1593244, 0.0 ], [ 73.1442443, 28.1593241, 0.0 ], [ 73.1442495, 28.1590208, 0.0 ] ], [ [ 73.1441989, 28.1587083, 0.0 ], [ 73.144222, 28.1587087, 0.0 ], [ 73.1442168, 28.1590119, 0.0 ], [ 73.1441936, 28.1590116, 0.0 ], [ 73.1441989, 28.1587083, 0.0 ] ], [ [ 73.1441429, 28.1587076, 0.0 ], [ 73.144166, 28.1587079, 0.0 ], [ 73.1441608, 28.1590112, 0.0 ], [ 73.1441377, 28.1590109, 0.0 ], [ 73.1441429, 28.1587076, 0.0 ] ], [ [ 73.1441935, 28.15902, 0.0 ], [ 73.1442166, 28.1590203, 0.0 ], [ 73.1442114, 28.1593236, 0.0 ], [ 73.1441883, 28.1593233, 0.0 ], [ 73.1441935, 28.15902, 0.0 ] ], [ [ 73.1441375, 28.1590193, 0.0 ], [ 73.1441606, 28.1590196, 0.0 ], [ 73.1441554, 28.1593229, 0.0 ], [ 73.1441323, 28.1593225, 0.0 ], [ 73.1441375, 28.1590193, 0.0 ] ], [ [ 73.1440869, 28.1587068, 0.0 ], [ 73.14411, 28.1587071, 0.0 ], [ 73.1441048, 28.1590104, 0.0 ], [ 73.1440817, 28.1590101, 0.0 ], [ 73.1440869, 28.1587068, 0.0 ] ], [ [ 73.1440309, 28.1587061, 0.0 ], [ 73.144054, 28.1587064, 0.0 ], [ 73.1440488, 28.1590097, 0.0 ], [ 73.1440257, 28.1590093, 0.0 ], [ 73.1440309, 28.1587061, 0.0 ] ], [ [ 73.1440815, 28.1590185, 0.0 ], [ 73.1441046, 28.1590188, 0.0 ], [ 73.1440994, 28.1593221, 0.0 ], [ 73.1440763, 28.1593218, 0.0 ], [ 73.1440815, 28.1590185, 0.0 ] ], [ [ 73.1440255, 28.1590178, 0.0 ], [ 73.1440487, 28.1590181, 0.0 ], [ 73.1440434, 28.1593213, 0.0 ], [ 73.1440203, 28.159321, 0.0 ], [ 73.1440255, 28.1590178, 0.0 ] ], [ [ 73.1439749, 28.1587053, 0.0 ], [ 73.143998, 28.1587056, 0.0 ], [ 73.1439928, 28.1590089, 0.0 ], [ 73.1439697, 28.1590086, 0.0 ], [ 73.1439749, 28.1587053, 0.0 ] ], [ [ 73.1439189, 28.1587046, 0.0 ], [ 73.1439421, 28.1587049, 0.0 ], [ 73.1439368, 28.1590081, 0.0 ], [ 73.1439137, 28.1590078, 0.0 ], [ 73.1439189, 28.1587046, 0.0 ] ], [ [ 73.1439695, 28.159017, 0.0 ], [ 73.1439927, 28.1590173, 0.0 ], [ 73.1439874, 28.1593206, 0.0 ], [ 73.1439643, 28.1593203, 0.0 ], [ 73.1439695, 28.159017, 0.0 ] ], [ [ 73.1439135, 28.1590162, 0.0 ], [ 73.1439367, 28.1590166, 0.0 ], [ 73.1439314, 28.1593198, 0.0 ], [ 73.1439083, 28.1593195, 0.0 ], [ 73.1439135, 28.1590162, 0.0 ] ], [ [ 73.143191, 28.1586947, 0.0 ], [ 73.1432142, 28.158695, 0.0 ], [ 73.1432089, 28.1589983, 0.0 ], [ 73.1431858, 28.158998, 0.0 ], [ 73.143191, 28.1586947, 0.0 ] ], [ [ 73.143135, 28.1586939, 0.0 ], [ 73.1431582, 28.1586942, 0.0 ], [ 73.1431529, 28.1589975, 0.0 ], [ 73.1431298, 28.1589972, 0.0 ], [ 73.143135, 28.1586939, 0.0 ] ], [ [ 73.1431857, 28.1590064, 0.0 ], [ 73.1432088, 28.1590067, 0.0 ], [ 73.1432036, 28.15931, 0.0 ], [ 73.1431804, 28.1593096, 0.0 ], [ 73.1431857, 28.1590064, 0.0 ] ], [ [ 73.1431297, 28.1590056, 0.0 ], [ 73.1431528, 28.1590059, 0.0 ], [ 73.1431476, 28.1593092, 0.0 ], [ 73.1431244, 28.1593089, 0.0 ], [ 73.1431297, 28.1590056, 0.0 ] ], [ [ 73.1430791, 28.1586932, 0.0 ], [ 73.1431022, 28.1586935, 0.0 ], [ 73.1430969, 28.1589967, 0.0 ], [ 73.1430738, 28.1589964, 0.0 ], [ 73.1430791, 28.1586932, 0.0 ] ], [ [ 73.1430231, 28.1586924, 0.0 ], [ 73.1430462, 28.1586927, 0.0 ], [ 73.143041, 28.158996, 0.0 ], [ 73.1430178, 28.1589957, 0.0 ], [ 73.1430231, 28.1586924, 0.0 ] ], [ [ 73.1430737, 28.1590049, 0.0 ], [ 73.1430968, 28.1590052, 0.0 ], [ 73.1430916, 28.1593084, 0.0 ], [ 73.1430684, 28.1593081, 0.0 ], [ 73.1430737, 28.1590049, 0.0 ] ], [ [ 73.1430177, 28.1590041, 0.0 ], [ 73.1430408, 28.1590044, 0.0 ], [ 73.1430356, 28.1593077, 0.0 ], [ 73.1430124, 28.1593074, 0.0 ], [ 73.1430177, 28.1590041, 0.0 ] ], [ [ 73.1429671, 28.1586916, 0.0 ], [ 73.1429902, 28.158692, 0.0 ], [ 73.142985, 28.1589952, 0.0 ], [ 73.1429618, 28.1589949, 0.0 ], [ 73.1429671, 28.1586916, 0.0 ] ], [ [ 73.1429111, 28.1586909, 0.0 ], [ 73.1429342, 28.1586912, 0.0 ], [ 73.142929, 28.1589945, 0.0 ], [ 73.1429058, 28.1589942, 0.0 ], [ 73.1429111, 28.1586909, 0.0 ] ], [ [ 73.1429617, 28.1590033, 0.0 ], [ 73.1429848, 28.1590036, 0.0 ], [ 73.1429796, 28.1593069, 0.0 ], [ 73.1429565, 28.1593066, 0.0 ], [ 73.1429617, 28.1590033, 0.0 ] ], [ [ 73.1429057, 28.1590026, 0.0 ], [ 73.1429288, 28.1590029, 0.0 ], [ 73.1429236, 28.1593062, 0.0 ], [ 73.1429005, 28.1593058, 0.0 ], [ 73.1429057, 28.1590026, 0.0 ] ], [ [ 73.1428551, 28.1586901, 0.0 ], [ 73.1428782, 28.1586904, 0.0 ], [ 73.142873, 28.1589937, 0.0 ], [ 73.1428499, 28.1589934, 0.0 ], [ 73.1428551, 28.1586901, 0.0 ] ], [ [ 73.1427991, 28.1586894, 0.0 ], [ 73.1428222, 28.1586897, 0.0 ], [ 73.142817, 28.158993, 0.0 ], [ 73.1427939, 28.1589926, 0.0 ], [ 73.1427991, 28.1586894, 0.0 ] ], [ [ 73.1428497, 28.1590018, 0.0 ], [ 73.1428728, 28.1590021, 0.0 ], [ 73.1428676, 28.1593054, 0.0 ], [ 73.1428445, 28.1593051, 0.0 ], [ 73.1428497, 28.1590018, 0.0 ] ], [ [ 73.1427937, 28.1590011, 0.0 ], [ 73.1428168, 28.1590014, 0.0 ], [ 73.1428116, 28.1593046, 0.0 ], [ 73.1427885, 28.1593043, 0.0 ], [ 73.1427937, 28.1590011, 0.0 ] ], [ [ 73.1427431, 28.1586886, 0.0 ], [ 73.1427662, 28.1586889, 0.0 ], [ 73.142761, 28.1589922, 0.0 ], [ 73.1427379, 28.1589919, 0.0 ], [ 73.1427431, 28.1586886, 0.0 ] ], [ [ 73.1426871, 28.1586879, 0.0 ], [ 73.1427102, 28.1586882, 0.0 ], [ 73.142705, 28.1589914, 0.0 ], [ 73.1426819, 28.1589911, 0.0 ], [ 73.1426871, 28.1586879, 0.0 ] ], [ [ 73.1427377, 28.1590003, 0.0 ], [ 73.1427609, 28.1590006, 0.0 ], [ 73.1427556, 28.1593039, 0.0 ], [ 73.1427325, 28.1593036, 0.0 ], [ 73.1427377, 28.1590003, 0.0 ] ], [ [ 73.1426817, 28.1589995, 0.0 ], [ 73.1427049, 28.1589999, 0.0 ], [ 73.1426996, 28.1593031, 0.0 ], [ 73.1426765, 28.1593028, 0.0 ], [ 73.1426817, 28.1589995, 0.0 ] ], [ [ 73.1426311, 28.1586871, 0.0 ], [ 73.1426543, 28.1586874, 0.0 ], [ 73.142649, 28.1589907, 0.0 ], [ 73.1426259, 28.1589904, 0.0 ], [ 73.1426311, 28.1586871, 0.0 ] ], [ [ 73.1425751, 28.1586863, 0.0 ], [ 73.1425983, 28.1586866, 0.0 ], [ 73.142593, 28.1589899, 0.0 ], [ 73.1425699, 28.1589896, 0.0 ], [ 73.1425751, 28.1586863, 0.0 ] ], [ [ 73.1426257, 28.1589988, 0.0 ], [ 73.1426489, 28.1589991, 0.0 ], [ 73.1426436, 28.1593024, 0.0 ], [ 73.1426205, 28.159302, 0.0 ], [ 73.1426257, 28.1589988, 0.0 ] ], [ [ 73.1425698, 28.158998, 0.0 ], [ 73.1425929, 28.1589983, 0.0 ], [ 73.1425876, 28.1593016, 0.0 ], [ 73.1425645, 28.1593013, 0.0 ], [ 73.1425698, 28.158998, 0.0 ] ], [ [ 73.1425191, 28.1586856, 0.0 ], [ 73.1425423, 28.1586859, 0.0 ], [ 73.142537, 28.1589892, 0.0 ], [ 73.1425139, 28.1589888, 0.0 ], [ 73.1425191, 28.1586856, 0.0 ] ], [ [ 73.1424632, 28.1586848, 0.0 ], [ 73.1424863, 28.1586851, 0.0 ], [ 73.142481, 28.1589884, 0.0 ], [ 73.1424579, 28.1589881, 0.0 ], [ 73.1424632, 28.1586848, 0.0 ] ], [ [ 73.1425138, 28.1589973, 0.0 ], [ 73.1425369, 28.1589976, 0.0 ], [ 73.1425317, 28.1593008, 0.0 ], [ 73.1425085, 28.1593005, 0.0 ], [ 73.1425138, 28.1589973, 0.0 ] ], [ [ 73.1424578, 28.1589965, 0.0 ], [ 73.1424809, 28.1589968, 0.0 ], [ 73.1424757, 28.1593001, 0.0 ], [ 73.1424525, 28.1592998, 0.0 ], [ 73.1424578, 28.1589965, 0.0 ] ], [ [ 73.1424072, 28.1586841, 0.0 ], [ 73.1424303, 28.1586844, 0.0 ], [ 73.1424251, 28.1589876, 0.0 ], [ 73.1424019, 28.1589873, 0.0 ], [ 73.1424072, 28.1586841, 0.0 ] ], [ [ 73.1423512, 28.1586833, 0.0 ], [ 73.1423743, 28.1586836, 0.0 ], [ 73.1423691, 28.1589869, 0.0 ], [ 73.1423459, 28.1589866, 0.0 ], [ 73.1423512, 28.1586833, 0.0 ] ], [ [ 73.1424018, 28.1589957, 0.0 ], [ 73.1424249, 28.1589961, 0.0 ], [ 73.1424197, 28.1592993, 0.0 ], [ 73.1423965, 28.159299, 0.0 ], [ 73.1424018, 28.1589957, 0.0 ] ], [ [ 73.1423458, 28.158995, 0.0 ], [ 73.1423689, 28.1589953, 0.0 ], [ 73.1423637, 28.1592986, 0.0 ], [ 73.1423405, 28.1592982, 0.0 ], [ 73.1423458, 28.158995, 0.0 ] ], [ [ 73.1422952, 28.1586825, 0.0 ], [ 73.1423183, 28.1586828, 0.0 ], [ 73.1423131, 28.1589861, 0.0 ], [ 73.1422899, 28.1589858, 0.0 ], [ 73.1422952, 28.1586825, 0.0 ] ], [ [ 73.1422392, 28.1586818, 0.0 ], [ 73.1422623, 28.1586821, 0.0 ], [ 73.1422571, 28.1589854, 0.0 ], [ 73.1422339, 28.158985, 0.0 ], [ 73.1422392, 28.1586818, 0.0 ] ], [ [ 73.1422898, 28.1589942, 0.0 ], [ 73.1423129, 28.1589945, 0.0 ], [ 73.1423077, 28.1592978, 0.0 ], [ 73.1422846, 28.1592975, 0.0 ], [ 73.1422898, 28.1589942, 0.0 ] ], [ [ 73.1422338, 28.1589935, 0.0 ], [ 73.1422569, 28.1589938, 0.0 ], [ 73.1422517, 28.159297, 0.0 ], [ 73.1422286, 28.1592967, 0.0 ], [ 73.1422338, 28.1589935, 0.0 ] ], [ [ 73.1421832, 28.158681, 0.0 ], [ 73.1422063, 28.1586813, 0.0 ], [ 73.1422011, 28.1589846, 0.0 ], [ 73.142178, 28.1589843, 0.0 ], [ 73.1421832, 28.158681, 0.0 ] ], [ [ 73.1421272, 28.1586803, 0.0 ], [ 73.1421503, 28.1586806, 0.0 ], [ 73.1421451, 28.1589838, 0.0 ], [ 73.142122, 28.1589835, 0.0 ], [ 73.1421272, 28.1586803, 0.0 ] ], [ [ 73.1421778, 28.1589927, 0.0 ], [ 73.1422009, 28.158993, 0.0 ], [ 73.1421957, 28.1592963, 0.0 ], [ 73.1421726, 28.159296, 0.0 ], [ 73.1421778, 28.1589927, 0.0 ] ], [ [ 73.1421218, 28.1589919, 0.0 ], [ 73.142145, 28.1589923, 0.0 ], [ 73.1421397, 28.1592955, 0.0 ], [ 73.1421166, 28.1592952, 0.0 ], [ 73.1421218, 28.1589919, 0.0 ] ], [ [ 73.1420712, 28.1586795, 0.0 ], [ 73.1420943, 28.1586798, 0.0 ], [ 73.1420891, 28.1589831, 0.0 ], [ 73.142066, 28.1589828, 0.0 ], [ 73.1420712, 28.1586795, 0.0 ] ], [ [ 73.1420152, 28.1586787, 0.0 ], [ 73.1420384, 28.1586791, 0.0 ], [ 73.1420331, 28.1589823, 0.0 ], [ 73.14201, 28.158982, 0.0 ], [ 73.1420152, 28.1586787, 0.0 ] ], [ [ 73.1420658, 28.1589912, 0.0 ], [ 73.142089, 28.1589915, 0.0 ], [ 73.1420837, 28.1592948, 0.0 ], [ 73.1420606, 28.1592944, 0.0 ], [ 73.1420658, 28.1589912, 0.0 ] ], [ [ 73.1420098, 28.1589904, 0.0 ], [ 73.142033, 28.1589907, 0.0 ], [ 73.1420277, 28.159294, 0.0 ], [ 73.1420046, 28.1592937, 0.0 ], [ 73.1420098, 28.1589904, 0.0 ] ], [ [ 73.1419592, 28.158678, 0.0 ], [ 73.1419824, 28.1586783, 0.0 ], [ 73.1419771, 28.1589816, 0.0 ], [ 73.141954, 28.1589812, 0.0 ], [ 73.1419592, 28.158678, 0.0 ] ], [ [ 73.1419032, 28.1586772, 0.0 ], [ 73.1419264, 28.1586775, 0.0 ], [ 73.1419211, 28.1589808, 0.0 ], [ 73.141898, 28.1589805, 0.0 ], [ 73.1419032, 28.1586772, 0.0 ] ], [ [ 73.1419538, 28.1589897, 0.0 ], [ 73.141977, 28.15899, 0.0 ], [ 73.1419717, 28.1592932, 0.0 ], [ 73.1419486, 28.1592929, 0.0 ], [ 73.1419538, 28.1589897, 0.0 ] ], [ [ 73.1418979, 28.1589889, 0.0 ], [ 73.141921, 28.1589892, 0.0 ], [ 73.1419157, 28.1592925, 0.0 ], [ 73.1418926, 28.1592922, 0.0 ], [ 73.1418979, 28.1589889, 0.0 ] ], [ [ 73.1418473, 28.1586765, 0.0 ], [ 73.1418704, 28.1586768, 0.0 ], [ 73.1418651, 28.15898, 0.0 ], [ 73.141842, 28.1589797, 0.0 ], [ 73.1418473, 28.1586765, 0.0 ] ], [ [ 73.1417913, 28.1586757, 0.0 ], [ 73.1418144, 28.158676, 0.0 ], [ 73.1418091, 28.1589793, 0.0 ], [ 73.141786, 28.158979, 0.0 ], [ 73.1417913, 28.1586757, 0.0 ] ], [ [ 73.1418419, 28.1589881, 0.0 ], [ 73.141865, 28.1589885, 0.0 ], [ 73.1418598, 28.1592917, 0.0 ], [ 73.1418366, 28.1592914, 0.0 ], [ 73.1418419, 28.1589881, 0.0 ] ], [ [ 73.1417859, 28.1589874, 0.0 ], [ 73.141809, 28.1589877, 0.0 ], [ 73.1418038, 28.159291, 0.0 ], [ 73.1417806, 28.1592907, 0.0 ], [ 73.1417859, 28.1589874, 0.0 ] ], [ [ 73.1417353, 28.1586749, 0.0 ], [ 73.1417584, 28.1586753, 0.0 ], [ 73.1417532, 28.1589785, 0.0 ], [ 73.14173, 28.1589782, 0.0 ], [ 73.1417353, 28.1586749, 0.0 ] ], [ [ 73.1416793, 28.1586742, 0.0 ], [ 73.1417024, 28.1586745, 0.0 ], [ 73.1416972, 28.1589778, 0.0 ], [ 73.141674, 28.1589774, 0.0 ], [ 73.1416793, 28.1586742, 0.0 ] ], [ [ 73.1417299, 28.1589866, 0.0 ], [ 73.141753, 28.1589869, 0.0 ], [ 73.1417478, 28.1592902, 0.0 ], [ 73.1417246, 28.1592899, 0.0 ], [ 73.1417299, 28.1589866, 0.0 ] ], [ [ 73.1416739, 28.1589859, 0.0 ], [ 73.141697, 28.1589862, 0.0 ], [ 73.1416918, 28.1592894, 0.0 ], [ 73.1416687, 28.1592891, 0.0 ], [ 73.1416739, 28.1589859, 0.0 ] ], [ [ 73.1416233, 28.1586734, 0.0 ], [ 73.1416464, 28.1586737, 0.0 ], [ 73.1416412, 28.158977, 0.0 ], [ 73.141618, 28.1589767, 0.0 ], [ 73.1416233, 28.1586734, 0.0 ] ], [ [ 73.1415673, 28.1586727, 0.0 ], [ 73.1415904, 28.158673, 0.0 ], [ 73.1415852, 28.1589762, 0.0 ], [ 73.1415621, 28.1589759, 0.0 ], [ 73.1415673, 28.1586727, 0.0 ] ], [ [ 73.1416179, 28.1589851, 0.0 ], [ 73.141641, 28.1589854, 0.0 ], [ 73.1416358, 28.1592887, 0.0 ], [ 73.1416127, 28.1592884, 0.0 ], [ 73.1416179, 28.1589851, 0.0 ] ], [ [ 73.1415619, 28.1589843, 0.0 ], [ 73.141585, 28.1589847, 0.0 ], [ 73.1415798, 28.1592879, 0.0 ], [ 73.1415567, 28.1592876, 0.0 ], [ 73.1415619, 28.1589843, 0.0 ] ], [ [ 73.1415113, 28.1586719, 0.0 ], [ 73.1415344, 28.1586722, 0.0 ], [ 73.1415292, 28.1589755, 0.0 ], [ 73.1415061, 28.1589752, 0.0 ], [ 73.1415113, 28.1586719, 0.0 ] ], [ [ 73.1414553, 28.1586711, 0.0 ], [ 73.1414784, 28.1586715, 0.0 ], [ 73.1414732, 28.1589747, 0.0 ], [ 73.1414501, 28.1589744, 0.0 ], [ 73.1414553, 28.1586711, 0.0 ] ], [ [ 73.1415059, 28.1589836, 0.0 ], [ 73.141529, 28.1589839, 0.0 ], [ 73.1415238, 28.1592872, 0.0 ], [ 73.1415007, 28.1592869, 0.0 ], [ 73.1415059, 28.1589836, 0.0 ] ], [ [ 73.1414499, 28.1589828, 0.0 ], [ 73.1414731, 28.1589831, 0.0 ], [ 73.1414678, 28.1592864, 0.0 ], [ 73.1414447, 28.1592861, 0.0 ], [ 73.1414499, 28.1589828, 0.0 ] ], [ [ 73.1413993, 28.1586704, 0.0 ], [ 73.1414225, 28.1586707, 0.0 ], [ 73.1414172, 28.158974, 0.0 ], [ 73.1413941, 28.1589736, 0.0 ], [ 73.1413993, 28.1586704, 0.0 ] ], [ [ 73.1413433, 28.1586696, 0.0 ], [ 73.1413665, 28.1586699, 0.0 ], [ 73.1413612, 28.1589732, 0.0 ], [ 73.1413381, 28.1589729, 0.0 ], [ 73.1413433, 28.1586696, 0.0 ] ], [ [ 73.1413939, 28.1589821, 0.0 ], [ 73.1414171, 28.1589824, 0.0 ], [ 73.1414118, 28.1592856, 0.0 ], [ 73.1413887, 28.1592853, 0.0 ], [ 73.1413939, 28.1589821, 0.0 ] ], [ [ 73.1413379, 28.1589813, 0.0 ], [ 73.1413611, 28.1589816, 0.0 ], [ 73.1413558, 28.1592849, 0.0 ], [ 73.1413327, 28.1592846, 0.0 ], [ 73.1413379, 28.1589813, 0.0 ] ], [ [ 73.1412873, 28.1586689, 0.0 ], [ 73.1413105, 28.1586692, 0.0 ], [ 73.1413052, 28.1589724, 0.0 ], [ 73.1412821, 28.1589721, 0.0 ], [ 73.1412873, 28.1586689, 0.0 ] ], [ [ 73.1412313, 28.1586681, 0.0 ], [ 73.1412545, 28.1586684, 0.0 ], [ 73.1412492, 28.1589717, 0.0 ], [ 73.1412261, 28.1589714, 0.0 ], [ 73.1412313, 28.1586681, 0.0 ] ], [ [ 73.141282, 28.1589805, 0.0 ], [ 73.1413051, 28.1589809, 0.0 ], [ 73.1412998, 28.1592841, 0.0 ], [ 73.1412767, 28.1592838, 0.0 ], [ 73.141282, 28.1589805, 0.0 ] ], [ [ 73.141226, 28.1589798, 0.0 ], [ 73.1412491, 28.1589801, 0.0 ], [ 73.1412439, 28.1592834, 0.0 ], [ 73.1412207, 28.1592831, 0.0 ], [ 73.141226, 28.1589798, 0.0 ] ], [ [ 73.1411754, 28.1586673, 0.0 ], [ 73.1411985, 28.1586677, 0.0 ], [ 73.1411932, 28.1589709, 0.0 ], [ 73.1411701, 28.1589706, 0.0 ], [ 73.1411754, 28.1586673, 0.0 ] ], [ [ 73.1411194, 28.1586666, 0.0 ], [ 73.1411425, 28.1586669, 0.0 ], [ 73.1411373, 28.1589702, 0.0 ], [ 73.1411141, 28.1589698, 0.0 ], [ 73.1411194, 28.1586666, 0.0 ] ], [ [ 73.14117, 28.158979, 0.0 ], [ 73.1411931, 28.1589793, 0.0 ], [ 73.1411879, 28.1592826, 0.0 ], [ 73.1411647, 28.1592823, 0.0 ], [ 73.14117, 28.158979, 0.0 ] ], [ [ 73.141114, 28.1589783, 0.0 ], [ 73.1411371, 28.1589786, 0.0 ], [ 73.1411319, 28.1592818, 0.0 ], [ 73.1411087, 28.1592815, 0.0 ], [ 73.141114, 28.1589783, 0.0 ] ], [ [ 73.1410634, 28.1586658, 0.0 ], [ 73.1410865, 28.1586661, 0.0 ], [ 73.1410813, 28.1589694, 0.0 ], [ 73.1410581, 28.1589691, 0.0 ], [ 73.1410634, 28.1586658, 0.0 ] ], [ [ 73.1410074, 28.1586651, 0.0 ], [ 73.1410305, 28.1586654, 0.0 ], [ 73.1410253, 28.1589686, 0.0 ], [ 73.1410021, 28.1589683, 0.0 ], [ 73.1410074, 28.1586651, 0.0 ] ], [ [ 73.141058, 28.1589775, 0.0 ], [ 73.1410811, 28.1589778, 0.0 ], [ 73.1410759, 28.1592811, 0.0 ], [ 73.1410527, 28.1592808, 0.0 ], [ 73.141058, 28.1589775, 0.0 ] ], [ [ 73.141002, 28.1589767, 0.0 ], [ 73.1410251, 28.1589771, 0.0 ], [ 73.1410199, 28.1592803, 0.0 ], [ 73.1409968, 28.15928, 0.0 ], [ 73.141002, 28.1589767, 0.0 ] ], [ [ 73.1409514, 28.1586643, 0.0 ], [ 73.1409745, 28.1586646, 0.0 ], [ 73.1409693, 28.1589679, 0.0 ], [ 73.1409462, 28.1589676, 0.0 ], [ 73.1409514, 28.1586643, 0.0 ] ], [ [ 73.1408954, 28.1586635, 0.0 ], [ 73.1409185, 28.1586639, 0.0 ], [ 73.1409133, 28.1589671, 0.0 ], [ 73.1408902, 28.1589668, 0.0 ], [ 73.1408954, 28.1586635, 0.0 ] ], [ [ 73.140946, 28.158976, 0.0 ], [ 73.1409691, 28.1589763, 0.0 ], [ 73.1409639, 28.1592796, 0.0 ], [ 73.1409408, 28.1592793, 0.0 ], [ 73.140946, 28.158976, 0.0 ] ], [ [ 73.14089, 28.1589752, 0.0 ], [ 73.1409131, 28.1589755, 0.0 ], [ 73.1409079, 28.1592788, 0.0 ], [ 73.1408848, 28.1592785, 0.0 ], [ 73.14089, 28.1589752, 0.0 ] ], [ [ 73.1408394, 28.1586628, 0.0 ], [ 73.1408625, 28.1586631, 0.0 ], [ 73.1408573, 28.1589664, 0.0 ], [ 73.1408342, 28.158966, 0.0 ], [ 73.1408394, 28.1586628, 0.0 ] ], [ [ 73.1407834, 28.158662, 0.0 ], [ 73.1408066, 28.1586623, 0.0 ], [ 73.1408013, 28.1589656, 0.0 ], [ 73.1407782, 28.1589653, 0.0 ], [ 73.1407834, 28.158662, 0.0 ] ], [ [ 73.140834, 28.1589745, 0.0 ], [ 73.1408572, 28.1589748, 0.0 ], [ 73.1408519, 28.159278, 0.0 ], [ 73.1408288, 28.1592777, 0.0 ], [ 73.140834, 28.1589745, 0.0 ] ], [ [ 73.140778, 28.1589737, 0.0 ], [ 73.1408012, 28.158974, 0.0 ], [ 73.1407959, 28.1592773, 0.0 ], [ 73.1407728, 28.159277, 0.0 ], [ 73.140778, 28.1589737, 0.0 ] ], [ [ 73.1407274, 28.1586613, 0.0 ], [ 73.1407506, 28.1586616, 0.0 ], [ 73.1407453, 28.1589648, 0.0 ], [ 73.1407222, 28.1589645, 0.0 ], [ 73.1407274, 28.1586613, 0.0 ] ], [ [ 73.1406714, 28.1586605, 0.0 ], [ 73.1406946, 28.1586608, 0.0 ], [ 73.1406893, 28.1589641, 0.0 ], [ 73.1406662, 28.1589638, 0.0 ], [ 73.1406714, 28.1586605, 0.0 ] ], [ [ 73.140722, 28.1589729, 0.0 ], [ 73.1407452, 28.1589733, 0.0 ], [ 73.1407399, 28.1592765, 0.0 ], [ 73.1407168, 28.1592762, 0.0 ], [ 73.140722, 28.1589729, 0.0 ] ], [ [ 73.1406661, 28.1589722, 0.0 ], [ 73.1406892, 28.1589725, 0.0 ], [ 73.1406839, 28.1592758, 0.0 ], [ 73.1406608, 28.1592755, 0.0 ], [ 73.1406661, 28.1589722, 0.0 ] ], [ [ 73.1406154, 28.1586597, 0.0 ], [ 73.1406386, 28.1586601, 0.0 ], [ 73.1406333, 28.1589633, 0.0 ], [ 73.1406102, 28.158963, 0.0 ], [ 73.1406154, 28.1586597, 0.0 ] ], [ [ 73.1405595, 28.158659, 0.0 ], [ 73.1405826, 28.1586593, 0.0 ], [ 73.1405773, 28.1589626, 0.0 ], [ 73.1405542, 28.1589622, 0.0 ], [ 73.1405595, 28.158659, 0.0 ] ], [ [ 73.1406101, 28.1589714, 0.0 ], [ 73.1406332, 28.1589717, 0.0 ], [ 73.1406279, 28.159275, 0.0 ], [ 73.1406048, 28.1592747, 0.0 ], [ 73.1406101, 28.1589714, 0.0 ] ], [ [ 73.1405541, 28.1589707, 0.0 ], [ 73.1405772, 28.158971, 0.0 ], [ 73.140572, 28.1592742, 0.0 ], [ 73.1405488, 28.1592739, 0.0 ], [ 73.1405541, 28.1589707, 0.0 ] ], [ [ 73.1405035, 28.1586582, 0.0 ], [ 73.1405266, 28.1586585, 0.0 ], [ 73.1405214, 28.1589618, 0.0 ], [ 73.1404982, 28.1589615, 0.0 ], [ 73.1405035, 28.1586582, 0.0 ] ], [ [ 73.1404475, 28.1586575, 0.0 ], [ 73.1404706, 28.1586578, 0.0 ], [ 73.1404654, 28.158961, 0.0 ], [ 73.1404422, 28.1589607, 0.0 ], [ 73.1404475, 28.1586575, 0.0 ] ], [ [ 73.1404981, 28.1589699, 0.0 ], [ 73.1405212, 28.1589702, 0.0 ], [ 73.140516, 28.1592735, 0.0 ], [ 73.1404928, 28.1592732, 0.0 ], [ 73.1404981, 28.1589699, 0.0 ] ], [ [ 73.1404421, 28.1589691, 0.0 ], [ 73.1404652, 28.1589695, 0.0 ], [ 73.14046, 28.1592727, 0.0 ], [ 73.1404368, 28.1592724, 0.0 ], [ 73.1404421, 28.1589691, 0.0 ] ], [ [ 73.1445455, 28.1580934, 0.0 ], [ 73.1445686, 28.1580937, 0.0 ], [ 73.1445634, 28.158397, 0.0 ], [ 73.1445403, 28.1583967, 0.0 ], [ 73.1445455, 28.1580934, 0.0 ] ], [ [ 73.1444895, 28.1580927, 0.0 ], [ 73.1445126, 28.158093, 0.0 ], [ 73.1445074, 28.1583963, 0.0 ], [ 73.1444843, 28.1583959, 0.0 ], [ 73.1444895, 28.1580927, 0.0 ] ], [ [ 73.1445401, 28.1584051, 0.0 ], [ 73.1445633, 28.1584054, 0.0 ], [ 73.144558, 28.1587087, 0.0 ], [ 73.1445349, 28.1587084, 0.0 ], [ 73.1445401, 28.1584051, 0.0 ] ], [ [ 73.1444841, 28.1584044, 0.0 ], [ 73.1445073, 28.1584047, 0.0 ], [ 73.144502, 28.1587079, 0.0 ], [ 73.1444789, 28.1587076, 0.0 ], [ 73.1444841, 28.1584044, 0.0 ] ], [ [ 73.1444335, 28.1580919, 0.0 ], [ 73.1444567, 28.1580922, 0.0 ], [ 73.1444514, 28.1583955, 0.0 ], [ 73.1444283, 28.1583952, 0.0 ], [ 73.1444335, 28.1580919, 0.0 ] ], [ [ 73.1443775, 28.1580912, 0.0 ], [ 73.1444007, 28.1580915, 0.0 ], [ 73.1443954, 28.1583947, 0.0 ], [ 73.1443723, 28.1583944, 0.0 ], [ 73.1443775, 28.1580912, 0.0 ] ], [ [ 73.1444282, 28.1584036, 0.0 ], [ 73.1444513, 28.1584039, 0.0 ], [ 73.144446, 28.1587072, 0.0 ], [ 73.1444229, 28.1587069, 0.0 ], [ 73.1444282, 28.1584036, 0.0 ] ], [ [ 73.1443722, 28.1584028, 0.0 ], [ 73.1443953, 28.1584032, 0.0 ], [ 73.1443901, 28.1587064, 0.0 ], [ 73.1443669, 28.1587061, 0.0 ], [ 73.1443722, 28.1584028, 0.0 ] ], [ [ 73.1443215, 28.1580904, 0.0 ], [ 73.1443447, 28.1580907, 0.0 ], [ 73.1443394, 28.158394, 0.0 ], [ 73.1443163, 28.1583937, 0.0 ], [ 73.1443215, 28.1580904, 0.0 ] ], [ [ 73.1442656, 28.1580896, 0.0 ], [ 73.1442887, 28.15809, 0.0 ], [ 73.1442835, 28.1583932, 0.0 ], [ 73.1442603, 28.1583929, 0.0 ], [ 73.1442656, 28.1580896, 0.0 ] ], [ [ 73.1443162, 28.1584021, 0.0 ], [ 73.1443393, 28.1584024, 0.0 ], [ 73.1443341, 28.1587057, 0.0 ], [ 73.1443109, 28.1587054, 0.0 ], [ 73.1443162, 28.1584021, 0.0 ] ], [ [ 73.1442602, 28.1584013, 0.0 ], [ 73.1442833, 28.1584016, 0.0 ], [ 73.1442781, 28.1587049, 0.0 ], [ 73.1442549, 28.1587046, 0.0 ], [ 73.1442602, 28.1584013, 0.0 ] ], [ [ 73.1442096, 28.1580889, 0.0 ], [ 73.1442327, 28.1580892, 0.0 ], [ 73.1442275, 28.1583925, 0.0 ], [ 73.1442043, 28.1583922, 0.0 ], [ 73.1442096, 28.1580889, 0.0 ] ], [ [ 73.1441536, 28.1580881, 0.0 ], [ 73.1441767, 28.1580884, 0.0 ], [ 73.1441715, 28.1583917, 0.0 ], [ 73.1441483, 28.1583914, 0.0 ], [ 73.1441536, 28.1580881, 0.0 ] ], [ [ 73.1442042, 28.1584006, 0.0 ], [ 73.1442273, 28.1584009, 0.0 ], [ 73.1442221, 28.1587041, 0.0 ], [ 73.144199, 28.1587038, 0.0 ], [ 73.1442042, 28.1584006, 0.0 ] ], [ [ 73.1441482, 28.1583998, 0.0 ], [ 73.1441713, 28.1584001, 0.0 ], [ 73.1441661, 28.1587034, 0.0 ], [ 73.144143, 28.1587031, 0.0 ], [ 73.1441482, 28.1583998, 0.0 ] ], [ [ 73.1440976, 28.1580874, 0.0 ], [ 73.1441207, 28.1580877, 0.0 ], [ 73.1441155, 28.1583909, 0.0 ], [ 73.1440923, 28.1583906, 0.0 ], [ 73.1440976, 28.1580874, 0.0 ] ], [ [ 73.1440416, 28.1580866, 0.0 ], [ 73.1440647, 28.1580869, 0.0 ], [ 73.1440595, 28.1583902, 0.0 ], [ 73.1440364, 28.1583899, 0.0 ], [ 73.1440416, 28.1580866, 0.0 ] ], [ [ 73.1440922, 28.1583991, 0.0 ], [ 73.1441153, 28.1583994, 0.0 ], [ 73.1441101, 28.1587026, 0.0 ], [ 73.144087, 28.1587023, 0.0 ], [ 73.1440922, 28.1583991, 0.0 ] ], [ [ 73.1440362, 28.1583983, 0.0 ], [ 73.1440593, 28.1583986, 0.0 ], [ 73.1440541, 28.1587019, 0.0 ], [ 73.144031, 28.1587016, 0.0 ], [ 73.1440362, 28.1583983, 0.0 ] ], [ [ 73.1438736, 28.1580843, 0.0 ], [ 73.1438967, 28.1580846, 0.0 ], [ 73.1438915, 28.1583879, 0.0 ], [ 73.1438684, 28.1583876, 0.0 ], [ 73.1438736, 28.1580843, 0.0 ] ], [ [ 73.1438176, 28.1580836, 0.0 ], [ 73.1438408, 28.1580839, 0.0 ], [ 73.1438355, 28.1583872, 0.0 ], [ 73.1438124, 28.1583868, 0.0 ], [ 73.1438176, 28.1580836, 0.0 ] ], [ [ 73.1438682, 28.158396, 0.0 ], [ 73.1438914, 28.1583963, 0.0 ], [ 73.1438861, 28.1586996, 0.0 ], [ 73.143863, 28.1586993, 0.0 ], [ 73.1438682, 28.158396, 0.0 ] ], [ [ 73.1438122, 28.1583953, 0.0 ], [ 73.1438354, 28.1583956, 0.0 ], [ 73.1438301, 28.1586988, 0.0 ], [ 73.143807, 28.1586985, 0.0 ], [ 73.1438122, 28.1583953, 0.0 ] ], [ [ 73.1437616, 28.1580828, 0.0 ], [ 73.1437848, 28.1580831, 0.0 ], [ 73.1437795, 28.1583864, 0.0 ], [ 73.1437564, 28.1583861, 0.0 ], [ 73.1437616, 28.1580828, 0.0 ] ], [ [ 73.1437056, 28.1580821, 0.0 ], [ 73.1437288, 28.1580824, 0.0 ], [ 73.1437235, 28.1583856, 0.0 ], [ 73.1437004, 28.1583853, 0.0 ], [ 73.1437056, 28.1580821, 0.0 ] ], [ [ 73.1437563, 28.1583945, 0.0 ], [ 73.1437794, 28.1583948, 0.0 ], [ 73.1437742, 28.1586981, 0.0 ], [ 73.143751, 28.1586978, 0.0 ], [ 73.1437563, 28.1583945, 0.0 ] ], [ [ 73.1437003, 28.1583937, 0.0 ], [ 73.1437234, 28.1583941, 0.0 ], [ 73.1437182, 28.1586973, 0.0 ], [ 73.143695, 28.158697, 0.0 ], [ 73.1437003, 28.1583937, 0.0 ] ], [ [ 73.1436497, 28.1580813, 0.0 ], [ 73.1436728, 28.1580816, 0.0 ], [ 73.1436676, 28.1583849, 0.0 ], [ 73.1436444, 28.1583846, 0.0 ], [ 73.1436497, 28.1580813, 0.0 ] ], [ [ 73.1435937, 28.1580805, 0.0 ], [ 73.1436168, 28.1580808, 0.0 ], [ 73.1436116, 28.1583841, 0.0 ], [ 73.1435884, 28.1583838, 0.0 ], [ 73.1435937, 28.1580805, 0.0 ] ], [ [ 73.1436443, 28.158393, 0.0 ], [ 73.1436674, 28.1583933, 0.0 ], [ 73.1436622, 28.1586966, 0.0 ], [ 73.143639, 28.1586962, 0.0 ], [ 73.1436443, 28.158393, 0.0 ] ], [ [ 73.1435883, 28.1583922, 0.0 ], [ 73.1436114, 28.1583925, 0.0 ], [ 73.1436062, 28.1586958, 0.0 ], [ 73.1435831, 28.1586955, 0.0 ], [ 73.1435883, 28.1583922, 0.0 ] ], [ [ 73.1435377, 28.1580798, 0.0 ], [ 73.1435608, 28.1580801, 0.0 ], [ 73.1435556, 28.1583834, 0.0 ], [ 73.1435324, 28.158383, 0.0 ], [ 73.1435377, 28.1580798, 0.0 ] ], [ [ 73.1434817, 28.158079, 0.0 ], [ 73.1435048, 28.1580793, 0.0 ], [ 73.1434996, 28.1583826, 0.0 ], [ 73.1434764, 28.1583823, 0.0 ], [ 73.1434817, 28.158079, 0.0 ] ], [ [ 73.1435323, 28.1583915, 0.0 ], [ 73.1435554, 28.1583918, 0.0 ], [ 73.1435502, 28.158695, 0.0 ], [ 73.1435271, 28.1586947, 0.0 ], [ 73.1435323, 28.1583915, 0.0 ] ], [ [ 73.1434763, 28.1583907, 0.0 ], [ 73.1434994, 28.158391, 0.0 ], [ 73.1434942, 28.1586943, 0.0 ], [ 73.1434711, 28.158694, 0.0 ], [ 73.1434763, 28.1583907, 0.0 ] ], [ [ 73.1439856, 28.1580858, 0.0 ], [ 73.1440087, 28.1580862, 0.0 ], [ 73.1440035, 28.1583894, 0.0 ], [ 73.1439804, 28.1583891, 0.0 ], [ 73.1439856, 28.1580858, 0.0 ] ], [ [ 73.1439296, 28.1580851, 0.0 ], [ 73.1439527, 28.1580854, 0.0 ], [ 73.1439475, 28.1583887, 0.0 ], [ 73.1439244, 28.1583884, 0.0 ], [ 73.1439296, 28.1580851, 0.0 ] ], [ [ 73.1439802, 28.1583975, 0.0 ], [ 73.1440034, 28.1583978, 0.0 ], [ 73.1439981, 28.1587011, 0.0 ], [ 73.143975, 28.1587008, 0.0 ], [ 73.1439802, 28.1583975, 0.0 ] ], [ [ 73.1439242, 28.1583968, 0.0 ], [ 73.1439474, 28.1583971, 0.0 ], [ 73.1439421, 28.1587004, 0.0 ], [ 73.143919, 28.1587, 0.0 ], [ 73.1439242, 28.1583968, 0.0 ] ], [ [ 73.1433137, 28.1580767, 0.0 ], [ 73.1433368, 28.1580771, 0.0 ], [ 73.1433316, 28.1583803, 0.0 ], [ 73.1433085, 28.15838, 0.0 ], [ 73.1433137, 28.1580767, 0.0 ] ], [ [ 73.1432577, 28.158076, 0.0 ], [ 73.1432808, 28.1580763, 0.0 ], [ 73.1432756, 28.1583796, 0.0 ], [ 73.1432525, 28.1583792, 0.0 ], [ 73.1432577, 28.158076, 0.0 ] ], [ [ 73.1433083, 28.1583884, 0.0 ], [ 73.1433315, 28.1583887, 0.0 ], [ 73.1433262, 28.158692, 0.0 ], [ 73.1433031, 28.1586917, 0.0 ], [ 73.1433083, 28.1583884, 0.0 ] ], [ [ 73.1432523, 28.1583877, 0.0 ], [ 73.1432755, 28.158388, 0.0 ], [ 73.1432702, 28.1586912, 0.0 ], [ 73.1432471, 28.1586909, 0.0 ], [ 73.1432523, 28.1583877, 0.0 ] ], [ [ 73.1432017, 28.1580752, 0.0 ], [ 73.1432249, 28.1580755, 0.0 ], [ 73.1432196, 28.1583788, 0.0 ], [ 73.1431965, 28.1583785, 0.0 ], [ 73.1432017, 28.1580752, 0.0 ] ], [ [ 73.1431457, 28.1580745, 0.0 ], [ 73.1431689, 28.1580748, 0.0 ], [ 73.1431636, 28.158378, 0.0 ], [ 73.1431405, 28.1583777, 0.0 ], [ 73.1431457, 28.1580745, 0.0 ] ], [ [ 73.1431963, 28.1583869, 0.0 ], [ 73.1432195, 28.1583872, 0.0 ], [ 73.1432142, 28.1586905, 0.0 ], [ 73.1431911, 28.1586902, 0.0 ], [ 73.1431963, 28.1583869, 0.0 ] ], [ [ 73.1431404, 28.1583861, 0.0 ], [ 73.1431635, 28.1583865, 0.0 ], [ 73.1431583, 28.1586897, 0.0 ], [ 73.1431351, 28.1586894, 0.0 ], [ 73.1431404, 28.1583861, 0.0 ] ], [ [ 73.1424179, 28.1580646, 0.0 ], [ 73.142441, 28.1580649, 0.0 ], [ 73.1424358, 28.1583682, 0.0 ], [ 73.1424126, 28.1583679, 0.0 ], [ 73.1424179, 28.1580646, 0.0 ] ], [ [ 73.1423619, 28.1580638, 0.0 ], [ 73.142385, 28.1580641, 0.0 ], [ 73.1423798, 28.1583674, 0.0 ], [ 73.1423566, 28.1583671, 0.0 ], [ 73.1423619, 28.1580638, 0.0 ] ], [ [ 73.1424125, 28.1583763, 0.0 ], [ 73.1424356, 28.1583766, 0.0 ], [ 73.1424304, 28.1586799, 0.0 ], [ 73.1424072, 28.1586795, 0.0 ], [ 73.1424125, 28.1583763, 0.0 ] ], [ [ 73.1423565, 28.1583755, 0.0 ], [ 73.1423796, 28.1583758, 0.0 ], [ 73.1423744, 28.1586791, 0.0 ], [ 73.1423512, 28.1586788, 0.0 ], [ 73.1423565, 28.1583755, 0.0 ] ], [ [ 73.1423059, 28.1580631, 0.0 ], [ 73.142329, 28.1580634, 0.0 ], [ 73.1423238, 28.1583667, 0.0 ], [ 73.1423006, 28.1583663, 0.0 ], [ 73.1423059, 28.1580631, 0.0 ] ], [ [ 73.1422499, 28.1580623, 0.0 ], [ 73.142273, 28.1580626, 0.0 ], [ 73.1422678, 28.1583659, 0.0 ], [ 73.1422446, 28.1583656, 0.0 ], [ 73.1422499, 28.1580623, 0.0 ] ], [ [ 73.1423005, 28.1583748, 0.0 ], [ 73.1423236, 28.1583751, 0.0 ], [ 73.1423184, 28.1586783, 0.0 ], [ 73.1422953, 28.158678, 0.0 ], [ 73.1423005, 28.1583748, 0.0 ] ], [ [ 73.1422445, 28.158374, 0.0 ], [ 73.1422676, 28.1583743, 0.0 ], [ 73.1422624, 28.1586776, 0.0 ], [ 73.1422393, 28.1586773, 0.0 ], [ 73.1422445, 28.158374, 0.0 ] ], [ [ 73.1421939, 28.1580616, 0.0 ], [ 73.142217, 28.1580619, 0.0 ], [ 73.1422118, 28.1583651, 0.0 ], [ 73.1421887, 28.1583648, 0.0 ], [ 73.1421939, 28.1580616, 0.0 ] ], [ [ 73.1421379, 28.1580608, 0.0 ], [ 73.142161, 28.1580611, 0.0 ], [ 73.1421558, 28.1583644, 0.0 ], [ 73.1421327, 28.1583641, 0.0 ], [ 73.1421379, 28.1580608, 0.0 ] ], [ [ 73.1421885, 28.1583732, 0.0 ], [ 73.1422116, 28.1583736, 0.0 ], [ 73.1422064, 28.1586768, 0.0 ], [ 73.1421833, 28.1586765, 0.0 ], [ 73.1421885, 28.1583732, 0.0 ] ], [ [ 73.1421325, 28.1583725, 0.0 ], [ 73.1421557, 28.1583728, 0.0 ], [ 73.1421504, 28.1586761, 0.0 ], [ 73.1421273, 28.1586757, 0.0 ], [ 73.1421325, 28.1583725, 0.0 ] ], [ [ 73.1420819, 28.15806, 0.0 ], [ 73.142105, 28.1580603, 0.0 ], [ 73.1420998, 28.1583636, 0.0 ], [ 73.1420767, 28.1583633, 0.0 ], [ 73.1420819, 28.15806, 0.0 ] ], [ [ 73.1420259, 28.1580593, 0.0 ], [ 73.1420491, 28.1580596, 0.0 ], [ 73.1420438, 28.1583629, 0.0 ], [ 73.1420207, 28.1583625, 0.0 ], [ 73.1420259, 28.1580593, 0.0 ] ], [ [ 73.1420765, 28.1583717, 0.0 ], [ 73.1420997, 28.158372, 0.0 ], [ 73.1420944, 28.1586753, 0.0 ], [ 73.1420713, 28.158675, 0.0 ], [ 73.1420765, 28.1583717, 0.0 ] ], [ [ 73.1420205, 28.158371, 0.0 ], [ 73.1420437, 28.1583713, 0.0 ], [ 73.1420384, 28.1586745, 0.0 ], [ 73.1420153, 28.1586742, 0.0 ], [ 73.1420205, 28.158371, 0.0 ] ], [ [ 73.1419699, 28.1580585, 0.0 ], [ 73.1419931, 28.1580588, 0.0 ], [ 73.1419878, 28.1583621, 0.0 ], [ 73.1419647, 28.1583618, 0.0 ], [ 73.1419699, 28.1580585, 0.0 ] ], [ [ 73.1419139, 28.1580578, 0.0 ], [ 73.1419371, 28.1580581, 0.0 ], [ 73.1419318, 28.1583613, 0.0 ], [ 73.1419087, 28.158361, 0.0 ], [ 73.1419139, 28.1580578, 0.0 ] ], [ [ 73.1419645, 28.1583702, 0.0 ], [ 73.1419877, 28.1583705, 0.0 ], [ 73.1419824, 28.1586738, 0.0 ], [ 73.1419593, 28.1586735, 0.0 ], [ 73.1419645, 28.1583702, 0.0 ] ], [ [ 73.1419086, 28.1583694, 0.0 ], [ 73.1419317, 28.1583698, 0.0 ], [ 73.1419264, 28.158673, 0.0 ], [ 73.1419033, 28.1586727, 0.0 ], [ 73.1419086, 28.1583694, 0.0 ] ], [ [ 73.141858, 28.158057, 0.0 ], [ 73.1418811, 28.1580573, 0.0 ], [ 73.1418758, 28.1583606, 0.0 ], [ 73.1418527, 28.1583603, 0.0 ], [ 73.141858, 28.158057, 0.0 ] ], [ [ 73.141802, 28.1580562, 0.0 ], [ 73.1418251, 28.1580565, 0.0 ], [ 73.1418199, 28.1583598, 0.0 ], [ 73.1417967, 28.1583595, 0.0 ], [ 73.141802, 28.1580562, 0.0 ] ], [ [ 73.1418526, 28.1583687, 0.0 ], [ 73.1418757, 28.158369, 0.0 ], [ 73.1418705, 28.1586723, 0.0 ], [ 73.1418473, 28.1586719, 0.0 ], [ 73.1418526, 28.1583687, 0.0 ] ], [ [ 73.1417966, 28.1583679, 0.0 ], [ 73.1418197, 28.1583682, 0.0 ], [ 73.1418145, 28.1586715, 0.0 ], [ 73.1417913, 28.1586712, 0.0 ], [ 73.1417966, 28.1583679, 0.0 ] ], [ [ 73.141746, 28.1580555, 0.0 ], [ 73.1417691, 28.1580558, 0.0 ], [ 73.1417639, 28.1583591, 0.0 ], [ 73.1417407, 28.1583587, 0.0 ], [ 73.141746, 28.1580555, 0.0 ] ], [ [ 73.14169, 28.1580547, 0.0 ], [ 73.1417131, 28.158055, 0.0 ], [ 73.1417079, 28.1583583, 0.0 ], [ 73.1416847, 28.158358, 0.0 ], [ 73.14169, 28.1580547, 0.0 ] ], [ [ 73.1417406, 28.1583672, 0.0 ], [ 73.1417637, 28.1583675, 0.0 ], [ 73.1417585, 28.1586707, 0.0 ], [ 73.1417353, 28.1586704, 0.0 ], [ 73.1417406, 28.1583672, 0.0 ] ], [ [ 73.1416846, 28.1583664, 0.0 ], [ 73.1417077, 28.1583667, 0.0 ], [ 73.1417025, 28.15867, 0.0 ], [ 73.1416794, 28.1586697, 0.0 ], [ 73.1416846, 28.1583664, 0.0 ] ], [ [ 73.141634, 28.158054, 0.0 ], [ 73.1416571, 28.1580543, 0.0 ], [ 73.1416519, 28.1583575, 0.0 ], [ 73.1416287, 28.1583572, 0.0 ], [ 73.141634, 28.158054, 0.0 ] ], [ [ 73.141578, 28.1580532, 0.0 ], [ 73.1416011, 28.1580535, 0.0 ], [ 73.1415959, 28.1583568, 0.0 ], [ 73.1415728, 28.1583565, 0.0 ], [ 73.141578, 28.1580532, 0.0 ] ], [ [ 73.1416286, 28.1583656, 0.0 ], [ 73.1416517, 28.158366, 0.0 ], [ 73.1416465, 28.1586692, 0.0 ], [ 73.1416234, 28.1586689, 0.0 ], [ 73.1416286, 28.1583656, 0.0 ] ], [ [ 73.1415726, 28.1583649, 0.0 ], [ 73.1415957, 28.1583652, 0.0 ], [ 73.1415905, 28.1586685, 0.0 ], [ 73.1415674, 28.1586681, 0.0 ], [ 73.1415726, 28.1583649, 0.0 ] ], [ [ 73.141522, 28.1580524, 0.0 ], [ 73.1415451, 28.1580528, 0.0 ], [ 73.1415399, 28.158356, 0.0 ], [ 73.1415168, 28.1583557, 0.0 ], [ 73.141522, 28.1580524, 0.0 ] ], [ [ 73.141466, 28.1580517, 0.0 ], [ 73.1414891, 28.158052, 0.0 ], [ 73.1414839, 28.1583553, 0.0 ], [ 73.1414608, 28.1583549, 0.0 ], [ 73.141466, 28.1580517, 0.0 ] ], [ [ 73.1415166, 28.1583641, 0.0 ], [ 73.1415398, 28.1583644, 0.0 ], [ 73.1415345, 28.1586677, 0.0 ], [ 73.1415114, 28.1586674, 0.0 ], [ 73.1415166, 28.1583641, 0.0 ] ], [ [ 73.1414606, 28.1583634, 0.0 ], [ 73.1414838, 28.1583637, 0.0 ], [ 73.1414785, 28.1586669, 0.0 ], [ 73.1414554, 28.1586666, 0.0 ], [ 73.1414606, 28.1583634, 0.0 ] ], [ [ 73.14141, 28.1580509, 0.0 ], [ 73.1414332, 28.1580512, 0.0 ], [ 73.1414279, 28.1583545, 0.0 ], [ 73.1414048, 28.1583542, 0.0 ], [ 73.14141, 28.1580509, 0.0 ] ], [ [ 73.141354, 28.1580502, 0.0 ], [ 73.1413772, 28.1580505, 0.0 ], [ 73.1413719, 28.1583537, 0.0 ], [ 73.1413488, 28.1583534, 0.0 ], [ 73.141354, 28.1580502, 0.0 ] ], [ [ 73.1414046, 28.1583626, 0.0 ], [ 73.1414278, 28.1583629, 0.0 ], [ 73.1414225, 28.1586662, 0.0 ], [ 73.1413994, 28.1586659, 0.0 ], [ 73.1414046, 28.1583626, 0.0 ] ], [ [ 73.1413486, 28.1583618, 0.0 ], [ 73.1413718, 28.1583622, 0.0 ], [ 73.1413665, 28.1586654, 0.0 ], [ 73.1413434, 28.1586651, 0.0 ], [ 73.1413486, 28.1583618, 0.0 ] ], [ [ 73.141298, 28.1580494, 0.0 ], [ 73.1413212, 28.1580497, 0.0 ], [ 73.1413159, 28.158353, 0.0 ], [ 73.1412928, 28.1583527, 0.0 ], [ 73.141298, 28.1580494, 0.0 ] ], [ [ 73.1412421, 28.1580486, 0.0 ], [ 73.1412652, 28.158049, 0.0 ], [ 73.1412599, 28.1583522, 0.0 ], [ 73.1412368, 28.1583519, 0.0 ], [ 73.1412421, 28.1580486, 0.0 ] ], [ [ 73.1412927, 28.1583611, 0.0 ], [ 73.1413158, 28.1583614, 0.0 ], [ 73.1413105, 28.1586647, 0.0 ], [ 73.1412874, 28.1586643, 0.0 ], [ 73.1412927, 28.1583611, 0.0 ] ], [ [ 73.1412367, 28.1583603, 0.0 ], [ 73.1412598, 28.1583606, 0.0 ], [ 73.1412546, 28.1586639, 0.0 ], [ 73.1412314, 28.1586636, 0.0 ], [ 73.1412367, 28.1583603, 0.0 ] ], [ [ 73.1411861, 28.1580479, 0.0 ], [ 73.1412092, 28.1580482, 0.0 ], [ 73.141204, 28.1583515, 0.0 ], [ 73.1411808, 28.1583511, 0.0 ], [ 73.1411861, 28.1580479, 0.0 ] ], [ [ 73.1411301, 28.1580471, 0.0 ], [ 73.1411532, 28.1580474, 0.0 ], [ 73.141148, 28.1583507, 0.0 ], [ 73.1411248, 28.1583504, 0.0 ], [ 73.1411301, 28.1580471, 0.0 ] ], [ [ 73.1411807, 28.1583596, 0.0 ], [ 73.1412038, 28.1583599, 0.0 ], [ 73.1411986, 28.1586631, 0.0 ], [ 73.1411754, 28.1586628, 0.0 ], [ 73.1411807, 28.1583596, 0.0 ] ], [ [ 73.1411247, 28.1583588, 0.0 ], [ 73.1411478, 28.1583591, 0.0 ], [ 73.1411426, 28.1586624, 0.0 ], [ 73.1411194, 28.1586621, 0.0 ], [ 73.1411247, 28.1583588, 0.0 ] ], [ [ 73.1410741, 28.1580464, 0.0 ], [ 73.1410972, 28.1580467, 0.0 ], [ 73.141092, 28.1583499, 0.0 ], [ 73.1410688, 28.1583496, 0.0 ], [ 73.1410741, 28.1580464, 0.0 ] ], [ [ 73.1410181, 28.1580456, 0.0 ], [ 73.1410412, 28.1580459, 0.0 ], [ 73.141036, 28.1583492, 0.0 ], [ 73.1410128, 28.1583489, 0.0 ], [ 73.1410181, 28.1580456, 0.0 ] ], [ [ 73.1410687, 28.158358, 0.0 ], [ 73.1410918, 28.1583584, 0.0 ], [ 73.1410866, 28.1586616, 0.0 ], [ 73.1410635, 28.1586613, 0.0 ], [ 73.1410687, 28.158358, 0.0 ] ], [ [ 73.1410127, 28.1583573, 0.0 ], [ 73.1410358, 28.1583576, 0.0 ], [ 73.1410306, 28.1586609, 0.0 ], [ 73.1410075, 28.1586605, 0.0 ], [ 73.1410127, 28.1583573, 0.0 ] ], [ [ 73.1409621, 28.1580448, 0.0 ], [ 73.1409852, 28.1580452, 0.0 ], [ 73.14098, 28.1583484, 0.0 ], [ 73.1409569, 28.1583481, 0.0 ], [ 73.1409621, 28.1580448, 0.0 ] ], [ [ 73.1409061, 28.1580441, 0.0 ], [ 73.1409292, 28.1580444, 0.0 ], [ 73.140924, 28.1583477, 0.0 ], [ 73.1409009, 28.1583473, 0.0 ], [ 73.1409061, 28.1580441, 0.0 ] ], [ [ 73.1409567, 28.1583565, 0.0 ], [ 73.1409798, 28.1583568, 0.0 ], [ 73.1409746, 28.1586601, 0.0 ], [ 73.1409515, 28.1586598, 0.0 ], [ 73.1409567, 28.1583565, 0.0 ] ], [ [ 73.1409007, 28.1583558, 0.0 ], [ 73.1409239, 28.1583561, 0.0 ], [ 73.1409186, 28.1586593, 0.0 ], [ 73.1408955, 28.158659, 0.0 ], [ 73.1409007, 28.1583558, 0.0 ] ], [ [ 73.1408501, 28.1580433, 0.0 ], [ 73.1408732, 28.1580436, 0.0 ], [ 73.140868, 28.1583469, 0.0 ], [ 73.1408449, 28.1583466, 0.0 ], [ 73.1408501, 28.1580433, 0.0 ] ], [ [ 73.1407941, 28.1580426, 0.0 ], [ 73.1408173, 28.1580429, 0.0 ], [ 73.140812, 28.1583461, 0.0 ], [ 73.1407889, 28.1583458, 0.0 ], [ 73.1407941, 28.1580426, 0.0 ] ], [ [ 73.1408447, 28.158355, 0.0 ], [ 73.1408679, 28.1583553, 0.0 ], [ 73.1408626, 28.1586586, 0.0 ], [ 73.1408395, 28.1586583, 0.0 ], [ 73.1408447, 28.158355, 0.0 ] ], [ [ 73.1407887, 28.1583542, 0.0 ], [ 73.1408119, 28.1583546, 0.0 ], [ 73.1408066, 28.1586578, 0.0 ], [ 73.1407835, 28.1586575, 0.0 ], [ 73.1407887, 28.1583542, 0.0 ] ], [ [ 73.1407381, 28.1580418, 0.0 ], [ 73.1407613, 28.1580421, 0.0 ], [ 73.140756, 28.1583454, 0.0 ], [ 73.1407329, 28.1583451, 0.0 ], [ 73.1407381, 28.1580418, 0.0 ] ], [ [ 73.1406821, 28.158041, 0.0 ], [ 73.1407053, 28.1580413, 0.0 ], [ 73.1407, 28.1583446, 0.0 ], [ 73.1406769, 28.1583443, 0.0 ], [ 73.1406821, 28.158041, 0.0 ] ], [ [ 73.1407327, 28.1583535, 0.0 ], [ 73.1407559, 28.1583538, 0.0 ], [ 73.1407506, 28.1586571, 0.0 ], [ 73.1407275, 28.1586567, 0.0 ], [ 73.1407327, 28.1583535, 0.0 ] ], [ [ 73.1406768, 28.1583527, 0.0 ], [ 73.1406999, 28.158353, 0.0 ], [ 73.1406946, 28.1586563, 0.0 ], [ 73.1406715, 28.158656, 0.0 ], [ 73.1406768, 28.1583527, 0.0 ] ], [ [ 73.1406262, 28.1580403, 0.0 ], [ 73.1406493, 28.1580406, 0.0 ], [ 73.140644, 28.1583439, 0.0 ], [ 73.1406209, 28.1583435, 0.0 ], [ 73.1406262, 28.1580403, 0.0 ] ], [ [ 73.1405702, 28.1580395, 0.0 ], [ 73.1405933, 28.1580398, 0.0 ], [ 73.1405881, 28.1583431, 0.0 ], [ 73.1405649, 28.1583428, 0.0 ], [ 73.1405702, 28.1580395, 0.0 ] ], [ [ 73.1406208, 28.158352, 0.0 ], [ 73.1406439, 28.1583523, 0.0 ], [ 73.1406387, 28.1586555, 0.0 ], [ 73.1406155, 28.1586552, 0.0 ], [ 73.1406208, 28.158352, 0.0 ] ], [ [ 73.1405648, 28.1583512, 0.0 ], [ 73.1405879, 28.1583515, 0.0 ], [ 73.1405827, 28.1586548, 0.0 ], [ 73.1405595, 28.1586545, 0.0 ], [ 73.1405648, 28.1583512, 0.0 ] ], [ [ 73.1405142, 28.1580388, 0.0 ], [ 73.1405373, 28.1580391, 0.0 ], [ 73.1405321, 28.1583423, 0.0 ], [ 73.1405089, 28.158342, 0.0 ], [ 73.1405142, 28.1580388, 0.0 ] ], [ [ 73.1404582, 28.158038, 0.0 ], [ 73.1404813, 28.1580383, 0.0 ], [ 73.1404761, 28.1583416, 0.0 ], [ 73.1404529, 28.1583413, 0.0 ], [ 73.1404582, 28.158038, 0.0 ] ], [ [ 73.1405088, 28.1583504, 0.0 ], [ 73.1405319, 28.1583508, 0.0 ], [ 73.1405267, 28.158654, 0.0 ], [ 73.1405035, 28.1586537, 0.0 ], [ 73.1405088, 28.1583504, 0.0 ] ], [ [ 73.1404528, 28.1583497, 0.0 ], [ 73.1404759, 28.15835, 0.0 ], [ 73.1404707, 28.1586533, 0.0 ], [ 73.1404476, 28.1586529, 0.0 ], [ 73.1404528, 28.1583497, 0.0 ] ], [ [ 73.1404022, 28.1580372, 0.0 ], [ 73.1404253, 28.1580375, 0.0 ], [ 73.1404201, 28.1583408, 0.0 ], [ 73.140397, 28.1583405, 0.0 ], [ 73.1404022, 28.1580372, 0.0 ] ], [ [ 73.1403462, 28.1580365, 0.0 ], [ 73.1403693, 28.1580368, 0.0 ], [ 73.1403641, 28.1583401, 0.0 ], [ 73.140341, 28.1583397, 0.0 ], [ 73.1403462, 28.1580365, 0.0 ] ], [ [ 73.1403968, 28.1583489, 0.0 ], [ 73.1404199, 28.1583492, 0.0 ], [ 73.1404147, 28.1586525, 0.0 ], [ 73.1403916, 28.1586522, 0.0 ], [ 73.1403968, 28.1583489, 0.0 ] ], [ [ 73.1403408, 28.1583482, 0.0 ], [ 73.1403639, 28.1583485, 0.0 ], [ 73.1403587, 28.1586517, 0.0 ], [ 73.1403356, 28.1586514, 0.0 ], [ 73.1403408, 28.1583482, 0.0 ] ], [ [ 73.1402902, 28.1580357, 0.0 ], [ 73.1403133, 28.158036, 0.0 ], [ 73.1403081, 28.1583393, 0.0 ], [ 73.140285, 28.158339, 0.0 ], [ 73.1402902, 28.1580357, 0.0 ] ], [ [ 73.1402342, 28.158035, 0.0 ], [ 73.1402574, 28.1580353, 0.0 ], [ 73.1402521, 28.1583385, 0.0 ], [ 73.140229, 28.1583382, 0.0 ], [ 73.1402342, 28.158035, 0.0 ] ], [ [ 73.1402848, 28.1583474, 0.0 ], [ 73.140308, 28.1583477, 0.0 ], [ 73.1403027, 28.158651, 0.0 ], [ 73.1402796, 28.1586507, 0.0 ], [ 73.1402848, 28.1583474, 0.0 ] ], [ [ 73.1402288, 28.1583466, 0.0 ], [ 73.140252, 28.158347, 0.0 ], [ 73.1402467, 28.1586502, 0.0 ], [ 73.1402236, 28.1586499, 0.0 ], [ 73.1402288, 28.1583466, 0.0 ] ], [ [ 73.1401782, 28.1580342, 0.0 ], [ 73.1402014, 28.1580345, 0.0 ], [ 73.1401961, 28.1583378, 0.0 ], [ 73.140173, 28.1583375, 0.0 ], [ 73.1401782, 28.1580342, 0.0 ] ], [ [ 73.1401222, 28.1580334, 0.0 ], [ 73.1401454, 28.1580337, 0.0 ], [ 73.1401401, 28.158337, 0.0 ], [ 73.140117, 28.1583367, 0.0 ], [ 73.1401222, 28.1580334, 0.0 ] ], [ [ 73.1401728, 28.1583459, 0.0 ], [ 73.140196, 28.1583462, 0.0 ], [ 73.1401907, 28.1586495, 0.0 ], [ 73.1401676, 28.1586491, 0.0 ], [ 73.1401728, 28.1583459, 0.0 ] ], [ [ 73.1401169, 28.1583451, 0.0 ], [ 73.14014, 28.1583454, 0.0 ], [ 73.1401347, 28.1586487, 0.0 ], [ 73.1401116, 28.1586484, 0.0 ], [ 73.1401169, 28.1583451, 0.0 ] ], [ [ 73.1400662, 28.1580327, 0.0 ], [ 73.1400894, 28.158033, 0.0 ], [ 73.1400841, 28.1583363, 0.0 ], [ 73.140061, 28.1583359, 0.0 ], [ 73.1400662, 28.1580327, 0.0 ] ], [ [ 73.1400103, 28.1580319, 0.0 ], [ 73.1400334, 28.1580322, 0.0 ], [ 73.1400281, 28.1583355, 0.0 ], [ 73.140005, 28.1583352, 0.0 ], [ 73.1400103, 28.1580319, 0.0 ] ], [ [ 73.1400609, 28.1583444, 0.0 ], [ 73.140084, 28.1583447, 0.0 ], [ 73.1400787, 28.1586479, 0.0 ], [ 73.1400556, 28.1586476, 0.0 ], [ 73.1400609, 28.1583444, 0.0 ] ], [ [ 73.1400049, 28.1583436, 0.0 ], [ 73.140028, 28.1583439, 0.0 ], [ 73.1400228, 28.1586472, 0.0 ], [ 73.1399996, 28.1586469, 0.0 ], [ 73.1400049, 28.1583436, 0.0 ] ], [ [ 73.1399543, 28.1580312, 0.0 ], [ 73.1399774, 28.1580315, 0.0 ], [ 73.1399722, 28.1583347, 0.0 ], [ 73.139949, 28.1583344, 0.0 ], [ 73.1399543, 28.1580312, 0.0 ] ], [ [ 73.1398983, 28.1580304, 0.0 ], [ 73.1399214, 28.1580307, 0.0 ], [ 73.1399162, 28.158334, 0.0 ], [ 73.139893, 28.1583337, 0.0 ], [ 73.1398983, 28.1580304, 0.0 ] ], [ [ 73.1399489, 28.1583428, 0.0 ], [ 73.139972, 28.1583432, 0.0 ], [ 73.1399668, 28.1586464, 0.0 ], [ 73.1399436, 28.1586461, 0.0 ], [ 73.1399489, 28.1583428, 0.0 ] ], [ [ 73.1398929, 28.1583421, 0.0 ], [ 73.139916, 28.1583424, 0.0 ], [ 73.1399108, 28.1586457, 0.0 ], [ 73.1398876, 28.1586453, 0.0 ], [ 73.1398929, 28.1583421, 0.0 ] ], [ [ 73.1398423, 28.1580296, 0.0 ], [ 73.1398654, 28.1580299, 0.0 ], [ 73.1398602, 28.1583332, 0.0 ], [ 73.139837, 28.1583329, 0.0 ], [ 73.1398423, 28.1580296, 0.0 ] ], [ [ 73.1397863, 28.1580289, 0.0 ], [ 73.1398094, 28.1580292, 0.0 ], [ 73.1398042, 28.1583325, 0.0 ], [ 73.1397811, 28.1583321, 0.0 ], [ 73.1397863, 28.1580289, 0.0 ] ], [ [ 73.1398369, 28.1583413, 0.0 ], [ 73.13986, 28.1583416, 0.0 ], [ 73.1398548, 28.1586449, 0.0 ], [ 73.1398317, 28.1586446, 0.0 ], [ 73.1398369, 28.1583413, 0.0 ] ], [ [ 73.1397809, 28.1583406, 0.0 ], [ 73.139804, 28.1583409, 0.0 ], [ 73.1397988, 28.1586441, 0.0 ], [ 73.1397757, 28.1586438, 0.0 ], [ 73.1397809, 28.1583406, 0.0 ] ], [ [ 73.1397303, 28.1580281, 0.0 ], [ 73.1397534, 28.1580284, 0.0 ], [ 73.1397482, 28.1583317, 0.0 ], [ 73.1397251, 28.1583314, 0.0 ], [ 73.1397303, 28.1580281, 0.0 ] ], [ [ 73.1396743, 28.1580273, 0.0 ], [ 73.1396974, 28.1580277, 0.0 ], [ 73.1396922, 28.1583309, 0.0 ], [ 73.1396691, 28.1583306, 0.0 ], [ 73.1396743, 28.1580273, 0.0 ] ], [ [ 73.1397249, 28.1583398, 0.0 ], [ 73.139748, 28.1583401, 0.0 ], [ 73.1397428, 28.1586434, 0.0 ], [ 73.1397197, 28.1586431, 0.0 ], [ 73.1397249, 28.1583398, 0.0 ] ], [ [ 73.1396689, 28.158339, 0.0 ], [ 73.1396921, 28.1583393, 0.0 ], [ 73.1396868, 28.1586426, 0.0 ], [ 73.1396637, 28.1586423, 0.0 ], [ 73.1396689, 28.158339, 0.0 ] ], [ [ 73.1396183, 28.1580266, 0.0 ], [ 73.1396415, 28.1580269, 0.0 ], [ 73.1396362, 28.1583302, 0.0 ], [ 73.1396131, 28.1583299, 0.0 ], [ 73.1396183, 28.1580266, 0.0 ] ], [ [ 73.1395623, 28.1580258, 0.0 ], [ 73.1395855, 28.1580261, 0.0 ], [ 73.1395802, 28.1583294, 0.0 ], [ 73.1395571, 28.1583291, 0.0 ], [ 73.1395623, 28.1580258, 0.0 ] ], [ [ 73.1396129, 28.1583383, 0.0 ], [ 73.1396361, 28.1583386, 0.0 ], [ 73.1396308, 28.1586419, 0.0 ], [ 73.1396077, 28.1586415, 0.0 ], [ 73.1396129, 28.1583383, 0.0 ] ], [ [ 73.1395569, 28.1583375, 0.0 ], [ 73.1395801, 28.1583378, 0.0 ], [ 73.1395748, 28.1586411, 0.0 ], [ 73.1395517, 28.1586408, 0.0 ], [ 73.1395569, 28.1583375, 0.0 ] ], [ [ 73.1395063, 28.1580251, 0.0 ], [ 73.1395295, 28.1580254, 0.0 ], [ 73.1395242, 28.1583286, 0.0 ], [ 73.1395011, 28.1583283, 0.0 ], [ 73.1395063, 28.1580251, 0.0 ] ], [ [ 73.1394504, 28.1580243, 0.0 ], [ 73.1394735, 28.1580246, 0.0 ], [ 73.1394682, 28.1583279, 0.0 ], [ 73.1394451, 28.1583276, 0.0 ], [ 73.1394504, 28.1580243, 0.0 ] ], [ [ 73.139501, 28.1583368, 0.0 ], [ 73.1395241, 28.1583371, 0.0 ], [ 73.1395188, 28.1586403, 0.0 ], [ 73.1394957, 28.15864, 0.0 ], [ 73.139501, 28.1583368, 0.0 ] ], [ [ 73.139445, 28.158336, 0.0 ], [ 73.1394681, 28.1583363, 0.0 ], [ 73.1394628, 28.1586396, 0.0 ], [ 73.1394397, 28.1586393, 0.0 ], [ 73.139445, 28.158336, 0.0 ] ], [ [ 73.1445562, 28.157474, 0.0 ], [ 73.1445793, 28.1574743, 0.0 ], [ 73.1445741, 28.1577776, 0.0 ], [ 73.144551, 28.1577772, 0.0 ], [ 73.1445562, 28.157474, 0.0 ] ], [ [ 73.1445002, 28.1574732, 0.0 ], [ 73.1445233, 28.1574735, 0.0 ], [ 73.1445181, 28.1577768, 0.0 ], [ 73.144495, 28.1577765, 0.0 ], [ 73.1445002, 28.1574732, 0.0 ] ], [ [ 73.1445508, 28.1577857, 0.0 ], [ 73.1445739, 28.157786, 0.0 ], [ 73.1445687, 28.1580892, 0.0 ], [ 73.1445456, 28.1580889, 0.0 ], [ 73.1445508, 28.1577857, 0.0 ] ], [ [ 73.1444948, 28.1577849, 0.0 ], [ 73.144518, 28.1577852, 0.0 ], [ 73.1445127, 28.1580885, 0.0 ], [ 73.1444896, 28.1580882, 0.0 ], [ 73.1444948, 28.1577849, 0.0 ] ], [ [ 73.1444442, 28.1574725, 0.0 ], [ 73.1444673, 28.1574728, 0.0 ], [ 73.1444621, 28.157776, 0.0 ], [ 73.144439, 28.1577757, 0.0 ], [ 73.1444442, 28.1574725, 0.0 ] ], [ [ 73.1443882, 28.1574717, 0.0 ], [ 73.1444114, 28.157472, 0.0 ], [ 73.1444061, 28.1577753, 0.0 ], [ 73.144383, 28.157775, 0.0 ], [ 73.1443882, 28.1574717, 0.0 ] ], [ [ 73.1444388, 28.1577841, 0.0 ], [ 73.144462, 28.1577845, 0.0 ], [ 73.1444567, 28.1580877, 0.0 ], [ 73.1444336, 28.1580874, 0.0 ], [ 73.1444388, 28.1577841, 0.0 ] ], [ [ 73.1443828, 28.1577834, 0.0 ], [ 73.144406, 28.1577837, 0.0 ], [ 73.1444007, 28.158087, 0.0 ], [ 73.1443776, 28.1580866, 0.0 ], [ 73.1443828, 28.1577834, 0.0 ] ], [ [ 73.1443322, 28.1574709, 0.0 ], [ 73.1443554, 28.1574712, 0.0 ], [ 73.1443501, 28.1577745, 0.0 ], [ 73.144327, 28.1577742, 0.0 ], [ 73.1443322, 28.1574709, 0.0 ] ], [ [ 73.1442762, 28.1574702, 0.0 ], [ 73.1442994, 28.1574705, 0.0 ], [ 73.1442941, 28.1577738, 0.0 ], [ 73.144271, 28.1577734, 0.0 ], [ 73.1442762, 28.1574702, 0.0 ] ], [ [ 73.1443269, 28.1577826, 0.0 ], [ 73.14435, 28.1577829, 0.0 ], [ 73.1443448, 28.1580862, 0.0 ], [ 73.1443216, 28.1580859, 0.0 ], [ 73.1443269, 28.1577826, 0.0 ] ], [ [ 73.1442709, 28.1577819, 0.0 ], [ 73.144294, 28.1577822, 0.0 ], [ 73.1442888, 28.1580854, 0.0 ], [ 73.1442656, 28.1580851, 0.0 ], [ 73.1442709, 28.1577819, 0.0 ] ], [ [ 73.1442203, 28.1574694, 0.0 ], [ 73.1442434, 28.1574697, 0.0 ], [ 73.1442381, 28.157773, 0.0 ], [ 73.144215, 28.1577727, 0.0 ], [ 73.1442203, 28.1574694, 0.0 ] ], [ [ 73.1441643, 28.1574687, 0.0 ], [ 73.1441874, 28.157469, 0.0 ], [ 73.1441822, 28.1577722, 0.0 ], [ 73.144159, 28.1577719, 0.0 ], [ 73.1441643, 28.1574687, 0.0 ] ], [ [ 73.1442149, 28.1577811, 0.0 ], [ 73.144238, 28.1577814, 0.0 ], [ 73.1442328, 28.1580847, 0.0 ], [ 73.1442096, 28.1580844, 0.0 ], [ 73.1442149, 28.1577811, 0.0 ] ], [ [ 73.1441589, 28.1577803, 0.0 ], [ 73.144182, 28.1577807, 0.0 ], [ 73.1441768, 28.1580839, 0.0 ], [ 73.1441537, 28.1580836, 0.0 ], [ 73.1441589, 28.1577803, 0.0 ] ], [ [ 73.1441083, 28.1574679, 0.0 ], [ 73.1441314, 28.1574682, 0.0 ], [ 73.1441262, 28.1577715, 0.0 ], [ 73.144103, 28.1577712, 0.0 ], [ 73.1441083, 28.1574679, 0.0 ] ], [ [ 73.1440523, 28.1574671, 0.0 ], [ 73.1440754, 28.1574675, 0.0 ], [ 73.1440702, 28.1577707, 0.0 ], [ 73.144047, 28.1577704, 0.0 ], [ 73.1440523, 28.1574671, 0.0 ] ], [ [ 73.1441029, 28.1577796, 0.0 ], [ 73.144126, 28.1577799, 0.0 ], [ 73.1441208, 28.1580832, 0.0 ], [ 73.1440977, 28.1580829, 0.0 ], [ 73.1441029, 28.1577796, 0.0 ] ], [ [ 73.1440469, 28.1577788, 0.0 ], [ 73.14407, 28.1577791, 0.0 ], [ 73.1440648, 28.1580824, 0.0 ], [ 73.1440417, 28.1580821, 0.0 ], [ 73.1440469, 28.1577788, 0.0 ] ], [ [ 73.1433244, 28.1574573, 0.0 ], [ 73.1433475, 28.1574576, 0.0 ], [ 73.1433423, 28.1577609, 0.0 ], [ 73.1433192, 28.1577605, 0.0 ], [ 73.1433244, 28.1574573, 0.0 ] ], [ [ 73.1432684, 28.1574565, 0.0 ], [ 73.1432915, 28.1574568, 0.0 ], [ 73.1432863, 28.1577601, 0.0 ], [ 73.1432632, 28.1577598, 0.0 ], [ 73.1432684, 28.1574565, 0.0 ] ], [ [ 73.143319, 28.157769, 0.0 ], [ 73.1433422, 28.1577693, 0.0 ], [ 73.1433369, 28.1580725, 0.0 ], [ 73.1433138, 28.1580722, 0.0 ], [ 73.143319, 28.157769, 0.0 ] ], [ [ 73.143263, 28.1577682, 0.0 ], [ 73.1432862, 28.1577685, 0.0 ], [ 73.1432809, 28.1580718, 0.0 ], [ 73.1432578, 28.1580715, 0.0 ], [ 73.143263, 28.1577682, 0.0 ] ], [ [ 73.1432124, 28.1574558, 0.0 ], [ 73.1432356, 28.1574561, 0.0 ], [ 73.1432303, 28.1577593, 0.0 ], [ 73.1432072, 28.157759, 0.0 ], [ 73.1432124, 28.1574558, 0.0 ] ], [ [ 73.1431564, 28.157455, 0.0 ], [ 73.1431796, 28.1574553, 0.0 ], [ 73.1431743, 28.1577586, 0.0 ], [ 73.1431512, 28.1577583, 0.0 ], [ 73.1431564, 28.157455, 0.0 ] ], [ [ 73.143207, 28.1577674, 0.0 ], [ 73.1432302, 28.1577678, 0.0 ], [ 73.1432249, 28.158071, 0.0 ], [ 73.1432018, 28.1580707, 0.0 ], [ 73.143207, 28.1577674, 0.0 ] ], [ [ 73.1431511, 28.1577667, 0.0 ], [ 73.1431742, 28.157767, 0.0 ], [ 73.1431689, 28.1580703, 0.0 ], [ 73.1431458, 28.15807, 0.0 ], [ 73.1431511, 28.1577667, 0.0 ] ], [ [ 73.1431004, 28.1574542, 0.0 ], [ 73.1431236, 28.1574546, 0.0 ], [ 73.1431183, 28.1577578, 0.0 ], [ 73.1430952, 28.1577575, 0.0 ], [ 73.1431004, 28.1574542, 0.0 ] ], [ [ 73.1430445, 28.1574535, 0.0 ], [ 73.1430676, 28.1574538, 0.0 ], [ 73.1430623, 28.1577571, 0.0 ], [ 73.1430392, 28.1577567, 0.0 ], [ 73.1430445, 28.1574535, 0.0 ] ], [ [ 73.1430951, 28.1577659, 0.0 ], [ 73.1431182, 28.1577662, 0.0 ], [ 73.143113, 28.1580695, 0.0 ], [ 73.1430898, 28.1580692, 0.0 ], [ 73.1430951, 28.1577659, 0.0 ] ], [ [ 73.1430391, 28.1577652, 0.0 ], [ 73.1430622, 28.1577655, 0.0 ], [ 73.143057, 28.1580687, 0.0 ], [ 73.1430338, 28.1580684, 0.0 ], [ 73.1430391, 28.1577652, 0.0 ] ], [ [ 73.1429885, 28.1574527, 0.0 ], [ 73.1430116, 28.157453, 0.0 ], [ 73.1430064, 28.1577563, 0.0 ], [ 73.1429832, 28.157756, 0.0 ], [ 73.1429885, 28.1574527, 0.0 ] ], [ [ 73.1429325, 28.157452, 0.0 ], [ 73.1429556, 28.1574523, 0.0 ], [ 73.1429504, 28.1577555, 0.0 ], [ 73.1429272, 28.1577552, 0.0 ], [ 73.1429325, 28.157452, 0.0 ] ], [ [ 73.1429831, 28.1577644, 0.0 ], [ 73.1430062, 28.1577647, 0.0 ], [ 73.143001, 28.158068, 0.0 ], [ 73.1429778, 28.1580677, 0.0 ], [ 73.1429831, 28.1577644, 0.0 ] ], [ [ 73.1429271, 28.1577636, 0.0 ], [ 73.1429502, 28.157764, 0.0 ], [ 73.142945, 28.1580672, 0.0 ], [ 73.1429219, 28.1580669, 0.0 ], [ 73.1429271, 28.1577636, 0.0 ] ], [ [ 73.1428765, 28.1574512, 0.0 ], [ 73.1428996, 28.1574515, 0.0 ], [ 73.1428944, 28.1577548, 0.0 ], [ 73.1428712, 28.1577545, 0.0 ], [ 73.1428765, 28.1574512, 0.0 ] ], [ [ 73.1428205, 28.1574504, 0.0 ], [ 73.1428436, 28.1574508, 0.0 ], [ 73.1428384, 28.157754, 0.0 ], [ 73.1428153, 28.1577537, 0.0 ], [ 73.1428205, 28.1574504, 0.0 ] ], [ [ 73.1428711, 28.1577629, 0.0 ], [ 73.1428942, 28.1577632, 0.0 ], [ 73.142889, 28.1580665, 0.0 ], [ 73.1428659, 28.1580662, 0.0 ], [ 73.1428711, 28.1577629, 0.0 ] ], [ [ 73.1428151, 28.1577621, 0.0 ], [ 73.1428382, 28.1577624, 0.0 ], [ 73.142833, 28.1580657, 0.0 ], [ 73.1428099, 28.1580654, 0.0 ], [ 73.1428151, 28.1577621, 0.0 ] ], [ [ 73.1427645, 28.1574497, 0.0 ], [ 73.1427876, 28.15745, 0.0 ], [ 73.1427824, 28.1577533, 0.0 ], [ 73.1427593, 28.157753, 0.0 ], [ 73.1427645, 28.1574497, 0.0 ] ], [ [ 73.1427085, 28.1574489, 0.0 ], [ 73.1427316, 28.1574492, 0.0 ], [ 73.1427264, 28.1577525, 0.0 ], [ 73.1427033, 28.1577522, 0.0 ], [ 73.1427085, 28.1574489, 0.0 ] ], [ [ 73.1427591, 28.1577614, 0.0 ], [ 73.1427822, 28.1577617, 0.0 ], [ 73.142777, 28.1580649, 0.0 ], [ 73.1427539, 28.1580646, 0.0 ], [ 73.1427591, 28.1577614, 0.0 ] ], [ [ 73.1427031, 28.1577606, 0.0 ], [ 73.1427263, 28.1577609, 0.0 ], [ 73.142721, 28.1580642, 0.0 ], [ 73.1426979, 28.1580639, 0.0 ], [ 73.1427031, 28.1577606, 0.0 ] ], [ [ 73.1426525, 28.1574482, 0.0 ], [ 73.1426756, 28.1574485, 0.0 ], [ 73.1426704, 28.1577517, 0.0 ], [ 73.1426473, 28.1577514, 0.0 ], [ 73.1426525, 28.1574482, 0.0 ] ], [ [ 73.1425965, 28.1574474, 0.0 ], [ 73.1426197, 28.1574477, 0.0 ], [ 73.1426144, 28.157751, 0.0 ], [ 73.1425913, 28.1577507, 0.0 ], [ 73.1425965, 28.1574474, 0.0 ] ], [ [ 73.1426471, 28.1577598, 0.0 ], [ 73.1426703, 28.1577602, 0.0 ], [ 73.142665, 28.1580634, 0.0 ], [ 73.1426419, 28.1580631, 0.0 ], [ 73.1426471, 28.1577598, 0.0 ] ], [ [ 73.1425911, 28.1577591, 0.0 ], [ 73.1426143, 28.1577594, 0.0 ], [ 73.142609, 28.1580627, 0.0 ], [ 73.1425859, 28.1580624, 0.0 ], [ 73.1425911, 28.1577591, 0.0 ] ], [ [ 73.1425405, 28.1574466, 0.0 ], [ 73.1425637, 28.157447, 0.0 ], [ 73.1425584, 28.1577502, 0.0 ], [ 73.1425353, 28.1577499, 0.0 ], [ 73.1425405, 28.1574466, 0.0 ] ], [ [ 73.1424845, 28.1574459, 0.0 ], [ 73.1425077, 28.1574462, 0.0 ], [ 73.1425024, 28.1577495, 0.0 ], [ 73.1424793, 28.1577492, 0.0 ], [ 73.1424845, 28.1574459, 0.0 ] ], [ [ 73.1425352, 28.1577583, 0.0 ], [ 73.1425583, 28.1577586, 0.0 ], [ 73.142553, 28.1580619, 0.0 ], [ 73.1425299, 28.1580616, 0.0 ], [ 73.1425352, 28.1577583, 0.0 ] ], [ [ 73.1424792, 28.1577576, 0.0 ], [ 73.1425023, 28.1577579, 0.0 ], [ 73.1424971, 28.1580612, 0.0 ], [ 73.1424739, 28.1580608, 0.0 ], [ 73.1424792, 28.1577576, 0.0 ] ], [ [ 73.1424286, 28.1574451, 0.0 ], [ 73.1424517, 28.1574454, 0.0 ], [ 73.1424464, 28.1577487, 0.0 ], [ 73.1424233, 28.1577484, 0.0 ], [ 73.1424286, 28.1574451, 0.0 ] ], [ [ 73.1423726, 28.1574444, 0.0 ], [ 73.1423957, 28.1574447, 0.0 ], [ 73.1423905, 28.1577479, 0.0 ], [ 73.1423673, 28.1577476, 0.0 ], [ 73.1423726, 28.1574444, 0.0 ] ], [ [ 73.1424232, 28.1577568, 0.0 ], [ 73.1424463, 28.1577571, 0.0 ], [ 73.1424411, 28.1580604, 0.0 ], [ 73.1424179, 28.1580601, 0.0 ], [ 73.1424232, 28.1577568, 0.0 ] ], [ [ 73.1423672, 28.1577561, 0.0 ], [ 73.1423903, 28.1577564, 0.0 ], [ 73.1423851, 28.1580596, 0.0 ], [ 73.1423619, 28.1580593, 0.0 ], [ 73.1423672, 28.1577561, 0.0 ] ], [ [ 73.1423166, 28.1574436, 0.0 ], [ 73.1423397, 28.1574439, 0.0 ], [ 73.1423345, 28.1577472, 0.0 ], [ 73.1423113, 28.1577469, 0.0 ], [ 73.1423166, 28.1574436, 0.0 ] ], [ [ 73.1422606, 28.1574428, 0.0 ], [ 73.1422837, 28.1574432, 0.0 ], [ 73.1422785, 28.1577464, 0.0 ], [ 73.1422553, 28.1577461, 0.0 ], [ 73.1422606, 28.1574428, 0.0 ] ], [ [ 73.1423112, 28.1577553, 0.0 ], [ 73.1423343, 28.1577556, 0.0 ], [ 73.1423291, 28.1580589, 0.0 ], [ 73.142306, 28.1580586, 0.0 ], [ 73.1423112, 28.1577553, 0.0 ] ], [ [ 73.1422552, 28.1577545, 0.0 ], [ 73.1422783, 28.1577548, 0.0 ], [ 73.1422731, 28.1580581, 0.0 ], [ 73.14225, 28.1580578, 0.0 ], [ 73.1422552, 28.1577545, 0.0 ] ], [ [ 73.1422046, 28.1574421, 0.0 ], [ 73.1422277, 28.1574424, 0.0 ], [ 73.1422225, 28.1577457, 0.0 ], [ 73.1421994, 28.1577454, 0.0 ], [ 73.1422046, 28.1574421, 0.0 ] ], [ [ 73.1421486, 28.1574413, 0.0 ], [ 73.1421717, 28.1574416, 0.0 ], [ 73.1421665, 28.1577449, 0.0 ], [ 73.1421434, 28.1577446, 0.0 ], [ 73.1421486, 28.1574413, 0.0 ] ], [ [ 73.1421992, 28.1577538, 0.0 ], [ 73.1422223, 28.1577541, 0.0 ], [ 73.1422171, 28.1580574, 0.0 ], [ 73.142194, 28.158057, 0.0 ], [ 73.1421992, 28.1577538, 0.0 ] ], [ [ 73.1421432, 28.157753, 0.0 ], [ 73.1421663, 28.1577533, 0.0 ], [ 73.1421611, 28.1580566, 0.0 ], [ 73.142138, 28.1580563, 0.0 ], [ 73.1421432, 28.157753, 0.0 ] ], [ [ 73.1420926, 28.1574406, 0.0 ], [ 73.1421157, 28.1574409, 0.0 ], [ 73.1421105, 28.1577442, 0.0 ], [ 73.1420874, 28.1577438, 0.0 ], [ 73.1420926, 28.1574406, 0.0 ] ], [ [ 73.1420366, 28.1574398, 0.0 ], [ 73.1420598, 28.1574401, 0.0 ], [ 73.1420545, 28.1577434, 0.0 ], [ 73.1420314, 28.1577431, 0.0 ], [ 73.1420366, 28.1574398, 0.0 ] ], [ [ 73.1420872, 28.1577523, 0.0 ], [ 73.1421104, 28.1577526, 0.0 ], [ 73.1421051, 28.1580558, 0.0 ], [ 73.142082, 28.1580555, 0.0 ], [ 73.1420872, 28.1577523, 0.0 ] ], [ [ 73.1420312, 28.1577515, 0.0 ], [ 73.1420544, 28.1577518, 0.0 ], [ 73.1420491, 28.1580551, 0.0 ], [ 73.142026, 28.1580548, 0.0 ], [ 73.1420312, 28.1577515, 0.0 ] ], [ [ 73.1419806, 28.1574391, 0.0 ], [ 73.1420038, 28.1574394, 0.0 ], [ 73.1419985, 28.1577426, 0.0 ], [ 73.1419754, 28.1577423, 0.0 ], [ 73.1419806, 28.1574391, 0.0 ] ], [ [ 73.1419246, 28.1574383, 0.0 ], [ 73.1419478, 28.1574386, 0.0 ], [ 73.1419425, 28.1577419, 0.0 ], [ 73.1419194, 28.1577416, 0.0 ], [ 73.1419246, 28.1574383, 0.0 ] ], [ [ 73.1419752, 28.1577507, 0.0 ], [ 73.1419984, 28.157751, 0.0 ], [ 73.1419931, 28.1580543, 0.0 ], [ 73.14197, 28.158054, 0.0 ], [ 73.1419752, 28.1577507, 0.0 ] ], [ [ 73.1419193, 28.15775, 0.0 ], [ 73.1419424, 28.1577503, 0.0 ], [ 73.1419371, 28.1580536, 0.0 ], [ 73.141914, 28.1580532, 0.0 ], [ 73.1419193, 28.15775, 0.0 ] ], [ [ 73.1418687, 28.1574375, 0.0 ], [ 73.1418918, 28.1574378, 0.0 ], [ 73.1418865, 28.1577411, 0.0 ], [ 73.1418634, 28.1577408, 0.0 ], [ 73.1418687, 28.1574375, 0.0 ] ], [ [ 73.1418127, 28.1574368, 0.0 ], [ 73.1418358, 28.1574371, 0.0 ], [ 73.1418306, 28.1577404, 0.0 ], [ 73.1418074, 28.15774, 0.0 ], [ 73.1418127, 28.1574368, 0.0 ] ], [ [ 73.1418633, 28.1577492, 0.0 ], [ 73.1418864, 28.1577495, 0.0 ], [ 73.1418812, 28.1580528, 0.0 ], [ 73.141858, 28.1580525, 0.0 ], [ 73.1418633, 28.1577492, 0.0 ] ], [ [ 73.1418073, 28.1577485, 0.0 ], [ 73.1418304, 28.1577488, 0.0 ], [ 73.1418252, 28.158052, 0.0 ], [ 73.141802, 28.1580517, 0.0 ], [ 73.1418073, 28.1577485, 0.0 ] ], [ [ 73.1417567, 28.157436, 0.0 ], [ 73.1417798, 28.1574363, 0.0 ], [ 73.1417746, 28.1577396, 0.0 ], [ 73.1417514, 28.1577393, 0.0 ], [ 73.1417567, 28.157436, 0.0 ] ], [ [ 73.1417007, 28.1574353, 0.0 ], [ 73.1417238, 28.1574356, 0.0 ], [ 73.1417186, 28.1577388, 0.0 ], [ 73.1416954, 28.1577385, 0.0 ], [ 73.1417007, 28.1574353, 0.0 ] ], [ [ 73.1417513, 28.1577477, 0.0 ], [ 73.1417744, 28.157748, 0.0 ], [ 73.1417692, 28.1580513, 0.0 ], [ 73.141746, 28.158051, 0.0 ], [ 73.1417513, 28.1577477, 0.0 ] ], [ [ 73.1416953, 28.1577469, 0.0 ], [ 73.1417184, 28.1577473, 0.0 ], [ 73.1417132, 28.1580505, 0.0 ], [ 73.1416901, 28.1580502, 0.0 ], [ 73.1416953, 28.1577469, 0.0 ] ], [ [ 73.1416447, 28.1574345, 0.0 ], [ 73.1416678, 28.1574348, 0.0 ], [ 73.1416626, 28.1577381, 0.0 ], [ 73.1416395, 28.1577378, 0.0 ], [ 73.1416447, 28.1574345, 0.0 ] ], [ [ 73.1415887, 28.1574337, 0.0 ], [ 73.1416118, 28.157434, 0.0 ], [ 73.1416066, 28.1577373, 0.0 ], [ 73.1415835, 28.157737, 0.0 ], [ 73.1415887, 28.1574337, 0.0 ] ], [ [ 73.1416393, 28.1577462, 0.0 ], [ 73.1416624, 28.1577465, 0.0 ], [ 73.1416572, 28.1580498, 0.0 ], [ 73.1416341, 28.1580494, 0.0 ], [ 73.1416393, 28.1577462, 0.0 ] ], [ [ 73.1415833, 28.1577454, 0.0 ], [ 73.1416064, 28.1577457, 0.0 ], [ 73.1416012, 28.158049, 0.0 ], [ 73.1415781, 28.1580487, 0.0 ], [ 73.1415833, 28.1577454, 0.0 ] ], [ [ 73.1415327, 28.157433, 0.0 ], [ 73.1415558, 28.1574333, 0.0 ], [ 73.1415506, 28.1577366, 0.0 ], [ 73.1415275, 28.1577362, 0.0 ], [ 73.1415327, 28.157433, 0.0 ] ], [ [ 73.1414767, 28.1574322, 0.0 ], [ 73.1414998, 28.1574325, 0.0 ], [ 73.1414946, 28.1577358, 0.0 ], [ 73.1414715, 28.1577355, 0.0 ], [ 73.1414767, 28.1574322, 0.0 ] ], [ [ 73.1415273, 28.1577447, 0.0 ], [ 73.1415505, 28.157745, 0.0 ], [ 73.1415452, 28.1580482, 0.0 ], [ 73.1415221, 28.1580479, 0.0 ], [ 73.1415273, 28.1577447, 0.0 ] ], [ [ 73.1414713, 28.1577439, 0.0 ], [ 73.1414945, 28.1577442, 0.0 ], [ 73.1414892, 28.1580475, 0.0 ], [ 73.1414661, 28.1580472, 0.0 ], [ 73.1414713, 28.1577439, 0.0 ] ], [ [ 73.1414207, 28.1574315, 0.0 ], [ 73.1414439, 28.1574318, 0.0 ], [ 73.1414386, 28.157735, 0.0 ], [ 73.1414155, 28.1577347, 0.0 ], [ 73.1414207, 28.1574315, 0.0 ] ], [ [ 73.1413647, 28.1574307, 0.0 ], [ 73.1413879, 28.157431, 0.0 ], [ 73.1413826, 28.1577343, 0.0 ], [ 73.1413595, 28.157734, 0.0 ], [ 73.1413647, 28.1574307, 0.0 ] ], [ [ 73.1414153, 28.1577431, 0.0 ], [ 73.1414385, 28.1577435, 0.0 ], [ 73.1414332, 28.1580467, 0.0 ], [ 73.1414101, 28.1580464, 0.0 ], [ 73.1414153, 28.1577431, 0.0 ] ], [ [ 73.1413594, 28.1577424, 0.0 ], [ 73.1413825, 28.1577427, 0.0 ], [ 73.1413772, 28.158046, 0.0 ], [ 73.1413541, 28.1580456, 0.0 ], [ 73.1413594, 28.1577424, 0.0 ] ], [ [ 73.1413087, 28.1574299, 0.0 ], [ 73.1413319, 28.1574302, 0.0 ], [ 73.1413266, 28.1577335, 0.0 ], [ 73.1413035, 28.1577332, 0.0 ], [ 73.1413087, 28.1574299, 0.0 ] ], [ [ 73.1412528, 28.1574292, 0.0 ], [ 73.1412759, 28.1574295, 0.0 ], [ 73.1412706, 28.1577328, 0.0 ], [ 73.1412475, 28.1577324, 0.0 ], [ 73.1412528, 28.1574292, 0.0 ] ], [ [ 73.1413034, 28.1577416, 0.0 ], [ 73.1413265, 28.1577419, 0.0 ], [ 73.1413213, 28.1580452, 0.0 ], [ 73.1412981, 28.1580449, 0.0 ], [ 73.1413034, 28.1577416, 0.0 ] ], [ [ 73.1412474, 28.1577409, 0.0 ], [ 73.1412705, 28.1577412, 0.0 ], [ 73.1412653, 28.1580444, 0.0 ], [ 73.1412421, 28.1580441, 0.0 ], [ 73.1412474, 28.1577409, 0.0 ] ], [ [ 73.1411968, 28.1574284, 0.0 ], [ 73.1412199, 28.1574287, 0.0 ], [ 73.1412147, 28.157732, 0.0 ], [ 73.1411915, 28.1577317, 0.0 ], [ 73.1411968, 28.1574284, 0.0 ] ], [ [ 73.1411408, 28.1574277, 0.0 ], [ 73.1411639, 28.157428, 0.0 ], [ 73.1411587, 28.1577312, 0.0 ], [ 73.1411355, 28.1577309, 0.0 ], [ 73.1411408, 28.1574277, 0.0 ] ], [ [ 73.1411914, 28.1577401, 0.0 ], [ 73.1412145, 28.1577404, 0.0 ], [ 73.1412093, 28.1580437, 0.0 ], [ 73.1411861, 28.1580434, 0.0 ], [ 73.1411914, 28.1577401, 0.0 ] ], [ [ 73.1411354, 28.1577393, 0.0 ], [ 73.1411585, 28.1577397, 0.0 ], [ 73.1411533, 28.1580429, 0.0 ], [ 73.1411301, 28.1580426, 0.0 ], [ 73.1411354, 28.1577393, 0.0 ] ], [ [ 73.1410848, 28.1574269, 0.0 ], [ 73.1411079, 28.1574272, 0.0 ], [ 73.1411027, 28.1577305, 0.0 ], [ 73.1410795, 28.1577302, 0.0 ], [ 73.1410848, 28.1574269, 0.0 ] ], [ [ 73.1410288, 28.1574261, 0.0 ], [ 73.1410519, 28.1574264, 0.0 ], [ 73.1410467, 28.1577297, 0.0 ], [ 73.1410236, 28.1577294, 0.0 ], [ 73.1410288, 28.1574261, 0.0 ] ], [ [ 73.1410794, 28.1577386, 0.0 ], [ 73.1411025, 28.1577389, 0.0 ], [ 73.1410973, 28.1580422, 0.0 ], [ 73.1410742, 28.1580418, 0.0 ], [ 73.1410794, 28.1577386, 0.0 ] ], [ [ 73.1410234, 28.1577378, 0.0 ], [ 73.1410465, 28.1577381, 0.0 ], [ 73.1410413, 28.1580414, 0.0 ], [ 73.1410182, 28.1580411, 0.0 ], [ 73.1410234, 28.1577378, 0.0 ] ], [ [ 73.1409728, 28.1574254, 0.0 ], [ 73.1409959, 28.1574257, 0.0 ], [ 73.1409907, 28.157729, 0.0 ], [ 73.1409676, 28.1577286, 0.0 ], [ 73.1409728, 28.1574254, 0.0 ] ], [ [ 73.1409168, 28.1574246, 0.0 ], [ 73.1409399, 28.1574249, 0.0 ], [ 73.1409347, 28.1577282, 0.0 ], [ 73.1409116, 28.1577279, 0.0 ], [ 73.1409168, 28.1574246, 0.0 ] ], [ [ 73.1409674, 28.1577371, 0.0 ], [ 73.1409905, 28.1577374, 0.0 ], [ 73.1409853, 28.1580406, 0.0 ], [ 73.1409622, 28.1580403, 0.0 ], [ 73.1409674, 28.1577371, 0.0 ] ], [ [ 73.1409114, 28.1577363, 0.0 ], [ 73.1409346, 28.1577366, 0.0 ], [ 73.1409293, 28.1580399, 0.0 ], [ 73.1409062, 28.1580396, 0.0 ], [ 73.1409114, 28.1577363, 0.0 ] ], [ [ 73.1408608, 28.1574239, 0.0 ], [ 73.140884, 28.1574242, 0.0 ], [ 73.1408787, 28.1577274, 0.0 ], [ 73.1408556, 28.1577271, 0.0 ], [ 73.1408608, 28.1574239, 0.0 ] ], [ [ 73.1408048, 28.1574231, 0.0 ], [ 73.140828, 28.1574234, 0.0 ], [ 73.1408227, 28.1577267, 0.0 ], [ 73.1407996, 28.1577264, 0.0 ], [ 73.1408048, 28.1574231, 0.0 ] ], [ [ 73.1408554, 28.1577355, 0.0 ], [ 73.1408786, 28.1577359, 0.0 ], [ 73.1408733, 28.1580391, 0.0 ], [ 73.1408502, 28.1580388, 0.0 ], [ 73.1408554, 28.1577355, 0.0 ] ], [ [ 73.1407994, 28.1577348, 0.0 ], [ 73.1408226, 28.1577351, 0.0 ], [ 73.1408173, 28.1580384, 0.0 ], [ 73.1407942, 28.158038, 0.0 ], [ 73.1407994, 28.1577348, 0.0 ] ], [ [ 73.1407488, 28.1574223, 0.0 ], [ 73.140772, 28.1574226, 0.0 ], [ 73.1407667, 28.1577259, 0.0 ], [ 73.1407436, 28.1577256, 0.0 ], [ 73.1407488, 28.1574223, 0.0 ] ], [ [ 73.1406929, 28.1574216, 0.0 ], [ 73.140716, 28.1574219, 0.0 ], [ 73.1407107, 28.1577252, 0.0 ], [ 73.1406876, 28.1577248, 0.0 ], [ 73.1406929, 28.1574216, 0.0 ] ], [ [ 73.1407435, 28.157734, 0.0 ], [ 73.1407666, 28.1577343, 0.0 ], [ 73.1407613, 28.1580376, 0.0 ], [ 73.1407382, 28.1580373, 0.0 ], [ 73.1407435, 28.157734, 0.0 ] ], [ [ 73.1406875, 28.1577333, 0.0 ], [ 73.1407106, 28.1577336, 0.0 ], [ 73.1407054, 28.1580368, 0.0 ], [ 73.1406822, 28.1580365, 0.0 ], [ 73.1406875, 28.1577333, 0.0 ] ], [ [ 73.1406369, 28.1574208, 0.0 ], [ 73.14066, 28.1574211, 0.0 ], [ 73.1406548, 28.1577244, 0.0 ], [ 73.1406316, 28.1577241, 0.0 ], [ 73.1406369, 28.1574208, 0.0 ] ], [ [ 73.1405809, 28.1574201, 0.0 ], [ 73.140604, 28.1574204, 0.0 ], [ 73.1405988, 28.1577236, 0.0 ], [ 73.1405756, 28.1577233, 0.0 ], [ 73.1405809, 28.1574201, 0.0 ] ], [ [ 73.1406315, 28.1577325, 0.0 ], [ 73.1406546, 28.1577328, 0.0 ], [ 73.1406494, 28.1580361, 0.0 ], [ 73.1406262, 28.1580358, 0.0 ], [ 73.1406315, 28.1577325, 0.0 ] ], [ [ 73.1405755, 28.1577317, 0.0 ], [ 73.1405986, 28.1577321, 0.0 ], [ 73.1405934, 28.1580353, 0.0 ], [ 73.1405702, 28.158035, 0.0 ], [ 73.1405755, 28.1577317, 0.0 ] ], [ [ 73.1405249, 28.1574193, 0.0 ], [ 73.140548, 28.1574196, 0.0 ], [ 73.1405428, 28.1577229, 0.0 ], [ 73.1405196, 28.1577226, 0.0 ], [ 73.1405249, 28.1574193, 0.0 ] ], [ [ 73.1404689, 28.1574185, 0.0 ], [ 73.140492, 28.1574188, 0.0 ], [ 73.1404868, 28.1577221, 0.0 ], [ 73.1404636, 28.1577218, 0.0 ], [ 73.1404689, 28.1574185, 0.0 ] ], [ [ 73.1405195, 28.157731, 0.0 ], [ 73.1405426, 28.1577313, 0.0 ], [ 73.1405374, 28.1580346, 0.0 ], [ 73.1405143, 28.1580342, 0.0 ], [ 73.1405195, 28.157731, 0.0 ] ], [ [ 73.1404635, 28.1577302, 0.0 ], [ 73.1404866, 28.1577305, 0.0 ], [ 73.1404814, 28.1580338, 0.0 ], [ 73.1404583, 28.1580335, 0.0 ], [ 73.1404635, 28.1577302, 0.0 ] ], [ [ 73.1404129, 28.1574178, 0.0 ], [ 73.140436, 28.1574181, 0.0 ], [ 73.1404308, 28.1577214, 0.0 ], [ 73.1404077, 28.157721, 0.0 ], [ 73.1404129, 28.1574178, 0.0 ] ], [ [ 73.1403569, 28.157417, 0.0 ], [ 73.14038, 28.1574173, 0.0 ], [ 73.1403748, 28.1577206, 0.0 ], [ 73.1403517, 28.1577203, 0.0 ], [ 73.1403569, 28.157417, 0.0 ] ], [ [ 73.1404075, 28.1577295, 0.0 ], [ 73.1404306, 28.1577298, 0.0 ], [ 73.1404254, 28.158033, 0.0 ], [ 73.1404023, 28.1580327, 0.0 ], [ 73.1404075, 28.1577295, 0.0 ] ], [ [ 73.1403515, 28.1577287, 0.0 ], [ 73.1403747, 28.157729, 0.0 ], [ 73.1403694, 28.1580323, 0.0 ], [ 73.1403463, 28.158032, 0.0 ], [ 73.1403515, 28.1577287, 0.0 ] ], [ [ 73.1403009, 28.1574163, 0.0 ], [ 73.1403241, 28.1574166, 0.0 ], [ 73.1403188, 28.1577198, 0.0 ], [ 73.1402957, 28.1577195, 0.0 ], [ 73.1403009, 28.1574163, 0.0 ] ], [ [ 73.1402449, 28.1574155, 0.0 ], [ 73.1402681, 28.1574158, 0.0 ], [ 73.1402628, 28.1577191, 0.0 ], [ 73.1402397, 28.1577188, 0.0 ], [ 73.1402449, 28.1574155, 0.0 ] ], [ [ 73.1402955, 28.1577279, 0.0 ], [ 73.1403187, 28.1577282, 0.0 ], [ 73.1403134, 28.1580315, 0.0 ], [ 73.1402903, 28.1580312, 0.0 ], [ 73.1402955, 28.1577279, 0.0 ] ], [ [ 73.1402395, 28.1577272, 0.0 ], [ 73.1402627, 28.1577275, 0.0 ], [ 73.1402574, 28.1580308, 0.0 ], [ 73.1402343, 28.1580304, 0.0 ], [ 73.1402395, 28.1577272, 0.0 ] ], [ [ 73.1401889, 28.1574147, 0.0 ], [ 73.1402121, 28.157415, 0.0 ], [ 73.1402068, 28.1577183, 0.0 ], [ 73.1401837, 28.157718, 0.0 ], [ 73.1401889, 28.1574147, 0.0 ] ], [ [ 73.140133, 28.157414, 0.0 ], [ 73.1401561, 28.1574143, 0.0 ], [ 73.1401508, 28.1577176, 0.0 ], [ 73.1401277, 28.1577172, 0.0 ], [ 73.140133, 28.157414, 0.0 ] ], [ [ 73.1401836, 28.1577264, 0.0 ], [ 73.1402067, 28.1577267, 0.0 ], [ 73.1402014, 28.15803, 0.0 ], [ 73.1401783, 28.1580297, 0.0 ], [ 73.1401836, 28.1577264, 0.0 ] ], [ [ 73.1401276, 28.1577257, 0.0 ], [ 73.1401507, 28.157726, 0.0 ], [ 73.1401454, 28.1580292, 0.0 ], [ 73.1401223, 28.1580289, 0.0 ], [ 73.1401276, 28.1577257, 0.0 ] ], [ [ 73.140077, 28.1574132, 0.0 ], [ 73.1401001, 28.1574135, 0.0 ], [ 73.1400948, 28.1577168, 0.0 ], [ 73.1400717, 28.1577165, 0.0 ], [ 73.140077, 28.1574132, 0.0 ] ], [ [ 73.140021, 28.1574124, 0.0 ], [ 73.1400441, 28.1574128, 0.0 ], [ 73.1400389, 28.157716, 0.0 ], [ 73.1400157, 28.1577157, 0.0 ], [ 73.140021, 28.1574124, 0.0 ] ], [ [ 73.1400716, 28.1577249, 0.0 ], [ 73.1400947, 28.1577252, 0.0 ], [ 73.1400895, 28.1580285, 0.0 ], [ 73.1400663, 28.1580282, 0.0 ], [ 73.1400716, 28.1577249, 0.0 ] ], [ [ 73.1400156, 28.1577241, 0.0 ], [ 73.1400387, 28.1577244, 0.0 ], [ 73.1400335, 28.1580277, 0.0 ], [ 73.1400103, 28.1580274, 0.0 ], [ 73.1400156, 28.1577241, 0.0 ] ], [ [ 73.139965, 28.1574117, 0.0 ], [ 73.1399881, 28.157412, 0.0 ], [ 73.1399829, 28.1577153, 0.0 ], [ 73.1399597, 28.157715, 0.0 ], [ 73.139965, 28.1574117, 0.0 ] ], [ [ 73.139909, 28.1574109, 0.0 ], [ 73.1399321, 28.1574112, 0.0 ], [ 73.1399269, 28.1577145, 0.0 ], [ 73.1399037, 28.1577142, 0.0 ], [ 73.139909, 28.1574109, 0.0 ] ], [ [ 73.1399596, 28.1577234, 0.0 ], [ 73.1399827, 28.1577237, 0.0 ], [ 73.1399775, 28.158027, 0.0 ], [ 73.1399543, 28.1580266, 0.0 ], [ 73.1399596, 28.1577234, 0.0 ] ], [ [ 73.1399036, 28.1577226, 0.0 ], [ 73.1399267, 28.1577229, 0.0 ], [ 73.1399215, 28.1580262, 0.0 ], [ 73.1398984, 28.1580259, 0.0 ], [ 73.1399036, 28.1577226, 0.0 ] ], [ [ 73.139853, 28.1574102, 0.0 ], [ 73.1398761, 28.1574105, 0.0 ], [ 73.1398709, 28.1577137, 0.0 ], [ 73.1398478, 28.1577134, 0.0 ], [ 73.139853, 28.1574102, 0.0 ] ], [ [ 73.139797, 28.1574094, 0.0 ], [ 73.1398201, 28.1574097, 0.0 ], [ 73.1398149, 28.157713, 0.0 ], [ 73.1397918, 28.1577127, 0.0 ], [ 73.139797, 28.1574094, 0.0 ] ], [ [ 73.1398476, 28.1577219, 0.0 ], [ 73.1398707, 28.1577222, 0.0 ], [ 73.1398655, 28.1580254, 0.0 ], [ 73.1398424, 28.1580251, 0.0 ], [ 73.1398476, 28.1577219, 0.0 ] ], [ [ 73.1397916, 28.1577211, 0.0 ], [ 73.1398147, 28.1577214, 0.0 ], [ 73.1398095, 28.1580247, 0.0 ], [ 73.1397864, 28.1580244, 0.0 ], [ 73.1397916, 28.1577211, 0.0 ] ], [ [ 73.139741, 28.1574086, 0.0 ], [ 73.1397641, 28.157409, 0.0 ], [ 73.1397589, 28.1577122, 0.0 ], [ 73.1397358, 28.1577119, 0.0 ], [ 73.139741, 28.1574086, 0.0 ] ], [ [ 73.139685, 28.1574079, 0.0 ], [ 73.1397082, 28.1574082, 0.0 ], [ 73.1397029, 28.1577115, 0.0 ], [ 73.1396798, 28.1577112, 0.0 ], [ 73.139685, 28.1574079, 0.0 ] ], [ [ 73.1397356, 28.1577203, 0.0 ], [ 73.1397588, 28.1577206, 0.0 ], [ 73.1397535, 28.1580239, 0.0 ], [ 73.1397304, 28.1580236, 0.0 ], [ 73.1397356, 28.1577203, 0.0 ] ], [ [ 73.1396796, 28.1577196, 0.0 ], [ 73.1397028, 28.1577199, 0.0 ], [ 73.1396975, 28.1580232, 0.0 ], [ 73.1396744, 28.1580228, 0.0 ], [ 73.1396796, 28.1577196, 0.0 ] ], [ [ 73.139629, 28.1574071, 0.0 ], [ 73.1396522, 28.1574074, 0.0 ], [ 73.1396469, 28.1577107, 0.0 ], [ 73.1396238, 28.1577104, 0.0 ], [ 73.139629, 28.1574071, 0.0 ] ], [ [ 73.139573, 28.1574064, 0.0 ], [ 73.1395962, 28.1574067, 0.0 ], [ 73.1395909, 28.1577099, 0.0 ], [ 73.1395678, 28.1577096, 0.0 ], [ 73.139573, 28.1574064, 0.0 ] ], [ [ 73.1396236, 28.1577188, 0.0 ], [ 73.1396468, 28.1577191, 0.0 ], [ 73.1396415, 28.1580224, 0.0 ], [ 73.1396184, 28.1580221, 0.0 ], [ 73.1396236, 28.1577188, 0.0 ] ], [ [ 73.1395677, 28.157718, 0.0 ], [ 73.1395908, 28.1577184, 0.0 ], [ 73.1395855, 28.1580216, 0.0 ], [ 73.1395624, 28.1580213, 0.0 ], [ 73.1395677, 28.157718, 0.0 ] ], [ [ 73.1395171, 28.1574056, 0.0 ], [ 73.1395402, 28.1574059, 0.0 ], [ 73.1395349, 28.1577092, 0.0 ], [ 73.1395118, 28.1577089, 0.0 ], [ 73.1395171, 28.1574056, 0.0 ] ], [ [ 73.1394611, 28.1574048, 0.0 ], [ 73.1394842, 28.1574052, 0.0 ], [ 73.139479, 28.1577084, 0.0 ], [ 73.1394558, 28.1577081, 0.0 ], [ 73.1394611, 28.1574048, 0.0 ] ], [ [ 73.1395117, 28.1577173, 0.0 ], [ 73.1395348, 28.1577176, 0.0 ], [ 73.1395295, 28.1580209, 0.0 ], [ 73.1395064, 28.1580206, 0.0 ], [ 73.1395117, 28.1577173, 0.0 ] ], [ [ 73.1394557, 28.1577165, 0.0 ], [ 73.1394788, 28.1577168, 0.0 ], [ 73.1394736, 28.1580201, 0.0 ], [ 73.1394504, 28.1580198, 0.0 ], [ 73.1394557, 28.1577165, 0.0 ] ], [ [ 73.1394051, 28.1574041, 0.0 ], [ 73.1394282, 28.1574044, 0.0 ], [ 73.139423, 28.1577077, 0.0 ], [ 73.1393998, 28.1577073, 0.0 ], [ 73.1394051, 28.1574041, 0.0 ] ], [ [ 73.1393491, 28.1574033, 0.0 ], [ 73.1393722, 28.1574036, 0.0 ], [ 73.139367, 28.1577069, 0.0 ], [ 73.1393438, 28.1577066, 0.0 ], [ 73.1393491, 28.1574033, 0.0 ] ], [ [ 73.1393997, 28.1577158, 0.0 ], [ 73.1394228, 28.1577161, 0.0 ], [ 73.1394176, 28.1580193, 0.0 ], [ 73.1393944, 28.158019, 0.0 ], [ 73.1393997, 28.1577158, 0.0 ] ], [ [ 73.1393437, 28.157715, 0.0 ], [ 73.1393668, 28.1577153, 0.0 ], [ 73.1393616, 28.1580186, 0.0 ], [ 73.1393384, 28.1580183, 0.0 ], [ 73.1393437, 28.157715, 0.0 ] ], [ [ 73.1392931, 28.1574026, 0.0 ], [ 73.1393162, 28.1574029, 0.0 ], [ 73.139311, 28.1577061, 0.0 ], [ 73.1392878, 28.1577058, 0.0 ], [ 73.1392931, 28.1574026, 0.0 ] ], [ [ 73.1392371, 28.1574018, 0.0 ], [ 73.1392602, 28.1574021, 0.0 ], [ 73.139255, 28.1577054, 0.0 ], [ 73.1392319, 28.1577051, 0.0 ], [ 73.1392371, 28.1574018, 0.0 ] ], [ [ 73.1392877, 28.1577142, 0.0 ], [ 73.1393108, 28.1577146, 0.0 ], [ 73.1393056, 28.1580178, 0.0 ], [ 73.1392825, 28.1580175, 0.0 ], [ 73.1392877, 28.1577142, 0.0 ] ], [ [ 73.1392317, 28.1577135, 0.0 ], [ 73.1392548, 28.1577138, 0.0 ], [ 73.1392496, 28.1580171, 0.0 ], [ 73.1392265, 28.1580168, 0.0 ], [ 73.1392317, 28.1577135, 0.0 ] ], [ [ 73.1391811, 28.157401, 0.0 ], [ 73.1392042, 28.1574014, 0.0 ], [ 73.139199, 28.1577046, 0.0 ], [ 73.1391759, 28.1577043, 0.0 ], [ 73.1391811, 28.157401, 0.0 ] ], [ [ 73.1391251, 28.1574003, 0.0 ], [ 73.1391483, 28.1574006, 0.0 ], [ 73.139143, 28.1577039, 0.0 ], [ 73.1391199, 28.1577035, 0.0 ], [ 73.1391251, 28.1574003, 0.0 ] ], [ [ 73.1391757, 28.1577127, 0.0 ], [ 73.1391989, 28.157713, 0.0 ], [ 73.1391936, 28.1580163, 0.0 ], [ 73.1391705, 28.158016, 0.0 ], [ 73.1391757, 28.1577127, 0.0 ] ], [ [ 73.1391197, 28.157712, 0.0 ], [ 73.1391429, 28.1577123, 0.0 ], [ 73.1391376, 28.1580155, 0.0 ], [ 73.1391145, 28.1580152, 0.0 ], [ 73.1391197, 28.157712, 0.0 ] ], [ [ 73.1390691, 28.1573995, 0.0 ], [ 73.1390923, 28.1573998, 0.0 ], [ 73.139087, 28.1577031, 0.0 ], [ 73.1390639, 28.1577028, 0.0 ], [ 73.1390691, 28.1573995, 0.0 ] ], [ [ 73.1390131, 28.1573988, 0.0 ], [ 73.1390363, 28.1573991, 0.0 ], [ 73.139031, 28.1577023, 0.0 ], [ 73.1390079, 28.157702, 0.0 ], [ 73.1390131, 28.1573988, 0.0 ] ], [ [ 73.1390637, 28.1577112, 0.0 ], [ 73.1390869, 28.1577115, 0.0 ], [ 73.1390816, 28.1580148, 0.0 ], [ 73.1390585, 28.1580145, 0.0 ], [ 73.1390637, 28.1577112, 0.0 ] ], [ [ 73.1390078, 28.1577104, 0.0 ], [ 73.1390309, 28.1577108, 0.0 ], [ 73.1390256, 28.158014, 0.0 ], [ 73.1390025, 28.1580137, 0.0 ], [ 73.1390078, 28.1577104, 0.0 ] ], [ [ 73.1389572, 28.157398, 0.0 ], [ 73.1389803, 28.1573983, 0.0 ], [ 73.138975, 28.1577016, 0.0 ], [ 73.1389519, 28.1577013, 0.0 ], [ 73.1389572, 28.157398, 0.0 ] ], [ [ 73.1389012, 28.1573972, 0.0 ], [ 73.1389243, 28.1573975, 0.0 ], [ 73.138919, 28.1577008, 0.0 ], [ 73.1388959, 28.1577005, 0.0 ], [ 73.1389012, 28.1573972, 0.0 ] ], [ [ 73.1389518, 28.1577097, 0.0 ], [ 73.1389749, 28.15771, 0.0 ], [ 73.1389696, 28.1580133, 0.0 ], [ 73.1389465, 28.1580129, 0.0 ], [ 73.1389518, 28.1577097, 0.0 ] ], [ [ 73.1388958, 28.1577089, 0.0 ], [ 73.1389189, 28.1577092, 0.0 ], [ 73.1389137, 28.1580125, 0.0 ], [ 73.1388905, 28.1580122, 0.0 ], [ 73.1388958, 28.1577089, 0.0 ] ], [ [ 73.1388452, 28.1573965, 0.0 ], [ 73.1388683, 28.1573968, 0.0 ], [ 73.1388631, 28.1577001, 0.0 ], [ 73.1388399, 28.1576997, 0.0 ], [ 73.1388452, 28.1573965, 0.0 ] ], [ [ 73.1387892, 28.1573957, 0.0 ], [ 73.1388123, 28.157396, 0.0 ], [ 73.1388071, 28.1576993, 0.0 ], [ 73.1387839, 28.157699, 0.0 ], [ 73.1387892, 28.1573957, 0.0 ] ], [ [ 73.1388398, 28.1577082, 0.0 ], [ 73.1388629, 28.1577085, 0.0 ], [ 73.1388577, 28.1580117, 0.0 ], [ 73.1388345, 28.1580114, 0.0 ], [ 73.1388398, 28.1577082, 0.0 ] ], [ [ 73.1387838, 28.1577074, 0.0 ], [ 73.1388069, 28.1577077, 0.0 ], [ 73.1388017, 28.158011, 0.0 ], [ 73.1387785, 28.1580107, 0.0 ], [ 73.1387838, 28.1577074, 0.0 ] ], [ [ 73.1387332, 28.157395, 0.0 ], [ 73.1387563, 28.1573953, 0.0 ], [ 73.1387511, 28.1576985, 0.0 ], [ 73.1387279, 28.1576982, 0.0 ], [ 73.1387332, 28.157395, 0.0 ] ], [ [ 73.1386772, 28.1573942, 0.0 ], [ 73.1387003, 28.1573945, 0.0 ], [ 73.1386951, 28.1576978, 0.0 ], [ 73.138672, 28.1576975, 0.0 ], [ 73.1386772, 28.1573942, 0.0 ] ], [ [ 73.1387278, 28.1577066, 0.0 ], [ 73.1387509, 28.157707, 0.0 ], [ 73.1387457, 28.1580102, 0.0 ], [ 73.1387226, 28.1580099, 0.0 ], [ 73.1387278, 28.1577066, 0.0 ] ], [ [ 73.1386718, 28.1577059, 0.0 ], [ 73.1386949, 28.1577062, 0.0 ], [ 73.1386897, 28.1580095, 0.0 ], [ 73.1386666, 28.1580091, 0.0 ], [ 73.1386718, 28.1577059, 0.0 ] ], [ [ 73.1386212, 28.1573934, 0.0 ], [ 73.1386443, 28.1573937, 0.0 ], [ 73.1386391, 28.157697, 0.0 ], [ 73.138616, 28.1576967, 0.0 ], [ 73.1386212, 28.1573934, 0.0 ] ], [ [ 73.1385652, 28.1573927, 0.0 ], [ 73.1385884, 28.157393, 0.0 ], [ 73.1385831, 28.1576963, 0.0 ], [ 73.13856, 28.1576959, 0.0 ], [ 73.1385652, 28.1573927, 0.0 ] ], [ [ 73.1386158, 28.1577051, 0.0 ], [ 73.1386389, 28.1577054, 0.0 ], [ 73.1386337, 28.1580087, 0.0 ], [ 73.1386106, 28.1580084, 0.0 ], [ 73.1386158, 28.1577051, 0.0 ] ], [ [ 73.1385598, 28.1577044, 0.0 ], [ 73.138583, 28.1577047, 0.0 ], [ 73.1385777, 28.1580079, 0.0 ], [ 73.1385546, 28.1580076, 0.0 ], [ 73.1385598, 28.1577044, 0.0 ] ], [ [ 73.1385092, 28.1573919, 0.0 ], [ 73.1385324, 28.1573922, 0.0 ], [ 73.1385271, 28.1576955, 0.0 ], [ 73.138504, 28.1576952, 0.0 ], [ 73.1385092, 28.1573919, 0.0 ] ], [ [ 73.1384532, 28.1573911, 0.0 ], [ 73.1384764, 28.1573915, 0.0 ], [ 73.1384711, 28.1576947, 0.0 ], [ 73.138448, 28.1576944, 0.0 ], [ 73.1384532, 28.1573911, 0.0 ] ], [ [ 73.1385038, 28.1577036, 0.0 ], [ 73.138527, 28.1577039, 0.0 ], [ 73.1385217, 28.1580072, 0.0 ], [ 73.1384986, 28.1580069, 0.0 ], [ 73.1385038, 28.1577036, 0.0 ] ], [ [ 73.1384478, 28.1577028, 0.0 ], [ 73.138471, 28.1577031, 0.0 ], [ 73.1384657, 28.1580064, 0.0 ], [ 73.1384426, 28.1580061, 0.0 ], [ 73.1384478, 28.1577028, 0.0 ] ], [ [ 73.1383973, 28.1573904, 0.0 ], [ 73.1384204, 28.1573907, 0.0 ], [ 73.1384151, 28.157694, 0.0 ], [ 73.138392, 28.1576937, 0.0 ], [ 73.1383973, 28.1573904, 0.0 ] ], [ [ 73.1383413, 28.1573896, 0.0 ], [ 73.1383644, 28.1573899, 0.0 ], [ 73.1383591, 28.1576932, 0.0 ], [ 73.138336, 28.1576929, 0.0 ], [ 73.1383413, 28.1573896, 0.0 ] ], [ [ 73.1383919, 28.1577021, 0.0 ], [ 73.138415, 28.1577024, 0.0 ], [ 73.1384097, 28.1580057, 0.0 ], [ 73.1383866, 28.1580053, 0.0 ], [ 73.1383919, 28.1577021, 0.0 ] ], [ [ 73.1383359, 28.1577013, 0.0 ], [ 73.138359, 28.1577016, 0.0 ], [ 73.1383537, 28.1580049, 0.0 ], [ 73.1383306, 28.1580046, 0.0 ], [ 73.1383359, 28.1577013, 0.0 ] ], [ [ 73.1415434, 28.1568135, 0.0 ], [ 73.1415665, 28.1568138, 0.0 ], [ 73.1415613, 28.1571171, 0.0 ], [ 73.1415382, 28.1571168, 0.0 ], [ 73.1415434, 28.1568135, 0.0 ] ], [ [ 73.1414874, 28.1568127, 0.0 ], [ 73.1415106, 28.1568131, 0.0 ], [ 73.1415053, 28.1571163, 0.0 ], [ 73.1414822, 28.157116, 0.0 ], [ 73.1414874, 28.1568127, 0.0 ] ], [ [ 73.141538, 28.1571252, 0.0 ], [ 73.1415612, 28.1571255, 0.0 ], [ 73.1415559, 28.1574288, 0.0 ], [ 73.1415328, 28.1574285, 0.0 ], [ 73.141538, 28.1571252, 0.0 ] ], [ [ 73.141482, 28.1571244, 0.0 ], [ 73.1415052, 28.1571247, 0.0 ], [ 73.1414999, 28.157428, 0.0 ], [ 73.1414768, 28.1574277, 0.0 ], [ 73.141482, 28.1571244, 0.0 ] ], [ [ 73.1414314, 28.156812, 0.0 ], [ 73.1414546, 28.1568123, 0.0 ], [ 73.1414493, 28.1571156, 0.0 ], [ 73.1414262, 28.1571153, 0.0 ], [ 73.1414314, 28.156812, 0.0 ] ], [ [ 73.1413754, 28.1568112, 0.0 ], [ 73.1413986, 28.1568115, 0.0 ], [ 73.1413933, 28.1571148, 0.0 ], [ 73.1413702, 28.1571145, 0.0 ], [ 73.1413754, 28.1568112, 0.0 ] ], [ [ 73.141426, 28.1571237, 0.0 ], [ 73.1414492, 28.157124, 0.0 ], [ 73.1414439, 28.1574273, 0.0 ], [ 73.1414208, 28.1574269, 0.0 ], [ 73.141426, 28.1571237, 0.0 ] ], [ [ 73.1413701, 28.1571229, 0.0 ], [ 73.1413932, 28.1571232, 0.0 ], [ 73.1413879, 28.1574265, 0.0 ], [ 73.1413648, 28.1574262, 0.0 ], [ 73.1413701, 28.1571229, 0.0 ] ], [ [ 73.1413195, 28.1568105, 0.0 ], [ 73.1413426, 28.1568108, 0.0 ], [ 73.1413373, 28.1571141, 0.0 ], [ 73.1413142, 28.1571137, 0.0 ], [ 73.1413195, 28.1568105, 0.0 ] ], [ [ 73.1412635, 28.1568097, 0.0 ], [ 73.1412866, 28.15681, 0.0 ], [ 73.1412814, 28.1571133, 0.0 ], [ 73.1412582, 28.157113, 0.0 ], [ 73.1412635, 28.1568097, 0.0 ] ], [ [ 73.1413141, 28.1571222, 0.0 ], [ 73.1413372, 28.1571225, 0.0 ], [ 73.141332, 28.1574257, 0.0 ], [ 73.1413088, 28.1574254, 0.0 ], [ 73.1413141, 28.1571222, 0.0 ] ], [ [ 73.1412581, 28.1571214, 0.0 ], [ 73.1412812, 28.1571217, 0.0 ], [ 73.141276, 28.157425, 0.0 ], [ 73.1412528, 28.1574247, 0.0 ], [ 73.1412581, 28.1571214, 0.0 ] ], [ [ 73.1412075, 28.1568089, 0.0 ], [ 73.1412306, 28.1568093, 0.0 ], [ 73.1412254, 28.1571125, 0.0 ], [ 73.1412022, 28.1571122, 0.0 ], [ 73.1412075, 28.1568089, 0.0 ] ], [ [ 73.1411515, 28.1568082, 0.0 ], [ 73.1411746, 28.1568085, 0.0 ], [ 73.1411694, 28.1571118, 0.0 ], [ 73.1411462, 28.1571115, 0.0 ], [ 73.1411515, 28.1568082, 0.0 ] ], [ [ 73.1412021, 28.1571206, 0.0 ], [ 73.1412252, 28.1571209, 0.0 ], [ 73.14122, 28.1574242, 0.0 ], [ 73.1411968, 28.1574239, 0.0 ], [ 73.1412021, 28.1571206, 0.0 ] ], [ [ 73.1411461, 28.1571199, 0.0 ], [ 73.1411692, 28.1571202, 0.0 ], [ 73.141164, 28.1574235, 0.0 ], [ 73.1411409, 28.1574231, 0.0 ], [ 73.1411461, 28.1571199, 0.0 ] ], [ [ 73.1410955, 28.1568074, 0.0 ], [ 73.1411186, 28.1568077, 0.0 ], [ 73.1411134, 28.157111, 0.0 ], [ 73.1410903, 28.1571107, 0.0 ], [ 73.1410955, 28.1568074, 0.0 ] ], [ [ 73.1410395, 28.1568067, 0.0 ], [ 73.1410626, 28.156807, 0.0 ], [ 73.1410574, 28.1571103, 0.0 ], [ 73.1410343, 28.1571099, 0.0 ], [ 73.1410395, 28.1568067, 0.0 ] ], [ [ 73.1410901, 28.1571191, 0.0 ], [ 73.1411132, 28.1571194, 0.0 ], [ 73.141108, 28.1574227, 0.0 ], [ 73.1410849, 28.1574224, 0.0 ], [ 73.1410901, 28.1571191, 0.0 ] ], [ [ 73.1410341, 28.1571184, 0.0 ], [ 73.1410572, 28.1571187, 0.0 ], [ 73.141052, 28.1574219, 0.0 ], [ 73.1410289, 28.1574216, 0.0 ], [ 73.1410341, 28.1571184, 0.0 ] ], [ [ 73.1409835, 28.1568059, 0.0 ], [ 73.1410066, 28.1568062, 0.0 ], [ 73.1410014, 28.1571095, 0.0 ], [ 73.1409783, 28.1571092, 0.0 ], [ 73.1409835, 28.1568059, 0.0 ] ], [ [ 73.1409275, 28.1568051, 0.0 ], [ 73.1409507, 28.1568055, 0.0 ], [ 73.1409454, 28.1571087, 0.0 ], [ 73.1409223, 28.1571084, 0.0 ], [ 73.1409275, 28.1568051, 0.0 ] ], [ [ 73.1409781, 28.1571176, 0.0 ], [ 73.1410013, 28.1571179, 0.0 ], [ 73.140996, 28.1574212, 0.0 ], [ 73.1409729, 28.1574209, 0.0 ], [ 73.1409781, 28.1571176, 0.0 ] ], [ [ 73.1409221, 28.1571168, 0.0 ], [ 73.1409453, 28.1571171, 0.0 ], [ 73.14094, 28.1574204, 0.0 ], [ 73.1409169, 28.1574201, 0.0 ], [ 73.1409221, 28.1571168, 0.0 ] ], [ [ 73.1408715, 28.1568044, 0.0 ], [ 73.1408947, 28.1568047, 0.0 ], [ 73.1408894, 28.157108, 0.0 ], [ 73.1408663, 28.1571077, 0.0 ], [ 73.1408715, 28.1568044, 0.0 ] ], [ [ 73.1408155, 28.1568036, 0.0 ], [ 73.1408387, 28.1568039, 0.0 ], [ 73.1408334, 28.1571072, 0.0 ], [ 73.1408103, 28.1571069, 0.0 ], [ 73.1408155, 28.1568036, 0.0 ] ], [ [ 73.1408661, 28.1571161, 0.0 ], [ 73.1408893, 28.1571164, 0.0 ], [ 73.140884, 28.1574197, 0.0 ], [ 73.1408609, 28.1574193, 0.0 ], [ 73.1408661, 28.1571161, 0.0 ] ], [ [ 73.1408102, 28.1571153, 0.0 ], [ 73.1408333, 28.1571156, 0.0 ], [ 73.140828, 28.1574189, 0.0 ], [ 73.1408049, 28.1574186, 0.0 ], [ 73.1408102, 28.1571153, 0.0 ] ], [ [ 73.1407596, 28.1568029, 0.0 ], [ 73.1407827, 28.1568032, 0.0 ], [ 73.1407774, 28.1571065, 0.0 ], [ 73.1407543, 28.1571061, 0.0 ], [ 73.1407596, 28.1568029, 0.0 ] ], [ [ 73.1407036, 28.1568021, 0.0 ], [ 73.1407267, 28.1568024, 0.0 ], [ 73.1407214, 28.1571057, 0.0 ], [ 73.1406983, 28.1571054, 0.0 ], [ 73.1407036, 28.1568021, 0.0 ] ], [ [ 73.1407542, 28.1571146, 0.0 ], [ 73.1407773, 28.1571149, 0.0 ], [ 73.1407721, 28.1574181, 0.0 ], [ 73.1407489, 28.1574178, 0.0 ], [ 73.1407542, 28.1571146, 0.0 ] ], [ [ 73.1406982, 28.1571138, 0.0 ], [ 73.1407213, 28.1571141, 0.0 ], [ 73.1407161, 28.1574174, 0.0 ], [ 73.1406929, 28.1574171, 0.0 ], [ 73.1406982, 28.1571138, 0.0 ] ], [ [ 73.1406476, 28.1568013, 0.0 ], [ 73.1406707, 28.1568017, 0.0 ], [ 73.1406655, 28.1571049, 0.0 ], [ 73.1406423, 28.1571046, 0.0 ], [ 73.1406476, 28.1568013, 0.0 ] ], [ [ 73.1405916, 28.1568006, 0.0 ], [ 73.1406147, 28.1568009, 0.0 ], [ 73.1406095, 28.1571042, 0.0 ], [ 73.1405863, 28.1571039, 0.0 ], [ 73.1405916, 28.1568006, 0.0 ] ], [ [ 73.1406422, 28.157113, 0.0 ], [ 73.1406653, 28.1571133, 0.0 ], [ 73.1406601, 28.1574166, 0.0 ], [ 73.1406369, 28.1574163, 0.0 ], [ 73.1406422, 28.157113, 0.0 ] ], [ [ 73.1405862, 28.1571123, 0.0 ], [ 73.1406093, 28.1571126, 0.0 ], [ 73.1406041, 28.1574159, 0.0 ], [ 73.140581, 28.1574155, 0.0 ], [ 73.1405862, 28.1571123, 0.0 ] ], [ [ 73.1405356, 28.1567998, 0.0 ], [ 73.1405587, 28.1568001, 0.0 ], [ 73.1405535, 28.1571034, 0.0 ], [ 73.1405303, 28.1571031, 0.0 ], [ 73.1405356, 28.1567998, 0.0 ] ], [ [ 73.1404796, 28.1567991, 0.0 ], [ 73.1405027, 28.1567994, 0.0 ], [ 73.1404975, 28.1571026, 0.0 ], [ 73.1404744, 28.1571023, 0.0 ], [ 73.1404796, 28.1567991, 0.0 ] ], [ [ 73.1405302, 28.1571115, 0.0 ], [ 73.1405533, 28.1571118, 0.0 ], [ 73.1405481, 28.1574151, 0.0 ], [ 73.140525, 28.1574148, 0.0 ], [ 73.1405302, 28.1571115, 0.0 ] ], [ [ 73.1404742, 28.1571108, 0.0 ], [ 73.1404973, 28.1571111, 0.0 ], [ 73.1404921, 28.1574143, 0.0 ], [ 73.140469, 28.157414, 0.0 ], [ 73.1404742, 28.1571108, 0.0 ] ], [ [ 73.1404236, 28.1567983, 0.0 ], [ 73.1404467, 28.1567986, 0.0 ], [ 73.1404415, 28.1571019, 0.0 ], [ 73.1404184, 28.1571016, 0.0 ], [ 73.1404236, 28.1567983, 0.0 ] ], [ [ 73.1403676, 28.1567975, 0.0 ], [ 73.1403907, 28.1567979, 0.0 ], [ 73.1403855, 28.1571011, 0.0 ], [ 73.1403624, 28.1571008, 0.0 ], [ 73.1403676, 28.1567975, 0.0 ] ], [ [ 73.1404182, 28.15711, 0.0 ], [ 73.1404414, 28.1571103, 0.0 ], [ 73.1404361, 28.1574136, 0.0 ], [ 73.140413, 28.1574133, 0.0 ], [ 73.1404182, 28.15711, 0.0 ] ], [ [ 73.1403622, 28.1571092, 0.0 ], [ 73.1403854, 28.1571095, 0.0 ], [ 73.1403801, 28.1574128, 0.0 ], [ 73.140357, 28.1574125, 0.0 ], [ 73.1403622, 28.1571092, 0.0 ] ], [ [ 73.1403116, 28.1567968, 0.0 ], [ 73.1403348, 28.1567971, 0.0 ], [ 73.1403295, 28.1571004, 0.0 ], [ 73.1403064, 28.1571001, 0.0 ], [ 73.1403116, 28.1567968, 0.0 ] ], [ [ 73.1402556, 28.156796, 0.0 ], [ 73.1402788, 28.1567963, 0.0 ], [ 73.1402735, 28.1570996, 0.0 ], [ 73.1402504, 28.1570993, 0.0 ], [ 73.1402556, 28.156796, 0.0 ] ], [ [ 73.1403062, 28.1571085, 0.0 ], [ 73.1403294, 28.1571088, 0.0 ], [ 73.1403241, 28.1574121, 0.0 ], [ 73.140301, 28.1574117, 0.0 ], [ 73.1403062, 28.1571085, 0.0 ] ], [ [ 73.1402503, 28.1571077, 0.0 ], [ 73.1402734, 28.157108, 0.0 ], [ 73.1402681, 28.1574113, 0.0 ], [ 73.140245, 28.157411, 0.0 ], [ 73.1402503, 28.1571077, 0.0 ] ], [ [ 73.1401997, 28.1567953, 0.0 ], [ 73.1402228, 28.1567956, 0.0 ], [ 73.1402175, 28.1570988, 0.0 ], [ 73.1401944, 28.1570985, 0.0 ], [ 73.1401997, 28.1567953, 0.0 ] ], [ [ 73.1401437, 28.1567945, 0.0 ], [ 73.1401668, 28.1567948, 0.0 ], [ 73.1401615, 28.1570981, 0.0 ], [ 73.1401384, 28.1570978, 0.0 ], [ 73.1401437, 28.1567945, 0.0 ] ], [ [ 73.1401943, 28.157107, 0.0 ], [ 73.1402174, 28.1571073, 0.0 ], [ 73.1402121, 28.1574105, 0.0 ], [ 73.140189, 28.1574102, 0.0 ], [ 73.1401943, 28.157107, 0.0 ] ], [ [ 73.1401383, 28.1571062, 0.0 ], [ 73.1401614, 28.1571065, 0.0 ], [ 73.1401562, 28.1574098, 0.0 ], [ 73.140133, 28.1574095, 0.0 ], [ 73.1401383, 28.1571062, 0.0 ] ], [ [ 73.1400877, 28.1567937, 0.0 ], [ 73.1401108, 28.1567941, 0.0 ], [ 73.1401056, 28.1570973, 0.0 ], [ 73.1400824, 28.157097, 0.0 ], [ 73.1400877, 28.1567937, 0.0 ] ], [ [ 73.1400317, 28.156793, 0.0 ], [ 73.1400548, 28.1567933, 0.0 ], [ 73.1400496, 28.1570966, 0.0 ], [ 73.1400264, 28.1570963, 0.0 ], [ 73.1400317, 28.156793, 0.0 ] ], [ [ 73.1400823, 28.1571054, 0.0 ], [ 73.1401054, 28.1571057, 0.0 ], [ 73.1401002, 28.157409, 0.0 ], [ 73.140077, 28.1574087, 0.0 ], [ 73.1400823, 28.1571054, 0.0 ] ], [ [ 73.1400263, 28.1571047, 0.0 ], [ 73.1400494, 28.157105, 0.0 ], [ 73.1400442, 28.1574083, 0.0 ], [ 73.140021, 28.1574079, 0.0 ], [ 73.1400263, 28.1571047, 0.0 ] ], [ [ 73.1399757, 28.1567922, 0.0 ], [ 73.1399988, 28.1567925, 0.0 ], [ 73.1399936, 28.1570958, 0.0 ], [ 73.1399704, 28.1570955, 0.0 ], [ 73.1399757, 28.1567922, 0.0 ] ], [ [ 73.1399197, 28.1567915, 0.0 ], [ 73.1399428, 28.1567918, 0.0 ], [ 73.1399376, 28.157095, 0.0 ], [ 73.1399145, 28.1570947, 0.0 ], [ 73.1399197, 28.1567915, 0.0 ] ], [ [ 73.1399703, 28.1571039, 0.0 ], [ 73.1399934, 28.1571042, 0.0 ], [ 73.1399882, 28.1574075, 0.0 ], [ 73.1399651, 28.1574072, 0.0 ], [ 73.1399703, 28.1571039, 0.0 ] ], [ [ 73.1399143, 28.1571031, 0.0 ], [ 73.1399374, 28.1571035, 0.0 ], [ 73.1399322, 28.1574067, 0.0 ], [ 73.1399091, 28.1574064, 0.0 ], [ 73.1399143, 28.1571031, 0.0 ] ], [ [ 73.1398637, 28.1567907, 0.0 ], [ 73.1398868, 28.156791, 0.0 ], [ 73.1398816, 28.1570943, 0.0 ], [ 73.1398585, 28.157094, 0.0 ], [ 73.1398637, 28.1567907, 0.0 ] ], [ [ 73.1398077, 28.1567899, 0.0 ], [ 73.1398308, 28.1567903, 0.0 ], [ 73.1398256, 28.1570935, 0.0 ], [ 73.1398025, 28.1570932, 0.0 ], [ 73.1398077, 28.1567899, 0.0 ] ], [ [ 73.1398583, 28.1571024, 0.0 ], [ 73.1398814, 28.1571027, 0.0 ], [ 73.1398762, 28.157406, 0.0 ], [ 73.1398531, 28.1574057, 0.0 ], [ 73.1398583, 28.1571024, 0.0 ] ], [ [ 73.1398023, 28.1571016, 0.0 ], [ 73.1398255, 28.1571019, 0.0 ], [ 73.1398202, 28.1574052, 0.0 ], [ 73.1397971, 28.1574049, 0.0 ], [ 73.1398023, 28.1571016, 0.0 ] ], [ [ 73.1397517, 28.1567892, 0.0 ], [ 73.1397749, 28.1567895, 0.0 ], [ 73.1397696, 28.1570928, 0.0 ], [ 73.1397465, 28.1570925, 0.0 ], [ 73.1397517, 28.1567892, 0.0 ] ], [ [ 73.1396957, 28.1567884, 0.0 ], [ 73.1397189, 28.1567887, 0.0 ], [ 73.1397136, 28.157092, 0.0 ], [ 73.1396905, 28.1570917, 0.0 ], [ 73.1396957, 28.1567884, 0.0 ] ], [ [ 73.1397463, 28.1571009, 0.0 ], [ 73.1397695, 28.1571012, 0.0 ], [ 73.1397642, 28.1574044, 0.0 ], [ 73.1397411, 28.1574041, 0.0 ], [ 73.1397463, 28.1571009, 0.0 ] ], [ [ 73.1396904, 28.1571001, 0.0 ], [ 73.1397135, 28.1571004, 0.0 ], [ 73.1397082, 28.1574037, 0.0 ], [ 73.1396851, 28.1574034, 0.0 ], [ 73.1396904, 28.1571001, 0.0 ] ], [ [ 73.1396398, 28.1567877, 0.0 ], [ 73.1396629, 28.156788, 0.0 ], [ 73.1396576, 28.1570912, 0.0 ], [ 73.1396345, 28.1570909, 0.0 ], [ 73.1396398, 28.1567877, 0.0 ] ], [ [ 73.1395838, 28.1567869, 0.0 ], [ 73.1396069, 28.1567872, 0.0 ], [ 73.1396016, 28.1570905, 0.0 ], [ 73.1395785, 28.1570902, 0.0 ], [ 73.1395838, 28.1567869, 0.0 ] ], [ [ 73.1396344, 28.1570993, 0.0 ], [ 73.1396575, 28.1570997, 0.0 ], [ 73.1396522, 28.1574029, 0.0 ], [ 73.1396291, 28.1574026, 0.0 ], [ 73.1396344, 28.1570993, 0.0 ] ], [ [ 73.1395784, 28.1570986, 0.0 ], [ 73.1396015, 28.1570989, 0.0 ], [ 73.1395963, 28.1574022, 0.0 ], [ 73.1395731, 28.1574019, 0.0 ], [ 73.1395784, 28.1570986, 0.0 ] ] ] } }
]
}
