{
"type": "FeatureCollection",
"name": "ITC-9 strings",
"bbox": [ 73.1402722, 28.1487415, 0.0000000, 73.1467017, 28.1543997, 0.0000000 ],                                                  
"features": [
{ "type": "Feature", "properties": { "id": "kml_21", "Name": "EDGE TRACKERS", "description": null, "timestamp": null, "begin": null, "end": null, "altitudeMode": null, "tessellate": -1, "extrude": 0, "visibility": -1, "drawOrder": null, "icon": null }, "bbox": [ 73.1425117, 28.1487719, 0.0, 73.1454807, 28.1518809, 0.0 ], "geometry": { "type": "MultiLineString", "coordinates": [ [ [ 73.1446844, 28.1500404, 0.0 ], [ 73.1447075, 28.1500407, 0.0 ], [ 73.1447023, 28.150344, 0.0 ], [ 73.1446792, 28.1503437, 0.0 ], [ 73.1446844, 28.1500404, 0.0 ] ], [ [ 73.1446284, 28.1500396, 0.0 ], [ 73.1446515, 28.1500399, 0.0 ], [ 73.1446463, 28.1503432, 0.0 ], [ 73.1446232, 28.1503429, 0.0 ], [ 73.1446284, 28.1500396, 0.0 ] ], [ [ 73.144679, 28.1503521, 0.0 ], [ 73.1447021, 28.1503524, 0.0 ], [ 73.1446969, 28.1506557, 0.0 ], [ 73.1446738, 28.1506553, 0.0 ], [ 73.144679, 28.1503521, 0.0 ] ], [ [ 73.144623, 28.1503513, 0.0 ], [ 73.1446462, 28.1503516, 0.0 ], [ 73.1446409, 28.1506549, 0.0 ], [ 73.1446178, 28.1506546, 0.0 ], [ 73.144623, 28.1503513, 0.0 ] ], [ [ 73.1454575, 28.1506705, 0.0 ], [ 73.1454807, 28.1506708, 0.0 ], [ 73.1454754, 28.1509741, 0.0 ], [ 73.1454523, 28.1509737, 0.0 ], [ 73.1454575, 28.1506705, 0.0 ] ], [ [ 73.1454015, 28.1506697, 0.0 ], [ 73.1454247, 28.15067, 0.0 ], [ 73.1454194, 28.1509733, 0.0 ], [ 73.1453963, 28.150973, 0.0 ], [ 73.1454015, 28.1506697, 0.0 ] ], [ [ 73.1454522, 28.1509822, 0.0 ], [ 73.1454753, 28.1509825, 0.0 ], [ 73.1454701, 28.1512857, 0.0 ], [ 73.1454469, 28.1512854, 0.0 ], [ 73.1454522, 28.1509822, 0.0 ] ], [ [ 73.1453962, 28.1509814, 0.0 ], [ 73.1454193, 28.1509817, 0.0 ], [ 73.1454141, 28.151285, 0.0 ], [ 73.1453909, 28.1512847, 0.0 ], [ 73.1453962, 28.1509814, 0.0 ] ], [ [ 73.1436553, 28.1512657, 0.0 ], [ 73.1436784, 28.151266, 0.0 ], [ 73.1436732, 28.1515692, 0.0 ], [ 73.14365, 28.1515689, 0.0 ], [ 73.1436553, 28.1512657, 0.0 ] ], [ [ 73.1435993, 28.1512649, 0.0 ], [ 73.1436224, 28.1512652, 0.0 ], [ 73.1436172, 28.1515685, 0.0 ], [ 73.143594, 28.1515682, 0.0 ], [ 73.1435993, 28.1512649, 0.0 ] ], [ [ 73.1436499, 28.1515774, 0.0 ], [ 73.143673, 28.1515777, 0.0 ], [ 73.1436678, 28.1518809, 0.0 ], [ 73.1436446, 28.1518806, 0.0 ], [ 73.1436499, 28.1515774, 0.0 ] ], [ [ 73.1435939, 28.1515766, 0.0 ], [ 73.143617, 28.1515769, 0.0 ], [ 73.1436118, 28.1518802, 0.0 ], [ 73.1435887, 28.1518799, 0.0 ], [ 73.1435939, 28.1515766, 0.0 ] ], [ [ 73.1430954, 28.1512581, 0.0 ], [ 73.1431185, 28.1512584, 0.0 ], [ 73.1431133, 28.1515617, 0.0 ], [ 73.1430901, 28.1515613, 0.0 ], [ 73.1430954, 28.1512581, 0.0 ] ], [ [ 73.1430394, 28.1512573, 0.0 ], [ 73.1430625, 28.1512576, 0.0 ], [ 73.1430573, 28.1515609, 0.0 ], [ 73.1430342, 28.1515606, 0.0 ], [ 73.1430394, 28.1512573, 0.0 ] ], [ [ 73.14309, 28.1515698, 0.0 ], [ 73.1431131, 28.1515701, 0.0 ], [ 73.1431079, 28.1518733, 0.0 ], [ 73.1430848, 28.151873, 0.0 ], [ 73.14309, 28.1515698, 0.0 ] ], [ [ 73.143034, 28.151569, 0.0 ], [ 73.1430571, 28.1515693, 0.0 ], [ 73.1430519, 28.1518726, 0.0 ], [ 73.1430288, 28.1518723, 0.0 ], [ 73.143034, 28.151569, 0.0 ] ], [ [ 73.1433514, 28.1494027, 0.0 ], [ 73.1433745, 28.149403, 0.0 ], [ 73.1433693, 28.1497063, 0.0 ], [ 73.1433462, 28.149706, 0.0 ], [ 73.1433514, 28.1494027, 0.0 ] ], [ [ 73.1432954, 28.149402, 0.0 ], [ 73.1433185, 28.1494023, 0.0 ], [ 73.1433133, 28.1497055, 0.0 ], [ 73.1432902, 28.1497052, 0.0 ], [ 73.1432954, 28.149402, 0.0 ] ], [ [ 73.143346, 28.1497144, 0.0 ], [ 73.1433691, 28.1497147, 0.0 ], [ 73.1433639, 28.150018, 0.0 ], [ 73.1433408, 28.1500177, 0.0 ], [ 73.143346, 28.1497144, 0.0 ] ], [ [ 73.14329, 28.1497136, 0.0 ], [ 73.1433132, 28.149714, 0.0 ], [ 73.1433079, 28.1500172, 0.0 ], [ 73.1432848, 28.1500169, 0.0 ], [ 73.14329, 28.1497136, 0.0 ] ], [ [ 73.1425783, 28.1487726, 0.0 ], [ 73.1426014, 28.1487729, 0.0 ], [ 73.1425962, 28.1490762, 0.0 ], [ 73.142573, 28.1490759, 0.0 ], [ 73.1425783, 28.1487726, 0.0 ] ], [ [ 73.1425223, 28.1487719, 0.0 ], [ 73.1425454, 28.1487722, 0.0 ], [ 73.1425402, 28.1490754, 0.0 ], [ 73.1425171, 28.1490751, 0.0 ], [ 73.1425223, 28.1487719, 0.0 ] ], [ [ 73.1425729, 28.1490843, 0.0 ], [ 73.142596, 28.1490846, 0.0 ], [ 73.1425908, 28.1493879, 0.0 ], [ 73.1425677, 28.1493876, 0.0 ], [ 73.1425729, 28.1490843, 0.0 ] ], [ [ 73.1425169, 28.1490836, 0.0 ], [ 73.14254, 28.1490839, 0.0 ], [ 73.1425348, 28.1493871, 0.0 ], [ 73.1425117, 28.1493868, 0.0 ], [ 73.1425169, 28.1490836, 0.0 ] ] ] } },
{ "type": "Feature", "properties": { "id": "kml_1", "Name": "TRACKERS", "description": null, "timestamp": null, "begin": null, "end": null, "altitudeMode": null, "tessellate": -1, "extrude": 0, "visibility": -1, "drawOrder": null, "icon": null }, "bbox": [ 73.1402722, 28.1487415, 0.0, 73.1467017, 28.1543997, 0.0 ], "geometry": { "type": "MultiLineString", "coordinates": [ [ [ 73.1432394, 28.1494012, 0.0 ], [ 73.1432626, 28.1494015, 0.0 ], [ 73.1432573, 28.1497048, 0.0 ], [ 73.1432342, 28.1497045, 0.0 ], [ 73.1432394, 28.1494012, 0.0 ] ], [ [ 73.1431834, 28.1494004, 0.0 ], [ 73.1432066, 28.1494008, 0.0 ], [ 73.1432013, 28.149704, 0.0 ], [ 73.1431782, 28.1497037, 0.0 ], [ 73.1431834, 28.1494004, 0.0 ] ], [ [ 73.143234, 28.1497129, 0.0 ], [ 73.1432572, 28.1497132, 0.0 ], [ 73.1432519, 28.1500165, 0.0 ], [ 73.1432288, 28.1500162, 0.0 ], [ 73.143234, 28.1497129, 0.0 ] ], [ [ 73.1431781, 28.1497121, 0.0 ], [ 73.1432012, 28.1497124, 0.0 ], [ 73.143196, 28.1500157, 0.0 ], [ 73.1431728, 28.1500154, 0.0 ], [ 73.1431781, 28.1497121, 0.0 ] ], [ [ 73.1432287, 28.1500207, 0.0 ], [ 73.1432519, 28.150021, 0.0 ], [ 73.1432466, 28.1503242, 0.0 ], [ 73.1432235, 28.1503239, 0.0 ], [ 73.1432287, 28.1500207, 0.0 ] ], [ [ 73.1431728, 28.1500199, 0.0 ], [ 73.1431959, 28.1500202, 0.0 ], [ 73.1431906, 28.1503235, 0.0 ], [ 73.1431675, 28.1503232, 0.0 ], [ 73.1431728, 28.1500199, 0.0 ] ], [ [ 73.1432234, 28.1503323, 0.0 ], [ 73.1432465, 28.1503327, 0.0 ], [ 73.1432413, 28.1506359, 0.0 ], [ 73.1432181, 28.1506356, 0.0 ], [ 73.1432234, 28.1503323, 0.0 ] ], [ [ 73.1431674, 28.1503316, 0.0 ], [ 73.1431905, 28.1503319, 0.0 ], [ 73.1431853, 28.1506352, 0.0 ], [ 73.1431621, 28.1506349, 0.0 ], [ 73.1431674, 28.1503316, 0.0 ] ], [ [ 73.143218, 28.1506401, 0.0 ], [ 73.1432412, 28.1506404, 0.0 ], [ 73.1432359, 28.1509437, 0.0 ], [ 73.1432128, 28.1509434, 0.0 ], [ 73.143218, 28.1506401, 0.0 ] ], [ [ 73.1431621, 28.1506394, 0.0 ], [ 73.1431852, 28.1506397, 0.0 ], [ 73.14318, 28.150943, 0.0 ], [ 73.1431568, 28.1509426, 0.0 ], [ 73.1431621, 28.1506394, 0.0 ] ], [ [ 73.1432127, 28.1509518, 0.0 ], [ 73.1432358, 28.1509521, 0.0 ], [ 73.1432306, 28.1512554, 0.0 ], [ 73.1432074, 28.1512551, 0.0 ], [ 73.1432127, 28.1509518, 0.0 ] ], [ [ 73.1431567, 28.1509511, 0.0 ], [ 73.1431798, 28.1509514, 0.0 ], [ 73.1431746, 28.1512546, 0.0 ], [ 73.1431514, 28.1512543, 0.0 ], [ 73.1431567, 28.1509511, 0.0 ] ], [ [ 73.1431275, 28.1493997, 0.0 ], [ 73.1431506, 28.1494, 0.0 ], [ 73.1431453, 28.1497033, 0.0 ], [ 73.1431222, 28.1497029, 0.0 ], [ 73.1431275, 28.1493997, 0.0 ] ], [ [ 73.1430715, 28.1493989, 0.0 ], [ 73.1430946, 28.1493992, 0.0 ], [ 73.1430894, 28.1497025, 0.0 ], [ 73.1430662, 28.1497022, 0.0 ], [ 73.1430715, 28.1493989, 0.0 ] ], [ [ 73.1431221, 28.1497114, 0.0 ], [ 73.1431452, 28.1497117, 0.0 ], [ 73.14314, 28.1500149, 0.0 ], [ 73.1431168, 28.1500146, 0.0 ], [ 73.1431221, 28.1497114, 0.0 ] ], [ [ 73.1430661, 28.1497106, 0.0 ], [ 73.1430892, 28.1497109, 0.0 ], [ 73.143084, 28.1500142, 0.0 ], [ 73.1430609, 28.1500139, 0.0 ], [ 73.1430661, 28.1497106, 0.0 ] ], [ [ 73.1424663, 28.1487711, 0.0 ], [ 73.1424894, 28.1487714, 0.0 ], [ 73.1424842, 28.1490747, 0.0 ], [ 73.1424611, 28.1490744, 0.0 ], [ 73.1424663, 28.1487711, 0.0 ] ], [ [ 73.1424103, 28.1487703, 0.0 ], [ 73.1424335, 28.1487707, 0.0 ], [ 73.1424282, 28.1490739, 0.0 ], [ 73.1424051, 28.1490736, 0.0 ], [ 73.1424103, 28.1487703, 0.0 ] ], [ [ 73.1424609, 28.1490828, 0.0 ], [ 73.1424841, 28.1490831, 0.0 ], [ 73.1424788, 28.1493864, 0.0 ], [ 73.1424557, 28.1493861, 0.0 ], [ 73.1424609, 28.1490828, 0.0 ] ], [ [ 73.1424049, 28.149082, 0.0 ], [ 73.1424281, 28.1490823, 0.0 ], [ 73.1424228, 28.1493856, 0.0 ], [ 73.1423997, 28.1493853, 0.0 ], [ 73.1424049, 28.149082, 0.0 ] ], [ [ 73.1411227, 28.1487529, 0.0 ], [ 73.1411458, 28.1487532, 0.0 ], [ 73.1411405, 28.1490565, 0.0 ], [ 73.1411174, 28.1490561, 0.0 ], [ 73.1411227, 28.1487529, 0.0 ] ], [ [ 73.1410667, 28.1487521, 0.0 ], [ 73.1410898, 28.1487524, 0.0 ], [ 73.1410846, 28.1490557, 0.0 ], [ 73.1410614, 28.1490554, 0.0 ], [ 73.1410667, 28.1487521, 0.0 ] ], [ [ 73.1411173, 28.1490646, 0.0 ], [ 73.1411404, 28.1490649, 0.0 ], [ 73.1411352, 28.1493681, 0.0 ], [ 73.141112, 28.1493678, 0.0 ], [ 73.1411173, 28.1490646, 0.0 ] ], [ [ 73.1410613, 28.1490638, 0.0 ], [ 73.1410844, 28.1490641, 0.0 ], [ 73.1410792, 28.1493674, 0.0 ], [ 73.141056, 28.1493671, 0.0 ], [ 73.1410613, 28.1490638, 0.0 ] ], [ [ 73.1403388, 28.1487422, 0.0 ], [ 73.140362, 28.1487426, 0.0 ], [ 73.1403567, 28.1490458, 0.0 ], [ 73.1403336, 28.1490455, 0.0 ], [ 73.1403388, 28.1487422, 0.0 ] ], [ [ 73.1402829, 28.1487415, 0.0 ], [ 73.140306, 28.1487418, 0.0 ], [ 73.1403007, 28.1490451, 0.0 ], [ 73.1402776, 28.1490447, 0.0 ], [ 73.1402829, 28.1487415, 0.0 ] ], [ [ 73.1403335, 28.1490539, 0.0 ], [ 73.1403566, 28.1490542, 0.0 ], [ 73.1403513, 28.1493575, 0.0 ], [ 73.1403282, 28.1493572, 0.0 ], [ 73.1403335, 28.1490539, 0.0 ] ], [ [ 73.1402775, 28.1490532, 0.0 ], [ 73.1403006, 28.1490535, 0.0 ], [ 73.1402954, 28.1493567, 0.0 ], [ 73.1402722, 28.1493564, 0.0 ], [ 73.1402775, 28.1490532, 0.0 ] ], [ [ 73.1410107, 28.1487514, 0.0 ], [ 73.1410338, 28.1487517, 0.0 ], [ 73.1410286, 28.1490549, 0.0 ], [ 73.1410054, 28.1490546, 0.0 ], [ 73.1410107, 28.1487514, 0.0 ] ], [ [ 73.1409547, 28.1487506, 0.0 ], [ 73.1409778, 28.1487509, 0.0 ], [ 73.1409726, 28.1490542, 0.0 ], [ 73.1409495, 28.1490539, 0.0 ], [ 73.1409547, 28.1487506, 0.0 ] ], [ [ 73.1410053, 28.149063, 0.0 ], [ 73.1410284, 28.1490634, 0.0 ], [ 73.1410232, 28.1493666, 0.0 ], [ 73.1410001, 28.1493663, 0.0 ], [ 73.1410053, 28.149063, 0.0 ] ], [ [ 73.1409493, 28.1490623, 0.0 ], [ 73.1409724, 28.1490626, 0.0 ], [ 73.1409672, 28.1493659, 0.0 ], [ 73.1409441, 28.1493656, 0.0 ], [ 73.1409493, 28.1490623, 0.0 ] ], [ [ 73.1408987, 28.1487498, 0.0 ], [ 73.1409218, 28.1487502, 0.0 ], [ 73.1409166, 28.1490534, 0.0 ], [ 73.1408935, 28.1490531, 0.0 ], [ 73.1408987, 28.1487498, 0.0 ] ], [ [ 73.1408427, 28.1487491, 0.0 ], [ 73.1408658, 28.1487494, 0.0 ], [ 73.1408606, 28.1490527, 0.0 ], [ 73.1408375, 28.1490523, 0.0 ], [ 73.1408427, 28.1487491, 0.0 ] ], [ [ 73.1408933, 28.1490615, 0.0 ], [ 73.1409165, 28.1490618, 0.0 ], [ 73.1409112, 28.1493651, 0.0 ], [ 73.1408881, 28.1493648, 0.0 ], [ 73.1408933, 28.1490615, 0.0 ] ], [ [ 73.1408373, 28.1490608, 0.0 ], [ 73.1408605, 28.1490611, 0.0 ], [ 73.1408552, 28.1493643, 0.0 ], [ 73.1408321, 28.149364, 0.0 ], [ 73.1408373, 28.1490608, 0.0 ] ], [ [ 73.1407867, 28.1487483, 0.0 ], [ 73.1408099, 28.1487486, 0.0 ], [ 73.1408046, 28.1490519, 0.0 ], [ 73.1407815, 28.1490516, 0.0 ], [ 73.1407867, 28.1487483, 0.0 ] ], [ [ 73.1407308, 28.1487476, 0.0 ], [ 73.1407539, 28.1487479, 0.0 ], [ 73.1407486, 28.1490511, 0.0 ], [ 73.1407255, 28.1490508, 0.0 ], [ 73.1407308, 28.1487476, 0.0 ] ], [ [ 73.1407814, 28.14906, 0.0 ], [ 73.1408045, 28.1490603, 0.0 ], [ 73.1407992, 28.1493636, 0.0 ], [ 73.1407761, 28.1493633, 0.0 ], [ 73.1407814, 28.14906, 0.0 ] ], [ [ 73.1407254, 28.1490592, 0.0 ], [ 73.1407485, 28.1490596, 0.0 ], [ 73.1407433, 28.1493628, 0.0 ], [ 73.1407201, 28.1493625, 0.0 ], [ 73.1407254, 28.1490592, 0.0 ] ], [ [ 73.1406748, 28.1487468, 0.0 ], [ 73.1406979, 28.1487471, 0.0 ], [ 73.1406927, 28.1490504, 0.0 ], [ 73.1406695, 28.1490501, 0.0 ], [ 73.1406748, 28.1487468, 0.0 ] ], [ [ 73.1406188, 28.148746, 0.0 ], [ 73.1406419, 28.1487464, 0.0 ], [ 73.1406367, 28.1490496, 0.0 ], [ 73.1406135, 28.1490493, 0.0 ], [ 73.1406188, 28.148746, 0.0 ] ], [ [ 73.1406694, 28.1490585, 0.0 ], [ 73.1406925, 28.1490588, 0.0 ], [ 73.1406873, 28.1493621, 0.0 ], [ 73.1406641, 28.1493618, 0.0 ], [ 73.1406694, 28.1490585, 0.0 ] ], [ [ 73.1406134, 28.1490577, 0.0 ], [ 73.1406365, 28.149058, 0.0 ], [ 73.1406313, 28.1493613, 0.0 ], [ 73.1406082, 28.149361, 0.0 ], [ 73.1406134, 28.1490577, 0.0 ] ], [ [ 73.1405628, 28.1487453, 0.0 ], [ 73.1405859, 28.1487456, 0.0 ], [ 73.1405807, 28.1490489, 0.0 ], [ 73.1405576, 28.1490485, 0.0 ], [ 73.1405628, 28.1487453, 0.0 ] ], [ [ 73.1405068, 28.1487445, 0.0 ], [ 73.1405299, 28.1487448, 0.0 ], [ 73.1405247, 28.1490481, 0.0 ], [ 73.1405016, 28.1490478, 0.0 ], [ 73.1405068, 28.1487445, 0.0 ] ], [ [ 73.1405574, 28.149057, 0.0 ], [ 73.1405805, 28.1490573, 0.0 ], [ 73.1405753, 28.1493605, 0.0 ], [ 73.1405522, 28.1493602, 0.0 ], [ 73.1405574, 28.149057, 0.0 ] ], [ [ 73.1405014, 28.1490562, 0.0 ], [ 73.1405245, 28.1490565, 0.0 ], [ 73.1405193, 28.1493598, 0.0 ], [ 73.1404962, 28.1493595, 0.0 ], [ 73.1405014, 28.1490562, 0.0 ] ], [ [ 73.1404508, 28.1487438, 0.0 ], [ 73.1404739, 28.1487441, 0.0 ], [ 73.1404687, 28.1490473, 0.0 ], [ 73.1404456, 28.149047, 0.0 ], [ 73.1404508, 28.1487438, 0.0 ] ], [ [ 73.1403948, 28.148743, 0.0 ], [ 73.140418, 28.1487433, 0.0 ], [ 73.1404127, 28.1490466, 0.0 ], [ 73.1403896, 28.1490463, 0.0 ], [ 73.1403948, 28.148743, 0.0 ] ], [ [ 73.1404454, 28.1490554, 0.0 ], [ 73.1404686, 28.1490558, 0.0 ], [ 73.1404633, 28.149359, 0.0 ], [ 73.1404402, 28.1493587, 0.0 ], [ 73.1404454, 28.1490554, 0.0 ] ], [ [ 73.1403894, 28.1490547, 0.0 ], [ 73.1404126, 28.149055, 0.0 ], [ 73.1404073, 28.1493583, 0.0 ], [ 73.1403842, 28.149358, 0.0 ], [ 73.1403894, 28.1490547, 0.0 ] ], [ [ 73.1412346, 28.1487544, 0.0 ], [ 73.1412578, 28.1487547, 0.0 ], [ 73.1412525, 28.149058, 0.0 ], [ 73.1412294, 28.1490577, 0.0 ], [ 73.1412346, 28.1487544, 0.0 ] ], [ [ 73.1411786, 28.1487536, 0.0 ], [ 73.1412018, 28.148754, 0.0 ], [ 73.1411965, 28.1490572, 0.0 ], [ 73.1411734, 28.1490569, 0.0 ], [ 73.1411786, 28.1487536, 0.0 ] ], [ [ 73.1412292, 28.1490661, 0.0 ], [ 73.1412524, 28.1490664, 0.0 ], [ 73.1412471, 28.1493697, 0.0 ], [ 73.141224, 28.1493694, 0.0 ], [ 73.1412292, 28.1490661, 0.0 ] ], [ [ 73.1411733, 28.1490653, 0.0 ], [ 73.1411964, 28.1490656, 0.0 ], [ 73.1411911, 28.1493689, 0.0 ], [ 73.141168, 28.1493686, 0.0 ], [ 73.1411733, 28.1490653, 0.0 ] ], [ [ 73.1413466, 28.1487559, 0.0 ], [ 73.1413697, 28.1487562, 0.0 ], [ 73.1413645, 28.1490595, 0.0 ], [ 73.1413414, 28.1490592, 0.0 ], [ 73.1413466, 28.1487559, 0.0 ] ], [ [ 73.1412906, 28.1487552, 0.0 ], [ 73.1413137, 28.1487555, 0.0 ], [ 73.1413085, 28.1490587, 0.0 ], [ 73.1412854, 28.1490584, 0.0 ], [ 73.1412906, 28.1487552, 0.0 ] ], [ [ 73.1413412, 28.1490676, 0.0 ], [ 73.1413643, 28.1490679, 0.0 ], [ 73.1413591, 28.1493712, 0.0 ], [ 73.141336, 28.1493709, 0.0 ], [ 73.1413412, 28.1490676, 0.0 ] ], [ [ 73.1412852, 28.1490668, 0.0 ], [ 73.1413084, 28.1490672, 0.0 ], [ 73.1413031, 28.1493704, 0.0 ], [ 73.14128, 28.1493701, 0.0 ], [ 73.1412852, 28.1490668, 0.0 ] ], [ [ 73.1466359, 28.1537845, 0.0 ], [ 73.146659, 28.1537848, 0.0 ], [ 73.1466538, 28.1540881, 0.0 ], [ 73.1466307, 28.1540877, 0.0 ], [ 73.1466359, 28.1537845, 0.0 ] ], [ [ 73.1465799, 28.1537837, 0.0 ], [ 73.146603, 28.153784, 0.0 ], [ 73.1465978, 28.1540873, 0.0 ], [ 73.1465747, 28.154087, 0.0 ], [ 73.1465799, 28.1537837, 0.0 ] ], [ [ 73.1466305, 28.1540962, 0.0 ], [ 73.1466536, 28.1540965, 0.0 ], [ 73.1466484, 28.1543997, 0.0 ], [ 73.1466253, 28.1543994, 0.0 ], [ 73.1466305, 28.1540962, 0.0 ] ], [ [ 73.1465745, 28.1540954, 0.0 ], [ 73.1465977, 28.1540957, 0.0 ], [ 73.1465924, 28.154399, 0.0 ], [ 73.1465693, 28.1543987, 0.0 ], [ 73.1465745, 28.1540954, 0.0 ] ], [ [ 73.1466466, 28.153165, 0.0 ], [ 73.1466697, 28.1531653, 0.0 ], [ 73.1466645, 28.1534686, 0.0 ], [ 73.1466413, 28.1534683, 0.0 ], [ 73.1466466, 28.153165, 0.0 ] ], [ [ 73.1465906, 28.1531642, 0.0 ], [ 73.1466137, 28.1531646, 0.0 ], [ 73.1466085, 28.1534678, 0.0 ], [ 73.1465853, 28.1534675, 0.0 ], [ 73.1465906, 28.1531642, 0.0 ] ], [ [ 73.1466412, 28.1534767, 0.0 ], [ 73.1466643, 28.153477, 0.0 ], [ 73.1466591, 28.1537803, 0.0 ], [ 73.146636, 28.15378, 0.0 ], [ 73.1466412, 28.1534767, 0.0 ] ], [ [ 73.1465852, 28.1534759, 0.0 ], [ 73.1466083, 28.1534762, 0.0 ], [ 73.1466031, 28.1537795, 0.0 ], [ 73.14658, 28.1537792, 0.0 ], [ 73.1465852, 28.1534759, 0.0 ] ], [ [ 73.1466572, 28.1525455, 0.0 ], [ 73.1466804, 28.1525459, 0.0 ], [ 73.1466751, 28.1528491, 0.0 ], [ 73.146652, 28.1528488, 0.0 ], [ 73.1466572, 28.1525455, 0.0 ] ], [ [ 73.1466012, 28.1525448, 0.0 ], [ 73.1466244, 28.1525451, 0.0 ], [ 73.1466191, 28.1528484, 0.0 ], [ 73.146596, 28.152848, 0.0 ], [ 73.1466012, 28.1525448, 0.0 ] ], [ [ 73.1466519, 28.1528572, 0.0 ], [ 73.146675, 28.1528575, 0.0 ], [ 73.1466698, 28.1531608, 0.0 ], [ 73.1466466, 28.1531605, 0.0 ], [ 73.1466519, 28.1528572, 0.0 ] ], [ [ 73.1465959, 28.1528565, 0.0 ], [ 73.146619, 28.1528568, 0.0 ], [ 73.1466138, 28.15316, 0.0 ], [ 73.1465906, 28.1531597, 0.0 ], [ 73.1465959, 28.1528565, 0.0 ] ], [ [ 73.1466679, 28.1519261, 0.0 ], [ 73.146691, 28.1519264, 0.0 ], [ 73.1466858, 28.1522297, 0.0 ], [ 73.1466627, 28.1522293, 0.0 ], [ 73.1466679, 28.1519261, 0.0 ] ], [ [ 73.1466119, 28.1519253, 0.0 ], [ 73.146635, 28.1519256, 0.0 ], [ 73.1466298, 28.1522289, 0.0 ], [ 73.1466067, 28.1522286, 0.0 ], [ 73.1466119, 28.1519253, 0.0 ] ], [ [ 73.1466625, 28.1522378, 0.0 ], [ 73.1466857, 28.1522381, 0.0 ], [ 73.1466804, 28.1525413, 0.0 ], [ 73.1466573, 28.152541, 0.0 ], [ 73.1466625, 28.1522378, 0.0 ] ], [ [ 73.1466065, 28.152237, 0.0 ], [ 73.1466297, 28.1522373, 0.0 ], [ 73.1466244, 28.1525406, 0.0 ], [ 73.1466013, 28.1525403, 0.0 ], [ 73.1466065, 28.152237, 0.0 ] ], [ [ 73.1466786, 28.1513066, 0.0 ], [ 73.1467017, 28.1513069, 0.0 ], [ 73.1466965, 28.1516102, 0.0 ], [ 73.1466733, 28.1516099, 0.0 ], [ 73.1466786, 28.1513066, 0.0 ] ], [ [ 73.1466226, 28.1513058, 0.0 ], [ 73.1466457, 28.1513062, 0.0 ], [ 73.1466405, 28.1516094, 0.0 ], [ 73.1466174, 28.1516091, 0.0 ], [ 73.1466226, 28.1513058, 0.0 ] ], [ [ 73.1466732, 28.1516183, 0.0 ], [ 73.1466963, 28.1516186, 0.0 ], [ 73.1466911, 28.1519219, 0.0 ], [ 73.146668, 28.1519216, 0.0 ], [ 73.1466732, 28.1516183, 0.0 ] ], [ [ 73.1466172, 28.1516175, 0.0 ], [ 73.1466403, 28.1516178, 0.0 ], [ 73.1466351, 28.1519211, 0.0 ], [ 73.146612, 28.1519208, 0.0 ], [ 73.1466172, 28.1516175, 0.0 ] ], [ [ 73.1465239, 28.153783, 0.0 ], [ 73.146547, 28.1537833, 0.0 ], [ 73.1465418, 28.1540865, 0.0 ], [ 73.1465187, 28.1540862, 0.0 ], [ 73.1465239, 28.153783, 0.0 ] ], [ [ 73.1464679, 28.1537822, 0.0 ], [ 73.1464911, 28.1537825, 0.0 ], [ 73.1464858, 28.1540858, 0.0 ], [ 73.1464627, 28.1540855, 0.0 ], [ 73.1464679, 28.1537822, 0.0 ] ], [ [ 73.1465185, 28.1540946, 0.0 ], [ 73.1465417, 28.154095, 0.0 ], [ 73.1465364, 28.1543982, 0.0 ], [ 73.1465133, 28.1543979, 0.0 ], [ 73.1465185, 28.1540946, 0.0 ] ], [ [ 73.1464626, 28.1540939, 0.0 ], [ 73.1464857, 28.1540942, 0.0 ], [ 73.1464805, 28.1543975, 0.0 ], [ 73.1464573, 28.1543972, 0.0 ], [ 73.1464626, 28.1540939, 0.0 ] ], [ [ 73.1465346, 28.1531635, 0.0 ], [ 73.1465577, 28.1531638, 0.0 ], [ 73.1465525, 28.1534671, 0.0 ], [ 73.1465294, 28.1534668, 0.0 ], [ 73.1465346, 28.1531635, 0.0 ] ], [ [ 73.1464786, 28.1531627, 0.0 ], [ 73.1465017, 28.153163, 0.0 ], [ 73.1464965, 28.1534663, 0.0 ], [ 73.1464734, 28.153466, 0.0 ], [ 73.1464786, 28.1531627, 0.0 ] ], [ [ 73.1465292, 28.1534752, 0.0 ], [ 73.1465523, 28.1534755, 0.0 ], [ 73.1465471, 28.1537788, 0.0 ], [ 73.146524, 28.1537784, 0.0 ], [ 73.1465292, 28.1534752, 0.0 ] ], [ [ 73.1464732, 28.1534744, 0.0 ], [ 73.1464964, 28.1534747, 0.0 ], [ 73.1464911, 28.153778, 0.0 ], [ 73.146468, 28.1537777, 0.0 ], [ 73.1464732, 28.1534744, 0.0 ] ], [ [ 73.1465453, 28.152544, 0.0 ], [ 73.1465684, 28.1525443, 0.0 ], [ 73.1465632, 28.1528476, 0.0 ], [ 73.14654, 28.1528473, 0.0 ], [ 73.1465453, 28.152544, 0.0 ] ], [ [ 73.1464893, 28.1525433, 0.0 ], [ 73.1465124, 28.1525436, 0.0 ], [ 73.1465072, 28.1528468, 0.0 ], [ 73.146484, 28.1528465, 0.0 ], [ 73.1464893, 28.1525433, 0.0 ] ], [ [ 73.1465399, 28.1528557, 0.0 ], [ 73.146563, 28.152856, 0.0 ], [ 73.1465578, 28.1531593, 0.0 ], [ 73.1465347, 28.153159, 0.0 ], [ 73.1465399, 28.1528557, 0.0 ] ], [ [ 73.1464839, 28.152855, 0.0 ], [ 73.146507, 28.1528553, 0.0 ], [ 73.1465018, 28.1531585, 0.0 ], [ 73.1464787, 28.1531582, 0.0 ], [ 73.1464839, 28.152855, 0.0 ] ], [ [ 73.1465559, 28.1519246, 0.0 ], [ 73.1465791, 28.1519249, 0.0 ], [ 73.1465738, 28.1522281, 0.0 ], [ 73.1465507, 28.1522278, 0.0 ], [ 73.1465559, 28.1519246, 0.0 ] ], [ [ 73.1464999, 28.1519238, 0.0 ], [ 73.1465231, 28.1519241, 0.0 ], [ 73.1465178, 28.1522274, 0.0 ], [ 73.1464947, 28.1522271, 0.0 ], [ 73.1464999, 28.1519238, 0.0 ] ], [ [ 73.1465506, 28.1522362, 0.0 ], [ 73.1465737, 28.1522366, 0.0 ], [ 73.1465685, 28.1525398, 0.0 ], [ 73.1465453, 28.1525395, 0.0 ], [ 73.1465506, 28.1522362, 0.0 ] ], [ [ 73.1464946, 28.1522355, 0.0 ], [ 73.1465177, 28.1522358, 0.0 ], [ 73.1465125, 28.1525391, 0.0 ], [ 73.1464893, 28.1525388, 0.0 ], [ 73.1464946, 28.1522355, 0.0 ] ], [ [ 73.1465666, 28.1513051, 0.0 ], [ 73.1465897, 28.1513054, 0.0 ], [ 73.1465845, 28.1516087, 0.0 ], [ 73.1465614, 28.1516084, 0.0 ], [ 73.1465666, 28.1513051, 0.0 ] ], [ [ 73.1465106, 28.1513043, 0.0 ], [ 73.1465337, 28.1513046, 0.0 ], [ 73.1465285, 28.1516079, 0.0 ], [ 73.1465054, 28.1516076, 0.0 ], [ 73.1465106, 28.1513043, 0.0 ] ], [ [ 73.1465612, 28.1516168, 0.0 ], [ 73.1465844, 28.1516171, 0.0 ], [ 73.1465791, 28.1519204, 0.0 ], [ 73.146556, 28.15192, 0.0 ], [ 73.1465612, 28.1516168, 0.0 ] ], [ [ 73.1465052, 28.151616, 0.0 ], [ 73.1465284, 28.1516163, 0.0 ], [ 73.1465231, 28.1519196, 0.0 ], [ 73.1465, 28.1519193, 0.0 ], [ 73.1465052, 28.151616, 0.0 ] ], [ [ 73.1464119, 28.1537814, 0.0 ], [ 73.1464351, 28.1537818, 0.0 ], [ 73.1464298, 28.154085, 0.0 ], [ 73.1464067, 28.1540847, 0.0 ], [ 73.1464119, 28.1537814, 0.0 ] ], [ [ 73.1463559, 28.1537807, 0.0 ], [ 73.1463791, 28.153781, 0.0 ], [ 73.1463738, 28.1540843, 0.0 ], [ 73.1463507, 28.154084, 0.0 ], [ 73.1463559, 28.1537807, 0.0 ] ], [ [ 73.1464066, 28.1540931, 0.0 ], [ 73.1464297, 28.1540934, 0.0 ], [ 73.1464245, 28.1543967, 0.0 ], [ 73.1464013, 28.1543964, 0.0 ], [ 73.1464066, 28.1540931, 0.0 ] ], [ [ 73.1463506, 28.1540924, 0.0 ], [ 73.1463737, 28.1540927, 0.0 ], [ 73.1463685, 28.1543959, 0.0 ], [ 73.1463453, 28.1543956, 0.0 ], [ 73.1463506, 28.1540924, 0.0 ] ], [ [ 73.1464226, 28.153162, 0.0 ], [ 73.1464457, 28.1531623, 0.0 ], [ 73.1464405, 28.1534656, 0.0 ], [ 73.1464174, 28.1534652, 0.0 ], [ 73.1464226, 28.153162, 0.0 ] ], [ [ 73.1463666, 28.1531612, 0.0 ], [ 73.1463897, 28.1531615, 0.0 ], [ 73.1463845, 28.1534648, 0.0 ], [ 73.1463614, 28.1534645, 0.0 ], [ 73.1463666, 28.1531612, 0.0 ] ], [ [ 73.1464172, 28.1534737, 0.0 ], [ 73.1464404, 28.153474, 0.0 ], [ 73.1464351, 28.1537772, 0.0 ], [ 73.146412, 28.1537769, 0.0 ], [ 73.1464172, 28.1534737, 0.0 ] ], [ [ 73.1463612, 28.1534729, 0.0 ], [ 73.1463844, 28.1534732, 0.0 ], [ 73.1463792, 28.1537765, 0.0 ], [ 73.146356, 28.1537762, 0.0 ], [ 73.1463612, 28.1534729, 0.0 ] ], [ [ 73.1464333, 28.1525425, 0.0 ], [ 73.1464564, 28.1525428, 0.0 ], [ 73.1464512, 28.1528461, 0.0 ], [ 73.1464281, 28.1528458, 0.0 ], [ 73.1464333, 28.1525425, 0.0 ] ], [ [ 73.1463773, 28.1525418, 0.0 ], [ 73.1464004, 28.1525421, 0.0 ], [ 73.1463952, 28.1528453, 0.0 ], [ 73.1463721, 28.152845, 0.0 ], [ 73.1463773, 28.1525418, 0.0 ] ], [ [ 73.1464279, 28.1528542, 0.0 ], [ 73.146451, 28.1528545, 0.0 ], [ 73.1464458, 28.1531578, 0.0 ], [ 73.1464227, 28.1531575, 0.0 ], [ 73.1464279, 28.1528542, 0.0 ] ], [ [ 73.1463719, 28.1528534, 0.0 ], [ 73.146395, 28.1528537, 0.0 ], [ 73.1463898, 28.153157, 0.0 ], [ 73.1463667, 28.1531567, 0.0 ], [ 73.1463719, 28.1528534, 0.0 ] ], [ [ 73.146444, 28.151923, 0.0 ], [ 73.1464671, 28.1519234, 0.0 ], [ 73.1464619, 28.1522266, 0.0 ], [ 73.1464387, 28.1522263, 0.0 ], [ 73.146444, 28.151923, 0.0 ] ], [ [ 73.146388, 28.1519223, 0.0 ], [ 73.1464111, 28.1519226, 0.0 ], [ 73.1464059, 28.1522259, 0.0 ], [ 73.1463827, 28.1522256, 0.0 ], [ 73.146388, 28.1519223, 0.0 ] ], [ [ 73.1464386, 28.1522347, 0.0 ], [ 73.1464617, 28.152235, 0.0 ], [ 73.1464565, 28.1525383, 0.0 ], [ 73.1464334, 28.152538, 0.0 ], [ 73.1464386, 28.1522347, 0.0 ] ], [ [ 73.1463826, 28.152234, 0.0 ], [ 73.1464057, 28.1522343, 0.0 ], [ 73.1464005, 28.1525376, 0.0 ], [ 73.1463774, 28.1525372, 0.0 ], [ 73.1463826, 28.152234, 0.0 ] ], [ [ 73.1464546, 28.1513036, 0.0 ], [ 73.1464777, 28.1513039, 0.0 ], [ 73.1464725, 28.1516072, 0.0 ], [ 73.1464494, 28.1516068, 0.0 ], [ 73.1464546, 28.1513036, 0.0 ] ], [ [ 73.1463986, 28.1513028, 0.0 ], [ 73.1464218, 28.1513031, 0.0 ], [ 73.1464165, 28.1516064, 0.0 ], [ 73.1463934, 28.1516061, 0.0 ], [ 73.1463986, 28.1513028, 0.0 ] ], [ [ 73.1464493, 28.1516153, 0.0 ], [ 73.1464724, 28.1516156, 0.0 ], [ 73.1464672, 28.1519188, 0.0 ], [ 73.146444, 28.1519185, 0.0 ], [ 73.1464493, 28.1516153, 0.0 ] ], [ [ 73.1463933, 28.1516145, 0.0 ], [ 73.1464164, 28.1516148, 0.0 ], [ 73.1464112, 28.1519181, 0.0 ], [ 73.146388, 28.1519178, 0.0 ], [ 73.1463933, 28.1516145, 0.0 ] ], [ [ 73.1463, 28.1537799, 0.0 ], [ 73.1463231, 28.1537802, 0.0 ], [ 73.1463179, 28.1540835, 0.0 ], [ 73.1462947, 28.1540832, 0.0 ], [ 73.1463, 28.1537799, 0.0 ] ], [ [ 73.146244, 28.1537792, 0.0 ], [ 73.1462671, 28.1537795, 0.0 ], [ 73.1462619, 28.1540827, 0.0 ], [ 73.1462387, 28.1540824, 0.0 ], [ 73.146244, 28.1537792, 0.0 ] ], [ [ 73.1462946, 28.1540916, 0.0 ], [ 73.1463177, 28.1540919, 0.0 ], [ 73.1463125, 28.1543952, 0.0 ], [ 73.1462894, 28.1543949, 0.0 ], [ 73.1462946, 28.1540916, 0.0 ] ], [ [ 73.1462386, 28.1540909, 0.0 ], [ 73.1462617, 28.1540912, 0.0 ], [ 73.1462565, 28.1543944, 0.0 ], [ 73.1462334, 28.1543941, 0.0 ], [ 73.1462386, 28.1540909, 0.0 ] ], [ [ 73.1463106, 28.1531605, 0.0 ], [ 73.1463338, 28.1531608, 0.0 ], [ 73.1463285, 28.153464, 0.0 ], [ 73.1463054, 28.1534637, 0.0 ], [ 73.1463106, 28.1531605, 0.0 ] ], [ [ 73.1462546, 28.1531597, 0.0 ], [ 73.1462778, 28.15316, 0.0 ], [ 73.1462725, 28.1534633, 0.0 ], [ 73.1462494, 28.153463, 0.0 ], [ 73.1462546, 28.1531597, 0.0 ] ], [ [ 73.1463053, 28.1534721, 0.0 ], [ 73.1463284, 28.1534725, 0.0 ], [ 73.1463232, 28.1537757, 0.0 ], [ 73.1463, 28.1537754, 0.0 ], [ 73.1463053, 28.1534721, 0.0 ] ], [ [ 73.1462493, 28.1534714, 0.0 ], [ 73.1462724, 28.1534717, 0.0 ], [ 73.1462672, 28.153775, 0.0 ], [ 73.146244, 28.1537747, 0.0 ], [ 73.1462493, 28.1534714, 0.0 ] ], [ [ 73.1463213, 28.152541, 0.0 ], [ 73.1463444, 28.1525413, 0.0 ], [ 73.1463392, 28.1528446, 0.0 ], [ 73.1463161, 28.1528443, 0.0 ], [ 73.1463213, 28.152541, 0.0 ] ], [ [ 73.1462653, 28.1525402, 0.0 ], [ 73.1462884, 28.1525405, 0.0 ], [ 73.1462832, 28.1528438, 0.0 ], [ 73.1462601, 28.1528435, 0.0 ], [ 73.1462653, 28.1525402, 0.0 ] ], [ [ 73.1463159, 28.1528527, 0.0 ], [ 73.1463391, 28.152853, 0.0 ], [ 73.1463338, 28.1531563, 0.0 ], [ 73.1463107, 28.1531559, 0.0 ], [ 73.1463159, 28.1528527, 0.0 ] ], [ [ 73.1462599, 28.1528519, 0.0 ], [ 73.1462831, 28.1528522, 0.0 ], [ 73.1462778, 28.1531555, 0.0 ], [ 73.1462547, 28.1531552, 0.0 ], [ 73.1462599, 28.1528519, 0.0 ] ], [ [ 73.146332, 28.1519215, 0.0 ], [ 73.1463551, 28.1519218, 0.0 ], [ 73.1463499, 28.1522251, 0.0 ], [ 73.1463267, 28.1522248, 0.0 ], [ 73.146332, 28.1519215, 0.0 ] ], [ [ 73.146276, 28.1519208, 0.0 ], [ 73.1462991, 28.1519211, 0.0 ], [ 73.1462939, 28.1522244, 0.0 ], [ 73.1462708, 28.152224, 0.0 ], [ 73.146276, 28.1519208, 0.0 ] ], [ [ 73.1463266, 28.1522332, 0.0 ], [ 73.1463497, 28.1522335, 0.0 ], [ 73.1463445, 28.1525368, 0.0 ], [ 73.1463214, 28.1525365, 0.0 ], [ 73.1463266, 28.1522332, 0.0 ] ], [ [ 73.1462706, 28.1522325, 0.0 ], [ 73.1462937, 28.1522328, 0.0 ], [ 73.1462885, 28.152536, 0.0 ], [ 73.1462654, 28.1525357, 0.0 ], [ 73.1462706, 28.1522325, 0.0 ] ], [ [ 73.1463426, 28.1513021, 0.0 ], [ 73.1463658, 28.1513024, 0.0 ], [ 73.1463606, 28.1516056, 0.0 ], [ 73.1463374, 28.1516053, 0.0 ], [ 73.1463426, 28.1513021, 0.0 ] ], [ [ 73.1462867, 28.1513013, 0.0 ], [ 73.1463098, 28.1513016, 0.0 ], [ 73.1463046, 28.1516049, 0.0 ], [ 73.1462814, 28.1516046, 0.0 ], [ 73.1462867, 28.1513013, 0.0 ] ], [ [ 73.1463373, 28.1516137, 0.0 ], [ 73.1463604, 28.1516141, 0.0 ], [ 73.1463552, 28.1519173, 0.0 ], [ 73.1463321, 28.151917, 0.0 ], [ 73.1463373, 28.1516137, 0.0 ] ], [ [ 73.1462813, 28.151613, 0.0 ], [ 73.1463044, 28.1516133, 0.0 ], [ 73.1462992, 28.1519166, 0.0 ], [ 73.1462761, 28.1519163, 0.0 ], [ 73.1462813, 28.151613, 0.0 ] ], [ [ 73.1461987, 28.1531589, 0.0 ], [ 73.1462218, 28.1531593, 0.0 ], [ 73.1462166, 28.1534625, 0.0 ], [ 73.1461934, 28.1534622, 0.0 ], [ 73.1461987, 28.1531589, 0.0 ] ], [ [ 73.1461427, 28.1531582, 0.0 ], [ 73.1461658, 28.1531585, 0.0 ], [ 73.1461606, 28.1534618, 0.0 ], [ 73.1461374, 28.1534615, 0.0 ], [ 73.1461427, 28.1531582, 0.0 ] ], [ [ 73.1461933, 28.1534706, 0.0 ], [ 73.1462164, 28.1534709, 0.0 ], [ 73.1462112, 28.1537742, 0.0 ], [ 73.1461881, 28.1537739, 0.0 ], [ 73.1461933, 28.1534706, 0.0 ] ], [ [ 73.1461373, 28.1534699, 0.0 ], [ 73.1461604, 28.1534702, 0.0 ], [ 73.1461552, 28.1537735, 0.0 ], [ 73.1461321, 28.1537731, 0.0 ], [ 73.1461373, 28.1534699, 0.0 ] ], [ [ 73.1462093, 28.1525395, 0.0 ], [ 73.1462325, 28.1525398, 0.0 ], [ 73.1462272, 28.1528431, 0.0 ], [ 73.1462041, 28.1528427, 0.0 ], [ 73.1462093, 28.1525395, 0.0 ] ], [ [ 73.1461533, 28.1525387, 0.0 ], [ 73.1461765, 28.152539, 0.0 ], [ 73.1461712, 28.1528423, 0.0 ], [ 73.1461481, 28.152842, 0.0 ], [ 73.1461533, 28.1525387, 0.0 ] ], [ [ 73.146204, 28.1528512, 0.0 ], [ 73.1462271, 28.1528515, 0.0 ], [ 73.1462219, 28.1531547, 0.0 ], [ 73.1461987, 28.1531544, 0.0 ], [ 73.146204, 28.1528512, 0.0 ] ], [ [ 73.146148, 28.1528504, 0.0 ], [ 73.1461711, 28.1528507, 0.0 ], [ 73.1461659, 28.153154, 0.0 ], [ 73.1461427, 28.1531537, 0.0 ], [ 73.146148, 28.1528504, 0.0 ] ], [ [ 73.14622, 28.15192, 0.0 ], [ 73.1462431, 28.1519203, 0.0 ], [ 73.1462379, 28.1522236, 0.0 ], [ 73.1462148, 28.1522233, 0.0 ], [ 73.14622, 28.15192, 0.0 ] ], [ [ 73.146164, 28.1519193, 0.0 ], [ 73.1461871, 28.1519196, 0.0 ], [ 73.1461819, 28.1522228, 0.0 ], [ 73.1461588, 28.1522225, 0.0 ], [ 73.146164, 28.1519193, 0.0 ] ], [ [ 73.1462146, 28.1522317, 0.0 ], [ 73.1462378, 28.152232, 0.0 ], [ 73.1462325, 28.1525353, 0.0 ], [ 73.1462094, 28.152535, 0.0 ], [ 73.1462146, 28.1522317, 0.0 ] ], [ [ 73.1461586, 28.1522309, 0.0 ], [ 73.1461818, 28.1522313, 0.0 ], [ 73.1461765, 28.1525345, 0.0 ], [ 73.1461534, 28.1525342, 0.0 ], [ 73.1461586, 28.1522309, 0.0 ] ], [ [ 73.1462307, 28.1513005, 0.0 ], [ 73.1462538, 28.1513009, 0.0 ], [ 73.1462486, 28.1516041, 0.0 ], [ 73.1462254, 28.1516038, 0.0 ], [ 73.1462307, 28.1513005, 0.0 ] ], [ [ 73.1461747, 28.1512998, 0.0 ], [ 73.1461978, 28.1513001, 0.0 ], [ 73.1461926, 28.1516034, 0.0 ], [ 73.1461695, 28.1516031, 0.0 ], [ 73.1461747, 28.1512998, 0.0 ] ], [ [ 73.1462253, 28.1516122, 0.0 ], [ 73.1462484, 28.1516125, 0.0 ], [ 73.1462432, 28.1519158, 0.0 ], [ 73.1462201, 28.1519155, 0.0 ], [ 73.1462253, 28.1516122, 0.0 ] ], [ [ 73.1461693, 28.1516115, 0.0 ], [ 73.1461924, 28.1516118, 0.0 ], [ 73.1461872, 28.1519151, 0.0 ], [ 73.1461641, 28.1519147, 0.0 ], [ 73.1461693, 28.1516115, 0.0 ] ], [ [ 73.1460867, 28.1531574, 0.0 ], [ 73.1461098, 28.1531577, 0.0 ], [ 73.1461046, 28.153461, 0.0 ], [ 73.1460815, 28.1534607, 0.0 ], [ 73.1460867, 28.1531574, 0.0 ] ], [ [ 73.1460307, 28.1531567, 0.0 ], [ 73.1460538, 28.153157, 0.0 ], [ 73.1460486, 28.1534603, 0.0 ], [ 73.1460255, 28.1534599, 0.0 ], [ 73.1460307, 28.1531567, 0.0 ] ], [ [ 73.1460813, 28.1534691, 0.0 ], [ 73.1461044, 28.1534694, 0.0 ], [ 73.1460992, 28.1537727, 0.0 ], [ 73.1460761, 28.1537724, 0.0 ], [ 73.1460813, 28.1534691, 0.0 ] ], [ [ 73.1460253, 28.1534684, 0.0 ], [ 73.1460484, 28.1534687, 0.0 ], [ 73.1460432, 28.1537719, 0.0 ], [ 73.1460201, 28.1537716, 0.0 ], [ 73.1460253, 28.1534684, 0.0 ] ], [ [ 73.1460974, 28.152538, 0.0 ], [ 73.1461205, 28.1525383, 0.0 ], [ 73.1461153, 28.1528415, 0.0 ], [ 73.1460921, 28.1528412, 0.0 ], [ 73.1460974, 28.152538, 0.0 ] ], [ [ 73.1460414, 28.1525372, 0.0 ], [ 73.1460645, 28.1525375, 0.0 ], [ 73.1460593, 28.1528408, 0.0 ], [ 73.1460361, 28.1528405, 0.0 ], [ 73.1460414, 28.1525372, 0.0 ] ], [ [ 73.146092, 28.1528496, 0.0 ], [ 73.1461151, 28.15285, 0.0 ], [ 73.1461099, 28.1531532, 0.0 ], [ 73.1460868, 28.1531529, 0.0 ], [ 73.146092, 28.1528496, 0.0 ] ], [ [ 73.146036, 28.1528489, 0.0 ], [ 73.1460591, 28.1528492, 0.0 ], [ 73.1460539, 28.1531525, 0.0 ], [ 73.1460308, 28.1531522, 0.0 ], [ 73.146036, 28.1528489, 0.0 ] ], [ [ 73.146108, 28.1519185, 0.0 ], [ 73.1461312, 28.1519188, 0.0 ], [ 73.1461259, 28.1522221, 0.0 ], [ 73.1461028, 28.1522218, 0.0 ], [ 73.146108, 28.1519185, 0.0 ] ], [ [ 73.146052, 28.1519177, 0.0 ], [ 73.1460752, 28.1519181, 0.0 ], [ 73.1460699, 28.1522213, 0.0 ], [ 73.1460468, 28.152221, 0.0 ], [ 73.146052, 28.1519177, 0.0 ] ], [ [ 73.1461027, 28.1522302, 0.0 ], [ 73.1461258, 28.1522305, 0.0 ], [ 73.1461206, 28.1525338, 0.0 ], [ 73.1460974, 28.1525335, 0.0 ], [ 73.1461027, 28.1522302, 0.0 ] ], [ [ 73.1460467, 28.1522294, 0.0 ], [ 73.1460698, 28.1522297, 0.0 ], [ 73.1460646, 28.152533, 0.0 ], [ 73.1460414, 28.1525327, 0.0 ], [ 73.1460467, 28.1522294, 0.0 ] ], [ [ 73.1461187, 28.151299, 0.0 ], [ 73.1461418, 28.1512993, 0.0 ], [ 73.1461366, 28.1516026, 0.0 ], [ 73.1461135, 28.1516023, 0.0 ], [ 73.1461187, 28.151299, 0.0 ] ], [ [ 73.1460627, 28.1512983, 0.0 ], [ 73.1460858, 28.1512986, 0.0 ], [ 73.1460806, 28.1516019, 0.0 ], [ 73.1460575, 28.1516015, 0.0 ], [ 73.1460627, 28.1512983, 0.0 ] ], [ [ 73.1461133, 28.1516107, 0.0 ], [ 73.1461365, 28.151611, 0.0 ], [ 73.1461312, 28.1519143, 0.0 ], [ 73.1461081, 28.151914, 0.0 ], [ 73.1461133, 28.1516107, 0.0 ] ], [ [ 73.1460573, 28.15161, 0.0 ], [ 73.1460805, 28.1516103, 0.0 ], [ 73.1460752, 28.1519135, 0.0 ], [ 73.1460521, 28.1519132, 0.0 ], [ 73.1460573, 28.15161, 0.0 ] ], [ [ 73.1459747, 28.1531559, 0.0 ], [ 73.1459978, 28.1531562, 0.0 ], [ 73.1459926, 28.1534595, 0.0 ], [ 73.1459695, 28.1534592, 0.0 ], [ 73.1459747, 28.1531559, 0.0 ] ], [ [ 73.1459187, 28.1531552, 0.0 ], [ 73.1459418, 28.1531555, 0.0 ], [ 73.1459366, 28.1534587, 0.0 ], [ 73.1459135, 28.1534584, 0.0 ], [ 73.1459187, 28.1531552, 0.0 ] ], [ [ 73.1459693, 28.1534676, 0.0 ], [ 73.1459925, 28.1534679, 0.0 ], [ 73.1459872, 28.1537712, 0.0 ], [ 73.1459641, 28.1537709, 0.0 ], [ 73.1459693, 28.1534676, 0.0 ] ], [ [ 73.1459133, 28.1534668, 0.0 ], [ 73.1459365, 28.1534672, 0.0 ], [ 73.1459312, 28.1537704, 0.0 ], [ 73.1459081, 28.1537701, 0.0 ], [ 73.1459133, 28.1534668, 0.0 ] ], [ [ 73.1459854, 28.1525364, 0.0 ], [ 73.1460085, 28.1525368, 0.0 ], [ 73.1460033, 28.15284, 0.0 ], [ 73.1459801, 28.1528397, 0.0 ], [ 73.1459854, 28.1525364, 0.0 ] ], [ [ 73.1459294, 28.1525357, 0.0 ], [ 73.1459525, 28.152536, 0.0 ], [ 73.1459473, 28.1528393, 0.0 ], [ 73.1459242, 28.152839, 0.0 ], [ 73.1459294, 28.1525357, 0.0 ] ], [ [ 73.14598, 28.1528481, 0.0 ], [ 73.1460031, 28.1528484, 0.0 ], [ 73.1459979, 28.1531517, 0.0 ], [ 73.1459748, 28.1531514, 0.0 ], [ 73.14598, 28.1528481, 0.0 ] ], [ [ 73.145924, 28.1528474, 0.0 ], [ 73.1459471, 28.1528477, 0.0 ], [ 73.1459419, 28.153151, 0.0 ], [ 73.1459188, 28.1531506, 0.0 ], [ 73.145924, 28.1528474, 0.0 ] ], [ [ 73.145996, 28.151917, 0.0 ], [ 73.1460192, 28.1519173, 0.0 ], [ 73.146014, 28.1522206, 0.0 ], [ 73.1459908, 28.1522202, 0.0 ], [ 73.145996, 28.151917, 0.0 ] ], [ [ 73.1459401, 28.1519162, 0.0 ], [ 73.1459632, 28.1519165, 0.0 ], [ 73.145958, 28.1522198, 0.0 ], [ 73.1459348, 28.1522195, 0.0 ], [ 73.1459401, 28.1519162, 0.0 ] ], [ [ 73.1459907, 28.1522287, 0.0 ], [ 73.1460138, 28.152229, 0.0 ], [ 73.1460086, 28.1525322, 0.0 ], [ 73.1459855, 28.1525319, 0.0 ], [ 73.1459907, 28.1522287, 0.0 ] ], [ [ 73.1459347, 28.1522279, 0.0 ], [ 73.1459578, 28.1522282, 0.0 ], [ 73.1459526, 28.1525315, 0.0 ], [ 73.1459295, 28.1525312, 0.0 ], [ 73.1459347, 28.1522279, 0.0 ] ], [ [ 73.1460067, 28.1512975, 0.0 ], [ 73.1460299, 28.1512978, 0.0 ], [ 73.1460246, 28.1516011, 0.0 ], [ 73.1460015, 28.1516008, 0.0 ], [ 73.1460067, 28.1512975, 0.0 ] ], [ [ 73.1459507, 28.1512968, 0.0 ], [ 73.1459739, 28.1512971, 0.0 ], [ 73.1459686, 28.1516003, 0.0 ], [ 73.1459455, 28.1516, 0.0 ], [ 73.1459507, 28.1512968, 0.0 ] ], [ [ 73.1460014, 28.1516092, 0.0 ], [ 73.1460245, 28.1516095, 0.0 ], [ 73.1460193, 28.1519128, 0.0 ], [ 73.1459961, 28.1519125, 0.0 ], [ 73.1460014, 28.1516092, 0.0 ] ], [ [ 73.1459454, 28.1516084, 0.0 ], [ 73.1459685, 28.1516088, 0.0 ], [ 73.1459633, 28.151912, 0.0 ], [ 73.1459401, 28.1519117, 0.0 ], [ 73.1459454, 28.1516084, 0.0 ] ], [ [ 73.1458627, 28.1531544, 0.0 ], [ 73.1458859, 28.1531547, 0.0 ], [ 73.1458806, 28.153458, 0.0 ], [ 73.1458575, 28.1534577, 0.0 ], [ 73.1458627, 28.1531544, 0.0 ] ], [ [ 73.1458067, 28.1531536, 0.0 ], [ 73.1458299, 28.153154, 0.0 ], [ 73.1458246, 28.1534572, 0.0 ], [ 73.1458015, 28.1534569, 0.0 ], [ 73.1458067, 28.1531536, 0.0 ] ], [ [ 73.1458574, 28.1534661, 0.0 ], [ 73.1458805, 28.1534664, 0.0 ], [ 73.1458753, 28.1537697, 0.0 ], [ 73.1458521, 28.1537694, 0.0 ], [ 73.1458574, 28.1534661, 0.0 ] ], [ [ 73.1458014, 28.1534653, 0.0 ], [ 73.1458245, 28.1534656, 0.0 ], [ 73.1458193, 28.1537689, 0.0 ], [ 73.1457961, 28.1537686, 0.0 ], [ 73.1458014, 28.1534653, 0.0 ] ], [ [ 73.1458734, 28.1525349, 0.0 ], [ 73.1458965, 28.1525352, 0.0 ], [ 73.1458913, 28.1528385, 0.0 ], [ 73.1458682, 28.1528382, 0.0 ], [ 73.1458734, 28.1525349, 0.0 ] ], [ [ 73.1458174, 28.1525342, 0.0 ], [ 73.1458405, 28.1525345, 0.0 ], [ 73.1458353, 28.1528378, 0.0 ], [ 73.1458122, 28.1528374, 0.0 ], [ 73.1458174, 28.1525342, 0.0 ] ], [ [ 73.145868, 28.1528466, 0.0 ], [ 73.1458912, 28.1528469, 0.0 ], [ 73.1458859, 28.1531502, 0.0 ], [ 73.1458628, 28.1531499, 0.0 ], [ 73.145868, 28.1528466, 0.0 ] ], [ [ 73.145812, 28.1528459, 0.0 ], [ 73.1458352, 28.1528462, 0.0 ], [ 73.1458299, 28.1531494, 0.0 ], [ 73.1458068, 28.1531491, 0.0 ], [ 73.145812, 28.1528459, 0.0 ] ], [ [ 73.1458841, 28.1519155, 0.0 ], [ 73.1459072, 28.1519158, 0.0 ], [ 73.145902, 28.152219, 0.0 ], [ 73.1458788, 28.1522187, 0.0 ], [ 73.1458841, 28.1519155, 0.0 ] ], [ [ 73.1458281, 28.1519147, 0.0 ], [ 73.1458512, 28.151915, 0.0 ], [ 73.145846, 28.1522183, 0.0 ], [ 73.1458229, 28.152218, 0.0 ], [ 73.1458281, 28.1519147, 0.0 ] ], [ [ 73.1458787, 28.1522272, 0.0 ], [ 73.1459018, 28.1522275, 0.0 ], [ 73.1458966, 28.1525307, 0.0 ], [ 73.1458735, 28.1525304, 0.0 ], [ 73.1458787, 28.1522272, 0.0 ] ], [ [ 73.1458227, 28.1522264, 0.0 ], [ 73.1458458, 28.1522267, 0.0 ], [ 73.1458406, 28.15253, 0.0 ], [ 73.1458175, 28.1525297, 0.0 ], [ 73.1458227, 28.1522264, 0.0 ] ], [ [ 73.1458947, 28.151296, 0.0 ], [ 73.1459179, 28.1512963, 0.0 ], [ 73.1459127, 28.1515996, 0.0 ], [ 73.1458895, 28.1515993, 0.0 ], [ 73.1458947, 28.151296, 0.0 ] ], [ [ 73.1458388, 28.1512952, 0.0 ], [ 73.1458619, 28.1512956, 0.0 ], [ 73.1458567, 28.1515988, 0.0 ], [ 73.1458335, 28.1515985, 0.0 ], [ 73.1458388, 28.1512952, 0.0 ] ], [ [ 73.1458894, 28.1516077, 0.0 ], [ 73.1459125, 28.151608, 0.0 ], [ 73.1459073, 28.1519113, 0.0 ], [ 73.1458842, 28.151911, 0.0 ], [ 73.1458894, 28.1516077, 0.0 ] ], [ [ 73.1458334, 28.1516069, 0.0 ], [ 73.1458565, 28.1516072, 0.0 ], [ 73.1458513, 28.1519105, 0.0 ], [ 73.1458282, 28.1519102, 0.0 ], [ 73.1458334, 28.1516069, 0.0 ] ], [ [ 73.1457507, 28.1531529, 0.0 ], [ 73.1457739, 28.1531532, 0.0 ], [ 73.1457686, 28.1534565, 0.0 ], [ 73.1457455, 28.1534561, 0.0 ], [ 73.1457507, 28.1531529, 0.0 ] ], [ [ 73.1456948, 28.1531521, 0.0 ], [ 73.1457179, 28.1531524, 0.0 ], [ 73.1457127, 28.1534557, 0.0 ], [ 73.1456895, 28.1534554, 0.0 ], [ 73.1456948, 28.1531521, 0.0 ] ], [ [ 73.1457454, 28.1534646, 0.0 ], [ 73.1457685, 28.1534649, 0.0 ], [ 73.1457633, 28.1537681, 0.0 ], [ 73.1457401, 28.1537678, 0.0 ], [ 73.1457454, 28.1534646, 0.0 ] ], [ [ 73.1456894, 28.1534638, 0.0 ], [ 73.1457125, 28.1534641, 0.0 ], [ 73.1457073, 28.1537674, 0.0 ], [ 73.1456842, 28.1537671, 0.0 ], [ 73.1456894, 28.1534638, 0.0 ] ], [ [ 73.1457614, 28.1525334, 0.0 ], [ 73.1457846, 28.1525337, 0.0 ], [ 73.1457793, 28.152837, 0.0 ], [ 73.1457562, 28.1528367, 0.0 ], [ 73.1457614, 28.1525334, 0.0 ] ], [ [ 73.1457054, 28.1525327, 0.0 ], [ 73.1457286, 28.152533, 0.0 ], [ 73.1457233, 28.1528362, 0.0 ], [ 73.1457002, 28.1528359, 0.0 ], [ 73.1457054, 28.1525327, 0.0 ] ], [ [ 73.1457561, 28.1528451, 0.0 ], [ 73.1457792, 28.1528454, 0.0 ], [ 73.145774, 28.1531487, 0.0 ], [ 73.1457508, 28.1531484, 0.0 ], [ 73.1457561, 28.1528451, 0.0 ] ], [ [ 73.1457001, 28.1528443, 0.0 ], [ 73.1457232, 28.1528447, 0.0 ], [ 73.145718, 28.1531479, 0.0 ], [ 73.1456948, 28.1531476, 0.0 ], [ 73.1457001, 28.1528443, 0.0 ] ], [ [ 73.1457721, 28.1519139, 0.0 ], [ 73.1457952, 28.1519143, 0.0 ], [ 73.14579, 28.1522175, 0.0 ], [ 73.1457669, 28.1522172, 0.0 ], [ 73.1457721, 28.1519139, 0.0 ] ], [ [ 73.1457161, 28.1519132, 0.0 ], [ 73.1457392, 28.1519135, 0.0 ], [ 73.145734, 28.1522168, 0.0 ], [ 73.1457109, 28.1522165, 0.0 ], [ 73.1457161, 28.1519132, 0.0 ] ], [ [ 73.1457667, 28.1522256, 0.0 ], [ 73.1457899, 28.1522259, 0.0 ], [ 73.1457846, 28.1525292, 0.0 ], [ 73.1457615, 28.1525289, 0.0 ], [ 73.1457667, 28.1522256, 0.0 ] ], [ [ 73.1457107, 28.1522249, 0.0 ], [ 73.1457339, 28.1522252, 0.0 ], [ 73.1457286, 28.1525285, 0.0 ], [ 73.1457055, 28.1525281, 0.0 ], [ 73.1457107, 28.1522249, 0.0 ] ], [ [ 73.1457828, 28.1512945, 0.0 ], [ 73.1458059, 28.1512948, 0.0 ], [ 73.1458007, 28.1515981, 0.0 ], [ 73.1457775, 28.1515978, 0.0 ], [ 73.1457828, 28.1512945, 0.0 ] ], [ [ 73.1457268, 28.1512937, 0.0 ], [ 73.1457499, 28.151294, 0.0 ], [ 73.1457447, 28.1515973, 0.0 ], [ 73.1457216, 28.151597, 0.0 ], [ 73.1457268, 28.1512937, 0.0 ] ], [ [ 73.1457774, 28.1516062, 0.0 ], [ 73.1458005, 28.1516065, 0.0 ], [ 73.1457953, 28.1519098, 0.0 ], [ 73.1457722, 28.1519094, 0.0 ], [ 73.1457774, 28.1516062, 0.0 ] ], [ [ 73.1457214, 28.1516054, 0.0 ], [ 73.1457445, 28.1516057, 0.0 ], [ 73.1457393, 28.151909, 0.0 ], [ 73.1457162, 28.1519087, 0.0 ], [ 73.1457214, 28.1516054, 0.0 ] ], [ [ 73.1456388, 28.1531514, 0.0 ], [ 73.1456619, 28.1531517, 0.0 ], [ 73.1456567, 28.1534549, 0.0 ], [ 73.1456335, 28.1534546, 0.0 ], [ 73.1456388, 28.1531514, 0.0 ] ], [ [ 73.1455828, 28.1531506, 0.0 ], [ 73.1456059, 28.1531509, 0.0 ], [ 73.1456007, 28.1534542, 0.0 ], [ 73.1455776, 28.1534539, 0.0 ], [ 73.1455828, 28.1531506, 0.0 ] ], [ [ 73.1456334, 28.153463, 0.0 ], [ 73.1456565, 28.1534634, 0.0 ], [ 73.1456513, 28.1537666, 0.0 ], [ 73.1456282, 28.1537663, 0.0 ], [ 73.1456334, 28.153463, 0.0 ] ], [ [ 73.1455774, 28.1534623, 0.0 ], [ 73.1456005, 28.1534626, 0.0 ], [ 73.1455953, 28.1537659, 0.0 ], [ 73.1455722, 28.1537656, 0.0 ], [ 73.1455774, 28.1534623, 0.0 ] ], [ [ 73.1456494, 28.1525319, 0.0 ], [ 73.1456726, 28.1525322, 0.0 ], [ 73.1456673, 28.1528355, 0.0 ], [ 73.1456442, 28.1528352, 0.0 ], [ 73.1456494, 28.1525319, 0.0 ] ], [ [ 73.1455935, 28.1525311, 0.0 ], [ 73.1456166, 28.1525315, 0.0 ], [ 73.1456114, 28.1528347, 0.0 ], [ 73.1455882, 28.1528344, 0.0 ], [ 73.1455935, 28.1525311, 0.0 ] ], [ [ 73.1456441, 28.1528436, 0.0 ], [ 73.1456672, 28.1528439, 0.0 ], [ 73.145662, 28.1531472, 0.0 ], [ 73.1456388, 28.1531469, 0.0 ], [ 73.1456441, 28.1528436, 0.0 ] ], [ [ 73.1455881, 28.1528428, 0.0 ], [ 73.1456112, 28.1528431, 0.0 ], [ 73.145606, 28.1531464, 0.0 ], [ 73.1455829, 28.1531461, 0.0 ], [ 73.1455881, 28.1528428, 0.0 ] ], [ [ 73.1456601, 28.1519124, 0.0 ], [ 73.1456833, 28.1519127, 0.0 ], [ 73.145678, 28.152216, 0.0 ], [ 73.1456549, 28.1522157, 0.0 ], [ 73.1456601, 28.1519124, 0.0 ] ], [ [ 73.1456041, 28.1519117, 0.0 ], [ 73.1456273, 28.151912, 0.0 ], [ 73.145622, 28.1522153, 0.0 ], [ 73.1455989, 28.1522149, 0.0 ], [ 73.1456041, 28.1519117, 0.0 ] ], [ [ 73.1456548, 28.1522241, 0.0 ], [ 73.1456779, 28.1522244, 0.0 ], [ 73.1456727, 28.1525277, 0.0 ], [ 73.1456495, 28.1525274, 0.0 ], [ 73.1456548, 28.1522241, 0.0 ] ], [ [ 73.1455988, 28.1522234, 0.0 ], [ 73.1456219, 28.1522237, 0.0 ], [ 73.1456167, 28.1525269, 0.0 ], [ 73.1455935, 28.1525266, 0.0 ], [ 73.1455988, 28.1522234, 0.0 ] ], [ [ 73.1456708, 28.151293, 0.0 ], [ 73.1456939, 28.1512933, 0.0 ], [ 73.1456887, 28.1515965, 0.0 ], [ 73.1456656, 28.1515962, 0.0 ], [ 73.1456708, 28.151293, 0.0 ] ], [ [ 73.1456148, 28.1512922, 0.0 ], [ 73.1456379, 28.1512925, 0.0 ], [ 73.1456327, 28.1515958, 0.0 ], [ 73.1456096, 28.1515955, 0.0 ], [ 73.1456148, 28.1512922, 0.0 ] ], [ [ 73.1456654, 28.1516047, 0.0 ], [ 73.1456886, 28.151605, 0.0 ], [ 73.1456833, 28.1519082, 0.0 ], [ 73.1456602, 28.1519079, 0.0 ], [ 73.1456654, 28.1516047, 0.0 ] ], [ [ 73.1456094, 28.1516039, 0.0 ], [ 73.1456326, 28.1516042, 0.0 ], [ 73.1456273, 28.1519075, 0.0 ], [ 73.1456042, 28.1519072, 0.0 ], [ 73.1456094, 28.1516039, 0.0 ] ], [ [ 73.1455268, 28.1531498, 0.0 ], [ 73.1455499, 28.1531502, 0.0 ], [ 73.1455447, 28.1534534, 0.0 ], [ 73.1455216, 28.1534531, 0.0 ], [ 73.1455268, 28.1531498, 0.0 ] ], [ [ 73.1454708, 28.1531491, 0.0 ], [ 73.1454939, 28.1531494, 0.0 ], [ 73.1454887, 28.1534527, 0.0 ], [ 73.1454656, 28.1534524, 0.0 ], [ 73.1454708, 28.1531491, 0.0 ] ], [ [ 73.1455214, 28.1534615, 0.0 ], [ 73.1455445, 28.1534618, 0.0 ], [ 73.1455393, 28.1537651, 0.0 ], [ 73.1455162, 28.1537648, 0.0 ], [ 73.1455214, 28.1534615, 0.0 ] ], [ [ 73.1454654, 28.1534608, 0.0 ], [ 73.1454886, 28.1534611, 0.0 ], [ 73.1454833, 28.1537644, 0.0 ], [ 73.1454602, 28.153764, 0.0 ], [ 73.1454654, 28.1534608, 0.0 ] ], [ [ 73.1455375, 28.1525304, 0.0 ], [ 73.1455606, 28.1525307, 0.0 ], [ 73.1455554, 28.152834, 0.0 ], [ 73.1455322, 28.1528337, 0.0 ], [ 73.1455375, 28.1525304, 0.0 ] ], [ [ 73.1454815, 28.1525296, 0.0 ], [ 73.1455046, 28.1525299, 0.0 ], [ 73.1454994, 28.1528332, 0.0 ], [ 73.1454763, 28.1528329, 0.0 ], [ 73.1454815, 28.1525296, 0.0 ] ], [ [ 73.1455321, 28.1528421, 0.0 ], [ 73.1455552, 28.1528424, 0.0 ], [ 73.14555, 28.1531456, 0.0 ], [ 73.1455269, 28.1531453, 0.0 ], [ 73.1455321, 28.1528421, 0.0 ] ], [ [ 73.1454761, 28.1528413, 0.0 ], [ 73.1454992, 28.1528416, 0.0 ], [ 73.145494, 28.1531449, 0.0 ], [ 73.1454709, 28.1531446, 0.0 ], [ 73.1454761, 28.1528413, 0.0 ] ], [ [ 73.1455481, 28.1519109, 0.0 ], [ 73.1455713, 28.1519112, 0.0 ], [ 73.145566, 28.1522145, 0.0 ], [ 73.1455429, 28.1522142, 0.0 ], [ 73.1455481, 28.1519109, 0.0 ] ], [ [ 73.1454922, 28.1519102, 0.0 ], [ 73.1455153, 28.1519105, 0.0 ], [ 73.1455101, 28.1522137, 0.0 ], [ 73.1454869, 28.1522134, 0.0 ], [ 73.1454922, 28.1519102, 0.0 ] ], [ [ 73.1455428, 28.1522226, 0.0 ], [ 73.1455659, 28.1522229, 0.0 ], [ 73.1455607, 28.1525262, 0.0 ], [ 73.1455375, 28.1525259, 0.0 ], [ 73.1455428, 28.1522226, 0.0 ] ], [ [ 73.1454868, 28.1522218, 0.0 ], [ 73.1455099, 28.1522222, 0.0 ], [ 73.1455047, 28.1525254, 0.0 ], [ 73.1454816, 28.1525251, 0.0 ], [ 73.1454868, 28.1522218, 0.0 ] ], [ [ 73.1455588, 28.1512915, 0.0 ], [ 73.145582, 28.1512918, 0.0 ], [ 73.1455767, 28.151595, 0.0 ], [ 73.1455536, 28.1515947, 0.0 ], [ 73.1455588, 28.1512915, 0.0 ] ], [ [ 73.1455028, 28.1512907, 0.0 ], [ 73.145526, 28.151291, 0.0 ], [ 73.1455207, 28.1515943, 0.0 ], [ 73.1454976, 28.151594, 0.0 ], [ 73.1455028, 28.1512907, 0.0 ] ], [ [ 73.1455535, 28.1516031, 0.0 ], [ 73.1455766, 28.1516035, 0.0 ], [ 73.1455714, 28.1519067, 0.0 ], [ 73.1455482, 28.1519064, 0.0 ], [ 73.1455535, 28.1516031, 0.0 ] ], [ [ 73.1454975, 28.1516024, 0.0 ], [ 73.1455206, 28.1516027, 0.0 ], [ 73.1455154, 28.151906, 0.0 ], [ 73.1454922, 28.1519056, 0.0 ], [ 73.1454975, 28.1516024, 0.0 ] ], [ [ 73.1454148, 28.1531483, 0.0 ], [ 73.1454379, 28.1531486, 0.0 ], [ 73.1454327, 28.1534519, 0.0 ], [ 73.1454096, 28.1534516, 0.0 ], [ 73.1454148, 28.1531483, 0.0 ] ], [ [ 73.1453588, 28.1531476, 0.0 ], [ 73.145382, 28.1531479, 0.0 ], [ 73.1453767, 28.1534512, 0.0 ], [ 73.1453536, 28.1534508, 0.0 ], [ 73.1453588, 28.1531476, 0.0 ] ], [ [ 73.1454094, 28.15346, 0.0 ], [ 73.1454326, 28.1534603, 0.0 ], [ 73.1454273, 28.1537636, 0.0 ], [ 73.1454042, 28.1537633, 0.0 ], [ 73.1454094, 28.15346, 0.0 ] ], [ [ 73.1453535, 28.1534593, 0.0 ], [ 73.1453766, 28.1534596, 0.0 ], [ 73.1453714, 28.1537628, 0.0 ], [ 73.1453482, 28.1537625, 0.0 ], [ 73.1453535, 28.1534593, 0.0 ] ], [ [ 73.1454255, 28.1525289, 0.0 ], [ 73.1454486, 28.1525292, 0.0 ], [ 73.1454434, 28.1528324, 0.0 ], [ 73.1454203, 28.1528321, 0.0 ], [ 73.1454255, 28.1525289, 0.0 ] ], [ [ 73.1453695, 28.1525281, 0.0 ], [ 73.1453926, 28.1525284, 0.0 ], [ 73.1453874, 28.1528317, 0.0 ], [ 73.1453643, 28.1528314, 0.0 ], [ 73.1453695, 28.1525281, 0.0 ] ], [ [ 73.1454201, 28.1528406, 0.0 ], [ 73.1454433, 28.1528409, 0.0 ], [ 73.145438, 28.1531441, 0.0 ], [ 73.1454149, 28.1531438, 0.0 ], [ 73.1454201, 28.1528406, 0.0 ] ], [ [ 73.1453641, 28.1528398, 0.0 ], [ 73.1453873, 28.1528401, 0.0 ], [ 73.145382, 28.1531434, 0.0 ], [ 73.1453589, 28.1531431, 0.0 ], [ 73.1453641, 28.1528398, 0.0 ] ], [ [ 73.1454362, 28.1519094, 0.0 ], [ 73.1454593, 28.1519097, 0.0 ], [ 73.1454541, 28.152213, 0.0 ], [ 73.1454309, 28.1522127, 0.0 ], [ 73.1454362, 28.1519094, 0.0 ] ], [ [ 73.1453802, 28.1519086, 0.0 ], [ 73.1454033, 28.151909, 0.0 ], [ 73.1453981, 28.1522122, 0.0 ], [ 73.145375, 28.1522119, 0.0 ], [ 73.1453802, 28.1519086, 0.0 ] ], [ [ 73.1454308, 28.1522211, 0.0 ], [ 73.1454539, 28.1522214, 0.0 ], [ 73.1454487, 28.1525247, 0.0 ], [ 73.1454256, 28.1525244, 0.0 ], [ 73.1454308, 28.1522211, 0.0 ] ], [ [ 73.1453748, 28.1522203, 0.0 ], [ 73.1453979, 28.1522206, 0.0 ], [ 73.1453927, 28.1525239, 0.0 ], [ 73.1453696, 28.1525236, 0.0 ], [ 73.1453748, 28.1522203, 0.0 ] ], [ [ 73.1454468, 28.1512899, 0.0 ], [ 73.14547, 28.1512902, 0.0 ], [ 73.1454648, 28.1515935, 0.0 ], [ 73.1454416, 28.1515932, 0.0 ], [ 73.1454468, 28.1512899, 0.0 ] ], [ [ 73.1453909, 28.1512892, 0.0 ], [ 73.145414, 28.1512895, 0.0 ], [ 73.1454088, 28.1515928, 0.0 ], [ 73.1453856, 28.1515924, 0.0 ], [ 73.1453909, 28.1512892, 0.0 ] ], [ [ 73.1454415, 28.1516016, 0.0 ], [ 73.1454646, 28.1516019, 0.0 ], [ 73.1454594, 28.1519052, 0.0 ], [ 73.1454362, 28.1519049, 0.0 ], [ 73.1454415, 28.1516016, 0.0 ] ], [ [ 73.1453855, 28.1516009, 0.0 ], [ 73.1454086, 28.1516012, 0.0 ], [ 73.1454034, 28.1519044, 0.0 ], [ 73.1453803, 28.1519041, 0.0 ], [ 73.1453855, 28.1516009, 0.0 ] ], [ [ 73.1453028, 28.1531468, 0.0 ], [ 73.145326, 28.1531471, 0.0 ], [ 73.1453207, 28.1534504, 0.0 ], [ 73.1452976, 28.1534501, 0.0 ], [ 73.1453028, 28.1531468, 0.0 ] ], [ [ 73.1452469, 28.1531461, 0.0 ], [ 73.14527, 28.1531464, 0.0 ], [ 73.1452648, 28.1534496, 0.0 ], [ 73.1452416, 28.1534493, 0.0 ], [ 73.1452469, 28.1531461, 0.0 ] ], [ [ 73.1452975, 28.1534585, 0.0 ], [ 73.1453206, 28.1534588, 0.0 ], [ 73.1453154, 28.1537621, 0.0 ], [ 73.1452922, 28.1537618, 0.0 ], [ 73.1452975, 28.1534585, 0.0 ] ], [ [ 73.1452415, 28.1534577, 0.0 ], [ 73.1452646, 28.1534581, 0.0 ], [ 73.1452594, 28.1537613, 0.0 ], [ 73.1452363, 28.153761, 0.0 ], [ 73.1452415, 28.1534577, 0.0 ] ], [ [ 73.1453135, 28.1525273, 0.0 ], [ 73.1453366, 28.1525277, 0.0 ], [ 73.1453314, 28.1528309, 0.0 ], [ 73.1453083, 28.1528306, 0.0 ], [ 73.1453135, 28.1525273, 0.0 ] ], [ [ 73.1452575, 28.1525266, 0.0 ], [ 73.1452807, 28.1525269, 0.0 ], [ 73.1452754, 28.1528302, 0.0 ], [ 73.1452523, 28.1528299, 0.0 ], [ 73.1452575, 28.1525266, 0.0 ] ], [ [ 73.1453081, 28.152839, 0.0 ], [ 73.1453313, 28.1528393, 0.0 ], [ 73.145326, 28.1531426, 0.0 ], [ 73.1453029, 28.1531423, 0.0 ], [ 73.1453081, 28.152839, 0.0 ] ], [ [ 73.1452522, 28.1528383, 0.0 ], [ 73.1452753, 28.1528386, 0.0 ], [ 73.1452701, 28.1531419, 0.0 ], [ 73.1452469, 28.1531415, 0.0 ], [ 73.1452522, 28.1528383, 0.0 ] ], [ [ 73.1453242, 28.1519079, 0.0 ], [ 73.1453473, 28.1519082, 0.0 ], [ 73.1453421, 28.1522115, 0.0 ], [ 73.145319, 28.1522112, 0.0 ], [ 73.1453242, 28.1519079, 0.0 ] ], [ [ 73.1452682, 28.1519071, 0.0 ], [ 73.1452913, 28.1519074, 0.0 ], [ 73.1452861, 28.1522107, 0.0 ], [ 73.145263, 28.1522104, 0.0 ], [ 73.1452682, 28.1519071, 0.0 ] ], [ [ 73.1453188, 28.1522196, 0.0 ], [ 73.145342, 28.1522199, 0.0 ], [ 73.1453367, 28.1525232, 0.0 ], [ 73.1453136, 28.1525228, 0.0 ], [ 73.1453188, 28.1522196, 0.0 ] ], [ [ 73.1452628, 28.1522188, 0.0 ], [ 73.145286, 28.1522191, 0.0 ], [ 73.1452807, 28.1525224, 0.0 ], [ 73.1452576, 28.1525221, 0.0 ], [ 73.1452628, 28.1522188, 0.0 ] ], [ [ 73.1453349, 28.1512884, 0.0 ], [ 73.145358, 28.1512887, 0.0 ], [ 73.1453528, 28.151592, 0.0 ], [ 73.1453296, 28.1515917, 0.0 ], [ 73.1453349, 28.1512884, 0.0 ] ], [ [ 73.1452789, 28.1512877, 0.0 ], [ 73.145302, 28.151288, 0.0 ], [ 73.1452968, 28.1515912, 0.0 ], [ 73.1452737, 28.1515909, 0.0 ], [ 73.1452789, 28.1512877, 0.0 ] ], [ [ 73.1453295, 28.1516001, 0.0 ], [ 73.1453526, 28.1516004, 0.0 ], [ 73.1453474, 28.1519037, 0.0 ], [ 73.1453243, 28.1519034, 0.0 ], [ 73.1453295, 28.1516001, 0.0 ] ], [ [ 73.1452735, 28.1515993, 0.0 ], [ 73.1452966, 28.1515997, 0.0 ], [ 73.1452914, 28.1519029, 0.0 ], [ 73.1452683, 28.1519026, 0.0 ], [ 73.1452735, 28.1515993, 0.0 ] ], [ [ 73.1453456, 28.150669, 0.0 ], [ 73.1453687, 28.1506693, 0.0 ], [ 73.1453635, 28.1509725, 0.0 ], [ 73.1453403, 28.1509722, 0.0 ], [ 73.1453456, 28.150669, 0.0 ] ], [ [ 73.1452896, 28.1506682, 0.0 ], [ 73.1453127, 28.1506685, 0.0 ], [ 73.1453075, 28.1509718, 0.0 ], [ 73.1452843, 28.1509715, 0.0 ], [ 73.1452896, 28.1506682, 0.0 ] ], [ [ 73.1453402, 28.1509806, 0.0 ], [ 73.1453633, 28.150981, 0.0 ], [ 73.1453581, 28.1512842, 0.0 ], [ 73.145335, 28.1512839, 0.0 ], [ 73.1453402, 28.1509806, 0.0 ] ], [ [ 73.1452842, 28.1509799, 0.0 ], [ 73.1453073, 28.1509802, 0.0 ], [ 73.1453021, 28.1512835, 0.0 ], [ 73.145279, 28.1512831, 0.0 ], [ 73.1452842, 28.1509799, 0.0 ] ], [ [ 73.1451909, 28.1531453, 0.0 ], [ 73.145214, 28.1531456, 0.0 ], [ 73.1452088, 28.1534489, 0.0 ], [ 73.1451856, 28.1534486, 0.0 ], [ 73.1451909, 28.1531453, 0.0 ] ], [ [ 73.1451349, 28.1531445, 0.0 ], [ 73.145158, 28.1531449, 0.0 ], [ 73.1451528, 28.1534481, 0.0 ], [ 73.1451296, 28.1534478, 0.0 ], [ 73.1451349, 28.1531445, 0.0 ] ], [ [ 73.1451855, 28.153457, 0.0 ], [ 73.1452086, 28.1534573, 0.0 ], [ 73.1452034, 28.1537606, 0.0 ], [ 73.1451803, 28.1537603, 0.0 ], [ 73.1451855, 28.153457, 0.0 ] ], [ [ 73.1451295, 28.1534562, 0.0 ], [ 73.1451526, 28.1534565, 0.0 ], [ 73.1451474, 28.1537598, 0.0 ], [ 73.1451243, 28.1537595, 0.0 ], [ 73.1451295, 28.1534562, 0.0 ] ], [ [ 73.1452015, 28.1525258, 0.0 ], [ 73.1452247, 28.1525261, 0.0 ], [ 73.1452194, 28.1528294, 0.0 ], [ 73.1451963, 28.1528291, 0.0 ], [ 73.1452015, 28.1525258, 0.0 ] ], [ [ 73.1451456, 28.1525251, 0.0 ], [ 73.1451687, 28.1525254, 0.0 ], [ 73.1451635, 28.1528287, 0.0 ], [ 73.1451403, 28.1528283, 0.0 ], [ 73.1451456, 28.1525251, 0.0 ] ], [ [ 73.1451962, 28.1528375, 0.0 ], [ 73.1452193, 28.1528378, 0.0 ], [ 73.1452141, 28.1531411, 0.0 ], [ 73.1451909, 28.1531408, 0.0 ], [ 73.1451962, 28.1528375, 0.0 ] ], [ [ 73.1451402, 28.1528368, 0.0 ], [ 73.1451633, 28.1528371, 0.0 ], [ 73.1451581, 28.1531403, 0.0 ], [ 73.145135, 28.15314, 0.0 ], [ 73.1451402, 28.1528368, 0.0 ] ], [ [ 73.1452122, 28.1519064, 0.0 ], [ 73.1452353, 28.1519067, 0.0 ], [ 73.1452301, 28.1522099, 0.0 ], [ 73.145207, 28.1522096, 0.0 ], [ 73.1452122, 28.1519064, 0.0 ] ], [ [ 73.1451562, 28.1519056, 0.0 ], [ 73.1451794, 28.1519059, 0.0 ], [ 73.1451741, 28.1522092, 0.0 ], [ 73.145151, 28.1522089, 0.0 ], [ 73.1451562, 28.1519056, 0.0 ] ], [ [ 73.1452068, 28.1522181, 0.0 ], [ 73.14523, 28.1522184, 0.0 ], [ 73.1452247, 28.1525216, 0.0 ], [ 73.1452016, 28.1525213, 0.0 ], [ 73.1452068, 28.1522181, 0.0 ] ], [ [ 73.1451509, 28.1522173, 0.0 ], [ 73.145174, 28.1522176, 0.0 ], [ 73.1451688, 28.1525209, 0.0 ], [ 73.1451456, 28.1525206, 0.0 ], [ 73.1451509, 28.1522173, 0.0 ] ], [ [ 73.1452229, 28.1512869, 0.0 ], [ 73.145246, 28.1512872, 0.0 ], [ 73.1452408, 28.1515905, 0.0 ], [ 73.1452177, 28.1515902, 0.0 ], [ 73.1452229, 28.1512869, 0.0 ] ], [ [ 73.1451669, 28.1512861, 0.0 ], [ 73.14519, 28.1512865, 0.0 ], [ 73.1451848, 28.1515897, 0.0 ], [ 73.1451617, 28.1515894, 0.0 ], [ 73.1451669, 28.1512861, 0.0 ] ], [ [ 73.1452175, 28.1515986, 0.0 ], [ 73.1452407, 28.1515989, 0.0 ], [ 73.1452354, 28.1519022, 0.0 ], [ 73.1452123, 28.1519019, 0.0 ], [ 73.1452175, 28.1515986, 0.0 ] ], [ [ 73.1451615, 28.1515978, 0.0 ], [ 73.1451847, 28.1515981, 0.0 ], [ 73.1451794, 28.1519014, 0.0 ], [ 73.1451563, 28.1519011, 0.0 ], [ 73.1451615, 28.1515978, 0.0 ] ], [ [ 73.1452336, 28.1506674, 0.0 ], [ 73.1452567, 28.1506678, 0.0 ], [ 73.1452515, 28.150971, 0.0 ], [ 73.1452284, 28.1509707, 0.0 ], [ 73.1452336, 28.1506674, 0.0 ] ], [ [ 73.1451776, 28.1506667, 0.0 ], [ 73.1452007, 28.150667, 0.0 ], [ 73.1451955, 28.1509703, 0.0 ], [ 73.1451724, 28.1509699, 0.0 ], [ 73.1451776, 28.1506667, 0.0 ] ], [ [ 73.1452282, 28.1509791, 0.0 ], [ 73.1452513, 28.1509794, 0.0 ], [ 73.1452461, 28.1512827, 0.0 ], [ 73.145223, 28.1512824, 0.0 ], [ 73.1452282, 28.1509791, 0.0 ] ], [ [ 73.1451722, 28.1509784, 0.0 ], [ 73.1451953, 28.1509787, 0.0 ], [ 73.1451901, 28.1512819, 0.0 ], [ 73.145167, 28.1512816, 0.0 ], [ 73.1451722, 28.1509784, 0.0 ] ], [ [ 73.1450789, 28.1531438, 0.0 ], [ 73.145102, 28.1531441, 0.0 ], [ 73.1450968, 28.1534474, 0.0 ], [ 73.1450737, 28.1534471, 0.0 ], [ 73.1450789, 28.1531438, 0.0 ] ], [ [ 73.1450229, 28.153143, 0.0 ], [ 73.145046, 28.1531433, 0.0 ], [ 73.1450408, 28.1534466, 0.0 ], [ 73.1450177, 28.1534463, 0.0 ], [ 73.1450229, 28.153143, 0.0 ] ], [ [ 73.1450735, 28.1534555, 0.0 ], [ 73.1450966, 28.1534558, 0.0 ], [ 73.1450914, 28.153759, 0.0 ], [ 73.1450683, 28.1537587, 0.0 ], [ 73.1450735, 28.1534555, 0.0 ] ], [ [ 73.1450175, 28.1534547, 0.0 ], [ 73.1450407, 28.153455, 0.0 ], [ 73.1450354, 28.1537583, 0.0 ], [ 73.1450123, 28.153758, 0.0 ], [ 73.1450175, 28.1534547, 0.0 ] ], [ [ 73.1450896, 28.1525243, 0.0 ], [ 73.1451127, 28.1525246, 0.0 ], [ 73.1451075, 28.1528279, 0.0 ], [ 73.1450843, 28.1528276, 0.0 ], [ 73.1450896, 28.1525243, 0.0 ] ], [ [ 73.1450336, 28.1525236, 0.0 ], [ 73.1450567, 28.1525239, 0.0 ], [ 73.1450515, 28.1528271, 0.0 ], [ 73.1450284, 28.1528268, 0.0 ], [ 73.1450336, 28.1525236, 0.0 ] ], [ [ 73.1450842, 28.152836, 0.0 ], [ 73.1451073, 28.1528363, 0.0 ], [ 73.1451021, 28.1531396, 0.0 ], [ 73.145079, 28.1531393, 0.0 ], [ 73.1450842, 28.152836, 0.0 ] ], [ [ 73.1450282, 28.1528352, 0.0 ], [ 73.1450513, 28.1528356, 0.0 ], [ 73.1450461, 28.1531388, 0.0 ], [ 73.145023, 28.1531385, 0.0 ], [ 73.1450282, 28.1528352, 0.0 ] ], [ [ 73.1451002, 28.1519049, 0.0 ], [ 73.1451234, 28.1519052, 0.0 ], [ 73.1451181, 28.1522084, 0.0 ], [ 73.145095, 28.1522081, 0.0 ], [ 73.1451002, 28.1519049, 0.0 ] ], [ [ 73.1450443, 28.1519041, 0.0 ], [ 73.1450674, 28.1519044, 0.0 ], [ 73.1450622, 28.1522077, 0.0 ], [ 73.145039, 28.1522074, 0.0 ], [ 73.1450443, 28.1519041, 0.0 ] ], [ [ 73.1450949, 28.1522165, 0.0 ], [ 73.145118, 28.1522169, 0.0 ], [ 73.1451128, 28.1525201, 0.0 ], [ 73.1450896, 28.1525198, 0.0 ], [ 73.1450949, 28.1522165, 0.0 ] ], [ [ 73.1450389, 28.1522158, 0.0 ], [ 73.145062, 28.1522161, 0.0 ], [ 73.1450568, 28.1525194, 0.0 ], [ 73.1450337, 28.152519, 0.0 ], [ 73.1450389, 28.1522158, 0.0 ] ], [ [ 73.1451109, 28.1512854, 0.0 ], [ 73.1451341, 28.1512857, 0.0 ], [ 73.1451288, 28.151589, 0.0 ], [ 73.1451057, 28.1515887, 0.0 ], [ 73.1451109, 28.1512854, 0.0 ] ], [ [ 73.1450549, 28.1512846, 0.0 ], [ 73.1450781, 28.1512849, 0.0 ], [ 73.1450728, 28.1515882, 0.0 ], [ 73.1450497, 28.1515879, 0.0 ], [ 73.1450549, 28.1512846, 0.0 ] ], [ [ 73.1451056, 28.1515971, 0.0 ], [ 73.1451287, 28.1515974, 0.0 ], [ 73.1451235, 28.1519007, 0.0 ], [ 73.1451003, 28.1519003, 0.0 ], [ 73.1451056, 28.1515971, 0.0 ] ], [ [ 73.1450496, 28.1515963, 0.0 ], [ 73.1450727, 28.1515966, 0.0 ], [ 73.1450675, 28.1518999, 0.0 ], [ 73.1450443, 28.1518996, 0.0 ], [ 73.1450496, 28.1515963, 0.0 ] ], [ [ 73.1451216, 28.1506659, 0.0 ], [ 73.1451447, 28.1506662, 0.0 ], [ 73.1451395, 28.1509695, 0.0 ], [ 73.1451164, 28.1509692, 0.0 ], [ 73.1451216, 28.1506659, 0.0 ] ], [ [ 73.1450656, 28.1506652, 0.0 ], [ 73.1450887, 28.1506655, 0.0 ], [ 73.1450835, 28.1509687, 0.0 ], [ 73.1450604, 28.1509684, 0.0 ], [ 73.1450656, 28.1506652, 0.0 ] ], [ [ 73.1451162, 28.1509776, 0.0 ], [ 73.1451394, 28.1509779, 0.0 ], [ 73.1451341, 28.1512812, 0.0 ], [ 73.145111, 28.1512809, 0.0 ], [ 73.1451162, 28.1509776, 0.0 ] ], [ [ 73.1450602, 28.1509768, 0.0 ], [ 73.1450834, 28.1509772, 0.0 ], [ 73.1450781, 28.1512804, 0.0 ], [ 73.145055, 28.1512801, 0.0 ], [ 73.1450602, 28.1509768, 0.0 ] ], [ [ 73.1449669, 28.1531423, 0.0 ], [ 73.14499, 28.1531426, 0.0 ], [ 73.1449848, 28.1534458, 0.0 ], [ 73.1449617, 28.1534455, 0.0 ], [ 73.1449669, 28.1531423, 0.0 ] ], [ [ 73.1449109, 28.1531415, 0.0 ], [ 73.1449341, 28.1531418, 0.0 ], [ 73.1449288, 28.1534451, 0.0 ], [ 73.1449057, 28.1534448, 0.0 ], [ 73.1449109, 28.1531415, 0.0 ] ], [ [ 73.1449615, 28.153454, 0.0 ], [ 73.1449847, 28.1534543, 0.0 ], [ 73.1449794, 28.1537575, 0.0 ], [ 73.1449563, 28.1537572, 0.0 ], [ 73.1449615, 28.153454, 0.0 ] ], [ [ 73.1449055, 28.1534532, 0.0 ], [ 73.1449287, 28.1534535, 0.0 ], [ 73.1449234, 28.1537568, 0.0 ], [ 73.1449003, 28.1537565, 0.0 ], [ 73.1449055, 28.1534532, 0.0 ] ], [ [ 73.1449776, 28.1525228, 0.0 ], [ 73.1450007, 28.1525231, 0.0 ], [ 73.1449955, 28.1528264, 0.0 ], [ 73.1449724, 28.1528261, 0.0 ], [ 73.1449776, 28.1525228, 0.0 ] ], [ [ 73.1449216, 28.152522, 0.0 ], [ 73.1449447, 28.1525224, 0.0 ], [ 73.1449395, 28.1528256, 0.0 ], [ 73.1449164, 28.1528253, 0.0 ], [ 73.1449216, 28.152522, 0.0 ] ], [ [ 73.1449722, 28.1528345, 0.0 ], [ 73.1449953, 28.1528348, 0.0 ], [ 73.1449901, 28.1531381, 0.0 ], [ 73.144967, 28.1531378, 0.0 ], [ 73.1449722, 28.1528345, 0.0 ] ], [ [ 73.1449162, 28.1528337, 0.0 ], [ 73.1449394, 28.152834, 0.0 ], [ 73.1449341, 28.1531373, 0.0 ], [ 73.144911, 28.153137, 0.0 ], [ 73.1449162, 28.1528337, 0.0 ] ], [ [ 73.1449883, 28.1519033, 0.0 ], [ 73.1450114, 28.1519036, 0.0 ], [ 73.1450062, 28.1522069, 0.0 ], [ 73.144983, 28.1522066, 0.0 ], [ 73.1449883, 28.1519033, 0.0 ] ], [ [ 73.1449323, 28.1519026, 0.0 ], [ 73.1449554, 28.1519029, 0.0 ], [ 73.1449502, 28.1522062, 0.0 ], [ 73.1449271, 28.1522058, 0.0 ], [ 73.1449323, 28.1519026, 0.0 ] ], [ [ 73.1449829, 28.152215, 0.0 ], [ 73.145006, 28.1522153, 0.0 ], [ 73.1450008, 28.1525186, 0.0 ], [ 73.1449777, 28.1525183, 0.0 ], [ 73.1449829, 28.152215, 0.0 ] ], [ [ 73.1449269, 28.1522143, 0.0 ], [ 73.14495, 28.1522146, 0.0 ], [ 73.1449448, 28.1525178, 0.0 ], [ 73.1449217, 28.1525175, 0.0 ], [ 73.1449269, 28.1522143, 0.0 ] ], [ [ 73.144999, 28.1512839, 0.0 ], [ 73.1450221, 28.1512842, 0.0 ], [ 73.1450169, 28.1515875, 0.0 ], [ 73.1449937, 28.1515871, 0.0 ], [ 73.144999, 28.1512839, 0.0 ] ], [ [ 73.144943, 28.1512831, 0.0 ], [ 73.1449661, 28.1512834, 0.0 ], [ 73.1449609, 28.1515867, 0.0 ], [ 73.1449377, 28.1515864, 0.0 ], [ 73.144943, 28.1512831, 0.0 ] ], [ [ 73.1449936, 28.1515956, 0.0 ], [ 73.1450167, 28.1515959, 0.0 ], [ 73.1450115, 28.1518991, 0.0 ], [ 73.1449883, 28.1518988, 0.0 ], [ 73.1449936, 28.1515956, 0.0 ] ], [ [ 73.1449376, 28.1515948, 0.0 ], [ 73.1449607, 28.1515951, 0.0 ], [ 73.1449555, 28.1518984, 0.0 ], [ 73.1449324, 28.1518981, 0.0 ], [ 73.1449376, 28.1515948, 0.0 ] ], [ [ 73.1450096, 28.1506644, 0.0 ], [ 73.1450328, 28.1506647, 0.0 ], [ 73.1450275, 28.150968, 0.0 ], [ 73.1450044, 28.1509677, 0.0 ], [ 73.1450096, 28.1506644, 0.0 ] ], [ [ 73.1449536, 28.1506636, 0.0 ], [ 73.1449768, 28.150664, 0.0 ], [ 73.1449715, 28.1509672, 0.0 ], [ 73.1449484, 28.1509669, 0.0 ], [ 73.1449536, 28.1506636, 0.0 ] ], [ [ 73.1450043, 28.1509761, 0.0 ], [ 73.1450274, 28.1509764, 0.0 ], [ 73.1450222, 28.1512797, 0.0 ], [ 73.144999, 28.1512794, 0.0 ], [ 73.1450043, 28.1509761, 0.0 ] ], [ [ 73.1449483, 28.1509753, 0.0 ], [ 73.1449714, 28.1509756, 0.0 ], [ 73.1449662, 28.1512789, 0.0 ], [ 73.144943, 28.1512786, 0.0 ], [ 73.1449483, 28.1509753, 0.0 ] ], [ [ 73.1448549, 28.1531407, 0.0 ], [ 73.1448781, 28.1531411, 0.0 ], [ 73.1448728, 28.1534443, 0.0 ], [ 73.1448497, 28.153444, 0.0 ], [ 73.1448549, 28.1531407, 0.0 ] ], [ [ 73.1447989, 28.15314, 0.0 ], [ 73.1448221, 28.1531403, 0.0 ], [ 73.1448168, 28.1534436, 0.0 ], [ 73.1447937, 28.1534433, 0.0 ], [ 73.1447989, 28.15314, 0.0 ] ], [ [ 73.1448496, 28.1534524, 0.0 ], [ 73.1448727, 28.1534527, 0.0 ], [ 73.1448675, 28.153756, 0.0 ], [ 73.1448443, 28.1537557, 0.0 ], [ 73.1448496, 28.1534524, 0.0 ] ], [ [ 73.1447936, 28.1534517, 0.0 ], [ 73.1448167, 28.153452, 0.0 ], [ 73.1448115, 28.1537553, 0.0 ], [ 73.1447883, 28.1537549, 0.0 ], [ 73.1447936, 28.1534517, 0.0 ] ], [ [ 73.1448656, 28.1525213, 0.0 ], [ 73.1448887, 28.1525216, 0.0 ], [ 73.1448835, 28.1528249, 0.0 ], [ 73.1448604, 28.1528246, 0.0 ], [ 73.1448656, 28.1525213, 0.0 ] ], [ [ 73.1448096, 28.1525205, 0.0 ], [ 73.1448328, 28.1525208, 0.0 ], [ 73.1448275, 28.1528241, 0.0 ], [ 73.1448044, 28.1528238, 0.0 ], [ 73.1448096, 28.1525205, 0.0 ] ], [ [ 73.1448602, 28.152833, 0.0 ], [ 73.1448834, 28.1528333, 0.0 ], [ 73.1448781, 28.1531366, 0.0 ], [ 73.144855, 28.1531362, 0.0 ], [ 73.1448602, 28.152833, 0.0 ] ], [ [ 73.1448043, 28.1528322, 0.0 ], [ 73.1448274, 28.1528325, 0.0 ], [ 73.1448222, 28.1531358, 0.0 ], [ 73.144799, 28.1531355, 0.0 ], [ 73.1448043, 28.1528322, 0.0 ] ], [ [ 73.1448763, 28.1519018, 0.0 ], [ 73.1448994, 28.1519021, 0.0 ], [ 73.1448942, 28.1522054, 0.0 ], [ 73.1448711, 28.1522051, 0.0 ], [ 73.1448763, 28.1519018, 0.0 ] ], [ [ 73.1448203, 28.1519011, 0.0 ], [ 73.1448434, 28.1519014, 0.0 ], [ 73.1448382, 28.1522046, 0.0 ], [ 73.1448151, 28.1522043, 0.0 ], [ 73.1448203, 28.1519011, 0.0 ] ], [ [ 73.1448709, 28.1522135, 0.0 ], [ 73.144894, 28.1522138, 0.0 ], [ 73.1448888, 28.1525171, 0.0 ], [ 73.1448657, 28.1525168, 0.0 ], [ 73.1448709, 28.1522135, 0.0 ] ], [ [ 73.1448149, 28.1522127, 0.0 ], [ 73.1448381, 28.1522131, 0.0 ], [ 73.1448328, 28.1525163, 0.0 ], [ 73.1448097, 28.152516, 0.0 ], [ 73.1448149, 28.1522127, 0.0 ] ], [ [ 73.144887, 28.1512824, 0.0 ], [ 73.1449101, 28.1512827, 0.0 ], [ 73.1449049, 28.1515859, 0.0 ], [ 73.1448817, 28.1515856, 0.0 ], [ 73.144887, 28.1512824, 0.0 ] ], [ [ 73.144831, 28.1512816, 0.0 ], [ 73.1448541, 28.1512819, 0.0 ], [ 73.1448489, 28.1515852, 0.0 ], [ 73.1448258, 28.1515849, 0.0 ], [ 73.144831, 28.1512816, 0.0 ] ], [ [ 73.1448816, 28.151594, 0.0 ], [ 73.1449047, 28.1515944, 0.0 ], [ 73.1448995, 28.1518976, 0.0 ], [ 73.1448764, 28.1518973, 0.0 ], [ 73.1448816, 28.151594, 0.0 ] ], [ [ 73.1448256, 28.1515933, 0.0 ], [ 73.1448487, 28.1515936, 0.0 ], [ 73.1448435, 28.1518969, 0.0 ], [ 73.1448204, 28.1518965, 0.0 ], [ 73.1448256, 28.1515933, 0.0 ] ], [ [ 73.1448977, 28.1506629, 0.0 ], [ 73.1449208, 28.1506632, 0.0 ], [ 73.1449156, 28.1509665, 0.0 ], [ 73.1448924, 28.1509662, 0.0 ], [ 73.1448977, 28.1506629, 0.0 ] ], [ [ 73.1448417, 28.1506621, 0.0 ], [ 73.1448648, 28.1506624, 0.0 ], [ 73.1448596, 28.1509657, 0.0 ], [ 73.1448364, 28.1509654, 0.0 ], [ 73.1448417, 28.1506621, 0.0 ] ], [ [ 73.1448923, 28.1509746, 0.0 ], [ 73.1449154, 28.1509749, 0.0 ], [ 73.1449102, 28.1512782, 0.0 ], [ 73.1448871, 28.1512778, 0.0 ], [ 73.1448923, 28.1509746, 0.0 ] ], [ [ 73.1448363, 28.1509738, 0.0 ], [ 73.1448594, 28.1509741, 0.0 ], [ 73.1448542, 28.1512774, 0.0 ], [ 73.1448311, 28.1512771, 0.0 ], [ 73.1448363, 28.1509738, 0.0 ] ], [ [ 73.144743, 28.1531392, 0.0 ], [ 73.1447661, 28.1531395, 0.0 ], [ 73.1447609, 28.1534428, 0.0 ], [ 73.1447377, 28.1534425, 0.0 ], [ 73.144743, 28.1531392, 0.0 ] ], [ [ 73.144687, 28.1531385, 0.0 ], [ 73.1447101, 28.1531388, 0.0 ], [ 73.1447049, 28.1534421, 0.0 ], [ 73.1446817, 28.1534417, 0.0 ], [ 73.144687, 28.1531385, 0.0 ] ], [ [ 73.1447376, 28.1534509, 0.0 ], [ 73.1447607, 28.1534512, 0.0 ], [ 73.1447555, 28.1537545, 0.0 ], [ 73.1447324, 28.1537542, 0.0 ], [ 73.1447376, 28.1534509, 0.0 ] ], [ [ 73.1446816, 28.1534502, 0.0 ], [ 73.1447047, 28.1534505, 0.0 ], [ 73.1446995, 28.1537537, 0.0 ], [ 73.1446764, 28.1537534, 0.0 ], [ 73.1446816, 28.1534502, 0.0 ] ], [ [ 73.1447536, 28.1525198, 0.0 ], [ 73.1447768, 28.1525201, 0.0 ], [ 73.1447715, 28.1528233, 0.0 ], [ 73.1447484, 28.152823, 0.0 ], [ 73.1447536, 28.1525198, 0.0 ] ], [ [ 73.1446977, 28.152519, 0.0 ], [ 73.1447208, 28.1525193, 0.0 ], [ 73.1447155, 28.1528226, 0.0 ], [ 73.1446924, 28.1528223, 0.0 ], [ 73.1446977, 28.152519, 0.0 ] ], [ [ 73.1447483, 28.1528315, 0.0 ], [ 73.1447714, 28.1528318, 0.0 ], [ 73.1447662, 28.153135, 0.0 ], [ 73.144743, 28.1531347, 0.0 ], [ 73.1447483, 28.1528315, 0.0 ] ], [ [ 73.1446923, 28.1528307, 0.0 ], [ 73.1447154, 28.152831, 0.0 ], [ 73.1447102, 28.1531343, 0.0 ], [ 73.144687, 28.153134, 0.0 ], [ 73.1446923, 28.1528307, 0.0 ] ], [ [ 73.1447643, 28.1519003, 0.0 ], [ 73.1447874, 28.1519006, 0.0 ], [ 73.1447822, 28.1522039, 0.0 ], [ 73.1447591, 28.1522036, 0.0 ], [ 73.1447643, 28.1519003, 0.0 ] ], [ [ 73.1447083, 28.1518995, 0.0 ], [ 73.1447315, 28.1518999, 0.0 ], [ 73.1447262, 28.1522031, 0.0 ], [ 73.1447031, 28.1522028, 0.0 ], [ 73.1447083, 28.1518995, 0.0 ] ], [ [ 73.1447589, 28.152212, 0.0 ], [ 73.1447821, 28.1522123, 0.0 ], [ 73.1447768, 28.1525156, 0.0 ], [ 73.1447537, 28.1525153, 0.0 ], [ 73.1447589, 28.152212, 0.0 ] ], [ [ 73.144703, 28.1522112, 0.0 ], [ 73.1447261, 28.1522115, 0.0 ], [ 73.1447209, 28.1525148, 0.0 ], [ 73.1446977, 28.1525145, 0.0 ], [ 73.144703, 28.1522112, 0.0 ] ], [ [ 73.144775, 28.1512808, 0.0 ], [ 73.1447981, 28.1512811, 0.0 ], [ 73.1447929, 28.1515844, 0.0 ], [ 73.1447698, 28.1515841, 0.0 ], [ 73.144775, 28.1512808, 0.0 ] ], [ [ 73.144719, 28.1512801, 0.0 ], [ 73.1447421, 28.1512804, 0.0 ], [ 73.1447369, 28.1515837, 0.0 ], [ 73.1447138, 28.1515833, 0.0 ], [ 73.144719, 28.1512801, 0.0 ] ], [ [ 73.1447696, 28.1515925, 0.0 ], [ 73.1447928, 28.1515928, 0.0 ], [ 73.1447875, 28.1518961, 0.0 ], [ 73.1447644, 28.1518958, 0.0 ], [ 73.1447696, 28.1515925, 0.0 ] ], [ [ 73.1447136, 28.1515918, 0.0 ], [ 73.1447368, 28.1515921, 0.0 ], [ 73.1447315, 28.1518953, 0.0 ], [ 73.1447084, 28.151895, 0.0 ], [ 73.1447136, 28.1515918, 0.0 ] ], [ [ 73.1447857, 28.1506614, 0.0 ], [ 73.1448088, 28.1506617, 0.0 ], [ 73.1448036, 28.150965, 0.0 ], [ 73.1447805, 28.1509646, 0.0 ], [ 73.1447857, 28.1506614, 0.0 ] ], [ [ 73.1447297, 28.1506606, 0.0 ], [ 73.1447528, 28.1506609, 0.0 ], [ 73.1447476, 28.1509642, 0.0 ], [ 73.1447245, 28.1509639, 0.0 ], [ 73.1447297, 28.1506606, 0.0 ] ], [ [ 73.1447803, 28.1509731, 0.0 ], [ 73.1448034, 28.1509734, 0.0 ], [ 73.1447982, 28.1512766, 0.0 ], [ 73.1447751, 28.1512763, 0.0 ], [ 73.1447803, 28.1509731, 0.0 ] ], [ [ 73.1447243, 28.1509723, 0.0 ], [ 73.1447474, 28.1509726, 0.0 ], [ 73.1447422, 28.1512759, 0.0 ], [ 73.1447191, 28.1512756, 0.0 ], [ 73.1447243, 28.1509723, 0.0 ] ], [ [ 73.1436125, 28.1537435, 0.0 ], [ 73.1436356, 28.1537438, 0.0 ], [ 73.1436304, 28.1540471, 0.0 ], [ 73.1436073, 28.1540468, 0.0 ], [ 73.1436125, 28.1537435, 0.0 ] ], [ [ 73.1435565, 28.1537428, 0.0 ], [ 73.1435796, 28.1537431, 0.0 ], [ 73.1435744, 28.1540463, 0.0 ], [ 73.1435513, 28.154046, 0.0 ], [ 73.1435565, 28.1537428, 0.0 ] ], [ [ 73.1436071, 28.1540552, 0.0 ], [ 73.1436303, 28.1540555, 0.0 ], [ 73.143625, 28.1543588, 0.0 ], [ 73.1436019, 28.1543585, 0.0 ], [ 73.1436071, 28.1540552, 0.0 ] ], [ [ 73.1435511, 28.1540545, 0.0 ], [ 73.1435743, 28.1540548, 0.0 ], [ 73.143569, 28.154358, 0.0 ], [ 73.1435459, 28.1543577, 0.0 ], [ 73.1435511, 28.1540545, 0.0 ] ], [ [ 73.1433885, 28.1537405, 0.0 ], [ 73.1434117, 28.1537408, 0.0 ], [ 73.1434064, 28.1540441, 0.0 ], [ 73.1433833, 28.1540438, 0.0 ], [ 73.1433885, 28.1537405, 0.0 ] ], [ [ 73.1433326, 28.1537397, 0.0 ], [ 73.1433557, 28.15374, 0.0 ], [ 73.1433505, 28.1540433, 0.0 ], [ 73.1433273, 28.154043, 0.0 ], [ 73.1433326, 28.1537397, 0.0 ] ], [ [ 73.1433832, 28.1540522, 0.0 ], [ 73.1434063, 28.1540525, 0.0 ], [ 73.1434011, 28.1543558, 0.0 ], [ 73.1433779, 28.1543554, 0.0 ], [ 73.1433832, 28.1540522, 0.0 ] ], [ [ 73.1433272, 28.1540514, 0.0 ], [ 73.1433503, 28.1540517, 0.0 ], [ 73.1433451, 28.154355, 0.0 ], [ 73.1433219, 28.1543547, 0.0 ], [ 73.1433272, 28.1540514, 0.0 ] ], [ [ 73.1432766, 28.153739, 0.0 ], [ 73.1432997, 28.1537393, 0.0 ], [ 73.1432945, 28.1540426, 0.0 ], [ 73.1432713, 28.1540422, 0.0 ], [ 73.1432766, 28.153739, 0.0 ] ], [ [ 73.1432206, 28.1537382, 0.0 ], [ 73.1432437, 28.1537385, 0.0 ], [ 73.1432385, 28.1540418, 0.0 ], [ 73.1432154, 28.1540415, 0.0 ], [ 73.1432206, 28.1537382, 0.0 ] ], [ [ 73.1432712, 28.1540507, 0.0 ], [ 73.1432943, 28.154051, 0.0 ], [ 73.1432891, 28.1543542, 0.0 ], [ 73.143266, 28.1543539, 0.0 ], [ 73.1432712, 28.1540507, 0.0 ] ], [ [ 73.1432152, 28.1540499, 0.0 ], [ 73.1432383, 28.1540502, 0.0 ], [ 73.1432331, 28.1543535, 0.0 ], [ 73.14321, 28.1543532, 0.0 ], [ 73.1432152, 28.1540499, 0.0 ] ], [ [ 73.1431646, 28.1537375, 0.0 ], [ 73.1431877, 28.1537378, 0.0 ], [ 73.1431825, 28.154041, 0.0 ], [ 73.1431594, 28.1540407, 0.0 ], [ 73.1431646, 28.1537375, 0.0 ] ], [ [ 73.1431086, 28.1537367, 0.0 ], [ 73.1431317, 28.153737, 0.0 ], [ 73.1431265, 28.1540403, 0.0 ], [ 73.1431034, 28.15404, 0.0 ], [ 73.1431086, 28.1537367, 0.0 ] ], [ [ 73.1431592, 28.1540491, 0.0 ], [ 73.1431823, 28.1540495, 0.0 ], [ 73.1431771, 28.1543527, 0.0 ], [ 73.143154, 28.1543524, 0.0 ], [ 73.1431592, 28.1540491, 0.0 ] ], [ [ 73.1431032, 28.1540484, 0.0 ], [ 73.1431264, 28.1540487, 0.0 ], [ 73.1431211, 28.154352, 0.0 ], [ 73.143098, 28.1543516, 0.0 ], [ 73.1431032, 28.1540484, 0.0 ] ], [ [ 73.144631, 28.1531377, 0.0 ], [ 73.1446541, 28.153138, 0.0 ], [ 73.1446489, 28.1534413, 0.0 ], [ 73.1446258, 28.153441, 0.0 ], [ 73.144631, 28.1531377, 0.0 ] ], [ [ 73.144575, 28.153137, 0.0 ], [ 73.1445981, 28.1531373, 0.0 ], [ 73.1445929, 28.1534405, 0.0 ], [ 73.1445698, 28.1534402, 0.0 ], [ 73.144575, 28.153137, 0.0 ] ], [ [ 73.1446256, 28.1534494, 0.0 ], [ 73.1446487, 28.1534497, 0.0 ], [ 73.1446435, 28.153753, 0.0 ], [ 73.1446204, 28.1537527, 0.0 ], [ 73.1446256, 28.1534494, 0.0 ] ], [ [ 73.1445696, 28.1534486, 0.0 ], [ 73.1445927, 28.153449, 0.0 ], [ 73.1445875, 28.1537522, 0.0 ], [ 73.1445644, 28.1537519, 0.0 ], [ 73.1445696, 28.1534486, 0.0 ] ], [ [ 73.144519, 28.1531362, 0.0 ], [ 73.1445421, 28.1531365, 0.0 ], [ 73.1445369, 28.1534398, 0.0 ], [ 73.1445138, 28.1534395, 0.0 ], [ 73.144519, 28.1531362, 0.0 ] ], [ [ 73.144463, 28.1531354, 0.0 ], [ 73.1444861, 28.1531358, 0.0 ], [ 73.1444809, 28.153439, 0.0 ], [ 73.1444578, 28.1534387, 0.0 ], [ 73.144463, 28.1531354, 0.0 ] ], [ [ 73.1445136, 28.1534479, 0.0 ], [ 73.1445368, 28.1534482, 0.0 ], [ 73.1445315, 28.1537515, 0.0 ], [ 73.1445084, 28.1537512, 0.0 ], [ 73.1445136, 28.1534479, 0.0 ] ], [ [ 73.1444576, 28.1534471, 0.0 ], [ 73.1444808, 28.1534474, 0.0 ], [ 73.1444755, 28.1537507, 0.0 ], [ 73.1444524, 28.1537504, 0.0 ], [ 73.1444576, 28.1534471, 0.0 ] ], [ [ 73.144407, 28.1531347, 0.0 ], [ 73.1444302, 28.153135, 0.0 ], [ 73.1444249, 28.1534383, 0.0 ], [ 73.1444018, 28.1534379, 0.0 ], [ 73.144407, 28.1531347, 0.0 ] ], [ [ 73.144351, 28.1531339, 0.0 ], [ 73.1443742, 28.1531342, 0.0 ], [ 73.1443689, 28.1534375, 0.0 ], [ 73.1443458, 28.1534372, 0.0 ], [ 73.144351, 28.1531339, 0.0 ] ], [ [ 73.1444017, 28.1534464, 0.0 ], [ 73.1444248, 28.1534467, 0.0 ], [ 73.1444195, 28.1537499, 0.0 ], [ 73.1443964, 28.1537496, 0.0 ], [ 73.1444017, 28.1534464, 0.0 ] ], [ [ 73.1443457, 28.1534456, 0.0 ], [ 73.1443688, 28.1534459, 0.0 ], [ 73.1443636, 28.1537492, 0.0 ], [ 73.1443404, 28.1537489, 0.0 ], [ 73.1443457, 28.1534456, 0.0 ] ], [ [ 73.1442951, 28.1531332, 0.0 ], [ 73.1443182, 28.1531335, 0.0 ], [ 73.1443129, 28.1534367, 0.0 ], [ 73.1442898, 28.1534364, 0.0 ], [ 73.1442951, 28.1531332, 0.0 ] ], [ [ 73.1442391, 28.1531324, 0.0 ], [ 73.1442622, 28.1531327, 0.0 ], [ 73.144257, 28.153436, 0.0 ], [ 73.1442338, 28.1534357, 0.0 ], [ 73.1442391, 28.1531324, 0.0 ] ], [ [ 73.1442897, 28.1534448, 0.0 ], [ 73.1443128, 28.1534452, 0.0 ], [ 73.1443076, 28.1537484, 0.0 ], [ 73.1442844, 28.1537481, 0.0 ], [ 73.1442897, 28.1534448, 0.0 ] ], [ [ 73.1442337, 28.1534441, 0.0 ], [ 73.1442568, 28.1534444, 0.0 ], [ 73.1442516, 28.1537477, 0.0 ], [ 73.1442285, 28.1537474, 0.0 ], [ 73.1442337, 28.1534441, 0.0 ] ], [ [ 73.1441831, 28.1531316, 0.0 ], [ 73.1442062, 28.153132, 0.0 ], [ 73.144201, 28.1534352, 0.0 ], [ 73.1441778, 28.1534349, 0.0 ], [ 73.1441831, 28.1531316, 0.0 ] ], [ [ 73.1441271, 28.1531309, 0.0 ], [ 73.1441502, 28.1531312, 0.0 ], [ 73.144145, 28.1534345, 0.0 ], [ 73.1441219, 28.1534342, 0.0 ], [ 73.1441271, 28.1531309, 0.0 ] ], [ [ 73.1441777, 28.1534433, 0.0 ], [ 73.1442008, 28.1534436, 0.0 ], [ 73.1441956, 28.1537469, 0.0 ], [ 73.1441725, 28.1537466, 0.0 ], [ 73.1441777, 28.1534433, 0.0 ] ], [ [ 73.1441217, 28.1534426, 0.0 ], [ 73.1441448, 28.1534429, 0.0 ], [ 73.1441396, 28.1537462, 0.0 ], [ 73.1441165, 28.1537458, 0.0 ], [ 73.1441217, 28.1534426, 0.0 ] ], [ [ 73.1439591, 28.1531286, 0.0 ], [ 73.1439823, 28.1531289, 0.0 ], [ 73.143977, 28.1534322, 0.0 ], [ 73.1439539, 28.1534319, 0.0 ], [ 73.1439591, 28.1531286, 0.0 ] ], [ [ 73.1439031, 28.1531279, 0.0 ], [ 73.1439263, 28.1531282, 0.0 ], [ 73.143921, 28.1534314, 0.0 ], [ 73.1438979, 28.1534311, 0.0 ], [ 73.1439031, 28.1531279, 0.0 ] ], [ [ 73.1439537, 28.1534403, 0.0 ], [ 73.1439769, 28.1534406, 0.0 ], [ 73.1439716, 28.1537439, 0.0 ], [ 73.1439485, 28.1537436, 0.0 ], [ 73.1439537, 28.1534403, 0.0 ] ], [ [ 73.1438978, 28.1534395, 0.0 ], [ 73.1439209, 28.1534399, 0.0 ], [ 73.1439157, 28.1537431, 0.0 ], [ 73.1438925, 28.1537428, 0.0 ], [ 73.1438978, 28.1534395, 0.0 ] ], [ [ 73.1438471, 28.1531271, 0.0 ], [ 73.1438703, 28.1531274, 0.0 ], [ 73.143865, 28.1534307, 0.0 ], [ 73.1438419, 28.1534304, 0.0 ], [ 73.1438471, 28.1531271, 0.0 ] ], [ [ 73.1437912, 28.1531263, 0.0 ], [ 73.1438143, 28.1531266, 0.0 ], [ 73.1438091, 28.1534299, 0.0 ], [ 73.1437859, 28.1534296, 0.0 ], [ 73.1437912, 28.1531263, 0.0 ] ], [ [ 73.1438418, 28.1534388, 0.0 ], [ 73.1438649, 28.1534391, 0.0 ], [ 73.1438597, 28.1537424, 0.0 ], [ 73.1438365, 28.153742, 0.0 ], [ 73.1438418, 28.1534388, 0.0 ] ], [ [ 73.1437858, 28.153438, 0.0 ], [ 73.1438089, 28.1534383, 0.0 ], [ 73.1438037, 28.1537416, 0.0 ], [ 73.1437805, 28.1537413, 0.0 ], [ 73.1437858, 28.153438, 0.0 ] ], [ [ 73.1437352, 28.1531256, 0.0 ], [ 73.1437583, 28.1531259, 0.0 ], [ 73.1437531, 28.1534292, 0.0 ], [ 73.1437299, 28.1534288, 0.0 ], [ 73.1437352, 28.1531256, 0.0 ] ], [ [ 73.1436792, 28.1531248, 0.0 ], [ 73.1437023, 28.1531251, 0.0 ], [ 73.1436971, 28.1534284, 0.0 ], [ 73.1436739, 28.1534281, 0.0 ], [ 73.1436792, 28.1531248, 0.0 ] ], [ [ 73.1437298, 28.1534373, 0.0 ], [ 73.1437529, 28.1534376, 0.0 ], [ 73.1437477, 28.1537408, 0.0 ], [ 73.1437246, 28.1537405, 0.0 ], [ 73.1437298, 28.1534373, 0.0 ] ], [ [ 73.1436738, 28.1534365, 0.0 ], [ 73.1436969, 28.1534368, 0.0 ], [ 73.1436917, 28.1537401, 0.0 ], [ 73.1436686, 28.1537398, 0.0 ], [ 73.1436738, 28.1534365, 0.0 ] ], [ [ 73.1436232, 28.1531241, 0.0 ], [ 73.1436463, 28.1531244, 0.0 ], [ 73.1436411, 28.1534276, 0.0 ], [ 73.143618, 28.1534273, 0.0 ], [ 73.1436232, 28.1531241, 0.0 ] ], [ [ 73.1435672, 28.1531233, 0.0 ], [ 73.1435903, 28.1531236, 0.0 ], [ 73.1435851, 28.1534269, 0.0 ], [ 73.143562, 28.1534266, 0.0 ], [ 73.1435672, 28.1531233, 0.0 ] ], [ [ 73.1436178, 28.1534357, 0.0 ], [ 73.1436409, 28.1534361, 0.0 ], [ 73.1436357, 28.1537393, 0.0 ], [ 73.1436126, 28.153739, 0.0 ], [ 73.1436178, 28.1534357, 0.0 ] ], [ [ 73.1435618, 28.153435, 0.0 ], [ 73.143585, 28.1534353, 0.0 ], [ 73.1435797, 28.1537386, 0.0 ], [ 73.1435566, 28.1537383, 0.0 ], [ 73.1435618, 28.153435, 0.0 ] ], [ [ 73.1440711, 28.1531301, 0.0 ], [ 73.1440942, 28.1531304, 0.0 ], [ 73.144089, 28.1534337, 0.0 ], [ 73.1440659, 28.1534334, 0.0 ], [ 73.1440711, 28.1531301, 0.0 ] ], [ [ 73.1440151, 28.1531294, 0.0 ], [ 73.1440382, 28.1531297, 0.0 ], [ 73.144033, 28.153433, 0.0 ], [ 73.1440099, 28.1534326, 0.0 ], [ 73.1440151, 28.1531294, 0.0 ] ], [ [ 73.1440657, 28.1534418, 0.0 ], [ 73.1440888, 28.1534421, 0.0 ], [ 73.1440836, 28.1537454, 0.0 ], [ 73.1440605, 28.1537451, 0.0 ], [ 73.1440657, 28.1534418, 0.0 ] ], [ [ 73.1440097, 28.1534411, 0.0 ], [ 73.1440329, 28.1534414, 0.0 ], [ 73.1440276, 28.1537446, 0.0 ], [ 73.1440045, 28.1537443, 0.0 ], [ 73.1440097, 28.1534411, 0.0 ] ], [ [ 73.1433992, 28.153121, 0.0 ], [ 73.1434224, 28.1531213, 0.0 ], [ 73.1434171, 28.1534246, 0.0 ], [ 73.143394, 28.1534243, 0.0 ], [ 73.1433992, 28.153121, 0.0 ] ], [ [ 73.1433433, 28.1531203, 0.0 ], [ 73.1433664, 28.1531206, 0.0 ], [ 73.1433611, 28.1534238, 0.0 ], [ 73.143338, 28.1534235, 0.0 ], [ 73.1433433, 28.1531203, 0.0 ] ], [ [ 73.1433939, 28.1534327, 0.0 ], [ 73.143417, 28.153433, 0.0 ], [ 73.1434118, 28.1537363, 0.0 ], [ 73.1433886, 28.153736, 0.0 ], [ 73.1433939, 28.1534327, 0.0 ] ], [ [ 73.1433379, 28.153432, 0.0 ], [ 73.143361, 28.1534323, 0.0 ], [ 73.1433558, 28.1537355, 0.0 ], [ 73.1433326, 28.1537352, 0.0 ], [ 73.1433379, 28.153432, 0.0 ] ], [ [ 73.1432873, 28.1531195, 0.0 ], [ 73.1433104, 28.1531198, 0.0 ], [ 73.1433052, 28.1534231, 0.0 ], [ 73.143282, 28.1534228, 0.0 ], [ 73.1432873, 28.1531195, 0.0 ] ], [ [ 73.1432313, 28.1531187, 0.0 ], [ 73.1432544, 28.1531191, 0.0 ], [ 73.1432492, 28.1534223, 0.0 ], [ 73.143226, 28.153422, 0.0 ], [ 73.1432313, 28.1531187, 0.0 ] ], [ [ 73.1432819, 28.1534312, 0.0 ], [ 73.143305, 28.1534315, 0.0 ], [ 73.1432998, 28.1537348, 0.0 ], [ 73.1432767, 28.1537345, 0.0 ], [ 73.1432819, 28.1534312, 0.0 ] ], [ [ 73.1432259, 28.1534304, 0.0 ], [ 73.143249, 28.1534307, 0.0 ], [ 73.1432438, 28.153734, 0.0 ], [ 73.1432207, 28.1537337, 0.0 ], [ 73.1432259, 28.1534304, 0.0 ] ], [ [ 73.1431753, 28.153118, 0.0 ], [ 73.1431984, 28.1531183, 0.0 ], [ 73.1431932, 28.1534216, 0.0 ], [ 73.1431701, 28.1534213, 0.0 ], [ 73.1431753, 28.153118, 0.0 ] ], [ [ 73.1431193, 28.1531172, 0.0 ], [ 73.1431424, 28.1531175, 0.0 ], [ 73.1431372, 28.1534208, 0.0 ], [ 73.1431141, 28.1534205, 0.0 ], [ 73.1431193, 28.1531172, 0.0 ] ], [ [ 73.1431699, 28.1534297, 0.0 ], [ 73.143193, 28.15343, 0.0 ], [ 73.1431878, 28.1537333, 0.0 ], [ 73.1431647, 28.1537329, 0.0 ], [ 73.1431699, 28.1534297, 0.0 ] ], [ [ 73.1431139, 28.1534289, 0.0 ], [ 73.143137, 28.1534292, 0.0 ], [ 73.1431318, 28.1537325, 0.0 ], [ 73.1431087, 28.1537322, 0.0 ], [ 73.1431139, 28.1534289, 0.0 ] ], [ [ 73.1430633, 28.1531165, 0.0 ], [ 73.1430864, 28.1531168, 0.0 ], [ 73.1430812, 28.1534201, 0.0 ], [ 73.1430581, 28.1534197, 0.0 ], [ 73.1430633, 28.1531165, 0.0 ] ], [ [ 73.1430073, 28.1531157, 0.0 ], [ 73.1430305, 28.153116, 0.0 ], [ 73.1430252, 28.1534193, 0.0 ], [ 73.1430021, 28.153419, 0.0 ], [ 73.1430073, 28.1531157, 0.0 ] ], [ [ 73.1430579, 28.1534282, 0.0 ], [ 73.1430811, 28.1534285, 0.0 ], [ 73.1430758, 28.1537317, 0.0 ], [ 73.1430527, 28.1537314, 0.0 ], [ 73.1430579, 28.1534282, 0.0 ] ], [ [ 73.1430019, 28.1534274, 0.0 ], [ 73.1430251, 28.1534277, 0.0 ], [ 73.1430198, 28.153731, 0.0 ], [ 73.1429967, 28.1537307, 0.0 ], [ 73.1430019, 28.1534274, 0.0 ] ], [ [ 73.1429513, 28.153115, 0.0 ], [ 73.1429745, 28.1531153, 0.0 ], [ 73.1429692, 28.1534185, 0.0 ], [ 73.1429461, 28.1534182, 0.0 ], [ 73.1429513, 28.153115, 0.0 ] ], [ [ 73.1428953, 28.1531142, 0.0 ], [ 73.1429185, 28.1531145, 0.0 ], [ 73.1429132, 28.1534178, 0.0 ], [ 73.1428901, 28.1534175, 0.0 ], [ 73.1428953, 28.1531142, 0.0 ] ], [ [ 73.142946, 28.1534266, 0.0 ], [ 73.1429691, 28.153427, 0.0 ], [ 73.1429638, 28.1537302, 0.0 ], [ 73.1429407, 28.1537299, 0.0 ], [ 73.142946, 28.1534266, 0.0 ] ], [ [ 73.14289, 28.1534259, 0.0 ], [ 73.1429131, 28.1534262, 0.0 ], [ 73.1429079, 28.1537295, 0.0 ], [ 73.1428847, 28.1537291, 0.0 ], [ 73.14289, 28.1534259, 0.0 ] ], [ [ 73.1428394, 28.1531134, 0.0 ], [ 73.1428625, 28.1531137, 0.0 ], [ 73.1428573, 28.153417, 0.0 ], [ 73.1428341, 28.1534167, 0.0 ], [ 73.1428394, 28.1531134, 0.0 ] ], [ [ 73.1427834, 28.1531127, 0.0 ], [ 73.1428065, 28.153113, 0.0 ], [ 73.1428013, 28.1534163, 0.0 ], [ 73.1427781, 28.1534159, 0.0 ], [ 73.1427834, 28.1531127, 0.0 ] ], [ [ 73.142834, 28.1534251, 0.0 ], [ 73.1428571, 28.1534254, 0.0 ], [ 73.1428519, 28.1537287, 0.0 ], [ 73.1428287, 28.1537284, 0.0 ], [ 73.142834, 28.1534251, 0.0 ] ], [ [ 73.142778, 28.1534244, 0.0 ], [ 73.1428011, 28.1534247, 0.0 ], [ 73.1427959, 28.1537279, 0.0 ], [ 73.1427728, 28.1537276, 0.0 ], [ 73.142778, 28.1534244, 0.0 ] ], [ [ 73.1427274, 28.1531119, 0.0 ], [ 73.1427505, 28.1531122, 0.0 ], [ 73.1427453, 28.1534155, 0.0 ], [ 73.1427221, 28.1534152, 0.0 ], [ 73.1427274, 28.1531119, 0.0 ] ], [ [ 73.1426714, 28.1531112, 0.0 ], [ 73.1426945, 28.1531115, 0.0 ], [ 73.1426893, 28.1534147, 0.0 ], [ 73.1426662, 28.1534144, 0.0 ], [ 73.1426714, 28.1531112, 0.0 ] ], [ [ 73.142722, 28.1534236, 0.0 ], [ 73.1427451, 28.1534239, 0.0 ], [ 73.1427399, 28.1537272, 0.0 ], [ 73.1427168, 28.1537269, 0.0 ], [ 73.142722, 28.1534236, 0.0 ] ], [ [ 73.142666, 28.1534228, 0.0 ], [ 73.1426891, 28.1534232, 0.0 ], [ 73.1426839, 28.1537264, 0.0 ], [ 73.1426608, 28.1537261, 0.0 ], [ 73.142666, 28.1534228, 0.0 ] ], [ [ 73.1426154, 28.1531104, 0.0 ], [ 73.1426385, 28.1531107, 0.0 ], [ 73.1426333, 28.153414, 0.0 ], [ 73.1426102, 28.1534137, 0.0 ], [ 73.1426154, 28.1531104, 0.0 ] ], [ [ 73.1425594, 28.1531096, 0.0 ], [ 73.1425825, 28.15311, 0.0 ], [ 73.1425773, 28.1534132, 0.0 ], [ 73.1425542, 28.1534129, 0.0 ], [ 73.1425594, 28.1531096, 0.0 ] ], [ [ 73.14261, 28.1534221, 0.0 ], [ 73.1426332, 28.1534224, 0.0 ], [ 73.1426279, 28.1537257, 0.0 ], [ 73.1426048, 28.1537253, 0.0 ], [ 73.14261, 28.1534221, 0.0 ] ], [ [ 73.142554, 28.1534213, 0.0 ], [ 73.1425772, 28.1534216, 0.0 ], [ 73.1425719, 28.1537249, 0.0 ], [ 73.1425488, 28.1537246, 0.0 ], [ 73.142554, 28.1534213, 0.0 ] ], [ [ 73.1425034, 28.1531089, 0.0 ], [ 73.1425266, 28.1531092, 0.0 ], [ 73.1425213, 28.1534125, 0.0 ], [ 73.1424982, 28.1534121, 0.0 ], [ 73.1425034, 28.1531089, 0.0 ] ], [ [ 73.1424474, 28.1531081, 0.0 ], [ 73.1424706, 28.1531084, 0.0 ], [ 73.1424653, 28.1534117, 0.0 ], [ 73.1424422, 28.1534114, 0.0 ], [ 73.1424474, 28.1531081, 0.0 ] ], [ [ 73.142498, 28.1534206, 0.0 ], [ 73.1425212, 28.1534209, 0.0 ], [ 73.1425159, 28.1537241, 0.0 ], [ 73.1424928, 28.1537238, 0.0 ], [ 73.142498, 28.1534206, 0.0 ] ], [ [ 73.1424421, 28.1534198, 0.0 ], [ 73.1424652, 28.1534201, 0.0 ], [ 73.14246, 28.1537234, 0.0 ], [ 73.1424368, 28.1537231, 0.0 ], [ 73.1424421, 28.1534198, 0.0 ] ], [ [ 73.1423915, 28.1531074, 0.0 ], [ 73.1424146, 28.1531077, 0.0 ], [ 73.1424093, 28.1534109, 0.0 ], [ 73.1423862, 28.1534106, 0.0 ], [ 73.1423915, 28.1531074, 0.0 ] ], [ [ 73.1423355, 28.1531066, 0.0 ], [ 73.1423586, 28.1531069, 0.0 ], [ 73.1423534, 28.1534102, 0.0 ], [ 73.1423302, 28.1534099, 0.0 ], [ 73.1423355, 28.1531066, 0.0 ] ], [ [ 73.1423861, 28.153419, 0.0 ], [ 73.1424092, 28.1534194, 0.0 ], [ 73.142404, 28.1537226, 0.0 ], [ 73.1423808, 28.1537223, 0.0 ], [ 73.1423861, 28.153419, 0.0 ] ], [ [ 73.1423301, 28.1534183, 0.0 ], [ 73.1423532, 28.1534186, 0.0 ], [ 73.142348, 28.1537219, 0.0 ], [ 73.1423248, 28.1537216, 0.0 ], [ 73.1423301, 28.1534183, 0.0 ] ], [ [ 73.1422795, 28.1531058, 0.0 ], [ 73.1423026, 28.1531062, 0.0 ], [ 73.1422974, 28.1534094, 0.0 ], [ 73.1422742, 28.1534091, 0.0 ], [ 73.1422795, 28.1531058, 0.0 ] ], [ [ 73.1422235, 28.1531051, 0.0 ], [ 73.1422466, 28.1531054, 0.0 ], [ 73.1422414, 28.1534087, 0.0 ], [ 73.1422183, 28.1534083, 0.0 ], [ 73.1422235, 28.1531051, 0.0 ] ], [ [ 73.1422741, 28.1534175, 0.0 ], [ 73.1422972, 28.1534178, 0.0 ], [ 73.142292, 28.1537211, 0.0 ], [ 73.1422689, 28.1537208, 0.0 ], [ 73.1422741, 28.1534175, 0.0 ] ], [ [ 73.1422181, 28.1534168, 0.0 ], [ 73.1422412, 28.1534171, 0.0 ], [ 73.142236, 28.1537203, 0.0 ], [ 73.1422129, 28.15372, 0.0 ], [ 73.1422181, 28.1534168, 0.0 ] ], [ [ 73.1421675, 28.1531043, 0.0 ], [ 73.1421906, 28.1531046, 0.0 ], [ 73.1421854, 28.1534079, 0.0 ], [ 73.1421623, 28.1534076, 0.0 ], [ 73.1421675, 28.1531043, 0.0 ] ], [ [ 73.1421115, 28.1531036, 0.0 ], [ 73.1421346, 28.1531039, 0.0 ], [ 73.1421294, 28.1534071, 0.0 ], [ 73.1421063, 28.1534068, 0.0 ], [ 73.1421115, 28.1531036, 0.0 ] ], [ [ 73.1421621, 28.153416, 0.0 ], [ 73.1421852, 28.1534163, 0.0 ], [ 73.14218, 28.1537196, 0.0 ], [ 73.1421569, 28.1537193, 0.0 ], [ 73.1421621, 28.153416, 0.0 ] ], [ [ 73.1421061, 28.1534152, 0.0 ], [ 73.1421293, 28.1534156, 0.0 ], [ 73.142124, 28.1537188, 0.0 ], [ 73.1421009, 28.1537185, 0.0 ], [ 73.1421061, 28.1534152, 0.0 ] ], [ [ 73.1420555, 28.1531028, 0.0 ], [ 73.1420787, 28.1531031, 0.0 ], [ 73.1420734, 28.1534064, 0.0 ], [ 73.1420503, 28.1534061, 0.0 ], [ 73.1420555, 28.1531028, 0.0 ] ], [ [ 73.1419995, 28.153102, 0.0 ], [ 73.1420227, 28.1531024, 0.0 ], [ 73.1420174, 28.1534056, 0.0 ], [ 73.1419943, 28.1534053, 0.0 ], [ 73.1419995, 28.153102, 0.0 ] ], [ [ 73.1420501, 28.1534145, 0.0 ], [ 73.1420733, 28.1534148, 0.0 ], [ 73.142068, 28.1537181, 0.0 ], [ 73.1420449, 28.1537178, 0.0 ], [ 73.1420501, 28.1534145, 0.0 ] ], [ [ 73.1419942, 28.1534137, 0.0 ], [ 73.1420173, 28.153414, 0.0 ], [ 73.142012, 28.1537173, 0.0 ], [ 73.1419889, 28.153717, 0.0 ], [ 73.1419942, 28.1534137, 0.0 ] ], [ [ 73.1446417, 28.1525183, 0.0 ], [ 73.1446648, 28.1525186, 0.0 ], [ 73.1446596, 28.1528218, 0.0 ], [ 73.1446364, 28.1528215, 0.0 ], [ 73.1446417, 28.1525183, 0.0 ] ], [ [ 73.1445857, 28.1525175, 0.0 ], [ 73.1446088, 28.1525178, 0.0 ], [ 73.1446036, 28.1528211, 0.0 ], [ 73.1445804, 28.1528208, 0.0 ], [ 73.1445857, 28.1525175, 0.0 ] ], [ [ 73.1446363, 28.1528299, 0.0 ], [ 73.1446594, 28.1528302, 0.0 ], [ 73.1446542, 28.1531335, 0.0 ], [ 73.1446311, 28.1531332, 0.0 ], [ 73.1446363, 28.1528299, 0.0 ] ], [ [ 73.1445803, 28.1528292, 0.0 ], [ 73.1446034, 28.1528295, 0.0 ], [ 73.1445982, 28.1531328, 0.0 ], [ 73.1445751, 28.1531324, 0.0 ], [ 73.1445803, 28.1528292, 0.0 ] ], [ [ 73.1445297, 28.1525167, 0.0 ], [ 73.1445528, 28.152517, 0.0 ], [ 73.1445476, 28.1528203, 0.0 ], [ 73.1445245, 28.15282, 0.0 ], [ 73.1445297, 28.1525167, 0.0 ] ], [ [ 73.1444737, 28.152516, 0.0 ], [ 73.1444968, 28.1525163, 0.0 ], [ 73.1444916, 28.1528196, 0.0 ], [ 73.1444685, 28.1528192, 0.0 ], [ 73.1444737, 28.152516, 0.0 ] ], [ [ 73.1445243, 28.1528284, 0.0 ], [ 73.1445474, 28.1528287, 0.0 ], [ 73.1445422, 28.153132, 0.0 ], [ 73.1445191, 28.1531317, 0.0 ], [ 73.1445243, 28.1528284, 0.0 ] ], [ [ 73.1444683, 28.1528277, 0.0 ], [ 73.1444915, 28.152828, 0.0 ], [ 73.1444862, 28.1531312, 0.0 ], [ 73.1444631, 28.1531309, 0.0 ], [ 73.1444683, 28.1528277, 0.0 ] ], [ [ 73.1444177, 28.1525152, 0.0 ], [ 73.1444408, 28.1525155, 0.0 ], [ 73.1444356, 28.1528188, 0.0 ], [ 73.1444125, 28.1528185, 0.0 ], [ 73.1444177, 28.1525152, 0.0 ] ], [ [ 73.1443617, 28.1525145, 0.0 ], [ 73.1443849, 28.1525148, 0.0 ], [ 73.1443796, 28.152818, 0.0 ], [ 73.1443565, 28.1528177, 0.0 ], [ 73.1443617, 28.1525145, 0.0 ] ], [ [ 73.1444123, 28.1528269, 0.0 ], [ 73.1444355, 28.1528272, 0.0 ], [ 73.1444302, 28.1531305, 0.0 ], [ 73.1444071, 28.1531302, 0.0 ], [ 73.1444123, 28.1528269, 0.0 ] ], [ [ 73.1443563, 28.1528261, 0.0 ], [ 73.1443795, 28.1528265, 0.0 ], [ 73.1443742, 28.1531297, 0.0 ], [ 73.1443511, 28.1531294, 0.0 ], [ 73.1443563, 28.1528261, 0.0 ] ], [ [ 73.1443057, 28.1525137, 0.0 ], [ 73.1443289, 28.152514, 0.0 ], [ 73.1443236, 28.1528173, 0.0 ], [ 73.1443005, 28.152817, 0.0 ], [ 73.1443057, 28.1525137, 0.0 ] ], [ [ 73.1442497, 28.1525129, 0.0 ], [ 73.1442729, 28.1525133, 0.0 ], [ 73.1442676, 28.1528165, 0.0 ], [ 73.1442445, 28.1528162, 0.0 ], [ 73.1442497, 28.1525129, 0.0 ] ], [ [ 73.1443004, 28.1528254, 0.0 ], [ 73.1443235, 28.1528257, 0.0 ], [ 73.1443183, 28.153129, 0.0 ], [ 73.1442951, 28.1531287, 0.0 ], [ 73.1443004, 28.1528254, 0.0 ] ], [ [ 73.1442444, 28.1528246, 0.0 ], [ 73.1442675, 28.1528249, 0.0 ], [ 73.1442623, 28.1531282, 0.0 ], [ 73.1442391, 28.1531279, 0.0 ], [ 73.1442444, 28.1528246, 0.0 ] ], [ [ 73.1441938, 28.1525122, 0.0 ], [ 73.1442169, 28.1525125, 0.0 ], [ 73.1442117, 28.1528158, 0.0 ], [ 73.1441885, 28.1528154, 0.0 ], [ 73.1441938, 28.1525122, 0.0 ] ], [ [ 73.1441378, 28.1525114, 0.0 ], [ 73.1441609, 28.1525117, 0.0 ], [ 73.1441557, 28.152815, 0.0 ], [ 73.1441325, 28.1528147, 0.0 ], [ 73.1441378, 28.1525114, 0.0 ] ], [ [ 73.1441884, 28.1528239, 0.0 ], [ 73.1442115, 28.1528242, 0.0 ], [ 73.1442063, 28.1531274, 0.0 ], [ 73.1441832, 28.1531271, 0.0 ], [ 73.1441884, 28.1528239, 0.0 ] ], [ [ 73.1441324, 28.1528231, 0.0 ], [ 73.1441555, 28.1528234, 0.0 ], [ 73.1441503, 28.1531267, 0.0 ], [ 73.1441272, 28.1531264, 0.0 ], [ 73.1441324, 28.1528231, 0.0 ] ], [ [ 73.1439698, 28.1525091, 0.0 ], [ 73.1439929, 28.1525095, 0.0 ], [ 73.1439877, 28.1528127, 0.0 ], [ 73.1439646, 28.1528124, 0.0 ], [ 73.1439698, 28.1525091, 0.0 ] ], [ [ 73.1439138, 28.1525084, 0.0 ], [ 73.1439369, 28.1525087, 0.0 ], [ 73.1439317, 28.152812, 0.0 ], [ 73.1439086, 28.1528117, 0.0 ], [ 73.1439138, 28.1525084, 0.0 ] ], [ [ 73.1439644, 28.1528208, 0.0 ], [ 73.1439876, 28.1528211, 0.0 ], [ 73.1439823, 28.1531244, 0.0 ], [ 73.1439592, 28.1531241, 0.0 ], [ 73.1439644, 28.1528208, 0.0 ] ], [ [ 73.1439084, 28.1528201, 0.0 ], [ 73.1439316, 28.1528204, 0.0 ], [ 73.1439263, 28.1531237, 0.0 ], [ 73.1439032, 28.1531233, 0.0 ], [ 73.1439084, 28.1528201, 0.0 ] ], [ [ 73.1438578, 28.1525076, 0.0 ], [ 73.143881, 28.1525079, 0.0 ], [ 73.1438757, 28.1528112, 0.0 ], [ 73.1438526, 28.1528109, 0.0 ], [ 73.1438578, 28.1525076, 0.0 ] ], [ [ 73.1438018, 28.1525069, 0.0 ], [ 73.143825, 28.1525072, 0.0 ], [ 73.1438197, 28.1528105, 0.0 ], [ 73.1437966, 28.1528101, 0.0 ], [ 73.1438018, 28.1525069, 0.0 ] ], [ [ 73.1438525, 28.1528193, 0.0 ], [ 73.1438756, 28.1528196, 0.0 ], [ 73.1438704, 28.1531229, 0.0 ], [ 73.1438472, 28.1531226, 0.0 ], [ 73.1438525, 28.1528193, 0.0 ] ], [ [ 73.1437965, 28.1528186, 0.0 ], [ 73.1438196, 28.1528189, 0.0 ], [ 73.1438144, 28.1531221, 0.0 ], [ 73.1437912, 28.1531218, 0.0 ], [ 73.1437965, 28.1528186, 0.0 ] ], [ [ 73.1437459, 28.1525061, 0.0 ], [ 73.143769, 28.1525064, 0.0 ], [ 73.1437638, 28.1528097, 0.0 ], [ 73.1437406, 28.1528094, 0.0 ], [ 73.1437459, 28.1525061, 0.0 ] ], [ [ 73.1436899, 28.1525054, 0.0 ], [ 73.143713, 28.1525057, 0.0 ], [ 73.1437078, 28.1528089, 0.0 ], [ 73.1436846, 28.1528086, 0.0 ], [ 73.1436899, 28.1525054, 0.0 ] ], [ [ 73.1437405, 28.1528178, 0.0 ], [ 73.1437636, 28.1528181, 0.0 ], [ 73.1437584, 28.1531214, 0.0 ], [ 73.1437352, 28.1531211, 0.0 ], [ 73.1437405, 28.1528178, 0.0 ] ], [ [ 73.1436845, 28.152817, 0.0 ], [ 73.1437076, 28.1528174, 0.0 ], [ 73.1437024, 28.1531206, 0.0 ], [ 73.1436793, 28.1531203, 0.0 ], [ 73.1436845, 28.152817, 0.0 ] ], [ [ 73.1436339, 28.1525046, 0.0 ], [ 73.143657, 28.1525049, 0.0 ], [ 73.1436518, 28.1528082, 0.0 ], [ 73.1436286, 28.1528079, 0.0 ], [ 73.1436339, 28.1525046, 0.0 ] ], [ [ 73.1435779, 28.1525038, 0.0 ], [ 73.143601, 28.1525041, 0.0 ], [ 73.1435958, 28.1528074, 0.0 ], [ 73.1435727, 28.1528071, 0.0 ], [ 73.1435779, 28.1525038, 0.0 ] ], [ [ 73.1436285, 28.1528163, 0.0 ], [ 73.1436516, 28.1528166, 0.0 ], [ 73.1436464, 28.1531199, 0.0 ], [ 73.1436233, 28.1531195, 0.0 ], [ 73.1436285, 28.1528163, 0.0 ] ], [ [ 73.1435725, 28.1528155, 0.0 ], [ 73.1435956, 28.1528158, 0.0 ], [ 73.1435904, 28.1531191, 0.0 ], [ 73.1435673, 28.1531188, 0.0 ], [ 73.1435725, 28.1528155, 0.0 ] ], [ [ 73.1440818, 28.1525107, 0.0 ], [ 73.1441049, 28.152511, 0.0 ], [ 73.1440997, 28.1528142, 0.0 ], [ 73.1440766, 28.1528139, 0.0 ], [ 73.1440818, 28.1525107, 0.0 ] ], [ [ 73.1440258, 28.1525099, 0.0 ], [ 73.1440489, 28.1525102, 0.0 ], [ 73.1440437, 28.1528135, 0.0 ], [ 73.1440206, 28.1528132, 0.0 ], [ 73.1440258, 28.1525099, 0.0 ] ], [ [ 73.1440764, 28.1528224, 0.0 ], [ 73.1440995, 28.1528227, 0.0 ], [ 73.1440943, 28.1531259, 0.0 ], [ 73.1440712, 28.1531256, 0.0 ], [ 73.1440764, 28.1528224, 0.0 ] ], [ [ 73.1440204, 28.1528216, 0.0 ], [ 73.1440435, 28.1528219, 0.0 ], [ 73.1440383, 28.1531252, 0.0 ], [ 73.1440152, 28.1531249, 0.0 ], [ 73.1440204, 28.1528216, 0.0 ] ], [ [ 73.1434099, 28.1525016, 0.0 ], [ 73.1434331, 28.1525019, 0.0 ], [ 73.1434278, 28.1528051, 0.0 ], [ 73.1434047, 28.1528048, 0.0 ], [ 73.1434099, 28.1525016, 0.0 ] ], [ [ 73.1433539, 28.1525008, 0.0 ], [ 73.1433771, 28.1525011, 0.0 ], [ 73.1433718, 28.1528044, 0.0 ], [ 73.1433487, 28.1528041, 0.0 ], [ 73.1433539, 28.1525008, 0.0 ] ], [ [ 73.1434046, 28.1528132, 0.0 ], [ 73.1434277, 28.1528136, 0.0 ], [ 73.1434224, 28.1531168, 0.0 ], [ 73.1433993, 28.1531165, 0.0 ], [ 73.1434046, 28.1528132, 0.0 ] ], [ [ 73.1433486, 28.1528125, 0.0 ], [ 73.1433717, 28.1528128, 0.0 ], [ 73.1433665, 28.1531161, 0.0 ], [ 73.1433433, 28.1531158, 0.0 ], [ 73.1433486, 28.1528125, 0.0 ] ], [ [ 73.143298, 28.1525, 0.0 ], [ 73.1433211, 28.1525004, 0.0 ], [ 73.1433158, 28.1528036, 0.0 ], [ 73.1432927, 28.1528033, 0.0 ], [ 73.143298, 28.1525, 0.0 ] ], [ [ 73.143242, 28.1524993, 0.0 ], [ 73.1432651, 28.1524996, 0.0 ], [ 73.1432599, 28.1528029, 0.0 ], [ 73.1432367, 28.1528025, 0.0 ], [ 73.143242, 28.1524993, 0.0 ] ], [ [ 73.1432926, 28.1528117, 0.0 ], [ 73.1433157, 28.152812, 0.0 ], [ 73.1433105, 28.1531153, 0.0 ], [ 73.1432873, 28.153115, 0.0 ], [ 73.1432926, 28.1528117, 0.0 ] ], [ [ 73.1432366, 28.152811, 0.0 ], [ 73.1432597, 28.1528113, 0.0 ], [ 73.1432545, 28.1531145, 0.0 ], [ 73.1432314, 28.1531142, 0.0 ], [ 73.1432366, 28.152811, 0.0 ] ], [ [ 73.143186, 28.1524985, 0.0 ], [ 73.1432091, 28.1524988, 0.0 ], [ 73.1432039, 28.1528021, 0.0 ], [ 73.1431807, 28.1528018, 0.0 ], [ 73.143186, 28.1524985, 0.0 ] ], [ [ 73.14313, 28.1524978, 0.0 ], [ 73.1431531, 28.1524981, 0.0 ], [ 73.1431479, 28.1528013, 0.0 ], [ 73.1431248, 28.152801, 0.0 ], [ 73.14313, 28.1524978, 0.0 ] ], [ [ 73.1431806, 28.1528102, 0.0 ], [ 73.1432037, 28.1528105, 0.0 ], [ 73.1431985, 28.1531138, 0.0 ], [ 73.1431754, 28.1531135, 0.0 ], [ 73.1431806, 28.1528102, 0.0 ] ], [ [ 73.1431246, 28.1528094, 0.0 ], [ 73.1431477, 28.1528098, 0.0 ], [ 73.1431425, 28.153113, 0.0 ], [ 73.1431194, 28.1531127, 0.0 ], [ 73.1431246, 28.1528094, 0.0 ] ], [ [ 73.143074, 28.152497, 0.0 ], [ 73.1430971, 28.1524973, 0.0 ], [ 73.1430919, 28.1528006, 0.0 ], [ 73.1430688, 28.1528003, 0.0 ], [ 73.143074, 28.152497, 0.0 ] ], [ [ 73.143018, 28.1524962, 0.0 ], [ 73.1430411, 28.1524966, 0.0 ], [ 73.1430359, 28.1527998, 0.0 ], [ 73.1430128, 28.1527995, 0.0 ], [ 73.143018, 28.1524962, 0.0 ] ], [ [ 73.1430686, 28.1528087, 0.0 ], [ 73.1430918, 28.152809, 0.0 ], [ 73.1430865, 28.1531123, 0.0 ], [ 73.1430634, 28.153112, 0.0 ], [ 73.1430686, 28.1528087, 0.0 ] ], [ [ 73.1430126, 28.1528079, 0.0 ], [ 73.1430358, 28.1528082, 0.0 ], [ 73.1430305, 28.1531115, 0.0 ], [ 73.1430074, 28.1531112, 0.0 ], [ 73.1430126, 28.1528079, 0.0 ] ], [ [ 73.142962, 28.1524955, 0.0 ], [ 73.1429852, 28.1524958, 0.0 ], [ 73.1429799, 28.1527991, 0.0 ], [ 73.1429568, 28.1527988, 0.0 ], [ 73.142962, 28.1524955, 0.0 ] ], [ [ 73.142906, 28.1524947, 0.0 ], [ 73.1429292, 28.152495, 0.0 ], [ 73.1429239, 28.1527983, 0.0 ], [ 73.1429008, 28.152798, 0.0 ], [ 73.142906, 28.1524947, 0.0 ] ], [ [ 73.1429566, 28.1528072, 0.0 ], [ 73.1429798, 28.1528075, 0.0 ], [ 73.1429745, 28.1531108, 0.0 ], [ 73.1429514, 28.1531104, 0.0 ], [ 73.1429566, 28.1528072, 0.0 ] ], [ [ 73.1429007, 28.1528064, 0.0 ], [ 73.1429238, 28.1528067, 0.0 ], [ 73.1429186, 28.15311, 0.0 ], [ 73.1428954, 28.1531097, 0.0 ], [ 73.1429007, 28.1528064, 0.0 ] ], [ [ 73.1428501, 28.152494, 0.0 ], [ 73.1428732, 28.1524943, 0.0 ], [ 73.1428679, 28.1527975, 0.0 ], [ 73.1428448, 28.1527972, 0.0 ], [ 73.1428501, 28.152494, 0.0 ] ], [ [ 73.1427941, 28.1524932, 0.0 ], [ 73.1428172, 28.1524935, 0.0 ], [ 73.142812, 28.1527968, 0.0 ], [ 73.1427888, 28.1527965, 0.0 ], [ 73.1427941, 28.1524932, 0.0 ] ], [ [ 73.1428447, 28.1528057, 0.0 ], [ 73.1428678, 28.152806, 0.0 ], [ 73.1428626, 28.1531092, 0.0 ], [ 73.1428394, 28.1531089, 0.0 ], [ 73.1428447, 28.1528057, 0.0 ] ], [ [ 73.1427887, 28.1528049, 0.0 ], [ 73.1428118, 28.1528052, 0.0 ], [ 73.1428066, 28.1531085, 0.0 ], [ 73.1427834, 28.1531082, 0.0 ], [ 73.1427887, 28.1528049, 0.0 ] ], [ [ 73.1427381, 28.1524925, 0.0 ], [ 73.1427612, 28.1524928, 0.0 ], [ 73.142756, 28.152796, 0.0 ], [ 73.1427328, 28.1527957, 0.0 ], [ 73.1427381, 28.1524925, 0.0 ] ], [ [ 73.1426821, 28.1524917, 0.0 ], [ 73.1427052, 28.152492, 0.0 ], [ 73.1427, 28.1527953, 0.0 ], [ 73.1426769, 28.152795, 0.0 ], [ 73.1426821, 28.1524917, 0.0 ] ], [ [ 73.1427327, 28.1528041, 0.0 ], [ 73.1427558, 28.1528044, 0.0 ], [ 73.1427506, 28.1531077, 0.0 ], [ 73.1427275, 28.1531074, 0.0 ], [ 73.1427327, 28.1528041, 0.0 ] ], [ [ 73.1426767, 28.1528034, 0.0 ], [ 73.1426998, 28.1528037, 0.0 ], [ 73.1426946, 28.153107, 0.0 ], [ 73.1426715, 28.1531066, 0.0 ], [ 73.1426767, 28.1528034, 0.0 ] ], [ [ 73.1426261, 28.1524909, 0.0 ], [ 73.1426492, 28.1524912, 0.0 ], [ 73.142644, 28.1527945, 0.0 ], [ 73.1426209, 28.1527942, 0.0 ], [ 73.1426261, 28.1524909, 0.0 ] ], [ [ 73.1425701, 28.1524902, 0.0 ], [ 73.1425932, 28.1524905, 0.0 ], [ 73.142588, 28.1527938, 0.0 ], [ 73.1425649, 28.1527934, 0.0 ], [ 73.1425701, 28.1524902, 0.0 ] ], [ [ 73.1426207, 28.1528026, 0.0 ], [ 73.1426438, 28.1528029, 0.0 ], [ 73.1426386, 28.1531062, 0.0 ], [ 73.1426155, 28.1531059, 0.0 ], [ 73.1426207, 28.1528026, 0.0 ] ], [ [ 73.1425647, 28.1528019, 0.0 ], [ 73.1425879, 28.1528022, 0.0 ], [ 73.1425826, 28.1531054, 0.0 ], [ 73.1425595, 28.1531051, 0.0 ], [ 73.1425647, 28.1528019, 0.0 ] ], [ [ 73.1425141, 28.1524894, 0.0 ], [ 73.1425373, 28.1524897, 0.0 ], [ 73.142532, 28.152793, 0.0 ], [ 73.1425089, 28.1527927, 0.0 ], [ 73.1425141, 28.1524894, 0.0 ] ], [ [ 73.1424581, 28.1524887, 0.0 ], [ 73.1424813, 28.152489, 0.0 ], [ 73.142476, 28.1527922, 0.0 ], [ 73.1424529, 28.1527919, 0.0 ], [ 73.1424581, 28.1524887, 0.0 ] ], [ [ 73.1425087, 28.1528011, 0.0 ], [ 73.1425319, 28.1528014, 0.0 ], [ 73.1425266, 28.1531047, 0.0 ], [ 73.1425035, 28.1531044, 0.0 ], [ 73.1425087, 28.1528011, 0.0 ] ], [ [ 73.1424528, 28.1528003, 0.0 ], [ 73.1424759, 28.1528007, 0.0 ], [ 73.1424706, 28.1531039, 0.0 ], [ 73.1424475, 28.1531036, 0.0 ], [ 73.1424528, 28.1528003, 0.0 ] ], [ [ 73.1424021, 28.1524879, 0.0 ], [ 73.1424253, 28.1524882, 0.0 ], [ 73.14242, 28.1527915, 0.0 ], [ 73.1423969, 28.1527912, 0.0 ], [ 73.1424021, 28.1524879, 0.0 ] ], [ [ 73.1423462, 28.1524871, 0.0 ], [ 73.1423693, 28.1524874, 0.0 ], [ 73.1423641, 28.1527907, 0.0 ], [ 73.1423409, 28.1527904, 0.0 ], [ 73.1423462, 28.1524871, 0.0 ] ], [ [ 73.1423968, 28.1527996, 0.0 ], [ 73.1424199, 28.1527999, 0.0 ], [ 73.1424147, 28.1531032, 0.0 ], [ 73.1423915, 28.1531028, 0.0 ], [ 73.1423968, 28.1527996, 0.0 ] ], [ [ 73.1423408, 28.1527988, 0.0 ], [ 73.1423639, 28.1527991, 0.0 ], [ 73.1423587, 28.1531024, 0.0 ], [ 73.1423355, 28.1531021, 0.0 ], [ 73.1423408, 28.1527988, 0.0 ] ], [ [ 73.1422902, 28.1524864, 0.0 ], [ 73.1423133, 28.1524867, 0.0 ], [ 73.1423081, 28.15279, 0.0 ], [ 73.1422849, 28.1527896, 0.0 ], [ 73.1422902, 28.1524864, 0.0 ] ], [ [ 73.1422342, 28.1524856, 0.0 ], [ 73.1422573, 28.1524859, 0.0 ], [ 73.1422521, 28.1527892, 0.0 ], [ 73.1422289, 28.1527889, 0.0 ], [ 73.1422342, 28.1524856, 0.0 ] ], [ [ 73.1422848, 28.1527981, 0.0 ], [ 73.1423079, 28.1527984, 0.0 ], [ 73.1423027, 28.1531016, 0.0 ], [ 73.1422796, 28.1531013, 0.0 ], [ 73.1422848, 28.1527981, 0.0 ] ], [ [ 73.1422288, 28.1527973, 0.0 ], [ 73.1422519, 28.1527976, 0.0 ], [ 73.1422467, 28.1531009, 0.0 ], [ 73.1422236, 28.1531006, 0.0 ], [ 73.1422288, 28.1527973, 0.0 ] ], [ [ 73.1421782, 28.1524849, 0.0 ], [ 73.1422013, 28.1524852, 0.0 ], [ 73.1421961, 28.1527884, 0.0 ], [ 73.142173, 28.1527881, 0.0 ], [ 73.1421782, 28.1524849, 0.0 ] ], [ [ 73.1421222, 28.1524841, 0.0 ], [ 73.1421453, 28.1524844, 0.0 ], [ 73.1421401, 28.1527877, 0.0 ], [ 73.142117, 28.1527874, 0.0 ], [ 73.1421222, 28.1524841, 0.0 ] ], [ [ 73.1421728, 28.1527965, 0.0 ], [ 73.1421959, 28.1527969, 0.0 ], [ 73.1421907, 28.1531001, 0.0 ], [ 73.1421676, 28.1530998, 0.0 ], [ 73.1421728, 28.1527965, 0.0 ] ], [ [ 73.1421168, 28.1527958, 0.0 ], [ 73.14214, 28.1527961, 0.0 ], [ 73.1421347, 28.1530994, 0.0 ], [ 73.1421116, 28.1530991, 0.0 ], [ 73.1421168, 28.1527958, 0.0 ] ], [ [ 73.1420662, 28.1524833, 0.0 ], [ 73.1420893, 28.1524837, 0.0 ], [ 73.1420841, 28.1527869, 0.0 ], [ 73.142061, 28.1527866, 0.0 ], [ 73.1420662, 28.1524833, 0.0 ] ], [ [ 73.1420102, 28.1524826, 0.0 ], [ 73.1420334, 28.1524829, 0.0 ], [ 73.1420281, 28.1527862, 0.0 ], [ 73.142005, 28.1527858, 0.0 ], [ 73.1420102, 28.1524826, 0.0 ] ], [ [ 73.1420608, 28.152795, 0.0 ], [ 73.142084, 28.1527953, 0.0 ], [ 73.1420787, 28.1530986, 0.0 ], [ 73.1420556, 28.1530983, 0.0 ], [ 73.1420608, 28.152795, 0.0 ] ], [ [ 73.1420049, 28.1527943, 0.0 ], [ 73.142028, 28.1527946, 0.0 ], [ 73.1420227, 28.1530978, 0.0 ], [ 73.1419996, 28.1530975, 0.0 ], [ 73.1420049, 28.1527943, 0.0 ] ], [ [ 73.1419542, 28.1524818, 0.0 ], [ 73.1419774, 28.1524821, 0.0 ], [ 73.1419721, 28.1527854, 0.0 ], [ 73.141949, 28.1527851, 0.0 ], [ 73.1419542, 28.1524818, 0.0 ] ], [ [ 73.1418983, 28.1524811, 0.0 ], [ 73.1419214, 28.1524814, 0.0 ], [ 73.1419161, 28.1527846, 0.0 ], [ 73.141893, 28.1527843, 0.0 ], [ 73.1418983, 28.1524811, 0.0 ] ], [ [ 73.1419489, 28.1527935, 0.0 ], [ 73.141972, 28.1527938, 0.0 ], [ 73.1419668, 28.1530971, 0.0 ], [ 73.1419436, 28.1530968, 0.0 ], [ 73.1419489, 28.1527935, 0.0 ] ], [ [ 73.1418929, 28.1527927, 0.0 ], [ 73.141916, 28.1527931, 0.0 ], [ 73.1419108, 28.1530963, 0.0 ], [ 73.1418876, 28.153096, 0.0 ], [ 73.1418929, 28.1527927, 0.0 ] ], [ [ 73.1418423, 28.1524803, 0.0 ], [ 73.1418654, 28.1524806, 0.0 ], [ 73.1418602, 28.1527839, 0.0 ], [ 73.141837, 28.1527836, 0.0 ], [ 73.1418423, 28.1524803, 0.0 ] ], [ [ 73.1417863, 28.1524795, 0.0 ], [ 73.1418094, 28.1524799, 0.0 ], [ 73.1418042, 28.1527831, 0.0 ], [ 73.141781, 28.1527828, 0.0 ], [ 73.1417863, 28.1524795, 0.0 ] ], [ [ 73.1418369, 28.152792, 0.0 ], [ 73.14186, 28.1527923, 0.0 ], [ 73.1418548, 28.1530956, 0.0 ], [ 73.1418316, 28.1530953, 0.0 ], [ 73.1418369, 28.152792, 0.0 ] ], [ [ 73.1417809, 28.1527912, 0.0 ], [ 73.141804, 28.1527915, 0.0 ], [ 73.1417988, 28.1530948, 0.0 ], [ 73.1417757, 28.1530945, 0.0 ], [ 73.1417809, 28.1527912, 0.0 ] ], [ [ 73.1417303, 28.1524788, 0.0 ], [ 73.1417534, 28.1524791, 0.0 ], [ 73.1417482, 28.1527824, 0.0 ], [ 73.1417251, 28.152782, 0.0 ], [ 73.1417303, 28.1524788, 0.0 ] ], [ [ 73.1416743, 28.152478, 0.0 ], [ 73.1416974, 28.1524783, 0.0 ], [ 73.1416922, 28.1527816, 0.0 ], [ 73.1416691, 28.1527813, 0.0 ], [ 73.1416743, 28.152478, 0.0 ] ], [ [ 73.1417249, 28.1527905, 0.0 ], [ 73.141748, 28.1527908, 0.0 ], [ 73.1417428, 28.153094, 0.0 ], [ 73.1417197, 28.1530937, 0.0 ], [ 73.1417249, 28.1527905, 0.0 ] ], [ [ 73.1416689, 28.1527897, 0.0 ], [ 73.1416921, 28.15279, 0.0 ], [ 73.1416868, 28.1530933, 0.0 ], [ 73.1416637, 28.153093, 0.0 ], [ 73.1416689, 28.1527897, 0.0 ] ], [ [ 73.1416183, 28.1524773, 0.0 ], [ 73.1416414, 28.1524776, 0.0 ], [ 73.1416362, 28.1527808, 0.0 ], [ 73.1416131, 28.1527805, 0.0 ], [ 73.1416183, 28.1524773, 0.0 ] ], [ [ 73.1415623, 28.1524765, 0.0 ], [ 73.1415855, 28.1524768, 0.0 ], [ 73.1415802, 28.1527801, 0.0 ], [ 73.1415571, 28.1527798, 0.0 ], [ 73.1415623, 28.1524765, 0.0 ] ], [ [ 73.1416129, 28.1527889, 0.0 ], [ 73.1416361, 28.1527893, 0.0 ], [ 73.1416308, 28.1530925, 0.0 ], [ 73.1416077, 28.1530922, 0.0 ], [ 73.1416129, 28.1527889, 0.0 ] ], [ [ 73.1415569, 28.1527882, 0.0 ], [ 73.1415801, 28.1527885, 0.0 ], [ 73.1415748, 28.1530918, 0.0 ], [ 73.1415517, 28.1530915, 0.0 ], [ 73.1415569, 28.1527882, 0.0 ] ], [ [ 73.1415063, 28.1524757, 0.0 ], [ 73.1415295, 28.1524761, 0.0 ], [ 73.1415242, 28.1527793, 0.0 ], [ 73.1415011, 28.152779, 0.0 ], [ 73.1415063, 28.1524757, 0.0 ] ], [ [ 73.1414504, 28.152475, 0.0 ], [ 73.1414735, 28.1524753, 0.0 ], [ 73.1414682, 28.1527786, 0.0 ], [ 73.1414451, 28.1527782, 0.0 ], [ 73.1414504, 28.152475, 0.0 ] ], [ [ 73.141501, 28.1527874, 0.0 ], [ 73.1415241, 28.1527877, 0.0 ], [ 73.1415188, 28.153091, 0.0 ], [ 73.1414957, 28.1530907, 0.0 ], [ 73.141501, 28.1527874, 0.0 ] ], [ [ 73.141445, 28.1527867, 0.0 ], [ 73.1414681, 28.152787, 0.0 ], [ 73.1414629, 28.1530902, 0.0 ], [ 73.1414397, 28.1530899, 0.0 ], [ 73.141445, 28.1527867, 0.0 ] ], [ [ 73.1413944, 28.1524742, 0.0 ], [ 73.1414175, 28.1524745, 0.0 ], [ 73.1414123, 28.1527778, 0.0 ], [ 73.1413891, 28.1527775, 0.0 ], [ 73.1413944, 28.1524742, 0.0 ] ], [ [ 73.1413384, 28.1524735, 0.0 ], [ 73.1413615, 28.1524738, 0.0 ], [ 73.1413563, 28.152777, 0.0 ], [ 73.1413331, 28.1527767, 0.0 ], [ 73.1413384, 28.1524735, 0.0 ] ], [ [ 73.141389, 28.1527859, 0.0 ], [ 73.1414121, 28.1527862, 0.0 ], [ 73.1414069, 28.1530895, 0.0 ], [ 73.1413837, 28.1530892, 0.0 ], [ 73.141389, 28.1527859, 0.0 ] ], [ [ 73.141333, 28.1527851, 0.0 ], [ 73.1413561, 28.1527855, 0.0 ], [ 73.1413509, 28.1530887, 0.0 ], [ 73.1413278, 28.1530884, 0.0 ], [ 73.141333, 28.1527851, 0.0 ] ], [ [ 73.1412824, 28.1524727, 0.0 ], [ 73.1413055, 28.152473, 0.0 ], [ 73.1413003, 28.1527763, 0.0 ], [ 73.1412772, 28.152776, 0.0 ], [ 73.1412824, 28.1524727, 0.0 ] ], [ [ 73.1412264, 28.1524719, 0.0 ], [ 73.1412495, 28.1524723, 0.0 ], [ 73.1412443, 28.1527755, 0.0 ], [ 73.1412212, 28.1527752, 0.0 ], [ 73.1412264, 28.1524719, 0.0 ] ], [ [ 73.141277, 28.1527844, 0.0 ], [ 73.1413001, 28.1527847, 0.0 ], [ 73.1412949, 28.153088, 0.0 ], [ 73.1412718, 28.1530877, 0.0 ], [ 73.141277, 28.1527844, 0.0 ] ], [ [ 73.141221, 28.1527836, 0.0 ], [ 73.1412441, 28.1527839, 0.0 ], [ 73.1412389, 28.1530872, 0.0 ], [ 73.1412158, 28.1530869, 0.0 ], [ 73.141221, 28.1527836, 0.0 ] ], [ [ 73.1411704, 28.1524712, 0.0 ], [ 73.1411935, 28.1524715, 0.0 ], [ 73.1411883, 28.1527748, 0.0 ], [ 73.1411652, 28.1527745, 0.0 ], [ 73.1411704, 28.1524712, 0.0 ] ], [ [ 73.1411144, 28.1524704, 0.0 ], [ 73.1411376, 28.1524707, 0.0 ], [ 73.1411323, 28.152774, 0.0 ], [ 73.1411092, 28.1527737, 0.0 ], [ 73.1411144, 28.1524704, 0.0 ] ], [ [ 73.141165, 28.1527829, 0.0 ], [ 73.1411882, 28.1527832, 0.0 ], [ 73.1411829, 28.1530864, 0.0 ], [ 73.1411598, 28.1530861, 0.0 ], [ 73.141165, 28.1527829, 0.0 ] ], [ [ 73.141109, 28.1527821, 0.0 ], [ 73.1411322, 28.1527824, 0.0 ], [ 73.1411269, 28.1530857, 0.0 ], [ 73.1411038, 28.1530854, 0.0 ], [ 73.141109, 28.1527821, 0.0 ] ], [ [ 73.1410584, 28.1524697, 0.0 ], [ 73.1410816, 28.15247, 0.0 ], [ 73.1410763, 28.1527732, 0.0 ], [ 73.1410532, 28.1527729, 0.0 ], [ 73.1410584, 28.1524697, 0.0 ] ], [ [ 73.1410025, 28.1524689, 0.0 ], [ 73.1410256, 28.1524692, 0.0 ], [ 73.1410203, 28.1527725, 0.0 ], [ 73.1409972, 28.1527722, 0.0 ], [ 73.1410025, 28.1524689, 0.0 ] ], [ [ 73.1410531, 28.1527813, 0.0 ], [ 73.1410762, 28.1527817, 0.0 ], [ 73.1410709, 28.1530849, 0.0 ], [ 73.1410478, 28.1530846, 0.0 ], [ 73.1410531, 28.1527813, 0.0 ] ], [ [ 73.1409971, 28.1527806, 0.0 ], [ 73.1410202, 28.1527809, 0.0 ], [ 73.141015, 28.1530842, 0.0 ], [ 73.1409918, 28.1530839, 0.0 ], [ 73.1409971, 28.1527806, 0.0 ] ], [ [ 73.1409465, 28.1524681, 0.0 ], [ 73.1409696, 28.1524685, 0.0 ], [ 73.1409644, 28.1527717, 0.0 ], [ 73.1409412, 28.1527714, 0.0 ], [ 73.1409465, 28.1524681, 0.0 ] ], [ [ 73.1408905, 28.1524674, 0.0 ], [ 73.1409136, 28.1524677, 0.0 ], [ 73.1409084, 28.152771, 0.0 ], [ 73.1408852, 28.1527707, 0.0 ], [ 73.1408905, 28.1524674, 0.0 ] ], [ [ 73.1409411, 28.1527798, 0.0 ], [ 73.1409642, 28.1527801, 0.0 ], [ 73.140959, 28.1530834, 0.0 ], [ 73.1409358, 28.1530831, 0.0 ], [ 73.1409411, 28.1527798, 0.0 ] ], [ [ 73.1408851, 28.1527791, 0.0 ], [ 73.1409082, 28.1527794, 0.0 ], [ 73.140903, 28.1530827, 0.0 ], [ 73.1408799, 28.1530823, 0.0 ], [ 73.1408851, 28.1527791, 0.0 ] ], [ [ 73.1408345, 28.1524666, 0.0 ], [ 73.1408576, 28.1524669, 0.0 ], [ 73.1408524, 28.1527702, 0.0 ], [ 73.1408292, 28.1527699, 0.0 ], [ 73.1408345, 28.1524666, 0.0 ] ], [ [ 73.1407785, 28.1524659, 0.0 ], [ 73.1408016, 28.1524662, 0.0 ], [ 73.1407964, 28.1527694, 0.0 ], [ 73.1407733, 28.1527691, 0.0 ], [ 73.1407785, 28.1524659, 0.0 ] ], [ [ 73.1408291, 28.1527783, 0.0 ], [ 73.1408522, 28.1527786, 0.0 ], [ 73.140847, 28.1530819, 0.0 ], [ 73.1408239, 28.1530816, 0.0 ], [ 73.1408291, 28.1527783, 0.0 ] ], [ [ 73.1407731, 28.1527775, 0.0 ], [ 73.1407962, 28.1527779, 0.0 ], [ 73.140791, 28.1530811, 0.0 ], [ 73.1407679, 28.1530808, 0.0 ], [ 73.1407731, 28.1527775, 0.0 ] ], [ [ 73.1407225, 28.1524651, 0.0 ], [ 73.1407456, 28.1524654, 0.0 ], [ 73.1407404, 28.1527687, 0.0 ], [ 73.1407173, 28.1527684, 0.0 ], [ 73.1407225, 28.1524651, 0.0 ] ], [ [ 73.1406665, 28.1524643, 0.0 ], [ 73.1406897, 28.1524647, 0.0 ], [ 73.1406844, 28.1527679, 0.0 ], [ 73.1406613, 28.1527676, 0.0 ], [ 73.1406665, 28.1524643, 0.0 ] ], [ [ 73.1407171, 28.1527768, 0.0 ], [ 73.1407403, 28.1527771, 0.0 ], [ 73.140735, 28.1530804, 0.0 ], [ 73.1407119, 28.1530801, 0.0 ], [ 73.1407171, 28.1527768, 0.0 ] ], [ [ 73.1406611, 28.152776, 0.0 ], [ 73.1406843, 28.1527763, 0.0 ], [ 73.140679, 28.1530796, 0.0 ], [ 73.1406559, 28.1530793, 0.0 ], [ 73.1406611, 28.152776, 0.0 ] ], [ [ 73.1446523, 28.1518988, 0.0 ], [ 73.1446755, 28.1518991, 0.0 ], [ 73.1446702, 28.1522024, 0.0 ], [ 73.1446471, 28.1522021, 0.0 ], [ 73.1446523, 28.1518988, 0.0 ] ], [ [ 73.1445964, 28.151898, 0.0 ], [ 73.1446195, 28.1518983, 0.0 ], [ 73.1446143, 28.1522016, 0.0 ], [ 73.1445911, 28.1522013, 0.0 ], [ 73.1445964, 28.151898, 0.0 ] ], [ [ 73.144647, 28.1522105, 0.0 ], [ 73.1446701, 28.1522108, 0.0 ], [ 73.1446649, 28.1525141, 0.0 ], [ 73.1446417, 28.1525137, 0.0 ], [ 73.144647, 28.1522105, 0.0 ] ], [ [ 73.144591, 28.1522097, 0.0 ], [ 73.1446141, 28.15221, 0.0 ], [ 73.1446089, 28.1525133, 0.0 ], [ 73.1445858, 28.152513, 0.0 ], [ 73.144591, 28.1522097, 0.0 ] ], [ [ 73.1445404, 28.1518973, 0.0 ], [ 73.1445635, 28.1518976, 0.0 ], [ 73.1445583, 28.1522008, 0.0 ], [ 73.1445351, 28.1522005, 0.0 ], [ 73.1445404, 28.1518973, 0.0 ] ], [ [ 73.1444844, 28.1518965, 0.0 ], [ 73.1445075, 28.1518968, 0.0 ], [ 73.1445023, 28.1522001, 0.0 ], [ 73.1444792, 28.1521998, 0.0 ], [ 73.1444844, 28.1518965, 0.0 ] ], [ [ 73.144535, 28.152209, 0.0 ], [ 73.1445581, 28.1522093, 0.0 ], [ 73.1445529, 28.1525125, 0.0 ], [ 73.1445298, 28.1525122, 0.0 ], [ 73.144535, 28.152209, 0.0 ] ], [ [ 73.144479, 28.1522082, 0.0 ], [ 73.1445021, 28.1522085, 0.0 ], [ 73.1444969, 28.1525118, 0.0 ], [ 73.1444738, 28.1525115, 0.0 ], [ 73.144479, 28.1522082, 0.0 ] ], [ [ 73.1444284, 28.1518958, 0.0 ], [ 73.1444515, 28.1518961, 0.0 ], [ 73.1444463, 28.1521993, 0.0 ], [ 73.1444232, 28.152199, 0.0 ], [ 73.1444284, 28.1518958, 0.0 ] ], [ [ 73.1443724, 28.151895, 0.0 ], [ 73.1443955, 28.1518953, 0.0 ], [ 73.1443903, 28.1521986, 0.0 ], [ 73.1443672, 28.1521983, 0.0 ], [ 73.1443724, 28.151895, 0.0 ] ], [ [ 73.144423, 28.1522074, 0.0 ], [ 73.1444461, 28.1522078, 0.0 ], [ 73.1444409, 28.152511, 0.0 ], [ 73.1444178, 28.1525107, 0.0 ], [ 73.144423, 28.1522074, 0.0 ] ], [ [ 73.144367, 28.1522067, 0.0 ], [ 73.1443902, 28.152207, 0.0 ], [ 73.1443849, 28.1525103, 0.0 ], [ 73.1443618, 28.1525099, 0.0 ], [ 73.144367, 28.1522067, 0.0 ] ], [ [ 73.1443164, 28.1518942, 0.0 ], [ 73.1443395, 28.1518945, 0.0 ], [ 73.1443343, 28.1521978, 0.0 ], [ 73.1443112, 28.1521975, 0.0 ], [ 73.1443164, 28.1518942, 0.0 ] ], [ [ 73.1442604, 28.1518935, 0.0 ], [ 73.1442836, 28.1518938, 0.0 ], [ 73.1442783, 28.1521971, 0.0 ], [ 73.1442552, 28.1521967, 0.0 ], [ 73.1442604, 28.1518935, 0.0 ] ], [ [ 73.144311, 28.1522059, 0.0 ], [ 73.1443342, 28.1522062, 0.0 ], [ 73.1443289, 28.1525095, 0.0 ], [ 73.1443058, 28.1525092, 0.0 ], [ 73.144311, 28.1522059, 0.0 ] ], [ [ 73.1442551, 28.1522052, 0.0 ], [ 73.1442782, 28.1522055, 0.0 ], [ 73.144273, 28.1525087, 0.0 ], [ 73.1442498, 28.1525084, 0.0 ], [ 73.1442551, 28.1522052, 0.0 ] ], [ [ 73.1442044, 28.1518927, 0.0 ], [ 73.1442276, 28.151893, 0.0 ], [ 73.1442223, 28.1521963, 0.0 ], [ 73.1441992, 28.152196, 0.0 ], [ 73.1442044, 28.1518927, 0.0 ] ], [ [ 73.1441485, 28.151892, 0.0 ], [ 73.1441716, 28.1518923, 0.0 ], [ 73.1441664, 28.1521955, 0.0 ], [ 73.1441432, 28.1521952, 0.0 ], [ 73.1441485, 28.151892, 0.0 ] ], [ [ 73.1441991, 28.1522044, 0.0 ], [ 73.1442222, 28.1522047, 0.0 ], [ 73.144217, 28.152508, 0.0 ], [ 73.1441938, 28.1525077, 0.0 ], [ 73.1441991, 28.1522044, 0.0 ] ], [ [ 73.1441431, 28.1522036, 0.0 ], [ 73.1441662, 28.152204, 0.0 ], [ 73.144161, 28.1525072, 0.0 ], [ 73.1441378, 28.1525069, 0.0 ], [ 73.1441431, 28.1522036, 0.0 ] ], [ [ 73.1436446, 28.1518851, 0.0 ], [ 73.1436677, 28.1518854, 0.0 ], [ 73.1436625, 28.1521887, 0.0 ], [ 73.1436393, 28.1521884, 0.0 ], [ 73.1436446, 28.1518851, 0.0 ] ], [ [ 73.1435886, 28.1518844, 0.0 ], [ 73.1436117, 28.1518847, 0.0 ], [ 73.1436065, 28.152188, 0.0 ], [ 73.1435833, 28.1521876, 0.0 ], [ 73.1435886, 28.1518844, 0.0 ] ], [ [ 73.1436392, 28.1521968, 0.0 ], [ 73.1436623, 28.1521971, 0.0 ], [ 73.1436571, 28.1525004, 0.0 ], [ 73.143634, 28.1525001, 0.0 ], [ 73.1436392, 28.1521968, 0.0 ] ], [ [ 73.1435832, 28.1521961, 0.0 ], [ 73.1436063, 28.1521964, 0.0 ], [ 73.1436011, 28.1524996, 0.0 ], [ 73.143578, 28.1524993, 0.0 ], [ 73.1435832, 28.1521961, 0.0 ] ], [ [ 73.1440925, 28.1518912, 0.0 ], [ 73.1441156, 28.1518915, 0.0 ], [ 73.1441104, 28.1521948, 0.0 ], [ 73.1440872, 28.1521945, 0.0 ], [ 73.1440925, 28.1518912, 0.0 ] ], [ [ 73.1440365, 28.1518904, 0.0 ], [ 73.1440596, 28.1518908, 0.0 ], [ 73.1440544, 28.152194, 0.0 ], [ 73.1440313, 28.1521937, 0.0 ], [ 73.1440365, 28.1518904, 0.0 ] ], [ [ 73.1440871, 28.1522029, 0.0 ], [ 73.1441102, 28.1522032, 0.0 ], [ 73.144105, 28.1525065, 0.0 ], [ 73.1440819, 28.1525062, 0.0 ], [ 73.1440871, 28.1522029, 0.0 ] ], [ [ 73.1440311, 28.1522021, 0.0 ], [ 73.1440542, 28.1522024, 0.0 ], [ 73.144049, 28.1525057, 0.0 ], [ 73.1440259, 28.1525054, 0.0 ], [ 73.1440311, 28.1522021, 0.0 ] ], [ [ 73.1431967, 28.1518791, 0.0 ], [ 73.1432198, 28.1518794, 0.0 ], [ 73.1432146, 28.1521826, 0.0 ], [ 73.1431914, 28.1521823, 0.0 ], [ 73.1431967, 28.1518791, 0.0 ] ], [ [ 73.1431407, 28.1518783, 0.0 ], [ 73.1431638, 28.1518786, 0.0 ], [ 73.1431586, 28.1521819, 0.0 ], [ 73.1431354, 28.1521816, 0.0 ], [ 73.1431407, 28.1518783, 0.0 ] ], [ [ 73.1431913, 28.1521907, 0.0 ], [ 73.1432144, 28.1521911, 0.0 ], [ 73.1432092, 28.1524943, 0.0 ], [ 73.1431861, 28.152494, 0.0 ], [ 73.1431913, 28.1521907, 0.0 ] ], [ [ 73.1431353, 28.15219, 0.0 ], [ 73.1431584, 28.1521903, 0.0 ], [ 73.1431532, 28.1524936, 0.0 ], [ 73.1431301, 28.1524933, 0.0 ], [ 73.1431353, 28.15219, 0.0 ] ], [ [ 73.1433086, 28.1518806, 0.0 ], [ 73.1433318, 28.1518809, 0.0 ], [ 73.1433265, 28.1521842, 0.0 ], [ 73.1433034, 28.1521838, 0.0 ], [ 73.1433086, 28.1518806, 0.0 ] ], [ [ 73.1432527, 28.1518798, 0.0 ], [ 73.1432758, 28.1518801, 0.0 ], [ 73.1432706, 28.1521834, 0.0 ], [ 73.1432474, 28.1521831, 0.0 ], [ 73.1432527, 28.1518798, 0.0 ] ], [ [ 73.1433033, 28.1521923, 0.0 ], [ 73.1433264, 28.1521926, 0.0 ], [ 73.1433212, 28.1524958, 0.0 ], [ 73.143298, 28.1524955, 0.0 ], [ 73.1433033, 28.1521923, 0.0 ] ], [ [ 73.1432473, 28.1521915, 0.0 ], [ 73.1432704, 28.1521918, 0.0 ], [ 73.1432652, 28.1524951, 0.0 ], [ 73.143242, 28.1524948, 0.0 ], [ 73.1432473, 28.1521915, 0.0 ] ], [ [ 73.1430847, 28.1518775, 0.0 ], [ 73.1431078, 28.1518779, 0.0 ], [ 73.1431026, 28.1521811, 0.0 ], [ 73.1430795, 28.1521808, 0.0 ], [ 73.1430847, 28.1518775, 0.0 ] ], [ [ 73.1430287, 28.1518768, 0.0 ], [ 73.1430518, 28.1518771, 0.0 ], [ 73.1430466, 28.1521804, 0.0 ], [ 73.1430235, 28.15218, 0.0 ], [ 73.1430287, 28.1518768, 0.0 ] ], [ [ 73.1430793, 28.1521892, 0.0 ], [ 73.1431024, 28.1521895, 0.0 ], [ 73.1430972, 28.1524928, 0.0 ], [ 73.1430741, 28.1524925, 0.0 ], [ 73.1430793, 28.1521892, 0.0 ] ], [ [ 73.1430233, 28.1521885, 0.0 ], [ 73.1430465, 28.1521888, 0.0 ], [ 73.1430412, 28.152492, 0.0 ], [ 73.1430181, 28.1524917, 0.0 ], [ 73.1430233, 28.1521885, 0.0 ] ], [ [ 73.1429727, 28.151876, 0.0 ], [ 73.1429958, 28.1518763, 0.0 ], [ 73.1429906, 28.1521796, 0.0 ], [ 73.1429675, 28.1521793, 0.0 ], [ 73.1429727, 28.151876, 0.0 ] ], [ [ 73.1429167, 28.1518753, 0.0 ], [ 73.1429399, 28.1518756, 0.0 ], [ 73.1429346, 28.1521788, 0.0 ], [ 73.1429115, 28.1521785, 0.0 ], [ 73.1429167, 28.1518753, 0.0 ] ], [ [ 73.1429673, 28.1521877, 0.0 ], [ 73.1429905, 28.152188, 0.0 ], [ 73.1429852, 28.1524913, 0.0 ], [ 73.1429621, 28.152491, 0.0 ], [ 73.1429673, 28.1521877, 0.0 ] ], [ [ 73.1429114, 28.1521869, 0.0 ], [ 73.1429345, 28.1521873, 0.0 ], [ 73.1429292, 28.1524905, 0.0 ], [ 73.1429061, 28.1524902, 0.0 ], [ 73.1429114, 28.1521869, 0.0 ] ], [ [ 73.1428607, 28.1518745, 0.0 ], [ 73.1428839, 28.1518748, 0.0 ], [ 73.1428786, 28.1521781, 0.0 ], [ 73.1428555, 28.1521778, 0.0 ], [ 73.1428607, 28.1518745, 0.0 ] ], [ [ 73.1428048, 28.1518737, 0.0 ], [ 73.1428279, 28.1518741, 0.0 ], [ 73.1428226, 28.1521773, 0.0 ], [ 73.1427995, 28.152177, 0.0 ], [ 73.1428048, 28.1518737, 0.0 ] ], [ [ 73.1428554, 28.1521862, 0.0 ], [ 73.1428785, 28.1521865, 0.0 ], [ 73.1428733, 28.1524898, 0.0 ], [ 73.1428501, 28.1524895, 0.0 ], [ 73.1428554, 28.1521862, 0.0 ] ], [ [ 73.1427994, 28.1521854, 0.0 ], [ 73.1428225, 28.1521857, 0.0 ], [ 73.1428173, 28.152489, 0.0 ], [ 73.1427941, 28.1524887, 0.0 ], [ 73.1427994, 28.1521854, 0.0 ] ], [ [ 73.1427488, 28.151873, 0.0 ], [ 73.1427719, 28.1518733, 0.0 ], [ 73.1427667, 28.1521766, 0.0 ], [ 73.1427435, 28.1521763, 0.0 ], [ 73.1427488, 28.151873, 0.0 ] ], [ [ 73.1426928, 28.1518722, 0.0 ], [ 73.1427159, 28.1518725, 0.0 ], [ 73.1427107, 28.1521758, 0.0 ], [ 73.1426875, 28.1521755, 0.0 ], [ 73.1426928, 28.1518722, 0.0 ] ], [ [ 73.1427434, 28.1521847, 0.0 ], [ 73.1427665, 28.152185, 0.0 ], [ 73.1427613, 28.1524883, 0.0 ], [ 73.1427382, 28.1524879, 0.0 ], [ 73.1427434, 28.1521847, 0.0 ] ], [ [ 73.1426874, 28.1521839, 0.0 ], [ 73.1427105, 28.1521842, 0.0 ], [ 73.1427053, 28.1524875, 0.0 ], [ 73.1426822, 28.1524872, 0.0 ], [ 73.1426874, 28.1521839, 0.0 ] ], [ [ 73.1426368, 28.1518715, 0.0 ], [ 73.1426599, 28.1518718, 0.0 ], [ 73.1426547, 28.152175, 0.0 ], [ 73.1426316, 28.1521747, 0.0 ], [ 73.1426368, 28.1518715, 0.0 ] ], [ [ 73.1425808, 28.1518707, 0.0 ], [ 73.1426039, 28.151871, 0.0 ], [ 73.1425987, 28.1521743, 0.0 ], [ 73.1425756, 28.152174, 0.0 ], [ 73.1425808, 28.1518707, 0.0 ] ], [ [ 73.1426314, 28.1521832, 0.0 ], [ 73.1426545, 28.1521835, 0.0 ], [ 73.1426493, 28.1524867, 0.0 ], [ 73.1426262, 28.1524864, 0.0 ], [ 73.1426314, 28.1521832, 0.0 ] ], [ [ 73.1425754, 28.1521824, 0.0 ], [ 73.1425986, 28.1521827, 0.0 ], [ 73.1425933, 28.152486, 0.0 ], [ 73.1425702, 28.1524857, 0.0 ], [ 73.1425754, 28.1521824, 0.0 ] ], [ [ 73.1425248, 28.1518699, 0.0 ], [ 73.1425479, 28.1518703, 0.0 ], [ 73.1425427, 28.1521735, 0.0 ], [ 73.1425196, 28.1521732, 0.0 ], [ 73.1425248, 28.1518699, 0.0 ] ], [ [ 73.1424688, 28.1518692, 0.0 ], [ 73.142492, 28.1518695, 0.0 ], [ 73.1424867, 28.1521728, 0.0 ], [ 73.1424636, 28.1521725, 0.0 ], [ 73.1424688, 28.1518692, 0.0 ] ], [ [ 73.1425194, 28.1521816, 0.0 ], [ 73.1425426, 28.1521819, 0.0 ], [ 73.1425373, 28.1524852, 0.0 ], [ 73.1425142, 28.1524849, 0.0 ], [ 73.1425194, 28.1521816, 0.0 ] ], [ [ 73.1424634, 28.1521809, 0.0 ], [ 73.1424866, 28.1521812, 0.0 ], [ 73.1424813, 28.1524845, 0.0 ], [ 73.1424582, 28.1524841, 0.0 ], [ 73.1424634, 28.1521809, 0.0 ] ], [ [ 73.1424128, 28.1518684, 0.0 ], [ 73.142436, 28.1518687, 0.0 ], [ 73.1424307, 28.152172, 0.0 ], [ 73.1424076, 28.1521717, 0.0 ], [ 73.1424128, 28.1518684, 0.0 ] ], [ [ 73.1423569, 28.1518677, 0.0 ], [ 73.14238, 28.151868, 0.0 ], [ 73.1423747, 28.1521713, 0.0 ], [ 73.1423516, 28.1521709, 0.0 ], [ 73.1423569, 28.1518677, 0.0 ] ], [ [ 73.1424075, 28.1521801, 0.0 ], [ 73.1424306, 28.1521804, 0.0 ], [ 73.1424254, 28.1524837, 0.0 ], [ 73.1424022, 28.1524834, 0.0 ], [ 73.1424075, 28.1521801, 0.0 ] ], [ [ 73.1423515, 28.1521794, 0.0 ], [ 73.1423746, 28.1521797, 0.0 ], [ 73.1423694, 28.1524829, 0.0 ], [ 73.1423462, 28.1524826, 0.0 ], [ 73.1423515, 28.1521794, 0.0 ] ], [ [ 73.1423009, 28.1518669, 0.0 ], [ 73.142324, 28.1518672, 0.0 ], [ 73.1423188, 28.1521705, 0.0 ], [ 73.1422956, 28.1521702, 0.0 ], [ 73.1423009, 28.1518669, 0.0 ] ], [ [ 73.1422449, 28.1518662, 0.0 ], [ 73.142268, 28.1518665, 0.0 ], [ 73.1422628, 28.1521697, 0.0 ], [ 73.1422396, 28.1521694, 0.0 ], [ 73.1422449, 28.1518662, 0.0 ] ], [ [ 73.1422955, 28.1521786, 0.0 ], [ 73.1423186, 28.1521789, 0.0 ], [ 73.1423134, 28.1524822, 0.0 ], [ 73.1422902, 28.1524819, 0.0 ], [ 73.1422955, 28.1521786, 0.0 ] ], [ [ 73.1422395, 28.1521778, 0.0 ], [ 73.1422626, 28.1521782, 0.0 ], [ 73.1422574, 28.1524814, 0.0 ], [ 73.1422343, 28.1524811, 0.0 ], [ 73.1422395, 28.1521778, 0.0 ] ], [ [ 73.1421889, 28.1518654, 0.0 ], [ 73.142212, 28.1518657, 0.0 ], [ 73.1422068, 28.152169, 0.0 ], [ 73.1421837, 28.1521687, 0.0 ], [ 73.1421889, 28.1518654, 0.0 ] ], [ [ 73.1421329, 28.1518646, 0.0 ], [ 73.142156, 28.1518649, 0.0 ], [ 73.1421508, 28.1521682, 0.0 ], [ 73.1421277, 28.1521679, 0.0 ], [ 73.1421329, 28.1518646, 0.0 ] ], [ [ 73.1421835, 28.1521771, 0.0 ], [ 73.1422066, 28.1521774, 0.0 ], [ 73.1422014, 28.1524807, 0.0 ], [ 73.1421783, 28.1524803, 0.0 ], [ 73.1421835, 28.1521771, 0.0 ] ], [ [ 73.1421275, 28.1521763, 0.0 ], [ 73.1421507, 28.1521766, 0.0 ], [ 73.1421454, 28.1524799, 0.0 ], [ 73.1421223, 28.1524796, 0.0 ], [ 73.1421275, 28.1521763, 0.0 ] ], [ [ 73.1420769, 28.1518639, 0.0 ], [ 73.1421, 28.1518642, 0.0 ], [ 73.1420948, 28.1521675, 0.0 ], [ 73.1420717, 28.1521671, 0.0 ], [ 73.1420769, 28.1518639, 0.0 ] ], [ [ 73.1420209, 28.1518631, 0.0 ], [ 73.1420441, 28.1518634, 0.0 ], [ 73.1420388, 28.1521667, 0.0 ], [ 73.1420157, 28.1521664, 0.0 ], [ 73.1420209, 28.1518631, 0.0 ] ], [ [ 73.1420715, 28.1521756, 0.0 ], [ 73.1420947, 28.1521759, 0.0 ], [ 73.1420894, 28.1524791, 0.0 ], [ 73.1420663, 28.1524788, 0.0 ], [ 73.1420715, 28.1521756, 0.0 ] ], [ [ 73.1420155, 28.1521748, 0.0 ], [ 73.1420387, 28.1521751, 0.0 ], [ 73.1420334, 28.1524784, 0.0 ], [ 73.1420103, 28.1524781, 0.0 ], [ 73.1420155, 28.1521748, 0.0 ] ], [ [ 73.1419649, 28.1518624, 0.0 ], [ 73.1419881, 28.1518627, 0.0 ], [ 73.1419828, 28.1521659, 0.0 ], [ 73.1419597, 28.1521656, 0.0 ], [ 73.1419649, 28.1518624, 0.0 ] ], [ [ 73.141909, 28.1518616, 0.0 ], [ 73.1419321, 28.1518619, 0.0 ], [ 73.1419268, 28.1521652, 0.0 ], [ 73.1419037, 28.1521649, 0.0 ], [ 73.141909, 28.1518616, 0.0 ] ], [ [ 73.1419596, 28.152174, 0.0 ], [ 73.1419827, 28.1521744, 0.0 ], [ 73.1419775, 28.1524776, 0.0 ], [ 73.1419543, 28.1524773, 0.0 ], [ 73.1419596, 28.152174, 0.0 ] ], [ [ 73.1419036, 28.1521733, 0.0 ], [ 73.1419267, 28.1521736, 0.0 ], [ 73.1419215, 28.1524769, 0.0 ], [ 73.1418983, 28.1524765, 0.0 ], [ 73.1419036, 28.1521733, 0.0 ] ], [ [ 73.141853, 28.1518608, 0.0 ], [ 73.1418761, 28.1518611, 0.0 ], [ 73.1418709, 28.1521644, 0.0 ], [ 73.1418477, 28.1521641, 0.0 ], [ 73.141853, 28.1518608, 0.0 ] ], [ [ 73.141797, 28.1518601, 0.0 ], [ 73.1418201, 28.1518604, 0.0 ], [ 73.1418149, 28.1521637, 0.0 ], [ 73.1417917, 28.1521633, 0.0 ], [ 73.141797, 28.1518601, 0.0 ] ], [ [ 73.1418476, 28.1521725, 0.0 ], [ 73.1418707, 28.1521728, 0.0 ], [ 73.1418655, 28.1524761, 0.0 ], [ 73.1418423, 28.1524758, 0.0 ], [ 73.1418476, 28.1521725, 0.0 ] ], [ [ 73.1417916, 28.1521718, 0.0 ], [ 73.1418147, 28.1521721, 0.0 ], [ 73.1418095, 28.1524753, 0.0 ], [ 73.1417864, 28.152475, 0.0 ], [ 73.1417916, 28.1521718, 0.0 ] ], [ [ 73.141741, 28.1518593, 0.0 ], [ 73.1417641, 28.1518596, 0.0 ], [ 73.1417589, 28.1521629, 0.0 ], [ 73.1417358, 28.1521626, 0.0 ], [ 73.141741, 28.1518593, 0.0 ] ], [ [ 73.141685, 28.1518586, 0.0 ], [ 73.1417081, 28.1518589, 0.0 ], [ 73.1417029, 28.1521621, 0.0 ], [ 73.1416798, 28.1521618, 0.0 ], [ 73.141685, 28.1518586, 0.0 ] ], [ [ 73.1417356, 28.152171, 0.0 ], [ 73.1417587, 28.1521713, 0.0 ], [ 73.1417535, 28.1524746, 0.0 ], [ 73.1417304, 28.1524743, 0.0 ], [ 73.1417356, 28.152171, 0.0 ] ], [ [ 73.1416796, 28.1521702, 0.0 ], [ 73.1417027, 28.1521706, 0.0 ], [ 73.1416975, 28.1524738, 0.0 ], [ 73.1416744, 28.1524735, 0.0 ], [ 73.1416796, 28.1521702, 0.0 ] ], [ [ 73.141629, 28.1518578, 0.0 ], [ 73.1416521, 28.1518581, 0.0 ], [ 73.1416469, 28.1521614, 0.0 ], [ 73.1416238, 28.1521611, 0.0 ], [ 73.141629, 28.1518578, 0.0 ] ], [ [ 73.141573, 28.151857, 0.0 ], [ 73.1415962, 28.1518574, 0.0 ], [ 73.1415909, 28.1521606, 0.0 ], [ 73.1415678, 28.1521603, 0.0 ], [ 73.141573, 28.151857, 0.0 ] ], [ [ 73.1416236, 28.1521695, 0.0 ], [ 73.1416468, 28.1521698, 0.0 ], [ 73.1416415, 28.1524731, 0.0 ], [ 73.1416184, 28.1524728, 0.0 ], [ 73.1416236, 28.1521695, 0.0 ] ], [ [ 73.1415676, 28.1521687, 0.0 ], [ 73.1415908, 28.152169, 0.0 ], [ 73.1415855, 28.1524723, 0.0 ], [ 73.1415624, 28.152472, 0.0 ], [ 73.1415676, 28.1521687, 0.0 ] ], [ [ 73.141517, 28.1518563, 0.0 ], [ 73.1415402, 28.1518566, 0.0 ], [ 73.1415349, 28.1521599, 0.0 ], [ 73.1415118, 28.1521595, 0.0 ], [ 73.141517, 28.1518563, 0.0 ] ], [ [ 73.1414611, 28.1518555, 0.0 ], [ 73.1414842, 28.1518558, 0.0 ], [ 73.1414789, 28.1521591, 0.0 ], [ 73.1414558, 28.1521588, 0.0 ], [ 73.1414611, 28.1518555, 0.0 ] ], [ [ 73.1415117, 28.152168, 0.0 ], [ 73.1415348, 28.1521683, 0.0 ], [ 73.1415295, 28.1524715, 0.0 ], [ 73.1415064, 28.1524712, 0.0 ], [ 73.1415117, 28.152168, 0.0 ] ], [ [ 73.1414557, 28.1521672, 0.0 ], [ 73.1414788, 28.1521675, 0.0 ], [ 73.1414736, 28.1524708, 0.0 ], [ 73.1414504, 28.1524705, 0.0 ], [ 73.1414557, 28.1521672, 0.0 ] ], [ [ 73.1414051, 28.1518548, 0.0 ], [ 73.1414282, 28.1518551, 0.0 ], [ 73.141423, 28.1521583, 0.0 ], [ 73.1413998, 28.152158, 0.0 ], [ 73.1414051, 28.1518548, 0.0 ] ], [ [ 73.1413491, 28.151854, 0.0 ], [ 73.1413722, 28.1518543, 0.0 ], [ 73.141367, 28.1521576, 0.0 ], [ 73.1413438, 28.1521573, 0.0 ], [ 73.1413491, 28.151854, 0.0 ] ], [ [ 73.1413997, 28.1521664, 0.0 ], [ 73.1414228, 28.1521668, 0.0 ], [ 73.1414176, 28.15247, 0.0 ], [ 73.1413944, 28.1524697, 0.0 ], [ 73.1413997, 28.1521664, 0.0 ] ], [ [ 73.1413437, 28.1521657, 0.0 ], [ 73.1413668, 28.152166, 0.0 ], [ 73.1413616, 28.1524693, 0.0 ], [ 73.1413385, 28.152469, 0.0 ], [ 73.1413437, 28.1521657, 0.0 ] ], [ [ 73.1412931, 28.1518532, 0.0 ], [ 73.1413162, 28.1518536, 0.0 ], [ 73.141311, 28.1521568, 0.0 ], [ 73.1412879, 28.1521565, 0.0 ], [ 73.1412931, 28.1518532, 0.0 ] ], [ [ 73.1412371, 28.1518525, 0.0 ], [ 73.1412602, 28.1518528, 0.0 ], [ 73.141255, 28.1521561, 0.0 ], [ 73.1412319, 28.1521557, 0.0 ], [ 73.1412371, 28.1518525, 0.0 ] ], [ [ 73.1412877, 28.1521649, 0.0 ], [ 73.1413108, 28.1521652, 0.0 ], [ 73.1413056, 28.1524685, 0.0 ], [ 73.1412825, 28.1524682, 0.0 ], [ 73.1412877, 28.1521649, 0.0 ] ], [ [ 73.1412317, 28.1521642, 0.0 ], [ 73.1412548, 28.1521645, 0.0 ], [ 73.1412496, 28.1524677, 0.0 ], [ 73.1412265, 28.1524674, 0.0 ], [ 73.1412317, 28.1521642, 0.0 ] ], [ [ 73.1411811, 28.1518517, 0.0 ], [ 73.1412042, 28.151852, 0.0 ], [ 73.141199, 28.1521553, 0.0 ], [ 73.1411759, 28.152155, 0.0 ], [ 73.1411811, 28.1518517, 0.0 ] ], [ [ 73.1411251, 28.151851, 0.0 ], [ 73.1411483, 28.1518513, 0.0 ], [ 73.141143, 28.1521545, 0.0 ], [ 73.1411199, 28.1521542, 0.0 ], [ 73.1411251, 28.151851, 0.0 ] ], [ [ 73.1411757, 28.1521634, 0.0 ], [ 73.1411989, 28.1521637, 0.0 ], [ 73.1411936, 28.152467, 0.0 ], [ 73.1411705, 28.1524667, 0.0 ], [ 73.1411757, 28.1521634, 0.0 ] ], [ [ 73.1411197, 28.1521626, 0.0 ], [ 73.1411429, 28.152163, 0.0 ], [ 73.1411376, 28.1524662, 0.0 ], [ 73.1411145, 28.1524659, 0.0 ], [ 73.1411197, 28.1521626, 0.0 ] ], [ [ 73.1410691, 28.1518502, 0.0 ], [ 73.1410923, 28.1518505, 0.0 ], [ 73.141087, 28.1521538, 0.0 ], [ 73.1410639, 28.1521535, 0.0 ], [ 73.1410691, 28.1518502, 0.0 ] ], [ [ 73.1410132, 28.1518494, 0.0 ], [ 73.1410363, 28.1518498, 0.0 ], [ 73.141031, 28.152153, 0.0 ], [ 73.1410079, 28.1521527, 0.0 ], [ 73.1410132, 28.1518494, 0.0 ] ], [ [ 73.1410638, 28.1521619, 0.0 ], [ 73.1410869, 28.1521622, 0.0 ], [ 73.1410816, 28.1524655, 0.0 ], [ 73.1410585, 28.1524652, 0.0 ], [ 73.1410638, 28.1521619, 0.0 ] ], [ [ 73.1410078, 28.1521611, 0.0 ], [ 73.1410309, 28.1521614, 0.0 ], [ 73.1410257, 28.1524647, 0.0 ], [ 73.1410025, 28.1524644, 0.0 ], [ 73.1410078, 28.1521611, 0.0 ] ], [ [ 73.1409572, 28.1518487, 0.0 ], [ 73.1409803, 28.151849, 0.0 ], [ 73.1409751, 28.1521523, 0.0 ], [ 73.1409519, 28.1521519, 0.0 ], [ 73.1409572, 28.1518487, 0.0 ] ], [ [ 73.1409012, 28.1518479, 0.0 ], [ 73.1409243, 28.1518482, 0.0 ], [ 73.1409191, 28.1521515, 0.0 ], [ 73.1408959, 28.1521512, 0.0 ], [ 73.1409012, 28.1518479, 0.0 ] ], [ [ 73.1409518, 28.1521604, 0.0 ], [ 73.1409749, 28.1521607, 0.0 ], [ 73.1409697, 28.1524639, 0.0 ], [ 73.1409465, 28.1524636, 0.0 ], [ 73.1409518, 28.1521604, 0.0 ] ], [ [ 73.1408958, 28.1521596, 0.0 ], [ 73.1409189, 28.1521599, 0.0 ], [ 73.1409137, 28.1524632, 0.0 ], [ 73.1408906, 28.1524629, 0.0 ], [ 73.1408958, 28.1521596, 0.0 ] ], [ [ 73.1408452, 28.1518472, 0.0 ], [ 73.1408683, 28.1518475, 0.0 ], [ 73.1408631, 28.1521507, 0.0 ], [ 73.14084, 28.1521504, 0.0 ], [ 73.1408452, 28.1518472, 0.0 ] ], [ [ 73.1407892, 28.1518464, 0.0 ], [ 73.1408123, 28.1518467, 0.0 ], [ 73.1408071, 28.15215, 0.0 ], [ 73.140784, 28.1521497, 0.0 ], [ 73.1407892, 28.1518464, 0.0 ] ], [ [ 73.1408398, 28.1521588, 0.0 ], [ 73.1408629, 28.1521592, 0.0 ], [ 73.1408577, 28.1524624, 0.0 ], [ 73.1408346, 28.1524621, 0.0 ], [ 73.1408398, 28.1521588, 0.0 ] ], [ [ 73.1407838, 28.1521581, 0.0 ], [ 73.1408069, 28.1521584, 0.0 ], [ 73.1408017, 28.1524617, 0.0 ], [ 73.1407786, 28.1524614, 0.0 ], [ 73.1407838, 28.1521581, 0.0 ] ], [ [ 73.1407332, 28.1518456, 0.0 ], [ 73.1407563, 28.151846, 0.0 ], [ 73.1407511, 28.1521492, 0.0 ], [ 73.140728, 28.1521489, 0.0 ], [ 73.1407332, 28.1518456, 0.0 ] ], [ [ 73.1406772, 28.1518449, 0.0 ], [ 73.1407004, 28.1518452, 0.0 ], [ 73.1406951, 28.1521485, 0.0 ], [ 73.140672, 28.1521481, 0.0 ], [ 73.1406772, 28.1518449, 0.0 ] ], [ [ 73.1407278, 28.1521573, 0.0 ], [ 73.140751, 28.1521576, 0.0 ], [ 73.1407457, 28.1524609, 0.0 ], [ 73.1407226, 28.1524606, 0.0 ], [ 73.1407278, 28.1521573, 0.0 ] ], [ [ 73.1406718, 28.1521566, 0.0 ], [ 73.140695, 28.1521569, 0.0 ], [ 73.1406897, 28.1524601, 0.0 ], [ 73.1406666, 28.1524598, 0.0 ], [ 73.1406718, 28.1521566, 0.0 ] ], [ [ 73.1406212, 28.1518441, 0.0 ], [ 73.1406444, 28.1518444, 0.0 ], [ 73.1406391, 28.1521477, 0.0 ], [ 73.140616, 28.1521474, 0.0 ], [ 73.1406212, 28.1518441, 0.0 ] ], [ [ 73.1405653, 28.1518434, 0.0 ], [ 73.1405884, 28.1518437, 0.0 ], [ 73.1405831, 28.1521469, 0.0 ], [ 73.14056, 28.1521466, 0.0 ], [ 73.1405653, 28.1518434, 0.0 ] ], [ [ 73.1406159, 28.1521558, 0.0 ], [ 73.140639, 28.1521561, 0.0 ], [ 73.1406337, 28.1524594, 0.0 ], [ 73.1406106, 28.1524591, 0.0 ], [ 73.1406159, 28.1521558, 0.0 ] ], [ [ 73.1405599, 28.152155, 0.0 ], [ 73.140583, 28.1521554, 0.0 ], [ 73.1405778, 28.1524586, 0.0 ], [ 73.1405546, 28.1524583, 0.0 ], [ 73.1405599, 28.152155, 0.0 ] ], [ [ 73.1405093, 28.1518426, 0.0 ], [ 73.1405324, 28.1518429, 0.0 ], [ 73.1405272, 28.1521462, 0.0 ], [ 73.140504, 28.1521459, 0.0 ], [ 73.1405093, 28.1518426, 0.0 ] ], [ [ 73.1404533, 28.1518418, 0.0 ], [ 73.1404764, 28.1518422, 0.0 ], [ 73.1404712, 28.1521454, 0.0 ], [ 73.140448, 28.1521451, 0.0 ], [ 73.1404533, 28.1518418, 0.0 ] ], [ [ 73.1405039, 28.1521543, 0.0 ], [ 73.140527, 28.1521546, 0.0 ], [ 73.1405218, 28.1524579, 0.0 ], [ 73.1404986, 28.1524576, 0.0 ], [ 73.1405039, 28.1521543, 0.0 ] ], [ [ 73.1404479, 28.1521535, 0.0 ], [ 73.140471, 28.1521538, 0.0 ], [ 73.1404658, 28.1524571, 0.0 ], [ 73.1404427, 28.1524568, 0.0 ], [ 73.1404479, 28.1521535, 0.0 ] ], [ [ 73.1403973, 28.1518411, 0.0 ], [ 73.1404204, 28.1518414, 0.0 ], [ 73.1404152, 28.1521447, 0.0 ], [ 73.1403921, 28.1521443, 0.0 ], [ 73.1403973, 28.1518411, 0.0 ] ], [ [ 73.1403413, 28.1518403, 0.0 ], [ 73.1403644, 28.1518406, 0.0 ], [ 73.1403592, 28.1521439, 0.0 ], [ 73.1403361, 28.1521436, 0.0 ], [ 73.1403413, 28.1518403, 0.0 ] ], [ [ 73.1403919, 28.1521528, 0.0 ], [ 73.140415, 28.1521531, 0.0 ], [ 73.1404098, 28.1524563, 0.0 ], [ 73.1403867, 28.152456, 0.0 ], [ 73.1403919, 28.1521528, 0.0 ] ], [ [ 73.1403359, 28.152152, 0.0 ], [ 73.140359, 28.1521523, 0.0 ], [ 73.1403538, 28.1524556, 0.0 ], [ 73.1403307, 28.1524553, 0.0 ], [ 73.1403359, 28.152152, 0.0 ] ], [ [ 73.144663, 28.1512793, 0.0 ], [ 73.1446862, 28.1512796, 0.0 ], [ 73.1446809, 28.1515829, 0.0 ], [ 73.1446578, 28.1515826, 0.0 ], [ 73.144663, 28.1512793, 0.0 ] ], [ [ 73.144607, 28.1512786, 0.0 ], [ 73.1446302, 28.1512789, 0.0 ], [ 73.1446249, 28.1515821, 0.0 ], [ 73.1446018, 28.1515818, 0.0 ], [ 73.144607, 28.1512786, 0.0 ] ], [ [ 73.1446577, 28.151591, 0.0 ], [ 73.1446808, 28.1515913, 0.0 ], [ 73.1446756, 28.1518946, 0.0 ], [ 73.1446524, 28.1518943, 0.0 ], [ 73.1446577, 28.151591, 0.0 ] ], [ [ 73.1446017, 28.1515902, 0.0 ], [ 73.1446248, 28.1515906, 0.0 ], [ 73.1446196, 28.1518938, 0.0 ], [ 73.1445964, 28.1518935, 0.0 ], [ 73.1446017, 28.1515902, 0.0 ] ], [ [ 73.1445511, 28.1512778, 0.0 ], [ 73.1445742, 28.1512781, 0.0 ], [ 73.144569, 28.1515814, 0.0 ], [ 73.1445458, 28.1515811, 0.0 ], [ 73.1445511, 28.1512778, 0.0 ] ], [ [ 73.1444951, 28.151277, 0.0 ], [ 73.1445182, 28.1512774, 0.0 ], [ 73.144513, 28.1515806, 0.0 ], [ 73.1444898, 28.1515803, 0.0 ], [ 73.1444951, 28.151277, 0.0 ] ], [ [ 73.1445457, 28.1515895, 0.0 ], [ 73.1445688, 28.1515898, 0.0 ], [ 73.1445636, 28.1518931, 0.0 ], [ 73.1445404, 28.1518928, 0.0 ], [ 73.1445457, 28.1515895, 0.0 ] ], [ [ 73.1444897, 28.1515887, 0.0 ], [ 73.1445128, 28.151589, 0.0 ], [ 73.1445076, 28.1518923, 0.0 ], [ 73.1444845, 28.151892, 0.0 ], [ 73.1444897, 28.1515887, 0.0 ] ], [ [ 73.1444391, 28.1512763, 0.0 ], [ 73.1444622, 28.1512766, 0.0 ], [ 73.144457, 28.1515799, 0.0 ], [ 73.1444338, 28.1515796, 0.0 ], [ 73.1444391, 28.1512763, 0.0 ] ], [ [ 73.1443831, 28.1512755, 0.0 ], [ 73.1444062, 28.1512758, 0.0 ], [ 73.144401, 28.1515791, 0.0 ], [ 73.1443779, 28.1515788, 0.0 ], [ 73.1443831, 28.1512755, 0.0 ] ], [ [ 73.1444337, 28.151588, 0.0 ], [ 73.1444568, 28.1515883, 0.0 ], [ 73.1444516, 28.1518916, 0.0 ], [ 73.1444285, 28.1518912, 0.0 ], [ 73.1444337, 28.151588, 0.0 ] ], [ [ 73.1443777, 28.1515872, 0.0 ], [ 73.1444008, 28.1515875, 0.0 ], [ 73.1443956, 28.1518908, 0.0 ], [ 73.1443725, 28.1518905, 0.0 ], [ 73.1443777, 28.1515872, 0.0 ] ], [ [ 73.1443271, 28.1512748, 0.0 ], [ 73.1443502, 28.1512751, 0.0 ], [ 73.144345, 28.1515784, 0.0 ], [ 73.1443219, 28.151578, 0.0 ], [ 73.1443271, 28.1512748, 0.0 ] ], [ [ 73.1442711, 28.151274, 0.0 ], [ 73.1442942, 28.1512743, 0.0 ], [ 73.144289, 28.1515776, 0.0 ], [ 73.1442659, 28.1515773, 0.0 ], [ 73.1442711, 28.151274, 0.0 ] ], [ [ 73.1443217, 28.1515865, 0.0 ], [ 73.1443449, 28.1515868, 0.0 ], [ 73.1443396, 28.15189, 0.0 ], [ 73.1443165, 28.1518897, 0.0 ], [ 73.1443217, 28.1515865, 0.0 ] ], [ [ 73.1442657, 28.1515857, 0.0 ], [ 73.1442889, 28.151586, 0.0 ], [ 73.1442836, 28.1518893, 0.0 ], [ 73.1442605, 28.151889, 0.0 ], [ 73.1442657, 28.1515857, 0.0 ] ], [ [ 73.1442151, 28.1512733, 0.0 ], [ 73.1442383, 28.1512736, 0.0 ], [ 73.144233, 28.1515768, 0.0 ], [ 73.1442099, 28.1515765, 0.0 ], [ 73.1442151, 28.1512733, 0.0 ] ], [ [ 73.1441591, 28.1512725, 0.0 ], [ 73.1441823, 28.1512728, 0.0 ], [ 73.144177, 28.1515761, 0.0 ], [ 73.1441539, 28.1515758, 0.0 ], [ 73.1441591, 28.1512725, 0.0 ] ], [ [ 73.1442098, 28.1515849, 0.0 ], [ 73.1442329, 28.1515853, 0.0 ], [ 73.1442277, 28.1518885, 0.0 ], [ 73.1442045, 28.1518882, 0.0 ], [ 73.1442098, 28.1515849, 0.0 ] ], [ [ 73.1441538, 28.1515842, 0.0 ], [ 73.1441769, 28.1515845, 0.0 ], [ 73.1441717, 28.1518878, 0.0 ], [ 73.1441485, 28.1518874, 0.0 ], [ 73.1441538, 28.1515842, 0.0 ] ], [ [ 73.1439912, 28.1512702, 0.0 ], [ 73.1440143, 28.1512705, 0.0 ], [ 73.1440091, 28.1515738, 0.0 ], [ 73.1439859, 28.1515735, 0.0 ], [ 73.1439912, 28.1512702, 0.0 ] ], [ [ 73.1439352, 28.1512695, 0.0 ], [ 73.1439583, 28.1512698, 0.0 ], [ 73.1439531, 28.151573, 0.0 ], [ 73.14393, 28.1515727, 0.0 ], [ 73.1439352, 28.1512695, 0.0 ] ], [ [ 73.1439858, 28.1515819, 0.0 ], [ 73.1440089, 28.1515822, 0.0 ], [ 73.1440037, 28.1518855, 0.0 ], [ 73.1439806, 28.1518852, 0.0 ], [ 73.1439858, 28.1515819, 0.0 ] ], [ [ 73.1439298, 28.1515811, 0.0 ], [ 73.1439529, 28.1515815, 0.0 ], [ 73.1439477, 28.1518847, 0.0 ], [ 73.1439246, 28.1518844, 0.0 ], [ 73.1439298, 28.1515811, 0.0 ] ], [ [ 73.1438792, 28.1512687, 0.0 ], [ 73.1439023, 28.151269, 0.0 ], [ 73.1438971, 28.1515723, 0.0 ], [ 73.143874, 28.151572, 0.0 ], [ 73.1438792, 28.1512687, 0.0 ] ], [ [ 73.1438232, 28.1512679, 0.0 ], [ 73.1438463, 28.1512683, 0.0 ], [ 73.1438411, 28.1515715, 0.0 ], [ 73.143818, 28.1515712, 0.0 ], [ 73.1438232, 28.1512679, 0.0 ] ], [ [ 73.1438738, 28.1515804, 0.0 ], [ 73.143897, 28.1515807, 0.0 ], [ 73.1438917, 28.151884, 0.0 ], [ 73.1438686, 28.1518837, 0.0 ], [ 73.1438738, 28.1515804, 0.0 ] ], [ [ 73.1438178, 28.1515796, 0.0 ], [ 73.143841, 28.1515799, 0.0 ], [ 73.1438357, 28.1518832, 0.0 ], [ 73.1438126, 28.1518829, 0.0 ], [ 73.1438178, 28.1515796, 0.0 ] ], [ [ 73.1437672, 28.1512672, 0.0 ], [ 73.1437904, 28.1512675, 0.0 ], [ 73.1437851, 28.1515708, 0.0 ], [ 73.143762, 28.1515705, 0.0 ], [ 73.1437672, 28.1512672, 0.0 ] ], [ [ 73.1437112, 28.1512664, 0.0 ], [ 73.1437344, 28.1512667, 0.0 ], [ 73.1437291, 28.15157, 0.0 ], [ 73.143706, 28.1515697, 0.0 ], [ 73.1437112, 28.1512664, 0.0 ] ], [ [ 73.1437619, 28.1515789, 0.0 ], [ 73.143785, 28.1515792, 0.0 ], [ 73.1437797, 28.1518824, 0.0 ], [ 73.1437566, 28.1518821, 0.0 ], [ 73.1437619, 28.1515789, 0.0 ] ], [ [ 73.1437059, 28.1515781, 0.0 ], [ 73.143729, 28.1515784, 0.0 ], [ 73.1437238, 28.1518817, 0.0 ], [ 73.1437006, 28.1518814, 0.0 ], [ 73.1437059, 28.1515781, 0.0 ] ], [ [ 73.1441032, 28.1512717, 0.0 ], [ 73.1441263, 28.151272, 0.0 ], [ 73.1441211, 28.1515753, 0.0 ], [ 73.1440979, 28.151575, 0.0 ], [ 73.1441032, 28.1512717, 0.0 ] ], [ [ 73.1440472, 28.151271, 0.0 ], [ 73.1440703, 28.1512713, 0.0 ], [ 73.1440651, 28.1515746, 0.0 ], [ 73.1440419, 28.1515742, 0.0 ], [ 73.1440472, 28.151271, 0.0 ] ], [ [ 73.1440978, 28.1515834, 0.0 ], [ 73.1441209, 28.1515837, 0.0 ], [ 73.1441157, 28.151887, 0.0 ], [ 73.1440925, 28.1518867, 0.0 ], [ 73.1440978, 28.1515834, 0.0 ] ], [ [ 73.1440418, 28.1515827, 0.0 ], [ 73.1440649, 28.151583, 0.0 ], [ 73.1440597, 28.1518862, 0.0 ], [ 73.1440366, 28.1518859, 0.0 ], [ 73.1440418, 28.1515827, 0.0 ] ], [ [ 73.1439805, 28.1518897, 0.0 ], [ 73.1440036, 28.15189, 0.0 ], [ 73.1439984, 28.1521933, 0.0 ], [ 73.1439753, 28.152193, 0.0 ], [ 73.1439805, 28.1518897, 0.0 ] ], [ [ 73.1439245, 28.1518889, 0.0 ], [ 73.1439476, 28.1518892, 0.0 ], [ 73.1439424, 28.1521925, 0.0 ], [ 73.1439193, 28.1521922, 0.0 ], [ 73.1439245, 28.1518889, 0.0 ] ], [ [ 73.1439751, 28.1522014, 0.0 ], [ 73.1439982, 28.1522017, 0.0 ], [ 73.143993, 28.1525049, 0.0 ], [ 73.1439699, 28.1525046, 0.0 ], [ 73.1439751, 28.1522014, 0.0 ] ], [ [ 73.1439191, 28.1522006, 0.0 ], [ 73.1439423, 28.1522009, 0.0 ], [ 73.143937, 28.1525042, 0.0 ], [ 73.1439139, 28.1525039, 0.0 ], [ 73.1439191, 28.1522006, 0.0 ] ], [ [ 73.1438685, 28.1518882, 0.0 ], [ 73.1438916, 28.1518885, 0.0 ], [ 73.1438864, 28.1521917, 0.0 ], [ 73.1438633, 28.1521914, 0.0 ], [ 73.1438685, 28.1518882, 0.0 ] ], [ [ 73.1438125, 28.1518874, 0.0 ], [ 73.1438357, 28.1518877, 0.0 ], [ 73.1438304, 28.152191, 0.0 ], [ 73.1438073, 28.1521907, 0.0 ], [ 73.1438125, 28.1518874, 0.0 ] ], [ [ 73.1438631, 28.1521999, 0.0 ], [ 73.1438863, 28.1522002, 0.0 ], [ 73.143881, 28.1525034, 0.0 ], [ 73.1438579, 28.1525031, 0.0 ], [ 73.1438631, 28.1521999, 0.0 ] ], [ [ 73.1438072, 28.1521991, 0.0 ], [ 73.1438303, 28.1521994, 0.0 ], [ 73.1438251, 28.1525027, 0.0 ], [ 73.1438019, 28.1525024, 0.0 ], [ 73.1438072, 28.1521991, 0.0 ] ], [ [ 73.1437565, 28.1518866, 0.0 ], [ 73.1437797, 28.151887, 0.0 ], [ 73.1437744, 28.1521902, 0.0 ], [ 73.1437513, 28.1521899, 0.0 ], [ 73.1437565, 28.1518866, 0.0 ] ], [ [ 73.1437006, 28.1518859, 0.0 ], [ 73.1437237, 28.1518862, 0.0 ], [ 73.1437185, 28.1521895, 0.0 ], [ 73.1436953, 28.1521892, 0.0 ], [ 73.1437006, 28.1518859, 0.0 ] ], [ [ 73.1437512, 28.1521983, 0.0 ], [ 73.1437743, 28.1521986, 0.0 ], [ 73.1437691, 28.1525019, 0.0 ], [ 73.1437459, 28.1525016, 0.0 ], [ 73.1437512, 28.1521983, 0.0 ] ], [ [ 73.1436952, 28.1521976, 0.0 ], [ 73.1437183, 28.1521979, 0.0 ], [ 73.1437131, 28.1525012, 0.0 ], [ 73.1436899, 28.1525008, 0.0 ], [ 73.1436952, 28.1521976, 0.0 ] ], [ [ 73.1429834, 28.1512566, 0.0 ], [ 73.1430065, 28.1512569, 0.0 ], [ 73.1430013, 28.1515601, 0.0 ], [ 73.1429782, 28.1515598, 0.0 ], [ 73.1429834, 28.1512566, 0.0 ] ], [ [ 73.1429274, 28.1512558, 0.0 ], [ 73.1429505, 28.1512561, 0.0 ], [ 73.1429453, 28.1515594, 0.0 ], [ 73.1429222, 28.1515591, 0.0 ], [ 73.1429274, 28.1512558, 0.0 ] ], [ [ 73.142978, 28.1515682, 0.0 ], [ 73.1430012, 28.1515686, 0.0 ], [ 73.1429959, 28.1518718, 0.0 ], [ 73.1429728, 28.1518715, 0.0 ], [ 73.142978, 28.1515682, 0.0 ] ], [ [ 73.142922, 28.1515675, 0.0 ], [ 73.1429452, 28.1515678, 0.0 ], [ 73.1429399, 28.1518711, 0.0 ], [ 73.1429168, 28.1518708, 0.0 ], [ 73.142922, 28.1515675, 0.0 ] ], [ [ 73.1428714, 28.151255, 0.0 ], [ 73.1428946, 28.1512554, 0.0 ], [ 73.1428893, 28.1515586, 0.0 ], [ 73.1428662, 28.1515583, 0.0 ], [ 73.1428714, 28.151255, 0.0 ] ], [ [ 73.1428154, 28.1512543, 0.0 ], [ 73.1428386, 28.1512546, 0.0 ], [ 73.1428333, 28.1515579, 0.0 ], [ 73.1428102, 28.1515575, 0.0 ], [ 73.1428154, 28.1512543, 0.0 ] ], [ [ 73.1428661, 28.1515667, 0.0 ], [ 73.1428892, 28.151567, 0.0 ], [ 73.1428839, 28.1518703, 0.0 ], [ 73.1428608, 28.15187, 0.0 ], [ 73.1428661, 28.1515667, 0.0 ] ], [ [ 73.1428101, 28.151566, 0.0 ], [ 73.1428332, 28.1515663, 0.0 ], [ 73.142828, 28.1518695, 0.0 ], [ 73.1428048, 28.1518692, 0.0 ], [ 73.1428101, 28.151566, 0.0 ] ], [ [ 73.1427595, 28.1512535, 0.0 ], [ 73.1427826, 28.1512538, 0.0 ], [ 73.1427774, 28.1515571, 0.0 ], [ 73.1427542, 28.1515568, 0.0 ], [ 73.1427595, 28.1512535, 0.0 ] ], [ [ 73.1427035, 28.1512528, 0.0 ], [ 73.1427266, 28.1512531, 0.0 ], [ 73.1427214, 28.1515563, 0.0 ], [ 73.1426982, 28.151556, 0.0 ], [ 73.1427035, 28.1512528, 0.0 ] ], [ [ 73.1427541, 28.1515652, 0.0 ], [ 73.1427772, 28.1515655, 0.0 ], [ 73.142772, 28.1518688, 0.0 ], [ 73.1427488, 28.1518685, 0.0 ], [ 73.1427541, 28.1515652, 0.0 ] ], [ [ 73.1426981, 28.1515644, 0.0 ], [ 73.1427212, 28.1515648, 0.0 ], [ 73.142716, 28.151868, 0.0 ], [ 73.1426929, 28.1518677, 0.0 ], [ 73.1426981, 28.1515644, 0.0 ] ], [ [ 73.1426475, 28.151252, 0.0 ], [ 73.1426706, 28.1512523, 0.0 ], [ 73.1426654, 28.1515556, 0.0 ], [ 73.1426423, 28.1515553, 0.0 ], [ 73.1426475, 28.151252, 0.0 ] ], [ [ 73.1425915, 28.1512512, 0.0 ], [ 73.1426146, 28.1512516, 0.0 ], [ 73.1426094, 28.1515548, 0.0 ], [ 73.1425863, 28.1515545, 0.0 ], [ 73.1425915, 28.1512512, 0.0 ] ], [ [ 73.1426421, 28.1515637, 0.0 ], [ 73.1426652, 28.151564, 0.0 ], [ 73.14266, 28.1518673, 0.0 ], [ 73.1426369, 28.151867, 0.0 ], [ 73.1426421, 28.1515637, 0.0 ] ], [ [ 73.1425861, 28.1515629, 0.0 ], [ 73.1426092, 28.1515632, 0.0 ], [ 73.142604, 28.1518665, 0.0 ], [ 73.1425809, 28.1518662, 0.0 ], [ 73.1425861, 28.1515629, 0.0 ] ], [ [ 73.1425355, 28.1512505, 0.0 ], [ 73.1425586, 28.1512508, 0.0 ], [ 73.1425534, 28.1515541, 0.0 ], [ 73.1425303, 28.1515538, 0.0 ], [ 73.1425355, 28.1512505, 0.0 ] ], [ [ 73.1424795, 28.1512497, 0.0 ], [ 73.1425027, 28.15125, 0.0 ], [ 73.1424974, 28.1515533, 0.0 ], [ 73.1424743, 28.151553, 0.0 ], [ 73.1424795, 28.1512497, 0.0 ] ], [ [ 73.1425301, 28.1515622, 0.0 ], [ 73.1425533, 28.1515625, 0.0 ], [ 73.142548, 28.1518658, 0.0 ], [ 73.1425249, 28.1518654, 0.0 ], [ 73.1425301, 28.1515622, 0.0 ] ], [ [ 73.1424741, 28.1515614, 0.0 ], [ 73.1424973, 28.1515617, 0.0 ], [ 73.142492, 28.151865, 0.0 ], [ 73.1424689, 28.1518647, 0.0 ], [ 73.1424741, 28.1515614, 0.0 ] ], [ [ 73.1424235, 28.151249, 0.0 ], [ 73.1424467, 28.1512493, 0.0 ], [ 73.1424414, 28.1515525, 0.0 ], [ 73.1424183, 28.1515522, 0.0 ], [ 73.1424235, 28.151249, 0.0 ] ], [ [ 73.1423675, 28.1512482, 0.0 ], [ 73.1423907, 28.1512485, 0.0 ], [ 73.1423854, 28.1515518, 0.0 ], [ 73.1423623, 28.1515515, 0.0 ], [ 73.1423675, 28.1512482, 0.0 ] ], [ [ 73.1424182, 28.1515607, 0.0 ], [ 73.1424413, 28.151561, 0.0 ], [ 73.142436, 28.1518642, 0.0 ], [ 73.1424129, 28.1518639, 0.0 ], [ 73.1424182, 28.1515607, 0.0 ] ], [ [ 73.1423622, 28.1515599, 0.0 ], [ 73.1423853, 28.1515602, 0.0 ], [ 73.1423801, 28.1518635, 0.0 ], [ 73.1423569, 28.1518632, 0.0 ], [ 73.1423622, 28.1515599, 0.0 ] ], [ [ 73.1423116, 28.1512474, 0.0 ], [ 73.1423347, 28.1512478, 0.0 ], [ 73.1423295, 28.151551, 0.0 ], [ 73.1423063, 28.1515507, 0.0 ], [ 73.1423116, 28.1512474, 0.0 ] ], [ [ 73.1422556, 28.1512467, 0.0 ], [ 73.1422787, 28.151247, 0.0 ], [ 73.1422735, 28.1515503, 0.0 ], [ 73.1422503, 28.15155, 0.0 ], [ 73.1422556, 28.1512467, 0.0 ] ], [ [ 73.1423062, 28.1515591, 0.0 ], [ 73.1423293, 28.1515594, 0.0 ], [ 73.1423241, 28.1518627, 0.0 ], [ 73.1423009, 28.1518624, 0.0 ], [ 73.1423062, 28.1515591, 0.0 ] ], [ [ 73.1422502, 28.1515584, 0.0 ], [ 73.1422733, 28.1515587, 0.0 ], [ 73.1422681, 28.151862, 0.0 ], [ 73.142245, 28.1518616, 0.0 ], [ 73.1422502, 28.1515584, 0.0 ] ], [ [ 73.1421996, 28.1512459, 0.0 ], [ 73.1422227, 28.1512462, 0.0 ], [ 73.1422175, 28.1515495, 0.0 ], [ 73.1421944, 28.1515492, 0.0 ], [ 73.1421996, 28.1512459, 0.0 ] ], [ [ 73.1421436, 28.1512452, 0.0 ], [ 73.1421667, 28.1512455, 0.0 ], [ 73.1421615, 28.1515488, 0.0 ], [ 73.1421384, 28.1515484, 0.0 ], [ 73.1421436, 28.1512452, 0.0 ] ], [ [ 73.1421942, 28.1515576, 0.0 ], [ 73.1422173, 28.1515579, 0.0 ], [ 73.1422121, 28.1518612, 0.0 ], [ 73.142189, 28.1518609, 0.0 ], [ 73.1421942, 28.1515576, 0.0 ] ], [ [ 73.1421382, 28.1515569, 0.0 ], [ 73.1421613, 28.1515572, 0.0 ], [ 73.1421561, 28.1518604, 0.0 ], [ 73.142133, 28.1518601, 0.0 ], [ 73.1421382, 28.1515569, 0.0 ] ], [ [ 73.1420876, 28.1512444, 0.0 ], [ 73.1421107, 28.1512447, 0.0 ], [ 73.1421055, 28.151548, 0.0 ], [ 73.1420824, 28.1515477, 0.0 ], [ 73.1420876, 28.1512444, 0.0 ] ], [ [ 73.1420316, 28.1512436, 0.0 ], [ 73.1420548, 28.151244, 0.0 ], [ 73.1420495, 28.1515472, 0.0 ], [ 73.1420264, 28.1515469, 0.0 ], [ 73.1420316, 28.1512436, 0.0 ] ], [ [ 73.1420822, 28.1515561, 0.0 ], [ 73.1421054, 28.1515564, 0.0 ], [ 73.1421001, 28.1518597, 0.0 ], [ 73.142077, 28.1518594, 0.0 ], [ 73.1420822, 28.1515561, 0.0 ] ], [ [ 73.1420262, 28.1515553, 0.0 ], [ 73.1420494, 28.1515556, 0.0 ], [ 73.1420441, 28.1518589, 0.0 ], [ 73.142021, 28.1518586, 0.0 ], [ 73.1420262, 28.1515553, 0.0 ] ], [ [ 73.1419756, 28.1512429, 0.0 ], [ 73.1419988, 28.1512432, 0.0 ], [ 73.1419935, 28.1515465, 0.0 ], [ 73.1419704, 28.1515462, 0.0 ], [ 73.1419756, 28.1512429, 0.0 ] ], [ [ 73.1419197, 28.1512421, 0.0 ], [ 73.1419428, 28.1512424, 0.0 ], [ 73.1419375, 28.1515457, 0.0 ], [ 73.1419144, 28.1515454, 0.0 ], [ 73.1419197, 28.1512421, 0.0 ] ], [ [ 73.1419703, 28.1515546, 0.0 ], [ 73.1419934, 28.1515549, 0.0 ], [ 73.1419881, 28.1518582, 0.0 ], [ 73.141965, 28.1518578, 0.0 ], [ 73.1419703, 28.1515546, 0.0 ] ], [ [ 73.1419143, 28.1515538, 0.0 ], [ 73.1419374, 28.1515541, 0.0 ], [ 73.1419322, 28.1518574, 0.0 ], [ 73.141909, 28.1518571, 0.0 ], [ 73.1419143, 28.1515538, 0.0 ] ], [ [ 73.1418637, 28.1512414, 0.0 ], [ 73.1418868, 28.1512417, 0.0 ], [ 73.1418816, 28.151545, 0.0 ], [ 73.1418584, 28.1515446, 0.0 ], [ 73.1418637, 28.1512414, 0.0 ] ], [ [ 73.1418077, 28.1512406, 0.0 ], [ 73.1418308, 28.1512409, 0.0 ], [ 73.1418256, 28.1515442, 0.0 ], [ 73.1418024, 28.1515439, 0.0 ], [ 73.1418077, 28.1512406, 0.0 ] ], [ [ 73.1418583, 28.1515531, 0.0 ], [ 73.1418814, 28.1515534, 0.0 ], [ 73.1418762, 28.1518566, 0.0 ], [ 73.141853, 28.1518563, 0.0 ], [ 73.1418583, 28.1515531, 0.0 ] ], [ [ 73.1418023, 28.1515523, 0.0 ], [ 73.1418254, 28.1515526, 0.0 ], [ 73.1418202, 28.1518559, 0.0 ], [ 73.1417971, 28.1518556, 0.0 ], [ 73.1418023, 28.1515523, 0.0 ] ], [ [ 73.1417517, 28.1512399, 0.0 ], [ 73.1417748, 28.1512402, 0.0 ], [ 73.1417696, 28.1515434, 0.0 ], [ 73.1417465, 28.1515431, 0.0 ], [ 73.1417517, 28.1512399, 0.0 ] ], [ [ 73.1416957, 28.1512391, 0.0 ], [ 73.1417188, 28.1512394, 0.0 ], [ 73.1417136, 28.1515427, 0.0 ], [ 73.1416905, 28.1515424, 0.0 ], [ 73.1416957, 28.1512391, 0.0 ] ], [ [ 73.1417463, 28.1515515, 0.0 ], [ 73.1417694, 28.1515519, 0.0 ], [ 73.1417642, 28.1518551, 0.0 ], [ 73.1417411, 28.1518548, 0.0 ], [ 73.1417463, 28.1515515, 0.0 ] ], [ [ 73.1416903, 28.1515508, 0.0 ], [ 73.1417134, 28.1515511, 0.0 ], [ 73.1417082, 28.1518544, 0.0 ], [ 73.1416851, 28.151854, 0.0 ], [ 73.1416903, 28.1515508, 0.0 ] ], [ [ 73.1416397, 28.1512383, 0.0 ], [ 73.1416628, 28.1512386, 0.0 ], [ 73.1416576, 28.1515419, 0.0 ], [ 73.1416345, 28.1515416, 0.0 ], [ 73.1416397, 28.1512383, 0.0 ] ], [ [ 73.1415837, 28.1512376, 0.0 ], [ 73.1416069, 28.1512379, 0.0 ], [ 73.1416016, 28.1515412, 0.0 ], [ 73.1415785, 28.1515408, 0.0 ], [ 73.1415837, 28.1512376, 0.0 ] ], [ [ 73.1416343, 28.15155, 0.0 ], [ 73.1416575, 28.1515503, 0.0 ], [ 73.1416522, 28.1518536, 0.0 ], [ 73.1416291, 28.1518533, 0.0 ], [ 73.1416343, 28.15155, 0.0 ] ], [ [ 73.1415783, 28.1515493, 0.0 ], [ 73.1416015, 28.1515496, 0.0 ], [ 73.1415962, 28.1518528, 0.0 ], [ 73.1415731, 28.1518525, 0.0 ], [ 73.1415783, 28.1515493, 0.0 ] ], [ [ 73.1415277, 28.1512368, 0.0 ], [ 73.1415509, 28.1512371, 0.0 ], [ 73.1415456, 28.1515404, 0.0 ], [ 73.1415225, 28.1515401, 0.0 ], [ 73.1415277, 28.1512368, 0.0 ] ], [ [ 73.1414718, 28.1512361, 0.0 ], [ 73.1414949, 28.1512364, 0.0 ], [ 73.1414896, 28.1515396, 0.0 ], [ 73.1414665, 28.1515393, 0.0 ], [ 73.1414718, 28.1512361, 0.0 ] ], [ [ 73.1415224, 28.1515485, 0.0 ], [ 73.1415455, 28.1515488, 0.0 ], [ 73.1415402, 28.1518521, 0.0 ], [ 73.1415171, 28.1518518, 0.0 ], [ 73.1415224, 28.1515485, 0.0 ] ], [ [ 73.1414664, 28.1515477, 0.0 ], [ 73.1414895, 28.1515481, 0.0 ], [ 73.1414843, 28.1518513, 0.0 ], [ 73.1414611, 28.151851, 0.0 ], [ 73.1414664, 28.1515477, 0.0 ] ], [ [ 73.1414158, 28.1512353, 0.0 ], [ 73.1414389, 28.1512356, 0.0 ], [ 73.1414337, 28.1515389, 0.0 ], [ 73.1414105, 28.1515386, 0.0 ], [ 73.1414158, 28.1512353, 0.0 ] ], [ [ 73.1413598, 28.1512345, 0.0 ], [ 73.1413829, 28.1512348, 0.0 ], [ 73.1413777, 28.1515381, 0.0 ], [ 73.1413545, 28.1515378, 0.0 ], [ 73.1413598, 28.1512345, 0.0 ] ], [ [ 73.1414104, 28.151547, 0.0 ], [ 73.1414335, 28.1515473, 0.0 ], [ 73.1414283, 28.1518506, 0.0 ], [ 73.1414051, 28.1518502, 0.0 ], [ 73.1414104, 28.151547, 0.0 ] ], [ [ 73.1413544, 28.1515462, 0.0 ], [ 73.1413775, 28.1515465, 0.0 ], [ 73.1413723, 28.1518498, 0.0 ], [ 73.1413492, 28.1518495, 0.0 ], [ 73.1413544, 28.1515462, 0.0 ] ], [ [ 73.1413038, 28.1512338, 0.0 ], [ 73.1413269, 28.1512341, 0.0 ], [ 73.1413217, 28.1515374, 0.0 ], [ 73.1412986, 28.151537, 0.0 ], [ 73.1413038, 28.1512338, 0.0 ] ], [ [ 73.1412478, 28.151233, 0.0 ], [ 73.1412709, 28.1512333, 0.0 ], [ 73.1412657, 28.1515366, 0.0 ], [ 73.1412426, 28.1515363, 0.0 ], [ 73.1412478, 28.151233, 0.0 ] ], [ [ 73.1412984, 28.1515455, 0.0 ], [ 73.1413215, 28.1515458, 0.0 ], [ 73.1413163, 28.151849, 0.0 ], [ 73.1412932, 28.1518487, 0.0 ], [ 73.1412984, 28.1515455, 0.0 ] ], [ [ 73.1412424, 28.1515447, 0.0 ], [ 73.1412655, 28.151545, 0.0 ], [ 73.1412603, 28.1518483, 0.0 ], [ 73.1412372, 28.151848, 0.0 ], [ 73.1412424, 28.1515447, 0.0 ] ], [ [ 73.1411918, 28.1512323, 0.0 ], [ 73.1412149, 28.1512326, 0.0 ], [ 73.1412097, 28.1515358, 0.0 ], [ 73.1411866, 28.1515355, 0.0 ], [ 73.1411918, 28.1512323, 0.0 ] ], [ [ 73.1411358, 28.1512315, 0.0 ], [ 73.141159, 28.1512318, 0.0 ], [ 73.1411537, 28.1515351, 0.0 ], [ 73.1411306, 28.1515348, 0.0 ], [ 73.1411358, 28.1512315, 0.0 ] ], [ [ 73.1411864, 28.1515439, 0.0 ], [ 73.1412096, 28.1515443, 0.0 ], [ 73.1412043, 28.1518475, 0.0 ], [ 73.1411812, 28.1518472, 0.0 ], [ 73.1411864, 28.1515439, 0.0 ] ], [ [ 73.1411304, 28.1515432, 0.0 ], [ 73.1411536, 28.1515435, 0.0 ], [ 73.1411483, 28.1518468, 0.0 ], [ 73.1411252, 28.1518464, 0.0 ], [ 73.1411304, 28.1515432, 0.0 ] ], [ [ 73.1410798, 28.1512307, 0.0 ], [ 73.141103, 28.151231, 0.0 ], [ 73.1410977, 28.1515343, 0.0 ], [ 73.1410746, 28.151534, 0.0 ], [ 73.1410798, 28.1512307, 0.0 ] ], [ [ 73.1410239, 28.15123, 0.0 ], [ 73.141047, 28.1512303, 0.0 ], [ 73.1410417, 28.1515336, 0.0 ], [ 73.1410186, 28.1515332, 0.0 ], [ 73.1410239, 28.15123, 0.0 ] ], [ [ 73.1410745, 28.1515424, 0.0 ], [ 73.1410976, 28.1515427, 0.0 ], [ 73.1410923, 28.151846, 0.0 ], [ 73.1410692, 28.1518457, 0.0 ], [ 73.1410745, 28.1515424, 0.0 ] ], [ [ 73.1410185, 28.1515417, 0.0 ], [ 73.1410416, 28.151542, 0.0 ], [ 73.1410364, 28.1518452, 0.0 ], [ 73.1410132, 28.1518449, 0.0 ], [ 73.1410185, 28.1515417, 0.0 ] ], [ [ 73.1409679, 28.1512292, 0.0 ], [ 73.140991, 28.1512295, 0.0 ], [ 73.1409858, 28.1515328, 0.0 ], [ 73.1409626, 28.1515325, 0.0 ], [ 73.1409679, 28.1512292, 0.0 ] ], [ [ 73.1409119, 28.1512285, 0.0 ], [ 73.140935, 28.1512288, 0.0 ], [ 73.1409298, 28.151532, 0.0 ], [ 73.1409066, 28.1515317, 0.0 ], [ 73.1409119, 28.1512285, 0.0 ] ], [ [ 73.1409625, 28.1515409, 0.0 ], [ 73.1409856, 28.1515412, 0.0 ], [ 73.1409804, 28.1518445, 0.0 ], [ 73.1409572, 28.1518442, 0.0 ], [ 73.1409625, 28.1515409, 0.0 ] ], [ [ 73.1409065, 28.1515401, 0.0 ], [ 73.1409296, 28.1515405, 0.0 ], [ 73.1409244, 28.1518437, 0.0 ], [ 73.1409013, 28.1518434, 0.0 ], [ 73.1409065, 28.1515401, 0.0 ] ], [ [ 73.1408559, 28.1512277, 0.0 ], [ 73.140879, 28.151228, 0.0 ], [ 73.1408738, 28.1515313, 0.0 ], [ 73.1408507, 28.151531, 0.0 ], [ 73.1408559, 28.1512277, 0.0 ] ], [ [ 73.1407999, 28.1512269, 0.0 ], [ 73.140823, 28.1512272, 0.0 ], [ 73.1408178, 28.1515305, 0.0 ], [ 73.1407947, 28.1515302, 0.0 ], [ 73.1407999, 28.1512269, 0.0 ] ], [ [ 73.1408505, 28.1515394, 0.0 ], [ 73.1408736, 28.1515397, 0.0 ], [ 73.1408684, 28.151843, 0.0 ], [ 73.1408453, 28.1518426, 0.0 ], [ 73.1408505, 28.1515394, 0.0 ] ], [ [ 73.1407945, 28.1515386, 0.0 ], [ 73.1408177, 28.1515389, 0.0 ], [ 73.1408124, 28.1518422, 0.0 ], [ 73.1407893, 28.1518419, 0.0 ], [ 73.1407945, 28.1515386, 0.0 ] ], [ [ 73.1407439, 28.1512262, 0.0 ], [ 73.140767, 28.1512265, 0.0 ], [ 73.1407618, 28.1515298, 0.0 ], [ 73.1407387, 28.1515294, 0.0 ], [ 73.1407439, 28.1512262, 0.0 ] ], [ [ 73.1406879, 28.1512254, 0.0 ], [ 73.1407111, 28.1512257, 0.0 ], [ 73.1407058, 28.151529, 0.0 ], [ 73.1406827, 28.1515287, 0.0 ], [ 73.1406879, 28.1512254, 0.0 ] ], [ [ 73.1407385, 28.1515379, 0.0 ], [ 73.1407617, 28.1515382, 0.0 ], [ 73.1407564, 28.1518414, 0.0 ], [ 73.1407333, 28.1518411, 0.0 ], [ 73.1407385, 28.1515379, 0.0 ] ], [ [ 73.1406825, 28.1515371, 0.0 ], [ 73.1407057, 28.1515374, 0.0 ], [ 73.1407004, 28.1518407, 0.0 ], [ 73.1406773, 28.1518404, 0.0 ], [ 73.1406825, 28.1515371, 0.0 ] ], [ [ 73.1406319, 28.1512247, 0.0 ], [ 73.1406551, 28.151225, 0.0 ], [ 73.1406498, 28.1515282, 0.0 ], [ 73.1406267, 28.1515279, 0.0 ], [ 73.1406319, 28.1512247, 0.0 ] ], [ [ 73.140576, 28.1512239, 0.0 ], [ 73.1405991, 28.1512242, 0.0 ], [ 73.1405938, 28.1515275, 0.0 ], [ 73.1405707, 28.1515272, 0.0 ], [ 73.140576, 28.1512239, 0.0 ] ], [ [ 73.1406266, 28.1515363, 0.0 ], [ 73.1406497, 28.1515367, 0.0 ], [ 73.1406444, 28.1518399, 0.0 ], [ 73.1406213, 28.1518396, 0.0 ], [ 73.1406266, 28.1515363, 0.0 ] ], [ [ 73.1405706, 28.1515356, 0.0 ], [ 73.1405937, 28.1515359, 0.0 ], [ 73.1405885, 28.1518392, 0.0 ], [ 73.1405653, 28.1518388, 0.0 ], [ 73.1405706, 28.1515356, 0.0 ] ], [ [ 73.1446737, 28.1506599, 0.0 ], [ 73.1446968, 28.1506602, 0.0 ], [ 73.1446916, 28.1509634, 0.0 ], [ 73.1446685, 28.1509631, 0.0 ], [ 73.1446737, 28.1506599, 0.0 ] ], [ [ 73.1446177, 28.1506591, 0.0 ], [ 73.1446408, 28.1506594, 0.0 ], [ 73.1446356, 28.1509627, 0.0 ], [ 73.1446125, 28.1509624, 0.0 ], [ 73.1446177, 28.1506591, 0.0 ] ], [ [ 73.1446683, 28.1509715, 0.0 ], [ 73.1446915, 28.1509719, 0.0 ], [ 73.1446862, 28.1512751, 0.0 ], [ 73.1446631, 28.1512748, 0.0 ], [ 73.1446683, 28.1509715, 0.0 ] ], [ [ 73.1446123, 28.1509708, 0.0 ], [ 73.1446355, 28.1509711, 0.0 ], [ 73.1446302, 28.1512744, 0.0 ], [ 73.1446071, 28.1512741, 0.0 ], [ 73.1446123, 28.1509708, 0.0 ] ], [ [ 73.1445617, 28.1506583, 0.0 ], [ 73.1445849, 28.1506587, 0.0 ], [ 73.1445796, 28.1509619, 0.0 ], [ 73.1445565, 28.1509616, 0.0 ], [ 73.1445617, 28.1506583, 0.0 ] ], [ [ 73.1445057, 28.1506576, 0.0 ], [ 73.1445289, 28.1506579, 0.0 ], [ 73.1445236, 28.1509612, 0.0 ], [ 73.1445005, 28.1509608, 0.0 ], [ 73.1445057, 28.1506576, 0.0 ] ], [ [ 73.1445564, 28.15097, 0.0 ], [ 73.1445795, 28.1509703, 0.0 ], [ 73.1445743, 28.1512736, 0.0 ], [ 73.1445511, 28.1512733, 0.0 ], [ 73.1445564, 28.15097, 0.0 ] ], [ [ 73.1445004, 28.1509693, 0.0 ], [ 73.1445235, 28.1509696, 0.0 ], [ 73.1445183, 28.1512728, 0.0 ], [ 73.1444951, 28.1512725, 0.0 ], [ 73.1445004, 28.1509693, 0.0 ] ], [ [ 73.1444498, 28.1506568, 0.0 ], [ 73.1444729, 28.1506571, 0.0 ], [ 73.1444677, 28.1509604, 0.0 ], [ 73.1444445, 28.1509601, 0.0 ], [ 73.1444498, 28.1506568, 0.0 ] ], [ [ 73.1443938, 28.1506561, 0.0 ], [ 73.1444169, 28.1506564, 0.0 ], [ 73.1444117, 28.1509596, 0.0 ], [ 73.1443885, 28.1509593, 0.0 ], [ 73.1443938, 28.1506561, 0.0 ] ], [ [ 73.1444444, 28.1509685, 0.0 ], [ 73.1444675, 28.1509688, 0.0 ], [ 73.1444623, 28.1512721, 0.0 ], [ 73.1444392, 28.1512718, 0.0 ], [ 73.1444444, 28.1509685, 0.0 ] ], [ [ 73.1443884, 28.1509677, 0.0 ], [ 73.1444115, 28.1509681, 0.0 ], [ 73.1444063, 28.1512713, 0.0 ], [ 73.1443832, 28.151271, 0.0 ], [ 73.1443884, 28.1509677, 0.0 ] ], [ [ 73.1443378, 28.1506553, 0.0 ], [ 73.1443609, 28.1506556, 0.0 ], [ 73.1443557, 28.1509589, 0.0 ], [ 73.1443326, 28.1509586, 0.0 ], [ 73.1443378, 28.1506553, 0.0 ] ], [ [ 73.1442818, 28.1506545, 0.0 ], [ 73.1443049, 28.1506549, 0.0 ], [ 73.1442997, 28.1509581, 0.0 ], [ 73.1442766, 28.1509578, 0.0 ], [ 73.1442818, 28.1506545, 0.0 ] ], [ [ 73.1443324, 28.150967, 0.0 ], [ 73.1443555, 28.1509673, 0.0 ], [ 73.1443503, 28.1512706, 0.0 ], [ 73.1443272, 28.1512703, 0.0 ], [ 73.1443324, 28.150967, 0.0 ] ], [ [ 73.1442764, 28.1509662, 0.0 ], [ 73.1442996, 28.1509665, 0.0 ], [ 73.1442943, 28.1512698, 0.0 ], [ 73.1442712, 28.1512695, 0.0 ], [ 73.1442764, 28.1509662, 0.0 ] ], [ [ 73.1442258, 28.1506538, 0.0 ], [ 73.1442489, 28.1506541, 0.0 ], [ 73.1442437, 28.1509574, 0.0 ], [ 73.1442206, 28.1509571, 0.0 ], [ 73.1442258, 28.1506538, 0.0 ] ], [ [ 73.1441698, 28.150653, 0.0 ], [ 73.144193, 28.1506533, 0.0 ], [ 73.1441877, 28.1509566, 0.0 ], [ 73.1441646, 28.1509563, 0.0 ], [ 73.1441698, 28.150653, 0.0 ] ], [ [ 73.1442204, 28.1509655, 0.0 ], [ 73.1442436, 28.1509658, 0.0 ], [ 73.1442383, 28.1512691, 0.0 ], [ 73.1442152, 28.1512687, 0.0 ], [ 73.1442204, 28.1509655, 0.0 ] ], [ [ 73.1441645, 28.1509647, 0.0 ], [ 73.1441876, 28.150965, 0.0 ], [ 73.1441823, 28.1512683, 0.0 ], [ 73.1441592, 28.151268, 0.0 ], [ 73.1441645, 28.1509647, 0.0 ] ], [ [ 73.1440019, 28.1506508, 0.0 ], [ 73.144025, 28.1506511, 0.0 ], [ 73.1440198, 28.1509543, 0.0 ], [ 73.1439966, 28.150954, 0.0 ], [ 73.1440019, 28.1506508, 0.0 ] ], [ [ 73.1439459, 28.15065, 0.0 ], [ 73.143969, 28.1506503, 0.0 ], [ 73.1439638, 28.1509536, 0.0 ], [ 73.1439406, 28.1509533, 0.0 ], [ 73.1439459, 28.15065, 0.0 ] ], [ [ 73.1439965, 28.1509624, 0.0 ], [ 73.1440196, 28.1509628, 0.0 ], [ 73.1440144, 28.151266, 0.0 ], [ 73.1439913, 28.1512657, 0.0 ], [ 73.1439965, 28.1509624, 0.0 ] ], [ [ 73.1439405, 28.1509617, 0.0 ], [ 73.1439636, 28.150962, 0.0 ], [ 73.1439584, 28.1512653, 0.0 ], [ 73.1439353, 28.1512649, 0.0 ], [ 73.1439405, 28.1509617, 0.0 ] ], [ [ 73.1438899, 28.1506492, 0.0 ], [ 73.143913, 28.1506495, 0.0 ], [ 73.1439078, 28.1509528, 0.0 ], [ 73.1438847, 28.1509525, 0.0 ], [ 73.1438899, 28.1506492, 0.0 ] ], [ [ 73.1438339, 28.1506485, 0.0 ], [ 73.143857, 28.1506488, 0.0 ], [ 73.1438518, 28.1509521, 0.0 ], [ 73.1438287, 28.1509517, 0.0 ], [ 73.1438339, 28.1506485, 0.0 ] ], [ [ 73.1438845, 28.1509609, 0.0 ], [ 73.1439076, 28.1509612, 0.0 ], [ 73.1439024, 28.1512645, 0.0 ], [ 73.1438793, 28.1512642, 0.0 ], [ 73.1438845, 28.1509609, 0.0 ] ], [ [ 73.1438285, 28.1509602, 0.0 ], [ 73.1438517, 28.1509605, 0.0 ], [ 73.1438464, 28.1512637, 0.0 ], [ 73.1438233, 28.1512634, 0.0 ], [ 73.1438285, 28.1509602, 0.0 ] ], [ [ 73.1437779, 28.1506477, 0.0 ], [ 73.143801, 28.150648, 0.0 ], [ 73.1437958, 28.1509513, 0.0 ], [ 73.1437727, 28.150951, 0.0 ], [ 73.1437779, 28.1506477, 0.0 ] ], [ [ 73.1437219, 28.150647, 0.0 ], [ 73.1437451, 28.1506473, 0.0 ], [ 73.1437398, 28.1509505, 0.0 ], [ 73.1437167, 28.1509502, 0.0 ], [ 73.1437219, 28.150647, 0.0 ] ], [ [ 73.1437725, 28.1509594, 0.0 ], [ 73.1437957, 28.1509597, 0.0 ], [ 73.1437904, 28.151263, 0.0 ], [ 73.1437673, 28.1512627, 0.0 ], [ 73.1437725, 28.1509594, 0.0 ] ], [ [ 73.1437166, 28.1509586, 0.0 ], [ 73.1437397, 28.150959, 0.0 ], [ 73.1437344, 28.1512622, 0.0 ], [ 73.1437113, 28.1512619, 0.0 ], [ 73.1437166, 28.1509586, 0.0 ] ], [ [ 73.1436659, 28.1506462, 0.0 ], [ 73.1436891, 28.1506465, 0.0 ], [ 73.1436838, 28.1509498, 0.0 ], [ 73.1436607, 28.1509495, 0.0 ], [ 73.1436659, 28.1506462, 0.0 ] ], [ [ 73.14361, 28.1506454, 0.0 ], [ 73.1436331, 28.1506458, 0.0 ], [ 73.1436279, 28.150949, 0.0 ], [ 73.1436047, 28.1509487, 0.0 ], [ 73.14361, 28.1506454, 0.0 ] ], [ [ 73.1436606, 28.1509579, 0.0 ], [ 73.1436837, 28.1509582, 0.0 ], [ 73.1436785, 28.1512615, 0.0 ], [ 73.1436553, 28.1512612, 0.0 ], [ 73.1436606, 28.1509579, 0.0 ] ], [ [ 73.1436046, 28.1509571, 0.0 ], [ 73.1436277, 28.1509574, 0.0 ], [ 73.1436225, 28.1512607, 0.0 ], [ 73.1435993, 28.1512604, 0.0 ], [ 73.1436046, 28.1509571, 0.0 ] ], [ [ 73.1441138, 28.1506523, 0.0 ], [ 73.144137, 28.1506526, 0.0 ], [ 73.1441317, 28.1509559, 0.0 ], [ 73.1441086, 28.1509555, 0.0 ], [ 73.1441138, 28.1506523, 0.0 ] ], [ [ 73.1440579, 28.1506515, 0.0 ], [ 73.144081, 28.1506518, 0.0 ], [ 73.1440757, 28.1509551, 0.0 ], [ 73.1440526, 28.1509548, 0.0 ], [ 73.1440579, 28.1506515, 0.0 ] ], [ [ 73.1441085, 28.150964, 0.0 ], [ 73.1441316, 28.1509643, 0.0 ], [ 73.1441264, 28.1512675, 0.0 ], [ 73.1441032, 28.1512672, 0.0 ], [ 73.1441085, 28.150964, 0.0 ] ], [ [ 73.1440525, 28.1509632, 0.0 ], [ 73.1440756, 28.1509635, 0.0 ], [ 73.1440704, 28.1512668, 0.0 ], [ 73.1440472, 28.1512665, 0.0 ], [ 73.1440525, 28.1509632, 0.0 ] ], [ [ 73.143442, 28.1506432, 0.0 ], [ 73.1434651, 28.1506435, 0.0 ], [ 73.1434599, 28.1509467, 0.0 ], [ 73.1434368, 28.1509464, 0.0 ], [ 73.143442, 28.1506432, 0.0 ] ], [ [ 73.143386, 28.1506424, 0.0 ], [ 73.1434091, 28.1506427, 0.0 ], [ 73.1434039, 28.150946, 0.0 ], [ 73.1433808, 28.1509457, 0.0 ], [ 73.143386, 28.1506424, 0.0 ] ], [ [ 73.1434366, 28.1509549, 0.0 ], [ 73.1434597, 28.1509552, 0.0 ], [ 73.1434545, 28.1512584, 0.0 ], [ 73.1434314, 28.1512581, 0.0 ], [ 73.1434366, 28.1509549, 0.0 ] ], [ [ 73.1433806, 28.1509541, 0.0 ], [ 73.1434038, 28.1509544, 0.0 ], [ 73.1433985, 28.1512577, 0.0 ], [ 73.1433754, 28.1512574, 0.0 ], [ 73.1433806, 28.1509541, 0.0 ] ], [ [ 73.14333, 28.1506416, 0.0 ], [ 73.1433531, 28.150642, 0.0 ], [ 73.1433479, 28.1509452, 0.0 ], [ 73.1433248, 28.1509449, 0.0 ], [ 73.14333, 28.1506416, 0.0 ] ], [ [ 73.143274, 28.1506409, 0.0 ], [ 73.1432972, 28.1506412, 0.0 ], [ 73.1432919, 28.1509445, 0.0 ], [ 73.1432688, 28.1509442, 0.0 ], [ 73.143274, 28.1506409, 0.0 ] ], [ [ 73.1433246, 28.1509533, 0.0 ], [ 73.1433478, 28.1509536, 0.0 ], [ 73.1433425, 28.1512569, 0.0 ], [ 73.1433194, 28.1512566, 0.0 ], [ 73.1433246, 28.1509533, 0.0 ] ], [ [ 73.1432687, 28.1509526, 0.0 ], [ 73.1432918, 28.1509529, 0.0 ], [ 73.1432866, 28.1512562, 0.0 ], [ 73.1432634, 28.1512558, 0.0 ], [ 73.1432687, 28.1509526, 0.0 ] ], [ [ 73.1431061, 28.1506386, 0.0 ], [ 73.1431292, 28.1506389, 0.0 ], [ 73.143124, 28.1509422, 0.0 ], [ 73.1431008, 28.1509419, 0.0 ], [ 73.1431061, 28.1506386, 0.0 ] ], [ [ 73.1430501, 28.1506379, 0.0 ], [ 73.1430732, 28.1506382, 0.0 ], [ 73.143068, 28.1509414, 0.0 ], [ 73.1430449, 28.1509411, 0.0 ], [ 73.1430501, 28.1506379, 0.0 ] ], [ [ 73.1431007, 28.1509503, 0.0 ], [ 73.1431238, 28.1509506, 0.0 ], [ 73.1431186, 28.1512539, 0.0 ], [ 73.1430955, 28.1512536, 0.0 ], [ 73.1431007, 28.1509503, 0.0 ] ], [ [ 73.1430447, 28.1509495, 0.0 ], [ 73.1430678, 28.1509499, 0.0 ], [ 73.1430626, 28.1512531, 0.0 ], [ 73.1430395, 28.1512528, 0.0 ], [ 73.1430447, 28.1509495, 0.0 ] ], [ [ 73.1429941, 28.1506371, 0.0 ], [ 73.1430172, 28.1506374, 0.0 ], [ 73.143012, 28.1509407, 0.0 ], [ 73.1429889, 28.1509404, 0.0 ], [ 73.1429941, 28.1506371, 0.0 ] ], [ [ 73.1429381, 28.1506363, 0.0 ], [ 73.1429612, 28.1506366, 0.0 ], [ 73.142956, 28.1509399, 0.0 ], [ 73.1429329, 28.1509396, 0.0 ], [ 73.1429381, 28.1506363, 0.0 ] ], [ [ 73.1429887, 28.1509488, 0.0 ], [ 73.1430118, 28.1509491, 0.0 ], [ 73.1430066, 28.1512524, 0.0 ], [ 73.1429835, 28.151252, 0.0 ], [ 73.1429887, 28.1509488, 0.0 ] ], [ [ 73.1429327, 28.150948, 0.0 ], [ 73.1429559, 28.1509483, 0.0 ], [ 73.1429506, 28.1512516, 0.0 ], [ 73.1429275, 28.1512513, 0.0 ], [ 73.1429327, 28.150948, 0.0 ] ], [ [ 73.1428821, 28.1506356, 0.0 ], [ 73.1429053, 28.1506359, 0.0 ], [ 73.1429, 28.1509392, 0.0 ], [ 73.1428769, 28.1509388, 0.0 ], [ 73.1428821, 28.1506356, 0.0 ] ], [ [ 73.1428261, 28.1506348, 0.0 ], [ 73.1428493, 28.1506351, 0.0 ], [ 73.142844, 28.1509384, 0.0 ], [ 73.1428209, 28.1509381, 0.0 ], [ 73.1428261, 28.1506348, 0.0 ] ], [ [ 73.1428767, 28.1509473, 0.0 ], [ 73.1428999, 28.1509476, 0.0 ], [ 73.1428946, 28.1512508, 0.0 ], [ 73.1428715, 28.1512505, 0.0 ], [ 73.1428767, 28.1509473, 0.0 ] ], [ [ 73.1428208, 28.1509465, 0.0 ], [ 73.1428439, 28.1509468, 0.0 ], [ 73.1428387, 28.1512501, 0.0 ], [ 73.1428155, 28.1512498, 0.0 ], [ 73.1428208, 28.1509465, 0.0 ] ], [ [ 73.1427702, 28.1506341, 0.0 ], [ 73.1427933, 28.1506344, 0.0 ], [ 73.142788, 28.1509376, 0.0 ], [ 73.1427649, 28.1509373, 0.0 ], [ 73.1427702, 28.1506341, 0.0 ] ], [ [ 73.1427142, 28.1506333, 0.0 ], [ 73.1427373, 28.1506336, 0.0 ], [ 73.1427321, 28.1509369, 0.0 ], [ 73.1427089, 28.1509366, 0.0 ], [ 73.1427142, 28.1506333, 0.0 ] ], [ [ 73.1427648, 28.1509457, 0.0 ], [ 73.1427879, 28.1509461, 0.0 ], [ 73.1427827, 28.1512493, 0.0 ], [ 73.1427595, 28.151249, 0.0 ], [ 73.1427648, 28.1509457, 0.0 ] ], [ [ 73.1427088, 28.150945, 0.0 ], [ 73.1427319, 28.1509453, 0.0 ], [ 73.1427267, 28.1512486, 0.0 ], [ 73.1427036, 28.1512483, 0.0 ], [ 73.1427088, 28.150945, 0.0 ] ], [ [ 73.1426582, 28.1506325, 0.0 ], [ 73.1426813, 28.1506329, 0.0 ], [ 73.1426761, 28.1509361, 0.0 ], [ 73.1426529, 28.1509358, 0.0 ], [ 73.1426582, 28.1506325, 0.0 ] ], [ [ 73.1426022, 28.1506318, 0.0 ], [ 73.1426253, 28.1506321, 0.0 ], [ 73.1426201, 28.1509354, 0.0 ], [ 73.142597, 28.150935, 0.0 ], [ 73.1426022, 28.1506318, 0.0 ] ], [ [ 73.1426528, 28.1509442, 0.0 ], [ 73.1426759, 28.1509445, 0.0 ], [ 73.1426707, 28.1512478, 0.0 ], [ 73.1426476, 28.1512475, 0.0 ], [ 73.1426528, 28.1509442, 0.0 ] ], [ [ 73.1425968, 28.1509435, 0.0 ], [ 73.1426199, 28.1509438, 0.0 ], [ 73.1426147, 28.151247, 0.0 ], [ 73.1425916, 28.1512467, 0.0 ], [ 73.1425968, 28.1509435, 0.0 ] ], [ [ 73.1425462, 28.150631, 0.0 ], [ 73.1425693, 28.1506313, 0.0 ], [ 73.1425641, 28.1509346, 0.0 ], [ 73.142541, 28.1509343, 0.0 ], [ 73.1425462, 28.150631, 0.0 ] ], [ [ 73.1424902, 28.1506303, 0.0 ], [ 73.1425133, 28.1506306, 0.0 ], [ 73.1425081, 28.1509338, 0.0 ], [ 73.142485, 28.1509335, 0.0 ], [ 73.1424902, 28.1506303, 0.0 ] ], [ [ 73.1425408, 28.1509427, 0.0 ], [ 73.142564, 28.150943, 0.0 ], [ 73.1425587, 28.1512463, 0.0 ], [ 73.1425356, 28.151246, 0.0 ], [ 73.1425408, 28.1509427, 0.0 ] ], [ [ 73.1424848, 28.1509419, 0.0 ], [ 73.142508, 28.1509423, 0.0 ], [ 73.1425027, 28.1512455, 0.0 ], [ 73.1424796, 28.1512452, 0.0 ], [ 73.1424848, 28.1509419, 0.0 ] ], [ [ 73.1424342, 28.1506295, 0.0 ], [ 73.1424574, 28.1506298, 0.0 ], [ 73.1424521, 28.1509331, 0.0 ], [ 73.142429, 28.1509328, 0.0 ], [ 73.1424342, 28.1506295, 0.0 ] ], [ [ 73.1423782, 28.1506287, 0.0 ], [ 73.1424014, 28.1506291, 0.0 ], [ 73.1423961, 28.1509323, 0.0 ], [ 73.142373, 28.150932, 0.0 ], [ 73.1423782, 28.1506287, 0.0 ] ], [ [ 73.1424289, 28.1509412, 0.0 ], [ 73.142452, 28.1509415, 0.0 ], [ 73.1424467, 28.1512448, 0.0 ], [ 73.1424236, 28.1512445, 0.0 ], [ 73.1424289, 28.1509412, 0.0 ] ], [ [ 73.1423729, 28.1509404, 0.0 ], [ 73.142396, 28.1509407, 0.0 ], [ 73.1423908, 28.151244, 0.0 ], [ 73.1423676, 28.1512437, 0.0 ], [ 73.1423729, 28.1509404, 0.0 ] ], [ [ 73.1423223, 28.150628, 0.0 ], [ 73.1423454, 28.1506283, 0.0 ], [ 73.1423401, 28.1509316, 0.0 ], [ 73.142317, 28.1509313, 0.0 ], [ 73.1423223, 28.150628, 0.0 ] ], [ [ 73.1422663, 28.1506272, 0.0 ], [ 73.1422894, 28.1506275, 0.0 ], [ 73.1422842, 28.1509308, 0.0 ], [ 73.142261, 28.1509305, 0.0 ], [ 73.1422663, 28.1506272, 0.0 ] ], [ [ 73.1423169, 28.1509397, 0.0 ], [ 73.14234, 28.15094, 0.0 ], [ 73.1423348, 28.1512432, 0.0 ], [ 73.1423116, 28.1512429, 0.0 ], [ 73.1423169, 28.1509397, 0.0 ] ], [ [ 73.1422609, 28.1509389, 0.0 ], [ 73.142284, 28.1509392, 0.0 ], [ 73.1422788, 28.1512425, 0.0 ], [ 73.1422557, 28.1512422, 0.0 ], [ 73.1422609, 28.1509389, 0.0 ] ], [ [ 73.1422103, 28.1506265, 0.0 ], [ 73.1422334, 28.1506268, 0.0 ], [ 73.1422282, 28.15093, 0.0 ], [ 73.142205, 28.1509297, 0.0 ], [ 73.1422103, 28.1506265, 0.0 ] ], [ [ 73.1421543, 28.1506257, 0.0 ], [ 73.1421774, 28.150626, 0.0 ], [ 73.1421722, 28.1509293, 0.0 ], [ 73.1421491, 28.150929, 0.0 ], [ 73.1421543, 28.1506257, 0.0 ] ], [ [ 73.1422049, 28.1509381, 0.0 ], [ 73.142228, 28.1509385, 0.0 ], [ 73.1422228, 28.1512417, 0.0 ], [ 73.1421997, 28.1512414, 0.0 ], [ 73.1422049, 28.1509381, 0.0 ] ], [ [ 73.1421489, 28.1509374, 0.0 ], [ 73.142172, 28.1509377, 0.0 ], [ 73.1421668, 28.151241, 0.0 ], [ 73.1421437, 28.1512407, 0.0 ], [ 73.1421489, 28.1509374, 0.0 ] ], [ [ 73.1420983, 28.1506249, 0.0 ], [ 73.1421214, 28.1506253, 0.0 ], [ 73.1421162, 28.1509285, 0.0 ], [ 73.1420931, 28.1509282, 0.0 ], [ 73.1420983, 28.1506249, 0.0 ] ], [ [ 73.1420423, 28.1506242, 0.0 ], [ 73.1420655, 28.1506245, 0.0 ], [ 73.1420602, 28.1509278, 0.0 ], [ 73.1420371, 28.1509275, 0.0 ], [ 73.1420423, 28.1506242, 0.0 ] ], [ [ 73.1420929, 28.1509366, 0.0 ], [ 73.1421161, 28.1509369, 0.0 ], [ 73.1421108, 28.1512402, 0.0 ], [ 73.1420877, 28.1512399, 0.0 ], [ 73.1420929, 28.1509366, 0.0 ] ], [ [ 73.1420369, 28.1509359, 0.0 ], [ 73.1420601, 28.1509362, 0.0 ], [ 73.1420548, 28.1512395, 0.0 ], [ 73.1420317, 28.1512391, 0.0 ], [ 73.1420369, 28.1509359, 0.0 ] ], [ [ 73.1419863, 28.1506234, 0.0 ], [ 73.1420095, 28.1506237, 0.0 ], [ 73.1420042, 28.150927, 0.0 ], [ 73.1419811, 28.1509267, 0.0 ], [ 73.1419863, 28.1506234, 0.0 ] ], [ [ 73.1419303, 28.1506227, 0.0 ], [ 73.1419535, 28.150623, 0.0 ], [ 73.1419482, 28.1509262, 0.0 ], [ 73.1419251, 28.1509259, 0.0 ], [ 73.1419303, 28.1506227, 0.0 ] ], [ [ 73.141981, 28.1509351, 0.0 ], [ 73.1420041, 28.1509354, 0.0 ], [ 73.1419988, 28.1512387, 0.0 ], [ 73.1419757, 28.1512384, 0.0 ], [ 73.141981, 28.1509351, 0.0 ] ], [ [ 73.141925, 28.1509344, 0.0 ], [ 73.1419481, 28.1509347, 0.0 ], [ 73.1419429, 28.1512379, 0.0 ], [ 73.1419197, 28.1512376, 0.0 ], [ 73.141925, 28.1509344, 0.0 ] ], [ [ 73.1418744, 28.1506219, 0.0 ], [ 73.1418975, 28.1506222, 0.0 ], [ 73.1418923, 28.1509255, 0.0 ], [ 73.1418691, 28.1509252, 0.0 ], [ 73.1418744, 28.1506219, 0.0 ] ], [ [ 73.1418184, 28.1506211, 0.0 ], [ 73.1418415, 28.1506215, 0.0 ], [ 73.1418363, 28.1509247, 0.0 ], [ 73.1418131, 28.1509244, 0.0 ], [ 73.1418184, 28.1506211, 0.0 ] ], [ [ 73.141869, 28.1509336, 0.0 ], [ 73.1418921, 28.1509339, 0.0 ], [ 73.1418869, 28.1512372, 0.0 ], [ 73.1418637, 28.1512369, 0.0 ], [ 73.141869, 28.1509336, 0.0 ] ], [ [ 73.141813, 28.1509328, 0.0 ], [ 73.1418361, 28.1509331, 0.0 ], [ 73.1418309, 28.1512364, 0.0 ], [ 73.1418078, 28.1512361, 0.0 ], [ 73.141813, 28.1509328, 0.0 ] ], [ [ 73.1417624, 28.1506204, 0.0 ], [ 73.1417855, 28.1506207, 0.0 ], [ 73.1417803, 28.150924, 0.0 ], [ 73.1417572, 28.1509237, 0.0 ], [ 73.1417624, 28.1506204, 0.0 ] ], [ [ 73.1417064, 28.1506196, 0.0 ], [ 73.1417295, 28.1506199, 0.0 ], [ 73.1417243, 28.1509232, 0.0 ], [ 73.1417012, 28.1509229, 0.0 ], [ 73.1417064, 28.1506196, 0.0 ] ], [ [ 73.141757, 28.1509321, 0.0 ], [ 73.1417801, 28.1509324, 0.0 ], [ 73.1417749, 28.1512357, 0.0 ], [ 73.1417518, 28.1512353, 0.0 ], [ 73.141757, 28.1509321, 0.0 ] ], [ [ 73.141701, 28.1509313, 0.0 ], [ 73.1417241, 28.1509316, 0.0 ], [ 73.1417189, 28.1512349, 0.0 ], [ 73.1416958, 28.1512346, 0.0 ], [ 73.141701, 28.1509313, 0.0 ] ], [ [ 73.1416504, 28.1506189, 0.0 ], [ 73.1416735, 28.1506192, 0.0 ], [ 73.1416683, 28.1509225, 0.0 ], [ 73.1416452, 28.1509221, 0.0 ], [ 73.1416504, 28.1506189, 0.0 ] ], [ [ 73.1415944, 28.1506181, 0.0 ], [ 73.1416176, 28.1506184, 0.0 ], [ 73.1416123, 28.1509217, 0.0 ], [ 73.1415892, 28.1509214, 0.0 ], [ 73.1415944, 28.1506181, 0.0 ] ], [ [ 73.141645, 28.1509306, 0.0 ], [ 73.1416682, 28.1509309, 0.0 ], [ 73.1416629, 28.1512341, 0.0 ], [ 73.1416398, 28.1512338, 0.0 ], [ 73.141645, 28.1509306, 0.0 ] ], [ [ 73.141589, 28.1509298, 0.0 ], [ 73.1416122, 28.1509301, 0.0 ], [ 73.1416069, 28.1512334, 0.0 ], [ 73.1415838, 28.1512331, 0.0 ], [ 73.141589, 28.1509298, 0.0 ] ], [ [ 73.1415384, 28.1506173, 0.0 ], [ 73.1415616, 28.1506177, 0.0 ], [ 73.1415563, 28.1509209, 0.0 ], [ 73.1415332, 28.1509206, 0.0 ], [ 73.1415384, 28.1506173, 0.0 ] ], [ [ 73.1414825, 28.1506166, 0.0 ], [ 73.1415056, 28.1506169, 0.0 ], [ 73.1415003, 28.1509202, 0.0 ], [ 73.1414772, 28.1509199, 0.0 ], [ 73.1414825, 28.1506166, 0.0 ] ], [ [ 73.1415331, 28.150929, 0.0 ], [ 73.1415562, 28.1509293, 0.0 ], [ 73.1415509, 28.1512326, 0.0 ], [ 73.1415278, 28.1512323, 0.0 ], [ 73.1415331, 28.150929, 0.0 ] ], [ [ 73.1414771, 28.1509283, 0.0 ], [ 73.1415002, 28.1509286, 0.0 ], [ 73.141495, 28.1512319, 0.0 ], [ 73.1414718, 28.1512315, 0.0 ], [ 73.1414771, 28.1509283, 0.0 ] ], [ [ 73.1414265, 28.1506158, 0.0 ], [ 73.1414496, 28.1506161, 0.0 ], [ 73.1414444, 28.1509194, 0.0 ], [ 73.1414212, 28.1509191, 0.0 ], [ 73.1414265, 28.1506158, 0.0 ] ], [ [ 73.1413705, 28.1506151, 0.0 ], [ 73.1413936, 28.1506154, 0.0 ], [ 73.1413884, 28.1509187, 0.0 ], [ 73.1413652, 28.1509183, 0.0 ], [ 73.1413705, 28.1506151, 0.0 ] ], [ [ 73.1414211, 28.1509275, 0.0 ], [ 73.1414442, 28.1509278, 0.0 ], [ 73.141439, 28.1512311, 0.0 ], [ 73.1414158, 28.1512308, 0.0 ], [ 73.1414211, 28.1509275, 0.0 ] ], [ [ 73.1413651, 28.1509268, 0.0 ], [ 73.1413882, 28.1509271, 0.0 ], [ 73.141383, 28.1512303, 0.0 ], [ 73.1413599, 28.15123, 0.0 ], [ 73.1413651, 28.1509268, 0.0 ] ], [ [ 73.1413145, 28.1506143, 0.0 ], [ 73.1413376, 28.1506146, 0.0 ], [ 73.1413324, 28.1509179, 0.0 ], [ 73.1413093, 28.1509176, 0.0 ], [ 73.1413145, 28.1506143, 0.0 ] ], [ [ 73.1412585, 28.1506136, 0.0 ], [ 73.1412816, 28.1506139, 0.0 ], [ 73.1412764, 28.1509171, 0.0 ], [ 73.1412533, 28.1509168, 0.0 ], [ 73.1412585, 28.1506136, 0.0 ] ], [ [ 73.1413091, 28.150926, 0.0 ], [ 73.1413322, 28.1509263, 0.0 ], [ 73.141327, 28.1512296, 0.0 ], [ 73.1413039, 28.1512293, 0.0 ], [ 73.1413091, 28.150926, 0.0 ] ], [ [ 73.1412531, 28.1509252, 0.0 ], [ 73.1412763, 28.1509256, 0.0 ], [ 73.141271, 28.1512288, 0.0 ], [ 73.1412479, 28.1512285, 0.0 ], [ 73.1412531, 28.1509252, 0.0 ] ], [ [ 73.1412025, 28.1506128, 0.0 ], [ 73.1412256, 28.1506131, 0.0 ], [ 73.1412204, 28.1509164, 0.0 ], [ 73.1411973, 28.1509161, 0.0 ], [ 73.1412025, 28.1506128, 0.0 ] ], [ [ 73.1411465, 28.150612, 0.0 ], [ 73.1411697, 28.1506123, 0.0 ], [ 73.1411644, 28.1509156, 0.0 ], [ 73.1411413, 28.1509153, 0.0 ], [ 73.1411465, 28.150612, 0.0 ] ], [ [ 73.1411971, 28.1509245, 0.0 ], [ 73.1412203, 28.1509248, 0.0 ], [ 73.141215, 28.1512281, 0.0 ], [ 73.1411919, 28.1512277, 0.0 ], [ 73.1411971, 28.1509245, 0.0 ] ], [ [ 73.1411411, 28.1509237, 0.0 ], [ 73.1411643, 28.150924, 0.0 ], [ 73.141159, 28.1512273, 0.0 ], [ 73.1411359, 28.151227, 0.0 ], [ 73.1411411, 28.1509237, 0.0 ] ], [ [ 73.1410905, 28.1506113, 0.0 ], [ 73.1411137, 28.1506116, 0.0 ], [ 73.1411084, 28.1509149, 0.0 ], [ 73.1410853, 28.1509145, 0.0 ], [ 73.1410905, 28.1506113, 0.0 ] ], [ [ 73.1410346, 28.1506105, 0.0 ], [ 73.1410577, 28.1506108, 0.0 ], [ 73.1410524, 28.1509141, 0.0 ], [ 73.1410293, 28.1509138, 0.0 ], [ 73.1410346, 28.1506105, 0.0 ] ], [ [ 73.1410852, 28.150923, 0.0 ], [ 73.1411083, 28.1509233, 0.0 ], [ 73.1411031, 28.1512265, 0.0 ], [ 73.1410799, 28.1512262, 0.0 ], [ 73.1410852, 28.150923, 0.0 ] ], [ [ 73.1410292, 28.1509222, 0.0 ], [ 73.1410523, 28.1509225, 0.0 ], [ 73.1410471, 28.1512258, 0.0 ], [ 73.1410239, 28.1512255, 0.0 ], [ 73.1410292, 28.1509222, 0.0 ] ], [ [ 73.1409786, 28.1506098, 0.0 ], [ 73.1410017, 28.1506101, 0.0 ], [ 73.1409965, 28.1509133, 0.0 ], [ 73.1409733, 28.150913, 0.0 ], [ 73.1409786, 28.1506098, 0.0 ] ], [ [ 73.1409226, 28.150609, 0.0 ], [ 73.1409457, 28.1506093, 0.0 ], [ 73.1409405, 28.1509126, 0.0 ], [ 73.1409173, 28.1509123, 0.0 ], [ 73.1409226, 28.150609, 0.0 ] ], [ [ 73.1409732, 28.1509214, 0.0 ], [ 73.1409963, 28.1509218, 0.0 ], [ 73.1409911, 28.151225, 0.0 ], [ 73.1409679, 28.1512247, 0.0 ], [ 73.1409732, 28.1509214, 0.0 ] ], [ [ 73.1409172, 28.1509207, 0.0 ], [ 73.1409403, 28.150921, 0.0 ], [ 73.1409351, 28.1512243, 0.0 ], [ 73.140912, 28.1512239, 0.0 ], [ 73.1409172, 28.1509207, 0.0 ] ], [ [ 73.1408666, 28.1506082, 0.0 ], [ 73.1408897, 28.1506085, 0.0 ], [ 73.1408845, 28.1509118, 0.0 ], [ 73.1408614, 28.1509115, 0.0 ], [ 73.1408666, 28.1506082, 0.0 ] ], [ [ 73.1408106, 28.1506075, 0.0 ], [ 73.1408337, 28.1506078, 0.0 ], [ 73.1408285, 28.1509111, 0.0 ], [ 73.1408054, 28.1509107, 0.0 ], [ 73.1408106, 28.1506075, 0.0 ] ], [ [ 73.1408612, 28.1509199, 0.0 ], [ 73.1408843, 28.1509202, 0.0 ], [ 73.1408791, 28.1512235, 0.0 ], [ 73.140856, 28.1512232, 0.0 ], [ 73.1408612, 28.1509199, 0.0 ] ], [ [ 73.1408052, 28.1509192, 0.0 ], [ 73.1408284, 28.1509195, 0.0 ], [ 73.1408231, 28.1512227, 0.0 ], [ 73.1408, 28.1512224, 0.0 ], [ 73.1408052, 28.1509192, 0.0 ] ], [ [ 73.1407546, 28.1506067, 0.0 ], [ 73.1407778, 28.150607, 0.0 ], [ 73.1407725, 28.1509103, 0.0 ], [ 73.1407494, 28.15091, 0.0 ], [ 73.1407546, 28.1506067, 0.0 ] ], [ [ 73.1406986, 28.150606, 0.0 ], [ 73.1407218, 28.1506063, 0.0 ], [ 73.1407165, 28.1509095, 0.0 ], [ 73.1406934, 28.1509092, 0.0 ], [ 73.1406986, 28.150606, 0.0 ] ], [ [ 73.1407492, 28.1509184, 0.0 ], [ 73.1407724, 28.1509187, 0.0 ], [ 73.1407671, 28.151222, 0.0 ], [ 73.140744, 28.1512217, 0.0 ], [ 73.1407492, 28.1509184, 0.0 ] ], [ [ 73.1406933, 28.1509176, 0.0 ], [ 73.1407164, 28.150918, 0.0 ], [ 73.1407111, 28.1512212, 0.0 ], [ 73.140688, 28.1512209, 0.0 ], [ 73.1406933, 28.1509176, 0.0 ] ], [ [ 73.1406427, 28.1506052, 0.0 ], [ 73.1406658, 28.1506055, 0.0 ], [ 73.1406605, 28.1509088, 0.0 ], [ 73.1406374, 28.1509085, 0.0 ], [ 73.1406427, 28.1506052, 0.0 ] ], [ [ 73.1405867, 28.1506044, 0.0 ], [ 73.1406098, 28.1506047, 0.0 ], [ 73.1406046, 28.150908, 0.0 ], [ 73.1405814, 28.1509077, 0.0 ], [ 73.1405867, 28.1506044, 0.0 ] ], [ [ 73.1406373, 28.1509169, 0.0 ], [ 73.1406604, 28.1509172, 0.0 ], [ 73.1406552, 28.1512205, 0.0 ], [ 73.140632, 28.1512201, 0.0 ], [ 73.1406373, 28.1509169, 0.0 ] ], [ [ 73.1405813, 28.1509161, 0.0 ], [ 73.1406044, 28.1509164, 0.0 ], [ 73.1405992, 28.1512197, 0.0 ], [ 73.140576, 28.1512194, 0.0 ], [ 73.1405813, 28.1509161, 0.0 ] ], [ [ 73.1405307, 28.1506037, 0.0 ], [ 73.1405538, 28.150604, 0.0 ], [ 73.1405486, 28.1509073, 0.0 ], [ 73.1405254, 28.1509069, 0.0 ], [ 73.1405307, 28.1506037, 0.0 ] ], [ [ 73.1404747, 28.1506029, 0.0 ], [ 73.1404978, 28.1506032, 0.0 ], [ 73.1404926, 28.1509065, 0.0 ], [ 73.1404695, 28.1509062, 0.0 ], [ 73.1404747, 28.1506029, 0.0 ] ], [ [ 73.1405253, 28.1509154, 0.0 ], [ 73.1405484, 28.1509157, 0.0 ], [ 73.1405432, 28.1512189, 0.0 ], [ 73.1405201, 28.1512186, 0.0 ], [ 73.1405253, 28.1509154, 0.0 ] ], [ [ 73.1404693, 28.1509146, 0.0 ], [ 73.1404924, 28.1509149, 0.0 ], [ 73.1404872, 28.1512182, 0.0 ], [ 73.1404641, 28.1512179, 0.0 ], [ 73.1404693, 28.1509146, 0.0 ] ], [ [ 73.1445724, 28.1500389, 0.0 ], [ 73.1445955, 28.1500392, 0.0 ], [ 73.1445903, 28.1503425, 0.0 ], [ 73.1445672, 28.1503421, 0.0 ], [ 73.1445724, 28.1500389, 0.0 ] ], [ [ 73.1445164, 28.1500381, 0.0 ], [ 73.1445396, 28.1500384, 0.0 ], [ 73.1445343, 28.1503417, 0.0 ], [ 73.1445112, 28.1503414, 0.0 ], [ 73.1445164, 28.1500381, 0.0 ] ], [ [ 73.144567, 28.1503506, 0.0 ], [ 73.1445902, 28.1503509, 0.0 ], [ 73.1445849, 28.1506541, 0.0 ], [ 73.1445618, 28.1506538, 0.0 ], [ 73.144567, 28.1503506, 0.0 ] ], [ [ 73.1445111, 28.1503498, 0.0 ], [ 73.1445342, 28.1503501, 0.0 ], [ 73.144529, 28.1506534, 0.0 ], [ 73.1445058, 28.1506531, 0.0 ], [ 73.1445111, 28.1503498, 0.0 ] ], [ [ 73.1444604, 28.1500374, 0.0 ], [ 73.1444836, 28.1500377, 0.0 ], [ 73.1444783, 28.1503409, 0.0 ], [ 73.1444552, 28.1503406, 0.0 ], [ 73.1444604, 28.1500374, 0.0 ] ], [ [ 73.1444045, 28.1500366, 0.0 ], [ 73.1444276, 28.1500369, 0.0 ], [ 73.1444224, 28.1503402, 0.0 ], [ 73.1443992, 28.1503399, 0.0 ], [ 73.1444045, 28.1500366, 0.0 ] ], [ [ 73.1444551, 28.150349, 0.0 ], [ 73.1444782, 28.1503494, 0.0 ], [ 73.144473, 28.1506526, 0.0 ], [ 73.1444498, 28.1506523, 0.0 ], [ 73.1444551, 28.150349, 0.0 ] ], [ [ 73.1443991, 28.1503483, 0.0 ], [ 73.1444222, 28.1503486, 0.0 ], [ 73.144417, 28.1506519, 0.0 ], [ 73.1443939, 28.1506516, 0.0 ], [ 73.1443991, 28.1503483, 0.0 ] ], [ [ 73.1443485, 28.1500358, 0.0 ], [ 73.1443716, 28.1500362, 0.0 ], [ 73.1443664, 28.1503394, 0.0 ], [ 73.1443432, 28.1503391, 0.0 ], [ 73.1443485, 28.1500358, 0.0 ] ], [ [ 73.1442925, 28.1500351, 0.0 ], [ 73.1443156, 28.1500354, 0.0 ], [ 73.1443104, 28.1503387, 0.0 ], [ 73.1442873, 28.1503383, 0.0 ], [ 73.1442925, 28.1500351, 0.0 ] ], [ [ 73.1443431, 28.1503475, 0.0 ], [ 73.1443662, 28.1503478, 0.0 ], [ 73.144361, 28.1506511, 0.0 ], [ 73.1443379, 28.1506508, 0.0 ], [ 73.1443431, 28.1503475, 0.0 ] ], [ [ 73.1442871, 28.1503468, 0.0 ], [ 73.1443102, 28.1503471, 0.0 ], [ 73.144305, 28.1506503, 0.0 ], [ 73.1442819, 28.15065, 0.0 ], [ 73.1442871, 28.1503468, 0.0 ] ], [ [ 73.1442365, 28.1500343, 0.0 ], [ 73.1442596, 28.1500346, 0.0 ], [ 73.1442544, 28.1503379, 0.0 ], [ 73.1442313, 28.1503376, 0.0 ], [ 73.1442365, 28.1500343, 0.0 ] ], [ [ 73.1441805, 28.1500336, 0.0 ], [ 73.1442036, 28.1500339, 0.0 ], [ 73.1441984, 28.1503371, 0.0 ], [ 73.1441753, 28.1503368, 0.0 ], [ 73.1441805, 28.1500336, 0.0 ] ], [ [ 73.1442311, 28.150346, 0.0 ], [ 73.1442542, 28.1503463, 0.0 ], [ 73.144249, 28.1506496, 0.0 ], [ 73.1442259, 28.1506493, 0.0 ], [ 73.1442311, 28.150346, 0.0 ] ], [ [ 73.1441751, 28.1503452, 0.0 ], [ 73.1441983, 28.1503456, 0.0 ], [ 73.144193, 28.1506488, 0.0 ], [ 73.1441699, 28.1506485, 0.0 ], [ 73.1441751, 28.1503452, 0.0 ] ], [ [ 73.1440126, 28.1500313, 0.0 ], [ 73.1440357, 28.1500316, 0.0 ], [ 73.1440304, 28.1503349, 0.0 ], [ 73.1440073, 28.1503346, 0.0 ], [ 73.1440126, 28.1500313, 0.0 ] ], [ [ 73.1439566, 28.1500305, 0.0 ], [ 73.1439797, 28.1500308, 0.0 ], [ 73.1439745, 28.1503341, 0.0 ], [ 73.1439513, 28.1503338, 0.0 ], [ 73.1439566, 28.1500305, 0.0 ] ], [ [ 73.1440072, 28.150343, 0.0 ], [ 73.1440303, 28.1503433, 0.0 ], [ 73.1440251, 28.1506466, 0.0 ], [ 73.1440019, 28.1506462, 0.0 ], [ 73.1440072, 28.150343, 0.0 ] ], [ [ 73.1439512, 28.1503422, 0.0 ], [ 73.1439743, 28.1503425, 0.0 ], [ 73.1439691, 28.1506458, 0.0 ], [ 73.143946, 28.1506455, 0.0 ], [ 73.1439512, 28.1503422, 0.0 ] ], [ [ 73.1439006, 28.1500298, 0.0 ], [ 73.1439237, 28.1500301, 0.0 ], [ 73.1439185, 28.1503334, 0.0 ], [ 73.1438953, 28.150333, 0.0 ], [ 73.1439006, 28.1500298, 0.0 ] ], [ [ 73.1438446, 28.150029, 0.0 ], [ 73.1438677, 28.1500293, 0.0 ], [ 73.1438625, 28.1503326, 0.0 ], [ 73.1438394, 28.1503323, 0.0 ], [ 73.1438446, 28.150029, 0.0 ] ], [ [ 73.1438952, 28.1503415, 0.0 ], [ 73.1439183, 28.1503418, 0.0 ], [ 73.1439131, 28.150645, 0.0 ], [ 73.14389, 28.1506447, 0.0 ], [ 73.1438952, 28.1503415, 0.0 ] ], [ [ 73.1438392, 28.1503407, 0.0 ], [ 73.1438623, 28.150341, 0.0 ], [ 73.1438571, 28.1506443, 0.0 ], [ 73.143834, 28.150644, 0.0 ], [ 73.1438392, 28.1503407, 0.0 ] ], [ [ 73.1437886, 28.1500283, 0.0 ], [ 73.1438117, 28.1500286, 0.0 ], [ 73.1438065, 28.1503318, 0.0 ], [ 73.1437834, 28.1503315, 0.0 ], [ 73.1437886, 28.1500283, 0.0 ] ], [ [ 73.1437326, 28.1500275, 0.0 ], [ 73.1437557, 28.1500278, 0.0 ], [ 73.1437505, 28.1503311, 0.0 ], [ 73.1437274, 28.1503308, 0.0 ], [ 73.1437326, 28.1500275, 0.0 ] ], [ [ 73.1437832, 28.1503399, 0.0 ], [ 73.1438064, 28.1503403, 0.0 ], [ 73.1438011, 28.1506435, 0.0 ], [ 73.143778, 28.1506432, 0.0 ], [ 73.1437832, 28.1503399, 0.0 ] ], [ [ 73.1437272, 28.1503392, 0.0 ], [ 73.1437504, 28.1503395, 0.0 ], [ 73.1437451, 28.1506428, 0.0 ], [ 73.143722, 28.1506424, 0.0 ], [ 73.1437272, 28.1503392, 0.0 ] ], [ [ 73.1436766, 28.1500267, 0.0 ], [ 73.1436998, 28.150027, 0.0 ], [ 73.1436945, 28.1503303, 0.0 ], [ 73.1436714, 28.15033, 0.0 ], [ 73.1436766, 28.1500267, 0.0 ] ], [ [ 73.1436206, 28.150026, 0.0 ], [ 73.1436438, 28.1500263, 0.0 ], [ 73.1436385, 28.1503296, 0.0 ], [ 73.1436154, 28.1503292, 0.0 ], [ 73.1436206, 28.150026, 0.0 ] ], [ [ 73.1436713, 28.1503384, 0.0 ], [ 73.1436944, 28.1503387, 0.0 ], [ 73.1436891, 28.150642, 0.0 ], [ 73.143666, 28.1506417, 0.0 ], [ 73.1436713, 28.1503384, 0.0 ] ], [ [ 73.1436153, 28.1503377, 0.0 ], [ 73.1436384, 28.150338, 0.0 ], [ 73.1436332, 28.1506412, 0.0 ], [ 73.14361, 28.1506409, 0.0 ], [ 73.1436153, 28.1503377, 0.0 ] ], [ [ 73.1441245, 28.1500328, 0.0 ], [ 73.1441477, 28.1500331, 0.0 ], [ 73.1441424, 28.1503364, 0.0 ], [ 73.1441193, 28.1503361, 0.0 ], [ 73.1441245, 28.1500328, 0.0 ] ], [ [ 73.1440685, 28.150032, 0.0 ], [ 73.1440917, 28.1500324, 0.0 ], [ 73.1440864, 28.1503356, 0.0 ], [ 73.1440633, 28.1503353, 0.0 ], [ 73.1440685, 28.150032, 0.0 ] ], [ [ 73.1441191, 28.1503445, 0.0 ], [ 73.1441423, 28.1503448, 0.0 ], [ 73.144137, 28.1506481, 0.0 ], [ 73.1441139, 28.1506478, 0.0 ], [ 73.1441191, 28.1503445, 0.0 ] ], [ [ 73.1440632, 28.1503437, 0.0 ], [ 73.1440863, 28.150344, 0.0 ], [ 73.1440811, 28.1506473, 0.0 ], [ 73.1440579, 28.150647, 0.0 ], [ 73.1440632, 28.1503437, 0.0 ] ], [ [ 73.1434527, 28.1500237, 0.0 ], [ 73.1434758, 28.150024, 0.0 ], [ 73.1434706, 28.1503273, 0.0 ], [ 73.1434475, 28.150327, 0.0 ], [ 73.1434527, 28.1500237, 0.0 ] ], [ [ 73.1433967, 28.1500229, 0.0 ], [ 73.1434198, 28.1500233, 0.0 ], [ 73.1434146, 28.1503265, 0.0 ], [ 73.1433915, 28.1503262, 0.0 ], [ 73.1433967, 28.1500229, 0.0 ] ], [ [ 73.1434473, 28.1503354, 0.0 ], [ 73.1434704, 28.1503357, 0.0 ], [ 73.1434652, 28.150639, 0.0 ], [ 73.1434421, 28.1506387, 0.0 ], [ 73.1434473, 28.1503354, 0.0 ] ], [ [ 73.1433913, 28.1503346, 0.0 ], [ 73.1434144, 28.1503349, 0.0 ], [ 73.1434092, 28.1506382, 0.0 ], [ 73.1433861, 28.1506379, 0.0 ], [ 73.1433913, 28.1503346, 0.0 ] ], [ [ 73.1433407, 28.1500222, 0.0 ], [ 73.1433638, 28.1500225, 0.0 ], [ 73.1433586, 28.1503258, 0.0 ], [ 73.1433355, 28.1503254, 0.0 ], [ 73.1433407, 28.1500222, 0.0 ] ], [ [ 73.1432847, 28.1500214, 0.0 ], [ 73.1433079, 28.1500217, 0.0 ], [ 73.1433026, 28.150325, 0.0 ], [ 73.1432795, 28.1503247, 0.0 ], [ 73.1432847, 28.1500214, 0.0 ] ], [ [ 73.1433353, 28.1503339, 0.0 ], [ 73.1433585, 28.1503342, 0.0 ], [ 73.1433532, 28.1506374, 0.0 ], [ 73.1433301, 28.1506371, 0.0 ], [ 73.1433353, 28.1503339, 0.0 ] ], [ [ 73.1432793, 28.1503331, 0.0 ], [ 73.1433025, 28.1503334, 0.0 ], [ 73.1432972, 28.1506367, 0.0 ], [ 73.1432741, 28.1506364, 0.0 ], [ 73.1432793, 28.1503331, 0.0 ] ], [ [ 73.1431168, 28.1500191, 0.0 ], [ 73.1431399, 28.1500195, 0.0 ], [ 73.1431347, 28.1503227, 0.0 ], [ 73.1431115, 28.1503224, 0.0 ], [ 73.1431168, 28.1500191, 0.0 ] ], [ [ 73.1430608, 28.1500184, 0.0 ], [ 73.1430839, 28.1500187, 0.0 ], [ 73.1430787, 28.150322, 0.0 ], [ 73.1430555, 28.1503217, 0.0 ], [ 73.1430608, 28.1500184, 0.0 ] ], [ [ 73.1431114, 28.1503308, 0.0 ], [ 73.1431345, 28.1503311, 0.0 ], [ 73.1431293, 28.1506344, 0.0 ], [ 73.1431062, 28.1506341, 0.0 ], [ 73.1431114, 28.1503308, 0.0 ] ], [ [ 73.1430554, 28.1503301, 0.0 ], [ 73.1430785, 28.1503304, 0.0 ], [ 73.1430733, 28.1506337, 0.0 ], [ 73.1430502, 28.1506333, 0.0 ], [ 73.1430554, 28.1503301, 0.0 ] ], [ [ 73.1430048, 28.1500176, 0.0 ], [ 73.1430279, 28.1500179, 0.0 ], [ 73.1430227, 28.1503212, 0.0 ], [ 73.1429996, 28.1503209, 0.0 ], [ 73.1430048, 28.1500176, 0.0 ] ], [ [ 73.1429488, 28.1500169, 0.0 ], [ 73.1429719, 28.1500172, 0.0 ], [ 73.1429667, 28.1503205, 0.0 ], [ 73.1429436, 28.1503201, 0.0 ], [ 73.1429488, 28.1500169, 0.0 ] ], [ [ 73.1429994, 28.1503293, 0.0 ], [ 73.1430225, 28.1503296, 0.0 ], [ 73.1430173, 28.1506329, 0.0 ], [ 73.1429942, 28.1506326, 0.0 ], [ 73.1429994, 28.1503293, 0.0 ] ], [ [ 73.1429434, 28.1503286, 0.0 ], [ 73.1429666, 28.1503289, 0.0 ], [ 73.1429613, 28.1506321, 0.0 ], [ 73.1429382, 28.1506318, 0.0 ], [ 73.1429434, 28.1503286, 0.0 ] ], [ [ 73.1430155, 28.1493982, 0.0 ], [ 73.1430386, 28.1493985, 0.0 ], [ 73.1430334, 28.1497017, 0.0 ], [ 73.1430102, 28.1497014, 0.0 ], [ 73.1430155, 28.1493982, 0.0 ] ], [ [ 73.1429595, 28.1493974, 0.0 ], [ 73.1429826, 28.1493977, 0.0 ], [ 73.1429774, 28.149701, 0.0 ], [ 73.1429543, 28.1497007, 0.0 ], [ 73.1429595, 28.1493974, 0.0 ] ], [ [ 73.1430101, 28.1497098, 0.0 ], [ 73.1430332, 28.1497102, 0.0 ], [ 73.143028, 28.1500134, 0.0 ], [ 73.1430049, 28.1500131, 0.0 ], [ 73.1430101, 28.1497098, 0.0 ] ], [ [ 73.1429541, 28.1497091, 0.0 ], [ 73.1429772, 28.1497094, 0.0 ], [ 73.142972, 28.1500127, 0.0 ], [ 73.1429489, 28.1500124, 0.0 ], [ 73.1429541, 28.1497091, 0.0 ] ], [ [ 73.1428928, 28.1500161, 0.0 ], [ 73.1429159, 28.1500164, 0.0 ], [ 73.1429107, 28.1503197, 0.0 ], [ 73.1428876, 28.1503194, 0.0 ], [ 73.1428928, 28.1500161, 0.0 ] ], [ [ 73.1428368, 28.1500154, 0.0 ], [ 73.14286, 28.1500157, 0.0 ], [ 73.1428547, 28.1503189, 0.0 ], [ 73.1428316, 28.1503186, 0.0 ], [ 73.1428368, 28.1500154, 0.0 ] ], [ [ 73.1428874, 28.1503278, 0.0 ], [ 73.1429106, 28.1503281, 0.0 ], [ 73.1429053, 28.1506314, 0.0 ], [ 73.1428822, 28.1506311, 0.0 ], [ 73.1428874, 28.1503278, 0.0 ] ], [ [ 73.1428315, 28.150327, 0.0 ], [ 73.1428546, 28.1503273, 0.0 ], [ 73.1428493, 28.1506306, 0.0 ], [ 73.1428262, 28.1506303, 0.0 ], [ 73.1428315, 28.150327, 0.0 ] ], [ [ 73.1429035, 28.1493966, 0.0 ], [ 73.1429266, 28.149397, 0.0 ], [ 73.1429214, 28.1497002, 0.0 ], [ 73.1428983, 28.1496999, 0.0 ], [ 73.1429035, 28.1493966, 0.0 ] ], [ [ 73.1428475, 28.1493959, 0.0 ], [ 73.1428707, 28.1493962, 0.0 ], [ 73.1428654, 28.1496995, 0.0 ], [ 73.1428423, 28.1496992, 0.0 ], [ 73.1428475, 28.1493959, 0.0 ] ], [ [ 73.1428981, 28.1497083, 0.0 ], [ 73.1429213, 28.1497086, 0.0 ], [ 73.142916, 28.1500119, 0.0 ], [ 73.1428929, 28.1500116, 0.0 ], [ 73.1428981, 28.1497083, 0.0 ] ], [ [ 73.1428421, 28.1497076, 0.0 ], [ 73.1428653, 28.1497079, 0.0 ], [ 73.14286, 28.1500112, 0.0 ], [ 73.1428369, 28.1500108, 0.0 ], [ 73.1428421, 28.1497076, 0.0 ] ], [ [ 73.1427808, 28.1500146, 0.0 ], [ 73.142804, 28.1500149, 0.0 ], [ 73.1427987, 28.1503182, 0.0 ], [ 73.1427756, 28.1503179, 0.0 ], [ 73.1427808, 28.1500146, 0.0 ] ], [ [ 73.1427249, 28.1500138, 0.0 ], [ 73.142748, 28.1500141, 0.0 ], [ 73.1427428, 28.1503174, 0.0 ], [ 73.1427196, 28.1503171, 0.0 ], [ 73.1427249, 28.1500138, 0.0 ] ], [ [ 73.1427755, 28.1503263, 0.0 ], [ 73.1427986, 28.1503266, 0.0 ], [ 73.1427934, 28.1506299, 0.0 ], [ 73.1427702, 28.1506295, 0.0 ], [ 73.1427755, 28.1503263, 0.0 ] ], [ [ 73.1427195, 28.1503255, 0.0 ], [ 73.1427426, 28.1503258, 0.0 ], [ 73.1427374, 28.1506291, 0.0 ], [ 73.1427142, 28.1506288, 0.0 ], [ 73.1427195, 28.1503255, 0.0 ] ], [ [ 73.1427915, 28.1493951, 0.0 ], [ 73.1428147, 28.1493954, 0.0 ], [ 73.1428094, 28.1496987, 0.0 ], [ 73.1427863, 28.1496984, 0.0 ], [ 73.1427915, 28.1493951, 0.0 ] ], [ [ 73.1427356, 28.1493944, 0.0 ], [ 73.1427587, 28.1493947, 0.0 ], [ 73.1427534, 28.1496979, 0.0 ], [ 73.1427303, 28.1496976, 0.0 ], [ 73.1427356, 28.1493944, 0.0 ] ], [ [ 73.1427862, 28.1497068, 0.0 ], [ 73.1428093, 28.1497071, 0.0 ], [ 73.1428041, 28.1500104, 0.0 ], [ 73.1427809, 28.1500101, 0.0 ], [ 73.1427862, 28.1497068, 0.0 ] ], [ [ 73.1427302, 28.1497061, 0.0 ], [ 73.1427533, 28.1497064, 0.0 ], [ 73.1427481, 28.1500096, 0.0 ], [ 73.1427249, 28.1500093, 0.0 ], [ 73.1427302, 28.1497061, 0.0 ] ], [ [ 73.1426689, 28.1500131, 0.0 ], [ 73.142692, 28.1500134, 0.0 ], [ 73.1426868, 28.1503167, 0.0 ], [ 73.1426636, 28.1503163, 0.0 ], [ 73.1426689, 28.1500131, 0.0 ] ], [ [ 73.1426129, 28.1500123, 0.0 ], [ 73.142636, 28.1500126, 0.0 ], [ 73.1426308, 28.1503159, 0.0 ], [ 73.1426077, 28.1503156, 0.0 ], [ 73.1426129, 28.1500123, 0.0 ] ], [ [ 73.1426635, 28.1503248, 0.0 ], [ 73.1426866, 28.1503251, 0.0 ], [ 73.1426814, 28.1506283, 0.0 ], [ 73.1426583, 28.150628, 0.0 ], [ 73.1426635, 28.1503248, 0.0 ] ], [ [ 73.1426075, 28.150324, 0.0 ], [ 73.1426306, 28.1503243, 0.0 ], [ 73.1426254, 28.1506276, 0.0 ], [ 73.1426023, 28.1506273, 0.0 ], [ 73.1426075, 28.150324, 0.0 ] ], [ [ 73.1426796, 28.1493936, 0.0 ], [ 73.1427027, 28.1493939, 0.0 ], [ 73.1426975, 28.1496972, 0.0 ], [ 73.1426743, 28.1496969, 0.0 ], [ 73.1426796, 28.1493936, 0.0 ] ], [ [ 73.1426236, 28.1493928, 0.0 ], [ 73.1426467, 28.1493932, 0.0 ], [ 73.1426415, 28.1496964, 0.0 ], [ 73.1426183, 28.1496961, 0.0 ], [ 73.1426236, 28.1493928, 0.0 ] ], [ [ 73.1426742, 28.1497053, 0.0 ], [ 73.1426973, 28.1497056, 0.0 ], [ 73.1426921, 28.1500089, 0.0 ], [ 73.1426689, 28.1500086, 0.0 ], [ 73.1426742, 28.1497053, 0.0 ] ], [ [ 73.1426182, 28.1497045, 0.0 ], [ 73.1426413, 28.1497048, 0.0 ], [ 73.1426361, 28.1500081, 0.0 ], [ 73.142613, 28.1500078, 0.0 ], [ 73.1426182, 28.1497045, 0.0 ] ], [ [ 73.1425569, 28.1500116, 0.0 ], [ 73.14258, 28.1500119, 0.0 ], [ 73.1425748, 28.1503151, 0.0 ], [ 73.1425517, 28.1503148, 0.0 ], [ 73.1425569, 28.1500116, 0.0 ] ], [ [ 73.1425009, 28.1500108, 0.0 ], [ 73.142524, 28.1500111, 0.0 ], [ 73.1425188, 28.1503144, 0.0 ], [ 73.1424957, 28.1503141, 0.0 ], [ 73.1425009, 28.1500108, 0.0 ] ], [ [ 73.1425515, 28.1503232, 0.0 ], [ 73.1425746, 28.1503236, 0.0 ], [ 73.1425694, 28.1506268, 0.0 ], [ 73.1425463, 28.1506265, 0.0 ], [ 73.1425515, 28.1503232, 0.0 ] ], [ [ 73.1424955, 28.1503225, 0.0 ], [ 73.1425187, 28.1503228, 0.0 ], [ 73.1425134, 28.1506261, 0.0 ], [ 73.1424903, 28.1506257, 0.0 ], [ 73.1424955, 28.1503225, 0.0 ] ], [ [ 73.1425676, 28.1493921, 0.0 ], [ 73.1425907, 28.1493924, 0.0 ], [ 73.1425855, 28.1496957, 0.0 ], [ 73.1425624, 28.1496954, 0.0 ], [ 73.1425676, 28.1493921, 0.0 ] ], [ [ 73.1425116, 28.1493913, 0.0 ], [ 73.1425347, 28.1493916, 0.0 ], [ 73.1425295, 28.1496949, 0.0 ], [ 73.1425064, 28.1496946, 0.0 ], [ 73.1425116, 28.1493913, 0.0 ] ], [ [ 73.1425622, 28.1497038, 0.0 ], [ 73.1425853, 28.1497041, 0.0 ], [ 73.1425801, 28.1500074, 0.0 ], [ 73.142557, 28.150007, 0.0 ], [ 73.1425622, 28.1497038, 0.0 ] ], [ [ 73.1425062, 28.149703, 0.0 ], [ 73.1425294, 28.1497033, 0.0 ], [ 73.1425241, 28.1500066, 0.0 ], [ 73.142501, 28.1500063, 0.0 ], [ 73.1425062, 28.149703, 0.0 ] ], [ [ 73.1424449, 28.15001, 0.0 ], [ 73.1424681, 28.1500103, 0.0 ], [ 73.1424628, 28.1503136, 0.0 ], [ 73.1424397, 28.1503133, 0.0 ], [ 73.1424449, 28.15001, 0.0 ] ], [ [ 73.1423889, 28.1500093, 0.0 ], [ 73.1424121, 28.1500096, 0.0 ], [ 73.1424068, 28.1503129, 0.0 ], [ 73.1423837, 28.1503125, 0.0 ], [ 73.1423889, 28.1500093, 0.0 ] ], [ [ 73.1424395, 28.1503217, 0.0 ], [ 73.1424627, 28.150322, 0.0 ], [ 73.1424574, 28.1506253, 0.0 ], [ 73.1424343, 28.150625, 0.0 ], [ 73.1424395, 28.1503217, 0.0 ] ], [ [ 73.1423836, 28.150321, 0.0 ], [ 73.1424067, 28.1503213, 0.0 ], [ 73.1424015, 28.1506245, 0.0 ], [ 73.1423783, 28.1506242, 0.0 ], [ 73.1423836, 28.150321, 0.0 ] ], [ [ 73.1424556, 28.1493906, 0.0 ], [ 73.1424787, 28.1493909, 0.0 ], [ 73.1424735, 28.1496942, 0.0 ], [ 73.1424504, 28.1496938, 0.0 ], [ 73.1424556, 28.1493906, 0.0 ] ], [ [ 73.1423996, 28.1493898, 0.0 ], [ 73.1424228, 28.1493901, 0.0 ], [ 73.1424175, 28.1496934, 0.0 ], [ 73.1423944, 28.1496931, 0.0 ], [ 73.1423996, 28.1493898, 0.0 ] ], [ [ 73.1424502, 28.1497023, 0.0 ], [ 73.1424734, 28.1497026, 0.0 ], [ 73.1424681, 28.1500058, 0.0 ], [ 73.142445, 28.1500055, 0.0 ], [ 73.1424502, 28.1497023, 0.0 ] ], [ [ 73.1423943, 28.1497015, 0.0 ], [ 73.1424174, 28.1497018, 0.0 ], [ 73.1424121, 28.1500051, 0.0 ], [ 73.142389, 28.1500048, 0.0 ], [ 73.1423943, 28.1497015, 0.0 ] ], [ [ 73.142333, 28.1500085, 0.0 ], [ 73.1423561, 28.1500088, 0.0 ], [ 73.1423508, 28.1503121, 0.0 ], [ 73.1423277, 28.1503118, 0.0 ], [ 73.142333, 28.1500085, 0.0 ] ], [ [ 73.142277, 28.1500078, 0.0 ], [ 73.1423001, 28.1500081, 0.0 ], [ 73.1422949, 28.1503113, 0.0 ], [ 73.1422717, 28.150311, 0.0 ], [ 73.142277, 28.1500078, 0.0 ] ], [ [ 73.1423276, 28.1503202, 0.0 ], [ 73.1423507, 28.1503205, 0.0 ], [ 73.1423455, 28.1506238, 0.0 ], [ 73.1423223, 28.1506235, 0.0 ], [ 73.1423276, 28.1503202, 0.0 ] ], [ [ 73.1422716, 28.1503194, 0.0 ], [ 73.1422947, 28.1503198, 0.0 ], [ 73.1422895, 28.150623, 0.0 ], [ 73.1422663, 28.1506227, 0.0 ], [ 73.1422716, 28.1503194, 0.0 ] ], [ [ 73.1423436, 28.1493891, 0.0 ], [ 73.1423668, 28.1493894, 0.0 ], [ 73.1423615, 28.1496926, 0.0 ], [ 73.1423384, 28.1496923, 0.0 ], [ 73.1423436, 28.1493891, 0.0 ] ], [ [ 73.1422877, 28.1493883, 0.0 ], [ 73.1423108, 28.1493886, 0.0 ], [ 73.1423056, 28.1496919, 0.0 ], [ 73.1422824, 28.1496916, 0.0 ], [ 73.1422877, 28.1493883, 0.0 ] ], [ [ 73.1423383, 28.1497007, 0.0 ], [ 73.1423614, 28.1497011, 0.0 ], [ 73.1423562, 28.1500043, 0.0 ], [ 73.142333, 28.150004, 0.0 ], [ 73.1423383, 28.1497007, 0.0 ] ], [ [ 73.1422823, 28.1497, 0.0 ], [ 73.1423054, 28.1497003, 0.0 ], [ 73.1423002, 28.1500036, 0.0 ], [ 73.142277, 28.1500032, 0.0 ], [ 73.1422823, 28.1497, 0.0 ] ], [ [ 73.1423543, 28.1487696, 0.0 ], [ 73.1423775, 28.1487699, 0.0 ], [ 73.1423722, 28.1490732, 0.0 ], [ 73.1423491, 28.1490729, 0.0 ], [ 73.1423543, 28.1487696, 0.0 ] ], [ [ 73.1422984, 28.1487688, 0.0 ], [ 73.1423215, 28.1487691, 0.0 ], [ 73.1423162, 28.1490724, 0.0 ], [ 73.1422931, 28.1490721, 0.0 ], [ 73.1422984, 28.1487688, 0.0 ] ], [ [ 73.142349, 28.1490813, 0.0 ], [ 73.1423721, 28.1490816, 0.0 ], [ 73.1423669, 28.1493849, 0.0 ], [ 73.1423437, 28.1493845, 0.0 ], [ 73.142349, 28.1490813, 0.0 ] ], [ [ 73.142293, 28.1490805, 0.0 ], [ 73.1423161, 28.1490808, 0.0 ], [ 73.1423109, 28.1493841, 0.0 ], [ 73.1422877, 28.1493838, 0.0 ], [ 73.142293, 28.1490805, 0.0 ] ], [ [ 73.142221, 28.150007, 0.0 ], [ 73.1422441, 28.1500073, 0.0 ], [ 73.1422389, 28.1503106, 0.0 ], [ 73.1422157, 28.1503103, 0.0 ], [ 73.142221, 28.150007, 0.0 ] ], [ [ 73.142165, 28.1500062, 0.0 ], [ 73.1421881, 28.1500066, 0.0 ], [ 73.1421829, 28.1503098, 0.0 ], [ 73.1421598, 28.1503095, 0.0 ], [ 73.142165, 28.1500062, 0.0 ] ], [ [ 73.1422156, 28.1503187, 0.0 ], [ 73.1422387, 28.150319, 0.0 ], [ 73.1422335, 28.1506223, 0.0 ], [ 73.1422104, 28.150622, 0.0 ], [ 73.1422156, 28.1503187, 0.0 ] ], [ [ 73.1421596, 28.1503179, 0.0 ], [ 73.1421827, 28.1503182, 0.0 ], [ 73.1421775, 28.1506215, 0.0 ], [ 73.1421544, 28.1506212, 0.0 ], [ 73.1421596, 28.1503179, 0.0 ] ], [ [ 73.1422317, 28.1493875, 0.0 ], [ 73.1422548, 28.1493878, 0.0 ], [ 73.1422496, 28.1496911, 0.0 ], [ 73.1422264, 28.1496908, 0.0 ], [ 73.1422317, 28.1493875, 0.0 ] ], [ [ 73.1421757, 28.1493868, 0.0 ], [ 73.1421988, 28.1493871, 0.0 ], [ 73.1421936, 28.1496904, 0.0 ], [ 73.1421705, 28.14969, 0.0 ], [ 73.1421757, 28.1493868, 0.0 ] ], [ [ 73.1422263, 28.1496992, 0.0 ], [ 73.1422494, 28.1496995, 0.0 ], [ 73.1422442, 28.1500028, 0.0 ], [ 73.1422211, 28.1500025, 0.0 ], [ 73.1422263, 28.1496992, 0.0 ] ], [ [ 73.1421703, 28.1496985, 0.0 ], [ 73.1421934, 28.1496988, 0.0 ], [ 73.1421882, 28.150002, 0.0 ], [ 73.1421651, 28.1500017, 0.0 ], [ 73.1421703, 28.1496985, 0.0 ] ], [ [ 73.1422424, 28.1487681, 0.0 ], [ 73.1422655, 28.1487684, 0.0 ], [ 73.1422603, 28.1490717, 0.0 ], [ 73.1422371, 28.1490713, 0.0 ], [ 73.1422424, 28.1487681, 0.0 ] ], [ [ 73.1421864, 28.1487673, 0.0 ], [ 73.1422095, 28.1487676, 0.0 ], [ 73.1422043, 28.1490709, 0.0 ], [ 73.1421811, 28.1490706, 0.0 ], [ 73.1421864, 28.1487673, 0.0 ] ], [ [ 73.142237, 28.1490798, 0.0 ], [ 73.1422601, 28.1490801, 0.0 ], [ 73.1422549, 28.1493833, 0.0 ], [ 73.1422318, 28.149383, 0.0 ], [ 73.142237, 28.1490798, 0.0 ] ], [ [ 73.142181, 28.149079, 0.0 ], [ 73.1422041, 28.1490793, 0.0 ], [ 73.1421989, 28.1493826, 0.0 ], [ 73.1421758, 28.1493823, 0.0 ], [ 73.142181, 28.149079, 0.0 ] ], [ [ 73.142109, 28.1500055, 0.0 ], [ 73.1421321, 28.1500058, 0.0 ], [ 73.1421269, 28.1503091, 0.0 ], [ 73.1421038, 28.1503087, 0.0 ], [ 73.142109, 28.1500055, 0.0 ] ], [ [ 73.142053, 28.1500047, 0.0 ], [ 73.1420761, 28.150005, 0.0 ], [ 73.1420709, 28.1503083, 0.0 ], [ 73.1420478, 28.150308, 0.0 ], [ 73.142053, 28.1500047, 0.0 ] ], [ [ 73.1421036, 28.1503172, 0.0 ], [ 73.1421268, 28.1503175, 0.0 ], [ 73.1421215, 28.1506207, 0.0 ], [ 73.1420984, 28.1506204, 0.0 ], [ 73.1421036, 28.1503172, 0.0 ] ], [ [ 73.1420476, 28.1503164, 0.0 ], [ 73.1420708, 28.1503167, 0.0 ], [ 73.1420655, 28.15062, 0.0 ], [ 73.1420424, 28.1506197, 0.0 ], [ 73.1420476, 28.1503164, 0.0 ] ], [ [ 73.1421197, 28.149386, 0.0 ], [ 73.1421428, 28.1493863, 0.0 ], [ 73.1421376, 28.1496896, 0.0 ], [ 73.1421145, 28.1496893, 0.0 ], [ 73.1421197, 28.149386, 0.0 ] ], [ [ 73.1420637, 28.1493853, 0.0 ], [ 73.1420868, 28.1493856, 0.0 ], [ 73.1420816, 28.1496888, 0.0 ], [ 73.1420585, 28.1496885, 0.0 ], [ 73.1420637, 28.1493853, 0.0 ] ], [ [ 73.1421143, 28.1496977, 0.0 ], [ 73.1421374, 28.149698, 0.0 ], [ 73.1421322, 28.1500013, 0.0 ], [ 73.1421091, 28.150001, 0.0 ], [ 73.1421143, 28.1496977, 0.0 ] ], [ [ 73.1420583, 28.1496969, 0.0 ], [ 73.1420815, 28.1496973, 0.0 ], [ 73.1420762, 28.1500005, 0.0 ], [ 73.1420531, 28.1500002, 0.0 ], [ 73.1420583, 28.1496969, 0.0 ] ], [ [ 73.1421304, 28.1487666, 0.0 ], [ 73.1421535, 28.1487669, 0.0 ], [ 73.1421483, 28.1490701, 0.0 ], [ 73.1421252, 28.1490698, 0.0 ], [ 73.1421304, 28.1487666, 0.0 ] ], [ [ 73.1420744, 28.1487658, 0.0 ], [ 73.1420975, 28.1487661, 0.0 ], [ 73.1420923, 28.1490694, 0.0 ], [ 73.1420692, 28.1490691, 0.0 ], [ 73.1420744, 28.1487658, 0.0 ] ], [ [ 73.142125, 28.1490782, 0.0 ], [ 73.1421481, 28.1490786, 0.0 ], [ 73.1421429, 28.1493818, 0.0 ], [ 73.1421198, 28.1493815, 0.0 ], [ 73.142125, 28.1490782, 0.0 ] ], [ [ 73.142069, 28.1490775, 0.0 ], [ 73.1420922, 28.1490778, 0.0 ], [ 73.1420869, 28.1493811, 0.0 ], [ 73.1420638, 28.1493807, 0.0 ], [ 73.142069, 28.1490775, 0.0 ] ], [ [ 73.141997, 28.150004, 0.0 ], [ 73.1420202, 28.1500043, 0.0 ], [ 73.1420149, 28.1503075, 0.0 ], [ 73.1419918, 28.1503072, 0.0 ], [ 73.141997, 28.150004, 0.0 ] ], [ [ 73.141941, 28.1500032, 0.0 ], [ 73.1419642, 28.1500035, 0.0 ], [ 73.1419589, 28.1503068, 0.0 ], [ 73.1419358, 28.1503065, 0.0 ], [ 73.141941, 28.1500032, 0.0 ] ], [ [ 73.1419917, 28.1503156, 0.0 ], [ 73.1420148, 28.150316, 0.0 ], [ 73.1420095, 28.1506192, 0.0 ], [ 73.1419864, 28.1506189, 0.0 ], [ 73.1419917, 28.1503156, 0.0 ] ], [ [ 73.1419357, 28.1503149, 0.0 ], [ 73.1419588, 28.1503152, 0.0 ], [ 73.1419536, 28.1506185, 0.0 ], [ 73.1419304, 28.1506182, 0.0 ], [ 73.1419357, 28.1503149, 0.0 ] ], [ [ 73.1420077, 28.1493845, 0.0 ], [ 73.1420309, 28.1493848, 0.0 ], [ 73.1420256, 28.1496881, 0.0 ], [ 73.1420025, 28.1496878, 0.0 ], [ 73.1420077, 28.1493845, 0.0 ] ], [ [ 73.1419517, 28.1493837, 0.0 ], [ 73.1419749, 28.1493841, 0.0 ], [ 73.1419696, 28.1496873, 0.0 ], [ 73.1419465, 28.149687, 0.0 ], [ 73.1419517, 28.1493837, 0.0 ] ], [ [ 73.1420023, 28.1496962, 0.0 ], [ 73.1420255, 28.1496965, 0.0 ], [ 73.1420202, 28.1499998, 0.0 ], [ 73.1419971, 28.1499995, 0.0 ], [ 73.1420023, 28.1496962, 0.0 ] ], [ [ 73.1419464, 28.1496954, 0.0 ], [ 73.1419695, 28.1496957, 0.0 ], [ 73.1419643, 28.149999, 0.0 ], [ 73.1419411, 28.1499987, 0.0 ], [ 73.1419464, 28.1496954, 0.0 ] ], [ [ 73.1420184, 28.148765, 0.0 ], [ 73.1420416, 28.1487653, 0.0 ], [ 73.1420363, 28.1490686, 0.0 ], [ 73.1420132, 28.1490683, 0.0 ], [ 73.1420184, 28.148765, 0.0 ] ], [ [ 73.1419624, 28.1487643, 0.0 ], [ 73.1419856, 28.1487646, 0.0 ], [ 73.1419803, 28.1490679, 0.0 ], [ 73.1419572, 28.1490675, 0.0 ], [ 73.1419624, 28.1487643, 0.0 ] ], [ [ 73.142013, 28.1490767, 0.0 ], [ 73.1420362, 28.149077, 0.0 ], [ 73.1420309, 28.1493803, 0.0 ], [ 73.1420078, 28.14938, 0.0 ], [ 73.142013, 28.1490767, 0.0 ] ], [ [ 73.1419571, 28.149076, 0.0 ], [ 73.1419802, 28.1490763, 0.0 ], [ 73.1419749, 28.1493795, 0.0 ], [ 73.1419518, 28.1493792, 0.0 ], [ 73.1419571, 28.149076, 0.0 ] ], [ [ 73.1418851, 28.1500024, 0.0 ], [ 73.1419082, 28.1500028, 0.0 ], [ 73.141903, 28.150306, 0.0 ], [ 73.1418798, 28.1503057, 0.0 ], [ 73.1418851, 28.1500024, 0.0 ] ], [ [ 73.1418291, 28.1500017, 0.0 ], [ 73.1418522, 28.150002, 0.0 ], [ 73.141847, 28.1503053, 0.0 ], [ 73.1418238, 28.150305, 0.0 ], [ 73.1418291, 28.1500017, 0.0 ] ], [ [ 73.1418797, 28.1503141, 0.0 ], [ 73.1419028, 28.1503144, 0.0 ], [ 73.1418976, 28.1506177, 0.0 ], [ 73.1418744, 28.1506174, 0.0 ], [ 73.1418797, 28.1503141, 0.0 ] ], [ [ 73.1418237, 28.1503134, 0.0 ], [ 73.1418468, 28.1503137, 0.0 ], [ 73.1418416, 28.1506169, 0.0 ], [ 73.1418185, 28.1506166, 0.0 ], [ 73.1418237, 28.1503134, 0.0 ] ], [ [ 73.1418958, 28.149383, 0.0 ], [ 73.1419189, 28.1493833, 0.0 ], [ 73.1419136, 28.1496866, 0.0 ], [ 73.1418905, 28.1496862, 0.0 ], [ 73.1418958, 28.149383, 0.0 ] ], [ [ 73.1418398, 28.1493822, 0.0 ], [ 73.1418629, 28.1493825, 0.0 ], [ 73.1418577, 28.1496858, 0.0 ], [ 73.1418345, 28.1496855, 0.0 ], [ 73.1418398, 28.1493822, 0.0 ] ], [ [ 73.1418904, 28.1496947, 0.0 ], [ 73.1419135, 28.149695, 0.0 ], [ 73.1419083, 28.1499982, 0.0 ], [ 73.1418851, 28.1499979, 0.0 ], [ 73.1418904, 28.1496947, 0.0 ] ], [ [ 73.1418344, 28.1496939, 0.0 ], [ 73.1418575, 28.1496942, 0.0 ], [ 73.1418523, 28.1499975, 0.0 ], [ 73.1418292, 28.1499972, 0.0 ], [ 73.1418344, 28.1496939, 0.0 ] ], [ [ 73.1419065, 28.1487635, 0.0 ], [ 73.1419296, 28.1487638, 0.0 ], [ 73.1419243, 28.1490671, 0.0 ], [ 73.1419012, 28.1490668, 0.0 ], [ 73.1419065, 28.1487635, 0.0 ] ], [ [ 73.1418505, 28.1487628, 0.0 ], [ 73.1418736, 28.1487631, 0.0 ], [ 73.1418684, 28.1490663, 0.0 ], [ 73.1418452, 28.149066, 0.0 ], [ 73.1418505, 28.1487628, 0.0 ] ], [ [ 73.1419011, 28.1490752, 0.0 ], [ 73.1419242, 28.1490755, 0.0 ], [ 73.141919, 28.1493788, 0.0 ], [ 73.1418958, 28.1493785, 0.0 ], [ 73.1419011, 28.1490752, 0.0 ] ], [ [ 73.1418451, 28.1490744, 0.0 ], [ 73.1418682, 28.1490748, 0.0 ], [ 73.141863, 28.149378, 0.0 ], [ 73.1418398, 28.1493777, 0.0 ], [ 73.1418451, 28.1490744, 0.0 ] ], [ [ 73.1417731, 28.1500009, 0.0 ], [ 73.1417962, 28.1500012, 0.0 ], [ 73.141791, 28.1503045, 0.0 ], [ 73.1417678, 28.1503042, 0.0 ], [ 73.1417731, 28.1500009, 0.0 ] ], [ [ 73.1417171, 28.1500002, 0.0 ], [ 73.1417402, 28.1500005, 0.0 ], [ 73.141735, 28.1503037, 0.0 ], [ 73.1417119, 28.1503034, 0.0 ], [ 73.1417171, 28.1500002, 0.0 ] ], [ [ 73.1417677, 28.1503126, 0.0 ], [ 73.1417908, 28.1503129, 0.0 ], [ 73.1417856, 28.1506162, 0.0 ], [ 73.1417625, 28.1506159, 0.0 ], [ 73.1417677, 28.1503126, 0.0 ] ], [ [ 73.1417117, 28.1503118, 0.0 ], [ 73.1417348, 28.1503122, 0.0 ], [ 73.1417296, 28.1506154, 0.0 ], [ 73.1417065, 28.1506151, 0.0 ], [ 73.1417117, 28.1503118, 0.0 ] ], [ [ 73.1417838, 28.1493815, 0.0 ], [ 73.1418069, 28.1493818, 0.0 ], [ 73.1418017, 28.149685, 0.0 ], [ 73.1417785, 28.1496847, 0.0 ], [ 73.1417838, 28.1493815, 0.0 ] ], [ [ 73.1417278, 28.1493807, 0.0 ], [ 73.1417509, 28.149381, 0.0 ], [ 73.1417457, 28.1496843, 0.0 ], [ 73.1417226, 28.149684, 0.0 ], [ 73.1417278, 28.1493807, 0.0 ] ], [ [ 73.1417784, 28.1496931, 0.0 ], [ 73.1418015, 28.1496935, 0.0 ], [ 73.1417963, 28.1499967, 0.0 ], [ 73.1417732, 28.1499964, 0.0 ], [ 73.1417784, 28.1496931, 0.0 ] ], [ [ 73.1417224, 28.1496924, 0.0 ], [ 73.1417455, 28.1496927, 0.0 ], [ 73.1417403, 28.149996, 0.0 ], [ 73.1417172, 28.1499957, 0.0 ], [ 73.1417224, 28.1496924, 0.0 ] ], [ [ 73.1417945, 28.148762, 0.0 ], [ 73.1418176, 28.1487623, 0.0 ], [ 73.1418124, 28.1490656, 0.0 ], [ 73.1417892, 28.1490653, 0.0 ], [ 73.1417945, 28.148762, 0.0 ] ], [ [ 73.1417385, 28.1487612, 0.0 ], [ 73.1417616, 28.1487615, 0.0 ], [ 73.1417564, 28.1490648, 0.0 ], [ 73.1417333, 28.1490645, 0.0 ], [ 73.1417385, 28.1487612, 0.0 ] ], [ [ 73.1417891, 28.1490737, 0.0 ], [ 73.1418122, 28.149074, 0.0 ], [ 73.141807, 28.1493773, 0.0 ], [ 73.1417839, 28.1493769, 0.0 ], [ 73.1417891, 28.1490737, 0.0 ] ], [ [ 73.1417331, 28.1490729, 0.0 ], [ 73.1417562, 28.1490732, 0.0 ], [ 73.141751, 28.1493765, 0.0 ], [ 73.1417279, 28.1493762, 0.0 ], [ 73.1417331, 28.1490729, 0.0 ] ], [ [ 73.1416611, 28.1499994, 0.0 ], [ 73.1416842, 28.1499997, 0.0 ], [ 73.141679, 28.150303, 0.0 ], [ 73.1416559, 28.1503027, 0.0 ], [ 73.1416611, 28.1499994, 0.0 ] ], [ [ 73.1416051, 28.1499986, 0.0 ], [ 73.1416283, 28.149999, 0.0 ], [ 73.141623, 28.1503022, 0.0 ], [ 73.1415999, 28.1503019, 0.0 ], [ 73.1416051, 28.1499986, 0.0 ] ], [ [ 73.1416557, 28.1503111, 0.0 ], [ 73.1416789, 28.1503114, 0.0 ], [ 73.1416736, 28.1506147, 0.0 ], [ 73.1416505, 28.1506144, 0.0 ], [ 73.1416557, 28.1503111, 0.0 ] ], [ [ 73.1415997, 28.1503103, 0.0 ], [ 73.1416229, 28.1503106, 0.0 ], [ 73.1416176, 28.1506139, 0.0 ], [ 73.1415945, 28.1506136, 0.0 ], [ 73.1415997, 28.1503103, 0.0 ] ], [ [ 73.1416718, 28.1493799, 0.0 ], [ 73.1416949, 28.1493803, 0.0 ], [ 73.1416897, 28.1496835, 0.0 ], [ 73.1416666, 28.1496832, 0.0 ], [ 73.1416718, 28.1493799, 0.0 ] ], [ [ 73.1416158, 28.1493792, 0.0 ], [ 73.141639, 28.1493795, 0.0 ], [ 73.1416337, 28.1496828, 0.0 ], [ 73.1416106, 28.1496824, 0.0 ], [ 73.1416158, 28.1493792, 0.0 ] ], [ [ 73.1416664, 28.1496916, 0.0 ], [ 73.1416896, 28.1496919, 0.0 ], [ 73.1416843, 28.1499952, 0.0 ], [ 73.1416612, 28.1499949, 0.0 ], [ 73.1416664, 28.1496916, 0.0 ] ], [ [ 73.1416104, 28.1496909, 0.0 ], [ 73.1416336, 28.1496912, 0.0 ], [ 73.1416283, 28.1499944, 0.0 ], [ 73.1416052, 28.1499941, 0.0 ], [ 73.1416104, 28.1496909, 0.0 ] ], [ [ 73.1416825, 28.1487605, 0.0 ], [ 73.1417056, 28.1487608, 0.0 ], [ 73.1417004, 28.1490641, 0.0 ], [ 73.1416773, 28.1490637, 0.0 ], [ 73.1416825, 28.1487605, 0.0 ] ], [ [ 73.1416265, 28.1487597, 0.0 ], [ 73.1416497, 28.14876, 0.0 ], [ 73.1416444, 28.1490633, 0.0 ], [ 73.1416213, 28.149063, 0.0 ], [ 73.1416265, 28.1487597, 0.0 ] ], [ [ 73.1416771, 28.1490722, 0.0 ], [ 73.1417003, 28.1490725, 0.0 ], [ 73.141695, 28.1493757, 0.0 ], [ 73.1416719, 28.1493754, 0.0 ], [ 73.1416771, 28.1490722, 0.0 ] ], [ [ 73.1416211, 28.1490714, 0.0 ], [ 73.1416443, 28.1490717, 0.0 ], [ 73.141639, 28.149375, 0.0 ], [ 73.1416159, 28.1493747, 0.0 ], [ 73.1416211, 28.1490714, 0.0 ] ], [ [ 73.1415491, 28.1499979, 0.0 ], [ 73.1415723, 28.1499982, 0.0 ], [ 73.141567, 28.1503015, 0.0 ], [ 73.1415439, 28.1503012, 0.0 ], [ 73.1415491, 28.1499979, 0.0 ] ], [ [ 73.1414932, 28.1499971, 0.0 ], [ 73.1415163, 28.1499974, 0.0 ], [ 73.141511, 28.1503007, 0.0 ], [ 73.1414879, 28.1503004, 0.0 ], [ 73.1414932, 28.1499971, 0.0 ] ], [ [ 73.1415438, 28.1503096, 0.0 ], [ 73.1415669, 28.1503099, 0.0 ], [ 73.1415616, 28.1506132, 0.0 ], [ 73.1415385, 28.1506128, 0.0 ], [ 73.1415438, 28.1503096, 0.0 ] ], [ [ 73.1414878, 28.1503088, 0.0 ], [ 73.1415109, 28.1503091, 0.0 ], [ 73.1415057, 28.1506124, 0.0 ], [ 73.1414825, 28.1506121, 0.0 ], [ 73.1414878, 28.1503088, 0.0 ] ], [ [ 73.1415598, 28.1493784, 0.0 ], [ 73.141583, 28.1493787, 0.0 ], [ 73.1415777, 28.149682, 0.0 ], [ 73.1415546, 28.1496817, 0.0 ], [ 73.1415598, 28.1493784, 0.0 ] ], [ [ 73.1415039, 28.1493777, 0.0 ], [ 73.141527, 28.149378, 0.0 ], [ 73.1415217, 28.1496812, 0.0 ], [ 73.1414986, 28.1496809, 0.0 ], [ 73.1415039, 28.1493777, 0.0 ] ], [ [ 73.1415545, 28.1496901, 0.0 ], [ 73.1415776, 28.1496904, 0.0 ], [ 73.1415723, 28.1499937, 0.0 ], [ 73.1415492, 28.1499934, 0.0 ], [ 73.1415545, 28.1496901, 0.0 ] ], [ [ 73.1414985, 28.1496893, 0.0 ], [ 73.1415216, 28.1496897, 0.0 ], [ 73.1415164, 28.1499929, 0.0 ], [ 73.1414932, 28.1499926, 0.0 ], [ 73.1414985, 28.1496893, 0.0 ] ], [ [ 73.1415705, 28.148759, 0.0 ], [ 73.1415937, 28.1487593, 0.0 ], [ 73.1415884, 28.1490625, 0.0 ], [ 73.1415653, 28.1490622, 0.0 ], [ 73.1415705, 28.148759, 0.0 ] ], [ [ 73.1415146, 28.1487582, 0.0 ], [ 73.1415377, 28.1487585, 0.0 ], [ 73.1415324, 28.1490618, 0.0 ], [ 73.1415093, 28.1490615, 0.0 ], [ 73.1415146, 28.1487582, 0.0 ] ], [ [ 73.1415652, 28.1490706, 0.0 ], [ 73.1415883, 28.149071, 0.0 ], [ 73.141583, 28.1493742, 0.0 ], [ 73.1415599, 28.1493739, 0.0 ], [ 73.1415652, 28.1490706, 0.0 ] ], [ [ 73.1415092, 28.1490699, 0.0 ], [ 73.1415323, 28.1490702, 0.0 ], [ 73.1415271, 28.1493735, 0.0 ], [ 73.1415039, 28.1493731, 0.0 ], [ 73.1415092, 28.1490699, 0.0 ] ], [ [ 73.1414372, 28.1499964, 0.0 ], [ 73.1414603, 28.1499967, 0.0 ], [ 73.1414551, 28.1502999, 0.0 ], [ 73.1414319, 28.1502996, 0.0 ], [ 73.1414372, 28.1499964, 0.0 ] ], [ [ 73.1413812, 28.1499956, 0.0 ], [ 73.1414043, 28.1499959, 0.0 ], [ 73.1413991, 28.1502992, 0.0 ], [ 73.1413759, 28.1502989, 0.0 ], [ 73.1413812, 28.1499956, 0.0 ] ], [ [ 73.1414318, 28.1503081, 0.0 ], [ 73.1414549, 28.1503084, 0.0 ], [ 73.1414497, 28.1506116, 0.0 ], [ 73.1414265, 28.1506113, 0.0 ], [ 73.1414318, 28.1503081, 0.0 ] ], [ [ 73.1413758, 28.1503073, 0.0 ], [ 73.1413989, 28.1503076, 0.0 ], [ 73.1413937, 28.1506109, 0.0 ], [ 73.1413706, 28.1506106, 0.0 ], [ 73.1413758, 28.1503073, 0.0 ] ], [ [ 73.1414479, 28.1493769, 0.0 ], [ 73.141471, 28.1493772, 0.0 ], [ 73.1414658, 28.1496805, 0.0 ], [ 73.1414426, 28.1496802, 0.0 ], [ 73.1414479, 28.1493769, 0.0 ] ], [ [ 73.1413919, 28.1493761, 0.0 ], [ 73.141415, 28.1493765, 0.0 ], [ 73.1414098, 28.1496797, 0.0 ], [ 73.1413866, 28.1496794, 0.0 ], [ 73.1413919, 28.1493761, 0.0 ] ], [ [ 73.1414425, 28.1496886, 0.0 ], [ 73.1414656, 28.1496889, 0.0 ], [ 73.1414604, 28.1499922, 0.0 ], [ 73.1414372, 28.1499919, 0.0 ], [ 73.1414425, 28.1496886, 0.0 ] ], [ [ 73.1413865, 28.1496878, 0.0 ], [ 73.1414096, 28.1496881, 0.0 ], [ 73.1414044, 28.1499914, 0.0 ], [ 73.1413813, 28.1499911, 0.0 ], [ 73.1413865, 28.1496878, 0.0 ] ], [ [ 73.1414586, 28.1487574, 0.0 ], [ 73.1414817, 28.1487578, 0.0 ], [ 73.1414765, 28.149061, 0.0 ], [ 73.1414533, 28.1490607, 0.0 ], [ 73.1414586, 28.1487574, 0.0 ] ], [ [ 73.1414026, 28.1487567, 0.0 ], [ 73.1414257, 28.148757, 0.0 ], [ 73.1414205, 28.1490603, 0.0 ], [ 73.1413973, 28.1490599, 0.0 ], [ 73.1414026, 28.1487567, 0.0 ] ], [ [ 73.1414532, 28.1490691, 0.0 ], [ 73.1414763, 28.1490694, 0.0 ], [ 73.1414711, 28.1493727, 0.0 ], [ 73.1414479, 28.1493724, 0.0 ], [ 73.1414532, 28.1490691, 0.0 ] ], [ [ 73.1413972, 28.1490684, 0.0 ], [ 73.1414203, 28.1490687, 0.0 ], [ 73.1414151, 28.1493719, 0.0 ], [ 73.141392, 28.1493716, 0.0 ], [ 73.1413972, 28.1490684, 0.0 ] ], [ [ 73.1413252, 28.1499948, 0.0 ], [ 73.1413483, 28.1499952, 0.0 ], [ 73.1413431, 28.1502984, 0.0 ], [ 73.14132, 28.1502981, 0.0 ], [ 73.1413252, 28.1499948, 0.0 ] ], [ [ 73.1412692, 28.1499941, 0.0 ], [ 73.1412923, 28.1499944, 0.0 ], [ 73.1412871, 28.1502977, 0.0 ], [ 73.141264, 28.1502974, 0.0 ], [ 73.1412692, 28.1499941, 0.0 ] ], [ [ 73.1413198, 28.1503065, 0.0 ], [ 73.1413429, 28.1503068, 0.0 ], [ 73.1413377, 28.1506101, 0.0 ], [ 73.1413146, 28.1506098, 0.0 ], [ 73.1413198, 28.1503065, 0.0 ] ], [ [ 73.1412638, 28.1503058, 0.0 ], [ 73.141287, 28.1503061, 0.0 ], [ 73.1412817, 28.1506094, 0.0 ], [ 73.1412586, 28.150609, 0.0 ], [ 73.1412638, 28.1503058, 0.0 ] ], [ [ 73.1413359, 28.1493754, 0.0 ], [ 73.141359, 28.1493757, 0.0 ], [ 73.1413538, 28.149679, 0.0 ], [ 73.1413307, 28.1496786, 0.0 ], [ 73.1413359, 28.1493754, 0.0 ] ], [ [ 73.1412799, 28.1493746, 0.0 ], [ 73.141303, 28.1493749, 0.0 ], [ 73.1412978, 28.1496782, 0.0 ], [ 73.1412747, 28.1496779, 0.0 ], [ 73.1412799, 28.1493746, 0.0 ] ], [ [ 73.1413305, 28.1496871, 0.0 ], [ 73.1413536, 28.1496874, 0.0 ], [ 73.1413484, 28.1499906, 0.0 ], [ 73.1413253, 28.1499903, 0.0 ], [ 73.1413305, 28.1496871, 0.0 ] ], [ [ 73.1412745, 28.1496863, 0.0 ], [ 73.1412977, 28.1496866, 0.0 ], [ 73.1412924, 28.1499899, 0.0 ], [ 73.1412693, 28.1499896, 0.0 ], [ 73.1412745, 28.1496863, 0.0 ] ], [ [ 73.1412132, 28.1499933, 0.0 ], [ 73.1412363, 28.1499936, 0.0 ], [ 73.1412311, 28.1502969, 0.0 ], [ 73.141208, 28.1502966, 0.0 ], [ 73.1412132, 28.1499933, 0.0 ] ], [ [ 73.1411572, 28.1499926, 0.0 ], [ 73.1411804, 28.1499929, 0.0 ], [ 73.1411751, 28.1502961, 0.0 ], [ 73.141152, 28.1502958, 0.0 ], [ 73.1411572, 28.1499926, 0.0 ] ], [ [ 73.1412078, 28.150305, 0.0 ], [ 73.141231, 28.1503053, 0.0 ], [ 73.1412257, 28.1506086, 0.0 ], [ 73.1412026, 28.1506083, 0.0 ], [ 73.1412078, 28.150305, 0.0 ] ], [ [ 73.1411519, 28.1503043, 0.0 ], [ 73.141175, 28.1503046, 0.0 ], [ 73.1411697, 28.1506078, 0.0 ], [ 73.1411466, 28.1506075, 0.0 ], [ 73.1411519, 28.1503043, 0.0 ] ], [ [ 73.1412239, 28.1493739, 0.0 ], [ 73.141247, 28.1493742, 0.0 ], [ 73.1412418, 28.1496774, 0.0 ], [ 73.1412187, 28.1496771, 0.0 ], [ 73.1412239, 28.1493739, 0.0 ] ], [ [ 73.1411679, 28.1493731, 0.0 ], [ 73.1411911, 28.1493734, 0.0 ], [ 73.1411858, 28.1496767, 0.0 ], [ 73.1411627, 28.1496764, 0.0 ], [ 73.1411679, 28.1493731, 0.0 ] ], [ [ 73.1412185, 28.1496855, 0.0 ], [ 73.1412417, 28.1496859, 0.0 ], [ 73.1412364, 28.1499891, 0.0 ], [ 73.1412133, 28.1499888, 0.0 ], [ 73.1412185, 28.1496855, 0.0 ] ], [ [ 73.1411626, 28.1496848, 0.0 ], [ 73.1411857, 28.1496851, 0.0 ], [ 73.1411804, 28.1499884, 0.0 ], [ 73.1411573, 28.1499881, 0.0 ], [ 73.1411626, 28.1496848, 0.0 ] ], [ [ 73.1411012, 28.1499918, 0.0 ], [ 73.1411244, 28.1499921, 0.0 ], [ 73.1411191, 28.1502954, 0.0 ], [ 73.141096, 28.1502951, 0.0 ], [ 73.1411012, 28.1499918, 0.0 ] ], [ [ 73.1410453, 28.149991, 0.0 ], [ 73.1410684, 28.1499914, 0.0 ], [ 73.1410632, 28.1502946, 0.0 ], [ 73.14104, 28.1502943, 0.0 ], [ 73.1410453, 28.149991, 0.0 ] ], [ [ 73.1410959, 28.1503035, 0.0 ], [ 73.141119, 28.1503038, 0.0 ], [ 73.1411138, 28.1506071, 0.0 ], [ 73.1410906, 28.1506068, 0.0 ], [ 73.1410959, 28.1503035, 0.0 ] ], [ [ 73.1410399, 28.1503027, 0.0 ], [ 73.141063, 28.150303, 0.0 ], [ 73.1410578, 28.1506063, 0.0 ], [ 73.1410346, 28.150606, 0.0 ], [ 73.1410399, 28.1503027, 0.0 ] ], [ [ 73.141112, 28.1493723, 0.0 ], [ 73.1411351, 28.1493727, 0.0 ], [ 73.1411298, 28.1496759, 0.0 ], [ 73.1411067, 28.1496756, 0.0 ], [ 73.141112, 28.1493723, 0.0 ] ], [ [ 73.141056, 28.1493716, 0.0 ], [ 73.1410791, 28.1493719, 0.0 ], [ 73.1410739, 28.1496752, 0.0 ], [ 73.1410507, 28.1496749, 0.0 ], [ 73.141056, 28.1493716, 0.0 ] ], [ [ 73.1411066, 28.149684, 0.0 ], [ 73.1411297, 28.1496843, 0.0 ], [ 73.1411245, 28.1499876, 0.0 ], [ 73.1411013, 28.1499873, 0.0 ], [ 73.1411066, 28.149684, 0.0 ] ], [ [ 73.1410506, 28.1496833, 0.0 ], [ 73.1410737, 28.1496836, 0.0 ], [ 73.1410685, 28.1499869, 0.0 ], [ 73.1410453, 28.1499865, 0.0 ], [ 73.1410506, 28.1496833, 0.0 ] ], [ [ 73.1409893, 28.1499903, 0.0 ], [ 73.1410124, 28.1499906, 0.0 ], [ 73.1410072, 28.1502939, 0.0 ], [ 73.140984, 28.1502936, 0.0 ], [ 73.1409893, 28.1499903, 0.0 ] ], [ [ 73.1409333, 28.1499895, 0.0 ], [ 73.1409564, 28.1499898, 0.0 ], [ 73.1409512, 28.1502931, 0.0 ], [ 73.140928, 28.1502928, 0.0 ], [ 73.1409333, 28.1499895, 0.0 ] ], [ [ 73.1409839, 28.150302, 0.0 ], [ 73.141007, 28.1503023, 0.0 ], [ 73.1410018, 28.1506056, 0.0 ], [ 73.1409787, 28.1506052, 0.0 ], [ 73.1409839, 28.150302, 0.0 ] ], [ [ 73.1409279, 28.1503012, 0.0 ], [ 73.140951, 28.1503015, 0.0 ], [ 73.1409458, 28.1506048, 0.0 ], [ 73.1409227, 28.1506045, 0.0 ], [ 73.1409279, 28.1503012, 0.0 ] ], [ [ 73.141, 28.1493708, 0.0 ], [ 73.1410231, 28.1493711, 0.0 ], [ 73.1410179, 28.1496744, 0.0 ], [ 73.1409947, 28.1496741, 0.0 ], [ 73.141, 28.1493708, 0.0 ] ], [ [ 73.140944, 28.1493701, 0.0 ], [ 73.1409671, 28.1493704, 0.0 ], [ 73.1409619, 28.1496736, 0.0 ], [ 73.1409388, 28.1496733, 0.0 ], [ 73.140944, 28.1493701, 0.0 ] ], [ [ 73.1409946, 28.1496825, 0.0 ], [ 73.1410177, 28.1496828, 0.0 ], [ 73.1410125, 28.1499861, 0.0 ], [ 73.1409894, 28.1499858, 0.0 ], [ 73.1409946, 28.1496825, 0.0 ] ], [ [ 73.1409386, 28.1496817, 0.0 ], [ 73.1409617, 28.1496821, 0.0 ], [ 73.1409565, 28.1499853, 0.0 ], [ 73.1409334, 28.149985, 0.0 ], [ 73.1409386, 28.1496817, 0.0 ] ], [ [ 73.1408773, 28.1499888, 0.0 ], [ 73.1409004, 28.1499891, 0.0 ], [ 73.1408952, 28.1502923, 0.0 ], [ 73.1408721, 28.150292, 0.0 ], [ 73.1408773, 28.1499888, 0.0 ] ], [ [ 73.1408213, 28.149988, 0.0 ], [ 73.1408444, 28.1499883, 0.0 ], [ 73.1408392, 28.1502916, 0.0 ], [ 73.1408161, 28.1502913, 0.0 ], [ 73.1408213, 28.149988, 0.0 ] ], [ [ 73.1408719, 28.1503005, 0.0 ], [ 73.140895, 28.1503008, 0.0 ], [ 73.1408898, 28.150604, 0.0 ], [ 73.1408667, 28.1506037, 0.0 ], [ 73.1408719, 28.1503005, 0.0 ] ], [ [ 73.1408159, 28.1502997, 0.0 ], [ 73.1408391, 28.1503, 0.0 ], [ 73.1408338, 28.1506033, 0.0 ], [ 73.1408107, 28.150603, 0.0 ], [ 73.1408159, 28.1502997, 0.0 ] ], [ [ 73.140888, 28.1493693, 0.0 ], [ 73.1409111, 28.1493696, 0.0 ], [ 73.1409059, 28.1496729, 0.0 ], [ 73.1408828, 28.1496726, 0.0 ], [ 73.140888, 28.1493693, 0.0 ] ], [ [ 73.140832, 28.1493685, 0.0 ], [ 73.1408551, 28.1493689, 0.0 ], [ 73.1408499, 28.1496721, 0.0 ], [ 73.1408268, 28.1496718, 0.0 ], [ 73.140832, 28.1493685, 0.0 ] ], [ [ 73.1408826, 28.149681, 0.0 ], [ 73.1409057, 28.1496813, 0.0 ], [ 73.1409005, 28.1499846, 0.0 ], [ 73.1408774, 28.1499843, 0.0 ], [ 73.1408826, 28.149681, 0.0 ] ], [ [ 73.1408266, 28.1496802, 0.0 ], [ 73.1408498, 28.1496805, 0.0 ], [ 73.1408445, 28.1499838, 0.0 ], [ 73.1408214, 28.1499835, 0.0 ], [ 73.1408266, 28.1496802, 0.0 ] ], [ [ 73.1407653, 28.1499872, 0.0 ], [ 73.1407885, 28.1499876, 0.0 ], [ 73.1407832, 28.1502908, 0.0 ], [ 73.1407601, 28.1502905, 0.0 ], [ 73.1407653, 28.1499872, 0.0 ] ], [ [ 73.1407093, 28.1499865, 0.0 ], [ 73.1407325, 28.1499868, 0.0 ], [ 73.1407272, 28.1502901, 0.0 ], [ 73.1407041, 28.1502898, 0.0 ], [ 73.1407093, 28.1499865, 0.0 ] ], [ [ 73.1407599, 28.1502989, 0.0 ], [ 73.1407831, 28.1502992, 0.0 ], [ 73.1407778, 28.1506025, 0.0 ], [ 73.1407547, 28.1506022, 0.0 ], [ 73.1407599, 28.1502989, 0.0 ] ], [ [ 73.140704, 28.1502982, 0.0 ], [ 73.1407271, 28.1502985, 0.0 ], [ 73.1407218, 28.1506018, 0.0 ], [ 73.1406987, 28.1506014, 0.0 ], [ 73.140704, 28.1502982, 0.0 ] ], [ [ 73.140776, 28.1493678, 0.0 ], [ 73.1407992, 28.1493681, 0.0 ], [ 73.1407939, 28.1496714, 0.0 ], [ 73.1407708, 28.1496711, 0.0 ], [ 73.140776, 28.1493678, 0.0 ] ], [ [ 73.14072, 28.149367, 0.0 ], [ 73.1407432, 28.1493673, 0.0 ], [ 73.1407379, 28.1496706, 0.0 ], [ 73.1407148, 28.1496703, 0.0 ], [ 73.14072, 28.149367, 0.0 ] ], [ [ 73.1407706, 28.1496795, 0.0 ], [ 73.1407938, 28.1496798, 0.0 ], [ 73.1407885, 28.1499831, 0.0 ], [ 73.1407654, 28.1499827, 0.0 ], [ 73.1407706, 28.1496795, 0.0 ] ], [ [ 73.1407147, 28.1496787, 0.0 ], [ 73.1407378, 28.149679, 0.0 ], [ 73.1407325, 28.1499823, 0.0 ], [ 73.1407094, 28.149982, 0.0 ], [ 73.1407147, 28.1496787, 0.0 ] ], [ [ 73.1406534, 28.1499857, 0.0 ], [ 73.1406765, 28.149986, 0.0 ], [ 73.1406712, 28.1502893, 0.0 ], [ 73.1406481, 28.150289, 0.0 ], [ 73.1406534, 28.1499857, 0.0 ] ], [ [ 73.1405974, 28.149985, 0.0 ], [ 73.1406205, 28.1499853, 0.0 ], [ 73.1406153, 28.1502885, 0.0 ], [ 73.1405921, 28.1502882, 0.0 ], [ 73.1405974, 28.149985, 0.0 ] ], [ [ 73.140648, 28.1502974, 0.0 ], [ 73.1406711, 28.1502977, 0.0 ], [ 73.1406659, 28.150601, 0.0 ], [ 73.1406427, 28.1506007, 0.0 ], [ 73.140648, 28.1502974, 0.0 ] ], [ [ 73.140592, 28.1502967, 0.0 ], [ 73.1406151, 28.150297, 0.0 ], [ 73.1406099, 28.1506002, 0.0 ], [ 73.1405867, 28.1505999, 0.0 ], [ 73.140592, 28.1502967, 0.0 ] ], [ [ 73.1406641, 28.1493663, 0.0 ], [ 73.1406872, 28.1493666, 0.0 ], [ 73.1406819, 28.1496698, 0.0 ], [ 73.1406588, 28.1496695, 0.0 ], [ 73.1406641, 28.1493663, 0.0 ] ], [ [ 73.1406081, 28.1493655, 0.0 ], [ 73.1406312, 28.1493658, 0.0 ], [ 73.140626, 28.1496691, 0.0 ], [ 73.1406028, 28.1496688, 0.0 ], [ 73.1406081, 28.1493655, 0.0 ] ], [ [ 73.1406587, 28.1496779, 0.0 ], [ 73.1406818, 28.1496783, 0.0 ], [ 73.1406766, 28.1499815, 0.0 ], [ 73.1406534, 28.1499812, 0.0 ], [ 73.1406587, 28.1496779, 0.0 ] ], [ [ 73.1406027, 28.1496772, 0.0 ], [ 73.1406258, 28.1496775, 0.0 ], [ 73.1406206, 28.1499808, 0.0 ], [ 73.1405974, 28.1499805, 0.0 ], [ 73.1406027, 28.1496772, 0.0 ] ], [ [ 73.1405414, 28.1499842, 0.0 ], [ 73.1405645, 28.1499845, 0.0 ], [ 73.1405593, 28.1502878, 0.0 ], [ 73.1405361, 28.1502875, 0.0 ], [ 73.1405414, 28.1499842, 0.0 ] ], [ [ 73.1404854, 28.1499834, 0.0 ], [ 73.1405085, 28.1499838, 0.0 ], [ 73.1405033, 28.150287, 0.0 ], [ 73.1404802, 28.1502867, 0.0 ], [ 73.1404854, 28.1499834, 0.0 ] ], [ [ 73.140536, 28.1502959, 0.0 ], [ 73.1405591, 28.1502962, 0.0 ], [ 73.1405539, 28.1505995, 0.0 ], [ 73.1405308, 28.1505992, 0.0 ], [ 73.140536, 28.1502959, 0.0 ] ], [ [ 73.14048, 28.1502951, 0.0 ], [ 73.1405031, 28.1502954, 0.0 ], [ 73.1404979, 28.1505987, 0.0 ], [ 73.1404748, 28.1505984, 0.0 ], [ 73.14048, 28.1502951, 0.0 ] ], [ [ 73.1405521, 28.1493647, 0.0 ], [ 73.1405752, 28.1493651, 0.0 ], [ 73.14057, 28.1496683, 0.0 ], [ 73.1405468, 28.149668, 0.0 ], [ 73.1405521, 28.1493647, 0.0 ] ], [ [ 73.1404961, 28.149364, 0.0 ], [ 73.1405192, 28.1493643, 0.0 ], [ 73.140514, 28.1496676, 0.0 ], [ 73.1404909, 28.1496673, 0.0 ], [ 73.1404961, 28.149364, 0.0 ] ], [ [ 73.1405467, 28.1496764, 0.0 ], [ 73.1405698, 28.1496767, 0.0 ], [ 73.1405646, 28.14998, 0.0 ], [ 73.1405415, 28.1499797, 0.0 ], [ 73.1405467, 28.1496764, 0.0 ] ], [ [ 73.1404907, 28.1496757, 0.0 ], [ 73.1405138, 28.149676, 0.0 ], [ 73.1405086, 28.1499793, 0.0 ], [ 73.1404855, 28.1499789, 0.0 ], [ 73.1404907, 28.1496757, 0.0 ] ] ] } }
]
}
