{
"type": "FeatureCollection",
"name": "ITC-14 strings",
"bbox": [ 73.1394609, 28.1605219, 0.0000000, 73.1453098, 28.1667541, 0.0000000 ],                                                  
"features": [
{ "type": "Feature", "properties": { "id": "kml_1", "Name": "EDGE TRACKERS", "description": null, "timestamp": null, "begin": null, "end": null, "altitudeMode": null, "tessellate": -1, "extrude": 0, "visibility": -1, "drawOrder": null, "icon": null }, "bbox": [ 73.1394609, 28.1605219, 0.0, 73.1443284, 28.1667541, 0.0 ], "geometry": { "type": "MultiLineString", "coordinates": [ [ [ 73.1407859, 28.1617601, 0.0 ], [ 73.140809, 28.1617604, 0.0 ], [ 73.1408038, 28.1620637, 0.0 ], [ 73.1407806, 28.1620634, 0.0 ], [ 73.1407859, 28.1617601, 0.0 ] ], [ [ 73.1407299, 28.1617593, 0.0 ], [ 73.140753, 28.1617596, 0.0 ], [ 73.1407478, 28.1620629, 0.0 ], [ 73.1407246, 28.1620626, 0.0 ], [ 73.1407299, 28.1617593, 0.0 ] ], [ [ 73.1407805, 28.1620718, 0.0 ], [ 73.1408036, 28.1620721, 0.0 ], [ 73.1407984, 28.1623754, 0.0 ], [ 73.1407752, 28.162375, 0.0 ], [ 73.1407805, 28.1620718, 0.0 ] ], [ [ 73.1407245, 28.162071, 0.0 ], [ 73.1407476, 28.1620713, 0.0 ], [ 73.1407424, 28.1623746, 0.0 ], [ 73.1407192, 28.1623743, 0.0 ], [ 73.1407245, 28.162071, 0.0 ] ], [ [ 73.1426147, 28.1661222, 0.0 ], [ 73.1426379, 28.1661225, 0.0 ], [ 73.1426326, 28.1664258, 0.0 ], [ 73.1426095, 28.1664254, 0.0 ], [ 73.1426147, 28.1661222, 0.0 ] ], [ [ 73.1425587, 28.1661214, 0.0 ], [ 73.1425819, 28.1661217, 0.0 ], [ 73.1425766, 28.166425, 0.0 ], [ 73.1425535, 28.1664247, 0.0 ], [ 73.1425587, 28.1661214, 0.0 ] ], [ [ 73.1426093, 28.1664339, 0.0 ], [ 73.1426325, 28.1664342, 0.0 ], [ 73.1426272, 28.1667374, 0.0 ], [ 73.1426041, 28.1667371, 0.0 ], [ 73.1426093, 28.1664339, 0.0 ] ], [ [ 73.1425534, 28.1664331, 0.0 ], [ 73.1425765, 28.1664334, 0.0 ], [ 73.1425712, 28.1667367, 0.0 ], [ 73.1425481, 28.1667364, 0.0 ], [ 73.1425534, 28.1664331, 0.0 ] ], [ [ 73.1438466, 28.1661389, 0.0 ], [ 73.1438698, 28.1661392, 0.0 ], [ 73.1438645, 28.1664425, 0.0 ], [ 73.1438414, 28.1664421, 0.0 ], [ 73.1438466, 28.1661389, 0.0 ] ], [ [ 73.1437906, 28.1661381, 0.0 ], [ 73.1438138, 28.1661384, 0.0 ], [ 73.1438085, 28.1664417, 0.0 ], [ 73.1437854, 28.1664414, 0.0 ], [ 73.1437906, 28.1661381, 0.0 ] ], [ [ 73.1438412, 28.1664506, 0.0 ], [ 73.1438644, 28.1664509, 0.0 ], [ 73.1438591, 28.1667541, 0.0 ], [ 73.143836, 28.1667538, 0.0 ], [ 73.1438412, 28.1664506, 0.0 ] ], [ [ 73.1437852, 28.1664498, 0.0 ], [ 73.1438084, 28.1664501, 0.0 ], [ 73.1438031, 28.1667534, 0.0 ], [ 73.14378, 28.1667531, 0.0 ], [ 73.1437852, 28.1664498, 0.0 ] ], [ [ 73.139869, 28.1629621, 0.0 ], [ 73.1398921, 28.1629624, 0.0 ], [ 73.1398869, 28.1632657, 0.0 ], [ 73.1398637, 28.1632653, 0.0 ], [ 73.139869, 28.1629621, 0.0 ] ], [ [ 73.139813, 28.1629613, 0.0 ], [ 73.1398361, 28.1629616, 0.0 ], [ 73.1398309, 28.1632649, 0.0 ], [ 73.1398078, 28.1632646, 0.0 ], [ 73.139813, 28.1629613, 0.0 ] ], [ [ 73.1398636, 28.1632738, 0.0 ], [ 73.1398867, 28.1632741, 0.0 ], [ 73.1398815, 28.1635773, 0.0 ], [ 73.1398584, 28.163577, 0.0 ], [ 73.1398636, 28.1632738, 0.0 ] ], [ [ 73.1398076, 28.163273, 0.0 ], [ 73.1398307, 28.1632733, 0.0 ], [ 73.1398255, 28.1635766, 0.0 ], [ 73.1398024, 28.1635763, 0.0 ], [ 73.1398076, 28.163273, 0.0 ] ], [ [ 73.1404437, 28.1621161, 0.0 ], [ 73.1404668, 28.1621164, 0.0 ], [ 73.1404616, 28.1624197, 0.0 ], [ 73.1404384, 28.1624194, 0.0 ], [ 73.1404437, 28.1621161, 0.0 ] ], [ [ 73.1403877, 28.1621154, 0.0 ], [ 73.1404108, 28.1621157, 0.0 ], [ 73.1404056, 28.1624189, 0.0 ], [ 73.1403824, 28.1624186, 0.0 ], [ 73.1403877, 28.1621154, 0.0 ] ], [ [ 73.1404383, 28.1624278, 0.0 ], [ 73.1404614, 28.1624281, 0.0 ], [ 73.1404562, 28.1627314, 0.0 ], [ 73.140433, 28.1627311, 0.0 ], [ 73.1404383, 28.1624278, 0.0 ] ], [ [ 73.1403823, 28.162427, 0.0 ], [ 73.1404054, 28.1624274, 0.0 ], [ 73.1404002, 28.1627306, 0.0 ], [ 73.1403771, 28.1627303, 0.0 ], [ 73.1403823, 28.162427, 0.0 ] ], [ [ 73.1395276, 28.1632729, 0.0 ], [ 73.1395507, 28.1632732, 0.0 ], [ 73.1395455, 28.1635764, 0.0 ], [ 73.1395223, 28.1635761, 0.0 ], [ 73.1395276, 28.1632729, 0.0 ] ], [ [ 73.1394716, 28.1632721, 0.0 ], [ 73.1394947, 28.1632724, 0.0 ], [ 73.1394895, 28.1635757, 0.0 ], [ 73.1394663, 28.1635754, 0.0 ], [ 73.1394716, 28.1632721, 0.0 ] ], [ [ 73.1395222, 28.1635845, 0.0 ], [ 73.1395453, 28.1635849, 0.0 ], [ 73.1395401, 28.1638881, 0.0 ], [ 73.1395169, 28.1638878, 0.0 ], [ 73.1395222, 28.1635845, 0.0 ] ], [ [ 73.1394662, 28.1635838, 0.0 ], [ 73.1394893, 28.1635841, 0.0 ], [ 73.1394841, 28.1638874, 0.0 ], [ 73.1394609, 28.163887, 0.0 ], [ 73.1394662, 28.1635838, 0.0 ] ], [ [ 73.1398583, 28.1635815, 0.0 ], [ 73.1398814, 28.1635819, 0.0 ], [ 73.1398762, 28.1638851, 0.0 ], [ 73.139853, 28.1638848, 0.0 ], [ 73.1398583, 28.1635815, 0.0 ] ], [ [ 73.1398023, 28.1635808, 0.0 ], [ 73.1398254, 28.1635811, 0.0 ], [ 73.1398202, 28.1638844, 0.0 ], [ 73.139797, 28.163884, 0.0 ], [ 73.1398023, 28.1635808, 0.0 ] ], [ [ 73.1398529, 28.1638932, 0.0 ], [ 73.139876, 28.1638935, 0.0 ], [ 73.1398708, 28.1641968, 0.0 ], [ 73.1398476, 28.1641965, 0.0 ], [ 73.1398529, 28.1638932, 0.0 ] ], [ [ 73.1397969, 28.1638925, 0.0 ], [ 73.13982, 28.1638928, 0.0 ], [ 73.1398148, 28.164196, 0.0 ], [ 73.1397916, 28.1641957, 0.0 ], [ 73.1397969, 28.1638925, 0.0 ] ], [ [ 73.1404115, 28.1639745, 0.0 ], [ 73.1404347, 28.1639748, 0.0 ], [ 73.1404294, 28.1642781, 0.0 ], [ 73.1404063, 28.1642778, 0.0 ], [ 73.1404115, 28.1639745, 0.0 ] ], [ [ 73.1403556, 28.1639737, 0.0 ], [ 73.1403787, 28.1639741, 0.0 ], [ 73.1403734, 28.1642773, 0.0 ], [ 73.1403503, 28.164277, 0.0 ], [ 73.1403556, 28.1639737, 0.0 ] ], [ [ 73.1404062, 28.1642862, 0.0 ], [ 73.1404293, 28.1642865, 0.0 ], [ 73.140424, 28.1645898, 0.0 ], [ 73.1404009, 28.1645895, 0.0 ], [ 73.1404062, 28.1642862, 0.0 ] ], [ [ 73.1403502, 28.1642854, 0.0 ], [ 73.1403733, 28.1642857, 0.0 ], [ 73.1403681, 28.164589, 0.0 ], [ 73.1403449, 28.1645887, 0.0 ], [ 73.1403502, 28.1642854, 0.0 ] ], [ [ 73.1403276, 28.1623487, 0.0 ], [ 73.1403508, 28.162349, 0.0 ], [ 73.1403455, 28.1626523, 0.0 ], [ 73.1403224, 28.162652, 0.0 ], [ 73.1403276, 28.1623487, 0.0 ] ], [ [ 73.1402717, 28.1623479, 0.0 ], [ 73.1402948, 28.1623483, 0.0 ], [ 73.1402895, 28.1626515, 0.0 ], [ 73.1402664, 28.1626512, 0.0 ], [ 73.1402717, 28.1623479, 0.0 ] ], [ [ 73.1403223, 28.1626604, 0.0 ], [ 73.1403454, 28.1626607, 0.0 ], [ 73.1403401, 28.162964, 0.0 ], [ 73.140317, 28.1629637, 0.0 ], [ 73.1403223, 28.1626604, 0.0 ] ], [ [ 73.1402663, 28.1626596, 0.0 ], [ 73.1402894, 28.1626599, 0.0 ], [ 73.1402842, 28.1629632, 0.0 ], [ 73.140261, 28.1629629, 0.0 ], [ 73.1402663, 28.1626596, 0.0 ] ], [ [ 73.140743, 28.1642379, 0.0 ], [ 73.1407662, 28.1642383, 0.0 ], [ 73.1407609, 28.1645415, 0.0 ], [ 73.1407378, 28.1645412, 0.0 ], [ 73.140743, 28.1642379, 0.0 ] ], [ [ 73.140687, 28.1642372, 0.0 ], [ 73.1407102, 28.1642375, 0.0 ], [ 73.1407049, 28.1645408, 0.0 ], [ 73.1406818, 28.1645405, 0.0 ], [ 73.140687, 28.1642372, 0.0 ] ], [ [ 73.1407376, 28.1645496, 0.0 ], [ 73.1407608, 28.1645499, 0.0 ], [ 73.1407555, 28.1648532, 0.0 ], [ 73.1407324, 28.1648529, 0.0 ], [ 73.1407376, 28.1645496, 0.0 ] ], [ [ 73.1406817, 28.1645489, 0.0 ], [ 73.1407048, 28.1645492, 0.0 ], [ 73.1406995, 28.1648525, 0.0 ], [ 73.1406764, 28.1648521, 0.0 ], [ 73.1406817, 28.1645489, 0.0 ] ], [ [ 73.1409086, 28.1611422, 0.0 ], [ 73.1409317, 28.1611425, 0.0 ], [ 73.1409265, 28.1614457, 0.0 ], [ 73.1409033, 28.1614454, 0.0 ], [ 73.1409086, 28.1611422, 0.0 ] ], [ [ 73.1408526, 28.1611414, 0.0 ], [ 73.1408757, 28.1611417, 0.0 ], [ 73.1408705, 28.161445, 0.0 ], [ 73.1408473, 28.1614447, 0.0 ], [ 73.1408526, 28.1611414, 0.0 ] ], [ [ 73.1409032, 28.1614538, 0.0 ], [ 73.1409263, 28.1614542, 0.0 ], [ 73.1409211, 28.1617574, 0.0 ], [ 73.1408979, 28.1617571, 0.0 ], [ 73.1409032, 28.1614538, 0.0 ] ], [ [ 73.1408472, 28.1614531, 0.0 ], [ 73.1408703, 28.1614534, 0.0 ], [ 73.1408651, 28.1617567, 0.0 ], [ 73.1408419, 28.1617563, 0.0 ], [ 73.1408472, 28.1614531, 0.0 ] ], [ [ 73.1409193, 28.1605227, 0.0 ], [ 73.1409424, 28.160523, 0.0 ], [ 73.1409372, 28.1608263, 0.0 ], [ 73.140914, 28.160826, 0.0 ], [ 73.1409193, 28.1605227, 0.0 ] ], [ [ 73.1408633, 28.1605219, 0.0 ], [ 73.1408864, 28.1605222, 0.0 ], [ 73.1408812, 28.1608255, 0.0 ], [ 73.140858, 28.1608252, 0.0 ], [ 73.1408633, 28.1605219, 0.0 ] ], [ [ 73.1409139, 28.1608344, 0.0 ], [ 73.140937, 28.1608347, 0.0 ], [ 73.1409318, 28.161138, 0.0 ], [ 73.1409086, 28.1611376, 0.0 ], [ 73.1409139, 28.1608344, 0.0 ] ], [ [ 73.1408579, 28.1608336, 0.0 ], [ 73.140881, 28.1608339, 0.0 ], [ 73.1408758, 28.1611372, 0.0 ], [ 73.1408527, 28.1611369, 0.0 ], [ 73.1408579, 28.1608336, 0.0 ] ], [ [ 73.1411803, 28.1648635, 0.0 ], [ 73.1412034, 28.1648638, 0.0 ], [ 73.1411982, 28.1651671, 0.0 ], [ 73.141175, 28.1651668, 0.0 ], [ 73.1411803, 28.1648635, 0.0 ] ], [ [ 73.1411243, 28.1648627, 0.0 ], [ 73.1411474, 28.164863, 0.0 ], [ 73.1411422, 28.1651663, 0.0 ], [ 73.141119, 28.165166, 0.0 ], [ 73.1411243, 28.1648627, 0.0 ] ], [ [ 73.1411749, 28.1651752, 0.0 ], [ 73.141198, 28.1651755, 0.0 ], [ 73.1411928, 28.1654788, 0.0 ], [ 73.1411696, 28.1654784, 0.0 ], [ 73.1411749, 28.1651752, 0.0 ] ], [ [ 73.1411189, 28.1651744, 0.0 ], [ 73.141142, 28.1651747, 0.0 ], [ 73.1411368, 28.165478, 0.0 ], [ 73.1411137, 28.1654777, 0.0 ], [ 73.1411189, 28.1651744, 0.0 ] ], [ [ 73.1443053, 28.1655255, 0.0 ], [ 73.1443284, 28.1655258, 0.0 ], [ 73.1443232, 28.1658291, 0.0 ], [ 73.1443, 28.1658288, 0.0 ], [ 73.1443053, 28.1655255, 0.0 ] ], [ [ 73.1442493, 28.1655247, 0.0 ], [ 73.1442724, 28.165525, 0.0 ], [ 73.1442672, 28.1658283, 0.0 ], [ 73.144244, 28.165828, 0.0 ], [ 73.1442493, 28.1655247, 0.0 ] ], [ [ 73.1442999, 28.1658372, 0.0 ], [ 73.144323, 28.1658375, 0.0 ], [ 73.1443178, 28.1661408, 0.0 ], [ 73.1442947, 28.1661404, 0.0 ], [ 73.1442999, 28.1658372, 0.0 ] ], [ [ 73.1442439, 28.1658364, 0.0 ], [ 73.144267, 28.1658367, 0.0 ], [ 73.1442618, 28.16614, 0.0 ], [ 73.1442387, 28.1661397, 0.0 ], [ 73.1442439, 28.1658364, 0.0 ] ], [ [ 73.1418415, 28.1654921, 0.0 ], [ 73.1418646, 28.1654924, 0.0 ], [ 73.1418594, 28.1657957, 0.0 ], [ 73.1418363, 28.1657953, 0.0 ], [ 73.1418415, 28.1654921, 0.0 ] ], [ [ 73.1417855, 28.1654913, 0.0 ], [ 73.1418086, 28.1654916, 0.0 ], [ 73.1418034, 28.1657949, 0.0 ], [ 73.1417803, 28.1657946, 0.0 ], [ 73.1417855, 28.1654913, 0.0 ] ], [ [ 73.1418361, 28.1658038, 0.0 ], [ 73.1418593, 28.1658041, 0.0 ], [ 73.141854, 28.1661073, 0.0 ], [ 73.1418309, 28.166107, 0.0 ], [ 73.1418361, 28.1658038, 0.0 ] ], [ [ 73.1417801, 28.165803, 0.0 ], [ 73.1418033, 28.1658033, 0.0 ], [ 73.141798, 28.1661066, 0.0 ], [ 73.1417749, 28.1661063, 0.0 ], [ 73.1417801, 28.165803, 0.0 ] ], [ [ 73.1434521, 28.1630355, 0.0 ], [ 73.1434753, 28.1630358, 0.0 ], [ 73.14347, 28.1633391, 0.0 ], [ 73.1434469, 28.1633388, 0.0 ], [ 73.1434521, 28.1630355, 0.0 ] ], [ [ 73.1433961, 28.1630347, 0.0 ], [ 73.1434193, 28.163035, 0.0 ], [ 73.143414, 28.1633383, 0.0 ], [ 73.1433909, 28.163338, 0.0 ], [ 73.1433961, 28.1630347, 0.0 ] ], [ [ 73.1434468, 28.1633472, 0.0 ], [ 73.1434699, 28.1633475, 0.0 ], [ 73.1434646, 28.1636508, 0.0 ], [ 73.1434415, 28.1636504, 0.0 ], [ 73.1434468, 28.1633472, 0.0 ] ], [ [ 73.1433908, 28.1633464, 0.0 ], [ 73.1434139, 28.1633467, 0.0 ], [ 73.1434087, 28.16365, 0.0 ], [ 73.1433855, 28.1636497, 0.0 ], [ 73.1433908, 28.1633464, 0.0 ] ], [ [ 73.1428922, 28.1630279, 0.0 ], [ 73.1429153, 28.1630282, 0.0 ], [ 73.1429101, 28.1633315, 0.0 ], [ 73.142887, 28.1633312, 0.0 ], [ 73.1428922, 28.1630279, 0.0 ] ], [ [ 73.1428362, 28.1630271, 0.0 ], [ 73.1428593, 28.1630274, 0.0 ], [ 73.1428541, 28.1633307, 0.0 ], [ 73.142831, 28.1633304, 0.0 ], [ 73.1428362, 28.1630271, 0.0 ] ], [ [ 73.1428868, 28.1633396, 0.0 ], [ 73.1429099, 28.1633399, 0.0 ], [ 73.1429047, 28.1636432, 0.0 ], [ 73.1428816, 28.1636428, 0.0 ], [ 73.1428868, 28.1633396, 0.0 ] ], [ [ 73.1428308, 28.1633388, 0.0 ], [ 73.142854, 28.1633391, 0.0 ], [ 73.1428487, 28.1636424, 0.0 ], [ 73.1428256, 28.1636421, 0.0 ], [ 73.1428308, 28.1633388, 0.0 ] ] ] } },
{ "type": "Feature", "properties": { "id": "kml_69", "Name": "TRACKERS", "description": null, "timestamp": null, "begin": null, "end": null, "altitudeMode": null, "tessellate": -1, "extrude": 0, "visibility": -1, "drawOrder": null, "icon": null }, "bbox": [ 73.1395729, 28.1605234, 0.0, 73.1453098, 28.1667526, 0.0 ], "geometry": { "type": "MultiLineString", "coordinates": [ [ [ 73.1405557, 28.1621176, 0.0 ], [ 73.1405788, 28.162118, 0.0 ], [ 73.1405736, 28.1624212, 0.0 ], [ 73.1405504, 28.1624209, 0.0 ], [ 73.1405557, 28.1621176, 0.0 ] ], [ [ 73.1404997, 28.1621169, 0.0 ], [ 73.1405228, 28.1621172, 0.0 ], [ 73.1405176, 28.1624205, 0.0 ], [ 73.1404944, 28.1624201, 0.0 ], [ 73.1404997, 28.1621169, 0.0 ] ], [ [ 73.1405503, 28.1624293, 0.0 ], [ 73.1405734, 28.1624296, 0.0 ], [ 73.1405682, 28.1627329, 0.0 ], [ 73.140545, 28.1627326, 0.0 ], [ 73.1405503, 28.1624293, 0.0 ] ], [ [ 73.1404943, 28.1624286, 0.0 ], [ 73.1405174, 28.1624289, 0.0 ], [ 73.1405122, 28.1627321, 0.0 ], [ 73.140489, 28.1627318, 0.0 ], [ 73.1404943, 28.1624286, 0.0 ] ], [ [ 73.1406677, 28.1621192, 0.0 ], [ 73.1406908, 28.1621195, 0.0 ], [ 73.1406855, 28.1624227, 0.0 ], [ 73.1406624, 28.1624224, 0.0 ], [ 73.1406677, 28.1621192, 0.0 ] ], [ [ 73.1406117, 28.1621184, 0.0 ], [ 73.1406348, 28.1621187, 0.0 ], [ 73.1406295, 28.162422, 0.0 ], [ 73.1406064, 28.1624217, 0.0 ], [ 73.1406117, 28.1621184, 0.0 ] ], [ [ 73.1406623, 28.1624308, 0.0 ], [ 73.1406854, 28.1624312, 0.0 ], [ 73.1406802, 28.1627344, 0.0 ], [ 73.140657, 28.1627341, 0.0 ], [ 73.1406623, 28.1624308, 0.0 ] ], [ [ 73.1406063, 28.1624301, 0.0 ], [ 73.1406294, 28.1624304, 0.0 ], [ 73.1406242, 28.1627337, 0.0 ], [ 73.140601, 28.1627334, 0.0 ], [ 73.1406063, 28.1624301, 0.0 ] ], [ [ 73.1396396, 28.1632744, 0.0 ], [ 73.1396627, 28.1632747, 0.0 ], [ 73.1396574, 28.163578, 0.0 ], [ 73.1396343, 28.1635776, 0.0 ], [ 73.1396396, 28.1632744, 0.0 ] ], [ [ 73.1395836, 28.1632736, 0.0 ], [ 73.1396067, 28.1632739, 0.0 ], [ 73.1396015, 28.1635772, 0.0 ], [ 73.1395783, 28.1635769, 0.0 ], [ 73.1395836, 28.1632736, 0.0 ] ], [ [ 73.1396342, 28.1635861, 0.0 ], [ 73.1396573, 28.1635864, 0.0 ], [ 73.1396521, 28.1638896, 0.0 ], [ 73.1396289, 28.1638893, 0.0 ], [ 73.1396342, 28.1635861, 0.0 ] ], [ [ 73.1395782, 28.1635853, 0.0 ], [ 73.1396013, 28.1635856, 0.0 ], [ 73.1395961, 28.1638889, 0.0 ], [ 73.1395729, 28.1638886, 0.0 ], [ 73.1395782, 28.1635853, 0.0 ] ], [ [ 73.1452867, 28.1605819, 0.0 ], [ 73.1453098, 28.1605822, 0.0 ], [ 73.1453046, 28.1608855, 0.0 ], [ 73.1452814, 28.1608852, 0.0 ], [ 73.1452867, 28.1605819, 0.0 ] ], [ [ 73.1452307, 28.1605812, 0.0 ], [ 73.1452538, 28.1605815, 0.0 ], [ 73.1452486, 28.1608847, 0.0 ], [ 73.1452254, 28.1608844, 0.0 ], [ 73.1452307, 28.1605812, 0.0 ] ], [ [ 73.1452813, 28.1608936, 0.0 ], [ 73.1453044, 28.1608939, 0.0 ], [ 73.1452992, 28.1611972, 0.0 ], [ 73.1452761, 28.1611969, 0.0 ], [ 73.1452813, 28.1608936, 0.0 ] ], [ [ 73.1452253, 28.1608928, 0.0 ], [ 73.1452484, 28.1608932, 0.0 ], [ 73.1452432, 28.1611964, 0.0 ], [ 73.1452201, 28.1611961, 0.0 ], [ 73.1452253, 28.1608928, 0.0 ] ], [ [ 73.1451747, 28.1605804, 0.0 ], [ 73.1451978, 28.1605807, 0.0 ], [ 73.1451926, 28.160884, 0.0 ], [ 73.1451694, 28.1608837, 0.0 ], [ 73.1451747, 28.1605804, 0.0 ] ], [ [ 73.1451187, 28.1605796, 0.0 ], [ 73.1451418, 28.16058, 0.0 ], [ 73.1451366, 28.1608832, 0.0 ], [ 73.1451134, 28.1608829, 0.0 ], [ 73.1451187, 28.1605796, 0.0 ] ], [ [ 73.1451693, 28.1608921, 0.0 ], [ 73.1451924, 28.1608924, 0.0 ], [ 73.1451872, 28.1611957, 0.0 ], [ 73.1451641, 28.1611953, 0.0 ], [ 73.1451693, 28.1608921, 0.0 ] ], [ [ 73.1451133, 28.1608913, 0.0 ], [ 73.1451364, 28.1608916, 0.0 ], [ 73.1451312, 28.1611949, 0.0 ], [ 73.1451081, 28.1611946, 0.0 ], [ 73.1451133, 28.1608913, 0.0 ] ], [ [ 73.1450627, 28.1605789, 0.0 ], [ 73.1450858, 28.1605792, 0.0 ], [ 73.1450806, 28.1608825, 0.0 ], [ 73.1450575, 28.1608821, 0.0 ], [ 73.1450627, 28.1605789, 0.0 ] ], [ [ 73.1450067, 28.1605781, 0.0 ], [ 73.1450298, 28.1605784, 0.0 ], [ 73.1450246, 28.1608817, 0.0 ], [ 73.1450015, 28.1608814, 0.0 ], [ 73.1450067, 28.1605781, 0.0 ] ], [ [ 73.1450573, 28.1608906, 0.0 ], [ 73.1450804, 28.1608909, 0.0 ], [ 73.1450752, 28.1611941, 0.0 ], [ 73.1450521, 28.1611938, 0.0 ], [ 73.1450573, 28.1608906, 0.0 ] ], [ [ 73.1450013, 28.1608898, 0.0 ], [ 73.1450244, 28.1608901, 0.0 ], [ 73.1450192, 28.1611934, 0.0 ], [ 73.1449961, 28.1611931, 0.0 ], [ 73.1450013, 28.1608898, 0.0 ] ], [ [ 73.1449507, 28.1605774, 0.0 ], [ 73.1449738, 28.1605777, 0.0 ], [ 73.1449686, 28.1608809, 0.0 ], [ 73.1449455, 28.1608806, 0.0 ], [ 73.1449507, 28.1605774, 0.0 ] ], [ [ 73.1448947, 28.1605766, 0.0 ], [ 73.1449178, 28.1605769, 0.0 ], [ 73.1449126, 28.1608802, 0.0 ], [ 73.1448895, 28.1608799, 0.0 ], [ 73.1448947, 28.1605766, 0.0 ] ], [ [ 73.1449453, 28.160889, 0.0 ], [ 73.1449685, 28.1608894, 0.0 ], [ 73.1449632, 28.1611926, 0.0 ], [ 73.1449401, 28.1611923, 0.0 ], [ 73.1449453, 28.160889, 0.0 ] ], [ [ 73.1448893, 28.1608883, 0.0 ], [ 73.1449125, 28.1608886, 0.0 ], [ 73.1449072, 28.1611919, 0.0 ], [ 73.1448841, 28.1611916, 0.0 ], [ 73.1448893, 28.1608883, 0.0 ] ], [ [ 73.144796, 28.1630537, 0.0 ], [ 73.1448191, 28.163054, 0.0 ], [ 73.1448139, 28.1633573, 0.0 ], [ 73.1447907, 28.163357, 0.0 ], [ 73.144796, 28.1630537, 0.0 ] ], [ [ 73.14474, 28.1630529, 0.0 ], [ 73.1447631, 28.1630533, 0.0 ], [ 73.1447579, 28.1633565, 0.0 ], [ 73.1447348, 28.1633562, 0.0 ], [ 73.14474, 28.1630529, 0.0 ] ], [ [ 73.1447906, 28.1633654, 0.0 ], [ 73.1448137, 28.1633657, 0.0 ], [ 73.1448085, 28.163669, 0.0 ], [ 73.1447854, 28.1636687, 0.0 ], [ 73.1447906, 28.1633654, 0.0 ] ], [ [ 73.1447346, 28.1633646, 0.0 ], [ 73.1447577, 28.1633649, 0.0 ], [ 73.1447525, 28.1636682, 0.0 ], [ 73.1447294, 28.1636679, 0.0 ], [ 73.1447346, 28.1633646, 0.0 ] ], [ [ 73.1448387, 28.1605758, 0.0 ], [ 73.1448618, 28.1605762, 0.0 ], [ 73.1448566, 28.1608794, 0.0 ], [ 73.1448335, 28.1608791, 0.0 ], [ 73.1448387, 28.1605758, 0.0 ] ], [ [ 73.1447827, 28.1605751, 0.0 ], [ 73.1448059, 28.1605754, 0.0 ], [ 73.1448006, 28.1608787, 0.0 ], [ 73.1447775, 28.1608784, 0.0 ], [ 73.1447827, 28.1605751, 0.0 ] ], [ [ 73.1448333, 28.1608875, 0.0 ], [ 73.1448565, 28.1608878, 0.0 ], [ 73.1448512, 28.1611911, 0.0 ], [ 73.1448281, 28.1611908, 0.0 ], [ 73.1448333, 28.1608875, 0.0 ] ], [ [ 73.1447773, 28.1608868, 0.0 ], [ 73.1448005, 28.1608871, 0.0 ], [ 73.1447952, 28.1611904, 0.0 ], [ 73.1447721, 28.16119, 0.0 ], [ 73.1447773, 28.1608868, 0.0 ] ], [ [ 73.144684, 28.1630522, 0.0 ], [ 73.1447071, 28.1630525, 0.0 ], [ 73.1447019, 28.1633558, 0.0 ], [ 73.1446788, 28.1633555, 0.0 ], [ 73.144684, 28.1630522, 0.0 ] ], [ [ 73.144628, 28.1630514, 0.0 ], [ 73.1446511, 28.1630517, 0.0 ], [ 73.1446459, 28.163355, 0.0 ], [ 73.1446228, 28.1633547, 0.0 ], [ 73.144628, 28.1630514, 0.0 ] ], [ [ 73.1446786, 28.1633639, 0.0 ], [ 73.1447017, 28.1633642, 0.0 ], [ 73.1446965, 28.1636675, 0.0 ], [ 73.1446734, 28.1636671, 0.0 ], [ 73.1446786, 28.1633639, 0.0 ] ], [ [ 73.1446226, 28.1633631, 0.0 ], [ 73.1446457, 28.1633634, 0.0 ], [ 73.1446405, 28.1636667, 0.0 ], [ 73.1446174, 28.1636664, 0.0 ], [ 73.1446226, 28.1633631, 0.0 ] ], [ [ 73.1446947, 28.1624327, 0.0 ], [ 73.1447178, 28.162433, 0.0 ], [ 73.1447126, 28.1627363, 0.0 ], [ 73.1446894, 28.162736, 0.0 ], [ 73.1446947, 28.1624327, 0.0 ] ], [ [ 73.1446387, 28.162432, 0.0 ], [ 73.1446618, 28.1624323, 0.0 ], [ 73.1446566, 28.1627355, 0.0 ], [ 73.1446335, 28.1627352, 0.0 ], [ 73.1446387, 28.162432, 0.0 ] ], [ [ 73.1446893, 28.1627444, 0.0 ], [ 73.1447124, 28.1627447, 0.0 ], [ 73.1447072, 28.163048, 0.0 ], [ 73.1446841, 28.1630477, 0.0 ], [ 73.1446893, 28.1627444, 0.0 ] ], [ [ 73.1446333, 28.1627436, 0.0 ], [ 73.1446564, 28.162744, 0.0 ], [ 73.1446512, 28.1630472, 0.0 ], [ 73.1446281, 28.1630469, 0.0 ], [ 73.1446333, 28.1627436, 0.0 ] ], [ [ 73.1447267, 28.1605743, 0.0 ], [ 73.1447499, 28.1605746, 0.0 ], [ 73.1447446, 28.1608779, 0.0 ], [ 73.1447215, 28.1608776, 0.0 ], [ 73.1447267, 28.1605743, 0.0 ] ], [ [ 73.1446707, 28.1605736, 0.0 ], [ 73.1446939, 28.1605739, 0.0 ], [ 73.1446886, 28.1608771, 0.0 ], [ 73.1446655, 28.1608768, 0.0 ], [ 73.1446707, 28.1605736, 0.0 ] ], [ [ 73.1447214, 28.160886, 0.0 ], [ 73.1447445, 28.1608863, 0.0 ], [ 73.1447393, 28.1611896, 0.0 ], [ 73.1447161, 28.1611893, 0.0 ], [ 73.1447214, 28.160886, 0.0 ] ], [ [ 73.1446654, 28.1608853, 0.0 ], [ 73.1446885, 28.1608856, 0.0 ], [ 73.1446833, 28.1611888, 0.0 ], [ 73.1446601, 28.1611885, 0.0 ], [ 73.1446654, 28.1608853, 0.0 ] ], [ [ 73.144572, 28.1630507, 0.0 ], [ 73.1445951, 28.163051, 0.0 ], [ 73.1445899, 28.1633542, 0.0 ], [ 73.1445668, 28.1633539, 0.0 ], [ 73.144572, 28.1630507, 0.0 ] ], [ [ 73.144516, 28.1630499, 0.0 ], [ 73.1445391, 28.1630502, 0.0 ], [ 73.1445339, 28.1633535, 0.0 ], [ 73.1445108, 28.1633532, 0.0 ], [ 73.144516, 28.1630499, 0.0 ] ], [ [ 73.1445666, 28.1633624, 0.0 ], [ 73.1445898, 28.1633627, 0.0 ], [ 73.1445845, 28.1636659, 0.0 ], [ 73.1445614, 28.1636656, 0.0 ], [ 73.1445666, 28.1633624, 0.0 ] ], [ [ 73.1445106, 28.1633616, 0.0 ], [ 73.1445338, 28.1633619, 0.0 ], [ 73.1445285, 28.1636652, 0.0 ], [ 73.1445054, 28.1636649, 0.0 ], [ 73.1445106, 28.1633616, 0.0 ] ], [ [ 73.1445827, 28.1624312, 0.0 ], [ 73.1446058, 28.1624315, 0.0 ], [ 73.1446006, 28.1627348, 0.0 ], [ 73.1445775, 28.1627345, 0.0 ], [ 73.1445827, 28.1624312, 0.0 ] ], [ [ 73.1445267, 28.1624304, 0.0 ], [ 73.1445498, 28.1624308, 0.0 ], [ 73.1445446, 28.162734, 0.0 ], [ 73.1445215, 28.1627337, 0.0 ], [ 73.1445267, 28.1624304, 0.0 ] ], [ [ 73.1445773, 28.1627429, 0.0 ], [ 73.1446004, 28.1627432, 0.0 ], [ 73.1445952, 28.1630465, 0.0 ], [ 73.1445721, 28.1630462, 0.0 ], [ 73.1445773, 28.1627429, 0.0 ] ], [ [ 73.1445213, 28.1627421, 0.0 ], [ 73.1445444, 28.1627424, 0.0 ], [ 73.1445392, 28.1630457, 0.0 ], [ 73.1445161, 28.1630454, 0.0 ], [ 73.1445213, 28.1627421, 0.0 ] ], [ [ 73.1445934, 28.1618117, 0.0 ], [ 73.1446165, 28.1618121, 0.0 ], [ 73.1446113, 28.1621153, 0.0 ], [ 73.1445881, 28.162115, 0.0 ], [ 73.1445934, 28.1618117, 0.0 ] ], [ [ 73.1445374, 28.161811, 0.0 ], [ 73.1445605, 28.1618113, 0.0 ], [ 73.1445553, 28.1621146, 0.0 ], [ 73.1445322, 28.1621142, 0.0 ], [ 73.1445374, 28.161811, 0.0 ] ], [ [ 73.144588, 28.1621234, 0.0 ], [ 73.1446111, 28.1621237, 0.0 ], [ 73.1446059, 28.162427, 0.0 ], [ 73.1445828, 28.1624267, 0.0 ], [ 73.144588, 28.1621234, 0.0 ] ], [ [ 73.144532, 28.1621227, 0.0 ], [ 73.1445551, 28.162123, 0.0 ], [ 73.1445499, 28.1624262, 0.0 ], [ 73.1445268, 28.1624259, 0.0 ], [ 73.144532, 28.1621227, 0.0 ] ], [ [ 73.1446041, 28.1611923, 0.0 ], [ 73.1446272, 28.1611926, 0.0 ], [ 73.144622, 28.1614959, 0.0 ], [ 73.1445988, 28.1614955, 0.0 ], [ 73.1446041, 28.1611923, 0.0 ] ], [ [ 73.1445481, 28.1611915, 0.0 ], [ 73.1445712, 28.1611918, 0.0 ], [ 73.144566, 28.1614951, 0.0 ], [ 73.1445428, 28.1614948, 0.0 ], [ 73.1445481, 28.1611915, 0.0 ] ], [ [ 73.1445987, 28.161504, 0.0 ], [ 73.1446218, 28.1615043, 0.0 ], [ 73.1446166, 28.1618075, 0.0 ], [ 73.1445935, 28.1618072, 0.0 ], [ 73.1445987, 28.161504, 0.0 ] ], [ [ 73.1445427, 28.1615032, 0.0 ], [ 73.1445658, 28.1615035, 0.0 ], [ 73.1445606, 28.1618068, 0.0 ], [ 73.1445375, 28.1618065, 0.0 ], [ 73.1445427, 28.1615032, 0.0 ] ], [ [ 73.1446147, 28.1605728, 0.0 ], [ 73.1446379, 28.1605731, 0.0 ], [ 73.1446326, 28.1608764, 0.0 ], [ 73.1446095, 28.1608761, 0.0 ], [ 73.1446147, 28.1605728, 0.0 ] ], [ [ 73.1445588, 28.1605721, 0.0 ], [ 73.1445819, 28.1605724, 0.0 ], [ 73.1445767, 28.1608756, 0.0 ], [ 73.1445535, 28.1608753, 0.0 ], [ 73.1445588, 28.1605721, 0.0 ] ], [ [ 73.1446094, 28.1608845, 0.0 ], [ 73.1446325, 28.1608848, 0.0 ], [ 73.1446273, 28.1611881, 0.0 ], [ 73.1446041, 28.1611878, 0.0 ], [ 73.1446094, 28.1608845, 0.0 ] ], [ [ 73.1445534, 28.1608837, 0.0 ], [ 73.1445765, 28.1608841, 0.0 ], [ 73.1445713, 28.1611873, 0.0 ], [ 73.1445481, 28.161187, 0.0 ], [ 73.1445534, 28.1608837, 0.0 ] ], [ [ 73.1397516, 28.1632759, 0.0 ], [ 73.1397747, 28.1632762, 0.0 ], [ 73.1397694, 28.1635795, 0.0 ], [ 73.1397463, 28.1635792, 0.0 ], [ 73.1397516, 28.1632759, 0.0 ] ], [ [ 73.1396956, 28.1632751, 0.0 ], [ 73.1397187, 28.1632754, 0.0 ], [ 73.1397134, 28.1635787, 0.0 ], [ 73.1396903, 28.1635784, 0.0 ], [ 73.1396956, 28.1632751, 0.0 ] ], [ [ 73.1397462, 28.1635876, 0.0 ], [ 73.1397693, 28.1635879, 0.0 ], [ 73.139764, 28.1638912, 0.0 ], [ 73.1397409, 28.1638908, 0.0 ], [ 73.1397462, 28.1635876, 0.0 ] ], [ [ 73.1396902, 28.1635868, 0.0 ], [ 73.1397133, 28.1635871, 0.0 ], [ 73.139708, 28.1638904, 0.0 ], [ 73.1396849, 28.1638901, 0.0 ], [ 73.1396902, 28.1635868, 0.0 ] ], [ [ 73.1403062, 28.1635876, 0.0 ], [ 73.1403294, 28.1635879, 0.0 ], [ 73.1403241, 28.1638912, 0.0 ], [ 73.140301, 28.1638909, 0.0 ], [ 73.1403062, 28.1635876, 0.0 ] ], [ [ 73.1402502, 28.1635869, 0.0 ], [ 73.1402734, 28.1635872, 0.0 ], [ 73.1402681, 28.1638904, 0.0 ], [ 73.140245, 28.1638901, 0.0 ], [ 73.1402502, 28.1635869, 0.0 ] ], [ [ 73.1403008, 28.1638993, 0.0 ], [ 73.140324, 28.1638996, 0.0 ], [ 73.1403187, 28.1642029, 0.0 ], [ 73.1402956, 28.1642026, 0.0 ], [ 73.1403008, 28.1638993, 0.0 ] ], [ [ 73.1402448, 28.1638986, 0.0 ], [ 73.140268, 28.1638989, 0.0 ], [ 73.1402627, 28.1642021, 0.0 ], [ 73.1402396, 28.1642018, 0.0 ], [ 73.1402448, 28.1638986, 0.0 ] ], [ [ 73.1401942, 28.1635861, 0.0 ], [ 73.1402174, 28.1635864, 0.0 ], [ 73.1402121, 28.1638897, 0.0 ], [ 73.140189, 28.1638894, 0.0 ], [ 73.1401942, 28.1635861, 0.0 ] ], [ [ 73.1401382, 28.1635853, 0.0 ], [ 73.1401614, 28.1635857, 0.0 ], [ 73.1401561, 28.1638889, 0.0 ], [ 73.140133, 28.1638886, 0.0 ], [ 73.1401382, 28.1635853, 0.0 ] ], [ [ 73.1401888, 28.1638978, 0.0 ], [ 73.140212, 28.1638981, 0.0 ], [ 73.1402067, 28.1642014, 0.0 ], [ 73.1401836, 28.1642011, 0.0 ], [ 73.1401888, 28.1638978, 0.0 ] ], [ [ 73.1401329, 28.163897, 0.0 ], [ 73.140156, 28.1638973, 0.0 ], [ 73.1401507, 28.1642006, 0.0 ], [ 73.1401276, 28.1642003, 0.0 ], [ 73.1401329, 28.163897, 0.0 ] ], [ [ 73.1400823, 28.1635846, 0.0 ], [ 73.1401054, 28.1635849, 0.0 ], [ 73.1401001, 28.1638882, 0.0 ], [ 73.140077, 28.1638879, 0.0 ], [ 73.1400823, 28.1635846, 0.0 ] ], [ [ 73.1400263, 28.1635838, 0.0 ], [ 73.1400494, 28.1635841, 0.0 ], [ 73.1400441, 28.1638874, 0.0 ], [ 73.140021, 28.1638871, 0.0 ], [ 73.1400263, 28.1635838, 0.0 ] ], [ [ 73.1400769, 28.1638963, 0.0 ], [ 73.1401, 28.1638966, 0.0 ], [ 73.1400947, 28.1641999, 0.0 ], [ 73.1400716, 28.1641995, 0.0 ], [ 73.1400769, 28.1638963, 0.0 ] ], [ [ 73.1400209, 28.1638955, 0.0 ], [ 73.140044, 28.1638958, 0.0 ], [ 73.1400388, 28.1641991, 0.0 ], [ 73.1400156, 28.1641988, 0.0 ], [ 73.1400209, 28.1638955, 0.0 ] ], [ [ 73.1399703, 28.1635831, 0.0 ], [ 73.1399934, 28.1635834, 0.0 ], [ 73.1399881, 28.1638866, 0.0 ], [ 73.139965, 28.1638863, 0.0 ], [ 73.1399703, 28.1635831, 0.0 ] ], [ [ 73.1399143, 28.1635823, 0.0 ], [ 73.1399374, 28.1635826, 0.0 ], [ 73.1399322, 28.1638859, 0.0 ], [ 73.139909, 28.1638856, 0.0 ], [ 73.1399143, 28.1635823, 0.0 ] ], [ [ 73.1399649, 28.1638947, 0.0 ], [ 73.139988, 28.1638951, 0.0 ], [ 73.1399828, 28.1641983, 0.0 ], [ 73.1399596, 28.164198, 0.0 ], [ 73.1399649, 28.1638947, 0.0 ] ], [ [ 73.1399089, 28.163894, 0.0 ], [ 73.139932, 28.1638943, 0.0 ], [ 73.1399268, 28.1641976, 0.0 ], [ 73.1399036, 28.1641973, 0.0 ], [ 73.1399089, 28.163894, 0.0 ] ], [ [ 73.1404223, 28.163355, 0.0 ], [ 73.1404454, 28.1633554, 0.0 ], [ 73.1404401, 28.1636586, 0.0 ], [ 73.140417, 28.1636583, 0.0 ], [ 73.1404223, 28.163355, 0.0 ] ], [ [ 73.1403663, 28.1633543, 0.0 ], [ 73.1403894, 28.1633546, 0.0 ], [ 73.1403842, 28.1636579, 0.0 ], [ 73.140361, 28.1636576, 0.0 ], [ 73.1403663, 28.1633543, 0.0 ] ], [ [ 73.1404169, 28.1636667, 0.0 ], [ 73.14044, 28.163667, 0.0 ], [ 73.1404348, 28.1639703, 0.0 ], [ 73.1404116, 28.16397, 0.0 ], [ 73.1404169, 28.1636667, 0.0 ] ], [ [ 73.1403609, 28.163666, 0.0 ], [ 73.140384, 28.1636663, 0.0 ], [ 73.1403788, 28.1639695, 0.0 ], [ 73.1403556, 28.1639692, 0.0 ], [ 73.1403609, 28.163666, 0.0 ] ], [ [ 73.1403169, 28.1629682, 0.0 ], [ 73.1403401, 28.1629685, 0.0 ], [ 73.1403348, 28.1632717, 0.0 ], [ 73.1403117, 28.1632714, 0.0 ], [ 73.1403169, 28.1629682, 0.0 ] ], [ [ 73.1402609, 28.1629674, 0.0 ], [ 73.1402841, 28.1629677, 0.0 ], [ 73.1402788, 28.163271, 0.0 ], [ 73.1402557, 28.1632707, 0.0 ], [ 73.1402609, 28.1629674, 0.0 ] ], [ [ 73.1403115, 28.1632798, 0.0 ], [ 73.1403347, 28.1632802, 0.0 ], [ 73.1403294, 28.1635834, 0.0 ], [ 73.1403063, 28.1635831, 0.0 ], [ 73.1403115, 28.1632798, 0.0 ] ], [ [ 73.1402556, 28.1632791, 0.0 ], [ 73.1402787, 28.1632794, 0.0 ], [ 73.1402734, 28.1635827, 0.0 ], [ 73.1402503, 28.1635824, 0.0 ], [ 73.1402556, 28.1632791, 0.0 ] ], [ [ 73.140205, 28.1629666, 0.0 ], [ 73.1402281, 28.162967, 0.0 ], [ 73.1402228, 28.1632702, 0.0 ], [ 73.1401997, 28.1632699, 0.0 ], [ 73.140205, 28.1629666, 0.0 ] ], [ [ 73.140149, 28.1629659, 0.0 ], [ 73.1401721, 28.1629662, 0.0 ], [ 73.1401668, 28.1632695, 0.0 ], [ 73.1401437, 28.1632692, 0.0 ], [ 73.140149, 28.1629659, 0.0 ] ], [ [ 73.1401996, 28.1632783, 0.0 ], [ 73.1402227, 28.1632786, 0.0 ], [ 73.1402174, 28.1635819, 0.0 ], [ 73.1401943, 28.1635816, 0.0 ], [ 73.1401996, 28.1632783, 0.0 ] ], [ [ 73.1401436, 28.1632776, 0.0 ], [ 73.1401667, 28.1632779, 0.0 ], [ 73.1401615, 28.1635811, 0.0 ], [ 73.1401383, 28.1635808, 0.0 ], [ 73.1401436, 28.1632776, 0.0 ] ], [ [ 73.140093, 28.1629651, 0.0 ], [ 73.1401161, 28.1629654, 0.0 ], [ 73.1401108, 28.1632687, 0.0 ], [ 73.1400877, 28.1632684, 0.0 ], [ 73.140093, 28.1629651, 0.0 ] ], [ [ 73.140037, 28.1629644, 0.0 ], [ 73.1400601, 28.1629647, 0.0 ], [ 73.1400549, 28.1632679, 0.0 ], [ 73.1400317, 28.1632676, 0.0 ], [ 73.140037, 28.1629644, 0.0 ] ], [ [ 73.1400876, 28.1632768, 0.0 ], [ 73.1401107, 28.1632771, 0.0 ], [ 73.1401055, 28.1635804, 0.0 ], [ 73.1400823, 28.1635801, 0.0 ], [ 73.1400876, 28.1632768, 0.0 ] ], [ [ 73.1400316, 28.163276, 0.0 ], [ 73.1400547, 28.1632764, 0.0 ], [ 73.1400495, 28.1635796, 0.0 ], [ 73.1400263, 28.1635793, 0.0 ], [ 73.1400316, 28.163276, 0.0 ] ], [ [ 73.139981, 28.1629636, 0.0 ], [ 73.1400041, 28.1629639, 0.0 ], [ 73.1399989, 28.1632672, 0.0 ], [ 73.1399757, 28.1632669, 0.0 ], [ 73.139981, 28.1629636, 0.0 ] ], [ [ 73.139925, 28.1629628, 0.0 ], [ 73.1399481, 28.1629632, 0.0 ], [ 73.1399429, 28.1632664, 0.0 ], [ 73.1399197, 28.1632661, 0.0 ], [ 73.139925, 28.1629628, 0.0 ] ], [ [ 73.1399756, 28.1632753, 0.0 ], [ 73.1399987, 28.1632756, 0.0 ], [ 73.1399935, 28.1635789, 0.0 ], [ 73.1399703, 28.1635786, 0.0 ], [ 73.1399756, 28.1632753, 0.0 ] ], [ [ 73.1399196, 28.1632745, 0.0 ], [ 73.1399427, 28.1632748, 0.0 ], [ 73.1399375, 28.1635781, 0.0 ], [ 73.1399143, 28.1635778, 0.0 ], [ 73.1399196, 28.1632745, 0.0 ] ], [ [ 73.140433, 28.1627356, 0.0 ], [ 73.1404561, 28.1627359, 0.0 ], [ 73.1404509, 28.1630392, 0.0 ], [ 73.1404277, 28.1630388, 0.0 ], [ 73.140433, 28.1627356, 0.0 ] ], [ [ 73.140377, 28.1627348, 0.0 ], [ 73.1404001, 28.1627351, 0.0 ], [ 73.1403949, 28.1630384, 0.0 ], [ 73.1403717, 28.1630381, 0.0 ], [ 73.140377, 28.1627348, 0.0 ] ], [ [ 73.1404276, 28.1630473, 0.0 ], [ 73.1404507, 28.1630476, 0.0 ], [ 73.1404455, 28.1633508, 0.0 ], [ 73.1404223, 28.1633505, 0.0 ], [ 73.1404276, 28.1630473, 0.0 ] ], [ [ 73.1403716, 28.1630465, 0.0 ], [ 73.1403947, 28.1630468, 0.0 ], [ 73.1403895, 28.1633501, 0.0 ], [ 73.1403663, 28.1633498, 0.0 ], [ 73.1403716, 28.1630465, 0.0 ] ], [ [ 73.1405235, 28.163976, 0.0 ], [ 73.1405467, 28.1639763, 0.0 ], [ 73.1405414, 28.1642796, 0.0 ], [ 73.1405183, 28.1642793, 0.0 ], [ 73.1405235, 28.163976, 0.0 ] ], [ [ 73.1404675, 28.1639753, 0.0 ], [ 73.1404907, 28.1639756, 0.0 ], [ 73.1404854, 28.1642788, 0.0 ], [ 73.1404623, 28.1642785, 0.0 ], [ 73.1404675, 28.1639753, 0.0 ] ], [ [ 73.1405181, 28.1642877, 0.0 ], [ 73.1405413, 28.164288, 0.0 ], [ 73.140536, 28.1645913, 0.0 ], [ 73.1405129, 28.164591, 0.0 ], [ 73.1405181, 28.1642877, 0.0 ] ], [ [ 73.1404622, 28.164287, 0.0 ], [ 73.1404853, 28.1642873, 0.0 ], [ 73.14048, 28.1645905, 0.0 ], [ 73.1404569, 28.1645902, 0.0 ], [ 73.1404622, 28.164287, 0.0 ] ], [ [ 73.1405342, 28.1633566, 0.0 ], [ 73.1405574, 28.1633569, 0.0 ], [ 73.1405521, 28.1636601, 0.0 ], [ 73.140529, 28.1636598, 0.0 ], [ 73.1405342, 28.1633566, 0.0 ] ], [ [ 73.1404783, 28.1633558, 0.0 ], [ 73.1405014, 28.1633561, 0.0 ], [ 73.1404961, 28.1636594, 0.0 ], [ 73.140473, 28.1636591, 0.0 ], [ 73.1404783, 28.1633558, 0.0 ] ], [ [ 73.1405289, 28.1636682, 0.0 ], [ 73.140552, 28.1636686, 0.0 ], [ 73.1405467, 28.1639718, 0.0 ], [ 73.1405236, 28.1639715, 0.0 ], [ 73.1405289, 28.1636682, 0.0 ] ], [ [ 73.1404729, 28.1636675, 0.0 ], [ 73.140496, 28.1636678, 0.0 ], [ 73.1404908, 28.1639711, 0.0 ], [ 73.1404676, 28.1639708, 0.0 ], [ 73.1404729, 28.1636675, 0.0 ] ], [ [ 73.140545, 28.1627371, 0.0 ], [ 73.1405681, 28.1627374, 0.0 ], [ 73.1405628, 28.1630407, 0.0 ], [ 73.1405397, 28.1630404, 0.0 ], [ 73.140545, 28.1627371, 0.0 ] ], [ [ 73.140489, 28.1627363, 0.0 ], [ 73.1405121, 28.1627367, 0.0 ], [ 73.1405069, 28.1630399, 0.0 ], [ 73.1404837, 28.1630396, 0.0 ], [ 73.140489, 28.1627363, 0.0 ] ], [ [ 73.1405396, 28.1630488, 0.0 ], [ 73.1405627, 28.1630491, 0.0 ], [ 73.1405575, 28.1633524, 0.0 ], [ 73.1405343, 28.1633521, 0.0 ], [ 73.1405396, 28.1630488, 0.0 ] ], [ [ 73.1404836, 28.163048, 0.0 ], [ 73.1405067, 28.1630483, 0.0 ], [ 73.1405015, 28.1633516, 0.0 ], [ 73.1404783, 28.1633513, 0.0 ], [ 73.1404836, 28.163048, 0.0 ] ], [ [ 73.1406355, 28.1639775, 0.0 ], [ 73.1406587, 28.1639779, 0.0 ], [ 73.1406534, 28.1642811, 0.0 ], [ 73.1406303, 28.1642808, 0.0 ], [ 73.1406355, 28.1639775, 0.0 ] ], [ [ 73.1405795, 28.1639768, 0.0 ], [ 73.1406027, 28.1639771, 0.0 ], [ 73.1405974, 28.1642804, 0.0 ], [ 73.1405743, 28.1642801, 0.0 ], [ 73.1405795, 28.1639768, 0.0 ] ], [ [ 73.1406301, 28.1642892, 0.0 ], [ 73.1406533, 28.1642895, 0.0 ], [ 73.140648, 28.1645928, 0.0 ], [ 73.1406249, 28.1645925, 0.0 ], [ 73.1406301, 28.1642892, 0.0 ] ], [ [ 73.1405741, 28.1642885, 0.0 ], [ 73.1405973, 28.1642888, 0.0 ], [ 73.140592, 28.1645921, 0.0 ], [ 73.1405689, 28.1645917, 0.0 ], [ 73.1405741, 28.1642885, 0.0 ] ], [ [ 73.1406462, 28.1633581, 0.0 ], [ 73.1406694, 28.1633584, 0.0 ], [ 73.1406641, 28.1636617, 0.0 ], [ 73.140641, 28.1636614, 0.0 ], [ 73.1406462, 28.1633581, 0.0 ] ], [ [ 73.1405902, 28.1633573, 0.0 ], [ 73.1406134, 28.1633576, 0.0 ], [ 73.1406081, 28.1636609, 0.0 ], [ 73.140585, 28.1636606, 0.0 ], [ 73.1405902, 28.1633573, 0.0 ] ], [ [ 73.1406408, 28.1636698, 0.0 ], [ 73.140664, 28.1636701, 0.0 ], [ 73.1406587, 28.1639734, 0.0 ], [ 73.1406356, 28.163973, 0.0 ], [ 73.1406408, 28.1636698, 0.0 ] ], [ [ 73.1405849, 28.163669, 0.0 ], [ 73.140608, 28.1636693, 0.0 ], [ 73.1406027, 28.1639726, 0.0 ], [ 73.1405796, 28.1639723, 0.0 ], [ 73.1405849, 28.163669, 0.0 ] ], [ [ 73.1406569, 28.1627386, 0.0 ], [ 73.1406801, 28.1627389, 0.0 ], [ 73.1406748, 28.1630422, 0.0 ], [ 73.1406517, 28.1630419, 0.0 ], [ 73.1406569, 28.1627386, 0.0 ] ], [ [ 73.140601, 28.1627379, 0.0 ], [ 73.1406241, 28.1627382, 0.0 ], [ 73.1406188, 28.1630414, 0.0 ], [ 73.1405957, 28.1630411, 0.0 ], [ 73.140601, 28.1627379, 0.0 ] ], [ [ 73.1406516, 28.1630503, 0.0 ], [ 73.1406747, 28.1630506, 0.0 ], [ 73.1406694, 28.1633539, 0.0 ], [ 73.1406463, 28.1633536, 0.0 ], [ 73.1406516, 28.1630503, 0.0 ] ], [ [ 73.1405956, 28.1630495, 0.0 ], [ 73.1406187, 28.1630499, 0.0 ], [ 73.1406134, 28.1633531, 0.0 ], [ 73.1405903, 28.1633528, 0.0 ], [ 73.1405956, 28.1630495, 0.0 ] ], [ [ 73.1407537, 28.1636185, 0.0 ], [ 73.1407769, 28.1636188, 0.0 ], [ 73.1407716, 28.1639221, 0.0 ], [ 73.1407485, 28.1639218, 0.0 ], [ 73.1407537, 28.1636185, 0.0 ] ], [ [ 73.1406978, 28.1636177, 0.0 ], [ 73.1407209, 28.163618, 0.0 ], [ 73.1407156, 28.1639213, 0.0 ], [ 73.1406925, 28.163921, 0.0 ], [ 73.1406978, 28.1636177, 0.0 ] ], [ [ 73.1407484, 28.1639302, 0.0 ], [ 73.1407715, 28.1639305, 0.0 ], [ 73.1407662, 28.1642337, 0.0 ], [ 73.1407431, 28.1642334, 0.0 ], [ 73.1407484, 28.1639302, 0.0 ] ], [ [ 73.1406924, 28.1639294, 0.0 ], [ 73.1407155, 28.1639297, 0.0 ], [ 73.1407103, 28.164233, 0.0 ], [ 73.1406871, 28.1642327, 0.0 ], [ 73.1406924, 28.1639294, 0.0 ] ], [ [ 73.1407645, 28.162999, 0.0 ], [ 73.1407876, 28.1629993, 0.0 ], [ 73.1407823, 28.1633026, 0.0 ], [ 73.1407592, 28.1633023, 0.0 ], [ 73.1407645, 28.162999, 0.0 ] ], [ [ 73.1407085, 28.1629983, 0.0 ], [ 73.1407316, 28.1629986, 0.0 ], [ 73.1407263, 28.1633018, 0.0 ], [ 73.1407032, 28.1633015, 0.0 ], [ 73.1407085, 28.1629983, 0.0 ] ], [ [ 73.1407591, 28.1633107, 0.0 ], [ 73.1407822, 28.163311, 0.0 ], [ 73.140777, 28.1636143, 0.0 ], [ 73.1407538, 28.163614, 0.0 ], [ 73.1407591, 28.1633107, 0.0 ] ], [ [ 73.1407031, 28.1633099, 0.0 ], [ 73.1407262, 28.1633103, 0.0 ], [ 73.140721, 28.1636135, 0.0 ], [ 73.1406978, 28.1636132, 0.0 ], [ 73.1407031, 28.1633099, 0.0 ] ], [ [ 73.1407752, 28.1623796, 0.0 ], [ 73.1407983, 28.1623799, 0.0 ], [ 73.1407931, 28.1626831, 0.0 ], [ 73.1407699, 28.1626828, 0.0 ], [ 73.1407752, 28.1623796, 0.0 ] ], [ [ 73.1407192, 28.1623788, 0.0 ], [ 73.1407423, 28.1623791, 0.0 ], [ 73.1407371, 28.1626824, 0.0 ], [ 73.1407139, 28.1626821, 0.0 ], [ 73.1407192, 28.1623788, 0.0 ] ], [ [ 73.1407698, 28.1626912, 0.0 ], [ 73.1407929, 28.1626916, 0.0 ], [ 73.1407877, 28.1629948, 0.0 ], [ 73.1407645, 28.1629945, 0.0 ], [ 73.1407698, 28.1626912, 0.0 ] ], [ [ 73.1407138, 28.1626905, 0.0 ], [ 73.1407369, 28.1626908, 0.0 ], [ 73.1407317, 28.1629941, 0.0 ], [ 73.1407085, 28.1629937, 0.0 ], [ 73.1407138, 28.1626905, 0.0 ] ], [ [ 73.140855, 28.1642395, 0.0 ], [ 73.1408782, 28.1642398, 0.0 ], [ 73.1408729, 28.164543, 0.0 ], [ 73.1408498, 28.1645427, 0.0 ], [ 73.140855, 28.1642395, 0.0 ] ], [ [ 73.140799, 28.1642387, 0.0 ], [ 73.1408222, 28.164239, 0.0 ], [ 73.1408169, 28.1645423, 0.0 ], [ 73.1407938, 28.164542, 0.0 ], [ 73.140799, 28.1642387, 0.0 ] ], [ [ 73.1408496, 28.1645512, 0.0 ], [ 73.1408728, 28.1645515, 0.0 ], [ 73.1408675, 28.1648547, 0.0 ], [ 73.1408444, 28.1648544, 0.0 ], [ 73.1408496, 28.1645512, 0.0 ] ], [ [ 73.1407936, 28.1645504, 0.0 ], [ 73.1408168, 28.1645507, 0.0 ], [ 73.1408115, 28.164854, 0.0 ], [ 73.1407884, 28.1648537, 0.0 ], [ 73.1407936, 28.1645504, 0.0 ] ], [ [ 73.1408657, 28.16362, 0.0 ], [ 73.1408889, 28.1636203, 0.0 ], [ 73.1408836, 28.1639236, 0.0 ], [ 73.1408605, 28.1639233, 0.0 ], [ 73.1408657, 28.16362, 0.0 ] ], [ [ 73.1408097, 28.1636192, 0.0 ], [ 73.1408329, 28.1636196, 0.0 ], [ 73.1408276, 28.1639228, 0.0 ], [ 73.1408045, 28.1639225, 0.0 ], [ 73.1408097, 28.1636192, 0.0 ] ], [ [ 73.1408603, 28.1639317, 0.0 ], [ 73.1408835, 28.163932, 0.0 ], [ 73.1408782, 28.1642353, 0.0 ], [ 73.1408551, 28.164235, 0.0 ], [ 73.1408603, 28.1639317, 0.0 ] ], [ [ 73.1408044, 28.1639309, 0.0 ], [ 73.1408275, 28.1639312, 0.0 ], [ 73.1408222, 28.1642345, 0.0 ], [ 73.1407991, 28.1642342, 0.0 ], [ 73.1408044, 28.1639309, 0.0 ] ], [ [ 73.1408764, 28.1630005, 0.0 ], [ 73.1408996, 28.1630009, 0.0 ], [ 73.1408943, 28.1633041, 0.0 ], [ 73.1408712, 28.1633038, 0.0 ], [ 73.1408764, 28.1630005, 0.0 ] ], [ [ 73.1408204, 28.1629998, 0.0 ], [ 73.1408436, 28.1630001, 0.0 ], [ 73.1408383, 28.1633034, 0.0 ], [ 73.1408152, 28.163303, 0.0 ], [ 73.1408204, 28.1629998, 0.0 ] ], [ [ 73.1408711, 28.1633122, 0.0 ], [ 73.1408942, 28.1633125, 0.0 ], [ 73.1408889, 28.1636158, 0.0 ], [ 73.1408658, 28.1636155, 0.0 ], [ 73.1408711, 28.1633122, 0.0 ] ], [ [ 73.1408151, 28.1633115, 0.0 ], [ 73.1408382, 28.1633118, 0.0 ], [ 73.1408329, 28.163615, 0.0 ], [ 73.1408098, 28.1636147, 0.0 ], [ 73.1408151, 28.1633115, 0.0 ] ], [ [ 73.1408871, 28.1623811, 0.0 ], [ 73.1409103, 28.1623814, 0.0 ], [ 73.140905, 28.1626847, 0.0 ], [ 73.1408819, 28.1626843, 0.0 ], [ 73.1408871, 28.1623811, 0.0 ] ], [ [ 73.1408312, 28.1623803, 0.0 ], [ 73.1408543, 28.1623806, 0.0 ], [ 73.140849, 28.1626839, 0.0 ], [ 73.1408259, 28.1626836, 0.0 ], [ 73.1408312, 28.1623803, 0.0 ] ], [ [ 73.1408818, 28.1626928, 0.0 ], [ 73.1409049, 28.1626931, 0.0 ], [ 73.1408996, 28.1629963, 0.0 ], [ 73.1408765, 28.162996, 0.0 ], [ 73.1408818, 28.1626928, 0.0 ] ], [ [ 73.1408258, 28.162692, 0.0 ], [ 73.1408489, 28.1626923, 0.0 ], [ 73.1408437, 28.1629956, 0.0 ], [ 73.1408205, 28.1629953, 0.0 ], [ 73.1408258, 28.162692, 0.0 ] ], [ [ 73.1408979, 28.1617616, 0.0 ], [ 73.140921, 28.1617619, 0.0 ], [ 73.1409157, 28.1620652, 0.0 ], [ 73.1408926, 28.1620649, 0.0 ], [ 73.1408979, 28.1617616, 0.0 ] ], [ [ 73.1408419, 28.1617609, 0.0 ], [ 73.140865, 28.1617612, 0.0 ], [ 73.1408598, 28.1620644, 0.0 ], [ 73.1408366, 28.1620641, 0.0 ], [ 73.1408419, 28.1617609, 0.0 ] ], [ [ 73.1408925, 28.1620733, 0.0 ], [ 73.1409156, 28.1620736, 0.0 ], [ 73.1409104, 28.1623769, 0.0 ], [ 73.1408872, 28.1623766, 0.0 ], [ 73.1408925, 28.1620733, 0.0 ] ], [ [ 73.1408365, 28.1620725, 0.0 ], [ 73.1408596, 28.1620729, 0.0 ], [ 73.1408544, 28.1623761, 0.0 ], [ 73.1408312, 28.1623758, 0.0 ], [ 73.1408365, 28.1620725, 0.0 ] ], [ [ 73.140967, 28.164241, 0.0 ], [ 73.1409901, 28.1642413, 0.0 ], [ 73.1409849, 28.1645446, 0.0 ], [ 73.1409618, 28.1645443, 0.0 ], [ 73.140967, 28.164241, 0.0 ] ], [ [ 73.140911, 28.1642402, 0.0 ], [ 73.1409341, 28.1642405, 0.0 ], [ 73.1409289, 28.1645438, 0.0 ], [ 73.1409058, 28.1645435, 0.0 ], [ 73.140911, 28.1642402, 0.0 ] ], [ [ 73.1409616, 28.1645527, 0.0 ], [ 73.1409848, 28.164553, 0.0 ], [ 73.1409795, 28.1648563, 0.0 ], [ 73.1409564, 28.1648559, 0.0 ], [ 73.1409616, 28.1645527, 0.0 ] ], [ [ 73.1409056, 28.1645519, 0.0 ], [ 73.1409288, 28.1645522, 0.0 ], [ 73.1409235, 28.1648555, 0.0 ], [ 73.1409004, 28.1648552, 0.0 ], [ 73.1409056, 28.1645519, 0.0 ] ], [ [ 73.1409777, 28.1636215, 0.0 ], [ 73.1410009, 28.1636218, 0.0 ], [ 73.1409956, 28.1639251, 0.0 ], [ 73.1409725, 28.1639248, 0.0 ], [ 73.1409777, 28.1636215, 0.0 ] ], [ [ 73.1409217, 28.1636208, 0.0 ], [ 73.1409449, 28.1636211, 0.0 ], [ 73.1409396, 28.1639243, 0.0 ], [ 73.1409165, 28.163924, 0.0 ], [ 73.1409217, 28.1636208, 0.0 ] ], [ [ 73.1409723, 28.1639332, 0.0 ], [ 73.1409955, 28.1639335, 0.0 ], [ 73.1409902, 28.1642368, 0.0 ], [ 73.1409671, 28.1642365, 0.0 ], [ 73.1409723, 28.1639332, 0.0 ] ], [ [ 73.1409163, 28.1639324, 0.0 ], [ 73.1409395, 28.1639328, 0.0 ], [ 73.1409342, 28.164236, 0.0 ], [ 73.1409111, 28.1642357, 0.0 ], [ 73.1409163, 28.1639324, 0.0 ] ], [ [ 73.1409884, 28.1630021, 0.0 ], [ 73.1410116, 28.1630024, 0.0 ], [ 73.1410063, 28.1633056, 0.0 ], [ 73.1409832, 28.1633053, 0.0 ], [ 73.1409884, 28.1630021, 0.0 ] ], [ [ 73.1409324, 28.1630013, 0.0 ], [ 73.1409556, 28.1630016, 0.0 ], [ 73.1409503, 28.1633049, 0.0 ], [ 73.1409272, 28.1633046, 0.0 ], [ 73.1409324, 28.1630013, 0.0 ] ], [ [ 73.140983, 28.1633137, 0.0 ], [ 73.1410062, 28.1633141, 0.0 ], [ 73.1410009, 28.1636173, 0.0 ], [ 73.1409778, 28.163617, 0.0 ], [ 73.140983, 28.1633137, 0.0 ] ], [ [ 73.140927, 28.163313, 0.0 ], [ 73.1409502, 28.1633133, 0.0 ], [ 73.1409449, 28.1636166, 0.0 ], [ 73.1409218, 28.1636163, 0.0 ], [ 73.140927, 28.163313, 0.0 ] ], [ [ 73.1409991, 28.1623826, 0.0 ], [ 73.1410223, 28.1623829, 0.0 ], [ 73.141017, 28.1626862, 0.0 ], [ 73.1409939, 28.1626859, 0.0 ], [ 73.1409991, 28.1623826, 0.0 ] ], [ [ 73.1409431, 28.1623818, 0.0 ], [ 73.1409663, 28.1623822, 0.0 ], [ 73.140961, 28.1626854, 0.0 ], [ 73.1409379, 28.1626851, 0.0 ], [ 73.1409431, 28.1623818, 0.0 ] ], [ [ 73.1409937, 28.1626943, 0.0 ], [ 73.1410169, 28.1626946, 0.0 ], [ 73.1410116, 28.1629979, 0.0 ], [ 73.1409885, 28.1629976, 0.0 ], [ 73.1409937, 28.1626943, 0.0 ] ], [ [ 73.1409378, 28.1626935, 0.0 ], [ 73.1409609, 28.1626938, 0.0 ], [ 73.1409556, 28.1629971, 0.0 ], [ 73.1409325, 28.1629968, 0.0 ], [ 73.1409378, 28.1626935, 0.0 ] ], [ [ 73.1410098, 28.1617631, 0.0 ], [ 73.141033, 28.1617635, 0.0 ], [ 73.1410277, 28.1620667, 0.0 ], [ 73.1410046, 28.1620664, 0.0 ], [ 73.1410098, 28.1617631, 0.0 ] ], [ [ 73.1409539, 28.1617624, 0.0 ], [ 73.140977, 28.1617627, 0.0 ], [ 73.1409717, 28.162066, 0.0 ], [ 73.1409486, 28.1620656, 0.0 ], [ 73.1409539, 28.1617624, 0.0 ] ], [ [ 73.1410045, 28.1620748, 0.0 ], [ 73.1410276, 28.1620751, 0.0 ], [ 73.1410223, 28.1623784, 0.0 ], [ 73.1409992, 28.1623781, 0.0 ], [ 73.1410045, 28.1620748, 0.0 ] ], [ [ 73.1409485, 28.1620741, 0.0 ], [ 73.1409716, 28.1620744, 0.0 ], [ 73.1409664, 28.1623776, 0.0 ], [ 73.1409432, 28.1623773, 0.0 ], [ 73.1409485, 28.1620741, 0.0 ] ], [ [ 73.1410206, 28.1611437, 0.0 ], [ 73.1410437, 28.161144, 0.0 ], [ 73.1410384, 28.1614473, 0.0 ], [ 73.1410153, 28.1614469, 0.0 ], [ 73.1410206, 28.1611437, 0.0 ] ], [ [ 73.1409646, 28.1611429, 0.0 ], [ 73.1409877, 28.1611432, 0.0 ], [ 73.1409824, 28.1614465, 0.0 ], [ 73.1409593, 28.1614462, 0.0 ], [ 73.1409646, 28.1611429, 0.0 ] ], [ [ 73.1410152, 28.1614554, 0.0 ], [ 73.1410383, 28.1614557, 0.0 ], [ 73.1410331, 28.1617589, 0.0 ], [ 73.1410099, 28.1617586, 0.0 ], [ 73.1410152, 28.1614554, 0.0 ] ], [ [ 73.1409592, 28.1614546, 0.0 ], [ 73.1409823, 28.1614549, 0.0 ], [ 73.1409771, 28.1617582, 0.0 ], [ 73.1409539, 28.1617579, 0.0 ], [ 73.1409592, 28.1614546, 0.0 ] ], [ [ 73.1410313, 28.1605242, 0.0 ], [ 73.1410544, 28.1605245, 0.0 ], [ 73.1410491, 28.1608278, 0.0 ], [ 73.141026, 28.1608275, 0.0 ], [ 73.1410313, 28.1605242, 0.0 ] ], [ [ 73.1409753, 28.1605234, 0.0 ], [ 73.1409984, 28.1605238, 0.0 ], [ 73.1409932, 28.160827, 0.0 ], [ 73.14097, 28.1608267, 0.0 ], [ 73.1409753, 28.1605234, 0.0 ] ], [ [ 73.1410259, 28.1608359, 0.0 ], [ 73.141049, 28.1608362, 0.0 ], [ 73.1410438, 28.1611395, 0.0 ], [ 73.1410206, 28.1611392, 0.0 ], [ 73.1410259, 28.1608359, 0.0 ] ], [ [ 73.1409699, 28.1608351, 0.0 ], [ 73.140993, 28.1608354, 0.0 ], [ 73.1409878, 28.1611387, 0.0 ], [ 73.1409646, 28.1611384, 0.0 ], [ 73.1409699, 28.1608351, 0.0 ] ], [ [ 73.141079, 28.1642425, 0.0 ], [ 73.1411021, 28.1642428, 0.0 ], [ 73.1410969, 28.1645461, 0.0 ], [ 73.1410738, 28.1645458, 0.0 ], [ 73.141079, 28.1642425, 0.0 ] ], [ [ 73.141023, 28.1642417, 0.0 ], [ 73.1410461, 28.1642421, 0.0 ], [ 73.1410409, 28.1645453, 0.0 ], [ 73.1410178, 28.164545, 0.0 ], [ 73.141023, 28.1642417, 0.0 ] ], [ [ 73.1410736, 28.1645542, 0.0 ], [ 73.1410967, 28.1645545, 0.0 ], [ 73.1410915, 28.1648578, 0.0 ], [ 73.1410684, 28.1648575, 0.0 ], [ 73.1410736, 28.1645542, 0.0 ] ], [ [ 73.1410176, 28.1645534, 0.0 ], [ 73.1410407, 28.1645537, 0.0 ], [ 73.1410355, 28.164857, 0.0 ], [ 73.1410124, 28.1648567, 0.0 ], [ 73.1410176, 28.1645534, 0.0 ] ], [ [ 73.1410897, 28.163623, 0.0 ], [ 73.1411128, 28.1636234, 0.0 ], [ 73.1411076, 28.1639266, 0.0 ], [ 73.1410845, 28.1639263, 0.0 ], [ 73.1410897, 28.163623, 0.0 ] ], [ [ 73.1410337, 28.1636223, 0.0 ], [ 73.1410568, 28.1636226, 0.0 ], [ 73.1410516, 28.1639259, 0.0 ], [ 73.1410285, 28.1639256, 0.0 ], [ 73.1410337, 28.1636223, 0.0 ] ], [ [ 73.1410843, 28.1639347, 0.0 ], [ 73.1411074, 28.163935, 0.0 ], [ 73.1411022, 28.1642383, 0.0 ], [ 73.1410791, 28.164238, 0.0 ], [ 73.1410843, 28.1639347, 0.0 ] ], [ [ 73.1410283, 28.163934, 0.0 ], [ 73.1410515, 28.1639343, 0.0 ], [ 73.1410462, 28.1642376, 0.0 ], [ 73.1410231, 28.1642372, 0.0 ], [ 73.1410283, 28.163934, 0.0 ] ], [ [ 73.1411004, 28.1630036, 0.0 ], [ 73.1411235, 28.1630039, 0.0 ], [ 73.1411183, 28.1633072, 0.0 ], [ 73.1410952, 28.1633068, 0.0 ], [ 73.1411004, 28.1630036, 0.0 ] ], [ [ 73.1410444, 28.1630028, 0.0 ], [ 73.1410676, 28.1630031, 0.0 ], [ 73.1410623, 28.1633064, 0.0 ], [ 73.1410392, 28.1633061, 0.0 ], [ 73.1410444, 28.1630028, 0.0 ] ], [ [ 73.141095, 28.1633153, 0.0 ], [ 73.1411182, 28.1633156, 0.0 ], [ 73.1411129, 28.1636188, 0.0 ], [ 73.1410898, 28.1636185, 0.0 ], [ 73.141095, 28.1633153, 0.0 ] ], [ [ 73.141039, 28.1633145, 0.0 ], [ 73.1410622, 28.1633148, 0.0 ], [ 73.1410569, 28.1636181, 0.0 ], [ 73.1410338, 28.1636178, 0.0 ], [ 73.141039, 28.1633145, 0.0 ] ], [ [ 73.1411111, 28.1623841, 0.0 ], [ 73.1411343, 28.1623844, 0.0 ], [ 73.141129, 28.1626877, 0.0 ], [ 73.1411059, 28.1626874, 0.0 ], [ 73.1411111, 28.1623841, 0.0 ] ], [ [ 73.1410551, 28.1623834, 0.0 ], [ 73.1410783, 28.1623837, 0.0 ], [ 73.141073, 28.1626869, 0.0 ], [ 73.1410499, 28.1626866, 0.0 ], [ 73.1410551, 28.1623834, 0.0 ] ], [ [ 73.1411057, 28.1626958, 0.0 ], [ 73.1411289, 28.1626961, 0.0 ], [ 73.1411236, 28.1629994, 0.0 ], [ 73.1411005, 28.1629991, 0.0 ], [ 73.1411057, 28.1626958, 0.0 ] ], [ [ 73.1410497, 28.162695, 0.0 ], [ 73.1410729, 28.1626954, 0.0 ], [ 73.1410676, 28.1629986, 0.0 ], [ 73.1410445, 28.1629983, 0.0 ], [ 73.1410497, 28.162695, 0.0 ] ], [ [ 73.1411218, 28.1617647, 0.0 ], [ 73.141145, 28.161765, 0.0 ], [ 73.1411397, 28.1620682, 0.0 ], [ 73.1411166, 28.1620679, 0.0 ], [ 73.1411218, 28.1617647, 0.0 ] ], [ [ 73.1410658, 28.1617639, 0.0 ], [ 73.141089, 28.1617642, 0.0 ], [ 73.1410837, 28.1620675, 0.0 ], [ 73.1410606, 28.1620672, 0.0 ], [ 73.1410658, 28.1617639, 0.0 ] ], [ [ 73.1411164, 28.1620763, 0.0 ], [ 73.1411396, 28.1620767, 0.0 ], [ 73.1411343, 28.1623799, 0.0 ], [ 73.1411112, 28.1623796, 0.0 ], [ 73.1411164, 28.1620763, 0.0 ] ], [ [ 73.1410604, 28.1620756, 0.0 ], [ 73.1410836, 28.1620759, 0.0 ], [ 73.1410783, 28.1623792, 0.0 ], [ 73.1410552, 28.1623788, 0.0 ], [ 73.1410604, 28.1620756, 0.0 ] ], [ [ 73.1411325, 28.1611452, 0.0 ], [ 73.1411557, 28.1611455, 0.0 ], [ 73.1411504, 28.1614488, 0.0 ], [ 73.1411273, 28.1614485, 0.0 ], [ 73.1411325, 28.1611452, 0.0 ] ], [ [ 73.1410765, 28.1611444, 0.0 ], [ 73.1410997, 28.1611447, 0.0 ], [ 73.1410944, 28.161448, 0.0 ], [ 73.1410713, 28.1614477, 0.0 ], [ 73.1410765, 28.1611444, 0.0 ] ], [ [ 73.1411271, 28.1614569, 0.0 ], [ 73.1411503, 28.1614572, 0.0 ], [ 73.141145, 28.1617605, 0.0 ], [ 73.1411219, 28.1617601, 0.0 ], [ 73.1411271, 28.1614569, 0.0 ] ], [ [ 73.1410712, 28.1614561, 0.0 ], [ 73.1410943, 28.1614564, 0.0 ], [ 73.141089, 28.1617597, 0.0 ], [ 73.1410659, 28.1617594, 0.0 ], [ 73.1410712, 28.1614561, 0.0 ] ], [ [ 73.1411432, 28.1605257, 0.0 ], [ 73.1411664, 28.160526, 0.0 ], [ 73.1411611, 28.1608293, 0.0 ], [ 73.141138, 28.160829, 0.0 ], [ 73.1411432, 28.1605257, 0.0 ] ], [ [ 73.1410872, 28.160525, 0.0 ], [ 73.1411104, 28.1605253, 0.0 ], [ 73.1411051, 28.1608286, 0.0 ], [ 73.141082, 28.1608282, 0.0 ], [ 73.1410872, 28.160525, 0.0 ] ], [ [ 73.1411379, 28.1608374, 0.0 ], [ 73.141161, 28.1608377, 0.0 ], [ 73.1411557, 28.161141, 0.0 ], [ 73.1411326, 28.1611407, 0.0 ], [ 73.1411379, 28.1608374, 0.0 ] ], [ [ 73.1410819, 28.1608367, 0.0 ], [ 73.141105, 28.160837, 0.0 ], [ 73.1410998, 28.1611402, 0.0 ], [ 73.1410766, 28.1611399, 0.0 ], [ 73.1410819, 28.1608367, 0.0 ] ], [ [ 73.141191, 28.164244, 0.0 ], [ 73.1412141, 28.1642443, 0.0 ], [ 73.1412089, 28.1645476, 0.0 ], [ 73.1411857, 28.1645473, 0.0 ], [ 73.141191, 28.164244, 0.0 ] ], [ [ 73.141135, 28.1642433, 0.0 ], [ 73.1411581, 28.1642436, 0.0 ], [ 73.1411529, 28.1645468, 0.0 ], [ 73.1411298, 28.1645465, 0.0 ], [ 73.141135, 28.1642433, 0.0 ] ], [ [ 73.1411856, 28.1645557, 0.0 ], [ 73.1412087, 28.164556, 0.0 ], [ 73.1412035, 28.1648593, 0.0 ], [ 73.1411804, 28.164859, 0.0 ], [ 73.1411856, 28.1645557, 0.0 ] ], [ [ 73.1411296, 28.164555, 0.0 ], [ 73.1411527, 28.1645553, 0.0 ], [ 73.1411475, 28.1648585, 0.0 ], [ 73.1411244, 28.1648582, 0.0 ], [ 73.1411296, 28.164555, 0.0 ] ], [ [ 73.1412017, 28.1636246, 0.0 ], [ 73.1412248, 28.1636249, 0.0 ], [ 73.1412196, 28.1639281, 0.0 ], [ 73.1411965, 28.1639278, 0.0 ], [ 73.1412017, 28.1636246, 0.0 ] ], [ [ 73.1411457, 28.1636238, 0.0 ], [ 73.1411688, 28.1636241, 0.0 ], [ 73.1411636, 28.1639274, 0.0 ], [ 73.1411405, 28.1639271, 0.0 ], [ 73.1411457, 28.1636238, 0.0 ] ], [ [ 73.1411963, 28.1639363, 0.0 ], [ 73.1412194, 28.1639366, 0.0 ], [ 73.1412142, 28.1642398, 0.0 ], [ 73.1411911, 28.1642395, 0.0 ], [ 73.1411963, 28.1639363, 0.0 ] ], [ [ 73.1411403, 28.1639355, 0.0 ], [ 73.1411634, 28.1639358, 0.0 ], [ 73.1411582, 28.1642391, 0.0 ], [ 73.1411351, 28.1642388, 0.0 ], [ 73.1411403, 28.1639355, 0.0 ] ], [ [ 73.1412124, 28.1630051, 0.0 ], [ 73.1412355, 28.1630054, 0.0 ], [ 73.1412303, 28.1633087, 0.0 ], [ 73.1412072, 28.1633084, 0.0 ], [ 73.1412124, 28.1630051, 0.0 ] ], [ [ 73.1411564, 28.1630043, 0.0 ], [ 73.1411795, 28.1630047, 0.0 ], [ 73.1411743, 28.1633079, 0.0 ], [ 73.1411512, 28.1633076, 0.0 ], [ 73.1411564, 28.1630043, 0.0 ] ], [ [ 73.141207, 28.1633168, 0.0 ], [ 73.1412301, 28.1633171, 0.0 ], [ 73.1412249, 28.1636204, 0.0 ], [ 73.1412018, 28.1636201, 0.0 ], [ 73.141207, 28.1633168, 0.0 ] ], [ [ 73.141151, 28.163316, 0.0 ], [ 73.1411742, 28.1633163, 0.0 ], [ 73.1411689, 28.1636196, 0.0 ], [ 73.1411458, 28.1636193, 0.0 ], [ 73.141151, 28.163316, 0.0 ] ], [ [ 73.1412231, 28.1623856, 0.0 ], [ 73.1412462, 28.162386, 0.0 ], [ 73.141241, 28.1626892, 0.0 ], [ 73.1412179, 28.1626889, 0.0 ], [ 73.1412231, 28.1623856, 0.0 ] ], [ [ 73.1411671, 28.1623849, 0.0 ], [ 73.1411902, 28.1623852, 0.0 ], [ 73.141185, 28.1626885, 0.0 ], [ 73.1411619, 28.1626881, 0.0 ], [ 73.1411671, 28.1623849, 0.0 ] ], [ [ 73.1412177, 28.1626973, 0.0 ], [ 73.1412409, 28.1626976, 0.0 ], [ 73.1412356, 28.1630009, 0.0 ], [ 73.1412125, 28.1630006, 0.0 ], [ 73.1412177, 28.1626973, 0.0 ] ], [ [ 73.1411617, 28.1626966, 0.0 ], [ 73.1411849, 28.1626969, 0.0 ], [ 73.1411796, 28.1630001, 0.0 ], [ 73.1411565, 28.1629998, 0.0 ], [ 73.1411617, 28.1626966, 0.0 ] ], [ [ 73.1412338, 28.1617662, 0.0 ], [ 73.1412569, 28.1617665, 0.0 ], [ 73.1412517, 28.1620698, 0.0 ], [ 73.1412286, 28.1620694, 0.0 ], [ 73.1412338, 28.1617662, 0.0 ] ], [ [ 73.1411778, 28.1617654, 0.0 ], [ 73.141201, 28.1617657, 0.0 ], [ 73.1411957, 28.162069, 0.0 ], [ 73.1411726, 28.1620687, 0.0 ], [ 73.1411778, 28.1617654, 0.0 ] ], [ [ 73.1412284, 28.1620779, 0.0 ], [ 73.1412516, 28.1620782, 0.0 ], [ 73.1412463, 28.1623814, 0.0 ], [ 73.1412232, 28.1623811, 0.0 ], [ 73.1412284, 28.1620779, 0.0 ] ], [ [ 73.1411724, 28.1620771, 0.0 ], [ 73.1411956, 28.1620774, 0.0 ], [ 73.1411903, 28.1623807, 0.0 ], [ 73.1411672, 28.1623804, 0.0 ], [ 73.1411724, 28.1620771, 0.0 ] ], [ [ 73.1412445, 28.1611467, 0.0 ], [ 73.1412676, 28.161147, 0.0 ], [ 73.1412624, 28.1614503, 0.0 ], [ 73.1412393, 28.16145, 0.0 ], [ 73.1412445, 28.1611467, 0.0 ] ], [ [ 73.1411885, 28.161146, 0.0 ], [ 73.1412117, 28.1611463, 0.0 ], [ 73.1412064, 28.1614495, 0.0 ], [ 73.1411833, 28.1614492, 0.0 ], [ 73.1411885, 28.161146, 0.0 ] ], [ [ 73.1412391, 28.1614584, 0.0 ], [ 73.1412623, 28.1614587, 0.0 ], [ 73.141257, 28.161762, 0.0 ], [ 73.1412339, 28.1617617, 0.0 ], [ 73.1412391, 28.1614584, 0.0 ] ], [ [ 73.1411831, 28.1614576, 0.0 ], [ 73.1412063, 28.161458, 0.0 ], [ 73.141201, 28.1617612, 0.0 ], [ 73.1411779, 28.1617609, 0.0 ], [ 73.1411831, 28.1614576, 0.0 ] ], [ [ 73.1412552, 28.1605273, 0.0 ], [ 73.1412784, 28.1605276, 0.0 ], [ 73.1412731, 28.1608308, 0.0 ], [ 73.14125, 28.1608305, 0.0 ], [ 73.1412552, 28.1605273, 0.0 ] ], [ [ 73.1411992, 28.1605265, 0.0 ], [ 73.1412224, 28.1605268, 0.0 ], [ 73.1412171, 28.1608301, 0.0 ], [ 73.141194, 28.1608298, 0.0 ], [ 73.1411992, 28.1605265, 0.0 ] ], [ [ 73.1412498, 28.1608389, 0.0 ], [ 73.141273, 28.1608392, 0.0 ], [ 73.1412677, 28.1611425, 0.0 ], [ 73.1412446, 28.1611422, 0.0 ], [ 73.1412498, 28.1608389, 0.0 ] ], [ [ 73.1411938, 28.1608382, 0.0 ], [ 73.141217, 28.1608385, 0.0 ], [ 73.1412117, 28.1611418, 0.0 ], [ 73.1411886, 28.1611414, 0.0 ], [ 73.1411938, 28.1608382, 0.0 ] ], [ [ 73.1437346, 28.1661374, 0.0 ], [ 73.1437578, 28.1661377, 0.0 ], [ 73.1437525, 28.1664409, 0.0 ], [ 73.1437294, 28.1664406, 0.0 ], [ 73.1437346, 28.1661374, 0.0 ] ], [ [ 73.1436786, 28.1661366, 0.0 ], [ 73.1437018, 28.1661369, 0.0 ], [ 73.1436965, 28.1664402, 0.0 ], [ 73.1436734, 28.1664399, 0.0 ], [ 73.1436786, 28.1661366, 0.0 ] ], [ [ 73.1437292, 28.166449, 0.0 ], [ 73.1437524, 28.1664494, 0.0 ], [ 73.1437471, 28.1667526, 0.0 ], [ 73.143724, 28.1667523, 0.0 ], [ 73.1437292, 28.166449, 0.0 ] ], [ [ 73.1436733, 28.1664483, 0.0 ], [ 73.1436964, 28.1664486, 0.0 ], [ 73.1436912, 28.1667519, 0.0 ], [ 73.143668, 28.1667516, 0.0 ], [ 73.1436733, 28.1664483, 0.0 ] ], [ [ 73.1436226, 28.1661358, 0.0 ], [ 73.1436458, 28.1661362, 0.0 ], [ 73.1436405, 28.1664394, 0.0 ], [ 73.1436174, 28.1664391, 0.0 ], [ 73.1436226, 28.1661358, 0.0 ] ], [ [ 73.1435666, 28.1661351, 0.0 ], [ 73.1435898, 28.1661354, 0.0 ], [ 73.1435845, 28.1664387, 0.0 ], [ 73.1435614, 28.1664384, 0.0 ], [ 73.1435666, 28.1661351, 0.0 ] ], [ [ 73.1436173, 28.1664475, 0.0 ], [ 73.1436404, 28.1664478, 0.0 ], [ 73.1436352, 28.1667511, 0.0 ], [ 73.143612, 28.1667508, 0.0 ], [ 73.1436173, 28.1664475, 0.0 ] ], [ [ 73.1435613, 28.1664468, 0.0 ], [ 73.1435844, 28.1664471, 0.0 ], [ 73.1435792, 28.1667504, 0.0 ], [ 73.143556, 28.16675, 0.0 ], [ 73.1435613, 28.1664468, 0.0 ] ], [ [ 73.1435107, 28.1661343, 0.0 ], [ 73.1435338, 28.1661346, 0.0 ], [ 73.1435285, 28.1664379, 0.0 ], [ 73.1435054, 28.1664376, 0.0 ], [ 73.1435107, 28.1661343, 0.0 ] ], [ [ 73.1434547, 28.1661336, 0.0 ], [ 73.1434778, 28.1661339, 0.0 ], [ 73.1434726, 28.1664371, 0.0 ], [ 73.1434494, 28.1664368, 0.0 ], [ 73.1434547, 28.1661336, 0.0 ] ], [ [ 73.1435053, 28.166446, 0.0 ], [ 73.1435284, 28.1664463, 0.0 ], [ 73.1435232, 28.1667496, 0.0 ], [ 73.1435, 28.1667493, 0.0 ], [ 73.1435053, 28.166446, 0.0 ] ], [ [ 73.1434493, 28.1664453, 0.0 ], [ 73.1434724, 28.1664456, 0.0 ], [ 73.1434672, 28.1667488, 0.0 ], [ 73.143444, 28.1667485, 0.0 ], [ 73.1434493, 28.1664453, 0.0 ] ], [ [ 73.1433987, 28.1661328, 0.0 ], [ 73.1434218, 28.1661331, 0.0 ], [ 73.1434166, 28.1664364, 0.0 ], [ 73.1433934, 28.1664361, 0.0 ], [ 73.1433987, 28.1661328, 0.0 ] ], [ [ 73.1433427, 28.166132, 0.0 ], [ 73.1433658, 28.1661324, 0.0 ], [ 73.1433606, 28.1664356, 0.0 ], [ 73.1433374, 28.1664353, 0.0 ], [ 73.1433427, 28.166132, 0.0 ] ], [ [ 73.1433933, 28.1664445, 0.0 ], [ 73.1434164, 28.1664448, 0.0 ], [ 73.1434112, 28.1667481, 0.0 ], [ 73.143388, 28.1667478, 0.0 ], [ 73.1433933, 28.1664445, 0.0 ] ], [ [ 73.1433373, 28.1664437, 0.0 ], [ 73.1433604, 28.166444, 0.0 ], [ 73.1433552, 28.1667473, 0.0 ], [ 73.143332, 28.166747, 0.0 ], [ 73.1433373, 28.1664437, 0.0 ] ], [ [ 73.1431747, 28.1661298, 0.0 ], [ 73.1431978, 28.1661301, 0.0 ], [ 73.1431926, 28.1664334, 0.0 ], [ 73.1431694, 28.166433, 0.0 ], [ 73.1431747, 28.1661298, 0.0 ] ], [ [ 73.1431187, 28.166129, 0.0 ], [ 73.1431418, 28.1661293, 0.0 ], [ 73.1431366, 28.1664326, 0.0 ], [ 73.1431134, 28.1664323, 0.0 ], [ 73.1431187, 28.166129, 0.0 ] ], [ [ 73.1431693, 28.1664415, 0.0 ], [ 73.1431924, 28.1664418, 0.0 ], [ 73.1431872, 28.166745, 0.0 ], [ 73.1431641, 28.1667447, 0.0 ], [ 73.1431693, 28.1664415, 0.0 ] ], [ [ 73.1431133, 28.1664407, 0.0 ], [ 73.1431364, 28.166441, 0.0 ], [ 73.1431312, 28.1667443, 0.0 ], [ 73.1431081, 28.166744, 0.0 ], [ 73.1431133, 28.1664407, 0.0 ] ], [ [ 73.1430627, 28.1661283, 0.0 ], [ 73.1430858, 28.1661286, 0.0 ], [ 73.1430806, 28.1664318, 0.0 ], [ 73.1430575, 28.1664315, 0.0 ], [ 73.1430627, 28.1661283, 0.0 ] ], [ [ 73.1430067, 28.1661275, 0.0 ], [ 73.1430298, 28.1661278, 0.0 ], [ 73.1430246, 28.1664311, 0.0 ], [ 73.1430015, 28.1664308, 0.0 ], [ 73.1430067, 28.1661275, 0.0 ] ], [ [ 73.1430573, 28.1664399, 0.0 ], [ 73.1430804, 28.1664402, 0.0 ], [ 73.1430752, 28.1667435, 0.0 ], [ 73.1430521, 28.1667432, 0.0 ], [ 73.1430573, 28.1664399, 0.0 ] ], [ [ 73.1430013, 28.1664392, 0.0 ], [ 73.1430244, 28.1664395, 0.0 ], [ 73.1430192, 28.1667428, 0.0 ], [ 73.1429961, 28.1667424, 0.0 ], [ 73.1430013, 28.1664392, 0.0 ] ], [ [ 73.1429507, 28.1661267, 0.0 ], [ 73.1429738, 28.166127, 0.0 ], [ 73.1429686, 28.1664303, 0.0 ], [ 73.1429455, 28.16643, 0.0 ], [ 73.1429507, 28.1661267, 0.0 ] ], [ [ 73.1428947, 28.166126, 0.0 ], [ 73.1429178, 28.1661263, 0.0 ], [ 73.1429126, 28.1664296, 0.0 ], [ 73.1428895, 28.1664292, 0.0 ], [ 73.1428947, 28.166126, 0.0 ] ], [ [ 73.1429453, 28.1664384, 0.0 ], [ 73.1429684, 28.1664387, 0.0 ], [ 73.1429632, 28.166742, 0.0 ], [ 73.1429401, 28.1667417, 0.0 ], [ 73.1429453, 28.1664384, 0.0 ] ], [ [ 73.1428893, 28.1664377, 0.0 ], [ 73.1429125, 28.166438, 0.0 ], [ 73.1429072, 28.1667412, 0.0 ], [ 73.1428841, 28.1667409, 0.0 ], [ 73.1428893, 28.1664377, 0.0 ] ], [ [ 73.1428387, 28.1661252, 0.0 ], [ 73.1428618, 28.1661255, 0.0 ], [ 73.1428566, 28.1664288, 0.0 ], [ 73.1428335, 28.1664285, 0.0 ], [ 73.1428387, 28.1661252, 0.0 ] ], [ [ 73.1427827, 28.1661245, 0.0 ], [ 73.1428058, 28.1661248, 0.0 ], [ 73.1428006, 28.166428, 0.0 ], [ 73.1427775, 28.1664277, 0.0 ], [ 73.1427827, 28.1661245, 0.0 ] ], [ [ 73.1428333, 28.1664369, 0.0 ], [ 73.1428565, 28.1664372, 0.0 ], [ 73.1428512, 28.1667405, 0.0 ], [ 73.1428281, 28.1667402, 0.0 ], [ 73.1428333, 28.1664369, 0.0 ] ], [ [ 73.1427773, 28.1664361, 0.0 ], [ 73.1428005, 28.1664365, 0.0 ], [ 73.1427952, 28.1667397, 0.0 ], [ 73.1427721, 28.1667394, 0.0 ], [ 73.1427773, 28.1664361, 0.0 ] ], [ [ 73.1427267, 28.1661237, 0.0 ], [ 73.1427499, 28.166124, 0.0 ], [ 73.1427446, 28.1664273, 0.0 ], [ 73.1427215, 28.166427, 0.0 ], [ 73.1427267, 28.1661237, 0.0 ] ], [ [ 73.1426707, 28.1661229, 0.0 ], [ 73.1426939, 28.1661232, 0.0 ], [ 73.1426886, 28.1664265, 0.0 ], [ 73.1426655, 28.1664262, 0.0 ], [ 73.1426707, 28.1661229, 0.0 ] ], [ [ 73.1427213, 28.1664354, 0.0 ], [ 73.1427445, 28.1664357, 0.0 ], [ 73.1427392, 28.166739, 0.0 ], [ 73.1427161, 28.1667386, 0.0 ], [ 73.1427213, 28.1664354, 0.0 ] ], [ [ 73.1426653, 28.1664346, 0.0 ], [ 73.1426885, 28.1664349, 0.0 ], [ 73.1426832, 28.1667382, 0.0 ], [ 73.1426601, 28.1667379, 0.0 ], [ 73.1426653, 28.1664346, 0.0 ] ], [ [ 73.1441933, 28.165524, 0.0 ], [ 73.1442164, 28.1655243, 0.0 ], [ 73.1442112, 28.1658276, 0.0 ], [ 73.144188, 28.1658272, 0.0 ], [ 73.1441933, 28.165524, 0.0 ] ], [ [ 73.1441373, 28.1655232, 0.0 ], [ 73.1441604, 28.1655235, 0.0 ], [ 73.1441552, 28.1658268, 0.0 ], [ 73.1441321, 28.1658265, 0.0 ], [ 73.1441373, 28.1655232, 0.0 ] ], [ [ 73.1441879, 28.1658357, 0.0 ], [ 73.144211, 28.165836, 0.0 ], [ 73.1442058, 28.1661392, 0.0 ], [ 73.1441827, 28.1661389, 0.0 ], [ 73.1441879, 28.1658357, 0.0 ] ], [ [ 73.1441319, 28.1658349, 0.0 ], [ 73.144155, 28.1658352, 0.0 ], [ 73.1441498, 28.1661385, 0.0 ], [ 73.1441267, 28.1661382, 0.0 ], [ 73.1441319, 28.1658349, 0.0 ] ], [ [ 73.1440813, 28.1655225, 0.0 ], [ 73.1441044, 28.1655228, 0.0 ], [ 73.1440992, 28.165826, 0.0 ], [ 73.1440761, 28.1658257, 0.0 ], [ 73.1440813, 28.1655225, 0.0 ] ], [ [ 73.1440253, 28.1655217, 0.0 ], [ 73.1440484, 28.165522, 0.0 ], [ 73.1440432, 28.1658253, 0.0 ], [ 73.1440201, 28.165825, 0.0 ], [ 73.1440253, 28.1655217, 0.0 ] ], [ [ 73.1440759, 28.1658341, 0.0 ], [ 73.144099, 28.1658345, 0.0 ], [ 73.1440938, 28.1661377, 0.0 ], [ 73.1440707, 28.1661374, 0.0 ], [ 73.1440759, 28.1658341, 0.0 ] ], [ [ 73.1440199, 28.1658334, 0.0 ], [ 73.144043, 28.1658337, 0.0 ], [ 73.1440378, 28.166137, 0.0 ], [ 73.1440147, 28.1661366, 0.0 ], [ 73.1440199, 28.1658334, 0.0 ] ], [ [ 73.1439693, 28.1655209, 0.0 ], [ 73.1439924, 28.1655212, 0.0 ], [ 73.1439872, 28.1658245, 0.0 ], [ 73.1439641, 28.1658242, 0.0 ], [ 73.1439693, 28.1655209, 0.0 ] ], [ [ 73.1439133, 28.1655202, 0.0 ], [ 73.1439364, 28.1655205, 0.0 ], [ 73.1439312, 28.1658238, 0.0 ], [ 73.1439081, 28.1658234, 0.0 ], [ 73.1439133, 28.1655202, 0.0 ] ], [ [ 73.1439639, 28.1658326, 0.0 ], [ 73.1439871, 28.1658329, 0.0 ], [ 73.1439818, 28.1661362, 0.0 ], [ 73.1439587, 28.1661359, 0.0 ], [ 73.1439639, 28.1658326, 0.0 ] ], [ [ 73.1439079, 28.1658319, 0.0 ], [ 73.1439311, 28.1658322, 0.0 ], [ 73.1439258, 28.1661354, 0.0 ], [ 73.1439027, 28.1661351, 0.0 ], [ 73.1439079, 28.1658319, 0.0 ] ], [ [ 73.1437453, 28.1655179, 0.0 ], [ 73.1437685, 28.1655182, 0.0 ], [ 73.1437632, 28.1658215, 0.0 ], [ 73.1437401, 28.1658212, 0.0 ], [ 73.1437453, 28.1655179, 0.0 ] ], [ [ 73.1436893, 28.1655171, 0.0 ], [ 73.1437125, 28.1655175, 0.0 ], [ 73.1437072, 28.1658207, 0.0 ], [ 73.1436841, 28.1658204, 0.0 ], [ 73.1436893, 28.1655171, 0.0 ] ], [ [ 73.1437399, 28.1658296, 0.0 ], [ 73.1437631, 28.1658299, 0.0 ], [ 73.1437578, 28.1661332, 0.0 ], [ 73.1437347, 28.1661329, 0.0 ], [ 73.1437399, 28.1658296, 0.0 ] ], [ [ 73.1436839, 28.1658288, 0.0 ], [ 73.1437071, 28.1658291, 0.0 ], [ 73.1437018, 28.1661324, 0.0 ], [ 73.1436787, 28.1661321, 0.0 ], [ 73.1436839, 28.1658288, 0.0 ] ], [ [ 73.1436333, 28.1655164, 0.0 ], [ 73.1436565, 28.1655167, 0.0 ], [ 73.1436512, 28.16582, 0.0 ], [ 73.1436281, 28.1658196, 0.0 ], [ 73.1436333, 28.1655164, 0.0 ] ], [ [ 73.1435773, 28.1655156, 0.0 ], [ 73.1436005, 28.1655159, 0.0 ], [ 73.1435952, 28.1658192, 0.0 ], [ 73.1435721, 28.1658189, 0.0 ], [ 73.1435773, 28.1655156, 0.0 ] ], [ [ 73.143628, 28.1658281, 0.0 ], [ 73.1436511, 28.1658284, 0.0 ], [ 73.1436458, 28.1661316, 0.0 ], [ 73.1436227, 28.1661313, 0.0 ], [ 73.143628, 28.1658281, 0.0 ] ], [ [ 73.143572, 28.1658273, 0.0 ], [ 73.1435951, 28.1658276, 0.0 ], [ 73.1435899, 28.1661309, 0.0 ], [ 73.1435667, 28.1661306, 0.0 ], [ 73.143572, 28.1658273, 0.0 ] ], [ [ 73.1435213, 28.1655149, 0.0 ], [ 73.1435445, 28.1655152, 0.0 ], [ 73.1435392, 28.1658184, 0.0 ], [ 73.1435161, 28.1658181, 0.0 ], [ 73.1435213, 28.1655149, 0.0 ] ], [ [ 73.1434654, 28.1655141, 0.0 ], [ 73.1434885, 28.1655144, 0.0 ], [ 73.1434832, 28.1658177, 0.0 ], [ 73.1434601, 28.1658174, 0.0 ], [ 73.1434654, 28.1655141, 0.0 ] ], [ [ 73.143516, 28.1658265, 0.0 ], [ 73.1435391, 28.1658269, 0.0 ], [ 73.1435339, 28.1661301, 0.0 ], [ 73.1435107, 28.1661298, 0.0 ], [ 73.143516, 28.1658265, 0.0 ] ], [ [ 73.14346, 28.1658258, 0.0 ], [ 73.1434831, 28.1658261, 0.0 ], [ 73.1434779, 28.1661294, 0.0 ], [ 73.1434547, 28.1661291, 0.0 ], [ 73.14346, 28.1658258, 0.0 ] ], [ [ 73.1434094, 28.1655133, 0.0 ], [ 73.1434325, 28.1655137, 0.0 ], [ 73.1434273, 28.1658169, 0.0 ], [ 73.1434041, 28.1658166, 0.0 ], [ 73.1434094, 28.1655133, 0.0 ] ], [ [ 73.1433534, 28.1655126, 0.0 ], [ 73.1433765, 28.1655129, 0.0 ], [ 73.1433713, 28.1658162, 0.0 ], [ 73.1433481, 28.1658159, 0.0 ], [ 73.1433534, 28.1655126, 0.0 ] ], [ [ 73.143404, 28.165825, 0.0 ], [ 73.1434271, 28.1658253, 0.0 ], [ 73.1434219, 28.1661286, 0.0 ], [ 73.1433987, 28.1661283, 0.0 ], [ 73.143404, 28.165825, 0.0 ] ], [ [ 73.143348, 28.1658243, 0.0 ], [ 73.1433711, 28.1658246, 0.0 ], [ 73.1433659, 28.1661278, 0.0 ], [ 73.1433427, 28.1661275, 0.0 ], [ 73.143348, 28.1658243, 0.0 ] ], [ [ 73.1438574, 28.1655154, 0.0 ], [ 73.1438805, 28.1655157, 0.0 ], [ 73.1438753, 28.165819, 0.0 ], [ 73.1438521, 28.1658187, 0.0 ], [ 73.1438574, 28.1655154, 0.0 ] ], [ [ 73.1438014, 28.1655147, 0.0 ], [ 73.1438245, 28.165515, 0.0 ], [ 73.1438193, 28.1658183, 0.0 ], [ 73.1437962, 28.1658179, 0.0 ], [ 73.1438014, 28.1655147, 0.0 ] ], [ [ 73.143852, 28.1658271, 0.0 ], [ 73.1438751, 28.1658274, 0.0 ], [ 73.1438699, 28.1661307, 0.0 ], [ 73.1438468, 28.1661304, 0.0 ], [ 73.143852, 28.1658271, 0.0 ] ], [ [ 73.143796, 28.1658264, 0.0 ], [ 73.1438191, 28.1658267, 0.0 ], [ 73.1438139, 28.1661299, 0.0 ], [ 73.1437908, 28.1661296, 0.0 ], [ 73.143796, 28.1658264, 0.0 ] ], [ [ 73.1431854, 28.1655103, 0.0 ], [ 73.1432085, 28.1655106, 0.0 ], [ 73.1432033, 28.1658139, 0.0 ], [ 73.1431801, 28.1658136, 0.0 ], [ 73.1431854, 28.1655103, 0.0 ] ], [ [ 73.1431294, 28.1655095, 0.0 ], [ 73.1431525, 28.1655099, 0.0 ], [ 73.1431473, 28.1658131, 0.0 ], [ 73.1431241, 28.1658128, 0.0 ], [ 73.1431294, 28.1655095, 0.0 ] ], [ [ 73.14318, 28.165822, 0.0 ], [ 73.1432031, 28.1658223, 0.0 ], [ 73.1431979, 28.1661256, 0.0 ], [ 73.1431748, 28.1661253, 0.0 ], [ 73.14318, 28.165822, 0.0 ] ], [ [ 73.143124, 28.1658212, 0.0 ], [ 73.1431471, 28.1658215, 0.0 ], [ 73.1431419, 28.1661248, 0.0 ], [ 73.1431188, 28.1661245, 0.0 ], [ 73.143124, 28.1658212, 0.0 ] ], [ [ 73.1430734, 28.1655088, 0.0 ], [ 73.1430965, 28.1655091, 0.0 ], [ 73.1430913, 28.1658124, 0.0 ], [ 73.1430682, 28.1658121, 0.0 ], [ 73.1430734, 28.1655088, 0.0 ] ], [ [ 73.1430174, 28.165508, 0.0 ], [ 73.1430405, 28.1655083, 0.0 ], [ 73.1430353, 28.1658116, 0.0 ], [ 73.1430122, 28.1658113, 0.0 ], [ 73.1430174, 28.165508, 0.0 ] ], [ [ 73.143068, 28.1658205, 0.0 ], [ 73.1430911, 28.1658208, 0.0 ], [ 73.1430859, 28.1661241, 0.0 ], [ 73.1430628, 28.1661237, 0.0 ], [ 73.143068, 28.1658205, 0.0 ] ], [ [ 73.143012, 28.1658197, 0.0 ], [ 73.1430351, 28.16582, 0.0 ], [ 73.1430299, 28.1661233, 0.0 ], [ 73.1430068, 28.166123, 0.0 ], [ 73.143012, 28.1658197, 0.0 ] ], [ [ 73.1429614, 28.1655073, 0.0 ], [ 73.1429845, 28.1655076, 0.0 ], [ 73.1429793, 28.1658108, 0.0 ], [ 73.1429562, 28.1658105, 0.0 ], [ 73.1429614, 28.1655073, 0.0 ] ], [ [ 73.1429054, 28.1655065, 0.0 ], [ 73.1429285, 28.1655068, 0.0 ], [ 73.1429233, 28.1658101, 0.0 ], [ 73.1429002, 28.1658098, 0.0 ], [ 73.1429054, 28.1655065, 0.0 ] ], [ [ 73.142956, 28.165819, 0.0 ], [ 73.1429791, 28.1658193, 0.0 ], [ 73.1429739, 28.1661225, 0.0 ], [ 73.1429508, 28.1661222, 0.0 ], [ 73.142956, 28.165819, 0.0 ] ], [ [ 73.1429, 28.1658182, 0.0 ], [ 73.1429232, 28.1658185, 0.0 ], [ 73.1429179, 28.1661218, 0.0 ], [ 73.1428948, 28.1661215, 0.0 ], [ 73.1429, 28.1658182, 0.0 ] ], [ [ 73.1428494, 28.1655057, 0.0 ], [ 73.1428725, 28.1655061, 0.0 ], [ 73.1428673, 28.1658093, 0.0 ], [ 73.1428442, 28.165809, 0.0 ], [ 73.1428494, 28.1655057, 0.0 ] ], [ [ 73.1427934, 28.165505, 0.0 ], [ 73.1428165, 28.1655053, 0.0 ], [ 73.1428113, 28.1658086, 0.0 ], [ 73.1427882, 28.1658083, 0.0 ], [ 73.1427934, 28.165505, 0.0 ] ], [ [ 73.142844, 28.1658174, 0.0 ], [ 73.1428672, 28.1658177, 0.0 ], [ 73.1428619, 28.166121, 0.0 ], [ 73.1428388, 28.1661207, 0.0 ], [ 73.142844, 28.1658174, 0.0 ] ], [ [ 73.142788, 28.1658167, 0.0 ], [ 73.1428112, 28.165817, 0.0 ], [ 73.1428059, 28.1661203, 0.0 ], [ 73.1427828, 28.1661199, 0.0 ], [ 73.142788, 28.1658167, 0.0 ] ], [ [ 73.1427374, 28.1655042, 0.0 ], [ 73.1427606, 28.1655045, 0.0 ], [ 73.1427553, 28.1658078, 0.0 ], [ 73.1427322, 28.1658075, 0.0 ], [ 73.1427374, 28.1655042, 0.0 ] ], [ [ 73.1426814, 28.1655035, 0.0 ], [ 73.1427046, 28.1655038, 0.0 ], [ 73.1426993, 28.1658071, 0.0 ], [ 73.1426762, 28.1658067, 0.0 ], [ 73.1426814, 28.1655035, 0.0 ] ], [ [ 73.142732, 28.1658159, 0.0 ], [ 73.1427552, 28.1658162, 0.0 ], [ 73.1427499, 28.1661195, 0.0 ], [ 73.1427268, 28.1661192, 0.0 ], [ 73.142732, 28.1658159, 0.0 ] ], [ [ 73.142676, 28.1658152, 0.0 ], [ 73.1426992, 28.1658155, 0.0 ], [ 73.1426939, 28.1661187, 0.0 ], [ 73.1426708, 28.1661184, 0.0 ], [ 73.142676, 28.1658152, 0.0 ] ], [ [ 73.1426254, 28.1655027, 0.0 ], [ 73.1426486, 28.165503, 0.0 ], [ 73.1426433, 28.1658063, 0.0 ], [ 73.1426202, 28.165806, 0.0 ], [ 73.1426254, 28.1655027, 0.0 ] ], [ [ 73.1425694, 28.165502, 0.0 ], [ 73.1425926, 28.1655023, 0.0 ], [ 73.1425873, 28.1658055, 0.0 ], [ 73.1425642, 28.1658052, 0.0 ], [ 73.1425694, 28.165502, 0.0 ] ], [ [ 73.14262, 28.1658144, 0.0 ], [ 73.1426432, 28.1658147, 0.0 ], [ 73.1426379, 28.166118, 0.0 ], [ 73.1426148, 28.1661177, 0.0 ], [ 73.14262, 28.1658144, 0.0 ] ], [ [ 73.1425641, 28.1658136, 0.0 ], [ 73.1425872, 28.165814, 0.0 ], [ 73.1425819, 28.1661172, 0.0 ], [ 73.1425588, 28.1661169, 0.0 ], [ 73.1425641, 28.1658136, 0.0 ] ], [ [ 73.1425134, 28.1655012, 0.0 ], [ 73.1425366, 28.1655015, 0.0 ], [ 73.1425313, 28.1658048, 0.0 ], [ 73.1425082, 28.1658045, 0.0 ], [ 73.1425134, 28.1655012, 0.0 ] ], [ [ 73.1424574, 28.1655004, 0.0 ], [ 73.1424806, 28.1655007, 0.0 ], [ 73.1424753, 28.165804, 0.0 ], [ 73.1424522, 28.1658037, 0.0 ], [ 73.1424574, 28.1655004, 0.0 ] ], [ [ 73.1425081, 28.1658129, 0.0 ], [ 73.1425312, 28.1658132, 0.0 ], [ 73.142526, 28.1661165, 0.0 ], [ 73.1425028, 28.1661161, 0.0 ], [ 73.1425081, 28.1658129, 0.0 ] ], [ [ 73.1424521, 28.1658121, 0.0 ], [ 73.1424752, 28.1658124, 0.0 ], [ 73.14247, 28.1661157, 0.0 ], [ 73.1424468, 28.1661154, 0.0 ], [ 73.1424521, 28.1658121, 0.0 ] ], [ [ 73.1424015, 28.1654997, 0.0 ], [ 73.1424246, 28.1655, 0.0 ], [ 73.1424193, 28.1658033, 0.0 ], [ 73.1423962, 28.1658029, 0.0 ], [ 73.1424015, 28.1654997, 0.0 ] ], [ [ 73.1423455, 28.1654989, 0.0 ], [ 73.1423686, 28.1654992, 0.0 ], [ 73.1423633, 28.1658025, 0.0 ], [ 73.1423402, 28.1658022, 0.0 ], [ 73.1423455, 28.1654989, 0.0 ] ], [ [ 73.1423961, 28.1658114, 0.0 ], [ 73.1424192, 28.1658117, 0.0 ], [ 73.142414, 28.1661149, 0.0 ], [ 73.1423908, 28.1661146, 0.0 ], [ 73.1423961, 28.1658114, 0.0 ] ], [ [ 73.1423401, 28.1658106, 0.0 ], [ 73.1423632, 28.1658109, 0.0 ], [ 73.142358, 28.1661142, 0.0 ], [ 73.1423348, 28.1661139, 0.0 ], [ 73.1423401, 28.1658106, 0.0 ] ], [ [ 73.1422895, 28.1654982, 0.0 ], [ 73.1423126, 28.1654985, 0.0 ], [ 73.1423074, 28.1658017, 0.0 ], [ 73.1422842, 28.1658014, 0.0 ], [ 73.1422895, 28.1654982, 0.0 ] ], [ [ 73.1422335, 28.1654974, 0.0 ], [ 73.1422566, 28.1654977, 0.0 ], [ 73.1422514, 28.165801, 0.0 ], [ 73.1422282, 28.1658007, 0.0 ], [ 73.1422335, 28.1654974, 0.0 ] ], [ [ 73.1422841, 28.1658098, 0.0 ], [ 73.1423072, 28.1658102, 0.0 ], [ 73.142302, 28.1661134, 0.0 ], [ 73.1422788, 28.1661131, 0.0 ], [ 73.1422841, 28.1658098, 0.0 ] ], [ [ 73.1422281, 28.1658091, 0.0 ], [ 73.1422512, 28.1658094, 0.0 ], [ 73.142246, 28.1661127, 0.0 ], [ 73.1422228, 28.1661123, 0.0 ], [ 73.1422281, 28.1658091, 0.0 ] ], [ [ 73.1421775, 28.1654966, 0.0 ], [ 73.1422006, 28.1654969, 0.0 ], [ 73.1421954, 28.1658002, 0.0 ], [ 73.1421722, 28.1657999, 0.0 ], [ 73.1421775, 28.1654966, 0.0 ] ], [ [ 73.1421215, 28.1654959, 0.0 ], [ 73.1421446, 28.1654962, 0.0 ], [ 73.1421394, 28.1657995, 0.0 ], [ 73.1421162, 28.1657991, 0.0 ], [ 73.1421215, 28.1654959, 0.0 ] ], [ [ 73.1421721, 28.1658083, 0.0 ], [ 73.1421952, 28.1658086, 0.0 ], [ 73.14219, 28.1661119, 0.0 ], [ 73.1421668, 28.1661116, 0.0 ], [ 73.1421721, 28.1658083, 0.0 ] ], [ [ 73.1421161, 28.1658076, 0.0 ], [ 73.1421392, 28.1658079, 0.0 ], [ 73.142134, 28.1661111, 0.0 ], [ 73.1421109, 28.1661108, 0.0 ], [ 73.1421161, 28.1658076, 0.0 ] ], [ [ 73.1420655, 28.1654951, 0.0 ], [ 73.1420886, 28.1654954, 0.0 ], [ 73.1420834, 28.1657987, 0.0 ], [ 73.1420602, 28.1657984, 0.0 ], [ 73.1420655, 28.1654951, 0.0 ] ], [ [ 73.1420095, 28.1654944, 0.0 ], [ 73.1420326, 28.1654947, 0.0 ], [ 73.1420274, 28.1657979, 0.0 ], [ 73.1420043, 28.1657976, 0.0 ], [ 73.1420095, 28.1654944, 0.0 ] ], [ [ 73.1420601, 28.1658068, 0.0 ], [ 73.1420832, 28.1658071, 0.0 ], [ 73.142078, 28.1661104, 0.0 ], [ 73.1420549, 28.1661101, 0.0 ], [ 73.1420601, 28.1658068, 0.0 ] ], [ [ 73.1420041, 28.165806, 0.0 ], [ 73.1420272, 28.1658064, 0.0 ], [ 73.142022, 28.1661096, 0.0 ], [ 73.1419989, 28.1661093, 0.0 ], [ 73.1420041, 28.165806, 0.0 ] ], [ [ 73.1419535, 28.1654936, 0.0 ], [ 73.1419766, 28.1654939, 0.0 ], [ 73.1419714, 28.1657972, 0.0 ], [ 73.1419483, 28.1657969, 0.0 ], [ 73.1419535, 28.1654936, 0.0 ] ], [ [ 73.1418975, 28.1654928, 0.0 ], [ 73.1419206, 28.1654931, 0.0 ], [ 73.1419154, 28.1657964, 0.0 ], [ 73.1418923, 28.1657961, 0.0 ], [ 73.1418975, 28.1654928, 0.0 ] ], [ [ 73.1419481, 28.1658053, 0.0 ], [ 73.1419712, 28.1658056, 0.0 ], [ 73.141966, 28.1661089, 0.0 ], [ 73.1419429, 28.1661085, 0.0 ], [ 73.1419481, 28.1658053, 0.0 ] ], [ [ 73.1418921, 28.1658045, 0.0 ], [ 73.1419152, 28.1658048, 0.0 ], [ 73.14191, 28.1661081, 0.0 ], [ 73.1418869, 28.1661078, 0.0 ], [ 73.1418921, 28.1658045, 0.0 ] ], [ [ 73.1444279, 28.1649075, 0.0 ], [ 73.1444511, 28.1649079, 0.0 ], [ 73.1444458, 28.1652111, 0.0 ], [ 73.1444227, 28.1652108, 0.0 ], [ 73.1444279, 28.1649075, 0.0 ] ], [ [ 73.144372, 28.1649068, 0.0 ], [ 73.1443951, 28.1649071, 0.0 ], [ 73.1443899, 28.1652104, 0.0 ], [ 73.1443667, 28.1652101, 0.0 ], [ 73.144372, 28.1649068, 0.0 ] ], [ [ 73.1444226, 28.1652192, 0.0 ], [ 73.1444457, 28.1652195, 0.0 ], [ 73.1444405, 28.1655228, 0.0 ], [ 73.1444173, 28.1655225, 0.0 ], [ 73.1444226, 28.1652192, 0.0 ] ], [ [ 73.1443666, 28.1652185, 0.0 ], [ 73.1443897, 28.1652188, 0.0 ], [ 73.1443845, 28.165522, 0.0 ], [ 73.1443613, 28.1655217, 0.0 ], [ 73.1443666, 28.1652185, 0.0 ] ], [ [ 73.144316, 28.164906, 0.0 ], [ 73.1443391, 28.1649063, 0.0 ], [ 73.1443339, 28.1652096, 0.0 ], [ 73.1443107, 28.1652093, 0.0 ], [ 73.144316, 28.164906, 0.0 ] ], [ [ 73.14426, 28.1649053, 0.0 ], [ 73.1442831, 28.1649056, 0.0 ], [ 73.1442779, 28.1652088, 0.0 ], [ 73.1442547, 28.1652085, 0.0 ], [ 73.14426, 28.1649053, 0.0 ] ], [ [ 73.1443106, 28.1652177, 0.0 ], [ 73.1443337, 28.165218, 0.0 ], [ 73.1443285, 28.1655213, 0.0 ], [ 73.1443053, 28.165521, 0.0 ], [ 73.1443106, 28.1652177, 0.0 ] ], [ [ 73.1442546, 28.165217, 0.0 ], [ 73.1442777, 28.1652173, 0.0 ], [ 73.1442725, 28.1655205, 0.0 ], [ 73.1442494, 28.1655202, 0.0 ], [ 73.1442546, 28.165217, 0.0 ] ], [ [ 73.144204, 28.1649045, 0.0 ], [ 73.1442271, 28.1649048, 0.0 ], [ 73.1442219, 28.1652081, 0.0 ], [ 73.1441987, 28.1652078, 0.0 ], [ 73.144204, 28.1649045, 0.0 ] ], [ [ 73.144148, 28.1649037, 0.0 ], [ 73.1441711, 28.1649041, 0.0 ], [ 73.1441659, 28.1652073, 0.0 ], [ 73.1441427, 28.165207, 0.0 ], [ 73.144148, 28.1649037, 0.0 ] ], [ [ 73.1441986, 28.1652162, 0.0 ], [ 73.1442217, 28.1652165, 0.0 ], [ 73.1442165, 28.1655198, 0.0 ], [ 73.1441934, 28.1655195, 0.0 ], [ 73.1441986, 28.1652162, 0.0 ] ], [ [ 73.1441426, 28.1652154, 0.0 ], [ 73.1441657, 28.1652157, 0.0 ], [ 73.1441605, 28.165519, 0.0 ], [ 73.1441374, 28.1655187, 0.0 ], [ 73.1441426, 28.1652154, 0.0 ] ], [ [ 73.144092, 28.164903, 0.0 ], [ 73.1441151, 28.1649033, 0.0 ], [ 73.1441099, 28.1652066, 0.0 ], [ 73.1440867, 28.1652063, 0.0 ], [ 73.144092, 28.164903, 0.0 ] ], [ [ 73.144036, 28.1649022, 0.0 ], [ 73.1440591, 28.1649025, 0.0 ], [ 73.1440539, 28.1652058, 0.0 ], [ 73.1440308, 28.1652055, 0.0 ], [ 73.144036, 28.1649022, 0.0 ] ], [ [ 73.1440866, 28.1652147, 0.0 ], [ 73.1441097, 28.165215, 0.0 ], [ 73.1441045, 28.1655183, 0.0 ], [ 73.1440814, 28.1655179, 0.0 ], [ 73.1440866, 28.1652147, 0.0 ] ], [ [ 73.1440306, 28.1652139, 0.0 ], [ 73.1440537, 28.1652142, 0.0 ], [ 73.1440485, 28.1655175, 0.0 ], [ 73.1440254, 28.1655172, 0.0 ], [ 73.1440306, 28.1652139, 0.0 ] ], [ [ 73.14398, 28.1649015, 0.0 ], [ 73.1440031, 28.1649018, 0.0 ], [ 73.1439979, 28.1652051, 0.0 ], [ 73.1439748, 28.1652047, 0.0 ], [ 73.14398, 28.1649015, 0.0 ] ], [ [ 73.143924, 28.1649007, 0.0 ], [ 73.1439471, 28.164901, 0.0 ], [ 73.1439419, 28.1652043, 0.0 ], [ 73.1439188, 28.165204, 0.0 ], [ 73.143924, 28.1649007, 0.0 ] ], [ [ 73.1439746, 28.1652132, 0.0 ], [ 73.1439977, 28.1652135, 0.0 ], [ 73.1439925, 28.1655167, 0.0 ], [ 73.1439694, 28.1655164, 0.0 ], [ 73.1439746, 28.1652132, 0.0 ] ], [ [ 73.1439186, 28.1652124, 0.0 ], [ 73.1439418, 28.1652127, 0.0 ], [ 73.1439365, 28.165516, 0.0 ], [ 73.1439134, 28.1655157, 0.0 ], [ 73.1439186, 28.1652124, 0.0 ] ], [ [ 73.143756, 28.1648984, 0.0 ], [ 73.1437791, 28.1648987, 0.0 ], [ 73.1437739, 28.165202, 0.0 ], [ 73.1437508, 28.1652017, 0.0 ], [ 73.143756, 28.1648984, 0.0 ] ], [ [ 73.1437, 28.1648977, 0.0 ], [ 73.1437232, 28.164898, 0.0 ], [ 73.1437179, 28.1652013, 0.0 ], [ 73.1436948, 28.1652009, 0.0 ], [ 73.1437, 28.1648977, 0.0 ] ], [ [ 73.1437506, 28.1652101, 0.0 ], [ 73.1437738, 28.1652104, 0.0 ], [ 73.1437685, 28.1655137, 0.0 ], [ 73.1437454, 28.1655134, 0.0 ], [ 73.1437506, 28.1652101, 0.0 ] ], [ [ 73.1436946, 28.1652094, 0.0 ], [ 73.1437178, 28.1652097, 0.0 ], [ 73.1437125, 28.1655129, 0.0 ], [ 73.1436894, 28.1655126, 0.0 ], [ 73.1436946, 28.1652094, 0.0 ] ], [ [ 73.143644, 28.1648969, 0.0 ], [ 73.1436672, 28.1648972, 0.0 ], [ 73.1436619, 28.1652005, 0.0 ], [ 73.1436388, 28.1652002, 0.0 ], [ 73.143644, 28.1648969, 0.0 ] ], [ [ 73.143588, 28.1648962, 0.0 ], [ 73.1436112, 28.1648965, 0.0 ], [ 73.1436059, 28.1651997, 0.0 ], [ 73.1435828, 28.1651994, 0.0 ], [ 73.143588, 28.1648962, 0.0 ] ], [ [ 73.1436386, 28.1652086, 0.0 ], [ 73.1436618, 28.1652089, 0.0 ], [ 73.1436565, 28.1655122, 0.0 ], [ 73.1436334, 28.1655119, 0.0 ], [ 73.1436386, 28.1652086, 0.0 ] ], [ [ 73.1435827, 28.1652078, 0.0 ], [ 73.1436058, 28.1652082, 0.0 ], [ 73.1436005, 28.1655114, 0.0 ], [ 73.1435774, 28.1655111, 0.0 ], [ 73.1435827, 28.1652078, 0.0 ] ], [ [ 73.143532, 28.1648954, 0.0 ], [ 73.1435552, 28.1648957, 0.0 ], [ 73.1435499, 28.165199, 0.0 ], [ 73.1435268, 28.1651987, 0.0 ], [ 73.143532, 28.1648954, 0.0 ] ], [ [ 73.143476, 28.1648946, 0.0 ], [ 73.1434992, 28.164895, 0.0 ], [ 73.1434939, 28.1651982, 0.0 ], [ 73.1434708, 28.1651979, 0.0 ], [ 73.143476, 28.1648946, 0.0 ] ], [ [ 73.1435267, 28.1652071, 0.0 ], [ 73.1435498, 28.1652074, 0.0 ], [ 73.1435446, 28.1655107, 0.0 ], [ 73.1435214, 28.1655104, 0.0 ], [ 73.1435267, 28.1652071, 0.0 ] ], [ [ 73.1434707, 28.1652063, 0.0 ], [ 73.1434938, 28.1652066, 0.0 ], [ 73.1434886, 28.1655099, 0.0 ], [ 73.1434654, 28.1655096, 0.0 ], [ 73.1434707, 28.1652063, 0.0 ] ], [ [ 73.1434201, 28.1648939, 0.0 ], [ 73.1434432, 28.1648942, 0.0 ], [ 73.1434379, 28.1651975, 0.0 ], [ 73.1434148, 28.1651971, 0.0 ], [ 73.1434201, 28.1648939, 0.0 ] ], [ [ 73.1433641, 28.1648931, 0.0 ], [ 73.1433872, 28.1648934, 0.0 ], [ 73.143382, 28.1651967, 0.0 ], [ 73.1433588, 28.1651964, 0.0 ], [ 73.1433641, 28.1648931, 0.0 ] ], [ [ 73.1434147, 28.1652056, 0.0 ], [ 73.1434378, 28.1652059, 0.0 ], [ 73.1434326, 28.1655091, 0.0 ], [ 73.1434094, 28.1655088, 0.0 ], [ 73.1434147, 28.1652056, 0.0 ] ], [ [ 73.1433587, 28.1652048, 0.0 ], [ 73.1433818, 28.1652051, 0.0 ], [ 73.1433766, 28.1655084, 0.0 ], [ 73.1433534, 28.1655081, 0.0 ], [ 73.1433587, 28.1652048, 0.0 ] ], [ [ 73.1438681, 28.164896, 0.0 ], [ 73.1438912, 28.1648963, 0.0 ], [ 73.143886, 28.1651995, 0.0 ], [ 73.1438628, 28.1651992, 0.0 ], [ 73.1438681, 28.164896, 0.0 ] ], [ [ 73.1438121, 28.1648952, 0.0 ], [ 73.1438352, 28.1648955, 0.0 ], [ 73.14383, 28.1651988, 0.0 ], [ 73.1438068, 28.1651985, 0.0 ], [ 73.1438121, 28.1648952, 0.0 ] ], [ [ 73.1438627, 28.1652077, 0.0 ], [ 73.1438858, 28.165208, 0.0 ], [ 73.1438806, 28.1655112, 0.0 ], [ 73.1438575, 28.1655109, 0.0 ], [ 73.1438627, 28.1652077, 0.0 ] ], [ [ 73.1438067, 28.1652069, 0.0 ], [ 73.1438298, 28.1652072, 0.0 ], [ 73.1438246, 28.1655105, 0.0 ], [ 73.1438015, 28.1655102, 0.0 ], [ 73.1438067, 28.1652069, 0.0 ] ], [ [ 73.1431961, 28.1648908, 0.0 ], [ 73.1432192, 28.1648912, 0.0 ], [ 73.143214, 28.1651944, 0.0 ], [ 73.1431908, 28.1651941, 0.0 ], [ 73.1431961, 28.1648908, 0.0 ] ], [ [ 73.1431401, 28.1648901, 0.0 ], [ 73.1431632, 28.1648904, 0.0 ], [ 73.143158, 28.1651937, 0.0 ], [ 73.1431348, 28.1651934, 0.0 ], [ 73.1431401, 28.1648901, 0.0 ] ], [ [ 73.1431907, 28.1652025, 0.0 ], [ 73.1432138, 28.1652028, 0.0 ], [ 73.1432086, 28.1655061, 0.0 ], [ 73.1431855, 28.1655058, 0.0 ], [ 73.1431907, 28.1652025, 0.0 ] ], [ [ 73.1431347, 28.1652018, 0.0 ], [ 73.1431578, 28.1652021, 0.0 ], [ 73.1431526, 28.1655053, 0.0 ], [ 73.1431295, 28.165505, 0.0 ], [ 73.1431347, 28.1652018, 0.0 ] ], [ [ 73.1430841, 28.1648893, 0.0 ], [ 73.1431072, 28.1648896, 0.0 ], [ 73.143102, 28.1651929, 0.0 ], [ 73.1430788, 28.1651926, 0.0 ], [ 73.1430841, 28.1648893, 0.0 ] ], [ [ 73.1430281, 28.1648886, 0.0 ], [ 73.1430512, 28.1648889, 0.0 ], [ 73.143046, 28.1651921, 0.0 ], [ 73.1430229, 28.1651918, 0.0 ], [ 73.1430281, 28.1648886, 0.0 ] ], [ [ 73.1430787, 28.165201, 0.0 ], [ 73.1431018, 28.1652013, 0.0 ], [ 73.1430966, 28.1655046, 0.0 ], [ 73.1430735, 28.1655043, 0.0 ], [ 73.1430787, 28.165201, 0.0 ] ], [ [ 73.1430227, 28.1652002, 0.0 ], [ 73.1430458, 28.1652006, 0.0 ], [ 73.1430406, 28.1655038, 0.0 ], [ 73.1430175, 28.1655035, 0.0 ], [ 73.1430227, 28.1652002, 0.0 ] ], [ [ 73.1429721, 28.1648878, 0.0 ], [ 73.1429952, 28.1648881, 0.0 ], [ 73.14299, 28.1651914, 0.0 ], [ 73.1429669, 28.1651911, 0.0 ], [ 73.1429721, 28.1648878, 0.0 ] ], [ [ 73.1429161, 28.164887, 0.0 ], [ 73.1429392, 28.1648874, 0.0 ], [ 73.142934, 28.1651906, 0.0 ], [ 73.1429109, 28.1651903, 0.0 ], [ 73.1429161, 28.164887, 0.0 ] ], [ [ 73.1429667, 28.1651995, 0.0 ], [ 73.1429898, 28.1651998, 0.0 ], [ 73.1429846, 28.1655031, 0.0 ], [ 73.1429615, 28.1655028, 0.0 ], [ 73.1429667, 28.1651995, 0.0 ] ], [ [ 73.1429107, 28.1651987, 0.0 ], [ 73.1429339, 28.165199, 0.0 ], [ 73.1429286, 28.1655023, 0.0 ], [ 73.1429055, 28.165502, 0.0 ], [ 73.1429107, 28.1651987, 0.0 ] ], [ [ 73.1428601, 28.1648863, 0.0 ], [ 73.1428832, 28.1648866, 0.0 ], [ 73.142878, 28.1651899, 0.0 ], [ 73.1428549, 28.1651896, 0.0 ], [ 73.1428601, 28.1648863, 0.0 ] ], [ [ 73.1428041, 28.1648855, 0.0 ], [ 73.1428272, 28.1648858, 0.0 ], [ 73.142822, 28.1651891, 0.0 ], [ 73.1427989, 28.1651888, 0.0 ], [ 73.1428041, 28.1648855, 0.0 ] ], [ [ 73.1428547, 28.165198, 0.0 ], [ 73.1428779, 28.1651983, 0.0 ], [ 73.1428726, 28.1655016, 0.0 ], [ 73.1428495, 28.1655012, 0.0 ], [ 73.1428547, 28.165198, 0.0 ] ], [ [ 73.1427987, 28.1651972, 0.0 ], [ 73.1428219, 28.1651975, 0.0 ], [ 73.1428166, 28.1655008, 0.0 ], [ 73.1427935, 28.1655005, 0.0 ], [ 73.1427987, 28.1651972, 0.0 ] ], [ [ 73.1427481, 28.1648848, 0.0 ], [ 73.1427712, 28.1648851, 0.0 ], [ 73.142766, 28.1651883, 0.0 ], [ 73.1427429, 28.165188, 0.0 ], [ 73.1427481, 28.1648848, 0.0 ] ], [ [ 73.1426921, 28.164884, 0.0 ], [ 73.1427153, 28.1648843, 0.0 ], [ 73.14271, 28.1651876, 0.0 ], [ 73.1426869, 28.1651873, 0.0 ], [ 73.1426921, 28.164884, 0.0 ] ], [ [ 73.1427427, 28.1651965, 0.0 ], [ 73.1427659, 28.1651968, 0.0 ], [ 73.1427606, 28.1655, 0.0 ], [ 73.1427375, 28.1654997, 0.0 ], [ 73.1427427, 28.1651965, 0.0 ] ], [ [ 73.1426867, 28.1651957, 0.0 ], [ 73.1427099, 28.165196, 0.0 ], [ 73.1427046, 28.1654993, 0.0 ], [ 73.1426815, 28.165499, 0.0 ], [ 73.1426867, 28.1651957, 0.0 ] ], [ [ 73.1426361, 28.1648832, 0.0 ], [ 73.1426593, 28.1648836, 0.0 ], [ 73.142654, 28.1651868, 0.0 ], [ 73.1426309, 28.1651865, 0.0 ], [ 73.1426361, 28.1648832, 0.0 ] ], [ [ 73.1425801, 28.1648825, 0.0 ], [ 73.1426033, 28.1648828, 0.0 ], [ 73.142598, 28.1651861, 0.0 ], [ 73.1425749, 28.1651858, 0.0 ], [ 73.1425801, 28.1648825, 0.0 ] ], [ [ 73.1426307, 28.1651949, 0.0 ], [ 73.1426539, 28.1651952, 0.0 ], [ 73.1426486, 28.1654985, 0.0 ], [ 73.1426255, 28.1654982, 0.0 ], [ 73.1426307, 28.1651949, 0.0 ] ], [ [ 73.1425748, 28.1651942, 0.0 ], [ 73.1425979, 28.1651945, 0.0 ], [ 73.1425926, 28.1654978, 0.0 ], [ 73.1425695, 28.1654974, 0.0 ], [ 73.1425748, 28.1651942, 0.0 ] ], [ [ 73.1425241, 28.1648817, 0.0 ], [ 73.1425473, 28.164882, 0.0 ], [ 73.142542, 28.1651853, 0.0 ], [ 73.1425189, 28.165185, 0.0 ], [ 73.1425241, 28.1648817, 0.0 ] ], [ [ 73.1424681, 28.164881, 0.0 ], [ 73.1424913, 28.1648813, 0.0 ], [ 73.142486, 28.1651846, 0.0 ], [ 73.1424629, 28.1651842, 0.0 ], [ 73.1424681, 28.164881, 0.0 ] ], [ [ 73.1425188, 28.1651934, 0.0 ], [ 73.1425419, 28.1651937, 0.0 ], [ 73.1425367, 28.165497, 0.0 ], [ 73.1425135, 28.1654967, 0.0 ], [ 73.1425188, 28.1651934, 0.0 ] ], [ [ 73.1424628, 28.1651927, 0.0 ], [ 73.1424859, 28.165193, 0.0 ], [ 73.1424807, 28.1654962, 0.0 ], [ 73.1424575, 28.1654959, 0.0 ], [ 73.1424628, 28.1651927, 0.0 ] ], [ [ 73.1424122, 28.1648802, 0.0 ], [ 73.1424353, 28.1648805, 0.0 ], [ 73.14243, 28.1651838, 0.0 ], [ 73.1424069, 28.1651835, 0.0 ], [ 73.1424122, 28.1648802, 0.0 ] ], [ [ 73.1423562, 28.1648794, 0.0 ], [ 73.1423793, 28.1648798, 0.0 ], [ 73.1423741, 28.165183, 0.0 ], [ 73.1423509, 28.1651827, 0.0 ], [ 73.1423562, 28.1648794, 0.0 ] ], [ [ 73.1424068, 28.1651919, 0.0 ], [ 73.1424299, 28.1651922, 0.0 ], [ 73.1424247, 28.1654955, 0.0 ], [ 73.1424015, 28.1654952, 0.0 ], [ 73.1424068, 28.1651919, 0.0 ] ], [ [ 73.1423508, 28.1651911, 0.0 ], [ 73.1423739, 28.1651914, 0.0 ], [ 73.1423687, 28.1654947, 0.0 ], [ 73.1423455, 28.1654944, 0.0 ], [ 73.1423508, 28.1651911, 0.0 ] ], [ [ 73.1423002, 28.1648787, 0.0 ], [ 73.1423233, 28.164879, 0.0 ], [ 73.1423181, 28.1651823, 0.0 ], [ 73.1422949, 28.165182, 0.0 ], [ 73.1423002, 28.1648787, 0.0 ] ], [ [ 73.1422442, 28.1648779, 0.0 ], [ 73.1422673, 28.1648782, 0.0 ], [ 73.1422621, 28.1651815, 0.0 ], [ 73.1422389, 28.1651812, 0.0 ], [ 73.1422442, 28.1648779, 0.0 ] ], [ [ 73.1422948, 28.1651904, 0.0 ], [ 73.1423179, 28.1651907, 0.0 ], [ 73.1423127, 28.165494, 0.0 ], [ 73.1422895, 28.1654936, 0.0 ], [ 73.1422948, 28.1651904, 0.0 ] ], [ [ 73.1422388, 28.1651896, 0.0 ], [ 73.1422619, 28.1651899, 0.0 ], [ 73.1422567, 28.1654932, 0.0 ], [ 73.1422335, 28.1654929, 0.0 ], [ 73.1422388, 28.1651896, 0.0 ] ], [ [ 73.1421882, 28.1648772, 0.0 ], [ 73.1422113, 28.1648775, 0.0 ], [ 73.1422061, 28.1651808, 0.0 ], [ 73.1421829, 28.1651804, 0.0 ], [ 73.1421882, 28.1648772, 0.0 ] ], [ [ 73.1421322, 28.1648764, 0.0 ], [ 73.1421553, 28.1648767, 0.0 ], [ 73.1421501, 28.16518, 0.0 ], [ 73.1421269, 28.1651797, 0.0 ], [ 73.1421322, 28.1648764, 0.0 ] ], [ [ 73.1421828, 28.1651889, 0.0 ], [ 73.1422059, 28.1651892, 0.0 ], [ 73.1422007, 28.1654924, 0.0 ], [ 73.1421776, 28.1654921, 0.0 ], [ 73.1421828, 28.1651889, 0.0 ] ], [ [ 73.1421268, 28.1651881, 0.0 ], [ 73.1421499, 28.1651884, 0.0 ], [ 73.1421447, 28.1654917, 0.0 ], [ 73.1421216, 28.1654914, 0.0 ], [ 73.1421268, 28.1651881, 0.0 ] ], [ [ 73.1420762, 28.1648757, 0.0 ], [ 73.1420993, 28.164876, 0.0 ], [ 73.1420941, 28.1651792, 0.0 ], [ 73.1420709, 28.1651789, 0.0 ], [ 73.1420762, 28.1648757, 0.0 ] ], [ [ 73.1420202, 28.1648749, 0.0 ], [ 73.1420433, 28.1648752, 0.0 ], [ 73.1420381, 28.1651785, 0.0 ], [ 73.142015, 28.1651782, 0.0 ], [ 73.1420202, 28.1648749, 0.0 ] ], [ [ 73.1420708, 28.1651873, 0.0 ], [ 73.1420939, 28.1651876, 0.0 ], [ 73.1420887, 28.1654909, 0.0 ], [ 73.1420656, 28.1654906, 0.0 ], [ 73.1420708, 28.1651873, 0.0 ] ], [ [ 73.1420148, 28.1651866, 0.0 ], [ 73.1420379, 28.1651869, 0.0 ], [ 73.1420327, 28.1654902, 0.0 ], [ 73.1420096, 28.1654898, 0.0 ], [ 73.1420148, 28.1651866, 0.0 ] ], [ [ 73.1419642, 28.1648741, 0.0 ], [ 73.1419873, 28.1648744, 0.0 ], [ 73.1419821, 28.1651777, 0.0 ], [ 73.141959, 28.1651774, 0.0 ], [ 73.1419642, 28.1648741, 0.0 ] ], [ [ 73.1419082, 28.1648734, 0.0 ], [ 73.1419313, 28.1648737, 0.0 ], [ 73.1419261, 28.165177, 0.0 ], [ 73.141903, 28.1651766, 0.0 ], [ 73.1419082, 28.1648734, 0.0 ] ], [ [ 73.1419588, 28.1651858, 0.0 ], [ 73.1419819, 28.1651861, 0.0 ], [ 73.1419767, 28.1654894, 0.0 ], [ 73.1419536, 28.1654891, 0.0 ], [ 73.1419588, 28.1651858, 0.0 ] ], [ [ 73.1419028, 28.1651851, 0.0 ], [ 73.1419259, 28.1651854, 0.0 ], [ 73.1419207, 28.1654886, 0.0 ], [ 73.1418976, 28.1654883, 0.0 ], [ 73.1419028, 28.1651851, 0.0 ] ], [ [ 73.1418522, 28.1648726, 0.0 ], [ 73.1418753, 28.1648729, 0.0 ], [ 73.1418701, 28.1651762, 0.0 ], [ 73.141847, 28.1651759, 0.0 ], [ 73.1418522, 28.1648726, 0.0 ] ], [ [ 73.1417962, 28.1648719, 0.0 ], [ 73.1418193, 28.1648722, 0.0 ], [ 73.1418141, 28.1651754, 0.0 ], [ 73.141791, 28.1651751, 0.0 ], [ 73.1417962, 28.1648719, 0.0 ] ], [ [ 73.1418468, 28.1651843, 0.0 ], [ 73.14187, 28.1651846, 0.0 ], [ 73.1418647, 28.1654879, 0.0 ], [ 73.1418416, 28.1654876, 0.0 ], [ 73.1418468, 28.1651843, 0.0 ] ], [ [ 73.1417908, 28.1651835, 0.0 ], [ 73.141814, 28.1651839, 0.0 ], [ 73.1418087, 28.1654871, 0.0 ], [ 73.1417856, 28.1654868, 0.0 ], [ 73.1417908, 28.1651835, 0.0 ] ], [ [ 73.1417402, 28.1648711, 0.0 ], [ 73.1417634, 28.1648714, 0.0 ], [ 73.1417581, 28.1651747, 0.0 ], [ 73.141735, 28.1651744, 0.0 ], [ 73.1417402, 28.1648711, 0.0 ] ], [ [ 73.1416842, 28.1648703, 0.0 ], [ 73.1417074, 28.1648706, 0.0 ], [ 73.1417021, 28.1651739, 0.0 ], [ 73.141679, 28.1651736, 0.0 ], [ 73.1416842, 28.1648703, 0.0 ] ], [ [ 73.1417348, 28.1651828, 0.0 ], [ 73.141758, 28.1651831, 0.0 ], [ 73.1417527, 28.1654864, 0.0 ], [ 73.1417296, 28.165486, 0.0 ], [ 73.1417348, 28.1651828, 0.0 ] ], [ [ 73.1416788, 28.165182, 0.0 ], [ 73.141702, 28.1651823, 0.0 ], [ 73.1416967, 28.1654856, 0.0 ], [ 73.1416736, 28.1654853, 0.0 ], [ 73.1416788, 28.165182, 0.0 ] ], [ [ 73.1416282, 28.1648696, 0.0 ], [ 73.1416514, 28.1648699, 0.0 ], [ 73.1416461, 28.1651732, 0.0 ], [ 73.141623, 28.1651728, 0.0 ], [ 73.1416282, 28.1648696, 0.0 ] ], [ [ 73.1415722, 28.1648688, 0.0 ], [ 73.1415954, 28.1648691, 0.0 ], [ 73.1415901, 28.1651724, 0.0 ], [ 73.141567, 28.1651721, 0.0 ], [ 73.1415722, 28.1648688, 0.0 ] ], [ [ 73.1416228, 28.1651813, 0.0 ], [ 73.141646, 28.1651816, 0.0 ], [ 73.1416407, 28.1654848, 0.0 ], [ 73.1416176, 28.1654845, 0.0 ], [ 73.1416228, 28.1651813, 0.0 ] ], [ [ 73.1415669, 28.1651805, 0.0 ], [ 73.14159, 28.1651808, 0.0 ], [ 73.1415847, 28.1654841, 0.0 ], [ 73.1415616, 28.1654838, 0.0 ], [ 73.1415669, 28.1651805, 0.0 ] ], [ [ 73.1415162, 28.1648681, 0.0 ], [ 73.1415394, 28.1648684, 0.0 ], [ 73.1415341, 28.1651716, 0.0 ], [ 73.141511, 28.1651713, 0.0 ], [ 73.1415162, 28.1648681, 0.0 ] ], [ [ 73.1414603, 28.1648673, 0.0 ], [ 73.1414834, 28.1648676, 0.0 ], [ 73.1414781, 28.1651709, 0.0 ], [ 73.141455, 28.1651706, 0.0 ], [ 73.1414603, 28.1648673, 0.0 ] ], [ [ 73.1415109, 28.1651797, 0.0 ], [ 73.141534, 28.1651801, 0.0 ], [ 73.1415287, 28.1654833, 0.0 ], [ 73.1415056, 28.165483, 0.0 ], [ 73.1415109, 28.1651797, 0.0 ] ], [ [ 73.1414549, 28.165179, 0.0 ], [ 73.141478, 28.1651793, 0.0 ], [ 73.1414728, 28.1654826, 0.0 ], [ 73.1414496, 28.1654822, 0.0 ], [ 73.1414549, 28.165179, 0.0 ] ], [ [ 73.1414043, 28.1648665, 0.0 ], [ 73.1414274, 28.1648668, 0.0 ], [ 73.1414221, 28.1651701, 0.0 ], [ 73.141399, 28.1651698, 0.0 ], [ 73.1414043, 28.1648665, 0.0 ] ], [ [ 73.1413483, 28.1648658, 0.0 ], [ 73.1413714, 28.1648661, 0.0 ], [ 73.1413662, 28.1651694, 0.0 ], [ 73.141343, 28.165169, 0.0 ], [ 73.1413483, 28.1648658, 0.0 ] ], [ [ 73.1413989, 28.1651782, 0.0 ], [ 73.141422, 28.1651785, 0.0 ], [ 73.1414168, 28.1654818, 0.0 ], [ 73.1413936, 28.1654815, 0.0 ], [ 73.1413989, 28.1651782, 0.0 ] ], [ [ 73.1413429, 28.1651775, 0.0 ], [ 73.141366, 28.1651778, 0.0 ], [ 73.1413608, 28.165481, 0.0 ], [ 73.1413376, 28.1654807, 0.0 ], [ 73.1413429, 28.1651775, 0.0 ] ], [ [ 73.1412923, 28.164865, 0.0 ], [ 73.1413154, 28.1648653, 0.0 ], [ 73.1413102, 28.1651686, 0.0 ], [ 73.141287, 28.1651683, 0.0 ], [ 73.1412923, 28.164865, 0.0 ] ], [ [ 73.1412363, 28.1648643, 0.0 ], [ 73.1412594, 28.1648646, 0.0 ], [ 73.1412542, 28.1651678, 0.0 ], [ 73.141231, 28.1651675, 0.0 ], [ 73.1412363, 28.1648643, 0.0 ] ], [ [ 73.1412869, 28.1651767, 0.0 ], [ 73.14131, 28.165177, 0.0 ], [ 73.1413048, 28.1654803, 0.0 ], [ 73.1412816, 28.16548, 0.0 ], [ 73.1412869, 28.1651767, 0.0 ] ], [ [ 73.1412309, 28.1651759, 0.0 ], [ 73.141254, 28.1651763, 0.0 ], [ 73.1412488, 28.1654795, 0.0 ], [ 73.1412256, 28.1654792, 0.0 ], [ 73.1412309, 28.1651759, 0.0 ] ], [ [ 73.1443267, 28.1642866, 0.0 ], [ 73.1443498, 28.1642869, 0.0 ], [ 73.1443445, 28.1645901, 0.0 ], [ 73.1443214, 28.1645898, 0.0 ], [ 73.1443267, 28.1642866, 0.0 ] ], [ [ 73.1442707, 28.1642858, 0.0 ], [ 73.1442938, 28.1642861, 0.0 ], [ 73.1442886, 28.1645894, 0.0 ], [ 73.1442654, 28.1645891, 0.0 ], [ 73.1442707, 28.1642858, 0.0 ] ], [ [ 73.1443213, 28.1645982, 0.0 ], [ 73.1443444, 28.1645986, 0.0 ], [ 73.1443392, 28.1649018, 0.0 ], [ 73.144316, 28.1649015, 0.0 ], [ 73.1443213, 28.1645982, 0.0 ] ], [ [ 73.1442653, 28.1645975, 0.0 ], [ 73.1442884, 28.1645978, 0.0 ], [ 73.1442832, 28.1649011, 0.0 ], [ 73.14426, 28.1649008, 0.0 ], [ 73.1442653, 28.1645975, 0.0 ] ], [ [ 73.1442147, 28.164285, 0.0 ], [ 73.1442378, 28.1642854, 0.0 ], [ 73.1442326, 28.1645886, 0.0 ], [ 73.1442094, 28.1645883, 0.0 ], [ 73.1442147, 28.164285, 0.0 ] ], [ [ 73.1441587, 28.1642843, 0.0 ], [ 73.1441818, 28.1642846, 0.0 ], [ 73.1441766, 28.1645879, 0.0 ], [ 73.1441534, 28.1645876, 0.0 ], [ 73.1441587, 28.1642843, 0.0 ] ], [ [ 73.1442093, 28.1645967, 0.0 ], [ 73.1442324, 28.164597, 0.0 ], [ 73.1442272, 28.1649003, 0.0 ], [ 73.144204, 28.1649, 0.0 ], [ 73.1442093, 28.1645967, 0.0 ] ], [ [ 73.1441533, 28.164596, 0.0 ], [ 73.1441764, 28.1645963, 0.0 ], [ 73.1441712, 28.1648995, 0.0 ], [ 73.1441481, 28.1648992, 0.0 ], [ 73.1441533, 28.164596, 0.0 ] ], [ [ 73.1441027, 28.1642835, 0.0 ], [ 73.1441258, 28.1642838, 0.0 ], [ 73.1441206, 28.1645871, 0.0 ], [ 73.1440974, 28.1645868, 0.0 ], [ 73.1441027, 28.1642835, 0.0 ] ], [ [ 73.1440467, 28.1642828, 0.0 ], [ 73.1440698, 28.1642831, 0.0 ], [ 73.1440646, 28.1645863, 0.0 ], [ 73.1440414, 28.164586, 0.0 ], [ 73.1440467, 28.1642828, 0.0 ] ], [ [ 73.1440973, 28.1645952, 0.0 ], [ 73.1441204, 28.1645955, 0.0 ], [ 73.1441152, 28.1648988, 0.0 ], [ 73.1440921, 28.1648985, 0.0 ], [ 73.1440973, 28.1645952, 0.0 ] ], [ [ 73.1440413, 28.1645945, 0.0 ], [ 73.1440644, 28.1645948, 0.0 ], [ 73.1440592, 28.164898, 0.0 ], [ 73.1440361, 28.1648977, 0.0 ], [ 73.1440413, 28.1645945, 0.0 ] ], [ [ 73.1439907, 28.164282, 0.0 ], [ 73.1440138, 28.1642823, 0.0 ], [ 73.1440086, 28.1645856, 0.0 ], [ 73.1439855, 28.1645853, 0.0 ], [ 73.1439907, 28.164282, 0.0 ] ], [ [ 73.1439347, 28.1642812, 0.0 ], [ 73.1439578, 28.1642816, 0.0 ], [ 73.1439526, 28.1645848, 0.0 ], [ 73.1439295, 28.1645845, 0.0 ], [ 73.1439347, 28.1642812, 0.0 ] ], [ [ 73.1439853, 28.1645937, 0.0 ], [ 73.1440084, 28.164594, 0.0 ], [ 73.1440032, 28.1648973, 0.0 ], [ 73.1439801, 28.164897, 0.0 ], [ 73.1439853, 28.1645937, 0.0 ] ], [ [ 73.1439293, 28.1645929, 0.0 ], [ 73.1439524, 28.1645932, 0.0 ], [ 73.1439472, 28.1648965, 0.0 ], [ 73.1439241, 28.1648962, 0.0 ], [ 73.1439293, 28.1645929, 0.0 ] ], [ [ 73.1437667, 28.164279, 0.0 ], [ 73.1437898, 28.1642793, 0.0 ], [ 73.1437846, 28.1645826, 0.0 ], [ 73.1437615, 28.1645822, 0.0 ], [ 73.1437667, 28.164279, 0.0 ] ], [ [ 73.1437107, 28.1642782, 0.0 ], [ 73.1437338, 28.1642785, 0.0 ], [ 73.1437286, 28.1645818, 0.0 ], [ 73.1437055, 28.1645815, 0.0 ], [ 73.1437107, 28.1642782, 0.0 ] ], [ [ 73.1437613, 28.1645907, 0.0 ], [ 73.1437845, 28.164591, 0.0 ], [ 73.1437792, 28.1648942, 0.0 ], [ 73.1437561, 28.1648939, 0.0 ], [ 73.1437613, 28.1645907, 0.0 ] ], [ [ 73.1437053, 28.1645899, 0.0 ], [ 73.1437285, 28.1645902, 0.0 ], [ 73.1437232, 28.1648935, 0.0 ], [ 73.1437001, 28.1648932, 0.0 ], [ 73.1437053, 28.1645899, 0.0 ] ], [ [ 73.1436547, 28.1642775, 0.0 ], [ 73.1436779, 28.1642778, 0.0 ], [ 73.1436726, 28.164581, 0.0 ], [ 73.1436495, 28.1645807, 0.0 ], [ 73.1436547, 28.1642775, 0.0 ] ], [ [ 73.1435987, 28.1642767, 0.0 ], [ 73.1436219, 28.164277, 0.0 ], [ 73.1436166, 28.1645803, 0.0 ], [ 73.1435935, 28.16458, 0.0 ], [ 73.1435987, 28.1642767, 0.0 ] ], [ [ 73.1436493, 28.1645891, 0.0 ], [ 73.1436725, 28.1645895, 0.0 ], [ 73.1436672, 28.1648927, 0.0 ], [ 73.1436441, 28.1648924, 0.0 ], [ 73.1436493, 28.1645891, 0.0 ] ], [ [ 73.1435933, 28.1645884, 0.0 ], [ 73.1436165, 28.1645887, 0.0 ], [ 73.1436112, 28.164892, 0.0 ], [ 73.1435881, 28.1648916, 0.0 ], [ 73.1435933, 28.1645884, 0.0 ] ], [ [ 73.1435427, 28.1642759, 0.0 ], [ 73.1435659, 28.1642762, 0.0 ], [ 73.1435606, 28.1645795, 0.0 ], [ 73.1435375, 28.1645792, 0.0 ], [ 73.1435427, 28.1642759, 0.0 ] ], [ [ 73.1434867, 28.1642752, 0.0 ], [ 73.1435099, 28.1642755, 0.0 ], [ 73.1435046, 28.1645788, 0.0 ], [ 73.1434815, 28.1645784, 0.0 ], [ 73.1434867, 28.1642752, 0.0 ] ], [ [ 73.1435374, 28.1645876, 0.0 ], [ 73.1435605, 28.1645879, 0.0 ], [ 73.1435552, 28.1648912, 0.0 ], [ 73.1435321, 28.1648909, 0.0 ], [ 73.1435374, 28.1645876, 0.0 ] ], [ [ 73.1434814, 28.1645869, 0.0 ], [ 73.1435045, 28.1645872, 0.0 ], [ 73.1434993, 28.1648904, 0.0 ], [ 73.1434761, 28.1648901, 0.0 ], [ 73.1434814, 28.1645869, 0.0 ] ], [ [ 73.1434307, 28.1642744, 0.0 ], [ 73.1434539, 28.1642747, 0.0 ], [ 73.1434486, 28.164578, 0.0 ], [ 73.1434255, 28.1645777, 0.0 ], [ 73.1434307, 28.1642744, 0.0 ] ], [ [ 73.1433748, 28.1642737, 0.0 ], [ 73.1433979, 28.164274, 0.0 ], [ 73.1433926, 28.1645772, 0.0 ], [ 73.1433695, 28.1645769, 0.0 ], [ 73.1433748, 28.1642737, 0.0 ] ], [ [ 73.1434254, 28.1645861, 0.0 ], [ 73.1434485, 28.1645864, 0.0 ], [ 73.1434433, 28.1648897, 0.0 ], [ 73.1434201, 28.1648894, 0.0 ], [ 73.1434254, 28.1645861, 0.0 ] ], [ [ 73.1433694, 28.1645853, 0.0 ], [ 73.1433925, 28.1645857, 0.0 ], [ 73.1433873, 28.1648889, 0.0 ], [ 73.1433641, 28.1648886, 0.0 ], [ 73.1433694, 28.1645853, 0.0 ] ], [ [ 73.1438788, 28.1642765, 0.0 ], [ 73.1439019, 28.1642768, 0.0 ], [ 73.1438967, 28.1645801, 0.0 ], [ 73.1438735, 28.1645798, 0.0 ], [ 73.1438788, 28.1642765, 0.0 ] ], [ [ 73.1438228, 28.1642757, 0.0 ], [ 73.1438459, 28.1642761, 0.0 ], [ 73.1438407, 28.1645793, 0.0 ], [ 73.1438175, 28.164579, 0.0 ], [ 73.1438228, 28.1642757, 0.0 ] ], [ [ 73.1438734, 28.1645882, 0.0 ], [ 73.1438965, 28.1645885, 0.0 ], [ 73.1438913, 28.1648918, 0.0 ], [ 73.1438682, 28.1648915, 0.0 ], [ 73.1438734, 28.1645882, 0.0 ] ], [ [ 73.1438174, 28.1645874, 0.0 ], [ 73.1438405, 28.1645877, 0.0 ], [ 73.1438353, 28.164891, 0.0 ], [ 73.1438122, 28.1648907, 0.0 ], [ 73.1438174, 28.1645874, 0.0 ] ], [ [ 73.1432068, 28.1642714, 0.0 ], [ 73.1432299, 28.1642717, 0.0 ], [ 73.1432247, 28.164575, 0.0 ], [ 73.1432015, 28.1645746, 0.0 ], [ 73.1432068, 28.1642714, 0.0 ] ], [ [ 73.1431508, 28.1642706, 0.0 ], [ 73.1431739, 28.1642709, 0.0 ], [ 73.1431687, 28.1645742, 0.0 ], [ 73.1431455, 28.1645739, 0.0 ], [ 73.1431508, 28.1642706, 0.0 ] ], [ [ 73.1432014, 28.1645831, 0.0 ], [ 73.1432245, 28.1645834, 0.0 ], [ 73.1432193, 28.1648866, 0.0 ], [ 73.1431962, 28.1648863, 0.0 ], [ 73.1432014, 28.1645831, 0.0 ] ], [ [ 73.1431454, 28.1645823, 0.0 ], [ 73.1431685, 28.1645826, 0.0 ], [ 73.1431633, 28.1648859, 0.0 ], [ 73.1431402, 28.1648856, 0.0 ], [ 73.1431454, 28.1645823, 0.0 ] ], [ [ 73.1430948, 28.1642699, 0.0 ], [ 73.1431179, 28.1642702, 0.0 ], [ 73.1431127, 28.1645734, 0.0 ], [ 73.1430895, 28.1645731, 0.0 ], [ 73.1430948, 28.1642699, 0.0 ] ], [ [ 73.1430388, 28.1642691, 0.0 ], [ 73.1430619, 28.1642694, 0.0 ], [ 73.1430567, 28.1645727, 0.0 ], [ 73.1430336, 28.1645724, 0.0 ], [ 73.1430388, 28.1642691, 0.0 ] ], [ [ 73.1430894, 28.1645815, 0.0 ], [ 73.1431125, 28.1645819, 0.0 ], [ 73.1431073, 28.1648851, 0.0 ], [ 73.1430842, 28.1648848, 0.0 ], [ 73.1430894, 28.1645815, 0.0 ] ], [ [ 73.1430334, 28.1645808, 0.0 ], [ 73.1430565, 28.1645811, 0.0 ], [ 73.1430513, 28.1648844, 0.0 ], [ 73.1430282, 28.1648841, 0.0 ], [ 73.1430334, 28.1645808, 0.0 ] ], [ [ 73.1429828, 28.1642683, 0.0 ], [ 73.1430059, 28.1642687, 0.0 ], [ 73.1430007, 28.1645719, 0.0 ], [ 73.1429776, 28.1645716, 0.0 ], [ 73.1429828, 28.1642683, 0.0 ] ], [ [ 73.1429268, 28.1642676, 0.0 ], [ 73.1429499, 28.1642679, 0.0 ], [ 73.1429447, 28.1645712, 0.0 ], [ 73.1429216, 28.1645708, 0.0 ], [ 73.1429268, 28.1642676, 0.0 ] ], [ [ 73.1429774, 28.16458, 0.0 ], [ 73.1430005, 28.1645803, 0.0 ], [ 73.1429953, 28.1648836, 0.0 ], [ 73.1429722, 28.1648833, 0.0 ], [ 73.1429774, 28.16458, 0.0 ] ], [ [ 73.1429214, 28.1645793, 0.0 ], [ 73.1429445, 28.1645796, 0.0 ], [ 73.1429393, 28.1648828, 0.0 ], [ 73.1429162, 28.1648825, 0.0 ], [ 73.1429214, 28.1645793, 0.0 ] ], [ [ 73.1428708, 28.1642668, 0.0 ], [ 73.1428939, 28.1642671, 0.0 ], [ 73.1428887, 28.1645704, 0.0 ], [ 73.1428656, 28.1645701, 0.0 ], [ 73.1428708, 28.1642668, 0.0 ] ], [ [ 73.1428148, 28.1642661, 0.0 ], [ 73.1428379, 28.1642664, 0.0 ], [ 73.1428327, 28.1645696, 0.0 ], [ 73.1428096, 28.1645693, 0.0 ], [ 73.1428148, 28.1642661, 0.0 ] ], [ [ 73.1428654, 28.1645785, 0.0 ], [ 73.1428886, 28.1645788, 0.0 ], [ 73.1428833, 28.1648821, 0.0 ], [ 73.1428602, 28.1648818, 0.0 ], [ 73.1428654, 28.1645785, 0.0 ] ], [ [ 73.1428094, 28.1645777, 0.0 ], [ 73.1428326, 28.1645781, 0.0 ], [ 73.1428273, 28.1648813, 0.0 ], [ 73.1428042, 28.164881, 0.0 ], [ 73.1428094, 28.1645777, 0.0 ] ], [ [ 73.1427588, 28.1642653, 0.0 ], [ 73.1427819, 28.1642656, 0.0 ], [ 73.1427767, 28.1645689, 0.0 ], [ 73.1427536, 28.1645686, 0.0 ], [ 73.1427588, 28.1642653, 0.0 ] ], [ [ 73.1427028, 28.1642645, 0.0 ], [ 73.142726, 28.1642649, 0.0 ], [ 73.1427207, 28.1645681, 0.0 ], [ 73.1426976, 28.1645678, 0.0 ], [ 73.1427028, 28.1642645, 0.0 ] ], [ [ 73.1427534, 28.164577, 0.0 ], [ 73.1427766, 28.1645773, 0.0 ], [ 73.1427713, 28.1648806, 0.0 ], [ 73.1427482, 28.1648803, 0.0 ], [ 73.1427534, 28.164577, 0.0 ] ], [ [ 73.1426974, 28.1645762, 0.0 ], [ 73.1427206, 28.1645765, 0.0 ], [ 73.1427153, 28.1648798, 0.0 ], [ 73.1426922, 28.1648795, 0.0 ], [ 73.1426974, 28.1645762, 0.0 ] ], [ [ 73.1426468, 28.1642638, 0.0 ], [ 73.14267, 28.1642641, 0.0 ], [ 73.1426647, 28.1645674, 0.0 ], [ 73.1426416, 28.1645671, 0.0 ], [ 73.1426468, 28.1642638, 0.0 ] ], [ [ 73.1425908, 28.164263, 0.0 ], [ 73.142614, 28.1642633, 0.0 ], [ 73.1426087, 28.1645666, 0.0 ], [ 73.1425856, 28.1645663, 0.0 ], [ 73.1425908, 28.164263, 0.0 ] ], [ [ 73.1426414, 28.1645755, 0.0 ], [ 73.1426646, 28.1645758, 0.0 ], [ 73.1426593, 28.1648791, 0.0 ], [ 73.1426362, 28.1648787, 0.0 ], [ 73.1426414, 28.1645755, 0.0 ] ], [ [ 73.1425855, 28.1645747, 0.0 ], [ 73.1426086, 28.164575, 0.0 ], [ 73.1426033, 28.1648783, 0.0 ], [ 73.1425802, 28.164878, 0.0 ], [ 73.1425855, 28.1645747, 0.0 ] ], [ [ 73.1425348, 28.1642623, 0.0 ], [ 73.142558, 28.1642626, 0.0 ], [ 73.1425527, 28.1645658, 0.0 ], [ 73.1425296, 28.1645655, 0.0 ], [ 73.1425348, 28.1642623, 0.0 ] ], [ [ 73.1424788, 28.1642615, 0.0 ], [ 73.142502, 28.1642618, 0.0 ], [ 73.1424967, 28.1645651, 0.0 ], [ 73.1424736, 28.1645648, 0.0 ], [ 73.1424788, 28.1642615, 0.0 ] ], [ [ 73.1425295, 28.164574, 0.0 ], [ 73.1425526, 28.1645743, 0.0 ], [ 73.1425474, 28.1648775, 0.0 ], [ 73.1425242, 28.1648772, 0.0 ], [ 73.1425295, 28.164574, 0.0 ] ], [ [ 73.1424735, 28.1645732, 0.0 ], [ 73.1424966, 28.1645735, 0.0 ], [ 73.1424914, 28.1648768, 0.0 ], [ 73.1424682, 28.1648765, 0.0 ], [ 73.1424735, 28.1645732, 0.0 ] ], [ [ 73.1424229, 28.1642607, 0.0 ], [ 73.142446, 28.1642611, 0.0 ], [ 73.1424407, 28.1645643, 0.0 ], [ 73.1424176, 28.164564, 0.0 ], [ 73.1424229, 28.1642607, 0.0 ] ], [ [ 73.1423669, 28.16426, 0.0 ], [ 73.14239, 28.1642603, 0.0 ], [ 73.1423848, 28.1645636, 0.0 ], [ 73.1423616, 28.1645633, 0.0 ], [ 73.1423669, 28.16426, 0.0 ] ], [ [ 73.1424175, 28.1645724, 0.0 ], [ 73.1424406, 28.1645727, 0.0 ], [ 73.1424354, 28.164876, 0.0 ], [ 73.1424122, 28.1648757, 0.0 ], [ 73.1424175, 28.1645724, 0.0 ] ], [ [ 73.1423615, 28.1645717, 0.0 ], [ 73.1423846, 28.164572, 0.0 ], [ 73.1423794, 28.1648753, 0.0 ], [ 73.1423562, 28.1648749, 0.0 ], [ 73.1423615, 28.1645717, 0.0 ] ], [ [ 73.1423109, 28.1642592, 0.0 ], [ 73.142334, 28.1642595, 0.0 ], [ 73.1423288, 28.1645628, 0.0 ], [ 73.1423056, 28.1645625, 0.0 ], [ 73.1423109, 28.1642592, 0.0 ] ], [ [ 73.1422549, 28.1642585, 0.0 ], [ 73.142278, 28.1642588, 0.0 ], [ 73.1422728, 28.164562, 0.0 ], [ 73.1422496, 28.1645617, 0.0 ], [ 73.1422549, 28.1642585, 0.0 ] ], [ [ 73.1423055, 28.1645709, 0.0 ], [ 73.1423286, 28.1645712, 0.0 ], [ 73.1423234, 28.1648745, 0.0 ], [ 73.1423002, 28.1648742, 0.0 ], [ 73.1423055, 28.1645709, 0.0 ] ], [ [ 73.1422495, 28.1645702, 0.0 ], [ 73.1422726, 28.1645705, 0.0 ], [ 73.1422674, 28.1648737, 0.0 ], [ 73.1422442, 28.1648734, 0.0 ], [ 73.1422495, 28.1645702, 0.0 ] ], [ [ 73.1421989, 28.1642577, 0.0 ], [ 73.142222, 28.164258, 0.0 ], [ 73.1422168, 28.1645613, 0.0 ], [ 73.1421936, 28.164561, 0.0 ], [ 73.1421989, 28.1642577, 0.0 ] ], [ [ 73.1421429, 28.1642569, 0.0 ], [ 73.142166, 28.1642573, 0.0 ], [ 73.1421608, 28.1645605, 0.0 ], [ 73.1421376, 28.1645602, 0.0 ], [ 73.1421429, 28.1642569, 0.0 ] ], [ [ 73.1421935, 28.1645694, 0.0 ], [ 73.1422166, 28.1645697, 0.0 ], [ 73.1422114, 28.164873, 0.0 ], [ 73.1421883, 28.1648727, 0.0 ], [ 73.1421935, 28.1645694, 0.0 ] ], [ [ 73.1421375, 28.1645686, 0.0 ], [ 73.1421606, 28.1645689, 0.0 ], [ 73.1421554, 28.1648722, 0.0 ], [ 73.1421323, 28.1648719, 0.0 ], [ 73.1421375, 28.1645686, 0.0 ] ], [ [ 73.1420869, 28.1642562, 0.0 ], [ 73.14211, 28.1642565, 0.0 ], [ 73.1421048, 28.1645598, 0.0 ], [ 73.1420817, 28.1645595, 0.0 ], [ 73.1420869, 28.1642562, 0.0 ] ], [ [ 73.1420309, 28.1642554, 0.0 ], [ 73.142054, 28.1642557, 0.0 ], [ 73.1420488, 28.164559, 0.0 ], [ 73.1420257, 28.1645587, 0.0 ], [ 73.1420309, 28.1642554, 0.0 ] ], [ [ 73.1420815, 28.1645679, 0.0 ], [ 73.1421046, 28.1645682, 0.0 ], [ 73.1420994, 28.1648715, 0.0 ], [ 73.1420763, 28.1648711, 0.0 ], [ 73.1420815, 28.1645679, 0.0 ] ], [ [ 73.1420255, 28.1645671, 0.0 ], [ 73.1420486, 28.1645674, 0.0 ], [ 73.1420434, 28.1648707, 0.0 ], [ 73.1420203, 28.1648704, 0.0 ], [ 73.1420255, 28.1645671, 0.0 ] ], [ [ 73.1419749, 28.1642547, 0.0 ], [ 73.141998, 28.164255, 0.0 ], [ 73.1419928, 28.1645582, 0.0 ], [ 73.1419697, 28.1645579, 0.0 ], [ 73.1419749, 28.1642547, 0.0 ] ], [ [ 73.1419189, 28.1642539, 0.0 ], [ 73.141942, 28.1642542, 0.0 ], [ 73.1419368, 28.1645575, 0.0 ], [ 73.1419137, 28.1645572, 0.0 ], [ 73.1419189, 28.1642539, 0.0 ] ], [ [ 73.1419695, 28.1645664, 0.0 ], [ 73.1419926, 28.1645667, 0.0 ], [ 73.1419874, 28.1648699, 0.0 ], [ 73.1419643, 28.1648696, 0.0 ], [ 73.1419695, 28.1645664, 0.0 ] ], [ [ 73.1419135, 28.1645656, 0.0 ], [ 73.1419367, 28.1645659, 0.0 ], [ 73.1419314, 28.1648692, 0.0 ], [ 73.1419083, 28.1648689, 0.0 ], [ 73.1419135, 28.1645656, 0.0 ] ], [ [ 73.1418629, 28.1642531, 0.0 ], [ 73.141886, 28.1642535, 0.0 ], [ 73.1418808, 28.1645567, 0.0 ], [ 73.1418577, 28.1645564, 0.0 ], [ 73.1418629, 28.1642531, 0.0 ] ], [ [ 73.1418069, 28.1642524, 0.0 ], [ 73.1418301, 28.1642527, 0.0 ], [ 73.1418248, 28.164556, 0.0 ], [ 73.1418017, 28.1645557, 0.0 ], [ 73.1418069, 28.1642524, 0.0 ] ], [ [ 73.1418575, 28.1645648, 0.0 ], [ 73.1418807, 28.1645651, 0.0 ], [ 73.1418754, 28.1648684, 0.0 ], [ 73.1418523, 28.1648681, 0.0 ], [ 73.1418575, 28.1645648, 0.0 ] ], [ [ 73.1418015, 28.1645641, 0.0 ], [ 73.1418247, 28.1645644, 0.0 ], [ 73.1418194, 28.1648677, 0.0 ], [ 73.1417963, 28.1648673, 0.0 ], [ 73.1418015, 28.1645641, 0.0 ] ], [ [ 73.1417509, 28.1642516, 0.0 ], [ 73.1417741, 28.1642519, 0.0 ], [ 73.1417688, 28.1645552, 0.0 ], [ 73.1417457, 28.1645549, 0.0 ], [ 73.1417509, 28.1642516, 0.0 ] ], [ [ 73.1416949, 28.1642509, 0.0 ], [ 73.1417181, 28.1642512, 0.0 ], [ 73.1417128, 28.1645544, 0.0 ], [ 73.1416897, 28.1645541, 0.0 ], [ 73.1416949, 28.1642509, 0.0 ] ], [ [ 73.1417455, 28.1645633, 0.0 ], [ 73.1417687, 28.1645636, 0.0 ], [ 73.1417634, 28.1648669, 0.0 ], [ 73.1417403, 28.1648666, 0.0 ], [ 73.1417455, 28.1645633, 0.0 ] ], [ [ 73.1416895, 28.1645626, 0.0 ], [ 73.1417127, 28.1645629, 0.0 ], [ 73.1417074, 28.1648661, 0.0 ], [ 73.1416843, 28.1648658, 0.0 ], [ 73.1416895, 28.1645626, 0.0 ] ], [ [ 73.1416389, 28.1642501, 0.0 ], [ 73.1416621, 28.1642504, 0.0 ], [ 73.1416568, 28.1645537, 0.0 ], [ 73.1416337, 28.1645534, 0.0 ], [ 73.1416389, 28.1642501, 0.0 ] ], [ [ 73.1415829, 28.1642493, 0.0 ], [ 73.1416061, 28.1642497, 0.0 ], [ 73.1416008, 28.1645529, 0.0 ], [ 73.1415777, 28.1645526, 0.0 ], [ 73.1415829, 28.1642493, 0.0 ] ], [ [ 73.1416336, 28.1645618, 0.0 ], [ 73.1416567, 28.1645621, 0.0 ], [ 73.1416514, 28.1648654, 0.0 ], [ 73.1416283, 28.1648651, 0.0 ], [ 73.1416336, 28.1645618, 0.0 ] ], [ [ 73.1415776, 28.164561, 0.0 ], [ 73.1416007, 28.1645613, 0.0 ], [ 73.1415954, 28.1648646, 0.0 ], [ 73.1415723, 28.1648643, 0.0 ], [ 73.1415776, 28.164561, 0.0 ] ], [ [ 73.141527, 28.1642486, 0.0 ], [ 73.1415501, 28.1642489, 0.0 ], [ 73.1415448, 28.1645522, 0.0 ], [ 73.1415217, 28.1645519, 0.0 ], [ 73.141527, 28.1642486, 0.0 ] ], [ [ 73.141471, 28.1642478, 0.0 ], [ 73.1414941, 28.1642481, 0.0 ], [ 73.1414888, 28.1645514, 0.0 ], [ 73.1414657, 28.1645511, 0.0 ], [ 73.141471, 28.1642478, 0.0 ] ], [ [ 73.1415216, 28.1645603, 0.0 ], [ 73.1415447, 28.1645606, 0.0 ], [ 73.1415395, 28.1648639, 0.0 ], [ 73.1415163, 28.1648635, 0.0 ], [ 73.1415216, 28.1645603, 0.0 ] ], [ [ 73.1414656, 28.1645595, 0.0 ], [ 73.1414887, 28.1645598, 0.0 ], [ 73.1414835, 28.1648631, 0.0 ], [ 73.1414603, 28.1648628, 0.0 ], [ 73.1414656, 28.1645595, 0.0 ] ], [ [ 73.141415, 28.1642471, 0.0 ], [ 73.1414381, 28.1642474, 0.0 ], [ 73.1414329, 28.1645507, 0.0 ], [ 73.1414097, 28.1645503, 0.0 ], [ 73.141415, 28.1642471, 0.0 ] ], [ [ 73.141359, 28.1642463, 0.0 ], [ 73.1413821, 28.1642466, 0.0 ], [ 73.1413769, 28.1645499, 0.0 ], [ 73.1413537, 28.1645496, 0.0 ], [ 73.141359, 28.1642463, 0.0 ] ], [ [ 73.1414096, 28.1645588, 0.0 ], [ 73.1414327, 28.1645591, 0.0 ], [ 73.1414275, 28.1648623, 0.0 ], [ 73.1414043, 28.164862, 0.0 ], [ 73.1414096, 28.1645588, 0.0 ] ], [ [ 73.1413536, 28.164558, 0.0 ], [ 73.1413767, 28.1645583, 0.0 ], [ 73.1413715, 28.1648616, 0.0 ], [ 73.1413483, 28.1648613, 0.0 ], [ 73.1413536, 28.164558, 0.0 ] ], [ [ 73.141303, 28.1642455, 0.0 ], [ 73.1413261, 28.1642459, 0.0 ], [ 73.1413209, 28.1645491, 0.0 ], [ 73.1412977, 28.1645488, 0.0 ], [ 73.141303, 28.1642455, 0.0 ] ], [ [ 73.141247, 28.1642448, 0.0 ], [ 73.1412701, 28.1642451, 0.0 ], [ 73.1412649, 28.1645484, 0.0 ], [ 73.1412417, 28.1645481, 0.0 ], [ 73.141247, 28.1642448, 0.0 ] ], [ [ 73.1412976, 28.1645572, 0.0 ], [ 73.1413207, 28.1645575, 0.0 ], [ 73.1413155, 28.1648608, 0.0 ], [ 73.1412923, 28.1648605, 0.0 ], [ 73.1412976, 28.1645572, 0.0 ] ], [ [ 73.1412416, 28.1645565, 0.0 ], [ 73.1412647, 28.1645568, 0.0 ], [ 73.1412595, 28.1648601, 0.0 ], [ 73.1412364, 28.1648597, 0.0 ], [ 73.1412416, 28.1645565, 0.0 ] ], [ [ 73.1443373, 28.1636671, 0.0 ], [ 73.1443605, 28.1636674, 0.0 ], [ 73.1443552, 28.1639707, 0.0 ], [ 73.1443321, 28.1639704, 0.0 ], [ 73.1443373, 28.1636671, 0.0 ] ], [ [ 73.1442813, 28.1636663, 0.0 ], [ 73.1443045, 28.1636667, 0.0 ], [ 73.1442992, 28.1639699, 0.0 ], [ 73.1442761, 28.1639696, 0.0 ], [ 73.1442813, 28.1636663, 0.0 ] ], [ [ 73.144332, 28.1639788, 0.0 ], [ 73.1443551, 28.1639791, 0.0 ], [ 73.1443499, 28.1642824, 0.0 ], [ 73.1443267, 28.164282, 0.0 ], [ 73.144332, 28.1639788, 0.0 ] ], [ [ 73.144276, 28.163978, 0.0 ], [ 73.1442991, 28.1639783, 0.0 ], [ 73.1442939, 28.1642816, 0.0 ], [ 73.1442707, 28.1642813, 0.0 ], [ 73.144276, 28.163978, 0.0 ] ], [ [ 73.1442254, 28.1636656, 0.0 ], [ 73.1442485, 28.1636659, 0.0 ], [ 73.1442432, 28.1639692, 0.0 ], [ 73.1442201, 28.1639688, 0.0 ], [ 73.1442254, 28.1636656, 0.0 ] ], [ [ 73.1441694, 28.1636648, 0.0 ], [ 73.1441925, 28.1636651, 0.0 ], [ 73.1441873, 28.1639684, 0.0 ], [ 73.1441641, 28.1639681, 0.0 ], [ 73.1441694, 28.1636648, 0.0 ] ], [ [ 73.14422, 28.1639773, 0.0 ], [ 73.1442431, 28.1639776, 0.0 ], [ 73.1442379, 28.1642808, 0.0 ], [ 73.1442147, 28.1642805, 0.0 ], [ 73.14422, 28.1639773, 0.0 ] ], [ [ 73.144164, 28.1639765, 0.0 ], [ 73.1441871, 28.1639768, 0.0 ], [ 73.1441819, 28.1642801, 0.0 ], [ 73.1441587, 28.1642798, 0.0 ], [ 73.144164, 28.1639765, 0.0 ] ], [ [ 73.1441134, 28.1636641, 0.0 ], [ 73.1441365, 28.1636644, 0.0 ], [ 73.1441313, 28.1639676, 0.0 ], [ 73.1441081, 28.1639673, 0.0 ], [ 73.1441134, 28.1636641, 0.0 ] ], [ [ 73.1440574, 28.1636633, 0.0 ], [ 73.1440805, 28.1636636, 0.0 ], [ 73.1440753, 28.1639669, 0.0 ], [ 73.1440521, 28.1639666, 0.0 ], [ 73.1440574, 28.1636633, 0.0 ] ], [ [ 73.144108, 28.1639757, 0.0 ], [ 73.1441311, 28.1639761, 0.0 ], [ 73.1441259, 28.1642793, 0.0 ], [ 73.1441028, 28.164279, 0.0 ], [ 73.144108, 28.1639757, 0.0 ] ], [ [ 73.144052, 28.163975, 0.0 ], [ 73.1440751, 28.1639753, 0.0 ], [ 73.1440699, 28.1642786, 0.0 ], [ 73.1440468, 28.1642783, 0.0 ], [ 73.144052, 28.163975, 0.0 ] ], [ [ 73.1440014, 28.1636625, 0.0 ], [ 73.1440245, 28.1636629, 0.0 ], [ 73.1440193, 28.1639661, 0.0 ], [ 73.1439961, 28.1639658, 0.0 ], [ 73.1440014, 28.1636625, 0.0 ] ], [ [ 73.1439454, 28.1636618, 0.0 ], [ 73.1439685, 28.1636621, 0.0 ], [ 73.1439633, 28.1639654, 0.0 ], [ 73.1439401, 28.1639651, 0.0 ], [ 73.1439454, 28.1636618, 0.0 ] ], [ [ 73.143996, 28.1639742, 0.0 ], [ 73.1440191, 28.1639745, 0.0 ], [ 73.1440139, 28.1642778, 0.0 ], [ 73.1439908, 28.1642775, 0.0 ], [ 73.143996, 28.1639742, 0.0 ] ], [ [ 73.14394, 28.1639735, 0.0 ], [ 73.1439631, 28.1639738, 0.0 ], [ 73.1439579, 28.1642771, 0.0 ], [ 73.1439348, 28.1642767, 0.0 ], [ 73.14394, 28.1639735, 0.0 ] ], [ [ 73.1437774, 28.1636595, 0.0 ], [ 73.1438005, 28.1636598, 0.0 ], [ 73.1437953, 28.1639631, 0.0 ], [ 73.1437722, 28.1639628, 0.0 ], [ 73.1437774, 28.1636595, 0.0 ] ], [ [ 73.1437214, 28.1636587, 0.0 ], [ 73.1437445, 28.1636591, 0.0 ], [ 73.1437393, 28.1639623, 0.0 ], [ 73.1437162, 28.163962, 0.0 ], [ 73.1437214, 28.1636587, 0.0 ] ], [ [ 73.143772, 28.1639712, 0.0 ], [ 73.1437952, 28.1639715, 0.0 ], [ 73.1437899, 28.1642748, 0.0 ], [ 73.1437668, 28.1642745, 0.0 ], [ 73.143772, 28.1639712, 0.0 ] ], [ [ 73.143716, 28.1639704, 0.0 ], [ 73.1437392, 28.1639707, 0.0 ], [ 73.1437339, 28.164274, 0.0 ], [ 73.1437108, 28.1642737, 0.0 ], [ 73.143716, 28.1639704, 0.0 ] ], [ [ 73.1436654, 28.163658, 0.0 ], [ 73.1436885, 28.1636583, 0.0 ], [ 73.1436833, 28.1639616, 0.0 ], [ 73.1436602, 28.1639613, 0.0 ], [ 73.1436654, 28.163658, 0.0 ] ], [ [ 73.1436094, 28.1636572, 0.0 ], [ 73.1436326, 28.1636575, 0.0 ], [ 73.1436273, 28.1639608, 0.0 ], [ 73.1436042, 28.1639605, 0.0 ], [ 73.1436094, 28.1636572, 0.0 ] ], [ [ 73.14366, 28.1639697, 0.0 ], [ 73.1436832, 28.16397, 0.0 ], [ 73.1436779, 28.1642733, 0.0 ], [ 73.1436548, 28.1642729, 0.0 ], [ 73.14366, 28.1639697, 0.0 ] ], [ [ 73.143604, 28.1639689, 0.0 ], [ 73.1436272, 28.1639692, 0.0 ], [ 73.1436219, 28.1642725, 0.0 ], [ 73.1435988, 28.1642722, 0.0 ], [ 73.143604, 28.1639689, 0.0 ] ], [ [ 73.1435534, 28.1636565, 0.0 ], [ 73.1435766, 28.1636568, 0.0 ], [ 73.1435713, 28.1639601, 0.0 ], [ 73.1435482, 28.1639597, 0.0 ], [ 73.1435534, 28.1636565, 0.0 ] ], [ [ 73.1434974, 28.1636557, 0.0 ], [ 73.1435206, 28.163656, 0.0 ], [ 73.1435153, 28.1639593, 0.0 ], [ 73.1434922, 28.163959, 0.0 ], [ 73.1434974, 28.1636557, 0.0 ] ], [ [ 73.143548, 28.1639682, 0.0 ], [ 73.1435712, 28.1639685, 0.0 ], [ 73.1435659, 28.1642717, 0.0 ], [ 73.1435428, 28.1642714, 0.0 ], [ 73.143548, 28.1639682, 0.0 ] ], [ [ 73.1434921, 28.1639674, 0.0 ], [ 73.1435152, 28.1639677, 0.0 ], [ 73.1435099, 28.164271, 0.0 ], [ 73.1434868, 28.1642707, 0.0 ], [ 73.1434921, 28.1639674, 0.0 ] ], [ [ 73.1434414, 28.163655, 0.0 ], [ 73.1434646, 28.1636553, 0.0 ], [ 73.1434593, 28.1639585, 0.0 ], [ 73.1434362, 28.1639582, 0.0 ], [ 73.1434414, 28.163655, 0.0 ] ], [ [ 73.1433854, 28.1636542, 0.0 ], [ 73.1434086, 28.1636545, 0.0 ], [ 73.1434033, 28.1639578, 0.0 ], [ 73.1433802, 28.1639575, 0.0 ], [ 73.1433854, 28.1636542, 0.0 ] ], [ [ 73.1434361, 28.1639666, 0.0 ], [ 73.1434592, 28.163967, 0.0 ], [ 73.143454, 28.1642702, 0.0 ], [ 73.1434308, 28.1642699, 0.0 ], [ 73.1434361, 28.1639666, 0.0 ] ], [ [ 73.1433801, 28.1639659, 0.0 ], [ 73.1434032, 28.1639662, 0.0 ], [ 73.143398, 28.1642695, 0.0 ], [ 73.1433748, 28.1642691, 0.0 ], [ 73.1433801, 28.1639659, 0.0 ] ], [ [ 73.1438895, 28.163657, 0.0 ], [ 73.1439126, 28.1636574, 0.0 ], [ 73.1439074, 28.1639606, 0.0 ], [ 73.1438842, 28.1639603, 0.0 ], [ 73.1438895, 28.163657, 0.0 ] ], [ [ 73.1438335, 28.1636563, 0.0 ], [ 73.1438566, 28.1636566, 0.0 ], [ 73.1438514, 28.1639599, 0.0 ], [ 73.1438282, 28.1639595, 0.0 ], [ 73.1438335, 28.1636563, 0.0 ] ], [ [ 73.1438841, 28.1639687, 0.0 ], [ 73.1439072, 28.163969, 0.0 ], [ 73.143902, 28.1642723, 0.0 ], [ 73.1438788, 28.164272, 0.0 ], [ 73.1438841, 28.1639687, 0.0 ] ], [ [ 73.1438281, 28.163968, 0.0 ], [ 73.1438512, 28.1639683, 0.0 ], [ 73.143846, 28.1642715, 0.0 ], [ 73.1438229, 28.1642712, 0.0 ], [ 73.1438281, 28.163968, 0.0 ] ], [ [ 73.1431055, 28.1636504, 0.0 ], [ 73.1431286, 28.1636507, 0.0 ], [ 73.1431234, 28.163954, 0.0 ], [ 73.1431002, 28.1639537, 0.0 ], [ 73.1431055, 28.1636504, 0.0 ] ], [ [ 73.1430495, 28.1636496, 0.0 ], [ 73.1430726, 28.16365, 0.0 ], [ 73.1430674, 28.1639532, 0.0 ], [ 73.1430442, 28.1639529, 0.0 ], [ 73.1430495, 28.1636496, 0.0 ] ], [ [ 73.1431001, 28.1639621, 0.0 ], [ 73.1431232, 28.1639624, 0.0 ], [ 73.143118, 28.1642657, 0.0 ], [ 73.1430949, 28.1642653, 0.0 ], [ 73.1431001, 28.1639621, 0.0 ] ], [ [ 73.1430441, 28.1639613, 0.0 ], [ 73.1430672, 28.1639616, 0.0 ], [ 73.143062, 28.1642649, 0.0 ], [ 73.1430389, 28.1642646, 0.0 ], [ 73.1430441, 28.1639613, 0.0 ] ], [ [ 73.1432175, 28.1636519, 0.0 ], [ 73.1432406, 28.1636522, 0.0 ], [ 73.1432354, 28.1639555, 0.0 ], [ 73.1432122, 28.1639552, 0.0 ], [ 73.1432175, 28.1636519, 0.0 ] ], [ [ 73.1431615, 28.1636512, 0.0 ], [ 73.1431846, 28.1636515, 0.0 ], [ 73.1431794, 28.1639547, 0.0 ], [ 73.1431562, 28.1639544, 0.0 ], [ 73.1431615, 28.1636512, 0.0 ] ], [ [ 73.1432121, 28.1639636, 0.0 ], [ 73.1432352, 28.1639639, 0.0 ], [ 73.14323, 28.1642672, 0.0 ], [ 73.1432068, 28.1642669, 0.0 ], [ 73.1432121, 28.1639636, 0.0 ] ], [ [ 73.1431561, 28.1639628, 0.0 ], [ 73.1431792, 28.1639632, 0.0 ], [ 73.143174, 28.1642664, 0.0 ], [ 73.1431509, 28.1642661, 0.0 ], [ 73.1431561, 28.1639628, 0.0 ] ], [ [ 73.1428815, 28.1636474, 0.0 ], [ 73.1429046, 28.1636477, 0.0 ], [ 73.1428994, 28.1639509, 0.0 ], [ 73.1428763, 28.1639506, 0.0 ], [ 73.1428815, 28.1636474, 0.0 ] ], [ [ 73.1428255, 28.1636466, 0.0 ], [ 73.1428486, 28.1636469, 0.0 ], [ 73.1428434, 28.1639502, 0.0 ], [ 73.1428203, 28.1639499, 0.0 ], [ 73.1428255, 28.1636466, 0.0 ] ], [ [ 73.1428761, 28.163959, 0.0 ], [ 73.1428993, 28.1639594, 0.0 ], [ 73.142894, 28.1642626, 0.0 ], [ 73.1428709, 28.1642623, 0.0 ], [ 73.1428761, 28.163959, 0.0 ] ], [ [ 73.1428201, 28.1639583, 0.0 ], [ 73.1428433, 28.1639586, 0.0 ], [ 73.142838, 28.1642619, 0.0 ], [ 73.1428149, 28.1642616, 0.0 ], [ 73.1428201, 28.1639583, 0.0 ] ], [ [ 73.1427695, 28.1636458, 0.0 ], [ 73.1427926, 28.1636462, 0.0 ], [ 73.1427874, 28.1639494, 0.0 ], [ 73.1427643, 28.1639491, 0.0 ], [ 73.1427695, 28.1636458, 0.0 ] ], [ [ 73.1427135, 28.1636451, 0.0 ], [ 73.1427367, 28.1636454, 0.0 ], [ 73.1427314, 28.1639487, 0.0 ], [ 73.1427083, 28.1639483, 0.0 ], [ 73.1427135, 28.1636451, 0.0 ] ], [ [ 73.1427641, 28.1639575, 0.0 ], [ 73.1427873, 28.1639578, 0.0 ], [ 73.142782, 28.1642611, 0.0 ], [ 73.1427589, 28.1642608, 0.0 ], [ 73.1427641, 28.1639575, 0.0 ] ], [ [ 73.1427081, 28.1639568, 0.0 ], [ 73.1427313, 28.1639571, 0.0 ], [ 73.142726, 28.1642603, 0.0 ], [ 73.1427029, 28.16426, 0.0 ], [ 73.1427081, 28.1639568, 0.0 ] ], [ [ 73.1426575, 28.1636443, 0.0 ], [ 73.1426807, 28.1636446, 0.0 ], [ 73.1426754, 28.1639479, 0.0 ], [ 73.1426523, 28.1639476, 0.0 ], [ 73.1426575, 28.1636443, 0.0 ] ], [ [ 73.1426015, 28.1636436, 0.0 ], [ 73.1426247, 28.1636439, 0.0 ], [ 73.1426194, 28.1639471, 0.0 ], [ 73.1425963, 28.1639468, 0.0 ], [ 73.1426015, 28.1636436, 0.0 ] ], [ [ 73.1426521, 28.163956, 0.0 ], [ 73.1426753, 28.1639563, 0.0 ], [ 73.14267, 28.1642596, 0.0 ], [ 73.1426469, 28.1642593, 0.0 ], [ 73.1426521, 28.163956, 0.0 ] ], [ [ 73.1425962, 28.1639552, 0.0 ], [ 73.1426193, 28.1639556, 0.0 ], [ 73.142614, 28.1642588, 0.0 ], [ 73.1425909, 28.1642585, 0.0 ], [ 73.1425962, 28.1639552, 0.0 ] ], [ [ 73.1425455, 28.1636428, 0.0 ], [ 73.1425687, 28.1636431, 0.0 ], [ 73.1425634, 28.1639464, 0.0 ], [ 73.1425403, 28.1639461, 0.0 ], [ 73.1425455, 28.1636428, 0.0 ] ], [ [ 73.1424895, 28.163642, 0.0 ], [ 73.1425127, 28.1636424, 0.0 ], [ 73.1425074, 28.1639456, 0.0 ], [ 73.1424843, 28.1639453, 0.0 ], [ 73.1424895, 28.163642, 0.0 ] ], [ [ 73.1425402, 28.1639545, 0.0 ], [ 73.1425633, 28.1639548, 0.0 ], [ 73.1425581, 28.1642581, 0.0 ], [ 73.1425349, 28.1642578, 0.0 ], [ 73.1425402, 28.1639545, 0.0 ] ], [ [ 73.1424842, 28.1639537, 0.0 ], [ 73.1425073, 28.163954, 0.0 ], [ 73.1425021, 28.1642573, 0.0 ], [ 73.1424789, 28.164257, 0.0 ], [ 73.1424842, 28.1639537, 0.0 ] ], [ [ 73.1424336, 28.1636413, 0.0 ], [ 73.1424567, 28.1636416, 0.0 ], [ 73.1424514, 28.1639449, 0.0 ], [ 73.1424283, 28.1639445, 0.0 ], [ 73.1424336, 28.1636413, 0.0 ] ], [ [ 73.1423776, 28.1636405, 0.0 ], [ 73.1424007, 28.1636408, 0.0 ], [ 73.1423955, 28.1639441, 0.0 ], [ 73.1423723, 28.1639438, 0.0 ], [ 73.1423776, 28.1636405, 0.0 ] ], [ [ 73.1424282, 28.163953, 0.0 ], [ 73.1424513, 28.1639533, 0.0 ], [ 73.1424461, 28.1642565, 0.0 ], [ 73.1424229, 28.1642562, 0.0 ], [ 73.1424282, 28.163953, 0.0 ] ], [ [ 73.1423722, 28.1639522, 0.0 ], [ 73.1423953, 28.1639525, 0.0 ], [ 73.1423901, 28.1642558, 0.0 ], [ 73.1423669, 28.1642555, 0.0 ], [ 73.1423722, 28.1639522, 0.0 ] ], [ [ 73.1423216, 28.1636398, 0.0 ], [ 73.1423447, 28.1636401, 0.0 ], [ 73.1423395, 28.1639433, 0.0 ], [ 73.1423163, 28.163943, 0.0 ], [ 73.1423216, 28.1636398, 0.0 ] ], [ [ 73.1422656, 28.163639, 0.0 ], [ 73.1422887, 28.1636393, 0.0 ], [ 73.1422835, 28.1639426, 0.0 ], [ 73.1422603, 28.1639423, 0.0 ], [ 73.1422656, 28.163639, 0.0 ] ], [ [ 73.1423162, 28.1639514, 0.0 ], [ 73.1423393, 28.1639518, 0.0 ], [ 73.1423341, 28.164255, 0.0 ], [ 73.1423109, 28.1642547, 0.0 ], [ 73.1423162, 28.1639514, 0.0 ] ], [ [ 73.1422602, 28.1639507, 0.0 ], [ 73.1422833, 28.163951, 0.0 ], [ 73.1422781, 28.1642543, 0.0 ], [ 73.1422549, 28.164254, 0.0 ], [ 73.1422602, 28.1639507, 0.0 ] ], [ [ 73.1422096, 28.1636382, 0.0 ], [ 73.1422327, 28.1636386, 0.0 ], [ 73.1422275, 28.1639418, 0.0 ], [ 73.1422043, 28.1639415, 0.0 ], [ 73.1422096, 28.1636382, 0.0 ] ], [ [ 73.1421536, 28.1636375, 0.0 ], [ 73.1421767, 28.1636378, 0.0 ], [ 73.1421715, 28.1639411, 0.0 ], [ 73.1421483, 28.1639408, 0.0 ], [ 73.1421536, 28.1636375, 0.0 ] ], [ [ 73.1422042, 28.1639499, 0.0 ], [ 73.1422273, 28.1639502, 0.0 ], [ 73.1422221, 28.1642535, 0.0 ], [ 73.142199, 28.1642532, 0.0 ], [ 73.1422042, 28.1639499, 0.0 ] ], [ [ 73.1421482, 28.1639492, 0.0 ], [ 73.1421713, 28.1639495, 0.0 ], [ 73.1421661, 28.1642528, 0.0 ], [ 73.142143, 28.1642524, 0.0 ], [ 73.1421482, 28.1639492, 0.0 ] ], [ [ 73.1420976, 28.1636367, 0.0 ], [ 73.1421207, 28.163637, 0.0 ], [ 73.1421155, 28.1639403, 0.0 ], [ 73.1420924, 28.16394, 0.0 ], [ 73.1420976, 28.1636367, 0.0 ] ], [ [ 73.1420416, 28.163636, 0.0 ], [ 73.1420647, 28.1636363, 0.0 ], [ 73.1420595, 28.1639395, 0.0 ], [ 73.1420364, 28.1639392, 0.0 ], [ 73.1420416, 28.163636, 0.0 ] ], [ [ 73.1420922, 28.1639484, 0.0 ], [ 73.1421153, 28.1639487, 0.0 ], [ 73.1421101, 28.164252, 0.0 ], [ 73.142087, 28.1642517, 0.0 ], [ 73.1420922, 28.1639484, 0.0 ] ], [ [ 73.1420362, 28.1639476, 0.0 ], [ 73.1420593, 28.163948, 0.0 ], [ 73.1420541, 28.1642512, 0.0 ], [ 73.142031, 28.1642509, 0.0 ], [ 73.1420362, 28.1639476, 0.0 ] ], [ [ 73.1419856, 28.1636352, 0.0 ], [ 73.1420087, 28.1636355, 0.0 ], [ 73.1420035, 28.1639388, 0.0 ], [ 73.1419804, 28.1639385, 0.0 ], [ 73.1419856, 28.1636352, 0.0 ] ], [ [ 73.1419296, 28.1636344, 0.0 ], [ 73.1419527, 28.1636348, 0.0 ], [ 73.1419475, 28.163938, 0.0 ], [ 73.1419244, 28.1639377, 0.0 ], [ 73.1419296, 28.1636344, 0.0 ] ], [ [ 73.1419802, 28.1639469, 0.0 ], [ 73.1420034, 28.1639472, 0.0 ], [ 73.1419981, 28.1642505, 0.0 ], [ 73.141975, 28.1642502, 0.0 ], [ 73.1419802, 28.1639469, 0.0 ] ], [ [ 73.1419242, 28.1639461, 0.0 ], [ 73.1419474, 28.1639464, 0.0 ], [ 73.1419421, 28.1642497, 0.0 ], [ 73.141919, 28.1642494, 0.0 ], [ 73.1419242, 28.1639461, 0.0 ] ], [ [ 73.1418736, 28.1636337, 0.0 ], [ 73.1418967, 28.163634, 0.0 ], [ 73.1418915, 28.1639373, 0.0 ], [ 73.1418684, 28.163937, 0.0 ], [ 73.1418736, 28.1636337, 0.0 ] ], [ [ 73.1418176, 28.1636329, 0.0 ], [ 73.1418408, 28.1636332, 0.0 ], [ 73.1418355, 28.1639365, 0.0 ], [ 73.1418124, 28.1639362, 0.0 ], [ 73.1418176, 28.1636329, 0.0 ] ], [ [ 73.1418682, 28.1639454, 0.0 ], [ 73.1418914, 28.1639457, 0.0 ], [ 73.1418861, 28.164249, 0.0 ], [ 73.141863, 28.1642486, 0.0 ], [ 73.1418682, 28.1639454, 0.0 ] ], [ [ 73.1418122, 28.1639446, 0.0 ], [ 73.1418354, 28.1639449, 0.0 ], [ 73.1418301, 28.1642482, 0.0 ], [ 73.141807, 28.1642479, 0.0 ], [ 73.1418122, 28.1639446, 0.0 ] ], [ [ 73.1417616, 28.1636322, 0.0 ], [ 73.1417848, 28.1636325, 0.0 ], [ 73.1417795, 28.1639357, 0.0 ], [ 73.1417564, 28.1639354, 0.0 ], [ 73.1417616, 28.1636322, 0.0 ] ], [ [ 73.1417056, 28.1636314, 0.0 ], [ 73.1417288, 28.1636317, 0.0 ], [ 73.1417235, 28.163935, 0.0 ], [ 73.1417004, 28.1639347, 0.0 ], [ 73.1417056, 28.1636314, 0.0 ] ], [ [ 73.1417562, 28.1639439, 0.0 ], [ 73.1417794, 28.1639442, 0.0 ], [ 73.1417741, 28.1642474, 0.0 ], [ 73.141751, 28.1642471, 0.0 ], [ 73.1417562, 28.1639439, 0.0 ] ], [ [ 73.1417003, 28.1639431, 0.0 ], [ 73.1417234, 28.1639434, 0.0 ], [ 73.1417181, 28.1642467, 0.0 ], [ 73.141695, 28.1642464, 0.0 ], [ 73.1417003, 28.1639431, 0.0 ] ], [ [ 73.1416496, 28.1636306, 0.0 ], [ 73.1416728, 28.163631, 0.0 ], [ 73.1416675, 28.1639342, 0.0 ], [ 73.1416444, 28.1639339, 0.0 ], [ 73.1416496, 28.1636306, 0.0 ] ], [ [ 73.1415936, 28.1636299, 0.0 ], [ 73.1416168, 28.1636302, 0.0 ], [ 73.1416115, 28.1639335, 0.0 ], [ 73.1415884, 28.1639332, 0.0 ], [ 73.1415936, 28.1636299, 0.0 ] ], [ [ 73.1416443, 28.1639423, 0.0 ], [ 73.1416674, 28.1639426, 0.0 ], [ 73.1416621, 28.1642459, 0.0 ], [ 73.141639, 28.1642456, 0.0 ], [ 73.1416443, 28.1639423, 0.0 ] ], [ [ 73.1415883, 28.1639416, 0.0 ], [ 73.1416114, 28.1639419, 0.0 ], [ 73.1416062, 28.1642452, 0.0 ], [ 73.141583, 28.1642448, 0.0 ], [ 73.1415883, 28.1639416, 0.0 ] ], [ [ 73.1415377, 28.1636291, 0.0 ], [ 73.1415608, 28.1636294, 0.0 ], [ 73.1415555, 28.1639327, 0.0 ], [ 73.1415324, 28.1639324, 0.0 ], [ 73.1415377, 28.1636291, 0.0 ] ], [ [ 73.1414817, 28.1636284, 0.0 ], [ 73.1415048, 28.1636287, 0.0 ], [ 73.1414996, 28.1639319, 0.0 ], [ 73.1414764, 28.1639316, 0.0 ], [ 73.1414817, 28.1636284, 0.0 ] ], [ [ 73.1415323, 28.1639408, 0.0 ], [ 73.1415554, 28.1639411, 0.0 ], [ 73.1415502, 28.1642444, 0.0 ], [ 73.141527, 28.1642441, 0.0 ], [ 73.1415323, 28.1639408, 0.0 ] ], [ [ 73.1414763, 28.1639401, 0.0 ], [ 73.1414994, 28.1639404, 0.0 ], [ 73.1414942, 28.1642436, 0.0 ], [ 73.141471, 28.1642433, 0.0 ], [ 73.1414763, 28.1639401, 0.0 ] ], [ [ 73.1414257, 28.1636276, 0.0 ], [ 73.1414488, 28.1636279, 0.0 ], [ 73.1414436, 28.1639312, 0.0 ], [ 73.1414204, 28.1639309, 0.0 ], [ 73.1414257, 28.1636276, 0.0 ] ], [ [ 73.1413697, 28.1636268, 0.0 ], [ 73.1413928, 28.1636272, 0.0 ], [ 73.1413876, 28.1639304, 0.0 ], [ 73.1413644, 28.1639301, 0.0 ], [ 73.1413697, 28.1636268, 0.0 ] ], [ [ 73.1414203, 28.1639393, 0.0 ], [ 73.1414434, 28.1639396, 0.0 ], [ 73.1414382, 28.1642429, 0.0 ], [ 73.141415, 28.1642426, 0.0 ], [ 73.1414203, 28.1639393, 0.0 ] ], [ [ 73.1413643, 28.1639385, 0.0 ], [ 73.1413874, 28.1639388, 0.0 ], [ 73.1413822, 28.1642421, 0.0 ], [ 73.141359, 28.1642418, 0.0 ], [ 73.1413643, 28.1639385, 0.0 ] ], [ [ 73.1413137, 28.1636261, 0.0 ], [ 73.1413368, 28.1636264, 0.0 ], [ 73.1413316, 28.1639297, 0.0 ], [ 73.1413084, 28.1639294, 0.0 ], [ 73.1413137, 28.1636261, 0.0 ] ], [ [ 73.1412577, 28.1636253, 0.0 ], [ 73.1412808, 28.1636256, 0.0 ], [ 73.1412756, 28.1639289, 0.0 ], [ 73.1412524, 28.1639286, 0.0 ], [ 73.1412577, 28.1636253, 0.0 ] ], [ [ 73.1413083, 28.1639378, 0.0 ], [ 73.1413314, 28.1639381, 0.0 ], [ 73.1413262, 28.1642414, 0.0 ], [ 73.1413031, 28.164241, 0.0 ], [ 73.1413083, 28.1639378, 0.0 ] ], [ [ 73.1412523, 28.163937, 0.0 ], [ 73.1412754, 28.1639373, 0.0 ], [ 73.1412702, 28.1642406, 0.0 ], [ 73.1412471, 28.1642403, 0.0 ], [ 73.1412523, 28.163937, 0.0 ] ], [ [ 73.14446, 28.1630491, 0.0 ], [ 73.1444831, 28.1630495, 0.0 ], [ 73.1444779, 28.1633527, 0.0 ], [ 73.1444548, 28.1633524, 0.0 ], [ 73.14446, 28.1630491, 0.0 ] ], [ [ 73.144404, 28.1630484, 0.0 ], [ 73.1444272, 28.1630487, 0.0 ], [ 73.1444219, 28.163352, 0.0 ], [ 73.1443988, 28.1633517, 0.0 ], [ 73.144404, 28.1630484, 0.0 ] ], [ [ 73.1444546, 28.1633608, 0.0 ], [ 73.1444778, 28.1633611, 0.0 ], [ 73.1444725, 28.1636644, 0.0 ], [ 73.1444494, 28.1636641, 0.0 ], [ 73.1444546, 28.1633608, 0.0 ] ], [ [ 73.1443986, 28.1633601, 0.0 ], [ 73.1444218, 28.1633604, 0.0 ], [ 73.1444165, 28.1636637, 0.0 ], [ 73.1443934, 28.1636633, 0.0 ], [ 73.1443986, 28.1633601, 0.0 ] ], [ [ 73.144348, 28.1630476, 0.0 ], [ 73.1443712, 28.1630479, 0.0 ], [ 73.1443659, 28.1633512, 0.0 ], [ 73.1443428, 28.1633509, 0.0 ], [ 73.144348, 28.1630476, 0.0 ] ], [ [ 73.144292, 28.1630469, 0.0 ], [ 73.1443152, 28.1630472, 0.0 ], [ 73.1443099, 28.1633505, 0.0 ], [ 73.1442868, 28.1633501, 0.0 ], [ 73.144292, 28.1630469, 0.0 ] ], [ [ 73.1443427, 28.1633593, 0.0 ], [ 73.1443658, 28.1633596, 0.0 ], [ 73.1443605, 28.1636629, 0.0 ], [ 73.1443374, 28.1636626, 0.0 ], [ 73.1443427, 28.1633593, 0.0 ] ], [ [ 73.1442867, 28.1633586, 0.0 ], [ 73.1443098, 28.1633589, 0.0 ], [ 73.1443046, 28.1636621, 0.0 ], [ 73.1442814, 28.1636618, 0.0 ], [ 73.1442867, 28.1633586, 0.0 ] ], [ [ 73.144236, 28.1630461, 0.0 ], [ 73.1442592, 28.1630464, 0.0 ], [ 73.1442539, 28.1633497, 0.0 ], [ 73.1442308, 28.1633494, 0.0 ], [ 73.144236, 28.1630461, 0.0 ] ], [ [ 73.14418, 28.1630454, 0.0 ], [ 73.1442032, 28.1630457, 0.0 ], [ 73.1441979, 28.1633489, 0.0 ], [ 73.1441748, 28.1633486, 0.0 ], [ 73.14418, 28.1630454, 0.0 ] ], [ [ 73.1442307, 28.1633578, 0.0 ], [ 73.1442538, 28.1633581, 0.0 ], [ 73.1442486, 28.1636614, 0.0 ], [ 73.1442254, 28.1636611, 0.0 ], [ 73.1442307, 28.1633578, 0.0 ] ], [ [ 73.1441747, 28.163357, 0.0 ], [ 73.1441978, 28.1633574, 0.0 ], [ 73.1441926, 28.1636606, 0.0 ], [ 73.1441694, 28.1636603, 0.0 ], [ 73.1441747, 28.163357, 0.0 ] ], [ [ 73.1441241, 28.1630446, 0.0 ], [ 73.1441472, 28.1630449, 0.0 ], [ 73.144142, 28.1633482, 0.0 ], [ 73.1441188, 28.1633479, 0.0 ], [ 73.1441241, 28.1630446, 0.0 ] ], [ [ 73.1440681, 28.1630438, 0.0 ], [ 73.1440912, 28.1630442, 0.0 ], [ 73.144086, 28.1633474, 0.0 ], [ 73.1440628, 28.1633471, 0.0 ], [ 73.1440681, 28.1630438, 0.0 ] ], [ [ 73.1441187, 28.1633563, 0.0 ], [ 73.1441418, 28.1633566, 0.0 ], [ 73.1441366, 28.1636599, 0.0 ], [ 73.1441134, 28.1636595, 0.0 ], [ 73.1441187, 28.1633563, 0.0 ] ], [ [ 73.1440627, 28.1633555, 0.0 ], [ 73.1440858, 28.1633558, 0.0 ], [ 73.1440806, 28.1636591, 0.0 ], [ 73.1440574, 28.1636588, 0.0 ], [ 73.1440627, 28.1633555, 0.0 ] ], [ [ 73.1440121, 28.1630431, 0.0 ], [ 73.1440352, 28.1630434, 0.0 ], [ 73.14403, 28.1633467, 0.0 ], [ 73.1440068, 28.1633463, 0.0 ], [ 73.1440121, 28.1630431, 0.0 ] ], [ [ 73.1439561, 28.1630423, 0.0 ], [ 73.1439792, 28.1630426, 0.0 ], [ 73.143974, 28.1633459, 0.0 ], [ 73.1439508, 28.1633456, 0.0 ], [ 73.1439561, 28.1630423, 0.0 ] ], [ [ 73.1440067, 28.1633548, 0.0 ], [ 73.1440298, 28.1633551, 0.0 ], [ 73.1440246, 28.1636583, 0.0 ], [ 73.1440015, 28.163658, 0.0 ], [ 73.1440067, 28.1633548, 0.0 ] ], [ [ 73.1439507, 28.163354, 0.0 ], [ 73.1439738, 28.1633543, 0.0 ], [ 73.1439686, 28.1636576, 0.0 ], [ 73.1439455, 28.1636573, 0.0 ], [ 73.1439507, 28.163354, 0.0 ] ], [ [ 73.1437881, 28.16304, 0.0 ], [ 73.1438112, 28.1630404, 0.0 ], [ 73.143806, 28.1633436, 0.0 ], [ 73.1437829, 28.1633433, 0.0 ], [ 73.1437881, 28.16304, 0.0 ] ], [ [ 73.1437321, 28.1630393, 0.0 ], [ 73.1437552, 28.1630396, 0.0 ], [ 73.14375, 28.1633429, 0.0 ], [ 73.1437269, 28.1633426, 0.0 ], [ 73.1437321, 28.1630393, 0.0 ] ], [ [ 73.1437827, 28.1633517, 0.0 ], [ 73.1438058, 28.163352, 0.0 ], [ 73.1438006, 28.1636553, 0.0 ], [ 73.1437775, 28.163655, 0.0 ], [ 73.1437827, 28.1633517, 0.0 ] ], [ [ 73.1437267, 28.163351, 0.0 ], [ 73.1437499, 28.1633513, 0.0 ], [ 73.1437446, 28.1636546, 0.0 ], [ 73.1437215, 28.1636542, 0.0 ], [ 73.1437267, 28.163351, 0.0 ] ], [ [ 73.1436761, 28.1630385, 0.0 ], [ 73.1436992, 28.1630388, 0.0 ], [ 73.143694, 28.1633421, 0.0 ], [ 73.1436709, 28.1633418, 0.0 ], [ 73.1436761, 28.1630385, 0.0 ] ], [ [ 73.1436201, 28.1630378, 0.0 ], [ 73.1436432, 28.1630381, 0.0 ], [ 73.143638, 28.1633413, 0.0 ], [ 73.1436149, 28.163341, 0.0 ], [ 73.1436201, 28.1630378, 0.0 ] ], [ [ 73.1436707, 28.1633502, 0.0 ], [ 73.1436939, 28.1633505, 0.0 ], [ 73.1436886, 28.1636538, 0.0 ], [ 73.1436655, 28.1636535, 0.0 ], [ 73.1436707, 28.1633502, 0.0 ] ], [ [ 73.1436147, 28.1633495, 0.0 ], [ 73.1436379, 28.1633498, 0.0 ], [ 73.1436326, 28.163653, 0.0 ], [ 73.1436095, 28.1636527, 0.0 ], [ 73.1436147, 28.1633495, 0.0 ] ], [ [ 73.1435641, 28.163037, 0.0 ], [ 73.1435873, 28.1630373, 0.0 ], [ 73.143582, 28.1633406, 0.0 ], [ 73.1435589, 28.1633403, 0.0 ], [ 73.1435641, 28.163037, 0.0 ] ], [ [ 73.1435081, 28.1630362, 0.0 ], [ 73.1435313, 28.1630366, 0.0 ], [ 73.143526, 28.1633398, 0.0 ], [ 73.1435029, 28.1633395, 0.0 ], [ 73.1435081, 28.1630362, 0.0 ] ], [ [ 73.1435587, 28.1633487, 0.0 ], [ 73.1435819, 28.163349, 0.0 ], [ 73.1435766, 28.1636523, 0.0 ], [ 73.1435535, 28.163652, 0.0 ], [ 73.1435587, 28.1633487, 0.0 ] ], [ [ 73.1435027, 28.1633479, 0.0 ], [ 73.1435259, 28.1633482, 0.0 ], [ 73.1435206, 28.1636515, 0.0 ], [ 73.1434975, 28.1636512, 0.0 ], [ 73.1435027, 28.1633479, 0.0 ] ], [ [ 73.1439001, 28.1630416, 0.0 ], [ 73.1439232, 28.1630419, 0.0 ], [ 73.143918, 28.1633451, 0.0 ], [ 73.1438948, 28.1633448, 0.0 ], [ 73.1439001, 28.1630416, 0.0 ] ], [ [ 73.1438441, 28.1630408, 0.0 ], [ 73.1438672, 28.1630411, 0.0 ], [ 73.143862, 28.1633444, 0.0 ], [ 73.1438389, 28.1633441, 0.0 ], [ 73.1438441, 28.1630408, 0.0 ] ], [ [ 73.1438947, 28.1633532, 0.0 ], [ 73.1439178, 28.1633536, 0.0 ], [ 73.1439126, 28.1636568, 0.0 ], [ 73.1438895, 28.1636565, 0.0 ], [ 73.1438947, 28.1633532, 0.0 ] ], [ [ 73.1438387, 28.1633525, 0.0 ], [ 73.1438618, 28.1633528, 0.0 ], [ 73.1438566, 28.1636561, 0.0 ], [ 73.1438335, 28.1636558, 0.0 ], [ 73.1438387, 28.1633525, 0.0 ] ], [ [ 73.1427802, 28.1630264, 0.0 ], [ 73.1428033, 28.1630267, 0.0 ], [ 73.1427981, 28.16333, 0.0 ], [ 73.142775, 28.1633296, 0.0 ], [ 73.1427802, 28.1630264, 0.0 ] ], [ [ 73.1427242, 28.1630256, 0.0 ], [ 73.1427474, 28.1630259, 0.0 ], [ 73.1427421, 28.1633292, 0.0 ], [ 73.142719, 28.1633289, 0.0 ], [ 73.1427242, 28.1630256, 0.0 ] ], [ [ 73.1427748, 28.1633381, 0.0 ], [ 73.142798, 28.1633384, 0.0 ], [ 73.1427927, 28.1636416, 0.0 ], [ 73.1427696, 28.1636413, 0.0 ], [ 73.1427748, 28.1633381, 0.0 ] ], [ [ 73.1427188, 28.1633373, 0.0 ], [ 73.142742, 28.1633376, 0.0 ], [ 73.1427367, 28.1636409, 0.0 ], [ 73.1427136, 28.1636406, 0.0 ], [ 73.1427188, 28.1633373, 0.0 ] ], [ [ 73.1426682, 28.1630249, 0.0 ], [ 73.1426914, 28.1630252, 0.0 ], [ 73.1426861, 28.1633284, 0.0 ], [ 73.142663, 28.1633281, 0.0 ], [ 73.1426682, 28.1630249, 0.0 ] ], [ [ 73.1426122, 28.1630241, 0.0 ], [ 73.1426354, 28.1630244, 0.0 ], [ 73.1426301, 28.1633277, 0.0 ], [ 73.142607, 28.1633274, 0.0 ], [ 73.1426122, 28.1630241, 0.0 ] ], [ [ 73.1426628, 28.1633365, 0.0 ], [ 73.142686, 28.1633369, 0.0 ], [ 73.1426807, 28.1636401, 0.0 ], [ 73.1426576, 28.1636398, 0.0 ], [ 73.1426628, 28.1633365, 0.0 ] ], [ [ 73.1426069, 28.1633358, 0.0 ], [ 73.14263, 28.1633361, 0.0 ], [ 73.1426247, 28.1636394, 0.0 ], [ 73.1426016, 28.1636391, 0.0 ], [ 73.1426069, 28.1633358, 0.0 ] ], [ [ 73.1425562, 28.1630233, 0.0 ], [ 73.1425794, 28.1630237, 0.0 ], [ 73.1425741, 28.1633269, 0.0 ], [ 73.142551, 28.1633266, 0.0 ], [ 73.1425562, 28.1630233, 0.0 ] ], [ [ 73.1425002, 28.1630226, 0.0 ], [ 73.1425234, 28.1630229, 0.0 ], [ 73.1425181, 28.1633262, 0.0 ], [ 73.142495, 28.1633258, 0.0 ], [ 73.1425002, 28.1630226, 0.0 ] ], [ [ 73.1425509, 28.163335, 0.0 ], [ 73.142574, 28.1633353, 0.0 ], [ 73.1425687, 28.1636386, 0.0 ], [ 73.1425456, 28.1636383, 0.0 ], [ 73.1425509, 28.163335, 0.0 ] ], [ [ 73.1424949, 28.1633343, 0.0 ], [ 73.142518, 28.1633346, 0.0 ], [ 73.1425128, 28.1636378, 0.0 ], [ 73.1424896, 28.1636375, 0.0 ], [ 73.1424949, 28.1633343, 0.0 ] ], [ [ 73.1424443, 28.1630218, 0.0 ], [ 73.1424674, 28.1630221, 0.0 ], [ 73.1424621, 28.1633254, 0.0 ], [ 73.142439, 28.1633251, 0.0 ], [ 73.1424443, 28.1630218, 0.0 ] ], [ [ 73.1423883, 28.1630211, 0.0 ], [ 73.1424114, 28.1630214, 0.0 ], [ 73.1424062, 28.1633246, 0.0 ], [ 73.142383, 28.1633243, 0.0 ], [ 73.1423883, 28.1630211, 0.0 ] ], [ [ 73.1424389, 28.1633335, 0.0 ], [ 73.142462, 28.1633338, 0.0 ], [ 73.1424568, 28.1636371, 0.0 ], [ 73.1424336, 28.1636368, 0.0 ], [ 73.1424389, 28.1633335, 0.0 ] ], [ [ 73.1423829, 28.1633327, 0.0 ], [ 73.142406, 28.1633331, 0.0 ], [ 73.1424008, 28.1636363, 0.0 ], [ 73.1423776, 28.163636, 0.0 ], [ 73.1423829, 28.1633327, 0.0 ] ], [ [ 73.1423323, 28.1630203, 0.0 ], [ 73.1423554, 28.1630206, 0.0 ], [ 73.1423502, 28.1633239, 0.0 ], [ 73.142327, 28.1633236, 0.0 ], [ 73.1423323, 28.1630203, 0.0 ] ], [ [ 73.1422763, 28.1630195, 0.0 ], [ 73.1422994, 28.1630199, 0.0 ], [ 73.1422942, 28.1633231, 0.0 ], [ 73.142271, 28.1633228, 0.0 ], [ 73.1422763, 28.1630195, 0.0 ] ], [ [ 73.1423269, 28.163332, 0.0 ], [ 73.14235, 28.1633323, 0.0 ], [ 73.1423448, 28.1636356, 0.0 ], [ 73.1423216, 28.1636353, 0.0 ], [ 73.1423269, 28.163332, 0.0 ] ], [ [ 73.1422709, 28.1633312, 0.0 ], [ 73.142294, 28.1633315, 0.0 ], [ 73.1422888, 28.1636348, 0.0 ], [ 73.1422657, 28.1636345, 0.0 ], [ 73.1422709, 28.1633312, 0.0 ] ], [ [ 73.1422203, 28.1630188, 0.0 ], [ 73.1422434, 28.1630191, 0.0 ], [ 73.1422382, 28.1633224, 0.0 ], [ 73.142215, 28.163322, 0.0 ], [ 73.1422203, 28.1630188, 0.0 ] ], [ [ 73.1421643, 28.163018, 0.0 ], [ 73.1421874, 28.1630183, 0.0 ], [ 73.1421822, 28.1633216, 0.0 ], [ 73.142159, 28.1633213, 0.0 ], [ 73.1421643, 28.163018, 0.0 ] ], [ [ 73.1422149, 28.1633305, 0.0 ], [ 73.142238, 28.1633308, 0.0 ], [ 73.1422328, 28.163634, 0.0 ], [ 73.1422097, 28.1636337, 0.0 ], [ 73.1422149, 28.1633305, 0.0 ] ], [ [ 73.1421589, 28.1633297, 0.0 ], [ 73.142182, 28.16333, 0.0 ], [ 73.1421768, 28.1636333, 0.0 ], [ 73.1421537, 28.163633, 0.0 ], [ 73.1421589, 28.1633297, 0.0 ] ], [ [ 73.1421083, 28.1630173, 0.0 ], [ 73.1421314, 28.1630176, 0.0 ], [ 73.1421262, 28.1633208, 0.0 ], [ 73.1421031, 28.1633205, 0.0 ], [ 73.1421083, 28.1630173, 0.0 ] ], [ [ 73.1420523, 28.1630165, 0.0 ], [ 73.1420754, 28.1630168, 0.0 ], [ 73.1420702, 28.1633201, 0.0 ], [ 73.1420471, 28.1633198, 0.0 ], [ 73.1420523, 28.1630165, 0.0 ] ], [ [ 73.1421029, 28.1633289, 0.0 ], [ 73.142126, 28.1633293, 0.0 ], [ 73.1421208, 28.1636325, 0.0 ], [ 73.1420977, 28.1636322, 0.0 ], [ 73.1421029, 28.1633289, 0.0 ] ], [ [ 73.1420469, 28.1633282, 0.0 ], [ 73.14207, 28.1633285, 0.0 ], [ 73.1420648, 28.1636318, 0.0 ], [ 73.1420417, 28.1636315, 0.0 ], [ 73.1420469, 28.1633282, 0.0 ] ], [ [ 73.1419963, 28.1630157, 0.0 ], [ 73.1420194, 28.1630161, 0.0 ], [ 73.1420142, 28.1633193, 0.0 ], [ 73.1419911, 28.163319, 0.0 ], [ 73.1419963, 28.1630157, 0.0 ] ], [ [ 73.1419403, 28.163015, 0.0 ], [ 73.1419634, 28.1630153, 0.0 ], [ 73.1419582, 28.1633186, 0.0 ], [ 73.1419351, 28.1633182, 0.0 ], [ 73.1419403, 28.163015, 0.0 ] ], [ [ 73.1419909, 28.1633274, 0.0 ], [ 73.1420141, 28.1633277, 0.0 ], [ 73.1420088, 28.163631, 0.0 ], [ 73.1419857, 28.1636307, 0.0 ], [ 73.1419909, 28.1633274, 0.0 ] ], [ [ 73.1419349, 28.1633267, 0.0 ], [ 73.1419581, 28.163327, 0.0 ], [ 73.1419528, 28.1636302, 0.0 ], [ 73.1419297, 28.1636299, 0.0 ], [ 73.1419349, 28.1633267, 0.0 ] ], [ [ 73.1418843, 28.1630142, 0.0 ], [ 73.1419075, 28.1630145, 0.0 ], [ 73.1419022, 28.1633178, 0.0 ], [ 73.1418791, 28.1633175, 0.0 ], [ 73.1418843, 28.1630142, 0.0 ] ], [ [ 73.1418283, 28.1630135, 0.0 ], [ 73.1418515, 28.1630138, 0.0 ], [ 73.1418462, 28.163317, 0.0 ], [ 73.1418231, 28.1633167, 0.0 ], [ 73.1418283, 28.1630135, 0.0 ] ], [ [ 73.1418789, 28.1633259, 0.0 ], [ 73.1419021, 28.1633262, 0.0 ], [ 73.1418968, 28.1636295, 0.0 ], [ 73.1418737, 28.1636292, 0.0 ], [ 73.1418789, 28.1633259, 0.0 ] ], [ [ 73.1418229, 28.1633251, 0.0 ], [ 73.1418461, 28.1633255, 0.0 ], [ 73.1418408, 28.1636287, 0.0 ], [ 73.1418177, 28.1636284, 0.0 ], [ 73.1418229, 28.1633251, 0.0 ] ], [ [ 73.1417723, 28.1630127, 0.0 ], [ 73.1417955, 28.163013, 0.0 ], [ 73.1417902, 28.1633163, 0.0 ], [ 73.1417671, 28.163316, 0.0 ], [ 73.1417723, 28.1630127, 0.0 ] ], [ [ 73.1417163, 28.1630119, 0.0 ], [ 73.1417395, 28.1630123, 0.0 ], [ 73.1417342, 28.1633155, 0.0 ], [ 73.1417111, 28.1633152, 0.0 ], [ 73.1417163, 28.1630119, 0.0 ] ], [ [ 73.1417669, 28.1633244, 0.0 ], [ 73.1417901, 28.1633247, 0.0 ], [ 73.1417848, 28.163628, 0.0 ], [ 73.1417617, 28.1636277, 0.0 ], [ 73.1417669, 28.1633244, 0.0 ] ], [ [ 73.141711, 28.1633236, 0.0 ], [ 73.1417341, 28.1633239, 0.0 ], [ 73.1417288, 28.1636272, 0.0 ], [ 73.1417057, 28.1636269, 0.0 ], [ 73.141711, 28.1633236, 0.0 ] ], [ [ 73.1416603, 28.1630112, 0.0 ], [ 73.1416835, 28.1630115, 0.0 ], [ 73.1416782, 28.1633148, 0.0 ], [ 73.1416551, 28.1633144, 0.0 ], [ 73.1416603, 28.1630112, 0.0 ] ], [ [ 73.1416044, 28.1630104, 0.0 ], [ 73.1416275, 28.1630107, 0.0 ], [ 73.1416222, 28.163314, 0.0 ], [ 73.1415991, 28.1633137, 0.0 ], [ 73.1416044, 28.1630104, 0.0 ] ], [ [ 73.141655, 28.1633229, 0.0 ], [ 73.1416781, 28.1633232, 0.0 ], [ 73.1416729, 28.1636264, 0.0 ], [ 73.1416497, 28.1636261, 0.0 ], [ 73.141655, 28.1633229, 0.0 ] ], [ [ 73.141599, 28.1633221, 0.0 ], [ 73.1416221, 28.1633224, 0.0 ], [ 73.1416169, 28.1636257, 0.0 ], [ 73.1415937, 28.1636254, 0.0 ], [ 73.141599, 28.1633221, 0.0 ] ], [ [ 73.1415484, 28.1630097, 0.0 ], [ 73.1415715, 28.16301, 0.0 ], [ 73.1415663, 28.1633132, 0.0 ], [ 73.1415431, 28.1633129, 0.0 ], [ 73.1415484, 28.1630097, 0.0 ] ], [ [ 73.1414924, 28.1630089, 0.0 ], [ 73.1415155, 28.1630092, 0.0 ], [ 73.1415103, 28.1633125, 0.0 ], [ 73.1414871, 28.1633122, 0.0 ], [ 73.1414924, 28.1630089, 0.0 ] ], [ [ 73.141543, 28.1633213, 0.0 ], [ 73.1415661, 28.1633217, 0.0 ], [ 73.1415609, 28.1636249, 0.0 ], [ 73.1415377, 28.1636246, 0.0 ], [ 73.141543, 28.1633213, 0.0 ] ], [ [ 73.141487, 28.1633206, 0.0 ], [ 73.1415101, 28.1633209, 0.0 ], [ 73.1415049, 28.1636242, 0.0 ], [ 73.1414817, 28.1636239, 0.0 ], [ 73.141487, 28.1633206, 0.0 ] ], [ [ 73.1414364, 28.1630081, 0.0 ], [ 73.1414595, 28.1630085, 0.0 ], [ 73.1414543, 28.1633117, 0.0 ], [ 73.1414311, 28.1633114, 0.0 ], [ 73.1414364, 28.1630081, 0.0 ] ], [ [ 73.1413804, 28.1630074, 0.0 ], [ 73.1414035, 28.1630077, 0.0 ], [ 73.1413983, 28.163311, 0.0 ], [ 73.1413751, 28.1633107, 0.0 ], [ 73.1413804, 28.1630074, 0.0 ] ], [ [ 73.141431, 28.1633198, 0.0 ], [ 73.1414541, 28.1633201, 0.0 ], [ 73.1414489, 28.1636234, 0.0 ], [ 73.1414257, 28.1636231, 0.0 ], [ 73.141431, 28.1633198, 0.0 ] ], [ [ 73.141375, 28.1633191, 0.0 ], [ 73.1413981, 28.1633194, 0.0 ], [ 73.1413929, 28.1636226, 0.0 ], [ 73.1413698, 28.1636223, 0.0 ], [ 73.141375, 28.1633191, 0.0 ] ], [ [ 73.1413244, 28.1630066, 0.0 ], [ 73.1413475, 28.1630069, 0.0 ], [ 73.1413423, 28.1633102, 0.0 ], [ 73.1413191, 28.1633099, 0.0 ], [ 73.1413244, 28.1630066, 0.0 ] ], [ [ 73.1412684, 28.1630059, 0.0 ], [ 73.1412915, 28.1630062, 0.0 ], [ 73.1412863, 28.1633094, 0.0 ], [ 73.1412632, 28.1633091, 0.0 ], [ 73.1412684, 28.1630059, 0.0 ] ], [ [ 73.141319, 28.1633183, 0.0 ], [ 73.1413421, 28.1633186, 0.0 ], [ 73.1413369, 28.1636219, 0.0 ], [ 73.1413138, 28.1636216, 0.0 ], [ 73.141319, 28.1633183, 0.0 ] ], [ [ 73.141263, 28.1633175, 0.0 ], [ 73.1412861, 28.1633179, 0.0 ], [ 73.1412809, 28.1636211, 0.0 ], [ 73.1412578, 28.1636208, 0.0 ], [ 73.141263, 28.1633175, 0.0 ] ], [ [ 73.1444707, 28.1624297, 0.0 ], [ 73.1444938, 28.16243, 0.0 ], [ 73.1444886, 28.1627333, 0.0 ], [ 73.1444655, 28.162733, 0.0 ], [ 73.1444707, 28.1624297, 0.0 ] ], [ [ 73.1444147, 28.1624289, 0.0 ], [ 73.1444378, 28.1624292, 0.0 ], [ 73.1444326, 28.1627325, 0.0 ], [ 73.1444095, 28.1627322, 0.0 ], [ 73.1444147, 28.1624289, 0.0 ] ], [ [ 73.1444653, 28.1627414, 0.0 ], [ 73.1444885, 28.1627417, 0.0 ], [ 73.1444832, 28.163045, 0.0 ], [ 73.1444601, 28.1630446, 0.0 ], [ 73.1444653, 28.1627414, 0.0 ] ], [ [ 73.1444093, 28.1627406, 0.0 ], [ 73.1444325, 28.1627409, 0.0 ], [ 73.1444272, 28.1630442, 0.0 ], [ 73.1444041, 28.1630439, 0.0 ], [ 73.1444093, 28.1627406, 0.0 ] ], [ [ 73.1443587, 28.1624282, 0.0 ], [ 73.1443818, 28.1624285, 0.0 ], [ 73.1443766, 28.1627317, 0.0 ], [ 73.1443535, 28.1627314, 0.0 ], [ 73.1443587, 28.1624282, 0.0 ] ], [ [ 73.1443027, 28.1624274, 0.0 ], [ 73.1443259, 28.1624277, 0.0 ], [ 73.1443206, 28.162731, 0.0 ], [ 73.1442975, 28.1627307, 0.0 ], [ 73.1443027, 28.1624274, 0.0 ] ], [ [ 73.1443533, 28.1627399, 0.0 ], [ 73.1443765, 28.1627402, 0.0 ], [ 73.1443712, 28.1630434, 0.0 ], [ 73.1443481, 28.1630431, 0.0 ], [ 73.1443533, 28.1627399, 0.0 ] ], [ [ 73.1442973, 28.1627391, 0.0 ], [ 73.1443205, 28.1627394, 0.0 ], [ 73.1443152, 28.1630427, 0.0 ], [ 73.1442921, 28.1630424, 0.0 ], [ 73.1442973, 28.1627391, 0.0 ] ], [ [ 73.1442467, 28.1624267, 0.0 ], [ 73.1442699, 28.162427, 0.0 ], [ 73.1442646, 28.1627302, 0.0 ], [ 73.1442415, 28.1627299, 0.0 ], [ 73.1442467, 28.1624267, 0.0 ] ], [ [ 73.1441907, 28.1624259, 0.0 ], [ 73.1442139, 28.1624262, 0.0 ], [ 73.1442086, 28.1627295, 0.0 ], [ 73.1441855, 28.1627292, 0.0 ], [ 73.1441907, 28.1624259, 0.0 ] ], [ [ 73.1442414, 28.1627383, 0.0 ], [ 73.1442645, 28.1627386, 0.0 ], [ 73.1442592, 28.1630419, 0.0 ], [ 73.1442361, 28.1630416, 0.0 ], [ 73.1442414, 28.1627383, 0.0 ] ], [ [ 73.1441854, 28.1627376, 0.0 ], [ 73.1442085, 28.1627379, 0.0 ], [ 73.1442033, 28.1630412, 0.0 ], [ 73.1441801, 28.1630408, 0.0 ], [ 73.1441854, 28.1627376, 0.0 ] ], [ [ 73.1441347, 28.1624251, 0.0 ], [ 73.1441579, 28.1624254, 0.0 ], [ 73.1441526, 28.1627287, 0.0 ], [ 73.1441295, 28.1627284, 0.0 ], [ 73.1441347, 28.1624251, 0.0 ] ], [ [ 73.1440788, 28.1624244, 0.0 ], [ 73.1441019, 28.1624247, 0.0 ], [ 73.1440966, 28.162728, 0.0 ], [ 73.1440735, 28.1627276, 0.0 ], [ 73.1440788, 28.1624244, 0.0 ] ], [ [ 73.1441294, 28.1627368, 0.0 ], [ 73.1441525, 28.1627371, 0.0 ], [ 73.1441473, 28.1630404, 0.0 ], [ 73.1441241, 28.1630401, 0.0 ], [ 73.1441294, 28.1627368, 0.0 ] ], [ [ 73.1440734, 28.1627361, 0.0 ], [ 73.1440965, 28.1627364, 0.0 ], [ 73.1440913, 28.1630396, 0.0 ], [ 73.1440681, 28.1630393, 0.0 ], [ 73.1440734, 28.1627361, 0.0 ] ], [ [ 73.1440228, 28.1624236, 0.0 ], [ 73.1440459, 28.1624239, 0.0 ], [ 73.1440407, 28.1627272, 0.0 ], [ 73.1440175, 28.1627269, 0.0 ], [ 73.1440228, 28.1624236, 0.0 ] ], [ [ 73.1439668, 28.1624229, 0.0 ], [ 73.1439899, 28.1624232, 0.0 ], [ 73.1439847, 28.1627264, 0.0 ], [ 73.1439615, 28.1627261, 0.0 ], [ 73.1439668, 28.1624229, 0.0 ] ], [ [ 73.1440174, 28.1627353, 0.0 ], [ 73.1440405, 28.1627356, 0.0 ], [ 73.1440353, 28.1630389, 0.0 ], [ 73.1440121, 28.1630386, 0.0 ], [ 73.1440174, 28.1627353, 0.0 ] ], [ [ 73.1439614, 28.1627345, 0.0 ], [ 73.1439845, 28.1627349, 0.0 ], [ 73.1439793, 28.1630381, 0.0 ], [ 73.1439562, 28.1630378, 0.0 ], [ 73.1439614, 28.1627345, 0.0 ] ], [ [ 73.1437988, 28.1624206, 0.0 ], [ 73.1438219, 28.1624209, 0.0 ], [ 73.1438167, 28.1627242, 0.0 ], [ 73.1437936, 28.1627238, 0.0 ], [ 73.1437988, 28.1624206, 0.0 ] ], [ [ 73.1437428, 28.1624198, 0.0 ], [ 73.1437659, 28.1624201, 0.0 ], [ 73.1437607, 28.1627234, 0.0 ], [ 73.1437376, 28.1627231, 0.0 ], [ 73.1437428, 28.1624198, 0.0 ] ], [ [ 73.1437934, 28.1627323, 0.0 ], [ 73.1438165, 28.1627326, 0.0 ], [ 73.1438113, 28.1630358, 0.0 ], [ 73.1437882, 28.1630355, 0.0 ], [ 73.1437934, 28.1627323, 0.0 ] ], [ [ 73.1437374, 28.1627315, 0.0 ], [ 73.1437605, 28.1627318, 0.0 ], [ 73.1437553, 28.1630351, 0.0 ], [ 73.1437322, 28.1630348, 0.0 ], [ 73.1437374, 28.1627315, 0.0 ] ], [ [ 73.1436868, 28.1624191, 0.0 ], [ 73.1437099, 28.1624194, 0.0 ], [ 73.1437047, 28.1627226, 0.0 ], [ 73.1436816, 28.1627223, 0.0 ], [ 73.1436868, 28.1624191, 0.0 ] ], [ [ 73.1436308, 28.1624183, 0.0 ], [ 73.1436539, 28.1624186, 0.0 ], [ 73.1436487, 28.1627219, 0.0 ], [ 73.1436256, 28.1627216, 0.0 ], [ 73.1436308, 28.1624183, 0.0 ] ], [ [ 73.1436814, 28.1627307, 0.0 ], [ 73.1437046, 28.1627311, 0.0 ], [ 73.1436993, 28.1630343, 0.0 ], [ 73.1436762, 28.163034, 0.0 ], [ 73.1436814, 28.1627307, 0.0 ] ], [ [ 73.1436254, 28.16273, 0.0 ], [ 73.1436486, 28.1627303, 0.0 ], [ 73.1436433, 28.1630336, 0.0 ], [ 73.1436202, 28.1630333, 0.0 ], [ 73.1436254, 28.16273, 0.0 ] ], [ [ 73.1435748, 28.1624175, 0.0 ], [ 73.1435979, 28.1624179, 0.0 ], [ 73.1435927, 28.1627211, 0.0 ], [ 73.1435696, 28.1627208, 0.0 ], [ 73.1435748, 28.1624175, 0.0 ] ], [ [ 73.1435188, 28.1624168, 0.0 ], [ 73.143542, 28.1624171, 0.0 ], [ 73.1435367, 28.1627204, 0.0 ], [ 73.1435136, 28.1627201, 0.0 ], [ 73.1435188, 28.1624168, 0.0 ] ], [ [ 73.1435694, 28.1627292, 0.0 ], [ 73.1435926, 28.1627295, 0.0 ], [ 73.1435873, 28.1630328, 0.0 ], [ 73.1435642, 28.1630325, 0.0 ], [ 73.1435694, 28.1627292, 0.0 ] ], [ [ 73.1435134, 28.1627285, 0.0 ], [ 73.1435366, 28.1627288, 0.0 ], [ 73.1435313, 28.163032, 0.0 ], [ 73.1435082, 28.1630317, 0.0 ], [ 73.1435134, 28.1627285, 0.0 ] ], [ [ 73.1434628, 28.162416, 0.0 ], [ 73.143486, 28.1624163, 0.0 ], [ 73.1434807, 28.1627196, 0.0 ], [ 73.1434576, 28.1627193, 0.0 ], [ 73.1434628, 28.162416, 0.0 ] ], [ [ 73.1434068, 28.1624153, 0.0 ], [ 73.14343, 28.1624156, 0.0 ], [ 73.1434247, 28.1627188, 0.0 ], [ 73.1434016, 28.1627185, 0.0 ], [ 73.1434068, 28.1624153, 0.0 ] ], [ [ 73.1434574, 28.1627277, 0.0 ], [ 73.1434806, 28.162728, 0.0 ], [ 73.1434753, 28.1630313, 0.0 ], [ 73.1434522, 28.163031, 0.0 ], [ 73.1434574, 28.1627277, 0.0 ] ], [ [ 73.1434015, 28.162727, 0.0 ], [ 73.1434246, 28.1627273, 0.0 ], [ 73.1434193, 28.1630305, 0.0 ], [ 73.1433962, 28.1630302, 0.0 ], [ 73.1434015, 28.162727, 0.0 ] ], [ [ 73.1439108, 28.1624221, 0.0 ], [ 73.1439339, 28.1624224, 0.0 ], [ 73.1439287, 28.1627257, 0.0 ], [ 73.1439055, 28.1627254, 0.0 ], [ 73.1439108, 28.1624221, 0.0 ] ], [ [ 73.1438548, 28.1624213, 0.0 ], [ 73.1438779, 28.1624217, 0.0 ], [ 73.1438727, 28.1627249, 0.0 ], [ 73.1438495, 28.1627246, 0.0 ], [ 73.1438548, 28.1624213, 0.0 ] ], [ [ 73.1439054, 28.1627338, 0.0 ], [ 73.1439285, 28.1627341, 0.0 ], [ 73.1439233, 28.1630374, 0.0 ], [ 73.1439002, 28.163037, 0.0 ], [ 73.1439054, 28.1627338, 0.0 ] ], [ [ 73.1438494, 28.162733, 0.0 ], [ 73.1438725, 28.1627333, 0.0 ], [ 73.1438673, 28.1630366, 0.0 ], [ 73.1438442, 28.1630363, 0.0 ], [ 73.1438494, 28.162733, 0.0 ] ], [ [ 73.1432389, 28.162413, 0.0 ], [ 73.143262, 28.1624133, 0.0 ], [ 73.1432568, 28.1627166, 0.0 ], [ 73.1432336, 28.1627163, 0.0 ], [ 73.1432389, 28.162413, 0.0 ] ], [ [ 73.1431829, 28.1624122, 0.0 ], [ 73.143206, 28.1624125, 0.0 ], [ 73.1432008, 28.1627158, 0.0 ], [ 73.1431776, 28.1627155, 0.0 ], [ 73.1431829, 28.1624122, 0.0 ] ], [ [ 73.1432335, 28.1627247, 0.0 ], [ 73.1432566, 28.162725, 0.0 ], [ 73.1432514, 28.1630283, 0.0 ], [ 73.1432282, 28.1630279, 0.0 ], [ 73.1432335, 28.1627247, 0.0 ] ], [ [ 73.1431775, 28.1627239, 0.0 ], [ 73.1432006, 28.1627242, 0.0 ], [ 73.1431954, 28.1630275, 0.0 ], [ 73.1431722, 28.1630272, 0.0 ], [ 73.1431775, 28.1627239, 0.0 ] ], [ [ 73.1431269, 28.1624115, 0.0 ], [ 73.14315, 28.1624118, 0.0 ], [ 73.1431448, 28.1627151, 0.0 ], [ 73.1431216, 28.1627147, 0.0 ], [ 73.1431269, 28.1624115, 0.0 ] ], [ [ 73.1430709, 28.1624107, 0.0 ], [ 73.143094, 28.162411, 0.0 ], [ 73.1430888, 28.1627143, 0.0 ], [ 73.1430656, 28.162714, 0.0 ], [ 73.1430709, 28.1624107, 0.0 ] ], [ [ 73.1431215, 28.1627232, 0.0 ], [ 73.1431446, 28.1627235, 0.0 ], [ 73.1431394, 28.1630267, 0.0 ], [ 73.1431163, 28.1630264, 0.0 ], [ 73.1431215, 28.1627232, 0.0 ] ], [ [ 73.1430655, 28.1627224, 0.0 ], [ 73.1430886, 28.1627227, 0.0 ], [ 73.1430834, 28.163026, 0.0 ], [ 73.1430603, 28.1630257, 0.0 ], [ 73.1430655, 28.1627224, 0.0 ] ], [ [ 73.1430149, 28.16241, 0.0 ], [ 73.143038, 28.1624103, 0.0 ], [ 73.1430328, 28.1627135, 0.0 ], [ 73.1430096, 28.1627132, 0.0 ], [ 73.1430149, 28.16241, 0.0 ] ], [ [ 73.1429589, 28.1624092, 0.0 ], [ 73.142982, 28.1624095, 0.0 ], [ 73.1429768, 28.1627128, 0.0 ], [ 73.1429537, 28.1627125, 0.0 ], [ 73.1429589, 28.1624092, 0.0 ] ], [ [ 73.1430095, 28.1627216, 0.0 ], [ 73.1430326, 28.1627219, 0.0 ], [ 73.1430274, 28.1630252, 0.0 ], [ 73.1430043, 28.1630249, 0.0 ], [ 73.1430095, 28.1627216, 0.0 ] ], [ [ 73.1429535, 28.1627209, 0.0 ], [ 73.1429766, 28.1627212, 0.0 ], [ 73.1429714, 28.1630245, 0.0 ], [ 73.1429483, 28.1630241, 0.0 ], [ 73.1429535, 28.1627209, 0.0 ] ], [ [ 73.1429029, 28.1624084, 0.0 ], [ 73.142926, 28.1624087, 0.0 ], [ 73.1429208, 28.162712, 0.0 ], [ 73.1428977, 28.1627117, 0.0 ], [ 73.1429029, 28.1624084, 0.0 ] ], [ [ 73.1428469, 28.1624077, 0.0 ], [ 73.14287, 28.162408, 0.0 ], [ 73.1428648, 28.1627113, 0.0 ], [ 73.1428417, 28.1627109, 0.0 ], [ 73.1428469, 28.1624077, 0.0 ] ], [ [ 73.1428975, 28.1627201, 0.0 ], [ 73.1429206, 28.1627204, 0.0 ], [ 73.1429154, 28.1630237, 0.0 ], [ 73.1428923, 28.1630234, 0.0 ], [ 73.1428975, 28.1627201, 0.0 ] ], [ [ 73.1428415, 28.1627194, 0.0 ], [ 73.1428647, 28.1627197, 0.0 ], [ 73.1428594, 28.1630229, 0.0 ], [ 73.1428363, 28.1630226, 0.0 ], [ 73.1428415, 28.1627194, 0.0 ] ], [ [ 73.1427909, 28.1624069, 0.0 ], [ 73.142814, 28.1624072, 0.0 ], [ 73.1428088, 28.1627105, 0.0 ], [ 73.1427857, 28.1627102, 0.0 ], [ 73.1427909, 28.1624069, 0.0 ] ], [ [ 73.1427349, 28.1624062, 0.0 ], [ 73.142758, 28.1624065, 0.0 ], [ 73.1427528, 28.1627097, 0.0 ], [ 73.1427297, 28.1627094, 0.0 ], [ 73.1427349, 28.1624062, 0.0 ] ], [ [ 73.1427855, 28.1627186, 0.0 ], [ 73.1428087, 28.1627189, 0.0 ], [ 73.1428034, 28.1630222, 0.0 ], [ 73.1427803, 28.1630219, 0.0 ], [ 73.1427855, 28.1627186, 0.0 ] ], [ [ 73.1427295, 28.1627178, 0.0 ], [ 73.1427527, 28.1627182, 0.0 ], [ 73.1427474, 28.1630214, 0.0 ], [ 73.1427243, 28.1630211, 0.0 ], [ 73.1427295, 28.1627178, 0.0 ] ], [ [ 73.1426789, 28.1624054, 0.0 ], [ 73.1427021, 28.1624057, 0.0 ], [ 73.1426968, 28.162709, 0.0 ], [ 73.1426737, 28.1627087, 0.0 ], [ 73.1426789, 28.1624054, 0.0 ] ], [ [ 73.1426229, 28.1624046, 0.0 ], [ 73.1426461, 28.1624049, 0.0 ], [ 73.1426408, 28.1627082, 0.0 ], [ 73.1426177, 28.1627079, 0.0 ], [ 73.1426229, 28.1624046, 0.0 ] ], [ [ 73.1426735, 28.1627171, 0.0 ], [ 73.1426967, 28.1627174, 0.0 ], [ 73.1426914, 28.1630207, 0.0 ], [ 73.1426683, 28.1630203, 0.0 ], [ 73.1426735, 28.1627171, 0.0 ] ], [ [ 73.1426175, 28.1627163, 0.0 ], [ 73.1426407, 28.1627166, 0.0 ], [ 73.1426354, 28.1630199, 0.0 ], [ 73.1426123, 28.1630196, 0.0 ], [ 73.1426175, 28.1627163, 0.0 ] ], [ [ 73.1425669, 28.1624039, 0.0 ], [ 73.1425901, 28.1624042, 0.0 ], [ 73.1425848, 28.1627075, 0.0 ], [ 73.1425617, 28.1627071, 0.0 ], [ 73.1425669, 28.1624039, 0.0 ] ], [ [ 73.1425109, 28.1624031, 0.0 ], [ 73.1425341, 28.1624034, 0.0 ], [ 73.1425288, 28.1627067, 0.0 ], [ 73.1425057, 28.1627064, 0.0 ], [ 73.1425109, 28.1624031, 0.0 ] ], [ [ 73.1425616, 28.1627156, 0.0 ], [ 73.1425847, 28.1627159, 0.0 ], [ 73.1425794, 28.1630191, 0.0 ], [ 73.1425563, 28.1630188, 0.0 ], [ 73.1425616, 28.1627156, 0.0 ] ], [ [ 73.1425056, 28.1627148, 0.0 ], [ 73.1425287, 28.1627151, 0.0 ], [ 73.1425235, 28.1630184, 0.0 ], [ 73.1425003, 28.1630181, 0.0 ], [ 73.1425056, 28.1627148, 0.0 ] ], [ [ 73.142455, 28.1624024, 0.0 ], [ 73.1424781, 28.1624027, 0.0 ], [ 73.1424728, 28.1627059, 0.0 ], [ 73.1424497, 28.1627056, 0.0 ], [ 73.142455, 28.1624024, 0.0 ] ], [ [ 73.142399, 28.1624016, 0.0 ], [ 73.1424221, 28.1624019, 0.0 ], [ 73.1424169, 28.1627052, 0.0 ], [ 73.1423937, 28.1627049, 0.0 ], [ 73.142399, 28.1624016, 0.0 ] ], [ [ 73.1424496, 28.162714, 0.0 ], [ 73.1424727, 28.1627144, 0.0 ], [ 73.1424675, 28.1630176, 0.0 ], [ 73.1424443, 28.1630173, 0.0 ], [ 73.1424496, 28.162714, 0.0 ] ], [ [ 73.1423936, 28.1627133, 0.0 ], [ 73.1424167, 28.1627136, 0.0 ], [ 73.1424115, 28.1630169, 0.0 ], [ 73.1423883, 28.1630165, 0.0 ], [ 73.1423936, 28.1627133, 0.0 ] ], [ [ 73.142343, 28.1624008, 0.0 ], [ 73.1423661, 28.1624012, 0.0 ], [ 73.1423609, 28.1627044, 0.0 ], [ 73.1423377, 28.1627041, 0.0 ], [ 73.142343, 28.1624008, 0.0 ] ], [ [ 73.142287, 28.1624001, 0.0 ], [ 73.1423101, 28.1624004, 0.0 ], [ 73.1423049, 28.1627037, 0.0 ], [ 73.1422817, 28.1627033, 0.0 ], [ 73.142287, 28.1624001, 0.0 ] ], [ [ 73.1423376, 28.1627125, 0.0 ], [ 73.1423607, 28.1627128, 0.0 ], [ 73.1423555, 28.1630161, 0.0 ], [ 73.1423323, 28.1630158, 0.0 ], [ 73.1423376, 28.1627125, 0.0 ] ], [ [ 73.1422816, 28.1627118, 0.0 ], [ 73.1423047, 28.1627121, 0.0 ], [ 73.1422995, 28.1630153, 0.0 ], [ 73.1422764, 28.163015, 0.0 ], [ 73.1422816, 28.1627118, 0.0 ] ], [ [ 73.142231, 28.1623993, 0.0 ], [ 73.1422541, 28.1623996, 0.0 ], [ 73.1422489, 28.1627029, 0.0 ], [ 73.1422257, 28.1627026, 0.0 ], [ 73.142231, 28.1623993, 0.0 ] ], [ [ 73.142175, 28.1623986, 0.0 ], [ 73.1421981, 28.1623989, 0.0 ], [ 73.1421929, 28.1627021, 0.0 ], [ 73.1421697, 28.1627018, 0.0 ], [ 73.142175, 28.1623986, 0.0 ] ], [ [ 73.1422256, 28.162711, 0.0 ], [ 73.1422487, 28.1627113, 0.0 ], [ 73.1422435, 28.1630146, 0.0 ], [ 73.1422204, 28.1630143, 0.0 ], [ 73.1422256, 28.162711, 0.0 ] ], [ [ 73.1421696, 28.1627102, 0.0 ], [ 73.1421927, 28.1627106, 0.0 ], [ 73.1421875, 28.1630138, 0.0 ], [ 73.1421644, 28.1630135, 0.0 ], [ 73.1421696, 28.1627102, 0.0 ] ], [ [ 73.142119, 28.1623978, 0.0 ], [ 73.1421421, 28.1623981, 0.0 ], [ 73.1421369, 28.1627014, 0.0 ], [ 73.1421138, 28.1627011, 0.0 ], [ 73.142119, 28.1623978, 0.0 ] ], [ [ 73.142063, 28.162397, 0.0 ], [ 73.1420861, 28.1623974, 0.0 ], [ 73.1420809, 28.1627006, 0.0 ], [ 73.1420578, 28.1627003, 0.0 ], [ 73.142063, 28.162397, 0.0 ] ], [ [ 73.1421136, 28.1627095, 0.0 ], [ 73.1421367, 28.1627098, 0.0 ], [ 73.1421315, 28.1630131, 0.0 ], [ 73.1421084, 28.1630128, 0.0 ], [ 73.1421136, 28.1627095, 0.0 ] ], [ [ 73.1420576, 28.1627087, 0.0 ], [ 73.1420807, 28.162709, 0.0 ], [ 73.1420755, 28.1630123, 0.0 ], [ 73.1420524, 28.163012, 0.0 ], [ 73.1420576, 28.1627087, 0.0 ] ], [ [ 73.142007, 28.1623963, 0.0 ], [ 73.1420301, 28.1623966, 0.0 ], [ 73.1420249, 28.1626999, 0.0 ], [ 73.1420018, 28.1626995, 0.0 ], [ 73.142007, 28.1623963, 0.0 ] ], [ [ 73.141951, 28.1623955, 0.0 ], [ 73.1419741, 28.1623958, 0.0 ], [ 73.1419689, 28.1626991, 0.0 ], [ 73.1419458, 28.1626988, 0.0 ], [ 73.141951, 28.1623955, 0.0 ] ], [ [ 73.1420016, 28.162708, 0.0 ], [ 73.1420248, 28.1627083, 0.0 ], [ 73.1420195, 28.1630115, 0.0 ], [ 73.1419964, 28.1630112, 0.0 ], [ 73.1420016, 28.162708, 0.0 ] ], [ [ 73.1419456, 28.1627072, 0.0 ], [ 73.1419688, 28.1627075, 0.0 ], [ 73.1419635, 28.1630108, 0.0 ], [ 73.1419404, 28.1630105, 0.0 ], [ 73.1419456, 28.1627072, 0.0 ] ], [ [ 73.141895, 28.1623948, 0.0 ], [ 73.1419182, 28.1623951, 0.0 ], [ 73.1419129, 28.1626983, 0.0 ], [ 73.1418898, 28.162698, 0.0 ], [ 73.141895, 28.1623948, 0.0 ] ], [ [ 73.141839, 28.162394, 0.0 ], [ 73.1418622, 28.1623943, 0.0 ], [ 73.1418569, 28.1626976, 0.0 ], [ 73.1418338, 28.1626973, 0.0 ], [ 73.141839, 28.162394, 0.0 ] ], [ [ 73.1418896, 28.1627064, 0.0 ], [ 73.1419128, 28.1627068, 0.0 ], [ 73.1419075, 28.16301, 0.0 ], [ 73.1418844, 28.1630097, 0.0 ], [ 73.1418896, 28.1627064, 0.0 ] ], [ [ 73.1418336, 28.1627057, 0.0 ], [ 73.1418568, 28.162706, 0.0 ], [ 73.1418515, 28.1630093, 0.0 ], [ 73.1418284, 28.163009, 0.0 ], [ 73.1418336, 28.1627057, 0.0 ] ], [ [ 73.141783, 28.1623932, 0.0 ], [ 73.1418062, 28.1623936, 0.0 ], [ 73.1418009, 28.1626968, 0.0 ], [ 73.1417778, 28.1626965, 0.0 ], [ 73.141783, 28.1623932, 0.0 ] ], [ [ 73.141727, 28.1623925, 0.0 ], [ 73.1417502, 28.1623928, 0.0 ], [ 73.1417449, 28.1626961, 0.0 ], [ 73.1417218, 28.1626957, 0.0 ], [ 73.141727, 28.1623925, 0.0 ] ], [ [ 73.1417777, 28.1627049, 0.0 ], [ 73.1418008, 28.1627052, 0.0 ], [ 73.1417955, 28.1630085, 0.0 ], [ 73.1417724, 28.1630082, 0.0 ], [ 73.1417777, 28.1627049, 0.0 ] ], [ [ 73.1417217, 28.1627042, 0.0 ], [ 73.1417448, 28.1627045, 0.0 ], [ 73.1417395, 28.1630077, 0.0 ], [ 73.1417164, 28.1630074, 0.0 ], [ 73.1417217, 28.1627042, 0.0 ] ], [ [ 73.1416711, 28.1623917, 0.0 ], [ 73.1416942, 28.162392, 0.0 ], [ 73.1416889, 28.1626953, 0.0 ], [ 73.1416658, 28.162695, 0.0 ], [ 73.1416711, 28.1623917, 0.0 ] ], [ [ 73.1416151, 28.162391, 0.0 ], [ 73.1416382, 28.1623913, 0.0 ], [ 73.1416329, 28.1626945, 0.0 ], [ 73.1416098, 28.1626942, 0.0 ], [ 73.1416151, 28.162391, 0.0 ] ], [ [ 73.1416657, 28.1627034, 0.0 ], [ 73.1416888, 28.1627037, 0.0 ], [ 73.1416836, 28.163007, 0.0 ], [ 73.1416604, 28.1630067, 0.0 ], [ 73.1416657, 28.1627034, 0.0 ] ], [ [ 73.1416097, 28.1627026, 0.0 ], [ 73.1416328, 28.162703, 0.0 ], [ 73.1416276, 28.1630062, 0.0 ], [ 73.1416044, 28.1630059, 0.0 ], [ 73.1416097, 28.1627026, 0.0 ] ], [ [ 73.1415591, 28.1623902, 0.0 ], [ 73.1415822, 28.1623905, 0.0 ], [ 73.141577, 28.1626938, 0.0 ], [ 73.1415538, 28.1626935, 0.0 ], [ 73.1415591, 28.1623902, 0.0 ] ], [ [ 73.1415031, 28.1623894, 0.0 ], [ 73.1415262, 28.1623898, 0.0 ], [ 73.141521, 28.162693, 0.0 ], [ 73.1414978, 28.1626927, 0.0 ], [ 73.1415031, 28.1623894, 0.0 ] ], [ [ 73.1415537, 28.1627019, 0.0 ], [ 73.1415768, 28.1627022, 0.0 ], [ 73.1415716, 28.1630055, 0.0 ], [ 73.1415484, 28.1630052, 0.0 ], [ 73.1415537, 28.1627019, 0.0 ] ], [ [ 73.1414977, 28.1627011, 0.0 ], [ 73.1415208, 28.1627014, 0.0 ], [ 73.1415156, 28.1630047, 0.0 ], [ 73.1414924, 28.1630044, 0.0 ], [ 73.1414977, 28.1627011, 0.0 ] ], [ [ 73.1414471, 28.1623887, 0.0 ], [ 73.1414702, 28.162389, 0.0 ], [ 73.141465, 28.1626923, 0.0 ], [ 73.1414418, 28.1626919, 0.0 ], [ 73.1414471, 28.1623887, 0.0 ] ], [ [ 73.1413911, 28.1623879, 0.0 ], [ 73.1414142, 28.1623882, 0.0 ], [ 73.141409, 28.1626915, 0.0 ], [ 73.1413858, 28.1626912, 0.0 ], [ 73.1413911, 28.1623879, 0.0 ] ], [ [ 73.1414417, 28.1627004, 0.0 ], [ 73.1414648, 28.1627007, 0.0 ], [ 73.1414596, 28.1630039, 0.0 ], [ 73.1414365, 28.1630036, 0.0 ], [ 73.1414417, 28.1627004, 0.0 ] ], [ [ 73.1413857, 28.1626996, 0.0 ], [ 73.1414088, 28.1626999, 0.0 ], [ 73.1414036, 28.1630032, 0.0 ], [ 73.1413805, 28.1630029, 0.0 ], [ 73.1413857, 28.1626996, 0.0 ] ], [ [ 73.1413351, 28.1623872, 0.0 ], [ 73.1413582, 28.1623875, 0.0 ], [ 73.141353, 28.1626907, 0.0 ], [ 73.1413299, 28.1626904, 0.0 ], [ 73.1413351, 28.1623872, 0.0 ] ], [ [ 73.1412791, 28.1623864, 0.0 ], [ 73.1413022, 28.1623867, 0.0 ], [ 73.141297, 28.16269, 0.0 ], [ 73.1412739, 28.1626897, 0.0 ], [ 73.1412791, 28.1623864, 0.0 ] ], [ [ 73.1413297, 28.1626988, 0.0 ], [ 73.1413528, 28.1626992, 0.0 ], [ 73.1413476, 28.1630024, 0.0 ], [ 73.1413245, 28.1630021, 0.0 ], [ 73.1413297, 28.1626988, 0.0 ] ], [ [ 73.1412737, 28.1626981, 0.0 ], [ 73.1412968, 28.1626984, 0.0 ], [ 73.1412916, 28.1630017, 0.0 ], [ 73.1412685, 28.1630014, 0.0 ], [ 73.1412737, 28.1626981, 0.0 ] ], [ [ 73.1444814, 28.1618102, 0.0 ], [ 73.1445045, 28.1618105, 0.0 ], [ 73.1444993, 28.1621138, 0.0 ], [ 73.1444762, 28.1621135, 0.0 ], [ 73.1444814, 28.1618102, 0.0 ] ], [ [ 73.1444254, 28.1618095, 0.0 ], [ 73.1444485, 28.1618098, 0.0 ], [ 73.1444433, 28.162113, 0.0 ], [ 73.1444202, 28.1621127, 0.0 ], [ 73.1444254, 28.1618095, 0.0 ] ], [ [ 73.144476, 28.1621219, 0.0 ], [ 73.1444991, 28.1621222, 0.0 ], [ 73.1444939, 28.1624255, 0.0 ], [ 73.1444708, 28.1624252, 0.0 ], [ 73.144476, 28.1621219, 0.0 ] ], [ [ 73.14442, 28.1621211, 0.0 ], [ 73.1444432, 28.1621215, 0.0 ], [ 73.1444379, 28.1624247, 0.0 ], [ 73.1444148, 28.1624244, 0.0 ], [ 73.14442, 28.1621211, 0.0 ] ], [ [ 73.1443694, 28.1618087, 0.0 ], [ 73.1443925, 28.161809, 0.0 ], [ 73.1443873, 28.1621123, 0.0 ], [ 73.1443642, 28.162112, 0.0 ], [ 73.1443694, 28.1618087, 0.0 ] ], [ [ 73.1443134, 28.1618079, 0.0 ], [ 73.1443365, 28.1618083, 0.0 ], [ 73.1443313, 28.1621115, 0.0 ], [ 73.1443082, 28.1621112, 0.0 ], [ 73.1443134, 28.1618079, 0.0 ] ], [ [ 73.144364, 28.1621204, 0.0 ], [ 73.1443872, 28.1621207, 0.0 ], [ 73.1443819, 28.162424, 0.0 ], [ 73.1443588, 28.1624237, 0.0 ], [ 73.144364, 28.1621204, 0.0 ] ], [ [ 73.144308, 28.1621196, 0.0 ], [ 73.1443312, 28.1621199, 0.0 ], [ 73.1443259, 28.1624232, 0.0 ], [ 73.1443028, 28.1624229, 0.0 ], [ 73.144308, 28.1621196, 0.0 ] ], [ [ 73.1442574, 28.1618072, 0.0 ], [ 73.1442805, 28.1618075, 0.0 ], [ 73.1442753, 28.1621108, 0.0 ], [ 73.1442522, 28.1621105, 0.0 ], [ 73.1442574, 28.1618072, 0.0 ] ], [ [ 73.1442014, 28.1618064, 0.0 ], [ 73.1442246, 28.1618067, 0.0 ], [ 73.1442193, 28.16211, 0.0 ], [ 73.1441962, 28.1621097, 0.0 ], [ 73.1442014, 28.1618064, 0.0 ] ], [ [ 73.144252, 28.1621189, 0.0 ], [ 73.1442752, 28.1621192, 0.0 ], [ 73.1442699, 28.1624225, 0.0 ], [ 73.1442468, 28.1624221, 0.0 ], [ 73.144252, 28.1621189, 0.0 ] ], [ [ 73.144196, 28.1621181, 0.0 ], [ 73.1442192, 28.1621184, 0.0 ], [ 73.1442139, 28.1624217, 0.0 ], [ 73.1441908, 28.1624214, 0.0 ], [ 73.144196, 28.1621181, 0.0 ] ], [ [ 73.1441454, 28.1618057, 0.0 ], [ 73.1441686, 28.161806, 0.0 ], [ 73.1441633, 28.1621092, 0.0 ], [ 73.1441402, 28.1621089, 0.0 ], [ 73.1441454, 28.1618057, 0.0 ] ], [ [ 73.1440894, 28.1618049, 0.0 ], [ 73.1441126, 28.1618052, 0.0 ], [ 73.1441073, 28.1621085, 0.0 ], [ 73.1440842, 28.1621082, 0.0 ], [ 73.1440894, 28.1618049, 0.0 ] ], [ [ 73.1441401, 28.1621174, 0.0 ], [ 73.1441632, 28.1621177, 0.0 ], [ 73.144158, 28.1624209, 0.0 ], [ 73.1441348, 28.1624206, 0.0 ], [ 73.1441401, 28.1621174, 0.0 ] ], [ [ 73.1440841, 28.1621166, 0.0 ], [ 73.1441072, 28.1621169, 0.0 ], [ 73.144102, 28.1624202, 0.0 ], [ 73.1440788, 28.1624199, 0.0 ], [ 73.1440841, 28.1621166, 0.0 ] ], [ [ 73.1440334, 28.1618042, 0.0 ], [ 73.1440566, 28.1618045, 0.0 ], [ 73.1440513, 28.1621077, 0.0 ], [ 73.1440282, 28.1621074, 0.0 ], [ 73.1440334, 28.1618042, 0.0 ] ], [ [ 73.1439775, 28.1618034, 0.0 ], [ 73.1440006, 28.1618037, 0.0 ], [ 73.1439954, 28.162107, 0.0 ], [ 73.1439722, 28.1621067, 0.0 ], [ 73.1439775, 28.1618034, 0.0 ] ], [ [ 73.1440281, 28.1621158, 0.0 ], [ 73.1440512, 28.1621161, 0.0 ], [ 73.144046, 28.1624194, 0.0 ], [ 73.1440228, 28.1624191, 0.0 ], [ 73.1440281, 28.1621158, 0.0 ] ], [ [ 73.1439721, 28.1621151, 0.0 ], [ 73.1439952, 28.1621154, 0.0 ], [ 73.14399, 28.1624187, 0.0 ], [ 73.1439668, 28.1624183, 0.0 ], [ 73.1439721, 28.1621151, 0.0 ] ], [ [ 73.1438095, 28.1618011, 0.0 ], [ 73.1438326, 28.1618014, 0.0 ], [ 73.1438274, 28.1621047, 0.0 ], [ 73.1438042, 28.1621044, 0.0 ], [ 73.1438095, 28.1618011, 0.0 ] ], [ [ 73.1437535, 28.1618004, 0.0 ], [ 73.1437766, 28.1618007, 0.0 ], [ 73.1437714, 28.1621039, 0.0 ], [ 73.1437483, 28.1621036, 0.0 ], [ 73.1437535, 28.1618004, 0.0 ] ], [ [ 73.1438041, 28.1621128, 0.0 ], [ 73.1438272, 28.1621131, 0.0 ], [ 73.143822, 28.1624164, 0.0 ], [ 73.1437989, 28.1624161, 0.0 ], [ 73.1438041, 28.1621128, 0.0 ] ], [ [ 73.1437481, 28.162112, 0.0 ], [ 73.1437712, 28.1621124, 0.0 ], [ 73.143766, 28.1624156, 0.0 ], [ 73.1437429, 28.1624153, 0.0 ], [ 73.1437481, 28.162112, 0.0 ] ], [ [ 73.1436975, 28.1617996, 0.0 ], [ 73.1437206, 28.1617999, 0.0 ], [ 73.1437154, 28.1621032, 0.0 ], [ 73.1436923, 28.1621029, 0.0 ], [ 73.1436975, 28.1617996, 0.0 ] ], [ [ 73.1436415, 28.1617988, 0.0 ], [ 73.1436646, 28.1617992, 0.0 ], [ 73.1436594, 28.1621024, 0.0 ], [ 73.1436363, 28.1621021, 0.0 ], [ 73.1436415, 28.1617988, 0.0 ] ], [ [ 73.1436921, 28.1621113, 0.0 ], [ 73.1437152, 28.1621116, 0.0 ], [ 73.14371, 28.1624149, 0.0 ], [ 73.1436869, 28.1624145, 0.0 ], [ 73.1436921, 28.1621113, 0.0 ] ], [ [ 73.1436361, 28.1621105, 0.0 ], [ 73.1436592, 28.1621108, 0.0 ], [ 73.143654, 28.1624141, 0.0 ], [ 73.1436309, 28.1624138, 0.0 ], [ 73.1436361, 28.1621105, 0.0 ] ], [ [ 73.1435855, 28.1617981, 0.0 ], [ 73.1436086, 28.1617984, 0.0 ], [ 73.1436034, 28.1621017, 0.0 ], [ 73.1435803, 28.1621013, 0.0 ], [ 73.1435855, 28.1617981, 0.0 ] ], [ [ 73.1435295, 28.1617973, 0.0 ], [ 73.1435526, 28.1617976, 0.0 ], [ 73.1435474, 28.1621009, 0.0 ], [ 73.1435243, 28.1621006, 0.0 ], [ 73.1435295, 28.1617973, 0.0 ] ], [ [ 73.1435801, 28.1621098, 0.0 ], [ 73.1436033, 28.1621101, 0.0 ], [ 73.143598, 28.1624133, 0.0 ], [ 73.1435749, 28.162413, 0.0 ], [ 73.1435801, 28.1621098, 0.0 ] ], [ [ 73.1435241, 28.162109, 0.0 ], [ 73.1435473, 28.1621093, 0.0 ], [ 73.143542, 28.1624126, 0.0 ], [ 73.1435189, 28.1624123, 0.0 ], [ 73.1435241, 28.162109, 0.0 ] ], [ [ 73.1434735, 28.1617966, 0.0 ], [ 73.1434967, 28.1617969, 0.0 ], [ 73.1434914, 28.1621001, 0.0 ], [ 73.1434683, 28.1620998, 0.0 ], [ 73.1434735, 28.1617966, 0.0 ] ], [ [ 73.1434175, 28.1617958, 0.0 ], [ 73.1434407, 28.1617961, 0.0 ], [ 73.1434354, 28.1620994, 0.0 ], [ 73.1434123, 28.1620991, 0.0 ], [ 73.1434175, 28.1617958, 0.0 ] ], [ [ 73.1434681, 28.1621082, 0.0 ], [ 73.1434913, 28.1621086, 0.0 ], [ 73.143486, 28.1624118, 0.0 ], [ 73.1434629, 28.1624115, 0.0 ], [ 73.1434681, 28.1621082, 0.0 ] ], [ [ 73.1434121, 28.1621075, 0.0 ], [ 73.1434353, 28.1621078, 0.0 ], [ 73.14343, 28.1624111, 0.0 ], [ 73.1434069, 28.1624108, 0.0 ], [ 73.1434121, 28.1621075, 0.0 ] ], [ [ 73.1439215, 28.1618026, 0.0 ], [ 73.1439446, 28.1618029, 0.0 ], [ 73.1439394, 28.1621062, 0.0 ], [ 73.1439162, 28.1621059, 0.0 ], [ 73.1439215, 28.1618026, 0.0 ] ], [ [ 73.1438655, 28.1618019, 0.0 ], [ 73.1438886, 28.1618022, 0.0 ], [ 73.1438834, 28.1621055, 0.0 ], [ 73.1438602, 28.1621051, 0.0 ], [ 73.1438655, 28.1618019, 0.0 ] ], [ [ 73.1439161, 28.1621143, 0.0 ], [ 73.1439392, 28.1621146, 0.0 ], [ 73.143934, 28.1624179, 0.0 ], [ 73.1439109, 28.1624176, 0.0 ], [ 73.1439161, 28.1621143, 0.0 ] ], [ [ 73.1438601, 28.1621136, 0.0 ], [ 73.1438832, 28.1621139, 0.0 ], [ 73.143878, 28.1624171, 0.0 ], [ 73.1438549, 28.1624168, 0.0 ], [ 73.1438601, 28.1621136, 0.0 ] ], [ [ 73.1432496, 28.1617935, 0.0 ], [ 73.1432727, 28.1617938, 0.0 ], [ 73.1432674, 28.1620971, 0.0 ], [ 73.1432443, 28.1620968, 0.0 ], [ 73.1432496, 28.1617935, 0.0 ] ], [ [ 73.1431936, 28.1617928, 0.0 ], [ 73.1432167, 28.1617931, 0.0 ], [ 73.1432115, 28.1620963, 0.0 ], [ 73.1431883, 28.162096, 0.0 ], [ 73.1431936, 28.1617928, 0.0 ] ], [ [ 73.1432442, 28.1621052, 0.0 ], [ 73.1432673, 28.1621055, 0.0 ], [ 73.1432621, 28.1624088, 0.0 ], [ 73.1432389, 28.1624085, 0.0 ], [ 73.1432442, 28.1621052, 0.0 ] ], [ [ 73.1431882, 28.1621044, 0.0 ], [ 73.1432113, 28.1621048, 0.0 ], [ 73.1432061, 28.162408, 0.0 ], [ 73.1431829, 28.1624077, 0.0 ], [ 73.1431882, 28.1621044, 0.0 ] ], [ [ 73.1431376, 28.161792, 0.0 ], [ 73.1431607, 28.1617923, 0.0 ], [ 73.1431555, 28.1620956, 0.0 ], [ 73.1431323, 28.1620953, 0.0 ], [ 73.1431376, 28.161792, 0.0 ] ], [ [ 73.1430816, 28.1617912, 0.0 ], [ 73.1431047, 28.1617916, 0.0 ], [ 73.1430995, 28.1620948, 0.0 ], [ 73.1430763, 28.1620945, 0.0 ], [ 73.1430816, 28.1617912, 0.0 ] ], [ [ 73.1431322, 28.1621037, 0.0 ], [ 73.1431553, 28.162104, 0.0 ], [ 73.1431501, 28.1624073, 0.0 ], [ 73.1431269, 28.162407, 0.0 ], [ 73.1431322, 28.1621037, 0.0 ] ], [ [ 73.1430762, 28.1621029, 0.0 ], [ 73.1430993, 28.1621032, 0.0 ], [ 73.1430941, 28.1624065, 0.0 ], [ 73.143071, 28.1624062, 0.0 ], [ 73.1430762, 28.1621029, 0.0 ] ], [ [ 73.1430256, 28.1617905, 0.0 ], [ 73.1430487, 28.1617908, 0.0 ], [ 73.1430435, 28.1620941, 0.0 ], [ 73.1430203, 28.1620938, 0.0 ], [ 73.1430256, 28.1617905, 0.0 ] ], [ [ 73.1429696, 28.1617897, 0.0 ], [ 73.1429927, 28.16179, 0.0 ], [ 73.1429875, 28.1620933, 0.0 ], [ 73.1429644, 28.162093, 0.0 ], [ 73.1429696, 28.1617897, 0.0 ] ], [ [ 73.1430202, 28.1621022, 0.0 ], [ 73.1430433, 28.1621025, 0.0 ], [ 73.1430381, 28.1624058, 0.0 ], [ 73.143015, 28.1624054, 0.0 ], [ 73.1430202, 28.1621022, 0.0 ] ], [ [ 73.1429642, 28.1621014, 0.0 ], [ 73.1429873, 28.1621017, 0.0 ], [ 73.1429821, 28.162405, 0.0 ], [ 73.142959, 28.1624047, 0.0 ], [ 73.1429642, 28.1621014, 0.0 ] ], [ [ 73.1429136, 28.161789, 0.0 ], [ 73.1429367, 28.1617893, 0.0 ], [ 73.1429315, 28.1620925, 0.0 ], [ 73.1429084, 28.1620922, 0.0 ], [ 73.1429136, 28.161789, 0.0 ] ], [ [ 73.1428576, 28.1617882, 0.0 ], [ 73.1428807, 28.1617885, 0.0 ], [ 73.1428755, 28.1620918, 0.0 ], [ 73.1428524, 28.1620915, 0.0 ], [ 73.1428576, 28.1617882, 0.0 ] ], [ [ 73.1429082, 28.1621007, 0.0 ], [ 73.1429313, 28.162101, 0.0 ], [ 73.1429261, 28.1624042, 0.0 ], [ 73.142903, 28.1624039, 0.0 ], [ 73.1429082, 28.1621007, 0.0 ] ], [ [ 73.1428522, 28.1620999, 0.0 ], [ 73.1428753, 28.1621002, 0.0 ], [ 73.1428701, 28.1624035, 0.0 ], [ 73.142847, 28.1624032, 0.0 ], [ 73.1428522, 28.1620999, 0.0 ] ], [ [ 73.1428016, 28.1617874, 0.0 ], [ 73.1428247, 28.1617878, 0.0 ], [ 73.1428195, 28.162091, 0.0 ], [ 73.1427964, 28.1620907, 0.0 ], [ 73.1428016, 28.1617874, 0.0 ] ], [ [ 73.1427456, 28.1617867, 0.0 ], [ 73.1427687, 28.161787, 0.0 ], [ 73.1427635, 28.1620903, 0.0 ], [ 73.1427404, 28.16209, 0.0 ], [ 73.1427456, 28.1617867, 0.0 ] ], [ [ 73.1427962, 28.1620991, 0.0 ], [ 73.1428194, 28.1620994, 0.0 ], [ 73.1428141, 28.1624027, 0.0 ], [ 73.142791, 28.1624024, 0.0 ], [ 73.1427962, 28.1620991, 0.0 ] ], [ [ 73.1427402, 28.1620984, 0.0 ], [ 73.1427634, 28.1620987, 0.0 ], [ 73.1427581, 28.162402, 0.0 ], [ 73.142735, 28.1624016, 0.0 ], [ 73.1427402, 28.1620984, 0.0 ] ], [ [ 73.1426896, 28.1617859, 0.0 ], [ 73.1427128, 28.1617862, 0.0 ], [ 73.1427075, 28.1620895, 0.0 ], [ 73.1426844, 28.1620892, 0.0 ], [ 73.1426896, 28.1617859, 0.0 ] ], [ [ 73.1426336, 28.1617852, 0.0 ], [ 73.1426568, 28.1617855, 0.0 ], [ 73.1426515, 28.1620888, 0.0 ], [ 73.1426284, 28.1620884, 0.0 ], [ 73.1426336, 28.1617852, 0.0 ] ], [ [ 73.1426842, 28.1620976, 0.0 ], [ 73.1427074, 28.1620979, 0.0 ], [ 73.1427021, 28.1624012, 0.0 ], [ 73.142679, 28.1624009, 0.0 ], [ 73.1426842, 28.1620976, 0.0 ] ], [ [ 73.1426282, 28.1620969, 0.0 ], [ 73.1426514, 28.1620972, 0.0 ], [ 73.1426461, 28.1624004, 0.0 ], [ 73.142623, 28.1624001, 0.0 ], [ 73.1426282, 28.1620969, 0.0 ] ], [ [ 73.1425776, 28.1617844, 0.0 ], [ 73.1426008, 28.1617847, 0.0 ], [ 73.1425955, 28.162088, 0.0 ], [ 73.1425724, 28.1620877, 0.0 ], [ 73.1425776, 28.1617844, 0.0 ] ], [ [ 73.1425216, 28.1617837, 0.0 ], [ 73.1425448, 28.161784, 0.0 ], [ 73.1425395, 28.1620872, 0.0 ], [ 73.1425164, 28.1620869, 0.0 ], [ 73.1425216, 28.1617837, 0.0 ] ], [ [ 73.1425723, 28.1620961, 0.0 ], [ 73.1425954, 28.1620964, 0.0 ], [ 73.1425901, 28.1623997, 0.0 ], [ 73.142567, 28.1623994, 0.0 ], [ 73.1425723, 28.1620961, 0.0 ] ], [ [ 73.1425163, 28.1620953, 0.0 ], [ 73.1425394, 28.1620957, 0.0 ], [ 73.1425342, 28.1623989, 0.0 ], [ 73.142511, 28.1623986, 0.0 ], [ 73.1425163, 28.1620953, 0.0 ] ], [ [ 73.1424657, 28.1617829, 0.0 ], [ 73.1424888, 28.1617832, 0.0 ], [ 73.1424835, 28.1620865, 0.0 ], [ 73.1424604, 28.1620862, 0.0 ], [ 73.1424657, 28.1617829, 0.0 ] ], [ [ 73.1424097, 28.1617821, 0.0 ], [ 73.1424328, 28.1617824, 0.0 ], [ 73.1424276, 28.1620857, 0.0 ], [ 73.1424044, 28.1620854, 0.0 ], [ 73.1424097, 28.1617821, 0.0 ] ], [ [ 73.1424603, 28.1620946, 0.0 ], [ 73.1424834, 28.1620949, 0.0 ], [ 73.1424782, 28.1623982, 0.0 ], [ 73.142455, 28.1623978, 0.0 ], [ 73.1424603, 28.1620946, 0.0 ] ], [ [ 73.1424043, 28.1620938, 0.0 ], [ 73.1424274, 28.1620941, 0.0 ], [ 73.1424222, 28.1623974, 0.0 ], [ 73.142399, 28.1623971, 0.0 ], [ 73.1424043, 28.1620938, 0.0 ] ], [ [ 73.1423537, 28.1617814, 0.0 ], [ 73.1423768, 28.1617817, 0.0 ], [ 73.1423716, 28.162085, 0.0 ], [ 73.1423484, 28.1620846, 0.0 ], [ 73.1423537, 28.1617814, 0.0 ] ], [ [ 73.1422977, 28.1617806, 0.0 ], [ 73.1423208, 28.1617809, 0.0 ], [ 73.1423156, 28.1620842, 0.0 ], [ 73.1422924, 28.1620839, 0.0 ], [ 73.1422977, 28.1617806, 0.0 ] ], [ [ 73.1423483, 28.1620931, 0.0 ], [ 73.1423714, 28.1620934, 0.0 ], [ 73.1423662, 28.1623966, 0.0 ], [ 73.142343, 28.1623963, 0.0 ], [ 73.1423483, 28.1620931, 0.0 ] ], [ [ 73.1422923, 28.1620923, 0.0 ], [ 73.1423154, 28.1620926, 0.0 ], [ 73.1423102, 28.1623959, 0.0 ], [ 73.1422871, 28.1623956, 0.0 ], [ 73.1422923, 28.1620923, 0.0 ] ], [ [ 73.1422417, 28.1617799, 0.0 ], [ 73.1422648, 28.1617802, 0.0 ], [ 73.1422596, 28.1620834, 0.0 ], [ 73.1422364, 28.1620831, 0.0 ], [ 73.1422417, 28.1617799, 0.0 ] ], [ [ 73.1421857, 28.1617791, 0.0 ], [ 73.1422088, 28.1617794, 0.0 ], [ 73.1422036, 28.1620827, 0.0 ], [ 73.1421805, 28.1620824, 0.0 ], [ 73.1421857, 28.1617791, 0.0 ] ], [ [ 73.1422363, 28.1620915, 0.0 ], [ 73.1422594, 28.1620919, 0.0 ], [ 73.1422542, 28.1623951, 0.0 ], [ 73.1422311, 28.1623948, 0.0 ], [ 73.1422363, 28.1620915, 0.0 ] ], [ [ 73.1421803, 28.1620908, 0.0 ], [ 73.1422034, 28.1620911, 0.0 ], [ 73.1421982, 28.1623944, 0.0 ], [ 73.1421751, 28.162394, 0.0 ], [ 73.1421803, 28.1620908, 0.0 ] ], [ [ 73.1421297, 28.1617783, 0.0 ], [ 73.1421528, 28.1617786, 0.0 ], [ 73.1421476, 28.1620819, 0.0 ], [ 73.1421245, 28.1620816, 0.0 ], [ 73.1421297, 28.1617783, 0.0 ] ], [ [ 73.1420737, 28.1617776, 0.0 ], [ 73.1420968, 28.1617779, 0.0 ], [ 73.1420916, 28.1620812, 0.0 ], [ 73.1420685, 28.1620808, 0.0 ], [ 73.1420737, 28.1617776, 0.0 ] ], [ [ 73.1421243, 28.16209, 0.0 ], [ 73.1421474, 28.1620903, 0.0 ], [ 73.1421422, 28.1623936, 0.0 ], [ 73.1421191, 28.1623933, 0.0 ], [ 73.1421243, 28.16209, 0.0 ] ], [ [ 73.1420683, 28.1620893, 0.0 ], [ 73.1420914, 28.1620896, 0.0 ], [ 73.1420862, 28.1623928, 0.0 ], [ 73.1420631, 28.1623925, 0.0 ], [ 73.1420683, 28.1620893, 0.0 ] ], [ [ 73.1420177, 28.1617768, 0.0 ], [ 73.1420408, 28.1617771, 0.0 ], [ 73.1420356, 28.1620804, 0.0 ], [ 73.1420125, 28.1620801, 0.0 ], [ 73.1420177, 28.1617768, 0.0 ] ], [ [ 73.1419617, 28.1617761, 0.0 ], [ 73.1419848, 28.1617764, 0.0 ], [ 73.1419796, 28.1620796, 0.0 ], [ 73.1419565, 28.1620793, 0.0 ], [ 73.1419617, 28.1617761, 0.0 ] ], [ [ 73.1420123, 28.1620885, 0.0 ], [ 73.1420355, 28.1620888, 0.0 ], [ 73.1420302, 28.1623921, 0.0 ], [ 73.1420071, 28.1623918, 0.0 ], [ 73.1420123, 28.1620885, 0.0 ] ], [ [ 73.1419563, 28.1620877, 0.0 ], [ 73.1419795, 28.1620881, 0.0 ], [ 73.1419742, 28.1623913, 0.0 ], [ 73.1419511, 28.162391, 0.0 ], [ 73.1419563, 28.1620877, 0.0 ] ], [ [ 73.1419057, 28.1617753, 0.0 ], [ 73.1419289, 28.1617756, 0.0 ], [ 73.1419236, 28.1620789, 0.0 ], [ 73.1419005, 28.1620786, 0.0 ], [ 73.1419057, 28.1617753, 0.0 ] ], [ [ 73.1418497, 28.1617745, 0.0 ], [ 73.1418729, 28.1617748, 0.0 ], [ 73.1418676, 28.1620781, 0.0 ], [ 73.1418445, 28.1620778, 0.0 ], [ 73.1418497, 28.1617745, 0.0 ] ], [ [ 73.1419003, 28.162087, 0.0 ], [ 73.1419235, 28.1620873, 0.0 ], [ 73.1419182, 28.1623906, 0.0 ], [ 73.1418951, 28.1623902, 0.0 ], [ 73.1419003, 28.162087, 0.0 ] ], [ [ 73.1418443, 28.1620862, 0.0 ], [ 73.1418675, 28.1620865, 0.0 ], [ 73.1418622, 28.1623898, 0.0 ], [ 73.1418391, 28.1623895, 0.0 ], [ 73.1418443, 28.1620862, 0.0 ] ], [ [ 73.1417937, 28.1617738, 0.0 ], [ 73.1418169, 28.1617741, 0.0 ], [ 73.1418116, 28.1620774, 0.0 ], [ 73.1417885, 28.162077, 0.0 ], [ 73.1417937, 28.1617738, 0.0 ] ], [ [ 73.1417377, 28.161773, 0.0 ], [ 73.1417609, 28.1617733, 0.0 ], [ 73.1417556, 28.1620766, 0.0 ], [ 73.1417325, 28.1620763, 0.0 ], [ 73.1417377, 28.161773, 0.0 ] ], [ [ 73.1417884, 28.1620855, 0.0 ], [ 73.1418115, 28.1620858, 0.0 ], [ 73.1418062, 28.162389, 0.0 ], [ 73.1417831, 28.1623887, 0.0 ], [ 73.1417884, 28.1620855, 0.0 ] ], [ [ 73.1417324, 28.1620847, 0.0 ], [ 73.1417555, 28.162085, 0.0 ], [ 73.1417503, 28.1623883, 0.0 ], [ 73.1417271, 28.162388, 0.0 ], [ 73.1417324, 28.1620847, 0.0 ] ], [ [ 73.1416818, 28.1617723, 0.0 ], [ 73.1417049, 28.1617726, 0.0 ], [ 73.1416996, 28.1620758, 0.0 ], [ 73.1416765, 28.1620755, 0.0 ], [ 73.1416818, 28.1617723, 0.0 ] ], [ [ 73.1416258, 28.1617715, 0.0 ], [ 73.1416489, 28.1617718, 0.0 ], [ 73.1416437, 28.1620751, 0.0 ], [ 73.1416205, 28.1620748, 0.0 ], [ 73.1416258, 28.1617715, 0.0 ] ], [ [ 73.1416764, 28.1620839, 0.0 ], [ 73.1416995, 28.1620843, 0.0 ], [ 73.1416943, 28.1623875, 0.0 ], [ 73.1416711, 28.1623872, 0.0 ], [ 73.1416764, 28.1620839, 0.0 ] ], [ [ 73.1416204, 28.1620832, 0.0 ], [ 73.1416435, 28.1620835, 0.0 ], [ 73.1416383, 28.1623868, 0.0 ], [ 73.1416151, 28.1623864, 0.0 ], [ 73.1416204, 28.1620832, 0.0 ] ], [ [ 73.1415698, 28.1617707, 0.0 ], [ 73.1415929, 28.1617711, 0.0 ], [ 73.1415877, 28.1620743, 0.0 ], [ 73.1415645, 28.162074, 0.0 ], [ 73.1415698, 28.1617707, 0.0 ] ], [ [ 73.1415138, 28.16177, 0.0 ], [ 73.1415369, 28.1617703, 0.0 ], [ 73.1415317, 28.1620736, 0.0 ], [ 73.1415085, 28.1620732, 0.0 ], [ 73.1415138, 28.16177, 0.0 ] ], [ [ 73.1415644, 28.1620824, 0.0 ], [ 73.1415875, 28.1620827, 0.0 ], [ 73.1415823, 28.162386, 0.0 ], [ 73.1415591, 28.1623857, 0.0 ], [ 73.1415644, 28.1620824, 0.0 ] ], [ [ 73.1415084, 28.1620817, 0.0 ], [ 73.1415315, 28.162082, 0.0 ], [ 73.1415263, 28.1623852, 0.0 ], [ 73.1415032, 28.1623849, 0.0 ], [ 73.1415084, 28.1620817, 0.0 ] ], [ [ 73.1414578, 28.1617692, 0.0 ], [ 73.1414809, 28.1617695, 0.0 ], [ 73.1414757, 28.1620728, 0.0 ], [ 73.1414525, 28.1620725, 0.0 ], [ 73.1414578, 28.1617692, 0.0 ] ], [ [ 73.1414018, 28.1617685, 0.0 ], [ 73.1414249, 28.1617688, 0.0 ], [ 73.1414197, 28.162072, 0.0 ], [ 73.1413966, 28.1620717, 0.0 ], [ 73.1414018, 28.1617685, 0.0 ] ], [ [ 73.1414524, 28.1620809, 0.0 ], [ 73.1414755, 28.1620812, 0.0 ], [ 73.1414703, 28.1623845, 0.0 ], [ 73.1414472, 28.1623842, 0.0 ], [ 73.1414524, 28.1620809, 0.0 ] ], [ [ 73.1413964, 28.1620801, 0.0 ], [ 73.1414195, 28.1620805, 0.0 ], [ 73.1414143, 28.1623837, 0.0 ], [ 73.1413912, 28.1623834, 0.0 ], [ 73.1413964, 28.1620801, 0.0 ] ], [ [ 73.1413458, 28.1617677, 0.0 ], [ 73.1413689, 28.161768, 0.0 ], [ 73.1413637, 28.1620713, 0.0 ], [ 73.1413406, 28.162071, 0.0 ], [ 73.1413458, 28.1617677, 0.0 ] ], [ [ 73.1412898, 28.1617669, 0.0 ], [ 73.1413129, 28.1617673, 0.0 ], [ 73.1413077, 28.1620705, 0.0 ], [ 73.1412846, 28.1620702, 0.0 ], [ 73.1412898, 28.1617669, 0.0 ] ], [ [ 73.1413404, 28.1620794, 0.0 ], [ 73.1413635, 28.1620797, 0.0 ], [ 73.1413583, 28.162383, 0.0 ], [ 73.1413352, 28.1623826, 0.0 ], [ 73.1413404, 28.1620794, 0.0 ] ], [ [ 73.1412844, 28.1620786, 0.0 ], [ 73.1413075, 28.1620789, 0.0 ], [ 73.1413023, 28.1623822, 0.0 ], [ 73.1412792, 28.1623819, 0.0 ], [ 73.1412844, 28.1620786, 0.0 ] ], [ [ 73.1444921, 28.1611908, 0.0 ], [ 73.1445152, 28.1611911, 0.0 ], [ 73.14451, 28.1614943, 0.0 ], [ 73.1444868, 28.161494, 0.0 ], [ 73.1444921, 28.1611908, 0.0 ] ], [ [ 73.1444361, 28.16119, 0.0 ], [ 73.1444592, 28.1611903, 0.0 ], [ 73.144454, 28.1614936, 0.0 ], [ 73.1444309, 28.1614933, 0.0 ], [ 73.1444361, 28.16119, 0.0 ] ], [ [ 73.1444867, 28.1615024, 0.0 ], [ 73.1445098, 28.1615028, 0.0 ], [ 73.1445046, 28.161806, 0.0 ], [ 73.1444815, 28.1618057, 0.0 ], [ 73.1444867, 28.1615024, 0.0 ] ], [ [ 73.1444307, 28.1615017, 0.0 ], [ 73.1444538, 28.161502, 0.0 ], [ 73.1444486, 28.1618053, 0.0 ], [ 73.1444255, 28.161805, 0.0 ], [ 73.1444307, 28.1615017, 0.0 ] ], [ [ 73.1443801, 28.1611892, 0.0 ], [ 73.1444032, 28.1611896, 0.0 ], [ 73.144398, 28.1614928, 0.0 ], [ 73.1443749, 28.1614925, 0.0 ], [ 73.1443801, 28.1611892, 0.0 ] ], [ [ 73.1443241, 28.1611885, 0.0 ], [ 73.1443472, 28.1611888, 0.0 ], [ 73.144342, 28.1614921, 0.0 ], [ 73.1443189, 28.1614917, 0.0 ], [ 73.1443241, 28.1611885, 0.0 ] ], [ [ 73.1443747, 28.1615009, 0.0 ], [ 73.1443978, 28.1615012, 0.0 ], [ 73.1443926, 28.1618045, 0.0 ], [ 73.1443695, 28.1618042, 0.0 ], [ 73.1443747, 28.1615009, 0.0 ] ], [ [ 73.1443187, 28.1615002, 0.0 ], [ 73.1443419, 28.1615005, 0.0 ], [ 73.1443366, 28.1618037, 0.0 ], [ 73.1443135, 28.1618034, 0.0 ], [ 73.1443187, 28.1615002, 0.0 ] ], [ [ 73.1442681, 28.1611877, 0.0 ], [ 73.1442912, 28.161188, 0.0 ], [ 73.144286, 28.1614913, 0.0 ], [ 73.1442629, 28.161491, 0.0 ], [ 73.1442681, 28.1611877, 0.0 ] ], [ [ 73.1442121, 28.161187, 0.0 ], [ 73.1442352, 28.1611873, 0.0 ], [ 73.14423, 28.1614905, 0.0 ], [ 73.1442069, 28.1614902, 0.0 ], [ 73.1442121, 28.161187, 0.0 ] ], [ [ 73.1442627, 28.1614994, 0.0 ], [ 73.1442859, 28.1614997, 0.0 ], [ 73.1442806, 28.161803, 0.0 ], [ 73.1442575, 28.1618027, 0.0 ], [ 73.1442627, 28.1614994, 0.0 ] ], [ [ 73.1442067, 28.1614986, 0.0 ], [ 73.1442299, 28.161499, 0.0 ], [ 73.1442246, 28.1618022, 0.0 ], [ 73.1442015, 28.1618019, 0.0 ], [ 73.1442067, 28.1614986, 0.0 ] ], [ [ 73.1441561, 28.1611862, 0.0 ], [ 73.1441793, 28.1611865, 0.0 ], [ 73.144174, 28.1614898, 0.0 ], [ 73.1441509, 28.1614895, 0.0 ], [ 73.1441561, 28.1611862, 0.0 ] ], [ [ 73.1441001, 28.1611854, 0.0 ], [ 73.1441233, 28.1611858, 0.0 ], [ 73.144118, 28.161489, 0.0 ], [ 73.1440949, 28.1614887, 0.0 ], [ 73.1441001, 28.1611854, 0.0 ] ], [ [ 73.1441507, 28.1614979, 0.0 ], [ 73.1441739, 28.1614982, 0.0 ], [ 73.1441686, 28.1618015, 0.0 ], [ 73.1441455, 28.1618012, 0.0 ], [ 73.1441507, 28.1614979, 0.0 ] ], [ [ 73.1440948, 28.1614971, 0.0 ], [ 73.1441179, 28.1614974, 0.0 ], [ 73.1441126, 28.1618007, 0.0 ], [ 73.1440895, 28.1618004, 0.0 ], [ 73.1440948, 28.1614971, 0.0 ] ], [ [ 73.1440441, 28.1611847, 0.0 ], [ 73.1440673, 28.161185, 0.0 ], [ 73.144062, 28.1614883, 0.0 ], [ 73.1440389, 28.161488, 0.0 ], [ 73.1440441, 28.1611847, 0.0 ] ], [ [ 73.1439881, 28.1611839, 0.0 ], [ 73.1440113, 28.1611842, 0.0 ], [ 73.144006, 28.1614875, 0.0 ], [ 73.1439829, 28.1614872, 0.0 ], [ 73.1439881, 28.1611839, 0.0 ] ], [ [ 73.1440388, 28.1614964, 0.0 ], [ 73.1440619, 28.1614967, 0.0 ], [ 73.1440567, 28.1618, 0.0 ], [ 73.1440335, 28.1617996, 0.0 ], [ 73.1440388, 28.1614964, 0.0 ] ], [ [ 73.1439828, 28.1614956, 0.0 ], [ 73.1440059, 28.1614959, 0.0 ], [ 73.1440007, 28.1617992, 0.0 ], [ 73.1439775, 28.1617989, 0.0 ], [ 73.1439828, 28.1614956, 0.0 ] ], [ [ 73.1438202, 28.1611817, 0.0 ], [ 73.1438433, 28.161182, 0.0 ], [ 73.1438381, 28.1614852, 0.0 ], [ 73.1438149, 28.1614849, 0.0 ], [ 73.1438202, 28.1611817, 0.0 ] ], [ [ 73.1437642, 28.1611809, 0.0 ], [ 73.1437873, 28.1611812, 0.0 ], [ 73.1437821, 28.1614845, 0.0 ], [ 73.1437589, 28.1614842, 0.0 ], [ 73.1437642, 28.1611809, 0.0 ] ], [ [ 73.1438148, 28.1614933, 0.0 ], [ 73.1438379, 28.1614936, 0.0 ], [ 73.1438327, 28.1617969, 0.0 ], [ 73.1438096, 28.1617966, 0.0 ], [ 73.1438148, 28.1614933, 0.0 ] ], [ [ 73.1437588, 28.1614926, 0.0 ], [ 73.1437819, 28.1614929, 0.0 ], [ 73.1437767, 28.1617962, 0.0 ], [ 73.1437536, 28.1617958, 0.0 ], [ 73.1437588, 28.1614926, 0.0 ] ], [ [ 73.1437082, 28.1611801, 0.0 ], [ 73.1437313, 28.1611804, 0.0 ], [ 73.1437261, 28.1614837, 0.0 ], [ 73.1437029, 28.1614834, 0.0 ], [ 73.1437082, 28.1611801, 0.0 ] ], [ [ 73.1436522, 28.1611794, 0.0 ], [ 73.1436753, 28.1611797, 0.0 ], [ 73.1436701, 28.161483, 0.0 ], [ 73.143647, 28.1614826, 0.0 ], [ 73.1436522, 28.1611794, 0.0 ] ], [ [ 73.1437028, 28.1614918, 0.0 ], [ 73.1437259, 28.1614921, 0.0 ], [ 73.1437207, 28.1617954, 0.0 ], [ 73.1436976, 28.1617951, 0.0 ], [ 73.1437028, 28.1614918, 0.0 ] ], [ [ 73.1436468, 28.1614911, 0.0 ], [ 73.1436699, 28.1614914, 0.0 ], [ 73.1436647, 28.1617946, 0.0 ], [ 73.1436416, 28.1617943, 0.0 ], [ 73.1436468, 28.1614911, 0.0 ] ], [ [ 73.1435962, 28.1611786, 0.0 ], [ 73.1436193, 28.1611789, 0.0 ], [ 73.1436141, 28.1614822, 0.0 ], [ 73.143591, 28.1614819, 0.0 ], [ 73.1435962, 28.1611786, 0.0 ] ], [ [ 73.1435402, 28.1611779, 0.0 ], [ 73.1435633, 28.1611782, 0.0 ], [ 73.1435581, 28.1614814, 0.0 ], [ 73.143535, 28.1614811, 0.0 ], [ 73.1435402, 28.1611779, 0.0 ] ], [ [ 73.1435908, 28.1614903, 0.0 ], [ 73.1436139, 28.1614906, 0.0 ], [ 73.1436087, 28.1617939, 0.0 ], [ 73.1435856, 28.1617936, 0.0 ], [ 73.1435908, 28.1614903, 0.0 ] ], [ [ 73.1435348, 28.1614895, 0.0 ], [ 73.143558, 28.1614899, 0.0 ], [ 73.1435527, 28.1617931, 0.0 ], [ 73.1435296, 28.1617928, 0.0 ], [ 73.1435348, 28.1614895, 0.0 ] ], [ [ 73.1434842, 28.1611771, 0.0 ], [ 73.1435073, 28.1611774, 0.0 ], [ 73.1435021, 28.1614807, 0.0 ], [ 73.143479, 28.1614804, 0.0 ], [ 73.1434842, 28.1611771, 0.0 ] ], [ [ 73.1434282, 28.1611763, 0.0 ], [ 73.1434514, 28.1611767, 0.0 ], [ 73.1434461, 28.1614799, 0.0 ], [ 73.143423, 28.1614796, 0.0 ], [ 73.1434282, 28.1611763, 0.0 ] ], [ [ 73.1434788, 28.1614888, 0.0 ], [ 73.143502, 28.1614891, 0.0 ], [ 73.1434967, 28.1617924, 0.0 ], [ 73.1434736, 28.161792, 0.0 ], [ 73.1434788, 28.1614888, 0.0 ] ], [ [ 73.1434228, 28.161488, 0.0 ], [ 73.143446, 28.1614883, 0.0 ], [ 73.1434407, 28.1617916, 0.0 ], [ 73.1434176, 28.1617913, 0.0 ], [ 73.1434228, 28.161488, 0.0 ] ], [ [ 73.1439322, 28.1611832, 0.0 ], [ 73.1439553, 28.1611835, 0.0 ], [ 73.14395, 28.1614867, 0.0 ], [ 73.1439269, 28.1614864, 0.0 ], [ 73.1439322, 28.1611832, 0.0 ] ], [ [ 73.1438762, 28.1611824, 0.0 ], [ 73.1438993, 28.1611827, 0.0 ], [ 73.1438941, 28.161486, 0.0 ], [ 73.1438709, 28.1614857, 0.0 ], [ 73.1438762, 28.1611824, 0.0 ] ], [ [ 73.1439268, 28.1614949, 0.0 ], [ 73.1439499, 28.1614952, 0.0 ], [ 73.1439447, 28.1617984, 0.0 ], [ 73.1439215, 28.1617981, 0.0 ], [ 73.1439268, 28.1614949, 0.0 ] ], [ [ 73.1438708, 28.1614941, 0.0 ], [ 73.1438939, 28.1614944, 0.0 ], [ 73.1438887, 28.1617977, 0.0 ], [ 73.1438655, 28.1617974, 0.0 ], [ 73.1438708, 28.1614941, 0.0 ] ], [ [ 73.1432602, 28.1611741, 0.0 ], [ 73.1432834, 28.1611744, 0.0 ], [ 73.1432781, 28.1614776, 0.0 ], [ 73.143255, 28.1614773, 0.0 ], [ 73.1432602, 28.1611741, 0.0 ] ], [ [ 73.1432043, 28.1611733, 0.0 ], [ 73.1432274, 28.1611736, 0.0 ], [ 73.1432221, 28.1614769, 0.0 ], [ 73.143199, 28.1614766, 0.0 ], [ 73.1432043, 28.1611733, 0.0 ] ], [ [ 73.1432549, 28.1614857, 0.0 ], [ 73.143278, 28.1614861, 0.0 ], [ 73.1432728, 28.1617893, 0.0 ], [ 73.1432496, 28.161789, 0.0 ], [ 73.1432549, 28.1614857, 0.0 ] ], [ [ 73.1431989, 28.161485, 0.0 ], [ 73.143222, 28.1614853, 0.0 ], [ 73.1432168, 28.1617886, 0.0 ], [ 73.1431936, 28.1617883, 0.0 ], [ 73.1431989, 28.161485, 0.0 ] ], [ [ 73.1431483, 28.1611725, 0.0 ], [ 73.1431714, 28.1611729, 0.0 ], [ 73.1431662, 28.1614761, 0.0 ], [ 73.143143, 28.1614758, 0.0 ], [ 73.1431483, 28.1611725, 0.0 ] ], [ [ 73.1430923, 28.1611718, 0.0 ], [ 73.1431154, 28.1611721, 0.0 ], [ 73.1431102, 28.1614754, 0.0 ], [ 73.143087, 28.161475, 0.0 ], [ 73.1430923, 28.1611718, 0.0 ] ], [ [ 73.1431429, 28.1614842, 0.0 ], [ 73.143166, 28.1614845, 0.0 ], [ 73.1431608, 28.1617878, 0.0 ], [ 73.1431376, 28.1617875, 0.0 ], [ 73.1431429, 28.1614842, 0.0 ] ], [ [ 73.1430869, 28.1614835, 0.0 ], [ 73.14311, 28.1614838, 0.0 ], [ 73.1431048, 28.161787, 0.0 ], [ 73.1430817, 28.1617867, 0.0 ], [ 73.1430869, 28.1614835, 0.0 ] ], [ [ 73.1430363, 28.161171, 0.0 ], [ 73.1430594, 28.1611713, 0.0 ], [ 73.1430542, 28.1614746, 0.0 ], [ 73.143031, 28.1614743, 0.0 ], [ 73.1430363, 28.161171, 0.0 ] ], [ [ 73.1429803, 28.1611703, 0.0 ], [ 73.1430034, 28.1611706, 0.0 ], [ 73.1429982, 28.1614738, 0.0 ], [ 73.142975, 28.1614735, 0.0 ], [ 73.1429803, 28.1611703, 0.0 ] ], [ [ 73.1430309, 28.1614827, 0.0 ], [ 73.143054, 28.161483, 0.0 ], [ 73.1430488, 28.1617863, 0.0 ], [ 73.1430257, 28.161786, 0.0 ], [ 73.1430309, 28.1614827, 0.0 ] ], [ [ 73.1429749, 28.1614819, 0.0 ], [ 73.142998, 28.1614823, 0.0 ], [ 73.1429928, 28.1617855, 0.0 ], [ 73.1429697, 28.1617852, 0.0 ], [ 73.1429749, 28.1614819, 0.0 ] ], [ [ 73.1429243, 28.1611695, 0.0 ], [ 73.1429474, 28.1611698, 0.0 ], [ 73.1429422, 28.1614731, 0.0 ], [ 73.1429191, 28.1614728, 0.0 ], [ 73.1429243, 28.1611695, 0.0 ] ], [ [ 73.1428683, 28.1611687, 0.0 ], [ 73.1428914, 28.1611691, 0.0 ], [ 73.1428862, 28.1614723, 0.0 ], [ 73.1428631, 28.161472, 0.0 ], [ 73.1428683, 28.1611687, 0.0 ] ], [ [ 73.1429189, 28.1614812, 0.0 ], [ 73.142942, 28.1614815, 0.0 ], [ 73.1429368, 28.1617848, 0.0 ], [ 73.1429137, 28.1617845, 0.0 ], [ 73.1429189, 28.1614812, 0.0 ] ], [ [ 73.1428629, 28.1614804, 0.0 ], [ 73.142886, 28.1614807, 0.0 ], [ 73.1428808, 28.161784, 0.0 ], [ 73.1428577, 28.1617837, 0.0 ], [ 73.1428629, 28.1614804, 0.0 ] ], [ [ 73.1428123, 28.161168, 0.0 ], [ 73.1428354, 28.1611683, 0.0 ], [ 73.1428302, 28.1614716, 0.0 ], [ 73.1428071, 28.1614713, 0.0 ], [ 73.1428123, 28.161168, 0.0 ] ], [ [ 73.1427563, 28.1611672, 0.0 ], [ 73.1427794, 28.1611675, 0.0 ], [ 73.1427742, 28.1614708, 0.0 ], [ 73.1427511, 28.1614705, 0.0 ], [ 73.1427563, 28.1611672, 0.0 ] ], [ [ 73.1428069, 28.1614797, 0.0 ], [ 73.1428301, 28.16148, 0.0 ], [ 73.1428248, 28.1617833, 0.0 ], [ 73.1428017, 28.1617829, 0.0 ], [ 73.1428069, 28.1614797, 0.0 ] ], [ [ 73.1427509, 28.1614789, 0.0 ], [ 73.1427741, 28.1614792, 0.0 ], [ 73.1427688, 28.1617825, 0.0 ], [ 73.1427457, 28.1617822, 0.0 ], [ 73.1427509, 28.1614789, 0.0 ] ], [ [ 73.1427003, 28.1611665, 0.0 ], [ 73.1427235, 28.1611668, 0.0 ], [ 73.1427182, 28.16147, 0.0 ], [ 73.1426951, 28.1614697, 0.0 ], [ 73.1427003, 28.1611665, 0.0 ] ], [ [ 73.1426443, 28.1611657, 0.0 ], [ 73.1426675, 28.161166, 0.0 ], [ 73.1426622, 28.1614693, 0.0 ], [ 73.1426391, 28.161469, 0.0 ], [ 73.1426443, 28.1611657, 0.0 ] ], [ [ 73.1426949, 28.1614782, 0.0 ], [ 73.1427181, 28.1614785, 0.0 ], [ 73.1427128, 28.1617817, 0.0 ], [ 73.1426897, 28.1617814, 0.0 ], [ 73.1426949, 28.1614782, 0.0 ] ], [ [ 73.1426389, 28.1614774, 0.0 ], [ 73.1426621, 28.1614777, 0.0 ], [ 73.1426568, 28.161781, 0.0 ], [ 73.1426337, 28.1617807, 0.0 ], [ 73.1426389, 28.1614774, 0.0 ] ], [ [ 73.1425883, 28.1611649, 0.0 ], [ 73.1426115, 28.1611653, 0.0 ], [ 73.1426062, 28.1614685, 0.0 ], [ 73.1425831, 28.1614682, 0.0 ], [ 73.1425883, 28.1611649, 0.0 ] ], [ [ 73.1425323, 28.1611642, 0.0 ], [ 73.1425555, 28.1611645, 0.0 ], [ 73.1425502, 28.1614678, 0.0 ], [ 73.1425271, 28.1614675, 0.0 ], [ 73.1425323, 28.1611642, 0.0 ] ], [ [ 73.142583, 28.1614766, 0.0 ], [ 73.1426061, 28.1614769, 0.0 ], [ 73.1426008, 28.1617802, 0.0 ], [ 73.1425777, 28.1617799, 0.0 ], [ 73.142583, 28.1614766, 0.0 ] ], [ [ 73.142527, 28.1614759, 0.0 ], [ 73.1425501, 28.1614762, 0.0 ], [ 73.1425449, 28.1617795, 0.0 ], [ 73.1425217, 28.1617791, 0.0 ], [ 73.142527, 28.1614759, 0.0 ] ], [ [ 73.1424764, 28.1611634, 0.0 ], [ 73.1424995, 28.1611637, 0.0 ], [ 73.1424942, 28.161467, 0.0 ], [ 73.1424711, 28.1614667, 0.0 ], [ 73.1424764, 28.1611634, 0.0 ] ], [ [ 73.1424204, 28.1611627, 0.0 ], [ 73.1424435, 28.161163, 0.0 ], [ 73.1424383, 28.1614663, 0.0 ], [ 73.1424151, 28.1614659, 0.0 ], [ 73.1424204, 28.1611627, 0.0 ] ], [ [ 73.142471, 28.1614751, 0.0 ], [ 73.1424941, 28.1614754, 0.0 ], [ 73.1424889, 28.1617787, 0.0 ], [ 73.1424657, 28.1617784, 0.0 ], [ 73.142471, 28.1614751, 0.0 ] ], [ [ 73.142415, 28.1614744, 0.0 ], [ 73.1424381, 28.1614747, 0.0 ], [ 73.1424329, 28.1617779, 0.0 ], [ 73.1424097, 28.1617776, 0.0 ], [ 73.142415, 28.1614744, 0.0 ] ], [ [ 73.1423644, 28.1611619, 0.0 ], [ 73.1423875, 28.1611622, 0.0 ], [ 73.1423823, 28.1614655, 0.0 ], [ 73.1423591, 28.1614652, 0.0 ], [ 73.1423644, 28.1611619, 0.0 ] ], [ [ 73.1423084, 28.1611611, 0.0 ], [ 73.1423315, 28.1611615, 0.0 ], [ 73.1423263, 28.1614647, 0.0 ], [ 73.1423031, 28.1614644, 0.0 ], [ 73.1423084, 28.1611611, 0.0 ] ], [ [ 73.142359, 28.1614736, 0.0 ], [ 73.1423821, 28.1614739, 0.0 ], [ 73.1423769, 28.1617772, 0.0 ], [ 73.1423537, 28.1617769, 0.0 ], [ 73.142359, 28.1614736, 0.0 ] ], [ [ 73.142303, 28.1614728, 0.0 ], [ 73.1423261, 28.1614731, 0.0 ], [ 73.1423209, 28.1617764, 0.0 ], [ 73.1422978, 28.1617761, 0.0 ], [ 73.142303, 28.1614728, 0.0 ] ], [ [ 73.1422524, 28.1611604, 0.0 ], [ 73.1422755, 28.1611607, 0.0 ], [ 73.1422703, 28.161464, 0.0 ], [ 73.1422471, 28.1614637, 0.0 ], [ 73.1422524, 28.1611604, 0.0 ] ], [ [ 73.1421964, 28.1611596, 0.0 ], [ 73.1422195, 28.1611599, 0.0 ], [ 73.1422143, 28.1614632, 0.0 ], [ 73.1421912, 28.1614629, 0.0 ], [ 73.1421964, 28.1611596, 0.0 ] ], [ [ 73.142247, 28.1614721, 0.0 ], [ 73.1422701, 28.1614724, 0.0 ], [ 73.1422649, 28.1617757, 0.0 ], [ 73.1422418, 28.1617753, 0.0 ], [ 73.142247, 28.1614721, 0.0 ] ], [ [ 73.142191, 28.1614713, 0.0 ], [ 73.1422141, 28.1614716, 0.0 ], [ 73.1422089, 28.1617749, 0.0 ], [ 73.1421858, 28.1617746, 0.0 ], [ 73.142191, 28.1614713, 0.0 ] ], [ [ 73.1421404, 28.1611589, 0.0 ], [ 73.1421635, 28.1611592, 0.0 ], [ 73.1421583, 28.1614625, 0.0 ], [ 73.1421352, 28.1614621, 0.0 ], [ 73.1421404, 28.1611589, 0.0 ] ], [ [ 73.1420844, 28.1611581, 0.0 ], [ 73.1421075, 28.1611584, 0.0 ], [ 73.1421023, 28.1614617, 0.0 ], [ 73.1420792, 28.1614614, 0.0 ], [ 73.1420844, 28.1611581, 0.0 ] ], [ [ 73.142135, 28.1614706, 0.0 ], [ 73.1421581, 28.1614709, 0.0 ], [ 73.1421529, 28.1617741, 0.0 ], [ 73.1421298, 28.1617738, 0.0 ], [ 73.142135, 28.1614706, 0.0 ] ], [ [ 73.142079, 28.1614698, 0.0 ], [ 73.1421022, 28.1614701, 0.0 ], [ 73.1420969, 28.1617734, 0.0 ], [ 73.1420738, 28.1617731, 0.0 ], [ 73.142079, 28.1614698, 0.0 ] ], [ [ 73.1420284, 28.1611574, 0.0 ], [ 73.1420515, 28.1611577, 0.0 ], [ 73.1420463, 28.1614609, 0.0 ], [ 73.1420232, 28.1614606, 0.0 ], [ 73.1420284, 28.1611574, 0.0 ] ], [ [ 73.1419724, 28.1611566, 0.0 ], [ 73.1419956, 28.1611569, 0.0 ], [ 73.1419903, 28.1614602, 0.0 ], [ 73.1419672, 28.1614599, 0.0 ], [ 73.1419724, 28.1611566, 0.0 ] ], [ [ 73.142023, 28.161469, 0.0 ], [ 73.1420462, 28.1614694, 0.0 ], [ 73.1420409, 28.1617726, 0.0 ], [ 73.1420178, 28.1617723, 0.0 ], [ 73.142023, 28.161469, 0.0 ] ], [ [ 73.141967, 28.1614683, 0.0 ], [ 73.1419902, 28.1614686, 0.0 ], [ 73.1419849, 28.1617719, 0.0 ], [ 73.1419618, 28.1617715, 0.0 ], [ 73.141967, 28.1614683, 0.0 ] ], [ [ 73.1419164, 28.1611558, 0.0 ], [ 73.1419396, 28.1611561, 0.0 ], [ 73.1419343, 28.1614594, 0.0 ], [ 73.1419112, 28.1614591, 0.0 ], [ 73.1419164, 28.1611558, 0.0 ] ], [ [ 73.1418604, 28.1611551, 0.0 ], [ 73.1418836, 28.1611554, 0.0 ], [ 73.1418783, 28.1614587, 0.0 ], [ 73.1418552, 28.1614583, 0.0 ], [ 73.1418604, 28.1611551, 0.0 ] ], [ [ 73.141911, 28.1614675, 0.0 ], [ 73.1419342, 28.1614678, 0.0 ], [ 73.1419289, 28.1617711, 0.0 ], [ 73.1419058, 28.1617708, 0.0 ], [ 73.141911, 28.1614675, 0.0 ] ], [ [ 73.1418551, 28.1614668, 0.0 ], [ 73.1418782, 28.1614671, 0.0 ], [ 73.1418729, 28.1617703, 0.0 ], [ 73.1418498, 28.16177, 0.0 ], [ 73.1418551, 28.1614668, 0.0 ] ], [ [ 73.1418044, 28.1611543, 0.0 ], [ 73.1418276, 28.1611546, 0.0 ], [ 73.1418223, 28.1614579, 0.0 ], [ 73.1417992, 28.1614576, 0.0 ], [ 73.1418044, 28.1611543, 0.0 ] ], [ [ 73.1417485, 28.1611536, 0.0 ], [ 73.1417716, 28.1611539, 0.0 ], [ 73.1417663, 28.1614571, 0.0 ], [ 73.1417432, 28.1614568, 0.0 ], [ 73.1417485, 28.1611536, 0.0 ] ], [ [ 73.1417991, 28.161466, 0.0 ], [ 73.1418222, 28.1614663, 0.0 ], [ 73.1418169, 28.1617696, 0.0 ], [ 73.1417938, 28.1617693, 0.0 ], [ 73.1417991, 28.161466, 0.0 ] ], [ [ 73.1417431, 28.1614652, 0.0 ], [ 73.1417662, 28.1614656, 0.0 ], [ 73.141761, 28.1617688, 0.0 ], [ 73.1417378, 28.1617685, 0.0 ], [ 73.1417431, 28.1614652, 0.0 ] ], [ [ 73.1416925, 28.1611528, 0.0 ], [ 73.1417156, 28.1611531, 0.0 ], [ 73.1417103, 28.1614564, 0.0 ], [ 73.1416872, 28.1614561, 0.0 ], [ 73.1416925, 28.1611528, 0.0 ] ], [ [ 73.1416365, 28.161152, 0.0 ], [ 73.1416596, 28.1611523, 0.0 ], [ 73.1416544, 28.1614556, 0.0 ], [ 73.1416312, 28.1614553, 0.0 ], [ 73.1416365, 28.161152, 0.0 ] ], [ [ 73.1416871, 28.1614645, 0.0 ], [ 73.1417102, 28.1614648, 0.0 ], [ 73.141705, 28.1617681, 0.0 ], [ 73.1416818, 28.1617677, 0.0 ], [ 73.1416871, 28.1614645, 0.0 ] ], [ [ 73.1416311, 28.1614637, 0.0 ], [ 73.1416542, 28.161464, 0.0 ], [ 73.141649, 28.1617673, 0.0 ], [ 73.1416258, 28.161767, 0.0 ], [ 73.1416311, 28.1614637, 0.0 ] ], [ [ 73.1415805, 28.1611513, 0.0 ], [ 73.1416036, 28.1611516, 0.0 ], [ 73.1415984, 28.1614549, 0.0 ], [ 73.1415752, 28.1614545, 0.0 ], [ 73.1415805, 28.1611513, 0.0 ] ], [ [ 73.1415245, 28.1611505, 0.0 ], [ 73.1415476, 28.1611508, 0.0 ], [ 73.1415424, 28.1614541, 0.0 ], [ 73.1415192, 28.1614538, 0.0 ], [ 73.1415245, 28.1611505, 0.0 ] ], [ [ 73.1415751, 28.161463, 0.0 ], [ 73.1415982, 28.1614633, 0.0 ], [ 73.141593, 28.1617665, 0.0 ], [ 73.1415698, 28.1617662, 0.0 ], [ 73.1415751, 28.161463, 0.0 ] ], [ [ 73.1415191, 28.1614622, 0.0 ], [ 73.1415422, 28.1614625, 0.0 ], [ 73.141537, 28.1617658, 0.0 ], [ 73.1415139, 28.1617655, 0.0 ], [ 73.1415191, 28.1614622, 0.0 ] ], [ [ 73.1414685, 28.1611498, 0.0 ], [ 73.1414916, 28.1611501, 0.0 ], [ 73.1414864, 28.1614533, 0.0 ], [ 73.1414632, 28.161453, 0.0 ], [ 73.1414685, 28.1611498, 0.0 ] ], [ [ 73.1414125, 28.161149, 0.0 ], [ 73.1414356, 28.1611493, 0.0 ], [ 73.1414304, 28.1614526, 0.0 ], [ 73.1414073, 28.1614523, 0.0 ], [ 73.1414125, 28.161149, 0.0 ] ], [ [ 73.1414631, 28.1614614, 0.0 ], [ 73.1414862, 28.1614618, 0.0 ], [ 73.141481, 28.161765, 0.0 ], [ 73.1414579, 28.1617647, 0.0 ], [ 73.1414631, 28.1614614, 0.0 ] ], [ [ 73.1414071, 28.1614607, 0.0 ], [ 73.1414302, 28.161461, 0.0 ], [ 73.141425, 28.1617643, 0.0 ], [ 73.1414019, 28.1617639, 0.0 ], [ 73.1414071, 28.1614607, 0.0 ] ], [ [ 73.1413565, 28.1611482, 0.0 ], [ 73.1413796, 28.1611485, 0.0 ], [ 73.1413744, 28.1614518, 0.0 ], [ 73.1413513, 28.1614515, 0.0 ], [ 73.1413565, 28.1611482, 0.0 ] ], [ [ 73.1413005, 28.1611475, 0.0 ], [ 73.1413236, 28.1611478, 0.0 ], [ 73.1413184, 28.1614511, 0.0 ], [ 73.1412953, 28.1614507, 0.0 ], [ 73.1413005, 28.1611475, 0.0 ] ], [ [ 73.1413511, 28.1614599, 0.0 ], [ 73.1413742, 28.1614602, 0.0 ], [ 73.141369, 28.1617635, 0.0 ], [ 73.1413459, 28.1617632, 0.0 ], [ 73.1413511, 28.1614599, 0.0 ] ], [ [ 73.1412951, 28.1614592, 0.0 ], [ 73.1413183, 28.1614595, 0.0 ], [ 73.141313, 28.1617627, 0.0 ], [ 73.1412899, 28.1617624, 0.0 ], [ 73.1412951, 28.1614592, 0.0 ] ], [ [ 73.1445028, 28.1605713, 0.0 ], [ 73.1445259, 28.1605716, 0.0 ], [ 73.1445207, 28.1608749, 0.0 ], [ 73.1444975, 28.1608746, 0.0 ], [ 73.1445028, 28.1605713, 0.0 ] ], [ [ 73.1444468, 28.1605705, 0.0 ], [ 73.1444699, 28.1605708, 0.0 ], [ 73.1444647, 28.1608741, 0.0 ], [ 73.1444415, 28.1608738, 0.0 ], [ 73.1444468, 28.1605705, 0.0 ] ], [ [ 73.1444974, 28.160883, 0.0 ], [ 73.1445205, 28.1608833, 0.0 ], [ 73.1445153, 28.1611866, 0.0 ], [ 73.1444922, 28.1611862, 0.0 ], [ 73.1444974, 28.160883, 0.0 ] ], [ [ 73.1444414, 28.1608822, 0.0 ], [ 73.1444645, 28.1608825, 0.0 ], [ 73.1444593, 28.1611858, 0.0 ], [ 73.1444362, 28.1611855, 0.0 ], [ 73.1444414, 28.1608822, 0.0 ] ], [ [ 73.1443908, 28.1605698, 0.0 ], [ 73.1444139, 28.1605701, 0.0 ], [ 73.1444087, 28.1608734, 0.0 ], [ 73.1443855, 28.160873, 0.0 ], [ 73.1443908, 28.1605698, 0.0 ] ], [ [ 73.1443348, 28.160569, 0.0 ], [ 73.1443579, 28.1605693, 0.0 ], [ 73.1443527, 28.1608726, 0.0 ], [ 73.1443296, 28.1608723, 0.0 ], [ 73.1443348, 28.160569, 0.0 ] ], [ [ 73.1443854, 28.1608815, 0.0 ], [ 73.1444085, 28.1608818, 0.0 ], [ 73.1444033, 28.161185, 0.0 ], [ 73.1443802, 28.1611847, 0.0 ], [ 73.1443854, 28.1608815, 0.0 ] ], [ [ 73.1443294, 28.1608807, 0.0 ], [ 73.1443525, 28.160881, 0.0 ], [ 73.1443473, 28.1611843, 0.0 ], [ 73.1443242, 28.161184, 0.0 ], [ 73.1443294, 28.1608807, 0.0 ] ], [ [ 73.1442788, 28.1605683, 0.0 ], [ 73.1443019, 28.1605686, 0.0 ], [ 73.1442967, 28.1608718, 0.0 ], [ 73.1442736, 28.1608715, 0.0 ], [ 73.1442788, 28.1605683, 0.0 ] ], [ [ 73.1442228, 28.1605675, 0.0 ], [ 73.1442459, 28.1605678, 0.0 ], [ 73.1442407, 28.1608711, 0.0 ], [ 73.1442176, 28.1608708, 0.0 ], [ 73.1442228, 28.1605675, 0.0 ] ], [ [ 73.1442734, 28.1608799, 0.0 ], [ 73.1442965, 28.1608803, 0.0 ], [ 73.1442913, 28.1611835, 0.0 ], [ 73.1442682, 28.1611832, 0.0 ], [ 73.1442734, 28.1608799, 0.0 ] ], [ [ 73.1442174, 28.1608792, 0.0 ], [ 73.1442406, 28.1608795, 0.0 ], [ 73.1442353, 28.1611828, 0.0 ], [ 73.1442122, 28.1611825, 0.0 ], [ 73.1442174, 28.1608792, 0.0 ] ], [ [ 73.1441668, 28.1605667, 0.0 ], [ 73.1441899, 28.1605671, 0.0 ], [ 73.1441847, 28.1608703, 0.0 ], [ 73.1441616, 28.16087, 0.0 ], [ 73.1441668, 28.1605667, 0.0 ] ], [ [ 73.1441108, 28.160566, 0.0 ], [ 73.1441339, 28.1605663, 0.0 ], [ 73.1441287, 28.1608696, 0.0 ], [ 73.1441056, 28.1608692, 0.0 ], [ 73.1441108, 28.160566, 0.0 ] ], [ [ 73.1441614, 28.1608784, 0.0 ], [ 73.1441846, 28.1608787, 0.0 ], [ 73.1441793, 28.161182, 0.0 ], [ 73.1441562, 28.1611817, 0.0 ], [ 73.1441614, 28.1608784, 0.0 ] ], [ [ 73.1441054, 28.1608777, 0.0 ], [ 73.1441286, 28.160878, 0.0 ], [ 73.1441233, 28.1611812, 0.0 ], [ 73.1441002, 28.1611809, 0.0 ], [ 73.1441054, 28.1608777, 0.0 ] ], [ [ 73.1440548, 28.1605652, 0.0 ], [ 73.144078, 28.1605655, 0.0 ], [ 73.1440727, 28.1608688, 0.0 ], [ 73.1440496, 28.1608685, 0.0 ], [ 73.1440548, 28.1605652, 0.0 ] ], [ [ 73.1439988, 28.1605645, 0.0 ], [ 73.144022, 28.1605648, 0.0 ], [ 73.1440167, 28.160868, 0.0 ], [ 73.1439936, 28.1608677, 0.0 ], [ 73.1439988, 28.1605645, 0.0 ] ], [ [ 73.1440494, 28.1608769, 0.0 ], [ 73.1440726, 28.1608772, 0.0 ], [ 73.1440673, 28.1611805, 0.0 ], [ 73.1440442, 28.1611802, 0.0 ], [ 73.1440494, 28.1608769, 0.0 ] ], [ [ 73.1439935, 28.1608761, 0.0 ], [ 73.1440166, 28.1608765, 0.0 ], [ 73.1440114, 28.1611797, 0.0 ], [ 73.1439882, 28.1611794, 0.0 ], [ 73.1439935, 28.1608761, 0.0 ] ], [ [ 73.1438309, 28.1605622, 0.0 ], [ 73.143854, 28.1605625, 0.0 ], [ 73.1438488, 28.1608658, 0.0 ], [ 73.1438256, 28.1608655, 0.0 ], [ 73.1438309, 28.1605622, 0.0 ] ], [ [ 73.1437749, 28.1605614, 0.0 ], [ 73.143798, 28.1605617, 0.0 ], [ 73.1437928, 28.160865, 0.0 ], [ 73.1437696, 28.1608647, 0.0 ], [ 73.1437749, 28.1605614, 0.0 ] ], [ [ 73.1438255, 28.1608739, 0.0 ], [ 73.1438486, 28.1608742, 0.0 ], [ 73.1438434, 28.1611775, 0.0 ], [ 73.1438202, 28.1611771, 0.0 ], [ 73.1438255, 28.1608739, 0.0 ] ], [ [ 73.1437695, 28.1608731, 0.0 ], [ 73.1437926, 28.1608734, 0.0 ], [ 73.1437874, 28.1611767, 0.0 ], [ 73.1437643, 28.1611764, 0.0 ], [ 73.1437695, 28.1608731, 0.0 ] ], [ [ 73.1437189, 28.1605607, 0.0 ], [ 73.143742, 28.160561, 0.0 ], [ 73.1437368, 28.1608642, 0.0 ], [ 73.1437136, 28.1608639, 0.0 ], [ 73.1437189, 28.1605607, 0.0 ] ], [ [ 73.1436629, 28.1605599, 0.0 ], [ 73.143686, 28.1605602, 0.0 ], [ 73.1436808, 28.1608635, 0.0 ], [ 73.1436576, 28.1608632, 0.0 ], [ 73.1436629, 28.1605599, 0.0 ] ], [ [ 73.1437135, 28.1608724, 0.0 ], [ 73.1437366, 28.1608727, 0.0 ], [ 73.1437314, 28.1611759, 0.0 ], [ 73.1437083, 28.1611756, 0.0 ], [ 73.1437135, 28.1608724, 0.0 ] ], [ [ 73.1436575, 28.1608716, 0.0 ], [ 73.1436806, 28.1608719, 0.0 ], [ 73.1436754, 28.1611752, 0.0 ], [ 73.1436523, 28.1611749, 0.0 ], [ 73.1436575, 28.1608716, 0.0 ] ], [ [ 73.1436069, 28.1605592, 0.0 ], [ 73.14363, 28.1605595, 0.0 ], [ 73.1436248, 28.1608627, 0.0 ], [ 73.1436017, 28.1608624, 0.0 ], [ 73.1436069, 28.1605592, 0.0 ] ], [ [ 73.1435509, 28.1605584, 0.0 ], [ 73.143574, 28.1605587, 0.0 ], [ 73.1435688, 28.160862, 0.0 ], [ 73.1435457, 28.1608617, 0.0 ], [ 73.1435509, 28.1605584, 0.0 ] ], [ [ 73.1436015, 28.1608708, 0.0 ], [ 73.1436246, 28.1608711, 0.0 ], [ 73.1436194, 28.1611744, 0.0 ], [ 73.1435963, 28.1611741, 0.0 ], [ 73.1436015, 28.1608708, 0.0 ] ], [ [ 73.1435455, 28.1608701, 0.0 ], [ 73.1435686, 28.1608704, 0.0 ], [ 73.1435634, 28.1611737, 0.0 ], [ 73.1435403, 28.1611733, 0.0 ], [ 73.1435455, 28.1608701, 0.0 ] ], [ [ 73.1434949, 28.1605576, 0.0 ], [ 73.143518, 28.1605579, 0.0 ], [ 73.1435128, 28.1608612, 0.0 ], [ 73.1434897, 28.1608609, 0.0 ], [ 73.1434949, 28.1605576, 0.0 ] ], [ [ 73.1434389, 28.1605569, 0.0 ], [ 73.143462, 28.1605572, 0.0 ], [ 73.1434568, 28.1608605, 0.0 ], [ 73.1434337, 28.1608601, 0.0 ], [ 73.1434389, 28.1605569, 0.0 ] ], [ [ 73.1434895, 28.1608693, 0.0 ], [ 73.1435127, 28.1608696, 0.0 ], [ 73.1435074, 28.1611729, 0.0 ], [ 73.1434843, 28.1611726, 0.0 ], [ 73.1434895, 28.1608693, 0.0 ] ], [ [ 73.1434335, 28.1608686, 0.0 ], [ 73.1434567, 28.1608689, 0.0 ], [ 73.1434514, 28.1611721, 0.0 ], [ 73.1434283, 28.1611718, 0.0 ], [ 73.1434335, 28.1608686, 0.0 ] ], [ [ 73.1439428, 28.1605637, 0.0 ], [ 73.143966, 28.160564, 0.0 ], [ 73.1439607, 28.1608673, 0.0 ], [ 73.1439376, 28.160867, 0.0 ], [ 73.1439428, 28.1605637, 0.0 ] ], [ [ 73.1438869, 28.1605629, 0.0 ], [ 73.14391, 28.1605633, 0.0 ], [ 73.1439047, 28.1608665, 0.0 ], [ 73.1438816, 28.1608662, 0.0 ], [ 73.1438869, 28.1605629, 0.0 ] ], [ [ 73.1439375, 28.1608754, 0.0 ], [ 73.1439606, 28.1608757, 0.0 ], [ 73.1439554, 28.161179, 0.0 ], [ 73.1439322, 28.1611787, 0.0 ], [ 73.1439375, 28.1608754, 0.0 ] ], [ [ 73.1438815, 28.1608746, 0.0 ], [ 73.1439046, 28.1608749, 0.0 ], [ 73.1438994, 28.1611782, 0.0 ], [ 73.1438762, 28.1611779, 0.0 ], [ 73.1438815, 28.1608746, 0.0 ] ], [ [ 73.1432709, 28.1605546, 0.0 ], [ 73.1432941, 28.1605549, 0.0 ], [ 73.1432888, 28.1608582, 0.0 ], [ 73.1432657, 28.1608579, 0.0 ], [ 73.1432709, 28.1605546, 0.0 ] ], [ [ 73.1432149, 28.1605538, 0.0 ], [ 73.1432381, 28.1605542, 0.0 ], [ 73.1432328, 28.1608574, 0.0 ], [ 73.1432097, 28.1608571, 0.0 ], [ 73.1432149, 28.1605538, 0.0 ] ], [ [ 73.1432656, 28.1608663, 0.0 ], [ 73.1432887, 28.1608666, 0.0 ], [ 73.1432835, 28.1611699, 0.0 ], [ 73.1432603, 28.1611695, 0.0 ], [ 73.1432656, 28.1608663, 0.0 ] ], [ [ 73.1432096, 28.1608655, 0.0 ], [ 73.1432327, 28.1608658, 0.0 ], [ 73.1432275, 28.1611691, 0.0 ], [ 73.1432043, 28.1611688, 0.0 ], [ 73.1432096, 28.1608655, 0.0 ] ], [ [ 73.143159, 28.1605531, 0.0 ], [ 73.1431821, 28.1605534, 0.0 ], [ 73.1431768, 28.1608567, 0.0 ], [ 73.1431537, 28.1608563, 0.0 ], [ 73.143159, 28.1605531, 0.0 ] ], [ [ 73.143103, 28.1605523, 0.0 ], [ 73.1431261, 28.1605526, 0.0 ], [ 73.1431209, 28.1608559, 0.0 ], [ 73.1430977, 28.1608556, 0.0 ], [ 73.143103, 28.1605523, 0.0 ] ], [ [ 73.1431536, 28.1608648, 0.0 ], [ 73.1431767, 28.1608651, 0.0 ], [ 73.1431715, 28.1611683, 0.0 ], [ 73.1431483, 28.161168, 0.0 ], [ 73.1431536, 28.1608648, 0.0 ] ], [ [ 73.1430976, 28.160864, 0.0 ], [ 73.1431207, 28.1608643, 0.0 ], [ 73.1431155, 28.1611676, 0.0 ], [ 73.1430923, 28.1611673, 0.0 ], [ 73.1430976, 28.160864, 0.0 ] ], [ [ 73.143047, 28.1605516, 0.0 ], [ 73.1430701, 28.1605519, 0.0 ], [ 73.1430649, 28.1608551, 0.0 ], [ 73.1430417, 28.1608548, 0.0 ], [ 73.143047, 28.1605516, 0.0 ] ], [ [ 73.142991, 28.1605508, 0.0 ], [ 73.1430141, 28.1605511, 0.0 ], [ 73.1430089, 28.1608544, 0.0 ], [ 73.1429857, 28.1608541, 0.0 ], [ 73.142991, 28.1605508, 0.0 ] ], [ [ 73.1430416, 28.1608632, 0.0 ], [ 73.1430647, 28.1608636, 0.0 ], [ 73.1430595, 28.1611668, 0.0 ], [ 73.1430364, 28.1611665, 0.0 ], [ 73.1430416, 28.1608632, 0.0 ] ], [ [ 73.1429856, 28.1608625, 0.0 ], [ 73.1430087, 28.1608628, 0.0 ], [ 73.1430035, 28.1611661, 0.0 ], [ 73.1429804, 28.1611658, 0.0 ], [ 73.1429856, 28.1608625, 0.0 ] ], [ [ 73.142935, 28.16055, 0.0 ], [ 73.1429581, 28.1605504, 0.0 ], [ 73.1429529, 28.1608536, 0.0 ], [ 73.1429297, 28.1608533, 0.0 ], [ 73.142935, 28.16055, 0.0 ] ], [ [ 73.142879, 28.1605493, 0.0 ], [ 73.1429021, 28.1605496, 0.0 ], [ 73.1428969, 28.1608529, 0.0 ], [ 73.1428738, 28.1608525, 0.0 ], [ 73.142879, 28.1605493, 0.0 ] ], [ [ 73.1429296, 28.1608617, 0.0 ], [ 73.1429527, 28.160862, 0.0 ], [ 73.1429475, 28.1611653, 0.0 ], [ 73.1429244, 28.161165, 0.0 ], [ 73.1429296, 28.1608617, 0.0 ] ], [ [ 73.1428736, 28.160861, 0.0 ], [ 73.1428967, 28.1608613, 0.0 ], [ 73.1428915, 28.1611645, 0.0 ], [ 73.1428684, 28.1611642, 0.0 ], [ 73.1428736, 28.160861, 0.0 ] ], [ [ 73.142823, 28.1605485, 0.0 ], [ 73.1428461, 28.1605488, 0.0 ], [ 73.1428409, 28.1608521, 0.0 ], [ 73.1428178, 28.1608518, 0.0 ], [ 73.142823, 28.1605485, 0.0 ] ], [ [ 73.142767, 28.1605478, 0.0 ], [ 73.1427901, 28.1605481, 0.0 ], [ 73.1427849, 28.1608513, 0.0 ], [ 73.1427618, 28.160851, 0.0 ], [ 73.142767, 28.1605478, 0.0 ] ], [ [ 73.1428176, 28.1608602, 0.0 ], [ 73.1428407, 28.1608605, 0.0 ], [ 73.1428355, 28.1611638, 0.0 ], [ 73.1428124, 28.1611635, 0.0 ], [ 73.1428176, 28.1608602, 0.0 ] ], [ [ 73.1427616, 28.1608594, 0.0 ], [ 73.1427848, 28.1608598, 0.0 ], [ 73.1427795, 28.161163, 0.0 ], [ 73.1427564, 28.1611627, 0.0 ], [ 73.1427616, 28.1608594, 0.0 ] ], [ [ 73.142711, 28.160547, 0.0 ], [ 73.1427341, 28.1605473, 0.0 ], [ 73.1427289, 28.1608506, 0.0 ], [ 73.1427058, 28.1608503, 0.0 ], [ 73.142711, 28.160547, 0.0 ] ], [ [ 73.142655, 28.1605462, 0.0 ], [ 73.1426782, 28.1605466, 0.0 ], [ 73.1426729, 28.1608498, 0.0 ], [ 73.1426498, 28.1608495, 0.0 ], [ 73.142655, 28.1605462, 0.0 ] ], [ [ 73.1427056, 28.1608587, 0.0 ], [ 73.1427288, 28.160859, 0.0 ], [ 73.1427235, 28.1611623, 0.0 ], [ 73.1427004, 28.161162, 0.0 ], [ 73.1427056, 28.1608587, 0.0 ] ], [ [ 73.1426496, 28.1608579, 0.0 ], [ 73.1426728, 28.1608582, 0.0 ], [ 73.1426675, 28.1611615, 0.0 ], [ 73.1426444, 28.1611612, 0.0 ], [ 73.1426496, 28.1608579, 0.0 ] ], [ [ 73.142599, 28.1605455, 0.0 ], [ 73.1426222, 28.1605458, 0.0 ], [ 73.1426169, 28.1608491, 0.0 ], [ 73.1425938, 28.1608488, 0.0 ], [ 73.142599, 28.1605455, 0.0 ] ], [ [ 73.142543, 28.1605447, 0.0 ], [ 73.1425662, 28.160545, 0.0 ], [ 73.1425609, 28.1608483, 0.0 ], [ 73.1425378, 28.160848, 0.0 ], [ 73.142543, 28.1605447, 0.0 ] ], [ [ 73.1425937, 28.1608572, 0.0 ], [ 73.1426168, 28.1608575, 0.0 ], [ 73.1426115, 28.1611608, 0.0 ], [ 73.1425884, 28.1611604, 0.0 ], [ 73.1425937, 28.1608572, 0.0 ] ], [ [ 73.1425377, 28.1608564, 0.0 ], [ 73.1425608, 28.1608567, 0.0 ], [ 73.1425556, 28.16116, 0.0 ], [ 73.1425324, 28.1611597, 0.0 ], [ 73.1425377, 28.1608564, 0.0 ] ], [ [ 73.142487, 28.160544, 0.0 ], [ 73.1425102, 28.1605443, 0.0 ], [ 73.1425049, 28.1608475, 0.0 ], [ 73.1424818, 28.1608472, 0.0 ], [ 73.142487, 28.160544, 0.0 ] ], [ [ 73.1424311, 28.1605432, 0.0 ], [ 73.1424542, 28.1605435, 0.0 ], [ 73.1424489, 28.1608468, 0.0 ], [ 73.1424258, 28.1608465, 0.0 ], [ 73.1424311, 28.1605432, 0.0 ] ], [ [ 73.1424817, 28.1608557, 0.0 ], [ 73.1425048, 28.160856, 0.0 ], [ 73.1424996, 28.1611592, 0.0 ], [ 73.1424764, 28.1611589, 0.0 ], [ 73.1424817, 28.1608557, 0.0 ] ], [ [ 73.1424257, 28.1608549, 0.0 ], [ 73.1424488, 28.1608552, 0.0 ], [ 73.1424436, 28.1611585, 0.0 ], [ 73.1424204, 28.1611582, 0.0 ], [ 73.1424257, 28.1608549, 0.0 ] ], [ [ 73.1423751, 28.1605424, 0.0 ], [ 73.1423982, 28.1605428, 0.0 ], [ 73.142393, 28.160846, 0.0 ], [ 73.1423698, 28.1608457, 0.0 ], [ 73.1423751, 28.1605424, 0.0 ] ], [ [ 73.1423191, 28.1605417, 0.0 ], [ 73.1423422, 28.160542, 0.0 ], [ 73.142337, 28.1608453, 0.0 ], [ 73.1423138, 28.160845, 0.0 ], [ 73.1423191, 28.1605417, 0.0 ] ], [ [ 73.1423697, 28.1608541, 0.0 ], [ 73.1423928, 28.1608544, 0.0 ], [ 73.1423876, 28.1611577, 0.0 ], [ 73.1423644, 28.1611574, 0.0 ], [ 73.1423697, 28.1608541, 0.0 ] ], [ [ 73.1423137, 28.1608534, 0.0 ], [ 73.1423368, 28.1608537, 0.0 ], [ 73.1423316, 28.161157, 0.0 ], [ 73.1423085, 28.1611566, 0.0 ], [ 73.1423137, 28.1608534, 0.0 ] ], [ [ 73.1422631, 28.1605409, 0.0 ], [ 73.1422862, 28.1605412, 0.0 ], [ 73.142281, 28.1608445, 0.0 ], [ 73.1422578, 28.1608442, 0.0 ], [ 73.1422631, 28.1605409, 0.0 ] ], [ [ 73.1422071, 28.1605402, 0.0 ], [ 73.1422302, 28.1605405, 0.0 ], [ 73.142225, 28.1608437, 0.0 ], [ 73.1422019, 28.1608434, 0.0 ], [ 73.1422071, 28.1605402, 0.0 ] ], [ [ 73.1422577, 28.1608526, 0.0 ], [ 73.1422808, 28.1608529, 0.0 ], [ 73.1422756, 28.1611562, 0.0 ], [ 73.1422525, 28.1611559, 0.0 ], [ 73.1422577, 28.1608526, 0.0 ] ], [ [ 73.1422017, 28.1608519, 0.0 ], [ 73.1422248, 28.1608522, 0.0 ], [ 73.1422196, 28.1611554, 0.0 ], [ 73.1421965, 28.1611551, 0.0 ], [ 73.1422017, 28.1608519, 0.0 ] ], [ [ 73.1421511, 28.1605394, 0.0 ], [ 73.1421742, 28.1605397, 0.0 ], [ 73.142169, 28.160843, 0.0 ], [ 73.1421459, 28.1608427, 0.0 ], [ 73.1421511, 28.1605394, 0.0 ] ], [ [ 73.1420951, 28.1605386, 0.0 ], [ 73.1421182, 28.160539, 0.0 ], [ 73.142113, 28.1608422, 0.0 ], [ 73.1420899, 28.1608419, 0.0 ], [ 73.1420951, 28.1605386, 0.0 ] ], [ [ 73.1421457, 28.1608511, 0.0 ], [ 73.1421688, 28.1608514, 0.0 ], [ 73.1421636, 28.1611547, 0.0 ], [ 73.1421405, 28.1611544, 0.0 ], [ 73.1421457, 28.1608511, 0.0 ] ], [ [ 73.1420897, 28.1608503, 0.0 ], [ 73.1421129, 28.1608506, 0.0 ], [ 73.1421076, 28.1611539, 0.0 ], [ 73.1420845, 28.1611536, 0.0 ], [ 73.1420897, 28.1608503, 0.0 ] ], [ [ 73.1420391, 28.1605379, 0.0 ], [ 73.1420622, 28.1605382, 0.0 ], [ 73.142057, 28.1608415, 0.0 ], [ 73.1420339, 28.1608412, 0.0 ], [ 73.1420391, 28.1605379, 0.0 ] ], [ [ 73.1419831, 28.1605371, 0.0 ], [ 73.1420063, 28.1605374, 0.0 ], [ 73.142001, 28.1608407, 0.0 ], [ 73.1419779, 28.1608404, 0.0 ], [ 73.1419831, 28.1605371, 0.0 ] ], [ [ 73.1420337, 28.1608496, 0.0 ], [ 73.1420569, 28.1608499, 0.0 ], [ 73.1420516, 28.1611532, 0.0 ], [ 73.1420285, 28.1611528, 0.0 ], [ 73.1420337, 28.1608496, 0.0 ] ], [ [ 73.1419777, 28.1608488, 0.0 ], [ 73.1420009, 28.1608491, 0.0 ], [ 73.1419956, 28.1611524, 0.0 ], [ 73.1419725, 28.1611521, 0.0 ], [ 73.1419777, 28.1608488, 0.0 ] ], [ [ 73.1419271, 28.1605364, 0.0 ], [ 73.1419503, 28.1605367, 0.0 ], [ 73.141945, 28.1608399, 0.0 ], [ 73.1419219, 28.1608396, 0.0 ], [ 73.1419271, 28.1605364, 0.0 ] ], [ [ 73.1418711, 28.1605356, 0.0 ], [ 73.1418943, 28.1605359, 0.0 ], [ 73.141889, 28.1608392, 0.0 ], [ 73.1418659, 28.1608389, 0.0 ], [ 73.1418711, 28.1605356, 0.0 ] ], [ [ 73.1419217, 28.1608481, 0.0 ], [ 73.1419449, 28.1608484, 0.0 ], [ 73.1419396, 28.1611516, 0.0 ], [ 73.1419165, 28.1611513, 0.0 ], [ 73.1419217, 28.1608481, 0.0 ] ], [ [ 73.1418658, 28.1608473, 0.0 ], [ 73.1418889, 28.1608476, 0.0 ], [ 73.1418836, 28.1611509, 0.0 ], [ 73.1418605, 28.1611506, 0.0 ], [ 73.1418658, 28.1608473, 0.0 ] ], [ [ 73.1418151, 28.1605348, 0.0 ], [ 73.1418383, 28.1605352, 0.0 ], [ 73.141833, 28.1608384, 0.0 ], [ 73.1418099, 28.1608381, 0.0 ], [ 73.1418151, 28.1605348, 0.0 ] ], [ [ 73.1417592, 28.1605341, 0.0 ], [ 73.1417823, 28.1605344, 0.0 ], [ 73.141777, 28.1608377, 0.0 ], [ 73.1417539, 28.1608374, 0.0 ], [ 73.1417592, 28.1605341, 0.0 ] ], [ [ 73.1418098, 28.1608465, 0.0 ], [ 73.1418329, 28.1608468, 0.0 ], [ 73.1418277, 28.1611501, 0.0 ], [ 73.1418045, 28.1611498, 0.0 ], [ 73.1418098, 28.1608465, 0.0 ] ], [ [ 73.1417538, 28.1608458, 0.0 ], [ 73.1417769, 28.1608461, 0.0 ], [ 73.1417717, 28.1611494, 0.0 ], [ 73.1417485, 28.161149, 0.0 ], [ 73.1417538, 28.1608458, 0.0 ] ], [ [ 73.1417032, 28.1605333, 0.0 ], [ 73.1417263, 28.1605336, 0.0 ], [ 73.1417211, 28.1608369, 0.0 ], [ 73.1416979, 28.1608366, 0.0 ], [ 73.1417032, 28.1605333, 0.0 ] ], [ [ 73.1416472, 28.1605326, 0.0 ], [ 73.1416703, 28.1605329, 0.0 ], [ 73.1416651, 28.1608362, 0.0 ], [ 73.1416419, 28.1608358, 0.0 ], [ 73.1416472, 28.1605326, 0.0 ] ], [ [ 73.1416978, 28.160845, 0.0 ], [ 73.1417209, 28.1608453, 0.0 ], [ 73.1417157, 28.1611486, 0.0 ], [ 73.1416925, 28.1611483, 0.0 ], [ 73.1416978, 28.160845, 0.0 ] ], [ [ 73.1416418, 28.1608443, 0.0 ], [ 73.1416649, 28.1608446, 0.0 ], [ 73.1416597, 28.1611478, 0.0 ], [ 73.1416365, 28.1611475, 0.0 ], [ 73.1416418, 28.1608443, 0.0 ] ], [ [ 73.1415912, 28.1605318, 0.0 ], [ 73.1416143, 28.1605321, 0.0 ], [ 73.1416091, 28.1608354, 0.0 ], [ 73.1415859, 28.1608351, 0.0 ], [ 73.1415912, 28.1605318, 0.0 ] ], [ [ 73.1415352, 28.160531, 0.0 ], [ 73.1415583, 28.1605314, 0.0 ], [ 73.1415531, 28.1608346, 0.0 ], [ 73.1415299, 28.1608343, 0.0 ], [ 73.1415352, 28.160531, 0.0 ] ], [ [ 73.1415858, 28.1608435, 0.0 ], [ 73.1416089, 28.1608438, 0.0 ], [ 73.1416037, 28.1611471, 0.0 ], [ 73.1415806, 28.1611468, 0.0 ], [ 73.1415858, 28.1608435, 0.0 ] ], [ [ 73.1415298, 28.1608427, 0.0 ], [ 73.1415529, 28.160843, 0.0 ], [ 73.1415477, 28.1611463, 0.0 ], [ 73.1415246, 28.161146, 0.0 ], [ 73.1415298, 28.1608427, 0.0 ] ], [ [ 73.1414792, 28.1605303, 0.0 ], [ 73.1415023, 28.1605306, 0.0 ], [ 73.1414971, 28.1608339, 0.0 ], [ 73.141474, 28.1608336, 0.0 ], [ 73.1414792, 28.1605303, 0.0 ] ], [ [ 73.1414232, 28.1605295, 0.0 ], [ 73.1414463, 28.1605298, 0.0 ], [ 73.1414411, 28.1608331, 0.0 ], [ 73.141418, 28.1608328, 0.0 ], [ 73.1414232, 28.1605295, 0.0 ] ], [ [ 73.1414738, 28.160842, 0.0 ], [ 73.1414969, 28.1608423, 0.0 ], [ 73.1414917, 28.1611456, 0.0 ], [ 73.1414686, 28.1611452, 0.0 ], [ 73.1414738, 28.160842, 0.0 ] ], [ [ 73.1414178, 28.1608412, 0.0 ], [ 73.1414409, 28.1608415, 0.0 ], [ 73.1414357, 28.1611448, 0.0 ], [ 73.1414126, 28.1611445, 0.0 ], [ 73.1414178, 28.1608412, 0.0 ] ], [ [ 73.1413672, 28.1605288, 0.0 ], [ 73.1413903, 28.1605291, 0.0 ], [ 73.1413851, 28.1608324, 0.0 ], [ 73.141362, 28.160832, 0.0 ], [ 73.1413672, 28.1605288, 0.0 ] ], [ [ 73.1413112, 28.160528, 0.0 ], [ 73.1413343, 28.1605283, 0.0 ], [ 73.1413291, 28.1608316, 0.0 ], [ 73.141306, 28.1608313, 0.0 ], [ 73.1413112, 28.160528, 0.0 ] ], [ [ 73.1413618, 28.1608405, 0.0 ], [ 73.141385, 28.1608408, 0.0 ], [ 73.1413797, 28.161144, 0.0 ], [ 73.1413566, 28.1611437, 0.0 ], [ 73.1413618, 28.1608405, 0.0 ] ], [ [ 73.1413058, 28.1608397, 0.0 ], [ 73.141329, 28.16084, 0.0 ], [ 73.1413237, 28.1611433, 0.0 ], [ 73.1413006, 28.161143, 0.0 ], [ 73.1413058, 28.1608397, 0.0 ] ] ] } }
]
}
