{
"type": "FeatureCollection",
"name": "SCB NUMBERS",
"crs": { "type": "name", "properties": { "name": "urn:ogc:def:crs:OGC:1.3:CRS84" } },
"features": [
{ "type": "Feature", "properties": { "Name": "SCB 6.4.18" }, "geometry": { "type": "Point", "coordinates": [ 73.131162998983001, 28.145247939655999, 0.0 ] } },
{ "type": "Feature", "properties": { "Name": "SCB 6.4.17" }, "geometry": { "type": "Point", "coordinates": [ 73.130602710237696, 28.1452663008135, -93.826 ] } },
{ "type": "Feature", "properties": { "Name": "SCB 6.4.16" }, "geometry": { "type": "Point", "coordinates": [ 73.130154548459601, 28.1452770018915, 0.0 ] } },
{ "type": "Feature", "properties": { "Name": "SCB 6.4.15" }, "geometry": { "type": "Point", "coordinates": [ 73.129594711495599, 28.145269359010101, 0.0 ] } },
{ "type": "Feature", "properties": { "Name": "SCB 6.1.01" }, "geometry": { "type": "Point", "coordinates": [ 73.128938392223404, 28.1508109224843, 0.0 ] } },
{ "type": "Feature", "properties": { "Name": "SCB 6.1.02" }, "geometry": { "type": "Point", "coordinates": [ 73.129498257797096, 28.150818569422899, 0.0 ] } },
{ "type": "Feature", "properties": { "Name": "SCB 6.1.03" }, "geometry": { "type": "Point", "coordinates": [ 73.130170096774904, 28.150827742732101, 0.0 ] } },
{ "type": "Feature", "properties": { "Name": "SCB 6.1.04" }, "geometry": { "type": "Point", "coordinates": [ 73.130292833980903, 28.150209810990201, 0.0 ] } },
{ "type": "Feature", "properties": { "Name": "SCB 6.1.05" }, "geometry": { "type": "Point", "coordinates": [ 73.1299569163575, 28.150205225139999, 0.0 ] } },
{ "type": "Feature", "properties": { "Name": "SCB 6.1.06" }, "geometry": { "type": "Point", "coordinates": [ 73.129509026315503, 28.1501991093931, 0.0 ] } },
{ "type": "Feature", "properties": { "Name": "SCB 6.1.07" }, "geometry": { "type": "Point", "coordinates": [ 73.128949163960399, 28.150191462652199, 0.0 ] } },
{ "type": "Feature", "properties": { "Name": "SCB 6.1.16" }, "geometry": { "type": "Point", "coordinates": [ 73.132052685225602, 28.1500459568148, 0.0 ] } },
{ "type": "Feature", "properties": { "Name": "SCB 6.1.17" }, "geometry": { "type": "Point", "coordinates": [ 73.132388602754503, 28.150050537503301, 0.0 ] } },
{ "type": "Feature", "properties": { "Name": "SCB 6.1.18" }, "geometry": { "type": "Point", "coordinates": [ 73.1323993542929, 28.1494310763801, 0.0 ] } },
{ "type": "Feature", "properties": { "Name": "SCB 6.1.15" }, "geometry": { "type": "Point", "coordinates": [ 73.131839495006901, 28.149423441639701, 0.0 ] } },
{ "type": "Feature", "properties": { "Name": "SCB 6.1.10" }, "geometry": { "type": "Point", "coordinates": [ 73.130079653848298, 28.1495872935607, 0.0 ] } },
{ "type": "Feature", "properties": { "Name": "SCB 6.1.09" }, "geometry": { "type": "Point", "coordinates": [ 73.129631766346094, 28.149581178337701, 0.0 ] } },
{ "type": "Feature", "properties": { "Name": "SCB 6.1.08" }, "geometry": { "type": "Point", "coordinates": [ 73.129071907165596, 28.1495735322518, 0.0 ] } },
{ "type": "Feature", "properties": { "Name": "SCB 6.1.12" }, "geometry": { "type": "Point", "coordinates": [ 73.129082677575695, 28.148954072260601, 0.0 ] } },
{ "type": "Feature", "properties": { "Name": "SCB 6.1.11" }, "geometry": { "type": "Point", "coordinates": [ 73.129642533537805, 28.148961718148598, 0.0 ] } },
{ "type": "Feature", "properties": { "Name": "SCB 6.3.06" }, "geometry": { "type": "Point", "coordinates": [ 73.130667367689398, 28.147991514312, 0.0 ] } },
{ "type": "Feature", "properties": { "Name": "SCB 6.3.05" }, "geometry": { "type": "Point", "coordinates": [ 73.130327196298495, 28.148232155208198, 0.0 ] } },
{ "type": "Feature", "properties": { "Name": "SCB 6.1.13" }, "geometry": { "type": "Point", "coordinates": [ 73.128869506607998, 28.148331553293399, 0.0 ] } },
{ "type": "Feature", "properties": { "Name": "SCB 6.1.14" }, "geometry": { "type": "Point", "coordinates": [ 73.129429359264194, 28.148339199897901, 0.0 ] } },
{ "type": "Feature", "properties": { "Name": "SCB 6.3.01" }, "geometry": { "type": "Point", "coordinates": [ 73.129877241546893, 28.148345315535899, 0.0 ] } },
{ "type": "Feature", "properties": { "Name": "SCB 6.3.04" }, "geometry": { "type": "Point", "coordinates": [ 73.129878774999199, 28.1482570776889, 0.0 ] } },
{ "type": "Feature", "properties": { "Name": "SCB 6.3.03" }, "geometry": { "type": "Point", "coordinates": [ 73.129430893083097, 28.148250962073401, 0.0 ] } },
{ "type": "Feature", "properties": { "Name": "SCB 6.3.02" }, "geometry": { "type": "Point", "coordinates": [ 73.1288710408854, 28.148243315497101, 0.0 ] } },
{ "type": "Feature", "properties": { "Name": "SCB 6.3.09" }, "geometry": { "type": "Point", "coordinates": [ 73.1288808109949, 28.147681417542302, 0.0 ] } },
{ "type": "Feature", "properties": { "Name": "SCB 6.3.08" }, "geometry": { "type": "Point", "coordinates": [ 73.129440660273502, 28.1476890639392, 0.0 ] } },
{ "type": "Feature", "properties": { "Name": "SCB 6.3.07" }, "geometry": { "type": "Point", "coordinates": [ 73.129888539854306, 28.147695179411102, 0.0 ] } },
{ "type": "Feature", "properties": { "Name": "SCB 6.3.12" }, "geometry": { "type": "Point", "coordinates": [ 73.130011273990903, 28.1470772475604, 0.0 ] } },
{ "type": "Feature", "properties": { "Name": "SCB 6.3.13" }, "geometry": { "type": "Point", "coordinates": [ 73.130454188967704, 28.147368997381601, 0.0 ] } },
{ "type": "Feature", "properties": { "Name": "SCB 6.3.14" }, "geometry": { "type": "Point", "coordinates": [ 73.130902067476498, 28.147375109477199, 0.0 ] } },
{ "type": "Feature", "properties": { "Name": "SCB 6.3.15" }, "geometry": { "type": "Point", "coordinates": [ 73.131024795368702, 28.146757176394399, 0.0 ] } },
{ "type": "Feature", "properties": { "Name": "SCB 6.3.16" }, "geometry": { "type": "Point", "coordinates": [ 73.130576919399303, 28.146751064822499, 0.0 ] } },
{ "type": "Feature", "properties": { "Name": "SCB 6.3.17" }, "geometry": { "type": "Point", "coordinates": [ 73.129798100618004, 28.1464547297984, 0.0 ] } },
{ "type": "Feature", "properties": { "Name": "SCB 6.3.18" }, "geometry": { "type": "Point", "coordinates": [ 73.129350226221206, 28.146448614277201, 0.0 ] } },
{ "type": "Feature", "properties": { "Name": "SCB 6.3.10" }, "geometry": { "type": "Point", "coordinates": [ 73.128891581650507, 28.1470619574478, 0.0 ] } },
{ "type": "Feature", "properties": { "Name": "SCB 6.4.14" }, "geometry": { "type": "Point", "coordinates": [ 73.127116665818605, 28.1460841909946, 0.0 ] } },
{ "type": "Feature", "properties": { "Name": "SCB 6.4.13" }, "geometry": { "type": "Point", "coordinates": [ 73.126780761679797, 28.146079597972999, 0.0 ] } },
{ "type": "Feature", "properties": { "Name": "SCB 6.4.12" }, "geometry": { "type": "Point", "coordinates": [ 73.126221832724696, 28.146019612007599, 0.0 ] } },
{ "type": "Feature", "properties": { "Name": "SCB 6.4.11" }, "geometry": { "type": "Point", "coordinates": [ 73.126881948002904, 28.146700588545599, 0.0 ] } },
{ "type": "Feature", "properties": { "Name": "SCB 6.4.10" }, "geometry": { "type": "Point", "coordinates": [ 73.126323015760605, 28.1466406028409, 0.0 ] } },
{ "type": "Feature", "properties": { "Name": "SCB 6.4.05" }, "geometry": { "type": "Point", "coordinates": [ 73.128327769103805, 28.147282382882299, 0.0 ] } },
{ "type": "Feature", "properties": { "Name": "SCB 6.4.06" }, "geometry": { "type": "Point", "coordinates": [ 73.127766920859898, 28.147332294091299, 0.0 ] } },
{ "type": "Feature", "properties": { "Name": "SCB 6.4.07" }, "geometry": { "type": "Point", "coordinates": [ 73.127431012701607, 28.1473277024776, 0.0 ] } },
{ "type": "Feature", "properties": { "Name": "SCB 6.4.08" }, "geometry": { "type": "Point", "coordinates": [ 73.126871165946596, 28.147320047959699, 0.0 ] } },
{ "type": "Feature", "properties": { "Name": "SCB 6.4.09" }, "geometry": { "type": "Point", "coordinates": [ 73.126313813713097, 28.147260083717899, 0.0 ] } },
{ "type": "Feature", "properties": { "Name": "SCB 6.4.04" }, "geometry": { "type": "Point", "coordinates": [ 73.128315993934606, 28.147959404821499, 0.0 ] } },
{ "type": "Feature", "properties": { "Name": "SCB 6.4.03" }, "geometry": { "type": "Point", "coordinates": [ 73.127980083713894, 28.147954814460299, 0.0 ] } },
{ "type": "Feature", "properties": { "Name": "SCB 6.4.02" }, "geometry": { "type": "Point", "coordinates": [ 73.127420233521406, 28.147947162029901, 0.0 ] } },
{ "type": "Feature", "properties": { "Name": "SCB 6.4.01" }, "geometry": { "type": "Point", "coordinates": [ 73.126860383548305, 28.147939507314, 0.0 ] } },
{ "type": "Feature", "properties": { "Name": "SCB 6.2.18" }, "geometry": { "type": "Point", "coordinates": [ 73.126413414806507, 28.147881052803001, 0.0 ] } },
{ "type": "Feature", "properties": { "Name": "SCB 6.2.17" }, "geometry": { "type": "Point", "coordinates": [ 73.126406365036104, 28.148285962680099, 0.0 ] } },
{ "type": "Feature", "properties": { "Name": "SCB 6.2.16" }, "geometry": { "type": "Point", "coordinates": [ 73.126965305839605, 28.1483459484433, 0.0 ] } },
{ "type": "Feature", "properties": { "Name": "SCB 6.2.15" }, "geometry": { "type": "Point", "coordinates": [ 73.127413187518499, 28.148352072136799, 0.0 ] } },
{ "type": "Feature", "properties": { "Name": "SCB 6.2.14" }, "geometry": { "type": "Point", "coordinates": [ 73.127973039814506, 28.148359724696601, 0.0 ] } },
{ "type": "Feature", "properties": { "Name": "SCB 6.2.13" }, "geometry": { "type": "Point", "coordinates": [ 73.128304686004796, 28.148609540336, 0.0 ] } },
{ "type": "Feature", "properties": { "Name": "SCB 6.2.12" }, "geometry": { "type": "Point", "coordinates": [ 73.127968773757502, 28.1486049498501, 0.0 ] } },
{ "type": "Feature", "properties": { "Name": "SCB 6.2.11" }, "geometry": { "type": "Point", "coordinates": [ 73.127520890883901, 28.148598827922399, 0.0 ] } },
{ "type": "Feature", "properties": { "Name": "SCB 6.2.10" }, "geometry": { "type": "Point", "coordinates": [ 73.126849066836897, 28.148589642288201, 0.0 ] } },
{ "type": "Feature", "properties": { "Name": "SCB 6.2.09" }, "geometry": { "type": "Point", "coordinates": [ 73.126290124869101, 28.1485296559948, 0.0 ] } },
{ "type": "Feature", "properties": { "Name": "SCB 6.2.06" }, "geometry": { "type": "Point", "coordinates": [ 73.127062226338893, 28.149212163842801, 0.0 ] } },
{ "type": "Feature", "properties": { "Name": "SCB 6.2.07" }, "geometry": { "type": "Point", "coordinates": [ 73.126726312450202, 28.149207570221201, 0.0 ] } },
{ "type": "Feature", "properties": { "Name": "SCB 6.2.08" }, "geometry": { "type": "Point", "coordinates": [ 73.126279338580503, 28.149149115033399, 0.0 ] } },
{ "type": "Feature", "properties": { "Name": "SCB 6.2.05" }, "geometry": { "type": "Point", "coordinates": [ 73.1272753881087, 28.149834685130401, 0.0 ] } },
{ "type": "Feature", "properties": { "Name": "SCB 6.2.04" }, "geometry": { "type": "Point", "coordinates": [ 73.126939472236401, 28.149830091938501, 0.0 ] } },
{ "type": "Feature", "properties": { "Name": "SCB 6.2.02" }, "geometry": { "type": "Point", "coordinates": [ 73.126156580116898, 28.149767042220201, 0.0 ] } },
{ "type": "Feature", "properties": { "Name": "SCB 6.2.03" }, "geometry": { "type": "Point", "coordinates": [ 73.126374007481303, 28.150144339806499, 0.0 ] } },
{ "type": "Feature", "properties": { "Name": "SCB 6.2.01" }, "geometry": { "type": "Point", "coordinates": [ 73.126033820032603, 28.1503849691764, 0.0 ] } },
{ "type": "Feature", "properties": { "Name": "SCB 20.4.18" }, "geometry": { "type": "Point", "coordinates": [ 73.161525015648905, 28.166359801679, 0.0 ] } },
{ "type": "Feature", "properties": { "Name": "SCB 20.4.17" }, "geometry": { "type": "Point", "coordinates": [ 73.161185493028896, 28.166562805490301, 0.0 ] } },
{ "type": "Feature", "properties": { "Name": "SCB 20.4.16" }, "geometry": { "type": "Point", "coordinates": [ 73.160849518461106, 28.1665582929833, 0.0 ] } },
{ "type": "Feature", "properties": { "Name": "SCB 20.4.15" }, "geometry": { "type": "Point", "coordinates": [ 73.161738408212798, 28.166982278884099, 0.0 ] } },
{ "type": "Feature", "properties": { "Name": "SCB 20.4.14" }, "geometry": { "type": "Point", "coordinates": [ 73.161174899550403, 28.167182275175499, 0.0 ] } },
{ "type": "Feature", "properties": { "Name": "SCB 20.4.13" }, "geometry": { "type": "Point", "coordinates": [ 73.160390954502901, 28.167171744439202, 0.0 ] } },
{ "type": "Feature", "properties": { "Name": "SCB 20.4.12" }, "geometry": { "type": "Point", "coordinates": [ 73.161615825085306, 28.167600245039299, 0.0 ] } },
{ "type": "Feature", "properties": { "Name": "SCB 20.4.11" }, "geometry": { "type": "Point", "coordinates": [ 73.161052312916098, 28.167800240645601, 0.0 ] } },
{ "type": "Feature", "properties": { "Name": "SCB 20.4.10" }, "geometry": { "type": "Point", "coordinates": [ 73.160604341723001, 28.1677942231094, 0.0 ] } },
{ "type": "Feature", "properties": { "Name": "SCB 20.4.09" }, "geometry": { "type": "Point", "coordinates": [ 73.159925335288094, 28.168197147945399, 0.0 ] } },
{ "type": "Feature", "properties": { "Name": "SCB 20.4.08" }, "geometry": { "type": "Point", "coordinates": [ 73.160261314800195, 28.1682016629595, 0.0 ] } },
{ "type": "Feature", "properties": { "Name": "SCB 20.4.07" }, "geometry": { "type": "Point", "coordinates": [ 73.160705737780603, 28.1684151970409, 0.0 ] } },
{ "type": "Feature", "properties": { "Name": "SCB 20.4.06" }, "geometry": { "type": "Point", "coordinates": [ 73.161269253802303, 28.168215203060601, 0.0 ] } },
{ "type": "Feature", "properties": { "Name": "SCB 20.4.05" }, "geometry": { "type": "Point", "coordinates": [ 73.161717226916295, 28.1682212185042, 0.0 ] } },
{ "type": "Feature", "properties": { "Name": "SCB 20.4.04" }, "geometry": { "type": "Point", "coordinates": [ 73.161713034242993, 28.168466447643802, 0.0 ] } },
{ "type": "Feature", "properties": { "Name": "SCB 20.4.03" }, "geometry": { "type": "Point", "coordinates": [ 73.161149517592406, 28.168666443421301, 0.0 ] } },
{ "type": "Feature", "properties": { "Name": "SCB 20.4.02" }, "geometry": { "type": "Point", "coordinates": [ 73.1607015427671, 28.168660426033899, 0.0 ] } },
{ "type": "Feature", "properties": { "Name": "SCB 20.4.01" }, "geometry": { "type": "Point", "coordinates": [ 73.160257118810904, 28.168446891898899, 0.0 ] } },
{ "type": "Feature", "properties": { "Name": "SCB 20.3.18" }, "geometry": { "type": "Point", "coordinates": [ 73.162340714033903, 28.164511915006699, 0.0 ] } },
{ "type": "Feature", "properties": { "Name": "SCB 20.3.17" }, "geometry": { "type": "Point", "coordinates": [ 73.162788671995301, 28.1645179262234, 0.0 ] } },
{ "type": "Feature", "properties": { "Name": "SCB 20.3.16" }, "geometry": { "type": "Point", "coordinates": [ 73.163901024031603, 28.164974758073399, 0.0 ] } },
{ "type": "Feature", "properties": { "Name": "SCB 20.3.15" }, "geometry": { "type": "Point", "coordinates": [ 73.163340534531201, 28.164998826743801, 0.0 ] } },
{ "type": "Feature", "properties": { "Name": "SCB 20.3.14" }, "geometry": { "type": "Point", "coordinates": [ 73.162890078812396, 28.165138899266299, 0.0 ] } },
{ "type": "Feature", "properties": { "Name": "SCB 20.3.13" }, "geometry": { "type": "Point", "coordinates": [ 73.162554108369903, 28.1651343911489, 0.0 ] } },
{ "type": "Feature", "properties": { "Name": "SCB 20.3.12" }, "geometry": { "type": "Point", "coordinates": [ 73.1619941578046, 28.165126875790101, 0.0 ] } },
{ "type": "Feature", "properties": { "Name": "SCB 20.3.11" }, "geometry": { "type": "Point", "coordinates": [ 73.161535606746199, 28.165740331797409, 0.0 ] } },
{ "type": "Feature", "properties": { "Name": "SCB 20.3.10" }, "geometry": { "type": "Point", "coordinates": [ 73.161983569620205, 28.165746345886902, 0.0 ] } },
{ "type": "Feature", "properties": { "Name": "SCB 20.3.09" }, "geometry": { "type": "Point", "coordinates": [ 73.162543523406796, 28.165753861440098, 0.0 ] } },
{ "type": "Feature", "properties": { "Name": "SCB 20.3.08" }, "geometry": { "type": "Point", "coordinates": [ 73.162991486591096, 28.1657598722357, 0.0 ] } },
{ "type": "Feature", "properties": { "Name": "SCB 20.3.07" }, "geometry": { "type": "Point", "coordinates": [ 73.163553935548606, 28.165621301602599, 0.0 ] } },
{ "type": "Feature", "properties": { "Name": "SCB 20.3.06" }, "geometry": { "type": "Point", "coordinates": [ 73.163207382120106, 28.1662362655218, 0.0 ] } },
{ "type": "Feature", "properties": { "Name": "SCB 20.3.05" }, "geometry": { "type": "Point", "coordinates": [ 73.162532938108001, 28.166373331671601, 0.0 ] } },
{ "type": "Feature", "properties": { "Name": "SCB 20.3.04" }, "geometry": { "type": "Point", "coordinates": [ 73.162084972484493, 28.166367319256501, 0.0 ] } },
{ "type": "Feature", "properties": { "Name": "SCB 20.3.03" }, "geometry": { "type": "Point", "coordinates": [ 73.162746336625702, 28.1669958075796, 0.0 ] } },
{ "type": "Feature", "properties": { "Name": "SCB 20.3.02" }, "geometry": { "type": "Point", "coordinates": [ 73.162186376310103, 28.166988292552698, 0.0 ] } },
{ "type": "Feature", "properties": { "Name": "SCB 20.3.01" }, "geometry": { "type": "Point", "coordinates": [ 73.162063795725501, 28.167606259229299, 0.0 ] } },
{ "type": "Feature", "properties": { "Name": "SCB 20.2.19" }, "geometry": { "type": "Point", "coordinates": [ 73.161258135461694, 28.168865348813899, 0.0 ] } },
{ "type": "Feature", "properties": { "Name": "SCB 20.2.18" }, "geometry": { "type": "Point", "coordinates": [ 73.161706111280793, 28.168871364420699, 0.0 ] } },
{ "type": "Feature", "properties": { "Name": "SCB 20.2.17" }, "geometry": { "type": "Point", "coordinates": [ 73.162266081248603, 28.168878881870501, 0.0 ] } },
{ "type": "Feature", "properties": { "Name": "SCB 20.2.16" }, "geometry": { "type": "Point", "coordinates": [ 73.162479482302203, 28.169501358139701, 0.0 ] } },
{ "type": "Feature", "properties": { "Name": "SCB 20.2.15" }, "geometry": { "type": "Point", "coordinates": [ 73.162031503664295, 28.169495344939499, 0.0 ] } },
{ "type": "Feature", "properties": { "Name": "SCB 20.2.14" }, "geometry": { "type": "Point", "coordinates": [ 73.161471530560803, 28.169487826380301, 0.0 ] } },
{ "type": "Feature", "properties": { "Name": "SCB 20.2.13" }, "geometry": { "type": "Point", "coordinates": [ 73.161908918474793, 28.170113311086499, 0.0 ] } },
{ "type": "Feature", "properties": { "Name": "SCB 20.2.12" }, "geometry": { "type": "Point", "coordinates": [ 73.162356899655904, 28.170119324808301, 0.0 ] } },
{ "type": "Feature", "properties": { "Name": "SCB 20.2.11" }, "geometry": { "type": "Point", "coordinates": [ 73.162804880974804, 28.170125337065802, 0.0 ] } },
{ "type": "Feature", "properties": { "Name": "SCB 20.2.10" }, "geometry": { "type": "Point", "coordinates": [ 73.162794295242904, 28.1707448069929, 0.0 ] } },
{ "type": "Feature", "properties": { "Name": "SCB 20.2.09" }, "geometry": { "type": "Point", "coordinates": [ 73.162346311346198, 28.170738794579901, 0.0 ] } },
{ "type": "Feature", "properties": { "Name": "SCB 20.2.08" }, "geometry": { "type": "Point", "coordinates": [ 73.161898327587494, 28.1707327807027, 0.0 ] } },
{ "type": "Feature", "properties": { "Name": "SCB 20.2.07" }, "geometry": { "type": "Point", "coordinates": [ 73.161887736364307, 28.171352250259101, 0.0 ] } },
{ "type": "Feature", "properties": { "Name": "SCB 20.2.06" }, "geometry": { "type": "Point", "coordinates": [ 73.162335722700803, 28.171358264291801, 0.0 ] } },
{ "type": "Feature", "properties": { "Name": "SCB 20.2.05" }, "geometry": { "type": "Point", "coordinates": [ 73.162783709175301, 28.171364276860299, 0.0 ] } },
{ "type": "Feature", "properties": { "Name": "SCB 20.2.04" }, "geometry": { "type": "Point", "coordinates": [ 73.162773122771895, 28.171983746668001, 0.0 ] } },
{ "type": "Feature", "properties": { "Name": "SCB 20.2.03" }, "geometry": { "type": "Point", "coordinates": [ 73.162325133719705, 28.171977733944001, 0.0 ] } },
{ "type": "Feature", "properties": { "Name": "SCB 20.2.02" }, "geometry": { "type": "Point", "coordinates": [ 73.161989142021, 28.171973223440109, 0.0 ] } },
{ "type": "Feature", "properties": { "Name": "SCB 20.2.01" }, "geometry": { "type": "Point", "coordinates": [ 73.162314544402804, 28.172597203536501, 0.0 ] } },
{ "type": "Feature", "properties": { "Name": "SCB 20.1.19" }, "geometry": { "type": "Point", "coordinates": [ 73.162714057377897, 28.168884894183101, 0.0 ] } },
{ "type": "Feature", "properties": { "Name": "SCB 20.1.18" }, "geometry": { "type": "Point", "coordinates": [ 73.163757365661695, 28.170107432025901, 0.0 ] } },
{ "type": "Feature", "properties": { "Name": "SCB 20.1.17" }, "geometry": { "type": "Point", "coordinates": [ 73.163375439991697, 28.169513380147691, 0.0 ] } },
{ "type": "Feature", "properties": { "Name": "SCB 20.1.16" }, "geometry": { "type": "Point", "coordinates": [ 73.162927461077999, 28.169507369875799, 0.0 ] } },
{ "type": "Feature", "properties": { "Name": "SCB 20.1.15" }, "geometry": { "type": "Point", "coordinates": [ 73.163252862431605, 28.170131347859201, 0.0 ] } },
{ "type": "Feature", "properties": { "Name": "SCB 20.1.14" }, "geometry": { "type": "Point", "coordinates": [ 73.163924834875203, 28.170140361303901, 0.0 ] } },
{ "type": "Feature", "properties": { "Name": "SCB 20.1.13" }, "geometry": { "type": "Point", "coordinates": [ 73.164484812148402, 28.1701478699913, 0.0 ] } },
{ "type": "Feature", "properties": { "Name": "SCB 20.1.12" }, "geometry": { "type": "Point", "coordinates": [ 73.164928120416306, 28.170427696871901, 0.0 ] } },
{ "type": "Feature", "properties": { "Name": "SCB 20.1.11" }, "geometry": { "type": "Point", "coordinates": [ 73.164586232207597, 28.170768842002801, 0.0 ] } },
{ "type": "Feature", "properties": { "Name": "SCB 20.1.10" }, "geometry": { "type": "Point", "coordinates": [ 73.164138247759794, 28.170762835446698, 0.0 ] } },
{ "type": "Feature", "properties": { "Name": "SCB 20.1.09" }, "geometry": { "type": "Point", "coordinates": [ 73.163690263449695, 28.170756827426299, 0.0 ] } },
{ "type": "Feature", "properties": { "Name": "SCB 20.1.08" }, "geometry": { "type": "Point", "coordinates": [ 73.163242279277398, 28.170750817941698, 0.0 ] } },
{ "type": "Feature", "properties": { "Name": "SCB 20.1.07" }, "geometry": { "type": "Point", "coordinates": [ 73.164015672690596, 28.1713808038736, 0.0 ] } },
{ "type": "Feature", "properties": { "Name": "SCB 20.1.06" }, "geometry": { "type": "Point", "coordinates": [ 73.163669101289997, 28.171995767723001, 0.0 ] } },
{ "type": "Feature", "properties": { "Name": "SCB 20.1.05" }, "geometry": { "type": "Point", "coordinates": [ 73.163231695787502, 28.1713702879645, 0.0 ] } },
{ "type": "Feature", "properties": { "Name": "SCB 20.1.04" }, "geometry": { "type": "Point", "coordinates": [ 73.163333109281098, 28.171991260513799, 0.0 ] } },
{ "type": "Feature", "properties": { "Name": "SCB 20.1.03" }, "geometry": { "type": "Point", "coordinates": [ 73.163098529846096, 28.172607725114499, 0.0 ] } },
{ "type": "Feature", "properties": { "Name": "SCB 20.1.02" }, "geometry": { "type": "Point", "coordinates": [ 73.162762536033, 28.172603216415901, 0.0 ] } },
{ "type": "Feature", "properties": { "Name": "SCB 20.1.01" }, "geometry": { "type": "Point", "coordinates": [ 73.162695949674699, 28.1732219345548, 0.0 ] } },
{ "type": "Feature", "properties": { "Name": "SCB 19.4.19" }, "geometry": { "type": "Point", "coordinates": [ 73.157328262042896, 28.169401441822401, 0.0 ] } },
{ "type": "Feature", "properties": { "Name": "SCB 19.4.18" }, "geometry": { "type": "Point", "coordinates": [ 73.156880285120593, 28.169395411792401, 0.0 ] } },
{ "type": "Feature", "properties": { "Name": "SCB 19.4.17" }, "geometry": { "type": "Point", "coordinates": [ 73.156432308336505, 28.169389380298298, 0.0 ] } },
{ "type": "Feature", "properties": { "Name": "SCB 19.4.16" }, "geometry": { "type": "Point", "coordinates": [ 73.155917709609895, 28.170002060712701, 0.0 ] } },
{ "type": "Feature", "properties": { "Name": "SCB 19.4.15" }, "geometry": { "type": "Point", "coordinates": [ 73.156421686226395, 28.170008848069099, 0.0 ] } },
{ "type": "Feature", "properties": { "Name": "SCB 19.4.14" }, "geometry": { "type": "Point", "coordinates": [ 73.156869665588005, 28.170014879719201, 0.0 ] } },
{ "type": "Feature", "properties": { "Name": "SCB 19.4.13" }, "geometry": { "type": "Point", "coordinates": [ 73.1573176450879, 28.170020909905102, 0.0 ] } },
{ "type": "Feature", "properties": { "Name": "SCB 19.4.12" }, "geometry": { "type": "Point", "coordinates": [ 73.158426983595007, 28.170655447376799, 0.0 ] } },
{ "type": "Feature", "properties": { "Name": "SCB 19.4.11" }, "geometry": { "type": "Point", "coordinates": [ 73.157979001171896, 28.170649420695501, 0.0 ] } },
{ "type": "Feature", "properties": { "Name": "SCB 19.4.10" }, "geometry": { "type": "Point", "coordinates": [ 73.1575310188869, 28.170643392549898, 0.0 ] } },
{ "type": "Feature", "properties": { "Name": "SCB 19.4.09" }, "geometry": { "type": "Point", "coordinates": [ 73.156971041225106, 28.170635855309001, 0.0 ] } },
{ "type": "Feature", "properties": { "Name": "SCB 19.4.08" }, "geometry": { "type": "Point", "coordinates": [ 73.156523059251299, 28.170629823869, 0.0 ] } },
{ "type": "Feature", "properties": { "Name": "SCB 19.4.07" }, "geometry": { "type": "Point", "coordinates": [ 73.156075077415693, 28.1706237909648, 0.0 ] } },
{ "type": "Feature", "properties": { "Name": "SCB 19.4.06" }, "geometry": { "type": "Point", "coordinates": [ 73.158310787117898, 28.170899169426502, 0.0 ] } },
{ "type": "Feature", "properties": { "Name": "SCB 19.4.05" }, "geometry": { "type": "Point", "coordinates": [ 73.157750807878202, 28.170891635311399, 0.0 ] } },
{ "type": "Feature", "properties": { "Name": "SCB 19.4.04" }, "geometry": { "type": "Point", "coordinates": [ 73.157302824641903, 28.170885606372, 0.0 ] } },
{ "type": "Feature", "properties": { "Name": "SCB 19.4.03" }, "geometry": { "type": "Point", "coordinates": [ 73.156742845791001, 28.170878068138698, 0.0 ] } },
{ "type": "Feature", "properties": { "Name": "SCB 19.4.02" }, "geometry": { "type": "Point", "coordinates": [ 73.156294862865906, 28.1708720359049, 0.0 ] } },
{ "type": "Feature", "properties": { "Name": "SCB 19.4.01" }, "geometry": { "type": "Point", "coordinates": [ 73.155734884403998, 28.170864493553601, 0.0 ] } },
{ "type": "Feature", "properties": { "Name": "SCB 19.3.18" }, "geometry": { "type": "Point", "coordinates": [ 73.159589355853697, 28.1681926321078, 0.0 ] } },
{ "type": "Feature", "properties": { "Name": "SCB 19.3.17" }, "geometry": { "type": "Point", "coordinates": [ 73.158346821442805, 28.168795535543602, 0.0 ] } },
{ "type": "Feature", "properties": { "Name": "SCB 19.3.16" }, "geometry": { "type": "Point", "coordinates": [ 73.158794796236904, 28.1688015606594, 0.0 ] } },
{ "type": "Feature", "properties": { "Name": "SCB 19.3.15" }, "geometry": { "type": "Point", "coordinates": [ 73.159242771169104, 28.1688075843111, 0.0 ] } },
{ "type": "Feature", "properties": { "Name": "SCB 19.3.14" }, "geometry": { "type": "Point", "coordinates": [ 73.159802740028695, 28.168815111816802, 0.0 ] } },
{ "type": "Feature", "properties": { "Name": "SCB 19.3.13" }, "geometry": { "type": "Point", "coordinates": [ 73.160016126479405, 28.1694375912558, 0.0 ] } },
{ "type": "Feature", "properties": { "Name": "SCB 19.3.12" }, "geometry": { "type": "Point", "coordinates": [ 73.159232165505102, 28.1694270531158, 0.0 ] } },
{ "type": "Feature", "properties": { "Name": "SCB 19.3.11" }, "geometry": { "type": "Point", "coordinates": [ 73.158672193639504, 28.169419523127701, 0.0 ] } },
{ "type": "Feature", "properties": { "Name": "SCB 19.3.10" }, "geometry": { "type": "Point", "coordinates": [ 73.158336210623702, 28.169415004036701, 0.0 ] } },
{ "type": "Feature", "properties": { "Name": "SCB 19.3.09" }, "geometry": { "type": "Point", "coordinates": [ 73.157776239103598, 28.1694074703883, 0.0 ] } },
{ "type": "Feature", "properties": { "Name": "SCB 19.3.08" }, "geometry": { "type": "Point", "coordinates": [ 73.160684543317103, 28.169654135681998, 0.0 ] } },
{ "type": "Feature", "properties": { "Name": "SCB 19.3.07" }, "geometry": { "type": "Point", "coordinates": [ 73.160117520093607, 28.170058565394701, 0.0 ] } },
{ "type": "Feature", "properties": { "Name": "SCB 19.3.06" }, "geometry": { "type": "Point", "coordinates": [ 73.159669539730103, 28.170052544359802, 0.0 ] } },
{ "type": "Feature", "properties": { "Name": "SCB 19.3.05" }, "geometry": { "type": "Point", "coordinates": [ 73.159221559504701, 28.170046521860709, 0.0 ] } },
{ "type": "Feature", "properties": { "Name": "SCB 19.3.04" }, "geometry": { "type": "Point", "coordinates": [ 73.158661584417203, 28.170038991677899, 0.0 ] } },
{ "type": "Feature", "properties": { "Name": "SCB 19.3.03" }, "geometry": { "type": "Point", "coordinates": [ 73.158325599468199, 28.1700344724701, 0.0 ] } },
{ "type": "Feature", "properties": { "Name": "SCB 19.3.02" }, "geometry": { "type": "Point", "coordinates": [ 73.157765624726096, 28.170026938626901, 0.0 ] } },
{ "type": "Feature", "properties": { "Name": "SCB 19.3.01" }, "geometry": { "type": "Point", "coordinates": [ 73.1589869618183, 28.170662978669501, 0.0 ] } },
{ "type": "Feature", "properties": { "Name": "SCB 19.2.19" }, "geometry": { "type": "Point", "coordinates": [ 73.155392878830895, 28.171210747987399, 0.0 ] } },
{ "type": "Feature", "properties": { "Name": "SCB 19.2.18" }, "geometry": { "type": "Point", "coordinates": [ 73.155727938238101, 28.171269408825001, 0.0 ] } },
{ "type": "Feature", "properties": { "Name": "SCB 19.2.17" }, "geometry": { "type": "Point", "coordinates": [ 73.156175922675203, 28.171275442991099, 0.0 ] } },
{ "type": "Feature", "properties": { "Name": "SCB 19.2.16" }, "geometry": { "type": "Point", "coordinates": [ 73.156623907250705, 28.171281475693, 0.0 ] } },
{ "type": "Feature", "properties": { "Name": "SCB 19.2.15" }, "geometry": { "type": "Point", "coordinates": [ 73.157071891964506, 28.1712875069306, 0.0 ] } },
{ "type": "Feature", "properties": { "Name": "SCB 19.2.14" }, "geometry": { "type": "Point", "coordinates": [ 73.157631873051201, 28.171295043918509, 0.0 ] } },
{ "type": "Feature", "properties": { "Name": "SCB 19.2.13" }, "geometry": { "type": "Point", "coordinates": [ 73.158079858076107, 28.171301071861599, 0.0 ] } },
{ "type": "Feature", "properties": { "Name": "SCB 19.2.12" }, "geometry": { "type": "Point", "coordinates": [ 73.158527843239199, 28.171307098340499, 0.0 ] } },
{ "type": "Feature", "properties": { "Name": "SCB 19.2.11" }, "geometry": { "type": "Point", "coordinates": [ 73.156501288601007, 28.171899435282398, 0.0 ] } },
{ "type": "Feature", "properties": { "Name": "SCB 19.2.10" }, "geometry": { "type": "Point", "coordinates": [ 73.156949275857997, 28.171905467041999, 0.0 ] } },
{ "type": "Feature", "properties": { "Name": "SCB 19.2.09" }, "geometry": { "type": "Point", "coordinates": [ 73.157621257002901, 28.171914511935999, 0.0 ] } },
{ "type": "Feature", "properties": { "Name": "SCB 19.2.08" }, "geometry": { "type": "Point", "coordinates": [ 73.158069244605599, 28.1719205400349, 0.0 ] } },
{ "type": "Feature", "properties": { "Name": "SCB 19.2.07" }, "geometry": { "type": "Point", "coordinates": [ 73.158517232346497, 28.171926566669601, 0.0 ] } },
{ "type": "Feature", "properties": { "Name": "SCB 19.2.06" }, "geometry": { "type": "Point", "coordinates": [ 73.1571626505756, 28.172527950174501, 0.0 ] } },
{ "type": "Feature", "properties": { "Name": "SCB 19.2.05" }, "geometry": { "type": "Point", "coordinates": [ 73.157610640617904, 28.1725339798937, 0.0 ] } },
{ "type": "Feature", "properties": { "Name": "SCB 19.2.04" }, "geometry": { "type": "Point", "coordinates": [ 73.158058630798493, 28.172540008148498, 0.0 ] } },
{ "type": "Feature", "properties": { "Name": "SCB 19.2.03" }, "geometry": { "type": "Point", "coordinates": [ 73.158506621117297, 28.172546034939, 0.0 ] } },
{ "type": "Feature", "properties": { "Name": "SCB 19.2.02" }, "geometry": { "type": "Point", "coordinates": [ 73.158496009551698, 28.173165503148699, 0.0 ] } },
{ "type": "Feature", "properties": { "Name": "SCB 19.2.01" }, "geometry": { "type": "Point", "coordinates": [ 73.158048016654902, 28.173159476202301, 0.0 ] } },
{ "type": "Feature", "properties": { "Name": "SCB 19.1.18" }, "geometry": { "type": "Point", "coordinates": [ 73.159434944552302, 28.1706690020564, 0.0 ] } },
{ "type": "Feature", "properties": { "Name": "SCB 19.1.17" }, "geometry": { "type": "Point", "coordinates": [ 73.159882927424405, 28.170675023979101, 0.0 ] } },
{ "type": "Feature", "properties": { "Name": "SCB 19.1.16" }, "geometry": { "type": "Point", "coordinates": [ 73.160337959518699, 28.170269090607601, 0.0 ] } },
{ "type": "Feature", "properties": { "Name": "SCB 19.1.15" }, "geometry": { "type": "Point", "coordinates": [ 73.160897936332802, 28.1702766139923, 0.0 ] } },
{ "type": "Feature", "properties": { "Name": "SCB 19.1.14" }, "geometry": { "type": "Point", "coordinates": [ 73.160775343525302, 28.170894578708499, 0.0 ] } },
{ "type": "Feature", "properties": { "Name": "SCB 19.1.13" }, "geometry": { "type": "Point", "coordinates": [ 73.161338872712193, 28.170694585115701, 0.0 ] } },
{ "type": "Feature", "properties": { "Name": "SCB 19.1.12" }, "geometry": { "type": "Point", "coordinates": [ 73.161219951430695, 28.171097997496499, 0.0 ] } },
{ "type": "Feature", "properties": { "Name": "SCB 19.1.11" }, "geometry": { "type": "Point", "coordinates": [ 73.161439750165798, 28.171346234762101, 0.0 ] } },
{ "type": "Feature", "properties": { "Name": "SCB 19.1.10" }, "geometry": { "type": "Point", "coordinates": [ 73.160772491103899, 28.1710613127172, 0.0 ] } },
{ "type": "Feature", "properties": { "Name": "SCB 19.1.09" }, "geometry": { "type": "Point", "coordinates": [ 73.160437845670501, 28.170978303646798, 0.0 ] } },
{ "type": "Feature", "properties": { "Name": "SCB 19.1.08" }, "geometry": { "type": "Point", "coordinates": [ 73.159987993092003, 28.1710814454858, 0.0 ] } },
{ "type": "Feature", "properties": { "Name": "SCB 19.1.07" }, "geometry": { "type": "Point", "coordinates": [ 73.1595400085004, 28.1710754238274, 0.0 ] } },
{ "type": "Feature", "properties": { "Name": "SCB 19.1.06" }, "geometry": { "type": "Point", "coordinates": [ 73.159092024046998, 28.171069400704699, 0.0 ] } },
{ "type": "Feature", "properties": { "Name": "SCB 19.1.05" }, "geometry": { "type": "Point", "coordinates": [ 73.159311817607005, 28.171317641155099, 0.0 ] } },
{ "type": "Feature", "properties": { "Name": "SCB 19.1.04" }, "geometry": { "type": "Point", "coordinates": [ 73.159983795973304, 28.171326674284298, 0.0 ] } },
{ "type": "Feature", "properties": { "Name": "SCB 19.1.03" }, "geometry": { "type": "Point", "coordinates": [ 73.159637202303202, 28.171941626850099, 0.0 ] } },
{ "type": "Feature", "properties": { "Name": "SCB 19.1.02" }, "geometry": { "type": "Point", "coordinates": [ 73.159189214216894, 28.171935603876101, 0.0 ] } },
{ "type": "Feature", "properties": { "Name": "SCB 19.1.01" }, "geometry": { "type": "Point", "coordinates": [ 73.1590666092101, 28.172553566367998, 0.0 ] } },
{ "type": "Feature", "properties": { "Name": "SCB 18.4.18" }, "geometry": { "type": "Point", "coordinates": [ 73.152234982087705, 28.165930991930502, 0.0 ] } },
{ "type": "Feature", "properties": { "Name": "SCB 18.4.17" }, "geometry": { "type": "Point", "coordinates": [ 73.152789716960598, 28.166242231297499, 0.0 ] } },
{ "type": "Feature", "properties": { "Name": "SCB 18.4.16" }, "geometry": { "type": "Point", "coordinates": [ 73.153237679716099, 28.166248274089199, 0.0 ] } },
{ "type": "Feature", "properties": { "Name": "SCB 18.4.15" }, "geometry": { "type": "Point", "coordinates": [ 73.153797633355396, 28.1662558255201, 0.0 ] } },
{ "type": "Feature", "properties": { "Name": "SCB 18.4.14" }, "geometry": { "type": "Point", "coordinates": [ 73.154245596422598, 28.166261865017901, 0.0 ] } },
{ "type": "Feature", "properties": { "Name": "SCB 18.4.13" }, "geometry": { "type": "Point", "coordinates": [ 73.154122971686704, 28.166879822530799, 0.0 ] } },
{ "type": "Feature", "properties": { "Name": "SCB 18.4.12" }, "geometry": { "type": "Point", "coordinates": [ 73.153563014696203, 28.1668722722771, 0.0 ] } },
{ "type": "Feature", "properties": { "Name": "SCB 18.4.11" }, "geometry": { "type": "Point", "coordinates": [ 73.153003057922106, 28.166864719735901, 0.0 ] } },
{ "type": "Feature", "properties": { "Name": "SCB 18.4.10" }, "geometry": { "type": "Point", "coordinates": [ 73.152560310253307, 28.166554992209001, 0.0 ] } },
{ "type": "Feature", "properties": { "Name": "SCB 18.4.09" }, "geometry": { "type": "Point", "coordinates": [ 73.152112346392002, 28.166548947141798, 0.0 ] } },
{ "type": "Feature", "properties": { "Name": "SCB 18.4.08" }, "geometry": { "type": "Point", "coordinates": [ 73.151781801267404, 28.166228629663902, 0.0 ] } },
{ "type": "Feature", "properties": { "Name": "SCB 18.4.07" }, "geometry": { "type": "Point", "coordinates": [ 73.151221848407801, 28.1662210699985, 0.0 ] } },
{ "type": "Feature", "properties": { "Name": "SCB 18.4.06" }, "geometry": { "type": "Point", "coordinates": [ 73.151435180106901, 28.1668435604515, 0.0 ] } },
{ "type": "Feature", "properties": { "Name": "SCB 18.4.03" }, "geometry": { "type": "Point", "coordinates": [ 73.152776210938697, 28.167028431433899, 0.0 ] } },
{ "type": "Feature", "properties": { "Name": "SCB 18.4.02" }, "geometry": { "type": "Point", "coordinates": [ 73.153336164464505, 28.167036219524299, 0.0 ] } },
{ "type": "Feature", "properties": { "Name": "SCB 18.4.01" }, "geometry": { "type": "Point", "coordinates": [ 73.153784130664903, 28.167042260684301, 0.0 ] } },
{ "type": "Feature", "properties": { "Name": "SCB 18.3.19" }, "geometry": { "type": "Point", "coordinates": [ 73.1565974047965, 28.166293548364099, 0.0 ] } },
{ "type": "Feature", "properties": { "Name": "SCB 18.3.18" }, "geometry": { "type": "Point", "coordinates": [ 73.156149441002697, 28.166287516551801, 0.0 ] } },
{ "type": "Feature", "properties": { "Name": "SCB 18.3.17" }, "geometry": { "type": "Point", "coordinates": [ 73.155813468248098, 28.166282991732, 0.0 ] } },
{ "type": "Feature", "properties": { "Name": "SCB 18.3.16" }, "geometry": { "type": "Point", "coordinates": [ 73.155253513830004, 28.1662754485356, 0.0 ] } },
{ "type": "Feature", "properties": { "Name": "SCB 18.3.15" }, "geometry": { "type": "Point", "coordinates": [ 73.1548055504513, 28.166269412331602, 0.0 ] } },
{ "type": "Feature", "properties": { "Name": "SCB 18.3.14" }, "geometry": { "type": "Point", "coordinates": [ 73.154458945984899, 28.1668843515851, 0.0 ] } },
{ "type": "Feature", "properties": { "Name": "SCB 18.3.13" }, "geometry": { "type": "Point", "coordinates": [ 73.155018903321505, 28.1668918981789, 0.0 ] } },
{ "type": "Feature", "properties": { "Name": "SCB 18.3.12" }, "geometry": { "type": "Point", "coordinates": [ 73.155466869346597, 28.1668979338071, 0.0 ] } },
{ "type": "Feature", "properties": { "Name": "SCB 18.3.11" }, "geometry": { "type": "Point", "coordinates": [ 73.155914835510103, 28.166903967971201, 0.0 ] } },
{ "type": "Feature", "properties": { "Name": "SCB 18.3.10" }, "geometry": { "type": "Point", "coordinates": [ 73.156362801811895, 28.1669100006715, 0.0 ] } },
{ "type": "Feature", "properties": { "Name": "SCB 18.3.09" }, "geometry": { "type": "Point", "coordinates": [ 73.156922759883599, 28.166917539488001, 0.0 ] } },
{ "type": "Feature", "properties": { "Name": "SCB 18.3.08" }, "geometry": { "type": "Point", "coordinates": [ 73.158367516664001, 28.167587274522202, 0.0 ] } },
{ "type": "Feature", "properties": { "Name": "SCB 18.3.07" }, "geometry": { "type": "Point", "coordinates": [ 73.157479861120393, 28.167091809813201, 0.0 ] } },
{ "type": "Feature", "properties": { "Name": "SCB 18.3.06" }, "geometry": { "type": "Point", "coordinates": [ 73.157143885601599, 28.167087288138799, 0.0 ] } },
{ "type": "Feature", "properties": { "Name": "SCB 18.3.05" }, "geometry": { "type": "Point", "coordinates": [ 73.156695918364093, 28.1670812579586, 0.0 ] } },
{ "type": "Feature", "properties": { "Name": "SCB 18.3.05" }, "geometry": { "type": "Point", "coordinates": [ 73.151768287886298, 28.1670148293538, 0.0 ] } },
{ "type": "Feature", "properties": { "Name": "SCB 18.3.04" }, "geometry": { "type": "Point", "coordinates": [ 73.156247951264803, 28.167075226314299, 0.0 ] } },
{ "type": "Feature", "properties": { "Name": "SCB 18.3.04" }, "geometry": { "type": "Point", "coordinates": [ 73.152328021800997, 28.167035379186, 0.0 ] } },
{ "type": "Feature", "properties": { "Name": "SCB 18.3.03" }, "geometry": { "type": "Point", "coordinates": [ 73.155687992585399, 28.167067684700399, 0.0 ] } },
{ "type": "Feature", "properties": { "Name": "SCB 18.3.02" }, "geometry": { "type": "Point", "coordinates": [ 73.155240025797397, 28.1670616497622, 0.0 ] } },
{ "type": "Feature", "properties": { "Name": "SCB 18.3.01" }, "geometry": { "type": "Point", "coordinates": [ 73.154680067507101, 28.1670541040308, 0.0 ] } },
{ "type": "Feature", "properties": { "Name": "SCB 18.2.19" }, "geometry": { "type": "Point", "coordinates": [ 73.152181227791004, 28.169059000439798, 0.0 ] } },
{ "type": "Feature", "properties": { "Name": "SCB 18.2.18" }, "geometry": { "type": "Point", "coordinates": [ 73.152517208527598, 28.169063534577798, 0.0 ] } },
{ "type": "Feature", "properties": { "Name": "SCB 18.2.17" }, "geometry": { "type": "Point", "coordinates": [ 73.152869256507003, 28.168132818461299, 0.0 ] } },
{ "type": "Feature", "properties": { "Name": "SCB 18.2.16" }, "geometry": { "type": "Point", "coordinates": [ 73.152415859761703, 28.1684425568385, 0.0 ] } },
{ "type": "Feature", "properties": { "Name": "SCB 18.2.15" }, "geometry": { "type": "Point", "coordinates": [ 73.1518558951758, 28.168434999222299, 0.0 ] } },
{ "type": "Feature", "properties": { "Name": "SCB 18.2.14" }, "geometry": { "type": "Point", "coordinates": [ 73.1515146955863, 28.168734147139698, 0.0 ] } },
{ "type": "Feature", "properties": { "Name": "SCB 18.2.13" }, "geometry": { "type": "Point", "coordinates": [ 73.151066722914095, 28.168728098224999, 0.0 ] } },
{ "type": "Feature", "properties": { "Name": "SCB 18.2.12" }, "geometry": { "type": "Point", "coordinates": [ 73.151301360325803, 28.1681116567744, 0.0 ] } },
{ "type": "Feature", "properties": { "Name": "SCB 18.2.11" }, "geometry": { "type": "Point", "coordinates": [ 73.1520345312681, 28.167817800372902, 0.0 ] } },
{ "type": "Feature", "properties": { "Name": "SCB 18.2.10" }, "geometry": { "type": "Point", "coordinates": [ 73.152538496544594, 28.1678246015369, 0.0 ] } },
{ "type": "Feature", "properties": { "Name": "SCB 18.2.09" }, "geometry": { "type": "Point", "coordinates": [ 73.153765197944395, 28.1681449028017, 0.0 ] } },
{ "type": "Feature", "properties": { "Name": "SCB 18.2.08" }, "geometry": { "type": "Point", "coordinates": [ 73.154101176126204, 28.168149432919499, 0.0 ] } },
{ "type": "Feature", "properties": { "Name": "SCB 18.2.07" }, "geometry": { "type": "Point", "coordinates": [ 73.154223802873702, 28.167531475609099, 0.0 ] } },
{ "type": "Feature", "properties": { "Name": "SCB 18.2.06" }, "geometry": { "type": "Point", "coordinates": [ 73.153439858353593, 28.167520904966999, 0.0 ] } },
{ "type": "Feature", "properties": { "Name": "SCB 18.2.05" }, "geometry": { "type": "Point", "coordinates": [ 73.152991890246795, 28.167514862587002, 0.0 ] } },
{ "type": "Feature", "properties": { "Name": "SCB 18.2.04" }, "geometry": { "type": "Point", "coordinates": [ 73.152548151035006, 28.167262697622899, 0.0 ] } },
{ "type": "Feature", "properties": { "Name": "SCB 18.2.03" }, "geometry": { "type": "Point", "coordinates": [ 73.152100184229397, 28.167256652377102, 0.0 ] } },
{ "type": "Feature", "properties": { "Name": "SCB 18.2.02" }, "geometry": { "type": "Point", "coordinates": [ 73.151647986758206, 28.167496726663298, 0.0 ] } },
{ "type": "Feature", "properties": { "Name": "SCB 18.2.01" }, "geometry": { "type": "Point", "coordinates": [ 73.151316227296206, 28.167246962887798, 0.0 ] } },
{ "type": "Feature", "properties": { "Name": "SCB 18.1.18" }, "geometry": { "type": "Point", "coordinates": [ 73.154783763504895, 28.167539023322799, 0.0 ] } },
{ "type": "Feature", "properties": { "Name": "SCB 18.1.17" }, "geometry": { "type": "Point", "coordinates": [ 73.155231732165603, 28.167545059846699, 0.0 ] } },
{ "type": "Feature", "properties": { "Name": "SCB 18.1.16" }, "geometry": { "type": "Point", "coordinates": [ 73.155791693186103, 28.1675526034429, 0.0 ] } },
{ "type": "Feature", "properties": { "Name": "SCB 18.1.15" }, "geometry": { "type": "Point", "coordinates": [ 73.1562396621582, 28.167558636672901, 0.0 ] } },
{ "type": "Feature", "properties": { "Name": "SCB 18.1.14" }, "geometry": { "type": "Point", "coordinates": [ 73.156799623567807, 28.167566176151499, 0.0 ] } },
{ "type": "Feature", "properties": { "Name": "SCB 18.1.13" }, "geometry": { "type": "Point", "coordinates": [ 73.157247592850993, 28.167572206087499, 0.0 ] } },
{ "type": "Feature", "properties": { "Name": "SCB 18.1.12" }, "geometry": { "type": "Point", "coordinates": [ 73.157695562272593, 28.1675782345594, 0.0 ] } },
{ "type": "Feature", "properties": { "Name": "SCB 18.1.11" }, "geometry": { "type": "Point", "coordinates": [ 73.157919547035206, 28.1675812482463, 0.0 ] } },
{ "type": "Feature", "properties": { "Name": "SCB 18.1.10" }, "geometry": { "type": "Point", "coordinates": [ 73.157572955231103, 28.168196195915499, 0.0 ] } },
{ "type": "Feature", "properties": { "Name": "SCB 18.1.09" }, "geometry": { "type": "Point", "coordinates": [ 73.157124983266797, 28.168190166921701, 0.0 ] } },
{ "type": "Feature", "properties": { "Name": "SCB 18.1.08" }, "geometry": { "type": "Point", "coordinates": [ 73.156565018506001, 28.168182628620599, 0.0 ] } },
{ "type": "Feature", "properties": { "Name": "SCB 18.1.07" }, "geometry": { "type": "Point", "coordinates": [ 73.156117046852799, 28.1681765963327, 0.0 ] } },
{ "type": "Feature", "properties": { "Name": "SCB 18.1.06" }, "geometry": { "type": "Point", "coordinates": [ 73.155781068203794, 28.168172071156, 0.0 ] } },
{ "type": "Feature", "properties": { "Name": "SCB 18.1.05" }, "geometry": { "type": "Point", "coordinates": [ 73.155221103961594, 28.168164527364699, 0.0 ] } },
{ "type": "Feature", "properties": { "Name": "SCB 18.1.04" }, "geometry": { "type": "Point", "coordinates": [ 73.154773132723605, 28.1681584906847, 0.0 ] } },
{ "type": "Feature", "properties": { "Name": "SCB 18.1.03" }, "geometry": { "type": "Point", "coordinates": [ 73.155770442884503, 28.168791538809309, 0.0 ] } },
{ "type": "Feature", "properties": { "Name": "SCB 18.1.02" }, "geometry": { "type": "Point", "coordinates": [ 73.155210475420603, 28.168783994822899, 0.0 ] } },
{ "type": "Feature", "properties": { "Name": "SCB 18.1.01" }, "geometry": { "type": "Point", "coordinates": [ 73.154762501605305, 28.168777957986801, 0.0 ] } },
{ "type": "Feature", "properties": { "Name": "SCB 17.4.19" }, "geometry": { "type": "Point", "coordinates": [ 73.145856993285605, 28.165528916416001, 0.0 ] } },
{ "type": "Feature", "properties": { "Name": "SCB 17.4.18" }, "geometry": { "type": "Point", "coordinates": [ 73.147862135803706, 28.166175663971501, 0.0 ] } },
{ "type": "Feature", "properties": { "Name": "SCB 17.4.17" }, "geometry": { "type": "Point", "coordinates": [ 73.147302184462504, 28.166168088294601, 0.0 ] } },
{ "type": "Feature", "properties": { "Name": "SCB 17.4.16" }, "geometry": { "type": "Point", "coordinates": [ 73.146854223546001, 28.166162026106299, 0.0 ] } },
{ "type": "Feature", "properties": { "Name": "SCB 17.4.15" }, "geometry": { "type": "Point", "coordinates": [ 73.146406262768394, 28.166155962453999, 0.0 ] } },
{ "type": "Feature", "properties": { "Name": "SCB 17.4.14" }, "geometry": { "type": "Point", "coordinates": [ 73.146507575183094, 28.1667769430939, 0.0 ] } },
{ "type": "Feature", "properties": { "Name": "SCB 17.4.13" }, "geometry": { "type": "Point", "coordinates": [ 73.146955538572399, 28.166783006536999, 0.0 ] } },
{ "type": "Feature", "properties": { "Name": "SCB 17.4.12" }, "geometry": { "type": "Point", "coordinates": [ 73.147403502100801, 28.166789068516199, 0.0 ] } },
{ "type": "Feature", "properties": { "Name": "SCB 17.4.11" }, "geometry": { "type": "Point", "coordinates": [ 73.147963456706805, 28.166796643931502, 0.0 ] } },
{ "type": "Feature", "properties": { "Name": "SCB 17.4.10" }, "geometry": { "type": "Point", "coordinates": [ 73.148299429574607, 28.166801188082701, 0.0 ] } },
{ "type": "Feature", "properties": { "Name": "SCB 17.4.09" }, "geometry": { "type": "Point", "coordinates": [ 73.148071224129694, 28.167043386042, 0.0 ] } },
{ "type": "Feature", "properties": { "Name": "SCB 17.4.08" }, "geometry": { "type": "Point", "coordinates": [ 73.147511268204994, 28.167035811006599, 0.0 ] } },
{ "type": "Feature", "properties": { "Name": "SCB 17.4.07" }, "geometry": { "type": "Point", "coordinates": [ 73.147063303621707, 28.167029749331409, 0.0 ] } },
{ "type": "Feature", "properties": { "Name": "SCB 17.4.06" }, "geometry": { "type": "Point", "coordinates": [ 73.146503348088004, 28.167022170178701, 0.0 ] } },
{ "type": "Feature", "properties": { "Name": "SCB 17.4.05" }, "geometry": { "type": "Point", "coordinates": [ 73.146059611932799, 28.166770878186899, 0.0 ] } },
{ "type": "Feature", "properties": { "Name": "SCB 17.4.04" }, "geometry": { "type": "Point", "coordinates": [ 73.146055383817497, 28.167016105209491, 0.0 ] } },
{ "type": "Feature", "properties": { "Name": "SCB 17.4.03" }, "geometry": { "type": "Point", "coordinates": [ 73.145719410705894, 28.167011555521999, 0.0 ] } },
{ "type": "Feature", "properties": { "Name": "SCB 17.4.02" }, "geometry": { "type": "Point", "coordinates": [ 73.145141784647905, 28.168028347952401, 0.0 ] } },
{ "type": "Feature", "properties": { "Name": "SCB 17.4.01" }, "geometry": { "type": "Point", "coordinates": [ 73.144811606196996, 28.167687777395599, 0.0 ] } },
{ "type": "Feature", "properties": { "Name": "SCB 17.3.19" }, "geometry": { "type": "Point", "coordinates": [ 73.146304951312402, 28.1655349817412, 0.0 ] } },
{ "type": "Feature", "properties": { "Name": "SCB 17.3.18" }, "geometry": { "type": "Point", "coordinates": [ 73.146696914699803, 28.165540287700001, 0.0 ] } },
{ "type": "Feature", "properties": { "Name": "SCB 17.3.17" }, "geometry": { "type": "Point", "coordinates": [ 73.147200867782999, 28.165547108000201, 0.0 ] } },
{ "type": "Feature", "properties": { "Name": "SCB 17.3.16" }, "geometry": { "type": "Point", "coordinates": [ 73.147648826226799, 28.165553168933901, 0.0 ] } },
{ "type": "Feature", "properties": { "Name": "SCB 17.3.15" }, "geometry": { "type": "Point", "coordinates": [ 73.148208774477098, 28.165560743042501, 0.0 ] } },
{ "type": "Feature", "properties": { "Name": "SCB 17.3.14" }, "geometry": { "type": "Point", "coordinates": [ 73.148656733233494, 28.165566800682502, 0.0 ] } },
{ "type": "Feature", "properties": { "Name": "SCB 17.3.13" }, "geometry": { "type": "Point", "coordinates": [ 73.149216681874407, 28.165574370674001, 0.0 ] } },
{ "type": "Feature", "properties": { "Name": "SCB 17.3.12" }, "geometry": { "type": "Point", "coordinates": [ 73.149552651163006, 28.165578911571, 0.0 ] } },
{ "type": "Feature", "properties": { "Name": "SCB 17.3.11" }, "geometry": { "type": "Point", "coordinates": [ 73.150000610336093, 28.165584964819399, 0.0 ] } },
{ "type": "Feature", "properties": { "Name": "SCB 17.3.10" }, "geometry": { "type": "Point", "coordinates": [ 73.149787289139098, 28.164962472533102, 0.0 ] } },
{ "type": "Feature", "properties": { "Name": "SCB 17.3.09" }, "geometry": { "type": "Point", "coordinates": [ 73.150235245804595, 28.164968524893101, 0.0 ] } },
{ "type": "Feature", "properties": { "Name": "SCB 17.3.08" }, "geometry": { "type": "Point", "coordinates": [ 73.150683202608903, 28.164974575789198, 0.0 ] } },
{ "type": "Feature", "properties": { "Name": "SCB 17.3.07" }, "geometry": { "type": "Point", "coordinates": [ 73.150560559497507, 28.165592529321401, 0.0 ] } },
{ "type": "Feature", "properties": { "Name": "SCB 17.3.06" }, "geometry": { "type": "Point", "coordinates": [ 73.150885876796096, 28.166216533101299, 0.0 ] } },
{ "type": "Feature", "properties": { "Name": "SCB 17.3.05" }, "geometry": { "type": "Point", "coordinates": [ 73.150325924283294, 28.1662089697761, 0.0 ] } },
{ "type": "Feature", "properties": { "Name": "SCB 17.3.04" }, "geometry": { "type": "Point", "coordinates": [ 73.149877962429201, 28.166202917469001, 0.0 ] } },
{ "type": "Feature", "properties": { "Name": "SCB 17.3.03" }, "geometry": { "type": "Point", "coordinates": [ 73.1493180103067, 28.166195350026609, 0.0 ] } },
{ "type": "Feature", "properties": { "Name": "SCB 17.3.02" }, "geometry": { "type": "Point", "coordinates": [ 73.148870048764906, 28.166189294425699, 0.0 ] } },
{ "type": "Feature", "properties": { "Name": "SCB 17.3.01" }, "geometry": { "type": "Point", "coordinates": [ 73.148310097033004, 28.166181722866099, 0.0 ] } },
{ "type": "Feature", "properties": { "Name": "SCB 17.2.18" }, "geometry": { "type": "Point", "coordinates": [ 73.148400225148293, 28.167452843784702, 0.0 ] } },
{ "type": "Feature", "properties": { "Name": "SCB 17.2.17" }, "geometry": { "type": "Point", "coordinates": [ 73.1478402669877, 28.167445269993799, 0.0 ] } },
{ "type": "Feature", "properties": { "Name": "SCB 17.2.16" }, "geometry": { "type": "Point", "coordinates": [ 73.147392300615493, 28.1674392093141, 0.0 ] } },
{ "type": "Feature", "properties": { "Name": "SCB 17.2.15" }, "geometry": { "type": "Point", "coordinates": [ 73.146832342845798, 28.167431631405702, 0.0 ] } },
{ "type": "Feature", "properties": { "Name": "SCB 17.2.14" }, "geometry": { "type": "Point", "coordinates": [ 73.146384376786401, 28.167425567432101, 0.0 ] } },
{ "type": "Feature", "properties": { "Name": "SCB 17.2.13" }, "geometry": { "type": "Point", "coordinates": [ 73.145824419407802, 28.167417985406299, 0.0 ] } },
{ "type": "Feature", "properties": { "Name": "SCB 17.2.12" }, "geometry": { "type": "Point", "coordinates": [ 73.145376453661299, 28.167411918138701, 0.0 ] } },
{ "type": "Feature", "properties": { "Name": "SCB 17.2.11" }, "geometry": { "type": "Point", "coordinates": [ 73.145701744987306, 28.168035932919199, 0.0 ] } },
{ "type": "Feature", "properties": { "Name": "SCB 17.2.10" }, "geometry": { "type": "Point", "coordinates": [ 73.146373697681398, 28.168045031859901, 0.0 ] } },
{ "type": "Feature", "properties": { "Name": "SCB 17.2.09" }, "geometry": { "type": "Point", "coordinates": [ 73.146821666318004, 28.1680510959904, 0.0 ] } },
{ "type": "Feature", "properties": { "Name": "SCB 17.2.08" }, "geometry": { "type": "Point", "coordinates": [ 73.147381627309301, 28.168058674094699, 0.0 ] } },
{ "type": "Feature", "properties": { "Name": "SCB 17.3.07" }, "geometry": { "type": "Point", "coordinates": [ 73.147829596258703, 28.1680647349312, 0.0 ] } },
{ "type": "Feature", "properties": { "Name": "SCB 17.2.06" }, "geometry": { "type": "Point", "coordinates": [ 73.148389557640897, 28.168072308917999, 0.0 ] } },
{ "type": "Feature", "properties": { "Name": "SCB 17.2.05" }, "geometry": { "type": "Point", "coordinates": [ 73.147818925191402, 28.168684199808801, 0.0 ] } },
{ "type": "Feature", "properties": { "Name": "SCB 17.2.04" }, "geometry": { "type": "Point", "coordinates": [ 73.147370953664705, 28.168678138815601, 0.0 ] } },
{ "type": "Feature", "properties": { "Name": "SCB 17.2.03" }, "geometry": { "type": "Point", "coordinates": [ 73.146810989451794, 28.168670560515299, 0.0 ] } },
{ "type": "Feature", "properties": { "Name": "SCB 17.2.02" }, "geometry": { "type": "Point", "coordinates": [ 73.146363018237807, 28.1686644962281, 0.0 ] } },
{ "type": "Feature", "properties": { "Name": "SCB 17.2.01" }, "geometry": { "type": "Point", "coordinates": [ 73.145915047163001, 28.1686584304767, 0.0 ] } },
{ "type": "Feature", "properties": { "Name": "SCB 17.1.18" }, "geometry": { "type": "Point", "coordinates": [ 73.148859384527896, 28.166808759838101, 0.0 ] } },
{ "type": "Feature", "properties": { "Name": "SCB 17.1.17" }, "geometry": { "type": "Point", "coordinates": [ 73.149419339698099, 28.166816329306201, 0.0 ] } },
{ "type": "Feature", "properties": { "Name": "SCB 17.1.16" }, "geometry": { "type": "Point", "coordinates": [ 73.149867303990504, 28.166822383233701, 0.0 ] } },
{ "type": "Feature", "properties": { "Name": "SCB 17.1.15" }, "geometry": { "type": "Point", "coordinates": [ 73.150427259551293, 28.1668299485844, 0.0 ] } },
{ "type": "Feature", "properties": { "Name": "SCB 17.1.14" }, "geometry": { "type": "Point", "coordinates": [ 73.150875224155996, 28.166835999218101, 0.0 ] } },
{ "type": "Feature", "properties": { "Name": "SCB 17.1.13" }, "geometry": { "type": "Point", "coordinates": [ 73.150868260868194, 28.167240913615899, 0.0 ] } },
{ "type": "Feature", "properties": { "Name": "SCB 17.1.12" }, "geometry": { "type": "Point", "coordinates": [ 73.150420294579007, 28.167234862880001, 0.0 ] } },
{ "type": "Feature", "properties": { "Name": "SCB 17.1.11" }, "geometry": { "type": "Point", "coordinates": [ 73.149972328428504, 28.167228810680101, 0.0 ] } },
{ "type": "Feature", "properties": { "Name": "SCB 17.1.10" }, "geometry": { "type": "Point", "coordinates": [ 73.149412370935593, 28.1672212433715, 0.0 ] } },
{ "type": "Feature", "properties": { "Name": "SCB 17.1.09" }, "geometry": { "type": "Point", "coordinates": [ 73.148964405097402, 28.167215187877702, 0.0 ] } },
{ "type": "Feature", "properties": { "Name": "SCB 17.1.08" }, "geometry": { "type": "Point", "coordinates": [ 73.148960183526, 28.1674604152882, 0.0 ] } },
{ "type": "Feature", "properties": { "Name": "SCB 17.1.07" }, "geometry": { "type": "Point", "coordinates": [ 73.149408150384303, 28.167466470844001, 0.0 ] } },
{ "type": "Feature", "properties": { "Name": "SCB 17.1.06" }, "geometry": { "type": "Point", "coordinates": [ 73.149968109152596, 28.167474038230001, 0.0 ] } },
{ "type": "Feature", "properties": { "Name": "SCB 17.1.05" }, "geometry": { "type": "Point", "coordinates": [ 73.150416076323296, 28.1674800904919, 0.0 ] } },
{ "type": "Feature", "properties": { "Name": "SCB 17.1.04" }, "geometry": { "type": "Point", "coordinates": [ 73.151088027339497, 28.167489166139699, 0.0 ] } },
{ "type": "Feature", "properties": { "Name": "SCB 17.1.03" }, "geometry": { "type": "Point", "coordinates": [ 73.150741397815594, 28.1681040946827, 0.0 ] } },
{ "type": "Feature", "properties": { "Name": "SCB 17.1.02" }, "geometry": { "type": "Point", "coordinates": [ 73.1501814355222, 28.1680965303036, 0.0 ] } },
{ "type": "Feature", "properties": { "Name": "SCB 17.1.01" }, "geometry": { "type": "Point", "coordinates": [ 73.149733465843596, 28.1680904771532, 0.0 ] } },
{ "type": "Feature", "properties": { "Name": "SCB 16.4.18" }, "geometry": { "type": "Point", "coordinates": [ 73.152096157583202, 28.160972234661099, 0.0 ] } },
{ "type": "Feature", "properties": { "Name": "SCB 16.4.17" }, "geometry": { "type": "Point", "coordinates": [ 73.151754983565397, 28.161271384638301, 0.0 ] } },
{ "type": "Feature", "properties": { "Name": "SCB 16.4.16" }, "geometry": { "type": "Point", "coordinates": [ 73.151307041908893, 28.1612653379742, 0.0 ] } },
{ "type": "Feature", "properties": { "Name": "SCB 16.4.15" }, "geometry": { "type": "Point", "coordinates": [ 73.151520366002302, 28.1618878282796, 0.0 ] } },
{ "type": "Feature", "properties": { "Name": "SCB 16.4.14" }, "geometry": { "type": "Point", "coordinates": [ 73.152533457464102, 28.161597745858799, 0.0 ] } },
{ "type": "Feature", "properties": { "Name": "SCB 16.4.13" }, "geometry": { "type": "Point", "coordinates": [ 73.153546751577196, 28.161295556658899, 0.0 ] } },
{ "type": "Feature", "properties": { "Name": "SCB 16.4.12" }, "geometry": { "type": "Point", "coordinates": [ 73.1533121440428, 28.161912003852599, 0.0 ] } },
{ "type": "Feature", "properties": { "Name": "SCB 16.4.11" }, "geometry": { "type": "Point", "coordinates": [ 73.152976185491298, 28.1619074727165, 0.0 ] } },
{ "type": "Feature", "properties": { "Name": "SCB 16.4.10" }, "geometry": { "type": "Point", "coordinates": [ 73.152522816371601, 28.1622172129705, 0.0 ] } },
{ "type": "Feature", "properties": { "Name": "SCB 16.4.09" }, "geometry": { "type": "Point", "coordinates": [ 73.152074870582695, 28.1622111686316, 0.0 ] } },
{ "type": "Feature", "properties": { "Name": "SCB 16.4.08" }, "geometry": { "type": "Point", "coordinates": [ 73.151509718947196, 28.162507295010201, 0.0 ] } },
{ "type": "Feature", "properties": { "Name": "SCB 16.4.07" }, "geometry": { "type": "Point", "coordinates": [ 73.152853559999301, 28.162525429354499, 0.0 ] } },
{ "type": "Feature", "properties": { "Name": "SCB 16.4.06" }, "geometry": { "type": "Point", "coordinates": [ 73.153413494139102, 28.162532981443299, 0.0 ] } },
{ "type": "Feature", "properties": { "Name": "SCB 16.4.05" }, "geometry": { "type": "Point", "coordinates": [ 73.153073322262202, 28.162773678613402, 0.0 ] } },
{ "type": "Feature", "properties": { "Name": "SCB 16.4.04" }, "geometry": { "type": "Point", "coordinates": [ 73.152403873750899, 28.162620617045601, 0.0 ] } },
{ "type": "Feature", "properties": { "Name": "SCB 16.4.03" }, "geometry": { "type": "Point", "coordinates": [ 73.151955926312496, 28.162614572238599, 0.0 ] } },
{ "type": "Feature", "properties": { "Name": "SCB 16.4.02" }, "geometry": { "type": "Point", "coordinates": [ 73.151951712373602, 28.162859800229, 0.0 ] } },
{ "type": "Feature", "properties": { "Name": "SCB 16.4.01" }, "geometry": { "type": "Point", "coordinates": [ 73.151505504010103, 28.162752522942501, 0.0 ] } },
{ "type": "Feature", "properties": { "Name": "SCB 16.3.18" }, "geometry": { "type": "Point", "coordinates": [ 73.153994693926506, 28.161301596005, 0.0 ] } },
{ "type": "Feature", "properties": { "Name": "SCB 16.3.17" }, "geometry": { "type": "Point", "coordinates": [ 73.154554622057901, 28.1613091431295, 0.0 ] } },
{ "type": "Feature", "properties": { "Name": "SCB 16.3.16" }, "geometry": { "type": "Point", "coordinates": [ 73.1550025647187, 28.161315179182399, 0.0 ] } },
{ "type": "Feature", "properties": { "Name": "SCB 16.3.15" }, "geometry": { "type": "Point", "coordinates": [ 73.155450507517898, 28.161321213771799, 0.0 ] } },
{ "type": "Feature", "properties": { "Name": "SCB 16.3.14" }, "geometry": { "type": "Point", "coordinates": [ 73.156340122598195, 28.161699100506599, 0.0 ] } },
{ "type": "Feature", "properties": { "Name": "SCB 16.3.13" }, "geometry": { "type": "Point", "coordinates": [ 73.156005092286506, 28.161640442481598, 0.0 ] } },
{ "type": "Feature", "properties": { "Name": "SCB 16.3.12" }, "geometry": { "type": "Point", "coordinates": [ 73.155781120135003, 28.161637426245399, 0.0 ] } },
{ "type": "Feature", "properties": { "Name": "SCB 16.3.11" }, "geometry": { "type": "Point", "coordinates": [ 73.154991937968802, 28.161934647183699, 0.0 ] } },
{ "type": "Feature", "properties": { "Name": "SCB 16.3.10" }, "geometry": { "type": "Point", "coordinates": [ 73.154543992731504, 28.161928610974591, 0.0 ] } },
{ "type": "Feature", "properties": { "Name": "SCB 16.3.09" }, "geometry": { "type": "Point", "coordinates": [ 73.153984061379504, 28.161921063655001, 0.0 ] } },
{ "type": "Feature", "properties": { "Name": "SCB 16.3.08" }, "geometry": { "type": "Point", "coordinates": [ 73.153973428495405, 28.162540531245199, 0.0 ] } },
{ "type": "Feature", "properties": { "Name": "SCB 16.3.07" }, "geometry": { "type": "Point", "coordinates": [ 73.154533363067998, 28.16254807876, 0.0 ] } },
{ "type": "Feature", "properties": { "Name": "SCB 16.3.06" }, "geometry": { "type": "Point", "coordinates": [ 73.154981310881894, 28.1625541151252, 0.0 ] } },
{ "type": "Feature", "properties": { "Name": "SCB 16.3.05" }, "geometry": { "type": "Point", "coordinates": [ 73.155541245843807, 28.162561658523401, 0.0 ] } },
{ "type": "Feature", "properties": { "Name": "SCB 16.3.04" }, "geometry": { "type": "Point", "coordinates": [ 73.155537668323106, 28.162770256120201, 0.0 ] } },
{ "type": "Feature", "properties": { "Name": "SCB 16.3.03" }, "geometry": { "type": "Point", "coordinates": [ 73.154978450477302, 28.1627208487925, 0.0 ] } },
{ "type": "Feature", "properties": { "Name": "SCB 16.3.02" }, "geometry": { "type": "Point", "coordinates": [ 73.154530501969901, 28.1627148123852, 0.0 ] } },
{ "type": "Feature", "properties": { "Name": "SCB 16.3.01" }, "geometry": { "type": "Point", "coordinates": [ 73.153970566530404, 28.1627072648179, 0.0 ] } },
{ "type": "Feature", "properties": { "Name": "SCB 16.2.19" }, "geometry": { "type": "Point", "coordinates": [ 73.151051122237703, 28.1631207138159, 0.0 ] } },
{ "type": "Feature", "properties": { "Name": "SCB 16.2.18" }, "geometry": { "type": "Point", "coordinates": [ 73.151610531668496, 28.163158949465601, 0.0 ] } },
{ "type": "Feature", "properties": { "Name": "SCB 16.2.17" }, "geometry": { "type": "Point", "coordinates": [ 73.1511625821895, 28.1631529019586, 0.0 ] } },
{ "type": "Feature", "properties": { "Name": "SCB 16.2.16" }, "geometry": { "type": "Point", "coordinates": [ 73.150815968559101, 28.1637678317413, 0.0 ] } },
{ "type": "Feature", "properties": { "Name": "SCB 16.2.15" }, "geometry": { "type": "Point", "coordinates": [ 73.151375908520393, 28.1637753924641, 0.0 ] } },
{ "type": "Feature", "properties": { "Name": "SCB 16.2.14" }, "geometry": { "type": "Point", "coordinates": [ 73.152053055114393, 28.1634807784163, 0.0 ] } },
{ "type": "Feature", "properties": { "Name": "SCB 16.2.13" }, "geometry": { "type": "Point", "coordinates": [ 73.152612993973307, 28.163488334011699, 0.0 ] } },
{ "type": "Feature", "properties": { "Name": "SCB 16.2.12" }, "geometry": { "type": "Point", "coordinates": [ 73.152623635113201, 28.162868866983398, 0.0 ] } },
{ "type": "Feature", "properties": { "Name": "SCB 16.2.11" }, "geometry": { "type": "Point", "coordinates": [ 73.153066368432604, 28.163178593754601, 0.0 ] } },
{ "type": "Feature", "properties": { "Name": "SCB 16.2.10" }, "geometry": { "type": "Point", "coordinates": [ 73.152831753433503, 28.163795039639801, 0.0 ] } },
{ "type": "Feature", "properties": { "Name": "SCB 16.2.09" }, "geometry": { "type": "Point", "coordinates": [ 73.152933101854103, 28.1644160173771, 0.0 ] } },
{ "type": "Feature", "properties": { "Name": "SCB 16.2.08" }, "geometry": { "type": "Point", "coordinates": [ 73.152378375637994, 28.164104778938391, 0.0 ] } },
{ "type": "Feature", "properties": { "Name": "SCB 16.2.07" }, "geometry": { "type": "Point", "coordinates": [ 73.151930422026098, 28.164098733756902, 0.0 ] } },
{ "type": "Feature", "properties": { "Name": "SCB 16.2.06" }, "geometry": { "type": "Point", "coordinates": [ 73.151589237124895, 28.164397882700399, 0.0 ] } },
{ "type": "Feature", "properties": { "Name": "SCB 16.2.05" }, "geometry": { "type": "Point", "coordinates": [ 73.151141282492503, 28.1643918348806, 0.0 ] } },
{ "type": "Feature", "properties": { "Name": "SCB 16.2.04" }, "geometry": { "type": "Point", "coordinates": [ 73.151242621426704, 28.1650128133832, 0.0 ] } },
{ "type": "Feature", "properties": { "Name": "SCB 16.2.03" }, "geometry": { "type": "Point", "coordinates": [ 73.151578589346698, 28.165017349228101, 0.0 ] } },
{ "type": "Feature", "properties": { "Name": "SCB 16.2.02" }, "geometry": { "type": "Point", "coordinates": [ 73.152031765380201, 28.164719711902901, 0.0 ] } },
{ "type": "Feature", "properties": { "Name": "SCB 16.2.01" }, "geometry": { "type": "Point", "coordinates": [ 73.152479721603498, 28.164725756874802, 0.0 ] } },
{ "type": "Feature", "properties": { "Name": "SCB 16.1.19" }, "geometry": { "type": "Point", "coordinates": [ 73.1536263060393, 28.163186145133601, 0.0 ] } },
{ "type": "Feature", "properties": { "Name": "SCB 16.1.18" }, "geometry": { "type": "Point", "coordinates": [ 73.154074256280495, 28.163192184590091, 0.0 ] } },
{ "type": "Feature", "properties": { "Name": "SCB 16.1.17" }, "geometry": { "type": "Point", "coordinates": [ 73.154634194276696, 28.163199731852401, 0.0 ] } },
{ "type": "Feature", "properties": { "Name": "SCB 16.1.16" }, "geometry": { "type": "Point", "coordinates": [ 73.155082144829393, 28.163205768015501, 0.0 ] } },
{ "type": "Feature", "properties": { "Name": "SCB 16.1.15" }, "geometry": { "type": "Point", "coordinates": [ 73.154735552835902, 28.1638207087714, 0.0 ] } },
{ "type": "Feature", "properties": { "Name": "SCB 16.1.14" }, "geometry": { "type": "Point", "coordinates": [ 73.154287599810303, 28.163814671354402, 0.0 ] } },
{ "type": "Feature", "properties": { "Name": "SCB 16.1.13" }, "geometry": { "type": "Point", "coordinates": [ 73.153839646923103, 28.163808632473501, 0.0 ] } },
{ "type": "Feature", "properties": { "Name": "SCB 16.1.12" }, "geometry": { "type": "Point", "coordinates": [ 73.153391694174502, 28.163802592128899, 0.0 ] } },
{ "type": "Feature", "properties": { "Name": "SCB 16.1.11" }, "geometry": { "type": "Point", "coordinates": [ 73.153493045859406, 28.1644235696041, 0.0 ] } },
{ "type": "Feature", "properties": { "Name": "SCB 16.1.10" }, "geometry": { "type": "Point", "coordinates": [ 73.153941001219494, 28.164429609738999, 0.0 ] } },
{ "type": "Feature", "properties": { "Name": "SCB 16.1.09" }, "geometry": { "type": "Point", "coordinates": [ 73.154388956718094, 28.164435648410102, 0.0 ] } },
{ "type": "Feature", "properties": { "Name": "SCB 16.1.08" }, "geometry": { "type": "Point", "coordinates": [ 73.154836912355094, 28.164441685617302, 0.0 ] } },
{ "type": "Feature", "properties": { "Name": "SCB 16.1.07" }, "geometry": { "type": "Point", "coordinates": [ 73.1558341897465, 28.1650747319933, 0.0 ] } },
{ "type": "Feature", "properties": { "Name": "SCB 16.1.06" }, "geometry": { "type": "Point", "coordinates": [ 73.155274241611494, 28.1650671891774, 0.0 ] } },
{ "type": "Feature", "properties": { "Name": "SCB 16.1.05" }, "geometry": { "type": "Point", "coordinates": [ 73.154826283259197, 28.1650611532779, 0.0 ] } },
{ "type": "Feature", "properties": { "Name": "SCB 16.1.04" }, "geometry": { "type": "Point", "coordinates": [ 73.1543783250453, 28.165055115914502, 0.0 ] } },
{ "type": "Feature", "properties": { "Name": "SCB 16.1.03" }, "geometry": { "type": "Point", "coordinates": [ 73.153930366969803, 28.1650490770873, 0.0 ] } },
{ "type": "Feature", "properties": { "Name": "SCB 16.1.02" }, "geometry": { "type": "Point", "coordinates": [ 73.153482409032904, 28.165043036796199, 0.0 ] } },
{ "type": "Feature", "properties": { "Name": "SCB 16.1.01" }, "geometry": { "type": "Point", "coordinates": [ 73.153034451234504, 28.165036995041302, 0.0 ] } },
{ "type": "Feature", "properties": { "Name": "SCB 15.4.18" }, "geometry": { "type": "Point", "coordinates": [ 73.147376887784503, 28.1618318325731, 0.0 ] } },
{ "type": "Feature", "properties": { "Name": "SCB 15.4.17" }, "geometry": { "type": "Point", "coordinates": [ 73.146928944905099, 28.1618257714821, 0.0 ] } },
{ "type": "Feature", "properties": { "Name": "SCB 15.4.16" }, "geometry": { "type": "Point", "coordinates": [ 73.146369016501396, 28.1618181930601, 0.0 ] } },
{ "type": "Feature", "properties": { "Name": "SCB 15.4.15" }, "geometry": { "type": "Point", "coordinates": [ 73.145921073934801, 28.161812128676001, 0.0 ] } },
{ "type": "Feature", "properties": { "Name": "SCB 15.4.14" }, "geometry": { "type": "Point", "coordinates": [ 73.145361145922195, 28.1618045461375, 0.0 ] } },
{ "type": "Feature", "properties": { "Name": "SCB 15.4.13" }, "geometry": { "type": "Point", "coordinates": [ 73.144913203668594, 28.161798478460199, 0.0 ] } },
{ "type": "Feature", "properties": { "Name": "SCB 15.4.12" }, "geometry": { "type": "Point", "coordinates": [ 73.144902518609996, 28.162417942880001, 0.0 ] } },
{ "type": "Feature", "properties": { "Name": "SCB 15.4.11" }, "geometry": { "type": "Point", "coordinates": [ 73.145350463440096, 28.162424010714201, 0.0 ] } },
{ "type": "Feature", "properties": { "Name": "SCB 15.4.10" }, "geometry": { "type": "Point", "coordinates": [ 73.145910394673294, 28.162431593448702, 0.0 ] } },
{ "type": "Feature", "properties": { "Name": "SCB 15.4.09" }, "geometry": { "type": "Point", "coordinates": [ 73.146358339816302, 28.162437657989798, 0.0 ] } },
{ "type": "Feature", "properties": { "Name": "SCB 15.4.08" }, "geometry": { "type": "Point", "coordinates": [ 73.146918271440697, 28.162445236607699, 0.0 ] } },
{ "type": "Feature", "properties": { "Name": "SCB 15.4.07" }, "geometry": { "type": "Point", "coordinates": [ 73.147366216896501, 28.162451297855501, 0.0 ] } },
{ "type": "Feature", "properties": { "Name": "SCB 15.4.06" }, "geometry": { "type": "Point", "coordinates": [ 73.1478141624914, 28.1624573576396, 0.0 ] } },
{ "type": "Feature", "properties": { "Name": "SCB 15.4.05" }, "geometry": { "type": "Point", "coordinates": [ 73.147027385077394, 28.162613484976799, 0.0 ] } },
{ "type": "Feature", "properties": { "Name": "SCB 15.4.04" }, "geometry": { "type": "Point", "coordinates": [ 73.146579439032294, 28.162607422589002, 0.0 ] } },
{ "type": "Feature", "properties": { "Name": "SCB 15.4.03" }, "geometry": { "type": "Point", "coordinates": [ 73.146019506671394, 28.162599842546101, 0.0 ] } },
{ "type": "Feature", "properties": { "Name": "SCB 15.4.02" }, "geometry": { "type": "Point", "coordinates": [ 73.145459574527806, 28.162592260216201, 0.0 ] } },
{ "type": "Feature", "properties": { "Name": "SCB 15.4.01" }, "geometry": { "type": "Point", "coordinates": [ 73.145011628969499, 28.1625861927056, 0.0 ] } },
{ "type": "Feature", "properties": { "Name": "SCB 15.3.18" }, "geometry": { "type": "Point", "coordinates": [ 73.1490673357074, 28.161235082699299, 0.0 ] } },
{ "type": "Feature", "properties": { "Name": "SCB 15.3.17" }, "geometry": { "type": "Point", "coordinates": [ 73.151072421838705, 28.161881780727199, 0.0 ] } },
{ "type": "Feature", "properties": { "Name": "SCB 15.3.16" }, "geometry": { "type": "Point", "coordinates": [ 73.150512491829303, 28.161874219228501, 0.0 ] } },
{ "type": "Feature", "properties": { "Name": "SCB 15.3.15" }, "geometry": { "type": "Point", "coordinates": [ 73.150064547977905, 28.161868168382899, 0.0 ] } },
{ "type": "Feature", "properties": { "Name": "SCB 15.3.14" }, "geometry": { "type": "Point", "coordinates": [ 73.149504618358705, 28.1618606027677, 0.0 ] } },
{ "type": "Feature", "properties": { "Name": "SCB 15.3.13" }, "geometry": { "type": "Point", "coordinates": [ 73.149056674819505, 28.161854548628899, 0.0 ] } },
{ "type": "Feature", "properties": { "Name": "SCB 15.3.12" }, "geometry": { "type": "Point", "coordinates": [ 73.148608731419202, 28.1618484930266, 0.0 ] } },
{ "type": "Feature", "properties": { "Name": "SCB 15.3.11" }, "geometry": { "type": "Point", "coordinates": [ 73.148374094680307, 28.162464930311501, 0.0 ] } },
{ "type": "Feature", "properties": { "Name": "SCB 15.3.10" }, "geometry": { "type": "Point", "coordinates": [ 73.148934027086298, 28.1624725006963, 0.0 ] } },
{ "type": "Feature", "properties": { "Name": "SCB 15.3.09" }, "geometry": { "type": "Point", "coordinates": [ 73.149381973167294, 28.162478555357598, 0.0 ] } },
{ "type": "Feature", "properties": { "Name": "SCB 15.3.08" }, "geometry": { "type": "Point", "coordinates": [ 73.149941905963701, 28.1624861216258, 0.0 ] } },
{ "type": "Feature", "properties": { "Name": "SCB 15.3.07" }, "geometry": { "type": "Point", "coordinates": [ 73.150389852356994, 28.162492172993801, 0.0 ] } },
{ "type": "Feature", "properties": { "Name": "SCB 15.3.06" }, "geometry": { "type": "Point", "coordinates": [ 73.150949785543702, 28.162499735145499, 0.0 ] } },
{ "type": "Feature", "properties": { "Name": "SCB 15.3.05" }, "geometry": { "type": "Point", "coordinates": [ 73.150385634870005, 28.162737400771299, 0.0 ] } },
{ "type": "Feature", "properties": { "Name": "SCB 15.3.04" }, "geometry": { "type": "Point", "coordinates": [ 73.149937687456699, 28.162731349341399, 0.0 ] } },
{ "type": "Feature", "properties": { "Name": "SCB 15.3.03" }, "geometry": { "type": "Point", "coordinates": [ 73.149377753385295, 28.162723782995599, 0.0 ] } },
{ "type": "Feature", "properties": { "Name": "SCB 15.3.02" }, "geometry": { "type": "Point", "coordinates": [ 73.148929806284301, 28.162717728272401, 0.0 ] } },
{ "type": "Feature", "properties": { "Name": "SCB 15.3.01" }, "geometry": { "type": "Point", "coordinates": [ 73.148369872603396, 28.16271015781, 0.0 ] } },
{ "type": "Feature", "properties": { "Name": "SCB 15.2.19" }, "geometry": { "type": "Point", "coordinates": [ 73.147580511235503, 28.163016230662201, 0.0 ] } },
{ "type": "Feature", "properties": { "Name": "SCB 15.2.18" }, "geometry": { "type": "Point", "coordinates": [ 73.147131043123906, 28.163098408528199, 0.0 ] } },
{ "type": "Feature", "properties": { "Name": "SCB 15.2.17" }, "geometry": { "type": "Point", "coordinates": [ 73.146571108032504, 28.1630908306193, 0.0 ] } },
{ "type": "Feature", "properties": { "Name": "SCB 15.2.16" }, "geometry": { "type": "Point", "coordinates": [ 73.146123160115707, 28.1630847666456, 0.0 ] } },
{ "type": "Feature", "properties": { "Name": "SCB 15.2.15" }, "geometry": { "type": "Point", "coordinates": [ 73.145563225415401, 28.163077184620001, 0.0 ] } },
{ "type": "Feature", "properties": { "Name": "SCB 15.2.14" }, "geometry": { "type": "Point", "coordinates": [ 73.145115277811598, 28.163071117352899, 0.0 ] } },
{ "type": "Feature", "properties": { "Name": "SCB 15.2.13" }, "geometry": { "type": "Point", "coordinates": [ 73.144656643305495, 28.163684512840799, 0.0 ] } },
{ "type": "Feature", "properties": { "Name": "SCB 15.2.12" }, "geometry": { "type": "Point", "coordinates": [ 73.145104593346801, 28.163690581728599, 0.0 ] } },
{ "type": "Feature", "properties": { "Name": "SCB 15.2.11" }, "geometry": { "type": "Point", "coordinates": [ 73.145552543527302, 28.163696649152609, 0.0 ] } },
{ "type": "Feature", "properties": { "Name": "SCB 15.2.10" }, "geometry": { "type": "Point", "coordinates": [ 73.146000493846799, 28.163702715112901, 0.0 ] } },
{ "type": "Feature", "properties": { "Name": "SCB 15.2.09" }, "geometry": { "type": "Point", "coordinates": [ 73.146448444305506, 28.163708779609401, 0.0 ] } },
{ "type": "Feature", "properties": { "Name": "SCB 15.2.08" }, "geometry": { "type": "Point", "coordinates": [ 73.147008382574299, 28.163716358171701, 0.0 ] } },
{ "type": "Feature", "properties": { "Name": "SCB 15.2.07" }, "geometry": { "type": "Point", "coordinates": [ 73.146997708721898, 28.1643358231543, 0.0 ] } },
{ "type": "Feature", "properties": { "Name": "SCB 15.2.06" }, "geometry": { "type": "Point", "coordinates": [ 73.146549755512694, 28.164329760330599, 0.0 ] } },
{ "type": "Feature", "properties": { "Name": "SCB 15.2.05" }, "geometry": { "type": "Point", "coordinates": [ 73.146101802442502, 28.164323696043201, 0.0 ] } },
{ "type": "Feature", "properties": { "Name": "SCB 15.2.04" }, "geometry": { "type": "Point", "coordinates": [ 73.145653849511504, 28.164317630292, 0.0 ] } },
{ "type": "Feature", "properties": { "Name": "SCB 15.2.03" }, "geometry": { "type": "Point", "coordinates": [ 73.145093908543203, 28.164310046044498, 0.0 ] } },
{ "type": "Feature", "properties": { "Name": "SCB 15.2.02" }, "geometry": { "type": "Point", "coordinates": [ 73.144645955925199, 28.1643039769998, 0.0 ] } },
{ "type": "Feature", "properties": { "Name": "SCB 15.2.01" }, "geometry": { "type": "Point", "coordinates": [ 73.144747256991707, 28.164924958536599, 0.0 ] } },
{ "type": "Feature", "properties": { "Name": "SCB 15.1.19" }, "geometry": { "type": "Point", "coordinates": [ 73.150602645535798, 28.1631453405165, 0.0 ] } },
{ "type": "Feature", "properties": { "Name": "SCB 15.1.18" }, "geometry": { "type": "Point", "coordinates": [ 73.150042709098898, 28.163137776787298, 0.0 ] } },
{ "type": "Feature", "properties": { "Name": "SCB 15.1.17" }, "geometry": { "type": "Point", "coordinates": [ 73.149594760105501, 28.1631317241572, 0.0 ] } },
{ "type": "Feature", "properties": { "Name": "SCB 15.1.16" }, "geometry": { "type": "Point", "coordinates": [ 73.149034824059001, 28.163124156311401, 0.0 ] } },
{ "type": "Feature", "properties": { "Name": "SCB 15.1.15" }, "geometry": { "type": "Point", "coordinates": [ 73.148586875378001, 28.163118100388001, 0.0 ] } },
{ "type": "Feature", "properties": { "Name": "SCB 15.1.14" }, "geometry": { "type": "Point", "coordinates": [ 73.148026939722001, 28.163110528425399, 0.0 ] } },
{ "type": "Feature", "properties": { "Name": "SCB 15.1.13" }, "geometry": { "type": "Point", "coordinates": [ 73.147690978432607, 28.1631059841501, 0.0 ] } },
{ "type": "Feature", "properties": { "Name": "SCB 15.1.12" }, "geometry": { "type": "Point", "coordinates": [ 73.150256028814596, 28.163760268731298, 0.0 ] } },
{ "type": "Feature", "properties": { "Name": "SCB 15.1.11" }, "geometry": { "type": "Point", "coordinates": [ 73.149808077175194, 28.163754216676601, 0.0 ] } },
{ "type": "Feature", "properties": { "Name": "SCB 15.1.10" }, "geometry": { "type": "Point", "coordinates": [ 73.149360125674505, 28.1637481631582, 0.0 ] } },
{ "type": "Feature", "properties": { "Name": "SCB 15.1.09" }, "geometry": { "type": "Point", "coordinates": [ 73.148800186493901, 28.163740594201698, 0.0 ] } },
{ "type": "Feature", "properties": { "Name": "SCB 15.1.08" }, "geometry": { "type": "Point", "coordinates": [ 73.148352235305595, 28.1637345373899, 0.0 ] } },
{ "type": "Feature", "properties": { "Name": "SCB 15.1.07" }, "geometry": { "type": "Point", "coordinates": [ 73.1479042842562, 28.163728479114202, 0.0 ] } },
{ "type": "Feature", "properties": { "Name": "SCB 15.1.06" }, "geometry": { "type": "Point", "coordinates": [ 73.147456333345801, 28.1637224193748, 0.0 ] } },
{ "type": "Feature", "properties": { "Name": "SCB 15.1.05" }, "geometry": { "type": "Point", "coordinates": [ 73.149349465349999, 28.164367628963301, 0.0 ] } },
{ "type": "Feature", "properties": { "Name": "SCB 15.1.04" }, "geometry": { "type": "Point", "coordinates": [ 73.148901511411395, 28.1643615738245, 0.0 ] } },
{ "type": "Feature", "properties": { "Name": "SCB 15.1.03" }, "geometry": { "type": "Point", "coordinates": [ 73.148453557611603, 28.1643555172219, 0.0 ] } },
{ "type": "Feature", "properties": { "Name": "SCB 15.1.02" }, "geometry": { "type": "Point", "coordinates": [ 73.148005603950807, 28.164349459155599, 0.0 ] } },
{ "type": "Feature", "properties": { "Name": "SCB 15.1.01" }, "geometry": { "type": "Point", "coordinates": [ 73.147557650428894, 28.164343399625391, 0.0 ] } },
{ "type": "Feature", "properties": { "Name": "SCB 14.4.19" }, "geometry": { "type": "Point", "coordinates": [ 73.141073047988499, 28.163635909044501, 0.0 ] } },
{ "type": "Feature", "properties": { "Name": "SCB 14.4.18" }, "geometry": { "type": "Point", "coordinates": [ 73.140625865755297, 28.1635854913523, 0.0 ] } },
{ "type": "Feature", "properties": { "Name": "SCB 14.4.17" }, "geometry": { "type": "Point", "coordinates": [ 73.140289566138804, 28.1636004892184, 0.0 ] } },
{ "type": "Feature", "properties": { "Name": "SCB 14.4.16" }, "geometry": { "type": "Point", "coordinates": [ 73.139734891498804, 28.1632887503212, 0.0 ] } },
{ "type": "Feature", "properties": { "Name": "SCB 14.4.15" }, "geometry": { "type": "Point", "coordinates": [ 73.140072594785593, 28.163192534961901, 0.0 ] } },
{ "type": "Feature", "properties": { "Name": "SCB 14.4.14" }, "geometry": { "type": "Point", "coordinates": [ 73.140524589477295, 28.1629645078417, 0.0 ] } },
{ "type": "Feature", "properties": { "Name": "SCB 14.4.13" }, "geometry": { "type": "Point", "coordinates": [ 73.140528829481994, 28.162719281444499, 0.0 ] } },
{ "type": "Feature", "properties": { "Name": "SCB 14.4.12" }, "geometry": { "type": "Point", "coordinates": [ 73.1408603128191, 28.162982729453201, 0.0 ] } },
{ "type": "Feature", "properties": { "Name": "SCB 14.4.11" }, "geometry": { "type": "Point", "coordinates": [ 73.141193390599796, 28.163154022818109, 0.0 ] } },
{ "type": "Feature", "properties": { "Name": "SCB 14.4.10" }, "geometry": { "type": "Point", "coordinates": [ 73.1417533243104, 28.1631616227255, 0.0 ] } },
{ "type": "Feature", "properties": { "Name": "SCB 14.4.09" }, "geometry": { "type": "Point", "coordinates": [ 73.142201271435695, 28.163167701004902, 0.0 ] } },
{ "type": "Feature", "properties": { "Name": "SCB 14.4.08" }, "geometry": { "type": "Point", "coordinates": [ 73.142761205538307, 28.1631752967957, 0.0 ] } },
{ "type": "Feature", "properties": { "Name": "SCB 14.4.07" }, "geometry": { "type": "Point", "coordinates": [ 73.1411962724208, 28.1629872904637, 0.0 ] } },
{ "type": "Feature", "properties": { "Name": "SCB 14.4.06" }, "geometry": { "type": "Point", "coordinates": [ 73.141644218678294, 28.162993370530302, 0.0 ] } },
{ "type": "Feature", "properties": { "Name": "SCB 14.4.05" }, "geometry": { "type": "Point", "coordinates": [ 73.142092165075297, 28.162999449133299, 0.0 ] } },
{ "type": "Feature", "properties": { "Name": "SCB 14.4.04" }, "geometry": { "type": "Point", "coordinates": [ 73.142540111611595, 28.163005526272499, 0.0 ] } },
{ "type": "Feature", "properties": { "Name": "SCB 14.4.03" }, "geometry": { "type": "Point", "coordinates": [ 73.142102866576195, 28.162379985754999, 0.0 ] } },
{ "type": "Feature", "properties": { "Name": "SCB 14.4.02" }, "geometry": { "type": "Point", "coordinates": [ 73.141654922755706, 28.162373907309298, 0.0 ] } },
{ "type": "Feature", "properties": { "Name": "SCB 14.4.01" }, "geometry": { "type": "Point", "coordinates": [ 73.141094993176296, 28.162366307193899, 0.0 ] } },
{ "type": "Feature", "properties": { "Name": "SCB 14.3.19" }, "geometry": { "type": "Point", "coordinates": [ 73.142988058287301, 28.163011601948099, 0.0 ] } },
{ "type": "Feature", "properties": { "Name": "SCB 14.3.18" }, "geometry": { "type": "Point", "coordinates": [ 73.142550810535894, 28.162386062737099, 0.0 ] } },
{ "type": "Feature", "properties": { "Name": "SCB 14.3.17" }, "geometry": { "type": "Point", "coordinates": [ 73.143110740681607, 28.162393656906399, 0.0 ] } },
{ "type": "Feature", "properties": { "Name": "SCB 14.3.16" }, "geometry": { "type": "Point", "coordinates": [ 73.143009450643703, 28.161772674503201, 0.0 ] } },
{ "type": "Feature", "properties": { "Name": "SCB 14.3.15" }, "geometry": { "type": "Point", "coordinates": [ 73.142561509120995, 28.161766599141899, 0.0 ] } },
{ "type": "Feature", "properties": { "Name": "SCB 14.3.14" }, "geometry": { "type": "Point", "coordinates": [ 73.142113567737695, 28.1617605223169, 0.0 ] } },
{ "type": "Feature", "properties": { "Name": "SCB 14.3.13" }, "geometry": { "type": "Point", "coordinates": [ 73.141553641204496, 28.161752924227599, 0.0 ] } },
{ "type": "Feature", "properties": { "Name": "SCB 14.3.12" }, "geometry": { "type": "Point", "coordinates": [ 73.141105700134801, 28.161746844109601, 0.0 ] } },
{ "type": "Feature", "properties": { "Name": "SCB 14.3.11" }, "geometry": { "type": "Point", "coordinates": [ 73.141116406753895, 28.1611273809655, 0.0 ] } },
{ "type": "Feature", "properties": { "Name": "SCB 14.3.10" }, "geometry": { "type": "Point", "coordinates": [ 73.141676329892306, 28.161134980687802, 0.0 ] } },
{ "type": "Feature", "properties": { "Name": "SCB 14.3.09" }, "geometry": { "type": "Point", "coordinates": [ 73.142124268559897, 28.161141058819101, 0.0 ] } },
{ "type": "Feature", "properties": { "Name": "SCB 14.3.08" }, "geometry": { "type": "Point", "coordinates": [ 73.142572207366896, 28.1611471354869, 0.0 ] } },
{ "type": "Feature", "properties": { "Name": "SCB 14.3.07" }, "geometry": { "type": "Point", "coordinates": [ 73.143020146313106, 28.161153210691001, 0.0 ] } },
{ "type": "Feature", "properties": { "Name": "SCB 14.3.06" }, "geometry": { "type": "Point", "coordinates": [ 73.143580070191803, 28.161160802638101, 0.0 ] } },
{ "type": "Feature", "properties": { "Name": "SCB 14.3.05" }, "geometry": { "type": "Point", "coordinates": [ 73.144028009451503, 28.161166874549199, 0.0 ] } },
{ "type": "Feature", "properties": { "Name": "SCB 14.3.04" }, "geometry": { "type": "Point", "coordinates": [ 73.1444759488503, 28.1611729449968, 0.0 ] } },
{ "type": "Feature", "properties": { "Name": "SCB 14.3.03" }, "geometry": { "type": "Point", "coordinates": [ 73.145035873294603, 28.161180530997999, 0.0 ] } },
{ "type": "Feature", "properties": { "Name": "SCB 14.3.02" }, "geometry": { "type": "Point", "coordinates": [ 73.143905334106805, 28.1617848208349, 0.0 ] } },
{ "type": "Feature", "properties": { "Name": "SCB 14.3.01" }, "geometry": { "type": "Point", "coordinates": [ 73.143569377742907, 28.161780266646598, 0.0 ] } },
{ "type": "Feature", "properties": { "Name": "SCB 14.2.18" }, "geometry": { "type": "Point", "coordinates": [ 73.141520996915403, 28.163641989642102, 0.0 ] } },
{ "type": "Feature", "properties": { "Name": "SCB 14.2.17" }, "geometry": { "type": "Point", "coordinates": [ 73.142080933270094, 28.163649588330699, 0.0 ] } },
{ "type": "Feature", "properties": { "Name": "SCB 14.2.16" }, "geometry": { "type": "Point", "coordinates": [ 73.142528882510604, 28.163655665634899, 0.0 ] } },
{ "type": "Feature", "properties": { "Name": "SCB 14.2.15" }, "geometry": { "type": "Point", "coordinates": [ 73.143088819257201, 28.1636632602068, 0.0 ] } },
{ "type": "Feature", "properties": { "Name": "SCB 14.2.14" }, "geometry": { "type": "Point", "coordinates": [ 73.143078122858398, 28.1642827238161, 0.0 ] } },
{ "type": "Feature", "properties": { "Name": "SCB 14.2.13" }, "geometry": { "type": "Point", "coordinates": [ 73.142518182890896, 28.164275129047802, 0.0 ] } },
{ "type": "Feature", "properties": { "Name": "SCB 14.2.12" }, "geometry": { "type": "Point", "coordinates": [ 73.142070231073603, 28.164269051586501, 0.0 ] } },
{ "type": "Feature", "properties": { "Name": "SCB 14.2.11" }, "geometry": { "type": "Point", "coordinates": [ 73.141510291498093, 28.1642614527013, 0.0 ] } },
{ "type": "Feature", "properties": { "Name": "SCB 14.2.10" }, "geometry": { "type": "Point", "coordinates": [ 73.1411743278573, 28.164256892272402, 0.0 ] } },
{ "type": "Feature", "properties": { "Name": "SCB 14.2.09" }, "geometry": { "type": "Point", "coordinates": [ 73.140726376458204, 28.164250810419809, 0.0 ] } },
{ "type": "Feature", "properties": { "Name": "SCB 14.2.08" }, "geometry": { "type": "Point", "coordinates": [ 73.141611574283104, 28.164882435700001, 0.0 ] } },
{ "type": "Feature", "properties": { "Name": "SCB 14.2.07" }, "geometry": { "type": "Point", "coordinates": [ 73.1420595285378, 28.164888514782401, 0.0 ] } },
{ "type": "Feature", "properties": { "Name": "SCB 14.2.06" }, "geometry": { "type": "Point", "coordinates": [ 73.142507482931904, 28.164894592400898, 0.0 ] } },
{ "type": "Feature", "properties": { "Name": "SCB 14.2.05" }, "geometry": { "type": "Point", "coordinates": [ 73.143067426120396, 28.164902187365598, 0.0 ] } },
{ "type": "Feature", "properties": { "Name": "SCB 14.2.04" }, "geometry": { "type": "Point", "coordinates": [ 73.143056729043195, 28.1655216508554, 0.0 ] } },
{ "type": "Feature", "properties": { "Name": "SCB 14.2.03" }, "geometry": { "type": "Point", "coordinates": [ 73.142608771897997, 28.165515574909499, 0.0 ] } },
{ "type": "Feature", "properties": { "Name": "SCB 14.2.02" }, "geometry": { "type": "Point", "coordinates": [ 73.142160814892307, 28.165509497499698, 0.0 ] } },
{ "type": "Feature", "properties": { "Name": "SCB 14.2.01" }, "geometry": { "type": "Point", "coordinates": [ 73.143046031626696, 28.166141114285299, 0.0 ] } },
{ "type": "Feature", "properties": { "Name": "SCB 14.1.18" }, "geometry": { "type": "Point", "coordinates": [ 73.144353276047298, 28.161790891805399, 0.0 ] } },
{ "type": "Feature", "properties": { "Name": "SCB 14.1.17" }, "geometry": { "type": "Point", "coordinates": [ 73.144342587768094, 28.1624103560289, 0.0 ] } },
{ "type": "Feature", "properties": { "Name": "SCB 14.1.16" }, "geometry": { "type": "Point", "coordinates": [ 73.143782657143703, 28.1624027668908, 0.0 ] } },
{ "type": "Feature", "properties": { "Name": "SCB 14.1.15" }, "geometry": { "type": "Point", "coordinates": [ 73.144387892546405, 28.1630305790002, 0.0 ] } },
{ "type": "Feature", "properties": { "Name": "SCB 14.1.14" }, "geometry": { "type": "Point", "coordinates": [ 73.143883952056498, 28.163023748908099, 0.0 ] } },
{ "type": "Feature", "properties": { "Name": "SCB 14.1.13" }, "geometry": { "type": "Point", "coordinates": [ 73.143547991827703, 28.1630191944842, 0.0 ] } },
{ "type": "Feature", "properties": { "Name": "SCB 14.1.12" }, "geometry": { "type": "Point", "coordinates": [ 73.143429466625193, 28.1633964243346, 0.0 ] } },
{ "type": "Feature", "properties": { "Name": "SCB 14.1.11" }, "geometry": { "type": "Point", "coordinates": [ 73.144099763948205, 28.163499726155699, 0.0 ] } },
{ "type": "Feature", "properties": { "Name": "SCB 14.1.10" }, "geometry": { "type": "Point", "coordinates": [ 73.144547713078495, 28.163505796828201, 0.0 ] } },
{ "type": "Feature", "properties": { "Name": "SCB 14.1.09" }, "geometry": { "type": "Point", "coordinates": [ 73.144096705949593, 28.163676924672799, 0.0 ] } },
{ "type": "Feature", "properties": { "Name": "SCB 14.1.08" }, "geometry": { "type": "Point", "coordinates": [ 73.144086015348407, 28.164296388635499, 0.0 ] } },
{ "type": "Feature", "properties": { "Name": "SCB 14.1.07" }, "geometry": { "type": "Point", "coordinates": [ 73.143750119942197, 28.164287846651401, 0.0 ] } },
{ "type": "Feature", "properties": { "Name": "SCB 14.1.06" }, "geometry": { "type": "Point", "coordinates": [ 73.143414086943395, 28.164287279579291, 0.0 ] } },
{ "type": "Feature", "properties": { "Name": "SCB 14.1.05" }, "geometry": { "type": "Point", "coordinates": [ 73.143739427071594, 28.164907310436899, 0.0 ] } },
{ "type": "Feature", "properties": { "Name": "SCB 14.1.04" }, "geometry": { "type": "Point", "coordinates": [ 73.144187313150397, 28.1649173704335, 0.0 ] } },
{ "type": "Feature", "properties": { "Name": "SCB 14.1.03" }, "geometry": { "type": "Point", "coordinates": [ 73.144064633128906, 28.165535316381501, 0.0 ] } },
{ "type": "Feature", "properties": { "Name": "SCB 14.1.02" }, "geometry": { "type": "Point", "coordinates": [ 73.143504686327603, 28.165527725337501, 0.0 ] } },
{ "type": "Feature", "properties": { "Name": "SCB 14.1.01" }, "geometry": { "type": "Point", "coordinates": [ 73.143605981475204, 28.1661487073556, 0.0 ] } },
{ "type": "Feature", "properties": { "Name": "SCB 13.4.18" }, "geometry": { "type": "Point", "coordinates": [ 73.141404600839493, 28.157413640537001, 0.0 ] } },
{ "type": "Feature", "properties": { "Name": "SCB 13.4.17" }, "geometry": { "type": "Point", "coordinates": [ 73.140956677872396, 28.157407560788101, 0.0 ] } },
{ "type": "Feature", "properties": { "Name": "SCB 13.4.16" }, "geometry": { "type": "Point", "coordinates": [ 73.140396774359601, 28.157399959044, 0.0 ] } },
{ "type": "Feature", "properties": { "Name": "SCB 13.4.15" }, "geometry": { "type": "Point", "coordinates": [ 73.139948851706293, 28.157393876002502, 0.0 ] } },
{ "type": "Feature", "properties": { "Name": "SCB 13.4.14" }, "geometry": { "type": "Point", "coordinates": [ 73.138482384009293, 28.157993558570102, 0.0 ] } },
{ "type": "Feature", "properties": { "Name": "SCB 13.4.13" }, "geometry": { "type": "Point", "coordinates": [ 73.138930308785007, 28.1579996465249, 0.0 ] } },
{ "type": "Feature", "properties": { "Name": "SCB 13.4.12" }, "geometry": { "type": "Point", "coordinates": [ 73.139266252458398, 28.158004211530699, 0.0 ] } },
{ "type": "Feature", "properties": { "Name": "SCB 13.4.11" }, "geometry": { "type": "Point", "coordinates": [ 73.139714177478297, 28.158010296924601, 0.0 ] } },
{ "type": "Feature", "properties": { "Name": "SCB 13.4.10" }, "geometry": { "type": "Point", "coordinates": [ 73.140162102637703, 28.158016380855099, 0.0 ] } },
{ "type": "Feature", "properties": { "Name": "SCB 13.4.09" }, "geometry": { "type": "Point", "coordinates": [ 73.140722009283195, 28.1580239837104, 0.0 ] } },
{ "type": "Feature", "properties": { "Name": "SCB 13.4.08" }, "geometry": { "type": "Point", "coordinates": [ 73.141169934756505, 28.158030064348299, 0.0 ] } },
{ "type": "Feature", "properties": { "Name": "SCB 13.4.07" }, "geometry": { "type": "Point", "coordinates": [ 73.141729841794103, 28.1580376630878, 0.0 ] } },
{ "type": "Feature", "properties": { "Name": "SCB 13.4.06" }, "geometry": { "type": "Point", "coordinates": [ 73.142177767581103, 28.158043740433101, 0.0 ] } },
{ "type": "Feature", "properties": { "Name": "SCB 13.4.05" }, "geometry": { "type": "Point", "coordinates": [ 73.142737675010693, 28.1580513350569, 0.0 ] } },
{ "type": "Feature", "properties": { "Name": "SCB 13.4.04" }, "geometry": { "type": "Point", "coordinates": [ 73.143073619572903, 28.1580558907336, 0.0 ] } },
{ "type": "Feature", "properties": { "Name": "SCB 13.4.03" }, "geometry": { "type": "Point", "coordinates": [ 73.1431749077814, 28.1586768732599, 0.0 ] } },
{ "type": "Feature", "properties": { "Name": "SCB 13.4.02" }, "geometry": { "type": "Point", "coordinates": [ 73.142167068455507, 28.158663204229899, 0.0 ] } },
{ "type": "Feature", "properties": { "Name": "SCB 13.4.01" }, "geometry": { "type": "Point", "coordinates": [ 73.141607158023604, 28.158655607123102, 0.0 ] } },
{ "type": "Feature", "properties": { "Name": "SCB 13.3.19" }, "geometry": { "type": "Point", "coordinates": [ 73.144305416971306, 28.158072587839101, 0.0 ] } },
{ "type": "Feature", "properties": { "Name": "SCB 13.3.18" }, "geometry": { "type": "Point", "coordinates": [ 73.144753343559003, 28.158078656769899, 0.0 ] } },
{ "type": "Feature", "properties": { "Name": "SCB 13.3.17" }, "geometry": { "type": "Point", "coordinates": [ 73.145313251989293, 28.158086240875601, 0.0 ] } },
{ "type": "Feature", "properties": { "Name": "SCB 13.3.16" }, "geometry": { "type": "Point", "coordinates": [ 73.145761178889998, 28.158092306513801, 0.0 ] } },
{ "type": "Feature", "properties": { "Name": "SCB 13.3.15" }, "geometry": { "type": "Point", "coordinates": [ 73.146209105929799, 28.158098370688691, 0.0 ] } },
{ "type": "Feature", "properties": { "Name": "SCB 13.3.14" }, "geometry": { "type": "Point", "coordinates": [ 73.146657033108696, 28.158104433400101, 0.0 ] } },
{ "type": "Feature", "properties": { "Name": "SCB 13.3.13" }, "geometry": { "type": "Point", "coordinates": [ 73.147104960426503, 28.158110494648099, 0.0 ] } },
{ "type": "Feature", "properties": { "Name": "SCB 13.3.12" }, "geometry": { "type": "Point", "coordinates": [ 73.147318254635806, 28.158732990325099, 0.0 ] } },
{ "type": "Feature", "properties": { "Name": "SCB 13.3.11" }, "geometry": { "type": "Point", "coordinates": [ 73.146982307150296, 28.1587284449575, 0.0 ] } },
{ "type": "Feature", "properties": { "Name": "SCB 13.3.10" }, "geometry": { "type": "Point", "coordinates": [ 73.146534377291204, 28.158722383186799, 0.0 ] } },
{ "type": "Feature", "properties": { "Name": "SCB 13.3.09" }, "geometry": { "type": "Point", "coordinates": [ 73.146086447571093, 28.158716319952699, 0.0 ] } },
{ "type": "Feature", "properties": { "Name": "SCB 13.3.08" }, "geometry": { "type": "Point", "coordinates": [ 73.145638517989994, 28.158710255255201, 0.0 ] } },
{ "type": "Feature", "properties": { "Name": "SCB 13.3.07" }, "geometry": { "type": "Point", "coordinates": [ 73.145190588548104, 28.158704189094198, 0.0 ] } },
{ "type": "Feature", "properties": { "Name": "SCB 13.3.06" }, "geometry": { "type": "Point", "coordinates": [ 73.144630676941304, 28.158696604335098, 0.0 ] } },
{ "type": "Feature", "properties": { "Name": "SCB 13.3.05" }, "geometry": { "type": "Point", "coordinates": [ 73.144182747812394, 28.158690534881401, 0.0 ] } },
{ "type": "Feature", "properties": { "Name": "SCB 13.3.04" }, "geometry": { "type": "Point", "coordinates": [ 73.143734818822693, 28.158684463964299, 0.0 ] } },
{ "type": "Feature", "properties": { "Name": "SCB 13.3.03" }, "geometry": { "type": "Point", "coordinates": [ 73.143955906278904, 28.158854232326501, 0.0 ] } },
{ "type": "Feature", "properties": { "Name": "SCB 13.3.02" }, "geometry": { "type": "Point", "coordinates": [ 73.144515818491499, 28.1588618198824, 0.0 ] } },
{ "type": "Feature", "properties": { "Name": "SCB 13.3.01" }, "geometry": { "type": "Point", "coordinates": [ 73.144963748418107, 28.158867888280799, 0.0 ] } },
{ "type": "Feature", "properties": { "Name": "SCB 13.2.18" }, "geometry": { "type": "Point", "coordinates": [ 73.139703464184905, 28.1586297598563, 0.0 ] } },
{ "type": "Feature", "properties": { "Name": "SCB 13.2.17" }, "geometry": { "type": "Point", "coordinates": [ 73.140151391920298, 28.1586358439442, 0.0 ] } },
{ "type": "Feature", "properties": { "Name": "SCB 13.2.16" }, "geometry": { "type": "Point", "coordinates": [ 73.1407113017857, 28.158643446996091, 0.0 ] } },
{ "type": "Feature", "properties": { "Name": "SCB 13.2.15" }, "geometry": { "type": "Point", "coordinates": [ 73.141159229834997, 28.158649527791301, 0.0 ] } },
{ "type": "Feature", "properties": { "Name": "SCB 13.2.14" }, "geometry": { "type": "Point", "coordinates": [ 73.143164214112602, 28.159296337350501, 0.0 ] } },
{ "type": "Feature", "properties": { "Name": "SCB 13.2.13" }, "geometry": { "type": "Point", "coordinates": [ 73.142606649521696, 28.1591526874893, 0.0 ] } },
{ "type": "Feature", "properties": { "Name": "SCB 13.2.12" }, "geometry": { "type": "Point", "coordinates": [ 73.142158719009203, 28.1591466113275, 0.0 ] } },
{ "type": "Feature", "properties": { "Name": "SCB 13.2.11" }, "geometry": { "type": "Point", "coordinates": [ 73.141598806064493, 28.159139014067399, 0.0 ] } },
{ "type": "Feature", "properties": { "Name": "SCB 13.2.10" }, "geometry": { "type": "Point", "coordinates": [ 73.141150875865605, 28.159132934612899, 0.0 ] } },
{ "type": "Feature", "properties": { "Name": "SCB 13.2.09" }, "geometry": { "type": "Point", "coordinates": [ 73.140590963313002, 28.159125333236801, 0.0 ] } },
{ "type": "Feature", "properties": { "Name": "SCB 13.2.08" }, "geometry": { "type": "Point", "coordinates": [ 73.141595925331899, 28.159305746553599, 0.0 ] } },
{ "type": "Feature", "properties": { "Name": "SCB 13.2.07" }, "geometry": { "type": "Point", "coordinates": [ 73.1421558391432, 28.1593133438666, 0.0 ] } },
{ "type": "Feature", "properties": { "Name": "SCB 13.2.06" }, "geometry": { "type": "Point", "coordinates": [ 73.142603770349098, 28.159319420070599, 0.0 ] } },
{ "type": "Feature", "properties": { "Name": "SCB 13.2.05" }, "geometry": { "type": "Point", "coordinates": [ 73.143163684552306, 28.159327013267699, 0.0 ] } },
{ "type": "Feature", "properties": { "Name": "SCB 13.2.04" }, "geometry": { "type": "Point", "coordinates": [ 73.143152990527597, 28.159946477295499, 0.0 ] } },
{ "type": "Feature", "properties": { "Name": "SCB 13.2.03" }, "geometry": { "type": "Point", "coordinates": [ 73.142593073104194, 28.159938883902001, 0.0 ] } },
{ "type": "Feature", "properties": { "Name": "SCB 13.2.02" }, "geometry": { "type": "Point", "coordinates": [ 73.142145139322196, 28.159932807540802, 0.0 ] } },
{ "type": "Feature", "properties": { "Name": "SCB 13.2.01" }, "geometry": { "type": "Point", "coordinates": [ 73.141585222290701, 28.1599252100313, 0.0 ] } },
{ "type": "Feature", "properties": { "Name": "SCB 13.1.18" }, "geometry": { "type": "Point", "coordinates": [ 73.145518201247199, 28.1591921468689, 0.0 ] } },
{ "type": "Feature", "properties": { "Name": "SCB 13.1.17" }, "geometry": { "type": "Point", "coordinates": [ 73.145966132803693, 28.159198212054701, 0.0 ] } },
{ "type": "Feature", "properties": { "Name": "SCB 13.1.16" }, "geometry": { "type": "Point", "coordinates": [ 73.146526047444894, 28.159205791479, 0.0 ] } },
{ "type": "Feature", "properties": { "Name": "SCB 13.1.15" }, "geometry": { "type": "Point", "coordinates": [ 73.146187225008603, 28.159367977018199, 0.0 ] } },
{ "type": "Feature", "properties": { "Name": "SCB 13.1.14" }, "geometry": { "type": "Point", "coordinates": [ 73.145627309630996, 28.159360396169198, 0.0 ] } },
{ "type": "Feature", "properties": { "Name": "SCB 13.1.13" }, "geometry": { "type": "Point", "coordinates": [ 73.145179377485405, 28.159354329843499, 0.0 ] } },
{ "type": "Feature", "properties": { "Name": "SCB 13.1.12" }, "geometry": { "type": "Point", "coordinates": [ 73.144619462498994, 28.159346744878501, 0.0 ] } },
{ "type": "Feature", "properties": { "Name": "SCB 13.1.11" }, "geometry": { "type": "Point", "coordinates": [ 73.144171530666497, 28.159340675260001, 0.0 ] } },
{ "type": "Feature", "properties": { "Name": "SCB 13.1.10" }, "geometry": { "type": "Point", "coordinates": [ 73.143723598973196, 28.159334604178099, 0.0 ] } },
{ "type": "Feature", "properties": { "Name": "SCB 13.1.09" }, "geometry": { "type": "Point", "coordinates": [ 73.143712908168695, 28.1599540684022, 0.0 ] } },
{ "type": "Feature", "properties": { "Name": "SCB 13.1.08" }, "geometry": { "type": "Point", "coordinates": [ 73.144160842438097, 28.1599601396412, 0.0 ] } },
{ "type": "Feature", "properties": { "Name": "SCB 13.1.07" }, "geometry": { "type": "Point", "coordinates": [ 73.144608776846795, 28.159966209416599, 0.0 ] } },
{ "type": "Feature", "properties": { "Name": "SCB 13.1.06" }, "geometry": { "type": "Point", "coordinates": [ 73.1451686950534, 28.159973794577901, 0.0 ] } },
{ "type": "Feature", "properties": { "Name": "SCB 13.1.05" }, "geometry": { "type": "Point", "coordinates": [ 73.145616629775105, 28.1599798610604, 0.0 ] } },
{ "type": "Feature", "properties": { "Name": "SCB 13.1.04" }, "geometry": { "type": "Point", "coordinates": [ 73.146064564636006, 28.159985926079401, 0.0 ] } },
{ "type": "Feature", "properties": { "Name": "SCB 13.1.03" }, "geometry": { "type": "Point", "coordinates": [ 73.146725793434101, 28.1606144860875, 0.0 ] } },
{ "type": "Feature", "properties": { "Name": "SCB 13.1.02" }, "geometry": { "type": "Point", "coordinates": [ 73.146165871398694, 28.160606907133101, 0.0 ] } },
{ "type": "Feature", "properties": { "Name": "SCB 13.1.01" }, "geometry": { "type": "Point", "coordinates": [ 73.145493965243006, 28.1605978093692, 0.0 ] } },
{ "type": "Feature", "properties": { "Name": "SCB 12.4.18" }, "geometry": { "type": "Point", "coordinates": [ 73.147526244688507, 28.153159312344702, 0.0 ] } },
{ "type": "Feature", "properties": { "Name": "SCB 12.4.17" }, "geometry": { "type": "Point", "coordinates": [ 73.146966361189001, 28.153151738495399, 0.0 ] } },
{ "type": "Feature", "properties": { "Name": "SCB 12.4.16" }, "geometry": { "type": "Point", "coordinates": [ 73.148521511960098, 28.153900674342701, 0.0 ] } },
{ "type": "Feature", "properties": { "Name": "SCB 12.4.15" }, "geometry": { "type": "Point", "coordinates": [ 73.147961624288101, 28.153893104378302, 0.0 ] } },
{ "type": "Feature", "properties": { "Name": "SCB 12.4.14" }, "geometry": { "type": "Point", "coordinates": [ 73.147515578537195, 28.1537787784637, 0.0 ] } },
{ "type": "Feature", "properties": { "Name": "SCB 12.4.13" }, "geometry": { "type": "Point", "coordinates": [ 73.146955691818505, 28.153771204418501, 0.0 ] } },
{ "type": "Feature", "properties": { "Name": "SCB 12.4.12" }, "geometry": { "type": "Point", "coordinates": [ 73.146945022109705, 28.154390670281899, 0.0 ] } },
{ "type": "Feature", "properties": { "Name": "SCB 12.4.11" }, "geometry": { "type": "Point", "coordinates": [ 73.147504912047694, 28.154398244523001, 0.0 ] } },
{ "type": "Feature", "properties": { "Name": "SCB 12.4.10" }, "geometry": { "type": "Point", "coordinates": [ 73.147950960314901, 28.154512570583901, 0.0 ] } },
{ "type": "Feature", "properties": { "Name": "SCB 12.4.09" }, "geometry": { "type": "Point", "coordinates": [ 73.148510851206197, 28.154520140744001, 0.0 ] } },
{ "type": "Feature", "properties": { "Name": "SCB 12.4.08" }, "geometry": { "type": "Point", "coordinates": [ 73.148958764075502, 28.154526195226101, 0.0 ] } },
{ "type": "Feature", "properties": { "Name": "SCB 12.4.07" }, "geometry": { "type": "Point", "coordinates": [ 73.1489481055591, 28.155145661724301, 0.0 ] } },
{ "type": "Feature", "properties": { "Name": "SCB 12.4.06" }, "geometry": { "type": "Point", "coordinates": [ 73.148500190114206, 28.155139607085609, 0.0 ] } },
{ "type": "Feature", "properties": { "Name": "SCB 12.4.05" }, "geometry": { "type": "Point", "coordinates": [ 73.147940296003497, 28.155132036729601, 0.0 ] } },
{ "type": "Feature", "properties": { "Name": "SCB 12.4.04" }, "geometry": { "type": "Point", "coordinates": [ 73.147494245219804, 28.1550177105225, 0.0 ] } },
{ "type": "Feature", "properties": { "Name": "SCB 12.4.03" }, "geometry": { "type": "Point", "coordinates": [ 73.146934352062502, 28.155010136085501, 0.0 ] } },
{ "type": "Feature", "properties": { "Name": "SCB 12.4.02" }, "geometry": { "type": "Point", "coordinates": [ 73.147263314527294, 28.155419595291999, 0.0 ] } },
{ "type": "Feature", "properties": { "Name": "SCB 12.4.01" }, "geometry": { "type": "Point", "coordinates": [ 73.146815398369995, 28.1554135350911, 0.0 ] } },
{ "type": "Feature", "properties": { "Name": "SCB 12.3.18" }, "geometry": { "type": "Point", "coordinates": [ 73.148969422253998, 28.153906728668101, 0.0 ] } },
{ "type": "Feature", "properties": { "Name": "SCB 12.3.17" }, "geometry": { "type": "Point", "coordinates": [ 73.1494191950041, 28.153804513116999, 0.0 ] } },
{ "type": "Feature", "properties": { "Name": "SCB 12.3.16" }, "geometry": { "type": "Point", "coordinates": [ 73.149867105125395, 28.153810564488801, 0.0 ] } },
{ "type": "Feature", "properties": { "Name": "SCB 12.3.15" }, "geometry": { "type": "Point", "coordinates": [ 73.1504269929721, 28.153818126646001, 0.0 ] } },
{ "type": "Feature", "properties": { "Name": "SCB 12.3.14" }, "geometry": { "type": "Point", "coordinates": [ 73.150874903405594, 28.153824174725699, 0.0 ] } },
{ "type": "Feature", "properties": { "Name": "SCB 12.3.13" }, "geometry": { "type": "Point", "coordinates": [ 73.151434791642401, 28.153831732767799, 0.0 ] } },
{ "type": "Feature", "properties": { "Name": "SCB 12.3.12" }, "geometry": { "type": "Point", "coordinates": [ 73.151882702387795, 28.153837777555399, 0.0 ] } },
{ "type": "Feature", "properties": { "Name": "SCB 12.3.11" }, "geometry": { "type": "Point", "coordinates": [ 73.152442591014406, 28.153845331482401, 0.0 ] } },
{ "type": "Feature", "properties": { "Name": "SCB 12.3.10" }, "geometry": { "type": "Point", "coordinates": [ 73.152890502071699, 28.153851372977901, 0.0 ] } },
{ "type": "Feature", "properties": { "Name": "SCB 12.3.09" }, "geometry": { "type": "Point", "coordinates": [ 73.153458617354303, 28.1533796264351, 0.0 ] } },
{ "type": "Feature", "properties": { "Name": "SCB 12.3.08" }, "geometry": { "type": "Point", "coordinates": [ 73.152431952854897, 28.154464799263302, 0.0 ] } },
{ "type": "Feature", "properties": { "Name": "SCB 12.3.07" }, "geometry": { "type": "Point", "coordinates": [ 73.151872061008902, 28.1544572451409, 0.0 ] } },
{ "type": "Feature", "properties": { "Name": "SCB 12.3.06" }, "geometry": { "type": "Point", "coordinates": [ 73.151424147688004, 28.154451200196899, 0.0 ] } },
{ "type": "Feature", "properties": { "Name": "SCB 12.3.05" }, "geometry": { "type": "Point", "coordinates": [ 73.150864256231898, 28.1544436419593, 0.0 ] } },
{ "type": "Feature", "properties": { "Name": "SCB 12.3.04" }, "geometry": { "type": "Point", "coordinates": [ 73.150416343223, 28.154437593723198, 0.0 ] } },
{ "type": "Feature", "properties": { "Name": "SCB 12.3.03" }, "geometry": { "type": "Point", "coordinates": [ 73.149856452156897, 28.1544300313703, 0.0 ] } },
{ "type": "Feature", "properties": { "Name": "SCB 12.3.02" }, "geometry": { "type": "Point", "coordinates": [ 73.149406677083604, 28.154532248245001, 0.0 ] } },
{ "type": "Feature", "properties": { "Name": "SCB 12.3.01" }, "geometry": { "type": "Point", "coordinates": [ 73.149284042233802, 28.155150201743101, 0.0 ] } },
{ "type": "Feature", "properties": { "Name": "SCB 12.2.19" }, "geometry": { "type": "Point", "coordinates": [ 73.147821345869602, 28.1555354367752, 0.0 ] } },
{ "type": "Feature", "properties": { "Name": "SCB 12.2.18" }, "geometry": { "type": "Point", "coordinates": [ 73.148269262789697, 28.155541493711102, 0.0 ] } },
{ "type": "Feature", "properties": { "Name": "SCB 12.2.17" }, "geometry": { "type": "Point", "coordinates": [ 73.148829159135104, 28.1555490628234, 0.0 ] } },
{ "type": "Feature", "properties": { "Name": "SCB 12.2.16" }, "geometry": { "type": "Point", "coordinates": [ 73.148824939318303, 28.155794290632699, 0.0 ] } },
{ "type": "Feature", "properties": { "Name": "SCB 12.2.15" }, "geometry": { "type": "Point", "coordinates": [ 73.148265041698394, 28.155786721443, 0.0 ] } },
{ "type": "Feature", "properties": { "Name": "SCB 12.2.14" }, "geometry": { "type": "Point", "coordinates": [ 73.147817123758699, 28.155780664445, 0.0 ] } },
{ "type": "Feature", "properties": { "Name": "SCB 12.2.13" }, "geometry": { "type": "Point", "coordinates": [ 73.147258099801803, 28.155722385509002, 0.0 ] } },
{ "type": "Feature", "properties": { "Name": "SCB 12.2.12" }, "geometry": { "type": "Point", "coordinates": [ 73.146810182385593, 28.155716325231499, 0.0 ] } },
{ "type": "Feature", "properties": { "Name": "SCB 12.2.11" }, "geometry": { "type": "Point", "coordinates": [ 73.146910138802795, 28.156415800573001, 0.0 ] } },
{ "type": "Feature", "properties": { "Name": "SCB 12.2.10" }, "geometry": { "type": "Point", "coordinates": [ 73.147358059155906, 28.156421860661201, 0.0 ] } },
{ "type": "Feature", "properties": { "Name": "SCB 12.2.09" }, "geometry": { "type": "Point", "coordinates": [ 73.147806458110196, 28.156400130429201, 0.0 ] } },
{ "type": "Feature", "properties": { "Name": "SCB 12.2.08" }, "geometry": { "type": "Point", "coordinates": [ 73.148254378625595, 28.156406187583801, 0.0 ] } },
{ "type": "Feature", "properties": { "Name": "SCB 12.2.07" }, "geometry": { "type": "Point", "coordinates": [ 73.148814279465199, 28.1564137569693, 0.0 ] } },
{ "type": "Feature", "properties": { "Name": "SCB 12.2.06" }, "geometry": { "type": "Point", "coordinates": [ 73.148803619273906, 28.157033223246199, 0.0 ] } },
{ "type": "Feature", "properties": { "Name": "SCB 12.2.05" }, "geometry": { "type": "Point", "coordinates": [ 73.148243715214605, 28.157025653664899, 0.0 ] } },
{ "type": "Feature", "properties": { "Name": "SCB 12.2.04" }, "geometry": { "type": "Point", "coordinates": [ 73.147795792123404, 28.157019596353599, 0.0 ] } },
{ "type": "Feature", "properties": { "Name": "SCB 12.2.03" }, "geometry": { "type": "Point", "coordinates": [ 73.147235409832902, 28.157039811502202, 0.0 ] } },
{ "type": "Feature", "properties": { "Name": "SCB 12.2.02" }, "geometry": { "type": "Point", "coordinates": [ 73.146899467649206, 28.1570352661812, 0.0 ] } },
{ "type": "Feature", "properties": { "Name": "SCB 12.2.01" }, "geometry": { "type": "Point", "coordinates": [ 73.147785125798407, 28.157639062218198, 0.0 ] } },
{ "type": "Feature", "properties": { "Name": "SCB 12.1.19" }, "geometry": { "type": "Point", "coordinates": [ 73.1497268558754, 28.155452900241102, 0.0 ] } },
{ "type": "Feature", "properties": { "Name": "SCB 12.1.18" }, "geometry": { "type": "Point", "coordinates": [ 73.149845798850606, 28.155049498192099, 0.0 ] } },
{ "type": "Feature", "properties": { "Name": "SCB 12.1.17" }, "geometry": { "type": "Point", "coordinates": [ 73.150405693136094, 28.155057060740599, 0.0 ] } },
{ "type": "Feature", "properties": { "Name": "SCB 12.1.16" }, "geometry": { "type": "Point", "coordinates": [ 73.150853608720595, 28.155063109133199, 0.0 ] } },
{ "type": "Feature", "properties": { "Name": "SCB 12.1.15" }, "geometry": { "type": "Point", "coordinates": [ 73.1515254823573, 28.1550721789786, 0.0 ] } },
{ "type": "Feature", "properties": { "Name": "SCB 12.1.14" }, "geometry": { "type": "Point", "coordinates": [ 73.151973398288305, 28.155078223713101, 0.0 ] } },
{ "type": "Feature", "properties": { "Name": "SCB 12.1.13" }, "geometry": { "type": "Point", "coordinates": [ 73.151294566192007, 28.1554740712536, 0.0 ] } },
{ "type": "Feature", "properties": { "Name": "SCB 12.1.12" }, "geometry": { "type": "Point", "coordinates": [ 73.150958628124002, 28.155469536117, 0.0 ] } },
{ "type": "Feature", "properties": { "Name": "SCB 12.1.11" }, "geometry": { "type": "Point", "coordinates": [ 73.150622690134, 28.155465000157399, 0.0 ] } },
{ "type": "Feature", "properties": { "Name": "SCB 12.1.10" }, "geometry": { "type": "Point", "coordinates": [ 73.150174772935401, 28.1554589509309, 0.0 ] } },
{ "type": "Feature", "properties": { "Name": "SCB 12.1.09" }, "geometry": { "type": "Point", "coordinates": [ 73.150506494851598, 28.1557087160338, 0.0 ] } },
{ "type": "Feature", "properties": { "Name": "SCB 12.1.08" }, "geometry": { "type": "Point", "coordinates": [ 73.149834617628201, 28.1556996410037, 0.0 ] } },
{ "type": "Feature", "properties": { "Name": "SCB 12.1.07" }, "geometry": { "type": "Point", "coordinates": [ 73.1492747201806, 28.1556920759636, 0.0 ] } },
{ "type": "Feature", "properties": { "Name": "SCB 12.1.06" }, "geometry": { "type": "Point", "coordinates": [ 73.150159904133901, 28.156323645747001, 0.0 ] } },
{ "type": "Feature", "properties": { "Name": "SCB 12.1.05" }, "geometry": { "type": "Point", "coordinates": [ 73.149935943788904, 28.1563206204758, 0.0 ] } },
{ "type": "Feature", "properties": { "Name": "SCB 12.1.04" }, "geometry": { "type": "Point", "coordinates": [ 73.149711983478596, 28.1563175948388, 0.0 ] } },
{ "type": "Feature", "properties": { "Name": "SCB 12.1.03" }, "geometry": { "type": "Point", "coordinates": [ 73.149264062962203, 28.156311542467201, 0.0 ] } },
{ "type": "Feature", "properties": { "Name": "SCB 12.1.02" }, "geometry": { "type": "Point", "coordinates": [ 73.149365386165798, 28.156932522180298, 0.0 ] } },
{ "type": "Feature", "properties": { "Name": "SCB 12.1.01" }, "geometry": { "type": "Point", "coordinates": [ 73.149242747511394, 28.157550475295299, 0.0 ] } },
{ "type": "Feature", "properties": { "Name": "SCB 11.4.19" }, "geometry": { "type": "Point", "coordinates": [ 73.141692767285505, 28.153699896647101, 0.0 ] } },
{ "type": "Feature", "properties": { "Name": "SCB 11.4.18" }, "geometry": { "type": "Point", "coordinates": [ 73.141244859702297, 28.153693818573199, 0.0 ] } },
{ "type": "Feature", "properties": { "Name": "SCB 11.4.17" }, "geometry": { "type": "Point", "coordinates": [ 73.140796952258498, 28.153687739036201, 0.0 ] } },
{ "type": "Feature", "properties": { "Name": "SCB 11.4.16" }, "geometry": { "type": "Point", "coordinates": [ 73.142913820970307, 28.154336068256999, 0.0 ] } },
{ "type": "Feature", "properties": { "Name": "SCB 11.4.15" }, "geometry": { "type": "Point", "coordinates": [ 73.1423539328148, 28.1543284752691, 0.0 ] } },
{ "type": "Feature", "properties": { "Name": "SCB 11.4.14" }, "geometry": { "type": "Point", "coordinates": [ 73.141906022447102, 28.154322399232701, 0.0 ] } },
{ "type": "Feature", "properties": { "Name": "SCB 11.4.13" }, "geometry": { "type": "Point", "coordinates": [ 73.141346134683502, 28.154314802129601, 0.0 ] } },
{ "type": "Feature", "properties": { "Name": "SCB 11.4.12" }, "geometry": { "type": "Point", "coordinates": [ 73.140898224629495, 28.154308722801101, 0.0 ] } },
{ "type": "Feature", "properties": { "Name": "SCB 11.4.11" }, "geometry": { "type": "Point", "coordinates": [ 73.143015106044601, 28.154957051010701, 0.0 ] } },
{ "type": "Feature", "properties": { "Name": "SCB 11.4.10" }, "geometry": { "type": "Point", "coordinates": [ 73.142455214626295, 28.1549494582836, 0.0 ] } },
{ "type": "Feature", "properties": { "Name": "SCB 11.4.09" }, "geometry": { "type": "Point", "coordinates": [ 73.142007301648306, 28.154943382455809, 0.0 ] } },
{ "type": "Feature", "properties": { "Name": "SCB 11.4.08" }, "geometry": { "type": "Point", "coordinates": [ 73.141559388809696, 28.1549373051649, 0.0 ] } },
{ "type": "Feature", "properties": { "Name": "SCB 11.4.07" }, "geometry": { "type": "Point", "coordinates": [ 73.141111476110396, 28.154931226410699, 0.0 ] } },
{ "type": "Feature", "properties": { "Name": "SCB 11.4.06" }, "geometry": { "type": "Point", "coordinates": [ 73.140663563550603, 28.154925146193399, 0.0 ] } },
{ "type": "Feature", "properties": { "Name": "SCB 11.4.05" }, "geometry": { "type": "Point", "coordinates": [ 73.143234830222198, 28.155205314514198, 0.0 ] } },
{ "type": "Feature", "properties": { "Name": "SCB 11.4.04" }, "geometry": { "type": "Point", "coordinates": [ 73.143004413122597, 28.155576515381401, 0.0 ] } },
{ "type": "Feature", "properties": { "Name": "SCB 11.4.03" }, "geometry": { "type": "Point", "coordinates": [ 73.142444518484794, 28.1555689224578, 0.0 ] } },
{ "type": "Feature", "properties": { "Name": "SCB 11.4.02" }, "geometry": { "type": "Point", "coordinates": [ 73.1419966029313, 28.1555628464729, 0.0 ] } },
{ "type": "Feature", "properties": { "Name": "SCB 11.4.01" }, "geometry": { "type": "Point", "coordinates": [ 73.141436708685305, 28.155555249433998, 0.0 ] } },
{ "type": "Feature", "properties": { "Name": "SCB 11.3.19" }, "geometry": { "type": "Point", "coordinates": [ 73.145937220768602, 28.1543770308866, 0.0 ] } },
{ "type": "Feature", "properties": { "Name": "SCB 11.3.18" }, "geometry": { "type": "Point", "coordinates": [ 73.145489309287299, 28.154370966555501, 0.0 ] } },
{ "type": "Feature", "properties": { "Name": "SCB 11.3.17" }, "geometry": { "type": "Point", "coordinates": [ 73.145041397945207, 28.154364900761198, 0.0 ] } },
{ "type": "Feature", "properties": { "Name": "SCB 11.3.16" }, "geometry": { "type": "Point", "coordinates": [ 73.144481508963096, 28.1543573164608, 0.0 ] } },
{ "type": "Feature", "properties": { "Name": "SCB 11.3.15" }, "geometry": { "type": "Point", "coordinates": [ 73.144033597933998, 28.1543512473744, 0.0 ] } },
{ "type": "Feature", "properties": { "Name": "SCB 11.3.14" }, "geometry": { "type": "Point", "coordinates": [ 73.1463744591222, 28.155002559362099, 0.0 ] } },
{ "type": "Feature", "properties": { "Name": "SCB 11.3.13" }, "geometry": { "type": "Point", "coordinates": [ 73.145926544926397, 28.1549964963374, 0.0 ] } },
{ "type": "Feature", "properties": { "Name": "SCB 11.3.12" }, "geometry": { "type": "Point", "coordinates": [ 73.145478630869704, 28.154990431849399, 0.0 ] } },
{ "type": "Feature", "properties": { "Name": "SCB 11.3.11" }, "geometry": { "type": "Point", "coordinates": [ 73.144918738494397, 28.154982849181799, 0.0 ] } },
{ "type": "Feature", "properties": { "Name": "SCB 11.3.10" }, "geometry": { "type": "Point", "coordinates": [ 73.144470824750599, 28.154976781401601, 0.0 ] } },
{ "type": "Feature", "properties": { "Name": "SCB 11.3.09" }, "geometry": { "type": "Point", "coordinates": [ 73.143910932766602, 28.154969194618701, 0.0 ] } },
{ "type": "Feature", "properties": { "Name": "SCB 11.3.08" }, "geometry": { "type": "Point", "coordinates": [ 73.143697664753503, 28.154346694599401, 0.0 ] } },
{ "type": "Feature", "properties": { "Name": "SCB 11.3.07" }, "geometry": { "type": "Point", "coordinates": [ 73.146139827113998, 28.155618993502099, 0.0 ] } },
{ "type": "Feature", "properties": { "Name": "SCB 11.3.06" }, "geometry": { "type": "Point", "coordinates": [ 73.145691910412197, 28.155612929588798, 0.0 ] } },
{ "type": "Feature", "properties": { "Name": "SCB 11.3.05" }, "geometry": { "type": "Point", "coordinates": [ 73.145132014730393, 28.1556053476396, 0.0 ] } },
{ "type": "Feature", "properties": { "Name": "SCB 11.3.04" }, "geometry": { "type": "Point", "coordinates": [ 73.1446840983415, 28.1555992804341, 0.0 ] } },
{ "type": "Feature", "properties": { "Name": "SCB 11.3.03" }, "geometry": { "type": "Point", "coordinates": [ 73.144124203051007, 28.155591694369502, 0.0 ] } },
{ "type": "Feature", "properties": { "Name": "SCB 11.3.02" }, "geometry": { "type": "Point", "coordinates": [ 73.1437882659812, 28.155587141633301, 0.0 ] } },
{ "type": "Feature", "properties": { "Name": "SCB 11.3.01" }, "geometry": { "type": "Point", "coordinates": [ 73.144229197102902, 28.155998125303999, 0.0 ] } },
{ "type": "Feature", "properties": { "Name": "SCB 11.2.18" }, "geometry": { "type": "Point", "coordinates": [ 73.140988793445402, 28.155549170156799, 0.0 ] } },
{ "type": "Feature", "properties": { "Name": "SCB 11.2.17" }, "geometry": { "type": "Point", "coordinates": [ 73.140428899591498, 28.1555415690027, 0.0 ] } },
{ "type": "Feature", "properties": { "Name": "SCB 11.2.16" }, "geometry": { "type": "Point", "coordinates": [ 73.143109402878494, 28.155982946973801, 0.0 ] } },
{ "type": "Feature", "properties": { "Name": "SCB 11.2.15" }, "geometry": { "type": "Point", "coordinates": [ 73.142549506092706, 28.155975354379201, 0.0 ] } },
{ "type": "Feature", "properties": { "Name": "SCB 11.2.14" }, "geometry": { "type": "Point", "coordinates": [ 73.142101588820793, 28.155969278657299, 0.0 ] } },
{ "type": "Feature", "properties": { "Name": "SCB 11.2.13" }, "geometry": { "type": "Point", "coordinates": [ 73.141541692426799, 28.1559616819473, 0.0 ] } },
{ "type": "Feature", "properties": { "Name": "SCB 11.2.12" }, "geometry": { "type": "Point", "coordinates": [ 73.141093775468505, 28.155955602933101, 0.0 ] } },
{ "type": "Feature", "properties": { "Name": "SCB 11.2.11" }, "geometry": { "type": "Point", "coordinates": [ 73.140533879466602, 28.155948002107699, 0.0 ] } },
{ "type": "Feature", "properties": { "Name": "SCB 11.2.10" }, "geometry": { "type": "Point", "coordinates": [ 73.142993190321505, 28.156226655620401, 0.0 ] } },
{ "type": "Feature", "properties": { "Name": "SCB 11.2.09" }, "geometry": { "type": "Point", "coordinates": [ 73.142433292304602, 28.156219062490699, 0.0 ] } },
{ "type": "Feature", "properties": { "Name": "SCB 11.2.08" }, "geometry": { "type": "Point", "coordinates": [ 73.141985374047906, 28.156212986340801, 0.0 ] } },
{ "type": "Feature", "properties": { "Name": "SCB 11.2.07" }, "geometry": { "type": "Point", "coordinates": [ 73.141425476422995, 28.1562053890957, 0.0 ] } },
{ "type": "Feature", "properties": { "Name": "SCB 11.2.06" }, "geometry": { "type": "Point", "coordinates": [ 73.140977558479804, 28.156199309653498, 0.0 ] } },
{ "type": "Feature", "properties": { "Name": "SCB 11.2.05" }, "geometry": { "type": "Point", "coordinates": [ 73.140417661247, 28.156191708293001, 0.0 ] } },
{ "type": "Feature", "properties": { "Name": "SCB 11.2.04" }, "geometry": { "type": "Point", "coordinates": [ 73.143318437550803, 28.156850674766702, 0.0 ] } },
{ "type": "Feature", "properties": { "Name": "SCB 11.2.03" }, "geometry": { "type": "Point", "coordinates": [ 73.142982496704406, 28.156846119868501, 0.0 ] } },
{ "type": "Feature", "properties": { "Name": "SCB 11.2.02" }, "geometry": { "type": "Point", "coordinates": [ 73.142422595467906, 28.156838526542501, 0.0 ] } },
{ "type": "Feature", "properties": { "Name": "SCB 11.2.01" }, "geometry": { "type": "Point", "coordinates": [ 73.141974674635506, 28.156832450235399, 0.0 ] } },
{ "type": "Feature", "properties": { "Name": "SCB 11.1.18" }, "geometry": { "type": "Point", "coordinates": [ 73.146300818710799, 28.1560261811054, 0.0 ] } },
{ "type": "Feature", "properties": { "Name": "SCB 11.1.17" }, "geometry": { "type": "Point", "coordinates": [ 73.145852900273198, 28.156020117638299, 0.0 ] } },
{ "type": "Feature", "properties": { "Name": "SCB 11.1.16" }, "geometry": { "type": "Point", "coordinates": [ 73.145293002421695, 28.156012536246799, 0.0 ] } },
{ "type": "Feature", "properties": { "Name": "SCB 11.1.15" }, "geometry": { "type": "Point", "coordinates": [ 73.144845084297103, 28.156006469487401, 0.0 ] } },
{ "type": "Feature", "properties": { "Name": "SCB 11.1.14" }, "geometry": { "type": "Point", "coordinates": [ 73.146352582990005, 28.1562721663845, 0.0 ] } },
{ "type": "Feature", "properties": { "Name": "SCB 11.1.13" }, "geometry": { "type": "Point", "coordinates": [ 73.145792683668503, 28.156264586973101, 0.0 ] } },
{ "type": "Feature", "properties": { "Name": "SCB 11.1.12" }, "geometry": { "type": "Point", "coordinates": [ 73.145344764367707, 28.1562585217977, 0.0 ] } },
{ "type": "Feature", "properties": { "Name": "SCB 11.1.11" }, "geometry": { "type": "Point", "coordinates": [ 73.144784865437302, 28.156250938270901, 0.0 ] } },
{ "type": "Feature", "properties": { "Name": "SCB 11.1.10" }, "geometry": { "type": "Point", "coordinates": [ 73.144336946449599, 28.1562448698031, 0.0 ] } },
{ "type": "Feature", "properties": { "Name": "SCB 11.1.09" }, "geometry": { "type": "Point", "coordinates": [ 73.143889027601006, 28.156238799872199, 0.0 ] } },
{ "type": "Feature", "properties": { "Name": "SCB 11.1.08" }, "geometry": { "type": "Point", "coordinates": [ 73.146229928165496, 28.156890116071299, 0.0 ] } },
{ "type": "Feature", "properties": { "Name": "SCB 11.1.07" }, "geometry": { "type": "Point", "coordinates": [ 73.145782006149901, 28.1568840522024, 0.0 ] } },
{ "type": "Feature", "properties": { "Name": "SCB 11.1.06" }, "geometry": { "type": "Point", "coordinates": [ 73.145222103825901, 28.1568764703085, 0.0 ] } },
{ "type": "Feature", "properties": { "Name": "SCB 11.1.05" }, "geometry": { "type": "Point", "coordinates": [ 73.1447741821233, 28.156870403147099, 0.0 ] } },
{ "type": "Feature", "properties": { "Name": "SCB 11.1.04" }, "geometry": { "type": "Point", "coordinates": [ 73.144214280190596, 28.156862817137601, 0.0 ] } },
{ "type": "Feature", "properties": { "Name": "SCB 11.1.03" }, "geometry": { "type": "Point", "coordinates": [ 73.143766358801102, 28.1568567466838, 0.0 ] } },
{ "type": "Feature", "properties": { "Name": "SCB 11.1.02" }, "geometry": { "type": "Point", "coordinates": [ 73.143665068228898, 28.156235764357898, 0.0 ] } },
{ "type": "Feature", "properties": { "Name": "SCB 11.1.01" }, "geometry": { "type": "Point", "coordinates": [ 73.143755669352601, 28.157476211146999, 0.0 ] } },
{ "type": "Feature", "properties": { "Name": "SCB 10.4.18" }, "geometry": { "type": "Point", "coordinates": [ 73.137672326865797, 28.1530256786479, 0.0 ] } },
{ "type": "Feature", "properties": { "Name": "SCB 10.4.17" }, "geometry": { "type": "Point", "coordinates": [ 73.137224423113594, 28.153019587563701, 0.0 ] } },
{ "type": "Feature", "properties": { "Name": "SCB 10.4.16" }, "geometry": { "type": "Point", "coordinates": [ 73.136776519501097, 28.1530134950163, 0.0 ] } },
{ "type": "Feature", "properties": { "Name": "SCB 10.4.15" }, "geometry": { "type": "Point", "coordinates": [ 73.136216640181999, 28.153005877274701, 0.0 ] } },
{ "type": "Feature", "properties": { "Name": "SCB 10.4.14" }, "geometry": { "type": "Point", "coordinates": [ 73.135768736884003, 28.152999781435501, 0.0 ] } },
{ "type": "Feature", "properties": { "Name": "SCB 10.4.13" }, "geometry": { "type": "Point", "coordinates": [ 73.137661604057499, 28.153645141310001, 0.0 ] } },
{ "type": "Feature", "properties": { "Name": "SCB 10.4.12" }, "geometry": { "type": "Point", "coordinates": [ 73.137213697730004, 28.1536390500682, 0.0 ] } },
{ "type": "Feature", "properties": { "Name": "SCB 10.4.11" }, "geometry": { "type": "Point", "coordinates": [ 73.136765791542302, 28.1536329573632, 0.0 ] } },
{ "type": "Feature", "properties": { "Name": "SCB 10.4.10" }, "geometry": { "type": "Point", "coordinates": [ 73.136205909004104, 28.1536253394246, 0.0 ] } },
{ "type": "Feature", "properties": { "Name": "SCB 10.4.09" }, "geometry": { "type": "Point", "coordinates": [ 73.135758003130704, 28.153619243427599, 0.0 ] } },
{ "type": "Feature", "properties": { "Name": "SCB 10.4.08" }, "geometry": { "type": "Point", "coordinates": [ 73.137650880909106, 28.154264603912299, 0.0 ] } },
{ "type": "Feature", "properties": { "Name": "SCB 10.4.07" }, "geometry": { "type": "Point", "coordinates": [ 73.137202972006307, 28.1542585125129, 0.0 ] } },
{ "type": "Feature", "properties": { "Name": "SCB 10.4.06" }, "geometry": { "type": "Point", "coordinates": [ 73.1367550632432, 28.154252419650302, 0.0 ] } },
{ "type": "Feature", "properties": { "Name": "SCB 10.4.05" }, "geometry": { "type": "Point", "coordinates": [ 73.136195177485803, 28.154244801514601, 0.0 ] } },
{ "type": "Feature", "properties": { "Name": "SCB 10.4.04" }, "geometry": { "type": "Point", "coordinates": [ 73.135747269037097, 28.154238705360001, 0.0 ] } },
{ "type": "Feature", "properties": { "Name": "SCB 10.4.03" }, "geometry": { "type": "Point", "coordinates": [ 73.1376425127158, 28.1547480100778, 0.0 ] } },
{ "type": "Feature", "properties": { "Name": "SCB 10.4.02" }, "geometry": { "type": "Point", "coordinates": [ 73.137194601803202, 28.154741918555391, 0.0 ] } },
{ "type": "Feature", "properties": { "Name": "SCB 10.4.01" }, "geometry": { "type": "Point", "coordinates": [ 73.136746691030297, 28.154735825569901, 0.0 ] } },
{ "type": "Feature", "properties": { "Name": "SCB 10.3.18" }, "geometry": { "type": "Point", "coordinates": [ 73.139810580427493, 28.152435209049401, 0.0 ] } },
{ "type": "Feature", "properties": { "Name": "SCB 10.3.17" }, "geometry": { "type": "Point", "coordinates": [ 73.139362678587105, 28.1524291250721, 0.0 ] } },
{ "type": "Feature", "properties": { "Name": "SCB 10.3.16" }, "geometry": { "type": "Point", "coordinates": [ 73.138802801482797, 28.152421518042999, 0.0 ] } },
{ "type": "Feature", "properties": { "Name": "SCB 10.3.15" }, "geometry": { "type": "Point", "coordinates": [ 73.138354899956397, 28.1524154307738, 0.0 ] } },
{ "type": "Feature", "properties": { "Name": "SCB 10.3.14" }, "geometry": { "type": "Point", "coordinates": [ 73.140247776150105, 28.153060673990002, 0.0 ] } },
{ "type": "Feature", "properties": { "Name": "SCB 10.3.13" }, "geometry": { "type": "Point", "coordinates": [ 73.1397998715954, 28.153054591318401, 0.0 ] } },
{ "type": "Feature", "properties": { "Name": "SCB 10.3.12" }, "geometry": { "type": "Point", "coordinates": [ 73.139351967180104, 28.153048507183598, 0.0 ] } },
{ "type": "Feature", "properties": { "Name": "SCB 10.3.11" }, "geometry": { "type": "Point", "coordinates": [ 73.138792086857194, 28.153040899957801, 0.0 ] } },
{ "type": "Feature", "properties": { "Name": "SCB 10.3.10" }, "geometry": { "type": "Point", "coordinates": [ 73.138344182756001, 28.1530348125311, 0.0 ] } },
{ "type": "Feature", "properties": { "Name": "SCB 10.3.09" }, "geometry": { "type": "Point", "coordinates": [ 73.140237068149801, 28.153680137557402, 0.0 ] } },
{ "type": "Feature", "properties": { "Name": "SCB 10.3.08" }, "geometry": { "type": "Point", "coordinates": [ 73.139789161019706, 28.153674054728398, 0.0 ] } },
{ "type": "Feature", "properties": { "Name": "SCB 10.3.07" }, "geometry": { "type": "Point", "coordinates": [ 73.139341254029105, 28.153667970436299, 0.0 ] } },
{ "type": "Feature", "properties": { "Name": "SCB 10.3.06" }, "geometry": { "type": "Point", "coordinates": [ 73.138781370487095, 28.1536603630136, 0.0 ] } },
{ "type": "Feature", "properties": { "Name": "SCB 10.3.05" }, "geometry": { "type": "Point", "coordinates": [ 73.138333463810596, 28.153654275429499, 0.0 ] } },
{ "type": "Feature", "properties": { "Name": "SCB 10.3.04" }, "geometry": { "type": "Point", "coordinates": [ 73.139778450104302, 28.1542935180786, 0.0 ] } },
{ "type": "Feature", "properties": { "Name": "SCB 10.3.03" }, "geometry": { "type": "Point", "coordinates": [ 73.139330540538396, 28.154287433629101, 0.0 ] } },
{ "type": "Feature", "properties": { "Name": "SCB 10.3.02" }, "geometry": { "type": "Point", "coordinates": [ 73.1387706537772, 28.154279826009699, 0.0 ] } },
{ "type": "Feature", "properties": { "Name": "SCB 10.3.01" }, "geometry": { "type": "Point", "coordinates": [ 73.138322744525198, 28.154273738268099, 0.0 ] } },
{ "type": "Feature", "properties": { "Name": "SCB 10.2.19" }, "geometry": { "type": "Point", "coordinates": [ 73.136186802760605, 28.154728207280399, 0.0 ] } },
{ "type": "Feature", "properties": { "Name": "SCB 10.2.18" }, "geometry": { "type": "Point", "coordinates": [ 73.1357388923022, 28.154722111002709, 0.0 ] } },
{ "type": "Feature", "properties": { "Name": "SCB 10.2.17" }, "geometry": { "type": "Point", "coordinates": [ 73.135959958582404, 28.154891891382899, 0.0 ] } },
{ "type": "Feature", "properties": { "Name": "SCB 10.2.16" }, "geometry": { "type": "Point", "coordinates": [ 73.136463858716397, 28.1548987488171, 0.0 ] } },
{ "type": "Feature", "properties": { "Name": "SCB 10.2.15" }, "geometry": { "type": "Point", "coordinates": [ 73.136967759027399, 28.154905604399499, 0.0 ] } },
{ "type": "Feature", "properties": { "Name": "SCB 10.2.14" }, "geometry": { "type": "Point", "coordinates": [ 73.1374716595151, 28.154912458130099, 0.0 ] } },
{ "type": "Feature", "properties": { "Name": "SCB 10.2.13" }, "geometry": { "type": "Point", "coordinates": [ 73.137863582239007, 28.154917787529101, 0.0 ] } },
{ "type": "Feature", "properties": { "Name": "SCB 10.2.12" }, "geometry": { "type": "Point", "coordinates": [ 73.135725268232605, 28.1555083048498, 0.0 ] } },
{ "type": "Feature", "properties": { "Name": "SCB 10.2.11" }, "geometry": { "type": "Point", "coordinates": [ 73.136173181959805, 28.155514401327601, 0.0 ] } },
{ "type": "Feature", "properties": { "Name": "SCB 10.2.10" }, "geometry": { "type": "Point", "coordinates": [ 73.136733074315302, 28.155522019867199, 0.0 ] } },
{ "type": "Feature", "properties": { "Name": "SCB 10.2.09" }, "geometry": { "type": "Point", "coordinates": [ 73.137180988357002, 28.155528113052799, 0.0 ] } },
{ "type": "Feature", "properties": { "Name": "SCB 10.2.08" }, "geometry": { "type": "Point", "coordinates": [ 73.137740881105501, 28.155535727477101, 0.0 ] } },
{ "type": "Feature", "properties": { "Name": "SCB 10.2.07" }, "geometry": { "type": "Point", "coordinates": [ 73.137170261595898, 28.156147575315199, 0.0 ] } },
{ "type": "Feature", "properties": { "Name": "SCB 10.2.06" }, "geometry": { "type": "Point", "coordinates": [ 73.137618178352795, 28.156153667195099, 0.0 ] } },
{ "type": "Feature", "properties": { "Name": "SCB 10.2.05" }, "geometry": { "type": "Point", "coordinates": [ 73.1380660952494, 28.1561597576118, 0.0 ] } },
{ "type": "Feature", "properties": { "Name": "SCB 10.2.04" }, "geometry": { "type": "Point", "coordinates": [ 73.138514012285697, 28.156165846565301, 0.0 ] } },
{ "type": "Feature", "properties": { "Name": "SCB 10.2.03" }, "geometry": { "type": "Point", "coordinates": [ 73.138391312995395, 28.156783787099901, 0.0 ] } },
{ "type": "Feature", "properties": { "Name": "SCB 10.2.02" }, "geometry": { "type": "Point", "coordinates": [ 73.138055373299494, 28.156779220129501, 0.0 ] } },
{ "type": "Feature", "properties": { "Name": "SCB 10.2.01" }, "geometry": { "type": "Point", "coordinates": [ 73.137607453827201, 28.156773129555301, 0.0 ] } },
{ "type": "Feature", "properties": { "Name": "SCB 10.1.19" }, "geometry": { "type": "Point", "coordinates": [ 73.140226359809802, 28.154299601064999, 0.0 ] } },
{ "type": "Feature", "properties": { "Name": "SCB 10.1.18" }, "geometry": { "type": "Point", "coordinates": [ 73.140106025230807, 28.154781487296798, 0.0 ] } },
{ "type": "Feature", "properties": { "Name": "SCB 10.1.17" }, "geometry": { "type": "Point", "coordinates": [ 73.139546135652097, 28.154773882724498, 0.0 ] } },
{ "type": "Feature", "properties": { "Name": "SCB 10.1.16" }, "geometry": { "type": "Point", "coordinates": [ 73.139098224146196, 28.1547677974206, 0.0 ] } },
{ "type": "Feature", "properties": { "Name": "SCB 10.1.15" }, "geometry": { "type": "Point", "coordinates": [ 73.138650312779802, 28.154761710653499, 0.0 ] } },
{ "type": "Feature", "properties": { "Name": "SCB 10.1.14" }, "geometry": { "type": "Point", "coordinates": [ 73.138423472029899, 28.154925399013099, 0.0 ] } },
{ "type": "Feature", "properties": { "Name": "SCB 10.1.13" }, "geometry": { "type": "Point", "coordinates": [ 73.138871384019794, 28.154931486554101, 0.0 ] } },
{ "type": "Feature", "properties": { "Name": "SCB 10.1.12" }, "geometry": { "type": "Point", "coordinates": [ 73.139431274203304, 28.154939093922899, 0.0 ] } },
{ "type": "Feature", "properties": { "Name": "SCB 10.1.11" }, "geometry": { "type": "Point", "coordinates": [ 73.139879186507102, 28.154945178171801, 0.0 ] } },
{ "type": "Feature", "properties": { "Name": "SCB 10.1.10" }, "geometry": { "type": "Point", "coordinates": [ 73.139980454281101, 28.1555661623118, 0.0 ] } },
{ "type": "Feature", "properties": { "Name": "SCB 10.1.09" }, "geometry": { "type": "Point", "coordinates": [ 73.139857764232005, 28.156184104646101, 0.0 ] } },
{ "type": "Feature", "properties": { "Name": "SCB 10.1.08" }, "geometry": { "type": "Point", "coordinates": [ 73.139532539366797, 28.1555600782713, 0.0 ] } },
{ "type": "Feature", "properties": { "Name": "SCB 10.1.07" }, "geometry": { "type": "Point", "coordinates": [ 73.139084624592101, 28.155553992767601, 0.0 ] } },
{ "type": "Feature", "properties": { "Name": "SCB 10.1.06" }, "geometry": { "type": "Point", "coordinates": [ 73.138636709956899, 28.155547905800599, 0.0 ] } },
{ "type": "Feature", "properties": { "Name": "SCB 10.1.05" }, "geometry": { "type": "Point", "coordinates": [ 73.138188795461403, 28.155541817370501, 0.0 ] } },
{ "type": "Feature", "properties": { "Name": "SCB 10.1.04" }, "geometry": { "type": "Point", "coordinates": [ 73.138961929461601, 28.1561719340555, 0.0 ] } },
{ "type": "Feature", "properties": { "Name": "SCB 10.1.03" }, "geometry": { "type": "Point", "coordinates": [ 73.139409846776999, 28.1561780200824, 0.0 ] } },
{ "type": "Feature", "properties": { "Name": "SCB 10.1.02" }, "geometry": { "type": "Point", "coordinates": [ 73.1392871525684, 28.156795961663601, 0.0 ] } },
{ "type": "Feature", "properties": { "Name": "SCB 10.1.01" }, "geometry": { "type": "Point", "coordinates": [ 73.138839232712101, 28.1567898751134, 0.0 ] } },
{ "type": "Feature", "properties": { "Name": "SCB 9.4.19" }, "geometry": { "type": "Point", "coordinates": [ 73.140647933941196, 28.149348451666, 0.0 ] } },
{ "type": "Feature", "properties": { "Name": "SCB 9.4.18" }, "geometry": { "type": "Point", "coordinates": [ 73.141095823289902, 28.149354530833701, 0.0 ] } },
{ "type": "Feature", "properties": { "Name": "SCB 9.4.17" }, "geometry": { "type": "Point", "coordinates": [ 73.141655685171798, 28.149362127736001, 0.0 ] } },
{ "type": "Feature", "properties": { "Name": "SCB 9.4.16" }, "geometry": { "type": "Point", "coordinates": [ 73.142103574834096, 28.149368203612202, 0.0 ] } },
{ "type": "Feature", "properties": { "Name": "SCB 9.4.15" }, "geometry": { "type": "Point", "coordinates": [ 73.142550935120894, 28.1494049539766, 0.0 ] } },
{ "type": "Feature", "properties": { "Name": "SCB 9.4.14" }, "geometry": { "type": "Point", "coordinates": [ 73.143100637213195, 28.150001333893702, 0.0 ] } },
{ "type": "Feature", "properties": { "Name": "SCB 9.4.13" }, "geometry": { "type": "Point", "coordinates": [ 73.142204852251496, 28.149989186947099, 0.0 ] } },
{ "type": "Feature", "properties": { "Name": "SCB 9.4.12" }, "geometry": { "type": "Point", "coordinates": [ 73.141756959979503, 28.149983111279401, 0.0 ] } },
{ "type": "Feature", "properties": { "Name": "SCB 9.4.11" }, "geometry": { "type": "Point", "coordinates": [ 73.141197094835604, 28.1499755146376, 0.0 ] } },
{ "type": "Feature", "properties": { "Name": "SCB 9.4.10" }, "geometry": { "type": "Point", "coordinates": [ 73.140749202877203, 28.1499694356785, 0.0 ] } },
{ "type": "Feature", "properties": { "Name": "SCB 9.4.09" }, "geometry": { "type": "Point", "coordinates": [ 73.140738499149606, 28.150588899702001, 0.0 ] } },
{ "type": "Feature", "properties": { "Name": "SCB 9.4.08" }, "geometry": { "type": "Point", "coordinates": [ 73.141298367337996, 28.150596498369001, 0.0 ] } },
{ "type": "Feature", "properties": { "Name": "SCB 9.4.07" }, "geometry": { "type": "Point", "coordinates": [ 73.141746262045501, 28.150602575656801, 0.0 ] } },
{ "type": "Feature", "properties": { "Name": "SCB 9.4.06" }, "geometry": { "type": "Point", "coordinates": [ 73.142306130625798, 28.150610170209301, 0.0 ] } },
{ "type": "Feature", "properties": { "Name": "SCB 9.4.05" }, "geometry": { "type": "Point", "coordinates": [ 73.142754025646695, 28.150616244205509, 0.0 ] } },
{ "type": "Feature", "properties": { "Name": "SCB 9.4.04" }, "geometry": { "type": "Point", "coordinates": [ 73.143201920807002, 28.150622316738701, 0.0 ] } },
{ "type": "Feature", "properties": { "Name": "SCB 9.4.03" }, "geometry": { "type": "Point", "coordinates": [ 73.143191230902303, 28.151241781566998, 0.0 ] } },
{ "type": "Feature", "properties": { "Name": "SCB 9.4.02" }, "geometry": { "type": "Point", "coordinates": [ 73.142743333167104, 28.151235708876701, 0.0 ] } },
{ "type": "Feature", "properties": { "Name": "SCB 9.4.01" }, "geometry": { "type": "Point", "coordinates": [ 73.142295435571199, 28.1512296347233, 0.0 ] } },
{ "type": "Feature", "properties": { "Name": "SCB 9.3.19" }, "geometry": { "type": "Point", "coordinates": [ 73.143873763808401, 28.150631422795598, 0.0 ] } },
{ "type": "Feature", "properties": { "Name": "SCB 9.3.18" }, "geometry": { "type": "Point", "coordinates": [ 73.144433633215499, 28.150639008662001, 0.0 ] } },
{ "type": "Feature", "properties": { "Name": "SCB 9.3.17" }, "geometry": { "type": "Point", "coordinates": [ 73.145206772433497, 28.1512690905694, 0.0 ] } },
{ "type": "Feature", "properties": { "Name": "SCB 9.3.16" }, "geometry": { "type": "Point", "coordinates": [ 73.1446468995033, 28.151261507707101, 0.0 ] } },
{ "type": "Feature", "properties": { "Name": "SCB 9.3.15" }, "geometry": { "type": "Point", "coordinates": [ 73.144199001315698, 28.151255439771401, 0.0 ] } },
{ "type": "Feature", "properties": { "Name": "SCB 9.3.14" }, "geometry": { "type": "Point", "coordinates": [ 73.143751103267206, 28.1512493703727, 0.0 ] } },
{ "type": "Feature", "properties": { "Name": "SCB 9.3.13" }, "geometry": { "type": "Point", "coordinates": [ 73.144084150864003, 28.151420655472698, 0.0 ] } },
{ "type": "Feature", "properties": { "Name": "SCB 9.3.12" }, "geometry": { "type": "Point", "coordinates": [ 73.144644024443096, 28.151428240673699, 0.0 ] } },
{ "type": "Feature", "properties": { "Name": "SCB 9.3.11" }, "geometry": { "type": "Point", "coordinates": [ 73.145091923462999, 28.151434307188701, 0.0 ] } },
{ "type": "Feature", "properties": { "Name": "SCB 9.3.10" }, "geometry": { "type": "Point", "coordinates": [ 73.145539822621899, 28.1514403722407, 0.0 ] } },
{ "type": "Feature", "properties": { "Name": "SCB 9.3.09" }, "geometry": { "type": "Point", "coordinates": [ 73.145987721919994, 28.151446435829701, 0.0 ] } },
{ "type": "Feature", "properties": { "Name": "SCB 9.3.08" }, "geometry": { "type": "Point", "coordinates": [ 73.146435621357, 28.151452497955699, 0.0 ] } },
{ "type": "Feature", "properties": { "Name": "SCB 9.3.07" }, "geometry": { "type": "Point", "coordinates": [ 73.146427293604404, 28.151935906733701, 0.0 ] } },
{ "type": "Feature", "properties": { "Name": "SCB 9.3.06" }, "geometry": { "type": "Point", "coordinates": [ 73.145867416817893, 28.151928328694591, 0.0 ] } },
{ "type": "Feature", "properties": { "Name": "SCB 9.3.05" }, "geometry": { "type": "Point", "coordinates": [ 73.1454195155451, 28.151922264617401, 0.0 ] } },
{ "type": "Feature", "properties": { "Name": "SCB 9.3.04" }, "geometry": { "type": "Point", "coordinates": [ 73.144971614411403, 28.151916199077299, 0.0 ] } },
{ "type": "Feature", "properties": { "Name": "SCB 9.3.03" }, "geometry": { "type": "Point", "coordinates": [ 73.144523713416802, 28.1519101320741, 0.0 ] } },
{ "type": "Feature", "properties": { "Name": "SCB 9.3.02" }, "geometry": { "type": "Point", "coordinates": [ 73.144075812561397, 28.151904063607901, 0.0 ] } },
{ "type": "Feature", "properties": { "Name": "SCB 9.3.01" }, "geometry": { "type": "Point", "coordinates": [ 73.143744087186207, 28.151654283642699, 0.0 ] } },
{ "type": "Feature", "properties": { "Name": "SCB 9.2.19" }, "geometry": { "type": "Point", "coordinates": [ 73.140727795082498, 28.151208363665798, 0.0 ] } },
{ "type": "Feature", "properties": { "Name": "SCB 9.2.18" }, "geometry": { "type": "Point", "coordinates": [ 73.141287666489603, 28.151215962529399, 0.0 ] } },
{ "type": "Feature", "properties": { "Name": "SCB 9.2.17" }, "geometry": { "type": "Point", "coordinates": [ 73.141735563772102, 28.1512220399744, 0.0 ] } },
{ "type": "Feature", "properties": { "Name": "SCB 9.2.16" }, "geometry": { "type": "Point", "coordinates": [ 73.142960293529399, 28.151643658908998, 0.0 ] } },
{ "type": "Feature", "properties": { "Name": "SCB 9.2.15" }, "geometry": { "type": "Point", "coordinates": [ 73.142400419365103, 28.151636066774699, 0.0 ] } },
{ "type": "Feature", "properties": { "Name": "SCB 9.2.14" }, "geometry": { "type": "Point", "coordinates": [ 73.1419525201905, 28.151629991421402, 0.0 ] } },
{ "type": "Feature", "properties": { "Name": "SCB 9.2.13" }, "geometry": { "type": "Point", "coordinates": [ 73.141392646418097, 28.151622395172499, 0.0 ] } },
{ "type": "Feature", "properties": { "Name": "SCB 9.2.12" }, "geometry": { "type": "Point", "coordinates": [ 73.140944747557, 28.151616316527502, 0.0 ] } },
{ "type": "Feature", "properties": { "Name": "SCB 9.2.11" }, "geometry": { "type": "Point", "coordinates": [ 73.140604585653094, 28.1518569833896, 0.0 ] } },
{ "type": "Feature", "properties": { "Name": "SCB 9.2.10" }, "geometry": { "type": "Point", "coordinates": [ 73.141276435369306, 28.1518661025477, 0.0 ] } },
{ "type": "Feature", "properties": { "Name": "SCB 9.2.09" }, "geometry": { "type": "Point", "coordinates": [ 73.141724335354297, 28.151872180157699, 0.0 ] } },
{ "type": "Feature", "properties": { "Name": "SCB 9.2.08" }, "geometry": { "type": "Point", "coordinates": [ 73.142284210531599, 28.151879775112899, 0.0 ] } },
{ "type": "Feature", "properties": { "Name": "SCB 9.2.07" }, "geometry": { "type": "Point", "coordinates": [ 73.142732110830195, 28.151885849431199, 0.0 ] } },
{ "type": "Feature", "properties": { "Name": "SCB 9.2.06" }, "geometry": { "type": "Point", "coordinates": [ 73.143180011268001, 28.151891922286399, 0.0 ] } },
{ "type": "Feature", "properties": { "Name": "SCB 9.2.05" }, "geometry": { "type": "Point", "coordinates": [ 73.142721417655494, 28.152505313979901, 0.0 ] } },
{ "type": "Feature", "properties": { "Name": "SCB 9.2.04" }, "geometry": { "type": "Point", "coordinates": [ 73.142273514781806, 28.1524992395045, 0.0 ] } },
{ "type": "Feature", "properties": { "Name": "SCB 9.2.03" }, "geometry": { "type": "Point", "coordinates": [ 73.141713636385603, 28.1524916443528, 0.0 ] } },
{ "type": "Feature", "properties": { "Name": "SCB 9.2.02" }, "geometry": { "type": "Point", "coordinates": [ 73.141265733825307, 28.1524855665856, 0.0 ] } },
{ "type": "Feature", "properties": { "Name": "SCB 9.2.01" }, "geometry": { "type": "Point", "coordinates": [ 73.140817831404505, 28.152479487355301, 0.0 ] } },
{ "type": "Feature", "properties": { "Name": "SCB 9.1.19" }, "geometry": { "type": "Point", "coordinates": [ 73.143281296443504, 28.1525129050167, 0.0 ] } },
{ "type": "Feature", "properties": { "Name": "SCB 9.1.18" }, "geometry": { "type": "Point", "coordinates": [ 73.143729200720202, 28.152518913043899, 0.0 ] } },
{ "type": "Feature", "properties": { "Name": "SCB 9.1.17" }, "geometry": { "type": "Point", "coordinates": [ 73.144065127112199, 28.1525235286278, 0.0 ] } },
{ "type": "Feature", "properties": { "Name": "SCB 9.1.16" }, "geometry": { "type": "Point", "coordinates": [ 73.144513030542797, 28.152529597251, 0.0 ] } },
{ "type": "Feature", "properties": { "Name": "SCB 9.1.15" }, "geometry": { "type": "Point", "coordinates": [ 73.145072910026798, 28.152537180972502, 0.0 ] } },
{ "type": "Feature", "properties": { "Name": "SCB 9.1.14" }, "geometry": { "type": "Point", "coordinates": [ 73.145520813770403, 28.1525432463039, 0.0 ] } },
{ "type": "Feature", "properties": { "Name": "SCB 9.1.13" }, "geometry": { "type": "Point", "coordinates": [ 73.145968717653204, 28.152549310172091, 0.0 ] } },
{ "type": "Feature", "properties": { "Name": "SCB 9.1.12" }, "geometry": { "type": "Point", "coordinates": [ 73.146416621674902, 28.1525553725774, 0.0 ] } },
{ "type": "Feature", "properties": { "Name": "SCB 9.1.11" }, "geometry": { "type": "Point", "coordinates": [ 73.146405949406997, 28.153174838361299, 0.0 ] } },
{ "type": "Feature", "properties": { "Name": "SCB 9.1.10" }, "geometry": { "type": "Point", "coordinates": [ 73.146395276800604, 28.153794304085409, 0.0 ] } },
{ "type": "Feature", "properties": { "Name": "SCB 9.1.09" }, "geometry": { "type": "Point", "coordinates": [ 73.145846066182401, 28.1531672599301, 0.0 ] } },
{ "type": "Feature", "properties": { "Name": "SCB 9.1.08" }, "geometry": { "type": "Point", "coordinates": [ 73.145398159759196, 28.153161195539202, 0.0 ] } },
{ "type": "Feature", "properties": { "Name": "SCB 9.1.07" }, "geometry": { "type": "Point", "coordinates": [ 73.144838276925697, 28.153153612993101, 0.0 ] } },
{ "type": "Feature", "properties": { "Name": "SCB 9.1.06" }, "geometry": { "type": "Point", "coordinates": [ 73.144390370815501, 28.153147545310201, 0.0 ] } },
{ "type": "Feature", "properties": { "Name": "SCB 9.1.05" }, "geometry": { "type": "Point", "coordinates": [ 73.143830488373396, 28.153139958649199, 0.0 ] } },
{ "type": "Feature", "properties": { "Name": "SCB 9.1.04" }, "geometry": { "type": "Point", "coordinates": [ 73.143270606148704, 28.153132369702, 0.0 ] } },
{ "type": "Feature", "properties": { "Name": "SCB 9.1.03" }, "geometry": { "type": "Point", "coordinates": [ 73.142598747766399, 28.1531232599479, 0.0 ] } },
{ "type": "Feature", "properties": { "Name": "SCB 9.1.02" }, "geometry": { "type": "Point", "coordinates": [ 73.142150842352294, 28.1531171849496, 0.0 ] } },
{ "type": "Feature", "properties": { "Name": "SCB 9.1.01" }, "geometry": { "type": "Point", "coordinates": [ 73.143371892586302, 28.153753352339201, 0.0 ] } },
{ "type": "Feature", "properties": { "Name": "SCB 8.4.18" }, "geometry": { "type": "Point", "coordinates": [ 73.150324470087398, 28.146751176492099, 0.0 ] } },
{ "type": "Feature", "properties": { "Name": "SCB 8.4.17" }, "geometry": { "type": "Point", "coordinates": [ 73.149764619030805, 28.1467436156513, 0.0 ] } },
{ "type": "Feature", "properties": { "Name": "SCB 8.4.16" }, "geometry": { "type": "Point", "coordinates": [ 73.151318221679006, 28.1475786446046, 0.0 ] } },
{ "type": "Feature", "properties": { "Name": "SCB 8.4.15" }, "geometry": { "type": "Point", "coordinates": [ 73.150758366004297, 28.147571087620801, 0.0 ] } },
{ "type": "Feature", "properties": { "Name": "SCB 8.4.14" }, "geometry": { "type": "Point", "coordinates": [ 73.150313822901893, 28.147370644172199, 0.0 ] } },
{ "type": "Feature", "properties": { "Name": "SCB 8.4.13" }, "geometry": { "type": "Point", "coordinates": [ 73.149865939464803, 28.1473645955259, 0.0 ] } },
{ "type": "Feature", "properties": { "Name": "SCB 8.4.12" }, "geometry": { "type": "Point", "coordinates": [ 73.149418056166397, 28.1473585454168, 0.0 ] } },
{ "type": "Feature", "properties": { "Name": "SCB 8.4.11" }, "geometry": { "type": "Point", "coordinates": [ 73.150975350981099, 28.147979026249399, 0.0 ] } },
{ "type": "Feature", "properties": { "Name": "SCB 8.4.10" }, "geometry": { "type": "Point", "coordinates": [ 73.150527464845098, 28.1479729796459, 0.0 ] } },
{ "type": "Feature", "properties": { "Name": "SCB 8.4.09" }, "geometry": { "type": "Point", "coordinates": [ 73.149967260856897, 28.147985575327599, 0.0 ] } },
{ "type": "Feature", "properties": { "Name": "SCB 8.4.08" }, "geometry": { "type": "Point", "coordinates": [ 73.149519374949193, 28.147979525427701, 0.0 ] } },
{ "type": "Feature", "properties": { "Name": "SCB 8.4.07" }, "geometry": { "type": "Point", "coordinates": [ 73.149071489180301, 28.1479734740651, 0.0 ] } },
{ "type": "Feature", "properties": { "Name": "SCB 8.4.06" }, "geometry": { "type": "Point", "coordinates": [ 73.149620694690199, 28.148600505365799, 0.0 ] } },
{ "type": "Feature", "properties": { "Name": "SCB 8.4.05" }, "geometry": { "type": "Point", "coordinates": [ 73.149284778393493, 28.148595967137702, 0.0 ] } },
{ "type": "Feature", "properties": { "Name": "SCB 8.4.04" }, "geometry": { "type": "Point", "coordinates": [ 73.148724918072304, 28.148588401595902, 0.0 ] } },
{ "type": "Feature", "properties": { "Name": "SCB 8.4.03" }, "geometry": { "type": "Point", "coordinates": [ 73.1492741244016, 28.1492154342865, 0.0 ] } },
{ "type": "Feature", "properties": { "Name": "SCB 8.4.02" }, "geometry": { "type": "Point", "coordinates": [ 73.148938206251898, 28.149210895118191, 0.0 ] } },
{ "type": "Feature", "properties": { "Name": "SCB 8.4.01" }, "geometry": { "type": "Point", "coordinates": [ 73.148378342842406, 28.149203328009101, 0.0 ] } },
{ "type": "Feature", "properties": { "Name": "SCB 8.3.18" }, "geometry": { "type": "Point", "coordinates": [ 73.1506287904472, 28.148593959113899, 0.0 ] } },
{ "type": "Feature", "properties": { "Name": "SCB 8.3.17" }, "geometry": { "type": "Point", "coordinates": [ 73.150180555358304, 28.148608067250599, 0.0 ] } },
{ "type": "Feature", "properties": { "Name": "SCB 8.3.16" }, "geometry": { "type": "Point", "coordinates": [ 73.150281879319294, 28.149229046854199, 0.0 ] } },
{ "type": "Feature", "properties": { "Name": "SCB 8.3.15" }, "geometry": { "type": "Point", "coordinates": [ 73.149833988158093, 28.149222997738399, 0.0 ] } },
{ "type": "Feature", "properties": { "Name": "SCB 8.3.14" }, "geometry": { "type": "Point", "coordinates": [ 73.150271230782906, 28.1498485142954, 0.0 ] } },
{ "type": "Feature", "properties": { "Name": "SCB 8.3.13" }, "geometry": { "type": "Point", "coordinates": [ 73.149823337046897, 28.149842465023099, 0.0 ] } },
{ "type": "Feature", "properties": { "Name": "SCB 8.3.12" }, "geometry": { "type": "Point", "coordinates": [ 73.154487572088797, 28.1521597043063, 0.0 ] } },
{ "type": "Feature", "properties": { "Name": "SCB 8.3.11" }, "geometry": { "type": "Point", "coordinates": [ 73.153927691583903, 28.152152159149299, 0.0 ] } },
{ "type": "Feature", "properties": { "Name": "SCB 8.3.10" }, "geometry": { "type": "Point", "coordinates": [ 73.153918409561697, 28.152693132790699, 0.0 ] } },
{ "type": "Feature", "properties": { "Name": "SCB 8.3.09" }, "geometry": { "type": "Point", "coordinates": [ 73.153703832645803, 28.152143708966399, 0.0 ] } },
{ "type": "Feature", "properties": { "Name": "SCB 8.3.08" }, "geometry": { "type": "Point", "coordinates": [ 73.153367378022295, 28.1521698563539, 0.0 ] } },
{ "type": "Feature", "properties": { "Name": "SCB 8.3.07" }, "geometry": { "type": "Point", "coordinates": [ 73.152921880183001, 28.1520236449275, 0.0 ] } },
{ "type": "Feature", "properties": { "Name": "SCB 8.3.06" }, "geometry": { "type": "Point", "coordinates": [ 73.152362000881098, 28.152016093405901, 0.0 ] } },
{ "type": "Feature", "properties": { "Name": "SCB 8.3.05" }, "geometry": { "type": "Point", "coordinates": [ 73.151914097595494, 28.1520100505427, 0.0 ] } },
{ "type": "Feature", "properties": { "Name": "SCB 8.3.04" }, "geometry": { "type": "Point", "coordinates": [ 73.152911245594098, 28.152643113040899, 0.0 ] } },
{ "type": "Feature", "properties": { "Name": "SCB 8.3.03" }, "geometry": { "type": "Point", "coordinates": [ 73.152463339560001, 28.152637071850201, 0.0 ] } },
{ "type": "Feature", "properties": { "Name": "SCB 8.3.02" }, "geometry": { "type": "Point", "coordinates": [ 73.151903457212399, 28.152629518304401, 0.0 ] } },
{ "type": "Feature", "properties": { "Name": "SCB 8.3.01" }, "geometry": { "type": "Point", "coordinates": [ 73.151567527907702, 28.152624985079601, 0.0 ] } },
{ "type": "Feature", "properties": { "Name": "SCB 8.2.18" }, "geometry": { "type": "Point", "coordinates": [ 73.147344957635397, 28.150678418319099, 0.0 ] } },
{ "type": "Feature", "properties": { "Name": "SCB 8.2.17" }, "geometry": { "type": "Point", "coordinates": [ 73.149134154781706, 28.150841584198201, 0.0 ] } },
{ "type": "Feature", "properties": { "Name": "SCB 8.2.16" }, "geometry": { "type": "Point", "coordinates": [ 73.148574282828505, 28.1508340174891, 0.0 ] } },
{ "type": "Feature", "properties": { "Name": "SCB 8.2.15" }, "geometry": { "type": "Point", "coordinates": [ 73.148126385422103, 28.150827962476001, 0.0 ] } },
{ "type": "Feature", "properties": { "Name": "SCB 8.2.14" }, "geometry": { "type": "Point", "coordinates": [ 73.1475683777971, 28.150712123303499, 0.0 ] } },
{ "type": "Feature", "properties": { "Name": "SCB 8.2.13" }, "geometry": { "type": "Point", "coordinates": [ 73.147008507013993, 28.150704550228198, 0.0 ] } },
{ "type": "Feature", "properties": { "Name": "SCB 8.2.12" }, "geometry": { "type": "Point", "coordinates": [ 73.149011523868595, 28.151459537893, 0.0 ] } },
{ "type": "Feature", "properties": { "Name": "SCB 8.2.11" }, "geometry": { "type": "Point", "coordinates": [ 73.148563623748302, 28.151453484186199, 0.0 ] } },
{ "type": "Feature", "properties": { "Name": "SCB 8.2.10" }, "geometry": { "type": "Point", "coordinates": [ 73.148003748793101, 28.151445914995399, 0.0 ] } },
{ "type": "Feature", "properties": { "Name": "SCB 8.2.09" }, "geometry": { "type": "Point", "coordinates": [ 73.147557712982106, 28.1513315896586, 0.0 ] } },
{ "type": "Feature", "properties": { "Name": "SCB 8.2.08" }, "geometry": { "type": "Point", "coordinates": [ 73.146997838980198, 28.151324016387399, 0.0 ] } },
{ "type": "Feature", "properties": { "Name": "SCB 8.2.07" }, "geometry": { "type": "Point", "coordinates": [ 73.149000867025407, 28.152079004687, 0.0 ] } },
{ "type": "Feature", "properties": { "Name": "SCB 8.2.06" }, "geometry": { "type": "Point", "coordinates": [ 73.148440988677805, 28.152071437129202, 0.0 ] } },
{ "type": "Feature", "properties": { "Name": "SCB 8.2.05" }, "geometry": { "type": "Point", "coordinates": [ 73.147993086155907, 28.152065381437001, 0.0 ] } },
{ "type": "Feature", "properties": { "Name": "SCB 8.2.04" }, "geometry": { "type": "Point", "coordinates": [ 73.147547047828894, 28.151951055953901, 0.0 ] } },
{ "type": "Feature", "properties": { "Name": "SCB 8.2.03" }, "geometry": { "type": "Point", "coordinates": [ 73.146987170608099, 28.1519434824868, 0.0 ] } },
{ "type": "Feature", "properties": { "Name": "SCB 8.2.02" }, "geometry": { "type": "Point", "coordinates": [ 73.148430328277598, 28.1526909036677, 0.0 ] } },
{ "type": "Feature", "properties": { "Name": "SCB 8.2.01" }, "geometry": { "type": "Point", "coordinates": [ 73.147982423180494, 28.152684847818801, 0.0 ] } },
{ "type": "Feature", "properties": { "Name": "SCB 8.1.18" }, "geometry": { "type": "Point", "coordinates": [ 73.151039581494402, 28.150759025349899, 0.0 ] } },
{ "type": "Feature", "properties": { "Name": "SCB 8.1.17" }, "geometry": { "type": "Point", "coordinates": [ 73.150479709366707, 28.150751466447002, 0.0 ] } },
{ "type": "Feature", "properties": { "Name": "SCB 8.1.16" }, "geometry": { "type": "Point", "coordinates": [ 73.150031811820497, 28.150745417678799, 0.0 ] } },
{ "type": "Feature", "properties": { "Name": "SCB 8.1.15" }, "geometry": { "type": "Point", "coordinates": [ 73.1496948988962, 28.150798442884099, 0.0 ] } },
{ "type": "Feature", "properties": { "Name": "SCB 8.1.14" }, "geometry": { "type": "Point", "coordinates": [ 73.150916961549399, 28.151376981281601, 0.0 ] } },
{ "type": "Feature", "properties": { "Name": "SCB 8.1.13" }, "geometry": { "type": "Point", "coordinates": [ 73.150469061289499, 28.151370933819901, 0.0 ] } },
{ "type": "Feature", "properties": { "Name": "SCB 8.1.12" }, "geometry": { "type": "Point", "coordinates": [ 73.149909186159604, 28.151363372435501, 0.0 ] } },
{ "type": "Feature", "properties": { "Name": "SCB 8.1.11" }, "geometry": { "type": "Point", "coordinates": [ 73.149457683248897, 28.151523593942901, 0.0 ] } },
{ "type": "Feature", "properties": { "Name": "SCB 8.1.10" }, "geometry": { "type": "Point", "coordinates": [ 73.151354279761094, 28.152002495730599, 0.0 ] } },
{ "type": "Feature", "properties": { "Name": "SCB 8.1.09" }, "geometry": { "type": "Point", "coordinates": [ 73.150906315709705, 28.151996448751198, 0.0 ] } },
{ "type": "Feature", "properties": { "Name": "SCB 8.1.08" }, "geometry": { "type": "Point", "coordinates": [ 73.150458412874599, 28.151990401133101, 0.0 ] } },
{ "type": "Feature", "properties": { "Name": "SCB 8.1.07" }, "geometry": { "type": "Point", "coordinates": [ 73.149898534525803, 28.151982839553, 0.0 ] } },
{ "type": "Feature", "properties": { "Name": "SCB 8.1.06" }, "geometry": { "type": "Point", "coordinates": [ 73.149561617642206, 28.152035864234399, 0.0 ] } },
{ "type": "Feature", "properties": { "Name": "SCB 8.1.05" }, "geometry": { "type": "Point", "coordinates": [ 73.150895669532204, 28.152615916161, 0.0 ] } },
{ "type": "Feature", "properties": { "Name": "SCB 8.1.04" }, "geometry": { "type": "Point", "coordinates": [ 73.150447764121907, 28.152609868386499, 0.0 ] } },
{ "type": "Feature", "properties": { "Name": "SCB 8.1.03" }, "geometry": { "type": "Point", "coordinates": [ 73.149887882554097, 28.152602306610799, 0.0 ] } },
{ "type": "Feature", "properties": { "Name": "SCB 8.1.02" }, "geometry": { "type": "Point", "coordinates": [ 73.149438115253702, 28.152704523978109, 0.0 ] } },
{ "type": "Feature", "properties": { "Name": "SCB 8.1.01" }, "geometry": { "type": "Point", "coordinates": [ 73.1489902098443, 28.1526984714212, 0.0 ] } },
{ "type": "Feature", "properties": { "Name": "SCB 7.4.18" }, "geometry": { "type": "Point", "coordinates": [ 73.133628543000697, 28.147238581292001, 0.0 ] } },
{ "type": "Feature", "properties": { "Name": "SCB 7.4.17" }, "geometry": { "type": "Point", "coordinates": [ 73.133393858899296, 28.147854991573801, 0.0 ] } },
{ "type": "Feature", "properties": { "Name": "SCB 7.4.16" }, "geometry": { "type": "Point", "coordinates": [ 73.134065680876503, 28.147864144900499, 0.0 ] } },
{ "type": "Feature", "properties": { "Name": "SCB 7.4.15" }, "geometry": { "type": "Point", "coordinates": [ 73.134513562369605, 28.147870245289901, 0.0 ] } },
{ "type": "Feature", "properties": { "Name": "SCB 7.4.14" }, "geometry": { "type": "Point", "coordinates": [ 73.135070718835905, 28.148033413205798, 0.0 ] } },
{ "type": "Feature", "properties": { "Name": "SCB 7.4.13" }, "geometry": { "type": "Point", "coordinates": [ 73.134502823700601, 28.1484897073022, 0.0 ] } },
{ "type": "Feature", "properties": { "Name": "SCB 7.4.12" }, "geometry": { "type": "Point", "coordinates": [ 73.134054939633003, 28.148483606754901, 0.0 ] } },
{ "type": "Feature", "properties": { "Name": "SCB 7.4.11" }, "geometry": { "type": "Point", "coordinates": [ 73.133495084745206, 28.148475979013899, 0.0 ] } },
{ "type": "Feature", "properties": { "Name": "SCB 7.4.10" }, "geometry": { "type": "Point", "coordinates": [ 73.133103186453795, 28.148470638235199, 0.0 ] } },
{ "type": "Feature", "properties": { "Name": "SCB 7.4.09" }, "geometry": { "type": "Point", "coordinates": [ 73.132817570342198, 28.148804069086609, 0.0 ] } },
{ "type": "Feature", "properties": { "Name": "SCB 7.4.08" }, "geometry": { "type": "Point", "coordinates": [ 73.133488142870306, 28.148880891606201, 0.0 ] } },
{ "type": "Feature", "properties": { "Name": "SCB 7.4.07" }, "geometry": { "type": "Point", "coordinates": [ 73.133936028446001, 28.148886994084901, 0.0 ] } },
{ "type": "Feature", "properties": { "Name": "SCB 7.4.06" }, "geometry": { "type": "Point", "coordinates": [ 73.134495885612395, 28.1488946201261, 0.0 ] } },
{ "type": "Feature", "properties": { "Name": "SCB 7.4.05" }, "geometry": { "type": "Point", "coordinates": [ 73.135059983299698, 28.148652875400298, 0.0 ] } },
{ "type": "Feature", "properties": { "Name": "SCB 7.4.04" }, "geometry": { "type": "Point", "coordinates": [ 73.135507868328503, 28.148658972695891, 0.0 ] } },
{ "type": "Feature", "properties": { "Name": "SCB 7.4.03" }, "geometry": { "type": "Point", "coordinates": [ 73.136067724811099, 28.148666592258401, 0.0 ] } },
{ "type": "Feature", "properties": { "Name": "SCB 7.4.02" }, "geometry": { "type": "Point", "coordinates": [ 73.136515610154404, 28.148672686262699, 0.0 ] } },
{ "type": "Feature", "properties": { "Name": "SCB 7.4.01" }, "geometry": { "type": "Point", "coordinates": [ 73.137075467030002, 28.148680301711, 0.0 ] } },
{ "type": "Feature", "properties": { "Name": "SCB 7.3.18" }, "geometry": { "type": "Point", "coordinates": [ 73.136221290990207, 28.1462711603237, 0.0 ] } },
{ "type": "Feature", "properties": { "Name": "SCB 7.3.17" }, "geometry": { "type": "Point", "coordinates": [ 73.136781135282604, 28.146278776380601, 0.0 ] } },
{ "type": "Feature", "properties": { "Name": "SCB 7.3.16" }, "geometry": { "type": "Point", "coordinates": [ 73.137117041962796, 28.146283344917691, 0.0 ] } },
{ "type": "Feature", "properties": { "Name": "SCB 7.3.15" }, "geometry": { "type": "Point", "coordinates": [ 73.137564972462798, 28.146286268187499, 0.0 ] } },
{ "type": "Feature", "properties": { "Name": "SCB 7.3.14" }, "geometry": { "type": "Point", "coordinates": [ 73.137900879316504, 28.146290834804301, 0.0 ] } },
{ "type": "Feature", "properties": { "Name": "SCB 7.3.13" }, "geometry": { "type": "Point", "coordinates": [ 73.138561978653797, 28.146919429157691, 0.0 ] } },
{ "type": "Feature", "properties": { "Name": "SCB 7.3.12" }, "geometry": { "type": "Point", "coordinates": [ 73.138114100082603, 28.146913342188899, 0.0 ] } },
{ "type": "Feature", "properties": { "Name": "SCB 7.3.11" }, "geometry": { "type": "Point", "coordinates": [ 73.137554252064902, 28.146905731421, 0.0 ] } },
{ "type": "Feature", "properties": { "Name": "SCB 7.3.10" }, "geometry": { "type": "Point", "coordinates": [ 73.137422103279604, 28.148065406860699, 0.0 ] } },
{ "type": "Feature", "properties": { "Name": "SCB 7.3.09" }, "geometry": { "type": "Point", "coordinates": [ 73.137635324123906, 28.148687914873701, 0.0 ] } },
{ "type": "Feature", "properties": { "Name": "SCB 7.3.08" }, "geometry": { "type": "Point", "coordinates": [ 73.138083291389904, 28.148694004865199, 0.0 ] } },
{ "type": "Feature", "properties": { "Name": "SCB 7.3.07" }, "geometry": { "type": "Point", "coordinates": [ 73.138419205855698, 28.148698570568399, 0.0 ] } },
{ "type": "Feature", "properties": { "Name": "SCB 7.3.06" }, "geometry": { "type": "Point", "coordinates": [ 73.138979063473201, 28.148706178245298, 0.0 ] } },
{ "type": "Feature", "properties": { "Name": "SCB 7.3.05" }, "geometry": { "type": "Point", "coordinates": [ 73.138974822426903, 28.1489514049278, 0.0 ] } },
{ "type": "Feature", "properties": { "Name": "SCB 7.3.04" }, "geometry": { "type": "Point", "coordinates": [ 73.138414963535396, 28.148943797173001, 0.0 ] } },
{ "type": "Feature", "properties": { "Name": "SCB 7.3.03" }, "geometry": { "type": "Point", "coordinates": [ 73.139598694181402, 28.1493799216044, 0.0 ] } },
{ "type": "Feature", "properties": { "Name": "SCB 7.3.02" }, "geometry": { "type": "Point", "coordinates": [ 73.140053073529302, 28.1493833258486, 0.0 ] } },
{ "type": "Feature", "properties": { "Name": "SCB 7.3.01" }, "geometry": { "type": "Point", "coordinates": [ 73.139977095172, 28.149281767735602, 0.0 ] } },
{ "type": "Feature", "properties": { "Name": "SCB 7.2.18" }, "geometry": { "type": "Point", "coordinates": [ 73.137291123460798, 28.1491667548202, 0.0 ] } },
{ "type": "Feature", "properties": { "Name": "SCB 7.2.17" }, "geometry": { "type": "Point", "coordinates": [ 73.136731263986405, 28.149159140132799, 0.0 ] } },
{ "type": "Feature", "properties": { "Name": "SCB 7.2.16" }, "geometry": { "type": "Point", "coordinates": [ 73.136283376563995, 28.149153046737101, 0.0 ] } },
{ "type": "Feature", "properties": { "Name": "SCB 7.2.15" }, "geometry": { "type": "Point", "coordinates": [ 73.135723517482504, 28.149145427935402, 0.0 ] } },
{ "type": "Feature", "properties": { "Name": "SCB 7.2.14" }, "geometry": { "type": "Point", "coordinates": [ 73.135275630374593, 28.149139331248399, 0.0 ] } },
{ "type": "Feature", "properties": { "Name": "SCB 7.2.13" }, "geometry": { "type": "Point", "coordinates": [ 73.134939715135403, 28.149134757773201, 0.0 ] } },
{ "type": "Feature", "properties": { "Name": "SCB 7.2.12" }, "geometry": { "type": "Point", "coordinates": [ 73.134824853393596, 28.1492999651852, 0.0 ] } },
{ "type": "Feature", "properties": { "Name": "SCB 7.2.11" }, "geometry": { "type": "Point", "coordinates": [ 73.135608656892302, 28.149310636061699, 0.0 ] } },
{ "type": "Feature", "properties": { "Name": "SCB 7.2.10" }, "geometry": { "type": "Point", "coordinates": [ 73.136056544798095, 28.149316731694, 0.0 ] } },
{ "type": "Feature", "properties": { "Name": "SCB 7.2.09" }, "geometry": { "type": "Point", "coordinates": [ 73.136616404876804, 28.149324349177409, 0.0 ] } },
{ "type": "Feature", "properties": { "Name": "SCB 7.2.08" }, "geometry": { "type": "Point", "coordinates": [ 73.137064293096998, 28.149330441518298, 0.0 ] } },
{ "type": "Feature", "properties": { "Name": "SCB 7.2.07" }, "geometry": { "type": "Point", "coordinates": [ 73.137624153568694, 28.149338054887401, 0.0 ] } },
{ "type": "Feature", "properties": { "Name": "SCB 7.2.06" }, "geometry": { "type": "Point", "coordinates": [ 73.137501459384595, 28.149955995335599, 0.0 ] } },
{ "type": "Feature", "properties": { "Name": "SCB 7.2.05" }, "geometry": { "type": "Point", "coordinates": [ 73.1370535684499, 28.149949904299898, 0.0 ] } },
{ "type": "Feature", "properties": { "Name": "SCB 7.2.04" }, "geometry": { "type": "Point", "coordinates": [ 73.136605677654899, 28.1499438118013, 0.0 ] } },
{ "type": "Feature", "properties": { "Name": "SCB 7.2.03" }, "geometry": { "type": "Point", "coordinates": [ 73.136045814357701, 28.149936194120901, 0.0 ] } },
{ "type": "Feature", "properties": { "Name": "SCB 7.2.02" }, "geometry": { "type": "Point", "coordinates": [ 73.1355979238771, 28.149930098330799, 0.0 ] } },
{ "type": "Feature", "properties": { "Name": "SCB 7.2.01" }, "geometry": { "type": "Point", "coordinates": [ 73.135038060973002, 28.149922476536101, 0.0 ] } },
{ "type": "Feature", "properties": { "Name": "SCB 7.1.18" }, "geometry": { "type": "Point", "coordinates": [ 73.138184014258599, 28.149345665970898, 0.0 ] } },
{ "type": "Feature", "properties": { "Name": "SCB 7.1.17" }, "geometry": { "type": "Point", "coordinates": [ 73.138631902967504, 28.149351753191901, 0.0 ] } },
{ "type": "Feature", "properties": { "Name": "SCB 7.1.16" }, "geometry": { "type": "Point", "coordinates": [ 73.139079791816002, 28.149357838950099, 0.0 ] } },
{ "type": "Feature", "properties": { "Name": "SCB 7.1.15" }, "geometry": { "type": "Point", "coordinates": [ 73.140188807924304, 28.149992510829499, 0.0 ] } },
{ "type": "Feature", "properties": { "Name": "SCB 7.1.14" }, "geometry": { "type": "Point", "coordinates": [ 73.139628943231003, 28.149984907777799, 0.0 ] } },
{ "type": "Feature", "properties": { "Name": "SCB 7.1.13" }, "geometry": { "type": "Point", "coordinates": [ 73.139181051633201, 28.149978823690802, 0.0 ] } },
{ "type": "Feature", "properties": { "Name": "SCB 7.1.12" }, "geometry": { "type": "Point", "coordinates": [ 73.138621187332205, 28.149971216524801, 0.0 ] } },
{ "type": "Feature", "properties": { "Name": "SCB 7.1.11" }, "geometry": { "type": "Point", "coordinates": [ 73.138061323249303, 28.149963607073101, 0.0 ] } },
{ "type": "Feature", "properties": { "Name": "SCB 7.1.10" }, "geometry": { "type": "Point", "coordinates": [ 73.138386524410294, 28.150587636212698, 0.0 ] } },
{ "type": "Feature", "properties": { "Name": "SCB 7.1.09" }, "geometry": { "type": "Point", "coordinates": [ 73.138722444843594, 28.1505922014533, 0.0 ] } },
{ "type": "Feature", "properties": { "Name": "SCB 7.1.08" }, "geometry": { "type": "Point", "coordinates": [ 73.139170338876696, 28.150598287160701, 0.0 ] } },
{ "type": "Feature", "properties": { "Name": "SCB 7.1.07" }, "geometry": { "type": "Point", "coordinates": [ 73.139618233049305, 28.150604371405102, 0.0 ] } },
{ "type": "Feature", "properties": { "Name": "SCB 7.1.06" }, "geometry": { "type": "Point", "coordinates": [ 73.140178100961293, 28.150611974653401, 0.0 ] } },
{ "type": "Feature", "properties": { "Name": "SCB 7.1.05" }, "geometry": { "type": "Point", "coordinates": [ 73.140279367911006, 28.151232958832399, 0.0 ] } },
{ "type": "Feature", "properties": { "Name": "SCB 7.1.04" }, "geometry": { "type": "Point", "coordinates": [ 73.139943445180293, 28.151228397314, 0.0 ] } },
{ "type": "Feature", "properties": { "Name": "SCB 7.1.03" }, "geometry": { "type": "Point", "coordinates": [ 73.139495548328, 28.151222314009299, 0.0 ] } },
{ "type": "Feature", "properties": { "Name": "SCB 7.1.02" }, "geometry": { "type": "Point", "coordinates": [ 73.138935677458903, 28.1512147078212, 0.0 ] } },
{ "type": "Feature", "properties": { "Name": "SCB 7.1.01" }, "geometry": { "type": "Point", "coordinates": [ 73.138375806807801, 28.1512070993473, 0.0 ] } },
{ "type": "Feature", "properties": { "Name": "SCB 5.4.18" }, "geometry": { "type": "Point", "coordinates": [ 73.121912383203394, 28.144755602191001, 0.0 ] } },
{ "type": "Feature", "properties": { "Name": "SCB 5.4.17" }, "geometry": { "type": "Point", "coordinates": [ 73.121352551596701, 28.144747925767199, 0.0 ] } },
{ "type": "Feature", "properties": { "Name": "SCB 5.4.16" }, "geometry": { "type": "Point", "coordinates": [ 73.120784345828994, 28.1452198598937, 0.0 ] } },
{ "type": "Feature", "properties": { "Name": "SCB 5.4.15" }, "geometry": { "type": "Point", "coordinates": [ 73.121229771669903, 28.145365847793201, 0.0 ] } },
{ "type": "Feature", "properties": { "Name": "SCB 5.4.14" }, "geometry": { "type": "Point", "coordinates": [ 73.121677639476502, 28.1453719896396, 0.0 ] } },
{ "type": "Feature", "properties": { "Name": "SCB 5.4.13" }, "geometry": { "type": "Point", "coordinates": [ 73.122349441450396, 28.1453811996669, 0.0 ] } },
{ "type": "Feature", "properties": { "Name": "SCB 5.4.12" }, "geometry": { "type": "Point", "coordinates": [ 73.122804504913006, 28.1449748138742, 0.0 ] } },
{ "type": "Feature", "properties": { "Name": "SCB 5.4.11" }, "geometry": { "type": "Point", "coordinates": [ 73.123017634737906, 28.145597340568301, 0.0 ] } },
{ "type": "Feature", "properties": { "Name": "SCB 5.4.10" }, "geometry": { "type": "Point", "coordinates": [ 73.123346343257595, 28.146014466817199, 0.0 ] } },
{ "type": "Feature", "properties": { "Name": "SCB 5.4.09" }, "geometry": { "type": "Point", "coordinates": [ 73.122898605164494, 28.1460007155247, 0.0 ] } },
{ "type": "Feature", "properties": { "Name": "SCB 5.4.08" }, "geometry": { "type": "Point", "coordinates": [ 73.122226666249702, 28.1459991227734, 0.0 ] } },
{ "type": "Feature", "properties": { "Name": "SCB 5.4.07" }, "geometry": { "type": "Point", "coordinates": [ 73.121890763318902, 28.145994517777801, 0.0 ] } },
{ "type": "Feature", "properties": { "Name": "SCB 5.4.06" }, "geometry": { "type": "Point", "coordinates": [ 73.121992122669596, 28.146603962148699, 0.0 ] } },
{ "type": "Feature", "properties": { "Name": "SCB 5.4.05" }, "geometry": { "type": "Point", "coordinates": [ 73.122439794342199, 28.1466216502156, 0.0 ] } },
{ "type": "Feature", "properties": { "Name": "SCB 5.4.04" }, "geometry": { "type": "Point", "coordinates": [ 73.122884058237304, 28.146834722469201, 0.0 ] } },
{ "type": "Feature", "properties": { "Name": "SCB 5.4.03" }, "geometry": { "type": "Point", "coordinates": [ 73.122876995501301, 28.147239631588199, 0.0 ] } },
{ "type": "Feature", "properties": { "Name": "SCB 5.4.02" }, "geometry": { "type": "Point", "coordinates": [ 73.122317017803496, 28.1472395732542, 0.0 ] } },
{ "type": "Feature", "properties": { "Name": "SCB 5.4.01" }, "geometry": { "type": "Point", "coordinates": [ 73.121872886415105, 28.147018884379801, 0.0 ] } },
{ "type": "Feature", "properties": { "Name": "SCB 5.3.18" }, "geometry": { "type": "Point", "coordinates": [ 73.123324738734595, 28.147253383196901, 0.0 ] } },
{ "type": "Feature", "properties": { "Name": "SCB 5.3.17" }, "geometry": { "type": "Point", "coordinates": [ 73.123335541167407, 28.146633925037001, 0.0 ] } },
{ "type": "Feature", "properties": { "Name": "SCB 5.3.16" }, "geometry": { "type": "Point", "coordinates": [ 73.124130117686306, 28.146025202208801, 0.0 ] } },
{ "type": "Feature", "properties": { "Name": "SCB 5.3.15" }, "geometry": { "type": "Point", "coordinates": [ 73.124689956827694, 28.146032867603399, 0.0 ] } },
{ "type": "Feature", "properties": { "Name": "SCB 5.3.14" }, "geometry": { "type": "Point", "coordinates": [ 73.125137828299103, 28.1460389982735, 0.0 ] } },
{ "type": "Feature", "properties": { "Name": "SCB 5.3.13" }, "geometry": { "type": "Point", "coordinates": [ 73.125698579190001, 28.145994330468799, 0.0 ] } },
{ "type": "Feature", "properties": { "Name": "SCB 5.3.12" }, "geometry": { "type": "Point", "coordinates": [ 73.125799759166597, 28.1466153215448, 0.0 ] } },
{ "type": "Feature", "properties": { "Name": "SCB 5.3.11" }, "geometry": { "type": "Point", "coordinates": [ 73.125239916639799, 28.146607660539399, 0.0 ] } },
{ "type": "Feature", "properties": { "Name": "SCB 5.3.10" }, "geometry": { "type": "Point", "coordinates": [ 73.124791130958599, 28.146653859143498, 0.0 ] } },
{ "type": "Feature", "properties": { "Name": "SCB 5.3.09" }, "geometry": { "type": "Point", "coordinates": [ 73.124231288555407, 28.146646194007701, 0.0 ] } },
{ "type": "Feature", "properties": { "Name": "SCB 5.3.08" }, "geometry": { "type": "Point", "coordinates": [ 73.123783414791006, 28.146640060253699, 0.0 ] } },
{ "type": "Feature", "properties": { "Name": "SCB 5.3.07" }, "geometry": { "type": "Point", "coordinates": [ 73.123772614932605, 28.147259518572302, 0.0 ] } },
{ "type": "Feature", "properties": { "Name": "SCB 5.3.06" }, "geometry": { "type": "Point", "coordinates": [ 73.124220491271302, 28.1472656524851, 0.0 ] } },
{ "type": "Feature", "properties": { "Name": "SCB 5.3.05" }, "geometry": { "type": "Point", "coordinates": [ 73.124780336892499, 28.147273317819199, 0.0 ] } },
{ "type": "Feature", "properties": { "Name": "SCB 5.3.04" }, "geometry": { "type": "Point", "coordinates": [ 73.125229125177, 28.147227119378702, 0.0 ] } },
{ "type": "Feature", "properties": { "Name": "SCB 5.3.03" }, "geometry": { "type": "Point", "coordinates": [ 73.125788970921704, 28.147234780582298, 0.0 ] } },
{ "type": "Feature", "properties": { "Name": "SCB 5.3.02" }, "geometry": { "type": "Point", "coordinates": [ 73.125784700090705, 28.147480005469198, 0.0 ] } },
{ "type": "Feature", "properties": { "Name": "SCB 5.3.01" }, "geometry": { "type": "Point", "coordinates": [ 73.125223494097597, 28.1475503505756, 0.0 ] } },
{ "type": "Feature", "properties": { "Name": "SCB 5.2.18" }, "geometry": { "type": "Point", "coordinates": [ 73.122309952814902, 28.147644482217402, 0.0 ] } },
{ "type": "Feature", "properties": { "Name": "SCB 5.2.17" }, "geometry": { "type": "Point", "coordinates": [ 73.122868975603495, 28.147699404918999, 0.0 ] } },
{ "type": "Feature", "properties": { "Name": "SCB 5.2.16" }, "geometry": { "type": "Point", "coordinates": [ 73.122641582909694, 28.147894310861901, 0.0 ] } },
{ "type": "Feature", "properties": { "Name": "SCB 5.2.15" }, "geometry": { "type": "Point", "coordinates": [ 73.122193704361607, 28.147888171663102, 0.0 ] } },
{ "type": "Feature", "properties": { "Name": "SCB 5.2.14" }, "geometry": { "type": "Point", "coordinates": [ 73.121745825954306, 28.1478820310016, 0.0 ] } },
{ "type": "Feature", "properties": { "Name": "SCB 5.2.13" }, "geometry": { "type": "Point", "coordinates": [ 73.122070924531599, 28.148506094235401, 0.0 ] } },
{ "type": "Feature", "properties": { "Name": "SCB 5.2.12" }, "geometry": { "type": "Point", "coordinates": [ 73.1215110733703, 28.148498417524198, 0.0 ] } },
{ "type": "Feature", "properties": { "Name": "SCB 5.2.11" }, "geometry": { "type": "Point", "coordinates": [ 73.120944559980202, 28.148872279529101, 0.0 ] } },
{ "type": "Feature", "properties": { "Name": "SCB 5.2.10" }, "geometry": { "type": "Point", "coordinates": [ 73.121276317904105, 28.149114803462499, 0.0 ] } },
{ "type": "Feature", "properties": { "Name": "SCB 5.2.09" }, "geometry": { "type": "Point", "coordinates": [ 73.121724201319694, 28.1491209459045, 0.0 ] } },
{ "type": "Feature", "properties": { "Name": "SCB 5.2.08" }, "geometry": { "type": "Point", "coordinates": [ 73.120933742774596, 28.149491736635699, 0.0 ] } },
{ "type": "Feature", "properties": { "Name": "SCB 5.2.07" }, "geometry": { "type": "Point", "coordinates": [ 73.120597829195205, 28.149487127947999, 0.0 ] } },
{ "type": "Feature", "properties": { "Name": "SCB 5.2.06" }, "geometry": { "type": "Point", "coordinates": [ 73.120261915695195, 28.149482518437399, 0.0 ] } },
{ "type": "Feature", "properties": { "Name": "SCB 5.2.05" }, "geometry": { "type": "Point", "coordinates": [ 73.119814031151705, 28.1494763711435, 0.0 ] } },
{ "type": "Feature", "properties": { "Name": "SCB 5.2.04" }, "geometry": { "type": "Point", "coordinates": [ 73.119254175670704, 28.149468684968902, 0.0 ] } },
{ "type": "Feature", "properties": { "Name": "SCB 5.2.03" }, "geometry": { "type": "Point", "coordinates": [ 73.120251094284399, 28.1501019752457, 0.0 ] } },
{ "type": "Feature", "properties": { "Name": "SCB 5.2.02" }, "geometry": { "type": "Point", "coordinates": [ 73.119803207166299, 28.150095827792601, 0.0 ] } },
{ "type": "Feature", "properties": { "Name": "SCB 5.2.01" }, "geometry": { "type": "Point", "coordinates": [ 73.119243348466895, 28.1500881414193, 0.0 ] } },
{ "type": "Feature", "properties": { "Name": "SCB 5.1.18" }, "geometry": { "type": "Point", "coordinates": [ 73.124773281159094, 28.147678227353001, 0.0 ] } },
{ "type": "Feature", "properties": { "Name": "SCB 5.1.17" }, "geometry": { "type": "Point", "coordinates": [ 73.124325402961802, 28.1476720951649, 0.0 ] } },
{ "type": "Feature", "properties": { "Name": "SCB 5.1.16" }, "geometry": { "type": "Point", "coordinates": [ 73.123765555413001, 28.147664427872801, 0.0 ] } },
{ "type": "Feature", "properties": { "Name": "SCB 5.1.15" }, "geometry": { "type": "Point", "coordinates": [ 73.125889617924699, 28.1478864472321, 0.0 ] } },
{ "type": "Feature", "properties": { "Name": "SCB 5.1.14" }, "geometry": { "type": "Point", "coordinates": [ 73.125329768758604, 28.147878786277602, 0.0 ] } },
{ "type": "Feature", "properties": { "Name": "SCB 5.1.13" }, "geometry": { "type": "Point", "coordinates": [ 73.124880977761094, 28.147924984915299, 0.0 ] } },
{ "type": "Feature", "properties": { "Name": "SCB 5.1.12" }, "geometry": { "type": "Point", "coordinates": [ 73.124321128718606, 28.1479173198301, 0.0 ] } },
{ "type": "Feature", "properties": { "Name": "SCB 5.1.11" }, "geometry": { "type": "Point", "coordinates": [ 73.125654888642103, 28.1485028419998, 0.0 ] } },
{ "type": "Feature", "properties": { "Name": "SCB 5.1.10" }, "geometry": { "type": "Point", "coordinates": [ 73.125207006787406, 28.148496712529099, 0.0 ] } },
{ "type": "Feature", "properties": { "Name": "SCB 5.1.09" }, "geometry": { "type": "Point", "coordinates": [ 73.124758213167198, 28.148542910634099, 0.0 ] } },
{ "type": "Feature", "properties": { "Name": "SCB 5.1.08" }, "geometry": { "type": "Point", "coordinates": [ 73.124198360950501, 28.148535244893601, 0.0 ] } },
{ "type": "Feature", "properties": { "Name": "SCB 5.1.07" }, "geometry": { "type": "Point", "coordinates": [ 73.125644098710097, 28.1491223008153, 0.0 ] } },
{ "type": "Feature", "properties": { "Name": "SCB 5.1.06" }, "geometry": { "type": "Point", "coordinates": [ 73.125196214280805, 28.149116171186002, 0.0 ] } },
{ "type": "Feature", "properties": { "Name": "SCB 5.1.05" }, "geometry": { "type": "Point", "coordinates": [ 73.124635446952496, 28.149160836122402, 0.0 ] } },
{ "type": "Feature", "properties": { "Name": "SCB 5.1.04" }, "geometry": { "type": "Point", "coordinates": [ 73.125521336671696, 28.149740227260999, 0.0 ] } },
{ "type": "Feature", "properties": { "Name": "SCB 5.1.03" }, "geometry": { "type": "Point", "coordinates": [ 73.125072537902, 28.149786426145798, 0.0 ] } },
{ "type": "Feature", "properties": { "Name": "SCB 5.1.02" }, "geometry": { "type": "Point", "coordinates": [ 73.124512679116805, 28.149778761379999, 0.0 ] } },
{ "type": "Feature", "properties": { "Name": "SCB 5.1.01" }, "geometry": { "type": "Point", "coordinates": [ 73.125398573012504, 28.150358153476201, 0.0 ] } },
{ "type": "Feature", "properties": { "Name": "SCB 4.4.18" }, "geometry": { "type": "Point", "coordinates": [ 73.126337531831197, 28.1414574939866, 0.0 ] } },
{ "type": "Feature", "properties": { "Name": "SCB 4.4.17" }, "geometry": { "type": "Point", "coordinates": [ 73.123196006989502, 28.141790747044901, 0.0 ] } },
{ "type": "Feature", "properties": { "Name": "SCB 4.4.16" }, "geometry": { "type": "Point", "coordinates": [ 73.123755823813397, 28.141798415200999, 0.0 ] } },
{ "type": "Feature", "properties": { "Name": "SCB 4.4.15" }, "geometry": { "type": "Point", "coordinates": [ 73.124203677430799, 28.141804548080799, 0.0 ] } },
{ "type": "Feature", "properties": { "Name": "SCB 4.4.14" }, "geometry": { "type": "Point", "coordinates": [ 73.124763494650196, 28.141812212124101, 0.0 ] } },
{ "type": "Feature", "properties": { "Name": "SCB 4.4.13" }, "geometry": { "type": "Point", "coordinates": [ 73.125211348583903, 28.141818341713599, 0.0 ] } },
{ "type": "Feature", "properties": { "Name": "SCB 4.4.12" }, "geometry": { "type": "Point", "coordinates": [ 73.125771166198703, 28.141826001644102, 0.0 ] } },
{ "type": "Feature", "properties": { "Name": "SCB 4.4.11" }, "geometry": { "type": "Point", "coordinates": [ 73.126326749012094, 28.1420769536814, 0.0 ] } },
{ "type": "Feature", "properties": { "Name": "SCB 4.4.10" }, "geometry": { "type": "Point", "coordinates": [ 73.126322480328994, 28.142322178828401, 0.0 ] } },
{ "type": "Feature", "properties": { "Name": "SCB 4.4.09" }, "geometry": { "type": "Point", "coordinates": [ 73.125760379954698, 28.142445461104401, 0.0 ] } },
{ "type": "Feature", "properties": { "Name": "SCB 4.4.08" }, "geometry": { "type": "Point", "coordinates": [ 73.125312523271603, 28.1424393331842, 0.0 ] } },
{ "type": "Feature", "properties": { "Name": "SCB 4.4.07" }, "geometry": { "type": "Point", "coordinates": [ 73.124752702615396, 28.142431671227602, 0.0 ] } },
{ "type": "Feature", "properties": { "Name": "SCB 4.4.06" }, "geometry": { "type": "Point", "coordinates": [ 73.124304846248506, 28.142425540017101, 0.0 ] } },
{ "type": "Feature", "properties": { "Name": "SCB 4.4.05" }, "geometry": { "type": "Point", "coordinates": [ 73.123745025987702, 28.142417873947501, 0.0 ] } },
{ "type": "Feature", "properties": { "Name": "SCB 4.4.04" }, "geometry": { "type": "Point", "coordinates": [ 73.123297169937302, 28.1424117394467, 0.0 ] } },
{ "type": "Feature", "properties": { "Name": "SCB 4.4.03" }, "geometry": { "type": "Point", "coordinates": [ 73.123744491269505, 28.1424485496001, 0.0 ] } },
{ "type": "Feature", "properties": { "Name": "SCB 4.4.02" }, "geometry": { "type": "Point", "coordinates": [ 73.123296635091606, 28.142442415091399, 0.0 ] } },
{ "type": "Feature", "properties": { "Name": "SCB 4.4.01" }, "geometry": { "type": "Point", "coordinates": [ 73.122848779054394, 28.1424362791204, 0.0 ] } },
{ "type": "Feature", "properties": { "Name": "SCB 4.3.18" }, "geometry": { "type": "Point", "coordinates": [ 73.129120083544805, 28.140922142061399, 0.0 ] } },
{ "type": "Feature", "properties": { "Name": "SCB 4.3.17" }, "geometry": { "type": "Point", "coordinates": [ 73.128587018167707, 28.140900218664701, 0.0 ] } },
{ "type": "Feature", "properties": { "Name": "SCB 4.3.16" }, "geometry": { "type": "Point", "coordinates": [ 73.126895310051495, 28.141572313363699, 0.0 ] } },
{ "type": "Feature", "properties": { "Name": "SCB 4.3.15" }, "geometry": { "type": "Point", "coordinates": [ 73.127343336569197, 28.141578438304101, 0.0 ] } },
{ "type": "Feature", "properties": { "Name": "SCB 4.3.14" }, "geometry": { "type": "Point", "coordinates": [ 73.127792504911596, 28.1415089708143, 0.0 ] } },
{ "type": "Feature", "properties": { "Name": "SCB 4.3.13" }, "geometry": { "type": "Point", "coordinates": [ 73.128352321746107, 28.141516620124001, 0.0 ] } },
{ "type": "Feature", "properties": { "Name": "SCB 4.3.12" }, "geometry": { "type": "Point", "coordinates": [ 73.128800175371595, 28.141522737926699, 0.0 ] } },
{ "type": "Feature", "properties": { "Name": "SCB 4.3.11" }, "geometry": { "type": "Point", "coordinates": [ 73.129359992600698, 28.141530383123701, 0.0 ] } },
{ "type": "Feature", "properties": { "Name": "SCB 4.3.10" }, "geometry": { "type": "Point", "coordinates": [ 73.129312416082897, 28.142159145995599, 0.0 ] } },
{ "type": "Feature", "properties": { "Name": "SCB 4.3.09" }, "geometry": { "type": "Point", "coordinates": [ 73.128789406690402, 28.142142198489601, 0.0 ] } },
{ "type": "Feature", "properties": { "Name": "SCB 4.3.08" }, "geometry": { "type": "Point", "coordinates": [ 73.128292846734894, 28.142146529757198, 0.0 ] } },
{ "type": "Feature", "properties": { "Name": "SCB 4.3.07" }, "geometry": { "type": "Point", "coordinates": [ 73.127781730439594, 28.1421284310209, 0.0 ] } },
{ "type": "Feature", "properties": { "Name": "SCB 4.3.06" }, "geometry": { "type": "Point", "coordinates": [ 73.127288872330496, 28.142210862248099, 0.0 ] } },
{ "type": "Feature", "properties": { "Name": "SCB 4.3.05" }, "geometry": { "type": "Point", "coordinates": [ 73.126772738804306, 28.1421902807894, 0.0 ] } },
{ "type": "Feature", "properties": { "Name": "SCB 4.3.04" }, "geometry": { "type": "Point", "coordinates": [ 73.128638566827505, 28.142560890607399, 0.0 ] } },
{ "type": "Feature", "properties": { "Name": "SCB 4.3.03" }, "geometry": { "type": "Point", "coordinates": [ 73.128110580780699, 28.142537931611901, 0.0 ] } },
{ "type": "Feature", "properties": { "Name": "SCB 4.3.02" }, "geometry": { "type": "Point", "coordinates": [ 73.127630124461803, 28.142461300122299, 0.0 ] } },
{ "type": "Feature", "properties": { "Name": "SCB 4.3.01" }, "geometry": { "type": "Point", "coordinates": [ 73.127104191476505, 28.142440060048401, 0.0 ] } },
{ "type": "Feature", "properties": { "Name": "SCB 4.2.18" }, "geometry": { "type": "Point", "coordinates": [ 73.124300572898207, 28.142670764867201, 0.0 ] } },
{ "type": "Feature", "properties": { "Name": "SCB 4.2.17" }, "geometry": { "type": "Point", "coordinates": [ 73.124748430284001, 28.1426768961405, 0.0 ] } },
{ "type": "Feature", "properties": { "Name": "SCB 4.2.16" }, "geometry": { "type": "Point", "coordinates": [ 73.125308252213799, 28.142684558175699, 0.0 ] } },
{ "type": "Feature", "properties": { "Name": "SCB 4.2.15" }, "geometry": { "type": "Point", "coordinates": [ 73.125756109915798, 28.142690686158598, 0.0 ] } },
{ "type": "Feature", "properties": { "Name": "SCB 4.2.14" }, "geometry": { "type": "Point", "coordinates": [ 73.126308917245893, 28.1431013234772, 0.0 ] } },
{ "type": "Feature", "properties": { "Name": "SCB 4.2.13" }, "geometry": { "type": "Point", "coordinates": [ 73.125930835087502, 28.143112872524899, 0.0 ] } },
{ "type": "Feature", "properties": { "Name": "SCB 4.2.12" }, "geometry": { "type": "Point", "coordinates": [ 73.126416613503594, 28.1433480799367, 0.0 ] } },
{ "type": "Feature", "properties": { "Name": "SCB 4.2.11" }, "geometry": { "type": "Point", "coordinates": [ 73.126181898677402, 28.143964476614599, 0.0 ] } },
{ "type": "Feature", "properties": { "Name": "SCB 4.2.10" }, "geometry": { "type": "Point", "coordinates": [ 73.125738272261898, 28.143715055527501, 0.0 ] } },
{ "type": "Feature", "properties": { "Name": "SCB 4.2.09" }, "geometry": { "type": "Point", "coordinates": [ 73.125178444835996, 28.1437073949926, 0.0 ] } },
{ "type": "Feature", "properties": { "Name": "SCB 4.2.08" }, "geometry": { "type": "Point", "coordinates": [ 73.125413706769507, 28.143059873470001, 0.0 ] } },
{ "type": "Feature", "properties": { "Name": "SCB 4.2.07" }, "geometry": { "type": "Point", "coordinates": [ 73.124965305376605, 28.143084871078599, 0.0 ] } },
{ "type": "Feature", "properties": { "Name": "SCB 4.2.06" }, "geometry": { "type": "Point", "coordinates": [ 73.124405481475506, 28.143077207542898, 0.0 ] } },
{ "type": "Feature", "properties": { "Name": "SCB 4.2.05" }, "geometry": { "type": "Point", "coordinates": [ 73.123957622512904, 28.143071075069098, 0.0 ] } },
{ "type": "Feature", "properties": { "Name": "SCB 4.2.04" }, "geometry": { "type": "Point", "coordinates": [ 73.123397799007293, 28.1430634074203, 0.0 ] } },
{ "type": "Feature", "properties": { "Name": "SCB 4.2.03" }, "geometry": { "type": "Point", "coordinates": [ 73.122949940361195, 28.143057271656101, 0.0 ] } },
{ "type": "Feature", "properties": { "Name": "SCB 4.2.02" }, "geometry": { "type": "Point", "coordinates": [ 73.122502616941404, 28.143020458801502, 0.0 ] } },
{ "type": "Feature", "properties": { "Name": "SCB 4.2.01" }, "geometry": { "type": "Point", "coordinates": [ 73.122166188069002, 28.1430465305498, 0.0 ] } },
{ "type": "Feature", "properties": { "Name": "SCB 4.1.18" }, "geometry": { "type": "Point", "coordinates": [ 73.126763117588396, 28.1427331752576, 0.0 ] } },
{ "type": "Feature", "properties": { "Name": "SCB 4.1.17" }, "geometry": { "type": "Point", "coordinates": [ 73.127209018997803, 28.142846499834299, 0.0 ] } },
{ "type": "Feature", "properties": { "Name": "SCB 4.1.16" }, "geometry": { "type": "Point", "coordinates": [ 73.127657234112704, 28.142852626506698, 0.0 ] } },
{ "type": "Feature", "properties": { "Name": "SCB 4.1.15" }, "geometry": { "type": "Point", "coordinates": [ 73.128106407685294, 28.1427831582448, 0.0 ] } },
{ "type": "Feature", "properties": { "Name": "SCB 4.1.14" }, "geometry": { "type": "Point", "coordinates": [ 73.128666231245106, 28.142790806588799, 0.0 ] } },
{ "type": "Feature", "properties": { "Name": "SCB 4.1.13" }, "geometry": { "type": "Point", "coordinates": [ 73.129114531839505, 28.142766246622301, 0.0 ] } },
{ "type": "Feature", "properties": { "Name": "SCB 4.1.12" }, "geometry": { "type": "Point", "coordinates": [ 73.129114531839505, 28.142766246622301, 0.0 ] } },
{ "type": "Feature", "properties": { "Name": "SCB 4.1.11" }, "geometry": { "type": "Point", "coordinates": [ 73.1296739142051, 28.1428045678499, 0.0 ] } },
{ "type": "Feature", "properties": { "Name": "SCB 4.1.10" }, "geometry": { "type": "Point", "coordinates": [ 73.129775023824607, 28.1434255559676, 0.0 ] } },
{ "type": "Feature", "properties": { "Name": "SCB 4.1.09" }, "geometry": { "type": "Point", "coordinates": [ 73.129177839108394, 28.143430684258998, 0.0 ] } },
{ "type": "Feature", "properties": { "Name": "SCB 4.1.08" }, "geometry": { "type": "Point", "coordinates": [ 73.128767334994606, 28.143411795172401, 0.0 ] } },
{ "type": "Feature", "properties": { "Name": "SCB 4.1.07" }, "geometry": { "type": "Point", "coordinates": [ 73.128173898033893, 28.1434160130481, 0.0 ] } },
{ "type": "Feature", "properties": { "Name": "SCB 4.1.06" }, "geometry": { "type": "Point", "coordinates": [ 73.127758332028904, 28.1434736155535, 0.0 ] } },
{ "type": "Feature", "properties": { "Name": "SCB 4.1.05" }, "geometry": { "type": "Point", "coordinates": [ 73.127271352872199, 28.143477213130801, 0.0 ] } },
{ "type": "Feature", "properties": { "Name": "SCB 4.1.04" }, "geometry": { "type": "Point", "coordinates": [ 73.126862436186798, 28.143461368534499, 0.0 ] } },
{ "type": "Feature", "properties": { "Name": "SCB 4.1.03" }, "geometry": { "type": "Point", "coordinates": [ 73.127635590448193, 28.144091545269099, 0.0 ] } },
{ "type": "Feature", "properties": { "Name": "SCB 4.1.02" }, "geometry": { "type": "Point", "coordinates": [ 73.127075587417394, 28.144083890025701, 0.0 ] } },
{ "type": "Feature", "properties": { "Name": "SCB 4.1.01" }, "geometry": { "type": "Point", "coordinates": [ 73.126629761927603, 28.143970601997101, 0.0 ] } },
{ "type": "Feature", "properties": { "Name": "SCB 2.4.18" }, "geometry": { "type": "Point", "coordinates": [ 73.140556383109399, 28.1416828072296, 0.0 ] } },
{ "type": "Feature", "properties": { "Name": "SCB 2.4.17" }, "geometry": { "type": "Point", "coordinates": [ 73.140220490123895, 28.141678247804801, 0.0 ] } },
{ "type": "Feature", "properties": { "Name": "SCB 2.4.16" }, "geometry": { "type": "Point", "coordinates": [ 73.140545681989394, 28.142302271934401, 0.0 ] } },
{ "type": "Feature", "properties": { "Name": "SCB 2.4.15" }, "geometry": { "type": "Point", "coordinates": [ 73.139873892236096, 28.142293152026198, 0.0 ] } },
{ "type": "Feature", "properties": { "Name": "SCB 2.4.14" }, "geometry": { "type": "Point", "coordinates": [ 73.139975152496405, 28.1429141366877, 0.0 ] } },
{ "type": "Feature", "properties": { "Name": "SCB 2.4.13" }, "geometry": { "type": "Point", "coordinates": [ 73.140534980530006, 28.1429217365793, 0.0 ] } },
{ "type": "Feature", "properties": { "Name": "SCB 2.4.12" }, "geometry": { "type": "Point", "coordinates": [ 73.140524278731107, 28.143541201164499, 0.0 ] } },
{ "type": "Feature", "properties": { "Name": "SCB 2.4.11" }, "geometry": { "type": "Point", "coordinates": [ 73.140076413712904, 28.143535121276699, 0.0 ] } },
{ "type": "Feature", "properties": { "Name": "SCB 2.4.10" }, "geometry": { "type": "Point", "coordinates": [ 73.1397405150407, 28.1435305604011, 0.0 ] } },
{ "type": "Feature", "properties": { "Name": "SCB 2.4.09" }, "geometry": { "type": "Point", "coordinates": [ 73.139292650266498, 28.1435244779539, 0.0 ] } },
{ "type": "Feature", "properties": { "Name": "SCB 2.4.08" }, "geometry": { "type": "Point", "coordinates": [ 73.138839481185599, 28.143825153162702, 0.0 ] } },
{ "type": "Feature", "properties": { "Name": "SCB 2.4.07" }, "geometry": { "type": "Point", "coordinates": [ 73.139505874706302, 28.144146983531801, 0.0 ] } },
{ "type": "Feature", "properties": { "Name": "SCB 2.4.06" }, "geometry": { "type": "Point", "coordinates": [ 73.140065709000496, 28.144154585644799, 0.0 ] } },
{ "type": "Feature", "properties": { "Name": "SCB 2.4.05" }, "geometry": { "type": "Point", "coordinates": [ 73.140401609681703, 28.144159145815799, 0.0 ] } },
{ "type": "Feature", "properties": { "Name": "SCB 2.4.04" }, "geometry": { "type": "Point", "coordinates": [ 73.139613602766403, 28.144393731072, 0.0 ] } },
{ "type": "Feature", "properties": { "Name": "SCB 2.4.03" }, "geometry": { "type": "Point", "coordinates": [ 73.139167091550306, 28.144309153787699, 0.0 ] } },
{ "type": "Feature", "properties": { "Name": "SCB 2.4.02" }, "geometry": { "type": "Point", "coordinates": [ 73.138607188082503, 28.1443055177883, 0.0 ] } },
{ "type": "Feature", "properties": { "Name": "SCB 2.4.01" }, "geometry": { "type": "Point", "coordinates": [ 73.138828238760297, 28.144475292976502, 0.0 ] } },
{ "type": "Feature", "properties": { "Name": "SCB 2.3.18" }, "geometry": { "type": "Point", "coordinates": [ 73.140361270489606, 28.140011771903701, 0.0 ] } },
{ "type": "Feature", "properties": { "Name": "SCB 2.3.17" }, "geometry": { "type": "Point", "coordinates": [ 73.140913673534499, 28.140448436007201, 0.0 ] } },
{ "type": "Feature", "properties": { "Name": "SCB 2.3.16" }, "geometry": { "type": "Point", "coordinates": [ 73.141361525927607, 28.1404545125494, 0.0 ] } },
{ "type": "Feature", "properties": { "Name": "SCB 2.3.15" }, "geometry": { "type": "Point", "coordinates": [ 73.141574757526001, 28.1410770154502, 0.0 ] } },
{ "type": "Feature", "properties": { "Name": "SCB 2.3.14" }, "geometry": { "type": "Point", "coordinates": [ 73.141126902489503, 28.141070939481899, 0.0 ] } },
{ "type": "Feature", "properties": { "Name": "SCB 2.3.13" }, "geometry": { "type": "Point", "coordinates": [ 73.1406790475924, 28.141064862051302, 0.0 ] } },
{ "type": "Feature", "properties": { "Name": "SCB 2.3.12" }, "geometry": { "type": "Point", "coordinates": [ 73.141116204926107, 28.141690404443001, 0.0 ] } },
{ "type": "Feature", "properties": { "Name": "SCB 2.3.11" }, "geometry": { "type": "Point", "coordinates": [ 73.141564062536304, 28.141696480568498, 0.0 ] } },
{ "type": "Feature", "properties": { "Name": "SCB 2.3.10" }, "geometry": { "type": "Point", "coordinates": [ 73.141553367207393, 28.1423159456271, 0.0 ] } },
{ "type": "Feature", "properties": { "Name": "SCB 2.3.09" }, "geometry": { "type": "Point", "coordinates": [ 73.141105507023397, 28.142309869344299, 0.0 ] } },
{ "type": "Feature", "properties": { "Name": "SCB 2.3.08" }, "geometry": { "type": "Point", "coordinates": [ 73.140982843113605, 28.1429278148474, 0.0 ] } },
{ "type": "Feature", "properties": { "Name": "SCB 2.3.07" }, "geometry": { "type": "Point", "coordinates": [ 73.141542671539199, 28.142935410625899, 0.0 ] } },
{ "type": "Feature", "properties": { "Name": "SCB 2.3.06" }, "geometry": { "type": "Point", "coordinates": [ 73.1416439418865, 28.143556394485699, 0.0 ] } },
{ "type": "Feature", "properties": { "Name": "SCB 2.3.05" }, "geometry": { "type": "Point", "coordinates": [ 73.141196076519805, 28.1435503182541, 0.0 ] } },
{ "type": "Feature", "properties": { "Name": "SCB 2.3.04" }, "geometry": { "type": "Point", "coordinates": [ 73.140849477378495, 28.144165224764102, 0.0 ] } },
{ "type": "Feature", "properties": { "Name": "SCB 2.3.03" }, "geometry": { "type": "Point", "coordinates": [ 73.141409312195606, 28.144172821392701, 0.0 ] } },
{ "type": "Feature", "properties": { "Name": "SCB 2.3.02" }, "geometry": { "type": "Point", "coordinates": [ 73.141857180206003, 28.1441788970502, 0.0 ] } },
{ "type": "Feature", "properties": { "Name": "SCB 2.3.01" }, "geometry": { "type": "Point", "coordinates": [ 73.141742334490104, 28.144344111137102, 0.0 ] } },
{ "type": "Feature", "properties": { "Name": "SCB 2.2.18" }, "geometry": { "type": "Point", "coordinates": [ 73.139158733655293, 28.144792561073, 0.0 ] } },
{ "type": "Feature", "properties": { "Name": "SCB 2.2.17" }, "geometry": { "type": "Point", "coordinates": [ 73.1397185711958, 28.144800164763701, 0.0 ] } },
{ "type": "Feature", "properties": { "Name": "SCB 2.2.16" }, "geometry": { "type": "Point", "coordinates": [ 73.139707863856898, 28.1454196288913, 0.0 ] } },
{ "type": "Feature", "properties": { "Name": "SCB 2.2.15" }, "geometry": { "type": "Point", "coordinates": [ 73.1396971561784, 28.146039092959199, 0.0 ] } },
{ "type": "Feature", "properties": { "Name": "SCB 2.2.14" }, "geometry": { "type": "Point", "coordinates": [ 73.139686448160205, 28.1466585569672, 0.0 ] } },
{ "type": "Feature", "properties": { "Name": "SCB 2.2.13" }, "geometry": { "type": "Point", "coordinates": [ 73.139126600966094, 28.146650952686301, 0.0 ] } },
{ "type": "Feature", "properties": { "Name": "SCB 2.2.12" }, "geometry": { "type": "Point", "coordinates": [ 73.139249280979996, 28.146033009874699, 0.0 ] } },
{ "type": "Feature", "properties": { "Name": "SCB 2.2.11" }, "geometry": { "type": "Point", "coordinates": [ 73.138918782215697, 28.145715741856701, 0.0 ] } },
{ "type": "Feature", "properties": { "Name": "SCB 2.2.10" }, "geometry": { "type": "Point", "coordinates": [ 73.138582876961607, 28.145711177820399, 0.0 ] } },
{ "type": "Feature", "properties": { "Name": "SCB 2.2.09" }, "geometry": { "type": "Point", "coordinates": [ 73.138593590904307, 28.1450917141159, 0.0 ] } },
{ "type": "Feature", "properties": { "Name": "SCB 2.2.08" }, "geometry": { "type": "Point", "coordinates": [ 73.138145719928602, 28.145085627611799, 0.0 ] } },
{ "type": "Feature", "properties": { "Name": "SCB 2.2.07" }, "geometry": { "type": "Point", "coordinates": [ 73.137585881405201, 28.1450780174249, 0.0 ] } },
{ "type": "Feature", "properties": { "Name": "SCB 2.2.06" }, "geometry": { "type": "Point", "coordinates": [ 73.137137955929603, 28.145075094462999, 0.0 ] } },
{ "type": "Feature", "properties": { "Name": "SCB 2.2.05" }, "geometry": { "type": "Point", "coordinates": [ 73.136802584071802, 28.145039850286398, 0.0 ] } },
{ "type": "Feature", "properties": { "Name": "SCB 2.2.04" }, "geometry": { "type": "Point", "coordinates": [ 73.136802053015202, 28.145070526156399, 0.0 ] } },
{ "type": "Feature", "properties": { "Name": "SCB 2.2.03" }, "geometry": { "type": "Point", "coordinates": [ 73.136130247422102, 28.145061387075099, 0.0 ] } },
{ "type": "Feature", "properties": { "Name": "SCB 2.2.02" }, "geometry": { "type": "Point", "coordinates": [ 73.136354713768895, 28.145033757939, 0.0 ] } },
{ "type": "Feature", "properties": { "Name": "SCB 2.2.01" }, "geometry": { "type": "Point", "coordinates": [ 73.136253473317097, 28.1444127716839, 0.0 ] } },
{ "type": "Feature", "properties": { "Name": "SCB 2.1.18" }, "geometry": { "type": "Point", "coordinates": [ 73.141178385123396, 28.144574696527201, 0.0 ] } },
{ "type": "Feature", "properties": { "Name": "SCB 2.1.17" }, "geometry": { "type": "Point", "coordinates": [ 73.140730515639405, 28.1445686185731, 0.0 ] } },
{ "type": "Feature", "properties": { "Name": "SCB 2.1.16" }, "geometry": { "type": "Point", "coordinates": [ 73.140390376531997, 28.144809286175999, 0.0 ] } },
{ "type": "Feature", "properties": { "Name": "SCB 2.1.15" }, "geometry": { "type": "Point", "coordinates": [ 73.140726279317803, 28.144813845648098, 0.0 ] } },
{ "type": "Feature", "properties": { "Name": "SCB 2.1.14" }, "geometry": { "type": "Point", "coordinates": [ 73.141174149820799, 28.1448199236645, 0.0 ] } },
{ "type": "Feature", "properties": { "Name": "SCB 2.1.13" }, "geometry": { "type": "Point", "coordinates": [ 73.141733988145504, 28.144827519128199, 0.0 ] } },
{ "type": "Feature", "properties": { "Name": "SCB 2.1.12" }, "geometry": { "type": "Point", "coordinates": [ 73.141723292390594, 28.145446983963598, 0.0 ] } },
{ "type": "Feature", "properties": { "Name": "SCB 2.1.11" }, "geometry": { "type": "Point", "coordinates": [ 73.141163450848097, 28.145439388303402, 0.0 ] } },
{ "type": "Feature", "properties": { "Name": "SCB 2.1.10" }, "geometry": { "type": "Point", "coordinates": [ 73.140715577770905, 28.1454333101297, 0.0 ] } },
{ "type": "Feature", "properties": { "Name": "SCB 2.1.09" }, "geometry": { "type": "Point", "coordinates": [ 73.140267704833093, 28.1454272304934, 0.0 ] } },
{ "type": "Feature", "properties": { "Name": "SCB 2.1.08" }, "geometry": { "type": "Point", "coordinates": [ 73.140257000372401, 28.146046694757999, 0.0 ] } },
{ "type": "Feature", "properties": { "Name": "SCB 2.1.07" }, "geometry": { "type": "Point", "coordinates": [ 73.140592906993405, 28.1460512547403, 0.0 ] } },
{ "type": "Feature", "properties": { "Name": "SCB 2.1.06" }, "geometry": { "type": "Point", "coordinates": [ 73.141040782610105, 28.146057333436801, 0.0 ] } },
{ "type": "Feature", "properties": { "Name": "SCB 2.1.05" }, "geometry": { "type": "Point", "coordinates": [ 73.141600627326895, 28.1460649297507, 0.0 ] } },
{ "type": "Feature", "properties": { "Name": "SCB 2.1.04" }, "geometry": { "type": "Point", "coordinates": [ 73.141701899862994, 28.146685913455102, 0.0 ] } },
{ "type": "Feature", "properties": { "Name": "SCB 2.1.03" }, "geometry": { "type": "Point", "coordinates": [ 73.1411420518846, 28.1466783174018, 0.0 ] } },
{ "type": "Feature", "properties": { "Name": "SCB 2.1.02" }, "geometry": { "type": "Point", "coordinates": [ 73.140694173658702, 28.146672238913599, 0.0 ] } },
{ "type": "Feature", "properties": { "Name": "SCB 2.1.01" }, "geometry": { "type": "Point", "coordinates": [ 73.140246295572197, 28.146666158962699, 0.0 ] } },
{ "type": "Feature", "properties": { "Name": "SCB 3.4.18" }, "geometry": { "type": "Point", "coordinates": [ 73.133076279243994, 28.140341859809102, 0.0 ] } },
{ "type": "Feature", "properties": { "Name": "SCB 3.4.17" }, "geometry": { "type": "Point", "coordinates": [ 73.133065535694897, 28.140961321993501, 0.0 ] } },
{ "type": "Feature", "properties": { "Name": "SCB 3.4.16" }, "geometry": { "type": "Point", "coordinates": [ 73.132513806131598, 28.140487609166001, 0.0 ] } },
{ "type": "Feature", "properties": { "Name": "SCB 3.4.15" }, "geometry": { "type": "Point", "coordinates": [ 73.1320659558599, 28.1404815037045, 0.0 ] } },
{ "type": "Feature", "properties": { "Name": "SCB 3.4.14" }, "geometry": { "type": "Point", "coordinates": [ 73.132055206435695, 28.141100965518699, 0.0 ] } },
{ "type": "Feature", "properties": { "Name": "SCB 3.4.13" }, "geometry": { "type": "Point", "coordinates": [ 73.132503059281007, 28.141107071138201, 0.0 ] } },
{ "type": "Feature", "properties": { "Name": "SCB 3.4.12" }, "geometry": { "type": "Point", "coordinates": [ 73.132492312089596, 28.141726533050601, 0.0 ] } },
{ "type": "Feature", "properties": { "Name": "SCB 3.4.11" }, "geometry": { "type": "Point", "coordinates": [ 73.132044456670599, 28.1417204272731, 0.0 ] } },
{ "type": "Feature", "properties": { "Name": "SCB 3.4.10" }, "geometry": { "type": "Point", "coordinates": [ 73.132033706564599, 28.142339888967701, 0.0 ] } },
{ "type": "Feature", "properties": { "Name": "SCB 3.4.09" }, "geometry": { "type": "Point", "coordinates": [ 73.132481564557295, 28.142345994903199, 0.0 ] } },
{ "type": "Feature", "properties": { "Name": "SCB 3.4.08" }, "geometry": { "type": "Point", "coordinates": [ 73.132470816684105, 28.142965456696, 0.0 ] } },
{ "type": "Feature", "properties": { "Name": "SCB 3.4.07" }, "geometry": { "type": "Point", "coordinates": [ 73.132030813047905, 28.142506620953501, 0.0 ] } },
{ "type": "Feature", "properties": { "Name": "SCB 3.4.06" }, "geometry": { "type": "Point", "coordinates": [ 73.131498052966705, 28.140939952462102, 0.0 ] } },
{ "type": "Feature", "properties": { "Name": "SCB 3.4.05" }, "geometry": { "type": "Point", "coordinates": [ 73.131162164033796, 28.140935370946291, 0.0 ] } },
{ "type": "Feature", "properties": { "Name": "SCB 3.4.04" }, "geometry": { "type": "Point", "coordinates": [ 73.130714312245999, 28.140929260978901, 0.0 ] } },
{ "type": "Feature", "properties": { "Name": "SCB 3.4.03" }, "geometry": { "type": "Point", "coordinates": [ 73.130154497708205, 28.140921621463399, 0.0 ] } },
{ "type": "Feature", "properties": { "Name": "SCB 3.4.02" }, "geometry": { "type": "Point", "coordinates": [ 73.129706646235604, 28.1409155082059, 0.0 ] } },
{ "type": "Feature", "properties": { "Name": "SCB 3.4.01" }, "geometry": { "type": "Point", "coordinates": [ 73.131263372818097, 28.1415563597022, 0.0 ] } },
{ "type": "Feature", "properties": { "Name": "SCB 3.3.18" }, "geometry": { "type": "Point", "coordinates": [ 73.134088986465002, 28.140064554990101, 0.0 ] } },
{ "type": "Feature", "properties": { "Name": "SCB 3.3.17" }, "geometry": { "type": "Point", "coordinates": [ 73.133524129193503, 28.140347961941401, 0.0 ] } },
{ "type": "Feature", "properties": { "Name": "SCB 3.3.16" }, "geometry": { "type": "Point", "coordinates": [ 73.133625351370497, 28.140968949627801, 0.0 ] } },
{ "type": "Feature", "properties": { "Name": "SCB 3.3.15" }, "geometry": { "type": "Point", "coordinates": [ 73.133401425073998, 28.140965898848201, 0.0 ] } },
{ "type": "Feature", "properties": { "Name": "SCB 3.3.14" }, "geometry": { "type": "Point", "coordinates": [ 73.132942828052606, 28.141579258277599, 0.0 ] } },
{ "type": "Feature", "properties": { "Name": "SCB 3.3.13" }, "geometry": { "type": "Point", "coordinates": [ 73.133156011978699, 28.1422017719715, 0.0 ] } },
{ "type": "Feature", "properties": { "Name": "SCB 3.3.12" }, "geometry": { "type": "Point", "coordinates": [ 73.133715834132303, 28.142209399543599, 0.0 ] } },
{ "type": "Feature", "properties": { "Name": "SCB 3.3.11" }, "geometry": { "type": "Point", "coordinates": [ 73.134046354819105, 28.142523900157101, 0.0 ] } },
{ "type": "Feature", "properties": { "Name": "SCB 3.3.10" }, "geometry": { "type": "Point", "coordinates": [ 73.133481163246998, 28.142825810951901, 0.0 ] } },
{ "type": "Feature", "properties": { "Name": "SCB 3.3.09" }, "geometry": { "type": "Point", "coordinates": [ 73.133033303002705, 28.142819708188, 0.0 ] } },
{ "type": "Feature", "properties": { "Name": "SCB 3.3.08" }, "geometry": { "type": "Point", "coordinates": [ 73.133029049461001, 28.143064934249601, 0.0 ] } },
{ "type": "Feature", "properties": { "Name": "SCB 3.3.07" }, "geometry": { "type": "Point", "coordinates": [ 73.133700841408299, 28.1430740879408, 0.0 ] } },
{ "type": "Feature", "properties": { "Name": "SCB 3.3.06" }, "geometry": { "type": "Point", "coordinates": [ 73.133923118593898, 28.143172513199001, 0.0 ] } },
{ "type": "Feature", "properties": { "Name": "SCB 3.3.05" }, "geometry": { "type": "Point", "coordinates": [ 73.134259546774203, 28.143146412446502, 0.0 ] } },
{ "type": "Feature", "properties": { "Name": "SCB 3.3.04" }, "geometry": { "type": "Point", "coordinates": [ 73.134482946039796, 28.143180137877799, 0.0 ] } },
{ "type": "Feature", "properties": { "Name": "SCB 3.3.03" }, "geometry": { "type": "Point", "coordinates": [ 73.134819374191906, 28.143154035744502, 0.0 ] } },
{ "type": "Feature", "properties": { "Name": "SCB 3.3.02" }, "geometry": { "type": "Point", "coordinates": [ 73.134930808153996, 28.143186235975609, 0.0 ] } },
{ "type": "Feature", "properties": { "Name": "SCB 3.3.01" }, "geometry": { "type": "Point", "coordinates": [ 73.135490635993193, 28.143193856541199, 0.0 ] } },
{ "type": "Feature", "properties": { "Name": "SCB 3.2.18" }, "geometry": { "type": "Point", "coordinates": [ 73.130927482007607, 28.1415517775194, 0.0 ] } },
{ "type": "Feature", "properties": { "Name": "SCB 3.2.17" }, "geometry": { "type": "Point", "coordinates": [ 73.130367664165107, 28.141544138720199, 0.0 ] } },
{ "type": "Feature", "properties": { "Name": "SCB 3.2.16" }, "geometry": { "type": "Point", "coordinates": [ 73.129919810048904, 28.1415380260357, 0.0 ] } },
{ "type": "Feature", "properties": { "Name": "SCB 3.2.15" }, "geometry": { "type": "Point", "coordinates": [ 73.129909047802002, 28.142157486994101, 0.0 ] } },
{ "type": "Feature", "properties": { "Name": "SCB 3.2.14" }, "geometry": { "type": "Point", "coordinates": [ 73.130468868686407, 28.142165127818998, 0.0 ] } },
{ "type": "Feature", "properties": { "Name": "SCB 3.2.13" }, "geometry": { "type": "Point", "coordinates": [ 73.1309167255516, 28.142171238833701, 0.0 ] } },
{ "type": "Feature", "properties": { "Name": "SCB 3.2.12" }, "geometry": { "type": "Point", "coordinates": [ 73.131588511112099, 28.1421804026138, 0.0 ] } },
{ "type": "Feature", "properties": { "Name": "SCB 3.2.11" }, "geometry": { "type": "Point", "coordinates": [ 73.131132260854798, 28.142657699014691, 0.0 ] } },
{ "type": "Feature", "properties": { "Name": "SCB 3.2.10" }, "geometry": { "type": "Point", "coordinates": [ 73.130684401911097, 28.142651588607801, 0.0 ] } },
{ "type": "Feature", "properties": { "Name": "SCB 3.2.09" }, "geometry": { "type": "Point", "coordinates": [ 73.1302365431075, 28.142645476738501, 0.0 ] } },
{ "type": "Feature", "properties": { "Name": "SCB 3.2.08" }, "geometry": { "type": "Point", "coordinates": [ 73.129788684443994, 28.142639363406801, 0.0 ] } },
{ "type": "Feature", "properties": { "Name": "SCB 3.2.07" }, "geometry": { "type": "Point", "coordinates": [ 73.130345611631796, 28.142813736660599, 0.0 ] } },
{ "type": "Feature", "properties": { "Name": "SCB 3.2.06" }, "geometry": { "type": "Point", "coordinates": [ 73.130110920259099, 28.143430141254001, 0.0 ] } },
{ "type": "Feature", "properties": { "Name": "SCB 3.2.05" }, "geometry": { "type": "Point", "coordinates": [ 73.129988192127797, 28.144048073732201, 0.0 ] } },
{ "type": "Feature", "properties": { "Name": "SCB 3.2.04" }, "geometry": { "type": "Point", "coordinates": [ 73.129204429460302, 28.1440373725341, 0.0 ] } },
{ "type": "Feature", "properties": { "Name": "SCB 3.2.03" }, "geometry": { "type": "Point", "coordinates": [ 73.128644599246599, 28.144029726079001, 0.0 ] } },
{ "type": "Feature", "properties": { "Name": "SCB 3.2.02" }, "geometry": { "type": "Point", "coordinates": [ 73.128196735233402, 28.144023607269698, 0.0 ] } },
{ "type": "Feature", "properties": { "Name": "SCB 3.2.01" }, "geometry": { "type": "Point", "coordinates": [ 73.129417595403893, 28.144659891034301, 0.0 ] } },
{ "type": "Feature", "properties": { "Name": "SCB 3.1.18" }, "geometry": { "type": "Point", "coordinates": [ 73.133357923188598, 28.143474423278501, 0.0 ] } },
{ "type": "Feature", "properties": { "Name": "SCB 3.1.17" }, "geometry": { "type": "Point", "coordinates": [ 73.133800412535606, 28.143790450177701, 0.0 ] } },
{ "type": "Feature", "properties": { "Name": "SCB 3.1.16" }, "geometry": { "type": "Point", "coordinates": [ 73.134248277013896, 28.143796550626991, 0.0 ] } },
{ "type": "Feature", "properties": { "Name": "SCB 3.1.15" }, "geometry": { "type": "Point", "coordinates": [ 73.134696141632105, 28.1438026496138, 0.0 ] } },
{ "type": "Feature", "properties": { "Name": "SCB 3.1.14" }, "geometry": { "type": "Point", "coordinates": [ 73.135255972601399, 28.1438102712907, 0.0 ] } },
{ "type": "Feature", "properties": { "Name": "SCB 3.1.13" }, "geometry": { "type": "Point", "coordinates": [ 73.135703837534194, 28.143816366986901, 0.0 ] } },
{ "type": "Feature", "properties": { "Name": "SCB 3.1.12" }, "geometry": { "type": "Point", "coordinates": [ 73.135693107537904, 28.1444358297863, 0.0 ] } },
{ "type": "Feature", "properties": { "Name": "SCB 3.1.11" }, "geometry": { "type": "Point", "coordinates": [ 73.135245240031097, 28.144429733932409, 0.0 ] } },
{ "type": "Feature", "properties": { "Name": "SCB 3.1.10" }, "geometry": { "type": "Point", "coordinates": [ 73.134685405844195, 28.144422112058301, 0.0 ] } },
{ "type": "Feature", "properties": { "Name": "SCB 3.1.09" }, "geometry": { "type": "Point", "coordinates": [ 73.134013605108294, 28.144412962792899, 0.0 ] } },
{ "type": "Feature", "properties": { "Name": "SCB 3.1.08" }, "geometry": { "type": "Point", "coordinates": [ 73.134226799949502, 28.145035475140599, 0.0 ] } },
{ "type": "Feature", "properties": { "Name": "SCB 3.1.07" }, "geometry": { "type": "Point", "coordinates": [ 73.134674669715807, 28.145041574442999, 0.0 ] } },
{ "type": "Feature", "properties": { "Name": "SCB 3.1.06" }, "geometry": { "type": "Point", "coordinates": [ 73.135234507120401, 28.1450491965143, 0.0 ] } },
{ "type": "Feature", "properties": { "Name": "SCB 3.1.05" }, "geometry": { "type": "Point", "coordinates": [ 73.135682377201306, 28.145055292525999, 0.0 ] } },
{ "type": "Feature", "properties": { "Name": "SCB 3.1.04" }, "geometry": { "type": "Point", "coordinates": [ 73.135671646524401, 28.145674755205899, 0.0 ] } },
{ "type": "Feature", "properties": { "Name": "SCB 3.1.03" }, "geometry": { "type": "Point", "coordinates": [ 73.1352237738692, 28.145668659036499, 0.0 ] } },
{ "type": "Feature", "properties": { "Name": "SCB 3.1.02" }, "geometry": { "type": "Point", "coordinates": [ 73.134663933246898, 28.145661036768001, 0.0 ] } },
{ "type": "Feature", "properties": { "Name": "SCB 3.1.01" }, "geometry": { "type": "Point", "coordinates": [ 73.134328028978402, 28.145656462309901, 0.0 ] } },
{ "type": "Feature", "properties": { "Name": "SCB 1.4.18" }, "geometry": { "type": "Point", "coordinates": [ 73.143120878948295, 28.142337201100201, 0.0 ] } },
{ "type": "Feature", "properties": { "Name": "SCB 1.4.17" }, "geometry": { "type": "Point", "coordinates": [ 73.142673018276795, 28.142331129935901, 0.0 ] } },
{ "type": "Feature", "properties": { "Name": "SCB 1.4.16" }, "geometry": { "type": "Point", "coordinates": [ 73.142113192633303, 28.142323538924, 0.0 ] } },
{ "type": "Feature", "properties": { "Name": "SCB 1.4.15" }, "geometry": { "type": "Point", "coordinates": [ 73.142102500182503, 28.142943004119299, 0.0 ] } },
{ "type": "Feature", "properties": { "Name": "SCB 1.4.14" }, "geometry": { "type": "Point", "coordinates": [ 73.142662329043404, 28.142950595327601, 0.0 ] } },
{ "type": "Feature", "properties": { "Name": "SCB 1.4.13" }, "geometry": { "type": "Point", "coordinates": [ 73.143110192288802, 28.142956666648999, 0.0 ] } },
{ "type": "Feature", "properties": { "Name": "SCB 1.4.12" }, "geometry": { "type": "Point", "coordinates": [ 73.143670021541297, 28.1429642537441, 0.0 ] } },
{ "type": "Feature", "properties": { "Name": "SCB 1.4.11" }, "geometry": { "type": "Point", "coordinates": [ 73.142203773790797, 28.143563987718601, 0.0 ] } },
{ "type": "Feature", "properties": { "Name": "SCB 1.4.10" }, "geometry": { "type": "Point", "coordinates": [ 73.142763605912705, 28.1435715786663, 0.0 ] } },
{ "type": "Feature", "properties": { "Name": "SCB 1.4.09" }, "geometry": { "type": "Point", "coordinates": [ 73.143211471766904, 28.1435776497791, 0.0 ] } },
{ "type": "Feature", "properties": { "Name": "SCB 1.4.08" }, "geometry": { "type": "Point", "coordinates": [ 73.143659337760297, 28.1435837194295, 0.0 ] } },
{ "type": "Feature", "properties": { "Name": "SCB 1.4.07" }, "geometry": { "type": "Point", "coordinates": [ 73.143431174760593, 28.143825912274501, 0.0 ] } },
{ "type": "Feature", "properties": { "Name": "SCB 1.4.06" }, "geometry": { "type": "Point", "coordinates": [ 73.1429833078179, 28.143819841830801, 0.0 ] } },
{ "type": "Feature", "properties": { "Name": "SCB 1.4.05" }, "geometry": { "type": "Point", "coordinates": [ 73.142535441014303, 28.143813769924499, 0.0 ] } },
{ "type": "Feature", "properties": { "Name": "SCB 1.4.04" }, "geometry": { "type": "Point", "coordinates": [ 73.143312223018796, 28.144229308823999, 0.0 ] } },
{ "type": "Feature", "properties": { "Name": "SCB 1.4.03" }, "geometry": { "type": "Point", "coordinates": [ 73.142864354428198, 28.144223237911898, 0.0 ] } },
{ "type": "Feature", "properties": { "Name": "SCB 1.4.02" }, "geometry": { "type": "Point", "coordinates": [ 73.142304518885894, 28.144215647215098, 0.0 ] } },
{ "type": "Feature", "properties": { "Name": "SCB 1.4.01" }, "geometry": { "type": "Point", "coordinates": [ 73.142293826687904, 28.144835112306701, 0.0 ] } },
{ "type": "Feature", "properties": { "Name": "SCB 1.3.18" }, "geometry": { "type": "Point", "coordinates": [ 73.140812409272897, 28.1398274516804, 0.0 ] } },
{ "type": "Feature", "properties": { "Name": "SCB 1.3.17" }, "geometry": { "type": "Point", "coordinates": [ 73.141260259057702, 28.139833528431009, 0.0 ] } },
{ "type": "Feature", "properties": { "Name": "SCB 1.3.16" }, "geometry": { "type": "Point", "coordinates": [ 73.141820071484503, 28.139841122312902, 0.0 ] } },
{ "type": "Feature", "properties": { "Name": "SCB 1.3.15" }, "geometry": { "type": "Point", "coordinates": [ 73.1422679215827, 28.139847195773399, 0.0 ] } },
{ "type": "Feature", "properties": { "Name": "SCB 1.3.14" }, "geometry": { "type": "Point", "coordinates": [ 73.142827734401294, 28.139854785542699, 0.0 ] } },
{ "type": "Feature", "properties": { "Name": "SCB 1.3.13" }, "geometry": { "type": "Point", "coordinates": [ 73.141921341615003, 28.140462106170901, 0.0 ] } },
{ "type": "Feature", "properties": { "Name": "SCB 1.3.12" }, "geometry": { "type": "Point", "coordinates": [ 73.142481157519995, 28.140469697507399, 0.0 ] } },
{ "type": "Feature", "properties": { "Name": "SCB 1.3.11" }, "geometry": { "type": "Point", "coordinates": [ 73.142929010400593, 28.140475768931601, 0.0 ] } },
{ "type": "Feature", "properties": { "Name": "SCB 1.3.10" }, "geometry": { "type": "Point", "coordinates": [ 73.143488826697194, 28.140483356155499, 0.0 ] } },
{ "type": "Feature", "properties": { "Name": "SCB 1.3.09" }, "geometry": { "type": "Point", "coordinates": [ 73.143254215153206, 28.1410997873074, 0.0 ] } },
{ "type": "Feature", "properties": { "Name": "SCB 1.3.08" }, "geometry": { "type": "Point", "coordinates": [ 73.142694395726494, 28.1410921989733, 0.0 ] } },
{ "type": "Feature", "properties": { "Name": "SCB 1.3.07" }, "geometry": { "type": "Point", "coordinates": [ 73.142246540341901, 28.141086126660799, 0.0 ] } },
{ "type": "Feature", "properties": { "Name": "SCB 1.3.06" }, "geometry": { "type": "Point", "coordinates": [ 73.142123884744905, 28.141704073669001, 0.0 ] } },
{ "type": "Feature", "properties": { "Name": "SCB 1.3.05" }, "geometry": { "type": "Point", "coordinates": [ 73.142571742668594, 28.141710146504199, 0.0 ] } },
{ "type": "Feature", "properties": { "Name": "SCB 1.3.04" }, "geometry": { "type": "Point", "coordinates": [ 73.143131565268902, 28.141717735491699, 0.0 ] } },
{ "type": "Feature", "properties": { "Name": "SCB 1.3.03" }, "geometry": { "type": "Point", "coordinates": [ 73.143680704983396, 28.142344787999001, 0.0 ] } },
{ "type": "Feature", "properties": { "Name": "SCB 1.3.02" }, "geometry": { "type": "Point", "coordinates": [ 73.144565748797504, 28.1429763883433, 0.0 ] } },
{ "type": "Feature", "properties": { "Name": "SCB 1.3.01" }, "geometry": { "type": "Point", "coordinates": [ 73.144005919197099, 28.142968804904399, 0.0 ] } },
{ "type": "Feature", "properties": { "Name": "SCB 1.2.18" }, "geometry": { "type": "Point", "coordinates": [ 73.143760091748504, 28.144235378273599, 0.0 ] } },
{ "type": "Feature", "properties": { "Name": "SCB 1.2.17" }, "geometry": { "type": "Point", "coordinates": [ 73.143749407916502, 28.144854843875699, 0.0 ] } },
{ "type": "Feature", "properties": { "Name": "SCB 1.2.16" }, "geometry": { "type": "Point", "coordinates": [ 73.143301536612597, 28.1448487742691, 0.0 ] } },
{ "type": "Feature", "properties": { "Name": "SCB 1.2.15" }, "geometry": { "type": "Point", "coordinates": [ 73.142853665447902, 28.144842703199899, 0.0 ] } },
{ "type": "Feature", "properties": { "Name": "SCB 1.2.14" }, "geometry": { "type": "Point", "coordinates": [ 73.143738723745599, 28.145474309417999, 0.0 ] } },
{ "type": "Feature", "properties": { "Name": "SCB 1.2.13" }, "geometry": { "type": "Point", "coordinates": [ 73.143290849867498, 28.145468239654399, 0.0 ] } },
{ "type": "Feature", "properties": { "Name": "SCB 1.2.12" }, "geometry": { "type": "Point", "coordinates": [ 73.142842976128605, 28.1454621684282, 0.0 ] } },
{ "type": "Feature", "properties": { "Name": "SCB 1.2.11" }, "geometry": { "type": "Point", "coordinates": [ 73.142283134150802, 28.145454577338601, 0.0 ] } },
{ "type": "Feature", "properties": { "Name": "SCB 1.2.10" }, "geometry": { "type": "Point", "coordinates": [ 73.143728039235796, 28.146093774900699, 0.0 ] } },
{ "type": "Feature", "properties": { "Name": "SCB 1.2.09" }, "geometry": { "type": "Point", "coordinates": [ 73.143168193692006, 28.146086187271301, 0.0 ] } },
{ "type": "Feature", "properties": { "Name": "SCB 1.2.08" }, "geometry": { "type": "Point", "coordinates": [ 73.142720317413605, 28.146080115522299, 0.0 ] } },
{ "type": "Feature", "properties": { "Name": "SCB 1.2.07" }, "geometry": { "type": "Point", "coordinates": [ 73.142160472261395, 28.1460725237792, 0.0 ] } },
{ "type": "Feature", "properties": { "Name": "SCB 1.2.06" }, "geometry": { "type": "Point", "coordinates": [ 73.143381445103998, 28.146708687902301, 0.0 ] } },
{ "type": "Feature", "properties": { "Name": "SCB 1.2.05" }, "geometry": { "type": "Point", "coordinates": [ 73.1428215964727, 28.1467010987054, 0.0 ] } },
{ "type": "Feature", "properties": { "Name": "SCB 1.2.04" }, "geometry": { "type": "Point", "coordinates": [ 73.142373717724396, 28.1466950257023, 0.0 ] } },
{ "type": "Feature", "properties": { "Name": "SCB 1.2.03" }, "geometry": { "type": "Point", "coordinates": [ 73.143034846849901, 28.147323599785899, 0.0 ] } },
{ "type": "Feature", "properties": { "Name": "SCB 1.2.02" }, "geometry": { "type": "Point", "coordinates": [ 73.142474995130996, 28.147316009021299, 0.0 ] } },
{ "type": "Feature", "properties": { "Name": "SCB 1.2.01" }, "geometry": { "type": "Point", "coordinates": [ 73.142027113912604, 28.147309934763999, 0.0 ] } },
{ "type": "Feature", "properties": { "Name": "SCB 1.1.18" }, "geometry": { "type": "Point", "coordinates": [ 73.145674736452193, 28.1436110147576, 0.0 ] } },
{ "type": "Feature", "properties": { "Name": "SCB 1.1.17" }, "geometry": { "type": "Point", "coordinates": [ 73.145114903199698, 28.1436034356927, 0.0 ] } },
{ "type": "Feature", "properties": { "Name": "SCB 1.1.16" }, "geometry": { "type": "Point", "coordinates": [ 73.1446670367542, 28.143597370795501, 0.0 ] } },
{ "type": "Feature", "properties": { "Name": "SCB 1.1.15" }, "geometry": { "type": "Point", "coordinates": [ 73.144219170447698, 28.143591304435802, 0.0 ] } },
{ "type": "Feature", "properties": { "Name": "SCB 1.1.14" }, "geometry": { "type": "Point", "coordinates": [ 73.144324155891496, 28.143997735432499, 0.0 ] } },
{ "type": "Feature", "properties": { "Name": "SCB 1.1.13" }, "geometry": { "type": "Point", "coordinates": [ 73.144883990943001, 28.144005317824799, 0.0 ] } },
{ "type": "Feature", "properties": { "Name": "SCB 1.1.12" }, "geometry": { "type": "Point", "coordinates": [ 73.1453305065357, 28.1440898766236, 0.0 ] } },
{ "type": "Feature", "properties": { "Name": "SCB 1.1.11" }, "geometry": { "type": "Point", "coordinates": [ 73.1460015325017, 28.1441440821296, 0.0 ] } },
{ "type": "Feature", "properties": { "Name": "SCB 1.1.10" }, "geometry": { "type": "Point", "coordinates": [ 73.146449401560503, 28.1441501427731, 0.0 ] } },
{ "type": "Feature", "properties": { "Name": "SCB 1.1.09" }, "geometry": { "type": "Point", "coordinates": [ 73.147120283724107, 28.144212769732299, 0.0 ] } },
{ "type": "Feature", "properties": { "Name": "SCB 1.1.08" }, "geometry": { "type": "Point", "coordinates": [ 73.146782432553394, 28.144321420637802, 0.0 ] } },
{ "type": "Feature", "properties": { "Name": "SCB 1.1.07" }, "geometry": { "type": "Point", "coordinates": [ 73.146334562697504, 28.144315361048999, 0.0 ] } },
{ "type": "Feature", "properties": { "Name": "SCB 1.1.06" }, "geometry": { "type": "Point", "coordinates": [ 73.145886692980596, 28.144309299997701, 0.0 ] } },
{ "type": "Feature", "properties": { "Name": "SCB 1.1.05" }, "geometry": { "type": "Point", "coordinates": [ 73.145215666081, 28.144255093883899, 0.0 ] } },
{ "type": "Feature", "properties": { "Name": "SCB 1.1.04" }, "geometry": { "type": "Point", "coordinates": [ 73.144879764181496, 28.144250545498799, 0.0 ] } },
{ "type": "Feature", "properties": { "Name": "SCB 1.1.03" }, "geometry": { "type": "Point", "coordinates": [ 73.144319927856301, 28.144242963028798, 0.0 ] } },
{ "type": "Feature", "properties": { "Name": "SCB 1.1.02" }, "geometry": { "type": "Point", "coordinates": [ 73.144533183033104, 28.1448654621679, 0.0 ] } },
{ "type": "Feature", "properties": { "Name": "SCB 1.1.01" }, "geometry": { "type": "Point", "coordinates": [ 73.144299095218699, 28.145451218566802, 0.0 ] } },
{ "type": "Feature", "properties": { "Name": "SCB 6.3.11" }, "geometry": { "type": "Point", "coordinates": [ 73.129339458481496, 28.1470680745898, 0.0 ] } }
]
}
